"Odessa Trading Co","5099822661","9 W 1st St","Odessa","16600000","H P  Carstensen","Manager","Mal","3199","O","Odessa Trading Company","otc@odessaoffice.com","PO Box 277","ODESSA","WA","99159","5099822661","null","533102","Trading Posts","ODESSATRADING.COM;ODESSATRADING.NET","0","0"
"Canam Sun Steel","5098377008","2002 Morgan Rd","Sunnyside","13000000","Mike  Eckert","Plant Mgr","Mal","4774","C","Canam Sun Steel","emploi-cmi@canammanac.com","2002 Morgan Rd","Sunnyside","WA","98944","5082388253","5098377008","344898","Prefabricated Metal Buildings (Mfrs)","www.canammanac.com","0","0"
"PLAY NETWORK INC","4254978100","8727 148TH AVE NE","REDMOND","16000000","LON TROXEL","Chief Executive Office","M","5193","t","tom hession-herzog","jesse@playnetwork.com","16210 116th ST","REDMOND","WA","98052","4254978100","4254978181","7389","Business Services NEC","MUSICFORYOURBUSINESS.COM^^PLAYNETWORK.NET^^PLAYNETWORK.ORG^^PLAYNETWORKDEV.COM^^PLAYNETWORKONLINE.NE","0","0"
"GIDDENS INDUSTRIES","4253530405","2600 94TH ST SW # 150","EVERETT","20800000","DALE PEINECKE","President","M","6379","G","Giddens Industries","cah@giddens.com","9205 Airport Rd # 150","Everett","WA","98204","4253562716","4253530405","359903","Machine Shops","www.giddens.com","0","0"
"Platt Electric Supply Inc","3606994833","4117 NE Minnehaha St # B","Vancouver","11844000","Leon  Engelman","Manager","Mal","10433","P","Platt Electric Supply Inc","platt@workgroup.blueoil.net","4117 NE Minnehaha St # B","Vancouver","WA","98661","5032777494","3606994833","506330","Electric Equipment & Supplies-Wholesale","www.platt.com","0","0"
"Cedar Grove Composting Inc","4254322395","17825 Cedar Grove Rd SE","Maple Valley","17560000","Terry  Johnson","Plant Mgr","Mal","10748","C","Cedar Grove Composting Inc","infocg@cedar-grove.com","17825 Cedar Grove Rd SE","Maple Valley","WA","98038","4254327043","4254322395","509312","Recycling Centers (Wholesale)","www.cedar-grove.com","0","0"
"AMARR GARAGE DOORS","2538456613","22138 76TH AVE S","KENT","10800000","SCOTT WILLIAMS","Manager","M","14062","A","Amarr Garage Doors","ktolbert@amarr.com","22138 76th Ave S","Kent","WA","98032","7858655600","2538456613","521101","Doors-Garage","www.amarr.com","0","0"
"SECURITY STATE BANK","3607362861","1231 HARRISON AVE","CENTRALIA","20500000","SHIRLEY BILLINGS","Manager","F","16854","S","Security State Bank","offmg241@lamarhq.com","P;O;Box 1050","Centralia","WA","98531","3604588585","2536698955","609915","Banking Systems & Service","LAMARTACOMA.COM^^NWHORSESALES.COM^^SHOWYOURHORSE.COM^^THEOUTBACKSTABLES.COM","0","0"
"BANCARD SERVICES INTL","2538759100","18407 PACIFIC AVE S STE 4","SPANAWAY","11700000","MIKE HUFFMAN","President","M","17877","B","Bancard Services Intl","bsi@bsi-inc.net","18407 Pacific Ave S # 4","Spanaway","WA","98387","2538754620","2538759100","615302","Credit Card & Other Credit Plans","www.bsi-inc.net","0","0"
"HERTCO KITCHENS","3603801100","1810 SCOUT PL","FERNDALE","16000000","DOUG BLASCHUK","Manager","M","18030","H","Hertco Kitchens","debbie@hertco.com","1810 Scout Pl","Ferndale","WA","98248","3603801101","3603801100","571236","Cabinets","www.hertco.com","0","0"
"Metagenics","2538513943","9770 44th Ave NW # 100","Gig Harbor","12300000","Jeffrey  Bland","CEO","Mal","18648","M","Metagenics","jeffreybland@metagenics.com","2201 Second St., Ste. 600","Gig Harbor","WA","98332","2538519749","941-337-3434","804909","Offices and Clinics of Health Practitioners, NEC (mental health practitioners except physicians)","NULL","0","0"
"HELAC CORP","3608251601","225 BATTERSBY AVE","ENUMCLAW","16600000","DEAN WEYER","Chief Executive Office","M","20573","H","Helac Corp","fulfillment@helac.com","225 Battersby Ave","Enumclaw","WA","98022","3608251603","3608251601","353105","Contractors-Equipment-Manufacturers","www.helac.com","0","0"
"Davidson & Assoc Inc","2068249337","22220 Marine View Dr S # 200","Des Moines","22425000","Rod  Davidson","Owner","Mal","21634","D","Davidson & Assoc Inc","mwd@davidson.com","22220 Marine View Dr S # 200","Des Moines","WA","98198","2068789133","2068249337","504506","Data Communications Equip/Systems (Whol)","www.davidson.com","0","0"
"WATCH GUARD TECHNOLOGIES INC","2065218340","505 5TH AVE S STE 500","SEATTLE","24000000","JOE WANG","Chief Executive Office","M","21683","d","davidtakeuchi","davidt@watchguard.com","316OccidentalAveSouthSuite200","SEATTLE","WA","98104","2065218340","2065218341","5251","Tools","seattletools.com","0","0"
"Penn Cove Shell Fish LLC","3606784803","1900 Penn Cove Rd","Oak Harbor","14421000","Ian  Jefferds","Owner","Mal","22885","P","Penn Cove Shell Fish LLC","shellfish@penncoveshellfish.com","1900 Penn Cove Rd","Oak Harbor","WA","98277","3606780266","3606784803","514601","Seafood-Wholesale","www.penncoveshellfish.com","0","0"
"Jorgensen Forge","2067621100","8531 E Marginal Way S","Tukwila","24000000","Rick  Clemens","President","Mal","23499","J","Jorgensen Forge","jorgensensales@jorgensenforge.com","8531 E Marginal Way S","Tukwila","WA","98108","2067625414","2067621100","346201","Forgings (Manufacturers)","www.jorgensenforge.com","0","0"
"Alpha Technologies-Arlington","3604030445","17301 51st Ave NE","Arlington","19110000","Bob  Hamlin","Manager","Mal","26522","A","Alpha Technologies-Arlington","bsyvertson@alpha.com","17301 51st Ave NE","Arlington","WA","98223","6785849259","3604030445","179104","Metal Fabricators","www.alpha.com","0","0"
"Gary Struthers Assoc","4255190300","3150 Richards Rd","Bellevue","10560000","Garry  Struthers","CEO","Mal","26679","G","Gary Struthers Assoc","resumes@gsassoc-inc.com","3150 Richards Rd","Bellevue","WA","98005","4255190300","4255190300","873111","Environmental & Ecological Services","www.gsassoc-inc.com","0","0"
"UAP Northwest Fertilizer","5095456305","1010 E Kartchner St","Pasco","13300000","Steve  Peot","Manager","Mal","27808","U","UAP Northwest Fertilizer","matthew@spiremedia.com","1010 E Kartchner St","Pasco","WA","99301","3185741730","5095456305","519114","Fertilizers (Wholesale)","www.uap.com","0","0"
"Target","2538625660","9400 192nd Ave E","Bonney Lake","24300000","Josh  Leblanc","Manager","Mal","30609","T","Target","jdoe@target.com","9400 192nd Ave E","Bonney Lake","WA","98391","9095932421","2538625660","531102","Department Stores","www.target.com","0","1"
"OSO LUMBER & HARDWARE","3604749762","21015 STATE ROUTE 9 NE","ARLINGTON","16000000","MARC GLIESSMAN","Manager","M","33476","O","OSO Lumber & Hardware","inquiry@osolumber.com","21015 State Route 9 NE","Arlington","WA","98223","4253340345","3604358397","525104","Hardware-Retail","www.osolumber.com","0","0"
"Morse Construction Group","4254857461","5416 S 1st Ave","Everett","17500000","Raymond  Maw","President","Mal","36932","M","Morse Construction Group","dave@morsecg.com","5416 S 1st Ave","Everett","WA","98203","4252520945","4254857461","344304","Fabricated Plate Work-Boiler Shops","www.morsecg.com","0","0"
"Clipper Navigation Inc","2064485000","2701 Alaskan Way","Seattle","18500000","Darrell  Bryan","Owner","Mal","37146","C","Clipper Navigation Inc","kwaldeck@victoriaclipper.com","2701 Alaskan Way","Seattle","WA","98121","2064432583","2064485000","448201","Ferries","www.victoriaclipper.com","0","0"
"KPLY Inc","3604574421","439 Marine Dr","Port Angeles","17000000","Ernie  Van Ogle","Plant Mgr","Mal","38023","K","KPLY Inc","jan@kplyinc.com","439 Marine Dr","Port Angeles","WA","98363","3604571634","3604574421","243501","Plywood & Veneers-Manufacturers","www.kplyinc.com","0","0"
"HNTB CORP","4254553555","600 108TH AVE NE STE 900","BELLEVUE","22200000","DAN DIXON","President","M","39950","H","HNTB Corp","helpdesk@hntb.com","600 108th Ave NE # 900","Bellevue","WA","98004","2026541000","4254553555","871111","Engineers-Consulting","www.hntb.com","0","0"
"DRI-EAZ PRODUCTS INC","3607577776","15180 JOSH WILSON RD","BURLINGTON","12200000","CLAUDE BLACKBURN","President","M","43417","D","DRI-EAZ PRODUCTS; INC.","mikep@dri-eaz.com","15180 Josh Wilson Rd","BURLINGTON","WA","98233","3607577776","3607577950","074201","Animal services","DRIEAZ-INFLATABLE.COM;DRIEAZ-INFLATABLES.COM;DRIEAZ-PETS.COM;DRIEAZ.COM;DRIZONE.COM","0","2"
"MAXIM HEALTHCARE SVC","2536719909","2115 S 56TH ST STE 304","TACOMA","19000000","ROBERT KRAUSE","Manager","M","44175","M","Maxim Healthcare Svc","maximinfo@maxhealth.com","2115 S 56th St # 304","Tacoma","WA","98409","2288639006","2536719909","808201","Home Health Service","www.maxhealth.com","0","0"
"Johnson Controls Inc","4253986900","22745 29th Dr SE","Bothell","17622000","Perry  England","Manager","Mal","48549","J","Johnson Controls Inc","monica.j.levy@jci.com","22745 29th Dr SE","Bothell","WA","98021","8136352276","4253986900","382204","Controls Control Systems/Regulators-Mfrs","www.johnsoncontrols.com","0","0"
"LEE PETERSON MOTORS INC","5095756372","410 S 1ST ST","YAKIMA","17000000","LEE PETERSON","Owner","M","57016","L","Lee Peterson Motors","lpeterson@lpmotors.com","407 South First St","Yakima","WA","98901","5095756372","5094537982","559999","Ret Misc Vehicles Repair Services Plumbing/heating/air","c1hr.com/leepeterson","0","0"
"BARRON HEATING","3606761131","4176 MERIDIAN ST","BELLINGHAM","17500000","JOHN BARRON","Owner","M","61810","B","Barron Heating & Air Conditioning","billp@barronheating.com","4176 Meridian Street","Bellingham","WA","98226","3606761131","null","171198","Plumbing Heating & Air Conditioning","null","0","0"
"One Call","5098381018","229 N Ella Rd","Spokane Valley","22400000","Bill  Kerne","Manager","Mal","62265","O","One Call","onecall@onecall.com","229 N Ella Rd","Spokane Valley","WA","99212","5094448030","5098381018","367901","Electronic Equipment & Supplies-Mfrs","www.onecall.com","0","0"
"SAMSON ROPE TECHNOLOGIES INC","3603844669","2090 THORNTON ST","FERNDALE","11500000","STEVE SWIACKEY","Chief Executive Office","M","62598","T","The American Group","roconnor@theamericangroup.com","2090 Thornton Road","FERNDALE","WA","98248","3603844669","null","8999","Services NEC","SAMSONROPETECH.COM^^SAMSONROPETECHNOLOGIE.COM^^SAMSONROPETECHNOLOGIES.COM^^SAMSONROPETECHNOLOGY.COM^","0","0"
"HERRERA ENVIRONMENTAL CONSLNTS","2064419080","2200 6TH AVE STE 1100","SEATTLE","10000000","CARLOS E HERRERA","President","M","62903","H","Herrera Environmental Conslnts","hec@herrerainc.com","2200 6th Ave # 1100","Seattle","WA","98121","5032283373","2064419080","871120","Engineers-Environmental","www.herrerainc.com","0","0"
"Yoke's Fresh Market","5095850888","1410 W 27th Ave","Kennewick","18200000","Steve  Beckman","Manager","Mal","63423","Y","Yoke's Fresh Market","yokes@yokesfoods.com","9329 E Montgomery Ave","Spokane Valley","WA","99337","5099220776","5099241544","541105","Grocers","www.yokesfoods.com","0","0"
"CRUISE PLANNERS","5095258446","11 S 1ST AVE","WALLA WALLA","10100000","SHARLA RHODES","Manager","F","66045","C","Cruise Planners","Sharla.Rhodes@cruisecommander.com","NULL","Walla Walla","WA","99362","NULL","5095258446","472402","Travel Agencies & Bureaus","NULL","0","0"
"Us Castings","5097841001","14351 Shamel St","Entiat","13590000","John  Koegler","President","Mal","66322","U","Us Castings","J_Koegler@jarcousa.com","PO Box 678","Entiat","WA","98822","5097841201","5097841001","336502","Castings-Aluminum (Manufacturers)","NULL","0","0"
"NORSK REMODELING","4258813539","16528 CLEVELAND ST","REDMOND","10200000","PER DROPPING","Owner","M","68760","N","Norsk Remodeling","manuelf@consultant.com","20912 NE 117th St","REDMOND","WA","98052","4258293092","null","701107","Bed & Breakfast Accommodations","NLOGIX.COM","0","1"
"Evergreen Health Care","3608926628","4601 NE 77th Ave # 300","Vancouver","17000000","Andi  Martini","Owner","Mal","69373","E","Evergreen Health Care","638@gohip.com","4601 NE 77th Ave # 300","Vancouver","WA","98662","7063274493","3608926628","874242","Health Care Management","www.hbjkc.com","0","0"
"Option Care","3603362835","215 S 13th St","Mt Vernon","17940000","Charles  Usery","Manager","Mal","71445","O","Option Care","mfgpartnership@optioncare.net","215 S 13th St","Mt Vernon","WA","98274","7606305374","3603362835","504712","Hospital Equipment & Supplies (Whol)","www.optioncare.com","0","0"
"Barghausen Consulting Engr Inc","4252516222","18215 72nd Ave S","Kent","15800000","Tom  Barghausen","President","Mal","71748","B","Barghausen Consulting Engr Inc","cschafer@barghausen.com","18215 72nd Ave S","Kent","WA","98032","4252518782","4252516222","871110","Engineers-Civil","www.barghausen.com","0","0"
"Parkland Auto Ctr","2535362000","12918 Pacific Ave S","Tacoma","19410000","Alex  Moncada","Manager","Mal","74903","P","Parkland Auto Ctr","leads@parklandautocenter.com","12918 Pacific Ave S","Tacoma","WA","98444","2535397505","2535362000","551103","Automobile Dealers-Used Cars","www.parklandautocenter.com","0","1"
"CONCRETE TECHNOLOGY CORP","2533833545","1123 PORT OF TACOMA RD","TACOMA","20000000","JAMES R ANDERSON","President","M","76982","C","Concrete Technology Corp","jparkins@concretetech.com","1123 Port Of Tacoma Rd","Tacoma","WA","98421","2535729386","2533833545","327201","Concrete-Prestressed (Manufacturers)","www.concretetech.com","0","0"
"FINISHING TOUCH INC","4254863030","18311 BOTHELL EVERETT HWY","BOTHELL","10700000","SUSAN NICHOLAS","President","F","77129","F","Finishing Touch Inc","ftouch@mainpc.com","187 McCurdy Point Road","SEATTLE","WA","98012","4253376611","null","175299","Floor Laying Contractor","FINISHINGTOUCHFLOORS.COM","0","0"
"General Supply Inc","5092481241","201 N 2nd Ave","Yakima","12110000","Fran  Devitis","Manager","Fem","78563","G","General Supply Inc","fdevitis@amsan.com","201 N 2nd Ave","Yakima","WA","98902","5092483664","5092481241","508724","Janitors Equipment/Supplies (Wholesale)","www.generalsupply.com","0","0"
"Jones Radio Network","2067282741","2211 5th Ave","Seattle","10575000","Jim  Lamarca","Manager","Mal","79132","J","JONES MATCH MEDIA","kyle@bpradio.com","2211 5th Avenue","SEATTLE","WA","98121","2067282741","2064416582","7319","Media services","00MATCH.COM^^00MATCH.NET","0","0"
"HARDEL MUTUAL PLYWOOD CORP","3607400232","143 MAURIN RD","CHEHALIS","13500000","EMMANOUEL PILIARIS","Manager","M","79739","H","Hardel Mutual Plywood Corp","tracy@hardel.com","143 Maurin Rd","Chehalis","WA","98532","3607409619","3607400232","243501","Plywood & Veneers-Manufacturers","www.hardel.com","0","0"
"SPOKANE INDIANS BASEBALL CLUB","5095352922","602 N HAVANA ST","SPOKANE","11900000","CHRIS DUFF","Manager","M","81242","S","Spokane Indians Baseball Club","tickets@spokaneindiansbaseball.com","602 N Havana St","Spokane","WA","99202","5095345368","5095352922","799708","Baseball Clubs","www.spokaneindiansbaseball.com","0","0"
"PHOENIX CENTRAL LABS","4253555252","11620 AIRPORT RD # 100","EVERETT","15000000","FAYE STURTEVANT","Manager","F","81902","P","Phoenix Central Labs","custsrvc@pclv.net","11620 Airport Rd # 100","Everett","WA","98204","4253553676","4253555252","873411","Laboratories-Veterinary","www.pclv.net","0","0"
"D W Close Co","2062420058","4304 S 131st St","Tukwila","19800000","Michael  Hobbs","President","Mal","82209","D","D W Close Co","jeffc@dwclose.com","4304 S 131st St","Tukwila","WA","98168","2062422299","2062420058","173101","Electric Contractors","www.dwclose.com","0","2"
"Sound Glass Sales Inc","2534737477","5210 74th St W","Tacoma","15996000","Warren  Willoughby","Owner","Mal","88767","S","Sound Glass Sales Inc","dking@attnhounds.com","5210 74th St W","Tacoma","WA","98499","2534730849","2534737477","521107","Windows","www.soundglass.com","0","0"
"Morgan Stanley","3606960071","1701 SE Columbia River Dr #120","Vancouver","14525000","Harv  Lizarraga","Manager","Mal","89073","M","Morgan Stanley","creditor-relations@morganstanley.com","1701 SE Columbia River Dr #120","Vancouver","WA","98661","4154441250","3606960071","628205","Financial Planning Consultants","www.morganstanley.com","0","0"
"Lakeside Industries","3604915460","2416 Hogum Bay Rd NE","Lacey","16450000","Dean  Smith","Manager","Mal","90601","L","Lakeside Industries","lakeside@tusco.net","2416 Hogum Bay Rd NE","Lacey","WA","98516","3604593858","3604915460","161106","Asphalt & Asphalt Products","www.lakesideindustries.com","0","0"
"OIL CAN HENRYS","5094522299","2501 W NOB HILL BLVD","YAKIMA","14200000","JESSE MCWAIN","Manager","M","90942","O","Oil Can Henry's","shellyw@oilcanhenry.com","2501 W Nob Hill Blvd","Yakima","WA","98902","5094522299","","754903","Automobile Lubrication Service","www.oilcanhenry.com","0","0"
"YANTIS","2065830465","720 OLIVE WAY STE 1400","SEATTLE","11600000","ERIC OVERTON","President","M","92180","M","Michael R. Yantis Associates;  Inc","alanb@yantis.com","1809 - 7th Ave Suite 1609","SEATTLE","WA","98101","2065830465","2065830615","8999","Services NEC","yantis.com","0","0"
"RECO","5092485040","1515 W Ahtanum Rd","Union Gap","10200000","Steve  Clark","Owner","Mal","93562","R","RECO","steve@recoinc.com","1515 W Ahtanum Rd","Union Gap","WA","98903","5092487694","5092485040","507804","Refrigerating Equip-Coml (Wholesale)","www.recoinc.com","0","0"
"NORTHERN FRUIT CO","5098846651","220 2ND ST NE","E WENATCHEE","22400000","DOUG PAULY","Chief Executive Office","M","93632","N","Northern Fruit Co","nordic@northernfruit.com","220 3rd St NE","East Wenatchee","WA","98802","5098841990","5098846651","514805","Fruits & Vegetables-Growers & Shippers","www.northernfruit.com","0","2"
"LARSON DODGE","2538451725","300 RIVER RD","PUYALLUP","20200000","ROBERT LARSON","Owner","M","94513","L","Larson Motors Incorporated","lookdodge@looklarson.com","300 River Road","Puyallup","WA","98371","2538451725","2538451945","559999","Ret Misc Vehicles Repair Services Plumbing/heating/air","c1hr.com/larson","0","0"
"KITSAP TENANT SUPPORT SVC","3603734173","3331 KITSAP WAY STE A","BREMERTON","13300000","MICHAEL CLOSSER","Executive Director","M","96862","K","Kitsap Tenant Support Svc","msprague@kitsaphomecare.com","3331 Kitsap Way # A","Bremerton","WA","98312","3604791542","3603734173","808201","Home Health Service","www.kitsaphomecare.com","0","0"
"Wayne's Roofing","2538634455","13105 Houston Rd E","Sumner","10540000","Don  Guthrie","President","Mal","100632","W","Wayne's Roofing","don@waynesroofing.com","13105 Houston Rd E","Sumner","WA","98390","2538638311","2538634455","176109","Roofing Contractors","www.waynesroofing.com","0","0"
"PLYWOOD SUPPLY","4254858585","7036 NE 175TH ST","KENMORE","14600000","RALPH SWANSON SR","President","M","101911","P","Plywood Supply Inc","dmwalker@lightmail.com","PO Box 82300","KENMORE","WA","98028","4254858585","4254868550","5311","Retail shops","PLYWOODSUPPLY.COM","0","0"
"Flying Spot Film Transfer Inc","2064640744","1008 Western Ave # 201","Seattle","10990000","Pat  Sanford","Owner","Mal","103095","F","Flying Spot Film Transfer Inc","lori@flyingspot.com","1008 Western Ave # 201","Seattle","WA","98104","2064640416","2064640744","781211","Video Production & Taping Service","www.flyingspot.com","0","1"
"Chehalis Power","3607481300","1813 Bishop Rd","Chehalis","11704000","Duncan  Mccaig","Plant Mgr","Mal","103557","C","Chehalis Power","dmccaig@chehalispower.com","1813 Bishop Rd","Chehalis","WA","98532","3607401891","3607481300","491101","Electric Companies","www.chehalispower.com","0","0"
"Chukar Cherry Co","5097862055","320 Wine Country Rd","Prosser","21100000","Pam  Auld","President","Fem","104769","C","Chukar Cherry Co","chukar@chukar.com","320 Wine Country Rd","Prosser","WA","99350","5095458650","5097862055","514912","Fruits-Dried (Wholesale)","www.chukar.com","0","0"
"Aronson-Campbell Ind Supply","4253722000","1700 136th Pl NE","Bellevue","11000000","John  Buchberger","President","Mal","107623","A","Aronson-Campbell Ind Supply","arloab@aronson-campbell.com","1700 136th Pl NE","Bellevue","WA","98005","5032219842","4253722000","508522","Industrial Equipment & Supplies (Whol)","www.aronson-campbell.com","0","0"
"SPOKANE AIRPORT PARKING GARAGE","5094556466","9000 W AIRPORT DR STE 204","SPOKANE","22000000","IRVING REED","Chief Executive Office","M","108971","S","Spokane Airport Parking Garage","ehamilton@spokaneairports.net","9000 W Airport Dr # 204","Spokane","WA","99224","5096246633","5094556466","752102","Parking Stations & Garages","www.spokaneairports.net","0","0"
"Bechtel Corp","4258146600","12131 113th Ave NE","Kirkland","11060000","","","","109007","B","Bechtel Corp","bgpohan@bechtel.com","12131 113th Ave NE","Kirkland","WA","98034","5022442211","4258146600","871106","Engineers","www.bechtel.com","0","0"
"HUSKY TRUCK CTR","2067643833","11222 E MARGINAL WAY S","TUKWILA","14100000","LLOYD WRIGHT","Manager","M","109126","H","Husky Truck Ctr","lloydw@huskytrucks.com","11222 E Marginal Way S","Tukwila","WA","98168","2067643838","2067643833","551105","Truck-Dealers","www.huskytrucksseattle.com","0","2"
"ECOLITE MANUFACTURING CO","5099228888","9919 E MONTGOMERY DR","SPOKANE VALLEY","11400000","RONALD N CAFERRO","Owner","M","111025","E","Ecolite Manufacturing Co","adam@ecolite.com","9919 E Montgomery Dr","Spokane Valley","WA","99206","5099228866","5099228888","344613","Aluminum Ornamental Work (Mfrs)","www.ecolite.com","0","0"
"QUINCY FARM CHEMICALS INC","5097873556","PO BOX 307","QUINCY","12900000","PETER ROMANO","Owner","M","111182","Q","Quincy Farm Chemicals Inc","promano@qfcinc.com","PO Box 307","QUINCY","WA","98848","5097873556","null","019101","FARMS","QFCINC.COM","0","0"
"Spencer-Kinney Inc","5099466161","1100 Jadwin Ave","Richland","23240000","Davidson  Wood","Partner","Mal","113191","S","Spencer-Kinney Inc","webdev@citiesunlimited.com","1100 Jadwin Ave","Richland","WA","99352","7152617510","5099466161","628205","Financial Planning Consultants","www.marathoncounty.com","0","0"
"BPB GYPSUM INC","2067631550","5931 E MARGINAL WAY S","SEATTLE","24100000","LANNY DUNCAN","Manager","M","113371","B","Bpb Gypsum Inc","pamela.bush@bpb-na.com","5931 E Marginal Way S","Seattle","WA","98134","2067634655","2067631550","521104","Wallboard & Plasterboard","www.bpb-na.com","0","0"
"Ives Training & Compliance","3603644774","PO Box 3529","Blaine","10880000","Marlene  Mills","Owner","Fem","114978","I","Ives Training & Compliance","askbob@ivestraining.com","PO Box 3529","Blaine","WA","98231","3609452021","3603644774","508426","Material Handling Equipment (Wholesale)","www.ivestraining.com","0","0"
"Ajilon Consulting","4254551004","11711 SE 8th St # 303","Bellevue","13345000","Edward  Cox","Manager","Mal","114999","A","Ajilon Consulting","david.werner@ajilon.com","11711 SE 8th St # 303","Bellevue","WA","98005","2165732380","4254551004","737104","Data Systems Consultants & Designers","www.ajilonconsulting.com","0","0"
"PACIFIC RAINIER ROOFING","2063672524","10735 STONE AVE N","SEATTLE","17500000","MONTY MOORE","President","M","117661","P","Pacific Rainier Roofing","pacrainroof@megapathdsl.net","10735 Stone Ave N","SEATTLE","WA","98133","2063672525","null","176109","Roofing Contractors","PACIFICRAINIERROOFING.COM","0","0"
"Rural Metro Ambulance","4256723555","6405 218th St SW # 201","Mountlake Ter","16520000","Brian  Burnett","Plant Mgr","Mal","119221","R","Rural Metro Ambulance","kim_dell@rmetro.com","6405 218th St SW # 201","Mountlake Ter","WA","98043","4257713891","4256723555","411902","Ambulance Service","www.ruralmetro-pnw.com","0","0"
"Kettle Falls Generating Sta","5097382449","1151 Highway 395 N","Kettle Falls","18480000","Dean  Hull","Manager","Mal","122222","K","Kettle Falls Generating Sta","askchristine@avistautilities.com","1151 Highway 395 N","Kettle Falls","WA","99141","5097382598","5097382449","491101","Electric Companies","www.avistacorp.com","0","0"
"Chewelah Casino","5099356167","2555 Smith Rd","Chewelah","17380000","Marjorie  Zarate","Manager","Fem","122409","C","Chewelah Casino","todds@chewelahcasino.net","2555 Smith Rd","Chewelah","WA","99109","5099354554","5099356167","703301","Campgrounds","www.chewelahcasino.com","0","1"
"PACIFIC FABRICS & CRAFTS","3604794214","4214 WHEATON WAY","BREMERTON","11700000","CHARLES RUTHERFORD","Manager","M","123088","P","Pacific Fabrics & Crafts","shopping@pacificfabrics.com","4214 Wheaton Way","Bremerton","WA","98310","3604796885","3604794214","594902","Fabric Shops","www.pacificfabrics.com","0","2"
"Casey Education System Inc","3608921298","1201 SE Tech Center Dr # 110","Vancouver","11700000","Bob  Rondeau","Owner","Mal","124395","C","Casey Education System Inc","hris.casey1@btopenworld.com","1201 SE Tech Center Dr # 110","Vancouver","WA","98683","8158759005","3608921298","384398","Dental Equipment & Supplies-Mfrs","www.casey.com","0","0"
"Bobcat West","2067604310","9892 40th Ave S","Seattle","13320000","Tommy  Thompson","Manager","Mal","127331","B","Bobcat West","user@example.com","9892 40th Ave S","Seattle","WA","98118","2027853579","2067604310","508206","Contractors-Equip/Supls-Dlrs/Svc (Whol)","www.aids-alliance.org","0","0"
"RICK STEVES EUROPE THROUGH","4257718303","130 4TH AVE N","EDMONDS","22200000","RICK STEVES","Owner","M","127354","R","Rick Steve''s Europe Through","brooke@ricksteves.com","1300 4th Ave N","Edmonds","WA","98020","4257718303","4257718303","472402","Travel Agencies & Bureaus","www.ricksteves.com","0","0"
"Gray & Osborne Inc","2062840860","701 Dexter Ave N # 200","Seattle","22120000","","","","130001","G","Gray & Osborne Inc","psoboleski@g-o.com","701 Dexter Ave N # 200","Seattle","WA","98109","2062833206","2062840860","871111","Engineers-Consulting","www.g-o.com","0","0"
"RAILWORKS TRACKS INC","3602629444","274 US HIGHWAY 12","CHEHALIS","10000000","DAVE LANDRETH","Manager","M","131692","R","Railworks Tracks Inc","ckdurden@railworks.com","274 Us Highway 12","Chehalis","WA","98532","4098425095","3602629444","162908","Railroad Contractors","www.railworks.com","0","0"
"Eco Lights Northwest","2063431247","2200 6th Ave S","Seattle","10975000","Craig  Lorch","Owner","Mal","131708","E","Eco Lights Northwest","pkeller@totalreclaim.com","2200 6th Ave S","Seattle","WA","98134","2063437445","2063431247","509312","Recycling Centers (Wholesale)","www.totalreclaim.com","0","0"
"Northwest Harley-Davidson","3607058515","8000 Freedom Ln NE","Lacey","13240000","Steve  Boone","Manager","Mal","132907","N","Northwest Harley-Davidson","jruse@nwharley.com","8000 Freedom Ln NE","Lacey","WA","98516","3607058532","3607058515","557106","Motorcycles & Motor Scooters-Dealers","www.nwharley.com","0","0"
"United Paint & Coatings","5099267143","19011 E Cataldo Ave","Spokane Valley","14000000","Keith  Coultrap Ii","Owner","Mal","133576","U","United Paint & Coatings","dana@unitedcoatings.com","19011 E Cataldo Ave","Spokane Valley","WA","99016","5099281116","5099267143","285104","Manufacturers-Coatings","www.unitedcoatings.com","0","0"
"Riverfront Park","5096256600","507 N Howard St","Spokane","15540000","Craig  Butz","Manager","Mal","133894","R","Riverfront Park","ddodson@spokaneriverfrontpark.com","507 N Howard St","Spokane","WA","99201","5096256630","5096256600","799951","Provincial Parks","www.spokaneriverfrontpark.com","0","0"
"Capstone Construction Co","5094684981","2917 E Francis Ave","Spokane","11800000","Pat  Cummings","President","Mal","134040","C","Capstone Construction Co","mvanleuven@amsworld.com","2917 E Francis Ave","Spokane","WA","99208","5094685081","5094684981","152139","Remodeling & Repairing Bldg Contractors","www.capstoneconstruction.bizland.com","0","0"
"White Pass Ski Area","5096723101","48935 Us Highway 12","Naches","17250000","Kevin  Mc Carthy","Manager","Mal","135181","W","White Pass Ski Area","majordomo@skiwhitepass.com","48935 Us Highway 12","Naches","WA","98937","5096723123","5096723101","701110","Skiing Centers & Resorts","www.skiwhitepass.com","0","1"
"Triarc Electric Supply Co","2536278488","1502 Center St","Tacoma","18200000","Phyllis  Holloway","Manager","Fem","136125","T","Triarc Electric Supply","eileen@triarcelectric.com","2914 S Cushman","TACOMA","WA","98409","2536278488","2532722163","173101","Electric Contractors","triarcelectric.com","0","2"
"Shumate Harley Davidson","5099286811","6815 E Trent Ave","Spokane Valley","10923000","Dave  Thomas","Manager","Mal","136547","S","Shumate Harley Davidson","rentals.spokane@hd.com","6815 E Trent Ave","Spokane Valley","WA","99212","5099288164","5099286811","557106","Motorcycles & Motor Scooters-Dealers","www.shumateharleydavidson.com","0","0"
"Manor Hardware & Construction","4257782841","18021 Alderwood Mall Pkwy","Lynnwood","21312000","Robert  Duncan","President","Mal","136644","M","Manor Hardware & Construction","rob@manorhardware.com","18021 Alderwood Mall Pkwy","Lynnwood","WA","98037","4257755589","4257782841","508206","Contractors-Equip/Supls-Dlrs/Svc (Whol)","www.manorhardware.com","0","0"
"VALLEY MANUFACTURED HOUSING","5098399409","1717 S 4TH ST","SUNNYSIDE","17600000","DARIN BERGER","President","M","137277","V","Valley Manufactured Housing","arthur.berger@fleetwoodhomestexas.com","1717 S 4th St","Sunnyside","WA","98944","5098399417","509-839-9409","2451","Mobile Homes","NULL","0","0"
"Alderbrook Inn","3608982200","10 E Alderbrook Dr","Union","15000000","Pamela  Graber","Manager","Fem","138583","A","Alderbrook Inn","spa@alderbrookresort.com","10 E Alderbrook Dr","Union","WA","98592","3608984610","3608982200","701111","Resorts","www.alderbrookresort.com","0","1"
"NICHOLS BROTHERS BOAT BUILDERS","3603315500","5400 CAMERON RD","FREELAND","18300000","MATTHEW J NICHOLS","Chief Executive Office","M","140369","N","Nichols Brothers Boat Builders","matthew.nichols@nicholsboats.com","PO Box 580","Freeland","WA","98249","3603317484","3603315500","3732","Boat Building and Repairing (boat building)","NULL","0","0"
"NORTHWEST METAL PRODUCTS CO","2539261600","3011 70TH AVE E","FIFE","15600000","MARK COMFORT","Senior Vice-President","M","142816","N","Northwest Metal Products Co","dorothy@nwmetalproducts.com","3011 70th Ave E","Fife","WA","98424","2539263056","2539261600","344403","Sheet Metal Fabricators","www.nwmetalproducts.com","0","0"
"Celite Corp","5097874575","16419 Road 10.5 NW","Quincy","23485000","John  Moritz","Plant Mgr","Mal","143003","C","Celite Corp","omofomam@worldminerals.com","16419 Road 10.5 NW","Quincy","WA","98848","8508751490","5097874575","329506","Diatomaceous Earth (Manufacturers)","www.worldminerals.com","0","0"
"Micro Computer Systems Inc","4257787337","16531 13th Ave W # 201","Lynnwood","19300000","Gary  Gill","Owner","Mal","143526","M","Micro Computer Systems Inc","edu@k12connected.com","16531 13th Ave W # 201","Lynnwood","WA","98037","4257783050","4257787337","737801","Computers-Service & Repair","www.k12connected.com","0","0"
"Hughes Supply Inc","2067224800","10013 M L King Jr Way S","Seattle","15000000","Lowell  Aganti","Manager","Mal","146548","H","Hughes Supply Inc","tom.ruppenthal@hughessupply.com","10013 M L King Jr Way S","Seattle","WA","98178","2067229477","2067224800","505107","Pipe-Wholesale","www.leaks.com","0","0"
"INTERLOCK INDUSTRIES","4254388585","1420 80TH ST SW E","EVERETT","17500000","","Unknown","","147454","I","Interlock Industries","hrdept@interlockroofing.com","7505 Hardeson Rd # 400","Everett","WA","98203","4254388577","4254388585","176109","Roofing Contractors","www.interlockroofing.com","0","0"
"Home Guard Security Svc","2065215678","150 12th Ave","Seattle","19740000","","","","147751","H","Home Guard Security Svc","privacy.officer@chubbsecurity.com","150 12th Ave","Seattle","WA","98122","2065215340","2065215678","506324","Burglar Alarm Systems (Wholesale)","www.homeguardsecurity.com","0","0"
"Campbell & Bruce","5095459848","2828 W Irving St","Pasco","14600000","Mike  Campbell","Owner","Mal","148205","C","Campbell & Bruce","micron@callcampbell.com","2828 W Irving St","Pasco","WA","99301","5095451692","5095459848","171117","Air Conditioning Contractors & Systems","www.campbellandbruce.com","0","0"
"DAN WILDER NISSAN VOLKSWAGEN","3604529268","97 DEER PARK RD","PORT ANGELES","20200000","DAN WILDER","Owner","M","148367","W","Wilder Automotive Center","nada@wilderauto.com","97 Deer Park Rd","Port Angeles","WA","98362","3604529268","3604578679","7549","Automotive services","wilderauto.com","0","0"
"Offway Motors","2534740967","4850 S Washington St","Tacoma","20057000","Mike  Klester","Owner","Mal","148882","O","Offway Motors","pat@offway.com","4850 South Washington","TACOMA","WA","98409","2534740967","2534740987","559999","Ret Misc Vehicles Repair Services Plumbing/heating/air","OFFWAY.COM","0","0"
"Reid Middleton Inc","4257413800","728 134th St SW # 200","Everett","13588000","Hugh  Townsend","CEO","Mal","149110","R","Reid Middleton Inc","i_planner@reidmidd.com","728 134th St SW # 200","Everett","WA","98204","4257413900","4257413800","871111","Engineers-Consulting","www.reidmidd.com","0","0"
"GRAYS HARBOR PAPER CO","3605329600","801 23RD ST","HOQUIAM","13500000","WILLIAM QUIGG","President","M","149264","G","Grays Harbor Paper Co","thopsecger@ghplp.com","801 23rd St","Hoquiam","WA","98550","3605385636","3605329600","262101","Paper-Manufacturers","www.ghplp.com","0","0"
"HOLMAN DISTRIBUTION CTR","2538727140","22430 76TH AVE S","KENT","12800000","JUNE HALLIN","Vice-President","F","151731","H","Holman Distribution Ctr","m_hobbs@holmanusa.com","22430 76th Ave S","Kent","WA","98032","2533950335","2538727140","422505","Warehouses-Merchandise & Self Storage","www.holmandist.com","0","0"
"Truss Co & Building Supply Inc","2538635555","2802 142nd Ave E","Sumner","11780000","William  Matheny","President","Mal","151917","T","Truss Co & Building Supply Inc","clifff@thetrussco.com","2802 142nd Ave E","Sumner","WA","98390","2538911168","2538635555","176108","Roof Structures","www.thetrussco.com","0","0"
"ORANDO FRUIT CO INC","5097841452","21 ORONDO LOOP RD","ORONDO","12500000","MARCUS GRIGGS","Owner","M","151967","O","Orando Fruit Co Inc","char@orondofruit.com","21 Orondo Loop Rd","Orondo","WA","98843","5097842808","5097841452","514805","Fruits & Vegetables-Growers & Shippers","www.orondofruit.com","0","2"
"EL ORO CATTLE FEEDERS","5093492321","18857 ROAD 2.7 SE","MOSES LAKE","13100000","DAVID SECRIST","Manager","M","152030","E","El Oro Cattle Co","dave.otto@agribeef.com","18857 Road 2.7 SE","Moses Lake","WA","98837","5093492321","5093492272","021101","Livestock Feeding","www.agribeef.com","0","0"
"Accor Technology","5096620608","337 E Penny Rd","Wenatchee","10100000","Donna  Kaysen","Plant Mgr","Fem","153968","A","Accor Technology","jims@accortechnology.com","337 E Penny Rd","Wenatchee","WA","98801","5096643233","5096620608","349498","Valves & Pipe Fittings Nec (Mfrs)","www.accortechnology.com","0","0"
"Eastside Harley-Davidson","4257022000","13131 NE 20th St","Bellevue","13240000","Todd  Thompson","Manager","Mal","155159","E","Eastside Harley-Davidson","ehdsales@eastsideharley.com","13131 NE 20th St","Bellevue","WA","98005","4257022100","4257022000","557106","Motorcycles & Motor Scooters-Dealers","www.eastsideharley.com","0","0"
"BAY FORD","3608764484","1215 BAY ST","PORT ORCHARD","20200000","WILLIAM QUISENBERRY","Owner","M","155231","B","Bay Ford","kraigq@handtechisp.com","1215 Bay Street","PORT ORCHARD","WA","98366","3608764484","3608951076","019101","FARMS","BAYFORD.COM","0","0"
"Kelly Home Care Svc","5099279111","200 N Mullan Rd # 120","Spokane Valley","24500000","Lisa  Rodriguez","Manager","Fem","157421","K","Kelly Home Care Svc","kellyservices002@prtc.net","200 N Mullan Rd # 120","Spokane Valley","WA","99206","3307624218","5099279111","808201","Home Health Service","www.kellyservices.com","0","0"
"PACIFIC INTEGRATED HANDLING","2535355888","10215 PORTLAND AVE E","TACOMA","10200000","MIKE SIDOR","President","M","157865","P","Pacific Integrated Handling","salessw@pacificintegrated.com","10215 Portland Ave E","Tacoma","WA","98445","2535355939","2535355888","508426","Material Handling Equipment (Wholesale)","www.pacificintegrated.com","0","0"
"Hozack Inc","4252911650","7877 S 180th St","Kent","18880000","Scott  Taylor","Owner","Mal","158666","H","Hozack Inc","kwildin@hozack.com","7877 S 180th St","Kent","WA","98032","4256568109","4252911650","509908","Manufacturers-Agents & Representatives","www.hozack.com","0","0"
"Pallet Services Inc","3604248171","12998 Farm To Market Rd","Mt Vernon","17250000","Darren  Bronco","Owner","Mal","159489","P","Pallet Services Inc","ben@palletservices.com","12998 Farm To Market Rd","Mt Vernon","WA","98273","5032521399","3604248171","244801","Pallets & Skids-Manufacturers","www.palletservices.com","0","0"
"Olympic Telephone","3603574179","2803 29th Ave SW","Tumwater","23230000","Doug  Barton","Owner","Mal","159724","O","Olympic Telephone","olytelephone@olytelephone.com","2803 29th Ave SW","Tumwater","WA","98512","3607541870","3603574179","506563","Telecommunication Equip/Syst-Whol/Mfrs","www.olytelephone.com","0","0"
"ONVIA INC","2062825170","1260 MERCER ST","SEATTLE","16700000","MICHAEL D PICKETT","Chief Executive Office","M","159869","G","Glenn Ballman","sysadmin@onvia.com","1000 Dexter Avenue North Suite 400","SEATTLE","WA","98109","2062825170","2062825171","8999","Services NEC","GLENN-BALLMAN.COM^^GLENNBALLMAN.NET^^GLENNBALLMAN.ORG^^GLOBE-1.COM^^UNOCAT.COM","0","0"
"Electro Heavy Equipment","3606938265","7525 NE 47th Ave","Vancouver","14360000","Jack  Schiefelbein","Owner","Mal","160560","E","Electro Heavy Equipment","esales@electroinc.com","7525 NE 47th Ave","Vancouver","WA","98661","3606938647","3606938265","353101","Machinery-Manufacturers","www.electroinc.com","0","0"
"VALLEY CADILLAC GMC","3604247111","2400 RIVERSIDE DR","MOUNT VERNON","24200000","REGNAR PETTERSSEN","Owner","M","161777","R","RAGNAR PETTERSSON","valleyolds@valleyint.com","2400 RIVERSIDE DR.","MOUNT VERNON","WA","98273","3604247111","null","738901","Auctioneers","CADILLACOFBELLEVUE.COM^^CADILLACOFSEATTLE.COM^^CADILLACOFWASHINGTON.COM^^SKAGITCOUNTYAUCTION.COM^^SK","0","1"
"HASKINS STEEL CO INC","5095350657","3613 E MAIN AVE","SPOKANE","21400000","CRAIG DIAZ","Manager","M","162005","H","Haskins Steel Co Inc","dwrig@haskinssteelinc.com","3613 E Main Ave","Spokane","WA","99202","5095358167","5095350657","505106","Steel-Distributors & Warehouses","www.haskinssteelinc.com","0","0"
"GENERAL STOREFRONTS","4252522813","3314 CEDAR ST","EVERETT","10200000","BILL GEORGE","Owner","M","162449","G","General Storefronts","spam-service@genstorefront.com","3314 Cedar St","Everett","WA","98201","4252595582","4252522813","154203","Store Fronts","www.genstorefront.com","0","0"
"EMERALD HOME FURNISHINGS","2539221400","3025 PIONEER WAY E","TACOMA","21300000","DAVID BECKMAN","Owner","M","162541","E","Emerald Home Furnishings","inquiry@emeraldhome.com","3025 Pioneer Way E","Tacoma","WA","98443","2539221400","2539223747","502107","Furniture-Dealers-Wholesale","www.emeraldhome.com","0","0"
"ATTBAR INC","3608873580","5985 S 6TH WAY","RIDGEFIELD","10500000","JOE VOLZ","President","M","162783","A","Attbar Inc","aquapod@attbar.com","5985 S 6th Way","Ridgefield","WA","98642","3608873577","3608873580","329601","Fiber Glass Fabricators","www.attbar.com","0","0"
"LAWYER NURSERY INC","3604561839","7515 MERIDIAN RD SE","OLYMPIA","10000000","JOHN LAWYER","President","M","163187","L","Lawyer Nursery Inc","seeds@lawyernursery.com","7515 Meridian Rd SE","Olympia","WA","98513","4068265700","3604561839","519306","Nurseries-Plants Trees & Etc-Wholesale","www.lawyernursery.com","0","0"
"Rubatino Refuse Removal Inc","4252590044","2812 Hoyt Ave","Everett","12100000","Ed  Rubatino","Owner","Mal","163936","R","Rubatino Refuse Removal Inc","larry@rubatino.com","2812 Hoyt Ave","Everett","WA","98201","4253394196","4252590044","495302","Garbage Collection","www.rubatino.com","0","0"
"Columbia Electric Supply","5095479733","1913 W A St","Pasco","10528000","Keith  Haworth","Manager","Mal","164044","C","Columbia Electric Supply","rbement@ces-pasco.com","1913 W A St","Pasco","WA","99301","5095475386","5095479733","506330","Electric Equipment & Supplies-Wholesale","www.ces-pasco.com","0","0"
"BOX MAKER INC","4252515428","6230 S 190TH ST","KENT","21300000","DAVE HILL","Owner","M","165730","B","Box Maker Inc","tonil@boxmaker.com","6412 S 190th St","Kent","WA","98032","5036926992","4252515428","267201","Labels-Paper (Manufacturers)","www.boxmaker.com","0","0"
"Acme Construction Supply","2064641480","4747 1st Ave S","Seattle","16650000","Tom  Wagner","Manager","Mal","166048","A","Acme Construction Supply","randya@acmetool.com","4747 1st Ave S","Seattle","WA","98134","5032333058","2064641480","508206","Contractors-Equip/Supls-Dlrs/Svc (Whol)","www.acmetool.com","0","0"
"STRAND APPLES INC","5096784501","PO BOX 56","COWICHE","17900000","ROGER STRAND","President","M","166055","S","Strand Apples","atp@airnett.com","150 Cowichee City Road","COWICHE","WA","98923","5096784501","null","017505","Apples","strandapples.com","0","0"
"Automatic Data Processing","4259083870","18702 N Creek Pkwy # 100","Bothell","20600000","David  Darbutt","Manager","Mal","167076","A","Automatic Data Processing","es_privacy@adp.com","18702 N Creek Pkwy # 100","Bothell","WA","98011","9095926529","4259083870","872106","Payroll Preparation Service","www.adp.com","0","0"
"GULICK TRUCKING","3606990999","3000 SE HIDDEN WAY STE 40E","VANCOUVER","13800000","BILL GULICK","Owner","M","168570","G","Gulick Trucking","glenn@gulicktrucking.com","3000 SE Hidden Way # 40e","Vancouver","WA","98661","3606991397","3606990999","421303","Trucking-Transportation Brokers","www.gulicktrucking.com","0","0"
"CASCADE FIRE PROTECTION CO","5097839773","5104 W BRINKLEY RD","KENNEWICK","11200000","MALON COWGILL","President","M","168898","C","Cascade Fire Protection Co","acowgill@cascadefireprotection.com","5104 W Brinkley Rd","Kennewick","WA","99338","5097834403","5097839773","508734","Sprinklers-Automatic-Fire (Wholesale)","www.cascadefireprotection.com","0","0"
"Albrecht Birkenbuel Inc","4257094179","6029 238th St SE # 130","Woodinville","18060000","Dick  Birkenbuel","Owner","Mal","169784","A","Albrecht Birkenbuel Inc","abi@abi-inc.com","6029 238th St SE # 130","Woodinville","WA","98072","4253988556","4257094179","177105","Concrete Contractors","www.abi-inc.com","0","0"
"ECCO Recycles","2538139736","1621 Central Ave S","Kent","10860000","Mike  Stead","Owner","Mal","170914","E","ECCO Recycles","karen@eccorecycles.com","1621 Central Ave S","Kent","WA","98032","2538139783","2538139736","573405","Computers-Dealers-Used","www.eccorecycles.com","0","0"
"JANICKI INDUSTRIES","3608565143","1476 MOORE ST","SEDRO WOOLLEY","24900000","PETER JANICKI","Owner","M","171202","J","Janicki Machine Design","krutherford@janicki.com","24595 State Route 20","SEDRO WOOLLEY","WA","98284","3608565143","3608560372","8999","Services NEC","JANICKI.COM^^JANICKIMACHINE.COM","0","0"
"World Wide Packets Inc","5092429000","115 N Sullivan Rd","Spokane Valley","24975000","Dave  Curry","President","Mal","171883","W","World Wide Packets Inc","resumes@wwp.com","115 N Sullivan Rd","Spokane Valley","WA","99037","5092429001","5092429000","481304","Telephone Companies","www.worldwidepackets.com","0","0"
"PACIFIC MOBILE STRUCTURES INC","3607480121","1554 BISHOP RD","CHEHALIS","11900000","RICHARD HAAKENSON","Chief Executive Office","M","172289","P","Pacific Mobile Structures Inc","pmsi@pacificmobile.com","1554 Bishop Rd","Chehalis","WA","98532","5037222988","3607480121","154212","Buildings-Pre-Cut Prefabricated/Modular","www.pacificmobile.com","0","0"
"HANKYU INTERNATIONAL TRANSPORT","2068783800","855 S 192ND ST STE 100","SEATAC","13800000","KYOJI FUKUMOTO","Manager","M","172585","H","Hankyu International Transport","t.kawamura@hankyu-usa.com","855 S 192nd St # 100","Seatac","WA","98148","3108843777","2068783800","473104","Freight-Forwarding","www.hankyu-usa.com","0","0"
"ITEX Corp","4254634000","3625 132nd Ave SE # 200","Bellevue","10283000","Steven M  White","CEO","Mal","172940","I","ITEX Corp","barb@itex.com","3625 132nd Ave SE # 200","Bellevue","WA","98006","2102811111","4254634000","623101","Barter & Trade Exchange","www.itex.com","0","0"
"Tapani Undgerground","3606871148","1904 SE 6th Pl","Battle Ground","23850000","Kevin  Tapani","President","Mal","173022","T","Tapani Undgerground","name@something.com","1904 SE 6th Pl","Battle Ground","WA","98604","3606877968","3606871148","179403","Excavating Contractors","www.tapaniunderground.com","0","0"
"Bear Creek Fine Foods","4258060751","19810 141st Pl NE","Woodinville","12507000","Micheal  Chittick","Owner","Mal","173336","B","Bear Creek Fine Foods","sharon@bearcreekfinefoods.com","19810 141st Pl NE","Woodinville","WA","98072","4258060792","4258060751","514101","Food Products (Wholesale)","www.bearcreekfinefoods.com","0","0"
"Nlight Photonics","3605664460","5408 NE 88th St","Vancouver","13360000","Scott  Keeney","CEO","Mal","174058","N","Nlight Photonics","Scott.Keeney@nlightphotonics.com","5408 NE 88th St","Vancouver","WA","98665","6192948748","619-686-2700","7373","Computer Integrated Systems Design","NULL","0","0"
"Vera Water & Power District","5099243800","601 N Evergreen Rd","Spokane Valley","20328000","Kevin  Wells","Manager","Mal","174084","V","Vera Water & Power District","gail@verawaterandpower.com","601 N Evergreen Rd","Spokane Valley","WA","99216","5099223929","5099243800","491101","Electric Companies","www.verawaterandpower.com","0","0"
"Killer River Operations","5097753157","363 Fish Hatchery Rd","Republic","21518000","Robert  Taylor","Manager","Mal","175626","K","Killer River Operations","tracey.thom@kinross.com","363 Fish Hatchery Rd","Republic","WA","99166","5097753447","5097753157","149901","Mining Companies","www.kinross.com","0","0"
"Carlile Transportation","2538742633","35225 Enchanted Pkwy S","Federal Way","10570000","Linda  Leary","Owner","Fem","176378","C","Carlile Transportation","mquinn@carlile.biz","35225 Enchanted Pkwy S","Federal Way","WA","98003","2538748615","2538742633","421309","Trucking-Motor Freight","www.carlile.biz","0","0"
"BOATWORKS DAY ISLAND","2534601761","9011 S 19TH ST","TACOMA","10500000","CHRIS KOOLEY","Owner","M","176898","B","Boatworks Day Island","warranty@dibw.com","9011 S 19th St","Tacoma","WA","98466","2535652136","2534601761","555104","Boat Dealers Sales & Service","www.dayislandboatworks.com","0","0"
"Northwest Pipeline Corp","5095449216","606 S Oregon Ave","Pasco","11440000","","","","177163","N","Northwest Pipeline Corp","tedieck@duke-energy.com","606 S Oregon Ave","Pasco","WA","99301","6168780659","5095449216","461201","Pipe Line Companies","www.williams.com","0","0"
"Pro-Comm","4257749099","19630 40th Ave W # B","Lynnwood","13160000","Bob  Davis","Owner","Mal","177585","P","Pro-Comm","momx4@direcway.com","19630 40th Ave W # B","Lynnwood","WA","98036","4257746317","4257749099","506304","Security Control Equip & Systems-Whol","www.pro-comm-online.com","0","0"
"C-TECH INDUSTRIES","3608331600","4275 NW PACIFIC RIM BLVD","CAMAS","22800000","ANDREW GALE","Owner","M","177966","L","Lonnie Knotts","lonniek@c-techindustries.com","4275 NW Pacific Rim Blvd  Camas","CAMAS","WA","98607","3608331600","null","152106","Designers","gosigns.com","0","0"
"COLUMBIA/OKURA","3607351952","301 GROVE ST # A","VANCOUVER","11100000","RICK GOODE","President","M","178549","C","Columbia/Okura","julsin@colmac.com","301 Grove St # A","Vancouver","WA","98661","3609051707","3607351952","508426","Material Handling Equipment (Wholesale)","www.columbiamachine.com","0","0"
"ALL-WOOD COMPONENTS INC","5094527494","3205 BAY ST","UNION GAP","11600000","RON DOBRAUC","Manager","M","178550","A","All-Wood Components Inc","yvonne@allwoodcomp.com","3205 Bay St","Union Gap","WA","98903","5094527655","5094527494","259901","Furniture-Manufacturers","www.allwoodcomp.com","0","0"
"HOLADAY-PARKS INC","2062489700","4600 S 134TH PL","TUKWILA","10500000","GERALD T PARKS JR","Owner","M","178880","H","Holaday-Parks Inc","controls@holadayparks.com","4600 S 134th Pl","Tukwila","WA","98168","2062488700","2062489700","171114","Mechanical Contractors","www.holadayparks.com","0","0"
"Cully Enterprises Inc","2067899360","4200 9th Ave NW","Seattle","15730000","Pat  Mc Dermot","CEO","Mal","178935","C","Cully Enterprises Inc","sbertram@minerallac.com","4200 9th Ave NW","Seattle","WA","98107","2067899362","2067899360","573117","Electronic Equipment & Supplies-Retail","www.cully.com","0","0"
"First Aid Only","3602549291","11101 NE 37th Cir","Vancouver","23520000","Mark  Miller","Owner","Mal","179067","F","First Aid Only","industrialprod@firstaidonly.com","11101 NE 37th Cir","Vancouver","WA","98682","3602549761","3602549291","384211","First Aid Supplies-Manufacturers","www.firstaidonly.com","0","0"
"Ryzex Re-Marketing","3607349131","4600 Ryzex Way","Bellingham","10700000","Rud  Browne","Owner","Mal","179176","R","Ryzex Re-Marketing","rohsinfo@ryzex.com","4600 Ryzex Way","Bellingham","WA","98226","3607349131","3607349131","395303","Marking Devices (Manufacturers)","www.ryzex.com","0","0"
"PEPSI-COLA BOTTLING CO","5095350605","4014 E SPRAGUE AVE","SPOKANE","14200000","RICK COOPER","Manager","M","179576","P","Pepsi-Cola Bottling Co","shareholder.relations@pepsi.com","4014 E Sprague Ave","Spokane","WA","99202","6268143079","5095350605","208601","Bottlers","www.pbg.com","0","0"
"American Drapery & Blind","4252553893","700 S 3rd St","Renton","14352000","Greg  Perry","President","Mal","180370","A","American Drapery & Blind","denny@american-drapery.com","700 S 3rd St","Renton","WA","98055","4252555266","4252553893","571407","Draperies & Curtains-Retail/Custom Made","www.freeinhome.com","0","0"
"A A Asphalting","2538634759","2518 E Valley Hwy E","Sumner","17625000","Jeff  Jewett","Owner","Mal","180392","A","A A Asphalting","bills@aaasphalting.com","2518 E Valley Hwy E","Sumner","WA","98390","2538635402","2538634759","161101","Paving Contractors","www.aaasphalting.com","0","1"
"VENTURE DATA","5093276754","1126 N MONROE ST","SPOKANE","10500000","IMLAN PETRA","Manager","M","180493","V","Venture Data","toddw@venturedata.com","1126 N Monroe St","Spokane","WA","99201","5416877929","5093276754","873204","Market Research & Analysis","www.venturedata.com","0","0"
"R W Fab Inc","5094820254","3412 E Bismark Ct","Spokane","10950000","Rick  Jarvis","President","Mal","180640","R","R W Fab Inc","brad@rwfab.com","3412 E Bismark Ct","Spokane","WA","99217","5094897013","5094820254","344198","Fabricated Structural Metal (Mfrs)","www.rwfab.com","0","0"
"RELIANCE TRAILER CO","5094558650","3025 S GEIGER BLVD","SPOKANE","16700000","BRIAN LING","Chief Executive Office","M","180850","R","Reliance Trailer Co","jmayo@reliancetrailer.com","3025 S Geiger Blvd","Spokane","WA","99224","5097474811","5094558650","371598","Truck-Trailer (Manufacturers)","www.reliancetrailer.com","0","0"
"Columbia Language Svc","3608963881","11818 SE Mill Plain Blvd # 307","Vancouver","15980000","Svetlana  Hinchuc","Owner","Fem","180907","C","Columbia Language Svc","design@braingrease.com","11818 SE Mill Plain Blvd # 307","Vancouver","WA","98684","3608963881","3608964074","738920","Translators & Interpreters","www.columbia-language.com","0","0"
"Pletronics Inc","4257761880","19013 36th Ave W # H","Lynnwood","10752000","Claude  Lee","President","Mal","182500","P","Pletronics Inc","help@sifore.com","19013 36th Ave W # H","Lynnwood","WA","98036","4257762760","4257761880","367901","Electronic Equipment & Supplies-Mfrs","www.pletronics.com","0","0"
"Staveley Instruments","5097357550","421 N Quay St","Kennewick","14896000","Aaron  Grundmeier","Manager","Mal","182768","S","Staveley Instruments","emailfeedback@olympus.com","421 N Quay St","Kennewick","WA","99336","5097354672","5097357550","382998","Measuring/Controlling Devices Nec (Mfrs)","www.staveleyndt.com","0","0"
"Pacific Detroit Diesel-Allison","5095353663","6615 E Mallon Ave","Spokane Valley","17000000","Mark  Wilson","Manager","Mal","182904","P","Pacific Detroit Diesel-Allison","jerry.tyrell@pacificdda.com","6615 E Mallon Ave","Spokane","WA","99212","5095353734","509-535-3663","3621","Motors and Generators","NULL","0","0"
"Radiall/Larsen Antenna Tech","3609447551","3611 NE 112th Ave","Vancouver","12400000","Andre  Hernandez","President","Mal","183328","R","Radiall/Larsen Antenna Tech","hencel@mozcom.com","3611 NE 112th Ave","Vancouver","WA","98682","3609447556","3609447551","573101","Antennas","www.radialllarsen.com","0","0"
"RADIALL-LARSON ANTENNA TECH","3609447551","3611 NE 112TH AVE","VANCOUVER","15000000","ANDRE HERNANDEZ","President","M","183410","L","Larsen Electronics","rcarlson@larsenantennas.com","3611 NE 112th Ave","VANCOUVER","WA","98682","3609447551","3609447556","5731","Electronics","RADIALLANTENNAS.COM^^RADIALLARSEN.COM","0","0"
"Minisoft Inc","3605686602","1024 1st St # 311","Snohomish","10764000","Doug  Greenup","Manager","Mal","184173","M","Minisoft Inc","bernard.lovell@btinternet.com","1024 1st St # 311","Snohomish","WA","98290","3605682923","3605686602","504507","Data Processing Equipment (Wholesale)","www.minisoft.com","0","0"
"Puget Sound Intl","2539221099","2102 Milwaukee Way","Tacoma","12348000","Gina  Lyons","Owner","Fem","184248","P","Puget Sound Intl","maintenance@psi-intl.com","2102 Milwaukee Way","Tacoma","WA","98421","2538960595","2539221099","422505","Warehouses-Merchandise & Self Storage","www.psi-intl.com","0","0"
"Warm Beach Christian Camp Ctr","3607435471","20800 Marine Dr","Stanwood","13950000","Ed  Mc Dowell","Executive Director","Mal","184898","W","Warm Beach Christian Camp Ctr","mailroom@warmbeach.com","20800 Marine Dr","Stanwood","WA","98292","3606528210","3607435471","703203","Camps","www.WarmBeach.com","0","1"
"Stelte Dental Systems Inc","4253159042","11600 49th Pl W # A","Mukilteo","11960000","Michael  Stelte","Owner","Mal","185301","S","Stelte Dental Systems Inc","hans.heimbigner@a-dec.com","11600 49th Pl W # A","Mukilteo","WA","98275","4253556156","4253159042","504704","Physicians & Surgeons Equip & Supls-Whol","www.steltedental.com","0","0"
"COLUMBIA PAINT & COATINGS","4064427650","112 N HAVEN ST","SPOKANE","22500000","MIKE BERTRAM","Manager","M","185628","C","Columbia Paint & Coatings","internationalsales@columbiapaint.com","3210 E Sprague Ave","Spokane","WA","99202","5095350515","5095352421","523107","Paint-Retail","www.columbiapaint.com","0","0"
"CAFFALL BROTHERS FOREST PRODS","3606365960","540 3RD AVE","LONGVIEW","14500000","DOUG CAFFALL","President","M","185685","C","Caffall Brothers Forest Prods","dcaffall@caffall.com","540 3rd Ave","Longview","WA","98632","3604238960","3606365960","242101","Lumber-Manufacturers","www.caffall.com","0","0"
"KXLY RADIO GROUP","5093244000","500 W BOONE AVE","SPOKANE","11400000","DEBBIE SIEVERDING","Manager","F","185981","K","KXLY Radio Group","kimberly@thepartyworks.com","500 W Boone Ave","Spokane","WA","99201","5093248992","5093244200","483201","Radio Stations & Broadcasting Companies","www.kxly.com","0","0"
"Electronic Service Provider","2065754484","950 Andover Park E # 6","Tukwila","13160000","Tom  Girard","CEO","Mal","186567","E","Electronic Service Provider","salesandservice@espseattle.com","950 Andover Park E # 6","Tukwila","WA","98188","2065754684","2065754484","506335","Electronic-Mfrs Representatives (Whol)","www.espseattle.com","0","0"
"Woodworth & Co Inc","2533833585","1200 E D St","Tacoma","21800000","John  Woodworth","Owner","Mal","186801","W","Woodworth & Co Inc","vicki@woodworthandcompany.com","1200 E D St","Tacoma","WA","98421","2535728648","2533833585","161106","Asphalt & Asphalt Products","www.woodworthandcompany.com","0","0"
"Harris Trust Co","2064426400","1420 5th Ave # 2000","Seattle","12040000","Kelly  Taylor","Manager","Fem","187218","H","Harris Trust Co","kevin.aman@harris.com","1420 5th Ave # 2000","Seattle","WA","98101","2105617499","2064426400","602102","Trust Companies","www.harris.com","0","0"
"SME CORP","2535723822","2302 A ST","TACOMA","14500000","DON RUTH","Chief Executive Office","M","187360","S","SME Corp","scotto@smecorp.com","2302 A St","Tacoma","WA","98402","5032865395","2535723822","517202","Service Station Equipment (Wholesale)","www.smecorp.com","0","0"
"Barclay Dean Interiors","4254518940","1917 120th Ave NE","Bellevue","20000000","Scott  Harrison","CEO","Mal","188447","B","Barclay Dean Interiors","lori.roberts@barclaydean.com","1917 120th Ave NE","Bellevue","WA","98005","4254520973","4254518940","422503","Storage-Household & Commercial","www.barclaydean.com","0","0"
"Galvin Flying Svc Inc","2067630350","6987 Perimeter Rd S","Seattle","12120000","Peter  Anderson","Manager","Mal","188504","G","Galvin Flying Svc Inc","flight@galvinflying.com","6987 Perimeter Rd S","Seattle","WA","98108","2067679333","2067630350","458104","Aircraft Servicing & Maintenance","www.galvinflying.com","0","0"
"Milwaukie Lumber Co","3602568000","13113 NE Fourth Plain Rd","Vancouver","10320000","Ron  Giffen","Manager","Mal","188821","M","Milwaukie Lumber Co","finance@milwaukielumber.com","13113 NE Fourth Plain Rd","Vancouver","WA","98682","5032539532","3602568000","521142","Lumber-Retail","www.milwaukielumber.com","0","0"
"TIDLAND CORP","3608342345","2305 SE 8TH AVE","CAMAS","11100000","QUINO LORENTE","President","M","188861","T","Tidland Corp","magpowr@magpowr.com","2305 SE 8th Ave","Camas","WA","98607","2535171205","3608342345","355401","Paper Mill Machinery-Manufacturers","www.fife.com","0","0"
"NOTEWORLD SERVICING CTR","2536207040","1001 PACIFIC AVE STE 200","TACOMA","12500000","PATRICK WELLER","Chief Executive Office","M","189329","N","Noteworld Servicing Ctr","howcanwehelp@noteworld.com","1001 Pacific Ave # 300","Tacoma","WA","98402","2536207007","2536207040","874213","Marketing Programs & Services","www.noteworld.com","0","0"
"WHITLEY EVERGREEN INC","3606535790","14219 SMOKEY POINT BLVD BLDG 1","MARYSVILLE","18800000","JON KRIMM","Manager","M","189359","W","Whitley Evergreen Inc","daverowe@whitleyman.com","14219 Smokey Point Blvd # 10","Marysville","WA","98271","5742238779","3606535790","527104","Mobile Offices & Commercial Units","www.whitleyman.com","0","0"
"EDS Corp","3606973330","19351 8th Ave NE # B","Poulsbo","14535000","Lana  Daugherty","Manager","Fem","189514","E","EDS Corp","travel_hospitalityleader@exsc01.exch.eds.com","19351 8th Ave NE # B","Poulsbo","WA","98370","5854274058","3606973330","737401","Data Processing Service","www.eds.com","0","0"
"BROADMOOR RV","5095454776","9145 SAINT THOMAS DR","PASCO","14000000","JOHN RAMSEY","President","M","190068","B","Broadmoor RV","wedeal@broadmoor-rv.com","9145 Saint Thomas Dr","Pasco","WA","99301","5095453877","5095454776","556103","Recreational Vehicles","www.broadmoor-rv.com","0","0"
"Greater China Industries Inc","4256436576","14405 SE 36th St # 300","Bellevue","23600000","Ben  Zhang","Owner","Mal","190488","G","Greater China Industries Inc","marcgamba@greaterchina-usa.com","14405 SE 36th St # 300","Bellevue","WA","98006","4256436519","4256436576","509905","Importers","www.greaterchina-usa.com","0","0"
"Chem Central","4252518501","6624 S 196th St # U100","Kent","11011000","","","","191006","C","Chem Central","corporateaccounts@chemcentral.com","6624 S 196th St # U100","Kent","WA","98032","5032864580","4252518501","516916","Chemicals (Wholesale)","www.chemcentral.com","0","0"
"CEDAR KING LUMBER CO","4258831978","9150 WILLOWS RD NE","REDMOND","14000000","DENIS DAVID","Owner","M","191501","C","Cedar King Lumber Co","ric@cedarking.com","9150 Willows Rd NE","Redmond","WA","98052","4258610764","4258831978","176111","Siding Contractors","www.cedarking.com","0","0"
