"KAYE SMITH","4252288600","4101 OAKESDALE AVE SW","RENTON","56300000","ROB SHUCK","Manager","M","28227","H","Home","steve@tragickrecords.com","3620 SE 5th St","RENTON","WA","98057","4252288600","4252710203","738999","Business Services Nec","OCTOPUSFARM.COM","0","0"
"PRO GOLF DISCOUNT","2534734290","5015 TACOMA MALL BLVD STE D101","TACOMA","90000000","CAL GRAN","Manager","M","32962","P","Pro Golf Discount","sc@progolfseattle.com","5015 Tacoma Mall Boulevard #D101","Tacoma","WA","98409","null","2534742446","5941","Golf equipment","null","0","0"
"ROTARY OFFSET PRESS INC","2538139900","6600 S 231ST ST","KENT","96000000","KEN HATCH","President","M","57926","R","Rotary Offset Press","webdesign@uglyant.com","6600 S 231st Street","Kent","WA","98032","2538139900","null","275202","Printers","null","0","0"
"Silver Collector Car Auctions","5093264485","2020 N Monroe St","Spokane","51800000","Mitch  Silver","Owner","Mal","60184","S","Silver Collector Car Auctions","silver@silverauctions.com","2020 N Monroe St","Spokane","WA","99205","5093273059","5093264485","501204","Automobile Auctions (Wholesale)","www.silverauctions.com","0","1"
"Bycosin/Ferrous Corp","4254546320","12729 Northup Way","Bellevue","63726000","John  Eason","Manager","Mal","69949","B","Bycosin/Ferrous Corp","corporatecommunications@innospecinc.com","12729 Northup Way","Bellevue","WA","98005","4254546308","4254546320","517206","Oils-Fuel (Wholesale)","www.octel-corp.com","0","0"
"Avtech Corp","2066342540","3400 Wallingford Ave N","Seattle","51250000","Chris  Anderson","Plant Mgr","Mal","74356","A","Avtech Corp","zipp@avtcorp.com","3400 Wallingford Ave N","Seattle","WA","98103","2066343011","2066342540","372801","Aircraft Components-Manufacturers","www.avtcorp.com","0","0"
"PW Eagle Inc","2536271555","2330 Port Of Tacoma Rd","Tacoma","73290000","Mike  Melampy","Plant Mgr","Mal","80262","P","PW Eagle Inc","linda_williams@pweagleinc.com","2330 Port Of Tacoma Rd","Tacoma","WA","98421","2532720225","2536271555","505107","Pipe-Wholesale","www.pweagleinc.com","0","0"
"PIZZA FACTORY","3603857223","1102 WATER ST","PORT TOWNSEND","61500000","FRANCIS DANULIC","Owner","M","83203","P","Pizza Factory","pfinc@sierratel.com","1102 Water Street","Port Townsend","WA","98368","3603857503","3603851440","738999","Business Services Nec","null","0","0"
"Cummins Northwest","4252353400","811 SW Grady Way","Renton","90000000","Merrit  Norton","Plant Mgr","Mal","97864","C","Cummins Northwest","soren.j.winslow@cummins.com","811 SW Grady Way","Renton","WA","98055","5416871977","4252353400","508414","Engines-Diesel (Wholesale)","www.CumminsNorthwest.com","0","0"
"KEY TECHNOLOGY HOLDINGS USA","5095292161","150 AVERY ST","WALLA WALLA","80300000","DAVID CAMP","Chief Executive Office","M","107160","K","Key Technology;  Inc.","investor.info@keyww.com","150 Avery Street","Walla Walla","WA","99362","5095292161","5095223378","599502","Optical Goods","http://www.keyww.com","0","0"
"RAHCO Intl","5094670770","8700 N Crestline St","Spokane","58876000","Richard W  Hanson","CEO","Mal","119384","R","RAHCO Intl","rahco@rahco.com","8700 N Crestline St","Spokane","WA","99217","5094660212","5094670770","353198","Construction Machinery & Equip (Mfrs)","www.rahco.com","0","0"
"WEST FARM FOODS","2067222655","PO BOX 18229","SEATTLE","89700000","ALAN SHRADER","Manager","M","131285","W","West Farm Foods","joe.williamson@westfarm.com","635 Elliott Ave W","SEATTLE","WA","98118","2.06E+19","null","019101","FARMS","NWDAIRY.COM;NWDAIRY.NET;NWDAIRY.ORG;WEST-FARM-FOODS.COM;WEST-FARM-FOODS.NET;WEST-FARM-FOODS.ORG;WEST","0","0"
"STEMILT GROWERS","5096623602","4597 STEMILT HILL RD","WENATCHEE","62700000","BILL MINTON","Manager","M","136532","S","Stemilt Growers","landon.michaelson@stemilt.com","3510 Clark Avenue","Spokane","WA","98801","5096629667","5096632914","874198","Fuel Management","STEMILT.NET^^STEMILT.ORG^^STEMILTMANAGEMENT.COM","0","0"
"Pacific CA Systems","5095768632","1420 Industrial Way","Union Gap","50310000","James  Wooldridge","Owner","Mal","137221","P","Pacific CA Systems","home@pacificca.com","1420 Industrial Way","Union Gap","WA","98903","5095768633","5095768632","517205","Gas-Indstrl/Med-Cylinder & Bulk (Whol)","www.pacificca.com","0","0"
"ALASKA TRAVEL ADVENTURES INC","4254971212","18384 REDMOND WAY","REDMOND","63400000","ROBERT DINDINGER","Manager","M","139965","A","Alaska Travel Adventures","atamike@gci.net","18384 Redmond Way","REDMOND","WA","98052","4254971212","null","4724","Travel agents","ALASKATRAVELADVENTURES.COM","0","0"
"Benton County Public Utility","5095822175","2721 W 10th Ave","Kennewick","94248000","James  Sanders","Manager","Mal","141358","B","Benton County Public Utility","dwaine@imageworksdigital.com","2721 W 10th Ave","Kennewick","WA","99336","5095861710","5095822175","491101","Electric Companies","www.bentonpud.org","0","0"
"Sterling International Inc","5099266766","3808 N Sullivan Rd # 16","Spokane Valley","77672000","Rod  Schneidmiller","President","Mal","141712","S","Sterling International Inc","stephc@rescue.com","3808 N Sullivan Rd # 16","Spokane Valley","WA","99216","7146470303","5099266766","287905","Pest Control Supplies & Equip-Mfrs","www.rescue.com","0","0"
"VAN WELL NURSERY","5098868189","2821 GRANT RD","E WENATCHEE","61300000","PETER VAN WELL","President","M","143176","V","Van Well Nursery","vanwell@vanwell.net","2821 Grant Rd","East Wenatchee","WA","98802","5098860294","5098868189","526108","Nurserymen","www.vanwell.net","0","0"
"Interlube","3607343832","801 Harris Ave # 1","Bellingham","50310000","Jeff  Kent","President","Mal","144461","I","Interlube","interlube@opti2-4.com","801 Harris Ave # 1","Bellingham","WA","98225","3607344188","3607343832","517212","Oil Marketers & Distributors","www.opti2-4.com","0","0"
"UNIVERSITY AUDI","2066332834","4701 11TH AVE NE","SEATTLE","60600000","ROB WILL","Owner","M","149023","U","University Audi","cars@uvwaudi.com","4724 Roosevelt Way NE","Seattle","WA","98105","2066343322","null","822101","Schools","universityaudi.com uvwaudi.com","0","2"
"RSG Forest Product Inc","3606732825","985 NW 2nd St","Kalama","53600000","Bob  Sanders","Owner","Mal","163381","R","RSG Forest Product Inc","jsmith@rsgfp.com","985 NW 2nd St","Kalama","WA","98625","5036307731","3606732825","242102","Sawmills","www.rsgfp.com","0","0"
"JACKPOT CONVENIENCE STORES INC","2062852400","2737 W COMMODORE WAY","SEATTLE","72000000","JIM BURKE","Vice-President","M","169251","T","Time Oil Co","thenderson@timeoil.com","2737 W. Commodore Way","SEATTLE","WA","98199","2062852400","null","5411","Food products","JACKPOTFOODMART.COM","0","0"
"HENRY CO","2537354300","420 H ST NW","AUBURN","71100000","JASON MUGFORD","Manager","M","170015","H","Henry Co","varena@henry.com","420 H St NW","Auburn","WA","98001","2537350270","2537354300","521114","Roofing Materials","www.henry.com","0","0"
"BAKER PRODUCE","5095866174","212 W RAILROAD AVE","KENNEWICK","80000000","PAM BEAMER","Manager","F","172801","B","Baker Produce","dkauffman@bakerproduce.com","212 W Railroad Ave","Kennewick","WA","99336","2199223636","5095866174","514801","Fruits & Vegetables-Wholesale","www.bakerproduce.com","0","0"
"TROUT-BLUE CHELAN INC","5096822591","PO BOX 669","CHELAN","89700000","REGGIE COLLINS","Chief Executive Office","M","178232","T","Trout-Blue Chelan Inc","jenniferd@troutbc.com","8 Howser Rd","Chelan","WA","98816","5096822651","5096822591","514805","Fruits & Vegetables-Growers & Shippers","www.chelanfruit.com","0","2"
"Output Technologies","5095360468","3808 N Sullivan Rd # 3","Spokane Valley","74340000","Steve  Benner","President","Mal","179334","O","Output Technologies","otcmarketing@output.com","3808 N Sullivan Rd # 3","Spokane Valley","WA","99216","5095331290","5095360468","357702","Computer Peripherals (Manufacturers)","www.output.com","0","0"
"FANFARE MEDIA WORKS CORP","4253914881","22500 SE 64TH PL STE 130","ISSAQUAH","76300000","STEVE RAKES","Vice-President","M","179462","F","Fanfare Media Works Corp","benchworks@fanfaremedia.com","22500 SE 64th Pl # 130","Issaquah","WA","98027","4253131575","4253914881","731999","Advertising Nec","www.fanfaremedia.com","0","0"
"Tensolite Co","3606997277","3000 Columbia House Blvd # 120","Vancouver","58240000","Juan  Sifontes","Plant Mgr","Mal","182178","T","Tensolite Co","hdrfi@tensolite.com","3000 Columbia House Blvd # 120","Vancouver","WA","98661","3606949230","3606997277","367901","Electronic Equipment & Supplies-Mfrs","www.tensolite.com","0","0"
"TANDY LEATHER FACTORY","2535481100","10202 PACIFIC AVE S STE 101","TACOMA","50700000","LARRY RIEKENA","Manager","M","182620","T","Tandy Leather Co","lasvegas@tandyleather.com","10202 Pacific Ave S # 101","Tacoma","WA","98444","2535481100","2535481100","311109","Leather Findings & Finishes","www.tandyleather.com","0","0"
"Gold Digger Apples","5094763646","1220 Ironwood St","Oroville","55100000","Steve  Stewart","Plant Mgr","Mal","184993","G","Gold Digger Apples","mhughes@golddiggerapples.com","1220 Ironwood St","Oroville","WA","98844","5094763646","5094763646","514805","Fruits & Vegetables-Growers & Shippers","www.golddiggerapples.com","0","2"
"CROWD MANAGEMENT SVC","5093288778","720 W MALLON AVE","SPOKANE","60000000","DAVE CHRISTIANSEN","Operations Manager","M","186096","C","Crowd Management Svc","jdeloret@starplexcms.com","720 W Mallon Ave","Spokane","WA","99201","5093255552","5093288778","738102","Security Guard & Patrol Service","www.starplexcms.com","0","0"
"TWIN CITY FOODS INC","5095867568","1000 E 1ST AVE","KENNEWICK","52200000","DONALD LATHIM","Manager","M","188329","T","Twin City Foods Inc","tcfqa@twincityfoods.com","1000 E 1st Ave","Kennewick","WA","99336","5095829523","5095867568","422202","Warehouses-Cold Storage","www.twincityfoods.com","0","0"
"Welch Foods Inc","5095822131","10 E Bruneau Ave","Kennewick","50550000","Marty  Gardner","Executive Director","Mal","189848","W","Welch Foods Inc","sdelisle@welchs.com","10 E Bruneau Ave","Kennewick","WA","99336","8147251087","5095822131","203302","Canning (Manufacturers)","www.welchs.com","0","0"
"Hampton Lumber","3604975030","10166 Us Highway 12","Randle","53600000","Harvey  Chandler","Manager","Mal","190163","H","Hampton Lumber","johndickenson@hamptonaffiliates.com","10166 Us Highway 12","Randle","WA","98377","5032036619","3604975030","242102","Sawmills","www.hamptonaffiliates.com","0","0"
"HANCOR INC","3609433313","6001 BELMORE ST SW","OLYMPIA","70400000","AARON DINNEL","Manager","M","190514","H","Hancor Inc","hrresume@hancor.com","6001 Belmore St SW","Olympia","WA","98512","8124482647","3609433313","308902","Plastics & Plastic Products (Mfrs)","www.hancor.com","0","0"
"Digeo","4258966000","8815 122nd Ave NE","Kirkland","67800000","Jim  Billmaier","CEO","Mal","191035","D","Digeo","kris.billmaier@digeo.com","8815 122nd Ave NE","Kirkland","WA","98033","4258966060","4258966000","484101","Television-Cable & Catv","www.digeo.com","0","0"
"Franklin County PUD","5095475591","1411 W Clark St","Pasco","86240000","Dean  Overland","Plant Mgr","Mal","191228","F","Franklin County PUD","dgutmann@franklinpud.com","1411 W Clark St","Pasco","WA","99301","5095474116","5095475591","491101","Electric Companies","www.franklinpud.com","0","0"
