mail id,company,email,address,phone,fax,sic,sic description,web,,revenue id,company,address,city,state,zip,	metro,web,phone,fax,contact,position,gender,sales,# of employee,sic,sic_descrpiton,	,,
"282659","Eagle Beverage","AJim@eaglebeverageco.com","4020 Dayton Springfield Rd","9373229192","9373222082","518101","Beer & Ale-Wholesale","NULL"," Email <---> Revenue ","225373","Eagle Beverage","4020 Dayton Springfield Rd","Springfield","OH","45502","Clark","","9373222082","9373229192","Jim Acra","President","Mal","26720000","0","518101","Beer & Ale-W","5","0","1"
"245161","ARC Industries Inc","arc@arcind.com","2879 Johnstown Rd","6144757007","6144757007","734902","Janitor Service","www.arcind.com"," Email <---> Revenue ","11542","ARC Industries Inc","2300 Marilyn Ln","Columbus","OH","43219","Franklin","www.arcind.com","6144757007","6144753523","Darrel Rutherford","CEO","Mal","38800000","0","399906","Assembly & F","5","0","1"
"68581","Chester Labs","Armstrong@chester-labs.com","1900 Section Rd # A","5134583858","5134583840","384104","Physicians & Surgeons Equip & Supls-Mfrs","NULL"," Email <---> Revenue ","138359","Chester Labs","1900 Section Rd # A","Cincinnati","OH","45237","Hamilton","www.chesterlabs.com","5134583840","5134583858","John Armstrong","President","Mal","43140000","0","284405","Cosmetics-Ma","5","0","1"
"136383","Consumers Steel Products Co","arnold.applebaum@anthonyforest.com","8510 Bessemer Ave","2168833417","2168837171","505106","Steel-Distributors & Warehouses","NULL"," Email <---> Revenue ","167073","Consumers Steel Products Co","8510 Bessemer Ave","Cleveland","OH","44127","Cuyahoga","www.consumerssteel.com","2168837171","2168833417","Robert Applebaum","Owner","Mal","28500000","0","505106","Steel-Distri","5","0","1"
"274096","Acme Arsena","ArsenaJ@acmearsena.com","1333 Highland Rd E","3304251746","3304251700","174203","Dry Wall Contractors","NULL"," Email <---> Revenue ","15907","Acme Arsena","1333 Highland Rd E","Macedonia","OH","44056","Summit","www.acmearsena.com","3304251700","3304251746","John Arsena","Owner","Mal","31300000","0","174203","Dry Wall Con","5","0","1"
"322236","Mobile Solution Corp","arz.careers@tmsmail.net","6902 Pearl Rd","9254799101","4408861520","599902","Cellular Telephones-Equipment & Supls","www.themobilesolution.com"," Email <---> Revenue ","475851","Mobile Solution Corp","6902 Pearl Rd","Cleveland","OH","44130","Cuyahoga","www.themobilesolution.com","4408861520","4408860493","Renita Knox","Manager","Fem","25760000","0","599902","Cellular Tel","5","0","1"
"207258","Mc Gregor Surmount Corp","athompson@mcgregor-surmount.com","365 Carr Dr","9378330302","9378543133","367201","Printed & Etched Circuits-Mfrs","NULL"," Email <---> Revenue ","454049","Mc Gregor Surmount Corp","365 Carr Dr","Brookville","OH","45309","Montgomery","www.mcgregor-surmount.com","9378543133","9378330302","Larry Mc Gregor","Owner","Mal","41790000","0","367201","Printed & Et","5","0","1"
"286030","Sherwood Food Distributors","B-L@sherwoodfoods.com","16625 Granite Rd","2166621884","2166628000","201104","Meat Products","NULL"," Email <---> Revenue ","630698","Sherwood Food Distributors","16625 Granite Rd","Cleveland","OH","44137","Cuyahoga","www.sherwoodfoods.com","2166628000","2166621884","Bobby Lipson","CEO","Mal","27650000","0","201104","Meat Product","5","0","1"
"88060","Singer Steel","balexander@singersteel.com","1 Singer Dr","3305627557","330-562-7200","505106","Steel-Distributors & Warehouses","NULL"," Email <---> Revenue ","635304","Singer Steel","1 Singer Dr","Streetsboro","OH","44241","Portage","","3305627200","3305627557","Bruce Alexander","CEO","Mal","33000000","50","505106","Steel-Distri","5","0","1"
"126191","Wallover Oil Co","barbara@wallover.com","1032 Pennsylvania Ave","3303859975","3303859336","517213","Oils-Industrial (Wholesale)","www.walloveroil.com"," Email <---> Revenue ","735469","Wallover Oil Co","1032 Pennsylvania Ave","East Liverpool","OH","43920","Columbiana","www.walloveroil.com","3303859336","3303859975","William J Cutri","VP","Mal","48690000","0","517213","Oils-Industr","5","0","1"
"296532","Ace American Copy Equipment","Baron@acecopy.com","6599 Granger Rd","2166429080","2166429555","504403","Copying & Duplicating Machines & Supls","NULL"," Email <---> Revenue ","15165","Ace American Copy Equipment","6599 Granger Rd","Cleveland","OH","44131","Cuyahoga","www.acecopy.com","2166429555","2166429080","John Baron","Owner","Mal","33300000","100","504403","Copying & Du","5","0","1"
"196274","Great Lakes Integrated","bbarry@glintegrated.com","4005 Clark Ave","2166518311","2166511500","274121","Publishers-Computer Software","www.gll.com"," Email <---> Revenue ","300729","Great Lakes Integrated","4005 Clark Ave","Cleveland","OH","44109","Cuyahoga","www.gll.com","2164161500","2166518311","James R Schultz","CEO","Mal","33000000","0","274121","Publishers-C","5","0","1"
"4584","Mc Kitrick Harms Inc","bill.harms@mckitrickharms.com","PO Box 2430","7403462572","7403462571","551103","Automobile Dealers-Used Cars","NULL"," Email <---> Revenue ","454401","Mc Kitrick Harms Inc","1069 Canton Rd","Wintersville","OH","43953","Jefferson","www.mckitrickharms.com","7403462571","7403462572","Pat Mckitrick","CEO","Mal","32350000","50","551103","Automobile D","5","1","1"
"110602","Pentaflex Inc","bob.buroker@pentaflex.com","4981 Gateway Blvd","9373252620","9373255551","346904","Metal Stamping (Manufacturers)","NULL"," Email <---> Revenue ","537954","Pentaflex Inc","4981 Gateway Blvd","Springfield","OH","45502","Clark","www.pentaflex.com","9373255551","9373252620","Robert Buroker","President","Mal","26500000","0","346904","Metal Stampi","5","0","1"
"183648","Source Link","Bob@sourcelink.com","3303 W Tech Blvd","9378858010","9378858000","874213","Marketing Programs & Services","NULL"," Email <---> Revenue ","642709","Source Link","3303 W Tech Blvd","Miamisburg","OH","45342","Montgomery","www.sourcelink.com","9378858000","9378858010","Bob Nesbit","Owner","Mal","46000000","0","874213","Marketing Pr","5","0","1"
"87954","BPR/Rico Equipment Inc","boyd.ross@bpr-rico.com","120 N State Rd","3307234012","3307234050","508426","Material Handling Equipment (Wholesale)","NULL"," Email <---> Revenue ","64395","BPR/Rico Equipment Inc","120 N State Rd","Medina","OH","44256","Medina","","3307234050","3307234012","Boyd Ross","Owner","Mal","35360000","65","508426","Material Han","5","0","1"
"121417","WDTN (ABC-2)","broyse@wdtn.com","4595 S Dixie Dr","9372932101","9372946542","483301","Television Stations & Broadcasting Co","wdtn.com"," Email <---> Revenue ","732794","WDTN","4595 S Dixie Dr","Dayton","OH","45439","Montgomery","","9372932101","9372946542","Greg Bendin","President","Mal","39500000","125","483301","Television S","5","0","1"
"121917","Lawson Steel","Bruce@lawsonsteel.net","3238 E 82nd St","2166411627","2166410444","505106","Steel-Distributors & Warehouses","NULL"," Email <---> Revenue ","411381","Lawson Steel","3238 E 82nd St","Cleveland","OH","44104","Cuyahoga","","2166410444","2166411627","Bruce Ison","Owner","Mal","25000000","0","505106","Steel-Distri","5","0","1"
"323749","Kopco Graphics Inc","candyc@kopcographics.com","250 Osborne Dr","5138747286","5138747230","511308","Packaging Materials-Wholesale","www.kopcographics.com"," Email <---> Revenue ","398278","Kopco Graphics Inc","250 Osborne Dr","Fairfield","OH","45014","Butler","www.kopcographics.com","5138747230","5138747286","Doug Kopp","Owner","Mal","26325000","0","511308","Packaging Ma","5","0","1"
"318343","3SG Corp","cbasham@3sg.com","6200 Avery Rd","6147612716","6147618394","874214","Marketing Consultants","www.3sg.com"," Email <---> Revenue ","1389","3SG Corp","6200 Avery Rd","Dublin","OH","43016","Franklin","www.3sg.com","6147618394","6147612716","Nanda Nair","President","Fem","46000000","0","874214","Marketing Co","5","0","1"
"168869","Carlisle Engineered Products","cepwebteam@cepcarlisle.com","3131 Columbus Road N.E.","3304562481","3304542890","871106","Engineers","null"," Email <---> Revenue ","132081","Cep Products","3131 Columbus Rd NE","Canton","OH","44705","Stark","www.cepcarlisle.com","3304562481","3304542890","John Kraus","Plant Mgr","Mal","34050000","0","308902","Plastics & P","5","0","1"
"104125","Vidaro Corp","charles.rosenblatt@vidaro.com","333 Martinel Dr","3306730228","3306737418","384104","Physicians & Surgeons Equip & Supls-Mfrs","NULL"," Email <---> Revenue ","727074","Vidaro Corp","333 Martinel Dr","Kent","OH","44240","Portage","www.vidaro.com","3306737413","3306730228","Charles B Rosenblatt","President","Mal","37030000","0","384104","Physicians &","5","0","1"
"226126","31 Inc","charles@31inc.com","PO Box 278","7404988325","7404985821","301102","Tire-Retreading/Repairing-Eqpt/Supl-Mfrs","NULL"," Email <---> Revenue ","1228","31 Inc","100 Enterprise Dr","Newcomerstown","OH","43832","Tuscarawas","www.31inc.com","7404985821","7404988325","Charles Muhs","President","Mal","29800000","100","301102","Tire-Retread","5","0","1"
"187031","Federal Home Loan Bank","Charles@fhlbboston.com","221 E 4th St # 1000","5138527655","5138527500","602201","State Commercial Banks","NULL"," Email <---> Revenue ","255255","Federal Home Loan Bank","221 E 4th St # 1000","Cincinnati","OH","45202","Hamilton","www.fhlbcin.com","5138527500","5138527655","David H Hehman","CEO","Mal","47854000","0","602201","State Commer","5","0","1"
"306848","Genco","Chipcock@genco.com","3495 Gantz Rd","6142773990","6142773970","171108","Septic Tanks","NULL"," Email <---> Revenue ","285878","Genco","3495 Gantz Rd","Grove City","OH","43123","Franklin","www.genco.com","6142773970","6142773990","Dave Chipcock","President","Mal","28000000","0","171108","Septic Tanks","5","0","1"
"316745","Marble & Granite Works","Chris@marbleandgraniteworks.com","7635 Commerce Pl","NULL","6148732211","521127","Marble-Natural-Retail","NULL"," Email <---> Revenue ","441077","Marble & Granite Works","7635 Commerce Pl","Plain City","OH","43064","Madison","","6148732211","6148738173","Chris Watson","Owner","Mal","43200000","0","503204","Granite (Who","5","0","1"
"24186","Seven-UP/Rc Bottling Co","consumer.relations@brandspeoplelove.com","1142 N Meridian Rd","7027950719","3307999705","507814","Beverage Dispensing Equip/Supls (Whol)","www.7up.com"," Email <---> Revenue ","625480","Seven-UP/Rc Bottling Co","1142 N Meridian Rd","Youngstown","OH","44509","Mahoning","www.7up.com","3307999705","3307997064","Jim Putko","Manager","Mal","25500000","50","507814","Beverage Dis","5","0","1"
"271485","Robeck Fluid Power Co","contact_us@robeckfluidpower.com","350 Lena Dr","3305621141","3305621140","351103","Hydraulic Equipment-Manufacturers","www.robeckfluidpower.com"," Email <---> Revenue ","593685","Robeck Fluid Power Co","350 Lena Dr","Aurora","OH","44202","Portage","www.robeckfluidpower.com","3305621140","3305621141","Peter W Becker","President","Mal","42661000","0","351103","Hydraulic Eq","5","0","1"
"322020","Interstate Fire & Security","Crilow-Rod@interstatefands.com","3271 Bruening Ave SW","3304531610","3304539495","506315","Fire Protection Equipment & Supls (Whol)","NULL"," Email <---> Revenue ","350699","Interstate Fire & Security","3271 Bruening Ave SW","Canton","OH","44706","Stark","www.interstatefands.com","3304539495","3304531610","Rod Crilow","Owner","Mal","25179000","0","506324","Burglar Alar","5","0","1"
"312929","Nifty Products Inc","cs@niftyproducts.com","2130 Tuley Rd","5138944400","5138964040","227302","Automobile Floor Coverings-Manufacturers","NULL"," Email <---> Revenue ","500138","Nifty Products Inc","2130 Tuley Rd","Indian Springs","OH","45015","Butler","www.niftyproducts.com","5138964040","5138944400","Ray Sherman","President","Mal","47200000","0","227302","Automobile F","5","0","1"
"130539","National Sign Systems","Cullinan@natsignsys.com","4200 Lyman Ct","6148502553","6148502540","399302","Signs (Manufacturers)","NULL"," Email <---> Revenue ","491602","National Sign Systems","4200 Lyman Ct","Hilliard","OH","43026","Franklin","www.nationalsignsystems.com","6148502540","6148502552","James Cullinan","President","Mal","25950000","0","399302","Signs (Manuf","5","0","1"
"135765","Western Reserve Wire Products","D-C@wrwp.com","1920 Case Pkwy S","3304252400","3304253421","335705","Wire Harnesses-Electrical-Manufacturers","NULL"," Email <---> Revenue ","746538","Western Reserve Wire Products","1920 Case Pkwy S","Twinsburg","OH","44087","Summit","www.wrwp.com","3304253421","3304252400","Douglas W Conway","President","Mal","28950000","0","335705","Wire Harness","5","0","1"
"33486","WHIO","D-Hall@k99online.com","PO Box 1206","9372592168","9372592111","483201","Radio Stations & Broadcasting Companies","NULL"," Email <---> Revenue ","732929","WHIO","PO Box 1206","Dayton","OH","45401","Montgomery","www.k99online.com","9374571290","9372592168","Donna Hall","President","Fem","35200000","0","483201","Radio Statio","5","0","1"
"27984","Delta Communications Group","D-Simonds@delta-comm.com","22265 Hilliard Blvd","NULL","2166749000","504506","Data Communications Equip/Systems (Whol)","NULL"," Email <---> Revenue ","202635","Delta Communications Group","22265 Hilliard Blvd","Cleveland","OH","44116","Cuyahoga","","2166749000","","Don Simonds","President","Mal","26910000","30","504506","Data Communi","5","0","1"
"62312","Clinical Specialties Inc","dale.noles@csi-network.com","6955 Treeline Dr","4407171705","4407171700","504712","Hospital Equipment & Supplies (Whol)","NULL"," Email <---> Revenue ","154663","Clinical Specialties Inc","6955 Treeline Dr","Cleveland","OH","44141","Cuyahoga","www.csi-infusion.com","4407171700","4407171705","Edward J Rivalsky","CEO","Mal","41860000","0","504712","Hospital Equ","5","0","1"
"22627","Hampson Corp","dave.ferrebee@hampsoncorp.com","38850 Taylor Industrial Pkwy","4403275379","4403275420","599963","Plastics-Products-Retail","NULL"," Email <---> Revenue ","313120","Hampson Corp","38850 Taylor Industrial Pkwy","North Ridgeville","OH","44039","Lorain","","4403275420","4403275379","Doug Smith","President","Mal","30150000","0","599963","Plastics-Pro","5","0","1"
"308868","W P Hickman Systems","DavidD@wphickman.com","30700 Solon Industrial Pkwy","4402486524","4402487760","521114","Roofing Materials","NULL"," Email <---> Revenue ","732269","W P Hickman Systems","30700 Solon Industrial Pkwy","Cleveland","OH","44139","Cuyahoga","www.wphickman.com","4402487760","4402486524","David Danza","President","Mal","26000000","0","521114","Roofing Mate","5","0","1"
"321552","Advanced Poly Packaging Inc","davidsenn@advancedpoly.com","1331 Emmitt Rd","3307854010","3307854000","267301","Bags-Plastic (Manufacturers)","www.advancedpoly.com"," Email <---> Revenue ","20207","Advanced Poly Packaging Inc","1331 Emmitt Rd","Akron","OH","44306","Summit","www.advancedpoly.com","3307854000","3307854010","Tony Baker","President","Mal","30160000","130","267301","Bags-Plastic","5","0","1"
"318673","Durable Corp","dealer_assist@durablecorp.com","75 N Pleasant St","4196688068","4196688138","306917","Rubber-Mfrs Supplies (Manufacturers)","www.durablecorp.com"," Email <---> Revenue ","222045","Durable Corp","75 N Pleasant St","Norwalk","OH","44857","Huron","www.durablecorp.com","4196688138","4196688068","Thomas Secor","Owner","Mal","41000000","65","306917","Rubber-Mfrs ","5","0","1"
"78744","Custom Deco Inc","dean.stroh@frankhammel.com","1343 Miami St","4196989928","4196982900","321101","Glass-Manufacturers","NULL"," Email <---> Revenue ","182194","Custom Deco Inc","1343 Miami St","Toledo","OH","43605","Lucas","","4196982900","4196989928","Dean E Stroh","President","Mal","47250000","150","321101","Glass-Manufa","5","0","1"
"154813","Speer Mechanical","DennisShuman@speermechanical.com","600 Oakland Park Ave","6142616330","6142616331","171114","Mechanical Contractors","NULL"," Email <---> Revenue ","647483","Speer Mechanical","600 Oakland Park Ave","Columbus","OH","43214","Franklin","www.speermechanical.com","6142616331","6142616330","Dennis Shuman","President","Mal","25000000","0","171114","Mechanical C","5","0","1"
"301193","Meyers Equipment Corp","dmeyers@myersequip.com","8860 Akron Canfield Rd","3305332784","3305333443","509223","Wholesalers","NULL"," Email <---> Revenue ","463660","Meyers Equipment Corp","8860 Akron Canfield Rd","Canfield","OH","44406","Mahoning","www.myersequip.com","3305333443","3305332784","David Meyers","President","Mal","36200000","50","509223","Wholesalers","5","0","1"
"307007","Spring Valley Marketing Group","doug@svmg.com","7130 Spring Meadows Dr W","4198670427","4198670227","874213","Marketing Programs & Services","www.svmg.com"," Email <---> Revenue ","649377","Spring Valley Marketing Group","7130 Spring Meadows Dr W","Holland","OH","43528","Lucas","www.svmg.com","4198670227","4198670427","Mark Wittenmyer","Owner","Mal","40000000","0","874213","Marketing Pr","5","0","1"
"277132","Burrows Co","dsc@burrows.com","2850 Charter St","9377468515","6145291180","504712","Hospital Equipment & Supplies (Whol)","www.burrows.com"," Email <---> Revenue ","107657","Burrows Co","2850 Charter St","Columbus","OH","43228","Franklin","www.burrowsco.com","6145291180","6145291188","Sue Louch","Manager","Fem","27508000","0","504712","Hospital Equ","5","0","1"
"63395","Artic Express","Durst@arcticexpress.com","4277 Lyman Dr","6148760985","6148764008","421309","Trucking-Motor Freight","NULL"," Email <---> Revenue ","52188","Artic Express","4277 Lyman Dr","Hilliard","OH","43026","Franklin","www.arcticexpress.com","6148764008","6148760985","Richard E Durst","Owner","Mal","48100000","450","421309","Trucking-Mot","5","0","1"
"82041","Cleveland Growers Marketing Co","edtousel@clevegrowers.com","3800 Orange Ave # 60","2164319332","2164319332","514805","Fruits & Vegetables-Growers & Shippers","www.clevegrowers.com"," Email <---> Revenue ","153219","Cleveland Growers Marketing Co","3800 Orange Ave # 60","Cleveland","OH","44115","Cuyahoga","www.clevegrowers.com","2164319332","2164319332","","","","32000000","0","514805","Fruits & Veg","5","2","1"
"122347","Geyers Market","ej@geyers.com","6 Plymouth street","4198843443","6124376181","5999","Marketing NEC","GEYERS.COM"," Email <---> Revenue ","289614","Geyer's Markets Inc","3144 Marion Avenue Rd","Mansfield","OH","44903","Richland","www.geyers.com","4198843443","4198841754","Eric Geyer","CEO","Mal","34400000","0","541105","Grocers-Reta","5","0","1"
"84968","Technical Consumer Products","Ellis@springlamp.com","300 Lena Dr","3309956188","3309956111","506319","Lighting Fixtures-Wholesale","NULL"," Email <---> Revenue ","683094","Technical Consumer Products","300 Lena Dr","Aurora","OH","44202","Portage","www.tcpi.com","3309956111","3309956188","Ellis Yan","President","Mal","28000000","0","539901","General Merc","5","0","1"
"279232","Bernens Medical & Pharmacy","Engelhardt.Bob@bernens.com","5053 Glenway Ave","5134711443","5134717575","516920","Oxygen (Wholesale)","NULL"," Email <---> Revenue ","78876","Bernens Medical & Pharmacy","5053 Glenway Ave","Cincinnati","OH","45238","Hamilton","","5134717575","5134711443","Bob Engelhardt","Owner","Mal","30030000","0","516920","Oxygen (Whol","5","0","1"
"106948","Evergreen Plastics LTD","evergreen@evergreenplastics.com","202 Watertower Dr","4195474551","4195471400","509323","Recycled Products (Wholesale)","www.evergreenplastics.com"," Email <---> Revenue ","244157","Evergreen Plastics LTD","202 Watertower Dr","Clyde","OH","43410","Sandusky","www.evergreenplastics.com","4195471400","4195474551","Byron Geiger","President","Mal","43409000","0","509323","Recycled Pro","5","0","1"
"86670","Atlantic Tool & Die Co","frank.mehwald@atlantictool.com","19963 Progress Dr","4402382210","4402386931","346904","Metal Stamping (Manufacturers)","NULL"," Email <---> Revenue ","55684","Atlantic Tool & Die Co","19963 Progress Dr","Strongsville","OH","44149","Cuyahoga","","4402386931","4402382210","Frank Mehwald","President","Mal","30000000","0","346904","Metal Stampi","5","0","1"
"60448","Industrial Shelving USA","freeman@kardex.com","PO Box 171","7403749300","7403742321","359915","Industrial Equipment & Supplies","shelvingusa.com"," Email <---> Revenue ","384497","Kardex Systems","PO Box 171","Marietta","OH","45750","Washington","www.kardex.com","7403749300","7403749953","Ron Nienhuis","CEO","Mal","25000000","0","384104","Physicians &","5","0","1"
"301530","Duncan Toys","gamecase@flambeau.com","15981 Valplast St","8123799707","4406321631","394402","Toys-Manufacturers","www.flambeau.com"," Email <---> Revenue ","221523","Duncan Toys","15981 Valplast St","Middlefield","OH","44062","Geauga","www.flambeau.com","4406321631","4406321581","Mike Burke","Manager","Mal","36800000","200","394402","Toys-Manufac","5","0","1"
"166589","Omni Security","Gary.Bender@omniinc.com","300 Ken Mar Industrial Pkwy","4405261233","4405260095","506324","Burglar Alarm Systems (Wholesale)","NULL"," Email <---> Revenue ","518302","Omni Security","300 Ken Mar Industrial Pkwy","Cleveland","OH","44147","Cuyahoga","www.omniinc.com","4405260095","4405261233","Gary Bender","Owner","Mal","32900000","50","506324","Burglar Alar","5","0","1"
"291163","Skilled Care Pharmacy","gary.kelly@skilledcare.com","6961 Cintas Blvd","5134598278","5134597626","591205","Pharmacies","NULL"," Email <---> Revenue ","636320","Skilled Care Pharmacy","6961 Cintas Blvd","Mason","OH","45040","Warren","www.skilledcare.com","5134597626","5134598278","Larry Galluzzo","Owner","Mal","45750000","0","591205","Pharmacies","5","2","1"
"125951","PRO II Respiratory Svc","Genie@pro2.net","5800 Creek Rd","5134697707","5134697702","516920","Oxygen (Wholesale)","NULL"," Email <---> Revenue ","525991","PRO II Respiratory Svc","5800 Creek Rd","Cincinnati","OH","45242","Hamilton","www.pro2.net","5134697702","5134697707","Genie Cordes","Owner","Fem","30030000","0","516920","Oxygen (Whol","5","0","1"
"98252","Anter Brothers","GeorgeA@anterbros.com","12501 Elmwood Ave","2162524566","2162524555","519402","Cigar Cigarette & Tobacco Dealers-Whol","NULL"," Email <---> Revenue ","45067","Anter Brothers","12501 Elmwood Ave","Cleveland","OH","44111","Cuyahoga","www.anterbros.com","2162524555","2162524566","George Anter","President","Mal","25000000","100","519402","Cigar Cigare","5","0","1"
"146017","Tri-County Fuels Inc","ggreer@tri-county.com","438 E Main St","4196444817","4196442441","517210","Gasoline & Oil-Wholesale","www.tri-county.com"," Email <---> Revenue ","703151","Tri-County Fuels Inc","438 E Main St","Metamora","OH","43540","Fulton","www.tri-county.com","4196442441","4196444817","Sam Victor","Owner","Mal","48690000","0","517210","Gasoline & O","5","0","1"
"97453","Ritchey Produce Co","gkreaps@ritchyproduce.com","1155 Ritchey Pkwy","7404543064","7404540545","514801","Fruits & Vegetables-Wholesale","www.ritcheyproduce.com"," Email <---> Revenue ","590914","Ritchey Produce Co","1155 Ritchey Pkwy","Zanesville","OH","43701","Muskingum","www.ritcheyproduce.com","7404540545","7404543064","Nadim Ritchey","Owner","Mal","38570000","70","514801","Fruits & Veg","5","0","1"
"16333","THE BOSWELL OIL COMPANY","gwearne@boswell-oil.com","5 W 4th Street 25th Floor","5134211200","15134210719","131103","Oil Companies","boswellterminals.com"," Email <---> Revenue ","93048","Boswell Oil Co","Central Trust Tower","Cincinnati","OH","45202","Hamilton","","5134211200","","","","","29214000","0","517206","Oils-Fuel (W","5","0","1"
"104743","Buck Equipment","HamiltonDennis@buckequipment.com","1720 Feddern Ave","6145393001","6145393039","508206","Contractors-Equip/Supls-Dlrs/Svc (Whol)","NULL"," Email <---> Revenue ","102606","Buck Equipment","1720 Feddern Ave","Grove City","OH","43123","Franklin","www.buckequipment.com","6145393039","6145393040","Dennis Hamilton","Owner","Mal","33415000","0","508206","Contractors-","5","0","1"
"280066","CMI","HankHessey@cmiteamwork.com","1332 Freese Works Pl","4194688364","4194689122","501315","Brakes-Distributors","NULL"," Email <---> Revenue ","113830","CMI","1332 Freese Works Pl","Galion","OH","44833","Crawford","www.crawfordmachineinc.com","4194689122","4194688364","Hank Hessey","Owner","Mal","25536000","57","501315","Brakes-Distr","5","0","1"
"305838","Clear Channel Radio","hantz@braincomm.com","2323 W 5th Ave","7136938672","6144866101","483201","Radio Stations & Broadcasting Companies","www.clearchannel.com"," Email <---> Revenue ","151702","Clear Channel Radio","2323 W 5th Ave","Columbus","OH","43204","Franklin","www.clearchannel.com","6144866101","6144873553","Tom Thom","Manager","Mal","29920000","0","483201","Radio Statio","5","0","1"
"86048","Heather Hill Home Health","HarrR@heatherhill.com","12340 Bass Lake Rd","4402850946","4402854040","805101","Nursing & Convalescent Homes","NULL"," Email <---> Revenue ","321505","Heather Hill Home Health","12340 Bass Lake Rd","Chardon","OH","44024","Geauga","www.heatherhill.com","4402854040","4402850946","Robert Harr","President","Mal","27440000","560","805101","Nursing & Co","5","0","1"
"260735","Cleveland Coin Machine Exch","Herman.Fox@ccme.net","16800 S Waterloo Rd","2166920085","2164868697","799301","Amusement Devices","NULL"," Email <---> Revenue ","152963","Cleveland Coin Machine Exch","16800 S Waterloo Rd","Cleveland","OH","44110","Cuyahoga","www.ccme.net","2164868697","2166920085","Herman Fox","President","Mal","27200000","100","799301","Amusement De","5","0","1"
"300165","Nilpeter","info.ph@ippe-group.net","11550 Goldcoast Dr","5134894450","5134894400","355502","Printing Equipment-Manufacturers","www.nilpeter.com"," Email <---> Revenue ","500404","Nilpeter","11550 Goldcoast Dr","Cincinnati","OH","45249","Hamilton","www.nilpeter.com","5134894400","5134894450","Andrew Colletta","CEO","Mal","28000000","0","355502","Printing Equ","5","0","1"
"323620","Office City Express","Ira@officesuppliesusa.com","149 Johnson Dr","7403632746","7403631765","502112","Office Furniture & Equip-Dealers (Whol)","NULL"," Email <---> Revenue ","511262","Office City Express","149 Johnson Dr","Delaware","OH","43015","Delaware","","7403631765","7403632746","Ira Ives","Owner","Mal","25640000","0","502112","Office Furni","5","0","1"
"185264","Salem Office Products","J.Szakal@salemoffice.com","4604 Salem Ave","9372744089","9372740900","502112","Office Furniture & Equip-Dealers (Whol)","NULL"," Email <---> Revenue ","611927","Salem Office Products","4604 Salem Ave","Dayton","OH","45416","Montgomery","www.salemoffice.com","9372740900","9372744089","Joe Szakal","Owner","Mal","28204000","0","502112","Office Furni","5","0","1"
"249345","Skidmore Sales & Distributing","jack.buecker@skidmore-sales.com","9889 Cincinnati Dayton Rd","5137594270","5137554200","514102","Food Brokers","NULL"," Email <---> Revenue ","636280","Skidmore Sales & Distributing","9889 Cincinnati Dayton Rd","West Chester","OH","45069","Butler","www.skidmore-sales.com","5137554200","5137594270","Gerald Skidmore","CEO","Mal","45000000","0","514102","Food Brokers","5","0","1"
"223950","Northwestern Ohio Foam Pkging","jacobs@fulton-net.com","123 S Shoop Ave","4193352380","4193354850","511308","Packaging Materials-Wholesale","NULL"," Email <---> Revenue ","506438","Northwestern Ohio Foam Pkging","123 S Shoop Ave","Wauseon","OH","43567","Fulton","www.nofp.com","4193354850","4193352380","Vance G Jacobs","President","Mal","26325000","0","511308","Packaging Ma","5","0","1"
"245992","Triad Metal Products Co","james.sparks@triadmetal.com","12990 Snow Rd","2166766510","2166766174","346904","Metal Stamping (Manufacturers)","NULL"," Email <---> Revenue ","703715","Triad Metal Products Co","12990 Snow Rd","Cleveland","OH","44130","Cuyahoga","www.triadmetal.com","2166766174","2166766510","Richard E Basista","CEO","Mal","30100000","0","346904","Metal Stampi","5","0","1"
"207731","Accel Group","James@accelgrp.com","325 Quadral Dr","3303361224","3303360317","504610","Store Fixtures (Wholesale)","NULL"," Email <---> Revenue ","14092","Accel Group","325 Quadral Dr","Wadsworth","OH","44281","Medina","www.accelgrp.com","3303360317","3303361224","James Terranova","CEO","Mal","39800000","0","504610","Store Fixtur","5","0","1"
"173809","Republic Storage Systems","JAnderson@republicstorage.com","1038 Belden Ave NE","3304547772","3304385800","349903","Metal Goods-Manufacturers","NULL"," Email <---> Revenue ","583947","Republic Storage Systems","1038 Belden Ave NE","Canton","OH","44705","Stark","www.republicstorage.com","3304385800","3304547772","James T Anderson","CEO","Mal","39000000","0","349903","Metal Goods-","5","0","1"
"271172","Mid-West Forge Corp","jcarlson@mid-westforge.com","17301 Saint Clair Ave","2164817288","2164813030","346201","Forgings (Manufacturers)","www.mid-westforge.com"," Email <---> Revenue ","467816","Mid-West Forge Corp","17301 Saint Clair Ave","Cleveland","OH","44110","Cuyahoga","www.mid-westforge.com","2164813030","2164817288","P C Gum","President","Mal","25000000","0","346201","Forgings (Ma","5","0","1"
"298643","Stand Energy Corp","jcox@stand-energy.com","1077 Celestial St # 110","5136213773","5136211113","492501","Gas Companies","www.standenergy.com"," Email <---> Revenue ","654802","Stand Energy Corp","1077 Celestial St # 110","Cincinnati","OH","45202","Hamilton","www.standenergy.com","5136211113","5136213773","Judith A Phillips","CEO","Fem","29600000","0","492501","Gas Companie","5","0","1"
"267281","Brenneman Lumber Co","jeff@brennemanlumber.com","51 Parrott Ext","7403929498","7403970573","503109","Lumber-Wholesale","www.brennemanlumber.com"," Email <---> Revenue ","96545","Brenneman Lumber Co","51 Parrott Ext","Mt Vernon","OH","43050","Knox","www.brennemanlumber.com","7403970573","7403929498","Doug Brenneman Sr","Owner","Mal","42900000","40","503109","Lumber-Whole","5","0","1"
"321805","Apria Healthcare","jerikson@azstarnet.com","4060 Business Park Dr","7153891406","6143515920","504712","Hospital Equipment & Supplies (Whol)","www.apria.com"," Email <---> Revenue ","47685","Apria Healthcare","4060 Business Park Dr","Columbus","OH","43204","Franklin","www.apria.com","6143515920","6143515942","Mark Fedor","Manager","Mal","29900000","0","504712","Hospital Equ","5","0","1"
"134781","Cin-Made Packaging Group","jewalt@cin-made.com","1780 Dreman Avenue","5136813600","null","8999","Services NEC","CIN-MADEPACKAGINGGROUP.COM"," Email <---> Revenue ","144934","Cin-Made Corp","1780 Dreman Ave","Cincinnati","OH","45223","Hamilton","www.cin-made.com","5136813600","5135415945","Hartmut Geisselbrecht","Manager","Mal","26319000","0","341101","Can-Manufact","5","0","1"
"282978","Ricerca Biosciences LLC","jiang_j@ricerca.com","7528 Auburn Rd","4403544415","4403573300","873402","Laboratories-Testing","www.ricerca.com"," Email <---> Revenue ","586434","Ricerca Biosciences LLC","7528 Auburn Rd","Painesville","OH","44077","Lake","www.ricerca.com","4403573300","4403544415","Thomas Bradshaw","CEO","Fem","30000000","205","873402","Laboratories","5","0","1"
"297330","Belmont Petroleum","Joel.Cash@belmontpetroleum.com","PO Box 472","7406330390","7406336300","517206","Oils-Fuel (Wholesale)","NULL"," Email <---> Revenue ","76383","Belmont Petroleum","53626 Barton Blaine Rd","Blaine","OH","43909","Belmont","www.belmontpetroleum.com","7406336300","7406330390","Joel Cash","Owner","Mal","40248000","12","517206","Oils-Fuel (W","5","0","1"
"268300","J Richard Industries","joeu@jrionline.com","3934 Concord St","4194764911","4194705641","8999","Services NEC","JRIONLINE.COM^^PGISYSTEMS.COM^^PORTECGROUP.COM"," Email <---> Revenue ","356889","J Richard Industries","3934 Concord St","Toledo","OH","43612","Lucas","www.jrionline.com","4194760502","4194762546","Lawrence Weber","President","Mal","45000000","0","349801","Tube-Bending","5","0","1"
"307933","Central Light","John@centrallight.com","544 W Liberty St","5136214340","5136216763","506319","Lighting Fixtures-Wholesale","NULL"," Email <---> Revenue ","130935","Central Light","544 W Liberty St","Cincinnati","OH","45214","Hamilton","www.centrallight.com","5136216763","5136214340","John Bruening","Owner","Mal","37387000","0","506319","Lighting Fix","5","0","1"
"59991","Hy-Test Safety Shoes","JohnL@hytest.com","10156 Reading Rd","5135637415","5135634220","513902","Shoes-Wholesale","NULL"," Email <---> Revenue ","341331","Hy-Test Safety Shoes","10156 Reading Rd","Cincinnati","OH","45241","Hamilton","","5135634220","5135637415","John Long","President","Mal","33600000","25","513902","Shoes-Wholes","5","0","1"
"222890","National Enterprise Systems","John_Brooks@nes1.net","29125 Solon Rd","4405421380","4405421360","732202","Collection Systems","NULL"," Email <---> Revenue ","490983","National Enterprise Systems","29125 Solon Rd","Cleveland","OH","44139","Cuyahoga","www.nes1.com","4405421360","4405421380","John Brooks","President","Mal","26000000","0","732201","Collection A","5","0","1"
"16973","J B Design Inc","jrb@corsaperf.com","140 Blaze Industrial Pkwy","4408911868","4408910999","373202","Boat Equipment & Supplies-Manufacturers","NULL"," Email <---> Revenue ","354453","J B Design Inc","140 Blaze Industrial Pkwy","Berea","OH","44017","Cuyahoga","www.corsaperf.com","4408910999","4408911868","James Browning","Owner","Mal","32250000","0","373202","Boat Equipme","5","0","1"
"144417","RCS Corp-Rock Capital Prods","Jurist-Gary@rcscorp.cc","3303 W 65th St","2162816601","2162816600","506507","Sound Systems & Equipment (Wholesale)","NULL"," Email <---> Revenue ","570909","RCS Corp-Rock Capital Prods","3303 W 65th St","Cleveland","OH","44102","Cuyahoga","www.rcscorp.cc","2162816600","2162816601","Gary Jurist","Owner","Mal","27270000","0","506507","Sound System","5","0","1"
"66310","Star Extruded Shapes Inc","Kenneth.George@business-journal.com","PO Box 553","3305331211","3305339863","335498","Aluminum Extruded Products (Mfrs)","NULL"," Email <---> Revenue ","655713","Star Extruded Shapes Inc","7055 Herbert Rd","Canfield","OH","44406","Mahoning","","3305339863","3305331211","Kenneth George Ii","President","Mal","26500000","100","335498","Aluminum Ext","5","0","1"
"195202","Whitworth Bus Sales;  Inc","kimwhitworth@surfbest.net","361 N. Main St","9378593331","9378597086","5311","Retail shops","WHITWORTHBUSSALES.COM"," Email <---> Revenue ","749621","Whitworth Bus Sales Inc","361 N Main St","Miamisburg","OH","45342","Montgomery","www.whitworthbussales.com","9378593331","9378597086","Kevin Whitworth","CEO","Mal","37000000","0","501207","Buses-Distri","5","0","1"
"270407","Surgical Appliance Industries","l.applegate@truform-otc.com","3960 Rosslyn Dr","5132714747","5132714594","384298","Orthopedic Prosthetic/Srgcl Appl (Mfrs)","NULL"," Email <---> Revenue ","673166","Surgical Appliance Industries","3960 Rosslyn Dr","Cincinnati","OH","45209","Hamilton","www.surgicalappliance.com/","5132714594","5132714747","L Thomas Applegate Jr","President","Mal","45000000","0","384298","Orthopedic P","5","0","1"
"266529","ADR Investigation Corp","larosenbaum@adr-1.com","26210 Emery Rd # 307","2165148889","2165148888","506304","Security Control Equip & Systems-Whol","NULL"," Email <---> Revenue ","10273","ADR Investigation Corp","26210 Emery Rd # 307","Cleveland","OH","44128","Cuyahoga","www.adr-1.com","2165148888","2165148889","Lex Rosenbaum","President","Mal","38150000","0","506304","Security Con","5","0","1"
"139545","Lehman Hardware & Appliance","LehmanGalen@laymens.com","PO Box 41","3308575785","3308575441","596102","Mail Order & Catalog Shopping","NULL"," Email <---> Revenue ","414025","Lehman Hardware & Appliance","1 Lehman Cr","Kidron","OH","44636","Wayne","www.laymens.com","3308575441","3308575785","Galen Lehman","President","Mal","40700000","100","596102","Mail Order &","5","0","1"
"120587","Shelly Co","les@osterland.com","2100 W 3rd St","2162411844","2162412215","161101","Paving Contractors","NULL"," Email <---> Revenue ","629447","Shelly Co","2100 W 3rd St","Cleveland","OH","44113","Cuyahoga","","2162412215","2162411844","Steve Alex","President","Mal","48160000","0","161101","Paving Contr","5","1","1"
"153595","Divine Inc","lisa.kelley@divine.com","2310 Refugee Rd","6148830790","6148830556","874104","Construction Management","NULL"," Email <---> Revenue ","210748","Divine Inc","2310 Refugee Rd","Columbus","OH","43207","Franklin","www.divinet.com","6148830556","6148830790","Tom Divine","Owner","Mal","38250000","0","874104","Construction","5","0","1"
"164614","Scott Industrial System","literature@mail.scottindustrial.com","4433 Interpoint Blvd","3178995484","9372338146","508520","Hydraulic Equipment & Supplies (Whol)","www.scottindustrialsystems.com"," Email <---> Revenue ","620128","Scott Industrial System","4433 Interpoint Blvd","Dayton","OH","45424","Montgomery","www.scottindustrialsystems.com","9372338146","9372331020","Mark Bryan","President","Mal","28500000","50","508520","Hydraulic Eq","5","0","1"
"222788","Marathon Special Products","lminnich@marathonsp.com","PO Box 468","4193520875","4193528441","3643","Current-Carrying Wiring Devices","NULL"," Email <---> Revenue ","432858","MARATHON Special Products","PO Box 468","Bowling Green","OH","43402","Wood","www.marathonsp.com","4193528441","4193520875","Larry Minnich","VP","Mal","39750000","0","364398","Current-Carr","5","0","1"
"203558","Card Pak Inc","Lynne.Gusky@cardpak.com","29601 Solon Rd","4405423399","4405423101","265701","Boxes-Folding-Manufacturers","NULL"," Email <---> Revenue ","121273","Card Pak Inc","29601 Solon Rd","Cleveland","OH","44139","Cuyahoga","www.cardpak.com","4405423101","4405423399","Rick Peters","President","Mal","30400000","0","265701","Boxes-Foldin","5","0","1"
"267473","Adapt-A-Pak Inc","mandy@adaptapak.com","9215 State Route 201","9378451739","9378450386","511308","Packaging Materials-Wholesale","www.adaptapak.com"," Email <---> Revenue ","17549","Adapt-A-Pak Inc","9215 State Route 201","Tipp City","OH","45371","Miami","www.adaptapak.com","9378450386","9378451739","","","","26325000","0","511308","Packaging Ma","5","0","1"
"63245","Kingswood Lumber Co","marb@khempco.com","900 W 3rd Ave","6144213054","6142943723","521126","Building Materials","www.nawoodproducts.com"," Email <---> Revenue ","394500","Kingswood Lumber Co","900 W 3rd Ave","Columbus","OH","43212","Franklin","www.khempco.com","6142943723","6142943163","Donnie Bowman","President","Mal","26250000","0","521126","Building Mat","5","0","1"
"163863","Novelty Advertising Co","mark.clark@noveltyadv.com","PO Box 250","7406225286","7406223113","519917","Advertising-Specialties (Wholesale)","NULL"," Email <---> Revenue ","507342","Novelty Advertising Co","1148 Walnut St","Coshocton","OH","43812","Coshocton","www.noveltyadv.com","7406223113","7406225286","Robert W Coffman","President","Mal","33746000","47","519917","Advertising-","5","0","1"
"301465","Walnut Creek Foods","MarkC@walnutcreekcheese.com","PO Box 240","3308522201","3308529001","514101","Food Products (Wholesale)","NULL"," Email <---> Revenue ","735615","Walnut Creek Foods","2617 State Road 39","Walnut Creek","OH","44687","Holmes","www.walnutcreekcheese.com","3308529001","3308522201","Mark Coblentz","Owner","Mal","39795000","35","514101","Food Product","5","0","1"
"260466","ZIN Technologies","matt.lekstutis@zin-tech.com","2001 Aerospace Pkwy","2169770350","2169770300","871133","Engineers-Professional","www.zin-tech.com"," Email <---> Revenue ","765671","ZIN Technologies","2001 Aerospace Pkwy","Cleveland","OH","44142","Cuyahoga","www.zin-tech.com","2169770300","2169770350","Daryl Laisure","CEO","Mal","31600000","200","871133","Engineers-Pr","5","0","1"
"234230","Hodell-Natco Industries Inc","mfladda@hodell-natco.com","7825 Hub Pkwy","3145674669","2164470165","507201","Bolts & Nuts (Wholesale)","www.hodell-natco.com"," Email <---> Revenue ","329914","Hodell-Natco Industries Inc","7825 Hub Pkwy","Cleveland","OH","44125","Cuyahoga","www.hodell-natco.com","2164470165","2164475078","Otto Reidl","President","Mal","30450000","0","507201","Bolts & Nuts","5","0","1"
"217733","Dorothy Lane Market Inc","mhieb@dorothylane.com","2710 Far Hills Ave","9372993568","9372993561","541105","Grocers-Retail","NULL"," Email <---> Revenue ","216670","Dorothy Lane Market Inc","2710 Far Hills Ave","Dayton","OH","45419","Montgomery","","9372993561","9372993568","Norman Mayne","CEO","Mal","40100000","0","541105","Grocers-Reta","5","0","1"
"155173","S Rose Inc","mike.hardin@srose.com","1213 Prospect Ave E","2167818206","2167818200","502112","Office Furniture & Equip-Dealers (Whol)","NULL"," Email <---> Revenue ","608557","S Rose Inc","1213 Prospect Ave E","Cleveland","OH","44115","Cuyahoga","www.srose.com","2167818200","2167818206","Clark Rose","Owner","Mal","27563000","0","502112","Office Furni","5","0","1"
"115195","Ohio Willow Wood Co","mike.hopkins@owwco.com","PO Box 130","7408694374","7408693377","384298","Orthopedic Prosthetic/Srgcl Appl (Mfrs)","NULL"," Email <---> Revenue ","516109","Ohio Willow Wood Co","15441 Scioto Darby Rd","Mt Sterling","OH","43143","Madison","www.owwco.com","7408693377","7408694374","Robert Arbogast","Owner","Mal","31360000","160","384298","Orthopedic P","5","0","1"
"199348","Seal-Tite","MikeK@sealtitehvac.com","120 Moore Rd","9373931262","9373934268","344403","Sheet Metal Fabricators","NULL"," Email <---> Revenue ","621166","Seal-Tite","120 Moore Rd","Hillsboro","OH","45133","Highland","www.sealtitehvac.com","9373934268","9373931262","Mike Kelly","President","Mal","30750000","0","344403","Sheet Metal ","5","0","1"
"163825","Steve Mix Basketball Academy","Mix@basketballacademy.com","1630 Market Place Dr","4198979062","4198979018","794103","Basketball Clubs","NULL"," Email <---> Revenue ","660833","Steve Mix Basketball Academy","1630 Market Place Dr","Maumee","OH","43537","Lucas","","4198979018","","Steve Mix","President","Mal","25900000","0","794103","Basketball C","5","0","1"
"304767","Taylor Made Glass","mmathewson@taylormarine.com","407 N Maple St","4192632661","4192632313","323198","Glass Prod Made-Purchased Glass (Mfrs)","www.taylormarine.com"," Email <---> Revenue ","682159","Taylor Made Glass","407 N Maple St","Payne","OH","45880","Paulding","www.taylormarine.com","4192632313","4192632661","Chuck Schreiber","Plant Mgr","Mal","39750000","0","323198","Glass Prod M","5","0","1"
"262380","Ohmart-Vega Corp","mmendenh@ohmartvega.com","4241 Allendorf Dr","NULL","5132720131","382598","Instrs-Measuring/Testing Elec (Mfrs)","NULL"," Email <---> Revenue ","516279","Ohmart-Vega Corp","4241 Allendorf Dr","Cincinnati","OH","45209","Hamilton","www.ohmart.com","5132720131","","Joe Stigler","President","Mal","39900000","140","382598","Instrs-Measu","5","0","1"
"308622","ASW Supply Chain Svc","Monty@aswservices.com","3325 Gilchrist Rd","3307330663","3307332400","422505","Warehouses-Merchandise & Self Storage","NULL"," Email <---> Revenue ","11804","ASW Supply Chain Svc","3325 Gilchrist Rd","Mogadore","OH","44260","Summit","www.aswservices.com","3307332400","3307330663","Monty Miller","CEO","Mal","31500000","250","422505","Warehouses-M","5","0","1"
"285856","JBM Envelope Co","mrudolph@jbmenvelopeco.com","2850 Henkle Dr","5139338333","null","275202","Printers","JBMENVELOPE.BIZ;JBMENVELOPE.COM;JBMENVELOPE.INFO;JBMENVELOPE.NET;JBMENVELOPECO.COM;PROGRESSIVEPRINTE"," Email <---> Revenue ","357902","JBM Envelope Co","2850 Henkle Dr","Lebanon","OH","45036","Warren","","5139338333","5139339300","Greg Sheanshang","Owner","Mal","32500000","0","267701","Envelopes-Ma","5","0","1"
"172597","Visions Manufacturing","MTom@visionsmfg.com","PO Box 337","4195866597","4195866433","347998","Coating Engraving/Allied Svcs Nec (Mfrs)","NULL"," Email <---> Revenue ","730131","Visions Manufacturing","1 Visions Pkwy","Celina","OH","45822","Mercer","www.visionsmfg.com","4195866433","4195866597","Tom Meyer","Owner","Mal","29550000","150","347998","Coating Engr","5","0","1"
"91874","Greenfield Research","M_P@greenfieldresearchinc.com","347 Edgewood Ave","9379813763","9379817763","239698","Automotive Trimming/Apprl Findings (Mfr)","NULL"," Email <---> Revenue ","302792","Greenfield Research","347 Edgewood Ave","Greenfield","OH","45123","Highland","www.greenfieldresearchinc.com","9379817763","9379813763","Mike Penn","President","Mal","38000000","0","239698","Automotive T","5","0","1"
"280331","Neundorfer Inc","nickis@neundorfer.com","4590 Hamann Pkwy","4409426824","4409428990","509908","Manufacturers-Agents & Representatives","www.neundorfer.com"," Email <---> Revenue ","495359","Neundorfer Inc","4590 Hamann Pkwy","Willoughby","OH","44094","Lake","www.neundorfer.com","4409428990","4409426824","Michael Neundorfer","Owner","Mal","33040000","0","509908","Manufacturer","5","0","1"
"193452","Shelter Guard Security","NickKehagias@shelterguard.com","6665 Huntley Rd # B","6148445140","6148445222","506304","Security Control Equip & Systems-Whol","NULL"," Email <---> Revenue ","629576","Shelter Guard Security","6665 Huntley Rd # B","Columbus","OH","43229","Franklin","www.shelterguard.com","6148445222","6148445140","Nick Kehagias","President","Mal","32900000","50","506304","Security Con","5","0","1"
"277761","IMS Co","onlineservices@www.imscompany.com","10373 Stafford Rd","4405431069","4405431615","508480","Plastics-Machinery & Equipment (Whol)","www.imscompany.com"," Email <---> Revenue ","342756","IMS Co","10373 Stafford Rd","Chagrin Falls","OH","44023","Cuyahoga","www.imscompany.com","4405431615","4405431069","Brad Morse","President","Mal","35360000","0","508480","Plastics-Mac","5","0","1"
"66629","Osburn Associates Office","osburn@osburnassociates.com","9383 Vanatta Rd","7403858016","7403856869","366198","Telephone & Telegraph Apparatus (Mfrs)","www.osburnassociates.com"," Email <---> Revenue ","521573","Osburn Associates Office","9383 Vanatta Rd","Logan","OH","43138","Hocking","www.osburnassociates.com","7403856869","7403858016","Harry Osburn","Owner","Mal","46900000","100","366198","Telephone & ","5","0","1"
"211995","Meritech Blue","P.Hanna@meritechblue.com","5885 Grant Ave","2162710084","2162714800","504403","Copying & Duplicating Machines & Supls","NULL"," Email <---> Revenue ","461822","Meritech Blue","5885 Grant Ave","Cleveland","OH","44105","Cuyahoga","","2162714800","2162710084","Paul Hanna","Owner","Mal","43290000","130","504403","Copying & Du","5","0","1"
"102405","Tempo Products Co","pat.mckenna@tempoproducts.com","6200 Cochran Rd","4403494241","4402481450","285198","Paint Varnish & Allied Products (Mfrs)","NULL"," Email <---> Revenue ","684432","Tempo Products Co","6200 Cochran Rd","Cleveland","OH","44139","Cuyahoga","www.tempoproducts.com","4402481450","4403494241","Pat Mc Kenna","CEO","","34925000","0","285198","Paint Varnis","5","0","1"
"265072","Minerva Cheese Factory","Phil_Mueller@farmworld.com","PO Box 60","3308687947","3308684196","514301","Cheese-Wholesale","NULL"," Email <---> Revenue ","473658","Minerva Cheese Factory","430 Radloff Ave","Minerva","OH","44657","Stark","","3308684196","3308687947","Phil Mueller","Owner","Mal","46080000","48","514301","Cheese-Whole","5","0","1"
"224381","Columbus Kenworth Inc","prausch@columbuskw.com","4039 Lyman Dr","6148769266","6148769491","551105","Truck-Dealers","www.columbuskenworth.net"," Email <---> Revenue ","160113","Columbus Kenworth Inc","4039 Lyman Dr","Hilliard","OH","43026","Franklin","www.columbuskenworth.net","6148769491","6148769266","Mike Stanich","Manager","Mal","42950000","0","551105","Truck-Dealer","5","2","1"
"210004","Plastic Suppliers Inc","psinfo@plasticsuppliers.com","2887 Johnstown Rd","2144673714","6144719100","308102","Plastics-Fabrics,Film-Etc Producer (Mfr)","Film-Etc Producer (Mfr)"," Email <---> Revenue ","548465","Plastic Suppliers Inc","2400 Marilyn Ln","Columbus","OH","43219","Franklin","www.plasticsuppliers.com","6144758010","6144750264","Jim Allen","Plant Mgr","Mal","39720000","120","308102","Plastics-Fab","5","0","1"
"263264","Gene Ptacek & Son Fire Equip","Ptacek@gpsfire.com","7310 Associate Ave","2166513435","2166518300","509903","Fire Extinguishers (Wholesale)","NULL"," Email <---> Revenue ","286015","Gene Ptacek & Son Fire Equip","7310 Associate Ave","Cleveland","OH","44144","Cuyahoga","","2166518300","2166513435","Maryjane Ptacek","President","Fem","30208000","0","509903","Fire Extingu","5","0","1"
"274283","RAS Manufacturing","ralesi@rasmfg.com","2749 Salt Springs Rd","3307938677","3307938611","344106","Steel-Structural (Manufacturers)","NULL"," Email <---> Revenue ","570742","RAS Manufacturing","2749 Salt Springs Rd","Youngstown","OH","44509","Mahoning","www.rasmfg.com","3307938611","3307938677","W Richard Alesi","CEO","Mal","27600000","0","344106","Steel-Struct","5","0","1"
"183847","Heartland Healthcare Svc","rebecca.leedy@hhstol.com","4755 South Ave","4195355682","4195378364","283404","Drug Millers","www.hhstol.com"," Email <---> Revenue ","321156","Heartland Healthcare Svc","4755 South Ave","Toledo","OH","43615","Lucas","www.hhstol.com","4195378364","4195355682","","","","45750000","0","591207","Pharmaceutic","5","0","1"
"245901","Circon ACMI","reimbursement@gyrusacmi.com","93 N Pleasant St","4196604151","4196688201","384198","Surgical/Med Instruments/Apparatus (Mfr)","www.acmicorp.com"," Email <---> Revenue ","147183","Circon ACMI","93 N Pleasant St","Norwalk","OH","44857","Huron","www.acmicorp.com","4196688201","4196604151","Tom Motta","Plant Mgr","Mal","40250000","0","384198","Surgical/Med","5","0","1"
"88749","Brinkman Turkey Farm & Cannery","RexB@brinkmanfarms.com","16314 Us Rte 68","4193651284","4193655127","203302","Canning (Manufacturers)","NULL"," Email <---> Revenue ","98411","Brinkman Turkey Farm & Cannery","16314 Us Rte 68","Findlay","OH","45840","Hancock","www.brinkmanfarms.com","4193655127","4193651284","Rex Brinkman","President","Mal","34230000","0","203302","Canning (Man","5","0","1"
"10671","Designed Metal Products","rfischer@designedmetal.com","119 Elm Street","4195242833","4195240173","1099","Metal ores","designedmetal.com"," Email <---> Revenue ","205329","Designed Metal Products Inc","PO Box 1588","Mansfield","OH","44901","Richland","www.designedmetal.com","4195242833","4195240173","Brian Bacin","Owner","Mal","44520000","0","346904","Metal Stampi","5","0","1"
"314724","Zumstein Inc","rmassengill@zumstein.com","524 North Water St","9379622611","9379622687","421309","Trucking-Motor Freight","www.zumstein.com"," Email <---> Revenue ","767726","Zumstein Inc","524 North Water St","Lewisburg","OH","45338","Preble","www.zumstein.com","9379622687","9379622611","Ed Zumstein","Owner","Mal","45300000","300","421309","Trucking-Mot","5","0","1"
"263415","Massillon Container Co","Robert.Vail@vailindustries.com","49 Ohio St SW","3308792772","3308795653","511318","Boxes-Corrugated & Fiber (Wholesale)","NULL"," Email <---> Revenue ","448914","Massillon Container Co","49 Ohio St SW","Navarre","OH","44662","Stark","www.vailpkg.com","3308795653","3308792772","Robert F Vail Jr","President","Mal","45279000","0","511318","Boxes-Corrug","5","0","1"
"253640","Johns Manville Intl","robinsonb@jm.com","925 Carpenter Rd","4198781297","4197847000","329603","Insulation-Manufacturers","www.jm.com"," Email <---> Revenue ","375554","Johns Manville Intl","3rd & Perry St","Defiance","OH","43512","Defiance","","4197847000","4197847097","Roger Snow","Plant Mgr","Mal","28000000","250","329603","Insulation-M","5","0","1"
"275702","Sylorr Plant Corp","Rod_Qualls@spectrumbrands.com","2308 S Crown Hill Rd","3306820081","3306825010","519114","Fertilizers (Wholesale)","NULL"," Email <---> Revenue ","675327","Sylorr Plant Corp","2308 S Crown Hill Rd","Orrville","OH","44667","Wayne","www.spectrumbrands.com","3306825010","3306820081","Rod Qualls","Owner","Mal","39900000","0","519114","Fertilizers ","5","0","1"
"226777","Rouen Lincoln Mercury Suzuki","Rouen@southsidemotors.com","PO Box 1330","4198936422","4198935353","551103","Automobile Dealers-Used Cars","NULL"," Email <---> Revenue ","603136","Rouen Lincoln Mercury Suzuki","1361 Conant St","Maumee","OH","43537","Lucas","www.southsidemotors.com","4198935353","4198936422","Michael Rouen","Owner","Mal","27821000","43","551103","Automobile D","5","1","1"
"151880","Smurfit-Stone Container Corp","roy@hinrichs.cc","2105 E Kemper Rd","9038779392","5137711009","265701","Boxes-Folding-Manufacturers","www.sscc.com"," Email <---> Revenue ","639679","Smurfit-Stone Container Corp","2105 E Kemper Rd","Cincinnati","OH","45241","Hamilton","www.sscc.com","5137711009","","Dick Vance","Plant Mgr","Mal","48000000","0","265701","Boxes-Foldin","5","0","1"
"302822","Galion Dump Bodies","rthomas@galion-godwin.com","7415 Peabody Kent Rd","3303595660","3303595495","371398","Truck & Bus Bodies (Manufacturers)","www.galionequipment.homestead.com"," Email <---> Revenue ","281057","Galion Dump Bodies","7415 Peabody Kent Rd","Winesburg","OH","44690","Holmes","www.galionequipment.homestead.com","3303595495","3303595660","Richard Boone","Plant Mgr","Mal","27200000","100","371398","Truck & Bus ","5","0","1"
"197820","Brown Distributing","R_Brown@browndistributing.com","51 Swans Rd NE","7403457546","7403459621","518101","Beer & Ale-Wholesale","NULL"," Email <---> Revenue ","100444","Brown Distributing","51 Swans Rd NE","Newark","OH","43055","Licking","","7403459621","7403457546","Richard Brown","Owner","Mal","25596000","54","518101","Beer & Ale-W","5","0","1"
"232652","G & S Titanium","R_Geiser@gstitanium.com","4000 E Lincoln Way","3302621550","3302643243","281601","Titanium (Manufacturers)","NULL"," Email <---> Revenue ","278229","G & S Titanium","1550 Spruce St","Wooster","OH","44691","Wayne","www.gstitanium.com","3302630564","3302621550","Roger N Geiser","President","Mal","32805000","0","281601","Titanium (Ma","5","0","1"
"271892","Anderson-Bolds","S.Bob@anderson-bolds.com","24050 Commerce Park # 2","2163600425","2163609800","509908","Manufacturers-Agents & Representatives","NULL"," Email <---> Revenue ","42464","Anderson-Bolds","24050 Commerce Park # 2","Cleveland","OH","44122","Cuyahoga","www.anderson-bolds.com","2163609800","2163600425","Bob Sords","Owner","Mal","28320000","0","509908","Manufacturer","5","0","1"
"317109","SAMSEL SUPPLY CO","samsel@samselsup.com","1285 Old River Rd","2162410333","2162413426","5311","Retail shops","SAMSELSUPPLY.COM"," Email <---> Revenue ","613651","Samsel Supply Co","1285 Old River Rd","Cleveland","OH","44113","Cuyahoga","www.samselsupply.com","2162410333","2162413426","Kathleen Petrick","President","Fem","28500000","0","508522","Industrial E","5","0","1"
"265334","Absolute Health Svc","Schroer@abshealth.com","7233 Whipple Ave NW","3304988108","3304988200","872103","Billing Service","NULL"," Email <---> Revenue ","13640","Absolute Health Svc","7233 Whipple Ave NW","North Canton","OH","44720","Stark","","3304988200","3304988108","Gerald Schroer","Owner","Mal","42500000","0","872103","Billing Serv","5","0","1"
"273292","Lighting Products","SeymourStein@lighting-products.com","105 N Eagle St","4404660186","4404668007","364102","Lighting Fixtures-Supplies & Parts-Mfrs","NULL"," Email <---> Revenue ","418861","Lighting Products","105 N Eagle St","Geneva","OH","44041","Ashtabula","www.atc-lighting-plastics.com","4404668007","4404660186","Seymour Stein","President","Mal","34700000","0","364102","Lighting Fix","5","0","1"
"274726","Showa Aluminum Corp Of America","Shibata@showaaluminum.com","10500 Oday Harrison Rd","7408693309","7408693333","344311","Heat Exchangers-Manufacturers","NULL"," Email <---> Revenue ","632223","Showa Aluminum Corp Of America","10500 Oday Harrison Rd","Mt Sterling","OH","43143","Madison","www.showaaluminum.com","7408693333","7408693309","Tetsuo Shibata","President","Mal","25000000","0","344311","Heat Exchang","5","0","1"
"178087","NFM Welding Engineers Inc","sswollen@nfm.net","1339 Duncan St SW","3308372230","3308373868","769203","Welding","NULL"," Email <---> Revenue ","488417","NFM Welding Engineers Inc","1339 Duncan St SW","Massillon","OH","44647","Stark","www.nfmwe.com","3308373868","3308377727","Philip Roberson","President","Mal","25050000","0","359903","Machine Shop","5","0","1"
"13014","Steiner Ag Products","Steiner.Dallas@ventrac.net","328 E Water St","3306830000","3306830075","352304","Farm Equipment-Manufacturers","NULL"," Email <---> Revenue ","659154","Steiner Ag Products","328 E Water St","Orrville","OH","44667","Wayne","www.ventrac.com","3306830075","3306830000","Dallas Steiner","President","Mal","26975000","0","352304","Farm Equipme","5","0","1"
"311666","Telos Systems Omnia Audio","SteveChurch@telos-systems.com","2101 Superior Ave E","2162414103","2162417225","506504","Radio Communication Equip & Systems-Whol","NULL"," Email <---> Revenue ","684220","Telos Systems Omnia Audio","2101 Superior Ave E","Cleveland","OH","44114","Cuyahoga","www.telos-systems.com","2162417225","2162414103","Steve Church","President","Mal","40400000","0","506504","Radio Commun","5","0","1"
"308095","Transportation Dept","stevehakes@libertylending.net","3427 Southwest Blvd","6148712781","6148018550","478977","Transportation","www.swcs.k12.oh.us"," Email <---> Revenue ","700885","Transportation Dept","3427 Southwest Blvd","Grove City","OH","43123","Franklin","www.swcs.k12.oh.us","6148018550","6148018568","Bill Rizer","Manager","Mal","31280000","0","478977","Transportati","5","0","1"
"149152","Fmc Foodtech","SteveSmith@fmcfoodtech.com","1622 1st St","4196269560","4196260304","355698","Food Products-Machinery (Manufacturers)","NULL"," Email <---> Revenue ","266879","Fmc Foodtech","1622 1st St","Sandusky","OH","44870","Erie","","4196260304","4196269560","Charlie Rogers","Manager","Mal","25000000","0","355698","Food Product","5","0","1"
"226958","Rural Metro Ambulance","T-Walker@ruralmetrotn.com","5171 Canal Rd","2163814457","2163816001","411902","Ambulance Service","NULL"," Email <---> Revenue ","605469","Rural Metro Ambulance","5171 Canal Rd","Cleveland","OH","44125","Cuyahoga","","2163816001","2163814457","Todd Walker","President","Mal","35400000","600","411902","Ambulance Se","5","0","1"
"246397","Smiths Aerospace","tim.todd@smiths-aerospace.com","740 E National Rd","9378985819","9378985881","381201","Aerospace Industries","NULL"," Email <---> Revenue ","639164","Smiths Aerospace","740 E National Rd","Vandalia","OH","45377","Montgomery","www.smiths-aerospace.com","9378985881","9378985819","Vic Bonneau","President","Mal","37000000","0","381201","Aerospace In","5","0","1"
"242871","Hercules Tire & Rubber Co","tkin@herculestire.com","1300 Morrical Blvd","4194256404","4194256400","344316","Pressurization Equipment (Mfrs)","NULL"," Email <---> Revenue ","324516","Hercules Tire & Rubber Co","1300 Morrical Blvd","Findlay","OH","45840","Hancock","www.herculestire.com","4194256400","4194256404","Craig E Anderson","CEO","Mal","29240000","170","344316","Pressurizati","5","0","1"
"321322","Universal Fabricating & Constr","tkuntzman@unifacs.com","1241 Mckinley Ave","6142749116","6142741128","331298","Steel Works/Blast Furnaces/Rolling Mls","www.unifacs.com"," Email <---> Revenue ","718338","Universal Fabricating & Constr","1241 Mckinley Ave","Columbus","OH","43222","Franklin","www.unifacs.com","6142741128","6142749116","Steve Finkle","President","Mal","40640000","80","331298","Steel Works/","5","0","1"
"80973","Heidelberg Distributing Co","tmchugh@heidelbergdist.com","3801 Parkwest Dr","6143080500","6143080400","518101","Beer & Ale-Wholesale","NULL"," Email <---> Revenue ","322110","Heidelberg Distributing Co","3801 Parkwest Dr","Columbus","OH","43228","Franklin","www.heidelbergdistributing.com","6143080400","6143080500","Bob Varner","President","Mal","46760000","0","518101","Beer & Ale-W","5","0","1"
"307056","Gac Mid America Inc","tpoure@gacchemical.com","2244 Centennial Rd","4198656413","4198658000","289905","Chemicals-Manufacturers","NULL"," Email <---> Revenue ","280481","Gac Mid America Inc","2244 Centennial Rd","Toledo","OH","43617","Lucas","www.gacchemical.com","4198658000","4198656413","Timothy Poure","Owner","Mal","27300000","0","289905","Chemicals-Ma","5","0","1"
"229142","Eickert","UweEickert@arius-eickert.com","2201 Commerce Dr","4193342383","4193321380","342198","Cutlery-Manufacturers","NULL"," Email <---> Revenue ","232996","Eickert","2201 Commerce Dr","Fremont","OH","43420","Sandusky","www.arius-eickert.com","4193323417","4193342383","Uwe Eickert","Owner","Mal","33630000","0","342198","Cutlery-Manu","5","0","1"
"212970","Walt Sweeney Ford","Walt@waltsweeney.com","5400 Glenway Ave","5139220786","5139224500","551103","Automobile Dealers-Used Cars","NULL"," Email <---> Revenue ","735863","Walt Sweeney Ford","5400 Glenway Ave","Cincinnati","OH","45238","Hamilton","","5139224500","5139220786","Walt Sweeney","Owner","Mal","39000000","0","551103","Automobile D","5","1","1"
"126655","R L Drake Co","web-form@rldrake.com","230 Industrial Dr","9377434511","9377464556","366305","Satellite Equipment & Systems-Mfrs","www.rldrake.com"," Email <---> Revenue ","569624","R L Drake Co","230 Industrial Dr","Franklin","OH","45005","Warren","www.rldrake.com","9377464456","9377434511","Ronald Wysong","CEO","Mal","48700000","0","366305","Satellite Eq","5","0","1"
"169313","WTVG","wtvg.events@abc.com","4247 Dorr St","4195311399","4195311313","483301","Television Stations & Broadcasting CO","www.13abc.com"," Email <---> Revenue ","733386","WTVG","4247 Dorr St","Toledo","OH","43607","Lucas","","4195311313","4195311399","David Zamichow","Manager","Mal","48360000","0","483301","Television S","5","0","1"
"247372","Sunnex Inc","yoshikazu.kuwahara@sunnexinc.com","700 Watkins Glen Dr","9377439069","9377439186","508510","Sprockets (Wholesale)","NULL"," Email <---> Revenue ","670418","Sunnex Inc","700 Watkins Glen Dr","Franklin","OH","45005","Warren","www.sunstar-mc.com","9377439186","9377439069","Mike Messer","President","Mal","37050000","0","508510","Sprockets (W","5","0","1"
