mail id,company,email,address,phone,fax,sic,sic description,web,,revenue id,company,address,city,state,zip,	metro,web,phone,fax,contact,position,gender,sales,# of employee,sic,sic_descrpiton,	,,
"162710","Meridian Bioscience Inc","wmotto@meridianbioscience.com","PO Box 44216","5132713762","5132713700","384104","Physicians & Surgeons Equip & Supls-Mfrs","NULL"," Email <---> Revenue ","461709","Meridian Bioscience Inc","3471 River Hills Dr","Cincinnati","OH","45244","Clermont","www.meridianbioscience.com","5132713700","5132713762","William J Motto","CEO","Mal","79606000","356","384104","Physicians &","6","0","1"
"28324","Allied Machine & Engineering","william.stokey@alliedmachine.com","NULL","3303434781","330-343-4283","3541","Machine Tools","Metal Cutting Types"," Email <---> Revenue ","31116","Allied Machine & Engineering","120 Deeds Dr","Dover","OH","44622","Tuscarawas","www.alliedmachine.com","3303434283","3306023400","William H Stokey","CEO","Mal","67320000","0","354598","Cutting Tool","6","0","1"
"311184","Cleveland Motion Controls","wfoley@cmccontrols.com","7550 Hub Pkwy","2166422131","216-524-8800","369902","Electric Equipment-Manufacturers","Equipment"," Email <---> Revenue ","153516","Cleveland Motion Controls","7550 Hub Pkwy","Cleveland","OH","44125","Cuyahoga","www.cmccontrols.com","2165248800","2166422131","Wayne Foley","CEO","Mal","69000000","0","362504","Electric Mot","6","0","1"
"44313","Whiteside Chevrolet Olds","W-Robert@whitesides.com","50714 National Rd E","7406992473","7406950211","551103","Automobile Dealers-Used Cars","NULL"," Email <---> Revenue ","749321","Whiteside Chevrolet Olds","50714 National Rd E","St Clairsville","OH","43950","Belmont","www.whitesides.com","7406950211","7406992473","Robert Whiteside","Owner","Mal","80520000","0","551103","Automobile D","6","1","1"
"308875","TPC Food Svc","T_Maiberger@tpcfoodservice.com","265 6th Ave","4194477646","4194472121","514101","Food Products (Wholesale)","NULL"," Email <---> Revenue ","678906","TPC Food Svc","265 6th Ave","Tiffin","OH","44883","Seneca","www.tpcfoodservice.com","4194472121","4194477646","Thomas M Maiberger","President","Mal","56850000","0","514101","Food Product","6","0","1"
"156860","Heatermeals Inc","TZimmerman@heatermeals.com","311 Northland Blvd","5137723269","5137723066","514101","Food Products (Wholesale)","NULL"," Email <---> Revenue ","321405","Heatermeals Inc","311 Northland Blvd","Cincinnati","OH","45246","Hamilton","www.heatermeals.com","5137723066","5137723269","Tim Zimmerman","Owner","Mal","56850000","50","514101","Food Product","6","0","1"
"307033","Fairport Yachts LTD","tranmkp@neosoft.com","1920 Fairport Nursery Rd","4403546162","4403576612","373201","Boats-Manufacturers","www.tartanyachts.com"," Email <---> Revenue ","249273","Fairport Yachts LTD","1920 Fairport Nursery Rd","Fairport Harbor","OH","44077","Lake","www.tartanyachts.com","4403543111","4403546162","Dan Kiss","Plant Mgr","Mal","51600000","0","373201","Boats-Manufa","6","0","1"
"210360","Babcock & Wilcox","tpearson@babcock.com","74 Robinson Ave","3308606251","3307539750","507420","Boilers-New & Used (Wholesale)","NULL"," Email <---> Revenue ","64700","Babcock & Wilcox","74 Robinson Ave","Barberton","OH","44203","Summit","www.babcock.com","3307539750","3308606251","Dave Keller","President","Mal","86850000","0","507420","Boilers-New ","6","0","1"
"311577","First Choice Packaging","TomickP@firstchoicepackaging.com","1501 W State St","4193346564","4193326402","506323","Batteries-Dry Cell-Wholesale","NULL"," Email <---> Revenue ","261033","First Choice Packaging","1501 W State St","Fremont","OH","43420","Sandusky","","4193326402","4193346564","Paul Tomick","Owner","Mal","98700000","150","506323","Batteries-Dr","6","0","1"
"204077","Miami Valley Intl Trucks","Tim_Reilly@mviday.com","PO Box 14016","9378986096","9378983660","501302","Truck Equipment & Parts-Wholesale","NULL"," Email <---> Revenue ","464328","Miami Valley Intl Trucks","7655 Poe Ave","Dayton","OH","45414","Montgomery","","9378983660","9378986096","Tim Reilly","Owner","Mal","53100000","100","501302","Truck Equipm","6","0","1"
"201508","Industrial Powder Coating","Ted@execpc.com","204 Republic St","4196602496","4196684436","347904","Coatings-Protective-Manufacturers","NULL"," Email <---> Revenue ","346561","Industrial Powder Coating","204 Republic St","Norwalk","OH","44857","Huron","www.ipcoatings.com","4196684436","4196602496","Ted Mc Quade","President","Mal","83139000","0","347904","Coatings-Pro","6","0","1"
"311179","WSYX","tbaltazar@wsyx6.com","1261 Dublin Rd","6144816624","6144816666","483301","Television Stations & Broadcasting CO","www.wsyx6.com"," Email <---> Revenue ","733360","WSYX","1261 Dublin Rd","Columbus","OH","43215","Franklin","www.wsyx6.com","6144816666","6144816624","Dan Mellon","Manager","Mal","70525000","0","483301","Television S","6","0","1"
"287170","Procopy","T-Cali@procopyltd.com","4720 Glendale Milford Rd","5137690080","5137690606","506528","Facsimile Communication Equipment (Whol)","NULL"," Email <---> Revenue ","559498","Procopy","4720 Glendale Milford Rd","Cincinnati","OH","45242","Hamilton","www.procopyltd.com","5137690606","5137690080","Tony Cali","Owner","Mal","80800000","80","506528","Facsimile Co","6","0","1"
"203914","American Interiors","Steven.Essig@americaninteriorsinc.com","302 S Byrne Rd # 100","4195351899","4195351808","252204","Office Furniture & Equip-Mfrs","NULL"," Email <---> Revenue ","37787","American Interiors","302 S Byrne Rd # 100","Toledo","OH","43615","Lucas","www.aminteriors.com","4195351808","4195351899","Steven Essig","CEO","Mal","52350000","0","252204","Office Furni","6","0","1"
"285894","Marlite","rtruex@zoarinteractive.com","202 Harger St","3303437296","3303436621","254209","Display Fixtures & Materials-Mfrs","www.marlite.com"," Email <---> Revenue ","445264","Marlite","202 Harger St","Dover","OH","44622","Tuscarawas","www.marlite.com","3303436621","3303437296","John Popa","Exec VP","Mal","52400000","180","254209","Display Fixt","6","0","1"
"231566","Regent Manufacturing","Ron-Thompson@regent4gse.com","PO Box 789","4192983010","4192982394","346904","Metal Stamping (Manufacturers)","NULL"," Email <---> Revenue ","581027","Regent Manufacturing","228 E Morrison St","Edgerton","OH","43517","Williams","","4192982394","4192983010","Ron Thompson","President","Mal","51900000","300","346904","Metal Stampi","6","0","1"
"178001","Ferry Cap & Set Screw Co","robb.reinker@ferrycap.com","2151 Scranton Rd","2168616747","2167712533","345298","Bolts Nuts Screws Rivets/Washers (Mfrs)","NULL"," Email <---> Revenue ","256453","Ferry Cap & Set Screw Co","2151 Scranton Rd","Cleveland","OH","44113","Cuyahoga","www.ferrycap.com","2167712533","2168616747","Joe Mc Auliffe","President","Mal","89760000","0","345298","Bolts Nuts S","6","0","1"
"296175","WXIX","rmirabella@fox19.com","635 W 7th St","5134213022","5134211919","483301","Television Stations & Broadcasting CO","www.fox19.com"," Email <---> Revenue ","733433","WXIX","635 W 7th St # 200","Cincinnati","OH","45203","Hamilton","www.fox19.com","5134211919","5134212829","John Long","Manager","Mal","53599000","0","483301","Television S","6","0","1"
"311752","Saint-Gobain Performance Plstc","rdsec@saint-gobain.com","1395 Danner Dr","7078634025","3309951600","308902","Plastics & Plastic Products (Mfrs)","www.saint-gobain.com"," Email <---> Revenue ","611601","Saint-Gobain Performance Plstc","1199 S Chillicothe Rd","Aurora","OH","44202","Portage","www.plastics.saint-gobain.com","3305629111","3305625717","Gary Wolny","Plant Mgr","Mal","52600000","0","305298","Rubber & Pla","6","0","1"
"252054","Tavens Container Co","rAmes@clevelandfilm.com","10200 Miles Ave","2168835316","2168833333","265301","Corrugated & Solid Fiber Boxes (Mfrs)","NULL"," Email <---> Revenue ","681753","Tavens Container Co","10200 Miles Ave","Cleveland","OH","44105","Cuyahoga","","2168833333","2168835316","Richard Ames","Owner","Mal","65884000","0","265301","Corrugated &","6","0","1"
"286824","Jay Plastics","R-Taylor@jayplastics.com","150 Longview Ave E","4195263239","4195243778","308906","Plastics-Fabricating/Finish/Decor-Mfrs","NULL"," Email <---> Revenue ","364924","Jay Plastics","150 Longview Ave E","Mansfield","OH","44903","Richland","www.jayindinc.com","4195243778","4195263239","Rick Taylor","President","Mal","55100000","0","308906","Plastics-Fab","6","0","1"
"74259","Middough Consulting","R-Ledin@middough.com","1901 E 13th St # 400","2163676020","2163676000","871133","Engineers-Professional","NULL"," Email <---> Revenue ","468441","Middough Consulting","1901 E 13th St # 400","Cleveland","OH","44114","Cuyahoga","www.middough.com","2163676000","2163676020","Ronald R Ledin","President","Mal","62100000","0","871133","Engineers-Pr","6","0","1"
"172650","SRA","PS@mcgrawhill.com","8787 Orion Pl","6144306633","6144386600","273101","Publishers-Book","NULL"," Email <---> Revenue ","609789","SRA","8787 Orion Pl","Columbus","OH","43240","Franklin","www.mcgrawhill.com","6144386600","6144306633","Peter Sayeski","President","Mal","87600000","0","273101","Publishers-B","6","0","1"
"211111","KASE Equipment","Patrick-Hawkins@kaseequip.com","7400 Hub Pkwy","2169860678","2166429040","509908","Manufacturers-Agents & Representatives","NULL"," Email <---> Revenue ","382197","KASE Equipment","7400 Hub Pkwy","Cleveland","OH","44125","Cuyahoga","www.kaseequip.com","2166429040","2169860678","Patrick Hawkins","President","Mal","61360000","0","509908","Manufacturer","6","0","1"
"64067","Signature Inc","nickhenderson@legendary.net","5115 Parkcenter Ave","6147669419","6147340010","999977","Nonclassified Establishments","NULL"," Email <---> Revenue ","633834","Signature Inc","5115 Parkcenter Ave","Dublin","OH","43017","Franklin","www.signatureworldwide.com","6147340010","6147669419","Steven D Wolever","CEO","Mal","67500000","0","874802","Training Con","6","0","1"
"206094","Galaxy Balloons Inc","nellie.elwell@galaxyballoon.com","11750 Berea Rd","NULL","2164763360","509201","Balloons-Novelty & Toy-Wholesale","NULL"," Email <---> Revenue ","280839","Galaxy Balloons Inc","11750 Berea Rd","Cleveland","OH","44111","Cuyahoga","","2164763360","2164763320","Terrence J Brizz","President","Mal","85400000","0","509201","Balloons-Nov","6","0","1"
"303585","National Meter Parts","national@nationalmeter.com","240 Baldwin Drive PO Box 908","7406538828","7406534359","472402","Travel Agencies & Bureaus","nationalmeter.com"," Email <---> Revenue ","491343","National Meter Inc","240 Baldwin Dr","Lancaster","OH","43130","Fairfield","www.nationalmeter.com","7406538828","7406534359","Robert Fosnaugh","President","Mal","62510000","95","506321","Meters (Whol","6","0","1"
"224226","Lake Hospital System Home Hlth","Moore-HardyC@lakehospitalsystem.com","10 E Washington St","4403541994","4403542400","808201","Home Health Service","NULL"," Email <---> Revenue ","405216","Lake Hospital System Home Hlth","10 E Washington St","Painesville","OH","44077","Lake","www.lakehospitalsystem.com","4403542400","4403541994","Cynthia Moore-Hardy","CEO","Fem","98000000","2000","808201","Home Health ","6","0","1"
"303558","Celina Insurance Group","Montgomery.William@celinagroup.com","1 Insurance Sq","4195868343","4195865181","633101","Insurance-Property & Casualty","NULL"," Email <---> Revenue ","129298","Celina Insurance Group","1 Insurance Sq","Celina","OH","45822","Mercer","www.celinainsurance.com","4195865181","4195868343","William Montgomery","President","Mal","65000000","0","633101","Insurance-Pr","6","0","1"
"179908","HOLT POWER SYSTEMS","mmyers@holtcompanies.net","5232 Walcutt Court","6148513500","6148513501","8999","Services NEC","ENGINENOW.COM^^ENGINESNOW.COM^^HOLTCAT.COM^^HOLTCOS.COM^^HOLTPOWERSYSTEMS.COM^^HOLTRENTAL.COM^^OMNER"," Email <---> Revenue ","512391","Ohio Cat Power Systems","5232 Walcutt Ct","Columbus","OH","43228","Franklin","www.enginesnow.com","6148513500","6148513501","Eric Ench","VP","Mal","81600000","150","508414","Engines-Dies","6","0","1"
"156781","Exal Corp","mina.harman@exal.com","1 Performance Pl","3307441124","3307442267","341198","Metal Cans (Manufacturers)","NULL"," Email <---> Revenue ","244580","Exal Corp","1 Performance Pl","Youngstown","OH","44502","Mahoning","","3307442267","3307441124","Delfin Gibert","President","Mal","58650000","102","341198","Metal Cans (","6","0","1"
"21023","Hughes Peters","MikeO@hughespeters.com","8000 Technology Blvd","NULL","9372357100","506519","Electronic Equipment & Supplies-Whol","NULL"," Email <---> Revenue ","339320","Hughes Peters","8000 Technology Blvd","Dayton","OH","45424","Montgomery","www.hughespeters.com","9372357100","9372357111","Mike Okel","Owner","Mal","50500000","0","506519","Electronic E","6","0","1"
"45301","CDR Pigments & Dispersions","michael.luchini@flintink.com","NULL","5137710332","513-771-1900","2893","Printing Ink","NULL"," Email <---> Revenue ","113193","CDR Pigments & Dispersions","410 Glendale Milford Rd","Cincinnati","OH","45215","Hamilton","","5137710332","5137710332","Kevin Marsh","Plant Mgr","Mal","78600000","0","289302","Printing Ink","6","0","1"
"124303","Eagle Coach Co","Michael.Kellerman@Eaglecoachcompany.Com","3344 State Route 132","5137976833","5137974100","371105","Ambulances & Hearses-Manufacturers","NULL"," Email <---> Revenue ","225398","Eagle Coach Co","3344 State Route 132","Amelia","OH","45102","Clermont","www.eaglecoachcompany.com","5137974100","5137976833","Mike Kellerman Sr","CEO","Mal","80350000","0","371105","Ambulances &","6","0","1"
"122084","Office Furniture USA","mgorman@thomasruff.com","1114 Dublin Rd","6144878281","6144874111","502112","Office Furniture & Equip-Dealers (Whol)","NULL"," Email <---> Revenue ","658836","Steelcase Inc","1114 Dublin Rd","Columbus","OH","43215","Franklin","","6144878281","6144874306","","","","55840000","0","252204","Office Furni","6","0","1"
"213592","Bancinsurance Corp","matthew.nolan@ohioindemnity.com","PO Box 182138","6142285419","6142282800","641133","Insurance-Holding Companies","NULL"," Email <---> Revenue ","67237","Bancinsurance Corp","PO Box 182138","Columbus","OH","43218","Franklin","www.ohioindemnity.com","6142205200","6142285419","Si Sokol","CEO","Mal","60637000","0","641133","Insurance-Ho","6","0","1"
"301885","Sidari's Italian Foods","Marty.Goellnitz@northeastohio.com","3820 Lakeside Ave E","2164316227","2164313344","514939","Food Service-Distributors","NULL"," Email <---> Revenue ","632941","Sidari's Italian Foods","3820 Lakeside Ave E","Cleveland","OH","44114","Cuyahoga","","2164313344","2164316227","Joe Sidari","President","Mal","59080000","0","514939","Food Service","6","0","1"
"245793","Oki Berings","kmahoney@okibering.com","7584 Reinhold Dr","5137615811","5137619811","508435","Welding Equipment & Supplies (Wholesale)","NULL"," Email <---> Revenue ","516410","Oki Berings","7584 Reinhold Dr","Cincinnati","OH","45237","Hamilton","www.okibering.com","5137619811","5137615811","Joe Dillhoff","President","Mal","90000000","100","508435","Welding Equi","6","0","1"
"210249","Geer Gas","KKowalski@geergas.com","829 Ingleside Ave","6144642118","6144644277","517205","Gas-Indstrl/Med-Cylinder & Bulk (Whol)","NULL"," Email <---> Revenue ","285376","Geer Gas","829 Ingleside Ave","Columbus","OH","43215","Franklin","www.geergas.com","6144644277","6144642118","Kevin Kowalski","Owner","Mal","53559000","0","517205","Gas-Indstrl/","6","0","1"
"161884","Safeway Packaging","kieth.kemper@safewaypkg.com","PO Box 54","4196282552","4196283131","262101","Paper-Manufacturers","NULL"," Email <---> Revenue ","610860","Safeway Packaging","245 Boulder Ln","Minster","OH","45865","Auglaize","www.safewaypkg.com","4196283131","4196282552","Kevin Manor","Owner","Mal","50200000","86","262101","Paper-Manufa","6","0","1"
"286005","North Coast Tutoring Svc","kareng@northcoasted.com","120 N Main St","4402479049","4402471622","829909","Tutoring","www.northcoasted.com"," Email <---> Revenue ","503230","North Coast Tutoring Svc","120 N Main St","Chagrin Falls","OH","44022","Cuyahoga","www.northcoasted.com","4402471622","4402479049","Carole Richards","Manager","Fem","52200000","0","874802","Training Con","6","0","1"
"312156","Jackson Tube Svc Inc","jsubler@jackson-tube.com","PO Box 1650","9377738806","9377738550","331798","Steel Pipe & Tubes (Manufacturers)","NULL"," Email <---> Revenue ","360368","Jackson Tube Svc Inc","8210 Industry Park Dr","Piqua","OH","45356","Miami","www.jackson-tube.com","9377738550","9377738806","Robert Jackson","President","Mal","65000000","350","331798","Steel Pipe &","6","0","1"
"293608","John Heyob Oil Co","john.heyob@johnheyoboil.com","111 May Dr","5133676876","5133676868","517206","Oils-Fuel (Wholesale)","NULL"," Email <---> Revenue ","373663","John Heyob Oil Co","111 May Dr","Harrison","OH","45030","Hamilton","www.johnheyoboil.com","5133676868","5133676876","John Heyob","Owner","Mal","58428000","0","517206","Oils-Fuel (W","6","0","1"
"75778","Toledo Molding & Die Inc","joe.klein@tmdinc.com","1429 Coining Dr","4194703977","4194760581","354407","Tool & Die Makers","NULL"," Email <---> Revenue ","695009","Toledo Molding & Die Inc","1429 Coining Dr","Toledo","OH","43612","Lucas","www.tmdinc.com","4194703950","4194703977","Donald Harbaugh","CEO","Mal","78000000","0","354407","Tool & Die M","6","0","1"
"270084","Nook Industries","jhnook@nookind.com","4950 E 49th St","2162717020","2162717900","508525","Bearings (Wholesale)","NULL"," Email <---> Revenue ","501413","Nook Industries","4950 E 49th St","Cleveland","OH","44125","Cuyahoga","www.nookindustries.com","2162717900","2162717020","Joe Nook Jr","CEO","Mal","85500000","0","508525","Bearings (Wh","6","0","1"
"223130","Bazell Oil Co Inc","janet.bazell@bazellracefuels.com","PO Box 2","7403855430","7403855430","517210","Gasoline & Oil-Wholesale","NULL"," Email <---> Revenue ","72237","Bazell Oil Co Inc","15140 State Route 328","Logan","OH","43138","Hocking","www.bazellfuels.com","7403855430","7403855430","Mike Bazell","Owner","Mal","83850000","25","517210","Gasoline & O","6","0","1"
"316700","MAC Accessories","ivanmmcoy@mccoyfreightliner.com","14599 Commerce St NE","3308239193","3308239900","371502","Trailers-Truck-Manufacturers","www.mactrailer.com"," Email <---> Revenue ","432812","MAC Accessories","14599 Commerce St NE","Alliance","OH","44601","Stark","www.mactrailer.com","3308239900","3308230232","Mike Conny","President","Mal","77100000","0","371502","Trailers-Tru","6","0","1"
"306828","Ansell Occupational Healthcare","hboon@ansell.com","PO Box 6000","7406233556","7406224311","561105","Gloves-Work & Industrial","NULL"," Email <---> Revenue ","44924","Ansell Occupational Healthcare","1300 Walnut St","Coshocton","OH","43812","Coshocton","www.ansell.com","7406224311","7406233556","Harry Boon","CEO","Mal","53900000","350","561105","Gloves-Work ","6","0","1"
"303143","Inoveris","HaroldB@inoveris.com","7001 Discovery Blvd","6147663146","6147612000","365206","Compact Discs-Manufacturers","NULL"," Email <---> Revenue ","347926","Inoveris","7001 Discovery Blvd","Dublin","OH","43017","Franklin","","6147612000","6147663146","Melody Gee","CEO","Fem","56025000","0","365206","Compact Disc","6","0","1"
"322003","Gund Business Enterprises","Gordon@gundarena.com","1228 Euclid Ave # 6","2166876115","2167368100","731101","Advertising-Agencies & Counselors","NULL"," Email <---> Revenue ","306526","Gund Business Enterprises","1228 Euclid Ave # 6","Cleveland","OH","44115","Cuyahoga","www.gundarena.com","2167368100","2166876115","Gordon Gund","Owner","Mal","73150000","0","731101","Advertising-","6","0","1"
"251833","Athens Foods Inc","ghoeth@benghiat.com","13600 Snow Rd","2166760609","2166768500","204598","Prepared Flour Mixes & Doughs (Mfrs)","www.athens.com"," Email <---> Revenue ","55394","Athens Foods Inc","13600 Snow Rd","Cleveland","OH","44142","Cuyahoga","www.athens.com","2166768500","2166760609","Jeff Swint","Plant Mgr","Mal","78960000","188","204598","Prepared Flo","6","0","1"
"207208","Buckeye Supply Co","georgefrench@buckeyedrill.com","999 Zane St","7404543311","7404523641","505107","Pipe-Wholesale","www.buckeyedrill.com"," Email <---> Revenue ","103992","Buckeye Supply Co","999 Zane St","Zanesville","OH","43701","Muskingum","www.buckeyedrill.com","7404523641","7404543311","Charles E Straker","CEO","Mal","57000000","0","505107","Pipe-Wholesa","6","0","1"
"205513","Advics","GeoffH@advics-ohio.com","1650 Kingsview Dr","5139327975","5139327878","371411","Brakes-Manufacturers","NULL"," Email <---> Revenue ","21019","Advics","1650 Kingsview Dr","Lebanon","OH","45036","Warren","","5139327878","5139327975","Geoff Hearsum","President","Mal","82100000","0","753930","Brake Lining","6","0","1"
"172747","Compair Leroi","Gavin@compair-direct.com","PO Box 927","9374982270","9374982500","508402","Compressors-Air & Gas (Wholesale)","NULL"," Email <---> Revenue ","163154","Compair Leroi","211 E Russell Rd","Sidney","OH","45365","Shelby","www.compair-direct.com","9374982500","9374982270","Gavin Monn","President","Mal","50000000","100","508402","Compressors-","6","0","1"
"224791","Tech International","g.armstrong@techtirerepairs.com","PO Box 486","7409671039","7409679015","306929","Type-Rubber (Manufacturers)","NULL"," Email <---> Revenue ","682927","Tech International","200 E Coshocton St","Johnstown","OH","43031","Licking","www.techtirerepairs.com","7409679015","7409671039","Michael Chambers","CEO","Mal","59400000","275","306929","Type-Rubber ","6","0","1"
"274430","Abrasive Technologies","ftaillefer@abrasive-tech.com","8400 Green Meadows Dr N","7405487617","7405484100","329101","Grinding Wheels (Manufacturers)","www.abrasive-tech.com"," Email <---> Revenue ","13513","Abrasive Technologies","8400 Green Meadows Dr N","Lewis Center","OH","43035","Delaware","www.abrasive-tech.com","7405484100","7405487617","Loyal M Peterman","President","Mal","54600000","200","329101","Grinding Whe","6","0","1"
"228577","Shumsky Promotional Agency","florida@shumsky.com","811 E 4th St","9372232252","9372232203","519917","Advertising-Specialties (Wholesale)","www.shumsky.com"," Email <---> Revenue ","632683","Shumsky Promotional Agency","811 E 4th St","Dayton","OH","45402","Montgomery","www.shumsky.com","9372232203","9372232252","Michael Emoff","President","Mal","75390000","105","519917","Advertising-","6","0","1"
"75521","Hord Livestock","Duane-Hord@hordlivestock.com","887 State Route 98","4195625313","4195625934","515403","Livestock-Dealers (Wholesale)","NULL"," Email <---> Revenue ","335555","Hord Livestock","887 State Route 98","Bucyrus","OH","44820","Crawford","www.hordlivestock.com","4195625934","4195625313","Duane Hord","Owner","Mal","99072000","0","515403","Livestock-De","6","0","1"
"195982","Pubco Corp","dschauer@aspen-guide.com","3830 Kelley Ave","2168818380","2168815300","279610","Printers'' Services","NULL"," Email <---> Revenue ","562680","Pubco Corp","3830 Kelley Ave","Cleveland","OH","44114","Cuyahoga","","2168815300","2168818380","Robert H Kanner","CEO","Mal","55023000","0","279610","Printers' Se","6","0","1"
"262351","South Central Power Co","donahue@scp.utilities.com","PO Box 250","7406814488","7406534422","491101","Electric Companies","NULL"," Email <---> Revenue ","642879","South Central Power Co","2780 Coonpath Rd NE","Lancaster","OH","43130","Fairfield","","7406534422","7406814488","Ralph E Luffler","CEO","Mal","88700000","100","491101","Electric Com","6","0","1"
"205979","Accubuilt","Don@accubuilt.com","2550 Central Point Pkwy","4192224450","4192221501","371102","Automobile-Manufacturers","NULL"," Email <---> Revenue ","14802","Accubuilt","2550 Central Point Pkwy","Lima","OH","45804","Allen","www.accubuilt.com","4192221501","4192224450","Don Cuzzocrea","CEO","Mal","56000000","235","371102","Automobile-M","6","0","1"
"264921","Athens Pastries & Frozen Foods;","dmm@rensysgroup.com","13600 Snow Road - Cleveland","2166768500","null","5411","Food products","ATHENSFOODS.COM"," Email <---> Revenue ","55241","Athen's Food Inc","13600 Snow Rd","Cleveland","OH","44142","Cuyahoga","www.athens.com","2166768500","2166760609","Jeff Swint","Plant Mgr","Mal","87608000","0","204598","Prepared Flo","6","0","1"
"316913","Baron Drawn Steel Corp","dlenart@baronsteel.com","PO Box 3275","4195370754","4195315526","331201","Steel Mills","NULL"," Email <---> Revenue ","69674","Baron Drawn Steel Corp","1420 Baron Steel Ave","Toledo","OH","43607","Lucas","www.baronsteel.com","4195315526","4195370754","Peter Gasiorski","President","Mal","90000000","0","331201","Steel Mills","6","0","1"
"111985","Daimler Chrysler Parts Distr","dialog@daimlerchrysler.com","9777 Mopar Dr","2564642861","3306267600","501313","Automobile Parts & Supplies-Wholesale","www.daimlerchrysler.com"," Email <---> Revenue ","188589","Daimler Chrysler Parts Distr","9777 Mopar Dr","Streetsboro","OH","44241","Portage","www.daimlerchrysler.com","3306267600","3306267613","Cheryl Sari","President","Fem","56000000","0","501313","Automobile P","6","0","1"
"82228","Molded Fiber Glass Premier","Denny_Dave@moldedfiberglass.com","4401 Benefit Ave","4409924964","4409929006","243107","Molding-Manufacturers","NULL"," Email <---> Revenue ","476844","Molded Fiber Glass Premier","4401 Benefit Ave","Ashtabula","OH","44004","Ashtabula","www.moldedfiberglass.com","4409929006","4409924964","Dave Denny","President","Mal","53360000","0","243107","Molding-Manu","6","0","1"
"320964","CROSSMARK","david.peet@exchangebridge.com","135 Merchant St # 350","9013629627","5137719700","514102","Food Brokers","www.crossmark.com"," Email <---> Revenue ","114265","CROSSMARK","135 Merchant St # 350","Cincinnati","OH","45246","Hamilton","www.crossmark.com","5137719700","5137719735","Ray Fager","Exec VP","Mal","79590000","0","514102","Food Brokers","6","0","1"
"267576","Fame Beverage Co","david.lockshin@famebeverage.com","PO Box 1097","3308791111","3304528888","518101","Beer & Ale-Wholesale","NULL"," Email <---> Revenue ","250253","Fame Beverage Co","PO Box 1097","Massillon","OH","44648","Stark","www.famebeverage.com","3308791888","3308791111","David Lockshin","Owner","Mal","50100000","0","518101","Beer & Ale-W","6","0","1"
"265931","Manchester Tool Co","cust.serv@otmtools.com","5142 Manchester Rd","3306449832","3306448853","354598","Cutting Tools/Acces/Measuring Dvcs (Mfr)","www.manchestertools.com"," Email <---> Revenue ","439057","Manchester Tool Co","5142 Manchester Rd","Akron","OH","44319","Summit","www.manchestertools.com","3306448853","3306449832","","","","50000000","0","354598","Cutting Tool","6","0","1"
"137993","Western Enterprises","Crampton@westernenterprises.com","875 Bassett Rd","4408358283","4408712160","349498","Valves & Pipe Fittings Nec (Mfrs)","NULL"," Email <---> Revenue ","746102","Western Enterprises","875 Bassett Rd","Cleveland","OH","44145","Cuyahoga","www.westernenterprises.com","4408712160","4408358283","Byron Crampton","President","Mal","73200000","0","349498","Valves & Pip","6","0","1"
"209911","American Bus & Accessories Inc","cliff@rm1.net","123 Citycentre Dr","5136794424","5138213220","501207","Buses-Distributors","www.american-bus-inc.com"," Email <---> Revenue ","35815","American Bus & Accessories Inc","123 Citycentre Dr","Cincinnati","OH","45216","Hamilton","www.american-bus-inc.com","5138213220","5136794424","Mike Roberts","Owner","Mal","74000000","0","501207","Buses-Distri","6","0","1"
"279444","Thyssen Krupp Bilstein-America","Chrysler@bilstein.com","8685 Berk Blvd","5138600428","5138817600","501313","Automobile Parts & Supplies-Wholesale","NULL"," Email <---> Revenue ","690674","Thyssen Krupp Bilstein-America","8685 Berk Blvd","Hamilton","OH","45015","Butler","www.bilstein.com","5138817600","","Bob Chrysler","CEO","Mal","89600000","0","501313","Automobile P","6","0","1"
"274349","Mayfran International","bterry@mayfran.com","6650 Beta Dr","4404610147","440-461-4100","7311","Advertising Agencies","NULL"," Email <---> Revenue ","451888","Mayfran International","6650 Beta Dr","Cleveland","OH","44143","Cuyahoga","www.mayfran.com","4404614100","4404610147","Bruce Terry","CEO","Mal","56000000","310","353501","Conveyors & ","6","0","1"
"63403","Manitowoc Beverage Systems Inc","bevsystemdesign@mbsus.com","1001 Hamilton Dr","4198610800","4198610800","507814","Beverage Dispensing Equip/Supls (Whol)","www.mbsus.com"," Email <---> Revenue ","439404","Manitowoc Beverage Systems Inc","1001 Hamilton Dr","Holland","OH","43528","Lucas","www.mbsus.com","4198610800","4198610808","Bill Bixler","Manager","Mal","50000000","0","507814","Beverage Dis","6","0","1"
"254799","Duramax Inc","bchan@doverautomation.com","PO Box 67","4406321281","4406321611","306916","Rubber Products-Retail","NULL"," Email <---> Revenue ","222086","Duramax Inc","16025 Johnson St","Middlefield","OH","44062","Geauga","www.duramax-international.com","4406321611","4406321281","Charles Price","CEO","Mal","54450000","475","306916","Rubber Produ","6","0","1"
"112955","Bunting Bearings Corp","barry.brown@buntingbearings.com","PO Box 729","4198660653","4198667000","356201","Bearings-Manufacturers","NULL"," Email <---> Revenue ","106272","Bunting Bearings Corp","1001 Holland Park Blvd","Holland","OH","43528","Lucas","www.buntingbearings.com","4198667000","4198660653","Thomas D Kwiatkowski","President","Mal","50000000","440","356201","Bearings-Man","6","0","1"
"73388","Century Bank","b.ezell@centurybankoh.com","1640 Snow Rd","2163512285","2163517000","603501","Savings & Loan Associations","www.centurybankoh.com"," Email <---> Revenue ","131828","Century Bank","1640 Snow Rd","Cleveland","OH","44134","Cuyahoga","www.centurybankoh.com","2163517000","2163512285","Jeff Calabrese","President","Mal","93994000","0","603501","Savings & Lo","6","0","1"
"82960","Astrup Co","astrup@astrup.com","2937 W 25th St","6305304848","2166962820","519948","Canvas Goods (Wholesale)","www.astrup.com"," Email <---> Revenue ","55026","Astrup Co","2937 W 25th St","Cleveland","OH","44113","Cuyahoga","www.astrup.com","2166962820","2166960977","John Kirk","CEO","Mal","71800000","100","519948","Canvas Goods","6","0","1"
"290610","U S Chemical & Plastics","andrew.lesko@uschem.com","PO Box 709","3308306005","3308306000","2821","Plastics Materials","Synthetic and Resins"," Email <---> Revenue ","709716","U S Chemical & Plastics","PO Box 709","Massillon","OH","44648","Stark","www.uschem.com","3308306000","3308306005","J Wade Bowman","President","Mal","67200000","0","501309","Automobile B","6","0","1"
"196390","Pepsi-Cola General Bottlers","Allison@pgb.com","1820 Nussbaum Pkwy","4195294075","4195292220","208601","Bottlers","NULL"," Email <---> Revenue ","538523","Pepsi-Cola General Bottlers","1820 Nussbaum Pkwy","Mansfield","OH","44906","Richland","","4195292220","4195294075","Steve Allison","President","Mal","93975000","175","208601","Bottlers","6","0","1"
