mail id,company,email,address,phone,fax,sic,sic description,web,,revenue id,company,address,city,state,zip,	metro,web,phone,fax,contact,position,gender,sales,# of employee,sic,sic_descrpiton,	,,
"256505","Press Of Ohio","aclow@pressofohio.com","3765 Sunnybrook Rd","3306773346","3306774790","275998","Commercial Printing Nec","www.press-of-ohio.com"," Email <---> Revenue ","556235","Press Of Ohio","3765 Sunnybrook Rd","Kent","OH","44240","Portage","www.press-of-ohio.com","3306774790","3306773346","David Bracken","President","Mal","25000000","400","275998","Commercial P","5","0","1"
"269528","Budzar Industries","adamm@budzar.com","38241 Willoughby Pkwy","4409180606","4409180505","506328","Controls Control Systs/Regulators (Whol)","www.budzar.com"," Email <---> Revenue ","105186","Budzar Industries","38241 Willoughby Pkwy","Willoughby","OH","44094","Lake","www.budzar.com","4409180505","4409180606","David Young","President","Mal","38150000","0","506328","Controls Con","5","0","1"
"118815","ERNST ENTERPRISES INC","admin.contact@tdnpublishing.com","1622 Watervliet Ave  Dayton","9373355634","9373398413","177105","Concrete Contractors","ERNSTCONCRETE.COM;ERWINCHRYSLER.COM"," Email <---> Revenue ","241841","Ernst Enterprises Inc","3361 Successful Way","Dayton","OH","45414","Montgomery","www.ernstconcrete.com","9372337777","9372339203","John Ernst","President","Mal","39000000","0","521128","Concrete-Rea","5","0","1"
"298296","B & C Corp","aeckroth@bnccorp.com","366 Fairview Ave","3308483404","3308483714","359903","Machine Shops","www.bnccorp.com"," Email <---> Revenue ","60803","B & C Corp","366 Fairview Ave","Barberton","OH","44203","Summit","www.bnccorp.com","3308483714","3308483404","Mike Lanham","Plant Mgr","Mal","30000000","250","359903","Machine Shop","5","0","1"
"186480","Air Power Of Ohio","AntonioN@airpowerofohio.com","5339 Canal Rd","2164478573","2164479190","508402","Compressors-Air & Gas (Wholesale)","NULL"," Email <---> Revenue ","23462","Air Power Of Ohio","5339 Canal Rd","Cleveland","OH","44125","Cuyahoga","www.airpowerofohio.com","2164479190","2164478573","Nick Antonio","President","Mal","31008000","0","508402","Compressors-","5","0","1"
"300872","Flood Co","askus@flood.com","1212 Barlow Rd","3306501453","3306504070","285198","Paint Varnish & Allied Products (Mfrs)","www.floodco.com"," Email <---> Revenue ","265698","Flood Co","1212 Barlow Rd","Hudson","OH","44236","Summit","www.floodco.com","3306504070","3306501453","Peter E Flood","CEO","Mal","40000000","80","285198","Paint Varnis","5","0","1"
"318224","Hubbard Feeds Inc","barb.wyatt@hubbardfeeds.com","104 Oak St","3178493568","9376936393","204803","Feed-Manufacturers","www.hubbardfeeds.com"," Email <---> Revenue ","338434","Hubbard Feeds Inc","104 Oak St","Botkins","OH","45306","Shelby","www.hubbardfeeds.com","9376936393","9376933657","Mark Nelson","Manager","Mal","30440000","40","204803","Feed-Manufac","5","0","1"
"109138","Bard Manufacturing Co","bard@bardhvac.com","1914 Randolph Dr","4196362640","4196361194","343302","Geothermal Htg/Cooling Equip/Systs-Mfrs","www.bardhvac.com"," Email <---> Revenue ","68739","Bard Manufacturing Co","1914 Randolph Dr","Bryan","OH","43506","Williams","www.bardhvac.com","4196361194","4196362640","","","","40000000","250","343302","Geothermal H","5","0","1"
"249503","Eckart America LP","BharatAdhia@eckartamerica.com","PO Box 747","4403546224","4403540400","339904","Metal Specialties-Manufacturers","NULL"," Email <---> Revenue ","229154","Eckart America LP","830 E Erie St","Painesville","OH","44077","Lake","www.eckartamerica.com","4403540400","4403546224","Bharat Adhia","President","Mal","42300000","150","339904","Primary Meta","5","0","1"
"112697","Beach Manufacturing Co","billfauver@beachmfgco.com","PO Box 129","9378826153","9378826372","323198","Glass Prod Made-Purchased Glass (Mfrs)","NULL"," Email <---> Revenue ","72550","Beach Manufacturing Co","118 Hampton Rd","Donnelsville","OH","45319","Clark","www.beachmfg.com","9378826372","9378826153","Ted Beach Jr","President","Mal","31200000","150","323198","Glass Prod M","5","0","1"
"249832","Matrix Automation","billk@matrixautomation.com","340 Main St","4194336340","4194334013","506328","Controls Control Systs/Regulators (Whol)","NULL"," Email <---> Revenue ","449874","Matrix Automation","340 Main St","Huron","OH","44839","Erie","www.matrixautomation.com","4194334013","4194336340","William Kaman","CEO","Mal","26705000","0","506328","Controls Con","5","0","1"
"304845","Springfield News-Sun","bmclaughlin@coxohio.com","202 N Limestone St","9373280321","9373280300","731106","Advertising-Newspaper","www.springfieldnewssun.com"," Email <---> Revenue ","649768","Springfield News-Sun","202 N Limestone St","Springfield","OH","45503","Clark","www.springfieldnewssun.com","9373280300","9373280321","William Fwaim","Manager","Mal","31350000","0","731106","Advertising-","5","0","1"
"295125","Ernst Concrete","bob.himes@ernstconcrete.com","3361 Successful Way","NULL","9372337777","521128","Concrete-Ready Mixed","NULL"," Email <---> Revenue ","241832","Ernst Concrete","3361 Successful Way","Dayton","OH","45414","Montgomery","www.ernstconcrete.com","9372337777","","John Ernst","Owner","Mal","39000000","25","521128","Concrete-Rea","5","0","1"
"169254","Columbus Serum Co","bob_peterson@columbusserum.com","2025 S High St","6146213299","6144445211","508746","Veterinarians Equipment & Supls (Whol)","NULL"," Email <---> Revenue ","160441","Columbus Serum Co","2025 S High St","Columbus","OH","43207","Franklin","www.columbusserum.com","6144445211","6146213299","Bob Peterson","President","Mal","30800000","0","508746","Veterinarian","5","0","1"
"294084","Polar Inc","bobc@polarcompanies.com","7031 Corporate Way # 200","9374360090","9374360099","517214","Oils-Lubricating-Wholesale","www.polarcompanies.com"," Email <---> Revenue ","550134","Polar Inc","7031 Corporate Way # 200","Dayton","OH","45459","Montgomery","www.polarcompanies.com","9374360099","9374360090","Robert Crawford","President","Mal","48690000","0","517214","Oils-Lubrica","5","0","1"
"68364","River Downs","bobh@riverdowns.com","6301 Kellogg Rd","5132321412","5132328000","794801","Race Tracks","www.riverdowns.com"," Email <---> Revenue ","592010","River Downs","6301 Kellogg Rd","Cincinnati","OH","45230","Hamilton","www.riverdowns.com","5132328000","5132321412","Jack Hanessian","Manager","Mal","37800000","300","794801","Race Tracks","5","1","1"
"255152","Orlando Baking Co","breadwinners@orlandobaking.com","7777 Grand Ave","2163913469","2163611872","205198","Bread/Other Bakery Prod-Ex Cookies (Mfr)","www.orlandobaking.com"," Email <---> Revenue ","520987","Orlando Baking Co","7777 Grand Ave","Cleveland","OH","44104","Cuyahoga","www.orlandobaking.com","2163611872","2163913469","Sonny Orlando","President","Mal","27900000","0","205198","Bread/Other ","5","0","1"
"256319","Unisys Corp","brian.daly@unisys.com","7300 Airport Hwy","7812381404","4198662200","737314","Internet Svcs-Network Designers/Conslnt","www.unisys.com"," Email <---> Revenue ","716233","Unisys Corp","7300 Airport Hwy","Holland","OH","43528","Lucas","","4198662200","4198662239","Rod Frazier","Manager","Mal","26520000","0","737314","Internet Svc","5","0","1"
"290257","FIRST Communications LLC","businesscare@firstcomm.com","3340 W Market St","3308352330","3307624900","481306","Long Distance Telephone Service","www.firstcomonline.com"," Email <---> Revenue ","247630","FIRST Communications LLC","3340 W Market St","Fairlawn","OH","44333","Summit","www.firstcomonline.com","3308352323","3308352330","Ray Hexaner","CEO","Mal","43290000","0","481306","Long Distanc","5","0","1"
"141469","Columbus Showcase Co","carl.aschinger@columbusshowcase.com","4401 Equity Dr","6148500741","6148501460","874213","Marketing Programs & Services","NULL"," Email <---> Revenue ","160456","Columbus Showcase Co","4401 Equity Dr","Columbus","OH","43228","Franklin","www.columbusshowcase.com","6148501460","6148500741","Carl J Aschinger Jr","CEO","Mal","27000000","0","874213","Marketing Pr","5","0","1"
"295657","Cas-Ker Co","casker@casker.com","2550 Civic Center Dr","5132415848","5136747700","509403","Jewelers Supplies (Wholesale)","www.cas-ker.com"," Email <---> Revenue ","126054","Cas-Ker Co","2550 Civic Center Dr","Cincinnati","OH","45231","Hamilton","www.cas-ker.com","5136747700","5132415848","Patrick Cassedy","President","Mal","30060000","0","509403","Jewelers Sup","5","0","1"
"235331","Ohio Moulding Corp","ccassese@omcoform.com","30396 Lakeland Blvd","4409448309","4409442100","335603","Metal-Rolling & Forming","www.omcoform.com"," Email <---> Revenue ","513994","Ohio Moulding Corp","30396 Lakeland Blvd","Wickliffe","OH","44092","Lake","www.omcoform.com","4409442100","4409448309","Vand Yorkf","President","Mal","45300000","0","331298","Steel Works/","5","0","1"
"174117","Cinox Corp","cinox@cinox.com","4914 Gray Rd","5135425146","5135425555","506504","Radio Communication Equip & Systems-Whol","www.cinox.com"," Email <---> Revenue ","146656","Cinox Corp","4914 Gray Rd","Cincinnati","OH","45232","Hamilton","www.cinox.com","5135425555","5135425146","Mike Martin","Manager","Mal","42420000","42","506504","Radio Commun","5","0","1"
"277006","Ohio Packing","cjones@ohiopacking.com","3245 E 5th Ave","6142370885","6142391600","514704","Meat-Wholesale","www.ohiopacking.com"," Email <---> Revenue ","514250","Ohio Packing","3245 E 5th Ave","Columbus","OH","43219","Franklin","www.ohiopacking.com","6142391600","6142370885","Carla Wilke Jones","Owner","Fem","35000000","0","514704","Meat-Wholesa","5","0","1"
"318322","Brechbuhler Scales Inc","cleveland@bscales.com","1414 Scales St SW","3304535322","3304532424","504607","Scales (Wholesale)","www.brechbuhler.com"," Email <---> Revenue ","96058","Brechbuhler Scales Inc","1414 Scales St SW","Canton","OH","44706","Stark","www.brechbuhler.com","3304532424","3304535322","Craig Brechbuhler","Owner","Mal","31840000","80","504607","Scales (Whol","5","0","1"
"259239","Lithonia Downlighting Products","comments@lithonia.com","850 W River Rd","9724561473","4409673131","364504","Lighting Fixtures-Manufacturers","www.lithonia.com"," Email <---> Revenue ","421514","Lithonia Downlighting Products","850 W River Rd","Vermilion","OH","44089","Erie","www.lithonia.com","4409673131","4409678859","John Kalonick","Plant Mgr","Mal","43250000","250","364504","Lighting Fix","5","0","1"
"303090","Compuware Corp","compuware.recruiting@compuware.com","6480 Rockside Woods Blvd S 200","6157428404","2169868500","737314","Internet Svcs-Network Designers/Conslnt","www.compuware.com"," Email <---> Revenue ","164689","Compuware Corp","6480 Rockside Woods Blvd S 200","Cleveland","OH","44131","Cuyahoga","www.compuware.com","2169868500","2169868600","Paul Cieslak","Manager","Mal","28730000","0","737314","Internet Svc","5","0","1"
"318772","General Aluminum Mfg Co","corporate@generalaluminum.com","1370 Chamberlain Blvd","4405936269","4405936225","336502","Castings-Aluminum (Manufacturers)","www.generalaluminum.com"," Email <---> Revenue ","286151","General Aluminum Mfg Co","1370 Chamberlain Blvd","Conneaut","OH","44030","Ashtabula","www.generalaluminum.com","4405936225","4405936269","Don Tyler","CEO","Mal","40000000","0","336502","Castings-Alu","5","0","1"
"271815","Republic Waste Svc-Columbus","corporateoffice@repsrv.com","933 Frank Rd","5629466441","6143083000","495302","Garbage Collection","www.republicservices.com"," Email <---> Revenue ","583962","Republic Waste Svc-Columbus","933 Frank Rd","Columbus","OH","43223","Franklin","www.republicservices.com","6143083000","6142723690","Shawn Anderson","Manager","Mal","43617000","201","495302","Garbage Coll","5","0","1"
"323914","C T Consultants Inc","ct@ctconsultants.com","35000 Kaiser Ct # 100","4409517487","4409519000","871133","Engineers-Professional","www.ctconsultants.com"," Email <---> Revenue ","112125","C T Consultants Inc","35000 Kaiser Ct # 100","Willoughby","OH","44094","Lake","www.ctconsultants.com","4409519000","4409517487","David Wiles","President","Mal","35190000","0","871133","Engineers-Pr","5","0","1"
"298538","Stratus Group","CurranR@stratusgrp.com","3865 Symmes Rd","5138602675","5138601675","265701","Boxes-Folding-Manufacturers","NULL"," Email <---> Revenue ","664477","Stratus Group","3865 Symmes Rd","Hamilton","OH","45015","Butler","www.stratusgrp.com","5138601675","5138602675","Robert Curran","Owner","Mal","26240000","0","265701","Boxes-Foldin","5","0","1"
"147831","Plastic Moldings Co","dale.turner@plasticmoldings.com","2181 Grand Ave","5139215883","5139215040","308901","Mold Makers","NULL"," Email <---> Revenue ","548434","Plastic Moldings Co","2181 Grand Ave","Cincinnati","OH","45214","Hamilton","","5139215040","5139215883","Tom Gerdes","CEO","Mal","30000000","0","308901","Plastics-Mol","5","0","1"
"25030","Ranpak Corp","david.coleman@ranpak.com","PO Box 8004","4403541435","4403544445","267101","Packaging Materials-Manufacturers","NULL"," Email <---> Revenue ","575421","Ranpak Corp","7990 Auburn Rd","Painesville","OH","44077","Lake","www.ranpak.net","4403544445","4403541435","Dave Gabrielsen","President","Mal","40000000","125","267101","Packaging Ma","5","0","1"
"87945","Esber Beverage Co","david.esber@coolgear1.com","2217 Bolivar Rd SW","3304566207","3304564361","518101","Beer & Ale-Wholesale","NULL"," Email <---> Revenue ","242009","Esber Beverage Co","2217 Bolivar Rd SW","Canton","OH","44706","Stark","","3304564361","3304566207","David Esber","Owner","Mal","46760000","0","518101","Beer & Ale-W","5","0","1"
"297237","GPD Group","DavidGranger@gpdgroup.com","520 S Main St # 2531","3305722101","3305722100","871133","Engineers-Professional","NULL"," Email <---> Revenue ","280104","GPD Group","520 S Main St # 2531","Akron","OH","44311","Summit","www.gpdgroup.com","3304344300","3305722101","David Granger","President","Mal","35190000","0","871133","Engineers-Pr","5","0","1"
"170775","APV-Akron Paint & Varnish","DavidV@apvcoatings.com","1390 Firestone Pkwy","3307731028","3307738911","519803","Paint-Wholesale","NULL"," Email <---> Revenue ","11491","APV-Akron Paint & Varnish","1390 Firestone Pkwy","Akron","OH","44301","Summit","www.apvcoatings.com","3307738911","3307731028","David Venarge","President","Mal","31920000","70","519803","Paint-Wholes","5","0","1"
"290109","Meyer Products Co","dculotta@meyerproducts.com","18513 Euclid Ave","2075632226","2164861313","352406","Manufacturers-Snow Removal Equipment","www.diamondplow.com"," Email <---> Revenue ","463605","Meyer Products Co","18513 Euclid Ave","Cleveland","OH","44112","Cuyahoga","www.meyerproducts.com","2164861313","2164861321","Bob Balough","CEO","Mal","42600000","150","352406","Manufacturer","5","0","1"
"262764","Vanguard Paints & Finishes Inc","ddickson@vanguardpaints.com","1409 Greene St","7403737165","7403735261","285198","Paint Varnish & Allied Products (Mfrs)","www.vanguardpaints.com"," Email <---> Revenue ","723736","Vanguard Paints & Finishes Inc","1409 Greene St","Marietta","OH","45750","Washington","www.vanguardpaints.com","7403735261","7403737165","Jeffrey L Hollister","President","Mal","25400000","0","285198","Paint Varnis","5","0","1"
"311653","Cleland Manufacturing Co","dean@agmercury.com","844 Edward St","4194681920","4194686516","501213","Truck Bodies & Equipment (Wholesale)","www.agmercury.com"," Email <---> Revenue ","152071","Cleland Manufacturing Co","844 Edward St","Galion","OH","44833","Crawford","www.agmercury.com","4194686516","4194681920","Glen Shifley","President","Mal","37000000","10","501213","Truck Bodies","5","0","1"
"322846","Auction Services","dheller@cfaa.com","4700 Groveport Rd","6144971711","6144971707","501204","Automobile Auctions (Wholesale)","www.cfaa.com"," Email <---> Revenue ","56431","Auction Services","4700 Groveport Rd","Obetz","OH","43207","Franklin","www.cfaa.com","6144971707","6144971711","Jim Hallett","Manager","Mal","37000000","0","501204","Automobile A","5","1","1"
"252305","Westbrook Manufacturing Inc","dhemelgarn@westbrookohio.com","600 N Irwin St","9372549511","9372542004","399906","Assembly & Fabricating Service","www.westbrookohio.com"," Email <---> Revenue ","745908","Westbrook Manufacturing Inc","600 N Irwin St","Dayton","OH","45403","Montgomery","www.westbrookohio.com","9372542004","9372549511","Douglas F Mays","President","Mal","38800000","0","399906","Assembly & F","5","0","1"
"304975","Video Products Distributors I","DHendrix@vpdinc.com","7546 Ponderosa Rd","4196629430","4196626590","506501","Video Tapes & Discs-Wholesale","NULL"," Email <---> Revenue ","727241","Video Products Distributors I","7546 Ponderosa Rd","Perrysburg","OH","43551","Wood","","4196626590","4196629430","David Hendrix","President","Mal","40400000","0","506501","Video Tapes ","5","0","1"
"277415","Morrison Products Inc","dholmes@morrisonproducts.com","16900 S Waterloo Rd","2164860631","2164864000","356401","Fans-Industrial & Commercial-Mfrs","NULL"," Email <---> Revenue ","480628","Morrison Products Inc","16900 S Waterloo Rd","Cleveland","OH","44110","Cuyahoga","","2164864000","2164860631","Daniel W Holmes Jr","CEO","Mal","35000000","0","356401","Fans-Industr","5","0","1"
"210236","Dick Lavy Trucking","DickLavy@dicklavytrucking.com","8848 State Route 121","9374482312","9374482104","421309","Trucking-Motor Freight","NULL"," Email <---> Revenue ","207589","Dick Lavy Trucking","8848 State Route 121","Bradford","OH","45308","Miami","www.dicklavytrucking.com","9374482104","9374482312","Dick Lavy","Owner","Mal","31710000","0","421309","Trucking-Mot","5","0","1"
"265211","R G Smith Co","dnicely@rgscontractors.com","1249 Dueber Ave SW","3304569638","3304563415","154106","General Contrs-Industrial Bldgs & Wrhse","www.rgscontractors.com"," Email <---> Revenue ","569107","R G Smith Co","1249 Dueber Ave SW","Canton","OH","44706","Stark","www.rgscontractors.com","3304563415","3304569638","Richard A Nicely","President","Mal","31500000","100","154106","General Cont","5","0","1"
"271842","Vasu Communications Inc","donnav@vasucom.com","2432 Ridgeland Dr","4409344679","4409345268","506504","Radio Communication Equip & Systems-Whol","NULL"," Email <---> Revenue ","724191","Vasu Communications Inc","2432 Ridgeland Dr","Avon","OH","44011","Lorain","www.vasucom.com","4409345268","4409344679","Donna Vasu","Owner","Fem","25250000","0","506504","Radio Commun","5","0","1"
"234902","Seneca Wire & Mfg Co","doug.stearns@senecawire.com","319 S Vine St","4194359265","4194359261","331598","Steel-Wiredrawing/Stl Nails/Spikes (Mfr)","www.senecawire.com"," Email <---> Revenue ","623809","Seneca Wire & Mfg Co","319 S Vine St","Fostoria","OH","44830","Seneca","","4194359261","4194359265","Steve Wray","CEO","Mal","45000000","0","331598","Steel-Wiredr","5","0","1"
"209477","Lakeside Interior Contractors","dsmith@lakesideinterior.com","6630 Maumee Western Rd","4198679590","4198671300","174202","Acoustical Contractors","www.lakesideinterior.com"," Email <---> Revenue ","405956","Lakeside Interior Contractors","6630 Maumee Western Rd","Maumee","OH","43537","Lucas","www.lakesideinterior.com","4198671300","4198679590","Dave Smith","CEO","Mal","26860000","0","174202","Acoustical C","5","0","1"
"291696","Meritec","dtingen@meritec.com","1382 W Jackson St","4403540509","4403543148","367901","Electronic Equipment & Supplies-Mfrs","www.meritec.com"," Email <---> Revenue ","461821","Meritec","1382 W Jackson St","Painesville","OH","44077","Lake","www.meritec.com","4403543148","4403540509","Skid Yeary","Manager","Mal","30600000","0","367901","Electronic E","5","0","1"
"237731","Aluminum Line Products","Ed@aluminumline.com","24460 Sperry Cir","4408358879","4408358880","335301","Aluminum Sheet Plate & Foil (Mfrs)","NULL"," Email <---> Revenue ","34136","Aluminum Line Products","24460 Sperry Cir","Cleveland","OH","44145","Cuyahoga","www.aluminumline.com","4408358880","4408358879","Ed Murray","President","Mal","40400000","0","335301","Aluminum She","5","0","1"
"288878","TKF Inc","eng@tkf.com","726 Mehring Way","5136512792","5132415910","353501","Conveyors & Conveying Equipment-Mfrs","www.tkf.com"," Email <---> Revenue ","678438","TKF Inc","726 Mehring Way","Cincinnati","OH","45203","Hamilton","www.tkf.com","5132415910","5136512792","Ronald Eubanks","Owner","Mal","27200000","0","508410","Conveyors & ","5","0","1"
"241976","Commerce Paper Co","epizza@commercepaper.com","15 S Ontario St","4192413906","4192419101","511101","Paper Products (Wholesale)","www.commercepaper.com"," Email <---> Revenue ","161351","Commerce Paper Co","15 S Ontario St","Toledo","OH","43602","Lucas","www.commercepaper.com","4192419101","4192413906","Craig Roberts","President","Mal","40797000","27","511101","Paper Produc","5","0","1"
"247331","Berman Printing Co","erict@bermanprinting.com","1441 Western Ave","5134212433","5134211600","275202","Printers","www.bermanprinting.com"," Email <---> Revenue ","78682","Berman Printing Co","1441 Western Ave","Cincinnati","OH","45214","Hamilton","www.bermanprinting.com","5134211600","5134212433","Andy Berman","Owner","Mal","28773000","0","275202","Printers","5","0","1"
"303023","Wire Products Co","eskennedy@wire-products.com","14600 Industrial Pkwy","2162677972","2162670777","349501","Springs-Precision (Manufacturers)","NULL"," Email <---> Revenue ","756086","Wire Products Co","14600 Industrial Pkwy","Cleveland","OH","44135","Cuyahoga","www.wire-products.com","2162670777","2162677972","E Scot Kennedy","CEO","Mal","26600000","200","349501","Springs-Prec","5","0","1"
"306721","Eberhard Manufacturing Div","falbrecht@eberhard.com","21944 Drake Rd","4405722732","4402389720","342902","Hardware-Manufacturers","www.eberhard.com"," Email <---> Revenue ","228868","Eberhard Manufacturing Div","21944 Drake Rd","Strongsville","OH","44149","Cuyahoga","www.eberhard.com","4402389720","4405722732","Robert Voorhees","Plant Mgr","Mal","30400000","190","342902","Hardware-Man","5","0","1"
"151248","Hose Master Inc","fotis@hosemaster.com","1233 E 222nd St","2164812020","2164812020","305298","Rubber & Plastics-Hose & Belting (Mfrs)","www.mhma.org"," Email <---> Revenue ","336088","Hose Master Inc","1233 E 222nd St","Cleveland","OH","44117","Cuyahoga","www.mhma.org","2164812020","","Sam J Foti","CEO","Mal","26563000","0","305298","Rubber & Pla","5","0","1"
"319308","Venture Packaging Inc","frankcassidy@berryplastics.com","311 Monroe St","7575382007","4194652539","738988","Packaging Service","www.berryplastics.com"," Email <---> Revenue ","724743","Venture Packaging Inc","311 Monroe St","Monroeville","OH","44847","Huron","www.berryplastics.com","4194652539","4194652702","Howard Weatherwax","Manager","Mal","45000000","0","738988","Packaging Se","5","0","1"
"213031","CPR Materials","gbuty@columbuscoal.com","1150 Sullivant Ave","6142241721","6142249342","516918","Concrete Curing & Treating Mtrl (Whol)","NULL"," Email <---> Revenue ","114175","CPR Materials","1150 Sullivant Ave","Columbus","OH","43223","Franklin","www.columbuscoal.com","6142249342","6142241721","","","","35035000","0","516918","Concrete Cur","5","0","1"
"106136","State Fish Co","genenalette@statefish.com","1600 Merwin Ave","2166965369","2166960080","514601","Seafood-Wholesale","www.statefish.com"," Email <---> Revenue ","657831","State Fish Co","1600 Merwin Ave","Cleveland","OH","44113","Cuyahoga","www.statefishinc.com","2166960080","2166965369","Joe Buscemi","President","Mal","28245000","0","514601","Seafood-Whol","5","0","1"
"123840","Bettcher Industries Inc","geoffrapp@bettcher.com","6801 State Route 60","4409654900","4409654422","508302","Meat Packers Equipment & Supplies (Whol)","www.bettcher.com"," Email <---> Revenue ","80915","Bettcher Industries Inc","6801 State Route 60","Birmingham","OH","44816","Erie","www.bettcher.com","4409654422","4409654900","Laurence Bettcher","Owner","Mal","25000000","135","508302","Meat Packers","5","0","1"
"316886","Colerain Rv & Trailer Ctr","gg@colerainrv.com","3491 Struble Rd","5132455145","5139233600","556108","Motor Homes-Retail","www.colerainrv.com"," Email <---> Revenue ","157666","Colerain Rv & Trailer Ctr","3491 Struble Rd","Cincinnati","OH","45251","Hamilton","www.colerainrv.com","5139233600","5132455145","Charles Jung","Owner","Mal","26760000","60","556108","Motor Homes-","5","0","1"
"315079","Captial City Crane Rental","Gibson.Chet@capitalcitycrane.com","808 Frank Rd","6142782184","6142782120","508206","Contractors-Equip/Supls-Dlrs/Svc (Whol)","NULL"," Email <---> Revenue ","120829","Captial City Crane Rental","808 Frank Rd","Columbus","OH","43223","Franklin","www.capitalcitycrane.com","6142782120","6142782184","Chet Gibson","Owner","Mal","32600000","0","508206","Contractors-","5","0","1"
"183183","Pax Machine Works","gkifer@paxmachine.com","PO Box 338","4195867123","4195862337","346904","Metal Stamping (Manufacturers)","NULL"," Email <---> Revenue ","535062","Pax Machine Works","5139 Monroe Rd","Celina","OH","45822","Mercer","www.paxmachine.com","4195862337","4195867123","Michael J Pax","President","Mal","28000000","200","346904","Metal Stampi","5","0","1"
"302338","Gold Medal Products Co","gmj@gmpopcorn.com","10700 Medallion Dr","6308605980","5137697676","259903","Restaurant Equipment & Supplies-Mfrs","www.gmpopcorn.com"," Email <---> Revenue ","294242","Gold Medal Products Co","10700 Medallion Dr","Cincinnati","OH","45241","Hamilton","www.gmpopcorn.com","5137697676","5137698500","Dan Kroeger","President","Mal","35000000","0","384104","Physicians &","5","0","1"
"318970","Greto Corp","gretocorp@greto.com","1221 Stewart Rd","4192211147","4192210626","511101","Paper Products (Wholesale)","www.greto.com"," Email <---> Revenue ","304101","Greto Corp","1221 Stewart Rd","Lima","OH","45801","Allen","www.greto.com","4192210626","4192211147","Dick Toth","Owner","Mal","37775000","25","511101","Paper Produc","5","0","1"
"184704","P & P Packaging","Harry@pandppackaging.com","PO Box 264","4194652115","4194652516","511318","Boxes-Corrugated & Fiber (Wholesale)","NULL"," Email <---> Revenue ","524151","P & P Packaging","15 Fort Monroe Pkwy","Monroeville","OH","44847","Huron","","4194652516","4194652115","Harry Perdue","Owner","Mal","41400000","50","511318","Boxes-Corrug","5","0","1"
"197744","Shamrock Companies Inc","help@ezlink.net","24090 Detroit Rd","7156348027","4408999510","511207","Business Forms & Systems (Wholesale)","www.pnbnet.com"," Email <---> Revenue ","626887","Shamrock Companies Inc","24090 Detroit Rd","Cleveland","OH","44145","Cuyahoga","www.shamrockcompanies.com","4408999510","4408991618","Joe Knezevich","President","Mal","34050000","0","511207","Business For","5","0","1"
"224942","Howden Buffalo","helpdesk@howdenbuffalo.com","338 S Broadway St","3303398210","3303391111","356401","Fans-Industrial & Commercial-Mfrs","www.howdenbuffalo.com"," Email <---> Revenue ","337995","Howden Buffalo","338 S Broadway St","New Philadelphia","OH","44663","Tuscarawas","www.howdenbuffalo.com","3303391111","3303398210","Bill Woost","Plant Mgr","Mal","32760000","0","356401","Fans-Industr","5","0","1"
"192840","Barnes Pumps","hrpiqua@cranepumps.com","1485 Lexington Ave","9377732238","4197741511","508444","Pumps (Wholesale)","www.cranepumps.com"," Email <---> Revenue ","69311","Barnes Pumps","1485 Lexington Ave","Mansfield","OH","44907","Richland","www.cranepumps.com","4197741511","4197741530","Bill Kabbaz","Manager","Mal","25000000","0","508444","Pumps (Whole","5","0","1"
"293919","Snow Aviation Intl Inc","hsnow@snowaviation.com","7201 Paul Tibbets St","6144927678","6144927669","372101","Aircraft-Manufacturers","NULL"," Email <---> Revenue ","640134","Snow Aviation Intl Inc","7201 Paul Tibbets St","Columbus","OH","43217","Franklin","www.snowaviation.com","6144927669","6144927678","Harry Snow","President","Mal","39200000","0","372101","Aircraft-Man","5","0","1"
"73853","Concrete Sealants Inc","hwingert@conseal.com","9325 State Route 201","9378453587","9378458776","289198","Adhesives & Sealants (Manufacturers)","NULL"," Email <---> Revenue ","165341","Concrete Sealants Inc","9325 State Route 201","New Carlisle","OH","45344","Clark","www.conseal.com","9378458776","9378453587","Howard Wingert","President","Mal","27000000","0","289198","Adhesives & ","5","0","1"
"270577","Peterbilt","info.cincinnati@wdlarson.com","1330 Trenton Ave","4194222904","4194233441","551105","Truck-Dealers","www.peterbiltofcincinnati.com"," Email <---> Revenue ","541293","Peterbilt","1330 Trenton Ave","Findlay","OH","45840","Hancock","www.peterbiltofcincinnati.com","4194233441","4194222904","Al Daughertry","Owner","Mal","39467000","61","551105","Truck-Dealer","5","2","1"
"273490","Tss Technologies","inforequest@tsstech.com","3 Standen Dr","5135876600","5137727000","359903","Machine Shops","www.tss.com"," Email <---> Revenue ","707131","Tss Technologies","3 Standen Dr","Hamilton","OH","45015","Butler","www.tss.com","5137727000","5135876600","Tom Reif","CEO","Mal","41750000","0","359903","Machine Shop","5","0","1"
"172495","Nourse Family Of Dealerships","internetmanager@noursefamily.com","423 N Bridge St","7407722431","7407737913","551103","Automobile Dealers-Used Cars","www.noursefamily.com"," Email <---> Revenue ","507083","Nourse Family Of Dealerships","423 N Bridge St","Chillicothe","OH","45601","Ross","www.noursefamily.com","7407737913","7407722431","Dave Lutz","Manager","Mal","42700000","100","551103","Automobile D","5","1","1"
"260433","OMG Americas","investinfo@na.omgi.com","811 Sharon Dr","2167811502","4408992950","291105","Petroleum Products-Manufacturers","www.omgi.com"," Email <---> Revenue ","509266","OMG Americas","811 Sharon Dr","Cleveland","OH","44145","Cuyahoga","www.omgi.com","4408992950","4408087114","Jim Mooney","CEO","Mal","36450000","0","599919","Chemicals-Re","5","0","1"
"255868","Cass Information Systems Inc","investor@cassinfo.com","2675 Corporate Exchange Dr","6148394299","6148394500","738959","Information & Referral Svcs","www.cassinfo.com"," Email <---> Revenue ","126869","Cass Information Systems Inc","2675 Corporate Exchange Dr","Columbus","OH","43231","Franklin","www.cassinfo.com","6148394500","6148394299","Jeff Nini","Manager","Mal","46500000","0","738959","Information ","5","0","1"
"141136","IWI Inc","iwiinc2@iwiinc.com","1399 Rockefeller Rd","4405852570","4405855900","509908","Manufacturers-Agents & Representatives","www.iwiinc.com"," Email <---> Revenue ","343038","IWI Inc","1399 Rockefeller Rd","Wickliffe","OH","44092","Lake","www.iwiinc.com","4405855900","4405852570","Robert Iacco","Owner","Mal","28320000","0","509908","Manufacturer","5","0","1"
"259467","Ahresty Wilmington Corp","jackt@ahresty.com","2627 S South St","9373825871","9373826112","336398","Aluminum Die Castings (Manufacturers)","NULL"," Email <---> Revenue ","23044","Ahresty Wilmington Corp","2627 S South St","Wilmington","OH","45177","Clinton","www.ahresty.com","9373826112","9373825871","Ken Nonaka","President","Mal","37000000","0","336398","Aluminum Die","5","0","1"
"313414","Scandura Inc","jade.meyers@fennerdunlop.com","Erie Industrial Park Bldg 320","4196352552","4196352191","305298","Rubber & Plastics-Hose & Belting (Mfrs)","www.fennerdunlop.com"," Email <---> Revenue ","616870","Scandura Inc","Erie Industrial Park Bldg 320","Port Clinton","OH","43452","Ottawa","","4196352191","4196352552","Dick Schafroth","VP","Mal","26300000","0","305298","Rubber & Pla","5","0","1"
"322470","Canton Drop Forge","James.OSullivan@cantondropforge.com","4575 Southway Street S W","3304772046","330-477-4511","3462","Iron and Steel Forgings","NULL"," Email <---> Revenue ","119465","Canton Drop Forge","PO Box 6902","Canton","OH","44706","Stark","www.cantondropforge.com","3304774511","3304772046","James O'Sullivan","CEO","Mal","40000000","0","346201","Forgings (Ma","5","0","1"
"243996","Ideal Electric Co","jcherney@idealelectricco.com","330 E 1st St","4195229386","4195223611","362198","Motor & Generator-Manufacturers","www.idealelectricco.com"," Email <---> Revenue ","343517","Ideal Electric Co","330 E 1st St","Mansfield","OH","44902","Richland","www.idealelectricco.com","4195223611","4195229386","Michael Vucelic","CEO","Mal","38300000","0","362198","Motor & Gene","5","0","1"
"308577","Nemco Medical","jedwards@nemcomedical.com","801 Industrial Dr","4195428931","4195427743","384104","Physicians & Surgeons Equip & Supls-Mfrs","www.nemcomed.com"," Email <---> Revenue ","494639","Nemco Medical","801 Industrial Dr","Hicksville","OH","43526","Defiance","www.nemcomed.com","4195427743","4195428931","Kevin Countryman","Owner","Mal","31584000","141","384104","Physicians &","5","0","1"
"322562","Saneholtz-Mc Karns Oil","jeff@saneholtz-mckarns.com","416 W Main St","4194858479","4194855586","517201","Petroleum Products (Wholesale)","www.saneholtz-mckarns.com"," Email <---> Revenue ","614832","Saneholtz-Mc Karns Oil","416 W Main St","Montpelier","OH","43543","Williams","www.saneholtz-mckarns.com","4194855586","4194858479","James Saneholtz","Owner","Mal","48690000","0","517201","Petroleum Pr","5","0","1"
"293493","Coe Manufacturing Co","jethomas@solecia.com","609 Bank St","5036847570","4403529381","355398","Woodworking Machinery (Manufacturers)","www.coemfg.com"," Email <---> Revenue ","156625","Coe Manufacturing Co","609 Bank St","Painesville","OH","44077","Lake","www.coemfg.com","4403529381","4403521487","John Kucharik","CEO","Mal","25000000","115","355398","Woodworking ","5","0","1"
"314170","Jess Howard Electric Co","jim.howard@jesshoward.com","6630 Taylor Rd","6148611830","6148611300","173101","Electric Contractors","www.jesshoward.com"," Email <---> Revenue ","368965","Jess Howard Electric Co","6630 Taylor Rd","Blacklick","OH","43004","Franklin","www.jesshoward.com","6148611300","6148611830","Jess Howard","President","Mal","30340000","0","173101","Electric Con","5","2","1"
"64373","Fluidtrols Corp","jim.neff@fluidtrols.com","33540 Pin Oak Pkwy","4409339296","4409332301","509908","Manufacturers-Agents & Representatives","NULL"," Email <---> Revenue ","266691","Fluidtrols Corp","33540 Pin Oak Pkwy","Avon Lake","OH","44012","Lorain","www.fluidtrols.com","4409332301","4409339296","Jim Neff","Owner","Mal","31152000","0","509908","Manufacturer","5","0","1"
"318760","D & D Ingredient Distributors","jim@d-dfeed.com","5025 Kill Rd # A","4196959447","4196923205","519112","Feed-Dealers (Wholesale)","www.d-dfeed.com"," Email <---> Revenue ","184577","D & D Ingredient Distributors","5025 Kill Rd # A","Delphos","OH","45833","Allen","www.d-dfeed.com","4196923205","4196959447","Donald Miller","Owner","Mal","33250000","50","519112","Feed-Dealers","5","0","1"
"99469","Elyria Plastic Products EPP","JimR@elyriapp.com","710 Taylor St","4403227979","4403228577","308901","Mold Makers","NULL"," Email <---> Revenue ","236574","Elyria Plastic Products EPP","710 Taylor St","Elyria","OH","44035","Lorain","","4403228577","4403227979","Jim Reichlin","Owner","Mal","27694000","0","308901","Plastics-Mol","5","0","1"
"284193","Litco International Inc","jje@johnerdie.com","1 Litco Dr","4196688068","3305395433","244801","Pallets & Skids-Manufacturers","www.durablecorp.com"," Email <---> Revenue ","421407","Litco International Inc","1 Litco Dr","Vienna","OH","44473","Trumbull","www.litco.com","3305395433","3305395388","Gary Trebilcock","President","Mal","45500000","16","244801","Pallets & Sk","5","0","1"
"314034","O K Industries Inc","jkenyon@okindustriesinc.com","4500 Fostoria Ave","4194271524","4194271912","282101","Plastics-Raw Mtrls/Powder/Resin-Mfrs","www.okindustriesinc.com"," Email <---> Revenue ","508465","O K Industries Inc","4500 Fostoria Ave","Findlay","OH","45840","Hancock","www.okindustriesinc.com","4194271912","4194271524","Jim Kenyon","Owner","Mal","30156000","0","282101","Plastics-Raw","5","0","1"
"100299","Palmer Supplies Co","jlykins@palmerholland.com","25000 Country Club Blvd","4406862180","4406862300","516916","Chemicals (Wholesale)","NULL"," Email <---> Revenue ","527712","Palmer Supplies Co","25000 Country Club Blvd","North Olmsted","OH","44070","Cuyahoga","","4406862300","4406862180","Joseph Lykins","President","Mal","30030000","30","516916","Chemicals (W","5","0","1"
"244324","Miami-Luken Inc Home Healthcr","jlyons@miamiluken.com","265 S Pioneer Blvd","9377437786","9377437775","512203","Pharmaceutical Products-Wholesale","NULL"," Email <---> Revenue ","464537","Miami-Luken Inc Home Healthcr","265 S Pioneer Blvd","Springboro","OH","45066","Warren","www.miamiluken.com","9377437775","9377437786","William Powers","President","Mal","40000000","100","512203","Pharmaceutic","5","0","1"
"179582","SAECO","jmccann@saeco-usa.com","7905 Cochran Rd # 100","4405429173","4405282000","508499","Misc Indstrl Equip & Supls Nec (Whol)","NULL"," Email <---> Revenue ","608940","SAECO","7905 Cochran Rd # 100","Cleveland","OH","44139","Cuyahoga","","4405282000","4405429173","John Mc Cann","President","Mal","26112000","0","508499","Misc Indstrl","5","0","1"
"113543","Leyman Manufacturing Corp","jmchenry@leymanlift.com","10900 Kenwood Rd","5138914761","5138916210","353703","Material Handling Equipment-Mfrs","NULL"," Email <---> Revenue ","416635","Leyman Manufacturing Corp","10900 Kenwood Rd","Cincinnati","OH","45242","Hamilton","www.leymanlift.com","5138916210","5138914761","John Mc Henry","President","Mal","48960000","0","508426","Material Han","5","0","1"
"292094","Miles Farmers Market Inc","joe@milesfarmersmarket.com","28560 Miles Rd","4402487518","4402485222","543101","Fruits & Vegetables & Produce-Retail","www.milesfarmersmarket.com"," Email <---> Revenue ","471249","Miles Farmers Market Inc","28560 Miles Rd","Cleveland","OH","44139","Cuyahoga","","4402485222","4402487518","Frank Cangemi","Owner","Mal","42180000","0","543101","Fruits & Veg","5","0","1"
"297411","Dee Sign Co","joek@deesigncompany.com","6163 Allen Rd","5137793344","5137790245","399302","Signs (Manufacturers)","NULL"," Email <---> Revenue ","200779","Dee Sign Co","6163 Allen Rd","West Chester","OH","45069","Butler","www.deesigncompany.com","5137790245","5137793344","Robert Huenefeld","Owner","Mal","30275000","0","399302","Signs (Manuf","5","0","1"
"283010","Dupps Co","john.dupps@dupps.com","PO Box 189","9378556554","9378556555","355909","Special Industry Machinery Nec (Mfrs)","NULL"," Email <---> Revenue ","222006","Dupps Co","548 N Cherry St","Germantown","OH","45327","Montgomery","www.dupps.com","9378556555","9378556554","John A Dupps Jr","President","Mal","35532000","188","355909","Special Indu","5","0","1"
"151549","CO-OP TOOL CO DIV HAMMILL MFG","johnh@co-op-tool.com","1517 COINING DR","NULL","419-476-9125","359903","Machine Shops","NEC (machine shops)"," Email <---> Revenue ","156008","Co-Op Tool Co Div Hammill Mfg","1517 Coining Dr","Toledo","OH","43612","Lucas","","4194769125","","John Hammill","CEO","Mal","41750000","0","359903","Machine Shop","5","0","1"
"282024","Buckeye Stamping","Ken@buckeyeshapeform.com","555 Marion Rd","6144458224","6144458433","341101","Can-Manufacturers","NULL"," Email <---> Revenue ","103930","Buckeye Stamping","555 Marion Rd","Columbus","OH","43207","Franklin","www.buckeyeshapeform.com","6144458433","6144458224","Ken Tumblison","President","Mal","35650000","62","341101","Can-Manufact","5","0","1"
"302216","Clark Grave Vault Co","kendy@clarkvault.com","PO Box 8250","6142992324","6142943761","508707","Burial Vaults (Wholesale)","NULL"," Email <---> Revenue ","149830","Clark Grave Vault Co","375 E 5th Ave","Columbus","OH","43201","Franklin","www.clarkgravevault.com","6142943761","6142992324","David A Beck","President","Mal","26200000","140","508707","Burial Vault","5","0","1"
"306763","NPK Construction Equipment","kens@npkce.com","7550 Independence Dr","4402324382","4402327900","508206","Contractors-Equip/Supls-Dlrs/Svc (Whol)","www.npkce.com"," Email <---> Revenue ","488504","NPK Construction Equipment","7550 Independence Dr","Cleveland","OH","44146","Cuyahoga","www.npkce.com","4402327900","4402324382","Larry Masek","Owner","Mal","32600000","0","508206","Contractors-","5","0","1"
"202542","Specialized Vehicles Corp","kinfo@kidron.com","13442 Emerson Rd","5596863089","3308573011","344403","Sheet Metal Fabricators","www.kidron.com"," Email <---> Revenue ","645786","Specialized Vehicles Corp","13442 Emerson Rd","Dalton","OH","44618","Wayne","www.kidron.com","3308573011","3308578451","John May","President","Mal","40000000","200","344403","Sheet Metal ","5","0","1"
"251447","Richards Ind","kmcmurry@richardsind.com","3170 Wasson Rd","5135332585","5135335600","349498","Valves & Pipe Fittings Nec (Mfrs)","www.richardsind.com"," Email <---> Revenue ","588146","Richards Ind","3170 Wasson Rd","Cincinnati","OH","45209","Hamilton","www.richardsind.com","5135335600","5135330105","Gilbert Richards","CEO","Mal","25500000","0","349498","Valves & Pip","5","0","1"
"188774","Amos Press; Inc","kmoledor@amospress.com","911 Vandemark Road","9374982111","9374980819","738901","Auctioneers","AMOSADVANTAGE.COM^^AMOSHOBBY.COM^^AMOSPRESS.COM^^AMOSPUB.COM^^AMOSPUBLISHING.COM^^BRMCOIN.COM^^SCOTT"," Email <---> Revenue ","41126","Amos Press Inc","911 S Vandemark Rd","Sidney","OH","45365","Shelby","www.amospress.com","9374982111","9374980888","Bruce D Boyd","CEO","Mal","35620000","130","274105","Publishers","5","0","1"
"209352","Kronheims Furniture & Interior","Koreness@kronheims.com","23371 Aurora Rd","4407351020","4407351010","571216","Furniture-Dealers-Retail","NULL"," Email <---> Revenue ","399962","Kronheims Furniture & Interior","23371 Aurora Rd","Cleveland","OH","44146","Cuyahoga","www.kronheims.com","4407351010","4407351020","Greg Koreness","President","Mal","26000000","0","571216","Furniture-De","5","0","1"
"272942","Kornylak Corp","kornylak@kornylak.com","400 Heaton St","5138637644","5138631277","508426","Material Handling Equipment (Wholesale)","www.kornylak.com"," Email <---> Revenue ","398460","Kornylak Corp","400 Heaton St","Hamilton","OH","45011","Butler","www.kornylak.com","5138631277","5138637644","Thomas Kornylak","President","Mal","29419000","0","508426","Material Han","5","0","1"
"234463","Rimrock Corp","larry.adams@rimrockcorp.com","1700 Jetway Blvd","6144717388","6144710063","356303","Spraying Equipment-Manufacturers","NULL"," Email <---> Revenue ","590415","Rimrock Corp","1700 Jetway Blvd","Columbus","OH","43219","Franklin","www.rimrockcorp.com","6144715926","6144717388","Tom Dejong","President","Mal","37200000","0","356303","Spraying Equ","5","0","1"
"102744","Akzo Nobel Coatings Inc","lee.mays@cbs.akzonobel.com","1313 Windsor Ave","6142940436","6142943361","347904","Coatings-Protective-Manufacturers","www.akzonobel-ccna.com"," Email <---> Revenue ","25067","Akzo Nobel Coatings Inc","1313 Windsor Ave","Columbus","OH","43211","Franklin","www.akzonobel-ccna.com","6142943361","6142940436","John Wolff","President","Mal","39597000","201","347904","Coatings-Pro","5","0","1"
"195987","Pro-Pak Industries","leo.deiger@pro-pakindustries.com","1125 Ford St","4197294563","4197290751","265301","Corrugated & Solid Fiber Boxes (Mfrs)","NULL"," Email <---> Revenue ","559150","Pro-Pak Industries","1125 Ford St","Maumee","OH","43537","Lucas","","4197290751","4197294563","Leo G Deiger","President","Mal","42130000","0","265301","Corrugated &","5","0","1"
"281981","Sheely's Furniture & Appliance","Linda-Eisenbraun@sheelys.com","PO Box 705","3305495454","3305493901","571216","Furniture","NULL"," Email <---> Revenue ","628522","Sheely's Furniture & Appliance","11450 South Ave","North Lima","OH","44452","Mahoning","","3305493901","3305495454","Linda Eisenbraun","CEO","Fem","35000000","175","571216","Furniture-De","5","0","1"
"244539","Farmer Commission Co","lkauble@farmerscommission.com","520 W Wyandot Ave","4192946348","4192942371","422101","Grain Elevators","www.farmerscommission.com"," Email <---> Revenue ","252900","Farmer Commission Co","520 W Wyandot Ave","Upper Sandusky","OH","43351","Wyandot","www.farmerscommission.com","4192942371","4192946348","Eric Parthemore","Manager","Mal","35000000","0","422101","Grain Elevat","5","0","1"
"322160","Tom Smith Industries","lmcguire@tomsmithindustries.com","500 Smith Dr","9378321577","9378321555","308901","Mold Makers","www.tomsmithindustries.com"," Email <---> Revenue ","695863","Tom Smith Industries","500 Smith Dr","Clayton","OH","45315","Montgomery","www.tomsmithindustries.com","9378321555","9378321577","Thomas R Smith Jr","CEO","Mal","43584000","0","308901","Plastics-Mol","5","0","1"
"294598","Trucco Construction Co Inc","lsauer@aleronhvac.com","3046 Home Rd","7408815131","7408815140","179403","Excavating Contractors","www.truccocompanies.com"," Email <---> Revenue ","706106","Trucco Construction Co Inc","3046 Home Rd","Powell","OH","43065","Delaware","www.truccoconstruction.com","7408815140","7408815131","Mark Trucco","Owner","Mal","40800000","0","179403","Excavating C","5","0","1"
"309239","Akron Porcelain & Plastics Co","ltobey@akronporcelain.com","2739 Cory Ave","3307456688","3307452159","326498","Porcelain-Electrical-Supplies (Mfrs)","www.akronporcelain.com"," Email <---> Revenue ","24820","Akron Porcelain & Plastics Co","2739 Cory Ave","Akron","OH","44314","Summit","www.akronporcelain.com","3307452159","3307456688","David W Lewis","President","Mal","41400000","0","326498","Porcelain-El","5","0","1"
"227715","Intellinex","lyn.maize@acs-inc.com","925 Euclid Ave # 1800","2166856997","2166856000","824301","Computer Training","www.intellinex.com"," Email <---> Revenue ","349220","Intellinex","925 Euclid Ave # 1800","Cleveland","OH","44115","Cuyahoga","www.intellinex.com","2166856000","2166856997","Roy Brown","CEO","Mal","39000000","250","824301","Computer Tra","5","0","1"
"293901","Gayston Corp","M.Stone@Custombatworks.Com","200 S Pioneer Blvd","9377462524","9377468500","335498","Aluminum Extruded Products (Mfrs)","NULL"," Email <---> Revenue ","284938","Gayston Corp","200 S Pioneer Blvd","Springboro","OH","45066","Warren","www.gayston.com","9377468500","9377461239","Mark Stone","President","Mal","25000000","0","335498","Aluminum Ext","5","0","1"
"272774","Mantua Manufacturing Co","mantuawebform@briandwyer.com","7900 Northfield Rd","8136232042","4402328865","502115","Beds-Wholesale","www.bedframes.com"," Email <---> Revenue ","440090","Mantua Manufacturing Co","7900 Northfield Rd","Cleveland","OH","44146","Cuyahoga","www.bedframes.com","4402328865","4402325622","Edward Weintraub","President","Mal","48075000","0","502115","Beds-Wholesa","5","0","1"
"302911","Washington Group Intl","mark.costello@wgint.com","1500 W 3rd St # 1","9252441520","2165235600","871133","Engineers-Professional","www.wgint.com"," Email <---> Revenue ","738010","Washington Group Intl","1500 W 3rd St # 1","Cleveland","OH","44113","Cuyahoga","www.wgint.com","2165235600","2165235922","Robert Tabor","Manager","Mal","41400000","0","871133","Engineers-Pr","5","0","1"
"283321","Pneumatic Scale Corp","mark.mclain@pneumaticscale.com","10 Ascot Pkwy","3309235570","3309230491","356502","Packaging Machinery-Manufacturers","www.pneumaticscale.com"," Email <---> Revenue ","549754","Pneumatic Scale Corp","10 Ascot Pkwy","Cuyahoga Falls","OH","44223","Summit","www.pneumaticscale.com","3309230491","3309235570","Bill Morgan","President","Mal","34610000","0","356502","Packaging Ma","5","0","1"
"321302","Atlas Butler Mechanical","Mark@atlasbutler.com","619 Reynolds Ave","6142941625","6142947373","171114","Mechanical Contractors","NULL"," Email <---> Revenue ","55739","Atlas Butler Mechanical","619 Reynolds Ave","Columbus","OH","43201","Franklin","www.atlasbutler.com","6142947373","6142941625","Mark Swepston","Owner","Mal","29200000","200","171114","Mechanical C","5","0","1"
"217171","Sandridge Food Corp","mark@sandridge.com","133 Commerce Dr","3307223998","3307252348","209998","Food Preparations Nec (Manufacturers)","NULL"," Email <---> Revenue ","614292","Sandridge Food Corp","133 Commerce Dr","Medina","OH","44256","Medina","www.sandridge.com","3307252348","3307223998","Mark D Sandridge","CEO","Mal","25000000","0","209998","Food Prepara","5","0","1"
"280040","P K Controls Inc","mattp@pkcontrols.com","8000 Corporate Blvd","6147330639","6147330979","506328","Controls Control Systs/Regulators (Whol)","www.pkcontrols.com"," Email <---> Revenue ","524682","P K Controls Inc","8000 Corporate Blvd","Plain City","OH","43064","Madison","www.pkcontrols.com","6147330979","6147330639","Dan Koczur","President","Mal","26705000","0","506328","Controls Con","5","0","1"
"280863","Cub World","mbyrne1@nuvox.net","581 Ibold Rd","5138318475","5132482211","703203","Camps","www.danbeard.org"," Email <---> Revenue ","180132","Cub World","581 Ibold Rd","Loveland","OH","45140","Hamilton","www.danbeard.org","5132482211","5138318475","Marvin Huffman","President","Mal","30000000","0","899906","Technical Ma","5","0","1"
"297371","Dairy Farmers Of America","mcoleman@dfamilk.com","3737 Embassy Pkwy # 300","8168917294","3306707800","514303","Dairy Products-Wholesale","www.dfamilk.com"," Email <---> Revenue ","188664","Dairy Farmers Of America","3737 Embassy Pkwy # 300","Fairlawn","OH","44333","Summit","www.dfamilk.com","3306707800","3306707801","Glenn Wallace","Manager","Mal","35520000","37","514303","Dairy Produc","5","0","1"
"267682","Centex Home Equity","mel.siemer@checkmail.com","Three Crowne Pt Cts","5137728448","null","738999","Business Services Nec","checkmail.com"," Email <---> Revenue ","158206","Collins Associates Inc","12110 Best Pl","Cincinnati","OH","45241","Hamilton","www.venturo.com","5137728448","5133265427","Larry Collins","Owner","Mal","37760000","0","509908","Manufacturer","5","0","1"
"114360","Agmet Metals","Michael.Agin@agmetmetals.com","7800 Medusa Rd","4404397446","4404397400","509312","Recycling Centers (Wholesale)","NULL"," Email <---> Revenue ","22784","Agmet Metals","7800 Medusa Rd","Cleveland","OH","44146","Cuyahoga","","4404397400","4404397446","Michael Agin","Owner","Mal","26150000","0","509312","Recycling Ce","5","0","1"
"304377","Weaver Leather Goods Inc","michelep@weaverleather.com","7540 County Road 201","3306740330","3306747548","319998","Leather Goods Nec (Manufacturers)","www.weaverleather.com"," Email <---> Revenue ","740929","Weaver Leather Goods Inc","7540 County Road 201","Millersburg","OH","44654","Holmes","www.weaverleather.com","3306747548","3306740330","Chris Weaver","President","Mal","38250000","0","319998","Leather Good","5","0","1"
"223435","Unilever Best Foods","minke.bijl@unilever.com","9435 Waterstone Blvd # 180","5738934332","5135837100","541104","Food Products-Retail","www.unilever.com"," Email <---> Revenue ","715342","Unilever Best Foods","9435 Waterstone Blvd # 180","Cincinnati","OH","45249","Hamilton","www.unilever.com","5135837100","5135837137","","","","34110000","0","514101","Food Product","5","0","1"
"323972","Stevens Aviation Inc","mniehaus@stevensaviation.com","3500 Hangar Dr","8646786268","9378984646","559905","Aircraft-Dealers","www.stevensaviation.com"," Email <---> Revenue ","661597","Stevens Aviation Inc","3500 Hangar Dr","Vandalia","OH","45377","Montgomery","www.stevensaviation.com","9378984646","9374543459","Ron Tennyson","Manager","Mal","28720000","80","559905","Aircraft-Dea","5","0","1"
"259998","Ohio Valley Lumber Co","morgan@ohiovalleylumber.com","16523 State Route 124","7404933295","7404932901","242102","Sawmills","www.ohiovalleylumber.com"," Email <---> Revenue ","515881","Ohio Valley Lumber Co","16523 State Route 124","Piketon","OH","45661","Pike","www.ohiovalleylumber.com","7404932901","7404933295","Terry Robbins","Owner","Mal","26800000","100","242102","Sawmills","5","0","1"
"258050","General Dynamics Advanced Info","Mulchay.Bob@generaldynamics.com","5200 Springfield St # 200","9374762900","9372534770","871133","Engineers-Professional","NULL"," Email <---> Revenue ","286276","General Dynamics Advanced Info","5200 Springfield St # 200","Dayton","OH","45431","Greene","www.generaldynamics.com","9372534770","9374762900","Ron Sizemore","Manager","Mal","39000000","0","361202","Electric Tra","5","0","1"
"294185","Floyd Bell Inc","news@floydbell.com","899 Higgs Ave","6142910823","6142944000","506519","Electronic Equipment & Supplies-Whol","www.floydbell.com"," Email <---> Revenue ","266563","Floyd Bell Inc","899 Higgs Ave","Columbus","OH","43212","Franklin","www.floydbell.com","6142944000","6142910823","Tom Shain","President","Mal","43650000","75","506519","Electronic E","5","0","1"
"320987","National Gypsum Co","nhspurlock@nationalgypsum.com","1901 Henderson Dr","4402885877","4402889101","327501","Gypsum & Gypsum Products (Manufacturers)","www.natgyp.com"," Email <---> Revenue ","491142","National Gypsum Co","1901 Henderson Dr","Lorain","OH","44052","Lorain","www.natgyp.com","4402889101","4402885877","Tobin Ross","Manager","Mal","30450000","70","327501","Gypsum & Gyp","5","0","1"
"236592","Berryhill Nursery Co","nstaddon@monrovia.com","4001 Moorefield Rd","5038687352","9373990421","519301","Plants-Wholesale","www.monrovia.com"," Email <---> Revenue ","79094","Berryhill Nursery Co","4001 Moorefield Rd","Springfield","OH","45502","Clark","www.monrovia.com","9373990421","9373996532","Scott Bunting","Manager","Mal","34125000","0","526108","Nurserymen","5","0","1"
"220985","Ohio & Michigan Paper Co","ompco@ompco.com","Ampoint Industrial Pk","4196663768","4196661500","511101","Paper Products (Wholesale)","www.ompco.com"," Email <---> Revenue ","511831","Ohio & Michigan Paper Co","Ampoint Industrial Pk","Toledo","OH","43605","Lucas","www.ompco.com","4196661500","4196663768","Alan Leininger","President","Mal","37775000","25","511101","Paper Produc","5","0","1"
"6887","Merit Brass Co","order.desk@meritbrass.com","1 Merit Dr","2162616646","2162619800","349898","Fabricated Pipe & Pipe Fittings (Mfrs)","www.meritbrass.com"," Email <---> Revenue ","461779","Merit Brass Co","1 Merit Dr","Cleveland","OH","44143","Cuyahoga","www.meritbrass.com","2162619800","2162616646","Mark Schlessinger","CEO","Mal","44750000","250","349898","Fabricated P","5","0","1"
"145722","Lake Erie Electric","P.Corogin@lakeerieelectric.com","PO Box 450859","4408355688","4408355565","173101","Electric Contractors","NULL"," Email <---> Revenue ","405043","Lake Erie Electric","25730 1st St","Cleveland","OH","44145","Cuyahoga","www.leeinc.com","4408355565","4408355688","Peter Corogin","Owner","Mal","29000000","50","173101","Electric Con","5","2","1"
"145381","Meister Publishing","paul_schrimpf@meisternet.com","37733 Euclid Ave  Willoughby","4409422000","null","273198","Books","cyberdealerlive.com"," Email <---> Revenue ","459671","Meister Media Worldwide","37333 Euclid Ave","Willoughby","OH","44094","Lake","","4409422000","4409753447","William Miller","President","Mal","30000000","0","274105","Publishers","5","0","1"
"288137","FRIENDS Business Source Inc","peg@friendsoffice.com","2300 Bright Radl","4194259432","4194271704","357908","Copying Machines & Supplies-Mfrs","www.friendsoffice.com"," Email <---> Revenue ","247766","FRIENDS Business Source Inc","2300 Bright Radl","Findlay","OH","45840","Hancock","","4194271704","4194259432","Ken Schroeder","Owner","Mal","25625000","125","357908","Copying Mach","5","0","1"
"224599","Perkin Elmer Las Inc","peter.coggins@perkinelmer.com","3985 Eastern Rd","3308258520","3308254525","384104","Physicians & Surgeons Equip & Supls-Mfrs","NULL"," Email <---> Revenue ","539358","Perkin Elmer Las Inc","3985 Eastern Rd","Norton","OH","44203","Summit","","3308254525","3308258520","Andrew Jaffe","CEO","Mal","32200000","0","384104","Physicians &","5","0","1"
"94012","Pitt Plastics Inc","pitt@pittplastics.com","3980 Groves Rd # A","7709686761","6148688660","267301","Bags-Plastic (Manufacturers)","www.pittplastics.com"," Email <---> Revenue ","546891","Pitt Plastics Inc","3980 Groves Rd # A","Columbus","OH","43232","Franklin","www.pittplastics.com","6148688660","6148685449","Brian Hodge","Manager","Mal","25760000","0","267301","Bags-Plastic","5","0","1"
"198552","Digital Storage Inc","pm@digitalstorage.com","7611 Green Meadows Dr","7405487978","7405487179","504503","Computers-Wholesale","www.digitalstorage.com"," Email <---> Revenue ","208534","Digital Storage Inc","7611 Green Meadows Dr","Lewis Center","OH","43035","Delaware","www.digitalstorage.com","7405487179","7405487978","Tim Cousins","President","Mal","35880000","40","504503","Computers-Wh","5","0","1"
"44864","Heinen's Supermarket","prefcustcard@heinens.com","35980 Detroit Rd","4409377606","4409377660","541105","Grocers","www.heinens.com"," Email <---> Revenue ","322360","Heinen's Supermarket","10049 Darrow Rd","Twinsburg","OH","44087","Summit","www.heinens.com","3304055700","3304055705","Jeff Lapars","Manager","Mal","27170000","0","541105","Grocers-Reta","5","0","1"
"300303","Owens-Illinois","prescription@us.o-i.com","5091 County Rd 120","5032519484","3308932451","308902","Plastics & Plastic Products (Mfrs)","www.o-i.com"," Email <---> Revenue ","523632","Owens-Illinois","5091 County Rd 120","Berlin","OH","44610","Holmes","www.o-i.com","3308932451","3308933096","Brian Miller","Plant Mgr","Mal","42640000","260","308902","Plastics & P","5","0","1"
"314191","Cinmar","productspecialist@frontgate.com","5566 W Chester Rd","7043666151","5136031000","596102","Mail Order & Catalog Shopping","www.frontgate.com"," Email <---> Revenue ","146617","Cinmar","5566 W Chester Rd","West Chester","OH","45069","Butler","www.frontgate.com","5136031000","5136031020","Paul Tarvin","CEO","Mal","25000000","1","596102","Internet & C","5","0","1"
"288840","WNWO","pumppatrol@nbc24.com","300 S Byrne Rd","4195350202","4195350024","483301","Television Stations & Broadcasting CO","www.nbc24.com"," Email <---> Revenue ","733193","WNWO","300 S Byrne Rd","Toledo","OH","43615","Lucas","www.nbc24.com","4195350024","4195350202","Rick Lipps","Manager","Mal","36270000","0","483301","Television S","5","0","1"
"224533","Esther Price Candies & Gifts","pweaver@epcandies.com","1709 Wayne Ave","9372536034","9372532121","206401","Candy & Confectionery-Manufacturers","www.estherprice.com"," Email <---> Revenue ","242550","Esther Price Candies & Gifts","1709 Wayne Ave","Dayton","OH","45410","Montgomery","www.estherprice.com","9372532121","9372536034","James Day","President","Mal","38475000","0","206401","Candy & Conf","5","0","1"
"151327","Hill & Thomas Co","radiology@hillandthomas.com","3355 Richmond Rd # 221","2168319786","2168319786","801109","Medical Imaging-Magnetic","www.hillandthomas.com"," Email <---> Revenue ","327610","Hill & Thomas Co","3355 Richmond Rd # 221","Cleveland","OH","44122","Cuyahoga","www.hillandthomas.com","2168319786","","Karen Adams","Manager","Fem","27450000","90","801109","Medical Imag","5","2","1"
"319174","Tradesmen International Inc","raleigh.sales@tradesmeninternational.com","9760 Shepard Rd","3172800841","4403493432","655201","Land Companies","www.tradesmeninternational.com"," Email <---> Revenue ","700032","Tradesmen International Inc","9760 Shepard Rd","Macedonia","OH","44056","Summit","www.tradesmeninternational.com","4403493432","4403494092","Joe Wesley","Owner","Mal","26940000","60","655201","Land Compani","5","0","1"
"255604","Bruner Corporation","Randy@brunercorp.com","3637 Lacon Rd","6143349001","6143349000","171117","Air Conditioning Contractors & Systems","NULL"," Email <---> Revenue ","101652","Bruner Corporation","3637 Lacon Rd","Hilliard","OH","43026","Franklin","www.brunercorp.com","6143349000","6143349001","Randy Sleeper","Owner","Mal","28616000","196","171117","Air Conditio","5","0","1"
"282208","Norgren Inc","rbrown@norgren.com","325 Carr Dr","9378334205","9378334033","359398","Fluid Power Cylinders & Actuators (Mfrs)","NULL"," Email <---> Revenue ","501783","Norgren Inc","325 Carr Dr","Brookville","OH","45309","Montgomery","www.norgren.com","9378334033","9378334205","Mike Vinski","President","Mal","34500000","0","359398","Fluid Power ","5","0","1"
"25634","APPLIED MECHANICAL SYSTEMS","rgeyer@appliedmechanicalsys.com","5598 WOLFCREEK PIKE","9378543073","9378379040","8999","Services NEC","APPLIEDMECHANICALSYS.COM"," Email <---> Revenue ","47455","Applied Mechanical Systems Inc","5598 Wolf Creek Pike","Trotwood","OH","45426","Montgomery","www.appliedmechanicalsys.com","9378543073","9378376429","Michael Ayers","President","Mal","40000000","250","344404","Duct & Duct ","5","0","1"
"146938","Care Team Network","richard@careteamusa.com","7413 Squire Ct","5137552824","5137552804","874203","Personnel Consultants","www.careteamusa.com"," Email <---> Revenue ","121912","Care Team Network","7413 Squire Ct","West Chester","OH","45069","Butler","www.careteamusa.com","5137552804","5137552824","Richard Maniscalco","Owner","Mal","42500000","0","874203","Personnel Co","5","0","1"
"263431","Hydro Conduit Corp","rinkerweb@rinker.com","4200 Universal Dr","6024840705","3306542511","503208","Concrete Products (Wholesale)","www.rinker.com"," Email <---> Revenue ","341546","Hydro Conduit Corp","4200 Universal Dr","Diamond","OH","44412","Portage","www.rinker.com","3306542511","3306543302","David Mcclintock","Manager","Mal","28800000","0","503208","Concrete Pro","5","0","1"
"320574","Fabri-Form Co","rlfehrman@fabri-form.com","200 S Friendship Dr","7408265001","7408265000","308906","Plastics-Fabricating/Finish/Decor-Mfrs","www.fabri-form.com"," Email <---> Revenue ","247915","Fabri-Form Co","200 S Friendship Dr","New Concord","OH","43762","Muskingum","www.fabri-form.com","7408265000","7408265001","John Knight","Owner","Mal","25000000","75","308906","Plastics-Fab","5","0","1"
"145372","Youngstown Pipe & Supply","ysales@yopipe.com","4100 Lake Park Rd","3307832965","3307832700","505107","Pipe-Wholesale","www.yopipe.com"," Email <---> Revenue ","764877","Youngstown Pipe & Supply","4100 Lake Park Rd","Youngstown","OH","44512","Mahoning","www.yopipe.com","3307832700","3307832965","Ron Cianciola","Owner","Mal","34200000","0","505107","Pipe-Wholesa","5","0","1"
"298394","Baumfolder Corp","techservice@baumfolder.com","1660 Campbell Rd","9374927280","9374921281","355909","Special Industry Machinery Nec (Mfrs)","www.baumfolder.com"," Email <---> Revenue ","71691","Baumfolder Corp","1660 Campbell Rd","Sidney","OH","45365","Shelby","www.baumfolder.com","9374921281","9374927280","Ulrik T Nygaard","President","Mal","25000000","78","355909","Special Indu","5","0","1"
"258065","Crescent Park Distribution Ctr","tschwallie@crescentpark.com","9817 Crescent Park Dr","5137597001","5137794500","422505","Warehouses-Merchandise & Self Storage","www.crescentpark.com"," Email <---> Revenue ","177424","Crescent Park Distribution Ctr","9817 Crescent Park Dr","West Chester","OH","45069","Butler","www.crescentpark.com","5137794500","5137597001","Chris Taylor","Owner","Mal","37800000","300","422505","Warehouses-M","5","0","1"
"304065","Wadsworth Slawson Northeast","tmcclave@wadsworthslawson.com","1792 E 40th St","2163913740","2163917263","506328","Controls Control Systs/Regulators (Whol)","NULL"," Email <---> Revenue ","733795","Wadsworth Slawson Northeast","1792 E 40th St","Cleveland","OH","44103","Cuyahoga","","2163917263","2163913740","Thomas Mc Clave","President","Mal","32809000","0","506328","Controls Con","5","0","1"
"230495","Bettcher Manufacturing Corp","yhoelter@bettcherllc.com","16000 Commerce Park Dr","2162677654","2162670850","346904","Metal Stamping (Manufacturers)","www.bettcherllc.com"," Email <---> Revenue ","80917","Bettcher Manufacturing Corp","16000 Commerce Park Dr","Cleveland","OH","44142","Cuyahoga","www.bettcherllc.com","2162670850","2162677654","Jerry Lynch","President","Mal","25440000","0","346904","Metal Stampi","5","0","1"
"9426","Hohman Plating & Mfg Inc","wmiller@hohmanplating.com","814 Hillrose Ave","9372285171","9372282191","347914","Coatings-Vacuum Deposition (Mfrs)","NULL"," Email <---> Revenue ","330318","Hohman Plating & Mfg Inc","814 Hillrose Ave","Dayton","OH","45404","Montgomery","www.hohmanplating.com","9372282191","9372285171","William Miller","President","Mal","25900000","0","347914","Coatings-Vac","5","0","1"
"70787","J D Byrider Of Canton","WJim@jdbyrider.com","3000 Tuscarawas St W","3304580001","3304580000","551103","Automobile Dealers-Used Cars","NULL"," Email <---> Revenue ","355093","J D Byrider Of Canton","3000 Tuscarawas St W","Canton","OH","44708","Stark","www.jdbyrider.com","3304580000","3304580001","Jim Wickemyer","Owner","Mal","32350000","50","551103","Automobile D","5","1","1"
"292693","Lally Pipe & Tube","wheileman@lallypipe.com","534 Lowellville Rd","8594311577","3307501002","505107","Pipe-Wholesale","www.lallypipe.com"," Email <---> Revenue ","406496","Lally Pipe & Tube","534 Lowellville Rd","Struthers","OH","44471","Mahoning","www.lallypipe.com","3307501002","3307501535","Jim Mocker","VP","Mal","33060000","0","505107","Pipe-Wholesa","5","0","1"
"40039","Waytek Corp","wjc@waytekcorp.com","400 Shotwell Dr","9377438041","9377438040","261101","Paper Converters (Manufacturers)","NULL"," Email <---> Revenue ","740432","Waytek Corp","400 Shotwell Dr","Franklin","OH","45005","Warren","www.waytekcorp.com","9377438040","9377438041","Stephen P Foley Sr","President","Mal","34350000","0","261101","Paper Conver","5","0","1"
"307885","Basic Electric Supply","webforms-d@netcrafters.com","999 Kinnear Rd","8593319059","6144818801","506330","Electric Equipment & Supplies-Wholesale","www.applesauceinc.com"," Email <---> Revenue ","70605","Basic Electric Supply","999 Kinnear Rd","Columbus","OH","43212","Franklin","www.basicelectric.com","6144818801","6144880453","Doug Johnson","Owner","Mal","25662000","39","506330","Electric Equ","5","0","1"
"196817","Farmer Jack Market","vanhemedo@aptea.com","5700 Monroe St","9897993707","4198820051","541105","Grocers-Retail","www.farmerjack.com"," Email <---> Revenue ","252912","Farmer Jack Market","5700 Monroe St","Sylvania","OH","43560","Lucas","www.farmerjack.com","4198820051","4198826971","Lisa Hodgkinson","Manager","Fem","45500000","250","541105","Grocers-Reta","5","0","1"
"321129","Truckway Leasing Inc","tshimrock@truckwayleasing.com","1745 Dreman Ave","8594412095","5135425560","751903","Trailer Renting & Leasing","www.truckwayleasing.com"," Email <---> Revenue ","706216","Truckway Leasing Inc","1745 Dreman Ave","Cincinnati","OH","45223","Hamilton","www.truckwayleasing.com","5135425560","5135425572","Ron Horstman","President","Mal","28800000","0","751303","Truck Rentin","5","0","1"
"319322","Playhouse Square Ctr","triplett@playhousesquare.com","1501 Euclid Ave # 200","2167710217","2167714444","792207","Theatres-Live","www.playhousesquare.com"," Email <---> Revenue ","548816","Playhouse Square Ctr","1501 Euclid Ave # 200","Cleveland","OH","44115","Cuyahoga","","2167714444","2167710217","Art Falco","President","Mal","42300000","0","792207","Theatres-Liv","5","1","1"
"309172","R K Hydro-Vac Inc","tricia@rkhydrovac.com","322 Wyndham Way","9377738676","9377738600","507501","Air Cleaning & Purifying Equip (Whol)","www.rkhydrovac.com"," Email <---> Revenue ","569540","R K Hydro-Vac Inc","322 Wyndham Way","Piqua","OH","45356","Miami","www.rkhydrovac.com","9377738600","9377738676","Russ Kimmel","President","Mal","25500000","50","507501","Air Cleaning","5","0","1"
"300186","Commercial Traffic Co","trans@freitrater.com","12487 Plaza Dr","2162675945","2162672000","473106","Freight-Traffic Service","www.ctlogistics.com"," Email <---> Revenue ","161699","Commercial Traffic Co","12487 Plaza Dr","Cleveland","OH","44130","Cuyahoga","www.ctlogistics.com","2162672000","2162675945","Jack Miner","CEO","Mal","29800000","0","473106","Freight-Traf","5","0","1"
"297332","Midwest Fasteners","Tom@midwestfasteners.com","450 Richard St","9378664174","9378660463","508435","Welding Equipment & Supplies (Wholesale)","NULL"," Email <---> Revenue ","469168","Midwest Fasteners","450 Richard St","Miamisburg","OH","45342","Montgomery","www.midwestfasteners.com","9378660463","9378664174","Tom Hartman","Owner","Mal","27200000","0","508435","Welding Equi","5","0","1"
"315040","Dupli-Systems Inc","tom@dupli-systems.com","8260 Dow Cir","4402342350","4402349415","276103","Business Forms & Systems-Manufacturers","www.dupli-systems.com"," Email <---> Revenue ","221972","Dupli-Systems Inc","8260 Dow Cir","Cleveland","OH","44136","Cuyahoga","www.dupli-systems.com","4402349415","4402342350","Bud Eldridge","CEO","Mal","39750000","0","276103","Business For","5","0","1"
"35766","Day Pak Inc","tom@daypak.com","2208 Sandridge Dr","9372945314","9372947311","511308","Packaging Materials-Wholesale","NULL"," Email <---> Revenue ","197552","Day Pak Inc","2208 Sandridge Dr","West Carrollton","OH","45439","Montgomery","www.daypak.com","9372947311","9372945314","Tom Igleburger","President","Mal","38916000","47","511308","Packaging Ma","5","0","1"
"211182","Cottage Gardens Nursery","Tom@cottagegardensinc.com","4992 Middle Ridge Rd","4402593154","4402592900","519306","Nurseries-Plants Trees & Etc-Wholesale","NULL"," Email <---> Revenue ","171625","Cottage Gardens Nursery","4992 Middle Ridge Rd","Perry","OH","44081","Lake","www.cottagegardensinc.com","4402592900","4402593154","Tom Varcak","Owner","Mal","38250000","0","519306","Nurseries-Pl","5","0","1"
"321102","American Excelsior","tjohnson@curlex.com","180 Cleveland Rd","8176497816","4196633241","282201","Rubber-Synthetic (Manufacturers)","www.amerexcel.com"," Email <---> Revenue ","36440","American Excelsior","180 Cleveland Rd","Norwalk","OH","44857","Huron","www.amerexcel.com","4196633241","4196637169","David Peaslee","Manager","Mal","32200000","0","282201","Rubber-Synth","5","0","1"
"271076","Ferrotherm Co","thor.egeland@ferrotherm.com","4758 Warner Rd","2168838430","2168839350","559908","Aircraft Equipment Parts & Supplies","www.ferrotherm.com"," Email <---> Revenue ","256440","Ferrotherm Co","4758 Warner Rd","Cleveland","OH","44125","Cuyahoga","www.ferrotherm.com","2168839350","2168838430","Emery CEO","President","Mal","33852000","0","559908","Aircraft Equ","5","0","1"
"261178","YSI Inc","systems@ysi.com","1725 Brannum Ln","9377679320","9377677241","384104","Physicians & Surgeons Equip & Supls-Mfrs","www.ysi.com"," Email <---> Revenue ","762839","YSI Inc","1725 Brannum Ln","Yellow Springs","OH","45387","Greene","www.ysi.com","9377677241","9377679320","Rick Omlor","CEO","Mal","31360000","140","384104","Physicians &","5","0","1"
"303572","Michelman Inc","steveshifman@michelmaninc.com","9080 Shell Rd","5137932504","5137937766","289905","Chemicals-Manufacturers","NULL"," Email <---> Revenue ","466710","Michelman Inc","9080 Shell Rd","Cincinnati","OH","45236","Hamilton","www.michem.com","5137937766","5137932504","Steve Shifman","President","Mal","44000000","0","289905","Chemicals-Ma","5","0","1"
"241345","Savko","Steve@nicksavko.com","4636 Shuster Rd","6144516820","6144512242","179403","Excavating Contractors","NULL"," Email <---> Revenue ","616414","Savko","4636 Shuster Rd","Columbus","OH","43214","Franklin","www.nicksavko.com","6144512242","6144516820","Steve Savko","Owner","Mal","31800000","200","179403","Excavating C","5","0","1"
"220742","Norse Dairy Systems","steven.kroetz@norse.com","1740 Joyce Avenue","6142990538","614294-4931","0241","Dairy Farms (dairy heifer replacement farms)","NULL"," Email <---> Revenue ","502247","Norse Dairy Systems","1740 Joyce Ave","Columbus","OH","43219","Franklin","www.norse.com","6142944931","6142990538","Scot Fulbright","CEO","Mal","37185000","185","356502","Packaging Ma","5","0","1"
"169968","Dayton Reliable Tool Manufacturing Company","sstroh@drtusa.com","618 Greenmont Blvd","9372987391","9372976739","5251","Tools","DRTUSA.COM;HOVISPP.COM;HOVISPRECISIONPRODUCTS.COM"," Email <---> Revenue ","220115","Drt Mfg Co","618 Greenmount Blvd","Dayton","OH","45419","Montgomery","www.drtusa.com","9372987391","9372976740","Gary L Vangundy","CEO","Mal","40000000","200","354207","Metal Formin","5","0","1"
"19749","Avis Rent A Car","SmithB@avis.com","PO Box 75104","8592832344","8597673773","751401","Automobile Renting","NULL"," Email <---> Revenue ","59771","Avis Rent A Car","Cincinnati Intl Airport","Cincinnati","OH","45275","Hamilton","www.avis.com","8597673773","8592832344","Bert Smith","President","Mal","26320000","140","751401","Automobile R","5","0","1"
"301096","Elyria Foundry Co","sknezevic@elyriafoundry.com","120 Filbert St","4403231101","4403224657","332198","Gray & Ductile Iron Foundries","www.elyriafoundry.com"," Email <---> Revenue ","236526","Elyria Foundry Co","120 Filbert St","Elyria","OH","44035","Lorain","www.elyriafoundry.com","4403224657","4403231101","Gregg Foster","President","Mal","28000000","0","332198","Gray & Ducti","5","0","1"
"247840","Preferred Sourcing Inc","services@preferredsourcing.com","11643 Township Road 157 # A","3178661020","9376423416","508466","Inspection Devices-Industrial (Whol)","www.preferredsourcing.com"," Email <---> Revenue ","555001","Preferred Sourcing Inc","11643 Township Road 157 # A","East Liberty","OH","43319","Logan","www.preferredsourcing.com","9376423416","9376424153","Sandra Simpson","Plant Mgr","Fem","32640000","60","508466","Inspection D","5","0","1"
"212136","Dyson Corp","salesquote@dysoncorp.com","53 Freedom Rd","4403522700","4403522700","507205","Fasteners-Industrial (Wholesale)","www.dysoncorp.com"," Email <---> Revenue ","223121","Dyson Corp","53 Freedom Rd","Painesville","OH","44077","Lake","www.dysoncorp.com","4403522700","4403522700","T L Wolf","President","","45675000","0","507205","Fasteners-In","5","0","1"
"278469","Lewisburg Container Co","salesdept@lewisburgcontainer.com","275 E Clay St","9379624504","9379622681","511318","Boxes-Corrugated & Fiber (Wholesale)","www.lewisburgcontainer.com"," Email <---> Revenue ","416454","Lewisburg Container Co","275 E Clay St","Lewisburg","OH","45338","Preble","www.lewisburgcontainer.com","9379622681","9379624504","David Mc Kinney","Owner","Mal","29000000","270","511318","Boxes-Corrug","5","0","1"
"300581","Mfm Bldg Products Corp","rss@mfmbp.com","525 Orange St","7406226161","7406222645","295298","Asphalt Felts & Coatings (Mfrs)","www.mfmbp.com"," Email <---> Revenue ","463727","Mfm Bldg Products Corp","525 Orange St","Coshocton","OH","43812","Coshocton","www.mfmbp.com","7406222645","7406226161","Robert E Simpson","CEO","Mal","44700000","0","295298","Asphalt Felt","5","0","1"
"316158","Greenlawn Mobile Home Sales","rosehill@greenlawncompanies.com","555 Greenlawn Ave","6144434709","6144437421","154212","Buildings-Pre-Cut Prefabricated/Modular","www.greenlawncompanies.com"," Email <---> Revenue ","302928","Greenlawn Mobile Home Sales","555 Greenlawn Ave","Columbus","OH","43223","Franklin","www.greenlawncompanies.com","6144437421","6144434709","Ron Younkin","President","Mal","29040000","0","154212","Buildings-Pr","5","0","1"
"199371","Winkle Electric Co","robert.conger@winkle.com","1900 Hubbard Rd","3307441635","3307445303","506330","Electric Equipment & Supplies-Wholesale","www.winkle.com"," Email <---> Revenue ","755703","Winkle Electric Co","1900 Hubbard Rd","Youngstown","OH","44505","Mahoning","www.winkle.com","3307445303","3307441635","Richard Teaberry","President","Mal","31584000","48","506330","Electric Equ","5","0","1"
"295950","Impact Products","webster@impact-products.com","2840 Centennial Rd","4198414606","null","738999","Business Services Nec","IMPACT-PRODUCTSLLC.COM"," Email <---> Revenue ","344652","Impact Products","2840 Centennial Rd","Toledo","OH","43617","Lucas","www.impact-products.com","4198412891","4198417861","John Harbal","CEO","Mal","30100000","0","516202","Plastics-Pro","5","0","1"
"221245","K & M Tire & Auto","webdeveloper@kmtire.com","502 N Main St","4196959519","4196951060","553123","Tire-Dealers-Retail","www.kmtire.com"," Email <---> Revenue ","380912","K & M Tire & Auto","502 N Main St","Delphos","OH","45833","Allen","www.kmtire.com","4196951060","4196959519","Dan Duncan","Manager","Mal","41600000","90","553123","Tire-Dealers","5","0","1"
"232137","Rondy Co Inc","rrondy@rondy.net","255 Wooster Rd N","3307454886","3307459016","282101","Plastics-Raw Mtrls/Powder/Resin-Mfrs","NULL"," Email <---> Revenue ","600903","Rondy Co Inc","255 Wooster Rd N","Barberton","OH","44203","Summit","","3307459016","3307454886","Don R Rondy","President","Mal","35000000","0","282101","Plastics-Raw","5","0","1"
