mail id,company,email,address,phone,fax,sic,sic description,web,,revenue id,company,address,city,state,zip,	metro,web,phone,fax,contact,position,gender,sales,# of employee,sic,sic_descrpiton,	,,
"181435","Anomatic Corp","wbr@anomatic.com","1650 Tamarack Rd","7405223339","7405222203","347101","Anodizing (Manufacturers)","www.anomatic.com"," Email <---> Revenue ","44863","Anomatic Corp","1650 Tamarack Rd","Newark","OH","43055","Licking","www.anomatic.com","7405222203","7405223339","William Rusch","CEO","Mal","68500000","0","347101","Anodizing (M","6","0","1"
"20501","Chief Supermarkets","TTaylor@chiefsupermarkets.com","1340 W High St # E","4197826047","4197820950","541105","Grocers-Retail","NULL"," Email <---> Revenue ","139056","Chief Supermarkets","1340 W High St # E","Defiance","OH","43512","Defiance","www.chiefsupermarkets.com","4197820950","4197826047","Eric Hench","President","Mal","71000000","1","541105","Grocers-Reta","6","0","1"
"35682","Bucyrus Blades Inc","tim.myers@escocorp.com","PO Box 628","4195628360","4195626015","353198","Construction Machinery & Equip (Mfrs)","NULL"," Email <---> Revenue ","104410","Bucyrus Blades Inc","260 E Beal Ave","Bucyrus","OH","44820","Crawford","","4195626015","4195628360","Tim Myers","President","Mal","50000000","200","353198","Construction","6","0","1"
"83783","Daifuku America","tetsuya_hibmeyer@daifukuamerica.com","6700 Tussing Rd","6148639997","614-863-1888","508426","Material Handling Equipment (Wholesale)","NULL"," Email <---> Revenue ","188471","Daifuku America","6700 Tussing Rd","Reynoldsburg","OH","43068","Franklin","","6148631888","6148639997","David Jacoboski","Plant Mgr","Mal","51600000","0","353501","Conveyors & ","6","0","1"
"211119","Hightower Petroleum Co","stephanie@hightowerspetroleum.com","3589 Commerce Dr","5134235750","5134234272","517206","Oils-Fuel (Wholesale)","www.hightowerspetroleum.com"," Email <---> Revenue ","327296","Hightower Petroleum Co","3589 Commerce Dr","Franklin","OH","45005","Warren","www.hightowerspetroleum.com","5134234272","5134235750","Stephen L Hightower","President","Mal","68166000","0","517206","Oils-Fuel (W","6","0","1"
"247315","Seal-Rite Door Inc","srinfo@sealritedoor.com","36 Shackelford Rd","7409273690","7409273558","503119","Doors-Wholesale","www.sealritedoor.com"," Email <---> Revenue ","621161","Seal-Rite Door Inc","36 Shackelford Rd","Pataskala","OH","43062","Licking","www.sealritedoor.com","7409273558","7409273690","Scott Miller","CEO","Mal","59290000","0","503119","Doors-Wholes","6","0","1"
"296876","WLWT","sportsrock@channelcincinnati.com","1700 Young St","5134126121","5134125000","483301","Television Stations & Broadcasting CO","www.channelcincinnati.com"," Email <---> Revenue ","733148","WLWT","1700 Young St","Cincinnati","OH","45202","Hamilton","www.channelcincinnati.com","5134125000","5134126121","Richard Dyer","President","Mal","64480000","0","483301","Television S","6","0","1"
"241873","Crescent Metal Products","smayher@crescor.com","5925 Heisley Rd","4403501100","4403507267","1099","Metal ores","CRESCOR.COM"," Email <---> Revenue ","177396","Cres-Cor","5925 Heisley Rd","Mentor","OH","44060","Lake","","4403501100","4403507267","Clifford D Baggott","President","Mal","56350000","0","384104","Physicians &","6","0","1"
"321619","Pole Zero","shanghai@fiaco.com","5530 Union Centre Dr","5138709064","5138709060","367901","Electronic Equipment & Supplies-Mfrs","www.polezero.com"," Email <---> Revenue ","550210","Pole Zero","5530 Union Centre Dr","West Chester","OH","45069","Butler","www.polezero.com","5138709060","5138709064","Eugene Janning","President","Mal","51000000","0","367901","Electronic E","6","0","1"
"23750","Robertson Heating Supply Co","ScottR@RHSONLINE.NET","500 W Main St","3308218251","3308219180","571211","Kitchen Cabinets & Equipment-Household","NULL"," Email <---> Revenue ","596522","Robertson Heating Supply Co","2155 W Main St","Alliance","OH","44601","Stark","www.rhs1.com","3308219180","3308218251","Scott Robertson","President","Mal","70000000","0","507406","Plumbing Fix","6","0","1"
"234374","Cincinnatus Savings & Loan Co","savings@cincinnatussl.com","3300 Harrison Ave","5136617175","5136616903","603501","Savings & Loan Associations","www.cincinnatussl.com"," Email <---> Revenue ","146194","Cincinnatus Savings & Loan Co","3300 Harrison Ave","Cincinnati","OH","45211","Hamilton","www.cincinnatussl.com","5136616903","5136617175","Arthur H Beinkemper Jr","CEO","Mal","77109000","0","603501","Savings & Lo","6","0","1"
"323368","Clarke Detroit Diesel","savage@clarkesystem.com","3133 E Kemper Rd","2604829180","5137712200","508414","Engines-Diesel (Wholesale)","www.clarkedda.com"," Email <---> Revenue ","150213","Clarke Detroit Diesel","3133 E Kemper Rd","Cincinnati","OH","45241","Hamilton","www.clarkedda.com","5137712200","5137710520","Mark M Andreae","President","Mal","50300000","150","508414","Engines-Dies","6","0","1"
"277559","Antonio Sofo & Son Importing","S.Antonio@sofofoods.com","253 Waggoner Blvd","4194786104","4194788501","541103","Convenience Stores","NULL"," Email <---> Revenue ","45823","Antonio Sofo & Son Importing","253 Waggoner Blvd","Toledo","OH","43612","Lucas","","4194788501","4194786104","Antonio Sofo","CEO","Mal","58000000","0","514801","Fruits & Veg","6","0","1"
"168743","National Auto Care","rvproduct@nationalinterstate.com","575 Westar Xing","7032604001","6144387400","639902","Automobile Warranty Processing Service","www.natl.com"," Email <---> Revenue ","490152","National Auto Care","575 Westar Xing","Westerville","OH","43082","Franklin","","6144387400","6144387423","Paul Aselin","Owner","Mal","50435000","0","639902","Automobile W","6","0","1"
"286832","Rrr Development","Ronald@rrrdev.com","8817 Pleasantwood Ave NW","3309668008","3304948000","509905","Importers","NULL"," Email <---> Revenue ","604428","Rrr Development","8817 Pleasantwood Ave NW","North Canton","OH","44720","Stark","www.rrrdev.com","3304948000","3309668008","Ronald Dillard","Owner","Mal","75520000","80","509905","Importers","6","0","1"
"270515","North Star Blue Scope Steel","rich.menzel@northstarbluescope.com","6767 County Road 9","4198222276","4198222200","344106","Steel-Structural (Manufacturers)","NULL"," Email <---> Revenue ","504037","North Star Blue Scope Steel","6767 County Road 9","Delta","OH","43515","Fulton","www.northstarbluescope.com","4198222200","4198222276","Jim Jonasen","President","Mal","96600000","0","344106","Steel-Struct","6","0","1"
"302219","Guggisberg Cheese Inc","recipes@babyswiss.com","5060 State Route 557","3308933240","3308932500","202201","Cheese Processors","www.babyswiss.com"," Email <---> Revenue ","306218","Guggisberg Cheese Inc","5060 State Route 557","Millersburg","OH","44654","Holmes","www.babyswiss.com","3308932500","3308933240","Richard Guggisberg","President","Mal","89000000","0","202201","Cheese Proce","6","0","1"
"177901","Contract Lumber","R_H@contractlumber.com","3245 State Route 310 SW","7409277344","7409274242","521126","Building Materials","NULL"," Email <---> Revenue ","167620","Contract Lumber","3245 State Route 310 SW","Pataskala","OH","43062","Licking","www.contractlumber.com","7409274242","7409277344","Rick Hiegel","President","Mal","77400000","300","521126","Building Mat","6","0","1"
"141269","Norcold Corp","psweeney@norcold.com","600 S Kuther Rd","9374973085","9374973080","363201","Refrigerators-Manufacturers","NULL"," Email <---> Revenue ","501551","Norcold Corp","600 S Kuther Rd","Sidney","OH","45365","Shelby","www.norcold.com","9374973080","9374973085","Ron Riethman","President","Mal","99974000","386","363201","Refrigerator","6","0","1"
"125599","Kaeser & Blair Inc","prospectus@kaeser-blair.com","4236 Grissom Dr","5137321753","5137326400","519917","Advertising-Specialties (Wholesale)","www.kaeser-blair.com"," Email <---> Revenue ","383558","Kaeser & Blair Inc","4236 Grissom Dr","Batavia","OH","45103","Clermont","www.kaeser-blair.com","5137326400","5137321753","Kurt Kaeser","President","Mal","93340000","0","519917","Advertising-","6","0","1"
"275045","Moen Inc","pr@moen.com","377 Woodland Ave","4403292743","4403226636","343201","Plumbing Fixtures & Supplies-Mfrs","www.moen.com"," Email <---> Revenue ","476522","Moen Inc","377 Woodland Ave","Elyria","OH","44035","Lorain","www.moen.com","4403226636","4403292743","Phil Taylor","Plant Mgr","Mal","62560000","0","343201","Plumbing Fix","6","0","1"
"305493","Luckey Farmers Inc","perrysburg@luckeyfarmers.com","154 W Dewey St","4198492720","4196652322","517206","Oils-Fuel (Wholesale)","www.luckeyfarmers.com"," Email <---> Revenue ","428433","Luckey Farmers Inc","154 W Dewey St","Lindsey","OH","43442","Sandusky","www.luckeyfarmers.com","4196652322","4196652236","Phil Bodey","Manager","Mal","50310000","15","517206","Oils-Fuel (W","6","0","1"
"134570","Plaskolite Inc","paul.washington@plaskolite.com","1770 Joyce Ave","6142977287","6142943281","308910","Plastics-Products-Finished-Manufacturers","www.plaskolite.com"," Email <---> Revenue ","548371","Plaskolite Inc","1770 Joyce Ave","Columbus","OH","43219","Franklin","www.plaskolite.com","6142943281","6142977287","James R Dunn","CEO","Mal","60000000","450","308910","Plastics-Pro","6","0","1"
"321560","Innovative Technologies Corp","Pam.Bridges@itc-1.com","1020 Woodman Dr # 100","9372546853","9372522145","874833","Government-Contract Consultants","NULL"," Email <---> Revenue ","347873","Innovative Technologies Corp","1020 Woodman Dr # 100","Dayton","OH","45432","Greene","www.itc-1.com","9372522145","9372546853","Ray Mehan","Owner","Mal","58880000","0","874833","Government-C","6","0","1"
"197711","John M Lance Ford Inc","oleckib@autonation.com","23775 Center Ridge Rd","4408718385","4408718600","551105","Truck-Dealers","www.johnladefford.com"," Email <---> Revenue ","374088","John M Lance Ford Inc","23775 Center Ridge Rd","Cleveland","OH","44145","Cuyahoga","www.johnladefford.com","4408718600","4408718385","Kimberly Youngvirt","Manager","Fem","53400000","0","551105","Truck-Dealer","6","2","1"
"1043","Crane Plumbing LLC","msutter@craneplumbing.com","41 Cairns Rd","4195240501","4195224211","343201","Plumbing Fixtures & Supplies-Mfrs","NULL"," Email <---> Revenue ","175621","Crane Plumbing LLC","41 Cairns Rd","Mansfield","OH","44903","Richland","www.craneplumbing.com","4195224211","4195240501","Kevin Oak","CEO","Mal","55200000","0","343201","Plumbing Fix","6","0","1"
"209573","Thermal Arc Inc","mdumont@thermadyne.com","2200 Corporate Dr","NULL","9374400100","508435","Welding Equipment & Supplies (Wholesale)","NULL"," Email <---> Revenue ","687150","Thermal Arc Inc","2200 Corporate Dr","Troy","OH","45373","Miami","","9374400100","","Michael Dumont","President","Mal","54400000","100","508435","Welding Equi","6","0","1"
"265533","M & M Svc Station Equip","marty.meyer@mid-valleysupply.com","106 Commerce Dr","7403779600","7403779700","517201","Petroleum Products (Wholesale)","NULL"," Email <---> Revenue ","430827","M & M Svc Station Equip","106 Commerce Dr","South Point","OH","45680","Lawrence","","7403779700","7403779600","Marty Meyer","Owner","Mal","77904000","0","517201","Petroleum Pr","6","0","1"
"314027","Bulk Molding Compounds Inc","mark_stouse@bmc.com","12600 Eckel Rd","4156166499","4198747941","308798","Custom Compounding-Purchased Resin (Mfr)","www.bmc.com"," Email <---> Revenue ","105925","Bulk Molding Compounds Inc","12600 Eckel Rd","Perrysburg","OH","43551","Wood","www.bmc.com","4198747941","4198749498","Gary Kellermeier","Plant Mgr","Mal","52200000","0","308798","Custom Compo","6","0","1"
"319848","Lykins Oil","LykinsDonald@lykinscompanies.com","5163 Wolfpen Rd","5138311428","5138318820","517206","Oils-Fuel (Wholesale)","NULL"," Email <---> Revenue ","429675","Lykins Oil","5163 Wolfpen Pleasant Hill Rd","Milford","OH","45150","Clermont","www.lykinscompanies.com","5138318820","5138311428","Donald Lykins","CEO","Mal","90000000","0","517206","Oils-Fuel (W","6","0","1"
"311928","WOIO","lmcmanus@woio.com","1717 E 12th St","2165157170","2167711943","483301","Television Stations & Broadcasting CO","www.actionnewsnow.com"," Email <---> Revenue ","733209","WOIO","1717 E 12th St","Cleveland","OH","44114","Cuyahoga","www.actionnewsnow.com","2167711943","2165157170","Bill Applegate","Manager","Mal","63200000","200","483301","Television S","6","0","1"
"102652","Lakeview Farms Inc","lgarrett@lakeviewfarms.com","PO Box 98","4196959900","4196959925","209903","Food Products & Manufacturers","NULL"," Email <---> Revenue ","406068","Lakeview Farms Inc","1700 Gressel Dr","Delphos","OH","45833","Allen","www.lakeviewfarms.com","4196959925","4196959900","Ernest Graves","President","Mal","55200000","200","209903","Food Product","6","0","1"
"112417","Franklin International Inc","legalprivacy@franklininternational.com","2020 Bruck St","6144451813","6144430241","289101","Adhesives & Glues-Manufacturers","www.franklininternational.com"," Email <---> Revenue ","272331","Franklin International Inc","2020 Bruck St","Columbus","OH","43207","Franklin","www.franklininternational.com","6144430241","6144451813","L T Williams Jr","CEO","","87600000","500","289101","Adhesives & ","6","0","1"
"165736","Dayton Progress Corp","kjackson@daytonprogress.com","PO Box 49039","9378595353","9378595111","354412","Die Makers Equipment & Supplies-Mfrs","NULL"," Email <---> Revenue ","198587","Dayton Progress Corp","500 Progress Rd","Dayton","OH","45449","Montgomery","www.daytonprogress.com","9378595111","9378595353","Al Ringler","President","Mal","50000000","0","354412","Die Makers E","6","0","1"
"10213","Wellington Stamping Div","kevin@tree-media.com","350 Maple St","4406475350","4406472100","346598","Automotive Stampings (Manufacturers)","www.eshiloh.com"," Email <---> Revenue ","742470","Wellington Stamping Div","350 Maple St","Wellington","OH","44090","Lorain","","4406472100","4406475350","John Loede","Plant Mgr","Mal","62200000","0","346598","Automotive S","6","0","1"
"8271","K E Rose Co LLC","keroseco@keroseco.com","4595 Chambersburg Rd","9372369783","9372369702","501213","Truck Bodies & Equipment (Wholesale)","NULL"," Email <---> Revenue ","381353","K E Rose Co LLC","4595 Chambersburg Rd","Dayton","OH","45424","Montgomery","","9372369702","9372369783","Erich Rose","Owner","Mal","62900000","0","501213","Truck Bodies","6","0","1"
"182512","Holophane Corp","kbarber@holophane.com","140 Carey St","7403494294","7408922011","506319","Lighting Fixtures-Wholesale","www.holophane.com"," Email <---> Revenue ","331765","Holophane Corp","140 Carey St","Utica","OH","43080","Licking","www.holophane.com","7408922011","7403494294","Dan Bullman","Plant Mgr","Mal","87514000","133","506319","Lighting Fix","6","0","1"
"311486","Herman Losely & Sons Inc","karl@losely.com","3410 Shepard Rd","4402593690","4402592725","519306","Nurseries-Plants Trees & Etc-Wholesale","www.losely.com"," Email <---> Revenue ","325055","Herman Losely & Sons Inc","3410 Shepard Rd","Perry","OH","44081","Lake","www.losely.com","4402592725","4402593690","Edward Losely","CEO","Mal","51000000","0","519306","Nurseries-Pl","6","0","1"
"284217","Muskingum Valley Bancshares","J-Staley@thecitizens.com","PO Box 128","7409842386","7409842381","671201","Holding Companies (Bank)","NULL"," Email <---> Revenue ","486450","Muskingum Valley Bancshares","501 5th St","Beverly","OH","45715","Washington","www.thecitizens.com","7409842381","7409842386","John C Staley","CEO","Mal","83421000","54","671201","Holding Comp","6","0","1"
"322333","Mid-West Presort Mailing Svc","jrichter@mw-direct.com","2222 W 110th St","4123229310","2162512500","733101","Mailing & Shipping Services","www.mw-direct.com"," Email <---> Revenue ","467823","Mid-West Presort Mailing Svc","2222 W 110th St","Cleveland","OH","44102","Cuyahoga","www.mw-direct.com","2162512500","2162512577","Jim Gebbie","CEO","Mal","52500000","0","733101","Mailing & Sh","6","0","1"
"104625","Columbus Equipment Co","josh@columbusequipment.com","50 Kingston Ave","5137716547","6144436541","735949","Contractors-Equipment & Supls-Renting","www.columbusequipment.com"," Email <---> Revenue ","159882","Columbus Equipment Co","50 Kingston Ave","Columbus","OH","43207","Franklin","www.columbusequipment.com","6144436541","6144490182","Richard Early","CEO","Mal","75000000","0","735949","Contractors-","6","0","1"
"247890","Bendix Commercial Vehicle Syst","joseph.mcaleese@bendix.com","901 Cleveland St","4403299557","440-329-9000","501302","Truck Equipment & Parts-Wholesale","NULL"," Email <---> Revenue ","77064","Bendix Commercial Vehicle Syst","901 Cleveland St","Elyria","OH","44035","Lorain","","4403299000","4403299557","Joseph J Mcaleese","CEO","Mal","78400000","350","362504","Electric Mot","6","0","1"
"278088","WEWS","jordan@newsnet5.com","3001 Euclid Ave","2163611762","2164315555","483301","Television Stations & Broadcasting CO","www.newsnet5.com"," Email <---> Revenue ","732879","WEWS","3001 Euclid Ave","Cleveland","OH","44115","Cuyahoga","www.newsnet5.com","2164315555","2163611762","John Bute","Manager","Mal","80600000","0","483301","Television S","6","0","1"
"77401","Twist Inc","joe.wright@twistinc.com","PO Box 177","9376756781","9376759581","508542","Springs-Coil, Flat, Etc-Distributors","Flat"," Email <---> Revenue ","708934","Twist Inc","47 S Limestone St","Jamestown","OH","45335","Greene","www.twistinc.com","9376759581","9376756781","Joe Wright","President","Mal","54150000","95","508542","Springs-Coil","6","0","1"
"284459","C H Bradshaw Co","jmiller@chbradshaw.com","2004 Hendrix Dr","6148718038","6148712087","517202","Service Station Equipment (Wholesale)","www.chbradshaw.com"," Email <---> Revenue ","111219","C H Bradshaw Co","2004 Hendrix Dr","Grove City","OH","43123","Franklin","www.chbradshaw.com","6148712087","6148718038","Robert Slack","Owner","Mal","87204000","0","517204","Gasoline Pum","6","0","1"
"323122","First Federal Savings & Loan","jim@1stfedvw.com","679 Fox Rd","4192386485","4192381463","603501","Savings & Loan Associations","www.1stfedvw.com"," Email <---> Revenue ","261788","First Federal Savings & Loan","679 Fox Rd","Van Wert","OH","45891","Van Wert","www.1stfedvw.com","4192381463","4192386485","Michael T Cross","President","Mal","97198000","18","603501","Savings & Lo","6","0","1"
"124922","Raco Industries","jgrimes@racoindustries.com","5480 Creek Rd","5137924272","5139842101","504511","Scanning Equipment (Wholesale)","www.barcodelabelpricing.com"," Email <---> Revenue ","572143","Raco Industries","5480 Creek Rd","Cincinnati","OH","45242","Hamilton","www.racoindustries.com","5139842101","5137924272","Rob Adams","CEO","Mal","58305000","0","504511","Scanning Equ","6","0","1"
"131069","Parts Express","Jeff@pewholesale.com","725 Pleasant Valley Dr","9377431677","9377433000","573117","Electronic Equipment & Supplies-Retail","NULL"," Email <---> Revenue ","531522","Parts Express","725 Pleasant Valley Dr","Springboro","OH","45066","Warren","www.pewholesale.com","9377433000","9377431677","Jeff Stahl","President","Mal","90610000","0","365103","Sound System","6","0","1"
"313159","Willoway Nursery","jeanne@willowaynurseries.com","4534 Center Rd","4409344738","4409344435","519306","Nurseries-Plants Trees & Etc-Wholesale","www.willowaynurseries.com"," Email <---> Revenue ","753834","Willoway Nursery","4534 Center Rd","Avon","OH","44011","Lorain","www.willowaynurseries.com","4409344435","4409344738","Tom Demaline","President","Mal","65700000","300","519306","Nurseries-Pl","6","0","1"
"259948","Gojo Industries","interactive@gojo.com","1 Gojo Plz # 500","3302556119","3302556000","284101","Soaps & Detergents-Manufacturers","www.gojo.com"," Email <---> Revenue ","294111","Gojo Industries","1 Gojo Plz # 500","Akron","OH","44311","Summit","www.gojo.com","3302556000","3302556119","","","","50000000","400","284101","Soaps & Dete","6","0","1"
"208926","Hospital Specialty Co","hospeco@hospeco.com","7501 Carnegie Ave","8598872892","2163611230","504712","Hospital Equipment & Supplies (Whol)","www.hospeco.com"," Email <---> Revenue ","336253","Hospital Specialty Co","7501 Carnegie Ave","Cleveland","OH","44103","Cuyahoga","www.hospeco.com","2163611230","2164312593","Lloyde Mencke","Plant Mgr","Mal","83720000","140","504712","Hospital Equ","6","0","1"
"120783","Hi-Grade Oil Co","higradeoil@higradeoil.com","435 S Vandemark Rd","9374989753","9375854256","517206","Oils-Fuel (Wholesale)","www.higradeoil.com"," Email <---> Revenue ","325924","Hi-Grade Oil Co","429 S Vandemark Rd","Sidney","OH","45365","Shelby","www.higradeoil.com","9375854256","9374989753","Kent Witt","Owner","Mal","97380000","0","517208","Gas-Liquefie","6","0","1"
"316325","Rayco Manufacturing Inc","gordon@raycomfg.com","4255 E Lincoln Way","3302643697","3302648699","352402","Tree Service Equipment & Supplies (Mfrs)","www.raycomfg.com"," Email <---> Revenue ","576665","Rayco Manufacturing Inc","4255 E Lincoln Way","Wooster","OH","44691","Wayne","www.raycomfg.com","3302648699","3302643697","John Bowling","CEO","Mal","57980000","0","352402","Tree Service","6","0","1"
"237158","WBNS","goodmorning@10tv.com","770 Twin Rivers Dr","6144602809","6144603700","483301","Television Stations & Broadcasting CO","www.wbns10tv.com"," Email <---> Revenue ","732671","WBNS","770 Twin Rivers Dr","Columbus","OH","43215","Franklin","www.10tv.com","6144603700","6144602809","Michael Fiorile","President","Mal","88660000","0","483301","Television S","6","0","1"
"80727","Hancock Gas Svc","formshgs@aristotle.thecourier.com","1112 Lima Ave","4194223787","4194224373","517208","Gas-Liquefied Petro-Bttld/Bulk (Whol)","www.hancockgas.com"," Email <---> Revenue ","313428","Hancock Gas Svc","1112 Lima Ave","Findlay","OH","45840","Hancock","www.hancockgas.com","4194224373","4194223787","Steve Farkas","VP","Mal","50310000","15","517208","Gas-Liquefie","6","0","1"
"116395","Fluid Line Products Inc","flp@fluidline.com","38273 Western Pkwy","4409469472","4409469470","508520","Hydraulic Equipment & Supplies (Whol)","www.fluidline.com"," Email <---> Revenue ","266657","Fluid Line Products Inc","38273 Western Pkwy","Willoughby","OH","44094","Lake","www.fluidline.com","4409469470","4409469472","John Hetzer","CEO","Mal","85500000","150","508520","Hydraulic Eq","6","0","1"
"319225","Ferro Corp","fjkk@ferro.com","103 Railroad Ave","2256543268","4196823311","281698","Inorganic Pigments (Manufacturers)","www.ferro.com"," Email <---> Revenue ","256420","Ferro Corp","103 Railroad Ave","Stryker","OH","43557","Williams","www.ferro.com","4196823311","4196824924","Larry Ryan","Plant Mgr","Mal","90560000","160","281698","Inorganic Pi","6","0","1"
"38933","Barsplice Products","FCasella@barsplice.com","4900 Webster St","9374276470","9372758700","539901","General Merchandise-Retail","NULL"," Email <---> Revenue ","70173","Barsplice Products","4900 Webster St","Dayton","OH","45414","Montgomery","www.barsplice.com","9372758700","9374276470","Frank Casella","President","Mal","92400000","330","539901","General Merc","6","0","1"
"42128","Berea Children's Home & Family","erich.zehe@mcpc.com","202 E Bagley Rd","4402342006","4402342006","806301","Mental Health Services","www.bchfs.org"," Email <---> Revenue ","78150","Berea Children's Home & Family","202 E Bagley Rd","Berea","OH","44017","Cuyahoga","www.bchfs.org","4402342006","4402340787","Donna Keegan","VP","Fem","60750000","0","806301","Mental Healt","6","0","1"
"293106","Ohio Valley Flooring Co","eric.appleby@ovf.com","5555 Murray Ave","5135279595","5132713434","571306","Floor Materials","www.ovf.com"," Email <---> Revenue ","515826","Ohio Valley Flooring Co","5555 Murray Ave","Cincinnati","OH","45227","Hamilton","","5132713434","5135379595","Al Hurt","President","Mal","78000000","0","571306","Floor Materi","6","0","1"
"280224","Sandusco Inc","ej@arrdis.com","11012 Aurora Hudson Rd","3305280423","3305280410","509999","Durable Goods Nec (Wholesale)","www.arrdis.com"," Email <---> Revenue ","614341","Sandusco Inc","11012 Aurora Hudson Rd","Streetsboro","OH","44241","Portage","www.arrdis.com","3305280410","3305280423","Harry Singer","President","Mal","93456000","99","509999","Durable Good","6","0","1"
"283837","I Schumann & Co","dschumann@ischumann.com","22500 Alexander Rd","4404390317","4404392300","509313","Scrap Metals & Iron (Wholesale)","www.ischumann.com"," Email <---> Revenue ","342141","I Schumann & Co","22500 Alexander Rd","Cleveland","OH","44126","Cuyahoga","www.ischumann.com","4404392300","4404390317","Michael A Schumann","President","Mal","50000000","0","332502","Foundries-St","6","0","1"
"288051","Anthony-Thomas Candy Shoppes","dougwheeler@anthony-thomas.com","1777 Arlingate Ln","6142740019","6142748405","206401","Candy & Confectionery-Manufacturers","www.anthony-thomas.com"," Email <---> Revenue ","45481","Anthony-Thomas Candy Shoppes","1777 Arlingate Ln","Columbus","OH","43228","Franklin","www.anthony-thomas.com","6142748405","6142740019","Tom Zanetos","Owner","Mal","52650000","0","206401","Candy & Conf","6","0","1"
"164017","Auxier Gas Inc","doug@auxiergas.com","2698 Old State Route 32","5137247707","5137321442","517208","Gas-Liquefied Petro-Bttld/Bulk (Whol)","NULL"," Email <---> Revenue ","59205","Auxier Gas Inc","2698 Old State Route 32","Batavia","OH","45103","Clermont","www.auxiergas.com","5137247700","5137247707","Doug Auxier","Owner","Mal","97380000","0","517208","Gas-Liquefie","6","0","1"
"313710","Sant Myer","dong@santmyeroil.com","1708 Farr Dr","9374432000","9374430000","517210","Gasoline & Oil-Wholesale","www.santmyeroil.com"," Email <---> Revenue ","615059","Sant Myer","1708 Farr Dr","Dayton","OH","45404","Montgomery","www.santmyeroil.com","9374430000","9374432000","Dawn House","Manager","Fem","68166000","0","517210","Gasoline & O","6","0","1"
"264936","Diamond Power Intl Inc","dmsylvester@a-s-h.com","2600 E Main St","7406874229","7406876500","359998","Indstrl/Coml Machinery/Equip Nec (Mfrs)","www.diamondpower.com"," Email <---> Revenue ","207039","Diamond Power Intl Inc","2600 E Main St","Lancaster","OH","43130","Fairfield","www.diamondpower.com","7406876500","7406874229","Eileen M Competti","President","Fem","55350000","450","359998","Indstrl/Coml","6","0","1"
"56712","Springco Metal Coating Inc","dmaurice@springco-coatings.com","12500 Elmwood Ave","2169419712","2169410020","347904","Coatings-Protective-Manufacturers","NULL"," Email <---> Revenue ","649505","Springco Metal Coating Inc","12500 Elmwood Ave","Cleveland","OH","44111","Cuyahoga","www.springco-coatings.com","2169410020","2169419712","Paul W Springer","CEO","Mal","51800000","0","347904","Coatings-Pro","6","0","1"
"94779","Anheuser-Busch Inc","dialbud@anheuser-busch.com","1611 Marietta Ave SE","3304568842","3304568219","208201","Brewers","www.anheuser-busch.com"," Email <---> Revenue ","43910","Anheuser-Busch Inc","1611 Marietta Ave SE","Canton","OH","44707","Stark","www.anheuser-busch.com","3304568219","3304568842","Joe Castenheira","Manager","Mal","62075000","0","208201","Brewers","6","0","1"
"322462","Buckeye Oil Equipment Co","ddean@buckeyeoil.com","4509 N Dixie Dr","9372748961","9372748010","517202","Service Station Equipment (Wholesale)","www.buckeyeoil.com"," Email <---> Revenue ","103608","Buckeye Oil Equipment Co","4509 N Dixie Dr","Dayton","OH","45414","Montgomery","www.buckeyeoil.com","9372748010","9372748961","David Dean","President","Mal","57018000","17","517202","Service Stat","6","0","1"
"312811","Ample Industry","david@ampleindustries.com","4000 Commerce Center Dr","9377462234","9377469700","511101","Paper Products (Wholesale)","www.ampleindustries.com"," Email <---> Revenue ","41181","Ample Industry","4000 Commerce Center Dr","Franklin","OH","45005","Warren","www.ampleindustries.com","9377469700","9377462234","Bob Fairchild","Plant Mgr","Mal","80400000","0","262101","Paper-Manufa","6","0","1"
"221648","Westhaven Services Co","dave-project@csc.com","7643 Ponderosa Rd","4196612228","4196612222","591205","Pharmacies","www.omnicarenwohio.com"," Email <---> Revenue ","747047","Westhaven Services Co","7643 Ponderosa Rd","Perrysburg","OH","43551","Wood","www.omnicarenwohio.com","4196612222","4196612228","Rolf K Schrader","President","Mal","65500000","0","591205","Pharmacies","6","2","1"
"255461","Compunet Clinical Lab","D.Ed@compunetlab.com","2308 Sandridge Dr","9372997278","9372960844","807101","Laboratories-Medical","NULL"," Email <---> Revenue ","164145","Compunet Clinical Lab","2308 Sandridge Dr","Dayton","OH","45439","Montgomery","www.compunetlab.com","9372960844","9372997278","Ed Doucette","CEO","Mal","56400000","400","807101","Laboratories","6","0","1"
"66893","JELD-Wen Windows & Doors","customerserviceagents@jeld-wen.com","1201 Newark Rd","3369563064","7403971144","399903","Manufacturers","www.jeld-wen.com"," Email <---> Revenue ","358229","JELD-Wen Windows & Doors","1201 Newark Rd","Mt Vernon","OH","43050","Knox","","7403971144","7403974277","Curtis Hulse","Plant Mgr","Mal","63050000","0","399903","Manufacturer","6","0","1"
"317855","Kaplan Trucking Co","customerinfo@horizonfreightsystem.com","6600 Bessemer Ave","2163416565","2163416565","421309","Trucking-Motor Freight","www.horizonfreightsystem.com"," Email <---> Revenue ","384311","Kaplan Trucking Co","6600 Bessemer Ave","Cleveland","OH","44127","Cuyahoga","www.horizonfreightsystem.com","2163416565","","David Ferrante","CEO","Mal","53900000","0","421309","Trucking-Mot","6","0","1"
"36228","Cincinnati Sub Zero","cszinc@cszinc.com","12011 Mosteller Rd","5137729119","5137728810","384104","Physicians & Surgeons Equip & Supls-Mfrs","www.cszinc.com"," Email <---> Revenue ","146013","Cincinnati Sub Zero","12011 Mosteller Rd","Cincinnati","OH","45241","Hamilton","www.cszinc.com","5137728810","5137729119","Steve Berke","Owner","Mal","77280000","0","384104","Physicians &","6","0","1"
"129355","Central Steel & Wire Co","csw@centralsteel.com","525 Township Ave","4144815901","5132422233","505106","Steel-Distributors & Warehouses","www.centralsteel.com"," Email <---> Revenue ","131524","Central Steel & Wire Co","525 Township Ave","Cincinnati","OH","45216","Hamilton","www.centralsteel.com","5132422233","5132421524","Bill Bessler","Manager","Mal","83760000","80","505106","Steel-Distri","6","0","1"
"297107","Ariel Corp","computerservices@arielcorp.com","35 Blackjack Road Ext","7403973856","7403970311","356398","Air & Gas Compressors (Manufacturers)","www.arielcorp.com"," Email <---> Revenue ","49977","Ariel Corp","35 Blackjack Road Ext","Mt Vernon","OH","43050","Knox","www.arielcorp.com","7403970311","7403973856","Karen Buchwald Wrigh","CEO","Fem","80000000","0","356398","Air & Gas Co","6","0","1"
"229503","John C Meier Juice Co","cmanchick@paramountdistillers.com","3116 Berea Rd","2166712299","2166712555","208601","Bottlers","www.paramountdistillers.com"," Email <---> Revenue ","372928","John C Meier Juice Co","3116 Berea Rd","Cleveland","OH","44111","Cuyahoga","www.paramountdistillers.com","2166712555","2166712299","Robert Manchick","President","Mal","64440000","120","208601","Bottlers","6","0","1"
"84485","Ferrous Metal Processing Co","chinte@n2net.net","11103 Memphis Avenue","2166716161","2166714078","1099","Metal ores","FERRAGON.COM;FERROLUX.COM;FERROLUXMETALS.COM;FERROUS-METAL.COM;FERROUSMETALPROCESSING.COM;FERROUSMET"," Email <---> Revenue ","256442","Ferrous Metal Processing Co","11103 Memphis Ave","Cleveland","OH","44144","Cuyahoga","www.ferragon.com","2166716161","2166716165","Ed Gonzalez","President","Mal","81280000","160","331204","Steel Proces","6","0","1"
"318738","I-X Ctr Corp","cateringinfo@ixcenter.com","6200 Riverside Dr","2162677876","2163621500","738931","Convention & Meeting Facilities & Svc","www.ixcenter.com"," Email <---> Revenue ","342265","I-X Ctr Corp","6200 Riverside Dr","Cleveland","OH","44135","Cuyahoga","www.ixcenter.com","2163621500","2162677876","Kevin Scheiferstein","President","Mal","58680000","0","738931","Convention &","6","0","1"
"254277","Ardcor","Bernard.Heckelmann@ardcor.com","8901 Tyler Blvd","4402053110","4402053100","331298","Steel Works/Blast Furnaces/Rolling Mls","NULL"," Email <---> Revenue ","49552","Ardcor","8901 Tyler Blvd","Mentor","OH","44060","Lake","www.roll-kraft.com","4402053100","4402053110","Chuck Gehrisch","President","Mal","72480000","0","331298","Steel Works/","6","0","1"
"190956","Fenton Rigging & Contracting","BeflMichael@fentonrigging.com","2150 Langdon Farm Rd","5136314361","5136315500","179604","Machinery-Movers & Erectors","NULL"," Email <---> Revenue ","256038","Fenton Rigging & Contracting","2150 Langdon Farm Rd","Cincinnati","OH","45237","Hamilton","www.fentonrigging.com","5136315500","5136314361","Mike Besl","President","Mal","55500000","0","179604","Machinery-Mo","6","0","1"
"323971","Brantley Security Svc","B_Brantley@brantleyservices.com","910 Plum St","5135649555","5135649900","506324","Burglar Alarm Systems (Wholesale)","NULL"," Email <---> Revenue ","95661","Brantley Security Svc","910 Plum St","Cincinnati","OH","45202","Hamilton","www.brantleyservices.com","5135649900","5135649555","Bruce Brantley","Owner","Mal","53410000","0","506324","Burglar Alar","6","0","1"
"280905","Diamond Polymers Inc","awoll@diamondpolymers.com","1353 Exeter Rd","3307732799","3307731459","282101","Plastics-Raw Mtrls/Powder/Resin-Mfrs","NULL"," Email <---> Revenue ","207036","Diamond Polymers Inc","1353 Exeter Rd","Akron","OH","44306","Summit","www.networkpolymers.com","3307732700","3307732799","Alan Woll","Owner","Mal","53850000","0","282101","Plastics-Raw","6","0","1"
"203826","Relizon Corporation","artwork@4wilmer.com","515 W Sycamore St","4196786521","4196786000","511207","Business Forms & Systems (Wholesale)","www.4wilmer.com"," Email <---> Revenue ","582321","Relizon Corporation","515 W Sycamore St","Coldwater","OH","45828","Mercer","www.4wilmer.com","4196786000","4196786521","Barry Paynter","Plant Mgr","Mal","88920000","260","511207","Business For","6","0","1"
