"Reflections Printing Inc","9529255100","2229 Edgewood Ave S","Minneapolis","10640000","Chris Clemens","Owner","Mal","544","R","Reflections Printing Inc","info@printbetter.com","2229 Edgewood Ave S","Minneapolis","MN","55426","9529255111","9529255111","275202","Printers","www.reflections-prt.com","11","0"
"Farm-Oyl Co","6516467571","2333 Hampden Ave","St Paul","14060000","Robert Larson","President","Mal","5966","F","Farm-Oyl Co","info@farmoyl.com","2333 Hampden Ave","St Paul","MN","55114","6516465723","6516467571","299202","Lubricants-Manufacturers","www.farm-oyl.com","11","0"
"Angeion Corp","6514844874","350 Oak Grove Pkwy","St Paul","20688000","Rodney A Young","CEO","Mal","10636","A","Angeion Corp","info@mcgraphics.com","350 Oak Grove Pkwy","St Paul","MN","55127","7275280203","6514844874","384104","Physicians & Surgeons Equip & Supls-Mfrs","www.mcgraphics.com","11","0"
"PKM Electric Co-Op Inc","2187454711","406 N Minnesota St","Warren","14784000","Charles Riesen","Manager","Mal","12329","P","PKM Electric Co-Op Inc","info@pkmcoop.com","406 N Minnesota St","Warren","MN","56762","2187454713","2187454711","491101","Electric Companies","www.pkmcoop.com","11","0"
"Sunburst Chemicals","9528843144","220 W 86th St","Bloomington","14880000","Tim Laughlin","Owner","Mal","14950","S","Sunburst Chemicals","sales@sunburstchemicals.com","220 W 86th St","Bloomington","MN","55420","9528841046","9528843144","284203","Cleaning Compounds-Manufacturers","www.sunburstchemicals.com","11","0"
"Scharber & Sons Inc","7634284107","13725 Main St","Rogers","12450000","Steven Scharber","Owner","Mal","17124","S","Scharber & Sons Inc","sales@scharbers.com","13725 Main St","Rogers","MN","55374","7634282700","7634284107","508304","Tractor-Dealers (Wholesale)","www.scharbers.com","11","0"
"Prinsco Inc","3209784116","108 W Highway 7","Prinsburg","15600000","Jamie Duinick","Manager","Mal","24527","P","Prinsco Inc","info@prinsco.com","108 W Highway 7","Prinsburg","MN","56281","5155738531","3209784116","521159","Drain-Tile","www.prinsco.com","11","0"
"Minneapolis Speaker Co","6128251010","2637 32nd Ave S","Minneapolis","13880000","Dan Digre","President","Mal","26367","M","Minneapolis Speaker Co","info@miscospeakers.com","2637 32nd Ave S","Minneapolis","MN","55406","6128257010","6128251010","365107","Speakers-Manufacturers","www.miscospeakers.com","11","0"
"Manna Freight Systems Inc","6519057560","2440 Enterprise Dr","Mendota Heights","22540000","Alan Meehan","Owner","Mal","28078","M","Manna Freight Systems Inc","info@manna.com","2440 Enterprise Dr","Mendota Heights","MN","55120","6519057565","6519057560","451202","Air Cargo Service","www.manna.com","11","0"
"North Print Intl Inc","2183269407","1321 SE 8th St","Grand Rapids","10725000","Bud Schneider","President","Mal","31043","N","North Print Intl Inc","info@northprint.com","1321 SE 8th St","Grand Rapids","MN","55744","2183268397","2183269407","275998","Commercial Printing Nec","www.northprint.com","11","0"
"Owens-Corning Fiberglas","6125223395","1901 49th Ave N","Minneapolis","19866000","","","","37895","O","Owens-Corning Fiberglas","investorrelations@owenscorning.com","1901 49th Ave N","Minneapolis","MN","55430","9524326622","6125223395","521114","Roofing Materials","www.owenscorning.com","11","0"
"7-Sigma Inc","6127225358","2843 26th Ave S","Minneapolis","11480000","Kris Wyrobek","Finance Exec","Mal","40469","7","7-Sigma Inc","info@7-sigma.com","2843 26th Ave S","Minneapolis","MN","55406","6127220493","6127225358","308901","Mold Makers","www.7-sigma.com","11","0"
"Hammell Equipment Inc","5078674910","713 Main St NW","Chatfield","10956000","Bernard Hammell","Manager","Mal","45719","H","Hammell Equipment Inc","sales@hammellequipment.com","713 Main St NW","Chatfield","MN","55923","5078674442","5078674910","508310","Farm Equipment (Wholesale)","www.hammellequipment.com","11","0"
"Manus Products Inc","9524423323","866 Industrial Blvd","Waconia","12000000","Gary Grevillius","Owner","Mal","46431","M","Manus Products Inc","info@manus.net","866 Industrial Blvd","Waconia","MN","55387","9524423327","9524423323","503210","Caulking Materials & Equipment (Whol)","www.manus.net","11","0"
"Carlson & Stewart Refrig Inc","5075322576","700 Huron Rd","Marshall","10200000","David Grong","Owner","Mal","50108","C","Carlson & Stewart Refrig Inc","info@carlsonstewart.com","700 Huron Rd","Marshall","MN","56258","5075322576","5075322576","507804","Refrigerating Equip-Coml (Wholesale)","www.carlsonstewart.com","11","0"
"Barry & Sewall Ind Supply Co","6123316170","2001 Broadway St NE","Minneapolis","17100000","Steve Olson","Owner","Mal","50748","B","Barry & Sewall Ind Supply Co","info@barrysewall.com","2001 Broadway St NE","Minneapolis","MN","55413","6123786340","6123316170","508536","Tapes-Adhesive (Wholesale)","www.barrysewall.com","11","0"
"Officenorth Inc","2182623807","1734 E 40th St","Hibbing","10849000","Mark Helstrom","President","Mal","58028","O","Officenorth Inc","office@officenorth.com","1734 E 40th St","Hibbing","MN","55746","2182623806","2182623807","502112","Office Furniture & Equip-Dealers (Whol)","www.officenorth.com","11","0"
"Tersteeg's","5076378332","1111 E Bridge St","Redwood Falls","18200000","Jim Tersteeg","Owner","Mal","59050","T","Tersteeg's","custserv@tersteegs.com","1111 E Bridge St","Redwood Falls","MN","56283","NULL","5076378332","541105","Grocers","www.tersteegs.com","11","0"
"Fireside Hearth Home","6516331042","2700 Fairview Ave N","Roseville","13800000","Steven Frederickson","President","Mal","60620","F","Fireside Hearth Home","info@firesideusa.com","2700 Fairview Ave N","Roseville","MN","55113","2483549691","6516331042","571933","Fireplace Equipment-Retail","www.firesideusa.com","11","0"
"Hedtke Inc","7634782120","3522 Sioux Dr","Hamel","14160000","Dennis Hedtke","Owner","Mal","67757","H","Hedtke Inc","webmaster@hedtkeinc.com","3522 Sioux Dr","Hamel","MN","55340","7634786194","7634782120","509908","Manufacturers-Agents & Representatives","www.hedtkeinc.com","11","0"
"Quality Business Forms Inc","7635594330","5097 Nathan Ln N","Plymouth","12996000","Tom Hoerr","President","Mal","69226","Q","Quality Business Forms Inc","info@qb.com","5097 Nathan Ln N","Plymouth","MN","55442","9204684317","7635594330","511207","Business Forms & Systems (Wholesale)","www.qbf.com","11","0"
"Litho Inc","6516443000","1280 Energy Park Dr","St Paul","18000000","Jay Carroll","President","Mal","70997","L","Litho Inc","careers@lithoinc.com","1280 Energy Park Dr","St Paul","MN","55108","6516444839","6516443000","275998","Commercial Printing Nec","www.lithoinc.com","11","0"
"Solar Plastics","7639722770","860 Johnson Dr","Delano","12300000","Don King","Manager","Mal","71180","S","Solar Plastics","sales@solarplastics.com","860 Johnson Dr","Delano","MN","55328","7639725601","7639722770","308901","Mold Makers","www.solarplastics.com","11","0"
"Tennant Co","7634244432","11601 93rd Ave N","Maple Grove","23520000","Quent Pearson","Plant Mgr","Mal","74909","T","Tennant Co","info@tennantco.com","11601 93rd Ave N","Maple Grove","MN","55369","6167862330","7634244432","175205","Floor Refinishing & Resurfacing","www.tennantco.com","11","0"
"Edelmann & Assoc Inc","7635597867","1900 Annapolis Ln N","Plymouth","10880000","Mark Edelmann","Owner","Mal","76415","E","Edelmann & Assoc Inc","sales@edelmann.com","1900 Annapolis Ln N","Plymouth","MN","55441","7635599403","7635597867","508444","Pumps (Wholesale)","www.edelmann.com","11","0"
"Medtronic Inc","9528301840","1650 W 82nd St # 1100","Bloomington","14352000","John Bowenkamp","VP","Mal","77649","M","Medtronic Inc","webmaster@medtronic.com","1650 W 82nd St # 1100","Bloomington","MN","55431","4809680730","9528301840","504712","Hospital Equipment & Supplies (Whol)","www.medtronic.com","11","0"
"Banta Literature Mgmt Grp","9529417546","5500 12th Ave E","Shakopee","18240000","David Thompson","Manager","Mal","77740","B","Banta Literature Mgmt Grp","info@banta.com","5500 12th Ave E","Shakopee","MN","55379","9529412154","9529417546","275202","Printers","www.banta.com","11","0"
"Advanced Control Technology","9524457400","7050 Highway 101 E","Shakopee","16450000","Kathy Walsh","Owner","Fem","77892","A","Advanced Control Technology","sales@actsensors.com","7050 Highway 101 E","Shakopee","MN","55379","9524457400","9524457400","506328","Controls Control Systs/Regulators (Whol)","www.actsensors.com","11","0"
"Nalco Co","7635593191","5000 Cheshire Ln N # 2","Minneapolis","13013000","Dave Moench","Manager","Mal","78527","N","Nalco Co","webmaster@nalco.com","5000 Cheshire Ln N # 2","Minneapolis","MN","55446","7635594511","7635593191","516916","Chemicals (Wholesale)","www.nalco.com","11","0"
"Harmon Glass","6123314300","6325 Sandburg Rd # 1000","Golden Valley","20100000","Kurt Messerli","Manager","Mal","84478","H","Harmon Glass","media@harmoninc.com","6325 Sandburg Rd # 1000","Golden Valley","MN","55427","4402390754","6123314300","523110","Glass-Auto Plate & Window & Etc","www.harmoninc.com","11","0"
"David T Olson Sales Co Inc","6127229523","2425 E 25th St","Minneapolis","14144000","Clint Olson","President","Mal","84961","D","David T Olson Sales Co Inc","questions@davidolsonsales.com","2425 E 25th St","Minneapolis","MN","55406","6127227959","6127229523","508425","Machine Tools (Wholesale)","www.davidolsonsales.com","11","0"
"Owens Companies Inc","9528543800","930 E 80th St","Bloomington","14600000","John Owens","Owner","Mal","87045","O","Owens Companies Inc","humanresources@owensco.com","930 E 80th St","Bloomington","MN","55420","9528543800","9528543800","171117","Air Conditioning Contractors & Systems","www.owensco.com","11","0"
"Continental Lift Truck Corp","9524923900","16600 Johnson Memorial Dr","Jordan","10880000","Mary Kay Tamasi","President","Fem","88527","C","Continental Lift Truck Corp","sales@continental-lift.com","16600 Johnson Memorial Dr","Jordan","MN","55352","9524923900","9524923900","508457","Trucks-Industrial (Wholesale)","www.continental-lift.com","11","0"
"Gandy Co","5074515430","528 Gandrud Rd","Owatonna","12330000","Dale Gandrud","Owner","Mal","90203","G","Gandy Co","custsrv@gandy.net","528 Gandrud Rd","Owatonna","MN","55060","5074512857","5074515430","349903","Metal Goods-Manufacturers","www.gandy.net","11","0"
"Griffin International Inc","6123443700","100 N 6th St","Minneapolis","24544000","Bob Griffin","Owner","Mal","92783","G","Griffin International Inc","info@griffinintl.com","100 N 6th St","Minneapolis","MN","55403","6123444748","6123443700","509905","Importers","www.griffinintl.com","11","0"
"Condor Fireplace & Stone Co","7637862341","8282 Arthur St NE","Spring Lake Park","12700000","Glenda Breder","Owner","Fem","97124","C","Condor Fireplace & Stone Co","info@bouldercreekstone.com","8282 Arthur St NE","Spring Lake Park","MN","55432","7637867276","7637862341","325301","Tile-Ceramic-Manufacturers","www.bouldercreekstone.com","11","0"
"QA1 Precision Products Inc","9529855675","21730 Hanover Ave","Lakeville","22800000","Jim Jordan","President","Mal","97314","Q","QA1 Precision Products Inc","sales@qa1.net","21730 Hanover Ave","Lakeville","MN","55044","9529855252","9529855675","508525","Bearings (Wholesale)","www.qa1.net","11","0"
"Industrial Fabrics Corp","7635353220","7160 Northland Cir N","Minneapolis","14560000","Rolf Muehlenhaus","President","Mal","97556","I","Industrial Fabrics Corp","sales@ifcfabrics.com","7160 Northland Cir N","Minneapolis","MN","55428","7635356040","7635353220","229998","Textile Goods Nec (Manufacturers)","www.industrialfabrics.com","11","0"
"Fraser Steel Co Inc","7634974540","11915 53rd St NE","Albertville","14240000","Rod Fraser","Owner","Mal","97558","F","Fraser Steel Co Inc","info@frasersteel.com","11915 53rd St NE","Albertville","MN","55301","7634974732","7634974540","331798","Steel Pipe & Tubes (Manufacturers)","www.fraser-steel.com","11","0"
"Bondhus Corp Sales Dept","7632952162","1400 E Broadway St","Monticello","11600000","John Bondhus","Owner","Mal","97635","B","Bondhus Corp Sales Dept","customerservice@bondhus.com","1400 E Broadway St","Monticello","MN","55362","7632954440","7632952162","509901","Exporters","www.bondhus.com","11","0"
"Swede O Inc","6516748301","6459 Ash St","North Branch","16320000","Pat Quinn","Owner","Mal","99894","S","Swede O Inc","info@swedeo.com","6459 Ash St","North Branch","MN","55056","6516748425","6516748301","508426","Material Handling Equipment (Wholesale)","www.swedeo.com","11","0"
"Leaf Industries Inc","7635594470","13310 Industrial Park Blvd # 1","Plymouth","16000000","Frank L Brantman","President","Mal","101102","L","Leaf Industries Inc","info@leaf-ind.com","13310 Industrial Park Blvd # 1","Plymouth","MN","55441","7635590633","7635594470","344403","Sheet Metal Fabricators","www.leaf-ind.com","11","0"
"Minneapolis Glass Co","7635590635","14600 28th Ave N","Plymouth","14070000","Michael Horovitz","Owner","Mal","102963","M","Minneapolis Glass Co","info@minneapolisglass.com","14600 28th Ave N","Plymouth","MN","55447","7635594202","7635590635","523110","Glass-Auto Plate & Window & Etc","www.minneapolisglass.com","11","0"
"Process Displays","7635461133","7108 31st Ave N","Minneapolis","17050000","Peter Strommen","President","Mal","104180","P","Process Displays","info@processdisplays.com","7108 31st Ave N","Minneapolis","MN","55427","7635460821","7635461133","279102","Typesetting (Manufacturers)","www.processdisplays.com","11","0"
"T W Metals Co","7634287663","14700 James Rd","Rogers","10470000","Craig Bankston","Manager","Mal","105965","T","T W Metals Co","sales@twmetals.com","14700 James Rd","Rogers","MN","55374","3033405822","7634287663","505110","Tubing-Metal (Wholesale)","www.twmetals.com","11","0"
"Specialty Manufacturing Co","6516530599","5858 Centerville Rd","St Paul","17000000","Dan Mc Keown","President","Mal","109573","S","Specialty Manufacturing Co","contact@specialtymfg.com","5858 Centerville Rd","St Paul","MN","55127","6516530989","6516530599","349198","Industrial Valves (Manufacturers)","www.specialtymfg.com","11","0"
"Shorewood Rv Ctr","7634212505","8390 Highway 10 NW","Anoka","13380000","Dan Santarsiero","Owner","Mal","117183","S","Shorewood Rv Ctr","sales@shorewoodrv.com","8390 Highway 10 NW","Anoka","MN","55303","7635060415","7634212505","556103","Recreational Vehicles","www.shorewoodrv.com","11","0"
"Blackbourn Media Packaging","5074423642","200 4th Ave W","Edgerton","23500000","Don Tafp","CEO","Mal","117801","B","Blackbourn Media Packaging","info@blackbourn.com","200 4th Ave W","Edgerton","MN","56128","5074423686","5074423642","738988","Packaging Service","www.blackbourn.com","11","0"
"Pallet Resources","6127891600","3371 99th Ct NE","Minneapolis","16238000","Tom Saari","Manager","Mal","119700","P","Pallet Resources","sales@palletresource.net","3371 99th Ct NE","Minneapolis","MN","55449","7637922889","6127891600","503105","Pallets & Skids (Wholesale)","www.palletresource.net","11","0"
"Valley Design Enterprises Inc","5072684950","133 Highway 52 S","Fountain","14560000","Tim Bremseth","Owner","Mal","119772","V","Valley Design Enterprises Inc","customerservice@valleydesign.biz","133 Highway 52 S","Fountain","MN","55935","5072684912","5072684950","347102","Metal Finishers (Manufacturers)","www.valleydesign.biz","11","0"
"Lasx Industries","6514070011","4817 White Bear Pkwy","St Paul","11280000","Bill Dinauer","President","Mal","123655","L","Lasx Industries","info@lasx.com","4817 White Bear Pkwy","St Paul","MN","55110","6514070110","6514070011","357702","Computer Peripherals (Manufacturers)","www.lasxindustries.com","11","0"
"Apollo Air","5072520204","3727 Commercial Dr SW # A","Rochester","10200000","Pete Bushman","President","Mal","123820","A","Apollo Air","custserv@filterqueen.com","3727 Commercial Dr SW # A","Rochester","MN","55902","2165731109","5072520204","507501","Air Cleaning & Purifying Equip (Whol)","www.filterqueen.com","11","0"
"Johnson Anderson & Assoc","9524966699","5010 Valley Industrial Blvd S","Shakopee","11440000","Neil Johnson","Owner","Mal","124041","J","Johnson Anderson & Assoc","info@johnsonanderson.com","5010 Valley Industrial Blvd S","Shakopee","MN","55379","9524969760","9524969760","275998","Commercial Printing Nec","www.johnsonanderson.com","11","0"
"Best Source Electronic Corp","7635027847","5255 E River Rd # 206","Minneapolis","23030000","Bradley Storch","Owner","Mal","126209","B","Best Source Electronic Corp","sales@bsec.net","5255 E River Rd # 206","Minneapolis","MN","55421","7635028003","7635027847","506338","Electronic Parts Assemblers (Wholesale)","www.bsec.net","11","0"
"Waytek Inc","9529490765","7660 Quattro Dr","Chanhassen","23030000","Wayne Larson","Owner","Mal","128466","W","Waytek","sales@waytekwire.com","7660 Quattro Drive","Chanhassen","MN","55317","9529490765","9529490965","5311","Retail shops","null","11","0"
"AMEC","6123328326","800 Marquette Ave # 1200","Minneapolis","15800000","Richard Sivula","CEO","Mal","128619","A","AMEC","webmaster@amec.com","800 Marquette Ave # 1200","Minneapolis","MN","55402","7029489399","6123328326","871111","Engineers-Consulting","www.amec.com","11","0"
"Trailwood Transportation","7637839999","4825 Mustang Cir","Mounds View","15100000","Richard Tyson","Owner","Mal","128691","T","Trailwood Transportation","custserv@cptelecom.us","4825 Mustang Cir","Mounds View","MN","55112","2186382222","7637839999","421309","Trucking-Motor Freight","www.cpinternet.com","11","0"
"Win Craft Inc","5074545510","1124 W 5th St","Winona","19650000","John Killen","President","Mal","130704","W","Win Craft Inc","contact@wincraft.com","1124 W 5th St","Winona","MN","55987","5074546403","5074545510","399903","Manufacturers","www.wincraft.com","11","0"
"Anderson & Dahlen Inc","7638524700","6850 Sunwood Dr NW","Ramsey","16905000","Dave Knoll","Owner","Mal","132208","A","Anderson & Dahlen Inc","info@andersondahlen.com","6850 Sunwood Dr NW","Ramsey","MN","55303","7638524790","7638524700","179104","Metal Fabricators","www.andersondahlen.com","11","0"
"Saunatec Inc","3202865584","575 Cokato St E","Cokato","18000000","Keith Raisanen","President","Mal","133210","S","Saunatec Inc","sales@amerec.com","575 Cokato St E","Cokato","MN","55321","3202866100","3202865584","363401","Sauna Equipment & Supplies-Manufacturers","www.saunatec.com","11","0"
"Industrial Supply Co","7635191501","12905 Highway 55","Plymouth","11200000","Mark Koch","President","Mal","133779","I","Industrial Supply Co","custserv@industrialsupplyco.com","12905 Highway 55","Plymouth","MN","55441","7635593148","7635191501","508525","Bearings (Wholesale)","www.industrialsupplyco.com","11","0"
"Marketing Focus Inc","9529399880","10601 Red Circle Dr","Minnetonka","23600000","Wayne Voland","Owner","Mal","135501","M","Marketing Focus Inc","customerservice@marketingfocus.com","10601 Red Circle Dr","Minnetonka","MN","55343","9529399855","9529399880","509908","Manufacturers-Agents & Representatives","www.marketingfocus.com","11","0"
"Kelle Co","7635338588","4929 Boone Ave N","Minneapolis","20400000","Debbie Simmons","Owner","Fem","137165","K","Kelle Co","info@kellecompany.com","4929 Boone Ave N","Minneapolis","MN","55428","7635338606","7635338588","569904","Dancing Supplies","www.kellecompany.com","11","0"
"Central Tele Systems","6516440512","12867 Industrial Park Blvd","St Paul","10100000","Frank Bagot","Owner","Mal","139435","C","Central Tele Systems","service@centraltelephone.com","12867 Industrial Park Blvd","St Paul","MN","55104","6516440512","6516440512","506563","Telecommunication Equip/Syst-Whol/Mfrs","www.centraltelephone.com","11","0"
"Accelerated Payments Inc","6516752601","1355 Mendota Heights Rd # 240","Mendota Heights","11095000","Gary Halleen","Owner","Mal","143316","A","Accelerated Payments Inc","sales@apioutsourcing.com","1355 Mendota Heights Rd # 240","Mendota Heights","MN","55120","6514540474","6516752601","504802","Optical Equipment Machinery/Supls (Whol)","www.apioutsourcing.com","11","0"
"Sodak Gaming","6517310008","7021 6th St N","Oakdale","10860000","Dave Murray","Manager","Mal","148538","S","Sodak Gaming","webmaster@igtproducts.com","7021 6th St N","Oakdale","MN","55128","2288647640","6517310008","509204","Games & Game Supplies-Wholesale","www.igt.com","11","0"
"Anchor Block Co","6517778321","2300 Mcknight Rd N","North St Paul","17835000","Bill Rouse","Manager","Mal","150045","A","Anchor Block Co","info@anchorblock.com","2300 Mcknight Rd N","North St Paul","MN","55109","6517770169","6517778321","327101","Concrete-Block & Brick (Manufacturers)","www.anchorblock.com","11","0"
"Media Loft Inc","6123751086","333 Washington Ave N","Minneapolis","13502000","Gene Di Lorenzo","CEO","Mal","152877","A","AlphaGraphics 401","postmaster@medialoft.com","825 Hennepin Avenue So","MINNEAPOLIS","MN","55401","6123751086","null","733602","Commercial Art/graphic Design","MEDIALOFT.COM^^MEDIALOFT.NET^^MEDIALOFT.ORG","11","0"
"Midwest Mail & Presort","5073864699","150 Kingswood Rd","Mankato","13800000","Leslie Stoltenberg","President","Fem","154022","M","Midwest Mail & Presort","customerservice@thayerpub.com","150 Kingswood Rd","Mankato","MN","56001","5073882281","5073864699","733101","Mailing & Shipping Services","www.thayerpub.com","11","0"
"Marvin Window & Doors","6514523039","2020 Silver Bell Rd # 15","Eagan","15480000","Susan Marvin","Manager","Fem","154041","M","Marvin Window & Doors","press@marvin.com","2020 Silver Bell Rd # 15","Eagan","MN","55122","2104951480","6514523039","521107","Windows","www.marvin.com","11","0"
"Lexington Manufacturing","2188258429","10055 Thiesse Rd","Brainerd","13600000","Mike Dillon","Plant Mgr","Mal","155449","L","Lexington Manufacturing","hr@lexingtonmfg.com","10055 Thiesse Rd","Brainerd","MN","56401","7637549605","2188258429","243102","Millwork (Manufacturers)","www.lexingtonmfg.com","11","0"
"Southview Acres Health Care","6514511821","2000 Oakdale Ave","West St Paul","16660000","Lance Lemieux","Administrator","Mal","160793","S","Southview Acres Health Care","info@southviewacres.com","2000 Oakdale Ave","West St Paul","MN","55118","6514515859","6514511821","805101","Nursing & Convalescent Homes","www.southviewacres.com","11","0"
"Chaska Chemical Co Inc","9528901820","12502 Xenwood Ave","Savage","12818000","Jeff Gray","Plant Mgr","Mal","161736","C","Chaska Chemical Co Inc","orders@chaskachem.com","12502 Xenwood Ave","Savage","MN","55378","9528901820","9528901820","284101","Soaps & Detergents-Manufacturers","www.chaskachem.com","11","0"
"Elko Speedway","9524617223","26350 France Ave","Elko","10080000","Tom Ryan","Owner","Mal","162196","E","Elko Speedway","info@elkospeedway.com","26350 France Ave","Elko","MN","55020","9524613397","9524617223","794801","Race Tracks","www.elkospeedway.com","11","0"
"Kelly Nurseries","5073341623","410 8th Ave NW","Faribault","12210000","Greg Mews","Manager","Mal","163259","K","Kelly Nurseries","webmaster@kellynurseries.com","410 8th Ave NW","Faribault","MN","55021","5073348214","5073341623","596102","Mail Order & Catalog Shopping","www.kellynurseries.com","11","0"
"Voss Lighting","6516971599","2031 Oakcrest Ave","Roseville","13160000","Tim Horstman","Manager","Mal","163359","V","Voss Lighting","webmaster@vosslighting.com","2031 Oakcrest Ave","Roseville","MN","55113","9724320206","6516971599","506318","Light Bulbs & Tubes (Wholesale)","www.vosslighting.com","11","0"
"PMT Corp","9524700866","1500 Park Rd","Chanhassen","20160000","Alfred Iversen","President","Mal","163379","P","PMT Corp","info@pmtcorp.com","1500 Park Rd","Chanhassen","MN","55317","9524700865","9524700866","384104","Physicians & Surgeons Equip & Supls-Mfrs","www.pmtcorp.com","11","0"
"Leo A Daly","6123388741","730 2nd Ave S # 1100","Minneapolis","19750000","Kurt E Rogness","CEO","Mal","164615","L","Leo A Daly","info@leoadaly.com","730 2nd Ave S # 1100","Minneapolis","MN","55402","4048748330","6123388741","871111","Engineers-Consulting","www.leoadaly.com","11","0"
"Star Machine & Tool Co","6123783232","215 6th St SE","Minneapolis","13600000","Morris Wisti","Owner","Mal","166208","S","Star Machine & Tool Co","sales@starmachinetool.com","215 6th St SE","Minneapolis","MN","55414","6123781395","6123783232","508425","Machine Tools (Wholesale)","www.starmachinetool.com","11","0"
"Millennium Import Co","6123316230","25 Main St SE","Minneapolis","11670000","Edward Phillips","Manager","Mal","166214","T","TWIST Film Productions","postmaster@twistfilm.com","520 University SE","MINNEAPOLIS","MN","55414","6123316230","null","738999","Business Services Nec","twistfilm.com","11","0"
"Wellington Security Systems","6128224094","","St Paul","11186000","Greg Brombach","Owner","Mal","166377","W","Wellington Security Systems","service@wellingtonsecurity.com","","St Paul","MN","55104","6128224094","","506304","Security Control Equip & Systems-Whol","www.wellingtonsecurity.com","11","0"
"Lumber Mart East","2187731151","1910 Business Highway 2 E","East Grand Forks","10320000","Robert E Peabody","President","Mal","166473","L","Lumber Mart East","sales@lumbermartwest.com","1910 Business Highway 2 E","East Grand Forks","MN","56721","2187737046","2187731151","521142","Lumber-Retail","www.lumbermarteast.com","11","0"
"Schwickert's","5073873101","330 Poplar St","Mankato","21900000","Kim Schwickert","Manager","Mal","168764","S","Schwickert's","mail@cybox.net","330 Poplar St","Mankato","MN","56001","5073873101","5073875751","171102","Heating Contractors","www.schwickert.com","11","0"
"American Financial Printing","6123780711","404 Industrial Blvd NE","Minneapolis","11400000","William P De Witt Jr","President","Mal","169687","A","American Financial Printing","quote@mail.afpi.com","404 Industrial Blvd NE","Minneapolis","MN","55413","6123783060","6123780711","275202","Printers","www.afpi.com","11","0"
"Sager Electronics","6514050044","1355 Mendota Heights Rd # 260","St Paul","14140000","Ron Hanson","Manager","Mal","170527","S","Sager Electronics","webmaster@sager.com","1355 Mendota Heights Rd # 260","St Paul","MN","55120","4078349740","6514050044","506519","Electronic Equipment & Supplies-Whol","www.sager.com","11","0"
"Boker's Inc","6127299365","3104 Snelling Ave","Minneapolis","22836000","Amy Kersey","President","Fem","170690","B","Boker's Inc","sales@bokers.com","3104 Snelling Ave","Minneapolis","MN","55406","6127299365","6127299365","346904","Metal Stamping (Manufacturers)","www.bokers.com","11","0"
"Verified Credentials","9529857200","20890 Kenbridge Ct # 2","Lakeville","10125000","Steve Spang","Owner","Mal","171017","V","Verified Credentials","marketing@v-c-i.com","20890 Kenbridge Ct # 2","Lakeville","MN","55044","9529857212","9529857200","874861","Employment Screening Services","www.verifiedcredentials.com","11","0"
"Plastics Group Inc","7634793160","5370 Highway 12","Maple Plain","13940000","Jeff Rasmussen","Plant Mgr","Mal","171959","P","Plastics Group Inc","contactus@theplasticsgroup.net","5370 Highway 12","Maple Plain","MN","55359","4193323934","7634793160","308902","Plastics & Plastic Products (Mfrs)","www.theplasticsgroup.net","11","0"
"Data Smart Computers Inc","5072883619","2212 2nd St SW","Rochester","12120000","Stephen Rose","Owner","Mal","175501","D","Data Smart Computers Inc","info@data-smart.com","2212 2nd St SW","Rochester","MN","55902","5072883619","5072883619","506563","Telecommunication Equip/Syst-Whol/Mfrs","www.data-smart.com","11","0"
"Tucs Equipment","7635747475","5301 Industrial Blvd NE # 200","Fridley","10348000","Marty Tucs","Owner","Mal","175811","T","Tucs Equipment","sales@tucsequipment.com","5301 Industrial Blvd NE # 200","Fridley","MN","55421","7635747472","7635747475","504601","Food Processing Equipment & Supls (Whol)","www.tucsequipment.com","11","0"
"Metro Produce Distributors Inc","6127225575","2700 E 28th St","Minneapolis","11130000","Bob Spizman","Owner","Mal","175946","M","Metro Produce Distributors Inc","info@metroproduce.com","2700 E 28th St","Minneapolis","MN","55406","6127223185","6127225575","543101","Fruits & Vegetables & Produce-Retail","www.metroproduce.com","11","0"
"Bryan Rock Products Inc","9524453900","13040 Dem Con Dr","Shakopee","14400000","William Bryan","Owner","Mal","176340","B","Bryan Rock Products Inc","info@bryanrock.com","13040 Dem Con Dr","Shakopee","MN","55379","9524450809","9524453900","503251","Rock (Wholesale)","www.bryanrock.com","11","0"
"Harmony Engineering Corp","6126230510","460 Hoover St NE","Minneapolis","13000000","Jeff Larsen","CEO","Mal","177301","H","Harmony Engineering Corp","info@hamonyamic.com","460 Hoover St NE","Minneapolis","MN","55413","6126234364","6126230510","359903","Machine Shops","www.harmonyengr.com","11","0"
"Co-Operative Plating Co","6516450787","271 Snelling Ave N","St Paul","10400000","Royal Erlandson","Plant Mgr","Mal","179172","C","Co-Operative Plating Co","quotes@coopplating.com","271 Snelling Ave N","St Paul","MN","55104","6516455343","6516450787","347102","Metal Finishers (Manufacturers)","www.coopplating.com","11","0"
"Daisy Blue Naturals","5073730229","2610 Yh Hanson Ave","Albert Lea","16716000","Jena Thompson","CEO","Fem","179186","D","Daisy Blue Naturals","webmaster@daisybluenaturals.com","2610 Yh Hanson Ave","Albert Lea","MN","56007","5073730442","5073730229","512215","Health & Beauty Aid Products-Wholesale","www.daisybluenaturals.com","11","0"
"Baker Associates","9524734882","1903 Wayzata Blvd","Wayzata","12480000","Scott Baker","Owner","Mal","180862","B","Baker Associates","info@bakerassociates.com","1903 Wayzata Blvd","Wayzata","MN","55391","9524735006","9524734882","733603","Graphic Designers","www.bakerassociates.com","11","0"
"Teletek","6514831558","4215 White Bear Pkwy # 200","St Paul","24240000","Dean Howard","Owner","Mal","182316","T","Teletek","web-master@cortron.com","4215 White Bear Pkwy # 200","St Paul","MN","55110","6514839963","6514831558","506563","Telecommunication Equip/Syst-Whol/Mfrs","www.teletek.com","11","0"
"Unitron Hearing","7637443300","2300 Berkshire Ln N","Plymouth","20100000","Brian Kinnerk","CEO","Mal","182944","U","Unitron Hearing","postmaster@unitronhearing-us.com","2300 Berkshire Lane","MINNEAPOLIS","MN","55441","null","null","5999","Hearing services","UNITRONHEARING-US.COM","11","0"
"Clarey's Safety Equipment Inc","5072896749","3555 9th St NW # 200","Rochester","18424000","Kim Clarey","President","Mal","184583","C","Clarey's Safety Equipment Inc","info@clareys.com","3555 9th St NW # 200","Rochester","MN","55901","5072896749","5072895213","506315","Fire Protection Equipment & Supls (Whol)","www.clareys.com","11","0"
"Crystal D Creations","6512934416","505 Atwater Cir","St Paul","12206000","Charles Dahlgren","Owner","Mal","184607","C","Crystal D Creations","sales@crystal-d.com","505 Atwater Cir","St Paul","MN","55103","6512934417","6512934416","519903","Etched Products-Metal Glass & Etc (Whol)","www.crystal-d.com","11","0"
"KEYC","5076257905","1570 Lookout Dr","North Mankato","14852000","Dennis Wahlstrom","VP","Mal","185219","K","KEYC","sales@clementsmankato.com","1570 Lookout Dr","North Mankato","MN","56003","5076255745","5076257905","483301","Television Stations & Broadcasting CO","www.keyc.tv","11","0"
"Micro Component Technology Inc","6516974000","2340 County Road C W","St Paul","14602000","Roger E Gower","CEO","Mal","185437","M","Micro Component Technology Inc","sales@mct.com","2340 County Road C W","St Paul","MN","55113","6516974200","6516974000","506341","Electronic Testing Equipment (Wholesale)","www.mct.com","11","0"
"Data Panel Inc","9529413511","7313 Washington Ave S","Minneapolis","22220000","Jon Haulton","President","Mal","186570","D","Data Panel Inc","info@datapanel.com","7313 Washington Ave S","Minneapolis","MN","55439","9529413931","9529413511","506519","Electronic Equipment & Supplies-Whol","www.datapanel.com","11","0"
"Carlson Air Flo Merchandising","7635043570","7135 Northland Dr N","Brooklyn Park","15400000","Victor Robelet","President","Mal","187501","C","Carlson Air Flo Merchandising","info@carlson-airflo.com","7135 Northland Dr N","Brooklyn Park","MN","55428","7635318291","7635043570","254205","Shelving-Manufacturers","www.carlson-airflo.com","11","0"
"Carlson Retail Marketing","7632125900","Carlson Pkwy","Minneapolis","21250000","Gregg Basset","Manager","Mal","187538","C","Carlson Retail Marketing","info@minnesuingacres.com","Carlson Pkwy","Minneapolis","MN","55441","7153742118","7632125900","874213","Marketing Programs & Services","www.minnesuingacres.com","11","0"
"Allen Interactions","6512033700","1120 Centre Pointe Dr # 800","Mendota Heights","13700000","Martin Lipshutz","President","Mal","187603","A","Allen Interactions","info@alleni.com","1120 Centre Pointe Dr # 800","Mendota Heights","MN","55120","6512033799","6512033700","274119","Multimedia (Manufacturers)","www.alleninteractions.com","11","0"
"Imagine Print Solutions","9529034400","1000 Valley Park Dr","Shakopee","21900000","Robert Lothenbach","Owner","Mal","188108","I","Imagine Print Solutions","info@imagineps.com","1000 Valley Park Dr","Shakopee","MN","55379","9529420973","9529034400","275998","Commercial Printing Nec","www.challengeprinting.com","11","0"
"World Aerospace Corp","7634248999","8625 Monticello Ln N","Maple Grove","10250000","Issac E Phelps Jr","President","Mal","188263","W","World Aerospace Corp","sales@worldaerospace.com","8625 Monticello Ln N","Maple Grove","MN","55369","7634241419","7634248999","372801","Aircraft Components-Manufacturers","www.worldaerospace.com","11","0"
"MRL","6123312457","819 24th Ave SE","Minneapolis","14160000","Bill Lee","Owner","Mal","188662","M","MRL","info@mrlcompany.com","819 24th Ave SE","Minneapolis","MN","55414","6123312457","6123313735","509908","Manufacturers-Agents & Representatives","www.mrlcompany.com","11","0"
"Innoflex Corp","7635361007","7101 31st Ave N","New Hope","14300000","John Pesonen","CEO","Mal","191174","I","Innoflex Corp","sales@innoflexcorp.com","7101 31st Ave N","New Hope","MN","55427","7635360713","7635361007","275912","Labels-Plastic Metal Foil & Etc (Mfrs)","www.innoflexcorp.com","11","0"
"Minnesota Exteriors Inc","7634935500","8600 Jefferson Hwy","Osseo","12400000","Steve Schiltz","President","Mal","191618","M","Minnesota Exteriors Inc","postmaster@minnesotaexteriors.com","8600 Jefferson Hwy PO Box 266","OSSEO","MN","55369","6124935577","6123157444","154101","Building Restoration & Preservation","MINNESOTAEXTERIORS.COM","11","0"
"Bds Laundry System","6516888000","2430 Enterprise Dr","Mendota Heights","13840000","David De Marsh","Owner","Mal","191876","B","Bds Laundry System","info@bdslaundry.com","2430 Enterprise Dr","Mendota Heights","MN","55120","6516888820","6516888000","508726","Laundry Equipment (Wholesale)","www.bdslaundry.com","11","0"
"National Carpet Equipment","7635358206","6801 Winnetka Ave N # 3","Brooklyn Park","17992000","Martin Anderson","President","Mal","194362","N","National Carpet Equipment","info@nationalequipment.com","6801 Winnetka Ave N # 3","Brooklyn Park","MN","55428","7635358255","7635358206","508712","Carpet Layers Equipment & Supls (Whol)","www.nationalequipment.com","11","0"
"J-M Manufacturing Co Inc","5078933121","743 Main St S","Winnebago","12300000","Larry Sickler","Manager","Mal","194793","J","J-M Manufacturing Co Inc","careers@jmm.com","743 Main St S","Winnebago","MN","56098","7195427822","5078933121","308902","Plastics & Plastic Products (Mfrs)","www.jmpipe.com","11","0"
"Electramatic","6127819982","1815 Jefferson St NE","Minneapolis","11200000","","","","195160","E","Electramatic","questions@electramaticinc.com","1815 Jefferson St NE","Minneapolis","MN","55418","6127819982","6127819982","367901","Electronic Equipment & Supplies-Mfrs","www.electramaticinc.com","11","0"
"Symtec Inc","7635719193","6227 University Ave NE","Fridley","12565000","Roland Knapton","Owner","Mal","195278","S","Symtec Inc","sales@symtec-inc.com","6227 University Ave NE","Fridley","MN","55432","7635719194","7635719193","559908","Aircraft Equipment Parts & Supplies","www.symtec-inc.com","11","0"
"Sign Cad Systems Inc","9525449559","10590 Wayzata Blvd # 230","Hopkins","13818000","Lynn Berg","Owner","Mal","195680","S","Sign Cad Systems Inc","support@signcad.com","10590 Wayzata Blvd # 230","Hopkins","MN","55305","9525449561","9525449559","506355","Traffic Signs Signals & Equip-Whol","www.signcad.com","11","0"
"Von Ruden Mfg","7636823122","1008 1st St NE","Buffalo","14820000","Al Anderson","Owner","Mal","196295","V","Von Ruden Mfg","sales@vonruden.com","1008 1st St NE","Buffalo","MN","55313","7636823954","7636823122","359401","Fluid Power Pumps & Motors (Mfrs)","www.vonruden.com","11","0"
"Pleasureland Rv Ctr Inc","3202517588","25064 20th Ave","St Cloud","24700000","Dan Pearson","Owner","Mal","196446","P","Pleasureland Rv Ctr Inc","sales@pleasurelandtruckcenter.com","25064 20th Ave","St Cloud","MN","56301","7634224176","3202517588","556108","Motor Homes-Retail","www.pleasurelandrv.com","11","0"
"Gopher Bearing Co","6516455871","2490 Territorial Rd","St Paul","12540000","Joe Racine","Owner","Mal","198705","G","Gopher Bearing Co","sales@gopherbearing.com","2490 Territorial Rd","St Paul","MN","55114","6516458572","6516455871","508525","Bearings (Wholesale)","www.gopherbearing.com","11","0"
"Hegman Machine Tool Inc","7634245622","8718 Monticello Ln N","Maple Grove","14688000","Ralph Hegman","Owner","Mal","198861","H","Hegman Machine Tool Inc","webmaster@n.one.port5.com","8718 Monticello Ln N","Maple Grove","MN","55369","7634242958","7634245622","508425","Machine Tools (Wholesale)","www.hegmanmachine.com","11","0"
"Gillis Agricultural Systems","3202350444","4105 Highway 12 E","Willmar","14630000","Tom Gillis","Owner","Mal","199993","G","Gillis Agricultural Systems","webmaster@etapmarketing.com","4105 Highway 12 E","Willmar","MN","56201","3202358879","3202350444","519119","Livestock Equipment & Supplies (Whol)","www.willmarpoultry.com","11","0"
"Marshall Concrete Products Inc","6514891319","781 Hubbard Ave","St Paul","10320000","Jay Miller","Owner","Mal","200767","M","Marshall Concrete Products Inc","info@marshallconcrete.net","781 Hubbard Ave","St Paul","MN","55104","6127895387","6514891319","521128","Concrete-Ready Mixed","www.marshallconcreteproducts.com","11","0"
"Semva Art Gallery","5072814920","16 1st St SW","Rochester","10720000","Tom Evans","President","Mal","200944","S","Semva Art Gallery","info@semva.com","16 1st St SW","Rochester","MN","55902","5072814920","5072814920","599969","Art Galleries & Dealers","www.semva.com","11","0"
"Specialty Equipment Co","6514527909","1415 Mendota Heights Rd","Mendota Heights","20000000","Sheldon P Russell","President","Mal","200974","S","Specialty Equipment Co","sales@specialtyequip.com","1415 Mendota Heights Rd","Mendota Heights","MN","55120","6514520681","6514527909","358998","Service Industry Machinery Nec (Mfrs)","www.specialtyequip.com","11","0"
"Tuohy Furniture Corp","5078674280","42 Saint Albans Pl","Chatfield","13200000","Francis M Tuohy","CEO","Mal","201318","T","Tuohy Furniture Corp","info@tuohyfurniture.com","42 Saint Albans Pl","Chatfield","MN","55923","5078674303","5078674280","252202","Furniture-Manufacturers-Office & Coml","www.tuohyfurniture.com","11","0"
"Artstone Co","5072333700","2025 N Broadway St","New Ulm","24000000","Nancy Fogelberg","President","Fem","201779","A","Artstone Co","info@american-artstone.com","2025 N Broadway St","New Ulm","MN","56073","5073547771","5072333700","503208","Concrete Products (Wholesale)","www.american-artstone.com","11","0"
"SVT Assoc","9529342100","7620 Executive Dr","Eden Prairie","12825000","","","","203709","S","SVT Assoc","sales@svta.com","7620 Executive Dr","Eden Prairie","MN","55344","9529342100","9529342100","367401","Semiconductor Devices (Manufacturers)","www.svta.com","11","0"
"Foremost Farms USA","5077653831","220 Saint Paul St NW","Preston","14960000","Bruce Snitker","Plant Mgr","Mal","203915","F","Foremost Farms USA","humanresources@foremostfarms.com","220 Saint Paul St NW","Preston","MN","55965","5077654430","5077653831","202398","Dry Condensed/Evprtd Dairy Prod (Mfr)","www.foremostfarms.com","11","0"
"Case Corp","6516479527","767 Eustis St","St Paul","23904000","Tom Goodin","Manager","Mal","204008","C","Case Corp","employment@cnh.com","767 Eustis St","St Paul","MN","55114","3099652042","6516479527","508310","Farm Equipment (Wholesale)","www.cnh.com","11","0"
"Electrical Mechanical Svc Inc","6514845533","998 Berwood Ave","St Paul","23030000","Art Anderson","President","Mal","204381","E","Electrical Mechanical Svc Inc","sales@electmech.com","998 Berwood Ave","St Paul","MN","55110","6514847686","6514845533","506332","Electric Motors-Controls-Wholesale","www.electmech.com","11","0"
"Lakes States Lumber","7634250204","9110 83rd Ave N","Brooklyn Park","21180000","John Gerlech","Manager","Mal","205720","L","Lakes States Lumber","support@begiant.com","9110 83rd Ave N","Brooklyn Park","MN","55445","7153598744","7634250204","503109","Lumber-Wholesale","www.lake-states-lumber.com","11","0"
"Louisiana-Pacific Corp","2188345652","711 25th Ave","Two Harbors","17286000","Dick Hanson","Plant Mgr","Mal","207406","L","Louisiana-Pacific Corp","webmaster@lpcorp.com","711 25th Ave","Two Harbors","MN","55616","7065469197","2188345652","599981","Woodenware","www.lpcorp.com","11","0"
"Wand Corp","9523616200","7593 Corporate Way","Eden Prairie","19980000","John Perrill Sr","Owner","Mal","208057","W","Wand Corp","sales@wandcorp.com","7593 Corporate Way","Eden Prairie","MN","55344","9523616211","9523616200","504412","Cash Registers & Supplies (Wholesale)","www.wandcorp.com","11","0"
"Entronix-International Inc","7635599654","12999 Wilfred Ln N","Rogers","16600000","Marty Lehman","Owner","Mal","208386","E","Entronix-International Inc","customer.service@entronix.com","12999 Wilfred Ln N","Rogers","MN","55374","7635599652","7635599654","399906","Assembly & Fabricating Service","www.entronix.com","11","0"
"Plekkenpol Builders Inc","9528882225","401 E 78th St","Bloomington","11800000","Craig Plekkenpol","President","Mal","208956","P","Plekkenpol Builders Inc","customerservice@plekkenpol.com","401 E 78th St","Bloomington","MN","55420","9528882259","9528882225","152139","Remodeling & Repairing Bldg Contractors","www.plekkenpol.com","11","0"
"Network Access Products","7633233041","6203 Mckinley St NW","Ramsey","20200000","Linda Sexton","Manager","Fem","210155","N","Network Access Products","sales@napinc.com","6203 Mckinley St NW","Ramsey","MN","55303","7633233047","7633233041","506563","Telecommunication Equip/Syst-Whol/Mfrs","www.napinc.com","11","0"
"Bearcom","6516461051","2200 University Ave W # 130","St Paul","12120000","Pat Zebro","Manager","Mal","210816","B","Bearcom","webmaster@bearcom.com","2200 University Ave W # 130","St Paul","MN","55114","3108542327","6516461051","506504","Radio Communication Equip & Systems-Whol","www.bearcom.com","11","0"
"GLS Industries Inc","5072888850","7200 Highway 63 N","Rochester","12300000","Christopher Price","CEO","Mal","211210","G","GLS Industries Inc","info@glsindustries.com","7200 Highway 63 N","Rochester","MN","55906","5072883810","5072888850","327101","Concrete-Block & Brick (Manufacturers)","www.glsindustries.net","11","0"
"Natural Ovens Of Manitowoc","6127898292","2828 Anthony Ln S # 120","Minneapolis","20466000","Benjamin Ice","Manager","Mal","211224","N","Natural Ovens Of Manitowoc","webmaster@naturalovens.com","2828 Anthony Ln S # 120","Minneapolis","MN","55418","6127898473","6127898292","514101","Food Products (Wholesale)","www.naturalovens.com","11","0"
"Berne Scale Co","9525442422","2200 Edgewood Ave S","Minneapolis","12558000","Christopher Berne","Owner","Mal","211467","B","Berne Scale Co","sales@bernescale.com","2200 Edgewood Ave S","Minneapolis","MN","55426","9525447874","9525442422","504704","Physicians & Surgeons Equip & Supls-Whol","www.bernescale.com","11","0"
"GENERAL Office Products Co","9529257500","4521 Highway 7","Minneapolis","16000000","John Boss","President","Mal","211788","G","GENERAL Office Products Co","sales@gopco.com","4521 Highway 7","Minneapolis","MN","55416","5074519454","9529257500","571216","Furniture-Dealers-Retail","www.jcoffice.com","11","0"
"Mc Guire & Sons Plumbing & Htg","6123401444","605 12th Ave S","Minneapolis","14600000","Tim Mc Guire","President","Mal","211796","M","Mc Guire & Sons Plumbing & Htg","info@mcguireandsons.com","605 12th Ave S","Minneapolis","MN","55415","9529319677","6123401444","171105","Plumbing Contractors","www.mcguireandsons.com","11","0"
"Warren Shade Co","6123315939","2825 E Hennepin Ave","Minneapolis","10335000","Mike Mann","Owner","Mal","213054","W","Warren Shade Co","info@warrenshade.com","2825 E Hennepin Ave","Minneapolis","MN","55413","6123319116","6123315939","259198","Drapery Hdwr-Window Blinds/Shades (Mfrs)","www.warrenshade.com","11","0"
"Robinson Rubber Products Co","7635356737","4600 Quebec Ave N","Minneapolis","11880000","Jay Beck","President","Mal","213086","R","Robinson Rubber Products Co","sales@robinsonrubber.com","4600 Quebec Ave N","Minneapolis","MN","55428","7635350828","7635356737","305201","Rubber Products-Manufacturers","www.robinsonrubber.com","11","0"
