"Loadmaster Derrick & Equipment","3378375429","1084 S Cruse Ave","Broussard","10010000","Tommy Welsh","President","Mal","319","L","Loadmaster Derrick & Equipment","TW@loadmasterderrick.com","1084 S Cruse Ave","Broussard","LA","70518","3378375420","3378375429","138905","Oil Field Service","NULL","0","0"
"Magic Seasoning Blends","5047313500","824 Distributors Row","Harahan","16560000","Shawn Mc Bride","President","Fem","1944","M","Magic Seasoning Blends","bill@propermotorcar.com","824 Distributors Row","NEW ORLEANS","LA","70123","5042836143","5042828411","731908","Distribution Services","southerncrossshipping.com","0","0"
"Gardner & Assoc","3182221078","1631 Princess Elaine St","Shreveport","10375000","Huey Gardner","Owner","Mal","2631","G","Gardner & Assoc","HG@ez-az-apts.com","1631 Princess Elaine St","Shreveport","LA","71107","NULL","3182221078","628205","Financial Planning Consultants","NULL","0","0"
"Ikon Office Solutions Inc","5048310808","1 Galleria Blvd # 100","Metairie","19980000","Chuck Peck","President","Mal","4050","I","Ikon Office Solutions Inc","tom.hess@ikon.com","1 Galleria Blvd # 100","Metairie","LA","70001","5048310624","5048310808","504403","Copying & Duplicating Machines & Supls","NULL","0","0"
"Gulf Coast Marine Fabricators","3378931877","1536 S Hospital Dr","Abbeville","14400000","Sue Motty","Owner","Fem","4287","G","Gulf Coast Marine Fabricators","Sue@gcmf.com","1536 S Hospital Dr","Abbeville","LA","70510","3378931866","3378931877","138101","Contractors-Oil Field","NULL","0","0"
"Teche Regional Medical Ctr","9853842200","1125 Marguerite St","Morgan City","19208000","Michael J Landry","CEO","Mal","6138","L","Lakewood Medical Center","lmcis@ladsi.net","2521 Palmyra Street","BATON ROUGE","LA","70380","9853842200","null","806201","Medical Centers","lakewoodmedicalcenter.org","0","0"
"C & S Safety Systems","3373642212","915 Granada Dr","New Iberia","11844000","Rodney Comeaux","Owner","Mal","6830","C","C & S Safety Systems","Rodney@candssafety.com","915 Granada Dr","New Iberia","LA","70560","3373673417","3373642212","506308","Fire Alarm Systems (Wholesale)","NULL","0","0"
"Gulf Coast Analytical Lab","2257694900","7979 G S R I Rd","Baton Rouge","10560000","Pat Burne","Owner","Mal","7983","G","Gulf Coast Analytical Lab","Pat@gcal.com","7979 G S R I Rd","Baton Rouge","LA","70820","2257675717","2257694900","873111","Environmental & Ecological Services","NULL","0","0"
"W H Linder & Assoc Inc","5048352577","3330 W Esplanade Ave S # 300","Metairie","15800000","W H Linder","Owner","Mal","10009","S","Storage America;  Inc.","smith_w@metairie.whlinder.com","null","METAIRIE","LA","70002","5048352577","null","4214","Moving & storage companies","whlinder.com","0","0"
"On Time Wildlife Feeders","3182551834","110 E Railroad Ave","Ruston","19920000","Marvin Sherrard","Owner","Mal","11576","O","On Time Wildlife Feeders","Marvin@ontimefeeder.com","110 E Railroad Ave","Ruston","LA","71270","3182551101","3182551834","508312","Feeders-Industrial (Wholesale)","NULL","0","0"
"Entercom Communications","5045936376","1450 Poydras St # 500","New Orleans","24450000","Connie Macera","Manager","Fem","11607","E","Entercom Communications","kbeck@entercom.com","1450 Poydras St # 500","New Orleans","LA","70112","7574731100","5045936376","731303","Advertising-Radio","www.entercom.com","0","0"
"Petro Tool & Supply","9858516621","4821 Highway 182","Houma","21760000","T L Brewer","Owner","Mal","11962","P","Petro Tool & Supply","TBrewer@petrotool.net","4821 Highway 182","Houma","LA","70364","9858516698","9858516621","508432","Oil Well Equipment & Supplies-Whol","NULL","0","0"
"Monroe Communications","3183236441","1909 Auburn Ave","Monroe","13130000","Doug Denmon","Owner","Mal","12581","M","Monroe Communications","D_Denmon@monroe-comm.com","1909 Auburn Ave","Monroe","LA","71201","3183872845","3183236441","506504","Radio Communication Equip & Systems-Whol","NULL","0","0"
"FSC","3186473681","206 S 14th St","Mer Rouge","11305000","David Pipes","Owner","Mal","13498","F","FSC","DPipes@stargate.net","PO Box 253","Mer Rouge","LA","71261","3186473542","3186473681","519102","Farm Supplies (Wholesale)","NULL","0","0"
"Healthcare Center","2257691407","333 Lee Dr","Baton Rouge","13230000","Kenneth P Ritter","President","Mal","13726","H","Healthcare Center","hrrecruiter@stjamesplace.com","333 Lee Dr","Baton Rouge","LA","70808","2257699641","2257691407","805102","Health Care Facilities","www.stjamesplace.com","0","0"
"Morrison Terrebonne Lumber Ctr","9858724535","1533 Menville St","Houma","12584000","Robert Vice","President","Mal","14638","M","Morrison Terrebonne Lumber Ctr","Gregory@lumbercenter.com","605 Barataria Ave","Houma","LA","70360","9858685201","9858791597","521126","Building Materials","NULL","0","0"
"Interco Tire Corp","3373343814","2412 Abbeville Hwy","Rayne","14160000","Warren Guidry","Owner","Mal","16182","I","Interco Tire Corp","meta@intercotire.com","2412 Abbeville Hwy","Rayne","LA","70578","3373349796","3373343814","509905","Importers","www.intercotire.com","0","0"
"Thomas Pipe","2257567886","17991 Old Perkins Rd # F","Baton Rouge","12564000","Jim Clark","Manager","Mal","17108","T","Thomas Pipe","Dan@edgencorp.com","18444 Highland Rd","Baton Rouge","LA","70809","NULL","2257569868","505107","Pipe-Wholesale","NULL","0","0"
"Schoeller Bleckmann Energy Svc","3378372030","712 Saint Etienne Rd","Broussard","12420000","Charlie Carlton","Owner","Mal","17637","S","Schoeller Bleckmann Energy Svc","CarltonCharlie@sbesllc.com","PO Box 492","Broussard","LA","70518","3378374460","3378372030","353398","Oil & Gas-Field Machinery/Equip (Mfrs)","NULL","0","0"
"Gly-Tech Svc","5043488566","2054 Paxton St","Harvey","10725000","Mark Middleton","Owner","Mal","17872","G","Gly-Tech Svc","Mark@glytech.com","2054 Paxton St","Harvey","LA","70058","5043488261","5043488566","138905","Oil Field Service","NULL","0","0"
"Jani-King Of New Orleans","5044419700","520 Elmwood Park Blvd","New Orleans","12460000","Tom Enmon","Owner","Mal","18083","J","Jani-King Of New Orleans","Enmon@janikinggulfcoast.com","520 Elmwood Park Blvd","New Orleans","LA","70123","5044419709","5044419700","679401","Franchising","NULL","0","0"
"J V Industrial","2257444777","39030 Cleastor Rd","Prairieville","22000000","Harry Harvey","President","Mal","19306","J","J V Industrial","HarryH@kelsoninc.com","PO Box 1615","Prairieville","LA","70769","2257444710","2257444777","339801","Heat Treating Metal (Manufacturers)","NULL","0","0"
"Flowers Ideal Baking Co","3186883400","7409 Mansfield Rd","Shreveport","15192000","Bill Farley","Manager","Mal","19985","F","Flowers Ideal Baking Co","european_bakers@flowersspecialty.com","7409 Mansfield Rd","Shreveport","LA","71108","7709396632","3186883400","514902","Bakers-Wholesale","www.flowersfoods.com","0","0"
"ASI Federal Credit Union","5047337274","5508 Citrus Blvd","Harahan","23300000","","","","20471","A","ASI Federal Credit Union","spoof@ebay.com","5508 Citrus Blvd","Harahan","LA","70123","3527264024","5047337274","606102","Federally Chartered Credit Unions","www.brannenbanks.com","0","0"
"Louisiana Lift & Equipment Inc","5048884870","3409 N I 10 Service Rd W","Metairie","20672000","Larry Tape","Owner","Mal","20498","L","Louisiana Lift & Equipment Inc","rducote@lalift.com","3409 N I 10 Service Rd W","Metairie","LA","70002","5048883251","5048884870","508426","Material Handling Equipment (Wholesale)","NULL","0","0"
"Choice Brands","3183870432","310 Powell Ave","Monroe","22752000","Frank Elkins Jr","President","Mal","20518","C","Choice Brands","Frank@choicebrandsofohio.com","310 Powell Ave","Monroe","LA","71201","3183870456","3183870432","518101","Beer & Ale-Wholesale","NULL","0","0"
"Pre Press Systems","5047125565","940 Industry Rd # 4","Kenner","10880000","Michael Bergeron","Owner","Mal","21429","P","Pre Press Systems","B_Michael@prepress-systems.com","940 Industry Rd # 4","Kenner","LA","70062","5047125568","5047125565","508443","Printing Supplies (Wholesale)","NULL","0","0"
"Universal Parts & Supply","3376853122","5308 Bob Acres Rd","Delcambre","12512000","Monica Vinet","Owner","Fem","22194","U","Universal Parts & Supply","Monica@universalparts.net","PO Box 426","Delcambre","LA","70528","3376853125","3376853122","508428","Oil Field Equipment (Wholesale)","NULL","0","0"
"Murphy Cormier General Contrs","3374742804","2885 Highway 14 E","Lake Charles","13664000","Murphy Cormier","Owner","Mal","22860","M","Murphy Cormier General Contrs","Murphy@hootsystems.com","2885 Highway 14 E","Lake Charles","LA","70607","3374777904","3374742804","358916","Sewer Cleaning Equipment & Supplies-Mfrs","NULL","0","0"
"Promark Food Industry Mrktng","5048379437","1021 W Harimaw Ct","Metairie","17055000","John Mc Intosh","Owner","Mal","23605","P","Promark Food Industry Mrktng","John@promark-fim.com","1021 W Harimaw Ct","Metairie","LA","70001","5048379493","5048379437","514101","Food Products (Wholesale)","NULL","0","0"
"American Industrial Plant Svc","2256476786","12423 Jim Babin Rd","St Amant","10950000","Jimmy Babin","Owner","Mal","25531","A","American Industrial Plant Svc","JBabin@aipsi.com","12423 Jim Babin Rd","St Amant","LA","70774","2256473755","2256476786","344106","Steel-Structural (Manufacturers)","NULL","0","0"
"Hometek","5048282886","706 Papworth Ave","Metairie","13130000","Louis Freeman","Owner","Mal","26343","H","Hometek","L.Freeman@automatek.com","706 Papworth Ave","Metairie","LA","70005","5048289902","5048282886","506507","Sound Systems & Equipment (Wholesale)","NULL","0","0"
"Black Tie Svc","5045869313","301 Burgundy St # E","New Orleans","11310000","Mark Blandford","Owner","Mal","26994","B","Black Tie Svc","BMark@blacktieservices.net","301 Burgundy St # E","New Orleans","LA","70112","5045276256","5045869313","736304","Employment Contractors-Temporary Help","NULL","0","0"
"Agrico Sales Inc","5044369400","3413 River Rd","Bridge City","15750000","Frank Kelly","Owner","Mal","27306","A","Agrico Sales Inc","Frank.Kelly@agricosales.com","3413 River Rd","Bridge City","LA","70094","5044369458","5044369400","154104","Grain Elevators-Builders","NULL","0","0"
"Pinnacle Precision Svc","2259281988","9228 Mammoth Ave","Baton Rouge","19040000","Daniel Ivey","Owner","Mal","27472","P","Pinnacle Precision Svc","Ivey@pinnacleprecision.com","9228 Mammoth Ave","Baton Rouge","LA","70814","2259288998","2259281988","508471","Machinery-Rebuilding & Repairing (Whol)","NULL","0","0"
"Olinde's Furniture","2259263380","9536 Airline Hwy","Baton Rouge","11040000","J B Olinde","President","Mal","30200","O","Olinde's Furniture","doris@olindes.com","9536 Airline Hwy","Baton Rouge","LA","70815","2259284513","2259263380","571216","Furniture","NULL","0","0"
"Packard Truck Lines Inc","5043939955","806 Engineers Rd","Belle Chasse","18875000","Claiborne Perrilliat","CEO","Mal","30214","P","Packard Truck Lines Inc","cperrilliat@packard-inc.com","806 Engineers Rd","Belle Chasse","LA","70037","5043943369","5043939955","421307","Trucking-Heavy Hauling","NULL","0","0"
"Alarm Monitoring Svc","5044542163","4821 Hearst St","Metairie","19082000","Dera De Roche","President","Fem","30699","A","Alarm Monitoring Svc","Dera@monitor1.com","4821 Hearst St","Metairie","LA","70001","5044568737","5044542163","506324","Burglar Alarm Systems (Wholesale)","NULL","0","0"
"Gary's","9854462739","1071 Jackson St","Thibodaux","16770000","Gary Earlbacher","Owner","Mal","30717","G","Gary's","E_Gary@garysinc.com","1071 Jackson St","Thibodaux","LA","70301","NULL","9854462739","517208","Gas-Liquefied Petro-Bttld/Bulk (Whol)","NULL","0","0"
"Sav-A-Center Store","9856460741","101 N Military Rd","Slidell","18200000","Russell Veazey","Manager","Mal","31465","S","Sav-A-Center Store","trapmail.unprotected@apt.com","101 N Military Rd","Slidell","LA","70461","9856398140","9856460741","541105","Grocers-Retail","www.apt.com","0","0"
"Cox Media","2259230860","7401 Florida Blvd","Baton Rouge","12882000","Dawn Benoit","Manager","Fem","32056","C","Cox Media","orlofsky@orlofsky.com","7401 Florida Blvd","Baton Rouge","LA","70806","2259262090","2259230860","484101","Television-Cable & Catv","www.dvd-register.com","0","0"
"Bead Shop","5048956161","4612 Magazine St","New Orleans","17808000","Nancy Campbell","Owner","Fem","32457","B","Bead Shop","NCampbell@beadshop.com","4612 Magazine St","New Orleans","LA","70115","5048956162","5048956161","509410","Beads (Wholesale)","NULL","0","0"
"Southern Steel","3378391932","3725 Highway 90 E","Broussard","10470000","Chris Glasgow","Owner","Mal","33521","S","Southern Steel","Glasgow.Chris@betainternational.com","3725 Highway 90 E","Broussard","LA","70518","3378375644","3378391932","505106","Steel-Distributors & Warehouses","NULL","0","0"
"United Health Care","5048491500","3838 N Causeway Blvd # 2100","Metairie","15680000","David Lewis","CEO","Mal","34559","U","United Health Care","DavidL@uhc.com","3838 N Causeway Blvd # 2100","Metairie","LA","70002","5048493551","5048491500","809904","Health Maintenance Organizations","NULL","0","2"
"Video Services Inc","5047337702","520 Elmwood Park Blvd","New Orleans","19200000","Robert L Saxton","President","Mal","34648","V","Video Services Inc","alexdungan@videoservicesinc.com","520 Elmwood Park Blvd","New Orleans","LA","70123","5047337750","5047337702","594509","Games & Game Supplies","NULL","0","0"
"Sysco Food Svc Of New Orleans","3374377316","303 Christman Rd","Lake Charles","17055000","Marty Viator","Manager","Mal","35111","S","Sysco Food Svc Of New Orleans","resumes@corp.sysco.com","303 Christman Rd","Lake Charles","LA","70615","5152895380","3374377316","514101","Food Products (Wholesale)","www.sysco.com","0","0"
"Gaylord Chemical Co","9856495464","106 Galeria Blvd","Slidell","20000000","Paul Dennis","President","Mal","35678","G","Gaylord Chemical Co","jferguso@gaylordchem.com","106 Galeria Blvd","Slidell","LA","70458","9856490068","9856495464","289905","Chemicals-Manufacturers","www.gaylordchemical.com","0","0"
"Shaw Oxygen Co","3183874115","2914 Desiard St","Monroe","14014000","E D Shaw Iii","President","Mal","36146","S","Shaw Oxygen Co","eshaw@mkprod.com","2914 Desiard St","Monroe","LA","71201","3183610568","3183874115","516920","Oxygen (Wholesale)","NULL","0","0"
"Diversified Technologies","9856494998","39478 Highway 190 E","Slidell","10980000","Sonja Vehorn","Owner","Fem","38230","D","Diversified Technologies","VSonja@divtecs.com","39478 Highway 190 E","Slidell","LA","70461","9856414509","9856494998","289905","Chemicals-Manufacturers","NULL","0","0"
"KALB","3184452456","605 Washington St","Alexandria","20540000","Les Golmon","VP","Mal","39075","K","KALB (NBC-5)","lgolmon@kalb.com","605 Washington St","Alexandria","LA","71301","3184452456","3184427427","483301","Television Stations & Broadcasting Co","www.kalb.com","0","0"
"Priority Mobile Health","5043660911","200 Wright Ave # A","Terrytown","11800000","Michael Boatright","Owner","Mal","39445","P","Priority Mobile Health","Boatright_Michael@priority.net","200 Wright Ave # A","Terrytown","LA","70056","5043652170","5043660911","411902","Ambulance Service","NULL","0","0"
"World Team Direct","5047340410","621 Distributors Row # A","New Orleans","18880000","Brian O'Neill","Owner","Mal","40074","W","World Team Direct","O'Neill@worldteamdirect.com","621 Distributors Row # A","New Orleans","LA","70123","5047348264","5047340410","509905","Importers","NULL","0","0"
"Pinnacle Polymers","9855352000","Pinnacle Dr","Garyville","10510000","","","","40088","P","Pinnacle Polymers","jerry.theys@immalmanac.com","PO Box E","Garyville","LA","70051","9855351234","985-535-2000","2821","Plastics Materials","Synthetic and Resins","0","0"
"Advance Products & Systems","3372336116","108 Asset Ave","Scott","15150000","Tom Forlander","Owner","Mal","40779","A","Advance Products & Systems","garys@advprod.com","108 Asset Ave","SCOTT","LA","70583","3372336116","3372336116","738999","Business Services Nec","ADVANCE-PRODUCTS.COM^^ADVANCEPRODUCTS.NET","0","0"
"Abbeville Offshore Quarters","3378980044","13818 S Guegnon St","Abbeville","11440000","George Putnam","President","Mal","41134","A","Abbeville Offshore Quarters","PutnamG@abbevilleoffshore.com","13818 S Guegnon St","Abbeville","LA","70510","3378980094","3378980044","138905","Oil Field Service","NULL","0","0"
"Louisiana Special Systems","3379425522","579 Nap Ln","Opelousas","10528000","Kelly Mayeux","Owner","Mal","41432","L","Louisiana Special Systems","Kelly@lss-online.com","579 Nap Ln","Opelousas","LA","70570","3379422194","3379425522","506308","Fire Alarm Systems (Wholesale)","NULL","0","0"
"Pyburn & Odom Mca","2257666330","8178 G S R I Rd # A","Baton Rouge","11060000","Rodolfo J Aguilar","Owner","Mal","41704","P","Pyburn & Odom Mca","R_Aguilar@pyodom.com","8178 G S R I Rd # A","Baton Rouge","LA","70820","2257697680","2257666330","871111","Engineers-Consulting","NULL","0","0"
"T J's Carnival & Bingo Supls","5043927217","28 Fairfield Ave","Gretna","11328000","Tommy Marshall","Owner","Mal","41901","T","T J's Carnival & Bingo Supls","Tommy@gaybeads.com","28 Fairfield Ave","Gretna","LA","70056","5043937856","5043927217","509905","Importers","NULL","0","0"
"Gulf States Intermodal Inc","5042798544","100 Intermodal Dr","Chalmette","22650000","Walter Boasso","Owner","Mal","42189","G","Gulf States Intermodal Inc","elaviolette@boassoamerica.com","100 Intermodal Dr","Chalmette","LA","70043","5042770113","5042798544","421309","Trucking-Motor Freight","NULL","0","0"
"Acadian Cypress & Hardwoods","9853865238","1 Industrial Park Blvd","Ponchatoula","16770000","Frank Vallot","Owner","Mal","42299","A","Acadian Cypress & Hardwoods","rmadden@acadianhardwoods.net","1 Industrial Park Blvd","Ponchatoula","LA","70454","9853865887","9853865238","521142","Lumber-Retail","www.acadianhardwoods.com","0","0"
"Settoon Inc","9852524499","1081 Highway 70","Pierre Part","24900000","Scott Settoon","Owner","Mal","42312","S","Settoon Inc","cgravois@settoon.com","PO Box 279","Pierre Part","LA","70339","9852520000","9852524499","449202","Towing-Marine","NULL","0","0"
"SOTEC","5047333337","5800 Jefferson Hwy # E","New Orleans","24346000","Ed Colton","Owner","Mal","43665","S","SOTEC","Ed@sotecfire.com","5800 Jefferson Hwy # E","New Orleans","LA","70123","5047339090","5047333337","506308","Fire Alarm Systems (Wholesale)","NULL","0","0"
"Lanier & Assoc","5048950368","4101 Magazine St","New Orleans","10270000","Sorrell Lanier","President","Mal","43818","L","Lanier & Assoc","Lanier@lanier-engineers.com","4101 Magazine St","New Orleans","LA","70115","5048950566","5048950368","871111","Engineers-Consulting","NULL","0","0"
"Monosep","3378373071","3735 Highway 90 E","Broussard","13600000","Mike Robicheaux","Owner","Mal","45686","M","Monosep","M.Robicheaux@monosep.com","3735 Highway 90 E","Broussard","LA","70518","3378379908","3378373071","508428","Oil Field Equipment (Wholesale)","NULL","0","0"
"Concept Electronics","2259278614","6243 Renoir Ave","Baton Rouge","19740000","Harold Mccullah","Owner","Mal","45798","C","Concept Electronics","Mccullah@conceptelectronics.com","6243 Renoir Ave","Baton Rouge","LA","70806","2259270205","2259278614","506308","Fire Alarm Systems (Wholesale)","NULL","0","0"
"Capitol Welders Supply Co Inc","2253833717","1101 Choctaw Dr","Baton Rouge","20128000","Betty Root","Owner","Fem","46676","C","Capitol Welders Supply Co Inc","betty.root@capitolwelders.com","1101 Choctaw Dr","Baton Rouge","LA","70805","2253839243","2253833717","508435","Welding Equipment & Supplies (Wholesale)","NULL","0","0"
"Payne Co","3186864183","7140 W Park Rd","Shreveport","11680000","Jim Payne","Owner","Mal","47385","P","Payne Co","Jim.Payne@thepayneco.com","7140 W Park Rd","Shreveport","LA","71129","3186865819","3186864183","171114","Mechanical Contractors","NULL","0","0"
"Conmaco","5043947330","1602 Engineers Rd","Belle Chasse","10500000","Duanne Smith","Owner","Mal","48031","C","Conmaco","Smith@conmaco.com","1602 Engineers Rd","Belle Chasse","LA","70037","5043938715","5043947330","508419","Hoists (Wholesale)","NULL","0","0"
"Sweetlake Land & Oil Co","3374394041","444 Pujo St","Lake Charles","17960000","Henry C Alexander","Owner","Mal","48777","S","Sweetlake Land & Oil Co","halexander@sweetlake.com","444 Pujo St","Lake Charles","LA","70601","NULL","3374394041","655201","Land Companies","NULL","0","0"
"Wing Zone Corp","2257689990","4250 Burbank Dr","Baton Rouge","14160000","Arthur Moss","Owner","Mal","49126","W","Wing Zone Corp","customer@wingzone.com","4250 Burbank Dr","Baton Rouge","LA","70808","8039339003","2257689990","509901","Exporters","www.wingzone.com","0","0"
"LAPCO","9853855380","98 Glenwood St","Morgan City","14550000","Freddie Triche","Owner","Mal","49400","L","LAPCO","TFreddie@lapcomfg.com","98 Glenwood St","Morgan City","LA","70380","9853845081","9853855380","311106","Leather Goods-Trimmings (Manufacturers)","NULL","0","0"
"Construction Safety Products","3186886483","359 Mount Zion Rd","Shreveport","13320000","Larry Cope","Owner","Mal","49927","C","Construction Safety Products","fran@cspforestry.com","359 Mount Zion Rd","Shreveport","LA","71106","3186886487","3186886483","508206","Contractors-Equip/Supls-Dlrs/Svc (Whol)","NULL","0","0"
"Moore Petroleum","3372321423","547 N Pierce St","Lafayette","16770000","Mark Moore","Owner","Mal","50114","M","Moore Petroleum","Moore@moorepetro.com","547 N Pierce St","Lafayette","LA","70501","3372321424","3372321423","517203","Diesel Fuel (Wholesale)","NULL","0","0"
"Lct","3376433636","118 N Irving Ave","Kaplan","16650000","Carl Turnley","President","Mal","50535","L","Lct","Carl.Turnley@connections-lct.com","118 N Irving Ave","Kaplan","LA","70548","3377406000","3376433636","481304","Telephone Companies","NULL","0","0"
"Figueroa Brothers Inc","5048310037","922 Industry Rd","Kenner","10972000","Greg Figueora","Owner","Mal","50783","E","ELS Enterprises","davefig@hotconcepts.com","922 Industry Rd","KENNER","LA","70062","5048310037","null","8999","Services NEC","FIGUEROABROTHERS.COM^^SPICE-EXCHANGE.COM","0","0"
"Fred Jones Mfg Co","5042549423","4471 Michoud Blvd","New Orleans","10384000","Marsak Chisim","Manager","Fem","51035","F","Fred Jones Mfg Co","shipping@fredjones.com","4471 Michoud Blvd","New Orleans","LA","70129","9013651981","5042549423","509908","Manufacturers-Agents & Representatives","www.fredjones.com","0","0"
"Appliance Parts Co","3184483454","2214 Lee St","Alexandria","19600000","Fred Lambert","Owner","Mal","52664","A","Appliance Parts Co","fred@appliancepartscompany.com","2214 Lee St","Alexandria","LA","71301","3184433859","3184483454","506401","Appliances-Household-Major-Supls (Whol)","NULL","0","0"
"General Corrugated","5042422122","6140 Jefferson Hwy","New Orleans","13350000","Tom Mastri","President","Mal","52860","G","General Corrugated","Tom@nationalpsg.com","6140 Jefferson Hwy","New Orleans","LA","70123","5047332360","5042422122","265301","Corrugated & Solid Fiber Boxes (Mfrs)","NULL","0","0"
"Offshore Express Inc","9858685950","115 Menard Rd","Houma","16800000","Harlan Belanger","President","Mal","52952","O","Offshore Express Inc","mert@osfi-fw.com","115 Menard Rd","Houma","LA","70363","3617762398","9858685950","799913","Boats-Rental & Charter","www.osfi-fw.com","0","0"
"Amite Foundry & Machine Inc","9857485342","13040 Foulks Ln","Amite","15000000","Neil Sweet","President","Mal","52969","A","Amite Foundry & Machine Inc","lisa.bond@atchisoncasting.com","13040 Foulks Ln","Amite","LA","70422","9857487396","9857485342","332502","Foundries-Steel","NULL","0","0"
"B & C Sheet Metal","2256652793","530 Florida Ave SE","Denham Springs","11680000","James Clark","Owner","Mal","53135","B","B & C Sheet Metal","Clark-James@bcsheetmetal.com","530 Florida Ave SE","Denham Springs","LA","70726","2256650832","2256652793","171103","Sheet Metal Work Contractors","NULL","0","0"
"Stevens RV","3372324308","3030 NE Evangeline Trwy","Lafayette","17840000","Wayne David","Owner","Mal","53904","S","Stevens RV","Wayne@stevensrv.com","3030 NE Evangeline Trwy","Lafayette","LA","70507","3372371409","3372324308","556103","Recreational Vehicles","NULL","0","0"
"American Pollution Control","3373657847","5619 Port Rd","New Iberia","10560000","Kirk Headley","Owner","Mal","53973","A","American Pollution Control","K-H@ampol.net","5619 Port Rd","New Iberia","LA","70560","3373658890","3373657847","873111","Environmental & Ecological Services","NULL","0","0"
"Tri-Parish Co-Op","2256542727","1080 Highway 19","Slaughter","13300000","Conrad Turner","Manager","Mal","54123","T","Tri-Parish Co-Op","conrad.turner@farmland.com","PO Box 89","Slaughter","LA","70777","2256548500","2256835130","2041","Flour and Other Grain Mill Products","NULL","0","0"
"Price Seafood Inc","9855943067","5737 Highway 56","Chauvin","11913000","Norris Price","Owner","Mal","55834","P","Price Seafood Inc","norris.price@stavis.com","5737 Highway 56","Chauvin","LA","70344","9855947748","9855943067","514603","Shrimp-Wholesale","NULL","0","0"
"C P Louisiana Inc","5047336644","6000 Jefferson Hwy","Harahan","15718000","Douglas Brooks","Owner","Mal","55944","C","C P Louisiana","cpla@cpla.com","6000 Jefferson Highway","New Orleans","LA","70123","5047336644","5047334412","472402","Travel Agencies & Bureaus","cplainc.com","0","0"
"Lee Medical Intl","5047349336","612 Distributors Row","New Orleans","23920000","Jerry Tauzier","Owner","Mal","56056","L","Lee Medical Intl","jeffb@eleemedical.com","612 Distributors Row","New Orleans","LA","70123","5047349232","5047349336","504704","Physicians & Surgeons Equip & Supls-Whol","NULL","0","0"
"D & H Wholesale","3182513038","609 Willow Glen Blvd","Ruston","14950000","David Trussell","Owner","Mal","57716","D","D & H Wholesale","David-Trussell@dhwholesale.com","609 Willow Glen Blvd","Ruston","LA","71270","3182554285","3182513038","504704","Physicians & Surgeons Equip & Supls-Whol","NULL","0","0"
"Teche Electric Supply Inc","3372347427","410 Eraste Landry Rd","Lafayette","15480000","Bruin Hays","President","Mal","58251","T","Teche Electric Supply Inc","lhebert@teche-electric.com","410 Eraste Landry Rd","Lafayette","LA","70506","3372343105","3372347427","521135","Electric Equipment & Supplies-Retail","NULL","0","0"
"K-Tek Corp","2257664632","18321 Swamp Rd","Prairieville","16720000","Tony Harper","Owner","Mal","58593","K","K-Tek Corp","shane.meyers@ktek-net.com","18321 Swamp Rd","Prairieville","LA","70769","NULL","2257664632","382398","Industrial Measuring/Cntrl Instr (Mfrs)","NULL","0","0"
"James Machine Works Inc","3183226104","1521 Adams St","Monroe","15800000","Paul Mc Elroy","Owner","Mal","59135","J","James Machine Works Inc","tguimbellot@jamesmachineworks.com","1521 Adams St","Monroe","LA","71201","3183884245","3183226104","344304","Fabricated Plate Work-Boiler Shops","NULL","0","0"
"Southern Valve Svc Inc","2257535997","18970 Highland Rd","Baton Rouge","19950000","Stan Taylor","Manager","Mal","59365","S","Southern Valve Svc Inc","jerry.a.d-avanzo@usa.dupont.com","18970 Highland Rd","Baton Rouge","LA","70809","2257534227","2257535997","508513","Valves-Wholesale","www.southernvalve.com","0","0"
"Acadian Land Svc","3372370069","321 Travis St # C","Lafayette","10050000","Todd Fontenot","Owner","Mal","59814","A","Acadian Land Svc","meta@acadianland.com","321 Travis St # C","Lafayette","LA","70503","3372333020","3372370069","621102","Oil Land Leases","www.acadianland.com","0","0"
"C & G Containers","3372377123","152 Easy St","Lafayette","17560000","Gale Breaux","Owner","Mal","60130","C","C & G Containers","G-Breaux@cgcontainers.com","152 Easy St","Lafayette","LA","70506","3372378712","3372377123","509326","Bottles-Used (Wholesale)","NULL","0","0"
"R & S Machines","3182816568","204 N Franklin St","Bastrop","10470000","David Reppond","Owner","Mal","60747","R","R & S Machines","DReppond@rs-supply.com","204 N Franklin St","Bastrop","LA","71220","3182818589","3182816568","505107","Pipe-Wholesale","NULL","0","0"
"Denbury Resources Inc","9858931530","71683 Riverside Dr","Covington","20280000","Robin Mingo","President","","60900","D","Denbury Resources Inc","randy@denbury.com","71683 Riverside Dr","Covington","LA","70433","9858931314","9858931530","131101","Oil & Gas Producers","NULL","0","0"
"Peter A Mayer Advertising","5045817191","324 Camp St","New Orleans","15800000","Mark Mayer","President","Mal","60950","P","Peter A Mayer Advertising","MarkMayer@peteramayer.com","324 Camp St","New Orleans","LA","70130","5045813009","5045817191","731101","Advertising-Agencies & Counselors","NULL","0","0"
"Savoie Sausage Kitchen & Groc","3379484115","1742 Highway 742","Opelousas","12075000","Eula Savoie","Owner","Fem","61322","S","Savoie Sausage Kitchen & Groc","Eula@realcajun.com","1742 Highway 742","Opelousas","LA","70570","3379489571","3379484115","542108","Sausages","NULL","0","0"
"Petrex Inc","5043412700","2465 Destrehan Ave","Harvey","12420000","Brian Lacour","Owner","Mal","61614","P","Petrex Inc","lhood@petrex.com","2465 Destrehan Ave","Harvey","LA","70058","5043412727","5043412700","353301","Oil Field Equipment-Manufacturers","www.petrex.com","0","0"
"Cross Electric","9858511047","1116 Bayou Lacarpe Rd","Houma","18480000","Tommy Thompson","Owner","Mal","61962","C","Cross Electric","Tommy@thecrossgroup.com","1116 Bayou Lacarpe Rd","Houma","LA","70363","NULL","9858511047","491101","Electric Companies","NULL","0","0"
"Braud Co Welding & Ind Supply","2256733370","9436 Highway 75","Geismar","11968000","Randy Braud","Owner","Mal","62316","B","Braud Co Welding & Ind Supply","Randy-Braud@braudco.com","9436 Highway 75","Geismar","LA","70734","2256735703","2256733370","508435","Welding Equipment & Supplies (Wholesale)","NULL","0","0"
"Flanagan Instruments Inc","9856263786","633 Village Ln N","Mandeville","15548000","Flagg Flanagan","Owner","Mal","62449","F","Flanagan Instruments Inc","flagg@flanagan.com","633 Village Ln N","Mandeville","LA","70471","9856263934","9856263786","504712","Hospital Equipment & Supplies (Whol)","NULL","0","0"
"Briggs Equipment","5047335640","221 Research Dr","New Orleans","23310000","Chuck Mathews","Manager","Mal","63094","B","Briggs Equipment","briggs@briggs.com","221 Research Dr","New Orleans","LA","70123","8059331111","5047335640","508206","Contractors-Equip/Supls-Dlrs/Svc (Whol)","www.briggs.com","0","0"
"Kilpatrick Life Insurance Co","3184241274","1801 Marshall St","Shreveport","21250000","Virginia Shehee","Owner","Fem","63139","K","Kilpatrick Life Insurance Co","crystal@klic.com","1801 Marshall St","Shreveport","LA","71101","3182220571","3184241274","631102","Insurance-Burial","www.klic.com","0","0"
"Metier","3184457036","75 Wadley St","Pineville","15200000","Mickey Agee","President","Mal","63221","M","Metier","Mickey@metier.com","75 Wadley St","Pineville","LA","71360","3184874482","3184457036","259901","Furniture-Manufacturers","NULL","0","0"
"Quality Truss","3182555959","139 Ups Rd","Ruston","19062000","Gerald Rugg","President","Mal","63611","Q","Quality Truss","Gerald@qualitytruss.com","139 Ups Rd","Ruston","LA","71270","3182559332","3182555959","503108","Timber & Timberland Companies (Whol)","NULL","0","0"
"Bayou Plastics Inc","3183962688","901 Industrial Pkwy","West Monroe","10510000","Russell Poole","Owner","Mal","63888","B","Bayou Plastics Inc","joy@bayouplastics.com","901 Industrial Pkwy","West Monroe","LA","71291","3183962959","3183962688","516202","Plastics-Products-Finished-Wholesale","www.bayouplastics.com","0","0"
"Honda Of Lafayette","3372346632","1708 N University Ave","Lafayette","13240000","Mike Roberts","Manager","Mal","64368","H","Honda Of Lafayette","myles@hondaoflafayette.com","1708 N University Ave","Lafayette","LA","70507","3372358950","3372346632","557106","Motorcycles & Motor Scooters-Dealers","www.hondaoflafayette.com","0","0"
"Southland Fire & Safety Equip","2256213473","1918 S Southland Ave","Gonzales","12802000","Nicky Prejean","Owner","Mal","65834","S","Southland Fire & Safety Equip","PrejeanN@southlandfire.com","1918 S Southland Ave","Gonzales","LA","70737","2256213490","2256213473","508752","Fire Department Equipment & Supls (Whol)","NULL","0","0"
"South Coast Paper","9855421759","835 Pride Dr","Hammond","11637000","Kenneth Loyd","President","Mal","66501","S","South Coast Paper","kloyd@southcoastpaper.com","835 Pride Dr","Hammond","LA","70401","9855429716","9855421759","262101","Paper-Manufacturers","NULL","0","0"
"Consulting & Safety Specs","9854471700","934 Lefort Bypass Rd","Thibodaux","18880000","Keith Benoit","Owner","Mal","66518","C","Consulting & Safety Specs","Benoit@safetytrainingacademy.com","934 Lefort Bypass Rd","Thibodaux","LA","70301","9854472777","9854471700","509903","Fire Extinguishers (Wholesale)","NULL","0","0"
"Golden Funeral Home","3184280011","216 E Madison Ave","Bastrop","11050000","Gene Roberts","Owner","Mal","66544","G","Golden Funeral Home","GeneR@goldenfh.com","216 E Madison Ave","Bastrop","LA","71220","NULL","3184280011","631102","Insurance-Burial","NULL","0","0"
"John N John Truck Lines","3377833394","1213 W 2nd St","Crowley","14949000","","","","67145","J","John N John Truck Lines","dispatch@johnnjohn.com","1213 W 2nd St","Crowley","LA","70526","3377837607","3377833394","421307","Trucking-Heavy Hauling","www.johnnjohn.com","0","0"
"Carr Stone & Tile Inc","5048358453","3200 Andover St","Jefferson","24000000","John Carr","President","Mal","67919","C","Carr Stone & Tile Inc","John.Carr@digitalcity.com","3200 Andover St","Jefferson","LA","70121","5048284999","5048358453","503202","Marble-Natural (Wholesale)","NULL","0","0"
"Bail Sco Blades & Castings","3188612137","9500 Paxton Rd","Shreveport","10268000","Jim Haynes","President","Mal","68100","B","Bail Sco Blades & Castings","J_Haynes@bailsco.com","9500 Paxton Rd","Shreveport","LA","71106","3188612953","3188612137","336501","Foundries-Aluminum Brass Bronze & Etc","NULL","0","0"
"Petro-Chem Equipment Co","2252928400","4338 S Jeffrey Dr","Baton Rouge","11011000","Kevin Turner","Owner","Mal","68394","P","Petro-Chem Equipment Co","janett@petrochemequipment.com","4338 S Jeffrey Dr","Baton Rouge","LA","70816","2252911033","2252928400","516928","Chemical Plant-Equipment & Supls (Whol)","www.petrochemequipment.com","0","0"
"Dash Lumber","5042413555","9100 Chef Menteur Hwy","New Orleans","10320000","Michael Diecidue","President","Mal","68491","D","Dash Lumber","Diecidue@dashlumber.com","9100 Chef Menteur Hwy","New Orleans","LA","70127","5042410256","5042413555","521142","Lumber-Retail","NULL","0","0"
"Plush Appeal","5044826100","2812 Toulouse St","New Orleans","14480000","Daryl Fletchinger","Owner","Mal","68797","P","Plush Appeal","dbergeron@plushappeal.com","2812 Toulouse St","New Orleans","LA","70119","5044827167","5044826100","509209","Toys-Wholesale","www.plushappeal.com","0","0"
"Austin Fire Equip","2256779850","38027 Post Office Rd","Prairieville","11844000","Russell Ritchie","Owner","Mal","69121","A","Austin Fire Equip","russell@stopfire.com","38027 Post Office Rd","Prairieville","LA","70769","2256775104","2256779850","506324","Burglar Alarm Systems (Wholesale)","www.stopfire.com","0","0"
"Dunham Price Group","3374333900","210 Mike Hooks Rd","Westlake","24200000","Rob Price","Owner","Mal","69190","D","Dunham Price Group","Price@dunhamprice.com","PO Box 760","Westlake","LA","70669","3374338895","3374333900","327301","Ready-Mixed Concrete-Manufacturers","NULL","0","0"
"Arrow Aviation","3373644357","1318 Smede Hwy","Broussard","10770000","Cyril Guidry","Owner","Mal","69229","A","Arrow Aviation","Cyril@arrowaviationco.com","1318 Smede Hwy","Broussard","LA","70518","3373644186","3373644357","559910","Helicopter-Dealers","NULL","0","0"
"Mc Call's Boat Rentals","3377755485","432 Marshall St","Cameron","16800000","Norman Mc Call","Manager","Mal","69387","M","Mc Call's Boat Rentals","mariodv@wn.com","432 Marshall St","Cameron","LA","70631","3377757025","3377755485","799913","Boats","www.seacor.com","0","0"
"Berg Service","3188657516","531 W 61st St","Shreveport","10950000","Bob Hamm","Owner","Mal","69970","B","Berg Service","Bob.Hamm@bergind.com","531 W 61st St","Shreveport","LA","71106","3188616765","3188657516","171105","Plumbing Contractors","NULL","0","0"
"Advanced Office Systems","2257527700","11434 Industriplex Blvd","Baton Rouge","19980000","Paul Pokorney","Owner","Mal","71430","A","Advanced Office Systems","Pokorney@aosi.us","11434 Industriplex Blvd","Baton Rouge","LA","70809","2257527414","2257527700","504403","Copying & Duplicating Machines & Supls","NULL","0","0"
"Morris P Hebert Inc","9858792731","283 Corporate Dr","Houma","10560000","Morris P Hebert","Owner","Mal","72269","M","Morris P Hebert Inc","mcapello@mphinc.com","283 Corporate Dr","Houma","LA","70360","9858769052","9858792731","873111","Environmental & Ecological Services","www.mphinc.com","0","0"
"Foundry","5045291583","333 Saint Joseph St","New Orleans","10050000","Horst Pfeifer","Owner","Mal","72721","F","Foundry","HorstPfeifer@foundryinc.com","333 Saint Joseph St","New Orleans","LA","70130","5045224858","5045291583","599940","Wedding Supplies & Services","NULL","0","0"
"Dixie Mill Inc","5045256101","901 Tchoupitoulas St","New Orleans","21760000","Richard Cahn","President","Mal","72753","D","Dixie Mill Inc","richard.cahn@dixiemill.com","901 Tchoupitoulas St","New Orleans","LA","70130","5045253089","5045256101","508425","Machine Tools (Wholesale)","NULL","0","0"
"GRAND Isle Shipyard","5046898454","4002 Jean Lafitte Blvd","Lafitte","21000000","Mark Pregant","President","Mal","72985","G","GRAND Isle Shipyard","PregantM@louisianafishing.com","4002 Jean Lafitte Blvd","Lafitte","LA","70067","5046892946","5046898454","353301","Oil Field Equipment-Manufacturers","NULL","0","0"
"Furnace & Tube Svc","2256214500","13130 Highway 44","Gonzales","11680000","Lonnie Maulden","Owner","Mal","73071","F","Furnace & Tube Svc","fts@furnaceandtube.com","13130 Highway 44","Gonzales","LA","70737","2256214511","2256214500","171102","Heating Contractors","www.furnaceandtube.com","0","0"
"Poly Corr Inc","3183227117","2201 Forsythe Ave","Monroe","11561000","Nelson Abell Iii","Owner","Mal","73717","P","Poly Corr Inc","pam@polycorr.com","2201 Forsythe Ave","Monroe","LA","71201","3183229600","3183227117","516202","Plastics-Products-Finished-Wholesale","www.polycorr.com","0","0"
"R J Tricon Co","5045223891","755 Tchoupitoulas St","New Orleans","10880000","Eric Groh","President","Mal","74180","R","R J Tricon Co","james.blakeney@rjtricon.com","755 Tchoupitoulas St","New Orleans","LA","70130","5045223894","5045223891","508410","Conveyors & Conveying Equipment (Whol)","www.rjtricon.com","0","0"
"CDI Engineering Solutions","2252974600","2900 Westfork Dr # 100","Baton Rouge","15800000","Paul Hough","VP","Mal","74756","C","CDI Engineering Solutions","vince.webb@cdicorp.com","2900 Westfork Dr # 100","Baton Rouge","LA","70827","4076481641","2252974600","871111","Engineers-Consulting","www.cdicorp.com","0","0"
"Red Stick Armature Works","2256350443","4110 Us Highway 61","St Francisville","21056000","Carey Howard","Owner","Mal","74885","R","Red Stick Armature Works","Carey-Howard@redstickarmature.com","PO Box 310","St Francisville","LA","70775","2256355918","2256350443","506333","Electric Motors-Dlrs/Repairing (Whol)","NULL","0","0"
"Garrity Printing","5047339654","109 Research Dr","New Orleans","10640000","Pat Garrity","Owner","Mal","75631","T","TK Travel","stevet@garrityprinting.com","109 Research Drive","NEW ORLEANS","LA","70123","5047339654","5047338506","4724","Travel agents","GARRITYPRINTING.COM","0","0"
"Bridge Foods","5042549770","13020 Carrere Ct","New Orleans","19320000","Henry Chigbu","Owner","Mal","76069","B","Bridge Foods","bridge@ashantifoods.com","13020 Carrere Ct","New Orleans","LA","70129","5042541616","5042549770","209904","Garlic (Manufacturers)","NULL","0","0"
"Bayou Electric Inc","3373651478","1601 S Hopkins St","New Iberia","16450000","Louis Drouant","Owner","Mal","76130","B","Bayou Electric Inc","louis@bayouelectric.net","1601 S Hopkins St","New Iberia","LA","70560","3373676337","3373651478","506330","Electric Equipment & Supplies-Wholesale","NULL","0","0"
"Berry Brothers General Contrs","9853848770","1414 River Rd","Berwick","18000000","Joe Berry","President","Mal","76518","B","Berry Brothers General Contrs","JoeB@bbgci.com","1414 River Rd","Berwick","LA","70342","9853848779","9853848770","138101","Contractors-Oil Field","NULL","0","0"
"Blanchard & Co","5048373010","909 Poydras St # 150","New Orleans","12480000","Donald Doyle","CEO","Mal","76757","B","Blanchard & Co","beru@blanchardgold.com","909 Poydras St # 150","New Orleans","LA","70112","5045813617","5048373010","594411","Gold Silver & Platinum-Dealers","www.blanchardonline.com","0","0"
"Bill Whittle & Assoc","2252931484","3636 S Sherwood Forest Blvd","Baton Rouge","16560000","Bill Whittle","Owner","Mal","77323","B","Bill Whittle & Assoc","Whittle-Bill@primerica.com","3636 S Sherwood Forest Blvd","Baton Rouge","LA","70816","2252950385","2252931484","641109","Insurance-Life (Agents)","NULL","0","0"
"New Orleans Hornets","5043014000","1501 Girod St","New Orleans","12600000","George Shinn","CEO","Mal","77365","N","New Orleans Hornets","tspero@nba.com","NULL","New Orleans","LA","70113","NULL","504-301-4000","799973","Ticket Service","NULL","0","0"
"Cal Dive Intl Inc","3372328714","3209 Moss St","Lafayette","17589000","Steve Brazda","President","Mal","77415","C","Cal Dive Intl Inc","a.pursell@caldive.com","3209 Moss St","Lafayette","LA","70507","3372349831","3372328714","138999","Oil & Gas-Field Services Nec","NULL","0","0"
"Diamond Security & Comms","3183220880","110 Breard St","Monroe","11844000","Paul Fontenot","Owner","Mal","78174","D","Diamond Security & Comms","Paul@diamondsecurity.biz","110 Breard St","Monroe","LA","71201","3183223228","3183220880","506324","Burglar Alarm Systems (Wholesale)","NULL","0","0"
"Seal Craft Mfg","3184244486","1207 Airport Dr","Shreveport","10560000","Ray Van Ness","President","Mal","78370","S","Seal Craft Mfg","darylk@seal-craft.com","1207 Airport Dr","Shreveport","LA","71107","3182217685","3184244486","344202","Windows-Manufacturers","www.seal-craft.com","0","0"
"Patrick Fabricating & Welding","9858679805","22216 Prats Dairy Rd","Abita Springs","10950000","Cedric Bridges","Owner","Mal","78435","P","Patrick Fabricating & Welding","Bridges-Cedric@design-engine.com","22216 Prats Dairy Rd","Abita Springs","LA","70420","9858679600","9858679805","344106","Steel-Structural (Manufacturers)","NULL","0","0"
"Biosyn Inc","5047345797","5700 Citrus Blvd # B","New Orleans","12450000","Don Owen","President","Mal","78546","B","Biosyn Inc","don.owen@biosyn-inc.com","5700 Citrus Blvd # B","New Orleans","LA","70123","5047347332","5047345797","284405","Cosmetics-Manufacturers","NULL","0","0"
"ADS Systems","5044710917","2816 Kingston St # C","Kenner","16450000","Del Fernadez","President","Mal","78838","A","ADS Systems","Del_Fernadez@pomeroy.com","2816 Kingston St # C","Kenner","LA","70062","5044710924","5044710917","506308","Fire Alarm Systems (Wholesale)","NULL","0","0"
"Riceland Foods Inc","3377833372","613 W Mill St","Crowley","24240000","Al Dore","Manager","Mal","79011","R","Riceland Foods Inc","jruff@riceland.com","613 W Mill St","Crowley","LA","70526","3377833670","3377833372","204401","Rice Mills","www.riceland.com","0","0"
"Sesco","3184457176","3140 Baldwin Ave","Alexandria","13160000","Larry Stickell","Owner","Mal","79072","S","Sesco","Stickell@sesco1.com","3140 Baldwin Ave","Alexandria","LA","71301","3184876906","3184457176","506330","Electric Equipment & Supplies-Wholesale","NULL","0","0"
"KSHV","3186314545","3519 Jewella Ave","Shreveport","15800000","Mark Cummings","Manager","Mal","80126","K","KSHV","michaelh@kshv.com","3519 Jewella Ave","Shreveport","LA","71109","3186314195","3186314545","483301","Television Stations & Broadcasting CO","www.kmsstv.com","0","0"
"Etheredge Electric Co","3186885351","6719 Woolworth Rd","Shreveport","10368000","Mike Etheredge","Owner","Mal","80489","E","Etheredge Electric Co","metheredge@eecmotor.com","6719 Woolworth Rd","Shreveport","LA","71129","3186879064","3186885351","362102","Electric Motors-Manufacturers","www.eecmotor.com","0","0"
"Moran Printing Inc","2259232550","5425 Florida Blvd","Baton Rouge","11400000","M Moran","Owner","Mal","80814","M","Moran Printing Inc","Nicky.Taylor@emprint.com","5425 Florida Blvd","Baton Rouge","LA","70806","2259231078","2259232550","275202","Printers","NULL","0","0"
"H & E Equipment Svc","3184437173","3302 Industrial St","Alexandria","17316000","C J Nichols","Manager","Mal","81156","H","H & E Equipment Svc","aperez@icmeq.com","3302 Industrial St","Alexandria","LA","71302","8136359459","3184437173","508206","Contractors-Equip/Supls-Dlrs/Svc (Whol)","www.he-equipment.com","0","0"
"CEI","2256671707","11298 Florida Blvd","Walker","11175000","George Lockhart","Owner","Mal","81848","C","CEI","George_Lockhart@cosmeticessence.com","11298 Florida Blvd","Walker","LA","70785","2256656335","2256671707","473101","Transportation Consultants","NULL","0","0"
"Litton Marine Systems","5043289171","1865 Industrial Blvd","Harvey","21580000","John Dufrene","Manager","Mal","81945","L","Litton Marine Systems","Rodney.Williams@litton.com","1865 Industrial Blvd","Harvey","LA","70058","5043289855","504-328-9171","3812","Search","Detection","0","0"
"VIP Boats","3183753241","680 S Pardue St","Vivian","11700000","William Parker","President","Mal","82066","V","VIP Boats","William@baystealth.com","PO Box 232","Vivian","LA","71082","3183754619","3183753241","373201","Boats-Manufacturers","NULL","0","0"
"Averitt Express Inc","5044679535","125 Widgeon St","Lake Charles","12080000","Rick Mc Mullen","Manager","Mal","82191","A","Averitt Express Inc","ltl@averittexpress.com","125 Widgeon St","Lake Charles","LA","70615","6153607074","5044679535","421309","Trucking-Motor Freight","www.averittexpress.com","0","0"
"A & A Enterprises","5044682527","84 23rd St","Kenner","10880000","Gail Albaral","Owner","Fem","82331","A","A & A Enterprises","Gail@metalfinishinggroup.com","84 23rd St","Kenner","LA","70062","5044682734","5044682527","508499","Misc Indstrl Equip & Supls Nec (Whol)","NULL","0","0"
"Universal Sodhexo N America","5047335761","5749 Susitna Dr","Harahan","21450000","Patrick Fleming","Plant Mgr","Mal","82373","U","Universal Sodhexo N America","contact1@sodexhoalliance.com","5749 Susitna Dr","Harahan","LA","70123","8282981547","5047335761","138905","Oil Field Service","www.sodexho.com","0","0"
"ABMB Engineers Inc","2257657400","500 Main St","Baton Rouge","11060000","Mike Mc Gaugh","Manager","Mal","83175","A","ABMB Engineers Inc","bverret@abmb.com","500 Main St","Baton Rouge","LA","70801","2257657244","2257657400","871137","Engineers-Structural","www.abmb.com","0","0"
"Grady Crawford Construction Co","2252757334","12290 Greenwell Springs Rd","Baton Rouge","12800000","Grady Crawford","Owner","Mal","83556","Y","Yourjewelrycatalog.com;","jjohnson@gradycrawford.com","12290 Greenwell Springs Road","Baton Rouge","LA","70814","2252757334","null","594409","Jewelers","null","0","0"
"Gcr & Assoc","5043042500","2021 Lakeshore Dr # 500","New Orleans","11060000","Greg Rigamer","Owner","Mal","83770","G","Gcr & Assoc","R-Greg@gcr1.com","2021 Lakeshore Dr # 500","New Orleans","LA","70122","5043042525","5043042500","871111","Engineers-Consulting","NULL","0","0"
"RGPC","5042470300","2727 Prytania St","New Orleans","10100000","Richard Mc Carhy","Owner","Mal","83784","R","RGPC","Richard@richardgraypowercompany.com","2727 Prytania St","New Orleans","LA","70130","NULL","5042470300","506519","Electronic Equipment & Supplies-Whol","NULL","0","0"
"Gulf Coast Office Products Inc","5047333830","5801 River Oaks Rd S","Harahan","12987000","Bob Walsh","Owner","Mal","84584","G","Gulf Coast Office Products Inc","infono@gcopnet.com","5801 River Oaks Rd S","Harahan","LA","70123","5047333840","5047333830","504403","Copying & Duplicating Machines & Supls","www.gcopnet.com","0","0"
"Entergy Operations Svc Inc","5044655660","120 Mallard St # 300","St Rose","13400000","Matthew Saacks","Executive Director","Mal","84779","E","Entergy Operations Svc Inc","esmith4@entergy.com","120 Mallard St # 300","St Rose","LA","70087","5044655666","5044655660","491101","Electric Companies","www.entergy.com","0","0"
"Dolese Brothers Co","2259295060","8806 S Choctaw Dr","Baton Rouge","18150000","Rod Osburn","Manager","Mal","84807","D","Dolese Brothers Co","shuff@mmcmaterials.com","8806 S Choctaw Dr","Baton Rouge","LA","70815","6018984030","2259295060","327301","Ready-Mixed Concrete-Manufacturers","www.mmcmaterials.com","0","0"
"Newton & Assoc","5044699545","3001 Division St","Metairie","24490000","William Newton","Owner","Mal","84925","N","Newton & Assoc","jimmcdermott@newton-associates.com","3001 Division St","Metairie","LA","70002","5044710948","5044699545","732201","Collection Agencies","www.newton-associates.com","0","0"
"Api Control System Solutions","3378969090","218 Hector Connoly Rd","Carencro","15130000","Zach Dominique","Owner","Mal","85516","A","Api Control System Solutions","DominiqueZach@american-pneumatics.com","218 Hector Connoly Rd","Carencro","LA","70520","3378969004","3378969090","382204","Controls Control Systems/Regulators-Mfrs","NULL","0","0"
"Recycling Services","3184438974","2426 Broadway Ave","Alexandria","21950000","Ken Moran","Owner","Mal","86129","R","Recycling Services","K.M@allshredservices.com","2510 Broadway Ave","Alexandria","LA","71302","NULL","3184734441","509312","Recycling Centers (Wholesale)","NULL","0","0"
"Cash Register Sales","5048882090","3020 N Arnoult Rd","Metairie","11655000","Frank Heavey","Owner","Mal","86256","C","Cash Register Sales","F.Heavey@crs-usa.com","3020 N Arnoult Rd","Metairie","LA","70002","5048850778","5048882090","504412","Cash Registers & Supplies (Wholesale)","NULL","0","0"
"Bath Business Svc","3182217141","610 Market St","Shreveport","17130000","Keith Todaro","Owner","Mal","86307","B","Bath Business Svc","KeithTodaro@cheaperofficesupplies.com","610 Market St","Shreveport","LA","71101","3184257117","3182217141","502112","Office Furniture & Equip-Dealers (Whol)","NULL","0","0"
"Gulf Marine & Ind Supplies Inc","5045256252","401 Saint Joseph St","New Orleans","14600000","Steve Cotsoradis","Owner","Mal","87302","G","Gulf Marine & Ind Supplies Inc","texas.service@gulfmarine.net","401 Saint Joseph St","New Orleans","LA","70130","5045254761","5045256252","509905","Importers","www.gulfmarine.net","0","0"
"Nolan Power Group","5047334300","6141 River Rd","Harahan","21714000","Bobby Nolan","Owner","Mal","87334","N","Nolan Power Group","bobby.nolan@nolanpower.com","6141 River Rd","Harahan","LA","70123","5047332650","5047334300","506325","Batteries-Storage-Wholesale","www.nolanpower.com","0","0"
"Armstrong Relocation","2252755260","11557 Darryl Dr","Baton Rouge","11875000","Matt Evans","President","Mal","87352","A","Armstrong Relocation","Matt@armstrongrelocation.com","11557 Darryl Dr","Baton Rouge","LA","70815","2252754773","2252755260","421401","Movers","NULL","0","0"
"Hotard Coaches Inc","5045691401","2838 Touro St","New Orleans","15000000","Eva Hotard","President","Fem","87477","H","Hotard Coaches Inc","aggie@hotard.com","2838 Touro St","New Orleans","LA","70122","2283548408","5045691401","414201","Buses-Charter & Rental","www.hotard.com","0","0"
"Inland Seafood Inc","5048214500","2527 Perdido St","New Orleans","18810000","Eddie Cochran","Manager","Mal","87497","I","Inland Seafood Inc","retailsales@inlandseafood.com","2527 Perdido St","New Orleans","LA","70119","4043505855","5048214500","514601","Seafood-Wholesale","www.inlandseafood.com","0","0"
"A-1 Glass Svc Inc","9858925312","1247 N Collins Blvd","Covington","10653000","William Mayfield","Owner","Mal","87937","A","A-1 Glass Svc Inc","a1glass@a1glass.com","1247 N Collins Blvd","Covington","LA","70433","9858925316","9858925312","523110","Glass-Auto Plate & Window & Etc","www.a1glass.com","0","0"
"Superior Steel Inc","2252757040","10757 N Dual Dr","Baton Rouge","17520000","Joseph E Easley","President","Mal","88218","S","Superior Steel Inc","aaronbrown@superiorsteelinc.com","10757 N Dual Dr","Baton Rouge","LA","70814","2252757044","2252757040","344106","Steel-Structural (Manufacturers)","www.superiorsteelinc.com","0","0"
"Woolf-Harris Inc","5047338733","925 Sams Ave","Harahan","18880000","Martin Sharp","Owner","Mal","88398","W","Woolf-Harris Inc","jverrett@woolfharris.com","925 Sams Ave","Harahan","LA","70123","5047334980","5047338733","509908","Manufacturers-Agents & Representatives","www.woolfharris.com","0","0"
"Ruffin Building Systems","3184282305","6914 Highway 2","Oak Grove","21300000","Shelton Ruffin","President","Mal","89104","R","Ruffin Building Systems","Ruffin.Shelton@ruffinbuildingsystems.com","6914 Highway 2","Oak Grove","LA","71263","3184288360","3184282305","344898","Prefabricated Metal Buildings (Mfrs)","NULL","0","0"
"Southern Refrigeration","9857582326","132 Bayou Estates Dr S","Des Allemands","14160000","Derryl Walls","Owner","Mal","89316","S","Southern Refrigeration","DerrylW@southernrefcorp.com","132 Bayou Estates Dr S","Des Allemands","LA","70030","NULL","9857582326","509901","Exporters","NULL","0","0"
"Wilco Marsh Buggies Inc","5043413409","1304 Macarthur Ave","Harvey","10010000","John Wilson Sr","President","Mal","89879","W","Wilco Marsh Buggies Inc","rwilson@wilcomarshbuggies.com","1304 Macarthur Ave","Harvey","LA","70058","5043418487","5043413409","138905","Oil Field Service","www.wilcomarshbuggies.com","0","0"
"Baker Tanks","2256734955","35173 Highway 30","Geismar","12835000","Mark Tims","Manager","Mal","90440","B","Baker Tanks","dhaas@bakertanks.com","35173 Highway 30","Geismar","LA","70734","2518652035","2256734955","508806","Tanks-Metal (Wholesale)","www.bakertanks.com","0","0"
"Dedicated Transportation","3379480046","9277 Highway 182 # A","Opelousas","10570000","Ben Hogan","Owner","Mal","90616","D","Dedicated Transportation","Ben.Hogan@dedicatedtrans.biz","9277 Highway 182 # A","Opelousas","LA","70570","3379480049","3379480046","421303","Trucking-Transportation Brokers","NULL","0","0"
"Halgo Inc","3182210122","631 Airport Dr","Shreveport","23600000","Ron Goodman","Owner","Mal","90668","H","Halgo Inc","reggie.porter@halgo.com","631 Airport Dr","Shreveport","LA","71107","3184252943","3182210122","509908","Manufacturers-Agents & Representatives","www.halgo.com","0","0"
"Swift Transportation Walmart","9853408011","45238 Parkway Blvd","Hammond","16640000","","","","91175","S","Swift Transportation Walmart","swiftsolutions@swifttrans.com","45238 Parkway Blvd","Hammond","LA","70401","9088222010","9853408011","478977","Transportation","www.swifttrans.com","0","0"
"United Scaffolding Inc","2257741480","16073 Airline Hwy","Baton Rouge","12400000","Mike Hood","Owner","Mal","91229","U","United Scaffolding Inc","mark.brown@unitedscaffold.com","16073 Airline Hwy","Baton Rouge","LA","70817","8172953382","2257741480","508206","Contractors-Equip/Supls-Dlrs/Svc (Whol)","www.unitedscaffold.com","0","0"
"Industrial Electric Motor Svc","2257562229","13930 Airline Hwy","Baton Rouge","15120000","Archie Shaw","Owner","Mal","91247","I","Industrial Electric Motor Svc","manager@iemsbr.com","13930 Airline Hwy","Baton Rouge","LA","70817","2257562997","2257562229","362102","Electric Motors-Manufacturers","www.iemsbr.com","0","0"
"Wgno","5045253838","1400 Poydras St","New Orleans","16432000","Larry Delia","Manager","Mal","91380","W","WGNO (ABC-26)","abc26news@tribune.com","1400 Poydras St","New Orleans","LA","70112","5045253838","5046196332","483301","Television Stations & Broadcasting Co","abc26.trb.com","0","0"
"USA Auto Truck Stop","3186442673","985 Highway 80 E","Calhoun","12000000","Richard Mc Nair","Owner","Mal","91460","U","USA TRUCK REPAIR","bobby@usatruckrepair.com","PO BOX 156  CALHOUN","CALHOUN","LA","71225","3186442673","null","421304","Trucking","usatruckrepair.com","0","0"
"Lake Charles Rubber & Gasket","3374331002","930 3rd Ave","Lake Charles","17100000","Bryan Vincent","Manager","Mal","91605","L","Lake Charles Rubber & Gasket","shaymon@lakecharlesrubber.com","930 3rd Ave","Lake Charles","LA","70601","3374368289","3374331002","508548","Rubber Products-Wholesale","www.lakecharlesrubber.com","0","0"
"Elderwood Preserving Co","3189642196","334 Elderwood Rd","Mansura","18000000","Joe Elder Jr","Owner","Mal","91657","E","Elderwood Preserving Co","ggagnard@elderwoodpreserving.com","334 Elderwood Rd","Mansura","LA","71350","3189645276","3189642196","249101","Lumber-Treating","www.elderwoodpreserving.com","0","0"
"US Liquids Of Louisiana","3378243194","11079 Triangle Shell Rd","Jennings","12012000","Tiffany Thenussen","Manager","Fem","91669","U","Us Liquids Of Louisiana","bobbyp@uslla.com","11031 Campbell Wells Rd","Jennings","LA","70546","3378248593","3378247340","138905","Oil Field Service","www.uslla.com","0","0"
"Point Eight Power Inc","5043946100","1510 Engineers Rd","Belle Chasse","14000000","Brett Reagan","President","Mal","91715","P","Point Eight Power","doelld@point8.com","1510 ENGINEERS ROAD","BELLE CHASSE","LA","70037","5043946100","5043946686","491101","ELECTRIC COMPANIES","POINT8.COM","0","0"
"Brentwood","3186787500","1006 Highland Ave","Shreveport","22761000","J Paul Smith","CEO","Mal","91822","B","Brentwood","JS@brentw.com","1006 Highland Ave","Shreveport","LA","71101","3182279296","3186787500","806301","Mental Health Services","NULL","0","0"
"Crossroads Regional Hospital","3184455111","110 Eskew Dr","Alexandria","11745000","Michael Geissler","CEO","Mal","91979","C","Crossroads Regional Hospital","eyoung@crossroadsregional.com","110 Eskew Dr","Alexandria","LA","71303","3184422261","3184455111","806301","Mental Health Services","NULL","0","0"
"Marque's Food Dist Inc","5043663745","700 Brown Ave","Harvey","17055000","Bill Marque","Owner","Mal","92173","M","MODERN SALES","karen@marquesfood.com","2401 8th St","HARVEY","LA","70058","5043663745","null","5411","Food products","MARQUESFOOD.COM","0","0"
"Hendrix Manufacturing Co","3188721660","816 Jenkins St","Mansfield","10000000","G B Hall Iii","President","Mal","92223","H","Hendrix Manufacturing Co","alex@hendrixmfg.com","PO Box 919","Mansfield","LA","71052","3188721508","3188721660","353201","Mining Equipment & Supplies-Mfrs","NULL","0","0"
"Caraustar Industrial & Cnsmr","3377867985","1705 W 4th St","Dequincy","12267000","Jack Gilbert","Manager","Mal","92254","C","Caraustar Industrial & Cnsmr","jim.mathis@caraustar.com","1705 W 4th St","Dequincy","LA","70633","9376635978","3377867985","265507","Paper Tubes & Cores-Manufacturers","www.caraustar.com","0","0"
"Machine Specialty & Mfg Inc","3378370020","215 Rousseau Rd","Youngsville","19320000","Andrew Vige","President","Mal","92368","M","Machine Specialty & Mfg Inc","wdugas@machine-spec.com","215 Rousseau Rd","Youngsville","LA","70592","3378370062","3378370020","353301","Oil Field Equipment-Manufacturers","www.machine-specialty.com","0","0"
"Superior Supply & Steel","3376252300","318 S Cities Service Hwy","Sulphur","20200000","Steve Mitchell","Owner","Mal","92400","S","Superior Supply & Steel","clarocca@supstl.com","318 S Cities Service Hwy","Sulphur","LA","70663","3376258509","3376252300","349402","Pipe Fittings-Manufacturers","www.supstl.com","0","0"
"Tuboscope","9856311900","1844 Highway 662","Amelia","15760000","Buddy Hotard","CEO","Mal","92407","T","Tuboscope","ttaylor@tuboscope.com","PO Box 859","Amelia","LA","70340","9856312642","9856311900","347901","Pipe Lining & Coating (Manufacturers)","NULL","0","0"
"Briggs Equipment","2259269206","7954 Airline Hwy","Baton Rouge","15984000","Guy Luneau","Manager","Mal","92485","B","Briggs Equipment","beinfo41@briggsequipment.com","7954 Airline Hwy","Baton Rouge","LA","70815","4098406060","2259269206","508206","Contractors-Equip/Supls-Dlrs/Svc (Whol)","www.briggsequipment.com","0","0"
"Universal Coil Mfr","5043678880","501 Bark St","Harvey","16160000","Chris Murray","President","Mal","92594","U","Universal Coil Mfr","chris@universalcoil.com","501 Bark St","Harvey","LA","70058","5043678960","5043678880","506520","Coils-Electric (Wholesale)","www.universalcoil.com","0","0"
"Louisiana Special Systems","2257557751","8676 Goodwood Blvd # 502","Baton Rouge","13160000","Kelly Mayeaux","Owner","Mal","92671","L","Louisiana Special Systems","custsvc@labsafety.com","8676 Goodwood Blvd # 502","Baton Rouge","LA","70806","2257557751","2257557751","506308","Fire Alarm Systems (Wholesale)","www.lss.com","0","0"
"Gulf Crane Svc","9858920056","73413 Bollfield Dr","Covington","11580000","Charlie Bollinger","Owner","Mal","92776","G","Gulf Crane Svc","maritza@gulfcraneservices.com","73413 Bollfield Dr","Covington","LA","70435","9858924061","9858920056","351103","Hydraulic Equipment-Manufacturers","www.gulfcraneservices.com","0","0"
"Certified Security Systems","5048322295","3016 Galleria Dr","Metairie","23030000","Hansen Koch","President","Mal","92783","C","Certified Security Systems","KochH@certified-security.com","3016 Galleria Dr","Metairie","LA","70001","5048322272","5048322295","506324","Burglar Alarm Systems (Wholesale)","NULL","0","0"
"Southern Technology & Svc","9858515474","1644 Coteau Rd","Houma","19044000","Mark Bunn","Owner","Mal","92820","S","Southern Technology & Svc","Mark.Bunn@jacking.com","1644 Coteau Rd","Houma","LA","70364","9858680040","9858515474","353301","Oil Field Equipment-Manufacturers","NULL","0","0"
"KSTE","5046797300","929 Howard Ave # 2","New Orleans","22000000","Muriel Funches","Manager","Fem","92839","K","KSTE","legaldepartment-sanantonio@clearchannel.com","929 Howard Ave # 2","New Orleans","LA","70113","2514500100","5046797300","483201","Radio Stations & Broadcasting Companies","www.clearchannel.com","0","0"
"Tango Transport","3189325792","6009 Financial Plz","Shreveport","15100000","Robert Gorman","Owner","Mal","92885","T","Tango Transport","Gorman@tangotransport.com","6009 Financial Plz","Shreveport","LA","71129","NULL","3189325792","421309","Trucking-Motor Freight","NULL","0","0"
"Asbury Louisiana Inc","3377865905","2564 Highway 12","Dequincy","13725000","Robert Smart","Plant Mgr","Mal","92893","A","Asbury Louisiana Inc","californiainfo@asbury.com","2564 Highway 12","Dequincy","LA","70633","3377865907","3377865905","329502","Graphite (Manufacturers)","www.asbury.com","0","0"
"Regional Fabricators Inc","3373673488","1905 Diver Dr","New Iberia","14235000","Larry Berges","President","Mal","92988","R","Regional Fabricators Inc","ecomb@regionalfab.com","1905 Diver Dr","New Iberia","LA","70560","3373673482","3373673488","344198","Fabricated Structural Metal (Mfrs)","www.regionalfab.com","0","0"
"Fair T Engineering Sales","9856260077","2022 Tamvest Ct","Mandeville","14820000","Cleve Fair","Owner","Mal","93000","F","Fair T Engineering Sales","mfair@fairengineering.com","2022 Tamvest Ct","Mandeville","LA","70448","9856265432","9856260077","508513","Valves-Wholesale","www.fairengineering.com","0","0"
"Hose Specialty & Supply","5044334283","9433 Highway 23","Belle Chasse","11400000","Jim Strickland","President","Mal","93196","H","Hose Specialty & Supply","Strickland@hosespecialty.net","9433 Highway 23","Belle Chasse","LA","70037","5044331969","5044334283","508518","Hose & Tubing-Rubber & Plastic (Whol)","NULL","0","0"
"Brinson Co","5047337326","116 Laitram Ln","New Orleans","15680000","Rainer Wittich","Owner","Mal","93238","B","Brinson Co","paul@brinsonco.com","116 Laitram Ln","New Orleans","LA","70123","6305952816","5047337326","501313","Automobile Parts & Supplies-Wholesale","www.brinsonco.com","0","0"
"Manny's Sanitary Supplies Inc","5048992358","4866 Tchoupitoulas St","New Orleans","11000000","Richard Lantier","CEO","Mal","93522","M","Manny's Sanitary Supplies Inc","rlantier@amsan.com","4866 Tchoupitoulas St","New Orleans","LA","70115","5048992358","5048992358","508724","Janitors Equipment/Supplies (Wholesale)","www.mannys.com","0","0"
"National Cinema Svc","5047340707","1512 Edwards Ave # 3","Harahan","11286000","Charlie Achee","President","Mal","93638","N","National Cinema Svc","chris@ncservice.com","1512 Edwards Ave # 3","Harahan","LA","70123","5047340700","5047340707","504304","Motion Picture Equip & Supplies (Whol)","www.ncservice.com","0","0"
"International-Matex Tank","5044683997","11842 River Rd","St Rose","20670000","John Little","Plant Mgr","Mal","94227","I","International-Matex Tank","marc.dulude@imttque.com","11842 River Rd","St Rose","LA","70087","7574857166","5044683997","422602","Storage-Liquid & Bulk","www.imtt.com","0","0"
"Wink Engineering","5042467924","4949 Bullard Ave # 100","New Orleans","13600000","Larry D Wink","Owner","Mal","94579","W","Wink Engineering","stevie@winkink.com","4949 Bullard Ave # 100","New Orleans","LA","70128","5042468759","5042467924","871111","Engineers-Consulting","www.winkink.com","0","0"
"Red Ball Medical Supply Inc","3184248393","1020 N Market St","Shreveport","14950000","Judy Viera Stor","Owner","Fem","94603","R","Red Ball Medical Supply Inc","jvierastor@redballmedical.com","1020 N Market St","Shreveport","LA","71107","3182226104","3184248393","504704","Physicians & Surgeons Equip & Supls-Whol","NULL","0","0"
"Wilson Warehouse Co Inc","2253433443","2400 Sorrel Ave","Baton Rouge","11620000","Robert Baldridge","President","Mal","94613","W","Wilson Warehouse Co Inc","robertb@wilsonwarehouse.com","2400 Sorrel Ave","Baton Rouge","LA","70802","4098865104","2253433443","422105","Warehouses-Commodity & Merchandise","www.wilsonwarehouse.com","0","0"
