mail id,company,email,address,phone,fax,sic,sic description,web,,revenue id,company,address,city,state,zip,	metro,web,phone,fax,contact,position,gender,sales,# of employee,sic,sic_descrpiton,	,,
"22230","Medical Imaging Sales & Svc","Rodney@mahc.net","PO Box 13267","5017910237","5017910198","504704","Physicians & Surgeons Equip & Supls-Whol","NULL"," Email <---> Revenue ","239421","Medical Imaging Sales & Svc","9625 Rowlett Ln","N Little Rock","AR","72113","Pulaski","www.mahc.net","5017910198","5017910237","Rodney Thomason","President","Mal","14950000","25","504704","Physicians &","4","0","1"
"56475","CEI Engineering Assoc Inc","acrafton@ceieng.com","3317 SW I St","4792730844","4792739472","871111","Engineers-Consulting","www.ceieng.com"," Email <---> Revenue ","18414","CEI ENGINEERING ASSOC INC","3317 SW I ST","BENTONVILLE","AR","72712","Benton","","4792739472","4792730844","JEFFREY GEURIAN","Chief Executive Office","F","16000000","160","871300","Surveying Se","4","0","1"
"58533","Adams Fertilizer Equipment","adams@adamsfertequip.com","1503 S Whitehead Dr","8709464396","8709462494","352308","Fertilizing Equipment-Manufacturers","www.adamspoultry.com"," Email <---> Revenue ","1927","ADAMS FERTILIZER EQUIPMENT","PO BOX 628","DE WITT","AR","72042","","","8709462494","","BILLY ADAMS","Owner","M","13400000","150","352300","Farm Machine","4","0","1"
"44742","Ark Plastics Products Inc","ark-plas@ark-plas.com","165 Industrial Park","8704532567","8704532343","308901","Mold Makers","www.ark-plas.com"," Email <---> Revenue ","116216","Ark Plastics Products Inc","165 Industrial Park","Flippin","AR","72634","Marion","www.ark-plas.com","8704532343","8704532567","Nueboch Vandermast","President","Mal","22700000","100","308901","Plastics-Mol","4","0","1"
"29095","First Collections","B-Dunkum@firstcollections.com","10925 Otter Creek East Blvd","5014550570","5014551658","732201","Collection Agencies","NULL"," Email <---> Revenue ","36488","FIRST COLLECTIONS","10925 OTTER CREEK EAST BLVD","MABELVALE","AR","72103","Pulaski","","5014551658","","WILLIAM DUNKUM","President","M","13300000","95","732200","Claims Colle","4","0","1"
"56182","Cherokee Frame Co","bob@cherokeeframe.com","90 Highway 62 W","8709943510","8709943510","502317","Picture Frames-Wholesale","www.cherokeeframe.com"," Email <---> Revenue ","146306","Cherokee Frame Co","90 Highway 62 W","Ash Flat","AR","72513","Sharp","www.cherokeeframe.com","8709943510","8709943510","Bob Murphy","Owner","Mal","14482000","26","502317","Picture Fram","4","0","1"
"45914","Frez-N-Stor Inc","brandon@fnscold.com","610 Porter Ave","4797513405","4797503298","422202","Warehouses-Cold Storage","www.fnscold.com"," Email <---> Revenue ","186786","Frez-N-Stor Inc","610 Porter Ave","Springdale","AR","72764","Washington","www.fnscold.com","4797503298","4797513405","David Evans","Owner","Mal","12060000","90","422202","Warehouses-C","4","0","1"
"65605","Xerox Corp","carl.langsenkamp@xerox.com","17200 Chenal Pkwy # 230","2136140292","5018215000","504403","Copying & Duplicating Machines & Supls","www.xerox.com"," Email <---> Revenue ","324167","Xerox Corp","17200 Chenal Pkwy # 230","Little Rock","AR","72223","Pulaski","www.xerox.com","5018215000","5018215060","Kyle Garner","Manager","Mal","24420000","60","504403","Copying & Du","4","0","1"
"59322","Pine Bluff Commercial","cberry@pbcommercial.com","300 S Beech St","8705340113","8705343400","731106","Advertising-Newspaper","www.pbcommercial.com"," Email <---> Revenue ","73728","PINE BLUFF COMMERCIAL","300 S BEECH ST","PINE BLUFF","AR","71601","Jefferson","","8705343400","8705340113","CHARLES BERRY","Manager","M","10400000","80","731300","Radio, Tv, P","4","0","1"
"21908","SMI Steel Products","cmcspmarketing@cmc.com","4365 Highway 278 W","8707771966","8707226255","344106","Steel-Structural (Manufacturers)","www.smisteelproducts.com"," Email <---> Revenue ","281014","SMI Steel Products","4365 Highway 278 W","Washington","AR","71862","Hempstead","","8707226255","8707771966","Ron Eldridge","President","Mal","13800000","50","344106","Steel-Struct","4","0","1"
"7029","Ironwood Communications","comments@iwcom.net","6128 Carnegie Dr","5018346940","5018346940","489901","Communications Services-Common Carriers","www.ironwoodcommunications.com"," Email <---> Revenue ","209056","Ironwood Communications","6128 Carnegie Dr","N Little Rock","AR","72117","Pulaski","www.ironwoodcommunications.com","5018346940","5018346366","Dottie Wilkerson","Manager","Fem","18750000","50","489901","Communicatio","4","0","1"
"48222","Arkansas Electric Co-Op Corp","communications@aecc.com","535 Woodruff 816 Hwy 33 S","8703472524","8703472523","491101","Electric Companies","www.aecc.com"," Email <---> Revenue ","117269","Arkansas Electric Co-Op Corp","535 Woodruff 816 Hwy 33 S","Augusta","AR","72006","Woodruff","www.aecc.com","8703472523","8703472524","John E Hyde","Plant Mgr","Mal","11088000","18","491101","Electric Com","4","0","1"
"439","Bost Human Development Svc","copyrightagent@bluestep.net","1801 S 74th St","4794523847","4794523991","835101","Child Care Service","www.bost.org"," Email <---> Revenue ","13632","BOST HUMAN DEVELOPMENT SVC","7701 ZERO ST","FORT SMITH","AR","72903","Sebastian","","4794785580","","DICK ADLER","Manager","M","10000000","878","509907","Exporters","4","0","1"
"64838","PRG-Schultz Intl Inc","corporatesecurity@prgx.com","2501 SE J St","2174770084","4792731667","872102","Accounting & Bookkeeping General Svc","www.prgx.com"," Email <---> Revenue ","257209","PRG-Schultz Intl Inc","2501 SE J St","Bentonville","AR","72712","Benton","www.prgx.com","4792731667","4792712391","T Thompson","Manager","Mal","10300000","100","872102","Accounting &","4","0","1"
"60454","Cromwell Architects Engineers","cromwell@cromwell.com","101SouthSpringSt","null","5013720482","871106","Engineers","http://www.cromwell.com"," Email <---> Revenue ","25219","CROMWELL ARCHITECTS ENGINEERS","101 S SPRING ST","LITTLE ROCK","AR","72201","Pulaski","","5013722900","","J BRENT THOMPSON","Chief Executive Office","M","11400000","103","871200","Architectura","4","0","1"
"42971","Family Service Agency","david@palmiter.com","628 W Broadway St # 300","5013726565","5013724242","839902","Alcoholism Information & Treatment Ctrs","www.helpingfamilies.com"," Email <---> Revenue ","178367","Family Service Agency","628 W Broadway St # 300","N Little Rock","AR","72114","Pulaski","","5013724242","5013726565","Charles Deville Jr","Manager","Mal","17400000","120","839902","Alcoholism I","4","0","1"
"64881","ICM Arkansas Sales","dgarrett@icmmail.com","1040 N Redmond Rd","5019824525","5019824571","504908","Lasers (Wholesale)","www.improvedconstructionmethods.com"," Email <---> Revenue ","48485","ICM ARKANSAS SALES","1040 N REDMOND RD","JACKSONVILLE","AR","72076","Pulaski","","5019824571","5019824525","BRUCE MC FADDEN","Owner","M","10500000","70","239400","Canvas & Rel","4","0","1"
"45327","Democrat Printing & Lithgrphng","dmcdaniel@democratprinting.com","1320 Brookwood Dr # I","5013741610","5013740271","594301","Office Supplies","NULL"," Email <---> Revenue ","164606","Democrat Printing & Lithgrphng","1320 Brookwood Dr # I","Little Rock","AR","72202","Pulaski","www.democratprinting.com","5013740271","5013741610","Haines Whitney","CEO","Mal","21800000","200","594301","Office Suppl","4","0","1"
"39351","Drumco Of Ar","dwingard@drumco.com","3200 S Reynolds Rd","9013980987","5015575500","341201","Barrels & Drums (Manufacturers)","www.drumco.com"," Email <---> Revenue ","169816","Drumco Of Ar","3200 S Reynolds Rd","Bauxite","AR","72011","Saline","www.drumco.com","5015575500","5015575574","Barry Wingard","VP","Mal","13550000","50","341201","Barrels & Dr","4","0","1"
"65829","BNSF Logistics","EWolfe@bnsflogistics.com","4700 S Thompson St","4797504923","4798724620","874266","Logistics","NULL"," Email <---> Revenue ","123199","BNSF Logistics","4700 S Thompson St","Springdale","AR","72764","Washington","www.bnsflogistics.com","4798724620","4797504923","Eric Wolfe","Owner","Mal","13600000","80","874266","Logistics","4","0","1"
"29815","Glynda Turley Prints Inc","factorystore@glynda.com","74 Cleburne Park Rd","5013625020","5013629906","599969","Art Galleries & Dealers","www.glynda.com"," Email <---> Revenue ","41025","GLYNDA TURLEY PRINTS INC","74 CLEBURNE PARK RD","HEBER SPRINGS","AR","72543","","","5013629906","5013625020","GLYNDA TURLEY","Owner","F","11400000","65","275200","Litho,Coml P","4","0","1"
"19273","Drew-Foam Co","gandrews@drewfoam.com","144 Industrial Dr","8703670785","8703676245","519902","Rubber-Foam & Sponge (Wholesale)","NULL"," Email <---> Revenue ","30679","DREW-FOAM CO","144 INDUSTRIAL DR","MONTICELLO","AR","71655","","","8703676245","","JIM MAGNESS","President","M","16500000","110","519900","Nondurable G","4","0","1"
"13391","Hope Auto Co","gena@hopeauto.net","1400 N Hervey St","8707776832","8707772371","551103","Automobile Dealers-Used Cars","www.hopeauto.com"," Email <---> Revenue ","204429","Hope Auto Co","1400 N Hervey St","Hope","AR","71801","Hempstead","www.hopeauto.com","8707772371","8707776832","Gary Weems","Manager","Mal","10352000","16","551103","Automobile D","4","1","1"
"28841","Planet Smoothie","hgraham@trevelinokeller.com","102 Markham Park Dr # A","5012276362","5012276399","549901","Health & Diet Foods-Retail","www.planetsmoothie.com"," Email <---> Revenue ","74355","PLANET SMOOTHIE","102 MARKHAM PARK DR STE A","LITTLE ROCK","AR","72211","Pulaski","","5012276399","","SCOTT MC WILLIAMS","Manager","M","11700000","7653","549901","Health & Die","4","0","1"
"25041","Schueck Steel Co","jeffw@lexicon-inc.com","8900 Fourche Dam Pike","5014904411","5014904200","179102","Steel Erectors","www.schueck.com"," Email <---> Revenue ","83397","SCHUECK STEEL CO","8900 FOURCHE DAM PIKE","LITTLE ROCK","AR","72206","Pulaski","","5014904200","5014904411","TOM SCHUECK","President","M","18800000","200","179100","Strl Steel E","4","0","1"
"21712","Koontz Electric Co Inc","jeremy@koontzelectric.com","1223 E Broadway St","5013542580","5013542526","173101","Electric Contractors","NULL"," Email <---> Revenue ","222730","Koontz Electric Co Inc","1223 E Broadway St","Morrilton","AR","72110","Conway","www.koontzelectric.com","5013542526","5013542580","Benny M Koontz","CEO","Mal","12300000","75","173101","Electric Con","4","2","1"
"64179","Lindsey &Amp; Associates Inc","jfrauenthal@griffincompanyrealtors.com","1200 E Joyce Blvd / 1200 E  Joyce Blvd","4795216611","-","522310","BUILDING MATERIALS, HARDWARE, GARDEN SUPPLY, AND MOBILE HOME DEALERS","NAMB"," Email <---> Revenue ","228867","Lindsey and Associates Inc","P.O. BOX 8098","Fayetteville","AR","72703","Washington","","4795216611","","Jim Lindsey","President","mal","15789787","120","653101","Real Estate ","4","0","1"
"63350","Southwest Times Record","jgipson@swtimes.com","5700 Wheeler Ave","4797840413","4797857700","483201","Radio Stations & Broadcasting Companies","www.swtimes.com"," Email <---> Revenue ","292080","Southwest Times Record","3600 Wheeler Ave","Fort Smith","AR","72901","Sebastian","www.swtimes.com","4797857700","4797840413","Gene Kincy","Publisher","Mal","14790000","150","483201","Radio Statio","4","0","1"
"58077","Fox Cor Inc","jholt@foxcor.com","9712 W Markham St","5012275467","5012217036","874104","Construction Management","www.foxcor.com"," Email <---> Revenue ","185621","Fox Cor Inc","9712 W Markham St","Little Rock","AR","72205","Pulaski","www.foxcor.com","5012217036","5012275467","John Fox","Owner","Mal","10350000","46","874104","Construction","4","0","1"
"58848","Ouachita Industries Inc","johndoe@yourdomain.com","157 Grinstead St SW","3096773745","8708363056","836103","Homes-Mental Retardation & Dev Disabled","www.mbaaconference.org"," Email <---> Revenue ","255454","Ouachita Industries Inc","157 Grinstead St SW","Camden","AR","71701","Ouachita","www.oinpo.org","8708363056","8708363011","Sandra Kennedy","Manager","Fem","13000000","50","839905","Disability S","4","0","1"
"45929","Arkansas Face Veneer Co Inc","jsnyder@arkansasface.com","706 Center St","5017787414","5017787412","599990","Wood Products","www.arkansasface.com"," Email <---> Revenue ","6139","ARKANSAS FACE VENEER CO INC","706 CENTER ST","BENTON","AR","72015","Saline","","5017787412","5017787414","JON SNYDER","President","M","11400000","65","599900","Misc Retail ","4","0","1"
"36502","Lincoln Auto Auction","K_Hendrickson@lincolnautoauction.com","1300 E Pridemore Ave","4798243784","4798243253","501204","Automobile Auctions (Wholesale)","NULL"," Email <---> Revenue ","228549","Lincoln Auto Auction","1300 E Pridemore Ave","Lincoln","AR","72744","Washington","","4798243253","4798243784","Kenneth Hendrickson","Owner","Mal","18500000","5","501204","Automobile A","4","1","1"
"36313","Jackson Used Cars","K-Thomas@jacksonusedcars.com","PO Box 38","8703393348","8703392309","551103","Automobile Dealers-Used Cars","NULL"," Email <---> Revenue ","211800","Jackson Used Cars","318 Blackwood St","Hughes","AR","72348","St Francis","www.jacksonusedcars.com","8703392309","8703393348","Kevin Thomas","Owner","Mal","19410000","30","551103","Automobile D","4","1","1"
"24859","LDA Leasing Inc","larry@ldaleasing.com","1 Harold Ives Dr","5019450942","5019459735","735933","Leasing Service","www.ldaleasing.com"," Email <---> Revenue ","56751","LDA LEASING INC","1 HAROLD IVES DR","N LITTLE ROCK","AR","72117","Pulaski","","5019459735","","STEVE MORGAN","Vice-President","M","18000000","100","735900","Eqp Rental, ","4","0","1"
"64733","Ivize LLC","littlerock@ivize.net","400 W Capitol Ave # 101b","5013768001","5013768000","733403","Copying & Duplicating Service","www.ivize.net"," Email <---> Revenue ","209292","Ivize LLC","400 W Capitol Ave # 101b","Little Rock","AR","72201","Pulaski","www.ivize.net","5013768000","5013768001","Steve Hall","President","Mal","10200000","75","733403","Copying & Du","4","0","1"
"21138","M & M Brokerage","MarkMeador@skagwayadventures.com","221 W 2nd St # 902","NULL","5013720691","501206","Automobile-Buyers","NULL"," Email <---> Revenue ","232148","M & M Brokerage","221 W 2nd St # 902","Little Rock","AR","72201","Pulaski","","5013720691","","Mark Meador","Owner","Mal","11100000","3","501206","Automobile-B","4","0","1"
"56466","Hi Tech Engineering Inc","mdulac@comact.com","400 Aviation Plz # C","5017601387","5017601100","355306","Machinery-Sawmill (Manufacturers)","www.comact.com"," Email <---> Revenue ","201470","Hi Tech Engineering Inc","400 Aviation Plz # C","Hot Springs","AR","71913","Garland","www.comact.com","5017601100","5017601387","Patrick Leblanc","Manager","Mal","12000000","60","355306","Machinery-Sa","4","0","1"
"64329","Dreamline Manufacturing Inc","melissa@dreamlinebedding.com","1514 S 2nd St","5018432990","5018433585","251598","Mattresses/Foundations/Conv Beds (Mfrs)","www.dreamlinebedding.com"," Email <---> Revenue ","30631","DREAMLINE MANUFACTURING INC","1514 S 2ND ST","CABOT","AR","72023","Lonoke","","5018433585","5018432990","DENSIAL TIPPTON","Chief Executive Office","M","21300000","100","502100","Whl Furnitur","4","0","1"
"23083","Pine Bluff National Bank","morganc@pbnb.net","912 Poplar St","NULL","8705357222","17319","Electrical Work (electrical work except burglar and fire alarm installation)","NULL"," Email <---> Revenue ","73790","PINE BLUFF NATIONAL BANK","901 S POPLAR ST","PINE BLUFF","AR","71601","Jefferson","","8705401234","8705401268","JOHN GARRISON","Manager","M","21100000","136","673300","Trusts Nec","4","0","1"
"32047","Name Brand Clothing","nbc@halfofhalf.com","4020 John F Kennedy Blvd","9183070294","5017912944","565101","Clothing-Retail","www.nbcclothing.com"," Email <---> Revenue ","66699","NAME BRAND CLOTHING","4020 JOHN F KENNEDY BLVD","N LITTLE ROCK","AR","72116","Pulaski","","5017912944","","","Unknown","","15000000","300","565100","Family Cloth","4","0","1"
"18305","Community Counseling Svc Inc","ncpie@ncpie.info","505 W Grand Ave","5016247111","5016247111","832201","Counseling Services","www.adultchild.org"," Email <---> Revenue ","152741","Community Counseling Svc Inc","505 W Grand Ave","Hot Springs","AR","71901","Garland","www.communitycounselingservices.org","5016247111","","Gwen Southard","Manager","Fem","11400000","200","832201","Counseling S","4","1","1"
"53416","Malvern Minerals Co","novacite@malvernminerals.com","220 Runyan St","5016235113","5016238893","508523","Abrasives (Wholesale)","www.malvernminerals.com"," Email <---> Revenue ","234079","Malvern Minerals Co","220 Runyan St","Hot Springs","AR","71901","Garland","www.malvernminerals.com","5016238893","5016235113","Brad Smith","President","Mal","10830000","19","508523","Abrasives (W","4","0","1"
"50581","Horticare Inc","nursery@horticare.net","7901 Stagecoach Rd","5014072728","5014072727","078204","Landscape Contractors","www.horticare.net"," Email <---> Revenue ","204781","Horticare Inc","7901 Stagecoach Rd","Little Rock","AR","72204","Pulaski","www.horticare.net","5014072727","5014072728","Ralph Olsen","Owner","Mal","12600000","150","78204","Landscape Co","4","1","1"
"55336","Delta Plastics Of The South","pcrsales@deltapl.com","3104 S Main St","8706737538","8706737458","308910","Plastics-Products-Finished-Manufacturers","www.deltapl.com"," Email <---> Revenue ","28279","DELTA PLASTICS OF THE SOUTH","3104 S MAIN ST","STUTTGART","AR","72160","","","8706737458","","DHU THOMPSON","President","M","10000000","50","516200","Whl Plastic ","4","0","1"
"22236","GNC","privacyconcerns@gnc.com","1402 Military Rd","2054973955","5017781136","549901","Health & Diet Foods-Retail","www.gnc.com"," Email <---> Revenue ","41042","GNC","1402 MILITARY RD","BENTON","AR","72015","Saline","","5017781136","","SHANE HUTCHISON","Manager","M","11700000","280732","549901","Health & Die","4","0","1"
"41740","Smith Barney","rbr1@citigroup.com","2200 N Rodney Parham Rd # 100","8169327836","5012216100","628205","Financial Planning Consultants","www.smithbarney.com"," Email <---> Revenue ","289304","Smith Barney","2200 N Rodney Parham Rd # 100","Little Rock","AR","72212","Pulaski","www.smithbarney.com","5012216100","5012216162","Joe Marriott","Manager","Mal","18675000","45","628205","Financial Pl","4","0","1"
"50524","Rice Tec Inc","reception@ricetec.com","5412 Stadium Blvd","8708020545","8708020655","514921","Rice-Wholesale","www.ricetec.com"," Email <---> Revenue ","274493","Rice Tec Inc","5412 Stadium Blvd","Jonesboro","AR","72404","Craighead","www.ricetec.com","8708020655","8708020545","Jeff Belding","Manager","Mal","16880000","20","514921","Rice-Wholesa","4","0","1"
"65929","TEC Electric","reneeb@tecelectric.com","1900 S Church St","8709351331","8709327252","506330","Electric Equipment & Supplies-Wholesale","www.tecelectric.com"," Email <---> Revenue ","300537","TEC Electric","1900 S Church St","Jonesboro","AR","72401","Craighead","www.tecelectric.com","8709327252","8709351331","Keith Felkins","Owner","Mal","12208000","16","506330","Electric Equ","4","0","1"
"2225","Flexsteel Industries Inc","retail_development@flexsteel.com","704 Highway 62 65 S","7172914675","8707431101","259901","Furniture-Manufacturers","www.flexsteel.com"," Email <---> Revenue ","183787","Flexsteel Industries Inc","704 Highway 62 65 S","Harrison","AR","72601","Boone","www.flexsteel.com","8707431101","8707432511","Steve Moore","Plant Mgr","Mal","19000000","125","259901","Furniture-Ma","4","0","1"
"57107","Delford Sortaweigh","rmerritt@aew.com","1205 E 14th St","4799688115","4799688160","352311","Poultry Equipment & Supplies-Mfrs","www.aew.com"," Email <---> Revenue ","164101","Delford Sortaweigh","1205 E 14th St","Russellville","AR","72802","Pope","www.aew.com","4799688160","4799688115","Gehrig Chandler","Owner","Mal","17430000","42","352311","Poultry Equi","4","0","1"
"55035","Montana Tractor","RMiller@montanatractors.com","2737 N Thompson St","4798720707","4798722020","508320","Tractor-Distributors","NULL"," Email <---> Revenue ","244113","Montana Tractor","2737 N Thompson St","Springdale","AR","72764","Washington","www.montanatractors.com","4798722020","4798720707","Rodney Miller","CEO","Mal","22410000","45","508320","Tractor-Dist","4","0","1"
"62927","Baldor Corp","sales.uk@baldor.com","1910 Baldor Dr","5137722219","4796675744","362102","Electric Motors-Manufacturers","www.baldor.com"," Email <---> Revenue ","9225","BALDOR CORP","1910 BALDOR DR","OZARK","AR","72949","Franklin","","4796675744","","RYAN WAITE","Manager","M","10300000","180","362100","Motors & Gen","4","0","1"
"55537","Power Technology","sfrangieh@powertechnology.com","16302 Alexander Rd","5014070036","5014070712","367906","Electronic Power Supplies-Manufacturers","www.powertechnology.com"," Email <---> Revenue ","265190","Power Technology","16302 Alexander Rd","Alexander","AR","72002","Pulaski","www.powertechnology.com","5014070712","5014070036","Thomas Burgess","Owner","Mal","10752000","48","367906","Electronic P","4","0","1"
"40110","Delta Dental Plan Of Arkansas","ssunderland@deltadentalar.com","1513 Coutnry Line Rd","5018348856","5018353400","809903","Dentists Service Organizations","www.deltadentalar.com"," Email <---> Revenue ","164293","Delta Dental Plan Of Arkansas","1513 Coutnry Line Rd","Sherwood","AR","72120","Pulaski","www.deltadentalar.com","5018353400","5018348856","Ed Choate","CEO","Mal","12992000","116","809903","Dentists Ser","4","2","1"
"49627","Central Mall Merchants Assn","teresa.richards@am.jll.com","5111 Rogers Ave # 116","4794523751","4794524706","651201","Shopping Centers & Malls","www.centralmallfortsmith.com"," Email <---> Revenue ","144597","Central Mall Merchants Assn","5111 Rogers Ave # 116","Fort Smith","AR","72903","Sebastian","www.centralmallfortsmith.com","4794524706","4794523751","Teresa Richards","Executive Director","Fem","13080000","40","651201","Shopping Cen","4","0","1"
"51660","Tencarva Machinery Co","tmc.ric@tencarva.com","9720 Interstate 30 # A","7575482408","5013754081","508444","Pumps (Wholesale)","www.tencarva.com"," Email <---> Revenue ","92924","TENCARVA MACHINERY CO","9720 INTERSTATE 30","LITTLE ROCK","AR","72209","Pulaski","","5015650105","","JON WATSON","Manager","M","24700000","215","508400","Indus Mchy &","4","0","1"
"16185","Tme Inc","tme@tmecorp.com","5800 Evergreen Dr # A","5016638888","5016666776","871133","Engineers-Professional","www.tmecorp.com"," Email <---> Revenue ","304996","Tme Inc","5800 Evergreen Dr # A","Little Rock","AR","72205","Pulaski","www.tmecorp.com","5016666776","5016638888","Ed Tinsley","CEO","Mal","16560000","80","871133","Engineers-Pr","4","0","1"
"2222","Tri-State Enterprises Inc","tristate@tri-stateonline.com","1216 Jackson St","4796462606","4796466121","501313","Automobile Parts & Supplies-Wholesale","www.tri-stateonline.com"," Email <---> Revenue ","307555","Tri-State Enterprises Inc","1216 Jackson St","Fort Smith","AR","72901","Sebastian","www.tri-stateonline.com","4796466121","4796462606","Dub Byrd","Owner","Mal","10000000","32","501313","Automobile P","4","0","1"
"63888","Instrument & Supply Inc","vharris@isiequip.com","141 Technic Cir","5012624847","5012623282","508444","Pumps (Wholesale)","www.isiequip.com"," Email <---> Revenue ","208350","Instrument & Supply Inc","141 Technic Cir","Hot Springs","AR","71901","Garland","www.isiequip.com","5012623282","5012624847","Newton White","President","Mal","16864000","31","508444","Pumps (Whole","4","0","1"
"1316","A-AAA Key Mini Storage","warner@brundagemgt.com","6117 W 65th Street","5015653194","null","4214","Moving & storage companies","eztrackz.com/tracking.aspx?id=9462"," Email <---> Revenue ","1125","AAA MINI STORAGE","6117 W 65TH ST","LITTLE ROCK","AR","72209","Pulaski","","5015653194","","KATHY GRIFFITH","Manager","F","10800000","208","422503","Warehousing ","4","0","1"
"35687","CJRW","wayne.woods@cjrw.com","303 W Capitol Ave # 4","5019827163","501-975-6251","7311","Advertising Agencies","NULL"," Email <---> Revenue ","21267","CJRW","303 W CAPITOL AVE # 4","LITTLE ROCK","AR","72201","Pulaski","","5019756251","","DENNIS SCHULTZ","Chief Financial Office","M","13400000","123","731100","Advertising ","4","0","1"
"53803","Fikes Truck Line Inc","william@fikes.com","2600 E 3rd St","8707772592","8707776540","421309","Trucking-Motor Freight","www.fikes.com"," Email <---> Revenue ","180604","Fikes Truck Line Inc","2600 E 3rd St","Hope","AR","71801","Hempstead","www.fikes.com","8707776540","8707772592","Jim Smith","President","Mal","20400000","30","421309","Trucking-Mot","4","0","1"
