"Quality Air Control","8026558811","16 Tigan St # A","Winooski","23421000","David Brown","President","Mal","2750","Q","Quality Air Control","tpotvin@qac.com","16 Tigan St # A","Winooski","VT","05404","8026558809","8026558811","344898","Prefabricated Metal Buildings (Mfrs)","www.qac.com","0","0"
"Sherwin Electric Co","8028784041","78 Lincoln St","Essex Junction","11880000","Ken Douglas","President","Mal","3956","S","Sherwin Electric Co","allens@sherwin-electric.com","78 Lincoln St","Essex Junction","VT","05452","8028792788","8028784041","173101","Electric Contractors","www.sherwin-electric.com","0","2"
"Red Hen Baking Co","8022440966","4278 Route 100 S","Waterbury","13504000","Eliza Cain","Owner","Fem","8463","R","Red Hen Baking Co","bread@redhenbaking.com","4278 Route 100 S","Waterbury","VT","05676","8022449956","8022440966","514902","Bakers-Wholesale","www.redhenbaking.com","0","0"
"Fleming Oil Co Inc","8022546095","1 Putney Rd","Brattleboro","19800000","Richard Fleming Jr","President","Mal","10355","F","Fleming Oil Co Inc","maryc@flemoil.com","1 Putney Rd","Brattleboro","VT","05301","8022543725","8022546095","517210","Gasoline & Oil-Wholesale","www.flemoil.com","0","0"
"Mc Kenzie Of Vermont","8028644585","160 Flynn Ave","Burlington","12880000","Greg Rouille","Manager","Mal","10791","M","Mc Kenzie Of Vermont","greg.rouille@mckenzieofvermont.com","160 Flynn Ave","Burlington","VT","05401","8026517335","8028644585","514704","Meat-Wholesale","www.mckenzieofvermont.com","0","0"
"Specialties Unlimited","8028727700","380 Hurricane Ln # 201","Williston","14360000","Rob Rothman","Owner","Mal","14131","S","Specialties Unlimited","art@pinsource.com","380 Hurricane Ln # 201","Williston","VT","05495","8028725797","8028727700","519917","Advertising-Specialties (Wholesale)","www.pinsource.com","0","0"
"T Copeland & Sons Inc","8022229282","156 Industrial Dr","Bradford","15200000","Tim Copeland","Owner","Mal","14937","T","T Copeland & Sons Inc","hmc@heathermccullough.com","156 Industrial Dr","Bradford","VT","05033","8022229285","8022229282","259998","Furniture & Fixtures Nec (Mfrs)","www.copelandfurniture.com","0","0"
"Bennington Iron Works Inc","8024423145","Harmon Rd","Bennington","14235000","","","","16313","B","Bennington Iron Works Inc","curtm@biwvt.com","Harmon Rd","Bennington","VT","05201","8024473440","8024423145","344198","Fabricated Structural Metal (Mfrs)","www.biwvt.com","0","0"
"Silvatech Corp","8022345174","768 South Main St","Bethel","10260000","William A Rousseau","President","Mal","16397","S","Silvatech Corp","zipposusa@zipposusa.com","768 South Main St","Bethel","VT","05032","8022346403","8022345174","508538","Sawmill Equipment & Supplies (Wholesale)","www.silvatech.com","0","0"
"H Greenberg & Son Inc","8024423131","321 Main St","Bennington","15738000","Norman Greenberg","Owner","Mal","16883","H","H Greenberg & Son Inc","bblair@shopgreenbergs.com","321 Main St","Bennington","VT","05201","8024421076","8024423131","521138","Home Centers","www.shopgreenbergs.com","0","0"
"Mack Molding Co","8022267201","2044 Main St","Cavendish","22960000","Marc Colety","Plant Mgr","Mal","17402","M","Mack Molding Co","julie.horst@mack.com","2044 Main St","Cavendish","VT","05142","7048731966","8022267201","308901","Mold Makers","www.mack.com","0","0"
"Superior Technical Ceramics","8025277726","600 Industrial Park Rd","St Albans","14300000","Theodore H Church","President","Mal","18518","S","Superior Technical Ceramics","theodore.church@ceramics.net","PO Box 1028","Saint Albans","VT","05478","8025271181","8025277726","3229","Pressed and Blown Glass and Glassware","NEC","0","0"
"Chittenden Solid Waste","8028728100","1021 Redmond Rd","Williston","14048000","Tom Moreau","Manager","Mal","18696","C","Chittenden Solid Waste","tonyb@cswd.net","1021 Redmond Rd","Williston","VT","05495","8028785787","8028728100","509312","Recycling Centers (Wholesale)","www.cswd.net","0","0"
"J & B Intl Trucks Inc","8026551290","51 Hercules Dr","Colchester","15680000","Edward Cleary","Owner","Mal","18968","J","J & B Intl Trucks Inc","peter@jbtrucks.com","51 Hercules Dr","Colchester","VT","05446","8026553944","8026551290","501302","Truck Equipment & Parts-Wholesale","www.jbtrucks.com","0","0"
"All Cycle Waste Inc","8028643615","28 Avenue B","Williston","21700000","Pierre Lachaussie","Manager","Mal","20522","A","All Cycle Waste Inc","ajones@outofdarkness.com","28 Avenue B","Williston","VT","05495","9897548788","8028643615","495302","Garbage Collection","www.casella.com","0","0"
"Bryant Grinder Corp","8028855161","65 Pearl St","Springfield","11700000","Craig Barrett","President","Mal","22401","B","Bryant Grinder Corp","polson@bryantgrinder.com","65 Pearl St","Springfield","VT","05156","8028859444","8028855161","354113","Grinding Machines & Equip-Manufacturers","www.bryantgrinder.com","0","0"
"Kmart","8028644575","947 Shelburne Rd","South Burlington","12960000","John Peters","Manager","Mal","23242","K","Kmart","help@kmart.com","947 Shelburne Rd","South Burlington","VT","05403","6194426827","8028644575","531102","Department Stores","www.kmart.com","0","1"
"Mobile Medical Intl","8027482322","2176 Portland St # 4","St Johnsbury","15548000","Rick Cochran","President","Mal","23502","M","Mobile Medical Intl","ajguglielmi@somniainc.com","2176 Portland St # 4","St Johnsbury","VT","05819","8027482323","8027482322","504704","Physicians & Surgeons Equip & Supls-Whol","www.mobile-medical.com","0","0"
"Huber & Suhner Inc","8028780555","19 Thompson Dr","Essex Junction","23280000","Ian Shergold","Manager","Mal","23758","H","Huber & Suhner Inc","juan.ramirez@hubersuhner.com","19 Thompson Dr","Essex Junction","VT","05452","8028789880","8028780555","369902","Electric Equipment-Manufacturers","www.hubersuhnerinc.com","0","0"
"Vermont Pet Food & Supply","8028635597","2500 Williston Rd","South Burlington","21100000","Kim Lash","Owner","Fem","24142","V","Vermont Pet Food & Supply","michael@pfwvt.com","2500 Williston Rd","South Burlington","VT","05403","8029853366","8028635597","514910","Pet Foods-Wholesale","www.pfwvt.com","0","0"
"Aadco Inc","8027283400","2279 VT Route 66","Randolph","23920000","Robert Marchione","Owner","Mal","24174","A","Aadco Inc","astone@aadcomed.com","2279 VT Route 66","Randolph","VT","05060","8027283107","8027283400","504720","X-Ray Apparatus & Supplies (Wholesale)","www.aadcomed.com","0","0"
"Burke Mountain Ski Area","8026263322","223 Sherburn Lodge Rd","East Burke","14625000","Dick Andross","Manager","Mal","24260","B","Burke Mountain Ski Area","hcollins@ginncompany.com","223 Sherburn Lodge Rd","East Burke","VT","05832","8026264068","8026263322","701110","Skiing Centers & Resorts","www.skiburke.com","0","1"
"Pick & Shovel","8023348370","54 Coventry St","Newport","10836000","Timothy Hamblett","Owner","Mal","24512","P","Pick & Shovel","helpline@doitbest.com","54 Coventry St","Newport","VT","05855","8304384785","8023348370","521110","Plumbing Fixtures & Supplies-New-Retail","www.doitbest.com","0","0"
"F W WEBB & Co","8027751922","3091 Cold River Rd","Rutland","24850000","Lee Turner","Manager","Mal","24880","F","F W WEBB & Co","cps@fwwebb.com","3091 Cold River Rd","Rutland","VT","05701","9783433749","8027751922","507406","Plumbing Fixtures & Supplies-Wholesale","www.fwwebb.com","0","0"
"Vermont Aerospace Mfg Inc","8027488705","966 Industrial Pkwy","Lyndonville","24600000","Don Cota","Owner","Mal","25349","V","Vermont Aerospace Mfg Inc","scottc@vtaerospace.com","966 Industrial Pkwy","Lyndonville","VT","05851","8027488437","8027488705","372801","Aircraft Components-Manufacturers","www.vtaerospace.com","0","0"
"Fine Paints Of Europe","8024572468","Route 4","Woodstock","11328000","John Lahey","President","Mal","26095","F","Fine Paints Of Europe","ozabs@west.net","Route 4","Woodstock","VT","05091","8024572468","8024572468","509905","Importers","www.finepaintsofeurope.com","0","0"
"Lovejoy Tool Co","8028852194","133 Main St","Springfield","12410000","Douglas Priestley","President","Mal","26262","L","Lovejoy Tool Co","jill@lovejoytool.com","133 Main St","Springfield","VT","05156","8028859511","8028852194","354598","Cutting Tools/Acces/Measuring Dvcs (Mfr)","www.lovejoytool.com","0","0"
"P & H Truck Stop","8024292141","2886 Route 302","Wells River","24600000","Nelson Baker","Owner","Mal","26757","P","P & H Truck Stop","halfprice@restaurant.com","2886 Route 302","Wells River","VT","05081","2155389572","8024292141","554103","Truck Stops & Plazas","www.restaurant.com","0","0"
"Smugglers' Notch Resort","8026448851","4323 VT Route 108 S","Jeffersonville","24500000","Robert Mulcahy","President","Mal","26981","S","Smugglers' Notch Resort","askus@gostowe.com","4323 VT Route 108 S","Jeffersonville","VT","05464","8026442713","8026448851","701111","Resorts","www.smuggs.com","0","1"
"Simplex Grinnell","8028796149","310 Hurricane Ln # 4","Williston","19082000","Todd Duffum","Manager","Mal","27017","S","Simplex Grinnell","wpost@spectralink.com","310 Hurricane Ln # 4","Williston","VT","05495","2564610212","8028796149","506304","Security Control Equip & Systems-Whol","www.simplexgrinnell.com","0","0"
"Nexus Custom Electronics Inc","8022476811","402 Prospect St","Brandon","14420000","Dan Shea","President","Mal","27127","N","Nexus Custom Electronics Inc","news@corporate-strategies.net","402 Prospect St","Brandon","VT","05733","7819386207","8022476811","367798","Electronic Coil & Transformers (Mfrs)","www.nexuscei.com","0","0"
"Foam-Tech Home Of Supergreen","8023334333","Route 5","North Thetford","11610000","Henri Fennell","Owner","Mal","27152","F","Foam-Tech Home Of Supergreen","nnishesh@foam-tech.com","Route 5","North Thetford","VT","05054","8023334364","8023334333","521136","Energy Conservation Prods-Retail","www.foam-tech.com","0","0"
"Earth Waste Systems Inc","8027757722","49 Wales St","Rutland","17560000","Kevin Elnicki","President","Mal","27172","E","Earth Waste Systems Inc","rtaylor@earthwastesystems.com","49 Wales St","Rutland","VT","05701","8027869070","8027757722","509313","Scrap Metals & Iron (Wholesale)","www.earthwastesystems.com","0","0"
"Stoweflake Mountain Resort","8027601053","1746 Mountain Rd","Stowe","15000000","Chuck Barbaw","Owner","Mal","27239","S","Stoweflake Mountain Resort","webmarketing@stoweflake.com","1746 Mountain Rd","Stowe","VT","05672","8022536858","8027601053","701111","Resorts","www.stoweflake.com","0","1"
"J E Mc Laughlin Inc","8027736258","155 Porter Pl","Rutland","12640000","James E Mc Laughlin","Owner","Mal","27338","J","J E Mc Laughlin Inc","cs@jmclaughlin.com","155 Porter Pl","Rutland","VT","05701","9734250261","8027736258","503304","Insulation Contrs-Equip/Supls (Whol)","www.jmclaughlin.com","0","0"
"Vermont Marble Power Div","8027707444","61 Main St","Proctor","15400000","Bill Gleason","President","Mal","27506","V","Vermont Marble Power Div","info.ch@omya.com","61 Main St","Proctor","VT","05765","8027707447","8027707444","491101","Electric Companies","www.omya.com","0","0"
"K & H Products LTD","8024428171","940 Water St","North Bennington","11640000","Robert J Howe","President","Mal","27528","K","K & H Products LTD","craig@portabrace.com","940 Water St","North Bennington","VT","05257","8024429118","8024428171","316104","Luggage (Manufacturers)","www.portabrace.com","0","0"
