mail id,company,email,address,phone,fax,sic,sic description,web,,revenue id,company,address,city,state,zip,	metro,web,phone,fax,contact,position,gender,sales,# of employee,sic,sic_descrpiton,	,,
"83579","Wilcox-Slidders Inc","admin@wilcox-slidders.com","18 Passaic Ave # 3","9735758600","9735758600","516912","Adhesives & Glues (Wholesale)","www.wilcox-slidders.com"," Email <---> Revenue ","685553","Wilcox-Slidders Inc","18 Passaic Ave # 3","Fairfield","NJ","07004","Essex","www.wilcox-slidders.com","9735758600","","Fred Jenkins","President","Mal","7007000","7","516912","Adhesives & ","3","0","1"
"103901","Imperial International","contact@imperialusa.com","621 Us Highway 46 W","5624071251","2012889199","509905","Importers","www.imperialusa.com"," Email <---> Revenue ","315054","Imperial International","621 Us Highway 46 W","Hasbrouck Hts","NJ","07604","Bergen","www.imperialusa.com","2012889199","2012888990","Michael Di Motta","President","Mal","8700000","30","394923","Sporting & A","3","0","1"
"158884","Shaw E & I","corporategiving@shawgrp.com","101 Fieldcrest Ave # 4","2022611955","7323462900","871120","Engineers-Environmental","www.shawgrp.com"," Email <---> Revenue ","583734","Shaw E & I","101 Fieldcrest Ave # 4","Edison","NJ","08837","Middlesex","www.shawgrp.com","7323462900","7323462901","Jack Yanoso","Manager","Mal","6210000","30","871120","Engineers-En","3","0","1"
"163391","Unilux Inc","customerservice@unilux.com","59 5th St","2017121366","2017121266","364898","Lighting Equipment Nec (Manufacturers)","www.unilux.com"," Email <---> Revenue ","656313","Unilux Inc","59 5th St","Saddle Brook","NJ","07663","Bergen","www.unilux.com","2017121266","2017121366","Michael Simonis","President","Mal","8008000","26","364898","Lighting Equ","3","0","1"
"143401","Aquatherm Inc","customerservice@warmwater.com","1940 Rutgers Blvd","7329059899","7329050440","343305","Solar Energy Equipment-Manufacturers","www.warmwater.com"," Email <---> Revenue ","54019","Aquatherm Inc","1940 Rutgers Blvd","Lakewood","NJ","08701","Ocean","www.warmwater.com","7329050440","7329059899","Dave Sizelove","President","Mal","8820000","45","343305","Solar Energy","3","0","1"
"140157","Nazdar Co","custserv@nazdar.com","7055 Central Hwy","3174844510","8566637878","508449","Screen Printing Equipment & Supls (Whol)","www.nazdar.com"," Email <---> Revenue ","457879","Nazdar Co","7055 Central Hwy","Pennsauken","NJ","08109","Camden","www.nazdar.com","8566637878","8566639467","Mike Fox","President","Mal","8694000","27","384104","Physicians &","3","0","1"
"7706","Advance Scale Co","info@advancescale.com","2400 Egg Harbor Rd","8566277878","8566270700","769923","Scales-Repairing","www.advancescale.com"," Email <---> Revenue ","24446","Advance Scale Co","2400 Egg Harbor Rd","Lindenwold","NJ","08021","Camden","www.advancescale.com","8566270700","8566277878","Jim Santarpio","President","Mal","6100000","50","769923","Scales-Repai","3","0","1"
"164815","Holland Management Corp","info@alliedoandp.com","813 E Gate Dr","8562730506","8562730495","599922","Artificial Limbs","www.alliedoandp.com"," Email <---> Revenue ","302649","Holland Management Corp","813 E Gate Dr","Mt Laurel","NJ","08054","Burlington","www.alliedoandp.com","8562730495","8562730506","Jon Shreter","Owner","Mal","5434000","26","599922","Artificial L","3","0","1"
"173812","Bevtek","info@bevtek.com","PO Box 776","6095181499","6095181419","507808","Soda Fountain Equipment (Wholesale)","NULL"," Email <---> Revenue ","87719","Bevtek","3440 Sylon Blvd","Hainesport","NJ","08036","Burlington","","6095181419","6095181499","Pete Vetrano","Owner","Mal","5610000","11","507808","Soda Fountai","3","0","1"
"150657","Wanaque Lumber Landscaping Inc","info@braenstone.com","1434 Ringwood Ave","9738353523","9738351419","521142","Lumber-Retail","www.wanaquesupply.com"," Email <---> Revenue ","675959","Wanaque Lumber Landscaping Inc","1434 Ringwood Ave","Haskell","NJ","07420","Passaic","www.wanaquesupply.com","9738351419","9738353523","Russ Gilmour","Manager","Mal","5160000","20","521142","Lumber-Retai","3","0","1"
"39560","Dywidag Systems","info@dywidag-systems.com","15 Industrial Rd","7709381219","9732769222","508206","Contractors-Equip/Supls-Dlrs/Svc (Whol)","www.dywidag-systems.com"," Email <---> Revenue ","203863","Dywidag Systems","15 Industrial Rd","Fairfield","NJ","07004","Essex","www.dywidag-systems.com","9732769222","9732769292","Mark Milici","Manager","Mal","9990000","15","508206","Contractors-","3","0","1"
"132058","Hasler Inc","info@haslerinc.com","371 Hoes Ln # 1","7819324244","7324638300","504415","Mailing Machines & Equipment (Wholesale)","www.haslerinc.com"," Email <---> Revenue ","292883","Hasler Inc","371 Hoes Ln # 1","Piscataway","NJ","08854","Middlesex","www.haslerinc.com","7324638300","7324638100","Frank Stanch","President","Mal","5698000","14","504415","Mailing Mach","3","0","1"
"104464","Fraternal Properties","info@jpcgroupinc.com","228 Blackwood Barnsboro Rd","8562321243","8562320400","671901","Holding Companies (Non-Bank)","www.jpcgroupinc.com"," Email <---> Revenue ","251808","Fraternal Properties","228 Blackwood Barnsboro Rd","Sewell","NJ","08080","Gloucester","www.jpcgroupinc.com","8562320400","8562321243","John Petrongolo","Manager","Mal","8060000","10","671901","Holding Comp","3","2","1"
"67079","Koba Corp","info@kobacorp.com","60 Baekeland Ave","7324690835","7324690110","354498","Special Dies/Tools Fxtrs/Ind Molds (Mfr)","NULL"," Email <---> Revenue ","367912","Koba Corp","60 Baekeland Ave","Middlesex","NJ","08846","Middlesex","www.kobacorp.com","7324690110","7324690835","Joseph Koelmel","CEO","Mal","8800000","50","354498","Special Dies","3","0","1"
"147906","Maax Manhattan","info@maax.com","410 Bloomfield Dr","5745465361","8567677067","521117","Shower Doors & Enclosures","www.maax.com"," Email <---> Revenue ","403843","Maax Manhattan","410 Bloomfield Dr","West Berlin","NJ","08091","Camden","www.maax.com","8567677067","8567531004","Tom Nadzen","Manager","Mal","5160000","20","521117","Shower Doors","3","0","1"
"61401","Covered Bridge Pharmacy","info@magazinerspharmacy.com","1501 Marlton Pike E","8562167600","8564298700","504704","Physicians & Surgeons Equip & Supls-Whol","NULL"," Email <---> Revenue ","163004","Covered Bridge Pharmacy","1501 Marlton Pike E","Cherry Hill","NJ","08034","Camden","www.magazinerspharmacy.com","8564298700","8562167600","Steven Magaziner","Owner","Mal","5980000","10","504704","Physicians &","3","0","1"
"16592","Olson Research Group Inc","info@olsonresearch.com","300 Phillips Blvd # 100","4102906726","6097995311","873204","Market Research & Analysis","www.olsonresearch.com"," Email <---> Revenue ","479163","Olson Research Group Inc","300 Phillips Blvd # 100","Trenton","NJ","08618","Mercer","www.olsonresearch.com","6097995311","","Charles Olson","President","Mal","5400000","40","873204","Market Resea","3","0","1"
"116169","Orlando Food Sales Inc","info@orlandofoods.com","51 E Spring Valley Ave","4073243329","2013689197","514102","Food Brokers","www.orlandofoods.com"," Email <---> Revenue ","482707","Orlando Food Sales Inc","51 E Spring Valley Ave","Maywood","NJ","07607","Bergen","www.orlandofoods.com","2013689197","2013682059","Carlo Orlando","Owner","Mal","7959000","7","514102","Food Brokers","3","0","1"
"27872","Contractors Register Inc","info@thebluebook.com","336 W Passaic St","8472970429","2013683737","179977","Contractors","www.thebluebook.com"," Email <---> Revenue ","157590","Contractors Register Inc","336 W Passaic St","Rochelle Park","NJ","07662","Bergen","www.thebluebook.com","2013683737","2013688913","Kennth Mosier","Manager","Mal","7896000","47","179977","Contractors","3","0","1"
"141639","Triple 5 Industries","info@triple5industries.com","242 Route 156","6095855578","6095855588","507422","Leak Detecting Instruments (Wholesale)","www.triple5industries.com"," Email <---> Revenue ","648557","Triple 5 Industries","242 Route 156","Yardville","NJ","08620","Mercer","www.triple5industries.com","6095855588","6095855578","Robert Soden","Owner","Mal","6369000","11","507422","Leak Detecti","3","0","1"
"165013","Troy Towers","info@troytowers.net","380 Mountain Rd","2018656962","2018656000","653117","Real Estate Consultants","www.troytowers.net"," Email <---> Revenue ","649321","Troy Towers","380 Mountain Rd","Union City","NJ","07087","Hudson","www.troytowers.net","2018656000","2018656962","Trudi Mathys","President","Fem","5475000","25","653117","Real Estate ","3","0","1"
"102509","Twin Towers Exxon Svc Station","info@twintowersservice.com","1290 Anderson Ave","2018869296","2012248444","554101","Service Stations-Gasoline & Oil","www.twintowersservice.com"," Email <---> Revenue ","651330","Twin Towers Exxon Svc Station","1290 Anderson Ave","Fort Lee","NJ","07024","Bergen","www.twintowersservice.com","2012248444","2018869296","John Pappalardo","Manager","Mal","5104000","11","554101","Service Stat","3","0","1"
"130706","Ultra Chemical Inc","info@ultrachem.com","2 Bridge Ave","7322240017","7322240200","289905","Chemicals-Manufacturers","www.ultrachem.com"," Email <---> Revenue ","655470","Ultra Chemical Inc","2 Bridge Ave","Red Bank","NJ","07701","Monmouth","www.ultrachem.com","7322240200","7322240017","Arthur J Lynch","Owner","Mal","6588000","12","289905","Chemicals-Ma","3","0","1"
"84641","Universal Promotions","info@uniproinc.com","265 Rt 36 # 205","7323899170","7322225299","519917","Advertising-Specialties (Wholesale)","www.uniproinc.com"," Email <---> Revenue ","659406","Universal Promotions","265 Rt 36 # 205","West Long Branch","NJ","07764","Monmouth","www.uniproinc.com","7322225299","7323899170","Paul Travers","Owner","Mal","5744000","8","519917","Advertising-","3","0","1"
"56245","U S Lumber Inc","info@uslumberinc.com","668 S Evergreen Ave","8563840262","8568531770","503109","Lumber-Wholesale","www.uslumberinc.com"," Email <---> Revenue ","652154","U S Lumber Inc","668 S Evergreen Ave","Woodbury Heights","NJ","08097","Gloucester","www.uslumberinc.com","8568531770","8563840262","Lida Abele","CEO","Fem","8472000","12","503109","Lumber-Whole","3","0","1"
"176043","Van Dam Machine Corp","info@vandamnl.com","20 Andrews Dr","9737851167","9737854444","355502","Printing Equipment-Manufacturers","www.vandammachine.com"," Email <---> Revenue ","663655","Van Dam Machine Corp","20 Andrews Dr","West Paterson","NJ","07424","Passaic","www.vandammachine.com","9737854444","9737851167","Andrea Stobbe","President","Fem","7560000","27","355502","Printing Equ","3","0","1"
"118897","Vibra Screw Inc","info@vibrascrew.com","755 Union Blvd","9732567567","9732567410","352314","Feed Handling Equipment (Manufacturers)","www.vibrascrew.com"," Email <---> Revenue ","667033","Vibra Screw Inc","755 Union Blvd","Totowa","NJ","07512","Passaic","www.vibrascrewinc.com","9732567410","9732567567","Eugene Wahl","President","Mal","8400000","29","352314","Feed Handlin","3","0","1"
"124816","Wetlawn Automatic Sprinkler","info@wetlawnsprinklers.com","7 Vickers Ave","8564538244","8564531153","526136","Sprinklers-Garden & Lawn-Retail","www.wetlawnsprinklers.com"," Email <---> Revenue ","683730","Wetlawn Automatic Sprinkler","7 Vickers Ave","Bridgeton","NJ","08302","Cumberland","www.wetlawnsprinklers.com","8564531153","8564538244","Jim Grusemeyer","Owner","Mal","5460000","20","526136","Sprinklers-G","3","0","1"
"52455","Yannuzzi & Sons Inc","info@yannuzzi.net","56 Oakwood Ave # 2","9736725523","9736728333","179502","Demolition Contractors","www.yannuzzi.net"," Email <---> Revenue ","695456","Yannuzzi & Sons Inc","56 Oakwood Ave # 2","Orange","NJ","07050","Essex","www.yannuzzi.net","9736722227","9736725523","James Yannuzzi","Owner","Mal","5000000","25","179502","Demolition C","3","0","1"
"178110","Steris-Isomedix Inc","investorrelations@steris.com","11 Apollo Dr","7637868199","9738872754","384104","Physicians & Surgeons Equip & Supls-Mfrs","www.steris.com"," Email <---> Revenue ","610321","Steris-Isomedix Inc","11 Apollo Dr","Whippany","NJ","07981","Morris","www.steris.com","9738872754","9738876591","Larry Winters","Manager","Mal","6720000","30","384104","Physicians &","3","0","1"
"95577","Lincare","jobs@lincare.com","1950 Old Cuthbert Rd # A","6053420360","8567958744","504712","Hospital Equipment & Supplies (Whol)","www.lincare.com"," Email <---> Revenue ","388994","Lincare","1950 Old Cuthbert Rd # A","Cherry Hill","NJ","08034","Camden","www.lincare.com","8567958744","8567958618","Jay Addison","Manager","Mal","5980000","10","504712","Hospital Equ","3","0","1"
"172591","West Marine","jobs@westmarine.com","State Rte 35 & State Rte 36","9043887396","7325428282","555113","Marine Equipment & Supplies","www.westmarine.com"," Email <---> Revenue ","682247","West Marine","35 South St","Eatontown","NJ","07724","Monmouth","www.westmarine.com","7325428282","7325424559","Ken Fabrizio","Manager","Fem","6594000","14","555113","Marine Equip","3","0","1"
"70398","West Caldwell Public Works","mail@westcaldwell.com","21 Clinton Rd","9732269029","9732262300","161104","Parking Area/Lots Maintenance & Marking","www.westcaldwell.com"," Email <---> Revenue ","681803","West Caldwell Public Works","21 Clinton Rd","West Caldwell","NJ","07006","Essex","www.westcaldwell.com","9732262300","9732269029","Bill Frint","Executive Director","Mal","6622000","22","161104","Parking Area","3","0","1"
"183502","Shearer-Penn","office@shearerpenn.com","300 Basin Rd","6099242800","6099242800","078301","Tree Service","www.shearerpenn.com"," Email <---> Revenue ","583987","Shearer Penn Tree Surgeons","300 Basin Rd","Trenton","NJ","08619","Mercer","www.shearerpenn.com","6099242800","6095876750","Sam Willard","Owner","Mal","5600000","50","78301","Tree Service","3","0","1"
"185212","Video Pipe Svc Inc","office@specializedmaintenance.com","1566 Harding Hwy","8162415054","8566971900","162307","Sewer Contractors","www.caryloncorp.com"," Email <---> Revenue ","668111","Video Pipe Svc Inc","1566 Harding Hwy","Newfield","NJ","08344","Gloucester","www.caryloncorp.com","8566971900","8566970757","Patricia Giunta","Exec VP","Fem","8750000","35","162307","Sewer Contra","3","0","1"
"22386","Raymour & Flanigan Furniture","privacy@raymourflanigan.com","Cooper Rd & Route 73","8567534756","8567531156","571216","Furniture-Dealers-Retail","www.raymourandflanigan.com"," Email <---> Revenue ","537886","Raymour & Flanigan Furniture","79 Route 73 # 2","Voorhees","NJ","08043","Camden","","8567531156","8567534756","Brenda Grundlock","Manager","Fem","9180000","30","571216","Furniture-De","3","0","1"
"184843","Cort Furniture Rental","sales@cort.net","550 Meadowlands Pkwy","5036264374","2019986400","735930","Furniture-Renting & Leasing","www.cort1.com"," Email <---> Revenue ","160396","Cort Furniture Rental","550 Meadowlands Pkwy","Secaucus","NJ","07094","Hudson","www.cort1.com","2019986400","2019986155","Ben Herschman","Manager","Mal","9150000","50","735930","Furniture-Re","3","0","1"
"97357","Feller US Corp","sales@feller-us.com","10 Van Dyke Ave # B","7322477279","7322477333","367906","Electronic Power Supplies-Manufacturers","NULL"," Email <---> Revenue ","237156","Feller US Corp","10 Van Dyke Ave # B","New Brunswick","NJ","08901","Middlesex","www.feller-us.net","7322477333","7322477279","Gregor Kysely","President","Mal","6120000","30","367906","Electronic P","3","0","1"
"114908","Harrington Robb Co","sales@harringtonrobb.com","41 Twosome Dr # 4","8566429606","8566429605","508225","Mixing & Agitation Machinery (Wholesale)","NULL"," Email <---> Revenue ","291440","Harrington Robb Co","41 Twosome Dr # 4","Moorestown","NJ","08057","Burlington","www.harringtonrobb.com","8566429605","8566429606","Steve Holmes","President","Mal","8150000","10","508225","Mixing & Agi","3","0","1"
"97639","Mendon Truck Leasing & Rental","sales@mendonleasing.com","100 Kero Rd","2129893837","2014380500","751303","Truck Renting & Leasing","www.mendonleasing.com"," Email <---> Revenue ","427191","Mendon Truck Leasing & Rental","100 Kero Rd","Carlstadt","NJ","07072","Bergen","www.mendonleasing.com","2014380500","2014384606","Richard Ricco","VP","Mal","7680000","20","751303","Truck Rentin","3","0","1"
"79449","Surface Technology Inc","sales@surfacetechnology.com","105 N Gold Dr","6092590077","6092590099","508415","Plating Equipment & Supplies (Wholesale)","www.surfacetechnology.com"," Email <---> Revenue ","620954","Surface Technology Inc","105 N Gold Dr","Trenton","NJ","08691","Mercer","www.surfacetechnology.com","6092590099","6092590077","Michael Feldstein","Owner","Mal","8160000","15","508415","Plating Equi","3","0","1"
"136083","United Business Systems","sales@ubscopy.com","1275 Bloomfield Ave # 81 # 9","9732766297","9732766299","504403","Copying & Duplicating Machines & Supls","www.ubscopy.com"," Email <---> Revenue ","657696","United Business Systems","1275 Bloomfield Ave # 81 # 9","Fairfield","NJ","07004","Essex","www.ubscopy.com","9732766299","9732766297","Carlo Calabrese","Owner","Mal","6660000","20","504403","Copying & Du","3","0","1"
"17539","US Polymers Inc","sales@uspolymersnj.com","142 Front St","2018632323","2018632323","282101","Plastics-Raw Mtrls/Powder/Resin-Mfrs","www.uspolymersnj.com"," Email <---> Revenue ","653619","US Polymers Inc","142 Front St","Secaucus","NJ","07094","Hudson","www.uspolymersnj.com","2018632323","","James Emmer","President","Mal","7539000","7","282101","Plastics-Raw","3","0","1"
"47710","UTZ Engineering Inc","sales@utz.com","101 Industrial St E","9737784239","9737784560","356901","Screening & Sifting Equipment (Mfrs)","www.utz.com"," Email <---> Revenue ","654914","UTZ Engineering Inc","101 Industrial St E","Clifton","NJ","07012","Passaic","www.utz.com","9737784560","9737784239","Arthur Wein","President","Mal","6240000","30","356901","Screening & ","3","0","1"
"69843","W D Svc Co","sales@wdserviceco.com","780 Creek Rd","8569314505","8569316100","516914","Ammonia (Wholesale)","www.wdserviceco.com"," Email <---> Revenue ","672842","W D Svc Co","780 Creek Rd","Bellmawr","NJ","08031","Camden","www.wdserviceco.com","8569316100","8569314505","Paul Cuccinello","President","Mal","8008000","8","516914","Ammonia (Who","3","0","1"
"71223","Wilson Supply Co","sales@wilsononline.com","20 Harmich Rd","9039841198","9082260700","325902","Drain Pipes-Clay-Manufacturers","www.wilsononline.com"," Email <---> Revenue ","688280","Wilson Supply Co","20 Harmich Rd","South Plainfield","NJ","07080","Middlesex","www.iwilson.com","9082260700","9082269726","Peter Coluchi","Manager","Mal","7240000","40","325902","Drain Pipes-","3","0","1"
"73131","Wrapade Packaging Systems LLC","sales@wrapade.com","180 Brighton Rd","9737736010","9737736150","508438","Packaging Machinery-Wholesale","www.wrapade.com"," Email <---> Revenue ","693466","Wrapade Packaging Systems LLC","180 Brighton Rd","Clifton","NJ","07012","Passaic","www.wrapade.com","9737736150","9737736010","Bill Beattie","President","Mal","5440000","10","508438","Packaging Ma","3","0","1"
"144091","W S Goff Co","sales@wsgoff.com","400 S Main St","6096411690","6096414165","502112","Office Furniture & Equip-Dealers (Whol)","www.wsgoff.com"," Email <---> Revenue ","673230","W S Goff Co","400 S Main St","Pleasantville","NJ","08232","Atlantic","www.wsgoff.com","6096414165","6096411690","J Barry Goff Jr","President","Mal","8333000","13","502112","Office Furni","3","0","1"
"110934","X S Smith Inc","sales@xssmith.com","Old Deal Rd","7322227288","7322224600","344803","Greenhouses-Manufacturers","www.xssmith.com"," Email <---> Revenue ","694227","X S Smith Inc","Old Deal Rd","Eatontown","NJ","07724","Monmouth","www.xssmith.com","7322224600","7322227288","Richard W Smith Jr","President","Mal","5275000","25","344803","Greenhouses-","3","0","1"
"126718","Wayne Machine & Die Co","service@waynemachine.com","100 Furler St # 1","9732561778","9732567374","354498","Special Dies/Tools Fxtrs/Ind Molds (Mfr)","www.waynemachine.com"," Email <---> Revenue ","678955","Wayne Machine & Die Co","100 Furler St # 1","Totowa","NJ","07512","Passaic","www.waynemachine.com","9732567374","9732561778","Joseph V Scuralli","President","Mal","5280000","30","354498","Special Dies","3","0","1"
"284","Sew-Eurodrive Inc","webmaster@dhtmlcentral.com","200 High Hill Rd","3232774610","8564672277","356602","Speed Reducers (Manufacturers)","www.stoltseafarm.com"," Email <---> Revenue ","582063","Sew-Eurodrive Inc","200 High Hill Rd","Swedesboro","NJ","08085","Gloucester","www.seweurodrive.com","8564672277","8568453179","Mike Zlockie","Manager","Mal","9650000","50","356602","Speed Reduce","3","0","1"
"181150","Graebel Eastern Movers Inc","webmaster@graebel.com","923 N Lenola Rd","5138604738","8562359100","478301","Packing & Crating Service","www.graebel.com"," Email <---> Revenue ","276979","Graebel Eastern Movers Inc","923 N Lenola Rd","Moorestown","NJ","08057","Burlington","www.graebel.com","8562359100","8562739467","Dobby Dobson","Manager","Mal","6952000","79","478301","Packing & Cr","3","0","1"
"174683","Mc Cormick Taylor & Assoc Inc","webmaster@mta.biz","700 E Gate Dr # 201","4129226851","8564862100","871111","Engineers-Consulting","www.mccormicktaylor.com"," Email <---> Revenue ","421784","Mc Cormick Taylor & Assoc Inc","700 E Gate Dr # 201","Mt Laurel","NJ","08054","Burlington","www.mccormicktaylor.com","8564862100","8567930819","Gary Bellotti","VP","Mal","9315000","45","871111","Engineers-Co","3","0","1"
"141833","Nestle Food Co","webmaster@nestle.com","2035 State Route 27 # 3004","3149822134","7322481260","541104","Food Products-Retail","www.nestle.com"," Email <---> Revenue ","459217","Nestle Food Co","2035 State Route 27 # 3004","Edison","NJ","08817","Middlesex","www.nestle.com","7322481260","7326509669","David Steinhacker","Executive Director","Mal","7410000","30","541104","Food Product","3","0","1"
"186925","Budget Truck Rental","webmaster@ryder.com","2020 Hylton Rd","8564880025","8566630367","751303","Truck Renting & Leasing","www.ryder.com"," Email <---> Revenue ","106444","Budget Truck Rental","2020 Hylton Rd","Pennsauken","NJ","08110","Camden","www.ryder.com","8566630367","8564880025","Mike Hess","Manager","Mal","7680000","20","751303","Truck Rentin","3","0","1"
"125817","Stanfast Inc","webmaster@standardregister.com","202 Commerce Dr # 2","9163400200","8562732454","276103","Business Forms & Systems-Manufacturers","www.smartworks.com"," Email <---> Revenue ","606506","Stanfast Inc","202 Commerce Dr # 2","Moorestown","NJ","08057","Burlington","www.standardregister.com","8562732454","8562737792","Charles Jones","Manager","Mal","7410000","30","276103","Business For","3","0","1"
"11221","Cuno Inc","webmaster@theworxgroup.com","613 Industrial Rd","2019339050","2019339100","356905","Filtering Materials & Supplies (Mfrs)","www.cuno.com"," Email <---> Revenue ","168645","Cuno Inc","613 Industrial Rd","Carlstadt","NJ","07072","Bergen","www.cuno.com","2019339100","2019339050","","","","5145000","21","356905","Filtering Ma","3","0","1"
"131192","Troemner","webmaster@troemner.com","201 Wolf Dr","8566861601","8566861600","384104","Physicians & Surgeons Equip & Supls-Mfrs","www.troemner.com"," Email <---> Revenue ","648987","Troemner","201 Wolf Dr","Thorofare","NJ","08086","Gloucester","www.troemner.com","8566861600","8566861601","Will Abele","President","Mal","5600000","25","384104","Physicians &","3","0","1"
"60650","Trus Joist Corp","webmaster@trusjoist.com","104 Centre Blvd # E","9166496835","8565965555","521124","Trusses-Construction Whol & Mfrs","www.trusjoist.com"," Email <---> Revenue ","649742","Trus Joist Corp","104 Centre Blvd # E","Marlton","NJ","08053","Burlington","www.trusjoist.com","8565965555","8569859806","Craig Mc Donald","Manager","Mal","5160000","20","521124","Trusses-Cons","3","0","1"
