mail id,company,email,address,phone,fax,sic,sic description,web,,revenue id,company,address,city,state,zip,	metro,web,phone,fax,contact,position,gender,sales,# of employee,sic,sic_descrpiton,	,,
"139763","Metropolitan Life","WulffCheryl@metlife.com","65 Jackson Dr # 3","NULL","9082769942","628205","Financial Planning Consultants","NULL"," Email <---> Revenue ","429921","Metropolitan Life","65 Jackson Dr # 3","Cranford","NJ","07016","Union","","9082769942","9082768634","Cheryl Wulff","Manager","Fem","14490000","45","628205","Financial Pl","4","0","1"
"158934","Weekly Reader Corp","webteam@weeklyreader.com","3001 Cindel Dr","2037051665","8567865500","272198","Periodicals-Publishing & Printing","www.weeklyreader.com"," Email <---> Revenue ","680015","Weekly Reader Corp","3001 Cindel Dr","Delran","NJ","08075","Burlington","www.weeklyreader.com","8567865500","8567863360","Marsha Smith","Executive Director","Fem","18045000","45","272198","Periodicals-","4","2","1"
"179176","Pq Corp Specialty Div","webmonitor@pqcorp.com","2 Paddock St","9287578608","7327509040","281998","Industrial Inorganic Chmcls Nec (Mfrs)","www.pqcorp.com"," Email <---> Revenue ","515243","Pq Corp Specialty Div","2 Paddock St","Avenel","NJ","07001","Middlesex","www.pqcorp.com","7327509040","7326342840","Merrill Colmery","Plant Mgr","Mal","15616000","32","281998","Industrial I","4","0","1"
"114929","ARA Refreshment Svc","warner-doug@aramark.com","102 Mayfield Ave","2812922027","7323460500","507801","Water Coolers Fountains & Filters (Whol)","www.aramark.com"," Email <---> Revenue ","15622","ARA Refreshment Svc","102 Mayfield Ave","Edison","NJ","08837","Middlesex","","7323460500","7323460610","Ciro Deperi","Manager","Mal","13770000","27","507801","Water Cooler","4","0","1"
"10537","Tru Green Land Care","trugreenlandcareinfo@landcare.com","540 Rt 31 S","3368560983","9082841500","078204","Landscape Contractors","www.trugreenlandcare.com"," Email <---> Revenue ","649376","Tru Green Land Care","540 Rt 31 S","Ringoes","NJ","08551","Hunterdon","www.trugreenlandcare.com","9082841500","9082841559","Karl Zainitzer","Manager","Mal","11760000","140","78204","Landscape Co","4","1","1"
"186627","Estes Express Lines","truckload@estes-express.com","67 Green Pond Rd # 1","5022670632","9735861918","421309","Trucking-Motor Freight","www.estes-express.com"," Email <---> Revenue ","225353","Estes Express Lines","67 Green Pond Rd # 1","Rockaway","NJ","07866","Morris","www.estes-express.com","9735861918","9735861766","Bill Cookson","Manager","Mal","15100000","100","421309","Trucking-Mot","4","0","1"
"151071","Congress Title","Trish.Amendola@ctt.com","110 Barclay Pavilion E","NULL","6092610484","654102","Title Companies","NULL"," Email <---> Revenue ","155679","Congress Title","110 Barclay Pavilion E","Cherry Hill","NJ","08034","Camden","www.congresstitle.com","6092610484","8567958758","Joseph Ryan","Owner","Mal","13200000","75","654102","Title Compan","4","0","1"
"170461","Windsor Workspaces","tomb@windsorws.com","33 Fairfield Pl","9732278801","9732275050","502112","Office Furniture & Equip-Dealers (Whol)","www.windsorws.com"," Email <---> Revenue ","688928","Windsor Workspaces","33 Fairfield Pl","West Caldwell","NJ","07006","Essex","www.windsorws.com","9732275050","9732278801","Tom Buraszeski","Owner","Mal","21794000","34","502112","Office Furni","4","0","1"
"179359","U K Elite Soccer","teamtrainingweeks@ukelite.com","33 Market St","9736319802","9736319802","794102","Soccer Clubs","www.ukelite.com"," Email <---> Revenue ","651910","U K Elite Soccer","33 Market St","Morristown","NJ","07960","Morris","www.ukelite.com","9736319802","9736318743","Michael Smoothey","Manager","Mal","15540000","60","794102","Soccer Clubs","4","0","1"
"79963","Compushare","stevem@primenet.com","202 White Horse Pike","7132672326","8565476483","504411","Bank Equipment & Supplies (Wholesale)","www.compushare.com"," Email <---> Revenue ","154045","Compushare","202 White Horse Pike","Barrington","NJ","08007","Camden","www.compushare.com","8565476483","8565477809","Romir Bosu","Manager","Mal","20350000","50","504411","Bank Equipme","4","0","1"
"188508","Wild Oats Natural Marketplace","stan@wildoaks.com","255 Nassau St","6094979198","6099244993","542107","Meat-Retail","www.wildoaks.com"," Email <---> Revenue ","685616","Wild Oats Natural Marketplace","255 Nassau St","Princeton","NJ","08540","Mercer","www.wildoaks.com","6099244993","6094979198","Dean Stefano","Manager","Mal","14100000","75","542107","Meat-Retail","4","0","1"
"100963","Black Tiger Co Inc","shihua@blacktigerco.com","1301 Bremen Ave","6098041179","6098041158","514601","Seafood-Wholesale","NULL"," Email <---> Revenue ","91186","Black Tiger Co Inc","1301 Bremen Ave","Egg Harbor City","NJ","08215","Atlantic","www.blacktigerco.com","6098041158","6098041179","Ron Mc Cartney","President","Mal","20175000","25","514601","Seafood-Whol","4","0","1"
"183956","Squire Corrugated Container","seymour.beneroff@squirebox.com","1500 Lower Rd","9088626815","908-862-9111","2653","Corrugated and Solid Fiber Boxes","NULL"," Email <---> Revenue ","603168","Squire Corrugated Container","1500 Lower Rd","Linden","NJ","07036","Union","www.squirebox.com","9088629111","9088626815","Seymour S Beneroff","CEO","Mal","13200000","100","265301","Corrugated &","4","0","1"
"167172","Physician Sales & Svc Inc","seaglin@pssd.com","201 Ridgedale Ave","5044698424","9736831200","504704","Physicians & Surgeons Equip & Supls-Whol","www.pssd.com"," Email <---> Revenue ","506517","Physician Sales & Svc Inc","201 Ridgedale Ave","Cedar Knolls","NJ","07927","Morris","www.pssd.com","9736831200","9737758520","Steve Kewette","Manager","Mal","23920000","40","504704","Physicians &","4","0","1"
"170827","Interstate Connecting Compnts","ScottJ@connecticc.com","310 Commerce Dr # A","8567229425","8567225535","364301","Connectors-Electric-Manufacturers","NULL"," Email <---> Revenue ","321505","Interstate Connecting Compnts","310 Commerce Dr # A","Moorestown","NJ","08057","Burlington","www.connecticc.com","8567225535","8567229425","Scott Jacobs","President","Mal","10600000","40","364301","Connectors-E","4","0","1"
"133954","United States Box Corp","samples@usbox.com","1296 Mccarter Hwy","9734812002","9734812000","874213","Marketing Programs & Services","www.usbox.com"," Email <---> Revenue ","658522","United States Box Corp","1296 Mccarter Hwy","Newark","NJ","07104","Essex","www.usbox.com","9734812000","9734812002","Alan Kossoff","President","Mal","14220000","40","874213","Marketing Pr","4","0","1"
"68674","Monteath Moulding","S_W@monteath.com","3150 Bordentown Ave","7327211752","7327274000","503109","Lumber-Wholesale","NULL"," Email <---> Revenue ","443356","Monteath Moulding","3150 Bordentown Ave","Old Bridge","NJ","08857","Middlesex","www.monteath.com","7327274000","7327211752","Steve Wilson","President","Mal","15246000","18","503109","Lumber-Whole","4","0","1"
"167089","All Seasons Moving Svc","RP@allseasonmovers.com","12 Breiderhoft Rd","2019972515","2019978034","421401","Movers","NULL"," Email <---> Revenue ","35135","All Seasons Moving Svc","12 Breiderhoft Rd","Kearny","NJ","07032","Hudson","www.allseasonmovers.com","2019978034","2019972515","Pat Robbie","Owner","Mal","14250000","150","421401","Movers","4","0","1"
"136935","Casting Technologies","Ron@castingtechnology.com","70 Pennsylvania Ave","9736905354","9733440166","336903","Castings","NULL"," Email <---> Revenue ","125780","Casting Technologies","70 Pennsylvania Ave","Kearny","NJ","07032","Hudson","","9733440166","9736905354","Ron Landau","President","Mal","20960000","80","336903","Castings","4","0","1"
"187248","Panduit Corp","rohs@panduit.com","90 Main St # 204","9725180500","2014419512","506331","Electric Motors-Distributors","www.panduit.com"," Email <---> Revenue ","490023","Panduit Corp","90 Main St # 204","Hackensack","NJ","07601","Bergen","www.panduit.com","2014419512","2014419534","Tom Wallace","Manager","Mal","11445000","15","506331","Electric Mot","4","0","1"
"180630","OMG Fidelity Chemical Products","responsiblecare@na.omgi.com","470 Frelinghuysen Ave","9732425796","9732424110","289905","Chemicals-Manufacturers","www.omgi.com"," Email <---> Revenue ","474640","OMG Fidelity Chemical Products","470 Frelinghuysen Ave","Newark","NJ","07114","Essex","www.omgi.com","9732424110","9732425796","Reginald Williams","Plant Mgr","Mal","12000000","50","289905","Chemicals-Ma","4","0","1"
"21231","Museum Of Modern Art","requests@artres.com","5 Brick Plant Rd # D","2127089889","7322574014","731908","Distribution Services","www.moma.org"," Email <---> Revenue ","450748","Museum Of Modern Art","5 Brick Plant Rd # D","South River","NJ","08882","Middlesex","www.moma.org","7322574014","7322573353","Chuck Inman","Owner","Mal","10170000","45","731908","Distribution","4","0","1"
"82614","A Plus Letter Svc","RaymondFinnegan@aplusletter.com","200 Syracuse Ct","7329054662","7329052010","733101","Mailing & Shipping Services","NULL"," Email <---> Revenue ","10509","A Plus Letter Svc","200 Syracuse Ct","Lakewood","NJ","08701","Ocean","www.aplusletter.com","7329052010","7329054662","Raymond Finnegan","Owner","Mal","21000000","100","733101","Mailing & Sh","4","0","1"
"158269","Managed Healthcare Assoc","Ray@mhainc.com","25a Vreeland Rd","9739665529","9739669200","283404","Drug Millers","NULL"," Email <---> Revenue ","408577","Managed Healthcare Assoc","25 Vreeland Rd","Florham Park","NJ","07932","Morris","www.mhainc.com","9739669200","9739665529","Ray Schwartz","President","Mal","14450000","85","874242","Health Care ","4","0","1"
"160164","Care Alternatives","questionsandconcerns@carealt.com","70 Jackson Dr","8165848110","9089319060","805908","Hospices","www.carealt.com"," Email <---> Revenue ","121209","Care Alternatives","70 Jackson Dr","Cranford","NJ","07016","Union","www.carealt.com","9089319060","9089319081","Manon Floquet","CEO","Fem","21000000","300","805908","Hospices","4","0","1"
"177845","John A Van Deusen & Assoc","prowett@vdassoc.com","5 Regent St # 524","9739942539","9739949220","874828","Elevator Consultants","www.vdassoc.com"," Email <---> Revenue ","345501","John A Van Deusen & Assoc","5 Regent St # 524","Livingston","NJ","07039","Essex","www.vdassoc.com","9739949220","9739942539","John Van Deusen","CEO","Mal","10800000","48","874828","Elevator Con","4","1","1"
"40122","Global Soft Digital Solutions","Petro-Christopher@globalsoftdigital.com","371 State Rt 17","2017601004","2016840900","275202","Printers","NULL"," Email <---> Revenue ","272186","Global Soft Digital Solutions","371 State Rt 17","Mahwah","NJ","07430","Bergen","www.globalsoftdigital.com","2016840900","2017601004","Christopher Petro","Owner","Mal","10350000","50","275202","Printers","4","0","1"
"152751","Parsons Brinckerhoff Quade","pbinfo@pbworld.com","506 Carnegie Ctr","6097346900","6097347000","871111","Engineers-Consulting","www.pbworld.com"," Email <---> Revenue ","493212","Parsons Brinckerhoff Quade","506 Carnegie Ctr","Princeton","NJ","08540","Mercer","www.pbworld.com","6097347000","6097346900","","","","19750000","125","871111","Engineers-Co","4","0","1"
"178231","Symbol Technologies Inc","patricia.hall@symbol.com","401 Hackensack Ave # 10","7708509999","2014882001","504421","Bar Code Scanning Equip & Supls (Whol)","www.symbol.com"," Email <---> Revenue ","623304","Symbol Technologies Inc","401 Hackensack Ave # 10","Hackensack","NJ","07601","Bergen","www.symbol.com","2014882001","2014880705","Steven Smith","Manager","Mal","12654000","38","504421","Bar Code Sca","4","0","1"
"147570","Atrion Communications Rsrcs","Pat.Grillo@atrioncomm.com","185 Industrial Pkwy # I","9082318228","9082317777","504506","Data Communications Equip/Systems (Whol)","NULL"," Email <---> Revenue ","64161","Atrion Communications Rsrcs","185 Industrial Pkwy # I","Branchburg","NJ","08876","Somerset","www.atrioncomm.com","9082317777","9082318228","Pat Grillo","Owner","","17043000","19","504506","Data Communi","4","0","1"
"186117","Arora & Assoc PC","pajobs@arorapc.com","3120 Princeton Pike # 3","6098449799","6098441111","871111","Engineers-Consulting","www.arorapc.com"," Email <---> Revenue ","56679","Arora & Assoc PC","3120 Princeton Pike # 3","Lawrenceville","NJ","08648","Mercer","www.arorapc.com","6098441111","6098449799","Surinder S Arora","President","Mal","13455000","65","871111","Engineers-Co","4","0","1"
"45533","John Crane Inc","opt-out@johncrane.com","301 Berkley Dr","2563511028","8562413507","305301","Seals-Oil, Grease, Etc (Manufacturers)","Grease"," Email <---> Revenue ","345870","John Crane Inc","301 Berkley Dr","Swedesboro","NJ","08085","Gloucester","www.johncrane.com","8562413507","8562413531","Lisa Puchalski","Manager","Fem","12720000","60","305301","Seals-Oil, G","4","0","1"
"146507","Operations Management Intl","oliverporter1@comcast.net","1600 Adams St","9123697644","2017951411","162910","Water Pollution Control","www.omiinc.com"," Email <---> Revenue ","481255","Operations Management Intl","1600 Adams St","Hoboken","NJ","07030","Hudson","www.omiinc.com","2017951411","2014206917","Jim Howey","Executive Director","Mal","10000000","40","162910","Water Pollut","4","0","1"
"55261","R & B Home Svc","oakwood@oakwoodworldwide.com","45 Commerce Way","9528818559","9738125400","502314","Housewares-Wholesale","www.oakwood.com"," Email <---> Revenue ","528687","R & B Home Svc","45 Commerce Way","Totowa","NJ","07512","Passaic","www.oakwood.com","9738125400","9738121115","Norman William","Manager","Mal","13925000","25","502314","Housewares-W","4","0","1"
"81259","Precision Automation Co Inc","nj@precisionautomationinc.com","1841 Old Cuthbert Rd","8564281270","8564280400","354107","Machine Tools-Manufacturers","www.precisionautomationinc.com"," Email <---> Revenue ","515774","Precision Automation Co Inc","1841 Old Cuthbert Rd","Cherry Hill","NJ","08034","Camden","www.precisionautomationinc.com","8564287400","8564281270","Fred Rexon Sr","Owner","Mal","13860000","65","354107","Machine Tool","4","0","1"
"169467","Joseph Oat Corp","mkaplan@josephoat.com","2500 S Broadway # 10","8565410864","8565412900","355909","Special Industry Machinery Nec (Mfrs)","NULL"," Email <---> Revenue ","351229","Joseph Oat Corp","2500 S Broadway # 10","Camden","NJ","08104","Camden","www.josephoat.com","8565412900","8565410864","Martin Kaplan","CEO","Mal","24800000","145","355909","Special Indu","4","0","1"
"158985","U S Technologies","military.sales@ustechnologies.com","17-01 Pollitt Dr # 2","2014758710","2014758700","384104","Physicians & Surgeons Equip & Supls-Mfrs","www.ustechnologies.com"," Email <---> Revenue ","652280","U S Technologies","17-01 Pollitt Dr # 2","Fair Lawn","NJ","07410","Bergen","www.ustechnologies.com","2014758700","2014758710","Gary Grugowsky","President","Mal","14490000","45","384104","Physicians &","4","0","1"
"57288","Allied Building Products Corp","mike.josh@alliedbuilding.com","2065 State Route 34","2015073855","7324493355","521114","Roofing Materials","www.alliedbuilding.com"," Email <---> Revenue ","37245","Allied Building Products Corp","2065 State Route 34","Wall","NJ","07719","Monmouth","www.alliedbuilding.com","7324493355","7324490342","Gary Finn","Manager","Mal","15750000","45","521126","Building Mat","4","0","1"
"112044","Trammell Crow Co","mdunn@trammellcrow.com","600 Campus Dr","7753566517","9734372100","653135","Real Estate Support Services","www.trammellcrow.com"," Email <---> Revenue ","644663","Trammell Crow Co","300 Campus Dr","Florham Park","NJ","07932","Morris","www.trammelcrow.com","9734372100","9734372021","Paul Torosian","Manager","Mal","10950000","50","653135","Real Estate ","4","0","1"
"54969","Kreisler Manufacturing Corp","mdstern@kreisler-ind.com","180 Van Riper Ave","NULL","2017910700","372498","Aircraft Engines & Engine Parts-Mfrs","NULL"," Email <---> Revenue ","369563","Kreisler Manufacturing Corp","180 Van Riper Ave","Elmwood Park","NJ","07407","Bergen","","2017910700","","Michael D Stern","CEO","Mal","12296000","102","372498","Aircraft Eng","4","0","1"
"132834","Franklin Central Communication","MartyD@franklincentral.com","640 Franklin Ave # 1","9732359102","9732359350","506563","Telecommunication Equip/Syst-Whol/Mfrs","NULL"," Email <---> Revenue ","251036","Franklin Central Communication","20 Baltimore St","Nutley","NJ","07110","Essex","www.franklincentral.com","9732359350","9732359102","Marty De Palma","President","Mal","12120000","12","506563","Telecommunic","4","0","1"
"112149","Parker Labs","Martin@parkerlabs.com","286 Eldridge Rd","9732769510","9732769500","384104","Physicians & Surgeons Equip & Supls-Mfrs","NULL"," Email <---> Revenue ","492517","Parker Labs","286 Eldridge Rd","Fairfield","NJ","07004","Essex","www.parkerlabs.com","9732769500","9732769510","Martin Buchalter","Owner","Mal","12880000","40","384104","Physicians &","4","0","1"
"96707","Bradway Trucking","M_B@bradwaytrucking.com","1040 N Brewster Rd","8566920391","8566921448","421309","Trucking-Motor Freight","NULL"," Email <---> Revenue ","98938","Bradway Trucking","1040 N Brewster Rd","Vineland","NJ","08361","Cumberland","www.bradwaytrucking.com","8566921448","8566920391","Melvin Bradway","Owner","Mal","11325000","75","421309","Trucking-Mot","4","0","1"
"70482","Technical Marketing Group","ltaccone@techmktgrp.com","175 Fairfield Ave # 3c","9732269518","9732263300","506519","Electronic Equipment & Supplies-Whol","NULL"," Email <---> Revenue ","630387","Technical Marketing Group","175 Fairfield Ave # 3c","West Caldwell","NJ","07006","Essex","","9732263300","9732269518","Larry Taccone","Owner","Mal","13130000","13","506519","Electronic E","4","0","1"
"81977","Global Partners In Shielding","Lois@shieldingsystems.com","838 Main Ave","9735749078","9735749077","384501","Shielding-Magnetic Electrostatic (Mfrs)","NULL"," Email <---> Revenue ","272071","Global Partners In Shielding","838 Main Ave","Passaic","NJ","07055","Passaic","www.shieldingsystems.com","9735749077","9735749078","Lois Hener","President","Fem","17360000","35","384501","Shielding-Ma","4","0","1"
"23052","Genmab","Lisa@genmab.com","457 N Harrison St # 2","6094302482","6094302481","283601","Biological Products (Manufacturers)","NULL"," Email <---> Revenue ","265789","Genmab","457 N Harrison St # 2","Princeton","NJ","08540","Mercer","www.genmab.com","6094302481","6094302482","Lisa Drakeman","Owner","Fem","10878000","21","283601","Biological P","4","0","1"
"22007","Hellmann International","libbyfh@comcast.net","35 Fadem Rd","7182440744","9732580200","509905","Importers","www.hellmann.com"," Email <---> Revenue ","296212","Hellmann International","35 Fadem Rd","Springfield","NJ","07081","Union","www.hellmann.com","9732580200","9732580382","Barbara Belli","Manager","Fem","20768000","22","509905","Importers","4","0","1"
"189195","DMJM Harris","laurie.gutshaw@dmjmharris.com","485b Us Highway 1 S # 2","8042907921","7326364990","871111","Engineers-Consulting","www.dmjmharris.com"," Email <---> Revenue ","174637","DMJM Harris","485b Us Highway 1 S # 2","Iselin","NJ","08830","Middlesex","","7326364990","7326366338","Glen Kartalis","VP","Mal","20700000","100","871111","Engineers-Co","4","0","1"
"109583","EUS Communications","KenS@euscom.com","55 Main St","6095850709","6095850577","481304","Telephone Companies","NULL"," Email <---> Revenue ","206421","EUS Communications","55 Main St","Trenton","NJ","08620","Mercer","","6095850577","6095850709","Ken Samu","Owner","Mal","16650000","50","481304","Telephone Co","4","0","1"
"24347","American Duplicating","KenBorow@amerdup.com","7882 Browning Rd","8566621219","8566621200","504403","Copying & Duplicating Machines & Supls","NULL"," Email <---> Revenue ","42833","American Duplicating","7882 Browning Rd","Pennsauken","NJ","08109","Camden","www.amerdup.com","8566621200","8566621219","Ken Borow","Owner","Mal","14245000","35","504403","Copying & Du","4","0","1"
"37716","Burns & Roe Process Group","Keith@roe.com","2000 Crawford Pl # 100","8569145979","8569145800","871109","Engineers-Chemical","NULL"," Email <---> Revenue ","108219","Burns & Roe Process Group","2000 Crawford Pl # 100","Mt Laurel","NJ","08054","Burlington","www.roe.com","8569145800","8569145979","Keith Roe","President","Mal","18630000","90","871109","Engineers-Ch","4","0","1"
"97274","Princeton Bio Molecular Rsrch","KDallas@princetonbio.com","7 Deerpark Dr # F","7323559921","7323559920","512203","Pharmaceutical Products-Wholesale","NULL"," Email <---> Revenue ","519110","Princeton Bio Molecular Rsrch","7 Deerpark Dr # F","Monmouth Jct","NJ","08852","Middlesex","www.princetonbio.com","7323559920","7323559921","Kenneth Dallas","Owner","Mal","13930000","10","512203","Pharmaceutic","4","0","1"
"174816","Brown & Bigelow","kburt@brownandbigelow.com","1480 Us Highway 9 N # 205","6022749972","7327261766","519917","Advertising-Specialties (Wholesale)","www.brownandbigelow.com"," Email <---> Revenue ","104257","Brown & Bigelow","1480 Us Highway 9 N # 205","Woodbridge","NJ","07095","Middlesex","www.brownandbigelow.com","7327261766","7327261161","Jen Sangastiano","Manager","Fem","10770000","15","519917","Advertising-","4","0","1"
"49036","Hi-Temp Specialty Metals Inc","jsmokobich@hi-tempmetals.com","148 Beverly Rancocas Rd","6098717567","6098778200","509313","Scrap Metals & Iron (Wholesale)","NULL"," Email <---> Revenue ","298759","Hi-Temp Specialty Metals Inc","148 Beverly Rancocas Rd","Willingboro","NJ","08046","Burlington","","6098778200","6098717567","Joseph Smokobich","President","Mal","16000000","22","509313","Scrap Metals","4","0","1"
"99276","Global Seven Inc","jon@global-seven.com","PO Box 367","NULL","9732097474","516916","Chemicals (Wholesale)","NULL"," Email <---> Revenue ","272165","Global Seven Inc","6 Park Dr","Franklin","NJ","07416","Sussex","","9732097474","","Jon Dean","Owner","Mal","22022000","22","516916","Chemicals (W","4","0","1"
"175879","Monsen Engineering Co","jmitchell@monsen.com","6 Daniel Rd # 1","9732277641","9732271880","871107","Engineers-Air Cond Heating Ventilating","NULL"," Email <---> Revenue ","442942","Monsen Engineering Co","6 Daniel Rd # 1","Fairfield","NJ","07004","Essex","www.monsen.com","9732271880","9732277641","Eric Monsen","Owner","Mal","17900000","110","871107","Engineers-Ai","4","0","1"
"81843","Environ International Corp","jhighland@environcorp.com","214 Carnegie Ctr # 200","6094520284","6094529000","873111","Environmental & Ecological Services","NULL"," Email <---> Revenue ","222371","Environ International Corp","214 Carnegie Ctr # 200","Princeton","NJ","08540","Mercer","www.environcorp.com","6094529000","6094520284","Joe Highland","CEO","Mal","14080000","80","873111","Environmenta","4","0","1"
"16252","Decker Tape Products Inc","jdecker@deckertape.com","6 Stewart Pl","9738089418","9732275350","384298","Orthopedic Prosthetic/Srgcl Appl (Mfrs)","NULL"," Email <---> Revenue ","183216","Decker Tape Products Inc","6 Stewart Pl","Fairfield","NJ","07004","Essex","www.deckertape.com","9732275350","9738089418","Jack Decker","Owner","Mal","16950000","50","384298","Orthopedic P","4","0","1"
"178810","Roberts Generator Co Inc","jbeirne@prestolite.com","20 Jewell St","9737728530","9737729133","501313","Automobile Parts & Supplies-Wholesale","www.prestolite.com"," Email <---> Revenue ","554238","Roberts Generator Co Inc","20 Jewell St","Garfield","NJ","07026","Bergen","www.prestolite.com","9737729133","9737728530","Vik Dange","Manager","Mal","17920000","40","501313","Automobile P","4","0","1"
"77353","Corporate Communications Group","James@corpcomm.com","14 Henderson Dr","9738089740","9738080009","509905","Importers","NULL"," Email <---> Revenue ","159890","Corporate Communications Group","14 Henderson Dr","West Caldwell","NJ","07006","Essex","www.corpcomm.com","9738080009","9738089740","James Pinkin Sr","President","Mal","10700000","200","731101","Advertising-","4","0","1"
"32642","JRE Inc","james.tuscano@jre.com","22 Fairfield Pl","9738087196","9738080055","384104","Physicians & Surgeons Equip & Supls-Mfrs","NULL"," Email <---> Revenue ","331689","JRE Inc","22 Fairfield Pl","West Caldwell","NJ","07006","Essex","www.jreinc.com","9738080055","9738087196","Jim Tuscano","President","Mal","17710000","55","384104","Physicians &","4","0","1"
"186306","Fidelity Ifs","ims@fnf.com","100 Grove Rd","5616220170","8563848700","737401","Data Processing Service","www.fnf.com"," Email <---> Revenue ","238306","Fidelity Ifs","100 Grove Rd","Paulsboro","NJ","08066","Gloucester","www.fnf.com","8563848700","8563848050","John Lacerte","Manager","Mal","11160000","60","737401","Data Process","4","0","1"
"104085","Empire Lumber & Millwork Co","ikent@elmdoor.com","377 Frelinghuysen Ave","9732423970","9732422700","521126","Building Materials","NULL"," Email <---> Revenue ","219996","Empire Lumber & Millwork Co","377 Frelinghuysen Ave","Newark","NJ","07114","Essex","www.elmdoor.com","9732422700","9732423970","Wayne Kent","President","Mal","12250000","35","521126","Building Mat","4","0","1"
"152377","Gempire","harvey.mackler@gempire.com","70 Oak St","2017674336","2017679292","519917","Advertising-Specialties (Wholesale)","NULL"," Email <---> Revenue ","264517","Gempire","70 Oak St","Norwood","NJ","07648","Bergen","www.gempire.com","2017679292","2017674336","Harvey Mackler","Owner","Mal","12206000","17","519917","Advertising-","4","0","1"
"101847","G J Chemical Co","giosue@gjchemical.com","370 Adams St","9735895786","9735891450","509905","Importers","NULL"," Email <---> Revenue ","257182","G J Chemical Co","370 Adams St","Newark","NJ","07114","Essex","www.gjchemical.com","9735891450","9735895786","Giosue Masci","President","Mal","23500000","47","509905","Importers","4","0","1"
"88801","Corrado's","Gerald@corradosmarket.com","1578 Main Ave","9733402052","9733400628","541105","Grocers","NULL"," Email <---> Revenue ","160247","Corrado's","1578 Main Ave","Clifton","NJ","07011","Passaic","www.corradosmarket.com","9733400628","9733402052","Gerald Corrado","Owner","Mal","18300000","250","541105","Grocers-Reta","4","0","1"
"178084","All Marble Granite & Tile Impt","George@allmarblegranite.com","2157 Admiral Wilson Blvd","8563544744","8563380008","503202","Marble-Natural (Wholesale)","NULL"," Email <---> Revenue ","34623","All Marble Granite & Tile Impt","2157 Admiral Wilson Blvd","Pennsauken","NJ","08109","Camden","www.allmarblegranite.com","8563380008","8563544744","George Siampos","President","Mal","12000000","25","503202","Marble-Natur","4","0","1"
"80938","Jack Morton Worldwide","gemma_roskam@jackmorton.com","10 Applegate Dr","6092594055","6092590500","799999","Amusement & Recreation Nec","NULL"," Email <---> Revenue ","332369","Jack Morton Worldwide","10 Applegate Dr","Robbinsville","NJ","08691","Mercer","","6092590500","6092594055","Robert Denby","President","Mal","12540000","60","731101","Advertising-","4","0","1"
"28624","Mr John","G_W@russellreid.com","200 Smith St","7324170367","7322252233","735922","Toilets-Portable","NULL"," Email <---> Revenue ","448187","Mr John","200 Smith St","Keasbey","NJ","08832","Middlesex","www.russellreid.com","7322252233","7324170367","Gary Weiner","President","Mal","16470000","90","735922","Toilets-Port","4","0","1"
"186495","Comet Tool Co","frankmaatja@comet-tool.com","651 Lambs Rd","8562561005","8562561070","243107","Molding-Manufacturers","NULL"," Email <---> Revenue ","151191","Comet Tool Co","651 Lambs Rd","Pitman","NJ","08071","Gloucester","www.comettool.com","8562561070","8562561005","Frank Maatja","Owner","Mal","10200000","60","243107","Molding-Manu","4","0","1"
"182780","Earth Tech","frank.pollare@earthtech.com","300 Broadacres Dr # 3","9042797230","9733386680","871111","Engineers-Consulting","www.earthtech.com"," Email <---> Revenue ","207321","Earth Tech","300 Broadacres Dr # 3","Bloomfield","NJ","07003","Essex","www.earthtech.com","9733386680","9733381052","Mike Thiagaram","VP","Mal","11385000","55","871111","Engineers-Co","4","0","1"
"35365","Engineering & Professional Svc","F-M@epscorp.com","78 Apple St","7325304726","7327478277","871111","Engineers-Consulting","NULL"," Email <---> Revenue ","220978","Engineering & Professional Svc","78 Apple St","Tinton Falls","NJ","07724","Monmouth","www.epscorp.com","7327478277","7325304726","Frank Musorrafiti","CEO","Mal","10350000","50","871111","Engineers-Co","4","0","1"
"143647","KDF Electronics & Vacuum","Flechsij-Kurt@kdf.com","10 Volvo Dr","2017840202","2017845005","573117","Electronic Equipment & Supplies-Retail","NULL"," Email <---> Revenue ","356331","KDF Electronics & Vacuum","10 Volvo Dr","Rockleigh","NJ","07647","Bergen","www.kdf.com","2017845005","2017840202","Kurt Flechsij","President","Mal","10336000","32","573117","Electronic E","4","0","1"
"120751","Door Store Furniture","FJ@doorstorefurniture.com","100 Enterprise Ave S","2018647989","2018648844","571216","Furniture-Dealers-Retail","NULL"," Email <---> Revenue ","197429","Door Store Furniture","100 Enterprise Ave S","Secaucus","NJ","07094","Hudson","www.doorstorefurniture.com","2018646669","2018647989","Jodi Fitzgerald","President","Fem","21400000","105","571216","Furniture-De","4","0","1"
"156621","Camp Dresser & Mc Kee Inc","federal@cdm.com","1 Raritan Plz # 3","3123465228","7322257000","873111","Environmental & Ecological Services","www.cdm.com"," Email <---> Revenue ","117645","Camp Dresser & Mc Kee Inc","1 Raritan Plz # 3","Edison","NJ","08837","Middlesex","www.cdm.com","7322257000","7322257851","Mike Memoli","Sr VP","Mal","15840000","90","873111","Environmenta","4","0","1"
"141197","Allied Electronics","export@alliedelec.com","1 Executive Dr # 1","5036270404","8562347769","506519","Electronic Equipment & Supplies-Whol","www.alliedelec.com"," Email <---> Revenue ","37319","Allied Electronics","1 Executive Dr # 1","Moorestown","NJ","08057","Burlington","www.alliedelec.com","8562347769","8562346346","Sean Kelly","Manager","Mal","10100000","10","506519","Electronic E","4","0","1"
"180465","Quickie Manufacturing Corp","egresch@quickie.com","1150 Taylors Ln # 9","8567869318","8568297900","399198","Brooms & Brushes (Manufacturers)","NULL"," Email <---> Revenue ","528098","Quickie Manufacturing Corp","1150 Taylors Ln # 9","Cinnaminson","NJ","08077","Burlington","www.quickie.com","8568297900","8567869318","Peter Vosbikian","President","Mal","11400000","50","399198","Brooms & Bru","4","0","1"
"106030","Woodruff Energy","eejack@webcircle.com","73 Water St","9147695473","8564551111","517206","Oils-Fuel (Wholesale)","www.scientificinstrumentsny.com"," Email <---> Revenue ","691935","Woodruff Energy","73 Water St","Bridgeton","NJ","08302","Cumberland","www.woodruffenergy.com","8564551111","8564554085","Robert Woodruff Sr","President","Mal","11300000","80","517206","Oils-Fuel (W","4","0","1"
"36634","Rambusch Decorating Co","edwin.rambusch@rambusch.com","160 Cornelison Ave","2014333355","2013332525","364102","Lighting Fixtures-Supplies & Parts-Mfrs","NULL"," Email <---> Revenue ","535448","Rambusch Decorating Co","160 Cornelison Ave","Jersey City","NJ","07304","Hudson","www.rambuschlighting.com","2013332525","2014333355","Edwin Rambusch","Owner","Mal","10840000","40","364102","Lighting Fix","4","0","1"
"171293","Foley Truck Div","EdwardF@foleyinc.com","855 Centennial Ave","7328858246","7328853040","506316","Generators-Electric (Wholesale)","NULL"," Email <---> Revenue ","245529","Foley Truck Div","855 Centennial Ave","Piscataway","NJ","08854","Middlesex","www.foleyinc.com","7328853040","7328858246","Edward Foley III","CEO","Mal","16320000","30","508414","Engines-Dies","4","0","1"
"9136","Ecolab Pest Elimination Svc","ecolab@ecolab.com","2400 Main St # 1","7708590697","7325258941","734201","Pest Control","www.ecolab.com"," Email <---> Revenue ","210553","Ecolab Pest Elimination Svc","2400 Main St # 1","Sayreville","NJ","08872","Middlesex","www.ecolab.com","7325258941","7325250290","Andy Clark","Manager","Mal","11000000","100","734201","Pest Control","4","1","1"
"76366","Dudley Corp","dudley@dudley-chem.com","1985 Swarthmore Ave # 8","7328863688","7328863100","516916","Chemicals (Wholesale)","NULL"," Email <---> Revenue ","201241","Dudley Corp","125 Kenyon Dr","Lakewood","NJ","08701","Ocean","www.dudley-chem.com","7328863100","","Art Foulsham","Owner","Mal","10010000","10","516916","Chemicals (W","4","0","1"
"182750","Hughes-Riggs Realty","driggs@century21hughes-riggs.com","32 N Main St","8564780066","8564789600","653101","Relocation Service","NULL"," Email <---> Revenue ","309612","Hughes-Riggs Realty","32 N Main St","Mullica Hill","NJ","08062","Gloucester","www.century21hughes-riggs.com","8564789600","8564780066","Dale Riggs","Owner","Mal","15330000","70","653101","Relocation S","4","0","1"
"13456","W H Group","DonaldH@klocke.com","26 High St","NULL","6092659960","874214","Marketing Consultants","NULL"," Email <---> Revenue ","672932","W H Group","26 High St","Mt Holly","NJ","08060","Burlington","www.klocke.com","6092659960","","Donald Hopti","President","Mal","11500000","50","874214","Marketing Co","4","0","1"
"110514","Faber Associates","Dean.Emmolo@faberinc.com","1111 Paulison Ave","9735469337","9735467900","356904","Filters-Liquid (Manufacturers)","NULL"," Email <---> Revenue ","231759","Faber Associates","1111 Paulison Ave","Clifton","NJ","07011","Passaic","www.faberinc.com","9735467900","9735469337","Dean Emmolo","Owner","Mal","10192000","49","356904","Filters-Liqu","4","0","1"
"12181","Dallas Group Inc","dalsorb@dallasgrp.com","PO Box 489","9085340084","9085347800","289905","Chemicals-Manufacturers","NULL"," Email <---> Revenue ","175837","Dallas Group Inc","374 Route 22","Whitehouse","NJ","08888","Hunterdon","www.dallasgroupofamerica.com","9085347800","9085340084","Robert Dallas","President","Mal","20000000","20","289905","Chemicals-Ma","4","0","1"
"73108","Winslow Twp Public Works","court@winslowtownship.com","125 S Route 73","6095617266","6095617266","161104","Parking Area/Lots Maintenance & Marking","www.winslowtownship.com"," Email <---> Revenue ","689411","Winslow Twp Public Works","125 S Route 73","Hammonton","NJ","08037","Atlantic","www.winslowtownship.com","6095617266","6095618924","Edward Mc Glinche","Manager","Mal","10234000","34","161104","Parking Area","4","0","1"
"81222","Chiron Bio Pharmaceuticals","corporate.enquiries@group.novartis.com","1545 Us Highway 22 E","5106559910","9087301200","283498","Pharmaceutical Preparation","www.chiron.com"," Email <---> Revenue ","137963","Chiron Bio Pharmaceuticals","1545 Us Highway 22 E","Annandale","NJ","08801","Hunterdon","www.chiron.com","9087301200","9087301217","Michael Waters","Sr VP","Mal","23870000","31","283498","Pharmaceutic","4","0","1"
"152540","Builders First Source","contact.us@buildersfirstsource.com","1 Progress Rd","9722210038","7324221600","521126","Building Materials","www.buildersfirstsource.com"," Email <---> Revenue ","106834","Builders First Source","1 Progress Rd","North Brunswick","NJ","08902","Middlesex","www.buildersfirstsource.com","7324221600","7329402493","Dave Mc Dermott","President","Mal","12900000","50","521126","Building Mat","4","0","1"
"171326","Vitrocom Inc","chris.dong@futurexusa.com","8 Morris Ave","5105678700","9734021443","322906","Glass-Rods & Tubing (Manufacturers)","www.lightech.net"," Email <---> Revenue ","671560","Vitrocom Inc","8 Morris Ave","Mountain Lakes","NJ","07046","Morris","www.vitrocom.com","9734021443","9734021445","Philip Motyka","President","Mal","20300000","0","322906","Glass-Rods &","4","0","1"
"176781","Flight Safety Intl","chris.adams@flightsafety.com","100 Moonachie Ave","8636446211","2019391810","829917","Aircraft Schools","www.flightsafety.com"," Email <---> Revenue ","244077","Flight Safety Intl","100 Moonachie Ave","Moonachie","NJ","07074","Bergen","www.flightsafety.com","2019391810","2019397341","Greg Wedding","Manager","Mal","10560000","120","829917","Aircraft Sch","4","0","1"
"64542","Union City Mirror & Table Co","chopper@unioncitymirrortable.com","129 34th St","2018672552","2018671827","323198","Glass Prod Made-Purchased Glass (Mfrs)","www.unioncitymirrortable.com"," Email <---> Revenue ","656537","Union City Mirror & Table Co","129 34th St","Union City","NJ","07087","Hudson","www.unioncitymirrortable.com","2018671827","2018672552","Gene Russo","President","Mal","10600000","40","323198","Glass Prod M","4","0","1"
"153867","Cumberland Dairy","C_C@cumberlanddairy.com","PO Box 308","8564511332","8564511300","202698","Fluid Milk (Manufacturers)","NULL"," Email <---> Revenue ","168390","Cumberland Dairy","899 Landis Ave","Rosenhayn","NJ","08352","Cumberland","","8564511300","8564511332","Carmine C Catalana Iv","President","Mal","20100000","100","202698","Fluid Milk (","4","0","1"
"93393","A G Edwards & Sons Inc","byron.goodrich@agedwards.com","150 John F Kennedy Pkwy # 205","5096243574","9734673404","628205","Financial Planning Consultants","www.agedwards.com"," Email <---> Revenue ","9007","A G Edwards & Sons Inc","150 John F Kennedy Pkwy # 205","Short Hills","NJ","07078","Essex","www.agedwards.com","9734673404","9734679743","Rich Barber","Manager","Mal","20608000","64","628205","Financial Pl","4","0","1"
"67466","Bush Refrigeration","BushJeffrey@bushrefrigeration.com","1700 Admiral Wilson Blvd","8569630770","8569631800","358506","Refrigeration Equipment-Truck (Mfrs)","NULL"," Email <---> Revenue ","108507","Bush Refrigeration","1700 Admiral Wilson Blvd","Pennsauken","NJ","08109","Camden","www.bushrefrigeration.com","8569631800","8569630770","Jeffrey Bush","Owner","Mal","10440000","30","358506","Refrigeratio","4","0","1"
"130846","Veeco Svc Inc","bperry@veeco1.com","675 New County Rd","2018656200","2018656200","421212","Trucking-Local Cartage","www.veeco1.com"," Email <---> Revenue ","664937","Veeco Svc Inc","675 New County Rd","Secaucus","NJ","07094","Hudson","www.veeco1.com","2018656200","","Michael Arciero","Owner","Mal","12690000","90","421212","Trucking-Loc","4","0","1"
"184377","Shred-It","BobG@shreditinc.com","PO Box 10032","9732448160","9732447473","509312","Recycling Centers (Wholesale)","NULL"," Email <---> Revenue ","587472","Shred-It","22 Audrey Pl","Fairfield","NJ","07004","Essex","www.shredit.com","9732447473","9732448160","Bob Gallo","Owner","Mal","17560000","40","509312","Recycling Ce","4","0","1"
"64287","Squire Corrugated Container","Beneroff_James@squirebox.com","PO Box 405","9085612791","9085618550","265301","Corrugated & Solid Fiber Boxes (Mfrs)","NULL"," Email <---> Revenue ","603167","Squire Corrugated Container","111 Somogyi Ct","South Plainfield","NJ","07080","Middlesex","www.squirebox.com","9085618550","9085612791","James Beneroff","President","Mal","12015000","45","265301","Corrugated &","4","0","1"
"185048","William H Sadlier Inc","bdingerjr@sadlier.com","812 Jersey Ave # 7","2016534493","2016537069","273101","Publishers-Book","www.sadlier.com"," Email <---> Revenue ","686605","William H Sadlier Inc","812 Jersey Ave # 7","Jersey City","NJ","07310","Hudson","www.sadlier.com","2016537069","2016534493","Charles Bunting","Executive Director","Mal","13140000","30","273101","Publishers-B","4","0","1"
"185379","Marpal Co Inc","balesb@repsrv.com","1861 Wayside Rd","7178455301","7325422348","495302","Garbage Collection","www.republicservices.com"," Email <---> Revenue ","415514","Marpal Co Inc","1861 Wayside Rd","Tinton Falls","NJ","07724","Monmouth","www.republicservices.com","7325422348","7325424402","Rich Maio","Manager","Mal","22785000","105","495302","Garbage Coll","4","0","1"
"64474","Bedfont SCIENTIFIC-USA","Aversona.Earl@bedfontusa.com","30 Jackson Rd # B3","NULL","6096545561","504731","Medical Electronics (Wholesale)","NULL"," Email <---> Revenue ","80386","Bedfont SCIENTIFIC-USA","22 Coates St","Medford","NJ","08055","Burlington","www.bedfontusa.com","6096545561","","Earl Aversona","Owner","Mal","17940000","30","504731","Medical Elec","4","0","1"
"166620","MCS Business Telephones","Allan@mcstel.com","127 Red Lion Rd","6098591005","6098591000","506563","Telecommunication Equip/Syst-Whol/Mfrs","NULL"," Email <---> Revenue ","402669","MCS Business Telephones","127 Red Lion Rd","Southampton","NJ","08088","Burlington","www.mcstel.com","6098591000","6098591005","Allan Moore","Owner","Mal","20200000","20","506563","Telecommunic","4","0","1"
"131403","Grande Concepts","Al.Mehta@floragarden.com","5601 W Side Ave","2017580702","2017580701","511335","Packing & Crating Materials (Wholesale)","NULL"," Email <---> Revenue ","277448","Grande Concepts","5601 W Side Ave","North Bergen","NJ","07047","Hudson","www.floragarden.com","2017580701","2017580702","Al Mehta","Owner","Mal","16560000","20","511335","Packing & Cr","4","0","1"
"102140","Douglas Sales-Price Mark Distr","AKen@douglassales.com","140 Ethel Rd W # N","7329856615","7329856770","514102","Food Brokers","NULL"," Email <---> Revenue ","198512","Douglas Sales-Price Mark Distr","140 Ethel Rd W # N","Piscataway","NJ","08854","Middlesex","www.douglassales.com","7329856770","7329856615","Ken Atkinson","Owner","Mal","17055000","15","514102","Food Brokers","4","0","1"
"13635","Globtek Inc","akaplan@globtek.com","186 Veterans Dr","2017840111","2017841000","367906","Electronic Power Supplies-Manufacturers","NULL"," Email <---> Revenue ","272471","Globtek Inc","186 Veterans Dr","Northvale","NJ","07647","Bergen","www.globtek.com","2017841000","2017840111","Anna Kaplan","CEO","Fem","20000000","5","367906","Electronic P","4","0","1"
"93472","FCR Of Morris Inc","ajones@outofdarkness.com","103 Iron Mountain Rd","9897548788","9733287001","509312","Recycling Centers (Wholesale)","www.casella.com"," Email <---> Revenue ","231346","FCR Of Morris Inc","103 Iron Mountain Rd","Mine Hill","NJ","07803","Morris","www.casella.com","9733287001","9733287791","Robert Witynski","Manager","Mal","13075000","25","509312","Recycling Ce","4","0","1"
"174137","Taylor Fence Co","shaun@thecore.com","1246 State Route 33","7322542820","7329385671","349605","Fence-Manufacturers","www.taylorfence.com"," Email <---> Revenue ","629234","Taylor Fence Co Inc","1246 State Route 33","Farmingdale","NJ","07727","Monmouth","www.taylorfence.com","7322542820","","Paul Crooks","President","Mal","10750000","50","349605","Fence-Manufa","4","0","1"
"184710","Winslow Twp Public Works","danieldifabio@winslowtownship.com","125 S Route 73","6095618924","6095618924","161104","Parking Area/Lots Maintenance & Marking","www.winslowtownship.com"," Email <---> Revenue ","689411","Winslow Twp Public Works","125 S Route 73","Hammonton","NJ","08037","Atlantic","www.winslowtownship.com","6095617266","6095618924","Edward Mc Glinche","Manager","Mal","10234000","34","161104","Parking Area","4","0","1"
"1378","Systems Group","Chris-Mehos@thesystemsgroup.com","317 Newark St","NULL","2017954672","871108","Engineers-Acoustical","NULL"," Email <---> Revenue ","623835","Systems Group","317 Newark St","Hoboken","NJ","07030","Hudson","www.tsg-hoboken.com","2017954672","","Chris Mehos","Owner","Mal","12420000","60","871108","Engineers-Ac","4","0","1"
"188917","Neopost","h.lim@neopost.com","2 Executive Campus # 110","6516398525","8563179770","504409","Addressing Machines & Supplies (Whol)","www.neopostinc.com"," Email <---> Revenue ","458906","Neopost","2 Executive Campus # 110","Cherry Hill","NJ","08002","Camden","www.neopostinc.com","8563179770","8563179797","Joe Salvatori","Manager","Mal","12210000","30","504409","Addressing M","4","0","1"
"151843","E M Sergeant Pulp & Chemical","areisch@sergeantchem.com","66 Brighton Rd","9734725686","9734729111","516916","Chemicals (Wholesale)","NULL"," Email <---> Revenue ","204872","E M Sergeant Pulp & Chemical","66 Brighton Rd","Clifton","NJ","07012","Passaic","www.sergeantchem.com","9734729111","9734725686","Y Reisch","President","Fem","12012000","12","516916","Chemicals (W","4","0","1"
"49391","Atlas Flasher & Supply Co Inc","gary.ottey@atlasflasher.com","430 Swedesboro Ave","8569336066","8569330100","506355","Traffic Signs Signals & Equip-Whol","NULL"," Email <---> Revenue ","63888","Atlas Flasher & Supply Co Inc","430 Swedesboro Ave","Mickleton","NJ","08056","Gloucester","","8569330100","8564233333","Karenanne Brown","CEO","Fem","19075000","25","506355","Traffic Sign","4","0","1"
"101299","Arledge Electronics Inc","tarledge@aeitv.com","668 Alloway Woodstown Rd","8567694596","8567693586","484101","Television-Cable & Catv","NULL"," Email <---> Revenue ","55869","Arledge Electronics Inc","668 Alloway Woodstown Rd","Pilesgrove","NJ","08098","Salem","www.aeitv.com","8567693586","8567694596","Tom Arledge","Owner","Mal","15760000","16","484101","Television-C","4","0","1"
"168832","Modern Handling Equipment","serpinej@moderngroup.com","75 New St","3023230810","7327389200","353798","Industrial Trucks Tractors/Trlrs (Mfrs)","www.moderngroup.com"," Email <---> Revenue ","440733","Modern Handling Equipment","75 New St","Edison","NJ","08837","Middlesex","www.moderngroup.com","7327389200","7327384077","Carl Rathemacher","President","Mal","18400000","78","353798","Industrial T","4","0","1"
"152088","Nursefinders","liza@marcomgroupinc.com","295 Marlton Pike W","8562161309","8562161350","804908","Nurses & Nurses' Registries","www.nursefinders.com"," Email <---> Revenue ","473382","Nursefinders","295 Marlton Pike W","Cherry Hill","NJ","08002","Camden","www.nursefinders.com","8562161350","8562161309","Nancy Prilstein","Manager","Fem","18150000","150","804908","Nurses & Nur","4","0","1"
"159336","Chefs International Inc","barbara@chefsint.com","62 Broadway","3217848425","7322950350","671902","Restaurant Holding Companies","www.jackbakerslobstershanty.com"," Email <---> Revenue ","134894","Chefs International Inc","62 Broadway","Point Pleasant","NJ","08742","Ocean","www.jackbakerslobstershanty.com","7322950350","7322954514","Anthony C Papalia","CEO","Mal","21564000","550","671902","Restaurant H","4","2","1"
"149077","Hntb","helpdesk@hntb.com","145 Us Highway 46 # 400","2026541000","9732371650","871166","Engineers-Technical Service","www.hntb.com"," Email <---> Revenue ","301454","Hntb","145 Us Highway 46 # 400","Wayne","NJ","07470","Passaic","www.hntb.com","9732371650","9732379185","Jack Finn","VP","Mal","16560000","80","871166","Engineers-Te","4","0","1"
"186594","Broadcom Corp","robert.swann@broadcom.com","100 Matawan Rd # 210","4085017810","7322752055","481304","Telephone Companies","www.broadcom.com"," Email <---> Revenue ","102893","Broadcom Corp","100 Matawan Rd # 210","Matawan","NJ","07747","Monmouth","www.broadcom.com","7322752055","7328883505","Nelson Sollenberger","Executive Director","Mal","10656000","32","481304","Telephone Co","4","0","1"
"184036","Paramount Trnsprtn Inc","traffic@rlcarriers.com","50 Harrison Ave","9157900825","2019550020","999977","Nonclassified Establishments","www.rlcarriers.com"," Email <---> Revenue ","491386","Paramount Trnsprtn Inc","50 Harrison Ave","Kearny","NJ","07032","Hudson","www.gorlc.com","2019550020","2019552984","Bob Hoskinson","Manager","Mal","15100000","100","421309","Trucking-Mot","4","0","1"
"70394","Roma Moulding Inc","nomadb@romamoulding.com","115 Northfield Ave","7323460223","7323460999","503112","Moldings (Wholesale)","www.romamoulding.com"," Email <---> Revenue ","556458","Roma Moulding Inc","115 Northfield Ave","Edison","NJ","08837","Middlesex","www.romamoulding.com","7323460999","7323460223","Barry Zimmerman","Manager","Mal","11858000","14","503112","Moldings (Wh","4","0","1"
"48790","D & D Display Group","Manny@dddisplaygroup.com","590 Belleville Tpke # 18a","2019551165","2019551145","731901","Display Designers & Producers","NULL"," Email <---> Revenue ","171376","D & D Display Group","590 Belleville Tpke # 18a","Kearny","NJ","07032","Hudson","www.dddisplaygroup.com","2019551145","2019551165","Manny Debarros","Owner","Mal","15780000","60","731901","Display Desi","4","0","1"
"161092","Callahan Chemical Co Inc","flyfisher@calchem.com","200 Industrial Ave","2014405441","2014409000","516916","Chemicals (Wholesale)","www.calchem.com"," Email <---> Revenue ","116346","Callahan Chemical Co Inc","200 Industrial Ave","Ridgefield Park","NJ","07660","Bergen","www.calchem.com","2014409000","2014405441","Ted Burke","President","Mal","17017000","17","516916","Chemicals (W","4","0","1"
"156340","New Jersey Semi Conductors","RHildebrandt@njsemi.com","20 Stern Ave","9733768960","9733762922","367401","Semiconductor Devices (Manufacturers)","NULL"," Email <---> Revenue ","462554","New Jersey Semi Conductors","20 Stern Ave","Springfield","NJ","07081","Union","www.njsemi.com","9733762922","9733768960","Robert Hildebrandt","President","Mal","22330000","60","367401","Semiconducto","4","0","1"
"180021","Sealect Wholesale Seafood","ChrisPinto@sealectwholesaleseafood.com","132 Hulme St","6092614141","6092618866","209298","Prepared Fish & Seafood Products (Mfr)","NULL"," Email <---> Revenue ","578048","Sealect Wholesale Seafood","132 Hulme St","Mt Holly","NJ","08060","Burlington","www.sealectwholesaleseafood.com","6092618866","6092614141","Chris Pinto","Owner","Mal","12720000","40","209298","Prepared Fis","4","0","1"
"190151","Congdon Associates","CongdonTim@cadcodist.com","PO Box 350","9082131881","9082132074","509908","Manufacturers-Agents & Representatives","NULL"," Email <---> Revenue ","155502","Congdon Associates","1365 Strykers Rd","Phillipsburg","NJ","08865","Warren","www.cadcodist.com","9082132074","9082131881","Tim Congdon","President","Mal","12272000","13","509908","Manufacturer","4","0","1"
"189754","Dewberry","apecci@dewberry.com","600 Parsippany Rd # 301","2037762288","9737399400","871106","Engineers","www.dewberry.com"," Email <---> Revenue ","188968","Dewberry","600 Parsippany Rd # 3","Parsippany","NJ","07054","Morris","www.dewberry.com","9737399400","9737399710","William Deane","Manager","Mal","11385000","55","871120","Engineers-En","4","0","1"
"187792","Berliner Communications Inc","bradleyr@bcisites.com","10 Bushes Ln","2017913555","2014755542","874823","Communications Consultants","www.bcisites.com"," Email <---> Revenue ","85084","Berliner Communications Inc","10 Bushes Ln","Elmwood Park","NJ","07407","Bergen","www.bcisites.com","2014755542","2017913555","Richard Berliner","Owner","Mal","22500000","100","874823","Communicatio","4","0","1"
"157913","Douglass Industries Inc","tomb@dougind.com","412 Boston Ave","6099657271","6099656030","513119","Fabrics-Wholesale","NULL"," Email <---> Revenue ","198548","Douglass Industries Inc","412 Boston Ave","Egg Harbor City","NJ","08215","Atlantic","","6099656030","6099657271","Douglass Taylor","President","Mal","12950000","50","513119","Fabrics-Whol","4","0","1"
"162543","Surety Title Corp","Msmith@suretytitlecorp.com","3 E Stow Rd # 100","8569857383","8569888900","654102","Title Companies","NULL"," Email <---> Revenue ","620830","Surety Title Corp","3 E Stow Rd # 100","Marlton","NJ","08053","Burlington","www.suretytitlecorp.com","8569888900","8569857383","David Rush","Owner","Mal","13200000","75","654102","Title Compan","4","0","1"
"143619","Harris Interactive Inc","tmonachino@harrisinteractive.com","5 Independence Way # 23","6099878839","6095209100","873204","Market Research & Analysis","NULL"," Email <---> Revenue ","291544","Harris Interactive Inc","5 Independence Way # 23","Princeton","NJ","08540","Mercer","www.totalres.com","6095209100","6099878839","Albert Angrisani","CEO","Mal","23175000","225","873204","Market Resea","4","0","1"
"110341","United Mineral & Chemical Corp","inquiry@umccorp.com","1100 Valley Brook Ave # 203","2015071506","2015073300","516916","Chemicals (Wholesale)","www.umccorp.com"," Email <---> Revenue ","658213","United Mineral & Chemical Corp","1100 Valley Brook Ave # 203","Lyndhurst","NJ","07071","Bergen","www.umccorp.com","2015073300","2015071506","Nurhan Becidyan","President","Mal","19000000","20","516916","Chemicals (W","4","0","1"
"171003","Anglo American Enterprises","STuck@angloamericantools.com","403 Kennedy Blvd","8567840085","8567848600","509905","Importers","NULL"," Email <---> Revenue ","49237","Anglo American Enterprises","403 Kennedy Blvd","Somerdale","NJ","08083","Camden","www.angloamericantools.com","8567848600","8567840085","Sheila Tuck","Owner","Fem","18880000","20","509905","Importers","4","0","1"
"97165","D B Becker Co","dtcanavan3@dbbecker.com","54 Old Highway 22","9087309118","9087306010","516945","Paint-Manufacturing Materials (Whol)","NULL"," Email <---> Revenue ","172211","D B Becker Co","54 Old Highway 22","Clinton","NJ","08809","Hunterdon","www.dbbecker.com","9087306010","9087309118","Dan Canavan","President","Mal","11011000","11","516945","Paint-Manufa","4","0","1"
"185606","Delta Galil USA","scm@deltagalil.com","1000 1st St","9734851616","9734850500","563205","Brassieres","www.deltagalil.com"," Email <---> Revenue ","185420","Delta Galil USA","1000 1st St","Harrison","NJ","07029","Hudson","www.deltagalil.com","9734850500","9734851616","Urvesh Patel","President","Mal","13200000","100","563205","Brassieres","4","0","1"
"184248","Interactive Printing & Pkg","PKaren@ipak.com","90 Twinbridge Dr","8564863557","8564860066","275202","Printers","NULL"," Email <---> Revenue ","319743","Interactive Printing & Pkg","90 Twinbridge Dr","Pennsauken","NJ","08110","Camden","www.ipak.com","8564860066","8564863557","Karen Primak","CEO","Fem","14490000","70","275202","Printers","4","0","1"
"58899","Camden Flooring Co","ceo@flooringmax.com","1300 Route 38","8566622813","8566624830","571306","Floor Materials","NULL"," Email <---> Revenue ","117213","Camden Flooring Co","1300 Route 38","Cherry Hill","NJ","08002","Camden","www.letusflooryou.com","8566624830","8566622813","Robert Swager","Owner","Mal","10325000","35","571306","Floor Materi","4","0","1"
"126018","Charmant Group Inc","motani@charmant.com","400 American Rd","9735380762","9735381511","385103","Optical Goods-Manufacturers","NULL"," Email <---> Revenue ","133990","Charmant Group Inc","400 American Rd","Morris Plains","NJ","07950","Morris","www.charmant.com","9735381511","9735380762","Harry Aida","President","Mal","20200000","50","504801","Optical Good","4","0","1"
"100672","Peerless Umbrella","Gene@peerlessumbrella.com","427 Ferry St","9735782626","9735784900","399954","Umbrellas-Manufacturers","NULL"," Email <---> Revenue ","499015","Peerless Umbrella","427 Ferry St","Newark","NJ","07105","Essex","www.peerlessumbrella.com","9735784900","9735782626","Gene Moscowitz","Owner","Mal","19400000","100","399954","Umbrellas-Ma","4","0","1"
"51688","Trap-Zap Environmental","labelle@trapzap.com","255 Braen Ave","2012510903","2012519970","516916","Chemicals (Wholesale)","www.trapzap.com"," Email <---> Revenue ","645398","Trap-Zap Environmental","255 Braen Ave","Wyckoff","NJ","07481","Bergen","www.trapzap.com","2012519970","2012510903","Robert Belle","President","Mal","13013000","13","516916","Chemicals (W","4","0","1"
"164475","Grand Slam Telecom","L-Barbarisi@grandslamtel.com","1275 Bloomfield Ave # 53","9732441286","9732441141","506563","Telecommunication Equip/Syst-Whol/Mfrs","NULL"," Email <---> Revenue ","277373","Grand Slam Telecom","1275 Bloomfield Ave # 53","Fairfield","NJ","07004","Essex","www.grandslamtel.com","9732441141","9732441286","Louis Barbarisi","President","Mal","15150000","15","506563","Telecommunic","4","0","1"
"106282","Vector Security","Dave@vectorsecurity.com","19 Microlab Rd # E","9735331040","9735330110","506324","Burglar Alarm Systems (Wholesale)","NULL"," Email <---> Revenue ","664904","Vector Security","19 Microlab Rd # E","Livingston","NJ","07039","Essex","","9735330110","9735331040","Dave Berger","Manager","Mal","11445000","15","506324","Burglar Alar","4","0","1"
"105400","UCF America Inc","ucfamer@ucfamerica.com","1025 Thomas Busch Memorial Hwy","8564889636","8564881800","501313","Automobile Parts & Supplies-Wholesale","www.ucfamerica.com"," Email <---> Revenue ","652829","UCF America Inc","1025 Thomas Busch Memorial Hwy","Pennsauken","NJ","08110","Camden","www.ucfamerica.com","8564881800","8564889636","Annik Smith","President","Fem","11200000","25","501313","Automobile P","4","0","1"
"3222","Procedyne Corp","Bob.Archibald@procedyne.com","11 Industrial Dr","7322497220","7322498347","356702","Furnaces-Industrial (Manufacturers)","NULL"," Email <---> Revenue ","521308","Procedyne Corp","11 Industrial Dr","New Brunswick","NJ","08901","Middlesex","www.procedyne.com","7322498347","7322497220","H Kenneth Staffin","President","Mal","15565000","75","356702","Furnaces-Ind","4","0","1"
"92774","Briarpatch","Redman@briarpatch.com","150 Essex St # 301","9733767003","9733767002","509209","Toys-Wholesale","NULL"," Email <---> Revenue ","101050","Briarpatch","150 Essex St # 301","Millburn","NJ","07041","Essex","www.briarpatch.com","9733767002","9733767003","Martine Redman","President","Fem","11102000","13","509209","Toys-Wholesa","4","0","1"
"101340","Penta International Corp","mark.esposito@pentamfg.com","50 Okner Pkwy","9737401839","9737402300","208701","Flavoring Extracts-Manufacturers","NULL"," Email <---> Revenue ","500336","Penta International Corp","50 Okner Pkwy","Livingston","NJ","07039","Essex","www.pentamfg.com","9737402300","9737401839","Mark Esposito","Owner","Mal","16200000","30","208701","Flavoring Ex","4","0","1"
"159406","GEM Limousine","Barbara@gemlimo.com","70 Amboy Ave","7325960800","7325960900","411903","Limousine Service","NULL"," Email <---> Revenue ","258109","GEM Limousine","70 Amboy Ave","Woodbridge","NJ","07095","Middlesex","www.gemlimo.com","7325960900","7325960800","Barbara Chirico","CEO","Fem","11550000","105","411903","Limousine Se","4","0","1"
"175830","Corset Shop Inc","affiliates@barenecessities.com","179 Meeker Ave","5854243595","9736432525","563210","Lingerie","www.barenecessities.com"," Email <---> Revenue ","160360","Corset Shop Inc","179 Meeker Ave # 181","Newark","NJ","07114","Essex","www.barenecessities.com","9736432525","9736433539","Irwin Wrubel","CEO","Mal","14600000","200","563210","Lingerie","4","0","1"
"120806","Bleakley Dwyer & Schwartz","e.Foster@nmfn.com","100 Passaic Ave # 300","9735754055","9735754180","628205","Financial Planning Consultants","NULL"," Email <---> Revenue ","91781","Bleakley Dwyer & Schwartz","100 Passaic Ave # 300","Fairfield","NJ","07004","Essex","","9735754180","9735754055","Jack Cooney","Owner","Mal","19320000","60","628205","Financial Pl","4","0","1"
"143512","Wild Oats Natural Marketplace","ora@wildoaks.com","255 Nassau St","6099244993","6094979198","542107","Meat-Retail","www.wildoaks.com"," Email <---> Revenue ","685616","Wild Oats Natural Marketplace","255 Nassau St","Princeton","NJ","08540","Mercer","www.wildoaks.com","6099244993","6094979198","Dean Stefano","Manager","Mal","14100000","75","542107","Meat-Retail","4","0","1"
"165099","URS Corp","environmental@urscorp.com","1 Mack Centre Dr # 4","8505763676","2012627000","871111","Engineers-Consulting","www.urscorp.com"," Email <---> Revenue ","653144","URS Corp","1 Mack Centre Dr # 4","Paramus","NJ","07652","Bergen","www.urscorp.com","2012627000","2012625096","Frank Geran","VP","Mal","15525000","75","871111","Engineers-Co","4","0","1"
"70816","Sgs Sample Mgmt Svs","J-C@sgs.com","605 Heron Dr","8562418482","8562410700","516916","Chemicals (Wholesale)","NULL"," Email <---> Revenue ","582280","Sgs Sample Mgmt Svs","605 Heron Dr","Swedesboro","NJ","08085","Gloucester","","8562410700","8562418482","John Cassarelli","President","Mal","12012000","12","516916","Chemicals (W","4","0","1"
"140642","Core Care Direct","RonManno@corecareonline.com","309 Fries Mill Rd # 13","8562180082","8562189555","504712","Hospital Equipment & Supplies (Whol)","NULL"," Email <---> Revenue ","159120","Core Care Direct","309 Fries Mill Rd # 13","Sewell","NJ","08080","Gloucester","www.corecareonline.com","8562189555","8562180082","Ron Manno","Owner","Mal","11960000","20","504712","Hospital Equ","4","0","1"
"42333","Arthur Schuman","Neal_Schuman@arthurschuman.com","40 New Dutch Ln","9732271525","9732270030","545103","Cheese","NULL"," Email <---> Revenue ","57929","Arthur Schuman","40 New Dutch Ln","Fairfield","NJ","07004","Essex","www.arthurschuman.com","9732270030","9732271525","Neal Schuman","President","Mal","24150000","210","545103","Cheese","4","0","1"
"187656","Scapatapes","iselltape@cox.net","746 Gotham Pkwy","2019390437","2019390565","267298","Coated & Laminated Paper Nec (Mfrs)","www.scapana.com"," Email <---> Revenue ","574433","Scapatapes","746 Gotham Pkwy","Carlstadt","NJ","07072","Bergen","www.scapana.com","2019390565","2019390437","Carmen Tirella","Manager","Mal","18720000","40","267298","Coated & Lam","4","0","1"
"44430","North American Technologies","sherman@natk.com","3504 Rose Ave","7329221221","732-922-1661","2851","Paints","Varnishes"," Email <---> Revenue ","469501","North American Paint Corp","3504 Rose Ave","Ocean","NJ","07712","Monmouth","","7329221221","7329221221","","","","10275000","15","519803","Paint-Wholes","4","0","1"
"64737","Casel's Supermarket","Howard@casels.com","8008 Ventnor Ave","6098230894","6098232741","541105","Grocers","NULL"," Email <---> Revenue ","125284","Casel's Supermarket","8008 Ventnor Ave","Margate City","NJ","08402","Atlantic","www.casels.com","6098232741","6098230894","Howard Seiden","Owner","Mal","12350000","50","541105","Grocers-Reta","4","0","1"
"156331","Ameri Gas Inc","kaminskij@amerigas.com","1005 Us Highway 206","5306222864","6092982160","492398","Natural Gas Transmission & Distribution","www.amerigas.com"," Email <---> Revenue ","41787","Ameri Gas Inc","1005 Us Highway 206","Bordentown","NJ","08505","Burlington","www.amerigas.com","6092982160","6092986337","Frank Washington","Manager","Mal","23680000","20","492398","Natural Gas ","4","0","1"
"75854","Cambridge Silversmiths LTD","alan@cambridgesilversmiths.com","116 Lehigh Dr","9732275600","9732274400","391402","Goldsmith & Silversmith Products","NULL"," Email <---> Revenue ","116984","Cambridge Silversmiths LTD","116 Lehigh Dr","Fairfield","NJ","07004","Essex","www.cambridgesilversmiths.com","9732274400","9732275600","Roger Freeman","CEO","Mal","21200000","100","391402","Goldsmith & ","4","0","1"
"45339","Angelica Health Care Svc","jorlando@angelica.com","7 Kilmer Rd","7328190941","732-819-0405","721302","Linen Supply Service","NULL"," Email <---> Revenue ","48772","Angelica Health Care Svc","7 Kilmer Rd","Edison","NJ","08817","Middlesex","www.angelica.com","7328190405","7328190941","Demetrio Alfonso","Plant Mgr","Mal","12920000","190","721302","Linen Supply","4","0","1"
"146909","Camfil USA Inc","brunettia@camfilfarr.com","1 N Corporate Dr","9736167771","9736167300","356406","Filters-Air & Gas-Manufacturers","NULL"," Email <---> Revenue ","117500","Camfil USA Inc","1 N Corporate Dr","Riverdale","NJ","07457","Morris","www.camfilfarr.info","9736167300","9736167771","Armando Brunetti","President","Mal","20000000","0","356406","Filters-Air ","4","0","1"
"133534","IPA Independent Pharmacy Co-Op","John-Giampolo@hgpgroup.com","3 Cedarbrook Dr","6093951007","6093958616","283404","Drug Millers","NULL"," Email <---> Revenue ","312501","IPA Independent Pharmacy Co-Op","3 Cedarbrook Dr","Cranbury","NJ","08512","Middlesex","","6093958616","6093951007","John Giampolo","Owner","Mal","11424000","12","283404","Drug Millers","4","0","1"
"188922","Newark Electronics Corp","losangeles@newarkinone.com","197 State Route 18 S","5628647110","7329376601","506519","Electronic Equipment & Supplies-Whol","www.newark.com"," Email <---> Revenue ","464657","Newark Electronics Corp","197 State Route 18 S","East Brunswick","NJ","08816","Middlesex","www.newark.com","7329376601","7329376667","Rich Maize","Manager","Mal","15150000","15","506519","Electronic E","4","0","1"
"155353","KSB Telesound","rstover@ksbtelesound.com","311 Robbins Ave","6098839276","6098839393","506563","Telecommunication Equip/Syst-Whol/Mfrs","NULL"," Email <---> Revenue ","356911","KSB Telesound","311 Robbins Ave","Trenton","NJ","08638","Mercer","www.ksbtelesound.com","6098839393","6098839276","Robert Stover","Owner","Mal","12120000","12","506563","Telecommunic","4","0","1"
"125971","Switlik Parachute Co Inc","Richard.Switlik@switlik.com","1325 E State St","6095866647","6095873300","239902","Sewing Contractors","NULL"," Email <---> Revenue ","622991","Switlik Parachute Co Inc","1325 E State St","Trenton","NJ","08609","Mercer","www.switlik.com","6095873300","6095866647","Richard Switlik Sr","President","Mal","12000000","150","239902","Sewing Contr","4","0","1"
"173134","Energy Kinetics","JMarran@energykinetics.com","51 Molasses Hill Rd","9087352068","9087352066","343301","Boilers-New & Used-Manufacturers","NULL"," Email <---> Revenue ","220762","Energy Kinetics","51 Molasses Hill Rd","Lebanon","NJ","08833","Hunterdon","www.energykinetics.com","9087352066","9087352068","John Marran","President","Mal","10298000","38","343301","Boilers-New ","4","0","1"
"183487","Capintec Inc","btyberg@capintec.com","6 Arrow Rd # 101","4129630610","2018259500","382998","Measuring/Controlling Devices Nec (Mfrs)","www.capintec.com"," Email <---> Revenue ","119556","Capintec Inc","6 Arrow Rd # 101","Ramsey","NJ","07446","Bergen","www.capintec.com","2018259500","2018251336","Jessica Bede","President","Fem","13050000","32","382998","Measuring/Co","4","0","1"
"95917","Harborside Healthcare","bshiverick@hbrside.com","875 Us Highway 202/206","9373350686","9085268600","805101","Nursing & Convalescent Homes","www.harborsidehealthcare.com"," Email <---> Revenue ","290353","Harborside Healthcare","875 Us Highway 202/206","Bridgewater","NJ","08807","Somerset","www.harborsidehealthcare.com","9085268600","9085262290","Kevin Woodward","Administrator","Mal","11900000","170","805101","Nursing & Co","4","0","1"
"184268","Fundtech","reservations.gloucester@mill-cop.com","30 Montgomery St # 501","2136121573","2019461100","366998","Communications Equipment Nec (Mfrs)","www.millenniumhotels.com"," Email <---> Revenue ","255525","Fundtech","30 Montgomery St # 501","Jersey City","NJ","07302","Hudson","www.fundtech.com","2019461100","2019461313","Michael Sgroe","Owner","Mal","15330000","70","366998","Communicatio","4","0","1"
"159315","Lake-Vu Day Camp","Randy@lakevu.com","505 Riva Ave","7328219456","7328218933","703203","Camps","NULL"," Email <---> Revenue ","376031","Lake-Vu Day Camp","505 Riva Ave","East Brunswick","NJ","08816","Middlesex","www.lakevu.com","7328218933","7328219456","Randy Rothstein","Owner","Mal","22860000","180","703203","Camps","4","1","1"
