mail id,company,email,address,phone,fax,sic,sic description,web,,revenue id,company,address,city,state,zip,	metro,web,phone,fax,contact,position,gender,sales,# of employee,sic,sic_descrpiton,	,,
"141000","Lawn Doctor Inc","customerservice@lawndoctor.com","142 State Route 34","9705359331","7329460029","078204","Landscape Contractors","www.lawndoctor.com"," Email <---> Revenue ","380675","Lawn Doctor Inc","142 State Route 34","Holmdel","NJ","07733","Monmouth","www.lawndoctor.com","7329460029","7329469089","Russell J Frith","CEO","Mal","70000000","70","78204","Landscape Co","6","1","1"
"102026","Wise Tag & Label Co","sales@wisetaglabel.com","7035 Central Hwy","8566638610","8566632400","267201","Labels-Paper (Manufacturers)","www.wisetaglabel.com"," Email <---> Revenue ","689964","Wise Tag & Label Co","7035 Central Hwy","Pennsauken","NJ","08109","Camden","www.wisetaglabel.com","8566632400","8566638610","Sprague Wise","President","Mal","56160000","120","267201","Labels-Paper","6","0","1"
"168241","Client Logic","sales@clientlogic.com","230 Brighton Rd","9737785588","9737780799","733105","Advertising-Direct Mail","www.clientlogic.com"," Email <---> Revenue ","145408","Client Logic","230 Brighton Rd","Clifton","NJ","07012","Passaic","www.clientlogic.com","9737785588","9737780799","Marlene Ferber","Plant Mgr","Fem","94500000","450","733105","Advertising-","6","0","1"
"176567","Forest Laboratories Inc","investorrelations@frx.com","34 Exchange Pl # 602","2127509152","2014278000","512203","Pharmaceutical Products-Wholesale","www.frx.com"," Email <---> Revenue ","246759","Forest Laboratories Inc","34 Exchange Pl # 602","Jersey City","NJ","07302","Hudson","www.frx.com","2015249701","2015249711","","","","59899000","43","512203","Pharmaceutic","6","0","1"
"172123","Woolley Fuel Co","info@woolleyfuel.com","12 Burnett Ave","9737623890","9737627400","517206","Oils-Fuel (Wholesale)","www.woolleyfuel.com"," Email <---> Revenue ","692218","Woolley Fuel Co","12 Burnett Ave","Maplewood","NJ","07040","Essex","www.woolleyfuel.com","9737627400","9737623890","Norman Woolley","Owner","Mal","68166000","14","517206","Oils-Fuel (W","6","0","1"
"43179","Tilcon New Jersey","info@tilconny.com","625 Mount Hope Rd","9733668501","9733667741","161106","Asphalt & Asphalt Products","www.tilconny.com"," Email <---> Revenue ","637257","Tilcon New Jersey","625 Mount Hope Rd","Wharton","NJ","07885","Morris","www.tilconny.com","9733667741","9733668501","George Thompson","President","Mal","66000000","500","161106","Asphalt & As","6","0","1"
"172515","Ware Industries","engineering@marinoware.com","400 Metuchen Rd","9087579251","9087579000","332502","Foundries-Steel","www.marinoware.com"," Email <---> Revenue ","676196","Ware Industries","400 Metuchen Rd","South Plainfield","NJ","07080","Middlesex","www.marinoware.com","9087579000","9087579251","Chip Gardner","President","Mal","59540000","260","332502","Foundries-St","6","0","1"
