mail id,company,email,address,phone,fax,sic,sic description,web,,revenue id,company,address,city,state,zip,	metro,web,phone,fax,contact,position,gender,sales,# of employee,sic,sic_descrpiton,	,,
"60151","Dykes Lumber Co Inc","info@dykeslumber.com","1899 Park Ave","9143477150","2018670391","521142","Lumber-Retail","www.dykeslumber.com"," Email <---> Revenue ","203389","Dykes Lumber Co Inc","1899 Park Ave","Weehawken","NJ","07086","Hudson","www.dykeslumber.com","2018670391","2018672981","Charles Kreyer","Owner","Mal","25000000","45","521142","Lumber-Retai","5","0","1"
"81993","Allways","webmaster@need2know.com","1442 Broad St","2126897521","9733383111","519917","Advertising-Specialties (Wholesale)","www.psb.com"," Email <---> Revenue ","38501","Allways","1442 Broad St","Bloomfield","NJ","07003","Essex","www.awadv.com","9733383111","9733381410","Robert Lieberman","Owner","Mal","32310000","45","519917","Advertising-","5","0","1"
"178196","Flowserve Corp","webmaster@flowserve.com","401 Heron Dr","2814790250","8564674401","508440","Packings-Mechanical (Wholesale)","www.flowserve.com"," Email <---> Revenue ","245018","Flowserve Corp","401 Heron Dr","Swedesboro","NJ","08085","Gloucester","www.flowserve.com","8564674401","8562417801","Mark Murphy","Manager","Mal","27200000","50","508440","Packings-Mec","5","0","1"
"24550","Premdor Doorfab","webmaster@masonite.com","500 Chestnut Ave","2514331350","8568531222","521131","Doors","www.masonite.com"," Email <---> Revenue ","516520","Premdor Doorfab","500 Chestnut Ave","Woodbury Heights","NJ","08097","Gloucester","www.masonite.com","8568531222","8568532815","Steve Mc Cullough","Manager","Mal","30444000","118","521131","Doors","5","0","1"
"117966","Concentra","webmaster@concentra.com","10 Woodbridge Ctr Dr # 3","6022562281","7325960022","809907","Health Services","www.concentra.com"," Email <---> Revenue ","154901","Concentra","10 Woodbridge Ctr Dr # 3","Woodbridge","NJ","07095","Middlesex","www.concentra.com","7325960022","7325961342","Robin Delgado","Manager","Fem","33600000","300","809907","Health Servi","5","2","1"
"77044","Viking Yacht Co","sales@vikingsportcruisers.com","5738 Route 9","6092963956","6092966000","373201","Boats-Manufacturers","www.vikingsportcruisers.com"," Email <---> Revenue ","668534","Viking Yacht Co","5738 Route 9","Tuckerton","NJ","08087","Ocean","www.vikingsportcruisers.com","6092966000","6092963956","William J Healey","President","Mal","36000000","1200","373201","Boats-Manufa","5","0","1"
"113876","Triman Industries","sales@trimanindustries.com","1042 Industrial Dr","8567677154","8567677945","507205","Fasteners-Industrial (Wholesale)","www.trimanindustries.com"," Email <---> Revenue ","648108","Triman Industries","1042 Industrial Dr","West Berlin","NJ","08091","Camden","www.trimanindustries.com","8567677945","8567677154","Scott Truskin","President","Mal","29841000","49","507205","Fasteners-In","5","0","1"
"179928","United Wire Hanger Corp","sales@invision.net","1-5 Plant Rd","2012887212","2012884540","349698","Fabricated Wire Products-Misc (Mfrs)","www.unitedwirehanger.com"," Email <---> Revenue ","658890","United Wire Hanger Corp","1-5 Plant Rd","Hasbrouck Hts","NJ","07604","Bergen","www.unitedwirehanger.com","2012884540","2012887212","Lawrence Goldman","President","Mal","43000000","200","349698","Fabricated W","5","0","1"
"54157","Lease Way Auto Carriers","privacy@penskecorp.com","317 Port St","8162181050","9735897594","754910","Automobile Transporters & Drive-Away CO","www.penske.com"," Email <---> Revenue ","382543","Lease Way Auto Carriers","317 Port St","Newark","NJ","07114","Essex","www.penske.com","9735897594","9735893457","Don Callan","Plant Mgr","Mal","29610000","210","754910","Automobile T","5","0","1"
"151531","Sabinsa Corp","info@sabinsa.com","70 Ethel Rd W # 6","7327771443","7327771111","509901","Exporters","www.sabinsa.com"," Email <---> Revenue ","566952","Sabinsa Corp","70 Ethel Rd W # 6","Piscataway","NJ","08854","Middlesex","www.sabinsa.com","7327771111","7327771443","Muhammed Majeed","President","Mal","28320000","30","509905","Importers","5","0","1"
"1324","Green Tree Packing Inc","info@reinvented.net","65 Central Ave","9734737975","9734731305","201101","Meat Packers","NULL"," Email <---> Revenue ","279552","Green Tree Packing Inc","65 Central Ave","Passaic","NJ","07055","Passaic","","9734731305","9734737975","Donald P Waters","President","Mal","25000000","70","201101","Meat Packers","5","0","1"
"84096","Graver Technologies Inc","info@gravertech.com","72 Lockwood St","9736905808","9734652380","516916","Chemicals (Wholesale)","www.gravertech.com"," Email <---> Revenue ","278096","Graver Technologies Inc","72 Lockwood St","Newark","NJ","07105","Essex","www.gravertech.com","9734652380","9736905808","Walter Bass","VP","Mal","27027000","27","516916","Chemicals (W","5","0","1"
"43010","Landers Segal Color Co","info@pigments.com","305 W Grand Ave # 400","2013075855","2013075995","519804","Colors & Pigments (Wholesale)","www.pigments.com"," Email <---> Revenue ","377405","Landers Segal Color Co","305 W Grand Ave # 400","Montvale","NJ","07645","Bergen","www.pigments.com","2013075995","2013075855","Donald Greenwald","President","Mal","36300000","25","519804","Colors & Pig","5","0","1"
"184602","Caraustar Industries","info@caraustar.com","869 State Route 12","7737223510","9087820505","265301","Corrugated & Solid Fiber Boxes (Mfrs)","www.caraustar.com"," Email <---> Revenue ","120628","Caraustar Industries","869 State Route 12","Frenchtown","NJ","08825","Hunterdon","www.caraustar.com","9087820505","9087820583","Alan Sochats","Plant Mgr","Mal","39831000","205","265301","Corrugated &","5","0","1"
"109424","All State Intl Inc","info@aslegal.com","13 Commerce Dr","3108514747","9082720800","275202","Printers","www.aslegal.com"," Email <---> Revenue ","35460","All State Intl Inc","13 Commerce Dr","Cranford","NJ","07016","Union","www.aslegal.com","9082720800","9082720125","Robert H Bush","President","Mal","39700000","300","275202","Printers","5","0","1"
"4445","Vitusa Corp","email@vitusa.com","110 Charlotte Pl # 2","2015690849","2015690800","509901","Exporters","www.vitusa.com"," Email <---> Revenue ","671580","Vitusa Corp","110 Charlotte Pl # 2","Englewood Cliffs","NJ","07632","Bergen","www.vitusa.com","2015690800","2015690849","Denny Herzberg","President","Mal","27000000","12","509901","Exporters","5","0","1"
"189109","Atlantic Coast Fibers","feedback@casella.com","101 7th St","8023889682","9736149600","509307","Waste-Paper (Wholesale)","www.casella.com"," Email <---> Revenue ","62276","Atlantic Coast Fibers","101 7th St","Passaic","NJ","07055","Passaic","www.casella.com","9736149600","9735465747","Joseph Gaccione","President","Mal","36610000","70","509307","Waste-Paper ","5","0","1"
"132692","William Dixon Co","email@grobetusa.com","750 Washington Ave","2019395067","2019350100","508453","Tools-Cutting (Wholesale)","www.grobetusa.com"," Email <---> Revenue ","686373","William Dixon Co","750 Washington Ave","Carlstadt","NJ","07072","Bergen","www.grobetusa.com","2019350100","2019395067","John Canzoneri","President","Mal","40800000","75","508453","Tools-Cuttin","5","0","1"
"45539","Universal Forest Products Inc","customerservice@ufpi.com","159 Jackson Rd","4232389413","8567670043","599990","Wood Products","www.ufpi.com"," Email <---> Revenue ","659254","Universal Forest Products Inc","159 Jackson Rd","Berlin","NJ","08009","Camden","www.ufpi.com","8567670043","8567671526","Randy Bell","Plant Mgr","Mal","39999000","199","599990","Wood Product","5","0","1"
"94794","Fresh Juice Co Of Ny Inc","customerservice@nakedjuice.com","280 Wilson Ave","3034507402","9734657100","514202","Fruit Juices (Wholesale)","www.nakedjuice.com"," Email <---> Revenue ","253504","Fresh Juice Co Of Ny Inc","280 Wilson Ave","Newark","NJ","07105","Essex","www.nakedjuice.com","9734657100","9734657170","Ken Kaprowski","VP","Mal","42360000","40","514202","Fruit Juices","5","0","1"
"64389","Arett Sales Corp","mail@arett.com","1152 Marlkress Rd","8567510604","8567511224","508310","Farm Equipment (Wholesale)","NULL"," Email <---> Revenue ","55307","Arett Sales Corp","1152 Marlkress Rd","Cherry Hill","NJ","08003","Camden","www.arettoffice.com","8567511224","8567510604","Lindsey Chesbrough","President","Mal","44400000","75","508310","Farm Equipme","5","0","1"
