mail id,company,email,address,phone,fax,sic,sic description,web,,revenue id,company,address,city,state,zip,	metro,web,phone,fax,contact,position,gender,sales,# of employee,sic,sic_descrpiton,	,,
"160431","Neighbor Care Pharmacy","PalmerR@neighborcare.com","121 Algonquin Pkwy","9738848870","9735031500","591205","Pharmacies","NULL"," Email <---> Revenue ","458312","Neighbor Care Pharmacy","121 Algonquin Pkwy","Whippany","NJ","07981","Morris","","9735031500","9738848870","Robert Palmer","CEO","Mal","45750000","250","591205","Pharmacies","5","2","1"
"127645","A C Schultes Inc","acsofmd@comcast.net","664 S Evergreen Ave","9102856501","8568455656","508444","Pumps (Wholesale)","www.acschultes.com"," Email <---> Revenue ","8278","A C Schultes Inc","664 S Evergreen Ave","Woodbury Heights","NJ","08097","Gloucester","www.acschultes.com","8568455656","8568451335","August C Schultes IV","President","Mal","27200000","50","508444","Pumps (Whole","5","0","1"
"71959","Dietrich Industries Inc","askforhelp@dietrichindustries.com","100 Fulton St","3527487252","9733353240","521126","Building Materials","www.dietrichindustries.com"," Email <---> Revenue ","190951","Dietrich Industries Inc","100 Fulton St","Boonton","NJ","07005","Morris","www.dietrichindustries.com","9733353240","7324320841","Brian Panuccio","Manager","Mal","36240000","60","331204","Steel Proces","5","0","1"
"36427","Hoffman-LA Roche Printing Inc","basel.webmaster@roche.com","701 Union Blvd","3178457116","9732358216","275498","Commercial Printing-Gravure","www.roche.com"," Email <---> Revenue ","302116","Hoffman-LA Roche Printing Inc","701 Union Blvd","Totowa","NJ","07512","Passaic","www.roche.com","9732358216","9732358206","John Hemerick","President","Mal","41516000","65","275498","Commercial P","5","0","1"
"180175","Mivila Foods","bid@mivila.com","226 Getty Ave","6319536933","9732784148","541105","Grocers-Retail","www.mivila.com"," Email <---> Revenue ","439655","Mivila Foods","226 Getty Ave","Paterson","NJ","07503","Passaic","www.mivila.com","9732784148","9732789332","Theodore Laoudis","Owner","Mal","25100000","100","541105","Grocers-Reta","5","0","1"
"128889","Richard A Alaimo Assoc","hjohnson@alaimogroup.com","200 High St","6092677452","6092678310","871111","Engineers-Consulting","NULL"," Email <---> Revenue ","545598","Richard A Alaimo Assoc","200 High St","Mt Holly","NJ","08060","Burlington","www.alaimogroup.com","6092678310","6092677452","Richard A Alaimo","President","Mal","25875000","125","871111","Engineers-Co","5","0","1"
"11482","Swatch Group","Yann@swatchgroup.com","1200 Harbor Blvd","2012714633","2012711400","874213","Marketing Programs & Services","NULL"," Email <---> Revenue ","622400","Swatch Group","1200 Harbor Blvd","Weehawken","NJ","07086","Hudson","www.swatchgroup.com","2012711400","2012714633","Yann Gamard","CEO","Mal","32200000","140","874213","Marketing Pr","5","0","1"
"172926","D G Energy Solutions","Williams@dg-energy.com","708 Stokes Rd # A","6096546146","6096546166","491101","Electric Companies","NULL"," Email <---> Revenue ","172561","D G Energy Solutions","708 Stokes Rd # A","Medford","NJ","08055","Burlington","www.dg-energy.com","6096546166","6096546146","Terry Williams","Owner","Mal","45250000","50","491101","Electric Com","5","0","1"
"38164","Homasote Co","wflicker@homasote.com","PO Box 7240","6095301584","6098833301","249398","Reconstituted Wood Products (Mfrs)","NULL"," Email <---> Revenue ","303792","Homasote Co","932 Lower Ferry Rd","Trenton","NJ","08628","Mercer","","6098833301","6095301584","Warren L Flicker","CEO","Mal","25067000","194","249398","Reconstitute","5","0","1"
"130376","Merlin Industries Inc","wfitzgerald@merlinindustries.com","720 Monmouth St","6099899591","6099891600","394925","Swimming Pool-Manufacturers","NULL"," Email <---> Revenue ","428447","Merlin Industries Inc","720 Monmouth St","Trenton","NJ","08609","Mercer","www.merlinindustries.com","6099891600","6099899591","Andrew Maggion","Owner","Mal","29700000","150","394925","Swimming Poo","5","0","1"
"142625","Spiral Binding Co","webadmin@spiralbinding.com","1 Maltese Dr","5633868959","9732560666","278998","Bookbinding & Related Work","www.wjmplastics.com"," Email <---> Revenue ","601565","Spiral Binding Co","1 Maltese Dr","Totowa","NJ","07512","Passaic","www.spiralbinding.com","9732560666","9732565981","Robert Roth","President","Mal","27000000","210","278998","Bookbinding ","5","0","1"
"184617","Ikegami Electronics Inc","tsaito@ikegami.com","37 Brook Ave","2015625858","2013689171","366311","Broadcasting Equipment (Manufacturers)","NULL"," Email <---> Revenue ","313902","Ikegami Electronics Inc","37 Brook Ave","Maywood","NJ","07607","Bergen","www.ikegami.com","2013689171","2015625858","T Saito","CEO","Mal","28980000","50","366311","Broadcasting","5","0","1"
"182910","Trico Equipment","tkerr@tricoequipment.com","551 N Harding Hwy","8566973933","8566971414","508206","Contractors-Equip/Supls-Dlrs/Svc (Whol)","www.tricoequipment.net"," Email <---> Revenue ","647912","Trico Equipment","551 N Harding Hwy","Vineland","NJ","08360","Cumberland","www.tricoequipment.net","8566971414","8566973933","Joseph Pustizzi","CEO","Mal","40750000","50","508206","Contractors-","5","0","1"
"182790","Edward & Kelcey Wireless","tcabana@ekmail.com","299 Madison Ave # 1","4135872227","9732670555","871111","Engineers-Consulting","www.ekcorp.com"," Email <---> Revenue ","212588","Edward & Kelcey Wireless","299 Madison Ave # 1","Morristown","NJ","07960","Morris","www.ekcorp.com","9732670555","9732673555","Kevin Mc Mahon","CEO","Mal","32300000","350","871111","Engineers-Co","5","0","1"
"122272","A-1 Limousine Svc","StarrMichael@a1limo.com","2 Emmons Dr","6094520816","6099510070","736101","Chauffeur Service","NULL"," Email <---> Revenue ","12132","A-1 Limousine Svc","2 Emmons Dr","Princeton","NJ","08540","Mercer","www.a1limo.com","6099510070","6094520816","Michael Starr","Owner","Mal","27200000","340","736101","Chauffeur Se","5","0","1"
"175315","Blackwell North America Inc","sspilka@wiley.com","100 University Ct","8562286097","8562288900","731908","Distribution Services","www.blackwell.com"," Email <---> Revenue ","91345","Blackwell North America Inc","100 University Ct","Blackwood","NJ","08012","Camden","www.blackwell.com","8562288900","8562286097","Mark Maloney","Plant Mgr","Mal","33900000","150","731908","Distribution","5","0","1"
"81822","Newark Wire Works","Spellman@thebluebook.com","1059 King Georges Post Rd","7326612003","7326612001","505103","Wire Products (Wholesale)","NULL"," Email <---> Revenue ","465054","Newark Wire Works","1059 King Georges Post Rd","Edison","NJ","08837","Middlesex","","7326612001","7326612003","Joe P Spellman","Owner","Mal","34200000","30","505103","Wire Product","5","0","1"
"174028","Elan Chemicals","SJ@elan-chemical.com","268 Doremus Ave","9733441948","9733448014","509901","Exporters","NULL"," Email <---> Revenue ","215139","Elan Chemicals","268 Doremus Ave","Newark","NJ","07105","Essex","www.elan-chemical.com","9733448014","9733441948","Jerome Scharf","President","Mal","36000000","70","516916","Chemicals (W","5","0","1"
"106543","Freeze","ShalamM@freezecmi.com","51 Saw Mill Pond Rd","7322484442","7322489000","233907","Clothing-Manufacturers","NULL"," Email <---> Revenue ","253169","Freeze","51 Saw Mill Pond Rd","Edison","NJ","08817","Middlesex","www.freezecmi.com","7322489000","7322484442","M Shalam","Owner","Mal","35800000","200","233907","Clothing-Man","5","0","1"
"164845","Garden State Lumber Products","S_Kulick@gardenstatelumber.com","18 Muller Rd","2016511666","2016511600","503109","Lumber-Wholesale","NULL"," Email <---> Revenue ","261630","Garden State Lumber Products","18 Muller Rd","Oakland","NJ","07436","Bergen","www.gardenstatelumber.com","2016511600","2016511666","Seymour Kulick","President","Mal","25410000","30","503109","Lumber-Whole","5","0","1"
"44135","Komline-Sanderson Engineering","russell.komline@komline.com","PO Box 257","9082349487","9082341000","3561","Pumps and Pumping Equipment","NULL"," Email <---> Revenue ","368398","Komline-Sanderson Engineering","PO Box 257","Peapack","NJ","07977","Somerset","www.komline.com","9082341000","9082349487","Russell Komline","CEO","Mal","30000000","200","356998","General Ind ","5","0","1"
"12437","Denman & Davis","robert.cinek@ddsteel.com","NULL","9736848723","973-684-3900","1761","Roofing","Siding"," Email <---> Revenue ","186179","Denman & Davis","1 Broad St","Clifton","NJ","07011","Passaic","","9736843900","9736848723","David N Deinzer","CEO","Mal","35000000","135","344403","Sheet Metal ","5","0","1"
"47561","Weyerhaeuser Co","realestateservices@weyerhaeuser.com","10 Railroad Ave","7123664302","2017686161","265301","Corrugated & Solid Fiber Boxes (Mfrs)","www.weyerhaeuser.com"," Email <---> Revenue ","683790","Weyerhaeuser Co","10 Railroad Ave","Closter","NJ","07624","Bergen","www.weyerhaeuser.com","2017686161","2017686471","","","","49790000","130","265301","Corrugated &","5","0","1"
"30273","Capitol Concrete Products Co","ray.browning@thebluebook.com","90 Main St","7327278714","7327275460","503208","Concrete Products (Wholesale)","NULL"," Email <---> Revenue ","119885","Capitol Concrete Products Co","90 Main St","South Amboy","NJ","08879","Middlesex","www.capitolconcrete.com","7327275460","7327278714","Norman Grossman","President","Mal","38400000","80","503208","Concrete Pro","5","0","1"
"153555","Sunshine Bouquet Co","pwright@sunshinebouquet.com","3 Chris Ct # A","7322742934","7322742900","519304","Florists-Wholesale","NULL"," Email <---> Revenue ","619101","Sunshine Bouquet Co","3 Chris Ct # A","Dayton","NJ","08810","Middlesex","www.sunshinebouquet.com","7322742900","7322742934","John Simko","Owner","Mal","38250000","150","519304","Florists-Who","5","0","1"
"140964","Inverness","Peter@invernesscorp.com","17-10 Willow St","2017946814","2017943400","391101","Jewelry-Manufacturers","NULL"," Email <---> Revenue ","321932","Inverness","17-10 Willow St","Fair Lawn","NJ","07410","Bergen","www.invernesscorp.com","2017943400","2017946814","Peter Indiveri","President","Mal","45000000","200","391101","Jewelry-Manu","5","0","1"
"19060","Truarc Co","pat.oconnor@pocmedia.com","57 Cordier St","9739265001","9739265001","507232","Rings-Retaining (Wholesale)","www.pocmedia.com"," Email <---> Revenue ","649416","Truarc Co","57 Cordier St","Irvington","NJ","07111","Essex","www.truarc.com","9739265001","9739264292","William Dukette","Manager","Mal","27405000","45","507232","Rings-Retain","5","0","1"
"146382","Jan Communications & Elec Co","njlevine@jancomm.com","6630 S Crescent Blvd","8566635377","8566634800","506563","Telecommunication Equip/Syst-Whol/Mfrs","NULL"," Email <---> Revenue ","335660","Jan Communications & Elec Co","6630 S Crescent Blvd","Pennsauken","NJ","08109","Camden","www.jancomm.com","8566634800","8566635377","Norman Levine","Owner","Mal","30300000","30","506563","Telecommunic","5","0","1"
"168599","O Berk Co","nysales@oberk.com","3 Milltown Ct","2039347172","9088519500","508559","Bottles-Wholesale","www.oberk.com"," Email <---> Revenue ","473993","O Berk Co","3 Milltown Ct","Union","NJ","07083","Union","www.oberk.com","9088519500","9088519367","Marc M Gaelen","President","Mal","40000000","45","508559","Bottles-Whol","5","0","1"
"95452","Advanced Health Media","kmcmurtry@ahmdirect.com","2840 Morris Ave","NULL","9086873888","874214","Marketing Consultants","NULL"," Email <---> Revenue ","25073","Advanced Health Media","2840 Morris Ave","Union","NJ","07083","Union","www.cmetravel.com","9086873888","9086877383","Kevin Mc Murtry","President","Mal","39100000","170","874214","Marketing Co","5","0","1"
"79072","Bell Container","Kaplan.Arnie@Bellcontainer.Com","PO Box 5728","9733440817","9733444400","265301","Corrugated & Solid Fiber Boxes (Mfrs)","NULL"," Email <---> Revenue ","81227","Bell Container","615 Ferry St","Newark","NJ","07105","Essex","","9733444400","9733440817","Arnie Kaplan","President","Mal","30000000","150","265301","Corrugated &","5","0","1"
"187242","Global Telecommunications Grp","kkeim@alliancegrp.com","85 N Ashby Ave","9736391824","9739926286","173107","Telecommunications Contractors","NULL"," Email <---> Revenue ","272230","Global Telecommunications Grp","85 N Ashby Ave","Livingston","NJ","07039","Essex","www.alliancegrp.com","9739926286","9736391824","Thomas Tsilionis","President","Mal","49200000","300","173107","Telecommunic","5","0","1"
"142735","PNC Inc","jweed@pnc.com","115 E Centre St","9732841925","9732841600","506379","Circuits-Printed & Etched-Wholesale","NULL"," Email <---> Revenue ","487226","PNC Inc","115 E Centre St","Nutley","NJ","07110","Essex","www.pnconline.com","9732841600","9732841925","Peter Patel","Owner","Mal","26705000","35","506379","Circuits-Pri","5","0","1"
"176254","Louis P Canuso Inc","jerry@lpcanuso.com","PO Box 501","8568458831","8568452700","505107","Pipe-Wholesale","NULL"," Email <---> Revenue ","396124","Louis P Canuso Inc","401 Crown Point Rd","Thorofare","NJ","08086","Gloucester","www.lpcanuso.com","8568452700","8568458831","Joseph Canuso","Owner","Mal","36645000","35","505107","Pipe-Wholesa","5","0","1"
"137657","Depot America Inc","joseph.costa@depot-america.com","1495 Highway 34","7329191929","7329190209","737801","Computers-Service & Repair","NULL"," Email <---> Revenue ","187262","Depot America Inc","1495 Highway 34","Wall Township","NJ","07727","Monmouth","www.depot-america.com","7329190209","7329191929","Joe Costa","President","Mal","40750000","250","737801","Computers-Se","5","0","1"
"656","Lenape Products Inc","jcollins@lenapebath.com","600 Plum St","6093940929","6093945376","326101","Bathroom Accessories-Manufacturers","NULL"," Email <---> Revenue ","384271","Lenape Products Inc","600 Plum St","Trenton","NJ","08638","Mercer","www.lenapebath.com","6093945376","6093940929","Stephen M Bielawski","President","Mal","25560000","120","326101","Bathroom Acc","5","0","1"
"160306","International Granite & Marble","janehargaden@igmcorp.com","2038 83rd St","2018699403","2018695200","509905","Importers","NULL"," Email <---> Revenue ","320743","International Granite & Marble","2038 83rd St","North Bergen","NJ","07047","Hudson","www.igmcorp.com","2018695200","2018699403","John Weiss","President","Mal","30000000","24","509905","Importers","5","0","1"
"174483","Campbell's Express","JamesGallagher@campbellsexpress.com","PO Box 119","8565898494","8565898300","421309","Trucking-Motor Freight","NULL"," Email <---> Revenue ","117913","Campbell's Express","134 Laurel Dr","Pitman","NJ","08071","Gloucester","www.campbellsexpress.com","8565898300","8565898494","James Gallagher","President","Mal","30200000","200","421309","Trucking-Mot","5","0","1"
"125458","National Casein Of New Jersey","help@nationalcasein.com","401 Marths Ln","9038779226","8568291880","289198","Adhesives & Sealants (Manufacturers)","www.nationalcasein.com"," Email <---> Revenue ","455987","National Casein Of New Jersey","401 Marths Ln","Riverton","NJ","08077","Burlington","www.nationalcasein.com","8568291880","8568296063","Trevor Williams","Manager","Mal","38600000","20","289198","Adhesives & ","5","0","1"
"183470","G E Structured Svc","ge@pictureahealthyworld.com","14000 Horizon Way","4109962634","8568024600","899999","Services Nec","www.ge.com"," Email <---> Revenue ","257016","G E Structured Svc","14000 Horizon Way","Mt Laurel","NJ","08054","Burlington","www.ge.com","8568024600","8568024820","Marc Eertino","Manager","Mal","35600000","200","899999","Services Nec","5","0","1"
"187357","Acme Markets Inc","frobozz07@mail.acme.com","301 S Main Rd","2155299675","8565071101","541105","Grocers-Retail","www.acme.com"," Email <---> Revenue ","21317","Acme Markets Inc","301 S Main Rd","Vineland","NJ","08360","Cumberland","www.acme.com","8565071101","8565071125","Frank Mc Anulty","Manager","Mal","36400000","200","541105","Grocers-Reta","5","0","1"
"86056","Prudential Stainless Pipe LP","Frank@prupipe.com","130 Essex Ave E","7327500778","7327502277","505107","Pipe-Wholesale","NULL"," Email <---> Revenue ","523983","Prudential Stainless Pipe LP","130 Essex Ave E","Avenel","NJ","07001","Middlesex","www.prupipe.com","7327502277","7327500778","Frank Marino","President","Mal","29640000","26","505107","Pipe-Wholesa","5","0","1"
"136993","California Closet Co","franchisesales@calclosets.com","4 Gardner Rd # 5","7148994866","9738823800","502309","Closets & Closet Accessories (Whol)","www.calclosets.com"," Email <---> Revenue ","116218","California Closet Co","4 Gardner Rd # 5","Fairfield","NJ","07004","Essex","www.calclosets.com","9738823800","9738829171","Ruth Ginsberg","President","Fem","33420000","60","502309","Closets & Cl","5","0","1"
"166081","Ferro Corp","fjkk@ferro.com","170 Route 130","2256543268","8564673000","289905","Chemicals-Manufacturers","www.ferro.com"," Email <---> Revenue ","237894","Ferro Corp","170 Route 130","Swedesboro","NJ","08085","Gloucester","www.ferro.com","8564673000","8564678308","John Ambrose","Plant Mgr","Mal","36600000","100","289905","Chemicals-Ma","5","0","1"
"188403","PRA International","dockhorndavid@praintl.com","4 Industrial Way W","9135992753","7325785400","873206","Research Service","www.prainternational.com"," Email <---> Revenue ","487324","PRA International","4 Industrial Way W","Eatontown","NJ","07724","Monmouth","www.praint.com","7325785400","7325785401","Ernie Richards","VP","Mal","27000000","200","873206","Research Ser","5","0","1"
"129414","Kulite Semiconductor Inc","dick@kulite.com","1 Willow Tree Rd","2014610990","2014610900","367498","Semiconductors & Related Devices (Mfrs)","NULL"," Email <---> Revenue ","370296","Kulite Semiconductor Inc","1 Willow Tree Rd","Leonia","NJ","07605","Bergen","www.kulite.com","2014610900","2014610990","Anthony D Kurtz","CEO","Mal","29000000","480","367498","Semiconducto","5","0","1"
"167418","W B Law & Son","David@lawcoffee.com","265 Thomas St","9733441917","9733442270","514905","Coffee & Tea-Wholesale","NULL"," Email <---> Revenue ","672755","W B Law & Son","265 Thomas St","Newark","NJ","07114","Essex","www.lawcoffee.com","9733442270","9733441917","David Mendez","Owner","Mal","25320000","30","514905","Coffee & Tea","5","0","1"
"168183","Good Friend Electric","david.rosen@goodfriendelectric.com","265 Route 37 E","7323492527","7323494100","506330","Electric Equipment & Supplies-Wholesale","NULL"," Email <---> Revenue ","275197","Good Friend Electric","265 Route 37 E","Toms River","NJ","08753","Ocean","www.goodfriendelectric.com","7323494100","7323492527","David Rosen","President","Mal","38150000","50","506330","Electric Equ","5","0","1"
"152960","Fresh Fields Markets","customer.questions@wholefoods.com","701 Bloomfield Ave","3103150665","9737465110","541105","Grocers-Retail","www.wholefoods.com"," Email <---> Revenue ","253494","Fresh Fields Markets","701 Bloomfield Ave","Montclair","NJ","07042","Essex","www.wholefoods.com","9737465110","","Paula Sorbino","Manager","Fem","27300000","150","541105","Grocers-Reta","5","0","1"
"166304","Insurance Auto Auctions","cservice@iaai.com","250 Blackwood Barnsboro Rd","7045967492","8562278760","501204","Automobile Auctions (Wholesale)","www.iaai.com"," Email <---> Revenue ","318782","Insurance Auto Auctions","250 Blackwood Barnsboro Rd","Turnersville","NJ","08012","Camden","www.iaai.com","8562278760","","Maryann Jost","Manager","Fem","29600000","8","501204","Automobile A","5","1","1"
"166245","Landis Shoprite","corpcomm@wakefern.com","3600 E Landis Ave","7324942475","8566910106","541105","Grocers-Retail","www.shoprite.com"," Email <---> Revenue ","377486","Landis Shoprite","3600 E Landis Ave","Vineland","NJ","08361","Cumberland","www.shoprite.com","8566910106","8566968689","Norman Roeske","Manager","Mal","31122000","171","541105","Grocers-Reta","5","0","1"
"178651","Pearson Education","communications@pearsoned.com","258 Prospect Plains Rd","6178486608","6093958790","829929","Educational Service-Business","www.pearsoned.com"," Email <---> Revenue ","498530","Pearson Education","258 Prospect Plains Rd","Cranbury","NJ","08512","Middlesex","www.pearsoned.com","6093958790","","Glenn Cipriani","VP","Mal","35200000","400","829929","Educational ","5","0","1"
"151134","Truarc Co","cnoll@truarc.com","57 Cordier St","9739264292","9739265001","507232","Rings-Retaining (Wholesale)","www.truarc.com"," Email <---> Revenue ","649416","Truarc Co","57 Cordier St","Irvington","NJ","07111","Essex","www.truarc.com","9739265001","9739264292","William Dukette","Manager","Mal","27405000","45","507232","Rings-Retain","5","0","1"
"93147","Courier News","cnutt@cn.com","1201 Route 22","9087073272","908-722-8800","731106","Advertising-Newspaper","NULL"," Email <---> Revenue ","162499","Courier News","1201 Route 22","Bridgewater","NJ","08807","Somerset","www.c-n.com","9087228800","9087073272","Charles W Nutt Jr","CEO","Mal","47400000","300","731106","Advertising-","5","0","1"
"187408","Image Remit","christine.defelice@imageremit.com","205 N Center Dr","7329407237","7329407900","609915","Banking Systems & Service-Electronic","www.imageremit.com"," Email <---> Revenue ","314296","Image Remit","205 N Center Dr","North Brunswick","NJ","08902","Middlesex","www.imageremit.com","7329407900","7329407237","Ralph Gallo","President","Mal","27825000","75","609915","Banking Syst","5","0","1"
"168239","West Marine","CatIntl@westmarine.com","494 Market St","5088620603","7324425700","555113","Marine Equipment & Supplies","www.westmarine.com"," Email <---> Revenue ","682248","West Marine","494 Market St","Perth Amboy","NJ","08861","Middlesex","www.westmarine.com","7324425700","7324422345","Tim Scherer","Manager","Mal","47100000","100","555113","Marine Equip","5","0","1"
"186207","Hydraulic Packing & Seal Prods","charlesschappert@hpsseals.com","PO Box 479","8562241119","8562241120","507211","Seals-O-Ring (Wholesale)","NULL"," Email <---> Revenue ","310991","Hydraulic Packing & Seal Prods","1224 Forest Pkwy # 160","Paulsboro","NJ","08066","Gloucester","www.hpsseals.com","8562241120","8562241119","Charles Schappert","President","Mal","25900000","50","507211","Seals-O-Ring","5","0","1"
"44999","Caraustar Industries","cans@caraustar.com","869 State Route 12","9087820505","9087820583","265301","Corrugated & Solid Fiber Boxes (Mfrs)","www.caraustar.com"," Email <---> Revenue ","120628","Caraustar Industries","869 State Route 12","Frenchtown","NJ","08825","Hunterdon","www.caraustar.com","9087820505","9087820583","Alan Sochats","Plant Mgr","Mal","39831000","205","265301","Corrugated &","5","0","1"
"64424","Stainless Tubular Products","carol.filer@stainlesstubular.com","19 Audrey Pl","9732275491","9732275666","505110","Tubing-Metal (Wholesale)","NULL"," Email <---> Revenue ","606169","Stainless Tubular Products","19 Audrey Pl","Fairfield","NJ","07004","Essex","www.stainlesstubular.com","9732275666","9732275491","Gerald Hallisey","President","Mal","34200000","30","505110","Tubing-Metal","5","0","1"
"42525","Cenco Heating Oil","BLineman@cencoheatingoil.com","325 W Route 130","NULL","6093860101","517206","Oils-Fuel (Wholesale)","NULL"," Email <---> Revenue ","128349","Cenco Heating Oil","325 W Route 130","Burlington","NJ","08016","Burlington","www.cencoheatingoil.com","6093860101","","Bob Lineman","Owner","Mal","34083000","7","517206","Oils-Fuel (W","5","0","1"
"83572","Westlock Controls Corp","stevesmith@westlockcontrols.com","280 N Midland Ave # Z2c2","2252965188","2017947650","367901","Electronic Equipment & Supplies-Mfrs","www.westlockcontrols.com"," Email <---> Revenue ","683323","Westlock Controls Corp","280 N Midland Ave # Z2c2","Saddle Brook","NJ","07663","Bergen","www.westlockcontrols.com","2017947650","2017940913","Russell Chomiak","President","Mal","33600000","150","367901","Electronic E","5","0","1"
"167472","Scholes Electric & Comms","Thomas@scholesonline.com","1021 Centennial Ave","NULL","7325621900","173101","Electric Contractors","NULL"," Email <---> Revenue ","575408","Scholes Electric & Comms","1021 Centennial Ave","Piscataway","NJ","08854","Middlesex","www.scholesonline.com","7325621900","","Thomas J Demcsak","CEO","Mal","30200000","100","173101","Electric Con","5","2","1"
"184818","Passaic County Comm College","thurman@tillamookbay.cc","1 College Blvd","5035332999","9736846800","824301","Computer Training","www.pcc.edu"," Email <---> Revenue ","494112","Passaic County Comm College","1 College Blvd","Paterson","NJ","07505","Passaic","www.pcc.edu","9736846800","9736845072","Steven Rose","President","Mal","40800000","240","824301","Computer Tra","5","0","1"
"105736","Aqualon Hercules","mlevitskie@herc.com","50 S Minnisink Ave","6508752757","7322541234","289905","Chemicals-Manufacturers","www.herc.com"," Email <---> Revenue ","53920","Aqualon Hercules","50 S Minnisink Ave","Parlin","NJ","08859","Middlesex","www.herc.com","7322541234","7326516495","Paul W Tuck","Plant Mgr","Mal","36234000","66","289905","Chemicals-Ma","5","0","1"
"17732","Federal Business Products Inc","webinquiry@feddirect.com","95 Main Ave # 2","9736671677","9736679800","275202","Printers","www.feddirect.com"," Email <---> Revenue ","236569","Federal Business Products Inc","95 Main Ave # 2","Clifton","NJ","07014","Passaic","www.feddirect.com","9736679800","9736671677","Jim Trainor","Owner","Mal","34050000","75","511207","Business For","5","0","1"
"63229","Metex Corp","robert.quaglin@metexcorp.com","970 New Durham Rd","7322878546","7322870800","349698","Fabricated Wire Products-Misc (Mfrs)","NULL"," Email <---> Revenue ","429130","Metex Corp","970 New Durham Rd","Edison","NJ","08817","Middlesex","www.metexcorp.com","7322870800","7322878546","Greg Vongas","President","Mal","35900000","450","349698","Fabricated W","5","0","1"
"184006","Tingue Brown & Co","dkoebel@tingue.com","535 N Midland Ave","2017965820","2017964490","508728","Laundry Supplies (Wholesale)","www.tingue.com"," Email <---> Revenue ","638244","Tingue Brown & Co","535 N Midland Ave","Saddle Brook","NJ","07663","Bergen","www.tingue.com","2017964490","2017965820","William J Tingue","President","Mal","34000000","40","508728","Laundry Supp","5","0","1"
"75650","Sitlax Limited","JPatel@steeltek-home.com","381 Blair Rd","7325969191","7325969393","502314","Housewares-Wholesale","NULL"," Email <---> Revenue ","590975","Sitlax Limited","381 Blair Rd","Avenel","NJ","07001","Middlesex","www.sitlax.com","7325969393","7325969191","Jitu Patel","President","Mal","27850000","50","502314","Housewares-W","5","0","1"
