mail id,company,email,address,phone,fax,sic,sic description,web,,revenue id,company,address,city,state,zip,	metro,web,phone,fax,contact,position,gender,sales,# of employee,sic,sic_descrpiton,	,,
"178160","Vollmer Associates Inc","webmaster@vollmer.com","365 W Passaic St","6104941187","2015879040","871111","Engineers-Consulting","www.vollmer.com"," Email <---> Revenue ","672055","Vollmer Associates Inc","365 W Passaic St","Rochelle Park","NJ","07662","Bergen","www.vollmer.com","2015879040","2015870444","Neckitas Alexiades","Manager","Mal","12420000","60","871111","Engineers-Co","4","0","1"
"99337","Helena Chemical Co","web-master@helenachemical.com","440 N Main St","5707591394","8567690147","516916","Chemicals (Wholesale)","www.helenachemical.com"," Email <---> Revenue ","296059","Helena Chemical Co","440 N Main St","Woodstown","NJ","08098","Salem","www.helenachemical.com","8567690147","8567694011","Robert Moore","Manager","Mal","10010000","10","516916","Chemicals (W","4","0","1"
"91387","Columbus Line USA","webmaster@ham.hamburgsud.com","465 South St # 300","5623881840","9737755300","738988","Packaging Service","www.columbusline.com"," Email <---> Revenue ","150862","Columbus Line USA","465 South St # 300","Morristown","NJ","07960","Morris","","9737755300","9737755310","Francis Larkin","VP","Mal","16680000","120","738988","Packaging Se","4","0","1"
"153575","S A Comunale Co","webmaster@comunale.com","5270 Oakwood Blvd # 6","4193344734","6093830404","356913","Sprinklers-Automatic-Fire-Manufacturers","www.sacomunale.com"," Email <---> Revenue ","564288","S A Comunale Co","5270 Oakwood Blvd # 6","Mays Landing","NJ","08330","Atlantic","www.sacomunale.com","6093830404","6099098507","Steven Comunale","Owner","Mal","12480000","60","356913","Sprinklers-A","4","0","1"
"136044","Wind Turbine & Energy Cables","sales@windnenergy.com","2050 Center Ave","2012429926","2012429906","505102","Wire (Wholesale)","www.windnenergy.com"," Email <---> Revenue ","688455","Wind Turbine & Energy Cables","2050 Center Ave","Fort Lee","NJ","07024","Bergen","www.windnenergy.com","2012429906","2012429926","Theodora Christopher","Manager","Fem","10470000","10","505102","Wire (Wholes","4","0","1"
"25643","Willingboro RV Ctr","sales@willingrv.com","4175 Route 130","6098779206","6098779200","556103","Recreational Vehicles","www.willingrv.com"," Email <---> Revenue ","687805","Willingboro RV Ctr","4175 Route 130","Beverly","NJ","08010","Burlington","www.willingrv.com","6098779200","6098779206","Steve Fisher","Owner","Mal","14718000","33","556103","Recreational","4","0","1"
"127415","Trutone Inc","sales@trutonemastering.com","295 North St # 5","2014891771","2014899180","509909","Records Tapes & Compact Discs-Wholesale","www.trutone.com"," Email <---> Revenue ","649825","Trutone Inc","295 North St # 5","Teterboro","NJ","07608","Bergen","www.trutone.com","2014899180","2014891771","Carl Rowatti","Owner","Mal","16048000","17","509909","Records Tape","4","1","1"
"6766","Trutone Inc","sales@trutone.com","295 North St # 5","2014899180","2014891771","509909","Records Tapes & Compact Discs-Wholesale","www.trutone.com"," Email <---> Revenue ","649825","Trutone Inc","295 North St # 5","Teterboro","NJ","07608","Bergen","www.trutone.com","2014899180","2014891771","Carl Rowatti","Owner","Mal","16048000","17","509909","Records Tape","4","1","1"
"127951","Mannings USA","sales@manningsusa.com","200 Richards Ave","9183430601","9735371576","339801","Heat Treating Metal (Manufacturers)","www.manningsusa.com"," Email <---> Revenue ","409778","Mannings USA","200 Richards Ave","Dover","NJ","07801","Morris","www.manningsusa.com","9735371576","9735371581","","","","17780000","70","339801","Heat Treatin","4","0","1"
"141083","Trenton Bmat Medal Decorating","sales@bwaycorp.com","6 Litho Rd","2194629641","6098834300","275298","Commercial Printing-Lithographic","www.nampac.com"," Email <---> Revenue ","646340","Trenton Bmat Medal Decorating","6 Litho Rd","Trenton","NJ","08648","Mercer","www.bwaycorp.com","6098834300","6094931010","James A Bernardi","Plant Mgr","Mal","15960000","105","275298","Commercial P","4","0","1"
"121610","Graybar Electric Co","media@gbe.com","50 Mcwhorter St","9107621237","9735895100","506330","Electric Equipment & Supplies-Wholesale","www.graybar.com"," Email <---> Revenue ","278191","Graybar Electric Co","50 Mcwhorter St","Newark","NJ","07105","Essex","www.graybar.com","9735895100","9735895233","Scott Berwick","Manager","Mal","15260000","20","506330","Electric Equ","4","0","1"
"137797","Mountain Broadcasting Corp","jobs@wmbctv.com","99 Clinton Rd","9735791211","9735791211","483301","Television Stations & Broadcasting CO","www.wmbctv.com"," Email <---> Revenue ","447233","Mountain Broadcasting Corp","99 Clinton Rd","West Caldwell","NJ","07006","Essex","www.wmbctv.com","9735791211","","Sun Young Joo","President","Mal","12640000","40","483301","Television S","4","0","1"
"58867","Structural Group","jobs@structural.net","39 Utter Ave","9736362700","9736362701","177105","Concrete Contractors","www.structural.net"," Email <---> Revenue ","614406","Structural Group","39 Utter Ave","Hawthorne","NJ","07506","Passaic","www.structural.net","9736362700","9736362701","Bob Pirro","President","Mal","12900000","100","177105","Concrete Con","4","0","1"
"178594","ABB Inc","investor.relations@ch.abb.com","1460 Livingston Ave","7242956560","7329326300","361201","Power Plant Equipment-Manufacturers","www.abb.com"," Email <---> Revenue ","13413","ABB Inc","1460 Livingston Ave","North Brunswick","NJ","08902","Middlesex","www.abb.com","7329326300","7329326281","Ravi Singh","President","Mal","13000000","40","361201","Power Plant ","4","0","1"
"134653","Whatman Inc","information@whatman.com","9 Bridewell Pl","9732458301","9732458300","356905","Filtering Materials & Supplies (Mfrs)","www.whatman.com"," Email <---> Revenue ","684013","Whatman Inc","9 Bridewell Pl","Clifton","NJ","07014","Passaic","www.whatman.com","9732458300","9732458301","Michelle Cameron","Manager","Fem","11760000","60","356905","Filtering Ma","4","0","1"
"158004","Winans Mc Shane","info@winansmcshane.com","120 Tices Ln","7323909716","7322543100","508724","Janitors Equipment/Supplies (Wholesale)","www.winansmcshane.com"," Email <---> Revenue ","688404","Winans Mc Shane","120 Tices Ln","East Brunswick","NJ","08816","Middlesex","www.winansmcshane.com","7322543100","7323909716","","","","17300000","50","508724","Janitors Equ","4","0","1"
"96174","Vertis Digital Production Svc","info@vertisinc.com","28 Engelhard Dr","6123397756","6098600144","275202","Printers","www.vertisinc.com"," Email <---> Revenue ","666428","Vertis Digital Production Svc","28 Engelhard Dr","Monroe Twp","NJ","08831","Middlesex","www.vertisinc.com","6098600144","6098605854","Paul Sancousi","VP","Mal","14490000","70","275202","Printers","4","0","1"
"106231","Van Dyk Manor Of Ridgewood","info@vandykhealthcare.com","304 S Van Dien Ave","2014459535","2014458200","805101","Nursing & Convalescent Homes","www.vandykhealthcare.com"," Email <---> Revenue ","663713","Van Dyk Manor Of Ridgewood","304 S Van Dien Ave","Ridgewood","NJ","07450","Bergen","www.vandykhealthcare.com","2014458200","2014459535","Mary Jo Kurtz","Administrator","Fem","10500000","150","805101","Nursing & Co","4","0","1"
"91820","Uni-Tech Drilling Co Inc","info@unitechdrilling.com","601 W Main St","8566944242","8566944200","508444","Pumps (Wholesale)","www.unitechdrilling.com"," Email <---> Revenue ","656107","Uni-Tech Drilling Co Inc","601 W Main St","Malaga","NJ","08328","Gloucester","www.unitechdrilling.com","8566944200","8566944242","Gerald Freck","President","Mal","19040000","35","508444","Pumps (Whole","4","0","1"
"154367","Tri Seal","info@tekni-plex.com","112 Church St","2607289958","9087824000","267101","Packaging Materials-Manufacturers","www.tekni-plex.com"," Email <---> Revenue ","646917","Tri Seal","112 Church St","Flemington","NJ","08822","Hunterdon","www.tekni-plex.com","9087824000","9087820990","Frank Strachan","Plant Mgr","Mal","20735000","65","267101","Packaging Ma","4","0","1"
"74319","Pro Specialties Group Inc","info@psginc.com","32 Godwin Ave","2014475797","2014474470","519917","Advertising-Specialties (Wholesale)","www.psginc.com"," Email <---> Revenue ","520979","Pro Specialties Group Inc","32 Godwin Ave","Midland Park","NJ","07432","Bergen","www.psginc.com","2014474470","2014475797","Warren Roark","Owner","Mal","15796000","22","519917","Advertising-","4","0","1"
"168316","Metromedia Energy Inc","info@metromediaenergy.com","6 Industrial Way W # F","5088710988","7325427575","492501","Gas Companies","www.metromediaenergy.com"," Email <---> Revenue ","429742","Metromedia Energy Inc","6 Industrial Way W # F","Eatontown","NJ","07724","Monmouth","www.metromediaenergy.com","7325427575","7325428655","","","","23680000","20","492501","Gas Companie","4","0","1"
"186880","Merrill Corp","info@merrillcorp.com","649 Rahway Ave","9492521690","9086885757","275202","Printers","www.merrillcorp.com"," Email <---> Revenue ","428531","Merrill Corp","649 Rahway Ave","Union","NJ","07083","Union","www.merrillcorp.com","9086885757","9086882695","J R Raynor","Plant Mgr","Mal","20700000","100","275202","Printers","4","0","1"
"177203","Mack Boring & Parts Co","info@mackboring.com","2365 Us Highway 22 W","9089648475","9089640700","372498","Aircraft Engines & Engine Parts-Mfrs","www.mackboring.com"," Email <---> Revenue ","404393","Mack Boring & Parts Co","2365 Us Highway 22 W","Union","NJ","07083","Union","www.mackboring.com","9089640700","9089648475","Edward Mc Govern","Owner","Mal","14280000","40","372498","Aircraft Eng","4","0","1"
"158159","Gerhart Scale Corp","info@gerhart.com","603 Washington Ave # 2a","7325259610","7325251000","504607","Scales (Wholesale)","www.gerhart.com"," Email <---> Revenue ","267805","Gerhart Scale Corp","603 Washington Ave # 2a","South Amboy","NJ","08879","Middlesex","www.gerhart.com","7325251000","7325259610","Sue Mayer","Manager","Fem","12736000","32","504607","Scales (Whol","4","0","1"
"125895","Madan Plastics Inc","info@doughmate.com","370 North Ave E","9082769483","9082768484","308901","Mold Makers","NULL"," Email <---> Revenue ","404884","Madan Plastics Inc","370 North Ave E","Cranford","NJ","07016","Union","www.madanplastics.com","9082768484","9082769483","Steve Skoler","President","Mal","22700000","100","308901","Plastics-Mol","4","0","1"
"177284","Andrew & Suzanne Inc","info@andrewmarc.com","50 Enterprise Ave N # 2","2125754717","2013929000","317202","Leather Goods-Manufacturers","www.andrewmarc.com"," Email <---> Revenue ","47863","Andrew & Suzanne Inc","50 Enterprise Ave N # 2","Secaucus","NJ","07094","Hudson","www.andrewmarc.com","2013929000","2018663048","Andrew Marc","CEO","Mal","10260000","60","317202","Leather Good","4","0","1"
"44339","Biomet","info@amstock.com","20-01 Pollitt Dr","5012257530","2017977300","384298","Orthopedic Prosthetic/Srgcl Appl (Mfrs)","www.dole.com"," Email <---> Revenue ","90151","Biomet","20-01 Pollitt Dr","Fair Lawn","NJ","07410","Bergen","www.biomet.com","2017977300","2017970947","Eddy Bergeron","Manager","Mal","16950000","50","384298","Orthopedic P","4","0","1"
"57129","N W Sign Industries","hr@nwsignindustries.com","360 Crider Ave","8568020412","8568021677","399302","Signs (Manufacturers)","www.nwsignindustries.com"," Email <---> Revenue ","452834","N W Sign Industries","360 Crider Ave","Moorestown","NJ","08057","Burlington","www.nwsignindustries.com","8568021677","8568020412","Ron Brodie","President","Mal","13840000","80","399302","Signs (Manuf","4","0","1"
"179784","Grainger Inc","feedback@ic.grainger.com","819 E Gate Dr","6105340138","8562348550","508522","Industrial Equipment & Supplies (Whol)","www.grainger.com"," Email <---> Revenue ","277124","Grainger Inc","819 E Gate Dr","Mt Laurel","NJ","08054","Burlington","www.grainger.com","8562348550","8562342524","Ron Schomo","Manager","Mal","11400000","20","508522","Industrial E","4","0","1"
"151355","Con Agra Foods","consumeraffairs@conagrafoods.com","4000 Highway 66","2708272968","7329187057","514101","Food Products (Wholesale)","www.conagra.com"," Email <---> Revenue ","154806","Con Agra Foods","4000 Highway 66","Tinton Falls","NJ","07753","Monmouth","www.conagra.com","7329187057","7329181481","Terry Rosenthal","VP","Mal","14781000","13","514101","Food Product","4","0","1"
"44324","Aquarius Irrigation Supply Inc","careers@aquariusirrigation.com","1120 Goffle Rd","9413777980","9734230222","526136","Sprinklers-Garden & Lawn-Retail","www.aquariusirrigation.com"," Email <---> Revenue ","53979","Aquarius Irrigation Supply Inc","1120 Goffle Rd","Hawthorne","NJ","07506","Passaic","www.aquariusirrigation.com","9734230222","9732380912","B George Beausoleil","Owner","Mal","12831000","47","526136","Sprinklers-G","4","0","1"
"179457","Tumi Inc","info@tumi.com","1001 Durham Ave","9125381080","9087564400","316104","Luggage (Manufacturers)","www.tumi.com"," Email <---> Revenue ","650326","Tumi Inc","1001 Durham Ave","South Plainfield","NJ","07080","Middlesex","www.tumi.com","9087564400","9087565878","Lawrence Franklin","CEO","Mal","22950000","150","316104","Luggage (Man","4","0","1"
"105914","UTE Microwave Inc","info@utemicrowave.com","3500 Sunset Ave","7329221848","7329221009","506524","Microwave Comm Equip & Systems (Whol)","www.utemicrowave.com"," Email <---> Revenue ","654909","UTE Microwave Inc","3500 Sunset Ave","Ocean","NJ","07712","Monmouth","www.utemicrowave.com","7329221009","7329221848","L Nilson","President","Mal","14550000","14","506524","Microwave Co","4","0","1"
"66869","Syms","customerservice@syms.com","330 N State Rt 17","9547729639","2017917422","565101","Clothing-Retail","www.syms.com"," Email <---> Revenue ","623372","Syms","330 N State Rt 17","Paramus","NJ","07652","Bergen","www.syms.com","2017917422","2016341711","Todd Lesser","Manager","Mal","14880000","80","565101","Clothing-Ret","4","0","1"
"135661","Walter Bauman Jewelers","contact@walterbauman.com","643 Eagle Rock Ave","9737319705","9737313155","594409","Jewelers-Retail","www.walterbauman.com"," Email <---> Revenue ","675546","Walter Bauman Jewelers","643 Eagle Rock Ave","West Orange","NJ","07052","Essex","www.walterbauman.com","9737313155","9737319705","Freddie Bauman","Owner","Fem","11900000","50","594409","Jewelers-Ret","4","0","1"
"59943","Safety-Kleen Corp","info@safety-kleen.com","123 Red Lion Rd","3236602075","6098592049","516930","Degreasing Equipment & Supplies (Whol)","www.safety-kleen.com"," Email <---> Revenue ","567751","Safety-Kleen Corp","123 Red Lion Rd","Southampton","NJ","08088","Burlington","www.safety-kleen.com","6098592049","6098591740","Keith Wilson","Manager","Mal","16016000","16","516930","Degreasing E","4","0","1"
"137804","Tri-State Crating & Pallet Co","sales@tristatecrating.com","45 Halladay St","2015369997","2015369996","508555","Boxes-Wooden (Wholesale)","www.tristatecrating.com"," Email <---> Revenue ","647502","Tri-State Crating & Pallet Co","45 Halladay St","Jersey City","NJ","07304","Hudson","www.tristatecrating.com","2015369996","2015369997","Maria Ellison","President","Fem","14250000","25","508555","Boxes-Wooden","4","0","1"
"64503","Injectron Corp","sales@injectron.com","1000 S 2nd St","9087538537","9087531990","308901","Mold Makers","NULL"," Email <---> Revenue ","317469","Injectron Corp","1000 S 2nd St","Plainfield","NJ","07063","Union","www.injectron.com","9087531990","9087538537","Lou Pollak","President","Mal","22000000","300","308901","Plastics-Mol","4","0","1"
"174061","Kraft Power Corp","info@mainegenerator.com","241 W Parkway","7819337812","9738359800","508414","Engines-Diesel (Wholesale)","www.kraftpower.com"," Email <---> Revenue ","369181","Kraft Power Corp","241 W Parkway","Pompton Plains","NJ","07444","Morris","www.kraftpower.com","9738359800","9738355595","Chris Stemper","Manager","Mal","19040000","35","508414","Engines-Dies","4","0","1"
"12370","Wiggins Plastics Inc","info@wigginsplastics.com","180 Kingsland Rd","9736673227","9736677200","308901","Mold Makers","www.wigginsplastics.com"," Email <---> Revenue ","685451","Wiggins Plastics Inc","180 Kingsland Rd","Clifton","NJ","07014","Passaic","www.wigginsplastics.com","9736677200","9736673227","","","","16236000","99","308901","Plastics-Mol","4","0","1"
"60701","National Rent-A-Fence Inc","customercare@rentnational.com","2 Fish House Rd","9095741411","2019553670","503902","Fence Posts & Fittings (Wholesale)","www.rentnational.com"," Email <---> Revenue ","456696","National Rent-A-Fence Inc","2 Fish House Rd","Kearny","NJ","07032","Hudson","www.rentnational.com","2019553670","2019553688","David Loprete","Manager","Mal","11880000","33","503902","Fence Posts ","4","0","1"
"188520","Verrex Corp","hr@verrex.com","1130 Us Highway 22","9082327991","9082327000","365103","Sound Systems & Equipment-Manufacturers","www.verrex.com"," Email <---> Revenue ","666286","Verrex Corp","1130 Us Highway 22","Mountainside","NJ","07092","Union","www.verrex.com","9082327000","9082327991","Thomas Berry","Sales Exec","Mal","17460000","50","365103","Sound System","4","0","1"
"16940","West Orange Public Works Dept","info@codedsystems.com","25 Lakeside Ave","9736699588","9733254067","161104","Parking Area/Lots Maintenance & Marking","www.westorange.org"," Email <---> Revenue ","682503","West Orange Public Works Dept","25 Lakeside Ave","West Orange","NJ","07052","Essex","www.westorange.org","9733254067","9736699588","Leonard Lepore","Executive Director","Mal","14749000","49","161104","Parking Area","4","0","1"
"108475","Westpoint Thoroughbreds Inc","info@westpointtb.com","900 Briggs Rd # 415","8567789610","8567789511","515907","Horse Dealers (Wholesale)","NULL"," Email <---> Revenue ","683461","Westpoint Thoroughbreds Inc","900 Briggs Rd # 415","Mt Laurel","NJ","08054","Burlington","","8567789511","8567789610","Terry Finley","Owner","Mal","16968000","7","515907","Horse Dealer","4","0","1"
"185721","Clifton Commons 16","customerservice@movietickets.com","405 Route 3","2125706040","9736140966","783201","Theatres-Movie","www.enjoytheshow.com"," Email <---> Revenue ","145670","Clifton Commons 16","405 Route 3","Clifton","NJ","07014","Passaic","","9736140966","9736141744","Frank Shaer","Manager","Mal","11430000","90","783201","Theatres-Mov","4","0","1"
"177269","Restoration Hardware Inc","corporatesales@restorationhardware.com","C226 The Mall At Short Hls","3037925192","9739127300","571216","Furniture-Dealers-Retail","www.restorationhardware.com"," Email <---> Revenue ","544176","Restoration Hardware Inc","C226 The Mall At Short Hls","Short Hills","NJ","07078","Essex","","9739127300","9739127878","Helen Serth","Manager","Fem","15300000","50","571216","Furniture-De","4","0","1"
"175520","Loomis Fargo & Co","employment@loomisfargo.com","1601 Hylton Rd","3179551278","8563172600","738103","Armored Car Service","www.loomisfargo.com"," Email <---> Revenue ","394776","Loomis Fargo & Co","1601 Hylton Rd","Pennsauken","NJ","08110","Camden","www.loomisfargo.com","8563172600","8564888419","Thomas Gennarelli","Manager","Mal","17150000","175","738103","Armored Car ","4","0","1"
"177059","Water-Jel Technologies","info@waterjel.com","243 Veterans Blvd","2015078325","2015078300","384104","Physicians & Surgeons Equip & Supls-Mfrs","www.waterjel.com"," Email <---> Revenue ","677819","Water-Jel Technologies","243 Veterans Blvd","Carlstadt","NJ","07072","Bergen","www.waterjel.com","2015078300","2015078325","Howard Hirsch","Owner","Mal","16100000","50","384104","Physicians &","4","0","1"
"149503","Ring Five","info@vo-toys.com","400 S 5th St","9734849569","9734840088","519932","Pet Supplies-Wholesale","www.vo-toys.com"," Email <---> Revenue ","548819","Ring Five","400 S 5th St","Harrison","NJ","07029","Hudson","www.vo-toys.com","9734840088","9734849569","Arthur A Hirschberg","President","Mal","17700000","85","519932","Pet Supplies","4","0","1"
"52481","Peter Pan Bus Lines Inc","webmaster@peterpanbus.com","29 County Ave","2018666234","2018666001","413101","Bus Lines","www.peterpanbus.com"," Email <---> Revenue ","503489","Peter Pan Bus Lines Inc","29 County Ave","Secaucus","NJ","07094","Hudson","www.peterpanbus.com","2018666001","2018666234","Peter L Picknelly","President","Mal","11834000","97","413101","Bus Lines","4","0","1"
"189647","Triarco Inc","jobs@triarco.com","6 Morris St","9732780845","9732787301","283404","Drug Millers","www.triarco.com"," Email <---> Revenue ","647834","Triarco Inc","6 Morris St","Paterson","NJ","07501","Passaic","www.triarco.com","9732787301","9732780845","Rodger Rohde Sr","Owner","Mal","23800000","25","283404","Drug Millers","4","0","1"
"135746","CMTI","privacy@cmtipromo.com","1 Frassetto Way # A","9733056733","9733051000","519917","Advertising-Specialties (Wholesale)","www.vcmti.com"," Email <---> Revenue ","113783","CMTI","1 Frassetto Way # A","Lincoln Park","NJ","07035","Morris","www.vcmti.com","9733051000","9733056733","Peter J Ban","Owner","Mal","17950000","25","519917","Advertising-","4","0","1"
