"F & B MFG CO","6022723900","4316 N 39TH AVE","PHOENIX","10100000","ELIZABETH KEPURAITIS","President","F","3096","F","F & B Mfg Co","sales@fbmfg.com","4316 N 39th Ave","Phoenix","AZ","85019","6022724117","6022723900","344403","Sheet Metal Fabricators","www.fbmfg.com","11","0"
"ARS SVC EXPRESS","6022581615","4240 E ELWOOD ST","PHOENIX","17500000","STEVE CARLSON","Manager","M","9058","A","ARS Svc Express","customercare@ars.com","4240 E Elwood St","Phoenix","AZ","85040","2105581701","6022581615","171117","Air Conditioning Contractors & Systems","www.ars.com","11","0"
"Glendale Steel Supply","6239375290","5743 W Bethany Home Rd","Glendale","16752000","Kory Kosier","VP","Mal","11860","G","Glendale Steel Supply","info@glendalesteelsupply.com","5743 W Bethany Home Rd","Glendale","AZ","85301","6239375290","6239379248","505106","Steel-Distributors & Warehouses","www.glendalesteelsupply.com","11","0"
"Ironwood Lithographers Inc","4808297700","455 S 52nd St","Tempe","12000000","","","","14854","I","Ironwood Lithographers Inc","info@ironwoodlitho.com","455 S 52nd St","Tempe","AZ","85281","4808298810","4808297700","275202","Printers","www.ironwoodlitho.com","11","0"
"RUSSELL AC INC","6235828855","2425 W LOUISE DR","PHOENIX","13100000","KATE RAKOCI","Chief Executive Office","F","16340","R","Russell AC Inc","admin@russellac.com","2425 W Louise Dr","Phoenix","AZ","85027","6235828971","6235828855","171117","Air Conditioning Contractors & Systems","www.russellac.com","11","0"
"FRENCH QUARRY INC","4809987745","2425 E ROSE GARDEN LN","PHOENIX","19200000","DAVID ROSE","Owner","M","19314","F","French Quarry Inc","info@frenchquarry.com","2425 E Rose Garden Ln","Phoenix","AZ","85050","4809483885","4809987745","328102","Marble Products-Natural-Manufacturers","www.frenchquarry.com","11","0"
"Anthem By Del WEBB","6237426000","3701 W Anthem Way","Anthem","11270000","Ben Redman","Manager","Mal","27238","A","Anthem By Del WEBB","privacy@pulte.com","3701 W Anthem Way","Anthem","AZ","85086","4403493642","6237426000","805904","Retirement Communities & Homes","www.pulte.com","11","0"
"RYAN MECHANICAL CO","4804974526","1325 N MONDEL DR","GILBERT","14900000","JOSEPH RYAN","President","M","37208","R","Ryan Mechanical Co","info@ryanmechanical.com","1325 N Mondel Dr","Gilbert","AZ","85233","4804974527","4804974526","171105","Plumbing Contractors","www.ryanmechanical.com","11","0"
"Air Support","6022671946","4010 S 21st St # 2","Phoenix","19320000","Brent Brewer","Owner","Mal","40526","A","Air Support","sales@airsupportinc.com","4010 S 21st St # 2","Phoenix","AZ","85040","6022320005","6022671946","451202","Air Cargo Service","www.airsupportinc.com","11","0"
"BROWN EVANS DISTRIBUTING CO","4809626111","306 S COUNTRY CLUB DR","MESA","13500000","KATHYE BROWN","Chief Executive Office","F","42398","C","Cinematix Studios","contact@brownevans.com","1811 S Alma School Rd Suite 260","MESA","AZ","85210","4809626111","null","738991","Plants","null","11","0"
"Consolidated Rebar Inc","6022695900","2547 W Jackson St","Phoenix","15000000","Dennis Raschke","President","mal","45958","C","Consolidated Rebar Inc","office@conrebar.com","321 S 27th Ave","Phoenix","AZ","85009","6022698585","6022695900","505119","Concrete Reinforcements (Wholesale)","www.conrebar.com","11","0"
"Nesco High Desnity Urethane FM","4807566675","1510 W Drake Dr","Tempe","18880000","Steve Coultrap","Owner","Mal","46561","N","Nesco High Desnity Urethane FM","sales@nescomfg.com","1510 W Drake Dr","Tempe","AZ","85283","4807566679","4807566675","308601","Plastics-Foam (Manufacturers)","www.nescomfg.com","11","0"
"HANDLING SYSTEMS INC","5206241895","740 E AJO WAY STE 100","TUCSON","17000000","TOM KOVAL","Manager","M","47417","H","Handling Systems","info@refrigeratedresource.com","740 E Ajo Way","Tucson","AZ","85713","5206241895","5206249098","8999","Services NEC","handlingsystems.com","11","0"
"EL CENTRO MOTORS","6028412200","2619 W CAMELBACK RD","PHOENIX","18200000","","Unknown","","48031","A","AnyWeb Solutions","marketing@anywaresolutions.net","null","TUCSON","AZ","85017","6028412200","6028412233","874213","Marketing Programs & Services","ADULTWORKS.COM","11","0"
"WILDERNESS RIVER ADVENTURE","9286453296","PO BOX 717","PAGE","22200000","BRECK POLSON","Manager","M","53335","W","Wilderness River Adventure","info@riveradventures.com","2040 E Frontage Rd","Page","AZ","86040","9286080158","9286453296","472501","Tours-Operators & Promoters","www.riveradventures.com","11","0"
"Bonds Alarm Co","6029553990","3900 E Camelback Rd # 306","Phoenix","13160000","Tom Eggebrecht","Owner","Mal","58871","B","Bonds Alarm Co","mail@bondsalarm.com","3900 E Camelback Rd # 306","Phoenix","AZ","85018","6023811549","6029553990","506324","Burglar Alarm Systems (Wholesale)","www.bondsalarm.com","11","0"
"JET PIPE INDUSTRIES","6022724500","21605 N CENTRAL AVE","PHOENIX","19400000","GARY BEYSCHAU","President","M","60001","J","Jet Pipe Industries","purchasing@jet-pipe.com","21605 N Central Ave","Phoenix","AZ","85024","6234349395","6238797000","356910","Fire Protection Equipment & Supls-Mfrs","www.jet-pipe.net","11","0"
"Sutherlands Lumber Co","5204179947","493 N State Highway 90 Byp","Sierra Vista","10500000","Joe Flores","Manager","Mal","60314","S","Sutherlands Lumber Co","info@sutherland-hdl.com","493 N State Highway 90 Byp","Sierra Vista","AZ","85635","5204179947","5204179947","521126","Building Materials","www.sutherland.com","11","0"
"ADVERTISING CHECKING BUREAU","6024382320","1919 W FAIRMONT DR STE 7","TEMPE","16700000","MICHAEL BOOKMAN","Chief Executive Office","M","63296","A","Advertising Checking Bureau","sales@acbcoop.com","1919 W Fairmont Dr # 7","Tempe","AZ","85282","6024389077","6024382320","873204","Market Research & Analysis","www.acbcoop.com","11","0"
"Arizona Shower Doors Inc","6024470000","2801 W Indian School Rd","Phoenix","12900000","Fred Knadler","Owner","Mal","64839","A","Arizona Shower Doors Inc","sales@arizonashowerdoor.com","2801 W Indian School Rd","Phoenix","AZ","85017","3035741775","6024470000","521117","Shower Doors & Enclosures","www.arizonashowerdoor.com","11","0"
"Pilot Travel Ctr","9289277777","1201 W Main St","Quartzsite","13500000","Jim Myers","Manager","Mal","69040","P","Pilot Travel Ctr","sales@pilottravelcenters.com","1201 W Main St","Quartzsite","AZ","85346","2704428538","9289277777","554103","Truck Stops & Plazas","www.pilotcorp.com","11","0"
"Hudson Baylor West Inc","6024959929","1919 E University Dr","Phoenix","18305000","Tom Vantassel","Manager","Mal","78469","H","Hudson Baylor West Inc","info@hudsonbaylor.com","1919 E University Dr","Phoenix","AZ","85034","8455628412","6024959929","509312","Recycling Centers (Wholesale)","www.hudsonbaylor.com","11","0"
"R & S Mexican Food Prods Inc","6022722727","5818 W Maryland Ave","Glendale","24300000","Danny Franks","President","Mal","80405","R","R & S Mexican Food Prods Inc","contact@rsmexfoods.com","5818 W Maryland Ave","Glendale","AZ","85301","6234351377","6022722727","209998","Food Preparations Nec (Manufacturers)","NULL","11","0"
"SOUTHWEST PRODUCTS CORP","6022693581","5143 W ROOSEVELT ST","PHOENIX","17000000","PAT HANISH","Chief Executive Office","M","81144","S","Southwest Products Corp.","info@southwestproducts.com","null","PHOENIX","AZ","85043","6022693581","6022698448","738999","Business Services Nec","southwestproducts.com","11","0"
"Henry & Horne","4804831170","7098 E Cochise Rd # 100","Scottsdale","10575000","Mark Everle","Manager","Mal","82494","H","Henry & Horne","webmaster@hhcpa.com","7098 E Cochise Rd # 100","Scottsdale","AZ","85253","4804837126","4804831170","874878","International Consultants","www.hhcpa.com","11","0"
"Haulmark Industries","6235357700","8230 N El Mirage Rd","El Mirage","13930000","Ray White","Manager","Mal","84277","H","Haulmark Industries","email@haulmark.com","8230 N El Mirage Rd","El Mirage","AZ","85335","6235357702","6235357700","379201","Trailer-Manufacturers & Designers","www.haulmark.com","11","0"
"Revolution Teas","4807319555","131 S River Dr","Tempe","10128000","Larry De Angelis","CEO","Mal","84977","R","Revolution Teas","info@revolutiontea.com","131 S River Dr","Tempe","AZ","85281","4807319661","4807319555","514905","Coffee & Tea-Wholesale","www.revolutiontea.com","11","0"
"AMERICAN Communications","4804970772","14808 E Miramonte Way","Fountain Hills","19075000","Michael Leader","Owner","Mal","90340","A","AMERICAN Communications","info@inhousemembership.com","14808 E Miramonte Way","Fountain Hills","AZ","85268","4804971623","4804970772","506304","Security Control Equip & Systems-Whol","www.acs4adt.com","11","0"
"Southwest Supply","9288557905","2213 Acoma Blvd W","Lake Havasu City","10592301","Bill Powell","Chief Executive Office","mal","91482","H","Havasu Fastener & Supply","questions@southwestfastener.com","2213 Acoma Boulevard W","Lake Havasu City","AZ","86403","9288557905","9288558013","5311","Retail shops","null","11","0"
"NESBITT CONTRACTING CO","4808942831","100 S PRICE RD","TEMPE","16500000","JAMES NESBITT","Chief Executive Office","M","91709","N","Nesbitt Contracting Co","info@nesbitts.com","100 S Price Rd","Tempe","AZ","85281","4808945280","4808942831","161101","Paving Contractors","www.nesbitts.com","11","0"
"QUALITY S MFG","6022333499","3801 N 43RD AVE","PHOENIX","12000000","DENNIS WEIR","President","M","91854","Q","Quality S Mfg","sales@quality-s.com","3801 N 43rd Ave","Phoenix","AZ","85031","6022781219","6022333499","379905","Trailer Hitches-Manufacturers","www.quality-s.com","11","0"
"OAK CRAFT INC","6234121901","7733 W OLIVE AVE","PEORIA","19300000","DANIEL SPITLER","President","M","93420","O","Oak Craft Inc","sales@oakcraftinc.com","7733 W Olive Ave","Peoria","AZ","85345","6234122408","6234121901","243401","Cabinets-Manufacturers","www.oakcraftinc.com","11","0"
"Buddy Stubbs-Arizona Harley","6029713400","13850 N Cave Creek Rd","Phoenix","13552000","Jack Stubbs","VP","Mal","94425","B","Buddy Stubbs-Arizona Harley","info@buddystubbs.com","13850 N Cave Creek Rd","Phoenix","AZ","85022","6029717401","6029713400","557106","Motorcycles & Motor Scooters-Dealers","www.arizonaharleydavidson.com","11","0"
"BEAN DRYWALL INC","6235162500","2113 W PARKSIDE LN","PHOENIX","22500000","MICHAEL BEAN","Owner","M","99847","B","Bean Drywall Inc","info@beandrywall.com","1801 W Parkside Ln","Phoenix","AZ","85027","6235878640","6235162500","174203","Dry Wall Contractors","www.beandrywall.com","11","0"
"Legacy Golf Resort","6023055500","6808 S 32nd St","Phoenix","23540000","Michele Caminidi","Manager","Fem","103996","L","Legacy Golf Resort","info@legacygolfresort.com","6808 S 32nd St","Phoenix","AZ","85042","6023055501","6023055550","701111","Resorts","www.legacygolfresort.com","11","0"
"Health Services Advisory Group","6022646382","1600 E Northern Ave # 100","Phoenix","13300000","Herbert S Rigberg","CEO","Mal","106045","H","Health Services Advisory Group","webmaster@hsag.com","1600 E Northern Ave # 100","Phoenix","AZ","85020","6022410757","6022646382","874101","Medical Business Administration","www.hsag.org","11","0"
"Kaibab Industries Inc","6028405555","4602 E Thomas Rd","Phoenix","11280000","A Milton Whiting","CEO","Mal","108332","K","Kaibab Industries Inc","info@kaibab.com","4602 E Thomas Rd","Phoenix","AZ","85018","9286438105","6028405555","339904","Metal Specialties-Manufacturers","www.kaibab.com","11","0"
"AT SYSTEMS SECURITY","4808130835","655 N GILBERT RD # S160","GILBERT","12000000","RENEE DEARINGER","Manager","F","108395","A","At Systems Security","customersupport@atsystemsinc.com","655 N Gilbert Rd # 160","Gilbert","AZ","85234","9194842810","4809263746","738102","Security Guard & Patrol Service","www.atsystemsinc.com","11","0"
"Grand Canyon Railway Inc","9287731976","1201 W Route 66 # 200","Flagstaff","15100000","W D Chambers","CEO","Mal","109681","G","Grand Canyon Railway Inc","info@thetrain.com","1201 W Route 66 # 200","Flagstaff","AZ","86001","9287730108","9287731976","401101","Railroads","www.thetrain.com","11","0"
"Norcimbus Inc","6024378500","3451 E Harbour Dr","Phoenix","17130000","John Wheeler","President","Mal","109924","N","Norcimbus Inc","sales@norcimbus.com","3451 E Harbour Dr","Phoenix","AZ","85034","6024378555","6024378500","399903","Manufacturers","www.norcimbus.com","11","0"
"ACCRAM INC","6022648209","2901 W CLARENDON AVE","PHOENIX","14700000","BOB DAQUILANTE","Owner","M","113091","A","ACCRAM Inc","sales@accram.com","2901 W Clarendon Ave","Phoenix","AZ","85017","6022641440","6022640288","737801","Computers-Service & Repair","www.accram.com","11","0"
"BIO Huma Netics","4809611220","201 S Roosevelt Ave","Chandler","13425000","Lyndon Smith","President","Mal","113584","B","BIO Huma Netics","webmaster@biohumanetics.com","201 S Roosevelt Ave","Chandler","AZ","85226","4809613501","4809611220","287301","Fertilizers-Manufacturers","www.biohumanetics.com","11","0"
"D C TAYLOR CO","6022587941","2224 W SHANGRI LA RD","PHOENIX","10500000","RON GIBBONS","President","M","116991","D","D C Taylor Co","jobs@dctaylorco.com","2224 W Shangri LA Rd","Phoenix","AZ","85029","9256031109","6022587941","176109","Roofing Contractors","www.dctaylorco.com","11","0"
"CONTECH CONSTRUCTION PRODS INC","6239357118","12550 W BUTLER DR","EL MIRAGE","11700000","TROY OBLINGER","Manager","M","117089","C","Contech Construction Prods Inc","info@contact-cpi.com","8260 N El Mirage Rd","El Mirage","AZ","85335","5036920415","6239356000","349804","Pipe-Manufacturers","www.contech-cpi.com","11","0"
"DONLEY SERVICE CTR","6029444231","11062 N 24TH AVE","PHOENIX","24500000","CARL BARTOLI","Manager","M","121705","D","Donley Service Ctr","info@donelyservice.com","11062 N 24th Ave","Phoenix","AZ","85029","6028706996","6029976115","171117","Air Conditioning Contractors & Systems","www.donleyservice.com","11","0"
"Indata Corp","4804978595","1325 N Fiesta Blvd # 4","Gilbert","11690000","Derek Miller","CEO","Mal","123817","I","Indata Corp","support@indatacorp.com","1325 N Fiesta Blvd # 4","Gilbert","AZ","85233","4804971833","4804978595","811115","Legal Research","www.indatacorp.com","11","0"
"Hernandez Co","6024387825","3734 E Anne St","Phoenix","12300000","Chris Hernandez","President","Mal","124100","H","Hernandez Co","info@hernandezcompanies.com","3734 E Anne St","Phoenix","AZ","85040","6024386558","6024387825","173101","Electric Contractors","www.hernandezcompanies.com","11","0"
"Nelson Candles","6029441926","2115 W Mountain View Rd","Phoenix","10670000","Terry Sims","President","Mal","126541","N","Nelson Candles","info@nelsoncandles.com","2115 W Mountain View Rd","Phoenix","AZ","85021","6029444359","6029441926","399941","Candles-Manufacturers","www.nelsoncandles.com","11","0"
"Santoku America Inc","6239361481","8220 W Harrison St","Tolleson","22900000","","","","126867","S","Santoku America Inc","product@santoku.com","8220 W Harrison St","Tolleson","AZ","85353","6239363614","6239361481","333998","Primary Smelting/Refining-Nonferrous Mtl","www.santoku.com","11","0"
"Accents In Sterling Inc","4808999202","23233 N Pima Rd # 113-246","Scottsdale","12024000","Wayne Helfand","Owner","Mal","127854","A","Accents In Sterling Inc","info@aissilver.com","23233 N Pima Rd # 113-246","Scottsdale","AZ","85255","4808998923","4808999202","509406","Jewelers-Wholesale","www.aissilver.com","11","0"
"Designology Inc","4804433227","7641 E Gray Rd # A","Scottsdale","15750000","Roy Fischer","Owner","Mal","128665","D","Designology Inc","webmaster@goalson-line.com","7641 East Gray","SCOTTSDALE","AZ","85260","8882961998","null","7389","Business Services NEC","GOALSONLINE.COM","11","0"
"Canyon Telecom","6023317200","3520 N 7th St","Phoenix","20200000","Mike Hosking","Owner","Mal","132087","C","Canyon Telecom","service@canyon-tele.com","3520 N 7th St","Phoenix","AZ","85014","6023317222","6023317200","506563","Telecommunication Equip/Syst-Whol/Mfrs","www.canyon-tele.com","11","0"
"AMERICAN BUSINESS CARD","4809220499","8600 E ANDERSON DR","SCOTTSDALE","10000000","ANITA RIAZATI","Manager","F","133104","A","American Business Card","webmaster@americanbusinesscard.com","8600 E Anderson Dr","Scottsdale","AZ","85255","4809914204","4809220499","873203","Product Development & Marketing","www.americanbusinesscard.com","11","0"
"GLENDALE IRON & METAL","6239313701","6210 N 55TH AVE","GLENDALE","10200000","","Unknown","","133733","G","Glendale Iron & Metal","info@glendaleironandmetal.com","6210 N 55th Ave","Glendale","AZ","85301","6239391273","6239313701","509314","Scrap Metals-Processing/Recycling (Whol)","www.glendaleironandmetal.com","11","0"
"Beadbox Inc","4809674080","3006 S Priest Dr","Tempe","16960000","","","","137428","B","Beadbox Inc","customerservice@beadbox.com","3006 S Priest Dr","Tempe","AZ","85282","4809678555","4809674080","509410","Beads (Wholesale)","www.beadbox.com","11","0"
"Tele-Digit Corp","9287748733","1155 W Kaibab Ln","Flagstaff","10764000","Rich Hartzell","Owner","Mal","138162","T","Tele-Digit Corp","info@teledigit.com","1155 W Kaibab Ln","Flagstaff","AZ","86001","9287737501","9287748733","504506","Data Communications Equip/Systems (Whol)","www.tele-digit.com","11","0"
"ROBERT CRIST & CO RV","4808349410","2025 E MAIN ST","MESA","11000000","PAUL SKOGEBO","Chief Executive Office","M","139519","R","Robert Crist & Co Rv","info@rvsrfun.com","2025 E Main St","Mesa","AZ","85213","4808333260","4808349410","556103","Recreational Vehicles","NULL","11","0"
"ROAD MACHINERY","5206238681","3285 E 44TH ST","TUCSON","11300000","DANNY MCGAUGH","Manager","M","139984","R","Road Machinery","info@roadmachinery.com","3285 E 44th Street","Tucson","AZ","85713","5206238681","5207981419","353401","Mfg Elevators/escalators Building Equipment Installatio","null","11","0"
"PAPILLON GRAND CYN HELICOPTERS","9286389440","HIGHWAY 64","GRAND CANYON","11100000","BRENDA HALVORSON","President","F","140839","P","Papillon Grand Cyn Helicopters","privacy@papillon.com","Highway 64","Grand Canyon","AZ","86023","9286389440","9286389440","458104","Aircraft Servicing & Maintenance","www.papillon.com","11","0"
"Bunger Steel Inc","6239367181","8112 W Buckeye Rd","Phoenix","18480000","Brandon Bunger","VP","Mal","141443","B","Bunger Steel Inc","sales@bungersteel.com","8112 W Buckeye Rd","Phoenix","AZ","85043","6239367041","6239367181","154210","Buildings-Metal","www.bungersteel.com","11","0"
"Mc Keown Inc","6028894700","2921 W Mcdowell Rd","Phoenix","16800000","Ted Haynes","CEO","Mal","141950","M","Mc Keown Inc","quotes@mckeowninc.com","2921 W Mcdowell Rd","Phoenix","AZ","85009","6028894701","6028894700","078103","Landscape Designers","www.mckeowninc.com","11","0"
"HART INTERIOR DESIGN LTD","4807565200","1544 W MINERAL RD","TEMPE","10100000","KEN ZINSER","President","M","142474","H","Hart Interior Design LTD","info@hartinteriordesign.com","1544 W Mineral Rd","Tempe","AZ","85283","4807565200","4807565200","738902","Interior Decorators Design & Consultants","www.hartinteriordesign.com","11","0"
"Fieldwork Phoenix Inc","6024382800","7776 S Pointe Pkwy W # 290","Phoenix","10125000","Vicki Knoell","President","Fem","143378","F","Fieldwork Phoenix Inc","info@schaumburg.fieldwork.com","7776 S Pointe Pkwy W # 290","Phoenix","AZ","85044","9528378301","6024382800","873204","Market Research & Analysis","www.fieldwork.com","11","0"
"Ivy Steel & Wire Inc","9286921001","4750 N Olympic Dr","Kingman","10725000","Mark Stojevich","Manager","Mal","143484","I","Ivy Steel & Wire Inc","info@ivysteel.com","4750 N Olympic Dr","Kingman","AZ","86401","7136745931","9286921001","349698","Fabricated Wire Products-Misc (Mfrs)","www.ivysteel.com","11","0"
"WHITE TANK NURSERY","6235362020","6209 N CITRUS RD","WADDELL","11400000","TOM RUSSELL","Owner","M","144316","W","White Tank Nursery","info@whitetankpalms.com","6209 N Citrus Road","Waddell","AZ","85355","null","null","519306","Nurseries","null","11","0"
"Koss Communication Systems Inc","6237805993","23025 N 15th Ave # 102","Phoenix","10100000","Cindy Yedall","Owner","Fem","144443","K","Koss Communication Systems Inc","customerservice@kosscommunications.com","23025 N 15th Ave # 102","Phoenix","AZ","85027","6237805993","6237805993","506563","Telecommunication Equip/Syst-Whol/Mfrs","www.kosscommunications.com","11","0"
"3-G CONSTRUCTION CO INC","6025690900","1820 E DEER VALLEY RD","PHOENIX","12500000","LARRY MCCRERY","President","M","145701","3","3-G Construction Co Inc","support@interland.net","1820 E Deer Valley Rd","Phoenix","AZ","85024","3013721513","6025690900","175102","Carpenters","www.regelec.com","11","0"
"Paradise Valley Country Club","6028408100","7101 N Tatum Blvd","Scottsdale","12760000","Steven Richardson","Manager","Mal","146320","P","Paradise Valley Country Club","contactus@paradisevalleycc.com","7101 N Tatum Blvd","Scottsdale","AZ","85253","6028402628","6028408100","799715","Country Clubs","www.paradisevalleycc.com","11","0"
"Heil Co","6024373113","2441 S 40th St","Phoenix","11400000","Susan Nelson","Manager","Fem","151702","H","Heil Co","support@ftpayne.heilco.com","2441 S 40th St","Phoenix","AZ","85034","6024374682","6024373113","508563","Garbage/Rubbish Rmvl Contrs Equip (Whol)","www.heil.com","11","0"
"Diversified Human Resources","6025532800","2735 E Camelback Rd","Phoenix","14400000","Brian Lesk","President","Mal","152445","D","Diversified Human Resources","salesinfo@dhr.net","2735 E Camelback Rd","Phoenix","AZ","85016","4809701374","6025532800","736303","Employment Service-Employee Leasing","www.dhr.net","11","0"
"Gale Insulation & Specialties","6024370092","4235 E Winslow Ave","Phoenix","16650000","Tim Kovacs","Manager","Mal","152559","G","Gale Insulation & Specialties","customerservice@deltafaucet.com","4235 E Winslow Ave","Phoenix","AZ","85040","9702237098","6024370092","174205","Insulation Contractors-Cold & Heat","www.masco.com","11","0"
"Nelson Engineering Co","6022737114","4020 E Air Ln","Phoenix","12084000","","","","154683","N","Nelson Engineering Co","sales@nelsonengineering.com","4020 E Air Ln","Phoenix","AZ","85034","6022677723","6022737114","372802","Aircraft Equipment Parts & Supls-Mfrs","www.nelsonengineering.com","11","0"
"Firstfleet","6022339875","3929 W Lower Buckeye Rd","Phoenix","14100000","Greg Mckenzie","President","Mal","154904","F","Firstfleet","webmaster@firstfleetinc.com","3929 W Lower Buckeye Rd","Phoenix","AZ","85009","2608240717","6022339875","421212","Trucking-Local Cartage","www.firstfleetinc.com","11","0"
"CORPORATE Jets Inc","4809482400","14600 N Airport Dr","Scottsdale","12460000","John J Frevola","President","Mal","154926","C","CORPORATE Jets Inc","info@cjisdl.com","14600 N Airport Dr","Scottsdale","AZ","85260","4809483874","4809482400","458104","Aircraft Servicing & Maintenance","www.cjisdl.com","11","0"
