"DEMERS GLASS INC","6238781180","7712 W GOLDEN LN","PEORIA","8100000","PIERRE DEMERS","Owner","M","3424","D","Demers Glass Inc","info@demersglass.com","7712 W Golden Ln","Peoria","AZ","85345","6234868482","6238781180","523110","Glass-Auto Plate & Window & Etc","www.demersglass.com","11","0"
"PAPA JOHN'S SALADS & PRODUCE","4808946885","1454 W 12TH PL","TEMPE","7700000","KEVIN JONES","Owner","M","4271","P","Papa Johns Salads","support@partnersystems.com","1454 W. 12th Place","TEMPE","AZ","85281","4808946885","null","8999","Services NEC","PAPAJOHNSSALADS.COM","11","0"
"Pinnacle Engineering","4805856013","8712 E Vista Bonita Dr","Scottsdale","5175000","Frank Boxberger","VP","Mal","8395","P","Pinnacle Engineering","support@pinnacleengineers.com","8312EVistaBonita","SCOTTSDALE","AZ","85255","6025856013","null","871106","Engineers","PINNACLEENGINEERS.COM","11","0"
"Equipment Exchange Inc","6022567732","510 E University Dr","Phoenix","5710000","Tom Koble","President","Mal","9302","E","Equipment Exchange Inc","sales@equipmentexchange.com","515 E Grant St","Phoenix","AZ","85004","6022588725","6022567732","367401","Semiconductor Devices (Manufacturers)","www.equipmentexchange.com","11","0"
"Air Star Helicopters","9286382622","Highway 64","Grand Canyon","5250000","","","","12493","A","Air Star Helicopters","webmaster@safeaccess.com","Highway 64","Grand Canyon","AZ","86023","8593412811","9286382622","452201","Helicopter-Charter & Rental Service","www.airstar.com","11","0"
"Chamness Relocation Svc","4808997222","820 W Warner Rd # 104","Chandler","5360000","Darla Rydman","Owner","Fem","14849","C","Chamness Relocation Svc","info@chamnessrelocation.com","820 W Warner Rd # 104","Chandler","AZ","85225","4808997773","4808997222","653101","Relocation Service","www.chamnessrelocation.com","11","0"
"P F Corp","4809910688","7650 E Evans Rd # D","Scottsdale","7552000","Keri Smith","Manager","Fem","17179","P","P F Corp","support@fasturtle.com","7650 E Evans Rd # D","Scottsdale","AZ","85260","4809451800","4809910688","509901","Exporters","www.karate-mart.com","11","0"
"Advotech Co Inc","4807360406","632 W 24th St","Tempe","8565000","George Crouch","Owner","Mal","25893","A","Advotech Co Inc","info@advotech.com","632 W 24th St","Tempe","AZ","85282","4807360206","4807360406","367401","Semiconductor Devices (Manufacturers)","www.advotech.com","11","0"
"MARVEL BUILDING & MASONRY","6029712710","16602 N 32ND ST","PHOENIX","6000000","JOE BERGERON","Manager","M","26938","M","Marvel Building & Masonry","info@marvelmasonry.com","16602 N 32nd St","Phoenix","AZ","85032","6029713703","6029712710","503212","Brick-Clay Common & Face (Wholesale)","www.marvelmasonry.com","11","0"
"Lee's Auto Sales","5204582488","1200 E Fry Blvd","Sierra Vista","8052000","","","","28719","L","Lee's Auto Sales","info@leesauto.com","1200 E Fry Blvd","Sierra Vista","AZ","85635","5204598182","5204598182","551103","Automobile Dealers-Used Cars","www.leesauto.com","11","0"
"CONTINENTAL FLOORING CO","4809498509","9319 N 94TH WAY STE 1000","SCOTTSDALE","6400000","CHRIS COLEMAN","Owner","M","29213","C","Continental Flooring Co","webmaster@cfc4u.com","9319 N 94th Way # 1000","Scottsdale","AZ","85258","4809452603","4809498509","571306","Floor Materials","www.cfc4u.com","11","0"
"NATIONAL CONSTRUCTION RENTALS","6022535006","2131 W ROOSEVELT ST","PHOENIX","8400000","MARK HAMLITON","Manager","M","35551","N","National Construction Rentals","customercare@rentnational.com","2131 W Roosevelt St","Phoenix","AZ","85009","9095741411","6022535006","503903","Fence (Wholesale)","www.rentnational.com","11","0"
"GUARD-O-MATIC SECURITY SYSTEMS","4808318118","206 W JULIE DR STE 3","TEMPE","5400000","CARL HURRLE","President","M","48269","G","Guard-O-Matic Security Systems","info@guardomatic.com","206 W Julie Dr # 3","Tempe","AZ","85283","4808315278","4808318118","506304","Security Control Equip & Systems-Whol","www.guardomatic.com","11","0"
"UNITED METAL PRODUCTS INC","4809689550","1920 E ENCANTO DR","TEMPE","5300000","STEPHEN KINKEL","President","M","48748","U","United Metal Products","webmaster@unitedmetal.com","1920 E. Encanto Drive","TEMPE","AZ","85281","4809689550","4809689555","1099","Metal ores","UNITEDMETAL.COM","11","0"
"HOLIDAY MOTORHOMES","4804619500","2661 E MAIN ST","MESA","5000000","BOB ETTLEMAN","Manager","M","50026","H","Holiday Motorhomes","sales@holidaymh.com","2661 E Main St","Mesa","AZ","85213","4804618503","4804619500","556108","Motor Homes-Retail","www.holidaymotorhomesrv.com","11","0"
"Furniture Creations","5206237177","728 W Grant Rd","Tucson","6980000","Ruben Bien-Willner","Manager","Mal","52367","F","Furniture Creations","admin@oldcastle-software.com","4517 E Sylvane","TUCSON","AZ","85705","7607510633","7607511988","571216","Furniture","IIRCREATE.COM","11","0"
"EVER READY GLASS","6022356002","2525 E INDIAN SCHOOL RD","PHOENIX","7000000","RANDY MADDUX","Owner","M","54043","E","Ever Ready Glass","webmaster@lemurzone.com","2525 E Indian School Rd","Phoenix","AZ","85016","6022582277","6022356002","523110","Glass-Auto Plate & Window & Etc","www.20thstreetauto.com","11","0"
"Morsch Machine Works","4809617673","205 S Mckemy Ave","Chandler","8350000","Claudia Salontai","President","Fem","56289","M","Morsch Machine Works","info@morschmachine.com","205 S Mckemy Ave","Chandler","AZ","85226","4809617642","4809617673","359903","Machine Shops","www.morschmachine.com","11","0"
"LEVITZ FURNITURE","6025471700","5870 W BELL RD","GLENDALE","5300000","CATHY HOSKINS","Manager","F","58628","L","Levitz Furniture","careers@levitz.com","5870 W Bell Rd","Glendale","AZ","85308","2095246014","6025471700","571216","Furniture-Dealers-Retail","www.levitz.com","11","0"
"LEVITZ FURNITURE","6022643511","2020 N 75TH AVE STE 35","PHOENIX","5300000","","Unknown","","61022","L","Levitz Furniture","customerservice@furniture.com","2020 N 75th Ave # 35","Phoenix","AZ","85035","6238731769","6022643511","571216","Furniture-Dealers-Retail","www.levitz.com","11","0"
"Performance Radiator","6029312483","21 N 20th St","Phoenix","8960000","Brad Shaw","Manager","Mal","64804","P","Performance Radiator","feedback@performanceradiator.com","21 N 20th St","Phoenix","AZ","85034","5058818085","6024379595","753901","Automobile Radiator Repairing","www.performanceradiator.com","11","0"
"Alexander Group","4809989644","14635 N Kierland Blvd # 200","Scottsdale","8500000","Debbie Greason","Manager","Fem","69452","A","Alexander Group","jobs@alexandergroupinc.com","14635 N Kierland Blvd # 200","Scottsdale","AZ","85254","2039759342","4809989644","874214","Marketing Consultants","www.alexandergroupinc.com","11","0"
"CANDLE & GIFT FACTORY","6025088391","2222 E INDIAN SCHOOL RD","PHOENIX","5300000","KIM GARDENIER","Owner","","72566","C","Candle & Gift Factory","support@cgfo.com","10201 N Scottsdale Road","Phoenix","AZ","85016","6025088391","6022249264","594515","Baskets","candleandgiftfactory.com^^candleoutlet.com","11","0"
"Communication Power Solutions","4803459801","6100 S Maple Ave # 116","Tempe","7240000","Dan Washburn","President","Mal","73004","C","Communication Power Solutions","sales@cpspower.biz","6100 S Maple Ave # 116","Tempe","AZ","85283","4803456698","4803459801","491101","Electric Companies","www.communicationpowersol.com","11","0"
"GRIFFIN & ASSOCIATES","6022642230","3030 N CENTRAL AVE STE 1102","PHOENIX","8800000","PAMELA GRIFFIN","Owner","F","80038","G","Griffin and Associates","info@griffinreporters.com","3030 N Central Ave Suite 605","PHOENIX","AZ","85012","6022642230","null","8999","Services NEC","GRIFFINREPORTERS.COM","11","0"
"PHOENIX FENCE","6022764283","3626 S 16TH ST","PHOENIX","9400000","DOUG MASTIN","Owner","M","85074","P","Phoenix Fence","sales@phoenixfence.com","3626 S 16th Street","Phoenix","AZ","85040","6022764283","6022760638","5311","Retail shops","phoenixfence.com","11","0"
"Interstate Steel","6029447905","925 W Hatcher Rd","Phoenix","5235000","Gary Knudsen","Owner","Mal","87517","I","Interstate Steel","sales@gosteel.com","925 W Hatcher Rd","Phoenix","AZ","85021","6026781477","6029447905","505106","Steel-Distributors & Warehouses","www.gosteel.com","11","0"
"Pinnacle One","4803940335","1620 W Fountainhead Pkwy # 200","Tempe","5670000","Chuck Dahill","Owner","Mal","87707","P","Pinnacle One","webmaster@pinnacleone.com","1620 W Fountainhead Pkwy # 200","Tempe","AZ","85282","2134869894","4803940335","874104","Construction Management","www.pinnacleone.com","11","0"
"Fas-Co Coders","4805457500","500 E Comstock Dr","Chandler","5025000","Roger Van Steenkiste","Owner","Mal","97802","F","Fas-Co Coders","contactus@nehealthimaging.com","500 E Comstock Dr","Chandler","AZ","85225","5085881643","4805457500","356502","Packaging Machinery-Manufacturers","www.metrosouthmri.com","11","0"
"LASER RECHARGE","4808139413","3324 N SAN MARCOS PL","CHANDLER","5400000","DAN REES","Owner","M","99361","L","Laser Recharge","sales@laserrechargeaz.com","3324 N San Marcos Pl","Chandler","AZ","85225","4808296706","4808296725","594301","Office Supplies","www.laserrechargeaz.com","11","0"
"ARIZONA BOILER CO","6239793301","8282 N 75TH AVE","PEORIA","7000000","TERRY R MELOT","President","M","102892","A","Arizona Boiler Co","parts@azboiler.com","8282 N 75th Ave","Peoria","AZ","85345","6239793666","6239793301","171118","Boilers-Repairing & Cleaning","www.azboiler.com","11","0"
"Desert States Electrical Sales","6022687008","2920 E Elwood St","Phoenix","5040000","Steve Smith","Manager","Mal","103115","D","Desert States Electrical Sales","orders@mcgeeco.com","2920 E Elwood St","Phoenix","AZ","85040","6022687125","6022687008","353198","Construction Machinery & Equip (Mfrs)","www.mcgeeco.com","11","0"
"TECH MOLD INC","4809688691","504 S MADISON DR","TEMPE","5100000","BILL KUSHMAUL","President","M","103683","T","Technology Mold","sales@techmold.com","1735 W 10th Street","Tempe","AZ","85281","4809688691","4809687359","5311","Retail shops","techmold.com","11","0"
"Drilling Equipment Supply","6024371776","3610 E Anne St","Phoenix","6528000","Wayne Mehlhorn","Manager","Mal","108283","D","Drilling Equipment Supply","salesinfo@desiproducts.com","3610 E Anne St","Phoenix","AZ","85040","6024371845","6024371776","508401","Drilling & Boring Equip & Supls (Whol)","www.desiproducts.com","11","0"
"NATIONAL FIRE SPRINKLER INC","6027121180","1544 W GRANT ST","PHOENIX","6000000","RONALD LAWRENCE","President","M","110019","N","National Fire Sprinkler Inc","sales@nfsfire.com","1544 W Grant St","Phoenix","AZ","85007","6027121260","6027121180","874832","Fire Protection Consultants","www.nfsfire.com","11","0"
"ARRAID INC","6235824592","21430 N 2ND AVE STE 2","PHOENIX","6600000","GENE NICHOLAS","President","M","110508","A","Arraid Inc","info@arraid.com","21430 N 2nd Ave # 2","Phoenix","AZ","85027","6235824592","6235824592","357298","Computer Storage Devices (Manufacturers)","www.arraid.com","11","0"
"ARISE Inc","4804971889","4554 E Inverness Ave","Mesa","7525000","Michelle Auer","VP","Fem","114117","A","ARISE Inc","sales@marswebdesign.com","4554 E Inverness Ave","Mesa","AZ","85206","4804978387","4804971889","839905","Disability Services","www.riseinc.com","11","0"
"Fisource ARIZONA/Fec","4809660900","1205 S Park Ln # 5","Tempe","7326000","Mike Carter","Manager","Mal","116542","F","Fisource ARIZONA/Fec","sales@fisource.com","1205 S Park Ln # 5","Tempe","AZ","85281","4809661058","4809660900","504411","Bank Equipment & Supplies (Wholesale)","www.fisource.com","11","0"
"Sage Engineering Corp","4809669971","3414 S 48th St # 8","Phoenix","8280000","Catherine Hartin","President","Mal","118120","S","Sage Engineering Corp","info@sage-engr.com","3414 S 48th St # 8","Phoenix","AZ","85040","4809299901","4809669971","871110","Engineers-Civil","www.sageaz.com","11","0"
"Artists Gallery Cooperative","9287730958","17 N San Francisco St","Flagstaff","5360000","","","","118668","A","Artists Gallery Cooperative","contact@theartistsgallery.com","17 N San Francisco St","Flagstaff","AZ","86001","9287730958","9287730958","599969","Art Galleries & Dealers","www.theartistsgallery.com","11","0"
"En Gen Inc","6024381110","","Tempe","5855000","Steven Bartle","Manager","Mal","119701","E","En Gen Inc","support@engen.com","2727 W Baseline Rd # 13","Tempe","AZ","85283","6024381110","6024381110","357101","Computers-Electronic-Manufacturers","www.engen.com","11","0"
"Lesueurs Car Co","4809686611","1109 E Curry Rd","Tempe","7381000","Warren Lesueur","Owner","Mal","120900","L","Lesueurs Car Co","sales@usedvwaudi.com","1109 E Curry Rd","Tempe","AZ","85281","4809686611","4809686611","551103","Automobile Dealers-Used Cars","www.lesueurcarco.com","11","0"
"REPUBLIC WEST","4804819595","8101 E MCDOWELL RD","SCOTTSDALE","7000000","JIM WEISMAN","President","M","121737","R","Republic West","contact@republicwest.com","8101 E Mc Dowell Rd","Scottsdale","AZ","85257","4804810420","4804819595","521107","Windows","www.republicwest.com","11","0"
"BEM SYSTEMS INC","6022662011","7500 N DREAMY DRAW DR STE 232","PHOENIX","6000000","RICK NEWILL","Manager","M","123414","B","Bem Systems Inc","webmaster@bemsys.com","7500 N Dreamy Draw Dr # 232","Phoenix","AZ","85020","4078941089","6022662011","871120","Engineers-Environmental","www.bemsys.com","11","0"
"AERO-SPACE SOUTHWEST INC","6235822955","21450 N 3RD AVE","PHOENIX","6200000","ROBERT BUDDE","Owner","M","128560","A","Aero-Space Southwest Inc","marketing@aerospacesw.com","21450 N 3rd Ave","Phoenix","AZ","85027","4084349401","6235822779","507205","Fasteners-Industrial (Wholesale)","www.aerospacesw.com","11","0"
"EAGLE-TELONICS JV","4808924444","932 E IMPALA AVE","MESA","7500000","DAVID W BEATY","Owner","M","128827","E","Eagle-TELONICS Jv","info@telonics.com","932 E Impala Ave","Mesa","AZ","85204","4808929139","4808924444","366998","Communications Equipment Nec (Mfrs)","www.telonics.com","11","0"
"ROAD MARKINGS INC","4809664340","1850 E ENCANTO DR","TEMPE","5100000","MICHAEL WHITTL","Owner","M","129000","R","Road Markings Inc","info@roadmarkingsinc.com","1850 E Encanto Dr","Tempe","AZ","85281","4809663851","4809664321","161106","Asphalt & Asphalt Products","www.roadmarkingsinc.com","11","0"
"Lone Star Racing","6022437437","1424 E Broadway Rd","Phoenix","7600000","","","","129108","L","Lone Star Racing","contact@lsracing.com","1424 E Broadway Rd","Phoenix","AZ","85040","6022437566","6022437437","347917","Powder Processing-Industrial (Mfrs)","www.lsracing.com","11","0"
"Lane Award Mfg","6022588527","1118 S Central Ave","Phoenix","6055000","John Luvisi","Owner","Mal","134123","L","Lane Award Mfg","privacy@laneaward.com","1118 S Central Ave","Phoenix","AZ","85004","6022545489","6022588527","399398","Signs & Advertising Specialties (Mfrs)","www.laneaward.com","11","0"
"CARDINAL LOGISTICS","6239368024","7650 W LATHAM ST","PHOENIX","8200000","BRADY BANKSON","Manager","M","137285","C","Cardinal Logistics","safety@cardlog.com","7650 W Latham St","Phoenix","AZ","85043","6239368210","6239368024","421309","Trucking-Motor Freight","www.cardlog.com","11","0"
"NATIONAL SPECIALTY AGGREGATES","4803809880","4310 S 80TH ST","MESA","8000000","DAG GRANTHAM","Manager","M","137919","N","National Specialty Aggregates","info@nsarocks.com","4310 S 80th St","Mesa","AZ","85212","4803809879","4803809880","502313","Floor Materials-Wholesale","www.pebblescapes.com","11","0"
"Prosonic Corp","4806359665","419 E Juanita Ave # 104","Mesa","5500000","Gregory A Zekoff","Manager","Mal","138330","P","Prosonic Corp","info@prosoniccorp.com","419 E Juanita Ave","Mesa","AZ","85204","8107144453","4806359665","178102","Drilling & Boring Contractors","www.prosoniccorp.com","11","0"
"Coach & Transit Inc","6022697775","842 S 59th Ave","Phoenix","9020000","Todd Franssen","President","Mal","140558","C","Coach & Transit Inc","sales@cti.com","842 S 59th Ave","Phoenix","AZ","85043","6022697325","6022697775","371108","Buses-Manufacturers","www.cti.com","11","0"
"AZURADISC INC","4808278786","2885 N NEVADA ST","CHANDLER","6500000","JASON M BAUER","Owner","M","141101","A","Azuradisc Inc","info@azuradisc.com","2885 N Nevada St","Chandler","AZ","85225","4808271104","4808278786","509909","Records Tapes & Compact Discs-Wholesale","www.azuradisc.com","11","0"
"FIELD LINING SYSTEMS INC","6238421255","439 S 3RD AVE","AVONDALE","9000000","PHIL RAMOS","President","M","141207","F","Field Lining Systems Inc","sales@fieldliningsystems.com","439 S 3rd Ave","Avondale","AZ","85323","6239301766","6238421255","179949","Linings-Plastic Membrane & Etc","www.fieldliningsystems.com","11","0"
"Friendship Village","4808315000","2645 E Southern Ave","Tempe","8000000","Darrell Jensen","Executive Director","Mal","142046","F","Friendship Village","info@friendshipvillageaz.com","2645 E Southern Ave","Tempe","AZ","85282","4808313495","4808315000","805904","Retirement Communities & Homes","www.friendshipvillageaz.com","11","0"
"FIRST UNITED DOOR TECHNOLOGIES","4807056632","7255 S KYRENE RD STE 104","TEMPE","7600000","JON JELLA","President","M","143809","F","First United Door Technologies","sales@firstudt.com","7255 S Kyrene Rd # 104","Tempe","AZ","85283","4807058497","4807056632","521101","Doors-Garage","www.firstudt.com","11","0"
"PSI","4809210532","2210 S Roosevelt St","Tempe","7100000","George Smith","Chairman of the Board","mal","144433","P","PSI","careers@psiusa.com","2720 S Hardy Dr # 4","Tempe","AZ","85282","3055931915","4809290282","871119","Engineers-Geotechnical","www.psiusa.com","11","0"
"Kuhl's Electric Co","4803913766","9420 E Doubletree Ranch # C109","Scottsdale","7128000","Paul Kuhl","Owner","Mal","144519","K","Kuhl's Electric Co","service@kuhlselectric.com","9420 E Doubletree Ranch # C109","Scottsdale","AZ","85258","4803913766","4803913766","173101","Electric Contractors","www.kuhlselectric.com","11","0"
"CDROM2GO.COM","6235874900","1929 W Lone Cactus Dr","Phoenix","5495000","Christopher Pignotti","Owner","Mal","144578","C","CDROM2GO.COM","support@usdigitalmedia.com","1929 W Lone Cactus Dr","Phoenix","AZ","85027","6235874920","6235874900","737107","Cd Rom Services","www.cdrom2go.com","11","0"
"A-Co Portable Restrooms Inc","4806331200","1475 N Mcqueen Rd","Gilbert","5490000","Richard Plancia","Manager","Mal","144725","A","A-Co Portable Restrooms Inc","customersupport@acoinc.com","1475 N Mcqueen Rd","Gilbert","AZ","85233","8012641264","4806331200","735922","Toilets-Portable","www.acoinc.com","11","0"
"Grand Canyon Squire Inn","9286382681","Highway 64","Grand Canyon","5880000","Greg Bryan","Manager","Mal","145560","B","Best Western Grand Canyon Squire Inn","sales@grandcanyonsquire.com","PO Box 130; Highway 64/180","Grand Canyon","AZ","86023","9286382681","9286382782","5999","Marketing NEC","grandcanyonsquire.com","11","0"
"SABA'S WESTERN WEAR","6239797300","8135 W BELL RD","PEORIA","6000000","JERRY HILL","Manager","M","145620","S","Saba''s Western Stores Inc","service@sabas.us","8135 W Bell Rd","Peoria","AZ","85382","6239797300","6239797300","569907","Western Apparel","www.sabaswesternwear.com","11","0"
"Doctor Geeks","4805455459","3050 S Country Club Dr","Mesa","7335000","Stephanie Dibenardo","Owner","Fem","146306","D","Doctor Geeks","info@drgeeks.com","3050 S Country Club Dr","Mesa","AZ","85210","4808923741","4805455459","737801","Computers-Service & Repair","www.drgeeks.com","11","0"
"R F Code Inc","4809692828","1250 S Clearview Ave # 104","Mesa","6790000","Joe Dugan","President","Mal","146390","R","R F Code Inc","sales@rfcode.com","1250 S Clearview Ave # 104","Mesa","AZ","85209","4809692828","4809692828","504302","Identification Equipment & Supls (Whol)","www.rfcode.com","11","0"
"Civano Nursery","5207227777","10521 E Seven Generations Way","Tucson","5460000","Les Shipley","President","Mal","146539","C","Civano Nursery","info@civanonursery.com","5301 S Houghton Road","Tucson","AZ","85747","null","5205469554","519306","Nurseries","civanonursery.com","11","0"
"Enterprise Technology Svc","6024381100","730 N 52nd St # 100","Phoenix","8150000","Jim Siragusa","Owner","Mal","147368","E","Enterprise Technology Svc","service@etechservices.com","730 N 52nd St # 100","Phoenix","AZ","85008","6024268606","6024268600","737801","Computers-Service & Repair","www.etechservices.com","11","0"
"Geriatrix Of Arizona","6024621132","2025 N 3rd St # 170","Phoenix","5600000","Mike Gambino","VP","Mal","148012","G","Geriatrix Of Arizona","info@inspiris.com","2025 N 3rd St # 170","Phoenix","AZ","85004","6024621135","6024621132","809907","Health Services","www.geriatrix.net","11","0"
"M B A Holdings Inc","4808602288","9419 E San Salvador Dr # 105","Scottsdale","5744000","Gaylen M Brotherson","CEO","Mal","149117","M","M B A Holdings Inc","jobs@mbadirect.com","9419 E San Salvador Dr # 105","Scottsdale","AZ","85258","4808602288","4808602288","641133","Insurance-Holding Companies","www.mbadirect.com","11","0"
"CHANDLER PARKS & RECREATION","4807822727","125 E COMMONWEALTH AVE","CHANDLER","5000000","MARK EYNATTEN","Manager","M","151143","C","Chandler Parks & Recreation","mail@azbsinc.com","125 E Commonwealth Ave","Chandler","AZ","85225","4807822734","4807822727","799951","Provincial Parks","www.chandleraz.gov","11","0"
"FACILITIES DEVELOPMENT INC","6023827000","1707 E HIGHLAND AVE STE 190","PHOENIX","5600000","","Unknown","","151599","F","Facilities Development Inc","webmaster@fdiplan.com","1707 E Highland Ave # 190","Phoenix","AZ","85016","6023827007","6023827000","874835","Hospital Consultants","www.fdiplan.com","11","0"
"Pink Jeep Tours Ancnt Expdtns","9282822137","204 N Highway 89a","Sedona","6580000","Shawn Wendel","Owner","Mal","151909","P","Pink Jeep Tours Ancnt Expdtns","info@pinkjeeptours.com","204 N Highway 89a","Sedona","AZ","86336","9282823513","9282822137","472501","Tours-Operators & Promoters","www.pinkjeep.com","11","0"
"PRECISE METAL PRODUCTS CO","6022722625","3839 N 39TH AVE","PHOENIX","6800000","ALEX ALLWINE","President","M","153028","P","Precise Metal Products Co","contact@precise-metals.com","3839 N 39th Ave","Phoenix","AZ","85019","6022332123","6022722625","179104","Metal Fabricators","www.precise-metals.com","11","0"
"Construction Tool & Supply","6023232807","5213 S 30th St # C300","Phoenix","8160000","Vince Ferguson","Owner","Mal","154892","C","Construction Tool & Supply","info@constructiontoolaz.com","5213 S 30th St # C300","Phoenix","AZ","85040","6023232810","6023232807","508454","Tools-Electric (Wholesale)","www.constructiontoolaz.com","11","0"
