mail id,company,email,address,phone,fax,sic,sic description,web,,revenue id,company,address,city,state,zip,	metro,web,phone,fax,contact,position,gender,sales,# of employee,sic,sic_descrpiton,	,,
"548237","Parkwood Medical Equipment","James@parkwoodmed.com","PO Box 1029","7278475024","3527968495","504704","Physicians & Surgeons Equip & Supls-Whol","NULL"," Email <---> Revenue ","1429408","Parkwood Medical Equipment","PO Box 1029","New Port Richey","FL","34656","Pasco","","3527968495","7278475024","James Vincent","CEO","Mal","26910000","45","504704","Physicians &","5","0","1"
"570478","Freedom Square Nursing Ctr","Kendrick@arclp.com","10801 Johnson Blvd","7273920892","7273980379","836105","Residential Care Homes","NULL"," Email <---> Revenue ","1123415","Freedom Square Nursing Ctr","10801 Johnson Blvd","Seminole","FL","33772","Pinellas","www.arclp.com","7273980379","7273920892","Dick Kendrick","CEO","Mal","33150000","650","836105","Residential ","5","0","1"
"243123","Comprehensive Care Corp","mjohnson@comprehensivecare.com","204 S Hoover Blvd # 200","8132884844","8132884808","806301","Mental Health Services","NULL"," Email <---> Revenue ","1760765","Comprehensive Care Corp","204 S Hoover Blvd # 200","Tampa","FL","33609","Hillsborough","www.comprehensivecare.com","8132884808","8132884844","Mary Jane Johnson","CEO","Fem","27583000","95","806301","Mental Healt","5","0","1"
"568794","Advanced Electronic Cables Inc","aboone@aecables.com","4270 Dow Rd # 209","3212591011","3212596340","506519","Electronic Equipment & Supplies-Whol","www.aecables.com"," Email <---> Revenue ","779652","Advanced Electronic Cables Inc","4270 Dow Rd # 209","Melbourne","FL","32934","Brevard","www.aecables.com","3212596340","3212591011","Allan D Boone","President","Mal","26260000","26","506519","Electronic E","5","0","1"
"368310","Stanley Steemer Carpet Cleaners","aboutus@steeminstanley.com","5235 Avenue B","9048298214","null","571305","Carpet & Rug Dealers","steeminstanley.com"," Email <---> Revenue ","637408","STANLEY STEEMER CARPET","39 MASTERS DR","ST AUGUSTINE","FL","32084","St. Johns","","9048298214","","CHARLES COSHOW","Manager","M","25000000","6877","721700","Carpet & Uph","5","0","1"
"49198","Southern Testing & Research","AdnanYazigi@southerntesting.com","1127 Arlington Rd N","NULL","9047277878","873414","Laboratories-Analytical","NULL"," Email <---> Revenue ","627947","SOUTHERN TESTING & RESEARCH","1127 ARLINGTON RD N","JACKSONVILLE","FL","32211","Duval","","9047277878","","ADNAN YAZIGI","Manager","M","30100000","434","873401","Analytical L","5","0","1"
"249284","Equico","alanger@rsmequico.com","3111 N University Dr # 802","9542553332","9542553411","628205","Financial Planning Consultants","NULL"," Email <---> Revenue ","1074861","Equico","3111 N University Dr # 802","Coral Springs","FL","33065","Broward","www.rsmequico.com","9542553411","9542553332","Alan Langer","President","Mal","33200000","80","628205","Financial Pl","5","0","1"
"496802","Lan Logistics","AlinatJ@skynet.com","1900 NW 87th Ave","7862653406","7862654800","473104","Freight-Forwarding","NULL"," Email <---> Revenue ","403762","LAN LOGISTICS","1900 NW 97TH AVE","DORAL","FL","33172","Miami-Dade","","7862654800","","JULIO ALINAT","President","M","34600000","200","473103","Freight Forw","5","0","1"
"206526","Ben Hill Griffin Inc","bgriffin@bhgriffin.com","PO Box 127","8636357333","8636352251","072303","Citrus Fruit Processing","NULL"," Email <---> Revenue ","90312","BEN HILL GRIFFIN INC","700 S SCENIC HWY","FROSTPROOF","FL","33843","Polk","","8636352251","8636357333","BEN HILL GRIFFIN III","Chief Executive Office","M","28000000","400","201100","Meat Packing","5","0","1"
"505927","Bluebird Gardens And Trucking; Inc","bluebird@bluebirdgardens.net","530 Northwest 188th Street","3056525252","null","421304","Trucking","PLANTBROKER.NET"," Email <---> Revenue ","735147","WM LEHMAN MITSUBISHI","21200 NW 2ND AVE","MIAMI","FL","33169","Miami-Dade","","3056525252","","ALAN REYF","Owner","M","33900000","84","551100","New & Used C","5","0","1"
"344294","All Pro Imports","bmyers@allproimports.com","4222 NW 13th St","3523764551","3523739363","509905","Importers","allproimports.com"," Email <---> Revenue ","36728","ALL PRO IMPORTS","2810 N MAIN ST","GAINESVILLE","FL","32609","Alachua","","3523764551","","BRYAN MYRES","President","M","40000000","99","551100","New & Used C","5","0","1"
"432108","Skyway Aircraft","Brent@skywayaircraftsecurity.com","6021 142nd Ave N","7275351930","7275358211","506304","Security Control Equip & Systems-Whol","NULL"," Email <---> Revenue ","1565778","Skyway Aircraft","6021 142nd Ave N","Clearwater","FL","33760","Pinellas","www.skywayaircraftsecurity.com","7275358211","7275351930","Brent Kovar","Owner","Mal","26320000","40","506304","Security Con","5","0","1"
"166889","Kennedy Space Ctr Visitor","Bridges@dncinc.com","State Road 405","3214494284","3214522121","799963","Sightseeing Tours","NULL"," Email <---> Revenue ","1265926","Kennedy Space Ctr Visitor","State Road 405","Kennedy Spc Ctr","FL","32899","Brevard","","3214522121","3214494284","Roy D Bridges","CEO","Mal","48300000","575","799963","Sightseeing ","5","0","1"
"323196","Miller Electric","BuckAutrey@millerelec.com","PO Box 1799","9043898653","9043888000","173101","Electric Contractors","NULL"," Email <---> Revenue ","1362650","Miller Electric","PO Box 1799","Jacksonville","FL","32201","Duval","www.mecojax.com","9043888000","9043898653","Buck Autrey","CEO","Mal","42000000","1000","173101","Electric Con","5","2","1"
"37492","Book Rack","B_Carole@bookrackbooks.com","1952 Park Meadows Dr # 7","NULL","2399391181","593201","Book Dealers-Used & Rare","NULL"," Email <---> Revenue ","105807","BOOK RACK","1952 PARK MEADOWS DR STE 7","FORT MYERS","FL","33907","Lee","","2399391181","","CAROLE BADGER","Owner","F","37500000","750","594200","Book Stores","5","0","1"
"331866","Traffic Control Devices","CG@trafficcontroldevices.com","PO Box 150418","4076820076","4078695300","366905","Traffic Signs Signals & Equip-Mfrs","NULL"," Email <---> Revenue ","1649676","Traffic Control Devices","PO Box 150418","Altamonte Spgs","FL","32715","Seminole","www.tcd-usa.com","4078695300","4076820076","Gregory S Cockman","President","Mal","38400000","150","366905","Traffic Sign","5","0","1"
"377372","Lambent Corp","chood@lambentcorp.com","2416 Lynndale Rd","9042616994","9042611828","289905","Chemicals-Manufacturers","www.petroferm.com"," Email <---> Revenue ","1285568","Lambent Corp","2416 Lynndale Rd","Fernandina Beach","FL","32034","Nassau","www.petroferm.com","9042611828","9042616994","Bill Micsky","CEO","Mal","36600000","100","289905","Chemicals-Ma","5","0","1"
"444831","Network Auto","ClarkR@networkautojax.com","7006 Arlington Expy","9048050101","9048050470","551103","Automobile Dealers-Used Cars","NULL"," Email <---> Revenue ","1388594","Network Auto","7006 Arlington Expy","Jacksonville","FL","32211","Duval","","9048050470","9048050101","Robert Clark","Owner","Mal","31703000","49","551103","Automobile D","5","1","1"
"339516","Taunton Truss Inc Computer Ln","claude@tauntontruss.com","702 N Highway 71","8506395599","8506392337","521124","Trusses-Construction Whol & Mfrs","www.tauntontruss.com"," Email <---> Revenue ","1879543","Taunton Truss Inc Computer Ln","PO Box 630","Wewahitchka","FL","32465","Gulf","www.tauntontruss.com","8506392337","8506395599","Abigial Taunton","Owner","Fem","38700000","150","521124","Trusses-Cons","5","0","1"
"391754","Sun Light Foods Inc","craig@sunlightfoods.com","3550 NW 112th St","NULL","3056885400","209903","Food Products & Manufacturers","NULL"," Email <---> Revenue ","1606350","Sun Light Foods Inc","3550 NW 112th St","Miami","FL","33167","Miami Dade","www.sunlightfoods.com","3056885400","","Arthur Green","Owner","Mal","27600000","100","209903","Food Product","5","0","1"
"459889","Johnson's KIA","Dan@mynextkia.com","1850 SE Us Highway 19","NULL","3525648668","551103","Automobile Dealers-Used Cars","NULL"," Email <---> Revenue ","1249651","Johnson's KIA","1850 SE Us Highway 19","Crystal River","FL","34429","Citrus","www.johnsonskia.com","3525648668","","Dan Johnson","Owner","Mal","25880000","40","551103","Automobile D","5","1","1"
"366784","Dave Carter Of Florida Inc","Dave.Carter@davecarterintl.com","3530 SW 7th St","3527329966","3527323317","509905","Importers","NULL"," Email <---> Revenue ","1012967","Dave Carter Of Florida Inc","3530 SW 7th St","Ocala","FL","34474","Marion","www.davecarterintl.com","3527323317","3527329966","Dave Carter","Owner","Mal","28320000","30","509905","Importers","5","0","1"
"450984","Radio One Rentals","Dave@radio1inc.com","7041 Grand National Dr # 116","4075789590","4073529242","506504","Radio Communication Equip & Systems-Whol","NULL"," Email <---> Revenue ","1484176","Radio One Rentals","7041 Grand National Dr # 116","Orlando","FL","32819","Orange","www.radio1inc.com","4073529242","4075789590","Dave Mc Donald","Owner","Mal","30300000","30","506504","Radio Commun","5","0","1"
"585243","Carpenter Contractors-America","Don-Thiel@carpentercontractors.com","941 SW 12th Ave","9547869016","9547812660","243999","Structural Wood Members Nec (Mfrs)","NULL"," Email <---> Revenue ","132971","CARPENTER CONTRACTORS-AMERICA","941 SW 12TH AVE","POMPANO BEACH","FL","33069","Broward","","9547812660","","BILL FRITSCH","President","M","35200000","783","243900","Structural W","5","0","1"
"602854","Art & Frame Direct","dotty.eouse@artframedirect.com","11423 Satellite Blvd","4078579953","4078579439","509905","Importers","NULL"," Email <---> Revenue ","61691","ART & FRAME DIRECT","11423 SATELLITE BLVD","ORLANDO","FL","32837","Orange","","4078576000","","GEORGE A EOUSE","Chief Executive Office","M","43400000","200","509906","Importers","5","0","1"
"607095","International Monitoring Inc","dShopay@intlmonitoring.com","6990 SW 8th St","3055317604","3055386652","506324","Burglar Alarm Systems (Wholesale)","NULL"," Email <---> Revenue ","353108","INTERNATIONAL MONITORING INC","6990 SW 8TH ST","MIAMI","FL","33144","Miami-Dade","","3055386652","","","Unknown","","41900000","2500","738200","Security Sys","5","0","1"
"523051","Florida Industrial Electric","Eigenmann.Conrad@fie-inc.com","1050 Miller Dr","4073310444","4073311551","173101","Electric Contractors","NULL"," Email <---> Revenue ","1110322","Florida Industrial Electric","1050 Miller Dr","Altamonte Spgs","FL","32701","Seminole","www.fie-inc.com","4073311551","4073310444","Conrad Eigenmann","President","Mal","25600000","0","173101","Electric Con","5","2","1"
"436880","Disney Vacation Club","elena.outlan@disney.com","200 Celebration Place","4075663164","4075663284","799798","Membership Sports & Recreation Clubs","null"," Email <---> Revenue ","1034196","Disney Vacation Club","200 Celebration Pl","Kissimmee","FL","34747","Osceola","","4079393000","4079393333","Jim Lewis","Manager","Mal","26800000","200","653130","Condominiums","5","0","1"
"193851","Laird Plastics","erik@bosrup.com","8320 Adamo Dr # 12","9166245249","8133191000","308902","Plastics & Plastic Products (Mfrs)","www.unitedrentals.com"," Email <---> Revenue ","400911","LAIRD PLASTICS","8320 E ADAMO DR # 12","TAMPA","FL","33619","Hillsborough","","8133191000","","GREG CONNORS","Manager","M","32000000","500","308900","Plastic Pdts","5","0","1"
"556768","Rite Way Ornamental Iron","Fidel-Garcia@okdirect.com","7770 NW 22nd Ave","3058360424","3057540242","505106","Steel-Distributors & Warehouses","NULL"," Email <---> Revenue ","1507365","Rite Way Ornamental Iron","7770 NW 22nd Ave","Miami","FL","33147","Miami Dade","","3057540242","3058360424","Fidel Garcia","Owner","Mal","47115000","45","505106","Steel-Distri","5","0","1"
"420537","Epicus Communications Group","Gerard@epicus.com","1750 Osceola Dr","5616881533","5616880440","481304","Telephone Companies","NULL"," Email <---> Revenue ","1777326","Epicus Communications Group","1750 Osceola Dr","West Palm Beach","FL","33409","Palm Beach","","5616880440","5616881533","Gerard Haryman","CEO","Mal","25191000","55","481304","Telephone Co","5","0","1"
"256221","Relm Wireless Corp","gfloyd@relm.com","7100 Technology Dr","3219847904","3219841414","366302","Communication Equipment-Manufacturers","NULL"," Email <---> Revenue ","569438","RELM WIRELESS CORP","7100 TECHNOLOGY DR","MELBOURNE","FL","32904","Brevard","","3219841414","","DAVID P STOREY","Chief Executive Office","M","28500000","183","366300","Radio & Tv C","5","0","1"
"569608","Arr-Maz Custom Chemicals Inc","ghale@arr-maz.com","621 Snively Ave","8632989800","8632937884","281998","Industrial Inorganic Chmcls Nec (Mfrs)","NULL"," Email <---> Revenue ","829087","Arr-Maz Custom Chemicals Inc","621 Snively Ave","Eloise","FL","33880","Polk","www.am-cc.com","8632937884","8632989800","Glen Varnadoe","President","Mal","37800000","120","281998","Industrial I","5","0","1"
"288982","Book Rack","Glynn_Betsy@bookrack-franchise.com","3818 S Clyde Morris Blvd","NULL","3867567816","593201","Book Dealers-Used & Rare","NULL"," Email <---> Revenue ","105811","BOOK RACK","3818 S CLYDE MORRIS BLVD","PORT ORANGE","FL","32129","Volusia","","3867567816","","BETSY GLYNN","Owner","F","37500000","750","594200","Book Stores","5","0","1"
"350513","GE Interlogix Inc","gordon.cunningham@ge-interlogix.com","791 Park Of Commerce Blvd #100","5619946572","5619986100","367901","Electronic Equipment & Supplies-Mfrs","NULL"," Email <---> Revenue ","1129580","GE Interlogix Inc","791 Park Of Commerce Blvd #100","Boca Raton","FL","33487","Palm Beach","www.geinterlogix.com","5619986100","5619946572","Steve Walin","President","Mal","44800000","200","367901","Electronic E","5","0","1"
"602631","Conley Rv Ctr","gpetzoldt@conleyrv.com","800 Cortez Rd W","9417562247","9417562247","556103","Recreational Vehicles","www.conleyrv.com"," Email <---> Revenue ","172341","CONLEY RV CTR","800 CORTEZ RD W","BRADENTON","FL","34207","Manatee","","9417562247","","JEFF CONLEY","Owner","M","25200000","90","556100","Recreational","5","0","1"
"568942","Convergent Label Technology","GrahamL@convergentlabeltech.com","618 S Ware Blvd","8136201206","8136284054","267201","Labels-Paper (Manufacturers)","NULL"," Email <---> Revenue ","174548","CONVERGENT LABEL TECHNOLOGY","616 S WARE BLVD","TAMPA","FL","33619","Hillsborough","","8136218128","","GRAHAM LLOYD","President","M","30600000","1132","508400","Indus Mchy &","5","0","1"
"133900","Groundworks Of Palm Beach","G_N@datepalm.net","8140 93rd Ln S","5617381964","5617384880","509901","Exporters","NULL"," Email <---> Revenue ","1160079","Groundworks Of Palm Beach","8140 93rd Ln S","Boynton Beach","FL","33437","Palm Beach","www.datepalm.net","5617384880","5617381964","George Nottingham","Owner","Mal","42480000","45","509901","Exporters","5","0","1"
"515836","Ranger Construction South","Hazen@PAVEX.COM","2501 NW 48th St","9544299637","9544288712","161106","Asphalt & Asphalt Products","NULL"," Email <---> Revenue ","1488321","Ranger Construction South","2501 NW 48th St","Coconut Creek","FL","33073","Broward","www.pavex.com","9544288712","9544299637","Hazen Hinds","President","Mal","35250000","150","161106","Asphalt & As","5","0","1"
"313750","PAR International","Henderson@parinternational.com","2385 Aerial Way","3527990200","3527991880","509908","Manufacturers-Agents & Representatives","NULL"," Email <---> Revenue ","1418666","PAR International","2385 Aerial Way","Brooksville","FL","34604","Hernando","www.parworldwide.com","3527991880","3527990200","Jerry Henderson","Owner","Mal","28320000","30","509908","Manufacturer","5","0","1"
"270993","M Tron/Pti","Horton@piezotech.com","2525 Shader Rd","4072932979","4072982000","367901","Electronic Equipment & Supplies-Mfrs","NULL"," Email <---> Revenue ","1317691","M Tron/Pti","2525 Shader Rd","Orlando","FL","32804","Orange","www.piezotech.com","4072982000","4072932979","William Horton","CEO","Mal","39200000","175","367901","Electronic E","5","0","1"
"407484","Sonitrol Security Systems","info1@sonitrol1.com","4209 Vineland Rd # J7","4078414448","4074259031","506304","Security Control Equip & Systems-Whol","www.sonitrol1.com"," Email <---> Revenue ","1571383","Sonitrol Security Systems","4209 Vineland Rd # J7","Orlando","FL","32811","Orange","www.sonitrol1.com","4074259031","4078414448","Bill Ford","Manager","Mal","26320000","40","506304","Security Con","5","0","1"
"506325","Casmin Inc","inquiry@casmin.com","32506 County Road 473","3523430926","3523430680","176108","Roof Structures","www.casmin.com"," Email <---> Revenue ","135435","CASMIN INC","32506 COUNTY ROAD 473","LEESBURG","FL","34788","Lake","","3523430680","3523430926","MARK CASP","President","M","38500000","220","176103","Roof Repair","5","0","1"
"334663","American Torch Tip Co","intl@attcusa.com","6212 29th St E","9417536917","9417537557","509905","Importers","www.attcusa.com"," Email <---> Revenue ","48536","AMERICAN TORCH TIP CO","6212 29TH ST E","BRADENTON","FL","34203","Manatee","","9417537557","","JACK WALTERS III","Chief Executive Office","M","32600000","150","509906","Importers","5","0","1"
"62120","Aqua Air Mfg","J-Nall@aquaair.com","1050 E 9th St","3058838549","3058848363","508811","Marine Equipment & Supplies-Wholesale","NULL"," Email <---> Revenue ","824189","Aqua Air Mfg","1050 E 9th St","Hialeah","FL","33010","Miami Dade","www.aquaair.com","3058848363","3058838549","James D Nall","Owner","Mal","37750000","50","508811","Marine Equip","5","0","1"
"498581","Tampa Bay Ship Building","J.Hartley@tampabayship.com","1130 Mcclosky Blvd","8132489806","8132412165","373101","Ship Builders & Repairers","NULL"," Email <---> Revenue ","663645","TAMPA BAY SHIP BUILDING","1130 MCCLOSKY BLVD","TAMPA","FL","33605","Hillsborough","","8132412165","","ELGIN HELTON","President","M","48300000","700","373100","Ship Bld, Re","5","0","1"
"601622","Sellerskuykendall","Jack@kuykendall.com","1560 Orange Ave","4076296378","4078945431","635103","Insurance-Bonds","NULL"," Email <---> Revenue ","1864111","Sellerskuykendall","1560 Orange Ave","Winter Park","FL","32789","Orange","","4078945431","4076296378","Jack Kuykendall","Owner","Mal","39840000","60","635103","Insurance-Bo","5","0","1"
"559098","Florida Spine Institute","Jack@spinepain.com","1280 Cleveland St","7274655192","7274655100","874213","Marketing Programs & Services","NULL"," Email <---> Revenue ","273181","FLORIDA SPINE INSTITUTE","1280 CLEVELAND ST","CLEARWATER","FL","33755","Pinellas","","7274655100","","JACK R MCCURDY JR","Chief Executive Office","M","27500000","110","874203","Mrkting Cons","5","0","1"
"256722","Transit Plus","Jackral.Debra@transitplus.net","58 W 9th St","9042410507","9042416004","501209","Buses-New & Used (Wholesale)","NULL"," Email <---> Revenue ","1650602","Transit Plus","58 W 9th St","Atlantic Beach","FL","32233","Duval","www.transitplus.net","9042416004","9042410507","Debra Jackral","Owner","Fem","44400000","12","501209","Buses-New & ","5","0","1"
"63509","Honey Baked Ham","Jack_Hensley@honeybaked.com","2605 Tamiami Trl","NULL","9416253626","542107","Meat-Retail","NULL"," Email <---> Revenue ","336142","HONEY BAKED HAM","2605 TAMIAMI TRL","PT CHARLOTTE","FL","33952","Charlotte","","9416253626","","JACK HENSLEY","Owner","M","48000000","4208","542103","Meat Mkts In","5","0","1"
"216703","All American Ford","jayg@allamericanford.us","243 N Magnolia Dr","8506711964","8508771171","551103","Automobile Dealers-Used Cars","www.tallahasseeford.com"," Email <---> Revenue ","34638","ALL AMERICAN FORD","243 N MAGNOLIA DR","TALLAHASSEE","FL","32301","Leon","","8508771171","","JOEY ACCARDI","President","M","40400000","100","551100","New & Used C","5","0","1"
"407283","Fi-Foil Co Inc","jbueher@fifoil.com","612 W Bridgers Ave","8639670137","8639651846","509905","Importers","www.fifoil.com"," Email <---> Revenue ","1095291","Fi-Foil Co Inc","PO Box 800","Auburndale","FL","33823","Polk","www.fifoil.com","8639651846","8639670137","Robert Swanson","Owner","Mal","28320000","30","509905","Importers","5","0","1"
"509058","Mastertaste Natural Products","Jennifer@crystalsinternational.net","1111 Dr Martin L King Jr Blvd","8137576448","8137542691","203801","Frozen Food Processors","NULL"," Email <---> Revenue ","1338538","Mastertaste Natural Products","1111 Dr Martin L King Jr Blvd","Plant City","FL","33563","Hillsborough","www.crystalsinternational.net","8137542691","8137576448","Jennifer Closshey","Owner","Fem","26315000","95","203801","Frozen Food ","5","0","1"
"74223","East Coast Fruit Co","Jerry.Portnoy@weyandeast.com","3335 Edgewood Ave N","9047919274","9043557591","514801","Fruits & Vegetables-Wholesale","NULL"," Email <---> Revenue ","1056130","East Coast Fruit Co","3335 Edgewood Ave N","Jacksonville","FL","32254","Duval","www.weyandeast.com","9043557591","9047919274","Jerry Portnoy","Owner","Mal","49590000","90","514801","Fruits & Veg","5","0","1"
"319344","Inter-Tel Technologies Inc","jim_davis@inter-tel.com","8010 Woodland Ctr Blvd # 1200","8138802915","8138841010","599904","Telephone Equipment & Supplies","NULL"," Email <---> Revenue ","351442","INTER-TEL TECHNOLOGIES INC","8010 WODLND CNTR BLVD STE 1200","TAMPA","FL","33614","Hillsborough","","8138841010","","BRYAN MERRELL","Manager","M","37400000","2622","599906","Telephone,Co","5","0","1"
"310587","Twc Services","JO@twcservices.com","PO Box 532118","4078987103","4078982222","504604","Restaurant Equipment & Supplies (Whol)","NULL"," Email <---> Revenue ","1659784","Twc Services","PO Box 532118","Orlando","FL","32853","Seminole","www.twcservices.com","4078982222","4078987103","James Okley","President","Mal","39800000","100","504604","Restaurant E","5","0","1"
"177331","Hammock Creek Maintenance","jodi@hammockcreek.com","4900 SW Berry Ave","7722202119","7722202119","154227","Maintenance Contractors","www.hammockcreek.com"," Email <---> Revenue ","1171483","Hammock Creek Maintenance","4900 SW Berry Ave","Palm City","FL","34990","Martin","www.hammockcreek.com","7722202119","","","","","35040000","80","154227","Maintenance ","5","0","1"
"62649","Certified Security Systems","Joe@certified-security.com","9456 Philips Hwy # 7","NULL","9048251144","506304","Security Control Equip & Systems-Whol","NULL"," Email <---> Revenue ","940504","Certified Security Systems","9456 Philips Hwy # 7","Jacksonville","FL","32256","Duval","www.certifiedsecuritysystems.com","9048251144","","Joe Hassan","Owner","Mal","39480000","60","506304","Security Con","5","0","1"
"545456","National Partitions","john.henry@n-p.com","340 West 78Th Road","3053625688","305-822-3721","1531","Operative Builders (residential operative builders)","NULL"," Email <---> Revenue ","1384033","National Partitions","PO Box 4368","Hialeah","FL","33014","Miami Dade","www.nationalpartitions.com","3058223721","3053625688","Anthony D'Andrea","CEO","Mal","37107000","217","245202","Buildings-Pr","5","0","1"
"362082","Citrus Hills Marketing","john.pastor@citrushills.com","2450 N Forest Ridge Blvd","3527469895","3527461468","874213","Marketing Programs & Services","NULL"," Email <---> Revenue ","957930","Citrus Hills Marketing","2450 N Forest Ridge Blvd","Hernando","FL","34442","Citrus","www.citrushills.com","3527461468","3527469895","Steven Tamposi","President","Mal","34000000","200","874213","Marketing Pr","5","0","1"
"247017","Transcontinental Title","JohnI@tctitle.com","4033 Tampa Rd","NULL","8138544785","654102","Title Companies","NULL"," Email <---> Revenue ","1650440","Transcontinental Title","4033 Tampa Rd","Oldsmar","FL","34677","Pinellas","","8138544785","","John Innes","Owner","Mal","29100000","300","654102","Title Compan","5","0","1"
"497997","Waste Pro","JohnJ@recyclinginc.com","2101 W State Road 434 # 315","4078698884","4078698800","509305","Waste Rdctn Dspsl/Recycle Svc-Ind (Whol)","NULL"," Email <---> Revenue ","1692391","Waste Pro","2101 W State Road 434 # 315","Longwood","FL","32779","Seminole","","4078698800","4078698884","John Jennings","President","Mal","26340000","60","509305","Waste Rdctn ","5","0","1"
"529021","Maudlin International Trucks","JohnM@maudlininternational.com","2300 S Division Ave","4074230235","4078496440","551105","Truck-Dealers","NULL"," Email <---> Revenue ","443736","MAUDLIN INTERNATIONAL TRUCKS","2300 S DIVISION AVE","ORLANDO","FL","32805","Orange","","4078496440","","JOHN MAUDLIN","Owner","M","40400000","100","551101","Truck Dealer","5","0","1"
"133069","Hialeah Dying & Finishing","JorgeC@arcaknitting.com","2175 E 11th Ave","3056936055","3058360155","226101","Textile Finishing (Manufacturers)","NULL"," Email <---> Revenue ","1185969","Hialeah Dying & Finishing","2175 E 11th Ave","Hialeah","FL","33013","Miami Dade","www.arcaknitting.com","3058360155","3056936055","Jorge Canals","President","Mal","36600000","200","226101","Textile Fini","5","0","1"
"144651","Pullman-Holt Corp","kweber@pullmanholtcorp.com","PO Box 16647","8139716090","8139712223","358998","Service Industry Machinery Nec (Mfrs)","NULL"," Email <---> Revenue ","1850391","Pullman-Holt Corp","PO Box 16647","Tampa","FL","33687","Hillsborough","","8139712223","8139716090","Thomas Halluska","CEO","Mal","44800000","200","358998","Service Indu","5","0","1"
"354152","Kegel","Larry@kegel.net","1951 Longleaf Blvd","8637340204","8637340200","399903","Manufacturers","NULL"," Email <---> Revenue ","1263631","Kegel","1951 Longleaf Blvd","Lake Wales","FL","33859","Polk","www.kegel.net","8637340200","8637340204","Larry Klemme","President","Mal","26200000","200","399903","Manufacturer","5","0","1"
"342762","Regal","Lauren@regaldecision.com","1731 Old Okeechobee Rd","5615865199","5616843599","504604","Restaurant Equipment & Supplies (Whol)","NULL"," Email <---> Revenue ","1854405","Regal","1731 Old Okeechobee Rd","West Palm Beach","FL","33409","Palm Beach","","5616843599","5615865199","Lauren Rodberg","Owner","Fem","29850000","75","504604","Restaurant E","5","0","1"
"464751","Cherry Lake Farms","leila@cherrylake.com","7836 Cherry Lake Rd","3524292171","3524295997","019101","FARMS","CHERRYLAKE.COM"," Email <---> Revenue ","147248","CHERRY LAKE TREE FARM","7836 CHERRY LAKE RD","GROVELAND","FL","34736","Lake","","3524292171","","MICHEL SALLIN","President","M","26000000","260","519302","Flowers,Nurs","5","0","1"
"600466","Columbia Analytical Svc","lfulks@simi.caslab.com","8540 Baycenter Rd","3606361068","9047392277","873414","Laboratories-Analytical","www.caslab.com"," Email <---> Revenue ","166685","COLUMBIA ANALYTICAL SVC","8540 BAYCENTER RD","JACKSONVILLE","FL","32256","Duval","","9047392277","","GREG JORDAN","Manager","M","40000000","492","873401","Analytical L","5","0","1"
"280183","Rocky Mountain Chocolate","Lisa.Mester@rmcfbreck.com","869 N Alafaya Trl","NULL","4073828692","544101","Candy & Confectionery-Retail","NULL"," Email <---> Revenue ","581712","ROCKY MOUNTAIN CHOCOLATE","869 N ALAFAYA TRL","ORLANDO","FL","32828","Orange","","4073828692","","LISA MESTER","President","F","28000000","1986","544100","Candy, Nut, ","5","0","1"
"605228","Co-Op Fuels & Lubricants","LKevin@fuelsmith.com","4911 8th Ave S","7273235772","7273213421","517210","Gasoline & Oil-Wholesale","NULL"," Email <---> Revenue ","965491","Co-Op Fuels & Lubricants","4911 8th Ave S","Gulfport","FL","33707","Pinellas","www.fuelsmith.com","7273213421","7273235772","Kevin Luter","Owner","Mal","26832000","8","517210","Gasoline & O","5","0","1"
"253162","Gencor Industries Inc","lorrel@gencor.com","5201 N Orange Blossom Trl","4075780577","4072906000","353101","Machinery-Manufacturers","NULL"," Email <---> Revenue ","291558","GENCOR INDUSTRIES INC","5201 N ORANGE BLOSSOM TRL","ORLANDO","FL","32810","Orange","","4072906000","","E J ELLIOTT","Chief Executive Office","M","31300000","550","353100","Construction","5","0","1"
"125593","Century Everglades Lumber","Luis_Mendoza@evergladeslumber.com","6991 SW 8th St","3052618972","3052611155","349903","Metal Goods-Manufacturers","NULL"," Email <---> Revenue ","939712","Century Everglades Lumber","6991 SW 8th St","Miami","FL","33144","Miami Dade","www.evergladeslumber.com","3052611155","3052618972","Luis Mendoza","CEO","Mal","30000000","100","349903","Metal Goods-","5","0","1"
"538360","Adonel Concrete Pumping","L_G@adonelconcrete.com","2101 NW 110th Ave","3055992826","3056690611","521128","Concrete-Ready Mixed","NULL"," Email <---> Revenue ","777718","Adonel Concrete Pumping","2101 NW 110th Ave","Miami","FL","33172","Miami Dade","www.adonelconcrete.com","3056690611","3055992826","Luis Garcia","President","Mal","25800000","100","521128","Concrete-Rea","5","0","1"
"239133","Ambassador Services","M-Randy@ambassadorservices.net","245 Challenger Rd","3217992067","3217844646","472904","Steamship Agencies","NULL"," Email <---> Revenue ","805469","Ambassador Services","245 Challenger Rd","Cape Canaveral","FL","32920","Brevard","","3217844646","3217992067","Randy May","Owner","Mal","31320000","120","472904","Steamship Ag","5","0","1"
"507482","Globecast America Inc","marisol.messir@globecastbtv.com","7291 NW 74th St","3053414420","3058877912","792205","Television Program Producers","NULL"," Email <---> Revenue ","1146733","Globecast America Inc","7291 NW 74th St","Medley","FL","33166","Miami Dade","www.globecastbtv.com","3058877912","3053414420","David Sprechman","CEO","Mal","35250000","250","792205","Television P","5","0","1"
"34931","SMI Joist","Mark.Ripke@commercialmetals.com","PO Box 310","9049642995","904-964-4851","3441","Fabricated Structural Metal","NULL"," Email <---> Revenue ","1528544","SMI Joist","PO Box 310","Starke","FL","32091","Bradford","","9049644851","9049642995","Peter Booth","Plant Mgr","Mal","38325000","175","344104","Steel Joist ","5","0","1"
"440266","Carpenter Contractors Of Amer","mary.emonds@rdthiel.com","3900 Avenue G NW","8632942488","8632946449","2439","Structural Wood Members","NEC (except trusses)"," Email <---> Revenue ","132966","CARPENTER CONTRACTORS OF AMER","3900 AVENUE G NW","WINTER HAVEN","FL","33880","Polk","","8632946449","","DON THIEL","Partner","M","26400000","300","243900","Structural W","5","0","1"
"383614","Fine Art Lamps","Max-Blumberg@fineartlamps.com","5770 Miami Lakes Dr E","3058218114","3058213850","364504","Lighting Fixtures-Manufacturers","NULL"," Email <---> Revenue ","259610","FINE ART LAMPS","5770 MIAMI LAKES DR E","HIALEAH","FL","33014","Miami-Dade","","3058213850","","MAX BLUMBERG","Chief Executive Office","M","30400000","400","364500","Residential ","5","0","1"
"299020","Absolute Storage Products","mcummings@absolutestorageproducts.com","PO Box 621447","4078593058","4078551062","353701","Loading Dock Equipment-Manufacturers","NULL"," Email <---> Revenue ","770375","Absolute Storage Products","PO Box 621447","Orlando","FL","32862","Orange","","4078551062","4078593058","Brian Reece","Owner","Mal","29085000","105","353701","Loading Dock","5","0","1"
"302875","Volvo Rents","melbourne@volvorents-cer.com","7616 Narcoossee Rd","4074824003","4073848200","735910","Rental Service-Stores & Yards","www.volvorents-cer.com"," Email <---> Revenue ","714119","VOLVO RENTS","7616 NARCOOSSEE RD","ORLANDO","FL","32822","Orange","","4073848200","","GARY TRIPP","Manager","M","28400000","2910","735901","Rental Ser-S","5","0","1"
"554455","Metal Tech Inc","mike.funk@badgermetal.com","7635 W 2nd Ct","3058267979","3058232323","335501","Aluminum Fabricators","NULL"," Email <---> Revenue ","1351836","Metal Tech Inc","7635 W 2nd Ct","Hialeah","FL","33014","Miami Dade","www.metaltech.com","3058232323","3058267979","Steve Buzzella","President","Mal","44520000","70","335501","Aluminum Fab","5","0","1"
"109453","Advanced Cable Communications","mikemilo@advancedcable.net","12409 NW 35th St","9547539866","9543447100","484101","Television-Cable & Catv","www.accvideo.com"," Email <---> Revenue ","779264","Advanced Cable Communications","12409 NW 35th St","Coral Springs","FL","33065","Broward","www.accvideo.com","9543447100","9547539866","Jim Pagano","Manager","Mal","33900000","100","484101","Television-C","5","0","1"
"533677","Barbecue Superstore","MJ@bbqsuperstore.com","3800 NW 59th St","3056337150","3056354427","514909","Condiments & Sauces (Wholesale)","NULL"," Email <---> Revenue ","854668","Barbecue Superstore","3800 NW 59th St","Miami","FL","33142","Miami Dade","www.bbqsuperstore.com","3056354427","3056337150","Jeffery Miller","Owner","Mal","25320000","30","514909","Condiments &","5","0","1"
"114426","Global Travel International","mmchale@gtiweb.com","2300 Maitland Center Parkway 140","4076607800","4078750711","4724","Travel agents","GLOBALTRAVELSUCKS.COM;PASSENGERIGHTS.COM"," Email <---> Revenue ","297818","GLOBAL TRAVEL INTL INC","2600 LAKE LUCIEN DR STE 201","MAITLAND","FL","32751","Orange","","4076607800","","RANDALL WARREN","Chief Executive Office","M","41200000","130","472400","Travel Agenc","5","0","1"
"441077","Ermco Electric","MS@ermco.com","PO Box 22164","4079348085","4079348084","173101","Electric Contractors","NULL"," Email <---> Revenue ","1075996","Ermco Electric","PO Box 22164","Lake Buena Vista","FL","32830","Orange","www.ermcoofflorida.com","4079348084","4079348085","Scott Maddox","President","Mal","33924000","257","173101","Electric Con","5","2","1"
"534591","SES Co Lighting","msegal@sescoltg.com","737 Shotgun Rd","9544749773","9544749888","509908","Manufacturers-Agents & Representatives","NULL"," Email <---> Revenue ","1528211","SES Co Lighting","737 Shotgun Rd","Sunrise","FL","33326","Broward","www.sescoltg.com","9544749888","9544749773","Mike Segal","Owner","Mal","28320000","30","509908","Manufacturer","5","0","1"
"564443","Tampa Farm Svc","M_B@4-grain.com","14425 Haynes Rd","8136590197","8136590605","514403","Eggs (Wholesale)","NULL"," Email <---> Revenue ","1625919","Tampa Farm Svc","14425 Haynes Rd","Dover","FL","33527","Hillsborough","www.4-grain.com","8136590605","8136590197","Michael H Bynum","President","Mal","26000000","120","514403","Eggs (Wholes","5","0","1"
"291186","Bomar Industries Inc","Nimi.Natan@bomartrim.com","2201 4th Ave N","5616424253","5616426633","154102","Designers-Industrial","NULL"," Email <---> Revenue ","888072","Bomar Industries Inc","2201 4th Ave N","Lake Worth","FL","33461","Palm Beach","www.bomartrim.com","5616426633","5616424253","Nimi Natan","CEO","Mal","43470000","138","154102","Designers-In","5","0","1"
"377805","Ace Tool Co","nukelab@speerio.net","7337 Bryan Dairy Rd","2166355502","7275444331","507213","Tools (Wholesale)","www.nestorsales.com"," Email <---> Revenue ","19422","ACE TOOL CO","7337 BRYAN DAIRY RD","SEMINOLE","FL","33777","Pinellas","","7275444331","","MICHAEL HULING","Chief Executive Office","M","31000000","200","507202","Hand Tools","5","0","1"
"172735","Opici Wines","opicid@opici.com","PO Box 530275","5618423163","5618423113","518203","Wines-Wholesale","NULL"," Email <---> Revenue ","501565","OPICI WINES","PO BOX 530275","WEST PALM BEACH","FL","33403","Palm Beach","","5618423113","","HUBERT OPICI","President","M","26400000","269","518200","Wine, Distil","5","0","1"
"203043","Pro Source","Quinlivan@prosourceinc.com","5095 Industry Dr","3212541408","3212541488","571305","Carpet & Rug Dealers-New","NULL"," Email <---> Revenue ","546891","PRO SOURCE","5095 INDUSTRY DR","MELBOURNE","FL","32940","Brevard","","3212541488","","KIM QUINLIVAN","Owner","F","26000000","10950","175200","Floor Laying","5","0","1"
"447451","Potamkin Rivera Dodge","R-Aurelio@potamkindodge.com","1995 W 49th St","3058212533","3058938000","551103","Automobile Dealers-Used Cars","NULL"," Email <---> Revenue ","1457478","Potamkin Rivera Dodge","1995 W 49th St","Hialeah","FL","33012","Miami Dade","www.potamkindodgenorth.com","3058938000","3058212533","Aurelio Rivera","Owner","Mal","25880000","40","551103","Automobile D","5","1","1"
"469073","Jones Edmunds Assoc","R.Jones@jonesedmunds.com","730 NE Waldo Rd # A","3523773166","3523775821","871111","Engineers-Consulting","NULL"," Email <---> Revenue ","1250514","Jones Edmunds Assoc","730 NE Waldo Rd # A","Gainesville","FL","32641","Alachua","www.jonesedmunds.com","3523775821","3523773166","Richard H Jones","President","Mal","25280000","160","871111","Engineers-Co","5","0","1"
"413666","Orange Blossom Groves","Repetto@orangeblossomgroves.com","5800 Seminole Blvd","7273918254","7273921277","594732","Fruit Baskets-Gift","NULL"," Email <---> Revenue ","1411462","Orange Blossom Groves","5800 Seminole Blvd","Seminole","FL","33772","Pinellas","www.orangeblossomgroves.com","7273921277","7273918254","Allison Repetto","Owner","Fem","27300000","300","594732","Fruit Basket","5","0","1"
"354472","Tetronics","Richard-Fogerty@tetronics.com","8110 Anderson Rd # 100","8138827599","8138842500","737801","Computers-Service & Repair","NULL"," Email <---> Revenue ","1880861","Tetronics","8110 Anderson Rd # 100","Tampa","FL","33634","Hillsborough","","8138842500","8138827599","Richard Fogerty","President","Mal","32600000","200","737801","Computers-Se","5","0","1"
"425793","NOVO 1","RichardSarlo@novo1.com","28051 Us Highway 19 N","7277975052","7277267224","738912","Telemarketing Services","NULL"," Email <---> Revenue ","492130","NOVO 1","28051 US HIGHWAY 19 N","CLEARWATER","FL","33761","Pinellas","","7277267224","","RICHARD SARLO","President","M","31500000","140","738900","Business Svs","5","0","1"
"492758","Prime Marketing Group","rlang@truframe.com","10597 Oak St NE","7275761143","","999977","Nonclassified Establishments","www.rollaway.com"," Email <---> Revenue ","704658","VALCO ENTERPRISES LTD","10597 OAK ST NE","ST PETERSBURG","FL","33716","Pinellas","","7275761143","","JOHN COFFILL","Owner","M","43400000","200","509907","Exporters","5","0","1"
"262356","Sabine Inc","Rob.Rothschild@sabineinc.com","13301 Martin Luther King Hwy","3864182001","3864182000","506335","Electronic-Mfrs Representatives (Whol)","NULL"," Email <---> Revenue ","1529420","Sabine Inc","13301 Martin Luther King Hwy","Alachua","FL","32615","Alachua","www.sabine.com","3864182000","3864182001","Doran Oster","CEO","Mal","46060000","70","506335","Electronic-M","5","0","1"
"340350","BBC Intl","Robert@bbcinternational.com","1515 N Federal Hwy # 206","NULL","5614177474","509905","Importers","NULL"," Email <---> Revenue ","847222","BBC Intl","1515 N Federal Hwy # 206","Boca Raton","FL","33432","Palm Beach","","5614177474","","Robert Campbell","Owner","Mal","37760000","40","509905","Importers","5","0","1"
"403426","Jair Distributors Corp","roberto@jair.com","9880 NW 25th St","3055947353","3055947361","509901","Exporters","NULL"," Email <---> Revenue ","1231969","Jair Distributors Corp","9880 NW 25th St","Doral","FL","33172","Miami Dade","www.jair.com","3055947361","3055947353","Roberto Lang","Owner","Mal","29264000","31","509901","Exporters","5","0","1"
"476160","Florida Auto Corp Of Pinellas","Roberts@floridaautocorp.com","12200 66th St","NULL","7275351555","501205","Automobile Dealers-Used Cars-Wholesale","NULL"," Email <---> Revenue ","1107370","Florida Auto Corp Of Pinellas","12200 66th St","Largo","FL","33773","Pinellas","www.floridaautocorp.com","7275351555","","Polly Roberts","Owner","Fem","25900000","7","501205","Automobile D","5","0","1"
"282266","Maxi Vision","RodneyH@slacktide.com","40146 Us Highway 19 N","NULL","7279430702","512205","Vitamins & Food Supplements-Wholesale","NULL"," Email <---> Revenue ","1826391","Maxi Vision","40146 Us Highway 19 N","Tarpon Springs","FL","34689","Pinellas","www.slacktide.com","7279430702","","Rodney Horton","Owner","Mal","27860000","20","512205","Vitamins & F","5","0","1"
"186790","Electric Machinery Enterprises; Inc","sbruce@e-m-e.com","2515 E. Hanna Avenue","8132385010","8132388490","4931","Electric services","E-M-E.COM"," Email <---> Revenue ","227695","EARTH FIRST TECHNOLOGIES INC","2515 E HANNA AVE","TAMPA","FL","33610","Hillsborough","","8132385010","","JOHN D STANTON","Chief Executive Office","M","41700000","616","738900","Business Svs","5","0","1"
"393141","High Seas Technology","scot.coller@highseastechnology.com","2965 West State Road 84","9547183208","954-584-6000","3624","Carbon and Graphite Products","NULL"," Email <---> Revenue ","329484","HIGH SEAS TECHNOLOGY","2965 W STATE ROAD 84","FT LAUDERDALE","FL","33312","Broward","","9545846000","","SCOT COLLER","Chief Executive Office","M","39000000","130","555100","Boat Dealers","5","0","1"
"412235","Hilliard Groves","Sherwood@hilliardgroves.com","2650 S Kings Hwy","7724661673","7724615791","514801","Fruits & Vegetables-Wholesale","NULL"," Email <---> Revenue ","1188313","Hilliard Groves","2650 S Kings Hwy","Fort Pierce","FL","34945","St Lucie","www.hilliardgroves.com","7724615791","7724661673","Sherwood Johnson","Owner","Mal","27550000","50","514801","Fruits & Veg","5","0","1"
"455927","Atlantic Dry Dock Corp","shipdocks@monaco377.com","8500 Heckscher Dr","2516907200","9042511545","373101","Ship Builders & Repairers","www.atlanticmarine.com"," Email <---> Revenue ","835727","Atlantic Dry Dock Corp","8500 Heckscher Dr","Jacksonville","FL","32226","Duval","www.atlanticmarine.com","9042511545","9042513500","George W Gibbs Iii","CEO","Mal","46200000","2000","373101","Ship Builder","5","0","1"
"370163","Nicholas Financial Inc","skrause@nicfn.com","2454 McMullen Booth Road; Building C","7277260763","7277262140","628205","Financial Planning Consultants","http://www.nicholasfinancial.com"," Email <---> Revenue ","486876","NICHOLAS DATA SERVICES","2454 N MCMULLEN BOOTH RD","CLEARWATER","FL","33759","Pinellas","","7277260763","","PETER L VOSOTAS","Chief Executive Office","M","42600000","219","737200","Prepackaged ","5","0","1"
"507996","Universal Sign","Sorah@universalsign.com","5818 W Linebaugh Ave","8139626292","8139626200","399398","Signs & Advertising Specialties (Mfrs)","NULL"," Email <---> Revenue ","699355","UNIVERSAL SIGN","5818 W LINEBAUGH AVE","TAMPA","FL","33624","Hillsborough","","8139626200","","KEN SORAH","Owner","M","28200000","130","509900","Durable Good","5","0","1"
"37053","Carpet One Design Center","starkcarpetone@shawus.com","907 Clubhouse Blvd","3864473611","3866721105","571305","Carpet & Rug Dealers","null"," Email <---> Revenue ","133199","CARPET ONE DESIGN CTR","1050 PALM COAST PKWY","PALM COAST","FL","32137","Flagler","","3864473611","","EARL SPENCER","Manager","M","26000000","10950","571301","Carpets","5","0","1"
"253605","Payne Air Conditioning & Htg","Stephen@payneair.com","1048 E Oleander St","8636866161","8636866163","358506","Refrigeration Equipment-Truck (Mfrs)","NULL"," Email <---> Revenue ","1435020","Payne Air Conditioning & Htg","1048 E Oleander St","Lakeland","FL","33801","Polk","www.payneair.com","8636866163","8636866161","Stephen Walker","President","Mal","28404000","108","358506","Refrigeratio","5","0","1"
"432956","Premier Electric","Steve@premierelectric.com","37 N Orange Ave","NULL","4079266604","173101","Electric Contractors","NULL"," Email <---> Revenue ","1460350","Premier Electric","37 N Orange Ave","Orlando","FL","32801","Orange","","4079266604","","Steve Lewis","Owner","Mal","26400000","200","173101","Electric Con","5","2","1"
"355085","Sports Section","Susie@sportssection.com","PO Box 6392","NULL","8509320627","733501","Photographers-Commercial","NULL"," Email <---> Revenue ","632338","SPORTS SECTION","1217 HARRISON AVE","GULF BREEZE","FL","32563","Santa Rosa","","8509320627","","SUSIE FREW","Owner","F","29600000","592","733500","Commercial P","5","0","1"
"472781","SAFE","TBryan@safeorlando.com","5863 W Beaver St","9046951988","9046954200","509903","Fire Extinguishers (Wholesale)","NULL"," Email <---> Revenue ","1527635","SAFE","5863 W Beaver St","Jacksonville","FL","32254","Duval","","9046954200","9046951988","Thomas A Bryan","Owner","Mal","28320000","30","509903","Fire Extingu","5","0","1"
"138757","Juice Plus","Terri@betterthanjuicing.com","7855 Gulf Blvd","NULL","8509369430","543104","Juices-Retail","NULL"," Email <---> Revenue ","380342","JUICE PLUS","PO BOX 5186","NAVARRE","FL","32566","Santa Rosa","","8509369430","","TERRI SAVOIE","President","F","35000000","609","543100","Fruit & Veg ","5","0","1"
"418413","Hallett Pontiac-GMC Truck","Thom@hallettpontiacgmc.com","13401 S Dixie Hwy","3052335792","3052384040","509901","Exporters","NULL"," Email <---> Revenue ","1170844","Hallett Pontiac-GMC Truck","13401 S Dixie Hwy","Miami","FL","33156","Miami Dade","www.hallettpontiacgmc.com","3052384040","3052335792","Thom Lehman","Owner","Mal","28000000","70","509901","Exporters","5","0","1"
"47050","Cone Distributing Inc","tj.delapena@mail.cone.com","500 NW 27th Ave","3526907555","3527324111","518101","Beer & Ale-Wholesale","NULL"," Email <---> Revenue ","172009","CONE DISTRIBUTING INC","500 NW 27TH AVE","OCALA","FL","34475","Marion","","3527324111","","DOUGLAS CONE JR","Chief Executive Office","M","26200000","186","518100","Whl Beer & A","5","0","1"
"269545","Velda Farms","tom.cook@veldafarms.com","402 S. Kentucky Ave","8636864441","null","019101","FARMS","FLAVORICH.COM"," Email <---> Revenue ","706576","VELDA FARMS","402 S KENTUCKY AVE STE 500","LAKELAND","FL","33801","Polk","","8636864441","","GLEN HERRINGTON","President","M","45000000","4907","019100","General Crop","5","0","1"
"501202","Palm Beach Aggregates","Tomeu@palmbeachag.com","PO Box 700","5617985380","5617956550","503211","Sand & Gravel (Wholesale)","NULL"," Email <---> Revenue ","509844","PALM BEACH AGGREGATES","20125 SOUTHERN BLVD","LOXAHATCHEE","FL","33470","Palm Beach","","5617956550","5617985380","ENRIQUE TOMEU","President","M","30000000","150","503200","Brick,Stone,","5","0","1"
"413801","Deltona Aluminum Co In","TomMueller@deltonaaluminum.com","946 Shadick Dr","3867740022","3865740201","505128","Aluminum (Wholesale)","NULL"," Email <---> Revenue ","1023137","Deltona Aluminum Co In","946 Shadick Dr","Orange City","FL","32763","Volusia","www.deltonaaluminum.com","3865740201","3867740022","Tom Mueller","Owner","Mal","31410000","30","505128","Aluminum (Wh","5","0","1"
"269766","Drawdy Brothers Construction","TroyDrawdy@drawdybrothers.com","2945 W Midway Rd","7724640360","7724648160","177105","Concrete Contractors","NULL"," Email <---> Revenue ","1046215","Drawdy Brothers Construction","2945 W Midway Rd","Fort Pierce","FL","34981","St Lucie","www.drawdybrothers.com","7724648160","7724640360","Troy Drawdy","President","Mal","38700000","300","177105","Concrete Con","5","0","1"
"548440","Danella Construction Co","tschilling@rr.dc.com","717 Industry Rd S","3216312169","3212420106","152144","Construction Companies","www.danella.com"," Email <---> Revenue ","1010168","Danella Construction Co","717 Industry Rd S","Cocoa","FL","32926","Brevard","www.danella.com","3216312169","3212420106","Joe Hemple","President","Mal","47200000","200","152144","Construction","5","0","1"
"516451","Carpenter Electric","VanceCarpenter@carpenter-electric.com","1333 53rd St","5616400402","5616400400","506304","Security Control Equip & Systems-Whol","NULL"," Email <---> Revenue ","1752093","Carpenter Electric","1333 53rd St","West Palm Beach","FL","33407","Palm Beach","www.carpenter-electric.com","5616400400","5616400402","Vance Carpenter","Owner","Mal","40796000","62","506304","Security Con","5","0","1"
