mail id,company,email,address,phone,fax,sic,sic description,web,,revenue id,company,address,city,state,zip,	metro,web,phone,fax,contact,position,gender,sales,# of employee,sic,sic_descrpiton,	,,
"464389","Moralmar Kitchen Cabinets","A-B@moralmar.com","3130 W 15 Ave","3055568917","5613697628","571236","Cabinets","NULL"," Email <---> Revenue ","1370564","Moralmar Kitchen Cabinets","3130 W 15 Ave","Boynton Beach","FL","33437","Palm Beach","","5613697628","3055568917","Andreas Baez","Owner","Mal","50000000","250","571236","Cabinets","6","0","1"
"333499","Swiss Watch Intl","A.Ben-Shmuel@swisswatchintl.com","101 S State Road 7 # 201","9549851828","9549853827","509401","Watches-Wholesale","NULL"," Email <---> Revenue ","1619003","Swiss Watch Intl","101 S State Road 7 # 201","Hollywood","FL","33023","Broward","www.swisswatchintl.com","9549853827","9549851828","Aliahu Ben-Shmuel","Owner","Mal","59360000","70","509401","Watches-Whol","6","0","1"
"166078","Todhunter International Inc","A.Pincourt@todhunter.com","PO Box 4057","5616559718","5616558977","208298","Malt Beverages (Manufacturers)","NULL"," Email <---> Revenue ","1882792","Todhunter International Inc","PO Box 4057","West Palm Beach","FL","33402","Palm Beach","www.todhunter.com","5616558977","5616559718","Jay S Maltby","CEO","Mal","96416000","415","208298","Malt Beverag","6","0","1"
"28645","International Petroleum","Akinwale@earthcareus.com","240 Park Ave","NULL","5618320726","291105","Petroleum Products-Manufacturers","NULL"," Email <---> Revenue ","1215862","International Petroleum","240 Park Ave","Palm Beach","FL","33480","Palm Beach","","5618320726","","Dayo Akinwale","Owner","Mal","62740000","20","291105","Petroleum Pr","6","0","1"
"171299","Moretrench Environmental Svc","Al-Schuman@moretrench.com","11001 Fern Hill Dr","8136724754","8137410256","356198","Pumps & Pumping Equipment (Mfrs)","NULL"," Email <---> Revenue ","1370800","Moretrench Environmental Svc","11001 Fern Hill Dr","Riverview","FL","33569","Hillsborough","www.moretrench.com","8137410256","8136724754","Al Schuman","President","Mal","64904000","266","356198","Pumps & Pump","6","0","1"
"215990","Habitat For Humanity","Archibald-Vernon@happyathomepetcare.com","1288 N Tamiami Trl","2396520386","2396520388","593222","Thrift Shops","NULL"," Email <---> Revenue ","314666","HABITAT FOR HUMANITY","1288 N TAMIAMI TRL","N FT MYERS","FL","33903","Lee","","2396520388","","VERNON ARCHIBALD","President","M","75000000","8590","593200","Used Merchan","6","0","1"
"575303","Armstrong Service Inc","azarski@armstrongservice.com","8545 Commodity Cir","4073703301","4073703399","507417","Steam Traps (Wholesale)","www.armstrongservice.com"," Email <---> Revenue ","61027","ARMSTRONG SERVICE INC","8615 COMMODITY CIR STE 17","ORLANDO","FL","32819","Orange","","4073703301","","DOUG BLOSS","President","M","63000000","900","507400","Plbg & Heati","6","0","1"
"293582","Central Maintenance & Welding","Barnum_Conrad@Cmw-inc.Com","PO Box 777","NULL","8132290012","344106","Steel-Structural (Manufacturers)","NULL"," Email <---> Revenue ","141028","CENTRAL MAINTENANCE & WELDING","2620 KEYSVILLE RD","LITHIA","FL","33547","Hillsborough","","8137371402","8137371820","CONRAD BARNUM","Owner","M","83100000","1001","344100","Fabricated S","6","0","1"
"301790","MSI Of Miami Corp","Bcolonomos@msimusic.com","14620 NW 60th Ave","3056207748","3056201401","509909","Records Tapes & Compact Discs-Wholesale","NULL"," Email <---> Revenue ","1319501","MSI Of Miami Corp","14620 NW 60th Ave","Hialeah","FL","33014","Miami Dade","www.msimusic.com","3056201401","3056207748","Ben Colonomos","Owner","Mal","75520000","80","509909","Records Tape","6","1","1"
"207876","Alico Inc","BenG@alicodesign.com","PO Box 338","8639835645","8639839334","029101","Ranches","NULL"," Email <---> Revenue ","34011","ALICO INC","PO BOX 338","LABELLE","FL","33975","Hendry","","8639839334","","JOHN ALEXANDER","Chief Executive Office","M","77400000","318","017400","Citrus Fruit","6","0","1"
"445685","Firmenich","Beverly-Bateman@firmenich.com","1585 10th St S","7277263252","7277251678","208798","Flavoring Extracts & Syrups Nec (Mfrs)","NULL"," Email <---> Revenue ","1098436","Firmenich","1585 10th St S","Safety Harbor","FL","34695","Pinellas","","7277251678","7277263252","Beverly Bateman","President","Fem","92000000","100","208798","Flavoring Ex","6","0","1"
"390371","Acterna","brett.price@acterna.com","2501 63rd Ave E","9417583800","9417566000","3823","Industrial Instruments for Measurement","Display"," Email <---> Revenue ","774605","Acterna","2501 63rd Ave E","Bradenton","FL","34203","Manatee","","9417566000","9417583800","","","","71175000","325","366998","Communicatio","6","0","1"
"541717","Eaton Corp","customer@eaton.com","2250 Whitfield Ave","8286845338","9417587726","381201","Aerospace Industries","www.eaton.com"," Email <---> Revenue ","1057769","Eaton Corp","2250 Whitfield Ave","Sarasota","FL","34243","Sarasota","www.eaton.com","9417587726","9417517158","Darryl Mayhorn","Manager","Mal","85428000","378","381201","Aerospace In","6","0","1"
"441839","JH Williams Oil Company","darlene.sanders@jhwoil.com","1237 Twiggs East","8132287776","8132249413","131103","Oil Companies","JHWOIL.COM"," Email <---> Revenue ","1805625","J H Williams Oil Co","PO Box 439","Tampa","FL","33601","Hillsborough","","8132287776","8132249413","J Hulon Williams Iii","Owner","Mal","55600000","45","598303","Oils-Petrole","6","0","1"
"535725","Cannon Design","dduff@cannondesign.com","One Independent Dr #3302","9043587771","9043587771","152106","Designers","http://www.cannondesign.com"," Email <---> Revenue ","127158","CANNON DESIGN","207 N LAURA ST # 3","JACKSONVILLE","FL","32202","Duval","","9043587771","","HOLLY KING","Vice-President","F","77700000","1099","871200","Architectura","6","0","1"
"580170","Barrington Realty","Deb@barringtonrealtyco.com","2345 Sand Lake Rd # 100","4072409506","4078598900","701111","Resorts","NULL"," Email <---> Revenue ","856441","Barrington Realty","2345 Sand Lake Rd # 100","Orlando","FL","32809","Orange","www.islandone.com","4078598900","4072409506","Deb Linden","Owner","Fem","60000000","800","701111","Resorts","6","1","1"
"318882","B G Shrimp Sales Co","dkouveras@sahlmanseafood.com","1601 Sahlman Dr","8132475787","8132484965","514601","Seafood-Wholesale","www.sahlmanseafood.com"," Email <---> Revenue ","1737427","B G Shrimp Sales Co","1601 Sahlman Dr","Tampa","FL","33605","Hillsborough","www.sahlmanseafood.com","8132484965","8132475787","","","","81500000","14","514601","Seafood-Whol","6","0","1"
"534772","Bacardi USA Inc","dwatson@bacardi.com","2100 Biscayne Blvd","3055730756","3055731235","518201","Liquors-Wholesale","NULL"," Email <---> Revenue ","75430","BACARDI USA INC","2100 BISCAYNE BLVD","MIAMI","FL","33137","Miami-Dade","","3055738511","","JOHN P ESPOSITO","Chief Executive Office","M","52800000","641","518202","Liquor","6","0","1"
"397463","Xentel Inc","ernesto@xentel.com","101 NE 3rd Ave # 203","9545245183","9545225200","839907","Fund Raising Counselors & Organizations","NULL"," Email <---> Revenue ","1714677","Xentel Inc","101 NE 3rd Ave # 203","Fort Lauderdale","FL","33301","Broward","www.xentel.com","9545225200","9545245183","Mike Platz","President","Mal","84125000","1800","839907","Fund Raising","6","0","1"
"251624","TAMIAMI AUTOMOTIVE GROUP","georgemas@tamiamiused.com","8250 SW 8TH ST","3052665500","3052673043","7549","Automotive services","tamiamiused.com"," Email <---> Revenue ","663248","TAMIAMI CHRYSLER & JEEP INC","8250 SW 8TH ST","MIAMI","FL","33144","Miami-Dade","","3052665500","","CARLOS PLANAS","Owner","M","80800000","200","551100","New & Used C","6","0","1"
"544232","Smoker Friendly","GhiloniP@smokerfriendly.com","7628 103rd St","NULL","9045736099","599301","Cigar Cigarette & Tobacco Dealers-Retail","NULL"," Email <---> Revenue ","620076","SMOKER FRIENDLY","7628 103RD ST","JACKSONVILLE","FL","32210","Duval","","9045736099","","","Unknown","","50100000","1001","599300","Tobacco Stor","6","0","1"
"373075","William Thies & Sons Of Pb","jack@warp.relay.net","201 S East Coast St","5615820232","5615824870","518101","Beer & Ale-Wholesale","www.theis.com"," Email <---> Revenue ","1705486","William Thies & Sons Of Pb","201 S East Coast St","Lake Worth","FL","33460","Palm Beach","www.theis.com","5615824870","5615820232","George Brannen","Manager","Mal","63990000","135","518101","Beer & Ale-W","6","0","1"
"413503","Passion Flower Growers","Jaime_Peisach@passiongrowers.com","7911 NW 21st St","3055970326","3054688449","509905","Importers","NULL"," Email <---> Revenue ","1430857","Passion Flower Growers","7911 NW 21st St","Doral","FL","33122","Miami Dade","www.passiongrowers.com","3054688449","3055970326","Jaime Peisach","President","Mal","75520000","80","509905","Importers","6","0","1"
"390048","Jeffrey Hart Group","Jeffrey@jeffreyhartgroup.com","301 NE 51st St # 3199","5619999472","5619972238","738922","Business Brokers","NULL"," Email <---> Revenue ","1238370","Jeffrey Hart Group","301 NE 51st St # 3199","Boca Raton","FL","33431","Palm Beach","www.jeffreyhartgroup.com","5619972238","5619999472","Jeffrey Obligen","President","Mal","75000000","14","738922","Business Bro","6","0","1"
"208772","S & S Food Store","jenny.drawdy@scaffs.com","134 SE Colburn Ave","3867520482","3867527344","541103","Convenience Stores","NULL"," Email <---> Revenue ","1526021","S & S Food Store","134 SE Colburn Ave","Lake City","FL","32025","Columbia","www.scaffs.com","3867527344","3867520482","Harold Mann","CEO","Mal","85400000","350","541103","Convenience ","6","0","1"
"188499","Dometic Corp","john.waters@dometic.com","2000 N Andrews Ave","9549794414","9549732477","507804","Refrigerating Equip-Coml (Wholesale)","NULL"," Email <---> Revenue ","1039351","Dometic Corp","2000 N Andrews Ave","Pompano Beach","FL","33069","Broward","","9549732477","9549794414","Frank Marciano","President","Mal","76500000","150","507804","Refrigeratin","6","0","1"
"300856","National Emergency Vehicles","johnwittekamp@nevambulance.com","PO Box 848","4072912224","4072990064","371105","Ambulances & Hearses-Manufacturers","NULL"," Email <---> Revenue ","1383473","National Emergency Vehicles","PO Box 848","Apopka","FL","32704","Orange","","4072990064","4072912224","Michael Caines","Owner","Mal","98496000","108","371105","Ambulances &","6","0","1"
"384715","Tomar Electronics","JStuart@tomar.com","1928 Captiva Dr","9042150944","9042150094","506320","Lighting Equipment-Emergency (Wholesale)","NULL"," Email <---> Revenue ","1644141","Tomar Electronics","1928 Captiva Dr","Middleburg","FL","32068","Clay","","9042150094","9042150944","Stuart Johnston","Owner","Mal","65800000","100","506320","Lighting Equ","6","0","1"
"388867","S & D Coffee Inc","jwalle@edreamz.com","5051 L B Mcleod Rd # B","4075230102","4075230102","209501","Coffee & Tea Products-Manufacturers","www.rmic.com"," Email <---> Revenue ","589347","S & D COFFEE INC","5051 L B MCLEOD RD STE B","ORLANDO","FL","32811","Orange","","4075230102","","STEVE LIBY","Manager","M","64800000","875","209500","Roasted Coff","6","0","1"
"266083","City Beverages","kim.leifsen@citybeverages.com","PO Box 620006","4072514089","4078517100","518101","Beer & Ale-Wholesale","NULL"," Email <---> Revenue ","958195","City Beverages","PO Box 620006","Orlando","FL","32862","Orange","www.citybeverages.com","4078517100","4072514089","Ford W Kiene","CEO","Mal","98300000","245","518101","Beer & Ale-W","6","0","1"
"464473","Micro Informatica; LLC","kin@micmiami.com","8400 NW 25th Street - #100","3054183200","null","593202","Antiques","france-antique.com"," Email <---> Revenue ","1358649","Micro Informatica Corp","8400 NW 25th St # 100","Doral","FL","33122","Miami Dade","","3054183200","3054183201","Julia Dreyfus","President","Fem","52100000","36","509905","Importers","6","0","1"
"526302","Ford Of Coral Gables","KleinRafael@fordofcoralgables.com","4811 S Le Jeune Rd","3056617838","3056616111","509905","Importers","NULL"," Email <---> Revenue ","1116783","Ford Of Coral Gables","4811 S Le Jeune Rd","Coral Gables","FL","33146","Miami Dade","www.fordofcoralgables.com","3056616111","3056617838","Rafael Klein","Owner","Mal","58000000","115","509905","Importers","6","0","1"
"608054","Donzi Marine","Lee@marinesource.com","PO Box 987","9417585417","9417270622","373201","Boats-Manufacturers","NULL"," Email <---> Revenue ","1772023","Donzi Marine","PO Box 987","Tallevast","FL","34270","Sarasota","","9417270622","9417585417","Lee Kimmell","CEO","Mal","57750000","350","373201","Boats-Manufa","6","0","1"
"241113","Amglo Kemlite Halogen Lamp","leeren@21cn.net","8787 Enterprise Blvd","6303509474","7278122000","506319","Lighting Fixtures-Wholesale","www.amglo.com"," Email <---> Revenue ","813250","Amglo Kemlite Halogen Lamp","8787 Enterprise Blvd","Largo","FL","33773","Pinellas","www.amglo.com","7278122000","7278122001","James Hyland","President","Mal","65800000","100","506319","Lighting Fix","6","0","1"
"401208","ABC Auction","lgugliemini@auctionbroadcasting.com","6005 24th St E","9417567546","9417568478","551103","Automobile Dealers-Used Cars","NULL"," Email <---> Revenue ","763085","ABC Auction","6005 24th St E","Bradenton","FL","34203","Manatee","www.auctionbroadcasting.com","9417568478","9417567546","Keith Hockett","Owner","Mal","97050000","150","551103","Automobile D","6","1","1"
"524003","WJXX","lmock@firstcoastnews.com","PO Box Tv12","9043543299","9043541212","483301","Television Stations & Broadcasting CO","www.firstcoastnews.com"," Email <---> Revenue ","1686787","WJXX","PO Box Tv12","Jacksonville","FL","32231","Duval","www.firstcoastnews.com","9043541212","9043543299","Ken Tonning","President","Mal","63200000","200","483301","Television S","6","0","1"
"513413","Sanrio Gift Gate","lsimpson@nakajimausa.com","7297 N Kendall Dr","8089495660","3056681733","594712","Gift Shops","www.sanrio.com"," Email <---> Revenue ","595998","SANRIO GIFT GATE","7297 N KENDALL DR","MIAMI","FL","33156","Miami-Dade","","3056681733","","MONICA RESTREPO","Manager","F","73400000","661","594702","Gift Shop","6","0","1"
"410006","Bennett Marine Inc","m80@bennetttrimtabs.com","550 Jim Moran Blvd","9544802897","9544271400","508811","Marine Equipment & Supplies-Wholesale","www.bennetttrimtabs.com"," Email <---> Revenue ","868765","Bennett Marine Inc","550 Jim Moran Blvd","Deerfield Beach","FL","33442","Broward","www.bennetttrimtabs.com","9544271400","9544802897","Blake J Bennett","President","Mal","67950000","90","508811","Marine Equip","6","0","1"
"185447","On Gossamer","MarioCiardelli@gossamer-threads.com","8785 NW 13th Ter","3055936902","3055139074","513719","Lingerie-Wholesale","NULL"," Email <---> Revenue ","1408950","On Gossamer","8785 NW 13th Ter","Doral","FL","33172","Miami Dade","","3055139074","3055936902","Mario Ciardelli","Owner","Mal","62460000","90","513719","Lingerie-Who","6","0","1"
"556038","NABI Biopharmaceuticals","MclainT@nabibiopharmaceuticals.com","5800 Park Of Commerce Blvd NW","5619895801","5619895800","283601","Biological Products (Manufacturers)","NULL"," Email <---> Revenue ","475737","NABI BIOPHARMACEUTICALS","5800 PARK OF COMMERCE BLVD","BOCA RATON","FL","33487","Palm Beach","","5619895800","","LESLIE HUDSON","Chief Executive Office","M","89800000","653","283600","Biological P","6","0","1"
"558457","Quirch Foods","michellep@quichfoods.com","7600 NW 82nd Pl","3055930272","3056913535","514704","Meat-Wholesale","www.quirchfoods.com"," Email <---> Revenue ","556355","QUIRCH FOODS","7600 NW 82ND PL","MEDLEY","FL","33166","Miami-Dade","","3056913535","3055930272","GUILLERMO QUIRCH III","President","M","82000000","500","514700","Meats & Meat","6","0","1"
"231573","Elite Formal Accessories Inc","Parnessj@eliteformal.com","2280 SW 70th Ave # 6","9544726506","9544758882","513603","Apparel-Mens-Wholesale","NULL"," Email <---> Revenue ","1067045","Elite Formal Accessories Inc","2280 SW 70th Ave # 6","Davie","FL","33317","Broward","www.eliteformal.com","9544758882","9544726506","Jerry Parness","Owner","Mal","52425000","75","513603","Apparel-Mens","6","0","1"
"180001","Philly Connection","Patel@phillyconnection.com","1625 W Tharpe St","8502970402","8502970400","581219","Sandwiches","NULL"," Email <---> Revenue ","528848","PHILLY CONNECTION","1625 W THARPE ST","TALLAHASSEE","FL","32303","Leon","","8502970400","","JEFF PATEL","Owner","M","96000000","750","581244","Quick Serv S","6","0","1"
"104161","Underwater Engineering Svc Inc","pmarazzi@sgpinney.com","1326 SW Biltmore St","3019847421","7723373116","738941","Divers","www.gpinet.com"," Email <---> Revenue ","696215","UNDERWATER ENGINEERING SVC INC","1326 SW BILTMORE ST","PORT ST LUCIE","FL","34983","St. Lucie","","7723373116","","DEAN REYNOLDS","Vice-President","M","72100000","721","738900","Business Svs","6","0","1"
"518798","Money Mailer","R-Ricks@baberfamily.com","19 Edmond Pl","NULL","3865866666","733105","Advertising-Direct Mail","NULL"," Email <---> Revenue ","466936","MONEY MAILER","19 EDMOND PL","PALM COAST","FL","32164","Flagler","","3867933831","","RICHARD RICKS","Owner","M","50200000","16144","733100","Direct Mail ","6","0","1"
"566856","IMG Enterprises Inc","ronique@imgcitrus.com","2600 45th St","7727789371","7727786783","514805","Fruits & Vegetables-Growers & Shippers","www.imgcitrus.com"," Email <---> Revenue ","1801807","IMG Enterprises Inc","2600 45th St","Vero Beach","FL","32967","Indian River","www.imgcitrus.com","7727786783","7727789371","Jim Lieffort","Manager","Mal","88160000","160","514805","Fruits & Veg","6","2","1"
"53483","Metal Industries Inc","roy@metalind.com","PO Box 4490","7274437167","7274412651","358501","Air Conditioning Equipment-Manufacturers","NULL"," Email <---> Revenue ","1351778","Metal Industries Inc","PO Box 4490","Clearwater","FL","33758","Pinellas","www.metalaire.com","7274412651","7274437167","Roy Speaks","President","Mal","78900000","300","358501","Air Conditio","6","0","1"
"150078","Misener Marine Construction","Russell.Inserra@misenermarine.com","PO Box 13427","8138317498","8138398441","162903","Marine Contractors & Designers","NULL"," Email <---> Revenue ","1830452","Misener Marine Construction","PO Box 13427","Tampa","FL","33681","Hillsborough","www.misenermarine.com","8138398441","8138317498","Russell Inserra","Owner","Mal","75300000","200","162903","Marine Contr","6","0","1"
"355805","Sun Brite Citrus","Schirard@sunbritecitrus.com","PO Box 2667","7724662850","7724660112","514805","Fruits & Vegetables-Growers & Shippers","NULL"," Email <---> Revenue ","1605677","Sun Brite Citrus","PO Box 2667","Fort Pierce","FL","34954","St Lucie","www.sunbritecitrus.com","7724660112","7724662850","Brantley Schirard","Owner","Mal","54549000","99","514805","Fruits & Veg","6","2","1"
"395583","MTS Medication Technologies","ST@mtsp.com","2003 Gandy Blvd N # 800","NULL","7275766311","267907","Disposable Products-Manufacturers","NULL"," Email <---> Revenue ","472642","MTS MEDICATION TECHNOLOGIES","2003 GANDY BLVD N STE 800","ST PETERSBURG","FL","33702","Pinellas","","7275766311","","TODD E SIEGEL","Chief Executive Office","M","51000000","236","308900","Plastic Pdts","6","0","1"
"245651","Levenger","Steve@levenger.com","420 S Congress Ave","5612433629","5612762436","502112","Office Furniture & Equip-Dealers (Whol)","NULL"," Email <---> Revenue ","413430","LEVENGER","420 S CONGRESS AVE","DELRAY BEACH","FL","33445","Palm Beach","","5612762436","","STEVE LEVEEN","Chief Executive Office","M","72200000","401","594300","Stationery S","6","0","1"
"352647","Decorator Industries Inc","Tony.Kedrowski@decoratorindustries.com","10011 Pines Blvd # 201","9544361778","9544368909","222107","Linings-Drapery (Manufacturers)","NULL"," Email <---> Revenue ","203268","DECORATOR INDUSTRIES INC","10011 PINES BLVD STE 201","PEMBROKE PNES","FL","33024","Broward","","9544368909","","WILLIAM A BASSETT","Chief Executive Office","M","50500000","731","222100","Synthetic Fa","6","0","1"
"313665","Perma-Fix Environmental Svc","wcarr@rcra-waste.com","1940 NW 67th Pl # A","3523730040","3523734200","495305","Waste Disposal-Hazardous","NULL"," Email <---> Revenue ","1440826","Perma-Fix Environmental Svc","1940 NW 67th Pl # A","Gainesville","FL","32653","Alachua","www.rcra-waste.com","3523734200","3523730040","Louis F Centofanti","CEO","Mal","83373000","420","495305","Waste Dispos","6","0","1"
