mail id,company,email,address,phone,fax,sic,sic description,web,,revenue id,company,address,city,state,zip,	metro,web,phone,fax,contact,position,gender,sales,# of employee,sic,sic_descrpiton,	,,
"288758","Manatee Diagnostic Ctr & Mri","info36@manateediagnostic.com","300 Riverside Dr E # 4300","9417473034","9417473034","807103","X-Ray Laboratories-Medical","www.manateediagnostic.com"," Email <---> Revenue ","432822","MANATEE DIAGNOSTIC CENTER","300 RIVERSIDE DR E STE 4300","BRADENTON","FL","34208","Manatee","","9417473034","","ANGUS W GRAHAM JR MD","MD","M","0","0","801164","Radiology","1","0","1"
"446661","Pitney Manor","license@zen-cart.com","","7735455491","","562105","Boutique Items-Retail","www.doublerdisplay.com"," Email <---> Revenue ","533368","PITNEY MANOR","18344 SE CASSIA LN","JUPITER","FL","33469","Palm Beach","","5617487654","","SUSAN REICHEY","Owner","F","300000","6","562102","Boutiques","1","0","1"
"240273","Best Equipment","Cooper@bestequipmentco.com","12390 SW 131st Ave","3052788815","3052782099","735910","Rental Service-Stores & Yards","NULL"," Email <---> Revenue ","92670","BEST EQUIPMENT RENTAL & REPAIR","12390 SW 131ST AVE","MIAMI","FL","33186","Miami-Dade","","3052788815","","","Unknown","","900000","5","735901","Rental Ser-S","1","0","1"
"182932","Tool World","ctpaint@twidursystem.com","300 W Norton Avenue","3523578282","3523571417","5251","Tools","null"," Email <---> Revenue ","509015","PAINT DEPOT","300 W NORTON AVE","EUSTIS","FL","32726","Lake","","3523578282","","WILLIAM WOLCOTT","Owner","M","700000","4","523102","Paint,Painti","1","0","1"
"99072","Exum Communications","RobinExum@exum.net","3413 Southside Blvd # 1","9046427652","9046469917","173101","Electric Contractors","NULL"," Email <---> Revenue ","121829","C & R COMMUNICATIONS INC","3413 SOUTHSIDE BLVD","JACKSONVILLE","FL","32216","Duval","","9046427652","","","Unknown","","700000","3","874803","Communicatio","1","0","1"
"489431","Endoscopy Resources","smason@endoscopyresources.com","4234 Chadsworth Ln","3863224545","3863224545","504704","Physicians & Surgeons Equip & Supls-Whol","www.endoscopyresources.com"," Email <---> Revenue ","1071582","Endoscopy Resources Inc","4234 Chadsworth Ln","Daytona Beach","FL","32129","Volusia","","3863224545","","Scott Mason","Owner","mal","0","0","999900","Unclassified","1","0","1"
"439315","South Florida Maintenance Svc","InfanteJ@sfmservices.com","PO Box 667688","3058182428","3058182424","734902","Janitor Service","NULL"," Email <---> Revenue ","276181","FORCE ONE","8221 NW 54TH ST","DORAL","FL","33166","Miami-Dade","","3058182428","","","Unknown","","0","3","999900","Nclassifiabl","1","0","1"
