mail id,company,email,address,phone,fax,sic,sic description,web,,revenue id,company,address,city,state,zip,	metro,web,phone,fax,contact,position,gender,sales,# of employee,sic,sic_descrpiton,	,,
"592708","Applied Research Inc","accounting@appliedr.com","7367 Davie Road Ext","9544354444","9544323500","516916","Chemicals (Wholesale)","www.appliedr.com"," Email <---> Revenue ","823702","Applied Research Inc","7367 Davie Road Ext","Hollywood","FL","33024","Broward","www.appliedr.com","9544323500","9544354444","Michael Ryan","President","Mal","50050000","50","516916","Chemicals (W","6","0","1"
"602675","Marlin Magazine","advertise@flyfishinsalt.com","460 N Orlando Ave # 200","4076287061","4076284802","274105","Publishers","www.worldpub.net"," Email <---> Revenue ","1825142","Marlin Magazine","460 N Orlando Ave # 200","Winter Park","FL","32789","Orange","www.worldpub.net","4076284802","4076287061","Terry Snow","Owner","Mal","82200000","300","274105","Publishers","6","0","1"
"565963","Mag Wholesale Inc","albert@magwholesale.com","190 W 23rd St","3058883199","3058883100","517214","Oils-Lubricating-Wholesale","www.magwholesale.com"," Email <---> Revenue ","1321469","Mag Wholesale Inc","190 W 23rd St","Hialeah","FL","33010","Miami Dade","www.magwholesale.com","3058883100","3058883199","Albert Gonzalez","Owner","Mal","83850000","25","517214","Oils-Lubrica","6","0","1"
"40622","Miami Seaquarium","alk@sintmaarten.net","null","9548460929","9542523818","599970","Aquariums & Aquarium Supls","HEALINGRESORTS.COM"," Email <---> Revenue ","456511","MIAMI SEAQUARIUM","4400 RICKENBACKER CSWY","KEY BISCAYNE","FL","33149","Miami-Dade","","3053615705","","ARTHUR HERTZ","Chief Executive Office","M","90000000","900","799600","Amusement Pa","6","0","1"
"456671","Champion Brands Inc","bbyerly@championbrands.com","5571 Florida Mining Blvd S","9042601943","9042681220","518101","Beer & Ale-Wholesale","NULL"," Email <---> Revenue ","941551","Champion Brands Inc","5571 Florida Mining Blvd S","Jacksonville","FL","32257","Duval","","9042681220","9042601943","Earl Benton","President","Mal","85320000","180","518101","Beer & Ale-W","6","0","1"
"592993","Bass Pro Shops Outdoor World","bcdouglas@basspro.com","200 Gulf Stream Way","9549273677","9549297710","555104","Boat Dealers Sales & Service","www.basspro.com"," Email <---> Revenue ","857852","Bass Pro Shops Outdoor World","200 Gulf Stream Way","Dania","FL","33004","Broward","www.basspro.com","9549297710","9549273677","Danny Vinson","Manager","Mal","99600000","300","555104","Boat Dealers","6","0","1"
"513765","United States Cold Storage","bford@uscold.com","2292 Sand Lake Rd","6618322653","4078512413","422202","Warehouses-Cold Storage","www.euscold.com"," Email <---> Revenue ","698329","UNITED STATES COLD STORAGE","2292 SAND LAKE RD","ORLANDO","FL","32809","Orange","","4078512410","","","Unknown","","72000000","1198","422200","Refrigerated","6","0","1"
"536800","Gateway Community Svc Inc","bjones@gatewaycommunity.com","555 Stockton St","9043845753","9043874661","839902","Alcoholism Information & Treatment Ctrs","www.gatewaycommunity.com"," Email <---> Revenue ","1135722","Gateway Community Svc Inc","555 Stockton St","Jacksonville","FL","32204","Duval","www.gatewaycommunity.com","9043874661","9043845753","Phil Diaz","CEO","Mal","53750000","250","839902","Alcoholism I","6","0","1"
"472331","Stadium Toyota","bob.mccrossen@stadiumtoyota.com","5088 North Dale Mabry Highway","8138773502","8138724881","5511","Motor Vehicle Dealers (New and Used)","NULL"," Email <---> Revenue ","636701","STADIUM TOYOTA","5088 N DALE MABRY HWY","TAMPA","FL","33614","Hillsborough","","8138724881","","RON PARKS","Owner","M","80800000","200","551100","New & Used C","6","0","1"
"127098","Trussway Southeast LTD","bsginfo@trussway.com","8850 Trussway Blvd","6168871367","4078572777","521124","Trusses-Construction Whol & Mfrs","www.trussway.com"," Email <---> Revenue ","1658051","Trussway Southeast LTD","8850 Trussway Blvd","Orlando","FL","32824","Orange","www.trussway.com","4078572777","4078517899","Jim Thomas","VP","Mal","51600000","200","521124","Trusses-Cons","6","0","1"
"153661","Keys Energy Svc","C-J@kwcityelectric.com","PO Box 1001","3052951005","3052951000","491101","Electric Companies","NULL"," Email <---> Revenue ","1268740","Keys Energy Svc","PO Box 1001","Key West","FL","33041","Monroe","www.kwcityelectric.com","3052951000","3052951005","Carl R Jansen","CEO","Mal","94864000","154","491101","Electric Com","6","0","1"
"585933","Brown & Bigelow","cliffw@brownandbigelow.com","4101 Ravenswood Rd # 402","7146953626","9547237885","731919","Advertising-Promotional","www.brownandbigelow.com"," Email <---> Revenue ","114695","BROWN & BIGELOW","4101 RAVENSWOOD RD STE 402","FT LAUDERDALE","FL","33312","Broward","","9546252900","","GARY TUCHLER","President","M","65000000","500","731900","Advertising ","6","0","1"
"604023","Brown Distribution","computerdept.wpb@brown-dist.com","1300 Allendale Rd","5618338621","5616552337","518101","Beer & Ale-Wholesale","www.brown-dist.com"," Email <---> Revenue ","1746970","Brown Distribution","PO Box 6667","West Palm Beach","FL","33405","Palm Beach","www.brown-dist.com","5616552337","5618338621","Jason Brown","Manager","Mal","77262000","163","518101","Beer & Ale-W","6","0","1"
"547372","CDA Intercorp","D''AmicoC@cda-intercorp.com","450 Goolsby Blvd","9546986011","9546986000","372801","Aircraft Components-Manufacturers","NULL"," Email <---> Revenue ","137469","CDA INTERCORP","450 GOOLSBY BLVD","DEERFIELD BCH","FL","33442","Broward","","9546986000","","","Unknown","","69900000","2790","372800","Aircraft Par","6","0","1"
"492838","Daily Express Inc","dave_landis@dailyexp.com","11929 Industry Dr","7172402193","9047577608","421307","Trucking-Heavy Hauling","www.dailyexp.com"," Email <---> Revenue ","194883","DAILY EXPRESS INC","11929 INDUSTRY DR","JACKSONVILLE","FL","32218","Duval","","9047577608","","MATT REA","Manager","M","50600000","550","421300","Trucking","6","0","1"
"386218","Delta Petroleum","delta@deltapetroleum.net","1134 53rd Ct N","5618401737","5618401446","517202","Service Station Equipment (Wholesale)","www.deltapetroleum.net"," Email <---> Revenue ","1768634","Delta Petroleum","1134 53rd Ct N","West Palm Beach","FL","33407","Palm Beach","www.deltapetroleum.net","5618401446","5618401737","Charles Beale","Owner","Mal","77142000","23","517202","Service Stat","6","0","1"
"584670","Meadow Burke Products Inc","dfleming@meadowburke.com","5110 Santa Fe Rd","8132480703","8132481944","503207","Concrete Constr Forms & Acces (Whol)","NULL"," Email <---> Revenue ","1827419","Meadow Burke Products Inc","5110 Santa Fe Rd","Tampa","FL","33619","Hillsborough","","8132481944","8132480703","David Wilkes","CEO","Mal","96000000","200","503207","Concrete Con","6","0","1"
"505913","Donna Karen Co Store","dkcareeropportunities@dkintl.com","8200 Vineland Ave # 170","2124213100","4072393622","565101","Clothing-Retail","www.dkny.com"," Email <---> Revenue ","218241","DONNA KAREN CO STORE","8200 VINELAND AVE STE 170","ORLANDO","FL","32821","Orange","","4072393622","","SUSAN SCARPA","Manager","F","94300000","1885","565100","Family Cloth","6","0","1"
"409080","Golden 100 Beverage Bases","EdmundsonRon@seco-golden100.com","PO Box 323","3867381378","3867343906","208798","Flavoring Extracts & Syrups Nec (Mfrs)","NULL"," Email <---> Revenue ","1148687","Golden 100 Beverage Bases","PO Box 323","Deland","FL","32721","Volusia","www.seco-golden100.com","3867343906","3867381378","Ron Edmundson","President","Mal","58000000","25","208798","Flavoring Ex","6","0","1"
"557469","March Of Dimes","elynch@marchofdimes.com","6314 Corporate Ct # C3","3347920149","2394333463","832218","Social Service & Welfare Organizations","www.marchofdimes.com"," Email <---> Revenue ","434833","MARCH OF DIMES","6314 CORPORATE CT STE C3","FORT MYERS","FL","33919","Lee","","2394333463","","NORMA M EVELAND","Executive Director","F","96000000","1689","832200","Social Servi","6","1","1"
"598781","Avaya Communication","executiveoffic@avaya.com","11399 16th Ct N","7863310676","7272171000","481301","Data Communication Service","www.avaya.com"," Email <---> Revenue ","841872","Avaya Communication","11399 16th Ct N","St Petersburg","FL","33716","Pinellas","www.avaya.com","7272171000","7272171958","Steve Adler","VP","Mal","66600000","200","481301","Data Communi","6","0","1"
"510584","Marcone Appliance Parts Ctr","export@marcone.com","527 S Us Highway 301","3142315481","8504322448","506401","Appliances-Household-Major-Supls (Whol)","www.marcone.com"," Email <---> Revenue ","1824302","Marcone Appliance Parts Ctr","527 S Us Highway 301","Tampa","FL","33619","Hillsborough","www.marcone.com","8504322448","8132471818","Jerry Martin","Manager","Mal","98000000","70","506401","Appliances-H","6","0","1"
"71115","Embraer Aircraft Holding Corp","g_spulak@embraer.com","276 SW 34th St","9543598170","9543593700","559905","Aircraft-Dealers","NULL"," Email <---> Revenue ","1068989","Embraer Aircraft Holding Corp","276 SW 34th St","Fort Lauderdale","FL","33315","Broward","","9543593700","9543598170","Gary J Spulak","President","Mal","61030000","170","559905","Aircraft-Dea","6","0","1"
"483017","Quincy Farms","Greg-Verghen@sylvaninc.com","190 Mannie Gunn Rd","8506273493","8508751600","018201","Mushrooms","NULL"," Email <---> Revenue ","556244","QUINCY FARMS","190 MANNIE GUNN RD","QUINCY","FL","32351","Gadsden","","8508751600","","DENNIS ZENSEN","Chief Executive Office","M","89500000","500","287500","Mixing Ferti","6","0","1"
"390446","Quirch Foods","Guillermo@quirchfoods.com","PO Box 3366","3055930272","3056913535","514704","Meat-Wholesale","NULL"," Email <---> Revenue ","1477777","Quirch Foods","PO Box 3366","Hialeah","FL","33013","Miami Dade","www.quirchfoods.com","3056913535","3055930272","Guillermo Quirch Iii","President","Mal","96700000","500","514704","Meat-Wholesa","6","0","1"
"577075","American Technical Ceramics","invest@atceramics.com","2201 Corporate Square Blvd","9047263413","9047242000","367501","Electronic Capacitor (Manufacturers)","www.atceramics.com"," Email <---> Revenue ","48451","AMERICAN TECHNICAL CERAMICS","2201 CORPORATE SQUARE BLVD","JACKSONVILLE","FL","32216","Duval","","9047242000","","VICTOR INSETTA","President","M","84100000","769","362900","Elc Indus Ap","6","0","1"
"597897","Suttles Truck Leasing Inc","jcoats@suttlestruck.com","1827 Transmitter Rd","8507849022","8507842001","421309","Trucking-Motor Freight","www.suttlestruck.com"," Email <---> Revenue ","657966","SUTTLES TRUCK LEASING INC","1827 TRANSMITTER RD","PANAMA CITY","FL","32404","Bay","","8507842001","","DAVID SMITH","Manager","M","92000000","1000","421300","Trucking","6","0","1"
"343895","March Of Dimes","jenn.robinson@gabbe.com","341 N Maitland Ave # 115","8584929180","4075995077","832218","Social Service & Welfare Organizations","www.marchofdimes.com"," Email <---> Revenue ","434829","MARCH OF DIMES","341 N MAITLAND AVE STE 115","MAITLAND","FL","32751","Orange","","4075995077","","GENA FLORES","Manager","F","96000000","1689","832200","Social Servi","6","1","1"
"378785","Eva Gustafsson","jorge.devillegas@mtv.com","940 Loln Rd Suite 202","3055353700","3056725204","7389","Business Services NEC","zonamtv.com"," Email <---> Revenue ","1319608","MTV Latin America","1111 Lincoln Rd","Miami Beach","FL","33139","Miami Dade","www.mtvnick.com","3055353700","3056725204","Antoniette Zel","Manager","Fem","50850000","150","484101","Television-C","6","0","1"
"147886","Flower Transfer","Jose@fcbf.com","1480 NW 94th Ave","3055931058","3055939808","509905","Importers","NULL"," Email <---> Revenue ","1114609","Flower Transfer","1480 NW 94th Ave","Doral","FL","33172","Miami Dade","","3055939808","3055931058","Jose Azout","President","Mal","94400000","100","509905","Importers","6","0","1"
"558632","Roof Tile Specialists","jsands@rooftile.com","1201 NW 18th St","9549601347","9549723774","176109","Roofing Contractors","NULL"," Email <---> Revenue ","584085","ROOF TILE SPECIALISTS","1201 NW 18TH ST","POMPANO BEACH","FL","33069","Broward","","9549723774","","TERRY JOHNSON","Chief Executive Office","M","52500000","300","176100","Roofg, Sheet","6","0","1"
"347447","Bar Harbor Lobster Co","lenl@barharborlobster.com","2000 Premier Row","4078571314","4078514001","514601","Seafood-Wholesale","www.bostonlobsterfeast.com"," Email <---> Revenue ","854110","Bar Harbor Lobster Co","2000 Premier Row","Orlando","FL","32809","Orange","www.bostonlobsterfeast.com","4078514001","4078571314","Jeffrey P Hazell","President","Mal","62700000","100","514601","Seafood-Whol","6","0","1"
"10465","R & Y Promotionals","louann.woerner@am.joneslanglasalle.com","null","8503857145","8503856203","738951","Promotions & Fund Raising","tallahasseemallonline.com"," Email <---> Revenue ","662703","TALLAHASSEE MALL","2415 N MONROE ST STE 200","TALLAHASSEE","FL","32303","Leon","","8503857145","","STEVEN DARBY","Manager","M","55100000","210","651202","Shoppng Ctr ","6","0","1"
"346015","Quality Imports","mbsales@qualityimports.com","1006 N Beal Parkway","8508632161","8508631217","509905","Importers","qualitybmwmb@fwb.gulf.net"," Email <---> Revenue ","554525","QUALITY IMPORTS","1006 BEAL PKWY NW","FT WALTON BCH","FL","32547","Okaloosa","","8508632161","","ERNEST HOLLINGSWORTH","Owner","M","60600000","150","551101","Truck Dealer","6","0","1"
"551675","Vector Products","MichaelKrieger@tesco-online.com","4140 SW 28th Way","9545845556","9545844446","509905","Importers","NULL"," Email <---> Revenue ","1676615","Vector Products","4140 SW 28th Way","Fort Lauderdale","FL","33312","Broward","","9545844446","9545845556","Michael Krieger","Owner","Mal","80240000","85","509905","Importers","6","0","1"
"517885","Smart City Communications","mriddleberger@smartcity.com","PO Box 22555","4078286701","4078286600","481304","Telephone Companies","NULL"," Email <---> Revenue ","1566713","Smart City Communications","PO Box 22555","Lake Buena Vista","FL","32830","Orange","","4078286600","4078286701","Allen Sims","CEO","Mal","66600000","200","481304","Telephone Co","6","0","1"
"466167","Olem Shoe Corp","olemshoe@olemshoe.com","800 NW 21st St","3053261608","3053259000","509905","Importers","www.olemshoe.com"," Email <---> Revenue ","1407557","Olem Shoe Corp","800 NW 21st St","Miami","FL","33127","Miami Dade","www.olemshoe.com","3053259000","3053261608","Isaac Olemberg","Owner","Mal","51920000","55","509905","Importers","6","0","1"
"86369","Palm Beach Motor Cars Family","rwsimpson@palmbeachmotorcars.com","915 South Dixie Highway","5616596206","5618327176","559999","Ret Misc Vehicles Repair Services Plumbing/heating/air","palmbeachmotors.com"," Email <---> Revenue ","510500","PALM BEACH MOTOR CARS","915 S DIXIE HWY","WEST PALM BCH","FL","33401","Palm Beach","","5616596206","","ROBERT SIMPSON","Owner","M","80800000","200","551100","New & Used C","6","0","1"
"131955","Platinum Travel & Vacations","sepps@pbcasino.com","777 E Port Rd","5618452101","5618429395","4724","Travel agents","null"," Email <---> Revenue ","509936","PALM BEACH CASINO LINE","1 E 11TH ST","WEST PALM BCH","FL","33404","Palm Beach","","5618452101","","","Unknown","","95100000","308","799300","Coin-Oper Am","6","0","1"
"301087","Sealy Mattress Co","springfree@sealy.com","11220 Space Blvd","5102357171","4078558523","251501","Mattresses-Manufacturers","www.sealy.com"," Email <---> Revenue ","1545389","Sealy Mattress Co","11220 Space Blvd","Orlando","FL","32837","Orange","www.sealy.com","4078558523","4072403435","Gary Cochran","Plant Mgr","Mal","53750000","250","251501","Mattresses-M","6","0","1"
"569438","Chep International","steven.mitchell@chep.com","8517 S Park Cir # 400","4075632001","4075632000","244801","Pallets & Skids-Manufacturers","NULL"," Email <---> Revenue ","946862","Chep International","8517 S Park Cir # 400","Orlando","FL","32819","Orange","","4075632000","4075632001","Victor Mendes","CEO","Mal","80500000","700","244801","Pallets & Sk","6","0","1"
"542266","Regal Marine Industries Inc","sue@emeraldcityharbor.com","2300 Jetport Dr","4078514360","4078514360","373201","Boats-Manufacturers","www.regalboats.com"," Email <---> Revenue ","567500","REGAL MARINE INDUSTRIES","2300 JETPORT DR","ORLANDO","FL","32809","Orange","","4078514360","","DUANE KUCK","Chief Executive Office","M","54800000","750","373200","Boat Bld, Re","6","0","1"
"69903","Armstrong International Inc","tim@armintl.com","2081 SE Ocean Blvd # 4","7722861001","7722867175","349498","Valves & Pipe Fittings Nec (Mfrs)","NULL"," Email <---> Revenue ","60995","ARMSTRONG INTERNATIONAL INC","2081 SE OCEAN BLVD # 4FH","STUART","FL","34996","Martin","","7722867175","","DAVID M ARMSTRONG","Chief Executive Office","M","63000000","900","349400","Valves,Pipe ","6","0","1"
"214506","Trak Microwave Corp","tony.grimes@smiths-group.com","4726 Eisenhower Blvd","8139017490","8139017200","367901","Electronic Equipment & Supplies-Mfrs","NULL"," Email <---> Revenue ","1884062","Trak Microwave Corp","4726 Eisenhower Blvd","Tampa","FL","33634","Hillsborough","","8139017200","8139017490","Richard Pea","President","Mal","82880000","370","367901","Electronic E","6","0","1"
"425020","Coleman American Moving Inc","tqap@covan.com","519 Valparaiso Pkwy # A","3347743101","8506782328","421401","Movers","www.covan.com"," Email <---> Revenue ","164719","COLEMAN AMERICAN MOVING INC","519 VALPARAISO PKWY # A","VALPARAISO","FL","32580","Okaloosa","","8506782328","","JEREMY RICHARDSON","Manager","M","91200000","1707","421400","Lcl Trckg Wi","6","0","1"
"75767","Truly Nolen","Truly-Nolen@trulynolan.com","2715 Edison Ave # C","2393344095","2393341331","734201","Pest Control","NULL"," Email <---> Revenue ","690151","TRULY NOLEN","2715 EDISON AVE","FORT MYERS","FL","33916","Lee","","8636751818","","DAVE SCOTT","Manager","M","64000000","1600","734200","Pest Control","6","0","1"
"584426","Pensacola News Journal Retail","webguy@pensacolanewsjournal.com","101 E Romana St","8504698213","8504358554","731106","Advertising-Newspaper","www.pensacolanewsjournal.com"," Email <---> Revenue ","1438332","Pensacola News Journal Retail","101 E Romana St","Pensacola","FL","32502","Escambia","www.pensacolanewsjournal.com","8504358554","8504698213","Denise Ivy","President","Fem","63200000","400","731106","Advertising-","6","0","1"
"138226","Laminations Corp","weblaminations@greatnortherncorp.com","1420 Vantage Way S # 100","9208310612","9047413150","267101","Packaging Materials-Manufacturers","www.laminationsonline.com"," Email <---> Revenue ","403657","LAMINATIONS CORP","1420 VANTAGE WAY S STE 100","JACKSONVILLE","FL","32218","Duval","","9047413150","","CHRIS SAUCEDA","Manager","M","91000000","780","267100","Packg Ppr Co","6","0","1"
"552964","First Lease Inc","wwintter@firstleaseinc.com","5718 E Columbus Dr","8136261419","8136261845","751303","Truck Renting & Leasing","www.firstleaseinc.com"," Email <---> Revenue ","263256","FIRST LEASE INC","5718 E COLUMBUS DR","TAMPA","FL","33619","Hillsborough","","8136261845","","TOM FRICK","Manager","M","54900000","711","751300","Truck Rental","6","0","1"
