mail id,company,email,address,phone,fax,sic,sic description,web,,revenue id,company,address,city,state,zip,	metro,web,phone,fax,contact,position,gender,sales,# of employee,sic,sic_descrpiton,	,,
"519720","APS Technologies","andreas.richards@lacie.com","4380 NW 135th St","3053640877","3053620333","504704","Physicians & Surgeons Equip & Supls-Whol","NULL"," Email <---> Revenue ","766256","APS Technologies","4380 NW 135th St","Opa Locka","FL","33054","Miami Dade","www.apstechnologies.com","3053620333","3053640877","Sukrit Agrawal","Owner","Mal","26910000","45","504704","Physicians &","5","0","1"
"564660","Medicore Inc","ggont@medicore.com","2337 W 76th St","3058250961","3055584000","809298","Kidney Dialysis Centers","NULL"," Email <---> Revenue ","449793","MEDICORE INC","2647 W 81ST ST","HIALEAH","FL","33016","Miami-Dade","","3055565084","","BONNIE CAPLAND","Manager","F","45300000","464","384100","Surgical,Med","5","0","1"
"461014","Heritage Oaks","infocollegeharbor@theallegro.com","4501 W Shannon Lakes Dr","8506684426","8506684004","836105","Residential Care Homes","www.theallegro.com"," Email <---> Revenue ","327141","HERITAGE OAKS","4501 W SHANNON LAKES DR","TALLAHASSEE","FL","32309","Leon","","8506684004","","KAREN PINNEY","Manager","F","33500000","510","836100","Residential ","5","0","1"
"443395","Organ Donation Ctr","jodi@wilkesondesign.com","409 Bayshore Blvd","8132511819","8132532640","809924","Organ & Tissue Banks","www.lifelinkfound.org"," Email <---> Revenue ","1839062","Organ Donation Ctr","409 Bayshore Blvd","Tampa","FL","33606","Hillsborough","www.lifelinkfound.org","8132532640","8132511819","Dana Shires","CEO","Mal","47040000","420","809924","Organ & Tiss","5","2","1"
"129439","Geo Pharma Inc","mkt@onlineihp.com","6950 Bryan Dairy Rd","7275444386","7275448866","283401","Drug-Manufacturers","NULL"," Email <---> Revenue ","292832","GEO PHARMA INC","6950 BRYAN DAIRY RD","SEMINOLE","FL","33777","Pinellas","","7275448866","","MIHIR K TANEJA","Chief Executive Office","M","49700000","159","283400","Pharmaceutic","5","0","1"
"331478","SSI Surgical Svc Inc","rschuren@surgicalservices.com","5776 Hoffner Ave # 200","4072759192","4073814701","504704","Physicians & Surgeons Equip & Supls-Whol","NULL"," Email <---> Revenue ","1528945","SSI Surgical Svc Inc","5776 Hoffner Ave # 200","Orlando","FL","32822","Orange","","4073814701","4072759192","Christopher Tihansky","CEO","Mal","33105000","363","504704","Physicians &","5","0","1"
"331748","Care Centric","V.Don@carecentric.com","1180 SW 36th Ave","9549753906","9549740707","384104","Physicians & Surgeons Equip & Supls-Mfrs","NULL"," Email <---> Revenue ","130200","CARE CENTRIC","1180 SW 36TH AVE","POMPANO BEACH","FL","33069","Broward","","9549740707","","KAREN BARCKLEY","Executive Director","F","44200000","158","737200","Prepackaged ","5","0","1"
"556330","Simplex Grinnell","alindstrom@adt.com","6450 Metro Plex Dr","5048891566","2399394456","506308","Fire Alarm Systems (Wholesale)","www.tyco.com"," Email <---> Revenue ","1563164","Simplex Grinnell","6450 Metro Plex Dr","Fort Myers","FL","33912","Lee","www.tyco.com","2399394456","2399397537","Ron Thomas","Manager","Mal","49350000","75","506308","Fire Alarm S","5","0","1"
"548144","Etco Automotive Products","Altomonte@etco.com","3004 62nd Ave E","9417587195","9417568426","364498","Noncurrent-Carrying Wiring Devices (Mfr)","NULL"," Email <---> Revenue ","1077796","Etco Automotive Products","3004 62nd Ave E","Bradenton","FL","34203","Manatee","www.etco.com","9417568426","9417587195","Robert Altomonte","President","Mal","25441000","103","364498","Noncurrent-C","5","0","1"
"555953","Mackle Co","annette.pida@avantiproducts.com","10880 NW 30th St","3055913629","3055926144","671901","Holding Companies (Non-Bank)","NULL"," Email <---> Revenue ","1320537","Mackle Co","10880 NW 30th St","Doral","FL","33172","Miami Dade","www.avantiproducts.com","3055926144","3055913629","Frank E Mackle","Owner","Mal","32400000","50","671901","Holding Comp","5","2","1"
"598657","Nursery Supplies Inc","azimlich@nurserysupplies.com","2050 Avenue A","7145382769","4078469750","399903","Manufacturers","www.nurserysupplies.com"," Email <---> Revenue ","492815","NURSERY SUPPLIES INC","2050 AVENUE A","KISSIMMEE","FL","34758","Osceola","","4078469750","","JACK CROWELL","Manager","M","44800000","700","399900","Mfg Industri","5","0","1"
"256923","Bbf Printing Solutions","BakerJ@bbfprinting.com","10950 Belcher Rd S","7275451203","7275458703","511207","Business Forms & Systems (Wholesale)","NULL"," Email <---> Revenue ","85294","BBF PRINTING SOLUTIONS","10950 BELCHER RD S","SEMINOLE","FL","33777","Pinellas","","7275458703","","JOSEPH BAKER","Chief Executive Office","M","39200000","280","511206","Business For","5","0","1"
"602463","Magnetix Group","bhohns@magnetix.com","3600 Ecommerce Pl","4079262402","4079262400","781203","Audio-Visual Production Service","NULL"," Email <---> Revenue ","1322272","Magnetix Group","3600 Ecommerce Pl","Orlando","FL","32808","Orange","","4079262400","4079262402","Bill Hohns","President","Mal","32970000","105","781203","Audio-Visual","5","0","1"
"539002","Neopost","billingdepartment@neopostinc.com","14505 Commerce Way # 600","2483568200","3058226004","357907","Mailing Machines & Equipment-Mfrs","www.neopostinc.com"," Email <---> Revenue ","482114","NEOPOST","14505 COMMERCE WAY STE 600","HIALEAH","FL","33016","Miami-Dade","","3058226004","","ALLAN BAIRD","Manager","M","46500000","1139","357900","Office Machi","5","0","1"
"139546","Lotspeich Co Inc","butlerm@lotspeich.com","16101 NW 54th Ave","3056244517","3056247777","571306","Floor Materials","NULL"," Email <---> Revenue ","1310559","Lotspeich Co Inc","16101 NW 54th Ave","Hialeah","FL","33014","Miami Dade","","3056247777","3056244517","Jim Mandich","President","Mal","46690000","230","571306","Floor Materi","5","0","1"
"559606","Patnode Roofing Inc","carmen@patnoderoofing.com","5550 Division Dr","2396938859","2396939091","176109","Roofing Contractors","NULL"," Email <---> Revenue ","518527","PATNODE ROOFING INC","5550 DIVISION DR","FORT MYERS","FL","33905","Lee","","2396939091","","BOB PATNODE","President","M","43800000","250","176100","Roofg, Sheet","5","0","1"
"406144","Professional Office Svc","chalder@poscorp.com","64 Industrial Blvd","8639676634","8639676634","511207","Business Forms & Systems (Wholesale)","www.poscorp.com"," Email <---> Revenue ","548368","PROFESSIONAL OFFICE SVC","64 INDUSTRIAL BLVD","WINTER HAVEN","FL","33880","Polk","","8639676634","","KEN SPURLING","Manager","M","27500000","446","275900","Coml Printin","5","0","1"
"410973","Crumpton Welding Supplies","charles@crumptonws.com","1602 N 34th St","NULL","8132488150","516907","Helium (Wholesale)","NULL"," Email <---> Revenue ","1764298","Crumpton Welding Supplies","1602 N 34th St","Tampa","FL","33605","Hillsborough","www.crumptonweldingsupply.com","8132488150","","Charles Crumpton Jr","President","Mal","35035000","35","516907","Helium (Whol","5","0","1"
"554470","ABB Inc","christine.gunnarsson@se.abb.com","4300 Coral Ridge Dr","3373651125","9547526700","362502","Relays (Manufacturers)","www.abb.com"," Email <---> Revenue ","763032","ABB Inc","4300 Coral Ridge Dr","Coral Springs","FL","33065","Broward","www.abb.com","9547526700","9543455329","Pat Wilkson","Plant Mgr","Mal","26880000","120","362502","Relays (Manu","5","0","1"
"150976","White Commercial Corp","cindy@whitecommercial.com","1101 SE Ocean Blvd","7722832420","7722881685","515302","Grain Brokers","www.whitecommercial.com"," Email <---> Revenue ","1701743","White Commercial Corp","1101 SE Ocean Blvd","Stuart","FL","34996","Martin","www.whitecommercial.com","7722832420","7722881685","John Werner","President","Mal","41745000","15","515302","Grain Broker","5","0","1"
"437642","Tropitone Furniture Co","contact.us@tropitone.com","1401 Commerce Blvd","9413552692","9413552715","571201","Furniture-Outdoor","www.tropitone.com"," Email <---> Revenue ","1657017","Tropitone Furniture Co","1401 Commerce Blvd","Sarasota","FL","34243","Sarasota","www.tropitone.com","9413552715","9413552692","Steve Swartz","Plant Mgr","Mal","40000000","200","571201","Furniture-Ou","5","0","1"
"509848","American Airlines Inc","corporateaaccess@aa.com","1000 Palm Bch Intl Airport","8088337620","5612336310","451201","Airline Companies","www.aa.com"," Email <---> Revenue ","1730600","American Airlines Inc","1000 Palm Bch Intl Airport","West Palm Beach","FL","33406","Palm Beach","www.aa.com","5612336310","5612336330","Richard Verner","Manager","Mal","27048000","84","451201","Airline Comp","5","0","1"
"605708","Bynum Transportation Inc","csackett@bynumtransport.com","70 Thornhill Rd","8639673922","8639673244","421306","Trucking-Liquid & Dry Bulk","www.bynumtransport.com"," Email <---> Revenue ","121029","BYNUM TRANSPORTATION INC","70 THORNHILL RD","AUBURNDALE","FL","33823","Polk","","8639673244","","DURWARD D BYNUM","Chief Executive Office","M","27600000","300","421300","Trucking","5","0","1"
"97656","United Health Care","Davies-Matthew@uhc.com","800 N Magnolia Ave","4076596930","4078721000","809904","Health Maintenance Organizations","NULL"," Email <---> Revenue ","1668894","United Health Care","800 N Magnolia Ave","Orlando","FL","32803","Orange","","4078721000","4076596930","Matthew Davies","CEO","Mal","25760000","230","809904","Health Maint","5","2","1"
"605097","Carpet One-Medallion Decorating Center","dbruce@medalliondeco.com","Suite # 212 1191 East Newport Center  Drive","9544272007","9544272502","571305","Carpet & Rug Dealers","null"," Email <---> Revenue ","133213","CARPET ONE MEDALLION PAINT","246 S FEDERAL HWY","DEERFIELD BCH","FL","33441","Broward","","9544272007","","DAVE BRUCE","Owner","M","26000000","10950","571301","Carpets","5","0","1"
"322250","WCJB","desk@wcjb.com","6220 NW 43rd St","3523736516","3523772020","483301","Television Stations & Broadcasting CO","www.wcjb.com"," Email <---> Revenue ","1686519","WCJB","6220 NW 43rd St","Gainesville","FL","32653","Alachua","www.wcjb.com","3523772020","3523736516","","","","26860000","85","483301","Television S","5","0","1"
"608395","AVI-Audio Visual Innvtns","dhurt@aviinc.com","6206 Benjamin Rd # 310","8138829508","8138847168","737701","Computers-Renting & Leasing","www.aviinc.com"," Email <---> Revenue ","1723690","AVI-Audio Visual Innvtns","6206 Benjamin Rd # 310","Tampa","FL","33634","Hillsborough","www.aviinc.com","8138847168","8138897619","Jack Landstrom","Manager","Mal","32880000","40","737701","Computers-Re","5","0","1"
"564650","Victor Distributing Co","dmorrill@victordist.com","12105 28th St N # A","7275732311","7275727276","507505","Air Conditioning Supplies & Parts (Whol)","www.victordist.com"," Email <---> Revenue ","1679299","Victor Distributing Co","12105 28th St N # A","St Petersburg","FL","33716","Pinellas","www.victordist.com","7275727276","7275732311","","","","28560000","56","507505","Air Conditio","5","0","1"
"431456","Fancy Leaf Caladiums","doctor@happinessfarms.com","704 County Road 621 E","8634651528","8634650044","519105","Seeds & Bulbs-Wholesale","www.happinessfarms.com"," Email <---> Revenue ","1090051","Fancy Leaf Caladiums","704 County Road 621 E","Lake Placid","FL","33852","Highlands","www.happinessfarms.com","8634650044","8634651528","Paul Phypers","Owner","Mal","33250000","50","519105","Seeds & Bulb","5","0","1"
"519986","Gulf Distributing Co","emaisel@gulfdistributing.com","PO Box 639","8507844888","8507858591","518101","Beer & Ale-Wholesale","NULL"," Email <---> Revenue ","1163054","Gulf Distributing Co","PO Box 639","Panama City","FL","32402","Bay","","8507858591","8507844888","Elliott Maisel","Owner","Mal","26070000","55","518101","Beer & Ale-W","5","0","1"
"507798","Dundee Citrus Growers Association","finance@dun-d.com","P;O; Box 1739","8634391574","8634391535","628205","Financial Planning Consultants","DIVERSIFIEDCITRUS.COM^^DIVERSIFIEDCITRUSMARKETING.COM"," Email <---> Revenue ","223669","DUNDEE CITRUS GROWERS ASSOC","PO BOX 1739","DUNDEE","FL","33838","Polk","","8634391574","","FRANK DUNNAHOE","President","M","25000000","500","203700","Frozen Fruit","5","0","1"
"455818","Southwest Florida Enterprises","fis@flagler.com","401 NW 38th Ct","3056314525","3056493000","794801","Race Tracks","www.flagler.com"," Email <---> Revenue ","1579731","Southwest Florida Enterprises","401 NW 38th Ct","Miami","FL","33126","Miami Dade","www.flagler.com","3056493000","3056314525","Fred Havenick","Owner","Mal","44100000","350","794801","Race Tracks","5","1","1"
"535572","Flightstar Aircraft Svc","flightstar@flightstarjax.com","14830 Yonge Dr","9047418721","9047418721","372805","Aircraft Modifications (Manufacturers)","www.flightstarjax.com"," Email <---> Revenue ","1106054","Flightstar Aircraft Svc","14830 Yonge Dr","Jacksonville","FL","32218","Duval","www.flightstarjax.com","9047418721","","Gerardo F Hernandez","President","Mal","30750000","150","372805","Aircraft Mod","5","0","1"
"581753","Luzer Electric","Frances@luzer.com","3371 NW 154th Ter","3056816863","3056819531","173101","Electric Contractors","NULL"," Email <---> Revenue ","1314536","Luzer Electric","3371 NW 154th Ter","Opa Locka","FL","33054","Miami Dade","www.luzer.com","3056819531","3056816863","Frances Huizenga","Owner","Fem","26400000","200","173101","Electric Con","5","2","1"
"292921","Davis Gas Co","gdavis@davisgas.com","205 NE 33rd Ave","3523368012","3523723383","517208","Gas-Liquefied Petro-Bttld/Bulk (Whol)","NULL"," Email <---> Revenue ","1016437","Davis Gas Co","205 NE 33rd Ave","Gainesville","FL","32609","Alachua","www.davisgas.com","3523723383","3523368012","George Davis","Owner","Mal","30186000","9","517208","Gas-Liquefie","5","0","1"
"482993","Douglas Orr Plumbing Inc","george@orrplumbing.com","301 Flagler Dr","3058880678","3058871687","171105","Plumbing Contractors","NULL"," Email <---> Revenue ","219772","DOUGLAS ORR PLUMBING INC","301 FLAGLER DR","MIAMI SPRINGS","FL","33166","Miami-Dade","","3058871687","","DOUGLAS L ORR","President","M","26400000","151","171102","Plumbing Con","5","0","1"
"374906","Lion Country Safari KOA","groups@lioncountrysafari.com","2000 Lion Country Safari Rd","5617939603","5617939797","703301","Campgrounds","www.lioncountrysafari.com"," Email <---> Revenue ","417929","LION COUNTRY SAFARI KOA","2000 LION COUNTRY SAFARI RD","LOXAHATCHEE","FL","33470","Palm Beach","","5617939797","","HAROLD KRAMER","Manager","M","28100000","3853","703300","Trlr Parks,C","5","0","1"
"513455","Florida Custom Marble Inc","hbost@floridacustommarble.com","4566 Saint Augustine Rd","9047392629","9047374513","503201","Marble-Cultured (Wholesale)","NULL"," Email <---> Revenue ","269396","FLORIDA CUSTOM MARBLE INC","4566 SAINT AUGUSTINE RD","JACKSONVILLE","FL","32207","Duval","","9047375181","9047392629","HARLAN BOST","President","M","25000000","125","503200","Brick,Stone,","5","0","1"
"576219","C & G Food Brokerage Inc","infoorlando@cgfoodbroker.com","4595 Parkbreeze Ct","4072939591","4075785959","514102","Food Brokers","www.cgfoodbroker.com"," Email <---> Revenue ","909504","C & G Food Brokerage Inc","4595 Parkbreeze Ct","Orlando","FL","32808","Orange","www.cgfoodbroker.com","4075785959","4072939591","C P Clifford","President","Mal","34110000","30","514102","Food Brokers","5","0","1"
"452832","EDX Electronics Inc","inventory@edxelectronics.com","477 Commerce Way","4078317012","4078314100","506519","Electronic Equipment & Supplies-Whol","www.edxelectronics.com"," Email <---> Revenue ","1053629","EDX Electronics Inc","477 Commerce Way","Longwood","FL","32750","Seminole","www.edxelectronics.com","4078314100","4078317012","Dennis Menefee","President","Mal","35350000","35","506519","Electronic E","5","0","1"
"368764","Merit Petroleum Co","Jack.Milholland@meritpetroleum.com","PO Box 816","8636757053","8636752301","517201","Petroleum Products (Wholesale)","NULL"," Email <---> Revenue ","1350742","Merit Petroleum Co","PO Box 816","Labelle","FL","33975","Hendry","www.meritpetroleum.com","8636752301","8636757053","Jack Milholland","Owner","Mal","26832000","8","517201","Petroleum Pr","5","0","1"
"522274","Amelia Island Plantation","JackHealan@aipfl.com","PO Box 3000","9043215047","9042616161","701111","Resorts","NULL"," Email <---> Revenue ","805984","Amelia Island Plantation","PO Box 3000","Fernandina Beach","FL","32035","Nassau","www.aipfl.com","9042616161","9043215047","Jack Healan","President","Mal","35000000","1050","701111","Resorts","5","1","1"
"241036","JHT Construction","JardonJim@jht.com","13501 Ingenuity Dr # 300","4073810017","4073817797","274119","Multimedia (Manufacturers)","NULL"," Email <---> Revenue ","1228020","JHT Construction","13501 Ingenuity Dr # 300","Orlando","FL","32826","Orange","www.jht.com","4073817797","4073810017","Jim Jardon","President","Mal","27400000","100","274119","Multimedia (","5","0","1"
"532239","JRC Transportation","Jerry@jrctransportation.com","PO Box 40","3867491117","3867492944","501208","Automobile & Truck Brokers","NULL"," Email <---> Revenue ","1228643","JRC Transportation","PO Box 40","Seville","FL","32190","Seminole","","4073215616","","Tim Bedard","Manager","Mal","25900000","7","501208","Automobile &","5","0","1"
"238687","Pexco Produce Sales","jguida@pexcoproduce.com","1305 W Dr Martin L King Jr # 8","8137528710","8137525619","514801","Fruits & Vegetables-Wholesale","www.pexcoproduce.com"," Email <---> Revenue ","527904","PEXCO PRODUCE SALES","1307 DR MARTIN L KING JR BLVD","PLANT CITY","FL","33563","Hillsborough","","8137525619","","MICHAEL PEACE","Manager","M","35800000","200","514800","Fresh Fruits","5","0","1"
"26683","Pepin Distributing Co","jhackman@pepindist.com","6401 N 54th St","8136265800","8136266176","518101","Beer & Ale-Wholesale","NULL"," Email <---> Revenue ","524480","PEPIN DISTRIBUTING CO","4121 N 50TH ST","TAMPA","FL","33610","Hillsborough","","8136266176","","TOM PEPIN","Chief Executive Office","M","42300000","300","518100","Whl Beer & A","5","0","1"
"513024","James R. Andersen","jim@superiorflorals.com","2080 N.W. 96 Ave","3055921294","null","599202","Plants","flowerstotheworld.com"," Email <---> Revenue ","1614632","Superior Florals Inc","2080 NW 96th Ave","Doral","FL","33172","Miami Dade","","3055921294","","","","","47200000","50","509905","Importers","5","0","1"
"603183","St Augustine Gas Co","jjames@westaff.com","254 Riberia St","9048241671","9048241601","517208","Gas-Liquefied Petro-Bttld/Bulk (Whol)","www.staugustinechamber.com"," Email <---> Revenue ","1586427","St Augustine Gas Co","254 Riberia St","St Augustine","FL","32084","St Johns","www.staugustinechamber.com","9048241601","9048241671","","","","33540000","10","517208","Gas-Liquefie","5","0","1"
"516835","Devoe Mega Center of Naples","jlauterbach@devoeauto.com","2601 Airport Rd S","2397741313","2394174192","458106","Airports","devoeauto.com"," Email <---> Revenue ","208647","DEVOE PONTIAC BUICK GMC","2601 AIRPORT RD S","NAPLES","FL","34112","Collier","","2397741313","","STEVE FOX","Manager","M","28300000","70","551100","New & Used C","5","0","1"
"345936","Air Operations","Jose_Bared@airoperations.com","4000 NW 28th St","3058715724","3058715449","372498","Aircraft Engines & Engine Parts-Mfrs","NULL"," Email <---> Revenue ","786070","Air Operations","4000 NW 28th St","Miami","FL","33142","Miami Dade","www.airoperations.com","3058715449","3058715724","Jose Bared","President","Mal","26775000","75","372498","Aircraft Eng","5","0","1"
"490884","Hydraulic Supply Co","jpparish@hydraulicsupply.com","680 Montgomery St","4072954537","4072919982","508519","Hose Couplings & Fittings (Wholesale)","www.hydraulicsupply.com"," Email <---> Revenue ","342295","HYDRAULIC SUPPLY","680 MONTGOMERY ST","ORLANDO","FL","32808","Orange","","4072954537","","JIM INGLIS","Manager","M","34800000","281","342900","Misc Mtl Pdt","5","0","1"
"66627","Fry-Hammond-Barr Inc","jsternberg@fhbnet.com","600 E Washington St","4078490817","4078490100","731101","Advertising-Agencies & Counselors","NULL"," Email <---> Revenue ","1125559","Fry-Hammond-Barr Inc","600 E Washington St","Orlando","FL","32801","Orange","www.fhbnet.com","4078490100","4078490817","Pete Barr Sr","Owner","Mal","25000000","42","731101","Advertising-","5","0","1"
"83216","Marble Kare Products","kevin@marblekareusa.com","5020 Champion Boulevard G-6; #242","null","null","5211","Building materials","marblekareproducts.com"," Email <---> Revenue ","1327623","Marble Kare Products","5030 Champion Blvd","Boca Raton","FL","33496","Palm Beach","","5619975858","","Kevin Ressler","Owner","Mal","30030000","30","516925","Cleaning Com","5","0","1"
"437321","K & Y Carpet One","kycarpetone@kycarpetone.com","8085 N Atlantic Ave","3217573335","3217575661","571305","Carpet & Rug Dealers","null"," Email <---> Revenue ","133210","CARPET ONE K & Y","4250 N WICKHAM RD","MELBOURNE","FL","32935","Brevard","","3217573335","","JIM KATEHAKIS","Manager","M","26000000","10950","571301","Carpets","5","0","1"
"570822","Laboratory Supply Co-Labsco","labsco@labsco.com","3069 Mercury Rd","3175476705","9047399032","504906","Laboratory Equipment & Supplies (Whol)","www.labsco.com"," Email <---> Revenue ","400306","LABORATORY SUPPLY CO-LABSCO","3069 MERCURY RD","JACKSONVILLE","FL","32207","Duval","","9047399032","","KRIS MCMILLAN","Manager","F","26600000","182","504703","Medical Equi","5","0","1"
"596014","EMC Inc","lacroix_rick@emc.com","3000 Bayport Dr # 900","9498330690","8132826969","357101","Computers-Electronic-Manufacturers","www.emc.com"," Email <---> Revenue ","1773865","EMC Inc","3000 Bayport Dr # 900","Tampa","FL","33607","Hillsborough","www.emc.com","8132826969","8132896275","Chris Jones","Manager","Mal","43200000","50","357101","Computers-El","5","0","1"
"589647","Thermal Concepts","lmaurer@thermalconcepts.com","2201 College Ave","9543706410","9544724465","171117","Air Conditioning Contractors & Systems","www.thermalconcepts.com"," Email <---> Revenue ","1635184","Thermal Concepts","2201 College Ave","Davie","FL","33317","Broward","www.thermalconcepts.com","9544724465","9543706410","Lawrence D Maurer","President","Mal","31682000","217","171117","Air Conditio","5","0","1"
"571679","Lowe's","manager@lowes.com","1201 Airport Blvd","8508577915","8508577901","521142","Lumber","www.lowes.com"," Email <---> Revenue ","1311791","Lowe's","1201 Airport Blvd","Pensacola","FL","32504","Escambia","www.lowes.com","8508577901","8508577915","Michael Guin","Manager","Mal","46440000","180","521142","Lumber-Retai","5","0","1"
"79051","Naylor Publications","Michael@naylor.com","5950 NW 1st Pl","3523313525","3523321252","274107","Publishers-Directory & Guide","NULL"," Email <---> Revenue ","1386558","Naylor Publications","5950 NW 1st Pl","Gainesville","FL","32607","Alachua","www.naylor.com","3523321252","3523313525","Michael Moss","President","Mal","34798000","127","274107","Publishers-D","5","0","1"
"80545","Burton Golf Inc","mike@aldaycommunications.com","654 Anchors St NW","8506640030","8502448651","394923","Sporting Goods-Manufacturers","www.burtongolf.com"," Email <---> Revenue ","907027","Burton Golf Inc","654 Anchors St NW","Fort Walton Bch","FL","32548","Okaloosa","www.burtongolf.com","8502448651","8506640030","Don Ochsenreiter","CEO","Mal","34650000","175","394923","Sporting & A","5","0","1"
"544283","Insurance Management Solutions","MikeJ@outsourceimsg.com","801 94th Ave N # 200","7278032093","7278032040","737401","Data Processing Service","NULL"," Email <---> Revenue ","1212528","Insurance Management Solutions","801 94th Ave N # 200","St Petersburg","FL","33702","Pinellas","www.outsourceimsg.com","7278032040","7278032093","Mike Jones","CEO","Mal","32264000","500","737401","Data Process","5","0","1"
"567530","Mc Gill Airflow Corp","milwaukee@mcgillairflow.com","6321 Emperor Dr # 202","6412367352","4078417953","344404","Duct & Duct Fittings (Manufacturers)","www.mcgillairflow.com"," Email <---> Revenue ","446566","MC GILL AIRFLOW CORP","6321 EMPEROR DR STE 202","ORLANDO","FL","32809","Orange","","4078269950","","ROB WELLS","Manager","M","39000000","552","344400","Sheet Metal ","5","0","1"
"511116","Laird Plastics","MKramer@lairdplastics.com","15825 NW 15th Ave","NULL","3056269800","308901","Mold Makers","NULL"," Email <---> Revenue ","400909","LAIRD PLASTICS","15825 NW 15TH AVE","MIAMI","FL","33169","Miami-Dade","","3056269800","","","Unknown","","32000000","500","308900","Plastic Pdts","5","0","1"
"468367","Premio Computer Inc","mktg@premiopc.com","8784 NW 18th Ter","7703681068","3054710199","504503","Computers-Wholesale","www.premiopc.com"," Email <---> Revenue ","1461113","Premio Computer Inc","8784 NW 18th Ter","Doral","FL","33172","Miami Dade","www.premiopc.com","3054710199","3054716154","Carlo Cornejo","Manager","Mal","25000000","20","504503","Computers-Wh","5","0","1"
"215915","Arch Aluminum & Glass Co; Inc","mweiss@archaluminum.net","10200 NW 67 Street","9547241775","null","1099","Metal ores","ARMORBACK.COM"," Email <---> Revenue ","59164","ARCH ALUMINUM & GLASS CO INC","10200 NW 67TH ST","TAMARAC","FL","33321","Broward","","9547241775","","LEON SILVERSTEIN","Chief Executive Office","M","46000000","2000","321100","Mfg Flat Gla","5","0","1"
"506260","Countertop Shop","NickF@midcape.net","6222 Tower Ln # A1","9413439950","9413439940","571213","Counter Tops","NULL"," Email <---> Revenue ","179099","COUNTERTOP SHOP","6222 TOWER LN UNIT A1","SARASOTA","FL","34240","Sarasota","","9413439940","","NICK FORMICA","President","M","29200000","426","571202","Cust Furn,Ca","5","0","1"
"490682","Gulf Coast Electric Co-Op Inc","officeserviceswewahitchka@gcec.com","722 Highway 22","8506395061","8506392216","491101","Electric Companies","www.gcec.com"," Email <---> Revenue ","1793756","Gulf Coast Electric Co-Op Inc","PO Box 220","Wewahitchka","FL","32465","Gulf","www.gcec.com","8506392216","8506395061","Roy Barnes","Manager","Mal","46200000","75","491101","Electric Com","5","0","1"
"603184","Panalpina Inc","oilandgas@panalpina.com","3505 NW 107th Ave","3108194055","3054999800","473104","Freight-Forwarding","www.panalpina.com"," Email <---> Revenue ","1425089","Panalpina Inc","3505 NW 107th Ave","Doral","FL","33178","Miami Dade","www.panalpina.com","3054999800","3057163636","Grace Guerndian","Manager","Fem","44700000","300","473104","Freight-Forw","5","0","1"
"555975","Largo Public Works Dept","omb@largo.com","1000 2nd St SE","7275876780","7275867418","161104","Parking Area/Lots Maintenance & Marking","www.largo.com"," Email <---> Revenue ","405477","LARGO PUBLIC WORKS DEPT","1000 2ND ST SE","LARGO","FL","33771","Pinellas","","7275867418","","","Unknown","","26700000","210","161100","Highway & St","5","0","1"
"451268","Hellmann Worldwide Logistics","patty.stanford@us.hellmann.net","10450 NW 41st St","3055914430","3055923985","473104","Freight-Forwarding","NULL"," Email <---> Revenue ","325620","HELLMANN WORLDWIDE LOGISTICS","10450 DORAL BLVD","DORAL","FL","33178","Miami-Dade","","3054064500","","DIETER KASPRZYK","Executive Vice-Preside","M","31100000","180","473103","Freight Forw","5","0","1"
"476915","Riva Motorsports","patw@rivamotorsports.com","3671 N Dixie Hwy","9547855001","9547854820","557106","Motorcycles & Motor Scooters-Dealers","www.rivayamaha.com"," Email <---> Revenue ","1507645","Riva Motorsports","3671 N Dixie Hwy","Pompano Beach","FL","33064","Broward","www.rivayamaha.com","9547854820","9547855001","Steve Bandas","Owner","Mal","32769000","99","557106","Motorcycles ","5","0","1"
"15071","Brown-Vann Carpet One","paulv@brown-vann.com","810 East Duval St/Hwy 90 East","3867523420","3867528093","571305","Carpet & Rug Dealers","null"," Email <---> Revenue ","133194","CARPET ONE BROWN VANN","131 W DUVAL ST","LAKE CITY","FL","32055","Columbia","","3867523420","","SAMUEL PAUL VANN SR","Manager","M","26000000","10950","571301","Carpets","5","0","1"
"562477","Northwestern Meat Inc","peteynunez@northwesternselecta.com","2100 NW 23rd St","3056336907","3056338112","509901","Exporters","www.numeat.com"," Email <---> Revenue ","1399120","Northwestern Meat Inc","2100 NW 23rd St","Miami","FL","33142","Miami Dade","www.numeat.com","3056338112","3056336907","Elpidio Nunez","Owner","Mal","44200000","20","509901","Exporters","5","0","1"
"587284","Jet Aviation","pgillhaus@jetaviation.com","1515 Perimeter Rd","5612337222","5612337233","458104","Aircraft Servicing & Maintenance","NULL"," Email <---> Revenue ","370804","JET AVIATION","1515 PERIMETER RD","WEST PALM BCH","FL","33406","Palm Beach","","5612337200","","NORBERT EHRICH","Manager","M","44400000","1823","458100","Airports & T","5","0","1"
"596421","Design Options","pverble@designoptions.com","5202 Eagle Trail Dr","8138852994","8138854950","502113","Office Furniture & Equip-Wholesale","www.designoptions.com"," Email <---> Revenue ","207369","DESIGN OPTIONS","5455 W WATERS AVE STE 214","TAMPA","FL","33634","Hillsborough","","8138854950","","JERRY MESSERMAN","Chief Executive Office","M","27700000","130","502101","Off,Public B","5","0","1"
"557475","Quantachrome Inc","qc.lab@quantachrome.com","1900 Corporate Dr","5617329888","5617314999","504905","Scientific Apparatus & Instruments-Whol","www.quantachrome.com"," Email <---> Revenue ","1476186","Quantachrome Inc","1900 Corporate Dr","Boynton Beach","FL","33426","Palm Beach","www.quantachrome.com","5617314999","5617329888","S Lowell","Owner","Mal","25980000","60","504905","Scientific A","5","0","1"
"480754","Direct Buy","Randy_Cover@directbuy.com","9143 Philips Hwy","9045191022","9045190400","571216","Furniture-Dealers-Retail","NULL"," Email <---> Revenue ","211478","DIRECT BUY","9143 PHILIPS HWY","JACKSONVILLE","FL","32256","Duval","","9045190400","","RANDY COVER","Manager","M","40000000","1350","571200","Furniture St","5","0","1"
"502310","Associated Engineering Conslts","readerservices@gfp.com","522 Stockton St","9043947261","9043947687","874832","Fire Protection Consultants","www.gfp.com"," Email <---> Revenue ","64780","ASSOCIATED ENGINEERING CONSLTS","522 STOCKTON ST","JACKSONVILLE","FL","32204","Duval","","9043947687","","NANDU PARYANI","President","M","45000000","200","874800","Bus Consulti","5","0","1"
"478143","Silver Springs Natural Theme","RG@silversprings.com","5656 E Silver Springs Blvd","3522362860","3522362121","799972","Tourist Attractions","NULL"," Email <---> Revenue ","1562397","Silver Springs Natural Theme","5656 E Silver Springs Blvd","Silver Springs","FL","34488","Marion","","3522362121","3522362860","Robert Gallagher","CEO","Mal","33600000","400","799972","Tourist Attr","5","0","1"
"373627","Chuck's Backhoe Svc Inc","richard@chucksbackhoe.com","2301 NW 15th Ct","9549736667","9549736667","735949","Contractors-Equipment & Supls-Renting","www.chucksbackhoe.com"," Email <---> Revenue ","953612","Chuck's Backhoe Svc Inc","2301 NW 15th Ct","Pompano Beach","FL","33069","Broward","www.chucksbackhoe.com","9549736600","9549736667","Richard Turk","Owner","Mal","27450000","150","735949","Contractors-","5","0","1"
"523374","Hercules Bulldog","RussB@herculesbulldog.com","1016 N Belcher Rd","7277978849","7277961300","508520","Hydraulic Equipment & Supplies (Whol)","NULL"," Email <---> Revenue ","326786","HERCULES BULLDOG","1016 N BELCHER RD","CLEARWATER","FL","33765","Pinellas","","7277961300","","RUSS BROWN","President","M","28900000","167","508500","Whl Indus Su","5","0","1"
"287862","Tourist Information Ctr","S_Schlossberg@accumen.com","100 E Granada Blvd","3862570513","3862575735","874213","Marketing Programs & Services","NULL"," Email <---> Revenue ","681685","TOURIST INFORMATION CTR","100 E GRANADA BLVD","ORMOND BEACH","FL","32176","Volusia","","3862575735","","STEVE SCHLOSSBERG","President","M","25000000","100","874203","Mrkting Cons","5","0","1"
"410300","Sy's Supplies","Samuel@syssupplies.com","1489 N Military Trl # 114","NULL","5614719808","508206","Contractors-Equip/Supls-Dlrs/Svc (Whol)","NULL"," Email <---> Revenue ","1876652","Sy's Supplies","1489 N Military Trl # 114","West Palm Beach","FL","33409","Palm Beach","","5614719808","","Samuel Applebound","Owner","Mal","33300000","50","508206","Contractors-","5","0","1"
"338687","Lennar Homes","Seijas.Anthony@lennar.com","730 NW 107th Ave # 400","3055594543","3055591951","308902","Plastics & Plastic Products (Mfrs)","NULL"," Email <---> Revenue ","1296812","Lennar Homes","730 NW 107th Ave # 400","Miami","FL","33172","Miami Dade","","3055591951","3055594543","Anthony Seijas","President","Mal","49200000","300","308902","Plastics & P","5","0","1"
"573577","Lift Power Inc","servicedept@liftpower.com","5820 Commonwealth Ave","2292937857","9047830250","508426","Material Handling Equipment (Wholesale)","www.liftpower.com"," Email <---> Revenue ","1301188","Lift Power Inc","5820 Commonwealth Ave","Jacksonville","FL","32254","Duval","www.liftpower.com","9047830250","9047811451","Paul Mohrman","Owner","Mal","45152000","83","508426","Material Han","5","0","1"
"492460","Chris Craft","SHeese@chriscraft.com","8161 15th St E","9413583776","9413514900","373201","Boats-Manufacturers","NULL"," Email <---> Revenue ","951381","Chris Craft","8161 15th St E","Sarasota","FL","34243","Sarasota","www.chriscraft.com","9413514900","9413583776","Steve Heese","President","Mal","33000000","200","373201","Boats-Manufa","5","0","1"
"400043","Optima Technologies Corp","sjensen@optimatechnologies.com","PO Box 1119","7278475653","7278429977","386198","Photographic Equip & Supplies-Mfrs","NULL"," Email <---> Revenue ","1411058","Optima Technologies Corp","PO Box 1119","Port Richey","FL","34673","Pasco","www.optimatechnologies.com","7278429977","7278475653","Steve Jensen","Owner","Mal","28405000","65","386198","Photographic","5","0","1"
"318569","Ashe Industries Corporate","steve@asheindustries.com","4505 Transport Dr","8132472809","8132472743","505128","Aluminum (Wholesale)","www.asheindustries.com"," Email <---> Revenue ","1735137","Ashe Industries Corporate","4505 Transport Dr","Tampa","FL","33605","Hillsborough","www.asheindustries.com","8132472743","8132472809","Robert Ashe","Manager","Mal","35598000","34","505128","Aluminum (Wh","5","0","1"
"479624","PGA Tour Travel","sue_mustard@pgatourhq.com","Suite 3 13000 Sawgrass Village","9042854001","9042851173","4724","Travel agents","null"," Email <---> Revenue ","528026","PGA TOUR TRAVEL","2 SAWGRASS VILLAGE DR","PONTE VEDRA","FL","32082","St. Johns","","9042854001","","SUE MUSTARD","Manager","F","32100000","2344","472400","Travel Agenc","5","0","1"
"515854","Ocala Breeders Feed & Supply","tanya@obfs.com","431 NW 27th Ave","3526297925","3526298686","204803","Feed-Manufacturers","www.obfs.com"," Email <---> Revenue ","1403264","Ocala Breeders Feed & Supply","431 NW 27th Ave","Ocala","FL","34475","Marion","www.obfs.com","3526298686","3526297925","J Dean Wright","Manager","Mal","30440000","40","204803","Feed-Manufac","5","0","1"
"480098","Cannon Automotive Group","tcannon@cannonautos.com","5210 South Florida Ave","8636465051","8636485430","7549","Automotive services","cannonautos.com"," Email <---> Revenue ","127148","CANNON BUICK INC","5210 S FLORIDA AVE","LAKELAND","FL","33813","Polk","","8636465051","","DANNY CANNON","Owner","M","32300000","80","551100","New & Used C","5","0","1"
"327897","Pittman & Davis","Ted@pittmandavis.com","9055 17th Pl","7725698946","7725692403","514805","Fruits & Vegetables-Growers & Shippers","NULL"," Email <---> Revenue ","533391","PITTMAN & DAVIS","9055 17TH PL","VERO BEACH","FL","32966","Indian River","","7725692403","","TED DAVIS","President","M","25100000","140","514800","Fresh Fruits","5","0","1"
"594474","Sky Way Enterprise","Thomas@skywayent.com","3031 Patrick St","4079320607","4079320600","451202","Air Cargo Service","NULL"," Email <---> Revenue ","1565475","Sky Way Enterprise","3031 Patrick St","Kissimmee","FL","34741","Osceola","www.skywayent.com","4079320600","4079320607","Thomas Loumankin","Owner","Mal","40250000","125","451202","Air Cargo Se","5","0","1"
"520807","Florida Keys Electric","timothy@fkec.com","PO Box 377","3058524794","3058522431","491101","Electric Companies","NULL"," Email <---> Revenue ","1784064","Florida Keys Electric","PO Box 377","Tavernier","FL","33070","Monroe","www.fkec.com","3058522431","3058524794","Timothy Planer","CEO","Mal","37900000","132","491101","Electric Com","5","0","1"
"565644","WPBF","tkenney@hearst.com","3970 Rca Blvd # 7007","5616241089","5616942525","483301","Television Stations & Broadcasting CO","www.thewpbfchannel.com"," Email <---> Revenue ","1686879","WPBF","3970 Rca Blvd # 7007","Palm Beach Gdns","FL","33410","Palm Beach","www.thewpbfchannel.com","5616942525","5616241089","Viki Regan","Manager","Fem","34760000","110","483301","Television S","5","0","1"
"603541","Aspen AC Inc","tonif@aspenac.com","3999 N Dixie Hwy","5613953385","5613951500","171117","Air Conditioning Contractors & Systems","www.aspenac.com"," Email <---> Revenue ","64249","ASPEN AC INC","3999 N DIXIE HWY","BOCA RATON","FL","33431","Palm Beach","","5613951500","","STEVE MAGUIRE","Owner","M","26300000","150","171104","Heating,Air ","5","0","1"
"466427","Berry Co","tony.evans@lmberry.com","PO Box 459","8636751601","8636752769","017402","Citrus Fruit Products","NULL"," Email <---> Revenue ","870321","Berry Co","PO Box 459","Labelle","FL","33975","Lee","","8636752769","8636751601","W E Kemper","President","Mal","29750000","175","17402","Citrus Fruit","5","0","1"
"302168","Nortrax","usedparts@nortrax.com","4333 N John Young Pkwy","7158318230","4072991212","508206","Contractors-Equip/Supls-Dlrs/Svc (Whol)","www.nortrax.com"," Email <---> Revenue ","1399276","Nortrax","4333 N John Young Pkwy","Orlando","FL","32804","Orange","www.nortrax.com","4072991212","4072971556","Ralph Fetzer","Manager","Mal","26640000","40","508206","Contractors-","5","0","1"
"198556","Wakely & Assoc Inc","wayne.lefleur@wakelyinc.com","33 N Garden Ave # 1100","7275845613","7275848128","899910","Actuaries","NULL"," Email <---> Revenue ","1688298","Wakely & Assoc Inc","33 N Garden Ave # 1100","Clearwater","FL","33755","Pinellas","www.wakelyinc.com","7275848128","7275845613","John J Anthony","President","Mal","32160000","240","899910","Actuaries","5","1","1"
"381610","Jacksonville Transport Auth","webadmin@jtafla.com","100 N Myrtle Ave","9046303181","9046303181","962104","City Government-Transportation Programs","www.jtafla.com"," Email <---> Revenue ","367241","JAX TRANSPORTATION AUTH","100 N MYRTLE AVE","JACKSONVILLE","FL","32204","Duval","","9046303181","","MICHAEL J BLAYLOCK","Chief Executive Office","M","34700000","550","413100","Intercity Bu","5","0","1"
"28290","Sarasota Opera Assn Inc","webmanager@nycopera.com","61 N Pineapple Ave","2128704285","9413668450","792207","Theatres-Live","www.nycopera.com"," Email <---> Revenue ","1538440","Sarasota Opera Assn Inc","61 N Pineapple Ave","Sarasota","FL","34236","Sarasota","www.sarasotaopera.org","9413668450","9419555571","Susan Danis","President","Fem","28200000","200","792207","Theatres-Liv","5","1","1"
"578137","Wildwood KOA","wildwoodkoa@floridawildwoodkoa.com","882 E State Road 44","3527482774","3527482774","703301","Campgrounds","www.floridawildwoodkoa.com"," Email <---> Revenue ","383000","K O A KAMPGROUND","882 E STATE ROAD 44","WILDWOOD","FL","34785","Sumter","","3527482774","","ERNEST GROSS","Owner","M","28100000","3853","703300","Trlr Parks,C","5","0","1"
"79199","Seasonshield Inc","william.gill@seasonshield.com","355 Center Ct","9414976780","9414971984","321101","Glass-Manufacturers","NULL"," Email <---> Revenue ","1863678","Seasonshield Inc","355 Center Ct","Venice","FL","34285","Sarasota","","9414971984","9414976780","William Gill","President","Mal","47250000","150","321101","Glass-Manufa","5","0","1"
"519163","American Heritage Day Camp","William@ahschool.com","12200 W Broward Blvd","9544723088","9544720022","703203","Camps","NULL"," Email <---> Revenue ","809420","American Heritage Day Camp","12200 W Broward Blvd","Plantation","FL","33325","Broward","www.ahschool.com","9544720022","9544723088","William Laurie","President","Mal","46500000","500","703203","Camps","5","1","1"
