mail id,company,email,address,phone,fax,sic,sic description,web,,revenue id,company,address,city,state,zip,	metro,web,phone,fax,contact,position,gender,sales,# of employee,sic,sic_descrpiton,	,,
"236597","Owens & Minor Inc","web.master@owens-minor.com","3019 Mercy Dr # A","8655880705","4072995490","504704","Physicians & Surgeons Equip & Supls-Whol","www.owens-minor.com"," Email <---> Revenue ","506695","OWENS & MINOR INC","3019 MERCY DR","ORLANDO","FL","32808","Orange","","4072901209","","DON GREENWOOD","Vice-President","M","4822400000","23800","384100","Surgical,Med","8","0","1"
"487404","Diebold Inc","betzj@diebold.com","4820 Executive Park Ct # 101","6147710864","9043324400","504411","Bank Equipment & Supplies (Wholesale)","www.diebold.com"," Email <---> Revenue ","210342","DIEBOLD INC","4820 EXECUTIVE PARK CT STE 101","JACKSONVILLE","FL","32216","Duval","","9043324400","","KOLEN SAWYER","Manager","M","2587000000","75947","357800","Calctg, Acct","8","0","1"
"383662","Dart Container Sales Co","environment@dart.biz","600 W Hillsboro Blvd","9546986556","9546986556","308902","Plastics & Plastic Products (Mfrs)","www.dart.biz"," Email <---> Revenue ","197520","DART CONTAINER SALES","600 W HILLSBORO BLVD STE 600","DEERFIELD BCH","FL","33441","Broward","","9546986556","","PETER BYRON","Vice-President","M","332800000","5945","308900","Plastic Pdts","8","0","1"
"247024","GE Industrial Systems","ge@pictureahealthyworld.com","790 NW 107th Ave # 200","4109962634","3055515155","509901","Exporters","www.ge.com"," Email <---> Revenue ","291029","GE INDUSTRIAL SYSTEMS","790 NW 107TH AVE STE 200","MIAMI","FL","33172","Miami-Dade","","3055515155","","RICKY GONZALEZ","Manager","M","157153000000","307000","509907","Exporters","8","0","1"
"165070","G & K Svc","gkcares@gkservices.com","2801 Saluda Rd","7706140229","8636655168","721803","Uniform Rental Service","www.gkservices.com"," Email <---> Revenue ","284925","G & K SVC","2801 SALUDA RD","LAKELAND","FL","33801","Polk","","8636655168","","TODD GRIFFIN","Manager","M","880800000","9685","721300","Linen Supply","8","0","1"
"236266","Toys R Us","guestservices.us@toysrus.com","1381 Tamiami Trl","4794428697","9416299688","594517","Toys-Retail","www.toysrus.com"," Email <---> Revenue ","682690","TOYS R US","1381 TAMIAMI TRL","PT CHARLOTTE","FL","33948","Charlotte","","9416299688","","BOB CAMBRIDGE","Manager","M","11194000000","38255","594500","Hobby,Toy, G","8","0","1"
"311710","Centimark Corp","kathy.slencak@centimark.com","5370 NW 35th Ter # 109","6158224799","9546779195","176109","Roofing Contractors","www.centimark.com"," Email <---> Revenue ","139736","CENTIMARK CORP","5370 NW 35TH TER STE 109","FT LAUDERDALE","FL","33309","Broward","","9546779195","","DAVE TREDINNICK","Manager","M","450000000","2459","176100","Roofg, Sheet","8","0","1"
"155871","PPG Auto Glass","rossey@ppg.com","537 W Pine St","4074250568","4074250568","523110","Glass-Auto Plate & Window & Etc","www.independentglassdistributors.com"," Email <---> Revenue ","540726","PPG AUTO GLASS","537 W PINE ST","ORLANDO","FL","32805","Orange","","4074250579","","","Unknown","","10201000000","99653","523101","Glass","8","0","1"
"572357","Yellow Transportation Inc","sdawson@lakpr.com","101 SW 57th Ave","8042713451","3522376178","421304","Trucking","www.myyellow.com"," Email <---> Revenue ","740335","YELLOW TRANSPORTATION INC","101 SW 57TH AVE","OCALA","FL","34474","Marion","","3522376178","","MARK NIGHTINGALE","Manager","M","8741600000","57451","421300","Trucking","8","0","1"
"470229","PSS World Medical Inc","seaglin@pssd.com","4345 Southpoint Blvd","5044698424","9043323000","504704","Physicians & Surgeons Equip & Supls-Whol","www.pssd.com"," Email <---> Revenue ","550959","PSS WORLD MEDICAL INC","4345 SOUTHPOINT BLVD","JACKSONVILLE","FL","32216","Duval","","9043323000","","DAVID A SMITH","Chief Executive Office","M","1473800000","6100","504703","Medical Equi","8","0","1"
"436203","U S Security Co","tfaircloth@usalossprevention.com","967 E Memorial Blvd","8636822023","8636822023","738102","Security Guard & Patrol Service","www.ussecurityassociates.com"," Email <---> Revenue ","702912","US SECURITY ASSOC INC","967 E MEMORIAL BLVD","LAKELAND","FL","33801","Polk","","8636822023","","KAREN DEOGRACIAS","Vice-President","F","1080000000","18000","738102","Guard & Patr","8","0","1"
"362043","American Tire Distributors","tireinfo@atd-us.com","16542 NW 54th Ave","4047689247","3056235701","501401","Tire-Distributors","www.targettire.com"," Email <---> Revenue ","48505","AMERICAN TIRE DISTRIBUTORS","16542 NW 54TH AVE","HIALEAH","FL","33014","Miami-Dade","","3056235701","","KEN GRYZMALA","Manager","M","778700000","15387","501400","Whl Tires & ","8","0","1"
"406801","Ecolab International","ecolab@ecolab.com","5701 NW 88th Ave # 270","7708590697","9547200373","874837","Industrial Hygiene Consultants","www.ecolab.com"," Email <---> Revenue ","230133","ECOLAB INTERNATIONAL","5701 NW 88TH AVE STE 270","TAMARAC","FL","33321","Broward","","9547200373","","TOM CLARK","Vice-President","M","4534800000","3448","874800","Bus Consulti","8","0","1"
"63763","Brenntag Mid-South","m.roncelli@safechem-europe.com","250 Central Florida Pkwy","4323678266","4078579310","289905","Chemicals-Manufacturers","www.brenntag.com"," Email <---> Revenue ","110155","BRENNTAG MID-SOUTH","250 CENTRAL FLORIDA PKWY","ORLANDO","FL","32824","Orange","","4078579310","","BRICE ELLEDGE","Manager","M","1602000000","8900","281200","Alkalies & C","8","0","1"
"396274","Sysco Food Svc Of Central FL","resumes@corp.sysco.com","200 W Story Rd","5152895380","4078778500","514101","Food Products (Wholesale)","www.sysco.com"," Email <---> Revenue ","659980","SYSCO FOOD SVC OF CENTRAL FL","200 W STORY RD","OCOEE","FL","34761","Orange","","4078778500","4076564399","HENRY D VARNELL III","Chief Executive Office","M","30281900000","47800","514100","Whl Gen Groc","8","0","1"
"573455","United States Postal Svc","shannon.labruyere@usps.com","1551 Us Highway 1","7727783039","7727783263","899999","Services Nec","www.usps.com"," Email <---> Revenue ","698360","UNITED STATES POSTAL SERVICE","1551 US HIGHWAY 1","VERO BEACH","FL","32960","Indian River","","7727783039","","RICK SMITH","Manager","M","3764700000","752949","899900","Misc Service","8","0","1"
