mail id,company,email,address,phone,fax,sic,sic description,web,,revenue id,company,address,city,state,zip,	metro,web,phone,fax,contact,position,gender,sales,# of employee,sic,sic_descrpiton,	,,
"551975","Villages","mark.francis@thevillagesmedia.com","1100 Main St","3527532270","3527532270","805904","Retirement Communities & Homes","www.thevillagesdailysun.com"," Email <---> Revenue ","1411467","Orange Blossom Hills G&C Club","1100 Main St","Lady Lake","FL","32159","Lake","","3527532270","","H Morse","President","","0","0","655200","Land Develop","1","0","1"
"397192","American Coach Lines","cruise@americancoachlines.com","3501 W Beaver St","4078269999","9043819990","414201","Buses-Charter & Rental","www.americancoachlines.com"," Email <---> Revenue ","45504","AMERICAN COACH LINES","3501 W BEAVER ST","JACKSONVILLE","FL","32254","Duval","","9043559999","","FRANK ONEAL","Manager","M","500000","9","414200","Non-Lcl Bus ","1","0","1"
"591609","Everything Goes Auction","driley@enewslettersusa.com","16465 SE 138th Ave","3528211911","3528211911","738901","Auctioneers","www.auctionbarn.com"," Email <---> Revenue ","1724185","Absolute Auction Services","16465 SE 138th Ave","Weirsdale","FL","32195","Marion","","3528211911","","Thomas Heller","Owner","mal","0","0","738914","Business Ser","1","0","1"
"553832","Gameworks","guestrelations1@gameworks.com","1000 Universal Studios Plz","4072244788","4073633424","799303","Arcades","www.gameworks.com"," Email <---> Revenue ","287787","GAMEWORKS","1000 UNIVERSAL STUDIOS PLZ","ORLANDO","FL","32819","Orange","","4073633424","","BILL FREEMAN","Manager","M","800000","15","799300","Coin-Oper Am","1","0","1"
"362800","Taco Metals Inc","jserocki@tacometals.com","1100 Charles St","4078348836","4073391190","336501","Foundries-Aluminum Brass Bronze & Etc","www.tacometals.com"," Email <---> Revenue ","661979","TACO METALS INC","1100 CHARLES ST","LONGWOOD","FL","32750","Seminole","","4073391190","","BRETT GREER","Manager","M","800000","15","336500","Aluminum Fou","1","0","1"
"434768","Russian Store","MarkGelman@markys.com","687 NE 79th St","3057580008","3057586252","549920","Gourmet Shops","NULL"," Email <---> Revenue ","90184","BELUGA CAVIAR FD PRODS","687 NE 79TH ST","MIAMI","FL","33138","Miami-Dade","","3057580008","","","Unknown","","0","3","999900","Nclassifiabl","1","0","1"
"456548","Ned Davis Research","websupport@ndr.com","600 Bird Bay Dr W","9414846107","9414846107","873206","Research Service","www.ndr.com"," Email <---> Revenue ","1834476","Ned Davis Research Inc","600 Bird Bay Dr W","Venice","FL","34285","Sarasota","","9414846107","","Nathan Davis","President","mal","0","0","873201","Stock Market","1","0","1"
"587716","Ranger American","hodgkinsc@reflecting-you.com","2118 Corporate Dr","3172950369","5613747979","874813","Security Systems Consultants","www.rangeramerican.net"," Email <---> Revenue ","1488302","Ranger American","2118 Corporate Dr","Boynton Beach","FL","33426","Palm Beach","www.rangeramerican.net","5613747979","5613749818","Denise Bardeen","Manager","Fem","225000","1","874813","Security Sys","1","0","1"
"494171","South Florida Auto Auction","rhonda.grable@olaa.com","3500 NW 21st St","9547399996","9547399996","501204","Automobile Auctions (Wholesale)","www.sflaa.com"," Email <---> Revenue ","1573506","South Fla Auto Actn Ft Ldrdale","3500 NW 21st St","Fort Lauderdale","FL","33311","Broward","","9547399996","","Gayle Kelley","President","","0","0","501201","Auto Auction","1","0","1"
"507768","Lee County Environmental Lab","smithjk@leegov.com","60 Danley Dr","2399394850","2392787070","951103","County Government-Environmental Programs","www.lee-county.com"," Email <---> Revenue ","410022","LEE COUNTY ENVIRONMENTAL LAB","60 DANLEY DR","FORT MYERS","FL","33907","Lee","","2392787070","","KEITH KIBBEY","Manager","M","0","15","951100","Envrmtl/Cons","1","0","1"
"240093","H M Management","bbutler@sunbeltchemicals.com","Butternut Ave","3864464595","3864375888","873111","Environmental & Ecological Services","www.sunbeltchemicals.com"," Email <---> Revenue ","1166904","H M Management","Butternut Ave","Bunnell","FL","32110","Flagler","www.sunbeltchemicals.com","3864375888","","","","","880000","5","873111","Environmenta","1","0","1"
"590303","Dealer Auto Exchange","jim@dealerauto.com","1865 SW 4th Ave","5613308102","5613308150","551103","Automobile Dealers-Used Cars","www.dealerauto.com"," Email <---> Revenue ","1018645","Dealer Auto Exchange","1865 SW 4th Ave","Delray Beach","FL","33444","Palm Beach","www.dealerauto.com","5613308150","5613308102","Bernard Schulman","Owner","mal","0","0","552199","Ret Used Aut","1","0","1"
"373903","Agro Export Services L.C.","jpgay@atlanticdigital.com","6000A Sawgrass Village Circle","9042858405","9042858406","729922","Buyers Information Service","MARSH-LANDING.COM"," Email <---> Revenue ","835700","Atlantic Digital","45 Pga Tour Blvd","Ponte Vedra Beach","FL","32082","St Johns","","9042858405","","Jean-Phill Gay","President","","0","0","731100","Marketing De","1","0","1"
