mail id,company,email,address,phone,fax,sic,sic description,web,,revenue id,company,address,city,state,zip,	metro,web,phone,fax,contact,position,gender,sales,# of employee,sic,sic_descrpiton,	,,
"335285","Sports Authority","affiliates@thesportsauthority.com","10688 NW 12th St","8562323296","3055910622","594113","Sporting Goods-Retail","www.thesportsauthority.com"," Email <---> Revenue ","632181","SPORTS AUTHORITY","10688 NW 12TH ST","DORAL","FL","33172","Miami-Dade","","3055910622","","","Unknown","","2509300000","23434","594100","Sporting Gds","8","0","1"
"582722","Atlas Van Lines","hstn.custsvc@atlanticrelocation.com","5415 Pioneer Park Blvd","3033734465","7274612838","421401","Movers","www.atlanticrelocation.com"," Email <---> Revenue ","67610","ATLAS VAN LINES","5415 PIONEER PARK BLVD","TAMPA","FL","33634","Hillsborough","","7274612838","","BOB GLENN","Manager","M","61100000","5279","422503","Warehousing ","6","0","1"
"409942","Daws Manufacturing Co","mbarger@dawsbetterbuilt.com","8811 Grow Dr","8504849990","8504783298","508557","Boxes-Metal (Wholesale)","NULL"," Email <---> Revenue ","200694","DAWS MANUFACTURING CO","8811 GROW DR","PENSACOLA","FL","32514","Escambia","","8504783298","","CLINT DAWS II","Chief Executive Office","M","86500000","500","508501","Commercial C","6","0","1"
"262554","Century Boats","bol@wwnautic.com","6725 Bayline Dr","8507690731","8507690311","373201","Boats-Manufacturers","www.cobiaboats.com"," Email <---> Revenue ","939660","Century Boats","6725 Bayline Dr","Panama City","FL","32404","Bay","www.cobiaboats.com","8507690311","8507690731","Dean Burnett","Manager","Mal","53625000","325","373201","Boats-Manufa","6","0","1"
"606770","Coex Coffee Intl","mvega@coexgroup.com","2121 Ponce DE Leon Blvd","3054444541","3054440568","509905","Importers","www.coexgroup.com"," Email <---> Revenue ","968443","Coex Coffee Intl","2121 Ponce DE Leon Blvd","Coral Gables","FL","33134","Miami Dade","www.coexgroup.com","3054440568","3054444541","Luis Garcia","Manager","Mal","74400000","20","509905","Importers","6","0","1"
"123571","Bunch & Assoc","Cynde@bunchcare.com","PO Box 32037","8636689553","8636690861","874842","Medical Management Consultants","NULL"," Email <---> Revenue ","905514","Bunch & Assoc","PO Box 32037","Lakeland","FL","33802","Polk","www.bunchcare.com","8636690861","8636689553","Cynde Bunch","Owner","Fem","48375000","215","874842","Medical Mana","5","0","1"
"290389","Airstron Inc","jpascuccijr@airstron.com","1559 SW 21st Ave","9543211924","9549231654","507804","Refrigerating Equip-Coml (Wholesale)","NULL"," Email <---> Revenue ","787171","Airstron Inc","1559 SW 21st Ave","Fort Lauderdale","FL","33312","Broward","www.airstron.com","9549231654","9543211924","James Pasccui Jr","Owner","Mal","45900000","90","507804","Refrigeratin","5","0","1"
"601434","Callaway Contracting Inc","projectoutreach@jea.com","10950 New Berlin Rd","9047510940","9047518944","162308","Utility Contractors","www.callawaycontracting.com"," Email <---> Revenue ","918218","Callaway Contracting Inc","10950 New Berlin Rd","Jacksonville","FL","32226","Duval","www.callawaycontracting.com","9047518944","9047510940","Pat Callaway","Owner","Mal","33400000","200","162308","Utility Cont","5","0","1"
"507946","Blackstone Calling Cards","maragon@blackstoneonline.com","11600 NW 34th St","3057186521","3055920711","554101","Service Stations-Gasoline & Oil","www.blackstoneonline.com"," Email <---> Revenue ","879890","Blackstone Calling Cards","11600 NW 34th St","Doral","FL","33178","Miami Dade","www.blackstoneonline.com","3055920711","3057186521","Luis Arias","Owner","Mal","45000000","150","554101","Service Stat","5","0","1"
"450584","Pursuit Fishing Boats","tslikkers@s2yachts.com","3901 Saint Lucie Blvd","7724656177","7724656006","373201","Boats-Manufacturers","NULL"," Email <---> Revenue ","1473318","Pursuit Fishing Boats","3901 Saint Lucie Blvd","Fort Pierce","FL","34946","St Lucie","www.pursuitboats.com","7724656006","7724656177","Leon Slikkers","President","Mal","33000000","200","373201","Boats-Manufa","5","0","1"
"561488","Seisint Inc","customereducation@lexisnexis.com","6601 Park Of Commerce Blvd","5619994644","5619994400","873204","Market Research & Analysis","www.siesant.com"," Email <---> Revenue ","604516","SEISINT INC","6601 PARK OF COMMERCE BLVD","BOCA RATON","FL","33487","Palm Beach","","5619994400","","JAMES PECK","Chief Executive Office","M","44400000","400","873201","Mrkt Anal,Ec","5","0","1"
"529415","Royal Pet Supplies","newaccounts@royalpetsupplies.com","1551 W Copans Rd # 105","9549784600","9549784600","519932","Pet Supplies-Wholesale","www.royalpet.com"," Email <---> Revenue ","586810","ROYAL PET SUPPLIES","1551 W COPANS RD STE 105","POMPANO BEACH","FL","33064","Broward","","9549784600","","GARY NOCERA","Vice-President","M","30000000","200","519903","Pets,Pet Sup","5","0","1"
"559102","Alltech Specialists Inc","alltech@alltechspecialists.com","6406 E Fowler Ave","8138661740","8139719688","506324","Burglar Alarm Systems (Wholesale)","NULL"," Email <---> Revenue ","1729606","Alltech Specialists Inc","6406 E Fowler Ave","Temple Terrace","FL","33617","Hillsborough","www.alltechspecialists.com","8139719688","8138661740","Brian Green","Owner","Mal","19740000","30","506324","Burglar Alar","4","0","1"
"252667","Semi-Conductor Technology Inc","data1@semi-tech-inc.com","3131 SE Jay St","7722868914","7722834500","367401","Semiconductor Devices (Manufacturers)","www.semi-tech-inc.com"," Email <---> Revenue ","1548659","Semi-Conductor Technology Inc","3131 SE Jay St","Stuart","FL","34997","Martin","www.semi-tech-inc.com","7722834500","7722868914","Fred G Seigel","Manager","Mal","21546000","42","367401","Semiconducto","4","0","1"
"564985","Central Florida Excavating","imran@netmediatechnology.com","2812 Airport Rd","8137570017","8137576783","162905","Fill Contractors","www.cfefd.com"," Email <---> Revenue ","937843","Central Florida Excavating","2812 Airport Rd","Plant City","FL","33563","Hillsborough","www.cfefd.com","8137576783","8137570017","Adnan Rahman","CEO","Mal","15030000","90","162905","Fill Contrac","4","0","1"
"494851","Quality Markings Inc","maluga@maluga.com","7776 NW 73rd Ct","3056812222","7864125037","161101","Paving Contractors","www.maluga.com"," Email <---> Revenue ","554684","QUALITY MARKINGS INC","7776 NW 73RD CT","MEDLEY","FL","33166","Miami-Dade","","7864125037","","JOHNNY UNITES","Owner","M","20300000","160","161102","Surfacing An","4","0","1"
"210122","Omni Jacksonville Hotel","reservations@omnihotels.com","245 Water St","2027565160","9043556664","581223","Banquet Rooms","www.omnihotels.com"," Email <---> Revenue ","1408707","Omni Jacksonville Hotel","245 Water St","Jacksonville","FL","32202","Duval","www.omnihotels.com","9043556664","9047914808","Bob White","Manager","Mal","12250000","225","581223","Banquet Room","4","1","1"
"602029","Tropical Asphalt","tropical-ca@tropicalasphalt.com","1904 SW 31st Ave","9549632033","9549833434","295201","Roofing Materials-Manufacturers","www.tropicalasphalt.com"," Email <---> Revenue ","1655796","Tropical Asphalt","1904 SW 31st Ave","Hallandale","FL","33009","Broward","www.tropicalasphalt.com","9549833434","9549632033","Richard Zegelbone","Owner","Mal","12558000","26","295201","Roofing Mate","4","0","1"
"593277","Ion Labs Inc","adam@ionlabsinc.com","5459 115th Ave N","7275276758","7275271072","283404","Drug Millers","www.ionlabsinc.com"," Email <---> Revenue ","1217817","Ion Labs Inc","5459 115th Ave N","Clearwater","FL","33760","Pinellas","www.ionlabsinc.com","7275271072","7275276758","","","","23100000","30","283404","Drug Millers","4","0","1"
"342672","P & S Paving Inc","bdavidson@pandspavinginc.com","3701 Olson Dr","3862589313","3862587911","161101","Paving Contractors","www.pandspavinginc.com"," Email <---> Revenue ","507248","P & S PAVING INC","3701 OLSON DR","DAYTONA BEACH","FL","32124","Volusia","","3862587911","","TIM PHILLIPS","Owner","M","17800000","140","161102","Surfacing An","4","0","1"
"238021","Hoveround Corp","tomkruse@hoveround.com","2151 Whitfield Industrial Way","9417395342","9417396200","384104","Physicians & Surgeons Equip & Supls-Mfrs","NULL"," Email <---> Revenue ","339348","HOVEROUND CORP","2151 WHITFIELD INDUSTRIAL WAY","SARASOTA","FL","34243","Manatee","","9417396200","","THOMAS E KRUSE","President","M","12900000","195","384100","Surgical,Med","4","0","1"
"538439","Eventmakers International Inc","dcoates@eventmakers.net","2928 SE Monroe St","7722862132","7722861841","735906","Party Supplies-Renting","www.eventmakers.net"," Email <---> Revenue ","1079463","Eventmakers International Inc","2928 SE Monroe St","Stuart","FL","34997","Martin","www.eventmakers.net","7722861841","7722862132","Dana Coates","Owner","Fem","10980000","60","735906","Party Suppli","4","0","1"
"551394","Kemiron Inc","janeen.hicks@kemira.com","316 Bartow Municipal Arprt","7858423150","8635335990","289905","Chemicals-Manufacturers","www.kemiron.com"," Email <---> Revenue ","1264934","Kemiron Inc","316 Bartow Municipal Arprt","Bartow","FL","33830","Polk","www.kemiron.com","8635335990","8635337077","John Marker","Manager","Mal","18300000","50","289905","Chemicals-Ma","4","0","1"
"560168","Dan''s Fan City","miami@dansfancity.com","4202 Commercial Way","3526883267","3526883267","572205","Fans-Household","www.dansfancity.com"," Email <---> Revenue ","195893","DAN'S FAN CITY","4202 COMMERCIAL WAY","SPRING HILL","FL","34606","Hernando","","3526883267","","MARK CAPBELL","Manager","M","14900000","161","571900","Misc Homefur","4","0","1"
"526127","Classic Components","rfq@class-ic.com","3590 NW 54th St # 6","5128328444","9547711411","506519","Electronic Equipment & Supplies-Whol","www.class-ic.com"," Email <---> Revenue ","960586","Classic Components","3590 NW 54th St # 6","Fort Lauderdale","FL","33309","Broward","www.class-ic.com","9547711411","9547736533","Mike Ezekiel","Manager","Mal","20200000","20","506519","Electronic E","4","0","1"
"464782","Janet McCann","twood@paylesscar.com","4563 9th Ave N","7273216352","null","738901","Auctioneers","AGG-INC.COM^^PAYLESS-CABOSANLUCAS.COM^^PAYLESS-CYPRUS.COM^^PAYLESS-CZECHREPUBLIC.COM^^PAYLESS-LOSCAB"," Email <---> Revenue ","71064","AVALON GLOBAL GROUP INC","2350 34TH ST N","ST PETERSBURG","FL","33713","Pinellas","","7273216352","","FRED LIN","Chief Executive Office","M","11000000","1220","751400","Passenger Ca","4","0","1"
"400142","Rent-A-PC Inc","alausten@rentapc.com","2430 Viscount Row","6109409501","4075829221","737701","Computers-Renting & Leasing","www.rentapc.com"," Email <---> Revenue ","570660","RENT-A-PC INC","2430 VISCOUNT ROW","ORLANDO","FL","32809","Orange","","4075829221","","RUSS KACIR","Manager","M","18500000","130","737700","Computer Ren","4","0","1"
"372209","TSYS","cylemims@tsys.com","6410 Southpoint Pkwy # 200","9042815191","9042815100","737401","Data Processing Service","www.tsys.com"," Email <---> Revenue ","1623594","TSYS","6410 Southpoint Pkwy # 200","Jacksonville","FL","32216","Duval","www.tsys.com","9042815100","9042815191","Elizibeth Zawrotny","Manager","Mal","12393000","81","737401","Data Process","4","0","1"
"431932","Behavioral Health-Palm Beaches","holinn@pbitp.com","3153 Canada Ct","5616156664","5619665120","839901","Drug Abuse & Addiction Info & Treatment","www.bhpalmbeach.com"," Email <---> Revenue ","865712","Behavioral Health-Palm Beaches","3153 Canada Ct","Lake Worth","FL","33461","Palm Beach","www.bhpalmbeach.com","5619665120","5619633350","Mike Slinskey","Executive Director","Mal","10750000","50","839901","Drug Abuse &","4","0","1"
"160186","Dusobox Corp","jessicam@dusobox.com","1330 Central Florida Pkwy","4078578341","4078555120","265301","Corrugated & Solid Fiber Boxes (Mfrs)","www.dusobox.com"," Email <---> Revenue ","1050146","Dusobox Corp","1330 Central Florida Pkwy","Orlando","FL","32837","Orange","www.dusobox.com","4078555120","4078578341","John Kelley","President","Mal","13350000","50","265301","Corrugated &","4","0","1"
"359602","Sutton Ferneries","michele@suttonfern.com","1950 NW 89th Pl","3054774030","3054774776","519305","Florists-Supplies (Wholesale)","www.suttonfern.com"," Email <---> Revenue ","1617288","Sutton Ferneries","1950 NW 89th Pl","Doral","FL","33172","Miami Dade","www.suttonfern.com","3054774776","3054774030","M Sutton","VP","Fem","10950000","50","519305","Florists-Sup","4","0","1"
"588297","Pro Player Stadium For Fl","torresg@dolphins.nfl.com","2267 NW 199th St","3056246403","3056236100","794104","Stadiums Arenas & Athletic Fields","www.proplayerstadium.com"," Email <---> Revenue ","1465425","Pro Player Stadium For Fl","2267 NW 199th St","Opa Locka","FL","33056","Miami Dade","www.proplayerstadium.com","3056236100","3056246403","Timothy Robbie","Owner","Mal","18130000","70","794104","Stadiums Are","4","0","1"
"594225","Holbrook Travel","advisor@holbrooktravel.com","3540 NW 13th Street","3523777111","3523719248","4724","Travel agents","holbrooktravel.com;travelholbrook.com"," Email <---> Revenue ","332267","HOLBROOK TRAVEL","3540 NW 13TH ST","GAINESVILLE","FL","32609","Alachua","","3523777111","","ANDREA HOLBROOK","Owner","F","9200000","29","472400","Travel Agenc","3","0","1"
"603038","Superior Printers Inc","ann.voulgaris@superiorprinters.net","1884 W Fairbanks Ave","4076474294","4076443344","275202","Printers","www.superiorprinters.net"," Email <---> Revenue ","1875945","Superior Printers Inc","1884 W Fairbanks Ave","Winter Park","FL","32789","Orange","www.superiorprinters.net","4076443344","4076474294","C Edward Sengel","President","Mal","7600000","50","275202","Printers","3","0","1"
"585659","Ocean Grove RV Sales & Rental","bob@oceangrovervsales.com","6775 Us Highway 1 S","9047978621","9047975732","556110","Campers & Pick-Up Coaches-Dealers","www.oceangrovervsales.com"," Email <---> Revenue ","495547","OCEAN GROVE RV SALES & RENTAL","6775 US HIGHWAY 1 S","ST AUGUSTINE","FL","32086","St. Johns","","9047975732","","ED SCHNEIDER","Owner","M","7800000","28","556100","Recreational","3","0","1"
"589091","Sherer Manufacturing Inc","hartzell@sherermfg.com","12475 44th St N","7275929111","7275929110","179104","Metal Fabricators","www.sherermfg.com"," Email <---> Revenue ","611327","SHERER MANUFACTURING INC","12475 44TH ST N","CLEARWATER","FL","33762","Pinellas","","7275929110","","CARL SHERER","Owner","M","5400000","80","346900","Metal Stampi","3","0","1"
"456297","Gulf Medical","ken@gulfmed.com","3103 N 12th Ave","8504384138","8504387600","504712","Hospital Equipment & Supplies (Whol)","NULL"," Email <---> Revenue ","311316","GULF MEDICAL","3103 N 12TH AVE","PENSACOLA","FL","32503","Escambia","","8504387600","","KEN STEBER","President","M","6000000","40","504703","Medical Equi","3","0","1"
"60175","Bay Port Valve & Fitting","Mike@bayportvalve.com","PO Box 315","NULL","8634250023","508513","Valves-Wholesale","NULL"," Email <---> Revenue ","83807","BAY PORT VALVE & FITTING","2295 STATE ROAD 37 S","MULBERRY","FL","33860","Polk","","8634250023","8634255091","MIKE STEPHENS","Owner","M","6500000","30","509907","Exporters","3","0","1"
"584163","Palm Beach Yacht Ctr","pbyc@palmbeachyacht.com","7848 S Federal Hwy","5615859933","5615889911","449306","Marinas","www.palmbeachyacht.com"," Email <---> Revenue ","510803","PALM BEACH YACHT CTR","7848 S FEDERAL HWY","LANTANA","FL","33462","Palm Beach","","5615852003","","WALTER DIMARDO","Manager","M","9000000","30","555100","Boat Dealers","3","0","1"
"253954","Durham & Sons Inc","rj@durhamandsons.com","1973 Guava Ave","3216366899","3216366899","762304","Air Conditioning Equipment-Repair","www.durhamandsons.com"," Email <---> Revenue ","224644","DURHAM & SONS INC","1973 GUAVA AVE","MELBOURNE","FL","32935","Brevard","","3212592665","","RALPH DURHAM","Owner","M","5300000","30","171104","Heating,Air ","3","0","1"
"445483","Air Centers Of Florida Inc","bestair4u@acfpower.com","7830 Kings Pt Pkwy","4076776755","4076774200","508402","Compressors-Air & Gas (Wholesale)","www.aircentersofflorida.com"," Email <---> Revenue ","785662","Air Centers Of Florida Inc","7830 Kings Pt Pkwy","Orlando","FL","32819","Orange","www.aircentersofflorida.com","4076774200","4076776755","Jeff Myers","Manager","Mal","6528000","12","508402","Compressors-","3","0","1"
"367319","Chemnet Sarasota","chemnet@order113.com","6292 Tower Ln # 5","NULL","9413439343","516916","Chemicals (Wholesale)","NULL"," Email <---> Revenue ","946751","Chemnet Sarasota","6292 Tower Ln # 5","Sarasota","FL","34240","Sarasota","","9413439343","","Julie Olsen","Owner","Fem","7007000","7","516916","Chemicals (W","3","0","1"
"492939","Coquina Center","helpdesk@opismr.com","170 N Center St","3866727128","3866727113","805101","Nursing & Convalescent Homes","www.opismr.com"," Email <---> Revenue ","983180","Coquina Center","170 N Center St","Ormond Beach","FL","32174","Volusia","www.opismr.com","3866727113","3866727128","Jean Pohl","Administrator","Fem","7105000","145","805101","Nursing & Co","3","0","1"
"576725","Koss-Olinger Financial Group","kirkk@kofinancial.com","2700 NW 43rd St # A","3523731864","3523733337","628205","Financial Planning Consultants","www.koss-olinger.com"," Email <---> Revenue ","1275432","Koss-Olinger Financial Group","2700 NW 43rd St # A","Gainesville","FL","32606","Alachua","www.koss-olinger.com","3523733337","3523731864","William D Olinger","President","Mal","8300000","20","628205","Financial Pl","3","0","1"
"599650","Bellasera Resort","naplessales@sunstream.com","221 9th St S","2396496233","2396497333","701111","Resorts","www.sunstream.com"," Email <---> Revenue ","866882","Bellasera Resort","221 9th St S","Naples","FL","34102","Collier","www.sunstream.com","2396497333","2396496233","Neil Brereton","Manager","Mal","5625000","75","701111","Resorts","3","1","1"
"440828","Sunshine Answering Svc Inc","peterg@sunshine1.com","159 Madeira Ave","3054603500","3054428200","738903","Paging & Answering Service","www.sunshine1.com"," Email <---> Revenue ","1611701","Sunshine Answering Svc Inc","159 Madeira Ave","Coral Gables","FL","33134","Miami Dade","www.sunshine1.com","3054428200","3054603500","Andy Gross","Owner","Mal","6580000","70","738903","Paging & Ans","3","0","1"
"502654","Barlop Business System","supplies@barlop.com","8376 NW 68th St","3055942189","3055940470","504403","Copying & Duplicating Machines & Supls","www.barlop.com"," Email <---> Revenue ","80605","BARLOP BUSINESS SYSTEM","8376 NW 68TH ST","MIAMI","FL","33166","Miami-Dade","","3055940470","","JOSE LOPEZ","Owner","M","5400000","35","366300","Radio & Tv C","3","0","1"
"539469","Apex Office Products Inc","allorentejr@apexop.com","5209 N Howard Ave","4079997655","8138712010","594301","Office Supplies","www.e-combpi.com"," Email <---> Revenue ","56183","APEX OFFICE PRODUCTS INC","5209 N HOWARD AVE","TAMPA","FL","33603","Hillsborough","","8138712010","","AURELIO LORENTE","President","M","7200000","40","594301","Office Forms","3","0","1"
"422783","FKQ Advertising Inc","bfaller@fkq.com","15351 Roosevelt Blvd","7275305696","7275398800","731101","Advertising-Agencies & Counselors","NULL"," Email <---> Revenue ","1085634","FKQ Advertising Inc","15351 Roosevelt Blvd","Clearwater","FL","33760","Pinellas","www.fko.com","7275398800","7275305696","Bob Faller","Owner","Mal","7900000","50","731101","Advertising-","3","0","1"
"427125","Zev Cohen & Assoc Inc","ddurant@zevcohen.com","55 Seton Trl","3866772505","3866772482","871110","Engineers-Civil","www.zevcohen.com"," Email <---> Revenue ","1719040","Zev Cohen & Assoc Inc","55 Seton Trl","Ormond Beach","FL","32176","Volusia","www.zevcohen.com","3866772482","3866772505","Dwight Durant","President","Mal","5530000","35","871110","Engineers-Ci","3","0","1"
"203237","Bath Fitter","infobath@bathfitter.com","1700 S Powerline Rd # G","6516451899","9549798704","152113","Bathroom Remodeling","www.bathfitter.com"," Email <---> Revenue ","858228","Bath Fitter","1700 S Powerline Rd # G","Deerfield Beach","FL","33442","Broward","www.bathfitter.com","9549798704","9544221822","Robert Jackson","Manager","Mal","5428000","23","152113","Bathroom Rem","3","0","1"
"596478","E T Mackenzie Co","lsabin@mackenzieco.com","6212 33rd St E","9417566698","9417566760","179406","Contractors-Site Development","www.mackenzieco.com"," Email <---> Revenue ","1052728","E T Mackenzie Co","6212 33rd St E","Bradenton","FL","34203","Manatee","www.mackenzieco.com","9417566760","9417566698","Harvey Davis","Manager","Mal","7950000","50","179406","Contractors-","3","0","1"
"535910","Southeast Growers Inc","richard@southeastgrowers.com","13951 50th St S","5617539844","5617539700","526108","Nurserymen","www.southeastgrowers.com"," Email <---> Revenue ","625919","SOUTHEAST GROWERS INC","13951 50TH ST S","WELLINGTON","FL","33414","Palm Beach","","5617539700","5617539844","RICHARD KERN","Owner","M","5300000","30","526103","Retail Nurse","3","0","1"
"530119","Florida Seating","Tony@floridaseating.com","PO Box 17660","7275409403","7275362074","504604","Restaurant Equipment & Supplies (Whol)","NULL"," Email <---> Revenue ","1112717","Florida Seating","PO Box 17660","Clearwater","FL","33762","Pinellas","www.floridaseating.com","7275362074","7275409403","Tony Brusky","Owner","Mal","9950000","25","504604","Restaurant E","3","0","1"
"594577","Toy Store","paul@vettenet.com","1040 Seminole Blvd","7275856000","7275856000","551103","Automobile Dealers-Used Cars","www.vettenet.com"," Email <---> Revenue ","1648719","Toy Store The","1040 Seminole Blvd","Largo","FL","33770","Pinellas","","7275856000","","Jim Crist","President","mal","0","0","551199","New & Used A","1","0","1"
