mail id,company,email,address,phone,fax,sic,sic description,web,,revenue id,company,address,city,state,zip,	metro,web,phone,fax,contact,position,gender,sales,# of employee,sic,sic_descrpiton,	,,
"43832","NRF Distributors","NormanPomerleau@nrfdist.com","485 Old Belgrade Rd","2076220950","2076224744","731908","Distribution Services","NULL"," Email <---> Revenue ","102564","NRF Distributors","485 Old Belgrade Rd","Augusta","ME","04330","Kennebec","","2076224744","2076220950","Norman Pomerleau","Owner","Mal","43260000","420","731908","Distribution","5","0","1"
"53320","Hammond Lumber Co","greenville@hammondlumber.com","282 Poland Rd","2074952304","2077844009","521142","Lumber-Retail","www.hammondlumber.com"," Email <---> Revenue ","22430","HAMMOND LUMBER CO","282 POLAND RD","AUBURN","ME","04210","Androscoggin","","2077844009","2077827780","MARC DUCHARME","Manager","M","38100000","319","521100","Lumber, Rel ","5","0","1"
"20262","Fiber Materials Inc","cpratt@fibermaterialsinc.com","5 Morin St","2072827529","2072825911","289904","Heat Treating Metal Equip/Supls (Mfrs)","NULL"," Email <---> Revenue ","81185","Fiber Materials Inc","5 Morin St","Biddeford","ME","04005","York","","2072825911","2072827529","Maurice Subilia","President","Mal","43920000","120","289904","Heat Treatin","5","0","1"
"52696","Hammond Lumber Co","belgrade@hammondlumber.com","25 Mills Rd","2077827780","2074953303","521142","Lumber-Retail","www.hammondlumber.com"," Email <---> Revenue ","22434","HAMMOND LUMBER CO","PO BOX 500","BELGRADE","ME","04917","Kennebec","","2074953303","2074952304","DONALD HAMMOND","Manager","M","38100000","319","521100","Lumber, Rel ","5","0","1"
