mail id,company,email,address,phone,fax,sic,sic description,web,,revenue id,company,address,city,state,zip,	metro,web,phone,fax,contact,position,gender,sales,# of employee,sic,sic_descrpiton,	,,
"15495","Physicians Answering Svc","workmed@sochs.com","Campus Ave","2077774200","2077778100","738903","Paging & Answering Service","www.stmarysmaine.com"," Email <---> Revenue ","16162","DYOUVILLE PAVILLION","102 CAMPUS AVE","LEWISTON","ME","04240","Androscoggin","","2077774200","2077774255","DEB FOURNIER","Administrator","F","11400000","300","805101","Nursing Home","4","0","1"
"51128","Lucas Tree Experts","westcan@lucastree.com","636 Riverside St","2077970752","2077977294","078301","Tree Service","www.lucastree.com"," Email <---> Revenue ","95856","Lucas Tree Experts","636 Riverside St","Portland","ME","04103","Cumberland","www.lucastree.com","2077977294","2077970752","Art Batson","Owner","Mal","11300000","300","78301","Tree Service","4","0","1"
"56937","New England Public Warehouse","Warming-Donald@nepw.com","164 Pine St","2077438704","2077438158","422505","Warehouses-Merchandise & Self Storage","NULL"," Email <---> Revenue ","103314","New England Public Warehouse","164 Pine St","South Paris","ME","04281","Oxford","www.nepw.com","2077438158","2077438704","Donald Warming","Owner","Mal","10080000","80","422505","Warehouses-M","4","0","1"
"50743","C N Brown Heating Oil","tinac@cnbrown.com","57 Main St","2075826430","2076478481","517206","Oils-Fuel (Wholesale)","www.cnbrown.com"," Email <---> Revenue ","8278","C N BROWN HEATING OIL","93 MAIN ST","BRIDGTON","ME","04009","Cumberland","","2076478481","","SANDRA O'NEAL","Manager","F","10500000","617","291100","Petroleum Re","4","0","1"
"25266","Maine Ornamental Woodworkers","Smith.Dana@postcaps.com","PO Box 360","2074397803","2074395471","503903","Fence (Wholesale)","NULL"," Email <---> Revenue ","31877","MAINE ORNAMENTAL WOODWORKERS","PO BOX 360","ELIOT","ME","03903","York","","2074395471","2074397803","DANA SMITH","President","M","10500000","50","503101","Bldg Materia","4","0","1"
"39601","Woodard & Curran Inc","sbrewer@woodardcurran.com","41 Hutchins Dr","7812510847","2077742112","871120","Engineers-Environmental","www.woodardcurran.com"," Email <---> Revenue ","127111","Woodard & Curran Inc","41 Hutchins Dr","Portland","ME","04102","Cumberland","www.woodardcurran.com","2077742112","2077744751","Frank Woodard","President","Mal","11000000","140","871120","Engineers-En","4","0","1"
"56497","Federal Distributors Inc","rstamand@federaldistributors.com","2075 Lisbon Rd","2077831176","2077831777","581225","Beverages-Non-Alcoholic-Retail","www.federaldistributors.com"," Email <---> Revenue ","18276","FEDERAL DISTRIBUTORS INC","2075 LISBON RD","LEWISTON","ME","04240","Androscoggin","","2077831777","2077831176","JOE CRONIN","Owner","M","14000000","80","549902","Beverage Sto","4","0","1"
"55934","Lighthouse Marketing LTD","ric@arborsites.com","2178 Post Rd","3193585514","2076460515","596102","Mail Order & Catalog Shopping","www.newpi.com"," Email <---> Revenue ","94765","Lighthouse Marketing LTD","2178 Post Rd","Wells","ME","04090","York","www.lighthousedepot.com","2076460515","2076460516","Donald Devine","Owner","Mal","12210000","30","596102","Mail Order &","4","0","1"
"28587","Shop 'n Save","R-G@hannaford.com","797 Main St","NULL","2077692181","541105","Grocers","NULL"," Email <---> Revenue ","116067","Shop 'n Save","797 Main St","Presque Isle","ME","04769","Aroostook","","2077692181","","Robert Graves Jr","President","Mal","13800000","100","541105","Grocers-Reta","4","0","1"
"38222","PRC Ind Supply Inc","prcbangor@gwi.net","21 W Commercial St","2077753351","2077743993","351103","Hydraulic Equipment-Manufacturers","www.prcindustrial.com"," Email <---> Revenue ","106184","PRC Ind Supply Inc","21 W Commercial St","Portland","ME","04101","Cumberland","www.prcindustrial.com","2077743993","2077753351","Richard Hall","President","Mal","10808000","28","351103","Hydraulic Eq","4","0","1"
"52151","Marriner Lumber","N_Lamb@marrinerlumber.com","158 Church Rd","2077297568","2077255540","521142","Lumber-Retail","NULL"," Email <---> Revenue ","98759","Marriner Lumber","158 Church Rd","Brunswick","ME","04011","Cumberland","www.marrinerlumber.com","2077255540","2077297568","Neil Lamb","President","Mal","10836000","42","521142","Lumber-Retai","4","0","1"
"55881","Gagne & Son Concrete Blocks","mhower@gagneandson.com","28 Old Rte 27 Rd","2074953451","2074953313","327101","Concrete-Block & Brick (Manufacturers)","www.gagneandson.com"," Email <---> Revenue ","83331","Gagne & Son Concrete Blocks","28 Old Rte 27 Rd","Belgrade","ME","04917","Kennebec","www.gagneandson.com","2074953313","2074953451","Linda Gagne","VP","Fem","10250000","50","327101","Concrete-Blo","4","0","1"
"20427","Sebago Technics Inc","madams@sebagotechnics.com","1 Chabot St","2078562206","2078560277","871111","Engineers-Consulting","www.sebagotechnics.com"," Email <---> Revenue ","115224","Sebago Technics Inc","1 Chabot St","Westbrook","ME","04092","Cumberland","www.sebagotechnics.com","2078560277","2078562206","Walt Stinson","President","Mal","12482000","79","871111","Engineers-Co","4","0","1"
"16278","Mactec Consulting & Engineerin","mactec@mactec.com","511 Congress St # 2","8282519690","2077755401","871120","Engineers-Environmental","www.mactec.com"," Email <---> Revenue ","96506","Mactec Consulting & Engineerin","511 Congress St # 2","Portland","ME","04101","Cumberland","www.mactec.com","2077755401","2077724762","Joe Sczurko","Manager","Mal","15958000","101","871120","Engineers-En","4","0","1"
"54742","Katahdin Forest Products Co","links@kfphomes.com","205 Smyrna Rd","2077578611","2077578278","245201","Log Cabins Homes & Buildings (Mfrs)","www.usaloghomes.com"," Email <---> Revenue ","91716","Katahdin Forest Products Co","205 Smyrna Rd","Oakfield","ME","04763","Aroostook","www.usaloghomes.com","2077578278","2077578611","David Gordon","President","Mal","14535000","85","245201","Log Cabins H","4","0","1"
"43790","Maine Masonry Co","lcressey@mainemasonry.com","75 Manson Libby Rd","2078850972","2078836503","174101","Masonry Contractors","www.mainemasonry.com"," Email <---> Revenue ","31786","MAINE MASONRY CO","75 MANSON LIBBY RD","SCARBOROUGH","ME","04074","Cumberland","","2078836503","2078850972","RON CLOUGH","President","M","14900000","99","174100","Masonry,Rel ","4","0","1"
"47613","Hartt Transportation Systems","kbrown@hartt-trans.com","262 Bomarc Rd","2079410839","2079471106","421309","Trucking-Motor Freight","www.hartt-trans.com"," Email <---> Revenue ","22991","HARTT TRANSPORTATION SYSTEMS","262 BOMARC RD","BANGOR","ME","04401","Penobscot","","2079471106","2079410839","DELMONT E HARTT","Chief Executive Office","M","18400000","200","421300","Trucking","4","0","1"
"2094","Advance Technology Inc","jesse@advanctech.com","4 Washington Ave","2078836385","2078836364","506515","Television Systs/Eqpt-Clsd Crct (Whol)","NULL"," Email <---> Revenue ","58903","Advance Technology Inc","4 Washington Ave","Scarborough","ME","04074","Cumberland","www.advanctech.com","2078836364","2078836385","Jesse Abbott","Owner","Mal","22220000","22","506515","Television S","4","0","1"
"10858","Cruise Planners","JeanneM@cruiseplanners.com","NULL","NULL","2073611611","472402","Travel Agencies & Bureaus","NULL"," Email <---> Revenue ","13106","CRUISE PLANNERS","8 STONEY BRK","CAPE NEDDICK","ME","03902","York","","2073611611","","JEANNE MIRISOLA","Manager","F","10100000","819","472400","Travel Agenc","4","0","1"
"56905","George C Hall & Sons Inc","jahall@georgechall.com","60 New County Rd","2075945544","2075944630","179403","Excavating Contractors","www.georgechall.com"," Email <---> Revenue ","83923","George C Hall & Sons Inc","60 New County Rd","Rockland","ME","04841","Knox","www.georgechall.com","2075944630","2075945544","Timothy Hall","President","Mal","10971000","69","179403","Excavating C","4","0","1"
"29493","Newcastle Marine","J_Traina@newcastlemarineinc.com","Academy Hill Rd","NULL","2075635550","449304","Boat Repairing","NULL"," Email <---> Revenue ","36583","NEWCASTLE MARINE","15 HALL ST","NEWCASTLE","ME","04553","Lincoln","","2075635550","","","Unknown","","24000000","150","769400","Armature Rew","4","0","1"
"55134","C N Brown Co","ho3059@cnbrown.com","1 C N Brown Way","2075826430","2077439212","541103","Convenience Stores","www.cnbrown.com"," Email <---> Revenue ","8260","C N BROWN CO","1 C N BROWN WAY","SOUTH PARIS","ME","04281","Oxford","","2077439212","2077438357","JINGER DURYEA","President","F","10500000","617","541103","Conven Store","4","0","1"
"54296","C N Brown Heating Oil","ho3039@cnbrown.com","150 S Main St","2072253752","2074873405","517206","Oils-Fuel (Wholesale)","www.cnbrown.com"," Email <---> Revenue ","8273","C N BROWN HEATING OIL","400 MAIN ST","PITTSFIELD","ME","04967","Somerset","","2074873405","2074873529","AMANDA RYDOEUT","Manager","F","10500000","617","517200","Whl Petroleu","4","0","1"
"42346","Norris Inc","hartyn@norrisinc.com","2257 W Broadway","2079471219","2078833473","506308","Fire Alarm Systems (Wholesale)","www.norrisinc.com"," Email <---> Revenue ","103935","Norris Inc","2257 W Broadway","South Portland","ME","04106","Cumberland","www.norrisinc.com","2078833473","2078790540","Harty Norris","Owner","Mal","14476000","22","506308","Fire Alarm S","4","0","1"
"34052","Smiling Cow Gift Shop","G-Mark@gimbels.net","PO Box 57","2076335128","2076335088","594712","Gift Shops","NULL"," Email <---> Revenue ","47455","SMILING COW GIFT SHOP","14 COMMERCIAL ST","BOOTHBAY HARBOR","ME","04538","Lincoln","","2076335088","2076335128","MARK GIMBEL","President","M","12500000","50","594702","Gift Shop","4","0","1"
"25375","Norris Inc","glenng@norrisinc.com","54 Perry Rd","2078790540","2079922255","506308","Fire Alarm Systems (Wholesale)","www.norrisinc.com"," Email <---> Revenue ","103936","Norris Inc","54 Perry Rd","Bangor","ME","04401","Penobscot","www.norrisinc.com","2079922255","2079471219","Harty Norris","Owner","Mal","19740000","30","506308","Fire Alarm S","4","0","1"
"41002","K L Jack Ind Fastener Co","gjack@kljack.com","145 Warren Ave","2078783304","2078783600","507205","Fasteners-Industrial (Wholesale)","NULL"," Email <---> Revenue ","91444","K L Jack Ind Fastener Co","145 Warren Ave","Portland","ME","04103","Cumberland","www.kljack.com","2078783600","2078783304","Kenneth L Jack","President","Mal","20720000","40","507205","Fasteners-In","4","0","1"
"32742","Carrier Transicold","ghayes@nedda.com","432 Warren Ave","2077975953","2077975950","501304","Truck Refrigeration Equipment (Whol)","www.nedda.com"," Email <---> Revenue ","69428","Carrier Transicold","432 Warren Ave","Portland","ME","04103","Cumberland","www.nedda.com","2077975950","","Glen Harding","Manager","Mal","15680000","35","501304","Truck Refrig","4","0","1"
"53336","FHC Inc","fhcinc@fh-co.com","9 Main St","2076668292","2076668190","384104","Physicians & Surgeons Equip & Supls-Mfrs","www.fh-co.com"," Email <---> Revenue ","80491","FHC Inc","9 Main St","Bowdoinham","ME","04008","Sagadahoc","www.fh-co.com","2076668190","2076668292","Frederick Haer","Owner","Mal","10976000","49","384104","Physicians &","4","0","1"
"52020","Lewiston Public Works Dept","elaine@makas.com","103 Adams Ave","2077836138","2077845753","161104","Parking Area/Lots Maintenance & Marking","www.ci.lewiston.me.us"," Email <---> Revenue ","29539","LEWISTON PUBLIC WORKS DEPT","103 ADAMS AVE","LEWISTON","ME","04240","Androscoggin","","2077845753","2077845647","PAUL BOUDREAU","Manager","M","15200000","120","161100","Highway & St","4","0","1"
"53854","Pottle's Transportation Inc","eburns@pottlestrans.com","15 Page Rd W","2079475613","2079475613","421309","Trucking-Motor Freight","www.pottlestrans.com"," Email <---> Revenue ","109488","Pottle's Transportation Inc","15 Page Rd W","Hermon","ME","04401","Penobscot","www.pottlestrans.com","2079473948","2079475613","Barry Pottle","Owner","Mal","24160000","160","421309","Trucking-Mot","4","0","1"
"56938","Hammond Tractor Co","dpellerin@hammondtractor.com","1987 Heald Hwy","2077852530","2077854464","508206","Contractors-Equip/Supls-Dlrs/Svc (Whol)","www.hammondtractor.com"," Email <---> Revenue ","86097","Hammond Tractor Co","1987 Heald Hwy","Union","ME","04862","Knox","www.hammondtractor.com","2077854464","2077852530","David Bryant","Manager","Mal","11322000","17","508206","Contractors-","4","0","1"
"55457","Addiction Treatment Ctr","dmiller@thewatershed.com","NULL","5613620854","2078747618","806301","Mental Health Services","www.thewatershed.com"," Email <---> Revenue ","58795","Addiction Treatment Ctr","","Portland","ME","04101","Cumberland","www.thewatershed.com","2078747618","","","","","16200000","200","806301","Mental Healt","4","0","1"
"52821","Central City Sheet Metal","ddubois@ccsminc.com","26 Coffin Ave","2079890538","2079890530","344403","Sheet Metal Fabricators","www.ccsminc.com"," Email <---> Revenue ","69990","Central City Sheet Metal","26 Coffin Ave","Brewer","ME","04412","Penobscot","www.ccsminc.com","2079890530","2079890538","David Theriault","President","Mal","12480000","78","344403","Sheet Metal ","4","0","1"
"55064","Baker Co","davideagleson@bakerco.com","161 Gate House Rd","2073243869","2073248773","382103","Laboratory Furniture (Manufacturers)","www.bakerco.com"," Email <---> Revenue ","4216","BAKER CO","161 GATE HOUSE RD","SANFORD","ME","04073","York","","2073248773","2073243869","DENNIS EAGLESON","President","M","11000000","155","382100","Lab Apparatu","4","0","1"
"19907","Saunders Manufacturing & Mktg","csr@saunders-usa.com","61 Nickerson Hill Rd","6016933488","2076853385","349903","Metal Goods-Manufacturers","www.saunders-usa.com"," Email <---> Revenue ","114564","Saunders Manufacturing & Mktg","61 Nickerson Hill Rd","Readfield","ME","04355","Kennebec","www.saunders-usa.com","2076853385","2076859918","John Rosmarin","President","Mal","13563000","99","349903","Metal Goods-","4","0","1"
"6697","Original Crispy Pizza Crust Co","contactsales@originalpizza.com","300 Riverside Dr","2077838536","2077836112","514201","Frozen Foods-Wholesale","www.originalpizza.com"," Email <---> Revenue ","105646","Original Crispy Pizza Crust Co","300 Riverside Dr","Auburn","ME","04210","Androscoggin","www.originalpizza.com","2077836112","2077838536","Heidi La Brie","Manager","Fem","14826000","14","514201","Frozen Foods","4","0","1"
"57943","Portland Seadogs","ccameron@seadogs.com","271 Park Ave","2077800317","2078749300","799708","Baseball Clubs","www.portlandseadogs.com"," Email <---> Revenue ","109369","Portland Seadogs","271 Park Ave","Portland","ME","04102","Cumberland","www.portlandseadogs.com","2078749300","2077800317","Charlie Eshbach","President","Mal","17400000","300","799708","Baseball Clu","4","0","1"
"35548","Paris Farmers Union","agates@parisfarmersunion.net","1435 Main St","2077973152","2077438976","525104","Hardware-Retail","www.parisfarmersunion.net"," Email <---> Revenue ","38922","PARIS FARMERS UNION","1435 MAIN ST","OXFORD","ME","04270","Oxford","","2077438976","2077438564","PETER CHAPMAN","President","M","16000000","100","525100","Hardware Sto","4","0","1"
