mail id,company,email,address,phone,fax,sic,sic description,web,,revenue id,company,address,city,state,zip,	metro,web,phone,fax,contact,position,gender,sales,# of employee,sic,sic_descrpiton,	,,
"42018","Northeast Paging Svc","dshaw@ucom.com","100 Larrabee Rd # 150","2078562840","2078560078","506505","Radio Paging/Signaling Eqpt Systs (Whol)","www.nepaging.com"," Email <---> Revenue ","104301","Northeast Paging Svc","100 Larrabee Rd # 150","Westbrook","ME","04092","Cumberland","www.nepaging.com","2078560078","2078562840","Ted Mc Naught","President","Mal","40400000","40","506505","Radio Paging","5","0","1"
"49404","Sanmina-Sci","eva.vasquez@sanmina-sci.com","866 Spring St","8015881180","2078560073","344403","Sheet Metal Fabricators","www.sanmina.com"," Email <---> Revenue ","114465","Sanmina-Sci","866 Spring St","Westbrook","ME","04092","Cumberland","www.sanmina.com","2078560073","2078560082","Beth Vrba","Plant Mgr","Fem","25000000","120","344403","Sheet Metal ","5","0","1"
"57359","PIP Printing","franchisesales@pip.com","417 Congress St","4078472698","2077740093","275202","Printers","www.pip.com"," Email <---> Revenue ","40487","PIP PRINTING","417 CONGRESS ST","PORTLAND","ME","04101","Cumberland","","2077740093","2077741281","DAVE WHITE","Owner","M","30000000","4387","275200","Litho,Coml P","5","0","1"
"13762","Assistance Plus","jbowen@assistanceplus.com","19 Bridge St","2074536250","2074534708","804908","Nurses & Nurses' Registries","NULL"," Email <---> Revenue ","3330","ASSISTANCE PLUS","1604 BENTON AVE","BENTON","ME","04901","Kennebec","","2074539400","2074536250","JOHNNA BOWEN","Owner","F","28600000","301","808200","Home Health ","5","0","1"
"25183","Columbia Forest Products","jjordan@cfpwood.com","395 Missile St","3047425167","2077644428","243501","Plywood & Veneers-Manufacturers","www.columbiaforestproducts.com"," Email <---> Revenue ","72487","Columbia Forest Products","395 Missile St","Presque Isle","ME","04769","Aroostook","www.cfpwood.com","2077644428","2077646417","Nick Straetz","Plant Mgr","Mal","42000000","250","243501","Plywood & Ve","5","0","1"
"984","Daigle Oil Co","kimf@daigleoil.com","PO Box 328","2078345050","2078345027","554101","Service Stations-Gasoline & Oil","NULL"," Email <---> Revenue ","75163","Daigle Oil Co","155 W Main St","Fort Kent","ME","04743","Aroostook","www.daigleoil.com","2078345027","2078345050","Richard Daigle","CEO","Mal","47100000","157","554101","Service Stat","5","0","1"
"21913","Portland Seadogs","mantonellis@seadogs.com","271 Park Ave","2078749300","2077800317","799708","Baseball Clubs","www.portlandseadogs.com"," Email <---> Revenue ","41216","PORTLAND SEA DOGS","271 PARK AVE","PORTLAND","ME","04102","Cumberland","","2078749300","2077800317","CHARLIE ESHBACH","President","M","35700000","300","794100","Sports Clubs","5","0","1"
"11548","Garland's Oil Svc","PaulB@garlandenergy.com","18 Saratoga Ln","NULL","2078834733","517206","Oils-Fuel (Wholesale)","NULL"," Email <---> Revenue ","83622","Garland's Oil Svc","18 Saratoga Ln","Scarborough","ME","04074","Cumberland","","2078834733","","Paul Bailer","Owner","Mal","33540000","10","517206","Oils-Fuel (W","5","0","1"
"37476","Sabre Corp","peter.g.arndt@marsh.com","12 Hawthorne Rd","2076555050","2076553831","555104","Boat Dealers Sales & Service","www.sabreyachts.com"," Email <---> Revenue ","45035","SABRE CORP","12 HAWTHORNE RD","RAYMOND","ME","04071","Cumberland","","2076553831","2076555050","DANIEL ZILKHA","President","M","47400000","158","555100","Boat Dealers","5","0","1"
"46938","Sheridan Corp","reinquiry@sheridancorp.com","33 Sheridan Rd","2074532820","2074539311","154210","Buildings-Metal","www.sheridancorp.com"," Email <---> Revenue ","115911","Sheridan Corp","33 Sheridan Rd","Fairfield","ME","04937","Somerset","www.sheridancorp.com","2074539311","2074532820","Douglas Cutchin","Owner","Mal","26400000","125","154210","Buildings-Me","5","0","1"
"9805","Garland's Oil Svc","Steven_Garland@garlandenergy.com","PO Box 689","2079341594","2079345581","517206","Oils-Fuel (Wholesale)","NULL"," Email <---> Revenue ","83623","Garland's Oil Svc","21 Central Park Ave","Old Orchard Bch","ME","04064","York","www.garlandenergy.com","2079345581","2079341594","Steven Garland","Owner","Mal","33540000","10","517206","Oils-Fuel (W","5","0","1"
"50132","Olympia Sports","ttrabold@olympiasports.net","771 Roosevelt Trl","2078923451","2078920969","594113","Sporting Goods-Retail","www.olympiasports.net"," Email <---> Revenue ","38094","OLYMPIA SPORTS","14 LOLO LN","WINDHAM","ME","04062","Cumberland","","2078925497","","","Unknown","","30000000","1807","594100","Sporting Gds","5","0","1"
"44419","Kuhns Brothers Log Homes","deb@mainebytes.net","1 Brigadieres Ln","2075480388","2075480388","245201","Log Cabins Homes & Buildings (Mfrs)","www.drylogs.com"," Email <---> Revenue ","28414","KUHNS BROTHERS LOG HOMES","1 BRIGADIERES LN","SEARSPORT","ME","04974","Waldo","","2075480388","","GREG PARKS","Manager","M","25400000","200","245200","Prefab Wood ","5","0","1"
"39537","Carpet One","D_Payson@carpetone.com","42 Gilman Rd","2079428041","2079427399","571305","Carpet & Rug Dealers-New","NULL"," Email <---> Revenue ","9158","CARPET ONE","42 GILMAN RD","BANGOR","ME","04401","Penobscot","","2079427399","2079428041","DENNIS PAYSON","Owner","M","26000000","10950","571301","Carpets","5","0","1"
"39633","F W WEBB Co","cps@fwwebb.com","67 Target Industrial Cir","9783433749","2079476905","507406","Plumbing Fixtures & Supplies-Wholesale","www.fwwebb.com"," Email <---> Revenue ","80473","F W WEBB Co","67 Target Industrial Cir","Bangor","ME","04401","Penobscot","www.fwwebb.com","2079476905","2079478211","Pat Davis","Manager","Mal","28826000","58","507406","Plumbing Fix","5","0","1"
"5054","Keiser Industries Inc","cherylm@keisermaine.com","56 Mechanic Falls Rd","2075394446","2075398883","521156","Modular Homes-Dealers","www.keisermaine.com"," Email <---> Revenue ","27336","KEISER INDUSTRIES INC","56 MECHANIC FALLS RD","OXFORD","ME","04270","Oxford","","2075398883","2075394446","TIM FARRAR","Manager","M","25400000","200","521100","Lumber, Rel ","5","0","1"
"57820","WGME TV","assignments@wgme.com","1335 Washington Ave","2078783505","2077971313","573103","Television & Radio-Dealers","www.wgme.com"," Email <---> Revenue ","124885","WGME TV","1335 Washington Ave","Portland","ME","04103","Cumberland","www.wgme.com","2077971313","2078783505","Alan Cartwright","Manager","Mal","26620000","110","573103","Television &","5","0","1"
"24070","Per-Se","askus@per-se.com","19 Mollison Way","5594554002","2077532000","641110","Insurance-Claim Processing Services","www.per-se.com"," Email <---> Revenue ","107608","Per-Se","19 Mollison Way","Lewiston","ME","04240","Androscoggin","www.per-se.com","2077532000","2077532011","Deb Mc Kee","VP","Fem","45540000","330","641110","Insurance-Cl","5","0","1"
"53177","Olympia Sports","ashedlin@olympiasports.net","830 Main St # 13","2077812796","2077645211","594113","Sporting Goods-Retail","www.olympiasports.net"," Email <---> Revenue ","38105","OLYMPIA SPORTS","830 MAIN ST UNIT 13","PRESQUE ISLE","ME","04769","Aroostook","","2077645211","2077692198","KIRT CYR","Manager","M","30000000","1807","594100","Sporting Gds","5","0","1"
"33693","Oxford Networks","Anstey_Rick@oxfordnetworks.com","PO Box 128","2073362970","2073369911","481304","Telephone Companies","NULL"," Email <---> Revenue ","105962","Oxford Networks","115 Depot St","Buckfield","ME","04220","Oxford","www.megalink.net","2073369911","2073362970","Rick Anstey","CEO","Mal","33300000","100","481304","Telephone Co","5","0","1"
