"NCS Pearson","5074515137","2125 4th St NW","Owatonna","33600000","Jeff Samples","Plant Mgr","Mal","5382","N","NCS Pearson","info-ncs@pearson.com","2125 4th St NW","Owatonna","MN","55060","5163644683","5074515137","367901","Electronic Equipment & Supplies-Mfrs","www.ezdata.net","0","0"
"Meridan Behavioral Health Ntwk","6516453661","1706 University Ave W","St Paul","32250000","Michael Bundy","Manager","Mal","7970","M","Meridan Behavioral Health Ntwk","susan@katzandmaus.com","1706 University Ave W","St Paul","MN","55104","6516450959","6516453661","839901","Drug Abuse & Addiction Info & Treatment","www.meridiannetwork.com","0","0"
"Enclos Corp","6517966100","2770 Blue Waters Rd","St Paul","37230000","","","","9409","E","Enclos Corp","dstrayer@enclos.com","2770 Blue Waters Rd","St Paul","MN","55121","6517966100","6519946360","154203","Store Fronts","www.enclos.com","0","0"
"Btw Inc","7637674625","11551 Eagle St NW","Coon Rapids","42770000","Bill Bartley","Owner","Mal","14012","B","Btw Inc","bill.bartley@btw-inc.com","11551 Eagle St NW","Coon Rapids","MN","55448","7637674635","7637674625","506338","Electronic Parts Assemblers (Wholesale)","NULL","0","0"
"REI-Recreational Equipment Inc","9528844315","750 American Blvd W","Bloomington","29600000","Barb Eytinge","Manager","Fem","25446","R","REI-Recreational Equipment Inc","corporate-sales@rei.com","750 American Blvd W","Bloomington","MN","55420","9528842887","9528844315","594113","Sporting Goods-Retail","www.rei.com","0","0"
"Medallion Cabinerty","9524425171","10501 10th St","Waconia","25000000","Jack Edl","President","Mal","25858","M","Medallion Cabinerty","Edl@medallioncabinetry.com","10501 10th St","Waconia","MN","55387","9524424998","9524425171","243401","Cabinets-Manufacturers","NULL","0","0"
"Genz-Ryan Plumbing & Heating","6514231144","14745 S Robert Trl","Rosemount","29200000","Dan Ryan","President","Mal","37111","G","Genz-Ryan Plumbing & Heating","DanRyan@genzryanco.com","14745 S Robert Trl","Rosemount","MN","55068","6513226147","6514231144","171102","Heating Contractors","NULL","0","0"
"Aetrium Inc","6517702000","2350 Helen St N","North St Paul","27789000","Joseph C Levesque","CEO","Mal","39909","A","Aetrium Incorporated","sysadmin@aetrium.com","2350 Helen Street","SAINT PAUL","MN","55109","6517702000","6517707975","8999","Services NEC","AETRIUM.COM","0","0"
"J M Smucker Co","9525943300","110 Cheshire Ln # 300","Minnetonka","27600000","Dan C Swander","President","Mal","43563","I","International Multifoods","dspurgeon@multifoodsbakery.com","2828 Hedberg Drive","HOPKINS","MN","55305","9525943300","null","203204","Food Specialties","MULTIFOODS.NET;MULTIFOODS.ORG;MULTIFOODSBAKERY.COM","0","0"
"Anderson Chemical Co","3206932477","325 S Davis Ave","Litchfield","34720000","Terry Anderson","President","Mal","45247","A","Anderson Chemical Co","wolfschiller@andersonchemco.com","325 S Davis Ave","Litchfield","MN","55355","3206938238","3206932477","284203","Cleaning Compounds-Manufacturers","www.andersonchemco.com","0","0"
"Winona Lighting Custom Div","5074545113","3760 W 4th St","Winona","25950000","Steve Biesanz","President","Mal","48468","W","Winona Lighting Custom Div","SBiesanz@winonalighting.com","PO Box 1205","Winona","MN","55987","5074544806","5074545113","364504","Lighting Fixtures-Manufacturers","NULL","0","0"
"Hugo's","2187732418","306 14th St NE","East Grand Forks","25480000","Jeff Westrem","Manager","Mal","49632","H","Hugo's","kristi@gohugos.com","306 14th St NE","East Grand Forks","MN","56721","2187734344","2187734344","541105","Grocers","www.gohugos.com","0","0"
"Clarity Coverdale & Fury Advg","6123393902","120 S 6th St # 1300","Minneapolis","34000000","Tim Clarity","CEO","Mal","55055","C","Clarity Coverdale & Fury Advg","clarity@ccf-ideas.com","120 S 6th St # 1300","Minneapolis","MN","55402","6123594399","612-339-3902","731101","Advertising-Agencies & Counselors","NULL","0","0"
"Midwest Fence & Mfg Co","6514512221","525 Villuame Ave","South St Paul","27000000","Tom Corrigan","Owner","Mal","56157","M","Midwest Fence & Mfg Co","evon.haugen@midwestfence.com","525 Villuame Ave","South St Paul","MN","55075","NULL","9528942060","503903","Fence (Wholesale)","NULL","0","0"
"Firstat Nursing Svc","9528353200","3601 Minnesota Dr # 145","Edina","32800000","John Peterson","President","Mal","61067","F","Firstat Nursing Svc","JPeterson@firstat.com","3601 Minnesota Dr # 145","Edina","MN","55435","9528355676","9528353200","804908","Nurses & Nurses' Registries","NULL","0","0"
"Grain Millers Inc","9528298821","9531 W 78th St # 400","Eden Prairie","26240000","Steven Eilertson","President","Mal","63342","G","Grain Millers Inc","Darren.Schubert@grainmillers.com","9531 W 78th St # 400","Eden Prairie","MN","55344","NULL","9528298821","204102","Milling","NULL","0","0"
"LBL Technology Partners","6123818939","2501 Wayzata Blvd","Minneapolis","26520000","Jeff Wold","Executive Director","Mal","67907","L","LBL Technology Partners","kburgeson@lblco.com","2501 Wayzata Blvd","Minneapolis","MN","55405","6123818939","6123818939","737305","Computer Disaster Planning","www.lblco.com","0","0"
"Assurance Manufacturing","7637804252","9010 Evergreen Blvd NW","Coon Rapids","38060000","Dallas Anderson","CEO","Mal","69038","A","Assurance Manufacturing","DAnderson@assurancemfg.com","9010 Evergreen Blvd NW","Coon Rapids","MN","55433","7637808847","7637804252","349903","Metal Goods-Manufacturers","NULL","0","0"
"Miller Waste Mills","5074546906","580 E Front St","Winona","48425000","Hugh Miller","CEO","Mal","69584","M","Miller Waste Mills","rtp@rtpcompany.com","140 Broad Street","WINONA","MN","55987","5074546900","5074542041","874213","Marketing Programs & Services","MILLERWASTEMILLS.COM","0","0"
"Northstar International","6513795030","1060 Lone Oak Rd # 112","St Paul","28320000","Ken Schumacher","Owner","Mal","70088","N","Northstar International","worldtradefax@strtrade.com","1060 Lone Oak Rd # 112","St Paul","MN","55121","6513795031","6513795030","509905","Importers","www.shipnorthstar.com","0","0"
"Ry Krisp","6123315908","824 6th Ave SE","Minneapolis","27008000","Mark Hedlund","Manager","Mal","71178","R","Ry Krisp","ralcorpwebpage@ralcorp.com","824 6th Ave SE","Minneapolis","MN","55414","6123313212","6123315908","514902","Bakers-Wholesale","www.ralcorp.com","0","0"
"Uponor Wirsbo","9528912000","5925 148th St W","Apple Valley","35280000","Joe Pauley","President","Mal","76137","U","Uponor Wirsbo","mdenson@wirsbo.com","5925 148th St W","Apple Valley","MN","55124","9528912008","9528912000","343303","Heating Equipment-Manufacturers","NULL","0","0"
"Jesco Industrial Supplies Inc","7635361288","6200 Lakeland Ave N","Brooklyn Park","31464000","Stephen Saltzman","President","Mal","83925","J","Jesco Industrial Supplies Inc","jesco@jescoinc.com","6200 Lakeland Ave N","Brooklyn Park","MN","55428","7635368909","7635361288","511308","Packaging Materials-Wholesale","www.jescoinc.com","0","0"
"Pace Analytical Svc Inc","6126071700","1700 Elm St SE # 200","Minneapolis","35000000","Steve Vanderboom","CEO","Mal","88727","P","Pace Analytical Svc Inc","bill.blau@pacelabs.com","1700 Elm St SE # 200","Minneapolis","MN","55414","6126071700","6126076444","873402","Laboratories-Testing","www.pacelabs.com","0","0"
"HEI Inc","9524432500","1495 Steiger Lake Ln","Victoria","43320000","Mack V Traynor Iii","CEO","Mal","92282","H","HEI Inc","rfidsales@heii.com","1495 Steiger Lake Ln","Victoria","MN","55386","9524432668","9524432500","367498","Semiconductors & Related Devices (Mfrs)","www.heii.com","0","0"
"L & M Supply","2183262926","1200 E Us Highway 169","Grand Rapids","29000000","Terry Matteson","Owner","Mal","92647","L","L & M Supply","TerryMatteson@landmsupply.com","PO Box 280","Grand Rapids","MN","55744","2183261110","2183262926","525104","Hardware-Retail","NULL","0","0"
"Meyer Associates","3202594000","14 7th Ave N","St Cloud","28200000","Tom Caprio","President","Mal","96308","M","Meyer Associates","gregc@e-subscribe.net","14 7th Ave N","St Cloud","MN","56303","3202594000","3202594044","738912","Telemarketing Services","www.e-subscribe.net","0","0"
"Pentax Vision","9529452700","11545 Encore Cir","Hopkins","36455000","Mike Jacobson","President","Mal","97484","P","Pentax Vision","M.J@pentaxvision.com","PO Box 2300","Hopkins","MN","55343","9529353987","9529452700","504801","Optical Goods-Wholesale","NULL","0","0"
"Navigant Travel","9529213700","7250 Metro Blvd","Minneapolis","28400000","Lisa Buckner","VP","Fem","98136","N","Northwestern Incentive Services","cwilson@nwincentive.com","7225 Ohms Lane - Minneapolis","MINNEAPOLIS","MN","55439","9529213700","null","8999","Services NEC","regquest.com","0","0"
"Dri-Steem Humidifier Co","9529492415","14949 Technology Dr","Eden Prairie","32875000","Roger Pasch","CEO","Mal","99418","D","Dri-Steem Humidifier Co","william.johnson@dristeem.com","14949 Technology Dr","Eden Prairie","MN","55344","NULL","9529492415","358511","Humidifying Apparatus-Manufacturers","NULL","0","0"
"Ault Inc","7635921900","7105 Northland Ter N","Minneapolis","45109000","Frederick M Green","CEO","Mal","101161","A","Ault Inc","f.green@aultinc.com","7105 Northland Ter N","Minneapolis","MN","55428","7635921911","7635921900","367906","Electronic Power Supplies-Manufacturers","NULL","0","0"
"Colle & Mc Voy Fulfillment","9528527500","8500 Normandale Lake Bl# 2400","Minneapolis","31000000","John Jarvis","CEO","Mal","103295","C","Colle & Mc Voy Fulfillment","Kushell@collemcvoy.com","8500 Normandale Lake Bl# 2400","Minneapolis","MN","55437","9528528155","9528527500","731101","Advertising-Agencies & Counselors","NULL","0","0"
"Northstar Computer Forms Inc","7635317340","7130 Northland Cir N","Brooklyn Park","46339000","John Christenson","Manager","Mal","105828","N","Northstar Computer Forms Inc","denniss@nsff.com","7130 Northland Cir N","Brooklyn Park","MN","55428","7635355671","7635317340","275998","Commercial Printing Nec","www.nscf.com","0","0"
"Gopher State One Call","6510001111","2020 Centre Pointe Blvd","Mendota Heights","37350000","Susan Volkman","President","Fem","107041","G","Gopher State One Call","corey@bigfoothydrovac.com","2020 Centre Pointe Blvd","Mendota Heights","MN","55120","6514540170","6510001111","493903","Utilities-Underground-Cable Locating Svc","www.gopherstateonecall.org","0","0"
"Reliable Medical Supply Inc","7635664060","7111 W Broadway Ave","Brooklyn Park","47840000","Jeff Hall","President","Mal","108293","R","Reliable Medical Supply Inc","nhulsing@reliamed.com","7111 W Broadway Ave","Brooklyn Park","MN","55428","7635664026","7635664060","504704","Physicians & Surgeons Equip & Supls-Whol","NULL","0","0"
"Fabcon Inc","9528904444","6111 Highway 13 W","Savage","39800000","Michael Lejeune","CEO","Mal","108331","F","Fabcon Inc","michael.lejeune@fabcon-usa.com","6111 Highway 13 W","Savage","MN","55378","9528906657","9528904444","327201","Concrete-Prestressed (Manufacturers)","NULL","0","0"
"Corporate Express","6512344000","575 Old Highway 8","New Brighton","34600000","Joe Anderson","Manager","Mal","108451","C","Corporate Express","Rick.Toppin@corporateexpress.com","1233 County Road E W","Arden Hills","MN","55112","6516388800","6516362250","594301","Office Supplies","NULL","0","0"
"St Paul Harley-Davidson","6517382168","2899 Hudson Rd","St Paul","36410000","Tom Giannetti","Manager","Mal","109362","S","St Paul Harley-Davidson","njohnson@stpaulhd.com","2899 Hudson Rd","St Paul","MN","55128","6517396185","6517382168","557106","Motorcycles & Motor Scooters-Dealers","www.stpaulhd.com","0","0"
"PGI Co","9529335745","11354 K Tel Dr","Minnetonka","49400000","Jeff Brower","Owner","Mal","111522","P","PGI Co","jduda@pgicompanies.com","11354 K Tel Dr","Minnetonka","MN","55343","9529335864","9529335745","275202","Printers","www.pgicompanies.com","0","0"
"Metrodome","6123320386","900 S 5th St","Minneapolis","34965000","Bill Lester","Executive Director","Mal","113143","M","Metrodome","seemand@msfc.com","900 S 5th St","Minneapolis","MN","55415","6123328334","6123320386","794104","Stadiums Arenas & Athletic Fields","www.msfc.com","0","0"
"Fallon Intersect","6127582900","50 S 6th St","Minneapolis","47400000","Duane Johnson","President","Mal","118139","F","Fallon Intersect","DuaneJ@fallon.com","50 S 6th St","Minneapolis","MN","55402","6127582977","6127582900","731101","Advertising-Agencies & Counselors","NULL","0","0"
"Cedar Valley Svc-Owatonna","5074515897","415 N Grove Ave","Owatonna","29520000","David Williams","Executive Director","Mal","118473","C","Cedar Valley Svc-Owatonna","fireantz@d2frequency.com","415 N Grove Ave","Owatonna","MN","55060","5074515897","5074515897","308902","Plastics & Plastic Products (Mfrs)","www.cedarvalleyservices.org","0","0"
"Minnwest Bank Ortonville","3208392568","21 2nd St SE","Ortonville","48000000","Terry Gery","Manager","Mal","120965","M","Minnwest Bank Ortonville","mchundt@nglic.com","21 2nd St SE","Ortonville","MN","56278","8452926615","3208392568","602201","State Commercial Banks","www.jeffbank.com","0","0"
"Upsher-Smith Laboratories Inc","7634734412","14905 23rd Ave N","Plymouth","35000000","Bob Clark","Plant Mgr","Mal","122231","U","Upsher-Smith Laboratories Inc","uslinfo@upsher-smith.com","14905 23rd Ave N","Plymouth","MN","55447","7633152001","7634734412","283404","Drug Millers","www.upsher-smith.com","0","0"
"American Iron","6125299221","2800 Pacific St","Minneapolis","30000000","Fred Isaacs","President","Mal","122364","A","American Iron","FI@scrappy.com","2800 Pacific St","Minneapolis","MN","55411","6125292548","6125299221","509314","Scrap Metals-Processing/Recycling (Whol)","NULL","0","0"
"Aircraft Services Intl Group","6127265800","7150 Humphrey Dr","Minneapolis","30300000","Kent Kersten","President","Mal","122893","A","Aircraft Services Intl Group","web.developer@programmer.net","7150 Humphrey Dr","Minneapolis","MN","55450","6127265530","6127265800","458104","Aircraft Servicing & Maintenance","www.signatureflight.com","0","0"
"John Roberts Co","7637555500","9687 E River Rd NW","Minneapolis","44300000","Michael R Keene","CEO","Mal","128766","J","John Roberts Co","ahoholik@johnroberts.com","9687 E River Rd NW","Minneapolis","MN","55433","7637555500","7637555500","275998","Commercial Printing Nec","www.johnroberts.com","0","0"
"Merit Chevrolet","6517394400","2695 Brookview Dr E","Maplewood","35000000","Bruce Rinkel","Owner","Mal","129984","M","Merit Chevrolet","tsanford@meritchev.com","2695 Brookview Dr E","Maplewood","MN","55119","6517029230","6517394400","551103","Automobile Dealers-Used Cars","www.meritchev.com","0","1"
"Ameri-Star Lighting","9529448387","15265 Minnetonka Blvd","Minnetonka","39480000","Mike Tompkins","Owner","Mal","130460","A","Ameri-Star Lighting","sborder@netins.net","15265 Minnetonka Blvd","Minnetonka","MN","55345","3196472776","9529448387","506318","Light Bulbs & Tubes (Wholesale)","www.budgetlighting.com","0","0"
"Rochester Airport","5072822328","7600 Helgerson Dr SW","Rochester","30300000","Steven W Leqve","Manager","Mal","131010","R","Rochester Airport","rst@rochesterintlairport.com","7600 Helgerson Dr SW","Rochester","MN","55902","5072822346","5072822328","458106","Airports","www.rochesterintlairport.com","0","0"
"Brownsworth Office Furniture","7637450604","161 Cheshire Ln N # 200","Minneapolis","39970000","Steve Utne","Owner","Mal","131801","B","Brownsworth Office Furniture","Steve@brownsworth.com","161 Cheshire Ln N # 200","Minneapolis","MN","55441","7637450578","7637450604","502122","Office Furniture & Equip-Instltn (Whol)","NULL","0","0"
"Moorhead Public Svc","2182995400","500 Center Ave # 2","Moorhead","32032000","David Kahly","Manager","Mal","132077","M","Moorhead Public Svc","mps@mpsutility.com","500 Center Ave # 2","Moorhead","MN","56560","2182995193","2182995400","491101","Electric Companies","www.mpsutility.com","0","0"
"Silent Knight Security System","7634936400","7550 Meridian Cir N # 100","Maple Grove","26280000","John Ellis","President","Mal","135871","S","Silent Knight Security System","bill.root@honeywell.com","7550 Meridian Cir N # 100","Maple Grove","MN","55369","7634936475","7634936400","366902","Security Control Equip & Systems-Mfrs","www.silentknight.com","0","0"
"Key Sales Group","9529262171","11011 Smetana Rd","Minnetonka","28425000","David Tucci","President","Mal","137670","K","Key Sales Group","D_T@key-sales.com","11011 Smetana Rd","Minnetonka","MN","55343","9529791547","9529262171","514102","Food Brokers","NULL","0","0"
"Crysteel Manufacturing Inc","5077262728","52182 Ember Rd","Lake Crystal","33900000","Peter Jones","CEO","Mal","137687","C","Crysteel Manufacturing Inc","pete@crysteel.com","PO Box 178","Lake Crystal","MN","56055","5077262559","5077262728","353604","Hoists-Manufacturers","NULL","0","0"
"Minnwest Bank Mv","5076375731","300 S Washington St","Redwood Falls","26693000","Douglas Karsky","President","Mal","140466","M","Minnwest Bank Mv","KarskyD@minnwestbank.com","PO Box 439","Redwood Falls","MN","56283","5076374301","5076375731","602201","State Commercial Banks","NULL","0","0"
"REGULUS","6519175440","1350 Energy Ln # 200","St Paul","36575000","Debbie Entglemeier","Manager","Fem","143455","R","REGULUS","web.mail@regulusgroup.com","1350 Energy Ln # 200","St Paul","MN","55108","5152701710","6519175440","609910","Money Transfer Service","www.regulusgroup.com","0","0"
"American Solutions-Business","3206345471","31 Minnesota Ave E","Glenwood","36800000","Larry Zavadil","CEO","Mal","145189","A","American Solutions-Business","Larry@americanbus.com","31 Minnesota Ave E","Glenwood","MN","56334","3206345265","3206345471","511207","Business Forms & Systems (Wholesale)","NULL","0","0"
"Metro One","6516331310","2894 Centre Pointe Dr","Roseville","49950000","Kim Carlson","President","Fem","145376","M","Metro One","investor.info@metro1.com","2894 Centre Pointe Dr","Roseville","MN","55113","7046970943","6516331310","481304","Telephone Companies","www.metro1.com","0","0"
"National Mower Co","6516464079","700 Raymond Ave","St Paul","40592000","Stan Kinkead","Owner","Mal","148477","N","National Mower Co","john.kinkead@nationalmower.com","700 Raymond Ave","St Paul","MN","55114","6516462887","6516464079","526109","Lawn Mowers","NULL","0","0"
"World Wide Tile Imports","7635461487","14000 Carlson Pkwy","Plymouth","37760000","Bob Rucker","Owner","Mal","149075","W","World Wide Tile Imports","B_Rucker@tileshopsuperstore.com","14000 Carlson Pkwy","Plymouth","MN","55441","7635411411","7635461487","509905","Importers","NULL","0","0"
"S J Electro Systems Inc","2188471317","22650 County Highway 6","Detroit Lakes","42140000","John Fuglesten","VP","Mal","150095","S","S J Electro Systems Inc","sje@sjerhombus.com","22650 County Highway 6","Detroit Lakes","MN","56501","2188474617","2188471317","382998","Measuring/Controlling Devices Nec (Mfrs)","www.sjerhombus.com","0","0"
"Financial Network Investment","6123478676","1221 Nicollet Ave # 400","Minneapolis","37350000","Wayne Swenson","CEO","Mal","152590","F","Financial Network Investment","handyj@financialnetwork.com","1221 Nicollet Ave # 400","Minneapolis","MN","55403","NULL","6123478676","628205","Financial Planning Consultants","NULL","0","0"
"East Central Electric Assn","3203963351","412 N Main St","Braham","32800000","Garry Bye","CEO","Mal","153064","E","East Central Electric Assn","mark.nelson@ecemn.com","412 N Main St","Braham","MN","55006","3203964114","3203963351","491101","Electric Companies","www.eastcentralenergy.com","0","0"
"Nations Care Link","7635854545","5701 Shingle Creek Pkwy","Brooklyn Center","34170000","Kim Lamere","Exec VP","Fem","154262","N","Nations Care Link","uwinfo@ncl-link.com","5701 Shingle Creek Pkwy","Brooklyn Center","MN","55430","7633980290","7635854545","874242","Health Care Management","www.nationscarelink.com","0","0"
"Colder Products Co","6516450091","1001 Westgate Dr","St Paul","45024000","Michael Lyon","Owner","Mal","154940","C","Colder Products Co","ron.toensing@colder.com","1001 Westgate Dr","St Paul","MN","55114","6516456938","6516450091","384104","Physicians & Surgeons Equip & Supls-Mfrs","NULL","0","0"
"Randy's Sanitation","7639723335","4351 Highway 12 SE","Delano","27125000","Randy Roskowariak","Owner","Mal","155015","R","Randy's Sanitation","randys@randyssanitation.com","4351 hwy 12 SE","DELANO","MN","55328","6124793335","null","495307","Sanitation services","RANDYSSANITATION.COM","0","0"
"Homecrest Industries","2186311000","1250 Homecrest Ave SE","Wadena","31300000","John Sundet","President","Mal","156165","H","Homecrest Industries","mary@fresh-mpls.com","1250 Homecrest Ave SE","Wadena","MN","56482","2186312609","2186311000","259901","Furniture-Manufacturers","www.homecrest.com","0","0"
"West Central Steel Inc","3202354070","2011 Gorton Ave NW","Willmar","25000000","Jeff Pattison","President","Mal","156353","W","West Central Steel Inc","jpattison@wcsteel.com","2011 Gorton Ave NW","Willmar","MN","56201","3202351816","3202354070","505106","Steel-Distributors & Warehouses","NULL","0","0"
"Two Harbors Machine Shop","2188345118","611 2nd Ave","Two Harbors","35900000","Dave Coolidge","Owner","Mal","158060","T","Two Harbors Machine Shop","dkallsen@aspeneq.com","611 2nd Ave","Two Harbors","MN","55616","2188342498","2188345118","353198","Construction Machinery & Equip (Mfrs)","www.sercoloaders.com","0","0"
"Manion's Wholesale Building","3203634880","7705 305th St","St Cloud","42360000","Dave Weihrauch","President","Mal","158085","M","Manion's Wholesale Building","mikemanion@manionswholesale.com","7705 305th St","St Cloud","MN","56303","3203634880","3203634804","503114","Building Materials-Wholesale","www.manionswholesale.com","0","0"
"Premier Marine Inc","6514622880","26612 Fallbrook Ave","Wyoming","46480000","Bob Menne","President","Mal","158525","P","Premier Marine Inc","dkrueger@pontoon.com","26612 Fallbrook Ave","Wyoming","MN","55092","6514622881","6514622880","555113","Marine Equipment & Supplies","www.pontoons.com","0","0"
"Custom Products Of Litchfield","3206933221","1715 S Sibley Ave","Litchfield","33746000","Arvid Reinke","President","Mal","158818","C","Custom Products Of Litchfield","ArvidReinke@800cabline.com","PO Box 718","Litchfield","MN","55355","3206937252","3206933221","353198","Construction Machinery & Equip (Mfrs)","NULL","0","0"
"Machine Tool Supply","6514524400","3150 Mike Collins Dr","Eagan","25650000","Todd Kerin","President","Mal","161085","M","Machine Tool Supply","pjugovich@machtool.com","3150 Mike Collins Dr","Eagan","MN","55121","6514523219","6514524400","508522","Industrial Equipment & Supplies (Whol)","www.machtool.com","0","0"
"H D Hudson Mfg Co","6514374121","200 2nd St W","Hastings","25680000","Wayne Beissel","Plant Mgr","Mal","164417","H","H D Hudson Mfg Co","professional@hdhudson.com","200 2nd St W","Hastings","MN","55033","3126447989","6514374121","352304","Farm Equipment-Manufacturers","www.hdhudson.com","0","0"
"Duininck Brothers Inc","3209786011","408 6th St","Prinsburg","47000000","Norm Duininck","President","Mal","165040","D","Duininck Brothers Inc","rickm@duinuinckcompanies.com","408 6th St","Prinsburg","MN","56281","3209784978","3209786011","161102","Road Building Contractors","www.dbimn.com","0","0"
"Mueller & Pribyl Inc","3209632499","500 County Road 37 E","Maple Lake","39600000","Larry Pribyl","President","Mal","165176","M","Mueller & Pribyl Inc","lcarlson@mpnexlevel.com","500 County Road 37 E","Maple Lake","MN","55358","3209632436","3209632499","173101","Electric Contractors","www.mp-utilities.com","0","2"
"Print Craft","6516338122","315 5th Ave NW","New Brighton","25025000","Bill Calengor","President","Mal","167471","P","Print Craft","comments@printcraft.com","315 5th Ave NW","New Brighton","MN","55112","6516331862","6516338122","275998","Commercial Printing Nec","www.printcraft.com","0","0"
"Ameri Gas Inc","5074516153","700 N Elm Ave","Owatonna","33540000","Lee Schmidt","Manager","Mal","169085","A","Ameri Gas Inc","kaminskij@amerigas.com","700 N Elm Ave","Owatonna","MN","55060","5306222864","5074516153","517208","Gas-Liquefied Petro-Bttld/Bulk (Whol)","www.amerigas.com","0","0"
"Freightmasters Inc","6516886800","3703 Kennebec Dr","Eagan","45300000","Ronald Have","Owner","Mal","169181","F","Freightmasters Inc","ron_have@freightmasters.com","3703 Kennebec Dr","Eagan","MN","55122","6516817556","6516886800","421309","Trucking-Motor Freight","www.freightmasters.com","0","0"
"Amex","6123313063","2724 Summer St NE","Minneapolis","40800000","Mohamed Nouri","Owner","Mal","169684","A","Amex","businessdevelopment@amexinc.com","2724 Summer St NE","Minneapolis","MN","55413","6123313180","6123313063","874102","Export Management","www.amexinc.com","0","0"
"Xerxes Computer Corp","9529369280","5735 W Old Shakopee Rd","Bloomington","44850000","David Duhaime","Owner","Mal","169821","X","Xerxes Computer Corp","posperipherals@xcc.com","5735 W Old Shakopee Rd","Bloomington","MN","55437","9529369701","9529369280","504509","Computer Software-Wholesale","www.xcc.com","0","0"
"Columbia Gear Div","3203567301","530 County Road 50","Avon","30381000","Dana Lynch","CEO","Mal","170404","C","Columbia Gear Div","danal@columbiagear.com","PO Box 1000","Avon","MN","56310","3203562131","3203567301","359903","Machine Shops","NULL","0","0"
"Optical Solutions","7632683630","16305 36th Ave N # 300","Minneapolis","39800000","","","","173386","O","Optical Solutions","bob.lund@opticalsolutions.com","16305 36th Ave. North","Minneapolis","MN","55446","NULL","763-268-3300","599502","Optical Goods-Retail","NULL","0","0"
"All Safe Fire & Security","6123323473","915 Washington Ave N","Minneapolis","37760000","Joe Boettner","Owner","Mal","174745","A","All Safe Fire & Security","ian@all-safe.net","915 Washington Ave N","Minneapolis","MN","55401","6123219177","6123323473","509903","Fire Extinguishers (Wholesale)","www.all-safe.net","0","0"
"Gallipot Inc","6516810349","2020 Silver Bell Rd # 10","Eagan","41790000","Michael Jones","President","Mal","175166","G","Gallipot Inc","mjones@gallipot.com","2020 Silver Bell Rd # 10","Eagan","MN","55122","6516819001","6516819517","512203","Pharmaceutical Products-Wholesale","NULL","0","0"
"D S Brown","9523683000","4201 Norex Dr","Chaska","26280000","Steve Toy","President","Mal","176142","D","D S Brown","ccarlson@dsbrown.com","4201 Norex Dr","Chaska","MN","55318","9524487000","9523683000","344106","Steel-Structural (Manufacturers)","NULL","0","0"
"Hoglund Bus Co","7632955119","116 Oakwood Dr E","Monticello","28000000","Wayne Hoglund","Owner","Mal","176696","H","Hoglund Bus Co","trucks@hoglundbus.com","116 Oakwood Dr E","Monticello","MN","55362","7632954992","7632955119","501209","Buses-New & Used (Wholesale)","www.hoglundbus.com","0","0"
"Zero Max","7635464300","13200 6th Ave N","Minneapolis","28980000","Lyle Jerads","President","Mal","176719","Z","Zero Max","jtchap@flash.net","13200 6th Ave N","Minneapolis","MN","55441","7635468260","7635464300","356698","Speed Changers-Ind-Drives & Gears (Mfrs)","www.zero-max.com","0","0"
"Reynolds Foods","7634288340","21925 Industrial Blvd","Rogers","29520000","Rob Davis","Plant Mgr","Mal","177969","R","Reynolds Foods","editor@alcoa.com","21925 Industrial Blvd","Rogers","MN","55374","6056682362","7634288340","308905","Plastics-Vacuum/Pressure Forming (Mfrs)","www.alcoa.com","0","0"
"Spam Museum","5074375100","1937 Spam Blvd","Austin","28425000","Shawn Radford","Manager","Fem","180930","S","Spam Museum","jchanson@hormel.com","1937 Spam Blvd","Austin","MN","55912","5074346525","5074375100","514101","Food Products (Wholesale)","www.hormel.com","0","0"
"Intelligent Nutrients","6126172000","321 Lincoln St NE","Minneapolis","25320000","Horst Rechelbacher","Owner","Mal","181003","I","Intelligent Nutrients","edahlberg@intelligentnutrients.com","321 Lincoln St NE","Minneapolis","MN","55413","6126172005","6126172000","514914","Health Food Products-Wholesale","www.intelligentnutrients.com","0","0"
"Hiniker Co","5076256621","58766 240th St","Mankato","30816000","Jim Judd","Plant Mgr","Mal","181319","H","Hiniker Co","kalahar@hiniker.com","58766 240th St","Mankato","MN","56001","5076255883","5076256621","352304","Farm Equipment-Manufacturers","www.hiniker.com","0","0"
"Endres Processing LTD","6514383113","13420 Court House Blvd","Rosemount","41855000","Leon Endres","President","Mal","182550","E","Endres Processing LTD","shannons@endresprocessing.com","13420 Court House Blvd","Rosemount","MN","55068","6514383011","6514383113","204803","Feed-Manufacturers","www.endresprocessing.com","0","0"
"Baldwin Supply Co","6123386911","601 11th Ave S","Minneapolis","36190000","Dave La Rue","Owner","Mal","183625","B","Baldwin Supply","baldwin@baldwinsupply.com","601 11th Avenue S","Minneapolis","MN","55415","6123386911","6123388247","5311","Retail shops","null","0","0"
"Excel Systems Inc","9529399755","5929 Baker Rd # 430","Minnetonka","25250000","Greg Thompson","Owner","Mal","183726","E","Excel Systems Inc","gthompson@excelsystemsinc.com","5929 Baker Rd # 430","Minnetonka","MN","55345","9529399766","9529399755","366102","Telephone Equipment & Systems-Mfrs","NULL","0","0"
"Bro-Tex Co","6516455721","800 Hampden Ave","St Paul","43900000","Roger Greenberg","President","Mal","184258","B","Bro-Tex Co","njakobe@brotex.com","800 Hampden Ave","St Paul","MN","55114","6516461876","6516455721","509309","Wiping Cloths (Wholesale)","NULL","0","0"
"Lindy Little Joe Inc","2188291714","1110 Wright St","Brainerd","30750000","Ted Takasaki","President","Mal","184412","L","Lindy Little Joe Inc","join-newsline@lists.pleinconsulting.com","1110 Wright St","Brainerd","MN","56401","2188295426","2188291714","509107","Fishing Tackle-Wholesale","www.lindyfishingtackle.com","0","0"
"Smith Micro Technologies Inc","6514828718","3435 Labore Rd","St Paul","27710000","Pat Smith","Owner","Mal","184487","S","Smith Micro Technologies Inc","zylla_n@smithmicrotech.com","3435 Labore Rd","St Paul","MN","55110","6514829727","6514828718","737801","Computers-Service & Repair","NULL","0","0"
"AQE Inc","7635319823","7140 Northland Dr N","Brooklyn Park","38250000","Heidi Oas","President","Fem","185618","A","AQE Inc","links@mannixmarketing.com","7140 Northland Dr N","Brooklyn Park","MN","55428","4806550073","7635319823","507505","Air Conditioning Supplies & Parts (Whol)","www.iplawusa.com","0","0"
"Minn PAR Inc","6123790606","900 6th Ave SE","Minneapolis","30636000","","","","185716","M","Minn PAR Inc","mailtosales@minnpar.com","900 6th Ave SE","Minneapolis","MN","55414","6123783741","6123790606","508206","Contractors-Equip/Supls-Dlrs/Svc (Whol)","www.minnpar.com","0","0"
"Swanson Flo-Systems","7633834700","2435 Xenium Ln N","Plymouth","26320000","Tom Howe","President","Mal","186224","S","Swanson Flo-Systems","TomH@swansonflosystems.com","2435 Xenium Ln N","Plymouth","MN","55441","7633834772","7633834700","506328","Controls Control Systs/Regulators (Whol)","NULL","0","0"
"Grainger Inc","7635310300","2450 Annapolis Ln N","Plymouth","28500000","","","","186917","G","Grainger Inc","nancy.conner@grainger.com","2450 Annapolis Ln N","Plymouth","MN","55441","3033750864","7635310300","508522","Industrial Equipment & Supplies (Whol)","www.grainger.com","0","0"
"Ferche Millwork Inc","3203935700","400 Division St N","Rice","32640000","Gerald Grider","President","Mal","186968","F","Ferche Millwork Inc","gerald.grinder@ferche.com","PO Box 39","Rice","MN","56367","3203932545","3203935700","243102","Millwork (Manufacturers)","NULL","0","0"
"St Jude Medical Inc","7633830900","6500 Wedgwood Rd","Maple Grove","34086000","Will Sutton","Manager","Mal","188078","S","St Jude Medical Inc","heartvalves@sjm.com","6500 Wedgwood Rd","Maple Grove","MN","55311","8436812003","7633830900","504704","Physicians & Surgeons Equip & Supls-Whol","www.sjm.com","0","0"
"Form-A-Feed Inc","3205622413","740 Bowman St","Stewart","39900000","Steve Nelson","Owner","Mal","188656","F","Form-A-Feed Inc","steve.nelson@abrasive-form.com","PO Box 9","Stewart","MN","55385","3205622125","3205622413","519112","Feed-Dealers (Wholesale)","NULL","0","0"
"Continental Machines Inc","9528903300","5505 W 123rd St","Savage","38000000","Mike Johnson","President","Mal","190289","C","Continental Machines Inc","jcarey@doall.com","5505 W 123rd St","Savage","MN","55378","9528903300","9528956450","359998","Indstrl/Coml Machinery/Equip Nec (Mfrs)","www.doall.com","0","0"
"Northstar Financial Forms Inc","6516385200","2341 Saint Croix St","Roseville","37050000","Henry Schultz","Plant Mgr","Mal","190386","N","Northstar Financial Forms Inc","brain@genfinsup.com","2341 Saint Croix St","Roseville","MN","55113","6516385237","6516385200","276101","Printers-Business Forms","www.nsff.com","0","0"
"Reviva","7635358900","7120 Northland Ter N","Brooklyn Park","26880000","Dave Goodwin","Owner","Mal","191264","R","Reviva","Dave@dealersmfg.com","7120 Northland Ter N","Brooklyn Park","MN","55428","7639716200","7635358900","501313","Automobile Parts & Supplies-Wholesale","NULL","0","0"
"Twin Express","7634284969","21840 Industrial Ct # 100","Rogers","33600000","Brad Mc Alister","Owner","Mal","191977","T","Twin Express","ctrude@twinexpress.com","21840 Industrial Ct # 100","Rogers","MN","55374","7634284979","7634284969","501304","Truck Refrigeration Equipment (Whol)","www.twinexpress.com","0","0"
"Comtrol Corp","7634944100","6655 Wedgwood Rd # 120","Maple Grove","26320000","Bob Beale","Owner","Mal","192009","C","Comtrol Corp","mark.pikkarainen@comtrol.com","6655 Wedgwood Rd # 120","Maple Grove","MN","55311","7634944199","7634944100","357702","Computer Peripherals (Manufacturers)","www.comtrol.com","0","0"
"Intermet","7635365500","5100 Boone Ave N","New Hope","44500000","Matt Henken","Plant Mgr","Mal","193289","I","Intermet","dschellhase@intermet.com","5100 Boone Ave N","New Hope","MN","55428","9313634127","7635365500","336398","Aluminum Die Castings (Manufacturers)","www.intermet.com","0","0"
"Popp Telecom","7637977900","620 Mendelssohn Ave N # 111","Minneapolis","30000000","Bill Popp","Owner","Mal","195940","P","Popp Telecom","PoppBill@popp.com","620 Mendelssohn Ave N # 111","Minneapolis","MN","55427","7635449798","7637977900","481304","Telephone Companies","NULL","0","0"
"Adcom Express Worldwide","9528297990","7424 W 78th St","Minneapolis","36000000","Robert Friedman","CEO","Mal","196053","A","Adcom Express Worldwide","intl@adcomworldwide.com","7424 W 78th St","Minneapolis","MN","55439","5032529283","9528297990","451202","Air Cargo Service","www.adcomworldwide.com","0","0"
"Jostens Diploma Div","6513886771","3849 Vermillion St","Red Wing","39325000","Dan Vonch","Plant Mgr","Mal","197763","J","Jostens Diploma Div","james.calams@jostens.com","3849 Vermillion St","Red Wing","MN","55066","9038851353","6513886771","275998","Commercial Printing Nec","www.jostens.com","0","0"
"Dooley's Petroleum","3202355200","1405 Highway 12 E","Willmar","33540000","Tom Dooley","Owner","Mal","199031","D","Dooley's Petroleum","Tom@dooleypetro.com","PO Box 775","Willmar","MN","56201","3202356163","3202355200","517206","Oils-Fuel (Wholesale)","NULL","0","0"
"Copart Auto Auctions","3203562299","200 County Road 159","Avon","29600000","Sharon Richter","Manager","Fem","199507","C","Copart Auto Auctions","buyer.license@copart.com","200 County Road 159","Avon","MN","56310","9158866113","3203562299","501204","Automobile Auctions (Wholesale)","www.copart.com","0","1"
"Ritrama Inc","6123782277","800 Kasota Ave SE","Minneapolis","34000000","Daryl Hanzal","President","Mal","199645","R","Ritrama Inc","dpierce@ritrama.com","800 Kasota Ave SE","Minneapolis","MN","55414","6123789327","6123782277","516912","Adhesives & Glues (Wholesale)","NULL","0","0"
"Best Buy","7634166300","12905 Elm Creek Blvd N","Maple Grove","39930000","Blane Beebe","Manager","Mal","201312","B","Best Buy","newscenter@bestbuy.com","12905 Elm Creek Blvd N","Maple Grove","MN","55369","6184573903","7634166300","573117","Electronic Equipment & Supplies-Retail","www.bestbuy.com","0","0"
"Le Roy Products Corp","5073245836","350 W Main St","Le Roy","32900000","Jerry Buseman","President","Mal","201765","L","Le Roy Products Corp","michels	dmichels@leroyproducts.com","350 W Main St","Le Roy","MN","55951","5073245836","5073245497","506338","Electronic Parts Assemblers (Wholesale)","www.leroyproducts.com","0","0"
"Seeds 2000","2186432410","115 3rd St N","Breckenridge","26600000","Gary Fick","Owner","Mal","202011","S","Seeds 2000","mfsl@mts.net","115 3rd St N","Breckenridge","MN","56520","2186431208","2186432410","519105","Seeds & Bulbs-Wholesale","www.seeds2000.net","0","0"
"Johnson Controls Inc","7635667650","1801 67th Ave N","Minneapolis","34046000","Dave Werts","Manager","Mal","202134","J","Johnson Controls Inc","glen.l.ponczak@jci.com","1801 67th Ave N","Minneapolis","MN","55430","9254479200","7635667650","506328","Controls Control Systs/Regulators (Whol)","www.johnsoncontrols.com","0","0"
"Univar USA","6517749400","845 Terrace Ct","St Paul","35035000","Don Wozniak","Manager","Mal","202845","U","Univar USA","deliveringanswers@univarusa.com","845 Terrace Ct","St Paul","MN","55101","7045888050","6517749400","516916","Chemicals (Wholesale)","www.univarusa.com","0","0"
"Ironwood Electronic Inc","6514528100","990 Lone Oak Rd # 120","Eagan","27270000","Mike Fedde","President","Mal","203146","I","Ironwood Electronic Inc","mikef@ironwoodelectronics.com","990 Lone Oak Rd # 120","Eagan","MN","55121","6514528400","6514528100","506519","Electronic Equipment & Supplies-Whol","NULL","0","0"
"Premier Electrical Corp","7634246551","4401 85th Ave N","Brooklyn Park","33000000","Fred Jahnke","CEO","Mal","203390","P","Premier Electrical Corp","tgarmaker@premiercorp.net","4401 85th Ave N","Brooklyn Park","MN","55443","7634245225","7634246551","173101","Electric Contractors","NULL","0","2"
"Atlas Manufacturing","6123312566","2950 Weeks Ave SE","Minneapolis","44100000","Mark Engel","President","Mal","203598","A","Atlas Manufacturing","jayson.olson@atlasmfg.com","2950 Weeks Ave SE","Minneapolis","MN","55414","6123311295","6123312566","344403","Sheet Metal Fabricators","www.atlasmfg.com","0","0"
"Palm Attachments","3208572874","53800 Csah 16","Grove City","32742000","Dan Thielen","Manager","Mal","203803","P","Palm Attachments","bobcat_europe@eu.bobcat.com","53800 Csah 16","Grove City","MN","56243","7012225912","3208572874","371429","Steering Systems & Equipment-Mfrs","www.bobcat.com","0","0"
"J & R Schugel Trucking Inc","5073592037","2026 N Broadway St","New Ulm","40600000","Jerry Schugel","President","Mal","205532","J","J & R Schugel Trucking Inc","debraw@jrschugel.com","PO Box 278","New Ulm","MN","56073","5073544366","5073592037","421309","Trucking-Motor Freight","NULL","0","0"
"GE Security","6517772690","1275 Red Fox Rd","Arden Hills","43800000","Chuck Durant","CEO","Mal","205543","G","GE Security","ge-shareowners@bankofny.com","1275 Red Fox Rd","Arden Hills","MN","55112","6517794890","6517772690","366902","Security Control Equip & Systems-Mfrs","www.gesecurity.com","0","0"
"Ritchie Engineering Co","9529431300","10950 Hampshire Ave S","Bloomington","26300000","Stephen Ritchie","Owner","Mal","206223","R","Ritchie Engineering Co","rwood@yellowjacket.com","10950 Hampshire Ave S","Bloomington","MN","55438","9529431605","9529431300","358598","Air Conditioning/Htg/Refrig Equip (Mfrs)","www.yellowjacket.com","0","0"
"Kyocera Tycom Corp","6517663600","3764 Dunlap St N","St Paul","40800000","Tom Krueger","Manager","Mal","206991","K","Kyocera Tycom Corp","pcb.cs@kyocera.com","3764 Dunlap St N","St Paul","MN","55112","6517663666","6517663600","508453","Tools-Cutting (Wholesale)","www.kyoceratycom.com","0","0"
"Astleford International Trucks","6123781660","3000 Broadway St NE","Minneapolis","43600000","Scott Dawson","Owner","Mal","207805","A","Astleford International Trucks","tmike@astleford.com","3000 Broadway St NE","Minneapolis","MN","55413","9528905801","6123781660","551105","Truck-Dealers","www.astleford.com","0","2"
"T W Tan","3206548888","2789 Clearwater Rd","St Cloud","39975000","Charlie Clour","VP","Mal","209047","T","T W Tan","maincontact@soltron.us","2789 Clearwater Rd","St Cloud","MN","56301","3206540681","3206548888","509114","Tanning Salons Equip & Supplies-Whol","www.twtan.com","0","0"
"Greatbatch Globe Tool","6123316750","730 24th Ave SE","Minneapolis","34600000","Michael Nowaczyk","Plant Mgr","Mal","209087","G","Greatbatch Globe Tool","ehassett@greatbatch.com","730 24th Ave SE","Minneapolis","MN","55414","4107307837","6123316750","346904","Metal Stamping (Manufacturers)","www.greatbatch.com","0","0"
"Snell Motors Inc","5073454626","1900 E Madison Ave","Mankato","45290000","Sandi Merriman","President","Fem","209100","S","Snell Motors Inc","tmenk@snellmotors.com","1900 E Madison Ave","Mankato","MN","56001","5073885427","5073454626","551103","Automobile Dealers-Used Cars","www.snellmotors.com","0","1"
"Adams Nut & Bolt","7634243374","10100 85th Ave N","Maple Grove","31080000","Gary Huck","President","Mal","209212","A","Adams Nut & Bolt","Gary_Huck@adamsnutandbolt.com","PO Box 207","Maple Grove","MN","55369","7634930800","7634243374","507201","Bolts & Nuts (Wholesale)","NULL","0","0"
"Bio-Tec Emergency Svc","6512571961","29679 295th Ln","Lindstrom","26600000","Mark Kropidlowski","President","Mal","210245","B","Bio-Tec Emergency Svc","bennie@webpro.com","29679 295th Ln","Lindstrom","MN","55045","6512571961","6513658192","594201","Book Dealers-Retail","www.crimeclean-up.com","0","0"
"Indelco Plastics Corp","9529255075","6530 Cambridge St","St Louis Park","47295000","Trent Dore","Owner","Mal","210513","I","Indelco Plastics Corp","beaus@indelco.com","6530 Cambridge St","St Louis Park","MN","55426","9529251758","9529255075","516203","Plastics-Rods, Tubes, Sheets Etc (Whol)","Tubes","0","0"
"Kate-Lo Tile & Stone","7635455455","701 Berkshire Ln N","Plymouth","40000000","Tim Beaupre","VP","Mal","210931","K","Kate-Lo Tile & Stone","marilynj@katelotile.com","701 Berkshire Ln N","Plymouth","MN","55441","7635429830","7635455455","503219","Tile-Ceramic-Distributors","www.katelotile.com","0","0"
"Northwestern Supply Co","3202510812","525 Progress Rd","Waite Park","35000000","Herbert Jameson Jr","Owner","Mal","211226","N","Northwestern Supply Co","jfeld@northwesternsupply.com","525 Progress Rd","Waite Park","MN","56387","3202516210","3202510812","508746","Veterinarians Equipment & Supls (Whol)","www.northwesternsupply.com","0","0"
"Midway Chevrolet","6516462561","1389 University Ave W","St Paul","44700000","Tom Krebsbach","Owner","Mal","211354","M","Midway Chevrolet","jritenour@midwaychevy.com","1389 University Ave W","St Paul","MN","55104","6516375215","6516462561","551105","Truck-Dealers","www.midwaychevy.com","0","2"
"Hubbard Feeds Inc","5073889400","2015 3rd Ave","Mankato","30440000","Loren Johnson","Manager","Mal","211753","H","Hubbard Feeds Inc","nancy.cushman@hubbardfeeds.com","424 N Riverfront Dr","Mankato","MN","56001","4025644677","5073889400","021101","Livestock Feeding","www.hubbardfeeds.com","0","0"
"Fair Isaac","6514828593","4295 Lexington Ave N","St Paul","25500000","Brian Durand","Manager","Mal","212045","F","Fair Isaac","craigwatts@fairisaac.com","4295 Lexington Ave N","St Paul","MN","55126","6056965555","6514828593","874213","Marketing Programs & Services","www.fairisaac.com","0","0"
"Superior Equipment Co","3205893876","315 E Highway 28 # 1","Morris","31650000","Neil Schmidgall","President","Mal","212831","S","Superior Equipment Co","deb.gorder@superior-ind.com","315 E Highway 28 # 1","Morris","MN","56267","3205892260","3205893876","353501","Conveyors & Conveying Equipment-Mfrs","www.superior-ind.com","0","0"
"Park Industries Inc","3202515077","6600 Saukview Dr","St Cloud","45360000","Thomas Schlough","President","Mal","213213","P","Park Industries Inc","bemslander@parkindustries.com","6600 Saukview Dr","St Cloud","MN","56303","3202518126","3202515077","355909","Special Industry Machinery Nec (Mfrs)","www.parkindustries.com","0","0"
"J & D Construction Inc","3202692101","1100 W Highway 212","Montevideo","30660000","Jerry Pauling","Owner","Mal","213215","J","J & D Construction Inc","jamiep@jdconstinc.com","1100 W Highway 212","Montevideo","MN","56265","3202696253","3202692101","154210","Buildings-Metal","www.jdconstinc.com","0","0"
