"Cenveo","6124602300","650 3rd Ave S","Minneapolis","68400000","","","","1673","C","Cenveo","Dave@colorhouse.com","650 3rd Ave S","Minneapolis","MN","55402","6124602615","6124602300","511216","Envelopes-Wholesale","NULL","0","0"
"Allied Vaughn Inc","9528323100","7951 Computer Ave","Minneapolis","74488000","E David Willette","CEO","Mal","8122","A","Allied Vaughn Inc","advantage@alliedvaughn.com","7951 Computer Ave","Minneapolis","MN","55435","5032242703","9528323100","781902","Video Tape Duplication Service","www.alliedvaughn.com","0","0"
"Weekes Forest Products","6516449807","2600 Como Ave","St Paul","90000000","Steve Weekes","Owner","Mal","12437","W","Weekes Forest Products","stpsales@weekesforest.com","2600 Como Ave","St Paul","MN","55108","6516449520","6516449807","503109","Lumber-Wholesale","www.weekesforest.com","0","0"
"Dichtomatik","9528948400","1087 Park Pl","Shakopee","56640000","John Rice","President","Mal","28301","D","Dichtomatik","RiceJohn@dichtomatikusa.com","1087 Park Pl","Shakopee","MN","55379","9528941588","9528948400","509905","Importers","NULL","0","0"
"Mason Brothers Co","2186312220","222 4th St NE","Wadena","96645000","Jeff Harrison","President","Mal","29463","M","Mason Brothers","mbc@masonbros.com","222 4th St. NE","WADENA","MN","56482","2186312220","null","5411","Food products","vikingfoods.com","0","0"
"Twin City Oxygen","6516284848","305 2nd St NW # 125","New Brighton","90558000","Jerry Castner","Executive Director","Mal","31124","T","Twin City Oxygen","tcoorders@vngas.com","305 2nd St NW # 125","New Brighton","MN","55112","6516284869","6516284848","517205","Gas-Indstrl/Med-Cylinder & Bulk (Whol)","www.twincityoxygen.com","0","0"
"Jackpot Junction Casino-Tour/","5076443000","39375 County Highway 24","Morton","91200000","Becky Kougaline","Manager","Fem","36116","N","NATIVE TOURS","dgerts@jackpotjunction.com","39575 CO HWY 24","MORTON","MN","56270","5076443000","null","4724","Travel agents","LOWERSIOUX.COM;LOWERSIOUX.ORG","0","0"
"Quality Metals","6516455875","2575 Doswell Ave","St Paul","62820000","John Oertel","President","Mal","41209","Q","Quality Metals","John@qualitymetalsinc.com","2575 Doswell Ave","St Paul","MN","55108","6516452877","6516455875","505106","Steel-Distributors & Warehouses","NULL","0","0"
"Minneapolis Sports Ctr YMCA","6122154321","2121 E Lake St","Minneapolis","64750000","Nancy Hite","CEO","Fem","50525","M","Minneapolis Sports Ctr YMCA","raceinfo@mntriclub.com","2121 E Lake St","Minneapolis","MN","55407","6122154334","6122154321","794104","Stadiums Arenas & Athletic Fields","www.ywca-minneapolis.org","0","0"
"Control Products","9524482217","1724 Lake Dr W","Chanhassen","85540000","Chris Berghoff","Owner","Mal","52543","C","Control Products","Chris@cpi-nj.com","1724 Lake Dr W","Chanhassen","MN","55317","9524481606","9524482217","506338","Electronic Parts Assemblers (Wholesale)","NULL","0","0"
"Arrowhead Promotion","2183271165","1105 SE 8th St","Grand Rapids","51000000","Keith Arnold","Owner","Mal","59742","A","Arrowhead Promotion","Keith.Arnold@apfco.com","1105 SE 8th St","Grand Rapids","MN","55744","2183272576","2183271165","874214","Marketing Consultants","NULL","0","0"
"Faribault Foods Inc","6123336461","222 S 9th St # 3380","Minneapolis","60000000","Reid V Mac Donald","President","Mal","65630","F","Faribault Foods Inc","jdykstra@faribaultfoods.com","222 S 9th St # 3380","Minneapolis","MN","55402","6123422908","6123336461","203302","Canning (Manufacturers)","NULL","0","0"
"Stellent Inc","9529032000","7777 Golden Triangle Dr","Eden Prairie","75774000","Robert F Olson","CEO","Mal","71304","S","Stellent Inc","vernon.hanzlik@stellent.com","7777 Golden Triangle Dr","Eden Prairie","MN","55344","9528295424","9529032000","737417","Internet Hardware & Software Providers","NULL","0","0"
"Kemps Dairy Products","6123316691","1055 10th Ave SE","Minneapolis","57600000","Jim Grren","President","Mal","79300","K","Kemps Dairy Products","Grren@kemps.com","1055 10th Ave SE","Minneapolis","MN","55414","6123788592","6123316691","514303","Dairy Products-Wholesale","NULL","0","0"
"Brown & Bigelow Inc","6512937000","345 Plato Blvd E","St Paul","73100000","William D Smith Sr","Owner","Mal","83868","B","Brown & Bigelow Inc","william.smith@brownandbigelow.com","345 Plato Blvd E","St Paul","MN","55107","6512937213","6512937000","731919","Advertising-Promotional","NULL","0","0"
"Farmers Co-Operative Assn","5078475882","127 County Road 23","Jackson","66500000","Dennis Hunwardsen","Manager","Mal","87873","F","Farmers Co-Operative Assn","dfaber@fcajackson.com","127 County Road 23","Jackson","MN","56143","5078472521","5078475882","519112","Feed-Dealers (Wholesale)","www.fcajackson.com","0","0"
"Aspen Equipment Co","9528882525","9150 Pillsbury Ave S","Bloomington","66600000","Steven Sill","President","Mal","90396","A","Aspen Equipment Co","mark.fitzgerald@aspenequipment.com","9150 Pillsbury Ave S","Bloomington","MN","55420","9526567159","9528882525","508206","Contractors-Equip/Supls-Dlrs/Svc (Whol)","NULL","0","0"
"Dan & Jerry's Greenhouses","7632716570","2120 90th St NE","Monticello","54000000","Jerry Quual","Owner","Mal","92603","D","Dan & Jerry's Greenhouses","pete@djgreen.com","2121 90th St NE","MONTICELLO","MN","55362","7632716570","7632716594","018101","Greenhouses","DJGREEN.COM","0","0"
"Home Valu Interiors","7635716100","5401 E River Rd","Fridley","68000000","Gerry Boschwitz","Owner","Mal","99457","H","Home Valu Interiors","jzey@homevalu.com","5401 E River Rd","Fridley","MN","55421","7635713411","7635022646","738902","Interior Decorators Design & Consultants","NULL","0","0"
"Sick Inc","9529416780","6900 W 110th St","Bloomington","91200000","Alberto Bertomeu","President","Mal","101164","S","Sick Inc","rolf.agner@sick.com","6900 W 110th St","Bloomington","MN","55438","9529419287","9529416780","508522","Industrial Equipment & Supplies (Whol)","www.sickusa.com","0","0"
"Tyco Plastics","9524695461","8235 220th St W","Lakeville","52960000","Jeff Kolne","Manager","Mal","108869","T","Tyco Plastics","steven.anreder@anreder.com","8235 220th St W","Lakeville","MN","55044","2129813212","9524695461","308102","Plastics-Fabrics,Film-Etc Producer (Mfr)","Film-Etc Producer (Mfr)","0","0"
"LA Bounty Mfg Inc","2188342123","1538 Highway 2","Two Harbors","57440000","Dave Dickson","Plant Mgr","Mal","110680","L","LA Bounty Mfg Inc","hydrlwebmail@stanleyworks.com","1538 Highway 2","Two Harbors","MN","55616","5036521780","2188342123","353198","Construction Machinery & Equip (Mfrs)","www.stanley-hydraulic-tools.com","0","0"
"Abel Conn","7635333533","9210 Science Center Dr","New Hope","82250000","Wally Olson","President","Mal","122156","A","Abel Conn","webmail@abelconn.com","9210 Science Center Dr","New Hope","MN","55428","7635360349","7635333533","506338","Electronic Parts Assemblers (Wholesale)","www.abelconn.com","0","0"
"Clow Stamping Inc","2187653111","23103 County Road 3","Merrifield","58820000","Reggie Clow","CEO","Mal","124113","C","Clow Stamping Inc","eclow@clowstamping.com","23103 County Road 3","Merrifield","MN","56465","2187653904","2187653111","346904","Metal Stamping (Manufacturers)","NULL","0","0"
"Minnwest Bank Central","3202696565","107 N 1st St","Montevideo","84382000","Scot Nelson","President","Mal","126353","M","Minnwest Bank Central","mvbcustservice@minnwestbankgroup.com","107 N 1st St","Montevideo","MN","56265","3208393287","3202696565","602201","State Commercial Banks","www.minnwestbank.com","0","0"
"Multek Flexible Circuits","5076638000","1150 Sheldahl Rd","Northfield","75300000","Benoit Pouliquen","CEO","Mal","126989","M","Multek Flexible Circuits","nfdhumanresources@multek.com","1150 Sheldahl Rd","Northfield","MN","55057","5076638545","5076638000","308398","Laminated Plstcs-Plate Sht/Profile (Mfr)","www.sheldahl.com","0","0"
"Black Box Network Svc","9523524000","5101 Shady Oak Rd # 3","Minnetonka","62800000","Scott G Christian","CEO","Mal","129552","B","Black Box Network Svc","webtech@blackbox-vs.com","5101 Shady Oak Rd # 3","Minnetonka","MN","55343","4408387984","9523524000","737109","Information Technology Services","www.norstan.com","0","0"
"Iten Commercial Truck Ctr","7635619220","6701 Brooklyn Blvd","Brooklyn Center","84110000","Marty Iten","Owner","Mal","132339","I","Iten Commercial Truck Ctr","MartyIten@itenchev.com","6701 Brooklyn Blvd","Brooklyn Center","MN","55429","7635607689","7635619220","551105","Truck-Dealers","NULL","0","2"
"POLARFAB","9528763000","2800 E Old Shakopee Rd","Bloomington","75000000","Greg Peterson","CEO","Mal","133526","P","POLARFAB","gregp@polarfab.com","2800 E Old Shakopee Rd","Bloomington","MN","55425","9528762350","9528763000","367401","Semiconductor Devices (Manufacturers)","NULL","0","0"
"Deli Express Fast Food","9529379440","16101 W 78th St","Eden Prairie","50000000","Tom Sween","Owner","Mal","135980","D","Deli Express Fast Food","Tom.Sween@deliexpress.com","16101 W 78th St","Eden Prairie","MN","55344","9529370186","9529379440","581219","Sandwiches","NULL","0","0"
"Hanson Pipe & Products","9524326050","6055 150th St W","Apple Valley","65000000","Bob Christianson","President","Mal","138353","H","Hanson Pipe & Products","Christianson@supportcompanies.com","6055 150th St W","Apple Valley","MN","55124","9528918890","9524326050","327209","Concrete Prods-Ex Block & Brick (Mfrs)","NULL","0","0"
"Cub Foods Pharmacy","6128667471","5937 Nicollet Ave","Minneapolis","54900000","David Craig","Manager","Mal","138457","C","Cub Foods Pharmacy","Anderson_Ed@cubfoods.com","5937 Nicollet Ave","Minneapolis","MN","55419","6128661168","6128667471","541105","Grocers-Retail","NULL","0","0"
"Sandstrom's","2183260567","2057 E Highway 2","Grand Rapids","68220000","David Sandstrom","Owner","Mal","139886","S","Sandstrom''s","DavidSandstrom@sandstroms.com","2057 E Highway 2","Grand Rapids","MN","55744","2183260567","2183260567","514105","Grocers-Wholesale","NULL","0","0"
"Marathon-Sipe Brothers Inc","7634252524","408 3rd St SE","Osseo","77142000","Pete Sipe","Owner","Mal","142632","M","Marathon-Sipe Brothers Inc","sipebros@mechanicnet.com","408 3rd St SE","Osseo","MN","55369","7634251392","7634252524","517208","Gas-Liquefied Petro-Bttld/Bulk (Whol)","www.sipebros.com","0","0"
"First Fuel Banks","3202522265","625 Lincoln Ave SE","St Cloud","50310000","Jim Feneis","Owner","Mal","147757","F","First Fuel Banks","Feneis@firstfuelbank.com","625 Lincoln Ave SE","St Cloud","MN","56304","3202520653","3202522265","517206","Oils-Fuel (Wholesale)","NULL","0","0"
"Pipestone Livestock Auction","5078253306","1500 7th St SE","Pipestone","61480000","Brian Schneider","Owner","Mal","150155","P","Pipestone Livestock Auction","Brian@pipestonelivestock.com","PO Box 185","Pipestone","MN","56164","5078253308","5078253306","515402","Livestock Auction Markets","NULL","0","0"
"Finlayson Bancshares Inc","3202337575","2203 Finland Ave","Finlayson","59132000","Bruce Pogatchnik","President","Mal","151794","F","Finlayson Bancshares Inc","tom@northviewbank.com","2203 Finland Ave","Finlayson","MN","55735","3202336335","3202337575","671201","Holding Companies (Bank)","www.northviewbank.com","0","0"
"Douglas Corp","9529412944","9650 Valley View Rd","Eden Prairie","59000000","Doug Skanse","President","Mal","154293","D","Douglas Corp","jim.mccannon@douglascorp.com","9650 Valley View Rd","Eden Prairie","MN","55344","9529423124","9529412944","308902","Plastics & Plastic Products (Mfrs)","NULL","0","0"
"PALS","3202358860","3735 County Road 5 SW","Willmar","81200000","Ray Norling","Owner","Mal","155411","P","PALS","RayNorling@palsintl.com","PO Box 753","Willmar","MN","56201","3202358869","3202358860","025401","Poultry Farms","NULL","0","0"
"Gross Given","6512244391","75 Plato Blvd W","St Paul","85000000","Robert J Sutter","CEO","Mal","158238","G","Gross Given","Sutter@automaticproducts.com","75 Plato Blvd W","St Paul","MN","55107","6512243609","6512244391","358101","Vending Machines-Manufacturers","NULL","0","0"
"Wilson Trailer Sales","5073882907","1294 N River Dr","Mankato","77700000","Todd Perkins","Manager","Mal","163338","W","Wilson Trailer Sales","steve@wilsontrailersales.com","1294 N River Dr","Mankato","MN","56001","5076256013","5073882907","501212","Trailers-Truck (Wholesale)","www.wilsontrailersales.com","0","0"
"CBCA","9528293500","10900 Hampshire Ave S","Minneapolis","98600000","Harriet Witt","Sr VP","Fem","165351","C","CBCA","fsa_memberservices@cbca.com","10900 Hampshire Ave S","Minneapolis","MN","55438","9123558723","9528293500","874242","Health Care Management","www.cbca.com","0","0"
"Belair Excavating","6517861300","2200 Old Highway 8 NW","New Brighton","55650000","Mark Murlowski","Owner","Mal","166121","B","Belair Excavating","Mark.Murlowski@belairexcavating.com","2200 Old Highway 8 NW","New Brighton","MN","55112","6517860769","6517861300","179403","Excavating Contractors","NULL","0","0"
"Tapemark Med Products","6514508441","1685 Marthaler Ln","St Paul","67200000","Robert Klas","Owner","Mal","169111","T","Tapemark Med Products","RKlas@tapemark.com","1685 Marthaler Ln","St Paul","MN","55118","6514508403","6514508441","384104","Physicians & Surgeons Equip & Supls-Mfrs","NULL","0","0"
"C S Mc Crossan Inc","7634254167","7865 Jefferson Hwy","Maple Grove","70500000","Charles S Mc Crossan","President","Mal","174575","C","C S Mc Crossan Inc","yvettek@mccrossan.com","7865 Jefferson Hwy","Maple Grove","MN","55369","7634251255","7634254167","161102","Road Building Contractors","NULL","0","0"
"Smarte Carte Inc","6514293614","4455 White Bear Pkwy","White Bear Lake","73000000","Edward D Rudis","CEO","Mal","176576","S","Smarte Carte Inc","carte@smartecarte.com","4455 White Bear Pkwy","White Bear Lake","MN","55110","6175614017","6514293614","361207","Airport Equipment & Supplies (Mfrs)","www.smartecarte.com","0","0"
"Veit Disposal Systems","7634223867","14000 Veit Pl","Rogers","65100000","Vaughn Veit","Owner","Mal","176729","V","Veit Disposal Systems","VV@veitcompanies.com","14000 Veit Pl","Rogers","MN","55374","7634286779","6516453867","495302","Garbage Collection","NULL","0","0"
"HOM Furniture","7637673700","10301 Woodcrest Dr NW","Coon Rapids","90000000","Wayne Johansen","Owner","Mal","179099","H","HOM Furniture","W.Johansen@homfurniture.com","10301 Woodcrest Dr NW","Coon Rapids","MN","55433","7637673765","7637673700","571216","Furniture-Dealers-Retail","NULL","0","0"
"Ricoh Business Systems","6512942600","1110 Centre Pointe Curv # 102","Mendota Heights","50500000","Peter Dahlin","Manager","Mal","181378","R","Ricoh Business Systems","jkuhl@peppercom.com","1110 Centre Pointe Curv # 102","Mendota Heights","MN","55120","5036970298","6512942600","506528","Facsimile Communication Equipment (Whol)","www.ricoh-usa.com","0","0"
"General PUMP","6514546500","1174 Northland Dr","Eagan","54400000","Bill Brown","President","Mal","181768","G","General PUMP","Bill_Brown@generalpump.com","1174 Northland Dr","Eagan","MN","55120","6514548015","6514546500","508444","Pumps (Wholesale)","NULL","0","0"
"Temroc Metals","7634786360","4375 Willow Dr","Hamel","95400000","Day Barns","President","Mal","186207","T","Temroc Metals","BD@temroc.com","4375 Willow Dr","Hamel","MN","55340","7634786905","7634786360","335501","Aluminum Fabricators","NULL","0","0"
"International Paper Co","6516363300","1300 Red Fox Rd","Arden Hills","56030000","Wayne Larson","Manager","Mal","186892","I","International Paper Co","amy.sawyer@ipaper.com","1300 Red Fox Rd","Arden Hills","MN","55112","7703891382","6516363300","262101","Paper-Manufacturers","www.internationalpaper.com","0","0"
"Navigant International","9528318300","7401 Metro Blvd # 400","Minneapolis","53700000","Barb Ahrens","Manager","Fem","190517","N","Navigant International","pat.dougherty@tq3navigant.com","7401 Metro Blvd # 400","Minneapolis","MN","55439","6034315638","9528318300","472402","Travel Agencies & Bureaus","www.navigant.com","0","0"
"OCE Metro Sales Inc","6128614000","1640 E 78th St","Minneapolis","83250000","Jerry Mathwig","Owner","Mal","191345","O","OCE Metro Sales Inc","bwerner@metrosales.com","1640 E 78th St","Minneapolis","MN","55423","6128612395","6128614000","504403","Copying & Duplicating Machines & Supls","www.metrosales.com","0","0"
"Sioux Valley Energy","5078253341","1102 7th St SE","Pipestone","61600000","Don Marker","Manager","Mal","192065","S","Sioux Valley Energy","dave.ossefoort@siouxvalleyenergy.com","1102 7th St SE","Pipestone","MN","56164","5078254835","5078253341","491101","Electric Companies","www.svswe.com","0","0"
"Black Bear Casino & Hotel","2188782327","1785 Highway 210","Carlton","50208000","Michael Himango","President","Mal","192162","B","Black Bear Casino & Hotel","hotelemployment@fdlrez.com","1785 Highway 210","Carlton","MN","55718","2188782414","2188782327","799302","Casinos","www.blackbearcasinohotel.com","0","0"
"Loram Maintenance","7634786014","3900 Arrowhead Dr","Hamel","80000000","Paul Wilson","President","Mal","194231","L","Loram Maintenance","password1@loram.com","3900 Arrowhead Dr","Hamel","MN","55340","7634786916","7634786014","374304","Railroad Equipment (Manufacturers)","www.loram.com","0","0"
"Twin City Fan & Blower","7635517600","5959 Trenton Ln N","Plymouth","70000000","Chuck Barry","CEO","Mal","194744","T","Twin City Fan & Blower","Barry@tcf.com","5959 Trenton Ln N","Plymouth","MN","55442","7635517501","7635517600","356498","Industrial & Coml Fans & Blowers (Mfrs)","NULL","0","0"
"Avery Weigh-Tronix Inc","5072384461","1000 Armstrong Dr","Fairmont","73200000","Gene Tonne","Plant Mgr","Mal","195163","A","Avery Weigh-Tronix Inc","usinfo@awtxglobal.com","1000 Armstrong Dr","Fairmont","MN","56031","5072384195","5072384461","359601","Scales-Manufacturers","www.weigh-tronix.com","0","0"
"Clark Consulting","9528936767","3600 American Blvd W # 200","Minneapolis","70550000","Jim Bean","President","Mal","195229","C","Clark Consulting","dan.fairley@clarkconsulting.com","3600 American Blvd W # 200","Minneapolis","MN","55431","3015304852","9528936767","628205","Financial Planning Consultants","www.clarkconsulting.com","0","0"
"Factory Motor Parts Co","6514544100","2855 Eagandale Blvd","Eagan","89600000","Elliott Badzin","President","Mal","196697","F","Factory Motor Parts Co","d.pederson@factorymotorparts.com","2855 Eagandale Blvd","Eagan","MN","55121","6514053569","6514544100","501313","Automobile Parts & Supplies-Wholesale","NULL","0","0"
"Discount Steel Co","6125225956","216 27th Ave N","Minneapolis","88995000","John Dormanen","Owner","Mal","197157","D","Discount Steel Co","dawn.skifstrom@discountsteel.com","216 27th Ave N","Minneapolis","MN","55411","6125225929","6125225956","505115","Metals-Base (Wholesale)","NULL","0","0"
"Clariant Corp","7635354511","9101 International Pkwy","New Hope","95500000","Jim Brinks","Manager","Mal","203233","C","Clariant Corp","media-relations@clariant.com","9101 International Pkwy","New Hope","MN","55428","7635350822","7635354511","282101","Plastics-Raw Mtrls/Powder/Resin-Mfrs","www.clariant.com","0","0"
"V-Tek Inc","5073872039","751 Summit Ave","Mankato","65142000","Dennis Siemer","Owner","Mal","203878","V","V-Tek Inc","website@vtekusa.com","751 Summit Ave","Mankato","MN","56001","9724791630","5073872039","506341","Electronic Testing Equipment (Wholesale)","www.vtekusa.com","0","0"
"Rihm Kenworth","6516467833","2108 University Ave W","St Paul","72400000","John Rihm","President","Mal","204234","R","Rihm Kenworth","J-Rihm@rihmkenworth.com","2108 University Ave W","St Paul","MN","55114","6516460630","6516467833","551105","Truck-Dealers","NULL","0","2"
"Central Livestock","6514511844","310 Market Ln","South St Paul","99905000","Jeff Reed","President","Mal","204835","C","Central Livestock","jshanks@crinet.com","310 Market Ln","South St Paul","MN","55075","6514511774","6514511844","515404","Livestock Commission","www.centrallivestock.com","0","1"
"Data Recognition Group","7632682000","13490 Bass Lake Rd","Maple Grove","68850000","Russ Hagen","Owner","Mal","208539","D","Data Recognition Group","scandocs@datarecognitioncorp.com","13490 Bass Lake Rd","Maple Grove","MN","55311","6517028970","7632682000","737401","Data Processing Service","www.datarecognitioncorp.com","0","0"
"Avnet Electronics","9528812600","9401 James Ave S # 140","Bloomington","50500000","John Hunter","Manager","Mal","209813","A","Avnet Electronics","mchapman@brodeur.com","9401 James Ave S # 140","Bloomington","MN","55431","7707994945","9528812600","506519","Electronic Equipment & Supplies-Whol","www.avnet.com","0","0"
"Progressive Contractors Inc","7634976100","14123 42nd St NE","St Michael","72000000","M S Mc Gray","President","Mal","210008","P","Progressive Contractors Inc","bpriebe@pciroads.com","14123 42nd St NE","St Michael","MN","55376","7634976101","7634976100","871111","Engineers-Consulting","www.progressivecontractors.com","0","0"
"Nu Aire Inc","7635531270","2100 Fernbrook Ln N","Plymouth","63600000","Richard Peters","President","Mal","210014","N","Nu Aire Inc","vjohnson@nuaire.com","2100 Fernbrook Ln N","Plymouth","MN","55447","7635530459","7635531270","283601","Biological Products (Manufacturers)","NULL","0","0"
"Meyers Label","7635339730","7277 Boone Ave N","Minneapolis","50000000","David Dillon","CEO","Mal","210782","M","Meyers Label","David@meyers.com","7277 Boone Ave N","Minneapolis","MN","55428","7635315771","7635339730","267201","Labels-Paper (Manufacturers)","NULL","0","0"
"Wadena Bankshares Inc","2186311860","304 1st St SE","Wadena","97707000","Kip Brown","President","Mal","211852","W","Wadena Bankshares Inc","jfietek@wadenastatebank.com","304 1st St SE","Wadena","MN","56482","2186312319","2186311860","671201","Holding Companies (Bank)","www.wadenastatebank.com","0","0"
"CROSSMARK","9529332263","10273 Yellow Circle Dr","Hopkins","79590000","Bruce Obrien","Manager","Mal","212682","C","CROSSMARK","david.peet@exchangebridge.com","10273 Yellow Circle Dr","Hopkins","MN","55343","9013629627","9529332263","514102","Food Brokers","www.crossmark.com","0","0"
