mail id,company,email,address,phone,fax,sic,sic description,web,,revenue id,company,address,city,state,zip,	metro,web,phone,fax,contact,position,gender,sales,# of employee,sic,sic_descrpiton,	,,
"268423","Penn Color Inc","pennweb@penncolor.com","400 Old Dublin Pike","2153459123","2153456550","519804","Colors & Pigments (Wholesale)","www.penncolor.com"," Email <---> Revenue ","320625","Penn Color Inc","400 Old Dublin Pike","Doylestown","PA","18901","Bucks","www.penncolor.com","2153456550","2153459123","Edgar Putman","CEO","Mal","95000000","110","519804","Colors & Pig","6","0","1"
"28771","Murray Freightliner","jhooten@murrayshonda.com","1844 Rich Hwy","8143716776","8143759090","551105","Truck-Dealers","www.murraysdubois.com"," Email <---> Revenue ","291210","Murray Freightliner","1844 Rich Hwy","Du Bois","PA","15801","Clearfield","www.murraysdubois.com","8143759090","8143750494","Greg Murray","President","Mal","64700000","100","551105","Truck-Dealer","6","2","1"
"265237","Worthington Steelpac Systems","madams@prismmarketing.com","1201 Eden Rd","7178510390","7176990022","331204","Steel Processing","www.worthingtonsteelpac.com"," Email <---> Revenue ","462083","Worthington Steelpac Systems","1201 Eden Rd","York","PA","17402","York","www.worthingtonsteelpac.com","7176990022","7178510390","Don Pulver","VP","Mal","50800000","100","331204","Steel Proces","6","0","1"
"214517","Daily Express Inc","ethompson@dailyexp.com","1072 Harrisburg Pike","7172402193","7172435757","421307","Trucking-Heavy Hauling","www.dailyexp.com"," Email <---> Revenue ","110119","Daily Express Inc","1072 Harrisburg Pike","Carlisle","PA","17013","Cumberland","www.dailyexp.com","7172435757","7172402193","Robert H Wertz","President","Mal","51100000","550","421307","Trucking-Hea","6","0","1"
"113488","Accu-Weld","Seller@accuweld.com","1211 Ford Rd","2152455572","2152456050","521131","Doors","NULL"," Email <---> Revenue ","9163","Accu-Weld","1211 Ford Rd","Bensalem","PA","19020","Bucks","www.accuweld.com","2152456050","2152455572","Craig Seller","President","Mal","51600000","200","521131","Doors","6","0","1"
"158421","Spectrum Control Inc","lopes@spectrumcontrol.com","8031 Avonia Rd","5042532200","8144742207","382204","Controls Control Systems/Regulators-Mfrs","www.spectrumcontrol.com"," Email <---> Revenue ","391864","Spectrum Control Inc","8031 Avonia Rd","Fairview","PA","16415","Erie","www.spectrumcontrol.com","8144742207","8144744475","Richard A Southworth","CEO","Mal","80477000","864","382204","Controls Con","6","0","1"
"243745","Schindler Elevator Corp","barbara.zaech@ch.schindler.com","1200 Biglerville Rd","4027347354","7173347651","353498","Elevators & Moving Stairways (Mfrs)","www.schindler.com"," Email <---> Revenue ","373810","Schindler Elevator Corp","1200 Biglerville Rd","Gettysburg","PA","17325","Adams","www.schindler.com","7173347651","7173374024","James Overby","VP","Mal","77700000","350","353498","Elevators & ","6","0","1"
"129734","Fred Beans Parts Inc","wedopartsright@fredbeans.com","131 Doyle St","2678883267","2678802150","501313","Automobile Parts & Supplies-Wholesale","www.fbparts.com"," Email <---> Revenue ","160832","Fred Beans Parts Inc","131 Doyle St","Doylestown","PA","18901","Bucks","www.fbparts.com","2678802150","2678883267","Denny Loux","Manager","Mal","42560000","95","501313","Automobile P","5","0","1"
"183211","Atlantic Concrete Products Co","jwesthoff@atlanticconcrete.com","PO Box 129","2159463102","2159455600","503208","Concrete Products (Wholesale)","NULL"," Email <---> Revenue ","33211","Atlantic Concrete Products Co","8900 Old Route 13","Tullytown","PA","19007","Bucks","www.atlanticconcrete.com","2159455600","2159463102","Joseph J Westhoff","President","Mal","25000000","93","503208","Concrete Pro","5","0","1"
"128543","Harman Stove Co","jbraddock@harmanstoves.com","352 Mountain House Rd","7173622213","7173629080","343308","Stoves-Wood Coal Etc-Manufacturers","www.harmanstoves.com"," Email <---> Revenue ","185801","Harman Stove Co","352 Mountain House Rd","Halifax","PA","17032","Dauphin","www.harmanstoves.com","7173629080","7173622213","Dane Harman","Owner","Mal","33320000","170","343308","Stoves-Wood ","5","0","1"
"274775","Renfrew Center","aressler@renfrewcenter.com","8945 Ridge Ave","2016526253","2154828000","804922","Psychologists","www.renfrewcenter.com"," Email <---> Revenue ","353087","Renfrew Center","8945 Ridge Ave","Philadelphia","PA","19128","Philadelphia","www.renfrewcenter.com","2154828000","2154873972","Susan Ice","Manager","Fem","28700000","350","804922","Psychologist","5","2","1"
"213035","Liberty Homes Inc","pamela.munn@libertyhomesinc.com","21 S Groffdale Rd","7048782004","7176562381","245101","Mobile Homes-Manufacturers","www.libertyhomesinc.com"," Email <---> Revenue ","250789","Liberty Homes Inc","21 S Groffdale Rd","Leola","PA","17540","Lancaster","www.libertyhomesinc.com","7176562381","7176568781","Warren Keyes","Plant Mgr","Mal","29100000","150","245101","Mobile Homes","5","0","1"
"286889","Summit Food Marketing Inc","jruddyjr@summitfood.com","1495 Alan Wood Rd","6109415322","6109415331","514102","Food Brokers","NULL"," Email <---> Revenue ","406795","Summit Food Marketing Inc","1495 Alan Wood Rd","Conshohocken","PA","19428","Montgomery","www.summitfood.com","6109415331","6109415322","Jim Ruddy Sr","President","Mal","25014000","22","514102","Food Brokers","5","0","1"
"226713","Bon-Ton Stores; Inc.","ir@bonton.com","2801 East Market Street","7177577660","7177513196","5999","Marketing NEC","http://www.bonton.com"," Email <---> Revenue ","55086","Bon-Ton Stores Distribution","600 Mount Zion Rd","York","PA","17402","York","www.bonton.com","7177577660","7177513169","","","","47200000","50","509998","Distribution","5","0","1"
"188463","Martin Guitar Co","1833shop@martinguitar.com","510 Sycamore St","6107595757","6107592837","393102","Musical Instruments-Manufacturers","www.martinguitar.com"," Email <---> Revenue ","268334","Martin Guitar Co","510 Sycamore St","Nazareth","PA","18064","Northampton","www.martinguitar.com","6107592837","6107595757","Chris Martin","CEO","Mal","29750000","600","393102","Musical Inst","5","0","1"
"246280","Bernardi Italian Foods","msherman2@windsorfoods.com","595 W 11th St","4173585323","5703895500","203801","Frozen Food Processors","www.specialtybrandsinc.com"," Email <---> Revenue ","46897","Bernardi Italian Foods","595 W 11th St","Bloomsburg","PA","17815","Columbia","www.windsorfoods.com","5703895500","5707840293","Howard Teufel","Plant Mgr","Mal","49860000","180","203801","Frozen Food ","5","0","1"
"253631","Billows Electric Supply Co","jeffb@billows.com","9100 State Rd","2153331890","2153329700","506330","Electric Equipment & Supplies-Wholesale","NULL"," Email <---> Revenue ","50477","Billows Electric Supply Co","9100 State Rd","Philadelphia","PA","19136","Philadelphia","www.billows.com","2153329700","2153331890","Jeff Billow","Owner","Mal","39480000","60","506330","Electric Equ","5","0","1"
"235570","Clemens Market","art@odorknocker.com","616 E Main St","2158555770","2158558231","541105","Grocers-Retail","www.clemens.com"," Email <---> Revenue ","90188","Clemens Market","2333 W Main St","Lansdale","PA","19446","Montgomery","www.clemensmarkets.com","2158559571","","Jim Mc Guire","Manager","Mal","36400000","200","541105","Grocers-Reta","5","0","1"
"223965","Modern Landfill & Recycling","kuhnj@repsrvnj.com","4400 Mount Pisgah Rd","7172445588","7172462686","495303","Landfills-Sanitary","NULL"," Email <---> Revenue ","284608","Modern Landfill & Recycling","4400 Mount Pisgah Rd","Yorkana","PA","17402","York","","7172462686","7172445588","Tim O'Donnell","President","Mal","13020000","60","495303","Landfills-Sa","4","0","1"
"277794","B J Terroni Co","jay.kirk@bjterroni.com","3190 Tucker Rd","2156393710","2156393600","509908","Manufacturers-Agents & Representatives","www.bjterroni.com"," Email <---> Revenue ","36905","B J Terroni Co","3190 Tucker Rd","Bensalem","PA","19020","Bucks","www.bjterroni.com","2156393600","2156393710","John Terroni","President","Mal","18880000","20","509908","Manufacturer","4","0","1"
"265223","Van Dyk Business Systems","dpkadyk@vandyk.net","800 Trumbull Dr","4122799394","4122791400","504403","Copying & Duplicating Machines & Supls","www.vandyk.net"," Email <---> Revenue ","439376","Van Dyk Business Systems","800 Trumbull Dr","Pittsburgh","PA","15205","Allegheny","www.vandyk.net","4122791400","4122799394","Ronald Linaburg","Owner","Mal","23310000","70","504403","Copying & Du","4","0","1"
"47374","Roll Former Corp","gerald.corkery@rollformercorp.com","140 Independence Ln","2159975544","2159972511","335101","Metal Shapes-Extruded (Manufacturers)","NULL"," Email <---> Revenue ","362491","Roll Former Corp","140 Independence Ln","Chalfont","PA","18914","Bucks","www.rollformercorp.com","2159972511","2159975544","Phil Altomare","Owner","Mal","10406000","22","335101","Metal Shapes","4","0","1"
"125041","Acme Markets Inc","albertsonscustomercare@albertsons.com","700 Lancaster Ave","2062435188","6103416073","541105","Grocers-Retail","www.albertsons.com"," Email <---> Revenue ","9792","Acme Markets Inc","700 Lancaster Ave","Devon","PA","19333","Chester","www.albertsons.com","6103416073","","Gail Alyanakian","Manager","Fem","20930000","115","541105","Grocers-Reta","4","0","1"
"192967","Advanced Concrete Systems Inc","usagency@usagency.com","State Road 1005","6147597441","5708373955","327209","Concrete Prods-Ex Block & Brick (Mfrs)","www.swoinc.com"," Email <---> Revenue ","11967","Advanced Concrete Systems Inc","State Road 1005","Middleburg","PA","17842","Snyder","www.yourbasement.com","5708373955","5708371182","Larry Yarder","Owner","Mal","10530000","65","327209","Concrete Pro","4","0","1"
"286943","LA Face & Mc Govern Assoc Inc","sbailey@laface-mcgovern.com","5330 Enterprise Blvd","4128540202","4128543200","506330","Electric Equipment & Supplies-Wholesale","www.laface-mcgovern.com"," Email <---> Revenue ","240556","LA Face & Mc Govern Assoc Inc","5330 Enterprise Blvd","Bethel Park","PA","15102","Allegheny","www.laface-mcgovern.com","4128543200","4128540202","Harry Mc Govern","Owner","Mal","19740000","30","506330","Electric Equ","4","0","1"
"59653","Berger Bros Co","nicoleg@bergerbros.com","805 Pennsylvania Blvd","2153557738","2153551200","349903","Metal Goods-Manufacturers","www.bergerbros.com"," Email <---> Revenue ","46201","Berger Bros Co","805 Pennsylvania Blvd","Langhorne","PA","19053","Bucks","www.bergerbros.com","2153551200","2153557738","David Stuart","Manager","Mal","13837000","101","349903","Metal Goods-","4","0","1"
"280403","Papers Unlimited Inc","lseidman@papersunlim.com","222 Jenkintown Commons","NULL","2158873600","511101","Paper Products (Wholesale)","NULL"," Email <---> Revenue ","315178","Papers Unlimited Inc","222 Jenkintown Commons","Jenkintown","PA","19046","Montgomery","","2158873600","","Len Seidman","Owner","Mal","12088000","8","511101","Paper Produc","4","0","1"
"266397","Sky King Of Pa","jvanjr@netzero.com","326 Martin Kelly Spear Rd","7246670833","7246676007","509202","Fireworks (Wholesale)","www.skykingfireworks.com"," Email <---> Revenue ","385838","Sky King Of Pa","326 Martin Kelly Spear Rd","Edinburg","PA","16116","Lawrence","www.skykingfireworks.com","7246676007","7246670833","Vito Yeropoli","Owner","Mal","14480000","20","509202","Fireworks (W","4","0","1"
"286847","Narrow Fabric Industries Inc","jalthouse@narrowfabric.com","7th Ave & Reading Ave","6103762869","6103762891","224198","Narrow Fabric & Other Smallwares-Mills","www.narrowfabric.com"," Email <---> Revenue ","293765","Narrow Fabric Industries Inc","7th Ave & Reading Ave","Reading","PA","19611","Berks","www.narrowfabric.com","6103762891","6103762869","","","","24500000","300","224198","Narrow Fabri","4","0","1"
"124406","Joseph E Biben Sales Corp","gbiben@bibensales.com","2277 Washington Ave","2155450990","2159859400","506330","Electric Equipment & Supplies-Wholesale","NULL"," Email <---> Revenue ","224114","Joseph E Biben Sales Corp","2277 Washington Ave","Philadelphia","PA","19146","Philadelphia","www.bibensales.com","2159859400","2155450990","Gene Biben","Owner","Mal","15134000","23","506330","Electric Equ","4","0","1"
"234535","Alex E Paris Contracting Co","aparis@alexparis.com","1595 Smith Township State Rd","7249473820","7249472235","162304","Water Main Contractors","www.alexparis.com"," Email <---> Revenue ","15596","Alex E Paris Contracting Co","1595 Smith Township State Rd","Burgettstown","PA","15021","Washington","www.alexparis.com","7249472235","7249473820","Emanuel A Paris Iii","Owner","Mal","11400000","150","162304","Water Main C","4","0","1"
"179198","JM Resources; Inc","amcglade@jmresources.com","200 West Church Road","6109929300","6109929595","8661","Religious organizations","JMRESOURCES.COM"," Email <---> Revenue ","210890","J M Resources Inc","200 W Church Rd","King Of Prussia","PA","19406","Montgomery","www.jmresources.com","6109929300","6109929595","Arie Upfalow","Owner","Mal","23030000","35","506304","Security Con","4","0","1"
"270366","B & L Wholesale Supply Inc","tsweazy@blwholesale.com","4623 Pacific Ave","5855465372","8148339805","503308","Siding Materials-Wholesale","www.blwholesale.com"," Email <---> Revenue ","36387","B & L Wholesale Supply Inc","4623 Pacific Ave","Erie","PA","16506","Erie","www.blwholesale.com","8148339805","8148333634","Gary Jenkins","Manager","Mal","15800000","25","503308","Siding Mater","4","0","1"
"263450","Cable Service Co Inc","sandral@cable-services.com","2113 Marydale Ave","5703225373","5703238518","762923","Telephone Equipment & Systems-Svc/Repair","NULL"," Email <---> Revenue ","68961","Cable Service Co Inc","2113 Marydale Ave","Williamsport","PA","17701","Lycoming","www.cable-services.com","5703238518","5703225373","John Roskowski","Owner","Mal","14750000","125","762923","Telephone Eq","4","0","1"
"139272","M & C Specialties Co","mhigginson@mcspecialties.com","90 James Way","2153221620","2153221600","508536","Tapes-Adhesive (Wholesale)","www.mcspecialties.com"," Email <---> Revenue ","259089","M & C Specialties Co","90 James Way","Southampton","PA","18966","Bucks","www.mcspecialties.com","2153221600","2153221620","Donald Rauch","President","Mal","16900000","150","508536","Tapes-Adhesi","4","0","1"
"154491","Allen-Bradley Co","llevecke@ra.rockwell.com","333 Technology Dr # 102","8043304921","7248737787","506330","Electric Equipment & Supplies-Wholesale","www.rockwellautomation.com"," Email <---> Revenue ","18380","Allen-Bradley Co","333 Technology Dr # 102","Canonsburg","PA","15317","Washington","www.rockwellautomation.com","7248737787","7248734790","Ralph Lovette","Manager","Mal","23030000","35","506330","Electric Equ","4","0","1"
"255464","Weber Electric Supply","jjones@weberelectricsupply.com","1909 Peach St","8144555682","8144536631","506330","Electric Equipment & Supplies-Wholesale","www.weberelectricsupply.com"," Email <---> Revenue ","450582","Weber Electric Supply","1909 Peach St","Erie","PA","16502","Erie","www.weberelectricsupply.com","8144536631","8144555682","Tom Weber","President","Mal","16450000","25","506330","Electric Equ","4","0","1"
"240522","Chemson Inc","glenn.atkinson@us.chemson.com","7825 Holstein Ave","2153653025","2153651082","516916","Chemicals (Wholesale)","NULL"," Email <---> Revenue ","81651","Chemson Inc","7825 Holstein Ave","Philadelphia","PA","19153","Philadelphia","","2153651082","2153653025","Joseph Daversa","Owner","Mal","20020000","20","516916","Chemicals (W","4","0","1"
"2907","Bardane Manufacturing Co","george_garrick@bardane.com","PO Box 70","5708761938","5708764844","336398","Aluminum Die Castings (Manufacturers)","www.bardane.com"," Email <---> Revenue ","40248","Bardane Manufacturing Co","PO Box 70","Jermyn","PA","18433","Lackawanna","www.bardane.com","5708764844","5708761938","","","","13350000","75","336398","Aluminum Die","4","0","1"
"220364","TELERX MARKETING","brennan@telerx.com","P.O. Box 1171","2153475700","null","874213","Marketing Programs & Services","HEALTHSRVCS.INFO^^TELERX.BIZ^^TELERX.INFO"," Email <---> Revenue ","415537","Telerx Marketing Inc","723 Dresher Rd","Horsham","PA","19044","Montgomery","www.telerx.com","2153475700","2153475800","Amy Abrams","President","Fem","17000000","0","874213","Marketing Pr","4","0","1"
"97125","Network Appliance Inc","xdl-uspr@netapp.com","800 Cranberry Woods Dr","7247415011","7247415000","572202","Appliances-Household-Major-Dealers","www.netapp.com"," Email <---> Revenue ","296843","Network Appliance Inc","800 Cranberry Woods Dr","Cranberry Twp","PA","16066","Butler","www.netapp.com","7247415000","7247415011","Ron Wolfe","Plant Mgr","Mal","23980000","110","572202","Appliances-H","4","0","1"
"276870","Brucelli Advertising Co","scott@brucelli.com","310 S Blakely St","5703449408","5703446623","519917","Advertising-Specialties (Wholesale)","www.brucelli.com"," Email <---> Revenue ","61542","Brucelli Advertising Co","310 S Blakely St","Dunmore","PA","18512","Lackawanna","www.brucelli.com","5703446623","5703449408","Bruce Shoenberg","Owner","Mal","10770000","15","519917","Advertising-","4","0","1"
"282493","Douglas Drill Svc Inc","rigparts@douglasdrillservices.com","State Route 322 W","8143420820","8143427260","508401","Drilling & Boring Equip & Supls (Whol)","www.douglasdrillservices.com"," Email <---> Revenue ","125840","Douglas Drill Svc Inc","State Route 322 W","Philipsburg","PA","16866","Centre","www.douglasdrillservices.com","8143427260","8143420820","Douglas Burnsworth","Owner","Mal","16320000","30","508401","Drilling & B","4","0","1"
"128925","MAC Tac","mactac.americas@bemis.com","802 E Corey St","5709415411","5703472035","275901","Paper-Adhesive/Pressure Sensitive (Mfrs)","www.mactac.com"," Email <---> Revenue ","260591","MAC Tac","802 E Corey St","Scranton","PA","18505","Lackawanna","www.mactac.com","5703472035","5709415411","Gary Arvay","Plant Mgr","Mal","20020000","220","275901","Paper-Adhesi","4","0","1"
"137373","Hodge Tool Co","ehodgen@hodgetool.com","2831 Old Tree Dr","7173940352","7173935543","354407","Tool & Die Makers","NULL"," Email <---> Revenue ","194503","Hodge Tool Co","2831 Old Tree Dr","Lancaster","PA","17603","Lancaster","www.hodgetool.com","7173935543","7173940352","Edward R Hodgen","President","Mal","6750000","50","354407","Tool & Die M","3","0","1"
"205416","Coon Industries Inc","davedillonjr@coonindustries.com","117 Armstrong Rd","5706540216","5708238600","521128","Concrete-Ready Mixed","www.coonindustries.com"," Email <---> Revenue ","98705","Coon Industries Inc","117 Armstrong Rd","Pittston","PA","18640","Luzerne","www.coonindustries.com","5708238600","5706540216","David M Puz","President","Mal","7740000","30","521128","Concrete-Rea","3","0","1"
"265962","Equipment Corp Of America","arkern@ecanet.com","PO Box 306","4122641158","4122644480","508206","Contractors-Equip/Supls-Dlrs/Svc (Whol)","NULL"," Email <---> Revenue ","140996","Equipment Corp Of America","1000 Station St","Coraopolis","PA","15108","Allegheny","www.ecanet.com","4122644480","4122641158","A Roy Kern","President","Mal","7326000","11","508206","Contractors-","3","0","1"
"196328","ABF Freight System Inc","william@syntechnz.com","40 New Frederick St","3365706205","5708226800","421309","Trucking-Motor Freight","www.abss.com"," Email <---> Revenue ","6050","ABF Freight System Inc","40 New Frederick St","Wilkes Barre","PA","18702","Luzerne","www.abss.com","5708226800","5708245509","Terry Light","Manager","Mal","6040000","40","421309","Trucking-Mot","3","0","1"
"69263","Barc Production Svc","w1bos@arrl.net","349 Ivyland Rd","2156723642","2156726010","384104","Physicians & Surgeons Equip & Supls-Mfrs","www.barc.org"," Email <---> Revenue ","40188","Barc Production Svc","349 Ivyland Rd","Warminster","PA","18974","Bucks","www.barc.org","2156726010","2156723642","Scott Kulp","Manager","Mal","5600000","25","384104","Physicians &","3","0","1"
"146565","Sproutman","sproutman@sproutman.com","RR 2 Box 308","NULL","6109829108","514801","Fruits & Vegetables-Wholesale","NULL"," Email <---> Revenue ","393554","Sproutman","Chestnut Ridge Rd","Upper Black Eddy","PA","18972","Bucks","","6109829108","","Murray Tizer","Owner","Mal","6612000","12","514801","Fruits & Veg","3","0","1"
"262258","R H Marcon Inc","ray@rhmarcon.com","2500 Clyde Ave","8142384381","8142382800","176109","Roofing Contractors","www.rhmarcon.com"," Email <---> Revenue ","344790","R H Marcon Inc","2500 Clyde Ave","State College","PA","16801","Centre","www.rhmarcon.com","8142382800","8142384381","Raymond Marcon","Owner","Mal","5580000","45","176109","Roofing Cont","3","0","1"
"184777","Process Engineering Co","peco@processengineering.com","267 Academy Ave","4125612242","4125615050","509908","Manufacturers-Agents & Representatives","www.processengineering.com"," Email <---> Revenue ","339137","Process Engineering Co","267 Academy Ave","Pittsburgh","PA","15228","Allegheny","www.processengineering.com","4125615050","4125612242","Dale Smith","President","Mal","7552000","8","509908","Manufacturer","3","0","1"
"284392","Langer Material Handling Inc","langermhi@langermhi.com","100 Industrial Dr W","7248982141","7248982000","508426","Material Handling Equipment (Wholesale)","www.langermhi.com"," Email <---> Revenue ","243808","Langer Material Handling Inc","100 Industrial Dr W","Valencia","PA","16059","Butler","www.langermhi.com","7248982000","7248982141","William Langer","Owner","Mal","8160000","15","508426","Material Han","3","0","1"
"194419","Automation Solutions Inc","inquire@asi-pa.com","882 S Matlack St # 204","6104303675","6104303670","508425","Machine Tools (Wholesale)","www.asi-pa.com"," Email <---> Revenue ","34908","Automation Solutions Inc","882 S Matlack St # 204","West Chester","PA","19382","Chester","www.asi-pa.com","6104303670","6104303675","Scott Braunschweig","Owner","Mal","5984000","11","508425","Machine Tool","3","0","1"
"50392","Elsner Engineering Works Inc","eew@elsnereng.com","475 Fame Ave","7176337100","7176375991","359905","Machinery-Specially Designed & Built","www.elsnereng.com"," Email <---> Revenue ","138291","Elsner Engineering Works Inc","475 Fame Ave","Hanover","PA","17331","York","www.elsnereng.com","7176375991","7176337100","Frank R Elsner Iii","Owner","Mal","8610000","70","359905","Machinery-Sp","3","0","1"
"44470","Software Consulting Svc","Cichelli@newspapersystems.com","630 Selvaggio Dr # 420","6107467900","6107467700","737104","Data Systems Consultants & Designers","NULL"," Email <---> Revenue ","388428","Software Consulting Svc","630 Selvaggio Dr # 420","Nazareth","PA","18064","Northampton","www.newspapersystems.com","6107467700","6107467900","Richard Cichelli","Owner","Mal","5495000","35","737104","Data Systems","3","0","1"
"216393","Pro Video Sales Co","arizk@provideosales.com","1001 Sussex Blvd","5619959299","6103287448","573113","Audio-Visual Equipment-Dealers","www.provideosales.com"," Email <---> Revenue ","338951","Pro Video Sales Co","1001 Sussex Blvd","Broomall","PA","19008","Delaware","www.provideosales.com","6103287448","6105443489","Ken Adelberg","Owner","Mal","7260000","30","573113","Audio-Visual","3","0","1"
"192283","Williamsport Electric Inc","weicem1a@weic.com","3728 Us Highway 15","5705472355","5705472831","173101","Electric Contractors","www.weic.com"," Email <---> Revenue ","458264","Williamsport Electric Inc","3728 Us Highway 15","Montgomery","PA","17752","Lycoming","www.weic.com","5705472831","5705472355","Doug Strouse","Manager","Mal","7524000","57","173101","Electric Con","3","2","1"
"279110","Measurement Instruments East","vpollock@meas-inst.com","120 E Market St","2484888600","7244598090","506336","Electronic Instruments (Wholesale)","www.meas-inst.com"," Email <---> Revenue ","274578","Measurement Instruments East","120 E Market St","Blairsville","PA","15717","Indiana","www.meas-inst.com","7244598090","7244599070","Mike Gwinn","Manager","Mal","6580000","10","506336","Electronic I","3","0","1"
"243850","Interstate Courier Express","Scott@ice-1.net","1000 Macarthur Rd # 101","6107403174","6107405840","451202","Air Cargo Service","NULL"," Email <---> Revenue ","206968","Interstate Courier Express","1000 Macarthur Rd # 101","Whitehall","PA","18052","Lehigh","www.ice-1.net","6107405840","6107403174","Scott Willimson","Owner","Mal","9660000","30","451202","Air Cargo Se","3","0","1"
"279174","Theodore Presser Co","promotion@presser.com","588 N Gulph Rd","6105277841","6105274242","393102","Musical Instruments-Manufacturers","www.presser.com"," Email <---> Revenue ","417095","Theodore Presser Co","588 N Gulph Rd","King Of Prussia","PA","19406","Montgomery","www.presser.com","6105274242","6105277841","Hayden Connor","Owner","Mal","6866000","30","393102","Musical Inst","3","0","1"
"233667","Champion Mine Supply Inc","p_phillips@championminesupply.com","223 Pritts Distillery Rd","7244557863","7244552902","508211","Mining Equipment (Wholesale)","www.championminesupply.com"," Email <---> Revenue ","79582","Champion Mine Supply Inc","223 Pritts Distillery Rd","Champion","PA","15622","Westmoreland","www.championminesupply.com","7244552902","7244557863","Melody Phillips","Owner","Fem","9990000","15","508211","Mining Equip","3","0","1"
"276674","American International Removals","jwangle@airelo.com","111 Technology Drive","4127880461","4127880245","8999","Services NEC","airelo.com"," Email <---> Revenue ","22721","American International Rmvls","111 Technology Dr","Pittsburgh","PA","15275","Allegheny","","4127880461","","Bryan Putt","President","Mal","5360000","40","653101","Relocation S","3","0","1"
"269323","Burch Materials","John-Burch@burchmaterials.com","685 Kromer Ave","6106476756","6106404877","508548","Rubber Products-Wholesale","NULL"," Email <---> Revenue ","63864","Burch Materials","685 Kromer Ave","Berwyn","PA","19312","Chester","","6106404877","6106476756","John Burch","Owner","Mal","6840000","12","508548","Rubber Produ","3","0","1"
"258552","AMEC Earth & Environmental","frank.stokes@amec.com","1 Plymouth Meeting Mall","9096056502","6108288100","873111","Environmental & Ecological Services","www.amec.com"," Email <---> Revenue ","6820","AMEC Earth & Environmental","1 Plymouth Meeting Mall","Plymouth Meeting","PA","19462","Montgomery","www.amec.com","6108288100","6108286700","Roger Jinks","President","Mal","6160000","35","873111","Environmenta","3","0","1"
"227563","Standard Iron Works","dkillian@standardironworks.com","990 N South Rd","5703478273","5703472058","344106","Steel-Structural (Manufacturers)","www.standardironworks.com"," Email <---> Revenue ","397901","Standard Iron Works","990 N South Rd","Scranton","PA","18504","Lackawanna","www.standardironworks.com","5703472058","5703478273","Paul J Dennebaum","Owner","Mal","7665000","35","344106","Steel-Struct","3","0","1"
"148913","Ski Big Bear","bigbear@ltis.net","HC 1 Box 1a353","5706853660","5706851400","701110","Skiing Centers & Resorts","www.ski-bigbear.com"," Email <---> Revenue ","385545","Ski Big Bear","HC 1 Box 1a353","Lackawaxen","PA","18435","Pike","www.ski-bigbear.com","5706851400","5706853660","Ron Schmalzla","Manager","Mal","5250000","70","701110","Skiing Cente","3","1","1"
"280382","Cannon Boiler Works Inc","adco@adcoboiler.com","510 Constitution Blvd","7243356511","7243358541","171118","Boilers-Repairing & Cleaning","www.cannonboilerworks.com"," Email <---> Revenue ","71244","Cannon Boiler Works Inc","510 Constitution Blvd","New Kensington","PA","15068","Westmoreland","www.cannonboilerworks.com","7243358541","7243356511","Arthur Skelley","Owner","Mal","7008000","48","171118","Boilers-Repa","3","0","1"
"10211","Mex America Foods Inc","wecare@mexamericafoods.com","1037 Trout Run Rd","8148349042","8147811447","209998","Food Preparations Nec (Manufacturers)","www.mexamericafoods.com"," Email <---> Revenue ","278013","Mex America Foods Inc","1037 Trout Run Rd","St Marys","PA","15857","Elk","www.mexamericafoods.com","8147811447","8148349042","Gerald Riddle","Owner","Mal","9660000","35","209998","Food Prepara","3","0","1"
"243324","Walters Septic Tank Cleaning","steve@waltersservices.com","463 Manada Gap Rd","7173677050","7173677050","735922","Toilets-Portable","www.walterscompany.com"," Email <---> Revenue ","447675","Walters Septic Tank Cleaning","463 Manada Gap Rd","Grantville","PA","17028","Dauphin","www.walterscompany.com","7173677050","","Faber Walters","Owner","Mal","7320000","40","735922","Toilets-Port","3","0","1"
"176026","Christian Publications Bookstr","rkitner@zurltd.com","3825 Hartzdale Dr","9736165088","7177376944","594201","Book Dealers-Retail","www.christianpublications.com"," Email <---> Revenue ","85252","Christian Publications Bookstr","3825 Hartzdale Dr","Camp Hill","PA","17011","Cumberland","www.christianpublications.com","7177376944","7177617273","Dennis Friederich","Manager","Mal","8000000","21","594201","Book Dealers","3","0","1"
"253471","Hull's Electric Svc Inc","phull@hullselectric.com","15 Sachs Rd","7173342089","7173342089","173101","Electric Contractors","www.hullselectric.com"," Email <---> Revenue ","200490","Hull's Electric Svc Inc","15 Sachs Rd","Gettysburg","PA","17325","Adams","www.hullselectric.com","7173341118","7173342089","Peter R Hull","Owner","Mal","5280000","40","173101","Electric Con","3","2","1"
"217285","B & G Paper Products","Mark@bgpaper.com","145 Earland Dr","NULL","7177688850","511101","Paper Products (Wholesale)","NULL"," Email <---> Revenue ","36236","B & G Paper Products","145 Earland Dr","New Holland","PA","17557","Lancaster","www.bgpaper.com","7177688850","","Mark Gregory","Owner","Mal","7555000","5","511101","Paper Produc","3","0","1"
"184257","Word Processing Svc Inc","jvd@wpssolutions.com","1105 18th St","8149422324","8149465282","504416","Duplicating Machines & Supplies (Whol)","www.wpscopiers.com"," Email <---> Revenue ","461606","Word Processing Svc Inc","1105 18th St","Altoona","PA","16601","Blair","www.wpscopiers.com","8149465282","8149422324","Ed Klein","Manager","Mal","5994000","18","504416","Duplicating ","3","0","1"
"153612","Gap Vax Inc","inquiry@gapvax.com","575 Central Ave","8145393617","8145356766","359915","Industrial Equipment & Supplies-Mfrs","www.gapvax.com"," Email <---> Revenue ","166175","Gap Vax Inc","575 Central Ave","Johnstown","PA","15902","Cambria","www.gapvax.com","8145356766","8145393617","Gary Poborsky","CEO","Mal","6150000","50","359915","Industrial E","3","0","1"
"277956","Top Notch Distributors","justin@volutionmedia.com","417 Erie St","3142913072","5702537380","731908","Distribution Services","www.4topnotch.com"," Email <---> Revenue ","422468","Top Notch Distributors","417 Erie St","Honesdale","PA","18431","Wayne","www.topnotchdistributors.com","5702537380","","","","","515000","5","731908","Distribution","1","0","1"
