mail id,company,email,address,phone,fax,sic,sic description,web,,revenue id,company,address,city,state,zip,	metro,web,phone,fax,contact,position,gender,sales,# of employee,sic,sic_descrpiton,	,,
"257300","Wimco Metals","yweis@wimcometal.com","401 Penn Avenue","4122438000","4122432225","1099","Metal ores","null"," Email <---> Revenue ","458975","Wimco Metals Inc","401 Penn Ave","Pittsburgh","PA","15221","Allegheny","","4122438000","4122432225","Morris Gross","Owner","Mal","57400000","28","509313","Scrap Metals","6","0","1"
"68586","Merion Publications Inc","wsamarin@merion.com","2900 Horizon Dr","6109620639","6102658249","274105","Publishers","NULL"," Email <---> Revenue ","277025","Merion Publications Inc","2900 Horizon Dr","King Of Prussia","PA","19406","Montgomery","www.merion.com","6102658249","6109620639","Ann Kielinski","Owner","Fem","54800000","200","274105","Publishers","6","0","1"
"123209","Eastern Industries Inc","william.patton@eastern-ind.com","4401 Camp Meeting Rd # 200","6108671886","6108660932","142201","Limestone","NULL"," Email <---> Revenue ","132590","Eastern Industries Inc","4401 Camp Meeting Rd # 200","Center Valley","PA","18034","Lehigh","www.eastern-ind.com","6108660932","6108671886","Kim Snyder","President","Mal","91400000","0","142201","Limestone","6","0","1"
"257548","Lannett Co Inc","wfarber@lannett.com","9000 State Rd","2153339004","2153339000","512203","Pharmaceutical Products-Wholesale","NULL"," Email <---> Revenue ","243894","Lannett Co Inc","9000 State Rd","Philadelphia","PA","19136","Philadelphia","","2153339000","2153339004","William Farber","CEO","Mal","63781000","171","512203","Pharmaceutic","6","0","1"
"185285","Clark Screw Machine Products","Wetzel.Larry@craftershome.net","320 4th St","4128283344","4128281210","331601","Steel-Bar, Sheet, Strip, Tube Etc (Mfrs)","Sheet"," Email <---> Revenue ","88885","Clark Screw Machine Products","320 4th St","Blawnox","PA","15238","Allegheny","www.clarkmachineproducts.com","4128281210","4128283344","Larry Wetzel","President","Mal","57600000","100","331601","Steel-Bar, S","6","0","1"
"176079","Markel Corp","warren.mang@markelcorporation.com","435 School Ln","6102703138","6102728960","308201","Plastics-Rod,Tube,Sheets,Etc-Supl (Mfr)","Tube"," Email <---> Revenue ","267239","Markel Corp","435 School Ln","Plymouth Meeting","PA","19462","Montgomery","www.markel.info","6102728960","6102703138","Kim A Reynolds","CEO","Mal","92016000","150","308201","Plastics-Rod","6","0","1"
"234865","Allied Foods Inc","vbaur@alliedfoods.net","PO Box 142","5709615452","5709615801","514704","Meat-Wholesale","NULL"," Email <---> Revenue ","18910","Allied Foods Inc","100 Hudson Ave","Scranton","PA","18504","Lackawanna","","5709615801","5709615452","Michael Paolucci","Owner","Mal","77280000","60","514704","Meat-Wholesa","6","0","1"
"250743","IGI Inc","Troy.Huth@frontieradjusters.com","85 Old Eagle School Rd","6106872792","6106879030","519941","Candles-Mfrs Equipment & Supls (Whol)","NULL"," Email <---> Revenue ","202079","IGI Inc","85 Old Eagle School Rd","Wayne","PA","19087","Delaware","","6106879030","6106872792","Ken Reucassel","President","Mal","59000000","15","519941","Candles-Mfrs","6","0","1"
"270516","Chromalox Industrial Sales Ofc","Tony@chromalox.net","103 Gamma Dr","4129675148","4129673800","506328","Controls Control Systs/Regulators (Whol)","NULL"," Email <---> Revenue ","85755","Chromalox Industrial Sales Ofc","103 Gamma Dr","Pittsburgh","PA","15238","Allegheny","www.chromalox.net","4129673800","4129675148","Tony Castor","President","Mal","52640000","80","506328","Controls Con","6","0","1"
"274517","Rittenhouse Book Distributors","Timothy@rittenhouse.com","PO Box 61565","6102770390","6102771414","519202","Book Dealers-Wholesale","NULL"," Email <---> Revenue ","358245","Rittenhouse Book Distributors","511 Feheley Dr","King Of Prussia","PA","19406","Montgomery","www.rittenhouse.com","6102771414","6102770390","Timothy Foster","President","Mal","50000000","95","519202","Book Dealers","6","0","1"
"217994","Industrial Distribution Group","teresa.haradon@idg-corp.com","3100 Farmtrail Rd","7145210208","7177677575","508522","Industrial Equipment & Supplies (Whol)","www.idglink.com"," Email <---> Revenue ","204390","Industrial Distribution Group","3100 Farmtrail Rd","York","PA","17402","York","www.idglink.com","7177677575","7177677570","Bob Vanderhoff","President","Mal","57570000","101","508522","Industrial E","6","0","1"
"135219","Netzsch Instruments","T-S@nft.netzsch.com","119 Pickering Way","6103630971","6107220520","504906","Laboratory Equipment & Supplies (Whol)","NULL"," Email <---> Revenue ","296911","Netzsch Instruments","119 Pickering Way","Exton","PA","19341","Chester","","6107220520","6103630971","Tilo Stahl","President","Mal","64950000","150","504906","Laboratory E","6","0","1"
"156219","DBT America Inc","steve.martinez@dbtamerica.com","2045 W Pike St","7247431201","7247431200","353201","Mining Equipment & Supplies-Mfrs","NULL"," Email <---> Revenue ","109379","DBT America Inc","2045 W Pike St","Houston","PA","15342","Washington","www.dbtamerica.com","7247431200","7247431201","William Tate","CEO","Mal","52200000","200","353201","Manufacturin","6","0","1"
"206031","Keystone Property Trust","steve.laurie@keystoneproperty.com","200 4 Falls #208","4845300130","484-530-1800","679801","Real Estate Investment Trusts","NULL"," Email <---> Revenue ","233568","Keystone Property Trust","200 4 Falls Corporate Ctr #208","W Conshohocken","PA","19428","Montgomery","www.keystoneproperty.com","4845301800","4845300130","Jeffrey E Kelter","CEO","Mal","91552000","72","679801","Real Estate ","6","1","1"
"74313","PDG Environmental Inc","sregan@pdge.com","1386 Beulah Rd # 801","8033299728","4122433200","179926","Asbestos Removal Service","www.pdge.com"," Email <---> Revenue ","312521","PDG Environmental Inc","1386 Beulah Rd # 801","Pittsburgh","PA","15235","Allegheny","www.pdge.com","4122433200","4122434900","John C Regan","CEO","Mal","60362000","510","179926","Asbestos Rem","6","1","1"
"281418","Pittsburgh Steelers","sphelps@steelers.com","3400 S Water St","4124327878","4124327800","869905","Athletic Organizations","NULL"," Email <---> Revenue ","331111","Pittsburgh Steelers","3400 S Water St","Pittsburgh","PA","15203","Allegheny","www.steelers.com","4124327800","4124327878","Arthur J Rooney Ii","CEO","Mal","50000000","100","869905","Athletic Org","6","2","1"
"117625","Holiday Gas","Smith@holidaygas.com","PO Box 116","7174280617","7174283740","517208","Gas-Liquefied Petro-Bttld/Bulk (Whol)","NULL"," Email <---> Revenue ","194863","Holiday Gas","257 N Main St","Jacobus","PA","17407","York","www.holidaygas.com","7174283740","7174280617","Jeffrey Smith","Owner","Mal","57018000","17","517208","Gas-Liquefie","6","0","1"
"203928","Sony Chemicals Corp","sales_marketing@sonychemicals.com","1001 Technology Dr","7246967555","7246967500","289905","Chemicals-Manufacturers","www.sonychemicals.com"," Email <---> Revenue ","389365","Sony Chemicals Corp","1001 Technology Dr","Mt Pleasant","PA","15666","Westmoreland","www.sonychemicals.com","7246967500","7246967555","Satoshi Kondo","President","Mal","73566000","201","289905","Chemicals-Ma","6","0","1"
"229371","Gainey Transportation Svc","rslocum@gts.gaineycorp.com","341 Moulstown Rd","9132870583","7176373222","421309","Trucking-Motor Freight","www.gaineycorp.com"," Email <---> Revenue ","165324","Gainey Transportation Svc","341 Moulstown Rd","Hanover","PA","17331","York","www.gaineycorp.com","7176373222","7176379828","Brooks Rugemer","Manager","Mal","67950000","450","421309","Trucking-Mot","6","0","1"
"281625","Philadelphia Gear Corp","rpelczar@philagear.com","1 Montgomery Plz # 700","3108983592","6102653000","346201","Forgings (Manufacturers)","www.philagear.com"," Email <---> Revenue ","326829","Philadelphia Gear Corp","1 Montgomery Plz # 700","Norristown","PA","19401","Montgomery","www.philagear.com","6102653000","6103375637","Carl D Rapp","CEO","Mal","61400000","200","346201","Forgings (Ma","6","0","1"
"279441","Concurrent Technologies Corp","rogersm@ctc.com","100 Ctc Dr","8437442807","8142662874","873206","Research Service","www.ctc.com"," Email <---> Revenue ","96535","Concurrent Technologies Corp","100 Ctc Dr","Johnstown","PA","15904","Cambria","www.ctc.com","8142662874","8142692460","Daniel R De Vos","President","Mal","60200000","4","873206","Research Ser","6","0","1"
"26802","US Foodservice","Rocco.Aliniello@usfoodservice.com","PO Box 86","7248371530","7248341869","514102","Food Brokers","NULL"," Email <---> Revenue ","431226","US Foodservice","1044 Garden St","Greensburg","PA","15601","Westmoreland","","7248341869","7248371530","Rocco Aliniello","President","Mal","70000000","200","514102","Food Brokers","6","0","1"
"285967","American Bridge Co","Robert.H.Luffy@americanbridge.net","301 Thorn St","4122997734","4122995900","162977","Construction-Heavy Projects","NULL"," Email <---> Revenue ","21664","American Bridge Co","1000 American Bridge Way","Coraopolis","PA","15108","Allegheny","www.americanbridge.net","4126311000","4126312000","Robert H Luffy","CEO","Mal","50000000","35","179102","Steel Erecto","6","0","1"
"245694","Greenville Metals Inc","robert.elwell@spstech.com","99 Crestview Drive Ext","7246460661","7246460654","334198","Secondary Smelting & Refining-Nonferrous","NULL"," Email <---> Revenue ","178644","Greenville Metals Inc","99 Crestview Drive Ext","Transfer","PA","16154","Mercer","","7246460654","7246460661","Robert Elwell","President","Mal","67500000","100","334198","Secondary Sm","6","0","1"
"29979","Oil Service Inc","richard@oilservice.com","2899 Grand Ave","4127715257","4127716950","291102","Oils-Re-Refined (Manufacturers)","NULL"," Email <---> Revenue ","306897","Oil Service Inc","2899 Grand Ave","Pittsburgh","PA","15225","Allegheny","www.oilservice.com","4127716950","4127715257","Richard Langston","Owner","Mal","69014000","22","291102","Oils-Re-Refi","6","0","1"
"172850","Magnetics","recruitment@spang.com","796 E Butler Rd","7242144703","7242823014","367901","Electronic Equipment & Supplies-Mfrs","www.mag-inc.com"," Email <---> Revenue ","262387","Magnetics","796 E Butler Rd","East Butler","PA","16029","Butler","www.mag-inc.com","7242823014","7242144703","Michael Potchak","Plant Mgr","Mal","67200000","300","367901","Electronic E","6","0","1"
"286904","Lehigh Cement Co","recruitment@lehighcement.com","537 Evansville Rd","4103861296","6109261024","324101","Cement-Manufacturers","www.lehighcement.com"," Email <---> Revenue ","248064","Lehigh Cement Co","537 Evansville Rd","Fleetwood","PA","19522","Berks","www.lehighcement.com","6109261024","6109261906","Robert Breyer","Plant Mgr","Mal","92870000","185","324101","Cement-Manuf","6","0","1"
"240509","Marlton Technologies Inc","rcoffman@marltontechnologies.com","2828 Charter Rd","2156761991","2156766900","731901","Display Designers & Producers","NULL"," Email <---> Revenue ","267603","Marlton Technologies Inc","2828 Charter Rd","Philadelphia","PA","19154","Philadelphia","","2156766900","2156761991","Robert B Ginsburg","CEO","Mal","65587000","236","731901","Display Desi","6","0","1"
"221834","Mitsubishi Electric Power Prod","rbarna@meppi.com","512 Keystone Dr","7247722146","7247722555","361398","Switchgear/Switchboard Apparatus (Mfrs)","NULL"," Email <---> Revenue ","284102","Mitsubishi Electric Power Prod","512 Keystone Dr","Warrendale","PA","15086","Allegheny","www.mitsubishi.com","7247722555","7247722146","Jack Greaf","President","Mal","60000000","250","361398","Switchgear/S","6","0","1"
"68733","Pulverman","RandyM@pulverman.net","1170 Lower Demunds Rd","5702555037","5702555000","505113","Metal Specialties (Wholesale)","NULL"," Email <---> Revenue ","341411","Pulverman","1170 Lower Demunds Rd","Dallas","PA","18612","Luzerne","","5702555000","5702555037","Randy Mark","Owner","Mal","83760000","80","505113","Metal Specia","6","0","1"
"105894","Vycom","RalphKeisling@cpg-vycom.com","801 E Corey St","5703465080","5703468254","308102","Plastics-Fabrics,Film-Etc Producer (Mfr)","Film-Etc Producer (Mfr)"," Email <---> Revenue ","444350","Vycom","801 E Corey St","Scranton","PA","18505","Lackawanna","","5703468254","5703465080","Ralph Keisling","Owner","Mal","89370000","270","308102","Plastics-Fab","6","0","1"
"221711","WPVI","R.Campbell@wpvi.com","4100 City Ave","2155814515","2158789700","483301","Television Stations & Broadcasting CO","NULL"," Email <---> Revenue ","445610","WPVI","4100 City Ave","Philadelphia","PA","19131","Philadelphia","www.wpvi.com","2158789700","2155814515","Rebecca Campbell","President","Fem","79000000","250","483301","Television S","6","0","1"
"113212","WTXF (Fox 29)","programming@foxphiladelphia.com","330 Market St","2159252929","2159252420","5999","Marketing NEC","www.foxphiladelphia.com"," Email <---> Revenue ","158405","Fox News","330 Market St","Philadelphia","PA","19106","Philadelphia","www.fox29.com","2159252929","2159252420","Bob Simone","VP","Mal","79000000","250","483301","Television S","6","0","1"
"24012","ATE Motor Sales","pridgeway@actiontransit.com","330 Poplar St","NULL","4127817908","551103","Automobile Dealers-Used Cars","NULL"," Email <---> Revenue ","7314","ATE Motor Sales","330 Poplar St","Pittsburgh","PA","15223","Allegheny","www.actiontransit.com","4127817908","","Alan Klein","Owner","Mal","77640000","120","551103","Automobile D","6","1","1"
"257826","Air Ground Express","Phillip_Fall@airground.com","PO Box 438","7246951116","7246950951","451202","Air Cargo Service","NULL"," Email <---> Revenue ","13955","Air Ground Express","55 Matchette Rd","Clinton","PA","15026","Allegheny","www.airground.com","7246950951","7246951116","Phillip Fall","Owner","Mal","64400000","200","451202","Air Cargo Se","6","0","1"
"123920","Oxford Container","oxford@oxfordcontainer.com","Commerce Street","7176242122","7176243531","422512","Storage Container","null"," Email <---> Revenue ","311354","Oxford Container Co","Commerce St","New Oxford","PA","17350","Adams","","7176242122","7176243531","Mike Krieger","President","Mal","61944000","232","265301","Corrugated &","6","0","1"
"51560","Conestoga Wood Specialties","norman.hahn@conestogawood.com","Po Box 158","7174453409","717-445-6701","2431","Millwork (wood windows and doors)","NULL"," Email <---> Revenue ","96756","Conestoga Wood Specialties","245 Reading Rd","East Earl","PA","17519","Lancaster","www.conestogawood.com","7174456701","7174453428","Patrick Freeman","Plant Mgr","Mal","80000000","800","243102","Millwork (Ma","6","0","1"
"176074","KANE Warehousing Inc","mselthenheim@kaneisable.com","3 Stauffer Industrial Park","5702079487","5703435263","422505","Warehouses-Merchandise & Self Storage","www.kaneisable.com"," Email <---> Revenue ","227477","KANE Warehousing Inc","3 Stauffer Industrial Park","Taylor","PA","18517","Lackawanna","www.kaneisable.com","5703435263","5702079487","Richard Kane","President","Mal","50274000","399","422505","Warehouses-M","6","0","1"
"55650","Brightbill Body Works","Mike-Ingram@brightbill.com","2701 E Cumberland St","7172720970","7172727691","371198","Motor Vhcls/Passenger Car Bodies (Mfrs)","NULL"," Email <---> Revenue ","59633","Brightbill Body Works","2701 E Cumberland St","Lebanon","PA","17042","Lebanon","www.brightbill.com","7172727691","7172720970","Mike Ingram","President","Mal","68400000","75","371198","Motor Vhcls/","6","0","1"
"12646","Sfs Intec","Michael@constructionfasteners.com","PO Box 6326","6103765000","6103765751","345101","Screw Machine Products (Manufacturers)","NULL"," Email <---> Revenue ","378927","Sfs Intec","Spring St & Van Reed Rd","Wyomissing","PA","19610","Berks","","6103765751","6103765000","Michael Mullen","President","Mal","98400000","450","345101","Screw Machin","6","0","1"
"191941","Mel Grata Toyota","MGrata@melgrata.com","PO Box 1389","7243473117","7243477702","551103","Automobile Dealers-Used Cars","NULL"," Email <---> Revenue ","275782","Mel Grata Toyota","2757 E State St","Hermitage","PA","16148","Mercer","www.melgrata.com","7243477702","7243473117","Mel Grata","Owner","Mal","51760000","80","551103","Automobile D","6","1","1"
"232139","Tyco Electronics Inc","lori.hemminger@tycoelectronics.com","1311 S Market St","3106492411","7177955702","506330","Electric Equipment & Supplies-Wholesale","www.tycoelectronics.com"," Email <---> Revenue ","429555","Tyco Electronics Inc","1311 S Market St","Mechanicsburg","PA","17055","Cumberland","www.tycoelectronics.com","7177955702","7177955724","Garry Calhoun","Plant Mgr","Mal","85540000","130","506330","Electric Equ","6","0","1"
"241515","Silberline Manufacturing Co","lisa.peretz@silberline.com","PO Box B","5706682621","5706686050","281602","Colors & Pigments-Manufacturers","NULL"," Email <---> Revenue ","384120","Silberline Manufacturing Co","130 Lincoln Dr","Tamaqua","PA","18252","Schuylkill","www.silberline.com","5706686050","5706682621","Lisa Peretz","President","Fem","79240000","140","281602","Colors & Pig","6","0","1"
"184351","Alsy Lighting","lhudson@slilightingcompany.com","One Early Street","7247580822","724758-0707","3641","Electric Lamp Bulbs and Tubes","NULL"," Email <---> Revenue ","20155","Alsy Lighting","1 Early St","Ellwood City","PA","16117","Lawrence","www.cresswelllighting.com","7247580707","7247580822","Michael Smith","CEO","Mal","73170000","270","364103","Electric Lam","6","0","1"
"210943","A Pomerantz & Co","lewis@pomerantz.com","701 Market St # 7000","2154082110","2154082100","502107","Furniture-Dealers-Wholesale","www.pomerantz.com"," Email <---> Revenue ","4256","A Pomerantz & Co","701 Market St # 7000","Philadelphia","PA","19106","Philadelphia","www.pomerantz.com","2154082100","2154082110","Garry Maddox","CEO","Mal","62000000","80","502107","Furniture-De","6","0","1"
"55883","BEF Corp","Layman@bef.com","1670 E Race St","6102668094","6102668080","386103","Photographic Equipment-Manufacturers","NULL"," Email <---> Revenue ","37432","BEF Corp","1670 E Race St","Allentown","PA","18109","Lehigh","www.bef.com","6102668080","6102668094","Ed Brewer","CEO","Mal","50255000","115","386103","Photographic","6","0","1"
"15645","Four Guys Stainless Steel Tank","Lauver@4guysfire.com","230 Industrial Pk Rd","8146340076","8146348373","371107","Fire Trucks-Manufacturers","NULL"," Email <---> Revenue ","157947","Four Guys Stainless Steel Tank","230 Industrial Pk Rd","Meyersdale","PA","15552","Somerset","www.4guysfire.com","8146348373","8146340076","Alma Lauver","President","Fem","53808000","59","371107","Fire Trucks-","6","0","1"
"273913","CENTRAL FILL INCORPORATED","ksr@cfinpa.com","4415 LEWIS ROAD","7175588700","7175589248","591205","Pharmacies","CENTRALFILL.COM^^CENTRALFILLPHARMACY.COM"," Email <---> Revenue ","77907","Central Fill","4415 Lewis Rd","Harrisburg","PA","17111","Dauphin","","7175588700","7175589248","Wayne Zehr","Manager","Mal","58194000","318","591205","Pharmacies","6","2","1"
"16825","Trigen-Philadelphia Energy","KevinB@tpiphilly.com","2600 Christian St","2158756910","2158756900","171131","Energy Management Systems & Products","NULL"," Email <---> Revenue ","426612","Trigen-Philadelphia Energy","2600 Christian St","Philadelphia","PA","19146","Philadelphia","www.tpiphilly.com","2158756900","2158756910","Kevin Brown","CEO","Mal","60700000","0","171131","Energy Manag","6","0","1"
"207778","Oil Discounters","Kevin@oildiscounters.com","PO Box 187","6108475257","2157667605","517206","Oils-Fuel (Wholesale)","NULL"," Email <---> Revenue ","306888","Oil Discounters","8335 Easton Rd","Ottsville","PA","18942","Bucks","","2157667605","6108475257","Kevin Meadows","Owner","Mal","50310000","15","517206","Oils-Fuel (W","6","0","1"
"213439","High Steel Svc Ctr","KellyD@highsteelservicecenter.com","400 Steel Way","7172995155","7172998989","331601","Steel-Bar, Sheet, Strip, Tube Etc (Mfrs)","Sheet"," Email <---> Revenue ","192901","High Steel Svc Ctr","400 Steel Way","Lancaster","PA","17601","Lancaster","www.highsteelservicecenter.com","7172998989","7172995155","Daniel Kelly","President","Mal","54144000","94","331601","Steel-Bar, S","6","0","1"
"285683","Penn Jersey Paper Co","kcurtin@pennjerseypaper.com","2801 Red Lion Rd","2156766423","2156719800","508724","Janitors Equipment/Supplies (Wholesale)","www.pennjerseypaper.com"," Email <---> Revenue ","320914","Penn Jersey Paper Co","2801 Red Lion Rd","Philadelphia","PA","19114","Philadelphia","www.pennjerseypaper.com","2156719800","2156766423","Tom Furia Sr","President","Mal","64000000","200","508724","Janitors Equ","6","0","1"
"204834","Anjer Trailer & Truck Body Sls","J_Manna@anjerinc.com","901 Woodbine Ave","2156389520","2156388700","501212","Trailers-Truck (Wholesale)","NULL"," Email <---> Revenue ","26331","Anjer Trailer & Truck Body Sls","901 Woodbine Ave","Bensalem","PA","19020","Bucks","www.anjerinc.com","2156388700","2156389520","Jerry Manna","President","Mal","55500000","15","501212","Trailers-Tru","6","0","1"
"172799","Meadville Forging Co","judy.ennis@meadforge.com","PO Box 459","8143334657","8143328200","346201","Forgings (Manufacturers)","NULL"," Email <---> Revenue ","274420","Meadville Forging Co","15309 Baldwin Street Ext","Meadville","PA","16335","Crawford","www.meadforge.com","8143328200","8143334657","James Martin","President","Mal","72900000","300","346201","Forgings (Ma","6","0","1"
"258077","National Refrigerants","JR@refrigerants.com","11401 Roosevelt Blvd","2156987466","2156986620","507804","Refrigerating Equip-Coml (Wholesale)","NULL"," Email <---> Revenue ","294873","National Refrigerants","11401 Roosevelt Blvd","Philadelphia","PA","19154","Philadelphia","www.refrigerants.com","2156986620","2156987466","John Reilly","Owner","Mal","50000000","15","507804","Refrigeratin","6","0","1"
"285775","Waste Management Inc","jpockmire@fkmagency.com","4300 Industrial Park Rd","9544365893","7172320878","495302","Garbage Collection","www.wm.com"," Email <---> Revenue ","448868","Waste Management Inc","4300 Industrial Park Rd","Camp Hill","PA","17011","Cumberland","www.wm.com","7172320878","7177639153","Ted Brown","Manager","Mal","56420000","260","495302","Garbage Coll","6","0","1"
"139354","Greco Gas & Welding Supplies","Joseph@grecogas.com","PO Box 349","7242260332","7242263800","517205","Gas-Indstrl/Med-Cylinder & Bulk (Whol)","NULL"," Email <---> Revenue ","177748","Greco Gas & Welding Supplies","450 Grantham St","Tarentum","PA","15084","Allegheny","www.grecogas.com","7242263800","7242260332","Joseph Greco","Owner","Mal","67080000","20","517205","Gas-Indstrl/","6","0","1"
"178456","Bayard Sales Corp","johnhood@bayardsalescorp.com","3300 Richmond St","2154270858","2156340190","571306","Floor Materials","NULL"," Email <---> Revenue ","42330","Bayard Sales Corp","3300 Richmond St","Philadelphia","PA","19134","Philadelphia","www.bayardsalescorp.com","2156340190","2154270858","Donald L Wohlfarth Sr","CEO","Mal","66300000","80","571306","Floor Materi","6","0","1"
"151981","Vectron International","JohnCohler@vectron.com","PO Box B","7174865920","7174863411","367901","Electronic Equipment & Supplies-Mfrs","NULL"," Email <---> Revenue ","439923","Vectron International","100 Watts St","Mt Holly Springs","PA","17065","Cumberland","","7174863411","7174865920","John Cohler","President","Mal","67200000","300","367901","Electronic E","6","0","1"
"258813","Bacchus Technologies","Johahnvon@vsimports.com","5070 Parkside Ave","NULL","2155339463","518203","Wines-Wholesale","NULL"," Email <---> Revenue ","37984","Bacchus Technologies","5070 Parkside Ave","Philadelphia","PA","19131","Philadelphia","","2155339463","","Johahnvon Mastiff","CEO","Mal","73530000","90","518203","Wines-Wholes","6","0","1"
"203019","Agusta Aerospace Corp","jjerold@agustausa.com","3050 Red Lion Rd","2152810440","2152811400","372101","Aircraft-Manufacturers","NULL"," Email <---> Revenue ","13678","Agusta Aerospace Corp","3050 Red Lion Rd","Philadelphia","PA","19114","Philadelphia","www.agustausa.com","2152811400","2152810440","Robert Budica","President","Mal","51700000","150","372101","Aircraft-Man","6","0","1"
"2732","Andersen Logistics","Jim_Aretti@andersencorp.com","1627 Ritner Hwy","7172438442","7172435656","243102","Millwork (Manufacturers)","NULL"," Email <---> Revenue ","25048","Andersen Logistics","1627 Ritner Hwy","Carlisle","PA","17013","Cumberland","","7172435656","7172438442","Jim Aretti","President","Mal","75000000","270","243102","Millwork (Ma","6","0","1"
"251968","Primus Technologies","Jerry@primus-tech.com","2333 Reach Rd","5703216285","5703266591","367203","Circuit Board Assembly & Repairs (Mfrs)","NULL"," Email <---> Revenue ","338129","Primus Technologies","2333 Reach Rd","Williamsport","PA","17701","Lycoming","www.primus-tech.com","5703266591","5703216285","Jerry Sullivan","President","Mal","58100000","350","367203","Circuit Boar","6","0","1"
"220605","International Envelope Co","jdyer@goiec.com","2 Tabas Ln","6103632999","6103630900","511216","Envelopes-Wholesale","NULL"," Email <---> Revenue ","206594","International Envelope Co","2 Tabas Ln","Exton","PA","19341","Chester","www.goiec.com","6103630900","6103632999","Sandy Moyer","CEO","Fem","95000000","500","511216","Envelopes-Wh","6","0","1"
"137662","Hunt Oil Co","james.jennings@huntoil.com","114 Bridge St","8145354711","8145355515","517206","Oils-Fuel (Wholesale)","NULL"," Email <---> Revenue ","200858","Hunt Oil Co","114 Bridge St","Johnstown","PA","15902","Cambria","","8145355515","8145354711","Dwight Weigle","President","Mal","70434000","21","517206","Oils-Fuel (W","6","0","1"
"61268","Fagen's Corporate Headquarters","JackF@fagens.com","9000 Brooktree Rd # 101","7249358388","7249353700","521142","Lumber","NULL"," Email <---> Revenue ","145915","Fagen's Corporate Headquarters","9000 Brooktree Rd # 101","Wexford","PA","15090","Allegheny","www.fagens.com","7249353700","7249358388","Jack Fagen","Owner","Mal","82900000","18","521142","Lumber-Retai","6","0","1"
"213456","Faiveley Rail Inc","j.quigley@faiveley.com","213 Welsh Pool Rd","6105249190","6105249110","508801","Railroad Equipment & Supplies (Whol)","NULL"," Email <---> Revenue ","146723","Faiveley Rail Inc","213 Welsh Pool Rd","Exton","PA","19341","Chester","www.faiveleyrail.com","6105249110","6105249190","Joe Quigley","CEO","Mal","60400000","80","508801","Railroad Equ","6","0","1"
"251184","Ricoh Business Systems","irv.sentz@ricoh-usa.com","2727 Commerce Way","5036970298","2153351700","504403","Copying & Duplicating Machines & Supls","www.ricoh-usa.com"," Email <---> Revenue ","356756","Ricoh Business Systems","2727 Commerce Way","Philadelphia","PA","19154","Philadelphia","www.ricoh-usa.com","2153351700","2153336909","Thomas Brown","Manager","Mal","99900000","300","504403","Copying & Du","6","0","1"
"236309","Motor Mart","Irene.Thibault@mcallenmotormart.com","1406 Pittsburgh St","7242740506","7242740980","501204","Automobile Auctions (Wholesale)","NULL"," Email <---> Revenue ","288189","Motor Mart","1406 Pittsburgh St","Cheswick","PA","15024","Allegheny","","7242740980","7242740506","Irene Thibault","Owner","Fem","62900000","17","501204","Automobile A","6","1","1"
"239942","Indian Ridge Provisions","Hinderliter@irpcab.com","400 Emlen Way","2157210134","2157210125","514704","Meat-Wholesale","NULL"," Email <---> Revenue ","204039","Indian Ridge Provisions","400 Emlen Way","Telford","PA","18969","Montgomery","","2157210125","2157210134","Joe Hinderliter","Owner","Mal","56672000","44","514704","Meat-Wholesa","6","0","1"
"283100","Pepperidge Farm Inc","helen.keighron@circle.com","2195 N Reading Rd","7173368563","7173368500","546102","Bakers-Retail","www.pepperidgefarm.com"," Email <---> Revenue ","323731","Pepperidge Farm Inc","2195 N Reading Rd","Denver","PA","17517","Lancaster","www.pepperidgefarm.com","7173368500","7173368563","Rob Harrison","Plant Mgr","Mal","50400000","900","546102","Bakers-Retai","6","0","1"
"263795","Hale Products Inc","haleproducts@idexautomail.com","700 Spring Mill Ave","6108256440","6108256300","384104","Physicians & Surgeons Equip & Supls-Mfrs","www.haleproducts.com"," Email <---> Revenue ","183683","Hale Products Inc","700 Spring Mill Ave","Conshohocken","PA","19428","Montgomery","www.haleproducts.com","6108256300","6108256440","Robert Kreps","President","Mal","50000000","550","384104","Physicians &","6","0","1"
"236817","Deluxe Homes Inc","frankk@deluxehomes.com","499 W 3rd St","5707521525","5707525914","245202","Buildings-Pre-Cut Prefab & Modlr-Mfrs","NULL"," Email <---> Revenue ","117235","Deluxe Homes Inc","499 W 3rd St","Berwick","PA","18603","Columbia","","5707525914","5707521525","Donald E Meske","CEO","Mal","51300000","300","245202","Buildings-Pr","6","0","1"
"248410","Advanced Office Environments","Frank@advancedofficeenv.com","160 Quaker Ln","6109933460","6109933450","502112","Office Furniture & Equip-Dealers (Whol)","NULL"," Email <---> Revenue ","12217","Advanced Office Environments","160 Quaker Ln","Malvern","PA","19355","Chester","www.advancedofficeenv.com","6109933450","6109933460","Frank Kuch","President","Mal","57100000","100","502112","Office Furni","6","0","1"
"167358","International Staples","FGeranmayeh@ismsys.com","PO Box 629","7242872811","7242879902","507214","Staples Staplers & Tackers (Wholesale)","NULL"," Email <---> Revenue ","206778","International Staples","PO Box 629","Butler","PA","16003","Butler","www.ismsys.com","7242879902","7242872811","Farhad Geranmayeh","CEO","Mal","69930000","135","507214","Staples Stap","6","0","1"
"52918","Hanson Aggregates East","felicia.macdonald@hanson.biz","1900 Sullivan Trl","6102535734","6102534271","142901","Stone-Crushed","www.hansonplc.com"," Email <---> Revenue ","185114","Hanson Aggregates East","1900 Sullivan Trl","Easton","PA","18040","Northampton","www.hansonplc.com","6102534271","6102535734","Dennis Dolan","President","Mal","98000000","30","142901","Stone-Crushe","6","0","1"
"272972","Security Services & Techs","fbrewer@sst.com","2450 Boulevard Of The Generals","6107688887","6106301194","506304","Security Control Equip & Systems-Whol","NULL"," Email <---> Revenue ","376708","Security Services & Techs","2450 Boulevard Of The Generals","Norristown","PA","19403","Montgomery","www.sst.com","6106301194","6107688887","Frank Brewer","Owner","Mal","52640000","80","506304","Security Con","6","0","1"
"259744","Eriez Manufacturing Co","dwang@eriez.com","2200 Asbury Rd","8148384960","8148356000","353501","Conveyors & Conveying Equipment-Mfrs","www.eriez.com"," Email <---> Revenue ","141832","Eriez Manufacturing Co","2200 Asbury Rd","Erie","PA","16506","Erie","www.eriez.com","8148356000","8148384960","Tim G Shuttleworth","CEO","Mal","53172000","252","353501","Conveyors & ","6","0","1"
"274662","Aerial Lift","Doug@aeriallift.com","741 Independence Ave","7176976538","7177669313","508206","Contractors-Equip/Supls-Dlrs/Svc (Whol)","NULL"," Email <---> Revenue ","12825","Aerial Lift","741 Independence Ave","Mechanicsburg","PA","17055","Cumberland","www.forkliftsinc.com","7177669313","7176976538","Doug Gibson","President","Mal","99900000","150","508206","Contractors-","6","0","1"
"74022","Tara Tape","Dodd@taratape.com","250 Canal Rd","2154289495","2157363644","508536","Tapes-Adhesive (Wholesale)","NULL"," Email <---> Revenue ","413909","Tara Tape","250 Canal Rd","Fairless Hills","PA","19030","Bucks","www.taratape.com","2157363644","2154289495","Tom J Dodd","President","Mal","56430000","99","508536","Tapes-Adhesi","6","0","1"
"85349","ATAS International","Dick@atas.com","6612 Snowdrift Rd","6103959342","6103958445","335301","Aluminum Sheet Plate & Foil (Mfrs)","NULL"," Email <---> Revenue ","7294","ATAS International","6612 Snowdrift Rd","Allentown","PA","18106","Lehigh","","6103958445","6103959342","Dick Bus","President","Mal","71400000","100","335301","Aluminum She","6","0","1"
"123410","L-3 Communications","DB@link.com","1515 Grundy Ln","2675450100","2159684271","367905","Electronic Instruments-Manufacturers","NULL"," Email <---> Revenue ","240405","L-3 Communications","1515 Grundy Ln","Bristol","PA","19007","Bucks","www.l-3com.com","2159684271","2675450100","Dick Braatz","President","Mal","78400000","350","367905","Electronic I","6","0","1"
"190322","Horsham Clinic","Dan-Thomas@horshamclinic.com","722 E Butler Pike","2156435384","2156437800","839901","Drug Abuse & Addiction Info & Treatment","NULL"," Email <---> Revenue ","198618","Horsham Clinic","722 E Butler Pike","Ambler","PA","19002","Montgomery","www.horshamclinic.com","2156437800","2156435384","Dan Thomas","CEO","Mal","86000000","400","839901","Drug Abuse &","6","0","1"
"277928","Oregon Dairy Farm Market","CurvinH@oregondairy.com","2900 Oregon Pike","7176566481","7176562856","541105","Grocers-Retail","NULL"," Email <---> Revenue ","309506","Oregon Dairy Farm Market","2900 Oregon Pike","Lititz","PA","17543","Lancaster","www.oregondairy.com","7176562856","7176566481","Curvin Hurst","Owner","","57330000","315","541105","Grocers-Reta","6","0","1"
"234581","Aesculap Inc","connie.higgins@aesculap.com","3373 Corporate Pkwy","6107916880","6107979300","384104","Physicians & Surgeons Equip & Supls-Mfrs","NULL"," Email <---> Revenue ","12943","Aesculap Inc","3373 Corporate Pkwy","Center Valley","PA","18034","Lehigh","","6107979300","6107916880","Dirk Kuyper","Owner","Mal","71680000","320","384104","Physicians &","6","0","1"
"168322","Dean Dairy","cmj@hybridinc.com","1858 Oneida Ln","4232835716","7249628500","024101","Dairies","www.deanfoods.com"," Email <---> Revenue ","115214","Dean Dairy","1858 Oneida Ln","Sharpsville","PA","16150","Mercer","www.deanfoods.com","7249628500","7249628566","Frank Chrastina","Manager","Mal","70720000","320","024101","Dairies","6","0","1"
"153222","CollaGenex Pharmaceuticals Inc","chong@collagenex.com","41 University Drive","2155797388","2155798577","822101","Schools","DENTAPLEX.COM"," Email <---> Revenue ","92491","Colla Genex Pharmaceuticals","41 University Dr","Newtown","PA","18940","Bucks","","2155797388","2155798577","Colin W Stewart","CEO","Mal","52859000","156","512203","Pharmaceutic","6","0","1"
"95720","Orris Fuel Svc","CharlesO@orrisfuel.com","PO Box 275","NULL","7242260580","517206","Oils-Fuel (Wholesale)","NULL"," Email <---> Revenue ","309989","Orris Fuel Svc","903 Freeport Rd","Creighton","PA","15030","Allegheny","www.orrisfuel.com","7242260580","","Charles Orris","Owner","Mal","73788000","22","517206","Oils-Fuel (W","6","0","1"
"77163","Reunion Industries Inc","cebradley@reunionindustries.com","11 Stanwix St # 1400","4122814747","4122812111","308901","Mold Makers","NULL"," Email <---> Revenue ","354268","Reunion Industries Inc","11 Stanwix St # 1400","Pittsburgh","PA","15222","Allegheny","","4122812111","4122814747","Charles E Bradley Sr","CEO","Mal","68650000","545","308901","Plastics-Mol","6","0","1"
"133709","Butler Manufacturing Co","build@butlermfg.com","400 N Weaber St","7178673243","7178674651","344898","Prefabricated Metal Buildings (Mfrs)","www.butlermfg.com"," Email <---> Revenue ","65366","Butler Manufacturing Co","400 N Weaber St","Annville","PA","17003","Lebanon","www.butlermfg.com","7178674651","7178673243","Arthur W Stephenson","Plant Mgr","Mal","56970000","270","344898","Prefabricate","6","0","1"
"236482","New Holland Concrete","Brian.DeMaris@newhollandconcrete.com","PO Box 218","7173541209","717-354-1200","3271","Concrete Block and Brick","NULL"," Email <---> Revenue ","297891","New Holland Concrete","828 E Earl Rd","New Holland","PA","17557","Lancaster","www.newhollandconcrete.com","7173541251","7173541209","Dick Salisbury","Manager","Mal","67200000","140","503206","Concrete Blo","6","0","1"
"177998","Nordic Fisheries","BernardB@nordicfisheries.com","2300 Smallman St","4122632569","4122633000","514601","Seafood-Wholesale","NULL"," Email <---> Revenue ","301287","Nordic Fisheries","2300 Smallman St","Pittsburgh","PA","15222","Allegheny","","4122633000","4122632569","Bernard Benkovitz","Owner","Mal","62700000","100","514601","Seafood-Whol","6","0","1"
"179518","Matthews International","ben.hardeman@omc-bronze.com","1315 W Liberty Ave","4125715514","4125715500","349912","Bronze Products (Manufacturers)","NULL"," Email <---> Revenue ","270728","Matthews International","1315 W Liberty Ave","Pittsburgh","PA","15226","Allegheny","www.matw.com","4125715500","4125715514","Dave J De Carlo","President","Mal","52745000","385","349912","Bronze Produ","6","0","1"
"13202","Childcraft Education Corp","anne.rampulla@childcrafteducation.com","2920 Old Tree Dr","7173977586","7173977543","594311","School Supplies-Retail","NULL"," Email <---> Revenue ","83162","Childcraft Education Corp","2920 Old Tree Dr","Lancaster","PA","17603","Lancaster","www.childcrafteducation.com","7173977543","7173977586","Ron Suchodolski","President","Mal","56000000","0","594311","School Suppl","6","0","1"
"163084","National Chemical Laboratories","Alfred.Pollack@Nclonline.Com","401 N 10th St","2159225517","215-922-1200","2842","Specialty Cleaning","Polishing"," Email <---> Revenue ","294180","National Chemical Laboratories","401 N 10th St","Philadelphia","PA","19123","Philadelphia","www.nclonline.com","2159221200","2159225517","","","","86086000","86","516916","Chemicals (W","6","0","1"
