mail id,company,email,address,phone,fax,sic,sic description,web,,revenue id,company,address,city,state,zip,	metro,web,phone,fax,contact,position,gender,sales,# of employee,sic,sic_descrpiton,	,,
"254570","Peirce-Phelps Inc","13seerinfo@peirce.com","490 Saint Johns Church Rd","7177610874","7177610240","504505","Word Processing Equipment & Supls (Whol)","www.peirce.com"," Email <---> Revenue ","320173","Peirce-Phelps Inc","490 Saint Johns Church Rd","Camp Hill","PA","17011","Cumberland","www.peirce.com","7177610240","7177610874","Brian Pierce","President","Mal","35880000","40","504505","Word Process","5","0","1"
"166088","Hannabery HVAC","3ewebmaster@hannabery.com","200 Schantz Rd","6103669403","6103669400","171117","Air Conditioning Contractors & Systems","www.hannabery.com"," Email <---> Revenue ","184812","Hannabery HVAC","200 Schantz Rd","Allentown","PA","18104","Lehigh","www.hannabery.com","6103669400","6103669403","Zackery Nicolai","Owner","Mal","27740000","190","171117","Air Conditio","5","0","1"
"101467","Acme Markets Inc","absfeedback@eds.com","6800 New Falls Rd","6618362141","2159461840","541105","Grocers-Retail","www.albertsons.com"," Email <---> Revenue ","9790","Acme Markets Inc","6800 New Falls Rd","Levittown","PA","19057","Bucks","www.albertsons.com","2159461840","2159462977","Joe Hubmaster","Manager","Mal","45500000","250","541105","Grocers-Reta","5","0","1"
"283916","Broudy Precision Equipment Co","agadeletta@broudyprecision.com","9 Union Hill Rd","6103970131","6108257200","506328","Controls Control Systs/Regulators (Whol)","www.broudyprecision.com"," Email <---> Revenue ","60899","Broudy Precision Equipment Co","9 Union Hill Rd","W Conshohocken","PA","19428","Montgomery","www.broudyprecision.com","6108257200","6103970131","Erv Broudy","Owner","Mal","46060000","70","506328","Controls Con","5","0","1"
"202761","Bess Manufacturing Co","ahacker@bessmfg.com","1807 E Huntingdon St","2154253528","2154259450","226904","Linens-Manufacturers","NULL"," Email <---> Revenue ","47307","Bess Manufacturing Co","1807 E Huntingdon St","Philadelphia","PA","19125","Philadelphia","www.bessmfg.com","2154259450","2154253528","W Thomas Klenert","President","Mal","25100000","135","226904","Linens-Manuf","5","0","1"
"243606","Blattner Brunner Inc","amneal@blattnerbrunner.com","11 Stanwix St # 5","4129959501","4129959500","731101","Advertising-Agencies & Counselors","NULL"," Email <---> Revenue ","52024","Blattner Brunner Inc","11 Stanwix St # 5","Pittsburgh","PA","15222","Allegheny","www.blattnerbrunner.com","4129959500","4129959501","Michael Brunner","CEO","Mal","30000000","90","731101","Advertising-","5","0","1"
"102848","American Petroleum Home Heat","Baiocco_Russell@americanpetroleuminc.com","1704 Chichester Ave","6104947444","6104944874","517206","Oils-Fuel (Wholesale)","NULL"," Email <---> Revenue ","23497","American Petroleum Home Heat","1704 Chichester Ave","Boothwyn","PA","19061","Delaware","","6104944874","6104947444","Russell Baiocco","Owner","Mal","33540000","10","517206","Oils-Fuel (W","5","0","1"
"122366","Foodservice Marketing Assoc","Baker@fmaweb.com","903 Sheehy Dr # E","2159477180","2159477080","514102","Food Brokers","NULL"," Email <---> Revenue ","156467","Foodservice Marketing Assoc","903 Sheehy Dr # E","Horsham","PA","19044","Montgomery","www.fmaweb.com","2159477080","2159477180","Martin Baker","Owner","Mal","28425000","25","514102","Food Brokers","5","0","1"
"165639","American Tool & Equipment","BarryHalbritter@midstatetool.com","RR 2 Box 582","NULL","8149445237","508599","Miscellaneous Industrial Supplies (Whol)","NULL"," Email <---> Revenue ","23924","American Tool & Equipment","RR 2 Box 582","Altoona","PA","16601","Blair","www.midstatetool.com","8149445237","","Barry Halbritter","Owner","Mal","28500000","50","508599","Miscellaneou","5","0","1"
"262909","Schneider National","bdonovan@kempgoldberg.com","240 State Rt 87","5708364630","5708364391","421304","Trucking","www.schneider.com"," Email <---> Revenue ","374035","Schneider National","240 State Rt 87","Tunkhannock","PA","18657","Wyoming","www.schneider.com","5708364391","5708364630","Roland Waldron","Manager","Mal","33220000","220","421304","Trucking","5","0","1"
"218252","CPS","Bilewitz@cpslease.com","5678 W Ridge Rd","8148333224","8148386471","308906","Plastics-Fabricating/Finish/Decor-Mfrs","NULL"," Email <---> Revenue ","68289","CPS","5678 W Ridge Rd","Erie","PA","16506","Erie","www.keystoneline.com","8148386471","8148333224","Leon Bilewitz","Owner","Mal","32800000","200","308906","Plastics-Fab","5","0","1"
"250070","Jade Equipment Corp","bmanley@jadecorp.com","3063 Philmont Ave","2159476838","2159473333","354407","Tool & Die Makers","NULL"," Email <---> Revenue ","213524","Jade Equipment Corp","3063 Philmont Ave","Huntingdon Vly","PA","19006","Montgomery","","2159473333","2159476838","Brian Manley","Owner","Mal","27000000","200","354407","Tool & Die M","5","0","1"
"237900","Farm Journal","bob@utterback.com","1500 Market St","5152248115","2155578900","274105","Publishers","www.agweb.com"," Email <---> Revenue ","148422","Farm Journal","1500 Market St","Philadelphia","PA","19102","Philadelphia","www.farmjournal.com","2155578900","2155684221","Andrew J Weber Jr","CEO","Mal","25000000","0","274105","Publishers","5","0","1"
"60540","Bradford Forest Products","bradfordforest@bradfordforest.com","444 High Street","8143686557","null","738999","Business Services Nec","null"," Email <---> Revenue ","57407","Bradford Forest Products","444 High St","Bradford","PA","16701","Mc Kean","www.bradfordforest.com","8143683701","8143683720","Mark Conolly","President","Mal","32000000","200","242102","Sawmills","5","0","1"
"133561","RFO Fuel Oil","Brenda@ohlfueloil.com","400 Interchange Rd","6103778684","6103771098","517206","Oils-Fuel (Wholesale)","NULL"," Email <---> Revenue ","345952","RFO Fuel Oil","400 Interchange Rd","Lehighton","PA","18235","Carbon","www.ohlfueloil.com","6103771098","6103778684","Brenda Ohl","Owner","Fem","33540000","10","517206","Oils-Fuel (W","5","0","1"
"273813","Mohawk Flush Doors; Inc","bshovlin@premdor.com","P.O. Box 112 U.S. Rt. 11 Point - Township","5704733557","null","5211","Doors & windows","MOHAWKDOORS.COM"," Email <---> Revenue ","284794","Mohawk Flush Doors Inc","980 Point Township Dr","Northumberland","PA","17857","Northumberland","www.mohawkdoors.com","5704733557","5704733737","Gary Willow","President","Mal","38250000","225","243102","Millwork (Ma","5","0","1"
"236350","Y-Connect Inc","bshupp@y-connect.com","301 Fulling Mill Rd # A","7179447399","7179447144","506519","Electronic Equipment & Supplies-Whol","NULL"," Email <---> Revenue ","463073","Y-Connect Inc","301 Fulling Mill Rd # A","Middletown","PA","17057","Dauphin","","7179447144","7179447399","Larry Dittman","Owner","Mal","30300000","30","506519","Electronic E","5","0","1"
"267777","Drexel Industries LLC","btiley@drexeltrucks.com","331 Maple Avenue","2156722200","null","421304","Trucking","DREXELINDUSTRIES.COM;DREXELTRUCK.COM;DREXELTRUCKS.COM;SWINGMAST.COM"," Email <---> Revenue ","127053","Drexel Industries Inc","331 Maple Ave","Horsham","PA","19044","Montgomery","www.drexeltrucks.com","2156722200","2157736765","Stewart Bryan","President","Mal","38780000","140","353798","Industrial T","5","0","1"
"178089","Ceramic Color & Chemical Mfg","Burgess.Hurd@Ceramiccolor.Com","PO Box 297","7248464123","724-846-4000","2816","Inorganic Pigments (except bone and lamp black)","NULL"," Email <---> Revenue ","78906","Ceramic Color & Chemical Mfg","13th St & 11th Ave","New Brighton","PA","15066","Beaver","","7248464000","7248464123","Bill Wenning","Owner","Mal","25440000","30","286598","Cyclic Organ","5","0","1"
"194899","Engineered Products Inc","Burt.Wise@tri-star-epi.com","1844 Ardmore Blvd","4122425205","4122426900","521126","Building Materials","NULL"," Email <---> Revenue ","139767","Engineered Products Inc","1844 Ardmore Blvd","Pittsburgh","PA","15221","Allegheny","www.epiwall.com","4122426900","4122425205","Carl Trakofler","President","Mal","40000000","20","521126","Building Mat","5","0","1"
"164035","Transicoil Inc","carld@transicoil.com","2560 General Armistead Ave","6105393400","6105394400","384104","Physicians & Surgeons Equip & Supls-Mfrs","NULL"," Email <---> Revenue ","424646","Transicoil Inc","2560 General Armistead Ave","Norristown","PA","19403","Montgomery","www.transicoil.com","6105394400","6105393400","Carl R Deirmengian","President","Mal","29120000","130","384104","Physicians &","5","0","1"
"65543","Action Fuel Oil Inc","carolyn.forcillo@actionfueloil.com","PO Box 33246","2153658201","2153655300","517206","Oils-Fuel (Wholesale)","NULL"," Email <---> Revenue ","10119","Action Fuel Oil Inc","6500 Grays Ave","Philadelphia","PA","19142","Philadelphia","","2153655300","2153658201","Carolyn Forcillo","Owner","Fem","30186000","9","517206","Oils-Fuel (W","5","0","1"
"3061","EJB Paving & Materials Co","ccaron@ejbreneman.com","1117 Snyder Rd","6106789691","6106781913","161101","Paving Contractors","NULL"," Email <---> Revenue ","130371","EJB Paving & Materials Co","1117 Snyder Rd","West Lawn","PA","19609","Berks","www.ejbreneman.com","6106781913","6106789691","Roger Schimedt","President","Mal","37600000","160","161101","Paving Contr","5","1","1"
"183362","Knight Celotex Co","cchristainsen@knightcelotex.com","1400 Susquehanna Ave","5702864004","5702865831","249398","Reconstituted Wood Products (Mfrs)","www.aknightcompany.com"," Email <---> Revenue ","236862","Knight Celotex Co","1400 Susquehanna Ave","Sunbury","PA","17801","Northumberland","www.aknightcompany.com","5702865831","5702864004","George Wilkins","Plant Mgr","Mal","29920000","110","249398","Reconstitute","5","0","1"
"280404","Charter Plastics","CharleneRuot@charterplastics.com","221 S Perry St","8148271614","8148279665","308401","Pipe-Plastic (Manufacturers)","NULL"," Email <---> Revenue ","80994","Charter Plastics","221 S Perry St","Titusville","PA","16354","Crawford","www.charterplastics.com","8148279665","8148271614","Charlene Ruot","Owner","Fem","26100000","75","308401","Pipe-Plastic","5","0","1"
"168908","Eastern Diversified Svc","charles.ebersole@easterndiversified.com","89 Allentown Rd","2157230907","2157231920","516938","Odor Neutralizers (Wholesale)","NULL"," Email <---> Revenue ","132535","Eastern Diversified Svc","89 Allentown Rd","Souderton","PA","18964","Montgomery","","2157231920","2157230907","Charles Ebersole","Owner","Mal","40040000","40","516938","Odor Neutral","5","0","1"
"16191","Aquacap Pharmaceutical","ChrisL@aquacap.com","190 Hillman Dr","6103616168","6103612800","512203","Pharmaceutical Products-Wholesale","NULL"," Email <---> Revenue ","28936","Aquacap Pharmaceutical","190 Hillman Dr","Chadds Ford","PA","19317","Delaware","www.aquacap.com","6103612800","6103616168","Chris Lientz","Owner","Mal","34825000","25","512203","Pharmaceutic","5","0","1"
"141043","Diversified Information Tech","Clifford@divintech.com","123 Wyoming Ave","NULL","5706554220","738959","Information & Referral Svcs","NULL"," Email <---> Revenue ","121873","Diversified Information Tech","123 Wyoming Ave","Scranton","PA","18503","Lackawanna","www.divintech.com","5703432300","","Clifford Melberger","Owner","Mal","44100000","350","422503","Storage-Hous","5","0","1"
"145955","UBICS","coffini@ni.net","333 Technology Drive","7247466001","7247469597","874213","Marketing Programs & Services","http://www.ubics.com"," Email <---> Revenue ","430405","UBICS Inc","333 Technology Dr # 210","Canonsburg","PA","15317","Washington","www.ubicsinc.com","7247466001","7247469597","Vijay Mallya","CEO","Mal","25698000","278","737109","Information ","5","0","1"
"214497","Nason & Cullen Inc","cullenc@nasonandcullen.com","500 N Gulph Rd # 100","6109921599","6102656100","874104","Construction Management","NULL"," Email <---> Revenue ","293810","Nason & Cullen Inc","500 N Gulph Rd # 100","King Of Prussia","PA","19406","Montgomery","","6102656100","6109921599","Jay Cullen","President","Mal","49000000","40","874104","Construction","5","0","1"
"245031","Meridian Products","customersvc@meridianproduct.com","124 Earland Dr","7173557708","7173557700","243401","Cabinets-Manufacturers","www.meridianproduct.com"," Email <---> Revenue ","276993","Meridian Products","124 Earland Dr","New Holland","PA","17557","Lancaster","www.meridianproduct.com","7173557700","7173557708","J Michael Hurst","Manager","Mal","25953000","211","243401","Cabinets-Man","5","0","1"
"123504","Taylor Gifts Inc","custservice@taylorgifts.com","600 Cedar Hollow Rd","6107251144","6107251122","596102","Mail Order & Catalog Shopping","www.taylorgifts.com"," Email <---> Revenue ","414492","Taylor Gifts Inc","600 Cedar Hollow Rd","Paoli","PA","19301","Chester","www.taylorgifts.com","6107251122","6107251144","B L Taylor Jr","President","Mal","40700000","100","596102","Mail Order &","5","0","1"
"83616","Intermedi@ Marketing Solutions","D.Galiger@intermediamarketing.com","204 Carter Dr","6104295137","6106964646","738912","Telemarketing Services","NULL"," Email <---> Revenue ","206372","Intermedi@ Marketing Solutions","204 Carter Dr","West Chester","PA","19382","Chester","www.intermediamarketing.com","6106964646","6104295137","Dan Galiger","CEO","Mal","37506000","399","738912","Telemarketin","5","0","1"
"27629","Fairway Building Products","Dale.Adams@fairwaybuilding.com","PO Box 37","7176530067","7176536777","503114","Building Materials-Wholesale","NULL"," Email <---> Revenue ","146383","Fairway Building Products","53 Eby Chiques Rd","Mt Joy","PA","17552","Lancaster","www.fairwaybuilding.com","7176536777","7176530067","Dale Adams","Owner","Mal","25416000","36","503114","Building Mat","5","0","1"
"42379","Playdesigns","DaleMiller@playworldsystems.com","1000 Buffalo Rd","NULL","5705228080","799999","Amusement & Recreation Nec","NULL"," Email <---> Revenue ","332273","Playdesigns","1000 Buffalo Rd","Lewisburg","PA","17837","Union","","5705228080","","Dale Miller","Owner","Mal","25200000","300","799999","Amusement & ","5","0","1"
"281990","Porter Instrument Co","dan@tech.arrowtank.com","245 Township Line Rd","7636891263","2157234000","382398","Industrial Measuring/Cntrl Instr (Mfrs)","www.arrowtank.com"," Email <---> Revenue ","334926","Porter Instrument Co","245 Township Line Rd","Hatfield","PA","19440","Montgomery","www.porterinstrument.com","2157234000","2157232199","Gary K Porter","President","Mal","42009000","201","382398","Industrial M","5","0","1"
"144800","Ritter Technology","daveadams@ritter1.com","100 Williams Drive","7244526000","7244526227","8999","Services NEC","RITTERTECHNOLOGY.COM"," Email <---> Revenue ","358319","Ritter Engineering Co","100 Williams Dr","Zelienople","PA","16063","Butler","www.ritter1.com","7244526000","","Michael Polons","Manager","Mal","43100000","120","508520","Hydraulic Eq","5","0","1"
"175251","Green Grocer","David-Golomb@thegreengrocer.com","700 Oneil Blvd","4126787810","4126787794","514801","Fruits & Vegetables-Wholesale","NULL"," Email <---> Revenue ","177895","Green Grocer","700 Oneil Blvd","Mckeesport","PA","15132","Allegheny","","4126787794","4126787810","David Golomb","Owner","Mal","26448000","48","514801","Fruits & Veg","5","0","1"
"118612","Idl Inc","david.ball@idlpop.com","535 Old Frankstown Rd","4127932141","4127982500","254201","Office & Store Fixtures-Ex Wood (Mfrs)","NULL"," Email <---> Revenue ","202631","Idl Inc","535 Old Frankstown Rd","Pittsburgh","PA","15239","Allegheny","www.idlpop.com","4127982500","4127932141","Ralph Murray","CEO","Mal","29998000","100","254201","Office & Sto","5","0","1"
"144759","J & L Building Materials Inc","david.feeley@jlbuilding.com","600 Lancaster Ave","6108890461","6106446311","571211","Kitchen Cabinets & Equipment-Household","NULL"," Email <---> Revenue ","208913","J & L Building Materials Inc","600 Lancaster Ave","Frazer","PA","19355","Chester","www.jlbuilding.com","6106446311","6108890461","David Moretzshon","President","Mal","36900000","40","571211","Kitchen Cabi","5","0","1"
"17809","Hiles Brothers Plumbing & Htg","David.Hiles@hilesbros.com","PO Box 121","5706456129","5706458405","517206","Oils-Fuel (Wholesale)","NULL"," Email <---> Revenue ","193390","Hiles Brothers Plumbing & Htg","160 E North St","Summit Hill","PA","18250","Carbon","www.hilesbros.com","5706458405","5706456129","David Hiles","Owner","Mal","40248000","12","517206","Oils-Fuel (W","5","0","1"
"101679","Miller Welding & Machine Co","David.Miller@Millerwelding.Com","PO Box G","8148497508","8148493061","344106","Steel-Structural (Manufacturers)","NULL"," Email <---> Revenue ","282435","Miller Welding & Machine Co","Railroad & 2nd St","Brookville","PA","15825","Jefferson","www.millerwelding.com","8148493061","8148497508","David R Miller","President","Mal","43800000","200","344106","Steel-Struct","5","0","1"
"286890","Col-Fin Specialty Steel Corp","David.Pasquale@Col-fin.Com","PO Box 562","7248477079","7248437315","331601","Steel-Bar, Sheet, Strip, Tube Etc (Mfrs)","Sheet"," Email <---> Revenue ","92040","Col-Fin Specialty Steel Corp","100 Front St","New Brighton","PA","15066","Beaver","","7248437315","7248477079","David M Pasquale","President","Mal","31680000","55","331601","Steel-Bar, S","5","0","1"
"46475","Oberthur Card Systems","david.stonely@oberthur-exton.com","523 James Hance Ct","6105242412","610-524-2410","3089","Plastics Products","NEC (plastics sausage casings)"," Email <---> Revenue ","306218","Oberthur Card Systems","523 James Hance Ct","Exton","PA","19341","Chester","","6105242410","6105242412","Dennis Pulket","Plant Mgr","Mal","30600000","200","737404","Credit Card-","5","0","1"
"251611","Leon E Wintermyer Inc","ddrilling@lewinc.com","220 Yocumtown Rd","7179383911","7179381468","521128","Concrete-Ready Mixed","www.lewinc.com"," Email <---> Revenue ","249356","Leon E Wintermyer Inc","220 Yocumtown Rd","Etters","PA","17319","York","www.lewinc.com","7179381468","7179383911","Leon Wintermyer","President","Mal","38700000","150","521128","Concrete-Rea","5","0","1"
"165609","Country Market Nursery","Dennis@countrymarketnursery.com","51 Gettysburg Pike","7177667999","7177667993","526108","Nurserymen","NULL"," Email <---> Revenue ","101179","Country Market Nursery","51 Gettysburg Pike","Mechanicsburg","PA","17055","Cumberland","www.countrymarketnursery.com","7177667993","7177667999","Dennis Burd","Owner","Mal","29700000","220","526108","Nurserymen","5","0","1"
"71919","Straight Arrow Products","Devon@straightarrowinc.com","2020 Highland Ave","6108829688","6108829606","508702","Beauty Salons-Equipment & Supls (Whol)","NULL"," Email <---> Revenue ","403795","Straight Arrow Products","2020 Highland Ave","Bethlehem","PA","18020","Northampton","www.straightarrowinc.com","6108829606","6108829688","Devon Katzev","President","","43800000","30","508702","Beauty Salon","5","0","1"
"107486","Delgrosso Amusement Park Inc","dgfoods@delgrossofoods.com","Route 220","8146849820","8146843538","799601","Amusement Places","www.delgrossos.com"," Email <---> Revenue ","116892","Delgrosso Amusement Park Inc","Route 220","Tipton","PA","16684","Blair","www.delgrossos.com","8146843538","8146849820","Peter Gardella","President","Mal","42000000","500","799601","Amusement Pl","5","1","1"
"113728","Spankey's Auto Sales","Don@spankeys.com","1702 Harrisburg Pike","7172410367","7172412410","551103","Automobile Dealers-Used Cars","NULL"," Email <---> Revenue ","391212","Spankey's Auto Sales","1702 Harrisburg Pike","Carlisle","PA","17013","Cumberland","","7172412410","7172410367","Don Leggett","Owner","Mal","38820000","60","551103","Automobile D","5","1","1"
"224959","Yale Electric Supply Co","dthomas@yaleelectric.net","312 N 8th St","7172737552","7172734514","506330","Electric Equipment & Supplies-Wholesale","NULL"," Email <---> Revenue ","463393","Yale Electric Supply Co","312 N 8th St","Lebanon","PA","17046","Lebanon","","7172734514","7172737552","David Thomas","Owner","Mal","26320000","40","506330","Electric Equ","5","0","1"
"245518","Davis Certified Pre-Owned Acu","D_Davis@davisacura.com","2116 Lincoln Hwy","2157522270","2157521800","551103","Automobile Dealers-Used Cars","NULL"," Email <---> Revenue ","114336","Davis Certified Pre-Owned Acu","2116 Lincoln Hwy","Levittown","PA","19056","Bucks","www.davisacura.com","2157521800","2157522270","David Davis","Owner","Mal","48525000","75","551103","Automobile D","5","1","1"
"215628","Castle Housing","Elliot@castlehousing.com","PO Box 609","8147971186","8147971176","245101","Mobile Homes-Manufacturers","NULL"," Email <---> Revenue ","75620","Castle Housing","199 Boyle Memorial Dr","Knox","PA","16232","Clarion","www.castlehousing.com","8147971176","8147971186","Elliot Fabri","President","Mal","38800000","200","245101","Mobile Homes","5","0","1"
"222522","Tim-Bar Corp","emartin@timbar.com","148 Penn St","7176324902","7176324727","511318","Boxes-Corrugated & Fiber (Wholesale)","NULL"," Email <---> Revenue ","419817","Tim-Bar Corp","148 Penn St","Hanover","PA","17331","York","www.timbar.com","7176324727","7176324902","Thomas Cline","Owner","Mal","34776000","42","511318","Boxes-Corrug","5","0","1"
"247169","Schutte & Koerting","ernst@e8s.com","2233 State Rd","2156391597","2156382036","372498","Aircraft Engines & Engine Parts-Mfrs","www.schutte-koerting.com"," Email <---> Revenue ","374462","Schutte & Koerting","2233 State Rd","Bensalem","PA","19020","Bucks","www.schutte-koerting.com","2156382036","2156391597","Tom Houck","Plant Mgr","Mal","32130000","90","372498","Aircraft Eng","5","0","1"
"285386","Gaven Industries","fcarrozza@gavenindustries.com","317 Stanton Ave","4128218612","4128218312","509908","Manufacturers-Agents & Representatives","www.gavenindustries.com"," Email <---> Revenue ","167739","Gaven Industries","317 Stanton Ave","Pittsburgh","PA","15209","Allegheny","www.gavenindustries.com","4128218312","4128218612","John Gaviglia","Owner","Mal","28320000","30","509908","Manufacturer","5","0","1"
"272356","Polysciences Inc","finorders@europe.sial.com","400 Valley Rd","2153430214","2153436484","281998","Industrial Inorganic Chmcls Nec (Mfrs)","www.polysciences.com"," Email <---> Revenue ","334325","Polysciences Inc","400 Valley Rd","Warrington","PA","18976","Bucks","www.polysciences.com","2153436484","2153430214","Michael Ott","Owner","Mal","31500000","100","281998","Industrial I","5","0","1"
"265574","Giunta's Thriftway","Frank@giuntas.com","700 Downingtown Pike","6104291373","6104291300","541105","Grocers","NULL"," Email <---> Revenue ","172359","Giunta's Thriftway","700 Downingtown Pike","West Chester","PA","19380","Chester","www.giuntas.com","6104291300","6104291373","Frank Giunta Jr","Owner","Mal","25480000","140","541105","Grocers-Reta","5","0","1"
"173726","Benton Foundry Ind","Fritz@bentonfoundry.com","5297 State Route 487","5709256929","5709256711","332198","Gray & Ductile Iron Foundries","NULL"," Email <---> Revenue ","46048","Benton Foundry Ind","5297 State Route 487","Benton","PA","17814","Columbia","www.bentonfoundry.com","5709256711","5709256929","Fritz Hall","President","Mal","37200000","200","332198","Gray & Ducti","5","0","1"
"225316","Continental Airlines","fsi@flightservices.com","3 Route 60","4124726082","4124725410","451201","Airline Companies","www.flightservices.com"," Email <---> Revenue ","98044","Continental Airlines","3 Route 60","Pittsburgh","PA","15205","Allegheny","www.flightservices.com","4124725410","4124726082","John Sable","President","Mal","32200000","100","451201","Airline Comp","5","0","1"
"30436","Haysite Reinforced Plastics","Gacka-Paul@haysite.com","5599 Perry Hwy","8148647803","8148683691","308398","Laminated Plstcs-Plate Sht/Profile (Mfr)","NULL"," Email <---> Revenue ","187998","Haysite Reinforced Plastics","5599 Perry Hwy","Erie","PA","16509","Erie","www.haysite.com","8148683691","8148647803","Paul Gacka","President","Mal","37650000","150","308398","Laminated Pl","5","0","1"
"186963","Summit Modular Builders","Gene@signaturecustomhomes.com","1004 Springbrook Ave","5707741010","5707741000","521156","Modular Homes-Dealers","NULL"," Email <---> Revenue ","406854","Summit Modular Builders","1004 Springbrook Ave","Moosic","PA","18507","Lackawanna","www.signaturecustomhomes.com","5707741000","5707741010","Gene Mckeown","Owner","Mal","25800000","100","521156","Modular Home","5","0","1"
"102485","Graham Architectural Products","Georges_Thirets@grahamarch.com","1551 Mount Rose Ave","7178435344","7178498100","344202","Windows-Manufacturers","NULL"," Email <---> Revenue ","176219","Graham Architectural Products","1551 Mount Rose Ave","York","PA","17403","York","www.grahamarch.com","7178498100","7178435344","Georges Thirets","CEO","Mal","44000000","250","344202","Windows-Manu","5","0","1"
"114002","Boyds Store For Men","Gerald@boydsphilly.com","1818 Chestnut St","2155642876","2155649000","566101","Shoes-Retail","NULL"," Email <---> Revenue ","56865","Boyds Store For Men","1818 Chestnut St","Philadelphia","PA","19103","Philadelphia","www.boydsphilly.com","2155649000","2155642876","Gerald Gushner","Owner","Mal","27200000","150","566101","Shoes-Retail","5","0","1"
"202279","Benjamin Obdyke Inc","glandow@benjaminobdyke.com","199 Precision Dr","2156723731","2159573890","521114","Roofing Materials","NULL"," Email <---> Revenue ","45616","Benjamin Obdyke Inc","199 Precision Dr","Horsham","PA","19044","Montgomery","www.benjaminobdyke.com","2159573890","2156723731","David Campbell","President","Mal","35000000","30","521114","Roofing Mate","5","0","1"
"60189","Pioneer Pole Buildings","GreeneRobert@pioneerpolebuildings.com","716 S Route 183","5707391449","5707390078","154214","Buildings-Pole","NULL"," Email <---> Revenue ","330179","Pioneer Pole Buildings","716 S Route 183","Schuylkill Haven","PA","17972","Schuylkill","www.pioneerpolebuildings.com","5707390078","5707391449","Robert Greene","Owner","Mal","28470000","65","154214","Buildings-Po","5","0","1"
"259307","Erie Cotton Products","Gregory@eriecotton.com","1112 Bacon St","8144537816","8144596644","511101","Paper Products (Wholesale)","NULL"," Email <---> Revenue ","141500","Erie Cotton Products","1112 Bacon St","Erie","PA","16511","Erie","www.eriecotton.com","8144596644","8144537816","Gregory Rubin","Owner","Mal","33242000","22","511101","Paper Produc","5","0","1"
"239505","James Austin Co Mfg","Harry@jamesaustin.com","PO Box 827","7246253288","7246251535","284203","Cleaning Compounds-Manufacturers","NULL"," Email <---> Revenue ","213894","James Austin Co Mfg","115 Downieville Rd","Mars","PA","16046","Butler","www.jamesaustin.com","7246251535","7246253288","Harry Austin Iii","President","Mal","25000000","124","284203","Cleaning Com","5","0","1"
"218797","Allegheny Clearfield","hawkprecisionsales@hawkprecision.com","114 Appalachian Dr","8143714640","8147652474","339904","Metal Specialties-Manufacturers","www.hawkprecision.com"," Email <---> Revenue ","17404","Allegheny Clearfield","114 Appalachian Dr","Clearfield","PA","16830","Clearfield","www.hawkprecision.com","8147652474","8147651530","Tim Britton","Executive Director","Mal","28200000","100","339904","Primary Meta","5","0","1"
"194863","Harold Beck & Sons Inc","hb@haroldbeck.com","2300 Terry Dr","2158609651","2159684600","362598","Relays & Industrial Controls (Mfrs)","NULL"," Email <---> Revenue ","185979","Harold Beck & Sons Inc","2300 Terry Dr","Newtown","PA","18940","Bucks","www.haroldbeck.com","2159684600","2158609651","Harold Beck","President","Mal","25760000","115","362598","Relays & Ind","5","0","1"
"198667","L & H Trucking Co Inc","hbaumbaugh@lhtrucking.com","860 Gitts Run Rd","7176337445","7176331710","421309","Trucking-Motor Freight","NULL"," Email <---> Revenue ","239482","L & H Trucking Co Inc","860 Gitts Run Rd","Hanover","PA","17331","York","www.lhtrucking.com","7176331710","7176337445","Lawson Longstreth","Owner","Mal","33975000","225","421309","Trucking-Mot","5","0","1"
"182128","Chapman Gases & Welding","henry@chapmangases.com","1313 Chestnut St","8144565914","8144535637","517208","Gas-Liquefied Petro-Bttld/Bulk (Whol)","NULL"," Email <---> Revenue ","79894","Chapman Gases & Welding","1313 Chestnut St","Erie","PA","16501","Erie","","8144535637","8144565914","Henry Chapman","Owner","Mal","33540000","10","517208","Gas-Liquefie","5","0","1"
"103821","Colucci Marble & Granite","HilbertC@coluccitile.com","527 Mcneilly Rd","NULL","4123447777","503202","Marble-Natural (Wholesale)","NULL"," Email <---> Revenue ","93383","Colucci Marble & Granite","527 Mcneilly Rd","Pittsburgh","PA","15226","Allegheny","www.coluccitile.com","4123447777","","Carl Hilbert","Owner","Mal","28320000","59","503202","Marble-Natur","5","0","1"
"251201","Kemper Equipment","hkemper@kemperequipment.com","772 Poplar Rd","6102733537","6102732066","508599","Miscellaneous Industrial Supplies (Whol)","NULL"," Email <---> Revenue ","231101","Kemper Equipment","772 Poplar Rd","Honey Brook","PA","19344","Chester","www.kemperequipment.com","6102732066","6102733537","H Lyn Kemper","Owner","Mal","25650000","45","508599","Miscellaneou","5","0","1"
"258007","BASCO Associates (BASCO)","hrutledge@bh-ba.com","445 West Philadelphia St.","7178521400","7178521401","8999","Services NEC","null"," Email <---> Revenue ","62224","Buchart Horn Inc","445 W Philadelphia St","York","PA","17404","York","www.bh-ba.com","7178521400","7178521401","","","","41554000","263","871111","Engineers-Co","5","0","1"
"109095","Scandinavian Pharmaceuticals","H_Cederberg@triplecrownamerica.com","13 N 7th St","2154532508","2154532510","512203","Pharmaceutical Products-Wholesale","NULL"," Email <---> Revenue ","373319","Scandinavian Pharmaceuticals","13 N 7th St","Perkasie","PA","18944","Bucks","","2154532510","2154532508","Hogkan Cederberg","Owner","Mal","26467000","19","512203","Pharmaceutic","5","0","1"
"265375","Vallen Safety Supply Co","intlsales@vallen.com","5 Creek Pkwy","6104856214","6104854715","508522","Industrial Equipment & Supplies (Whol)","www.vallen.com"," Email <---> Revenue ","438270","Vallen Safety Supply Co","5 Creek Pkwy","Boothwyn","PA","19061","Delaware","www.vallen.com","6104854715","6104856214","Jill Kozur","Manager","Fem","28500000","50","508522","Industrial E","5","0","1"
"107891","Baldwin","J.Edgar@baldwininternational.com","133 Industry Dr","4127870771","4127878787","504720","X-Ray Apparatus & Supplies (Wholesale)","NULL"," Email <---> Revenue ","39060","Baldwin","133 Industry Dr","Pittsburgh","PA","15275","Allegheny","","4127878787","4127870771","Joni Edgar","Owner","Fem","29900000","50","504720","X-Ray Appara","5","0","1"
"24611","J Harris & Sons","Jack.Harris@usalampshade.com","50 26th St","4123914816","4123915532","502324","Lamp Shades-Wholesale","NULL"," Email <---> Revenue ","210458","J Harris & Sons","50 26th St","Pittsburgh","PA","15222","Allegheny","www.usalampshade.com","4123915532","4123914816","Jack Harris","Owner","Mal","27850000","50","502324","Lamp Shades-","5","0","1"
"12363","Buck Co Inc","jack.plain@dixonvalve.com","897 Lancaster Pike","7172843737","7172844114","332502","Foundries-Steel","NULL"," Email <---> Revenue ","62261","Buck Co Inc","897 Lancaster Pike","Quarryville","PA","17566","Lancaster","www.buckcompany.com","7172844114","7172843737","Richard Mc Minn","President","Mal","47700000","300","332502","Foundries-St","5","0","1"
"280656","Preservation Technologies","JB@ptlp.com","111 Thomson Park Dr","7247799808","7247792111","502109","Library Equipment & Supplies (Wholesale)","NULL"," Email <---> Revenue ","337163","Preservation Technologies","111 Thomson Park Dr","Cranberry Twp","PA","16066","Butler","www.ptlp.com","7247792111","7247799808","James Burd","President","Mal","34260000","60","502109","Library Equi","5","0","1"
"4123","Adhesives Research Inc","jcalla@arglobal.com","PO Box 100","7172358320","7172357979","289198","Adhesives & Sealants (Manufacturers)","NULL"," Email <---> Revenue ","11160","Adhesives Research Inc","400 Seaks Run Rd","Glen Rock","PA","17327","York","www.adhesivesresearch.com","7172357979","7172358320","Caren Olson","President","Fem","36800000","400","289198","Adhesives & ","5","0","1"
"281021","A Leventhal & Sons Inc","jeann@leventhaldental.com","711 Davis St","5703432530","5703429106","504719","Dental Equipment & Supplies-Wholesale","www.leventhaldental.com"," Email <---> Revenue ","3675","A Leventhal & Sons Inc","711 Davis St","Scranton","PA","18505","Lackawanna","www.leventhaldental.com","5703429106","5703432530","Jeff Leventhal","Owner","Mal","47840000","80","504719","Dental Equip","5","0","1"
"231318","Druzak Medical","JeffD@druzak.com","131 Pleasant Dr","7242669531","7242669560","504712","Hospital Equipment & Supplies (Whol)","NULL"," Email <---> Revenue ","127379","Druzak Medical","131 Pleasant Dr","Aliquippa","PA","15001","Beaver","www.druzak.com","7242669560","7242669531","Jeff Druzak","Owner","Mal","29900000","50","504712","Hospital Equ","5","0","1"
"85088","Worth & Co","jim.gillen@worthandcompany.com","6263 Kellers Church Rd","2673621130","2673621100","171117","Air Conditioning Contractors & Systems","NULL"," Email <---> Revenue ","462048","Worth & Co","6263 Kellers Church Rd","Pipersville","PA","18947","Bucks","www.worthandcompany.com","2673621100","2673621130","Stephen Worth","Owner","Mal","29200000","200","171117","Air Conditio","5","0","1"
"2648","DELTA Lighting Products Inc","jim.woodside@deltalightingproducts.com","2570 Metropolitan Dr","2153224836","2153226210","506319","Lighting Fixtures-Wholesale","NULL"," Email <---> Revenue ","109468","DELTA Lighting Products Inc","2570 Metropolitan Dr","Feastervl Trvs","PA","19053","Bucks","www.deltalightingproducts.com","2153226210","2153224836","Jim Woodside","Owner","Mal","28294000","43","506319","Lighting Fix","5","0","1"
"126831","Principia Partners","JimM@principiapartners.com","1230 N Pottstown Pike","4843831521","6104583738","873204","Market Research & Analysis","NULL"," Email <---> Revenue ","338297","Principia Partners","1230 N Pottstown Pike","Exton","PA","19341","Chester","www.pp.com","6104583738","4843831521","Jim Morton","Owner","Mal","46350000","450","873204","Market Resea","5","0","1"
"178696","Mc Cleary Oil Co Inc","jimmy@mcclearyoil.com","19 W King St","7172643881","7172646181","517206","Oils-Fuel (Wholesale)","www.mcclearyoil.com"," Email <---> Revenue ","272031","Mc Cleary Oil Co Inc","19 W King St","Chambersburg","PA","17201","Franklin","www.mcclearyoil.com","7172646181","7172643881","Huber Mc Cleary","Owner","Mal","40248000","12","517206","Oils-Fuel (W","5","0","1"
"241598","Big Ten Truck Stop","jlimon@petrotruckstops.com","98GroveStreet","5706545111","null","899999","TRUCKING SERVICES","null"," Email <---> Revenue ","325813","Petro Stopping Ctr","98 Grove St","Dupont","PA","18641","Luzerne","","5706545111","","Jerome Walker","Manager","Mal","33000000","110","554103","Truck Stops ","5","0","1"
"277179","Channellock; Inc","jmackiewicz@channellock.com","null","8147248700","8009622583","5251","Tools","CHANNELLOCK.COM;CHANNELLOCK.NET;CHANNELLOCK.ORG;PINCES.COM;PINZAS.COM;PLIER.COM;SOLARHANDTOOLS.COM;S"," Email <---> Revenue ","79789","Channellock Inc","1306 S Main St","Meadville","PA","16335","Crawford","www.channellock.com","8147248700","8143373616","William S Dearment","CEO","Mal","38000000","545","342303","Tools-Hand-M","5","0","1"
"97133","American Customer Care","jneistat@americancustomercare.com","948 Plaza Dr","4124569030","5703684651","274105","Publishers","www.americancustomercare.com"," Email <---> Revenue ","21923","American Customer Care","948 Plaza Dr","Montoursville","PA","17754","Lycoming","www.americancustomercare.com","5703684651","4124569030","Rod Ferlow","Executive Director","Mal","41100000","150","274105","Publishers","5","0","1"
"97262","WHTM","Joe.Lewin@abc27.com","3235 Hoffman St","7172325272","7172362727","483301","Television Stations & Broadcasting CO","NULL"," Email <---> Revenue ","445342","WHTM","3235 Hoffman St","Harrisburg","PA","17110","Dauphin","www.abc27.com","7172362727","7172325272","Joe Lewin","CEO","Mal","34760000","110","483301","Television S","5","0","1"
"135687","P A Electric Motor Svc","Joe@tractionmotor.com","4693 Iroquois Ave","8148998746","8148981555","506333","Electric Motors-Dlrs/Repairing (Whol)","NULL"," Email <---> Revenue ","311758","P A Electric Motor Svc","4693 Iroquois Ave","Erie","PA","16511","Erie","www.tractionmotor.com","8148981555","8148998746","Joe Pugliese","Owner","Mal","32900000","50","506333","Electric Mot","5","0","1"
"26088","Thalheimer Brothers","John.Thalheimer@thalbro.com","700 E Godfrey Ave","2155333993","2157425995","509312","Recycling Centers (Wholesale)","NULL"," Email <---> Revenue ","416902","Thalheimer Brothers","700 E Godfrey Ave","Philadelphia","PA","19124","Philadelphia","","2157425995","2155333993","John Thalheimer","Owner","Mal","31608000","72","509312","Recycling Ce","5","0","1"
"139910","Thermal Products Solutions","JohnGeradano@gruenburg.com","PO Box 3246","5703267304","5703261755","356701","Ovens-Industrial (Manufacturers)","NULL"," Email <---> Revenue ","417244","Thermal Products Solutions","2121 Reach Rd","Williamsport","PA","17701","Lycoming","www.gruenburg.com","5703261755","5703267304","John Geradano","CEO","Mal","33000000","250","356701","Ovens-Indust","5","0","1"
"23135","Martin's Country Market","JohnM@hayloftfabrics.com","1717 W Main St","7177330799","7177383754","541105","Grocers","NULL"," Email <---> Revenue ","268531","Martin's Country Market","1717 W Main St","Ephrata","PA","17522","Lancaster","","7177383754","7177330799","John Martin","Owner","Mal","28900000","183","541105","Grocers-Reta","5","0","1"
"161547","Williard Inc","joseph.duty@williard.com","375 Highland Ave","2158855156","2158855800","344403","Sheet Metal Fabricators","NULL"," Email <---> Revenue ","458330","Williard Inc","375 Highland Ave","Jenkintown","PA","19046","Montgomery","","2158855800","2158855156","Joseph Duty","CEO","Mal","48000000","300","344403","Sheet Metal ","5","0","1"
"53593","Kephart Trucking","jpy@kepharttrucking.com","983 Woodland Bigler Hwy","8143424243","8143424243","421304","Trucking","www.kepharttrucking.com"," Email <---> Revenue ","232133","Kephart Trucking","983 Woodland Bigler Hwy","Bigler","PA","16825","Clearfield","www.kepharttrucking.com","8143424243","","Timothy Kephart","Owner","Mal","26500000","250","421304","Trucking","5","0","1"
"63567","G L Sayre Peterbilt","JS@glsayre.com","1231 W Ridge Pike","6102777647","6102772000","551105","Truck-Dealers","NULL"," Email <---> Revenue ","164331","G L Sayre Peterbilt","1231 W Ridge Pike","Conshohocken","PA","19428","Montgomery","","6102772000","6102777647","James L Sayre","President","Mal","29115000","45","551105","Truck-Dealer","5","2","1"
"278270","B & G Mfg Co Inc","jwasko@bgmfg.com","3067 Unionville Pike","2158221921","2158221921","396598","Fasteners-Buttons Needles & Pins (Mfrs)","www.bgmfg.com"," Email <---> Revenue ","36234","B & G Mfg Co Inc","3067 Unionville Pike","Hatfield","PA","19440","Montgomery","www.bgmfg.com","2158221921","2159979815","Richard Edmonds","CEO","Mal","31000000","225","396598","Fasteners-Bu","5","0","1"
"242565","Protection Bureau","Keith@protectionbureau.com","197 Philips Rd","6109034979","6109034900","506308","Fire Alarm Systems (Wholesale)","NULL"," Email <---> Revenue ","340341","Protection Bureau","197 Philips Rd","Exton","PA","19341","Chester","www.protectionbureau.com","6109034900","6109034979","Keith Ladd","Owner","Mal","45402000","69","506308","Fire Alarm S","5","0","1"
"67667","Armstrong Group","Kirby@agoc.com","1 Armstrong Pl","7242839655","7242830925","484101","Television-Cable & Catv","NULL"," Email <---> Revenue ","30339","Armstrong Group","1 Armstrong Pl","Butler","PA","16001","Butler","","7242830925","7242839655","Kirby Campbell","CEO","Mal","35595000","105","484101","Television-C","5","0","1"
"242976","W W Adcock Inc","krista@wwadcock.com","2611 Philmont Ave","2159477256","2159473800","509118","Swimming Pool Equipment & Supls (Whol)","www.rivierapools.net"," Email <---> Revenue ","444920","W W Adcock Inc","2611 Philmont Ave","Huntingdon Vly","PA","19006","Montgomery","www.rivierapools.net","2159473800","2159477256","Dee Adcock","Owner","Fem","46125000","75","509118","Swimming Poo","5","0","1"
"152885","National Fullfillment Svc","Krueger@nfsrv.com","100 Pine St","6105329001","6105324700","737401","Data Processing Service","NULL"," Email <---> Revenue ","294547","National Fullfillment Svc","100 Pine St","Holmes","PA","19043","Delaware","www.nfsrv.com","6105324700","6105329001","Gene Krueger","Owner","Mal","30600000","200","737401","Data Process","5","0","1"
"279001","Concord Products Co Inc","larry.anthonsen@concordproducts.com","1800 W Indiana Ave","NULL","2152260500","502113","Office Furniture & Equip-Wholesale","NULL"," Email <---> Revenue ","96423","Concord Products Co Inc","1800 W Indiana Ave","Philadelphia","PA","19132","Philadelphia","www.concordproducts.com","2152260500","","Harold Graff","Owner","Mal","42825000","75","502113","Office Furni","5","0","1"
"166471","International Bakery","LarryC@internationalbakeryonline.com","610 W 18th St","8144566339","8144523435","514902","Bakers-Wholesale","NULL"," Email <---> Revenue ","206502","International Bakery","610 W 18th St","Erie","PA","16502","Erie","","8144523435","8144566339","Larry Corsale","Owner","Mal","33760000","40","514902","Bakers-Whole","5","0","1"
"280111","C J Systems Aviation Group","LarryPietropaulo@cjsag.com","57 Allegheny County Airport","4124661978","4124668420","458104","Aircraft Servicing & Maintenance","NULL"," Email <---> Revenue ","66935","C J Systems Aviation Group","57 Allegheny County Airport","West Mifflin","PA","15122","Allegheny","www.cjsystemsaviation.com","4124668420","4124661978","Larry Pietropaulo","President","Mal","37400000","150","458104","Aircraft Ser","5","0","1"
"269228","Covance Periapproval Svc","laurie.huegerich@covance.com","1 Radnor Corporate Ctr # 300","6086618169","6106875454","591205","Pharmacies","www.covance.com"," Email <---> Revenue ","102008","Covance Periapproval Svc","1 Radnor Corporate Ctr # 300","Wayne","PA","19087","Delaware","www.covance.com","6106875454","6106874344","Maureen Musumeci","Manager","Fem","45750000","250","591205","Pharmacies","5","2","1"
"208507","Feesers Inc Lewistown Distr","LesterMiller@feesers.com","700 Roundhouse Rd","7172489650","7172489658","514102","Food Brokers","NULL"," Email <---> Revenue ","149918","Feesers Inc Lewistown Distr","700 Roundhouse Rd","Lewistown","PA","17044","Mifflin","www.feesers.com","7172489658","7172489650","Lester Miller","Owner","Mal","39795000","35","514102","Food Brokers","5","0","1"
"223388","Global Metal Form","Litzenberger@globalmetalform.com","733 Davis St","5703461612","5703463871","344403","Sheet Metal Fabricators","NULL"," Email <---> Revenue ","173346","Global Metal Form","733 Davis St","Scranton","PA","18505","Lackawanna","","5703463871","5703461612","Doug Litzenberger","CEO","Mal","44700000","125","344403","Sheet Metal ","5","0","1"
"102735","Risg","LivingstonM@faeinc.com","PO Box F","7242955210","7242952111","325101","Brick-Clay Common & Face-Manufacturers","NULL"," Email <---> Revenue ","357494","Risg","Mill St","Freeport","PA","16229","Armstrong","www.faeinc.com","7242952111","7242955210","Michael Livingston","President","Mal","25000000","15","325101","Brick-Clay C","5","0","1"
"286898","Schuylkill Products Inc","llaughlin@spibeams.com","121 River St","5703852404","5703852352","327209","Concrete Prods-Ex Block & Brick (Mfrs)","www.spibeams.com"," Email <---> Revenue ","374622","Schuylkill Products Inc","121 River St","Cressona","PA","17929","Schuylkill","www.spibeams.com","5703852352","5703852404","Joseph Nagle","President","Mal","32400000","200","327209","Concrete Pro","5","0","1"
"267605","Morris Coupling Co","louis.pollock@bulk-online.com","2240 W 15th St","8144535155","8144591741","508409","Couplings (Wholesale)","NULL"," Email <---> Revenue ","287404","Morris Coupling Co","2240 W 15th St","Erie","PA","16505","Erie","www.morriscoupling.com","8144591741","8144535155","Howard Pollock","President","Mal","35360000","65","508409","Couplings (W","5","0","1"
"272634","PGT Trucking Inc","lpallone@pgttrucking.com","424 Frankfort Rd","7247286550","7247283500","421307","Trucking-Heavy Hauling","www.pgttrucking.com"," Email <---> Revenue ","312667","PGT Trucking Inc","424 Frankfort Rd","Monaca","PA","15061","Beaver","www.pgttrucking.com","7247283500","7247286550","Patrick Gallagher","President","Mal","42700000","80","421307","Trucking-Hea","5","0","1"
"235592","Community Behavioral Health","Lucas@cbha.net","801 Market St","2154137111","2154133100","806301","Mental Health Services","NULL"," Email <---> Revenue ","94788","Community Behavioral Health","801 Market St","Philadelphia","PA","19107","Philadelphia","www.phila-bhs.org","2154133100","2154137111","Nancy Lucas","CEO","Fem","26325000","325","806301","Mental Healt","5","0","1"
"198895","Country Fresh Onions","Luke@cfonions.com","101 Teardrop Rd","7176925635","7176922656","504601","Food Processing Equipment & Supls (Whol)","NULL"," Email <---> Revenue ","101010","Country Fresh Onions","101 Teardrop Rd","Millersburg","PA","17061","Dauphin","www.cfonions.com","7176922656","7176925635","Luke Hishman","Owner","Mal","39800000","100","504601","Food Process","5","0","1"
"235064","Precision Marshall Steel","M-Jackson@pmsteel.com","PO Box 711","7242251868","7242222100","331601","Steel-Bar, Sheet, Strip, Tube Etc (Mfrs)","Sheet"," Email <---> Revenue ","336327","Precision Marshall Steel","99 Berry Rd","Washington","PA","15301","Washington","www.pmsteel.com","7242222100","7242251868","Jackson Milhollan","President","Mal","25800000","60","331601","Steel-Bar, S","5","0","1"
"276935","Allentown Mack Sales & Svc","mackwebmaster@allentown-mack.com","1407 Bulldog Dr","6103983982","6103956801","551105","Truck-Dealers","www.allentown-mack.com"," Email <---> Revenue ","18496","Allentown Mack Sales & Svc","1407 Bulldog Dr","Allentown","PA","18104","Lehigh","www.allentown-mack.com","6103956801","6103983982","Robert Dwyer","President","Mal","42055000","65","551105","Truck-Dealer","5","2","1"
"229477","Pittsburgh Pirates","margaret.polen@pittsburghpirates.com","PO Box 7000","4123239133","4123235000","799708","Baseball Clubs","NULL"," Email <---> Revenue ","330985","Pittsburgh Pirates","115 Federal St","Pittsburgh","PA","15212","Allegheny","","4123235000","4123239133","Kevin Mcclatchy","CEO","Mal","44800000","101","799708","Baseball Clu","5","0","1"
"106314","Centria Main Headquarters","Mark@centriaintl.com","1005 Beaver Grade Rd","4122998317","4122998000","521126","Building Materials","NULL"," Email <---> Revenue ","78600","Centria Main Headquarters","1005 Beaver Grade Rd","Coraopolis","PA","15108","Allegheny","www.centriaintl.com","4122998000","4122998317","Mark Sherwin","President","Mal","25000000","125","521126","Building Mat","5","0","1"
"151061","White Oak Mills","Mark@nutripeak.com","419 W High St","7173674845","7173671525","519112","Feed-Dealers (Wholesale)","NULL"," Email <---> Revenue ","455258","White Oak Mills","419 W High St","Elizabethtown","PA","17022","Lancaster","","7173671525","7173674845","Mark Wagner","President","Mal","26000000","35","519112","Feed-Dealers","5","0","1"
"59511","Heyco Metals Inc","michael.jemison@heyco-metals.com","RR 9","6109264134","6109264131","335198","Rolling Drawing/Extruding-Copper (Mfrs)","NULL"," Email <---> Revenue ","192340","Heyco Metals Inc","RR 9","Reading","PA","19605","Berks","www.heyco-metals.com","6109264131","6109264134","Michael S Jemison","President","Mal","30000000","85","335198","Rolling Draw","5","0","1"
"232669","Gateway Health Plan","MichaelB@gatewayhealthplan.com","2 Chatham Ctr # 500","4122554670","4122554350","809904","Health Maintenance Organizations","NULL"," Email <---> Revenue ","167512","Gateway Health Plan","2 Chatham Ctr # 500","Pittsburgh","PA","15219","Allegheny","www.gatewayhealthplan.com","4122554350","4122554670","Michael Blackwood","President","Mal","26880000","240","809904","Health Maint","5","2","1"
"246780","National Drying Machinery Co","mike.ford@nationaldrying.com","2190 Hornig Rd","2154644096","2154646070","355698","Food Products-Machinery (Manufacturers)","NULL"," Email <---> Revenue ","294473","National Drying Machinery Co","2190 Hornig Rd","Philadelphia","PA","19116","Philadelphia","www.nationaldrying.com","2154646070","2154644096","Richard B Parkes","President","Mal","35300000","100","355698","Food Product","5","0","1"
"156440","Global Packaging","Mike.Frost@glopkg.com","PO Box 187","6106661152","6106661608","267101","Packaging Materials-Manufacturers","NULL"," Email <---> Revenue ","173367","Global Packaging","209 Brower Ave","Oaks","PA","19456","Montgomery","www.glopkg.com","6106661608","6106661152","Mike Frost","CEO","Mal","29029000","91","267101","Packaging Ma","5","0","1"
"285639","Keen Transport Inc","mike.lewis@keentransport.com","1951 Harrisburg Pike","6308974420","7172436622","421304","Trucking","www.keentransport.com"," Email <---> Revenue ","230168","Keen Transport Inc","1951 Harrisburg Pike","Carlisle","PA","17013","Cumberland","www.keentransport.com","7172436622","7172439493","Harold Keen","CEO","Mal","30200000","200","421304","Trucking","5","0","1"
"266972","Stores Automated Systems; Inc.","mis@sasipos.com","311 Sinclair St","2157854321","2157855329","8999","Services NEC","SASIALLEGIANCE.COM^^SASIEXPERIENCE.COM^^SASIPOS.COM"," Email <---> Revenue ","427369","Triversity Corp","311 Sinclair Rd","Bristol","PA","19007","Bucks","www.triversity.com","2157854321","2157855329","David Thomas","CEO","Mal","28000000","100","539901","General Merc","5","0","1"
"201565","Cadmus Specialty Publications","MPloucha@cadmus.com","1991 Northampton St","6102507299","6102589111","275202","Printers","NULL"," Email <---> Revenue ","69075","Cadmus Specialty Publications","1991 Northampton St","Easton","PA","18042","Northampton","","6102589111","6102507299","Mark R Ploucha","President","Mal","48100000","540","275202","Printers","5","0","1"
"193075","Southwest Airlines Cargo","mysouthwest@southwest.com","8500 Essington Ave # E","7027310933","2159379648","451202","Air Cargo Service","www.southwest.com"," Email <---> Revenue ","390754","Southwest Airlines Cargo","8500 Essington Ave # E","Philadelphia","PA","19153","Philadelphia","www.southwest.com","2159379648","","John Minor","Manager","Mal","34776000","108","451202","Air Cargo Se","5","0","1"
"204062","M K Installations","M_K@lockersusa.com","189 Twin County Rd","6102867401","6102867076","502122","Office Furniture & Equip-Instltn (Whol)","NULL"," Email <---> Revenue ","260149","M K Installations","189 Twin County Rd","Morgantown","PA","19543","Berks","","6102867076","6102867401","Mark Kabbeko","Owner","Mal","31405000","55","502122","Office Furni","5","0","1"
"271158","Black Box Network Svc","M_Robert@blackbox.com","2104 Babcock Blvd","4128212612","4128215150","504506","Data Communications Equip/Systems (Whol)","NULL"," Email <---> Revenue ","51270","Black Box Network Svc","2104 Babcock Blvd","Pittsburgh","PA","15209","Allegheny","","4128215150","4128212612","Robert Mc Clain","President","Mal","44850000","50","504506","Data Communi","5","0","1"
"618","Waldameer Park","Nelson-Paul@waldameer.com","PO Box 8308","8148357435","8148383591","799601","Amusement Places","NULL"," Email <---> Revenue ","446712","Waldameer Park","220 Peninsula Dr","Erie","PA","16505","Erie","www.waldameer.com","8148383591","8148357435","Paul Nelson","Owner","Mal","25200000","300","799601","Amusement Pl","5","1","1"
"51383","Digital Ink","Nissley@digital-ink.tv","PO Box 426","7174327650","7174327766","276103","Business Forms & Systems-Manufacturers","NULL"," Email <---> Revenue ","120662","Digital Ink","230 Gettysburg St","Dillsburg","PA","17019","York","","7174327766","7174327650","Jack Nissley","Owner","Mal","32110000","130","276103","Business For","5","0","1"
"184420","American Crane & Equipment","oddvar.norheim@americancrane.com","531 Old Swede Rd","6103853191","6103856061","353698","Overhead Traveling Cranes Hoists (Mfrs)","NULL"," Email <---> Revenue ","21903","American Crane & Equipment","531 Old Swede Rd","Douglassville","PA","19518","Berks","","6103856061","6103853191","Oddvar Norheim","President","Mal","28240000","80","353698","Overhead Tra","5","0","1"
"127435","Traveleaders","Pappas@traveleaders.com","221 Rohrerstown Rd","7173947682","7173946997","472402","Travel Agencies & Bureaus","NULL"," Email <---> Revenue ","425085","Traveleaders","221 Rohrerstown Rd","Lancaster","PA","17603","Lancaster","","7173946997","7173947682","Jim Pappas","Owner","Mal","25000000","25","472402","Travel Agenc","5","0","1"
"280339","Magellan Health Svc","Patricia@magellanhealth.com","1901 Market St # 22","2152414766","2152414600","806301","Mental Health Services","NULL"," Email <---> Revenue ","262080","Magellan Health Svc","1901 Market St # 22","Philadelphia","PA","19103","Philadelphia","","2152414600","2152414766","Patricia Weigand","President","Fem","31000000","175","806301","Mental Healt","5","0","1"
"147429","New Enterprise Stone & Lime Co","Paul.Detwiler@nesl.com","PO Box 34","8142246034","8142242121","328198","Cut Stone & Stone Products (Mfrs)","NULL"," Email <---> Revenue ","297693","New Enterprise Stone & Lime Co","301 Plum Creek Rd","Roaring Spring","PA","16673","Blair","www.nesl.com","8142242121","8142246034","Donald Detwiler","Owner","Mal","31000000","250","328198","Cut Stone & ","5","0","1"
"13313","Crystal Soda Water Co","paul.youngblood@crystalrock.com","425 Franklin Ave","5703479788","5703475661","208601","Bottlers","NULL"," Email <---> Revenue ","105386","Crystal Soda Water Co","425 Franklin Ave","Scranton","PA","18503","Lackawanna","","5703475661","5703479788","Louis Kahanowitz","President","Mal","38127000","71","208601","Bottlers","5","0","1"
"126299","Topp Business Solutions","PaulFalzett@toppcopy.com","1110 Saginaw St","5703445227","5703449611","504403","Copying & Duplicating Machines & Supls","NULL"," Email <---> Revenue ","422618","Topp Business Solutions","1110 Saginaw St","Scranton","PA","18505","Lackawanna","www.toppcopy.com","5703449611","5703445227","Paul Falzett","Owner","Mal","41958000","126","504403","Copying & Du","5","0","1"
"68438","ISS","pbrooks@issemail.com","2010 Cabot Blvd W","2157501510","2157522221","737801","Computers-Service & Repair","NULL"," Email <---> Revenue ","202279","ISS","2010 Cabot Blvd W","Langhorne","PA","19047","Bucks","www.isssolutions.com","2157522221","2157501510","Peter Brooks","CEO","Mal","37490000","230","737801","Computers-Se","5","0","1"
"125386","Seaway Manufacturing Corp","pgarczynski@seawaymfg.com","2250 E 33rd St","8148995556","8148982255","344209","Storm Windows & Doors-Manufacturers","www.seawaymfg.com"," Email <---> Revenue ","376288","Seaway Manufacturing Corp","2250 E 33rd St","Erie","PA","16510","Erie","www.seawaymfg.com","8148982255","8148995556","Michael Goodrich","President","Mal","26400000","150","344209","Storm Window","5","0","1"
"66913","Pennsylvania Exotic Mushroom","Phillips@phillipsmushroomfarms.com","124 Old Kennett Rd","6104444751","6104440275","018201","Mushrooms","NULL"," Email <---> Revenue ","322521","Pennsylvania Exotic Mushroom","124 Old Kennett Rd","Kennett Square","PA","19348","Chester","www.phillipsmushroomfarms.com","6104440275","6104444751","Marshall Phillips","Owner","Mal","35600000","200","018201","Mushrooms","5","0","1"
"16490","KPMG Peat Marwick","Philmer.Rorbaugh@kpmg.com","1601 Market St # 36","2152993150","2152993100","872102","Accounting & Bookkeeping General Svc","NULL"," Email <---> Revenue ","228171","KPMG Peat Marwick","1601 Market St # 36","Philadelphia","PA","19103","Philadelphia","","2152993100","2152993150","Philmer Rorbaugh","CEO","Mal","41200000","400","872102","Accounting &","5","0","1"
"112881","Make It Big","Pierce@buyenlarge.com","2400 Market St # 3","2155576433","2155570400","519918","Art Dealers-Wholesale","NULL"," Email <---> Revenue ","263604","Make It Big","2400 Market St # 3","Philadelphia","PA","19103","Philadelphia","www.buyenlarge.com","2155570400","2155576433","Wilbur Pierce","President","Mal","25130000","35","519918","Art Dealers-","5","0","1"
"279528","Nu-Metrics Instrumentation","pini@trafitech.com","2152 University Dr","7244388769","7244388750","506355","Traffic Signs Signals & Equip-Whol","www.nu-metrics.com"," Email <---> Revenue ","304840","Nu-Metrics Instrumentation","2152 University Dr","Uniontown","PA","15401","Fayette","www.nu-metrics.com","7244388750","7244388769","Greg Friend","VP","Mal","37506000","57","506355","Traffic Sign","5","0","1"
"253602","WPXI","pmaday@wpxi.com","11 Television Hl","4123238097","4122371100","483301","Television Stations & Broadcasting CO","www.wpxi.com"," Email <---> Revenue ","445613","WPXI","11 Television Hl","Pittsburgh","PA","15214","Allegheny","www.wpxi.com","4122371100","4123238097","Ray Carter","Manager","Mal","32500000","240","483301","Television S","5","0","1"
"164455","Poole Anderson Construction","R.Poole@pooleanderson.com","2123 Old Gatesburg Rd","8146433131","8146433050","508523","Abrasives (Wholesale)","NULL"," Email <---> Revenue ","334535","Poole Anderson Construction","2123 Old Gatesburg Rd","State College","PA","16803","Centre","","8146433050","8146433131","Robert Poole","CEO","Mal","39900000","70","508523","Abrasives (W","5","0","1"
"140886","Wolfington Body Co","r.wolfington@wolfington.com","PO Box 218","6104580293","6104588501","415101","Buses-School Transportation Service","NULL"," Email <---> Revenue ","460484","Wolfington Body Co","30 N Pottstown Pike","Exton","PA","19341","Chester","www.wolfington.com","6104588501","6104580293","R Wolfington","President","","34400000","85","415101","Buses-School","5","0","1"
"246567","Atlantic Envelope","randy.zook@atlanticenvelope.com","303 Eagleview Blvd","6105948172","6105944313","4214","Moving & storage companies","NULL"," Email <---> Revenue ","33231","Atlantic Envelope","303 Eagleview Blvd","Exton","PA","19341","Chester","www.atlanticenvelope.com","6105946363","6105948172","","","","36800000","200","267701","Envelopes-Ma","5","0","1"
"236978","Airtek Inc","ray.arno@airtek.com","PO Box 466","7248647853","7248631350","508520","Hydraulic Equipment & Supplies (Whol)","NULL"," Email <---> Revenue ","14252","Airtek Inc","76 Clair St","North Huntingdon","PA","15642","Westmoreland","www.airtek-inc.com","7248631350","7248647853","Robert C Whisner","President","Mal","27930000","49","508520","Hydraulic Eq","5","0","1"
"26288","Quaker Maid Meats; Inc.","raymondl@quakermaidmeats.com","521 Carroll Street","6103761500","6103762678","5411","Food products","quakermaidmeats.com"," Email <---> Revenue ","342130","Quaker Maid Meats Inc","521 Carroll St","Reading","PA","19611","Berks","www.quakermaidmeats.com","6103761500","6103762678","Stanley Szortyka","Owner","Mal","30100000","101","201101","Meat Packers","5","0","1"
"270073","Galaxy Music Distributors","register@galaxymusic.com","2400 Josephine St # 2","4124811969","4124818600","509909","Records Tapes & Compact Discs-Wholesale","www.galaxymusic.com"," Email <---> Revenue ","165385","Galaxy Music Distributors","2400 Josephine St # 2","Pittsburgh","PA","15203","Allegheny","www.galaxymusic.com","4124818600","4124811969","Gene Jakiela","Owner","Mal","28320000","30","509909","Records Tape","5","1","1"
"283498","Tyler Pipe Co","rgeddie@tylerpipe.com","101 N Church St","9038822347","6109663491","349298","Fluid Power Valves/Hose Fittings (Mfrs)","www.tylerpipe.com"," Email <---> Revenue ","429613","Tyler Pipe Co","101 N Church St","Macungie","PA","18062","Lehigh","www.tylerpipe.com","6109663491","6109665909","Dave Yopconka","Plant Mgr","Mal","41760000","180","349298","Fluid Power ","5","0","1"
"1903","Monroe Systems For Business","Richard_Roberts@monroe-systems.com","47 Runway Dr # G","2675802645","2675802622","874213","Marketing Programs & Services","NULL"," Email <---> Revenue ","285697","Monroe Systems For Business","47 Runway Dr # G","Levittown","PA","19057","Bucks","www.monroe-systems.com","2675802622","2675802645","Richard Roberts","CEO","Mal","46750000","275","874213","Marketing Pr","5","0","1"
"236693","Integrity Building Systems","Richard_Rowe@integritybuild.com","2435 Housels Run Rd","NULL","5705470789","521156","Modular Homes-Dealers","NULL"," Email <---> Revenue ","205907","Integrity Building Systems","2435 Housels Run Rd","Milton","PA","17847","Northumberland","www.integritybuild.com","5705470789","","Richard Rowe","Owner","Mal","29670000","115","521156","Modular Home","5","0","1"
"281397","Vogele America","RichEnners@vogeleamerica.com","1445 Sheffler Dr","7172645047","7172643200","508427","Machinery-New (Wholesale)","NULL"," Email <---> Revenue ","444038","Vogele America","1445 Sheffler Dr","Chambersburg","PA","17201","Franklin","www.vogeleamerica.com","7172643200","7172645047","Rich Enners","President","Mal","32640000","60","508427","Machinery-Ne","5","0","1"
"239524","Extrude Hone Corp","rick.miller@extrudehone.com","1 Industry Blvd","7248638759","7248635900","354107","Machine Tools-Manufacturers","www.extrudehone.com"," Email <---> Revenue ","144706","Extrude Hone Corp","1 Industry Blvd","Irwin","PA","15642","Westmoreland","www.extrudehone.com","7248635900","7248638759","Lawrence J Rhoades","President","Mal","30000000","225","354107","Machine Tool","5","0","1"
"130980","National Business Advertising","Robert.Maleno@nbomagazine.com","2 New Rd # 100","6104593439","6104591889","519917","Advertising-Specialties (Wholesale)","NULL"," Email <---> Revenue ","294135","National Business Advertising","2 New Rd # 100","Aston","PA","19014","Delaware","","6104591889","6104593439","Robert Maleno","Owner","Mal","35900000","50","519917","Advertising-","5","0","1"
"92128","Home Nursing Agency","Robert.Packer@homenursingagency.com","201 Chestnut Avenue","8149411648","814686-0302","8082","Home Health Care Services","NULL"," Email <---> Revenue ","196451","Home Nursing Agency","201 Chestnut Ave","Altoona","PA","16601","Blair","www.homenursingagency.com","8149465411","8149411648","Robert Packer","CEO","Mal","39200000","800","808201","Home Health ","5","0","1"
"207010","Kurtz Brothers","Robert@kurtz-bros.com","400 Reed St","8147655332","8147656561","275998","Commercial Printing Nec","NULL"," Email <---> Revenue ","239167","Kurtz Brothers","400 Reed St","Clearfield","PA","16830","Clearfield","www.kurtzbros.com","8147656561","8147655332","Robert Kurtz","CEO","Mal","28600000","200","275998","Commercial P","5","0","1"
"43975","Eldredge Inc","roberteldredge@eldredgeco.com","898 Fernhill Rd","NULL","6104364749","291111","Oil Recovery-Enhanced","NULL"," Email <---> Revenue ","136526","Eldredge Inc","898 Fernhill Rd","West Chester","PA","19380","Chester","","6104364749","","Robert Eldredge","Owner","Mal","37644000","12","291111","Oil Recovery","5","0","1"
"236610","Penn Lyon Homes","Roger.Lyons@pennlyon.com","PO Box 27","5703746053","5703744004","245202","Buildings-Pre-Cut Prefab & Modlr-Mfrs","NULL"," Email <---> Revenue ","320961","Penn Lyon Homes","101 Airport Rd","Selinsgrove","PA","17870","Snyder","www.pennlyon.com","5703744004","5703746053","Roger Lyons","CEO","Mal","34200000","200","245202","Buildings-Pr","5","0","1"
"261520","Ronco Group","ronald@roncomachine.com","PO Box 175","5703783212","5703782090","871111","Engineers-Consulting","NULL"," Email <---> Revenue ","363463","Ronco Group","Rt 307","Lake Winola","PA","18625","Wyoming","www.roncomachine.com","5703782090","5703783212","Ronald Avery","Owner","Mal","31600000","200","871111","Engineers-Co","5","0","1"
"39429","Southern Die Casters","RonaldA@sodico.com","PO Box 178","7172354850","7172354804","336398","Aluminum Die Castings (Manufacturers)","NULL"," Email <---> Revenue ","390589","Southern Die Casters","883 E Tolna Rd","Shrewsbury","PA","17361","York","www.sodico.com","7172354804","7172354850","Ronald Ayras","Owner","Mal","35600000","200","336398","Aluminum Die","5","0","1"
"258524","Penn Veterinary Supply","rsexton@pennvet.com","53 Industrial Circle","7176564121","null","074201","Animal services","vetnational.com"," Email <---> Revenue ","321508","Penn Veterinary Supply Co","53 Industrial Cir","Lancaster","PA","17601","Lancaster","www.pennvet.com","7176564121","7176567249","Richard Sexton","Owner","Mal","34600000","100","508746","Veterinarian","5","0","1"
"153628","ALSTOM Power","RThomas@thermaloxidizer.com","1550 Lehigh Dr","6102501005","6102501000","508420","Heat Exchangers (Wholesale)","NULL"," Email <---> Revenue ","6732","ALSTOM Power","1550 Lehigh Dr","Easton","PA","18042","Northampton","www.alstomenergysystems.com","6102501000","6102501005","Thomas Richardson","President","Mal","30000000","100","508420","Heat Exchang","5","0","1"
"283464","Phoenix Data Inc","sales.service@phoenixdatainc.com","8813 State Route 405","5705476349","5705471665","511207","Business Forms & Systems (Wholesale)","www.phoenixdatainc.com"," Email <---> Revenue ","328071","Phoenix Data Inc","8813 State Route 405","Montgomery","PA","17752","Lycoming","www.phoenixdatainc.com","5705471665","5705476349","Larry Lovell","President","Mal","25650000","75","511207","Business For","5","0","1"
"162808","Menasha Display Group","Sarbello@trianglecontainer.com","601 E Erie Ave","2157390990","2154267110","265301","Corrugated & Solid Fiber Boxes (Mfrs)","NULL"," Email <---> Revenue ","276335","Menasha Display Group","601 E Erie Ave","Philadelphia","PA","19134","Philadelphia","www.trianglecontainer.com","2154267110","2157390990","Michael Sarbello","President","Mal","32040000","120","265301","Corrugated &","5","0","1"
"264802","OSI Collection Svc","sharon.czyzewski@osioutsourcing.com","311 New Rodgers Rd # D","NULL","2675721970","732201","Collection Agencies","NULL"," Email <---> Revenue ","305732","OSI Collection Svc","311 New Rodgers Rd # D","Levittown","PA","19056","Bucks","www.osioutsourcing.com","2675721970","","Michael Budic","CEO","Mal","44240000","560","732201","Collection A","5","0","1"
"57127","SEMTEK SYSTEMS INC.","shawn@semteksys.com","One Parks Bend","7248455470","7248455472","8999","Services NEC","KONTENDERPRODUCTS.COM^^SEMTEKSYSTEMS.COM"," Email <---> Revenue ","377347","Semtek Systems Inc","1129 Industrial Park Rd","Vandergrift","PA","15690","Westmoreland","www.semteksys.com","7248455470","7248455472","Raymond Pugliese","Owner","Mal","26320000","40","506335","Electronic-M","5","0","1"
"184412","Horwith Trucks","sheila.horwith@horwithfreightliner.com","PO Box 7","6102612916","6102612220","551105","Truck-Dealers","NULL"," Email <---> Revenue ","198730","Horwith Trucks","1449 Nor Bath Blvd","Northampton","PA","18067","Northampton","www.horwithfreightliner.com","6102612220","6102612916","Frank Horwith","Owner","Mal","32000000","100","551105","Truck-Dealer","5","2","1"
"197234","A-1 Specialized Svc & Supplies","SKhosla@a-1specialized.com","PO Box 270","2157889222","2157889200","362198","Motor & Generator-Manufacturers","NULL"," Email <---> Revenue ","5051","A-1 Specialized Svc & Supplies","2707 State Rd","Croydon","PA","19021","Bucks","","2157889200","2157889222","Surehs Khosla","President","Mal","40000000","60","362198","Motor & Gene","5","0","1"
"245314","Thor America Inc","smowery@thoramerica-rv.com","37 Old 522","5708375274","5708371663","379202","Trailers-Camping & Travel-Manufacturers","NULL"," Email <---> Revenue ","418745","Thor America Inc","37 Old 522","Middleburg","PA","17842","Snyder","www.thoramerica-rv.com","5708371663","5708375274","Michael W Stout","President","Mal","26000000","0","379202","Trailers-Cam","5","0","1"
"191274","Eddington Thread Mfg Co","sorin@edthread.com","PO Box 446","2156391420","2156398900","228402","Thread-Manufacturers","NULL"," Email <---> Revenue ","134490","Eddington Thread Mfg Co","3222 Knights Rd","Bensalem","PA","19020","Bucks","www.eddingtonthread.com","2156398900","2156391420","Irving A Tannenbaum","President","Mal","27600000","150","228402","Thread-Manuf","5","0","1"
"63961","GMA","SRandy@gmaind.com","2980 Avenue B","6106940776","6106949494","359998","Indstrl/Coml Machinery/Equip Nec (Mfrs)","NULL"," Email <---> Revenue ","164880","GMA","2980 Avenue B","Bethlehem","PA","18017","Northampton","www.gma.com","6106949494","6106940776","Randy Seidel","CEO","Mal","47355000","385","359998","Indstrl/Coml","5","0","1"
"32348","C & J Industries Inc","stephen.johnson@cjindustries.com","PO Box 499","8147244959","8147244950","354407","Tool & Die Makers","NULL"," Email <---> Revenue ","66158","C & J Industries Inc","760 Water St","Meadville","PA","16335","Crawford","www.cjindustries.com","8147244950","8147244959","Dennis Frampton","President","Mal","31995000","237","354407","Tool & Die M","5","0","1"
"275408","E Frank Hopkins Co","stephen.marmer@efrankhopkins.com","3427 S Lawrence St","2154689189","2154689190","514601","Seafood-Wholesale","NULL"," Email <---> Revenue ","129586","E Frank Hopkins Co","3427 S Lawrence St","Philadelphia","PA","19148","Philadelphia","www.efrankhopkins.com","2154689190","2154689189","Stephen Marmer","President","Mal","26600000","57","514601","Seafood-Whol","5","0","1"
"46370","Jones Dealerships","SteveJ@gojones.com","1335 Manheim Pike","7173942711","7173940711","551103","Automobile Dealers-Used Cars","NULL"," Email <---> Revenue ","223541","Jones Dealerships","1335 Manheim Pike","Lancaster","PA","17601","Lancaster","www.gojones.com","7173940711","7173942711","Steve Jones","Owner","Mal","45200000","180","551103","Automobile D","5","1","1"
"276475","Trevdan","suer@trevdan.com","1031 Pottstown Pike","6104580295","6104588500","521126","Building Materials","www.trevdan.com"," Email <---> Revenue ","425569","Trevdan","1031 Pottstown Pike","Chester Springs","PA","19425","Chester","www.trevdan.com","6104588500","6104580295","Larry Kanavy","Owner","Mal","25000000","50","521126","Building Mat","5","0","1"
"159836","Thorne Group","T.William@thethornegroup.com","325 E Pittsburgh St","7248326842","7248323549","874104","Construction Management","NULL"," Email <---> Revenue ","418796","Thorne Group","325 E Pittsburgh St","Greensburg","PA","15601","Westmoreland","","7248323549","7248326842","William Thorne","Owner","Mal","25200000","200","874104","Construction","5","0","1"
"126100","Chemalloy Co","tdemos@chemalloy.com","PO Box 350","6105273878","6105273700","289905","Chemicals-Manufacturers","NULL"," Email <---> Revenue ","81613","Chemalloy Co","996 E Railroad Ave","Bryn Mawr","PA","19010","Montgomery","www.chemalloy.com","6105273700","6105273878","Anthony Demos","Owner","Mal","25620000","70","289905","Chemicals-Ma","5","0","1"
"147572","SECO/Warwick Corp","tholland@secowarwick.com","PO Box 908","8147241407","8143328400","356702","Furnaces-Industrial (Manufacturers)","NULL"," Email <---> Revenue ","368469","SECO/Warwick Corp","180 Mercer St","Meadville","PA","16335","Crawford","www.secowarwick.com","8143328400","8147241407","Paul Huber","CEO","Mal","42600000","200","356702","Furnaces-Ind","5","0","1"
"136416","National Ammonia Co","tluther@tannerind.com","735 Davisville Rd","2153227725","2153221238","516916","Chemicals (Wholesale)","NULL"," Email <---> Revenue ","294005","National Ammonia Co","735 Davisville Rd","Southampton","PA","18966","Bucks","","2153221238","2153227725","Stephen Tanner","President","Mal","45045000","45","516916","Chemicals (W","5","0","1"
"173101","Thompson Mahogany Co","tmahagany@thomahog.com","7400 Edmund St","2153381060","2156241866","509905","Importers","NULL"," Email <---> Revenue ","418654","Thompson Mahogany Co","7400 Edmund St","Philadelphia","PA","19136","Philadelphia","www.thompsonmahogany.com","2156241866","2153381060","Thompson Mahagany","Owner","Mal","47200000","50","509905","Importers","5","0","1"
"173915","Tom Clark Ford","TomClark@tomclarkford.com","1080 E Pittsburgh St","7248364905","7248346820","754908","Automobile Inspection Stations-New/Used","NULL"," Email <---> Revenue ","421380","Tom Clark Ford","1080 E Pittsburgh St","Greensburg","PA","15601","Westmoreland","www.tomclarkford.com","7248346820","7248364905","Tom Clark","Owner","Mal","33000000","70","754908","Automobile I","5","0","1"
"31311","Tygart Steel Co","tygart@glossernet.com","1 Douglas Dr","4127542090","4127514700","505106","Steel-Distributors & Warehouses","www.tygartsteel.com"," Email <---> Revenue ","429574","Tygart Steel Co","1 Douglas Dr","Elizabeth","PA","15037","Allegheny","www.tygartsteel.com","4127514700","4127542090","Bob Zewe","Plant Mgr","Mal","31410000","30","505106","Steel-Distri","5","0","1"
"80282","National Rehabilitation Equip","T_W@nationalrehab.com","540 Lindbergh Dr","4124720311","4125070077","504704","Physicians & Surgeons Equip & Supls-Whol","NULL"," Email <---> Revenue ","294880","National Rehabilitation Equip","540 Lindbergh Dr","Coraopolis","PA","15108","Allegheny","www.nationalrehab.com","4125070077","4124720311","Tim Wiebe","Owner","Mal","29900000","50","504704","Physicians &","5","0","1"
"278310","C-P Flexible Packaging","VaudoTony@cpconverters.com","15 Grumbacher Rd","7177642039","7177641193","267101","Packaging Materials-Manufacturers","NULL"," Email <---> Revenue ","67555","C-P Flexible Packaging","15 Grumbacher Rd","York","PA","17402","York","www.cpconverters.com","7177641193","7177642039","Tony Vaudo","President","Mal","31200000","160","267101","Packaging Ma","5","0","1"
"113469","Trion Industries Inc","vicki.herman@trionind.com","297 Laird St","5708234080","5708241000","254209","Display Fixtures & Materials-Mfrs","NULL"," Email <---> Revenue ","427146","Trion Industries Inc","297 Laird St","Wilkes Barre","PA","18702","Luzerne","www.trionind.com","5708241000","5708234080","John S Thalenfeld","President","Mal","26200000","375","254209","Display Fixt","5","0","1"
"253461","Williamsport Wire Rope","Virgil-Probasco@rope.com","100 Maynard St","5703274274","5703265146","335702","Cable (Manufacturers)","NULL"," Email <---> Revenue ","458313","Williamsport Wire Rope","100 Maynard St","Williamsport","PA","17701","Lycoming","www.rope.com","5703265146","5703274274","Virgil Probasco","President","Mal","40000000","340","335702","Cable (Manuf","5","0","1"
"89001","J C Snavely & Sons Inc","vsalansky@jcsnavely.com","150 Main St","7178985208","7178982241","245202","Buildings-Pre-Cut Prefab & Modlr-Mfrs","NULL"," Email <---> Revenue ","209919","J C Snavely & Sons Inc","150 Main St","Landisville","PA","17538","Lancaster","www.jcsnavely.com","7178982241","7178985208","Charles Fessler","President","Mal","42750000","250","245202","Buildings-Pr","5","0","1"
"146508","Nova Tube &Steel","WardW@novamerican.com","600 Dean Sievers Pl","2152958798","2152958813","505106","Steel-Distributors & Warehouses","NULL"," Email <---> Revenue ","304595","Nova Tube &Steel","600 Dean Sievers Pl","Morrisville","PA","19067","Bucks","www.novamerican.com","2152958813","2152958798","William Ward","President","Mal","41880000","40","505106","Steel-Distri","5","0","1"
"81244","Preferred Warranties","WayneHerring@preferredautoshield.com","PO Box 278","NULL","5703661146","639902","Automobile Warranty Processing Service","NULL"," Email <---> Revenue ","336596","Preferred Warranties","Route 61 N","Orwigsburg","PA","17961","Schuylkill","www.preferredautoshield.com","5703661146","","Wayne Herring","Owner","Mal","25165000","35","639902","Automobile W","5","0","1"
"204519","Johnstown Corp","william.power@johnstowncorp.com","545 Central Ave","8145360868","8145359000","332502","Foundries-Steel","NULL"," Email <---> Revenue ","223192","Johnstown Corp","545 Central Ave","Johnstown","PA","15902","Cambria","","8145359000","8145360868","Larry Ward","President","Mal","39000000","110","332502","Foundries-St","5","0","1"
"93099","West Penn Auction Sales","wpas@wpas.com","Coal Ln","7245232306","7245239323","501204","Automobile Auctions (Wholesale)","www.wpas.com"," Email <---> Revenue ","453228","West Penn Auction Sales","Coal Ln","Adamsburg","PA","15611","Westmoreland","www.wpas.com","7245239323","7245232306","James Peters","Owner","Mal","37000000","10","501204","Automobile A","5","1","1"
"112103","Comtronics","WS@comtronics.com","121 Friends Ln # 500","2158602003","2158601300","517202","Service Station Equipment (Wholesale)","NULL"," Email <---> Revenue ","96197","Comtronics","121 Friends Ln # 500","Newtown","PA","18940","Bucks","","2158601300","2158602003","William Stewart","President","Mal","30186000","9","517202","Service Stat","5","0","1"
"284822","State Metal Ind Co","ydorfman@statemetalindustries.com","941 S 2nd St","2159221510","2159221510","509312","Recycling Centers (Wholesale)","www.statemetalindustries.com"," Email <---> Revenue ","400002","State Metal Ind Co","941 S 2nd St","Philadelphia","PA","19147","Philadelphia","www.statemetalindustries.com","2159221510","2159221510","Richard Kuhl","Owner","Mal","43900000","100","509312","Recycling Ce","5","0","1"
