mail id,company,email,address,phone,fax,sic,sic description,web,,revenue id,company,address,city,state,zip,	metro,web,phone,fax,contact,position,gender,sales,# of employee,sic,sic_descrpiton,	,,
"35969","Allen Organ Company","wsloyer@allenorgan.com","150 Locust St PO Box 36","6109662200","6109653098","7359","Audio-Visual equipment","AIAAOC.COM^^ALLEN-ORGAN.BIZ^^ALLEN-ORGAN.INFO^^ALLENAUDIO.COM^^ALLENORGAN.BIZ^^ALLENORGAN.COM^^ALLEN"," Email <---> Revenue ","18291","Allen Organ Co","150 Locust St","Macungie","PA","18062","Lehigh","www.allenorgan.com","6109662200","6109653098","Steven A Markowitz","CEO","Mal","60788000","450","504506","Data Communi","6","0","1"
"245874","West Teleservices","westmarketing@west.com","2323 W 38th St","2109917863","8148362400","738912","Telemarketing Services","www.west.com"," Email <---> Revenue ","453606","West Teleservices","2323 W 38th St","Erie","PA","16506","Erie","www.west.com","8148362400","8148362416","Lois Maranchick","Executive Director","Fem","79900000","850","738912","Telemarketin","6","0","1"
"257730","CDC Food Brokerage Co","wernerm227@cdcfood.com","3930 Commerce Ave # B","2157849154","2157849110","514102","Food Brokers","www.cdcfood.com"," Email <---> Revenue ","67773","CDC Food Brokerage Co","3930 Commerce Ave # B","Willow Grove","PA","19090","Montgomery","www.cdcfood.com","2157849110","2157849154","Charlie Carroll Sr","Owner","Mal","56850000","50","514102","Food Brokers","6","0","1"
"225830","Truckcraft Corp","wendyl@mail.truckutilities.com","5751 Molly Pitcher Hwy","7173752975","7173752900","501213","Truck Bodies & Equipment (Wholesale)","NULL"," Email <---> Revenue ","427788","Truckcraft Corp","5751 Molly Pitcher Hwy","Chambersburg","PA","17201","Franklin","www.truckcraft.com","7173752900","7173752975","Gary Shoup","Owner","Mal","62900000","17","501213","Truck Bodies","6","0","1"
"283537","WTA Television","webstaff@thepittsburghchannel.com","400 Ardmore Blvd","4127310996","4127310996","483301","Television Stations & Broadcasting CO","www.thepittsburghchannel.com"," Email <---> Revenue ","445673","WTA Television","400 Ardmore Blvd","Wilkinsburg","PA","15221","Allegheny","www.thepittsburghchannel.com","4127310996","","Rick Henry","President","Mal","56880000","180","483301","Television S","6","0","1"
"51783","Aurora Foods Inc","weberm@pinnaclefoodscorp.com","2200 E 38th St","8107243054","8148981500","209298","Prepared Fish & Seafood Products (Mfr)","www.pinnaclefoodscorp.com"," Email <---> Revenue ","34254","Aurora Foods Inc","2200 E 38th St","Erie","PA","16510","Erie","www.aurorafoods.com","8148981500","8148984186","Mike Kaldorf","Manager","Mal","81550000","350","209298","Prepared Fis","6","0","1"
"247543","OMNOVA Solutions Inc","wallcovering@omnova.com","95 Hickory Dr","7062781800","5703661051","308198","Unsupported Plastics-Film/Sheet (Mfrs)","www.omnova.com"," Email <---> Revenue ","305702","OMNOVA Solutions Inc","95 Hickory Dr","Auburn","PA","17922","Schuylkill","www.omnova.com","5703661051","5703664050","Susan Cockrell","Plant Mgr","Fem","66200000","200","308198","Unsupported ","6","0","1"
"252570","Herman Goldner Co Inc","under@2world.com","7777 Brewster Ave","2154926274","2153655400","171117","Air Conditioning Contractors & Systems","www.goldner.com"," Email <---> Revenue ","191650","Herman Goldner Co Inc","7777 Brewster Ave","Philadelphia","PA","19153","Philadelphia","www.goldner.com","2153655400","2154926274","Gerard C Goldner","CEO","Mal","81700000","250","171117","Air Conditio","6","0","1"
"207156","Axon Group","techsup@lrp.com","747 Dresher Rd # 500","2157849645","2157840912","274105","Publishers","www.lrp.com"," Email <---> Revenue ","35781","Axon Group","747 Dresher Rd # 500","Horsham","PA","19044","Montgomery","www.lrp.com","2157840912","2157849645","","","","95900000","350","274105","Publishers","6","0","1"
"224708","Henry Co","techservices@henry.com","336 Cold Stream Rd","8033665255","6109338888","295298","Asphalt Felts & Coatings (Mfrs)","www.henry.com"," Email <---> Revenue ","190765","Henry Co","336 Cold Stream Rd","Kimberton","PA","19442","Chester","www.henry.com","6109338888","6109334598","Steve Gast","Manager","Mal","51100000","350","295298","Asphalt Felt","6","0","1"
"35207","PPG Industries Inc","sternberger@ppg.com","Route 220 Works 27","7044340792","8146842300","323198","Glass Prod Made-Purchased Glass (Mfrs)","www.ppg.com"," Email <---> Revenue ","312890","PPG Industries Inc","Route 220 Works 27","Tipton","PA","16684","Blair","www.ppg.com","8146842300","8146847002","Terry Anderson","Plant Mgr","Mal","72800000","350","323198","Glass Prod M","6","0","1"
"270948","Erie Strayer Co","software@eriestrayer.com","1851 Rudolph Ave","8144523422","8144567001","508221","Concrete Equipment & Supplies (Whol)","www.eriestrayer.com"," Email <---> Revenue ","141799","Erie Strayer Co","1851 Rudolph Ave","Erie","PA","16502","Erie","www.eriestrayer.com","8144567001","8144523422","Robert Strayer","President","Mal","93240000","140","508221","Concrete Equ","6","0","1"
"193861","Pepsi-Cola Co","shareholder.relations@pepsi.com","920 S Bolmar St","6268143079","6104297000","514937","Beverages (Wholesale)","www.pbg.com"," Email <---> Revenue ","323791","Pepsi-Cola Co","920 S Bolmar St","West Chester","PA","19382","Chester","www.pbg.com","6104297000","6104297030","Jack Crilley","Manager","Mal","84400000","100","514937","Beverages (W","6","0","1"
"261529","Nemacolin Woodlands Resort-Spa","security@nemacolin.com","1001 Lafayette Dr","7243296643","7243298555","701111","Resorts","www.nemacolin.com"," Email <---> Revenue ","296493","Nemacolin Woodlands Resort-Spa","1001 Lafayette Dr","Farmington","PA","15437","Fayette","www.nemacolin.com","7243298555","7243296643","Maggie Hardy Magerko","President","Fem","60000000","800","701111","Resorts","6","1","1"
"275355","Seven Springs Mountain Resort","rshaffer@7springs.com","777 Water Wheel Dr","8143527911","8143527782","701111","Resorts","www.7springs.com"," Email <---> Revenue ","378523","Seven Springs Mountain Resort","777 Water Wheel Dr","Champion","PA","15622","Westmoreland","www.7springs.com","8143527782","8143527911","Scott Bender","President","Mal","58800000","1300","701111","Resorts","6","1","1"
"124196","Hunter Truck Sales","rhennig@huntertrucksales.com","519 Pitsburg Road  NA","7245867744","17245862151","421304","Trucking","HUNTERPETERBILT.COM;HUNTERTRUCKCENTER.COM"," Email <---> Revenue ","200953","Hunter's Truck Sales Inc","519 Pittsburgh Rd","Butler","PA","16002","Butler","www.hunterstrucksales.com","7245867744","7245862151","George Gracan","Manager","Mal","97050000","150","551105","Truck-Dealer","6","2","1"
"250042","D C Guelich Explosive Co","realbitter@iqnetsys.net","RD#3 Box 125A","8143397701","8143397703","173101","Electric Contractors","DCGUELICH.COM;ELECTRICAVEN.COM"," Email <---> Revenue ","108483","D C Guelich Explosive Co","1442 18 Hollow Rd","Clearfield","PA","16830","Clearfield","","8147651558","8147652962","Duwayne Guelich","Owner","Mal","50050000","50","516903","Explosives (","6","0","1"
"215057","Surgical Specialties","PeteMolinaro@Surgspec.Com","100 Dennis Dr","6104048516","6104041000","384104","Physicians & Surgeons Equip & Supls-Mfrs","NULL"," Email <---> Revenue ","409031","Surgical Specialties","100 Dennis Dr","Reading","PA","19606","Berks","www.surgicalspecialties.com","6104041000","6104048516","Pete Molinaro","President","Mal","71680000","320","384104","Physicians &","6","0","1"
"110906","U P M C Health Plan","P.Liebman@upmc.com","112 Washington Pl","4124547720","4124341200","809907","Health Services","NULL"," Email <---> Revenue ","429810","U P M C Health Plan","112 Washington Pl","Pittsburgh","PA","15219","Allegheny","www.upmc.com","4124341200","4124547720","Patricia Liebman","CEO","Fem","72800000","650","809907","Health Servi","6","2","1"
"220987","Donsco Inc","nherr@donsco.com","124 N Front St","7172524530","7172521561","332102","Foundries-Gray Iron","www.donsco.com"," Email <---> Revenue ","125044","Donsco Inc","124 N Front St","Wrightsville","PA","17368","York","www.donsco.com","7172521561","7172524530","Chris Buck","Plant Mgr","Mal","55800000","300","332102","Foundries-Gr","6","0","1"
"3502","Mc Aneny Brothers","MT@mcaneny.biz","470 Industrial Park Rd","8144729828","8144729800","514105","Grocers-Wholesale","NULL"," Email <---> Revenue ","271708","Mc Aneny Brothers","470 Industrial Park Rd","Ebensburg","PA","15931","Cambria","www.mcaneny.biz","8144729800","8144729828","Tom Mc Aneny","Owner","Mal","90960000","80","514105","Grocers-Whol","6","0","1"
"145729","Rumsey Electric","mkonizer@rumsey.com","15 Colwell Ln","6109418181","6108329000","506330","Electric Equipment & Supplies-Wholesale","www.rumsey.com"," Email <---> Revenue ","366217","Rumsey Electric","15 Colwell Ln","Conshohocken","PA","19428","Montgomery","www.rumsey.com","6108329000","6109418181","Jerry Lihota","CEO","Mal","91100000","100","506330","Electric Equ","6","0","1"
"280070","Ottens Flavors","mk.ottens@ottens.com","7800 Holstein Ave","2153657801","2153657800","208701","Flavoring Extracts-Manufacturers","www.ottensflavors.com"," Email <---> Revenue ","310445","Ottens Flavors","7800 Holstein Ave","Philadelphia","PA","19153","Philadelphia","www.ottensflavors.com","2153657800","2153657801","George C Robinson Iii","President","Mal","69000000","75","208701","Flavoring Ex","6","0","1"
"261373","Philadelphia Stock Exchange","meyer.frucher@phlx.com","NULL","2154961196","215-496-5000","623102","Stock Exchanges","NULL"," Email <---> Revenue ","327298","Philadelphia Stock Exchange","1900 Market St","Philadelphia","PA","19103","Philadelphia","www.phlx.com","2154965000","2154966729","Meyer S Frucher","CEO","Mal","52800000","320","623102","Stock Exchan","6","1","1"
"251845","Walter A Dwyer Inc","mdwyer@dwyer.com","152 S Main St","7037714066","2156466700","517206","Oils-Fuel (Wholesale)","www.dwyer.com"," Email <---> Revenue ","447421","Walter A Dwyer Inc","152 S Main St","Ambler","PA","19002","Montgomery","www.dwyer.com","2156466700","2156463910","John Dwyer","Owner","Mal","53664000","16","517206","Oils-Fuel (W","6","0","1"
"285331","Clark Food Svc Equipment","mdunnigan@therestaurantstore.com","2209 Old Philadelphia Pike","7173928133","7173927550","504604","Restaurant Equipment & Supplies (Whol)","www.therestaurantstore.com"," Email <---> Revenue ","88846","Clark Food Svc Equipment","2209 Old Philadelphia Pike","Lancaster","PA","17602","Lancaster","www.therestaurantstore.com","7173927550","7173928133","Fred E Clark","Owner","Mal","51740000","130","504604","Restaurant E","6","0","1"
"281510","Proform Powdered Metals Inc","marmanini@proformpowderedmetals.com","700 Martha St","8149387474","8149387411","508499","Misc Indstrl Equip & Supls Nec (Whol)","www.proformpowderedmetals.com"," Email <---> Revenue ","339723","Proform Powdered Metals Inc","700 Martha St","Punxsutawney","PA","15767","Jefferson","www.proformpowderedmetals.com","8149387411","8149387474","Jerry Dueffell","President","Mal","54400000","100","508499","Misc Indstrl","6","0","1"
"63851","Simkar Corp","lreynolds@simkar.com","700 Ramona Ave","2158317703","2158317700","364504","Lighting Fixtures-Manufacturers","NULL"," Email <---> Revenue ","384534","Simkar Corp","700 Ramona Ave","Philadelphia","PA","19120","Philadelphia","www.simkar.com","2158317700","2158317703","Bill Eagle","CEO","Mal","86500000","500","364504","Lighting Fix","6","0","1"
"61319","Conewago Building Systems","lreed@conewago.com","576 Edgegrove Rd","7176328665","7176376390","344106","Steel-Structural (Manufacturers)","NULL"," Email <---> Revenue ","96760","Conewago Building Systems","576 Edgegrove Rd","Hanover","PA","17331","York","www.conewago.com","7176376390","7176328665","Donald Smith Jr","Owner","Mal","71175000","325","344106","Steel-Struct","6","0","1"
"273929","Jet Plastica Industries","ljelinski@jetplastica.com","1100 Schwab Rd","2153625018","2153621501","308902","Plastics & Plastic Products (Mfrs)","www.jetplastica.com"," Email <---> Revenue ","218234","Jet Plastica Industries","1100 Schwab Rd","Hatfield","PA","19440","Montgomery","www.jetplastica.com","2153621501","2153625018","S James Spierer","President","Mal","50000000","600","308902","Plastics & P","6","0","1"
"207225","Ellwood Quality Steels Co","lforce@elwd.com","700 Moravia St","7246586511","7246586502","331201","Steel Mills","NULL"," Email <---> Revenue ","138147","Ellwood Quality Steels Co","700 Moravia St","New Castle","PA","16101","Lawrence","www.ellwoodqualitysteels.com","7246586502","7246586511","Robert Rumcik","President","Mal","91440000","180","331201","Steel Mills","6","0","1"
"268948","Lord Corp","ldyri@lord.com","601 South St","8143982193","8147632345","285104","Manufacturers-Coatings","www.lord.com"," Email <---> Revenue ","256155","Lord Corp","601 South St","Saegertown","PA","16433","Crawford","www.lord.com","8147632345","8147634318","Tim Gland","Plant Mgr","Mal","94600000","200","285104","Manufacturer","6","0","1"
"265631","Hershey Chocolate","L_Richard@hersheys.com","14 E Chocolate Ave","7175346324","7175344200","206401","Candy & Confectionery-Manufacturers","NULL"," Email <---> Revenue ","191919","Hershey Chocolate","1025 Reese Ave","Hershey","PA","17033","Dauphin","","7175345000","7175345078","Dan Azzara","VP","Mal","77000000","250","206401","Candy & Conf","6","0","1"
"86359","Lift Inc","ksears@liftincorporated.com","2969 Old Tree Dr","7172951837","7172951800","508426","Material Handling Equipment (Wholesale)","NULL"," Email <---> Revenue ","251511","Lift Inc","2969 Old Tree Dr","Lancaster","PA","17603","Lancaster","www.liftincorporated.com","7172951800","7172951837","Michael Scornavacchi","CEO","Mal","65280000","120","508426","Material Han","6","0","1"
"224797","Jostens Printing & Publishing","kevin.karaba@jostens.com","401 Science Park Rd","5596513301","8142375771","275202","Printers","www.jostens.com"," Email <---> Revenue ","224934","Jostens Printing & Publishing","401 Science Park Rd","State College","PA","16803","Centre","www.jostens.com","8142375771","8148613661","Gerald Hanscom","President","Mal","76000000","500","275202","Printers","6","0","1"
"241582","Appliance Parts Distributors","Ken@apd1.com","400 Bristol Pike","2157855138","2157856282","506401","Appliances-Household-Major-Supls (Whol)","NULL"," Email <---> Revenue ","28545","Appliance Parts Distributors","400 Bristol Pike","Croydon","PA","19021","Bucks","","2157856282","2157855138","Ken Bieber","Owner","Mal","56000000","40","506401","Appliances-H","6","0","1"
"160879","Electron Energy Corp","Kelly.McLaughlin@Electronenergy.Com","924 Links Ave","7178980660","7178982294","509916","Magnets & Magnetic Devices (Wholesale)","NULL"," Email <---> Revenue ","136780","Electron Energy Corp","924 Links Ave","Landisville","PA","17538","Lancaster","www.electronenergy.com","7178982294","7178980660","Michael Walmer","President","Mal","75520000","80","509916","Magnets & Ma","6","0","1"
"116469","Button Oil Co Inc","kbutton@buttonoil.com","PO Box 8","5704745256","5704746635","517206","Oils-Fuel (Wholesale)","NULL"," Email <---> Revenue ","65523","Button Oil Co Inc","116 S Main Rd","Mountain Top","PA","18707","Luzerne","","5704746635","5704745256","Kathleen Button","Owner","Fem","50310000","15","517206","Oils-Fuel (W","6","0","1"
"246193","Carson Industries Inc","kbricker@carsonindustries.com","189 Foreman Rd","7242954033","7242955147","519910","Giftwares-Wholesale","NULL"," Email <---> Revenue ","74818","Carson Industries Inc","189 Foreman Rd","Freeport","PA","16229","Armstrong","www.carsonhomeaccents.com","7242955147","7242954033","Harry G Carson","President","Mal","71800000","100","519910","Giftwares-Wh","6","0","1"
"262195","North American Enclosures Inc","katherine.pulcrano@naeframes.com","7437 Industrial Blvd","6103958051","6103954007","502317","Picture Frames-Wholesale","www.naeframes.com"," Email <---> Revenue ","301734","North American Enclosures Inc","7437 Industrial Blvd","Allentown","PA","18106","Lehigh","www.naeframes.com","6103954007","6103958051","Norman Grasstein","President","Fem","66283000","119","502317","Picture Fram","6","0","1"
"43273","Teppco","kasauve@teppco.com","7755 Route 136","7248378963","7248376030","517208","Gas-Liquefied Petro-Bttld/Bulk (Whol)","www.teppco.com"," Email <---> Revenue ","416090","Teppco","7755 Route 136","Greensburg","PA","15601","Westmoreland","www.teppco.com","7248376030","7248378963","Steve Fenner","Manager","Mal","67080000","20","517208","Gas-Liquefie","6","0","1"
"257303","Micro-Coax","K.Chris@micro-coax.com","206 Jones Blvd","6104956656","6104950110","335702","Cable (Manufacturers)","NULL"," Email <---> Revenue ","279803","Micro-Coax","206 Jones Blvd","Pottstown","PA","19464","Montgomery","www.micro-coax.com","6104950110","6104956656","Chris Kneizys","President","Mal","57120000","160","335702","Cable (Manuf","6","0","1"
"118122","Michels Bakery","John@michelsbakery.com","5698 Rising Sun Ave","2157451058","2157423900","514902","Bakers-Wholesale","NULL"," Email <---> Revenue ","279650","Michels Bakery","5698 Rising Sun Ave","Philadelphia","PA","19120","Philadelphia","","2157423900","2157451058","John Liss","President","Mal","84400000","100","514902","Bakers-Whole","6","0","1"
"236384","Honor Foods;","joe.windfelder@honorfoods.com","1801 N. 5th Street","2152361700","2152352020","5411","Food products","FCVENDDIST.COM^^HONORFOODS.COM"," Email <---> Revenue ","197329","Honor Foods Inc","1801 N 5th St","Philadelphia","PA","19122","Philadelphia","","2152361700","2152352020","","","","50000000","60","514101","Food Product","6","0","1"
"117835","Techni-Tool Inc","joannes@techni-tool.com","PO Box 1117","6108285623","6108254990","384104","Physicians & Surgeons Equip & Supls-Mfrs","NULL"," Email <---> Revenue ","414952","Techni-Tool Inc","1547 N Trooper Rd","Worcester","PA","19490","Montgomery","www.techni-tool.com","6108254990","6108285623","Paul Weiss","President","Mal","56000000","250","384104","Physicians &","6","0","1"
"256973","Clement Communications Inc","jbuhler@clement.com","PO Box 36","6104594582","6104594200","274105","Publishers","NULL"," Email <---> Revenue ","90210","Clement Communications Inc","10 Lacrue Ave","Concordville","PA","19331","Delaware","www.cciclientlink.com","6104594200","6104594582","George Y Clement Ii","CEO","Mal","68500000","250","274105","Publishers","6","0","1"
"259424","Pyramid Industries Inc","james.erbacher@lamson-sessions.com","1422 Irwin Dr","4179267737","8144557587","308902","Plastics & Plastic Products (Mfrs)","www.lamson-sessions.com"," Email <---> Revenue ","341843","Pyramid Industries Inc","1422 Irwin Dr","Erie","PA","16505","Erie","www.lamson-sessions.com","8144557587","8144598094","Robert Humphreys","Plant Mgr","Mal","50000000","150","308902","Plastics & P","6","0","1"
"32542","Penn Detroit Diesel-Allison","J.Tiffan@penndda.com","8330 State Rd","2153352760","2153350500","508414","Engines-Diesel (Wholesale)","NULL"," Email <---> Revenue ","320669","Penn Detroit Diesel-Allison","8330 State Rd","Philadelphia","PA","19136","Philadelphia","www.penndda.com","2153350500","2153352760","Jerry Tiffan","President","Mal","54400000","100","508414","Engines-Dies","6","0","1"
"194618","Risser Grain","inquiries@rissergrain.com","1196 Holtwood Rd","7172842465","7172844628","515301","Grain-Dealers (Wholesale)","www.rissergrain.com"," Email <---> Revenue ","357590","Risser Grain","1196 Holtwood Rd","Holtwood","PA","17532","Lancaster","www.rissergrain.com","7172844628","7172842465","Mark C Risser","Owner","Mal","50094000","18","515301","Grain-Dealer","6","0","1"
"218678","KWIK Goal LTD","infokg@uclipm.com","140 Pacific Dr","2155364309","2155362200","394923","Sporting Goods-Manufacturers","www.kwikgoal.com"," Email <---> Revenue ","228363","KWIK Goal LTD","140 Pacific Dr","Quakertown","PA","18951","Bucks","www.kwikgoal.com","2155362200","2155364309","Anthony Caruso","President","Mal","59400000","300","394923","Sporting & A","6","0","1"
"11037","Brentwood Savings Bank","hronline1@brentwoodbank.com","3635 Brownsville Rd","4128339426","4128847000","628201","Retirement Planning Services","www.brentwoodbank.com"," Email <---> Revenue ","58689","Brentwood Savings Bank","3635 Brownsville Rd","Pittsburgh","PA","15227","Allegheny","www.brentwoodbank.com","4128847000","4128847818","John Sloan","Manager","Mal","53720000","9","628201","Retirement P","6","0","1"
"246580","Cherrydale Farms","hlightstone@cherrydale.com","1035 Mill Rd","6103919261","610-366-1606","206601","Chocolate & Cocoa-Manufacturers","NULL"," Email <---> Revenue ","81861","Cherrydale Farms","1035 Mill Rd","Allentown","PA","18106","Lehigh","www.cherrydalefarms.com","6103661606","6103919284","Richard Toltzis","President","Mal","66300000","500","206601","Chocolate & ","6","0","1"
"187236","Powerex Inc","helpdesk@pwrx.com","200 E Hillis St","5169352630","7249257272","367401","Semiconductor Devices (Manufacturers)","www.pwrx.com"," Email <---> Revenue ","335767","Powerex Inc","200 E Hillis St","Youngwood","PA","15697","Westmoreland","www.pwrx.com","7249257272","7249254393","Stanley R Hunt","CEO","Mal","62000000","270","367401","Semiconducto","6","0","1"
"222875","Cintas First Aid & Safety","harrisj@cintas.com","45 Milton Dr # A","6104947001","6102372080","512201","First Aid Supplies-Wholesale","NULL"," Email <---> Revenue ","87141","Cintas First Aid & Safety","45 Milton Dr # A","Aston","PA","19014","Delaware","www.xpectfirstaid.com","6102372080","6104947001","Joe Harris","President","Mal","69650000","50","512201","First Aid Su","6","0","1"
"263403","Advantage ESM","ghagerty@asmpa.com","PO Box 390","2152939920","2152932000","514102","Food Brokers","NULL"," Email <---> Revenue ","12483","Advantage ESM","400 Horsham Rd # 100","Horsham","PA","19044","Montgomery","","2152932000","2152939920","Gary Hagerty","President","Mal","56850000","50","514102","Food Brokers","6","0","1"
"140909","Scranton Wilkes-Barre Auto","GaughanJoe@redbarons.com","11 S Keyser Ave","NULL","5705620600","501204","Automobile Auctions (Wholesale)","NULL"," Email <---> Revenue ","375712","Scranton Wilkes-Barre Auto","11 S Keyser Ave","Taylor","PA","18517","Lackawanna","www.redbarons.com","5705620600","","Joe Gaughan","Owner","Mal","81400000","22","501204","Automobile A","6","1","1"
"218269","Univar USA","ebusiness.messages@univarusa.com","328 Bunola River Rd","5742890823","4123845353","516916","Chemicals (Wholesale)","www.univarusa.com"," Email <---> Revenue ","435894","Univar USA","328 Bunola River Rd","Bunola","PA","15020","Allegheny","www.univarusa.com","4123845353","4123844050","Cliff Moll","Manager","Mal","70070000","70","516916","Chemicals (W","6","0","1"
"255796","Wood-Mode Inc","davidc@woodmode.com","1 2nd St","5703742700","5703742711","243401","Cabinets-Manufacturers","NULL"," Email <---> Revenue ","461008","Wood-Mode Inc","1 2nd St","Kreamer","PA","17833","Snyder","www.woodmode.com","5703742711","5703742700","R L Gronlund","CEO","Mal","80000000","1700","243401","Cabinets-Man","6","0","1"
"271714","Electro Mec Inc","davegrube@electro-mec.com","4470 Lucerne Rd","7244790531","7244799066","506333","Electric Motors-Dlrs/Repairing (Whol)","www.electro-mec.com"," Email <---> Revenue ","136696","Electro Mec Inc","4470 Lucerne Rd","Indiana","PA","15701","Indiana","www.electro-mec.com","7244799066","7244790531","John E Grube","President","Mal","75012000","114","506333","Electric Mot","6","0","1"
"265230","Arbor Material Handling; Inc","dalea@arbor-inc.com","2380 Maryland Rd","2156572700","2156575188","769976","Material Handling Service","ARBOR-INC.COM^^ARBORMATERIALHANDLING.COM"," Email <---> Revenue ","29172","Arbor Handling Svc Inc","2465 Maryland Rd","Willow Grove","PA","19090","Montgomery","www.arbor-inc.com","2156572700","2156575188","Dave Bennett","Owner","Mal","54400000","100","508426","Material Han","6","0","1"
"276078","DSC Logistics","customersolutions@dsclogistics.com","400 Nestle Way","8473907276","6105304700","422505","Warehouses-Merchandise & Self Storage","www.dsclogistics.com"," Email <---> Revenue ","109863","DSC Logistics","400 Nestle Way","Breinigsville","PA","18031","Lehigh","www.dsclogistics.com","6105304700","6105304753","Rick Dineen","Manager","Mal","50400000","400","422505","Warehouses-M","6","0","1"
"149435","Miller Information Systems","cschindler@millerinfosys.com","4088 Alpha Dr","4127815000","4127815000","504506","Data Communications Equip/Systems (Whol)","www.millerinfosys.com"," Email <---> Revenue ","282288","Miller Information Systems","4088 Alpha Dr","Allison Park","PA","15101","Allegheny","www.millerinfosys.com","4127815000","","Paul Curry Jr","Owner","Mal","53820000","60","504506","Data Communi","6","0","1"
"205886","Raytheon Co","corporatecontributions@raytheon.com","300 Science Park Rd","2486198416","8142384311","381201","Aerospace Industries","www.raytheon.com"," Email <---> Revenue ","349394","Raytheon Co","300 Science Park Rd","State College","PA","16803","Centre","www.raytheon.com","8142384311","8142347721","Harry Mayhue","Manager","Mal","90400000","400","381201","Aerospace In","6","0","1"
"75412","Osram Sylvania","communications@sylvania.com","1128 Roosevelt Ave","4043660232","7178488080","346904","Metal Stamping (Manufacturers)","www.sylvania.com"," Email <---> Revenue ","310297","Osram Sylvania","1128 Roosevelt Ave","York","PA","17404","York","www.sylvania.com","7178488080","7178458831","John Salerno","Plant Mgr","Mal","57090000","330","346904","Metal Stampi","6","0","1"
"279367","Seagate Technology","colleen.rodriguez@seagate.com","1251 Waterfront Pl","7149665573","4129187000","357298","Computer Storage Devices (Manufacturers)","www.seagate.com"," Email <---> Revenue ","375925","Seagate Technology","1251 Waterfront Pl","Pittsburgh","PA","15222","Allegheny","www.seagate.com","4129187000","4129187010","Mark Kryder","President","Mal","85600000","200","357298","Computer Sto","6","0","1"
"225471","Columbia Lighting Inc","clwebmaster@columbialighting.com","1119 Beaver St","5099217564","2157880811","364504","Lighting Fixtures-Manufacturers","www.columbialighting.com"," Email <---> Revenue ","93515","Columbia Lighting Inc","1119 Beaver St","Bristol","PA","19007","Bucks","www.columbialighting.com","2157880811","2157881326","Larry Schmidti","VP","Mal","86500000","500","364504","Lighting Fix","6","0","1"
"263326","C-K Composites Inc","ckcomposites@ckcomposites.com","5000 Bridgeport Street Ext","7245472890","7245477526","282101","Plastics-Raw Mtrls/Powder/Resin-Mfrs","www.ckcomposites.com"," Email <---> Revenue ","67549","C-K Composites Inc","5000 Bridgeport Street Ext","Mt Pleasant","PA","15666","Westmoreland","www.ckcomposites.com","7245477526","7245472890","Pat Kozbelt","Owner","Mal","57300000","60","282101","Plastics-Raw","6","0","1"
"208069","Estrn Exterior Wall St","CharlesMarcon@eews.com","3400 High Point Blvd","6108681920","6108683040","521126","Building Materials","NULL"," Email <---> Revenue ","142430","Estrn Exterior Wall St","3400 High Point Blvd","Bethlehem","PA","18017","Northampton","www.eews.com","6108683040","6108681920","Charles Marcon","President","Mal","51600000","200","521126","Building Mat","6","0","1"
"244726","Equipco","Carl@equipco.com","PO Box 338","NULL","4122212800","508426","Material Handling Equipment (Wholesale)","NULL"," Email <---> Revenue ","140987","Equipco","1889 Mayview Rd","Bridgeville","PA","15017","Allegheny","","4122212800","","Carl Swanson","Owner","Mal","81600000","150","508426","Material Han","6","0","1"
"221416","Mc Clymonds Supply & Transit","bwetzel@donmartintrucking.com","296 Currie Rd","7243689688","7243688040","521126","Building Materials","www.mcclymonds.com"," Email <---> Revenue ","272123","Mc Clymonds Supply & Transit","296 Currie Rd","Slippery Rock","PA","16057","Butler","www.mcclymonds.com","7243688040","7243689688","Mark Mc Clymonds","Owner","Mal","77400000","300","521126","Building Mat","6","0","1"
"231415","Copart Inc","buyer.license@copart.com","2000 River Rd","9158866113","7247580480","501204","Automobile Auctions (Wholesale)","www.copart.com"," Email <---> Revenue ","98900","Copart Inc","2000 River Rd","Ellwood City","PA","16117","Lawrence","www.copart.com","7247580480","7247581637","Rick Rabak","Manager","Mal","92500000","25","501204","Automobile A","6","1","1"
"132951","Kitchen Kettle Village","Burnley@kitchenkettle.com","PO Box 380","7177683614","7177683553","203301","Preserves, Jams & Jellies (Mfrs)","Jams & Jellies (Mfrs)"," Email <---> Revenue ","236038","Kitchen Kettle Village","Route 340","Intercourse","PA","17534","Lancaster","www.kitchenkettle.com","7177683553","7177683614","Michael Burnley","Owner","Mal","50550000","150","203301","Preserves, J","6","0","1"
"261409","Rexroth Corp","brus_mobilehydraulics@boschrexroth.com","2315 City Line Rd","6109548692","6106948300","731908","Distribution Services","www.boschrexroth-us.com"," Email <---> Revenue ","354464","Rexroth Corp","2315 City Line Rd","Bethlehem","PA","18017","Northampton","www.boschrexroth-us.com","6106948300","6109548692","Ken Hank","President","Mal","51500000","500","731908","Distribution","6","0","1"
"210764","Balanced Care Corp","Brad.Hollinger@stockselector.com","1215 Manor Dr","7177966150","7177966100","874242","Health Care Management","NULL"," Email <---> Revenue ","38935","Balanced Care Corp","1215 Manor Dr","Mechanicsburg","PA","17055","Cumberland","www.balancedcare.com","7177966100","7177966150","Jim Fields","CEO","Mal","56775000","2100","874242","Health Care ","6","0","1"
"8889","Colonial Metals Co","bob.shaffer@colonialmetalsco.com","PO Box 311","7176849555","7176842311","334198","Secondary Smelting & Refining-Nonferrous","NULL"," Email <---> Revenue ","93065","Colonial Metals Co","217 Linden St","Columbia","PA","17512","Lancaster","","7176842311","7176849555","Michael R Mann","CEO","Mal","58000000","150","334198","Secondary Sm","6","0","1"
"105279","Synertech","B-Kevin@gosynertech.com","2400 Thea Dr","7176512301","7177036000","809956","Health Services-Extended Care","NULL"," Email <---> Revenue ","411015","Synertech","2400 Thea Dr","Harrisburg","PA","17110","Dauphin","www.synertech.com","7177036000","7176512301","Kevin Brown","President","Mal","78500000","0","809956","Health Servi","6","2","1"
"268718","Quaker Valley Foods","ap@quakervalleyfoods.com","3101 S 3rd St","2155518200","2155518335","514704","Meat-Wholesale","www.quakervalleyfoods.com"," Email <---> Revenue ","342174","Quaker Valley Foods","3101 S 3rd St","Philadelphia","PA","19148","Philadelphia","www.quakervalleyfoods.com","2155518200","2155518335","Wayne Hudis","Owner","Mal","95700000","160","514704","Meat-Wholesa","6","0","1"
"241393","Brush Wellman Inc","alloy_tech_svc@brushwellman.com","Shoemakersville Rd","6308329657","6105622211","333903","Beryllium (Manufacturers)","www.brushwellman.com"," Email <---> Revenue ","61755","Brush Wellman Inc","Shoemakersville Rd","Shoemakersville","PA","19555","Berks","www.brushwellman.com","6105622211","6105626610","Porter Gregory","Plant Mgr","Mal","59540000","130","333903","Beryllium (M","6","0","1"
"139183","Grosfillex Contract Division","abourrie@grosfillex.com","608 Shalter Avenue","6106935835","null","571216","Furniture","GROSFILLEXFURNITURE.COM"," Email <---> Revenue ","179671","Grosfillex Inc","230 Old West Penn Ave","Robesonia","PA","19551","Berks","www.grosfillexusa.com","6106935835","6106936429","Carel Harmsen","President","Fem","50000000","150","259901","Furniture-Ma","6","0","1"
