"Aircraft Instrument & Radio","3169450445","1853 S Eisenhower Ct","Wichita","12600000","Martin Potash","Owner","Mal","3256","A","Aircraft Instrument & Radio","PotashM@airco-ict.com","1853 S Eisenhower Ct","Wichita","KS","67209","3169458014","3169450445","559908","Aircraft Equipment Parts & Supplies","NULL","0","0"
"Paper Place","6204310810","1100 S Katy Ave","Chanute","13248000","Jim Allen","Owner","Mal","4009","P","Paper Place","AJ@bestwallpaper.com","1100 S Katy Ave","Chanute","KS","66720","NULL","6204310810","511328","Paper Products-Retail","NULL","0","0"
"Elite Technology","9133428424","9040 Cody St","Overland Park","17280000","Eddy Kuo","Owner","Mal","4481","E","Elite Technology","Eddy-Kuo@etny.com","9040 Cody St","Overland Park","KS","66214","9133421805","9133428424","357101","Computers-Electronic-Manufacturers","NULL","0","0"
"Straub International","6207925256","Highway 56 & Airport Rd","Great Bend","22400000","Walter Straub","Owner","Mal","5083","S","Straub International","rstraub@kweb.net","214 SW 40th Ave","GREAT BEND","KS","67530","3167935076","null","738999","Business Services Nec","straubint.com","0","0"
"Southwest & Assoc","6204635631","100 N Reno Ave","Burrton","10950000","Kim Corcoran","Owner","Mal","5291","S","Southwest & Assoc","Corcoran@southwest-md.com","PO Box 547","Burrton","KS","67020","6204632089","6204635631","344106","Steel-Structural (Manufacturers)","NULL","0","0"
"Southwest Distributing Co","6202278168","1409 W Wyatt Earp Blvd","Dodge City","11850000","Francis Mc Elgunn","Owner","Mal","5780","S","Southwest Distributing Co","dan.mcbride@swdurethane.com","1409 W Wyatt Earp Blvd","Dodge City","KS","67801","6202277263","6202278168","518101","Beer & Ale-Wholesale","NULL","0","0"
"Yacht Club","7858568188","530 Wisconsin St","Lawrence","23652000","John Davis","Owner","Mal","7258","Y","Yacht Club","JohnDavis@yachtclub.com","530 Wisconsin St","Lawrence","KS","66044","7858568188","7858568188","154202","Restaurant Design & Planning Service","NULL","0","0"
"Kansas Paving","3168320828","4880 N Broadway St","Wichita","14100000","Larry Hacker","Owner","Mal","7973","K","Kansas Paving","larry@kansaspaving.com","4880 N Broadway St","Wichita","KS","67219","3168320900","3168320828","161101","Paving Contractors","www.kansaspaving.com","0","1"
"Vermeer Sales & Svc","9137823655","15505 S Highway 169","Olathe","12654000","Art Swank","Owner","Mal","8336","V","Vermeer Sales & Svc","ArtS@vermeer.com","15505 S Highway 169","Olathe","KS","66062","9138296709","9137823655","508206","Contractors-Equip/Supls-Dlrs/Svc (Whol)","NULL","0","0"
"John Schmidt & Sons Inc","3164452103","12903 E Silver Lake Rd","Mt Hope","10956000","Leroy Schmidt","Owner","Mal","8609","J","John Schmidt & Sons Inc","inquire@schmidtinc.com","12903 E Silver Lake Rd","Mt Hope","KS","67108","3164452195","3164452103","508310","Farm Equipment (Wholesale)","www.schmidtinc.com","0","0"
"BLIMPIE'S RESTAURANT","3166365956","3130 N ROCK RD","WICHITA","22000000","ROBERT KENDRICK","Owner","M","9579","K","Kelch Turf Farms/Landscaping","bucksbarbeque@bigfoot.com","3130 N Rock Road","Wichita","KS","67226","3166365956","3166365956","019101","FARMS","null","0","0"
"Tri-County Implement Inc","7856723272","3670 Us Highway 40","Oakley","10956000","Tom Havleiv","Manager","Mal","10233","T","Tri-County Implement Inc","gogreen@oakleyimplement.com","3670 Us Highway 40","Oakley","KS","67748","7856724402","7856723272","508310","Farm Equipment (Wholesale)","www.tricountyimplement.com","0","0"
"Bunge Grain","6203427270","701 E 6th Ave","Emporia","12450000","Kevin Collins","Plant Mgr","Mal","10465","B","Bunge Grain","bge.comm@bunge.com","701 E 6th Ave","Emporia","KS","66801","6623329317","6203427270","422101","Grain Elevators","www.bunge.com","0","0"
"United Ag Svc","7854837488","129 Clifford St","Gorham","15900000","John Lapka Jr","Manager","Mal","10519","U","United Ag Svc","unitedag@gorhamtel.com","129 Clifford St","Gorham","KS","67640","7854837488","7854837488","422101","Grain Elevators","www.unitedag.coop","0","0"
"Plastic Fab","3169419772","1650 S Mccomas St","Wichita","15000000","Randy Moore","President","Mal","11539","P","Plastic Fab","Moore@pfabks.com","1650 S Mccomas St","Wichita","KS","67213","3169420687","3169419772","372802","Aircraft Equipment Parts & Supls-Mfrs","NULL","0","0"
"Rand Graphics Inc","3169421218","500 S Florence St","Wichita","19760000","Ralph Vautravers","CEO","Mal","11601","R","Rand Graphics Inc","ralph.vautravers@randgraphics.com","500 S Florence St","Wichita","KS","67209","3169425573","3169421218","275202","Printers","NULL","0","0"
"Grandview Products","6203362309","200 N Galveston St","Cherryvale","10540000","Rod Fleming","Manager","Mal","11743","G","Grandview Products","dshields@grandviewcabinets.com","200 N Galveston St","Cherryvale","KS","67335","6203363292","6203362309","243102","Millwork (Manufacturers)","www.grandviewcabinets.com","0","0"
"Piping & Equipment Co","3168387511","3505 N Topeka St","Wichita","13800000","John Wadsworth","Owner","Mal","12013","P","Piping & Equipment Co","piping@pipingequ.com","3505 N Topeka St","Wichita","KS","67219","3168382014","3168387511","349898","Fabricated Pipe & Pipe Fittings (Mfrs)","www.pipingequ.com","0","0"
"Sunflower Group","9138900900","10561 Barkley St # 300","Shawnee Mission","19750000","Dennis Garberg","CEO","Mal","12117","S","Sunflower Group","GarbergD@sunflowergroup.com","10561 Barkley St # 300","Shawnee Mission","KS","66212","9133813536","9138900900","731101","Advertising-Agencies & Counselors","NULL","0","0"
"Trade Net Publishing","9138847300","1200 Energy Center Dr","Gardner","15200000","Tom Mertz","Owner","Mal","16295","T","Trade Net Publishing","Tom@tradenetpublishing.com","1200 Energy Center Dr","Gardner","KS","66030","9138847310","9138847300","275202","Printers","NULL","0","0"
"Electronic Controls Assembly","9137800035","886 N Jan Mar Ct","Olathe","20700000","Gary B Armstrong","President","Mal","17103","E","Electronic Controls Assembly","gary.armstrong@ecd.com","886 N Jan Mar Ct","Olathe","KS","66061","9137800037","913-780-0035","3643","Current-Carrying Wiring Devices","NULL","0","0"
"Stagepro","7858411306","720 E 9th St","Lawrence","12120000","James Waller","Owner","Mal","17401","S","Stagepro","Waller@avalonvideo.com","720 E 9th St","Lawrence","KS","66044","7858413341","7858411306","506507","Sound Systems & Equipment (Wholesale)","NULL","0","0"
"Promotional Headwear Intl","9135410901","10429 W 79th St","Shawnee","13216000","Dan Saferstein","Owner","Mal","17745","P","Promotional Headwear Intl","DanSaferstein@sportsmancap.com","10429 W 79th St","Shawnee","KS","66214","9135410592","9135410901","509905","Importers","NULL","0","0"
"MARTIN TRACTOR CO","7852678149","1737 SW 42ND ST","TOPEKA","17700000","HARRY CRAIG","President","M","20460","M","Martin Tractor Co","judy.knoll@martintractor.cat.com","1637 SW 42nd St","Topeka","KS","66609","7852673301","7852665770","508304","Tractor-Dealers (Wholesale)","NULL","0","0"
"Unruh-Foster Inc","6208462215","501 E Texaco St","Montezuma","14442000","Bill Wall","Owner","Mal","20776","U","Unruh-Foster Inc","gail@unruhfoster.com","501 E Texaco St","Montezuma","KS","67867","6208462371","6208462215","508310","Farm Equipment (Wholesale)","www.unruhfoster.com","0","0"
"Applied Measurement Pros","9135410400","8310 Nieman Rd","Shawnee Mission","16380000","Steven Bryant","President","Mal","21075","A","Applied Measurement Pros","dbailes@goamp.com","8310 Nieman Rd","Shawnee Mission","KS","66214","9135410156","9135410400","874105","Association Management","NULL","0","0"
"Hampel Oil Distributors Inc","3165291162","3727 S West St","Wichita","20000000","Bill Hampel","President","Mal","22456","H","Hampel Oil Distributors Inc","john@hampeloil.com","3727 S West St","Wichita","KS","67217","3165290261","3165291162","517203","Diesel Fuel (Wholesale)","www.hampeloil.com","0","0"
"Outpost Pictures","9137803266","19976 W 162nd St","Olathe","10990000","Robert Cecil","Manager","Mal","24695","L","Lamar''s Donuts","Mike@lamars.com","2014 E Santa Fe St","Olathe","KS","66062","9137803266","9137684911","546105","Doughnuts","NULL","0","0"
"Mainline Printing","7858433113","3500 SW Topeka Blvd","Topeka","15290000","John Parker","President","Mal","24771","M","Mainline Printing","Parker@mainlineprinting.com","3500 SW Topeka Blvd","Topeka","KS","66611","7852336864","7858433113","279605","Lithographers","NULL","0","0"
"Gunze Plastics & Engineering","9138295577","1400 S Hamilton Cir","Olathe","13240000","K Takagi","President","Mal","26269","G","Gunze Plastics & Engineering","Takagi-K@smartkc.com","1400 S Hamilton Cir","Olathe","KS","66061","9138295585","9138295577","308102","Plastics-Fabrics,Film-Etc Producer (Mfr)","Film-Etc Producer (Mfr)","0","0"
"Mountain Valley Water","9132481426","7805 Barton St","Shawnee Mission","11000000","Breck Speed","Owner","Mal","26624","M","Mountain Valley Water","Speed@mountainvalleyspring.com","7805 Barton St","Shawnee Mission","KS","66214","NULL","9132481426","549903","Water Companies-Bottled, Bulk, Etc","Bulk","0","0"
"Arrow Speed Warehouse","9133218111","686 S Adams St","Kansas City","16200000","Ron Coppaken","President","Mal","27093","A","Arrow Speed Warehouse","hra@arrow-speed.com","686 S Adams St","Kansas City","KS","66105","9188329749","9133218111","501336","Warehouses-Automotive (Wholesale)","www.arrow-speed.com","0","0"
"Metro Park Warehouses Inc","9136213116","251 S 55th St","Kansas City","18880000","Glen Musuck","Manager","Mal","27809","M","Metro Park Warehouses Inc","metroparkwarehouses@mpw-inc.com","5020 Swartz Rd","Kansas City","KS","66106","9132871828","9132877366","422509","Warehouses","www.mpw-inc.com","0","0"
"Global Ground Support LLC","9137800300","540 E Highway 56","Olathe","17000000","Bill Dempsey","President","Mal","28250","G","Global Ground Support LLC","twilliams@global-llc.com","540 E Highway 56","Olathe","KS","66061","9137800829","9137800300","372802","Aircraft Equipment Parts & Supls-Mfrs","www.globalgroundsupport.com","0","0"
"Professional Video Supply Inc","9134921787","9201 Cody St","Overland Park","11286000","Brad Bartholomew","Owner","Mal","29190","P","Professional Video Supply Inc","bradb@pvskc.com","9201 Cody St","Overland Park","KS","66214","9138590787","9134921787","504301","Audio-Visual Equipment & Supls (Whol)","NULL","0","0"
"Carpet Corner Inc","9133424123","900 Minnesota Ave","Kansas City","10000000","James Mathews","Owner","Mal","30548","C","Carpet Corner Inc","carpet@carpetcorneronline.com","900 Minnesota Ave","Kansas City","KS","66101","9133424076","9133424123","571306","Floor Materials","www.carpetcorneronline.com","0","0"
"Gtm Sportswear","7855378822","520 Mccall Rd","Manhattan","15980000","Dave Dreiling","Owner","Mal","32349","G","Gtm Sportswear","Dave@gtmsportswear.com","520 Mccall Rd","Manhattan","KS","66502","7855378857","7855378822","738942","Embroidery","NULL","0","0"
"Southwestern Remodeling Contrs","3162631239","134 N Elizabeth St","Wichita","11800000","Art Bryan","CEO","Mal","32913","S","Southwestern Remodeling Contrs","Bryan@southwesternremodeling.com","134 N Elizabeth St","Wichita","KS","67203","3162636230","3162631239","152139","Remodeling & Repairing Bldg Contractors","NULL","0","0"
"Duhnke Millwork","9133421996","9909 Lakeview Ave","Lenexa","17000000","John Duhnke","Owner","Mal","33588","D","Duhnke Millwork","John@duhnke.com","9909 Lakeview Ave","Lenexa","KS","66219","9133421467","9133421996","571217","Furniture-Designers & Custom Builders","NULL","0","0"
"Atkinson Industries Inc","6202316900","1801 E 27th Ter","Pittsburg","13600000","Carl Johnson","Manager","Mal","34048","A","Atkinson Industries Inc","atkinson-epsi@azz.com","1801 E 27th Ter","Pittsburg","KS","66762","6202319246","6202316900","362998","Electrical Indstrl Apparatus Nec (Mfrs)","www.atkinsonindustries.com","0","0"
"Vanguard Products Corp","7852322982","5230 NW 17th St","Topeka","24000000","Jim Van Sickle","Owner","Mal","35949","V","Vanguard Products Corp","rbenn@vanguardproducts.com","5230 NW 17th St","Topeka","KS","66618","7852325842","7852322982","503208","Concrete Products (Wholesale)","NULL","0","0"
"GLAZERS OF KANSAS","9138942112","14320 W 101ST TER","LENEXA","17200000","JIM DORSEY","President","M","36406","G","Glazers Of Kansas","JimDorsey@glazers.com","14320 W 101st Ter","Shawnee Mission","KS","66215","9138941372","9138942100","518201","Liquors-Wholesale","NULL","0","0"
"Fire Protection Svc","3162622452","1117 N Santa Fe St","Wichita","16450000","Mark Carpenter","President","Mal","36784","F","Fire Protection Svc","Mark-Carpenter@fps-usa.com","1117 N Santa Fe St","Wichita","KS","67214","3162626198","3162622452","506315","Fire Protection Equipment & Supls (Whol)","NULL","0","0"
"Kelly Aerospace Turbine Rtbls","3169436100","3414 W 29th St S","Wichita","10300000","Dave Seavey","Owner","Mal","37244","K","Kelly Aerospace Turbine Rtbls","DaveSeavey@kellyaerospace.com","3414 W 29th St S","Wichita","KS","67217","3169432252","3169436100","372802","Aircraft Equipment Parts & Supls-Mfrs","NULL","0","0"
"Humana Inc","9132173300","7311 W 132nd St","Shawnee Mission","10080000","Debra Smith","President","Fem","37772","H","Humana Inc","jmurray@humana.com","7311 W 132nd St","Shawnee Mission","KS","66213","NULL","9132173300","809904","Health Maintenance Organizations","NULL","0","2"
"General Petroleum","6202768815","101 N 3rd St","Garden City","10062000","Tim Howard","Owner","Mal","38499","G","General Petroleum","Tim.Howard@generalpetroleum.com","101 N 3rd St","Garden City","KS","67846","6202763891","6202768815","517212","Oil Marketers & Distributors","NULL","0","0"
"Lawing Financial Group","9134916226","11020 King St # 4","Overland Park","17015000","Kerry Lawing","Owner","Mal","39051","L","Lawing Financial Group","KLawing@lawingfinancial.com","11020 King St # 4","Overland Park","KS","66210","9134913214","9134916226","628205","Financial Planning Consultants","NULL","0","0"
"Sealy Mattress Co","9133213677","3100 Fairfax Trfy","Kansas City","13500000","Stuart Ernest","Plant Mgr","Mal","39241","S","Sealy Mattress Co","springfree@sealy.com","3100 Fairfax Trfy","Kansas City","KS","66115","5102357171","9133213677","251501","Mattresses-Manufacturers","www.sealy.com","0","0"
"Cleaver Farm & Home","6204316070","2103 S Santa Fe Ave","Chanute","10320000","Eldon Cleaver","Owner","Mal","40135","C","Cleaver Farm & Home","cfh@cleaverfarm.com","2103 S Santa Fe Ave","Chanute","KS","66720","6204317341","6204316070","521142","Lumber-Retail","www.cleaverfarm.com","0","0"
"Mull Drilling Co","3162646366","221 N Main St # 300","Wichita","17238000","Mark A Shreve","President","Mal","43361","A","Appreciated Advertising","jayars@mulldrlg.com","6701 W. 64th St. Suite 300","WICHITA","KS","67202","3162646366","3162646366","731999","Advertising Nec","MULLDRLG.COM","0","0"
"ALLIED PROTECTION SVC INC","9133810227","8826 SANTA FE DR","OVERLAND PARK","14600000","WALT MONTGOMERY","Manager","M","43770","A","Allied Protection Svc Inc","datatech@charter.net","8826 Santa Fe Dr # 308","Overland Park","KS","66212","2392785929","9133810227","874813","Security Systems Consultants","www.alliedprotectionservices.net","0","0"
"Bubeck Service Inc","9134928414","10012 Darnell St","Shawnee Mission","15120000","Mike Cillessen","Owner","Mal","44296","B","Bubeck Service Inc","mcillessen@bubeck.com","10012 Darnell St","Shawnee Mission","KS","66215","9138880544","9134928414","362104","Generators-Electric-Manufacturers","NULL","0","0"
"Central Steel","3162658639","240 W 10th St N","Wichita","21900000","Jim Aaby","President","Mal","44759","C","Central Steel","J.Aaby@centralsteelinc.com","240 W 10th St N","Wichita","KS","67203","3162653701","3162658639","344106","Steel-Structural (Manufacturers)","NULL","0","0"
"KITCHEN TUNE-UP","9138888863","8136 HALSEY ST","LENEXA","19800000","BOB HAYETT","Owner","M","45062","K","Kitchen Tune-Up","H-Bob@kitchentuneup.com","8136 Halsey St","Shawnee Mission","KS","66215","NULL","9138888863","571211","Kitchen Cabinets & Equipment-Household","NULL","0","0"
"Hussmann Corp","3169455353","3737 Dora St","Wichita","12750000","Lantz Forsythe","Manager","Mal","46014","H","Hussmann Corp","hussmann-coils@hussmann.com","3737 Dora St","Wichita","KS","67213","3169455358","3169455353","507804","Refrigerating Equip-Coml (Wholesale)","www.hussmann.com","0","0"
"Midland Steel Co","7859894442","202 Boehln","Wathena","14235000","Donald Jones","Manager","Mal","46123","M","Midland Steel Co","dbibens@midlandsteelco.com","202 Boehln","Wathena","KS","66090","7859893137","7859894442","344198","Fabricated Structural Metal (Mfrs)","www.midlandsteelco.com","0","0"
"Telecommunication Research","7854372000","505 W Bertrand Ave","St Marys","22220000","John Diesel","VP","Mal","46544","T","Telecommunication Research","store-manager@tra.com","505 W Bertrand Ave","St Marys","KS","66536","7854372600","7854372000","506514","Intercommunication Eqpt Systs/Svc (Whol)","www.tra.com","0","0"
"Hayes Co Inc","3163377600","7700 Hayes Dr","Valley Center","17250000","Robert L Hayes","CEO","Mal","47080","H","Hayes Co Inc","shayes@hayesco.com","PO Box 430","Valley Center","KS","67147","3168329126","3163377600","244801","Pallets & Skids-Manufacturers","NULL","0","0"
"Cold Control Refrigeration Inc","3169429650","3665 Mccormick St","Wichita","19380000","Ron Mc Ewen","Owner","Mal","47135","C","Cold Control Refrigeration Inc","coldcontrol@coldcontrol.com","3665 Mccormick St","Wichita","KS","67213","3169419201","3169429650","507804","Refrigerating Equip-Coml (Wholesale)","www.coldcontrol.com","0","0"
"American Institute Of Baking","7855374750","1213 Bakers Way","Manhattan","12798000","Virgil Smail","President","Mal","47550","A","American Institute Of Baking","Virgil@hayes-lemmerz.com","1213 Bakers Way","Manhattan","KS","66502","7855371493","7855374750","824903","Schools-Industrial Technical & Trade","NULL","0","0"
"Republic Financial Corp","3168385741","2150 Woodrow Ave","Wichita","15000000","Trish Minard","President","Fem","48320","R","Republic Financial Corp","southwestnb@banking.com","2150 Woodrow Ave","Wichita","KS","67203","3169423903","3168385741","671201","Holding Companies (Bank)","www.southwestnb.com","0","0"
"Tuff Shed Inc","9138942368","8811 Lenexa Dr","Shawnee Mission","13140000","Eric Peterson","Manager","Mal","49405","T","Tuff Shed Inc","gmarscellus@tuffshed.com","8811 Lenexa Dr","Shawnee Mission","KS","66214","9099473730","9138942368","154218","Sheds-Tool & Utility","www.tuffshed.com","0","0"
"ASI Kansas Inc","9138888843","9978 Lakeview Ave","Lenexa","19734000","Jimmy Chang","Manager","Mal","49973","A","ASI Kansas Inc","brian.paterson@asipartner.com","9978 Lakeview Ave","Lenexa","KS","66219","5102268858","9138888843","504503","Computers-Wholesale","www.asipartner.com","0","0"
"Caney Valley Electric Co-Op","6207582262","401 Lawrence St","Cedar Vale","11088000","Alan Zadorozny","Manager","Mal","50025","C","Caney Valley Electric Co-Op","cve@caneyvalley.com","401 Lawrence St","Cedar Vale","KS","67024","6207582926","6207582262","491101","Electric Companies","www.caneyvalley.com","0","0"
"Bucher Willis & Ratliff Corp","7858273603","609 W North St","Salina","16100000","Kencil Lynn","Manager","Mal","50311","B","Bucher Willis & Ratliff Corp","salina@bwrcorp.com","609 W North St","Salina","KS","67401","8163630027","7858273603","871111","Engineers-Consulting","www.bwrcorp.com","0","0"
"Metro Xpress","3168329300","3518 Ohio St","Wichita","12080000","Kerry Sell","President","Mal","50954","M","Metro Xpress","Sell@metroxpress.com","3518 Ohio St","Wichita","KS","67219","3168329351","3168329300","421303","Trucking-Transportation Brokers","NULL","0","0"
"ACME Radiator & Air Cond","9133715373","79 N 10th St","Kansas City","15400000","Charles P Gratton","President","Mal","51080","A","Acme Radiator & Air Conditioning","acmekc@sky.net","79 N. 10th","KANSAS CITY","KS","66102","9133715373","null","171198","Plumbing Heating & Air Conditioning","null","0","0"
"Hall Brothers Construction Co","7855622386","1196 Pony Express Hwy","Marysville","11600000","R H Kistner","President","Mal","52367","H","Hall Brothers Construction Co","hallbrothers@hallbros.net","1196 Pony Express Hwy","Marysville","KS","66508","7855625543","7855622386","295101","Asphalt & Asphalt Products-Manufacturers","www.hallbros.net","0","0"
"ALL FREIGHT SYSTEMS INC","9132811203","1134 S 12TH ST","KANSAS CITY","17300000","BOB SMITH","President","M","52425","B","Brock; Jason","rich@allfreightsystems.com","1134 S 12th St","KANSAS CITY","KS","66105","9132811203","9132815741","8999","Services NEC","allfreightsystems.com","0","0"
"Digital Sound Systems","9134925775","14617 W 101st Ter","Lenexa","10100000","Jeremy Dixon","Owner","Mal","52509","D","Digital Sound Systems","Jeremy@dssinc-productions.com","14617 W 101st Ter","Lenexa","KS","66215","9134384550","9134925775","506507","Sound Systems & Equipment (Wholesale)","NULL","0","0"
"Varney's Book Store Aggieville","7855390511","623 N Manhattan Ave","Manhattan","13300000","Jon Levin","President","Mal","53463","V","Varney's Book Store Aggieville","Jon@shopvarneys.com","623 N Manhattan Ave","Manhattan","KS","66502","7855372351","7855390511","594201","Book Dealers","NULL","0","0"
"Schmidtlein Excavating Inc","7853577354","204 NE Rice Rd","Topeka","11925000","Dave Schmidtlein","VP","Mal","53728","S","Schmidtlein Excavating Inc","daves@schmidtleinexcavating.com","204 NE Rice Rd","Topeka","KS","66616","7853571901","7853577354","179403","Excavating Contractors","www.schmidtleinexcavating.com","0","0"
"Diamant Boart","9139281000","17400 W 119th St","Olathe","18231000","","","","53939","D","Diamant Boart","jc.collins@husqvarna.com","17400 W 119th St","Olathe","KS","66061","9134387951","9139281000","342501","Blades (Manufacturers)","www.dbstone.com","0","0"
"Crestwood Inc","7858235617","601 E Water Well Rd","Salina","23370000","Mike Junk","Owner","Mal","54335","C","Crestwood Inc","gregh@crestwood-inc.com","601 E Water Well Rd","Salina","KS","67401","7858270084","7858235617","243401","Cabinets-Manufacturers","NULL","0","0"
"Kent Audio-Visual","3162624487","1131 E 1st St N","Wichita","17442000","Ron Bowring","Owner","Mal","54401","K","Kent Audio-Visual","Ron@kentav.com","1131 E 1st St N","Wichita","KS","67214","3162627609","3162624487","504301","Audio-Visual Equipment & Supls (Whol)","NULL","0","0"
"Culligan Water Conditioning","3162675287","10821 E 26th St N","Wichita","15600000","C R Hall","Manager","Mal","54792","C","Culligan Water Conditioning","contact.wichita@hallswater.com","10821 E 26th St N","Wichita","KS","67226","3162673502","3162675287","596307","Coffee Break Service & Supplies","www.hallswater.com","0","0"
"Cytech","3167448068","6352 N Hillside St","Wichita","10880000","William Lewis","Owner","Mal","55313","C","Cytech","WilliamLewis@doublepark.net","6352 N Hillside St","Wichita","KS","67219","NULL","3167448068","508499","Misc Indstrl Equip & Supls Nec (Whol)","NULL","0","0"
"National Seminars Inc","9134327757","6901 Shawnee Mission Pkwy #317","Shawnee Mission","20400000","Diane Mc Pherson","Executive Director","Fem","56034","N","National Seminars Inc","webmstr@natsem.com","6901 Shawnee Mission Pkwy #317","Shawnee Mission","KS","66202","9134320824","9134327757","874213","Marketing Programs & Services","www.keyeproductivity.com","0","0"
"Great Bend Feeding Inc","6207922508","355 NW 30 Ave","Great Bend","12600000","Andrew Murphy","Manager","Mal","56677","G","Great Bend Feeding Inc","andrew@gbfeeding.com","355 NW 30 Ave","Great Bend","KS","67530","6207925047","6207922508","021101","Livestock Feeding","www.greatbendfeeding.com","0","0"
"Panhandle Energy","9139061500","6800 College Blvd # 100","Shawnee Mission","18590000","Dennis Odum","Manager","Mal","57315","P","Panhandle Energy","abeers@southernunion.com","6800 College Blvd # 100","Shawnee Mission","KS","66211","9139061509","9139061500","461201","Pipe Line Companies","www.southernunion.com","0","0"
"Bagatelle","3166845662","6801 E Harry St","Wichita","16880000","Naji Toubia","Owner","Mal","57359","B","Bagatelle","Naji@bagatelle-keywest.com","6801 E Harry St","Wichita","KS","67207","3166841781","3166845662","514902","Bakers-Wholesale","NULL","0","0"
"Harper Industries Inc","6208967381","151 E Us Highway 160","Harper","18190000","Tim Penner","President","Mal","58024","H","Harper Industries Inc","all@deweze.com","151 E Us Highway 160","Harper","KS","67058","6208967129","6208967381","352304","Farm Equipment-Manufacturers","www.goossen.com","0","0"
"Precision Pattern Inc","3167213100","1643 S Maize Rd","Wichita","12500000","Don Zerbe","CEO","Mal","59944","P","Precision Pattern Inc","tim.cotter@decraneaircraft.com","1643 S Maize Rd","Wichita","KS","67209","3167212053","3167213100","259998","Furniture & Fixtures Nec (Mfrs)","NULL","0","0"
"Orion Fittings","9133421653","2850 Fairfax Trfy","Kansas City","22050000","Mike Dennehy","President","Mal","60779","O","Orion Fittings","Mike@orionfittings.com","2850 Fairfax Trfy","Kansas City","KS","66115","9133427218","9133421653","308898","Plastics-Plumbing Fixtures (Mfrs)","NULL","0","0"
"Rogers Manufacturing Inc","9138293363","220 N Mahaffie St","Olathe","10835000","Steve Rogers","Owner","Mal","61103","R","Rogers Manufacturing Inc","steve.rogers@rogersmfginc.com","220 N Mahaffie St","Olathe","KS","66061","9138296541","9138293363","347916","Powder Coatings (Manufacturers)","NULL","0","0"
"Kansas City Building Supply","9139625227","7600 Wedd St","Overland Park","20640000","Dennis Donnelly","President","Mal","61156","K","Kansas City Building Supply","Dennis@kcbuilding.com","7600 Wedd St","Overland Park","KS","66204","9139625244","9139625227","521126","Building Materials","NULL","0","0"
"Reno Construction Div-Apac","9138979011","7355 W 162nd Terr","Shawnee Mission","10440000","Max Brashears","President","Mal","61203","R","Reno Construction Div-Apac","apac@ashland.com","7355 W 162nd Terr","Shawnee Mission","KS","66213","8656378089","9138979011","162203","Bridge Builders","www.apac.com","0","0"
"STORE FINANCIAL SVC","9136482214","7171 W 95TH ST # 4","OVERLAND PARK","14000000","SCOTT KREIGEL","Owner","M","61589","S","Store Financial Svc","Kreigel@storefinancial.com","7223 W 95th St","Overland Park","KS","66212","9133275517","9136482214","729920","Shopping Service-Business","NULL","0","0"
"Medi-Flex Hospital Products","9134510880","11400 Tomahawk Creek Pkwy","Shawnee Mission","14600000","Joe Brandmeyer","President","Mal","62832","M","Medi-Flex Hospital Products","jbrandmeyer@medi-flex.com","11400 Tomahawk Creek Pkwy","Shawnee Mission","KS","66211","9134518509","9134510880","504712","Hospital Equipment & Supplies (Whol)","NULL","0","0"
"Dustrol Inc","3165362262","1200 E Main St","Towanda","18200000","Ted Dankert","Owner","Mal","63181","D","Dustrol Inc","kkoehler@dustrol.com","1200 E Main St","Towanda","KS","67144","5058914122","3165362262","161101","Paving Contractors","www.dustrolinc.com","0","1"
"R S Electronics","9133621923","6701 W 64th St # 330","Shawnee Mission","11110000","Michele Padgett","Manager","Fem","63523","R","R S Electronics","rselectronics@rselectronics.com","6701 W 64th St # 330","Shawnee Mission","KS","66202","9133621923","9133621923","506519","Electronic Equipment & Supplies-Whol","www.rselectronics.com","0","0"
"Creekstone Farms Premium Beef","9133079561","10100 Bluejacket St","Shawnee Mission","11592000","Ken Rater","Owner","Mal","63771","C","Creekstone Farms Premium Beef","R-Ken@creekstonefarms.com","10100 Bluejacket St","Shawnee Mission","KS","66214","NULL","9133079561","514704","Meat-Wholesale","NULL","0","0"
"Great Wolf Lodge-Kansas City","9132997001","10401 Cabela Dr","Kansas City","22500000","Russell Archuleta","Manager","Mal","63881","G","Great Wolf Lodge-Kansas City","jberanek@greatwolf.com","10401 Cabela Dr","Kansas City","KS","66111","9132997002","9132997001","701111","Resorts","www.greatwolflodge.com","0","1"
"Harper Trucks Inc","3169421381","1522 S Florence St","Wichita","12300000","Phil G Ruffin","Owner","Mal","64302","H","Harper Trucks Inc","sstewart@harpertrucks.com","1522 S Florence St","Wichita","KS","67209","3169428508","3169421381","342902","Hardware-Manufacturers","www.harpertrucks.com","0","0"
"RHS Inc","7857422949","2005 Oregon St","Hiawatha","19920000","Richard Heiniger","Owner","Mal","64516","R","RHS Inc","sward@rhs-inc.com","2005 Oregon St","Hiawatha","KS","66434","7857427174","7857422949","508310","Farm Equipment (Wholesale)","www.rhs-inc.com","0","0"
"Shelter Distribution","9132627663","6000 Merriam Dr","Shawnee Mission","10900000","Tim Hanks","President","Mal","66297","S","Shelter Distribution","paul.hefky@shelterdistribution.com","6000 Merriam Dr","Shawnee Mission","KS","66203","9132627743","9132627663","521114","Roofing Materials","NULL","0","0"
"JIM CLARK CHEVY CADILLAC","7852383141","911 GOLDENBELT BLVD","JUNCTION CITY","20200000","JIM CLARK","Owner","M","67022","Z","ZEBRA-WARE TECHNOLOGIES","jclark@clarkcars.com","911 Goldenbelt Blvd","Junction City","KS","66441","7852383141","7852381609","8999","Services NEC","clarkcars.com","0","0"
"Ford Rent A Car","7858232237","3450 S 9th St","Salina","17860000","North Mcarthur","Manager","Mal","67337","F","Ford Rent A Car","tbartz-longmcarthurford@gs.reyrey.com","3450 S 9th St","Salina","KS","67401","7858230743","7858232237","751401","Automobile Renting","www.long-mcarthur.com","0","0"
"Universal Products","3167948601","521 Industrial St","Goddard","23600000","Jerry Kuehnel","CEO","Mal","67414","U","Universal Products","JerryK@u-p.com","PO Box 332","Goddard","KS","67052","3167948398","3167948601","275209","Decals (Manufacturers)","NULL","0","0"
"PITSCO Corp Office","6202317070","915 E Jefferson St","Pittsburg","11700000","Harvey Dean","Owner","Mal","67985","P","PITSCO Corp Office","H_D@call-light.com","PO Box 1708","Pittsburg","KS","66762","6202311339","6202317070","249902","Wood Products-Manufacturers","NULL","0","0"
"Valassis Communications Inc","3166348400","3819 N Toben St","Wichita","18025000","Mike Wood","President","Mal","68699","V","Valassis Communications Inc","william.hogg@valassis.com","3819 N Toben St","Wichita","KS","67226","3166348480","3166348400","731914","Advertising-Coupons","NULL","0","0"
"Flint Oak","6206584401","2639 Quail","Fall River","12000000","Ray Walton","Owner","Mal","68721","F","Flint Oak","Ray@flintoak.com","2639 Quail","Fall River","KS","67047","6206584806","6206584401","097101","Hunting & Fishing Preserves","NULL","0","0"
"LML PAYMENT SYSTEMS CORP","3169432000","1024 N WEST ST","WICHITA","16900000","BONNIE JONES","Manager","F","70455","L","Lml Payment Systems Corp","clients@lmlpayment.com","1024 N West St","Wichita","KS","67203","2146782001","3169432000","738926","Check Cashing Protection Systems","www.lmlpayment.com","0","0"
"Pine Decals","9137910164","14824 W 117th St","Olathe","18800000","Joe Green","Owner","Mal","70570","P","Pine Decals","Joe@pinedecals.com","14824 W 117th St","Olathe","KS","66062","9137910166","9137910164","357701","Computer Supplies & Parts-Manufacturers","NULL","0","0"
"Western Uniform & Towel Svc","3162642342","1707 N Mosley St","Wichita","11600000","Jim Behring","Owner","Mal","70832","W","Western Uniform & Towel Svc","JBehring@westernuniform.com","1707 N Mosley St","Wichita","KS","67214","3162649042","3162642342","738942","Embroidery","NULL","0","0"
"G L Huyett Co","7853923017","1215 E Ith St","Minneapolis","10800000","Tim O'Keeffe","Owner","Mal","71784","G","G L Huyett Co","timo@huyett.com","PO Box 232","Minneapolis","KS","67467","7853922845","7853923017","345101","Screw Machine Products (Manufacturers)","NULL","0","0"
"PITSCO Catalog Div","6202310010","1002 E Adams St","Pittsburg","23580000","Harvey Dean","Owner","Mal","71996","P","PITSCO Catalog Div","dfleener@pitsco.com","PO Box 1708","Pittsburg","KS","66762","6202311339","6202310010","399931","School Supplies-Manufacturers","NULL","0","0"
"Fowler Envelope Co Inc","9133420400","3101 N 7th Street Trfy","Kansas City","10120000","Dale Sharp","Plant Mgr","Mal","72064","D","Daisey Designs","kdinh@stlenvelope.com","3101 North 7th Street Trafficway","KANSAS CITY","KS","66115","9133420400","null","8999","Services NEC","FOWLERENVELOPE.COM","0","0"
"Price Chopper","9135575666","309 N Hospital Dr","Paola","20930000","James Queen","Owner","Mal","72471","P","Price Chopper","JamesQ@pchopper.com","309 N Hospital Dr","Paola","KS","66071","9135575664","9135575666","541105","Grocers-Retail","NULL","0","0"
"Tree Top Nursery & Landscape","3166867491","5910 E 37th St N","Wichita","11760000","Ron Matney","President","Mal","72549","T","Tree Top Nursery & Landscape","Ron_Matney@treetopwichita.com","5910 E 37th St N","Wichita","KS","67220","3166869625","3166867491","078204","Landscape Contractors","NULL","0","1"
"BRIGGS JEEP","7857767799","2600 AUTO LN","MANHATTAN","12100000","RUSS BRIGGS","Owner","M","72636","X","Xpress Books Plus","rminer@briggsauto.com","612 Pillsbury Drive","Manhattan","KS","66502","7857767799","7857766688","5942","Bookstores","c1hr.com/briggs","0","0"
"Mize & Co","6205323191","2020 N Koch Industrial St","Kingman","11350000","Max Mize","President","Mal","72726","M","Mize & Co","jack@mizeandcompany.com","2020 N Koch Industrial St","Kingman","KS","67068","6205322459","6205323191","369498","Elec Equip-Internal Comb Engines (Mfrs)","www.mizeandcompany.com","0","0"
"Abengoa Bio Energy","3162694310","200 W Douglas Ave # 820","Wichita","17575000","Javier Salgado","CEO","Mal","72749","A","Abengoa Bio Energy","JavierSalgado@highplainscorp.com","200 W Douglas Ave # 820","Wichita","KS","67202","3162694008","3162694310","299201","Gasoline Additive-Manufacturers","NULL","0","0"
"CROSSMARK","9133381133","6900 College Blvd","Shawnee Mission","13644000","Tom Rowe","Manager","Mal","72826","C","CROSSMARK","tim.hauser@crossmark.com","6900 College Blvd","Shawnee Mission","KS","66211","5036571052","9133381133","514102","Food Brokers","www.crossmark.com","0","0"
"M Bruenger & Co","3167440494","6250 N Broadway St","Wichita","15000000","M W Bruenger","President","Mal","72953","M","M Bruenger & Co","leon@bruenger.net","6250 N Broadway St","Wichita","KS","67219","3167442671","3167440494","421309","Trucking-Motor Freight","www.bruenger.net","0","0"
"Quality Toyota","6203318310","2101 W Main St","Independence","16175000","Kevin Botts","President","Mal","72998","Q","Quality Toyota","BottsKevin@qualitytoyota.net","2101 W Main St","Independence","KS","67301","6203311324","6203318310","551103","Automobile Dealers-Used Cars","NULL","0","1"
"D & L Antenna Supply","9136778674","3410 Gibbs Rd","Kansas City","12100000","Les Sullins","President","Mal","73165","D","D & L Antenna Supply","Les@wavehunter.com","3410 Gibbs Rd","Kansas City","KS","66106","9136772648","9136778674","573101","Antennas","NULL","0","0"
"CROWN TROPHY","7852738304","835 SW FAIRLAWN RD","TOPEKA","14200000","DAVID SCHMITT","Owner","M","73917","C","Crown Trophy","Frenn@crownstores.com","835 SW Fairlawn Rd","Topeka","KS","66606","7852728365","7852738304","599909","Trophies Awards & Medals","NULL","0","0"
"Airosol CO Inc","6203252666","1101 Illinois St","Neodesha","20125000","Carl Stratemeier","Owner","Mal","74661","A","Airosol CO Inc","carl.stratemeier@airosol.com","PO Box 120","Neodesha","KS","66757","6203252602","6203252666","341101","Can-Manufacturers","NULL","0","0"
"SIGNS BY TOMORROW","9134511331","10049 W 87TH ST","OVERLAND PARK","13300000","ALBERT CORONA","Owner","M","74681","S","Signs By Tomorrow","Corona.Albert@signsbytomorrow.com","10049 W 87th St","Overland Park","KS","66212","9135410355","9135411331","399302","Signs (Manufacturers)","NULL","0","0"
"Calkins Electric Supply Co Inc","9136316363","5707 Nieman Rd","Shawnee Mission","13160000","Chris Calkins","President","Mal","74866","C","Central Indiana Managed Care Organization","jeffc@CALKINSELECTRIC.COM","5707 Nieman Road","Shawnee","KS","66203","9136316363","9136316365","4931","Electric services","calkinselectric.com","0","0"
"Waggoners Inc","6206620181","9316 S Halstead St","Hutchinson","16559000","Paul Waggoner","Plant Mgr","Mal","75192","W","Waggoners Inc","waggoner@ourtownusa.net","9316 S Halstead St","Hutchinson","KS","67501","6206620610","6206620181","502118","Church Furnishings (Wholesale)","www.pewcushions.com","0","0"
"AMERICAN STORAGE","6202761995","3015 W OLLER RD","GARDEN CITY","11000000","F L MUNYON","Manager","M","76677","A","American Storage","F.M@americanministorage.com","3015 W Oller Rd","Garden City","KS","67846","NULL","6202761995","422603","Recreational Vehicles-Storage","NULL","0","0"
"Max Rieke & Brothers","9136317111","15400 Midland Dr","Shawnee Mission","17600000","Leon Rieke","Owner","Mal","77587","M","Max Rieke & Brothers","mrb@maxrieke.com","15400 Midland Dr","Shawnee Mission","KS","66217","9136310484","9136317111","179403","Excavating Contractors","www.maxrieke.com","0","0"
"General Automatic Sprinkler","9133901105","1550 Mahaffie Cir","Olathe","16450000","Sue Ferris","Owner","Fem","77758","G","General Automatic Sprinkler","Ferris-Sue@gasfpc.com","1550 Mahaffie Cir","Olathe","KS","66062","9133901109","9133901105","506308","Fire Alarm Systems (Wholesale)","NULL","0","0"
"Treatco","3162657900","2300 N Broadway St","Wichita","21540000","Margie Thomas","President","Fem","78504","T","Treatco","MargieT@treatco.com","2300 N Broadway St","Wichita","KS","67219","3162657852","3162657900","519932","Pet Supplies-Wholesale","NULL","0","0"
"Sturdi-Bilt Storage Barns","6206632288","3909 Stacy Rd","Hutchinson","10950000","Gary Miller","Owner","Mal","78535","S","Sturdi-Bilt Storage Barns","MillerG@hutchnet.com","3909 Stacy Rd","Hutchinson","KS","67501","6206638448","6206632288","154215","Buildings-Portable","NULL","0","0"
"Duke Energy","6206261200","1501 W 2nd Street Rd","Liberal","13360000","Ron Griffin","Manager","Mal","78662","D","Duke Energy","ethicsofficer@duke-energy.com","1501 W 2nd Street Rd","Liberal","KS","67901","6194097000","6206261200","492501","Gas Companies","www.duke-energy.com","0","0"
"Circuit City","9138944583","9540 Quivira Rd","Shawnee Mission","13552000","Jason Hesselfinger","Manager","Mal","79243","C","Circuit City","johndoe@circuitcity.com","9540 Quivira Rd","Shawnee Mission","KS","66215","2819704309","9138944583","573117","Electronic Equipment & Supplies-Retail","www.circuitcity.com","0","0"
"Graphics Systems Inc","3162674171","313 S Ida St","Wichita","13640000","Mike Allen","Owner","Mal","79574","G","Graphics Systems Inc","paul.corn@gsi-graphics.com","313 S Ida St","Wichita","KS","67211","3162676883","3162674171","399302","Signs (Manufacturers)","NULL","0","0"
"Liberty Homes Inc","6206632187","9218 S Halstead St","Hutchinson","23280000","Ed Howes","Plant Mgr","Mal","79649","L","Liberty Homes Inc","pamela.munn@libertyhomesinc.com","9218 S Halstead St","Hutchinson","KS","67501","7048782004","6206632187","245101","Mobile Homes-Manufacturers","www.libertyhomesinc.com","0","0"
"Kava Productions","7858417274","1035 1/2 Massachusetts St","Lawrence","12560000","Greg Keenan","Owner","Mal","80190","K","Kava Productions","Greg@papakenos.com","1035 1/2 Massachusetts St","Lawrence","KS","66044","7858417274","7858417274","781211","Video Production & Taping Service","NULL","0","1"
"Lampton Welding Supply","3162633293","601 N Washington St","Wichita","10800000","Marvin Lampton","Owner","Mal","80293","L","Lampton Welding Supply","ronc@lampton.com","601 N Washington St","Wichita","KS","67214","4052322576","3162633293","508435","Welding Equipment & Supplies (Wholesale)","www.lampton.com","0","0"
"Broce Manufacturing","6202278811","1460 S 2nd Ave","Dodge City","14400000","Matt Mc Namara","VP","Mal","80374","B","Broce Manufacturing","twimer@coxinet.net","1460 S 2nd Ave","Dodge City","KS","67801","6202273012","6202278811","399198","Brooms & Brushes (Manufacturers)","www.brocebroom.com","0","0"
"Design Materials Inc","9133429796","241 S 55th St","Kansas City","20768000","Tom Fields","Owner","Mal","80639","D","Design Materials Inc","dmikc@dmikc.com","241 S 55th St","Kansas City","KS","66106","9133429826","9133429796","509905","Importers","www.dmikc.com","0","0"
"Contact America Inc","7857356000","801 Highway 40","Victoria","11280000","Mitch Schwartz","Manager","Mal","80975","C","Contact America Inc","child@contact-america.com","801 Highway 40","Victoria","KS","67671","7857356003","7857356000","738912","Telemarketing Services","www.contact-america.com","0","0"
"Lane-Scott Electric Co-Op","6203975327","410 S High St","Dighton","13552000","Earl Steffens","Manager","Mal","81106","L","Lane-Scott Electric Co-Op","braystan@netscape.net","410 S High St","Dighton","KS","67839","6203975997","6203975327","491101","Electric Companies","www.lane-scott.com","0","0"
"High Touch Inc","3168321611","2020 Amidon St","Wichita","12560000","Lyle Jones","Owner","Mal","81535","H","High Touch Inc","lylej@hightouchinc.com","2020 Amidon St","Wichita","KS","67203","3168315555","3168321611","737102","Computer Programming Services","NULL","0","0"
"Veterinary Laboratories","9138887500","12340 Santa Fe Trail Dr","Shawnee Mission","20760000","Bert Hughes","President","Mal","81624","V","Veterinary Laboratories","HughesB@grandlab.com","12340 Santa Fe Trail Dr","Shawnee Mission","KS","66215","9138886741","9138887500","508746","Veterinarians Equipment & Supls (Whol)","NULL","0","0"
"Wilde Tool Co Inc","7857427171","13th & Pottawatomie","Hiawatha","10320000","Marty Froeschl","President","Mal","81636","E","Express World Travel","email-wildeinc@parod.com","P.O. BOX 30 13th & Pottawatomie Streets","HIAWATHA","KS","66434","7857427171","null","4724","Travel agents","WILDETOOL.COM","0","0"
"Rhodes Chemical Co","9134322424","1129 Merriam Ln","Kansas City","10010000","Roland Rhodes","Owner","Mal","82136","R","Rhodes Chemical Co","dbulk@rhodeschem.com","1129 Merriam Ln","Kansas City","KS","66103","9134320217","9134322424","516916","Chemicals (Wholesale)","www.rhodeschem.com","0","0"
"De Elliotte Co Inc","9137640606","201 Prairie Village Dr","New Century","15080000","Dwane Smith","Owner","Mal","82505","D","De Elliotte Co Inc","gfuller@deelliotte.com","201 Prairie Village Dr","New Century","KS","66031","9137640606","9137640929","267301","Bags-Plastic (Manufacturers)","www.deelliotte.com","0","0"
"Timber Products Inc","3169432221","2286 S Custer St","Wichita","21180000","Tim Neff","President","Mal","82581","T","Timber Products Inc","chris@timberproductsinc.com","2286 S Custer St","Wichita","KS","67213","3169431528","3169432221","503109","Lumber-Wholesale","www.timberproductsinc.com","0","0"
"Michael A Pray & Assoc Inc","9138970700","19500 Metcalf Ave","Stilwell","12272000","Michael A Pray","Owner","Mal","82748","M","Michael A Pray & Assoc Inc","tylerpray@prayassociates.com","19500 Metcalf Ave","Stilwell","KS","66085","9138971871","9138970700","509908","Manufacturers-Agents & Representatives","www.prayassociates.com","0","0"
"American Packaging Corp","6206631222","400 W Blanchard Ave","Hutchinson","13350000","Dave Claxton","Owner","Mal","83156","A","American Packaging Corp","budz@ampackcorp.com","400 W Blanchard Ave","Hutchinson","KS","67505","6206635768","6206631222","265301","Corrugated & Solid Fiber Boxes (Mfrs)","www.ampackcorp.com","0","0"
"Cutler Repaving Inc","7858431524","921 E 27th St","Lawrence","12000000","Charles Veskerna","President","Mal","83600","C","Cutler Repaving Inc","Charles.Veskerna@cutlerrepaving.com","921 E 27th St","Lawrence","KS","66046","7858433942","7858431524","161102","Road Building Contractors","NULL","0","0"
"Flame Engineering","7852222873","W Highway 4","La Crosse","19380000","R Mike Pivonka","President","Mal","83680","F","Flame Engineering","Pivonka@flameeng.com","PO Box 577","La Crosse","KS","67548","7852223619","7852222873","508558","Propane Gas Equipment (Wholesale)","NULL","0","0"
"AJ Plastic Products","9134222027","19919 Shawnee Mission Pkwy","Shawnee","16400000","Dennis Milford","President","Mal","83852","A","AJ Plastic Products","MilfordD@ajpp.com","19919 Shawnee Mission Pkwy","Shawnee","KS","66218","9134222077","9134222027","308901","Mold Makers","NULL","0","0"
"Sunflower Repair Svc","9136813388","6855 W 152nd Ter","Overland Park","17940000","Richard Jenkins","Owner","Mal","84018","S","Sunflower Repair Svc","Richard@sunflowerrepair.com","6855 W 152nd Ter","Overland Park","KS","66223","9136816333","9136813388","504501","Laser Printers (Wholesale)","NULL","0","0"
"Lincoln Financial & Sagemark","9134511505","10851 Mastin St","Overland Park","18675000","Edwin Kerley","CEO","Mal","84744","L","Lincoln Financial & Sagemark","Kerley@lfakansascity.com","10851 Mastin St","Overland Park","KS","66210","9133233250","9134511505","628205","Financial Planning Consultants","NULL","0","0"
"Nazdar","9134221888","8501 Hedge Lane Ter","Shawnee Mission","19100000","Michael Fox","President","Mal","85138","N","Nazdar","regcomp@nazdar.com","8501 Hedge Lane Ter","Shawnee Mission","KS","66227","8566639467","9134221888","289301","Inks-Printing & Lithographing (Mfrs)","www.nazdar.com","0","0"
"Shaughnessy","9135410080","9721 Loiret Blvd","Lenexa","16621000","Steve Ratcliff","President","Mal","85776","S","Shaughnessy","SteveR@skhpaper.com","9721 Loiret Blvd","Lenexa","KS","66219","9135410808","9135410080","511101","Paper Products (Wholesale)","NULL","0","0"
"Resource Center","7855283105","1137 Laing St","Osage City","10624000","Mary Holloway","CEO","Fem","86702","R","Resource Center","Mary@resource-center.com","1137 Laing St","Osage City","KS","66523","7855283665","7855283105","735204","Disabled Persons Equipment & Supplies","NULL","0","0"
"R & R Pallet","6202752394","2008 W Mary St","Garden City","17650000","Rich Wadel","Owner","Mal","86803","R","R & R Pallet","RichW@rr-products.com","2008 W Mary St","Garden City","KS","67846","NULL","6202752394","503105","Pallets & Skids (Wholesale)","NULL","0","0"
"MID-AM Building Supply","9135924313","20301 W 207th St","Spring Hill","18060000","Al Knaebel","Owner","Mal","87635","M","MID-AM Building Supply","A_Knaebel@midambuilding.com","20301 W 207th St","Spring Hill","KS","66083","9135924320","9135924313","521126","Building Materials","NULL","0","0"
"Brandon Woods Retirement","7858388000","1501 Inverness Dr","Lawrence","12985000","Mike Pelzer","Administrator","Mal","87688","B","Brandon Woods Retirement","maddoxjan@brandonwoods.com","1501 Inverness Dr","Lawrence","KS","66047","7858388001","7858388000","805904","Retirement Communities & Homes","www.brandonwoods.com","0","0"
"Shred-It","9133079400","10900 Lackman Rd","Lenexa","11420000","Rob Boyer","Owner","Mal","87841","S","Shred-It","R-B@shreditinc.com","10900 Lackman Rd","Lenexa","KS","66219","9133079401","9133079400","502112","Office Furniture & Equip-Dealers (Whol)","NULL","0","0"
"Praxair Inc","6206572711","RR 1 Box 14dd","Satanta","18018000","Robert Searle","Manager","Mal","88032","P","Praxair Inc","liz_hirsch@praxair.com","RR 1 Box 14dd","Satanta","KS","67870","3235625211","6206572711","516907","Helium (Wholesale)","www.praxair.com","0","0"
"CCI PROMOTIONS","3165194513","550 N ANDOVER RD","ANDOVER","15800000","JEFF JOHNSON","Owner","M","88283","C","Cci Promotions","JJohnson@telemarketingplus.com","550 N Andover Rd","Andover","KS","67002","3162180634","3162180696","738912","Telemarketing Services","NULL","0","0"
"Hiller Inc","3162648022","630 N Washington St","Wichita","10250000","Horst K Hiller","President","Mal","88397","H","Hiller Inc","tomholmes@hillerinc.com","630 N Washington St","Wichita","KS","67214","3162648148","3162648022","372801","Aircraft Components-Manufacturers","www.hillerinc.com","0","0"
"Senior Aerospace Composites","3169423208","2700 S Custer Ave","Wichita","12600000","Jerry Horton","CEO","Mal","88516","S","Senior Aerospace Composites","JerryH@seniorcomposites.com","2700 S Custer Ave","Wichita","KS","67217","3169425044","3169423208","372801","Aircraft Components-Manufacturers","NULL","0","0"
"Meridian Professional Imaging","6204211107","3207 Grand Ave","Parsons","12000000","Grant Steinle","Owner","Mal","88804","M","Meridian Professional Imaging","Grant_Steinle@meridianpro.com","3207 Grand Ave","Parsons","KS","67357","6204213174","6204211107","738409","Photo Laboratories-Commercial","NULL","0","0"
"Classic Eagle Distributing","7858306900","2050 Packer Ct","Lawrence","14220000","Kirk Lambright","Owner","Mal","89737","C","Classic Eagle Distributing","L_Kirk@classiceagle.com","2050 Packer Ct","Lawrence","KS","66044","7858306910","7858306900","518101","Beer & Ale-Wholesale","NULL","0","0"
"Golden Boy Pies Inc","9133846460","4945 Hadley St","Shawnee Mission","18568000","Terry Hunt","President","Mal","90430","G","Golden Boy Pies Inc","liza_mebarek@goldenboypies.com","4945 Hadley St","Shawnee Mission","KS","66203","9133843352","9133846460","514902","Bakers-Wholesale","www.goldenboypies.com","0","0"
"Floating Swimwear","3165240444","3001 S Madison St","Wichita","13600000","Don Royer","President","Mal","90433","F","Floating Swimwear","Royer@floatingswimwear.com","3001 S Madison St","Wichita","KS","67216","3165240411","3165240444","569915","Swimwear & Accessories-Retail","NULL","0","0"
"WEYFORTH-HAAS MARKETING","9136488333","10561 BARKLEY ST STE 200","OVERLAND PARK","21300000","KELLY HAAS","Manager","F","90778","W","Weyforth-Haas Marketing","Kelley@weyforth-haas.com","10561 Barkley St # 200","Shawnee Mission","KS","66212","9136485024","9136488333","731101","Advertising-Agencies & Counselors","NULL","0","0"
"ADM Arkady","9137828800","100 S Paniplus Dr","Olathe","19320000","Gerry A Degnan","President","Mal","90840","A","ADM Arkady","gerry.degnan@admworld.com","100 S Paniplus Dr","Olathe","KS","66061","9137821792","9137828800","2087","Flavoring Extracts and Flavoring Syrups","NEC (coffee flavoring and syrups)","0","0"
"Smurfit-Stone Recycling Co","9132368000","510 Division St","Kansas City","13170000","Tim Horkay","Manager","Mal","91126","S","Smurfit-Stone Recycling Co","supplierzone@smurfit.com","510 Division St","Kansas City","KS","66103","7812454654","9132368000","509312","Recycling Centers (Wholesale)","www.smurfit-stone.com","0","0"
"PKM Steel Svc","7858273638","228 E Avenue A","Salina","22557000","Frieda Mai","Owner","Fem","91300","H","Home Inspection Services","selvan@informatics.net","618 Albert","SALINA","KS","67401","7858273638","7858270400","738999","Business Services Nec","leeinspection.com","0","0"
"Stafford County Flour Mills","6204584121","Church St","Hudson","20000000","Alvin Brensing","President","Mal","91336","S","Stafford County Flour Mills","flour@staffordcountyflourmills.com","Church St","Hudson","KS","67545","6204585121","6204584121","204101","Flour Mills","www.hudsoncream.com","0","0"
"Dodson International East","7858783303","2155 Vermont Rd","Rantoul","21540000","J R Dodson","Owner","Mal","91497","D","Dodson International East","lisa@dodson.com","2155 Vermont Rd","Rantoul","KS","66079","7858784444","7858783303","559908","Aircraft Equipment Parts & Supplies","www.dodsoninternational.com","0","0"
"M-Pact Worldwide","7855422135","1040 Ocl Pkwy","Eudora","19600000","Jim Martin","President","Mal","91663","M","M-Pact Worldwide","jmartin@mpactllc.com","1040 Ocl Pkwy","Eudora","KS","66025","7855423608","7855422135","384298","Orthopedic Prosthetic/Srgcl Appl (Mfrs)","NULL","0","0"
"Plastics Extrusion Machinery","6202413873","1921 E Euclid St","Mc Pherson","16864000","Hal Wright","Owner","Mal","91958","P","Plastics Extrusion Machinery","harold.wright@pemusa.com","Po Box 1285","Mcpherson","KS","67460","6202417707","620-241-3873","3559","Special Industry Machinery","NEC (nuclear control rod drive mechanisms)","0","0"
"Metro-Plex Information Systems","9138949600","11567 W 83rd Ter","Lenexa","18315000","Susan Brame","Owner","Fem","92324","M","Metro-Plex Information Systems","supplies@motkc.com","11567 W 83rd Ter","Lenexa","KS","66214","9134921952","9138949600","504403","Copying & Duplicating Machines & Supls","www.motsolutions.com","0","0"
"REHRIG PACIFIC CO","9135851175","8875 COMMERCE DR","DE SOTO","12500000","MIKE RIOLA","Manager","M","92469","R","Rehrig Pacific Co","bbloch@rehrigpacific.com","8875 Commerce Dr","De Soto","KS","66018","9135851563","9135851175","503105","Pallets & Skids (Wholesale)","www.rehrigpacific.com","0","0"
"First Command Financial Plan","9136516820","1100 N 4th St","Leavenworth","12450000","Frank Coots","Manager","Mal","93109","F","First Command Financial Plan","clientservices@firstcommand.com","1100 N 4th St","Leavenworth","KS","66048","3103243975","9136516820","628205","Financial Planning Consultants","www.firstcommand.com","0","0"
"Dimension Graphics","9134696800","13915 W 107th St","Shawnee Mission","10640000","Clifton Pummill","Owner","Mal","93655","D","Dimension Graphics","CPummill@dimensiongraphics.com","13915 W 107th St","Shawnee Mission","KS","66215","9134696805","9134696800","275202","Printers","NULL","0","0"
"Fashion Inc","7852428111","1019 E North St","Ottawa","10050000","Lonnie King","President","Mal","93709","F","Fashion Inc","fashioni@fashioninc.com","1019 E North St","Ottawa","KS","66067","7852422022","7852428111","599961","Awnings & Canopies","www.fashioninc.com","0","0"
"Reeves-Wiedeman Co","9134927100","14861 W 100th St","Lenexa","21000000","Ted Wiedeman Ii","President","Mal","95092","R","Reeves-Wiedeman Co","wwiedeman@rwco.com","14861 W 100th St","Lenexa","KS","66215","9134927100","9134926961","507406","Plumbing Fixtures & Supplies-Wholesale","www.rwco.com","0","0"
"Fahnestock Heating A/C","3169434328","3532 Comotara St","Wichita","10950000","George Fahnestock","President","Mal","95841","F","Fahnestock Heating A/C","GeorgeFahnestock@fahnestockhvac.com","3532 Comotara St","Wichita","KS","67226","3169435736","3169434328","171102","Heating Contractors","NULL","0","0"
"SMOOTHIE KING","3169437666","552 N RIDGE RD","WICHITA","17500000","NEIL BHAKTA","Owner","M","95991","S","Smoothie King","Neil@smoothieking.com","552 N Ridge Rd","Wichita","KS","67212","NULL","3169437666","549901","Health & Diet Foods-Retail","NULL","0","0"
"United Rotary Brush","9138888450","15607 W 100th Ter","Shawnee Mission","10900000","Richard Savage","President","Mal","96275","U","United Rotary Brush","engineered@united-rotary.com","15607 W 100th Ter","Shawnee Mission","KS","66219","9376423552","9138888450","399198","Brooms & Brushes (Manufacturers)","www.united-rotary.com","0","0"
"Control Systems Intl","9135995010","8040 Nieman Rd","Lenexa","15800000","Jim Shirley","Owner","Mal","96534","C","Control Systems Intl","Jim@csiks.com","8040 Nieman Rd","Lenexa","KS","66214","9135995013","9135995010","871133","Engineers-Professional","NULL","0","0"
"Cairo Co-Op Equity Exchange","6202983625","100 Cairo Main St","Cunningham","23000000","Ed Laing","Manager","Mal","96671","C","Cairo Co-Op Equity Exchange","cairocoop@awav.net","100 Cairo Main St","Cunningham","KS","67035","6202983625","6202983625","204803","Feed-Manufacturers","www.cairocoop.com","0","0"
"Kansas Aviation-Independence","6203317716","RR 1","Independence","10770000","Curtis Lavine","Owner","Mal","96925","K","Kansas Aviation-Independence","bruce@kansasaviation.com","RR 1","Independence","KS","67301","6203315768","6203317716","559908","Aircraft Equipment Parts & Supplies","www.kansasaviation.com","0","0"
"Fred Pryor Seminars","9139678599","9757 Metcalf Ave","Overland Park","15300000","Michael Hays","President","Mal","96990","F","Fred Pryor Seminars","Michael@pryor.com","9757 Metcalf Ave","Overland Park","KS","66212","9139678537","9139678599","874213","Marketing Programs & Services","NULL","0","0"
"Kansas Fire Equipment Co","3162628943","123 S Osage St","Wichita","19824000","Jerry Calvert","President","Mal","97069","K","Kansas Fire Equipment Co","rick@kansasfire.com","123 S Osage St","Wichita","KS","67213","3162644461","3162628943","509903","Fire Extinguishers (Wholesale)","www.kansasfire.com","0","0"
"Warta Buick-Subaru","7858274451","2222 S 9th St","Salina","16175000","Kenny Jorgensen","Owner","Mal","97099","W","Warta Buick-Subaru","KJorgensen@wartabuick.com","2222 S 9th St","Salina","KS","67401","7858270649","7858274451","551103","Automobile Dealers-Used Cars","NULL","0","1"
"Southwest Publishing & Mailing","7852335662","2600 NW Topeka Blvd","Topeka","22770000","David Ohse","Owner","Mal","97337","S","Southwest Publishing & Mailing","stacy@swpks.com","2600 NW Topeka Blvd","Topeka","KS","66617","7852337258","7852335662","733105","Advertising-Direct Mail","www.swpks.com","0","0"
"Network Technologies Group","9138885222","14833 W 95th St","Lenexa","10100000","Tom Hilleary","President","Mal","97351","N","Network Technologies Group","kcorey@eei.com","14833 W 95th St","Lenexa","KS","66215","9138885252","9138885222","506519","Electronic Equipment & Supplies-Whol","www.scadanet.net","0","0"
"Klassic Trailer Sales","3167947737","19822 W Kellogg Dr","Goddard","11100000","Don Konecny","Owner","Mal","97384","K","Klassic Trailer Sales","bobvanness@vannessfamily.com","19822 W Kellogg Dr","Goddard","KS","67052","3167733833","3167947737","501212","Trailers-Truck (Wholesale)","www.klassictrailers.com","0","0"
"Ottawa Ford Lincoln Mercury","7852425100","402 N Main St","Ottawa","16822000","John Zaricky","Owner","Mal","97701","O","Ottawa Ford Lincoln Mercury","John.Zaricky@ottawafordlincolnmercury.com","402 N Main St","Ottawa","KS","66067","7852426702","7852425100","551103","Automobile Dealers-Used Cars","NULL","0","1"
"Westland Corp","3167211144","1735 S Maize Rd","Wichita","19040000","Dave Larson","President","Mal","98467","W","Westland Corp","westland@westlandusa.com","1735 S Maize Rd","Wichita","KS","67209","3167211495","3167211144","508480","Plastics-Machinery & Equipment (Whol)","www.westlandusa.com","0","0"
"Pottery Barn","9136634458","5208 W 119th St","Leawood","13800000","Jill Jones","Manager","Fem","98500","P","Pottery Barn","dhf@potterybarn.com","5208 W 119th St","Leawood","KS","66209","7192656920","9136634458","571929","Housewares-Retail","www.potterybarn.com","0","0"
"Five Star Motors","9138297100","970 N Rogers Rd","Olathe","15528000","Steve Tolbert","Owner","Mal","99342","F","Five Star Motors","T.Steve@5starmotors.com","970 N Rogers Rd","Olathe","KS","66062","NULL","9138297100","551103","Automobile Dealers-Used Cars","NULL","0","1"
"Bed Bath & Beyond","9133399881","12035 Metcalf Ave","Shawnee Mission","13800000","Steve Williams","Manager","Mal","99429","B","Bed Bath & Beyond","memberservices@clubmom.com","12035 Metcalf Ave","Shawnee Mission","KS","66213","6263515563","9133399881","571929","Housewares-Retail","www.bedbathandbeyond.com","0","0"
"Food Service Specialists","9136486611","9290 Glenwood St","Shawnee Mission","22740000","Jim Peine","Owner","Mal","99655","F","Food Service Specialists","Jim.Peine@fsskc.com","9290 Glenwood St","Shawnee Mission","KS","66212","9133417513","9136486611","514102","Food Brokers","NULL","0","0"
"Longbine Auto Plaza","6203422744","3012 W Us Highway 50","Emporia","23292000","Rich Longbine","Owner","Mal","99883","L","Longbine Auto Plaza","Rich-Longbine@longbineauto.com","3012 W Us Highway 50","Emporia","KS","66801","6203423073","6203422744","551103","Automobile Dealers-Used Cars","NULL","0","1"
"Keywest Technology Inc","9134924666","14563 W 96th Ter","Lenexa","15150000","Nick Nichols","Owner","Mal","100087","K","Keywest Technology Inc","richl@keywesttechnology.com","14563 W 96th Ter","Lenexa","KS","66215","9134924666","9134924666","506519","Electronic Equipment & Supplies-Whol","www.keywesttechnology.com","0","0"
"Midco Plastics","7852638999","800 S Bluff St","Enterprise","11600000","Mike Carney","President","Mal","100096","M","Midco Plastics","mcarney@midcoplastics.com","PO Box 416","Enterprise","KS","67441","7852638231","7852638999","267301","Bags-Plastic (Manufacturers)","NULL","0","0"
"J & A Industries","9132815730","14 S Ewing St","Kansas City","14345000","Jim Ferree","Owner","Mal","100220","J","J & A Industries","jimf@railmart.com","14 S Ewing St","Kansas City","KS","66118","9132811401","9132815730","508801","Railroad Equipment & Supplies (Whol)","www.railmart.com","0","0"
"Massco","3169429494","1831 S Meridian Ave","Wichita","24840000","Tony Saviano","Owner","Mal","100386","M","Massco","okc@masscomail.com","1831 S Meridian Ave","Wichita","KS","67213","3162673910","3169429494","511304","Paper Towels (Wholesale)","www.massco.com","0","0"
"Tompkins Manufacturing","9137648088","1912 E 123rd St","Olathe","15440000","Mike Tompkins","Owner","Mal","100657","T","Tompkins Manufacturing","ncsales@tompkinsind.com","1912 E 123rd St","Olathe","KS","66061","5152661028","9137648088","351103","Hydraulic Equipment-Manufacturers","www.tompkinsind.com","0","0"
"Spray Equipment & Svc Ctr","3162644349","311 Pattie St","Wichita","11400000","Mark Hammar","President","Mal","101187","S","Spray Equipment & Svc Ctr","jgoodman@sprayequipment.com","311 Pattie St","Wichita","KS","67211","3162645250","3162644349","508576","Spray Booths (Wholesale)","www.sprayequipment.com","0","0"
"Inland Newspaper Machinery","9134929050","14500 W 105th St","Lenexa","23200000","Brian Murray","Executive Director","Mal","101221","I","Inland Newspaper Machinery","inmc1@inlandnews.com","14500 W 105th St","Lenexa","KS","66215","9134926217","9134929050","356502","Packaging Machinery-Manufacturers","www.inlandnews.com","0","0"
"Custom Control Mfr Inc","9137220343","5601 Merriam Dr","Shawnee Mission","15134000","Ray Myers","Owner","Mal","101684","C","Custom Control Mfr Inc","dypeterson@customcontrolmfr.com","5601 Merriam Dr","Shawnee Mission","KS","66203","9137220343","9137223204","506328","Controls Control Systs/Regulators (Whol)","www.customcontrolmfr.com","0","0"
"Peavey Performance Systems","9138880600","10749 W 84th Ter","Lenexa","14000000","Buck Peavey","President","Mal","101868","P","Peavey Performance Systems","BuckP@peaveyperformance.com","10749 W 84th Ter","Lenexa","KS","66214","9138883898","9138880600","738967","Incentive Programs","NULL","0","0"
"Viking Corp","3166346699","3810 N Toben St","Wichita","17100000","","","","102068","V","Viking Corp","leesashumate@vikingcorporation.com","3810 N Toben St","Wichita","KS","67226","3166346658","3166346699","508522","Industrial Equipment & Supplies (Whol)","www.vikingcorporation.com","0","0"
"Morgan Stanley","9134025200","7200 W 132nd St # 100","Overland Park","20750000","Phil Hall","Manager","Mal","102321","M","Morgan Stanley","mediainquiries@morganstanley.com","7200 W 132nd St # 100","Overland Park","KS","66213","9498302340","9134025200","628205","Financial Planning Consultants","www.morganstanley.com","0","0"
"Laboratory Corp Of America","3166362300","9120 E 37th St N","Wichita","14805000","Dale Mitchell","Manager","Mal","102330","L","Laboratory Corp Of America","tpa@labcorp.com","9120 E 37th St N","Wichita","KS","67226","8585513297","3166362300","807104","Laboratories-Clinical","www.labcorp.com","0","0"
"Diamond Coach Corp","6207952191","2305 Us Highway 59","Oswego","24480000","","","","102663","D","Diamond Coach Corp","wtucker@diamondcoach.com","2305 Us Highway 59","Oswego","KS","67356","6207954816","6207952191","371398","Truck & Bus Bodies (Manufacturers)","www.diamondcoach.com","0","0"
"MKEC Engineering Cnsltnts","3166849600","411 N Webb Rd","Wichita","15800000","Kenneth Bengtson","Owner","Mal","103077","M","MKEC Engineering Cnsltnts","Kenneth@mkec.com","411 N Webb Rd","Wichita","KS","67206","3166845100","3166849600","871111","Engineers-Consulting","NULL","0","0"
"NORFOLK IRON & METAL CO","6203429202","1701 E SOUTH AVE","EMPORIA","22500000","JEFF BESSMER","Manager","M","103164","N","Norfolk Iron & Metal Co","jlubischer@norfolkiron.com","1701 E South Ave","Emporia","KS","66801","6203429292","6203429202","505106","Steel-Distributors & Warehouses","www.norfolkiron.com","0","0"
"ALL ABOUT TRAVEL","9136717700","5331 JOHNSON DR","MISSION","15900000","COBY GAULIEN","President","M","103390","A","All About Travel","GC@motorcoachtours.com","5331 Johnson Dr","Mission","KS","66205","9136717718","9132688888","472402","Travel Agencies & Bureaus","NULL","0","0"
"SKC Electric","9135414700","9875 Widmer Rd","Lenexa","11000000","Mike Jansen","President","Mal","103545","S","SKC Electric","Mike@faithtechnologies.com","9875 Widmer Rd","Lenexa","KS","66215","9135411650","9135414700","173101","Electric Contractors","NULL","0","2"
"Southwest Paper Co","3168387155","3930 Bridgeport Cir","Wichita","20600000","Eric Tangeman","President","Mal","103711","S","Southwest Paper Co","swpaper@swpaper.com","3930 Bridgeport Cir","Wichita","KS","67219","4052361658","3168387155","511101","Paper Products (Wholesale)","www.swpaper.com","0","0"
"Gainey Transportation Svc","9132870220","5900 Speaker Rd","Kansas City","22499000","David Gastl","Manager","Mal","104545","G","Gainey Transportation Svc","rslocum@gts.gaineycorp.com","5900 Speaker Rd","Kansas City","KS","66111","9132870583","9132870220","421304","Trucking","www.gaineycorp.com","0","0"
"Raytheon Aircraft Svc","3169464300","1980 Airport Rd","Wichita","16160000","Scott Lysen","Manager","Mal","104921","R","Raytheon Aircraft Svc","jackie_berger@rac.ray.com","1980 Airport Rd","Wichita","KS","67209","3166768867","3169464300","458104","Aircraft Servicing & Maintenance","www.raytheonaircraft.com","0","0"
"Simmons Co","9134228000","7910 Hedge Lane Ter","Shawnee Mission","24725000","Jeff Richter","Manager","Mal","105393","S","Simmons Co","ljones@simmons.com","7910 Hedge Lane Ter","Shawnee Mission","KS","66227","4798553314","9134228000","251501","Mattresses-Manufacturers","www.simmons.com","0","0"
"Nationwide Learning Resources","7858621372","6700 SW Topeka Blvd","Topeka","12100000","Joseph E Gigous","Owner","Mal","105482","N","Nationwide Learning Resources","J_Gigous@studentreasures.com","PO Box 19244","Topeka","KS","66619","7858622297","7858621372","594310","Educational Materials","NULL","0","0"
"Top Master Inc","9134923030","2844 Roe Ln","Kansas City","24000000","Tim Hovey","Owner","Mal","105681","T","Top Master Inc","jimt@top-master.com","2844 Roe Ln","Kansas City","KS","66103","9134923096","9134923030","571213","Counter Tops","NULL","0","0"
"Cramer Products Inc","9138567511","153 W Warren St","Gardner","14560000","Thomas K Rogge","President","Mal","106128","C","Cramer Products Inc","trogge@cramersportsmed.com","PO Box 1001","Gardner","KS","66030","9138845626","9138567511","384104","Physicians & Surgeons Equip & Supls-Mfrs","NULL","0","0"
"Industrial Accessories Co","9133845511","4800 Lamar Ave # 203","Mission","22800000","Glenn Smith","Owner","Mal","106866","I","Industrial Accessories Co","iaccorp@iac-intl.com","4800 Lamar Ave # 203","Mission","KS","66202","9133846577","9133845511","508505","Pneumatic Equipment Components (Whol)","www.iac-intl.com","0","0"
"LRM Industries Inc","7858431706","1404 E 24th St","Lawrence","15500000","Stephen Glass","President","Mal","107530","L","LRM Industries Inc","abyrn@lrmindust.com","1404 E 24th St","Lawrence","KS","66046","7858432301","7858431706","161101","Paving Contractors","www.lrmindust.com","0","1"
"Bluestem Electric Coop","7856323111","524 Dexter St","Clay Center","18480000","Kenneth Maginley","Manager","Mal","107545","B","Bluestem Electric Coop","captiva4@interkan.net","524 Dexter St","Clay Center","KS","67432","7854562003","7856323111","491101","Electric Companies","www.bluestemelectric.com","0","0"
"French Gerleman","9138948844","9735 Commerce Pkwy","Lenexa","13818000","Jim Talbot","Manager","Mal","107589","F","French Gerleman","kmathes@frenchgerleman.com","9735 Commerce Pkwy","Lenexa","KS","66219","3145690206","9138948844","506330","Electric Equipment & Supplies-Wholesale","www.frenchgerleman.com","0","0"
"Net Standard","9132623888","2000 Merriam Ln","Kansas City","14985000","Walt Lane","President","Mal","107654","N","Net Standard","W-Lane@netstandard.com","2000 Merriam Ln","Kansas City","KS","66106","9132620660","9132623888","504408","Accounting/Bookkeeping Mach/Supls (Whol)","NULL","0","0"
"Weaver Manufacturing Inc","3162633488","1005 E 17th St N","Wichita","12300000","Tim Farrell","Owner","Mal","107961","W","Weaver Manufacturing Inc","cvannover@weavermfg.com","1005 E 17th St N","Wichita","KS","67214","3162639121","3162633488","359903","Machine Shops","www.weavermfg.com","0","0"
"Decker & Mattison Co Inc","6206622339","500 W 2nd Ave","Hutchinson","12750000","Brett E Mattison","Owner","Mal","108131","D","Decker & Mattison Co Inc","dennis@deckermattison.com","500 W 2nd Ave","Hutchinson","KS","67501","6206622231","6206622339","507507","Furnaces-Heating (Wholesale)","www.deckermattison.com","0","0"
"Ace Forms Of Kansas Inc Night","6202329290","2900 N Rotary Ter","Pittsburg","10000000","","","","108292","A","Ace Forms Of Kansas Inc Night","tinag@aceforms.com","2900 N Rotary Ter","Pittsburg","KS","66762","6202321111","6202329290","276104","Manifold Business Forms (Mfrs)","www.aceforms.com","0","0"
"P Q Corp","9133713020","1700 Kansas Ave","Kansas City","23625000","Tony Larson","Plant Mgr","Mal","108296","P","P Q Corp","customerserviceicd@pqcorp.com","1700 Kansas Ave","Kansas City","KS","66105","9287578608","9133713020","281998","Industrial Inorganic Chmcls Nec (Mfrs)","www.pqcorp.com","0","0"
"Ascend Media","9134691110","11600 College Blvd","Overland Park","10810000","Cameron Bishop","President","Mal","108323","A","Ascend Media","Cameron@ascendmedia.com","11600 College Blvd","Overland Park","KS","66210","9134690806","9134691110","738931","Convention & Meeting Facilities & Svc","NULL","0","0"
"Power Flame","6204210480","2001 S 21st St","Parsons","19000000","Bill Wiener","President","Mal","108390","P","Power Flame","dwildman@powerflame.com","PO Box 974","Parsons","KS","67357","6204210948","6204210480","343303","Heating Equipment-Manufacturers","NULL","0","0"
"Oxwell Inc","6203267481","600 E 16th St","Wellington","11275000","H J Thompson","President","Mal","108511","O","Oxwell Inc","kandy@oxwell.com","600 E 16th St","Wellington","KS","67152","6203265594","6203267481","372801","Aircraft Components-Manufacturers","www.oxwell.com","0","0"
"HNTB Corp","9134919333","7450 W 130th St # 400","Overland Park","14220000","Joe Brand","VP","Mal","108560","H","HNTB Corp","helpdesk@hntb.com","7450 W 130th St # 400","Overland Park","KS","66213","2026541000","9134919333","871133","Engineers-Professional","www.hntb.com","0","0"
"Wes Material Handling Inc","9139621111","12456 W 62nd Ter","Shawnee Mission","10570000","Valerie Francis","Owner","Fem","108601","W","Wes Material Handling Inc","meich@mhcsystems.com","12456 W 62nd Ter","Shawnee Mission","KS","66216","9139624589","9139621111","508810","Loading Dock Equipment (Wholesale)","www.mhcsystems.com","0","0"
"G T Midwest","3169432171","2202 S West St","Wichita","21000000","N M Onofrio Jr","President","Mal","108742","G","G T Midwest","gtomaha@gtmidwest.com","2202 S West St","Wichita","KS","67213","8164212658","3169432171","305298","Rubber & Plastics-Hose & Belting (Mfrs)","www.gtmidwest.com","0","0"
"Fruhauf Uniforms Inc","3162637500","800 E Gilbert St","Wichita","14280000","Ken Fruhauf","President","Mal","108810","F","Fruhauf Uniforms Inc","Ken.Fruhauf@fruhauf.com","800 E Gilbert St","Wichita","KS","67211","3162635550","3162637500","231198","Mens & Boys Suits Coats/Overcoats (Mfrs)","NULL","0","0"
"Glynndevins Marketing & Advg","9134910600","11230 College Blvd","Overland Park","12750000","James Glynn","Owner","Mal","108930","G","Glynndevins Marketing & Advg","apply@glynndevins.com","11230 College Blvd","Overland Park","KS","66210","9134911369","9134910600","874214","Marketing Consultants","www.glynndevins.com","0","0"
"Pal's Glass Svc","3162652915","1957 N Mosley St","Wichita","12060000","Tim Sinclair","Owner","Mal","109225","P","Pal's Glass Svc","kennedy@palsglass.com","1957 N Mosley St","Wichita","KS","67214","3162652915","3162652915","523110","Glass-Auto Plate & Window & Etc","www.palsglass.com","0","0"
"J Higgins Inc","9138940220","10559 Lackman Rd","Lenexa","14245000","John Higgins","Owner","Mal","109413","J","J Higgins Inc","chris@chrismharris.com","10559 Lackman Rd","Lenexa","KS","66219","9138940217","9138940220","596102","Mail Order & Catalog Shopping","www.jhiggins.net","0","0"
"ACS Electronic Systems","9132488828","7856 Barton St","Shawnee Mission","21056000","Charles Olsen","Owner","Mal","109827","A","ACS Electronic Systems","acs@acs-1.com","7856 Barton St","Shawnee Mission","KS","66214","9132488833","9132488828","506324","Burglar Alarm Systems (Wholesale)","www.acs-1.com","0","0"
"Leonard's Metal Inc","3169459555","2629 Esthner Ct","Wichita","21525000","Tim Dwyer","Plant Mgr","Mal","110300","L","Leonard's Metal Inc","estimating@lmiaerospace.com","2629 Esthner Ct","Wichita","KS","67213","3169444147","3169459555","372801","Aircraft Components-Manufacturers","www.lmiaerospace.com","0","0"
"Auto Lifters","3166300011","2015 N Andover Rd","Andover","20124000","Bruce Anderson","Owner","Mal","110536","A","Auto Lifters","B.Anderson@autolifter.com","2015 N Andover Rd","Andover","KS","67002","3166300015","3166300011","517202","Service Station Equipment (Wholesale)","NULL","0","0"
"Garsite","9133425600","539 S 10th St","Kansas City","17425000","Steven Paul","President","Mal","110966","G","Garsite","spaul@garsite.com","539 S 10th St","Kansas City","KS","66105","9133420638","9133425600","372801","Aircraft Components-Manufacturers","www.garsite.com","0","0"
"BATTERIES PLUS","9135418723","13100 W 87TH STREET PKWY","LENEXA","17100000","MARK SUCKOW","Owner","M","111190","B","Batteries Plus","LeeC@batteriesplus.com","13100 W 87th Street Pkwy","Lenexa","KS","66215","NULL","9135418723","553116","Batteries-Storage-Retail","NULL","0","0"
"Data Center Inc","6206946800","20 W 2nd Ave","Hutchinson","11400000","John Jones","President","Mal","111612","D","Data Center Inc","sales.dci@datacenterinc.com","20 W 2nd Ave","Hutchinson","KS","67501","6206946880","6206946800","737401","Data Processing Service","www.datacenterinc.com","0","0"
"Union Tank Car Co","3163211980","1802 N Star St","El Dorado","16300000","Dennis Gardner","Manager","Mal","111722","U","Union Tank Car Co","flowers@utlx.com","1802 N Star St","El Dorado","KS","67042","3163211980","3163217509","374301","Railroad Cars-Manufacturers","www.utlx.com","0","0"
"Roberts & Dybdahl Inc","9132815381","16740 Conestoga St","New Century","12002000","Tony Daugherty","Manager","Mal","111728","R","Roberts & Dybdahl Inc","rhughes@robertsdybdahl.com","16740 Conestoga St","New Century","KS","66031","7656752293","9132815381","503109","Lumber-Wholesale","www.robertsdybdahl.com","0","0"
"CORPORATE FINANCE ASSOC","9136480185","9200 INDIAN CREEK PKWY","OVERLAND PARK","11300000","MICHAEL O'MALLEY","Manager","M","111788","O","O Keeffe &Amp; O Malley Inc","mikeo@oando-cfa.com","9200 Indian Creek Pkwy Ste 100","Overland Park","KS","66210","9136480185","-","522310","BUILDING MATERIALS, HARDWARE, GARDEN SUPPLY, AND MOBILE HOME DEALERS","NAMB","0","0"
"Kansas City Aviation Ctr Inc","9137820530","15100 S Pflumm Rd","Olathe","13000000","Tom Meisenzahl","Manager","Mal","111812","K","Kansas City Aviation Ctr Inc","clanning@kcac.com","15100 S Pflumm Rd","Olathe","KS","66062","9137826472","9137820530","735939","Aircraft Charter Rental & Leasing Svc","www.kcac.com","0","0"
"ENTERCOM Wichita","3166852121","2120 N Woodlawn St # 352","Wichita","12225000","Jackie Wise","Manager","Fem","112099","E","ENTERCOM Wichita","tony@knssradio.com","2120 N Woodlawn St # 352","Wichita","KS","67208","3166853408","3166852121","731303","Advertising-Radio","www.knssradio.com","0","0"
"CYPRESS MEETINGS & INCENTIVES","9136718500","5331 JOHNSON DR","MISSION","11300000","BRENT BLAKE","Owner","M","112295","C","Cypress Meetings & Incentives","C.Gaulien@allabouttravelusa.com","5331 Johnson Dr","Mission","KS","66205","9136717718","9136718500","738967","Incentive Programs","NULL","0","0"
"Barr-Thorp Electric Co","9137898840","9245 W 53rd St","Shawnee Mission","19740000","Todd Thorp","Owner","Mal","112338","B","Barr-Thorp Electric Co","motion@barr-thorp.com","9245 W 53rd St","Shawnee Mission","KS","66203","9137898800","9137898840","506330","Electric Equipment & Supplies-Wholesale","www.barr-thorp.com","0","0"
"SSI Sprinkler Systems & More","3167229631","7330 W 13th St N","Wichita","12450000","Jerry Goodwin","President","Mal","112636","S","SSI Sprinkler Systems & More","sally@ssisprinklers.com","7330 W 13th St N","Wichita","KS","67212","3167229797","3167229631","508305","Irrigation Systems & Equipment (Whol)","www.ssisprinklers.com","0","0"
"Kansas City Electrical","9135411717","10900 Mid America Dr","Lenexa","16450000","Joyce Jones","Owner","Fem","112780","K","Kansas City Electrical","Joyce@kcelectricalsupply.com","10900 Mid America Dr","Lenexa","KS","66219","9135411112","9135411717","506330","Electric Equipment & Supplies-Wholesale","NULL","0","0"
"Everseal Gasket","9134419232","8309 Cole Pkwy","Shawnee Mission","17640000","Chuck Lane","Owner","Mal","112794","E","Everseal Gasket","Lane@eversealgasket.com","8309 Cole Pkwy","Shawnee Mission","KS","66227","9134229465","9134419232","305398","Gaskets-Packing & Sealing Devices (Mfrs)","NULL","0","0"
"Eskridge Inc","9137821238","1900 E Kansas City Rd","Olathe","10400000","Craig Patterson","CEO","Mal","113394","E","Eskridge Inc","pouellette@kinecor.com","1900 E Kansas City Rd","Olathe","KS","66061","9137824206","9137821238","356998","General Ind Machinery/Equip Nec (Mfrs)","www.eskridgeinc.com","0","0"
"Commercial Mechanical Inc","3162626666","1655 Wabash St","Wichita","10950000","Doug Kirkland","Owner","Mal","113477","C","Commercial Mechanical Inc","valentineb@commec.com","1655 Wabash St","Wichita","KS","67214","3162624848","3162626666","171114","Mechanical Contractors","www.commec.com","0","0"
"Nell Hill's","9133671086","501 Commercial St","Atchison","14160000","Mary Garrity","Owner","Fem","113677","N","Nell Hill's","MaryGarrity@gdiebolts.com","501 Commercial St","Atchison","KS","66002","9133673821","9133671086","509905","Importers","NULL","0","0"
"Femco","6202413513","500 N Us Highway 81 Byp","Mc Pherson","13120000","Rick Young","Manager","Mal","113696","F","Femco","tpelnar@femcomfg.com","500 N Us Highway 81 Byp","Mc Pherson","KS","67460","6202413532","6202413513","352304","Farm Equipment-Manufacturers","www.femcomfg.com","0","0"
"Vermillion Inc","3165243100","4754 Palisade St","Wichita","19305000","Bill Davis","President","Mal","113768","V","Vermillion Inc","dwalther@vermillioninc.com","4754 Palisade St","Wichita","KS","67217","3169420939","3165243100","349698","Fabricated Wire Products-Misc (Mfrs)","www.vermillioninc.com","0","0"
"Pennypower Shopping News Inc","3166886000","354 Lulu St","Wichita","13080000","","","","113998","P","Pennypower Shopping News Inc","cservice@pennypower.com","354 Lulu St","Wichita","KS","67211","3166886034","3166886000","731106","Advertising-Newspaper","www.pennypower.com","0","0"
"Kopco","6208792117","E Highway 166 & Cnty Rd 1700","Caney","17875000","Kenneth George Jr","President","Mal","114214","K","Kopco","kenjr@kopcoinc.com","E Highway 166 & Cnty Rd 1700","Caney","KS","67333","6208795480","6208792117","275998","Commercial Printing Nec","www.kopcoinc.com","0","0"
"Fluidtech","9134923300","10940 Eicher Dr","Shawnee Mission","12000000","Al Havlin","President","Mal","114216","F","Fluidtech","dsebesta@fluidpowerhq.com","10940 Eicher Dr","Shawnee Mission","KS","66219","9138944218","9134923300","508520","Hydraulic Equipment & Supplies (Whol)","www.fluidtech.net","0","0"
"Electro Dynamics Crystal Corp","9138881750","9075 Cody St","Shawnee Mission","13800000","Tim Abbott","President","Mal","114268","E","Electro Dynamics Crystal Corp","sallye@electrodynamics.com","9075 Cody St","Shawnee Mission","KS","66214","9138881260","9138881750","506519","Electronic Equipment & Supplies-Whol","www.electrodynamics.com","0","0"
"Celebrations Fun Equipment","3162642637","1004 E 2nd St N","Wichita","10980000","Jay Jones","Owner","Mal","114413","C","Celebrations Fun Equipment","gdavison@magicpen.net","1004 E 2nd St N","Wichita","KS","67214","3162637711","3162642637","735999","Misc Equipment-Rental & Leasing","www.partyusa.com","0","0"
"K R Johnson Inc","9135991133","15547 W 109th St","Shawnee Mission","10260000","John Mc Queeney","Owner","Mal","114632","K","K R Johnson Inc","wdrews@krjohnson.com","15547 W 109th St","Shawnee Mission","KS","66219","9135995108","9135991133","508519","Hose Couplings & Fittings (Wholesale)","www.krjohnson.com","0","0"
"Extru-Tech Inc","7852842153","100 Airport Rd","Sabetha","10441000","Scott Krebs","Manager","Mal","114702","E","Extru-Tech Inc","osvaldom@extru-techinc.com","100 Airport Rd","Sabetha","KS","66534","7852843143","7852842153","355698","Food Products-Machinery (Manufacturers)","www.extru-techinc.com","0","0"
"Sunflower Broadband Advanced","7858412100","1 Riverfront Plz # 301","Lawrence","16300000","Patrick Knoor","Manager","Mal","114781","S","Sunflower Broadband Advanced","sschneider@sunflowerbroadband.com","1 Riverfront Plz # 301","Lawrence","KS","66044","7853126975","7858412100","737804","Computer Wiring","www.sunflowerbroadband.com","0","0"
"Suther Feeds Inc","7852924414","105 S Kansas Ave","Frankfort","15220000","Jerry Suther","Owner","Mal","114890","S","Suther Feeds Inc","johll@johllgroup.com","105 S Kansas Ave","Frankfort","KS","66427","7852924780","7852924414","204803","Feed-Manufacturers","www.sutherfeeds.com","0","0"
"Gregory Inc","6205436657","200 S Regier St","Buhler","12000000","Mark Gregory","President","Mal","114899","G","Gregory Inc","jeriksen@gregory1.com","200 S Regier St","Buhler","KS","67522","6205432690","6205436657","399302","Signs (Manufacturers)","www.gregory1.com","0","0"
"Quintiles Inc","9138945533","11250 Corporate Ave","Shawnee Mission","21700000","Philip Leese","VP","Mal","114945","Q","Quintiles Inc","ludger.beckmann@quintiles.com","11250 Corporate Ave","Shawnee Mission","KS","66219","8479185477","9138945533","873108","Pharmaceutical Research Laboratories","www.quintiles.com","0","0"
"Halliburton Energy Svc","6206243879","1100 W Pancake Blvd","Liberal","15730000","Jay Fitts","Executive Director","Mal","114970","H","Halliburton Energy Svc","supplier_diversity@halliburton.com","140 S Virginia Ave","Liberal","KS","67901","3616601299","6206248123","138910","Oil Well Logging & Perforating","www.halliburton.com","0","0"
"C & O Electric","9139810008","10201 W 105th St","Shawnee Mission","13216000","Doug Carlson","Owner","Mal","115006","C","C & O Electric","doug.rehfeld@candoelec.com","10201 W 105th St","Shawnee Mission","KS","66212","9139810023","9139810008","509908","Manufacturers-Agents & Representatives","www.candoelec.com","0","0"
"Foley Group Inc","9133423336","333 N 6th St","Kansas City","11186000","Frederick Denney","Owner","Mal","115016","F","Foley Group Inc","jroberts@foley-group.com","333 N 6th St","Kansas City","KS","66101","9133215483","9133423336","506319","Lighting Fixtures-Wholesale","www.foley-group.com","0","0"
"Arcom Control","9135491000","7500 W 161st St","Stilwell","16450000","Arlen Nipper","President","Mal","115277","A","Arcom Control","rohs@arcom.com","7500 W 161st St","Stilwell","KS","66085","9135491001","9135491000","506328","Controls Control Systs/Regulators (Whol)","www.arcom.com","0","0"
"Harvest Meat Co","9133712333","1301 Argentine Blvd","Kansas City","19320000","Mike Leavy","Manager","Mal","115410","H","Harvest Meat Co","mgonzalez@harvestmeat.com","1301 Argentine Blvd","Kansas City","KS","66105","3033557170","9133712333","514704","Meat-Wholesale","www.harvestmeat.com","0","0"
"Balco Metalines Inc","3169459328","2626 S Sheridan Ave","Wichita","11200000","John Wheeler","Plant Mgr","Mal","115537","B","Balco Metalines Inc","webdev@keycreations.com","2626 S Sheridan Ave","Wichita","KS","67217","4059436247","3169459328","308902","Plastics & Plastic Products (Mfrs)","www.balcousa.com","0","0"
"Fidelty Integrated Finacial S","9135992646","15940 College Blvd","Shawnee Mission","15300000","","","","115707","F","Fidelty Integrated Finacial S","ims@fnf.com","15940 College Blvd","Shawnee Mission","KS","66219","5616220170","9135992646","737401","Data Processing Service","www.fnf.com","0","0"
"Bluestem Farm & Ranch Supply","6203425502","2611 W Us Highway 50","Emporia","12000000","Kenny Bruner","Owner","Mal","115742","B","Bluestem Farm & Ranch Supply","stan@bluestemfarmandranch.com","2611 W Us Highway 50","Emporia","KS","66801","6203429314","6203425502","519102","Farm Supplies (Wholesale)","www.bluestemfarmandranch.com","0","0"
"Peterson Clinical Lab","7855395363","1133 College Ave # B","Manhattan","10575000","Stanley Werner","Manager","Mal","115836","P","Peterson Clinical Lab","rmitchell@petersonlab.com","1133 College Ave # B","Manhattan","KS","66502","7855395363","7855395363","807101","Laboratories-Medical","www.petersonlab.com","0","0"
"Sunshine Metals Inc","3165223333","3941 S Norman St","Wichita","14658000","Lee Patrick","Manager","Mal","115977","S","Sunshine Metals Inc","mmcduff@sunshinemetals.com","3941 S Norman St","Wichita","KS","67215","3165247953","3165223333","505128","Aluminum (Wholesale)","www.sunshinemetals.com","0","0"
"Van Wall Equipment","9136812306","800 N Rogers Rd","Olathe","19980000","Mike Van Houweling","Manager","Mal","116022","V","Van Wall Equipment","kkruse@vanwall.com","800 N Rogers Rd","Olathe","KS","66062","5154652537","9136812306","508206","Contractors-Equip/Supls-Dlrs/Svc (Whol)","www.vanwall.com","0","0"
"Mercer-Zimmerman Inc","9132623008","9123 Barton St","Shawnee Mission","14160000","Tom Eads","President","Mal","116033","M","Mercer-Zimmerman Inc","amagner@mzltg.com","9123 Barton St","Shawnee Mission","KS","66214","9134384299","9132623008","509908","Manufacturers-Agents & Representatives","www.mzltg.com","0","0"
"INNOVATIVE MATERIAL SYSTEMS","9136425100","7930 STATE LINE RD STE 202","PRAIRIE VLG","17500000","JIM HORTON","President","M","116067","I","Innovative Material Systems","cgramenz@lwtpithog.com","7930 State Line Rd # 202","Shawnee Mission","KS","66208","9136425100","9136425100","508444","Pumps (Wholesale)","www.imsdredge.com","0","0"
"Furniture On Consignment","3166822000","4502 E 13th St N","Wichita","10000000","Jay Storey","Owner","Mal","116220","F","Furniture On Consignment","consignments@wichitafurniture.com","4502 E 13th St N","Wichita","KS","67208","3168540024","3166822000","571216","Furniture-Dealers-Retail","www.wichitafurniture.com","0","0"
"Kan-Pak","6204426820","1016 S Summit St","Arkansas City","16620000","Dennis Cohlmia","Owner","Mal","116387","K","Kan-Pak","janelleo@kan-pak.com","1016 S Summit St","Arkansas City","KS","67005","6204426867","6204426820","203801","Frozen Food Processors","www.quakeshake.com","0","0"
"Ruskin Co","6207632233","100 Center St","Galesburg","17800000","Delmer Fisher","Plant Mgr","Mal","116430","R","Ruskin Co","hwayi.thomas@msa.ninet.net","100 Center St","Galesburg","KS","66740","8592691027","6207632233","382205","Dampers (Manufacturers)","www.ruskin.com","0","0"
"Sandifer Engineering & Control","3167948880","206 N Main","Goddard","13160000","Bob Sandifer","Owner","Mal","116447","S","Sandifer Engineering & Control","tom_rusher@sec-controls.com","206 N Main","Goddard","KS","67052","3167948896","3167948880","506328","Controls Control Systs/Regulators (Whol)","www.sec-controls.com","0","0"
"KAAS","3169422424","316 N West St","Wichita","15700000","Kent Cornish","Manager","Mal","116462","K","KAAS","gateway@upnkansas.com","316 N West St","Wichita","KS","67203","3169428927","3169422424","781211","Video Production & Taping Service","www.foxkansas.com","0","1"
"Blattner Feedlot Construction","6208552385","16103 State Road 23","Cimarron","11770000","Rick Blattner","Owner","Mal","116472","B","Blattner Feedlot Construction","rick@blattnerlivestock.com","16103 State Road 23","Cimarron","KS","67835","6208553577","6208552385","352319","Livestock Equipment & Supplies-Mfrs","www.blattnerlivestock.com","0","0"
"Pur-O-Zone Inc","7858430771","345 N Iowa St","Lawrence","12110000","Mark Elvea","President","Mal","116565","P","Pur-O-Zone Inc","dohagan@purozone.net","345 N Iowa St","Lawrence","KS","66044","7858430798","7858430771","508724","Janitors Equipment/Supplies (Wholesale)","www.purozone.com","0","0"
"JCI Industries","3169426200","1335 S Young St","Wichita","10880000","Tom Blake","Manager","Mal","116625","J","JCI Industries","drollert@jciind.com","1335 S Young St","Wichita","KS","67209","3169426423","3169426200","508444","Pumps (Wholesale)","www.jciind.com","0","0"
"Co-Operative Grain & Supply","6209473146","121 N Ash St","Hillsboro","20400000","Chad Nowak","Manager","Mal","116795","C","Co-Operative Grain & Supply","ladams@cgsmc.com","135 N Main St","Hillsboro","KS","67063","6209472498","6209473917","422101","Grain Elevators","www.cgsmc.com","0","0"
"Journal Broadcast Group","3168389141","4200 N Old Lawrence Rd","Wichita","11000000","Rob Burton","Manager","Mal","117064","J","Journal Broadcast Group","dkiel@journalbroadcastgroup.com","4200 N Old Lawrence Rd","Wichita","KS","67219","3168383607","3168389141","483201","Radio Stations & Broadcasting Companies","www.journalbroadcastgroup.com","0","0"
"Victor L Phillips Co","3168383346","3250 N Hydraulic St","Wichita","11988000","James Koch","Manager","Mal","117079","V","Victor L Phillips Co","tmiller@vlpco.com","3250 N Hydraulic St","Wichita","KS","67219","3168380087","3168383346","508206","Contractors-Equip/Supls-Dlrs/Svc (Whol)","www.vlpco.com","0","0"
"Weller Tractor Salvage Inc","6207922471","200 SW 40 Ave","Great Bend","11988000","David Weller","VP","Mal","117248","W","Weller Tractor Salvage Inc","fantasy.village@greatbend.com","200 SW 40 Ave","Great Bend","KS","67530","6207937020","6207922471","508206","Contractors-Equip/Supls-Dlrs/Svc (Whol)","www.greatbend.com","0","0"
"Midwest Pallet","9133713555","1161 S 12th St","Kansas City","10590000","Mike Gunter","Owner","Mal","117265","M","Midwest Pallet","G-Mike@northwestpallet.com","1161 S 12th St","Kansas City","KS","66105","9133719555","9133713555","503105","Pallets & Skids (Wholesale)","NULL","0","0"
"Goedecke Co","9136211284","540 S 12th St","Kansas City","12000000","Eric Orson","Manager","Mal","117270","G","Goedecke Co","swest@vlgoedecke.com","540 S 12th St","Kansas City","KS","66105","2178773046","9136211284","503210","Caulking Materials & Equipment (Whol)","www.vlgoedecke.com","0","0"
"KICE Industries Inc","3167447151","5500 Mill Heights Dr","Park City","24150000","Thomas Kice","CEO","Mal","117287","K","KICE Industries Inc","dkice@kice.com","5500 Mill Heights Dr","Park City","KS","67219","3167447355","3167447151","179607","Pneumatic Tube Equipment & Systems","www.kice.com","0","0"
"GREAT PLAINS ROOFING & SHEET","9136774679","2830 ROE LN","KANSAS CITY","12300000","JAY HARRINGTON","Owner","M","117300","G","Great Plains Roofing & Sheet","lsnow@greatplainsroofing.com","2830 Roe Ln","Kansas City","KS","66103","9136774679","9136774679","176109","Roofing Contractors","www.greatplainsroofing.com","0","0"
"Greif Brothers Corp","6202212330","7604 Railroad Ave","Winfield","14905000","Mandon King","Plant Mgr","Mal","117357","G","Greif Brothers Corp","mohan_menon@blvlindia.com","7604 Railroad Ave","Winfield","KS","67156","5704599076","6202212330","341201","Barrels & Drums (Manufacturers)","www.greif.com","0","0"
