"Sealed Air Corp","6622268804","1621 Air Industrial Park Rd","Grenada","13940000","David Kinard","Manager","Mal","4214","S","Sealed Air Corp","webmaster@sealedair.com","1621 Air Industrial Park Rd","Grenada","MS","38901","9787725660","6622268804","308902","Plastics & Plastic Products (Mfrs)","www.shanklincorp.com","11","0"
"Newman Lumber Yard","2288321899","15393 Landon Rd","Gulfport","23805000","Roy Newman","Owner","Mal","4756","N","Newman Lumber Yard","info@newmanlumber.com","15393 Landon Rd","Gulfport","MS","39503","2288311149","2288321899","503109","Lumber-Wholesale","www.newmanlumber.com","11","0"
"Maxim Manufacturing Co","6016257471","16741 Highway 21 S","Sebastopol","14200000","A G Easom Jr","President","Mal","9911","M","Maxim Manufacturing Co","parts@maximmfg.com","16741 Highway 21 S","Sebastopol","MS","39359","6016258227","6016257471","352498","Lawn/Grdn Tractors/Home Lawn Eqpt (Mfrs)","www.maximmfg.com","11","0"
"Columbus Brick Co","6623284931","114 Brickyard Rd","Columbus","14740000","Allen Puckett Iii","President","Mal","12356","C","Columbus Brick Co","info@columbusbrick.com","114 Brickyard Rd","Columbus","MS","39701","6623284934","6623284931","325101","Brick-Clay Common & Face-Manufacturers","www.columbusbrick.com","11","0"
"Penske Truck Leasing","6019811200","2250 Boling St","Jackson","17460000","Roger Hastings","Manager","Mal","14484","P","Penske Truck Leasing","privacy@penskecorp.com","2250 Boling St","Jackson","MS","39213","8162181050","6019811200","751303","Truck Renting & Leasing","www.penske.com","11","0"
"Poly Vulc USA Inc","6016388040","1645 Haining Rd","Vicksburg","19380000","Dub Garret","Manager","Mal","17788","P","Poly Vulc USA Inc","admin@polyvulcusa.com","1645 Haining Rd","Vicksburg","MS","39183","6016386133","6016388040","508548","Rubber Products-Wholesale","www.polyvulcusa.com","11","0"
"Hankins Inc","6628379286","15881 Highway 4 E","Ripley","21440000","Harold Hankins","President","Mal","18131","H","Hankins Inc","info@hankinsinc.com","15881 Highway 4 E","Ripley","MS","38663","6628374190","6628379286","242101","Lumber-Manufacturers","www.hankinsinc.com","11","0"
"Monroe Tufline Mfg Co","6623288347","2219 Tufline Ln","Columbus","16155000","Tim Perkins","President","Mal","23857","M","Monroe Tufline Mfg Co","products@monroetufline.com","2219 Tufline Ln","Columbus","MS","39705","8067451082","6623288347","353198","Construction Machinery & Equip (Mfrs)","www.bighambrothers.com","11","0"
"Jones County Medical Supplies","6014262574","104 S 13th Ave","Laurel","11960000","Clay Johnson","Owner","Mal","25792","J","Jones County Medical Supplies","info@jonescountymedical.com","104 S 13th Ave","Laurel","MS","39440","6014262574","6014262574","504712","Hospital Equipment & Supplies (Whol)","www.jonescountymedical.com","11","0"
"Cook Coggin Engineers Inc","6628427381","703 Crossover Rd","Tupelo","12640000","Ben Coggin","Partner","Mal","26718","C","Cook Coggin Engineers Inc","info@cookcoggin.com","703 Crossover Rd","Tupelo","MS","38801","6628427381","6628427381","871111","Engineers-Consulting","www.cookcoggin.com","11","0"
"Paw Paws Camper City","6013760610","5551 I 55 S","Byram","10258000","Stan Felts","Manager","Mal","31134","P","Paw Paws Camper City","sales@neworleanswebsite.com","5551 I 55 S","Byram","MS","39272","3379881920","6013760610","556103","Recreational Vehicles","www.gilesauto.com","11","0"
"Power Equipment Co","6628690283","1545 State Highway 45","Saltillo","10656000","Mark Holley","Manager","Mal","36283","P","Power Equipment Co","feedback@bram.net","1545 State Highway 45","Saltillo","MS","38866","6628690290","6628690283","508206","Contractors-Equip/Supls-Dlrs/Svc (Whol)","www.bram.com","11","0"
"Securitas Security Svc USA Inc","6014200980","199 Interstate Dr # U","Richland","13600000","Harry Bernham","President","Mal","36871","S","Securitas Security Svc USA Inc","info@securitas.com","199 Interstate Dr # U","Richland","MS","39218","6014200964","6014200980","738102","Security Guard & Patrol Service","www.securitas.com","11","0"
"Fresh Water Farms Inc","6622474205","4700 E Highway 12","Belzoni","17000000","David Farmer","Plant Mgr","Mal","38867","F","Fresh Water Farms Inc","contact@freshwatercatfish.com","4700 E Highway 12","Belzoni","MS","39038","6622474442","6622474205","514601","Seafood-Wholesale","www.freshwatercatfish.com","11","0"
"Union Grocery Co","6625345089","604 Carter Ave","New Albany","10500000","W T Shannon","President","Mal","38996","U","Union Grocery Co","orders@uniongrocery.com","604 Carter Ave","New Albany","MS","38652","6625348085","6625345089","514105","Grocers-Wholesale","www.uniongrocery.com","11","0"
"Shelton Trucking Svc","6624240078","3 County Road 334","Iuka","24160000","Sheila Huffman","Manager","Fem","39345","S","Shelton Trucking Svc","customerservice@sheltontrucking.com","3 County Road 334","Iuka","MS","38852","6624230048","6624240078","421309","Trucking-Motor Freight","www.sheltontrucking.com","11","0"
"Phillips Contracting Co","6623286250","1500 Moss St","Columbus","11300000","William R Phillips Iii","Owner","Mal","40859","P","Phillips Contracting Co","hr@phillipscontracting.com","1500 Moss St","Columbus","MS","39701","6623286252","6623286250","177105","Concrete Contractors","www.phillipscontracting.com","11","0"
"Clarke Detroit Diesel","6019322424","620 Highway 49 S","Richland","10336000","Darrin Short","Manager","Mal","41225","C","Clarke Detroit Diesel","info@clarke.com","620 Highway 49 S","Richland","MS","39218","6019323318","6019322424","508414","Engines-Diesel (Wholesale)","www.clarke.com","11","0"
"Source Link","6018988700","5 Olympic Way","Madison","16560000","Don Landrum","President","Mal","41506","S","Source Link","privacy@sourcelink.com","5 Olympic Way","Madison","MS","39110","3102085681","6018988700","733105","Advertising-Direct Mail","www.msdbm.com","11","0"
"Diamond G Trailer Co","6017946643","36 Mangum Ln","Purvis","12840000","Scott Gratham","Owner","Mal","42014","D","Diamond G Trailer Co","info@dreamcoach.com","36 Mangum Ln","Purvis","MS","39475","6017943887","6017946643","379912","Trailers-Horse-Manufacturers","www.dreamcoach.com","11","0"
"Remy Raman LLC","6014826668","715 Front Street Ext","Meridian","12544000","Ed Frey","Manager","Mal","42395","R","Remy Raman LLC","webmaster@remyinc.com","715 Front Street Ext","Meridian","MS","39301","7657786525","6014826668","501313","Automobile Parts & Supplies-Wholesale","www.delcoremy.com","11","0"
"PFG Precision Optics Inc","2288750165","733 Bienville Blvd","Ocean Springs","11424000","Gayden Gladman","President","","42500","P","PFG Precision Optics Inc","hr@pfgoptics.com","733 Bienville Blvd","Ocean Springs","MS","39564","2288759354","2288750165","384104","Physicians & Surgeons Equip & Supls-Mfrs","www.pfgoptics.com","11","0"
"Hardware Distribution Wrhse","6624533221","1100 Sycamore Ave","Greenwood","23000000","Mary Anne Stinson","Manager","Fem","43534","H","Hardware Distribution Wrhse","sales@hdwinc.com","1100 Sycamore Ave","Greenwood","MS","38930","3186868550","6624533221","507207","Hardware-Wholesale","www.hdwinc.com","11","0"
"Hotel & Restaurant Supply","6014827127","2215 Old Marion Rd","Meridian","17512000","Jerry Greene","Owner","Mal","43867","H","Hotel & Restaurant Supply","info@hnrsupply.com","2215 Old Marion Rd","Meridian","MS","39301","6014827170","6014827127","504604","Restaurant Equipment & Supplies (Whol)","www.hnrsupply.com","11","0"
"Mississippi Plastic Bag & Pkg","6018667209","114 Bolton Brownsville Rd","Bolton","11254000","Raymond Miller","President","Mal","44626","M","Mississippi Plastic Bag & Pkg","sales@msplasticpackaging.com","114 Bolton Brownsville Rd","Bolton","MS","39041","6018667274","6018667209","308101","Polyethylene Materials & Prods (Mfrs)","www.msplasticpackaging.com","11","0"
"Sheldon Lab Systems Inc","6018922731","102 Kirk St","Crystal Springs","17700000","Eddie Adkins","President","Mal","45651","S","Sheldon Lab Systems Inc","sales@sheldonlabs.com","102 Kirk St","Crystal Springs","MS","39059","6018924364","6018922731","382103","Laboratory Furniture (Manufacturers)","www.sheldonlabs.com","11","0"
"Burke Handling Systems","6019396600","431 Highway 49 S","Jackson","19040000","Bob Burke Jr","President","Mal","47005","B","Burke Handling Systems","parts@burkehandling.com","431 Highway 49 S","Jackson","MS","39218","6019396758","6019396600","508457","Trucks-Industrial (Wholesale)","www.burkehandling.com","11","0"
"Hol-Mac Corp","6017644121","160 Commerce Dr","Bay Springs","15900000","Charles Holder","Owner","Mal","47782","H","Hol-Mac Corp","info@hol-mac.com","160 Commerce Dr","Bay Springs","MS","39422","6017643438","6017644121","349903","Metal Goods-Manufacturers","www.hol-mac.com","11","0"
"Team One Communications","2287623721","1777 Old Mobile Ave","Pascagoula","10100000","Don Livingston","Manager","Mal","48161","T","Team One Communications","webmaster@teamonecomm.com","1777 Old Mobile Ave","Pascagoula","MS","39567","8504328328","2287623721","506504","Radio Communication Equip & Systems-Whol","www.teamonecomm.com","11","0"
"Thompson Machinery","6622437750","3099 S Frontage Rd","Columbus","14144000","Chuck Gustavsen","Manager","Mal","51968","T","Thompson Machinery","information@thompsonmachinery.com","3099 S Frontage Rd","Columbus","MS","39701","6157937617","6622437750","508427","Machinery-New (Wholesale)","www.thompsonmachinery.com","11","0"
"First American Prntg & Direct","2288758199","1 Choctaw Trl","Ocean Springs","13800000","Edwin C Smith","President","Mal","52144","F","First American Prntg & Direct","webmaster@fapdm.com","1 Choctaw Trl","Ocean Springs","MS","39564","2288758198","2288758199","733105","Advertising-Direct Mail","www.fapdm.com","11","0"
"Liberty Tractor Co Inc","6016578255","1620 E Main St","Liberty","13944000","Fairl Bowlin","Owner","Mal","53230","L","Liberty Tractor Co Inc","info@libertytractor.com","1620 E Main St","Liberty","MS","39645","6016578219","6016578255","508304","Tractor-Dealers (Wholesale)","www.libertytractor.com","11","0"
"BOC Gases","6018241000","159 Andrew Chapel Rd","Brandon","14650000","Roger Taylor","Manager","Mal","54489","B","BOC Gases","contactus@boc.com","159 Andrew Chapel Rd","Brandon","MS","39042","4107282702","6018241000","281301","Gas-Ind & Medical-Cylinder & Bulk-Mfrs","www.bocgases.com","11","0"
