"Little's Jewelers","6622865041","607 Cruise St","Corinth","1092000","Carroll Little","Owner","Mal","236","L","Little's Jewelers","sales@littlesjewelers.com","607 Cruise Street","Corinth","MS","38834","6369782169","null","594409","Jewelers","littlesjewelers.com","11","0"
"Aeropostale Inc","2283852511","2600 Beach Blvd","Biloxi","1740000","Kerri Simon","Manager","Fem","892","A","Aeropostale Inc","customerservice@aeropostale.com","2600 Beach Blvd","Biloxi","MS","39531","2519712834","2283852511","562101","Women's Apparel-Retail","www.aeropostale.com","11","0"
"Tunica Queen Riverboat","6623637622","1 Riverpark Dr","Tunica","4200000","Roger O'Dell","Manager","Mal","2388","T","Tunica Queen Riverboat","info@tunicaqueen.com","1 Riverpark Dr","Tunica","MS","38676","6623637623","6623637622","799913","Boats-Rental & Charter","www.tunicaqueen.com","11","0"
"Foam Packaging Inc","6016384871","35 Stennis Rd","Vicksburg","1525000","Ray B English","President","Mal","4199","F","Foam Packaging Inc","webmaster@foam-packaging.com","35 Stennis Rd","Vicksburg","MS","39180","6016362655","6016384871","508303","Poultry Equipment & Supplies (Wholesale)","www.foam-packaging.com","11","0"
"Jerry Kelly Co","6624896894","267 W Reynolds St","Pontotoc","1480000","Jerry Kelly","Owner","Mal","5642","J","Jerry Kelly Co","contactus@americanmadefitnessequipment.com","267 W Reynolds St","Pontotoc","MS","38863","6624897298","6624896894","594136","Exercise Equipment-Retail","www.americanmadefitnessequipment.com","11","0"
"Dollar General","6017988842","112 Elizabeth St","Picayune","1458000","Yuko Burg","Manager","Fem","6669","D","Dollar General","privacypolicy@dollargeneral.com","112 Elizabeth St","Picayune","MS","39466","2562155511","6017988842","531104","Retail Shops","www.dollargeneral.com","11","0"
"Estes Express Lines","6019391959","110 Interstate Dr","Richland","4832000","Steve Hull","Manager","Mal","7034","E","Estes Express Lines","info@estes.com","110 Interstate Dr","Richland","MS","39218","6019391948","6019391959","421309","Trucking-Motor Freight","www.estes.com","11","0"
"Standard Office Supply Co","6015445361","400 W Pine St","Hattiesburg","3146000","Mike Herrin","Owner","Mal","7451","S","Standard Office Supply Co","info@mdmstandard.com","400 W Pine St","Hattiesburg","MS","39401","6015453202","6015445361","594301","Office Supplies","www.standardofficesupply.com","11","0"
"Cardinal Conveyor","6622332273","314 Wallace Dr","Coldwater","4352000","Chip Chambers","Owner","Mal","8496","C","Cardinal Conveyor","info@cardinalconveyor.com","314 Wallace Dr","Coldwater","MS","38618","6622332273","6622332273","508426","Material Handling Equipment (Wholesale)","www.cardinalconveyor.com","11","0"
"Lakeside Moulding & Mfg Co","6019925546","5300 Highway 25","Brandon","4680000","Herman Shumaker","Owner","Mal","9141","L","Lakeside Moulding & Mfg Co","info@lakesidemoulding.com","5300 Highway 25","Brandon","MS","39047","6019925368","6019925546","175103","Cabinet Makers","www.lakesidemoulding.com","11","0"
"Fred's Store Pharmacy","6013710766","540 Raymond Rd","Jackson","3660000","Roosevelt Washington","Manager","Mal","9393","F","Fred's Store Pharmacy","info@freds.com","540 Raymond Rd","Jackson","MS","39204","6013719025","6013710766","591205","Pharmacies","www.freds.com","11","0"
"Jackson Freight Forwarders Inc","6019363045","1205 Industrial Park Dr","Clinton","1812000","John Menninger","Owner","Mal","10000","J","Jackson Freight Forwarders Inc","safety@jfftrans.com","1205 Industrial Park Dr","Clinton","MS","39056","6019247022","6019363045","421303","Trucking-Transportation Brokers","www.jfftrans.com","11","0"
"Hudsons Inc","6018492177","Highway 49 S","Magee","1944000","Candy Tebo","Manager","Fem","10315","H","Hudsons Inc","info@hudsonsalvage.com","Highway 49 S","Magee","MS","39111","6018492194","6018492177","531104","Retail Shops","www.hudsonsalvage.com","11","0"
"Delta Pride Catfish","6628934005","","Olive Branch","2508000","","","","10694","D","Delta Pride Catfish","info@deltapride.com","null","Olive Branch","MS","38654","6628935276","6628935215","738999","Business Services Nec","null","11","0"
"Cook Portable Warehouse","6622299787","1291 Air Industrial Park Rd","Grenada","3780000","Scott Acey","Manager","Mal","11387","C","Cook Portable Warehouse","support@cookstuff.com","1291 Air Industrial Park Rd","Grenada","MS","38901","2292418928","6622299787","422503","Storage-Household & Commercial","www.cookstuff.com","11","0"
"Reed-Joseph International Co","6623355822","800 Main St","Greenville","4308000","J Barthell Joseph Jr","President","Mal","12877","R","Reed-Joseph International Co","sales@reedjoseph.com","800 Main St","Greenville","MS","38701","6623358850","6623355822","519932","Pet Supplies-Wholesale","www.reedjoseph.com","11","0"
"Hattiesburg Gas Storage Co","6015452114","1382 Us Highway 11","Petal","1512000","Sammy Thigpen","Administrator","Mal","13609","H","Hattiesburg Gas Storage Co","webmaster@elpaso.com","1382 Us Highway 11","Petal","MS","39465","3612937894","6015452114","422501","Storage","www.elpaso.com","11","0"
"Advanced Nursing Inc","6016844146","119 W Presley Blvd # C","Mccomb","2050000","Ed Griffin","Owner","Mal","16102","A","Advanced Nursing Inc","info@tcyber.com","119 W Presley Blvd # C","Mccomb","MS","39648","6016843411","6016844146","804908","Nurses & Nurses' Registries","www.advancednursing.net","11","0"
"Friendly City Tire","6625347671","1004 Munsford Dr","New Albany","1520000","Milton Campbell","Manager","Mal","17217","F","Friendly City Tire","info@friendlycitytire.com","1004 Munsford Dr","New Albany","MS","38652","6625349015","6625347671","553123","Tire-Dealers-Retail","www.friendlycitytire.com","11","0"
"Saad's Healthcare Svc","2284325622","814 Howard Ave","Biloxi","2450000","George Hellar","Manager","Mal","18506","S","Saad's Healthcare Svc","info@s-adv.com","814 Howard Ave","Biloxi","MS","39530","2284325622","2284325622","808201","Home Health Service","www.saads.com","11","0"
"Indian Cycle Fitness & Outdoor","6019568383","677 S Pear Orchard Rd","Ridgeland","2220000","Jim Ballard","Owner","Mal","18985","I","Indian Cycle Fitness & Outdoor","info@indiancyclefitness.com","677 S Pear Orchard Rd","Ridgeland","MS","39157","6019566230","6019568383","594141","Bicycles-Dealers","www.indiancyclefitness.com","11","0"
"M S Rubber","6019482575","715 E Mcdowell Rd","Jackson","4727000","Greg Hebert","President","Mal","19823","M","M S Rubber","info@msrubber.com","715 E Mcdowell Rd","Jackson","MS","39204","6013520109","6019482575","305302","Gaskets-Manufacturers","www.msrubber.com","11","0"
"Industrial Transportation","6017988121","935 Highway 11 S","Picayune","3020000","Steven Martin","President","Mal","20522","I","Industrial Transportation","info@indtran.com","935 Highway 11 S","Picayune","MS","39466","6017991373","6017988121","421309","Trucking-Motor Freight","www.indtran.com","11","0"
"WMS Gaming Inc","2283963711","12450 Shortcut Rd","Biloxi","3528000","Glenn Ryan","Manager","Mal","22287","W","WMS Gaming Inc","privacy@wmsgaming.com","12450 Shortcut Rd","Biloxi","MS","39532","2283961887","2283963711","594509","Games & Game Supplies","www.wmsgaming.com","11","0"
"Service Master Co","6014811670","4908 Dale Dr","Marion","3000000","Jim Cason","Owner","Mal","22944","S","Service Master Co","feedback@servicemaster.com","4908 Dale Dr","Marion","MS","39342","8504775162","6014811670","721704","Carpet & Rug Cleaners","www.servicemaster.com","11","0"
"Offisource Inc","6013529000","1434 Old Square Rd","Jackson","3630000","Charles Hooker","President","Mal","23395","O","Offisource Inc","info@offisource.com","1434 Old Square Rd","Jackson","MS","39211","6013528683","6013529000","594301","Office Supplies","www.offisource.com","11","0"
"Custom Glass","6628426844","202 Air Park Rd","Tupelo","3015000","Pat Hankins","Owner","Mal","24058","C","Custom Glass","postmaster@customglass-tupelodoor.com","202 Airpark Rd","TUPELO","MS","38801","6623862795","null","5719","Glass & mirrors","CUSTOMGLASS-TUPELODOOR.COM","11","0"
"Alison Paving","6017989306","166 Cliff Mitchell Rd","Picayune","1175000","Jim Alison","Owner","Mal","24265","M","Magnolia Personal Care Home","info@magnoliapersonalcare.com","174 Cliff Mitchell Rd","Picayune","MS","39466","6017989306","6017984007","805101","Nursing & Convalescent Homes","www.magnoliapersonalcare.com","11","0"
"Mc Lelland Television Co","6015830542","302 Broadway Dr","Hattiesburg","2662000","Douglas Mc Lelland","President","Mal","25477","M","Mc Lelland Television Co","copyright@websitepros.com","302 Broadway Dr","Hattiesburg","MS","39401","9493604012","6015830542","573103","Television & Radio-Dealers","www.alvineyard.com","11","0"
"Cain Lithographers Inc","6019814700","755 Stonewall St","Jackson","3800000","Duke Cain","Owner","Mal","26835","C","Cain Lithographers Inc","sales@cainlitho.com","755 Stonewall St","Jackson","MS","39213","6019814787","6019814700","275202","Printers","www.cainlitho.com","11","0"
"Mc Gehee Cruise Vacations Inc","6019817070","4500 I 55 N # 104","Jackson","1278000","Carol Ann Mc Gehee","Manager","Mal","27087","M","Mc Gehee Cruise Vacations Inc","webmaster@mcgeheecruise.com","4500 I 55 N # 104","Jackson","MS","39211","6019819400","6019817070","472402","Travel Agencies & Bureaus","www.glennmcgehee.com","11","0"
"Techweld Inc","2287622890","4200 Industrial Rd","Pascagoula","1530000","Gerald Taylor","Owner","Mal","27123","T","Techweld Inc","info@techweldinc.com","4200 Industrial Rd","Pascagoula","MS","39581","2287695219","2287622890","873402","Laboratories-Testing","www.techweldinc.com","11","0"
"Louisville Electronics","6627735228","415 W Main St","Louisville","3630000","Scott Dalton","Owner","Mal","27563","L","Louisville Electronics","info@louisvillems.com","415 W Main St","Louisville","MS","39339","6627738422","6627735228","573117","Electronic Equipment & Supplies-Retail","www.louisvillems.com","11","0"
"Hughes Supply","6019327888","220 One Stop Pl","Pearl","3770000","Kevin Walker","Manager","Mal","27739","H","Hughes Supply","webmaster@hns.com","220 One Stop Pl","Pearl","MS","39208","6019322263","6019327888","343201","Plumbing Fixtures & Supplies-Mfrs","www.hughes.com","11","0"
"Nathan E Daniels Roofing Co","6014823911","6317 D St","Meridian","3100000","Jerry Craven","President","Mal","27969","N","Nathan E Daniels Roofing Co","info@danielsroofing.com","6317 D St","Meridian","MS","39307","6016931366","6014823911","176109","Roofing Contractors","www.danielsroofing.com","11","0"
"Mckenzie Tank Line Inc","6016846860","1190 Frank Oaks Rd","Mccomb","4983000","Price Wilson","Manager","Mal","28127","M","Mckenzie Tank Line Inc","webmaster@mckenzietank.com","1190 Frank Oaks Rd","Mccomb","MS","39648","2514572034","6016846860","421307","Trucking-Heavy Hauling","www.mckenzietank.com","11","0"
"Camerawatch Corp","6013628008","310 Airport Rd S","Jackson","2250000","Jim Walker","Owner","Mal","28442","C","Camerawatch Corp","info@camerawatch.net","310 Airport Rd S","Jackson","MS","39208","6014204238","6013628008","874813","Security Systems Consultants","www.camerawatch.net","11","0"
"Service Master Co","6015820101","216 W Fifth Ave","Petal","4650000","David Lee","Owner","Mal","28451","S","Service Master Co","sales@expresstime.net","216 W Fifth Ave","Petal","MS","39465","6015820456","6015820101","734999","Building Cleaning/Maintenance Svcs","www.expresstime.net","11","0"
"Culp Of Mississippi","6628447144","3733 Mccullough Blvd","Belden","4347000","Tanya Scott","Manager","Fem","29584","C","Culp Of Mississippi","webmaster@culpinc.com","3733 Mccullough Blvd","Belden","MS","38826","8642259006","6628447144","355398","Woodworking Machinery (Manufacturers)","www.culpinc.com","11","0"
"Oxford Floral Co","6622342515","1103 Jefferson Ave","Oxford","1360000","Jeffrey Butler","Owner","Mal","30016","O","Oxford Floral Co","orders@oxfordfloral.com","1103 Jefferson Ave","Oxford","MS","38655","6622328981","6622342515","599201","Florists-Retail","www.oxfordfloral.com","11","0"
"Utility Management Corp","6019482360","111 E Capitol St # 280","Jackson","1106000","Howard Randolph","President","Mal","30196","U","Utility Management Corp","sales@energycap.com","111 E Capitol St # 280","Jackson","MS","39201","6013520521","6019482360","871150","Engineers-Energy Management","www.utilitymanagement.org","11","0"
"Pro Matura Group","6622340158","142 Highway 30 E","Oxford","2210000","Margaret Wylde","President","Fem","30354","P","Pro Matura Group","info@promatura.com","142 Highway 30 E","Oxford","MS","38655","6622340288","6622340158","874213","Marketing Programs & Services","www.promatura.com","11","0"
"PMT Inc","6014835505","2203 Highway 39 N","Meridian","1711000","","","","30444","P","PMT Inc","info@pmtincorporated.com","2203 Highway 39 N","Meridian","MS","39301","6014838838","6014835505","411914","Transportation Services","www.pmtincorporated.com","11","0"
"WXHB","6016490095","4580 Highway 15 N","Laurel","4890000","Larry Blakeney","Owner","Mal","31314","W","WXHB","info@solidgospel.com","4580 Highway 15 N","Laurel","MS","39443","6016498199","6016490095","731303","Advertising-Radio","www.solidgospel.com","11","0"
"Town & Country Furniture Co","6624235660","1709 W Quitman St","Iuka","2000000","Jeff Hollis","Manager","Mal","31729","T","Town & Country Furniture Co","info@towncountryfurniture.com","1709 W Quitman St","Iuka","MS","38852","6624239555","6624235660","571216","Furniture-Dealers-Retail","www.towncountryfurniture.com","11","0"
"BANKINGFORMS.COM","6013040632","322 Highland Blvd # A","Natchez","1710000","Mark Smitherman","Owner","Mal","31793","B","BANKINGFORMS.COM","sales@bankingforms.com","322 Highland Blvd # A","Natchez","MS","39120","6013040632","6013040632","511207","Business Forms & Systems (Wholesale)","www.bankingforms.com","11","0"
"Jim Bennett Yacht Sales","6624239999","3834 Highway 25","Iuka","3984000","Jim Bennett","Owner","Mal","31905","J","Jim Bennett Yacht Sales","sales@bennettyachtsales.com","3834 Highway 25","Iuka","MS","38852","6624233339","6624239999","555104","Boat Dealers Sales & Service","www.bennettyachtsales.com","11","0"
"ASCI","6016381372","3402 Wisconsin Ave # 5","Vicksburg","2288000","","","","32300","A","ASCI","jobs@ascicorp.com","3402 Wisconsin Ave # 5","Vicksburg","MS","39180","6016381751","6016381372","873111","Environmental & Ecological Services","www.ascicorp.com","11","0"
"Brad's Electronics","6623962250","152 Highway 15 N","Pontotoc","3872000","Bradley White","Owner","Mal","33100","B","Brad''s Electronics","sales@bradselectronics.com","152 Highway 15 N","Pontotoc","MS","38863","6623962250","6623962250","573105","Stereophonic & High Fidelity Equip-Dlrs","www.bradselectronics.com","11","0"
"Nortrax","6628443212","2454 Mccullough Blvd","Belden","4026000","Jim Bryson","Manager","Mal","33279","N","Nortrax","webmaster@nortrax.com","2454 Mccullough Blvd","Belden","MS","38826","7753530448","6628443212","735949","Contractors-Equipment & Supls-Renting","www.nortrax.com","11","0"
"Parris Jewelers","6012641764","200 S 27th Ave","Hattiesburg","1248000","Raymond Brown","Owner","Mal","34141","P","Parris Jewelers","info@parrisjewelers.com","200 S 27th Avenue","Hattiesburg","MS","39401","6012641764","6012640405","594409","Jewelers","parrisjewelers.com","11","0"
"Packaging Research & Design","6018569791","107 Bristol Ct","Madison","2320000","Bill Beck","Owner","Mal","34800","P","Packaging Research & Design","info@packagingresearch.com","107 Bristol Ct","Madison","MS","39110","6018531202","6018569791","267301","Bags-Plastic (Manufacturers)","www.packagingresearch.com","11","0"
"Tupelo Buffalo Park","6624013849","2272 N Coley Rd","Tupelo","1092000","Dan Franklin","Manager","Mal","35588","T","Tupelo Buffalo Park","info@tupelobuffalopark.com","2272 N Coley Rd","Tupelo","MS","38801","6624013849","6624013849","799951","Provincial Parks","www.tupelobuffalopark.com","11","0"
"Buckle","6015799104","1000 Turtle Creek Dr","Hattiesburg","2106000","Bryan Cotton","Manager","Mal","35723","B","Buckle","customerservice@buckle.com","1000 Turtle Creek Dr","Hattiesburg","MS","39402","3343562205","6015799104","531102","Department Stores","www.buckle.com","11","0"
"Express","6628448007","1001 Barnes Crossing Rd # 224","Tupelo","1740000","","","","35768","E","Express","copyright@sbandg.com","1001 Barnes Crossing Rd # 224","Tupelo","MS","38804","2565324414","6628448007","562101","Women's Apparel-Retail","www.cleveland.com","11","0"
"Santek & Waste Svc","6624880444","1904 Pontotoc Pkwy W","Pontotoc","3472000","Bill Perry","Manager","Mal","35839","S","Santek & Waste Svc","hr@wasteconnections.com","1904 Pontotoc Pkwy W","Pontotoc","MS","38863","8656373826","6624880444","495302","Garbage Collection","www.wasteconnections.com","11","0"
"Magic Dollar","6626659696","940 S Cass St","Corinth","2040000","Chris Patel","Manager","Mal","35960","M","Magic Dollar","sales@magicdollar.com","940 S Cass St","Corinth","MS","38834","9015071767","6626659696","533101","Variety Stores","www.magicdollar.com","11","0"
"DATCO Intl Inc","6623273995","15 Datco Industrial Dr","Columbus","2366000","Billy Jenkins","Manager","Mal","36141","D","DATCO Intl Inc","support@zyromedia.com","15 Datco Industrial Dr","Columbus","MS","39702","6623273998","6623273995","239203","Wiping Cloths-Manufacturers","www.datco.com","11","0"
"Westhaven Memorial Funeral Hm","6019223666","3580 Robinson St","Jackson","4879000","Anthony R Davis","Partner","Mal","36262","W","Westhaven Memorial Funeral Hm","info@whmfh.com","3580 Robinson St","Jackson","MS","39209","6019225033","6019223666","726103","Funeral Directors","www.whmfh.com","11","0"
"Peak Athletics","6013660002","194 Highland Cir","Jackson","1152000","Bob Mc Cain","Owner","Mal","38150","P","Peak Athletics","info@buffalopeak.net","194 Highland Cir","Jackson","MS","39211","6013660002","6013660002","566101","Shoes-Retail","www.buffalopeak.net","11","0"
"Barkley Travel Svc Inc","6625345203","141 W Bankhead St","New Albany","2625000","Julia Barkley","Owner","Fem","38305","B","Barkley Travel Svc Inc","info@barkleytravel.com","141 W Bankhead St","New Albany","MS","38652","6625345203","6625345203","414201","Buses-Charter & Rental","www.barkleytravel.com","11","0"
"Hall's Towing Svc Inc","6019393932","1161 Weems St","Pearl","1825000","Jim Hall","Owner","Mal","38759","H","Hall's Towing Svc Inc","info@hallstowing.com","1161 Weems St","Pearl","MS","39208","6019393932","6019393932","754901","Wrecker Service","www.hallstowing.com","11","0"
"Odyssey Healthcare","2288640065","9414 Three Rivers Rd # 3","Gulfport","3185000","Laurie Dick","Manager","Fem","38924","O","Odyssey Healthcare","info@odsyhealth.com","9414 Three Rivers Rd # 3","Gulfport","MS","39503","6019733551","2288640065","805908","Hospices","www.odsyhealth.com","11","0"
"Asi Building Products","2288320303","12483 Dedeaux Rd","Gulfport","1752000","Gene Necaise","Manager","Mal","39013","A","Asi Building Products","info@asibp.com","12483 Dedeaux Rd","Gulfport","MS","39503","2288320067","2288320303","154210","Buildings-Metal","www.asibp.com","11","0"
"Specialty Rental Tools & Supl","6014259886","1643 Highway 184 E","Laurel","2013000","Kevin Gatlin","Manager","Mal","39150","S","Specialty Rental Tools & Supl","marketing@oilstates.com","1643 Highway 184 E","Laurel","MS","39443","7135102203","6014259886","735937","Oil Well Equipment & Supplies-Renting","www.oilstates.com","11","0"
"Bryan Tours /Mts Travel","6019811345","1929 Dunbarton Dr # A","Jackson","1065000","Anita Nooe","Manager","Fem","40069","B","Bryan Tours /Mts Travel","service@mtstravel.com","1929 Dunbarton Dr # A","Jackson","MS","39216","3162832397","6019811345","472402","Travel Agencies & Bureaus","www.mtstravel.com","11","0"
"Fed Ex Freight","6014857132","1115 NE Industrial Park Rd","Meridian","4681000","Charles Schneider","Manager","Mal","40226","F","Fed Ex Freight","webmaster@fedex.com","1115 NE Industrial Park Rd","Meridian","MS","39301","6022524055","6014857132","421309","Trucking-Motor Freight","www.fedex.com","11","0"
"Village Cycle Ctr","6623231555","1271 Old Highway 82 E","Starkville","1830000","Carl Ivey Jr","Owner","Mal","40366","V","Village Cycle Ctr","info@vccms.com","1271 Old Highway 82 E","Starkville","MS","39759","6623243452","6623231555","769967","Motorcycles & Motor Scooters-Rpr & Svc","www.vccms.com","11","0"
"Safety-Kleen Corp","6019221421","120 Richardson Dr","Jackson","3906000","Bill Goodman","Manager","Mal","40489","S","Safety-Kleen Corp","info@safety-kleen.com","120 Richardson Dr","Jackson","MS","39209","3236602075","6019221421","495305","Waste Disposal-Hazardous","www.safety-kleen.com","11","0"
"Tire Centers Inc","6019320031","301 Walker Cir","Richland","1064000","Fred Hansbrough","Manager","Mal","40944","T","Tire Centers Inc","info@mc2construction.com","535 Highway 49 S","Richland","MS","39218","9163739243","6019325664","553123","Tire-Dealers-Retail","www.tirecenters.com","11","0"
"Tire Kingdom","2288725466","3817 Bienville Blvd","Ocean Springs","1672000","Norman Louviere","Manager","Mal","41446","T","Tire Kingdom","customerservice@tirekingdom.com","3817 Bienville Blvd","Ocean Springs","MS","39564","5407859123","2288725466","553123","Tire-Dealers-Retail","www.ntb.com","11","0"
"Craftman's Workshop","2283889601","2600 Beach Blvd","Biloxi","3590000","Jim Champagne","Owner","Mal","41723","C","Craftman''s Workshop","webmaster@craftmans.com","2600 Beach Blvd","Biloxi","MS","39531","2283889601","2283889601","519913","Leather (Wholesale)","www.craftmans.com","11","0"
"Schindler Elevator Corp","6019233344","5251 Greenway Drive Ext","Jackson","2254000","Richard Garrison","Manager","Mal","42963","S","Schindler Elevator Corp","email@schindler.com","5251 Greenway Drive Ext","Jackson","MS","39204","9169281738","6019233344","179605","Elevators-Sales & Service","www.schindler.com","11","0"
"Family Christian Book Store","2288319969","12008 Highway 49","Gulfport","1197000","James Green","Manager","Mal","43653","F","Family Christian Book Store","info@fcsdirect.familychristian.com","12008 Highway 49","Gulfport","MS","39503","3379899798","2288319969","594201","Book Dealers-Retail","www.familychristian.com","11","0"
"Integrated Communications","6622345787","574 Highway 51 S","Batesville","4040000","Mike Holmes","Manager","Mal","43947","I","Integrated Communications","info@iciwireless.com","574 Highway 51 S","Batesville","MS","38606","6622345787","6622345787","506504","Radio Communication Equip & Systems-Whol","www.iciwireless.com","11","0"
"Bassett Furniture Direct","2288979080","1526 E Pass Rd","Gulfport","4000000","Tim Bosler","Manager","Mal","44052","B","Bassett Furniture Direct","support@bassettfurniture.com","1526 E Pass Rd","Gulfport","MS","39507","5592754728","2288979080","571216","Furniture-Dealers-Retail","www.bassettfurniture.com","11","0"
"T & S Machine Shop","6018258627","1396 Highway 471","Brandon","1845000","George Tullos","Owner","Mal","44193","T","T & S Machine Shop","info@tandsmachine.com","1396 Highway 471","Brandon","MS","39042","6018253176","6018258627","359903","Machine Shops","www.tandsmachine.com","11","0"
"Discoverourtown.Com Inc","6016364404","1400 Washington St","Vicksburg","3160000","Jo Wilson","Owner","Fem","44208","D","Discoverourtown.Com Inc","info@discoverourtown.com","1400 Washington St","Vicksburg","MS","39180","6016364298","6016364404","731103","Advertising-Directory & Guide","www.discoverourtown.com","11","0"
"Mississippi Organ Recovery","6019331000","12 River Bend Pl","Flowood","2128000","Kevin Stump","Executive Director","Mal","44471","M","Mississippi Organ Recovery","webmaster@thetutorinc.com","12 River Bend Pl","Flowood","MS","39232","6019331006","6019331000","809924","Organ & Tissue Banks","www.msora.org","11","0"
"Informus Corp","6016641900","2001 Airport Rd N # 201","Flowood","2700000","","","","44584","I","Informus Corp","privacy@choicepoint.com","2001 Airport Rd N # 201","Flowood","MS","39232","6016641950","6016641900","874861","Employment Screening Services","www.choicepoint-manpower.com","11","0"
"Stringer Industries Inc","6018769490","11 Highway 48 E","Tylertown","4530000","George Stringer","CEO","Mal","44797","S","Stringer Industries Inc","info@snarlingdogs.com","PO Box 450","Tylertown","MS","39667","6018762143","6018769490","421307","Trucking-Heavy Hauling","NULL","11","0"
"Nsight Technologies LLC","6018531050","274 Commerce Park Dr","Ridgeland","1700000","Dale Hubberd","Owner","Mal","45075","N","Nsight Technologies LLC","info@nsighttech.com","274 Commerce Park Dr","Ridgeland","MS","39157","6018530808","6018531050","738204","Security Systs-Communications/Computer","NULL","11","0"
"Factory Brand Shoes","6625611945","325 Lakewood Dr # 31","Batesville","1296000","Martha Cole","Manager","Fem","45134","F","Factory Brand Shoes","service@famousfootwear.com","325 Lakewood Dr # 31","Batesville","MS","38606","9073498908","6625611945","566101","Shoes-Retail","www.famousfootwear.com","11","0"
"Source One Video Inc","6016055366","62 Moss Woods Dr","Madison","3375000","Heidi Herbert","CEO","Fem","45383","S","Source One Video Inc","info@source1video.com","62 Moss Woods Dr","Madison","MS","39110","6018565290","6016055366","874813","Security Systems Consultants","www.sourceonevideo.com","11","0"
"Abby Manufacturing Co","6622235339","501 County Road 115","Walnut","4410000","Terry Abby","Owner","Mal","46646","A","Abby Manufacturing Co","sales@amchollysprings.com","5811 Highway 72","Walnut","MS","38683","6622236391","6622236377","179104","Metal Fabricators","www.abbymfg.com","11","0"
"Ethridge Rv Ctr","6014834301","400 N Frontage Rd","Meridian","4014000","Andy Mc Dade","Manager","Mal","46839","E","Ethridge Rv Ctr","sales@ethridgerv.com","400 N Frontage Rd","Meridian","MS","39301","6014832111","6014834301","556103","Recreational Vehicles","www.ethridgerv.com","11","0"
"Wey Valve Co","6629632020","3985 Highway 6 N","Nettleton","3180000","Don Trott","President","Mal","47070","W","Wey Valve Co","info@weyvalve.com","3985 Highway 6 N","Nettleton","MS","38858","6629632025","6629632020","349198","Industrial Valves (Manufacturers)","www.weyvalve.com","11","0"
"Mednet Systems Inc","2285755123","2604 24th Ave","Gulfport","1106000","Charlie Catlet","Owner","Mal","47708","M","Mednet Systems Inc","info@mednetsys.com","2604 24th Ave","Gulfport","MS","39501","2285759927","2285755123","732201","Collection Agencies","www.mednetsys.com","11","0"
"Bonne Terre Country Inn","6627815100","4715 Church Rd","Nesbit","1430000","Max Bonnin","Owner","Mal","48171","B","Bonne Terre Country Inn","info@bonneterre.com","4715 Church Rd","Nesbit","MS","38651","6627815466","6627815100","729935","Wedding Chapels","www.bonneterre.com","11","0"
"Ms Coast Harley-Davidson Inc","2283888700","941 Cedar Lake Rd","Biloxi","3310000","","","","48232","M","Ms Coast Harley-Davidson Inc","info@coastharley.com","941 Cedar Lake Rd","Biloxi","MS","39532","2283887139","2283888700","557106","Motorcycles & Motor Scooters-Dealers","www.coastharley.com","11","0"
"Boiling Point Seafood & Oyster","6622807555","4975 Pepper Chase Dr","Southaven","2250000","Jason Mc Caleb","Manager","Mal","48402","B","Boiling Point Seafood & Oyster","info@theboilingpoint.com","4975 Pepper Chase Dr","Southaven","MS","38671","6622801004","6622807555","581301","Bars","www.theboilingpoint.com","11","0"
"Gulf Coast Symphony","2284359800","796 Vieux Marche Mall","Biloxi","1100000","Natalie Robohm","Executive Director","Fem","48974","G","Gulf Coast Symphony","info@gulfcoastsymphony.net","796 Vieux Marche Mall","Biloxi","MS","39530","2284359800","2284359800","792901","Orchestras & Bands","www.gulfcoastsymphony.net","11","0"
"Product Services Co","6019220868","266 Upton Dr","Jackson","1984000","Ted Dickerson","Owner","Mal","49186","P","Product Services Co","sales@gatorinternational.com","266 Upton Dr","Jackson","MS","39209","6019220073","6019220868","284298","Specialty Clng Plshng/Sanitation (Mfr)","www.oilgator.com","11","0"
"Love Irrigation Inc","6018981333","221 Highway 51","Ridgeland","2025000","Paul Love","Owner","Mal","49737","L","Love Irrigation Inc","info@loveirrigation.com","221 Highway 51","Ridgeland","MS","39157","6018981333","6018981318","526136","Sprinklers-Garden & Lawn-Retail","www.loveirrigation.com","11","0"
"Southern Cross Underwriters","6019573344","6311 Ridgewood Rd # E401","Jackson","4692000","Preston Gough Jr","President","Mal","49976","S","Southern Cross Underwriters","jobs@scui.com","6311 Ridgewood Rd # E401","Jackson","MS","39211","6019567250","6019573344","641114","Insurance-Excess & Surplus","www.scui.com","11","0"
"Mississippi Printing Co","6624538058","279 Airbase Rd","Greenwood","3040000","Robert H Hardin","President","Mal","50139","M","Mississippi Printing Co","sales@mississippiprinting.com","279 Airbase Rd","Greenwood","MS","38930","6624538058","6624538055","275202","Printers","www.mississippiprinting.com","11","0"
"Magee Enterprises","6019920741","105 Millcreek Cors","Brandon","1125000","Dewayne Magee","Owner","Mal","50577","M","Magee Enterprises","info@dewaynemagee.com","105 Millcreek Cors","Brandon","MS","39047","6019922162","6019920741","874825","Educational Consultants","www.dewaynemagee.com","11","0"
"JES Trucking","6017973090","494 Saratoga Sharon Rd","Magee","3775000","James Sullivan","Owner","Mal","50633","J","JES Trucking","jobs@jestrucking.com","494 Saratoga Sharon Rd","Magee","MS","39111","6017979085","6017973090","421309","Trucking-Motor Freight","www.jestrucking.com","11","0"
"Olive Branch Suzuki","6628951580","5628 Goodman Rd","Olive Branch","3310000","Robert Johnson","Owner","Mal","51104","O","Olive Branch Suzuki","sales@ovmotorcycleatv.com","5628 Goodman Rd","Olive Branch","MS","38654","6628951580","6628951580","557106","Motorcycles & Motor Scooters-Dealers","www.obmotorcycleatv.com","11","0"
"Logosol Inc","6018561889","108 Solleftea Dr","Madison","2664000","Charlie Griffin","President","Mal","51318","L","Logosol Inc","info@logosolusa.com","108 Solleftea Dr","Madison","MS","39110","6018561889","6018561889","508229","Forestry & Timber Equip & Supls (Whol)","www.logosolusa.com","11","0"
"Terminix International Co","6014832905","2222 Highway 45 N","Meridian","1170000","Tim Massey","Manager","Mal","51378","T","Terminix International Co","info@terminixjo.com","2222 Highway 45 N","Meridian","MS","39301","4023349612","6014832905","734201","Pest Control","www.terminix.com","11","0"
"F & S Moving & Storage Inc","2283747745","655 Bayview Ave","Biloxi","1140000","Mark Snodgrass","President","Mal","51383","F","F & S Moving & Storage Inc","sales@bayoulink.com","655 Bayview Ave","Biloxi","MS","39530","2283740231","2283747745","421401","Movers","www.fsms.com","11","0"
"Southern Care Hattiesburg","6015799493","4700 Hardy St","Hattiesburg","3920000","Lanette Shoemake","Executive Director","Fem","51698","S","Southern Care Hattiesburg","mail@southerncarehospice.com","4700 Hardy St","Hattiesburg","MS","39402","7703827488","6015799493","805908","Hospices","www.southerncarehospice.com","11","0"
"Mississippi Van Lines Inc","6019225700","5570 Lynch Street Ext","Jackson","2375000","Leo Mc Gehee","Owner","Mal","52756","M","Mississippi Van Lines Inc","customersupport@msvan.com","5570 Lynch Street Ext","Jackson","MS","39209","6019220125","6019225700","421401","Movers","www.msvan.com","11","0"
"WFCA FM 108","6625476414","155 Mecklin St","French Camp","1430000","Chuck Carroll","Manager","Mal","53118","W","WFCA FM 108","admin@sellingamongwolves.com","155 Mecklin St","French Camp","MS","39745","6625479451","6625476414","483201","Radio Stations & Broadcasting Companies","www.wfcafm108.com","11","0"
"Orkin Exterminating Co","2288638472","19185 Commission Rd","Long Beach","2106000","Jeff Horgrave","Manager","Mal","53412","O","Orkin Exterminating Co","webmaster@orkin.com","19185 Commission Rd","Long Beach","MS","39560","7066137759","2288638472","734201","Pest Control","www.orkin.com","11","0"
"Safety Supply House","6017499666","3774 Highway 43 N","Picayune","2940000","Peyton Hines","Owner","Mal","53507","S","Safety Supply House","office@safetysupplyhouse.com","3774 Highway 43 N","Picayune","MS","39466","6017490205","6017499666","384207","Safety Equipment & Clothing-Mfrs","www.safetysupplyhouse.com","11","0"
"Center For Health Management","2288649669","3300 15th St","Gulfport","1100000","Karen Rieman","Manager","Fem","53574","C","Center For Health Management","sales@drdiet.com","3300 15th St","Gulfport","MS","39501","2288649774","2288649669","729934","Weight Control Services","www.drdiet.com","11","0"
"Young Electric Sign Co","2283548008","10447 Lemoyne Blvd","Diberville","2717000","Steve Lee","Manager","Mal","53779","Y","Young Electric Sign Co","info@yesco.com","10447 Lemoyne Blvd","Diberville","MS","39540","9285261668","2283548008","731201","Advertising-Outdoor","www.yesco.com","11","0"
"Juniker Jewelry Co","6013663754","4500 I 55 N # 116","Jackson","1716000","John Ravenstein","Owner","Mal","53941","J","Juniker Jewelry Co","info@junikerjewelry.com","4500 I 55 N # 116","Jackson","MS","39211","6013626079","6013663754","594409","Jewelers-Retail","www.junikerjewelry.com","11","0"
"Magnolia Clipping Svc","6018560911","298 Commerce Park Dr # A","Ridgeland","1316000","Dred Porter","Owner","Mal","54070","M","Magnolia Clipping Svc","mail@magnoliaclips.com","298 Commerce Park Dr # A","Ridgeland","MS","39157","6018563340","6018560911","738986","Clipping Bureaus","www.magnoliaclips.com","11","0"
"Delta Industrial Supply","6627461993","1251 Old River Rd","Yazoo City","1710000","Billy Stonestreet","Owner","Mal","54315","D","Delta Industrial Supply","info@byconline.com","1251 Old River Road","Yazoo City","MS","39194","6623421755","null","5311","Retail shops","null","11","0"
"Green Floral Inc","6018258374","210 Town Sq","Brandon","1020000","Fred Taylor","Owner","Mal","54409","G","Green Floral Inc","info@greenfloral.com","210 Town Sq","Brandon","MS","39042","6018258375","6018258374","599201","Florists-Retail","www.greenfloral.com","11","0"
