"Ramey Agency Inc","6018988900","1052 Highland Colony Pkwy #125","Ridgeland","5056000","Jack Garner","President","Mal","659","R","Ramey Agency Inc","info@tra.net","1052 Highland Colony Pkwy #125","Ridgeland","MS","39157","6018988999","6018988900","731101","Advertising-Agencies & Counselors","www.tra.net","11","0"
"Adco Electric Inc","6019223575","2236 Maddox Rd","Jackson","6600000","Whit Adams","President","Mal","3304","A","Adco Electric Inc","info@adcoelec.com","2236 Maddox Rd","Jackson","MS","39209","6019229705","6019223575","173101","Electric Contractors","www.adcoelec.com","11","0"
"Mississippi Roofing Supply Inc","6019399128","205 Priester Dr","Pearl","9480000","Eddie Hacskaylo","Manager","Mal","4988","M","Mississippi Roofing Supply Inc","info@msroofing.com","205 Priester Dr","Pearl","MS","39208","6019391953","6019399128","503303","Roofing Materials-Wholesale","www.msroofing.com","11","0"
"Greenville Motor Sports","6623783479","3694 Highway 82 E","Greenville","6620000","Glenda Tarver","Owner","Fem","7136","G","Greenville Motor Sports","info@greenvillemotorsports.com","3694 Highway 82 E","Greenville","MS","38701","6623329254","6623783479","557106","Motorcycles & Motor Scooters-Dealers","www.greenvillemotorsports.com","11","0"
"Electric Cord Sets","6622906081","2020 Attala Rd # 2204","Kosciusko","5280000","Nishie King","Manager","Fem","8800","E","Electric Cord Sets","info@elecordset.com","2020 Attala Rd # 2204","Kosciusko","MS","39090","6622900944","6622906081","173101","Electric Contractors","www.elecordset.com","11","0"
"Camp Of The Rising Sun","6625476169","100 Lake Rd","French Camp","6045000","Larry Littlejohn","Executive Director","Mal","8824","C","Camp Of The Rising Sun","info@campoftherisingson.com","100 Lake Rd","French Camp","MS","39745","6625476169","6625476169","703203","Camps","www.campoftherisingson.com","11","0"
"Malouf Furniture","6624531694","920 Highway 82 W","Greenwood","5400000","Nan Gordon","Manager","Fem","11440","M","Malouf Furniture","info@malouffurniture.com","920 Highway 82 W","Greenwood","MS","38930","6624535291","6624531694","571219","House Furnishings-Retail","www.malouffurniture.com","11","0"
"Ikon Office Solutions Inc","6019223911","5345 Highway 18 W","Jackson","9990000","Derek Holmes","President","Mal","12864","I","Ikon Office Solutions Inc","info@support.ikon.com","5345 Highway 18 W","Jackson","MS","39209","4107527793","6019223911","504403","Copying & Duplicating Machines & Supls","www.ikon.com","11","0"
"Old Mississippi Brick Co","6622523395","543 E Clay Products Rd","Holly Springs","9030000","Tom Green","Owner","Mal","14753","O","Old Mississippi Brick Co","sales@oldmississippibrick.com","543 E Clay Products Rd","Holly Springs","MS","38635","6622523745","6622523395","521126","Building Materials","www.oldmississippibrick.com","11","0"
"SCP Inc","6627286246","100 W Veterans Dr","Booneville","5248000","Harry G Hanna","President","Mal","15125","S","SCP Inc","info@scpplastics.com","100 W Veterans Dr","Booneville","MS","38829","6627287760","6627286246","308901","Mold Makers","www.scpplastics.com","11","0"
"Southeastern Oil Jobbers Coop","6019921708","5719 Highway 25 # 4","Brandon","6708000","Billy Weeks","Manager","Mal","17556","S","Southeastern Oil Jobbers Coop","info@puremarketers.com","5719 Highway 25 # 4","Brandon","MS","39047","6019922768","6019921708","517210","Gasoline & Oil-Wholesale","www.puremarketers.com","11","0"
"Fluid Control Svc Inc","6018299225","724 Sand Hill Rd","Brandon","6840000","Barry Hunter","Owner","Mal","19636","F","Fluid Control Svc Inc","info@sealsaver.com","724 Sand Hill Rd","Brandon","MS","39047","6018299226","6018299225","508520","Hydraulic Equipment & Supplies (Whol)","www.sealsaver.com","11","0"
"Tractors & Equipment Inc","6624294483","1985 Highway 304","Hernando","7968000","Burke Hendrix","Manager","Mal","21180","T","Tractors & Equipment Inc","sales@tractorsandequip.com","1985 Highway 304","Hernando","MS","38632","6624294413","6624294483","508310","Farm Equipment (Wholesale)","www.tractorsandequip.com","11","0"
"Oxford Health Care","6628412900","101 N Industrial Rd","Tupelo","6272000","Beth Cary","Plant Mgr","Fem","21471","O","Oxford Health Care","info@helpathome.com","101 N Industrial Rd","Tupelo","MS","38801","7655847005","6628412900","808201","Home Health Service","www.helpathome.com","11","0"
"Tractor Supply Co","6625363650","6915 Winchase Dr","Horn Lake","6650000","John Hay","Manager","Mal","24384","T","Tractor Supply Co","you@domain.com","6915 Winchase Dr","Horn Lake","MS","38637","4054750441","6625363650","519102","Farm Supplies (Wholesale)","www.mytscstore.com","11","0"
"Needle Specialty Products Corp","6628460640","600 E Tm Jones Hwy","Boyle","9100000","Vicki Griffith","Owner","Fem","25887","N","Needle Specialty Products Corp","info@needlespecialty.com","600 E Tm Jones Hwy","Boyle","MS","38730","6628466323","6628460640","594904","Needlework & Needlework Materials-Retail","www.needlespecial.com","11","0"
"Contech Construction Prods Inc","6623322625","2590 Old Leland Rd","Greenville","5220000","Barry Ainsworth","Plant Mgr","Mal","27639","C","Contech Construction Prods Inc","info@contech-cpi.com","2590 Old Leland Rd","Greenville","MS","38703","6069283971","6623322625","162201","Culverts","www.contech-cpi.com","11","0"
"Crosstex Energy Svc","6019220551","1000 Springridge Rd","Clinton","9295000","J D Trull","Manager","Mal","29626","C","Crosstex Energy Svc","info@crosstexenergy.com","1000 Springridge Rd","Clinton","MS","39056","6019226056","6019220551","461201","Pipe Line Companies","www.crosstexenergy.com","11","0"
"Best Phone Fabricators","6019281600","496 E Mchenry Rd","Mc Henry","8260000","Keith Hasty","VP","Mal","31564","B","Best Phone Fabricators","info@bff.com","496 E Mchenry Rd","Mc Henry","MS","39561","6019281687","6019281600","308601","Plastics-Foam (Manufacturers)","www.bff.com","11","0"
"Copper Sales Inc-Una Clad","6017134008","250 Commerce Park Dr","Jackson","9540000","David Martin","Manager","Mal","32307","C","Copper Sales Inc-Una Clad","hr@unaclad.com","250 Commerce Park Dr","Jackson","MS","39213","6017132255","6017134008","335501","Aluminum Fabricators","www.unaclad.com","11","0"
"Desoto Honda","6629960002","6910 Snowden Ln","Southaven","5958000","Bob Johnston","Owner","Mal","35764","D","Desoto Honda","service@desotohonda.net","6910 Snowden Ln","Southaven","MS","38672","6629960007","6629960002","557103","Motorcycles & Motor Scooters-Supplies","www.desotohonda.net","11","0"
"AAA Wholesale Fence & Supply","6019398143","4080 Highway 80 E","Pearl","7007000","Tony Thornton","Manager","Mal","41847","A","AAA Wholesale Fence & Supply","sales@jefcoatfence.com","4080 Highway 80 E","Pearl","MS","39208","6019390452","6019398143","349605","Fence-Manufacturers","www.jefcoatfence.com","11","0"
"Metaris Hydraulics","6014691987","1519 Highway 35 N","Forest","7272000","Larry Greenlee","Manager","Mal","42891","M","Metaris Hydraulics","sales@metaris.com","1519 Highway 35 N","Forest","MS","39074","6014692120","6014691987","349498","Valves & Pipe Fittings Nec (Mfrs)","www.metaris.com","11","0"
"Tupelo Mfg Co","6628426161","121 N Industrial Rd","Tupelo","9225000","Charles Werner","President","Mal","44830","T","Tupelo Mfg Co","webmaster@tupelomfg.com","121 N Industrial Rd","Tupelo","MS","38801","6626804854","6628426161","251298","Wood-Household Furn-Upholstered (Mfrs)","www.tupelomfg.com","11","0"
"Ferguson Bath & Kitchen Gllry","6019323200","173 Carrier Blvd","Richland","5934000","Tony Akers","Manager","Mal","48978","F","Ferguson Bath & Kitchen Gllry","sales@fergusonenterprises.com","173 Carrier Blvd","Richland","MS","39218","5084302657","6019323200","521110","Plumbing Fixtures & Supplies-New-Retail","www.fergusonenterprises.com","11","0"
"Copper Sculptures","6019929955","5230 Highway 25","Brandon","7412000","Bill Shook","Owner","Mal","49341","C","Copper Sculptures","info@coppersculptures.com","5230 Highway 25","Brandon","MS","39047","6019927099","6019929955","364801","Gas Lights-Manufacturers","www.coppersculptures.com","11","0"
"Owens Business Machines Inc","6015443444","2108 Hardy St","Hattiesburg","5994000","Gene Owens","Owner","Mal","50010","O","Owens Business Machines Inc","service@owensbusinessmachines.com","2108 Hardy St","Hattiesburg","MS","39401","6015443933","6015443444","504403","Copying & Duplicating Machines & Supls","www.owensbusinessmachines.com","11","0"
"Thyssen Krupp Elevator","6019229400","5267 Greenway Drive Ext","Jackson","5474000","Robert Mason","Manager","Mal","51770","T","Thyssen Krupp Elevator","press@thyssenkrupp.com","5267 Greenway Drive Ext","Jackson","MS","39204","7727785220","6019229400","179605","Elevators-Sales & Service","www.thyssenkruppelevator.com","11","0"
"W W Sly Mfg Co","6622638234","N Reed Rd","Mathiston","8900000","Billy Wynne","Plant Mgr","Mal","52887","W","W W Sly Mfg Co","parts@slyinc.com","N Reed Rd","Mathiston","MS","39752","6622638465","6622638234","356404","Dust Collector Bags-Manufacturers","www.slyinc.com","11","0"
"Graham Fabrics & Supply","6624340025","7395 Highway 45 N","Columbus","6780000","Fred Chappell","Owner","Mal","53328","G","Graham Fabrics & Supply","sales@grahamfabrics.com","7395 Highway 45 N","Columbus","MS","39705","6624340075","6624340025","513119","Fabrics-Wholesale","www.grahamfabrics.com","11","0"
