"Mitek Manufacturing","8153673000","1 Mitek Plz","Winslow","31230000","Lloyd Ivey","CEO","Mal","7682","M","Mitek Manufacturing","Ivey@mitekcorp.com","1 Mitek Plz","Winslow","IL","61089","8153673851","8153673000","365102","Loud Speakers-Manufacturers","NULL","0","0"
"ADVANCE MECHANICAL SYSTEMS INC","8475932510","2080 S CARBOY RD","MT PROSPECT","35000000","DAVID WIENER","Chief Executive Office","M","11889","A","Advance Mechanical Systems Inc","kroth@advmech.com","2080 S Carboy Rd","Mt Prospect","IL","60056","8475932536","8475932510","171102","Heating Contractors","www.advmech.com","0","0"
"Wonderlic","8476804900","1795 N Butterfield Rd","Libertyville","27948000","Charles Wonderlic Jr","President","Mal","27399","W","Wonderlic","CharlesW@wcgs.com","1795 N Butterfield Rd","Libertyville","IL","60048","8476809492","8476804900","274108","Test Publishers-Vocational/Educational","NULL","0","0"
"Elle Corp","7084429100","7847 47th St","Lyons","41041000","Floy Pelletier","President","Fem","28621","E","Elle Corp","floyp@ele-pelron.com","PO Box 6","Lyons","IL","60534","7084420213","7084429100","516916","Chemicals (Wholesale)","NULL","0","0"
"Purac Inc","8476346330","111 Barclay Blvd # 100","Lincolnshire","44040000","Gerrit Vreeman","President","Mal","38813","P","Purac Inc","wendy.pitts@purac.com","111 Barclay Blvd # 100","Lincolnshire","IL","60069","8476341992","8476346330","207601","Tallow (Manufacturers)","NULL","0","0"
"G & W Electric Co","7083885010","3500 127th St","Blue Island","27000000","John H Mueller","President","Mal","45587","G","G & W Electric Co","djaworski@gwelec.com","3500 127th St","Blue Island","IL","60406","7083880755","7083885010","874213","Marketing Programs & Services","NULL","0","0"
"CARPET ONE-DOUGLAS CARPET ONE","6308928600","19 S RANDALL RD","NORTH AURORA","26000000","MICHAEL DOUGLAS","President","M","46601","C","Carpet One-Douglas Carpet One","Michael@douglascarpetone.com","19 S Randall Rd","North Aurora","IL","60542","NULL","6308928600","571305","Carpet & Rug Dealers-New","NULL","0","0"
"CROWNLINE BOATS","6189376426","11884 COUNTRY CLUB RD","W FRANKFORT","43800000","KEVIN RIEM","President","M","51097","C","Crownline Boats","james.claxton@crownlineboats.com","11884 Country Club Rd","West Frankfort","IL","62896","6189323426","618-937-6426","3732","Boat Building and Repairing (boat building)","NULL","0","0"
"Packaged Concrete Inc","6305578252","1s950 N Lorang Rd","Elburn","31200000","J D Petty","Owner","","56356","P","Packaged Concrete Inc","Nancy.Kerner@packagedconcrete.com","1s950 N Lorang Rd","Elburn","IL","60119","NULL","6305578252","503208","Concrete Products (Wholesale)","NULL","0","0"
"Invensys","8158770241","1354 Clifford Ave","Loves Park","25250000","Willey Osburn","President","Mal","60774","I","Invensys","tom.gutierrez@exide.com","1354 Clifford Ave","Loves Park","IL","61111","NULL","8158770241","349403","Valves-Manufacturers","NULL","0","0"
"Balmoral Racing Club Inc","7086727544","26435 S Dixie Hwy","Crete","37800000","John Johnston","President","Mal","62619","B","Balmoral Racing Club Inc","chris@balmoralpark.com","26435 S Dixie Hwy","Crete","IL","60417","7086725932","7086727544","794801","Race Tracks","NULL","0","1"
"Triton Mfg Co","7085979857","5700 Triton Way","Monee","37230000","Michael J Edwards","President","Mal","67892","T","Triton Mfg Co","myra.techeira@triton-mfg.com","5700 Triton Way","Monee","IL","60449","7085341417","7085979857","154212","Buildings-Pre-Cut Prefabricated/Modular","NULL","0","0"
"NOVAPAK Corp","2174636600","2015 S Main St","Paris","36300000","Les Jamison","Plant Mgr","Mal","78557","N","NOVAPAK Corp","bciok@pvcc.com","2015 S Main St","Paris","IL","61944","7325448007","2174636600","308598","Plastic Bottles (Manufacturers)","www.pvcc.com","0","0"
"Carson Pirie Scott","8472402801","601 N Martingale Rd","Schaumburg","25920000","Susan Schrage","Manager","Fem","81415","C","Carson Pirie Scott","cpsgift@saksinc.com","830 E Golf Rd","Schaumburg","IL","60173","5635842979","8478822447","571216","Furniture-Dealers-Retail","www.younkers.com","0","0"
"SUPIERIOR GRAPHITE CO","3125592999","10 S RIVERSIDE PLZ STE 1470","CHICAGO","30000000","","Unknown","","86821","T","Thad Grundy Jr","martint@visitdna.com","10 South Riverside Plaza","CHICAGO","IL","60606","3125592999","3125599064","8999","Services NEC","FORMULABT.COM^^FORMULABT.NET^^SNOWFREESYSTEM.COM^^SNOWFREESYSTEM.NET^^SNOWFREESYSTEMS.COM^^SNOWFREES","0","0"
"C P HALL CO","3122535121","120 S RIVERSIDE PLZ STE 1620","CHICAGO","26000000","JOHN J PARO","President","M","88034","C","C P Hall Co","credpath@cphall.com","311 S Wacker Dr # 4700","Chicago","IL","60606","3125547499","3125547400","509905","Importers","NULL","0","0"
"COLLECTORS' CHOICE MUSIC CTLG","6307753300","900 N ROHLWING RD","ITASCA","40000000","DENNIS ABBOUD","President","M","92699","I","INFINITY RESOURCES","dbarker@ccvideo.com","900 N ROHLWING RD","ITASCA","IL","60143","6307753300","6307753340","792227","Entertainers","CRITICSCHOICEENTERTAINMENT.COM^^I-SERVEFULFILLMENT.COM^^MAXIMUMDISCOUNTDVD.COM","0","0"
"Gilster Mary Lee","8154726456","307 E Washington St","Momence","48700000","Ron Tretter","President","Mal","107571","G","Gilster Mary Lee","Ron@gilstermarylee.com","307 E Washington St","Momence","IL","60954","8154722431","8154726456","206601","Chocolate & Cocoa-Manufacturers","NULL","0","0"
"PROEX INC","6308797776","1011 OLYMPIC DR","BATAVIA","36000000","LON FRYE","President","M","111878","P","Proex Inc","Beverly.Bradley@Proexinc.Com","1011 Olympic Dr","Batavia","IL","60510","6308797792","6308797776","308906","Plastics-Fabricating/Finish/Decor-Mfrs","NULL","0","0"
"TEGRANT CORP","8157568451","1401 PLEASANT ST","DEKALB","32000000","RON LEACH","Chief Executive Office","M","112600","V","Vogeney PhotoDesign - Edward Vogeney","rworden@alloyd.com","1401 Pleasant St.","DEKALB","IL","60115","8157568451","null","8999","Services NEC","alloyd.com","0","0"
"K-Log","8478726611","1224 27th St # W","Zion","26910000","Tim Klebe","Owner","Mal","113020","K","K-Log","T-Klebe@k-log.com","PO Box 5","Zion","IL","60099","8478723728","8478726611","504507","Data Processing Equipment (Wholesale)","NULL","0","0"
"HAEGER AUTOMOTIVE GROUP","8472984220","77 RAND RD","DES PLAINES","40400000","WILLIAM HAEGER","Owner","M","115538","H","Haeger Automotive Group","stevengood@sheldongood.com","77 Rand Road","Des Plaines","IL","60016","null","null","754999","Automotive Services","sheldongood.com","0","0"
"Vehicle Improvement Prods Inc","8473957250","151 Ram Rd","Antioch","31152000","Joseph Schurger","President","Mal","118800","V","Vehicle Improvement Prods Inc","vipsales@vipwheels.com","151 Ram Rd","Antioch","IL","60002","8473959460","8473957250","509908","Manufacturers-Agents & Representatives","www.vipwheels.com","0","0"
"IDA Corp","2178953700","1073 Us Route 45","Neoga","29540000","Robert Conley","President","Mal","126916","I","IDA Corp","john.kruse@idaco.com","1073 Us Route 45","Neoga","IL","62447","NULL","2178953700","514937","Beverages (Wholesale)","NULL","0","0"
"SCHUTT Manufacturing","2173243978","610 Industrial Dr S","Litchfield","27720000","Ken Nimmons","President","Mal","127036","S","SCHUTT Manufacturing","Ken.Nimmons@parenthoodweb.com","610 Industrial Dr S","Litchfield","IL","62056","2173243236","2173243978","394923","Sporting Goods-Manufacturers","NULL","0","0"
"Arc Worldwide","3122203200","35 W Wacker Dr # 3210","Chicago","31600000","Mark Williamsburg","CEO","Mal","133329","A","Arc Worldwide","MarkWilliamsburg@arcww.com","35 W Wacker Dr # 3210","Chicago","IL","60601","3122201995","3122203200","731101","Advertising-Agencies & Counselors","NULL","0","0"
"ASAHI AMERICA INC","7089574677","17531 ASHLAND AVE","HOMEWOOD","30000000","TAKAO YOSHIFUSA","President","M","135333","A","Asahi America Inc","bmclaughlin@asahi-america.com","17531 Ashland Ave","Homewood","IL","60430","NULL","7089574677","355909","Special Industry Machinery Nec (Mfrs)","NULL","0","0"
"DAVE'S SUPER MARKET","8156922822","120 S 3RD ST","FAIRBURY","25800000","ALLAN STEFFEN","Manager","M","137703","D","Dave's Super Market","davesteam@davessupermarket.com","120 S 3rd St","Fairbury","IL","61739","8156923523","8156923523","541105","Grocers","www.davessupermarket.com","0","0"
"JOHNSONVILLE SAUSAGE","8154724767","334 W NORTH ST","MOMENCE","41600000","PAT GARRINGER","Manager","M","137910","J","Johnsonville Sausage","Edward@johnsonville.com","282 W North St","Momence","IL","60954","8154723151","8154722645","201104","Meat Products","NULL","0","0"
"Bodine Electric Co","7734783515","2500 W Bradley Pl","Chicago","47400000","John R Bodine","CEO","Mal","138082","B","Bodine Electric Co","jrb@bodine-electric.com","2500 W Bradley Pl","Chicago","IL","60618","7734783232","7734783515","384104","Physicians & Surgeons Equip & Supls-Mfrs","NULL","0","0"
"ATMI","6308964679","960 RIDGEWAY AVE FL 2","AURORA","33800000","JOHN CORDOGAN","Owner","M","140355","A","ATMI","tmcgowan@atmi.com","960 Ridgeway Ave","Aurora","IL","60506","6308964871","6308964679","874821","Bank Designers & Consultants","NULL","0","0"
"Enpro Inc","6306293504","121 S Lombard Rd","Addison","34200000","Brian Cook","President","Mal","148665","E","Enpro Inc","vincent.cioffi@enpro.com","121 S Lombard Rd","Addison","IL","60101","6306293512","6306293504","508513","Valves-Wholesale","NULL","0","0"
"CLAIRE MANUFACTURING CO","6305437600","1005 S WESTGATE ST","ADDISON","26700000","TONY SCHWAB","President","M","149773","C","Claire Manufacturing Co","Craig.Schmelder@hazard.com","500 S Vista Ave","Addison","IL","60101","6305439040","6305437600","399901","Aerosols (Manufacturers)","NULL","0","0"
"WEEKS CHEVROLET-PONTIAC","6189372446","PO BOX 668","W FRANKFORT","25500000","GREG WEEKS","Owner","M","152613","G","Gemini Enterprises Inc","newchevy@gregweeks.com","10881 State Highway 149","West Frankfort","IL","62896","6189372446","6189371441","8999","Services NEC","gregweeks.verizonsupersite.com","0","0"
"Shamrock Specialty Packaging","6308961115","631 W Park Ave","Aurora","41400000","Jim Owens","Owner","Mal","153701","S","Shamrock Specialty Packaging","Jim@shamrockpackaging.com","631 W Park Ave","Aurora","IL","60506","NULL","6308961115","511318","Boxes-Corrugated & Fiber (Wholesale)","NULL","0","0"
"Girard Fastener Co","7083336133","525 W 169th St","South Holland","25900000","John Davis","President","Mal","154870","G","Girard Fastener Co","jdavis@girardfastener.com","525 W 169th St","South Holland","IL","60473","NULL","7083336133","507205","Fasteners-Industrial (Wholesale)","NULL","0","0"
"American Family Childcare Svc","3124829300","60 W Randolph St","Chicago","44000000","Robert Estherhouse","President","Mal","156219","A","American Family Childcare Svc","webster.flylady@trustamerican.com","60 W Randolph St","Chicago","IL","60601","NULL","3124829300","729919","Baby Sitters","NULL","0","0"
"Evergreen Aviation Ground","7736867460","Lynx's Cargo Bldg 616 # 305","Chicago","35420000","Bob Hanson","President","Mal","157244","E","Evergreen Aviation Ground","Bob@evergreen-eagle.com","Lynx''s Cargo Bldg 616 # 305","Chicago","IL","60666","7736010882","7736867460","451202","Air Cargo Service","NULL","0","0"
"Orpack-Stone Corp","6189422112","1800 W Oak St","Herrin","26000000","","","","158525","O","Orpack Stone Corporation","rdiederich@smurfit.com","1800 West Oak St","HERRIN","IL","62948","6189422112","6189423026","174108","Stone Contractors","ORPACK.COM","0","0"
"ARIE CROWN THEATER","3127916000","2301 S LAKE SHORE DR","CHICAGO","30000000","DULCIE C GILMORE","Operations Manager","F","161198","A","Arie Crown Theater","jholper@mpea.com","2301 South Lake Shore Drive","CHICAGO","IL","60616","3125730244","null","738999","Business Services Nec","ARIECROWN.COM","0","0"
"D T Trading","3127864880","401 S LA Salle St # 302","Chicago","29360000","Dennis Flynn","Owner","Mal","165413","D","D T Trading","Dennis@dttrading.com","401 S LA Salle St # 302","Chicago","IL","60605","3127864863","3127864880","622104","Commodity Brokers","NULL","0","0"
"Drury Lane","6305308300","100 Drury Ln","Oakbrook Terrace","28200000","Tony Da Santis","President","Mal","165622","D","Drury Lane","Tony@drurylaneoakbrook.com","100 Drury Ln","Oakbrook Terrace","IL","60181","6305304269","6305308300","792207","Theatres-Live","NULL","0","1"
"MURPHY MILLER","3124270324","600 W TAYLOR ST","CHICAGO","30600000","JAMES J MILLER","Chief Executive Office","M","170143","M","Murphy & Miller","James.J.Miller@murphymiller.com","600 W Taylor St","Chicago","IL","60607","3124270324","3124278900","1711","Plumbing","Heating","0","0"
"Block & Co","8475377200","1111 Wheeling Rd","Wheeling","30750000","Sieg Buck","President","Mal","173897","B","Block & Co","dDahl@blockinc.com","1111 Wheeling Rd","Wheeling","IL","60090","8475371120","8475377200","349903","Metal Goods-Manufacturers","NULL","0","0"
"Alcoa Ivex","6306682838","935 W Union Ave","Wheaton","32800000","Dennis Jackson","Manager","Mal","182454","A","Alcoa Ivex","browna@kaynar.com","935 W Union Ave","Wheaton","IL","60187","7578380781","6306682838","308905","Plastics-Vacuum/Pressure Forming (Mfrs)","www.alcoa.com","0","0"
"Mennie's Machine Co","8153392226","RR 71 Box 110","Mark","25800000","Huebe Mennie","Owner","Mal","186587","M","Mennie's Machine Co","arthururbanc@mennies.com","RR 71 Box 110","Mark","IL","61340","8153392226","8153396550","177114","Machine Foundations","www.mennies.com","0","0"
"D B Sound LP","8473641100","1621 Carboy Rd","Arlington Hts","25250000","Harry Witz","Owner","Mal","186889","D","D B Sound LP","hwitz@dbsound.com","1621 Carboy Rd","Arlington Hts","IL","60005","8473643410","8473641100","506507","Sound Systems & Equipment (Wholesale)","NULL","0","0"
"HOBBICO","2173983630","1608 INTERSTATE DR","CHAMPAIGN","40200000","BRUCE HOLECEK","Chief Executive Office","M","188249","H","Hobbico","jeri.holecek@hobbico.com","1608 Interstate Drive","Champaign","IL","61822","2173980008","2173983630","5945","Hobby","Toy","0","0"
"DANNON","6307786703","200 E 5TH AVE STE 117E","NAPERVILLE","41400000","JIM HANOLD","Manager","M","191472","D","Dannon Co","dannon.institute@dannon.com","200 E 5th Ave","Naperville","IL","60563","6307786703","6307786703","514306","Yogurt-Wholesale","www.dannon.com","0","0"
"J J Collins' Sons Inc","2173457606","2351 Madison Ave","Charleston","27170000","Jim Collins","Owner","Mal","192997","J","J J Collins' Sons Inc","cheywood@jjcollins.com","2351 Madison Ave","Charleston","IL","61920","NULL","2173457606","276101","Printers","NULL","0","0"
"Tri County Petroleum Inc","6186543328","201 IL Route 143","Pierron","30186000","Terry Lammers","Owner","Mal","194845","T","Tri County Petroleum Inc","tcpi@tri-countypetroleum.com","201 IL Route 143","Pierron","IL","62273","6186543328","6186543328","517206","Oils-Fuel (Wholesale)","www.tri-countypetroleum.com","0","0"
"DQM","6302798600","934 N Oaklawn Ave","Elmhurst","39795000","Jose Gutierrez","Owner","Mal","198337","D","DQM","Jose@dqmwood.com","934 N Oaklawn Ave","Elmhurst","IL","60126","6302793500","6302798600","514101","Food Products (Wholesale)","NULL","0","0"
"Lawrence Hardware","8156250360","2 1st Ave","Sterling","28000000","Preston Boyd","President","Mal","199412","L","Lawrence Hardware","Preston_Boyd@lawrencebrothers.com","2 1st Ave","Sterling","IL","61081","8156252759","8156250360","342902","Hardware-Manufacturers","NULL","0","0"
"EDWARDS ENGINEERING INC","8473648100","1000 TOUHY AVE","ELK GROVE VLG","28000000","MICHAEL JOHNSON","President","M","202928","E","Edwards Engineering Inc","Edward.Johnson@edwardsengineering.com","1000 Touhy Ave","Elk Grove Vlg","IL","60007","8473640188","8473648100","871133","Engineers-Professional","NULL","0","0"
"Brandt Construction","3097874644","3500 69th Ave","Moline","28320000","Terence Brandt","Owner","Mal","205302","B","Brandt Construction","T-Brandt@brandtconstruction.com","3500 69th Ave","Moline","IL","61265","3097876344","3097874644","152144","Construction Companies","NULL","0","0"
"Mc Cormick & Co","8472361840","20 Burning Tree Ln","Deerfield","25320000","Dean Lustig","Manager","Mal","206821","M","Mc Cormick & Co","consumertesting@mccormick.com","20 Burning Tree Ln","Deerfield","IL","60015","8317582411","8472361840","514938","Spices-Wholesale","www.mccormick.com","0","0"
"DRY STORAGE DES PLAINES","8473906800","1750 S WOLF RD","DES PLAINES","32000000","ANN DRAKE","Chief Executive Office","F","210347","D","DSC Logistics","ronmestan@dsc-logistics.com","1750 So Wolf Rd","DES PLAINES","IL","60018","8473906800","null","421304","Trucking","DSCSCV.COM","0","0"
"COUNTY LINE SECURITY SYSTEMS","7737149090","5440 N CUMBERLAND AVE","CHICAGO","33800000","JIM FRUIN","President","M","213784","I","I.U.S. Productions","dcentracchio@ifpcworldwide.com","5440 N. Cumberland Suite 105","CHICAGO","IL","60656","7737149090","7737149093","8999","Services NEC","PRE-EMPLOYMENTONLINE.COM","0","0"
"PINNACLE FOOD PRODUCTS INC","8474381598","635 OAKWOOD RD","LAKE ZURICH","30000000","ANDY BURKE","President","M","216926","P","Pinnacle Food Products Inc","mfisher@pinfoodpro.com","635 Oakwood Rd","Lake Zurich","IL","60047","8474381599","8474381598","504601","Food Processing Equipment & Supls (Whol)","NULL","0","0"
"MWH","3128313000","175 W JACKSON BLVD STE 1900","CHICAGO","30000000","ALLEN KRAUSE PE","President","M","220081","G","GregoryBaldwin","lsun@harza.com","175 W. Jackson Street","CHICAGO","IL","60604","3128313000","3128313999","809907","Health Services","HSPHEALTHCARE.COM","0","2"
"Galaxie Lumber & Construction","8476778300","4767 W Touhy Ave","Lincolnwood","35400000","Stephen Pinsler","Owner","Mal","225083","G","Galaxie Lumber & Construction","StephenP@galaxieconst.com","4767 W Touhy Ave","Lincolnwood","IL","60712","8476778330","8476778300","152105","Home Improvements","NULL","0","0"
"Cross Container Corp","8478443200","400 Maple Ave","Carpentersville","28152000","Jerry Matlock","Owner","Mal","233579","C","Cross Container Corp","bob.norcross@crosscontainer.com","400 Maple Ave","Carpentersville","IL","60110","8478443241","8478443200","511318","Boxes-Corrugated & Fiber (Wholesale)","NULL","0","0"
"Chef Solutions","7085620100","111 Northwest Ave","Northlake","33300000","Angel Ray Pimienta","Plant Mgr","Mal","236911","C","Chef Solutions","john.urbelis@chefsolutions.com","111 Northwest Ave","Northlake","IL","60164","7085620138","708-562-0100","2051","Bread and Other Bakery Products","Except Cookies and Crackers","0","0"
"Ampco Metal Inc","8474376000","1117 E Algonquin Rd","Arlington Hts","42400000","J F Dalin","President","Mal","239012","A","Ampco Metal Inc","nick.frey@ampcometal.com","1117 E Algonquin Rd","Arlington Hts","IL","60005","8474376008","8474376000","509411","Metals-Precious Sheet Wire Tubing (Whol)","NULL","0","0"
"OEC BUSINESS INTERIORS INC","6305895500","900 N CHURCH RD","ELMHURST","38300000","RAYMOND R RIHA SR","Chief Executive Office","M","242054","C","ChiProductionz.com","dcooper@officeequip.com","900 N. Church Road","ELMHURST","IL","60126","6305895500","6305895637","8661","Religious organizations","IAMTHEANSWER.COM^^RAYMARK303889.COM^^RAYMARK316864.COM^^RAYMARK316986.COM^^RAYMARK318972.COM^^RAYMAR","0","1"
"Zenith Cutter Co","8152825200","5200 Zenith Pkwy","Loves Park","30100000","Cedric W Blazer","CEO","Mal","244083","Z","Zenith Cutter Co","websales@zenithcutter.com","5200 Zenith Pkwy","Loves Park","IL","61111","8152825232","8152825200","342301","Knives-Machine (Manufacturers)","www.zenithcutter.com","0","0"
"Riverway Harbor Svc St Louis","6182864571","1 Davis Street Ferry Rd","East Carondelet","27680000","Bruce Hancock","VP","Mal","245402","R","Riverway Harbor Svc St Louis","tkf@uslink.net","1 Davis Street Ferry Rd","East Carondelet","IL","62240","6182864571","6182864571","444901","Barge Lines & Terminals","www.riverway.com","0","0"
"ACTION PLUMBING","6302930475","1050 W WASHINGTON ST","WEST CHICAGO","35000000","JOHN POWERS","President","M","246668","A","Action Plumbing","John@actionplumbingcoinc.com","1050 W Washington St","West Chicago","IL","60185","6302939577","6302930475","171105","Plumbing Contractors","NULL","0","0"
"T C INDUSTRIES INC","8154592401","3703 S STATE ROUTE 31","CRYSTAL LAKE","44000000","THOMAS Z HAYWARD JR","Chief Executive Office","M","247406","T","T C Industries Inc","billw@tcindustries.com","3703 S IL Route 31","Crystal Lake","IL","60012","8154593303","8154592401","339801","Heat Treating Metal (Manufacturers)","www.tcindustries.com","0","0"
"All Seasons Pools & Spas","7083492222","9135 W 135th St","Orland Park","30750000","Doug Mayhall","Owner","Mal","247669","A","All Seasons Pools & Spas","DougMayhall@aspools.com","9135 W 135th St","Orland Park","IL","60462","7083498265","7083492222","509112","Swimming Pool-Distributors","NULL","0","0"
"ATS","3096934000","8201 N UNIVERSITY ST STE 1","PEORIA","47200000","JEFF OWENS","President","M","248409","A","ATS","OwensJ@amertech.com","8201 N University St","Peoria","IL","61615","NULL","3096934000","737801","Computers-Service & Repair","NULL","0","0"
"Keyth Security Systems","8472667007","1575 Oakwood Ave","Highland Park","36190000","Keith Fisher","Owner","Mal","250081","K","Keyth Security Systems","Fisher-Keith@keyth.com","1575 Oakwood Ave","Highland Park","IL","60035","8479260008","8472667007","506304","Security Control Equip & Systems-Whol","NULL","0","0"
"H N Automotive Inc","2173470600","1500 Heartland Ave # 4","Effingham","31360000","J R Elder","Executive Director","Mal","253197","H","H N Automotive Inc","painfo@hnai.net","1500 Heartland Ave # 4","Effingham","IL","62401","2173470600","2173470600","501313","Automobile Parts & Supplies-Wholesale","www.hnai.net","0","0"
"Barco","8475160900","1100 Alexander Ct","Cary","28320000","Lane Hoffman","President","Mal","254757","B","Barco","LaneH@barcoseals.com","1100 Alexander Ct","Cary","IL","60013","8475165590","8475160900","509908","Manufacturers-Agents & Representatives","NULL","0","0"
"Century Tile","6304952300","747 E Roosevelt Rd","Lombard","36000000","Fred Schmidt","President","Mal","255244","C","Century Tile","Schmidt@century-tile.com","747 E Roosevelt Rd","Lombard","IL","60148","NULL","6304952300","571306","Floor Materials","NULL","0","0"
"CNH GOODFIELD","3099652233","PO BOX 65","GOODFIELD","30600000","PAUL ROUSE","Manager","M","256306","C","Cnh Goodfield","nacustomerrelations@cnh.com","600 E Peoria St","Goodfield","IL","61742","3099652042","3099652233","508310","Farm Equipment (Wholesale)","www.cnh.com","0","0"
"SRA Intl Inc","6186246660","331 Salem Pl # 200","Fairview Heights","31725000","Robert Evarts","Manager","Mal","264272","S","SRA Intl Inc","productvendor@sra.com","331 Salem Pl # 200","Fairview Heights","IL","62208","8505813829","6186246660","874833","Government-Contract Consultants","www.sra.com","0","0"
"Door Systems","6302500101","751 Expressway Dr","Itasca","38700000","Wes Askren","Owner","Mal","265804","D","Door Systems","Wes@doorsys.com","751 Expressway Dr","Itasca","IL","60143","6302500140","6302500101","521101","Doors-Garage","NULL","0","0"
"Anderson Lock Co","8478242800","850 E Oakton St","Des Plaines","31080000","Gene Anderson","President","Mal","269747","A","Anderson Lock Co","laura@andersonlock.com","850 E Oakton St","Des Plaines","IL","60018","8472969259","8478242800","507207","Hardware-Wholesale","www.andersonlock.com","0","0"
"ONCE UPON A CHILD","6303777559","224 KIRK RD","SAINT CHARLES","27300000","DON BURKE","Owner","M","271911","O","Once Upon A Child","DonBurke@ouac.com","224 Kirk Rd","St Charles","IL","60174","NULL","6303777559","593241","Childrens & Infants Wear-Used","NULL","0","0"
"AMERICAN MARKETING SYSTEMS","6303821000","7020 HIGH GROVE BLVD","BURR RIDGE","25000000","BILL GEISLER","Manager","M","273893","A","American Marketing Systems","Mark-Holecek@amsisf.com","7020 High Grove Blvd","Burr Ridge","IL","60527","6303250825","6303821000","874213","Marketing Programs & Services","NULL","0","0"
"Sentral Assemblies","8474789720","595 Bond St","Lincolnshire","35700000","David Spayer","Owner","Mal","274123","S","Sentral Assemblies","dSpayer@sentral.com","595 Bond St","Lincolnshire","IL","60069","8474789744","8474789720","335702","Cable (Manufacturers)","NULL","0","0"
"GCG FINANCIAL INC","8474573000","3000 LAKESIDE DR # 200","BANNOCKBURN","35000000","ALAN J LEVITZ","Chief Executive Office","M","279012","M","MARIPURI; CHALA","lalan.levitz@gcgonline.com","3000 Lakeside Drive suite 200 south","DEERFIELD","IL","60015","8474573000","8474573100","809907","Health Services","MILWAUKEEHEALTHINSURE.COM","0","2"
"FLOORING AMERICA","8475265815","1160 N DATO LN","WAUCONDA","26000000","MIKE LEVIN","President","M","280760","F","Flooring Outlet Carpetmax","mlcpt@inset.com","256 Market Square 2nd floor","WAUKEGAN","IL","60084","8475265815","8475264654","175299","Floor Laying Contractor","null","0","0"
"Cornell Forge Co","7084581582","6666 W 66th St","Chicago","28000000","Bill Brewer","Owner","Mal","282394","C","Cornell Forge Co","sduzak@cornellforge.com","6666 W 66th St","Chicago","IL","60638","7087289883","7084581582","346201","Forgings (Manufacturers)","www.cornellforge.com","0","0"
"Midwest Air Technologies Inc","8478219630","625 Barclay Blvd","Lincolnshire","44800000","Steve Wang","President","Mal","282432","M","Midwest Air Technologies Inc","cs@midwest-air.com","625 Barclay Blvd","Lincolnshire","IL","60069","8478219644","8478219630","501313","Automobile Parts & Supplies-Wholesale","www.midwest-air.com","0","0"
"Kmart","8477403500","400 E Rollins Rd","Round Lake Beach","36450000","John Furio","Manager","Mal","287179","K","Kmart","help@customerservice.kmart.com","400 E Rollins Rd","Round Lake Beach","IL","60073","7323709135","8477403500","531102","Department Stores","www.kmart.com","0","1"
"Swenson Spreader Co","8153934455","127 Walnut St","Lindenwood","43080000","John Slawson","President","Mal","288455","S","Swenson Spreader Co","swensonsales@swensonspreader.com","127 Walnut St","Lindenwood","IL","61049","8153934964","8153934455","353198","Construction Machinery & Equip (Mfrs)","www.swensonspreader.com","0","0"
"Classic Marble","2175433331","520 E 2nd St","Arthur","36000000","Sam Petershine","Owner","Mal","296687","C","Classic Marble","Petershine@Classicmarblecompany.Com","PO Box 133","Arthur","IL","61911","2175433377","2175433331","503201","Marble-Cultured (Wholesale)","NULL","0","0"
"CAMCRAFT","6305826001","1080 MUIRFIELD DR","HANOVER PARK","32000000","MICHAEL BERTSCHE","President","M","297225","C","Camcraft","BBertsche@camcraft.com","1080 Muirfield Dr","Hanover Park","IL","60133","6305826019","6305826000","345101","Screw Machine Products (Manufacturers)","NULL","0","0"
"ONLINE DATA CORP","7085622777","1 WESTBROOK CORPORATE CTR","WESTCHESTER","28700000","GREG DAILEY","Owner","M","298574","O","Online Data Corp","jimsuarez@amcapaccept.com","2 Westbrooke Corporate Center","WESTCHESTER","IL","60154","7083440580","null","737401","Data Processing Service","AMCAPACCEPT.COM","0","0"
"Appetizers & Inc","7732270400","2555 N Elston Ave","Chicago","32000000","John Trellicoso","Plant Mgr","Mal","299049","A","Appetizers & Inc","emailus@appetizersandinc.com","2555 N Elston Ave","Chicago","IL","60647","7733843995","7732270400","203802","Frozen Canapes & Hors D''Oeuvres-Mfrs","www.appetizersandinc.com","0","0"
"ROSATI'S PIZZA","8473822700","712 S NORTHWEST HWY","BARRINGTON","26400000","LOU FRATERRIGO","Owner","M","302565","R","Rosati's Pizza","L_Rosati@rosatispizza.com","395 Algonquin Rd # D","Barrington","IL","60010","8475168071","8475163800","581212","Caterers","NULL","0","1"
"Weyerhaeuser Co","6305853333","4140 Campus Dr","Aurora","42360000","Roy Lind","VP","Mal","303509","W","Weyerhaeuser Co","realestateservices@weyerhaeuser.com","4140 Campus Dr","Aurora","IL","60504","7123664302","6305853333","503109","Lumber-Wholesale","www.weyerhaeuser.com","0","0"
"Fridh Corp","8152290833","1111 S Alpine Rd # 700","Rockford","25920000","Roy Fridh","Owner","Mal","306874","F","Fridh Corp","mwhittington@fridhcorp.com","1111 S Alpine Rd # 700","Rockford","IL","61108","8152295933","8152290833","671901","Holding Companies (Non-Bank)","www.fridhcorp.com","0","2"
"Danaher Controls","8476622341","1675 N Delany Rd","Gurnee","34800000","Steve Breitzka","CEO","Mal","309241","D","Danaher Controls","jim.appelgren@dancon.com","1675 N Delany Rd","Gurnee","IL","60031","8476626633","847-662-2666","3625","Relays and Industrial Controls","NULL","0","0"
"FOX & OBEL FOOD MARKET","3124107301","401 E ILLINOIS ST STE 1","CHICAGO","28500000","KEITH MONTAGUE","Chief Executive Office","M","312068","F","Fox & Obel Food Market","M_Keith@foxobel.com","401 E Illinois St","Chicago","IL","60611","3124107305","3124107301","541105","Grocers-Retail","NULL","0","0"
"Mosaic","8153878390","225 S 3rd St","Rockford","25800000","Carla Saelens","President","Fem","315059","M","Mosaic","Carla@imcglobal.com","225 S 3rd St","Rockford","IL","61104","8153879500","8153878390","839905","Disability Services","NULL","0","0"
"Dual Fuel Systems","6303057770","31w356 Diehl Rd","Naperville","37000000","John Schwab","President","Mal","318021","D","Dual Fuel Systems","SchwabJohn@dualfuelsystems.com","31w356 Diehl Rd","Naperville","IL","60563","NULL","6303057770","501213","Truck Bodies & Equipment (Wholesale)","NULL","0","0"
"AIR-LAND TRANSPORT SVC INC","3096731227","1020 W BIRCHWOOD ST","MORTON","27600000","JOHN GRAY","Owner","M","319423","A","Air-Land Transport Svc Inc","bmiklik@air-land.com","1020 W Birchwood St","Morton","IL","61550","3096731280","3096731227","421304","Trucking","www.air-land.com","0","0"
"National Railway Equip Co","3097556800","309 9th St N","Silvis","31710000","Ray Thornton","VP","Mal","320856","N","National Railway Equip Co","power@nrecps.com","309 9th St N","Silvis","IL","61282","3097550278","3097556800","401101","Railroads","www.nationalrailway.com","0","0"
"G C America Inc","7085970900","3737 W 127th St","Alsip","38000000","Kent Fletcher","President","Mal","320936","G","G C America Inc","gca_sales@gcamerica.com","3737 W 127th St","Alsip","IL","60803","7083715148","7085970900","384301","Dental Equipment-Manufacturers","www.gcamerica.com","0","0"
"Americall Corporation","7084745191","1 River Pl","Lansing","34800000","Jason Such","Manager","Mal","321613","A","Americall Corporation","fsingleton@americallgroup.com","1 River Pl","Lansing","IL","60438","2197382775","7084745191","562101","Women's Apparel-Retail","www.americallgroup.com","0","0"
"DICKEY-JOHN CORP","2174383371","5200 DICKEY JOHN RD","AUBURN","30800000","EDWARD M HERTER","Chief Executive Office","M","324067","D","Dickey-John Corp","europe@dickey-john.com","5200 Dickey John Rd","Auburn","IL","62615","2174386508","2174383371","367901","Electronic Equipment & Supplies-Mfrs","www.dickey-john.com","0","0"
"Lundia","2172438585","600 Capitol Way","Jacksonville","35820000","Gary L Frye","President","Mal","325827","L","Lundia","rnorden@recomgroup.com","600 Capitol Way","Jacksonville","IL","62650","2172454914","2172438585","504606","Shelving-Commercial & Industrial (Whol)","www.lundiausa.com","0","0"
"Colfax Envelope Corp","8472151122","951 Commerce Ct","Buffalo Grove","25760000","Charles R Patten Jr","President","Mal","326303","C","Colfax Envelope Corp","jennifer.forman@colfaxenv.com","951 Commerce Ct","Buffalo Grove","IL","60089","8472151145","8472151122","267701","Envelopes-Manufacturers","NULL","0","0"
"PMR INC","6308983600","1615 OGDEN AVE W","OSWEGO","32600000","RICHARD EDELMAN","President","M","327135","P","PMR Inc","R.W.Younglas@pmr4ws.com","1615 Ogden Ave W","Oswego","IL","60543","6308987260","6308983600","509908","Manufacturers-Agents & Representatives","NULL","0","0"
"Conservation Technology LTD","8475595500","2783 Shermer Rd","Northbrook","32200000","John Ranshaw","President","Mal","328068","C","Conservation Technology LTD","jranshaw@con-techlighting.com","2783 Shermer Rd","Northbrook","IL","60062","8475595505","8475595500","506429","Fans-Household-Wholesale","NULL","0","0"
"B & F Coffee Svc","8474982201","3535 Commercial Ave","Northbrook","42200000","Sid Kahn","President","Mal","329713","B","B & F Coffee Svc","SidKahn@bfcoffee.com","3535 Commercial Ave","Northbrook","IL","60062","8474989877","8474982201","514905","Coffee & Tea-Wholesale","NULL","0","0"
"PRIORITY FOOD PROCESSING","8474381338","635 OAKWOOD RD","LAKE ZURICH","39400000","ANDY BURKE","President","M","329916","P","Priority Food Processing","J.P@sysco.com","635 Oakwood Rd","Lake Zurich","IL","60047","8474381599","8474381338","738988","Packaging Service","NULL","0","0"
"Dixonweb Printing Co","8152842211","1226 W 7th St","Dixon","30400000","Michael Sleepeck","President","Mal","329995","D","Dixonweb Printing Co","arthur@sleepeck.com","1226 W 7th St","Dixon","IL","61021","8152842212","8152842211","275202","Printers","NULL","0","0"
"Synagro Technologies Inc","6304667892","600 Heartland Dr","Sugar Grove","26600000","Bill Angelotti","Manager","Mal","330121","S","Synagro Technologies Inc","nderoche@synagro.com","600 Heartland Dr","Sugar Grove","IL","60554","7074383737","6304667892","519114","Fertilizers (Wholesale)","www.synagro.com","0","0"
"Crucible Service Ctr","7737720300","4501 W Cortland St","Chicago","33504000","Justin Clarke","Manager","Mal","331070","C","Crucible Service Ctr","techservices@crucible.com","4501 W Cortland St","Chicago","IL","60639","2627816743","7737720300","505106","Steel-Distributors & Warehouses","www.crucibleservice.com","0","0"
"Automated Presort Inc","6306207678","1400 Centre Circle Dr","Downers Grove","31050000","Jerry Imbriani","President","Mal","334759","A","Automated Presort Inc","cindy@automatedpresort.com","1400 Centre Circle Dr","Downers Grove","IL","60515","6306207454","6306207678","733101","Mailing & Shipping Services","www.automatedpresort.com","0","0"
"KNEAD DOUGH CO","6309720404","556 SAINT JAMES GATE","BOLINGBROOK","26600000","SAM BLASI","Vice-President","M","337379","K","Knead Dough Co","curt@turanobaking.com","556 Saint James Gate","Bolingbrook","IL","60440","6309720051","6309720404","205198","Bread/Other Bakery Prod-Ex Cookies (Mfr)","www.turanobaking.com","0","0"
"AMSOIL SYNTHETIC LUBRICANTS","6306281011","405 W MYRICK AVE","ADDISON","40500000","","Unknown","","337585","A","Amsoil Synthetic Lubricants","Christensen@vaughninc.com","405 W Myrick Ave","Addison","IL","60101","NULL","6306281011","516962","Oils-Synthetic (Wholesale)","NULL","0","0"
"WICS","2177535620","2680 E Cook St","Springfield","29704000","Johnny Faith","President","Mal","341029","W","WICS","healthbeat@wics.com","2680 E Cook St","Springfield","IL","62703","2177538177","2177535620","483301","Television Stations & Broadcasting CO","www.wics.com","0","0"
"WHITING CORP","7083314000","26000 S WHITING WAY","MONEE","34000000","JEFFREY L KAHN","President","M","344461","W","Whiting Corp","bruce@whitings.com","26000 Whiting Way","Monee","IL","60449","7085872001","7083314000","508426","Material Handling Equipment (Wholesale)","NULL","0","0"
"Architex","8472051333","3333 Commercial Ave","Northbrook","25000000","Keith Gordan","Owner","Mal","348094","A","Architex","Keith@architex-ljh.com","3333 Commercial Ave","Northbrook","IL","60062","8472051510","8472051333","513116","Drapery & Curtain Fabrics-Wholesale","NULL","0","0"
"CARRIAGE CORP","6186542181","12631 STATE ROUTE 143","HIGHLAND","40400000","STEVE SCHMITT","Owner","M","348630","T","Team Spirit","ssi-sales@steveschmittauto.com","12631 State Route 143","Highland","IL","62249","6186542181","6186545850;61865493","5311","Retail shops","steveschmitt.com;steveschmittauto.com","0","0"
"Chicago Steel Tape Co","8154326840","444 S Cips St","Watseka","26250000","Ash Puri","President","Mal","350240","C","Chicago Steel Tape Co","j.jordan@instarservices.com","444 S Cips St","Watseka","IL","60970","8154322417","8154326840","382907","Surveying Instruments-Manufacturers","NULL","0","0"
"Ovation Pharmaceutical","8472821001","4 Parkway N","Deerfield","30800000","Jeff Aronin","President","Mal","351289","O","Ovation Pharmaceutical","jaronin@ovationpharma.com","4 Parkway N","Deerfield","IL","60015","8472821001","8472821001","283404","Drug Millers","NULL","0","0"
"Fidelitone Inc","8474873300","1260 Karl Ct","Wauconda","32960000","Craig Hudson","CEO","Mal","351350","F","Fidelitone Inc","fds@fidelitone.com","1260 Karl Ct","Wauconda","IL","60084","8474873300","8474873300","731907","Distributing Service-Circular & Sample","www.fidelitone.com","0","0"
"HOFFER PLASTICS CORP","8477415740","500 N COLLINS ST","SOUTH ELGIN","44800000","WILLIAM A HOFFER","President","M","351779","H","Hoffer Plastics Corp","p-nguven@hofferpl.com","500 N Collins St","South Elgin","IL","60177","8477413086","8477415740","308901","Mold Makers","NULL","0","0"
"DIRECT BUY OF GURNEE","8478558454","905 LAKESIDE DR","GURNEE","40000000","KARUNA TALWAR","Manager","F","352276","D","Direct Buy Of Gurnee","KTalwar@directbuy.net","905 Lakeside Dr","Gurnee","IL","60031","8478561843","8478558454","999977","Nonclassified Establishments","NULL","0","0"
"EUROPEAN IMPORTS LTD","7732270603","2475 N ELSTON AVE","CHICAGO","26900000","SEYMOUR BINSTEIN","Owner","M","353482","E","European Imports LTD","gbinstein@eiltd.com","2475 N Elston Ave","Chicago","IL","60647","7732276775","7732270603","514101","Food Products (Wholesale)","NULL","0","0"
"Apx Logistics","8479280428","10601 Seymour Ave # B","Franklin Park","25500000","William Ingalls","Manager","Mal","353956","A","Apx Logistics","tfrontino@apx.com","10601 Seymour Ave # B","Franklin Park","IL","60131","4085172985","8479280428","874266","Logistics","www.apx.com","0","0"
"ARC-TRONICS INC","8474370211","1150 PAGNI DR","ELK GROVE VLG","30000000","CONRAD GOERINGER","President","M","354260","A","Arc-Tronics Inc","mgoeringer@arctronics.com","1150 Pagni Dr","Elk Grove Vlg","IL","60007","8474370181","8474370211","573117","Electronic Equipment & Supplies-Retail","NULL","0","0"
"THE ENVIRONMENT GRP","3126445080","303 E WACKER DR STE 800","CHICAGO","31500000","GINA BERNDT","President","F","355637","T","THIS DOMAIN IS FOR SALE","tshryer@envgroup.com","303 E WACKER DR STE 800","CHICAGO","IL","60601","3126445080","3126445299","8999","Services NEC","ENVWORKS.COM^^MYENVGROUP.COM^^MYENVGROUP.NET","0","0"
"Nypro Chicago","8478552200","955 Tri State Pkwy","Gurnee","32800000","Jim Stinson","Manager","Mal","356259","N","Nypro Chicago","staffing@nypro.com","955 Tri State Pkwy","Gurnee","IL","60031","3037724753","8478552200","308901","Mold Makers","www.nypro.com","0","0"
"Huntsman Corp","8152241525","501 Brunner St","Peru","40260000","John Lakenam","Plant Mgr","Mal","358262","H","Huntsman Corp","rachel_tiggeloven@huntsman.com","501 Brunner St","Peru","IL","61354","8152245278","8152241525","289905","Chemicals-Manufacturers","www.huntsman.com","0","0"
"Barcom","6182773344","923 N Belt W","Swansea","26320000","John Bartle","Owner","Mal","358406","B","Barcom","John-Bartle@barcominc.com","923 N Belt W","Swansea","IL","62226","6182777940","6182773344","506304","Security Control Equip & Systems-Whol","NULL","0","0"
"Alaron Trading Corp","3125638000","822 W Washington Blvd","Chicago","27525000","Steven Greenberg","President","Mal","359537","A","Alaron Trading Corp","rrosenberg@firststreetfutures.com","822 W Washington Blvd","Chicago","IL","60607","3128502820","3125638000","622104","Commodity Brokers","www.alaronpremier.com","0","0"
"Carroll Scientific Inc","7085798020","9550 W 55th St # D","Countryside","30000000","Richard Bradley","President","Mal","359766","C","Carroll Scientific Inc","gk@lubrizol.com","9550 W 55th St # D","Countryside","IL","60525","7085799477","7085798020","516916","Chemicals (Wholesale)","NULL","0","0"
"Better Bilt Products","6305436767","900 S Kay Ave","Addison","47115000","Steve Camp","Owner","Mal","360478","B","Better Bilt Products","bbp@bbponline.com","900 S Kay Ave","Addison","IL","60101","6305430524","6305436767","505103","Wire Products (Wholesale)","www.bbponline.com","0","0"
"PIP PRINTING","3092667241","8325 N ALLEN RD","PEORIA","30000000","BILL GRIM","Manager","M","361100","P","Pip Printing","scott.cochran@pippeoria.com","532 Brightview Dr","Peoria","IL","61615","3096916624","407-330-9762","2752","Commercial Printing","Lithographic (except quick printing)","0","0"
"E L PRUITT CO","2177890966","3090 COLT RD","SPRINGFIELD","43800000","JOHN PRUITT","President","M","361269","E","E L Pruitt Co","mdm@elpruitt.com","3090 Colt Rd","Springfield","IL","62707","2177892694","2177890966","171117","Air Conditioning Contractors & Systems","www.elpruitt.com","0","0"
"Learning Resources","8475738406","380 N Fairway Dr","Vernon Hills","37620000","Richard Woldenberg","President","Mal","361937","L","Learning Resources","walt.kowalski@learningresources.com","380 N Fairway Dr","Vernon Hills","IL","60061","8475738425","8475738406","511213","School Supplies (Wholesale)","NULL","0","0"
"Colorlab Cosmetics","8159652001","1112 5th Ave","Rockford","27860000","Mary Swaab","Owner","Fem","362784","C","Colorlab Cosmetics","MaryS@colorlabcosmetics.com","1112 5th Ave","Rockford","IL","61104","8159652007","8159652001","512204","Cosmetics-Wholesale","NULL","0","0"
"Hale Cosmeceuticals","2179359798","760 Us Highway 51","Clinton","27860000","Chim Potini","Owner","Mal","362941","H","Hale Cosmeceuticals","CPotini@halecosmeceuticals.com","RR 1 Box 107d","Clinton","IL","61727","2179357066","2179359798","512204","Cosmetics-Wholesale","NULL","0","0"
"AMTEC PRECISION PRODUCTS INC","8476958030","1355 HOLMES RD","ELGIN","32100000","GEORGE DRESSEL","Manager","M","365412","A","AMTEC Precision Products Inc","scottn@amtecmolded.com","1875 Holmes Rd","Elgin","IL","60123","8476958295","8476958030","345101","Screw Machine Products (Manufacturers)","www.amtecprecision.com","0","0"
"JOHN HANCOCK BLDG","3127511717","875 N MICHIGAN AVE # 26","CHICAGO","28800000","BILL FIELDS","President","M","365668","P","Partners Property Management","mdubrul@sudler.net","875 N Michigan Ave.","Chicago","IL","60611","3127511717","null","874198","Fuel Management","null","0","0"
"Brunner & Lay Inc","8476783232","9300 King St","Franklin Park","40800000","Fred J Brunner","CEO","Mal","366021","B","Brunner & Lay Inc","bussery@brunnerlay.com","9300 King St","Franklin Park","IL","60131","8476780642","8476783232","508456","Tools-Pneumatic (Wholesale)","www.brunnerlay.com","0","0"
"Accurate Transmission","8475498100","401 Terrace Dr","Mundelein","32400000","Richard Kempel","Owner","Mal","367693","A","Accurate Transmission","Kempel@accuratetransmissioninc.com","401 Terrace Dr","Mundelein","IL","60060","8475499474","8475498100","753701","Transmissions-Automobile","NULL","0","0"
"Peter Baker & Son Co","8473623663","1349 Rockland Rd","Lake Bluff","40000000","Peter A Baker","President","Mal","368223","P","Peter Baker & Son Co","jbrunner@peterbaker.com","1349 Rockland Rd","Lake Bluff","IL","60044","8153441653","8153441640","161101","Paving Contractors","NULL","0","1"
"Danville Metal Stamping Co","2174460648","17 Oakwood Ave","Danville","25000000","Judd Peck","President","Mal","368411","D","Danville Metal Stamping Co","steve.defenbaugh@danvillemetal.com","17 Oakwood Ave","Danville","IL","61832","2174463751","2174460648","372498","Aircraft Engines & Engine Parts-Mfrs","www.danvillemetal.com","0","0"
"DEXTER MAGNETIC TECHNOLOGIES","8479561140","1050 MORSE AVE","ELK GROVE VLG","32000000","PETER PELTIER","President","M","368758","D","Dexter Magnetic Technologies","Peter@dextermag.com","1050 Morse Ave","Elk Grove Vlg","IL","60007","8479568205","8479561140","326401","Ferrites-Magnetically Soft (Mfrs)","NULL","0","0"
"Simpson Electric Co","8476222310","853 Dundee Ave","Elgin","32775000","Richard Schermetzler","CEO","Mal","370864","S","Simpson Electric Co","awhite@simpsonelectric.com","853 Dundee Ave","Elgin","IL","60120","8476972272","8476222310","382501","Recording Instruments Ind/Scientfc-Mfrs","www.simpsonelectric.com","0","0"
"Wisconsin Physicians Svc","6189937832","912 N Pentecost Dr","Marion","48300000","Jerri Pigg-Shoemake","President","Fem","373185","W","Wisconsin Physicians Svc","Jerri@wpsic.com","912 N Pentecost Dr","Marion","IL","62959","6189985282","6189937832","641110","Insurance-Claim Processing Services","NULL","0","0"
"Dietrich","8152800129","3901 Olympic Blvd","Joliet","33840000","Andy Rybowiak","Plant Mgr","Mal","373268","D","Dietrich","askforhelp@dietrichindustries.com","3901 Olympic Blvd","Joliet","IL","60431","3527487252","8152800129","339904","Metal Specialties-Manufacturers","www.dietrichindustries.com","0","0"
"Checkpoint Meto","6307714200","1140 Windham Pkwy","Romeoville","31360000","Joe Podsedly","Plant Mgr","Mal","374437","C","Checkpoint Meto","hresources@checkpt.com","1140 Windham Pkwy","Romeoville","IL","60446","6307714210","6307714200","267201","Labels-Paper (Manufacturers)","www.checkpointsystems.com","0","0"
"Sampler Publishing","8157341111","PO Box 564","Mt Morris","28960000","Bob Rosencrance","Manager","Mal","376204","S","Sampler Publishing","editor@boatingworld.com","PO Box 564","Mt Morris","IL","61054","8157341223","8157341111","573403","Publishing-Desktop","www.boatingworldonline.com","0","0"
"American Fluorescent Corp","8472495970","2345 Ernie Krueger Cir","Waukegan","27000000","Bill Solomon","President","Mal","376882","A","American Fluorescent Corp","mdugan@afcolite.com","2345 Ernie Krueger Cir","Waukegan","IL","60087","8472492618","8472495970","364504","Lighting Fixtures-Manufacturers","www.americanfluorescent.com","0","0"
"Country Sampler Group","6303778000","707 Kautz Rd","St Charles","28490000","Margaret Borst","President","Fem","379736","C","Country Sampler Group","webcustservice@sampler.emmis.com","707 Kautz Rd","St Charles","IL","60174","3306504849","6303778000","596102","Mail Order & Catalog Shopping","www.countrysampler.com","0","0"
"Parsons Co","3094679100","1386 State Route 117","Roanoke","25872000","Bob Parsons","Owner","Mal","381661","P","Parsons Co","parsonsco@parsonscompany.com","1386 State Route 117","Roanoke","IL","61561","3094675417","3094679100","179104","Metal Fabricators","www.parsonscompany.com","0","0"
"PRAIRIE INTL TRUCKS","2175235631","401 S DIRKSEN PKWY","SPRINGFIELD","40800000","MIKE JOYCE","Owner","M","382678","P","Prairie Intl Trucks","M_J@prairieinternational.com","401 S Dirksen Pkwy","Springfield","IL","62703","2175234305","2175235631","551105","Truck-Dealers","NULL","0","2"
"New Progress Inc","2175432121","402 E Progress St","Arthur","26800000","Don Frevert","Manager","Mal","383112","N","New Progress Inc","dsutton@tstllc.com","402 E Progress St","Arthur","IL","61911","2175432532","2175432121","379598","Tanks & Tank Components (Manufacturers)","www.progresstank.com","0","0"
"Deltrol Fluid Products","7085470500","3001 Grant Ave","Bellwood","33400000","William Parks","CEO","Mal","383148","D","Deltrol Fluid Products","William@deltrol.com","3001 Grant Ave","Bellwood","IL","60104","7085476881","7085470500","349403","Valves-Manufacturers","NULL","0","0"
"Euro RSCG Tatham Partners","3123374400","36 E Grand Ave","Chicago","33300000","Gary Epstein","CEO","Mal","385728","E","Euro RSCG Tatham Partners","teresa.mogush@eurorscg.com","36 E Grand Ave","Chicago","IL","60611","3123372316","3123374400","731101","Advertising-Agencies & Counselors","NULL","0","0"
"Agri Gold Hybrids","6189435776","RR 1 Box 203","St Francisville","39900000","John Kermicle","Manager","Mal","386094","A","Agri Gold Hybrids","agrigoldservicedesk@agrigold.com","RR 1 Box 203","St Francisville","IL","62460","6189437333","6189435776","519105","Seeds & Bulbs-Wholesale","www.agrigold.com","0","0"
"SULLIVAN-PARKHILL AUTOMOTIVE","2173524275","440 W ANTHONY DR","CHAMPAIGN","48500000","KEVIN SULLIVAN","Owner","M","386810","S","Sullivan Parkhill Automotive","ksully@sullivan-parkhill.com","440 West Anthony Dr","Champaign","IL","61822","2173524275","2173524697","754999","Automotive Services","sullivan-parkhill.com","0","0"
"Belvedere Co","8155443131","2964 Newburg Rd","Belvidere","30400000","Mark Waldron","President","Mal","386890","B","Belvedere Co","tfletcher@belvedereco.com","2964 Newburg Rd","Belvidere","IL","61008","8155446747","8155443131","259998","Furniture & Fixtures Nec (Mfrs)","www.belvedereco.com","0","0"
"Oberweis Dairy North Aurora","6308016100","951 Ice Cream Dr # 1","North Aurora","34000000","Bob Renaut","President","Mal","386902","O","Oberweis Dairy North Aurora","Renaut@oberweisdairy.com","951 Ice Cream Dr # 1","North Aurora","IL","60542","6308970562","6308016100","874213","Marketing Programs & Services","NULL","0","0"
"A EPSTEIN & SONS INTL","3124549100","600 W FULTON ST","CHICAGO","30000000","MELVIN KUPPERMAN","Chief Executive Office","M","387276","A","A Epstein & Sons Intl","mkupperman@epstein-isi.com","600 W Fulton St Fl 7","Chicago","IL","60661","3125591217","312-454-9100","8712","Architectural Services","NULL","0","0"
"Carter-Waters Corp","6183984377","9669 W State Route 161","Fairview Heights","26640000","Stewart Wilson","Manager","Mal","387732","C","Carter-Waters Corp","cnicks@carter-waters.com","9669 W State Route 161","Fairview Heights","IL","62208","8164212946","6183984377","508206","Contractors-Equip/Supls-Dlrs/Svc (Whol)","www.carter-waters.com","0","0"
"Freedman Seating Factory","7735242440","4545 W Augusta Blvd","Chicago","35500000","Gerald Freedman","Owner","Mal","388711","F","Freedman Seating Factory","FGerald@freedmanseating.com","4545 W Augusta Blvd","Chicago","IL","60651","7732527450","7735242440","259901","Furniture-Manufacturers","NULL","0","0"
"Freedom Auto Depot","7733493000","6711 S Western Ave","Chicago","38820000","M Helmstetter","Owner","Mal","389664","F","Freedom Auto Depot","M_Helmstetter@freedomautodepot.com","6711 S Western Ave","Chicago","IL","60636","NULL","7733493000","551103","Automobile Dealers-Used Cars","NULL","0","1"
"All Truck Transportation Inc","7085942543","4924 S Austin Ave","Chicago","30200000","Matthew J Alagna Jr","CEO","Mal","390481","A","All Truck Transportation Inc","durbaniak@alltruck.com","4924 S Austin Ave","Chicago","IL","60638","7085946408","7085942543","421304","Trucking","www.alltruck.com","0","0"
"BOWE Bell & Howell","8476757600","760 S Wolf Rd","Wheeling","34000000","George Marton","Manager","Mal","393857","B","BOWE Bell & Howell","pr@bccsoftware.com","760 S Wolf Rd","Wheeling","IL","60090","9199418579","8476757600","874213","Marketing Programs & Services","www.bowebellhowell.com","0","0"
"Gordon Food Svc","8474278527","2060 Pratt Blvd","Elk Grove Vlg","40932000","Brian Miller","Manager","Mal","395316","G","Gordon Food Svc","internationalsales@gfs.com","2060 Pratt Blvd","Elk Grove Vlg","IL","60007","7278211902","8474278527","514102","Food Brokers","www.gfs.com","0","0"
"Commercial Light Co","7084496900","245 Fencl Ln","Hillside","30900000","Tom Halperin","Owner","Mal","396478","C","Commercial Light Co","gpower@clcats.com","245 Fencl Ln","Hillside","IL","60162","7084496942","7084496900","173101","Electric Contractors","www.clcats.com","0","2"
"Computer Sciences Corp","6186247222","8 Executive Dr # 300","Fairview Heights","28440000","Steven Frederickson","Executive Director","Mal","396871","C","Computer Sciences Corp","cbuchan3@csc.com","8 Executive Dr # 300","Fairview Heights","IL","62208","9733724361","6186247222","871111","Engineers-Consulting","www.csc.com","0","0"
"Bill Smith Auto Parts","2174420156","400 Ash St","Danville","39467000","Robert Smith","President","Mal","397101","B","Bill Smith Auto Parts","mark@billsmithauto.com","400 Ash St","Danville","IL","61832","2174428976","2174420156","551103","Automobile Dealers-Used Cars","www.billsmithauto.com","0","1"
"EPKO Industries Inc","8474374000","1200 Arthur Ave","Elk Grove Vlg","35000000","Howard Markin","President","Mal","397201","E","EPKO Industries Inc","sharon.jankovich@epko.com","1200 Arthur Ave","Elk Grove Vlg","IL","60007","8474374017","8474374000","511101","Paper Products (Wholesale)","NULL","0","0"
"WBUI","2174282323","2510 PARKWAY CT","DECATUR","34700000","BILL SNIDER","Manager","M","397802","W","WBUI","allen.white@centralillinoiswb.com","2510 N Parkway Ct","Decatur","IL","62526","2174286455","2174282323","483301","Television Stations & Broadcasting CO","www.wb23tv.com","0","0"
"Better Homes & Gardens","3125801600","333 N Michigan Ave # 1500","Chicago","41644000","","","","399179","B","Better Homes & Gardens","amy.nichols@meredith.com","333 N Michigan Ave # 1500","Chicago","IL","60601","2125516917","3125801600","519917","Advertising-Specialties (Wholesale)","www.meredith.com","0","0"
"Charmilles Technology Corp","8479135300","560 Bond St","Lincolnshire","44125000","Harry Moser","Owner","Mal","399424","C","Charmilles Technology Corp","wire.application@charmillesus.com","560 Bond St","Lincolnshire","IL","60069","8479135340","8479135300","508465","Electrical Discharge Machs/Supls (Whol)","www.charmillesus.com","0","0"
"Lake County Grading Co LLC","8473622590","32901 N IL Route 21","Libertyville","30000000","Michael Wolff","VP","Mal","399577","L","Lake County Grading Co LLC","m_dennino@lcgc.com","32901 N IL Route 21","Libertyville","IL","60048","8473629460","8473622590","179502","Demolition Contractors","www.lcgc.com","0","0"
"LIBERTY BANK FOR SAVINGS","7733844000","2392 N MILWAUKEE AVE","CHICAGO","48600000","CHESTER SMIGIEL","Manager","M","399658","L","Liberty Bank for Savings","wsmigiel@alliedfirst.com","2392 N Milwaukee Ave","Chicago","IL","60647","NULL","7733844000","808201","Home Health Service","NULL","0","0"
"Bernardi Italian Foods","8154522361","301 W 3rd St","Toluca","36000000","Dick Bernardi","President","Mal","399697","B","Bernardi Italian Foods","msherman2@windsorfoods.com","301 W 3rd St","Toluca","IL","61369","4173585323","8154522361","203801","Frozen Food Processors","www.specialtybrandsinc.com","0","0"
"Sandbager Corp","8153631400","30846 N Us Highway 12","Volo","32634000","Stacey Kanzler","Owner","","399839","S","Sandbager Corp","tim@thesandbagger.com","30846 N Us Highway 12","Volo","IL","60073","8153638809","8153631400","508226","Sand & Gravel Handling Equipment (Whol)","www.thesandbagger.com","0","0"
"ELMHURST FORD","6302796000","678 N YORK ST","ELMHURST","30300000","THOMAS MUISENGA","Owner","M","401803","E","Elmhurst Ford","brian@elmhurstford.com","240 W Lake St","Elmhurst","IL","60126","6308341227","6308342639","751404","Automobile Leasing","www.elmhurstford.com","0","0"
"Foto Fabrication Corp","7734636211","3758 W Belmont Ave","Chicago","41880000","Jamie Howton","President","Mal","402942","F","Foto Fabrication Corp","quinton@lorill.com","3758 W Belmont Ave","Chicago","IL","60618","7734633387","7734636211","505113","Metal Specialties (Wholesale)","www.fotofab.com","0","0"
"Garrett Aviation Svc","2175443431","1200 N Airport Dr","Springfield","35350000","Ed Green","Manager","Mal","403131","G","Garrett Aviation Svc","buddy.rountree@landmarkaviation.com","1200 N Airport Dr","Springfield","IL","62707","7036610152","2175443431","458104","Aircraft Servicing & Maintenance","www.piedmonthawthorne.com","0","0"
"HANNA STEEL CORP","3094783800","220 HANNA DR","PEKIN","36700000","SERGIO BECERRA","Manager","M","404542","H","Hanna Steel Corp","ssexton@hannasteel.com","220 Hanna Dr","Pekin","IL","61554","2053334409","3094783800","344106","Steel-Structural (Manufacturers)","www.hannasteel.com","0","0"
"Braun Event & Tent Rental","6304585800","9480 W 55th St","Countryside","27450000","Ben Shipper","President","Mal","404734","B","Braun Event & Tent Rental","Shipper.Ben@chicagopartyrental.com","9480 W 55th St","Countryside","IL","60525","6304588500","6304585800","735906","Party Supplies-Renting","NULL","0","0"
"Tru-Bilt Building Co","6189822110","9328 Foyt Rd","Marion","28470000","Larry Johnson","Manager","Mal","404812","T","Tru-Bilt Building Co","larry@tru-bilt.com","9328 Foyt Rd","Marion","IL","62959","6189822211","6189822110","154210","Buildings-Metal","www.tru-bilt.com","0","0"
"Greater Quad City Auto Auction","3097876300","4015 78th Ave","Milan","40000000","Larry Anderson","Plant Mgr","Mal","405001","G","Greater Quad City Auto Auction","thadb@qcaa.com","4015 78th Ave","Milan","IL","61264","3097874541","3097876300","501204","Automobile Auctions (Wholesale)","www.qcaa.com","0","1"
"NCI Building Systems","2172588533","1509 Dewitt Ave E","Mattoon","30660000","Denny Maas","Plant Mgr","Mal","407324","N","NCI Building Systems","sales-marketing@mbci.com","1509 Dewitt Ave E","Mattoon","IL","61938","2298963281","2172588533","154210","Buildings-Metal","www.mbci.com","0","0"
"PEACOCK ENGINEERING CO","6308459400","1800 AVERILL RD","GENEVA","31500000","MICHAEL A BILDER","President","M","408530","P","PEACOCK Engineering Co","mwallach@peacockeng.com","1800 Averill Rd","Geneva","IL","60134","6308459401","6307730900","738988","Packaging Service","www.peacockeng.com","0","0"
"HENSON ROBINSON CO","2175448451","3550 GREAT NORTHERN","SPRINGFIELD","26300000","STEVE ETHERIDGE","Owner","M","408588","H","Henson Robinson Co","mark@henson-robinson.com","3550 Great Northern","Springfield","IL","62711","2175440829","2175448451","176109","Roofing Contractors","www.henson-robinson.com","0","0"
"Riverside Engineering","3097642020","400 21st St","Moline","27360000","Bart Mitchell","President","Mal","409396","R","Riverside Engineering","bmitchell@riversideproducts.com","400 21st St","Moline","IL","61265","3097649953","3097642020","508522","Industrial Equipment & Supplies (Whol)","NULL","0","0"
"WAND","2174242500","904 W South Side Dr","Decatur","34760000","T J Vaughan","President","Mal","409685","W","WAND","greglambert@greglambert.com","904 W South Side Dr","Decatur","IL","62521","2174228203","2174242500","483301","Television Stations & Broadcasting CO","www.wandtv.com","0","0"
"Cardean Learning Group","3126695000","111 N Canal St","Chicago","28125000","Cathleen Raffaeli","CEO","Fem","409839","C","Cardean Learning Group","lberland@cardean.com","111 N Canal St","Chicago","IL","60606","8474059366","3126695000","874825","Educational Consultants","www.unext.com","0","2"
"HANNOUSH JEWELERS","6186327709","195 SAINT CLAIR SQ # 195","FAIRVIEW HTS","30000000","JANET CLOYD","Manager","F","409999","H","Hannoush Jewelers","dlyman@hannoush-jewelers.com","195 Saint Clair Sq # 195","Fairview Heights","IL","62208","6186327987","6186327709","594409","Jewelers-Retail","www.hannoush.com","0","0"
"EARL L HENDERSON TRUCKING CO","6185484667","1 INDUSTRIAL DR","SALEM","41400000","JOHN KABURICK","President","M","410767","E","Earl L Henderson Trucking Co","lbrubaker@hendersontrucking.com","1 Industrial Dr","Salem","IL","62881","6185486204","6185484667","421304","Trucking","www.hendersontrucking.com","0","0"
"California Closets","8476666666","2130 Foster Ave","Wheeling","27850000","Bruce Cote","Owner","Mal","411048","C","California Closets","BCote@calclosets.com","2130 Foster Ave","Wheeling","IL","60090","NULL","8476666666","502309","Closets & Closet Accessories (Whol)","NULL","0","0"
"HMT Mfg Inc","8474732310","2323 Commonwealth Ave","North Chicago","25025000","Burt Bucher","President","Mal","411069","H","HMT Mfg Inc","burt.bucher@hmtmfg.com","2323 Commonwealth Ave","North Chicago","IL","60064","8474732349","8474732310","516912","Adhesives & Glues (Wholesale)","NULL","0","0"
"Esignal/Future Source","6306208444","955 Parkview Blvd","Lombard","33030000","Chris Mahlmann","Manager","Mal","411753","E","Esignal/Future Source","ayuda@futuresource.com","955 Parkview Blvd","Lombard","IL","60148","6617029621","6306208444","622104","Commodity Brokers","www.futuresource.com","0","0"
"Clearing House","3122230026","227 W Monroe St","Chicago","29050000","Brett Paulson","President","Mal","411986","C","Clearing House","PBrett@clearinghousesouth.com","227 W Monroe St","Chicago","IL","60606","3129863446","3122230026","628205","Financial Planning Consultants","NULL","0","0"
"Genender International Imports","8475413333","44 Century Dr","Wheeling","30000000","Ken Genender","Owner","Mal","412214","G","Genender International Imports","ken.genender@genender.com","44 Century Dr","Wheeling","IL","60090","8475414444","8475413333","509406","Jewelers-Wholesale","NULL","0","0"
"Cypress Medical Products","8153850100","1202 S Highway 31","Mchenry","31360000","Tim Sabatka","CEO","Mal","413803","C","Cypress Medical Products","T.Sabatka@cypressmed.com","1202 S Highway 31","Mchenry","IL","60050","8153850114","8153850100","384104","Physicians & Surgeons Equip & Supls-Mfrs","NULL","0","0"
"Eagle US Air Freight","6302503100","1717 Busse Rd","Elk Grove Vlg","35760000","Josh Jungwirth","Plant Mgr","Mal","414280","E","Eagle US Air Freight","eglinfo@eaglegl.com","1717 Busse Rd","Elk Grove Vlg","IL","60007","2816183269","6302503100","473104","Freight-Forwarding","www.eaglegl.com","0","0"
"Arthur Machinery","8475931610","2501 Landmeier Rd","Elk Grove Vlg","38080000","Bob Arthur","President","Mal","414582","A","Arthur Machinery","Bob@arthurmach.com","2501 Landmeier Rd","Elk Grove Vlg","IL","60007","8475930771","8475931610","508427","Machinery-New (Wholesale)","NULL","0","0"
"Pharmanutrients","8477750460","1519 Saint Paul Ave","Gurnee","48755000","Mark Nottoli","Owner","Mal","414780","P","Pharmanutrients","joannas@pharmanutrients.com","1519 Saint Paul Ave","Gurnee","IL","60031","8472345545","8477750460","512203","Pharmaceutical Products-Wholesale","www.pharmanutrients.com","0","0"
"Airgas Mid-America","6302317760","1250 W Washington St","West Chicago","47328000","John Mc Divet","President","Mal","415102","A","Airgas Mid-America","yourname@yourdomain.com","1250 W Washington St","West Chicago","IL","60185","2516538743","6302317760","508435","Welding Equipment & Supplies (Wholesale)","www.newyorkspeed.com","0","0"
"Cobraco Mfg","8477265800","300 E Main St","Lake Zurich","28320000","Brad Emalfarb","President","Mal","416061","C","Cobraco Mfg","Brad.Emalfarb@cobraco.com","300 E Main St","Lake Zurich","IL","60047","8477260330","8477265800","509905","Importers","NULL","0","0"
"Welch Brothers","8477416134","1050 Saint Charles St","Elgin","48000000","David Welch","President","Mal","416395","W","Welch Brothers","mrowley@welchbrothers.com","1050 Saint Charles St","Elgin","IL","60120","8477416134","8477416134","503207","Concrete Constr Forms & Acces (Whol)","www.welchbrothers.com","0","0"
"BLACK DOT GROUP","8154795297","6115 OFFICIAL RD","CRYSTAL LAKE","35000000","JOHN REILLY","Chief Executive Office","M","416568","B","Black Dot Group","Nardulli_Ettore@blackdot.com","6115 Official Rd","Crystal Lake","IL","60014","8154597259","8154795297","733603","Graphic Designers","NULL","0","0"
"Best Buy","7734860142","2100 N Elston Ave","Chicago","36300000","","","","417221","B","Best Buy","newscenter@bestbuy.com","2100 N Elston Ave","Chicago","IL","60614","6184573903","7734860142","573117","Electronic Equipment & Supplies-Retail","www.bestbuy.com","0","0"
"SPARTAN LIGHT METAL PRODUCTS","6184434346","510 E MCCLURKEN AVE","SPARTA","32000000","JIM SPAULDING","Manager","M","417442","S","Spartan Light Metal Products","Don.Jubel@Spartanlmp.Com","510 E McClurken Ave","Sparta","IL","62286","6184435076","618-443-4346","3363","Aluminum Die-Castings","NULL","0","0"
"Americas Doctor Inc","8478557500","1325 Tri State Pkwy # 300","Gurnee","49381000","C Lee Jones","CEO","Mal","418081","A","Americas Doctor Inc","mgrove@americasdoctor.com","1325 Tri State Pkwy # 300","Gurnee","IL","60031","8478558787","8478557500","874213","Marketing Programs & Services","NULL","0","0"
"MIDWEST MASONRY INC","8473622211","1335 WILHELM RD","MUNDELEIN","25000000","FRANK DZIADUS","Owner","M","418928","M","Midwest Masonry Inc","cindy@midwestmasonryinc.com","1335 Wilhelm Rd","Mundelein","IL","60060","8473629672","8473622211","162977","Construction-Heavy Projects","www.midwestmasonryinc.com","0","0"
"Radiac Abrasives Inc","6185484200","1015 S College St","Salem","45000000","David Pryor","President","Mal","419324","R","Radiac Abrasives Inc","jwoodward@radiac.com","1015 S College St","Salem","IL","62881","6185484207","6185484200","329101","Grinding Wheels (Manufacturers)","www.radiac.com","0","0"
"Gates Corporation","8153816200","999 Sandy Hollow Rd","Rockford","37800000","Shahram Totonchian","Plant Mgr","Mal","420476","G","Gates Corporation","ptpasupport@gates.com","999 Sandy Hollow Rd","Rockford","IL","61109","7704843301","8153816200","305202","Belting & Belting Supplies-Manufacturers","www.gates.com","0","0"
