"PARKSITE GROUP","6307619490","1563 HUBBARD AVE","BATAVIA","80000000","GEORGE PATTEE","Chief Executive Office","M","2892","T","Thomas Harmon","progers@parksite.com","1563 Hubbard Avenue","BATAVIA","IL","60510","6307619490","6307616820","8999","Services NEC","PARKSITEGROUP.COM^^THEPARKSITEGROUP.COM","0","0"
"Anheuser Busch Inc","6182443188","1 Eagle Ct","Mt Vernon","71100000","Wayne Asberry","President","Mal","13305","A","Anheuser Busch Inc","craig.friesz@anheuser-busch.com","1 Eagle Ct","Mt Vernon","IL","62864","6182443509","6182443188","518101","Beer & Ale-Wholesale","NULL","0","0"
"Benjamin Moore Paints","6307848471","400 Kimberly Dr","Carol Stream","50250000","John Vanderpool","President","Mal","32430","B","Benjamin Moore Paints","J-Vanderpool@benjaminmoore.com","400 Kimberly Dr","Carol Stream","IL","60188","6303514144","6307848471","523107","Paint-Retail","NULL","0","0"
"Austin Chemical Co","8475209600","2112 Barclay Blvd","Buffalo Grove","66300000","Patrick J Corboy","CEO","Mal","49692","A","Austin Chemical Co","pjcorboy@austinchemical.com","2112 Barclay Blvd","Buffalo Grove","IL","60089","8475209160","8475209600","283404","Drug Millers","NULL","0","0"
"Aurora Packing Co Inc","6308970551","125 Grant St","North Aurora","99800000","Marvin Fagel","President","Mal","59525","A","Aurora Packing Co Inc","mjfagel@aurorasafety.com","125 Grant St","North Aurora","IL","60542","6308970551","6308970647","201101","Meat Packers","www.aurorasafety.com","0","0"
"NAMCO CYBERTAINMENT INC","6302382200","877 SUPREME DR","BENSENVILLE","66400000","KEVIN HAYES","Chief Executive Office","M","59639","R","Remote Equipment Systems; Inc","jputman@funcrafters.com","877 Supreme Drive","BENSENVILLE","IL","60106","6302382200","6302380560","353401","Mfg Elevators/escalators Building Equipment Installatio","FUNCRAFTERS.COM;GALAGA.COM;MSPACMAN.COM;WONDERPARKPR.COM","0","0"
"M S MANAGEMENT CORP","8479194800","790 ESTATE DR STE 100","DEERFIELD","83500000","JEFFREY SILVERMAN","President","M","76663","M","M.S. Management","tina@usanfsc.com","1404 Madlock Ct. N","LA GRANGE","IL","60015","8479194800","null","874198","Fuel Management","USANFSC.COM","0","0"
"Fimat USA Inc","3125785200","181 W Madison St # 3450","Chicago","54683000","Cynthia Zeltwanger","President","Fem","82750","F","Fimat USA Inc","gcarr@fimat.com","181 W Madison St # 3450","Chicago","IL","60602","3125785299","3125785200","622104","Commodity Brokers","NULL","0","0"
"BASLER ELECTRIC CO","6186542341","12570 STATE ROUTE 143","HIGHLAND","71500000","WILLIAM L BASLER","Chief Executive Office","M","83480","B","Basler Electric Co","WilliamBasler@basler.com","PO Box 269","Highland","IL","62249","6186542351","6186542341","361206","Transformers-Manufacturers","NULL","0","0"
"INDALEX ALUMINUM SOLUTIONS","8478103000","75 TRISTATE INTERNATIONAL # 4","LINCOLNSHIRE","76800000","TIMOTHY STUBBS","Chief Executive Office","M","85025","I","Indalex Aluminum Solutions","Stubbs@indalex.com","75 Tri State Intl","Lincolnshire","IL","60069","8472953851","8478103000","335498","Aluminum Extruded Products (Mfrs)","NULL","0","0"
"Alzheimer's Association","3123358700","225 N Michigan Ave # 17","Chicago","68259000","Gary Bieting","President","Mal","88629","A","Alzheimer''s Association","c.baudenistel@elsevier.com","225 N Michigan Ave # 17","Chicago","IL","60601","3123358700","3123358700","832233","Support Groups","www.alz.org","0","1"
"Poly One Distribution","6309720505","990 E 107th St","Bolingbrook","90090000","Michael Rademacher","President","Mal","94718","P","Poly One Distribution","RademacherMichael@polyone.com","990 E 107th St","Bolingbrook","IL","60440","6309721662","6309720505","516921","Resins (Wholesale)","NULL","0","0"
"Banner Day Camp","8472954900","1225 Riverwoods Rd","Lake Forest","93000000","Allen Schwartz","President","Mal","106191","B","Banner Day Camp","Allen.Schwartz@bannerdaycamp.com","1225 Riverwoods Rd","Lake Forest","IL","60045","8472950995","8472954900","703203","Camps","NULL","0","1"
"O'BRIEN AUTO PARK","2173671233","104 E UNIVERSITY AVE","URBANA","60600000","JIM TURNER","Manager","M","116728","N","Not Listed","vw@universityautopark.com","104 E. University","Urbana","IL","61801","2173671233","2173679348","822101","Schools","universityautopark.com","0","2"
"Barrel Accessories & Supply Co","7085340900","2595 Palmer Ave","University Park","61360000","Richard Rudy","President","Mal","122111","B","Barrel Accessories & Supply Co","basco@bascousa.com","2595 Palmer Ave","University Park","IL","60466","7085340902","7085340900","509905","Importers","www.bascousa.com","0","0"
"Atlas Electric Devices","7733274524","4114 N Ravenswood Ave # 1","Chicago","78214000","William Lane","Owner","Mal","122426","A","Atlas Electric Devices","L-William@atlas-mts.com","4114 N Ravenswood Ave # 1","Chicago","IL","60613","7733275787","7733274524","382908","Testing Apparatus-Manufacturers","NULL","0","0"
"DEERFIELD MOVING & STORAGE INC","8472158747","415 N WOLF RD","WHEELING","61100000","LARRY PETRIE","President","M","124190","D","Deerfield Moving & Storage","larryp@deerfieldms.com","null","WHEELING","IL","60090","8472158747","8472159277","421401","Movers","DEERFIELDMS.COM;RRDELIVERY.COM","0","0"
"Altorfer Power Systems","2173276228","4200 Rodger St","Springfield","66600000","Donald Altorfer","Owner","Mal","143377","A","Altorfer Power Systems","Altorfer@altorfer.com","4200 Rodger St","Springfield","IL","62703","2175290020","2173276228","508206","Contractors-Equip/Supls-Dlrs/Svc (Whol)","NULL","0","0"
"Dean Foods Co Midwest Region","8476781680","3600 River Rd","Franklin Park","55200000","Greg Engles","CEO","Mal","143852","D","Dean Foods Co Midwest Region","Greg_Engles@deanadvantage.com","3600 River Rd","Franklin Park","IL","60131","8472335501","8476781680","209903","Food Products & Manufacturers","NULL","0","0"
"City National Bank","6185242161","423 Ferry St","Metropolis","59092000","Tom Pullen","President","Mal","144124","C","City National Bank","Tom@cityntl.com","PO Box 380","Metropolis","IL","62960","6185244466","6185242161","671201","Holding Companies (Bank)","NULL","0","0"
"CALMARK INC","7732477200","1400 W 44TH ST","CHICAGO","90000000","JAMES E FITZGERALD","Chief Executive Office","M","144175","C","Calmark Inc","joannhunter@calmark-inc.com","1400 W 44th St","Chicago","IL","60609","7732473199","7732477200","733105","Advertising-Direct Mail","NULL","0","0"
"C M Products Inc","8474382171","800 Ela Rd","Lake Zurich","50000000","Paul B Fear","CEO","Mal","147769","C","C M Products Inc","pfear@cmprod.com","800 Ela Rd","Lake Zurich","IL","60047","8474380369","8474382171","336503","Cooking Utensils-Manufacturers","NULL","0","0"
"Fox Valley Fire & Safety","8476955990","1730 Berkley St","Elgin","85540000","Ken Volkening","President","Mal","151361","F","Fox Valley Fire & Safety","V-Ken@foxvalleyfire.com","1730 Berkley St","Elgin","IL","60123","8476953699","8476955990","506308","Fire Alarm Systems (Wholesale)","NULL","0","0"
"ALLIED ELECTRONICS","6304694685","800 ROOSEVELT RD STE C320","GLEN ELLYN","95700000","MIKE LAWSON","Manager","M","152081","A","Allied Electronics","export@alliedelec.com","800 Roosevelt Rd # C320","Glen Ellyn","IL","60137","5036270404","6304694685","573117","Electronic Equipment & Supplies-Retail","www.alliedelec.com","0","0"
"Progressive Bancorp","3093475101","601 Court St","Pekin","94210000","Glen Rittenhouse","CEO","Mal","155056","P","Progressive Bancorp","glen.rittenhouse@pekinsavings.com","601 Court St","Pekin","IL","61554","3093474524","3093475101","671201","Holding Companies (Bank)","NULL","0","0"
"Belt Railway Co-Chicago","7084964000","6900 S Central Ave # 1","Chicago","50800000","Patrick J O'Brien","President","Mal","155972","B","Belt Railway Co-Chicago","mromano@beltrailway.com","6900 S Central Ave # 1","Chicago","IL","60638","7084964005","7084964000","401101","Railroads","www.beltrailway.com","0","0"
"U BID.COM CUSTOMER CARE CTR","2175542900","1 LAUHOFF ST","DANVILLE","66500000","SALLY DAHL","Manager","F","164760","U","UBID.COM","merchantapplication@ubid.com","1 Lauhoff St","Danville","IL","61832","2175542900","2175542900","999977","Nonclassified Establishments","www.ubid.com","0","0"
"Indoff Inc","8474876787","611 Carriage Hill Ct","Island Lake","53312000","Todd Ledenbach","Manager","Mal","166802","I","Indoff Inc","mary@kingcommercial.com","611 Carriage Hill Ct","Island Lake","IL","60042","8474876871","8474876787","508426","Material Handling Equipment (Wholesale)","www.mh-partners.com","0","0"
"EXPERIENT INC","8479402100","108 WILMOT RD STE 400","DEERFIELD","57100000","MARLENE HETZEL","Vice-President","F","177888","H","Hawaii Stage & Lighting Rental","ed.harris@expoexchange.com","null","DEERFIELD","IL","60015","8479402100","8479402386","735910","Rental Service","EXPOEDGE.COM^^SHOWQUESTIONS.COM","0","0"
"Environetx Inc","6308750805","1351 E Irving Park Rd","Itasca","85650000","Jack Matthews","CEO","Mal","184812","E","Environetx Inc","jroldan@environetx.com","1351 E Irving Park Rd","Itasca","IL","60143","6308753701","6308750805","502112","Office Furniture & Equip-Dealers (Whol)","NULL","0","0"
"Solar Corp","8473672500","100 Solar Dr","Libertyville","63000000","Mark Lee Barkley","Owner","Mal","190182","S","Solar Corp","ken.formanski@solarcorp.com","100 Solar Dr","Libertyville","IL","60048","8473670184","8473672500","308901","Mold Makers","NULL","0","0"
"CSX Corp","2174420126","564 Csx Ln","Danville","60400000","Joe Berry","Manager","Mal","190451","C","CSX Corp","plant_switch@csx.com","564 Csx Ln","Danville","IL","61834","2174421161","2174420126","401101","Railroads","www.csx.com","0","0"
"Able Die Casting Corp","8476781991","3907 Wesley Ter","Schiller Park","63867000","Robert Stout","President","Mal","190597","A","Able Die Casting Corp","nehernandez@ablediecasting.com","3907 Wesley Ter","Schiller Park","IL","60176","8476789649","8476781991","505123","Die Castings (Wholesale)","www.abledie.com","0","0"
"TONY RIZZA ENTERPRISES","7085946400","8200 S HARLEM AVE","BRIDGEVIEW","52900000","ANTHONY RIZZA","Chief Executive Office","M","201380","T","Tony Rizza Enterprises","Eric.Kranig@rizza.com","8200 South Harlem Avenue","Bridgeview","IL","60455","7085947102","708-594-6400","5511","Motor Vehicle Dealers (New and Used)","NULL","0","0"
"George Sollitt Construction Co","6308607333","790 N Central Ave","Wood Dale","56300000","Howard Strong","President","Mal","207460","G","George Sollitt Construction Co","Al.F.Zabinski@sollitt.com","790 N Central Ave","Wood Dale","IL","60191","6308607347","6308607333","154299","General Contractors-Nonresidential Bldgs","NULL","0","0"
"Continental Custom Ingredients","6302318650","1631 S Prairie Dr","Sycamore","51165000","Ray Minzner","President","Mal","215072","C","Continental Custom Ingredients","rminzner@cci-us.net","1631 S Prairie Dr","Sycamore","IL","60178","NULL","6302318650","514101","Food Products (Wholesale)","NULL","0","0"
"CUMMINS-ALLISON CORP","8472999550","852 FEEHANVILLE DR","MT PROSPECT","82900000","WILLIAM JONES","Chief Executive Office","M","221106","C","CUMMINS-ALLISON CORP","inquire@cumminsallison.com","17 N Elmhurst Ave  Suite 107","MOUNT PROSPECT","IL","60056","8472999550","null","346206","Coined Parts","CUMMINS-ALLISON.COM;CUMMINSALLISON.COM;CUMMINSCASINOEQUIP.COM;CUMMINSCURRENCY.COM;CUMMINSMAIL.COM;CU","0","0"
"Mulberry Center At Harrisburg","6182520999","100 Hospital Dr","Harrisburg","66800000","Claude Chatterton","CEO","Mal","225662","M","Mulberry Center At Harrisburg","Claude@harrisburgmedicalcenter.com","PO Box 428","Harrisburg","IL","62946","6182522077","6182520999","811111","Divorce Assistance","NULL","0","2"
"Bank Of Orion","3095268011","1114 4th St","Orion","76077000","James Dingman","President","Mal","229984","B","Bank Of Orion","J_Dingman@bankorion.com","PO Box 9","Orion","IL","61273","3095268063","3095268011","671201","Holding Companies (Bank)","NULL","0","0"
"Free-Flow Packaging Corp","7088775180","16850 Canal St","Thornton","53820000","Russ Boelcke","Plant Mgr","Mal","233061","F","Free-Flow Packaging Corp","virginia.lyle@fpintl.com","16850 Canal St","Thornton","IL","60476","5088328369","7088775180","511308","Packaging Materials-Wholesale","www.fpintl.com","0","0"
"EDWARDS BROTHERS INC","6308798724","693 BLACKHAWK DR","BATAVIA","62000000","JOHN JAJICH","Manager","M","236823","E","Edwards Brothers Inc","don.edwards@edwardsbrothers.com","201 Houston St # 302","Batavia","IL","60510","NULL","6308798724","273298","Printers-Books","NULL","0","0"
"BASKIN-ROBBINS ICE CREAM","8476773400","3910 W TOUHY AVE","LINCOLNWOOD","72600000","NASEER ALI","Owner","M","243908","B","Baskin-Robbins","NaseerAli@baskinrobbins.com","3910 W Touhy Ave","Lincolnwood","IL","60712","8476773400","8476773400","581203","Ice Cream Parlors","NULL","0","0"
"SYMONS CORPORATION","8472983200","200 E TOUHY AVE","DES PLAINES","72000000","FRED SLACK","Vice-President","M","247511","T","The Hideout","mcallahan@symons.com","200 E TOUHY AVE","DES PLAINES","IL","60018","8472983200","8476359287","1099","Metal ores","MAX-A-FORM.COM;STEEL-PLY.COM;SYMONS.BIZ","0","0"
"SERVICOM","8152821660","9942 N ALPINE RD","MACHESNEY PK","56300000","RON BAUGHMAN","Manager","M","250523","S","Servicom","Ron@telethinking.com","9942 N Alpine Rd","Machesney Park","IL","61115","8152274196","8152821660","738912","Telemarketing Services","NULL","0","0"
"ADM Investor Svc Inc","3124357000","141 W Jackson Blvd","Chicago","90000000","","","","254371","A","ADM Investor Svc Inc","websupport@admis.com","141 W Jackson Blvd","Chicago","IL","60604","3124357045","3124357000","622104","Commodity Brokers","www.admis.com","0","0"
"ROGAN'S SHOES","8473369044","2609 GRAND AVE","WAUKEGAN","62500000","ERIC KNUDSEN","Manager","M","256281","R","Rogan's Shoes","brianc@maelstromsolutions.com","2609 Grand Ave","Waukegan","IL","60085","8473369044","8473369089","566101","Shoes-Retail","www.rogansshoes.com","0","0"
"PROMOTION SUPPORT SVC","3097884400","2832 5TH ST","ROCK ISLAND","72000000","DAVID BENDER","Chief Executive Office","M","257511","P","Promotion Support Svc","linda.lampe@pss-digital.net","2832 5th St","Rock Island","IL","61201","3098235335","309-788-4400","7331","Direct Mail Advertising Services (mailing list compilers)","NULL","0","0"
"Chicago Communications","6309934400","200 Spangler Ave","Elmhurst","67275000","Dave Kelsch","Owner","Mal","260432","C","Chicago Communications","tdoyle@webadt.com","200 Spangler Ave","Elmhurst","IL","60126","6303555940","6309934400","504506","Data Communications Equip/Systems (Whol)","www.webadt.com","0","0"
"Clipper Exxpress Co","6307390700","9014 Heritage Rd # 300","Woodridge","97900000","Walter D Witt","CEO","Mal","270516","C","Clipper Exxpress Co","rmaro@clippergroup.com","9014 Heritage Rd # 300","Woodridge","IL","60517","7139532201","6307390700","421304","Trucking","www.clippergroup.com","0","0"
"Moore Business Forms","8476076000","1200 Lakeside Dr","Bannockburn","71680000","Tom Oliva","President","Mal","282788","M","Moore Business Forms","Oliva@moore.com","1200 Lakeside Dr","Bannockburn","IL","60015","8476077757","8476076000","384104","Physicians & Surgeons Equip & Supls-Mfrs","NULL","0","0"
"Midcoast Aviation Inc","6186468000","6400 Curtiss Steinberg Dr","Cahokia","65650000","Gary Driggers","CEO","Mal","282890","M","Midcoast Aviation Inc","jbates@midcoast-aviation.com","6400 Curtiss Steinberg Dr","Cahokia","IL","62206","6186468866","6186468000","458104","Aircraft Servicing & Maintenance","NULL","0","0"
"Akzo Nobel Non Stick Coating","8477590000","521 Santa Rosa Dr","Des Plaines","50050000","","","","283360","A","Akzo Nobel Non Stick Coating","nonstick-sales@dsp.akzonobel.com","521 Santa Rosa Dr","Des Plaines","IL","60018","8477590039","8477590000","516928","Chemical Plant-Equipment & Supls (Whol)","www.an-nonstick.com","0","0"
"Edlong Flavors","8474399230","225 Scott St","Elk Grove Vlg","67520000","Laurie Johnson","President","Fem","287699","E","Edlong Flavors","JL@edlongflavors.com","225 Scott St","Elk Grove Vlg","IL","60007","8474390053","8474399230","514932","Flavoring Extracts (Wholesale)","NULL","0","0"
"WESTWAY TRADING CORP","3096542211","22220 ROUTE 84 N","CORDOVA","87600000","STEVE POHLMEIER","Manager","M","289651","W","Westway Trading Corp","corporate@westway.com","22220 Route 84 N","Cordova","IL","61242","3096542422","3096542211","519109","Feed Concentrates & Supplements (Whol)","www.westway.com","0","0"
"U S TSUBAKI INC","8474599500","301 E MARQUARDT DR","WHEELING","50000000","MIYA MIYAZKI","President","F","298292","M","Multicast Media Networks","frankmatherson@ustsubaki.com","301 E. Marquardt Dr","WHEELING","IL","60090","8474599500","8474599515","7319","Media services","APOLLOSPROCKET.COM^^LAMBDACHAIN.COM^^USTEBIZ.COM^^USTORDER.COM^^USTSUBAKI.COM","0","0"
"Chemco Manufacturing","8474807700","3225 Commercial Ave","Northbrook","50050000","Randy Schweizer","Owner","Mal","298573","C","Chemco Manufacturing","nbinfo@chemcomfg.com","3225 Commercial Ave","Northbrook","IL","60062","8474807706","8474807700","516945","Paint-Manufacturing Materials (Whol)","NULL","0","0"
"Ogden Fairmont","6183454300","9301 Collinsville Rd","Collinsville","59850000","Brian Zander","President","Mal","300047","O","Ogden Fairmont","Brian@fairmountpark.com","9301 Collinsville Rd","Collinsville","IL","62234","6183448218","6183454300","794801","Race Tracks","NULL","0","1"
"Ergo-Help","8475930722","2466 E Oakton St","Arlington Hts","53856000","Bruno Vatel","Owner","Mal","312799","E","Ergo-Help","Bruno@ergo-help.thomasregister.com","2466 E Oakton St","Arlington Hts","IL","60005","8475930797","8475930722","508426","Material Handling Equipment (Wholesale)","NULL","0","0"
"Bemis Co","3096825406","1 Sloan St","Peoria","54500000","Jerry Abrahamson","Plant Mgr","Mal","316182","B","Bemis Co","mermiller@bemis.com","1 Sloan St","Peoria","IL","61603","3237262493","3096825406","267401","Bags-Paper (Manufacturers)","www.bemis.com","0","0"
"Big Bolt","6305399400","140 Covington Dr","Bloomingdale","51800000","Jim Partirdge","President","Mal","318856","B","Big Bolt","J.Partirdge@bigbolt.net","140 Covington Dr","Bloomingdale","IL","60108","6305399480","6305399400","507201","Bolts & Nuts (Wholesale)","NULL","0","0"
"Garland Converting Co","6308338881","945 N Larch Ave","Elmhurst","94500000","Erin Kelly","CEO","Fem","324088","G","Garland Converting Co","erin.kelly@garlandconverting.com","945 N Larch Ave","Elmhurst","IL","60126","6308338882","6308338881","354403","Die Cutting (Manufacturers)","NULL","0","0"
"Southern Illinois Bus","6185264131","12950 Koch Ln","Breese","55500000","Tom Gerdes","Owner","Mal","327491","S","Southern Illinois Bus","Tom@southernbusandmobility.com","PO Box 37","Breese","IL","62230","6185264585","6185264131","501207","Buses-Distributors","NULL","0","0"
"JACK B KELLEY INC","8152247940","3030 MAY RD","PERU","59800000","DON DONOFRIO","Manager","M","331796","J","Jack B Kelley Inc","david.steinman@jackbkelley.com","3030 May Rd","Peru","IL","61354","NULL","8152247940","999977","Nonclassified Establishments","NULL","0","0"
"ELEMENTIS PIGMENTS INC","6186462200","2001 LYNCH AVE","E SAINT LOUIS","90000000","JOHN BONNER","Manager","M","332400","E","Elementis Pigments Inc","Dave.Dutro@elementis.com","2051 Lynch Ave","East St Louis","IL","62204","6186462180","6186462110","516945","Paint-Manufacturing Materials (Whol)","NULL","0","0"
"MAKINO","8474681295","1135 JANSEN FARM DR","ELGIN","76500000","MIKE WESTHEIDE","Manager","M","336694","M","Makino","parts.express@makino.com","1135 Jansen Farm Dr","Elgin","IL","60123","2482326201","8474681295","508425","Machine Tools (Wholesale)","www.makino.com","0","0"
"CLASSY CLOSET","3098373581","115 S SIDE SQ","MACOMB","66000000","SUE MARSHALL","Owner","F","337126","C","Classy Closet","SMarshall@classyclosets.com","115 S Side Sq","Macomb","IL","61455","NULL","3098373581","593205","Clothing-Used","NULL","0","0"
"TRUCK CENTERS INC","6186673454","2280 FORMOSA RD","TROY","60600000","JOHN HOPKINS","President","M","345969","T","Truck Centers","sunderwood@truckcentersinc.com","2280 Formosa Rd","TROY","IL","62294","6186673454","6186676874","421304","Trucking","tcitrucks.com","0","0"
"Amitron Corp","8472909800","2001 Landmeier Rd","Elk Grove Vlg","58100000","Raymond Simione","President","Mal","346121","A","Amitron Corp","mis@amitroncorp.com","2001 Landmeier Rd","Elk Grove Vlg","IL","60007","8472909823","8472909800","367201","Printed & Etched Circuits-Mfrs","www.amitroncorp.com","0","0"
"ROCKFORD PRODUCTS CORP","8153976000","707 HARRISON AVE","ROCKFORD","56800000","R RAY WOOD","Chief Executive Office","M","346898","R","Rockford Products Corp","R.Wood@rpc-usa.com","707 Harrison Ave","Rockford","IL","61104","8152294326","8153976001","345298","Bolts Nuts Screws Rivets/Washers (Mfrs)","NULL","0","0"
"ROGAN'S SHOES","8475666077","147 N SEYMOUR AVE","MUNDELEIN","62500000","TOM ROGAN","Manager","M","346986","R","Rogan's Shoes","johndavis@rogansshoes.com","147 N Seymour Ave","Mundelein","IL","60060","8475666077","8475666031","566101","Shoes-Retail","www.rogansshoes.com","0","0"
"STAR","8154597000","8800 US HIGHWAY 14","CRYSTAL LAKE","55900000","FLOYD EVANS","Manager","M","353664","S","Star","stew@star105.com","8800 Us Highway 14","Crystal Lake","IL","60012","8154597027","8154597000","483201","Radio Stations & Broadcasting Companies","www.star105.com","0","0"
"PEER BEARING CO","8475781000","2200 NORMAN DR S","WAUKEGAN","60600000","LAURENCE SPUNGEN","President","M","354746","J","JayKay Sales Company","jspungen@peerintl.com","2200 Norman Drive South","WAUKEGAN","IL","60085","8475781000","8475781200","5311","Retail shops","ALMUTE.COM;PEERINDUSTRIES.COM","0","0"
"Ars","6308322979","7333 Duvan Dr","Tinley Park","51000000","Dale Shinivar","Owner","Mal","358532","A","Ars","D.Shinivar@arsawardsandgifts.com","7333 Duvan Dr","Tinley Park","IL","60477","6307732728","6308322979","507510","Heating Equipment & Systems (Wholesale)","NULL","0","0"
"FCB Direct Chicago","3124255000","101 E Erie St","Chicago","94800000","Jonathan Harries","CEO","Mal","365306","F","FCB Direct Chicago","jcerasani@fcb.com","101 E Erie St","Chicago","IL","60611","3124255010","3124255000","731101","Advertising-Agencies & Counselors","NULL","0","0"
"Elegant Packaging Co","7086526633","5253 W Roosevelt Rd","Cicero","81000000","Jesse Perez","Manager","Mal","366531","E","Elegant Packaging Co","dmurphy@elegantpackaging.com","5253 W Roosevelt Rd","Cicero","IL","60804","7086526444","7086526633","265201","Boxes-Paper (Manufacturers)","www.elegantpackaging.com","0","0"
"CSL BEHRING","8159326771","1201 N KINZIE AVE","BRADLEY","66600000","RANDY FURBY","Vice-President","M","367269","Z","ZLB Behring","roger.bentley@zlbbehring.com","1201 N Kinzie Ave","Bradley","IL","60915","8159326771","8158023333","512203","Pharmaceutical Products-Wholesale","www.zlbbehring.com","0","0"
"Burrell Communications Group","3122979600","233 N Michigan Ave # 29","Chicago","90000000","Fay H Ferguson","CEO","Fem","369430","B","Burrell Communications Group","FergusonF@burnsmcd.com","233 N Michigan Ave # 29","Chicago","IL","60601","3122979601","3122979600","731101","Advertising-Agencies & Counselors","NULL","0","0"
"Citation Corp","8474388214","320 E Main St","Lake Zurich","95400000","Vilas Coombs","Plant Mgr","Mal","370661","C","Citation Corp","geninfo@det.citation.net","320 E Main St","Lake Zurich","IL","60047","9104284986","8474388214","335501","Aluminum Fabricators","www.citation.net","0","0"
"American Hotel Register Co","8475644000","100 S Milwaukee Ave","Vernon Hills","82500000","James F Leahy Jr","President","Mal","373619","A","American Hotel Register Co","jbaker@americanhotel.com","100 S Milwaukee Ave","Vernon Hills","IL","60061","8477432098","8475644000","874213","Marketing Programs & Services","NULL","0","0"
"Omron Healthcare Inc","8476806200","1200 Lakeside Dr","Bannockburn","91400000","Kazuo Saito","CEO","Mal","374988","O","Omron Healthcare Inc","omron.latinamerica@omron.com","1200 Lakeside Dr","Bannockburn","IL","60015","8476806269","8476806200","384104","Physicians & Surgeons Equip & Supls-Mfrs","www.omronhealthcare.com","0","0"
"BASKIN-ROBBINS ICE CREAM","8472400331","G140 WOODFIELD MALL","SCHAUMBURG","72600000","","Unknown","","375022","B","Baskin-Robbins","jasper@baskins.com","G140 Woodfield Mall","Schaumburg","IL","60173","8472400331","8472400331","581203","Ice Cream Parlors","www.baskins.com","0","0"
"Power Conversion Products Inc","8154599100","115 Erick St","Crystal Lake","92400000","Bob Nelson","President","Mal","375058","P","Power Conversion Products Inc","Edward.Weil@pcpinc.com","115 Erick St","Crystal Lake","IL","60014","8154599118","8154599100","491101","Electric Companies","NULL","0","0"
"CIT Group","8157448358","19521 NE Frontage Rd","Joliet","74000000","Dominic Troglia","Owner","Mal","376165","C","CIT Group","Dominic.Troglia@citgroup.com","19521 NE Frontage Rd","Joliet","IL","60431","NULL","8157448358","501208","Automobile & Truck Brokers","NULL","0","0"
"BUHRKE INDUSTRIES INC","8479810993","511 W ALGONQUIN RD","ARLINGTON HTS","56300000","MIKE CHESTER","President","M","376901","B","Buhrke Industries Inc","rnellemann@buhrke.com","511 W Algonquin Rd","Arlington Hts","IL","60005","8479810772","8479817550","505113","Metal Specialties (Wholesale)","www.buhrke.com","0","0"
"BARTLETT TREE EXPERTS","8475599424","1960 OLD WILLOW RD","NORTHBROOK","80000000","DAVID STORY","Manager","M","377845","B","Bartlett Tree Experts","dsilcox@bartlett.com","1960 Old Willow Rd","Northbrook","IL","60062","6106643784","8475297313","078301","Tree Service","www.bartlett.com","0","0"
"Astronics Co","8474370708","2405 Estes Ave","Elk Grove Vlg","56640000","William Lee","Owner","Mal","379306","A","Astronics Co","william@astronics.net","2405 Estes Ave","Elk Grove Vlg","IL","60007","8474370710","8474370708","509905","Importers","NULL","0","0"
"Union Electronics Distributors","7089469500","311 E Corning Rd","Beecher","70700000","David Cecich","Owner","Mal","379379","U","Union Electronics Distributors","CecichD@ued.net","311 E Corning Rd","Beecher","IL","60401","7089469200","7089469500","506506","Television & Radio Supplies & Parts-Whol","NULL","0","0"
"76 Lubricants Co","8154440028","755 Mcardle Dr # E","Crystal Lake","50192000","Tom Meyer","Manager","Mal","384287","7","76 Lubricants Co","cservice@conocophillips.com","755 Mcardle Dr # E","Crystal Lake","IL","60014","6027288000","8154440028","291101","Oil Refiners (Manufacturers)","www.conocophillips.com","0","0"
"Amglo Kemlite","6303509470","215 Gateway Rd","Bensenville","54200000","James Hyland","Owner","Mal","388369","A","Amglo Kemlite","leeren@21cn.net","215 Gateway Rd","Bensenville","IL","60106","6303509474","6303509470","364103","Electric Lamp Bulbs & Tubes-Mfrs","www.amglo.com","0","0"
"Brandenburg Industrial Svc","3123265800","2625 S Loomis St","Chicago","50000000","Thomas J Little","Owner","Mal","388374","B","Brandenburg Industrial Svc","Little@brandenburg.info","2625 S Loomis St","Chicago","IL","60608","3123265055","3123265800","179502","Demolition Contractors","NULL","0","0"
"Big 3 Precision Products","6185331318","2923 Wabash Ave","Centralia","53500000","Allan Scheidt","Owner","Mal","389695","B","Big 3 Precision Products","chyde@big3precision.com","2923 Wabash Ave","Centralia","IL","62801","6185330167","6185331318","379905","Trailer Hitches-Manufacturers","www.big3precision.com","0","0"
"UNITED STATES COLD STORAGE","8154670455","601 TWIN RAIL DR","MINOOKA","72000000","BRANDI OVERTON","Manager","F","393009","U","United States Cold Storage","fyattoni@uscold.com","601 Twin Rail Dr","Minooka","IL","60447","6153550129","8154670455","422503","Storage-Household & Commercial","www.euscold.com","0","0"
"Distributors Stock Forms Inc","6306283518","450 S Lombard Rd # A","Addison","75000000","David Sheshull","President","Mal","393918","D","Distributors Stock Forms Inc","kmatulis@dsfiforms.com","450 S Lombard Rd # A","Addison","IL","60101","6306286185","6306283518","276101","Printers-Business Forms","www.dsfiforms.com","0","0"
"Haag Foods & Poultry Inc","6185267247","300 N Haag St","Breese","85275000","Jack Garcia","Owner","Mal","395162","H","Haag Foods & Poultry Inc","mikegarcia@haagfoods.com","300 N Haag St","Breese","IL","62230","6185262802","6185267247","514101","Food Products (Wholesale)","www.haagfoods.com","0","0"
"WURST KITCHEN","6308989242","638 2ND AVE","AURORA","64000000","ED SCHLEING","Owner","M","397010","W","Wurst Kitchen","EdS@wurstkitchen.com","638 2nd Ave","Aurora","IL","60505","NULL","6308989242","542108","Sausages","NULL","0","0"
"RAYNOR GARAGE DOORS","8152881431","1101 E RIVER RD","DIXON","59200000","RAY H NEISEWANDER","Chief Executive Office","M","397110","R","Raynor Garage Doors","thegarage@raynor.com","1101 E River Rd","Dixon","IL","61021","3033074207","8152881431","521132","Doors-Overhead Type","www.raynor.com","0","0"
"Valspar Corp","8159367705","901 N Greenwood Ave","Kankakee","77520000","Amy Dierdorff","Plant Mgr","Fem","399197","V","Valspar Corp","dlovell@valspar.com","901 N Greenwood Ave","Kankakee","IL","60901","2707466815","8159367705","519803","Paint-Wholesale","www.valspar.com","0","0"
"JII PROMOTIONS","8156250980","1980 INDUSTRIAL DR","STERLING","67500000","RICK PRATHER","President","M","399972","J","JII Promotions","RickP@jiipromotions.com","PO Box 657","Sterling","IL","61081","8155489193","8156250980","519917","Advertising-Specialties (Wholesale)","NULL","0","0"
"Clark National Inc","8479561730","950 Arthur Ave","Elk Grove Vlg","98215000","Donald D Hindman","CEO","Mal","399992","C","Clark National Inc","jbeckman@clarkproducts.com","950 Arthur Ave","Elk Grove Vlg","IL","60007","3096930574","8479561730","511101","Paper Products (Wholesale)","www.clarkproducts.com","0","0"
"Commander Packaging","7083674000","25777 Cleveland Ave","Monee","82800000","John Casey","CEO","Mal","400841","C","Commander Packaging","Casey@commanderpkg.com","25777 Cleveland Ave","Monee","IL","60449","7083674010","7083674000","511318","Boxes-Corrugated & Fiber (Wholesale)","NULL","0","0"
"Accurate Threaded Fastners","8476771305","3550 W Pratt Ave","Lincolnwood","50000000","Donald Surber","Owner","Mal","406895","A","Accurate Threaded Fastners","dsurber@atf-inc.com","3550 W Pratt Ave","Lincolnwood","IL","60712","8476779335","8476771305","345298","Bolts Nuts Screws Rivets/Washers (Mfrs)","NULL","0","0"
"Meijer","8155789701","2253 N Richmond Rd","Mchenry","54600000","Rick Petersen","Manager","Mal","406942","M","Meijer","help@meijer.com","2253 N Richmond Rd","Mchenry","IL","60050","6167355071","8155789701","541105","Grocers-Retail","www.meijer.com","0","0"
"Civil Constructors Inc","8152352200","2283 Us Highway 20 E","Freeport","60000000","Art Snyder","Manager","Mal","408008","C","Civil Constructors Inc","dsperle@heavyeqsrv.com","2283 Us Highway 20 E","Freeport","IL","61032","8152352219","8152352200","161102","Road Building Contractors","www.helmgroup.com","0","0"
"ASPEN MARKETING SVC","6302939600","1240 W NORTH AVE","WEST CHICAGO","87500000","PAT O'RAHILLY","Owner","M","410052","A","Aspen Marketing Svc","chorn@aspenms.com","1240 W North Ave","West Chicago","IL","60185","6302939609","6302939600","731101","Advertising-Agencies & Counselors","NULL","0","0"
"RUE 21","8159358265","1600 N STATE ROUTE 50","BOURBONNAIS","60000000","KYLE POWERS","Manager","M","410124","R","Rue 21","security@rue21.com","1600 N State Route 50","Bourbonnais","IL","60914","6234659750","8159358265","569949","Clothing-Institutional","www.rue21.com","0","0"
"MII Inc","2177351241","2200 5th St","Lincoln","50000000","Elvin Schmidt","President","Mal","412364","M","MII Inc","markmorris@mii-inc.com","2200 5th St","Lincoln","IL","62656","5132025684","2177351241","254198","Office & Store Fixtures-Wood (Mfrs)","www.mii-inc.com","0","0"
"Flinn Scientific","6308796900","770 N Raddant Rd","Batavia","51960000","Lawrence Flinn","President","Mal","412927","F","Flinn Scientific","LawrenceF@flinnsci.com","770 N Raddant Rd","Batavia","IL","60510","6308796962","6308796900","504906","Laboratory Equipment & Supplies (Whol)","NULL","0","0"
"UNISHIPPERS ASSOCIATION","2175226421","717 SOUTH GRAND AVE W","SPRINGFIELD","80000000","BARRY JENSEN","President","M","415157","U","Unishippers Association","joan.schaefer@unishippers.com","915 S Grand Ave W","Springfield","IL","62704","9736252629","2175226421","421205","Delivery Service","www.unishippers.com","0","0"
"CUMBERLAND","2172264401","1004 E ILLINOIS ST","ASSUMPTION","87500000","RICHARD CHRISMAN","Chief Executive Office","M","415283","C","Cumberland","Russ@cumberlandpoultry.com","PO Box 20","Assumption","IL","62510","2172264445","2172264401","508303","Poultry Equipment & Supplies (Wholesale)","NULL","0","0"
"Carus Chemical Co","8152231500","315 5th St","Peru","64800000","M Blouke Carus","CEO","Mal","415641","C","Carus Chemical Co","industrialwastewater@caruschem.com","315 5th St","Peru","IL","61354","8152246697","8152231500","281998","Industrial Inorganic Chmcls Nec (Mfrs)","www.caruschem.com","0","0"
"LANDIS GARDNER","8153892251","481 GARDNER ST","SOUTH BELOIT","62700000","JIM KOCH","Manager","M","418772","L","Landis Gardner","greg.payne@landis-us.com","481 Gardner St","South Beloit","IL","61080","4402853678","8153892251","329102","Abrasive Products (Manufacturers)","www.landisgardner.com","0","0"
"AEP Industries Inc","7083893100","12900 Crawford Ave","Alsip","97704000","Verly Swagger","Plant Mgr","Fem","419609","A","AEP Industries Inc","sosaz@aepinc.com","12900 Crawford Ave","Alsip","IL","60803","2018072567","7083893100","511308","Packaging Materials-Wholesale","www.aepinc.com","0","0"
