"Townsend Oil Co Inc","9783528711","27 Cherry St","Danvers","50310000","Mark Townsend","Owner","Mal","28322","T","Townsend Oil Co Inc","info@townsendoil.com","27 Cherry St","Danvers","MA","01923","9783528711","9783528711","517206","Oils-Fuel (Wholesale)","www.townsendoil.com","11","0"
"Medtronic Interventional Vsclr","9787770042","37 Cherry Hill Dr # A","Danvers","89600000","John Mazzola","VP","Mal","40535","M","Medtronic Interventional Vsclr","webmaster@medtronic.com","37 Cherry Hill Dr # A","Danvers","MA","01923","4809680730","9787770042","384104","Physicians & Surgeons Equip & Supls-Mfrs","www.medtronic.com","11","0"
"George Propane Inc","4132688360","3 Berkshire Trl W","Goshen","60372000","Alfred H George","Owner","Mal","69174","G","George Propane Inc","info@georgepropane.com","3 Berkshire Trl W","Goshen","MA","01032","4132680206","4132688360","517208","Gas-Liquefied Petro-Bttld/Bulk (Whol)","www.georgepropane.com","11","0"
"Clare Inc","9785246700","78 Cherry Hill Dr","Beverly","75000000","","","","100195","C","Clare Inc","info@clare.com","78 Cherry Hill Dr","Beverly","MA","01915","9785244700","9785246700","367498","Semiconductors & Related Devices (Mfrs)","www.clare.com","11","0"
"Minuteman Trucks Inc","5086683112","2181 Providence Hwy","Walpole","58230000","Richard W Witcher","President","Mal","110513","M","Minuteman Trucks Inc","sales@minutemantrucks.com","2181 Providence Hwy","Walpole","MA","02081","5086688466","5086683112","551105","Truck-Dealers","www.minutemanfordtrucks.com","11","0"
"Central Steel Supply Co Inc","6176253232","99 Foley St","Somerville","52350000","John De Vries","Owner","Mal","115484","C","Central Steel Supply Co Inc","info@centralsteelsupply.com","99 Foley St","Somerville","MA","02145","6176663027","6176253232","505106","Steel-Distributors & Warehouses","www.centralsteelsupply.com","11","0"
"Rex Lumber Co Inc","9782630055","840 Main St","Acton","58300000","Benjamin Forester","CEO","Mal","124129","R","Rex Lumber Co Inc","salesinfo@rexlumber.com","840 Main St","Acton","MA","01720","8048763363","9782630055","503109","Lumber-Wholesale","www.rexlumber.com","11","0"
"Riverdale Mills","5082348715","130 Riverdale St","Northbridge","53600000","James M Knott Sr","President","Mal","129340","R","Riverdale Mills","info@riverdale.com","130 Riverdale St","Northbridge","MA","01534","5082349595","5082348715","331501","Wire-Manufacturers","www.riverdale.com","11","0"
"Pallotta Oil Co","7813954181","21 Springvale Ave","West Roxbury","50310000","James Devaney","Owner","Mal","145680","P","Pallotta Oil Co","info@boston-oilheat.com","21 Springvale Ave","West Roxbury","MA","02132","6173234156","7813954181","517206","Oils-Fuel (Wholesale)","www.jamesdevaneyfuel.com","11","0"
"Century Capital Management Inc","6174823060","1 Liberty Sq # 12","Boston","72000000","Allan W Fulkerson","Manager","Mal","147641","C","Century Capital Management Inc","info@centurycap.com","1 Liberty Sq # 12","Boston","MA","02109","6175429398","6174823060","672298","Management Investment Open-End","www.centurycap.com","11","0"
"Scan Soft Inc","6174284444","695 Atlantic Ave","Boston","75000000","Paul Ricci","CEO","Mal","149990","S","Scan Soft Inc","privacy@nuance.com","695 Atlantic Ave","Boston","MA","02111","4153718256","6174284444","489901","Communications Services-Common Carriers","www.scansoft.com","11","0"
"CSP Inc","9786637598","43 Manning Rd","Billerica","52824000","Alexander R Lupinetti","CEO","Mal","156684","C","CSP Inc","webmaster@cspi.com","43 Manning Rd","Billerica","MA","01821","9786630150","9786637598","737398","Computer Integrated Systems Design","www.cspi.com","11","0"
"Dimitria Delights Inc","5088393035","81 Creeper Hill Rd","North Grafton","63300000","John Colorio","Owner","Mal","162745","D","Dimitria Delights Inc","sales@dimitriadelights.com","81 Creeper Hill Rd","North Grafton","MA","01536","5088391685","5088393035","514902","Bakers-Wholesale","www.dimitriadelights.com","11","0"
"Biscom","9782501800","321 Billerica Rd","Chelmsford","65650000","Don Dunning","President","Mal","170796","B","Biscom","sales@biscom.com","321 Billerica Rd","Chelmsford","MA","01824","9782504449","9782501800","506528","Facsimile Communication Equipment (Whol)","www.biscom.com","11","0"
"Clariant Corp","5088296321","85 Industrial Dr","Holden","95500000","Roland Ruel","Plant Mgr","Mal","173036","C","Clariant Corp","info@clariant.com","85 Industrial Dr","Holden","MA","01520","6038893326","5088296321","282101","Plastics-Raw Mtrls/Powder/Resin-Mfrs","www.clariant.com","11","0"
"Shaheen Brothers Inc","9786881844","95 Haverhill Rd","Amesbury","79590000","Donald Shaheen","President","Mal","173720","S","Shaheen Brothers Inc","purchasing@shaheenbros.com","95 Haverhill Rd","Amesbury","MA","01913","9786881844","9786881844","514101","Food Products (Wholesale)","www.shaheenbros.com","11","0"
"Coan Inc","5086535050","196 W Central St","Natick","51000000","Kevin Coan","President","Mal","175033","C","Coan Inc","service@coanoil.com","196 W Central St","Natick","MA","01760","5086557720","5086535050","507507","Furnaces-Heating (Wholesale)","www.coanoil.com","11","0"
"Temptronic Corp","7816882300","4 Commercial St","Sharon","87600000","William M Stone","CEO","Mal","180746","T","Temptronic Corp","sales@temptronic.com","4 Commercial St","Sharon","MA","02067","7816882301","7816882300","343302","Geothermal Htg/Cooling Equip/Systs-Mfrs","www.temptronic.com","11","0"
"Boston Acoustics Inc","9785385000","300 Jubilee Dr","Peabody","52628000","Moses A Gabbay","CEO","Mal","181024","B","Boston Acoustics Inc","jobs@bostonacoustics.com","300 Jubilee Dr","Peabody","MA","01960","9785385199","9785385000","365108","Stereophonic & High Fidelity Equip-Mfrs","www.bostonacoustics.com","11","0"
"Sygma Network","5088983338","191 Flanders Rd","Westborough","90960000","Andy Mahler","VP","Mal","183531","S","Sygma Network","info@sygmanetwork.com","191 Flanders Rd","Westborough","MA","01581","5088989745","5088983338","514102","Food Brokers","www.sygmanetwork.com","11","0"
"Ameri Source Bergen Corp","5083378750","101 Norfolk St","Mansfield","57750000","John Iannuzzo","Manager","Mal","183658","A","Ameri Source Bergen Corp","webmaster@amerisourcebergen.com","101 Norfolk St","Mansfield","MA","02048","5083378572","5083378750","283404","Drug Millers","www.bergenbrunswig.com","11","0"
"LEK Consulting","6179519500","28 State St # 16","Boston","62300000","","","","190266","L","LEK Consulting","info@lek.com","28 State St # 16","Boston","MA","02109","4156279071","6179519500","679998","Venture Capital Companies","www.lek.com","11","0"
"HPSC Inc","6177203600","1 Beacon St","Boston","55310000","John W Everets Jr","CEO","Mal","190781","H","HPSC Inc","customercare@hpsc.com","1 Beacon St","Boston","MA","02108","6175260259","6177203600","384104","Physicians & Surgeons Equip & Supls-Mfrs","www.hpsc.com","11","0"
"Palomar Medical Technologies","7819932300","82 Cambridge St","Burlington","54432000","Joseph P Caruso","CEO","Mal","198103","P","Palomar Medical Technologies","unsubscribe@palomarmedical.com","82 Cambridge St","Burlington","MA","01803","7819932330","7819932300","384502","Lasers-Medical-Manufacturers","www.palmed.com","11","0"
"Delta F Corp","7819354600","4 Constitution Way # 6","Woburn","53053000","","","","205597","D","Delta F Corp","marketing@delta-f.com","4 Constitution Way # 6","Woburn","MA","01801","7819380531","7819354600","516920","Oxygen (Wholesale)","www.delta-f.com","11","0"
"Trans National Travel Inc","6172629200","2 Charlesgate W","Boston","80000000","John Dircks","CEO","Mal","205900","T","Trans National Travel Inc","jobs@tntvacations.com","2 Charlesgate W","Boston","MA","02215","6176383303","6172629200","472501","Tours-Operators & Promoters","www.tntvacations.com","11","0"
"NEBS Inc","9785978715","12 South St","Townsend","83980000","Jim Russell","VP","Mal","212812","N","NEBS Inc","support@oraclesmallbusiness.com","12 South St","Townsend","MA","01469","9784493419","9785978715","276101","Printers-Business Forms","www.nebs.com","11","0"
"Metro One Telecommunications","9787744715","199 Rosewood Dr # 250","Danvers","58275000","Scott Sanders","Manager","Mal","214405","M","Metro One Telecommunications","webmaster@metro1.com","199 Rosewood Dr # 250","Danvers","MA","01923","2158783154","9787744715","481304","Telephone Companies","www.metro1.com","11","0"
"United States Monorail Corp","6174828383","1234 Washington St","Boston","50800000","Arthur J Leon","President","Mal","216057","U","United States Monorail Corp","sales@ac-h.com","1234 Washington St","Boston","MA","02118","6174828384","6174828383","331211","Rails & Accessories (Manufacturers)","www.ac-h.com","11","0"
"Design Continuum Inc","6179695400","1220 Washington St","West Newton","96645000","Gianfranco Zaccai","President","Mal","223192","D","Design Continuum Inc","info@dcontinuum.com","1220 Washington St","West Newton","MA","02465","6179692864","6179695400","514101","Food Products (Wholesale)","www.dcontinuum.com","11","0"
"Ruby Wines Inc","5085887007","625 Bodwell Street Ext","Avon","81700000","Ted Rubin","Owner","Mal","224854","R","Ruby Wines Inc","orders@rubywines.com","625 Bodwell Street Ext","Avon","MA","02322","5085887997","5085887007","518203","Wines-Wholesale","www.rubywines.com","11","0"
"Servolift/Eastern Corp","6178254600","266 Hancock St","Dorchester","67660000","Jonathan Vershbow","President","Mal","228206","S","Servolift/Eastern Corp","info@piperonline.net","266 Hancock St","Dorchester","MA","02125","6178251292","6178254600","504604","Restaurant Equipment & Supplies (Whol)","www.servolift.com","11","0"
"BBN Technologies","6178738000","10 Moulton St","Cambridge","79200000","Robert Elmer","CEO","Mal","228534","B","BBN Technologies","careers@bbn.com","10 Moulton St","Cambridge","MA","02138","4018498611","6178738000","873110","Technology Assistance Programs","www.bbn.com","11","0"
"Superior Oil Co Inc","5088651972","48 Providence St","Millbury","77142000","Tom Capistron","Owner","Mal","235640","S","Superior Oil Co Inc","service@superior-oil.com","48 Providence St","Millbury","MA","01527","5088651731","5088655415","517206","Oils-Fuel (Wholesale)","www.superior-oil.com","11","0"
"Brewster Wallcovering Co","7819634800","67 Pacella Park Dr","Randolph","63840000","Ken Granberg","President","Mal","237591","B","Brewster Wallcovering Co","contactus@brewp.com","67 Pacella Park Dr","Randolph","MA","02368","7819634980","7819634800","519801","Wallpapers & Wallcoverings-Wholesale","www.brewsterwallcovering.com","11","0"
"Eye Ultraviolet Inc","9786949000","42 Industrial Way # 1","Wilmington","58200000","Harvey Clough","President","Mal","242454","E","Eye Ultraviolet Inc","service@ebeam.com","42 Industrial Way # 1","Wilmington","MA","01887","9786949046","9786949000","367401","Semiconductor Devices (Manufacturers)","www.ebeam.com","11","0"
"Plastican Inc","9785374911","196 Industrial Rd","Leominster","75000000","John Clementi","President","Mal","243682","P","Plastican Inc","sales@plastican.com","196 Industrial Rd","Leominster","MA","01453","9784666073","9785374911","308902","Plastics & Plastic Products (Mfrs)","www.plastican.com","11","0"
"Ecrm Inc","9788510207","554 Clark Rd","Tewksbury","59200000","Richard B Black","CEO","Mal","251871","E","Ecrm Inc","employment@ecrm.com","554 Clark Rd","Tewksbury","MA","01876","5853216001","9788510207","355502","Printing Equipment-Manufacturers","www.ecrm.com","11","0"
"Cambridge Packing Co","6172696700","41 Food Mart Rd","Boston","53900000","Bruce Rodman","CEO","Mal","254211","C","Cambridge Packing Co","info@campcosteaks.com","41 Food Mart Rd","Boston","MA","02118","6172690266","6172696700","201101","Meat Packers","www.cambridgepacking.com","11","0"
"Viisage Technology Inc","9789522200","296 Concord Rd # 3","Billerica","67466000","Bernard C Bailey","CEO","Mal","255489","V","Viisage Technology Inc","resume@viisage.com","296 Concord Rd # 3","Billerica","MA","01821","9789522225","9789522200","737398","Computer Integrated Systems Design","www.viisage.com","11","0"
