mail id,company,email,address,phone,fax,sic,sic description,web,,revenue id,company,address,city,state,zip,	metro,web,phone,fax,contact,position,gender,sales,# of employee,sic,sic_descrpiton,	,,
"147907","Combined Transport Inc","cmoore@combinedtransport.com","5656 Crater Lake Ave","5418267575","5418262001","421307","Trucking-Heavy Hauling","www.combinedtransport.com"," Email <---> Revenue ","69543","Combined Transport Inc","5656 Crater Lake Ave","Central Point","OR","97502","Jackson","www.combinedtransport.com","5418262001","5418267575","Mike Card","Owner","Mal","33000000","75","421307","Trucking-Hea","5","0","1"
"63541","Benchmark Electronics Inc","ellen.sykora@bench.com","3725 SW Hocken Ave","2567227647","5036262279","367901","Electronic Equipment & Supplies-Mfrs","www.bench.com"," Email <---> Revenue ","38417","Benchmark Electronics Inc","3725 SW Hocken Ave","Beaverton","OR","97005","Washington","www.bench.com","5036262279","5035204605","Vest Henry","Plant Mgr","Mal","38080000","170","367901","Electronic E","5","0","1"
"12339","Tosoh Quartz Inc","rwood@tosohquartz.com","14380 NW Science Park Dr","5036055656","5036055600","322901","Glass-Blowers (Manufacturers)","NULL"," Email <---> Revenue ","274388","Tosoh Quartz Inc","14380 NW Science Park Dr","Portland","OR","97229","Washington","","5036055600","5036055656","Gunther Weiss","President","Mal","31360000","140","322901","Glass-Blower","5","0","1"
"129806","American Wood Dryers Inc","awdi.kilns@attglobal.net","15495 SE For More Ct","5036571304","5036551955","356798","Industrial Process-Furnaces/Ovens (Mfrs)","NULL"," Email <---> Revenue ","24283","American Wood Dryers Inc","15495 SE For More Ct","Clackamas","OR","97015","Clackamas","www.drykilns.com","5036551955","5036571304","Bill Moore","President","Mal","10650000","50","356798","Industrial P","4","0","1"
"139237","R & S Nursery Merchandising","joe.gold@goldhillnursery.com","11715 SW Hillsboro Hwy","5036282257","5036281118","519306","Nurseries-Plants Trees & Etc-Wholesale","www.goldhillnursery.com"," Email <---> Revenue ","224783","R & S Nursery Merchandising","11715 SW Hillsboro Hwy","Hillsboro","OR","97123","Washington","www.goldhillnursery.com","5036281118","5036282257","Clarka Hill","Owner","Fem","17520000","80","519306","Nurseries-Pl","4","0","1"
"133242","Freelin-Wade Co","tube@freelin-wade.com","1730 NE Miller St","5034721989","5034345561","308904","Plastics-Extruders (Manufacturers)","www.freelin-wade.com"," Email <---> Revenue ","110876","Freelin-Wade Co","1730 NE Miller St","Mcminnville","OR","97128","Yamhill","www.freelin-wade.com","5034345561","5034721989","Jack Burns","President","Mal","20500000","125","308904","Plastics-Ext","4","0","1"
"141294","Transco-Industries Inc","jeffbrown@transco-ind.com","5534 NE 122nd Ave","5032560723","5032561955","344106","Steel-Structural (Manufacturers)","www.transco-ind.com"," Email <---> Revenue ","275351","Transco-Industries Inc","5534 NE 122nd Ave","Portland","OR","97230","Multnomah","www.transco-ind.com","5032561955","5032560723","","","","15330000","70","344106","Steel-Struct","4","0","1"
"111338","Munnell & Sherrill","kellyross@munnell-sherrill.com","1163 NE 63rd Ave","5032874950","5032810021","508522","Industrial Equipment & Supplies (Whol)","www.munnell-sherrill.com"," Email <---> Revenue ","188937","Munnell & Sherrill","1163 NE 63rd Ave","Portland","OR","97213","Multnomah","www.munnell-sherrill.com","5032810021","5032874950","Gary Butts","President","Mal","20900000","11","508522","Industrial E","4","0","1"
"149878","Stash Tea Co","vrnatrading@vanreesna.com","7204 SW Durham Rd # 200","5036844424","5036844482","209501","Coffee & Tea Products-Manufacturers","www.stashtea.com"," Email <---> Revenue ","258517","Stash Tea Co","7204 SW Durham Rd # 200","Tigard","OR","97224","Washington","www.stashtea.com","5036844482","5036844424","Tom Lisicki","CEO","Mal","11200000","50","209501","Coffee & Tea","4","0","1"
"21488","Wasco Electric Co-Op Inc","jeffd@wascoelectric.com","105 E 4th St","5412967781","5412962740","491101","Electric Companies","www.wascoelectric.com"," Email <---> Revenue ","288026","Wasco Electric Co-Op Inc","105 E 4th St","The Dalles","OR","97058","Wasco","www.wascoelectric.com","5412962740","5412967781","Cathy Wilson","Manager","Fem","11088000","18","491101","Electric Com","4","0","1"
"116362","Spec Industries","scott@spec-industries.com","90801 Highway 99 N","5416895530","5416895523","503208","Concrete Products (Wholesale)","www.spec-industries.com"," Email <---> Revenue ","255293","Spec Industries","90801 Highway 99 N","Eugene","OR","97402","Lane","www.spec-industries.com","5416895523","5416895530","John F Olson","President","Mal","18240000","38","503208","Concrete Pro","4","0","1"
