mail id,company,email,address,phone,fax,sic,sic description,web,,revenue id,company,address,city,state,zip,	metro,web,phone,fax,contact,position,gender,sales,# of employee,sic,sic_descrpiton,	,,
"58968","Wave Form Systems Inc","chuckw@waveformsys.com","7737 SW Nimbus Ave # 31","5036436314","5036262100","504731","Medical Electronics (Wholesale)","www.waveformsys.com"," Email <---> Revenue ","288864","Wave Form Systems Inc","7737 SW Nimbus Ave # 31","Beaverton","OR","97008","Washington","www.waveformsys.com","5036262100","5036436314","Chuck Watkins","Owner","Mal","11362000","19","504731","Medical Elec","4","0","1"
"73219","Artisan Dental Laboratories","KarlK@amrlabs.net","2532 SE Hawthorne Blvd","5032313684","5032386006","384104","Physicians & Surgeons Equip & Supls-Mfrs","NULL"," Email <---> Revenue ","28597","Artisan Dental Laboratories","2532 SE Hawthorne Blvd","Portland","OR","97214","Multnomah","","5032386006","5032313684","Karl Koch","Owner","Mal","14560000","65","384104","Physicians &","4","0","1"
"142550","Ashland Community Hospital","pator@ashlandhospital.com","280 Maple St","5414887417","5414822441","808201","Home Health Service","www.ashlandhospital.org"," Email <---> Revenue ","29071","Ashland Community Hospital","280 Maple St","Ashland","OR","97520","Jackson","www.ashlandhospital.org","5414822441","5414887417","Michael Mcgraw","President","Mal","15680000","320","808201","Home Health ","4","0","1"
"66487","Anthro Corp","ron.greenfield@anthro.com","10450 SW Manhasset Dr","5036912409","5036912556","384104","Physicians & Surgeons Equip & Supls-Mfrs","NULL"," Email <---> Revenue ","26169","Anthro Corp","10450 SW Manhasset Dr","Tualatin","OR","97062","Washington","www.anthro.com","5036912556","5036912409","Shoaib Tareen","President","Mal","22400000","100","384104","Physicians &","4","0","1"
"33300","H 2 Oil Recovery Equipment","Hatcher@h2oilrecovery.com","36 SE 9th St","5413822242","5413827070","509943","Environmental Products & Supls (Whol)","NULL"," Email <---> Revenue ","123181","H 2 Oil Recovery Equipment","36 SE 9th St","Bend","OR","97702","Deschutes","www.h2oilrecovery.com","5413827070","5413822242","Scott Hatcher","Owner","Mal","11328000","12","509943","Environmenta","4","0","1"
"22942","Pacific Landclearing & Rcyclng","Jack-Botkin@plcrecycling.com","4044 N Suttle Rd","5032853811","5032858777","509312","Recycling Centers (Wholesale)","NULL"," Email <---> Revenue ","207429","Pacific Landclearing & Rcyclng","4044 N Suttle Rd","Portland","OR","97217","Multnomah","www.plcrecycling.com","5032858777","5032853811","Jack Botkin","Owner","Mal","13170000","30","509312","Recycling Ce","4","0","1"
"2475","Phoenix Gold Intl Inc","tbennett@phoenixgold.com","9300 N Decatur St","5039783380","5032869300","365107","Speakers-Manufacturers","NULL"," Email <---> Revenue ","214792","Phoenix Gold Intl Inc","9300 N Decatur St","Portland","OR","97203","Multnomah","www.phoenixgold.com","5032869300","5039783380","Timothy G Johnson","CEO","Mal","24832000","114","365107","Speakers-Man","4","0","1"
"46285","Auto Trader Magazines","A.I@portland.traderpub.com","5465 SW Western Ave # A","5035742151","5033629626","731106","Advertising-Newspaper","NULL"," Email <---> Revenue ","31199","Auto Trader Magazines","5465 SW Western Ave # A","Beaverton","OR","97005","Washington","www.portland.traderpub.com","5033629626","5035742151","Andrew Insinga","President","Mal","15800000","100","731106","Advertising-","4","0","1"
"9240","All American Fabricating Inc","aafinfo@allamericanfab.com","90454 Woodruff St","5416882730","5416887567","344106","Steel-Structural (Manufacturers)","www.allamericanfab.com"," Email <---> Revenue ","19974","All American Fabricating Inc","90454 Woodruff St","Eugene","OR","97402","Lane","www.allamericanfab.com","5416887567","5416882730","Tom Mc Cormack","President","Mal","10293000","47","344106","Steel-Struct","4","0","1"
"20339","S R Smith Inc","adedona@srsmith.com","1017 SW Berg Pkwy","5032664334","5032662231","394908","Swimming Pool Equipment & Supplies-Mfrs","www.srsmith.com"," Email <---> Revenue ","240017","S R Smith Inc","1017 SW Berg Pkwy","Canby","OR","97013","Clackamas","www.srsmith.com","5032662231","5032664334","Mike Reiniche","President","Mal","19602000","99","394908","Swimming Poo","4","0","1"
"136948","G I Joe''s Inc","affiliates@gijoes.com","17799 Lower Boones Ferry Rd","5036351064","5036351064","594113","Sporting Goods-Retail","www.gijoes.com"," Email <---> Revenue ","2953","G I Joe's Inc","17799 Lower Boones Ferry Rd","Lake Oswego","OR","97035","Clackamas","www.gijoes.com","5036351064","5036359384","Dan Hummel","Manager","Mal","10212000","69","594113","Sporting Goo","4","0","1"
"132635","Isspro Inc","aftermarket@isspro.com","2515 NE Riverside Way","5032492999","5032884488","508416","Gauges & Gages (Wholesale)","www.issproinc.com"," Email <---> Revenue ","139652","Isspro Inc","2515 NE Riverside Way","Portland","OR","97211","Multnomah","www.issproinc.com","5032884488","5032492999","Paul Wendlick","President","Mal","17900000","150","508416","Gauges & Gag","4","0","1"
"64982","Inovec","Alan@inovec.com","1457 Westec Dr","5414854672","5414857127","362598","Relays & Industrial Controls (Mfrs)","NULL"," Email <---> Revenue ","137803","Inovec","1457 Westec Dr","Eugene","OR","97402","Lane","www.inovec.com","5414857127","5414854672","Alan Pazzaz","CEO","Mal","11200000","50","362598","Relays & Ind","4","0","1"
"116625","Custom Roasting","AlbertoMiranda@cafeto.com","4000 E 22nd Ave","5414845473","5414841005","514905","Coffee & Tea-Wholesale","NULL"," Email <---> Revenue ","78031","Custom Roasting","4000 E 22nd Ave","Eugene","OR","97403","Lane","www.cafeto.com","5414841005","5414845473","Alberto Miranda","Owner","Mal","12660000","15","514905","Coffee & Tea","4","0","1"
"138031","Wittco-Beaverton","askme@witt-company.com","15100 SW Koll Pkwy # B","5036812344","5036818557","506528","Facsimile Communication Equipment (Whol)","www.witt-company.com"," Email <---> Revenue ","296518","Wittco-Beaverton","15100 SW Koll Pkwy # B","Beaverton","OR","97006","Washington","www.witt-company.com","5036818557","5036812344","Rex Yarbrough","Manager","Mal","21210000","21","506528","Facsimile Co","4","0","1"
"147686","Massachusetts Mutual-Blue Chip","aster@massmutual.com","222 SW Columbia St # 825","5163644263","5032211211","628205","Financial Planning Consultants","www.massmutual.com"," Email <---> Revenue ","175777","Massachusetts Mutual-Blue Chip","222 SW Columbia St # 825","Portland","OR","97201","Multnomah","www.massmutual.com","5032211211","5032210493","Craig Chambers","Manager","Mal","16600000","40","628205","Financial Pl","4","0","1"
"35993","Areva","B.Patrick@areva-td.com","300 Antelope Rd","5418268847","5418262113","367798","Electronic Coil & Transformers (Mfrs)","NULL"," Email <---> Revenue ","27700","Areva","300 Antelope Rd","White City","OR","97503","Jackson","","5418262113","5418268847","Patrick Barry","President","Mal","14420000","140","367798","Electronic C","4","0","1"
"76625","Key Knife","BaylyBob@keyknife.com","19100 SW 125th Ct","5036912240","5036844858","391403","Cutlery-Manufacturers (Tableware)","NULL"," Email <---> Revenue ","154871","Key Knife","19100 SW 125th Ct","Tualatin","OR","97062","Washington","www.keyknife.com","5036844858","5036912240","Bob Bayly","Owner","Mal","14640000","80","391403","Cutlery-Manu","4","0","1"
"113831","Encore Sales & Market","BBudd@askencore.com","16112 SW 72nd Ave","5036205842","5036246747","514102","Food Brokers","NULL"," Email <---> Revenue ","98202","Encore Sales & Market","16112 SW 72nd Ave","Portland","OR","97224","Washington","www.askencore.com","5036246747","5036205842","Bill Budd","President","Mal","17055000","15","514102","Food Brokers","4","0","1"
"138214","Skyline Corp","bdecio@skylinecorp.com","750 SE Booth Bend Rd","5034724374","5034723101","245101","Mobile Homes-Manufacturers","www.skylinerv.com"," Email <---> Revenue ","252013","Skyline Corp","550 SE Booth Bend Rd","Mcminnville","OR","97128","Yamhill","www.skylinehomes.com","5034723181","5034726463","Ted Williams","Plant Mgr","Mal","23474000","121","245101","Mobile Homes","4","0","1"
"143983","Hillsboro Motorcycles","BEd@motosport.com","809 NE 28th Ave","5036406878","5036484555","557106","Motorcycles & Motor Scooters-Dealers","NULL"," Email <---> Revenue ","130506","Hillsboro Motorcycles","809 NE 28th Ave","Hillsboro","OR","97124","Washington","www.motosport.com","5036484555","5036406878","Ed Bartlett","Owner","Mal","16550000","50","557106","Motorcycles ","4","0","1"
"67194","Pallet Services","ben@palletservices.com","11402 NE Marx St","5032521399","5034080257","503105","Pallets & Skids (Wholesale)","www.palletservices.com"," Email <---> Revenue ","208804","Pallet Services","11402 NE Marx St","Portland","OR","97220","Multnomah","www.palletservices.com","5034080257","5032521399","Ted Farmer","Manager","Mal","14120000","20","503105","Pallets & Sk","4","0","1"
"145869","Door Supply Of Oregon","Bill@doorsupplyco.net","330 SE Division Pl","5032360901","5032349745","503119","Doors-Wholesale","NULL"," Email <---> Revenue ","89770","Door Supply Of Oregon","330 SE Division Pl","Portland","OR","97202","Multnomah","www.doorsupplyco.net","5032349745","5032360901","Bill Wiley","Owner","Mal","14826000","21","503119","Doors-Wholes","4","0","1"
"126448","Caddis Manufacturing","Bob@caddis-mfg.com","4201 NE Riverside Dr","5034345038","5034723111","308902","Plastics & Plastic Products (Mfrs)","NULL"," Email <---> Revenue ","52354","Caddis Manufacturing","4201 NE Riverside Dr","Mcminnville","OR","97128","Yamhill","","5034723111","5034345038","Bob Huston","Owner","Mal","11480000","70","308902","Plastics & P","4","0","1"
"11700","Memory Time","Bob@memorytime.com","6605 SW Macadam Ave","5034528495","5034528577","357701","Computer Supplies & Parts-Manufacturers","NULL"," Email <---> Revenue ","179787","Memory Time","6605 SW Macadam Ave","Portland","OR","97239","Multnomah","www.memorytime.com","5034528577","5034528495","Bob Goof","Owner","Mal","13275000","6","357701","Computer Sup","4","0","1"
"56582","Optical Plastics","BobH@pennplastics.com","PO Box 1609","5036553153","5036554787","504801","Optical Goods-Wholesale","NULL"," Email <---> Revenue ","201190","Optical Plastics","9111 SE Saint Helens St","Clackamas","OR","97015","Clackamas","","5036554787","5036553153","Bob Hagan","Owner","Mal","19020000","60","504801","Optical Good","4","0","1"
"67890","Road & Driveway Co Paving","BobWienert@roadanddriveway.com","PO Box 730","5412659443","5412659441","295101","Asphalt & Asphalt Products-Manufacturers","NULL"," Email <---> Revenue ","233726","Road & Driveway Co Paving","101 NE Harney St","Newport","OR","97365","Lincoln","www.roadanddriveway.com","5412659441","5412659443","Bob Wienert","President","Mal","17568000","32","295101","Asphalt & As","4","0","1"
"146775","American Express Financial Adv","Brad.Hinkley@aexp.com","9370 SW Greenburg Rd # 202b","NULL","5032934959","628205","Financial Planning Consultants","NULL"," Email <---> Revenue ","23382","American Express Financial Adv","10200 SW Greenburg Rd # 360","Portland","OR","97223","Washington","","5034526066","5034525855","Nancy Congdon","VP","Fem","16600000","40","628205","Financial Pl","4","0","1"
"21562","Western Farm Service","brad@westernfarmcornelius.com","574 N 7th Court","5036402371","null","019101","FARMS","WESTERNFARMCORNELIUS.COM"," Email <---> Revenue ","291490","Western Farm Svc","574 N 7th Ct","Cornelius","OR","97113","Washington","","5036402371","5036405973","Ken Witsell","Manager","Mal","13300000","20","519114","Fertilizers ","4","0","1"
"140355","Sherman Brothers Heavy Trckng","bradg@sbht.com","32921 Diamond Hill Dr","5419957742","5419957751","421307","Trucking-Heavy Hauling","www.sbht.com"," Email <---> Revenue ","249024","Sherman Brothers Heavy Trckng","32921 Diamond Hill Dr","Harrisburg","OR","97446","Linn","www.sbht.com","5419957751","5419957742","Keith Sherman","CEO","Mal","21400000","500","421307","Trucking-Hea","4","0","1"
"133633","Oregonian","bradmccray@news.oregonian.com","15495 SW Sequoia Pkwy # 190","5036560083","5039687048","519203","Newspaper Distributors","www.oregonlive.com"," Email <---> Revenue ","204506","Oregonian","15495 SW Sequoia Pkwy # 190","Tigard","OR","97224","Washington","www.oregonlive.com","5039687048","5039686061","Phil Manzano","Manager","Mal","11784000","24","519203","Newspaper Di","4","0","1"
"25786","Dallas Planing Mill","Brittingham.Doug@arcat.com","PO Box 316","5036239746","5036232391","503112","Moldings (Wholesale)","NULL"," Email <---> Revenue ","80335","Dallas Planing Mill","1415 SE Holman Ave","Dallas","OR","97338","Polk","","5036232391","5036239746","Doug Brittingham","President","Mal","21180000","30","503112","Moldings (Wh","4","0","1"
"139199","Springfield Utility Board","brucen@subutil.com","1001 Main St","5417262395","5417262395","491101","Electric Companies","www.subutil.com"," Email <---> Revenue ","256467","Springfield Utility Board","1001 Main St","Springfield","OR","97477","Lane","www.subutil.com","5417262395","","Robert Linahan","Executive Director","Mal","24640000","40","491101","Electric Com","4","0","1"
"95915","Purr-Fection BY Mjc","C.Helmholz@purr-fection.com","18810 SW Teton Ave","NULL","5036910173","509209","Toys-Wholesale","NULL"," Email <---> Revenue ","223229","Purr-Fection BY Mjc","18810 SW Teton Ave","Tualatin","OR","97062","Washington","www.purr-fection.com","5036910173","","Craig Helmholz","Owner","Mal","10860000","15","509209","Toys-Wholesa","4","0","1"
"85588","Berg Wholesale","CatherineM@bergwholesale.com","PO Box 3050","5034545450","5032200000","507207","Hardware-Wholesale","NULL"," Email <---> Revenue ","39221","Berg Wholesale","19820 SW Teton Ave","Tualatin","OR","97062","Washington","www.bergwholesale.com","5032200000","5034545450","Catherine Mick","Owner","Fem","12950000","25","507207","Hardware-Who","4","0","1"
"139923","SOS Alarm","Claborn@sos-alarm.net","515 NE 8th St","NULL","5414791959","506324","Burglar Alarm Systems (Wholesale)","NULL"," Email <---> Revenue ","240386","SOS Alarm","515 NE 8th St","Grants Pass","OR","97526","Josephine","","5414791959","","Ray Claborn","Owner","Mal","17766000","27","506324","Burglar Alar","4","0","1"
"151204","Larsson & Assoc","clarsson@larssoninc.com","7021 Mcewan Rd","5036204146","5036204146","509908","Manufacturers-Agents & Representatives","www.larssoninc.com"," Email <---> Revenue ","4876","Larsson & Assoc","7021 Mcewan Rd","Lake Oswego","OR","97035","Clackamas","www.larssoninc.com","5036204146","","Richard Larsson","Owner","Mal","16048000","17","509908","Manufacturer","4","0","1"
"98234","Dryrite Dewatering Systems","Coburn@dryritepumps.com","1854 Stevens Rd","NULL","5418301403","508444","Pumps (Wholesale)","NULL"," Email <---> Revenue ","91619","Dryrite Dewatering Systems","1854 Stevens Rd","Eagle Point","OR","97524","Jackson","www.dryritepumps.com","5418301403","","Troy Coburn","Owner","Mal","13056000","24","508444","Pumps (Whole","4","0","1"
"134356","GHR Resources","computing@ghranch.biz","14606 Anderson Rd","5417985107","5417980255","085102","Foresters-Consulting","www.ghranch.biz"," Email <---> Revenue ","112824","GHR Resources","14606 Anderson Rd","Klamath Falls","OR","97603","Klamath","www.ghranch.biz","5417980255","5417985107","Gerald Herman","Owner","Mal","21800000","109","85102","Foresters-Co","4","0","1"
"114131","MML Diagnostics Packaging","DalePestes@mmldiagnostics.com","PO Box 458","5036668510","5036668398","283598","In-Vitro/In-Vivo Diagnostic Sbstnc (Mfr)","NULL"," Email <---> Revenue ","170932","MML Diagnostics Packaging","1625 NW Sundial Rd","Troutdale","OR","97060","Multnomah","www.mmldiagnostics.com","5036668398","5036668510","Dale Pestes","President","Mal","18540000","60","283598","In-Vitro/In-","4","0","1"
"113776","Feenaughty Machinery Co","dan.harris@feenaughty.com","4800 NE Columbia Blvd","5032821755","5032822566","508206","Contractors-Equip/Supls-Dlrs/Svc (Whol)","NULL"," Email <---> Revenue ","104697","Feenaughty Machinery Co","4800 NE Columbia Blvd","Portland","OR","97218","Multnomah","www.feenaughty.com","5032822566","5032821755","Randy Harris","President","Mal","21200000","25","508206","Contractors-","4","0","1"
"148442","A-BOY SUPPLY CO","dan@a-boy.com","2012 N.W. VAUGHN","5032259009","null","5311","Retail shops","ABOYSUPPLY.COM"," Email <---> Revenue ","12111","A-Boy","1919 NW 19th Ave","Portland","OR","97209","Multnomah","","5032259009","5032211962","Dan Dolan","Owner","Mal","13800000","100","571926","Lighting Fix","4","0","1"
"76835","Intron Technology","DaryRazzaghy@introntech.net","4504 SW Corbett Ave # 105-110","5032239026","5032239023","506304","Security Control Equip & Systems-Whol","NULL"," Email <---> Revenue ","139091","Intron Technology","4504 SW Corbett Ave # 105-110","Portland","OR","97239","Multnomah","www.introntech.net","5032239023","5032239026","Dary Razzaghy","Owner","Mal","14476000","22","506304","Security Con","4","0","1"
"59776","Rogue Pacific Lumber Co","david@roguepacificlumber.com","1187 W Mcandrews Rd","5417732363","5417733617","521142","Lumber-Retail","NULL"," Email <---> Revenue ","235981","Rogue Pacific Lumber Co","1187 W Mcandrews Rd","Medford","OR","97501","Jackson","www.roguepacific.com","5417733617","5417732363","David Stuart","President","Mal","12900000","50","521142","Lumber-Retai","4","0","1"
"108280","Photon Kinetics","DavidB@pkinetics.com","9305 SW Gemini Dr","5035264700","5035264600","335701","Fiber Optics-Equipment & Systems (Mfrs)","NULL"," Email <---> Revenue ","214973","Photon Kinetics","9305 SW Gemini Dr","Beaverton","OR","97008","Washington","www.pkinetics.com","5035264600","5035264700","David Blaskowsky","President","Mal","10710000","30","335701","Fiber Optics","4","0","1"
"65708","Adelsheim Vineyard","David_Adelsheim@adelsheim.com","16800 NE Calkins Ln","5035382248","5035383652","208401","Wineries","NULL"," Email <---> Revenue ","16164","Adelsheim Vineyard","16800 NE Calkins Ln","Newberg","OR","97132","Yamhill","www.adelsheim.com","5035383652","5035382248","David Adelsheim","Owner","Mal","11100000","25","208401","Wineries","4","0","1"
"136604","Charter Communications","dbarford@chartercom.com","300 East Main Street","NULL","541-882-5533","484101","Television-Cable & Catv","NULL"," Email <---> Revenue ","60660","Charter Communications","300 E Main St","Klamath Falls","OR","97601","Klamath","","5418846880","5418844270","","","","11865000","35","484101","Television-C","4","0","1"
"101981","Shelton-Turnbull Printers","DCrosby@stprint.com","PO Box 22008","5414841007","5416871214","275202","Printers","NULL"," Email <---> Revenue ","248819","Shelton-Turnbull Printers","3403 W 7th Ave","Eugene","OR","97402","Lane","www.stprint.com","5416871214","5414841007","Dave Crosby","President","Mal","16720000","110","275202","Printers","4","0","1"
"19523","Alumaweld Boats","design@admarks.com","2000 Rogue River Dr","5418267171","5418266701","8999","Services NEC","ALUMAWELDBOATS.COM"," Email <---> Revenue ","22567","Alumaweld Boats Inc","2000 Rogue River Dr","Eagle Point","OR","97524","Jackson","www.alumaweldboats.com","5418267171","5418266701","Doug Rein","President","Mal","14685000","89","373201","Boats-Manufa","4","0","1"
"33485","Host Industries","dkhogue@coinet.com","PO Box 1123  CCB #71758","null","null","346206","Coined Parts","HOSTINDUSTRIES.COM"," Email <---> Revenue ","133579","Host Industries","300 SE Scott St","Bend","OR","97702","Deschutes","www.hostcampers.com","5413302328","","","","","14592000","16","371101","Recreational","4","0","1"
"50913","Managed Health Care Northwest","Dolores@mhninc.com","1120 NW 20th Ave # 200","5034135801","5034135800","632403","Preferred Provider Organizations","NULL"," Email <---> Revenue ","172704","Managed Health Care Northwest","1120 NW 20th Ave # 200","Portland","OR","97209","Multnomah","www.mhninc.com","5034135800","5034135801","Dolores Russel","President","Fem","20856000","24","632403","Preferred Pr","4","0","1"
"92902","River City Rv","Don@rivercityrvsales.com","5179 Crater Lake Hwy","5417721486","5417796331","556103","Recreational Vehicles","NULL"," Email <---> Revenue ","233014","River City Rv","5179 Crater Lake Hwy","Central Point","OR","97502","Jackson","www.rivercityrvsales.com","5417796331","5417721486","Don Blacksmith","Owner","Mal","13380000","30","556103","Recreational","4","0","1"
"99372","Moulding Specialties","Doug@mouldingspecialties.com","1019 Avenue C","5418268509","5418268880","503112","Moldings (Wholesale)","NULL"," Email <---> Revenue ","187018","Moulding Specialties","1019 Avenue C","White City","OR","97503","Jackson","www.mouldingspecialties.com","5418268880","5418268509","Doug Seeley","Owner","Mal","24710000","35","503112","Moldings (Wh","4","0","1"
"50791","Conrad Wood Preserving Co","dsmith@conradwp.com","68765 Wildwood Rd","5417560131","5417562595","249101","Lumber-Treating","www.conradfp.com"," Email <---> Revenue ","71331","Conrad Wood Preserving Co","68765 Wildwood Rd","North Bend","OR","97459","Coos","www.conradfp.com","5417562595","5417560131","John Tomlin","President","Mal","16300000","54","249101","Lumber-Treat","4","0","1"
"131770","Eagle GLOBAL Logistics","eglinfo@eaglegl.com","8830 NE Alderwood Rd","2816183269","5035283500","473104","Freight-Forwarding","www.eaglegl.com"," Email <---> Revenue ","93349","Eagle GLOBAL Logistics","8830 NE Alderwood Rd","Portland","OR","97220","Multnomah","www.eaglegl.com","5035283500","5035283798","Bob Oakley","Manager","Mal","13410000","90","473104","Freight-Forw","4","0","1"
"102185","Emmert Motors","EmmertMichael@emmertmotors.com","2175 Columbia Blvd","5032276542","5033971061","551103","Automobile Dealers-Used Cars","NULL"," Email <---> Revenue ","97850","Emmert Motors","2175 Columbia Blvd","St Helens","OR","97051","Columbia","www.emmertmotors.com","5033971061","5032276542","Michael Emmert","Owner","Mal","19410000","30","551103","Automobile D","4","1","1"
"48316","Laird Plastics","erik@bosrup.com","2718 SE Raymond St","9166245249","5032334861","516203","Plastics-Rods, Tubes, Sheets Etc (Whol)","Tubes"," Email <---> Revenue ","159793","Laird Plastics","2718 SE Raymond St","Portland","OR","97202","Multnomah","www.lairdplastics.com","5032334861","5032367658","Lee Ramsby","Manager","Mal","15765000","15","516203","Plastics-Rod","4","0","1"
"126104","Galaxy Wine Co","galaxy@vaslavcreative.com","3481 NW Yeon Ave","5032489491","5032489493","518203","Wines-Wholesale","www.galaxywinecompany.com"," Email <---> Revenue ","113148","Galaxy Wine Co","3481 NW Yeon Ave","Portland","OR","97210","Multnomah","www.galaxywinecompany.com","5032489493","5032489491","Bob Liner","President","Mal","14706000","18","518203","Wines-Wholes","4","0","1"
"129129","Schreiner's Iris Gardens","gardens@firstworld.net","3625 Quinaby Road NE","5033934142","null","738999","Business Services Nec","SCHREINERSIRIS.COM"," Email <---> Revenue ","244323","Schreiner's Iris Gardens","3625 Quinaby Rd NE","Salem","OR","97303","Marion","www.schreinersgardens.com","5033933232","5033935590","David Schreiner","Owner","Mal","17550000","130","526129","Seeds & Bulb","4","0","1"
"68521","Grayrose Marketing Group","GCervetto@grayrose.com","9631 NE Colfax St","5032876906","5032811922","514102","Food Brokers","NULL"," Email <---> Revenue ","120356","Grayrose Marketing Group","9631 NE Colfax St","Portland","OR","97220","Multnomah","www.grayrose.com","5032811922","5032876906","Greg Cervetto","Owner","Mal","13644000","12","514102","Food Brokers","4","0","1"
"121576","Gheen Irrigation","Gheen@gheenirrigation.com","1248 Willagillespie Rd","5413437791","5413458509","349498","Valves & Pipe Fittings Nec (Mfrs)","NULL"," Email <---> Revenue ","116332","Gheen Irrigation","1248 Willagillespie Rd","Eugene","OR","97401","Lane","www.gheenirrigation.com","5413458509","5413437791","Robert D Gheen","President","Mal","13130000","65","349498","Valves & Pip","4","0","1"
"8676","Action Motorsports","Giusto.Dennis@actionmotorsportsyork.com","1301 Main St","5036551393","5036574654","557106","Motorcycles & Motor Scooters-Dealers","NULL"," Email <---> Revenue ","15554","Action Motorsports","1301 Main St","Oregon City","OR","97045","Clackamas","www.actionmotorsports.net","5036574654","5036551393","Dennis Giusto","Owner","Mal","13240000","40","557106","Motorcycles ","4","0","1"
"147119","Pacific Industrial Components","GoffJim@rio.com","2545 Prairie Rd","5416889770","5416889646","501313","Automobile Parts & Supplies-Wholesale","NULL"," Email <---> Revenue ","207372","Pacific Industrial Components","2545 Prairie Rd","Eugene","OR","97402","Lane","","5416889646","5416889770","Jim Goff","CEO","Mal","13440000","30","501313","Automobile P","4","0","1"
"18847","Surface Mount Technology Nw","GreenD@smtnw.com","16398 SW 72nd Ave","5035709882","5035709002","506338","Electronic Parts Assemblers (Wholesale)","NULL"," Email <---> Revenue ","264648","Surface Mount Technology Nw","16398 SW 72nd Ave","Portland","OR","97224","Washington","www.smtnw.com","5035709002","5035709882","David Green","President","Mal","16450000","25","506338","Electronic P","4","0","1"
"106888","Airport Drayage Co","groark@airportdrayage.com","6331 NE 112th Ave","5032556454","5032533859","451202","Air Cargo Service","www.airportdrayage.com"," Email <---> Revenue ","18447","Airport Drayage Co","6331 NE 112th Ave","Portland","OR","97220","Multnomah","www.airportdrayage.com","5032533859","5032556454","Teri Sykes","President","Fem","11270000","35","451202","Air Cargo Se","4","0","1"
"91656","SSI","G_Tom@ssigc.com","9760 SW Freeman Dr","5036821704","5036823633","355909","Special Industry Machinery Nec (Mfrs)","NULL"," Email <---> Revenue ","240442","SSI","9760 SW Freeman Dr","Wilsonville","OR","97070","Clackamas","www.ssiworld.com","5036823633","5036821704","Tom Garnier","President","Mal","18000000","120","355909","Special Indu","4","0","1"
"100519","Mt Hood Skibowl Winter Resort","Hanna@skibowl.com","PO Box 280","5032723554","5032723206","701110","Skiing Centers & Resorts","NULL"," Email <---> Revenue ","188224","Mt Hood Skibowl Winter Resort","87000 E Highway 26","Government Camp","OR","97028","Clackamas","www.skibowl.com","5032723206","5032723554","Kirk Hanna","Owner","Mal","15000000","200","701110","Skiing Cente","4","1","1"
"60365","Manufacturing Country","HarrisD@countrymfg.com","900 F St","5036060386","5036060249","503105","Pallets & Skids (Wholesale)","NULL"," Email <---> Revenue ","172939","Manufacturing Country","900 F St","Independence","OR","97351","Polk","","5036060249","5036060386","Dan Harris","President","Mal","21180000","30","503105","Pallets & Sk","4","0","1"
"90310","API","HasanBehbahany@epic-earcare.com","12505 SW Herman Rd","5036924464","5036923800","508503","Pipe Fittings (Wholesale)","NULL"," Email <---> Revenue ","13433","API","12505 SW Herman Rd","Tualatin","OR","97062","Washington","www.apiint.com","5036923800","5036924464","Hasan Behbahany","President","Mal","17100000","30","508503","Pipe Fitting","4","0","1"
"125794","S & F Assoc Inc","hgoode@sfassoc.com","522 N Thompson St","5032875078","5032886876","509908","Manufacturers-Agents & Representatives","www.sfassoc.com"," Email <---> Revenue ","239635","S & F Assoc Inc","522 N Thompson St","Portland","OR","97227","Multnomah","www.sfassoc.com","5032886876","5032875078","Glen Simons","President","Mal","14160000","15","509908","Manufacturer","4","0","1"
"72291","Tualatin Sleep Products","HJ@abbott-langer.com","PO Box 605","5036926937","5036925510","251598","Mattresses/Foundations/Conv Beds (Mfrs)","NULL"," Email <---> Revenue ","277497","Tualatin Sleep Products","12225 SW Myslony St","Tualatin","OR","97062","Washington","","5036925510","5036926937","John Hagglund","Owner","Mal","15050000","70","251598","Mattresses/F","4","0","1"
"49270","QPL","HT@qplchem.com","21420 NW Nicholas Ct # G","5036170170","5036170210","506338","Electronic Parts Assemblers (Wholesale)","NULL"," Email <---> Revenue ","223409","QPL","21420 NW Nicholas Ct # G","Hillsboro","OR","97124","Washington","","5036170210","5036170170","Tom Hauge","Owner","Mal","19740000","30","506338","Electronic P","4","0","1"
"120143","Block Graphics","inglis@axsnet.com","5822 NE Skyport Way","8052376555","5032870343","267701","Envelopes-Manufacturers","www.blockgraphics.com"," Email <---> Revenue ","42850","Block Graphics","5822 NE Skyport Way","Portland","OR","97218","Multnomah","www.blockgraphics.com","5032870343","5032879960","Vanessa Weijland","President","Fem","22080000","120","267701","Envelopes-Ma","4","0","1"
"18504","Obie Media Corporation","invest@obie.com","4211 West 11th Avenue","5416868400","5413454339","7319","Media services","http://www.obie.com"," Email <---> Revenue ","160017","Lamar Advertising Co","4211 W 11th Ave","Eugene","OR","97402","Lane","","5416868400","5413454339","Brian B Obie","CEO","Mal","15675000","75","731201","Advertising-","4","0","1"
"97423","Suntron Corp","ir@suntroncorp.com","800 Brutscher St","6419232325","5035380626","367201","Printed & Etched Circuits-Mfrs","www.suntroncorp.com"," Email <---> Revenue ","264143","Suntron Corp","800 Brutscher St","Newberg","OR","97132","Yamhill","www.suntroncorp.com","5035380626","5035386610","Jim Henderson","Manager","Mal","10600000","250","367201","Printed & Et","4","0","1"
"127610","Keith Brown Building Material","J-Coon@keithbrown.com","775 Front St NE","5033639128","5033639111","243104","Doors-Manufacturers","NULL"," Email <---> Revenue ","153126","Keith Brown Building Material","775 Front St NE","Salem","OR","97301","Marion","","5033639111","5033639128","Jim Coon","Owner","Mal","13600000","65","243104","Doors-Manufa","4","0","1"
"99076","Classic Foods","JakeG@sheriffb.com","1930 NE Oregon St","5032368917","5032349387","514101","Food Products (Wholesale)","NULL"," Email <---> Revenue ","65666","Classic Foods","1930 NE Oregon St","Portland","OR","97232","Multnomah","www.classic-foods.com","5032349387","5032368917","Jake Greenberg","Owner","Mal","17055000","15","514101","Food Product","4","0","1"
"147418","Cartwright's Valley Meat Co","james.cartwright@bonanzajerky.com","825 Union Ave","5414747380","5414790321","201101","Meat Packers","NULL"," Email <---> Revenue ","55893","Cartwright's Valley Meat Co","825 Union Ave","Grants Pass","OR","97527","Josephine","www.bonanzajerky.com","5414790321","5414747380","Sandy Cartwright","Owner","Fem","12475000","25","201101","Meat Packers","4","0","1"
"144080","James W Fowler Construction","jamesf@jwfowler.com","PO Box 489","5036239117","5036235373","179403","Excavating Contractors","NULL"," Email <---> Revenue ","143343","James W Fowler Construction","12775 Westview Dr","Dallas","OR","97338","Polk","www.jameswfowler.com","5036235373","5036239117","James W Fowler","Owner","Mal","11800000","20","179403","Excavating C","4","0","1"
"67130","Kah-Nee-Ta High Desert Resort","Jeff@kahneeta.com","PO Box 1240","5415531071","5415531112","799302","Casinos","NULL"," Email <---> Revenue ","151714","Kah-Nee-Ta High Desert Resort","6823 Highway 8","Warm Springs","OR","97761","Jefferson","www.kahneeta.com","5415531112","5415531071","Jeff Ford","CEO","Mal","14700000","400","799302","Casinos","4","0","1"
"20137","Bridgetown Coffee","JensenD@bridgetowncoffee.com","3460 NW Industrial St","5032249529","5032243330","514905","Coffee & Tea-Wholesale","NULL"," Email <---> Revenue ","47071","Bridgetown Coffee","3460 NW Industrial St","Portland","OR","97210","Multnomah","www.bridgetowncoffee.com","5032243330","5032249529","Donald Jensen","Owner","Mal","16880000","20","514905","Coffee & Tea","4","0","1"
"108233","Jacksonville Inn Wine & Gift","JerryEvans@jacksonvilleinn.com","PO Box 359","5418991373","5418991137","592103","Wines-Retail","NULL"," Email <---> Revenue ","142381","Jacksonville Inn Wine & Gift","175 E California St","Jacksonville","OR","97530","Jackson","www.jacksonvilleinn.com","5418991137","5418991373","Jerry Evans","President","Mal","21244000","94","592103","Wines-Retail","4","0","1"
"147007","Triple A Rv Ctr","JerryWeston@triplearv.com","938 Chevy Way","5416082133","5417721938","556103","Recreational Vehicles","NULL"," Email <---> Revenue ","276704","Triple A Rv Ctr","938 Chevy Way","Medford","OR","97504","Jackson","www.triplearv.com","5417721938","5416082133","Jerry Weston","Owner","Mal","24084000","54","556103","Recreational","4","0","1"
"32929","Brotherton Pipeline Inc","Jim.Brotherton@vplinc.com","1734 Austin Rd","NULL","5416794995","162301","Pipe Line Contractors","NULL"," Email <---> Revenue ","47955","Brotherton Pipeline Inc","1734 Austin Rd","Roseburg","OR","97470","Douglas","","5416794995","","Jim Brotherton","Owner","Mal","11690000","70","162301","Pipe Line Co","4","0","1"
"126327","ICW","Jim@icwdental.com","1487 Kingsley Dr","5416082797","5416082824","573404","Computer Furniture","NULL"," Email <---> Revenue ","135560","ICW","1487 Kingsley Dr","Medford","OR","97504","Jackson","","5416082824","5416082797","Jim Hunter","Owner","Mal","14480000","40","573404","Computer Fur","4","0","1"
"70092","Summit Sportswear","jim_ziegler@amcolor.com","1460 McDonald St NE","5035877890","5035877887","2759","Commercial Printing","NEC (flexographic printing)"," Email <---> Revenue ","262918","Summit Sportswear","1460 Mcdonald St NE","Salem","OR","97303","Marion","","5035877887","5033935254","","","","16912000","112","239902","Sewing Contr","4","0","1"
"51764","Oaks Skating Rink","Joe_Norling@oakspark.com","SE Spokane St","5032369143","5032365722","799901","Skating Rinks","NULL"," Email <---> Revenue ","198769","Oaks Skating Rink","SE Spokane St","Portland","OR","97202","Multnomah","www.oakspark.com","5032365722","5032369143","Joe Norling","CEO","Mal","21000000","250","799901","Skating Rink","4","0","1"
"3138","Pine Crest Fabrics","JohnS@pcfinc.com","6015 NE 80th Ave","5032545510","5032541353","513119","Fabrics-Wholesale","NULL"," Email <---> Revenue ","215501","Pine Crest Fabrics","6015 NE 80th Ave","Portland","OR","97218","Multnomah","www.pcfinc.com","5032541353","5032545510","John Sheils","Owner","Mal","13560000","20","513119","Fabrics-Whol","4","0","1"
"131932","H R Mountain Sun","julie@hrmtnsun.com","1936 12th St # 100","5413867351","5413867391","514102","Food Brokers","www.hrmtnsun.com"," Email <---> Revenue ","123328","H R Mountain Sun","1936 12th St # 100","Hood River","OR","97031","Hood River","www.hrmtnsun.com","5413867391","5413867351","Ron Wherry","Owner","Mal","10233000","9","514102","Food Brokers","4","0","1"
"44898","J C Market","JV@jcmarkets.com","107 N Coast Hwy","5412656642","5412656641","541105","Grocers-Retail","NULL"," Email <---> Revenue ","140396","J C Market","107 N Coast Hwy","Newport","OR","97365","Lincoln","www.jcmarkets.com","5412656641","5412656642","James Vickers","Owner","Mal","18200000","100","541105","Grocers-Reta","4","0","1"
"81837","Trask Brewery & Public House","J_Ingebrand@traskbrewing.com","527 NE 3rd St","5034352148","5034352382","208201","Brewers","NULL"," Email <---> Revenue ","275613","Trask Brewery & Public House","527 NE 3rd St","Mcminnville","OR","97128","Yamhill","www.traskbrewing.com","5034352382","5034352148","Jeff Ingebrand","Owner","Mal","20790000","30","208201","Brewers","4","0","1"
"129544","Kal Kustom","K.Karl@reinellboats.com","PO Box 3668","5033714750","5033718561","373298","Boat Part-Used & Rebuilt","NULL"," Email <---> Revenue ","151825","Kal Kustom","3220 Pringle Rd SE","Salem","OR","97302","Marion","www.reinellboats.com","5033718561","5033714750","Karl Koster","Owner","Mal","16500000","100","373298","Boat Part-Us","4","0","1"
"150578","Western Tool Supply","KevinKiker@westtool.com","2315 25th St SE","5035888225","5035888222","507213","Tools (Wholesale)","NULL"," Email <---> Revenue ","291918","Western Tool Supply","2315 25th St SE","Salem","OR","97302","Marion","www.westerntool.com","5035888222","5035888225","Kevin Kiker","CEO","Mal","21300000","0","507213","Tools (Whole","4","0","1"
"64949","Pennington Crossarm Co","kris@pacinfo.com","2701 W 1st Ave","5413437843","5413436968","242101","Lumber-Manufacturers","www.penningtoncrossarm.com"," Email <---> Revenue ","212727","Pennington Crossarm Co","2701 W 1st Ave","Eugene","OR","97402","Lane","www.penningtoncrossarm.com","5413436968","5413437843","Karl Hallstrom","Owner","Mal","16080000","60","242101","Lumber-Manuf","4","0","1"
"136281","Crate & Barrel","Kristin@crateandbarrel.com","7267 SW Bridgeport Rd","5035989032","5035989005","571216","Furniture-Dealers-Retail","NULL"," Email <---> Revenue ","75244","Crate & Barrel","7267 SW Bridgeport Rd","Tigard","OR","97224","Washington","www.crateandbarrel.com","5035989005","5035989032","Kristin Hughes","President","Fem","20200000","101","571216","Furniture-De","4","0","1"
"128736","Destination Wilderness","K_Streater@wildernesstrips.com","PO Box 1965","5415491297","5415491336","555111","Rafts-Dealers","NULL"," Email <---> Revenue ","86139","Destination Wilderness","101 W Main Ave","Sisters","OR","97759","Deschutes","www.wildernesstrips.com","5415491336","5415491297","Ken Streater","Owner","Mal","13280000","40","555111","Rafts-Dealer","4","0","1"
"58413","International Door & Latch","L-B@internationaldoor.com","PO Box 25755","5416864166","5416865647","503119","Doors-Wholesale","NULL"," Email <---> Revenue ","138718","International Door & Latch","191 Seneca Rd","Eugene","OR","97402","Lane","www.internationaldoor.com","5416865647","5416864166","Larry Barnes","Owner","Mal","14120000","20","503119","Doors-Wholes","4","0","1"
"7303","Alpha Fst","Lowder@futuresmarttechnologies.com","10324 NE Halsey St","5032513886","5032554644","506324","Burglar Alarm Systems (Wholesale)","NULL"," Email <---> Revenue ","21938","Alpha Fst","10324 NE Halsey St","Portland","OR","97220","Multnomah","www.futuresmarttechnologies.com","5032554644","5032513886","Poncho Lowder","Owner","","16450000","25","506324","Burglar Alar","4","0","1"
"117757","Koldkist-Beverage Ice","LPorcelli@koldkist.com","909 N Columbia Blvd","5032833904","5032852800","209701","Ice-Manufacturers","NULL"," Email <---> Revenue ","157456","Koldkist-Beverage Ice","909 N Columbia Blvd","Portland","OR","97217","Multnomah","www.koldkist.com","5032852800","5032833904","Lee F Porcelli","President","Mal","10700000","100","209701","Ice-Manufact","4","0","1"
"101732","ISSCO Hydraulics","LyonsJ@industrialsteel.net","526 Virginia Ave","NULL","5417561157","508520","Hydraulic Equipment & Supplies (Whol)","NULL"," Email <---> Revenue ","135732","ISSCO Hydraulics","526 Virginia Ave","North Bend","OR","97459","Coos","www.industrialsteel.net","5417561157","","Jim Lyons","Owner","Mal","10830000","19","508520","Hydraulic Eq","4","0","1"
"147928","Precision Countertops","MarcusN@precisioncountertops.com","PO Box 1265","5036911081","5036926660","571213","Counter Tops","NULL"," Email <---> Revenue ","219753","Precision Countertops","8490 SW Warm Springs St","Tualatin","OR","97062","Washington","www.precisioncountertops.com","5036926660","5036911081","Marcus Neff","Owner","Mal","18000000","90","571213","Counter Tops","4","0","1"
"141183","Electromatic","MayhewF@electromatic.com","1822 NE Grand Ave","5032871789","5032827751","573103","Television & Radio-Dealers","NULL"," Email <---> Revenue ","96446","Electromatic","1822 NE Grand Ave","Portland","OR","97212","Multnomah","","5032827751","5032871789","Fred Mayhew","Owner","Mal","12100000","50","573103","Television &","4","0","1"
"127164","Entre Prises USA","Meade@epusa.com","20512 Nels Anderson Pl # 1","5413883248","5413885463","394923","Sporting Goods-Manufacturers","NULL"," Email <---> Revenue ","98722","Entre Prises USA","20512 Nels Anderson Pl # 1","Bend","OR","97701","Deschutes","www.epusa.com","5413885463","5413883248","Eric Meade","President","Mal","11880000","60","394923","Sporting & A","4","0","1"
"137886","Portfolio Financial Svc Co","meryl@radiance-capital.com","2121 SW Broadway # 200","5032740439","5032281245","735933","Leasing Service","www.pfsc.com"," Email <---> Revenue ","217846","Portfolio Financial Svc Co","2121 SW Broadway # 200","Portland","OR","97201","Multnomah","www.pfsc.com","5032281245","5032740439","Jerry Hudspeth","CEO","Mal","21960000","120","735933","Leasing Serv","4","0","1"
"68949","Triple T Studs","MikeHorner@tonkon.com","PO Box 69","5413674756","5413674969","242102","Sawmills","NULL"," Email <---> Revenue ","276796","Triple T Studs","PO Box 69","Sweet Home","OR","97386","Linn","","5413674969","5413674756","Mike Horner","Owner","Mal","13400000","50","242102","Sawmills","4","0","1"
"130319","Herbert Lumber Co","milton.herbert@herbertlumber.com","656 Riddle By Pass Rd","5418742123","5418742236","242198","Sawmills & Planing Mills-General","NULL"," Email <---> Revenue ","128859","Herbert Lumber Co","656 Riddle By Pass Rd","Riddle","OR","97469","Douglas","www.herbertlumber.com","5418742236","5418742123","Milton Herbert","Owner","Mal","10452000","39","242198","Sawmills & P","4","0","1"
"5197","G M Nameplate Inc","mkoons@gmnameplate.com","13725 SW Millikan Way","5033502995","5036460444","308901","Mold Makers","NULL"," Email <---> Revenue ","112584","G M Nameplate Inc","13725 SW Millikan Way","Beaverton","OR","97005","Washington","www.gmnameplate.com","5036460444","5033502995","Dan Thurmond","Owner","Mal","16400000","100","308901","Plastics-Mol","4","0","1"
"94462","Kmart","nell@kmart.com","13750 SE Johnson Rd","6083567888","5036596773","531102","Department Stores","www.kmart.com"," Email <---> Revenue ","156914","Kmart","13750 SE Johnson Rd","Milwaukie","OR","97222","Clackamas","www.kmart.com","5036596773","5035130756","Rob South","Manager","Mal","10692000","66","531102","Department S","4","1","1"
"143029","Rubber & Plastic Inc","newsletter@conveyorbelt.com","1313 NE Lombard Pl","5032898920","5032897720","508410","Conveyors & Conveying Equipment (Whol)","www.conveyorbelt.com"," Email <---> Revenue ","238759","Rubber & Plastic Inc","1313 NE Lombard Pl","Portland","OR","97211","Multnomah","www.conveyorbelt.com","5032897720","5032898920","Ron Roalsen","President","Mal","10880000","20","508410","Conveyors & ","4","0","1"
"106233","Consumers Power Co","olga@corecomm.us","6990 W Hills Rd","5419298673","5419293124","491101","Electric Companies","www.cpi.coop"," Email <---> Revenue ","71628","Consumers Power Co","6990 W Hills Rd","Philomath","OR","97370","Benton","www.cpi.coop","5419293124","5419298673","John Mayse","President","Mal","20700000","80","491101","Electric Com","4","0","1"
"76646","Koval Marketing & Assoc","omniman@theomnivision.com","14200 SE 98th Ct","5036539683","5036539650","509908","Manufacturers-Agents & Representatives","www.kovalmarketing.com"," Email <---> Revenue ","157687","Koval Marketing & Assoc","14200 SE 98th Ct","Clackamas","OR","97015","Clackamas","www.kovalmarketing.com","5036539650","5036539683","Dawn Kleser","VP","Fem","14160000","15","509908","Manufacturer","4","0","1"
"110970","Multi-Tek","Overpeck-John@multi-tek.com","PO Box 1230","5036189688","5036612211","505101","Wire & Cable-Non-Electric (Wholesale)","NULL"," Email <---> Revenue ","188615","Multi-Tek","21640 SE Stark St","Gresham","OR","97030","Multnomah","www.multi-tek.com","5036612211","5036189688","John Overpeck","Owner","Mal","15705000","15","505101","Wire & Cable","4","0","1"
"101051","Best Tel","P.Dinnis@besttel.com","1150 Knutson Ave # 10","5418424329","5418421000","506563","Telecommunication Equip/Syst-Whol/Mfrs","NULL"," Email <---> Revenue ","39740","Best Tel","1150 Knutson Ave # 10","Medford","OR","97504","Jackson","","5418421000","5418424329","Dinnis Poulin","Owner","Mal","15150000","15","506563","Telecommunic","4","0","1"
"117801","F V Martin Trucking Co","pam@fvmartin.com","2325 Merry Ln","5418266271","5418266014","421307","Trucking-Heavy Hauling","www.fvmartin.com"," Email <---> Revenue ","102088","F V Martin Trucking Co","2325 Merry Ln","White City","OR","97503","Jackson","www.fvmartin.com","5418266014","5418266271","F V Martin","Owner","Mal","12080000","80","421307","Trucking-Hea","4","0","1"
"130376","Horizon Restoration","Patrick@horizonrestoration.com","7301 SW Kable Ln # 100","5036240523","5036202215","152114","Fire Damage Restoration","NULL"," Email <---> Revenue ","133374","Horizon Restoration","7301 SW Kable Ln # 100","Portland","OR","97224","Washington","www.horizonrestoration.com","5036202215","5036240523","Patrick Powell","President","Mal","16520000","70","152114","Fire Damage ","4","0","1"
"26071","Abbottsfield Industrial Trnng","PeterIlica@abbottsfield.com","10157 SW Barbur Blvd # C200","NULL","5032440183","874802","Training Consultants","NULL"," Email <---> Revenue ","13989","Abbottsfield Industrial Trnng","10157 SW Barbur Blvd # C200","Portland","OR","97219","Multnomah","www.abbottsfield.com","5032440183","","Peter Ilica","Owner","Mal","16875000","75","874802","Training Con","4","0","1"
"72711","Portland Millwork Inc","portlandmillwork@portlandmillwork.com","10280 SW Spokane Ct","5036129099","5036126828","503102","Windows-Wholesale","www.portlandmillwork.com"," Email <---> Revenue ","218409","Portland Millwork Inc","10280 SW Spokane Ct","Tualatin","OR","97062","Washington","www.portlandmillwork.com","5036126828","5036129099","Jim Kehoe","Owner","Mal","14826000","21","503102","Windows-Whol","4","0","1"
"57505","Paramount Graphics Inc","president@paramountgraphics.com","11000 SW 11th St # 400","5035201843","5036417771","275202","Printers","www.paramountgraphics.com"," Email <---> Revenue ","209727","Paramount Graphics Inc","11000 SW 11th St # 400","Beaverton","OR","97005","Washington","www.paramountgraphics.com","5036417771","5035201843","Robert Wilks","President","Mal","22800000","150","275202","Printers","4","0","1"
"85883","Marion AG Svc","R-Hockett@marionag.com","7746 St Paul Hwy NE","NULL","5036334561","503222","Lime & Limestone-Wholesale","NULL"," Email <---> Revenue ","173684","Marion AG Svc","7746 St Paul Hwy NE","St Paul","OR","97137","Marion","www.marionag.com","5036334561","","Robert Hockett","Owner","Mal","14400000","30","503222","Lime & Limes","4","0","1"
"2812","ACT Cascades","R.John@act-cascades.com","204 SE Miller Ave","5413883643","5413883904","504506","Data Communications Equip/Systems (Whol)","NULL"," Email <---> Revenue ","12962","ACT Cascades","204 SE Miller Ave","Bend","OR","97702","Deschutes","","5413883904","5413883643","John Runnels","Owner","Mal","11661000","13","504506","Data Communi","4","0","1"
"138478","Aero Air Trey Mc Williams","Ralston@aeroair.com","2050 NE 25th Ave","5036816513","5036403711","735939","Aircraft Charter Rental & Leasing Svc","NULL"," Email <---> Revenue ","17354","Aero Air Trey Mc Williams","2050 NE 25th Ave","Hillsboro","OR","97124","Washington","www.aeroair.com","5036403711","5036816513","Swede Ralston","President","Mal","12500000","100","735939","Aircraft Cha","4","0","1"
"135303","Laurelwood Public House","randy@laurelwoodbrewpub.com","1728 NE 40th Ave","5032824280","5032820622","208201","Brewers","www.laurelwoodbrewpub.com"," Email <---> Revenue ","161923","Laurelwood Public House","1728 NE 40th Ave","Portland","OR","97212","Multnomah","www.laurelwoodbrewpub.com","5032820622","5032824280","Michael De Kalb","Owner","Mal","20790000","30","208201","Brewers","4","0","1"
"150524","Chemcentral/Portland","rdgoodwin@chemcentral.com","10821 N Lombard St","5104712983","5032862619","516916","Chemicals (Wholesale)","www.chemcentral.com"," Email <---> Revenue ","61115","Chemcentral/Portland","10821 N Lombard St","Portland","OR","97203","Multnomah","www.chemcentral.com","5032862619","5032864580","Bill Chels","Manager","Mal","12012000","12","516916","Chemicals (W","4","0","1"
"67880","J R Racing","ReppRandy@royalpurpleoil.com","3925 Redwood Ave","NULL","5414744636","517214","Oils-Lubricating-Wholesale","NULL"," Email <---> Revenue ","141018","J R Racing","3925 Redwood Ave","Grants Pass","OR","97527","Josephine","www.royalpurpleoil.com","5414744636","","Randy Repp","Owner","Mal","10062000","3","517214","Oils-Lubrica","4","0","1"
"48230","Viewpoint Construction Softwre","resumes@viewpointcs.com","15350 SW Sequoia Pkwy # 250","5036841972","5036844848","737108","Computer-Software Developers","www.viewpointcs.com"," Email <---> Revenue ","284916","Viewpoint Construction Softwre","15350 SW Sequoia Pkwy # 250","Portland","OR","97224","Washington","www.viewpointcs.com","5036844848","5036841972","Myrna Hostetler","President","Fem","12246000","78","737108","Computer-Sof","4","0","1"
"145352","Saddle Mountain Meats","Risch@jerkyhut.com","PO Box 441","5039817692","5039817191","514704","Meat-Wholesale","NULL"," Email <---> Revenue ","240618","Saddle Mountain Meats","2980 E St","Hubbard","OR","97032","Marion","www.jerkyhut.com","5039817191","5039817692","Stephen Risch","President","Mal","14168000","11","514704","Meat-Wholesa","4","0","1"
"83718","Sonitrol","Robert@sonitrolhfd.com","4461 Fish Hatchery Rd","NULL","5414764672","506304","Security Control Equip & Systems-Whol","NULL"," Email <---> Revenue ","253781","Sonitrol","4461 Fish Hatchery Rd","Grants Pass","OR","97527","Josephine","","5414764672","","Robert Duncan","President","Mal","13160000","20","506304","Security Con","4","0","1"
"61780","Robert Lloyd Sheet Metal","RobertLloyd@rlsm.net","PO Box 307","5038383964","5035811119","171117","Air Conditioning Contractors & Systems","NULL"," Email <---> Revenue ","234431","Robert Lloyd Sheet Metal","4485 Independence Hwy","Independence","OR","97351","Polk","","5035811119","5038383964","Robert Lloyd","Owner","Mal","13870000","95","171117","Air Conditio","4","0","1"
"65202","Mastercraft Furniture","Rod@pomerantz.com","10075 SW Commerce Cir","5036820647","5036820583","259901","Furniture-Manufacturers","NULL"," Email <---> Revenue ","175977","Mastercraft Furniture","10075 SW Commerce Cir","Wilsonville","OR","97070","Clackamas","","5036820583","5036820647","Rod Livesay","Owner","Mal","18240000","120","259901","Furniture-Ma","4","0","1"
"74783","Jack Howk Plumbing & Drain","ron.pierce@jackhowk.com","1075 W Historic Columbia River","5034912932","5032358784","769902","Plumbing Drain & Sewer Cleaning","NULL"," Email <---> Revenue ","141856","Jack Howk Plumbing & Drain","1075 W Historic Columbia River","Troutdale","OR","97060","Multnomah","www.jackhowk.com","5032358784","5034912932","Guy Wolcott","Owner","Mal","12200000","100","769902","Plumbing Dra","4","0","1"
"95155","Rose's Equipment & Supply","RoseT@rosesequipment.com","207 SE Clay St","5032355383","5032337450","504604","Restaurant Equipment & Supplies (Whol)","NULL"," Email <---> Revenue ","237595","Rose's Equipment & Supply","207 SE Clay St","Portland","OR","97214","Multnomah","www.rosesequipment.com","5032337450","5032355383","Tom Rose","Owner","Mal","11542000","29","504604","Restaurant E","4","0","1"
"34894","Corporate Express","S-S@corporateexpress.com","13909 NE Airport Way","5037316200","5032394404","594301","Office Supplies","NULL"," Email <---> Revenue ","72943","Corporate Express","13909 NE Airport Way","Portland","OR","97230","Multnomah","www.corporateexpress.com","5032394404","5037316200","Steve Stadell","President","Mal","18150000","150","594301","Office Suppl","4","0","1"
"110331","Earth 20","SEmery@earth20.com","PO Box 70","5415463468","5415462464","208601","Bottlers","NULL"," Email <---> Revenue ","93695","Earth 20","220 W 7th St","Culver","OR","97734","Jefferson","www.earth20.com","5415462464","5415463468","Steve Emery","Owner","Mal","13962000","26","208601","Bottlers","4","0","1"
"147102","Kenco Foodservice Inc","shewgley@kencofoodservice.com","5558 SE International Way","5036521180","5036525203","738999","Business Services Nec","KENCOFOODSERVICE.COM"," Email <---> Revenue ","69143","Columbia Pacific Brokerage","11165 SE 23rd Ave","Milwaukie","OR","97222","Clackamas","","5036521180","5036525203","Ken Lance","President","Mal","12507000","11","514102","Food Brokers","4","0","1"
"86082","Promotional Products","Stephen@ppinc.com","11601 SE Foster Rd","5037623780","5032340901","731901","Display Designers & Producers","NULL"," Email <---> Revenue ","222096","Promotional Products","11601 SE Foster Rd","Portland","OR","97266","Multnomah","www.ppinc.com","5032340901","5037623780","Stephen Green","President","Mal","10300000","100","731901","Display Desi","4","0","1"
"144834","Blooming Nursery","steve@bloomingnursery.com","3839 SW Golf Course Rd","5033572932","5033572904","519306","Nurseries-Plants Trees & Etc-Wholesale","www.bloomingnursery.com"," Email <---> Revenue ","43081","Blooming Nursery","3839 SW Golf Course Rd","Cornelius","OR","97113","Washington","www.bloomingnursery.com","5033572904","5033572932","Grace Dinsdale","Owner","Fem","13140000","60","519306","Nurseries-Pl","4","0","1"
"42663","Piazza Pizza","Steve@piazzapizza.com","15815 SE Piazza","5036571784","5036573123","203803","Pizza Products-Manufacturers","NULL"," Email <---> Revenue ","215079","Piazza Pizza","15815 SE Piazza","Clackamas","OR","97015","Clackamas","www.piazzapizza.com","5036573123","5036571784","Steve Piazza","Owner","Mal","15235000","55","203803","Pizza Produc","4","0","1"
"110462","Sunrise Enterprises","S_Gardner@stoneforestorchids.com","1950 NW Mulholland Dr","5416730459","5416730195","249902","Wood Products-Manufacturers","NULL"," Email <---> Revenue ","263602","Sunrise Enterprises","1950 NW Mulholland Dr","Roseburg","OR","97470","Douglas","","5416730195","5416730459","Sam Gardner","President","Mal","19305000","165","249902","Wood Product","4","0","1"
"36270","Dayton Meat Co","Ted.Morris@aamp.com","13245 SE Fletcher Rd","5038642900","5038642237","201101","Meat Packers","NULL"," Email <---> Revenue ","83417","Dayton Meat Co","13245 SE Fletcher Rd","Dayton","OR","97114","Yamhill","","5038642237","5038642900","Theodore Morris","Owner","Mal","18962000","38","201101","Meat Packers","4","0","1"
"114961","J Thayer","ThayerJ@supplyrush.com","15802 Upper Boones Ferry Rd","5036840403","5036847874","502112","Office Furniture & Equip-Dealers (Whol)","NULL"," Email <---> Revenue ","3819","J Thayer","15802 Upper Boones Ferry Rd","Lake Oswego","OR","97035","Clackamas","www.supplyrush.com","5036847874","5036840403","John Thayer","Owner","Mal","17130000","30","502112","Office Furni","4","0","1"
"130288","Western Foodservice Marketing","tinam@westernfoodservice.net","6552 SE Lake Rd","5036368924","5036368910","514102","Food Brokers","www.westernfoodservice.net"," Email <---> Revenue ","291507","Western Foodservice Marketing","6552 SE Lake Rd","Milwaukie","OR","97222","Clackamas","www.westernfoodservice.net","5036368910","5036368924","Kent Pfeifer","Owner","Mal","22740000","20","514102","Food Brokers","4","0","1"
"8695","Ornelas Enterprises Inc","tino.ornelas@oeiassembly.com","7395 NW Evergreen Pkwy # 150","5036481335","5038449000","506338","Electronic Parts Assemblers (Wholesale)","NULL"," Email <---> Revenue ","204857","Ornelas Enterprises Inc","7395 NW Evergreen Pkwy # 150","Hillsboro","OR","97124","Washington","www.oeiassembly.com","5038449000","5036481335","Tino E Ornelas","CEO","Mal","19740000","30","506338","Electronic P","4","0","1"
"137498","Complete Wireless Solutions","TomGrebner@cwsoregon.com","1245 Washington St SW","5419284221","5419281631","506504","Radio Communication Equip & Systems-Whol","NULL"," Email <---> Revenue ","70537","Complete Wireless Solutions","1245 Washington St SW","Albany","OR","97321","Linn","","5419281631","5419284221","Tom Grebner","Owner","Mal","14140000","14","506504","Radio Commun","4","0","1"
"147237","Poly Vision Corp","uksales@polyvision.com","14523 SW Millikan Way # 130","6785423200","5035232000","357704","Presentation Graphics (Manufacturers)","www.polyvision.com"," Email <---> Revenue ","217364","Poly Vision Corp","14523 SW Millikan Way # 130","Beaverton","OR","97005","Washington","www.polyvision.com","5035232000","5035232020","Dan Hill","Manager","Mal","22560000","60","357704","Presentation","4","0","1"
"132843","Industrial Welding Supply Inc","walter.worden@pmwelding.com","1995 Commercial St NE","5035852883","5035816131","508435","Welding Equipment & Supplies (Wholesale)","NULL"," Email <---> Revenue ","137285","Industrial Welding Supply Inc","1995 Commercial St NE","Salem","OR","97303","Marion","","5035816131","5035852883","Guy Worden","Owner","Mal","13600000","25","508435","Welding Equi","4","0","1"
"124132","Mastertech Inc","wfender@csm.com","303 NW Zobrist St","7208950301","5036303365","506304","Security Control Equip & Systems-Whol","www.csm.com"," Email <---> Revenue ","176021","Mastertech Inc","303 NW Zobrist St","Estacada","OR","97023","Clackamas","www.csm.com","5036303365","5036306630","Rob Millikin","Owner","Mal","16450000","25","506304","Security Con","4","0","1"
"108968","Alpenrose Dairy","wheretobuy-htm@alpenrose.com","6149 SW Shattuck Rd","5034522139","5032441133","202698","Fluid Milk (Manufacturers)","www.alpenrose.com"," Email <---> Revenue ","21873","Alpenrose Dairy","6149 SW Shattuck Rd","Portland","OR","97221","Multnomah","www.alpenrose.com","5032441133","5034522139","Carl Cadanau","Owner","Mal","22055000","200","202698","Fluid Milk (","4","0","1"
"118019","Omni Rail Products Inc","willhite@omnirail.com","825 NE 20th Ave # 130","5032309002","5032308034","374304","Railroad Equipment (Manufacturers)","www.omnirail.com"," Email <---> Revenue ","200436","Omni Rail Products Inc","825 NE 20th Ave # 130","Portland","OR","97232","Multnomah","www.omnirail.com","5032308034","5032309002","William Cook","CEO","Mal","13700000","0","374304","Railroad Equ","4","0","1"
"146277","CROSSMARK","WilliamsN@crossmark.com","9200 SE Sunnybrook Blvd # 250","5036571052","5036570121","514102","Food Brokers","NULL"," Email <---> Revenue ","52094","CROSSMARK","9200 SE Sunnybrook Blvd # 250","Clackamas","OR","97015","Clackamas","www.crossmark.com","5036570121","5036571052","Nathan Williams","President","Mal","21603000","19","514102","Food Brokers","4","0","1"
"81325","Pasco Corporation-America","YukiI@pascoamerica.com","6500 N Marine Dr","5032896556","5032896500","203801","Frozen Food Processors","NULL"," Email <---> Revenue ","210521","Pasco Corporation-America","6500 N Marine Dr","Portland","OR","97203","Multnomah","www.pascoamerica.com","5032896500","5032896556","Yuki Ishimoto","President","Mal","15512000","56","203801","Frozen Food ","4","0","1"
