mail id,company,email,address,phone,fax,sic,sic description,web,,revenue id,company,address,city,state,zip,	metro,web,phone,fax,contact,position,gender,sales,# of employee,sic,sic_descrpiton,	,,
"9078","A-Dec Inc","keith.bearden@a-dec.com","PO Box 111","5035372760","5035389471","384301","Dental Equipment-Manufacturers","NULL"," Email <---> Revenue ","12118","A-Dec Inc","2601 Crestview Dr","Newberg","OR","97132","Yamhill","www.a-dec.com","5035389471","5035372760","George K Austin Jr","CEO","Mal","80000000","900","384301","Dental Equip","6","0","1"
"110658","Jet Heating Inc Maintenance","A.Zeeb@jetheating.com","1935 Silverton Rd NE","5033632622","5033632334","507507","Furnaces-Heating (Wholesale)","NULL"," Email <---> Revenue ","145818","Jet Heating Inc Maintenance","1935 Silverton Rd NE","Salem","OR","97303","Marion","www.jetheating.com","5033632334","5033632622","Aaron Zeeb","Owner","Mal","51000000","100","507507","Furnaces-Hea","6","0","1"
"142097","Smith Frozen Foods","B-Kelly@smithfrozenfoods.com","PO Box 68","5415663707","5415663515","203801","Frozen Food Processors","NULL"," Email <---> Revenue ","252680","Smith Frozen Foods","1 Depot St","Weston","OR","97886","Umatilla","www.smithfrozenfoods.com","5415663515","5415663707","Kelly Brown","President","Mal","57000000","1450","203801","Frozen Food ","6","0","1"
"143520","Digimarc Corp","bartram@itstrategies.com","9405 SW Gemini Dr","5038859699","5038859699","399974","Identification Equip & Supls-Mfrs","www.digimarc.com"," Email <---> Revenue ","87100","Digimarc Corp","9405 SW Gemini Dr","Beaverton","OR","97008","Washington","www.digimarc.com","5038859699","","Bruce Davis","CEO","Mal","85618000","394","399974","Identificati","6","0","1"
"142941","W L May Co","bbrehm@wlmay.com","1120 SE Madison St","9166792476","5032317000","506401","Appliances-Household-Major-Supls (Whol)","www.wlmay.com"," Email <---> Revenue ","286386","W L May Co","1120 SE Madison St","Portland","OR","97214","Multnomah","www.wlmay.com","5032317000","5032393995","George W Thomas","Owner","Mal","70000000","50","506401","Appliances-H","6","0","1"
"105949","Rainsweet Inc","billd@rainsweet.com","740 Bassett St NW","5035854657","5033634293","203801","Frozen Food Processors","www.rainsweet.com"," Email <---> Revenue ","226761","Rainsweet Inc","740 Bassett St NW","Salem","OR","97304","Polk","www.rainsweet.com","5033634293","5035854657","Lynn Mitchell","Plant Mgr","Fem","55400000","200","203801","Frozen Food ","6","0","1"
"87579","Meggitt Silicone Products","bpenn@safetysystem.com","2010 LaFayette Avenue - PO Box 887","8055849639","3105070142","738999","Business Services Nec","ESP-ELASTOMERIC.COM^^MEGGITTSAFETY.COM^^MEGGITTSILICONE.COM^^MSP-ELASTOMERIC.COM^^MSPAEROSPACE.COM^^"," Email <---> Revenue ","179402","Meggitt Silicone Products","2010 NE Lafayette Ave","Mcminnville","OR","97128","Yamhill","www.meggittsilicone.com","5034720045","5034346454","Dan Rader","President","Mal","85930000","130","282201","Rubber-Synth","6","0","1"
"85812","Market Logistics","Brian@mkt-log.com","110 N Marine Dr","5032898453","5032832405","421309","Trucking-Motor Freight","NULL"," Email <---> Revenue ","174378","Market Logistics","110 N Marine Dr","Portland","OR","97217","Multnomah","","5032832405","5032898453","Brian Fitzgerald","CEO","Mal","64175000","425","421309","Trucking-Mot","6","0","1"
"137980","Owens-Illinois Glass Container","closures@o-i.com","9710 NE Glass Plant Rd","5404342873","5032547331","321101","Glass-Manufacturers","www.o-i.com"," Email <---> Revenue ","205764","Owens-Illinois Glass Container","9710 NE Glass Plant Rd","Portland","OR","97220","Multnomah","www.o-i.com","5032547331","5032519484","Lou Broline","Plant Mgr","Mal","63000000","200","321101","Glass-Manufa","6","0","1"
"79152","Tillamook Country Smoker","Crawford@tillamookjerky.com","PO Box 3120","5033772746","5033772222","201398","Sausages/Other Prepared Meat Prod (Mfrs)","NULL"," Email <---> Revenue ","272047","Tillamook Country Smoker","8250 Warren St","Bay City","OR","97107","Tillamook","","5033772222","5033772746","Crawford Smith","President","Mal","71400000","200","201398","Sausages/Oth","6","0","1"
"127650","Ntp Distribution","crs@ntpdistribution.com","9750 SW Hillman Ct","5035705433","5035700171","501356","Trailers-Equipment & Parts-Wholesale","www.ntp-distribution.com"," Email <---> Revenue ","197569","Ntp Distribution","9750 SW Hillman Ct","Wilsonville","OR","97070","Clackamas","www.ntp-distribution.com","5035700171","5035705433","Bob Morter","CEO","Mal","89600000","200","501356","Trailers-Equ","6","0","1"
"62531","Portland French Bakery","david.nickila@portlandfrench.com","6840 N Marine Dr","5032830147","503-283-3831","2051","Bread and Other Bakery Products","Except Cookies and Crackers"," Email <---> Revenue ","218218","Portland French Bakery","6840 N Marine Dr","Portland","OR","97203","Multnomah","www.portlandfrench.com","5032833831","5032830147","David Nickila","President","Mal","75960000","90","514902","Bakers-Whole","6","0","1"
"69969","Oregon Cherry Growers Inc","dprouse@oregoncherries.com","1520 Woodrow St NE","5035857710","5033648421","203302","Canning (Manufacturers)","NULL"," Email <---> Revenue ","201938","Oregon Cherry Growers Inc","1520 Woodrow St NE","Salem","OR","97303","Marion","www.oregoncherries.com","5033648421","5035857710","Edward Johnson","CEO","Mal","60150000","150","203302","Canning (Man","6","0","1"
"144213","Simplexgrinnell","dquick@tycoint.com","6305 Rosewood St","2627813573","5036839000","506304","Security Control Equip & Systems-Whol","www.simplexgrinnell.com"," Email <---> Revenue ","7324","Simplexgrinnell","6305 Rosewood St","Lake Oswego","OR","97035","Clackamas","www.simplexgrinnell.com","5036839000","5036756521","Jack White","Manager","Mal","61194000","93","506304","Security Con","6","0","1"
"128854","Cascade General Inc","frank.foti@casgen.com","5555 N Channel Ave","5032471686","5032851111","373101","Ship Builders & Repairers","NULL"," Email <---> Revenue ","56436","Cascade General Inc","5555 N Channel Ave","Portland","OR","97217","Multnomah","www.casgen.com","5032851111","5032471686","Frank Foti","President","Mal","60350000","425","373101","Ship Builder","6","0","1"
"112329","Mount Hood Meadows Ski Resort","FranklinD@skihood.com","PO Box 470","5033372232","5033372222","701111","Resorts","NULL"," Email <---> Revenue ","187087","Mount Hood Meadows Ski Resort","Highway 35","Mt Hood Parkdale","OR","97041","Hood River","www.skihood.com","5033372222","5033372232","Franklin Drake","Owner","Mal","52500000","700","701111","Resorts","6","1","1"
"17897","Smoke Craft Inc","fundraising@oberto.com","850 30th Ave SW","5419678710","5419268831","201398","Sausages/Other Prepared Meat Prod (Mfrs)","www.oberto.com"," Email <---> Revenue ","252845","Smoke Craft Inc","850 30th Ave SW","Albany","OR","97322","Linn","www.oberto.com","5419268831","5419678710","Leon Pitzer","Executive Director","Mal","89250000","250","201398","Sausages/Oth","6","0","1"
"71765","Allied Systems Co","howard.brune@alliedsystemsco.com","21433 SW Oregon St","5036255132","5036256068","353698","Overhead Traveling Cranes Hoists (Mfrs)","NULL"," Email <---> Revenue ","21231","Allied Systems Co","21433 SW Oregon St","Sherwood","OR","97140","Washington","www.alliedsystems.com","5036256068","5036255132","Lew Rink","President","Mal","52000000","340","353698","Overhead Tra","6","0","1"
"103521","ENTEK International","JamesYoung@entegrafastener.com","PO Box 127","5412593932","5412593901","355909","Special Industry Machinery Nec (Mfrs)","NULL"," Email <---> Revenue ","93093","ENTEK International","250 Hansard Ave","Lebanon","OR","97355","Linn","www.entek.com","5412593901","5412593932","James Young","President","Mal","56700000","300","355909","Special Indu","6","0","1"
"2187","ESP Technologies","Kevin-Doherty@esptek.com","7929 SW Burns Way # F","5036822781","5036824195","506563","Telecommunication Equip/Syst-Whol/Mfrs","NULL"," Email <---> Revenue ","93157","ESP Technologies","7929 SW Burns Way # F","Wilsonville","OR","97070","Clackamas","www.esptek.com","5036824195","5036822781","Kevin Doherty","President","Mal","60600000","60","506563","Telecommunic","6","0","1"
"29396","Hurst's Berry Farm","Mark-Hurst@hursts-berry.com","23301 SW Mckibben Rd","5038434120","5038433185","019101","FARMS","NULL"," Email <---> Revenue ","134965","Hurst's Berry Farm","23301 SW Mckibben Rd","Sheridan","OR","97378","Yamhill","","5038433185","5038434120","Mark Hurst","President","Mal","53400000","300","19101","Farms","6","0","1"
"25885","Kahler-Senders Group;  Inc","markd@kahler-senders.com","523 SE 9th Ave","5032367363","null","8999","Services NEC","KAHLER-SENDERS.COM"," Email <---> Revenue ","151721","Kahler-Senders Inc","523 SE 9th Ave","Portland","OR","97214","Multnomah","www.kahler-senders.com","5032367363","5032398040","Robert Senders","Manager","Mal","51165000","45","514102","Food Brokers","6","0","1"
"150773","Morse Brothers Inc","morsebros@proaxis.com","23505 Peoria Rd","5416896605","5419956327","503201","Marble-Cultured (Wholesale)","www.morsebros.com"," Email <---> Revenue ","186545","Morse Brothers Inc","23505 Peoria Rd","Harrisburg","OR","97446","Linn","www.morsebros.com","5419956327","5419959447","Loren Later","Plant Mgr","Mal","57600000","120","503201","Marble-Cultu","6","0","1"
"137082","Paul Jackson Wholesale Co Inc","patf@pjwholesale.com","1308 NW Park St","5414403732","5416727771","514105","Grocers-Wholesale","www.pjwholesale.com"," Email <---> Revenue ","211279","Paul Jackson Wholesale Co Inc","1308 NW Park St","Roseburg","OR","97470","Douglas","www.pjwholesale.com","5416727771","5414403732","Toby Notenboom","President","Mal","68220000","60","514105","Grocers-Whol","6","0","1"
"146957","Warm Springs Forest Products","Ralph@warmsprings.com","PO Box 810","5415531561","5415531148","242101","Lumber-Manufacturers","NULL"," Email <---> Revenue ","287801","Warm Springs Forest Products","Highway 26 # 3270","Warm Springs","OR","97761","Jefferson","","5415531148","5415531561","Ralph Minnick","President","Mal","61700000","131","242101","Lumber-Manuf","6","0","1"
"133343","Oregon Trail Mushroom Farm","rollycool@fmtc.com","PO Box 400","5414733103","null","019101","FARMS","OTMFRESH.COM"," Email <---> Revenue ","204148","Oregon Trail Mushrooms","1000 Washington St E","Vale","OR","97918","Malheur","","5414733103","5414733251","Baljet Nanda","Manager","Mal","93670000","170","514805","Fruits & Veg","6","2","1"
"114561","Nash Manufacturing","RonN@nashmfg.com","PO Box 3359","5419626217","5419626274","379202","Trailers-Camping & Travel-Manufacturers","NULL"," Email <---> Revenue ","5674","Nash Manufacturing","59948 Downs Rd","La Grande","OR","97850","Union","www.nashtraveltrailers.com","5419626274","5419626217","Ron Nash","Owner","Mal","79600000","400","379202","Trailers-Cam","6","0","1"
"111444","LDR Intenational","R_J@ldr.com","12021 NE Airport Way","5032556795","5032555800","508442","Printing Equipment (Wholesale)","NULL"," Email <---> Revenue ","159142","LDR Intenational","12021 NE Airport Way","Portland","OR","97220","Multnomah","www.ldr.com","5032555800","5032556795","Ralph Johnson","President","Mal","75000000","15","508442","Printing Equ","6","0","1"
"123323","Evanite Fiber Corp","superfiber@evanite.com","1115 SE Crystal Lake Dr","5417530388","5417531211","308101","Polyethylene Materials & Prods (Mfrs)","www.evanite.com"," Email <---> Revenue ","100589","Evanite Fiber Corp","1115 SE Crystal Lake Dr","Corvallis","OR","97333","Benton","www.evanite.com","5417531211","5417530388","Frank Trombetta","President","Mal","66200000","200","308101","Polyethylene","6","0","1"
"143263","Coe Manufacturing Co","training@coenm.com","7930 SW Hunziker St","5036847570","5036393121","353101","Machinery-Manufacturers","www.coemfg.com"," Email <---> Revenue ","67739","Coe Manufacturing Co","7930 SW Hunziker St","Portland","OR","97223","Washington","www.coemfg.com","5036393121","5036847570","Clair Ueltschi","Plant Mgr","Mal","71800000","200","353101","Machinery-Ma","6","0","1"
"93697","Entek Manufacturing Inc","vearl.collins@entek-mfg.com","250 Hansard Ave","5412598018","5412591068","509908","Manufacturers-Agents & Representatives","NULL"," Email <---> Revenue ","98568","Entek Manufacturing Inc","250 Hansard Ave","Lebanon","OR","97355","Linn","www.entek-mfg.com","5412591068","5412598018","Larry Keith","President","Mal","80240000","85","509908","Manufacturer","6","0","1"
"134912","Widmer Brothers Brewing Co","webmail@widmer.com","929 N Russell St","5032811496","5032812437","208201","Brewers","www.widmer.com"," Email <---> Revenue ","293328","Widmer Brothers Brewing Co","929 N Russell St","Portland","OR","97227","Multnomah","www.widmer.com","5032812437","5032811496","Kurt Widmer","President","Mal","90090000","130","208201","Brewers","6","0","1"
"55341","Advanced Power Technology Inc","webqueen@advancedpower.com","405 SW Columbia St","4089868120","5413828028","367401","Semiconductor Devices (Manufacturers)","www.ghz.com"," Email <---> Revenue ","16935","Advanced Power Technology Inc","405 SW Columbia St","Bend","OR","97702","Deschutes","www.advancedpower.com","5413828028","5413891241","Patrick P H Sireta","CEO","Mal","67837000","277","367401","Semiconducto","6","0","1"
"130141","Arrow Electronics Inc","wmitchell@arrow.com","9500 SW Nimbus Ave # E","5036453318","5036140123","506519","Electronic Equipment & Supplies-Whol","NULL"," Email <---> Revenue ","28198","Arrow Electronics Inc","9500 SW Nimbus Ave # E","Beaverton","OR","97008","Washington","","5036140123","5036453318","Steve Crowley","President","Mal","67670000","67","506519","Electronic E","6","0","1"
