mail id,company,email,address,phone,fax,sic,sic description,web,,revenue id,company,address,city,state,zip,	metro,web,phone,fax,contact,position,gender,sales,# of employee,sic,sic_descrpiton,	,,
"4234","Fred Meyer","Earl-Bliven@fredmeyer.com","11500 SE Highway 212","5036502031","5036502007","531102","Department Stores","NULL"," Email <---> Revenue ","110596","Fred Meyer","11500 SE Highway 212","Clackamas","OR","97015","Clackamas","","5036502007","5036502031","Earl Bliven","President","Mal","49200000","500","531102","Department S","5","1","1"
"142378","Herb Pharm","EdSmith@herb-pharm.com","PO Box 116","5418466112","5418466262","283398","Medicinal Chem/Botanical Prods (Mfrs)","NULL"," Email <---> Revenue ","128757","Herb Pharm","20260 Williams Hwy","Williams","OR","97544","Josephine","www.herb-pharm.com","5418466262","5418466112","Ed Smith","Owner","Mal","28000000","50","283398","Medicinal Ch","5","0","1"
"85327","Micro Power Electronics Inc","powerexpert@micro-power.com","22995 NW Evergreen Pkwy # 101","5036489625","5036937600","384104","Physicians & Surgeons Equip & Supls-Mfrs","www.micro-power.com"," Email <---> Revenue ","181885","Micro Power Electronics Inc","22995 NW Evergreen Pkwy # 101","Hillsboro","OR","97124","Washington","www.micro-power.com","5036937600","5036489625","Greg Love","President","Mal","45024000","201","384104","Physicians &","5","0","1"
"80573","OML Laboratories","Whitehead@omlabs.com","722 E 11th Ave","5413418064","5416872134","807101","Laboratories-Medical","NULL"," Email <---> Revenue ","198308","OML Laboratories","722 E 11th Ave","Eugene","OR","97401","Lane","www.omlabs.com","5416872134","5413418064","Ran Whitehead","CEO","Mal","49350000","350","807101","Laboratories","5","0","1"
"31967","Pacific Coast Fruit Co","acase@pcfruit.com","201 NE 2nd Ave # 100","5037319680","5032346411","514801","Fruits & Vegetables-Wholesale","www.pcfruit.com"," Email <---> Revenue ","206965","Pacific Coast Fruit Co","201 NE 2nd Ave # 100","Portland","OR","97232","Multnomah","www.pcfruit.com","5032346411","5037319680","Emil Nemarnik","Owner","Mal","40000000","301","514801","Fruits & Veg","5","0","1"
"125670","May Trucking Co","bill@maytrucking.com","4185 Brooklake Rd NE","5033937030","null","421304","Trucking","MAYTRUCKING.COM"," Email <---> Revenue ","176643","May Trucking Co","4185 Brooklake Rd NE","Salem","OR","97303","Marion","www.maytrucking.com","5033937030","5033903594","Marvin May","Owner","Mal","30200000","200","421309","Trucking-Mot","5","0","1"
"39640","Answer Page","BillA@answerpage.com","3709 Citation Way","5418584441","5417733838","506505","Radio Paging/Signaling Eqpt Systs (Whol)","NULL"," Email <---> Revenue ","26060","Answer Page","3709 Citation Way","Medford","OR","97504","Jackson","www.answerpage.com","5417733838","5418584441","Bill Anderberg","Owner","Mal","40400000","40","506505","Radio Paging","5","0","1"
"103250","Signature Graphics","Brian@signaturegraph.net","15040 NE Mason St","5032565949","5032565956","275202","Printers","NULL"," Email <---> Revenue ","250342","Signature Graphics","15040 NE Mason St","Portland","OR","97230","Multnomah","","5032565956","5032565949","Brian Dutton","Owner","Mal","31920000","210","275202","Printers","5","0","1"
"134022","Caruso Produce","Caruso_Joe@carusofoods.com","19150 SW 125th Ct","5036915800","5036912626","514801","Fruits & Vegetables-Wholesale","NULL"," Email <---> Revenue ","55903","Caruso Produce","19150 SW 125th Ct","Tualatin","OR","97062","Washington","www.carusoproduce.com","5036912626","5036915800","Joe Caruso","President","Mal","25346000","46","514801","Fruits & Veg","5","0","1"
"110867","Selmet Inc","caseym@selmetinc.com","33992 Seven Mile Ln SE","5419289346","5419267731","332502","Foundries-Steel","www.selmetinc.com"," Email <---> Revenue ","246399","Selmet Inc","33992 Seven Mile Ln SE","Albany","OR","97322","Linn","www.selmetinc.com","5419267731","5419289346","Tom Allen","President","Mal","31800000","200","332502","Foundries-St","5","0","1"
"149696","Pyramid Brewing","Chicvara-Jerome@pyramidbrew.com","2730 NW 31st Ave","5032262702","5032288265","208201","Brewers","NULL"," Email <---> Revenue ","223312","Pyramid Brewing","2730 NW 31st Ave","Portland","OR","97210","Multnomah","www.pyramidbrew.com","5032288265","5032262702","Jerome Chicvara","President","Mal","41580000","60","208201","Brewers","5","0","1"
"128981","Fire Mountain Gems","Chris.Freedman@firemtn.com","1 Fire Mountain Way","5415923103","5415922222","596102","Mail Order & Catalog Shopping","NULL"," Email <---> Revenue ","105916","Fire Mountain Gems","1 Fire Mountain Way","Grants Pass","OR","97526","Josephine","www.firemountaingemsandbeads.com","5415922222","5415923103","Stuart Freedman","President","Mal","44770000","110","596102","Mail Order &","5","0","1"
"144857","Umbrella Properties","Chuck_Shepard@umbrellaproperties.com","PO Box 8516","5414844395","5414846595","653113","Real Estate-Rental Service","NULL"," Email <---> Revenue ","280484","Umbrella Properties","91120 N Willamette St","Coburg","OR","97408","Lane","www.umbrellaproperties.com","5414846595","5414844395","Chuck Shepard","President","Mal","33500000","250","653113","Real Estate-","5","0","1"
"143554","Douglas County Forest Products","cy@dcfp.com","398 Del Rio Rd","5419570246","5416725711","242101","Lumber-Manufacturers","www.dcfp.com"," Email <---> Revenue ","90412","Douglas County Forest Products","398 Del Rio Rd","Roseburg","OR","97470","Douglas","www.dcfp.com","5416725711","5419570246","Rick Mathews","Plant Mgr","Mal","28408000","106","242101","Lumber-Manuf","5","0","1"
"151070","Fort Boise Produce","dana@fortboise.com","1 Good Ave","5413723326","5413723837","514805","Fruits & Vegetables-Growers & Shippers","www.fortboise.com"," Email <---> Revenue ","109063","Fort Boise Produce","1 Good Ave","Nyssa","OR","97913","Malheur","www.fortboise.com","5413723837","5413723326","Jim Farmer","Owner","Mal","38570000","70","514805","Fruits & Veg","5","2","1"
"44068","Central Oregon Building Supply","DavePaterson@insiders.com","1303 SE Armour Dr","5413882122","5413884843","503114","Building Materials-Wholesale","NULL"," Email <---> Revenue ","59043","Central Oregon Building Supply","1303 SE Armour Dr","Bend","OR","97702","Deschutes","","5413884843","5413882122","Dave Paterson","Owner","Mal","38830000","55","503114","Building Mat","5","0","1"
"142873","Potter-Webster Co","dennis@potterwebster.com","41 NE Walker St","5037353305","5032834792","501316","Brake Lining-Distributors","www.potterwebster.com"," Email <---> Revenue ","219108","Potter-Webster Co","41 NE Walker St","Portland","OR","97211","Multnomah","www.potterwebster.com","5032834792","5037353305","Dennis Webster","Owner","Mal","28224000","63","501316","Brake Lining","5","0","1"
"110181","Tanning Concepts","Derek.Strader@soltron.us","16150 SW Upper Boones Ferry Rd","5033520766","5033520761","509114","Tanning Salons Equip & Supplies-Whol","NULL"," Email <---> Revenue ","267790","Tanning Concepts","16150 SW Upper Boones Ferry Rd","Portland","OR","97224","Washington","www.soltron.us","5033520761","5033520766","Derek Strader","Owner","Mal","25830000","42","509114","Tanning Salo","5","0","1"
"148156","Service Steel","Ed-Westerdahl@Servicesteelinc.Com","5555 N Channel Ave # 2","5032436697","5032249500","331204","Steel Processing","NULL"," Email <---> Revenue ","247021","Service Steel","5555 N Channel Ave # 2","Portland","OR","97217","Multnomah","","5032249500","5032436697","Ed Westerdahl","Owner","Mal","33020000","65","331204","Steel Proces","5","0","1"
"51247","Hi-Tek Electronics","EdGossack@hitekquality.com","2999 19th St SE","5033629291","5033649257","506338","Electronic Parts Assemblers (Wholesale)","NULL"," Email <---> Revenue ","129492","Hi-Tek Electronics","2999 19th St SE","Salem","OR","97302","Marion","www.hi-tekquality.com","5033649257","5033629291","Ed Gossack","President","Mal","32900000","50","506338","Electronic P","5","0","1"
"138987","Carson Services","eszabo@carsonservices.com","828 Brookside Blvd","5419559205","5412442034","874822","Aviation Consultants","www.carsonhelicopters.com"," Email <---> Revenue ","55764","Carson Services","828 Brookside Blvd","Grants Pass","OR","97526","Josephine","www.carsonhelicopters.com","5412442034","5419559205","Steve Metheny","Executive Director","Mal","33750000","150","874822","Aviation Con","5","0","1"
"149412","Western International Frst Prd","fred.zito@fctg.com","14795 SW Murray Scholls # 210","5035215599","5035215500","503109","Lumber-Wholesale","www.wiforest.com"," Email <---> Revenue ","291570","Western International Frst Prd","14795 SW Murray Scholls # 210","Beaverton","OR","97007","Washington","www.wiforest.com","5035215500","5035215599","Greg Lebeck","President","Mal","42360000","60","503109","Lumber-Whole","5","0","1"
"86750","Cascade Glacier","Gleason-Tom@cascadeglacier.com","885 Grant St","5414857653","5413451541","202498","Ice Cream & Frozen Desserts (Mfrs)","NULL"," Email <---> Revenue ","56444","Cascade Glacier","885 Grant St","Eugene","OR","97402","Lane","www.cascadeglacier.com","5413451541","5414857653","Tom Gleason","Owner","Mal","28950000","75","202498","Ice Cream & ","5","0","1"
"110093","GE Security Inc Supra Products","Greg@ge-interlogix.com","4001 Fairview Industrial Dr SE","5033641285","5035819101","349903","Metal Goods-Manufacturers","NULL"," Email <---> Revenue ","112799","GE Security Inc Supra Products","4001 Fairview Industrial Dr SE","Salem","OR","97302","Marion","www.ge-interlogix.com","5035819101","5033641285","Greg Burge","President","Mal","41100000","300","349903","Metal Goods-","5","0","1"
"141191","Walling Sand & Gravel Co","greggs@wallingcos.com","1518 Mcgilchrist St SE","5033621156","5035855911","521128","Concrete-Ready Mixed","www.wallingcos.com"," Email <---> Revenue ","287295","Walling Sand & Gravel Co","1518 Mcgilchrist St SE","Salem","OR","97302","Marion","www.wallingcos.com","5035855911","5033621156","Jerry Walling","Owner","Mal","25800000","100","521128","Concrete-Rea","5","0","1"
"131992","Professional Tool Mfg","Hank@drilldr.com","210 E Hersey St","5415521377","5415521301","507213","Tools (Wholesale)","NULL"," Email <---> Revenue ","221864","Professional Tool Mfg","210 E Hersey St","Ashland","OR","97520","Jackson","www.drilldoctor.com","5415521301","5415521377","Hank O'Dougherty","President","Mal","41440000","80","507213","Tools (Whole","5","0","1"
"149499","KPFF Consulting Engineers","hobie.johnson@kpff.com","null","5032273251","5032277980","871106","Engineers","kpff.com"," Email <---> Revenue ","151531","KPFF Consulting Engineers","111 SW 5th Ave # 2500","Portland","OR","97204","Multnomah","www.kpff.com","5032273251","5032277980","Arthur W Johnson","VP","Mal","25280000","160","871137","Engineers-St","5","0","1"
"76140","Oregon-Canadian Forest Prods","Holm@ocfp.com","PO Box 279","5036470910","5036475011","242102","Sawmills","NULL"," Email <---> Revenue ","204393","Oregon-Canadian Forest Prods","31950 NW Commercial St","North Plains","OR","97133","Washington","www.ocfp.com","5036475011","5036470910","Wayne Holm","Owner","Mal","38300000","130","242102","Sawmills","5","0","1"
"104301","Murray & Holt Pontiac-Buick","J-Holt@murrayandholt.com","181 NE Franklin Ave","5413822291","5413822222","551103","Automobile Dealers-Used Cars","NULL"," Email <---> Revenue ","189077","Murray & Holt Pontiac-Buick","181 NE Franklin Ave","Bend","OR","97701","Deschutes","","5413822222","5413822291","Jack Holt","Owner","Mal","35585000","55","551103","Automobile D","5","1","1"
"27282","Crater Lake Ford","James-Coleman@craterlakemotors.com","2611 Biddle Rd","5417796539","5417703606","751404","Automobile Leasing","NULL"," Email <---> Revenue ","75262","Crater Lake Ford","2611 Biddle Rd","Medford","OR","97504","Jackson","www.craterlakemotors.com","5417703606","5417796539","James Coleman","Owner","Mal","28200000","150","751404","Automobile L","5","0","1"
"147851","Gage Industries Inc","jeff.gage@gageindustries.com","PO Box 1318","5036241070","5036392177","308905","Plastics-Vacuum/Pressure Forming (Mfrs)","NULL"," Email <---> Revenue ","2982","Gage Industries Inc","6710 Mcewan Rd","Lake Oswego","OR","97035","Clackamas","www.gageindustries.com","5036392177","5036241070","Jeff Gage","Owner","Mal","41000000","250","308905","Plastics-Vac","5","0","1"
"41335","EOFF Electric Co","jerry.poe@eoff.com","3241 NW Industrial St","5032223857","5032229411","506330","Electric Equipment & Supplies-Wholesale","NULL"," Email <---> Revenue ","93098","EOFF Electric Co","3241 NW Industrial St","Portland","OR","97210","Multnomah","","5032229411","5032223857","Jack Mumford","President","Mal","39480000","60","506330","Electric Equ","5","0","1"
"136223","Wright Business Graphics","jhall@wbgppm.com","18440 NE San Rafael St","5036610515","5036612525","276104","Manifold Business Forms (Mfrs)","www.wbgppm.com"," Email <---> Revenue ","298029","Wright Business Graphics","18440 NE San Rafael St","Portland","OR","97230","Multnomah","www.wbgppm.com","5036612525","5036610515","","","","37050000","150","276104","Manifold Bus","5","0","1"
"104166","MW-Worldwide","John@megawinch.com","PO Box 13069","5032880939","5032881245","508437","Winches (Wholesale)","NULL"," Email <---> Revenue ","171018","MW-Worldwide","PO Box 13069","Portland","OR","97213","Multnomah","www.megawinch.com","5032881245","5032880939","John Dahl","President","Mal","26656000","49","508437","Winches (Who","5","0","1"
"133066","Kambarausa","kambara@kambara.com","18355 SW Teton Ave","5036927929","5036929818","386103","Photographic Equipment-Manufacturers","www.kambara.com"," Email <---> Revenue ","151914","Kambarausa","18355 SW Teton Ave","Tualatin","OR","97062","Washington","www.kambara.com","5036929818","5036927929","Sam Watanabe","President","Mal","32775000","75","386103","Photographic","5","0","1"
"143505","A-L Compressed Gases Inc","ken@a-lcompressedgases.com","2233 NW 23rd Ave","5032260988","5032260582","517205","Gas-Indstrl/Med-Cylinder & Bulk (Whol)","NULL"," Email <---> Revenue ","12130","A-L Compressed Gases Inc","2233 NW 23rd Ave","Portland","OR","97210","Multnomah","www.alcompressedgases.com","5032260582","5032260988","Tom Stupfel","President","Mal","33540000","10","517205","Gas-Indstrl/","5","0","1"
"150653","Coral Construction Co Inc","larryarnold@coralconstruction.com","10780 SW Clutter Rd","5036820110","5036822252","506355","Traffic Signs Signals & Equip-Whol","www.coralconstruction.com"," Email <---> Revenue ","72504","Coral Construction Co Inc","10780 SW Clutter Rd","Sherwood","OR","97140","Washington","www.coralconstruction.com","5036822252","5036820110","George Nylen","President","Mal","26320000","40","506355","Traffic Sign","5","0","1"
"136496","FMI Truck Sales & Svc Isuzu","larryt@fmitrucks.com","8305 NE M L King Blvd","5032863223","5032862800","551105","Truck-Dealers","www.fmitrucks.com"," Email <---> Revenue ","102182","FMI Truck Sales & Svc Isuzu","8305 NE M L King Blvd","Portland","OR","97211","Multnomah","www.fmitrucks.com","5032862800","5032863223","Don Emerson","Owner","Mal","42055000","65","551105","Truck-Dealer","5","2","1"
"132673","Wilcox & Flegel Oil Co","leora@wilcoxandflegel.com","2290 Gable Rd","3605781804","5033970130","517206","Oils-Fuel (Wholesale)","www.wilcoxandflegel.com"," Email <---> Revenue ","293471","Wilcox & Flegel Oil Co","2290 Gable Rd","St Helens","OR","97051","Columbia","www.wilcoxandflegel.com","5033970130","5033976307","Dean Skarberg","Plant Mgr","Mal","46956000","14","517206","Oils-Fuel (W","5","0","1"
"116405","D B Western Inc","michael@dbwestern.com","90418 Trans Pacific Ln","5417565911","5417560533","344106","Steel-Structural (Manufacturers)","www.dbwestern.com"," Email <---> Revenue ","78872","D B Western Inc","90418 Trans Pacific Ln","North Bend","OR","97459","Coos","www.dbwestern.com","5417560533","5417565911","Dennis Beetham","Owner","Mal","28000000","11","344106","Steel-Struct","5","0","1"
"131415","West Coast Wire Rope","NKaren@wcwr.com","2900 NW 29th Ave","5032282435","5032289353","508419","Hoists (Wholesale)","NULL"," Email <---> Revenue ","290801","West Coast Wire Rope","2900 NW 29th Ave","Portland","OR","97210","Multnomah","","5032289353","5032282435","Karen Newton","President","Fem","27200000","50","508419","Hoists (Whol","5","0","1"
"129504","Dex Media Inc","pat.nichols@dexmedia.com","10200 SW Greenburg Rd","5034520302","5037681100","731103","Advertising-Directory & Guide","www.dexmedia.com"," Email <---> Revenue ","86400","Dex Media Inc","10200 SW Greenburg Rd","Portland","OR","97223","Washington","www.dexmedia.com","5037681100","5034520302","George Burnett","CEO","Mal","47400000","300","731103","Advertising-","5","0","1"
"87513","Pratt & Larson Tile","Pratt@prattandlarson.com","1201 SE 3rd Ave","5032314139","5032319464","503219","Tile-Ceramic-Distributors","NULL"," Email <---> Revenue ","219609","Pratt & Larson Tile","1201 SE 3rd Ave","Portland","OR","97214","Multnomah","www.prattandlarson.com","5032319464","5032314139","Michael Pratt","President","Mal","43200000","90","503219","Tile-Ceramic","5","0","1"
"144497","Carlton Co","ptolle@sawchain.com","3901 SE Naef Rd","5036598616","5036598911","525101","Saws","www.sawchain.com"," Email <---> Revenue ","55033","Carlton Co","3901 SE Naef Rd","Portland","OR","97267","Clackamas","www.sawchain.com","5036598911","5036598616","Russ German","President","Mal","45150000","350","525101","Saws","5","0","1"
"11648","Continental Brass Co","Robert.Betschaet@brassmetals.com","11555 NE Sumner St","5032538711","5032570196","342902","Hardware-Manufacturers","NULL"," Email <---> Revenue ","71679","Continental Brass Co","11555 NE Sumner St","Portland","OR","97220","Multnomah","","5032570196","5032538711","Robert Betschart","President","Mal","29760000","186","342902","Hardware-Man","5","0","1"
"147000","ESCO Corp","robert.kenneth@escocorp.com","2141 NW 25th Ave","6016831402","5032282141","332502","Foundries-Steel","www.escocorp.com"," Email <---> Revenue ","93149","ESCO Corp","2475 NW Vaughn St","Portland","OR","97210","Multnomah","","5032267341","5037786618","Dan Devlin","Manager","Mal","41880000","40","505106","Steel-Distri","5","0","1"
"26611","Tillamook Lumber Co","Ron.Partin@treesource.com","3111 3rd St","5038428005","5038426641","242101","Lumber-Manufacturers","NULL"," Email <---> Revenue ","272128","Tillamook Lumber Co","3111 3rd St","Tillamook","OR","97141","Tillamook","","5038426641","5038428005","Mike Lipke","President","Mal","40200000","150","242101","Lumber-Manuf","5","0","1"
"142865","Tromley Industrial Holdings","russell.tromley@dfrc.com","PO Box 1429","5036910872","5036929212","3559","Special Industry Machinery","NEC (nuclear control rod drive mechanisms)"," Email <---> Revenue ","276891","Tromley Industrial Holdings","12505 SW Herman Rd","Tualatin","OR","97062","Washington","","5036929212","5036910872","","","","32640000","60","508485","Foundry Equi","5","0","1"
"96261","Custom Craftworks Inc","scott@valleytechnology.com","760 Bailey Hill Rd","5413454377","5413452712","504718","Massage Equipment & Supplies (Wholesale)","www.valleytechnology.net"," Email <---> Revenue ","77878","Custom Craftworks Inc","760 Bailey Hill Rd","Eugene","OR","97402","Lane","www.valleytechnology.net","5413452712","5413454377","Ron Tinsley","President","Mal","35282000","59","504718","Massage Equi","5","0","1"
"133941","Sunshine Dairy Foods Inc","sunshineconsumer@sunshinedairyfoods.com","801 NE 21st Ave","5032339441","5032347526","024101","Dairies","www.sunshinedairyfoods.com"," Email <---> Revenue ","264032","Sunshine Dairy Foods Inc","801 NE 21st Ave","Portland","OR","97232","Multnomah","www.sunshinedairyfoods.com","5032347526","5032339441","Sam Karmounas","Owner","Mal","28000000","150","24101","Dairies","5","0","1"
"127441","Trans Ocean Products","tmckinnon@trans-ocean.com","500 Hawthorne Ave SE","5035855272","5035851953","209298","Prepared Fish & Seafood Products (Mfr)","www.trans-ocean.com"," Email <---> Revenue ","275309","Trans Ocean Products","500 Hawthorne Ave SE","Salem","OR","97301","Marion","www.trans-ocean.com","5035851953","5035855272","Rick Dutton","President","Mal","26550000","130","209298","Prepared Fis","5","0","1"
"71382","Gard & Gerber","vedwards@gardandgerber.com","209 SW Oak St # 200","5032264854","5032210100","731101","Advertising-Agencies & Counselors","NULL"," Email <---> Revenue ","113560","Gard & Gerber","209 SW Oak St # 200","Portland","OR","97204","Multnomah","www.gardandgerber.com","5032210100","5032264854","Brian Gard","President","Mal","25300000","30","731101","Advertising-","5","0","1"
"80208","Westmark Industries","webmail@westmarkind.com","6701 Mcewan Rd","5036396749","5036200945","504421","Bar Code Scanning Equip & Supls (Whol)","www.westmarkind.com"," Email <---> Revenue ","8505","Westmark Industries","6701 Mcewan Rd","Lake Oswego","OR","97035","Clackamas","www.westmarkind.com","5036200945","5036396749","Michael Offer","Owner","Mal","33300000","100","504421","Bar Code Sca","5","0","1"
"137442","Hospice Services - Tillamook","Wendell@tcgh.com","1000 3rd St","5038423062","5038152458","899999","Services Nec","NULL"," Email <---> Revenue ","133544","Hospice Services - Tillamook","1000 3rd St","Tillamook","OR","97141","Tillamook","www.tcgh.com","5038152458","5038423062","Wendell Hesseltine","CEO","Mal","42880000","320","899999","Services Nec","5","0","1"
