mail id,company,email,address,phone,fax,sic,sic description,web,,revenue id,company,address,city,state,zip,	metro,web,phone,fax,contact,position,gender,sales,# of employee,sic,sic_descrpiton,	,,
"149866","Highland Laboratories Inc","nybrian@highlandvitamins.com","110 S Garfield St","5038456364","5038459223","283398","Medicinal Chem/Botanical Prods (Mfrs)","www.highlandvitamins.com"," Email <---> Revenue ","130070","Highland Laboratories Inc","110 S Garfield St","Mt Angel","OR","97362","Marion","www.highlandvitamins.com","5038459223","5038456364","Kenneth D Scott","Owner","Mal","25200000","45","283398","Medicinal Ch","5","0","1"
"143062","Preferred Pharmaceutical Svc","rxpps@davidshermanonline.com","2650 N Marine Dr","5035465589","5035465589","512203","Pharmaceutical Products-Wholesale","www.rxpps.com"," Email <---> Revenue ","220008","Preferred Pharmaceutical Svc","2650 N Marine Dr","Portland","OR","97217","Multnomah","www.rxpps.com","5035465589","","Tom West","Manager","Mal","39004000","28","512203","Pharmaceutic","5","0","1"
"132898","Rain Country","web-dude@hakenusa.com","288 W Sisters Park Dr","5415491196","5415496816","512215","Health & Beauty Aid Products-Wholesale","www.hakenusa.com"," Email <---> Revenue ","226438","Rain Country","288 W Sisters Park Dr","Sisters","OR","97759","Deschutes","www.hakenusa.com","5415496816","5415491196","Ron Haken","Owner","Mal","41790000","30","512215","Health & Bea","5","0","1"
"138278","Construction Equipment Co","aechols@ceccrushers.com","18650 SW Pacific Hwy","5036926220","5036929000","353198","Construction Machinery & Equip (Mfrs)","www.ceccrushers.com"," Email <---> Revenue ","71501","Construction Equipment Co","18650 SW Pacific Hwy","Tualatin","OR","97062","Washington","www.ceccrushers.com","5036929000","5036926220","Gary Smith","Owner","Mal","28002000","78","353198","Construction","5","0","1"
"88812","Alexis Foods","alexis@alexisfoods.com","215 W Burnside St","5032249354","5032248577","514101","Food Products (Wholesale)","www.alexisfoods.com"," Email <---> Revenue ","19704","Alexis Foods","215 W Burnside St","Portland","OR","97209","Multnomah","www.alexisfoods.com","5032248577","5032249354","Alexis Bakouros","Manager","Mal","34110000","30","514101","Food Product","5","0","1"
"113907","PML Microbiologicals Inc","anita.webb@pmlmicro.com","PO Box 570","5035702501","5035702500","283601","Biological Products (Manufacturers)","NULL"," Email <---> Revenue ","206480","PML Microbiologicals Inc","27120 SW 95th Ave","Wilsonville","OR","97070","Clackamas","www.pmlmicro.com","5035702500","5035702501","Kenneth L Minton","CEO","Mal","28620000","90","283601","Biological P","5","0","1"
"132405","Avnet Applied Computing","bernd.schlemmer@ebv.com","1700 NW 167th Pl # 230","3037904991","5035266200","504503","Computers-Wholesale","www.avnet.com"," Email <---> Revenue ","31713","Avnet Applied Computing","1700 NW 167th Pl # 230","Beaverton","OR","97006","Washington","www.avnet.com","5035266200","5036415939","Rob Aarhus","Manager","Mal","27807000","31","504503","Computers-Wh","5","0","1"
"82773","FIRST Inc","bobh@1-st.com","524 N Tillamook St","5032888647","5032888732","502122","Office Furniture & Equip-Instltn (Whol)","www.1-st.com"," Email <---> Revenue ","102159","FIRST Inc","524 N Tillamook St","Portland","OR","97227","Multnomah","www.1-st.com","5032888732","5032888647","Robert Huckaby","Owner","Mal","34260000","60","502122","Office Furni","5","0","1"
"28786","Western Oregon Door Inc","brad@oregondoor.com","477 Dillard Gardens Rd","5416795063","5416796791","503119","Doors-Wholesale","www.oregondoor.com"," Email <---> Revenue ","291646","Western Oregon Door Inc","477 Dillard Gardens Rd","Winston","OR","97496","Douglas","www.oregondoor.com","5416796791","5416795063","Sharon Ring","VP","Fem","42360000","60","503119","Doors-Wholes","5","0","1"
"142855","Kaiser Permanente","colinc@criticalmass.com","5721 NE 138th Ave","8185476400","5032617580","591205","Pharmacies","www.kp.org"," Email <---> Revenue ","151801","Kaiser Permanente","5721 NE 138th Ave","Portland","OR","97230","Multnomah","www.kp.org","5032617580","5036693998","Sandra Teeny","Manager","Fem","27450000","150","591205","Pharmacies","5","2","1"
"132623","Structured Communication Systs","contracts@structured.com","4382 SE International Way # C","5035134600","5035139979","504506","Data Communications Equip/Systems (Whol)","www.structured.com"," Email <---> Revenue ","261628","Structured Communication Systs","4382 SE International Way # C","Milwaukie","OR","97222","Clackamas","www.structured.com","5035139979","5035134600","Ron Fowler","CEO","Mal","44850000","50","504506","Data Communi","5","0","1"
"87658","Coastal Brokers Inc","dennis@coastalproduce.com","110 SE 2nd Ave","5032382164","5032340333","543101","Fruits & Vegetables & Produce-Retail","NULL"," Email <---> Revenue ","67366","Coastal Brokers Inc","110 SE 2nd Ave","Portland","OR","97214","Multnomah","www.coastalproduce.com","5032340333","5032382164","Michael Myers","Owner","Mal","25000000","80","543101","Fruits & Veg","5","0","1"
"149698","Disdero Lumber Co","dhowe@disdero.com","12301 SE Carpenter Dr","5036072493","5032398888","503109","Lumber-Wholesale","www.disdero.com"," Email <---> Revenue ","87687","Disdero Lumber Co","12301 SE Carpenter Dr","Clackamas","OR","97015","Clackamas","www.disdero.com","5032398888","5036072493","Jay Jayne","President","Mal","32000000","45","503109","Lumber-Whole","5","0","1"
"147903","Crescent Electric Supply Co","dmehlhorn@cesco.com","1466 NW Naito Pkwy","9722366992","5032224000","506330","Electric Equipment & Supplies-Wholesale","www.cesco.com"," Email <---> Revenue ","75972","Crescent Electric Supply Co","1466 NW Naito Pkwy","Portland","OR","97209","Multnomah","www.cesco.com","5032224000","5034171287","Paul Francis","Manager","Mal","32900000","50","506330","Electric Equ","5","0","1"
"141850","SME Corp","donruth@smecorp.com","6550 N Interstate Ave","2535720978","5032863728","517202","Service Station Equipment (Wholesale)","www.smecorp.com"," Email <---> Revenue ","240357","SME Corp","6550 N Interstate Ave","Portland","OR","97217","Multnomah","www.smecorp.com","5032863728","5032865395","Arnie Tryner","Manager","Mal","40248000","12","517202","Service Stat","5","0","1"
"129306","Rosboro Lumber Co","dougstangland@rosboro.com","2509 Main St","5417268919","5417468411","242101","Lumber-Manufacturers","www.rosboro.com"," Email <---> Revenue ","237243","Rosboro Lumber Co","2509 Main St","Springfield","OR","97477","Lane","www.rosboro.com","5417468411","5417268919","David Weza","CEO","Mal","40000000","450","242101","Lumber-Manuf","5","0","1"
"137181","Specialty Polymers Inc","dshields@specpoly.com","2475 Progress Way","8033856077","5039817523","289198","Adhesives & Sealants (Manufacturers)","www.specpoly.com"," Email <---> Revenue ","255487","Specialty Polymers Inc","2475 Progress Way","Woodburn","OR","97071","Marion","www.specpoly.com","5039817523","5039817534","R E Southwell","President","Mal","43800000","100","289198","Adhesives & ","5","0","1"
"39203","Stumptown Coffee Roasters","D-Sorenson@stumptowncoffee.com","3377 SE Division St","NULL","5032307797","209501","Coffee & Tea Products-Manufacturers","NULL"," Email <---> Revenue ","261894","Stumptown Coffee Roasters","3377 SE Division St","Portland","OR","97202","Multnomah","www.stumptowncoffee.com","5032307797","","Duane Sorenson","Owner","Mal","34450000","50","209501","Coffee & Tea","5","0","1"
"99551","MEC Organ Racing Inc","dwayne.yuzik@magnaent.com","1001 N Schmeer Rd","5032869763","5037371000","794801","Race Tracks","www.portlandmeadows.com"," Email <---> Revenue ","170848","MEC Organ Racing Inc","1001 N Schmeer Rd","Portland","OR","97217","Multnomah","www.portlandmeadows.com","5037371000","5032869763","Art Mc Fadden","President","Mal","37800000","300","794801","Race Tracks","5","1","1"
"128912","Norlift Of Oregon Inc","erical@norliftor.com","7373 SE Milwaukie Expy","5036536966","5036595438","508457","Trucks-Industrial (Wholesale)","www.norliftor.com"," Email <---> Revenue ","194539","Norlift Of Oregon Inc","7373 SE Milwaukie Expy","Milwaukie","OR","97222","Clackamas","www.norliftor.com","5036595438","5036536966","Thomas Leslie","President","Mal","28288000","52","508457","Trucks-Indus","5","0","1"
"147956","Fabricated Glass Specialties","fabglass@fabglass.com","318 W Rapp Rd","5415352910","5415351581","323198","Glass Prod Made-Purchased Glass (Mfrs)","www.fabglass.com"," Email <---> Revenue ","102262","Fabricated Glass Specialties","318 W Rapp Rd","Talent","OR","97540","Jackson","www.fabglass.com","5415351581","5415352910","Harvey Holtz","CEO","Mal","31200000","150","323198","Glass Prod M","5","0","1"
"77932","OTAK Inc","fares.kekhia@otak.com","17355 Boones Ferry Rd","9709631622","5036353618","871111","Engineers-Consulting","www.otak.com"," Email <---> Revenue ","5883","OTAK Inc","17355 Boones Ferry Rd","Lake Oswego","OR","97035","Clackamas","www.otak.com","5036353618","5036355395","Nawzad Othman","President","","25280000","160","871111","Engineers-Co","5","0","1"
"140924","Venture Data","frankb@venturedata.com","61 W 8th Ave # 2","8016858188","5414652284","873204","Market Research & Analysis","www.venturedata.com"," Email <---> Revenue ","283989","Venture Data","61 W 8th Ave # 2","Eugene","OR","97401","Lane","www.venturedata.com","5414652284","5416877929","Tiffany Hammond","President","Fem","30797000","299","873204","Market Resea","5","0","1"
"112707","Vanguard Ems","FSutz@vanguard-ems.com","9825 SW Sunshine Ct # A","5036419145","5036465878","367202","Circuit Boards-Manufacturers","NULL"," Email <---> Revenue ","283654","Vanguard Ems","9825 SW Sunshine Ct # A","Beaverton","OR","97005","Washington","www.vanguard-ems.com","5036465878","5036419145","Floyd Sutz","President","Mal","41500000","250","367202","Circuit Boar","5","0","1"
"135166","Hollabaugh Brothers & Assoc","H_Chris@hollabaughbrothers.com","3028 SE 17th Ave","5032352824","5032380313","509908","Manufacturers-Agents & Representatives","NULL"," Email <---> Revenue ","131475","Hollabaugh Brothers & Assoc","3028 SE 17th Ave","Portland","OR","97202","Multnomah","","5032380313","5032352824","Chris Hollabaugh","Owner","Mal","30208000","32","509908","Manufacturer","5","0","1"
"128690","KOIN","hanginwithhogan@koin.com","222 SW Columbia St # 102","5034640717","5034640600","483301","Television Stations & Broadcasting CO","www.koin.com"," Email <---> Revenue ","151502","KOIN","222 SW Columbia St # 102","Portland","OR","97201","Multnomah","www.koin.com","5034640600","5034640717","David Lippoff","Manager","Mal","47400000","150","483301","Television S","5","0","1"
"122100","Silver Eagle Mfg Co","hope.brenton@silvereaglemfg.com","5825 NE Skyport Way","5033352171","5032810727","379201","Trailer-Manufacturers & Designers","www.silvereaglemfg.com"," Email <---> Revenue ","250624","Silver Eagle Mfg Co","5825 NE Skyport Way","Portland","OR","97218","Multnomah","www.silvereaglemfg.com","5032810727","5033352171","Gary Gaussoin","President","Mal","25870000","130","379201","Trailer-Manu","5","0","1"
"132403","Sierra Pine","hradel@sierrapine.com","2685 N Pacific Hwy","5417794061","5417732522","249398","Reconstituted Wood Products (Mfrs)","www.sierrapine.com"," Email <---> Revenue ","250191","Sierra Pine","2685 N Pacific Hwy","Medford","OR","97501","Jackson","www.sierrapine.com","5417732522","5417794061","Dan Sickler","Manager","Mal","36400000","125","249398","Reconstitute","5","0","1"
"121257","Universal Enterprises Inc","irmah@ueitest.com","8030 SW Nimbus Ave # 7","5036436322","5036448723","506330","Electric Equipment & Supplies-Wholesale","www.ueitest.com"," Email <---> Revenue ","281702","Universal Enterprises Inc","8030 SW Nimbus Ave # 7","Beaverton","OR","97008","Washington","www.ueitest.com","5036448723","5036436322","Michael Kane","President","Mal","46060000","70","506330","Electric Equ","5","0","1"
"14707","Smith Seed Shop","Jason@smithseed.com","PO Box 288","5413692757","5413692831","519105","Seeds & Bulbs-Wholesale","NULL"," Email <---> Revenue ","252760","Smith Seed Shop","26890 Powerline Rd","Halsey","OR","97348","Linn","www.smithseed.com","5413692831","5413692757","Jason Shrock","Owner","Mal","46550000","70","519105","Seeds & Bulb","5","0","1"
"127825","Dr Bott","jim@roadtools.com","9720 SW Hillman Ct # 840","5036826767","5035829944","504503","Computers-Wholesale","www.drbott.com"," Email <---> Revenue ","90959","Dr Bott","9720 SW Hillman Ct # 840","Wilsonville","OR","97070","Clackamas","www.drbott.com","5035829944","5036826767","Eric Prentice","Owner","Mal","41262000","46","504503","Computers-Wh","5","0","1"
"150701","Malarkey Roofing Co","johnk@kovacsgroup.net","3131 N Columbia Blvd","5032897644","5032831191","295201","Roofing Materials-Manufacturers","www.malarkey-rfg.com"," Email <---> Revenue ","172425","Malarkey Roofing Co","3131 N Columbia Blvd","Portland","OR","97217","Multnomah","www.malarkey-rfg.com","5032831191","5032897644","Michael Malarkey","Owner","Mal","25000000","100","295201","Roofing Mate","5","0","1"
"43122","Emerson Hardwood Co","jprice@emersonhardwood.com","2279 NW Front Ave","5032272976","5032276414","503109","Lumber-Wholesale","NULL"," Email <---> Revenue ","97728","Emerson Hardwood Co","2279 NW Front Ave","Portland","OR","97209","Multnomah","www.emersonhardwood.com","5032276414","5032272976","Chris Mongrain","President","Mal","38830000","55","503109","Lumber-Whole","5","0","1"
"31103","Snake River Produce","kayriley@snakeriverproduce.com","1 Bower Ave","5413725788","5413722205","514805","Fruits & Vegetables-Growers & Shippers","www.snakeriverproduce.com"," Email <---> Revenue ","252965","Snake River Produce","1 Bower Ave","Nyssa","OR","97913","Malheur","www.snakeriverproduce.com","5413722205","5413725788","Kay Riley","Manager","Fem","27550000","50","514805","Fruits & Veg","5","2","1"
"59820","Botsford & Goodfellow Inc","keith@botsfordgoodfellow.com","8440 SE Sunnybrook Blvd # B","5036530243","5036539930","514805","Fruits & Vegetables-Growers & Shippers","www.botsfordgoodfellow.com"," Email <---> Revenue ","45337","Botsford & Goodfellow Inc","8440 SE Sunnybrook Blvd # B","Clackamas","OR","97015","Clackamas","www.botsfordgoodfellow.com","5036539930","5036530243","Charles Botsford","Owner","Mal","37000000","17","514805","Fruits & Veg","5","2","1"
"145004","Oregon Spice Co Inc","kevin@oregonspice.com","13320 NE Jarrett St","5032380664","5032383872","514101","Food Products (Wholesale)","www.oregonspice.com"," Email <---> Revenue ","203796","Oregon Spice Co Inc","13320 NE Jarrett St","Portland","OR","97230","Multnomah","www.oregonspice.com","5032380664","5032383872","Patty Boday","President","Fem","28425000","25","514101","Food Product","5","0","1"
"106815","Miller Timber Svc","L_Miller@millertimber.com","PO Box 638","5419294489","5419292840","241102","Logging Companies","NULL"," Email <---> Revenue ","183548","Miller Timber Svc","24745 Alsea Hwy","Philomath","OR","97370","Benton","www.millertimber.com","5419292840","5419294489","Lee Miller","Owner","Mal","32100000","150","241102","Logging Comp","5","0","1"
"140116","Essential Wholesale","laura@essentialwholesale.com","8850 SE Herbert Ct","5037227557","5037227557","512204","Cosmetics-Wholesale","www.essentialwholesale.com"," Email <---> Revenue ","99818","Essential Wholesale","8850 SE Herbert Ct","Clackamas","OR","97015","Clackamas","www.essentialwholesale.com","5037227557","5032965631","Dennis Fioravanti","Owner","Mal","27860000","20","512204","Cosmetics-Wh","5","0","1"
"145555","Truitt Brothers Inc","lauras@truittbros.com","1105 Front St NE","5035882868","5033623674","203302","Canning (Manufacturers)","www.truittbros.com"," Email <---> Revenue ","277282","Truitt Brothers Inc","1105 Front St NE","Salem","OR","97301","Marion","www.truittbros.com","5033623674","5035882868","Peter Truitt","Owner","Mal","42600000","700","203302","Canning (Man","5","0","1"
"144266","Hazelnut Growers Of Oregon","Len@hazelnut.com","PO Box 626","5036489515","5036484176","203498","Dried/Dehydrated Fruits Vegetables (Mfr)","NULL"," Email <---> Revenue ","126975","Hazelnut Growers Of Oregon","402 N 26th Ave","Cornelius","OR","97113","Washington","www.hazelnutgrowers.com","5036484176","5036489515","Len Spesert","President","Mal","40050000","150","203498","Dried/Dehydr","5","0","1"
"58644","Acumed Inc","mdorrell@acumed.net","5885 NW Cornelius Pass Rd","5035209618","5036279957","384205","Orthopedic Appliances-Manufacturers","www.acumed.net"," Email <---> Revenue ","15757","Acumed Inc","5885 NW Cornelius Pass Rd","Hillsboro","OR","97124","Washington","www.acumed.net","5036279957","5035209618","Alan Kozlowski","President","Mal","29400000","150","384205","Orthopedic A","5","0","1"
"148303","Peco Inc","miclin@pecomanufacturing.com","4707 SE 17th Ave","5032336407","5032336401","308902","Plastics & Plastic Products (Mfrs)","www.peco-sunne.com"," Email <---> Revenue ","212234","Peco Inc","4707 SE 17th Ave","Portland","OR","97202","Multnomah","www.peco-sunne.com","5032336401","5032336407","Steve Michaelis","President","Mal","29000000","250","308902","Plastics & P","5","0","1"
"123416","Evergreen Intl Aviation Inc","mike.wilhoit@evergreenag.com","3850 NE Three Mile Ln","4097400541","5034720011","072103","Aerial Applicators","www.evergreenaviation.com"," Email <---> Revenue ","100899","Evergreen Intl Aviation Inc","3850 NE Three Mile Ln","Mcminnville","OR","97128","Yamhill","www.evergreenaviation.com","5034720011","5034721048","Delford M Smith","CEO","Mal","42000000","500","72103","Aerial Appli","5","0","1"
"118813","Hercules Inc","mlevitskie@herc.com","3366 NW Yeon Ave","6508752757","5032241200","516999","Chemicals & Allied Products Nec (Whol)","www.herc.com"," Email <---> Revenue ","128885","Hercules Inc","3366 NW Yeon Ave","Portland","OR","97210","Multnomah","www.herc.com","5032241200","5032270073","","","","36036000","36","516999","Chemicals & ","5","0","1"
"45449","Sojitz Corp Of America","M-Shirahama@sojitz.com","1211 SW 5th Ave # 2200","5032436853","5032202200","509901","Exporters","NULL"," Email <---> Revenue ","253429","Sojitz Corp Of America","1211 SW 5th Ave # 2200","Portland","OR","97204","Multnomah","www.sojitz.com","5032202200","5032436853","M Shirahama","CEO","Mal","33040000","35","509901","Exporters","5","0","1"
"66808","Hill Meat Co","nicoles@hillmeat.com","1503 NW 50th St","5412769253","5412767621","201398","Sausages/Other Prepared Meat Prod (Mfrs)","NULL"," Email <---> Revenue ","130327","Hill Meat Co","1503 NW 50th St","Pendleton","OR","97801","Umatilla","","5412767621","5412769253","Jim Cheney","President","Mal","28560000","80","201398","Sausages/Oth","5","0","1"
"137422","Oregon Chai","nirvana@oregonchai.com","1745 NW Marshall St","5037960980","5032212424","514905","Coffee & Tea-Wholesale","www.oregonchai.org"," Email <---> Revenue ","201925","Oregon Chai","1745 NW Marshall St","Portland","OR","97209","Multnomah","www.oregonchai.org","5032212424","5037960980","","","","31228000","37","514905","Coffee & Tea","5","0","1"
"110585","KOBI","P.Smullin@localnewscomesfirst.com","125 S Fir St","5417791151","5417795555","483301","Television Stations & Broadcasting CO","NULL"," Email <---> Revenue ","151493","KOBI","125 S Fir St","Medford","OR","97501","Jackson","","5417795555","5417791151","Patsy Smullin","Owner","Fem","26860000","85","483301","Television S","5","0","1"
"107925","Dolan Designs","Pat@dolandesigns.com","2700 NW Front Ave","5032432474","5032200799","506319","Lighting Fixtures-Wholesale","NULL"," Email <---> Revenue ","88552","Dolan Designs","2700 NW Front Ave","Portland","OR","97210","Multnomah","www.dolandesigns.com","5032200799","5032432474","Pat Dolan","President","Mal","32900000","50","506319","Lighting Fix","5","0","1"
"124686","R R Donnelley & Sons Co","peter.tiemeyer@rrd.com","17401 NE Halsey St","5629261163","5032552455","273298","Printers-Books","www.wallace.com"," Email <---> Revenue ","225348","R R Donnelley & Sons Co","17401 NE Halsey St","Portland","OR","97230","Multnomah","www.rrd.com","5032552455","5032535153","Don Hensley","Plant Mgr","Mal","26460000","180","273298","Printers-Boo","5","0","1"
"127180","Stayton Cooperative Telephone","phonequestions@sctcweb.com","475 N 2nd Ave","5037694216","5037692121","481304","Telephone Companies","www.sctcweb.com"," Email <---> Revenue ","259018","Stayton Cooperative Telephone","475 N 2nd Ave","Stayton","OR","97383","Marion","www.sctcweb.com","5037692121","5037694216","Don Lawrence","Manager","Mal","26640000","80","481304","Telephone Co","5","0","1"
"149951","Tns","rachel.argyle@tns-global.com","555 Lincoln St # C","2154429040","5414851278","873204","Market Research & Analysis","www.tns-global.com"," Email <---> Revenue ","273102","Tns","555 Lincoln St # C","Eugene","OR","97401","Lane","www.tns-global.com","5414851278","5416834312","Lisa Kawork","President","Fem","30900000","300","873204","Market Resea","5","0","1"
"136124","Richard's Homewares Inc","rfreelander@richardshomewares.com","3810 N Mississippi Ave","5032883454","5032883288","509905","Importers","NULL"," Email <---> Revenue ","231799","Richard's Homewares Inc","3810 N Mississippi Ave","Portland","OR","97227","Multnomah","www.richardshomewares.com","5032883288","5032883454","Robert Freelander","Owner","Mal","28320000","30","509905","Importers","5","0","1"
"147183","Sterling Transportation","rick@sterlingtransport.net","1927 SW 1st St","5415485139","5419238785","501208","Automobile & Truck Brokers","www.sterlingtransport.net"," Email <---> Revenue ","259819","Sterling Transportation","1927 SW 1st St","Redmond","OR","97756","Deschutes","www.sterlingtransport.net","5419238785","5415485139","Kevin Groshong","Owner","Mal","37000000","10","501208","Automobile &","5","0","1"
"82313","Huffman-Wright","RWright@Huffman-wright.Com","PO Box 910","5418396463","5418394251","241102","Logging Companies","NULL"," Email <---> Revenue ","134438","Huffman-Wright","3rd & Huffman","Canyonville","OR","97417","Douglas","","5418394251","5418396463","Roger Wright","President","Mal","37450000","175","241102","Logging Comp","5","0","1"
"140556","Triad Mechanical","Scovill@triadmechanical.com","2133 N Argyle St","5032890316","5032899000","171114","Mechanical Contractors","NULL"," Email <---> Revenue ","276373","Triad Mechanical","2133 N Argyle St","Portland","OR","97217","Multnomah","www.triadpdx.com","5032899000","5032890316","Nick Scovill","Owner","Mal","26000000","50","171114","Mechanical C","5","0","1"
"149311","Medford Mail Tribune","showcase@mailtribune.com","111 N Fir St","5417764376","5417764411","731106","Advertising-Newspaper","www.mailtribune.com"," Email <---> Revenue ","179012","Medford Mail Tribune","111 N Fir St","Medford","OR","97501","Jackson","www.mailtribune.com","5417764411","5417764376","Charlie Campbell","Plant Mgr","Mal","39500000","250","731106","Advertising-","5","0","1"
"125709","Certainteed Corp","spanish@certainteed.com","6350 NW Front Ave","9524963850","5032221307","295298","Asphalt Felts & Coatings (Mfrs)","www.certainteed.com"," Email <---> Revenue ","59614","Certainteed Corp","6350 NW Front Ave","Portland","OR","97210","Multnomah","www.certainteed.com","5032221307","5032489271","Tony Ordway","Plant Mgr","Mal","28980000","60","295298","Asphalt Felt","5","0","1"
"131776","TMS","systems@tmscallcenters.com","727 SE Cass Ave # 2","5419574701","5419574700","481304","Telephone Companies","www.tmscallcenters.com"," Email <---> Revenue ","266788","TMS","727 SE Cass Ave # 2","Roseburg","OR","97470","Douglas","www.tmscallcenters.com","5419574700","5419574701","Dotty Randall","Owner","Fem","33300000","100","481304","Telephone Co","5","0","1"
"133840","TRANS Core","technical.support@transcore.com","11000 SW Stratus St # 100","5035266441","5036434331","473111","Freight Brokers & Agents","www.tstpartners.com"," Email <---> Revenue ","266866","TRANS Core","11000 SW Stratus St # 100","Beaverton","OR","97008","Washington","www.tstpartners.com","5036434331","5035266441","","","","44700000","300","473111","Freight Brok","5","0","1"
"150013","A-Temp Heating & Cooling Inc","temp@atempheating.com","","5035572990","5035572990","507507","Furnaces-Heating (Wholesale)","www.atempheating.com"," Email <---> Revenue ","12184","A-Temp Heating & Cooling Inc","","Gresham","OR","97030","Multnomah","www.atempheating.com","5036505014","5035572990","Ron Frederick","Owner","Mal","25500000","50","507507","Furnaces-Hea","5","0","1"
"29043","Revenoor Co Inc","terry@revenoor.com","635 E Main St","5036624173","5036624173","518205","Distillery Equipment & Supplies (Whol)","www.revenoor.com"," Email <---> Revenue ","230836","Revenoor Co Inc","635 E Main St","Yamhill","OR","97148","Yamhill","www.revenoor.com","5036624173","","Jerry Walstad","Owner","Mal","40850000","50","518205","Distillery E","5","0","1"
"135714","Culver Glass Co","toddbarnes@culver-glass.com","2619 NW Industrial St # B3","5032289155","5032262520","154203","Store Fronts","www.culver-glass.com"," Email <---> Revenue ","77201","Culver Glass Co","2619 NW Industrial St # B3","Portland","OR","97210","Multnomah","www.culver-glass.com","5032262520","5032289155","Terry Barnes","President","Mal","35040000","80","154203","Store Fronts","5","0","1"
"139784","Carr Chevrolet","vancnew@carrauto.com","10075 SW Canyon Rd","5034692477","5035204120","551103","Automobile Dealers-Used Cars","www.carrauto.com"," Email <---> Revenue ","55600","Carr Chevrolet","10075 SW Canyon Rd","Beaverton","OR","97005","Washington","www.carrauto.com","5035204120","5035204131","John Harold","Manager","Mal","32997000","51","551103","Automobile D","5","1","1"
"137718","Mill Casino-Hotel","webreservations@themillcasino.com","3201 Tremont St","5417560431","5417568800","799302","Casinos","www.themillcasino.com"," Email <---> Revenue ","183229","Mill Casino-Hotel","3201 Tremont St","North Bend","OR","97459","Coos","www.themillcasino.com","5417568800","5417560431","Larry Close","Manager","Mal","48000000","500","799302","Casinos","5","0","1"
"90430","Baker Rock Resources","wendyortman@baker-rock.com","21880 SW Farmington Rd","5036422534","5036422531","503251","Rock (Wholesale)","NULL"," Email <---> Revenue ","33823","Baker Rock Resources","21880 SW Farmington Rd","Beaverton","OR","97007","Washington","","5036422531","5036422534","Gary Baker","Owner","Mal","48000000","100","503251","Rock (Wholes","5","0","1"
"150758","Ike Trading Co LTD","yas@iketrading.com","8905 SW Nimbus Ave","5036417335","5036436688","509905","Importers","www.iketrading.com"," Email <---> Revenue ","136109","Ike Trading Co LTD","8905 SW Nimbus Ave","Beaverton","OR","97008","Washington","www.iketrading.com","5036436688","5036417335","Seiji Yano","President","Mal","25000000","13","509905","Importers","5","0","1"
