mail id,company,email,address,phone,fax,sic,sic description,web,,revenue id,company,address,city,state,zip,	metro,web,phone,fax,contact,position,gender,sales,# of employee,sic,sic_descrpiton,	,,
"41754","Oil Re-Refining Co","billb@orrco.biz","4150 N Suttle Rd","5032865028","5032868352","509312","Recycling Centers (Wholesale)","www.orrco.biz"," Email <---> Revenue ","199677","Oil Re-Refining Co","4150 N Suttle Rd","Portland","OR","97217","Multnomah","www.orrco.biz","5032868352","5032865028","W L Briggs","President","","16682000","38","509312","Recycling Ce","4","0","1"
"23949","URS Corp","domain-info4@domainregistry.com","111 SW Columbia St # 1500","2513420407","5032227200","873111","Environmental & Ecological Services","www.urs.com"," Email <---> Revenue ","278979","URS Corp","111 SW Columbia St # 1500","Portland","OR","97201","Multnomah","www.urs.com","5032227200","5032224292","Gary Newbore","Manager","Mal","22880000","130","873111","Environmenta","4","0","1"
"141760","Parametrix Inc","news@parametrix.com","700 NE Multnomah St # 1000","3604795961","5032332400","871120","Engineers-Environmental","www.parametrix.com"," Email <---> Revenue ","209719","Parametrix Inc","700 NE Multnomah St # 1000","Portland","OR","97232","Multnomah","www.parametrix.com","5032332400","5032334825","Mel Sears","Manager","Mal","15010000","95","871120","Engineers-En","4","0","1"
"81271","ASI Corp","aaron.leung@asipartner.com","9700 SW Harvest Ct","9138885348","5035200500","504503","Computers-Wholesale","www.asipartner.com"," Email <---> Revenue ","13550","ASI Corp","9700 SW Harvest Ct","Beaverton","OR","97005","Washington","www.asipartner.com","5035200500","5036412899","Joe Zhu","Manager","Mal","17940000","20","504503","Computers-Wh","4","0","1"
"150949","E J Bartells","ahiggins@ejbartells.com","19039 NE Portal Way","3033730729","5034911300","503307","Insulation Materials-Cold & Heat-Whol","www.ejbartells.com"," Email <---> Revenue ","92750","E J Bartells","19039 NE Portal Way","Portland","OR","97230","Multnomah","www.ejbartells.com","5034911300","5034914999","Gina Stacy","Manager","Fem","10112000","16","503307","Insulation M","4","0","1"
"79106","Lytech Solutions Inc","bclytle@lytechsolutions.com","3915 Fairview Industrial Dr SE","5034852205","5034852201","506338","Electronic Parts Assemblers (Wholesale)","www.lytechsolutions.com"," Email <---> Revenue ","169978","Lytech Solutions Inc","3915 Fairview Industrial Dr SE","Salem","OR","97302","Marion","www.lytechsolutions.com","5034852201","5034852205","Roy Lytle","President","Mal","11186000","17","506338","Electronic P","4","0","1"
"84391","Beall Trailers Of Oregon","beall@beallcorp.com","9200 N Ramsey Blvd","4062566159","5032868823","371598","Truck-Trailer (Manufacturers)","www.beallcorp.com"," Email <---> Revenue ","36728","Beall Trailers Of Oregon","9200 N Ramsey Blvd","Portland","OR","97203","Multnomah","www.beallcorp.com","5032868823","5032830095","Jim Olson","Manager","Mal","24570000","105","371598","Truck-Traile","4","0","1"
"46822","Baker Bearing","Ben@bakerbearing.com","13560 SE Pheasant Ct","5036543701","5036543601","508525","Bearings (Wholesale)","NULL"," Email <---> Revenue ","33666","Baker Bearing","13560 SE Pheasant Ct","Milwaukie","OR","97222","Clackamas","www.bakerbearing.com","5036543601","5036543701","Ben Baker","President","Mal","11400000","20","508525","Bearings (Wh","4","0","1"
"51788","Western Shelter Systems","BennettPaul@westernshelter.com","PO Box 2729","5413447267","5413447267","239902","Sewing Contractors","NULL"," Email <---> Revenue ","291805","Western Shelter Systems","830 Wilson St","Eugene","OR","97402","Lane","www.westernshelter.com","5413447267","5413447267","Paul Bennett","Owner","Mal","14345000","95","239902","Sewing Contr","4","0","1"
"149937","Townsend Farms Inc","bgibson@townsends.com","23303 NE Sandy Blvd","5036188257","5036661780","203801","Frozen Food Processors","NULL"," Email <---> Revenue ","274863","Townsend Farms Inc","23303 NE Sandy Blvd","Fairview","OR","97024","Multnomah","www.townsendfarms.com","5036661780","5036188257","Mike Townsend","Owner","Mal","15000000","2200","203801","Frozen Food ","4","0","1"
"105714","Squires Electronics","Bill@squires.com","503 N 13th Ave","5033575297","5033577132","506312","Wire & Cable-Electric (Wholesale)","NULL"," Email <---> Revenue ","256681","Squires Electronics","503 N 13th Ave","Cornelius","OR","97113","Washington","www.squires.com","5033577132","5033575297","Bill Brown","President","Mal","19740000","30","506312","Wire & Cable","4","0","1"
"39614","Allied Power Products Inc","bob@alliedpower.com","6590 SW Fallbrook Pl","5036260654","5036260654","508419","Hoists (Wholesale)","www.alliedpower.com"," Email <---> Revenue ","21214","Allied Power Products Inc","6590 SW Fallbrook Pl","Beaverton","OR","97008","Washington","www.alliedpower.com","5036260654","","Robert Peterson","Owner","Mal","11424000","21","508419","Hoists (Whol","4","0","1"
"120144","Bear Mountain Forest Products","Bob@bmfp.com","PO Box 70","5413748837","5413748844","241105","Wood-Manufacturers","NULL"," Email <---> Revenue ","36866","Bear Mountain Forest Products","1415 Forest Ln","Cascade Locks","OR","97014","Hood River","www.bmfp.com","5413748844","5413748837","Bob Sourek","Owner","Mal","13268000","62","241105","Wood-Manufac","4","0","1"
"132459","Veterinarian Service Inc","brad.gohr@vsinorthwest.com","3700 Western Way NE # A","9513284971","5419268000","508746","Veterinarians Equipment & Supls (Whol)","www.vetserv.com"," Email <---> Revenue ","284443","Veterinarian Service Inc","3700 Western Way NE # A","Albany","OR","97321","Linn","www.vetserv.com","5419268000","5419268080","Brad Gorh","Manager","Mal","10380000","30","508746","Veterinarian","4","0","1"
"67835","Roberson Motors","brettr@robersoncjrv.com","3100 Ryan Dr SE","5033702584","5033634117","556108","Motor Homes-Retail","NULL"," Email <---> Revenue ","233940","Roberson Motors","3100 Ryan Dr SE","Salem","OR","97301","Marion","www.robersonmotors.com","5033634117","5033702584","Michael Roberson","Owner","Mal","22500000","100","556108","Motor Homes-","4","0","1"
"124530","Calpine Corp","calpineweb@calpine.com","78910 Simplot Rd","9166083800","5415641360","491101","Electric Companies","www.calpine.com"," Email <---> Revenue ","52799","Calpine Corp","78910 Simplot Rd","Hermiston","OR","97838","Umatilla","www.calpine.com","5415641360","5416673280","Rick Colgan","President","Mal","14168000","23","491101","Electric Com","4","0","1"
"120523","Foamex LP","carpetcushioninfo@foamex.com","19241 NE San Rafael St","7048920409","5036676667","308601","Plastics-Foam (Manufacturers)","www.foamex.com"," Email <---> Revenue ","108132","Foamex LP","19241 NE San Rafael St","Portland","OR","97230","Multnomah","www.foamex.com","5036676667","5036615851","Chris Ferenchak","Manager","Mal","15340000","65","308601","Plastics-Foa","4","0","1"
"61698","Gazebo Works Too","CCohen@gazeboworkstoo.com","PO Box 5257","5416646189","5416642000","571201","Furniture-Outdoor","NULL"," Email <---> Revenue ","114768","Gazebo Works Too","5235 Rainbow Dr","Central Point","OR","97502","Jackson","www.gazeboworkstoo.com","5416642000","5416646189","Craig C Cohen","Owner","Mal","12000000","60","571201","Furniture-Ou","4","0","1"
"86773","Pak-Sel","cellobag@cellobag.com","7205 SE Johnson Creek Blvd","5037719413","5037719404","511308","Packaging Materials-Wholesale","www.cellobag.com"," Email <---> Revenue ","208742","Pak-Sel","7205 SE Johnson Creek Blvd","Portland","OR","97206","Multnomah","www.cellobag.com","5037719404","5037719413","Maxine Lange","Owner","Fem","16560000","20","511308","Packaging Ma","4","0","1"
"124943","Comfort Insulation","chris@masto.com","202 SE 9th St","5413890501","5413894780","521140","Insulation Materials-Cold & Heat","www.masto.com"," Email <---> Revenue ","69642","Comfort Insulation","202 SE 9th St","Bend","OR","97702","Deschutes","www.masto.com","5413894780","5413890501","Max Mills","Manager","Mal","12900000","50","521140","Insulation M","4","0","1"
"129815","Bobcat Of Portland","chris_curry@irco.com","14912 NE Airport Way","5032897634","5032891106","508206","Contractors-Equip/Supls-Dlrs/Svc (Whol)","www.bobcatofportland.com"," Email <---> Revenue ","44196","Bobcat Of Portland","14912 NE Airport Way","Portland","OR","97230","Multnomah","www.bobcatofportland.com","5032891106","5032897634","","","","15984000","24","508206","Contractors-","4","0","1"
"145069","Pickseed West","chrism@pickseedwest.com","33149 Highway 99e","5419281599","5419268886","519105","Seeds & Bulbs-Wholesale","www.pickseedwest.com"," Email <---> Revenue ","215126","Pickseed West","33149 Highway 99e","Tangent","OR","97389","Linn","www.pickseedwest.com","5419268886","5419281599","Jerry Pepin","VP","Mal","19950000","30","519105","Seeds & Bulb","4","0","1"
"147598","Unicru","ChrisMarsh@unicru.com","9525 SW Gemini Dr","5035963250","5035963100","738999","Business Services Nec","NULL"," Email <---> Revenue ","280908","Unicru","9525 SW Gemini Dr","Beaverton","OR","97008","Washington","","5035963100","5035963250","Chris Marsh","President","Mal","12220000","130","738999","Business Ser","4","0","1"
"77169","Classic Aire Woodvents","classic@classicvents.com","9325 SW Barber St","5038552029","5038552000","502313","Floor Materials-Wholesale","www.classicvents.com"," Email <---> Revenue ","65566","Classic Aire Woodvents","9325 SW Barber St","Wilsonville","OR","97070","Clackamas","www.classicvents.com","5038552000","5038552029","Dawn Collins","Manager","Fem","22280000","40","502313","Floor Materi","4","0","1"
"141776","Interpath Laboratory Inc","clientservice@interpathlab.com","1100 Southgate # 13","5412764374","5412766700","807101","Laboratories-Medical","www.interpathlab.com"," Email <---> Revenue ","138922","Interpath Laboratory Inc","1100 Southgate # 13","Pendleton","OR","97801","Umatilla","www.interpathlab.com","5412766700","5412764374","Tom Kennedy","Owner","Mal","10998000","78","807101","Laboratories","4","0","1"
"138515","Lane Electric Cooperative Inc","comment.question@laneelectric.com","787 Bailey Hill Rd","5414847316","5414841151","491101","Electric Companies","www.laneelectric.com"," Email <---> Revenue ","160699","Lane Electric Cooperative Inc","787 Bailey Hill Rd","Eugene","OR","97402","Lane","www.laneelectric.com","5414841151","5414847316","","","","10800000","49","491101","Electric Com","4","0","1"
"137796","Western Industrial Ceramics","customerserviceportland@wicinc.com","10725 SW Tualatin Sherwood Rd","5036925299","5036923770","329701","Refractories","www.wicinc.com"," Email <---> Revenue ","291553","Western Industrial Ceramics","10725 SW Tualatin Sherwood Rd","Tualatin","OR","97062","Washington","www.wicinc.com","5036923770","5036925299","James H Huston","President","Mal","10120000","40","329701","Refractories","4","0","1"
"133301","Cascade Western Reps Inc","cwrpdx@cascadewestern.com","2729 SE 6th Ave","5032388800","5032380569","509908","Manufacturers-Agents & Representatives","www.cascadewestern.com"," Email <---> Revenue ","57056","Cascade Western Reps Inc","2729 SE 6th Ave","Portland","OR","97202","Multnomah","www.cascadewestern.com","5032388800","5032380569","Richard Betts","Owner","Mal","13216000","14","509908","Manufacturer","4","0","1"
"136033","Semitorr Northwest","D.O@semitorrdist.com","25749 SW Canyon Creek Rd # 300","5036827228","5036827052","509908","Manufacturers-Agents & Representatives","NULL"," Email <---> Revenue ","246427","Semitorr Northwest","25749 SW Canyon Creek Rd # 300","Wilsonville","OR","97070","Clackamas","www.semitorrdist.com","5036827052","5036827228","Dave Opoine","Owner","Mal","11328000","12","509908","Manufacturer","4","0","1"
"92707","Portland Packaging Co","danh@portlandpackagingco.com","2141 N Williams Ave","5032490076","5032842306","511308","Packaging Materials-Wholesale","NULL"," Email <---> Revenue ","218485","Portland Packaging Co","2141 N Williams Ave","Portland","OR","97227","Multnomah","www.portlandpackagingco.com","5032842306","5032490076","Dan Hawthorne","Owner","Mal","23184000","28","511308","Packaging Ma","4","0","1"
"35267","Wire Rope Corp Of America","davehornaday@wrca.com","5355 SW Western Ave","8162365000","5036435919","505105","Wire Rope (Wholesale)","www.wrca.com"," Email <---> Revenue ","296352","Wire Rope Corp Of America","5355 SW Western Ave","Beaverton","OR","97005","Washington","www.wrca.com","5036435919","5035261914","Larry Abraham","Manager","Mal","12564000","12","505105","Wire Rope (W","4","0","1"
"140704","Dennis' Seven Dees Landscaping","DaveS@dennis7dees.com","7355 SE Johnson Creek Blvd","5037772399","5037777777","078204","Landscape Contractors","NULL"," Email <---> Revenue ","85173","Dennis' Seven Dees Landscaping","7355 SE Johnson Creek Blvd","Portland","OR","97206","Multnomah","www.dennis7dees.com","5037777777","5037772399","Dave Snodgrass","Owner","Mal","21000000","250","78204","Landscape Co","4","1","1"
"148002","Yocream International Inc","davidb@yocream.com","5858 NE 87th Ave","5032563976","5032563754","202498","Ice Cream & Frozen Desserts (Mfrs)","www.yocream.com"," Email <---> Revenue ","299024","Yocream International Inc","5858 NE 87th Ave","Portland","OR","97220","Multnomah","www.yocream.com","5032563754","5032563976","John N Hanna","CEO","Mal","19272000","60","202498","Ice Cream & ","4","0","1"
"53079","Miller Paint & Wallpaper","Dearborn.Steve@millerpaint.com","12812 NE Whitaker Way","5032550192","5032550190","285103","Paint-Manufacturers","NULL"," Email <---> Revenue ","183508","Miller Paint & Wallpaper","12812 NE Whitaker Way","Portland","OR","97230","Multnomah","www.millerpaint.com","5032550190","5032550192","Steve Dearborn","President","Mal","23650000","50","285103","Paint-Manufa","4","0","1"
"138520","Harney Rock & Paving Co","debbie@harneyrock.com","457 S Date Ave","5415733532","5415737855","161101","Paving Contractors","www.harneyrock.com"," Email <---> Revenue ","125792","Harney Rock & Paving Co","457 S Date Ave","Burns","OR","97720","Harney","www.harneyrock.com","5415737855","5415733532","Dan Hooker","President","Mal","15275000","65","161101","Paving Contr","4","1","1"
"149732","Don Casters Med Technologies","deritendinfo@doncasters.com","13963 S Fir St","5036561788","5036569653","332401","Investment Castings (Manufacturers)","www.doncasters.com"," Email <---> Revenue ","88939","Don Casters Med Technologies","13963 S Fir St","Oregon City","OR","97045","Clackamas","www.doncasters.com","5036569653","5036561788","Maridy Mc Ginnis","Plant Mgr","Fem","14000000","117","332401","Investment C","4","0","1"
"136703","Shamrock Lumber","D-Gambee@shamrockbm.com","8040 SW Hall Blvd","5036436642","5036438800","503109","Lumber-Wholesale","NULL"," Email <---> Revenue ","247830","Shamrock Lumber","8040 SW Hall Blvd","Beaverton","OR","97008","Washington","","5036438800","5036436642","Dave Gambee","Owner","Mal","14120000","20","503109","Lumber-Whole","4","0","1"
"57347","Webmd","diet@webmd.net","520 NW Davis St # 300","4042663999","5032799010","874213","Marketing Programs & Services","www.webmd.com"," Email <---> Revenue ","289361","Webmd","520 NW Davis St # 300","Portland","OR","97209","Multnomah","www.webmd.com","5032799010","5032791632","Craig Froude","CEO","Mal","17170000","101","874213","Marketing Pr","4","0","1"
"20034","Thortex","DWalker@Thortexinc.Com","15045 NE Mason St","5036549711","5036545726","384298","Orthopedic Prosthetic/Srgcl Appl (Mfrs)","NULL"," Email <---> Revenue ","271172","Thortex","15045 NE Mason St","Portland","OR","97230","Multnomah","","5036545726","5036549711","David Walker","Owner","Mal","17640000","90","384298","Orthopedic P","4","0","1"
"11594","Baggallini","Eckols@baggallini.com","16650 SW 72nd Ave","NULL","5036388048","509906","Luggage-Wholesale","NULL"," Email <---> Revenue ","33473","Baggallini","16650 SW 72nd Ave","Portland","OR","97224","Washington","www.baggallini.com","5036388048","","Dennis Eckols","CEO","Mal","11328000","12","509906","Luggage-Whol","4","0","1"
"78535","LBL Window & Door","Emerson@lblwindows.com","23555 NE Halsey St","5034928272","5036678979","308921","Windows-Plastic-Manufacturers","NULL"," Email <---> Revenue ","159126","LBL Window & Door","23555 NE Halsey St","Troutdale","OR","97060","Multnomah","www.lblwindows.com","5036678979","5034928272","Randy Emerson","Owner","Mal","16400000","100","308921","Windows-Plas","4","0","1"
"120004","Henry Calvin Fabrics","Eric@henrycalvin.com","2046 Lars Way","5417321997","5417321996","513119","Fabrics-Wholesale","NULL"," Email <---> Revenue ","128590","Henry Calvin Fabrics","2046 Lars Way","Medford","OR","97501","Jackson","www.henrycalvin.com","5417321996","5417321997","Eric Harwood","President","Mal","13560000","20","513119","Fabrics-Whol","4","0","1"
"114792","Dynalectric Co","eryding@dyna-portland.com","2904 SW 1st Ave","5032267818","5032266771","173101","Electric Contractors","www.dyna-portland.com"," Email <---> Revenue ","92517","Dynalectric Co","2904 SW 1st Ave","Portland","OR","97201","Multnomah","www.dyna-portland.com","5032266771","5032267818","Randy Wagner","President","Mal","11220000","85","173101","Electric Con","4","2","1"
"143643","Northwest Technologies","esale@nw-technologies.com","730 NW Tulip St","5036302031","5036302030","504908","Lasers (Wholesale)","www.nw-technologies.com"," Email <---> Revenue ","197067","Northwest Technologies","730 NW Tulip St","Estacada","OR","97023","Clackamas","www.nw-technologies.com","5036302030","5036302031","Eric Sale","Manager","Mal","11258000","26","504908","Lasers (Whol","4","0","1"
"132052","Seven Feathers Truck/Travel","fbidwell@i5exit99.com","130 Creekside Dr","5418393101","5418394868","554103","Truck Stops & Plazas","www.i5exit99.com"," Email <---> Revenue ","247173","Seven Feathers Truck/Travel","130 Creekside Dr","Canyonville","OR","97417","Douglas","www.i5exit99.com","5418394868","5418393101","Don Baglien","Manager","Mal","15000000","50","554103","Truck Stops ","4","0","1"
"142553","Hanard Machine Co","fkirsch@hanard.com","859 7th St NW","5033718238","5033643952","359903","Machine Shops","NULL"," Email <---> Revenue ","124768","Hanard Machine Co","859 7th St NW","Salem","OR","97304","Polk","","5033643952","5033718238","Frank Kirsch","President","Mal","10455000","85","359903","Machine Shop","4","0","1"
"124047","AMEC","frank.stokes@amec.com","7376 SW Durham Rd # G","9096056502","5036393400","871111","Engineers-Consulting","www.amec.com"," Email <---> Revenue ","13332","AMEC","7376 SW Durham Rd # G","Portland","OR","97224","Washington","www.amec.com","5036393400","5036207892","Doug Smith","VP","Mal","13114000","83","871111","Engineers-Co","4","0","1"
"85624","Grand & Benedicts Store","gbcustomercare@grand-benedicts.com","301 NE 2nd Ave","5107821988","5032321988","504610","Store Fixtures (Wholesale)","www.grand-benedicts.com"," Email <---> Revenue ","119565","Grand & Benedicts Store","301 NE 2nd Ave","Portland","OR","97232","Multnomah","www.grand-benedicts.com","5032321988","5037970603","Frank Phillips","Owner","Mal","17500000","75","504610","Store Fixtur","4","0","1"
"49634","Alarm Central Station Inc","genmgr@alceste.com","15050 SW Koll Pkwy # A","5036416761","5036416761","506324","Burglar Alarm Systems (Wholesale)","www.alceste.com"," Email <---> Revenue ","18944","Alarm Central Station Inc","15050 SW Koll Pkwy # A","Beaverton","OR","97006","Washington","www.alceste.com","5036416761","","Jim Essam","Owner","Mal","21056000","32","506324","Burglar Alar","4","0","1"
"19139","Lucky Labrador Brew Pub","G-Geist@luckylab.com","915 SE Hawthorne Blvd","NULL","5032363555","208201","Brewers","NULL"," Email <---> Revenue ","169256","Lucky Labrador Brew Pub","915 SE Hawthorne Blvd","Portland","OR","97214","Multnomah","www.luckylab.com","5032363555","","Gary Geist","Owner","Mal","10395000","15","208201","Brewers","4","0","1"
"24608","Burton Saw & Supply Co","grindingwheels@burtonsaw.com","1439 W 2nd Ave","5416835189","5416833337","508538","Sawmill Equipment & Supplies (Wholesale)","www.burtonsaw.com"," Email <---> Revenue ","49937","Burton Saw & Supply Co","1439 W 2nd Ave","Eugene","OR","97402","Lane","www.burtonsaw.com","5416833337","5416835189","Dick Ralls","Owner","Mal","11400000","20","508538","Sawmill Equi","4","0","1"
"121170","Tci America","haruhito.fueki@tciamerica.com","NULL","5032831987","503-283-1681","2869","Industrial Organic Chemicals","NEC (aliphatics)"," Email <---> Revenue ","266634","TCI America","9211 N Harborgate St","Portland","OR","97203","Multnomah","www.tciamerica.com","5032831681","5032831987","Tom Hoshiba","Manager","Mal","22260000","30","286998","Industrial O","4","0","1"
"150592","King Henrys","Henry@kinghenrys.com","10140 SW Allen Blvd # C","5036419547","5035260144","514501","Candy & Confectionery-Wholesale","NULL"," Email <---> Revenue ","155763","King Henrys","10140 SW Allen Blvd # C","Beaverton","OR","97005","Washington","","5035260144","5036419547","Henry Davidian","Owner","Mal","17700000","30","514501","Candy & Conf","4","0","1"
"93925","AFM Inc","hoffman@oemdata.com","11530 SW Tiedeman Ave","5594496066","5036202929","507211","Seals-O-Ring (Wholesale)","www.afmusa.com"," Email <---> Revenue ","13150","AFM Inc","11530 SW Tiedeman Ave","Tigard","OR","97223","Washington","www.afmusa.com","5036202929","5036390196","Stan Frost","President","Mal","12950000","25","507211","Seals-O-Ring","4","0","1"
"142972","Harris Group","hr.seattle@harrisgroup.com","1750 NW Naito Pkwy # 200","9207494604","5032287200","871111","Engineers-Consulting","www.harrisgroup.com"," Email <---> Revenue ","125977","Harris Group","1750 NW Naito Pkwy # 200","Portland","OR","97209","Multnomah","www.harrisgroup.com","5032287200","5032280422","James Gabriel","Manager","Mal","23700000","150","871111","Engineers-Co","4","0","1"
"10245","Imperial River Co","irc@deschutesriver.com","301 Bakeoven County Rd","5413952494","5413952404","555111","Rafts-Dealers","www.deschutesriver.com"," Email <---> Revenue ","136590","Imperial River Co","301 Bakeoven County Rd","Maupin","OR","97037","Wasco","www.deschutesriver.com","5413952404","5413952494","Rob Miles","Owner","Mal","16600000","50","555111","Rafts-Dealer","4","0","1"
"123351","Blue Heron Paper Co Inc","itd@blueheronpaper.com","419 Main St","5036504595","5036504211","262101","Paper-Manufacturers","www.blueheronpaper.com"," Email <---> Revenue ","43246","Blue Heron Paper Co Inc","419 Main St","Oregon City","OR","97045","Clackamas","www.blueheronpaper.com","5036504211","5036504595","Michael A Siebers","CEO","Mal","15085000","35","262101","Paper-Manufa","4","0","1"
"101221","Southport Forest Products","Jason@southportforest.com","PO Box 298","5412660824","5412660903","242102","Sawmills","NULL"," Email <---> Revenue ","254867","Southport Forest Products","93611 Coos Sumner Ln","Coos Bay","OR","97420","Coos","www.southportforest.com","5412660903","5412660824","Jason Smith","Owner","Mal","17420000","65","242102","Sawmills","4","0","1"
"126207","Click Commerce Inc","jbrooklier@itw.com","1925 NW Amberglen Pkwy # 400","5036014001","5036014000","737417","Internet Hardware & Software Providers","www.clickcommerce.com"," Email <---> Revenue ","66498","Click Commerce Inc","1925 NW Amberglen Pkwy # 400","Beaverton","OR","97006","Washington","www.clickcommerce.com","5036014000","5036014001","Gary Whitney","Manager","Mal","22950000","150","737417","Internet Har","4","0","1"
"22845","Boxer-Northwest Co","jcook@boxernw.com","438 NW Broadway","5032266725","5032261186","504604","Restaurant Equipment & Supplies (Whol)","NULL"," Email <---> Revenue ","45586","Boxer-Northwest Co","438 NW Broadway","Portland","OR","97209","Multnomah","www.boxernw.com","5032261186","5032266725","Donald Clarke Jr","President","Mal","15124000","38","504604","Restaurant E","4","0","1"
"141358","Maco Wood Products","Jerry@macowoodproducts.com","10145 SE Jennifer St","5035549454","5035573114","251198","Wood-Household Furn-Ex Upholstered (Mfr)","NULL"," Email <---> Revenue ","171362","Maco Wood Products","10145 SE Jennifer St","Clackamas","OR","97015","Clackamas","www.macofurniture.com","5035573114","5035549454","Jerry Mac Duffee","President","Mal","15660000","135","251198","Wood-Househo","4","0","1"
"125748","Hoodoo Ski Area","jim@hoodoo.com","20 Highway 20","5418223398","5418223799","701110","Skiing Centers & Resorts","www.hoodoo.com"," Email <---> Revenue ","133043","Hoodoo Ski Area","20 Highway 20","Sisters","OR","97759","Deschutes","www.hoodoo.com","5418223799","5418223398","Chuck Sheperd","Owner","Mal","11250000","150","701110","Skiing Cente","4","1","1"
"110798","American Heating","joe@americanheating.net","1339 SE Gideon Street","5032394600","5032397038","171198","Plumbing Heating & Air Conditioning","null"," Email <---> Revenue ","23694","American Heating Inc","1339 SE Gideon St","Portland","OR","97202","Multnomah","www.americanheating.net","5032394600","5032397038","Gary Manchester","Owner","Mal","13578000","93","171117","Air Conditio","4","0","1"
"129206","Morgan Millwright & Mechanical","Joe@morgan-industrial.com","PO Box 226","5036477422","5036477474","179606","Millwrights","NULL"," Email <---> Revenue ","186153","Morgan Millwright & Mechanical","10938 NW 289 Pl","North Plains","OR","97133","Washington","www.morgan-industrial.com","5036477474","5036477422","Joe Morgan","Owner","Mal","11270000","70","179606","Millwrights","4","0","1"
"116441","Mega Tech Of Oregon","John.Mackey@megatechoforegon.com","33866 SE Eastgate Cir","5417587639","541-758-8242","3679","Electronic Components","NEC (antennas)"," Email <---> Revenue ","179387","Mega Tech Of Oregon","33866 SE Eastgate Cir","Corvallis","OR","97333","Benton","www.megatechoforegon.com","5417588242","5417587639","Scott R Schoder","Owner","Mal","10080000","45","367901","Electronic E","4","0","1"
"71983","Karsten Co Of Oregon","john@karstenco.com","1200 Wilco Rd","7813371859","5037696333","245101","Mobile Homes-Manufacturers","www.karstenco.com"," Email <---> Revenue ","152341","Karsten Co Of Oregon","1200 Wilco Rd","Stayton","OR","97383","Marion","www.karstenco.com","5037696333","5037696022","Buck Wooton","Plant Mgr","Mal","15780000","100","245101","Mobile Homes","4","0","1"
"150132","AAA Heating/Cooling Inc","johnny.spezza@aaaindoorairquality.com","2915 NE M L King Blvd","5032841552","5032842173","507507","Furnaces-Heating (Wholesale)","www.aaaiaq.com"," Email <---> Revenue ","12447","AAA Heating/Cooling Inc","2915 NE M L King Blvd","Portland","OR","97212","Multnomah","www.aaaiaq.com","5032842173","5032841552","Gordon Spezza","Owner","Mal","15300000","30","507507","Furnaces-Hea","4","0","1"
"54673","Estacada Lumber Co","jsmith@rsgfp.com","760 NW Highway 224","5036307731","5036307701","242101","Lumber-Manufacturers","www.rsgfp.com"," Email <---> Revenue ","99880","Estacada Lumber Co","760 NW Highway 224","Estacada","OR","97023","Clackamas","www.rsgfp.com","5036307701","5036307731","Tom Hale","Manager","Mal","24656000","92","242101","Lumber-Manuf","4","0","1"
"138725","General Pacific Inc","jtolnai@genpac.com","5600 NE 122nd Ave","5032570320","5032570327","506330","Electric Equipment & Supplies-Wholesale","www.genpac.com"," Email <---> Revenue ","115217","General Pacific Inc","5600 NE 122nd Ave","Portland","OR","97230","Multnomah","www.genpac.com","5032570327","5032570320","Rick Hall","President","Mal","11844000","18","506330","Electric Equ","4","0","1"
"78195","Western Trailers","jwhitehead@westerntrailer.com","3794 Conser Rd NE","NULL","5417539048","501212","Trailers-Truck (Wholesale)","NULL"," Email <---> Revenue ","291932","Western Trailers","3794 Conser Rd NE","Albany","OR","97321","Linn","","5417539048","","Jerry Whitehead","Owner","Mal","14800000","4","501212","Trailers-Tru","4","0","1"
"91756","Yoshida Group","J-Yoshida@yoshidafoodsinternational.com","17230 NE Sacramento St","5032840004","5038728450","209903","Food Products & Manufacturers","NULL"," Email <---> Revenue ","299147","Yoshida Group","17230 NE Sacramento St","Portland","OR","97230","Multnomah","www.yoshidafoodsinternational.com","5038728450","5032840004","Junki Yoshida","CEO","Fem","11040000","40","209903","Food Product","4","0","1"
"149897","Shopko","kathy.friedland-howard@shopko.com","1230 Lancaster Dr SE","6053350991","5033716410","531102","Department Stores","www.shopko.com"," Email <---> Revenue ","249709","Shopko","1230 Lancaster Dr SE","Salem","OR","97301","Marion","www.shopko.com","5033716410","5033718159","Stacy Johnson","Manager","Fem","10530000","65","531102","Department S","4","1","1"
"81321","Klamath Basin Equipment","kbe@cvc.net","4304 Highway 39","5418822571","5418842199","353401","Mfg Elevators/escalators Building Equipment Installatio","klamathbasinequipment.com"," Email <---> Revenue ","156454","Klamath Basin Equipment Inc","4304 Highway 39","Klamath Falls","OR","97603","Klamath","","5418822571","5418842199","Archie Linman","Owner","Mal","11952000","24","508310","Farm Equipme","4","0","1"
"13320","Radio Cab Co","keith@zapgraphics.com","1613 NW Kearney St","5032328785","5032271212","412101","Taxicabs & Transportation Service","www.zapgraphics.com"," Email <---> Revenue ","226158","Radio Cab Co","1613 NW Kearney St","Portland","OR","97209","Multnomah","www.radiocab.net","5032271212","5032274220","Rosie Brower","Manager","Fem","18000000","300","412101","Taxicabs & T","4","0","1"
"127710","Chown Hardware","keithg@chown.com","333 NW 16th Ave","5032436519","5032436500","507202","Builders Hardware (Wholesale)","NULL"," Email <---> Revenue ","62497","Chown Hardware","333 NW 16th Ave","Portland","OR","97209","Multnomah","www.chown.com","5032436500","5032436519","David Chown","Owner","Mal","11000000","68","507202","Builders Har","4","0","1"
"119728","Montinore Vineyards","Ken@montinore.com","PO Box 490","5033574313","5033595012","208401","Wineries","NULL"," Email <---> Revenue ","185710","Montinore Vineyards","3663 SW Dilley Rd","Forest Grove","OR","97116","Washington","www.montinore.com","5033595012","5033574313","Rudy Marchesi","President","Mal","13320000","30","208401","Wineries","4","0","1"
"142840","Temco Inc","kenw@temcousa.com","10240 SE Mather Rd","5036567567","5036564789","371410","Truck Equipment & Parts-Manufacturers","www.temcousa.com"," Email <---> Revenue ","269057","Temco Inc","10240 SE Mather Rd","Clackamas","OR","97015","Clackamas","www.temcousa.com","5036564789","5036567567","Bruce Bosch","Owner","Mal","19260000","60","371410","Truck Equipm","4","0","1"
"149815","Ever Fresh Fruit Co","kurt@everfreshfruit.com","35855 SE Kelso Rd","5036685823","5036688026","203801","Frozen Food Processors","NULL"," Email <---> Revenue ","100725","Ever Fresh Fruit Co","35855 SE Kelso Rd","Boring","OR","97009","Clackamas","www.everfreshfruit.com","5036688026","5036685823","Kurt Mc Knight","Owner","Mal","15235000","55","203801","Frozen Food ","4","0","1"
"16618","Service Paper Co","lburley@servicepaper.com","3006 N Wygant St","5095368163","5032857516","511101","Paper Products (Wholesale)","www.servicepaper.com"," Email <---> Revenue ","247002","Service Paper Co","3006 N Wygant St","Portland","OR","97217","Multnomah","www.servicepaper.com","5032857516","5032857546","Faye Chace","Manager","Fem","18132000","12","511101","Paper Produc","4","0","1"
"62494","J Lieb Foods","LiebJim@jliebfoods.com","PO Box 389","5033577713","5033599279","209903","Food Products & Manufacturers","NULL"," Email <---> Revenue ","140840","J Lieb Foods","2550 23rd Ave # D","Forest Grove","OR","97116","Washington","www.jliebfoods.com","5033599279","5033577713","Jim Lieb","Owner","Mal","16560000","60","209903","Food Product","4","0","1"
"146853","Poole Oil","linda@pooleoil.com","87 SE 7th Ave","5418811465","5418893128","517206","Oils-Fuel (Wholesale)","www.pooleoil.com"," Email <---> Revenue ","217523","Poole Oil","87 SE 7th Ave","Ontario","OR","97914","Malheur","www.pooleoil.com","5418893128","5418811465","Ralph Poole","President","Mal","20000000","14","517206","Oils-Fuel (W","4","0","1"
"142425","Steelhead Metal & Fabrication","lowellh@steelheadmetals.com","3958 Boone Rd SE","5037636280","5037630114","505106","Steel-Distributors & Warehouses","www.steelheadmetals.com"," Email <---> Revenue ","259206","Steelhead Metal & Fabrication","3958 Boone Rd SE","Salem","OR","97301","Marion","www.steelheadmetals.com","5037630114","5037636280","Mike Kreitzberg","President","Mal","16752000","16","505106","Steel-Distri","4","0","1"
"9163","Knapp Farms","MadelineKnapp@billknapp.com","PO Box 577","NULL","5036689613","019101","Farms","NULL"," Email <---> Revenue ","156964","Knapp Farms","41160 SE Highway 26","Sandy","OR","97055","Clackamas","www.billknapp.com","5036689613","","Madeline Knapp","Owner","Fem","10680000","60","19101","Farms","4","0","1"
"83849","Feed Barn","Mike@feedbarn.net","PO Box 1762","5419232699","5419233333","519112","Feed-Dealers (Wholesale)","NULL"," Email <---> Revenue ","104673","Feed Barn","2215 N Highway 97","Redmond","OR","97756","Deschutes","www.feedbarn.net","5419233333","5419232699","Mike Bridges","Owner","Mal","13300000","20","519112","Feed-Dealers","4","0","1"
"140332","Balzer Pacific","MikeAllen@balzerpacific.com","2136 SE 8th Ave","5032329556","5032325141","353198","Construction Machinery & Equip (Mfrs)","NULL"," Email <---> Revenue ","34124","Balzer Pacific","2136 SE 8th Ave","Portland","OR","97214","Multnomah","www.balzerpacific.com","5032325141","5032329556","Mike Allen","President","Mal","13000000","50","353198","Construction","4","0","1"
"132603","Black & Veatch","millerkd@bv.com","4800 Meadows Rd # 200","2104041370","5036997556","871110","Engineers-Civil","www.bv.com"," Email <---> Revenue ","1040","Black & Veatch","4800 Meadows Rd # 200","Lake Oswego","OR","97035","Clackamas","www.bv.com","5036997556","5036973699","Orville Finnigan","Manager","Mal","11850000","75","871110","Engineers-Ci","4","0","1"
"142365","Grecon","mklloyd@grecon-us.com","15875 SW 74th Ave","5036417508","5036417731","506315","Fire Protection Equipment & Supls (Whol)","www.grecon-us.com"," Email <---> Revenue ","120744","Grecon","15875 SW 74th Ave","Tigard","OR","97224","Washington","www.grecon-us.com","5036417731","5036417508","Hermann Staatf","Exec VP","Mal","14476000","22","506315","Fire Protect","4","0","1"
"90827","Direct Marketing Solutions Inc","msherman@teamdms.com","8534 NE Alderwood Rd","5032495126","5032811400","733105","Advertising-Direct Mail","www.teamdms.com"," Email <---> Revenue ","87415","Direct Marketing Solutions Inc","8534 NE Alderwood Rd","Portland","OR","97220","Multnomah","www.teamdms.com","5032811400","5032495126","Mike Sherman","CEO","Mal","20700000","150","733105","Advertising-","4","0","1"
"85552","LA-Z-Boy Furntiure Galleries","myohn@lzbpdx.com","7070 SW Nyberg St","5036928798","5036925635","571216","Furniture-Dealers-Retail","www.lzbpdx.com"," Email <---> Revenue ","159108","LA-Z-Boy Furntiure Galleries","7070 SW Nyberg St","Tualatin","OR","97062","Washington","www.lzbpdx.com","5036925635","5036928798","John Morrison","Manager","Mal","16000000","80","571216","Furniture-De","4","0","1"
"133935","Valley Hay","Nevin@valleyhay.com","31121 Cartney Dr","5419958152","5419957766","519115","Hay & Alfalfa (Wholesale)","NULL"," Email <---> Revenue ","282964","Valley Hay","31121 Cartney Dr","Harrisburg","OR","97446","Linn","www.valleyhay.com","5419957766","5419958152","Nevin Derstine","Owner","Mal","13300000","20","519115","Hay & Alfalf","4","0","1"
"77585","Naumes Inc","nhoward@naumes.com","2 W Barnett St","5417723650","5417726268","514805","Fruits & Vegetables-Growers & Shippers","www.naumes.com"," Email <---> Revenue ","191553","Naumes Inc","2 W Barnett St","Medford","OR","97501","Jackson","www.naumes.com","5417726268","5417723650","","","","13775000","25","514805","Fruits & Veg","4","2","1"
"141885","Lamb's Palisades Market","NickG@lambsmarkets.com","1377 Mcvey Ave","5036364458","5036362213","541105","Grocers","NULL"," Email <---> Revenue ","4813","Lamb's Palisades Market","1377 Mcvey Ave","Lake Oswego","OR","97034","Clackamas","www.lambsmarkets.com","5036362213","5036364458","Nick Goldsmith","Owner","Mal","11830000","65","541105","Grocers-Reta","4","0","1"
"26431","Oregon Overseas Timber Co Inc","nils.lau@ootci.com","PO Box 1701","5413472113","5413474419","242101","Lumber-Manufacturers","NULL"," Email <---> Revenue ","203336","Oregon Overseas Timber Co Inc","87702 Kehl Ln","Bandon","OR","97411","Coos","www.ootci.com","5413474419","5413472113","Nils Lau","President","Mal","13132000","49","242101","Lumber-Manuf","4","0","1"
"135817","Wellington House","order@wellingtonhouse.com","19520 NE San Rafael St","5036690196","5036618693","513611","T-Shirts-Wholesale","www.wellingtonhouse.com"," Email <---> Revenue ","289723","Wellington House","19520 NE San Rafael St","Portland","OR","97230","Multnomah","www.wellingtonhouse.com","5036618693","5036690196","Judy Leeper","Manager","Fem","10485000","15","513611","T-Shirts-Who","4","0","1"
"138108","Superior Tire Svc","patrick.ryan@sts247.com","4230 27th Ct SE","5033642515","5035851955","553123","Tire-Dealers-Retail","www.sts247.com"," Email <---> Revenue ","264516","Superior Tire Svc","4230 27th Ct SE","Salem","OR","97302","Marion","www.sts247.com","5035851955","5033642515","Jim Ryan","Owner","Mal","10000000","70","553123","Tire-Dealers","4","0","1"
"85257","Discovery Plastics","peggy_miller@discovery.com","3700 Western Way NE","5419678441","5419262900","254209","Display Fixtures & Materials-Mfrs","NULL"," Email <---> Revenue ","87669","Discovery Plastics","3700 Western Way NE","Albany","OR","97321","Linn","","5419262900","5419678441","Brad Barker","President","Mal","15400000","100","254209","Display Fixt","4","0","1"
"114173","Beltservice Corp","pmandaville@beltservice.com","13327 N Woodrush Way","9164190173","5032869965","508410","Conveyors & Conveying Equipment (Whol)","www.beltservice.com"," Email <---> Revenue ","38283","Beltservice Corp","13327 N Woodrush Way","Portland","OR","97203","Multnomah","www.beltservice.com","5032869965","5032855380","Mike Coser","Manager","Mal","10880000","20","508410","Conveyors & ","4","0","1"
"109949","Dark Horse Publications","pr@darkhorse.com","10956 SE Main St","5036549440","5036544184","594205","Comic Books","www.dhanimation.com"," Email <---> Revenue ","81423","Dark Horse Publications","10956 SE Main St","Milwaukie","OR","97222","Clackamas","www.dhanimation.com","5036544184","5036549440","","","","13300000","100","594205","Comic Books","4","1","1"
"125997","De Paul Industries","pwright@depaulindustries.com","4950 NE M L King Blvd","5032840548","5032811289","243102","Millwork (Manufacturers)","www.depaulindustries.com"," Email <---> Revenue ","83580","De Paul Industries","4950 NE M L King Blvd","Portland","OR","97211","Multnomah","www.depaulindustries.com","5032811289","5032840548","Bennett Johnson","CEO","Fem","17000000","100","243102","Millwork (Ma","4","0","1"
"118513","Carlton Packing Co","ray@carltonfarms.com","10600 NW Westside Rd","5038526263","5038527166","542107","Meat-Retail","www.carltonfarms.com"," Email <---> Revenue ","55051","Carlton Packing Co","10600 NW Westside Rd","Carlton","OR","97111","Yamhill","www.carltonfarms.com","5038527166","5038526263","John G Duyn","CEO","Mal","10787000","67","542107","Meat-Retail","4","0","1"
"88310","Erickson's Sentry Market","rcooper@uwgrocers.com","725 NE Greenwood Ave","5415361751","5415362631","541105","Grocers","www.sentrymarkets.com"," Email <---> Revenue ","2604","Erickson's Sentry Market","51537 Highway 97","La Pine","OR","97739","Deschutes","www.sentrymarkets.com","5415362631","5415361751","Mike Smartt","Manager","Mal","10010000","55","541105","Grocers-Reta","4","0","1"
"133085","SERBACO","reh@serbaco.com","8101 NE Killingsworth St","5032556968","5032556655","507501","Air Cleaning & Purifying Equip (Whol)","www.serbaco.com"," Email <---> Revenue ","240269","SERBACO","8101 NE Killingsworth St","Portland","OR","97218","Multnomah","www.serbaco.com","5032556655","5032556968","John Duby","President","Mal","15300000","30","507501","Air Cleaning","4","0","1"
"20236","Crater Lake Lodge","reserve-cl@xanterra.com","1211 Avenue C","7607862185","5418308700","701111","Resorts","www.xanterra.com"," Email <---> Revenue ","75265","Crater Lake Lodge","1211 Avenue C","White City","OR","97503","Jackson","www.craterlakelodge.com","5418308700","5418308514","Domine Lenz","Manager","Fem","18750000","250","701111","Resorts","4","1","1"
"129633","Arctic Sheet Metal","rhebdon@arcticsheetmetal.com","2310 NE Columbia Blvd","5032885849","5032885844","171103","Sheet Metal Work Contractors","www.arcticsheetmetal.com"," Email <---> Revenue ","27631","Arctic Sheet Metal","2310 NE Columbia Blvd","Portland","OR","97211","Multnomah","www.arcticsheetmetal.com","5032885844","5032885849","Doug Mc Quown","President","Mal","14600000","100","171103","Sheet Metal ","4","0","1"
"144370","Air-Weigh","richard.pierce@air-weigh.com","PO Box 24308","5414313121","541-343-7884","3596","Scales and Balances","Except Laboratory"," Email <---> Revenue ","18330","Air-Weigh","1730 Willow Creek Cir","Eugene","OR","97402","Lane","www.air-weigh.com","5413437884","5414313121","Martin Ambrose","Owner","Mal","11940000","30","504607","Scales (Whol","4","0","1"
"57663","APCON Inc","richard.rauch@apcon.com","17938 SW Upper Boones Ferry Rd","5036396740","5036396700","357701","Computer Supplies & Parts-Manufacturers","NULL"," Email <---> Revenue ","13423","APCON Inc","17938 SW Upper Boones Ferry Rd","Portland","OR","97224","Washington","www.apcon.com","5036396700","5036396740","Richard Rauch","Owner","Mal","15040000","40","357701","Computer Sup","4","0","1"
"112057","Western Pulp Products","Richard@westernpulp.com","5025 SW Hout St","5417578613","5417571151","261102","Pulp & Pulp Products (Manufacturers)","NULL"," Email <---> Revenue ","291761","Western Pulp Products","5025 SW Hout St","Corvallis","OR","97333","Benton","www.westernpulp.com","5417571151","5417578613","Richard Hurley","Owner","Mal","18100000","50","261102","Pulp & Pulp ","4","0","1"
"87585","North Santiam Paving Co","ronb@nspor.com","41203 Kingston Lyons Dr SE","5037697358","5037693436","161102","Road Building Contractors","NULL"," Email <---> Revenue ","195206","North Santiam Paving Co","41203 Kingston Lyons Dr SE","Stayton","OR","97383","Marion","www.nspor.com","5037693436","5037697358","Ron Bochsler","President","Mal","12925000","55","161102","Road Buildin","4","0","1"
"150985","Klamath Pacific Corp","roncriss@klamathpacific.com","2918 Edison Ave","5418847017","5418846184","161101","Paving Contractors","NULL"," Email <---> Revenue ","156699","Klamath Pacific Corp","2918 Edison Ave","Klamath Falls","OR","97603","Klamath","www.klamathpacific.com","5418846184","5418847017","Bob Stewart","President","Mal","10400000","70","161101","Paving Contr","4","1","1"
"101406","Roth Heating & Air Cond","roth@roth-heat.com","6990 S Anderson Rd","5032663478","5032661249","171117","Air Conditioning Contractors & Systems","www.roth-heat.com"," Email <---> Revenue ","238070","Roth Heating & Air Cond","6990 S Anderson Rd","Canby","OR","97013","Clackamas","www.roth-heat.com","5032661249","5032663478","K Mc Gregor","Owner","","17520000","120","171117","Air Conditio","4","0","1"
"57790","Mount Ashland Ski Area","rsaul@mtashland.com","693 Washington St","5414823644","5414822897","701110","Skiing Centers & Resorts","www.mtashland.com"," Email <---> Revenue ","187044","Mount Ashland Ski Area","693 Washington St","Ashland","OR","97520","Jackson","www.mtashland.com","5414822897","5414823644","Deborah Jones","President","Fem","18750000","250","701110","Skiing Cente","4","1","1"
"129592","Encore Metals","sales.seattle@encoremetals.com","10250 SW North Dakota St","5036204964","5036208810","505106","Steel-Distributors & Warehouses","www.encoremetals.com"," Email <---> Revenue ","98199","Encore Metals","10250 SW North Dakota St","Tigard","OR","97223","Washington","www.encoremetals.com","5036208810","5036204964","Mike Forney","Manager","Mal","20940000","20","505106","Steel-Distri","4","0","1"
"142075","C B Toyota-Lift","salesor@cbtoyotalift.com","12001 SE Jennifer St","5036577281","5036576900","508457","Trucks-Industrial (Wholesale)","www.cbtoyotalift.com"," Email <---> Revenue ","50976","C B Toyota-Lift","12001 SE Jennifer St","Clackamas","OR","97015","Clackamas","www.cbtoyotalift.com","5036576900","5036577281","Lenis Underwood","Manager","Mal","10600000","35","508457","Trucks-Indus","4","0","1"
"20494","R B Browns Trucking","sburns@rbbrowns.com","5758 Crater Lake Ave","5418267688","5418267420","421309","Trucking-Motor Freight","NULL"," Email <---> Revenue ","224860","R B Browns Trucking","5758 Crater Lake Ave","Central Point","OR","97502","Jackson","","5418267420","5418267688","Jeff Browns","President","Mal","15100000","100","421309","Trucking-Mot","4","0","1"
"3737","Salem Electric","se@salemelectric.com","633 7th St NW","5033712956","5033623601","491101","Electric Companies","www.salemelectric.com"," Email <---> Revenue ","241455","Salem Electric","633 7th St NW","Salem","OR","97304","Polk","www.salemelectric.com","5033623601","5033712956","Robert Speckman","Manager","Mal","16000000","47","491101","Electric Com","4","0","1"
"101047","Western Farm Svc","sford@agriumretail.com","32092 Highway 34","5595844093","5419283391","287598","Fertilizer Mixing Only (Manufacturers)","www.westernfarmservice.com"," Email <---> Revenue ","291487","Western Farm Svc","32092 Highway 34","Tangent","OR","97389","Linn","www.westernfarmservice.com","5419283391","5419268807","Chuck Hornung","Manager","Mal","14730000","30","287598","Fertilizer M","4","0","1"
"114064","Rightline Equipment Inc","shipping@rightline.com","29120 Dike Rd","5035562421","5035561761","353798","Industrial Trucks Tractors/Trlrs (Mfrs)","www.rightline.com"," Email <---> Revenue ","232457","Rightline Equipment Inc","29120 Dike Rd","Rainier","OR","97048","Columbia","www.rightline.com","5035561761","5035562421","Anneatta Hamlik","President","Fem","13850000","50","353798","Industrial T","4","0","1"
"95292","George M Sutton Rv & Dunbar","shop@suttonrv.com","2400 W 7th Ave","5414349714","5416892399","556103","Recreational Vehicles","www.gmsrv.com"," Email <---> Revenue ","115718","George M Sutton Rv & Dunbar","2400 W 7th Ave","Eugene","OR","97402","Lane","www.gmsrv.com","5416892399","5414349714","George M Sutton","Owner","Mal","21408000","48","556103","Recreational","4","0","1"
"52794","Beaverton Foods","SmallB@beavertonfoods.com","7100 NW Century Blvd","5036449204","5036468138","203598","Pickled Fruits/Vegs & Dressings (Mfrs)","NULL"," Email <---> Revenue ","37375","Beaverton Foods","7100 NW Century Blvd","Hillsboro","OR","97124","Washington","www.beavertonfoods.com","5036468138","5036449204","Bill Small","CEO","Mal","13600000","80","203598","Pickled Frui","4","0","1"
"18554","Real Wood Products","SoggeS@autosound.com","90 Foch St","5416892173","5416898195","249998","Wood Products Nec (Manufacturers)","NULL"," Email <---> Revenue ","228401","Real Wood Products","90 Foch St","Eugene","OR","97402","Lane","www.realwoodproductsco.com","5416898195","5416892173","Steve Sogge","President","Mal","12100000","32","249998","Wood Product","4","0","1"
"91973","Masons Supply Co","srice@masco.net","2637 SE 12th Ave","5032345606","5032344321","503207","Concrete Constr Forms & Acces (Whol)","NULL"," Email <---> Revenue ","175757","Masons Supply Co","2637 SE 12th Ave","Portland","OR","97202","Multnomah","www.masco.net","5032344321","5032345606","William Merriman","Owner","Mal","12000000","25","503207","Concrete Con","4","0","1"
"85051","Paige Electric","SteveCappy@paigeelectric.com","3607 NW Falcon Rdg","NULL","5413858512","491101","Electric Companies","NULL"," Email <---> Revenue ","208595","Paige Electric","3607 NW Falcon Rdg","Bend","OR","97701","Deschutes","","5413858512","","Steve Cappy","Owner","Mal","21560000","35","491101","Electric Com","4","0","1"
"129221","Do It Best Corp","stock@doitbest.com","333 Woodland Ave","7655841360","5039821227","525104","Hardware-Retail","www.doitbest.com"," Email <---> Revenue ","88246","Do It Best Corp","333 Woodland Ave","Woodburn","OR","97071","Marion","www.doitbest.com","5039821227","5039811464","Tony Orlandini","Manager","Mal","19350000","150","525104","Hardware-Ret","4","0","1"
"46789","Nor AM Telecommunications Inc","strategicsupport@quantaservices.com","15701 SE 135th Ave","3602545097","5036560607","173101","Electric Contractors","www.quantaservices.com"," Email <---> Revenue ","194419","Nor AM Telecommunications Inc","15701 SE 135th Ave","Clackamas","OR","97015","Clackamas","www.quantaservices.com","5036560607","5036565730","Neal Kuenzi","Manager","Mal","13200000","100","173101","Electric Con","4","2","1"
"83799","Springfield Creamery","sue@nancysyogurt.com","29440 Airport Rd","5416892915","5416892911","024101","Dairies","NULL"," Email <---> Revenue ","256399","Springfield Creamery","29440 Airport Rd","Eugene","OR","97402","Lane","www.nancysyogurt.com","5416892911","5416892915","Sue Kesey","Owner","Fem","10829000","49","24101","Dairies","4","0","1"
"22133","Coiltron Inc","susan@coiltron.com","6755 SW Sandburg St","5036203389","5036208231","506311","Transformers-Wholesale","www.coiltron.com"," Email <---> Revenue ","67939","Coiltron Inc","6755 SW Sandburg St","Tigard","OR","97223","Washington","www.coiltron.com","5036208231","5036203389","William French","President","Mal","15134000","23","506311","Transformers","4","0","1"
"64706","Sklar Peppler","T_Bob@sklarpeppler.com","PO Box 11770","5035280131","5035280130","259901","Furniture-Manufacturers","NULL"," Email <---> Revenue ","251864","Sklar Peppler","2425 NE Riverside Way","Portland","OR","97211","Multnomah","www.sklarpeppler.com","5035280130","5035280131","Bob Tweedy","Owner","Mal","13680000","90","259901","Furniture-Ma","4","0","1"
"148030","Sunbelt Rentals Inc","tenglish@sunbeltrentals.com","7626 NE Killingsworth St","2088843186","5032569800","735910","Rental Service-Stores & Yards","www.sunbeltrentals.com"," Email <---> Revenue ","263159","Sunbelt Rentals Inc","7626 NE Killingsworth St","Portland","OR","97218","Multnomah","www.sunbeltrentals.com","5032569800","5032557614","Earl Rose","VP","Mal","12078000","66","735910","Rental Servi","4","0","1"
"119337","Computer Forms Inc","tfunk@computerforms.biz","12111 SW Herman Rd","5036200277","5036204433","511207","Business Forms & Systems (Wholesale)","NULL"," Email <---> Revenue ","70676","Computer Forms Inc","12111 SW Herman Rd","Tualatin","OR","97062","Washington","www.computerforms.biz","5036204433","5036200277","Jeff Swan","President","Mal","22230000","65","511207","Business For","4","0","1"
"147888","Klupenger Nursery & Grnhs Inc","timtrayan@klupenger.com","24075 Klupenger Rd NE","5036781205","5036785838","519306","Nurseries-Plants Trees & Etc-Wholesale","www.klupenger.com"," Email <---> Revenue ","156899","Klupenger Nursery & Grnhs Inc","24075 Klupenger Rd NE","Aurora","OR","97002","Marion","www.klupenger.com","5036785838","5036781205","Raymond Klupenger","President","Mal","19710000","90","519306","Nurseries-Pl","4","0","1"
"137221","Diversi Form","tina@diversiform.com","6475 SW Fallbrook Pl","5036468424","5036436644","276103","Business Forms & Systems-Manufacturers","www.diversiform.com"," Email <---> Revenue ","87866","Diversi Form","6475 SW Fallbrook Pl","Beaverton","OR","97008","Washington","www.diversiform.com","5036436644","5036468424","Dick Ipsen","Owner","Mal","17290000","70","276103","Business For","4","0","1"
"141666","Emery & Sons Construction","tonya@emeryandsons.com","PO Box 398","5037695266","5037697751","179403","Excavating Contractors","NULL"," Email <---> Revenue ","97743","Emery & Sons Construction","9694 Golf Club Rd SE","Stayton","OR","97383","Marion","","5037697751","5037695266","L Dale Emery","Owner","Mal","19080000","120","179403","Excavating C","4","0","1"
"88155","Femrite Nursery Co","trees@femrite.com","13193 Arndt Rd NE","5032666836","5036781261","519306","Nurseries-Plants Trees & Etc-Wholesale","www.canbyherald.com"," Email <---> Revenue ","104774","Femrite Nursery Co","13193 Arndt Rd NE","Aurora","OR","97002","Marion","www.femrite.com","5036781261","5036785083","Douglas Femrite","Owner","Mal","13140000","60","519306","Nurseries-Pl","4","0","1"
"116109","Forbes Seed & Grain Inc","troyr@forbesseed.com","94904 Highway 99 E","5419981091","5419988086","519105","Seeds & Bulbs-Wholesale","www.forbesseed.com"," Email <---> Revenue ","108564","Forbes Seed & Grain Inc","94904 Highway 99 E","Junction City","OR","97448","Lane","www.forbesseed.com","5419988086","5419981091","Vaughn Forbes","President","Mal","13300000","20","519105","Seeds & Bulb","4","0","1"
"109243","Campbell Crane","TS@campbellcrane.com","PO Box 11347","5032833115","5032833111","735949","Contractors-Equipment & Supls-Renting","NULL"," Email <---> Revenue ","53255","Campbell Crane","8001 NE 14th Pl","Portland","OR","97211","Multnomah","www.campbellcrane.com","5032833111","5032833115","Tony Steelman","Owner","Mal","10980000","60","735949","Contractors-","4","0","1"
"47721","Emmert International Corp","twemmert@emmertintl.com","11811 SE Highway 212","NULL","5032221234","421313","House & Building Movers","NULL"," Email <---> Revenue ","97848","Emmert International Corp","11811 SE Highway 212","Clackamas","OR","97015","Clackamas","www.emmertintl.com","5032221234","","Terry Emmert","Owner","Mal","11325000","75","421313","House & Buil","4","0","1"
"105796","B & B Auto Supply Co","walton@sdweb.net","2140 NW Quimby St","6056242834","5032361147","501313","Automobile Parts & Supplies-Wholesale","www.luthercenter.org"," Email <---> Revenue ","32024","B & B Auto Supply Co","2140 NW Quimby St","Portland","OR","97210","Multnomah","www.bbautosupply.com","5032361147","5032361215","Frank Santell","Owner","Mal","14336000","32","501313","Automobile P","4","0","1"
"119947","Weaver Forest Products","Weaver.Lois@weaverfp.com","7025 6th St","5418267483","5418265115","503109","Lumber-Wholesale","NULL"," Email <---> Revenue ","289230","Weaver Forest Products","7025 6th St","White City","OR","97503","Jackson","www.weaverfp.com","5418265115","5418267483","Lois Weaver","President","Fem","14120000","20","503109","Lumber-Whole","4","0","1"
"143366","Metro Auto Wholesale","webleads@pccarbuyer.com","7238 SE Foster Rd","5745943849","5037772277","551103","Automobile Dealers-Used Cars","www.thecarcompany.com"," Email <---> Revenue ","180561","Metro Auto Wholesale","7238 SE Foster Rd","Portland","OR","97206","Multnomah","www.metroautowholesale.com","5037772277","5037771823","Jeff Carrier","Manager","Mal","22645000","35","551103","Automobile D","4","1","1"
"45901","United Tile","Wiedemann_Ken@unitedtile.com","3145 NW Yeon Ave","5032311264","5032314959","503219","Tile-Ceramic-Distributors","NULL"," Email <---> Revenue ","281581","United Tile","3145 NW Yeon Ave","Portland","OR","97210","Multnomah","www.unitedtile.com","5032314959","5032311264","Ken Wiedemann","Owner","Mal","12000000","25","503219","Tile-Ceramic","4","0","1"
"25665","Norpac","wood@norpac.com","PO Box 1800","5036357498","5036359311","203801","Frozen Food Processors","NULL"," Email <---> Revenue ","5789","Norpac","4350 Galewood St # 2","Lake Oswego","OR","97035","Clackamas","www.norpac.com","5036359311","5036357498","Mike Wood","President","Mal","18005000","65","203801","Frozen Food ","4","0","1"
"56029","REI-Recreational Equipment Inc","yourname@yourdomain.com","7410 SW Bridgeport Rd","2516538743","5036248600","594113","Sporting Goods-Retail","www.newyorkspeed.com"," Email <---> Revenue ","225781","REI-Recreational Equipment Inc","7410 SW Bridgeport Rd","Tigard","OR","97224","Washington","www.rei.com","5036248600","5036846099","Holly Von Fleet","Manager","Fem","11840000","80","594113","Sporting Goo","4","0","1"
