mail id,company,email,address,phone,fax,sic,sic description,web,,revenue id,company,address,city,state,zip,	metro,web,phone,fax,contact,position,gender,sales,# of employee,sic,sic_descrpiton,	,,
"94725","Molecular Probes Inc","bioprobes@invitrogen.com","29851 Willow Creek Rd","5413446504","5414658300","283598","In-Vitro/In-Vivo Diagnostic Sbstnc (Mfr)","www.probes.com"," Email <---> Revenue ","185186","Molecular Probes Inc","29851 Willow Creek Rd","Eugene","OR","97402","Lane","www.probes.com","5414658300","5413446504","Augie Sick","Manager","Mal","81267000","263","283598","In-Vitro/In-","6","0","1"
"116673","Keith Sales Inc","bjones@keithwalkingfloor.com","401 NW Adler St","5414752169","5414753802","508410","Conveyors & Conveying Equipment (Whol)","NULL"," Email <---> Revenue ","153213","Keith Sales Inc","401 NW Adler St","Madras","OR","97741","Jefferson","www.keithwalkingfloor.com","5414753802","5414752169","Keith Foster","Owner","Mal","81600000","150","508410","Conveyors & ","6","0","1"
"84480","Pendleton Flour Mills","blozi_pfm@gohighspeed.com","P.O. Box 400","5412766511","null","204598","Flour","PFMILLS.COM"," Email <---> Revenue ","212566","Pendleton Flour Mills","501 SE Emigrant Ave","Pendleton","OR","97801","Umatilla","","5412766511","5412769151","","","","61500000","75","204102","Milling","6","0","1"
"118013","Ed Staub & Sons Petroleum","BradS@edstaub.com","PO Box 528","NULL","5417985215","517208","Gas-Liquefied Petro-Bttld/Bulk (Whol)","NULL"," Email <---> Revenue ","94847","Ed Staub & Sons Petroleum","19828 State Line Rd","Merrill","OR","97633","Klamath","","5417985215","","Brad Staub","Owner","Mal","63726000","19","517208","Gas-Liquefie","6","0","1"
"132675","Garmin AT","cartography@garmin.com","2345 Turner Rd SE","9133978282","5035818101","504910","Aircraft Instruments (Wholesale)","www.garmin.com"," Email <---> Revenue ","113844","Garmin AT","2345 Turner Rd SE","Salem","OR","97302","Marion","www.garmin.com","5035818101","5033642138","Steve Van Arsdale","Plant Mgr","Mal","64950000","150","504910","Aircraft Ins","6","0","1"
"143190","CH2M Hill","cbeeke@mbusinessreview.com","2300 NW Walnut Blvd","5096231622","5417524271","871111","Engineers-Consulting","www.ch2m.com"," Email <---> Revenue ","51848","CH2M Hill","2300 NW Walnut Blvd","Corvallis","OR","97330","Benton","www.ch2m.com","5417524271","5417520276","Cindy Dahl","Manager","Fem","57670000","365","871111","Engineers-Co","6","0","1"
"54135","Teeny Foods Inc","darryl.abram@teenyfoods.com","3434 NE 170th Pl","5032543004","5032523006","514902","Bakers-Wholesale","NULL"," Email <---> Revenue ","268876","Teeny Foods Inc","3434 NE 170th Pl","Portland","OR","97230","Multnomah","www.teenyfoods.com","5032523006","5032543004","Rick Teeny","CEO","Mal","50640000","60","514902","Bakers-Whole","6","0","1"
"139969","Forrest Paint Co","delphine.forny@cashin-france.com","990 Mckinley St","2538548979","5418681222","523107","Paint-Retail","www.forrestpaint.com"," Email <---> Revenue ","109018","Forrest Paint Co","1011 Mckinley St","Eugene","OR","97402","Lane","www.forrestpaint.com","5413421821","5413445137","Richard Forrest","President","Mal","70950000","150","285103","Paint-Manufa","6","0","1"
"97613","D R Johnson Lumber Co","drjohnson@drjlumber.com","1991 Pruner Rd","5418743337","5418742231","242198","Sawmills & Planing Mills-General","www.drjlumber.com"," Email <---> Revenue ","79211","D R Johnson Lumber Co","1991 Pruner Rd","Riddle","OR","97469","Douglas","www.drjlumber.com","5418742231","5418743337","Don R Johnson","President","Mal","70000000","130","242198","Sawmills & P","6","0","1"
"127652","Univar USA","ebusiness.messages@univarusa.com","3950 NW Yeon Ave","5742890823","5032221721","516916","Chemicals (Wholesale)","www.univarusa.com"," Email <---> Revenue ","281682","Univar USA","3950 NW Yeon Ave","Portland","OR","97210","Multnomah","www.univarusa.com","5032221721","5032222714","Paulette Benedict","Manager","Fem","60060000","60","516916","Chemicals (W","6","0","1"
"132616","Swift Transportation Co","edisupport@swifttrans.com","2021 NW Sundial Rd","9088222010","5036613031","421309","Trucking-Motor Freight","www.swifttrans.com"," Email <---> Revenue ","265613","Swift Transportation Co","2021 NW Sundial Rd","Troutdale","OR","97060","Multnomah","www.swifttrans.com","5036613031","5036610142","Doug Obray","Manager","Mal","90600000","600","421309","Trucking-Mot","6","0","1"
"110749","Emerald Forest Products","GeraldVickers@eonline.com","PO Box 2746","5416831988","5416831984","243501","Plywood & Veneers-Manufacturers","NULL"," Email <---> Revenue ","97551","Emerald Forest Products","118 Highway 99 N","Eugene","OR","97402","Lane","","5416831984","5416831988","Gerald Vickers","President","Mal","58800000","350","243501","Plywood & Ve","6","0","1"
"103738","National Frozen Foods Corp","jbafus@nationalfrozenfoods.com","745 30th Ave SW","5419283306","5419283306","203801","Frozen Food Processors","www.nationalfrozenfoods.com"," Email <---> Revenue ","190940","National Frozen Foods Corp","745 30th Ave SW","Albany","OR","97322","Linn","www.nationalfrozenfoods.com","5419283306","5419678747","Bill O'Bryan","Manager","Mal","55400000","200","203801","Frozen Food ","6","0","1"
"141939","Mount Trailer Co","larryb@mounttrailer.com","6364 NE 63rd Ave","5032884057","5032827207","501212","Trailers-Truck (Wholesale)","www.mounttrailer.com"," Email <---> Revenue ","187146","Mount Trailer Co","6364 NE 63rd Ave","Portland","OR","97218","Multnomah","www.mounttrailer.com","5032827207","5032884057","Hugh S Mount","President","Mal","66600000","18","501212","Trailers-Tru","6","0","1"
"79267","Oregon Cherry Growers Inc","mrm@orcherry.com","101 Madison St","5412962509","5412962547","514805","Fruits & Vegetables-Growers & Shippers","www.orcherry.com"," Email <---> Revenue ","201937","Oregon Cherry Growers Inc","101 Madison St","The Dalles","OR","97058","Wasco","www.orcherry.com","5412962547","5412962509","Pete Varberg","Plant Mgr","Mal","50300000","350","514805","Fruits & Veg","6","2","1"
"83814","Western Bus Sales Inc","newbus@westernbus.com","30355 SE Highway 212","5039050003","5039050002","501209","Buses-New & Used (Wholesale)","www.westernbus.com"," Email <---> Revenue ","291372","Western Bus Sales Inc","30355 SE Highway 212","Boring","OR","97009","Clackamas","www.westernbus.com","5039050002","5039050003","Marlan Rohlena","Owner","Mal","77700000","21","501209","Buses-New & ","6","0","1"
"120754","Biamp Systems","plinn@biamp.com","10066 SW Arctic Dr","5036260281","5036417287","504301","Audio-Visual Equipment & Supls (Whol)","www.biamp.com"," Email <---> Revenue ","40590","Biamp Systems","10066 SW Arctic Dr","Beaverton","OR","97005","Washington","www.biamp.com","5036417287","5036260281","Gerald Payette","VP","Mal","82080000","80","504301","Audio-Visual","6","0","1"
"142380","Rising Sun Farm","production@risingsunfarms.com","5126 S Pacific Hwy","5415358350","5415358331","514101","Food Products (Wholesale)","www.risingsunfarms.com"," Email <---> Revenue ","232688","Rising Sun Farm","5126 S Pacific Hwy","Phoenix","OR","97535","Jackson","www.risingsunfarms.com","5415358331","5415358350","Elizabeth Fujas","Owner","Fem","51165000","45","514101","Food Product","6","0","1"
"100301","Barenbrug USA","roeland.kapsenberg@barusa.com","PO Box 239","5419269435","5419265801","5191","Farm Supplies (merchant wholesalers except those selling lawn and garden supplies via retail method)","NULL"," Email <---> Revenue ","35129","Barenbrug USA","33477 Highway 99 E","Tangent","OR","97389","Linn","www.barusa.com","5419265801","5419269435","Roeland Kapsenberg","Manager","Mal","53200000","80","519105","Seeds & Bulb","6","0","1"
"133674","Philips Industries Of Oregon","scott.alwine@philipsproducts.com","1620 Wilco Rd","5037691801","5037696321","344298","Metal Doors Sash Frames & Trim (Mfrs)","www.philipsproducts.com"," Email <---> Revenue ","214548","Philips Industries Of Oregon","1620 Wilco Rd","Stayton","OR","97383","Marion","www.philipsproducts.com","5037696321","5037691801","Mike Schmidt","Plant Mgr","Mal","70400000","400","344298","Metal Doors ","6","0","1"
"107313","All Sports Supply Inc","sfifer@bigrocksports.com","11245 SE Highway 212","5036504192","5036507500","509111","Sporting Goods-Wholesale","www.assi.com"," Email <---> Revenue ","20452","All Sports Supply Inc","11245 SE Highway 212","Clackamas","OR","97015","Clackamas","www.assi.com","5036507500","5036504192","Doug Bellmore","Manager","Mal","61500000","100","509111","Sporting Goo","6","0","1"
"141718","Star-Oil Co","susan@staroilco.net","232 NE Middlefield Rd","5032831736","5032831256","517206","Oils-Fuel (Wholesale)","www.staroilco.net"," Email <---> Revenue ","258121","Star-Oil Co","232 NE Middlefield Rd","Portland","OR","97211","Multnomah","www.staroilco.net","5032831256","5032831736","Michael Fitz","President","Mal","80496000","24","517206","Oils-Fuel (W","6","0","1"
"33168","Jerry Brown Co Inc","wedgie@jbco.com","93244 Highway 99 S","5419988376","5419982300","517210","Gasoline & Oil-Wholesale","www.jbco.com"," Email <---> Revenue ","145427","Jerry Brown Co Inc","93244 Highway 99 S","Junction City","OR","97448","Lane","www.jbco.com","5419982300","5419988376","Vaughn Roser","Owner","Mal","62300000","70","517210","Gasoline & O","6","0","1"
"146653","Yellow Transportation Inc","yfs.hr@yellowcorp.com","10510 N Vancouver Way","8454274206","5032898800","421304","Trucking","www.myyellow.com"," Email <---> Revenue ","298929","Yellow Transportation Inc","10510 N Vancouver Way","Portland","OR","97217","Multnomah","www.myyellow.com","5032898800","5037352233","Jim Davis","Manager","Mal","56625000","375","421304","Trucking","6","0","1"
"139873","KGW","yourpics@kgw.com","1501 SW Jefferson St","5032264448","5032265000","483301","Television Stations & Broadcasting CO","www.kgw.com"," Email <---> Revenue ","151377","KGW","1501 SW Jefferson St","Portland","OR","97201","Multnomah","www.kgw.com","5032265000","5032264448","Paul Fry","Manager","Mal","69520000","220","483301","Television S","6","0","1"
