"HANDYMAN CONNECTION","2088840074","1530 W STATE ST","MERIDIAN","35000000","LEN SODENKAMP","Owner","M","5403","H","Handyman Connection","Len@handymanconnection.com","1530 W State St # E","Meridian","ID","83642","NULL","2088840074","152115","Handyman Services","NULL","0","0"
"Basic American Foods","2085255000","1050 W Sunnyside Rd","Idaho Falls","28152000","Gary White","Manager","Mal","5969","B","Basic American Foods","gary.white@baf.com","NULL","Idaho Falls","ID","83402","2085255002","208-525-5000","7389","Business Services","NEC (radio transcription services)","0","0"
"CARPET ONE","2083434679","1507 W MAIN ST","BOISE","26000000","RICK ROEDER","Manager","M","8414","S","Sandusky;Larry","gestep@buildpros.com","1507 Main Street","Boise","ID","83702","2083434679","2083841080^^2088538","571305","Carpet & Rug Dealers","carpetone.com","0","0"
"LUMBER PRODUCTS","2083363911","1200 W AMITY RD","BOISE","25400000","CAL EMERSON","Manager","M","8501","L","Lumber Products","lpweb@lumpro.com","1200 W Amity Rd","Boise","ID","83705","5413427545","2083363911","503109","Lumber-Wholesale","www.lumberproducts.com","0","0"
"Edwards Brothers Inc","2085231382","1795 N Holmes Ave","Idaho Falls","29445000","Morgan Edwards","Owner","Mal","11117","E","Edwards Brothers Trucking","lking@ebitrucking.com","795 N Holmes Avenue","IDAHO FALLS","ID","83401","2085231382","2085231397","421304","Trucking","EBITRUCKING.COM","0","0"
"Amerigo Inc","2082342181","735 S 1st Ave","Pocatello","47376000","Cheri Hall","Owner","Fem","15520","A","Amerigo Inc","cheri.hall@amerigo.com","735 S 1st Ave","Pocatello","ID","83201","2082342112","2082342181","506355","Traffic Signs Signals & Equip-Whol","NULL","0","0"
"Max Herbold Inc","2086772102","10 N 300 W","Burley","30856000","Dennis Herbold","Owner","Mal","15672","M","Max Herbold Inc","stephani.merrigan@maxherboldinc.com","10 N 300 W","Burley","ID","83318","2086772065","2086772102","514802","Potatoes-Wholesale","NULL","0","0"
"SCP GLOBAL TECHNOLOGIES","2086855000","8455 WESTPARK ST","BOISE","48600000","KEITH G O'LEARY","Chief Executive Office","M","16446","S","Scp Global Technologies","anthony.oliveri@scpglobal.com","400 North Benjamin Lane","Lane","ID","83704","2083785442","2083779700","3281","Cut Stone and Stone Products","NULL","0","0"
"HEAVENLY HAM","2083778664","6103 W FAIRVIEW AVE","BOISE","48000000","MOE STARK","Owner","M","19749","H","Heavenly Ham","MoeStark@heavenlyham.com","6103 W Fairview Ave","Boise","ID","83704","2083779202","2083778664","542107","Meat-Retail","NULL","0","0"
"Larry Miller Subaru Mitsubishi","2089476300","9380 W Fairview Ave","Boise","38820000","Rob West","Manager","Mal","22237","L","Larry Miller Subaru Mitsubishi","tfischer@lmidaho.com","9380 W Fairview Ave","Boise","ID","83704","2089476461","2089476300","551103","Automobile Dealers-Used Cars","www.larrymiller.subaru.com","0","1"
"FOOD SERVICES OF AMERICA","2088848400","1495 N HICKORY AVE","MERIDIAN","26900000","HANS SCHATZ","President","M","23787","F","Food Services Of America","tim_mattice@fsafood.com","1495 N Hickory Ave","Meridian","ID","83642","2088848439","2088848400","514105","Grocers-Wholesale","NULL","0","0"
"In Touch Solutions","2089476785","2440 S Titanium Pl","Meridian","30300000","Paul Unger","President","Mal","26406","I","In Touch Solutions","Paul@bctelephone.com","2440 S Titanium Pl","Meridian","ID","83642","2083780208","2089476785","506563","Telecommunication Equip/Syst-Whol/Mfrs","NULL","0","0"
"ARTCO","2083591000","1 STATIONERY PL","REXBURG","34500000","GARTH MILLER","President","M","29391","A","Artco","garth.miller@stylart.com","1 Stationery Pl","Rexburg","ID","83441","2083771470","208-359-1000","2752","Commercial Printing","Lithographic (except quick printing)","0","0"
"PLAY IT AGAIN SPORTS","2083780053","7566 W FAIRVIEW AVE","BOISE","27300000","MIKE CLAPPER","Owner","M","29669","P","Play It Again Sports","Mike@playitagainsports.com","8001 W Fairview Ave","Boise","ID","83704","2083780063","2083780053","594113","Sporting Goods-Retail","NULL","0","0"
"PICTURE GALLERIES","2083219500","11801 W EXECUTIVE DR","BOISE","26300000","LANCE SAUNDERS","President","M","30190","P","Picture Galleries","L.Saunders@picturetalkgalleries.com","11801 W Executive Dr","Boise","ID","83713","2083219171","2083219500","599927","Picture Frames-Dealers","NULL","0","0"
"THORNTON OLIVER KELLER","2083784600","250 S 5TH ST # 2","BOISE","28000000","MIKE KELLER","President","M","33453","C","Candy Willcuts","cwillcuts@thorntonoliverkeller.com","250 S 5th St 2nd Floor","BOISE","ID","83702","2083784600","2083784646","175299","Floor Laying Contractor","thortonoliverkeller.com","0","0"
"Riverside Inc","2087226731","111 S Roswell Blvd","Parma","27636000","Dennis Daugherty","Owner","Mal","33553","R","Riverside Inc","Dennis.Daugherty@business-words.com","PO Box 720","Parma","ID","83660","2087226736","2087226731","506333","Electric Motors-Dlrs/Repairing (Whol)","NULL","0","0"
"Schweitzer Mountain Resort","2082639555","10000 Schweitzer Mountain Rd","Sandpoint","37500000","Tom Fortune","Manager","Mal","39390","S","Schweitzer Mountain Resort","mailtactivityinfo@schweitzer.com","10000 Schweitzer Mountain Rd","Sandpoint","ID","83864","2082630775","2082639555","701111","Resorts","www.schweitzer.com","0","1"
"Atkinson's Market","2087265668","451 4th St E","Ketchum","32600000","Chip Atkinson","Owner","Mal","42491","A","Atkinson's Market","AC@atkinsons.com","PO Box 2088","Ketchum","ID","83340","2087263603","2087265668","541105","Grocers","NULL","0","0"
"Creative Services","2085426767","333 Northgate Mile","Idaho Falls","31758000","Jerry Brady","Owner","Mal","43104","C","Creative Services","Jerry@creativeservices.com","333 Northgate Mile","Idaho Falls","ID","83401","2085282202","2085426767","731101","Advertising-Agencies & Counselors","NULL","0","0"
"CARPET ONE PIONEER FLOORS","2087346015","326 2ND AVE S","TWIN FALLS","26000000","ADE PALMER","Owner","M","45800","C","Carpet One-Pioneer Floors","Pioneerc1@magiclink.com","701 2nd Avenue S","Twin Falls","ID","83301","2087346015","2087347945","571305","Carpet & Rug Dealers","null","0","0"
"Bogus Basin Mountain Resort","2083325144","2600 N Bogus Basin Rd","Boise","41250000","Mike Shirley","President","Mal","49335","B","Bogus Basin Mountain Resort","history@bogusbasin.com","2600 N Bogus Basin Rd","Boise","ID","83702","2083325102","2083325144","729935","Wedding Chapels","www.bogusbasin.com","0","0"
"ATK","2087462351","2299 SNAKE RIVER AVE","LEWISTON","32600000","MARK MATUSEVICH","Manager","M","51875","A","Atk","george.torres@atk.com","2299 Snake River Ave","Lewiston","ID","83501","9798498213","2087462351","508599","Miscellaneous Industrial Supplies (Whol)","www.mission.com","0","0"
"COMPUTROL INC","2088871000","499 E CORPORATE DR","MERIDIAN","35000000","CHARLIE SCOTT","President","M","54144","C","Computrol Inc","cscott@computrol.com","499 E Corporate Dr","Meridian","ID","83642","2088872000","2088871000","381298","Search Detection/Nav Systs/Instr (Mfrs)","NULL","0","0"
"DICKINSON FROZEN FOODS INC","2084525200","PO BOX 1010","FRUITLAND","28100000","LINDA PENNINGTON","President","F","54227","D","Dickinson Frozen Foods Inc","brandi@dickinsonfrozenfoods.com","PO Box 1010","Fruitland","ID","83619","2084525365","2084525200","514201","Frozen Foods-Wholesale","NULL","0","0"
"Interior Systems Inc","2088532233","5424 W State St","Boise","33300000","Brian Whipple","President","Mal","54236","I","Interior Systems Inc","vanessao@isiperforms.com","5424 W State St","Boise","ID","83703","2088532237","2088532233","174203","Dry Wall Contractors","www.isiperforms.com","0","0"
"CH2M Hill","2083455310","700 Clearwater Ln","Boise","31600000","Mark Bowen","Manager","Mal","54464","C","CH2M Hill","sean.flynn@shj.com","700 Clearwater Ln","Boise","ID","83712","2083455315","2083455310","871106","Engineers","www.ch2m.com","0","0"
