"CARPET EXCHANGE","3034221406","5450 WADSWORTH BYP","ARVADA","60000000","BRUCE ODETTE","Manager","M","2155","C","Carpet Exchange","BruceOdette@carpetexchange.com","5450 Wadsworth Byp","Arvada","CO","80002","NULL","3034221406","571305","Carpet & Rug Dealers-New","NULL","0","0"
"Pioneer Steel & Tube Distr","3032893201","1660 Lincoln St # 2300","Denver","75000000","Michael Harris","President","Mal","2295","P","Pioneer Steel & Tube Distr","Harris@pioneerpipe.com","1660 Lincoln St # 2300","Denver","CO","80264","3032896381","3032893201","505107","Pipe-Wholesale","NULL","0","0"
"Ehrlich","9703537707","2733 8th Ave","Greeley","90580000","Scott Ehrlich","Owner","Mal","4760","E","Ehrlich","Ehrlich@ehrlichmotors.com","843 27th Street Pl","Greeley","CO","80631","9703536114","9703537707","551103","Automobile Dealers-Used Cars","NULL","0","1"
"CLASSY CLOSET","9702491372","1012 E MAIN ST","MONTROSE","66000000","ANN SNIDER","Owner","F","9160","C","Classy Closet","S_Ann@classyclosets.com","309 W Main St","Montrose","CO","81401","NULL","9702491372","502309","Closets & Closet Accessories (Whol)","NULL","0","0"
"SUMMIT MARKETING","3036972999","48 W RANCH TRL","MORRISON","75000000","CARL KIMBALL","President","M","10791","S","Summit Marketing","KCark@brunico.com","48 W Ranch Trl","Morrison","CO","80465","NULL","3036972999","731101","Advertising-Agencies & Counselors","NULL","0","0"
"Colorado Container Corp","3033310400","4221 Monaco St","Denver","81000000","Bruce Kelley","CEO","Mal","10901","C","Colorado Container Corp","denise.mcwilliams@coloradocontainer.com","4221 Monaco St","Denver","CO","80216","3033319455","3033310400","265301","Corrugated & Solid Fiber Boxes (Mfrs)","NULL","0","0"
"E FILLMENT","3033673333","18101 E COLFAX AVE","AURORA","67500000","JACK GRUNWALD","Owner","M","15986","E","E Fillment","J_Grunwald@acmedistribution.com","18101 E Colfax Ave","Aurora","CO","80011","3033402424","3033673333","738999","Business Services Nec","NULL","0","0"
"Safeway","3038437600","6900 S Yosemite St","Centennial","54600000","Scott Grimmett","President","Mal","20076","S","Safeway","Scott@safeway.com","6900 S Yosemite St","Centennial","CO","80112","3038437954","3038437600","541105","Grocers-Retail","NULL","0","0"
"INDOFF INC","3034696377","10711 KIPLING WAY","BROOMFIELD","75000000","VICKIE HICKS","Manager","F","27592","I","Indoff Inc","gjohnsonjr@indoff1.com","10711 Kipling Way","Broomfield","CO","80021","5012242624","3034696377","504613","Shelving (Wholesale)","www.indoff.com","0","0"
"ECOLLEGE.COM","3038737400","4900 S MONACO ST STE 200","DENVER","51900000","DOUGLAS H KELSALL","President","M","28267","E","ECOLLEGE.COM","Doug.Kelsal@ecollege.com","4900 S Monaco St # 200","Denver","CO","80237","3038737449","3038737400","821108","Educational Programs","NULL","0","0"
"SMOKER FRIENDLY INTL","3034422520","1602 S PARKER RD STE 308","DENVER","50100000","DAVID BERSHOF","Chief Executive Office","M","35817","S","Smoker Friendly Intl","David.Bershof@sf-smokerfriendly.com","1201 S Parker Rd # 104","Denver","CO","80231","3037512789","3037512785","599301","Cigar Cigarette & Tobacco Dealers-Retail","NULL","0","0"
"ARGUS CORPORATE SECURITY","3037991140","6595 S DAYTON ST STE 2200","GREENWOOD VLG","68400000","THOMPSON C SMITH","Owner","M","37294","A","Argus Corporate Security","Tom@denvereventstaff.com","6595 S Dayton St # 2200","Greenwood Vlg","CO","80111","3037991421","3037991140","736304","Employment Contractors-Temporary Help","NULL","0","0"
"MESA MALL","9702458505","2424 HIGHWAY 6 AND 50","GRAND JCT","70000000","CHRISTINA MILLEDGE","Manager","F","39529","V","Vanity","bizdev@vanity.com","2424 Highway 6 And 50 # 110","Grand Junction","CO","81505","9702458505","9702458505","562101","Women's Apparel-Retail","www.vanity.com","0","0"
"Octel","3037925554","8375 S Willow St # 500","Lone Tree","83850000","Pat Williams","Owner","Mal","40695","O","Octel","PWilliams@octel-starreon.com","8375 S Willow St # 500","Lone Tree","CO","80124","3037925668","3037925554","517211","Lubricants (Wholesale)","NULL","0","0"
"Centennial Livestock Auction","9704826207","113 NW Frontage Rd","Fort Collins","58406000","Wayne Kruse","Owner","Mal","43516","C","Centennial Livestock Auction","WayneKruse@claauction.com","113 NW Frontage Rd","Fort Collins","CO","80524","9704167302","9704826207","515402","Livestock Auction Markets","NULL","0","0"
"Reliant Manufacturing","3036821000","455 Weaver Park Rd","Longmont","65800000","Rick Glassman","President","Mal","49988","R","Reliant Manufacturing","Rick@reliantmanufacturing.com","455 Weaver Park Rd","Longmont","CO","80501","3036824080","3036821000","506338","Electronic Parts Assemblers (Wholesale)","NULL","0","0"
"Bi Inc","3032181000","6400 Lookout Rd","Boulder","72081000","George Dehuff","CEO","Mal","55833","B","Bi Inc","tchase@bi.com","6400 Lookout Rd","Boulder","CO","80301","3032181250","3032181000","367901","Electronic Equipment & Supplies-Mfrs","NULL","0","0"
"Lexis-Nexis Group","7194883000","555 Middle Creek Pkwy","Colorado Springs","84900000","Gary Pollard","CEO","Mal","55908","L","Lexis-Nexis Group","Gary@lexis-nexis-group.com","555 Middle Creek Pkwy","Colorado Springs","CO","80921","7194817431","7194883000","272198","Periodicals-Publishing & Printing","NULL","0","2"
"BELTONE AUDIOLOGY & HEARING","3032358663","7150 LEETSDALE DR UNIT 408","DENVER","52500000","WILLIAM HEARHOLTZ","President","M","57943","B","Beltone Audiology & Hearing","William.Hearholtz@beltone.com","7150 Leetsdale Dr # 408","Denver","CO","80224","NULL","3032358663","599979","Hearing Impaired Equipment & Supplies","NULL","0","0"
"Luzenac America Inc","3036430400","345 Inverness Dr S # 310","Centennial","75000000","Daniel Harris","President","Mal","60981","L","Luzenac America Inc","carol.scott@america.luzenac.com","345 Inverness Dr S # 310","Centennial","CO","80112","3036430446","3036430400","149901","Mining Companies","NULL","0","0"
"STANLEY CONSULTANTS INC","3037996806","9200 E MINERAL AVE STE 400","CENTENNIAL","83300000","WALTER JONES","Vice-President","M","67683","S","Stanley Consultants Inc","haskinrobert@stanleygroup.com","9200 E Mineral Ave # 400","Centennial","CO","80112","3037998107","3037996806","871106","Engineers","NULL","0","0"
"Windsor Industries Inc","3037621800","1351 W Stanford Ave","Englewood","67200000","Dennis Meagner","President","Mal","70372","W","Windsor Industries Inc","schools@windsorind.com","1351 W Stanford Ave","Englewood","CO","80110","3038652800","3037621800","358998","Service Industry Machinery Nec (Mfrs)","www.windsorind.com","0","0"
"CAPCO","3037591919","5800 E Jewell Ave","Denver","75520000","Scally O'Donnell","Owner","","70734","C","CAPCO","Scally.O'Donnell@capcomachinery.com","5800 E Jewell Ave","Denver","CO","80224","NULL","3037591919","509905","Importers","NULL","0","0"
"UNISHIPPERS ASSOCIATION","7196878001","404 STATE HIGHWAY 67","WOODLAND PARK","80000000","NORM STEEN","Owner","M","72753","U","Unishippers Association","Norm@unishippers.com","404 State Hwy 67","Woodland Park","CO","80863","NULL","7196878001","421309","Trucking-Motor Freight","NULL","0","0"
"Forney Industries Inc","9704827271","1830 LA Porte Ave","Fort Collins","51600000","Jack Forney","CEO","Mal","73579","F","Forney Industries Inc","forney@cableregina.com","1830 LA Porte Ave","Fort Collins","CO","80521","9704989505","9704827271","354801","Welding Equipment & Supplies-Mfrs","www.forneyind.com","0","0"
"King Soopers","3034257356","3817 Sheridan Blvd","Wheat Ridge","72800000","Russ Dispence","President","Mal","77838","K","King Soopers","tmorrow@kingsoopers.com","3817 Sheridan Blvd","Wheat Ridge","CO","80212","3034216561","3034257356","541105","Grocers-Retail","NULL","0","0"
"DOUGLASS ROOFING CO","3032882635","7281 E 54TH PL","COMMERCE CITY","52500000","ROBERT BECHTHOLDT","President","M","80281","D","Douglass Roofing Co","ken.wickwar@douglassroofing.com","7281 E 54th Pl","Commerce City","CO","80022","3032888602","3032882635","176109","Roofing Contractors","NULL","0","0"
"R & S Steel","3033219660","9520 E 104th Ave","Henderson","78525000","Mike Rolnick","Owner","Mal","86645","R","R & S Steel","RMike@rssteel.com","9520 E 104th Ave","Henderson","CO","80640","3032273468","3033219660","505107","Pipe-Wholesale","NULL","0","0"
"Millennium Autosport","7202004004","63 Inverness Dr E # 200","Englewood","66600000","Joe Oltmann","President","Mal","89094","M","Millennium Autosport","Oltmann@millenniumautosport.us","63 Inverness Dr E # 200","Englewood","CO","80112","7202004434","7202004004","501208","Automobile & Truck Brokers","NULL","0","0"
"Independent Propane Co","3038389880","67302 Us Highway 285","Pine","67080000","Robert Blackwell","Owner","Mal","92230","I","Independent Propane Co","blackwell@ipropane.com","67302 Us Highway 285","Pine","CO","80470","3038382976","3038389880","517208","Gas-Liquefied Petro-Bttld/Bulk (Whol)","NULL","0","0"
"Cielo Communications","3034600700","325 Interlocken Pkwy # A","Broomfield","52326000","Greg Olbright","Owner","Mal","93404","C","Cielo Communications","Olbright.Greg@cieloinc.com","325 Interlocken Pkwy # A","Broomfield","CO","80021","3034660290","3034600700","367498","Semiconductors & Related Devices (Mfrs)","NULL","0","0"
"PRO GOLF DISCOUNT","9702408726","2740 COMMERCIAL WAY","MONTROSE","90000000","LEXI ADAMSON","President","M","95492","P","Pro Golf Discount","Lexi.Adamson@progolf.com","2740 Commercial Way","Montrose","CO","81401","NULL","9702408726","594130","Golf Equipment & Supplies-Retail","NULL","0","0"
"ACT Teleconferencing Inc","3032333500","1526 Cole Blvd # 300","Lakewood","55751000","Gene Warren","CEO","Mal","97084","A","ACT Teleconferencing Inc","customer.inquiry@act.com","1526 Cole Blvd # 300","Lakewood","CO","80401","3032354399","3032333500","738973","Teleconferencing Service","www.act.com","0","0"
"MANAGED STORAGE INTL","7205665000","12303 AIRPORT WAY STE 250","BROOMFIELD","50800000","THOMAS P SWEENEY III","Chief Executive Office","M","100306","M","Managed Storage Intl","TS@managedstorage.com","12303 Airport Way # 250","Broomfield","CO","80021","7205665001","7205665000","422501","Storage","NULL","0","0"
"RMES Communications Inc","3038395200","3840 York St # 200b","Denver","50500000","Herman Malone","Owner","Mal","101680","R","RMES Communications Inc","jndesign@bwn.net","3840 York St # 200b","Denver","CO","80205","3038395232","3038395200","506534","Telephone-Coin & Card Operated (Whol)","www.rmes.com","0","0"
"Micro Motion Inc","3035308400","7070 Winchester Cir","Boulder","73100000","Eugene Perkins","President","mal","105691","M","Micro Motion Inc","lee.rumbles@emersonprocess.com","7070 Winchester Cir","Boulder","CO","80301","3035308462","3035308400","382998","Measuring/Controlling Devices Nec (Mfrs)","www.micromotion.com","0","0"
"CARPET EXCHANGE","3037443300","1133 S PLATTE RIVER DR","DENVER","60000000","BRUCE ODETTE","President","M","106311","C","Carpet Exchange","Bruce@carpetexchangetexas.com","1133 S Platte River Dr","Denver","CO","80223","NULL","3037443300","571305","Carpet & Rug Dealers-New","NULL","0","0"
"Sterling Construction Co","9706258606","3158 Baron Ln","Rifle","75150000","Stephen P Simpson","President","Mal","112680","S","Sterling Construction Co","ssimpson@sterlingconstruction.net","PO Box 792","Rifle","CO","81650","9706258608","9706258606","162301","Pipe Line Contractors","NULL","0","0"
"SANRIO INC","3032770062","14500 W COLFAX AVE","LAKEWOOD","73400000","MARYANNE KRITZLER","Manager","F","113427","S","Sanrio Inc","privacystandards@sanrio.com","14500 W Colfax Ave","Lakewood","CO","80401","3056681734","3032770062","594712","Gift Shops","www.sanrio.com","0","0"
"Prima Energy Corp","3032972100","1099 18th St # 400","Denver","70154000","Richard H Lewis","CEO","Mal","114142","P","Prima Energy Corp","rlewis@primeenergy.com","1099 18th St # 400","Denver","CO","80202","3032977708","3032972100","131101","Oil & Gas Producers","NULL","0","0"
"CURVES","3039403911","4550 WADSWORTH BLVD STE F","WHEAT RIDGE","70000000","SANDY O'ROURKE","Owner","F","115022","C","Curves For Women","S-O''Rourke@curvesforwomen.com","4550 Wadsworth Blvd # F","Wheat Ridge","CO","80033","3039403911","3039403911","729906","Exercise & Physical Fitness Programs","NULL","0","0"
"Securus","3033735535","12411 E 37th Ave","Denver","50500000","Jeff Marcus","Owner","Mal","120418","S","Securus","Jeff@securusdenver.com","PO Box 39574","Denver","CO","80239","3033735758","3033735535","506515","Television Systs/Eqpt-Clsd Crct (Whol)","NULL","0","0"
"Harlan Bakeries","3032967482","1803 E 58th Ave","Denver","67520000","Bob Soued","Manager","Mal","121002","H","Harlan Bakeries","jlatouf@harlanbakeries.com","1803 E 58th Ave","Denver","CO","80216","3032969450","3032967482","514902","Bakers-Wholesale","www.harlanbakeries.com","0","0"
"Cisco Systems Inc","7205626300","5400 Airport Blvd # 200","Boulder","60160000","Kat Jutras","Manager","Mal","122336","C","Cisco Systems Inc","security-alert@cisco.com","5400 Airport Blvd # 200","Boulder","CO","80301","6783522935","7205626300","357702","Computer Peripherals (Manufacturers)","www.cisco.com","0","0"
"General Air Svc & Supply Co","3038927003","1105 Zuni St","Denver","50050000","Gary Armstrong","Owner","Mal","123698","G","General Air Svc & Supply Co","garmstrong@generalair.com","1105 Zuni St","Denver","CO","80204","3035959036","3038927003","516907","Helium (Wholesale)","NULL","0","0"
"Carlin Dodge Superstore","7194758550","7455 Austin Bluffs Pkwy","Colorado Springs","64700000","Rick Carlin","Owner","Mal","135350","C","Carlin Dodge Superstore","RickCarlin@carlindodge.com","7455 Austin Bluffs Pkwy","Colorado Springs","CO","80918","7193297530","7194758550","551105","Truck-Dealers","NULL","0","2"
"Johnson Controls Inc","3039735930","10289 W Centennial Rd","Littleton","65800000","Gary Kummer","Manager","Mal","135887","J","Johnson Controls Inc","jens@powermenu.com","10289 W Centennial Rd","Littleton","CO","80127","2482766001","3039735930","506328","Controls Control Systs/Regulators (Whol)","www.jci.com","0","0"
"KXRM","7195962100","560 WOOTEN RD","COLORADO SPGS","52800000","STEVE DANT","Manager","M","136149","K","KXRM","rregalado@fox21news.com","560 Wooten Rd","Colorado Springs","CO","80915","7195914180","7195962100","483301","Television Stations & Broadcasting CO","www.kxrm.com","0","0"
"GLOBUS & COSMOS","3037972800","5301 S FEDERAL CIR","LITTLETON","97000000","PHILLIP GORDON","President","M","136414","G","Globus & Cosmos","snisbet@globusandcosmos.com","5301 S Federal Cir","Littleton","CO","80123","null","null","472402","Travel Agencies & Bureaus","null","0","0"
"LAND TITLE GUARANTEE CO","7203449050","1745 SHEA CENTER DR","LITTLETON","57900000","MARY JANE MC CATHRON","Manager","F","141585","L","Land Title Guarantee Co","rslaybaugh@ltg.com","1745 Shea Center Dr","Littleton","CO","80129","7203449050","7203449055","654102","Title Companies","www.ltgc.com","0","0"
"Budget Truck Rental","3033760040","1560 Broadway","Denver","72750000","Jerry Riordan","CEO","Mal","142194","B","Budget Truck Rental","J_Riordan@budget.com","1560 Broadway","Denver","CO","80202","3033767050","3033760040","751303","Truck Renting & Leasing","NULL","0","0"
"Red Cedar Gathering","9702475754","26266 Highway 160","Durango","71500000","Brad Petzold","President","Mal","142813","R","Red Cedar Gathering","jdennington@redcedargathering.com","26266 Highway 160","Durango","CO","81303","9703820462","9702475754","461201","Pipe Line Companies","NULL","0","0"
"Poudre Valley REA Inc","9702261234","7649 Rea Pkwy","Fort Collins","51744000","Ron Carey","President","Mal","143447","P","Poudre Valley REA Inc","november2006@nucom.com","7649 Rea Pkwy","Fort Collins","CO","80528","9072358972","9702261234","491101","Electric Companies","www.lrsd.com","0","0"
"CARRIER ACCESS CORP","3034425455","5395 PEARL PKWY","BOULDER","75600000","ALLEN SNYDER","Chief Executive Office","M","150805","C","Carrier Access Corp","inside-sales@carrieraccess.com","6837 Winchester Cir","Boulder","CO","80301","3034425455","3034425455","366998","Communications Equipment Nec (Mfrs)","www.carrieraccess.com","0","0"
"ARGUS HOME HEALTH","3033224100","1627 VINE ST","DENVER","52300000","DAN SILLERS","Owner","M","151531","A","Argus Home Health","Dan@argusofcolo.com","1627 Vine St","Denver","CO","80206","3033225984","3033224100","808201","Home Health Service","NULL","0","0"
"AGLAND COOP-EATON","9704543391","P.O. BOX 338","Eaton","74353991","Mitch Anderson","Chief Executive Office","mal","151844","A","Agland Inc","sspecht@aglandinc.com","55 Oak Ave","Eaton","CO","80615","9704543391","9704544042","541103","Convenience Stores","www.aglandinc.com","0","0"
"DOCUMENT TECHNOLOGIES INC","7209041250","621 17TH ST STE 500","DENVER","55200000","SUSAN BARVINCHAK","Chief Executive Office","F","151925","D","Document Technologies Inc","corporate@dtiglobal.com","621 17th St # 500","Denver","CO","80293","4048732282","7209041250","733403","Copying & Duplicating Service","www.dtiglobal.com","0","0"
"Heska Corp","9704937272","1613 Prospect Pkwy","Fort Collins","65325000","Robert B Grieve","CEO","Mal","152812","H","Heska Corp","vetsupport@heska.com","1613 Prospect Pkwy","Fort Collins","CO","80525","9704849505","9704937272","873411","Laboratories-Veterinary","www.heska.com","0","0"
"Simplex Grinnell","7195744215","915 Valley St","Colorado Springs","51324000","Bob Kehrer","Manager","Mal","152910","S","Simplex Grinnell","jokinsey@tycoint.com","915 Valley St","Colorado Springs","CO","80915","3342727871","7195744215","506308","Fire Alarm Systems (Wholesale)","www.simplexgrinnell.com","0","0"
"Exabyte Corp","3034424333","2108 55th St","Boulder","94169000","Tom Ward","CEO","Mal","153535","E","Exabyte Corp","andrew.childs@stme.com","2108 55th St","Boulder","CO","80301","3034177170","3034424333","357298","Computer Storage Devices (Manufacturers)","www.exabyte.com","0","0"
"MARCH OF DIMES","7194739981","421 S TEJON ST STE 311","COLORADO SPGS","96000000","SHONA FLEMING","Manager","F","153777","M","March Of Dimes","kbellew@marchofdimes.com","421 S Tejon St # 236","Colorado Springs","CO","80903","3347920149","7194739981","832218","Social Service & Welfare Organizations","www.marchofdimes.com","0","1"
"E F JOHNSON CO","3034516340","5118 E 115TH AVE","DENVER","94600000","T GWIN","Manager","M","155509","E","E F Johnson Co","training@efjohnson.com","5118 E 115th Ave","Denver","CO","80233","3034516340","3034516340","506504","Radio Communication Equip & Systems-Whol","www.efjohnson.com","0","0"
"Consolidated Electrical Distr","3036231233","2405 W 5th Ave","Denver","52640000","Gary Kautz","Manager","Mal","155990","C","Consolidated Electrical Distr","mbrammer@ceddenver.com","2405 W 5th Ave","Denver","CO","80204","3036232266","3036231233","506330","Electric Equipment & Supplies-Wholesale","www.ceddenver.com","0","0"
"AGLAND INC","9704544000","260 FACTORY RD","EATON","63800000","MITCH ANDERSON","Chief Executive Office","M","156820","A","Agland Inc","bean@www.prairieweb.com","155 Oak Ave","Eaton","CO","80615","9704542144","9704544004","519114","Fertilizers (Wholesale)","www.aglandinc.com","0","0"
