"Hams Farm & Produce Inc","2527478431","90 Ham Produce Rd","Snow Hill","24552000","Bobby Ham","Owner","Mal","1228","H","Hams Farm & Produce Inc","sales@hamfarms.com","90 Ham Produce Rd","Snow Hill","NC","28580","2527473761","2527478431","514801","Fruits & Vegetables-Wholesale","NULL","11","0"
"Through The Barn Door Co","2524929501","1034 S William St","Henderson","10640000","John D Tate","President","Mal","3174","T","Through The Barn Door Co","info@barndoorfurniture.net","PO Box 927","Henderson","NC","27536","2524925558","2524929501","259901","Furniture-Manufacturers","NULL","11","0"
"Salem Distributing Co","3367661104","5901 Gun Club Rd","Winston Salem","20000000","Howard Hanes","Manager","Mal","5300","S","Salem Distributing","sales@salemdist.com","5901 Gun Club Road","Winston Salem","NC","27103","3367661104","3367662626","799798","Membership Sports & Recreation Clubs","salemdist.com","11","0"
"Boone Lumber Co","8287573813","2000 Valway Rd","Lenoir","10590000","Josh Greene","Owner","Mal","6602","B","Boone Lumber","info@boonelumber.com","2000 Valway Road","Lenoir","NC","28645","8287573813","NULL","521142","Lumber","NULL","11","0"
"B & G Pies","3367849676","2400 Old Lexington Rd","Winston Salem","12660000","Rex Baker","Owner","Mal","9590","B","B & G Pies","info@bgpies.com","2400 Old Lexington Rd","Winston Salem","NC","27107","3367849676","3367849676","514902","Bakers-Wholesale","NULL","11","0"
"Universal Fastener Co","7043925342","5930 Old Mount Holly Rd","Charlotte","18270000","B J Rothwell","Owner","Mal","13995","U","Universal Fastener Co","sales@universalfastener.net","5930 Old Mount Holly Rd","Charlotte","NC","28208","7043940904","7043925342","507205","Fasteners-Industrial (Wholesale)","www.universalfastener.net","11","0"
"Charles & Colvard LTD","9194680399","300 Perimeter Park Dr # A","Morrisville","23917000","Robert S Thomas","CEO","Mal","14646","C","Charles & Colvard; Ltd.","sales@moissanite.com","3800 Gateway Boulevard Suite 310","Morrisville","NC","27560","9194680399","9194680486","5311","Retail shops","http://www.moissanite.com","11","0"
"Superior Fire Hose Corp","7046435888","4701 Stockholm Ct # C","Charlotte","11072000","Richard Bergeron","President","Mal","15166","S","Superior Fire Hose Corp","info@superiorfirehose.com","4701 Stockholm Ct # C","Charlotte","NC","28273","7046436623","7046435888","508754","Fire Hose (Wholesale)","NULL","11","0"
"Lodging By Liberty","3366222201","206 E Frazier Ave","Liberty","21736000","Danny Philemon","Plant Mgr","Mal","20364","L","Lodging By Liberty","contact@brownjordan.com","206 E Frazier Ave","Liberty","NC","27298","6265750126","3366222201","259901","Furniture-Manufacturers","www.brownjordan.com","11","0"
"Wood Technology Inc","9195423900","225 Elf Way","Pittsboro","13216000","Mark Fink","President","Mal","26709","W","Wood Technology","info@woodtechnology.com","225 Elf Way","Pittsboro","NC","27312","9195423900","9195422727","8999","Services NEC","null","11","0"
"Lewis Systems & Svc Co","3362990564","3702 Boren Dr","Greensboro","21760000","Larry Lewis","Owner","Mal","30590","L","Lewis Systems and Service Co.; Inc.","webmaster@css.net","3702 Boren Drive","GREENSBORO","NC","27407","3362990564","3362944395","8999","Services NEC","lewissystemsinc.com","11","0"
"Consolidated Electrical Distr","3363780044","1029 Winston St","Greensboro","10682000","George Carver","Manager","Mal","33155","C","Consolidated Electrical Distr","info@ced.com","1029 Winston St","Greensboro","NC","27405","3363781077","3363780044","506330","Electric Equipment & Supplies-Wholesale","www.ced.com","11","0"
"T P Supply Co","3367892337","203 Galloway St","Mt Airy","10010000","Troy Payne Jr","Owner","Mal","34792","T","T P Supply Co","sales@tpsupplyco.com","203 Galloway St","Mt Airy","NC","27030","3367892234","3367892337","516916","Chemicals (Wholesale)","www.tpsupplyco.com","11","0"
"Technocom Business Systems","7048475200","10714 Independence Pointe Pkwy","Matthews","11655000","James Riggins","Owner","Mal","36537","T","Technocom Business Systems","info@technocomnc.com","10714 Independence Pointe Parkway","Matthews","NC","28105","7048475200","null","8999","Services NEC","technocomusa.com","11","0"
"Ralph Whitehead Assoc Inc","7043721885","1000 W Morehead St # 200","Charlotte","11850000","Ed Jenkins","President","Mal","40285","R","Ralph Whitehead Assoc Inc","info@rwhitehead.com","1000 W Morehead St # 200","Charlotte","NC","28208","9047307766","7043721885","871111","Engineers-Consulting","www.rwhitehead.com","11","0"
"Carolina Greenhouses","2525239300","1504 Cunningham Rd","Kinston","13300000","Dwight Howard","Owner","Mal","52242","C","Carolina Greenhouses","info@carolinagreenhouses.com","1504 Cunningham Road","Kinston","NC","28501","null","null","018101","Greenhouses","null","11","0"
"U S Industrial Piping Inc","3369939505","105 Woodland Trl","Kernersville","23976000","John Dixon","Owner","Mal","56761","U","U S Industrial Piping Inc","info@usindustrialpiping.com","105 Woodland Trl","Kernersville","NC","27284","3369939506","3369939505","331798","Steel Pipe & Tubes (Manufacturers)","www.usindustrialpiping.com","11","0"
"Industrial Fabricators Inc","7048643032","4328 York Hwy","Gastonia","22050000","Roger Bingham","Owner","Mal","57032","I","Industrial Fabricators Inc","info@ifabrication.com","PO Box 12885","Gastonia","NC","28052","7048646204","7048643032","179104","Metal Fabricators","NULL","11","0"
"Hughes Supply Inc","2524461991","2717 N Church St","Rocky Mount","20265000","","","","57820","H","Hughes Supply Inc","webmaster@hns.com","2717 N Church St","Rocky Mount","NC","27804","6019322263","2524461991","507406","Plumbing Fixtures & Supplies-Wholesale","www.hughes.com","11","0"
"Wilson Finnely Co","9198513261","5901 Chapel Hill Rd","Raleigh","18880000","Doug Wilson","Owner","Mal","58260","W","Wilson Finnely Co","info@wilsonfinley.com","5901 Chapel Hill Rd","Raleigh","NC","27607","9198510865","9198513261","509905","Importers","www.wilsonfinley.com","11","0"
"Grecon Dimter","8283974000","8658 Huffman Ave","Connellys Spgs","13230000","Robert Slater","Manager","Mal","66917","G","Grecon Dimter","sales@grecondimter.com","8658 Huffman Avenue","Connellys Springs","NC","28612","8283974000","null","5311","Retail shops","null","11","0"
"Regulator Marine Inc","2524823837","187 Peanut Dr","Edenton","24750000","Joan Maxwell","President","Fem","72662","R","Regulator Marine","info@regulatormarine.com","187 Peanut Drive","Edenton","NC","27932","2524823837","2524825577","555104","Boat Dealers Sales & Service","regulatormarine.com","11","0"
"Fox Co","7043994581","2909 Interstate St","Charlotte","13600000","Harry Berzack","President","Mal","73912","F","Fox Co","info@thefoxcompany.com","2909 Interstate St","Charlotte","NC","28208","7043981520","7043994581","508495","Textile Machinery & Parts (Wholesale)","www.thefoxcompany.com","11","0"
"Jack A Farrior Steel Works","2527532020","9585 Us Highway 264","Farmville","13140000","Jack A Farrior","Owner","Mal","79724","J","Jack A Farrior Steel Works","admin@farriorsteelworks.com","PO Box 839","Farmville","NC","27828","2527537851","2527532020","344106","Steel-Structural (Manufacturers)","NULL","11","0"
"BCF Piping Inc","7045941044","3401 N Interstate 85 Serv Rd","Charlotte","11690000","Jim Craig","President","Mal","82219","B","BCF Piping Inc","mail@ccboiler.com","3401 N Interstate 85 Serv Rd","Charlotte","NC","28269","8038083358","7045941044","162302","Piping Contractors","www.ccboiler.com","11","0"
"American Wick Drain","7042389200","1209 Airport Rd","Monroe","18700000","Davis Carman","Manager","Mal","88984","A","American Wick Drain","info@americanwick.com","1209 Airport Road","Monroe","NC","28110","7042389200","7042380220","458106","Airports","americanwick.com","11","0"
"Shook Builder Supply Co","8283282051","1400 16th St NE","Hickory","12900000","Dent Allison","Owner","Mal","91855","H","Home Impressions","customerservice@coolwebhosting1.com","420 3rd Ave N W","HICKORY","NC","28601","8283282051","8283282425","738999","Business Services Nec","POSTMASTERMAILBOXES.COM^^URBANRACING.COM","11","0"
"Stanford Furniture Corp","8284591992","2860 N Oxford St","Claremont","17328000","Randy Short","Owner","Mal","93037","S","Stanford Furniture Corp","info@stanfordfurniture.com","PO Box 69","Claremont","NC","28610","8284591994","8284591992","259901","Furniture-Manufacturers","NULL","11","0"
"Eastern Aviation Fuels Inc","2526330066","601 Mccarthy Blvd","New Bern","23000000","Robert Stallings III","President","Mal","93335","E","Eastern Aviation Fuels Inc","info@easternaviationfuels.com","601 Mccarthy Blvd","New Bern","NC","28562","NULL","2526330066","291104","Oils-Petroleum-Manufacturers","NULL","11","0"
"B W Wilson Paper Co Inc","3362263226","308 S Anthony St","Burlington","22464000","Tom Sherrill","Manager","Mal","93961","B","B W Wilson Paper Co Inc","contact@bwwilson.com","308 S Anthony St","Burlington","NC","27215","8043584742","3362263226","511101","Paper Products (Wholesale)","www.bwwilson.com","11","0"
"Contractor Yard Inc","3362925693","2717 Patterson St","Greensboro","15750000","Harold King","Manager","Mal","97257","C","Contractor Yard Inc","webmaster@strober.com","2717 Patterson St","Greensboro","NC","27407","4107192014","3362925693","521126","Building Materials","www.strober.com","11","0"
"Barloworld Handling","9194689033","105 International Dr","Morrisville","11424000","Bob Little","Manager","Mal","100908","B","Barlow World Handling","sales@wrenn-brungart.com","105 International Drive","Morrisville","NC","27560","9194689033","9194689025","5311","Retail shops","barloworldus.com","11","0"
"Bethel International","9108684554","4610 Bragg Blvd","Fayetteville","10788000","Young Kim","Owner","Mal","102574","B","Bethel International","contact@bethelwholesale.com","4610 Bragg Boulevard","Fayetteville","NC","28303","9108687579","null","738999","Business Services Nec","bethelinc.com^^bethelwholesale.com","11","0"
"World Of Clothing","8286934131","135 Sugarloaf Rd","Hendersonville","23800000","Robert D Williams","President","Mal","102920","W","World Of Clothing","info@worldofclothing.com","135 Sugarloaf Rd","Hendersonville","NC","28792","8286931507","8286934131","562101","Women's Apparel-Retail","www.worldofclothing.com","11","0"
"Curtis Screw Co","7048925503","20401 Zion St","Cornelius","16530000","Tom Bloomquist","Plant Mgr","Mal","104092","C","Curtis Screw Co","sales@curtisscrew.com","20401 Zion St","Cornelius","NC","28031","7048929053","7048925503","345101","Screw Machine Products (Manufacturers)","www.curtisscrew.com","11","0"
"Remote Data Systems","9106403349","163 Brunswick Electric Rd","Whiteville","11328000","Bill Applewhite","President","Mal","111157","R","Remote Data Systems","email@shgltd.com","163 Brunswick Electrc Road","Whiteville","NC","28472","null","9102561996","737401","Data Processing Service","landfallpakhotel.com","11","0"
"Statesville Auto Auction Inc","7048761111","145 Auction Ln","Statesville","10300000","Ken Phillips","Manager","Mal","112537","S","Statesville Auto Auction Inc","info@manheim.com","145 Auction Ln","Statesville","NC","28625","5617980774","7048761111","501204","Automobile Auctions (Wholesale)","www.manheim.com","11","0"
"Dana Corp","7048732811","1293 Glenway Dr","Statesville","18700000","Byron Bailey","Plant Mgr","Mal","112612","D","Dana Corp","webmaster@dana.com","1293 Glenway Dr","Statesville","NC","28625","8284398463","7048732811","371419","Axles-Manufacturers","www.dana.com","11","0"
"Taracorp Industries-Imaco","3367778600","1690 Lowery St","Winston Salem","18300000","Tony Lindsay","Manager","Mal","114322","T","Taracorp Industries-Imaco","custserv@lenoxsaw.com","1690 Lowery St","Winston Salem","NC","27101","3367778606","3367778600","335602","Solder (Manufacturers)","www.taracorp.com","11","0"
"N C Products Corp","9104836960","3960 Cedar Creek Rd","Fayetteville","14400000","Preston Mc Intosh","Manager","Mal","116698","N","N C Products Corp","jobs@oldcastleinc.com","3960 Cedar Creek Rd","Fayetteville","NC","28312","6022586022","9104836960","503208","Concrete Products (Wholesale)","www.oldcastle.com","11","0"
"Acre Station Meat Farm","2529273489","17076 NC Highway 32 N","Pinetown","11060000","Richard Huettmann","Owner","Mal","121109","A","Acre Station Meat Farm","info@acrestationmeatfarm.com","17076 NC Highway 32 N","Pinetown","NC","27865","2529274373","2529273489","201101","Meat Packers","NULL","11","0"
"Oglebay Norton Co","7047393616","1469 S Battleground Ave","Kings Mountain","14616000","Mike Tonelis","Manager","Mal","121823","O","Oglebay Norton Co","info@onco.com","1469 S Battleground Ave","Kings Mountain","NC","28086","6023894399","7047393616","149901","Mining Companies","www.oglebaynorton.com","11","0"
"Compass Group","3366970195","557 Birch Creek Rd","Mc Leansville","11475000","William Harris","Manager","Mal","123002","C","Compass Group","info@compass.com","557 Birch Creek Rd","Mc Leansville","NC","27301","9013868877","3366970195","596201","Vending Machines","www.compass.com","11","0"
"ITT Institute Of Teaching","7046760990","300 Clanton Rd","Charlotte","20768000","Simon Gavilan","Owner","Mal","125822","S","SIMON GAVILAN","webmaster@orbimedia.com","300 CLANTON RD - CHARLOTTE","CHARLOTTE","NC","28217","7046760990","null","7319","Media services","ittstaff.com","11","0"
"Ruston Paving Co Inc","9195441288","3874 S Alston Ave","Durham","10535000","Mark Ruston","President","Mal","141471","R","Ruston Paving Co Inc","sales@rustonpaving.com","3874 S Alston Ave","Durham","NC","27713","3154371775","9195441288","161101","Paving Contractors","www.rustonpaving.com","11","0"
"Theraquip Inc","3363339612","2000 N Church St","Greensboro","11960000","Tony Bullock","Owner","Mal","141832","T","Theraquip Inc","customersupport@theraquipinc.com","2000 N Church St","Greensboro","NC","27405","3363339620","3363339612","504701","Physical Therapy Equipment (Wholesale)","www.theraquipinc.com","11","0"
"Von Drehle Enterprises Inc","8283221805","612 3rd Ave NE","Hickory","16750000","Steve Von Drehle","President","Mal","143702","V","Von Drehle Enterprises Inc","sales@vondrehle.com","612 3rd Ave NE","Hickory","NC","28601","8283224145","8283221805","262101","Paper-Manufacturers","www.vondrehle.com","11","0"
"Avante At Wilson","2522378161","1804 Forest Hills Rd W","Wilson","10500000","Ann Tant","Administrator","Fem","145017","A","Avante At Wilson","info@avantegroup.com","1804 Forest Hills Rd W","Wilson","NC","27893","5409498295","2522378161","805101","Nursing & Convalescent Homes","www.avantegroup.com","11","0"
"Truswood Inc","9197878787","8816 Running Oak Dr","Raleigh","17000000","Richard L Watts","President","Mal","145534","T","Truswood Inc","webmaster@truswood.com","8816 Running Oak Dr","Raleigh","NC","27617","9197830617","9197878787","521124","Trusses-Construction Whol & Mfrs","www.truswood.com","11","0"
"Daparak Inc","7048454540","9305 Monroe Rd # E","Charlotte","11400000","David Zimmer","Owner","Mal","146263","D","Daparak Inc","info@daparak.com","9305 Monroe Rd # E","Charlotte","NC","28270","7575475855","7048454540","508522","Industrial Equipment & Supplies (Whol)","www.daparak.com","11","0"
"Atlantic Coast Toyota Lift Inc","3368850074","718 Prospect St","High Point","15776000","Vann Williford","Owner","Mal","146753","A","Atlantic Coast Toyota Lift Inc","service@actforklift.com","718 Prospect St","High Point","NC","27260","3368833899","3368850074","508457","Trucks-Industrial (Wholesale)","www.actforklift.com","11","0"
"Ultrablend Color LLC","7045048969","1440 Westinghouse Blvd # G","Charlotte","16320000","Carlos M Salas","CEO","Mal","150870","U","Ultrablend Color LLC","sales@ultrablend.com","1440 Westinghouse Blvd","Charlotte","NC","28273","7045048839","7045048969","508225","Mixing & Agitation Machinery (Wholesale)","www.ultrablend.com","11","0"
"Sutton-Kennerly & Assoc","3368550993","300 Pomona Dr","Greensboro","18630000","Conrad B Ehrhardt","President","Mal","152231","S","Sutton-Kennerly & Assoc","info@suttonkennerly.com","300 Pomona Dr","Greensboro","NC","27407","3368556066","3368550993","871111","Engineers-Consulting","NULL","11","0"
"Premier Wood Floors","7048731800","755 Washington Ave","Statesville","18450000","Tony Everidge","Manager","Mal","155264","P","Premier Wood Floors","webmaster@armstrong.com","755 Washington Ave","Statesville","NC","28677","7174267250","7048731800","242698","Hardwood Dimension & Flooring Mills","www.armstrong.com","11","0"
"Birch Bros-Southern Inc","7048432111","PO Box 70","Waxhaw","12096000","Steven W Birch","President","Mal","159220","B","Birch Bros-Southern","sales@birchbrothers.com","9510 Newtown Road","Waxhaw","NC","28173","7048432111","7048433936","5311","Retail shops","birchbrothers.com","11","0"
"Crowder Construction Co","9193672000","1111 Burma Dr","Apex","11250000","Larry D Horrell","Manager","Mal","162290","C","Crowder Construction Co","careers@crowdrcc.com","1111 Burma Dr","Apex","NC","27539","7707615971","9193672000","162901","Pile Driving","www.crowdercc.com","11","0"
"Casco Intl","7044829591","4205 E Dixon Blvd","Shelby","11280000","Charles Davis","President","Mal","163732","P","Porcar Harder","hostmaster@gift-shops-online.com","642 Underhill Ave","SHELBY","NC","28152","7044829591","7044829587","594515","Baskets","gift-shops-online.com","11","0"
"Southern Weaving","2528235549","2601 Anaconda Rd","Tarboro","11920000","Curtiss Burdette","Manager","Mal","164357","S","Southern Weaving","sales@southernweaving.com","2601 Anaconda Rd","Tarboro","NC","27886","8648597532","2528235549","229998","Textile Goods Nec (Manufacturers)","www.southernweaving.com","11","0"
"A C Corp","3367650416","347 Witt St","Winston Salem","15040000","Larry Tysinger","VP","Mal","165234","A","A C","sales@accorporation.com","347 Witt Street","Winston Salem","NC","27103","3367650416","3367650451","5311","Retail shops","null","11","0"
"Chatsworth Products Inc","2525142779","701 Industrial Dr","New Bern","18500000","David Parker","Manager","Mal","165427","C","Chatsworth Products Inc","info@chatsworth.com","701 Industrial Dr","New Bern","NC","28562","2525142977","2525142779","179935","Computer Rooms-Installation & Equipment","www.chatsworth.com","11","0"
"Winter-Bell Co","3368872651","2018 Brevard Rd","High Point","18130000","Rick Lewis","President","Mal","170147","W","Winter-Bell Co","info@winterbell.com","2018 Brevard Rd","High Point","NC","27263","3368822069","3368872651","261101","Paper Converters (Manufacturers)","www.winterbell.com","11","0"
"Wilmington Medical Supply","9103925553","1731 Dawson St","Wilmington","11362000","Martin Gallan","Owner","Mal","170161","W","Wilmington Medical Supply","info@medmallonline.com","1731 Dawson St","Wilmington","NC","28403","9104522913","9103925553","504712","Hospital Equipment & Supplies (Whol)","NULL","11","0"
"Crime Prevention Inc","9199541010","2925 Huntleigh Dr # 104","Raleigh","19740000","Carlos Lopez","Manager","Mal","170389","C","Crime Prevention Inc","marketing@cpssecurity.com","2925 Huntleigh Dr # 104","Raleigh","NC","27604","7023803149","9199541010","506324","Burglar Alarm Systems (Wholesale)","www.ecamsecure.com","11","0"
"Bageltime Inc","7045229122","547 Griffith Rd","Charlotte","18568000","Marc Singer","Owner","Mal","173053","B","Bageltime Inc","sales@bageltime.com","547 Griffith Rd","Charlotte","NC","28217","7045220336","7045229122","514940","Bagels-Wholesale","NULL","11","0"
"T W Metals Co","7045884111","10404 Granite St # O","Charlotte","20940000","Stan Darmachwol","Manager","Mal","174713","T","T W Metals Co","webmaster@twmetals.com","10404 Granite St # O","Charlotte","NC","28273","4072405704","7045884111","505113","Metal Specialties (Wholesale)","www.twmetals.com","11","0"
"Deluxe Check Printing","3366682775","116 Landmark Dr","Greensboro","16445000","Lin Snowa","Plant Mgr","Mal","175038","D","Deluxe Check Printing","feedback@deluxe.com","116 Landmark Dr","Greensboro","NC","27409","6024312514","3366682775","275998","Commercial Printing Nec","www.deluxe.com","11","0"
"Packaging Unlimited","7047327100","1880 Riverview Rd","Lincolnton","16020000","Keith Davis","Manager","Mal","175166","P","Packaging Unlimited","sales@pulnc.com","1880 Riverview Road","Lincolnton","NC","28092","7047327100","null","5311","Retail shops","netpackaging.com","11","0"
"Perfecting Coupling Co","7043349175","332 Atando Ave","Charlotte","12160000","Randy Mullins","President","Mal","179054","P","Perfecting Coupling","sales@perfecting.com","332 Atando Avenue P.O. Box 790068","Charlotte","NC","28206","7043349175","7043349002","5311","Retail shops","perfecting.com","11","0"
"United Brass Works Inc","3364982661","714 S Main St","Randleman","11800000","Michael Berkelhammer","President","Mal","179584","U","United Brass Works Inc","sales@morexinc.com","714 S Main St","Randleman","NC","27317","3364984267","3364982661","349198","Industrial Valves (Manufacturers)","www.ubw.com","11","0"
"WTWB","3365102020","622 Guilford College Rd # G","Greensboro","12090000","Kathi Lester","Manager","Fem","182480","W","WTWB","info@wcwg20.com","622 Guilford College Rd # G","Greensboro","NC","27409","3365478144","3365102020","483301","Television Stations & Broadcasting CO","www.wtwb.com","11","0"
"Arrow Equipment LLC","3362942326","1516 Glendale Dr","Greensboro","24450000","Larry Still","President","Mal","183640","A","Arrow Equipment","info@arrowequipinc.com","1516 Glendale Drive","Greensboro","NC","27406","3362942326","3368542813","353401","Mfg Elevators/escalators Building Equipment Installatio","arrowequipinc.com","11","0"
"TCS Enterprises","3362750218","481 N English St","Greensboro","11400000","Ted Whitson","Owner","Mal","186034","T","Tcs Enterprises","info@tcsenterprises.com","481 N English Street","Greensboro","NC","27405","3362750218","3362750761","8999","Services NEC","tcsenterprises.com","11","0"
"Tweetsie Railroad","8282649061","296 Tweetsie Railroad Rd","Blowing Rock","21168000","Chris Robbins","Manager","Mal","186590","T","Tweetsie Railroad","info@tweetsie.com","296 Tweetsie Railroad Rd","Blowing Rock","NC","28605","8282642234","8282649061","799601","Amusement Places","www.tweetsie.com","11","0"
"Carolina Pride","3365975112","417 S Madison Blvd","Roxboro","15570000","Dale Reynolds","Owner","Mal","186869","C","Carolina Pride","sales@cpcarwash.com","417 S Madison Blvd","Roxboro","NC","27573","3365975113","3365975112","508708","Car Washing/Polishing Equip/Supls (Whol)","www.cpcarwash.com","11","0"
"Colonial Materials Inc","9104855099","570 Belt Blvd","Fayetteville","20375000","Bill Farrell","Manager","Mal","189369","C","Colonial Materials Inc","hr@gms.com","570 Belt Blvd","Fayetteville","NC","28301","8324671811","9104855099","508205","Dry Wall Contractors Equip/Supls (Whol)","www.gms.com","11","0"
"Dynisco Extrusion","8283269888","1291 19th Street Ln NW","Hickory","17710000","Randy Pearson","President","Mal","191890","D","Dynisco Extrusion","hostmaster@dynisco.com","1291 19th Street Ln NW","Hickory","NC","28601","8283268882","8283269888","384104","Physicians & Surgeons Equip & Supls-Mfrs","www.dynisco.com","11","0"
"Brady Furniture Co","3369696816","8250 Depot St","Rural Hall","19760000","Dexter Campbell Jr","President","Mal","192134","B","Brady Furniture Co","info@nicholsandstone.com","8250 Depot St","Rural Hall","NC","27045","9786322623","3369696816","259901","Furniture-Manufacturers","www.nicholsandstone.com","11","0"
"Triangle Brick Co","9195441796","6523 NC Highway 55","Durham","10900000","Howard P Brown","President","Mal","192143","T","Triangle Brick Co","sales@trianglebrick.com","6523 NC Highway 55","Durham","NC","27713","9195443904","9195441796","325101","Brick-Clay Common & Face-Manufacturers","www.trianglebrick.com","11","0"
"Freightliner In-Svc Mt Holly","7048270150","1803 N Main St","Mt Holly","24052000","Terry Barton","Manager","Mal","192145","F","Freightliner In-Svc Mt Holly","webmaster@freightliner.com","1803 N Main St","Mt Holly","NC","28120","3102231635","7048270150","551105","Truck-Dealers","www.freightliner.com","11","0"
"Atmel Multimedia & Comm","9194626540","3800 Gateway Centre Blvd # 311","Morrisville","12600000","Nick Kanopoulos","Executive Director","Mal","192529","A","Atmel Multimedia & Comm","webmaster@atmel.com","3800 Gateway Centre Blvd # 311","Morrisville","NC","27560","9194620300","9194626540","154102","Designers-Industrial","www.atmel.com","11","0"
"Morton Buildings","8286877171","6 Vaughn Cir","Fletcher","10512000","Ken Zullo","Manager","Mal","194471","M","Morton Buildings","info@mortonbuildings.com","6 Vaughn Cir","Fletcher","NC","28732","7018454464","8286877171","154210","Buildings-Metal","www.mortonbuildings.com","11","0"
"ORC Plastics","9196633141","920 E Raleigh St","Siler City","11350000","Robert Wiehl","Plant Mgr","Mal","194700","O","ORC Plastics","info@oneidamoldedplastics.com","920 E Raleigh St","Siler City","NC","27344","9196632940","9196633141","308901","Mold Makers","www.orcplastics.com","11","0"
"Senter Tractor Co Inc","9197790922","4901 Fayetteville Rd","Raleigh","14670000","Michael Senter","Owner","Mal","194818","S","Senter Tractor Co Inc","info@sentertractor.com","4901 Fayetteville Rd","Raleigh","NC","27603","NULL","9197790922","508206","Contractors-Equip/Supls-Dlrs/Svc (Whol)","NULL","11","0"
"Outerbanks Harley-Davidson","2523388866","1223 Us Highway 17 S","Elizabeth City","10648000","Maurice Slaughter","Manager","Mal","195272","O","Outerbanks Harley-Davidson","service@kittyhawkhd.com","1223 Us Highway 17 S","Elizabeth City","NC","27909","2523388001","2523388866","557106","Motorcycles & Motor Scooters-Dealers","www.harleybay.com","11","0"
"Carolina Health Care Ctr","9104291690","4600 Cumberland Rd","Fayetteville","12950000","James Matthews","Administrator","Mal","196945","C","Carolina Health Care Ctr","admin@carolina-health.com","4600 Cumberland Rd","Fayetteville","NC","28306","9104291690","9104291690","805101","Nursing & Convalescent Homes","www.carolina-health.com","11","0"
