"Piedmont Medical Supply Inc","8283276970","752 4th St SW","Hickory","5980000","Charles Bradshaw","President","Mal","12256","P","Piedmont Medical Supply","sales@ncpms.com","752 4th Street SW","Hickory","NC","28602","8283276970","null","384104","Mfg Surgical/medical Instruments Whol Homefurnishings","null","11","0"
"Natvar","9195534151","8720 Us Highway 70 W","Clayton","9840000","George Coggins","President","Mal","13609","N","Natvar","info@tekni-plex.com","8720 Us Highway 70 W","Clayton","NC","27520","2607289958","9195534151","308902","Plastics & Plastic Products (Mfrs)","www.tekni-plex.com","11","0"
"Parrott Canvas Co Inc","2527528433","508 W 14th St","Greenville","5778000","Mickey Parrott","President","Mal","15584","P","Parrott Canvas","info@discount-travel-bags.com","508 W 14th Street","Greenville","NC","27834","2527528433","null","4724","Travel agents","null","11","0"
"Amware Logistics","7049211928","5808 Long Creek Park Dr","Charlotte","5100000","Randall Dixon","Manager","Mal","18022","A","Amware Logistics","sales@amwarelogistics.com","5808 Long Creek Park Dr","Charlotte","NC","28269","9707486750","7049211928","874266","Logistics","www.amwarelogistics.com","11","0"
"Tax Management Assoc Inc","7048471234","2225 Coronation Blvd","Charlotte","9945000","Richard Cooke Sr","President","Mal","25781","T","Tax Management Assoc Inc","sales@tma1.com","2225 Coronation Blvd","Charlotte","NC","28227","8102257968","7048471234","737401","Data Processing Service","www.tma1.com","11","0"
"Auto Supply Co Inc","3362756193","1032 Winston St","Greensboro","6720000","Tony Denny","Manager","Mal","31645","R","Ross Gagnon","hostmaster@children-book-shopping.com","6871 Dyer Rd","GREENSBORO","NC","27405","3362756193","3362756187","5942","Bookstores","CHILDREN-BOOK-SHOPPING.COM","11","0"
"Uwharrie Chair Inc","3364312055","7210 Suits Rd","Archdale","5200000","Rick Price","President","Mal","35870","U","Uwharrie Chair Inc","info@uwharriechair.com","7210 Suits Rd","Archdale","NC","27263","3364312056","3364312055","259901","Furniture-Manufacturers","www.uwharriechair.com","11","0"
"Virginia Air Distributors Inc","9198346516","2930 Yonkers Rd","Raleigh","7238000","Keith Weatherly","Manager","Mal","39873","V","Virginia Air Distributors Inc","marketing@virginiaair.com","2930 Yonkers Rd","Raleigh","NC","27604","8047941435","9198346516","507510","Heating Equipment & Systems (Wholesale)","www.virginiaair.com","11","0"
"Carroll Tire Co Inc","3367602820","130 Cloverleaf Dr","Winston Salem","6419000","David Gault","Manager","Mal","42440","C","Carroll Tire Co Inc","info@carrolltire.com","130 Cloverleaf Dr","Winston Salem","NC","27103","7578529648","3367602820","501401","Tire-Distributors","www.carrolltire.com","11","0"
"Norfolk Southern Railway Co","8283223335","27 Old Us Highway 70a","Hickory","5436000","Mike Fields","Manager","Mal","44015","N","Norfolk Southern Railway Co","webmaster@nscorp.com","27 Old Us Highway 70a","Hickory","NC","28601","2563868859","8283223335","401101","Railroads","www.nscorp.com","11","0"
"United Glove Inc","8284642510","2017 N Stewart Ave","Newton","7700000","Daniel C Long","President","Mal","47832","U","United Glove Inc","sales@unitedglove.com","2017 N Stewart Ave","Newton","NC","28658","8284655913","8284642510","561105","Gloves-Work & Industrial","www.unitedglove.com","11","0"
"Power & Telephone Supply Co","3362490256","2950 Greensboro Street Ext","Lexington","8050000","Bill Meadley","Manager","Mal","48863","P","Power & Telephone Supply Co","marketing@ptsupply.com","2950 Greensboro Street Ext","Lexington","NC","27295","3362497475","3362490256","599904","Telephone Equipment & Supplies","www.ptsupply.com","11","0"
"Wood Designs Of Monroe","7042891816","608 Broome St","Monroe","5200000","Dennis Gosney","Owner","Mal","49918","W","Wood Designs Of Monroe","info@artisticenergy.com","608 Broome St","Monroe","NC","28110","7042891899","7042891816","259998","Furniture & Fixtures Nec (Mfrs)","www.wooddesigns.org","11","0"
"Barbizon Lighting Co","7043722122","1016 Mcclelland Ct","Charlotte","9156000","Jeff Montgomerie","Manager","Mal","53247","B","Barbizon Lighting Co","techsupport@30dps.com","1016 Mcclelland Ct","Charlotte","NC","28206","7819359273","7043722122","504304","Motion Picture Equip & Supplies (Whol)","www.barbizon.com","11","0"
"W T Tool-South","7045274071","4200 Barringer Dr","Charlotte","6090000","Martin Dowdy","Manager","Mal","56129","W","W T Tool-South","customerservice@wttool.com","4200 Barringer Dr","Charlotte","NC","28217","7138958113","7045274071","507213","Tools (Wholesale)","www.wttool.com","11","0"
"Metal Building Distributors","8288834840","400 Commerce St","Brevard","7920000","Elton Steinn","Owner","Mal","56299","M","Metal Building Distributors","sales@go-mbd.com","400 Commerce Street","Brevard","NC","28712","8288834840","8288834836","1099","Metal ores","go-mbd.com","11","0"
"MPI Label Systems Of Carolina","7045871870","4100 Turtle Creek Ln","Charlotte","5200000","Stefan Opitz","Manager","Mal","66932","M","Mpi Label Systems of Carolina","info@mpilabels.com","4100 Turtle Creek Lane","Charlotte","NC","28273","7045871870","7045871877","8999","Services NEC","null","11","0"
"Sampson Bladen Oil Co","9106553498","3058 Old Stage Hwy # 312","Riegelwood","6708000","Brooks Tatum","Manager","Mal","72684","S","Sampson-Bladen Oil & Gas","info@sboil.com","3058 Old Stage Highway","Riegelwood","NC","28456","9106553498","null","131103","Oil Companies","null","11","0"
"Liquid Handling Equipment Inc","7043998700","2311 Executive St","Charlotte","7616000","John Connor","President","Mal","73999","L","Liquid Handling Equipment","info@liquidhandlingequip.com","2311 Executive Street","Charlotte","NC","28208","7043998700","null","353401","Mfg Elevators/escalators Building Equipment Installatio","liquidhandlingequip.com","11","0"
"Rummel Klepper & Kahl","9198789560","900 Ridgefield Dr # 350","Raleigh","7245000","Tommy Peacock","Manager","Mal","75684","R","Rummel Klepper & Kahl","hr@rkkengineers.com","900 Ridgefield Dr # 350","Raleigh","NC","27609","5408510510","9198789560","871111","Engineers-Consulting","www.rkkengineers.com","11","0"
"United Mailing Svc Inc","7043922805","4335 Taggart Creek Rd # A","Charlotte","6510000","Ed Stairewall","Owner","Mal","77319","U","United Mailing Svc Inc","webmaster@unitedmailingservice.com","4335 Taggart Creek Rd # A","Charlotte","NC","28208","7043922807","7043922805","733105","Advertising-Direct Mail","www.unitedmailingservice.com","11","0"
"American Tire Distributors","8286650742","41 Dogwood Rd","Arden","5423000","Jim Rice","Manager","Mal","78624","A","American Tire Distributors","sales@americanrubber.com","41 Dogwood Rd","Arden","NC","28704","8286650243","8286650742","501401","Tire-Distributors","www.americantire.com","11","0"
"Mc Combs Oil","8284375740","PO Box 483","Rutherford Clg","5940000","Tom Mc Comb","Owner","Mal","79327","M","Mc Combs Oil","service@mccombsoil.com","PO Box 483","Rutherford Clg","NC","28671","8284378558","8288744151","517206","Oils-Fuel (Wholesale)","NULL","11","0"
"UVA Sun Systems","3368556376","6208 Technology Dr","Browns Summit","9380000","Rick Pierce","Owner","Mal","92073","U","UVA Sun Systems","sales@hottan.com","6208 Technology Dr","Browns Summit","NC","27214","3363751844","3368556376","509114","Tanning Salons Equip & Supplies-Whol","www.tanningbeds4less.com","11","0"
"Synapse Technology","7048875600","6900 Northpark Blvd # G","Charlotte","8040000","Tim Zink","President","Mal","92166","S","Synapse Technology","hr@synapsetechnology.com","6900 Northpark Blvd # G","Charlotte","NC","28216","7048875601","7048875600","899953","Information Management","www.synapsetechnology.com","11","0"
"Tops For Shoes","8282546721","27 N Lexington Ave","Asheville","5760000","Bob Carr","Owner","Mal","92241","T","Tops For Shoes","sales@topsforshoes.com","27 N Lexington Ave","Asheville","NC","28801","8282546741","8282546721","566101","Shoes-Retail","www.topsforshoes.com","11","0"
"Brown & Church Yapre Co","3363684542","118 Mary Moore Dr","Pilot Mountain","6930000","Larry Marshall","CEO","Mal","93883","B","Brown & Church Yapre Co","orders@tomjames.com","118 Mary Moore Dr","Pilot Mountain","NC","27041","4023417500","3363684542","561101","Men's Clothing & Furnishings-Retail","www.tomjames.com","11","0"
"Touch America Inc","9197326968","437 Dimmocks Mill Rd","Hillsborough","7958000","","","","95279","T","Touch America Inc","info@touchamerica.com","437 Dimmocks Mill Rd","Hillsborough","NC","27278","9197321173","9197326968","508745","Chiropractors Equipment & Supply (Whol)","www.touchamerica.com","11","0"
"Team Powersports","9197727866","222 Us Highway 70 E","Garner","9930000","Carroll Stevenson","Owner","Mal","98555","T","Team Powersports","service@willridetwo.com","222 Us Highway 70 E","Garner","NC","27529","9197727865","9197727866","557106","Motorcycles & Motor Scooters-Dealers","www.team-powersports.com","11","0"
"Worthington Farms Inc","2527563827","3661 Ballards Crossroads Rd","Greenville","8900000","Chester Worthington","Owner","Mal","99839","B","Barker Landscape Architects","sales@worthingtonfarms.com","3661 Ballards Crossroads Rd","Greenville","NC","27834","2527563827","2527569442","078204","Landscapes","worthingtonfarms.com","11","0"
"Rice's Glass Co","9199679214","107 Lloyd St","Carrboro","8040000","L A Rice","Owner","Mal","107217","R","Rice's Glass Co","administrator@riceglasscomp.com","107 Lloyd Street","CARRBORO","NC","27510","9199679214","null","5719","Glass & mirrors","RICEGLASSCOMP.COM","11","0"
"Cracker Barrel Stores Inc","2522347600","5006 Hayes Pl W","Wilson","9646000","Mike Smith","Manager","Mal","108906","C","Cracker Barrel Stores Inc","privacy@crackerbarrel.com","5006 Hayes Pl W","Wilson","NC","27896","5733368316","2522347600","594712","Gift Shops","www.crackerbarrel.com","11","0"
"Barbeques Galore","7045873360","11401 Granite St","Charlotte","5440000","Terrill Kurtz","Manager","Mal","111397","B","Barbeques Galore","customerservice@bbqgalore.com","11401 Granite St","Charlotte","NC","28273","7045873362","7045873360","508406","Barbecue Equipment & Supplies (Whol)","www.bbqgalore.com","11","0"
"DNA Group Inc","9195711079","2841 Plaza Pl # 200","Raleigh","5824000","Eric Vaughn","CEO","Mal","111479","D","DNA Group Inc","info@dnagroup.com","2841 Plaza Pl # 200","Raleigh","NC","27612","9198810144","9195711079","384104","Physicians & Surgeons Equip & Supls-Mfrs","www.taltronics.com","11","0"
"W R Long Inc","2528234570","1607 Cedar St","Tarboro","7539000","Vance Long","Owner","Mal","115989","W","W R Long Inc","feedback@wrlonginc.com","1607 Cedar St","Tarboro","NC","27886","2528234570","2528234570","353198","Construction Machinery & Equip (Mfrs)","www.wrlonginc.com","11","0"
"American Products Inc","7045882400","11815 Downs Rd","Pineville","6228000","Kent Thompson","Owner","Mal","118539","A","American Products; Inc","sales@ampro-online.com","P.O. Box 818","PINEVILLE","NC","28134","7045882400","7049166707","5311","Retail shops","AMPRO-ONLINE.COM","11","0"
"Tapoco Lodge Inc","8284982435","14981 Tapoco Rd","Robbinsville","9050000","Claudine Cody","Owner","Fem","118974","T","Tapoco Lodge Inc","info@tapocolodge.com","14981 Tapoco Rd","Robbinsville","NC","28771","8284982377","8284982435","491101","Electric Companies","www.tapocolodge.com","11","0"
"Murata Wiedemann Inc","7048759280","2120 Queen City Dr","Charlotte","7380000","Mark Hattori","CEO","Mal","119322","M","Murata Wiedemann Inc","info@muratawiedemann.com","2120 Queen City Dr","Charlotte","NC","28208","NULL","7048759280","359903","Machine Shops","NULL","11","0"
"W A Smith Air Conditioning Inc","7043739733","2218 Toomey Ave","Charlotte","6580000","Wayne A Smith","Owner","Mal","121746","W","W A Smith Air Conditioning Inc","info@wasmithinc.com","2218 Toomey Ave","Charlotte","NC","28203","7043731852","7043739733","171117","Air Conditioning Contractors & Systems","www.wasmithinc.com","11","0"
"Trinity Manufacturing Inc","9105825650","11 Ev Hogan Dr","Hamlet","5856000","","","","124190","T","Trinity Manufacturing Inc","info@trinitymfg.net","11 Ev Hogan Dr","Hamlet","NC","28345","9105824433","9105825650","289905","Chemicals-Manufacturers","www.trinitymanufacturing.com","11","0"
"Blevins Inc","2524420101","750 Fenner Rd","Rocky Mount","8620000","Tom Waymouth","Manager","Mal","124799","B","Blevins Inc","info@blevinsinc.com","750 Fenner Rd","Rocky Mount","NC","27804","7179446009","2524420101","527103","Mobile Homes-Equipment & Parts","www.blevinsinc.com","11","0"
"Arbon Equipment Corp","7045595722","1535 Center Park Dr","Charlotte","8160000","Tom Burrill","President","Mal","125789","A","Arbon Equipment Corp","info@ritehite.com","1535 Center Park Dr","Charlotte","NC","28217","8043400156","7045595722","508810","Loading Dock Equipment (Wholesale)","www.ritehite.com","11","0"
"Furmanite","7043768544","1200 Atando Ave # A","Charlotte","6300000","Mike Ignasiak","Manager","Mal","126301","F","Furmanite","support@furmanite.com","1200 Atando Ave # A","Charlotte","NC","28206","7043765043","7043768544","769943","Valves-Repairing","www.furmaniteusa.com","11","0"
"University Mall","9199676934","201 S Estes Dr","Chapel Hill","6540000","","","","127308","U","University Mall","webmaster@universitymallnc.com","201 S Estes Dr","Chapel Hill","NC","27514","9199675831","9199676934","651201","Shopping Centers & Malls","www.universitymallnc.com","11","0"
"TDK Corp Of America","3362920012","600 Green Valley Rd # 207","Greensboro","5050000","Greg Carter","Manager","Mal","130608","T","TDK Corp Of America","customer.support@tec.tdk.com","600 Green Valley Rd # 207","Greensboro","NC","27408","4084379591","3362920012","506519","Electronic Equipment & Supplies-Whol","www.tdk.com","11","0"
"Sink Farm Equipment","3367875138","965 Petrea Rd","Lexington","5478000","Claude Sink Jr","President","Mal","134522","S","Sink Farm Equipment","info@sinkfarmequipment.com","965 Petrea Road","Lexington","NC","27295","3367875138","null","019101","FARMS","sinkfarmequipment.com","11","0"
"Professional Floors Inc","2522552882","500 Sand Dune Dr # 2","Kitty Hawk","7375000","Virgil Lanning","Owner","Mal","134591","P","Professional Floors Inc","info@flooringamerica.com","500 Sand Dune Dr # 2","Kitty Hawk","NC","27949","4127315527","2522552882","571305","Carpet & Rug Dealers-New","www.prizantsfloorcovering.com","11","0"
"Myers Tire Supply Co","7043725477","1220 Upper Asbury Ave","Charlotte","6272000","Larry Nester","Manager","Mal","139577","M","Myers Tire Supply Co","sales@myerstiresupply.com","1220 Upper Asbury Ave","Charlotte","NC","28206","6127884408","7043725477","501332","Tire-Retreading/Repair-Eqpt/Supls (Whol)","www.myerstiresupply.com","11","0"
"TNT Carports Inc","3367893818","1050 Worth St","Mt Airy","7080000","Benny Torres","Owner","Mal","139905","T","TNT Carports Inc","sales@t-n-tcarports.com","1050 Worth St","Mt Airy","NC","27030","3367894122","3367893818","152104","Carports","www.t-n-tcarports.com","11","0"
"Kenan Transport Co","7043991596","8124 Old Mount Holly Rd","Charlotte","7550000","John Jolly","Manager","Mal","141161","K","Kenan Transport Co","webmaster@kenanadvantagegroup.com","8124 Old Mount Holly Rd","Charlotte","NC","28214","5409823520","7043991596","421306","Trucking-Liquid & Dry Bulk","www.kenanadvantagegroup.com","11","0"
"Port City Electric","9197795570","632 Pershing Rd","Raleigh","8200000","Tom Walls","Manager","Mal","143236","P","Port City Electric","careers@ces-electric.com","632 Pershing Rd","Raleigh","NC","27608","7817624508","9197795570","173101","Electric Contractors","www.ces-electric.com","11","0"
"Ultimate Products","9198361627","2319 Laurelbrook St","Raleigh","7317000","Dean Debnam","Owner","Mal","143292","U","Ultimate Products","sales@ultimate-products.com","2319 Laurelbrook St","Raleigh","NC","27604","9198344526","9198361627","343303","Heating Equipment-Manufacturers","www.ultimate-products.com","11","0"
"Nw Sign Industries","7047822660","120 Cascade Dr","Concord","5190000","Billy Phillips","Manager","Mal","144051","N","Nw Sign Industries","hr@nwsignindustries.com","120 Cascade Dr","Concord","NC","28027","8568020412","7047822660","399302","Signs (Manufacturers)","www.nwsignindustries.com","11","0"
"Tower Engineering Pros Inc","9196616351","3703 Junction Blvd","Raleigh","5175000","Pete Jernigan","President","Mal","144674","T","Tower Engineering Pros Inc","info@tepgroup.net","3703 Junction Blvd","Raleigh","NC","27603","9196616350","9196616351","871137","Engineers-Structural","www.tepgroup.net","11","0"
"United Promotions Inc","7043912992","433 Lawton Rd","Charlotte","9750000","George Leventis","President","Mal","153378","U","United Promotions Inc","sales@upilab.com","433 Lawton Rd","Charlotte","NC","28216","7043912902","7043912992","738404","Photo Finishing-Wholesale","www.upilab.com","11","0"
"Praxair Healthcare/Compress","9198559475","3101 Stoneybrook Dr # 124","Raleigh","5980000","Keith Ferrari","Manager","Mal","153949","P","Praxair Healthcare/Compress","info@praxair.com","3101 Stoneybrook Dr # 124","Raleigh","NC","27604","9788580797","9198559475","504704","Physicians & Surgeons Equip & Supls-Whol","www.praxair.com","11","0"
"Ward Transformer Co","9197873553","6720 Mount Herman Rd","Raleigh","9240000","Robert E Ward Iii","Owner","Mal","156170","W","Ward Transformer Co","sales@wardtransformer.com","6720 Mount Herman Rd","Raleigh","NC","27617","9197871683","9197873553","361298","Power Distr/Specialty Transformer (Mfrs)","www.wardtransformer.com","11","0"
"Comtec","8286872888","1900 Hendersonville Rd # 10","Asheville","6783000","Michael Ridenour","Owner","Mal","158343","C","Comtec","info@jerryseltzer.com","1900 Hendersonville Rd # 10","Asheville","NC","28803","8286879997","8286872888","573121","Television-Giant Screen","www.youravconnection.com","11","0"
"Industrial Timber & Land","8286599663","203 College Dr","Marion","9920000","James Schill","Manager","Mal","158672","I","Industrial Timber & Land","sales@itlcorp.com","203 College Dr","Marion","NC","28752","3307500148","8286599663","242101","Lumber-Manufacturers","www.itlcorp.com","11","0"
"Ace Tool Co","7045977535","3400 Woodpark Blvd # L","Charlotte","6216000","Bob Lynch","Manager","Mal","159868","A","Ace Tool Co","hr@nestorsales.com","3400 Woodpark Blvd # L","Charlotte","NC","28206","2166355502","7045977535","507213","Tools (Wholesale)","www.nestorsales.com","11","0"
"ACR Supply Inc","9192862228","2719 Hillsborough Rd","Durham","9870000","Leaton C Meachum","Manager","","161216","A","A C R Supply","info@acrsupply.com","2719 Hillsborough Road","Durham","NC","27705","9192862228","9192867106","5311","Retail shops","acrsupply.com","11","0"
"T J Maxx","7045259111","4726 South Blvd","Charlotte","8100000","Beth Abbott","Manager","Fem","161845","T","T J Maxx","corporaterewards@tjx.com","4726 South Blvd","Charlotte","NC","28217","2568818131","7045259111","531102","Department Stores","www.marshallsonline.com","11","0"
"Original Mattress Factory","9195109977","8917 Glenwood Ave","Raleigh","9156000","Hoke Smith","Manager","Mal","167871","O","Original Mattress Factory","feedback@originalmattress.com","8917 Glenwood Ave","Raleigh","NC","27617","4076733040","9195109977","251501","Mattresses-Manufacturers","www.originalmattress.com","11","0"
"Williams Medical Equip Sales","3364497357","229 E Main St","Gibsonville","8970000","Wallace Williams","Owner","Mal","168434","W","Williams Medical Equip Sales","sales@wmsmedical.com","PO Box 376","Gibsonville","NC","27249","3364497592","3364497357","504704","Physicians & Surgeons Equip & Supls-Whol","NULL","11","0"
"United Steel Products Co","3366672056","2745 Statesville Rd","North Wilkesboro","5796000","Dan Tikalsky","Plant Mgr","Mal","169255","U","United Steel Products Co","info@uspconnectors.com","2745 Statesville Rd","North Wilkesboro","NC","28659","3366671198","3366672056","344198","Fabricated Structural Metal (Mfrs)","www.uspconnectors.com","11","0"
"Tereck Office Solutions","9194849270","4319 S Alston Ave # 101","Durham","5664000","Andrew Burke","Owner","Mal","170107","T","Tereck Office Solutions","techsupport@tereckoffice.com","4319 S Alston Ave # 101","Durham","NC","27713","9193615771","9194849270","762934","Copying Machines-Service & Repair","www.tereckoffice.com","11","0"
"Guitar Center","7043211828","10050 E Independence Blvd","Matthews","6720000","John Lassiter","Manager","Mal","172605","G","Guitar Center","webmaster@guitarcntr.com","10050 E Independence Blvd","Matthews","NC","28105","2815570515","7043211828","573608","Musical Instruments-Dealers","www.guitarcenter.com","11","0"
"Bmi South","9198787776","4541 Preslyn Dr","Raleigh","8700000","John Beidermann","President","Mal","174211","B","BMI South","support@unosystems.com","4500 Preslyn Dr","RALEIGH","NC","27616","9198781506","null","8999","Services NEC","BMI-INC.COM","11","0"
"Western Carolina Hoist & Crane","8288631346","134 Whispering Ridge Farm Ln","Mill Spring","5440000","Angel Cehen","Owner","Fem","174897","W","Western Carolina Hoist & Crane","sales@westerncarolinahoist.com","134 Whispering Ridge Farm Ln","Mill Spring","NC","28756","8288631346","8288631346","508412","Cranes & Derricks (Wholesale)","www.westerncarolinahoist.com","11","0"
"Triangle Biomedical Sciences","9193849393","3014 Croasdaile Dr","Durham","6440000","Jack Hunnell","Owner","Mal","175252","T","Triangle Biomedical Sciences","sales@trianglebiomedical.com","3014 Croasdaile Dr","Durham","NC","27705","9194775883","9193840037","384104","Physicians & Surgeons Equip & Supls-Mfrs","www.trianglebiomedical.com","11","0"
"Windsor Point Pool","9195524580","1221 Broad St","Fuquay Varina","8710000","Florence Johnson","Owner","Fem","178806","W","Windsor Point Pool","marketing@windsorpoint.com","8414 Fallsdale Drive - Charlotte","SAPULPA","NC","27526","9195521889","9195524979","874213","Marketing Programs & Services","windsorpoint.com^^winfsorpoint.com","11","0"
"Electronic Technologies Corp","7045104368","8420 Univ Exec Park Dr # 835","Charlotte","5922000","Scott Werner","Manager","Mal","181263","E","Electronic Technologies Corp","support@prognosis.com","8420 Univ Exec Park Dr # 835","Charlotte","NC","28262","3032837700","7045104368","506308","Fire Alarm Systems (Wholesale)","www.ir.com","11","0"
"Tex Source","7047399612","301 S Battleground Ave","Kings Mountain","5984000","Robert Bolin","Owner","Mal","182588","T","Tex Source","info@texsourceonline.com","301 S Battleground Ave","Kings Mountain","NC","28086","7047399688","7047399612","508449","Screen Printing Equipment & Supls (Whol)","www.texsourceonline.com","11","0"
"Master-Halco","7045978000","11309 Reames Rd","Charlotte","6120000","","","","186209","M","Master-Halco","info@fenceonline.com","11309 Reames Rd","Charlotte","NC","28269","3175429861","7045978000","503903","Fence (Wholesale)","www.mhfence.com","11","0"
"Scott Equipment","7048751611","10800 Twin Lakes Pkwy","Charlotte","5600000","David Scott","President","Mal","186493","S","Scott Equipment Company; Inc","webmaster@scotteq.com","10800 Twin Lakes Pkwy","CHARLOTTE","NC","28269","7048751611","7048750625","353401","Mfg Elevators/escalators Building Equipment Installatio","SCOTTEQ.COM","11","0"
"AME Inc","7045964075","4517 Equipment Dr","Charlotte","8415000","Alex Alred","Manager","Mal","188383","A","AME Inc","info@ameonline.com","4517 Equipment Dr","Charlotte","NC","28269","7045962421","7045964075","735301","Crane Service","www.ameonline.com","11","0"
"Truck Lease Svc Inc","3366611505","4350 Idlewild Industrial Dr","Winston Salem","6493000","Wanda Butner","Owner","Fem","188489","T","Truck Lease Svc Inc","billing@truckleaseservices.com","4350 Idlewild Industrial Dr","Winston Salem","NC","27105","3366611505","3366611505","421309","Trucking-Motor Freight","www.truckleaseservices.com","11","0"
"Bayada Nurses","8286815100","141 Asheland Ave # 201","Asheville","7020000","Lisa Hall","Executive Director","Fem","189488","B","Bayada Nurses","info@bayada.com","141 Asheland Ave # 201","Asheville","NC","28801","5087786600","8286815100","808201","Home Health Service","www.bayada.com","11","0"
"Weeks Seed Co","2527571234","5440 Greenville Blvd NE","Greenville","9975000","Edward Weeks","Owner","Mal","189586","W","Weeks Seed Co","webmaster@weeksseeds.com","5440 Greenville Blvd NE","Greenville","NC","27834","2527570978","2527571234","519105","Seeds & Bulbs-Wholesale","www.weeksseeds.com","11","0"
"Trans-Matic Mfg Co","9197746321","5825 Clyde Rhyne Dr","Sanford","6572000","Baldie Bissette","Plant Mgr","Mal","191691","T","Trans-Matic Mfg Co","hr@transmatic.com","5825 Clyde Rhyne Dr","Sanford","NC","27330","9197746803","9197746321","346904","Metal Stamping (Manufacturers)","www.transmatic.com","11","0"
"Triangle Cycles","9194897478","4305 Durham Chapel Hill Blvd","Durham","5808000","Russell D Reynolds","Owner","Mal","192959","T","Triangle Cycles","salesmgr@trianglecycles.com","4305 Durham Chapel Hill Blvd","Durham","NC","27707","9194931850","9194897478","557106","Motorcycles & Motor Scooters-Dealers","www.trianglecycles.com","11","0"
"Vetter Windows","8286844873","4 Vaughn Cir","Fletcher","5160000","Terry Longworth","President","Mal","193755","V","Vetter Windows","webmaster@windowplanningcenter.com","4 Vaughn Cir","Fletcher","NC","28732","8286841981","8286844873","521107","Windows","www.windowplanningcenter.com","11","0"
"Superior Pool Products","7045989711","2701 Hutchinson Mcdonald Rd #A","Charlotte","8710000","Don Klamfoth","Manager","Mal","194907","S","Superior Pool Products","webmaster@fwpools.com","2701 Hutchinson Mcdonald Rd #A","Charlotte","NC","28269","6157777671","7045989711","509118","Swimming Pool Equipment & Supls (Whol)","www.surfthepool.com","11","0"
"Thayer Coggin Inc","3368416000","230 South Rd","High Point","8700000","Royale Wiggin","Manager","Fem","195084","T","Thayer Coggin Inc","info@thayercoggin.com","230 South Rd","High Point","NC","27262","3368413245","3368416000","251198","Wood-Household Furn-Ex Upholstered (Mfr)","www.thayercoggin.com","11","0"
"Tri Path Imaging Inc","3365869913","1111 Huffman Mill Rd","Burlington","6048000","Paul Sohmer","President","Mal","195529","T","Tri Path Imaging Inc","web@tripathimaging.com","780 Plantation Dr","Burlington","NC","27215","3362228819","3362229707","504704","Physicians & Surgeons Equip & Supls-Whol","www.tripathimaging.com","11","0"
"General Security","3362733785","5519 Gumtree Rd","Winston Salem","9212000","Terry Sprinkle","Manager","Mal","196506","G","General Security","sales@gensecurity.com","5519 Gumtree Rd","Winston Salem","NC","27107","8042673539","3362733785","506324","Burglar Alarm Systems (Wholesale)","www.gensecurity.com","11","0"
