"Tecton Products","7012770209","4401 15th Ave N","Fargo","24600000","John Jambois","President","Mal","564","T","Tecton Products","info@tectonproducts.com","4401 15th Ave N","Fargo","ND","58102","7012770219","7012770209","308910","Plastics-Products-Finished-Manufacturers","www.tectonproducts.com","11","0"
"SUNDANCE SPAS","7012270601","2592 4TH ST E","DICKINSON","11700000","","Unknown","","1780","H","Haller; Denny","webmaster@goesp.com","2592 4th Street East","DICKINSON","ND","58601","7012270601","null","173101","Electric Contractors","DENNYSELECTRICND.COM;TAYLORHORSEFEST.COM","11","0"
"Revolutions Power Sports","7017464997","4225 36th Ave S","Grand Forks","10648000","Travis Burke","Owner","Mal","2845","R","Revolutions Power Sports","info@revolutionspowersports.com","4225 36th Ave S","Grand Forks","ND","58201","7017464997","7017464997","769967","Motorcycles & Motor Scooters-Rpr & Svc","www.revolutionspowersports.com","11","0"
"CORWIN CHURCHILL MOTORS INC","7012231170","1112 MISSOURI AVE","BISMARCK","20200000","BRUCE WHITTEY","President","M","3312","C","Corwin Churchill Motors","info@corwinchurchill.com","1112 Missouri Avenue","Bismarck","ND","58504","7012231170","null","8661","Religious organizations","null","11","0"
"BRANICK INDUSTRIES INC","7012818888","4245 MAIN AVE # 500","FARGO","10500000","GIL SCHOENER","Chief Executive Office","M","4598","B","Branick Industries Inc","sales@branick.com","4245 Main Ave # 500","Fargo","ND","58103","7012815900","7012818888","501332","Tire-Retreading/Repair-Eqpt/Supls (Whol)","www.branick.com","11","0"
"ASSOCIATED POTATO GROWERS INC","7017754614","2001 N 6TH ST","GRAND FORKS","17200000","PAUL DOLAN","President","M","5144","A","Associated Potato Growers Inc","info@apgspud.com","2001 N 6th St","Grand Forks","ND","58203","7017465767","7017754614","514802","Potatoes-Wholesale","www.apgspud.com","11","0"
"BAKER BOY BAKE SHOP INC","7012254444","170 GTA DR","DICKINSON","13500000","GUY MOOS","Chief Executive Office","M","7442","B","Baker Boy Supply","hr@bakerboy.com","170 Gta Dr","Dickinson","ND","58601","7012254444","7012257981","514201","Frozen Foods-Wholesale","www.bakerboy.com","11","0"
"Graybar Electric Co","7012370107","2805 3rd Ave N","Fargo","19075000","Stan Bjornstad","Manager","Mal","8781","G","Graybar Electric Co","media@gbe.com","2805 3rd Ave N","Fargo","ND","58102","9107621237","7012370107","506330","Electric Equipment & Supplies-Wholesale","www.graybar.com","11","0"
"Dickey Rural Networks","7013445000","9628 Highway 281","Ellendale","13320000","Mark Scallion","Manager","Mal","9197","D","Dickey Rural Networks","customerservice@drtel.com","9628 Highway 281","Ellendale","ND","58436","7013445000","7013445000","481304","Telephone Companies","www.drtel.net","11","0"
"J D Byrider Auto Sales","7017726274","2251 32nd Ave S","Grand Forks","12940000","Bob Mullen","Owner","Mal","10264","J","J D Byrider Auto Sales","info@gfwireless.com","2251 32nd Ave S","Grand Forks","ND","58201","7017870169","7017726274","551103","Automobile Dealers-Used Cars","www.gfwireless.com","11","0"
"GREMADA INDUSTRIES INC","7012825294","1262 MAIN AVE W","WEST FARGO","10000000","GREGORY F BUTLER","President","M","10401","G","Gremada Industries","sales@gremada.com","1262 Main Avenue W","West Fargo","ND","58078","7012825294","7012826105","5311","Retail shops","gremada.com","11","0"
"CONCRETE INC","7017726687","5000 DEMERS AVE","GRAND FORKS","17600000","JEFF STUMPF","Manager","M","12077","C","Concrete Inc","info@ciprecast.com","5000 Demers Ave","Grand Forks","ND","58201","7017724315","7017726687","327301","Ready-Mixed Concrete-Manufacturers","www.ciprecast.com","11","0"
"CEDRIC THEEL DODGE TOYOTA","7012232190","1144 MISSOURI AVE","BISMARCK","23800000","CEDRIC THEEL","Owner","M","14065","C","Cedric Theel","sales@cedrictheel.com","1144 Missouri Avenue","Bismarck","ND","58504","7012232190","5706458690","5311","Retail shops","cedrictheel.com","11","0"
"Biolife Plasma Svc","7012324426","2617 12th Ave SW","Fargo","11484000","Erick Stevick","Manager","Mal","15693","B","Biolife Plasma Svc","customer.care@biolife.com","2617 12th Ave SW","Fargo","ND","58103","2102232836","7012324426","809916","Blood Banks & Centers","www.biolife.com","11","0"
"Bearings & Drives Inc","7014920444","2311 45th St S","Fargo","12540000","Barry Grant","Manager","Mal","16700","B","Bearings & Drives Inc","contact@bearings-drives.com","2311 45th St S","Fargo","ND","58104","7014920446","7014920444","508525","Bearings (Wholesale)","www.bearings-drives.com","11","0"
"ODAY EQUIPMENT INC","7012829260","1301 40TH ST N","FARGO","11200000","JIM O'DAY","President","M","17463","O","O'Day Equipment Inc","compliance@odayequipment.com","1301 40th St NW","Fargo","ND","58102","7012829260","7012819770","517202","Service Station Equipment (Wholesale)","www.odayequipment.com","11","0"
"FARGO TANK & STEEL CO","7012822345","4401 MAIN AVE","FARGO","18200000","OLE ROMMESMO JR","Owner","M","17721","F","Fargo Tank & Steel Co","info@rommesmo.com","4401 Main Ave","Fargo","ND","58103","7012809327","7012822345","503999","Construction Materials Nec (Wholesale)","www.rommesmo.com","11","0"
"HOME HEATING","7012803400","701 28TH ST SW","FARGO","20100000","REED STIGEN","President","M","17782","H","Home Heating","info@homehtg.com","701 28th St SW","Fargo","ND","58103","7012373182","7012803400","171102","Heating Contractors","www.homeheatingandplumbing.com","11","0"
