mail id,company,email,address,phone,fax,sic,sic description,web,,revenue id,company,address,city,state,zip,	metro,web,phone,fax,contact,position,gender,sales,# of employee,sic,sic_descrpiton,	,,
"119549","Electronic Sound & Equipment","bhurley@electronicsound-nc.com","6206 Highway 64 E","7575953154","9192663321","506507","Sound Systems & Equipment (Wholesale)","www.electronicsound-nc.com"," Email <---> Revenue ","217911","Electronic Sound & Equipment","6206 Highway 64 E","Raleigh","NC","27610","Wake","www.electronicsound-nc.com","9192663321","9192663205","Bing Aycock","Owner","Mal","22220000","22","506507","Sound System","4","0","1"
"188397","Inter-Tel Technologies Inc","contactsales@inter-tel.com","1760 Jonestown Rd","7138677641","3367681506","599904","Telephone Equipment & Supplies","www.inter-tel.com"," Email <---> Revenue ","321929","Inter-Tel Technologies Inc","1760 Jonestown Rd","Winston Salem","NC","27103","Forsyth","","3367681506","3367689009","Bob King","Manager","Mal","20200000","20","506563","Telecommunic","4","0","1"
"64921","Carolina Bargain Hunter","D_C@barghunter.com","9912 Fairway Ridge Rd","NULL","7048471420","273101","Publishers-Book","NULL"," Email <---> Revenue ","113523","Carolina Bargain Hunter","9912 Fairway Ridge Rd","Charlotte","NC","28277","Mecklenburg","","7048471420","","Dave Carl","Owner","Mal","15768000","36","273101","Publishers-B","4","0","1"
"159844","Golding Farms Foods","ErnestG@goldingfarmsfoods.com","6061 Gun Club Rd","3367663131","3367666161","209903","Food Products & Manufacturers","NULL"," Email <---> Revenue ","270127","Golding Farms Foods","6061 Gun Club Rd","Winston Salem","NC","27103","Forsyth","www.goldingfarmsfoods.com","3367666161","3367663131","Ernest Golding","Owner","Mal","20655000","51","209903","Food Product","4","0","1"
"182893","Celey's Quality Plumbing","GarryCeley@celeys.com","8991 NC Highway 27 E","9198941905","9198941813","171105","Plumbing Contractors","NULL"," Email <---> Revenue ","126249","Celey's Quality Plumbing","8991 NC Highway 27 E","Benson","NC","27504","Johnston","www.celeys.com","9198941813","9198941905","Gary Celey","President","Mal","18800000","100","171105","Plumbing Con","4","0","1"
"105933","Griffin Home Health Care Inc","griffin@griffinhomehealthcare.com","4231 Monroe Rd","7043471994","7043471993","504712","Hospital Equipment & Supplies (Whol)","NULL"," Email <---> Revenue ","278804","Griffin Home Health Care Inc","4231 Monroe Rd","Charlotte","NC","28205","Mecklenburg","www.griffinhomehealthcare.com","7043471993","7043471994","Bill Griffin","Owner","Mal","17940000","30","504712","Hospital Equ","4","0","1"
"119419","Hynes Sales Co","jgreene@hynesinc.com","6525 Morrison Blvd # 515","7043652711","7043651220","509908","Manufacturers-Agents & Representatives","NULL"," Email <---> Revenue ","315432","Hynes Sales Co","6525 Morrison Blvd # 418","Charlotte","NC","28211","Mecklenburg","www.hynesinc.com","7043651220","7043652711","John Greene","President","Mal","17936000","19","509908","Manufacturer","4","0","1"
"181304","A C Controls Co Inc","jimbor@accontrols.com","PO Box 691000","7045458980","7045454500","508513","Valves-Wholesale","NULL"," Email <---> Revenue ","4082","A C Controls Co Inc","4500 Morris Park Dr","Charlotte","NC","28227","Mecklenburg","www.accontrols.com","7045454500","7045458980","Jim Borders","President","Mal","19950000","35","508513","Valves-Whole","4","0","1"
"140508","Carolina Roofing","Robert.Farrell@roofusa.com","1726 Riverview Rd","7047322391","7047321959","176109","Roofing Contractors","NULL"," Email <---> Revenue ","118107","Carolina Roofing","1726 Riverview Rd","Lincolnton","NC","28092","Lincoln","www.carolinaroofing.com","7047321959","7047322391","Robert Farrell","Owner","Mal","23850000","150","176109","Roofing Cont","4","0","1"
"10101","Bond Exchange","tbe@thebondexchange.net","10700 Sikes Pl # 250","9494617725","7043666847","635102","Bonds-Surety & Fidelity","www.thebondexchange.net"," Email <---> Revenue ","82927","Bond Exchange","10700 Sikes Pl # 250","Charlotte","NC","28277","Mecklenburg","www.thebondexchange.net","7043666847","7043643214","Dale Clark","President","Mal","10624000","16","635102","Bonds-Surety","4","0","1"
"111526","Viasys","Wagner@viasyscorp.com","6201 Westgate Rd","NULL","9197827732","508499","Misc Indstrl Equip & Supls Nec (Whol)","NULL"," Email <---> Revenue ","647076","Viasys","6201 Westgate Rd","Raleigh","NC","27617","Wake","","9197827732","","Kevin Wagner","Owner","Mal","10880000","20","508499","Misc Indstrl","4","0","1"
