mail id,company,email,address,phone,fax,sic,sic description,web,,revenue id,company,address,city,state,zip,	metro,web,phone,fax,contact,position,gender,sales,# of employee,sic,sic_descrpiton,	,,
"23870","Accromet Inc","accromet@perigee.net","3406 Westwood Industrial Dr","NULL","7042832111","505111","Metal-Distributors","NULL"," Email <---> Revenue ","13526","Accromet Inc","3406 Westwood Industrial Dr","Monroe","NC","28110","Union","www.accromet.com","7042832111","","Jim Doolittle","President","Mal","7980000","7","505111","Metal-Distri","3","0","1"
"193315","Avnet Electronics Marketing","al.maag@avnet.com","5511 Capital Center Dr # 500","9735151600","9198599159","382598","Instrs-Measuring/Testing Elec (Mfrs)","www.avnet.com"," Email <---> Revenue ","51541","Avnet Electronics Marketing","5511 Capital Center Dr # 500","Raleigh","NC","27606","Wake","www.avnet.com","9198599159","9198593225","Scott Gemberling","Manager","Mal","5340000","20","382598","Instrs-Measu","3","0","1"
"2875","Sky Enterprises Inc","allen@skychemicalsinc.com","415 Wake Ave","2525223312","2525221435","289905","Chemicals-Manufacturers","NULL"," Email <---> Revenue ","567394","Sky Enterprises Inc","415 Wake Ave","Kinston","NC","28504","Lenoir","www.skychemicalsinc.com","2525221435","2525223312","Allen Grady","Owner","Mal","6588000","12","289905","Chemicals-Ma","3","0","1"
"4857","Alpha Tech Inc","alworley@atimfg.com","388 Cane Creek Rd","8286840764","8286849709","359903","Machine Shops","NULL"," Email <---> Revenue ","29068","Alpha Tech Inc","388 Cane Creek Rd","Fletcher","NC","28732","Henderson","www.atimfg.com","8286849709","8286840764","Al Worley","Owner","Mal","7515000","45","359903","Machine Shop","3","0","1"
"132992","Thompson & Little Inc","andrewo@thompsonlittle.com","933 Robeson St","9104840576","9104841128","504604","Restaurant Equipment & Supplies (Whol)","www.thompsonlittle.com"," Email <---> Revenue ","615092","Thompson & Little Inc","933 Robeson St","Fayetteville","NC","28305","Cumberland","www.thompsonlittle.com","9104841128","9104840576","Andrew D O'Quinn","President","Mal","9950000","25","504604","Restaurant E","3","0","1"
"97756","Mojo Musical Supl","Andy@mojotone.com","152 Kapp St","NULL","3367443455","509927","Musical Instruments-Supls & Acces-Whol","NULL"," Email <---> Revenue ","427311","Mojo Musical Supl","152 Kapp St","Winston Salem","NC","27105","Forsyth","www.mojotone.com","3367443455","","Andy Turner","Owner","Mal","5664000","6","509927","Musical Inst","3","0","1"
"174938","Roger Moore Brick Co","arogers@palmettobrick.com","25 Wilmington Ave","8435374802","9107991680","325101","Brick-Clay Common & Face-Manufacturers","www.palmettobrick.com"," Email <---> Revenue ","534223","Roger Moore Brick Co","25 Wilmington Ave","Wilmington","NC","28403","New Hanover","www.palmettobrick.com","9107991680","9107993964","Louis North","Manager","Mal","5280000","11","503212","Brick-Clay C","3","0","1"
"96859","Treasures Recycled Inc","auction@treasuresrecycled.com","8324 Pineville Matthews Rd","7047599252","7047599253","509407","Jewelry Buyers","www.treasuresrecycled.com"," Email <---> Revenue ","626023","Treasures Recycled Inc","8324 Pineville Matthews Rd","Charlotte","NC","28226","Mecklenburg","www.treasuresrecycled.com","7047599252","7047599253","Earnest Perry","Owner","Mal","6784000","8","509407","Jewelry Buye","3","0","1"
"17269","Educated Design & Development","BB@productsafety.com","2200 Gateway Centre Blvd # 215","9194695743","9194699434","384104","Physicians & Surgeons Equip & Supls-Mfrs","NULL"," Email <---> Revenue ","214412","Educated Design & Development","2200 Gateway Centre Blvd # 215","Morrisville","NC","27560","Wake","www.productsafet.com","9194699434","9194695743","Bill Bisenius","Owner","Mal","6440000","20","384104","Physicians &","3","0","1"
"54541","School Tools","B-B@school-tools.com","246 Tallywood Shopping Ctr","9104844525","9104846188","511213","School Supplies (Wholesale)","NULL"," Email <---> Revenue ","551396","School Tools","246 Tallywood Shopping Ctr","Fayetteville","NC","28303","Cumberland","www.schooltoolsabc.com","9104846188","9104844525","Brian Barber","Owner","Mal","5902000","13","511213","School Suppl","3","0","1"
"196432","ENSR Consulting/Engineering","bdoucette@ensr.aecom.com","7041 Old Wake Forest Rd","7135206802","9198726600","873111","Environmental & Ecological Services","www.ensr.com"," Email <---> Revenue ","207912","ENSR Consulting/Engineering","7041 Old Wake Forest Rd","Raleigh","NC","27616","Wake","","9198726600","9198727996","Rusty Norris","Manager","Mal","6512000","37","873111","Environmenta","3","0","1"
"192114","Briggs Equipment","beinfo06@briggsequipment.com","285 Easy St","2527584163","2527527145","508206","Contractors-Equip/Supls-Dlrs/Svc (Whol)","www.briggsequipment.com"," Email <---> Revenue ","89083","Briggs Equipment","285 Easy St","Greenville","NC","27834","Pitt","www.briggsequipment.com","2527527145","2527584163","Billy Tedder","Manager","Mal","9780000","12","508206","Contractors-","3","0","1"
"95407","Grays College Book Store","BillG@graysbooks.com","9430 University City Blvd","7045488568","7045488100","594201","Book Dealers-Retail","NULL"," Email <---> Revenue ","274854","Grays College Book Store","9430 University City Blvd","Charlotte","NC","28213","Mecklenburg","www.graysbooks.com","7045488100","7045488568","Bill Gray","Manager","Mal","6650000","50","594201","Book Dealers","3","0","1"
"71590","Wade Moore Equipment Co","bjredmond@wademoore.com","790 NC 39 Hwy S","9194967898","9194963794","503211","Sand & Gravel (Wholesale)","www.wademoore.com"," Email <---> Revenue ","654216","Wade Moore Equipment Co","790 NC 39 Hwy S","Louisburg","NC","27549","Franklin","www.wademoore.com","9194963794","9194967898","Wade Moore","Owner","Mal","7200000","15","503211","Sand & Grave","3","0","1"
"132562","CBM Group","bmask@thecbmgroup.com","1308 N Ellis Ave","NULL","9108928985","516916","Chemicals (Wholesale)","NULL"," Email <---> Revenue ","102620","CBM Group","1308 N Ellis Ave","Dunn","NC","28334","Harnett","","9108928985","","Bob Mask","Owner","Mal","8008000","8","516916","Chemicals (W","3","0","1"
"180334","Belt Power Co","bnuckols@beltpower.com","1301 Westinghouse Blvd # K","7045255725","7045252790","508527","Belting & Belting Supplies (Wholesale)","www.beltpower.com"," Email <---> Revenue ","67681","Belt Power Co","1301 Westinghouse Blvd # K","Charlotte","NC","28273","Mecklenburg","www.beltpower.com","7045252790","7045255725","Terry Webster","Owner","Fem","6270000","11","508527","Belting & Be","3","0","1"
"11560","Stroud Honda Of Greensboro","Bob@motorcyclesofgreensboro.com","801 Post St","3362728730","3362722661","557106","Motorcycles & Motor Scooters-Dealers","NULL"," Email <---> Revenue ","592686","Stroud Honda Of Greensboro","801 Post St","Greensboro","NC","27405","Guilford","www.motorcyclesofgreensboro.com","3362722661","3362728730","Bob Stroud","Owner","Mal","5808000","12","557106","Motorcycles ","3","0","1"
"150473","PINNACLE Converting Equipment","bob@pinnacleconverting.com","1720 Toal St","7043762207","7043763855","871141","Machinery-Designing","NULL"," Email <---> Revenue ","468896","PINNACLE Converting Equipment","1720 Toal St","Charlotte","NC","28206","Mecklenburg","www.pinnacleconverting.com","7043763855","7043762207","Robert Hillebrand","Owner","Mal","5175000","25","871141","Machinery-De","3","0","1"
"39940","Performance Specialties","BobRobertson@perfspec.com","2511 Viceroy Dr","NULL","3367600225","507221","Fasteners-Snap (Wholesale)","NULL"," Email <---> Revenue ","481188","Performance Specialties","2511 Viceroy Dr","Winston Salem","NC","27103","Forsyth","","3367600225","","Bob Robertson","Owner","Mal","5481000","9","507221","Fasteners-Sn","3","0","1"
"116336","Athletic Specialty Group","bpeavy@asgsocks.com","420C Alamance Road","3362220047","null","8999","Services NEC","ASGSOCKS.COM"," Email <---> Revenue ","10771","ASG Inc","409 Alamance Rd # D","Burlington","NC","27215","Alamance","","3362220047","","","","","8990000","10","513715","Hosiery-Whol","3","0","1"
"146185","Pages Creek Marine Svc","Brad@pagescreek.com","7000 Market St","9107991096","9107997179","555104","Boat Dealers Sales & Service","NULL"," Email <---> Revenue ","469915","Pages Creek Marine Svc","7000 Market St","Wilmington","NC","28411","New Hanover","www.pagescreek.com","9107997179","9107991096","Brad Phillips","Owner","Mal","5652000","12","555104","Boat Dealers","3","0","1"
"196709","Barloworld Handling","brmgr_decaturga@handling.barloworld.com","1229 Commerce St SW","8284654495","8284654430","508426","Material Handling Equipment (Wholesale)","www.handling.barloworld.com"," Email <---> Revenue ","61023","Barloworld Handling","1229 Commerce St SW","Conover","NC","28613","Catawba","www.handling.barloworld.com","8284654430","8284654495","Roger Hamilton","Manager","Mal","9792000","18","508457","Trucks-Indus","3","0","1"
"2184","Falcon Metal Corp","broberts@falconmetal.com","10715 John Price Road","7045884740","17045870789","1099","Metal ores","FALCONMETAL.COM"," Email <---> Revenue ","231866","Falcon Metal Corp","10715 John Price Rd","Charlotte","NC","28273","Mecklenburg","www.falconmetal.com","7045884740","7045885753","F Bruce Roberts","President","Mal","7770000","15","507205","Fasteners-In","3","0","1"
"78328","CAI Communications","Bruce@caicommunications.com","2900 Highwoods Blvd # 100","9198726599","9198789222","874222","Human Resource Consultants","NULL"," Email <---> Revenue ","102455","CAI Communications","2900 Highwoods Blvd # 100","Raleigh","NC","27604","Wake","www.capital.com","9198789222","9198726599","Bruce Clarke","CEO","Mal","6460000","38","874222","Human Resour","3","0","1"
"193135","V O Freight Svc Inc","bsws@bestwaysystems.com","6039 Asheville Hwy","2163980674","8286870578","473101","Transportation Consultants","www.bestwaysystems.com"," Email <---> Revenue ","643547","V O Freight Svc Inc","6039 Asheville Hwy","Hendersonville","NC","28791","Henderson","www.bestwaysystems.com","8286870578","8286843609","Burl Lance","VP","Mal","9387000","63","473101","Transportati","3","0","1"
"96522","Case Foods;","bumbarger@casefarms.com","PO Box 729","7045284501","7045284277","5411","Food products","AMISHGROWNCHICKEN.COM"," Email <---> Revenue ","122841","Case Farms","385 Pilch Rd","Troutman","NC","28166","Iredell","","7045284501","7045284277","Doug Bivins","Manager","Mal","6090000","15","25401","Poultry Farm","3","0","1"
"180785","Top Supplies Inc","bumgarner@topsupplies.com","543 Townsend Ave","3368878677","3368415100","502117","Furniture-Mfrs' Equip & Supls (Whol)","www.topsupplies.com"," Email <---> Revenue ","621516","Top Supplies Inc","543 Townsend Ave","High Point","NC","27263","Guilford","www.topsupplies.com","3368415100","3368878677","J Ray Shufelt","Owner","Mal","6852000","12","502117","Furniture-Mf","3","0","1"
"162738","West Brothers Transportation","bwright@westbros.com","6051 Lakeview Rd # H","9192816673","7045968862","422606","Trailer-Storage","www.westbros.com"," Email <---> Revenue ","664410","West Brothers Transportation","6051 Lakeview Rd # H","Charlotte","NC","28269","Mecklenburg","www.westbros.com","7045968862","7045968864","Chad Beatty","Manager","Mal","9540000","60","422606","Trailer-Stor","3","0","1"
"76723","Plywood Store Of Burlington","CallahanD@theplywoodstore.com","232 N Main St","3362278966","3362278801","571305","Carpet & Rug Dealers-New","NULL"," Email <---> Revenue ","492284","Plywood Store Of Burlington","232 N Main St","Burlington","NC","27217","Alamance","www.theplywoodstore.com","3362278801","3362278966","Donald R Callahan","President","Mal","5900000","20","571305","Carpet & Rug","3","0","1"
"23101","GIFTMAKER Systems","Canning_Cynthia@gift-maker.com","4108 Atlantic Ave # 100","9198765523","9198765512","265702","Boxes-Specialty & Fancy-Manufacturers","NULL"," Email <---> Revenue ","258036","GIFTMAKER Systems","4108 Atlantic Ave # 100","Raleigh","NC","27604","Wake","www.gift-maker.com","9198765512","9198765523","Cynthia Canning","President","Fem","6400000","20","265702","Boxes-Specia","3","0","1"
"179130","DCI Biologicals Inc","carolynhr@dciplasma.com","2727 E 10th St # 3","9407630022","2527570171","503219","Tile-Ceramic-Distributors","www.dciplasma.com"," Email <---> Revenue ","177095","DCI Biologicals Inc","2727 E 10th St # 3","Greenville","NC","27858","Pitt","www.dciplasma.com","2527570171","2527570152","Brandy Haddock","Manager","Mal","9600000","20","503219","Tile-Ceramic","3","0","1"
"144794","CARLTON-Bates Co","cbsales@carlton-bates.com","1450 W Point Dr # J","9182501178","7043988086","506519","Electronic Equipment & Supplies-Whol","www.carlton-bates.com"," Email <---> Revenue ","102511","CARLTON-Bates Co","1450 W Point Dr # J","Charlotte","NC","28214","Mecklenburg","www.carlton-bates.com","7043988086","7043999188","Vernon Jenkins","Manager","Mal","8080000","8","506519","Electronic E","3","0","1"
"89245","Chetola Resort At Blowing Rock","cdixon@chetola.com","PO Box 17","8282955536","8282955500","701111","Resorts","NULL"," Email <---> Revenue ","135480","Chetola Resort At Blowing Rock","N Main St","Blowing Rock","NC","28605","Watauga","www.chetola.com","8282955500","8282955536","Kent Tarbutton","Owner","Mal","7500000","100","701111","Resorts","3","1","1"
"102266","Murray Supply Co","charlie@murraysupply.com","260 Olive St","3367659480","3367603208","5311","Retail shops","IRONBOTTOM.COM;MURRAYSUPPLY.COM"," Email <---> Revenue ","437565","Murray Supply Co","260 Olive St","Winston Salem","NC","27103","Forsyth","www.murraysupply.com","3367659480","3367603208","Charlie Murray","President","Mal","7740000","30","521110","Plumbing Fix","3","0","1"
"152547","Blacklion At Lake Norman","charlotte@blacklion.com","20601 Torrence Chapel Rd","7048956622","7048959539","571216","Furniture-Dealers-Retail","www.blacklion.com"," Email <---> Revenue ","76635","Blacklion At Lake Norman","20601 Torrence Chapel Rd","Cornelius","NC","28031","Mecklenburg","www.blacklion.com","7048959539","7048956622","Donna Beeson","Manager","Fem","6120000","20","571216","Furniture-De","3","0","1"
"148510","Choice Home Medical Equipment","choicehme@choicehomemed.com","8646 W Market St # 158","3366650707","3366650606","504704","Physicians & Surgeons Equip & Supls-Whol","NULL"," Email <---> Revenue ","137645","Choice Home Medical Equipment","8646 W Market St # 158","Greensboro","NC","27409","Guilford","www.choicehomemed.com","3366650606","3366650707","Linda Blough","President","Fem","5980000","10","504704","Physicians &","3","0","1"
"11064","Btb Marketing Communications","Chris.Burke@btbmarketing.com","900 Ridgefield Dr # 270","9198728875","9198728172","731101","Advertising-Agencies & Counselors","NULL"," Email <---> Revenue ","93558","Btb Marketing Communications","900 Ridgefield Dr # 270","Raleigh","NC","27609","Wake","www.btbmarketing.com","9198728172","9198728875","Chris Burke","President","Mal","5225000","25","731101","Advertising-","3","0","1"
"17002","Berlin Tire Centers Inc","christopher.stokes@tirecenters.com","220 Commerce Blvd","4043616999","7048727311","753401","Tire-Retreading & Repairing","www.tirecenters.com"," Email <---> Revenue ","69392","Berlin Tire Centers Inc","220 Commerce Blvd","Statesville","NC","28625","Iredell","www.tirecenters.com","7048727311","7048721649","Brian Lewers","Manager","Mal","5320000","35","753401","Tire-Retread","3","0","1"
"60633","Callahans Calabash Nautical","Clark.Callahan@callahansgifts.com","9973 Beach Dr SW","9105797209","9105792611","594712","Gift Shops","NULL"," Email <---> Revenue ","106351","Callahans Calabash Nautical","9973 Beach Dr SW","Calabash","NC","28467","Brunswick","www.callahansgifts.com","9105792611","9105797209","Clark Callahan","Owner","Mal","7670000","65","594712","Gift Shops","3","0","1"
"137307","Kemp Construction","Collin@kempinc.com","2217 Lynmore Dr","8284783940","8284783040","162308","Utility Contractors","NULL"," Email <---> Revenue ","357037","Kemp Construction","2217 Lynmore Dr","Sherrills Ford","NC","28673","Catawba","","8284783040","8284783940","Collin Kemp","Owner","Mal","8600000","25","152144","Construction","3","0","1"
"80907","Concept Marketing","concepts@coastalnet.com","3800 Opportunity Lane","2522475285","null","874213","Marketing Programs & Services","concept-marketing-inc.com"," Email <---> Revenue ","156332","Concept Marketing","1000 Arendell St","Morehead City","NC","28557","Carteret","www.concept-marketing-inc.com","2522475285","2522477290","Laurie Smith","Manager","Fem","5152000","16","384104","Physicians &","3","0","1"
"152176","Special Events Svc","Cranfill-Jeff@specialeventsservices.com","3135 Indiana Ave","3367250019","3367257799","365103","Sound Systems & Equipment-Manufacturers","NULL"," Email <---> Revenue ","578865","Special Events Svc","3135 Indiana Ave","Winston Salem","NC","27105","Forsyth","www.specialeventsservices.com","3367257799","3367250019","Jeff Cranfill","Owner","Mal","6940000","20","365103","Sound System","3","0","1"
"191842","W P Hickman Co","cserve@wph.com","175 Sweeten Creek Rd","8282744031","8282744000","344403","Sheet Metal Fabricators","www.wph.com"," Email <---> Revenue ","651845","W P Hickman Co","175 Sweeten Creek Rd","Asheville","NC","28803","Buncombe","www.wph.com","8282744000","8282744031","","","","6720000","42","344403","Sheet Metal ","3","0","1"
"87024","Interconnect Products & Svc","csnider@interconnect-inc.com","PO Box 55","3368380541","3366673356","367901","Electronic Equipment & Supplies-Mfrs","NULL"," Email <---> Revenue ","322033","Interconnect Products & Svc","1205 Industrial Park Rd","Wilkesboro","NC","28697","Wilkes","","3366673356","3368380541","Chuck Snider","Owner","Mal","8960000","40","367901","Electronic E","3","0","1"
"91870","Turnamics Inc","cspiegel@turnamics.com","92 New Leicester Hwy","8282510902","8282541059","345101","Screw Machine Products (Manufacturers)","www.turnamics.com"," Email <---> Revenue ","632380","Turnamics Inc","92 New Leicester Hwy","Asheville","NC","28806","Buncombe","www.turnamics.com","8282541059","8282510902","Harvey Spiegel","Owner","Mal","9045000","67","345101","Screw Machin","3","0","1"
"160606","United Rentals Aerial Equip","cwessendorf@ur.com","3401 Integrity Dr","2032557531","9196618250","735949","Contractors-Equipment & Supls-Renting","www.unitedrentals.com"," Email <---> Revenue ","640523","United Rentals Aerial Equip","3401 Integrity Dr","Garner","NC","27529","Wake","www.unitedrentals.com","9196618250","9196610855","Robbie Edwards","Manager","Mal","5124000","28","735949","Contractors-","3","0","1"
"110819","ASI Sign Systems","D_Bever@asimodulex.com","101 Kitty Hawk Dr","9195442969","9195442223","399302","Signs (Manufacturers)","NULL"," Email <---> Revenue ","10784","ASI Sign Systems","101 Kitty Hawk Dr","Morrisville","NC","27560","Wake","www.asimodulexnc.com","9195442223","9195442969","Don Bever","Owner","Mal","8650000","50","399302","Signs (Manuf","3","0","1"
"162565","Innovative Wood Products","DaneWhitworth@innovativewoodproducts.com","PO Box 250","8286351248","8286328851","243102","Millwork (Manufacturers)","NULL"," Email <---> Revenue ","320685","Innovative Wood Products","PO Box 250","Taylorsville","NC","28681","Alexander","","8287544228","8286351248","Dane Whitworth","Owner","Mal","6432000","32","243102","Millwork (Ma","3","0","1"
"133580","Rite Lite Signs","David@ritelitesigns.com","1000 Biscayne Dr","7047887091","7047887097","738937","Signs-Erectors & Hangers","NULL"," Email <---> Revenue ","528137","Rite Lite Signs","1000 Biscayne Dr","Concord","NC","28027","Cabarrus","www.ritelitesigns.com","7045538787","7047887091","David Catchpole","Owner","Mal","6401000","37","399302","Signs (Manuf","3","0","1"
"140706","Austin Canvas & Awning","DavidJacobson@austincanvas.com","4420 N Interstate 85 Serv Rd","NULL","7049266984","599961","Awnings & Canopies","NULL"," Email <---> Revenue ","49084","Austin Canvas & Awning","4420 N Interstate 85 Serv Rd","Charlotte","NC","28206","Mecklenburg","","7049266984","","David Jacobson","Owner","Mal","6566000","49","599961","Awnings & Ca","3","0","1"
"143684","Anderson America Corp","davids@andersonamerica.com","11517 Cordage St # P","7045220871","7045221823","508427","Machinery-New (Wholesale)","NULL"," Email <---> Revenue ","34994","Anderson America Corp","11517 Cordage St # P","Charlotte","NC","28273","Mecklenburg","www.andersonamerica.com","7045221823","7045220871","David Steranko","President","Mal","5440000","10","508427","Machinery-Ne","3","0","1"
"25893","Transbotics Corporation","debbie@ndca.com","3400 Latrobe Drive","7043621115","7043644039","628205","Financial Planning Consultants","http://www.ndca.com"," Email <---> Revenue ","624760","Transbotics Corp","3400 Latrobe Dr","Charlotte","NC","28211","Mecklenburg","www.transbotics.com","7043621115","7043644039","Claude Imbleau","CEO","Mal","6635000","30","504430","Automation S","3","0","1"
"9098","Advanced Equipment Hytrol Conveyor","derek@aec-carolina.com","118 Clanton Road","7045273141","null","353401","Mfg Elevators/escalators Building Equipment Installatio","aec-carolina.com"," Email <---> Revenue ","17496","Advanced Equipment Co","118 Clanton Rd","Charlotte","NC","28217","Mecklenburg","www.aec-carolina.com","7045273141","7045227262","Larry G Abernathy","Owner","Mal","7616000","14","508410","Conveyors & ","3","0","1"
"186486","Sound Advice Of Eastern Nc","devans@saenc.com","2891 Mouth Of The Creek Rd","5742556100","2529751110","506507","Sound Systems & Equipment (Wholesale)","www.hsarolltops.com"," Email <---> Revenue ","573010","Sound Advice Of Eastern Nc","2891 Mouth Of The Creek Rd","Blounts Creek","NC","27814","Beaufort","","2529751110","","Edward Evans","Owner","Mal","8080000","8","506507","Sound System","3","0","1"
"186011","Grasche USA","dieter@grasche.com","240 Performance Drive SE","8283223253","8283226459","754999","Automotive Services","null"," Email <---> Revenue ","274435","Grasche USA Inc","240 Performance Dr SE","Hickory","NC","28602","Catawba","www.grasche.com","8283223253","8283226459","Klaus Jensen","VP","Mal","7245000","35","342501","Blades (Manu","3","0","1"
"190046","Wilkinson Supply Co","dmcbrayer@wilkinsonsupplyco.com","3300 Bush St","9198340253","9198340395","521110","Plumbing Fixtures & Supplies-New-Retail","www.wilkinsonsupplyco.com"," Email <---> Revenue ","670456","Wilkinson Supply Co","3300 Bush St","Raleigh","NC","27609","Wake","www.wilkinsonsupplyco.com","9198340395","9198340253","Andy Wilkinson","Owner","Mal","5160000","20","521110","Plumbing Fix","3","0","1"
"194763","J W Burress Inc","drnash@jwburress.com","375 Rockwood Rd","5403494509","8286841692","508206","Contractors-Equip/Supls-Dlrs/Svc (Whol)","www.jwburress.com"," Email <---> Revenue ","329500","J W Burress Inc","375 Rockwood Rd","Arden","NC","28704","Buncombe","www.jwburress.com","8286841692","","Calvin Canter","Manager","Mal","9780000","12","508206","Contractors-","3","0","1"
"139897","Associated Battery Co","dwight@associatedbattery.com","3469 Gribble Rd","7048219502","7048218311","506325","Batteries-Storage-Wholesale","NULL"," Email <---> Revenue ","46314","Associated Battery Co","3469 Gribble Rd","Matthews","NC","28104","Mecklenburg","www.associatedbattery.com","7048218311","7048219502","Dwight Hobbs","Owner","Mal","8393000","11","506325","Batteries-St","3","0","1"
"176232","Wesco Distributing Inc","ecommhd@wesco.com","840 Riverside Dr","8187874786","8282543271","506330","Electric Equipment & Supplies-Wholesale","www.wescodirect.com"," Email <---> Revenue ","664055","Wesco Distributing Inc","840 Riverside Dr","Asheville","NC","28804","Buncombe","","8282543271","8282546230","Brett Polk","Manager","Mal","5341000","7","506330","Electric Equ","3","0","1"
"125764","American Classifieds Want Ads","edwards_livestock@sbcglobal.net","5214 W Market St","4023422706","3362974300","731106","Advertising-Newspaper","www.americanclassifieds.com"," Email <---> Revenue ","31187","American Classifieds Want Ads","5214 W Market St","Greensboro","NC","27409","Guilford","www.americanclassifieds.com","3362974300","3362974399","Dan Leisure","Manager","Mal","5643000","27","731106","Advertising-","3","0","1"
"10572","Sirona","emedia@lanmarkgroup.com","1200 A Westinghouse Blvd.","7045870453","null","7319","Media services","cerectoday.com"," Email <---> Revenue ","566493","Sirona USA","4835 Sirona Dr # 100","Charlotte","NC","28273","Mecklenburg","www.sirona.com","7045870453","7045879394","Michael Augins","President","Mal","5474000","17","384104","Physicians &","3","0","1"
"91258","Eastern Petroleum Corp","epc@easternpetroleumcorp.com","1009 Wilson St","NULL","2524455131","492501","Gas Companies","NULL"," Email <---> Revenue ","211110","Eastern Petroleum Corp","100 Market Centre Dr","Tarboro","NC","27886","Edgecombe","","2524455131","","Audrey Sherin","CEO","Fem","9472000","8","492501","Gas Companie","3","0","1"
"100213","Kyma Technologies","epupa@kymatech.com","8829 Midway West Rd","9197898881","9197898880","367498","Semiconductors & Related Devices (Mfrs)","NULL"," Email <---> Revenue ","366127","Kyma Technologies","8829 Midway West Rd","Raleigh","NC","27617","Wake","www.kymatech.com","9197898880","9197898881","Keith Evans","CEO","Mal","7994000","14","367498","Semiconducto","3","0","1"
"188544","Utility Lines","ewallace@utilitylines.com","206 W Walnut St","7048968868","7048968866","509908","Manufacturers-Agents & Representatives","www.utilitylines.com"," Email <---> Revenue ","643198","Utility Lines","206 W Walnut St","Davidson","NC","28036","Mecklenburg","www.utilitylines.com","7048968866","7048968868","George Hovey","Owner","Mal","9440000","10","509908","Manufacturer","3","0","1"
"163270","Babcock & Wilcox Co","fieldsvc@babcock.com","212 S Tryon St # 400","7043341438","7043344742","507420","Boilers-New & Used (Wholesale)","www.babcock.com"," Email <---> Revenue ","56479","Babcock & Wilcox Co","212 S Tryon St # 400","Charlotte","NC","28281","Mecklenburg","www.babcock.com","7043344742","7043341438","Phillip S Blazer","Manager","Mal","8106000","14","507420","Boilers-New ","3","0","1"
"74112","Transamerica","forklift@trans-american.com","627 Union West Blvd","7048824215","7048823979","508457","Trucks-Industrial (Wholesale)","www.trans-american.com"," Email <---> Revenue ","624751","Transamerica","627 Union West Blvd","Matthews","NC","28104","Mecklenburg","www.trans-american.com","7048823979","7048824215","Harry Gretz","Owner","Mal","7616000","14","508457","Trucks-Indus","3","0","1"
"74205","Fred Adams Paving","Fred@fredadamspaving.com","118 International Dr # 101","9194689102","9194689101","174101","Masonry Contractors","NULL"," Email <---> Revenue ","252270","Fred Adams Paving","118 International Dr # 101","Morrisville","NC","27560","Wake","www.fredadamspaving.com","9194689101","9194689102","Fred Adams Jr","Owner","Mal","6000000","50","174101","Masonry Cont","3","0","1"
"115224","Andy Lewis Heating & Air Conditioning","freddy.skipper@serviceexperts.com","3333 S Interstate 85 Service R","7043919192","7043919233","171198","Plumbing Heating & Air Conditioning","null"," Email <---> Revenue ","35888","Andy Lewis Heating & Air Cond","3333 Scott Futrell Dr","Charlotte","NC","28208","Mecklenburg","","7043919192","7043919233","Mike Mc Andrew","Owner","Mal","9052000","62","171117","Air Conditio","3","0","1"
"194371","Overhead Door Corp","garagedooropeners@overheaddoor.com","Neuse Blvd","7858230605","2526383167","521131","Doors","www.overheaddoor.com"," Email <---> Revenue ","466895","Overhead Door Corp","Neuse Blvd","New Bern","NC","28560","Craven","www.overheaddoor.com","2526383167","2526389079","Brad Burdic","Manager","Mal","5160000","20","521131","Doors","3","0","1"
"117955","Hawk Mountain Tree Farm","GCarroll@hawkmountaintrees.com","665 Church Rd","8289637940","8289637840","519306","Nurseries-Plants Trees & Etc-Wholesale","NULL"," Email <---> Revenue ","293351","Hawk Mountain Tree Farm","665 Church Rd","Boone","NC","28607","Avery","www.hawkmountaintrees.com","8289637840","8289637940","Carroll Garland Sr","Owner","Mal","7650000","30","519306","Nurseries-Pl","3","0","1"
"79723","GE Co","ge@pictureahealthyworld.com","12037 Goodrich Dr","4109962634","7045871300","359903","Machine Shops","www.ge.com"," Email <---> Revenue ","257868","GE Co","12037 Goodrich Dr","Charlotte","NC","28273","Mecklenburg","www.ge.com","7045871300","7045871359","Jim Bezner","Manager","Mal","9352000","56","359903","Machine Shop","3","0","1"
"8682","Barth Co","geoff@deconcept.com","3801 Beam Rd # D","7028719990","7043570012","738995","Merchandise Brokers","www.distinctivehomeslv.com"," Email <---> Revenue ","62068","Barth Co","3801 Beam Rd # D","Charlotte","NC","28217","Mecklenburg","www.barthco.com","7043570012","7043573490","Barbara Fagan","Manager","Fem","7552000","8","509905","Importers","3","0","1"
"174398","King Corporation","george@tkpproperties.com","1210 Trinity Rd Ste. 110","9198282990","-","175102","Carpenters","NAMB"," Email <---> Revenue ","16459","Adstreet Advertising","1210 Trinity Rd # 110","Raleigh","NC","27607","Wake","www.adstreet.com","9198282990","9198289889","George King","President","Mal","8360000","40","731101","Advertising-","3","0","1"
"76509","Coeco Office Systems","Gerald@coeco.com","2467 S 17th St","9107998230","9107911959","504403","Copying & Duplicating Machines & Supls","NULL"," Email <---> Revenue ","150180","Coeco Office Systems","2467 S 17th St","Wilmington","NC","28401","New Hanover","www.coeco.com","9107911959","9107998230","Gerald Ange","President","Mal","8140000","20","504403","Copying & Du","3","0","1"
"136256","Wire & Plastic Machinery Corp","gmalcervelli@wireandplastic.com","491 Anson Shirt Factory Rd","7046953725","7049943525","508480","Plastics-Machinery & Equipment (Whol)","www.wpmcorp.com"," Email <---> Revenue ","676290","Wire & Plastic Machinery Corp","491 Anson Shirt Factory Rd","Wadesboro","NC","28170","Anson","www.wpmcorp.com","7049943525","7046953725","Gregg Becker","Manager","Mal","5440000","10","508480","Plastics-Mac","3","0","1"
"137994","Imperial Printing products; Inc","gsmith@imperialprinting.com","750 Imperial Court","7045541188","7045547000","275202","Printers","IMPERIALPRINTING.COM"," Email <---> Revenue ","317967","Imperial Printing","750 Imperial Ct","Charlotte","NC","28273","Mecklenburg","www.imperialprinting.com","7045541188","7045547000","Stuart Cojac","President","Mal","6080000","40","275202","Printers","3","0","1"
"95876","Premtec Inc","hayes.smith@premtecinc.com","PO Box 399","7048551530","7048570121","306917","Rubber-Mfrs Supplies (Manufacturers)","NULL"," Email <---> Revenue ","497304","Premtec Inc","535 Lentz Rd","China Grove","NC","28023","Rowan","www.premtecinc.com","7048570121","7048551530","Hayes Smith","President","Mal","6480000","30","306917","Rubber-Mfrs ","3","0","1"
"160585","Have Mercy Merchandising","help@buddhasbelly.com","4405 Wrightsville Ave","9107920085","null","569947","Apparel & Garments","ALL-SKATE-SHOES.COM^^ALLSKATESHOES.COM^^TOBACCOMASTER.COM"," Email <---> Revenue ","94128","Buddha's Belly","4405 Wrightsville Ave","Wilmington","NC","28403","New Hanover","","9107920085","","Mike Messercola","Owner","Mal","9192000","8","519402","Cigar Cigare","3","0","1"
"99988","Schunk Intech","HenrikS@schunk-usa.com","211 Kitty Hawk Dr","NULL","9195722705","399903","Manufacturers","NULL"," Email <---> Revenue ","551548","Schunk Intech","211 Kitty Hawk Dr","Morrisville","NC","27560","Wake","www.schunk-usa.com","9195722705","","Henrik Schunk","President","Mal","8730000","45","399903","Manufacturer","3","0","1"
"100419","Hobby Lobby Creative Ctr","hobby@hobbylobby.com","1422 E Dixie Dr","2057524115","3366293120","594501","Craft Supplies","www.hobbylobby.com"," Email <---> Revenue ","304375","Hobby Lobby Creative Ctr","1422 E Dixie Dr","Asheboro","NC","27203","Randolph","www.hobbylobby.com","3366293120","","Brandon Pierce","Manager","Mal","6760000","40","594501","Craft Suppli","3","0","1"
"195540","Orthofix Inc","hrlatinamerica@orthofix.com","10115 Kincey Ave # 250","7049482691","7049482600","504704","Physicians & Surgeons Equip & Supls-Whol","www.orthofix.com"," Email <---> Revenue ","465439","Orthofix Inc","10115 Kincey Ave # 250","Huntersville","NC","28078","Mecklenburg","www.orthofix.com","7049482600","7049482691","","","","5980000","10","504704","Physicians &","3","0","1"
"117171","Diversified Wood Products","HT@dwpworks.com","111 W Water St","2527933500","2527936600","503105","Pallets & Skids (Wholesale)","NULL"," Email <---> Revenue ","194468","Diversified Wood Products","111 W Water St","Plymouth","NC","27962","Washington","www.dwpworks.com","2527936600","2527933500","Tom Harrison","Owner","Mal","9317000","11","503105","Pallets & Sk","3","0","1"
"68380","Wrightenberry Hosiery Mill","info2@wrightsock.com","910 Cleveland Ave","3362279651","3362265165","225201","Hosiery-Manufacturers","www.wrightsock.com"," Email <---> Revenue ","680490","Wrightenberry Hosiery Mill","910 Cleveland Ave","Burlington","NC","27217","Alamance","www.wrightsock.com","3362265165","3362279651","Jerry Wrightenberry","President","Mal","5880000","35","225198","Womens Full-","3","0","1"
"9767","Barloworld Handling","invest@barloworld.com","2931 Gillespie St","5015653224","9104839025","508457","Trucks-Industrial (Wholesale)","www.barloworld.com"," Email <---> Revenue ","61024","Barloworld Handling","2931 Gillespie St","Fayetteville","NC","28306","Cumberland","www.barloworld.com","9104839025","9104830949","Dave Billingham","Manager","Mal","7072000","13","508457","Trucks-Indus","3","0","1"
"68599","Ices Of Gaston County Inc","J.Huffstickler@ices-inc.com","PO Box 89","7042631345","7042631418","508495","Textile Machinery & Parts (Wholesale)","NULL"," Email <---> Revenue ","316632","Ices Of Gaston County Inc","102 Mariposa Rd","Stanley","NC","28164","Gaston","www.ices-inc.com","7042631418","7042631345","Bill Huffstickler","Owner","Mal","8160000","15","508495","Textile Mach","3","0","1"
"152472","Vanguard","JackMatney@vanguard.com","9405 D Ducks Ln # D","NULL","7045042300","506319","Lighting Fixtures-Wholesale","NULL"," Email <---> Revenue ","645174","Vanguard","9405 D Ducks Ln # D","Charlotte","NC","28273","Mecklenburg","","7045042300","","Jack Matney","Owner","Mal","5264000","8","506319","Lighting Fix","3","0","1"
"178576","Appalachian Stove & Fabricator","James@appalachianstove.com","329 Emma Rd","8282547803","8282530164","343303","Heating Equipment-Manufacturers","NULL"," Email <---> Revenue ","39600","Appalachian Stove & Fabricator","329 Emma Rd","Asheville","NC","28806","Buncombe","www.appalachianstove.com","8282530164","8282547803","James Rice","President","Mal","8130000","30","343303","Heating Equi","3","0","1"
"69468","Weeks Hardwood Flooring","James@weekshardwoodflooring.com","107 Guilford College Rd","NULL","3368560202","175203","Floor Laying Refinishing & Resurfacing","NULL"," Email <---> Revenue ","662286","Weeks Hardwood Flooring","107 Guilford College Rd","Greensboro","NC","27409","Guilford","","3368560202","","James Weeks","Owner","Mal","6545000","35","175203","Floor Laying","3","1","1"
"152092","Thomas Tire Co","jbukowski@dataware.com","1191 Us Highway 64 W","2392750794","3366253963","553123","Tire-Dealers-Retail","www.afsmi.org"," Email <---> Revenue ","614780","Thomas Tire Co","1191 Us Highway 64 W","Asheboro","NC","27205","Randolph","www.thomastire.com","3366253963","3366267877","Paul Thomas","Owner","Mal","6080000","40","553123","Tire-Dealers","3","0","1"
"145323","Advanced Mailing","JeffB@advancedmailing.com","4221 Tudor Ln","3362992619","3362990800","733104","Mailing Lists","NULL"," Email <---> Revenue ","17654","Advanced Mailing","4221 Tudor Ln","Greensboro","NC","27410","Guilford","www.advancedmailing.com","3362990800","3362992619","Jeff Burkett","Owner","Mal","5250000","25","733104","Mailing List","3","0","1"
"87142","Johnson Industrial Machinery Services","jims@simflex.com","7160 US Highway 117","2522391944","null","359915","Industrial Equipment & Supplies","null"," Email <---> Revenue ","345949","Johnson Industrial Machinery","7160 Us Highway 117","Lucama","NC","27851","Wilson","www.jimsinc.net","2522391944","2522391755","Jimmy Johnson","Owner","Mal","5600000","35","344403","Sheet Metal ","3","0","1"
"190981","United Mechanical Corp","jjohnson@uaccontrols.com","2811 Central Ave","7043580747","7043741857","762304","Air Conditioning Equipment-Repair","www.unitedhvac.com"," Email <---> Revenue ","640301","United Mechanical Corp","2811 Central Ave","Charlotte","NC","28205","Mecklenburg","www.unitedhvac.com","7043741857","7043580747","Dave Brown","President","Mal","7124000","52","762304","Air Conditio","3","0","1"
"92695","Kimmel & Assoc","JKimmel@kimmel.com","25 Page Ave","8282519955","8282519900","736105","Executive Search Consultants","NULL"," Email <---> Revenue ","360968","Kimmel & Assoc","25 Page Ave","Asheville","NC","28801","Buncombe","","8282519900","8282519955","Joseph Kimmel","Owner","Mal","6000000","75","736105","Executive Se","3","2","1"
"187798","Tekra Corp","jllevins@tekra.com","10350 Nations Ford Rd # B","7142834229","7045889992","308102","Plastics-Fabrics,Film-Etc Producer (Mfr)","Film-Etc Producer (Mfr)"," Email <---> Revenue ","610180","Tekra Corp","10350 Nations Ford Rd # B","Charlotte","NC","28273","Mecklenburg","www.tekra.com","7045889992","7045882974","Bob Behnke","Manager","Mal","5122000","13","308102","Plastics-Fab","3","0","1"
"194784","Belt Service","jmikusch@beltservice.com","9540 Julian Clark Ave","5032855380","7049492100","353501","Conveyors & Conveying Equipment-Mfrs","www.beltservice.com"," Email <---> Revenue ","67683","Belt Service","9540 Julian Clark Ave","Huntersville","NC","28078","Mecklenburg","www.beltservice.com","7049492100","7049492104","Kerry Mosher","Manager","Mal","6550000","25","353501","Conveyors & ","3","0","1"
"174227","Prime Lumber Co","jneidert@primelumber.com","7600 E Us Highway 64","3364758750","3364758700","503109","Lumber-Wholesale","NULL"," Email <---> Revenue ","498777","Prime Lumber Co","7600 E Us Highway 64","Thomasville","NC","27360","Davidson","www.primelumber.com","3364758700","3364758750","Jeffrey Neidert","Owner","Mal","5160000","20","521142","Lumber-Retai","3","0","1"
"192393","CH2M Hill","john.corsi@ch2m.com","4824 Parkway Plaza Blvd","7706049183","7043290073","871111","Engineers-Consulting","www.ch2m.com"," Email <---> Revenue ","103080","CH2M Hill","4824 Parkway Plaza Blvd","Charlotte","NC","28217","Mecklenburg","www.ch2m.com","7043295347","7043290141","","","","6210000","30","871111","Engineers-Co","3","0","1"
"40654","Factory Mattress","John.Hill@factorymattressusa.com","5130 Hovis Rd","NULL","7046978670","571220","Mattresses","NULL"," Email <---> Revenue ","230429","Factory Mattress","5130 Hovis Rd","Charlotte","NC","28208","Mecklenburg","www.factorymattressusa.com","7046978670","7045359100","John Hill","Manager","Mal","6120000","20","571220","Mattresses","3","0","1"
"195987","Aegis Copper Products","John@decoroof.com","400 Commerce St","8288834836","8288834833","521107","Windows","NULL"," Email <---> Revenue ","18448","Aegis Copper Products","400 Commerce St","Brevard","NC","28712","Transylvania","www.decoroof.com","8288834833","8288834836","John Steins","Owner","Mal","5160000","20","521107","Windows","3","0","1"
"37836","Bonaventure","John@peaches-n-cream.com","2007 Yanceyville St # 227","3363791292","3363797332","513709","Childrens & Infants Wear-Wholesale","NULL"," Email <---> Revenue ","82913","Bonaventure","2007 Yanceyville St # 227","Greensboro","NC","27405","Guilford","www.peaches-n-cream.com","3363797332","3363791292","John May","Owner","Mal","8990000","10","513709","Childrens & ","3","0","1"
"130989","Tatum Cfo Partners","John@tatumpartners.com","1527 Stanford Pl","NULL","7043766387","628205","Financial Planning Consultants","NULL"," Email <---> Revenue ","607936","Tatum Cfo Partners","1527 Stanford Pl","Charlotte","NC","28207","Mecklenburg","","7043766387","","John Chanon","President","Mal","8715000","21","628205","Financial Pl","3","0","1"
"152970","Kitty Hawk Kites","JohnHarris@kittyhawk.com","7517 S Virginia Dare Trl","NULL","2524414112","594507","Kites-Retail","NULL"," Email <---> Revenue ","363467","Kitty Hawk Kites","3933 N Croatan Hwy","Nags Head","NC","27959","Dare","www.kittyhawk.com","2524492210","2524414778","Allison Sponhaltz","Manager","Fem","7560000","45","594517","Toys-Retail","3","0","1"
"49404","Trinity Furniture Inc","jorge.lagueruela@trinityfurniture.com","PO Box 150","3364750037","3364726660","259901","Furniture-Manufacturers","NULL"," Email <---> Revenue ","629461","Trinity Furniture Inc","6089 Kennedy Rd","Trinity","NC","27370","Randolph","www.trinityfurniture.com","3364726660","3364750037","Jorge Lagueruela","President","Mal","7600000","50","259901","Furniture-Ma","3","0","1"
"189304","Utilx Corp","jowen@utilx.com","3820 Opportunity Ln","7707161362","9196628099","162308","Utility Contractors","www.utilx.com"," Email <---> Revenue ","643236","Utilx Corp","3820 Opportunity Ln","Raleigh","NC","27603","Wake","www.utilx.com","9196628099","9196627468","Paul Williams","Manager","Mal","8350000","50","162308","Utility Cont","3","0","1"
"192239","Rexel","jrstewart@rexelusa.com","1801 Weeksville Rd","7195962705","2523385157","506330","Electric Equipment & Supplies-Wholesale","www.rexelusa.com"," Email <---> Revenue ","524272","Rexel","1801 Weeksville Rd","Elizabeth City","NC","27909","Pasquotank","www.rexelusa.com","2523385157","2523382065","Chuck Huber","Manager","Mal","8393000","11","506330","Electric Equ","3","0","1"
"193964","Blue Linx","jrstorey@bluelinxco.com","3300 Parkside Dr","2253430355","7043943172","521112","Plywood & Veneers","www.bluelinxco.com"," Email <---> Revenue ","78826","Blue Linx","3300 Parkside Dr","Charlotte","NC","28208","Mecklenburg","www.bluelinxco.com","7043943172","7043910756","Bill O'Brien","Manager","Mal","9030000","35","521112","Plywood & Ve","3","0","1"
"150296","Servpro Of Elizabeth City","jvaughn@servpronet.com","Highway 158","3105726132","2523317889","152114","Fire Damage Restoration","www.servpro.com"," Email <---> Revenue ","556946","Servpro Of Elizabeth City","Highway 158","Grandy","NC","27939","Currituck","www.servpro.com","2523317889","","","","","6372000","27","152114","Fire Damage ","3","0","1"
"176030","Morton Buildings","jwave@jwave.net","3042 Forest Hills Rd SW # C","6188424337","2522911300","154210","Buildings-Metal","www.mortonbuildings.com"," Email <---> Revenue ","431349","Morton Buildings","3042 Forest Hills Rd SW # C","Wilson","NC","27893","Wilson","www.mortonbuildings.com","2522911300","2522914566","Mark Smith","Manager","Mal","5808000","11","154210","Buildings-Me","3","0","1"
"161425","The Gartner Group","ken@thegartnergroup.com","3313 Highway 70 East","2526331210","null","8999","Services NEC","POLYFLOAT.COM"," Email <---> Revenue ","260728","Gartner Group","3313 Us Highway 70 E","New Bern","NC","28560","Craven","www.thegartnergroup.com","2526331210","2526331692","Leif Eriksson","Manager","Mal","8496000","9","509908","Manufacturer","3","0","1"
"196767","Fairway Outdoor Advertising","kerry.cox@fairwayoutdoor.com","508 Capital Blvd","8644397482","9197551900","731201","Advertising-Outdoor","www.fairwayoutdoor.com"," Email <---> Revenue ","231117","Fairway Outdoor Advertising","508 Capital Blvd","Raleigh","NC","27603","Wake","www.fairwayoutdoor.com","9197551900","9198323802","Brenda Bagley","Manager","Fem","7890000","30","731201","Advertising-","3","0","1"
"74902","Hatteras Networks Inc","kevin@hatteras.com","639 Davis Dr # 200","9199910731","9199915440","489901","Communications Services-Common Carriers","NULL"," Email <---> Revenue ","292955","Hatteras Networks Inc","639 Davis Dr # 200","Morrisville","NC","27560","Wake","www.hatterasnetworks.com","9199915440","9199910731","Kevin Sheehan","CEO","Mal","9450000","45","489901","Communicatio","3","0","1"
"95122","WILLOWBROOK DISTRIBUTORS","laurent@gloryroad.net","1016 Summit West Drive - # 1016","9196935416","null","731908","Distribution Services","laurenttrade.com"," Email <---> Revenue ","673224","Willowbrook Distributors","1117 Copeland Oaks Dr","Morrisville","NC","27560","Wake","","9194691819","","","","","5908000","7","514924","Soft Drinks ","3","0","1"
"17551","TGS Engineers","LFletcher@tgsengineers.com","804 N Lafayette St # C","7044760024","7044760003","871106","Engineers","NULL"," Email <---> Revenue ","604284","TGS Engineers","804 N Lafayette St # C","Shelby","NC","28150","Cleveland","www.tgsengineers.com","7044760003","7044760024","Leonard Fletcher","Owner","Mal","6210000","30","871106","Engineers","3","0","1"
"66013","Stroud Engineering PA","LinwoodStroud@stroudengineer.com","107 Commerce St # B","2527562345","2527569352","871110","Engineers-Civil","NULL"," Email <---> Revenue ","592680","Stroud Engineering PA","107 Commerce St # B","Greenville","NC","27858","Pitt","","2527569352","2527562345","Linwood Stroud","Owner","Mal","6210000","30","871110","Engineers-Ci","3","0","1"
"113914","Charlotte Sound & Visual Systs","LJohn@csvs.com","2923 Griffith St","7045275020","7045272004","506304","Security Control Equip & Systems-Whol","NULL"," Email <---> Revenue ","132782","Charlotte Sound & Visual Systs","2923 Griffith St","Charlotte","NC","28203","Mecklenburg","www.csvs.com","7045272004","7045275020","John La Roach","President","Mal","8393000","11","506304","Security Con","3","0","1"
"190052","Loftis Oxygen & Medical Equip","loftiso2@citcom.net","36 Rosscraggon Rd","NULL","8286547477","516920","Oxygen (Wholesale)","NULL"," Email <---> Revenue ","387442","Loftis Oxygen & Medical Equip","36 Rosscraggon Rd # C","Asheville","NC","28803","Buncombe","","8286547477","","Charles Loftis","Owner","Mal","5005000","5","516920","Oxygen (Whol","3","0","1"
"38649","Parlance","Louis@nameconnector.com","104 Craftsman Dr","8284377562","8284373889","259998","Furniture & Fixtures Nec (Mfrs)","NULL"," Email <---> Revenue ","474128","Parlance","104 Craftsman Dr","Morganton","NC","28655","Burke","www.parlancefurniture.com","8284373889","8284377562","Louis Scalise","Owner","Mal","6240000","30","259998","Furniture & ","3","0","1"
"130479","Washington Alloy Co","mail2@washingtonalloy.com","7010 Reames Rd # G","7045986673","7043339166","508435","Welding Equipment & Supplies (Wholesale)","www.weldingwire.com"," Email <---> Revenue ","658525","Washington Alloy Co","7010 Reames Rd # G","Charlotte","NC","28216","Mecklenburg","www.weldingwire.com","7043339166","7045986673","Joe Dearborn","Manager","Mal","8160000","15","508435","Welding Equi","3","0","1"
"39882","Tri-County Motor Speedway","management@tricountymotorspeedway.com","4405 Hickory Nut Ridge Rd","8287260800","8287266600","794801","Race Tracks","www.tricountymotorspeedway.com"," Email <---> Revenue ","627032","Tri-County Motor Speedway","4405 Hickory Nut Ridge Rd","Hudson","NC","28638","Caldwell","www.tricountymotorspeedway.com","8287266600","8287260800","Russ Light","Manager","Mal","8064000","64","794801","Race Tracks","3","1","1"
"181401","Caraustar Charlotte Carton","mark.maley@caraustar.com","528 S Turner Ave","3369967142","7043336645","265701","Boxes-Folding-Manufacturers","www.caraustar.com"," Email <---> Revenue ","110921","Caraustar Charlotte Carton","528 S Turner Ave","Charlotte","NC","28208","Mecklenburg","www.caraustar.com","7043336645","7043756852","Andy Fisher","President","Mal","5775000","25","265701","Boxes-Foldin","3","0","1"
"121879","Carefocus","maximinfo@maxhealth.com","1746 NC Highway 86 N","2288639006","3366949905","804908","Nurses & Nurses' Registries","www.maxhealth.com"," Email <---> Revenue ","111649","Carefocus","1746 NC Highway 86 N","Yanceyville","NC","27379","Caswell","www.maxhealth.com","3366949905","3366941525","Jimmy Wright","Manager","Mal","6560000","80","804908","Nurses & Nur","3","0","1"
"109260","Trammell Crow Co","mdunn@trammellcrow.com","214 N Tryon St # 4000","7753566517","7042643600","653135","Real Estate Support Services","www.trammellcrow.com"," Email <---> Revenue ","624519","Trammell Crow Co","214 N Tryon St # 4000","Charlotte","NC","28202","Mecklenburg","www.trammelcrow.com","7042643600","7042643614","Curt Grantham","Executive Director","Mal","8760000","40","653135","Real Estate ","3","0","1"
"105875","Penhall Co","mhume@penhall.com","111 First Flight Ln","7049400369","9198599911","179504","Concrete Breaking Cutting & Sawing & Etc","www.penhall.com"," Email <---> Revenue ","479568","Penhall Co","111 First Flight Ln","Morrisville","NC","27560","Wake","www.penhall.com","9198599911","9198596064","Bill Moore","Manager","Mal","8000000","50","179504","Concrete Bre","3","0","1"
"193177","Hydro Tube South Inc","michaelreining@hydrotube.com","1755 Hillsboro St","4407741482","9195425300","399903","Manufacturers","www.hydrotube.com"," Email <---> Revenue ","315345","Hydro Tube South Inc","1755 Hillsboro St","Pittsboro","NC","27312","Chatham","www.hydrotube.com","9195425300","9195427314","Larry Reining","Owner","Mal","5044000","26","399903","Manufacturer","3","0","1"
"193590","Electrical Equipment Co","mike.robertson@eeco-net.com","2716 Horace Watson Rd S","7067229819","2522911545","506334","Electric Motors-Supplies & Parts (Whol)","www.eeco-net.com"," Email <---> Revenue ","217676","Electrical Equipment Co","2716 Horace Watson Rd S","Wilson","NC","27893","Wilson","","2522911545","2522911675","Gordon Britt","Manager","Mal","7630000","10","506334","Electric Mot","3","0","1"
"21709","Textile Clothing Technology","mike_fralix@tc2.com","211 Gregson Dr","9193802181","9193802156","874814","Textile Consultants","www.tc2.com"," Email <---> Revenue ","612425","Textile Clothing Technology","211 Gregson Dr","Cary","NC","27511","Wake","www.tc2.com","9193802156","9193802181","Pete Butenhoff","Owner","Mal","7875000","35","874814","Textile Cons","3","0","1"
"138932","T A Loving Co","mmitchell@taloving.com","126 Seth Thomas Ln","9103267648","9103267084","162903","Marine Contractors & Designers","www.taloving.com"," Email <---> Revenue ","602673","T A Loving Co","126 Seth Thomas Ln","Swansboro","NC","28584","Onslow","www.taloving.com","9103267084","9103267648","Wilson Twiford","VP","Mal","8350000","50","162903","Marine Contr","3","0","1"
"114694","Rochester Midland Corp","msds@rochestermidland.com","10525 Randleman Rd","9095484906","3366748444","508724","Janitors Equipment/Supplies (Wholesale)","www.rochestermidland.com"," Email <---> Revenue ","532648","Rochester Midland Corp","10525 Randleman Rd","Randleman","NC","27317","Randolph","www.rochestermidland.com","3366748444","","Mike Burroughs","Manager","Mal","7612000","22","508724","Janitors Equ","3","0","1"
"147175","Hepaco Inc","nanderson@hepaco.com","2711 Burch Dr","9013535982","7045989782","873111","Environmental & Ecological Services","www.hepaco.com"," Email <---> Revenue ","298280","Hepaco Inc","2711 Burch Dr","Charlotte","NC","28269","Mecklenburg","www.hepaco.com","7045989782","7045989224","Ron Horton Jr","VP","Mal","8800000","50","873111","Environmenta","3","0","1"
"168580","Linville Ridge Properties","natalie@linvilleridge.net","Po Box 704","8288985151","-","522310","BUILDING MATERIALS, HARDWARE, GARDEN SUPPLY, AND MOBILE HOME DEALERS","NAMB"," Email <---> Revenue ","384445","Linville Ridge Country Club","Highway 105","Linville","NC","28646","Avery","www.linvilleridge.com","8288985151","8288987827","Scott Lutgert","President","Mal","7500000","100","701111","Resorts","3","1","1"
"179383","Queen City Container","ncantley@sumterpackaging.com","424 E 23rd St","8034813308","7043764486","511318","Boxes-Corrugated & Fiber (Wholesale)","www.sumterpackaging.com"," Email <---> Revenue ","506872","Queen City Container","424 E 23rd St","Charlotte","NC","28206","Mecklenburg","www.sumterpackaging.com","7043764486","7043757223","Jimmy Ezell","Manager","Mal","6624000","8","511318","Boxes-Corrug","3","0","1"
"69464","Yarde Metals","ncsales@yarde.com","1247 Elon Place","3368880500","3368838700","1099","Metal ores","yarde.com"," Email <---> Revenue ","682363","Yarde Metals","1247 Elon Pl","High Point","NC","27263","Guilford","","3368880500","3368836935","Thomas Scinto","Manager","Mal","5700000","5","505128","Aluminum (Wh","3","0","1"
"107858","N D Industries","ndinfo@ndindustries.com","2220 Center Park Dr # C","7043290975","7043290033","507205","Fasteners-Industrial (Wholesale)","www.ndindustries.com"," Email <---> Revenue ","439300","N D Industries","2220 Center Park Dr # C","Charlotte","NC","28217","Mecklenburg","www.ndindustries.com","7043290033","7043290975","Tom Pennington","Manager","Mal","7917000","13","507205","Fasteners-In","3","0","1"
"120160","Neill Grading & Construction","Neill@neillgrading.com","2965 Tate Blvd SE","8283249632","8283246774","179403","Excavating Contractors","NULL"," Email <---> Revenue ","445927","Neill Grading & Construction","2965 Tate Blvd SE","Hickory","NC","28602","Catawba","","8283246774","8283249632","Ed Neill","Owner","Mal","9000000","45","179403","Excavating C","3","0","1"
"132840","Ingram Glass Works","N-Ingram@ingramglass.com","2130 Newton Dr","7048721859","7048782061","154203","Store Fronts","NULL"," Email <---> Revenue ","320032","Ingram Glass Works","2130 Newton Dr","Statesville","NC","28677","Iredell","www.ingramglass.com","7048782061","7048721859","Nancy Ingram","President","Fem","6864000","13","154203","Store Fronts","3","0","1"
"187187","Parnell Martin Co LLC","pam.coles@parnellmartin.com","3501 Vest Mill Rd","5617335166","3367657580","507406","Plumbing Fixtures & Supplies-Wholesale","www.parnellmartin.com"," Email <---> Revenue ","474169","Parnell Martin Co LLC","3501 Vest Mill Rd","Winston Salem","NC","27103","Forsyth","www.parnellmartin.com","3367657580","3367652952","Dave Rokes","Manager","Mal","6948000","12","507406","Plumbing Fix","3","0","1"
"174871","Lexington Dialysis Ctr","pam@healthsystemsinc.com","233 Anna Lewis Dr","3362488160","3362486808","809203","Dialysis","www.wfopd.com"," Email <---> Revenue ","380480","Lexington Dialysis Ctr","233 Anna Lewis Dr","Lexington","NC","27292","Davidson","www.wfopd.com","3362486808","3362488160","Angela Coppley","Manager","Fem","6912000","32","809203","Dialysis","3","0","1"
"50978","Reid's Fine Foods","Pam@reids.com","PO Box 6023","7043771302","7045272669","541105","Grocers","NULL"," Email <---> Revenue ","521244","Reid's Fine Foods","PO Box 6023","Charlotte","NC","28207","Mecklenburg","www.reids.com","7043771312","7043771302","Chuck Richards","Owner","Mal","7080000","60","594713","Gift Baskets","3","0","1"
"151742","Kronos Inc","partnertraining@kronos.com","8801 J M Keynes Dr # 240","6102380808","7045481966","573131","Time Recorders","www.kronos.com"," Email <---> Revenue ","365538","Kronos Inc","8801 J M Keynes Dr # 240","Charlotte","NC","28262","Mecklenburg","www.kronos.com","7045481966","7045480163","Steve Jolly","Manager","Mal","6460000","20","573131","Time Recorde","3","0","1"
"70971","Mann Custom Boats","Paul@paulmanncustomboats.com","6300 Us Highway 64 And 264","2524751523","2524731716","373201","Boats-Manufacturers","NULL"," Email <---> Revenue ","399924","Mann Custom Boats","6300 Us Highway 64 And 264","Manns Harbor","NC","27953","Dare","www.paulmanncustomboats.com","2524731716","2524751523","Paul Mann","Owner","Mal","6192000","24","373201","Boats-Manufa","3","0","1"
"177874","Carolina Asphalt","PeterH@carolinaasphalt.com","3533 Robinson Cir","7043432838","7043720730","161101","Paving Contractors","NULL"," Email <---> Revenue ","113327","Carolina Asphalt","3533 Robinson Cir","Charlotte","NC","28206","Mecklenburg","www.carolinaasphalt.com","7043720730","7043432838","Peter Heynen","Owner","Mal","9030000","30","161101","Paving Contr","3","1","1"
"115652","Auto Glass By Pfaff's","Pfaff@pfaff.com","2345 N Carolina Hwy 704","3367852608","3365933009","523110","Glass-Auto Plate & Window & Etc","NULL"," Email <---> Revenue ","49606","Auto Glass By Pfaff's","2345 N Carolina Hwy 704","Lawsonville","NC","27022","Stokes","www.pfaff.com","3365933009","3367852608","David Pfaff","Owner","Mal","5025000","25","523110","Glass-Auto P","3","0","1"
"133995","Contract Steel Sales Inc","PHutson@contractsteelsales.com","1807 E Wendover Ave","3362734336","3362739704","344106","Steel-Structural (Manufacturers)","NULL"," Email <---> Revenue ","158454","Contract Steel Sales Inc","1807 E Wendover Ave","Greensboro","NC","27405","Guilford","www.contractsteelsales.com","3362739704","3362734336","John Bundren","President","Mal","8280000","30","344106","Steel-Struct","3","0","1"
"114941","CSX Corp","plant_switch@csx.com","5430 Hovis Rd","2174421161","7043923102","401101","Railroads","www.csx.com"," Email <---> Revenue ","103971","CSX Corp","5430 Hovis Rd","Charlotte","NC","28208","Mecklenburg","www.csx.com","7043923102","7043939348","Joe Horton","Manager","Mal","7248000","24","401101","Railroads","3","0","1"
"195056","Champion Windows Siding-Patio","portland@championwindow.com","7928 National Service Rd","6148411282","3367880474","152105","Home Improvements","www.championwindow.com"," Email <---> Revenue ","129605","Champion Windows Siding-Patio","7928 National Service Rd","Greensboro","NC","27409","Guilford","www.championwindow.com","3363930101","","John Kuhl","Manager","Mal","7080000","30","152105","Home Improve","3","0","1"
"102173","Can-AM Custom Trucks","Potts@canamcustomtrucks.com","1622 Parker Dr","7043340374","7043340322","501302","Truck Equipment & Parts-Wholesale","NULL"," Email <---> Revenue ","107983","Can-AM Custom Trucks","1622 Parker Dr","Charlotte","NC","28208","Mecklenburg","www.canamcustomtrucks.com","7043340322","7043340374","Terry Potts","Owner","Mal","6272000","14","501302","Truck Equipm","3","0","1"
"193474","Frontgate Store","productspecialist@frontgate.com","4400 Sharon Rd","7043666151","7043666113","571216","Furniture-Dealers-Retail","www.frontgate.com"," Email <---> Revenue ","254748","Frontgate Store","4400 Sharon Rd","Charlotte","NC","28211","Mecklenburg","www.frontgate.com","7043666113","7043666151","Mary St Claire","Manager","Fem","6120000","20","571216","Furniture-De","3","0","1"
"13888","Moxley Masonry","R.M@moxleymasonry.com","5109 Unicon Dr","9195624044","9195622020","174101","Masonry Contractors","NULL"," Email <---> Revenue ","434452","Moxley Masonry","5109 Unicon Dr","Wake Forest","NC","27587","Wake","www.moxleymasonry.com","9195622020","9195624044","Russell Moxley","President","Mal","6000000","50","174101","Masonry Cont","3","0","1"
"170029","Piedmont National Corp","r.trivedi@pmcorp.com","1108 Continental Blvd # J","5865760815","7045882028","508438","Packaging Machinery-Wholesale","www.pmcorp.com"," Email <---> Revenue ","486528","Piedmont National Corp","1108 Continental Blvd # J","Charlotte","NC","28273","Mecklenburg","www.pmcorp.com","7045882028","7045888195","John Garlock","Manager","Mal","7616000","14","508438","Packaging Ma","3","0","1"
"176135","Southeastern Telephone Inc","raleigh@setelecom.com","10430 Harris Oak Blvd # H","6158746329","7045988100","599904","Telephone Equipment & Supplies","www.setelecom.com"," Email <---> Revenue ","575067","Southeastern Telephone Inc","10430 Harris Oak Blvd # H","Charlotte","NC","28269","Mecklenburg","www.setelecom.com","7045988100","7045989558","Richard Taylor","President","Mal","5328000","16","481304","Telephone Co","3","0","1"
"21232","Medi USA","ralf.achtelstetter@mediusa.com","6481 Franz Warner Pkwy","3364494442","3364494440","3842","Orthopedic","Prosthetic"," Email <---> Revenue ","414460","Medi USA","6481 Franz Warner Pkwy","Whitsett","NC","27377","Guilford","","3364494440","3364491138","D Bruce Guynn","President","Mal","8050000","25","384104","Physicians &","3","0","1"
"51681","G & M Svc","Randy@gandmservice.com","3317 Durham Dr","9197723529","9195525182","171117","Air Conditioning Contractors & Systems","NULL"," Email <---> Revenue ","256823","G & M Svc","3317 Durham Dr","Raleigh","NC","27603","Wake","www.gandmservice.com","9197728820","9197723529","Randy Dickens","Owner","Mal","5640000","30","171117","Air Conditio","3","0","1"
"166820","Wilson Marble Co","randyw@imsa-online.com","PO Box 2562","8287249846","8287244782","521155","Marble-Cultured-Retail","NULL"," Email <---> Revenue ","674084","Wilson Marble Co","4805 Us 70 W","Marion","NC","28752","Mc Dowell","","8287244782","8287249846","Bernice Wilson","Owner","Fem","5418000","21","521155","Marble-Cultu","3","0","1"
"168145","Commons At Brightmore","rdavis@liberty-ltc.com","2320 S 41st St","9106401374","9103926899","836105","Residential Care Homes","www.libertyhomecare.com"," Email <---> Revenue ","153823","Commons At Brightmore","2320 S 41st St","Wilmington","NC","28403","New Hanover","www.libertyhomecare.com","9103926899","9103922792","Diann Driver","Administrator","Fem","6700000","100","836105","Residential ","3","0","1"
"8397","Jennings Builders Supply","Richard@jenningsbuilderssupply.com","PO Box 1459","8287439061","8287433684","521126","Building Materials","NULL"," Email <---> Revenue ","338526","Jennings Builders Supply","2897 Highway 64 E","Cashiers","NC","28717","Jackson","www.jenningsbuilderssupply.com","8287433684","8287439061","Richard Jennings","Owner","Mal","6450000","25","521126","Building Mat","3","0","1"
"62847","Boathouse Marine Sales & Svc","Rob@boathousemarine.net","743 River Hwy","7047998687","7047998655","555104","Boat Dealers Sales & Service","NULL"," Email <---> Revenue ","80477","Boathouse Marine Sales & Svc","743 River Hwy","Mooresville","NC","28117","Iredell","www.boathousemarine.net","7047998655","7047998687","Rob Myers","Owner","Mal","5652000","12","555104","Boat Dealers","3","0","1"
"87196","Repsouth","Robinson@repsouth.com","559 Griffith Rd","7045258169","7045253043","504603","Partitions (Wholesale)","NULL"," Email <---> Revenue ","522868","Repsouth","559 Griffith Rd","Charlotte","NC","28217","Mecklenburg","www.repsouth.com","7045253043","7045258169","Bob Robinson","Owner","Mal","9950000","25","504603","Partitions (","3","0","1"
"188722","Baldor Motors & Drives","sales.it@baldor.com","1220 Rotherwood Rd","5869789969","3362720494","506331","Electric Motors-Distributors","www.baldor.com"," Email <---> Revenue ","58178","Baldor Motors & Drives","1220 Rotherwood Rd","Greensboro","NC","27406","Guilford","www.baldor.com","3362720494","3362736628","David Cousins","President","Mal","9870000","15","506331","Electric Mot","3","0","1"
"193730","Waste Management Inc","sales_ohio@wm.com","2991 Highway 770 W","9207323758","3365731616","495302","Garbage Collection","www.wm.com"," Email <---> Revenue ","658944","Waste Management Inc","2991 Highway 770 W","Stoneville","NC","27048","Rockingham","www.wm.com","3365731616","3365731621","Teresa Mc Gee","Manager","Fem","6510000","30","495302","Garbage Coll","3","0","1"
"197067","Deeks & Co","sbarton@deeks.com","1709 Blandwood Dr","3368877592","3368858185","516945","Paint-Manufacturing Materials (Whol)","www.deeks.com"," Email <---> Revenue ","187054","Deeks & Co","1709 Blandwood Dr","High Point","NC","27260","Guilford","www.deeks.com","3368858185","3368877592","Tom Griffin","VP","Mal","5005000","5","516945","Paint-Manufa","3","0","1"
"40557","Bowman Hollis Mfg Inc","sbroadwell@bowmanhollis.com","2925 Old Steele Creek Rd","7043335520","7043741500","359903","Machine Shops","www.bowmanhollis.com"," Email <---> Revenue ","84942","Bowman Hollis Mfg Inc","2925 Old Steele Creek Rd","Charlotte","NC","28208","Mecklenburg","www.bowmanhollis.com","7043741500","7043335520","Tom Bowman","President","Mal","5535000","45","359903","Machine Shop","3","0","1"
"180735","Simmons Heating Air Conditioning; Inc","scole@shaac.com","11780 McColl Rd","9102762790","null","171105","Plumbing Contractors","shaac.com"," Email <---> Revenue ","565467","Simmons Heating & AC INC","11780 Mccoll Rd","Laurinburg","NC","28352","Scotland","www.simmons.com","9102762790","9102778794","Steve Cole","Owner","Mal","5840000","40","171117","Air Conditio","3","0","1"
"166027","Southern States Chemical","sdees@sschemical.com","2600 Us Highway 421 N","9122321103","9107625054","281998","Industrial Inorganic Chmcls Nec (Mfrs)","www.sschemical.com"," Email <---> Revenue ","576965","Southern States Chemical","2600 Us Highway 421 N","Wilmington","NC","28401","New Hanover","www.sschemical.com","9107625054","9107621600","Tommy Penny","Plant Mgr","Mal","9760000","20","281998","Industrial I","3","0","1"
"135531","Physician Sales & Svc Inc","seaglin@pssd.com","2016 Garner Station Blvd","5044698424","9196616706","504704","Physicians & Surgeons Equip & Supls-Whol","www.pssd.com"," Email <---> Revenue ","485324","Physician Sales & Svc Inc","2016 Garner Station Blvd","Raleigh","NC","27603","Wake","www.pssd.com","9196616706","9196618852","Richard Greer","Manager","Mal","5980000","10","504704","Physicians &","3","0","1"
"189229","Coinmach Laundry Corp","servicecallrequest@coinmachcorp.com","10405 Granite St # H","9524039776","7045040090","508726","Laundry Equipment (Wholesale)","www.coinmach.com"," Email <---> Revenue ","150533","Coinmach Laundry Corp","10405 Granite St # H","Charlotte","NC","28273","Mecklenburg","www.coinmach.com","7045040090","7045040060","Steve Ross","Exec VP","Mal","8650000","25","508726","Laundry Equi","3","0","1"
"178913","Truck Pro","sharon.wilson@truckpro.com","405 S Regional Rd","8644221001","3366651411","501302","Truck Equipment & Parts-Wholesale","www.truckpro.com"," Email <---> Revenue ","630942","Truck Pro","405 S Regional Rd","Greensboro","NC","27409","Guilford","","3366651411","3366651114","Brad Smith","Manager","Mal","5824000","13","501302","Truck Equipm","3","0","1"
"55749","Crane Pro Svc","skirschner@stimulusworldwide.com","6126 Brookshire Blvd # A","5137552879","7043951652","508418","Cranes-Accessories & Parts (Wholesale)","www.kciamericas.com"," Email <---> Revenue ","165688","Crane Pro Svc","6126 Brookshire Blvd # A","Charlotte","NC","28216","Mecklenburg","","7043951652","7043951909","Scott Fenton","Manager","Mal","6528000","12","508418","Cranes-Acces","3","0","1"
"187551","Campbell-Brown Inc","snation@campbell-brown.com","3814 N Graham St","8642777297","7043772551","501302","Truck Equipment & Parts-Wholesale","www.campbell-brown.com"," Email <---> Revenue ","107806","Campbell-Brown Inc","3814 N Graham St","Charlotte","NC","28206","Mecklenburg","www.campbell-brown.com","7043772551","7043725342","Donnie Brown Jr","Owner","Mal","8960000","20","501302","Truck Equipm","3","0","1"
"145401","National Network Communication","Stan@iwarn.com","PO Box 59","NULL","9199363156","481212","Paging & Signaling Equipment & Systems","NULL"," Email <---> Revenue ","442910","National Network Communication","9750 Us Highway 70 E","Princeton","NC","27569","Johnston","www.iwarn.com","9199363156","","Stan Chestnut","Owner","Mal","6760000","20","481212","Paging & Sig","3","0","1"
"175034","White Tractor Co","stephen@whitetractorcompany.com","530 Us Highway 117 S","9102593300","9102592156","508304","Tractor-Dealers (Wholesale)","www.whitetractorcompany.com"," Email <---> Revenue ","667967","White Tractor Co","530 Us Highway 117 S","Burgaw","NC","28425","Pender","www.whitetractorcompany.com","9102592156","9102593300","Charles White","Owner","Mal","8964000","18","508304","Tractor-Deal","3","0","1"
"95404","Saddle Creek Corp","stephenc@saddlecrk.com","3555 Shamrock Rd","7044546301","7044546300","738988","Packaging Service","www.saddlecrk.com"," Email <---> Revenue ","543921","Saddle Creek Corp","3555 Shamrock Rd","Harrisburg","NC","28075","Cabarrus","www.saddlecrk.com","7044546300","7044546301","Mickey Hudson","Manager","Mal","6950000","50","738988","Packaging Se","3","0","1"
"120444","Crane America Svc","steve.harris@craneamerica.com","803 Pressley Rd # 104","4106870820","7045272380","353109","Cranes-Manufacturers","www.craneamerica.com"," Email <---> Revenue ","165670","Crane America Svc","803 Pressley Rd # 104","Charlotte","NC","28217","Mecklenburg","www.craneamerica.com","7045272380","7045272584","Izzy Gordon","Manager","Mal","7560000","15","353109","Cranes-Manuf","3","0","1"
"154929","United Medical Supply","steve@umedsupply.com","604 Industrial Ave","3362734259","3362739343","504704","Physicians & Surgeons Equip & Supls-Whol","www.umedsupply.com"," Email <---> Revenue ","640311","United Medical Supply","604 Industrial Ave","Greensboro","NC","27406","Guilford","www.umedsupply.com","3362739343","3362734259","Terry Burris","Owner","Mal","5980000","10","504704","Physicians &","3","0","1"
"181441","Quadra Chemicals","Steven@quadrachemicals.com","13801 Reese Blvd W # 190","NULL","7048759968","516916","Chemicals (Wholesale)","NULL"," Email <---> Revenue ","505160","Quadra Chemicals","13801 Reese Blvd W # 190","Huntersville","NC","28078","Mecklenburg","","7048759968","","Steven Pozzi","President","Mal","9009000","9","516916","Chemicals (W","3","0","1"
"131843","Scotts Co","su.lok@scotts.com","171 Byers Creek Rd # 101","9136770432","7046636088","519114","Fertilizers (Wholesale)","www.scotts.com"," Email <---> Revenue ","552772","Scotts Co","171 Byers Creek Rd # 101","Mooresville","NC","28117","Iredell","www.scotts.com","7046636088","7046637802","Tracy Richters","Manager","Fem","7980000","12","519114","Fertilizers ","3","0","1"
"184457","Princeton Review","support.online@mail.review.com","1525 E Franklin St","7043670391","9199677209","829909","Tutoring","www.princetonreview.com"," Email <---> Revenue ","499317","Princeton Review","1525 E Franklin St","Chapel Hill","NC","27514","Orange","www.princetonreview.com","9199677209","9199677218","Patty Krebs","Executive Director","Mal","5808000","66","829909","Tutoring","3","0","1"
"88472","Advanced Internet Technologies","syoung@ait.com","421 Maiden Ln","9103211390","910-321-1201","7375","Information Retrieval Services (Internet service providers and Internet access providers)","NULL"," Email <---> Revenue ","17619","Advanced Internet Technologies","421 Maiden Ln","Fayetteville","NC","28301","Cumberland","","9103211201","","Clarence Briggs","Owner","Mal","5665000","55","731917","Advertising-","3","0","1"
"33261","Charlotte Bobcats","TapscottEd@bobcatsbasketball.com","129 W Trade St # 700","7043520252","7043570252","799973","Ticket Service","NULL"," Email <---> Revenue ","131901","Charlotte Bobcats","129 W Trade St # 700","Charlotte","NC","28202","Mecklenburg","www.bobcatsbasketball.com","7043570252","7043520252","Ed Tapscott","CEO","Mal","6300000","75","799973","Ticket Servi","3","0","1"
"114315","WORLDWIDE Flight Svc","tcarr@worldwideflight.com","4840 Express Dr","7043598102","7043598104","458101","Aircraft Ground Support & Service Equip","www.worldwideflight.com"," Email <---> Revenue ","652914","WORLDWIDE Flight Svc","3628 Yorkmont Rd # A","Charlotte","NC","28208","Mecklenburg","www.worldwideflight.com","7043598300","7043598274","Bill Payne","Manager","Mal","9844000","46","451202","Air Cargo Se","3","0","1"
"57276","A V Alive","T-Columbus@avalive.com","311 Judges Rd # 4a","9107981408","9102020102","781211","Video Production & Taping Service","NULL"," Email <---> Revenue ","6890","A V Alive","311 Judges Rd # 4a","Wilmington","NC","28405","New Hanover","","9102020102","9107981408","Tribeca Columbus","Owner","Fem","7850000","25","781211","Video Produc","3","1","1"
"129939","Advanced Urethane Solutions","ThompsonG@urethane.net","PO Box 549","NULL","7044453300","516922","Polyurethane Products-Wholesale","NULL"," Email <---> Revenue ","17880","Advanced Urethane Solutions","3912 Tryon Courthouse Rd","Cherryville","NC","28021","Gaston","","7044453300","","Gary Thompson","Owner","Mal","6006000","6","516922","Polyurethane","3","0","1"
"177398","Piggly Wiggly","timmyparrot@thepig.net","300 N Main St","9192585497","9192583531","541105","Grocers-Retail","NULL"," Email <---> Revenue ","487433","Piggly Wiggly","300 N Main St","Broadway","NC","27505","Lee","","9192583531","9192585497","Greg Adams","Manager","Mal","7410000","30","541105","Grocers-Reta","3","0","1"
"180373","TJM Sales & Marketing Inc","tmckiernan@tjmsales.com","514 S Stratford Rd # 300","3367237393","3367237393","514102","Food Brokers","www.tjmsales.com"," Email <---> Revenue ","604356","TJM Sales & Marketing Inc","514 S Stratford Rd # 300","Winston Salem","NC","27103","Forsyth","www.tjmsales.com","3367237393","","Tom Mc Kiernan","Owner","Mal","5685000","5","514102","Food Brokers","3","0","1"
"149377","Taylor Manufacturing Inc","tmi@intrstar.net","1585 Us Highway 701 S","9108622799","9108622576","343303","Heating Equipment-Manufacturers","www.taylormfg.com"," Email <---> Revenue ","608451","Taylor Manufacturing Inc","1585 Us Highway 701 S","Elizabethtown","NC","28337","Bladen","www.taylormfg.com","9108622576","9108622799","Ron Taylor","Owner","Mal","5880000","30","343303","Heating Equi","3","0","1"
"192499","F L Turlington Lumber Co","tomt@turlingtonlbr.com","229 E Railroad St","9105924199","9105927197","521142","Lumber-Retail","www.turlingtonlbr.com"," Email <---> Revenue ","229628","F L Turlington Lumber Co","229 E Railroad St","Clinton","NC","28328","Sampson","www.turlingtonlbr.com","9105927197","9105924199","Thomas E Turlington Jr","President","Mal","5676000","22","521142","Lumber-Retai","3","0","1"
"181698","University Book Exchange","ube@ubeinc.com","516 Cotanche St","2528300927","2527582616","594201","Book Dealers-Retail","www.ubeinc.com"," Email <---> Revenue ","641502","University Book Exchange","516 Cotanche St","Greenville","NC","27858","Pitt","www.ubeinc.com","2527582616","2528300927","Don Edwards","Owner","Mal","6650000","50","594201","Book Dealers","3","0","1"
"194815","Affiliated Engineers Inc","wamail@aeieng.com","1414 Raleigh Rd # 305","3014687787","9194199802","871133","Engineers-Professional","www.aeieng.com"," Email <---> Revenue ","18812","Affiliated Engineers Inc","1414 Raleigh Rd # 305","Chapel Hill","NC","27517","Orange","www.aeieng.com","9194199802","9194199803","Brad Petterson","Manager","Mal","7900000","50","871133","Engineers-Pr","3","0","1"
"141668","Union Transfer & Storage","waynecampbell@uniontransfer.com","6 Trident Drive","8282090171","null","4214","Moving & storage companies","uniontransfer.com"," Email <---> Revenue ","639144","Union Transfer & Storage Co","6 Trident Dr","Arden","NC","28704","Buncombe","www.uniontransfer.com","8282090171","8282090179","Wayne Campbell","Manager","Mal","5150000","25","422503","Storage-Hous","3","0","1"
"193473","International Paper Co","webfeedback@ipaper.com","361 Federal Rd","2173246099","9106554106","262101","Paper-Manufacturers","www.boxusa.com"," Email <---> Revenue ","322754","International Paper Co","","Riegelwood","NC","28456","Columbus","","9106553856","","","","","7371000","7","511328","Paper Produc","3","0","1"
"110600","Wells Pork Products","wellspork@wellspork.com","750 Croomsbridge Rd","9102598047","9102592523","201101","Meat Packers","www.wellspork.com"," Email <---> Revenue ","663239","Wells Pork Products","750 Croomsbridge Rd","Burgaw","NC","28425","Pender","www.wellspork.com","9102592523","9102598047","Gloria Wells","Owner","Fem","8295000","15","201101","Meat Packers","3","0","1"
"69974","Engineered Handling","Welsh@engineeredhandling.com","200 E Tremont Ave","7043334448","7043334446","508426","Material Handling Equipment (Wholesale)","NULL"," Email <---> Revenue ","222124","Engineered Handling","200 E Tremont Ave","Charlotte","NC","28203","Mecklenburg","www.engineeredhandling.com","7043334446","7043334448","Jerry Welsh","Owner","Mal","5440000","10","508426","Material Han","3","0","1"
"137588","W G White & Co","whiteham@yadtel.net","2131 Us Highway 601 N","3367231669","3364922111","201104","Meat Products","www.wgwhite.com"," Email <---> Revenue ","651500","W G White & Co","2131 Us Highway 601 N","Mocksville","NC","27028","Davie","www.wgwhite.com","3364922111","","Randy Grannaman","Manager","Mal","8295000","15","201104","Meat Product","3","0","1"
"131207","Surtronics","William@surtronics.com","4001 Beryl Rd","9198289972","9198348027","347105","Plating (Manufacturers)","NULL"," Email <---> Revenue ","599713","Surtronics","4001 Beryl Rd","Raleigh","NC","27606","Wake","","9198348027","9198289972","William Wade","President","Mal","6240000","60","347105","Plating (Man","3","0","1"
"17208","Encorp Express","Wilson@econceptsinc.com","6601 Northpark Blvd","7045972707","7045971977","421205","Delivery Service","NULL"," Email <---> Revenue ","221687","Encorp Express","6601 Northpark Blvd # E","Charlotte","NC","28216","Mecklenburg","www.econceptsinc.com","7045971977","7045972707","Peter Wilson","President","Mal","7050000","50","421205","Delivery Ser","3","0","1"
"181100","Waste Management Inc","wmezpaynotice@wm.com","213 Old Browns Ford Rd","7048245862","3369734544","508499","Misc Indstrl Equip & Supls Nec (Whol)","www.wastemanagement.com"," Email <---> Revenue ","658939","Waste Management Inc","213 Old Browns Ford Rd","Wilkesboro","NC","28697","Wilkes","www.wastemanagement.com","3369734544","3369734554","Steven Cobb","Manager","Mal","7616000","14","508499","Misc Indstrl","3","0","1"
"62018","Williams Office Environments","wmsoffeq@fayettevillenc.com","407 Ray Avenue","9104830354","null","873111","Environmental & Ecological Services","null"," Email <---> Revenue ","672373","Williams Office Environments","407 Ray Ave","Fayetteville","NC","28301","Cumberland","www.woec.com","9104830354","9104864077","Lamar Williams Jr","President","Mal","5139000","9","502112","Office Furni","3","0","1"
"145644","Williams Office Environments","wmsofficeeq@fayettevillenc.com","407 Ray Ave","9104864077","9104830354","502112","Office Furniture & Equip-Dealers (Whol)","www.woec.com"," Email <---> Revenue ","672373","Williams Office Environments","407 Ray Ave","Fayetteville","NC","28301","Cumberland","www.woec.com","9104830354","9104864077","Lamar Williams Jr","President","Mal","5139000","9","502112","Office Furni","3","0","1"
"173888","Wilson Trucking Corp","wtva@wilsontrucking.com","4724 Elm City Rd S","8642991554","2522363106","421309","Trucking-Motor Freight","www.wilsontrucking.com"," Email <---> Revenue ","674297","Wilson Trucking Corp","4724 Elm City Rd S","Elm City","NC","27822","Wilson","www.wilsontrucking.com","2522363106","2522363216","Marshall Faircloth","Manager","Mal","5738000","38","421309","Trucking-Mot","3","0","1"
"142445","Smithfeild Farm Equipment","xxa0652@jddealer.com","2783 Hwy 70 Bus E","9199342701","19199377801","019101","FARMS","smithfieldfarmeq.com"," Email <---> Revenue ","569730","Smithfield Farm Equipment Co","2783 Us Highway 70 Bus E","Smithfield","NC","27577","Johnston","","9199342701","9199347801","Marjorie Langston","Owner","Fem","5976000","12","508310","Farm Equipme","3","0","1"
"105989","Alphavax","Young@alphavax.com","PO Box 110307","9195950401","9195950400","809906","Health Information & Referral Programs","NULL"," Email <---> Revenue ","29130","Alphavax","2 Triangle Dr","Resrch Trngle Pk","NC","27709","Durham","www.alphavax.com","9195950400","9195950401","Peter Young","President","Mal","6720000","60","809906","Health Infor","3","2","1"
