mail id,company,email,address,phone,fax,sic,sic description,web,,revenue id,company,address,city,state,zip,	metro,web,phone,fax,contact,position,gender,sales,# of employee,sic,sic_descrpiton,	,,
"121457","Loxcreen Manufacturing Div","83co@loxcreen.com","2300 Old Durham Rd","3365978821","3365999261","335498","Aluminum Extruded Products (Mfrs)","www.loxcreen.com"," Email <---> Revenue ","390767","Loxcreen Manufacturing Div","2300 Old Durham Rd","Roxboro","NC","27573","Person","www.loxcreen.com","3365999261","3365979022","Steve James","Plant Mgr","Mal","66250000","250","335498","Aluminum Ext","6","0","1"
"100752","Millennium Ar Haire Corp","Andrew@arhaire.com","1001 Ball Park Rd","3364724448","3364725300","501213","Truck Bodies & Equipment (Wholesale)","NULL"," Email <---> Revenue ","423012","Millennium Ar Haire Corp","1001 Ball Park Rd","Thomasville","NC","27360","Davidson","www.arhaire.com","3364725300","3364724448","Andrew Haire","Owner","Mal","74000000","20","501213","Truck Bodies","6","0","1"
"138033","Jockey International Inc","assistance@jockey.com","1629 Junction Rd","8054826261","3362844101","599931","Factory Outlets","www.jockey.com"," Email <---> Revenue ","342348","Jockey International Inc","1629 Junction Rd","Mocksville","NC","27028","Davie","www.jockey.com","3362844101","3362844129","Danny Hayes","Plant Mgr","Mal","51054000","254","599931","Factory Outl","6","0","1"
"185434","Cherokee Auto Auction","BettyCarringun@cherokeeautoauction.com","5102 E Dixon Blvd","NULL","7047399575","501204","Automobile Auctions (Wholesale)","NULL"," Email <---> Revenue ","134643","Cherokee Auto Auction","5102 E Dixon Blvd","Kings Mountain","NC","28086","Cleveland","","7047399575","","Betty Carringun","President","Fem","74000000","20","501204","Automobile A","6","1","1"
"174771","Taylor & Murphy Construction","bnewman@taylorandmurphy.com","1121 Brevard Rd","8286671770","8286674526","162203","Bridge Builders","www.taylorandmurphy.com"," Email <---> Revenue ","608219","Taylor & Murphy Construction","1121 Brevard Rd","Asheville","NC","28806","Buncombe","www.taylorandmurphy.com","8286674526","8286671770","Kenneth D Murphy","Owner","Mal","78300000","300","162203","Bridge Build","6","0","1"
"191553","Lake Norman Security Systems","cbrown@security-central.com","312 Security Dr","7048780309","7048729857","506324","Burglar Alarm Systems (Wholesale)","NULL"," Email <---> Revenue ","369953","Lake Norman Security Systems","312 Security Dr","Statesville","NC","28677","Iredell","","7048729857","7048780309","Ralph Brown","Owner","Mal","53410000","70","506324","Burglar Alar","6","0","1"
"123999","Blue Ridge Electric Membership","djohnson@blueridgeemc.com","219 Nuway Cir","8287549870","828-754-9071","491101","Electric Companies","NULL"," Email <---> Revenue ","79200","Blue Ridge Electric Membership","1216 Blowing Rock Blvd","Lenoir","NC","28645","Caldwell","www.blueridgeemc.com","8287582383","8287541228","Doug Johnson","CEO","Mal","64000000","80","491101","Electric Com","6","0","1"
"135902","Parker Gas Co Inc","DPARKER@RAPIDXCHANGE.COM","1504 Sunset Ave","9105926450","9105923942","517208","Gas-Liquefied Petro-Bttld/Bulk (Whol)","NULL"," Email <---> Revenue ","473339","Parker Gas Co Inc","1504 Sunset Ave","Clinton","NC","28328","Sampson","","9105923942","9105926450","Daren Parker","President","Mal","77904000","16","517208","Gas-Liquefie","6","0","1"
"78834","Hayes & Lunsford Technologies","dwilliams@hayesandlunsford.com","226 Hilliard Ave","8282528278","8282549971","504506","Data Communications Equip/Systems (Whol)","www.hayesandlunsford.com"," Email <---> Revenue ","293650","Hayes & Lunsford Technologies","226 Hilliard Ave","Asheville","NC","28801","Buncombe","www.hayesandlunsford.com","8282549971","8282528278","Gene Presley","Owner","Mal","89700000","100","504506","Data Communi","6","0","1"
"6268","Welsh Paper Co","GWelsh@welshpaper.com","112 Franklin Park Dr","9195564810","9195566711","511101","Paper Products (Wholesale)","NULL"," Email <---> Revenue ","663304","Welsh Paper Co","112 Franklin Park Dr","Youngsville","NC","27596","Franklin","www.welshpaper.com","9195566711","9195564810","Gordon Welsh","Owner","Mal","84240000","45","511101","Paper Produc","6","0","1"
"176029","Atc Panels","hrroseville@sierrapine.com","985 Corinth Rd","2092236020","9195422128","249398","Reconstituted Wood Products (Mfrs)","www.sierrapine.com"," Email <---> Revenue ","46908","Atc Panels","985 Corinth Rd","Moncure","NC","27559","Chatham","www.sierrapine.com","9195422128","9195426388","Joe Kofeman","CEO","Mal","98000000","250","249398","Reconstitute","6","0","1"
"14632","Hendrick Automotive Group","james.huzl@hendrickauto.com","6000 Monroe Road - 100","7045663295","704-568-5550","5511","Motor Vehicle Dealers (New and Used)","NULL"," Email <---> Revenue ","297682","Hendrick Automotive Group","6000 Monroe Rd # 100","Charlotte","NC","28212","Mecklenburg","www.hendrickcadillacolds.com","7045685550","7045663295","Jim C Perkins","CEO","Mal","51840000","80","671901","Holding Comp","6","2","1"
"154449","Mann Travel & Cruises","jimgrigg@jimgrigg.net","3503 BRUSHY LANE","7045568311","null","472406","Cruises","MANNTRAVELMANAGEMENT.COM"," Email <---> Revenue ","399954","Mann Travel & Cruises","4400 Park Rd","Charlotte","NC","28209","Mecklenburg","www.manntravelandcruises.com","7045568311","7045568303","Gary Silverstein","President","Mal","55000000","80","472402","Travel Agenc","6","0","1"
"164797","Electrical Equipment Co","john.miller@eeco-net.com","1440 Diggs Dr","9102767130","9198285411","506330","Electric Equipment & Supplies-Wholesale","www.eeco-net.com"," Email <---> Revenue ","217674","Electrical Equipment Co","1440 Diggs Dr","Raleigh","NC","27603","Wake","","9198285411","9198326306","Charles Parron","VP","Mal","72400000","95","762999","Electrical &","6","0","1"
"79704","Conflandey Inc","lmulcey@conflandey.com","3620 Chadbourn Hwy","9106410513","9106410413","505102","Wire (Wholesale)","NULL"," Email <---> Revenue ","156940","Conflandey Inc","3620 Chadbourn Hwy","Whiteville","NC","28472","Columbus","","9106410413","9106410513","Laurant Mulcey","President","Mal","79800000","70","505102","Wire (Wholes","6","0","1"
"72930","Marsh Armfield Inc","luthermiller@charter.net","PO Box 227","8284652733","8284643818","519902","Rubber-Foam & Sponge (Wholesale)","NULL"," Email <---> Revenue ","403375","Marsh Armfield Inc","419 4th Street Pl SW","Conover","NC","28613","Catawba","","8284643818","8284652733","Charles Davis","Owner","Mal","53850000","75","519902","Rubber-Foam ","6","0","1"
"158000","John Grennan","meverhart@centralcarolinatrucks.com","PO Box 606","3369932106","3369938466","421304","Trucking","centralcarolinatrucks.com"," Email <---> Revenue ","127713","Central Carolina White GMC","306 Pineview Dr","Kernersville","NC","27284","Forsyth","www.centralcarolinatrucks.com","3369932106","3369938466","John Byrd","President","Mal","64425000","75","551105","Truck-Dealer","6","2","1"
"167361","Printpack Inc","misban@printpack.com","3510 Asheville Hwy","9726415871","8286931723","262101","Paper-Manufacturers","www.printpack.com"," Email <---> Revenue ","499537","Printpack Inc","3510 Asheville Hwy","Hendersonville","NC","28791","Henderson","www.printpack.com","8286931723","8286921716","Tim Garrity","Plant Mgr","Mal","79735000","185","262101","Paper-Manufa","6","0","1"
"107733","Overcash Gravel & Grading","Overcash@overcashgg.com","PO Box 5030","NULL","7047888300","179502","Demolition Contractors","NULL"," Email <---> Revenue ","466845","Overcash Gravel & Grading","1150 Shelton Rd","Concord","NC","28027","Cabarrus","","7047881603","7047882626","Ronald Overcash","Owner","Mal","57600000","120","503211","Sand & Grave","6","0","1"
"135008","Kidde Fire Fighting","ron.correia@kidde-fire.com","141 Junny Rd","9196396131","919-639-6151","3052","Rubber and Plastics Hose and Belting","NULL"," Email <---> Revenue ","352985","KIDDE Fire Fighting","141 Junny Rd","Angier","NC","27501","Harnett","www.afac.com","9196396151","9196396131","","","","68670000","90","506315","Fire Protect","6","0","1"
"195701","Eagle Transport Corp","ron.thomas@eagletransportcorp.com","300 S Wesleyan Blvd # 202","9199654635","2529372464","421306","Trucking-Liquid & Dry Bulk","www.eagletransportcorp.com"," Email <---> Revenue ","208519","Eagle Transport Corp","300 S Wesleyan Blvd # 202","Rocky Mount","NC","27804","Edgecombe","www.eagletransportcorp.com","2529372464","2529372198","A Don Stallings","CEO","Mal","50000000","501","421306","Trucking-Liq","6","0","1"
"167446","Tom Johnson Camping Ctr","rtrovato@tomjohnsoncamping.com","6700 Speedway Blvd","8287249057","7044551440","556103","Recreational Vehicles","www.tomjohnsoncamping.com"," Email <---> Revenue ","619920","Tom Johnson Camping Ctr","6700 Speedway Blvd","Concord","NC","28027","Cabarrus","www.tomjohnsoncamping.com","7044551440","7044551431","Maxie Rowell","Manager","Mal","62720000","98","556103","Recreational","6","0","1"
"79060","SFI Electronics Inc","sfie@sfi-electronics.com","400 Clanton Rd # A","7045220487","7045220800","506304","Security Control Equip & Systems-Whol","www.sfi-electronics.com"," Email <---> Revenue ","543279","SFI Electronics Inc","400 Clanton Rd # A","Charlotte","NC","28217","Mecklenburg","www.sfi-electronics.com","7045220800","7045220487","Lawrence O'Brien","President","Mal","53410000","70","506304","Security Con","6","0","1"
"195371","Atlantic Corp","shannonm@atlanticpkg.com","12201 Steele Creek Rd","8644393463","7045881400","511308","Packaging Materials-Wholesale","www.atlanticpkg.com"," Email <---> Revenue ","47472","Atlantic Corp","12201 Steele Creek Rd","Charlotte","NC","28273","Mecklenburg","www.atlanticpkg.com","7045881400","7045887671","Mike Grove","VP","Mal","62100000","75","511308","Packaging Ma","6","0","1"
"192123","Simplex Grinnell","simplex@omegascoreboard.com","9826 Southern Pine Blvd","5015654944","7045010500","506308","Fire Alarm Systems (Wholesale)","www.simplexgrinnell.com"," Email <---> Revenue ","565686","Simplex Grinnell","9826 Southern Pine Blvd","Charlotte","NC","28273","Mecklenburg","www.simplexgrinnell.com","7045010500","7045251550","Guy Kreps","Manager","Mal","76300000","100","506308","Fire Alarm S","6","0","1"
"162188","Corning Cable Systems","sofiokc@corning.com","3180 Centre Park Blvd","3367718062","3367718000","599904","Telephone Equipment & Supplies","www.corning.com"," Email <---> Revenue ","160951","Corning Cable Systems","3180 Centre Park Blvd","Winston Salem","NC","27107","Forsyth","www.corning.com","3367718000","3367718062","John Mcgirr","Manager","Mal","64400000","200","599904","Telephone Eq","6","0","1"
"86997","Freightliner Trucks","StewartBrown@wemeantrucks.com","2715 Us Highway 421 N","9102511775","9107636281","508457","Trucks-Industrial (Wholesale)","NULL"," Email <---> Revenue ","253436","Freightliner Trucks","2715 Us Highway 421 N","Wilmington","NC","28401","New Hanover","www.wemeantrucks.com","9107636281","9102511775","Stewart Brown","President","Mal","54400000","100","508457","Trucks-Indus","6","0","1"
"189619","Asplundh Tree Expert Co","techsvcs@asplundh.com","299 Glen Rd # A","9103925442","9193297415","078301","Tree Service","www.asplundh.com"," Email <---> Revenue ","46068","Asplundh Tree Expert Co","299 Glen Rd # A","Garner","NC","27529","Wake","www.asplundh.com","9193297415","9193297499","Doug Smith","Manager","Mal","67200000","600","78301","Tree Service","6","0","1"
"96027","Packaging Corp Of America","thomas.cadden@packagingcorp.com","1302 N Salisbury Ave","7046330308","704-633-3611","2653","Corrugated and Solid Fiber Boxes","NULL"," Email <---> Revenue ","469569","Packaging Corp Of America","1302 N Salisbury Ave","Salisbury","NC","28144","Rowan","www.packagingcorp.com","7046333611","7046330308","Tom Cadden","Plant Mgr","Mal","78975000","75","511308","Packaging Ma","6","0","1"
"131360","Timeplanner Calendars Inc","tim.oboyle@journalbooks.com","1010 Timeplanner Dr","7043358463","7043770024","519925","Calendars (Wholesale)","NULL"," Email <---> Revenue ","617822","Timeplanner Calendars Inc","1010 Timeplanner Dr","Charlotte","NC","28206","Mecklenburg","","7043770024","7043358463","Thomas O'Boyle","President","Mal","71800000","100","519925","Calendars (W","6","1","1"
"47723","Taylorsville Savings Bank","TK@taylorsvillesavings.com","107 Main Avenue Dr SE","8286320065","8286324228","603501","Savings & Loan Associations","NULL"," Email <---> Revenue ","608860","Taylorsville Savings Bank","107 Main Avenue Dr SE","Taylorsville","NC","28681","Alexander","www.taylorsvillesavings.com","8286324228","8286320065","Tim Keever","CEO","Mal","70000000","35","603501","Savings & Lo","6","0","1"
"47942","Newton Instrument Co","Waltern@NEWTONINST.COM","111 E A St","9195754708","9195756426","344198","Fabricated Structural Metal (Mfrs)","NULL"," Email <---> Revenue ","450855","Newton Instrument Co","111 E A St","Butner","NC","27509","Granville","www.enewton.com","9195756426","9195754708","Walter L Newton","CEO","Mal","96600000","350","344198","Fabricated S","6","0","1"
"196345","Vanguard Supreme Machine Corp","webmaster-1@vanguardsupreme.com","601 Mcarthur Cir","7042839257","7042838171","355202","Textile Machinery & Parts-Manufacturers","www.vanguardsupreme.com"," Email <---> Revenue ","645171","Vanguard Supreme Machine Corp","601 Mcarthur Cir","Monroe","NC","28110","Union","www.vanguardsupreme.com","7042838171","7042839257","","","","68400000","400","355202","Textile Mach","6","0","1"
"33440","Pine Hall Brick Inc","william.steele@pinehallbrick.com","634 Lindsey Bridge Rd","3365487125","3365487101","325101","Brick-Clay Common & Face-Manufacturers","NULL"," Email <---> Revenue ","487960","Pine Hall Brick Inc","634 Lindsey Bridge Rd","Madison","NC","27025","Rockingham","www.pinehallbrick.com","3365487101","3365487125","Fletcher Steele","President","Mal","62400000","300","325101","Brick-Clay C","6","0","1"
"173817","Nacco Materials Handling Group","yaleinfo@nmhg.com","1400 Sullivan Dr","2529315888","2529315100","353798","Industrial Trucks Tractors/Trlrs (Mfrs)","www.yale.com"," Email <---> Revenue ","440492","Nacco Materials Handling Group","1400 Sullivan Dr","Greenville","NC","27834","Pitt","www.yale.com","2529315100","2529315888","Don Chance","President","Mal","65600000","200","353798","Industrial T","6","0","1"
