mail id,company,email,address,phone,fax,sic,sic description,web,,revenue id,company,address,city,state,zip,	metro,web,phone,fax,contact,position,gender,sales,# of employee,sic,sic_descrpiton,	,,
"157644","Utili Quest","4info@utiliquest.com","4208 South Blvd","2516619208","7045212514","493903","Utilities-Underground-Cable Locating Svc","www.utiliquest.com"," Email <---> Revenue ","643138","Utili Quest","4208 South Blvd","Charlotte","NC","28209","Mecklenburg","www.utiliquest.com","7045212514","","Scott Paulk","Manager","Mal","20750000","50","493903","Utilities-Un","4","0","1"
"128593","PBS & J","9808@pbsj.com","1616 E Millbrook Rd # 310","4079310503","9198766888","871111","Engineers-Consulting","www.pbsj.com"," Email <---> Revenue ","468616","PBS & J","1616 E Millbrook Rd # 310","Raleigh","NC","27609","Wake","www.pbsj.com","9198766888","9198766848","Joel Lee","Manager","Mal","12420000","60","871111","Engineers-Co","4","0","1"
"143762","Toolcraft Inc","acctg@toolcraftinc.com","1877 Rutherford Rd","8286597329","8286597379","359903","Machine Shops","www.toolcraftinc.com"," Email <---> Revenue ","621190","Toolcraft Inc","1877 Rutherford Rd","Marion","NC","28752","Mc Dowell","www.toolcraftinc.com","8286597379","8286597329","D Ray Porter","President","Mal","10020000","60","359903","Machine Shop","4","0","1"
"109913","Triple-R Electric Inc","aervin@tripler.com","2488 Poole Rd","2257519201","2525233558","173101","Electric Contractors","www.tripler.com"," Email <---> Revenue ","630035","Triple-R Electric Inc","2488 Poole Rd","Kinston","NC","28504","Lenoir","www.tripler.com","2525233558","2525232641","William Rouse Jr","President","Mal","13120000","80","173101","Electric Con","4","2","1"
"170464","Wal-Mart Supercenter","affiliates@walmart.com","12873 Us Highway 70 W","9788516839","9195505600","531102","Department Stores","www.walmart.com"," Email <---> Revenue ","655441","Wal-Mart Supercenter","12873 Us Highway 70 W","Clayton","NC","27520","Johnston","www.walmart.com","9195505600","9195506233","Toby Williamson","Manager","Mal","24300000","150","531102","Department S","4","1","1"
"91127","Wooten Co","afuller@thewootencompany.com","120 N Boylan Ave","9198343589","9198280531","871111","Engineers-Consulting","www.thewootencompany.com"," Email <---> Revenue ","679099","Wooten Co","120 N Boylan Ave","Raleigh","NC","27603","Wake","www.thewootencompany.com","9198280531","9198343589","Amos Moore","President","Mal","15525000","75","871111","Engineers-Co","4","0","1"
"146728","Northwestern Mutual Financial","alexis.walby@nmfn.com","4020 Westchase Blvd # 275","3606948727","9198347772","641109","Insurance-Life (Agents)","www.nmfn.com"," Email <---> Revenue ","456789","Northwestern Mutual Financial","4020 Westchase Blvd # 2","Raleigh","NC","27607","Wake","www.nmfn.com","9198347772","9198345870","R Michael Condrey","Partner","Mal","17640000","90","641109","Insurance-Li","4","0","1"
"110918","ALP Industries-Web Products","alp75@alpind.com","Highway 15 501 S","6037789550","9109447616","505105","Wire Rope (Wholesale)","www.alpind.com"," Email <---> Revenue ","10116","ALP Industries-Web Products","Highway 15 501 S","Aberdeen","NC","28315","Moore","www.alpind.com","9109447616","9109443463","Emmett Porter","Manager","Mal","12564000","12","505105","Wire Rope (W","4","0","1"
"184303","N B Handy Co","archmetalspm@nbhandy.com","2920 Hutchinson Mcdonald Rd #B","4348472404","7049211230","507510","Heating Equipment & Systems (Wholesale)","www.nbhandy.com"," Email <---> Revenue ","438836","N B Handy Co","2920 Hutchinson Mcdonald Rd #B","Charlotte","NC","28269","Mecklenburg","www.nbhandy.com","7049211230","7049212990","Bill Coughlin","Manager","Mal","23030000","35","507510","Heating Equi","4","0","1"
"13614","Old Carolina Brick Co","art@handmadebrick.com","475 Majolica Rd","7046360000","7046368850","325101","Brick-Clay Common & Face-Manufacturers","www.handmadebrick.com"," Email <---> Revenue ","461318","Old Carolina Brick Co","475 Majolica Rd","Salisbury","NC","28147","Rowan","www.handmadebrick.com","7046368850","7046360000","Brian Cleveland","Plant Mgr","Mal","10400000","50","325101","Brick-Clay C","4","0","1"
"14380","NSI Industries","axel@nsipolaris.com","9730 Northcross Center Ct","NULL","7044392420","399903","Manufacturers","NULL"," Email <---> Revenue ","440384","NSI Industries","9730 Northcross Center Ct","Huntersville","NC","28078","Mecklenburg","www.nsiindustries.com","7044392420","","Axel Rassmussen","President","Mal","15520000","80","399903","Manufacturer","4","0","1"
"5356","Circle K","b2c_web@circlek.com","2440 Whitehall Park Dr","9129662621","7045835700","541105","Grocers-Retail","www.circlek.com"," Email <---> Revenue ","141596","Circle K","2440 Whitehall Park Dr","Charlotte","NC","28273","Mecklenburg","www.circlek.com","7045835700","7045836280","Bob Campau","VP","Mal","12320000","55","541103","Convenience ","4","0","1"
"121507","Archadeck","Barry@archadeckofcharlotte.com","2311 Village Lake Dr","7049441354","7049441350","152138","Deck Builders","NULL"," Email <---> Revenue ","41536","Archadeck","2311 Village Lake Dr","Charlotte","NC","28212","Mecklenburg","www.archadeckofcharlotte.com","7049441350","7049441354","Barry Klemons","Owner","Mal","10856000","46","152138","Deck Builder","4","0","1"
"196157","Cls","bc@asplundh.com","210 Old Dairy Rd","2056640788","9107841349","493903","Utilities-Underground-Cable Locating Svc","www.asplundh.com"," Email <---> Revenue ","147750","Cls","210 Old Dairy Rd","Wilmington","NC","28405","New Hanover","www.asplundh.com","9107841349","9103925781","Glenn Carroll","Manager","Mal","20300000","20","493903","Utilities-Un","4","0","1"
"191779","T A Woods Svc","bcox@tawoods.com","6713 Netherlands Dr","9104527913","9104527900","173101","Electric Contractors","www.tawoods.com"," Email <---> Revenue ","602707","T A Woods Svc","6713 Netherlands Dr","Wilmington","NC","28405","New Hanover","www.tawoods.com","9104527900","9104527913","Brian Cox","Owner","Mal","10560000","80","173101","Electric Con","4","2","1"
"24848","Drake Precision Dental Lab Inc","bDrake@DRAKELAB.com","8510 Crown Crescent Ct","7048452289","7048452401","807201","Laboratories-Dental","NULL"," Email <---> Revenue ","201953","Drake Precision Dental Lab Inc","8510 Crown Crescent Ct","Charlotte","NC","28227","Mecklenburg","www.drakelab.com","7048452401","7048452289","Billy Drake","President","Mal","15900000","150","807201","Laboratories","4","0","1"
"182790","Briggs Equipment","beinfo42@briggsequipment.com","10439 Us Highway 117 S","3362940599","9106759190","508206","Contractors-Equip/Supls-Dlrs/Svc (Whol)","www.briggsequipment.com"," Email <---> Revenue ","89081","Briggs Equipment","10439 Us Highway 117 S","Rocky Point","NC","28457","Pender","www.briggsequipment.com","9106759190","9106759166","Harry Slater","Manager","Mal","11410000","14","508206","Contractors-","4","0","1"
"190120","Bender-Burkot School Supply","bender@cconnect.net","PO Box 147","2522245071","2522244631","511213","School Supplies (Wholesale)","NULL"," Email <---> Revenue ","68145","Bender-Burkot School Supply","4631 Sermon Lane","Pollocksville","NC","28573","Jones","www.bender-burkot.com","2522244631","2522245071","Frank Bender Jr","President","Mal","11628000","34","511213","School Suppl","4","0","1"
"168568","Colonial Carton Co","bgray@colonialcarton.com","1000 Ccc Dr","9195532581","9195534113","265701","Boxes-Folding-Manufacturers","NULL"," Email <---> Revenue ","151945","Colonial Carton Co","1000 Ccc Dr","Clayton","NC","27520","Johnston","www.colonialcarton.com","9195534113","9195532581","Joe Elphick","President","Mal","23100000","100","265701","Boxes-Foldin","4","0","1"
"49614","Rodeco Co","bill.murphy@rodeco.com","5811 Elwin Buchanan Dr","9197743130","9197757149","505122","Metal Finishers-Equipment & Supls (Whol)","NULL"," Email <---> Revenue ","533822","Rodeco Co","5811 Elwin Buchanan Dr","Sanford","NC","27330","Lee","www.rodeco.com","9197757149","9197743130","Bill Murphy","Owner","Mal","17100000","15","505122","Metal Finish","4","0","1"
"190200","Crawford Sprinkler","bill@crawfordsprinkler.com","2725 South Saunders","9198289346","9198378164","526128","SPRINKLERS","CRAWFORDSPRINKLER.COM"," Email <---> Revenue ","166089","Crawford Sprinkler Co","2725 S Saunders St","Raleigh","NC","27603","Wake","www.crawfordsprinkler.com","9198289346","9198398164","William Price","Owner","Mal","12110000","35","508734","Sprinklers-A","4","0","1"
"185512","Howell's Motor Freight","bill_sanford@howellsmotor.com","10028 Metromont Ind Blvd","7045977131","7045970585","421309","Trucking-Motor Freight","www.howellsmotor.com"," Email <---> Revenue ","312317","Howell's Motor Freight","10028 Metromont Ind Blvd","Charlotte","NC","28269","Mecklenburg","www.howellsmotor.com","7045970585","7045977131","Randall Pruitt","Manager","Mal","15100000","100","421309","Trucking-Mot","4","0","1"
"173673","Wayco Ham Co","bkeel@keelnet.com","508 N William St","9197344080","9197353962","201101","Meat Packers","www.waycohams.com"," Email <---> Revenue ","660335","Wayco Ham Co","508 N William St","Goldsboro","NC","27530","Wayne","www.waycohams.com","9197353962","9197344080","Tony Worrell","President","Mal","11060000","20","201101","Meat Packers","4","0","1"
"175064","Platinum","Bob.Vaughan@platinum-rep.com","6604 Six Forks Rd # 201","9198465622","9198465868","509908","Manufacturers-Agents & Representatives","NULL"," Email <---> Revenue ","491231","Platinum","6604 Six Forks Rd # 201","Raleigh","NC","27615","Wake","www.platinum-rep.com","9198465868","","Bob Vaughan","Owner","Mal","18880000","20","509908","Manufacturer","4","0","1"
"158977","Braun Racing","BraunT@braunracing.com","163 Rolling Hill Rd","7047990907","7047991118","552103","Automobile Dealers Performance & Race","NULL"," Email <---> Revenue ","86973","Braun Racing","163 Rolling Hill Rd","Mooresville","NC","28117","Iredell","www.braunracing.com","7047991118","7047990907","Todd Braun","Owner","Mal","13420000","20","552103","Automobile D","4","0","1"
"5197","Pagas Mailing Svc","Brenda@pagas.com","9310 D Ducks Ln # D","7043595401","7043598887","733105","Advertising-Direct Mail","NULL"," Email <---> Revenue ","469770","Pagas Mailing Svc","9310 D Ducks Ln # D","Charlotte","NC","28273","Mecklenburg","www.pagas.com","7043598887","7043595401","","","","10500000","50","733105","Advertising-","4","0","1"
"119992","W B Moore Co","brgraves@wbmoore.com","916 N Poplar St","7043319302","7043319300","173101","Electric Contractors","NULL"," Email <---> Revenue ","651190","W B Moore Co","916 N Poplar St","Charlotte","NC","28206","Mecklenburg","www.wbmoore.com","7043319300","7043319302","Billy Graves","Owner","Mal","14760000","90","173101","Electric Con","4","2","1"
"189178","East Coast Fire Protection Inc","brose@ecfp.com","7711 Welborn St # 103","7035023086","9198723250","508734","Sprinklers-Automatic-Fire (Wholesale)","www.ecfp.com"," Email <---> Revenue ","209779","East Coast Fire Protection Inc","7711 Welborn St # 103","Raleigh","NC","27615","Wake","www.ecfp.com","9198723250","9198775775","Mike Mc Coymont","Manager","Mal","21452000","62","508734","Sprinklers-A","4","0","1"
"180731","Methods Machine Tools Inc","bselway@selwaytool.com","13607 S Point Blvd","2486248603","7045870507","508425","Machine Tools (Wholesale)","www.methodsmachine.com"," Email <---> Revenue ","417907","Methods Machine Tools Inc","13607 S Point Blvd","Charlotte","NC","28273","Mecklenburg","www.methodsmachine.com","7045870507","7045870520","David Chesnutt","VP","Mal","17952000","33","508425","Machine Tool","4","0","1"
"43897","Sharon Lewis","bshaw@fryeelectric.com","8916 South Blvd","7045537552","7045532617","173101","Electric Contractors","UNIQUESHOWPLACE.COM"," Email <---> Revenue ","254933","Frye Electric Co","8916 South Blvd","Charlotte","NC","28273","Mecklenburg","","7045537552","7045537529","John Frye","Owner","Mal","15840000","120","173101","Electric Con","4","2","1"
"184565","Mc Naughton-Mc Kay Electric","butlera@mc-mc.com","4527 Dwight Evans Rd","8438567705","7045276555","506330","Electric Equipment & Supplies-Wholesale","www.mc-mc.com"," Email <---> Revenue ","411101","Mc Naughton-Mc Kay Electric","4527 Dwight Evans Rd","Charlotte","NC","28217","Mecklenburg","www.mc-mc.com","7045276555","7045235408","Bill Simon","Manager","Mal","18000000","45","506330","Electric Equ","4","0","1"
"104820","Orthopedic Service Co","bwendt@orthopedicservice.com","2521 Noblin Rd","9198787151","9198787183","504704","Physicians & Surgeons Equip & Supls-Whol","NULL"," Email <---> Revenue ","465467","Orthopedic Service Co","2521 Noblin Rd","Raleigh","NC","27604","Wake","","9198787183","9198787151","William Wendt Iii","Owner","Mal","11362000","19","504704","Physicians &","4","0","1"
"17985","Cooper Kenworth","C_Sykes@coopertrucks.com","6442 Burnt Poplar Rd","3366682978","3366682961","551105","Truck-Dealers","NULL"," Email <---> Revenue ","159391","Cooper Kenworth","6442 Burnt Poplar Rd","Greensboro","NC","27409","Guilford","","3366682961","3366682978","Cooper Sykes","Owner","Mal","21475000","25","551105","Truck-Dealer","4","2","1"
"143372","Lark Books","C_T@larkbooks.com","67 Broadway St","8282537952","8282530467","273101","Publishers-Book","NULL"," Email <---> Revenue ","372584","Lark Books","67 Broadway St","Asheville","NC","28801","Buncombe","www.larkbooks.com","8282530467","8282537952","Carol Taylor","President","Mal","24090000","55","273101","Publishers-B","4","0","1"
"159142","American Century Home Fabrics","Cathy@americancenturyhome.com","1303 Corporation Dr","3368610083","3368610080","513119","Fabrics-Wholesale","NULL"," Email <---> Revenue ","31143","American Century Home Fabrics","1303 Corporation Dr","Archdale","NC","27263","Guilford","","3368610080","3368610083","Cathy Huang","Owner","Fem","13560000","20","513119","Fabrics-Whol","4","0","1"
"35562","Hardware Suppliers Of America","CCasey@hardwaresuppliers.com","1820 Old Fire Tower Rd","2523559469","2523559400","507207","Hardware-Wholesale","NULL"," Email <---> Revenue ","289681","Hardware Suppliers Of America","1820 Old Fire Tower Rd","Greenville","NC","27858","Pitt","www.hardwaresuppliers.com","2523559400","2523559469","Chip Casey","President","Mal","12789000","21","507207","Hardware-Who","4","0","1"
"186980","CCL Label Inc","ccl@cclind.com","4000 Westinghouse Blvd","8597816339","7047144800","275910","Labels (Manufacturers)","www.ccllabel.com"," Email <---> Revenue ","102804","CCL Label Inc","4000 Westinghouse Blvd","Charlotte","NC","28273","Mecklenburg","","7047144800","7045045848","Tim Philbeck","Plant Mgr","Mal","14300000","100","275910","Labels (Manu","4","0","1"
"191325","Everlight USA","C-Cole@everlightusa.com","10507 Southern Loop Blvd","7045880051","7045881004","516936","Dyes & Dyestuffs (Wholesale)","NULL"," Email <---> Revenue ","226975","Everlight USA","10507 Southern Loop Blvd","Pineville","NC","28134","Mecklenburg","","7045881004","7045880051","Catherine Cole","President","Fem","15015000","15","516936","Dyes & Dyest","4","0","1"
"189801","Mainline Supply Co LLC","channels@mainline.com","1260 Sweeten Creek Rd","6366291359","8282778510","505107","Pipe-Wholesale","www.mainline.com"," Email <---> Revenue ","398556","Mainline Supply Co LLC","1260 Sweeten Creek Rd","Asheville","NC","28803","Buncombe","www.mainline.com","8282778510","8282779797","Rudy Morrow","Manager","Mal","17100000","15","505107","Pipe-Wholesa","4","0","1"
"82104","Holland Industrial","Charles@hollandindustrial.com","518 W Montgomery St","2524922444","2524927541","506333","Electric Motors-Dlrs/Repairing (Whol)","NULL"," Email <---> Revenue ","305718","Holland Industrial","518 W Montgomery St","Henderson","NC","27536","Vance","","2524927541","2524922444","Charles Holland","Owner","Mal","24416000","32","506333","Electric Mot","4","0","1"
"43271","Strutmasters LLC","chip@strutmasters.com","50 Providence Rd","NULL","3365996382","501313","Automobile Parts & Supplies-Wholesale","NULL"," Email <---> Revenue ","592839","Strutmasters LLC","50 Providence Rd","Roxboro","NC","27573","Person","","3365972397","","Chip Lofton","CEO","Mal","17920000","40","501313","Automobile P","4","0","1"
"196808","Tri City Contractors Inc","Chris@tricitycontractors.com","110 Fortune Way","9192331633","9192331330","177105","Concrete Contractors","NULL"," Email <---> Revenue ","626571","Tri City Contractors Inc","110 Fortune Way","Raleigh","NC","27617","Wake","www.tricitycontractors.com","9192331330","9192331633","Chris Surripte","President","Mal","21930000","170","177105","Concrete Con","4","0","1"
"143991","Belk","CJ@belk.com","1180 Blowing Rock Rd # Eo1","8282643886","8282643886","531102","Department Stores","NULL"," Email <---> Revenue ","66852","Belk","1180 Blowing Rock Rd # Eo1","Boone","NC","28607","Watauga","","8282643886","8282643886","Jeff Carter","President","Mal","14580000","90","531102","Department S","4","1","1"
"186403","Truline Truss","ClintBledsaul@remodel.com","3225 Us Highway 21 S","3363728420","3363722226","243901","Trusses (Manufacturers)","NULL"," Email <---> Revenue ","631373","Truline Truss","3225 Us Highway 21 S","Sparta","NC","28675","Alleghany","","3363722226","3363728420","Clint Bledsaul","President","Mal","17500000","100","243901","Trusses (Man","4","0","1"
"104715","Union Corrugating Co","cm082106@unioncorrugating.com","701 S King St","5406722867","9104832195","521114","Roofing Materials","www.unioncorrugating.com"," Email <---> Revenue ","638807","Union Corrugating Co","701 S King St","Fayetteville","NC","28301","Cumberland","www.unioncorrugating.com","9104832195","9104831091","Jim Beerman","President","Mal","19350000","75","521114","Roofing Mate","4","0","1"
"63525","Ellis Meares & Son","cmeares@sccoast.net","PO Box 187","9106496220","9106497521","519102","Farm Supplies (Wholesale)","NULL"," Email <---> Revenue ","219804","Ellis Meares & Son","1151 Main St","Fair Bluff","NC","28439","Columbus","","9106497521","9106496220","Carl Meares Jr","Owner","Mal","17290000","26","519102","Farm Supplie","4","0","1"
"182054","Charlotte Scaffold","cmiller@sunbeltrentals.com","3331 Asbury Ave","2088843186","7043775628","735910","Rental Service-Stores & Yards","www.sunbeltrentals.com"," Email <---> Revenue ","132751","Charlotte Scaffold","3331 Asbury Ave","Charlotte","NC","28206","Mecklenburg","www.sunbeltrentals.com","7043775628","7043773444","Bill Thayer","Manager","Mal","10980000","60","735910","Rental Servi","4","0","1"
"105492","Builders First Source","contact.us@buildersfirstsource.com","1135 Robeson St","9722210038","9104851111","521126","Building Materials","www.buildersfirstsource.com"," Email <---> Revenue ","95048","Builders First Source","1135 Robeson St","Fayetteville","NC","28305","Cumberland","www.buildersfirstsource.com","9104851111","9104856476","Rick Meade","President","Mal","11800000","50","521126","Building Mat","4","0","1"
"180796","Piedmont Natural Gas Co","corporate.recruiter@piedmontng.com","439 1st Ave NW","8645760039","8283221613","492501","Gas Companies","www.piedmontng.com"," Email <---> Revenue ","486545","Piedmont Natural Gas Co","439 1st Ave NW","Hickory","NC","28601","Catawba","www.piedmontng.com","8283221613","8283242754","W Guy Hartsell","Manager","Mal","10020000","15","492501","Gas Companie","4","0","1"
"181301","AGI Industries Inc","cr@agi.com","217 Feld Ave","6175677388","3364345011","259901","Furniture-Manufacturers","www.agi.com"," Email <---> Revenue ","9949","AGI Industries Inc","217 Feld Ave","High Point","NC","27263","Guilford","www.agi.com","3364345011","3368615715","Joel Herrmann","VP","Mal","17632000","116","259901","Furniture-Ma","4","0","1"
"49688","Cheerwine Bottling Co","cRitchie@cheerwine.com","1413 Jake Alexander Blvd W","7046337491","7046362191","514924","Soft Drinks (Wholesale)","NULL"," Email <---> Revenue ","134268","Cheerwine Bottling Co","1413 Jake Alexander Blvd W","Salisbury","NC","28147","Rowan","www.cheerwine.com","7046362191","7046337491","Cliff Ritchie","CEO","Mal","21100000","25","514924","Soft Drinks ","4","0","1"
"183667","Huntersville Hardwoods Inc","csh@hardwoodweb.com","11701 Mccord Rd","7062192835","7048756587","242101","Lumber-Manufacturers","www.hardwoodweb.com"," Email <---> Revenue ","314506","Huntersville Hardwoods Inc","11701 Mccord Rd","Huntersville","NC","28078","Mecklenburg","www.hardwoodweb.com","7048756587","7048756657","Patrick Altham","President","Mal","14880000","60","242101","Lumber-Manuf","4","0","1"
"169911","Central Steel & Wire","csw@centralsteel.com","2015 E Bessemer Ave","4144815901","3363332473","505106","Steel-Distributors & Warehouses","www.centralsteel.com"," Email <---> Revenue ","128075","Central Steel & Wire","2015 E Bessemer Ave","Greensboro","NC","27405","Guilford","www.centralsteel.com","3363332473","3363339390","Kevin Baldwin","Manager","Mal","14820000","13","505106","Steel-Distri","4","0","1"
"146078","Seeco-Southern Electrical Co","cthomas@seecoswitch.com","4045 Hargrove Ave","7043927033","7043921396","369902","Electric Equipment-Manufacturers","NULL"," Email <---> Revenue ","555145","Seeco-Southern Electrical Co","4045 Hargrove Ave","Charlotte","NC","28208","Mecklenburg","www.seecoswitch.com","7043921396","7043927033","Barry Thomas","Owner","Mal","12920000","40","361398","Switchgear/S","4","0","1"
"173012","Whole Foods Market","customer.questions@wholefoods.com","41 Miller St","3103150665","3367229233","541105","Grocers-Retail","www.wholefoods.com"," Email <---> Revenue ","668891","Whole Foods Market","41 Miller St","Winston Salem","NC","27104","Forsyth","www.wholefoods.com","3367229233","3367229231","John Gagliano","Manager","Mal","24700000","100","541105","Grocers-Reta","4","0","1"
"30686","Construction Applicators","D_Healy@constructionapplicators.com","615 Stallings Rd # A","7048214438","7048214471","874104","Construction Management","NULL"," Email <---> Revenue ","157781","Construction Applicators","615 Stallings Rd # A","Matthews","NC","28104","Mecklenburg","","7048214471","7048214438","Dan Healy","Owner","Mal","11250000","50","874104","Construction","4","0","1"
"141373","UPM-Raflatac Inc","Dan.Connell@raflatac.com","400 Broadpointe Dr","8286514888","8286514800","267201","Labels-Paper (Manufacturers)","NULL"," Email <---> Revenue ","635333","UPM-Raflatac Inc","400 Broadpointe Dr","Fletcher","NC","28732","Henderson","www.raflatac.com","8286514800","8286514888","Dan O'Connell","President","Mal","20500000","200","267201","Labels-Paper","4","0","1"
"180730","Charles Watkins Automobiles","dana@digitalessentials.com","269 W Main Street","8282456515","null","7549","Automotive services","WATKINSAUTO.COM"," Email <---> Revenue ","131511","Charles Watkins Automobiles","269 W Main St","Forest City","NC","28043","Rutherford","www.watkinsauto.com","8282450128","8282453048","Terry Watkins","CEO","Mal","16500000","45","551103","Automobile D","4","1","1"
"154301","J & D Sprinkler Co","dana@jdsprinkler.com","710 W Main St","9193590622","9195532356","508734","Sprinklers-Automatic-Fire (Wholesale)","NULL"," Email <---> Revenue ","325797","J & D Sprinkler Co","710 W Main St","Clayton","NC","27520","Johnston","www.jdsprinkler.com","9195532356","9193590622","Dana Graham","President","","13840000","40","508734","Sprinklers-A","4","0","1"
"164842","Brand Fuel Promotions","DannyR@brandfuel.com","8001 Aerial Center Pkwy # 100","9194842566","9194842565","519917","Advertising-Specialties (Wholesale)","NULL"," Email <---> Revenue ","86576","Brand Fuel Promotions","409 Airport Blvd","Morrisville","NC","27560","Wake","","9194668650","","","","","24345000","5","517206","Oils-Fuel (W","4","0","1"
"125462","S & R Communications","DaveRecht@sandler-recht.com","2711 Old Corn Wallis Rd # 200","9195448588","9195448770","731101","Advertising-Agencies & Counselors","NULL"," Email <---> Revenue ","541489","S & R Communications","2711 Old Corn Wallis Rd # 200","Durham","NC","27713","Durham","","9195448770","9195448588","Dave Recht","Owner","Mal","13585000","65","731101","Advertising-","4","0","1"
"197198","Greif Brothers Corp","david.christiansen@greif.com","900 Westinghouse Blvd","5029648886","7045883895","265501","Fiber & Fiber Products (Manufacturers)","www.greif.com"," Email <---> Revenue ","278398","Greif Brothers Corp","900 Westinghouse Blvd","Charlotte","NC","28273","Mecklenburg","www.greif.com","7045883895","7045889245","Khaalis Rahman","Manager","Mal","16443000","63","265501","Fiber & Fibe","4","0","1"
"159441","Baldor Motors & Drives","David_Cousins@baldor.com","PO Box 16500","3362736628","3362720494","506331","Electric Motors-Distributors","NULL"," Email <---> Revenue ","58179","Baldor Motors & Drives","PO Box 16500","Greensboro","NC","27416","Guilford","","3362726104","3362736628","David Cousins","President","Mal","11445000","15","506331","Electric Mot","4","0","1"
"82996","Applied Polymerics","DavidS@appliedpolymerics.com","PO Box 6007","3367895728","3367896159","161102","Road Building Contractors","NULL"," Email <---> Revenue ","40272","Applied Polymerics","131 Saint James Way","Mt Airy","NC","27030","Surry","www.appliedpolymerics.com","3367896159","3367895728","David Simmons","Owner","Mal","10575000","45","161102","Road Buildin","4","0","1"
"196234","J A Warren Co","daw@jawarrenco.com","121 Greenwich Rd # 109","7043641255","7043665763","515302","Grain Brokers","NULL"," Email <---> Revenue ","326873","J A Warren Co","121 Greenwich Rd # 109","Charlotte","NC","28211","Mecklenburg","","7043665763","7043641255","Daniel A Warren","President","Mal","11132000","4","515302","Grain Broker","4","0","1"
"169432","Gardner-Marsh Gas Equipment","dGardner@gardnermarsh.com","8209 Brownleigh Dr","9197825133","9197878214","508473","Gas Plant Equipment (Wholesale)","NULL"," Email <---> Revenue ","260071","Gardner-Marsh Gas Equipment","8209 Brownleigh Dr","Raleigh","NC","27617","Wake","www.gardnermarsh.com","9197878214","9197825133","Dale Gardner","Owner","Mal","13056000","24","508473","Gas Plant Eq","4","0","1"
"182378","White's Tractor & Truck","dh@whitestractor.com","1700 Us Highway 301 S","2522917745","2522917745","508206","Contractors-Equip/Supls-Dlrs/Svc (Whol)","www.whitestractor.com"," Email <---> Revenue ","668069","White's Tractor & Truck","1700 Us Highway 301 S","Wilson","NC","27893","Wilson","www.whitestractor.com","2522910131","2522917745","Steve White","Owner","Mal","24000000","120","508206","Contractors-","4","0","1"
"96412","Basicsplus Office Products Inc","dheineman@basicsplus.net","376 Crompton St # 1","7043576355","7043573347","506528","Facsimile Communication Equipment (Whol)","NULL"," Email <---> Revenue ","62345","Basicsplus Office Products Inc","376 Crompton St # 1","Charlotte","NC","28273","Mecklenburg","www.basicsplus.com","7043573347","7043576355","Doug Heinman","Owner","Mal","10100000","10","506528","Facsimile Co","4","0","1"
"193427","Atlantic Corp","dianep@atlanticpkg.com","4229 Beechwood Dr","8644393463","3366680081","874213","Marketing Programs & Services","www.atlanticpkg.com"," Email <---> Revenue ","47474","Atlantic Corp","4229 Beechwood Dr","Greensboro","NC","27410","Guilford","www.atlanticpkg.com","3366680081","3366059366","Eric Farmer","Manager","Mal","11500000","50","874213","Marketing Pr","4","0","1"
"32830","Jennings Builders Supl & Hrdwr","Dick@jenningsbuilderssupply.com","Highway 64 E","NULL","8288845663","521126","Building Materials","NULL"," Email <---> Revenue ","338523","Jennings Builders Supl & Hrdwr","1550 Asheville Hwy","Brevard","NC","28712","Transylvania","www.jenningsbuilderssupply.com","8288849663","8288843737","Dick Jennings","Owner","Mal","14190000","55","521126","Building Mat","4","0","1"
"65547","A D Instruments Inc","dirk.oppelt@esirion.com","13900 S Lakes Dr","8325906202","7045048896","506328","Controls Control Systs/Regulators (Whol)","www.us.endress.com"," Email <---> Revenue ","4600","A D Instruments Inc","13900 S Lakes Dr","Charlotte","NC","28273","Mecklenburg","www.us.endress.com","7045048896","7045275005","Glenn Walkup","Manager","Mal","10528000","16","506328","Controls Con","4","0","1"
"137873","Carolina Ingredients Inc","dmc@carolinaingredients.com","520 Eagleton Downs Dr # D","7045883828","7045887636","514101","Food Products (Wholesale)","NULL"," Email <---> Revenue ","116333","Carolina Ingredients Inc","520 Eagleton Downs Dr # D","Pineville","NC","28134","Mecklenburg","www.carolinaingredients.com","7045887636","7045883828","Doug Meyer-Cuno","Owner","Mal","17055000","15","514101","Food Product","4","0","1"
"185331","Clear Channel Communications","dmca@clearchannel.com","3100 Smoketree Ct # 700","9198781500","9198762929","483201","Radio Stations & Broadcasting Companies","www.clearchannel.com"," Email <---> Revenue ","145868","Clear Channel Communications","3100 Smoketree Ct # 700","Raleigh","NC","27604","Wake","www.clearchannel.com","9198781500","9198762929","Ken Spitzer","Manager","Mal","13200000","120","483201","Radio Statio","4","0","1"
"88510","21st Century Distributing","DonV@21stcenturydist.com","529 Dynamic Dr","9197798994","9197790273","484101","Television-Cable & Catv","NULL"," Email <---> Revenue ","852","21st Century Distributing","529 Dynamic Dr","Garner","NC","27529","Wake","www.21stcenturydist.com","9197790273","9197798994","Don Vicini","Owner","Mal","12805000","13","484101","Television-C","4","0","1"
"37829","Whites International Trucks","dsw@whitestractor.com","7045 Albert Pick Rd","9197317122","3366680491","501302","Truck Equipment & Parts-Wholesale","www.whitestractor.com"," Email <---> Revenue ","668268","Whites International Trucks","7045 Albert Pick Rd","Greensboro","NC","27409","Guilford","","3366680491","3366689536","Steve White","Owner","Mal","14200000","60","501302","Truck Equipm","4","0","1"
"109201","West Brothers Transportation","dtaylor@westbros.com","PO Box 21019","9192811171","9192816673","421303","Trucking-Transportation Brokers","NULL"," Email <---> Revenue ","664409","West Brothers Transportation","224 N Hoover Rd","Durham","NC","27703","Durham","www.westbros.com","9192816673","9192811171","Tommy West","Owner","Mal","15100000","100","421303","Trucking-Tra","4","0","1"
"176740","Hancor Inc","ebriseno@hancor.com","5816 Us 70","3192835743","9195635551","308401","Pipe-Plastic (Manufacturers)","www.hancor.com"," Email <---> Revenue ","287497","Hancor Inc","5816 Us 70","Mebane","NC","27302","Alamance","www.hancor.com","9195635551","9195634587","Bert Austin","Plant Mgr","Mal","24012000","69","308401","Pipe-Plastic","4","0","1"
"132524","AVL Technologies","ecartwright@avltech.com","130 Roberts St","8282509938","8282509950","573107","Satellite Equipment & Systems-Retail","NULL"," Email <---> Revenue ","11027","AVL Technologies","130 Roberts St","Asheville","NC","28801","Buncombe","www.avltech.com","8282509950","8282509938","James Oliver","Owner","Mal","19380000","60","573107","Satellite Eq","4","0","1"
"23982","Hamrick''s","ecommerce@hamricks.com","800 Fairview Rd","8282986400","8282986400","565101","Clothing-Retail","www.hamricks.com"," Email <---> Revenue ","287321","Hamrick's","800 Fairview Rd","Asheville","NC","28803","Buncombe","www.hamricks.com","8282986400","8282981391","Sharon Williams","President","Fem","12090000","65","565101","Clothing-Ret","4","0","1"
"121771","Shull Transport","Ed@shulltransport.com","3101 15th Avenue Blvd SE","8284651243","8284641803","421309","Trucking-Motor Freight","NULL"," Email <---> Revenue ","563586","Shull Transport","3101 15th Avenue Blvd SE","Conover","NC","28613","Catawba","www.shulltransport.com","8284641803","8284651243","Ed Long","President","Mal","15100000","100","421304","Trucking","4","0","1"
"188785","National Power Corp","eddie.youngblood@natpow.com","5100 Departure Dr","7709200333","9197901672","491102","Uninterruptible Power Systems","www.natpow.com"," Email <---> Revenue ","442958","National Power Corp","5100 Departure Dr","Raleigh","NC","27616","Wake","www.natpow.com","9197901672","9197909714","Eddie Youngblood","Owner","Mal","12320000","20","491102","Uninterrupti","4","0","1"
"176616","Eagle GLOBAL Logistics","egl.payonline@eaglegl.com","3101 Yorkmont Rd # 100","6169741587","7047333000","473104","Freight-Forwarding","www.eaglegl.com"," Email <---> Revenue ","208305","Eagle GLOBAL Logistics","3101 Yorkmont Rd # 100","Charlotte","NC","28208","Mecklenburg","www.eaglegl.com","7047333000","7047333009","Christine Rowland","Manager","Fem","10175000","55","473113","Customs Brok","4","0","1"
"180160","Asheville Security Systems","ej@ashevillesecurity.com","173 Merrimon Ave","NULL","8284563721","506324","Burglar Alarm Systems (Wholesale)","NULL"," Email <---> Revenue ","45294","Asheville Security Systems","173 Merrimon Ave","Asheville","NC","28801","Buncombe","www.ashevillesecurity.com","8284563721","","E J Mashburn","Owner","Mal","11445000","15","506324","Burglar Alar","4","0","1"
"90914","Fawn Industries Inc","electronics@fawn-ind.com","10235 Us 264a","4103089201","2522354011","243107","Molding-Manufacturers","www.fawn-ind.com"," Email <---> Revenue ","235748","Fawn Industries Inc","10235 Us 264a","Middlesex","NC","27557","Nash","www.fawn-ind.com","2522354011","2522355980","Keith Langley","Manager","Mal","20400000","120","243107","Molding-Manu","4","0","1"
"149005","Quality Associates","EppsD@qualityassociatesinc.com","310 Rockingham Dr","NULL","3363610027","738988","Packaging Service","NULL"," Email <---> Revenue ","505414","Quality Associates","310 Rockingham Dr","Reidsville","NC","27320","Rockingham","","3363610027","","Delores Epps","President","Fem","20850000","150","738988","Packaging Se","4","0","1"
"82570","Aco Med Supply","erikniel@rocketmail.com","2205 Distribution Center Drive #","7045993284","null","731908","Distribution Services","HOTELGRANSOL.COM"," Email <---> Revenue ","9535","ACO Med Supply","2205 Distribution Center Dr #A","Charlotte","NC","28269","Mecklenburg","www.acomedsupply.com","7049210116","7049210117","Stuart Ross","Owner","Mal","20930000","35","504704","Physicians &","4","0","1"
"109052","Flowers Baking Co","european_bakers@flowersspecialty.com","348 Lenoir Rhyne Blvd SE","7709396632","8283272477","514902","Bakers-Wholesale","www.flowersfoods.com"," Email <---> Revenue ","245126","Flowers Baking Co","348 Lenoir Rhyne Blvd SE","Hickory","NC","28602","Catawba","www.flowersfoods.com","8283272477","8283272477","Larry Alley","Manager","Mal","10128000","12","514902","Bakers-Whole","4","0","1"
"187532","Whitlock Group","foyg@whitlock.com","4020 Stirrup Creek Dr # 111","9198061016","9198061009","573113","Audio-Visual Equipment-Dealers","www.whitlock.com"," Email <---> Revenue ","668683","Whitlock Group","4020 Stirrup Creek Dr # 111","Durham","NC","27703","Durham","www.whitlock.com","9198061009","9198061016","Skip Stokes","Manager","Mal","17765000","55","573113","Audio-Visual","4","0","1"
"94711","Swisher Hygiene Svc","franchise@swisheronline.com","6849 Fairview Rd","3103289945","7043647707","734902","Janitor Service","www.swisheronline.com"," Email <---> Revenue ","601302","Swisher Hygiene Svc","6849 Fairview Rd","Charlotte","NC","28210","Mecklenburg","www.swisheronline.com","7043647707","7043648165","Patrick L Swisher","Owner","Mal","14500000","70","734902","Janitor Serv","4","0","1"
"155020","Camp Mondamin","Frank@mondamin.com","PO Box 8","8286968895","8286937446","703203","Camps","NULL"," Email <---> Revenue ","107529","Camp Mondamin","32 Myrtle Grove Ln","Tuxedo","NC","28784","Henderson","www.mondamin.com","8286937446","8286968895","Frank Bell Jr","Owner","Mal","13950000","150","703203","Camps","4","1","1"
"145158","Bowers Fibers Inc","general@bowersfibers.com","4001 Yancey Rd","7045227210","7045235323","229901","Textile Fibers (Manufacturers)","www.bowersfibers.com"," Email <---> Revenue ","84810","Bowers Fibers Inc","4001 Yancey Rd","Charlotte","NC","28217","Mecklenburg","www.bowersfibers.com","7045235323","7045227210","Richard L Bowers","President","Mal","10080000","70","229901","Textile Fibe","4","0","1"
"106721","W R Winslow Memorial Home Inc","george@winslowmemorial.com","1700 W Ehringhaus St","2523380039","2523383975","805101","Nursing & Convalescent Homes","www.winslowmemorial.com"," Email <---> Revenue ","651937","W R Winslow Memorial Home Inc","1700 W Ehringhaus St","Elizabeth City","NC","27909","Pasquotank","www.winslowmemorial.com","2523383975","2523380039","George Wilkins","Administrator","Mal","18590000","190","805101","Nursing & Co","4","0","1"
"112067","Silicones Inc","Gerald@silicones-inc.com","205 Woodbine St","3368867122","3368865018","282201","Rubber-Synthetic (Manufacturers)","NULL"," Email <---> Revenue ","564875","Silicones Inc","205 Woodbine St","High Point","NC","27260","Guilford","www.silicones-inc.com","3368865018","3368867122","","","","18400000","20","282201","Rubber-Synth","4","0","1"
"47148","Restonic-Carolina","GierschM@restonic.com","PO Box 64609","9104251602","9104250131","251598","Mattresses/Foundations/Conv Beds (Mfrs)","NULL"," Email <---> Revenue ","523551","Restonic-Carolina","3154 Camden Rd","Fayetteville","NC","28306","Cumberland","www.restonic.com","9104250131","9104251602","Mary Giersch","Owner","Fem","17200000","80","251598","Mattresses/F","4","0","1"
"172434","Medical Cable Specialist","GraceSlater@medicalcabling.com","2133 Old Fanning Bridge Rd","8288901999","8288902888","504731","Medical Electronics (Wholesale)","NULL"," Email <---> Revenue ","414654","Medical Cable Specialist","2133 Old Fanning Bridge Rd","Fletcher","NC","28732","Henderson","","8288902888","8288901999","Grace Slater","Owner","Fem","14950000","25","504731","Medical Elec","4","0","1"
"93731","Matthews Design and Drafting","grayinc@ipass.com","511 Hillsborough Street","9198322748","9198327115","7389","Business Services NEC","PROTECTIVEEQUIPMENT.COM"," Email <---> Revenue ","274687","Gray Inc","1505 Capital Blvd # 14c","Raleigh","NC","27603","Wake","www.graysecuritysystems.com","9198322748","9198327115","Steven Howell","Owner","Mal","16450000","25","506324","Burglar Alar","4","0","1"
"165566","Toy Travelers Intl","Gwen@toytravelers.com","1313 N Hamilton St","NULL","3368418999","509908","Manufacturers-Agents & Representatives","NULL"," Email <---> Revenue ","623605","Toy Travelers Intl","1313 N Hamilton St","High Point","NC","27262","Guilford","www.toytravelers.com","3368418999","","Gwen Owens","Owner","Fem","10384000","11","509908","Manufacturer","4","0","1"
"135381","Hatteras Hammocks","hammocks@thehammocksource.com","1104 Clark St","2527580375","2527580641","239911","Hammocks-Manufacturers","www.thehammocksource.com"," Email <---> Revenue ","292911","Hatteras Hammocks","1104 Clark St","Greenville","NC","27834","Pitt","www.thehammocksource.com","2527580641","2527580375","Jay Branch","President","Mal","12000000","200","239911","Hammocks-Man","4","0","1"
"121777","Perigon","harvey.mason@perigoneng.com","931 Industrial Dr","7042461000","7042462000","871133","Engineers-Professional","NULL"," Email <---> Revenue ","481261","Perigon","931 Industrial Dr","Matthews","NC","28105","Mecklenburg","www.perigoneng.com","7042462000","7042461000","Harvey Mason","CEO","Mal","11376000","72","871133","Engineers-Pr","4","0","1"
"33895","Camp Ton A Wandah","HaynesW@camptonawandah.com","RR 13 Box 75","8286929780","8286924251","703203","Camps","NULL"," Email <---> Revenue ","107583","Camp Ton A Wandah","376 Lake Falls Rd","Hendersonville","NC","28739","Henderson","www.camptonawandah.com","8286924251","8286929780","William Haynes","Owner","Mal","13950000","150","703203","Camps","4","1","1"
"36627","Chambers Fabrics Inc","hLeonard@cfstinson.com","209 S Main St","NULL","3368878466","513109","Upholstery Fabrics-Wholesale","NULL"," Email <---> Revenue ","129374","Chambers Fabrics Inc","1914 S Elm St","High Point","NC","27260","Guilford","","3368874822","3368874850","Ray Chambers","CEO","Mal","23650000","110","221107","Fabrics-Manu","4","0","1"
"119115","Omnisystems","Hogan_Alan@omnipaper.com","910 Rockingham Rd","NULL","9109977997","261101","Paper Converters (Manufacturers)","NULL"," Email <---> Revenue ","462900","Omnisystems","910 Rockingham Rd","Rockingham","NC","28379","Richmond","","9109977997","","Alan Hogan","Owner","Mal","20610000","30","261101","Paper Conver","4","0","1"
"171093","Agri-Supply Inc Of Lumberton","hrdepartment@agri-supply.com","2175 N Roberts Ave","9126816531","9107398161","519102","Farm Supplies (Wholesale)","www.agri-supply.com"," Email <---> Revenue ","20056","Agri-Supply Inc Of Lumberton","2175 N Roberts Ave","Lumberton","NC","28358","Robeson","www.agri-supply.com","9107398161","9103458962","Lindy Fonville","Manager","Mal","16625000","25","519102","Farm Supplie","4","0","1"
"90941","Tension Envelope Corp","inform@tension.com","3800 Kimwell Dr","6205447900","3367656843","511216","Envelopes-Wholesale","www.treco.com"," Email <---> Revenue ","611014","Tension Envelope Corp","3800 Kimwell Dr","Winston Salem","NC","27103","Forsyth","www.tension.com","3367656843","3367602689","Dan Vogel","Manager","Mal","12000000","48","267701","Envelopes-Ma","4","0","1"
"146490","Unimin Corp","inquiries@unimin.com","541 Cognac Rd","2039663453","9105824816","329598","Minerals/Earths-Ground or Treated (Mfrs)","www.unimin.com"," Email <---> Revenue ","638675","Unimin Corp","541 Cognac Rd","Marston","NC","28363","Richmond","www.unimin.com","9105824816","9105825773","Greg Peterson","Plant Mgr","Mal","13725000","45","329598","Minerals/Ear","4","0","1"
"187281","Convergys Human Resources Dept","investor@convergys.com","4329 Western Blvd","9312213086","9109376213","736303","Employment Service-Employee Leasing","www.convergys.com"," Email <---> Revenue ","158721","Convergys Human Resources Dept","4329 Western Blvd","Jacksonville","NC","28546","Onslow","www.convergys.com","9109376213","9109376217","Harry Almand","Manager","Mal","18000000","600","736303","Employment S","4","0","1"
"193734","Apria Healthcare","investor_relations@apria.com","4249 Piedmont Pkwy # 101","9048293496","3366329556","384104","Physicians & Surgeons Equip & Supls-Mfrs","www.apria.com"," Email <---> Revenue ","40492","Apria Healthcare","4249 Piedmont Pkwy # 101","Greensboro","NC","27410","Guilford","www.apria.com","3366329556","3366321116","Mike Wheaton","Manager","Mal","23920000","40","504704","Physicians &","4","0","1"
"174974","Fsnb The Armed Svc Bank","J.D@fsnb.com","1550 Skibo Rd","NULL","9108602600","899999","Services Nec","NULL"," Email <---> Revenue ","255018","Fsnb The Armed Svc Bank","1550 Skibo Rd","Fayetteville","NC","28303","Cumberland","www.fsnb.com","9108602600","","John Davis","President","Mal","17800000","100","899999","Services Nec","4","0","1"
"148607","Graphic Printing Services; Inc","jackbrown@graphicprinting.com","4301 Waterleaf Court","3362924000","3362944872","275202","Printers","GRAPHICPRINTING.COM"," Email <---> Revenue ","274348","Graphic Printing Svc","4301 Waterleaf Ct","Greensboro","NC","27410","Guilford","www.graphicprinting.com","3362924000","3362944872","Bryan Hall","President","Mal","16146000","78","275202","Printers","4","0","1"
"36632","Packaging Corp Of America","james.flowinski@packagingcorp.com","2313 N William St","9197355216","919-736-7500","2653","Corrugated and Solid Fiber Boxes","NULL"," Email <---> Revenue ","469571","Packaging Corp Of America","2313 N William St","Goldsboro","NC","27530","Wayne","www.pcaplus.com","9197367500","9197355216","Joe Terry","Manager","Mal","16086000","42","265301","Corrugated &","4","0","1"
"188428","Viking Polymers","J-Ammondson@vikingpolymers.com","PO Box 577","3368874567","3364541174","282101","Plastics-Raw Mtrls/Powder/Resin-Mfrs","NULL"," Email <---> Revenue ","648267","Viking Polymers","109 Ragsdale Rd","Jamestown","NC","27282","Guilford","","3364541174","3368874567","John Ammondson","President","Mal","19100000","20","282101","Plastics-Raw","4","0","1"
"56110","Trane Systems Sales & Svc","Jane@trane.com","PO Box 240605","7045216881","7045234730","171117","Air Conditioning Contractors & Systems","NULL"," Email <---> Revenue ","624581","Trane Systems Sales & Svc","PO Box 240605","Charlotte","NC","28224","Mecklenburg","www.trane.com","7045253155","7045216881","Jane Schooley","President","Fem","15980000","85","171117","Air Conditio","4","0","1"
"105043","Foothills Sanitation & Rcyclng","Jeff@foothillssanitation.com","PO Box 2716","3366679301","3366674432","509312","Recycling Centers (Wholesale)","NULL"," Email <---> Revenue ","247424","Foothills Sanitation & Rcyclng","489 Boone Trl","North Wilkesboro","NC","28659","Wilkes","","3366674432","3366679301","Jeff Miller","Owner","Mal","11414000","26","509312","Recycling Ce","4","0","1"
"160360","BCJ Trucking","Jerry@bcjtrucking.com","PO Box 1908","3363202319","3363203611","421309","Trucking-Motor Freight","NULL"," Email <---> Revenue ","55715","BCJ Trucking","1764 Red Brush Rd","Mt Airy","NC","27030","Surry","www.bcjtrucking.com","3363203611","3363202319","Jerry Newman","Owner","Mal","13590000","90","421309","Trucking-Mot","4","0","1"
"39865","Sunlife Systems Intl","Jerry@sunlifesystems.com","2727 Mount Holly-Huntersville","NULL","7043927558","176109","Roofing Contractors","NULL"," Email <---> Revenue ","597151","Sunlife Systems Intl","2727 Mount Holly-Huntersville","Charlotte","NC","28214","Mecklenburg","","7043927558","","","","","15900000","100","176109","Roofing Cont","4","0","1"
"69276","J E Herndon Co","jherndon@jeherndon.com","PO Box 1608","7047340621","7047394711","509306","Waste-Cotton Wool Synthetic Etc (Whol)","NULL"," Email <---> Revenue ","327748","J E Herndon Co","1020 Je Herndon Access Rd","Kings Mountain","NC","28086","Cleveland","www.jeherndon.com","7047394711","7047340621","J E Herndon","Owner","Mal","15365000","35","509306","Waste-Cotton","4","0","1"
"73101","Long Asphalt Paving & Trucking","jim.long@asphalt.com","4349 Us Highway 220 N","3366434122","336-643-4121","2951","Asphalt Paving Mixtures and Blocks","NULL"," Email <---> Revenue ","388012","Long Asphalt Paving & Trucking","4349 US Highway 220 N","Summerfield","NC","27358","Guilford","","3366434121","3366434122","James H Long","Owner","Mal","12040000","40","161101","Paving Contr","4","1","1"
"190337","Cardinal Health","jim.mazzola@cardinal.com","5104 Chin Page Rd","7045885475","9194748456","504704","Physicians & Surgeons Equip & Supls-Whol","www.cardinal.com"," Email <---> Revenue ","111223","Cardinal Health","5104 Chin Page Rd","Durham","NC","27703","Durham","www.cardinal.com","9194748456","9194749406","Jerry Carpenter","Manager","Mal","23790000","130","591205","Pharmacies","4","2","1"
"157700","City Beverage Co Inc","Jimmie.Dixon@Citybeverageco.Com","1471 Weeksville Rd","2523304880","2523305539","518101","Beer & Ale-Wholesale","NULL"," Email <---> Revenue ","142445","City Beverage Co Inc","1471 Weeksville Rd","Elizabeth City","NC","27909","Pasquotank","www.citybeverageco.com","2523305539","2523304880","Jimmie T Dixon","CEO","Mal","17800000","48","518101","Beer & Ale-W","4","0","1"
"77881","Johnston Casuals Furniture Inc","jjohnston@johnstoncasuals.com","PO Box 668","3366670998","3368385178","251498","Metal-Household Furniture (Mfrs)","NULL"," Email <---> Revenue ","346472","Johnston Casuals Furniture Inc","121 Shaver St","North Wilkesboro","NC","28659","Wilkes","www.johnstoncasuals.com","3368385178","3366670998","Joe Johnston","President","Mal","13800000","100","251498","Metal-Househ","4","0","1"
"106425","Carolina Packers Inc","jjones@carolinapackers.com","PO Box 1109","9199896794","9199342181","201101","Meat Packers","NULL"," Email <---> Revenue ","117350","Carolina Packers Inc","2999 S Bright Leaf Blvd","Smithfield","NC","27577","Johnston","www.carolinapackers.com","9199342181","9199896794","John A Jones Jr","Owner","Mal","13200000","85","201101","Meat Packers","4","0","1"
"44563","Liburdi Dimetrics Corp","jliburdi@dimetrics.com","PO Box 339","7048924713","7048928872","367901","Electronic Equipment & Supplies-Mfrs","NULL"," Email <---> Revenue ","381484","Liburdi Dimetrics Corp","404 Armour St","Davidson","NC","28036","Mecklenburg","www.liburditurbine.com","7048928872","7048924713","Joe Liburdi","CEO","Mal","16800000","75","367901","Electronic E","4","0","1"
"107661","Lindley Mills","jLindley@lewissystemsinc.com","7763 Lindley Mill Rd","NULL","3363766190","204102","Milling","NULL"," Email <---> Revenue ","383964","Lindley Mills","7763 Lindley Mill Rd","Graham","NC","27253","Alamance","","3363766190","","Joseph J Lindley","Owner","Mal","13545000","15","204102","Milling","4","0","1"
"128147","RSVP Communications Inc","jmiller@rsvpcomm.com","8765 W Market St","3366683625","3366682423","733105","Advertising-Direct Mail","NULL"," Email <---> Revenue ","511534","RSVP Communications Inc","8765 W Market St","Greensboro","NC","27409","Guilford","www.rsvpcomm.com","3366682423","3366683625","Judy Miller","Owner","Fem","12600000","60","733105","Advertising-","4","0","1"
"24698","Action Food Sales","jnilsson@actionfoodsales.com","8401 University Exec Park Dr","7045498877","7045498500","514102","Food Brokers","NULL"," Email <---> Revenue ","14809","Action Food Sales","8401 University Exec Park Dr","Charlotte","NC","28262","Mecklenburg","","7045498500","7045498877","John Neilsson","Owner","Mal","22740000","20","514102","Food Brokers","4","0","1"
"186559","LVI Environmental Svc Inc","johnleonard@lviservices.com","1416 S Boundary St","3157699554","7046306186","179926","Asbestos Removal Service","www.lviservices.com"," Email <---> Revenue ","368497","LVI Environmental Svc Inc","1416 S Boundary St","Salisbury","NC","28144","Rowan","www.lviservices.com","7046306186","7046306187","Charles Crawford","President","Mal","24676000","199","179926","Asbestos Rem","4","1","1"
"156288","Nemco Motorsports","Joseph@joenemechek.com","128 S Iredell Industrial Pk Rd","7046649597","7046644287","552103","Automobile Dealers Performance & Race","NULL"," Email <---> Revenue ","446244","Nemco Motorsports","128 S Iredell Industrial Pk Rd","Mooresville","NC","28115","Iredell","www.joenemechek.com","7046644287","7046649597","Joseph Nemechek","Owner","Mal","16775000","25","552103","Automobile D","4","0","1"
"95880","Machine Tool Systems Inc","jrex@mtsonline.com","8334 Arrowridge Blvd # E","7045275958","7045236008","508425","Machine Tools (Wholesale)","NULL"," Email <---> Revenue ","396230","Machine Tool Systems Inc","8334 Arrowridge Blvd # E","Charlotte","NC","28273","Mecklenburg","","7045236008","7045275958","Jerry Rex","President","Mal","24000000","37","508425","Machine Tool","4","0","1"
"30095","Harris Teeter Inc","jsorenson@harristeeter.com","149 Cross Center Dr","9042802136","7048200332","541105","Grocers-Retail","www.harristeeter.com"," Email <---> Revenue ","291428","Harris Teeter Inc","149 Cross Center Dr","Denver","NC","28037","Lincoln","www.harristeeter.com","7048200332","","Junior Taylor","Manager","Mal","12012000","66","541105","Grocers-Reta","4","0","1"
"165785","Service Roofing & Sheet Metal","jthomas@tri-stateservice.com","107 Staton Ct","3526221466","2527582179","176109","Roofing Contractors","www.tri-stateservicegroup.com"," Email <---> Revenue ","556786","Service Roofing & Sheet Metal","107 Staton Ct","Greenville","NC","27834","Pitt","www.tri-stateservicegroup.com","2527582179","2528309198","Mike Richardson","President","Mal","11925000","75","176109","Roofing Cont","4","0","1"
"11742","Yellow Dot Heating & Air Cond","JWilliamson@trane.com","1203 N New Hope Rd","7575589713","9197548686","171117","Air Conditioning Contractors & Systems","www.damuth.com"," Email <---> Revenue ","682577","Yellow Dot Heating & Air Cond","1203 N New Hope Rd","Raleigh","NC","27610","Wake","","9197548686","9198287671","Jake Williamson","Owner","Mal","16920000","90","171117","Air Conditio","4","0","1"
"192804","KVF Distribution","K.Fiorini@kvfdist.com","6701 Fleetwood Dr","9197819262","9197849210","503118","Kitchen Cabinets-Wholesale","NULL"," Email <---> Revenue ","353296","KVF Distribution","6701 Fleetwood Dr","Raleigh","NC","27612","Wake","","9197849210","9197819262","Kenneth Fiorini","Owner","Mal","21180000","30","503118","Kitchen Cabi","4","0","1"
"172448","Coeco Office Systems","K_Stallings@coeco.com","205 E Arlington Blvd","2523213422","2523212400","504403","Copying & Duplicating Machines & Supls","NULL"," Email <---> Revenue ","150179","Coeco Office Systems","205 E Arlington Blvd","Greenville","NC","27858","Pitt","www.coeco.com","2523212400","2523213422","Ken Stallings","President","Mal","18315000","45","504403","Copying & Du","4","0","1"
"158749","High Reach Learning","Kathy.Kelley@highreach.com","36 Old Shoals Rd","8286841406","8286844576","511213","School Supplies (Wholesale)","NULL"," Email <---> Revenue ","301377","High Reach Learning","36 Old Shoals Rd","Arden","NC","28704","Buncombe","","8286844576","8286841406","Kathy Kelley","President","Fem","22700000","50","511213","School Suppl","4","0","1"
"189063","Nichols Foodservice Inc","kbrown@nicholsfoodservice.com","PO Box 729","9102853596","9102853197","514101","Food Products (Wholesale)","NULL"," Email <---> Revenue ","451396","Nichols Foodservice Inc","311 SE Railroad St","Wallace","NC","28466","Duplin","www.nicholsfoodservice.com","9102853197","9102853596","J L Nichols Iii","President","Mal","21600000","70","514101","Food Product","4","0","1"
"92645","Tampco Inc","ken@tampcoinc.com","316 Stainless Way","3368358091","3368351895","344403","Sheet Metal Fabricators","www.tampcoinc.com"," Email <---> Revenue ","606144","Tampco Inc","316 Stainless Way","Elkin","NC","28621","Surry","www.tampcoinc.com","3368351895","3368358091","Kenneth G Nicks Jr","President","Mal","17425000","85","344403","Sheet Metal ","4","0","1"
"196934","UCS Inc","keyword@ucsspirit.com","511 Hoffman Rd","7047329559","7047329922","594127","Gymnasiums Equipment & Supplies","www.ucsspirit.com"," Email <---> Revenue ","635142","UCS Inc","511 Hoffman Rd","Lincolnton","NC","28092","Lincoln","www.ucsspirit.com","7047329922","7047329559","Jeff Schwartz","Owner","Mal","13580000","70","399903","Manufacturer","4","0","1"
"126240","Lazar Industries","lazareast@lazarind.com","3025 Hamp Stone Rd","9197426510","9197429303","399903","Manufacturers","NULL"," Email <---> Revenue ","375434","Lazar Industries","3025 Hamp Stone Rd","Siler City","NC","27344","Chatham","","9197429303","9197426510","Jim Kimbrough","Owner","Mal","13100000","100","399903","Manufacturer","4","0","1"
"98645","Technimark Inc","lbean@technimark.com","3130 Gillespie St","9104239850","9104237189","308901","Mold Makers","www.technimark.com"," Email <---> Revenue ","609631","Technimark Inc","3130 Gillespie St","Fayetteville","NC","28306","Cumberland","www.technimark.com","9104237189","9104239850","John Petza","Manager","Mal","21320000","130","308901","Plastics-Mol","4","0","1"
"187801","New Bern Building Supply","lcivils@nbbldg.com","PO Box 12305","2526385861","null","5211","Building materials","NBBLDG.COM"," Email <---> Revenue ","447286","New Bern Building Supply","3321 Neuse Blvd","New Bern","NC","28560","Craven","","2526385861","2526385377","James V Williams Jr","President","Mal","19350000","75","521126","Building Mat","4","0","1"
"139845","Church Interiors Inc","lnichols@churchinteriors.com","800 Eastchester Dr","3368890197","3368854949","8661","Religious organizations","CHURCHINTERIORS.COM"," Email <---> Revenue ","139983","Church Interiors Inc","800 Eastchester Dr","High Point","NC","27262","Guilford","www.churchinteriors.com","3368890197","3368854949","Charles Wicker","President","Mal","12562000","22","502118","Church Furni","4","0","1"
"114739","Loomis Fargo & Co","loomisfargo@loomisfargo.com","110 Majestic Way Ct","4107408387","3369938082","738103","Armored Car Service","www.loomisfargo.com"," Email <---> Revenue ","388736","Loomis Fargo & Co","110 Majestic Way Ct","Kernersville","NC","27284","Forsyth","www.loomisfargo.com","3369938082","3369939072","Troy Kurtz","Manager","Mal","14720000","80","874813","Security Sys","4","0","1"
"169622","Tideland Electric Corp","mailroom@tidelandemc.com","25831 Us Highway 264 E","2529433510","2529433046","491101","Electric Companies","www.tidelandemc.com"," Email <---> Revenue ","616342","Tideland Electric Corp","25831 Us Highway 264 E","Pantego","NC","27860","Beaufort","www.tidelandemc.com","2529433046","2529433510","William Stacy","CEO","Mal","19600000","60","491101","Electric Com","4","0","1"
"17873","Citi LLC Systems Integration","Marco@citi-llc.com","4030 Yancey Rd","7049692480","7049692484","506328","Controls Control Systs/Regulators (Whol)","NULL"," Email <---> Revenue ","142096","Citi LLC Systems Integration","4030 Yancey Rd","Charlotte","NC","28217","Mecklenburg","www.citi-llc.com","7049692484","7049692480","Marco Varela","Owner","Mal","15792000","24","506328","Controls Con","4","0","1"
"151941","NSI Solutions","mark.hammersla@nsi-es.com","7517 Precision Dr # 101","9199577562","9199579672","516916","Chemicals (Wholesale)","NULL"," Email <---> Revenue ","440386","NSI Solutions","7517 Precision Dr # 101","Raleigh","NC","27617","Wake","www.nsi-es.com","9199579672","9199577562","Mark Hammersla","Owner","Mal","10010000","10","516916","Chemicals (W","4","0","1"
"187092","Plasticard Locktech Intl","Mark-Goldberg@plicards.com","605 Sweeten Creek Rd","8284188215","8282104754","275903","Printers-Glass, Metal, Plastic, Etc","Metal"," Email <---> Revenue ","491105","Plasticard Locktech Intl","605 Sweeten Creek Rd","Asheville","NC","28803","Buncombe","www.plicards.com","8282104754","8282104755","Mark Goldberg","President","Mal","14157000","99","275903","Printers-Gla","4","0","1"
"153915","M & M Electric Svc","Marvin@mme.com","2098 Chespark Dr","7048640297","7048668838","355202","Textile Machinery & Parts-Manufacturers","NULL"," Email <---> Revenue ","393295","M & M Electric Svc","2098 Chespark Dr","Gastonia","NC","28052","Gaston","www.mme.com","7048668838","7048640297","Marvin Foy","Owner","Mal","10340000","55","355202","Textile Mach","4","0","1"
"119241","Radco Industries Inc","mary.lichtenwald@radcoindustries.com","4400 Morris Park Dr # D","7045458345","7045451440","507414","Dust Collecting Systems (Wholesale)","NULL"," Email <---> Revenue ","512107","Radco Industries Inc","4400 Morris Park Dr # D","Charlotte","NC","28227","Mecklenburg","www.radcousa.com","7045451440","7045458345","James Bell","Owner","Mal","11580000","20","507414","Dust Collect","4","0","1"
"74970","Price-Davis Inc","mbuie@pricedavisinc.com","3882 E Highway 27","7047322655","7047322236","504604","Restaurant Equipment & Supplies (Whol)","NULL"," Email <---> Revenue ","498375","Price-Davis Inc","3882 E Highway 27","Iron Station","NC","28080","Lincoln","www.pricedavisinc.com","7047322236","7047322655","Mack Buie","Owner","Mal","13930000","35","504604","Restaurant E","4","0","1"
"165588","Premiere Communications Conslt","Mccarthy@premiere-inc.com","4901 Trademark Dr","9198397156","9192128615","162306","Telephone & Television Cable Contractors","NULL"," Email <---> Revenue ","497135","Premiere Communications Conslt","4801 Trademark Dr","Raleigh","NC","27610","Wake","www.premiere-inc.com","9192128615","9198397156","Roger Mccarthy","Owner","Mal","10500000","50","162306","Telephone & ","4","0","1"
"146478","Mc Kim & Creed Engineers","mcreed@mckimcreed.com","243 N Front St","9102518282","9103431048","871301","Surveyors-Land","NULL"," Email <---> Revenue ","410680","Mc Kim & Creed Engineers","243 N Front St","Wilmington","NC","28401","New Hanover","www.mckimcreed.com","9103431048","9102518282","Michael Creed","President","Mal","14100000","50","871301","Surveyors-La","4","1","1"
"116413","Milan Express Inc","mdodson@milanexpress.com","3500 N Graham St","7043716995","7043321633","421309","Trucking-Motor Freight","www.milanexpress.com"," Email <---> Revenue ","422505","Milan Express Inc","3500 N Graham St","Charlotte","NC","28206","Mecklenburg","www.milanexpress.com","7043321633","7043716995","Greg Cross","Manager","Mal","10570000","70","421309","Trucking-Mot","4","0","1"
"171597","Discount Tire","Meabon_Richard@tires.com","401 W 24th St","NULL","7043700203","501401","Tire-Distributors","NULL"," Email <---> Revenue ","193658","Discount Tire","401 W 24th St","Charlotte","NC","28206","Mecklenburg","","7043700203","","Richard Meabon","Owner","Mal","11520000","20","501401","Tire-Distrib","4","0","1"
"5423","MATERIAL HANDLING TECHNOLOGIES; INC","mht@mht1.com","113 International Drive","9193880050","9193880051","8999","Services NEC","MATERIALHANDLINGTECH.COM"," Email <---> Revenue ","406736","Material Handling Technologies","113 International Dr","Morrisville","NC","27560","Wake","www.materialhandlingtech.com","9193880050","9193880051","Scott Englert","Owner","Mal","20960000","80","353501","Conveyors & ","4","0","1"
"44076","Fred Lekson Assoc Inc","michael.jones@lekson.com","4004 Barrett Dr # 104","9197825923","9197825426","509908","Manufacturers-Agents & Representatives","NULL"," Email <---> Revenue ","252382","Fred Lekson Assoc Inc","4004 Barrett Dr # 104","Raleigh","NC","27609","Wake","www.lekson.com","9197825426","9197825923","Michael L Jones","Owner","Mal","10384000","11","509908","Manufacturer","4","0","1"
"186134","WNC Dry Kiln","michael@imountain.net","65 Jacktown Rd","8433413610","8286520050","503125","Lumber-Drying (Wholesale)","www.outsidehiltonhead.com"," Email <---> Revenue ","652805","WNC Dry Kiln","65 Jacktown Rd","Marion","NC","28752","Mc Dowell","www.wncpallet.com","8286520050","8286591957","Joe Lyle","Manager","Mal","13552000","16","503125","Lumber-Dryin","4","0","1"
"121131","Asheboro Wholesale Grocery Inc","michael@michaelscigars.com","228 W Ward St","3366294929","3366255570","514105","Grocers-Wholesale","NULL"," Email <---> Revenue ","44772","Asheboro Wholesale Grocery Inc","228 W Ward St","Asheboro","NC","27203","Randolph","www.michaelscigars.com","3366255570","3366294929","Michael Ayers","Owner","Mal","13644000","12","514105","Grocers-Whol","4","0","1"
"24110","Jernigan Oil Co","michaelh@jerniganoil.com","126 Rhue St N","2523327611","2523322131","291104","Oils-Petroleum-Manufacturers","NULL"," Email <---> Revenue ","338756","Jernigan Oil Co","126 Rhue St N","Ahoskie","NC","27910","Hertford","www.jerniganoil.com","2523322131","2523327611","Michael Herrell","President","Mal","10600000","20","291104","Oils-Petrole","4","0","1"
"133477","Wall Printing","mike@memorycross.com","707 Mcway Dr","3368619256","3368619255","275202","Printers","www.wallprinting.com"," Email <---> Revenue ","656322","Wall Printing","707 Mcway Dr","High Point","NC","27263","Guilford","www.wallprinting.com","3368619255","3368619256","Mike Vitamvas","Owner","Mal","10350000","50","275202","Printers","4","0","1"
"192339","Winston International LTD","mike@winstonele.com","200 Hillsboro St","9196935257","9196931561","505102","Wire (Wholesale)","www.winstonele.com"," Email <---> Revenue ","675887","Winston International LTD","200 Hillsboro St","Oxford","NC","27565","Granville","www.winstonele.com","9196931561","9196935257","Pratt Winston","Owner","Mal","18240000","16","505102","Wire (Wholes","4","0","1"
"137771","Simpson Wood Products","M-Simpson@strongtie.com","PO Box 790006","7043584807","7043741850","503105","Pallets & Skids (Wholesale)","NULL"," Email <---> Revenue ","566022","Simpson Wood Products","524 Atando Ave","Charlotte","NC","28206","Mecklenburg","","7043741850","7043584807","Melvin Simpson","Owner","Mal","12002000","17","503105","Pallets & Sk","4","0","1"
"46151","Snider Inc","msnider@sniderinc.com","11107 S Commerce Blvd # J","7045880954","7045880915","509908","Manufacturers-Agents & Representatives","NULL"," Email <---> Revenue ","570824","Snider Inc","11107 S Commerce Blvd # J","Charlotte","NC","28273","Mecklenburg","www.sniderinc.com","7045880915","7045880954","Mark Snider","President","Mal","20768000","22","509908","Manufacturer","4","0","1"
"49483","Design Source Ltd","msw@northstate.net","1407 Danmar Avenue","3368863600","3368854600","8999","Services NEC","DESIGNSOURCELTD.COM"," Email <---> Revenue ","189897","Design Source LTD","2506 Sinclair Ave","High Point","NC","27260","Guilford","www.designsourceltd.com","3368411650","3368411616","Tom Laughon","President","Mal","16710000","30","502316","Lamps-Wholes","4","0","1"
"96576","Environ Products Inc","mwebb@envproduct.com","3250 Us Highway 70 W","9199896739","9192092280","308901","Mold Makers","NULL"," Email <---> Revenue ","223280","Environ Products Inc","3250 Us Highway 70 W","Smithfield","NC","27577","Johnston","www.environcmd.com","9192092280","9199896739","Mike Webb","Owner","Mal","18160000","80","308901","Plastics-Mol","4","0","1"
"164178","National Air Filters Inc","naf@filtersonline.com","1109 N New Hope Rd","9192318296","9192318596","507501","Air Cleaning & Purifying Equip (Whol)","NULL"," Email <---> Revenue ","442163","National Air Filters Inc","1109 N New Hope Rd","Raleigh","NC","27610","Wake","www.filtersonline.com","9192318596","9192318296","Jim Hoffman","Owner","Mal","10200000","20","507501","Air Cleaning","4","0","1"
"14636","Spevco Inc","nemec_h@spevco.com","8118 Reynolda Rd","3369249999","3369248100","571305","Carpet & Rug Dealers-New","NULL"," Email <---> Revenue ","580158","Spevco Inc","8118 Reynolda Rd","Pfafftown","NC","27040","Forsyth","www.spevco.com","3369248100","3369249999","Marty Tharpe","President","Mal","22330000","110","571305","Carpet & Rug","4","0","1"
"143443","Air Systems Mfg Of Lenoir","nMiller@absnet.com","1347 Connelly Springs Rd SW","8287585178","8287573500","507414","Dust Collecting Systems (Wholesale)","NULL"," Email <---> Revenue ","20749","Air Systems Mfg Of Lenoir","1347 Connelly Springs Rd SW","Lenoir","NC","28645","Caldwell","www.airsystemsmfg.com","8287573500","8287585178","Nelson Miller","President","Mal","14475000","25","507414","Dust Collect","4","0","1"
"190344","Yesco Limited","Paul@consupro.net","1960 Crossbeam Dr","7043576369","7043576363","509901","Exporters","NULL"," Email <---> Revenue ","682679","Yesco Limited","1960 Crossbeam Dr","Charlotte","NC","28217","Mecklenburg","www.consupro.net","7043576363","7043576369","Paul Yessayan","President","Mal","12300000","4","509901","Exporters","4","0","1"
"42160","Packaging Corp Of America","peter.anzenberger@packagingcorp.com","321 Industrial Park Rd","8282863814","828-286-9156","2653","Corrugated and Solid Fiber Boxes","NULL"," Email <---> Revenue ","469572","Packaging Corp Of America","321 Industrial Park Rd","Rutherfordton","NC","28139","Rutherford","","8282869156","8282863814","Peter Anzenberger","Manager","Mal","11490000","30","265301","Corrugated &","4","0","1"
"139241","Thermo King","Peter.Hollett@thermoking.com","6633 Statesville Rd","7045962786","7045962652","507804","Refrigerating Equip-Coml (Wholesale)","NULL"," Email <---> Revenue ","613527","Thermo King","6633 Statesville Rd","Charlotte","NC","28269","Mecklenburg","www.thermoking.com","7045962652","7045962786","Peter Hollett","President","Mal","12750000","25","507804","Refrigeratin","4","0","1"
"11012","Ideal Frame Co","phil.lackey@davisframe.com","PO Box 935","8286321986","8286323771","242601","Furniture Frames (Manufacturers)","NULL"," Email <---> Revenue ","316797","Ideal Frame Co","221 5th Ave SW","Taylorsville","NC","28681","Alexander","","8286323771","8286321986","Phil C Lackey","President","Mal","10000000","55","242601","Furniture Fr","4","0","1"
"114558","Carolina Safety Sport","PhilipY@cssport.com","124 Sunrise Center Dr","3364748001","3364748000","384207","Safety Equipment & Clothing-Mfrs","NULL"," Email <---> Revenue ","118130","Carolina Safety Sport","124 Sunrise Center Dr","Thomasville","NC","27360","Davidson","www.cssport.com","3364748000","3364748001","Philip Young","Owner","Mal","15255000","45","384207","Safety Equip","4","0","1"
"173836","Foust Textiles","Plonk_John@fousttextiles.com","PO Box 576","7047391883","7047394565","513119","Fabrics-Wholesale","NULL"," Email <---> Revenue ","250184","Foust Textiles","608 Canterbury Rd","Kings Mountain","NC","28086","Cleveland","www.fousttextiles.com","7047394565","7047391883","John Plonk","Owner","Mal","16950000","25","513119","Fabrics-Whol","4","0","1"
"29564","Mackay Communications","Pratt@mackaycomm.com","3691 Trust Dr","9199541707","9198503000","506504","Radio Communication Equip & Systems-Whol","NULL"," Email <---> Revenue ","396363","Mackay Communications","3691 Trust Dr","Raleigh","NC","27616","Wake","www.mackaycomm.com","9198503000","9199541707","Jeff Schlacks","President","Mal","24240000","24","506504","Radio Commun","4","0","1"
"193511","WCTI","promotion@wcti12.com","225 Glenburnie Dr","2526374141","2527587133","483301","Television Stations & Broadcasting CO","www.wcti12.com"," Email <---> Revenue ","652348","WCTI","225 Glenburnie Dr","New Bern","NC","28560","Craven","www.wcti12.com","2527587133","2526374141","Clay Milstead","Manager","Mal","18328000","58","483301","Television S","4","0","1"
"103702","Waff Contracting Inc","pwemple@waffgroup.com","PO Box 237","2524825123","2524825123","162901","Pile Driving","NULL"," Email <---> Revenue ","654354","Waff Contracting Inc","106 Ocean Hwy","Edenton","NC","27932","Chowan","","2524825123","2524825123","Paul Waff","Owner","Mal","10020000","60","162901","Pile Driving","4","0","1"
"181876","Saint-Gobain Bayform","r.d@saint-gobain.com","4501 Green Point Dr","3369311209","3366051800","322198","Glass Containers (Manufacturers)","www.saint-gobain.com"," Email <---> Revenue ","545070","Saint-Gobain Bayform","4501 Green Point Dr","High Point","NC","27260","Guilford","www.saint-gobain.com","3366051800","3369311209","Gerald Mitchell","Manager","Mal","16560000","40","322198","Glass Contai","4","0","1"
"125978","Disaster One","R_Singer@disasterone.com","3012 Patterson Ave","NULL","3367848187","508710","Carpet & Rug Cleaning Equip/Supls (Whol)","NULL"," Email <---> Revenue ","193378","Disaster One","3012 Patterson Ave","Winston Salem","NC","27105","Forsyth","www.disasterone.com","3367848187","","Rath Singer","Owner","","10148000","43","152114","Fire Damage ","4","0","1"
"180350","J W Burress Inc","rabarton@jwburress.com","3760 N Liberty St","3367677419","3367676900","508206","Contractors-Equip/Supls-Dlrs/Svc (Whol)","www.jwburress.com"," Email <---> Revenue ","329501","J W Burress Inc","3760 N Liberty St","Winston Salem","NC","27105","Forsyth","www.jwburress.com","3367676900","3367677419","Rick Graves","Manager","Mal","17930000","22","508206","Contractors-","4","0","1"
"109642","Moravian Cookie Bakery","RamonaTemplin@hanescookies.com","4643 Friedberg Church Rd","3367648637","3367641402","205201","Cookies & Crackers-Manufacturers","NULL"," Email <---> Revenue ","429776","Moravian Cookie Bakery","4643 Friedberg Church Rd","Clemmons","NC","27012","Forsyth","www.hanescookies.com","3367641402","3367648637","Ramona Templin","President","Fem","16170000","55","205201","Cookies & Cr","4","0","1"
"128191","Fresh Market","rantandrave@thefreshmarket.net","223 Greenville Hwy","2394302432","8286984682","541105","Grocers-Retail","www.thefreshmarket.net"," Email <---> Revenue ","253668","Fresh Market","223 Greenville Hwy","Hendersonville","NC","28792","Henderson","www.thefreshmarket.com","8286984682","8286983322","Ronald Henderson","Manager","Mal","19760000","80","541105","Grocers-Reta","4","0","1"
"182844","IntegraGroup Corp","ray@robertspolypro.com","5416 Wyoming Ave","7045881794","7045881821","8999","Services NEC","ROBERTSPOLYPRO.COM"," Email <---> Revenue ","531833","Roberts Poly Pro Inc","5416 Wyoming Ave","Charlotte","NC","28273","Mecklenburg","","7045881794","7045881821","Allan Sutherland","President","Mal","13620000","60","308910","Plastics-Pro","4","0","1"
"104606","Carolina Cold Storage Inc","rcsadmin@richmondcold.com","16271 NC Highway 87 W","7573570351","9108627494","422202","Warehouses-Cold Storage","www.richmondcold.com"," Email <---> Revenue ","114363","Carolina Cold Storage Inc","16271 NC Highway 87 W","Tar Heel","NC","28392","Bladen","www.richmondcold.com","9108627494","9108627496","Marty Gaddy","Manager","Mal","16080000","120","422202","Warehouses-C","4","0","1"
"137259","Fresh Market","recipes@thefreshmarket.com","280 S Stratford Rd","8656713379","3367231882","541105","Grocers-Retail","www.freshmarket.com"," Email <---> Revenue ","253669","Fresh Market","280 S Stratford Rd","Winston Salem","NC","27103","Forsyth","www.thefreshmarket.com","3367231882","3367488608","Ray Berry","Manager","Mal","22230000","90","541105","Grocers-Reta","4","0","1"
"184838","Triangle Rent A Car","reservations@trianglerentacar.com","5401 Hillsborough St","9194196185","9198512555","751401","Automobile Renting","www.trianglerentacar.com"," Email <---> Revenue ","628678","Triangle Rent A Car","5401 Hillsborough St","Raleigh","NC","27606","Wake","www.trianglerentacar.com","9198512555","9198595102","Bryan Page","Manager","Mal","17700000","75","751401","Automobile R","4","0","1"
"133416","Graybar Electric Co","retailersolutions@gbe.com","1129 N 23rd St","8059673753","9107622648","506330","Electric Equipment & Supplies-Wholesale","www.graybar.com"," Email <---> Revenue ","274805","Graybar Electric Co","1129 N 23rd St","Wilmington","NC","28405","New Hanover","www.graybar.com","9107622648","9107621237","Pat Handley","Manager","Mal","15260000","20","506330","Electric Equ","4","0","1"
"177481","Vishay Roederstein Electronics","rftransceivers@vishay.com","2100 W Front St","6102960657","7048728101","367501","Electronic Capacitor (Manufacturers)","www.vishay.com"," Email <---> Revenue ","649597","Vishay Roederstein Electronics","2100 W Front St","Statesville","NC","28677","Iredell","www.vishay.com","7048728101","7048738847","Jan Klecha","Plant Mgr","Mal","13680000","80","367501","Electronic C","4","0","1"
"191949","Western Carolina Forklift Inc","rhord@wcforklift.com","6392 Burnt Poplar Rd","2522364909","3366680959","508457","Trucks-Industrial (Wholesale)","www.wcforklift.com"," Email <---> Revenue ","665479","Western Carolina Forklift Inc","6392 Burnt Poplar Rd","Greensboro","NC","27409","Guilford","www.wcforklift.com","3366680959","3366683833","David Hayes","Owner","Mal","10880000","20","508457","Trucks-Indus","4","0","1"
"134123","Mc Gee Corp","Richard.mcgee@mcgeecorp.com","12701 E Independence Blvd","7048820219","7048821500","344403","Sheet Metal Fabricators","NULL"," Email <---> Revenue ","410331","Mc Gee Corp","12701 E Independence Blvd","Matthews","NC","28105","Mecklenburg","www.mcgeecorp.com","7048821500","7048820219","Richard Mc Gee","President","Mal","15375000","75","344403","Sheet Metal ","4","0","1"
"96701","Gaia Herbs Inc","richard.scalzo@gaiaherbs.com","112 Island Ford Rd","8288835960","8288844242","019101","Farms","NULL"," Email <---> Revenue ","258651","Gaia Herbs Inc","112 Island Ford Rd","Brevard","NC","28712","Transylvania","www.gaiaherbs.com","8288844242","8288835960","Ric Scalzo","Owner","Mal","17800000","100","19101","Farms","4","0","1"
"189452","Watauga County Parks & Rec","rocky.nelson@ncmail.net","231 Complex Dr","8282658080","8282649511","799951","Provincial Parks","www.wataugacounty.org"," Email <---> Revenue ","659076","Watauga County Parks & Rec","231 Complex Dr","Boone","NC","28607","Watauga","www.wataugacounty.org","8282649511","8282649523","Stephen Poulos","President","Mal","17400000","200","799951","Parks","4","0","1"
"119487","Air Purification Inc","Ron@airpurinc.com","8121 Ebenezer Church Rd","9197873438","9197836161","507501","Air Cleaning & Purifying Equip (Whol)","NULL"," Email <---> Revenue ","20697","Air Purification Inc","8121 Ebenezer Church Rd","Raleigh","NC","27612","Wake","www.airpurinc.com","9197836161","9197873438","Ron Stumpo","President","Mal","10200000","20","507501","Air Cleaning","4","0","1"
"127289","REA Technologies Inc","Rona@reatechnologies.com","1222 Emmanuel Church Rd # 6","8284668208","8284668280","508471","Machinery-Rebuilding & Repairing (Whol)","NULL"," Email <---> Revenue ","510963","REA Technologies Inc","1222 Emmanuel Church Rd # 6","Conover","NC","28613","Catawba","www.reatechnologies.com","8284668280","8284668208","Ron Abts","Owner","Mal","11968000","22","508471","Machinery-Re","4","0","1"
"22826","Medical Specialties Inc","rriehl@medspec.com","4600 Lebanon Rd # K","7045734047","7045734040","599933","Orthopedic Appliances","NULL"," Email <---> Revenue ","414837","Medical Specialties Inc","4600 Lebanon Rd # K","Charlotte","NC","28227","Mecklenburg","www.medspec.com","7045734040","","John F Gaylord","Owner","Mal","18810000","90","599933","Orthopedic A","4","0","1"
"183545","Web Don Inc","rsc@web-don.com","1400 Ameron Dr","7043343342","7043750250","571213","Counter Tops","www.web-don.com"," Email <---> Revenue ","661640","Web Don Inc","1400 Ameron Dr","Charlotte","NC","28206","Mecklenburg","www.web-don.com","7043750250","7043343342","Don Smith","Owner","Mal","14600000","25","308902","Plastics & P","4","0","1"
"175798","Waste Management Inc","sales_mississippi@wm.com","204 Balfour Quarry Rd","2188471465","7042791121","495302","Garbage Collection","www.wm.com"," Email <---> Revenue ","658938","Waste Management Inc","204 Balfour Quarry Rd","Granite Quarry","NC","28072","Rowan","www.wm.com","7042791121","7042793999","Lee Hailey","Manager","Mal","10850000","50","495302","Garbage Coll","4","0","1"
"175669","Team Rensi","Sam@teamrensimotorsports.com","208 Rolling Hill Rd","7046581361","7046589825","552103","Automobile Dealers Performance & Race","NULL"," Email <---> Revenue ","609291","Team Rensi","208 Rolling Hill Rd","Mooresville","NC","28117","Iredell","www.teamrensimotorsports.com","7046589825","7046581361","Sam Rensi","Owner","Mal","16775000","25","552103","Automobile D","4","0","1"
"119830","Medical Specialties Mfg","sandra@medspec.com","PO Box 977","7046949060","7046942434","3842","Orthopedic","Prosthetic"," Email <---> Revenue ","414838","Medical Specialties Mfg","308 Parson St","Wadesboro","NC","28170","Anson","www.medspec.com","7046942434","7046949060","Rick Gaylord","Manager","Mal","20160000","90","384104","Physicians &","4","0","1"
"187288","Carolina International Sales","scanner-eval@cisco.com","2522 Plantation Center Dr","5154573499","7048459440","516916","Chemicals (Wholesale)","www.cisco.com"," Email <---> Revenue ","116412","Carolina International Sales","2522 Plantation Center Dr","Matthews","NC","28105","Mecklenburg","www.cisco.com","7048459440","7048455698","Keith Beaucamp","VP","Mal","10010000","10","516916","Chemicals (W","4","0","1"
"153104","Airspeed","ScottClendenin@airspeedllc.com","1000 Corporate Dr # 401","9196441221","9196441400","504503","Computers-Wholesale","NULL"," Email <---> Revenue ","21103","Airspeed","1000 Corporate Dr # 401","Hillsborough","NC","27278","Orange","www.airspeedllc.com","9196441400","9196441221","Scott Clendenin","President","Mal","17043000","19","504503","Computers-Wh","4","0","1"
"126557","Autumn House","ScottRoss@autumnhouse.com","1206 Premier Rd","8287281260","8287281121","242609","Furniture Components (Manufacturers)","NULL"," Email <---> Revenue ","50815","Autumn House","1206 Premier Rd","Granite Falls","NC","28630","Caldwell","www.autumnhouse.com","8287281121","8287281260","Scott Ross","President","Mal","10985000","65","242609","Furniture Co","4","0","1"
"179008","Anteon Corp","sderick@anteon.com","635 Sonoma Rd","8132870084","8286481482","179965","Government-Contractors","www.anteon.com"," Email <---> Revenue ","38236","Anteon Corp","635 Sonoma Rd","Waynesville","NC","28786","Haywood","www.anteon.com","8286481482","8286481484","Dick Coltman","Manager","Mal","21000000","125","179965","Government-C","4","0","1"
"184027","American Tire Distr","seminars@atd-us.com","2405 Wrightsville Ave","8042301681","9103430094","501401","Tire-Distributors","www.atd-us.com"," Email <---> Revenue ","33317","American Tire Distr","2405 Wrightsville Ave","Wilmington","NC","28403","New Hanover","www.americantiredistributors.com","9103430094","9102511735","David Willoughby","Manager","Mal","20174000","22","501401","Tire-Distrib","4","0","1"
"113734","Le Bleu Corp 5 Gallon","Smith@lebleu.com","PO Box 2093","3369984167","3369982894","549903","Water Companies-Bottled, Bulk, Etc","Bulk"," Email <---> Revenue ","375603","Le Bleu Corp 5 Gallon","3134 Cornatzer Rd","Advance","NC","27006","Davie","www.lebleu.com","3369982894","3369984167","Jerry Smith","Owner","Mal","16500000","150","549903","Water Compan","4","0","1"
"34675","Henry Wurst Inc","solutions@henrywurst.com","810 Lufkin Rd","9193628793","9193628831","275202","Printers","www.henrywurst.com"," Email <---> Revenue ","298082","Henry Wurst Inc","810 Lufkin Rd","Apex","NC","27539","Wake","www.henrywurst.com","9193628831","9193628793","Jim Herbst","VP","Mal","12160000","80","275202","Printers","4","0","1"
"195557","Constella Group","spentecost@constellagroup.com","2605 Meridian Pkwy # 200","3016825521","9195448500","873206","Research Service","www.constellagroup.com"," Email <---> Revenue ","157755","Constella Group","2605 Meridian Pkwy # 200","Durham","NC","27713","Durham","www.constellagroup.com","9195448500","9195447507","Donald Holzworth","Owner","Mal","17510000","170","873206","Research Ser","4","0","1"
"78191","Taylor-King Furniture","Starnes-Del@taylorking.com","286 County Home Rd","8286320351","8286327731","251298","Wood-Household Furn-Upholstered (Mfrs)","NULL"," Email <---> Revenue ","608704","Taylor-King Furniture","286 County Home Rd","Taylorsville","NC","28681","Alexander","www.taylorking.com","8286327731","8286320351","Del Starnes","President","Mal","22755000","185","251298","Wood-Househo","4","0","1"
"196278","United EFP","stephen.wyatt@purolator-efp.com","1022 Industry Dr","7044818253","7044827381","349601","Wire Cloth (Manufacturers)","www.unitedefp.com"," Email <---> Revenue ","639985","United EFP","1022 Industry Dr","Shelby","NC","28152","Cleveland","www.unitedefp.com","7044827381","7044818253","Bill Vaglienti","VP","Mal","11440000","80","349601","Wire Cloth (","4","0","1"
"195489","Ameri Gas Inc","strategicaccounts@amerigas.com","2331 Us Highway 13 S","5618441488","2523323917","492398","Natural Gas Transmission & Distribution","www.amerigas.com"," Email <---> Revenue ","30580","Ameri Gas Inc","2331 Us Highway 13 S","Ahoskie","NC","27910","Hertford","www.amerigas.com","2523323917","2523322205","Johnny Respass","Manager","Mal","11840000","10","492398","Natural Gas ","4","0","1"
"107658","Aramark Uniform Svc","submitproduct@aramark.com","2321 Wilkinson Blvd","6106508272","7043751705","306908","Mats & Matting-Manufacturers","www.aramark.com"," Email <---> Revenue ","40895","Aramark Uniform Svc","2321 Wilkinson Blvd","Charlotte","NC","28208","Mecklenburg","www.aramark.com","7043751705","7043750942","Dennis Tucker","Plant Mgr","Mal","21600000","100","306908","Mats & Matti","4","0","1"
"180861","Dyno Nobel","sue.sekerka@am.dynonobel.com","259 Mosswood Rd","3076372739","7045394773","516903","Explosives (Wholesale)","www.dynonobel.com"," Email <---> Revenue ","206282","Dyno Nobel","259 Mosswood Rd","Olin","NC","28660","Iredell","www.dynonobel.com","7045394773","7045395535","Bill Necker","Manager","Mal","10010000","10","516903","Explosives (","4","0","1"
"150557","Beach Vacation Properties Inc","Suelewis@beachvacationproperties.com","PO Box 1090","2522471067","2522472636","651301","Condominiums","NULL"," Email <---> Revenue ","64241","Beach Vacation Properties Inc","1904 E Fort Macon Rd","Atlantic Beach","NC","28512","Carteret","","2522472636","2522471067","Sue Lewis","Owner","Fem","13860000","70","651301","Condominiums","4","0","1"
"125837","Smurfit-Stone Container Corp","supplierzone@smurfit.com","1006 Norwalk St","7812454654","3363165080","265701","Boxes-Folding-Manufacturers","www.smurfit-stone.com"," Email <---> Revenue ","570558","Smurfit-Stone Container Corp","1006 Norwalk St","Greensboro","NC","27407","Guilford","","3363165080","3363165099","Nancy Brake","Manager","Mal","24000000","75","265701","Boxes-Foldin","4","0","1"
"64874","City Transfer and Storage","susanseaford@northstate.net","1100 Redding Drive","3368896155","3368878990","4214","Moving & storage companies","CITYTRANSFERANDSTORAGE.COM"," Email <---> Revenue ","142930","City Transfer Records Storage","1100 Redding Dr","High Point","NC","27260","Guilford","","3368896155","3368878990","Tim Lassiter","Owner","Mal","11400000","120","421401","Movers","4","0","1"
"194629","Alcan Packaging","sustainability@alcan.com","3055 Sweeten Creek Rd","6308518097","8282741611","267101","Packaging Materials-Manufacturers","www.alcan.com"," Email <---> Revenue ","22818","Alcan Packaging","3055 Sweeten Creek Rd","Asheville","NC","28803","Buncombe","www.alcan.com","8282741611","8282744957","Steve Beck","Plant Mgr","Mal","22330000","70","267101","Packaging Ma","4","0","1"
"12697","Warco Construction Inc","tburson@warcoconstruction.com","3809 Weona Ave","7045215199","7045215200","753601","Glass Coating & Tinting","NULL"," Email <---> Revenue ","657474","Warco Construction Inc","3809 Weona Ave","Charlotte","NC","28209","Mecklenburg","www.warcoconstruction.com","7045215200","7045215199","H G Warren Jr","Owner","Mal","20445000","145","753601","Glass Coatin","4","0","1"
"54750","Tru-Contour Precast Div","tcjh@vnet.net","5390 Lippard Ln","7044558701","7044551482","503208","Concrete Products (Wholesale)","NULL"," Email <---> Revenue ","630873","Tru-Contour Precast Div","2420 Lippard Lane Ext","Harrisburg","NC","28075","Cabarrus","","7044558700","7044551482","Randy Patterson","Manager","Mal","21600000","45","503208","Concrete Pro","4","0","1"
"108311","Harper Corp Of America","tdonato@harperimage.com","11625 Steele Creek Rd","9209831843","7045883371","355502","Printing Equipment-Manufacturers","www.harperimage.com"," Email <---> Revenue ","290610","Harper Corp Of America","11625 Steele Creek Rd","Charlotte","NC","28273","Mecklenburg","www.harperimage.com","7045883371","7045883819","Katherine Harper","President","Fem","24440000","130","355502","Printing Equ","4","0","1"
"82487","Unitex Chemical Corp","tech@unitexchemical.com","520 Broome Rd","3362724312","3363780965","289905","Chemicals-Manufacturers","www.unitexchemical.com"," Email <---> Revenue ","640965","Unitex Chemical Corp","520 Broome Rd","Greensboro","NC","27406","Guilford","www.unitexchemical.com","3363780965","3362724312","George W Page","President","Mal","23940000","55","289905","Chemicals-Ma","4","0","1"
"125360","L B Plastics Inc","tedd@lbplastics.com","PO Box 907","7046642989","7046631543","308904","Plastics-Extruders (Manufacturers)","NULL"," Email <---> Revenue ","366849","L B Plastics Inc","482 E Plaza Dr","Mooresville","NC","28115","Iredell","www.lbplastics.com","7046631543","7046642989","Harry Davis","President","Mal","15500000","120","308904","Plastics-Ext","4","0","1"
"197022","Tek Tone Sound & Signal","teksupt@tektone.net","277 Industrial Park Rd","8285249968","8285249967","366998","Communications Equipment Nec (Mfrs)","www.tektone-sound.com"," Email <---> Revenue ","610166","Tek Tone Sound & Signal","277 Industrial Park Rd","Franklin","NC","28734","Macon","www.tektone.net","8285249967","8285249968","Manuel Mira","Owner","Mal","24600000","75","366998","Communicatio","4","0","1"
"31563","TekTone Sound & Signal Mfg Inc","tektone@dnet.net","277 Industrial Park Rd","8285249967","8285249968","152106","Designers","MIRTEK.COM;MIRTEK.NET"," Email <---> Revenue ","610166","Tek Tone Sound & Signal","277 Industrial Park Rd","Franklin","NC","28734","Macon","www.tektone.net","8285249967","8285249968","Manuel Mira","Owner","Mal","24600000","75","366998","Communicatio","4","0","1"
"121430","Charlotte Miscellaneous Steel","Thompson@Cm-steel.Com","8629 Old Dowd Rd","7043940933","7043946626","344106","Steel-Structural (Manufacturers)","NULL"," Email <---> Revenue ","132497","Charlotte Miscellaneous Steel","8629 Old Dowd Rd","Charlotte","NC","28214","Mecklenburg","","7043946626","7043940933","Chris Thompson","President","Mal","20700000","75","344106","Steel-Struct","4","0","1"
"183858","T R Vernal Paving","TimVernal@trvernalpaving.com","6221 Mount Herman Rd","9195981329","9195988253","161101","Paving Contractors","NULL"," Email <---> Revenue ","603507","T R Vernal Paving","6221 Mount Herman Rd","Durham","NC","27703","Durham","www.trvernalpaving.com","9195988253","9195981329","Tim Vernal","Owner","Mal","11750000","50","161101","Paving Contr","4","1","1"
"35351","Tencarva Machinery Co Wrhse","tmc.ric@tencarva.com","1115 Pleasant Ridge Rd","7575482408","3362175557","508427","Machinery-New (Wholesale)","www.tencarva.com"," Email <---> Revenue ","610858","Tencarva Machinery Co Wrhse","1115 Pleasant Ridge Rd","Greensboro","NC","27409","Guilford","www.tencarva.com","3362175557","3366659585","Ed Pearce","Manager","Mal","21760000","40","508427","Machinery-Ne","4","0","1"
"91949","Rockwell Farms","Tom@rockwellfarms.com","6055 Highway 152 E","7042798573","7042795589","503924","Greenhouses-Wholesale","NULL"," Email <---> Revenue ","533341","Rockwell Farms","6055 Highway 152 E","Rockwell","NC","28138","Rowan","www.rockwellfarms.com","7042795589","7042798573","Tom Abramowski","Owner","Mal","21600000","60","503924","Greenhouses-","4","0","1"
"108384","Colonial Tin Works","TomL@colonialtin.com","7609 Canoe Rd","3366687636","3366684126","344403","Sheet Metal Fabricators","NULL"," Email <---> Revenue ","152156","Colonial Tin Works","7609 Canoe Rd","Greensboro","NC","27409","Guilford","www.colonialtin.com","3366684126","3366687636","Tom La Rose","President","Mal","10250000","50","344403","Sheet Metal ","4","0","1"
"131169","Redwoods Group","Trapani@redwoodsgroup.com","2801 Slater Rd # 110","9194629727","9194629730","871120","Engineers-Environmental","NULL"," Email <---> Revenue ","519620","Redwoods Group","2801 Slater Rd # 110","Morrisville","NC","27560","Wake","www.redwoodsgroup.com","9194629730","9194629727","Kevin A Trapani","President","Mal","12420000","60","871120","Engineers-En","4","0","1"
"27206","Truline Truss; Inc","truline@skybest.com","3255 U.S. Hwy 21 South - Sparta","3363722226","null","5211","Building materials","trulinetruss.com"," Email <---> Revenue ","631372","Truline Truss Inc","3225 US Highway 21 S","Sparta","NC","28675","Alleghany","www.trulinetruss.com","3363722226","3363728420","Clint Bledsaul","President","Mal","16900000","100","243901","Trusses (Man","4","0","1"
"144594","W T Humphrey Inc","tsumner@wthumphrey.com","2421 N Marine Blvd","9104558355","9104553555","171103","Sheet Metal Work Contractors","NULL"," Email <---> Revenue ","652046","W T Humphrey Inc","2421 N Marine Blvd","Jacksonville","NC","28546","Onslow","www.humphreyheating.com","9104553555","9104558355","William T Humphrey","Owner","Mal","10500000","25","171103","Sheet Metal ","4","0","1"
"195925","Wackenhut Corp","username@wackenhut.com","2501 Aerial Center Pkwy # 215","8504940868","9194639190","738102","Security Guard & Patrol Service","www.wackenhut.com"," Email <---> Revenue ","654069","Wackenhut Corp","2501 Aerial Center Pkwy # 215","Morrisville","NC","27560","Wake","www.wackenhut.com","9194639190","9194639185","Sam Moore","Manager","Mal","16000000","400","738102","Security Gua","4","0","1"
"156660","Weyerhaeuser Co","utilpolesuntreated@weyerhaeuser.com","2000 Frontis Plaza Blvd # 101","5417463444","3366592900","503114","Building Materials-Wholesale","www.weyerhaeuser.com"," Email <---> Revenue ","666595","Weyerhaeuser Co","2000 Frontis Plaza Blvd # 101","Winston Salem","NC","27103","Forsyth","www.weyerhaeuser.com","3366592900","3367685688","Richard Kreider","Manager","Mal","13552000","16","503114","Building Mat","4","0","1"
"109697","Transport Clearings East Inc","vwhetzel@tceast.com","210 E Woodlawn Rd # 210","7045271851","7045271820","615301","Factors","www.tceast.com"," Email <---> Revenue ","625010","Transport Clearings East Inc","210 E Woodlawn Rd # 210","Charlotte","NC","28217","Mecklenburg","www.tceast.com","7045271820","7045271851","D B Chess","Manager","Mal","11880000","30","615301","Factors","4","0","1"
"11142","Scurry Construction Inc","w@scurryconstruction.com","PO Box 548","7048955410","7048953803","161103","Grading Contractors","NULL"," Email <---> Revenue ","553132","Scurry Construction Inc","18606 Northline Dr","Cornelius","NC","28031","Mecklenburg","www.scurryconstruction.com","7048953803","7048955410","W Scurry","Owner","Mal","23500000","100","161103","Grading Cont","4","0","1"
"53661","Lantal Textiles Inc","wayne.stonestreet@lantaltextiles.com","PO Box 965","3369692833","3369699551","222101","Textile Mills","NULL"," Email <---> Revenue ","372445","Lantal Textiles Inc","1300 Langenthal Dr","Rural Hall","NC","27045","Forsyth","www.lantaltextiles.com","3369699551","3369692833","Scott Walker","President","Mal","13575000","75","222101","Textile Mill","4","0","1"
"23057","Levy Restaurants","webadmin@levyrestaurants.com","100 N Tryon St # 3550","7043766726","7043310078","596305","Food Service-Management","www.levyrestaurants.com"," Email <---> Revenue ","379898","Levy Restaurants","100 N Tryon St # 3550","Charlotte","NC","28202","Mecklenburg","www.levyrestaurants.com","7043310078","7043442563","Steve Seitz","President","Mal","23400000","150","596305","Food Service","4","0","1"
"11446","Chatham Steel Corp","webfeedback@chathamsteel.com","2702 Cheek Rd","9196820322","9196823388","331204","Steel Processing","www.chathamsteel.com"," Email <---> Revenue ","133644","Chatham Steel Corp","2702 Cheek Rd","Durham","NC","27704","Durham","www.chathamsteel.com","9196823388","9196820322","Bob Spell","Manager","Mal","24160000","40","331204","Steel Proces","4","0","1"
"123103","Thomas & Howard Co","wfrayer@tohoco.com","812 Post St","NULL","3362735515","514105","Grocers-Wholesale","NULL"," Email <---> Revenue ","613835","Thomas & Howard Co","812 Post St","Greensboro","NC","27405","Guilford","","3362735515","","Maurice Wentz","President","Mal","13700000","35","514105","Grocers-Whol","4","0","1"
"73210","Wilson Iron Works Inc","wiw@simflex.com","208 Lodge St S","2522919917","2522914465","359903","Machine Shops","www.wilsonironworks.com"," Email <---> Revenue ","674043","Wilson Iron Works Inc","208 Lodge St S","Wilson","NC","27893","Wilson","www.wilsonironworks.com","2522914465","2522919917","Douglas Beamon","Manager","Mal","10855000","65","359903","Machine Shop","4","0","1"
"69012","Mutual Distributing Co","wkennedy@mutual-distributing.com","301 Industrial Dr","2526728469","2526728462","518101","Beer & Ale-Wholesale","NULL"," Email <---> Revenue ","438018","Mutual Distributing Co","301 Industrial Dr","New Bern","NC","28562","Craven","www.mutualdistributing.com","2526728462","2526728469","Bobby Benett","Owner","Mal","20040000","30","518101","Beer & Ale-W","4","0","1"
"177766","Waste Management Inc","wmezpay@wm.com","2712 Lowell Rd","7018392565","7048242011","495302","Garbage Collection","www.wm.com"," Email <---> Revenue ","658942","Waste Management Inc","2712 Lowell Rd","Gastonia","NC","28054","Gaston","www.wastemanagement.com","7048242011","7048245862","Joe Swinford","Manager","Mal","13100000","100","495302","Garbage Coll","4","0","1"
"162091","Morton Metalcraft Co","wmorton@mortonmetalcraft.com","PO Box 729","3367318005","3367318417","179104","Metal Fabricators","NULL"," Email <---> Revenue ","431383","Morton Metalcraft Co","835 Salem Rd","Welcome","NC","27374","Davidson","","3367318417","3367318005","Charles Crump","President","Mal","19110000","130","179104","Metal Fabric","4","0","1"
"191916","Piedmont Medical","Wurdeman@piedmontmedicalinc.com","500 W Kapp St","3363861041","3363861040","504704","Physicians & Surgeons Equip & Supls-Whol","NULL"," Email <---> Revenue ","486492","Piedmont Medical","500 W Kapp St","Dobson","NC","27017","Surry","www.piedmontmedicalinc.com","3363861040","3363861041","Byron Wurdeman","Owner","Mal","15548000","26","504704","Physicians &","4","0","1"
"123259","Greer Laboratories Inc","WWhite@greerlabs.com","PO Box 800","8287545320","8287545327","283601","Biological Products (Manufacturers)","NULL"," Email <---> Revenue ","277872","Greer Laboratories Inc","639 Nuway Cir","Lenoir","NC","28645","Caldwell","www.greerlabs.com","8287545327","8287545320","John Roby","President","Mal","10500000","206","283601","Biological P","4","0","1"
