mail id,company,email,address,phone,fax,sic,sic description,web,,revenue id,company,address,city,state,zip,	metro,web,phone,fax,contact,position,gender,sales,# of employee,sic,sic_descrpiton,	,,
"184453","SOUTHEASTERN Petroleum Systems","Blair@sepsusa.com","101 Lawton Rd","7043943170","7043943178","517202","Service Station Equipment (Wholesale)","NULL"," Email <---> Revenue ","543538","SOUTHEASTERN Petroleum Systems","101 Lawton Rd","Charlotte","NC","28216","Mecklenburg","www.sepsusa.com","7043943178","7043943170","Blair Shwedo","Owner","Mal","97266000","29","517202","Service Stat","6","0","1"
"30086","St Timothy Chair Co","sttimothyinfo@sttimothychair.com","307 Simpson St SW","8283229156","8283227125","259901","Furniture-Manufacturers","NULL"," Email <---> Revenue ","583789","St Timothy Chair Co","307 Simpson St SW","Conover","NC","28613","Catawba","www.sttimothychair.com","8283227125","8283229156","Tommy Shores","President","Mal","72200000","475","259901","Furniture-Ma","6","0","1"
"130610","Tryon Distributing Co","brad@tryondist.com","4701 Stockholm Ct","7043342563","7043340849","518203","Wines-Wholesale","NULL"," Email <---> Revenue ","631546","Tryon Distributing Co","4701 Stockholm Ct","Charlotte","NC","28273","Mecklenburg","www.tryondist.com","7043340849","7043342563","Bradley Johnston","CEO","Mal","85200000","80","518203","Wines-Wholes","6","0","1"
"162687","AVX Corp","gib@avxcorp.com","3900 Electronics Dr","9198786470","9198786200","367501","Electronic Capacitor (Manufacturers)","www.avxcorp.com"," Email <---> Revenue ","11033","AVX Corp","3900 Electronics Dr","Raleigh","NC","27604","Wake","www.avxcorp.com","9198786200","9198786470","Drew Miller","Plant Mgr","Mal","81600000","400","367901","Electronic E","6","0","1"
"194620","Mc Naughton Mc Kay Electric","lloydj@mc-mc.com","1000 Newman Rd","2526334529","2526334929","506330","Electric Equipment & Supplies-Wholesale","www.mc-mc.com"," Email <---> Revenue ","411100","Mc Naughton Mc Kay Electric","1000 Newman Rd","New Bern","NC","28562","Craven","www.mc-mc.com","2526334929","2526334529","Greg Littleton","Manager","Mal","25000000","28","506330","Electric Equ","5","0","1"
"188015","Veneer Technologies; Inc","bmorgan@veneertech.com","P.O. Box 1145","2522235600","null","8999","Services NEC","VENEERTECH.COM^^VENEERTECH.NET"," Email <---> Revenue ","645995","Veneer Technologies Inc","3337 W Railroad Blvd","Newport","NC","28570","Carteret","www.veneertech.net","2522235600","2522233511","C Waygoldt","Owner","Mal","25800000","100","521112","Plywood & Ve","5","0","1"
"78371","Eastern Skateboard Supply Inc","RBarnes@easternskatesupply.com","6612 Amsterdam Way","9107910609","9107918240","509157","Skateboards & Equipment-Wholesale","NULL"," Email <---> Revenue ","211194","Eastern Skateboard Supply Inc","6612 Amsterdam Way","Wilmington","NC","28405","New Hanover","www.easternskateboardsupply.com","9107918240","9107910609","Reggie Barnes","Owner","Mal","33500000","50","509157","Skateboards ","5","0","1"
"183242","Budd Group","it@buddgroup.com","2325 S Stratford Rd","7043341497","3367657690","721704","Carpet & Rug Cleaners","www.buddgroup.com"," Email <---> Revenue ","94104","Budd Group","1000 Ambel Dr","Winston Salem","NC","27103","Forsyth","www.buddgroup.com","3367657690","3367681628","Joseph R Budd","CEO","Mal","35000000","40","734902","Janitor Serv","5","0","1"
"89892","KIMLEY-HORN & ASSOCIATES","steven.read@kimley-horn.com","3001 WESTON PARKWAY","9196772000","null","8999","Services NEC","JKHMOBILITYSERVICES.COM^^KIMLEY-HORN.BIZ"," Email <---> Revenue ","360964","Kimley-Horn & Assoc","3001 Weston Pkwy","Cary","NC","27513","Wake","www.kimley-horn.com","9196772000","9196772050","Bob Wright","CEO","Mal","38000000","200","871111","Engineers-Co","5","0","1"
"27717","Comer Inc","aperry@comerinc.com","PO Box 410305","7045882222","7045888400","356601","Gears & Gear Cutting (Manufacturers)","NULL"," Email <---> Revenue ","153027","Comer Inc","PO Box 410305","Charlotte","NC","28241","Mecklenburg","www.comerinc.com","7045877508","7045882222","Arlind Perry","President","","36000000","28","356601","Gears & Gear","5","0","1"
"145078","Doorcraft Of North Carolina","customerserviceagents@jeld-wen.com","647 Hargrave Rd # D","3369563064","3369561105","521131","Doors","www.jeld-wen.com"," Email <---> Revenue ","199421","Doorcraft Of North Carolina","647 Hargrave Rd # D","Lexington","NC","27292","Davidson","www.jeld-wen.com","3369561105","3369562735","Darren Skiles","Manager","Mal","18834000","73","521131","Doors","4","0","1"
"168066","Professional Mail Svc Inc","rhamilton@mailpros.com","5608 Spring Ct","9198780141","9198769651","733101","Mailing & Shipping Services","NULL"," Email <---> Revenue ","501490","Professional Mail Svc Inc","5608 Spring Ct","Raleigh","NC","27616","Wake","www.mailpros.com","9198764898","9198780141","Rita Hamilton","Owner","Fem","15750000","75","733101","Mailing & Sh","4","0","1"
"186798","Superior Cranes Inc","sdenson@superiorcranes.com","793 N Us Highway 220","9109977705","9109977700","735301","Crane Service","www.superiorcranes.com"," Email <---> Revenue ","598670","Superior Cranes Inc","793 N Us Highway 220","Rockingham","NC","28379","Richmond","www.superiorcranes.com","9109977700","9109977705","Joe Everett","President","Mal","11220000","60","735301","Crane Servic","4","0","1"
"69283","John Owen Sales Co","jowen@josco.net","1300 Matthews Mint Hill Rd","7048476991","7048474777","509908","Manufacturers-Agents & Representatives","NULL"," Email <---> Revenue ","344421","John Owen Sales Co","1300 Matthews Mint Hill Rd","Matthews","NC","28105","Mecklenburg","www.josco.net","7048474777","7048476991","Jeff L Owen","Owner","Mal","18880000","20","509908","Manufacturer","4","0","1"
"182572","Massey Co","rporter@themasseycompany.com","500 E Central Ave","7048278979","7048279661","508513","Valves-Wholesale","www.themasseycompany.com"," Email <---> Revenue ","406052","Massey Co","500 E Central Ave","Mt Holly","NC","28120","Gaston","www.themasseycompany.com","7048279661","7048278979","Thad Chesson","Owner","Mal","14250000","25","508513","Valves-Whole","4","0","1"
"186296","Lowes Food Store","wecare@lowesfoods.com","5051 Main St","9107548225","9107548225","541105","Grocers-Retail","www.lowesfood.com"," Email <---> Revenue ","390352","Lowes Food Store","5051 Main St","South Brunswick","NC","28470","Brunswick","www.lowesfood.com","9107548225","9107549375","Paula Burgun","Manager","Fem","13650000","75","541105","Grocers-Reta","4","0","1"
"196899","Sunbelt PC","mellis@sunbeltrentals.com","531 W Firetower Rd","6189314392","2523531251","737701","Computers-Renting & Leasing","www.sunbeltrentals.com"," Email <---> Revenue ","596767","Sunbelt PC","531 W Firetower Rd","Winterville","NC","28590","Pitt","www.sunbeltrentals.com","2523531251","2527564129","Randy Gentry","Manager","Mal","10686000","13","737701","Computers-Re","4","0","1"
"190816","United Therapeutics Corp","rta@unither.com","1 Park Dr # 4","7812357241","9194858350","283401","Drug-Manufacturers","www.unither.com"," Email <---> Revenue ","640784","United Therapeutics Corp","1 Park Dr # 4","Resrch Trngle Pk","NC","27709","Durham","www.unither.com","9194858350","9194858352","Roger Jeffs","President","Mal","24640000","32","283401","Drug-Manufac","4","0","1"
"179165","HILE Associates","hile@hile.com","2401 Oak Hill Drive","3362881500","null","8999","Services NEC","hile.com"," Email <---> Revenue ","302659","Hile Associates Inc","2401 Oak Hill Dr","Greensboro","NC","27408","Guilford","www.hile.com","3362881500","","John R Hile","Owner","Mal","8496000","9","509908","Manufacturer","3","0","1"
"23647","AUTOPALACE.COM","madden@rhtc.net","3842 W Highway 74","NULL","7042610080","551103","Automobile Dealers-Used Cars","NULL"," Email <---> Revenue ","10998","AUTOPALACE.COM","3842 W Highway 74","Monroe","NC","28110","Union","www.autopalace.com","7042610080","","Thomas Keating","Owner","Mal","6470000","10","551103","Automobile D","3","1","1"
"56989","MACO Incorporated","todd@macoincorporated.com","2522 S White Oak Dr","7044346800","null","346206","Coined Parts","MACOINCORPORATED.COM"," Email <---> Revenue ","396476","Maco Inc","521 Plato Lee Rd","Shelby","NC","28150","Cleveland","","7044346800","7044347841","Mike Melton","President","Mal","5000000","25","179104","Metal Fabric","3","0","1"
"168931","Classic Coffees Roasting Co","vojta@stocktongraham.com","4320 Delta Lake Dr # 199","9198810746","9198818271","514905","Coffee & Tea-Wholesale","NULL"," Email <---> Revenue ","144345","Classic Coffees Roasting Co","4320 Delta Lake Dr # 199","Raleigh","NC","27612","Wake","www.stocktongraham.com","9198818271","9198810746","Jeff Vojta","Owner","Mal","9672000","13","209501","Coffee & Tea","3","0","1"
"164410","Shat R Shield Inc","bnolan@shatrshield.com","116 Ryan Patrick Dr","7046333420","7046332100","364501","Lighting Equipment-Manufacturers","NULL"," Email <---> Revenue ","559011","Shat R Shield Inc","116 Ryan Patrick Dr","Salisbury","NC","28147","Rowan","","7046332100","7046333420","Bob Nolan","Owner","Mal","8132000","38","364501","Lighting Equ","3","0","1"
"185312","Flowserve Corp","interactivemarketing@flowserve.com","12737 E Independence Blvd # B","3106084540","7048476906","305398","Gaskets-Packing & Sealing Devices (Mfrs)","www.flowserve.com"," Email <---> Revenue ","245298","Flowserve Corp","12737 E Independence Blvd # B","Matthews","NC","28105","Mecklenburg","www.flowserve.com","7048476906","7048472389","","","","6784000","32","305398","Gaskets-Pack","3","0","1"
"122847","Lampkin Property Management","mark@orbita.net","1205 Culbreth Drive","9102565300","-","522310","BUILDING MATERIALS, HARDWARE, GARDEN SUPPLY, AND MOBILE HOME DEALERS","NAMB"," Email <---> Revenue ","464770","Orbita Corp","1205 Culbreth Dr # 100","Wilmington","NC","28405","New Hanover","www.orbita.net","9102565300","9102565356","Karen Lampkin","VP","Fem","5346000","18","387305","Watch Dials ","3","0","1"
"47016","Adams Wood Turning Inc","turnings@adamswoodturning.com","216 Woodbine St","3368413743","3368847344","242602","Wood-Turning","NULL"," Email <---> Revenue ","15776","Adams Wood Turning Inc","216 Woodbine St","High Point","NC","27260","Guilford","","3368847344","3368413743","Walter S Blackburn","Owner","Mal","9100000","50","242602","Wood-Turning","3","0","1"
"179939","Aramark","warner-doug@aramark.com","2809 Firestone Dr # A","2812922027","3362743216","596305","Food Service-Management","www.aramark.com"," Email <---> Revenue ","40915","Aramark","2809 Firestone Dr # A","Greensboro","NC","27406","Guilford","www.aramark.com","3362743216","3363738953","Bruce Mc Callon","Manager","Mal","5304000","34","596305","Food Service","3","0","1"
"118094","Pump Co","dkovach@thepumpco.com","4725 Stockholm Ct","7045539522","7045521414","508444","Pumps (Wholesale)","www.thepumpco.com"," Email <---> Revenue ","504254","Pump Co","4725 Stockholm Ct","Charlotte","NC","28273","Mecklenburg","www.thepumpco.com","7045521414","7045539522","Charles Wunner","Owner","Mal","5984000","11","508444","Pumps (Whole","3","0","1"
"77965","LA Events LLC","luquire@lga-advertising.com","4201 Congress St Ste 400","7045526565","null","731999","Advertising Nec","la2events.com"," Email <---> Revenue ","391969","Luquire George Andrews Inc","4201 Congress St # 400","Charlotte","NC","28209","Mecklenburg","www.lga-advertising.com","7045526565","7045521972","Steve Luquire","President","Mal","8987000","43","731101","Advertising-","3","0","1"
"140991","Glueworks Entertainment","Rick@thefilmfoundry.com","1930 Camden Rd # 2070","7043319201","7043754321","781208","Film Studio Production Facilities","NULL"," Email <---> Revenue ","268583","Glueworks Entertainment","1930 Camden Rd # 2070","Charlotte","NC","28203","Mecklenburg","www.thefilmfoundry.com","7043754321","7043319201","Rick Eddridge","President","Mal","7222000","23","781208","Film Studio ","3","0","1"
"187414","Executive Valet Svc","ufirst@unifirst.com","1821 Dawson St","8036951450","9107630184","721202","Valet Service","www.unifirst.com"," Email <---> Revenue ","227739","Executive Valet Svc","1821 Dawson St","Wilmington","NC","28403","New Hanover","www.unifirst.com","9107630184","","Ben Childers","Owner","Mal","5880000","98","721202","Valet Servic","3","0","1"
