"GAMING PARTNERS INTL CORP","7023842425","1700 INDUSTRIAL RD","LAS VEGAS","57100000","GERARD P CHARLIER","Chief Executive Office","M","13073","P","Paul-Son Gaming Corp","info@paulsongaming.com","1700 South Industrial Road","Las Vegas","NV","89102","7023842425","7023841965","359915","Industrial Equipment & Supplies","http://www.paulsongaming.com","11","0"
"SOUTHERN NEVADA PAVING INC","7028765226","3920 W HACIENDA AVE","LAS VEGAS","57200000","PAT WARD","Chief Executive Office","M","56869","S","Southern Nevada Paving Inc","info@snpaving.com","3920 W Hacienda Ave","Las Vegas","NV","89118","7028766808","7028765226","161101","Paving Contractors","NULL","11","0"
"CARPETERIA INC","7024584727","3520 E TROPICANA AVE STE A","LAS VEGAS","60000000","CY GOLESTANI","Manager","M","59209","C","Carpeteria Inc","returns@carpeteria.com","3520 E Tropicana Ave # A","Las Vegas","NV","89121","5106154794","7024584727","571305","Carpet & Rug Dealers-New","www.carpeteria.com","11","0"
"CALIFORNIA CLOSET CO","7758278282","5301 LONGLEY LN STE 14","RENO","54300000","DAVID WILHOYTE","Owner","M","61576","C","California Closet Co","noreply@calclosets.com","5301 Longley Ln # 14","Reno","NV","89511","3178491762","7758278282","239210","Closet Accessories-Manufacturers","www.calclosets.com","11","0"
"Z GALLERIE","7026969733","3200 LAS VEGAS BLVD S STE 2360","LAS VEGAS","52000000","MIKE ZIDEN","Manager","M","80140","Z","Z Gallerie","careers@zgallerie.com","3200 Las Vegas Blvd S # 2360","Las Vegas","NV","89109","3178180933","7026969733","521168","Home Accessories & Furnishings","www.zgallerie.com","11","0"
"Protection One Alarm Monitor","7027310055","353 Pilot Rd # B","Las Vegas","55930000","Brian Collignon","Manager","Mal","81550","P","Protection One Alarm Monitor","customerservice@protectionone.com","353 Pilot Rd # B","Las Vegas","NV","89119","7855756511","7027310055","506324","Burglar Alarm Systems (Wholesale)","www.ProtectionOne.com","11","0"
"TOURNEAU INC","7027328463","3500 LAS VEGAS BLVD S","LAS VEGAS","50000000","KENNETH OBERMEYER","Executive Director","M","84717","T","Tourneau Inc","customerservice@tourneau.com","3500 Las Vegas Blvd S","Las Vegas","NV","89109","7027314625","7027328463","594409","Jewelers-Retail","www.tourneau.com","11","0"
