mail id,company,email,address,phone,fax,sic,sic description,web,,revenue id,company,address,city,state,zip,	metro,web,phone,fax,contact,position,gender,sales,# of employee,sic,sic_descrpiton,	,,
"137271","Wazee Electric Inc","nsena@wazeeelectric.com","2020 W Barberry Pl","3036232097","3036238658","506333","Electric Motors-Dlrs/Repairing (Whol)","www.wazeeelectric.com"," Email <---> Revenue ","534234","Wazee Electric Inc","2020 W Barberry Pl","Denver","CO","80204","Denver","www.wazeeelectric.com","3036238658","3036232097","Curt Armstrong","President","Mal","26320000","40","506333","Electric Mot","5","0","1"
"78017","ENGINEERED Data Products Inc","peter.howard@edp-usa.com","2550 W Midway Blvd","3034654936","3034652800","573404","Computer Furniture","NULL"," Email <---> Revenue ","313823","ENGINEERED Data Products Inc","2550 W Midway Blvd","Broomfield","CO","80020","Broomfield","www.edp-usa.com","3034652800","3034654936","Hal Harvey","CEO","Mal","30000000","300","573404","Computer Fur","5","0","1"
"124717","Schmidt Aggregates","R.Ruhoe@schmidtconstruction.com","2635 Delta Dr","7193924245","7193924200","503211","Sand & Gravel (Wholesale)","NULL"," Email <---> Revenue ","165430","SCHMIDT AGGREGATES","2635 DELTA DR","COLORADO SPGS","CO","80910","El Paso","","7193924200","","RON RUHOE","Chief Executive Office","M","34000000","170","503200","Brick,Stone,","5","0","1"
"135870","L L Johnson Distributing Co","randrews@lljohnson.com","4700 Holly St","3033558250","3033201270","526106","Landscaping Equipment & Supplies","www.lljohnson.com"," Email <---> Revenue ","390037","L L Johnson Distributing Co","4700 Holly St","Denver","CO","80216","Denver","www.lljohnson.com","3033201270","3033558250","Jim Johnson","President","Mal","30900000","50","526106","Landscaping ","5","0","1"
"142423","American Adventure Expeditions","Ray@arkpaddler.com","228 N F St","7195392472","7195392874","555111","Rafts-Dealers","NULL"," Email <---> Revenue ","225007","American Adventure Expeditions","228 N F St","Salida","CO","81201","Chaffee","www.arkpaddler.com","7195392874","7195392472","Ray Kitson","Owner","Mal","33200000","100","555111","Rafts-Dealer","5","0","1"
"116793","Lakewood Fordland","rloftis@fordland1.com","11000 W Colfax Ave","3032373678","3032322200","551103","Automobile Dealers-Used Cars","NULL"," Email <---> Revenue ","111994","LAKEWOOD FORDLAND","11595 W 6TH AVE","DENVER","CO","80215","Jefferson","","3032322200","","ROBERT LEDEL","Chief Executive Office","M","40400000","100","551100","New & Used C","5","0","1"
"118257","Fallon Floors","samfloor@rmi.net","332 S Santa Fe Avenue","7195449485","null","175299","Floor Laying Contractor","carpetone.com"," Email <---> Revenue ","35891","CARPET ONE SAMS FLOOR COVRINGS","332 S SANTA FE AVE","PUEBLO","CO","81003","Pueblo","","7195449485","","REGINA DRURY","President","F","26000000","10950","571301","Carpets","5","0","1"
"114214","Brighton Ford","SampsonJ@brightonford.com","PO Box 468","3036593809","3036593434","551103","Automobile Dealers-Used Cars","NULL"," Email <---> Revenue ","255161","Brighton Ford","190 W Bromley Ln","Brighton","CO","80601","Adams","www.brightonfordco.com","3036593434","3036593809","Jack Sampson","Owner","Mal","32350000","50","551103","Automobile D","5","1","1"
"100415","ILOKA Inc","skrattli@microtech-tel.com","4643 S Ulster St # 1200","3033731077","3033734444","506563","Telecommunication Equip/Syst-Whol/Mfrs","www.microtech-tel.com"," Email <---> Revenue ","365431","ILOKA Inc","4643 S Ulster St # 1200","Denver","CO","80237","Arapahoe","www.microtech-tel.com","3033734444","3033731077","Sam Kumar","Owner","Mal","48480000","48","506563","Telecommunic","5","0","1"
"129587","United Power Inc","so@unitedpower.com","18551 E 160th Ave","3036592172","3036590551","491101","Electric Companies","www.unitedpower.com"," Email <---> Revenue ","524766","United Power Inc","18551 E 160th Ave","Brighton","CO","80601","Adams","www.unitedpower.com","3036590551","3036592172","Robert Broderick","CEO","Mal","32400000","130","491101","Electric Com","5","0","1"
"137216","Boulder Scientific Co","srhanna@bouldersci.com","598 3rd St","9705354584","9705356000","289905","Chemicals-Manufacturers","www.bouldersci.com"," Email <---> Revenue ","252682","Boulder Scientific Co","598 3rd St","Mead","CO","80542","Weld","www.bouldersci.com","9705356000","9705354584","John Birmingham","President","Mal","30012000","82","289905","Chemicals-Ma","5","0","1"
"83790","Aspen Petroleum Products","Terrance@aspenpetroleumproducts.com","2121 S Oneida St # 625","3037824938","3037824928","517210","Gasoline & Oil-Wholesale","NULL"," Email <---> Revenue ","234329","Aspen Petroleum Products","2121 S Oneida St # 625","Denver","CO","80224","Denver","www.aspenpetroleumproducts.com","3037824928","3037824938","Terrance Tschatschula","Owner","Mal","30186000","9","517210","Gasoline & O","5","0","1"
"45268","Wylaco Supply Co","terry.carpenter@cmworks.com","315 Vallejo St","3037333401","3037788201","508206","Contractors-Equip/Supls-Dlrs/Svc (Whol)","NULL"," Email <---> Revenue ","543747","Wylaco Supply Co","315 Vallejo St","Denver","CO","80223","Denver","www.wylaco.com","3037788201","3037333401","Terry Carpenter","Owner","Mal","26640000","40","508206","Contractors-","5","0","1"
"44973","Group Publishing","thom.schultz@grouppublishing.com","NULL","9706693269","970-669-3836","2731","Books: Publishing","or Publishing and Printing (except music books and Internet book publishing)"," Email <---> Revenue ","349998","Group Publishing","P.O. BOX 481","Loveland","CO","80539","Larimer","","9706693836","","Thom Schultz","President","mal","43000000","257","273100","Publishes Re","5","0","1"
"76720","Montrose Ford-Lincoln Mercury","ThomasA@montrosefordsouth.com","100 Merchant Dr","9702495467","9702494576","551103","Automobile Dealers-Used Cars","NULL"," Email <---> Revenue ","420828","Montrose Ford-Lincoln Mercury","100 Merchant Dr","Montrose","CO","81401","Montrose","","9702494576","9702495467","Thomas Abbott","Owner","Mal","32350000","50","551103","Automobile D","5","1","1"
"9452","Villa Pizza","Tim@villapizza.com","100 Oval","9704932311","9704079290","581222","Pizza","NULL"," Email <---> Revenue ","195021","VILLA PIZZA","100 OVAL","FORT COLLINS","CO","80523","Larimer","","9704079290","","TIM BUTLER","Owner","M","40000000","2337","581243","Quick Serv P","5","0","1"
"113754","W L Contractors","Toni-Winkler@teamwl.com","6435 W 55th Ave","3034223026","3034227985","506355","Traffic Signs Signals & Equip-Whol","NULL"," Email <---> Revenue ","531368","W L Contractors","6435 W 55th Ave","Arvada","CO","80002","Jefferson","www.teamwl.com","3034227985","3034223026","Toni Winkler","President","Fem","46060000","70","506355","Traffic Sign","5","0","1"
"103161","Split Rail Fence Co Inc","vbernhart@splitrailfencecompany.com","8065 W Brandon Dr","3037911986","3037911997","503903","Fence (Wholesale)","NULL"," Email <---> Revenue ","495310","Split Rail Fence Co Inc","8065 W Brandon Dr","Littleton","CO","80125","Douglas","www.splitrailfencecompany.com","3037911997","3037911986","Tom Barenberg","CEO","Mal","36000000","100","503903","Fence (Whole","5","0","1"
"145082","Beaver Run Resort & Conference","webadmin@premier-resorts.com","620 Village Rd","9704760802","9704536000","701111","Resorts","www.manorvail.com"," Email <---> Revenue ","243573","Beaver Run Resort & Conference","620 Village Rd","Breckenridge","CO","80424","Summit","www.beaverrun.com","9704536000","9704539351","Joe Shackleton","Manager","Mal","30000000","400","701111","Resorts","5","1","1"
"87799","Industrial Chemicals Corp","wilsonb@industrialchemcorp.com","4631 W 58th Ave","3034272091","3034272727","516916","Chemicals (Wholesale)","NULL"," Email <---> Revenue ","97957","INDUSTRIAL CHEMICALS CORP","4631 W 58TH AVE","ARVADA","CO","80002","Adams","","3034272727","","ROBERT L WILSON","President","M","25900000","186","281200","Alkalies & C","5","0","1"
"87321","American Legion","www.johnw@kftm.net","1150 Pine St","3036666314","3036666314","864102","Veterans'' & Military Organizations","www.coloradolegionbaseball.org"," Email <---> Revenue ","12444","AMERICAN LEGION","1150 PINE ST","LOUISVILLE","CO","80027","Boulder","","3036666314","","GIL SIBAYAN","Manager","M","29400000","34762","864102","Vet/Mil Org","5","0","1"
"150710","Personal Assistance Svc Of Co","yvette@pascohh.com","6015 W 16th Ave","3032331478","3032333122","808201","Home Health Service","www.pascohh.com"," Email <---> Revenue ","144483","PERSONAL ASSISTANCE SVC OF CO","6015 W 16TH AVE","LAKEWOOD","CO","80214","Jefferson","","3032334056","","BARRY ROSENBERG","Owner","M","38000000","400","808200","Home Health ","5","0","1"
"67938","Jordy Carter","C-J@jordycarter.com","1212 S Broadway # 100","NULL","3037446106","502112","Office Furniture & Equip-Dealers (Whol)","NULL"," Email <---> Revenue ","379849","Jordy Carter","1212 S Broadway # 100","Denver","CO","80210","Denver","www.jordycarter.com","3037446106","","Charles Jordy","Owner","Mal","28550000","50","502112","Office Furni","5","0","1"
"5583","Klode Salvage Distribution Ctr","D.Rick@klode.com","8300 Blakeland Dr","3034705447","3034705511","501204","Automobile Auctions (Wholesale)","NULL"," Email <---> Revenue ","387810","Klode Salvage Distribution Ctr","8300 Blakeland Dr","Littleton","CO","80125","Douglas","www.klode.com","3034705511","3034705447","Rick Dendorfer","Owner","Mal","25000000","25","501204","Automobile A","5","1","1"
"29802","Tri-R Recycling & Shredding","David.Powelson@trirrecycling.com","3600 E 48th Ave","NULL","3033996351","509312","Recycling Centers (Wholesale)","NULL"," Email <---> Revenue ","519233","Tri-R Recycling & Shredding","3600 E 48th Ave","Denver","CO","80216","Denver","www.trirrecycling.com","3033996351","","David Powelson","President","Mal","32925000","75","509312","Recycling Ce","5","0","1"
"148918","Grif-Fab Corp","design@grif-fab.com","5350 Newport St","3032870283","3032872552","331798","Steel Pipe & Tubes (Manufacturers)","www.grif-fab.com"," Email <---> Revenue ","349633","Grif-Fab Corp","5350 Newport St","Commerce City","CO","80022","Adams","www.grif-fab.com","3032872552","3032870283","Tim Gerbus","President","Mal","42720000","120","331798","Steel Pipe &","5","0","1"
"49405","Timewarner Cable National","FeigeTom@twcable.com","160 Inverness Dr W","3036498130","3037999599","484101","Television-Cable & Catv","NULL"," Email <---> Revenue ","514785","Timewarner Cable National","160 Inverness Dr W","Englewood","CO","80112","Arapahoe","www.twcable.com","3037999599","3036498130","Tom Feige","President","Mal","33900000","100","484101","Television-C","5","0","1"
"81283","Rocky Mountain Chocolate","Franklin.Crail@rmcfusa.com","265 Turner Drive","9702479593","970-259-0554","544101","Candy & Confectionery-Retail","NULL"," Email <---> Revenue ","159843","ROCKY MOUNTAIN CHOCOLATE","561 MAIN AVE","DURANGO","CO","81301","La Plata","","9702591408","","CERRELL TATE","Manager","F","28000000","1986","205200","Cookies & Cr","5","0","1"
"14822","Woodmen Nissan","Greg@woodmennissan.com","6940 Vincent Dr","7192341101","7192341000","551103","Automobile Dealers-Used Cars","NULL"," Email <---> Revenue ","542643","Woodmen Nissan","6940 Vincent Dr","Colorado Springs","CO","80918","El Paso","www.woodmennissan.com","7192341000","7192341101","Greg Burk","Owner","Mal","38820000","60","551103","Automobile D","5","1","1"
"121758","Beacon Communications","HesterM@beaconcom.com","4242 Delaware St","3037506400","3037506500","506514","Intercommunication Eqpt Systs/Svc (Whol)","NULL"," Email <---> Revenue ","242902","Beacon Communications","4242 Delaware St","Denver","CO","80216","Denver","www.beaconcom.com","3037506500","3037506400","Michael Hester","Owner","Mal","31310000","31","506514","Intercommuni","5","0","1"
"138457","Telebrokers","J.Lesch@telebrokers.com","1260 Valley St","7195500601","7195501444","506563","Telecommunication Equip/Syst-Whol/Mfrs","NULL"," Email <---> Revenue ","510599","Telebrokers","1260 Valley St","Colorado Springs","CO","80915","El Paso","www.telebrokers.com","7195501444","7195500601","Jerry Lesch","Owner","Mal","30300000","30","506563","Telecommunic","5","0","1"
"123802","Kenny Electric","JamesM@kennyelectricservice.com","595 Quivas St","3036052878","3036052100","173101","Electric Contractors","NULL"," Email <---> Revenue ","385067","Kenny Electric","595 Quivas St","Denver","CO","80204","Denver","www.kennyelectricservice.com","3036052100","3036052878","James Mc Gurk","President","Mal","26400000","200","173101","Electric Con","5","2","1"
"99434","Crystal Rose","JayB@crystal-rose.com","636 Lookout Mountain Rd","3035267534","3035267530","729935","Wedding Chapels","NULL"," Email <---> Revenue ","54373","CRYSTAL ROSE","636 LOOKOUT MOUNTAIN RD","GOLDEN","CO","80401","Jefferson","","3035267530","","JAY BYERLY","President","M","30000000","200","596300","Direct Selli","5","0","1"
"140659","Clear Channel Communications","jeff.dudash@bestbuy.com","4695 S Monaco St","7074434435","3037138000","483201","Radio Stations & Broadcasting Companies","www.clearchannel.com"," Email <---> Revenue ","276542","Clear Channel Communications","4695 S Monaco St","Denver","CO","80237","Arapahoe","www.clearchannel.com","3037138000","3037138744","Lee Larsen","Manager","Mal","27500000","250","483201","Radio Statio","5","0","1"
"49513","Rocket Pictures","JimB@rocketpictures.com","4100 E Dry Creek Rd","3034863881","3037123269","781203","Audio-Visual Production Service","NULL"," Email <---> Revenue ","471403","Rocket Pictures","4100 E Dry Creek Rd","Centennial","CO","80122","Arapahoe","www.rocketpictures.com","3037123269","3034863881","Jim Berger","President","Mal","31400000","100","781203","Audio-Visual","5","0","1"
"92422","Grant Family Farms","jimyoung@grantfarms.com","1020 W County Road 72","9705687655","9705687654","526108","Nurserymen","www.grantfarms.com"," Email <---> Revenue ","86091","GRANT FAMILY FARMS","1020 W COUNTY ROAD 72","WELLINGTON","CO","80549","Larimer","","9705687654","","ANDY GRANT","Chief Executive Office","M","35000000","200","526103","Retail Nurse","5","0","1"
"69434","Martin Martin Inc","jlund@martinmartin.com","12499 W Colfax Ave","3034314028","3034316100","871110","Engineers-Civil","www.martinmartin.com"," Email <---> Revenue ","408870","Martin Martin Inc","12499 W Colfax Ave","Lakewood","CO","80215","Jefferson","www.martinmartin.com","3034316100","3034314028","Gary Thomas","VP","Mal","28440000","180","871110","Engineers-Ci","5","0","1"
"119267","Johnson Books","JohnsonJ@jpcolorado.com","1880 57th Ct S","3039987590","3034431576","273101","Publishers-Book","NULL"," Email <---> Revenue ","379190","Johnson Books","1880 57th Ct S","Boulder","CO","80301","Boulder","www.jpcolorado.com","3034431576","3039987590","Jerry Johnson","President","Mal","32600000","100","273101","Publishers-B","5","0","1"
"94701","Teleco Of The Rockies","J_O@telecorockies.com","359 Inverness Pkwy # B","3037901186","3037909303","506563","Telecommunication Equip/Syst-Whol/Mfrs","NULL"," Email <---> Revenue ","510604","Teleco Of The Rockies","359 Inverness Pkwy # B","Englewood","CO","80112","Arapahoe","www.telecorockies.com","3037909303","3037901186","Jeff Oneill","Owner","Mal","40400000","40","506563","Telecommunic","5","0","1"
"115146","Sears Trostel Lumber Harwoods","kristif@sears-trostel.com","125 Air Park Dr","9704848520","9704820222","503109","Lumber-Wholesale","www.sears-trostel.com"," Email <---> Revenue ","483342","Sears Trostel Lumber Harwoods","125 Air Park Dr","Fort Collins","CO","80524","Larimer","www.sears-trostel.com","9704820222","9704848520","Curt Viehmeyer","Manager","Mal","33888000","48","503109","Lumber-Whole","5","0","1"
"137759","Countertop Shop","K_John@builders-warehouse.com","721 S 7th St","9702557384","9702456822","571213","Counter Tops","NULL"," Email <---> Revenue ","52032","COUNTERTOP SHOP","721 S 7TH ST","GRAND JCT","CO","81501","Mesa","","9702456822","","JOHN KUYKENDALL","Manager","M","29200000","426","571202","Cust Furn,Ca","5","0","1"
"131331","Ameri Vest Properties Inc","labate@amvproperties.com","1780 S Bellaire St # 100","3032967353","3032971800","679801","Real Estate Investment Trusts","www.amvproperties.com"," Email <---> Revenue ","224883","Ameri Vest Properties Inc","1780 S Bellaire St # 100","Denver","CO","80222","Denver","www.amvproperties.com","3032971800","3032967353","Charles K Knight","CEO","Mal","29866000","51","679801","Real Estate ","5","1","1"
"3788","Sound Shop","Larry_Powers@swbell.net","7 E Cimarron St","7196361315","7196361684","573105","Stereophonic & High Fidelity Equip-Dlrs","NULL"," Email <---> Revenue ","172426","SOUND SHOP","7 E CIMARRON ST","COLORADO SPGS","CO","80903","El Paso","","7196361684","","LARRY POWERS","President","M","45000000","311","573500","Rec,Prerec T","5","0","1"
"45128","Jones Heartz Drywall Supply","LGreg@jonesheartz.com","1445 E 68th Ave","3036280064","3039961444","508205","Dry Wall Contractors Equip/Supls (Whol)","NULL"," Email <---> Revenue ","379655","Jones Heartz Drywall Supply","1445 E 68th Ave","Denver","CO","80229","Adams","www.jonesheartz.com","3039961444","3036280064","Greg Lyon","Owner","Mal","31968000","48","508205","Dry Wall Con","5","0","1"
"118138","Firetrol Protection Systems","M-B@firetrol.net","3538 Peoria St # 506","3033660646","3033665875","506308","Fire Alarm Systems (Wholesale)","NULL"," Email <---> Revenue ","329622","Firetrol Protection Systems","3538 Peoria St # 506","Aurora","CO","80010","Arapahoe","www.firetrol.net","3033665875","3033660646","Mike Berry","President","Mal","36190000","55","506308","Fire Alarm S","5","0","1"
"150920","Play It Again Sports","mailer@growbiz.com","8601 W Cross Dr # B1","4078723353","3039793379","594113","Sporting Goods-Retail","www.playitagainsports.com"," Email <---> Revenue ","147143","PLAY IT AGAIN SPORTS","8601 W CROSS DR UNIT B1","LITTLETON","CO","80123","Denver","","3039793379","","BRIAN VAN HAVEREN","Manager","M","27300000","6899","594100","Sporting Gds","5","0","1"
"71941","Western Fasteners Inc","martin@mcainternetsolutions.com","70 Santa Fe Dr","2105909445","3035340661","507205","Fasteners-Industrial (Wholesale)","www.westernfasteners.com"," Email <---> Revenue ","536677","Western Fasteners Inc","70 Santa Fe Dr","Denver","CO","80223","Denver","www.westernfasteners.com","3035340661","3035341906","Brad Brady","Owner","Mal","25900000","50","507205","Fasteners-In","5","0","1"
"141065","Peoples National Bank","Matt@peoplesnatbank.com","PO Box 975","7194861404","7194860420","602201","State Commercial Banks","NULL"," Email <---> Revenue ","445544","Peoples National Bank","400 Harrison Ave","Leadville","CO","80461","Lake","","7194860420","7194861404","Matt Tominlson","President","Mal","29839000","18","602201","State Commer","5","0","1"
"43725","Quicksilver Express Courier","MChuck@qec.com","1400 Quail St","3032321950","3032325800","421205","Delivery Service","NULL"," Email <---> Revenue ","152458","QUICKSILVER EXPRESS COURIER","1400 QUAIL ST","LAKEWOOD","CO","80215","Jefferson","","3032325800","","CHUCK MILLER","President","M","30000000","640","421205","Delivery Sv,","5","0","1"
"80591","High Noon Productions","mmaj@highnoonproductions.com","4100 E Dry Creek Rd","3037123281","3037123280","781205","Motion Picture Producers & Studios","NULL"," Email <---> Revenue ","358858","High Noon Productions","4100 E Dry Creek Rd","Centennial","CO","80122","Arapahoe","www.highnoonproductions.com","3037123280","3037123281","Sonny Hutchinson","Owner","Mal","37680000","120","781205","Motion Pictu","5","0","1"
"139026","Thunder Mountain Harley Dvdsn","motorclothes@thundermountainharley.com","4250 Byrd Dr","9702920440","9704933137","557106","Motorcycles & Motor Scooters-Dealers","www.thundermountainharley.com"," Email <---> Revenue ","513758","Thunder Mountain Harley Dvdsn","4250 Byrd Dr","Loveland","CO","80538","Larimer","www.thundermountainharley.com","9704933137","9702920440","Todd Erdmann","Manager","Mal","26480000","80","557106","Motorcycles ","5","0","1"
"93725","Jones International LTD","neal.weiner@jrnseattle.com","9697 E Mineral Ave","6623425356","3037923111","484101","Television-Cable & Catv","www.jones.com"," Email <---> Revenue ","379663","Jones International LTD","9697 E Mineral Ave","Centennial","CO","80112","Arapahoe","www.jones.com","3037923111","","Glenn R Jones","CEO","Mal","30000000","2850","484101","Television-C","5","0","1"
"29869","Marshall Erdman & Associate","anesbitt@pbmnc.com","350 Interlocken Boulevard #275","3034665111","3034665156","8999","Services NEC","null"," Email <---> Revenue ","121570","MARSHALL ERDMAN & ASSOC","350 INTERLOCKEN BLVD STE 350","BROOMFIELD","CO","80021","Broomfield","","3034665111","","","Unknown","","36100000","809","162900","Heavy Constr","5","0","1"
"133832","At Home Professions","Ann@at-homeprofessions.com","2001 Lowe St","9702231678","9702256300","874213","Marketing Programs & Services","NULL"," Email <---> Revenue ","18332","AT HOME PROFESSIONS","2001 LOWE ST","FORT COLLINS","CO","80525","Larimer","","9702256300","","ANN ROHR","President","F","31300000","125","874203","Mrkting Cons","5","0","1"
"143483","C F Maier Composits Inc","axel@cfmaier.com","500 Crystal St","7193363091","7193368745","508502","Fiber Glass Products (Wholesale)","www.cfmaier.com"," Email <---> Revenue ","260011","C F Maier Composits Inc","500 Crystal St","Lamar","CO","81052","Prowers","www.cfmaier.com","7193368745","7193363091","Walter Thurner","VP","Mal","31350000","55","508502","Fiber Glass ","5","0","1"
"7684","Veldkamps Corporate Office","Benjamin@veldkamps.com","9501 W Colfax Ave","3032345686","3032341732","874130","Management Services","NULL"," Email <---> Revenue ","528339","Veldkamps Corporate Office","9501 W Colfax Ave","Lakewood","CO","80215","Jefferson","www.veldkamps.com","3032341732","3032345686","Benjamin Veldkamp Iii","Owner","Mal","25200000","200","874130","Management S","5","0","1"
"76857","Westover Corp","bgillam@westover-usa.com","6580 Federal Blvd","3034290113","3034293600","506328","Controls Control Systs/Regulators (Whol)","www.westover-usa.com"," Email <---> Revenue ","537709","Westover Corp","6580 Federal Blvd","Denver","CO","80221","Adams","www.westover-usa.com","3034293600","3034290113","Larry Brand","President","Mal","25004000","38","506328","Controls Con","5","0","1"
"154371","O'Brien's Carpet","bhughes@obrienscarpetone.com","111 Garden of the Gods Rd","7196332072","7196337122","571305","Carpet & Rug Dealers","carpetone.com^^obrienscarpetone.com"," Email <---> Revenue ","35888","CARPET ONE O BRIENS","111 GARDEN OF THE GODS RD","COLORADO SPGS","CO","80907","El Paso","","7196332072","","BETH HUGHES","Vice-President","F","26000000","10950","571301","Carpets","5","0","1"
"26554","Cashway Electric Supply","Brad@cashwayelectricsupply.com","275 Mariposa St","3038938216","3036230151","506330","Electric Equipment & Supplies-Wholesale","NULL"," Email <---> Revenue ","266297","Cashway Electric Supply","275 Mariposa St","Denver","CO","80223","Denver","www.cashwayelectricsupply.com","3036230151","3038938216","Brad Orcutt","President","Mal","32900000","50","506330","Electric Equ","5","0","1"
"130901","Cliff Brice Petroleum Source","Brice-Bonner@cliffbriceoil.com","300 Moffat St","7195436034","7195433934","517210","Gasoline & Oil-Wholesale","NULL"," Email <---> Revenue ","276921","Cliff Brice Petroleum Source","300 Moffat St","Pueblo","CO","81003","Pueblo","www.cliffbriceoil.com","7195433934","7195436034","Bonner Brice","President","Mal","46956000","14","517210","Gasoline & O","5","0","1"
"94937","Christy Sports LLC","nross@christysports.com","875 Parfet St","3032335946","3032376321","594113","Sporting Goods-Retail","NULL"," Email <---> Revenue ","41565","CHRISTY SPORTS LLC","875 PARFET ST","LAKEWOOD","CO","80215","Jefferson","","3032376321","","PATRICK O'WINTER","Chief Executive Office","M","42500000","850","594100","Sporting Gds","5","0","1"
"43054","Wright & Mcgill Co","curt.gray@eagleclaw.com","PO Box 16011","3033214750","3033211481","394923","Sporting Goods-Manufacturers","NULL"," Email <---> Revenue ","543490","Wright & Mcgill Co","4245 E 46th Ave","Denver","CO","80216","Denver","www.eagleclaw.com","3033211481","3033214750","John Jilling","CEO","Mal","49500000","250","394923","Sporting & A","5","0","1"
"153259","Slifer Smith &Amp; Frampton","cpenwill@vailresorts.com","Po Drawer 2820/Avon","9708452000","-","522310","BUILDING MATERIALS, HARDWARE, GARDEN SUPPLY, AND MOBILE HOME DEALERS","NAMB"," Email <---> Revenue ","490403","Slifer Smith & Frampton RE","P.O. BOX 2820","Avon","CO","81620","Eagle","","9708452000","","Mark Smith","Member","mal","34799026","40","653101","Real Estate ","5","0","1"
"138008","Wedgcor Steel Building Mfr","bschlag@wedgcor.com","6800 E Hampden Ave","3037593025","3037593200","344898","Prefabricated Metal Buildings (Mfrs)","www.wedgcor.com"," Email <---> Revenue ","534623","Wedgcor Steel Building Mfr","6800 E Hampden Ave","Denver","CO","80224","Denver","www.wedgcor.com","3037593200","3037593025","Scott Mc Rae","President","Mal","29520000","95","344898","Prefabricate","5","0","1"
"82025","Backcountry Brewery","ACarestia@backcountrybrewery.com","PO Box 4265","9706683266","9706682337","208201","Brewers","NULL"," Email <---> Revenue ","239770","Backcountry Brewery","720 Main St","Frisco","CO","80443","Summit","www.backcountrybrewery.com","9706682337","9706683266","Anthony Carestia","Owner","Mal","41580000","60","208201","Brewers","5","0","1"
"116658","Summit Surgical","D.Hoffman@tabassociates.com","2175 S Cherry St","NULL","303-300-4633","5047","Medical","Dental and Hospital Equipment and Supplies (merchant wholesalers except those selling medical"," Email <---> Revenue ","503611","Summit Surgical","2175 S Cherry St","Denver","CO","80222","Denver","","3033004633","3033004634","David Hitz","Manager","Mal","26910000","45","504704","Physicians &","5","0","1"
