mail id,company,email,address,phone,fax,sic,sic description,web,,revenue id,company,address,city,state,zip,	metro,web,phone,fax,contact,position,gender,sales,# of employee,sic,sic_descrpiton,	,,
"108555","Insulated Roofing Contractors","whampton@ircroof.com","10801 Plantside Dr","5022400547","5022400407","176109","Roofing Contractors","www.ircroof.com"," Email <---> Revenue ","210774","Insulated Roofing Contractors","10801 Plantside Dr","Louisville","KY","40299","Jefferson","www.ircroof.com","5022400407","5022400547","Melvin Stumler","Owner","Mal","12400000","100","176109","Roofing Cont","4","0","1"
"101822","Valspar Corp","webadmin@valspar.com","1630 W Hill St","3097629604","5027725660","281602","Colors & Pigments-Manufacturers","www.valspar.com"," Email <---> Revenue ","293562","Valspar Corp","1630 W Hill St","Louisville","KY","40210","Jefferson","www.valspar.com","5027725660","5027725555","Oliver Brooks","Plant Mgr","Mal","22640000","40","281602","Colors & Pig","4","0","1"
"93050","Murray Electric System","vrowland@murray-ky.net","401 Olive St","2707535312","2707536494","491101","Electric Companies","www.murray-ky.net"," Email <---> Revenue ","243408","Murray Electric System","401 Olive St","Murray","KY","42071","Calloway","www.murray-ky.net","2707535312","2707536494","Tony Thompson","Administrator","Mal","23408000","38","491101","Electric Com","4","0","1"
"105872","Brandenburg Telephone Co","valecoomes@bbtel.com","PO Box 599","2704224448","2704222121","481304","Telephone Companies","NULL"," Email <---> Revenue ","156298","Brandenburg Telephone Co","200 Telco Dr","Brandenburg","KY","40108","Meade","www.brandenburgtelecom.com","2704222121","2704224448","J D Tobin Jr","President","Mal","14100000","50","481304","Telephone Co","4","0","1"
"60441","Monessen Hearth Systems","Tweardy@monessenhearth.com","149 Cleveland Dr","NULL","8599870740","502310","Fireplace Equipment-Wholesale","NULL"," Email <---> Revenue ","85801","MONESSEN HEARTH SYSTEMS","149 CLEVELAND DR","PARIS","KY","40361","Bourbon","","8599870740","","WILLIAM TWEARDY","President","M","16000000","25105","502300","Whl Homefurn","4","0","1"
"67591","Anderson Wood Products","timbull@andersonwood.com","1381 Beech St","5027785599","5027785591","249998","Wood Products Nec (Manufacturers)","www.andersonwood.com"," Email <---> Revenue ","144286","Anderson Wood Products","1381 Beech St","Louisville","KY","40211","Jefferson","www.andersonwood.com","5027785591","5027785599","David Anderson","VP","Mal","17550000","150","249998","Wood Product","4","0","1"
"92355","Kingsford Manufacturing","tim.humphrey@clorox.com","5126 Summer Shade Rd","4043616459","2704282177","399903","Manufacturers","www.clorox.com"," Email <---> Revenue ","222832","Kingsford Manufacturing","5126 Summer Shade Rd","Summer Shade","KY","42166","Metcalfe","www.clorox.com","2704282177","2704285180","Rob Service","Plant Mgr","Mal","12445000","95","399903","Manufacturer","4","0","1"
"96293","Dyno Nobel","sue.sekerka@am.dynonobel.com","State Route 175","3076372739","2703384200","289201","Explosives-Manufacturers","www.dynonobel.com"," Email <---> Revenue ","182829","Dyno Nobel","State Route 175","Graham","KY","42344","Muhlenberg","www.dynonobel.com","2703384200","2703384206","Jim Jarvis","Plant Mgr","Mal","16170000","77","289201","Explosives-M","4","0","1"
"94443","Republic Diesel","stevee@republicdiesel.com","305 E College St","5025612347","5025612200","371426","Drive Shafts-Industrial (Mfrs)","www.republicdiesel.com"," Email <---> Revenue ","263404","Republic Diesel","305 E College St","Louisville","KY","40203","Jefferson","www.republicdiesel.com","5025612200","5025612347","Steve Gettelfinger","Owner","Mal","24200000","80","371426","Drive Shafts","4","0","1"
"92736","Stanley Fastening Systems","stanleyweb@stanleyworks.com","13126 Forest Centre Ct","6363001693","5022440256","507205","Fasteners-Industrial (Wholesale)","www.stanleyworks.com"," Email <---> Revenue ","278814","Stanley Fastening Systems","13126 Forest Centre Ct","Anchorage","KY","40223","Jefferson","www.stanleyworks.com","5022440256","5022451396","Dan Stewart","Manager","Mal","11914000","23","507205","Fasteners-In","4","0","1"
"13598","Smoothie King","Simon@smoothieking.com","2400 Lime Kiln Ln","NULL","5024261971","514914","Health Food Products-Wholesale","NULL"," Email <---> Revenue ","112914","SMOOTHIE KING","2400 LIME KILN LN","LOUISVILLE","KY","40222","Jefferson","","5024261971","","BENITA SIMON","Owner","F","17500000","3316","549901","Health & Die","4","0","1"
"85477","Shelby Energy Cooperative","shelbyenergy@shelbyenergy.com","620 Old Finchville Rd","5026332387","5026334420","491101","Electric Companies","www.shelbyenergy.com"," Email <---> Revenue ","272445","Shelby Energy Cooperative","620 Old Finchville Rd","Shelbyville","KY","40065","Shelby","www.shelbyenergy.com","5026334420","5026332387","Dudley Bottom","President","Mal","15100000","32","491101","Electric Com","4","0","1"
"102915","Sellers Engineering Co","sellers@sellers.com","916 W Walnut St","8592363184","8592363181","507420","Boilers-New & Used (Wholesale)","www.sellersengineering.com"," Email <---> Revenue ","109962","SELLERS ENGINEERING CO","916 W WALNUT ST","DANVILLE","KY","40422","Boyle","","8592363181","8592363184","TOM SELLERS","President","M","14500000","85","507400","Plbg & Heati","4","0","1"
"102075","Key Board Corp","sean.wilkerson@digitechservices.com","809 Southpark Rd","2707376640","2707375797","421201","Trucking-Contract Hauling","www.keyboardcarriage.com"," Email <---> Revenue ","222102","Key Board Corp","809 Southpark Rd","Elizabethtown","KY","42701","Hardin","www.keyboardcarriage.com","2707375797","2707376640","Dennis Robey","President","Mal","10575000","75","421201","Trucking-Con","4","0","1"
"105468","KI Corp","scaldwell@kiusa.com","501 Mayde Rd","8599861485","8599861420","346598","Automotive Stampings (Manufacturers)","www.kiusa.com"," Email <---> Revenue ","70523","KI CORP","501 MAYDE RD","BEREA","KY","40403","Madison","","8599861420","","JOE HOSLOW","Chief Executive Office","M","24800000","400","346500","Auto Stampin","4","0","1"
"109467","Greif Brothers Corp","sandor.orban@greif.com","7425 Industrial Rd","7045889245","8592829988","341204","Drums-Steel (Manufacturers)","www.greif.com"," Email <---> Revenue ","199695","Greif Brothers Corp","7425 Industrial Rd","Florence","KY","41042","Boone","www.greif.com","8592829988","8592820808","Terri Moore","Plant Mgr","Fem","24390000","90","341204","Drums-Steel ","4","0","1"
"104595","Rem Co Unimac Laundry","rod.burton@remlaundry.com","129 Fieldview Dr","8598739196","8598738812","508726","Laundry Equipment (Wholesale)","www.remlaundry.com"," Email <---> Revenue ","263070","Rem Co Unimac Laundry","129 Fieldview Dr","Versailles","KY","40383","Woodford","www.remlaundry.com","8598738812","8598739196","Robert E Moore Jr","Owner","Mal","10034000","29","508726","Laundry Equi","4","0","1"
"61509","Financial Solutions For Life","robgault@iglou.com","Eminence Speaker Corporation  838 Mulberry Pike P;O; Box 360","5028455622","null","628205","Financial Planning Consultants","EMINENCE-SPEAKER.COM"," Email <---> Revenue ","41176","EMINENCE SPEAKER LLC","838 MULBERRY PIKE","EMINENCE","KY","40019","Henry","","5028455622","5028455653","ROB GAULT","President","M","14000000","200","365100","Hhl Audio,Vi","4","0","1"
"106169","VMV Paducahbilt","robert.pedersen@paducahbilt.com","NULL","2704444550","270-444-4555","3599","Industrial and Commercial Machinery and Equipment","NEC (machine shops)"," Email <---> Revenue ","128842","VMV PADUCAHBILT","1300 KENTUCKY AVE","PADUCAH","KY","42003","McCracken","","2704444555","","DAVID KOENIGSMARK","Manager","M","20000000","250","374300","Railroad Equ","4","0","1"
"100462","Prestress Services","rinkervendorsadmin@rinker.com","747 8th St","6024840705","2708266244","503208","Concrete Products (Wholesale)","www.rinker.com"," Email <---> Revenue ","257727","Prestress Services","747 8th St","Henderson","KY","42420","Henderson","www.rinker.com","2708266244","2708260628","Dennis Buttram","Plant Mgr","Mal","14400000","30","503208","Concrete Pro","4","0","1"
"30352","ROLL FORMING CORPORATION","ridatrom@rfcorp.com","1070 Brooks Industrial Road","5026334435","5026335824","359915","Industrial Equipment & Supplies","ROLLFORMINGCORPORATION.COM;ROLLFORMINGCORPORATION.NET;ROLLFO"," Email <---> Revenue ","106547","ROLL FORMING CORP","1070 BROOKS INDUSTRIAL RD","SHELBYVILLE","KY","40065","Shelby","","5026334435","5026335824","GUNTHER FELDERER","President","M","17000000","230","335600","Nfer Rolling","4","0","1"
"75722","Heartland Dental Care","Rick-Workman@heartlanddentalcare.com","6610 Rockview Way","NULL","5022667593","874842","Medical Management Consultants","NULL"," Email <---> Revenue ","56796","HEARTLAND DENTAL CARE","6610 ROCKVIEW WAY","LOUISVILLE","KY","40299","Jefferson","","5022667593","","RICK WORKMAN","Chief Executive Office","M","19100000","85","874800","Bus Consulti","4","0","1"
"72418","C S Dent & Co","rich@grandpabrands.com","1820 Airport Exchange Blvd","8596470778","8596470777","284101","Soaps & Detergents-Manufacturers","NULL"," Email <---> Revenue ","159754","C S Dent & Co","1820 Airport Exchange Blvd","Erlanger","KY","41018","Kenton","www.grandpabrands.com","8596470777","8596470778","Richard D Oliver","President","Mal","18850000","25","284101","Soaps & Dete","4","0","1"
"105706","Green Turtle Bay Conference","reservations@greenturtlebay.com","135 Bayside Dr","2703628615","2703622200","738931","Convention & Meeting Facilities & Svc","www.greenturtlebay.com"," Email <---> Revenue ","52898","GREEN TURTLE BAY CONFERENCE","PO BOX 102","GRAND RIVERS","KY","42045","Livingston","","2703622200","","BILL GARY","President","M","18000000","80","738922","Convention S","4","0","1"
"41292","Welding & Therapy Svc Inc","prg@weldingandtherapy.com","5010 Crittenden Dr","5023684866","5023683301","517205","Gas-Indstrl/Med-Cylinder & Bulk (Whol)","NULL"," Email <---> Revenue ","130741","WELDING & THERAPY SVC INC","5010 CRITTENDEN DR","LOUISVILLE","KY","40209","Jefferson","","5023683301","","PAUL GREILING JR","Chief Executive Office","M","13500000","50","517205","Gas Med/Indu","4","0","1"
"105852","Koch Filter Corp","philf@kochfilter.com","625 W Hill St","9099898618","5026344796","356406","Filters-Air & Gas-Manufacturers","www.kochfilter.com"," Email <---> Revenue ","71541","KOCH FILTER CORP","625 W HILL ST","LOUISVILLE","KY","40208","Jefferson","","5026344796","5026372280","JOSEPH M KOCH JR","President","M","10400000","139","356400","Ind Blowers ","4","0","1"
"108879","Leslie Equipment","pettymike@lec1.com","195 Sykes Blvd","6064325918","6064320321","508206","Contractors-Equip/Supls-Dlrs/Svc (Whol)","www.leslieequipment.com"," Email <---> Revenue ","227345","Leslie Equipment","195 Sykes Blvd","Pikeville","KY","41501","Pike","www.leslieequipment.com","6064320321","6064325918","Dave Phillips","Owner","Mal","17982000","27","508206","Contractors-","4","0","1"
"45296","Southeastern Ky Rehab Ind","orcindustries@orcind.com","1300 E Main St","6065287497","6065896270","399903","Manufacturers","www.sekri.org"," Email <---> Revenue ","113882","SOUTHEASTERN KY REHAB IND","1300 E MAIN ST","CUMBERLAND","KY","40823","","","6065896270","","TOM FIELDS","President","M","19000000","250","399900","Mfg Industri","4","0","1"
"93177","Syltone Industries","mobilesolutions@gardnerdenver.com","2501 Constant Comment Pl","5022666689","5022666677","356101","Pumps-Manufacturers","www.syltone.com"," Email <---> Revenue ","282903","Syltone Industries","2501 Constant Comment Pl","Louisville","KY","40299","Jefferson","www.syltone.com","5022666677","5022666689","Don Bierson","Plant Mgr","Mal","13100000","100","356101","Pumps-Manufa","4","0","1"
"53000","Kaulfuss Designers;  Inc","mjordan@jordantech.com","2820 S ENGLISH STATION RD","5022678344","null","8999","Services NEC","JORDANTECH.COM"," Email <---> Revenue ","66970","JORDAN TECHNOLOGIES","2820 S ENGLISH STATION RD","LOUISVILLE","KY","40299","Jefferson","","5022678344","","JOHN JORDAN","Vice-President","M","10500000","60","171100","Plbg, Htg, A","4","0","1"
"88182","Munson Business Interiors","mindy@mbifurniture.com","2307 River Rd","5025891317","5025891236","502112","Office Furniture & Equip-Dealers (Whol)","NULL"," Email <---> Revenue ","243283","Munson Business Interiors","2307 River Rd","Louisville","KY","40206","Jefferson","www.mbifurniture.com","5025891236","5025891317","Mindy Munson","President","Fem","11420000","20","502112","Office Furni","4","0","1"
"109450","Lang Co","meters@langcompany.com","540 S 13th St","5025871377","5025842383","504403","Copying & Duplicating Machines & Supls","www.langcompany.com"," Email <---> Revenue ","225418","Lang Co","540 S 13th St","Louisville","KY","40203","Jefferson","www.langcompany.com","5025842383","5025871377","Robert Welter","Owner","Mal","24975000","75","504403","Copying & Du","4","0","1"
"101327","Aluma-Kraft Sales & Mfg Co","mc@alumakraft.com","2475 Wayne Sullivan Dr","2704435610","2704434750","344202","Windows-Manufacturers","www.alumakraft.com"," Email <---> Revenue ","4924","ALUMA-KRAFT SALES & MFG CO","2475 WAYNE SULLIVAN DR","PADUCAH","KY","42003","McCracken","","2704434750","","BOB PURSHA","Chief Executive Office","M","19800000","125","503300","Roofing,Sidi","4","0","1"
"99559","Cardinal Industrial Insulation","markm@cardinsul.com","1300 W Main St","5025819823","5025895794","174205","Insulation Contractors-Cold & Heat","www.cardinsul.com"," Email <---> Revenue ","20409","CARDINAL INDUSTRIAL INSULATION","1300 W MAIN ST","LOUISVILLE","KY","40203","Jefferson","","5025895794","","MARK MUELLER","President","M","15000000","200","174200","Plst, Drywal","4","0","1"
"38732","wrp enterprises","marcus.withers@insightbb.com","5311 dixie hwy","5024491900","15024494445","509905","Importers","bowlinggreenimports.com"," Email <---> Revenue ","20360","CARDINAL CHRYSLER DODGE INC","5311 DIXIE HWY","LOUISVILLE","KY","40216","Jefferson","","5024491900","","WINSTON PITTMAN SR","Owner","M","20200000","50","551100","New & Used C","4","0","1"
"96134","Thelen Associates Inc","mail-oh@thelenassoc.com","1398 Cox Ave","5138254756","8597469400","871111","Engineers-Consulting","www.thelenassoc.com"," Email <---> Revenue ","285438","Thelen Associates Inc","1398 Cox Ave","Erlanger","KY","41018","Kenton","www.thelenassoc.com","8597469400","8597469408","Donald Thelen","Owner","Mal","11850000","75","871111","Engineers-Co","4","0","1"
"57809","E.LAMAR lewis JR","lcmwe@hyperaction.net","202 n. hwy 27","6066770939","null","555104","Boat Dealers Sales & Service","lake-cumberland-marine.com"," Email <---> Revenue ","72887","LAKE CUMBERLAND MARINE LLC","105 COLLINS DR","SOMERSET","KY","42503","Pulaski","","6066770939","","VON HARTMANN","Owner","F","13500000","45","555100","Boat Dealers","4","0","1"
"98292","Service Industry Research Syst","knowledge@sirsinc.com","201 Martha Layne Collins Blvd","8597818802","8597819700","873204","Market Research & Analysis","www.sirsinc.com"," Email <---> Revenue ","271549","Service Industry Research Syst","201 Martha Layne Collins Blvd","Cold Spring","KY","41076","Campbell","www.sirsinc.com","8597819700","8597818802","Chris Ohlinger","CEO","Mal","10300000","100","873204","Market Resea","4","0","1"
"104699","White Hydraulics Inc","kklam@whitedriveproducts.com","110 Bill Bryan Blvd","2708870382","2708851110","359401","Fluid Power Pumps & Motors (Mfrs)","www.whitehydraulics.com"," Email <---> Revenue ","298913","White Hydraulics Inc","110 Bill Bryan Blvd","Hopkinsville","KY","42240","Christian","www.whitehydraulics.com","2708851110","2708870382","Jeff White","President","Mal","20000000","257","359401","Fluid Power ","4","0","1"
"52575","Licking Valley RECC","kkhoward@lvrecc.com","271 Main St","6067432415","6067433179","491101","Electric Companies","www.lvrecc.com"," Email <---> Revenue ","228225","Licking Valley RECC","271 Main St","West Liberty","KY","41472","Morgan","www.lvrecc.com","6067433179","6067432415","Bill Duncan","Manager","Mal","10400000","39","491101","Electric Com","4","0","1"
"67606","Roberts Motor Sales","khoward@robertsmtrs.com","200 East 18th St","2706836282","2706836074","559999","Ret Misc Vehicles Repair Services Plumbing/heating/air","robertsmotors.net"," Email <---> Revenue ","106035","ROBERT'S MOTOR SALES INC","200 E 18TH ST","OWENSBORO","KY","42303","Daviess","","2706836282","","JOHN ROBERTS","President","M","20200000","50","551100","New & Used C","4","0","1"
"33971","Blue Diamond Industries","kelly@bdiky.com","2117 W Winchester Ave","6062487618","6062488078","308902","Plastics & Plastic Products (Mfrs)","www.bdiky.com"," Email <---> Revenue ","14098","BLUE DIAMOND INDUSTRIES","2117 W WINCHESTER AVE","MIDDLESBORO","KY","40965","Bell","","6062488078","","JERRY JEFFERS","Manager","M","16000000","80","308900","Plastic Pdts","4","0","1"
"77979","Woodall Construction Co Inc","jwoodall@woodallconst.com","1332 Cahill Dr","8592816259","8592332909","179403","Excavating Contractors","www.woodallconst.com"," Email <---> Revenue ","301202","Woodall Construction Co Inc","1332 Cahill Dr","Lexington","KY","40504","Fayette","www.woodallconst.com","8592332909","8592816259","Jerry Woodall","Owner","Mal","15900000","100","179403","Excavating C","4","0","1"
"53844","Prestress Services-Melbourne","jstinson@prestressservices.com","5837 Mary Ingles Hwy","2607243349","8594410068","503208","Concrete Products (Wholesale)","www.prestressservices.com"," Email <---> Revenue ","257728","Prestress Services-Melbourne","5837 Mary Ingles Hwy","Melbourne","KY","41059","Campbell","www.prestressservices.com","8594410068","8594417986","Chris Fuchs","Plant Mgr","Mal","24000000","50","503208","Concrete Pro","4","0","1"
"78647","Ferry-Morse Seed Co","jsimpson@ferry-morse.com","PO Box 1620","2704723402","2704723400","359998","Indstrl/Coml Machinery/Equip Nec (Mfrs)","NULL"," Email <---> Revenue ","44881","FERRY-MORSE SEED CO","600 STEPHEN BEALE DR","FULTON","KY","42041","Fulton","","2704723400","2704723402","JACK SIMPSON","Chief Executive Office","M","10400000","146","359900","Industrial M","4","0","1"
"105232","Marshall Miller & Assoc","joe.vance@mma1.com","5480 Swanton Dr","8047985907","8592632855","871111","Engineers-Consulting","www.mma1.com"," Email <---> Revenue ","80538","MARSHALL MILLER & ASSOC","5480 SWANTON DR","LEXINGTON","KY","40509","Fayette","","8592632855","","JOHN FEDDOCK PE","Senior Vice-President","M","17000000","217","871103","Petro,Mining","4","0","1"
"109233","Trend Companies","Joe.Dumstorf@thetrend.com","11216 Decimal Dr","5022678314","5022678313","572202","Appliances-Household-Major-Dealers","NULL"," Email <---> Revenue ","288629","Trend Companies","11216 Decimal Dr","Jeffersontown","KY","40299","Jefferson","www.thetrend.com","5022678313","5022678314","Joe Dumstorf","President","Mal","10900000","50","572202","Appliances-H","4","0","1"
"90643","Vittitow Refrigeration Inc","jim@vittitow.com","4103 Bishop Ln","5029665024","5029664444","507804","Refrigerating Equip-Coml (Wholesale)","NULL"," Email <---> Revenue ","295020","Vittitow Refrigeration Inc","4103 Bishop Ln","Louisville","KY","40218","Jefferson","www.vittitow.com","5029664444","5029665024","Jim Lowe","Owner","Mal","17850000","35","507804","Refrigeratin","4","0","1"
"91246","Sara Lee","Jim.Robinson@saralee.com","9167 S Us Highway 25","NULL","6065282441","514902","Bakers-Wholesale","NULL"," Email <---> Revenue ","269785","Sara Lee","9167 S Us Highway 25","Lily","KY","40740","Laurel","www.saralee.com","6065282441","","Jim Robinson","President","Mal","18568000","22","514902","Bakers-Whole","4","0","1"
"55380","Service Tool & Die Inc","jennifer.wilson@servicetool.com","2323 S Green St","2708264067","2708279582","354407","Tool & Die Makers","NULL"," Email <---> Revenue ","271597","Service Tool & Die Inc","2323 S Green St","Henderson","KY","42420","Henderson","","2708279582","2708264067","Richard Fruit","President","Mal","10800000","80","354407","Tool & Die M","4","0","1"
"76177","Outdoor Venture Corp","jcegnew@highland.net","2280 S Highway 1651","6063763341","6063765021","239406","Canvas & Related Products (Mfrs)","www.outdoorventure.com"," Email <---> Revenue ","92900","OUTDOOR VENTURE CORP","PO BOX 337","STEARNS","KY","42647","","","6063765021","","J C EGNEW","President","M","14600000","200","239400","Canvas & Rel","4","0","1"
"108061","M H Equipment Co Inc","jcb@mhequipment.com","585 Greenwood Ln","3309636999","2708423535","508457","Trucks-Industrial (Wholesale)","www.mhequipment.com"," Email <---> Revenue ","232066","M H Equipment Co Inc","585 Greenwood Ln","Bowling Green","KY","42104","Warren","www.mhequipment.com","2708423535","2708438323","Bart Helson","Manager","Mal","10336000","19","508457","Trucks-Indus","4","0","1"
"67382","Proforma Innovative Solution","J_Black@proforma.com","PO Box 75083","NULL","8594412530","275202","Printers","NULL"," Email <---> Revenue ","100636","PROFORMA INNOVATIVE SOLUTION","18 N FORT THOMAS AVE","FORT THOMAS","KY","41075","Campbell","","8594412530","","JOHN BLACK","Owner","M","14000000","1010","275200","Litho,Coml P","4","0","1"
"20956","Hughes Associates","hreigler@messenger-inquirer.com","1401 Frederica St","2709260123","2706853446","8999","Services NEC","www.messenger-inquirer.com"," Email <---> Revenue ","238324","Messenger-Inquirer","1401 Frederica St","Owensboro","KY","42301","Daviess","www.messenger-inquirer.com","2709260123","2706853446","Bob Childress","Publisher","Mal","23700000","150","731106","Advertising-","4","0","1"
"65638","Ichikoh Manufacturing Inc","homep@ichikoh.com","6601 Midland Industrial Dr","5026336251","5026334936","323104","Mirrors-Manufacturers","www.ichikoh.com"," Email <---> Revenue ","61185","ICHIKOH MANUFACTURING INC","6601 MIDLAND INDUSTRIAL DR","SHELBYVILLE","KY","40065","Shelby","","5026334936","","ED GRENDA","President","M","19400000","289","323100","Purchased Gl","4","0","1"
"73205","Apollo Oil Group","hcombs@sdgky.com","PO Box 4060 1175 Early Drive","8597445444","null","131103","Oil Companies","APOLLOOIL.COM"," Email <---> Revenue ","6620","APOLLO OIL","1175 EARLY DR","WINCHESTER","KY","40391","Clark","","8597445444","","PHIL HOLLEY","President","M","20300000","75","517204","Lubric Oils,","4","0","1"
"106855","Process Machinery Inc","gerowrk@emailpmi.com","1636 Isaac Shelby Dr","5026335665","5026335665","508206","Contractors-Equip/Supls-Dlrs/Svc (Whol)","www.processmachinery.com"," Email <---> Revenue ","100329","PROCESS MACHINERY INC","1636 ISAAC SHELBY DR","SHELBYVILLE","KY","40065","Shelby","","5026335665","","DAVID MILES","President","M","11700000","70","353100","Construction","4","0","1"
"23076","Tandom Marketing","gdlloyd@lloydbilyeu.com","11421 Blankenbaker Access Drive","5024521151","5024540291","5999","Marketing NEC","lloydbilyeu.com"," Email <---> Revenue ","76748","LLOYD BILYEU CONSTRUCTION CO","11421 BLANKENBAKER ACCESS DR","LOUISVILLE","KY","40299","Jefferson","","5024521151","","GARY D LLOYD","President","M","23800000","70","154205","Comm/Off Bld","4","0","1"
"93708","Russtech Inc","garydrussell@russtechnet.com","11208 Decimal Dr","5022678922","5022677700","516919","Concrete Additives (Wholesale)","NULL"," Email <---> Revenue ","268012","Russtech Inc","11208 Decimal Dr","Jeffersontown","KY","40299","Jefferson","","5022677700","5022678922","Gary Russell","President","Mal","10010000","10","516919","Concrete Add","4","0","1"
"103749","Smoothie King","Garnett@smoothieking.com","2909 Richmond Rd # 173","NULL","8593355464","549901","Health & Diet Foods-Retail","NULL"," Email <---> Revenue ","112915","SMOOTHIE KING","3001 BLAKE JAMES DR","LEXINGTON","KY","40509","Fayette","","8593355464","","","Unknown","","17500000","3316","549901","Health & Die","4","0","1"
"105438","Mercer Transportation Co","freight@mercer-trans.com","1128 W Main St","5026253294","5025842301","421307","Trucking-Heavy Hauling","www.mercer-trans.com"," Email <---> Revenue ","83517","MERCER TRANSPORTATION CO","1128 W MAIN ST","LOUISVILLE","KY","40203","Jefferson","","5025842301","","BILL HOWARD","President","M","18400000","200","421300","Trucking","4","0","1"
"103113","Western Pacific Storage System","fmorrow@wpss.com","793 Lemons Mill Rd","5028630299","5028630291","254205","Shelving-Manufacturers","www.wpss.com"," Email <---> Revenue ","131481","WESTERN PACIFIC STORAGE SYSTEM","793 LEMONS MILL RD","GEORGETOWN","KY","40324","Scott","","5028630291","5028630299","PETE DUNN","President","M","18300000","153","254200","Met Partitio","4","0","1"
"97854","Florence Hutcheson Inc","fhnash@flohut.com","2550 Irvin Cobb Dr","8039290334","2704449691","871110","Engineers-Civil","www.flohut.com"," Email <---> Revenue ","191538","Florence Hutcheson Inc","2550 Irvin Cobb Dr","Paducah","KY","42003","Mc Cracken","www.flohut.com","2704449691","2704433943","Dan Thacher","Owner","Mal","11850000","75","871110","Engineers-Ci","4","0","1"
"89045","Southern Wine & Spirits","ffurlong@southernwine.com","2611 Crescent Springs Pike","5594590482","8595789910","518201","Liquors-Wholesale","www.southernwine.com"," Email <---> Revenue ","276586","Southern Wine & Spirits","2611 Crescent Springs Pike","Crescent Springs","KY","41017","Kenton","www.southernwine.com","8595789910","8595789920","Rick Abraham","Manager","Mal","16340000","20","518201","Liquors-Whol","4","0","1"
"17508","Jones Plastic & Engineering Corp","erouch@jonesplastic.com","2410PlantsideDr","5024913785","null","871106","Engineers","null"," Email <---> Revenue ","66941","JONES PLASTIC","2410 PLANTSIDE DR","LOUISVILLE","KY","40299","Jefferson","","5024913785","","HARRY JONES","President","M","19200000","300","308900","Plastic Pdts","4","0","1"
"108230","Jewel-Craft Inc","elva@jewel-craft.com","4122 Olympic Blvd","8592822424","8592822400","391101","Jewelry-Manufacturers","www.jewel-craft.com"," Email <---> Revenue ","65702","JEWEL-CRAFT INC","4122 OLYMPIC BLVD","ERLANGER","KY","41018","Boone","","8592822400","","GARY WESDORP","President","M","10000000","100","391100","Jly,Precious","4","0","1"
"95767","Lake Cumberland Community Service","eldridge@duo-county.com","852 sand hill road","2703433131","2703433800","832229","Community Services","lccso.org"," Email <---> Revenue ","182595","Duo Co Telephone Coop","2150 N Main St","Jamestown","KY","42629","Russell","www.duocounty.com","2703433131","2703433800","William Magruder","Manager","Mal","18315000","55","481304","Telephone Co","4","0","1"
"33788","Gould Discount Medical","EdGould@gouldsdiscountmedical.com","3901 Dutchmans Ln","5024952476","5024912000","504704","Physicians & Surgeons Equip & Supls-Whol","NULL"," Email <---> Revenue ","51823","GOULD DISCOUNT MEDICAL","3901 DUTCHMANS LN STE 100","LOUISVILLE","KY","40207","Jefferson","","5024912000","","ED GOULD","Owner","M","12000000","80","504703","Medical Equi","4","0","1"
"79860","Maeser Plumbing Inc","duckie@maeser.com","11101 Electron Dr","5022669068","5022666544","171105","Plumbing Contractors","www.maeser.com"," Email <---> Revenue ","79115","MAESER PLUMBING INC","11101 ELECTRON DR","LOUISVILLE","KY","40299","Jefferson","","5022666544","","MARVIN MAESER","President","M","11600000","66","171102","Plumbing Con","4","0","1"
"18726","Ghent Steel Ind","doug.lepping@gallatinsteel.com","155 Montgomery Rd","8595672188","8595672205","505106","Steel-Distributors & Warehouses","www.ghentsteel.com"," Email <---> Revenue ","196270","Ghent Steel Ind","155 Montgomery Rd","Ghent","KY","41045","Carroll","www.ghentsteel.com","8595672205","8595672188","Gerald Noe","Manager","Mal","15705000","15","505106","Steel-Distri","4","0","1"
"104332","Muhlenberg County Opportunity","dixielol@unionplus.net","615 Opportunity Way","2703380766","2703380921","599909","Trophies Awards & Medals","www.muhlon.com"," Email <---> Revenue ","87481","MUHLENBERG COUNTY OPPORTUNITY","615 OPPORTUNITY WAY","GREENVILLE","KY","42345","Muhlenberg","","2703385970","","DOUG BROOKS","Manager","M","10500000","60","244800","Wood Pallets","4","0","1"
"109032","Valu Market","dfranklin@valumarkets.com","315 Whittington Pkwy","5028951273","5024237110","541105","Grocers-Retail","www.valumarkets.com"," Email <---> Revenue ","127668","VALU MARKET","315 WHITTINGTON PKWY","LOUISVILLE","KY","40222","Jefferson","","5023278840","","GREG NEUMANN","President","M","10700000","60","541100","Grocery Stor","4","0","1"
"105803","River Valley Behavioral Health","deborahbradford@rvbh.com","1224 Venable Ave","2706834039","2706840567","806301","Mental Health Services","www.rvbh.com"," Email <---> Revenue ","265214","Rivervalley Behavioral Health","1100 Walnut St # 44","Owensboro","KY","42301","Daviess","www.rvbh.com","2706834039","","Gayle Dicasare","CEO","Fem","16200000","200","806301","Mental Healt","4","0","1"
"44548","Art's Rental Equipment","DavidA@artsrental.com","215 E 6th St","8594313697","8594314519","735910","Rental Service","NULL"," Email <---> Revenue ","7524","ART'S RENTAL EQUIPMENT","215 E 6TH ST","NEWPORT","KY","41071","Campbell","","8594314519","","DAVID ARLINGHOUSE","Owner","M","11800000","100","735300","Hv Constr Eq","4","0","1"
"103104","Pro-Liquitech","david.dafoe@flavorman.com","10801 Electron Dr # 100","5022667336","5022667377","208701","Flavoring Extracts-Manufacturers","NULL"," Email <---> Revenue ","258252","Pro-Liquitech","10801 Electron Dr # 100","Jeffersontown","KY","40299","Jefferson","www.flavorman.com","5022667377","5022667336","David Dafoe","Owner","Mal","22080000","24","208701","Flavoring Ex","4","0","1"
"98196","M & K Interior Contractors Inc","darrin@mkinterior.com","600 N 35th St","5027768735","5027761554","571305","Carpet & Rug Dealers-New","www.mkinterior.com"," Email <---> Revenue ","231865","M & K Interior Contractors Inc","600 N 35th St","Louisville","KY","40212","Jefferson","www.mkinterior.com","5027761554","5027768735","","","","15225000","75","571305","Carpet & Rug","4","0","1"
"32921","Grayson Rural Elec Co-Op Corp","custservice@graysonrecc.com","109 Bagby Park St","6064745862","6064745136","491101","Electric Companies","www.graysonrecc.com"," Email <---> Revenue ","198722","Grayson Rural Elec Co-Op Corp","109 Bagby Park St","Grayson","KY","41143","Carter","www.graysonrecc.com","6064745136","6064745862","Carol Hall Fraley","President","Fem","12000000","41","491101","Electric Com","4","0","1"
"95536","Buehler's Fresh Market","comments@buehlers.com","5252 Bardstown Rd","5024996570","5024996382","541105","Grocers","www.buehlers.com"," Email <---> Revenue ","158110","Buehler's Fresh Market","5252 Bardstown Rd","Louisville","KY","40291","Jefferson","www.buehlers.com","5024996382","5024996570","Rick Leineke","Manager","Mal","20020000","110","541105","Grocers-Reta","4","0","1"
"1616","Coffee Beanery LTD","Clark_Nancy@beanerysupport.com","1162 Florence Mall","8593713497","8593713348","549915","Coffee & Tea","NULL"," Email <---> Revenue ","27067","COFFEE BEANERY LTD","1162 FLORENCE MALL","FLORENCE","KY","41042","Boone","","8593713348","","NANCY CLARK","Owner","F","14800000","837","549902","Beverage Sto","4","0","1"
"46263","Cruise Planners","Clark@cruiseplannersonline.com","4035 Anton Rd","NULL","2708211965","472406","Cruises","NULL"," Email <---> Revenue ","31687","CRUISE PLANNERS","365 STAGECOACH RD","MADISONVILLE","KY","42431","Hopkins","","2708211965","","RICHARD CLARK","Manager","M","10100000","819","472400","Travel Agenc","4","0","1"
"95278","Claiborne Farm","ckoch@claibornefarm.com","703 Winchester Rd","8599870008","8599872330","019101","Farms","www.claibornefarm.com"," Email <---> Revenue ","25917","CLAIBORNE FARM","703 WINCHESTER RD","PARIS","KY","40361","Bourbon","","8599872330","8599870008","SETH HANCOCK","President","M","11300000","150","019100","General Crop","4","0","1"
"100572","Metal Products Inc","cjones@metalproductsinc.com","1263 W Cumberland Gap Pkwy","6065269679","6065230461","344298","Metal Doors Sash Frames & Trim (Mfrs)","www.metalproductsinc.com"," Email <---> Revenue ","238368","Metal Products Inc","1263 W Cumberland Gap Pkwy","Corbin","KY","40701","Whitley","www.metalproductsinc.com","6065230461","6065269679","Robert Berry","President","Mal","12320000","70","344298","Metal Doors ","4","0","1"
"87685","K V Flooring Inc","charlie@flooringplus.com","3261 Ruckriegel Pkwy","5089977125","5022674382","571306","Floor Materials","www.flooringplus.com"," Email <---> Revenue ","67707","K V FLOORING INC","3261 RUCKRIEGEL PKWY","LOUISVILLE","KY","40299","Jefferson","","5022674382","","RON KRESS","President","M","11000000","55","571300","Floor Coveri","4","0","1"
"102766","Highland Roofing Co","brock@highlandroofing.com","4007 Produce Rd","5029683090","5029682009","176109","Roofing Contractors","www.highlandroofing.com"," Email <---> Revenue ","58102","HIGHLAND ROOFING CO","4007 PRODUCE RD","LOUISVILLE","KY","40218","Jefferson","","5029682009","","STEVE RAMSER","President","M","11400000","65","176100","Roofg, Sheet","4","0","1"
"91803","Air To Ground Svc Inc","autodetailing@airtoground.com","3401 Fern Valley Rd","5029624682","5029660364","458104","Aircraft Servicing & Maintenance","www.airtoground.com"," Email <---> Revenue ","141401","Air To Ground Svc Inc","3401 Fern Valley Rd","Louisville","KY","40213","Jefferson","www.airtoground.com","5029660364","5029624682","Roger Graham","Owner","Mal","10100000","100","458104","Aircraft Ser","4","0","1"
"19882","Monessen Hearth Systems","ashleyh@monessenhearth.com","149 Cleveland Dr","8599870740","8599870740","502310","Fireplace Equipment-Wholesale","www.monessenhearth.com"," Email <---> Revenue ","85801","MONESSEN HEARTH SYSTEMS","149 CLEVELAND DR","PARIS","KY","40361","Bourbon","","8599870740","","WILLIAM TWEARDY","President","M","16000000","25105","502300","Whl Homefurn","4","0","1"
"90133","Target Marketing","artwork@chambermapproject.com","1717 Dixie Hwy # 500","8596474000","8596474000","511219","Maps-Publishers & Distrs","www.chambermapproject.com"," Email <---> Revenue ","284150","Target Marketing","1717 Dixie Hwy # 500","Fort Wright","KY","41011","Kenton","www.chambermapproject.com","8596474000","","Stephen T Schrage","Owner","Mal","17100000","50","511219","Maps-Publish","4","0","1"
"101265","Slone's Signature Market","morehead@slonesmarket.com","3387 Tates Creek Rd","8592695645","8592695645","541105","Grocers","www.slonesmarket.com"," Email <---> Revenue ","274490","Slone's Signature Market","3387 Tates Creek Rd","Lexington","KY","40502","Fayette","www.slonesmarket.com","8592660832","8592695645","Andy Moss","Manager","Mal","14560000","80","541105","Grocers-Reta","4","0","1"
"108837","Priceweber","chunter@priceweber.com","2101 Production Dr","5024915593","5024999220","731101","Advertising-Agencies & Counselors","www.priceweber.com"," Email <---> Revenue ","257834","Priceweber","2101 Production Dr","Jeffersontown","KY","40299","Jefferson","www.priceweber.com","5024999220","5024915593","Shanna Columbus","President","Fem","12800000","65","731101","Advertising-","4","0","1"
"109328","Great Northern Manufacturing","carroll@greatnorthernmfg.com","2520 Ridgemar Ct","5022665266","5022666662","505114","Nails & Tacks (Wholesale)","NULL"," Email <---> Revenue ","198872","Great Northern Manufacturing","2520 Ridgemar Ct","Jeffersontown","KY","40299","Jefferson","www.greatnorthernmfg.com","5022666662","5022665266","Carroll Mackin Jr","Owner","Mal","18846000","18","505114","Nails & Tack","4","0","1"
"19601","Louisville Mill Supply Co","terrys@loumill.com","520 S 15th St","5025845015","5025833875","508522","Industrial Equipment & Supplies (Whol)","NULL"," Email <---> Revenue ","230863","Louisville Mill Supply Co","520 S 15th St","Louisville","KY","40203","Jefferson","www.loumill.com","5025833875","5025845015","Terry Shellhamer","Owner","Mal","12000000","30","508522","Industrial E","4","0","1"
"63674","Bath & Body Works Inc","espp@computershare.com","5000 Shelbyville Rd","2514716559","5028999446","599992","Cosmetics & Perfumes-Retail","www.limited.com"," Email <---> Revenue ","150126","Bath & Body Works Inc","5000 Shelbyville Rd","Louisville","KY","40207","Jefferson","www.limited.com","5028999446","","","","","11658000","87","599992","Cosmetics & ","4","0","1"
"56524","Central Farm Supply","TommyM@centralfarm.com","7500 Grade Ln","5023664176","5023636694","519111","Feed-Wholesale","NULL"," Email <---> Revenue ","22516","CENTRAL FARM SUPPLY","7500 GRADE LN","LOUISVILLE","KY","40219","Jefferson","","5023636694","","TOMMY MANNING","President","M","10200000","34","519102","Animal Feeds","4","0","1"
"90875","Satellite STORE","terry@thesatellitestore.com","7412 Preston Hwy","5029693499","5029643474","484103","Satellite Comms Services-Common Carrier","NULL"," Email <---> Revenue ","269885","Satellite STORE","7412 Preston Hwy","Okolona","KY","40219","Jefferson","www.thesatellitestore.com","5029643474","5029693499","Terry Burnett","CEO","Mal","10170000","30","484103","Satellite Co","4","0","1"
"98751","M & M Cartage Co","rhildenbrand@mmcartage.com","4106 Eastmoor Rd","5024561430","5024564586","421309","Trucking-Motor Freight","www.mmcartage.com"," Email <---> Revenue ","231885","M & M Cartage Co","4106 Eastmoor Rd","Louisville","KY","40218","Jefferson","www.mmcartage.com","5024564586","5024561430","William Hayden","Owner","Mal","24311000","161","421309","Trucking-Mot","4","0","1"
"33668","Rev-A-Shelf Inc","rasmarketing@rev-a-shelf.com","2409 Plantside Dr","5024912215","5024995835","308902","Plastics & Plastic Products (Mfrs)","www.rev-a-shelf.com"," Email <---> Revenue ","263604","Rev-A-Shelf Inc","2409 Plantside Dr","Jeffersontown","KY","40299","Jefferson","www.rev-a-shelf.com","5024995835","5024912215","Craig Jones","President","Mal","22400000","250","308902","Plastics & P","4","0","1"
"80830","Benner Co","rbenner@bennerco.com","1760 Lakeland Park Dr","NULL","8599800430","171117","Air Conditioning Contractors & Systems","NULL"," Email <---> Revenue ","12115","BENNER CO","1760 LAKELAND PARK DR","BURLINGTON","KY","41005","Boone","","8599800430","","DAN ROSZKOWSKI","Owner","M","17500000","100","171104","Heating,Air ","4","0","1"
"108686","Bastian Material Handling Corp","asapsupport@asapauto.com","12300 Plantside Dr","5022669494","5022669494","508410","Conveyors & Conveying Equipment (Whol)","www.asapauto.com"," Email <---> Revenue ","11065","BASTIAN MATERIAL HANDLING","12300 PLANTSIDE DR","LOUISVILLE","KY","40299","Jefferson","","5022669494","","BILL BASTIAN","Manager","M","10200000","166","508400","Indus Mchy &","4","0","1"
"91570","Classic Draperies","mbcrush@abcrush.com","1600 W Market Street","5025845511","5025877048","5999","Marketing NEC","ABCRUSH.COM"," Email <---> Revenue ","141699","Albert B Crush Co Inc","1600 W Market St","Louisville","KY","40203","Jefferson","www.abcrush.com","5025845511","5025877048","Bill Crush Jr","Owner","Mal","16450000","25","506302","Power Transm","4","0","1"
"30280","Pediamed Pharmaceuticals","Cameron-Durrant@pediamedpharma.com","7310 Turfway Rd # 490","8592823105","8592828582","283404","Drug Millers","NULL"," Email <---> Revenue ","253011","Pediamed Pharmaceuticals","7310 Turfway Rd # 490","Florence","KY","41042","Boone","","8592828582","8592823105","Cameron Durrant","President","Mal","17710000","23","283404","Drug Millers","4","0","1"
"94489","National Underwriter Co","barry@barryklein.com","5081 Olympic Blvd","2015261260","8596922100","273101","Publishers-Book","www.nationalunderwriter.com"," Email <---> Revenue ","88682","NATIONAL UNDERWRITER CO","5081 OLYMPIC BLVD","ERLANGER","KY","41018","Kenton","","8596922100","","CHARLIE SMITH","Chief Executive Office","M","10100000","138","273100","Book Publish","4","0","1"
"104637","Rexel Southland","khatfield@rexelusa.com","327 E 14th St","9188250660","2706840606","506330","Electric Equipment & Supplies-Wholesale","www.rexelusa.com"," Email <---> Revenue ","263674","Rexel Southland","327 E 14th St","Owensboro","KY","42303","Daviess","www.rexelusa.com","2706840606","2706836256","Bill Thompson","Manager","Mal","18424000","28","506330","Electric Equ","4","0","1"
"67103","Adkins Slone Automotive Center","deals@adkinslone.com","333 C West Stevens Blvd","6064745414","6064744822","754999","Automotive Services","adkinslone.com"," Email <---> Revenue ","2555","ADKINS-SLONE FORD CHRYSLER","333 CW STEVENS BLVD","GRAYSON","KY","41143","","","6064745414","6064744822","MARIAN ADKINS","Owner","F","14100000","35","551100","New & Used C","4","0","1"
"48509","Dee Penna","golf@golfdev.com","2843 Brownsboro Rd","5028948916","null","5941","Golf equipment","GOLFDEV.COM"," Email <---> Revenue ","197515","Golf Development Co","2843 Brownsboro Rd # 106","Louisville","KY","40206","Jefferson","","5028948916","5028931932","","","","12525000","75","162915","Golf Course ","4","0","1"
"38866","Kokoku Rubber Inc","kokokurubber@kokokurubber.com","120 Hanger Cir","8596237095","8596237096","306917","Rubber-Mfrs Supplies (Manufacturers)","www.kokokurubber.com"," Email <---> Revenue ","71582","KOKOKU RUBBER INC","120 HANGER CIR","RICHMOND","KY","40475","Madison","","8596237096","","TETSUO SATO","Manager","M","11900000","180","306900","Fabricated R","4","0","1"
"107739","Fabricated Metals Corp","mikeh@fabricatedmetals.com","6300 Kenjoy Dr","5023632629","5023632625","344403","Sheet Metal Fabricators","www.fabricatedmetals.com"," Email <---> Revenue ","187533","Fabricated Metals Corp","6300 Kenjoy Dr","Louisville","KY","40214","Jefferson","www.fabricatedmetals.com","5023632625","5023632629","Thomas C Diebold","CEO","Mal","10400000","65","344403","Sheet Metal ","4","0","1"
"102736","Eagle Hardwoods","SteveMerrick@somersetwood.com","7 W Racetrack Rd","6065616337","6066782842","242101","Lumber-Manufacturers","www.somersetwood.com"," Email <---> Revenue ","38923","EAGLE HARDWOODS","70 W RACETRACK RD","SOMERSET","KY","42503","Pulaski","","6066782842","","STEVE MERRICK","President","M","18700000","260","242100","Sawmills, Pl","4","0","1"
"83788","State Dock","Jasper.Bill@statedock.com","6365 State Park Rd","2703434793","2703432525","449102","Docks (Facility)","NULL"," Email <---> Revenue ","279134","State Dock","6365 State Park Rd","Jamestown","KY","42629","Russell","","2703432525","2703434793","Bill Jasper","Owner","Mal","17640000","140","449102","Docks (Facil","4","0","1"
"87224","South Graves County Water Dist","mhodges@mayfieldews.com","301 E Broadway St","2703765552","2703765552","494102","Water & Sewage Companies-Utility","www.mayfieldews.com"," Email <---> Revenue ","275960","South Graves County Water Dist","301 E Broadway St","Mayfield","KY","42066","Graves","www.mayfieldews.com","2703765552","2703765552","Kevin Leonard","Administrator","Mal","10650000","50","494102","Water & Sewa","4","0","1"
"106694","Whitworth Tool Inc","kenny.whitworth@whittool.com","PO Box 759","2707560095","2707560098","359903","Machine Shops","NULL"," Email <---> Revenue ","132162","WHITWORTH TOOL INC","114 INDUSTRIAL PARK LN","HARDINSBURG","KY","40143","","","2707560098","2707560095","KENNY WHITWORTH","Owner","M","10800000","130","359900","Industrial M","4","0","1"
"29542","WDRB","B.Lamb@fox41.com","624 W Muhammad Ali Blvd","5025895559","5025846441","483301","Television Stations & Broadcasting CO","NULL"," Email <---> Revenue ","295463","WDRB","624 W Muhammad Ali Blvd","Louisville","KY","40203","Jefferson","www.fox41.com","5025846441","5025895559","Bill Lamb","President","Mal","17900000","200","483301","Television S","4","0","0"
"95158","United Cable Systems Inc","tvs@tvscable.com","2742 Highway 550 W","6066330778","6066330778","484101","Television-Cable & Catv","www.tvscable.com"," Email <---> Revenue ","292438","United Cable Systems Inc","2742 Highway 550 W","Hindman","KY","41822","Knott","www.tvscable.com","6066330778","","Robert C Thacker","Owner","Mal","15255000","45","484101","Television-C","4","0","1"
"96916","Discovery Channel Inc","suki_zhu@dn.winghung.com","8145 Holton Dr","8593427202","8593427200","731908","Distribution Services","www.dcilogistics.com"," Email <---> Revenue ","179831","Discovery Channel Inc","8145 Holton Dr","Florence","KY","41042","Boone","www.dcilogistics.com","8593427200","8593427202","Sharon Currie-Mills","Sr VP","Fem","10300000","100","731908","Distribution","4","0","1"
"39657","Falcon Ridge Golf Course","jgallt@palmernet.com","273 Shoppers Drive","8597441218","8597441266","5941","Golf equipment","FERNLAKE.COM^^INTERSTATE66.COM^^PALMERNET.COM"," Email <---> Revenue ","93966","PALMER ENGINEERING CO","400 SHOPPERS DR","WINCHESTER","KY","40391","Clark","","8597441218","8597441266","RALPH PALMER","President","M","10500000","105","871300","Surveying Se","4","0","1"
"66587","Pennco Inc","pennco@pennco.com","5601 Roberts Dr","6069282137","6069286476","344298","Metal Doors Sash Frames & Trim (Mfrs)","NULL"," Email <---> Revenue ","253303","Pennco Inc","5601 Roberts Dr","Ashland","KY","41102","Boyd","","6069286476","6069282137","William Pennington","President","Mal","17600000","100","344298","Metal Doors ","4","0","1"
"59406","Bando Manufacturing Of America","serviceexpress@bandousa.com","2720 Pioneer Dr","2708426139","2708424110","305298","Rubber & Plastics-Hose & Belting (Mfrs)","www.bandousa.com"," Email <---> Revenue ","148972","Bando Manufacturing Of America","2720 Pioneer Dr","Bowling Green","KY","42101","Warren","www.bandousa.com","2708424110","2708426139","Matt Adams","VP","Mal","24300000","155","305298","Rubber & Pla","4","0","1"
"87586","Western Kentucky Sprinkler Co","bgibson@premierfire.net","1251 N 6th St","2704438048","2704437060","508734","Sprinklers-Automatic-Fire (Wholesale)","www.premierfire.net"," Email <---> Revenue ","298379","Western Kentucky Sprinkler Co","1251 N 6th St","Paducah","KY","42001","Mc Cracken","www.premierfire.net","2704437060","2704438048","Larry Hickey","Owner","Mal","11764000","34","508734","Sprinklers-A","4","0","1"
"106852","Rood & Riddle Equine Hospital","wmathes@roodandriddle.com","2150 Georgetown Rd","8592555367","8592330371","074203","Animal Hospitals","www.roodandriddle.com"," Email <---> Revenue ","266886","Rood & Riddle Equine Hospital","2150 Georgetown Rd","Lexington","KY","40511","Fayette","www.roodandriddle.com","8592330371","8592555367","William Rood","Partner","Mal","12600000","150","74203","Animal Hospi","4","0","0"
"95842","Pier 19 Wholesale","pier19@scrtc.com","506 E Happy Valley St","2707734560","2707737437","519908","General Merchandise-Wholesale","www.pier19imports.com"," Email <---> Revenue ","254956","Pier 19 Wholesale","506 E Happy Valley St","Cave City","KY","42127","Barren","www.pier19imports.com","2707737437","2707734560","Rodney Williams","Owner","Mal","14360000","20","519908","General Merc","4","0","1"
"34592","Mercury Plastics","andy@mercplastics.com","123 Willamette Ln","2707827478","2707828026","308902","Plastics & Plastic Products (Mfrs)","www.mercurybags.com"," Email <---> Revenue ","238146","Mercury Plastics","123 Willamette Ln","Bowling Green","KY","42101","Warren","www.mercurybags.com","2707828026","2707827478","Mike Parkinson","Plant Mgr","Mal","19680000","120","308902","Plastics & P","4","0","1"
"55520","Yellow Cab Amublance Svc","lpritchett@loutrans.com","1601 S Preston St","5026344807","5026360414","412101","Taxicabs & Transportation Service","www.Loutrans.com"," Email <---> Revenue ","302230","Yellow Cab Amublance Svc","1601 S Preston St","Louisville","KY","40217","Jefferson","www.loutrans.com","5026360414","5026344807","Sherman Hockenbury","Executive Director","Mal","10800000","180","412101","Taxicabs & T","4","0","1"
"104645","Pro-Care Home Health","lmeans@pchh.com","122 W Union St","2708851211","2702983112","808201","Home Health Service","www.pchh.com"," Email <---> Revenue ","100241","PRO-CARE HOME HEALTH","122 W UNION ST","HARTFORD","KY","42347","","","2702983112","2702984766","KENNETH WIGGINS","Manager","M","10400000","109","808200","Home Health ","4","0","1"
"102501","Addiction Threatment Ctr","addictionprofessionals@thewatershed.com","NULL","2568950206","5025610049","806301","Mental Health Services","www.thewatershed.com"," Email <---> Revenue ","140326","Addiction Threatment Ctr","","Louisville","KY","40202","Jefferson","www.thewatershed.com","5025610049","","","","","16200000","200","806301","Mental Healt","4","0","1"
"35326","Lin Pac Materials Handling","kim.stone@linpac.com","120 Commerce Ct","5028635500","5028631649","308902","Plastics & Plastic Products (Mfrs)","www.linpacmh.com"," Email <---> Revenue ","76297","LINPAC MATERIALS HANDLING","120 COMMERCE CT","GEORGETOWN","KY","40324","Scott","","5028635500","","JEFF MITCHELL","Manager","M","14600000","1077","282100","Plas Mtls & ","4","0","1"
"58277","Apollo Oil","Phil@apollooil.com","1175 Early Dr","8597455823","8597445444","517213","Oils-Industrial (Wholesale)","NULL"," Email <---> Revenue ","6620","APOLLO OIL","1175 EARLY DR","WINCHESTER","KY","40391","Clark","","8597445444","","PHIL HOLLEY","President","M","20300000","75","517204","Lubric Oils,","4","0","1"
"83263","Erdmann Corp","jsmith@erdmanncorp.com","1900 W Muhammad Ali Blvd","5025843611","5025841271","508513","Valves-Wholesale","www.erdmanncorp.com"," Email <---> Revenue ","186309","Erdmann Corp","1900 W Muhammad Ali Blvd","Louisville","KY","40203","Jefferson","www.erdmanncorp.com","5025841271","5025843611","James Smith","Owner","Mal","17100000","30","508513","Valves-Whole","4","0","1"
"76569","Technology Group","Joey.Sensing@techgroupintl.com","3250 Madison St","2704449473","2705546773","506504","Radio Communication Equip & Systems-Whol","NULL"," Email <---> Revenue ","284723","Technology Group","3250 Madison St","Paducah","KY","42001","Mc Cracken","","2705546773","2704449473","Joey Sensing","Owner","Mal","10100000","10","506504","Radio Commun","4","0","1"
"94920","Green Turtle Bay Resort","boatworks@greenturtlebay.com","239 Jetty Dr","2703628615","2703628364","701111","Resorts","www.greenturtlebay.com"," Email <---> Revenue ","52900","GREEN TURTLE BAY RESORT","239 JETTY DR","GRAND RIVERS","KY","42045","Livingston","","2703628364","2703624119","WILLIAM GARY III","Owner","M","22500000","75","555100","Boat Dealers","4","0","1"
"105926","River Valley Behavioral Health","fosterfamilies@rvbh.com","1224 Venable Ave","2706840934","2706840567","806301","Mental Health Services","www.rvbh.com"," Email <---> Revenue ","265067","River Valley Behavioral Health","1000 Industrial Dr","Owensboro","KY","42301","Daviess","","2706896800","2706896799","Nancy Keeton","Administrator","Fem","20250000","250","806301","Mental Healt","4","0","1"
"68754","American Printing House","aphinfo-request@iglou.com","1839 Frankfort Ave","5028992274","5028952405","273298","Printers-Books","www.aph.org"," Email <---> Revenue ","5579","AMERICAN PRINTING HOUSE","1839 FRANKFORT AVE","LOUISVILLE","KY","40206","Jefferson","","5028952405","5028992274","TUCK TINSLEY","President","M","17700000","300","273200","Book Printin","4","0","1"
"104224","Sweco Inc","dave.abner@sweco.com","8029 Dixie Hwy","8592838412","8593714360","356998","General Ind Machinery/Equip Nec (Mfrs)","www.sweco.com"," Email <---> Revenue ","119365","SWECO INC","8029 US HIGHWAY 25","FLORENCE","KY","41042","Boone","","8593714360","8592838469","BRENDA BEERS","President","F","16200000","200","356900","General Indu","4","0","1"
"92870","Taylor County Bank","sharon.lee@primevest.com","201 Lebanon Ave","2704655389","2704654196","602201","State Commercial Banks","www.taylorcountybank.com"," Email <---> Revenue ","284398","Taylor County Bank","201 Lebanon Ave","Campbellsville","KY","42718","Taylor","www.taylorcountybank.com","2704654196","2704655389","James C Miller Iii","President","Mal","17524000","52","602201","State Commer","4","0","1"
"19024","Mark Shelly","ltersmt@mrtc.com","271 Main","6067433179","null","4931","Electric services","LVRECC.COM;MOUTAINTELEPHONE.COM;RODSTAFF.ORG"," Email <---> Revenue ","228225","Licking Valley RECC","271 Main St","West Liberty","KY","41472","Morgan","www.lvrecc.com","6067433179","6067432415","Bill Duncan","Manager","Mal","10400000","39","491101","Electric Com","4","0","1"
"104015","A L Pickens Co","ckkinney@alpickens.com","2500 Data Dr","5024913040","5024914215","509908","Manufacturers-Agents & Representatives","www.alpickens.com"," Email <---> Revenue ","138269","A L Pickens Co","2500 Data Dr","Jeffersontown","KY","40299","Jefferson","www.alpickens.com","5024914215","5024913040","Michael J Klein","CEO","Mal","18880000","20","509908","Manufacturer","4","0","1"
"97757","Brooklawn Child & Family Svc","David_Graves@brooklawn.net","2125 Goldsmith Ln","5024510896","5024515177","832218","Social Service & Welfare Organizations","NULL"," Email <---> Revenue ","17101","BROOKLAWN CHILD & FAMILY SVC","2125 GOLDSMITH LN","LOUISVILLE","KY","40218","Jefferson","","5024515177","","DAVID GRAVES","President","M","14000000","187","832200","Social Servi","4","1","1"
"84864","heating & ac","eworkman@fayetteheating.com","165 Midland Ave","8592330424","8592546926","171198","Plumbing Heating & Air Conditioning","FAYETTEHEATING.COM"," Email <---> Revenue ","44439","FAYETTE HEATING & AIR COND","165 MIDLAND AVE","LEXINGTON","KY","40508","Fayette","","8592330424","","BRET MELROSE","Owner","M","12300000","70","171104","Heating,Air ","4","0","1"
"65062","Atria Highland Crossing","spatzwaldt@us.ibm.com","400 Farrell Dr","5152832913","8593410777","805904","Retirement Communities & Homes","www.ibm.com"," Email <---> Revenue ","8258","ATRIA HIGHLAND CROSSING","400 FARRELL DR","COVINGTON","KY","41011","Kenton","","8593410777","","KATHY MC CAMERON","Administrator","F","12400000","7037","805900","Nursing & Pe","4","0","1"
"87821","Food Lion","flinfo@foodlion.com","214 El Rodger Wells Blvd","3026742921","2706511718","541105","Grocers-Retail","www.foodlion.com"," Email <---> Revenue ","191890","Food Lion","214 El Rodger Wells Blvd","Glasgow","KY","42141","Barren","www.foodlion.com","2706511718","","John Carter","Manager","Mal","11830000","65","541105","Grocers-Reta","4","0","1"
