mail id,company,email,address,phone,fax,sic,sic description,web,,revenue id,company,address,city,state,zip,	metro,web,phone,fax,contact,position,gender,sales,# of employee,sic,sic_descrpiton,	,,
"35819","CSX Transportation","plant_switch@csx.com","97 Back Bottom Rd","2174421161","6064328153","401101","Railroads","www.csx.com"," Email <---> Revenue ","160135","CSX Transportation","97 Back Bottom Rd","Shelbiana","KY","41562","Pike","www.csx.com","6064328153","6064324420","K R Stewart","Manager","Mal","37750000","125","401101","Railroads","5","0","1"
"104526","Plymouth Steel Corp","rbassett@plymouthsteel.com","8505 Dixie Hwy","5867559452","8595251776","331201","Steel Mills","www.plymouthsteel.com"," Email <---> Revenue ","256251","Plymouth Steel Corp","8505 Dixie Hwy","Florence","KY","41042","Boone","www.plymouthsteel.com","8595251776","8595251781","Tony Robinson","Plant Mgr","Mal","30480000","60","331201","Steel Mills","5","0","1"
"44347","Metals USA","robertmcpherson@metalsusa.com","100 Maple St","5044313060","2703383971","505106","Steel-Distributors & Warehouses","www.metalsusa.com"," Email <---> Revenue ","238388","Metals USA","100 Maple St","Greenville","KY","42345","Muhlenberg","www.metalsusa.com","2703383971","2703385617","Rick Newman","Manager","Mal","31410000","30","505106","Steel-Distri","5","0","1"
"25933","West Kentucky Rural Electric","roger@wkrecc.com","111 Ingersoll Rand Rd","2702516958","2702474556","491101","Electric Companies","www.wkrecc.com"," Email <---> Revenue ","298111","West Kentucky Rural Electric","111 Ingersoll Rand Rd","Mayfield","KY","42066","Graves","www.wkrecc.com","2702474556","2702516958","Jimmy Greer","Manager","Mal","30800000","50","491101","Electric Com","5","0","1"
"105183","Mt Vernon Plastics Corp","anne.brown@alcoa.com","Highway 150 & Highway 461","3018742490","6062565164","308902","Plastics & Plastic Products (Mfrs)","www.alcoa.com"," Email <---> Revenue ","242940","Mt Vernon Plastics Corp","Highway 150 & Highway 461","Mt Vernon","KY","40456","Rockcastle","www.alcoa.com","6062565164","6062565099","Doug Mac Murdo","Plant Mgr","Mal","43000000","0","308902","Plastics & P","5","0","1"
"106586","Rotek Inc","tom.james@rotek-inc.com","8060 Production Dr","NULL","8593428430","356298","Ball & Roller Bearing (Manufacturers)","NULL"," Email <---> Revenue ","267196","Rotek Inc","8060 Production Dr","Florence","KY","41042","Boone","www.rotek-inc.com","8593428430","","Brian Webb","CEO","Mal","30240000","140","356298","Ball & Rolle","5","0","1"
"81365","Distributors Warehouse Inc","tpawzun@alliance1.com","1900 N 10th St","6082417605","2704428201","509998","Distribution Centers","www.800autotalk.com"," Email <---> Revenue ","179872","Distributors Warehouse Inc","1900 N 10th St","Paducah","KY","42001","Mc Cracken","www.800autotalk.com","2704428201","2704424914","Steve Korte","President","Mal","33040000","35","509998","Distribution","5","0","1"
"88143","Stained Glass Overlay","D.B@stainedglassbysgo.com","4025 Dixie Hwy","8597274746","8597274746","523103","Glass-Stained & Leaded","NULL"," Email <---> Revenue ","115955","STAINED GLASS OVERLAY","4025 DIXIE HWY","ELSMERE","KY","41018","Kenton","","8597274746","","DANIEL BURGESS","Owner","M","40200000","600","323100","Purchased Gl","5","0","1"
"106622","Bob Sumerel Tire Co Inc","developer@isoc.net","1257 Cox Ave","8596359777","8592832700","501401","Tire-Distributors","www.bobsumereltire.com"," Email <---> Revenue ","15070","BOB SUMEREL TIRE CO INC","1257 COX AVE","ERLANGER","KY","41018","Boone","","8592832700","","ROBERT SUMEREL","Chief Executive Office","M","36800000","387","301100","Tires & Inne","5","0","1"
"88868","Flooring America","DillworthG@flooring-america.com","5150 Heartland Dr","2704431253","2704431190","571306","Floor Materials","NULL"," Email <---> Revenue ","46689","FLOORING AMERICA","5150 HEARTLAND DR","PADUCAH","KY","42001","McCracken","","2704431190","","GREG DILLWORTH","Manager","M","26000000","10950","175200","Floor Laying","5","0","1"
"63834","Salt River Electric","nickyr@srelectric.com","111 W Brashear Ave","5025434559","5023483931","491101","Electric Companies","www.srelectric.com"," Email <---> Revenue ","269168","Salt River Electric","111 W Brashear Ave","Bardstown","KY","40004","Nelson","www.srelectric.com","5023483931","5023481993","Larry Hicks","Manager","Mal","33100000","79","491101","Electric Com","5","0","1"
"86576","Somerset Food Svc","donr@somersetfoods.com","910 Highway 461","6062745141","6062744858","514201","Frozen Foods-Wholesale","www.somersetfoods.com"," Email <---> Revenue ","113306","SOMERSET FOOD SVC","910 HIGHWAY 461","SOMERSET","KY","42503","Pulaski","","6062744858","6062745141","TIM WILLIAMS","Chief Executive Office","M","25100000","140","514100","Whl Gen Groc","5","0","1"
"54413","United Producers Inc","dstump@uproducers.com","RR 1","8128827150","2705474021","478904","Stock Yards","www.uproducers.com"," Email <---> Revenue ","126220","UNITED PRODUCERS INC","PO BOX 422","IRVINGTON","KY","40146","","","2705474021","","SHEILA MAGNER","Manager","F","34700000","301","478900","Transportati","5","0","1"
"46637","Snider Bolt & Screw Inc","ghuff@sniderbolt.com","11503 Champions Way","5029682278","5029682250","507201","Bolts & Nuts (Wholesale)","www.sniderbolt.com"," Email <---> Revenue ","275098","Snider Bolt & Screw Inc","11503 Champions Way","Louisville","KY","40299","Jefferson","www.sniderbolt.com","5029682250","5029682278","Mark Cunningham","President","Mal","25900000","50","507201","Bolts & Nuts","5","0","1"
"101824","INDUSTRIAL Disposal Svc","graya@repsrv.com","1423 S Jackson St","5629060251","5026389000","495302","Garbage Collection","www.republicservices.com"," Email <---> Revenue ","209672","INDUSTRIAL Disposal Svc","1423 S Jackson St","Louisville","KY","40208","Jefferson","www.republicservices.com","5026389000","5026380900","Brian Slade","Manager","Mal","27125000","125","495302","Garbage Coll","5","0","1"
"64330","Air Way Technologies","Grubbs_Mike@airway.com","2205 Global Way","8596890229","8596890223","506516","Mobile Telephone Equip & Supls (Whol)","NULL"," Email <---> Revenue ","141406","Air Way Technologies","2205 Global Way","Hebron","KY","41048","Boone","www.airway.com","8596890223","8596890229","Mike Grubbs","CEO","Mal","40400000","40","506516","Mobile Telep","5","0","1"
"108563","Box USA","webfeedback@ipaper.com","3900 Produce Rd","2173246099","5029683361","265301","Corrugated & Solid Fiber Boxes (Mfrs)","www.boxusa.com"," Email <---> Revenue ","155902","Box USA","3900 Produce Rd","Louisville","KY","40218","Jefferson","www.boxusa.com","5029683361","5029692203","Bill Smith","Plant Mgr","Mal","29370000","110","265301","Corrugated &","5","0","1"
"41087","X-Ray Dog Productions","style@brownbroscad.com","728 South 4th St","5025839771","5025663502","8999","Services NEC","brownbroscad.com"," Email <---> Revenue ","17224","BROWN BROS CADILLAC","728 S 4TH ST","LOUISVILLE","KY","40202","Jefferson","","5025839771","5025663502","GARY BROWN","President","M","36000000","89","551100","New & Used C","5","0","1"
"84494","Hall Contracting Of Ky Inc","spriebe@hallky.com","3800 Crittenden Dr","5023615771","5023676151","162308","Utility Contractors","www.hallcontracting.net"," Email <---> Revenue ","201546","Hall Contracting Of Ky Inc","3800 Crittenden Dr","Louisville","KY","40209","Jefferson","www.hallcontracting.net","5023676151","5023615771","Sandra Bruce","Manager","Fem","33400000","200","162308","Utility Cont","5","0","1"
"59104","Lesportsac Inc","seattle@lesportsac.com","86 Shirt Factory Rd","6063761066","6063761066","311102","Handbags-Mfrs Equipment & Supls (Mfrs)","www.lesportsac.com"," Email <---> Revenue ","74103","LE SPORTSAC","PO BOX 400","STEARNS","KY","42647","","","6063761066","","GARY NELSON","Manager","M","29400000","458","311100","Leather Tan,","5","0","1"
"103967","Max Arnold & Sons Inc","royc@maxfuel.net","181 Murray St","2708250363","2708214723","517215","Oils-Petroleum (Wholesale)","www.maxfuel.net"," Email <---> Revenue ","235727","Max Arnold & Sons Inc","181 Murray St","Madisonville","KY","42431","Hopkins","www.maxfuel.net","2708214723","2708250363","Bob Arnold","President","Mal","33540000","10","517215","Oils-Petrole","5","0","1"
"100321","Owen Electric Cooperative Inc","owenmarket@owenelectric.com","8205 Highway 127 N","5024842661","5024843471","491101","Electric Companies","www.owenelectric.com"," Email <---> Revenue ","249801","Owen Electric Cooperative Inc","8205 Highway 127 N","Owenton","KY","40359","Owen","www.owenelectric.com","5024843471","5024842661","Robert Marshall","Manager","Mal","32700000","124","491101","Electric Com","5","0","1"
"86411","Olshan Foundation Repair","olshan@cablelock.com","132 E Woodlawn Ave","6019560302","2704433223","179909","Waterproofing Contractors","www.olshanfoundation.com"," Email <---> Revenue ","92241","OLSHAN FOUNDATION REPAIR","132 E WOODLAWN AVE","LOUISVILLE","KY","40214","Jefferson","","5029681960","","MARK DIMITRIJEVIC","Manager","M","45000000","1511","421300","Trucking","5","0","1"
"89474","Cayce Mill Supply Co","ndossett@caycemill.com","4011 Fort Campbell Blvd","2708860521","2708860521","506319","Lighting Fixtures-Wholesale","www.caycemill.com"," Email <---> Revenue ","163447","Cayce Mill Supply Co","4011 Fort Campbell Blvd","Hopkinsville","KY","42240","Christian","www.caycemill.com","2708860521","2708860521","Breck Cayce","President","Mal","49350000","75","506319","Lighting Fix","5","0","1"
"97205","Gates Rubber Co","mvanderlaan@gates.com","7979 Vulcan Dr","6203654110","8593422100","508548","Rubber Products-Wholesale","www.gates.com"," Email <---> Revenue ","195268","Gates Rubber Co","7979 Vulcan Dr","Florence","KY","41042","Boone","www.gates.com","8593422100","8593425535","Daryl Rainer","Plant Mgr","Mal","45030000","79","508548","Rubber Produ","5","0","1"
"106269","United Health Care","maureen_white@uhc.com","2424 Harrodsburg Rd # 300","8592243419","8592603600","632404","Health Plans","NULL"," Email <---> Revenue ","292523","United Health Care","2424 Harrodsburg Rd # 300","Lexington","KY","40503","Fayette","","8592603600","8592243419","Charles Price","CEO","Mal","47795000","55","632404","Health Plans","5","0","1"
"62117","Begley Lumber Co","mattb@begleylumber.com","24 Seeley Rd","6068771230","6068649521","242101","Lumber-Manufacturers","www.begleylumber.com"," Email <---> Revenue ","150844","Begley Lumber Co","2001 Russell Dych Memorial Hwy","London","KY","40741","Laurel","","6068772073","6068775402","George Begley","Owner","Mal","25800000","100","521142","Lumber-Retai","5","0","1"
"105094","Waste Management Inc","lynnbrown@wm.com","2673 Outer Loop","2546804478","5029660272","495302","Garbage Collection","www.wastemanagement.com"," Email <---> Revenue ","296765","Waste Management Inc","2673 Outer Loop","Okolona","KY","40219","Jefferson","www.wm.com","5029660272","5029698374","Rick Turbeville","Manager","Mal","43400000","200","495302","Garbage Coll","5","0","1"
"90931","Louisville Paving Co","joed@loupaving.com","1801 Payne St","5025836375","5025831726","161106","Asphalt & Asphalt Products","www.loupaving.com"," Email <---> Revenue ","77827","LOUISVILLE PAVING CO","1801 PAYNE ST","LOUISVILLE","KY","40206","Jefferson","","5025831726","","BILL DOUGHERTY","Owner","M","40700000","275","295100","Asphalt Pavi","5","0","1"
"19980","Premium Allied Tool Inc","inquiry@thehinesgroup.com","5680 Old Highway 54 E","2707294332","2707294242","346904","Metal Stamping (Manufacturers)","www.premiumalliedtool.com"," Email <---> Revenue ","99687","PREMIUM ALLIED TOOL INC","PO BOX 1598","OWENSBORO","KY","42302","Daviess","","2707294242","","RON BAMBURGER","Chief Executive Office","M","30600000","543","346900","Metal Stampi","5","0","1"
"108655","Greif Brothers Corp","info.netherlands@greif.com","5100 Interchange Way","8592820808","5029666105","265301","Corrugated & Solid Fiber Boxes (Mfrs)","www.greif.com"," Email <---> Revenue ","199694","Greif Brothers Corp","5100 Interchange Way","Louisville","KY","40229","Jefferson","www.greif.com","5029666105","5029648886","Max Marley","Plant Mgr","Mal","26700000","100","265301","Corrugated &","5","0","1"
"109082","Champion Windows Siding & Pto","evansville@championwindow.com","774 S Laurel Rd","5085806064","6068643939","521120","Storm Windows & Doors","www.championwindow.com"," Email <---> Revenue ","23066","CHAMPION WINDOWS SIDING & PTO","774 S LAUREL RD","LONDON","KY","40744","Laurel","","6068643939","","","Unknown","","35000000","3080","521102","Door,Window ","5","0","1"
"92338","I B Moore Co Inc","dwilliams@ibmoore.com","648 Laco Dr","8592544389","8592555501","508548","Rubber Products-Wholesale","www.ibmoore.com"," Email <---> Revenue ","209555","I B Moore Co Inc","648 Laco Dr","Lexington","KY","40510","Fayette","www.ibmoore.com","8592555501","8592544389","John Connley","President","Mal","25650000","45","508548","Rubber Produ","5","0","1"
"85603","Blue Grass Energy","directors@bgenergy.com","1200 Versailles Rd","5028395051","5028393442","491101","Electric Companies","www.bgenergy.com"," Email <---> Revenue ","135352","Blue Grass Energy","1200 Versailles Rd","Lawrenceburg","KY","40342","Anderson","www.bgenergy.com","5028393442","5028395051","Barry Drury","Manager","Mal","49280000","80","491101","Electric Com","5","0","1"
"62133","Water & Sewer Division-Bowling","customerinquiry@bgmu.com","801 Center St","2707824590","2707821220","494102","Water & Sewage Companies-Utility","www.bgmu.com"," Email <---> Revenue ","296801","Water & Sewer Division-Bowling","801 Center St","Bowling Green","KY","42101","Warren","www.bgmu.com","2707821220","2707824590","Terry Hendricks","Plant Mgr","Mal","31950000","150","494102","Water & Sewa","5","0","1"
"13967","Morton Custom Plastics","crugar.tuttle@mortongroup.com","Po Box 1160","2706920411","270-692-0901","3089","Plastics Products","NEC (plastics sausage casings)"," Email <---> Revenue ","241943","Morton Custom Plastics","655 Industrial Dr","Lebanon","KY","40033","Marion","","2706920901","2706920411","Crugar Tuttle","Plant Mgr","Mal","41000000","250","308906","Plastics-Fab","5","0","1"
"100037","Trace Die Cast Inc","cguthrie@tracediecast.com","140 Graham Ave","2707819827","2707810049","336398","Aluminum Die Castings (Manufacturers)","www.tracediecast.com"," Email <---> Revenue ","123383","TRACE DIE CAST INC","140 GRAHAM AVE","BOWLING GREEN","KY","42101","Warren","","2707810049","","LOWELL GUTHRIE","Chief Executive Office","M","30400000","475","336300","Alum Die-Cas","5","0","1"
"87602","Zip Express Courier Svc","Brad@zipexpress.com","1234 W Broadway","5025696584","5025873487","421205","Delivery Service","NULL"," Email <---> Revenue ","302765","Zip Express Courier Svc","1234 W Broadway","Louisville","KY","40203","Jefferson","www.zipexpress.com","5025873487","5025696584","Brad Baumeret","Owner","Mal","35250000","250","421205","Delivery Ser","5","0","1"
"99839","Silmar Resins","bjensen@interplastic.com","3535 Latonia Ave","6156505308","8592927400","282105","Resins-Manufacturers","www.interplastic.com"," Email <---> Revenue ","273707","Silmar Resins","3535 Latonia Ave","Covington","KY","41015","Kenton","www.interplastic.com","8592927400","8592927404","Ed Sulick","Plant Mgr","Mal","27250000","70","282105","Resins-Manuf","5","0","1"
"68265","River Metals Recycling LLC","ali@rmrecycling.com","2114 Metal Ln","5025878699","5025855331","509313","Scrap Metals & Iron (Wholesale)","NULL"," Email <---> Revenue ","105513","RIVER METALS RECYCLING LLC","2045 RIVER RD","LOUISVILLE","KY","40206","Jefferson","","5025855331","5025878699","CARLA MILLER","Vice-President","F","26100000","180","509303","Recycling Ce","5","0","1"
"29632","Kentuckiana Comfort Ctr Inc","tmitchell@kcccurbs.com","2716 Grassland Dr","5024911739","5024919880","171117","Air Conditioning Contractors & Systems","www.kcccurbs.com"," Email <---> Revenue ","68852","KENTUCKIANA COMFORT CTR INC","2716 GRASSLAND DR","LOUISVILLE","KY","40299","Jefferson","","5024919880","","AL FIORINI","Owner","M","26300000","150","171104","Heating,Air ","5","0","1"
"13675","Prestige Audio Visual","bmonahan@prestigeav.com","127 E 2nd St","8596558108","8596558100","504301","Audio-Visual Equipment & Supls (Whol)","www.prestigeav.net"," Email <---> Revenue ","257620","Prestige Audio Visual","127 E 2nd St","Covington","KY","41011","Kenton","www.prestigeav.net","8596558100","8596558108","Terry Ramstetter","Manager","Mal","30780000","30","504301","Audio-Visual","5","0","1"
"58008","Jackson Purchase Energy","electricity@jpenergy.com","2900 Irvin Cobb Dr","2704425337","2704427321","491101","Electric Companies","www.jpenergy.com"," Email <---> Revenue ","213371","Jackson Purchase Energy","2900 Irvin Cobb Dr","Paducah","KY","42003","Mc Cracken","www.jpenergy.com","2704427321","2704425337","Kelly Nuckols","Manager","Mal","32400000","83","491101","Electric Com","5","0","1"
"105385","Brown Food Svc Inc","brownfoodservice@brownfoodservice.com","500 E Clayton Ln","6066381130","6066381139","514102","Food Brokers","www.brownfoodservice.com"," Email <---> Revenue ","17238","BROWN FOOD SVC INC","500 E CLAYTON LN","LOUISA","KY","41230","","","6066381139","6066381130","WAYNE BROWN","President","M","26900000","150","514100","Whl Gen Groc","5","0","1"
