mail id,company,email,address,phone,fax,sic,sic description,web,,revenue id,company,address,city,state,zip,	metro,web,phone,fax,contact,position,gender,sales,# of employee,sic,sic_descrpiton,	,,
"68915","Hi-Lo Industries","webmaster@zoeller.com","3280 Old Millers Ln","5027780234","5027780234","508444","Pumps (Wholesale)","www.hiloind.com"," Email <---> Revenue ","57750","HI-LO INDUSTRIES","3280 OLD MILLERS LN","LOUISVILLE","KY","40216","Jefferson","","5027780234","","","Unknown","","17000000","378","508400","Indus Mchy &","4","0","1"
"103659","Messenger-Inquirer","webmaster@messenger-inquirer.com","1401 Frederica St","2706853446","2709260123","731106","Advertising-Newspaper","www.messenger-inquirer.com"," Email <---> Revenue ","238324","Messenger-Inquirer","1401 Frederica St","Owensboro","KY","42301","Daviess","www.messenger-inquirer.com","2709260123","2706853446","Bob Childress","Publisher","Mal","23700000","150","731106","Advertising-","4","0","1"
"107086","Pan-Oston Co","service@panoston.com","6944 Louisville Rd","2707833906","2706515944","357898","Calculating & Accounting Machines (Mfrs)","www.panoston.com"," Email <---> Revenue ","94053","PAN-OSTON CO","6944 LOUISVILLE RD","BOWLING GREEN","KY","42101","Warren","","2707833900","","JIM VANCE","President","M","20800000","208","357800","Calctg, Acct","4","0","1"
"71748","Walters Buildings","sales@waltersbuildings.com","1429 N 127 Byp","2626295233","5028396904","154210","Buildings-Metal","www.waltersbuildings.com"," Email <---> Revenue ","137265","Walters Buildings","1429 N 127 Byp","Lawrenceburg","KY","40342","Anderson","www.waltersbuildings.com","5028396904","5028390002","Sheryl Crutcher","Manager","Fem","10950000","25","154210","Buildings-Me","4","0","1"
"88771","Wagner Car Wash Co","sales@wagnercarwash.com","11209 Electron Dr","5022665881","5022678382","508708","Car Washing/Polishing Equip/Supls (Whol)","www.wagnercarwash.com"," Email <---> Revenue ","129264","WAGNER CAR WASH CO","11209 ELECTRON DR","LOUISVILLE","KY","40299","Jefferson","","5022678382","","CHRISTOPHER WAGNER","Chief Executive Office","M","24200000","130","508700","Sv Estab Eqp","4","0","1"
"75469","Trim Masters","sales@trimmasters.com","201 Judge Kenneth Goff Dr","2702597676","2702598000","754203","Automobile Detail & Clean-Up Service","www.trimmasters.com"," Email <---> Revenue ","289114","Trim Masters","201 Judge Kenneth Goff Dr","Leitchfield","KY","42754","Grayson","www.trimmasters.com","2702598000","2702597676","Jay Kiper","Plant Mgr","Mal","20500000","500","754203","Automobile D","4","0","1"
"102296","Raque Food Systems Inc","sales@raque.com","11002 Decimal Dr","5022672352","5022679641","355698","Food Products-Machinery (Manufacturers)","www.raque.com"," Email <---> Revenue ","261639","Raque Food Systems Inc","11002 Decimal Dr","Louisville","KY","40299","Jefferson","www.raque.com","5022679641","5022672352","Glen Raque","President","Mal","15760000","80","355698","Food Product","4","0","1"
"16298","Peerless Electronic Equipment","sales@pelec.com","1815 S 7th St","5026352959","5026377674","506519","Electronic Equipment & Supplies-Whol","www.pelec.com"," Email <---> Revenue ","253102","Peerless Electronic Equipment","1815 S 7th St","Louisville","KY","40208","Jefferson","www.pelec.com","5026377674","5026352959","Lawrence E Baines","President","Mal","22220000","22","506519","Electronic E","4","0","1"
"69272","Mr C Refrigeration","sales@mrcrefrigeration.com","206 E Whitney Ave","5023664233","5023663644","507804","Refrigerating Equip-Coml (Wholesale)","www.mrcrefrigeration.com"," Email <---> Revenue ","242585","Mr C Refrigeration","206 E Whitney Ave","Louisville","KY","40214","Jefferson","www.mrcrefrigeration.com","5023663644","5023664233","Mike Campisano","Owner","Mal","12750000","25","507804","Refrigeratin","4","0","1"
"66010","Liberty Tax Svc","sales@libtax.com","1211 Skyline Dr","3157367962","2708850385","729101","Tax Return Preparation & Filing","www.libertytax.com"," Email <---> Revenue ","75651","LIBERTY TAX SVC","1211 SKYLINE DR","HOPKINSVILLE","KY","42240","Christian","","2708850385","","SCOTT ARBUCKLE","Manager","M","17500000","10763","729100","Tax Return P","4","0","1"
"50220","Freeman Corp","sales@freemancorp.com","415 Magnolia St","8148378401","8597444311","243501","Plywood & Veneers-Manufacturers","www.collinswood.com"," Email <---> Revenue ","193231","Freeman Corp","415 Magnolia St","Winchester","KY","40391","Clark","www.freemancorp.com","8597444311","8597444363","George Freeman","CEO","Mal","11000000","260","243501","Plywood & Ve","4","0","1"
"68552","John Banks","sales@courterco.com","11450 Bluegrass Parkway","5022677007","5022679728","5311","Retail shops","courterco.com"," Email <---> Revenue ","172709","Courterco","11450 Bluegrass Pkwy","Jeffersontown","KY","40299","Jefferson","www.courterco.com","5022677007","5022679728","Frank Bates","Manager","Mal","14120000","20","503120","Cabinet Make","4","0","1"
"84548","Project Heating & Cooling Co","sales@comfortcenter.com","515 N English Station Rd","5022446053","5022456683","171102","Heating Contractors","www.comfortcenter.com"," Email <---> Revenue ","258633","Project Heating & Cooling Co","515 N English Station Rd","Anchorage","KY","40223","Jefferson","www.comfortcenter.com","5022456683","5022446053","Ron Castleman","Owner","Mal","14600000","100","171102","Heating Cont","4","0","1"
"109173","Stericycle Inc","products@stericycle.com","1 Technology Pl","2702744108","2702745775","495315","Waste Removal-Medical","www.stericycle.com"," Email <---> Revenue ","279802","Stericycle Inc","1 Technology Pl","Beaver Dam","KY","42320","Ohio","www.stericycle.com","2702745775","2702744108","Todd Casselman","Manager","Mal","10850000","50","495315","Waste Remova","4","0","1"
"86236","Tova Industries Inc","marketing@tovaindustries.com","2902 Blankenbaker Rd","5022677119","5022677333","514101","Food Products (Wholesale)","www.tovaindustries.com"," Email <---> Revenue ","123080","TOVA INDUSTRIES INC","2902 BLANKENBAKER RD","LOUISVILLE","KY","40299","Jefferson","","5022677333","","ZACK MELZER","President","M","15800000","88","203400","Dehydrated F","4","0","1"
"51595","ICS Inc","marketing@icsconnect.com","5051 Commerce Crossings Dr","5029663557","5029643300","504704","Physicians & Surgeons Equip & Supls-Whol","www.icsconnect.com"," Email <---> Revenue ","209631","ICS Inc","5051 Commerce Crossings Dr","Louisville","KY","40229","Jefferson","www.icsconnect.com","5029643300","5029663557","Sally Osborn","Manager","Fem","14950000","25","504704","Physicians &","4","0","1"
"89074","INTER-County Energy","mail@intercountyenergy.net","1009 Hustonville Rd","8592363627","8592364561","491101","Electric Companies","www.intercountyenergy.net"," Email <---> Revenue ","209677","INTER-County Energy","1009 Hustonville Rd","Danville","KY","40422","Boyle","www.intercountyenergy.net","8592364561","8592363627","James Jacobus","Manager","Mal","17200000","60","491101","Electric Com","4","0","1"
"14528","PIC","legal@pigchamp.com","3033 Nashville Rd","2705864190","2705869224","874213","Marketing Programs & Services","www.pigcare.com"," Email <---> Revenue ","250443","PIC","3033 Nashville Rd","Franklin","KY","42134","Simpson","www.pigcare.com","2705869224","2705864190","Phillip J David","CEO","Mal","17000000","100","874213","Marketing Pr","4","0","1"
"46804","Ale-8-One Bottling Co","information@ale-8-one.com","25 Carol Rd","8597447950","8597443484","514937","Beverages (Wholesale)","www.ale-8-one.net"," Email <---> Revenue ","141805","Ale-8-One Bottling Co","25 Carol Rd","Winchester","KY","40391","Clark","www.ale-8-one.net","8597443484","8597447950","Frank A Rogers Iii","President","Mal","11100000","76","514937","Beverages (W","4","0","1"
"37612","Young Manufacturing Co","info@youngmanufacturing.com","521 S Main St","2702749522","2702743306","243102","Millwork (Manufacturers)","www.youngmanufacturing.com"," Email <---> Revenue ","134798","YOUNG MANUFACTURING CO","521 S MAIN ST","BEAVER DAM","KY","42320","","","2702743306","2702749522","ROBERT YOUNG","President","M","11900000","161","243100","Millwork","4","0","1"
"27822","Woodcraft Industries","info@woodcraftind.com","434 Scottys Way","2707815739","2707814100","399903","Manufacturers","www.woodcraftind.com"," Email <---> Revenue ","301234","Woodcraft Industries","434 Scottys Way","Bowling Green","KY","42101","Warren","www.woodcraftind.com","2707814100","2707815739","Rich Hagan","Plant Mgr","Mal","16899000","129","399903","Manufacturer","4","0","1"
"10850","Storm Security LTD","info@stormsecurity.com","1223 S Main St","6068644180","6068786540","506304","Security Control Equip & Systems-Whol","www.stormsecurity.com"," Email <---> Revenue ","117577","STORM SECURITY LTD","1223 S MAIN ST","LONDON","KY","40741","Laurel","","6068786540","6068644180","GAILE STORM","Manager","F","18000000","300","738102","Guard & Patr","4","0","1"
"106792","Ruggles Sign Co","info@rugglessign.com","308 Crossfield Dr","8598731697","8598791199","399302","Signs (Manufacturers)","www.rugglessign.com"," Email <---> Revenue ","107321","RUGGLES SIGN CO","308 CROSSFIELD DR","VERSAILLES","KY","40383","Woodford","","8598791199","","TIM CAMBRON","President","M","12200000","54","738900","Business Svs","4","0","1"
"56231","Mueller Roofing Distributors","info@muellerroofing.com","5547 National Tpke","5024938746","5024952222","503303","Roofing Materials-Wholesale","www.muellerroofing.com"," Email <---> Revenue ","243041","Mueller Roofing Distributors","5547 National Tpke","Louisville","KY","40214","Jefferson","www.muellerroofing.com","5024952222","5024938746","Johnny Tyler","Manager","Mal","12640000","20","503303","Roofing Mate","4","0","1"
"3628","Mc Elroy Metal Inc","info@mcelroymetal.com","9435 Us Highway 60 W","3187478029","2702953724","335501","Aluminum Fabricators","www.mcelroymetal.com"," Email <---> Revenue ","82156","MC ELROY METAL INC","9435 US HIGHWAY 60 W","LEWISPORT","KY","42351","Hancock","","5022953724","","STEVE BAKER","Manager","M","15600000","899","335500","Alum Rol & D","4","0","1"
"66146","Lyons Co","info@lyonscompany.com","308 Samson St","2706516867","2706512733","171114","Mechanical Contractors","www.lyonscompany.com"," Email <---> Revenue ","231793","Lyons Co","308 Samson St","Glasgow","KY","42141","Barren","www.lyonscompany.com","2706512733","2706516867","Vince Foushee","President","Mal","14600000","100","171114","Mechanical C","4","0","1"
"46891","Louisville Cooler Mfg Co","info@lvlcooler.com","7657 National Tpke","5023633148","5023631692","507804","Refrigerating Equip-Coml (Wholesale)","www.louisvillecooler.com"," Email <---> Revenue ","230638","Louisville Cooler Mfg Co","7657 National Tpke","Louisville","KY","40214","Jefferson","www.louisvillecooler.com","5023631692","5023633148","Jim Kinser","President","Mal","15300000","30","507804","Refrigeratin","4","0","1"
"65007","Jamestown Resort & Marina","info@flagshipmarinas.com","3677 S Highway 92","2703435253","2703435253","701111","Resorts","www.aquayachtharbor.com"," Email <---> Revenue ","214046","Jamestown Resort & Marina","3677 S Highway 92","Jamestown","KY","42629","Russell","www.jamestown-marina.com","2703435253","","Mark Von Fumetti","Manager","Mal","10500000","140","701111","Resorts","4","1","1"
"83828","Caudill Seed Co Inc","info@caudillseed.com","1402 W Main St","5025834405","5025834402","519105","Seeds & Bulbs-Wholesale","NULL"," Email <---> Revenue ","21845","CAUDILL SEED CO INC","1402 W MAIN ST","LOUISVILLE","KY","40203","Jefferson","","5025834402","","DAN CAUDILL","President","M","12900000","43","281900","Ind Inorgani","4","0","1"
"103912","Power Creative Inc","hr@powercreative.com","11701 Commonwealth Dr","5022671727","5022670772","731101","Advertising-Agencies & Counselors","www.powercreative.com"," Email <---> Revenue ","99227","POWER CREATIVE INC","11701 COMMONWEALTH DR","LOUISVILLE","KY","40299","Jefferson","","5022670772","","MIKE POWER","Chief Executive Office","M","11900000","109","731100","Advertising ","4","0","1"
"92216","C & I Engineering","careers@cieng.com","1930 Bishop Ln # 800","5024519574","5024514977","871111","Engineers-Consulting","www.cieng.com"," Email <---> Revenue ","159367","C & I Engineering","1930 Bishop Ln # 800","Louisville","KY","40218","Jefferson","www.cieng.com","5024514977","5024519574","","","","18960000","120","871111","Engineers-Co","4","0","1"
"45031","Con Agra Foods","consumeraffairs@conagrafoods.com","2522 Plantside Dr","2708272968","5024917900","514704","Meat-Wholesale","www.conagra.com"," Email <---> Revenue ","170786","Con Agra Foods","2522 Plantside Dr","Jeffersontown","KY","40299","Jefferson","www.conagra.com","5024917900","5024990874","Mark Diederick","Manager","Mal","16744000","13","514704","Meat-Wholesa","4","0","1"
"25117","Laminating Services Inc","techsupport@lsiwc.com","4700 Robards Ln","5024582639","5024582614","267904","Wall Covering-Fabric Plastic Etc-Mfrs","www.lsiusa.com"," Email <---> Revenue ","225166","Laminating Services Inc","4700 Robards Ln","Louisville","KY","40218","Jefferson","www.lsiusa.com","5024582614","5024582639","Ralph Risimini","Plant Mgr","Mal","18960000","80","267904","Wall Coverin","4","0","1"
"106702","OVASCO Industries","sales@ovasco.com","1475 S 15th St","5025811141","5025842219","519950","Bags-Burlap Canvas & Cotton (Wholesale)","www.ovasco.com"," Email <---> Revenue ","247783","OVASCO Industries","1475 S 15th St","Louisville","KY","40210","Jefferson","www.ovasco.com","5025842219","5025811141","Lee Benovitz","President","Mal","17950000","25","519950","Bags-Burlap ","4","0","1"
"63825","Pic USA","information@pic.com","3033 Nashville Rd","2705865958","2705869226","021201","Livestock Producers","www.pic.com"," Email <---> Revenue ","96952","PIC USA","3033 NASHVILLE RD","FRANKLIN","KY","42134","","","2705869224","2702652844","PHILLIP J DAVID","Chief Executive Office","M","10000000","100","021200","Cattle Raisi","4","0","1"
"64819","W T Young Storage Co","sales@wtyoung.com","2225 Young Dr","8592668939","8592661136","509905","Importers","www.wtyoung.com"," Email <---> Revenue ","129125","W T YOUNG STORAGE CO","2225 YOUNG DR","LEXINGTON","KY","40505","Fayette","","8592661136","8592668939","WILLIAM T YOUNG JR","President","M","16500000","392","509906","Importers","4","0","1"
"36876","Hi-Tech Mold & Tool Inc","webmaster@hi-techmold.com","1987 South Park Rd","5029690494","5029690492","308901","Mold Makers","www.hi-techmold.com"," Email <---> Revenue ","205377","Hi-Tech Mold & Tool Inc","1987 South Park Rd","Louisville","KY","40219","Jefferson","www.hi-techmold.com","5029690492","5029690494","Gerald Cox","President","Mal","15580000","95","308901","Plastics-Mol","4","0","1"
"107733","HMB Employee Line","info@hmbconsultants.com","3 Hmb Cir","5026959810","5026959808","871106","Engineers","www.hmbconsultants.com"," Email <---> Revenue ","200846","HMB Employee Line","3 Hmb Cir","Frankfort","KY","40601","Franklin","www.hmbconsultants.com","5026959808","5026959810","Brad Meyer","President","Mal","12640000","80","871106","Engineers","4","0","1"
"16089","Deco/Douglas Electronics Co","service@decoav.com","650 Baxter Ave","5025876176","5025842288","506304","Security Control Equip & Systems-Whol","www.decoav.com"," Email <---> Revenue ","178234","Deco/Douglas Electronics Co","650 Baxter Ave","Louisville","KY","40204","Jefferson","www.decoav.com","5025842288","5025876176","P Martin Riche","President","Mal","15134000","23","506304","Security Con","4","0","1"
"75903","Hilliard Lyons Inc","webmaster@hilliard.com","10350 Ormsby Park Pl # 501","8436629620","5024260790","628205","Financial Planning Consultants","www.hilliard.com"," Email <---> Revenue ","206204","Hilliard Lyons Inc","10350 Ormsby Park Pl # 501","Louisville","KY","40223","Jefferson","www.hilliard.com","5024260790","5024260865","David Mc Donald","Manager","Mal","14525000","35","628205","Financial Pl","4","0","1"
"17021","Rouck Plumbing","info@rouck.com","930 W Main Street","5025876941","5025846932","171198","Plumbing Heating & Air Conditioning","null"," Email <---> Revenue ","42528","EXPRESS COMFORT BY ROUCK","930 W MAIN ST","LOUISVILLE","KY","40202","Jefferson","","5025876941","","DON MC MANUS","Owner","M","17500000","100","171102","Plumbing Con","4","0","1"
"81220","Zavos Diagnostic Laboratories","sales@kainford.com","300 Markham Dr","8598736666","8598737880","5311","Retail shops","kainford.com"," Email <---> Revenue ","63713","JACK KAIN FORD INC","3405 LEXINGTON RD","VERSAILLES","KY","40383","Woodford","","8598736666","8598737880","JACK KAIN","Owner","M","20200000","50","551100","New & Used C","4","0","1"
"103504","Bilt Rite Products","info@bigdutchmanla.com","1201 W 9th St","6163926188","2707262463","352311","Poultry Equipment & Supplies-Mfrs","www.bigdutchmanusa.com"," Email <---> Revenue ","153110","Bilt Rite Products","1201 W 9th St","Russellville","KY","42276","Logan","www.bigdutchmanusa.com","2707262463","2707267815","Beverly Bond","Plant Mgr","Fem","10486000","49","352311","Poultry Equi","4","0","1"
