mail id,company,email,address,phone,fax,sic,sic description,web,,revenue id,company,address,city,state,zip,	metro,web,phone,fax,contact,position,gender,sales,# of employee,sic,sic_descrpiton,	,,
"38594","S.P.B.A. Marketing; Inc.","info@owenelectric.com","510 S Main Street","5024843471","5024842661","4931","Electric services","owenelectric.com"," Email <---> Revenue ","249801","Owen Electric Cooperative Inc","8205 Highway 127 N","Owenton","KY","40359","Owen","www.owenelectric.com","5024843471","5024842661","Robert Marshall","Manager","Mal","32700000","124","491101","Electric Com","5","0","1"
"107242","Renfro Valley Entertainment","info@renfrovalley.com","Us Highway 25","6062562679","6062562664","792908","Music & Live Entertainment","www.renfrovalley.com"," Email <---> Revenue ","263185","Renfro Valley Entertainment","Us Highway 25","Renfro Valley","KY","40473","Rockcastle","www.renfrovalley.com","6062562664","6062562679","Connie Hunt","CEO","Fem","33000000","150","792908","Music & Live","5","0","1"
"46000","Orr Protection Systems Inc","custserv@orrcorp.com","11601 Interchange Dr","8162414545","5022444500","356910","Fire Protection Equipment & Supls-Mfrs","www.orrsafety.com"," Email <---> Revenue ","249384","Orr Protection Systems Inc","11601 Interchange Dr","Louisville","KY","40229","Jefferson","www.orrsafety.com","5022444500","5027768030","Clark Orr","CEO","Mal","41600000","200","356910","Fire Protect","5","0","1"
"86276","Dawn Food Products","webmaster@dawnfoods.com","212 Eiler Ave","8164215774","5023618471","209998","Food Preparations Nec (Manufacturers)","www.dawnfoods.com"," Email <---> Revenue ","177709","Dawn Food Products","212 Eiler Ave","Louisville","KY","40214","Jefferson","www.dawnfoods.com","5023618471","5023689437","Gary Wiethern","Plant Mgr","Mal","44160000","160","209998","Food Prepara","5","0","1"
"105067","Armstrong Wood Products","webmaster@armstrong.com","630 Industry Rd","7174267250","6066787336","242603","Floor Materials-Manufacturers","www.armstrong.com"," Email <---> Revenue ","145725","Armstrong Wood Products","630 Industry Rd","Somerset","KY","42501","Pulaski","www.armstrong.com","6066787336","6066780319","Todd Fitzgerald","Plant Mgr","Mal","44280000","360","242603","Floor Materi","5","0","1"
"95611","Plymouth Tube Co","sales@plymouth.com","201 Commerce Ct","6622582075","2708866631","335698","Rolling Drawing Extruding-Nonferrous Mtl","www.plymouth.com"," Email <---> Revenue ","256252","Plymouth Tube Co","201 Commerce Ct","Hopkinsville","KY","42240","Christian","www.plymouth.com","2708866631","2708866662","Karl Weiss","Manager","Mal","32940000","90","335698","Rolling Draw","5","0","1"
"64452","EMB Corp","sales@embcorp.com","1203 Hawkins Dr","2707371909","2707371996","362598","Relays & Industrial Controls (Mfrs)","www.embcorp.com"," Email <---> Revenue ","183145","EMB Corp","1203 Hawkins Dr","Elizabethtown","KY","42701","Hardin","www.embcorp.com","2707371996","2707371909","William C Schaffrick","President","Mal","28000000","125","362598","Relays & Ind","5","0","1"
"2197","Stry Lenkoff Co","info@strylenkoff.com","1100 W Broadway","5025876822","5025876804","275202","Printers","www.strylenkoff.com"," Email <---> Revenue ","280837","Stry Lenkoff Co","1100 W Broadway","Louisville","KY","40203","Jefferson","www.strylenkoff.com","5025876804","5025876822","Jimmy Kays","President","Mal","30400000","200","275202","Printers","5","0","1"
"106953","Stardust Cruisers","info@stardustcruisers.com","150 E First Street","6063488466","6063483376","472406","Cruises","stardustcruisers-usa.com"," Email <---> Revenue ","116277","STARDUST CRUISERS","2300 E HIGHWAY 90 BYP","MONTICELLO","KY","42633","","","6063484604","","BOB MEACHAM","Chief Executive Office","M","30000000","100","555100","Boat Dealers","5","0","1"
"81535","Infiltrator Systems Inc","info@infiltratorsystems.com","1315 Enterprise Dr","8597445668","8597453760","356998","General Ind Machinery/Equip Nec (Mfrs)","www.infiltratorsystems.com"," Email <---> Revenue ","210465","Infiltrator Systems Inc","1315 Enterprise Dr","Winchester","KY","40391","Clark","www.infiltratorsystems.com","8597453760","8597445668","Tony Whisman","Plant Mgr","Mal","41600000","200","356998","General Ind ","5","0","1"
"23971","Gateway Press Inc","info@gatewaypressinc.com","4500 Robards Ln","5024597930","5024586033","275998","Commercial Printing Nec","www.gatewaypressinc.com"," Email <---> Revenue ","195320","Gateway Press Inc","4500 Robards Ln","Louisville","KY","40218","Jefferson","www.gatewaypressinc.com","5024586033","5024597930","Nick Burrice","CEO","Mal","33500000","286","275998","Commercial P","5","0","1"
"43218","Feeders Supply Co","info@feederssupply.com","315 Baxter Ave","5029354274","5025833867","599929","Pet Supplies & Foods-Retail","www.feederssupply.com"," Email <---> Revenue ","44709","FEEDERS SUPPLY CO","315 BAXTER AVE","LOUISVILLE","KY","40204","Jefferson","","5025833867","","PAM LONGWELL","President","F","26300000","150","599911","Pets,Pet Sup","5","0","1"
"90310","Carls Commercial Gases","info@ccg.com","368 Terry Blvd","7707538884","5029555928","516920","Oxygen (Wholesale)","www.ccg.com"," Email <---> Revenue ","161988","Carls Commercial Gases","368 Terry Blvd","Okolona","KY","40229","Jefferson","www.ccg.com","5029555928","5029557801","Carl Barker","Owner","Mal","25025000","25","516920","Oxygen (Whol","5","0","1"
"94518","Active Transportation Inc","info@activetransport.com","11601 Westport Rd","6104946805","5023277099","421309","Trucking-Motor Freight","www.activetransport.com"," Email <---> Revenue ","140065","Active Transportation Inc","11601 Westport Rd","Louisville","KY","40241","Jefferson","www.activetransport.com","5023277099","5023270375","Juan Rankin","Manager","Mal","30200000","200","421309","Trucking-Mot","5","0","1"
"95720","Unified Food Svc Prchsng Co-Op","webmaster@ufpc.com","950 Breckenridge Ln # 300","5028934150","5028965900","504604","Restaurant Equipment & Supplies (Whol)","www.ufpc.com"," Email <---> Revenue ","125892","UNIFIED FOOD SVC PRCHSNG CO-OP","950 BRECKENRIDGE LN STE 300","LOUISVILLE","KY","40207","Jefferson","","5028965900","5028934150","DANIEL E WOODSIDE","Chief Executive Office","M","28500000","200","504604","Restaurant E","5","0","1"
"30088","Buddy's Carpet & Flooring","info@buddyscarpet.com","7112 Turfway Rd","NULL","8593719797","571305","Carpet & Rug Dealers","www.buddyscarpet.com"," Email <---> Revenue ","17726","BUDDY'S CARPET & FLOORING","7112 TURFWAY RD","FLORENCE","KY","41042","Boone","","8593719797","","KIM TRINGENBURG","Manager","F","40000000","200","571301","Carpets","5","0","1"
"44046","Laboratory Supply Co","hr@labsco.com","250 Ottawa Ave","6153670652","5023631891","504704","Physicians & Surgeons Equip & Supls-Whol","www.labsco.com"," Email <---> Revenue ","224679","Laboratory Supply Co","250 Ottawa Ave","Louisville","KY","40209","Jefferson","www.labsco.com","5023631891","5023641609","Charles Davis","Owner","Mal","45000000","75","504704","Physicians &","5","0","1"
