mail id,company,email,address,phone,fax,sic,sic description,web,,revenue id,company,address,city,state,zip,	metro,web,phone,fax,contact,position,gender,sales,# of employee,sic,sic_descrpiton,	,,
"103835","Rue 21","customerservice@rue21.com","401 Outlet Center Dr # 150","6234659750","5028634629","562101","Women's Apparel-Retail","www.rue21.com"," Email <---> Revenue ","107302","RUE 21","401 OUTLET CENTER DR STE 150","GEORGETOWN","KY","40324","Scott","","5028634629","","LEAH WOODALL","Manager","F","60000000","2828","562100","Women'S Cl S","6","0","1"
"84466","Affiliated Computer Svc","info@acs-inc.com","1084 S Laurel Rd","2154123007","6068787900","737401","Data Processing Service","www.acs-inc.com"," Email <---> Revenue ","141015","Affiliated Computer Svc","1084 S Laurel Rd","London","KY","40744","Laurel","www.acs-inc.com","6068787900","6068785218","Rick Mills","Manager","Mal","78200000","600","737401","Data Process","6","0","1"
"46302","Cta Acoustics Inc","info@ctaacoustics.com","100 Cta Blvd","6065288074","6065288050","329698","Mineral Wool (Manufacturers)","www.ctaacoustics.com"," Email <---> Revenue ","174141","Cta Acoustics Inc","100 Cta Blvd","Corbin","KY","40701","Whitley","www.ctaacoustics.com","6065288050","6065288074","William Woolery","Plant Mgr","Mal","50000000","500","329698","Mineral Wool","6","0","1"
"2764","Littleford Day Inc","info@littleford.com","7451 Empire Dr","8595251446","8595257600","355698","Food Products-Machinery (Manufacturers)","www.littleford.com"," Email <---> Revenue ","229393","Littleford Day Inc","7451 Empire Dr","Florence","KY","41042","Boone","www.littleford.com","8595257600","8595251446","Donald L Steedman","President","Mal","65625000","120","355698","Food Product","6","0","1"
"49826","Martco","sales@martcoinc.com","337 Byrne Ave","5026376430","5026351600","506304","Security Control Equip & Systems-Whol","www.martcoinc.com"," Email <---> Revenue ","234611","Martco","337 Byrne Ave","Louisville","KY","40209","Jefferson","www.martcoinc.com","5026351600","5026376430","Robert Martin","Owner","Mal","64484000","98","506304","Security Con","6","0","1"
"5858","Leitchfield Plastics","sales@jonesplastic.com","918 Commerce Dr","2702595351","2702599333","308901","Mold Makers","www.jonesplastic.com"," Email <---> Revenue ","227075","Leitchfield Plastics","918 Commerce Dr","Leitchfield","KY","42754","Grayson","www.jonesplastic.com","2702599333","2702595351","Terry Tyra","Plant Mgr","Mal","65600000","400","308901","Plastics-Mol","6","0","1"
"51828","Gator Made Inc","webmaster@gatormade.com","2400 N Highway 27","6066769157","6066796893","501212","Trailers-Truck (Wholesale)","www.gatormade.com"," Email <---> Revenue ","195355","Gator Made Inc","2400 N Highway 27","Somerset","KY","42503","Pulaski","www.gatormade.com","6066796893","6066769157","B J Brown Jr","Owner","Mal","92500000","25","501212","Trailers-Tru","6","0","1"
"82292","Keith Monument Co LLC","info@rockofages.com","1024 N Dixie Ave","2703608206","2707655216","328198","Cut Stone & Stone Products (Mfrs)","www.rockofages.com"," Email <---> Revenue ","68276","KEITH MONUMENT CO LLC","1407 N DIXIE HWY","ELIZABETHTOWN","KY","42701","Hardin","","2707655216","2703608206","","Unknown","","89500000","699","328100","Cut Stone,St","6","0","1"
"79088","Louis Trauth Dairy Inc","info@trauthdairy.com","16 E 11th St","8594310349","8594317553","202498","Ice Cream & Frozen Desserts (Mfrs)","www.trauthdairy.com"," Email <---> Revenue ","230499","Louis Trauth Dairy Inc","16 E 11th St","Newport","KY","41071","Campbell","www.trauthdairy.com","8594317553","8594310349","Gary Sparks","President","Mal","90000000","0","202498","Ice Cream & ","6","0","1"
"108760","Alcan Aluminum Corp","investor.relations@alcan.com","302 Mayde Rd","2485538201","8599862347","509312","Recycling Centers (Wholesale)","www.alcan.com"," Email <---> Revenue ","141744","Alcan Aluminum Corp","302 Mayde Rd","Berea","KY","40403","Madison","www.alcan.com","8599862347","8599861973","Fritz Gilbert","Plant Mgr","Mal","53119000","121","509312","Recycling Ce","6","0","1"
"9008","Louisville Ladder Inc","info@louisvilleladder.com","7719 National Tpke # A","5026361014","5023687926","508422","Ladders (Wholesale)","www.louisvilleladder.com"," Email <---> Revenue ","77751","LOUISVILLE LADDER INC","7765 NATIONAL TPKE # 190","LOUISVILLE","KY","40214","Jefferson","","5026362811","","DAVID HALE","President","M","62000000","469","507200","Whl Hardware","6","0","1"
"62468","Ashland Oil Co","webmaster@marathonpetroleum.com","4510 Algonquin Pkwy","5027725223","5027725200","517215","Oils-Petroleum (Wholesale)","www.mapllc.com"," Email <---> Revenue ","146289","Ashland Oil Co","4510 Algonquin Pkwy","Louisville","KY","40211","Jefferson","www.mapllc.com","5027725200","5027725223","Fred Mccormick","Manager","Mal","73788000","22","517215","Oils-Petrole","6","0","1"
