mail id,company,email,address,phone,fax,sic,sic description,web,,revenue id,company,address,city,state,zip,	metro,web,phone,fax,contact,position,gender,sales,# of employee,sic,sic_descrpiton,	,,
"102451","Tru Green Chem Lawn","feedback@servicemaster.com","13135 Middletown Industrial Bl","8504775162","5022452900","078206","Lawn & Grounds Maintenance","www.servicemaster.com"," Email <---> Revenue ","289553","Tru Green Chem Lawn","13135 Middletown Industrial Bl","Anchorage","KY","40223","Jefferson","www.servicemaster.com","5022452900","5022454270","Tim Cassidy","Manager","Mal","8400000","100","78206","Lawn & Groun","3","0","1"
"18868","Town Talk Cap Mfg Co","custserv@kittrellouterwear.com","6310 Cane Run Rd","5029337599","5029337575","235302","Hats-Manufacturers","www.ttcaps.com"," Email <---> Revenue ","287937","Town Talk Cap Mfg Co","6310 Cane Run Rd","Pleasure Rdg Pk","KY","40258","Jefferson","www.ttcaps.com","5029337575","5029337599","Wayne Joplin Sr","Owner","Mal","5110000","70","235302","Hats-Manufac","3","0","1"
"34642","Papercone Corp","customerservice@papercone.com","3200 Fern Valley Rd","5023668801","5029619493","267701","Envelopes-Manufacturers","www.papercone.com"," Email <---> Revenue ","94234","PAPERCONE CORP","3200 FERN VALLEY RD","LOUISVILLE","KY","40213","Jefferson","","5029619493","","BROOKS BOWER","Chief Executive Office","M","8400000","150","267700","Mfg Envelope","3","0","1"
"55267","Kenney Corp","administrator@kmcturf.com","1920 Watterson Trl","3178792331","5024998203","509116","Golf Course Equipment (Wholesale)","www.kmcturf.com"," Email <---> Revenue ","220115","Kenney Corp","1920 Watterson Trl","Louisville","KY","40299","Jefferson","www.kmcturf.com","5024998203","5024998213","Penny Crozier","Manager","Fem","6150000","10","509116","Golf Course ","3","0","1"
"101742","Continuum Technologies","admin@medivoxx.com","2351 Nelson Miller Pkwy # 102","5022549953","5022449859","738917","Transcribing Service-Tape Disc Etc","www.continuum-tech.com"," Email <---> Revenue ","29068","CONTINUUM TECHNOLOGIES","2351 NELSON MILLR PKWY STE 102","LOUISVILLE","KY","40223","Jefferson","","5022449859","","RALPH PIERCY","Owner","M","9000000","40","738900","Business Svs","3","0","1"
"103322","ETI Corradino","hr@corradino.com","200 S 5th St # 300n","5025872636","5025872641","871120","Engineers-Environmental","www.corradino.com"," Email <---> Revenue ","183188","ETI Corradino","200 S 5th St # 300n","Louisville","KY","40202","Jefferson","www.corradino.com","5025872641","5025872636","Joe Corradino","Owner","Mal","5530000","35","871120","Engineers-En","3","0","1"
"38067","A V Concepts Inc","info@avcsecurity.com","1801 Frankfort Ave # 2","5028977373","5028977373","506304","Security Control Equip & Systems-Whol","www.avcsecurity.com"," Email <---> Revenue ","138548","A V Concepts Inc","1801 Frankfort Ave # 2","Louisville","KY","40206","Jefferson","www.avcsecurity.com","5028977373","","Jim Hillenbrand","Owner","Mal","5922000","9","506304","Security Con","3","0","1"
"20825","Builders Metal Supply Inc","info@buildersmetal.com","1032 S 8th St","5025893754","5025893396","505119","Concrete Reinforcements (Wholesale)","www.buildersmetal.com"," Email <---> Revenue ","17920","BUILDERS METAL SUPPLY INC","1032 S 8TH ST","LOUISVILLE","KY","40203","Jefferson","","5025893396","5025893754","GARY JONES","Owner","M","5600000","25","331200","Steel Works","3","0","1"
"9433","Cherry Hill Homes","info@cherryhillhomes.net","50 Theatre Drive","8598234663","null","738999","Business Services Nec","null"," Email <---> Revenue ","23854","CHERRY HILL MOBILE HOME SALES","50 THEATRE DR","DRY RIDGE","KY","41035","Grant","","8598234663","","TODD WILSON","Owner","M","5300000","14","527100","Mobile Home ","3","0","1"
"93257","Glass Doctor","info@glassdoctor.com","3300 Gilmore Industrial Blvd","2052900112","5025891818","523110","Glass-Auto Plate & Window & Etc","www.glassdoctor.com"," Email <---> Revenue ","50821","GLASS DOCTOR","3300 GILMORE INDUSTRIAL BLVD","LOUISVILLE","KY","40213","Jefferson","","5025891818","5029690791","BILL ZEIGLER","Owner","M","8400000","25105","753600","Auto Glass R","3","0","1"
"98496","Harley-Davidson Bowling Green","info@harley-davidsonbowlinggreen.com","251 Cumberland Trace Rd","2708462939","2708464488","557106","Motorcycles & Motor Scooters-Dealers","www.harley-davidsonbowlinggreen.com"," Email <---> Revenue ","202650","Harley-Davidson Bowling Green","251 Cumberland Trace Rd","Bowling Green","KY","42103","Warren","www.harley-davidsonbowlinggreen.com","2708464488","2708462939","Jay Culbertson","Manager","Mal","9268000","28","557106","Motorcycles ","3","0","1"
"109427","Harley-Davidson/Buell","info@h-dlex.com","1246 Industry Rd","8592260145","8592532461","557106","Motorcycles & Motor Scooters-Dealers","www.h-dlex.com"," Email <---> Revenue ","202652","Harley-Davidson/Buell","1246 Industry Rd","Lexington","KY","40505","Fayette","www.h-dlex.com","8592532461","8592260145","Lynn Mc Gaughey","Manager","Fem","5958000","18","557106","Motorcycles ","3","0","1"
"98659","VASCO Inc","info@hpproducts.com","1538 Bloom Ave","2704436727","2704429292","508724","Janitors Equipment/Supplies (Wholesale)","www.hpproducts.com"," Email <---> Revenue ","293342","VASCO Inc","1538 Bloom Ave","Paducah","KY","42003","Mc Cracken","www.hpproducts.com","2704429292","2704436727","John Land","Manager","Mal","5190000","15","508724","Janitors Equ","3","0","1"
"99337","Hylton Homes","info@hyltonhomes.com","71 Conn Street","6065465555","6065463517","738999","Business Services Nec","hyltonhomes.com"," Email <---> Revenue ","61077","HYLTON HOMES","PO BOX 170","IVEL","KY","41642","","","6068749033","","SALLY PORTER","Owner","F","9400000","25","527100","Mobile Home ","3","0","1"
"81108","Inoac Packaging Group","info@inoacusa.com","901 Nutter Dr","5023480229","5023485159","308598","Plastic Bottles (Manufacturers)","www.inoacusa.com"," Email <---> Revenue ","62037","INOAC PACKAGING GROUP","901 NUTTER DR","BARDSTOWN","KY","40004","Nelson","","5023485159","","JACOB RASCON","Manager","M","7800000","130","308500","Mfg Plastic ","3","0","1"
"92916","Instantwhip Indianapolis Inc","info@instantwhip.com","128 E Woodlawn Ave","3178991544","5023610555","514303","Dairy Products-Wholesale","www.instantwhip.com"," Email <---> Revenue ","210751","Instantwhip Indianapolis Inc","128 E Woodlawn Ave","Louisville","KY","40214","Jefferson","www.instantwhip.com","5023610555","","Patrick Cade","Manager","Mal","8640000","9","514303","Dairy Produc","3","0","1"
"75869","Eaton Asphalt Paving Co Inc","info@jrjnet.com","1075 Eaton Dr","8593315346","8593312303","295101","Asphalt & Asphalt Products-Manufacturers","www.jrjnet.com"," Email <---> Revenue ","39550","EATON ASPHALT PAVING CO INC","1075 EATON DR","FT WRIGHT","KY","41017","Kenton","","8593312303","","CHARLES BUCKLEW","President","M","8900000","60","295100","Asphalt Pavi","3","0","1"
"109249","KWIK-Set Fasteners Inc","info@kwik-set.com","1151 Commercial Dr","8592547473","8592527518","508206","Contractors-Equip/Supls-Dlrs/Svc (Whol)","www.kwik-set.com"," Email <---> Revenue ","72011","KWIK-SET FASTENERS INC","1151 COMMERCIAL DR","LEXINGTON","KY","40505","Fayette","","8592527518","","MYRNA BURKE","Owner","F","6800000","45","769923","Tool Repair ","3","0","1"
"21398","Lifeline Home Care","info@lifelinehomecare.com","216 Poplar Ave","6066789157","6066784032","808201","Home Health Service","www.lifelinehomecare.com"," Email <---> Revenue ","228314","Lifeline Home Care","216 Poplar Ave","Somerset","KY","42503","Pulaski","www.lifelinehomecare.com","6066784032","6066789157","Jim Simpson","Executive Director","Mal","9065000","185","808201","Home Health ","3","0","1"
"60923","Madisonville Tire & Retreading","info@madisonvilletire.com","48 Federal St","2708243005","2708212954","553123","Tire-Dealers-Retail","www.madisonvilletire.com"," Email <---> Revenue ","79094","MADISONVILLE TIRE & RETREADING","PO BOX 1593","MADISONVILLE","KY","42431","Hopkins","","2708212954","","DONALD R ROBINSON","Vice-President","M","6100000","34","553199","Automotive T","3","0","1"
"12053","Continuum Technologies","info@medivoxx.com","2351 Nelson Miller Pkwy # 102","5022449859","5022449859","738917","Transcribing Service-Tape Disc Etc","www.dicken.com"," Email <---> Revenue ","29068","CONTINUUM TECHNOLOGIES","2351 NELSON MILLR PKWY STE 102","LOUISVILLE","KY","40223","Jefferson","","5022449859","","RALPH PIERCY","Owner","M","9000000","40","738900","Business Svs","3","0","1"
"65524","Lordell Enterprises","info@meestile.com","4536 Poplar Level Road","5029695858","5029693838","8999","Services NEC","meestile.com"," Email <---> Revenue ","83167","MEES DEVELOPMENT CO","4536 POPLAR LEVEL RD","LOUISVILLE","KY","40213","Jefferson","","5029695858","","TODD MEYER","Vice-President","M","7500000","50","174300","Terrazzo, Ti","3","0","1"
"87256","Melodyline","info@melodyline.com","250 W Main St # 3100","8593898912","8593898800","738999","Business Services Nec","www.melodyline.com"," Email <---> Revenue ","83317","MELODYLINE","250 W MAIN ST STE 3100","LEXINGTON","KY","40507","Fayette","","8593898800","","CECIL RUTHERFORD","Owner","M","6800000","30","738900","Business Svs","3","0","1"
"75112","North American Resource Group","info@nargusa.com","219 Reynolds Rd","2706783612","2706785989","874212","Energy Conservation & Mgmt Consultants","www.nargusa.com"," Email <---> Revenue ","246843","North American Resource Group","219 Reynolds Rd","Glasgow","KY","42141","Barren","www.nargusa.com","2706785989","2706783612","Alan Murrell","Owner","Mal","5100000","30","874212","Energy Conse","3","0","1"
"101970","New Care Therapies Warehouse","info@newcaretherapies.com","353 Kentucky St","5026471951","5026473441","504712","Hospital Equipment & Supplies (Whol)","www.newcaretherapies.com"," Email <---> Revenue ","245488","New Care Therapies Warehouse","353 Kentucky St","Shelbyville","KY","40065","Shelby","www.newcaretherapies.com","5026473441","5026471951","Jim Collins","Owner","Mal","7176000","12","504712","Hospital Equ","3","0","1"
"51922","Ole Mexican Foods Inc","info@olemexicanfoods.net","3200 Commerce Center Pl","3058875698","5027723334","514101","Food Products (Wholesale)","www.olemexicanfoods.com"," Email <---> Revenue ","92176","OLE MEXICAN FOODS INC","3200 COMMERCE CENTER PL","LOUISVILLE","KY","40211","Jefferson","","5027723334","","MARIA SPEZZIA","Manager","F","6100000","34","514100","Whl Gen Groc","3","0","1"
"103894","Overhead Door Corp","info@overheaddoor.com","317 E 4th St","5635889069","6065637777","521102","Door & Gate Operating Devices","www.overheaddoor.com"," Email <---> Revenue ","249723","Overhead Door Corp","317 E 4th St","Maysville","KY","41056","Mason","www.overheaddoor.com","6065637777","","Michael Duwel","Manager","Mal","5160000","20","521102","Door & Gate ","3","0","1"
"35125","Rapid Industries Inc","info@rapidindustries.com","4003 Oaklawn Dr","5029686331","5029683645","353501","Conveyors & Conveying Equipment-Mfrs","www.rapidi.com"," Email <---> Revenue ","102870","RAPID INDUSTRIES INC","4003 OAKLAWN DR","LOUISVILLE","KY","40219","Jefferson","","5029683645","5029686331","MARY SHEETS","President","F","8100000","100","353500","Conveyors,Re","3","0","1"
"38545","Spinal Systems Inc","info@spinaltech.com","405 Maclean Ave","5087789555","5023674024","599933","Orthopedic Appliances","www.spinaltech.com"," Email <---> Revenue ","277385","Spinal Systems Inc","405 Maclean Ave","Louisville","KY","40209","Jefferson","www.spinaltech.com","5023674024","5023674948","David Mcintyre","Manager","Mal","5092000","38","599933","Orthopedic A","3","0","1"
"108624","Ruskin Co","info@srglobalworld.com","2492 Palumbo Dr","6204213614","8592691021","382205","Dampers (Manufacturers)","www.ruskin.com"," Email <---> Revenue ","107397","RUSKIN CO","2492 PALUMBO DR","LEXINGTON","KY","40509","Fayette","","8592691021","","MITCH BRUCK","Manager","M","9200000","1545","382200","Environmenta","3","0","1"
"61128","Steel Technologies Inc","info@steeltechnologies.com","196 Shawnee Dr","2563508147","5028454202","331204","Steel Processing","www.steeltechnologies.com"," Email <---> Revenue ","279526","Steel Technologies Inc","1363 Elm St","Eminence","KY","40019","Henry","","5028459111","","","","","7620000","15","331298","Steel Works/","3","0","1"
"20395","David C. Penix & Associates","info@teamaps.com","8016 Vine Crest Avenue #1","5024230882","5024230888","8999","Services NEC","qmaps.com"," Email <---> Revenue ","2943","ADVANCED PRODUCTION SYS","8016 VINE CREST AVE STE 1","LOUISVILLE","KY","40222","Jefferson","","5024230882","","DON KORFHAGE","Owner","M","5000000","50","356900","General Indu","3","0","1"
"103066","Telephone Services Inc","info@tsi.com","255 N Keeneland Dr","2038459037","8596243555","173107","Telecommunications Contractors","www.tsi.com"," Email <---> Revenue ","284904","Telephone Services Inc","255 N Keeneland Dr","Richmond","KY","40475","Madison","www.tsi.com","8596243555","8596243500","Rick Tugwell","Owner","Mal","6600000","50","173107","Telecommunic","3","0","1"
"105949","Wholesale Hardwood Interiors","info@wholesalehardwoodint.com","1030 Campbellsville Byp","2707892321","2707891323","521126","Building Materials","www.wholesalehardwoodint.com"," Email <---> Revenue ","132184","WHOLESALE HARDWOOD INTERIORS","1030 CAMPBELLSVILLE BYP","CAMPBELLSVLLE","KY","42718","Taylor","","2707891323","2707892321","MICHAEL JUDD","President","M","9500000","75","242600","Hardwd Dim, ","3","0","1"
"79124","Wilson Equipment Co","info@wilsonequipment.com","2180 Old Frankfort Pike","8592549099","8592546443","508206","Contractors-Equip/Supls-Dlrs/Svc (Whol)","www.wilsonequipment.com"," Email <---> Revenue ","132960","WILSON EQUIPMENT CO","2180 OLD FRANKFORT PIKE","LEXINGTON","KY","40510","Fayette","","8592546443","8592549099","DAVE PREWITT","Manager","M","5400000","30","735901","Rental Ser-S","3","0","1"
"22845","Yale Kentuckiana Inc","info@yalekentuckiana.com","4092 Mccollum Ct","5024510974","5024518300","508426","Material Handling Equipment (Wholesale)","www.yalekentuckiana.com"," Email <---> Revenue ","134535","YALE KENTUCKIANA INC","4092 MCCOLLUM CT","LOUISVILLE","KY","40218","Jefferson","","5024518300","","BARRY PAUL","Owner","M","9900000","58","353700","Ind Trucks,T","3","0","1"
"102171","Deco Art Inc","information@decoart.com","49 Cotton Ave","6063659739","6063653193","285198","Paint Varnish & Allied Products (Mfrs)","www.decoart.com"," Email <---> Revenue ","34925","DECO ART INC","49 COTTON AVE","STANFORD","KY","40484","Lincoln","","6063653193","6063659739","STANLEY J CLIFFORD","Chief Executive Office","M","9900000","110","285100","Paints & Rel","3","0","1"
"63619","Blue Grass Dairies","mail@hoogwegtus.com","606 W Main St","8593365218","8593367643","024101","Dairies","www.bluegrassdairy.com"," Email <---> Revenue ","153849","Blue Grass Dairies","606 W Main St","Springfield","KY","40069","Washington","www.bluegrassdairy.com","8593367643","8593365218","Jerry Hardin","Manager","Mal","9945000","45","24101","Dairies","3","0","1"
"52889","Waddell & Reed Inc","media@waddell.com","1671 Park Rd # 17","9132362017","8593316884","628205","Financial Planning Consultants","www.waddell.com"," Email <---> Revenue ","295650","Waddell & Reed Inc","1671 Park Rd # 17","Covington","KY","41011","Kenton","www.waddell.com","8593316884","8593314654","Ron Buckley","Manager","Mal","7470000","18","628205","Financial Pl","3","0","1"
"53511","Dollar General Market Store","privacypolicy@dollargeneral.com","845 S Main St","2562155511","2705865599","531104","Retail Shops","www.dollargeneral.com"," Email <---> Revenue ","180479","Dollar General Market Store","845 S Main St","Franklin","KY","42134","Simpson","www.dollargeneral.com","2705865599","","Jeff Anderson","Manager","Mal","5670000","35","531104","Retail Shops","3","0","1"
"99932","Bulkmatic Transport Co","safety@bulkmatic.com","1800 Frank Yost Ln","7087581675","2704754882","421309","Trucking-Motor Freight","www.bulkmatic.com"," Email <---> Revenue ","158266","Bulkmatic Transport Co","1800 Frank Yost Ln","Hopkinsville","KY","42240","Christian","www.bulkmatic.com","2704754882","2704754309","Dean Campbell","Manager","Mal","6493000","43","421309","Trucking-Mot","3","0","1"
"108275","Interpolymer Corp","sales@2lintech.com","7501 Distribution Dr","7818212485","5029332300","289905","Chemicals-Manufacturers","www.interpolymer.com"," Email <---> Revenue ","211194","Interpolymer Corp","7501 Distribution Dr","Pleasure Rdg Pk","KY","40258","Jefferson","www.interpolymer.com","5029332300","5029333394","Ed Lloyd","Plant Mgr","Mal","6588000","18","289905","Chemicals-Ma","3","0","1"
"98654","Martin A Keane","sales@avcsecurity.com","1801 Frankfort Ave","5028977373","5028964938","5311","Retail shops","AVCSECURITY.COM"," Email <---> Revenue ","138548","A V Concepts Inc","1801 Frankfort Ave # 2","Louisville","KY","40206","Jefferson","www.avcsecurity.com","5028977373","","Jim Hillenbrand","Owner","Mal","5922000","9","506304","Security Con","3","0","1"
"70319","Complete Printer Source","sales@cps4service.com","641 W 9th St","8595814182","8595811768","508443","Printing Supplies (Wholesale)","www.cps4service.com"," Email <---> Revenue ","170575","Complete Printer Source","641 W 9th St","Covington","KY","41011","Kenton","www.cps4service.com","8595811768","8595814182","Jason Sickmeier","Owner","Mal","8160000","15","508443","Printer Cart","3","0","1"
"100585","Rusk Heating & Cooling","sales@docrusk.com","666 W 3rd St","8594316079","8594314040","171117","Air Conditioning Contractors & Systems","www.docrusk.com"," Email <---> Revenue ","267779","Rusk Heating & Cooling","666 W 3rd St","Covington","KY","41011","Kenton","www.docrusk.com","8594314040","8594316079","Steven Morrison","Owner","Mal","5840000","40","171117","Air Conditio","3","0","1"
"89624","Howard D Happy Co","sales@hdhappy.com","1393 State Route 45 N","2702470409","2702475912","594301","Office Supplies","www.hdhappy.com"," Email <---> Revenue ","60358","HOWARD D HAPPY CO","1393 STATE ROUTE 45 N","MAYFIELD","KY","42066","Graves","","2702475912","","HOWARD T COCHRAN","President","M","6800000","38","594301","Office Forms","3","0","1"
"101738","Yvonne Lovell","sales@hendrickscreenco.com","3074 Medley Road","2706855138","null","5311","Retail shops","null"," Email <---> Revenue ","57305","HENDRICK SCREEN CO","3074 MEDLEY RD","OWENSBORO","KY","42301","Daviess","","2706855138","2706851729","TONY OLLER","Manager","M","9000000","150","349600","Misc Fab Wir","3","0","1"
"24830","Knott County Coal Corp","sales@horizon.com","Highway 7","6064472727","6064473167","122102","Coal Mining & Shipping","www.horizon.com"," Email <---> Revenue ","223344","Knott County Coal Corp","2040 Puncheon Rd","Topmost","KY","41862","Knott","","6064472080","","Verlin Robinson","Owner","Mal","6645000","15","122102","Coal Mining ","3","0","1"
"107057","Owensboro Riverport Authority","sales@owensbororiverport.com","1771 River Rd","2706833711","2709264238","422105","Warehouses-Commodity & Merchandise","www.owensbororiverport.com"," Email <---> Revenue ","93216","OWENSBORO RIVERPORT AUTHORITY","1771 RIVER RD","OWENSBORO","KY","42301","Daviess","","2709264238","","MAURICE OWEN","Executive Director","M","8100000","45","422100","Farm Pdts Wh","3","0","1"
"75204","Sharpe House Boats","sales@sharpehouseboat.com","5215 S Highway 27","6066760615","6066760610","373205","Houseboats (Manufacturers)","www.sharpehouseboat.com"," Email <---> Revenue ","110595","SHARPE HOUSE BOATS","5215 S HIGHWAY 27","SOMERSET","KY","42501","Pulaski","","6066760610","","JOSEPH D SHARPE","Chief Executive Office","M","7300000","100","373200","Boat Bld, Re","3","0","1"
"85702","ADR","sales@sonitrollexington.com","2210 Goldsmith Ln","8592265253","5024512266","874813","Security Systems Consultants","www.sonitrollexington.com"," Email <---> Revenue ","139082","ADR","2210 Goldsmith Ln","Louisville","KY","40218","Jefferson","www.sonitrollexington.com","5024512266","8592265253","Sonny Bates","Owner","Mal","6750000","30","874813","Security Sys","3","0","1"
"87956","Swift Industrial Power","sales@swiftpower.com","214 Eiler Ave","5023634037","5023634047","506325","Batteries-Storage-Wholesale","www.swiftpower.com"," Email <---> Revenue ","282788","Swift Industrial Power","214 Eiler Ave","Louisville","KY","40214","Jefferson","www.swiftpower.com","5023634047","5023634037","","","","6580000","10","506325","Batteries-St","3","0","1"
"104836","Aetna Life & Casualty","salesmgr@aetnabuilding.com","2201 Main St W","6144761825","6063244090","734902","Janitor Service","www.aetnabuilding.com"," Email <---> Revenue ","141001","Aetna Life & Casualty","2201 Main St W","Ashland","KY","41102","Boyd","www.aetnabuilding.com","6063244090","6063245156","Tim Cline","Manager","Mal","5270000","170","734902","Janitor Serv","3","0","1"
"76490","Cherry Hill Mobile Home Sales","service@cherryhillhomes.net","50 Theatre Dr","8598232801","8598234663","527102","Mobile Homes-Dealers","www.cherryhillhomes.net"," Email <---> Revenue ","23854","CHERRY HILL MOBILE HOME SALES","50 THEATRE DR","DRY RIDGE","KY","41035","Grant","","8598234663","","TODD WILSON","Owner","M","5300000","14","527100","Mobile Home ","3","0","1"
"17623","New Life Industries","service@newlifeshopper.com","140 Chappells Dairy Rd","6066796439","6066793616","275902","Screen Printing","www.newlifeshopper.com"," Email <---> Revenue ","89649","NEW LIFE INDUSTRIES","140 CHAPPELLS DAIRY RD","SOMERSET","KY","42503","Pulaski","","6066793616","6066796439","RICHARD HUMBLE","Owner","M","5400000","80","239600","Auto & Ap Tr","3","0","1"
"82708","Unity Communications","service@unitycom.com","2114 S Hurstbourne Pkwy","5024910543","5024917138","506505","Radio Paging/Signaling Eqpt Systs (Whol)","www.unitycom.com"," Email <---> Revenue ","292760","Unity Communications","2114 S Hurstbourne Pkwy","Louisville","KY","40220","Jefferson","www.unitycom.com","5024917138","5024910543","","","","7070000","7","506505","Radio Paging","3","0","1"
"99348","Schiller Hardware","web@schillerhardware.com","11525 Blankenbaker Access Dr","8592532831","5025845301","525104","Hardware-Retail","www.schillerhardware.com"," Email <---> Revenue ","270280","Schiller Hardware","11525 Blankenbaker Access Dr","Louisville","KY","40299","Jefferson","www.schillerhardware.com","5025845301","5025877088","Harris Wesley","Owner","Mal","5160000","40","525104","Hardware-Ret","3","0","1"
"35624","Arch Coal Inc","webmaster@archcoal.com","15992 Us Route 23","6067398488","6067398558","122102","Coal Mining & Shipping","www.archcoal.com"," Email <---> Revenue ","145475","Arch Coal Inc","15992 Us Route 23","Catlettsburg","KY","41129","Boyd","www.archcoal.com","6067398558","6067398488","Norman Bradley","Manager","Mal","7974000","18","122102","Coal Mining ","3","0","1"
"57614","Fed Ex","webmaster@fedex.com","111 Lagoon Trl","6022524055","6068621216","421205","Delivery Service","www.fedex.com"," Email <---> Revenue ","189236","Fed Ex","111 Lagoon Trl","London","KY","40744","Laurel","www.fedex.com","6068621216","6068782865","Jeff Petersen","Manager","Mal","5076000","36","421205","Delivery Ser","3","0","1"
"66124","LBX Co","webmaster@lbxco.com","2333 Alumni Park Plz # 200","8592453909","8592453900","399903","Manufacturers","www.lbxco.com"," Email <---> Revenue ","224500","LBX Co","2333 Alumni Park Plz # 200","Lexington","KY","40517","Fayette","www.lbxco.com","8592453900","8592453909","Robert Harvell","President","Mal","7860000","60","399903","Manufacturer","3","0","1"
"107640","Leitch Inc","webmaster@leitch.com","11 Spiral Dr # 10","8593713729","8593715533","506515","Television Systs/Eqpt-Clsd Crct (Whol)","www.leitch.com"," Email <---> Revenue ","227044","Leitch Inc","11 Spiral Dr # 10","Florence","KY","41042","Boone","www.leitch.com","8593715533","8593713729","Brad Nogar","VP","Mal","6060000","6","506515","Television S","3","0","1"
"102532","Ohio Transmission & Pump Co","webmaster@otpnet.com","1302 N English Station Rd","4192692869","5022448930","509998","Distribution Centers","www.otpnet.com"," Email <---> Revenue ","91764","OHIO TRANSMISSION & PUMP CO","1302 N ENGLISH STATION RD","LOUISVILLE","KY","40223","Jefferson","","5022448930","","GARY SISLER","Manager","M","6500000","30","509900","Durable Good","3","0","1"
"108001","State Electric Supply Co","webmaster@stateelectric.com","122 Johnson St","3046247464","6064323163","506330","Electric Equipment & Supplies-Wholesale","www.stateelectric.com"," Email <---> Revenue ","279136","State Electric Supply Co","122 Johnson St","Pikeville","KY","41501","Pike","www.stateelectric.com","6064323163","6064324323","John Yogadich","Manager","Mal","7238000","11","506330","Electric Equ","3","0","1"
"59011","Advantage Tank Lines","webmaster@thekag.com","2600 Millers Ln","3308965415","5027767616","421304","Trucking","www.thekag.com"," Email <---> Revenue ","140904","Advantage Tank Lines","2600 Millers Ln","Louisville","KY","40216","Jefferson","www.thekag.com","5027767616","5027762844","Dan Satterfield","Manager","Mal","6040000","40","421304","Trucking","3","0","1"
