mail id,company,email,address,phone,fax,sic,sic description,web,,revenue id,company,address,city,state,zip,	metro,web,phone,fax,contact,position,gender,sales,# of employee,sic,sic_descrpiton,	,,
"133673","Bishop Distributing","wwalkotten@bishopdistributing.com","5200 36th St SE","6169426073","6169429734","502313","Floor Materials-Wholesale","NULL"," Email <---> Revenue ","419701","Bishop Distributing","5200 36th St SE","Grand Rapids","MI","49512","Kent","www.bishopdistributing.com","6169429734","6169426073","Bill Morrissey","Owner","Mal","55700000","100","502313","Floor Materi","6","0","1"
"144751","First Alert Inc","wiaranowskik@firstalert.com","14610 W 8 Mile Rd","2489675569","2489675555","506324","Burglar Alarm Systems (Wholesale)","NULL"," Email <---> Revenue ","531015","First Alert Inc","14610 W 8 Mile Rd","Oak Park","MI","48237","Oakland","","2489675555","2489675569","Dennis Dragotta","President","Mal","98700000","150","506324","Burglar Alar","6","0","1"
"198067","Suspa Inc","vhughes@suspa-inc.com","3970 Roger B Chaffee Mem Dr SE","6165313310","6162414200","349903","Metal Goods-Manufacturers","NULL"," Email <---> Revenue ","810861","Suspa Inc","3970 Roger B Chaffee Mem Dr SE","Grand Rapids","MI","49548","Kent","www.suspa-inc.com","6162414200","6165313310","Steve Garvelink","CEO","Mal","57100000","280","349903","Metal Goods-","6","0","1"
"192187","Market Strategies;","tony_diponio@marketstrategies.com","20255 Victor Parkway - Suite 400","7345427600","7345427620","5999","Marketing NEC","MSINTERACTIV.COM^^MSINTERACTIV.NET^^MSIRESEARCH.NET"," Email <---> Revenue ","209466","MARKET STRATEGIES INC","20255 VICTOR PKWY STE 400","LIVONIA","MI","48152","Wayne","","7345427600","7345427620","ANDREW J MORRISON","Chief Executive Office","M","63300000","570","873201","Mrkt Anal,Ec","6","0","1"
"56273","Detrex Corp","tmark@detrex-hq.com","PO Box 5111","2487997192","2483585800","281998","Industrial Inorganic Chmcls Nec (Mfrs)","NULL"," Email <---> Revenue ","94648","DETREX CORP","PO BOX 5111","SOUTHFIELD","MI","48086","Oakland","","2483585800","2487997192","THOMAS E MARK","Chief Executive Office","M","60000000","258","281900","Ind Inorgani","6","0","1"
"209987","R W Mercer Co","temmons@rwmercer.com","3366 3 Mile Rd NW","5177878111","6164537444","517202","Service Station Equipment (Wholesale)","www.rwmercer.com"," Email <---> Revenue ","743703","R W Mercer Co","3366 3 Mile Rd NW","Grand Rapids","MI","49544","Kent","www.rwmercer.com","6164537444","6164537813","Rod Zeinstra","Manager","Mal","67080000","20","517202","Service Stat","6","0","1"
"200497","Az Automotive Corp","tbernander@azautomotive.com","24331 Sherwood","5868802277","5867592200","346904","Metal Stamping (Manufacturers)","NULL"," Email <---> Revenue ","29093","AZ AUTOMOTIVE CORP","24331 SHERWOOD","CENTER LINE","MI","48015","Macomb","","5867592200","5868802277","JASON ATKINSON","Manager","M","68000000","1000","346900","Metal Stampi","6","0","1"
"251726","Suttles Trucking","suttles18@suttlestruck.com","2074 Industrial Dr","6145398886","9893484373","421306","Trucking-Liquid & Dry Bulk","www.suttlestruck.com"," Email <---> Revenue ","319907","SUTTLES TRUCKING","2074 INDUSTRIAL DR","GRAYLING","MI","49738","Crawford","","9893484373","9893485591","MATT CRAGG","Manager","M","92000000","1000","421300","Trucking","6","0","1"
"241891","Structural Concepts Corp","spavlich@structuralconcepts.com","888 Porter Rd","2317984960","2317988888","355611","Bakers Equipment-Manufacturers","www.structuralconcepts.com"," Email <---> Revenue ","805268","Structural Concepts Corp","888 Porter Rd","Muskegon","MI","49441","Muskegon","www.structuralconcepts.com","2317988888","2317984960","David P Geerts","President","Mal","51220000","260","355611","Bakers Equip","6","0","1"
"212825","W W Williams","sentinel@williams.com","500 Gordon Industrial Ct SW","7317490663","6168787071","508414","Engines-Diesel (Wholesale)","www.williams.com"," Email <---> Revenue ","347889","W W WILLIAMS","500 GORDON INDUSTRIAL CT SW","BYRON CENTER","MI","49315","Kent","","6168787071","6168780659","JOHN TALBOT","Manager","M","57000000","1000","508406","Engines,Tran","6","0","1"
"194258","Imperial Design Personnel","sbainbridge@imperialdesign.com","1958 Wilson Ave SW","6167910742","6167919225","154102","Designers-Industrial","www.imperialdesign.com"," Email <---> Revenue ","588866","Imperial Design Personnel","1958 Wilson Ave SW","Grand Rapids","MI","49534","Kent","www.imperialdesign.com","6167919225","6167910742","","","","78750000","250","154102","Designers-In","6","0","1"
"219429","Espec Corp","rss-errors@blogger.com","425 Gordon Industrial Ct SW","5076630315","6165831001","506309","Testing Apparatus-Wholesale","www.northfieldconstruction.net"," Email <---> Revenue ","519438","Espec Corp","425 Gordon Industrial Ct SW","Byron Center","MI","49315","Kent","www.espec.com","6165831001","6168780280","Joe Hamm","President","Mal","52640000","80","506309","Testing Appa","6","0","1"
"118491","R S Electronics Inc","rselectronics@rselectronics.com","34443 Schoolcraft Rd","9133621923","7345251155","573117","Electronic Equipment & Supplies-Retail","www.rselectronics.com"," Email <---> Revenue ","743494","R S Electronics Inc","34443 Schoolcraft Rd","Livonia","MI","48150","Wayne","www.rselectronics.com","7345251155","7345251184","Winston Stalcup","CEO","Mal","58200000","200","573117","Electronic E","6","0","1"
"236331","Cadillac Asphalt","relliott@cadillacasphalt.com","51777 W 12 Mile Rd","2484495582","2484495580","295101","Asphalt & Asphalt Products-Manufacturers","www.cadillacasphalt.com"," Email <---> Revenue ","438474","Cadillac Asphalt","51777 W 12 Mile Rd","Wixom","MI","48393","Oakland","www.cadillacasphalt.com","2484495580","2484495582","Mike Seekan","Plant Mgr","Mal","82350000","150","295101","Asphalt & As","6","0","1"
"232995","Randell Manufacturing Inc","randellproducts@unifiedbrands.net","520 S Coldwater Rd","9896444223","9896443331","358598","Air Conditioning/Htg/Refrig Equip (Mfrs)","www.randell.com"," Email <---> Revenue ","746573","Randell Manufacturing Inc","520 S Coldwater Rd","Weidman","MI","48893","Isabella","www.randell.com","9896443331","9896444223","John Hanby","Executive Director","Mal","54000000","0","358598","Air Conditio","6","0","1"
"236337","Hehr International Inc","powersales@hehrintl.com","1103 Pearl St","3236669458","9898453061","344202","Windows-Manufacturers","www.hehrintl.com"," Email <---> Revenue ","151809","HEHR INTERNATIONAL INC","1103 PEARL ST","CHESANING","MI","48616","Saginaw","","9898453061","9898456078","JEFF FULTON","Manager","M","66000000","1100","344200","Metal Drs,Sa","6","0","1"
"231005","Ritz Craft Homes-Midwest","PaulJohn@ritz-craft.com","118 Deal Pkwy","5178499184","5178497425","154212","Buildings-Pre-Cut Prefabricated/Modular","NULL"," Email <---> Revenue ","757626","Ritz Craft Homes-Midwest","118 Deal Pkwy","Jonesville","MI","49250","Hillsdale","www.ritz-craft.com","5178497425","5178499184","Paul John","Owner","Mal","63510000","145","154212","Buildings-Pr","6","0","1"
"247360","Brazeway Inc","okostrubsky@brazeway.com","2711 E Maumee St","5172636416","5172652121","346904","Metal Stamping (Manufacturers)","www.brazeway.com"," Email <---> Revenue ","46749","BRAZEWAY INC","2711 E MAUMEE ST","ADRIAN","MI","49221","Lenawee","","5172652121","5172636416","STEPHEN L HICKMAN","Chief Executive Office","M","81600000","1200","346900","Metal Stampi","6","0","1"
"221911","Auto Salvage Auction; Inc","mikewheat@tm.net","P.O. BOX 639","8106534161","8106539307","738901","Auctioneers","AUTOSALVAGEAUCTION.COM"," Email <---> Revenue ","401163","Auto Salvage Auction Inc","5000 N State Rd","Davison","MI","48423","Genesee","www.autosalvageauction.com","8106534161","8106539307","Thomas Houston","Owner","Mal","74000000","20","501204","Automobile A","6","1","1"
"218040","De Maria Building Co Inc","mike@demariabuild.com","45500 Grand River Ave","2483486251","2483488710","871210","Building Construction-Consultants","www.demariabldgco.com"," Email <---> Revenue ","489965","De Maria Building Co Inc","45500 Grand River Ave","Novi","MI","48374","Oakland","www.demariabldgco.com","2483488710","2483486251","Richard Demaria","CEO","Mal","76000000","40","871210","Building Con","6","0","1"
"196220","Maly's Inc","malysaa@malys-midwest.com","4555 Danvers Dr SE","6169420060","6169427536","508702","Beauty Salons-Equipment & Supls (Whol)","www.malys-midwest.com"," Email <---> Revenue ","206734","MALYS INC","4555 DANVERS DR SE","GRAND RAPIDS","MI","49512","Kent","","6169420060","6169427536","MICHAEL MALY","Chief Executive Office","M","93000000","500","399900","Mfg Industri","6","0","1"
"232646","SSOE Inc","lslusher@ssoe.com","5148 Lovers Ln # 100","4192556101","2693442855","871133","Engineers-Professional","www.ssoe.com"," Email <---> Revenue ","307968","SSOE INC","5148 LOVERS LN STE 100","PORTAGE","MI","49002","Kalamazoo","","2693442855","2693443486","JOE BADALAMENTI PE","Manager","M","72500000","653","871100","Engineering ","6","0","1"
"9387","Morley Travel","linda_jacques@morleynet.com","2811 Schust Road","9897912565","9894971874","4724","Travel agents","null"," Email <---> Revenue ","228949","MORLEY TRAVEL","2717 SCHUST RD","SAGINAW","MI","48603","Saginaw","","9897912565","9897921002","PAUL FURLOW","Chief Executive Office","M","79300000","250","472400","Travel Agenc","6","0","1"
"193965","Csc-Communications Supply Corp","legal-notices@gocsc.com","33162 Sterling Ponds Blvd","5053453862","5862764860","504506","Data Communications Equip/Systems (Whol)","www.gocsc.com"," Email <---> Revenue ","478685","Csc-Communications Supply Corp","33162 Sterling Ponds Blvd","Sterling Heights","MI","48312","Macomb","www.gocsc.com","5862764860","5862764899","Jim Berger","Manager","Mal","67275000","75","504506","Data Communi","6","0","1"
"249516","International Transmission Co","laragon@itctransco.com","39500 Orchard Hill Pl # 200","2483747136","2483747100","491101","Electric Companies","www.itctransco.com"," Email <---> Revenue ","593376","International Transmission Co","39500 Orchard Hill Pl # 200","Novi","MI","48375","Oakland","www.itctransco.com","2483747100","2483747136","Joe Welch","Owner","Mal","61600000","100","491101","Electric Com","6","0","1"
"173406","Ancor Information Management","kcolohan@ancorinfo.com","704 IDAHO","2487408866","null","874198","Fuel Management","INFOMAILER.BIZ^^INFOMAILER.INFO^^INFOMINDER.BIZ^^INFOMINDER.INFO^^INFOMINER.BIZ^^INFOMINER.INFO"," Email <---> Revenue ","19624","ANCOR INFORMATION MANAGEMENT","1911 WOODSLEE DR","TROY","MI","48083","Oakland","","2487408866","2487409025","HUGH MCBRIDE","Chief Executive Office","M","67500000","300","738900","Business Svs","6","0","1"
"191624","Four Winns Inc","kcater@fourwinns.com","925 Frisbie St","2317792348","2317751351","373201","Boats-Manufacturers","NULL"," Email <---> Revenue ","537744","Four Winns Inc","925 Frisbie St","Cadillac","MI","49601","Wexford","www.fourwinns.com","2317751351","2317792348","John Anderson","CEO","Mal","90750000","550","373201","Boats-Manufa","6","0","1"
"179797","Michigan Farm Bureau","JohnV@michiganfarmbureau.com","7373 West Saginaw Highway","5173236793","517-323-7000","8611","Business Associations","NULL"," Email <---> Revenue ","220757","MICHIGAN FARM BUREAU","7373 W SAGINAW HWY","LANSING","MI","48917","Eaton","","5173237000","5173236793","WAYNE H WOOD","President","M","55900000","26639","275900","Coml Printin","6","0","1"
"62352","Alkar Steel Corp","john.fayad@alkarsteel.com","29685 Calahan Rd","5867749078","5867741090","505106","Steel-Distributors & Warehouses","NULL"," Email <---> Revenue ","381703","Alkar Steel Corp","29685 Calahan Rd","Roseville","MI","48066","Macomb","www.alkarsteel.com","5867741090","5867749078","John Fayad","President","Mal","52350000","50","505106","Steel-Distri","6","0","1"
"188664","Crystal Flash Energy","jharger@grpress.com","1021 E Michigan Ave","6163637130","2697818221","517208","Gas-Liquefied Petro-Bttld/Bulk (Whol)","www.crystalflash.com"," Email <---> Revenue ","478431","Crystal Flash Energy","1021 E Michigan Ave","Marshall","MI","49068","Calhoun","www.crystalflash.com","2697818221","2697812632","Dave Biggs","Manager","Mal","67080000","20","517208","Gas-Liquefie","6","0","1"
"121311","Brazeway Inc","jgobel@brazeway.com","2711 E Maumee St","5172652121","5172636416","346904","Metal Stamping (Manufacturers)","www.brazeway.com"," Email <---> Revenue ","46749","BRAZEWAY INC","2711 E MAUMEE ST","ADRIAN","MI","49221","Lenawee","","5172652121","5172636416","STEPHEN L HICKMAN","Chief Executive Office","M","81600000","1200","346900","Metal Stampi","6","0","1"
"40860","Workplace Integrators","jeatman@wp-int.com","30800 Telegraph Rd # 4800","2484302346","2484302345","502112","Office Furniture & Equip-Dealers (Whol)","NULL"," Email <---> Revenue ","865845","Workplace Integrators","30800 Telegraph Rd # 4800","Bingham Farms","MI","48025","Oakland","www.wp-int.com","2484302345","2484302346","Joseph Eatman","Owner","Mal","68520000","120","502112","Office Furni","6","0","1"
"45783","National Lumber Co","james.lundeen@jpldesigngroup.com","24595 Groesbeck Hwy","5867754110","5867758200","503109","Lumber-Wholesale","www.nationallumber.com"," Email <---> Revenue ","693135","National Lumber Co","24595 Groesbeck Hwy","Warren","MI","48089","Macomb","www.nationallumber.com","5867758200","5867754110","David Bittker","Owner","Mal","63400000","150","503109","Lumber-Whole","6","0","1"
"65876","Identix Corp","idxsupport@identix.com","1336 Mark St NE","6164472626","6164472626","506304","Security Control Equip & Systems-Whol","www.identix.com"," Email <---> Revenue ","162127","IDENTIX CORP","1336 MARK ST NE","GRAND RAPIDS","MI","49525","Kent","","6164472626","","","Unknown","","66200000","383","366900","Comm Eqp Nec","6","0","1"
"117223","Vaneerden Distribution Co","helpdesk@vaneerden.com","650 Ionia Ave SW","6164525954","6164521426","514101","Food Products (Wholesale)","www.vaneerden.com"," Email <---> Revenue ","843392","Vaneerden Distribution Co","650 Ionia Ave SW","Grand Rapids","MI","49503","Kent","www.vaneerden.com","6164521426","6164525954","Dan Van Eerden","President","Mal","90000000","150","514101","Food Product","6","0","1"
"228164","Genesee Packaging Inc","gmurray@genpackaging.com","2010 N Dort Hwy","8102350350","8102356121","738988","Packaging Service","www.genpackaging.com"," Email <---> Revenue ","132708","GENESEE PACKAGING INC","2010 N DORT HWY","FLINT","MI","48506","Genesee","","8102356120","8102350350","WILLIE ARTIS","President","M","90000000","400","738912","Packaging Sy","6","0","1"
"107643","Hehr Glass Co","gmbogo@hehrintl.com","200 S 1st St","9898457292","9898457110","523110","Glass-Auto Plate & Window & Etc","www.hehrintl.com"," Email <---> Revenue ","151810","HEHR MICHIGAN GLASS PLANT","200 S 1ST ST","CHESANING","MI","48616","Saginaw","","9898457292","9898457110","RON RUDDY","Manager","M","66000000","1100","523101","Glass","6","0","1"
"246186","Federal Screw Works","fsw@federalscrew.com","20229 E 9 Mile Rd","5864434220","5864434222","345101","Screw Machine Products (Manufacturers)","www.federalscrew.com"," Email <---> Revenue ","118626","FEDERAL SCREW WORKS","20229 E 9 MILE RD","ST CLR SHORES","MI","48080","Macomb","","5864434200","5864434220","THOMAS ZURSCHMIEDE","Chief Executive Office","M","90600000","452","345100","Screw Machin","6","0","1"
"244581","California Closet Co","franchisesales@calclosets.com","3260 Old Farm Ln","7148994866","2486241234","239210","Closet Accessories-Manufacturers","www.calclosets.com"," Email <---> Revenue ","54384","CALIFORNIA CLOSET CO","3260 OLD FARM LN","COMMERCE TOWNSHI","MI","48390","Oakland","","2486241234","2486245668","RAY MARKHAM","Owner","M","54300000","2404","239200","Housefurnish","6","0","1"
"130028","Media Recovery Inc","forgotpassword@mediarecovery.com","3178 Old Farm Ln","9405495728","2489264000","504502","Computers-Supplies & Parts-Wholesale","www.mediarecovery.com"," Email <---> Revenue ","215391","MEDIA RECOVERY INC","4212 MARTIN RD","COMMERCE TOWNSHI","MI","48390","Oakland","","2489264000","2489264001","JOHN ARMSTRONG","Manager","M","77000000","290","504505","Data Proc Su","6","0","1"
"213426","Commercial Contracting Corp","fernando.chavez@cccnetwork.com","4260 N Atlantic Blvd","2482090501","2482090500","179604","Machinery-Movers & Erectors","www.cccnetwork.com"," Email <---> Revenue ","465679","Commercial Contracting Corp","4260 N Atlantic Blvd","Auburn Hills","MI","48326","Oakland","www.cccnetwork.com","2482090500","2482090501","Michael Pettibone","Manager","Mal","50000000","60","179604","Machinery-Mo","6","0","1"
"249896","Alro Steel Corp","dforquer@alro.com","1033 Freeman Ave SW","2693430480","6164525111","505106","Steel-Distributors & Warehouses","www.alro.com"," Email <---> Revenue ","385809","Alro Steel Corp","1033 Freeman Ave SW","Grand Rapids","MI","49503","Kent","www.alro.com","6164525111","6164522779","Randy Maitland","VP","Mal","88995000","85","505106","Steel-Distri","6","0","1"
"207908","Knoll Inc","dbright@knoll.com","4300 36th St SE","7043381527","6169491050","252204","Office Furniture & Equip-Mfrs","www.knoll.com"," Email <---> Revenue ","625472","Knoll Inc","4300 36th St SE","Kentwood","MI","49512","Kent","www.knoll.com","6169491050","6169577624","Phil Baker","Plant Mgr","Mal","97200000","400","252204","Office Furni","6","0","1"
"238286","DOC Optics Ctr","David@delawareeyes.com","27903 23 Mile Rd","5865983941","5865983935","599502","Optical Goods-Retail","NULL"," Email <---> Revenue ","98663","DOC OPTICS CTR","27903 23 MILE RD","CHESTERFIELD","MI","48051","Macomb","","5865983935","5865983941","DAVID TAYLOR","Owner","M","52500000","795","599500","Optical Good","6","0","1"
"243141","Peerless Steel Of Saginaw","cvar@peerlesssteel.com","2820 Nodular Dr","9897545710","9897546700","505106","Steel-Distributors & Warehouses","www.peerlesssteel.com"," Email <---> Revenue ","255439","PEERLESS STEEL OF SAGINAW","2820 NODULAR DR","SAGINAW","MI","48601","Saginaw","","9897546700","9897545710","BOB WESLING","Vice-President","M","87800000","390","346200","Iron & Stl F","6","0","1"
"241065","Star Of The West Milling","checht@starofthewest.com","121 E Tuscola St","9898684462","9896529971","204102","Milling","www.starofthewest.com"," Email <---> Revenue ","799609","Star Of The West Milling","121 E Tuscola St","Frankenmuth","MI","48734","Saginaw","www.starofthewest.com","9896529971","9896526358","Mark Kern","Manager","Mal","61200000","70","204102","Milling","6","0","1"
"243060","Michigan Turkey Producers Coop","chadv@miturkey.com","2140 Chicago Dr SW","6162471545","6162452221","201501","Poultry Processing Plants","www.miturkey.com"," Email <---> Revenue ","677117","Michigan Turkey Producers Coop","2140 Chicago Dr SW","Wyoming","MI","49519","Kent","www.miturkey.com","6162452221","6162471545","Dan Lennon","President","Mal","65100000","350","201501","Poultry Proc","6","0","1"
"249362","Bartlett Tree Experts","capesthorne@bartlettuk.com","900 Ken O Sha Ind Park Dr SE","6035696440","6162459449","078301","Tree Service","www.bartlett.com"," Email <---> Revenue ","32580","BARTLETT TREE EXPERTS","900 KEN O SHA IND PARK DR SE","GRAND RAPIDS","MI","49508","Kent","","6162459449","6162453805","BRIAN MC KENZY","Manager","M","80000000","2000","078300","Orna Shrub, ","6","0","1"
"241419","Trussway","bsginfo@trussway.com","635 10 Mile Rd NW","6168871367","6168878264","521124","Trusses-Construction Whol & Mfrs","www.trussway.com"," Email <---> Revenue ","832805","Trussway","635 10 Mile Rd NW","Sparta","MI","49345","Kent","www.trussway.com","6168878264","6168871367","Dean De Hoog","Manager","Mal","51600000","200","521124","Trusses-Cons","6","0","1"
"239802","Grede Foundries Inc","bjacobs@grede.com","801 S Carpenter Ave","3163379370","9067747250","332502","Foundries-Steel","www.grede.com"," Email <---> Revenue ","560826","Grede Foundries Inc","801 S Carpenter Ave","Kingsford","MI","49802","Dickinson","www.grede.com","9067747250","9067790228","","","","79500000","500","332502","Foundries-St","6","0","1"
"133980","Center Manufacturing Inc","arthur.veltman@centermfg.com","990 84th St SW","6168783477","6168783324","346904","Metal Stamping (Manufacturers)","NULL"," Email <---> Revenue ","447674","Center Manufacturing Inc","990 84th St SW","Byron Center","MI","49315","Kent","www.centermfg.com","6168783324","6168783477","Dick Nielsen","CEO","Mal","60000000","350","346904","Metal Stampi","6","0","1"
"228250","MPI Research","andy.dumpis@mpiresearch.com","54943 N Main St","2696684151","2696683336","874213","Marketing Programs & Services","NULL"," Email <---> Revenue ","652317","MPI Research","54943 N Main St","Mattawan","MI","49071","Van Buren","www.mpiresearch.com","2696683336","2696684151","William Parfet","Owner","Mal","98600000","580","874213","Marketing Pr","6","0","1"
"209283","Wal-Mart Supercenter","dmca@walmart.com","1400 Mall Dr","3042961355","2699276025","531102","Department Stores","www.walmart.com"," Email <---> Revenue ","850153","Wal-Mart Supercenter","1400 Mall Dr","Benton Harbor","MI","49022","Berrien","www.walmart.com","2699276025","2699276069","Cary Mc Clendon","Manager","Mal","71442000","441","531102","Department S","6","1","1"
"172308","Metaldyne Corp","suggestions@metaldyne.com","24701 Hallwood Ct","2484423930","2484423900","346201","Forgings (Manufacturers)","www.metaldyne.com"," Email <---> Revenue ","671596","Metaldyne Corp","24701 Hallwood Ct","Farmington Hills","MI","48335","Oakland","www.metaldyne.com","2484423900","2484423930","Scott Spencer","Plant Mgr","Mal","60750000","250","346201","Forgings (Ma","6","0","1"
"187960","Consumers Concrete Corp","jadeboer@consumersconcrete.com","2259 Holton Whitehall Rd","2696377037","2318942705","521128","Concrete-Ready Mixed","www.consumersconcrete.com"," Email <---> Revenue ","77526","CONSUMERS CONCRETE CORP","2259 HOLTON WHITEHALL RD","WHITEHALL","MI","49461","Muskegon","","2318942705","2318933810","DAVID PALMER","Manager","M","52700000","928","521100","Lumber, Rel ","6","0","1"
