mail id,company,email,address,phone,fax,sic,sic description,web,,revenue id,company,address,city,state,zip,	metro,web,phone,fax,contact,position,gender,sales,# of employee,sic,sic_descrpiton,	,,
"230775","Phar Merica Inc","billing@pharmerica.com","3410 E 12 Mile Rd","5017531529","5865730458","591205","Pharmacies","www.pharmerica.com"," Email <---> Revenue ","724373","Phar Merica Inc","3410 E 12 Mile Rd","Warren","MI","48092","Macomb","www.pharmerica.com","5865730458","5865738518","Mike Martin","Manager","Mal","6405000","35","591205","Pharmacies","3","2","1"
"158589","Wright Coating Co","contact@wrightcoating.com","1603 N Pitcher St","2693443007","2693448195","347904","Coatings-Protective-Manufacturers","www.wrightcoating.com"," Email <---> Revenue ","361320","WRIGHT COATING CO","1603 N PITCHER ST","KALAMAZOO","MI","49007","Kalamazoo","","2693448195","2693443007","CHUCK GRIMES","President","M","5400000","80","347900","Met Coating,","3","0","1"
"176962","W Soule & Co","contact@wsoule.com","4039 Columbia Ave W","2699698998","2699647639","162302","Piping Contractors","www.wsoule.com"," Email <---> Revenue ","849268","W Soule & Co","4039 Columbia Ave W","Battle Creek","MI","49015","Calhoun","www.wsoule.com","2699647639","2699698998","Greg Linker","President","Mal","5010000","30","162302","Piping Contr","3","0","1"
"141713","Crate & Barrel","customer_service@crateandbarrel.com","2801 W Big Beaver Rd # G233","5035989032","2486436610","571929","Housewares-Retail","www.crateandbarrel.com"," Email <---> Revenue ","475599","Crate & Barrel","2801 W Big Beaver Rd # G233","Troy","MI","48084","Oakland","www.crateandbarrel.com","2486436610","2486437130","Darla Cevok","Manager","Fem","6900000","50","571929","Housewares-R","3","0","1"
"61884","Polack Corp","customercare@polackcorp.com","1400 Keystone Ave","5173939712","5173933440","504403","Copying & Duplicating Machines & Supls","www.polackcorp.com"," Email <---> Revenue ","262214","POLACK CORP","1400 KEYSTONE AVE","LANSING","MI","48911","Ingham","","5173933440","5173939712","JOHN POLAK","Owner","M","6400000","41","504400","Whl Office E","3","0","1"
"221452","Aeropostale Inc","customerservice@aeropostale.com","12140 S Beyer Rd","2519712834","9896247221","531102","Department Stores","www.aeropostale.com"," Email <---> Revenue ","377880","Aeropostale Inc","12140 S Beyer Rd","Birch Run","MI","48415","Saginaw","www.aeropostale.com","9896247221","","Peggy Blecke","Manager","Fem","6480000","40","531102","Department S","3","1","1"
"200465","Caster Concepts Inc","customerservice@casterconcepts.com","16000 E Michigan Ave","5176298801","5176298838","507204","Casters & Glides (Wholesale)","www.casterconcepts.com"," Email <---> Revenue ","59179","CASTER CONCEPTS INC","16000 E MICHIGAN AVE","ALBION","MI","49224","Calhoun","","5176298838","5176298801","BILL DOBBINS","President","M","9300000","60","342900","Misc Mtl Pdt","3","0","1"
"151944","Dove Bid Inc","customerservice@dovebid.com","21415 Civic Center Dr # 306","2483531442","2483538698","731101","Advertising-Agencies & Counselors","www.dovebid.com"," Email <---> Revenue ","503658","Dove Bid Inc","21415 Civic Center Dr # 306","Southfield","MI","48076","Oakland","www.dovebid.com","2483538698","2483531442","","","","7110000","45","731101","Advertising-","3","0","1"
"248131","Syms","customerservice@syms.com","21700 Telegraph Rd","9547729639","2483502525","531102","Department Stores","www.syms.com"," Email <---> Revenue ","812129","Syms","21700 Telegraph Rd","Southfield","MI","48034","Oakland","www.syms.com","2483502525","2483501007","Donald Mannick","Manager","Mal","9072000","56","531102","Department S","3","1","1"
"81132","Tru Green Chem Lawn","customerservice@trugreenmail.com","13990 172nd Ave","3368348246","6168467370","078206","Lawn & Grounds Maintenance","www.trugreen.com"," Email <---> Revenue ","832432","Tru Green Chem Lawn","13990 172nd Ave","Grand Haven","MI","49417","Ottawa","www.trugreen.com","6168467370","6168463952","Scott Miller","Manager","Mal","5040000","60","78206","Lawn & Groun","3","0","1"
"251095","Mark-Pack Inc","custserv@markpackinc.com","776 Main St","6168375450","6168375400","594306","Rubber & Plastic Stamps","www.markpackinc.com"," Email <---> Revenue ","209383","MARK-PACK INC","776 MAIN ST","COOPERSVILLE","MI","49404","Ottawa","","6168375400","6168375450","DAVID NIELSEN","Owner","M","5100000","30","511304","Packaging Ma","3","0","1"
"244548","Monnier Inc","custserv@monnier.com","2034 Fruit St","8107949451","8107944935","553102","Filters-Air & Gas","www.monnier.com"," Email <---> Revenue ","684145","Monnier Inc","2034 Fruit St","Clay","MI","48001","St Clair","www.monnier.com","8107944935","8107949451","Jack Nichols","Owner","Mal","5016000","33","553102","Filters-Air ","3","0","1"
"165362","AACOA Extrusions Inc","domains@dooleydirect.com","2005 Mayflower Rd","5742623439","2696976063","335501","Aluminum Fabricators","www.aacoa.com"," Email <---> Revenue ","4273","AACOA EXTRUSIONS INC","2005 MAYFLOWER RD","NILES","MI","49120","Berrien","","2696976061","2696976061","","Unknown","","5900000","100","335500","Alum Rol & D","3","0","1"
"203479","Rapid-Packaging Corp","email@rapid-packagingcorp.com","6010 28th St SE","6169490950","6169490950","265701","Boxes-Folding-Manufacturers","www.rapid-packagingcorp.com"," Email <---> Revenue ","747153","Rapid-Packaging Corp","6010 28th St SE","Grand Rapids","MI","49546","Kent","www.rapid-packagingcorp.com","6169490950","","Russell H Spees","President","Mal","6000000","31","265701","Boxes-Foldin","3","0","1"
"45929","Diversified Data Processing","employment@divdat.com","10811 Northend Ave","2483992407","2483990715","733101","Mailing & Shipping Services","www.divdat.com"," Email <---> Revenue ","499178","Diversified Data Processing","10811 Northend Ave","Ferndale","MI","48220","Oakland","www.divdat.com","2483990715","2483992407","Al Bierkle","Owner","Mal","6900000","50","733101","Mailing & Sh","3","0","1"
"65775","Family Farm & Home","employment@familyfarmandhome.com","910 E Chicago St","5172790712","5172790461","519102","Farm Supplies (Wholesale)","www.familyfarmandhome.com"," Email <---> Revenue ","116223","FAMILY FARM & HOME","910 E CHICAGO ST","COLDWATER","MI","49036","Branch","","5172790461","5172790712","DENNIS MC GUIRE","Manager","M","6000000","20","519100","Whl Farm Sup","3","0","1"
"244257","Raymond James & Assoc Inc","employment@raymondjames.com","3499 S Linden Rd # 4","3528549555","8107333118","628205","Financial Planning Consultants","www.rjf.com"," Email <---> Revenue ","747967","Raymond James & Assoc Inc","3499 S Linden Rd # 4","Flint","MI","48507","Genesee","www.raymondjames.com","8107333118","8102308630","Raymond R Kelley","Manager","Mal","8300000","20","628205","Financial Pl","3","0","1"
"198126","Stevens Worldwide Van Lines","employment@stevensworldwide.com","3000 Sanders Rd","9897550570","5173222035","421401","Movers","www.stevensworldwide.com"," Email <---> Revenue ","314015","STEVENS WORLDWIDE VAN LINES","3000 SANDERS RD","LANSING","MI","48917","Eaton","","5173222236","5173220422","CHRIS CALDWELL","Manager","M","7600000","582","421401","Furn Move,St","3","0","1"
"157592","Grainger Inc","feedback@ic.grainger.com","220 W Morley Dr","6105340138","9897550556","508522","Industrial Equipment & Supplies (Whol)","www.grainger.com"," Email <---> Revenue ","556173","Grainger Inc","220 W Morley Dr","Saginaw","MI","48601","Saginaw","www.grainger.com","9897550556","9897529500","Kathy Collier","Manager","Fem","7980000","14","508522","Industrial E","3","0","1"
"138775","Concentrek","hr@concentrek.com","6478 Center Industrial Dr","6169885900","6169885910","473101","Transportation Consultants","www.concentrek.com"," Email <---> Revenue ","468289","Concentrek","263 Church St","Jenison","MI","49428","Ottawa","","6169885900","6169885910","John Patterson","President","Mal","7097000","47","421309","Trucking-Mot","3","0","1"
"251134","Greenville Tool & Die Co","hr@gtd.com","1215 S Lafayette St","6167545500","6167545693","354407","Tool & Die Makers","www.gtd.com"," Email <---> Revenue ","142774","GREENVILLE TOOL & DIE CO","1215 S LAFAYETTE ST","GREENVILLE","MI","48838","Montcalm","","6167545693","6167545500","DALE HARTWAY","President","M","9900000","148","354400","Spc Dies, Tl","3","0","1"
"130316","W H Porter Inc","hr@portercorp.com","4240 136th Ave","6163999123","6163991963","344898","Prefabricated Metal Buildings (Mfrs)","www.poligon.com"," Email <---> Revenue ","347717","W H PORTER INC","4240 136TH AVE","HOLLAND","MI","49424","Ottawa","","6163991963","6163999123","WILLIAM H PORTER","Owner","M","8000000","100","344800","Prefab Metal","3","0","1"
"188035","Ace Communications Group","info@acegroup.cc","5351 N M 37","2318859915","2318851000","481304","Telephone Companies","www.acegroup.cc"," Email <---> Revenue ","373586","Ace Communications Group","5351 N M 37","Mesick","MI","49668","Wexford","www.acegroup.cc","2318851000","2318859915","Tony Ruskowski","Manager","Mal","5328000","16","481304","Telephone Co","3","0","1"
"198791","Consoer Townsend Envirodyne","info@aecom.com","822 Centennial Way # 250","9704930213","5173238200","871110","Engineers-Civil","www.ensr.com"," Email <---> Revenue ","469244","Consoer Townsend Envirodyne","822 Centennial Way # 250","Lansing","MI","48917","Ingham","www.cte-eng.com","5173238200","5173238210","Salvatore Castronovo","Manager","Mal","6320000","40","871110","Engineers-Ci","3","0","1"
"221345","AJM Packaging Corp","info@ajmpack.com","4111 Andover Rd # 100","6312731757","2489010040","738988","Packaging Service","www.ajmpack.com"," Email <---> Revenue ","11367","AJM PACKAGING CORP","4111 ANDOVER RD","BLOOMFIELD","MI","48302","Oakland","","2489010040","2489010061","ROBERT EPSTEIN","Chief Executive Office","M","9000000","40","738912","Packaging Sy","3","0","1"
"64597","Berg Steel","info@bergsteel.com","4306 Normandy Court","2485496066","2485490103","1099","Metal ores","null"," Email <---> Revenue ","37242","BERG STEEL CORP","4306 NORMANDY CT","ROYAL OAK","MI","48073","Oakland","","2485496066","2485490103","NORMAN BERG","President","M","5000000","22","505102","Iron,Steel,F","3","0","1"
"150952","Blue Lakes Charters & Tours","info@bluelakes.com","12154 N Saginaw Rd","8106869772","8106864287","414201","Buses-Charter & Rental","www.bluelakes.com"," Email <---> Revenue ","42857","BLUE LAKES CHARTERS & TOURS","12154 N SAGINAW RD # G","CLIO","MI","48420","Genesee","","8106867524","8106869772","DAVE CUPP","President","M","8700000","150","414200","Non-Lcl Bus ","3","0","1"
"125042","Better Made North","info@bmchips.com","505 N Euclid Ave","9896846390","9896846271","514504","Potato Chips (Wholesale)","www.mritechips.com"," Email <---> Revenue ","38527","BETTER MADE NORTH","505 N EUCLID AVE","BAY CITY","MI","48706","Bay","","9896846271","9896846390","MIKE ESSELTINE","Manager","M","6400000","35","209900","Food Prepara","3","0","1"
"77171","Burch Fabrics Group","info@burchfabrics.com","4200 Brockton Dr SE","6166980011","6166982800","508741","Upholsterers Supplies (Wholesale)","www.burchfabrics.com"," Email <---> Revenue ","50868","BURCH FABRICS GROUP","4200 BROCKTON DR SE","GRAND RAPIDS","MI","49512","Kent","","6166982800","6166980011","JOHN BURCH","Chief Executive Office","M","9300000","50","508700","Sv Estab Eqp","3","0","1"
"114853","Carcoustics","info@carcoustics.com","1400 Durant Dr","5175489122","5175486700","174201","Acoustical Materials","www.carcoustics.com"," Email <---> Revenue ","441925","Carcoustics","1400 Durant Dr","Howell","MI","48843","Livingston","www.carcoustics.com","5175486700","5175489122","Larry Carlson","Manager","Mal","9435000","85","174201","Acoustical M","3","0","1"
"244992","Town & Country Cedar Homes","info@cedarhomes.com","4772 S Us Highway 131","2313477255","2313474360","245201","Log Cabins Homes & Buildings (Mfrs)","www.cedarhomes.com"," Email <---> Revenue ","331073","TOWN & COUNTRY CEDAR HOMES","4772 S US HIGHWAY 131","PETOSKEY","MI","49770","Emmet","","2313474360","2313477255","STEPHANIE V BALDWIN","President","F","7000000","80","245200","Prefab Wood ","3","0","1"
"52697","Central Tile & Terrazzo Co Inc","info@centraltile.net","5180 S 9th St","2693751660","2693751660","177103","Floors-Industrial","www.ntma.com"," Email <---> Revenue ","448427","Central Tile & Terrazzo Co Inc","5180 S 9th St","Kalamazoo","MI","49009","Kalamazoo","www.centraltile.net","2693751660","2693754522","Bruno Bragagnini","Owner","Mal","6450000","50","177103","Floors-Indus","3","0","1"
"11320","Century Plastics Inc","info@centuryplastics.net","50413 Utica Dr","5074773232","5865663900","308901","Mold Makers","www.centuryplastics.net"," Email <---> Revenue ","61818","CENTURY PLASTICS INC","50413 UTICA DR","SHELBY TOWNSHIP","MI","48315","Macomb","","5865663900","5865328153","GREG AVSHARIAN","President","M","7700000","120","308900","Plastic Pdts","3","0","1"
"231289","College Park Industries","info@college-park.com","17505 Helro","7637950058","5862947950","599922","Artificial Limbs","www.oandp.com"," Email <---> Revenue ","73460","COLLEGE PARK INDUSTRIES","17505 HELRO","FRASER","MI","48026","Macomb","","5862947950","5862940067","ERIC ROBINSON","President","M","7000000","40","384100","Surgical,Med","3","0","1"
"243380","Consort Corp","info@consort.com","2129 Portage St","2693882018","2693884532","731901","Display Designers & Producers","www.consort.com"," Email <---> Revenue ","469336","Consort Corp","2129 Portage St","Kalamazoo","MI","49001","Kalamazoo","www.consort.com","2693884532","2693882018","Roger Lepley","CEO","Mal","7425000","30","731901","Display Desi","3","0","1"
"59813","Covet Security","info@covetsecurity.com","313 E Sherman St # A","2486345323","2486345323","506324","Burglar Alarm Systems (Wholesale)","www.covetsecurity.com"," Email <---> Revenue ","474777","Covet Security","313 E Sherman St # A","Holly","MI","48442","Oakland","www.covetsecurity.com","2486345323","","Matt Tinker","Owner","Mal","6580000","10","506324","Burglar Alar","3","0","1"
"154709","Capital City Airport - LAN","info@craa.com","4100 Capital City Boulevard","5173216121","5173216197","458106","Airports","capitalcityairport.com;craa.com"," Email <---> Revenue ","11229","AIRPORT","4100 CAPITOL CITY BLVD","LANSING","MI","48906","Clinton","","5173216121","5173216197","ROBERT SELIG","Executive Director","M","5600000","50","458100","Airports & T","3","0","1"
"59577","Crankshaft Machine Co","info@crankshaft.net","314 N Jackson St","5177875326","5177873791","354107","Machine Tools-Manufacturers","www.crankshaft.net"," Email <---> Revenue ","475576","Crankshaft Machine Co","314 N Jackson St","Jackson","MI","49201","Jackson","www.crankshaft.net","5177873791","5177875326","Craig Little","Manager","Mal","7154000","30","354107","Machine Tool","3","0","1"
"247020","Dental Art Laboratories Inc","info@dentalartlab.com","1721 N Grand River Ave","5174852289","5174852200","807201","Laboratories-Dental","www.dentalartlab.com"," Email <---> Revenue ","93763","DENTAL ART LABORATORIES INC","1721 N GRAND RIVER AVE","LANSING","MI","48906","Ingham","","5174852200","5174852289","RICHARD BLUNDY","President","M","6400000","85","384200","Surgical App","3","0","1"
"146670","Douglas Steel Fabricating Corp","info@douglassteel.com","1312 S Waverly Rd","5173220050","5173222050","344106","Steel-Structural (Manufacturers)","www.douglassteel.com"," Email <---> Revenue ","101110","DOUGLAS STEEL FABRICATING CORP","1312 S WAVERLY RD","LANSING","MI","48917","Eaton","","5173222050","5173220050","J MICHAEL ROGERS","President","M","6200000","75","344100","Fabricated S","3","0","1"
"246222","Duall Division","info@dualldiv.com","1550 Industrial Dr","9897258188","9897258184","734903","Ventilating Systems-Cleaning","www.dualldiv.com"," Email <---> Revenue ","505637","Duall Division","1550 Industrial Dr","Owosso","MI","48867","Shiawassee","www.dualldiv.com","9897258184","9897258188","Greg C Kimmer","VP","Mal","7840000","60","734903","Ventilating ","3","0","1"
"252466","Eden Foods","info@edenfoods.com","701 Tecumseh Rd","7653963430","5174567424","209910","Health Food Products-Manufacturers","www.edenfoods.com"," Email <---> Revenue ","106742","EDEN FOODS","701 TECUMSEH RD","CLINTON","MI","49236","Lenawee","","5174567424","5174566075","MICHAEL POTTER","President","M","7700000","100","209900","Food Prepara","3","0","1"
"112778","Evans Tempcon Inc","info@evanstempcon.com","701 Ann St NW","6163619646","6163612681","358598","Air Conditioning/Htg/Refrig Equip (Mfrs)","www.evanstempcon.com"," Email <---> Revenue ","112740","EVANS TEMPCON INC","701 ANN ST NW","GRAND RAPIDS","MI","49504","Kent","","6163612681","6163619646","RONALD BYERS","President","M","8700000","128","358500","Rfrgn & Heat","3","0","1"
"144014","First Class Valet Inc","info@firstclassvalet.com","NULL","NULL","2484333356","752101","Parking Attendant Service","www.firstclassvalet.com"," Email <---> Revenue ","531738","First Class Valet Inc","","Bloomfield Hills","MI","48304","Oakland","www.firstclassvalet.com","2484333356","","Eric Tatro","Manager","Mal","8900000","100","752101","Parking Atte","3","0","1"
"211538","Four Seasons Sunrooms","info@fourseasonssunrooms.com","8345 Hall Rd","5862540447","5862544466","154207","Greenhouse Builders","www.fourseasonssunrooms.com"," Email <---> Revenue ","537671","Four Seasons Sunrooms","8345 Hall Rd","Utica","MI","48317","Macomb","www.fourseasonssunrooms.com","5862544466","5862540447","Thomas Leininger","Manager","Mal","5256000","12","154207","Greenhouse B","3","0","1"
"177116","Great Lakes Shower Door","info@greatlakesshowerdoor.com","6990 Murthum Ave","2485770520","2485770520","521117","Shower Doors & Enclosures","www.greatlakesshowerdoor.com"," Email <---> Revenue ","141505","GREAT LAKES SHOWER DOOR","6990 MURTHUM AVE","WARREN","MI","48092","Macomb","","5864468500","5864468654","GREG JACOBS","President","M","6400000","50","521102","Door,Window ","3","0","1"
"246082","Horner Flooring Co","info@hornerflooring.com","23400 Helman Ave","9064826115","9064821180","242603","Floor Materials-Manufacturers","www.hornerflooring.com"," Email <---> Revenue ","582618","Horner Flooring Co","23400 Helman Ave","Dollar Bay","MI","49922","Houghton","www.hornerflooring.com","9064821180","9064826115","Doug Hamar","President","Mal","8610000","70","242603","Floor Materi","3","0","1"
"242765","Hubbard Supply Co","info@hubbardsupply.com","3900 E Washington Rd","2699653164","9897532453","508522","Industrial Equipment & Supplies (Whol)","www.hubbardsupply.com"," Email <---> Revenue ","584390","Hubbard Supply Co","3900 E Washington Rd","Saginaw","MI","48601","Saginaw","www.hubbardsupply.com","9897532453","9897533266","Jane Knapp","Manager","Fem","8550000","15","508522","Industrial E","3","0","1"
"221833","Icon Shelter System","info@iconshelters.com","7900 Logistics Dr","6167480995","6167480985","154210","Buildings-Metal","www.iconshelters.com"," Email <---> Revenue ","587693","Icon Shelter System","7900 Logistics Dr","Zeeland","MI","49464","Ottawa","www.iconshelters.com","6167480985","6167480995","Bob Jaskulski","President","Mal","5694000","13","154210","Buildings-Me","3","0","1"
"90887","Inner Space","info@innerspacecorp.com","4920 Starr St SE","6162242829","6162242828","384103","Hospital Equipment & Supplies-Mfrs","www.innerspacecorp.com"," Email <---> Revenue ","591176","Inner Space","4920 Starr St SE","Grand Rapids","MI","49546","Kent","www.innerspacecorp.com","6162242828","6162242829","Dick Cortel","Owner","Mal","8736000","39","384103","Hospital Equ","3","0","1"
"85445","Jas Networks","info@jasnetworks.net","64 Michigan Ave E","2692881111","2696609322","481304","Telephone Companies","www.jasnetworks.net"," Email <---> Revenue ","603259","Jas Networks","64 Michigan Ave E","Battle Creek","MI","49017","Calhoun","www.jasnetworks.net","2696609322","2692881111","Bret Selly","Owner","Mal","6660000","20","481304","Telephone Co","3","0","1"
"227625","Kensington Motor Sports","info@kensingtonmotorsports.com","56605 Pontiac Trl","2484461299","2484460000","557106","Motorcycles & Motor Scooters-Dealers","www.kensingtonmotorsports.com"," Email <---> Revenue ","620591","Kensington Motor Sports","56605 Pontiac Trl","New Hudson","MI","48165","Oakland","www.kensingtonmotorsports.com","2484460000","2484461299","Tim Mooney","President","Mal","6620000","20","557106","Motorcycles ","3","0","1"
"180364","Kostal Of America","info@kostal.com","25325 Regency Dr","2484710868","2484710871","871133","Engineers-Professional","www.kostal.com"," Email <---> Revenue ","626335","Kostal Of America","25325 Regency Dr","Novi","MI","48375","Oakland","www.kostal.com","2484710871","2484710868","Frank Wendland","Manager","Mal","9796000","62","871133","Engineers-Pr","3","0","1"
"82164","Leelanau Fruit Co","info@leelanaufruit.com","2900 S West Bay Shore Dr","2312714367","2312713514","203801","Frozen Food Processors","www.leelanaufruit.com"," Email <---> Revenue ","195115","LEELANAU FRUIT CO","2900 S WEST BAY SHORE DR","SUTTONS BAY","MI","49682","Leelanau","","2312713514","2312714367","GLENN LA CROSS","President","M","8700000","150","203800","Frozen Speci","3","0","1"
"8657","Michigan Wire Processing Co","info@michiganwire.com","2487 W Main St","6168976226","6168976080","509329","Wire-Scrap Processing (Wholesale)","NULL"," Email <---> Revenue ","222449","MICHIGAN WIRE PROCESSING CO","138 S WATER ST","LOWELL","MI","49331","Kent","","6168978479","6168976535","DEAN LONICK","President","M","8400000","95","339800","Metal Heat T","3","0","1"
"130512","Mid-State Industrial","info@midstateindustrial.com","1601 Hults Dr","5176632106","null","359915","Industrial Equipment & Supplies","MIDSTATEINDUSTRIAL.COM"," Email <---> Revenue ","223259","MID-STATE INDUSTRIAL","1601 HULTS DR","EATON RAPIDS","MI","48827","Eaton","","5176632106","5176638464","JEFF HODGKINS","President","M","8500000","50","508408","Mats Handlin","3","0","1"
"47929","Sommer Co Inc","info@midwestbrake.com","26233 Groesbeck Hwy","5867753040","5867764500","753918","Clutches","www.midwestbrake.com"," Email <---> Revenue ","790267","Sommer Co Inc","26233 Groesbeck Hwy","Warren","MI","48089","Macomb","www.midwestbrake.com","5867764500","5867753040","Jim Taylor","President","Mal","5400000","50","753918","Clutches","3","0","1"
"197792","Miedema Produce Inc","info@miedemaproduce.com","5005 40th Ave","6166692524","6166699420","514801","Fruits & Vegetables-Wholesale","www.miedemaproduce.com"," Email <---> Revenue ","224323","MIEDEMA PRODUCE INC","5005 40TH AVE","HUDSONVILLE","MI","49426","Ottawa","","6166699420","6166692524","RONALD SCHUT","President","M","7200000","40","514800","Fresh Fruits","3","0","1"
"240722","Michigan Fence Co","info@mifence.com","3059 W Hill Rd","8102359348","8102354581","503903","Fence (Wholesale)","www.mifence.com"," Email <---> Revenue ","675309","Michigan Fence Co","3059 W Hill Rd","Flint","MI","48507","Genesee","www.mifence.com","8102354581","8102359348","Thomas Petty","Owner","Mal","9000000","25","503903","Fence (Whole","3","0","1"
"167454","Miller Products Inc","info@millerproducts.com","601 1st St NW","6164548341","6164542810","347906","Enameling Japanning & Lacquering (Mfrs)","www.miller-products.com"," Email <---> Revenue ","225469","MILLER PRODUCTS","614 1ST ST NW","GRAND RAPIDS","MI","49504","Kent","","6164548341","6164542810","MIKE STEVENS","President","M","6700000","100","347900","Met Coating,","3","0","1"
"184551","Northland Corp","info@northlandnka.net","701 Ranney Dr","6167540970","6167545601","363298","Household Home & Farm Refrig (Mfrs)","www.northlandnka.com"," Email <---> Revenue ","241332","NORTHLAND CORP","701 RANNEY DR","GREENVILLE","MI","48838","Montcalm","","6167545601","6167540970","KENT COON","Manager","M","6200000","115","363200","Hhl Rfrgs, F","3","0","1"
"224741","Nowak & Fraus Pllc","info@nowakfraus.com","1310 N Stephenson Hwy","2483990805","2483990886","871110","Engineers-Civil","www.nowakfraus.com"," Email <---> Revenue ","703978","Nowak & Fraus Pllc","1310 N Stephenson Hwy","Royal Oak","MI","48067","Oakland","www.nowakfraus.com","2483990886","2483990805","Alex Nicolaescu","Exec VP","Mal","6320000","40","871110","Engineers-Ci","3","0","1"
"206806","Omni Metalcraft Corp","info@omni.com","4040 Us Highway 23 N","8505059888","9893587000","508410","Conveyors & Conveying Equipment (Whol)","www.omni.com"," Email <---> Revenue ","246401","OMNI METALCRAFT CORP","4040 US HIGHWAY 23 N","ALPENA","MI","49707","Alpena","","9893587000","9893587020","RON WINTER","President","M","9400000","55","353500","Conveyors,Re","3","0","1"
"163025","Organize-It","info@organizes-it.com","2079 25 Mile Rd","2486563977","2486563350","502309","Closets & Closet Accessories (Whol)","www.organizes-it.com"," Email <---> Revenue ","248086","ORGANIZE-IT","2079 25 MILE RD","SHELBY TOWNSHIP","MI","48316","Macomb","","2486563350","2486563977","CHRIS NYNLEN","Owner","M","5300000","25","502300","Whl Homefurn","3","0","1"
"237637","Spiral Industries Inc","info@pisor.com","1572 N Old Us Highway 23","9169441022","8106326300","305298","Rubber & Plastics-Hose & Belting (Mfrs)","www.pisor.com"," Email <---> Revenue ","306950","SPIRAL INDUSTRIES INC","1572 N OLD US 23","HOWELL","MI","48843","Livingston","","8106326300","8106329270","JAMES LENFIELD","Chief Executive Office","M","6500000","100","305200","Rubber, Plas","3","0","1"
"167324","Pneumatic Technology Inc","info@pneumatictechnology.com","26673 Lawrence","5867582652","5867587638","508513","Valves-Wholesale","www.pneumatictechnology.com"," Email <---> Revenue ","729474","Pneumatic Technology Inc","26673 Lawrence","Center Line","MI","48015","Macomb","www.pneumatictechnology.com","5867587638","5867582652","Jim Badowski","Owner","Mal","5130000","9","508513","Valves-Whole","3","0","1"
"77022","POM Inc","info@pomgroup.com","2350 Pontiac Rd","2484097901","2484097900","599502","Optical Goods-Retail","www.pomgroup.com"," Email <---> Revenue ","713860","POM Inc","2350 Pontiac Rd","Auburn Hills","MI","48326","Oakland","www.pomgroup.com","2484097900","2484097901","Dwight Morgan","Owner","Mal","5750000","50","599502","Optical Good","3","0","1"
"5006","Premier Electronics Sales","info@premier-electronics.net","15819 Boreas Dr","5862475356","5862475356","506308","Fire Alarm Systems (Wholesale)","www.premier-electronics.net"," Email <---> Revenue ","733514","Premier Electronics Sales","15819 Boreas Dr","Macomb","MI","48044","Macomb","www.premier-electronics.net","5862475356","","Razmik Gharibian","President","Mal","5264000","8","506308","Fire Alarm S","3","0","1"
"122553","Pro-Tec Equipment Inc","info@pro-tecequipment.com","1298 Lipsey Dr","5175410329","5175410303","735949","Contractors-Equipment & Supls-Renting","www.pro-tecequipment.com"," Email <---> Revenue ","266757","PRO-TEC EQUIPMENT INC","1298 LIPSEY DR","CHARLOTTE","MI","48813","Eaton","","5175410303","5175410329","FRANK BALLUFF","President","M","6600000","56","735300","Hv Constr Eq","3","0","1"
"96925","R F Equipment Inc","info@rfequipmentinc.com","1445 E Lansing Rd","5176254440","5176254440","508206","Contractors-Equip/Supls-Dlrs/Svc (Whol)","www.rfequipmentinc.com"," Email <---> Revenue ","742814","R F Equipment Inc","1445 E Lansing Rd","Morrice","MI","48857","Shiawassee","www.rfequipmentinc.com","5176254440","","David Narhi","Owner","Mal","7992000","12","508206","Contractors-","3","0","1"
"12962","Road Machinery & Supplies","info@rmsnt.com","1910 N Stephenson Avenue","9067747011","9067747014","1099","Metal ores","null"," Email <---> Revenue ","758979","Road Machinery & Supplies Co","1910 N Stephenson Ave","Iron Mountain","MI","49801","Dickinson","","9067747011","9067747014","Ray Famiani","Manager","Mal","9990000","15","508206","Contractors-","3","0","1"
"167374","Weather Shield Roofing Systems","info@roofsbuilttolast.com","1197 Hoyt St SE","6162438833","6162434040","176109","Roofing Contractors","www.roofsbuilttolast.com"," Email <---> Revenue ","351602","WEATHER SHIELD ROOFING SYSTEMS","1197 HOYT ST SE","GRAND RAPIDS","MI","49507","Kent","","6162434040","6162438833","JAMES BUSH","Owner","M","7500000","43","176100","Roofg, Sheet","3","0","1"
"66457","San Marino Club","info@sanmarinoclub.com","1685 E Big Beaver Rd","2486890379","2486894615","581223","Banquet Rooms","www.sanmarinoclub.com"," Email <---> Revenue ","290589","SAN MARINO CLUB","1685 E BIG BEAVER RD","TROY","MI","48083","Oakland","","2486894615","2486890379","RON VENDITTELLI","President","M","5000000","100","799921","Malls & Aud","3","0","1"
"228696","Schena Roofing & Sheet Metal","info@schenaroofing.com","28299 Kehrig St","5869498080","5869494777","176109","Roofing Contractors","www.schenaroofing.com"," Email <---> Revenue ","292392","SCHENA ROOFING & SHEET METAL","28299 KEHRIG ST","CHESTERFIELD","MI","48047","Macomb","","5869498080","5869498080","MARIE SCHENA","Owner","F","7000000","40","176100","Roofg, Sheet","3","0","1"
"160566","Sebright Products Inc","info@sebrightproducts.com","PO Box 286","2697934022","2697937183","738924","Waste Reduction & Disposal Equip-Ind","NULL"," Email <---> Revenue ","294221","SEBRIGHT PRODUCTS INC","127 N WATER ST","HOPKINS","MI","49328","Allegan","","2697926229","2697920061","TONY PREDUM","Manager","M","7900000","35","738900","Business Svs","3","0","1"
"65863","Spartan Irrigation Inc","info@servicefirstirrigation.com","1048 Pierpont Dr # 2","5178822144","5178821826","526136","Sprinklers-Garden & Lawn-Retail","www.servicefirstirrigation.com"," Email <---> Revenue ","305710","SPARTAN IRRIGATION INC","1048 PIERPONT DR STE 2","LANSING","MI","48911","Ingham","","5178821826","5178822144","EDWARD DUDGEON","Owner","M","5300000","30","526101","Lawn,Garden ","3","0","1"
"97516","S J Wisinski & Co","info@sjwisinski.com","2618 East Paris Ave SE","6169422854","6169428877","874838","Industrial Developments","www.sjwisinski.com"," Email <---> Revenue ","288269","S J WISINSKI & CO","2618 EAST PARIS AVE SE","GRAND RAPIDS","MI","49546","Kent","","6169428877","6169422854","STANLEY J WISINSKI","Owner","M","6800000","45","651201","Comm/Ind Bld","3","0","1"
"215744","ATS-Michigan Sales & Svc","info@spheralsolar.com","7060 Kensington Rd","8033249360","2484465006","504904","Engineering Equipment & Supplies (Whol)","www.atsautomation.com"," Email <---> Revenue ","371349","ATS-Michigan Sales & Svc","7060 Kensington Rd","Brighton","MI","48116","Livingston","www.atsautomation.com","2484465006","2484465007","Vince Barbisan","Manager","Mal","6928000","16","504904","Engineering ","3","0","1"
"35835","Genius Solutions Inc","info@stammeringfree.com","5504 E 12 Mile Rd # B","5867519080","5867519080","839911","Medical Management Service","www.geniussolution.com"," Email <---> Revenue ","548729","Genius Solutions Inc","5504 E 12 Mile Rd # B","Warren","MI","48092","Macomb","www.geniussolution.com","5867519080","","Manop Thanyakarn","Owner","Mal","6450000","30","839911","Medical Mana","3","0","1"
"87626","Kalamazoo Technical Furniture","info@teclab.com","6450 Valley Industrial Dr","7033833530","2693726109","259901","Furniture-Manufacturers","www.teclab.com"," Email <---> Revenue ","180071","KALAMAZOO TECHNICAL FURNITURE","6450 VALLEY INDUSTRIAL DR","KALAMAZOO","MI","49009","Kalamazoo","","2693726000","2693726116","DARREN DRAVES","President","M","7700000","36","502100","Whl Furnitur","3","0","1"
"78414","Terra Contracting LLC","info@terracontracting.net","2612 Miller Rd","2693420238","2693420231","873111","Environmental & Ecological Services","www.terracontracting.net"," Email <---> Revenue ","818827","Terra Contracting LLC","2612 Miller Rd","Kalamazoo","MI","49001","Kalamazoo","www.terracontracting.net","2693420231","2693420238","Steve Taplin","President","Mal","7040000","40","873111","Environmenta","3","0","1"
"173586","Trim Pines Farm Inc","info@trimpines.com","4357 Baldwin Rd","8106948229","8106949958","078204","Landscape Contractors","www.trimpines.com"," Email <---> Revenue ","333793","TRIM PINES FARM INC","4357 BALDWIN RD","HOLLY","MI","48442","Genesee","","8106949958","8106948229","GEORGE YANCHO","President","M","7900000","45","526103","Retail Nurse","3","0","1"
"238726","Triple D Orchards Inc","info@tripledorchards.com","8310 W Stormer Rd","2313265480","2313265174","873417","Food Processing Consultants","www.tripledorchards.com"," Email <---> Revenue ","334115","TRIPLE D ORCHARDS INC","8310 W STORMER RD","EMPIRE","MI","49630","Leelanau","","2313265174","2313265480","T J KEYES","President","M","8800000","100","017500","Deciduous Tr","3","0","1"
"216242","United Fixtures Co","info@ufixtures.com","2070 S 3rd St","2696830829","2696841880","254206","Store Fixtures-Manufacturers","www.nationalstorefixtures.com"," Email <---> Revenue ","838626","United Fixtures Co","2070 S 3rd St","Niles","MI","49120","Berrien","www.nationalstorefixtures.com","2696841880","2696830829","Daryle Lovett","CEO","Mal","7700000","50","254206","Store Fixtur","3","0","1"
"24496","U P Truck Ctr Inc","info@uptruckcenter.com","4920 Menominee St","9067749480","9067740098","501302","Truck Equipment & Parts-Wholesale","www.uptruckcenter.com"," Email <---> Revenue ","834867","U P Truck Ctr Inc","4920 Menominee St","Quinnesec","MI","49876","Dickinson","www.uptruckcenter.com","9067740098","9067749480","Tom Sullivan","Owner","Mal","9408000","21","501302","Truck Equipm","3","0","1"
"107959","Valiant International Inc","info@valiantmachine.com","1511 E 14 Mile Rd","2485883910","2485884510","354107","Machine Tools-Manufacturers","www.valiantcorp.com"," Email <---> Revenue ","342330","VALIANT INTERNATIONAL INC","1511 E 14 MILE RD","TROY","MI","48083","Oakland","","2485884510","2485883910","JOE HEISTER","Manager","M","7800000","110","354100","Met Cutting ","3","0","1"
"204925","Van Laan Construction Supply","info@vanlaan.com","3240 68th St SE","6165540977","6165543500","503207","Concrete Constr Forms & Acces (Whol)","www.vanlaan.com"," Email <---> Revenue ","842776","Van Laan Construction Supply","3240 68th St SE","Dutton","MI","49316","Kent","www.vanlaan.com","6165543500","6165540977","Steve Van Laan","Manager","Mal","7200000","15","503207","Concrete Con","3","0","1"
"9659","Vassar Building Ctr Inc","info@vbcinc.com","1013 W Saginaw Rd","9898232411","9898238513","521138","Home Centers","www.vbc.doitbest.com"," Email <---> Revenue ","343700","VASSAR BUILDING CTR INC","1013 W SAGINAW RD","VASSAR","MI","48768","Tuscola","","9898238513","9898232411","MIKE MAC KAY","President","M","8100000","45","735901","Rental Ser-S","3","0","1"
"114160","Warren Industries Inc","info@warren-ind.com","22805 Interstate Dr","5867410432","5867410420","359903","Machine Shops","www.warren-ind.com"," Email <---> Revenue ","349628","WARREN INDUSTRIES INC","22805 INTERSTATE DR","CLINTON TWP","MI","48035","Macomb","","5867410420","5867410432","DOUG UDICKI","President","M","8100000","97","359900","Industrial M","3","0","1"
"54688","Weiser Metal Products","info@weisermetal.com","3040 E Carbide Dr","9897366717","9897366055","516941","Carbide (Wholesale)","www.weisermetal.com"," Email <---> Revenue ","854782","Weiser Metal Products","3040 E Carbide Dr","Harrisville","MI","48740","Alcona","www.weisermetal.com","9897366055","9897366717","Terry Lenard","Owner","Mal","6006000","6","516941","Carbide (Who","3","0","1"
"186188","Hanson Mold","information@hansonmold.com","3500 Hollywood Rd","2694295507","2694295555","354405","Molds (Manufacturers)","www.hansonmold.com"," Email <---> Revenue ","147903","HANSON MOLD","3500 HOLLYWOOD RD","SAINT JOSEPH","MI","49085","Berrien","","2694295555","2694295507","KEN PATZKOWSKY","President","M","6700000","100","354400","Spc Dies, Tl","3","0","1"
"251214","Viacom Outdoor","investor.relations@viacom.com","1355 Century Ave SW","6164523350","6164523171","731201","Advertising-Outdoor","www.viacom.com"," Email <---> Revenue ","845345","Viacom Outdoor","1355 Century Ave SW","Grand Rapids","MI","49503","Kent","www.viacom.com","6164523171","6164523350","Kelly Duff","Manager","Mal","5225000","25","731201","Advertising-","3","0","1"
"222429","Group Financial LLC","jobs@diamondcard.com","4000 Town Ctr","2483312211","2483312222","615302","Credit Card & Other Credit Plans","www.diamondcard.com"," Email <---> Revenue ","563153","Group Financial LLC","4000 Town Ctr","Southfield","MI","48075","Oakland","www.diamondcard.com","2483312222","2483312211","Keith Byrd","CEO","Mal","7920000","20","615302","Credit Card ","3","0","1"
"237404","Rennco Inc","jobs@promachinc.com","23721 W M 60","5175684798","5175684121","356502","Packaging Machinery-Manufacturers","www.rennco.com"," Email <---> Revenue ","277639","RENNCO INC","23721 W M 60","HOMER","MI","49245","Calhoun","","5175684121","5175684798","ROBIN THURGOOD","Manager","F","6600000","100","384100","Surgical,Med","3","0","1"
"126201","Spartan Distributors Inc","legal@toro.com","487 W Division St","9528878258","6168877301","526136","Sprinklers-Garden & Lawn-Retail","www.toro.com"," Email <---> Revenue ","305683","SPARTAN DISTRIBUTORS INC","487 W DIVISION ST","SPARTA","MI","49345","Kent","","6168877301","6168876288","DAWN JOHNSON","Owner","F","8800000","50","526101","Lawn,Garden ","3","0","1"
"248100","Petoskey Upholstering & Mattress","mail@pumcointeriors.com","PO Box 400","2313478124","2313475359","571220","Mattresses","null"," Email <---> Revenue ","269011","PUMCO INTERIORS","1840 M 119","PETOSKEY","MI","49770","Emmet","","2313478124","2313475359","THOMAS W BEHAN","Owner","M","7200000","45","571200","Furniture St","3","0","1"
"115787","TAPCO Intl Corp","mail@tapcoint.com","558 Morrice Blvd","8107210226","8107211834","353101","Machinery-Manufacturers","www.tapcoint.com"," Email <---> Revenue ","322729","TAPCO INTL CORP","558 MORRICE BLVD","IMLAY CITY","MI","48444","Lapeer","","8107211834","8107210226","STEVE CARLINE","Manager","M","6000000","35","508400","Indus Mchy &","3","0","1"
"155864","Car Training Specialists","office@cartraining.com","837 S Lapeer Rd # 308","2486280844","2486280844","824301","Computer Training","www.cartraining.com"," Email <---> Revenue ","56435","CAR TRAINING SPECIALISTS","837 S LAPEER RD STE 308","OXFORD","MI","48371","Oakland","","2486280844","2486282785","MARY PERGEAU","Owner","F","7700000","89","824300","Data Process","3","0","1"
"210291","Ryczek Heating & Cooling","office@ryczek.com","1712 Cass Avenue Rd","9898955275","9898955237","507507","Furnaces-Heating (Wholesale)","www.ryczek.com"," Email <---> Revenue ","767629","Ryczek Heating & Cooling","1712 Cass Avenue Rd","Bay City","MI","48708","Bay","www.ryczek.com","9898955237","9898955275","James Ryczek","Owner","Mal","5100000","10","507507","Furnaces-Hea","3","0","1"
"224146","NTB Inc","operations@ntbtrk.com","1240 84th St SW","6168785569","6168785554","421307","Trucking-Heavy Hauling","www.ntbtrk.com"," Email <---> Revenue ","242814","NTB INC","1240 84TH ST SW","BYRON CENTER","MI","49315","Kent","","6164554444","6168785569","RICK KOSTER","Chief Executive Office","M","6400000","70","421300","Trucking","3","0","1"
"102819","Nichols Paper & Supply Co","orders@enichols.com","2291 Olthoff St","6166565196","2317772546","511101","Paper Products (Wholesale)","www.enichols.com"," Email <---> Revenue ","238127","NICHOLS PAPER & SUPPLY CO","2291 OLTHOFF ST","MUSKEGON","MI","49444","Muskegon","","2317772546","2317778250","MICHAEL OLTHOFF","Chief Executive Office","M","9000000","50","514100","Whl Gen Groc","3","0","1"
"215226","IMA America Corp","parts@imaamerica.com","3990 44th St SE","6166569028","6166569021","508427","Machinery-New (Wholesale)","www.imaamerica.com"," Email <---> Revenue ","587309","IMA America Corp","3990 44th St SE","Kentwood","MI","49512","Kent","www.imaamerica.com","6166569021","6166569028","Steve Leedham","VP","Mal","5440000","10","508427","Machinery-Ne","3","0","1"
"249953","Waddell & Reed Inc","recruiting@waddell.com","1295 S Linden Rd # E","9702432539","8102309579","628205","Financial Planning Consultants","www.waddell.com"," Email <---> Revenue ","849745","Waddell & Reed Inc","1295 S Linden Rd # E","Flint","MI","48532","Genesee","www.waddell.com","8102309579","8102309637","Ken Miles","Manager","Mal","5395000","13","628205","Financial Pl","3","0","1"
"241334","English Gardens","resume@englishgardens.com","22501 Kelly Rd","5867714894","5867714200","526108","Nurserymen","www.englishgardens.com"," Email <---> Revenue ","110667","ENGLISH GARDENS","22501 KELLY RD","EASTPOINTE","MI","48021","Macomb","","5867714200","5867714894","MATT BORDEN","Manager","M","5300000","345","526103","Retail Nurse","3","0","1"
"5016","Winfield Collection","sales@352media.com","3150 Owen Rd","4083718767","8106297712","355304","Woodworking Equipment & Supplies-Mfrs","www.cvmarine.com"," Email <---> Revenue ","358267","WINFIELD COLLECTION","3150 OWEN RD","FENTON","MI","48430","Genesee","","8106297712","8106297784","MIKE EASLER","Owner","M","8800000","35","355300","Woodworking ","3","0","1"
"45344","Arrow Homes","sales@arrowhomes.com","6815 E Houghton Lake Road","2313284951","2313284951","738999","Business Services Nec","arrowhomes.com"," Email <---> Revenue ","24572","ARROW HOMES","6815 E HOUGHTON LAKE RD","MERRITT","MI","49667","Missaukee","","2313284318","2313284346","TOM BOWMAN","Owner","M","8500000","25","154205","Comm/Off Bld","3","0","1"
"195637","Bay Shore Steel Co","sales@bayshoresteel.com","6336 Us Highway 31 N","2313471210","2313471160","353501","Conveyors & Conveying Equipment-Mfrs","www.bayshoresteel.com"," Email <---> Revenue ","410516","Bay Shore Steel Co","6336 Us Highway 31 N","Charlevoix","MI","49720","Charlevoix","www.bayshoresteel.com","2313471160","2313471210","Rob Wojan","President","Mal","6330000","30","353501","Conveyors & ","3","0","1"
"112750","Calumet Electronics Corp","sales@calumetelectronics.com","25830 Depot St","9063375359","9063371305","367901","Electronic Equipment & Supplies-Mfrs","www.cec-up.com"," Email <---> Revenue ","54486","CALUMET ELECTRONICS CORP","25830 DEPOT ST","CALUMET","MI","49913","Houghton","","9063371305","9063375359","STEPHEN VAIRO","Chief Executive Office","M","6500000","94","367200","Printed Circ","3","0","1"
"115838","Chemsol Inc","sales@chemsol.com","36977 Fox Gln","2486613941","2486610260","516916","Chemicals (Wholesale)","www.chemsol.com"," Email <---> Revenue ","452529","Chemsol Inc","36977 Fox Gln","Farmington Hills","MI","48331","Oakland","www.chemsol.com","2486610260","2486613941","Steven Fine","Owner","Mal","7007000","7","516916","Chemicals (W","3","0","1"
"103738","Complete Prototype Svc","sales@completeprototype.com","44783 Morley Dr","2483916708","5864699155","399959","Prototypes (Manufacturers)","www.patternguild.com"," Email <---> Revenue ","75911","COMPLETE PROTOTYPE SVC","44783 MORLEY DR","CLINTON TWP","MI","48036","Macomb","","5864699155","5864699156","CHRIS MICHAYLUK","President","M","7600000","100","399900","Mfg Industri","3","0","1"
"113251","Compunetics Inc","sales@compuneticssystems.com","3863 Rochester Rd","2485246374","2485246376","367901","Electronic Equipment & Supplies-Mfrs","www.compuneticssystems.com"," Email <---> Revenue ","467671","Compunetics Inc","3863 Rochester Rd","Troy","MI","48083","Oakland","www.compuneticssystems.com","2485246376","2485246374","Don Bernier","Owner","Mal","6720000","30","367901","Electronic E","3","0","1"
"210777","Decc Co","sales@decc.com","1266 Wallen Ave SW","6162458865","6162450431","347102","Metal Finishers (Manufacturers)","www.decc.com"," Email <---> Revenue ","491110","Decc Co","1266 Wallen Ave SW","Grand Rapids","MI","49507","Kent","www.decc.com","6162450431","6162458865","","","","7592000","73","347102","Metal Finish","3","0","1"
"148203","FNT Industries Inc","sales@fnt-victory.net","927 1st St","9068635777","9068635531","229898","Cordage & Twine (Manufacturers)","www.fnt-victory.net"," Email <---> Revenue ","523158","FNT Industries Inc","927 1st St","Menominee","MI","49858","Menominee","www.fnt-victory.net","9068635531","9068635777","Werner Haberl","Owner","Mal","5846000","37","229898","Cordage & Tw","3","0","1"
"98021","Gibbs Machinery Co","sales@gibbsmachinery.com","21500 Hoover Rd","7038367665","5867555353","508427","Machinery-New (Wholesale)","www.locatoronline.com"," Email <---> Revenue ","550482","Gibbs Machinery Co","21500 Hoover Rd","Warren","MI","48089","Macomb","www.gibbsmachinery.com","5867555353","5867550304","Richard Gibbs Sr","Owner","Mal","8160000","15","508427","Machinery-Ne","3","0","1"
"236664","Hager Fox Heating & Air Cond","sales@hagerfox.com","1435 Diamond Reo Way","5173727568","5174825501","171102","Heating Contractors","www.hagerfox.com"," Email <---> Revenue ","566270","Hager Fox Heating & Air Cond","1435 Diamond Reo Way","Lansing","MI","48910","Ingham","www.hagerfox.com","5174825501","5173727568","Richard Rau","President","Mal","5256000","36","171102","Heating Cont","3","0","1"
"37526","Hardwoods of Michigan","sales@hmilumber.com","430 Division Street","5174567431","5174564931","5311","Retail shops","walkerlumberco.com"," Email <---> Revenue ","148665","HARDWOODS OF MICHIGAN INC","430 DIVISION ST","CLINTON","MI","49236","Lenawee","","5174567431","5174564931","BOB VOGEL","President","M","9400000","180","242100","Sawmills, Pl","3","0","1"
"226484","Holt Auto Sales","sales@holtautosales.com","2237 Aurelius Rd","5176948316","5176943669","551103","Automobile Dealers-Used Cars","www.holtautosales.com"," Email <---> Revenue ","580023","Holt Auto Sales","2237 Aurelius Rd","Holt","MI","48842","Ingham","www.holtautosales.com","5176943669","5176948316","Steve Hanks","Owner","Mal","9705000","15","551103","Automobile D","3","1","1"
"20955","H & W Farm","sales@hwfarms.com","13375 Belding Rd NE","6166918874","6166918802","514801","Fruits & Vegetables-Wholesale","www.hwfarms.com"," Email <---> Revenue ","145459","H & W FARM","13375 BELDING RD NE","BELDING","MI","48809","Ionia","","6166918802","6166918874","GEORGE WRIGHT","Owner","M","5900000","33","514800","Fresh Fruits","3","0","1"
"175839","Industrial Resources-Michigan","sales@industrialresourcesusa.com","3123 Wilson Dr NW","6167917501","6167917500","508426","Material Handling Equipment (Wholesale)","www.industrialresourcesusa.com"," Email <---> Revenue ","163872","INDUSTRIAL RESOURCES-MICHIGAN","3720 3 MILE RD NW","GRAND RAPIDS","MI","49534","Ottawa","","6167917500","6167917501","GERALD DYKSTRA","Owner","M","6000000","35","353700","Ind Trucks,T","3","0","1"
"182084","Jefferson Beach Properties","sales@jbys.com","24400 Jefferson Ave # 3","5867784766","5867787603","555104","Boat Dealers Sales & Service","www.jbys.com"," Email <---> Revenue ","604367","Jefferson Beach Properties","24400 Jefferson Ave # 3","St Clair Shores","MI","48080","Macomb","www.jbys.com","5867787603","5867784766","Paul Henderson","Owner","Mal","8964000","27","555104","Boat Dealers","3","0","1"
"79400","Lake Welding Supply Co","sales@lakewelding.com","363 Ottawa St","2317259113","2317223773","508435","Welding Equipment & Supplies (Wholesale)","www.lakewelding.com"," Email <---> Revenue ","190603","LAKE WELDING SUPPLY CO","363 OTTAWA ST","MUSKEGON","MI","49442","Muskegon","","2317223773","2317259113","IKE SPRIENSMA","President","M","6500000","38","508400","Indus Mchy &","3","0","1"
"140781","Long Plumbing Co","sales@longmechanical.com","190 E Main St","2483493869","2483490373","171105","Plumbing Contractors","www.longmechanical.com"," Email <---> Revenue ","646438","Long Plumbing Co","190 E Main St","Northville","MI","48167","Wayne","www.longmechanical.com","2483490373","2483493869","Ron Tini","Finance Exec","Mal","8760000","60","171105","Plumbing Con","3","0","1"
"162673","LPD Music Intl","sales@lpdmusic.com","32575 Industrial Dr","2485857360","2485859630","509910","Musical Instruments-Wholesale","www.lpdmusic.com"," Email <---> Revenue ","202061","LPD MUSIC INTL","32575 INDUSTRIAL DR","MADISON HTS","MI","48071","Oakland","","2485859630","2485857360","","Unknown","","8700000","40","393100","Musical Inst","3","0","1"
"233302","LTC Roll & Engineering Co","sales@ltcroll.com","23500 John Gorsuch Dr","5864651023","5864650554","349903","Metal Goods-Manufacturers","www.ltcroll.com"," Email <---> Revenue ","202115","LTC ROLL & ENGINEERING CO","23500 JOHN GORSUCH DR","CLINTON TWP","MI","48036","Macomb","","5864651023","5864650554","ANDREW LIGDA","President","M","5800000","75","349900","Fab Metal Pd","3","0","1"
"234958","LWC Distributors Inc","sales@lwcdistributors.com","28056 Oakland Oaks Ct","2483807705","2483807700","506519","Electronic Equipment & Supplies-Whol","www.lwcdistributors.com"," Email <---> Revenue ","629732","LWC Distributors Inc","28056 Oakland Oaks Ct","Wixom","MI","48393","Oakland","www.lwcdistributors.com","2483807700","2483807705","Jay Wendt","Owner","Mal","9090000","9","506519","Electronic E","3","0","1"
"152197","Magnetool Inc","sales@magnetoolinc.com","505 Elmwood Dr","2485885710","2485885400","509916","Magnets & Magnetic Devices (Wholesale)","www.magnetool.biz"," Email <---> Revenue ","205763","MAGNETOOL INC","505 ELMWOOD DR","TROY","MI","48083","Oakland","","2485885400","2485885710","A T CHURCHILL","President","M","5400000","25","509900","Durable Good","3","0","1"
"19465","Marshall Excelsior","sales@marshallexcelsior.com","1506 George Brown Dr","2697818340","2697817300","359903","Machine Shops","www.marshallexcelsior.com"," Email <---> Revenue ","210088","MARSHALL EXCELSIOR","110 S HAMILTON ST","MARSHALL","MI","49068","Calhoun","","2697817300","2697819044","JEFF BEGG","Chief Executive Office","M","6200000","75","359900","Industrial M","3","0","1"
"218823","Pebco Sales","sales@meccomindustrial.com","22797 Morelli Dr","5864637853","5864637850","509908","Manufacturers-Agents & Representatives","www.meccomindustrial.com"," Email <---> Revenue ","720570","Pebco Sales","22797 Morelli Dr","Clinton Twp","MI","48036","Macomb","www.meccomindustrial.com","5864637850","5864637853","Paul Baltzer","Owner","Mal","9440000","10","509908","Manufacturer","3","0","1"
"114630","Message Express Internet Spprt","sales@mei.net","3410 Gull Rd","2696238033","2693739035","737416","Internet Home Page Dev Consulting","www.msgexp.net"," Email <---> Revenue ","671390","Message Express Internet Spprt","3410 Gull Rd","Kalamazoo","MI","49048","Kalamazoo","www.msgexp.net","2693739035","2696238033","Robert Fischer","Owner","Mal","7650000","50","737416","Internet Hom","3","0","1"
"219924","Winninger Fire Protection","sales@mercury.net","PO Box 283","9896883790","9896524438","506315","Fire Protection Equipment & Supls (Whol)","www.tm.net"," Email <---> Revenue ","862812","Winninger Fire Protection","PO Box 283","Frankenmuth","MI","48734","Saginaw","www.tm.net","9896524438","","Hal Wininger","Owner","Mal","5264000","8","506315","Fire Protect","3","0","1"
"153563","Monroe Environmental Corp","sales@monroeenvironmental.com","810 W Front St","7342422422","7342427654","356998","General Ind Machinery/Equip Nec (Mfrs)","www.mon-env.com"," Email <---> Revenue ","228049","MONROE ENVIRONMENTAL CORP","810 W FRONT ST","MONROE","MI","48161","Monroe","","7342427654","7342425275","GARY PASHAIAN","Owner","M","9500000","50","291100","Petroleum Re","3","0","1"
"236921","Motor City Harley-Davidson","sales@motorcityharley.com","34900 Grand River Ave","2484735949","2484737433","557106","Motorcycles & Motor Scooters-Dealers","www.motorcityharley.com"," Email <---> Revenue ","686666","Motor City Harley-Davidson","34900 Grand River Ave","Farmington Hills","MI","48335","Oakland","www.motorcityharley.com","2484737433","2484735949","Dick Rose","Manager","Mal","8606000","26","557106","Motorcycles ","3","0","1"
"96125","Bitner Tooling Technologies","sales@natool.com","6501 Sims Dr","5869778012","5869778007","508453","Tools-Cutting (Wholesale)","www.natool.com"," Email <---> Revenue ","419798","Bitner Tooling Technologies","6501 Sims Dr","Sterling Heights","MI","48313","Macomb","www.natool.com","5869778007","5869778012","Don Muir","Manager","Mal","7072000","13","508453","Tools-Cuttin","3","0","1"
"252563","National Bulk Equipment Inc","sales@nbe-inc.com","12838 Stainless Dr","6163997365","6163992220","359905","Machinery-Specially Designed & Built","www.nbe-inc.com"," Email <---> Revenue ","234010","NATIONAL BULK EQUIPMENT INC","12838 STAINLESS DR","HOLLAND","MI","49424","Ottawa","","6163992220","6163997365","TODD REED","Owner","M","8300000","49","508405","Mach Tools,M","3","0","1"
"175302","NEMROC Inc","sales@nemroc.com","800 Bolton St","9893561607","9893562821","242101","Lumber-Manufacturers","www.nemroc.com"," Email <---> Revenue ","235865","NEMROC INC","800 BOLTON ST","ALPENA","MI","49707","Alpena","","9893562821","9893561607","JOE DONAJKOWSKI","Manager","M","8300000","115","242100","Sawmills, Pl","3","0","1"
"145627","NUSTEP","sales@nustep.com","5111 Venture Drive Suite 1","7347693939","7347698180","5311","Retail shops","NUSTEP.COM"," Email <---> Revenue ","243060","NUSTEP INC","5111 VENTURE DR STE 1","ANN ARBOR","MI","48108","Washtenaw","","7347693939","7347698180","RICHARD SARNS","Chief Executive Office","M","5300000","70","399900","Mfg Industri","3","0","1"
"19392","Peco Corp","sales@pecocarwash.com","244 Rex Blvd","2482999001","2482995800","508708","Car Washing/Polishing Equip/Supls (Whol)","www.pecocarwash.com"," Email <---> Revenue ","255290","PECO CORP","244 REX BLVD","AUBURN HILLS","MI","48326","Oakland","","2482995800","2482999001","SANDY JONES","Manager","F","5600000","30","358900","Service Indu","3","0","1"
"184520","Pentech","sales@pentech.com","15645 Sturgeon St","5864453009","5864451070","509908","Manufacturers-Agents & Representatives","www.pentech.com"," Email <---> Revenue ","256060","PENTECH","15645 STURGEON ST","ROSEVILLE","MI","48066","Macomb","","5864451070","5864453009","DAVID VERNIER","Owner","M","5400000","25","509908","Manuf Agents","3","0","1"
"243951","P F Markey Inc","sales@pfmarkey.com","2880 Universal Dr","9897939511","9897930900","508453","Tools-Cutting (Wholesale)","www.pfmarkey.com"," Email <---> Revenue ","250127","P F MARKEY INC","2880 UNIVERSAL DR","SAGINAW","MI","48603","Saginaw","","9897930900","9897939511","JIM TERRY","President","M","5100000","30","508400","Indus Mchy &","3","0","1"
"231555","Prefix Corp","sales@prefix.com","1300 W Hamlin Rd # 100","2486501334","2486501330","871133","Engineers-Professional","www.prefix.com"," Email <---> Revenue ","264801","PREFIX CORP","1300 W HAMLIN RD # 100","ROCHESTER HILLS","MI","48309","Oakland","","2486501330","2486501334","KIM ZEILE PE","Owner","M","6000000","60","871100","Engineering ","3","0","1"
"137605","Premier Business Products Inc","sales@premierbusiness.com","1744 Maplelawn Dr","2486140388","2488223535","366302","Communication Equipment-Manufacturers","www.premierbusiness.com"," Email <---> Revenue ","264883","PREMIER BUSINESS PRODUCTS INC","1744 MAPLELAWN DR","TROY","MI","48084","Oakland","","2488223535","2486140388","CRAIG ZIMMERMAN","Owner","M","6500000","38","366300","Radio & Tv C","3","0","1"
"241547","Premium Air Systems Inc","sales@premiumair.net","1051 Naughton Dr","2708649265","2486808800","171117","Air Conditioning Contractors & Systems","www.premiumair.net"," Email <---> Revenue ","265197","PREMIUM AIR SYSTEMS INC","1051 NAUGHTON DR","TROY","MI","48083","Oakland","","2486808800","2486808808","LEONARD FRAMALIN","President","M","8800000","50","171104","Heating,Air ","3","0","1"
"97692","Quinco Tool","sales@quinco.com","21000 Hubbell Street","2489676908","2489685066","5311","Retail shops","quinco.com"," Email <---> Revenue ","741419","Quinco Tool","21000 Hubbell St","Oak Park","MI","48237","Oakland","www.quinco.com","2489676908","2489685066","Charlie Warren","Owner","Mal","7300000","50","354598","Cutting Tool","3","0","1"
"150433","Redall Industries","sales@redall.com","400 E Wood Street","8103873224","null","5311","Retail shops","redall.com"," Email <---> Revenue ","275920","REDALL INDUSTRIES","PO BOX 160","YALE","MI","48097","St. Clair","","8103873224","8103873820","MICHAEL POWELL","Chief Executive Office","M","5500000","88","346500","Auto Stampin","3","0","1"
"188766","State Tool & Mfg Co","sales@statetool.com","1650 E Empire Ave","2699274230","2699274230","362998","Electrical Indstrl Apparatus Nec (Mfrs)","www.statetool.com"," Email <---> Revenue ","800984","State Tool & Mfg Co","1650 E Empire Ave","Benton Harbor","MI","49022","Berrien","www.statetool.com","2699274230","2699274230","Manroe Raschke","President","Mal","9900000","50","362998","Electrical I","3","0","1"
"229240","Sur-Flo Plastics & Engineering","sales@sur-flo.com","18401 Malyn Blvd","5867734433","5864154823","308901","Mold Makers","www.sur-flo.com"," Email <---> Revenue ","319541","SUR-FLO PLASTICS & ENGINEERING","18401 MALYN BLVD","FRASER","MI","48026","Macomb","","5864154823","5864155564","CAMERON FERGUSON","Manager","M","8000000","125","308900","Plastic Pdts","3","0","1"
"226288","Three M Tool & Machine Inc","sales@three-m.com","8155 Richardson Rd","2483634422","2483631555","359903","Machine Shops","www.three-m.com"," Email <---> Revenue ","326944","THREE M TOOL & MACHINE INC","8155 RICHARDSON RD","COMMERCE TOWNSHI","MI","48390","Oakland","","2483631555","2483634422","MIKE NEDWID","President","M","6600000","80","359900","Industrial M","3","0","1"
"36946","Trans Technology Engineering","sales@tinnermanpalnut.com","23800 W 10 Mile Rd # 101","2482265950","2482265900","501320","Automobile-Mfrs Equip & Supls (Whol)","www.tinnermanpalnut.com"," Email <---> Revenue ","828654","Trans Technology Engineering","23800 W 10 Mile Rd # 101","Southfield","MI","48034","Oakland","www.tinnermanpalnut.com","2482265900","2482265950","Mike Delfin","Manager","Mal","6720000","15","501320","Automobile-M","3","0","1"
"221555","Technical Training","sales@ttinao.com","2750 Product Dr","2488532411","2488535550","899903","Writers","www.ttinao.com"," Email <---> Revenue ","323956","TECHNICAL TRAINING","2750 PRODUCT DR","ROCHESTER HILLS","MI","48309","Oakland","","2488535550","2488532411","LORI BLAKER","President","F","8000000","160","899900","Misc Service","3","0","1"
"234042","U S Marble Inc","sales@usmarble.com","7839 Costabella Ave","9895612997","9895612293","503201","Marble-Cultured (Wholesale)","www.usmarble.com"," Email <---> Revenue ","336669","U S MARBLE INC","7839 COSTABELLA AVE","REMUS","MI","49340","Mecosta","","9895612293","9895612997","SHARON BISHOP","Owner","F","9000000","45","251400","Metal Hhl Fu","3","0","1"
"218710","Dynamic Powersports","service@dynamicpowersportsusa.com","17330 E 9 Mile Rd","5864458104","5864458100","555104","Boat Dealers Sales & Service","www.dynamicpowersportsusa.com"," Email <---> Revenue ","507379","Dynamic Powersports","17330 E 9 Mile Rd","Eastpointe","MI","48021","Macomb","www.dynamicpowersportsusa.com","5864458100","5864458104","John Conwell","Owner","Mal","6308000","19","555104","Boat Dealers","3","0","1"
"248408","Baudville Inc","webmaster@baudville.com","5380 52nd St SE","6166980554","6166980888","737105","Computer Graphics","www.baudville.com"," Email <---> Revenue ","409704","Baudville Inc","5380 52nd St SE","Grand Rapids","MI","49512","Kent","www.baudville.com","6166980888","6166980554","Debra Sikanas","President","Fem","6908000","44","737105","Computer Gra","3","0","1"
"245404","Dutch Village","webmaster@dutchvillage.com","12350 James St","6163961476","6163961475","594712","Gift Shops","www.dutchvillage.com"," Email <---> Revenue ","506862","Dutch Village","12350 James St","Holland","MI","49424","Ottawa","www.dutchvillage.com","6163961475","6163961476","Sue Nelis","President","Fem","6825000","75","594712","Gift Shops","3","0","1"
"198232","Kazoo Inc","webmaster@edwardsgarment.com","4900 S 9th St","2693758230","2693754900","233907","Clothing-Manufacturers","www.edwardsgarment.com"," Email <---> Revenue ","181380","KAZOO INC","4900 S 9TH ST","KALAMAZOO","MI","49009","Kalamazoo","","2693754900","2693758230","GARY SCHULTZ","Chief Executive Office","M","8500000","120","233900","Women'S Oute","3","0","1"
"41012","Ehardt's Pharmacy & Medical","webmaster@ehardtspharmacy.com","7275 Huron Ave","8103597200","8103597200","591205","Pharmacies","www.ehardtspharmacy.com"," Email <---> Revenue ","513407","Ehardt's Pharmacy & Medical","7275 Huron Ave","Lexington","MI","48450","Sanilac","www.ehardtspharmacy.com","8103595322","8103597200","Tim Knapp","Manager","Mal","6405000","35","591205","Pharmacies","3","2","1"
"235556","ITW Deltar Fasteners","webmaster@itwautomotive.com","850 Stephenson Hwy # 500","2485892595","2485892500","308901","Mold Makers","www.itwautomotive.com"," Email <---> Revenue ","587466","ITW Deltar Fasteners","850 Stephenson Hwy # 500","Troy","MI","48083","Oakland","www.itwautomotive.com","2485892500","2485892595","Gene Harris","Manager","Mal","9840000","60","308901","Plastics-Mol","3","0","1"
"48039","K Tool Corp","webmaster@ktool.com","31111 S Wixom Rd","5152628623","2486695000","508456","Tools-Pneumatic (Wholesale)","www.ktool.com"," Email <---> Revenue ","179455","K TOOL CORP","31111 S WIXOM RD","WIXOM","MI","48393","Oakland","","2486695000","2486695015","BOB GEISINGER","President","M","9500000","55","508506","Industrial T","3","0","1"
"223397","Mc Pherson Plastics Inc","webmaster@mcpherson-plastics.com","1347 Michigan Highway 89","2696946662","2696949487","308198","Unsupported Plastics-Film/Sheet (Mfrs)","www.mcpherson-plastics.com"," Email <---> Revenue ","214427","MC PHERSON PLASTICS INC","PO BOX 58","OTSEGO","MI","49078","Allegan","","2696949487","2696946662","BERNARD C MCPHERSON JR","President","M","5800000","75","308100","Unsupported ","3","0","1"
"213451","Midwest Food Equipment Svc","webmaster@mfeservice.com","3055 Dixie Ave SW","6162612020","6162612000","762921","Restaurant Equipment-Repairing & Svc","www.mfeservice.com"," Email <---> Revenue ","224043","MIDWEST FOOD EQUIPMENT SVC","3055 DIXIE AVE SW","GRANDVILLE","MI","49418","Kent","","6162612000","6162612020","DAVID BOOMSTRA","Owner","M","6000000","40","769905","Industrial E","3","0","1"
"80493","Michigan Cat","webmaster@michigancat.com","25000 Novi Rd","6168277700","2483497050","362198","Motor & Generator-Manufacturers","www.michigancat.com"," Email <---> Revenue ","220306","MICHIGAN CAT","25000 NOVI RD","NOVI","MI","48375","Oakland","","2483497050","","DAVE CARPENTER","Vice-President","M","8500000","50","508406","Engines,Tran","3","0","1"
"213298","Amigo Mobility Ctr","webmaster@myamigo.com","5234 Plainfield Ave NE # C","6163617561","6163617559","599939","Wheel Chairs & Scooters","www.myamigo.com"," Email <---> Revenue ","19059","AMIGO MOBILITY CTR","5234 PLAINFIELD AVE NE STE C","GRAND RAPIDS","MI","49525","Kent","","6163617559","6163617561","SCOTT CHAPPELL","Manager","M","7200000","118","599900","Misc Retail ","3","0","1"
"244600","Repcolite Paints Inc","webmaster@repcolite.com","473 W 17th St","6163969654","6163965213","523107","Paint-Retail","www.repcolite.com"," Email <---> Revenue ","753022","Repcolite Paints Inc","473 W 17th St","Holland","MI","49423","Ottawa","www.repcolite.com","6163965213","6163969654","David Altena","President","Mal","6030000","30","523107","Paint-Retail","3","0","1"
"238918","RHI Management Resources","webmaster@rhi.com","1 Towne Sq","9255987999","2483686457","874203","Personnel Consultants","www.rhi.com"," Email <---> Revenue ","744294","RHI Management Resources","1 Towne Sq","Southfield","MI","48076","Oakland","www.rhi.com","2483686457","2483686455","Chris Lucy","Manager","Fem","6800000","40","874203","Personnel Co","3","0","1"
"243759","Syndevco Inc","webmaster@syndevco.com","24205 Telegraph Rd","2483560928","2483562839","367901","Electronic Equipment & Supplies-Mfrs","www.syndevco.com"," Email <---> Revenue ","812160","Syndevco Inc","24205 Telegraph Rd","Southfield","MI","48034","Oakland","www.syndevco.com","2483562839","2483560928","Ronald Grobbel","President","Mal","6720000","30","367901","Electronic E","3","0","1"
"210887","Towne Air Freight Inc","webmaster@towneair.com","5450 Kraft Ave SE","2604788945","6165543388","421309","Trucking-Motor Freight","www.towneair.com"," Email <---> Revenue ","827664","Towne Air Freight Inc","5450 Kraft Ave SE","Grand Rapids","MI","49512","Kent","www.towneair.com","6165543388","6165543272","Bill Sutherland","Manager","Mal","7550000","50","421309","Trucking-Mot","3","0","1"
"220915","Venture Technology Group","webmaster@ttiglobal.com","11377 E Lakewood Blvd","8028631193","6163928480","508513","Valves-Wholesale","www.ttiglobal.com"," Email <---> Revenue ","844341","Venture Technology Group","11377 E Lakewood Blvd","Holland","MI","49424","Ottawa","www.venturegroups.com","6163928480","6163926219","Mike Fitzpatrick","Manager","Mal","5700000","10","508513","Valves-Whole","3","0","1"
"112689","Applied Industrial Tech Inc","techsupport@applied.com","1150 N Outer Dr","9037536028","9897520101","508525","Bearings (Wholesale)","www.applied.com"," Email <---> Revenue ","394412","Applied Industrial Tech Inc","1150 N Outer Dr","Saginaw","MI","48601","Saginaw","www.applied.com","9897520101","9897527915","Bernie Wisniewski","Manager","Mal","9120000","16","508525","Bearings (Wh","3","0","1"
