mail id,company,email,address,phone,fax,sic,sic description,web,,revenue id,company,address,city,state,zip,	metro,web,phone,fax,contact,position,gender,sales,# of employee,sic,sic_descrpiton,	,,
"23391","Team Industries","webmaster@r-control.com","4580 Airwest Dr SE","3203952702","6166982001","308601","Plastics-Foam (Manufacturers)","www.polyfoaminc.com"," Email <---> Revenue ","816933","Team Industries","4580 Airwest Dr SE","Kentwood","MI","49512","Kent","www.teamindustries.com","6166982001","6166980605","Tim Feagan","President","Mal","11800000","50","308601","Plastics-Foa","4","0","1"
"95839","Shopko","webmaster@pacific.net","900 Memorial Rd","9064879380","9064879000","531102","Department Stores","www.shopco.com"," Email <---> Revenue ","784125","Shopko","900 Memorial Rd","Houghton","MI","49931","Houghton","www.shopco.com","9064879000","9064879380","Marge Crep","Manager","Fem","16200000","100","531102","Department S","4","1","1"
"143656","Metric Manufacturing Co","webmaster@metricmfg.com","1001 Foreman St","6168974138","6168975959","359903","Machine Shops","www.metricmfg.com"," Email <---> Revenue ","671751","Metric Manufacturing Co","1001 Foreman St","Lowell","MI","49331","Kent","www.metricmfg.com","6168975959","6168974138","Gary Gilbert","President","Mal","12300000","100","359903","Machine Shop","4","0","1"
"151190","Midwest Enterprises","webmaster@mdstudiosinc.com","3090 W Cook Rd","7815455800","8106558600","555102","Boat Covers Tops & Upholstery","www.southshorepoolsupply.com"," Email <---> Revenue ","679008","Midwest Enterprises","3090 W Cook Rd","Grand Blanc","MI","48439","Genesee","www.midwestpools.com","8106558600","8106552187","Gregory L Hoover Sr","Owner","Mal","13280000","40","555102","Boat Covers ","4","0","1"
"248993","International Master Products","webmaster@mastertag.com","9350 Walsh Rd","2318280003","2318945651","308902","Plastics & Plastic Products (Mfrs)","www.mastertag.com"," Email <---> Revenue ","593225","International Master Products","9350 Walsh Rd","Montague","MI","49437","Muskegon","www.mastertag.com","2318945651","2318280003","Richard Hughes Jr","President","Mal","20500000","125","308902","Plastics & P","4","0","1"
"189157","Marathon Ashland Petroleum","webmaster@marathonpetroleum.com","2090 Morrill Rd","5027725223","5177847121","517201","Petroleum Products (Wholesale)","www.mapllc.com"," Email <---> Revenue ","657711","Marathon Ashland Petroleum","2090 Morrill Rd","Jackson","MI","49201","Jackson","www.mapllc.com","5177847121","5177847227","Richard Smith","Manager","Mal","13416000","4","517201","Petroleum Pr","4","0","1"
"214264","Life Time Fitness & Spa","webmaster@lifetimefitness.com","4700 Investment Dr","2142270701","2482671000","799101","Health Clubs Studios & Gymnasiums","www.lifetimefitness.com"," Email <---> Revenue ","641430","Life Time Fitness & Spa","4700 Investment Dr","Troy","MI","48098","Oakland","www.lifetimefitness.com","2482671000","2482671010","Jason Bird","Manager","Mal","12400000","200","799101","Health Clubs","4","0","1"
"187933","Cotterman Co","techsupport@cotterman.com","130 Seltzer Rd","6613226275","8106794400","249998","Wood Products Nec (Manufacturers)","www.cotterman.com"," Email <---> Revenue ","79748","COTTERMAN CO","130 SELTZER RD","CROSWELL","MI","48422","Sanilac","","8106794400","8106794510","C F STIMPSON","President","M","10700000","150","249900","Wood Product","4","0","1"
"240514","Bekum America Corp","service@bekumamerica.com","1140 W Grand River Ave","5176554121","5176554331","508480","Plastics-Machinery & Equipment (Whol)","www.bekumamerica.com"," Email <---> Revenue ","35801","BEKUM AMERICA CORP","1140 W GRAND RIVER AVE","WILLIAMSTON","MI","48895","Ingham","","5176554331","5176554121","MARTIN STARK","President","M","17000000","100","508400","Indus Mchy &","4","0","1"
"230836","U S Graphite Inc","sales@usgraphite.net","1620 E Holland Ave","9897550445","9897550441","362498","Carbon & Graphite Products (Mfrs)","www.usgraphite.net"," Email <---> Revenue ","834948","U S Graphite Inc","1620 E Holland Ave","Saginaw","MI","48601","Saginaw","www.usgraphite.net","9897550441","9897550445","Mick Dodson","Plant Mgr","Mal","21060000","78","362498","Carbon & Gra","4","0","1"
"30188","Lyle Industries Inc","sales@stopol.com","4144 Lyle Rd","9894357717","9894357250","356998","General Ind Machinery/Equip Nec (Mfrs)","www.lyleindustries.com"," Email <---> Revenue ","202954","LYLE INDUSTRIES INC","4144 LYLE RD","BEAVERTON","MI","48612","Gladwin","","9894357717","9894357250","GERRY SCHWARTZ","President","M","11900000","150","355600","Food Product","4","0","1"
"208159","Stegner Electric Controls","sales@stegner.cc","3333 Bald Mountain Rd","2483224183","2483384100","362503","Electronic Controls-Manufacturers","www.stegner.cc"," Email <---> Revenue ","801484","Stegner Electric Controls","3333 Bald Mountain Rd","Auburn Hills","MI","48326","Oakland","www.stegner.cc","2483384100","2483224183","Jeanine Hayman","Manager","Fem","17920000","80","362503","Electronic C","4","0","1"
"244468","BTM Corp","sales@speedsourcetech.com","300 Davis Rd","8103646178","8103644567","359998","Indstrl/Coml Machinery/Equip Nec (Mfrs)","www.btmcorp.com"," Email <---> Revenue ","404954","BTM Corp","300 Davis Rd","Marysville","MI","48040","St Clair","www.btmcorp.com","8103644567","8103646178","E G Sawdon","Owner","Mal","13000000","100","359998","Indstrl/Coml","4","0","1"
"198165","Reuland Electric Co","sales@reuland.com","4500 E Grand River Ave","5175460596","5175464400","362504","Electric Motors-Controls-Manufacturers","www.reuland.com"," Email <---> Revenue ","754059","Reuland Electric Co","4500 E Grand River Ave","Howell","MI","48843","Livingston","www.reuland.com","5175464400","5175460596","Marie Ponia","HR Exec","Fem","14560000","65","362504","Electric Mot","4","0","1"
"123667","Primeway Tool & Engineering","sales@primewayedm.com","32033EdwardAvenue","2485886614","2485883747","871106","Engineers","primewayedm.com"," Email <---> Revenue ","735118","Primeway Tool & Engineering Co","32033 Edward Ave","Madison Heights","MI","48071","Oakland","www.primewayedm.com","2485886614","2485883747","Larry Ianitelli","President","Mal","16450000","25","506369","Electrical D","4","0","1"
"227662","Progressive Metal Mfg Co","sales@pmmco.com","1300 Channing St","2485463523","2485435210","346904","Metal Stamping (Manufacturers)","www.pmmco.com"," Email <---> Revenue ","737344","Progressive Metal Mfg Co","1300 Channing St","Ferndale","MI","48220","Oakland","www.pmmco.com","2485435210","2485463523","","","","13840000","80","346904","Metal Stampi","4","0","1"
"157992","Plascore Inc","sales@plascore.com","615 N Fairview Rd","6167721289","6167721220","289198","Adhesives & Sealants (Manufacturers)","www.plascore.com"," Email <---> Revenue ","261067","PLASCORE INC","615 N FAIRVIEW RD","ZEELAND","MI","49464","Ottawa","","6167721220","6167721289","FRITZ HUEBNER","President","M","18600000","200","289100","Adhesives, S","4","0","1"
"46567","Permawick","sales@permawick.com","185 Oakland Ave","2484331824","2484333500","299202","Lubricants-Manufacturers","www.permawick.com"," Email <---> Revenue ","722692","Permawick","185 Oakland Ave","Birmingham","MI","48009","Oakland","www.permawick.com","2484333500","2484331824","Martin Abel","Owner","Mal","12654000","18","299202","Lubricants-M","4","0","1"
"45557","Percor Manufacturing Inc","sales@percormfg.com","6995 Dutton Industrial Park Dr","6165544957","6165541668","509908","Manufacturers-Agents & Representatives","www.percormfg.com"," Email <---> Revenue ","722035","Percor Manufacturing Inc","6995 Dutton Industrial Park Dr","Caledonia","MI","49316","Kent","www.percormfg.com","6165541668","6165544957","Alan Niemeyer","President","Mal","13216000","14","509908","Manufacturer","4","0","1"
"220057","Tee Jay Industries","sales@oakley-ind.com","34272 Doreka","5867921332","5862965160","354302","Industrial Patterns (Manufacturers)","www.oakley-ind.com"," Email <---> Revenue ","324274","TEE JAY INDUSTRIES","34272 DOREKA","FRASER","MI","48026","Macomb","","5862965160","5862965242","ROGER WAWRZYNIAK","President","M","11000000","150","354300","Industrial P","4","0","1"
"66100","North Coast Components Inc","sales@northcc.com","3504 Highland Dr","6163794106","6163794100","506330","Electric Equipment & Supplies-Wholesale","www.northcoastcomponents.com"," Email <---> Revenue ","700200","North Coast Components Inc","3504 Highland Dr","Hudsonville","MI","49426","Ottawa","www.northcoastcomponents.com","6163794100","6163794106","Mary Nienhuis","Owner","Fem","14476000","22","506330","Electric Equ","4","0","1"
"141214","Nationwide Fence & Supply Co-Corporate OFC","sales@nationwide-fence.com","53861 Gratiot Avenue","5867496900","5867496909;81078978","5311","Retail shops","null"," Email <---> Revenue ","234757","NATIONWIDE FENCE & SUPPLY CO","53861 GRATIOT AVE","CHESTERFIELD","MI","48051","Macomb","","5867496900","5867496909","MICHAEL DE MIL","President","M","18000000","100","179917","Fence Contra","4","0","1"
"168618","Linn Products","sales@linnproducts.net","1200 Lipsey Drive","null","5175437533","738999","Business Services Nec","linnproducts.net"," Email <---> Revenue ","198583","LINN PRODUCTS","1200 LIPSEY DR","CHARLOTTE","MI","48813","Eaton","","5175431820","5175433520","RANDY W LINN","President","M","12800000","200","335400","Alum Extrude","4","0","1"
"171475","Hydro-Chem Systems Inc","sales@hcsclean.com","5550 Clay Ave SW","6165318692","6165316420","516925","Cleaning Compounds (Wholesale)","www.hcsclean.com"," Email <---> Revenue ","586650","Hydro-Chem Systems Inc","5550 Clay Ave SW","Grand Rapids","MI","49548","Kent","www.hcsclean.com","6165316420","6165318692","Jim Teague","President","Mal","20020000","20","516925","Cleaning Com","4","0","1"
"243272","Harbor Packaging","sales@harborpkg.com","342 E 40th Street","6164949913","6164949914","5311","Retail shops","harborpkg.com"," Email <---> Revenue ","148324","HARBOR PACKAGING","342 E 40TH ST","HOLLAND","MI","49423","Ottawa","","6164949913","6164949914","MIKE SEIFERT","Manager","M","22000000","590","267100","Packg Ppr Co","4","0","1"
"197913","Grand Transformers Inc","sales@gtipower.com","1500 Marion Ave","6168469137","6168425430","361298","Power Distr/Specialty Transformer (Mfrs)","www.gtipower.com"," Email <---> Revenue ","557226","Grand Transformers Inc","1500 Marion Ave","Grand Haven","MI","49417","Ottawa","www.gtipower.com","6168425430","6168469137","Greg Retzlaff","President","Mal","18480000","80","361298","Power Distr/","4","0","1"
"211349","General Housing Corp","sales@genhouse.com","900 Andre St","9896842914","9896848078","245202","Buildings-Pre-Cut Prefab & Modlr-Mfrs","www.genhouse.com"," Email <---> Revenue ","132370","GENERAL HOUSING CORP","4644 FRASER RD","BAY CITY","MI","48706","Bay","","9896862770","9896673623","","Unknown","","10200000","30","154205","Comm/Off Bld","4","0","1"
"167760","Cotterman Co","sales@cotterman.com","130 Seltzer Rd","8106794400","8106794510","249998","Wood Products Nec (Manufacturers)","www.cotterman.com"," Email <---> Revenue ","79748","COTTERMAN CO","130 SELTZER RD","CROSWELL","MI","48422","Sanilac","","8106794400","8106794510","C F STIMPSON","President","M","10700000","150","249900","Wood Product","4","0","1"
"240012","Schmidt-Bowman Co","sales@comcastwork.com","1919 Coolidge Hwy","9047212329","2483991166","509908","Manufacturers-Agents & Representatives","www.engengineering.com"," Email <---> Revenue ","775538","Schmidt-Bowman Co","1919 Coolidge Hwy","Berkley","MI","48072","Oakland","www.schmidt-bowman.com","2483991166","2483991945","Bliss Bowman","Owner","Mal","10384000","11","509908","Manufacturer","4","0","1"
"249738","Burkard Industries Inc","sales@burkardind.com","35300 Kelly Rd","5867918980","5867916520","347904","Coatings-Protective-Manufacturers","www.burkardind.com"," Email <---> Revenue ","51278","BURKARD INDUSTRIES INC","35300 KELLY RD","CLINTON TWP","MI","48035","Macomb","","5867916520","5867918980","JOHN BURKARD","Owner","M","13400000","200","347900","Met Coating,","4","0","1"
"145798","Air Conditioning Products","sales@acpshutters.com","30350 Ecorse Road","null","7343269632","171198","Plumbing Heating & Air Conditioning","null"," Email <---> Revenue ","10922","AIR CONDITIONING PRODUCTS","30350 ECORSE RD","ROMULUS","MI","48174","Wayne","","7343260050","7343269632","PHIL MEBUS","Owner","M","12700000","100","521100","Lumber, Rel ","4","0","1"
"248429","Automatic Spring Products Corp","quotes@automaticspring.com","803 Taylor Ave","6168424380","6168427800","349502","Springs-Manufacturers","www.automaticspring.com"," Email <---> Revenue ","28277","AUTOMATIC SPRING PRODUCTS CORP","803 TAYLOR AVE","GRAND HAVEN","MI","49417","Ottawa","","6168427800","6168424380","STEVE MORELAND","President","M","17000000","909","346900","Metal Stampi","4","0","1"
"118116","Pella Window & Door Co","privacy@pella.com","2000 Haggerty Rd","8047431501","2486248080","521107","Windows","www.pella.com"," Email <---> Revenue ","720998","Pella Window & Door Co","2000 Haggerty Rd","West Bloomfield","MI","48322","Oakland","www.pella.com","2486248080","2486249178","Tom Pulliam","Manager","Mal","18000000","150","521107","Windows","4","0","1"
"157964","Marposs Corp","privacy@marposs.com","3300 Cross Creek Pkwy","2483700990","2483700404","508416","Gauges & Gages (Wholesale)","www.marposs.com"," Email <---> Revenue ","209775","MARPOSS CORP","3300 CROSS CREEK PKWY","AUBURN HILLS","MI","48326","Oakland","","2483700404","2483700990","ED VELLA","President","M","20400000","120","508400","Indus Mchy &","4","0","1"
"112232","Ferris Coffee & Nut Co","orders@ferriscoffee.com","227 Winter Ave NW","6164592146","6164596257","596307","Coffee Break Service & Supplies","www.ferriscoffee.com"," Email <---> Revenue ","119337","FERRIS COFFEE & NUT CO","227 WINTER AVE NW","GRAND RAPIDS","MI","49504","Kent","","6164596257","6164592146","JOHN VANTONGEREN","President","M","11300000","50","738920","Coffee Servi","4","0","1"
"11334","Leutheuser Motors","office@leutheuser.net","99 West Carleton Rd","5174377334","5174377953","559999","Ret Misc Vehicles Repair Services Plumbing/heating/air","getagreatdeal.com"," Email <---> Revenue ","196513","LEUTHEUSER BUICK PONTIAC GMC","99 W CARLETON RD","HILLSDALE","MI","49242","Hillsdale","","5174377334","5174377953","ERIC LEUTHEUSER","Owner","M","12100000","30","551100","New & Used C","4","0","1"
"32421","Mid Michigan Industries Inc","mail@mmionline.com","2426 Parkway Dr","9897731317","9897736918","399903","Manufacturers","www.mmionline.com"," Email <---> Revenue ","222928","MID MICHIGAN INDUSTRIES INC","2426 PARKWAY DR","MT PLEASANT","MI","48858","Isabella","","9897736918","9897731317","ALAN SCHILLING","President","M","10100000","133","399900","Mfg Industri","4","0","1"
"251461","Formula K Family Fun Park","jobs@formulakfamilyfunpark.com","54358 N Main St","2696684819","2696684070","559901","Carts-Motorized","www.formulakfamilyfunpark.com"," Email <---> Revenue ","536745","Formula K Family Fun Park","54358 N Main St","Mattawan","MI","49071","Van Buren","www.formulakfamilyfunpark.com","2696684070","2696684819","Dick Sexton","Owner","Mal","23335000","65","559901","Carts-Motori","4","0","1"
"188678","Raymond James & Assoc Inc","investorrelations@rjf.com","161 Ottawa Ave NW # 405","2395965474","6164568691","628205","Financial Planning Consultants","www.raymondjames.com"," Email <---> Revenue ","747963","Raymond James & Assoc Inc","161 Ottawa Ave NW # 405","Grand Rapids","MI","49503","Kent","www.raymondjames.com","6164568691","6164561915","Dave Hilgendorf","Manager","Mal","10790000","26","628205","Financial Pl","4","0","1"
"89862","Morpace International","information@morpace.com","31700 Middlebelt Rd # 200","2487375326","2487375300","873204","Market Research & Analysis","www.morpace.com"," Email <---> Revenue ","229024","MORPACE INTERNATIONAL","31700 MIDDLEBELT RD STE 200","FARMINGTON HILLS","MI","48334","Oakland","","2487375300","2487375326","FRANK WARD","Chief Executive Office","M","16700000","150","873201","Mrkt Anal,Ec","4","0","1"
"177209","Great Lakes Process Controls","information@glprocess.com","23373 Commerce Dr # A5","2484781362","2484788892","509908","Manufacturers-Agents & Representatives","www.glprocess.com"," Email <---> Revenue ","559901","Great Lakes Process Controls","23373 Commerce Dr # A5","Farmington Hills","MI","48335","Oakland","www.glprocess.com","2484788892","2484781362","Emil Tijan","Owner","Mal","11328000","12","509908","Manufacturer","4","0","1"
"70405","Wilcox Professional Svc LLC","info@wilcox.us","1 Madison Ave","9897556571","2317757755","871133","Engineers-Professional","www.wilcoxassociates.com"," Email <---> Revenue ","356356","WILCOX PROFESSIONAL SVC LLC","1 MADISON AVE","CADILLAC","MI","49601","Wexford","","2317757755","2317753135","RICK WILCOX PE","President","M","10000000","100","871100","Engineering ","4","0","1"
"196723","Ultra Aluminum Mfg Inc","info@ultraaluminum.com","2124 Grand Commerce Dr","7344492450","5175486755","349605","Fence-Manufacturers","www.ultrafence.com"," Email <---> Revenue ","837310","Ultra Aluminum Mfg Inc","2124 Grand Commerce Dr","Howell","MI","48855","Livingston","www.ultrafence.com","5175486755","7344492450","Russ Springborn","Owner","Mal","10010000","70","349605","Fence-Manufa","4","0","1"
"186356","Stelter Partners","info@stelterpartners.com","300 Ionia Ave SW","6164519698","6164517800","502107","Furniture-Dealers-Wholesale","www.stelterpartners.com"," Email <---> Revenue ","313011","STELTER PARTNERS","549 IONIA AVE SW","GRAND RAPIDS","MI","49503","Kent","","6162241700","","JAMES STELTER","Owner","M","10800000","48","738906","Interior Des","4","0","1"
"173639","Soundtech Inc","info@soundtechinc.com","3880 Soundtech Ct SE","6165755659","6165755659","521140","Insulation Materials-Cold & Heat","www.soundtechinc.com"," Email <---> Revenue ","790803","Soundtech Inc","3880 Soundtech Ct SE","Grand Rapids","MI","49512","Kent","www.soundtechinc.com","6165755659","6165755659","Bill Ellis","Owner","Mal","12900000","50","521140","Insulation M","4","0","1"
"25996","Smeltzer Orchard Co WHOL","info@smeltzerorchards.com","6032 Joyfield Rd","2318824430","2318824421","514201","Frozen Foods-Wholesale","www.smeltzerorchards.com"," Email <---> Revenue ","302010","SMELTZER ORCHARD CO WHOL","6032 JOYFIELD RD","FRANKFORT","MI","49635","Benzie","","2318824421","2318824430","TIM BRIAN","President","M","11300000","90","203700","Frozen Fruit","4","0","1"
"190187","R A Townsend Co","info@ratownsend.com","1100 N Bagley St","9893564244","9893543105","507510","Heating Equipment & Systems (Wholesale)","www.ratownsend.com"," Email <---> Revenue ","271524","R A TOWNSEND CO","1100 N BAGLEY ST","ALPENA","MI","49707","Alpena","","9893543105","9893564244","RUSSELL TOWNSEND","Owner","M","10500000","55","343300","Mfg Heating ","4","0","1"
"158571","LANDSCAPE Forms","info@rankforsales.com","431 Lawndale Ave","2693810396","2693813455","253198","Public Building/Related Furniture (Mfrs)","www.landscapeforms.com"," Email <---> Revenue ","192305","LANDSCAPE FORMS","431 LAWNDALE AVE","KALAMAZOO","MI","49048","Kalamazoo","","2693810396","2693813455","BILL MAIN","Chief Executive Office","M","10700000","172","265500","Fiber Cans, ","4","0","1"
"211134","PSI Call Ctr","info@psicontactcenter.com","3160 Haggerty Rd # D","2486242400","2486242400","873204","Market Research & Analysis","www.psicallcenter.com"," Email <---> Revenue ","353097","WEST BLOOMFIELD TECH CTR","3160 HAGGERTY RD STE D","W BLOOMFIELD","MI","48323","Oakland","","2486242400","","LARRY EVANS","Owner","M","22700000","101","738900","Business Svs","4","0","1"
"234704","Primary Home Care LLC","info@primaryhomecare.com","116 W Superior St","9897937521","9894638700","808201","Home Health Service","www.primaryhomecare.com"," Email <---> Revenue ","265837","PRIMARY HOME CARE LLC","116 W SUPERIOR ST","ALMA","MI","48801","Gratiot","","9894638700","9897937521","SHELLEY PEEK","Owner","F","11700000","123","808200","Home Health ","4","0","1"
"143481","Prestige Stamping Inc","info@prestigestamping.com","23513 Groesbeck Hwy","5867732298","5867732700","345298","Bolts Nuts Screws Rivets/Washers (Mfrs)","www.prestigestamping.com"," Email <---> Revenue ","734380","Prestige Stamping Inc","23513 Groesbeck Hwy","Warren","MI","48089","Macomb","www.prestigestamping.com","5867732700","5867732298","Robert J Rink","President","Mal","19000000","100","345298","Bolts Nuts S","4","0","1"
"200614","Premier Tool & Die Cast Corp","info@premierdiecast.com","9886 N Tudor Rd","2694713855","2694717715","336398","Aluminum Die Castings (Manufacturers)","www.premierdiecast.com"," Email <---> Revenue ","265131","PREMIER TOOL & DIE CAST CORP","9886 N TUDOR RD","BERRIEN SPRGS","MI","49103","Berrien","","2694717715","2694713855","PAUL BRANCALEON","President","M","16000000","250","336300","Alum Die-Cas","4","0","1"
"186717","Nagle Paving","info@naglepaving.com","30630 W 12 Mile Rd","2486265215","2486260400","161101","Paving Contractors","www.naglepaving.com"," Email <---> Revenue ","691387","Nagle Paving","30630 W 12 Mile Rd","Farmington Hills","MI","48334","Oakland","www.naglepaving.com","2486260400","2486265215","Michael Santi","President","Mal","23500000","100","161101","Paving Contr","4","1","1"
"132912","Modern Mirror & Glass","info@modernglass.net","20809 Kraft Boulevard","null","5862961108","5719","Glass & mirrors","modernglass.net"," Email <---> Revenue ","227258","MODERN MIRROR & GLASS","20809 KRAFT BLVD","ROSEVILLE","MI","48066","Macomb","","5862961000","5862961108","PAULA ZEOL","President","F","14900000","85","523101","Glass","4","0","1"
"61488","Midland Design Svc","info@midlanddesignservice.com","31435 Stephenson Hwy","2485880558","2485888833","516936","Dyes & Dyestuffs (Wholesale)","www.midlanddesignservice.com"," Email <---> Revenue ","678574","Midland Design Svc","31435 Stephenson Hwy","Madison Heights","MI","48071","Oakland","www.midlanddesignservice.com","2485888833","2485880558","Pat Wins","Manager","Mal","24024000","24","516936","Dyes & Dyest","4","0","1"
"240317","Mercury Products Inc","info@mercprod.com","30707 Commerce Blvd","5867496804","5867496800","346904","Metal Stamping (Manufacturers)","www.mercprod.com"," Email <---> Revenue ","670572","Mercury Products Inc","30707 Commerce Blvd","Chesterfield","MI","48051","Macomb","www.mercprod.com","5867496800","5867496804","","","","17300000","100","346904","Metal Stampi","4","0","1"
"238050","Marshall E Campbell Co","info@mecampbell.com","2975 Lapeer Rd","8109843075","8109857105","509998","Distribution Centers","www.mecampbell.com"," Email <---> Revenue ","210080","MARSHALL E CAMPBELL CO","2975 LAPEER RD","PORT HURON","MI","48060","St. Clair","","8109857105","8109856689","JACK CAMPBELL","President","M","20000000","92","509900","Durable Good","4","0","1"
"53449","Mall City Containers Inc","info@mallcitycontainers.com","2710 N Pitcher St","2693817878","2693812706","265301","Corrugated & Solid Fiber Boxes (Mfrs)","www.mallcitycontainers.com"," Email <---> Revenue ","206615","MALL CITY CONTAINERS INC","2710 N PITCHER ST","KALAMAZOO","MI","49004","Kalamazoo","","2693812706","2693817878","BEN BOERESMA","Owner","M","11800000","70","254200","Met Partitio","4","0","1"
"243666","Kent Power Inc","info@kenttech.com","90 Spring St","6166784100","6166785775","173101","Electric Contractors","www.kentpower.com"," Email <---> Revenue ","620860","Kent Power Inc","90 Spring St","Kent City","MI","49330","Kent","www.kentpower.com","6166785775","6166784100","Richard Kent","Owner","Mal","19800000","150","173101","Electric Con","4","2","1"
"238670","Jarvis Pemco","info@jarviscaster.com","1872 Ravine Rd","2693492350","2693499631","308902","Plastics & Plastic Products (Mfrs)","www.jarviscaster.com"," Email <---> Revenue ","603248","Jarvis Pemco","1872 Ravine Rd","Kalamazoo","MI","49004","Kalamazoo","www.jarviscaster.com","2693499631","2693492350","Tom Miller","Plant Mgr","Mal","15580000","95","308902","Plastics & P","4","0","1"
"197210","Lamar Construction Co Inc","info@focusproperties.com","A-4608 66th St","6163355904","6163355833","179102","Steel Erectors","www.lamarconstruction.com"," Email <---> Revenue ","632866","Lamar Construction Co Inc","A-4608 66th St","Holland","MI","49423","Ottawa","www.lamarconstruction.com","6163355833","6163355904","Carl Blauwkamp","Owner","Mal","15000000","100","179102","Steel Erecto","4","0","1"
"242191","Fabiano Brothers Inc","info@fabianobrothers.com","1219 N Mission St","9897736323","9897733605","518101","Beer & Ale-Wholesale","www.fabianobrothers.com"," Email <---> Revenue ","114619","FABIANO BROTHERS INC","1219 N MISSION ST","MT PLEASANT","MI","48858","Isabella","","9897733605","9897736323","JAMES FABIANO","President","M","21200000","150","518100","Whl Beer & A","4","0","1"
"216977","Dunnage Engineering Inc","info@dunnage-eng.com","721 Advance St","8102297180","8102299501","282101","Plastics-Raw Mtrls/Powder/Resin-Mfrs","www.dunnageengineering.com"," Email <---> Revenue ","506495","Dunnage Engineering Inc","721 Advance St","Brighton","MI","48116","Livingston","www.dunnageengineering.com","8102299501","8102297180","Jerry Joseph","Owner","Mal","18600000","40","282101","Plastics-Raw","4","0","1"
"177210","DSS Corp","info@dss-corp.com","25657 Southfield Rd","2485696567","2485696440","506438","Telephone Answering Systs/Equip (Whol)","www.dss-corp.com"," Email <---> Revenue ","102527","DSS CORP","18311 W 10 MILE RD STE 200","SOUTHFIELD","MI","48075","Oakland","","2485696440","2485696567","JOE MOSED","Owner","M","10900000","70","399300","Signs & Advg","4","0","1"
"251648","Dedoes Industries","info@dedoes.com","1060 W West Maple Rd","2486245080","2486247710","355909","Special Industry Machinery Nec (Mfrs)","www.dedoes.com"," Email <---> Revenue ","491379","Dedoes Industries","1060 W West Maple Rd","Walled Lake","MI","48390","Oakland","www.dedoes.com","2486247710","2486245080","John Dedoes","Owner","Mal","15120000","80","355909","Special Indu","4","0","1"
"65566","Cherry Republic Inc","info@cherryrepublic.com","6026 S Lake St","2313346425","2313343150","513611","T-Shirts-Wholesale","www.cherryrepublic.com"," Email <---> Revenue ","64990","CHERRY REPUBLIC INC","6026 S LAKE ST","GLEN ARBOR","MI","49636","Leelanau","","2313343150","2313346425","ROBERT SUTHERLAND","President","M","11500000","50","513606","Mens,Boys Sp","4","0","1"
"89528","Caro Carbide Corp","info@carocarbide.com","553 Robbins Dr","2485882384","2485884252","508552","Carbide Metals & Products (Wholesale)","www.carocarbide.com"," Email <---> Revenue ","443301","Caro Carbide Corp","553 Robbins Dr","Troy","MI","48083","Oakland","www.carocarbide.com","2485884252","2485882384","Richard Cieszkowski","Owner","Mal","11400000","20","508552","Carbide Meta","4","0","1"
"25907","Boutique Trims Inc","info@btcrafts.com","21200 Pontiac Trl","2484379463","2484372017","519901","Craft & Craft Supplies-Wholesale","www.boutiquetrims.com"," Email <---> Revenue ","425829","Boutique Trims Inc","21200 Pontiac Trl","South Lyon","MI","48178","Oakland","www.boutiquetrims.com","2484372017","2484379463","Kevin Williams","President","Mal","12206000","17","519901","Craft & Craf","4","0","1"
"207790","Biggs Gilmore Communications","info@biggs-gilmore.com","261 E Kalamazoo Ave # 300","2693493051","2693497711","731101","Advertising-Agencies & Counselors","www.biggs-gilmore.com"," Email <---> Revenue ","418199","Biggs Gilmore Communications","261 E Kalamazoo Ave # 300","Kalamazoo","MI","49007","Kalamazoo","www.biggs-gilmore.com","2693497711","2693493051","Mike Gerfen","CEO","Mal","23980000","55","731101","Advertising-","4","0","1"
"230892","Bierlein Co","info@bierlein.com","2000 Bay City Rd","9894960144","9894960066","179502","Demolition Contractors","www.bierlein.com"," Email <---> Revenue ","417411","Bierlein Co","2000 Bay City Rd","Midland","MI","48642","Midland","www.bierlein.com","9894960066","9894960144","Michael D Bierlein","President","Mal","14200000","200","179502","Demolition C","4","0","1"
"178477","Burke E Porter Machinery Co","info@be.bepco.com","730 Plymouth Ave NE","6164599531","6164591032","382998","Measuring/Controlling Devices Nec (Mfrs)","www.burkeporter.net"," Email <---> Revenue ","51286","BURKE E PORTER MACHINERY CO","730 PLYMOUTH AVE NE","GRAND RAPIDS","MI","49505","Kent","","6164599531","6164591032","ANDREW D DEBOER","Chief Executive Office","M","12300000","160","382900","Measur, Ctrl","4","0","1"
"104324","Friends Who Care","humanresources@friendswhocare.com","25900 Greenfield Rd # 105","2489685621","2489685540","808201","Home Health Service","www.friendswhocare.com"," Email <---> Revenue ","128245","FRIENDS WHO CARE","25900 GREENFIELD RD STE 105","OAK PARK","MI","48237","Oakland","","2489685540","2489685621","MARION HUCKABY","Manager","F","19000000","200","808200","Home Health ","4","0","1"
"190857","Nth Consultants LTD","hr@nthconsultants.com","38955 Hills Tech Dr","5173278500","2485536300","871133","Engineers-Professional","www.nthconsultants.com"," Email <---> Revenue ","242820","NTH CONSULTANTS LTD","38955 HILLS TECH DR","FARMINGTON HILLS","MI","48331","Oakland","","2485536300","2483245178","KEITH SWAFFAR","Chief Executive Office","M","17700000","276","871100","Engineering ","4","0","1"
"206050","Marshall Distributing Inc","custserv@marshalldistributing.com","4162 Doerr Rd","9898725350","9898722109","501313","Automobile Parts & Supplies-Wholesale","www.marshalldistributing.com"," Email <---> Revenue ","210077","MARSHALL DISTRIBUTING INC","4162 DOERR RD","CASS CITY","MI","48726","Tuscola","","9898722109","9898725350","ROGER MARSHALL","Chief Executive Office","M","15200000","70","509906","Importers","4","0","1"
"136049","Byrne Electrical Specs Inc","custserv@byrne-electrical.com","320 Byrne Industrial Dr","6168663449","6168663461","349698","Fabricated Wire Products-Misc (Mfrs)","www.byrne-electrical.com"," Email <---> Revenue ","434947","Byrne Electrical Specs Inc","320 Byrne Industrial Dr","Rockford","MI","49341","Kent","www.byrne-electrical.com","6168663461","6168663449","Norman Byrne","President","Mal","12300000","200","349698","Fabricated W","4","0","1"
"239873","Nalco Co","customerservice@nalco.com","1610 Clara St","5099279395","5177828262","289905","Chemicals-Manufacturers","www.nalco.com"," Email <---> Revenue ","691702","Nalco Co","1610 Clara St","Jackson","MI","49203","Jackson","www.nalco.com","5177828262","5177822448","Matt Bero","Plant Mgr","Fem","10000000","21","289905","Chemicals-Ma","4","0","1"
"234896","William B Eerdmans Publishing","customerservice@eerdmans.com","255 Jefferson Ave SE","6164596540","6164594591","274105","Publishers","www.eerdmans.com"," Email <---> Revenue ","860536","William B Eerdmans Publishing","255 Jefferson Ave SE","Grand Rapids","MI","49503","Kent","www.eerdmans.com","6164594591","6164596540","William B Eerdmans","Owner","Mal","16440000","60","274105","Publishers","4","0","1"
"133138","Lorann Oils","customercare@lorannoils.com","4518 Aurelius Rd","5178820507","5178820215","514932","Flavoring Extracts (Wholesale)","www.lorannoils.com"," Email <---> Revenue ","646860","Lorann Oils","4518 Aurelius Rd","Lansing","MI","48910","Ingham","www.lorannoils.com","5178820215","5178820507","John Grettenberger","Manager","Mal","16880000","20","514932","Flavoring Ex","4","0","1"
"25954","Mol-Son Inc","contact@mol-son.com","53196 N Main St","2696685132","2696683377","308901","Mold Makers","www.mol-son.com"," Email <---> Revenue ","683620","Mol-Son Inc","53196 N Main St","Mattawan","MI","49071","Van Buren","www.mol-son.com","2696683377","2696685132","John Switzer","Plant Mgr","Mal","18204000","111","308901","Plastics-Mol","4","0","1"
"35751","Peter Basso Assoc Inc","careers@pbanet.com","5145 Livernois Rd # 100","2488790007","2488795666","871133","Engineers-Professional","www.pbanet.com"," Email <---> Revenue ","723534","Peter Basso Assoc Inc","5145 Livernois Rd # 100","Troy","MI","48098","Oakland","www.pbanet.com","2488795666","2488790007","Peter Basso","Owner","Mal","15800000","100","871133","Engineers-Pr","4","0","1"
"27250","Mac & Ray's Banquet Ctr","rentals@macray.com","30675 N River Rd","5864639660","5864633257","581223","Banquet Rooms","www.macray.com"," Email <---> Revenue ","204287","MAC & RAYS BANQUET CTR","30675 N RIVER RD","HARRISON TWP","MI","48045","Macomb","","5864639660","5864633257","ROGER PETRI","Manager","M","10000000","200","581266","Caterer/Cont","4","0","1"
"23285","Andersen & Assoc Inc","hr@andersenassoc.com","30575 Anderson Ct","6169758991","2489606800","254204","Racks-Manufacturers","www.andersenassoc.com"," Email <---> Revenue ","19642","ANDERSEN & ASSOC INC","30575 ANDERSON CT","WIXOM","MI","48393","Oakland","","2489606800","2489606820","CHARLES O TAPPAN","Manager","M","12900000","224","254200","Met Partitio","4","0","1"
"88010","Presque Isle Electric & Gas","billing@pieg.com","19831 M 68 Hwy","9897332247","9897338515","491101","Electric Companies","www.pieg.com"," Email <---> Revenue ","734203","Presque Isle Electric & Gas","19831 M 68 Hwy","Onaway","MI","49765","Presque Isle","www.pieg.com","9897338515","9897332247","Martin Thomson","Manager","Mal","18500000","57","491101","Electric Com","4","0","1"
"238539","Peters Imports","info@petersimports.com","3040 Remico Street SW","6162615405","null","509905","Importers","petersimports.com"," Email <---> Revenue ","257572","PETERS IMPORTS INC","3040 REMICO ST SW","GRANDVILLE","MI","49418","Kent","","6162615405","6162615420","EDWARD PETERS","Owner","M","16100000","90","514100","Whl Gen Groc","4","0","1"
"146095","Newkirk Electric Associate","info@newkirk-electric.com","1875 Roberts Street","2317221691","null","173101","Electric Contractors","newkirk-electric.com;newkirkeelectic.com"," Email <---> Revenue ","697522","Newkirk Electric Assoc Inc","1875 Roberts St","Muskegon","MI","49442","Muskegon","www.newkirk-electric.com","2317221691","2317221690","Chris Anton","Owner","Mal","19200000","40","173101","Electric Con","4","2","1"
"219993","BUTTERBALL FARMS","info@butterballfarms.com","1435 Buchanan SW","6162430105","6162439169","019101","FARMS","av-imaging.com"," Email <---> Revenue ","52086","BUTTERBALL FARMS","1435 BUCHANAN AVE SW","GRAND RAPIDS","MI","49507","Kent","","6162430105","6162439169","MARK PETERS","President","M","19300000","250","202100","Mfg Creamery","4","0","1"
"225866","Contractors","info@wiegandsnursery.com","47747 Romeo Plank Rd","5862863650","5862863658","519304","Florists-Wholesale","www.wiegandsnursery.com"," Email <---> Revenue ","77956","CONTRACTORS","47747 ROMEO PLANK RD","MACOMB","MI","48044","Macomb","","5862863658","5862863650","MARVE WIEGAND","Owner","M","10000000","100","519300","Flowers,Flor","4","0","1"
"234184","3-D Solutions","info@threedsolutions.com","165 Kirts Blvd # 600","2482690602","2482690600","737303","Cad Systems & Services","www.threedsolutions.com"," Email <---> Revenue ","364770","3-D Solutions","165 Kirts Blvd # 600","Troy","MI","48084","Oakland","www.threedsolutions.com","2482690600","2482690602","Pradeep Chowdhry","Owner","Mal","15470000","70","737303","Cad Systems ","4","0","1"
"142701","Pinckney Molded Plastics Inc","hr@pmpnet.com","3970 Parsons Rd","8636651902","5175469900","308901","Mold Makers","www.pmpnet.com"," Email <---> Revenue ","726497","Pinckney Molded Plastics Inc","3970 Parsons Rd","Howell","MI","48855","Livingston","www.pmpnet.com","5175469900","5175467097","Don Verna","President","Mal","10300000","70","308901","Plastics-Mol","4","0","1"
"214475","CEC Controls Co","info@webbms.com","14555 Barber Ave","5867790266","5867790222","382204","Controls Control Systems/Regulators-Mfrs","www.ceccontrols.com"," Email <---> Revenue ","437275","CEC Controls Co","14555 Barber Ave","Warren","MI","48088","Macomb","www.ceccontrols.com","5867790222","5867790266","Gilbert Bates","President","Mal","14300000","100","382204","Controls Con","4","0","1"
"198151","Gourmet International Inc","info@gourmetint.com","6605 Broadmoor Ave SE","6166988870","6166980666","509905","Importers","www.gourmetint.com"," Email <---> Revenue ","555485","Gourmet International Inc","6605 Broadmoor Ave SE","Caledonia","MI","49316","Kent","www.gourmetint.com","6166980666","6166988870","Horst Nitzsche","Owner","Mal","11328000","12","509905","Importers","4","0","1"
"238920","Magnetic Systems","catalog@msimagnets.com","1095 Dam Rd","2315823675","2315829600","509916","Magnets & Magnetic Devices (Wholesale)","www.msimagnets.com"," Email <---> Revenue ","654654","Magnetic Systems","1095 Dam Rd","Boyne City","MI","49712","Charlevoix","www.msimagnets.com","2315829600","2315823675","Daniel Williams","Manager","Mal","13216000","14","509916","Magnets & Ma","4","0","1"
"187676","Evergreen Health & Living","privacy@premierhealthcare.com","19933 W 13 Mile Rd","2482039001","2482039000","805101","Nursing & Convalescent Homes","www.premierhealthcare.com"," Email <---> Revenue ","112971","EVERGREEN HEALTH & LIVING","19933 W 13 MILE RD","SOUTHFIELD","MI","48076","Oakland","","2482039000","2482039001","DIANE HOWELL","Administrator","F","15000000","200","832200","Social Servi","4","1","1"
"151225","Style Rite Label","sales@styleritelabel.com","2140 Avon Industrial Dr","2488539821","2488448910","267201","Labels-Paper (Manufacturers)","www.styleritelabel.com"," Email <---> Revenue ","805884","Style Rite Label","2140 Avon Industrial Dr","Rochester Hills","MI","48309","Oakland","www.styleritelabel.com","2488448910","2488539821","Dick Pesci","Owner","Mal","15680000","40","267201","Labels-Paper","4","0","1"
"226497","Mc Elroy Metal Mill Inc","info@mcelroymetal.com","311 Oliver Dr","3187478029","2697818313","344403","Sheet Metal Fabricators","www.mcelroymetal.com"," Email <---> Revenue ","213837","MC ELROY METAL MILL INC","311 OLIVER DR","MARSHALL","MI","49068","Calhoun","","2697818313","2697817409","MARK BROTHERTON","Manager","M","15600000","899","344400","Sheet Metal ","4","0","1"
"79641","Fernco Inc","info@fernco.com","300 S Dayton St","3867490929","8106539626","308901","Mold Makers","www.fernco.com"," Email <---> Revenue ","528753","Fernco Inc","300 S Dayton St","Davison","MI","48423","Genesee","www.fernco.com","8106539626","8106538714","Mark Cooper","President","Mal","22960000","140","308901","Plastics-Mol","4","0","1"
"85628","Envirotronics Inc","personnel@envirotronics.com","3881 N Greenbrooke Dr SE","6165545021","6165545020","356998","General Ind Machinery/Equip Nec (Mfrs)","www.envirotronics.com"," Email <---> Revenue ","111242","ENVIROTRONICS INC","3881 N GREENBROOKE DR SE","GRAND RAPIDS","MI","49512","Kent","","6165545020","6165545021","TRACI BOTRUFF","President","F","10500000","130","356900","General Indu","4","0","1"
"108421","Cartridges-Are-Us","info@cartridgesareus.com","1073 S Us Highway 27","9898758133","9892278066","737405","Scanning Service","www.cartridgesareus.com"," Email <---> Revenue ","444736","Cartridges-Are-Us","1073 S Us Highway 27","St Johns","MI","48879","Clinton","www.cartridgesareus.com","9892278066","9892279053","Steven Iocco","President","Mal","12240000","80","737405","Scanning Ser","4","0","1"
"199198","BDS Suspension","webmaster@bds-suspension.com","102 S Michigan Ave","5172782316","5172792135","501313","Automobile Parts & Supplies-Wholesale","www.bds-suspension.com"," Email <---> Revenue ","404650","BDS Suspension","102 S Michigan Ave","Coldwater","MI","49036","Branch","www.bds-suspension.com","5172792135","5172782316","Jannene Simons","Finance Exec","Fem","12992000","29","501313","Automobile P","4","0","1"
"174975","S M & P Utility Resources","sales@sm-p.com","403 44th St SW","3175817878","6164063160","493903","Utilities-Underground-Cable Locating Svc","www.sm-p.com"," Email <---> Revenue ","768592","S M & P Utility Resources","403 44th St SW","Wyoming","MI","49548","Kent","www.sm-p.com","6164063160","6164063169","Todd Hentges","Manager","Mal","20750000","50","493903","Utilities-Un","4","0","1"
"228678","Electrical Terminal Svc Inc","jobs@electerm.com","4238 Edgeland Ave","2485495630","2485492233","506358","Connectors-Electric (Wholesale)","www.electerm.com"," Email <---> Revenue ","514200","Electrical Terminal Svc Inc","4238 Edgeland Ave","Royal Oak","MI","48073","Oakland","www.electerm.com","2485492233","2485495630","Gary Twoney","President","Mal","13160000","20","506358","Connectors-E","4","0","1"
"246195","Wholesale Tool Co","customerservice@wttool.com","12155 Stephens Rd","7138958113","5867549270","508522","Industrial Equipment & Supplies (Whol)","www.wttool.com"," Email <---> Revenue ","859552","Wholesale Tool Co","12155 Stephens Rd","Warren","MI","48089","Macomb","www.wttool.com","5867549270","5867548652","Mike Travis","President","Mal","18000000","45","508522","Industrial E","4","0","1"
"127411","Midwest Products Finishing","sales@midwestecoat.com","6194 Section Road","null","7349447284","738999","Business Services Nec","midwestecoat.com"," Email <---> Revenue ","224163","MIDWEST PRODUCTS FINISHING","6194 SECTION RD","OTTAWA LAKE","MI","49267","Monroe","","7348565200","7348567267","MICHAEL ALCALA","President","M","16000000","250","347100","Plating & Po","4","0","1"
"206948","Dane Systems Inc","info@danesys.com","7275 Red Arrow Hwy","2694656650","2694653263","355909","Special Industry Machinery Nec (Mfrs)","www.danesys.com"," Email <---> Revenue ","485804","Dane Systems Inc","7275 Red Arrow Hwy","Stevensville","MI","49127","Berrien","www.danesys.com","2694653263","2694656650","Steve Koltz","Manager","Mal","13000000","70","355909","Special Indu","4","0","1"
"243170","Monsma Marketing Corp","info@monsma.com","2450 Buchanan Ave SW","6162451720","6162458714","503114","Building Materials-Wholesale","www.monsma.com"," Email <---> Revenue ","228169","MONSMA MARKETING CORP","2450 BUCHANAN AVE SW","GRAND RAPIDS","MI","49548","Kent","","6162458714","6162451720","JANE LOVELL","Chief Executive Office","F","11300000","54","243100","Millwork","4","0","1"
"23522","Stephenson & Lawyer Inc","info@steplaw.com","3831 Patterson Ave SE","7062789962","6169498100","308601","Plastics-Foam (Manufacturers)","www.steplaw.com"," Email <---> Revenue ","802006","Stephenson & Lawyer Inc","3831 Patterson Ave SE","Grand Rapids","MI","49512","Kent","www.steplaw.com","6169498100","6169495171","Conrad Oswald","President","Mal","15900000","120","308601","Plastics-Foa","4","0","1"
"48947","Rathsburg Associates Inc","mail@rathsburg.com","41100 Bridge St","2486154000","2486154000","509908","Manufacturers-Agents & Representatives","www.rathsburg.com"," Email <---> Revenue ","274067","RATHSBURG ASSOCIATES INC","41100 BRIDGE ST","NOVI","MI","48375","Oakland","","2486154000","2486154001","GREG RATHSBURG","President","M","10900000","50","509908","Manuf Agents","4","0","1"
"89539","Farmco Distributing","sales@farmco.com","13619 S Dewitt Road","5176698391","5176696405","5311","Retail shops","farmco.com"," Email <---> Revenue ","117315","FARMCO DISTRIBUTING INC","13619 S DEWITT RD","LANSING","MI","48906","Clinton","","5176698391","5176696405","","Unknown","","15100000","86","508302","Farm Equipme","4","0","1"
"192679","Hubbard Kendall Industrial Div","sales@hubbardsupply.com","4560 W Dickman Rd","9897533266","2699652211","508522","Industrial Equipment & Supplies (Whol)","www.hubbardsupply.com"," Email <---> Revenue ","584369","Hubbard Kendall Industrial Div","4560 W Dickman Rd","Springfield","MI","49015","Calhoun","www.hubbardsupply.com","2699652211","2699653164","Larry Swanson","Manager","Mal","17100000","30","508522","Industrial E","4","0","1"
"44011","Sports Resorts Intl Inc","info@brainerdrace.com","951 Aiken St","9897296324","9897258354","501302","Truck Equipment & Parts-Wholesale","NULL"," Email <---> Revenue ","794515","Sports Resorts Intl Inc","951 Aiken St","Owosso","MI","48867","Shiawassee","","9897258354","9897296324","Craig B Parr","CEO","Mal","20525000","115","501302","Truck Equipm","4","0","1"
"44320","Optimal Staffing Solutions","email@optimalstaffing.com","1720 Abington Pl","5173947716","5173941234","804908","Nurses & Nurses' Registries","www.optimalstaffing.com"," Email <---> Revenue ","709739","Optimal Staffing Solutions","1720 Abington Pl","Lansing","MI","48910","Ingham","www.optimalstaffing.com","5173941234","5173947716","Kevin Collins","Owner","Mal","12300000","150","804908","Nurses & Nur","4","0","1"
"236655","Steel Supply & Engineering Co","info@steelsupplyengineering.com","2020 Newark Ave SE","6164528493","6164523281","344106","Steel-Structural (Manufacturers)","www.steelsupplyengineering.com"," Email <---> Revenue ","801355","Steel Supply & Engineering Co","2020 Newark Ave SE","Grand Rapids","MI","49507","Kent","www.steelsupplyengineering.com","6164523281","6164528493","Jeff Dean","Owner","Mal","14235000","65","344106","Steel-Struct","4","0","1"
"138451","Kay Jewelers","info@spapalace.com","3241 S Linden Road","null","null","594409","Jewelers","null"," Email <---> Revenue ","181292","KAY JEWELERS","3241 S LINDEN RD","FLINT","MI","48507","Genesee","","8107335110","","","Unknown","","11700000","12379","594400","Jewelry Stor","4","0","1"
"237553","Stanley Alarm Systems Inc","sales@stanleyalarm.com","3183 Wheeler Rd","9896862623","9896863194","506324","Burglar Alarm Systems (Wholesale)","www.stanleyalarm.com"," Email <---> Revenue ","799158","Stanley Alarm Systems Inc","3183 Wheeler Rd","Bay City","MI","48706","Bay","www.stanleyalarm.com","9896863194","9896862623","Claude J Roy","Owner","Mal","19740000","30","506324","Burglar Alar","4","0","1"
"107688","Robinson Industries","info@robinsonind.com","3051 Curtice Rd","9784659400","9784638867","738999","Business Services Nec","DUNNAGE.COM^^ROBINSONIND.COM^^ROBINSONINDUSTRIES.COM"," Email <---> Revenue ","283205","ROBINSON INDUSTRIES","3051 W CURTIS RD","COLEMAN","MI","48618","Midland","","9894656111","9894651217","BEN ROBINSON","Chief Executive Office","M","19200000","300","308900","Plastic Pdts","4","0","1"
"76373","Riverwood Center","info@riverwoodcenter.com","1485 M 139","2699250070","2699250585","806301","Mental Health Services","www.riverwoodcenter.org"," Email <---> Revenue ","758611","Riverwood Center","1485 M 139","Benton Harbor","MI","49022","Berrien","www.riverwoodcenter.org","2699250585","2699250070","Allen Edlefson","Executive Director","Mal","11745000","145","806301","Mental Healt","4","0","1"
