mail id,company,email,address,phone,fax,sic,sic description,web,,revenue id,company,address,city,state,zip,	metro,web,phone,fax,contact,position,gender,sales,# of employee,sic,sic_descrpiton,	,,
"244113","Numatech Inc","webteam@numatics.com","28900 Beck Rd","4409342288","2489601400","349403","Valves-Manufacturers","www.numatics.com"," Email <---> Revenue ","242988","NUMATECH INC","28900 BECK RD","WIXOM","MI","48393","Oakland","","2489601400","2489602160","RICHARD DALTON","President","M","47100000","714","349400","Valves,Pipe ","5","0","1"
"192855","Tower Automotive","investor@towerautomotive.com","429 E Grove St","6123322012","6167542211","346904","Metal Stamping (Manufacturers)","www.towerautomotive.com"," Email <---> Revenue ","827314","Tower Automotive","429 E Grove St","Greenville","MI","48838","Montcalm","www.towerautomotive.com","6167542211","6167543412","Scott Inman","Plant Mgr","Mal","43250000","250","346904","Metal Stampi","5","0","1"
"160077","Wirtz Mfg Co","wolsales@wirtzusa.com","1105 24th St","8109878135","8109874700","356998","General Ind Machinery/Equip Nec (Mfrs)","www.wirtzusa.com"," Email <---> Revenue ","863163","Wirtz Mfg Co","1105 24th St","Port Huron","MI","48060","St Clair","www.wirtzusa.com","8109874700","8109878135","John O Wirtz","President","Mal","37000000","80","356998","General Ind ","5","0","1"
"234453","Shopko","mary.corbisier@shopko.com","1150 W Washington St","6088333023","9062289393","531102","Department Stores","www.shopko.com"," Email <---> Revenue ","784122","Shopko","1150 W Washington St","Marquette","MI","49855","Marquette","www.shopko.com","9062289393","9062283565","Pat Gugot","Manager","Mal","29160000","180","531102","Department S","5","1","1"
"179698","Logicalis","webcontact@us.logicalis.com","1750 S Telegraph Rd # 300","2483358715","2483358700","573405","Computers-Dealers-Used","www.us.logicalis.com"," Email <---> Revenue ","646053","Logicalis","1750 S Telegraph Rd # 300","Bloomfield Hills","MI","48302","Oakland","www.us.logicalis.com","2483358700","2483358715","Todd Yaekle","Manager","Mal","28598000","79","573405","Computers-De","5","0","1"
"111697","Flooring America","Greg@flooringamerica.com","10489 Grand River Rd # A","8102294757","8102291799","503219","Tile-Ceramic-Distributors","NULL"," Email <---> Revenue ","123582","FLOORING AMERICA","PO BOX 1548","BRIGHTON","MI","48116","Livingston","","8102291799","8102294757","GREG MOLNAR","Manager","M","26000000","10950","175200","Floor Laying","5","0","1"
"242628","Holiday Market","holidayseafood@holiday-market.com","1203 S Main St","2485415829","2485411414","541105","Grocers-Retail","www.holiday-market.com"," Email <---> Revenue ","579224","Holiday Market","1203 S Main St","Royal Oak","MI","48067","Oakland","www.holiday-market.com","2485411414","2485415829","Tom Violante","Owner","Mal","27300000","150","541105","Grocers-Reta","5","0","1"
"25825","Ferrous Processing & Trading","howard.sherman@djj.com","PO Box 10166","3135821949","3135822911","3341","Secondary Smelting and Refining of Nonferrous Metals (aluminum)","NULL"," Email <---> Revenue ","119363","FERROUS PROCESSING & TRADING","9100 JOHN KRONK ST","DETROIT","MI","48210","Wayne","","3135828817","","M HOWARD SHERMAN","Chief Executive Office","M","29000000","333","509302","Met Scrap,Wa","5","0","1"
"129092","Empire Electronics Inc","hr_troy@empireelect.com","214 E Maple Rd","2485853686","2485858130","506346","Wire Harnesses-Electrical (Wholesale)","www.empireelectronics.com"," Email <---> Revenue ","516484","Empire Electronics Inc","214 E Maple Rd","Troy","MI","48083","Oakland","www.empireelectronics.com","2485858130","2485853686","Steve Doman","CEO","Mal","26320000","40","506346","Wire Harness","5","0","1"
"32699","Park West Plaza","Albert_Scaglione@parkwestplaza.com","29469 Northwestern Hwy","2483540387","2483543182","651201","Shopping Centers & Malls","NULL"," Email <---> Revenue ","716633","Park West Plaza","29469 Northwestern Hwy","Southfield","MI","48034","Oakland","","2483543182","2483540387","Albert Scaglione","Owner","Mal","49050000","150","651201","Shopping Cen","5","0","1"
"218963","Horizon Outlet Ctr-Monroe","andrew.pelmoter@horizongroup.com","14500 Laplaisance Rd","4023325732","7342414813","651201","Shopping Centers & Malls","www.horizongroup.com"," Email <---> Revenue ","582518","Horizon Outlet Ctr-Monroe","14500 Laplaisance Rd","Monroe","MI","48161","Monroe","www.horizongroup.com","7342414813","7342413745","Kim Ward","Manager","Fem","49050000","150","651201","Shopping Cen","5","0","1"
"163523","Ferndale Electric","Arthur_Ashley@ferndale-electric.com","915 E Drayton St","2485450127","2485454404","173101","Electric Contractors","NULL"," Email <---> Revenue ","528795","Ferndale Electric","915 E Drayton St","Ferndale","MI","48220","Oakland","www.ferndale-electric.com","2485454404","2485450127","Arthur Ashley","Owner","Mal","26100000","150","173101","Electric Con","5","2","1"
"92","Carpet One South Haven","carpetonesh@lodisnet.com","726 West Hills Drive","2696373308","2696374464","571305","Carpet & Rug Dealers","null"," Email <---> Revenue ","57889","CARPET ONE OF SOUTH HAVEN","02959 73RD ST","SOUTH HAVEN","MI","49090","Van Buren","","2696373308","","DON JENKS","President","M","26000000","10950","571301","Carpets","5","0","1"
"228285","Metalworks Inc","cfrancis@metalwrks.com","902 4th St","2318451043","2318455136","252298","Office Furniture-Except Wood (Mfrs)","www.metalwrks.com"," Email <---> Revenue ","671629","Metalworks Inc","902 4th St","Ludington","MI","49431","Mason","www.metalwrks.com","2318455136","2318451043","Thomas Paine","President","Mal","25000000","250","252298","Office Furni","5","0","1"
"239397","Rockwell Medical Technologies","Chioini@rockwellmed.com","30142 S Wixom Rd","2489609119","2489609009","384103","Hospital Equipment & Supplies-Mfrs","NULL"," Email <---> Revenue ","283782","ROCKWELL MEDICAL TECHNOLOGIES","30142 S WIXOM RD","WIXOM","MI","48393","Oakland","","2489609009","2489609119","ROBERT L CHIOINI","Chief Executive Office","M","27600000","151","384100","Surgical,Med","5","0","1"
"222987","Ginsan Industries","dkamsickas@ginsan.com","3611 3 Mile Rd NW","6167919925","6167918100","508708","Car Washing/Polishing Equip/Supls (Whol)","www.ginsan.com"," Email <---> Revenue ","551273","Ginsan Industries","3611 3 Mile Rd NW","Grand Rapids","MI","49544","Kent","www.ginsan.com","6167918100","6167919925","Jeff Anderson","President","Mal","32870000","95","508708","Car Washing/","5","0","1"
"180743","GENE BUTMAN FORD SALES","kenbutman@excite.com","2105 washtenaw ave","7344828581","7344820653","5311","Retail shops","GENEBUTMANFORD.COM"," Email <---> Revenue ","132236","GENE BUTMAN FORD","2105 WASHTENAW RD","YPSILANTI","MI","48197","Washtenaw","","7344828581","7344820653","KEN BUTMAN","Owner","M","28700000","71","551100","New & Used C","5","0","1"
"151084","Duro-Last Roofing","is@duro-last.com","525 Morley Drive","9897536486","9897538392","176109","Roofing Contractors","DURO-LAST.COM"," Email <---> Revenue ","506706","Duro-Last Roofing Inc","525 W Morley Dr","Saginaw","MI","48601","Saginaw","www.duro-last.com","9897536486","9897534472","Jack Burt","CEO","Mal","43000000","350","308902","Plastics & P","5","0","1"
"219514","Interkal Inc","it@interkal.com","5981 E Cork St","2693496530","2693491521","253198","Public Building/Related Furniture (Mfrs)","www.interkal.com"," Email <---> Revenue ","592799","Interkal Inc","5981 E Cork St","Kalamazoo","MI","49048","Kalamazoo","www.interkal.com","2693491521","2693496530","Dave Petersen","Plant Mgr","Mal","30000000","150","253198","Public Build","5","0","1"
"232386","Manatron Inc","matt@haydenir.com","510 E Milham Ave","2695672930","2695672900","737108","Computer-Software Developers","www.manatron.com"," Email <---> Revenue ","206900","MANATRON INC","510 E MILHAM AVE","PORTAGE","MI","49002","Kalamazoo","","2695672900","2695672930","PAUL R SYLVESTER","Chief Executive Office","M","36300000","371","737100","Cmp Programm","5","0","1"
"67099","Arnold automotive group","mfeuerman@mediaone.net","29187 Gratiot Ave","8104456000","8104456063","7549","Automotive services","ARNOLDAUTO.COM^^ARNOLDHYUNDAI.COM^^ARNOLDMITSUBISHI.COM^^ARNOLDSUZUKI.COM"," Email <---> Revenue ","24419","ARNOLD AUTOMOTIVE GROUP","29187 GRATIOT AVE","ROSEVILLE","MI","48066","Macomb","","5864456000","5864456039","MAURY FEUERMAN","Owner","M","40400000","100","551100","New & Used C","5","0","1"
"214073","Voltek Division-Sekisui Corp","michael.pawlisheck@sekisuivoltek.com","17 Allen Ave","9786859861","5172797587","308601","Plastics-Foam (Manufacturers)","www.voltek.com"," Email <---> Revenue ","848596","Voltek Division-Sekisui Corp","17 Allen Ave","Coldwater","MI","49036","Branch","www.voltek.com","5172797587","5172798562","Joseph Hughes","VP","Mal","43660000","185","308601","Plastics-Foa","5","0","1"
"100213","Webasto Roof Systems Inc","mike@electronpub.com","2655 Product Drive - Rochester Hills","8109772947","null","701107","Bed & Breakfast Accommodations","MAXWELLINVESTMENTS.COM^^THINKINGALOUD.NET"," Email <---> Revenue ","854186","Webasto Roof Systems Inc","1757 Northfield Dr","Rochester Hills","MI","48309","Oakland","www.webastoroofsystems.com","2489975100","","Fred Olson","CEO","Mal","45600000","300","553129","Automobile A","5","0","1"
"225277","Morrison Industrial Equipment","msk_customer_contact@morrison-ind.com","1825 Monroe Ave NW","6163610885","6163612673","508457","Trucks-Industrial (Wholesale)","www.morrison-ind.com"," Email <---> Revenue ","685937","Morrison Industrial Equipment","1825 Monroe Ave NW","Grand Rapids","MI","49505","Kent","www.morrison-ind.com","6163612673","6163610885","Dick Morrison","Owner","Mal","32000000","50","508457","Trucks-Indus","5","0","1"
"123098","Parkedale Pharmaceuticals Inc","noelle.piscitelli@fkhealth.com","870 Parkdale Rd","2486519081","2486519081","283401","Drug-Manufacturers","www.parkedale.com"," Email <---> Revenue ","174088","JHP PHARMACEUTICALS MFG","1200 PARKDALE RD","ROCHESTER","MI","48307","Oakland","","2486519081","2486517998","","Unknown","","31500000","578","283400","Pharmaceutic","5","0","1"
"58062","Arrow Door Co","paul.opaki@thebluebook.com","4200 Roger B Chaffee Mem Dr SE","6165313547","6165315440","521131","Doors","NULL"," Email <---> Revenue ","396845","Arrow Door Co","4200 Roger B Chaffee Mem Dr SE","Grand Rapids","MI","49548","Kent","","6165315440","6165313547","Jeffrey Gottlieb","President","Mal","33540000","130","521131","Doors","5","0","1"
"237147","Wieland Sales Inc","paulp@wielandtrucks.com","430 Midland Rd","9893890774","9896624455","501302","Truck Equipment & Parts-Wholesale","www.wielandtrucks.com"," Email <---> Revenue ","859727","Wieland Sales Inc","430 Midland Rd","Bay City","MI","48706","Bay","www.wielandtrucks.com","9896624455","9896622226","Kirk Wieland","Owner","Mal","29120000","65","501302","Truck Equipm","5","0","1"
"191121","Traverse City Light & Power","philc@knorrmarketing.com","400 Boardman Ave","2319224476","2319224431","491101","Electric Companies","www.tclp.org"," Email <---> Revenue ","829430","Traverse City Light & Power","400 Boardman Ave","Traverse City","MI","49684","Grand Traverse","www.tclp.org","2319224431","2319224476","","","","25872000","42","491101","Electric Com","5","0","1"
"97468","Key Plastics","pmcelroy@keyplastics.com","1301 Mcpherson Park Dr","6165543554","5175461900","308901","Mold Makers","www.keyplastics.com"," Email <---> Revenue ","621778","Key Plastics","1301 Mcpherson Park Dr","Howell","MI","48843","Livingston","www.keyplastics.com","5175461900","5175465243","Joe Mc Kinley","Plant Mgr","Mal","32800000","200","308901","Plastics-Mol","5","0","1"
"215863","H E Morse Co","pschrot@hemcogages.com","455 Douglas Ave","6163960413","6163964604","508416","Gauges & Gages (Wholesale)","www.hemcogages.com"," Email <---> Revenue ","565292","H E Morse Co","455 Douglas Ave","Holland","MI","49424","Ottawa","www.hemcogages.com","6163964604","6163960413","","","","40800000","75","508416","Gauges & Gag","5","0","1"
"108239","Hamilton Farm Bureau","pschuyler@novigate.com","PO Box 2203","6167515171","null","019101","FARMS","HOOFPLUS.COM"," Email <---> Revenue ","147074","HAMILTON FARM BUREAU","4670 WASHINGTON AVE","HAMILTON","MI","49419","Allegan","","2697511010","2697515206","BOB FENTON","Chief Executive Office","M","27000000","150","422100","Farm Pdts Wh","5","0","1"
"225779","Huron Casting","radams@huroncasting.com","7050 Hartley St","9894533319","9894533933","332502","Foundries-Steel","www.huroncasting.com"," Email <---> Revenue ","160870","HURON CASTING","7050 HARTLEY ST","PIGEON","MI","48755","Huron","","9894533933","9894533319","MATT DAVIS","Chief Executive Office","M","27700000","420","332500","Steel Foundr","5","0","1"
"6228","Sirco Associates Inc","resumes@sirco-associates.com","2701 Troy Center Dr # 440","2483620081","2483622200","737401","Data Processing Service","www.sirco-associates.com"," Email <---> Revenue ","786717","Sirco Associates Inc","2701 Troy Center Dr # 440","Troy","MI","48084","Oakland","www.sirco-associates.com","2483622200","2483620081","Robert Sirna","CEO","Mal","30600000","200","737401","Data Process","5","0","1"
"23034","Second Chance Body Armor Inc","richard.davis@secondchance.com","PO Box 578","2315449824","2315445721","231198","Mens & Boys Suits Coats/Overcoats (Mfrs)","NULL"," Email <---> Revenue ","777869","Second Chance Body Armor Inc","7919 Cameron","Central Lake","MI","49622","Antrim","www.secondchance.com","2315445721","2315449824","Richard Davis","President","Mal","30600000","300","231198","Mens & Boys ","5","0","1"
"117557","Bill Fox Chevrolet Inc","rickkellogg@autobyfox.com","725 S Rochester Rd","2486518089","2486517000","753903","Wheel Alignment-Frame & Axle Svc-Auto","www.billfoxchevrolet.com"," Email <---> Revenue ","39751","BILL FOX CHEVROLET INC","725 S ROCHESTER RD","ROCHESTER HILLS","MI","48307","Oakland","","2486517000","2486518089","JOHN FOX","Chief Executive Office","M","40400000","100","551100","New & Used C","5","0","1"
"240047","Metals USA","robertmcpherson@metalsusa.com","3116 3 Mile Rd NW","5044313060","6164534880","505106","Steel-Distributors & Warehouses","www.metalsusa.com"," Email <---> Revenue ","671625","Metals USA","3116 3 Mile Rd NW","Grand Rapids","MI","49544","Kent","www.metalsusa.com","6164534880","6164539845","Ric Price","Manager","Mal","41880000","40","505106","Steel-Distri","5","0","1"
"150606","Mc Cann-Erickson","S_F@mccann.com","755 W Big Beaver Rd # 1500","2482693003","2483624800","731101","Advertising-Agencies & Counselors","NULL"," Email <---> Revenue ","665397","Mc Cann-Erickson","755 W Big Beaver Rd # 1500","Troy","MI","48084","Oakland","","2483624800","2482693003","Sean Fitzpatrick","CEO","Mal","26860000","170","731101","Advertising-","5","0","1"
"132617","North American Bancard","salesreps@nabancard.com","969 Chicago Rd","2482692222","2482696000","615302","Credit Card & Other Credit Plans","www.nabancard.com"," Email <---> Revenue ","239332","NORTH AMERICAN BANCARD","969 CHICAGO RD","TROY","MI","48083","Oakland","","2482696000","2482692222","MARC GARDNER","President","M","45200000","201","615300","Short-Term B","5","0","1"
"112126","Contech","spx@spx.com","205 N Grover Ave","7135327204","9894636166","336401","Nonferrous Die Castings-Ex Alum (Mfrs)","www.kitba.com"," Email <---> Revenue ","469794","Contech","205 N Grover Ave","Alma","MI","48801","Gratiot","www.spx.com","9894636166","9894632805","Michael Schieber","Executive Director","Mal","28365000","183","336401","Nonferrous D","5","0","1"
"155715","Unique Fabricating","srohelier@uniquefab.com","800 Standard Pkwy","2488537720","2488532333","305398","Gaskets-Packing & Sealing Devices (Mfrs)","www.uniquefab.com"," Email <---> Revenue ","838113","Unique Fabricating","800 Standard Pkwy","Auburn Hills","MI","48326","Oakland","www.uniquefab.com","2488532333","2488537720","Doug Stahl","President","Mal","31500000","500","305398","Gaskets-Pack","5","0","1"
"110626","GHSP-Hart","staffing@ghsp.com","1500 Industrial Park Dr","6168473940","2318733300","308901","Mold Makers","www.ghsp.com"," Email <---> Revenue ","543923","GHSP-Hart","1500 Industrial Park Dr","Hart","MI","49420","Oceana","www.ghsp.com","2318733300","6168473940","Bob Dault","Plant Mgr","Mal","39360000","240","308901","Plastics-Mol","5","0","1"
"175456","Tamarack Camps Retreat & Out","tamarack@tamarackcamps.com","6735 Telegraph Rd","2486471493","2486471100","703203","Camps","www.tamarackcamps.com"," Email <---> Revenue ","815367","Tamarack Camps Retreat & Out","6735 Telegraph Rd","Bloomfield Hills","MI","48301","Oakland","www.tamarackcamps.com","2486471100","2486471493","Jonah Geller","Executive Director","Mal","27900000","300","703203","Camps","5","1","1"
"96715","Tecumseh Corrugated Box Co","tcbinfo@tecumseh.tcbox.com","707 S Evans St","4196666406","5174232126","265301","Corrugated & Solid Fiber Boxes (Mfrs)","www.tcbox.com"," Email <---> Revenue ","817538","Tecumseh Corrugated Box Co","707 S Evans St","Tecumseh","MI","49286","Lenawee","www.tcbox.com","5174232126","5174237240","Jeffrey Robideau","President","Mal","28300000","167","265301","Corrugated &","5","0","1"
"147701","Stewart Industries","tdaniels@stewartindustriesusa.com","150 Mcquiston Dr","2696600422","2696609290","509908","Manufacturers-Agents & Representatives","www.stewartindustriesusa.com"," Email <---> Revenue ","803367","Stewart Industries","150 Mcquiston Dr","Battle Creek","MI","49015","Calhoun","www.stewartindustriesusa.com","2696609290","2696600422","Erick Stewart","Owner","Mal","47200000","50","509908","Manufacturer","5","0","1"
"86562","Michaels Car Ctr Inc","ted@michaelscarcenter.com","3829 Pine Grove Ave","8109820176","8109661000","551103","Automobile Dealers-Used Cars","www.michaelscarcenter.com"," Email <---> Revenue ","673923","Michaels Car Ctr Inc","3829 Pine Grove Ave","Fort Gratiot","MI","48059","St Clair","www.michaelscarcenter.com","8109661000","8109820176","Mike Guizar","Owner","Mal","25880000","40","551103","Automobile D","5","1","1"
"243498","Brown's Carpet One & Custom Interiors","tom@barrycountylumber.com","221 Industrial Park Road","2699452479","2699454080^^6169454","571305","Carpet & Rug Dealers","null"," Email <---> Revenue ","57893","CARPET ONE","221 INDUSTRIAL PARK RD","HASTINGS","MI","49058","Barry","","2699452479","2699454080","JIM WIZEL","Owner","M","26000000","10950","571301","Carpets","5","0","1"
"93265","Heavenly Ham","Tom@heavenlyham.com","2080 Niles Rd","2699831735","2699833805","542107","Meat-Retail","NULL"," Email <---> Revenue ","151651","HEAVENLY HAM","2080 NILES RD","SAINT JOSEPH","MI","49085","Berrien","","2699833805","2699831735","TOM POTTS","Owner","M","48000000","4208","542103","Meat Mkts In","5","0","1"
"247610","Matrix System Automotive Fnshs","training@matrixsystem.com","850 Ladd Rd # E","2486688135","2486688134","285103","Paint-Manufacturers","www.matrixsystem.com"," Email <---> Revenue ","211951","MATRIX SYSTEM AUTOMOTIVE","850 LADD RD","WALLED LAKE","MI","48390","Oakland","","2486688135","2486688134","KENT GARDNER","President","M","27000000","300","285100","Paints & Rel","5","0","1"
"17096","Triangle Electric Co","user@trielec.com","29787 Stephenson Hwy","2483992612","2483992200","173101","Electric Contractors","www.trielec.com"," Email <---> Revenue ","830870","Triangle Electric Co","29787 Stephenson Hwy","Madison Heights","MI","48071","Oakland","www.trielec.com","2483992200","2483992612","Roy Martin Jr","Owner","Mal","40000000","30","173101","Electric Con","5","2","1"
"156373","Detroit Horse Show","marfahr@mnsi.net","405 E Long Lake Rd","2486443958","2486446600","515907","Horse Dealers (Wholesale)","www.detroitdressage.com"," Email <---> Revenue ","495440","Detroit Horse Show","405 E Long Lake Rd","Bloomfield Hills","MI","48304","Oakland","www.detroitdressage.com","2486446600","2486443958","","","","45500000","20","515907","Horse Dealer","5","0","1"
"231052","River City Metal Products","logistics@rcmpinc.com","655 Godfrey Ave SW","6162351260","6162353746","344106","Steel-Structural (Manufacturers)","www.rcmpinc.com"," Email <---> Revenue ","757734","River City Metal Products","655 Godfrey Ave SW","Grand Rapids","MI","49503","Kent","www.rcmpinc.com","6162353746","6162351260","Ben Rietema","President","Mal","26280000","120","344106","Steel-Struct","5","0","1"
"147164","Og Technologies","liddy@ogtechnologies.com","58 Parklannd Plaza Suite 200","7347698500","null","8999","Services NEC","OGT-HOTEYE.COM^^OGT-SMARTSMITH.COM"," Email <---> Revenue ","261271","PLATOS CLOSET","860 W EISENHOWER PKWY","ANN ARBOR","MI","48103","Washtenaw","","7347698500","","PAUL WELLS","Owner","M","27300000","6899","565100","Family Cloth","5","0","1"
"250931","Leo Frank & Sons Inc","lfsinfo@leofrank.com","1158 E Big Beaver Rd","2486897716","2486897701","509406","Jewelers-Wholesale","www.leofrank.com"," Email <---> Revenue ","639429","Leo Frank & Sons Inc","1158 E Big Beaver Rd","Troy","MI","48083","Oakland","www.leofrank.com","2486897701","2486897716","","","","33920000","40","509406","Jewelers-Who","5","0","1"
"129740","Education-Training Connection","kris@etc-1.com","884 E Isabella Rd","9898379585","9896315202","874802","Training Consultants","www.etc-1.com"," Email <---> Revenue ","512226","Education-Training Connection","884 E Isabella Rd","Midland","MI","48640","Midland","www.etc-1.com","9896315202","","Lyn Knapp","Executive Director","Fem","36000000","160","874802","Training Con","5","0","1"
"236629","Knape & Vogt Mfg Co","legal.services@kv.com","2700 Oak Industrial Dr NE","6164597620","6164593311","342902","Hardware-Manufacturers","www.knapeandvogt.com"," Email <---> Revenue ","186001","KNAPE & VOGT MFG CO","2700 OAK INDUSTRIAL DR NE","GRAND RAPIDS","MI","49505","Kent","","6164593311","6164597620","PETER MARTIN","Chief Executive Office","M","39600000","1125","342900","Misc Mtl Pdt","5","0","1"
"231703","WLUC","kparker@wluctv6.com","177 Us Highway 41 E","9064754824","9064754161","483301","Television Stations & Broadcasting CO","www.wluctv6.com"," Email <---> Revenue ","849549","WLUC","177 Us Highway 41 E","Negaunee","MI","49866","Marquette","www.wluctv6.com","9064754161","9064754824","Brad Van Sluyters","Manager","Mal","25280000","80","483301","Television S","5","0","1"
"252193","R W Mercer Co","kirk@rwmercer.com","2322 Brooklyn Rd","6164537813","5177872960","179923","Tanks-Repairing","www.rwmercer.com"," Email <---> Revenue ","272277","R W MERCER CO","2322 BROOKLYN RD","JACKSON","MI","49203","Jackson","","5177872960","5177878111","KIRK MERCER","President","M","27000000","150","179900","Special Trad","5","0","1"
"216128","Kellogg Crankshaft Co","kcrank@kelloggcrankshaft.com","3524 Wayland Dr","5177888131","5177889200","346202","Crankshaft-Manufacturers","www.kelloggcrankshaft.com"," Email <---> Revenue ","619077","Kellogg Crankshaft Co","3524 Wayland Dr","Jackson","MI","49202","Jackson","www.kelloggcrankshaft.com","5177889200","5177888131","Allen E Spiess Jr","President","Mal","29160000","120","346202","Crankshaft-M","5","0","1"
"197209","Hi-Lex Controls Inc","katsuaki.tokuhiro@hi-lex.com","152 Simpson Dr","5175422594","5175422955","362598","Relays & Industrial Controls (Mfrs)","NULL"," Email <---> Revenue ","153588","HI-LEX CONTROLS INC","152 SIMPSON DR","LITCHFIELD","MI","49252","Hillsdale","","5175422955","5175422594","TAKUJI MURAYAMA","President","M","34100000","501","362500","Relays,Ind C","5","0","1"
"246059","Duro-Last Roofing Inc","kbowler@duro-last.com","PO Box 3301","9897534472","9897536486","308902","Plastics & Plastic Products (Mfrs)","NULL"," Email <---> Revenue ","103355","DURO-LAST ROOFING INC","PO BOX 3301","SAGINAW","MI","48605","Saginaw","","9897536486","9897534472","JACK BURT","Chief Executive Office","M","29100000","350","308400","Mfg Plastic ","5","0","1"
"181156","C Raker & Sons","judytetmyer@raker.com","10371 Rainey Rd","5175422565","5175422316","519301","Plants-Wholesale","NULL"," Email <---> Revenue ","436571","C Raker & Sons","10371 Rainey Rd","Litchfield","MI","49252","Hillsdale","www.raker.com","5175422316","5175422565","Gerry Raker","President","Mal","34602000","158","519301","Plants-Whole","5","0","1"
"166386","Kruger Commodities Inc","jon@csimicro.com","5900 Old Allegan Rd","4028961784","2697510560","204803","Feed-Manufacturers","www.krugerinc.com"," Email <---> Revenue ","627318","Kruger Commodities Inc","5900 Old Allegan Rd","Hamilton","MI","49419","Allegan","www.krugerinc.com","2697510560","2697518929","Terry Pfannenstiel","Manager","Mal","38050000","50","204803","Feed-Manufac","5","0","1"
"227380","Miquest Electronics","Joe@miquest.com","1655 Michigan St NE","6164569230","6164569220","506338","Electronic Parts Assemblers (Wholesale)","NULL"," Email <---> Revenue ","681784","Miquest Electronics","1655 Michigan St NE","Grand Rapids","MI","49503","Kent","www.miquest.com","6164569220","6164569230","Joe Anderson","President","Mal","26320000","40","506338","Electronic P","5","0","1"
"37694","Migala Carpet One","joe@migalac1.com","6400 Gull Road","2693420109","2693422227","571305","Carpet & Rug Dealers","migalacarpetone.com"," Email <---> Revenue ","57885","CARPET ONE MIGALA","6400 GULL RD","KALAMAZOO","MI","49048","Kalamazoo","","2693420109","2693422227","JOE SIKKEMA","Manager","M","26000000","10950","571301","Carpets","5","0","1"
"90169","FAAC INCORPORATED","jgiltner@faac.com","1229 Oak Valley Drive","7347615836","null","421304","Trucking","DRIVINGSIMULATORS.COM;POLICESIMULATORS.COM;TRUCKSIMULATORS.COM"," Email <---> Revenue ","24492","AROTECH CORP","1229 OAK VALLEY DR","ANN ARBOR","MI","48108","Washtenaw","","7347615836","7347615368","ROBERT S EHRLICH","Chief Executive Office","M","49000000","361","369200","Dry, Wet Pri","5","0","1"
"179616","Master Automatic","jEvasic@masterautomatic.com","40485 Schoolcraft Rd","NULL","734-414-0500","359903","Machine Shops","NEC (machine shops)"," Email <---> Revenue ","211537","MASTER AUTOMATIC","40485 SCHOOLCRAFT RD","PLYMOUTH","MI","48170","Wayne","","7344140500","","JOHN D EVASIC","Chief Executive Office","M","41500000","500","359900","Industrial M","5","0","1"
"165522","Retail Services","Jerry@rsi.com","4920 Plainfield Ave NE","6169575784","6169574424","509908","Manufacturers-Agents & Representatives","NULL"," Email <---> Revenue ","753944","Retail Services","4920 Plainfield Ave NE","Grand Rapids","MI","49525","Kent","www.retailsvcs.com","6169574424","6169575784","Jerry Bach","Owner","Mal","45312000","48","509908","Manufacturer","5","0","1"
"166191","Northland Farms LLC","jdehoag@northlandfarmsllc.com","11161 120th Ave","6168465228","6168461477","526108","Nurserymen","www.northlandfarmsllc.com"," Email <---> Revenue ","241347","NORTHLAND FARMS LLC","11161 120TH AVE","WEST OLIVE","MI","49460","Ottawa","","6168461477","6168465228","RICH BRAMER","Manager","M","26300000","150","526103","Retail Nurse","5","0","1"
"227714","Compulit","janew@compulit.com","4460 44th St SE # D","6162859603","6162859590","811101","Attorneys Service Bureaus","www.compulit.com"," Email <---> Revenue ","467663","Compulit","4460 44th St SE # D","Kentwood","MI","49512","Kent","www.compulit.com","6162859590","6162859603","Jane Warinshuis","Owner","Fem","33400000","200","811101","Attorneys Se","5","2","1"
"251456","Energy Products","jbyrd@energyprod.com","1500 E Avis Dr","6309042146","2485851600","506342","Battery Charging Equipment (Wholesale)","www.energyprod.com"," Email <---> Revenue ","517091","Energy Products","1500 E Avis Dr","Madison Heights","MI","48071","Oakland","www.energyprod.com","2485851600","2485853646","Kurt Smith","Owner","Mal","32900000","50","506342","Battery Char","5","0","1"
"169416","Ferndale Laboratories Inc","james.mcmillan@ferndalelabs.com","780 W 8 Mile Rd","2485480279","2485480900","512203","Pharmaceutical Products-Wholesale","NULL"," Email <---> Revenue ","119248","FERNDALE LABORATORIES INC","730 W 8 MILE RD","FERNDALE","MI","48220","Oakland","","2485480900","2485441403","JAMES MCMILLAN","Chief Executive Office","M","27200000","200","512203","Drugs,Drug P","5","0","1"
"36247","Laser Die & Engineering","j.hamming@laserdie.com","4949 W Greenbrooke Dr SE","6166980590","6166980796","354405","Molds (Manufacturers)","www.laserdie.com"," Email <---> Revenue ","635362","Laser Die & Engineering","4949 W Greenbrooke Dr SE","Grand Rapids","MI","49512","Kent","www.laserdie.com","6166980590","6166980796","James S Bruno","President","Mal","27000000","200","354405","Molds (Manuf","5","0","1"
"246683","Laser Die & Engineering","j.perrin@laserdie.com","4949 W Greenbrooke Dr SE","6166980796","6166980590","354405","Molds (Manufacturers)","www.laserdie.com"," Email <---> Revenue ","635362","Laser Die & Engineering","4949 W Greenbrooke Dr SE","Grand Rapids","MI","49512","Kent","www.laserdie.com","6166980590","6166980796","James S Bruno","President","Mal","27000000","200","354405","Molds (Manuf","5","0","1"
"219619","Ideal Steel & Builders Supply","Frank@weareideal.com","10068 Industrial Dr","NULL","8102311722","344106","Steel-Structural (Manufacturers)","NULL"," Email <---> Revenue ","587877","Ideal Steel & Builders Supply","10068 Industrial Dr","Hamburg","MI","48139","Livingston","www.weareideal.com","8102311722","","Frank Venegas","President","Mal","26280000","120","344106","Steel-Struct","5","0","1"
"40961","J D Svc","GBill@jdsi.com","9776 Saginaw St","NULL","9898234388","573107","Satellite Equipment & Systems-Retail","NULL"," Email <---> Revenue ","597121","J D Svc","9776 Saginaw St","Reese","MI","48757","Tuscola","","9898234388","","Bill Gates","Owner","Mal","36300000","150","573107","Satellite Eq","5","0","1"
"240977","Magic Steel Corp","gjohnson@magicsteelsales.com","4242 Clay Ave SW","6165320565","6165324071","505106","Steel-Distributors & Warehouses","www.magicsteelsales.com"," Email <---> Revenue ","205648","MAGIC STEEL CORP","4242 CLAY AVE SW","GRAND RAPIDS","MI","49548","Kent","","6165324071","6165320565","JOSEPH L MAGGINI","President","M","29300000","130","505102","Iron,Steel,F","5","0","1"
"239447","Quality Lumber & Bldg Whlslrs","elainec@qualitylumber.com","8706 Gratiot Ave","5867272558","5867278055","503114","Building Materials-Wholesale","www.qualitylumber.com"," Email <---> Revenue ","740358","Quality Lumber & Bldg Whlslrs","8706 Gratiot Ave","Columbus","MI","48063","St Clair","www.qualitylumber.com","5867278055","5867272558","Richard Pierson","Owner","Mal","28240000","40","503114","Building Mat","5","0","1"
"219012","Empire Electronics","drobertson@empireelect.com","629 East Elmwood","2485858130","null","5731","Electronics","EMPIREELECT.COM"," Email <---> Revenue ","516484","Empire Electronics Inc","214 E Maple Rd","Troy","MI","48083","Oakland","www.empireelectronics.com","2485858130","2485853686","Steve Doman","CEO","Mal","26320000","40","506346","Wire Harness","5","0","1"
"128021","Clausing Industrial Inc","donfirm@netlease.com","1819 N Pitcher St","5745330403","2693457155","354107","Machine Tools-Manufacturers","www.clausing-industrial.com"," Email <---> Revenue ","460748","Clausing Industrial Inc","1819 N Pitcher St","Kalamazoo","MI","49007","Kalamazoo","www.clausing-industrial.com","2693457155","2693455945","William J Nancarrow","President","Mal","39300000","75","354107","Machine Tool","5","0","1"
"252369","Dialogue Marketing","dnsadmin@dialogue-marketing.com","20300 Superior Place - Suite 170","7343748400","7343743070","5999","Marketing NEC","DIALOGUE-MARKETING.COM^^DIGITAL-DIALOGUE.COM"," Email <---> Revenue ","96061","DIALOGUE MARKETING INC","20300 SUPERIOR RD STE 170","TAYLOR","MI","48180","Wayne","","7343748400","7342581991","CATHY OSMINSKI","Manager","F","45000000","200","738900","Business Svs","5","0","1"
"113267","Lapeer Metal Products","DiezG@lapeermetal.com","930 S Saginaw St","8106649810","8106648588","346904","Metal Stamping (Manufacturers)","NULL"," Email <---> Revenue ","634496","Lapeer Metal Products","930 S Saginaw St","Lapeer","MI","48446","Lapeer","","8106648588","8106649810","Gerald Diez","President","Mal","49700000","300","346904","Metal Stampi","5","0","1"
"88410","Gordon Manufacturing Co","david.young@leggett.com","5250 52nd St SE","6166980231","6166986060","502113","Office Furniture & Equip-Wholesale","NULL"," Email <---> Revenue ","137541","GORDON MANUFACTURING CO","5250 52ND ST SE","GRAND RAPIDS","MI","49512","Kent","","6166986060","6166980231","DAVID A YOUNG","President","M","29800000","140","502101","Off,Public B","5","0","1"
"33057","MSX Intl","corpmarketing@msxi.com","1426 Pacific Dr","7758292265","2483771600","874213","Marketing Programs & Services","www.msxi.com"," Email <---> Revenue ","652554","MSX Intl","1426 Pacific Dr","Auburn Hills","MI","48326","Oakland","www.msxi.com","2483771600","2484757603","Mark Bratto","Manager","Mal","34000000","200","874213","Marketing Pr","5","0","1"
"158127","Consumers Energy Co","customer@consumersenergy.com","1015 Slatson Rd","5175458750","5175458722","492501","Gas Companies","www.consumersenergy.com"," Email <---> Revenue ","469735","Consumers Energy Co","1015 Slatson Rd","Howell","MI","48843","Livingston","www.consumersenergy.com","5175458722","5175458750","Steve Unruh","Manager","Mal","36740000","55","492501","Gas Companie","5","0","1"
"113658","Wolverine World Wide Inc","communications@wwwinc.com","1005 Baldwin St","2317965100","2317965828","314998","Footwear Except Rubber Nec (Mfrs)","www.wolverineworldwide.com"," Email <---> Revenue ","864181","Wolverine World Wide Inc","1005 Baldwin St","Big Rapids","MI","49307","Mecosta","www.wolverineworldwide.com","2317965828","2317965100","Bill Mc Laughlin","Plant Mgr","Mal","37800000","450","314998","Footwear Exc","5","0","1"
"239392","K C Transportation Inc","brunerc@kctrans.com","862 Will Carleton Rd","8123854100","7346540010","421307","Trucking-Heavy Hauling","www.kctrans.com"," Email <---> Revenue ","179117","K C TRANSPORTATION INC","862 WILL CARLETON RD","CARLETON","MI","48117","Monroe","","7346540010","7346544659","KENYON S CALENDER","Chief Executive Office","M","27600000","300","421300","Trucking","5","0","1"
"86482","Duro-Last Roofing Inc","bpaul@duro-last.com","525 W Morley Dr","9897391494","9897536486","308902","Plastics & Plastic Products (Mfrs)","www.oscodaplastics.com"," Email <---> Revenue ","506706","Duro-Last Roofing Inc","525 W Morley Dr","Saginaw","MI","48601","Saginaw","www.duro-last.com","9897536486","9897534472","Jack Burt","CEO","Mal","43000000","350","308902","Plastics & P","5","0","1"
"221912","Cummins Michigan","Boll@cummins.com","21810 Clessie Ct","2484781570","2484789700","508414","Engines-Diesel (Wholesale)","NULL"," Email <---> Revenue ","479013","Cummins Michigan","21810 Clessie Ct","New Hudson","MI","48165","Oakland","","2484789700","2484781570","Greg Boll","President","Mal","48960000","90","508414","Engines-Dies","5","0","1"
"130645","KOREX Corp","bditmar@korex-us.com","50000 Pontiac Trl","2486240506","2486240000","284101","Soaps & Detergents-Manufacturers","www.korex-us.com"," Email <---> Revenue ","186891","KOREX CORP","50000 PONTIAC TRL","WIXOM","MI","48393","Oakland","","2486240000","2486240506","ROBERT DITMAR","President","M","38000000","500","284100","Soap,Rel Det","5","0","1"
"82187","Carpet One By Van Drie","bbouza@vandrie.com","314 N State St","2317967667","2317967721","571305","Carpet & Rug Dealers","null"," Email <---> Revenue ","57895","CARPET ONE","314 N STATE ST","BIG RAPIDS","MI","49307","Mecosta","","2317967667","","","Unknown","","26000000","10950","571301","Carpets","5","0","1"
"86987","Palmer Moving & Storage","axel@palmermoving.com","2430 Mahoning Ave","2484427952","2403765968","421401","Movers","PALMERMOVING.COM;PALMERMOVINGOHIO.COM"," Email <---> Revenue ","251077","PALMER MOVING & STORAGE","24660 DEQUINDRE RD","WARREN","MI","48091","Macomb","","5868343400","5868343414","JEFF PALMER","President","M","45800000","250","422503","Warehousing ","5","0","1"
"67740","Grand River Construction Inc","knessner@grandriverconstruction.com","5210 36th Ave","6166693466","6166695611","177105","Concrete Contractors","NULL"," Email <---> Revenue ","557107","Grand River Construction Inc","5210 36th Ave","Hudsonville","MI","49426","Ottawa","www.grandriverconstruction.com","6166695611","6166693466","Stan Buell","President","Mal","25800000","200","177105","Concrete Con","5","0","1"
"178086","Great Lakes Chemical Applctn","eoverbeck@glcompanies.com","5220 W Michigan Ave","2695441921","2693726886","516916","Chemicals (Wholesale)","NULL"," Email <---> Revenue ","559153","Great Lakes Chemical Applctn","5220 W Michigan Ave","Kalamazoo","MI","49006","Kalamazoo","www.glcompanies.com","2693726886","2695441921","Edward Overbeck","Owner","Mal","30030000","30","516916","Chemicals (W","5","0","1"
"172404","Handyman Connection","WilliamsSusan@handymanconnection.com","PO Box 638","NULL","2694842900","152115","Handyman Services","NULL"," Email <---> Revenue ","147620","HANDYMAN CONNECTION","89 W BATTLE CREEK ST","GALESBURG","MI","49053","Kalamazoo","","2694842900","","","Unknown","","35000000","1713","152105","Handyman Ser","5","0","1"
"244117","Waldecker Pontiac Buick","waldeckerbrighton@aitleadsite.com","7885 Grand River Rd","8102271761","8102273525","7549","Automotive services","waldeckerautomotive.com"," Email <---> Revenue ","348367","WALDECKER PONTIAC","7885 GRAND RIVER RD","BRIGHTON","MI","48114","Livingston","","8102271761","8102273525","GERARD WALDECKER","Owner","M","28300000","70","551100","New & Used C","5","0","1"
"215301","KOA Kampgrounds","Dandona@stpaulkoa.com","1242 Us Highway 2 W","NULL","9066439303","703301","Campgrounds","NULL"," Email <---> Revenue ","186465","KOA KAMPGROUNDS","W1118 US HIGHWAY 2 W","SAINT IGNACE","MI","49781","Mackinac","","9066439303","","RALPH DANDONA","Owner","M","28100000","3853","703300","Trlr Parks,C","5","0","1"
"248342","Carpet One","JimWizel@carpetone.com","221 Industrial Park Rd","2699454080","2699452479","571305","Carpet & Rug Dealers-New","NULL"," Email <---> Revenue ","57893","CARPET ONE","221 INDUSTRIAL PARK RD","HASTINGS","MI","49058","Barry","","2699452479","2699454080","JIM WIZEL","Owner","M","26000000","10950","571301","Carpets","5","0","1"
