mail id,company,email,address,phone,fax,sic,sic description,web,,revenue id,company,address,city,state,zip,	metro,web,phone,fax,contact,position,gender,sales,# of employee,sic,sic_descrpiton,	,,
"91036","Z F Lemforder Corp","webmaster@zf.com","3300 John Conley Dr","5137324645","8102451664","509908","Manufacturers-Agents & Representatives","www.zf.com"," Email <---> Revenue ","868881","Z F Lemforder Corp","3300 John Conley Dr","Lapeer","MI","48446","Lapeer","www.zf.com","8102451664","8102450773","Gary Phillips","Plant Mgr","Mal","94400000","100","509908","Manufacturer","6","0","1"
"96719","Hehr International Inc","sales@hehrpowersystems.com","1103 Pearl St","9898453061","9898456078","344202","Windows-Manufacturers","www.hehrintl.com"," Email <---> Revenue ","151809","HEHR INTERNATIONAL INC","1103 PEARL ST","CHESANING","MI","48616","Saginaw","","9898453061","9898456078","JEFF FULTON","Manager","M","66000000","1100","344200","Metal Drs,Sa","6","0","1"
"29864","Great Lakes Rubber Inc","sales@greatlakesrubberco.com","30573 Beck Rd","2486244770","2486245710","306917","Rubber-Mfrs Supplies (Manufacturers)","www.greatlakesrubberco.com"," Email <---> Revenue ","141476","GREAT LAKES RUBBER INC","30573 ANDERSON CT","WIXOM","MI","48393","Oakland","","2486245710","2486244770","DON DE MALLIER","President","M","63000000","1065","306900","Fabricated R","6","0","1"
"171061","T W Metals Co","purchasing@twmetals.com","6395 Technology Ave # F","7634287669","2693531998","505110","Tubing-Metal (Wholesale)","www.twmetals.com"," Email <---> Revenue ","321661","T W METALS CO","6395 TECHNOLOGY AVE STE F","KALAMAZOO","MI","49009","Kalamazoo","","2693531998","","DAN HAYES","Manager","M","79600000","1170","505100","Metal Sv Cen","6","0","1"
"234243","John Henry Co","international@jhc.com","5800 W Grand River Ave","5173234707","5173239000","275202","Printers","www.jhc.com"," Email <---> Revenue ","175812","JOHN HENRY CO","5800 W GRAND RIVER AVE","LANSING","MI","48906","Clinton","","5173239000","5173234707","SHAHRIAR GHODDOUSI","Chief Executive Office","M","69000000","1000","275200","Litho,Coml P","6","0","1"
"222058","Unlimited Manufacturing","info@unlimitedmfg.com","16099 Common Rd","5864989616","5864274535","501208","Automobile & Truck Brokers","www.unlimitedmfg.com"," Email <---> Revenue ","840036","Unlimited Manufacturing","16099 Common Rd","Roseville","MI","48066","Macomb","www.unlimitedmfg.com","5864274535","5864989616","Kimberly Glowczynski","Owner","Fem","74000000","20","501208","Automobile &","6","0","1"
"179178","Centurion Sterilization Svc","info@tshsc.com","301 Catrell Dr","5175469388","5175469388","384104","Mfg Surgical/medical Instruments Whol Homefurnishings","www.tshsc.com"," Email <---> Revenue ","448591","Centurion Sterilization Svc","301 Catrell Dr","Howell","MI","48843","Livingston","www.tshsc.com","5175465400","5175469388","Ron Dooley","VP","Mal","50400000","225","384104","Physicians &","6","0","1"
"230043","Tom Ryan Distributing Co","info@tomryandistributing.com","3302 Kent St","8107674840","8107678720","518101","Beer & Ale-Wholesale","www.tomryandistributing.com"," Email <---> Revenue ","825266","Tom Ryan Distributing Co","3302 Kent St","Flint","MI","48503","Genesee","www.tomryandistributing.com","8107678720","8107674840","J Michael Ryan","President","Mal","94800000","200","518101","Beer & Ale-W","6","0","1"
"198142","Leco Corp","info@leco.com","3000 Lakeview Ave","2699828977","2699835531","382101","Laboratory Equipment & Supplies-Mfrs","NULL"," Email <---> Revenue ","194843","LECO CORP","3000 LAKEVIEW AVE","SAINT JOSEPH","MI","49085","Berrien","","2699835531","2699828977","ROBERT J WARREN","President","M","99000000","1500","384100","Surgical,Med","6","0","1"
"190146","Identix Corp","info@identix.com","1336 Mark St NE","9524421327","6164472626","506304","Security Control Equip & Systems-Whol","www.identix.com"," Email <---> Revenue ","162127","IDENTIX CORP","1336 MARK ST NE","GRAND RAPIDS","MI","49525","Kent","","6164472626","","","Unknown","","66200000","383","366900","Comm Eqp Nec","6","0","1"
"157431","Menominee Paper Co","info@cellutissue.com","144 1st St","9068643320","9068635595","262101","Paper-Manufacturers","www.menomineepaper.com"," Email <---> Revenue ","670348","Menominee Paper Co","144 1st St","Menominee","MI","49858","Menominee","www.menomineepaper.com","9068635595","9068643320","Tim Lemery","Plant Mgr","Mal","53875000","125","262101","Paper-Manufa","6","0","1"
"211609","RCO Enterprises Inc","hr@rcoeng.com","29200 Calahan Rd","5867717770","5867740100","399903","Manufacturers","www.rcoeng.com"," Email <---> Revenue ","744106","RCO Enterprises Inc","29200 Calahan Rd","Roseville","MI","48066","Macomb","www.rcoeng.com","5867740100","5867717770","Michael Piccolo","Sales Exec","Mal","58950000","450","399903","Manufacturer","6","0","1"
"248669","MPI Intl Inc","engineering@mpi-int.com","2129 Austin Ave","9206488773","2488539010","346904","Metal Stamping (Manufacturers)","www.mpi-int.com"," Email <---> Revenue ","230138","MPI INTL INC","2129 AUSTIN AVE","ROCHESTER HILLS","MI","48309","Oakland","","2488539010","2488535107","MIKE BRYANT","Chief Executive Office","M","60500000","975","346500","Auto Stampin","6","0","1"
"213010","Angelo Iafrate Construction Co","info@iafrate.com","26400 Sherwood Ave","5867560467","5867561070","161108","Paving Materials","www.iafrate.com"," Email <---> Revenue ","20444","ANGELO IAFRATE CONSTRUCTION CO","26300 SHERWOOD AVE","WARREN","MI","48091","Macomb","","5867561070","5867560467","ANGELO IAFRATE","President","M","66800000","250","161102","Surfacing An","6","0","1"
