mail id,company,email,address,phone,fax,sic,sic description,web,,revenue id,company,address,city,state,zip,	metro,web,phone,fax,contact,position,gender,sales,# of employee,sic,sic_descrpiton,	,,
"102718","Atcoflex Inc","william.tuggle@atcoflex.com","PO Box 118","6168424623","6168424661","508518","Hose & Tubing-Rubber & Plastic (Whol)","NULL"," Email <---> Revenue ","399281","Atcoflex Inc","14261 172nd Ave","Grand Haven","MI","49417","Ottawa","www.atcoflexinc.com","6168424661","6168424623","Bill Tuggle","Owner","Mal","11400000","20","508518","Hose & Tubin","4","0","1"
"71122","Burnette Foods Inc","william.sherman@burnettefoods.com","200 State St","2315367524","2315362284","203302","Canning (Manufacturers)","NULL"," Email <---> Revenue ","433620","Burnette Foods Inc","200 State St","Petoskey","MI","49770","Emmet","","2315362284","2315367524","William Sherman","President","Mal","10110000","30","203302","Canning (Man","4","0","1"
"252543","Security Corp","webm@securitycorp.com","22325 Roethel Dr","2483745750","2483745700","357801","Bank Equipment & Supplies-Manufacturers","www.securitycorp.com"," Email <---> Revenue ","294485","SECURITY CORP","22325 ROETHEL DR","NOVI","MI","48375","Oakland","","2483745700","2483745750","ROBERT HOLLOWAY II","Owner","M","10800000","108","357800","Calctg, Acct","4","0","1"
"210566","Humphrey Products Co","webcust@humphrey-products.com","5070 E N Ave","2693814113","2693815500","353101","Machinery-Manufacturers","www.humphrey-products.com"," Email <---> Revenue ","160145","HUMPHREY PRODUCTS CO","5070 E N AVE","KALAMAZOO","MI","49048","Kalamazoo","","2693815500","2693814113","ROBERT P HUMPHREY","Chief Executive Office","M","16600000","200","353100","Construction","4","0","1"
"223252","Commonwealth Associates Inc","web7@cai-engr.com","2700 W Argyle St","5177883003","5177883000","871111","Engineers-Consulting","www.cai-engr.com"," Email <---> Revenue ","465945","Commonwealth Associates Inc","2700 W Argyle St","Jackson","MI","49202","Jackson","www.cai-engr.com","5177883000","5177883003","Dennis Decosta","President","Mal","15800000","100","871111","Engineers-Co","4","0","1"
"237826","Enterprise Automotive Systems","VickersJ@think-eas.com","21445 Hoover Rd","5867593670","5867553180","359903","Machine Shops","NULL"," Email <---> Revenue ","110828","ENTERPRISE AUTOMOTIVE SYSTEMS","21445 HOOVER RD","WARREN","MI","48089","Macomb","","5867553180","5867593670","JERREL VICKERS","Chief Executive Office","M","12500000","150","359900","Industrial M","4","0","1"
"82957","Kamax Gb Dupont LP","V_Herman@kamaxus.com","500 W Long Lake Rd","2488791001","2488790200","345298","Bolts Nuts Screws Rivets/Washers (Mfrs)","NULL"," Email <---> Revenue ","180311","KAMAX GB DUPONT LP","500 W LONG LAKE RD","TROY","MI","48098","Oakland","","2488790200","2488791001","HERMAN VANMERON","Chief Executive Office","M","21300000","300","345200","Bolt, Nut, R","4","0","1"
"95490","Sunny Fresh Foods","usaeggs@cargill.com","3100 Bonanza Rd","6163744548","6163744545","541105","Grocers-Retail","www.sunnyfreshfoods.com"," Email <---> Revenue ","317992","SUNNY FRESH FOODS","3100 BONANZA RD","LAKE ODESSA","MI","48849","Ionia","","6163744545","6163744548","BOBBY HARRIS","Manager","M","17800000","100","541100","Grocery Stor","4","0","1"
"116392","Irvin Alan Fabrics","tzoellner@irvinalan.com","2291 Oak Industrial Drive","6164591000","6164598176","359915","Industrial Equipment & Supplies","IRVINALANFABRICS.COM"," Email <---> Revenue ","380200","Alan Irvin Fabrics Inc","2291 Oak Industrial Dr NE","Grand Rapids","MI","49505","Kent","","6164591000","","James Corenette","Owner","Mal","23730000","35","513109","Upholstery F","4","0","1"
"98589","Nederveld Associates Inc","tsanford@nederveld.com","4079 Park East Ct SE","6166696699","6165755190","871110","Engineers-Civil","www.nederveld.com"," Email <---> Revenue ","694434","Nederveld Associates Inc","4079 Park East Ct SE","Grand Rapids","MI","49546","Kent","www.nederveld.com","6165755190","6165756644","Jason Vanderkodde","Manager","Mal","14220000","90","871110","Engineers-Ci","4","0","1"
"113780","Tru Heat Corp","truheat@truheat.com","700 Grand St","2696737219","2696732145","356798","Industrial Process-Furnaces/Ovens (Mfrs)","www.truheat.com"," Email <---> Revenue ","832446","Tru Heat Corp","700 Grand St","Allegan","MI","49010","Allegan","www.truheat.com","2696732145","2696737219","Larry Nameche","President","Mal","16350000","100","356798","Industrial P","4","0","1"
"36192","Eaton Air Filter Inc","tridimhr@tridim.com","2388 Cole St","6103953483","2485405200","553102","Filters-Air & Gas","www.tridim.com"," Email <---> Revenue ","510793","Eaton Air Filter Inc","2388 Cole St","Birmingham","MI","48009","Oakland","www.tridim.com","2485405200","2485407720","Robert Mullins","Owner","Mal","10000000","9","553102","Filters-Air ","4","0","1"
"238151","Ontario Die Co Of America","trebic2@ontariodie.com","2735 20th St","8109873688","8109875060","354401","Die Cutting Equipment & Supplies (Mfrs)","www.ontariodie.com"," Email <---> Revenue ","709326","Ontario Die Co Of America","2735 20th St","Port Huron","MI","48060","St Clair","www.ontariodie.com","8109875060","8109873688","Michael Geffros","Exec VP","Mal","10000000","80","354401","Die Cutting ","4","0","1"
"104276","New Horizons Tour & Travel Inc","travel@nhtt.com","2727 Spring Arbor Rd","5177886847","5177886822","472402","Travel Agencies & Bureaus","www.nhtt.com"," Email <---> Revenue ","236980","NEW HORIZONS TOUR & TRAVEL INC","2727 SPRING ARBOR RD","JACKSON","MI","49203","Jackson","","5177886822","5177886847","KATHY LETARTE","Owner","F","12700000","40","472400","Travel Agenc","4","0","1"
"41133","Exotic Automation & Supply","TomMarino@exoticautomation.com","34700 Grand River Ave","2484770427","2484772122","305398","Gaskets-Packing & Sealing Devices (Mfrs)","NULL"," Email <---> Revenue ","521760","Exotic Automation & Supply","34700 Grand River Ave","Farmington Hills","MI","48335","Oakland","www.exoticautomation.com","2484772122","2484770427","Tom Marino","President","Mal","23100000","110","305398","Gaskets-Pack","4","0","1"
"197442","Andy J Egan Co","Tom.Jasper@andyegan.com","2001 Waldorf St NW","6167911037","6167919952","171114","Mechanical Contractors","NULL"," Email <---> Revenue ","391584","Andy J Egan Co","2001 Waldorf St NW","Grand Rapids","MI","49544","Kent","www.andyegan.com","6167919952","6167911037","Tom Jasper","President","Mal","13140000","90","171114","Mechanical C","4","0","1"
"195145","West Mi Lighting","tkenter@westmichiganlighting.com","226 Quimby St NE","6163646241","6163647288","509908","Manufacturers-Agents & Representatives","www.westmichiganlighting.com"," Email <---> Revenue ","856455","West Mi Lighting","226 Quimby St NE","Grand Rapids","MI","49505","Kent","www.westmichiganlighting.com","6163646241","6163647288","Len Brown","Owner","Mal","17936000","19","509908","Manufacturer","4","0","1"
"144320","Gross Stabil Clamp","tim@gscusa.com","100 Gross Dr","5172785523","5172786121","342902","Hardware-Manufacturers","www.gscusa.com"," Email <---> Revenue ","562981","Gross Stabil Clamp","100 Gross Dr","Coldwater","MI","49036","Branch","www.gscusa.com","5172786121","5172785523","Connie Cox","Manager","Fem","10000000","15","342902","Hardware-Man","4","0","1"
"162195","K C Jones Plating Co","tim.kurcz@kcjplating.com","2845 E 10 Mile Rd","5867554906","5867554900","347105","Plating (Manufacturers)","www.crplating.com"," Email <---> Revenue ","179101","K C JONES PLATING CO","2845 E 10 MILE RD","WARREN","MI","48091","Macomb","","5867554900","5867554906","ROBERT H BURGER","Chief Executive Office","M","14100000","220","347100","Plating & Po","4","0","1"
"174706","Presort Services Inc","thealey@presortservices.com","3594 Roger B Chaffee Mem Dr SE","6162476853","6162471177","733101","Mailing & Shipping Services","www.presortservices.com"," Email <---> Revenue ","265394","PRESORT SERVICES INC","3594 ROGER B CHAFFEE MEM DR SE","GRAND RAPIDS","MI","49548","Kent","","6162471177","6162476853","PAULA FAVREAU","Manager","F","10800000","60","733100","Direct Mail ","4","0","1"
"70451","Super Steel Treating Co","tfarrar@supersteeltreating.com","6227 Rinke Ave","5867555424","5867559140","331204","Steel Processing","NULL"," Email <---> Revenue ","318761","SUPER STEEL TREATING CO","6227 RINKE AVE","WARREN","MI","48091","Macomb","","5867559140","5867552072","TERRANCE FARRAR","President","M","12200000","139","339800","Metal Heat T","4","0","1"
"207712","UPCARS.COM","terracebay@chartermi.net","6982 M Rd","9067868830","9067891666","501208","Automobile & Truck Brokers","www.deltami.org"," Email <---> Revenue ","835526","UPCARS.COM","6982 M Rd","Escanaba","MI","49829","Delta","www.upcars.com","9067891666","9067891666","Todd Beauchamp","Owner","Mal","14800000","4","501208","Automobile &","4","0","1"
"106182","Norman G Jensen Inc","techservices@ngjensen.com","2321 Pine Grove Ave # 2201","7168775184","8109842266","473113","Customs Brokers","www.ngjensen.com"," Email <---> Revenue ","239141","NORMAN G JENSEN INC","1915 DOVE ST","PORT HURON","MI","48060","St. Clair","","8109828183","8109841097","MARY MAYNARD","Manager","F","14700000","85","473104","Customs Brok","4","0","1"
"210622","Wilson Marine Corp","tdiebol@wilsonboats.com","1850 Dorr Rd","5175463774","5175462157","555104","Boat Dealers Sales & Service","www.wilsonboats.com"," Email <---> Revenue ","357807","WILSON MARINE CORP","1850 DORR RD","HOWELL","MI","48843","Livingston","","5175463774","5175462157","RON WILSON","Owner","M","21000000","70","555100","Boat Dealers","4","0","1"
"52419","Procare","tbuursma@procaresystems.com","3777 Sparks Dr SE # 226","2694282320","6169400660","839911","Medical Management Service","www.procaresystems.com"," Email <---> Revenue ","736189","Procare","3777 Sparks Dr SE # 226","Grand Rapids","MI","49546","Kent","www.procaresystems.com","6169400660","6169400826","Cyndy Walsh","CEO","Fem","12900000","60","839911","Medical Mana","4","0","1"
"233364","Michigan Kitchen Distributors","stownsend@mkdkitchens.com","428 S Linden St","2697815384","2697815131","571236","Cabinets","www.mkdkitchens.com"," Email <---> Revenue ","221176","MICHIGAN KITCHEN DISTRIBUTORS","106 OLIVER DR","MARSHALL","MI","49068","Calhoun","","2697815131","","JACK TOWNSEND JR","Owner","M","16000000","100","571200","Furniture St","4","0","1"
"196504","Sadler-Rodenroth Motors","steve.rodenroth@sadlermotors.com","3055 S Mackinac Trl","9066321535","9066322244","551105","Truck-Dealers","www.sadlermotors.com"," Email <---> Revenue ","288633","SADLER-RODENROTH MOTORS","3055 S MACKINAC TRL","SAULT S MARIE","MI","49783","Chippewa","","9066322244","9066321535","RICK SADLER","Owner","M","17000000","42","551101","Truck Dealer","4","0","1"
"252200","Bloomingdale Communications","staff@btc-bci.com","101 W Kalamazoo St","2695217373","2695217300","481304","Telephone Companies","www.btc-bci.com"," Email <---> Revenue ","421599","Bloomingdale Communications","101 W Kalamazoo St","Bloomingdale","MI","49026","Van Buren","www.btc-bci.com","2695217300","2695217373","Sidney Shank","Manager","Fem","11655000","35","481304","Telephone Co","4","0","1"
"221083","Corrosion Fluid Products Corp","ssamuelsen@corrosionfluid.com","24450 Indoplex Cir","2484780100","2484780100","508444","Pumps (Wholesale)","www.corrosionfluid.com"," Email <---> Revenue ","472276","Corrosion Fluid Products Corp","24450 Indoplex Cir","Farmington Hills","MI","48335","Oakland","www.corrosionfluid.com","2484780100","2484788970","Joseph Andronaco Sr","President","Mal","23500000","30","508444","Pumps (Whole","4","0","1"
"84369","Kamps","SokoloskiTony@kampspallets.com","4270 Shance Hwy","5176450297","5177120651","503105","Pallets & Skids (Wholesale)","NULL"," Email <---> Revenue ","616552","Kamps","4270 Shance Hwy","Charlotte","MI","48813","Eaton","","5177120651","5176450297","Tony Sokoloski","Owner","Mal","14120000","20","503105","Pallets & Sk","4","0","1"
"236990","Gibraltar Trade Ctr North","showmc@gibraltartrade.com","237 N River Rd","5864650458","5864656440","651201","Shopping Centers & Malls","www.gibraltartrade.com"," Email <---> Revenue ","134140","GIBRALTAR TRADE CTR NORTH","237 N RIVER RD","MOUNT CLEMENS","MI","48043","Macomb","","5864656440","5864650458","ROBERT KOESTER","President","M","22500000","150","651202","Shoppng Ctr ","4","0","1"
"236591","Wolverine Harley-Davidson","shogan@wolverinehd.com","44660 N Gratiot Ave","5864637700","5864641348","557106","Motorcycles & Motor Scooters-Dealers","www.wolverinehd.com"," Email <---> Revenue ","863993","Wolverine Harley-Davidson","44660 N Gratiot Ave","Clinton Twp","MI","48036","Macomb","www.wolverinehd.com","5864637700","5864641348","Charles Riley","Manager","Mal","13240000","40","557106","Motorcycles ","4","0","1"
"214079","Lowry Computer Products Inc","servicerequest@lowrycomputer.com","9420 Maltby Rd","8102297267","8102297200","504421","Bar Code Scanning Equip & Supls (Whol)","www.lowrycomputer.com"," Email <---> Revenue ","201939","LOWRY COMPUTER PRODUCTS INC","9420 MALTBY RD","BRIGHTON","MI","48116","Livingston","","8102297200","8102295189","MIKE LOWRY","Chief Executive Office","M","12400000","80","384100","Surgical,Med","4","0","1"
"161738","Secur Alarm Systems","service.request@securalarm.com","112 54th St SW","6162577725","6162577730","506304","Security Control Equip & Systems-Whol","www.securalarm.com"," Email <---> Revenue ","778108","Secur Alarm Systems","112 54th St SW","Grand Rapids","MI","49548","Kent","www.securalarm.com","6162577730","6162577725","Patrick Van Haren","Owner","Mal","13160000","20","506304","Security Con","4","0","1"
"48335","Scheer Motors","scheer2@scheermotors.com","829 I 75 Business Loop","9893485451","null","559999","Ret Misc Vehicles Repair Services Plumbing/heating/air","scheermotors.com"," Email <---> Revenue ","292364","SCHEER MOTORS INC","829 S I 75 BUSINESS LOOP","GRAYLING","MI","49738","Crawford","","9893485451","9893488610","BRADLEY SCHEER","Owner","M","16200000","40","551100","New & Used C","4","0","1"
"96906","Lee Steel Corp","sbanas@leesteelcorp.com","5875 Weller Ct SW","6165381435","6165382414","505106","Steel-Distributors & Warehouses","www.leesteelcorp.com"," Email <---> Revenue ","638068","Lee Steel Corp","5875 Weller Ct SW","Grand Rapids","MI","49509","Kent","www.leesteelcorp.com","6165382414","6165381435","Mike Kanoza","Manager","Mal","21987000","21","505106","Steel-Distri","4","0","1"
"173356","Tom Shuster Electrical Inc","ryhoward@tomshusterelectric.com","1800 King Hwy # A","2693434880","2693433880","506308","Fire Alarm Systems (Wholesale)","www.tomshusterelectric.com"," Email <---> Revenue ","825278","Tom Shuster Electrical Inc","1800 King Hwy # A","Kalamazoo","MI","49001","Kalamazoo","www.tomshusterelectric.com","2693433880","2693434880","Tom Shuster","President","Mal","10528000","16","506308","Fire Alarm S","4","0","1"
"24522","Interior Concepts Corp","ryan@masugadesign.com","18525 Trimble Ct","6168463925","6168425550","252298","Office Furniture-Except Wood (Mfrs)","www.interiorconcepts.com"," Email <---> Revenue ","592661","Interior Concepts Corp","18525 Trimble Ct","Spring Lake","MI","49456","Ottawa","www.interiorconcepts.com","6168425550","6168463925","Donald Ott","Owner","Mal","11000000","90","252298","Office Furni","4","0","1"
"234430","Continental Indentification","rrudnik@continentalid.com","140 E Averill St","6168870154","6168877341","275902","Screen Printing","www.continentalid.com"," Email <---> Revenue ","469913","Continental Indentification","140 E Averill St","Sparta","MI","49345","Kent","www.continentalid.com","6168877341","6168870154","James G Clay","President","Mal","14300000","100","275902","Screen Print","4","0","1"
"231134","Karona Inc","robbie.crawley@karonadoor.com","4100 Karona Ct SE","6165543902","6165543551","521131","Doors","www.karonadoor.com"," Email <---> Revenue ","180793","KARONA INC","4100 KORONA CT SE","CALEDONIA","MI","49316","Kent","","6165543551","6165548902","STEVE SISSON","President","M","20300000","160","521102","Door,Window ","4","0","1"
"167947","Van Dyken Mechanical Inc","rmelville@vdminc.com","4275 Spartan Industrial Dr SW","6162247035","6162247030","171117","Air Conditioning Contractors & Systems","www.vdminc.com"," Email <---> Revenue ","342932","VAN DYKEN MECHANICAL INC","4275 SPARTAN INDUSTRIAL DR SW","GRANDVILLE","MI","49418","Kent","","6162247030","6162247035","RANDALL VAN DYKEN","President","M","13100000","75","171104","Heating,Air ","4","0","1"
"182919","Automation & Modular Component","Richard@amcautomation.com","2250 N Opdyke Rd","2483737021","2483733900","353501","Conveyors & Conveying Equipment-Mfrs","NULL"," Email <---> Revenue ","401576","Automation & Modular Component","2250 N Opdyke Rd","Auburn Hills","MI","48326","Oakland","www.amcautomation.com","2483733900","2483737021","Richard Shore","President","Mal","12660000","60","353501","Conveyors & ","4","0","1"
"222083","Norman Foods","rbrush@normanfoods.com","86 Division St S","2699689146","2699686136","514939","Food Service-Distributors","www.normanfoods.com"," Email <---> Revenue ","239139","NORMAN FOODS","86 DIVISION ST S","BATTLE CREEK","MI","49017","Calhoun","","2699686136","2699689146","WAYNE L NORMAN","President","M","13400000","75","514100","Whl Gen Groc","4","0","1"
"188622","Plymouth Steel Corp","rbassett@plymouthsteel.com","22700 Nagel St","5867559452","5867555800","331201","Steel Mills","www.plymouthsteel.com"," Email <---> Revenue ","261873","PLYMOUTH STEEL CORP","22700 NAGEL ST","WARREN","MI","48089","Macomb","","5867555810","5867559452","JOHN B QUAY","Chief Executive Office","M","10200000","150","331200","Steel Works","4","0","1"
"244443","Michigan Milk Producers","rasch@mimilk.com","41310 Bridge St","2484740924","2484746672","202698","Fluid Milk (Manufacturers)","www.mimilk.com"," Email <---> Revenue ","221404","MICHIGAN MILK PRODUCERS","41310 BRIDGE ST","NOVI","MI","48375","Oakland","","2484260871","2484740924","ELWOOD KIRKPATRICK","President","M","13800000","200","202600","Fluid Milk P","4","0","1"
"243534","Hanchett Manufacturing Co","ralphm@hanchett.com","906 N State St","2317964851","2317967678","354113","Grinding Machines & Equip-Manufacturers","www.hanchett.com"," Email <---> Revenue ","568137","Hanchett Manufacturing Co","906 N State St","Big Rapids","MI","49307","Mecosta","www.hanchett.com","2317967678","2317964851","Brian Sauntman","Plant Mgr","Mal","11700000","50","354113","Grinding Mac","4","0","1"
"159595","Crystal Mountain Golf Shop","properties@crystalmountain.com","12500 Crystal Mountain Dr","2313784594","2313782623","701111","Resorts","www.crystalmountain.com"," Email <---> Revenue ","478537","Crystal Mountain Golf Shop","12500 Crystal Mountain Dr","Thompsonville","MI","49683","Benzie","www.crystalmountain.com","2313782623","2313784594","Jim Mac Innes","Owner","Mal","10000000","300","701111","Resorts","4","1","1"
"247988","Alro Industrial Supply","plastics@alro.com","707 Works Ave","4076790495","2317759336","505106","Steel-Distributors & Warehouses","www.alro.com"," Email <---> Revenue ","385805","Alro Industrial Supply","707 Works Ave","Cadillac","MI","49601","Wexford","www.alro.com","2317759336","2317757822","Terry Weilhan","Manager","Mal","10470000","10","505106","Steel-Distri","4","0","1"
"194579","Technical Energy Solutions Inc","pbrandt@techenergysolutions.com","8595 Byron Commerce SW","6165836006","6165836000","506328","Controls Control Systs/Regulators (Whol)","www.techenergysolutions.com"," Email <---> Revenue ","817258","Technical Energy Solutions Inc","8595 Byron Commerce SW","Byron Center","MI","49315","Kent","www.techenergysolutions.com","6165836000","6165836006","Bart Bale","Owner","Mal","13160000","20","506328","Controls Con","4","0","1"
"118264","Pipp Mobile Storage Systems","Paul.McNergney@pippmobile.com","2966 Wilson Dr NW","6167919916","6167359100","504613","Shelving (Wholesale)","NULL"," Email <---> Revenue ","727603","Pipp Mobile Storage Systems","2966 Wilson Dr NW","Grand Rapids","MI","49534","Kent","www.pippmobile.com","6167359100","6167919916","Graig Umans","Owner","Mal","17910000","45","504613","Shelving (Wh","4","0","1"
"251705","Body Cote Thermal Processing","paul.gilbert@bodycote.com","2127 W Willow St","7136911923","5174874989","339801","Heat Treating Metal (Manufacturers)","www.bodycote.com"," Email <---> Revenue ","423741","Body Cote Thermal Processing","2127 W Willow St","Lansing","MI","48917","Ingham","www.bodycote.com","5174874989","5174871628","Paul Yandura","Manager","Mal","10000000","50","339801","Heat Treatin","4","0","1"
"135273","Blissfield Manufacturing Co","path@blissfield.com","626 Depot St","5174862128","5174862121","358598","Air Conditioning/Htg/Refrig Equip (Mfrs)","www.blissfield.com"," Email <---> Revenue ","420953","Blissfield Manufacturing Co","626 Depot St","Blissfield","MI","49228","Lenawee","www.blissfield.com","5174862121","5174862128","Patrick Farver","President","Mal","20700000","250","358598","Air Conditio","4","0","1"
"75313","Liberty Tool Supply","P_Reid@libtool.com","2265 Black Creek Rd","2317771764","2317771800","342302","Tools-Manufacturers","NULL"," Email <---> Revenue ","197172","LIBERTY TOOL SUPPLY","2265 BLACK CREEK RD","MUSKEGON","MI","49444","Muskegon","","2317771800","2317771764","PAUL REID","Owner","M","15500000","100","507202","Hand Tools","4","0","1"
"43556","Best Buy","newscenter@bestbuy.com","4830 Wilson Ave SW","6165322024","6164061083","573117","Electronic Equipment & Supplies-Retail","www.bestbuy.com"," Email <---> Revenue ","415720","Best Buy","4830 Wilson Ave SW","Wyoming","MI","49418","Kent","www.bestbuy.com","6165322024","6164061083","","","","24200000","100","573117","Electronic E","4","0","1"
"228517","Detroit Name Etching Co","nancy@dnpe.com","13000 Capital St","2485435202","2485435200","509912","Name Plates (Wholesale)","www.dnpe.com"," Email <---> Revenue ","495533","Detroit Name Etching Co","13000 Capital St","Oak Park","MI","48237","Oakland","www.dnpe.com","2485435200","2485435202","Gregory Rivard","President","Mal","22656000","24","509912","Name Plates ","4","0","1"
"157106","PGF Technology Group","naji.gebara@pgftech.com","2993 Technology Dr","2488522992","248-852-2800","3599","Industrial and Commercial Machinery and Equipment","NEC (machine shops)"," Email <---> Revenue ","713679","PGF Technology Group","2993 Technology Dr","Rochester Hills","MI","48309","Oakland","www.pgftech.com","2488522800","2488522992","Naji Gebara","CEO","Mal","11200000","50","367901","Electronic E","4","0","1"
"187158","Miller Tool & Die Co","mtd@millertd.com","835 Belden Rd","5177825249","5177820347","355909","Special Industry Machinery Nec (Mfrs)","www.millertd.com"," Email <---> Revenue ","680977","Miller Tool & Die Co","835 Belden Rd","Jackson","MI","49203","Jackson","www.millertd.com","5177820347","5177825249","Philip G Miller","President","Mal","11340000","60","355909","Special Indu","4","0","1"
"121020","Petersen Oil & Propane Co Inc","mpetersen@petersenoil.com","6360 S Greenville Rd","6167542232","6167543254","131101","Oil & Gas Producers","www.petersenoil.com"," Email <---> Revenue ","723869","Petersen Oil & Propane Co Inc","6360 S Greenville Rd","Eureka","MI","48833","Clinton","www.petersenoil.com","6167543254","6167542232","Mike Petersen","Owner","Mal","12168000","12","131101","Oil & Gas Pr","4","0","1"
"213801","Night Watchman","mparisi@nightwatchman.net","28310 Hayes Rd","5867752211","5867752211","501313","Automobile Parts & Supplies-Wholesale","www.nightwatchman.net"," Email <---> Revenue ","698453","Night Watchman","28310 Hayes Rd","Roseville","MI","48066","Macomb","www.nightwatchman.net","5867752211","","Michael Parisi","Owner","Mal","10752000","24","501313","Automobile P","4","0","1"
"121794","Radix Communications Inc","mosher_carl@radixcom.net","3399 S Lakeshore Dr","2699827405","2699827400","731101","Advertising-Agencies & Counselors","NULL"," Email <---> Revenue ","272725","RADIX COMMUNICATIONS INC","3399 S LAKESHORE DR","SAINT JOSEPH","MI","49085","Berrien","","2699827400","2699827405","CARL MOSHER","Chief Executive Office","M","10900000","100","731100","Advertising ","4","0","1"
"200210","Michigan Grower Products","michigangrower@surefill.com","251 Mccollum","2696654410","2696657071","352401","Nurserymen Equipment & Supplies (Mfrs)","www.surefill.com"," Email <---> Revenue ","675445","Michigan Grower Products","251 Mccollum","Galesburg","MI","49053","Kalamazoo","www.surefill.com","2696657071","2696654410","Steve Dragg","Manager","Mal","17040000","60","352401","Nurserymen E","4","0","1"
"91397","Great Lakes Industries","mcrowley@greatlakesind.com","1927 Wildwood Ave","5177843154","5177843153","356898","Mechanical Power Trans Equip Nec (Mfrs)","www.greatlakesind.com"," Email <---> Revenue ","559583","Great Lakes Industries","1927 Wildwood Ave","Jackson","MI","49202","Jackson","www.greatlakesind.com","5177843153","5177843154","","","","12338000","62","356898","Mechanical P","4","0","1"
"190382","Pioneer Surgical Technology","matthew.songer@pioneersurgical.com","NULL","9062264443","906-226-9909","3842","Orthopedic","Prosthetic"," Email <---> Revenue ","260237","PIONEER SURGICAL TECHNOLOGY","375 RIVER PARK CIR","MARQUETTE","MI","49855","Marquette","","9062269909","9062264443","MATTHEW N SONGER","Chief Executive Office","M","10600000","164","384100","Surgical,Med","4","0","1"
"141912","RON ROSE PRODUCTIONS","markg@ronrose.com","29277 SOUTHFIELD RD","2484260090","2484260185","738999","Business Services Nec","AUDIORECORDINGSERVICES.COM^^INDUSTRIALMUSIC.NET^^MEETINGMUSIC.COM^^RONROSE.COM^^STOCKMUSIC.NET"," Email <---> Revenue ","284747","RON ROSE PRODUCTIONS","29277 SOUTHFIELD RD","SOUTHFIELD","MI","48076","Oakland","","2484248400","2484248622","RON ROSE","Chief Executive Office","M","14400000","64","738900","Business Svs","4","0","1"
"217181","3-Dimensional Services","mark@3dimensional.com","null","2488521333","2488521333","152106","Designers","3DIMENSIONAL.COM;URGENT-DESIGN.COM;URGENTPLASTICS.COM"," Email <---> Revenue ","541","3-DIMENSIONAL SERVICES","2547 PRODUCT DR","ROCHESTER HILLS","MI","48309","Oakland","","2488521333","2488522110","DOUGLAS PETERSON","President","M","16600000","200","359900","Industrial M","4","0","1"
"215794","Sherriff-Goslin Co","mansfield@sherriff-goslin.com","10 Avenue C","2699624103","2699624036","176109","Roofing Contractors","www.sherriff-goslin.com"," Email <---> Revenue ","783186","Sherriff-Goslin Co","10 Avenue C","Springfield","MI","49015","Calhoun","www.sherriff-goslin.com","2699624036","2699624103","Robert C Sherriff","President","Mal","21000000","700","176109","Roofing Cont","4","0","1"
"234883","Light Corp","lynneb@lightcorp.com","14800 172nd Ave","6168462144","6168425100","364504","Lighting Fixtures-Manufacturers","www.lightcorp.com"," Email <---> Revenue ","197577","LIGHT CORP","14800 172ND AVE","GRAND HAVEN","MI","49417","Ottawa","","6168424680","6168462144","BRAD DAVIS","President","M","12100000","159","364500","Residential ","4","0","1"
"185593","Apac Manufacturing","Len@polybags.com","2719 Courier Dr NW","6167910707","6167917222","267301","Bags-Plastic (Manufacturers)","NULL"," Email <---> Revenue ","393621","Apac Manufacturing","2719 Courier Dr NW","Grand Rapids","MI","49544","Kent","www.polybags.com","6167917222","6167910707","Len Fouty","President","Mal","11600000","50","267301","Bags-Plastic","4","0","1"
"199036","Care Tech Solutions Inc","lacroix@airfoilpr.com","901 Wilshire Dr # 100","2482333000","2482333000","999977","Nonclassified Establishments","www.caretechsolutions.com"," Email <---> Revenue ","56768","CARE TECH SOLUTIONS INC","901 WILSHIRE DR STE 100","TROY","MI","48084","Oakland","","2482333000","","JAMES J GIORDANO","Chief Executive Office","M","17700000","150","737100","Cmp Programm","4","0","1"
"241385","Mid American Products Inc","kreiser@mid-american.com","1623 Wildwood Ave","5177886035","5177898116","308901","Mold Makers","www.mid-american.com"," Email <---> Revenue ","677687","Mid American Products Inc","1623 Wildwood Ave","Jackson","MI","49202","Jackson","www.mid-american.com","5177898116","5177886035","Armida Pearse","President","Fem","14000000","100","308901","Plastics-Mol","4","0","1"
"94251","Christmas Kewadin Casino","kewhotel@saulttribe.net","N7761 Candy Cane Ln","9066438472","9063875475","799302","Casinos","www.kewadin.com"," Email <---> Revenue ","456102","Christmas Kewadin Casino","N7761 Candy Cane Ln","Christmas","MI","49862","Alger","www.kewadin.com","9063875475","9066357731","Karen Heyrman","Manager","Fem","12288000","128","799302","Casinos","4","0","1"
"135430","Tem-Pace Inc","Kent.Mawer@tempace.com","PO Box 1042","2696841366","2696845060","322905","Glassware-Manufacturers","NULL"," Email <---> Revenue ","324585","TEM-PACE INC","1830 TERMINAL RD","NILES","MI","49120","Berrien","","2696845060","2696841366","RICHARD KRAUSE","President","M","13800000","112","322900","Pressed,Blow","4","0","1"
"225542","K/E Electric Supply","kelleyray@keelectric.com","146 N Groesbeck Hwy","6077721127","5864693005","506330","Electric Equipment & Supplies-Wholesale","www.keelectric.com"," Email <---> Revenue ","614915","K/E Electric Supply","146 N Groesbeck Hwy","Mt Clemens","MI","48043","Macomb","www.keelectric.com","5864693005","5864693006","Randy Kuchenmeister","Owner","Mal","11900000","45","506330","Electric Equ","4","0","1"
"238217","Alliance Steel Inc","kbutler@alliancesteelinc.com","29600 Southfied rd.","2484434990","null","1099","Metal ores","alliancesteelinc.com"," Email <---> Revenue ","383838","Alliance Steel Inc","29600 Southfield Rd","Southfield","MI","48076","Oakland","www.alliancesteelinc.com","2484434990","2484438924","Robert Temmerman","Owner","Mal","12564000","12","505106","Steel-Distri","4","0","1"
"59793","Econo-Print Inc","kari@econoprintusa.com","10312 Dexter Pinckney Rd","7348780299","7348785806","275202","Printers","www.econoprintinc.com"," Email <---> Revenue ","106482","ECONO-PRINT INC","10312 DEXTER PINCKNEY RD","PINCKNEY","MI","48169","Livingston","","7348785806","7348780299","TED STILBER","Manager","M","12100000","326","275200","Litho,Coml P","4","0","1"
"6936","Kamps","Kamps_Bernie@kampspallets.com","2900 Peach Ridge Ave NW","6164534373","6164539676","503105","Pallets & Skids (Wholesale)","NULL"," Email <---> Revenue ","616551","Kamps","2900 Peach Ridge Ave NW","Grand Rapids","MI","49544","Kent","www.kampspallets.com","6164539676","6164534373","Bernie Kamps","Owner","Mal","10700000","200","503105","Pallets & Sk","4","0","1"
"121240","Karona Inc","joni.nelson@karonadoor.com","4100 Karona Ct SE","6165543551","6165543902","521131","Doors","www.karonadoor.com"," Email <---> Revenue ","180793","KARONA INC","4100 KORONA CT SE","CALEDONIA","MI","49316","Kent","","6165543551","6165548902","STEVE SISSON","President","M","20300000","160","521102","Door,Window ","4","0","1"
"174886","Zeeland Lumber & Supply Co","johnc@zeelandlumber.com","146 E Washington Ave","6167726409","6167722119","521142","Lumber-Retail","www.zeelandlumber.com"," Email <---> Revenue ","869324","Zeeland Lumber & Supply Co","146 E Washington Ave","Zeeland","MI","49464","Ottawa","www.zeelandlumber.com","6167722119","6167726409","Harold Vanden Bosch","Manager","Mal","24100000","90","521142","Lumber-Retai","4","0","1"
"43397","Zimmerman Handling Systems","John@ingersoll-rand.com","29555 Stephenson Hwy","2483981374","2485828970","354702","Rolling Mill Machinery (Manufacturers)","NULL"," Email <---> Revenue ","869726","Zimmerman Handling Systems","29555 Stephenson Hwy","Madison Heights","MI","48071","Oakland","","2485828970","2483981374","John Sewell","President","Mal","19800000","90","354702","Rolling Mill","4","0","1"
"198159","Enersys Inc","john.gagge@enersys.com","1550 Gezon Pkwy SW # G","6196713980","6165311120","504507","Data Processing Equipment (Wholesale)","www.enersys.com"," Email <---> Revenue ","517124","Enersys Inc","1550 Gezon Pkwy SW # G","Wyoming","MI","49509","Kent","www.enersys.com","6165311120","6165314953","Ron Moelker","Manager","Mal","14352000","16","504507","Data Process","4","0","1"
"158891","Key Plastics","Joe-Forrest@keyplastics.com","1351 Industrial Park Dr","9066352917","9066355220","308902","Plastics & Plastic Products (Mfrs)","NULL"," Email <---> Revenue ","621779","Key Plastics","1351 Industrial Park Dr","Sault Ste Marie","MI","49783","Chippewa","","9066355220","9066352917","Joe Forrest","President","Mal","20000000","120","308902","Plastics & P","4","0","1"
"248274","J & M Reproductions Corp","jmrepro@jmrepro.com","1200 Rochester Rd","2485884248","2485888100","275202","Printers","www.jmrepro.com"," Email <---> Revenue ","596268","J & M Reproductions Corp","1200 Rochester Rd","Troy","MI","48083","Oakland","www.jmrepro.com","2485888100","2485884248","John Milanowski","Owner","Mal","10640000","70","275202","Printers","4","0","1"
"148970","Compak Inc","jliggett@comwebinc.com","5081 Exchange Dr","8102307233","8102308680","267101","Packaging Materials-Manufacturers","www.compakwebcor.com"," Email <---> Revenue ","466902","Compak Inc","5081 Exchange Dr","Flint","MI","48507","Genesee","www.compakwebcor.com","8102308680","8102307233","John Goggins","Owner","Mal","15950000","50","267101","Packaging Ma","4","0","1"
"195859","Fox Sales Co","jfiedler@fox-sales.com","4494 36th St SE","6169497209","6169491210","518201","Liquors-Wholesale","NULL"," Email <---> Revenue ","538079","Fox Sales Co","4494 36th St SE","Grand Rapids","MI","49512","Kent","","6169491210","6169497209","Henry Fox Jr","Owner","Mal","12600000","100","518201","Liquors-Whol","4","0","1"
"243212","Thumb Tool & Engineering Co","jbrown@thumbtool.com","354 Liberty St","9892696523","9892699731","354402","Die Makers","www.thumbtool.com"," Email <---> Revenue ","327294","THUMB TOOL & ENGINEERING CO","354 LIBERTY ST","BAD AXE","MI","48413","Huron","","9892699731","9892696523","JACK ROCHEFORT","President","M","16800000","250","354400","Spc Dies, Tl","4","0","1"
"238800","Insulspan","insulspan@insulspan.com","245 N Jipson St","5174862056","5174864844","521126","Building Materials","www.insulspan.com"," Email <---> Revenue ","165002","INSULSPAN","245 N JIPSON ST","BLISSFIELD","MI","49228","Lenawee","","5174864844","5174862056","FRANK BAKER","President","M","10200000","80","521100","Lumber, Rel ","4","0","1"
"179823","Western Pegasus","inquiry@westpeg.com","728 E 8th St # 3","6163939583","6163939580","508416","Gauges & Gages (Wholesale)","www.westpeg.com"," Email <---> Revenue ","857453","Western Pegasus","728 E 8th St # 3","Holland","MI","49423","Ottawa","www.westpeg.com","6163939580","6163939583","Heather Wincel","Owner","Fem","20128000","37","508416","Gauges & Gag","4","0","1"
"216391","Quality Carriers Inc","info_qdi@qualitydistribution.com","4200 James Savage Rd","3237713177","9894962220","421306","Trucking-Liquid & Dry Bulk","www.qualitydistribution.com"," Email <---> Revenue ","269772","QUALITY CARRIERS INC","4200 JAMES SAVAGE RD","MIDLAND","MI","48642","Midland","","9894962220","9894963791","JASON WINTERS","Manager","M","11700000","280732","421300","Trucking","4","0","1"
"238285","Holland Special Delivery","hsfbilling@hollandspecial.com","3068 Highland Blvd","6163992281","6163992281","421205","Delivery Service","www.hollandspecial.com"," Email <---> Revenue ","155931","HOLLAND SPECIAL DELIVERY","3068 HIGHLAND BLVD","HUDSONVILLE","MI","49426","Ottawa","","6163992281","","JIM VANNETCE","Owner","M","20000000","200","421205","Delivery Sv,","4","0","1"
"104237","Batton Installation Inc","hrd@battoninc.com","29600 Parkway","5867766337","5867765020","736304","Employment Contractors-Temporary Help","NULL"," Email <---> Revenue ","33258","BATTON INSTALLATION INC","29600 PARKWAY","ROSEVILLE","MI","48066","Macomb","","5867765020","5867766337","DAVID BATTON","President","M","11400000","100","736301","Temp Supply ","4","1","1"
"197174","Michigan Veterinary Specialists","hostinfo@michvet.com","21600 W Eleven Mile Road","2483546660","2483540303","074201","Animal services","MICHVET.COM"," Email <---> Revenue ","677174","Michigan Veterinary Specialist","21600 W 11 Mile Rd","Southfield","MI","48076","Oakland","www.michvet.com","2483546660","2483540303","Dan Lorimer","Owner","Mal","10080000","120","74201","Veterinarian","4","2","1"
"248276","Connor SPORT Court Intl","hfine@connorfloor.com","251 Industrial Park Rd","8472909034","9068227311","242698","Hardwood Dimension & Flooring Mills","www.connorfloor.com"," Email <---> Revenue ","469114","Connor SPORT Court Intl","251 Industrial Park Rd","Amasa","MI","49903","Iron","www.connorfloor.com","9068227311","9068227800","John Olson","Plant Mgr","Mal","15375000","125","242698","Hardwood Dim","4","0","1"
"98198","Henry H Smith & Co","henry4222@sbcglobal.net","1880 Fruit St","8107944222","8107944222","555108","Propellers","www.nmpa.net"," Email <---> Revenue ","152616","HENRY H SMITH & CO","1880 FRUIT ST","CLAY","MI","48001","St. Clair","","8107944222","8107941120","EDWARD SMITH","Owner","M","10500000","35","555100","Boat Dealers","4","0","1"
"34610","Hastings Fiberglass Prod Inc","hastings@hfgp.com","770 Cook Rd","2699454623","2699459541","308902","Plastics & Plastic Products (Mfrs)","www.hfgp.com"," Email <---> Revenue ","571695","Hastings Fiberglass Prod Inc","770 Cook Rd","Hastings","MI","49058","Barry","www.hfgp.com","2699459541","2699454623","David Baum","President","Mal","13000000","87","308902","Plastics & P","4","0","1"
"218378","Havenwyck Hospital","gsellers@psysolutions.com","1525 University Dr","2483730528","2483739200","806303","Psychiatric Treatment Facilities","NULL"," Email <---> Revenue ","571976","Havenwyck Hospital","1525 University Dr","Auburn Hills","MI","48326","Oakland","","2483739200","2483730528","Robert Kercorian","CEO","Mal","16200000","200","806303","Psychiatric ","4","0","1"
"239364","Weldmation","gsb@weldmation.com","1001 E 13 Mile Rd","2485892646","2485889419","399903","Manufacturers","www.weldmation.com"," Email <---> Revenue ","352171","WELDMATION","31720 STEPHENSON HWY","MADISON HTS","MI","48071","Oakland","","2485850010","2485850016","ARTHUR KELSEY III","President","M","24900000","300","359900","Industrial M","4","0","1"
"107482","Griggs Steel","griggssteel@griggssteel.com","15431 W. Eleven Mile Road","2485416226","null","1099","Metal ores","GRIGGSSTEEL.COM"," Email <---> Revenue ","562591","Griggs Steel Co","15431 W 11 Mile Rd","Oak Park","MI","48237","Oakland","www.griggssteel.com","2485416226","2485410850","Frank Mullen","Owner","Mal","10470000","10","505106","Steel-Distri","4","0","1"
"55356","Gorman's Furniture","gormansnovi@gormans.com","14285 Hall Rd","5868432000","5868432006","738902","Interior Decorators Design & Consultants","www.gormans.com"," Email <---> Revenue ","137611","GORMANS","14285 HALL RD","SHELBY TOWNSHIP","MI","48315","Macomb","","5868432000","5868432006","JIM HERRON","Manager","M","24000000","150","738906","Interior Des","4","0","1"
"121160","Tool Dex Inc","glenn.brisson@secinfo.com","4175 E 10 Mile Rd","5867561549","5867561540","354407","Tool & Die Makers","NULL"," Email <---> Revenue ","826082","Tool Dex Inc","4175 E 10 Mile Rd","Warren","MI","48091","Macomb","","5867561540","5867561549","Glenn R Brisson","President","Mal","16875000","125","354407","Tool & Die M","4","0","1"
"231517","Big George S Home Appliance Ma","glemanski@big-georges.com","2019 W. Stadium Blvd.","7346699500","-","522310","BUILDING MATERIALS, HARDWARE, GARDEN SUPPLY, AND MOBILE HOME DEALERS","NAMB"," Email <---> Revenue ","39314","BIG GEORGE HOME APPLIANCE","2023 W STADIUM BLVD","ANN ARBOR","MI","48103","Washtenaw","","7346699500","7346699570","WALT CORRIGAN","Vice-President","M","13100000","75","572200","Household Ap","4","0","1"
"165666","Kensington Motors","ginfo@greenleafauto.com","7428 Kensington Rd","8508780842","2484370704","551103","Automobile Dealers-Used Cars","www.greenleafauto.com"," Email <---> Revenue ","620592","Kensington Motors","7428 Kensington Rd","Brighton","MI","48116","Livingston","www.greenleafauto.com","2484370704","2484378303","Rob Fumire","Manager","Mal","16175000","25","551103","Automobile D","4","1","1"
"235825","Pitsch Co","genegutting@pitschco.com","675 Richmond St NW","6163635585","6163634895","179502","Demolition Contractors","www.pitschco.com"," Email <---> Revenue ","727737","Pitsch Co","675 Richmond St NW","Grand Rapids","MI","49504","Kent","www.pitschco.com","6163634895","6163635585","Gary Pitsch","Owner","Mal","12000000","75","179502","Demolition C","4","0","1"
"95677","F P Miller Co","fpmiller@fpmiller.com","420 Ingham St","5177873116","5177873100","508471","Machinery-Rebuilding & Repairing (Whol)","www.fpmiller.com"," Email <---> Revenue ","522948","F P Miller Co","420 Ingham St","Jackson","MI","49201","Jackson","www.fpmiller.com","5177873100","5177873116","Steve Miller","President","Mal","10880000","20","508471","Machinery-Re","4","0","1"
"197000","Viviano Flower Shop","flowers@viviano.com","32050 Harper Avenue","5862930227","5862935574","599202","Plants","viviano.com"," Email <---> Revenue ","848321","Viviano Flower Shop","32050 Harper Ave","St Clair Shores","MI","48082","Macomb","www.viviano.com","5862930227","5862935574","Paul Viviano","Owner","Mal","13600000","200","599201","Florists-Ret","4","1","1"
"40746","Advertising Audit Svc","Fiordaliso@aas.com","34705 W 12 Mile Rd # 200","2484883421","2484883400","731999","Advertising Nec","NULL"," Email <---> Revenue ","377660","Advertising Audit Svc","34705 W 12 Mile Rd # 200","Farmington Hills","MI","48331","Oakland","www.aas.com","2484883400","2484883421","Arthur Fiordaliso","President","Mal","10300000","100","731999","Advertising ","4","0","1"
"136875","Great Lakes Health Plan","ewexler@glhp.com","17117 W 9 Mile Rd","2485595552","2485595656","809904","Health Maintenance Organizations","www.glhp.com"," Email <---> Revenue ","559523","Great Lakes Health Plan","17117 W 9 Mile Rd","Southfield","MI","48075","Oakland","www.glhp.com","2485595656","2485595552","","","","12880000","115","809904","Health Maint","4","2","1"
"215255","Ecolab Country Club","ecolab@ecolab.com","39205 Country Club Dr","7708590697","2484895835","516925","Cleaning Compounds (Wholesale)","www.ecolab.com"," Email <---> Revenue ","511247","Ecolab Country Club","39205 Country Club Dr","Farmington Hills","MI","48331","Oakland","www.ecolab.com","2484895835","2484899104","Mark Buran","Manager","Mal","12012000","12","516925","Cleaning Com","4","0","1"
"199233","Central State Auto Leasing Inc","ebenson@snethkampdodge.com","6131 S Pennsylvania Ave","5173941282","5173944545","751404","Automobile Leasing","www.snethkampdodge.com"," Email <---> Revenue ","61400","CENTRAL STATE AUTO LEASING INC","6131 S PENNSYLVANIA AVE","LANSING","MI","48911","Ingham","","5173944545","5173941282","BILL SNETHKAMP","Owner","M","14000000","70","751400","Passenger Ca","4","0","1"
"207245","Lionel LLC","dyard@lionel.com","50625 Richard W Blvd","5869495429","5869494100","394402","Toys-Manufacturers","NULL"," Email <---> Revenue ","198659","LIONEL LLC","26750 23 MILE RD","CHESTERFIELD","MI","48051","Macomb","","5869494100","5869493340","JERRY CALABRESE","Chief Executive Office","M","16300000","100","509200","Toys,Hobby G","4","0","1"
"112227","Britten Media Inc","dtaylor@brittenbanners.com","2322 Cass Rd","2319418299","2319418200","239905","Flags & Banners-Manufacturers","www.brittenmedia.com"," Email <---> Revenue ","429417","Britten Media Inc","2322 Cass Rd","Traverse City","MI","49684","Grand Traverse","www.brittenmedia.com","2319418200","2319418299","Paul Britten","Owner","Mal","15100000","100","239905","Flags & Bann","4","0","1"
"52833","Aero Grinding","DRoland@aerogrinding.com","28240 Groesbeck Hwy","5867748111","5867746450","347910","Grinding-Precision & Production","NULL"," Email <---> Revenue ","377811","Aero Grinding","28240 Groesbeck Hwy","Roseville","MI","48066","Macomb","www.aerogrinding.com","5867746450","5867748111","Roland Dimattia","Owner","Mal","23640000","120","347910","Grinding-Pre","4","0","1"
"242892","Pfeiffer Quality Care Svc","D-Pfeiffer@danpfeiffer.com","8250 Pfeiffer Farms Dr SW","6165830162","6165830184","551103","Automobile Dealers-Used Cars","NULL"," Email <---> Revenue ","724315","Pfeiffer Quality Care Svc","8250 Pfeiffer Farms Dr SW","Byron Center","MI","49315","Kent","www.danpfeiffer.com","6165830184","6165830162","Daniel Pfeiffer","President","Mal","16175000","25","551103","Automobile D","4","1","1"
"189947","Bond Fluidaire Inc","dpezzato@bondfluidaire.com","5506 36th St SE","6169425464","6169421060","508520","Hydraulic Equipment & Supplies (Whol)","www.bondfluidaire.com"," Email <---> Revenue ","424381","Bond Fluidaire Inc","5506 36th St SE","Grand Rapids","MI","49512","Kent","www.bondfluidaire.com","6169421060","6169425464","Robert L Bond Sr","President","Mal","11000000","50","508520","Hydraulic Eq","4","0","1"
"214685","Dowding Industries","dowding@industrialquicksearch.com","449 Marilin Ave","5176635123","5176635455","354407","Tool & Die Makers","www.dowdingindustries.com"," Email <---> Revenue ","101288","DOWDING INDUSTRIES","449 MARILIN AVE","EATON RAPIDS","MI","48827","Eaton","","5176635455","5176635123","CHRIS DOWDING","President","F","13400000","200","354400","Spc Dies, Tl","4","0","1"
"103653","CLASSIC Systems Inc","doug.kareta@classic-co.com","665 Elmwood","2485882738","2485778135","8999","Services NEC","CLASSIC-GRAPHICS.COM"," Email <---> Revenue ","70583","CLASSIC DESIGN INC","665 ELMWOOD DR","TROY","MI","48083","Oakland","","2485882738","2485881868","KEN KARETA","Owner","M","10000000","100","871100","Engineering ","4","0","1"
"186750","Griswold Machine","DonSepeta@gmeco.com","PO Box 98","5177413659","5177414471","344403","Sheet Metal Fabricators","NULL"," Email <---> Revenue ","562705","Griswold Machine","8530 M 60","Union City","MI","49094","Branch","www.gmeco.com","5177414471","5177413659","Don Sepeta","President","Mal","16000000","100","344403","Sheet Metal ","4","0","1"
"49095","Bunzl Distribution Inc","donna.robinson@bunzlusa.com","220 N Alloy Dr","9548859488","8107141400","267401","Bags-Paper (Manufacturers)","www.bunzldistribution.com"," Email <---> Revenue ","432920","Bunzl Distribution Inc","220 N Alloy Dr","Fenton","MI","48430","Genesee","www.bunzldistribution.com","8107141400","8107141270","Keith Trautmann","Manager","Mal","10900000","50","267401","Bags-Paper (","4","0","1"
"143067","Crown Trophy","D-Marsh@crowntrophy.com","6136 Lovers Ln","NULL","2693294380","599909","Trophies Awards & Medals","NULL"," Email <---> Revenue ","83851","CROWN TROPHY","6136 LOVERS LN","PORTAGE","MI","49002","Kalamazoo","","2693294380","","DENNIS MARSH","President","M","14200000","505","599920","Trophies And","4","0","1"
"202395","Metaldyne Corp","dialogue@metaldyne.com","690 W Maple Rd","3308681511","2483628500","346398","Nonferrous Forgings (Manufacturers)","www.metaldyne.com"," Email <---> Revenue ","671599","Metaldyne Corp","690 W Maple Rd","Troy","MI","48084","Oakland","www.metaldyne.com","2483628500","2483628501","Bob Russ","Plant Mgr","Mal","15900000","60","346398","Nonferrous F","4","0","1"
"252045","Alro Steel Corp","dhunter@alro.com","801 20th St N","4122795955","2699680234","505106","Steel-Distributors & Warehouses","www.alro.com"," Email <---> Revenue ","385817","Alro Steel Corp","801 20th St N","Battle Creek","MI","49015","Calhoun","www.alro.com","2699680234","2699683865","Ken Woodside","Manager","Mal","15705000","15","505106","Steel-Distri","4","0","1"
"240363","Wilson Marine Corp","dgalorneau@wilsonboats.com","1850 Dorr Rd","5175462157","5175463774","555104","Boat Dealers Sales & Service","www.wilsonboats.com"," Email <---> Revenue ","357807","WILSON MARINE CORP","1850 DORR RD","HOWELL","MI","48843","Livingston","","5175463774","5175462157","RON WILSON","Owner","M","21000000","70","555100","Boat Dealers","4","0","1"
"243215","T & M Asphalt Paving Inc","dfegan@tmasphalt.com","4755 Old Plank Rd","2486850580","2486842300","177118","Asphalt Paving Contractors","www.tmasphalt.com"," Email <---> Revenue ","812617","T & M Asphalt Paving Inc","4755 Old Plank Rd","Milford","MI","48381","Oakland","www.tmasphalt.com","2486842300","2486850580","Michael Ford","Owner","Mal","15000000","130","177118","Asphalt Pavi","4","0","1"
"239921","J E Johnson Mechanical Contr","designbuild@jejohnson.com","2298 N Eastman Rd","9893544584","9898356671","171114","Mechanical Contractors","www.jejohnson.com"," Email <---> Revenue ","597203","J E Johnson Mechanical Contr","2298 N Eastman Rd","Midland","MI","48642","Midland","www.jejohnson.com","9898356671","9898357147","J E Johnson","Owner","Mal","14600000","100","171114","Mechanical C","4","0","1"
"252433","Handy Home Products","Dennis@handyhome.com","6400 E 11 Mile Rd","5867576066","5867572828","245202","Buildings-Pre-Cut Prefab & Modlr-Mfrs","NULL"," Email <---> Revenue ","568348","Handy Home Products","6400 E 11 Mile Rd","Warren","MI","48091","Macomb","www.handyhome.com","5867572828","5867576066","Dennis Markey","Owner","Mal","18300000","300","245202","Buildings-Pr","4","0","1"
"224696","Tweddle Litho Co","dbm2@tweddle.com","24700 Maplehurst Dr","5863073708","5863073700","275202","Printers","www.nissan-techinfo.com"," Email <---> Revenue ","335874","TWEDDLE LITHO CO","24700 MAPLEHURST DR","CLINTON TWP","MI","48036","Macomb","","5863073700","5863073708","ANDREW M TWEDDLE","Chief Executive Office","M","13800000","200","275200","Litho,Coml P","4","0","1"
"169615","Hi Tech Mold & Engineering","data@hitechmold.com","2775 Commerce Dr","2488521920","2488526600","354405","Molds (Manufacturers)","www.hitechmold.com"," Email <---> Revenue ","153567","HI TECH MOLD & ENGINEERING","2775 COMMERCE DR","ROCHESTER HILLS","MI","48309","Oakland","","2488526600","2488521920","","Unknown","","12100000","180","354400","Spc Dies, Tl","4","0","1"
"209386","Detail Technologies Inc","data@detailtechnologies.com","5900 Cross Roads Commerce Dr","6162611876","6162611313","506369","Electrical Discharge Machining (Whol)","www.detailtechnologies.com"," Email <---> Revenue ","495041","Detail Technologies Inc","5900 Cross Roads Commerce Dr","Wyoming","MI","49519","Kent","www.detailtechnologies.com","6162611313","6162611876","Bryan Herrington","Owner","Mal","23030000","35","506369","Electrical D","4","0","1"
"235268","Woodland Travel Ctr Inc","dan_lane@sbcglobal.net","5190 Plainfield Ave NE","6163637747","6163639038","556103","Recreational Vehicles","www.woodtravel.com"," Email <---> Revenue ","865101","Woodland Travel Ctr Inc","5190 Plainfield Ave NE","Grand Rapids","MI","49525","Kent","www.woodtravel.com","6163639038","6163637747","Dave Carlson","Owner","Mal","10258000","23","556103","Recreational","4","0","1"
"170966","Asphalt Specialist","Dan.Israel@asipaving.com","1780 Highwood E","2483340134","2487455785","161106","Asphalt & Asphalt Products","NULL"," Email <---> Revenue ","398437","Asphalt Specialist","1780 Highwood E","Pontiac","MI","48340","Oakland","www.asipaving.com","2487455785","2483340134","Dan Israel","Owner","Mal","18800000","80","161106","Asphalt & As","4","0","1"
"246152","Raytheon Co","corporatecontributions@raytheon.com","44370 N Jefferson Ave","2486198416","5863074110","179977","Contractors","www.raytheon.com"," Email <---> Revenue ","748248","Raytheon Co","44370 N Jefferson Ave","Selfridge Angb","MI","48045","Macomb","www.raytheon.com","5863074110","5863076024","Robert Williams","Administrator","Mal","12400000","100","179977","Contractors","4","0","1"
"224497","Williams Distributing Inc","corporate@williamskitchen.com","1575 Muskegon Ave NW","6164568091","6164561613","171117","Air Conditioning Contractors & Systems","www.williamskitchen.com"," Email <---> Revenue ","357208","WILLIAMS DISTRIBUTING INC","1575 MUSKEGON AVE NW","GRAND RAPIDS","MI","49504","Kent","","6164561613","","MIKE KOSTER","President","M","16000000","75","502300","Whl Homefurn","4","0","1"
"215638","Shopko","connie.fellman@shopko.com","500 S Carpenter Ave","6059966627","9067744991","531102","Department Stores","www.shopko.com"," Email <---> Revenue ","784124","Shopko","500 S Carpenter Ave","Kingsford","MI","49802","Dickinson","www.shopko.com","9067744991","9067745547","Francie Martin","Manager","Fem","16200000","100","531102","Department S","4","1","1"
"250009","Comtel Corp","comtelcorp@comtel.com","39830 Grand River Ave # B-3","2488884743","2488884730","506336","Electronic Instruments (Wholesale)","www.comtel.com"," Email <---> Revenue ","468179","Comtel Corp","39830 Grand River Ave # B-3","Novi","MI","48375","Oakland","www.comtel.com","2488884730","2488884743","Bill Boroughf","President","Mal","20000000","15","506336","Electronic I","4","0","1"
"51614","Folk Oil Co Inc","comments@folkoil.com","203 W Main St","5175684114","5175684114","299298","Lubricating Oils & Greases (Mfrs)","www.folkoil.com"," Email <---> Revenue ","124187","FOLK OIL CO INC","203 W MAIN ST","HOMER","MI","49245","Calhoun","","5175684114","5175684114","RICHARD D FOLK","Chief Executive Office","M","17500000","125","299200","Lubr Oils & ","4","0","1"
"228935","Philip R Seaver Title Co Inc","clarkston@seavertitle.com","42651 Woodward Ave","2486472171","2486472171","654102","Title Companies","www.seavertitle.com"," Email <---> Revenue ","724723","Philip R Seaver Title Co Inc","42651 Woodward Ave","Bloomfield Hills","MI","48304","Oakland","www.seavertitle.com","2486472171","","Philip R Seaver","President","Mal","15520000","160","654102","Title Compan","4","0","1"
"252496","Van Solkema Produce","chucks@vansolkemaproduce.com","2630 Prescott St SW","6168781432","6168781508","514801","Fruits & Vegetables-Wholesale","www.vansolkemaproduce.com"," Email <---> Revenue ","842870","Van Solkema Produce","2630 Prescott St SW","Byron Center","MI","49315","Kent","www.vansolkemaproduce.com","6168781508","6168781432","Jerry Van Solkema","Owner","Mal","12673000","23","514801","Fruits & Veg","4","0","1"
"136603","LA Belle Electric","Chris@labelleelectric.com","24546 21 Mile Rd","5865987363","5865987360","173101","Electric Contractors","NULL"," Email <---> Revenue ","629170","LA Belle Electric","24546 21 Mile Rd","Macomb","MI","48042","Macomb","www.labelleelectric.com","5865987360","5865987363","Chris Labelle","Owner","Mal","11880000","90","173101","Electric Con","4","2","1"
"177329","Kinder Morgan Power Co","choicegas@kindermorgan.com","2219 Chapin St","5178415715","","491101","Electric Companies","www.kindermorgan.com"," Email <---> Revenue ","623032","Kinder Morgan Power Co","2219 Chapin St","Jackson","MI","49203","Jackson","www.kindermorgan.com","5178415715","","Wayne Frey","Plant Mgr","Mal","12936000","21","491101","Electric Com","4","0","1"
"216241","Alternate Marketing Networks","cherians@valassis.com","4675 32nd Ave","6166626422","6166626420","874213","Marketing Programs & Services","www.itracksamples.com"," Email <---> Revenue ","16146","ALTERNATE MARKETING NETWORKS","4675 32ND AVE","HUDSONVILLE","MI","49426","Ottawa","","6166626420","6166626422","PHILIP MILLER","Chief Executive Office","M","20200000","27","874203","Mrkting Cons","4","0","1"
"86472","Mid-States Bolt & Screw Co","chadm@midstatesbolt.com","4126 Somers Dr","8107440123","8107443798","507205","Fasteners-Industrial (Wholesale)","www.midstatesbolt.com"," Email <---> Revenue ","223270","MID-STATES BOLT & SCREW CO","4126 SOMERS DR","BURTON","MI","48529","Genesee","","8107440123","8107443798","SCOTT SOMERS","President","M","21100000","136","507201","Bolts","4","0","1"
"244630","Kinder Morgan Power Co","carol_simmons@kindermorgan.com","2219 Chapin St","7575438936","5178415715","491101","Electric Companies","www.kindermorgan.com"," Email <---> Revenue ","623032","Kinder Morgan Power Co","2219 Chapin St","Jackson","MI","49203","Jackson","www.kindermorgan.com","5178415715","","Wayne Frey","Plant Mgr","Mal","12936000","21","491101","Electric Com","4","0","1"
"230626","Life Ems Of Ionia","brightidea@lifeems.com","1275 Cedar St NE","2693498777","6165275433","411902","Ambulance Service","www.lifeems.com"," Email <---> Revenue ","641311","Life Ems Of Ionia","1275 Cedar St NE","Grand Rapids","MI","49503","Kent","www.lifeems.com","6165275433","6162428825","Ken Morris","Manager","Mal","11800000","200","411902","Ambulance Se","4","0","1"
"231541","Mc Masters Koss Co","bjackovich@mcmasterskoss.com","4224 Normandy Ct","2485497753","2485491414","507211","Seals-O-Ring (Wholesale)","www.mcmasterskoss.com"," Email <---> Revenue ","666657","Mc Masters Koss Co","4224 Normandy Ct","Royal Oak","MI","48073","Oakland","www.mcmasterskoss.com","2485491414","2485497753","Marty Koss","VP","Mal","13468000","26","507211","Seals-O-Ring","4","0","1"
"63141","Len Industries Inc","billm@toolcraftcorp.com","815 Rice St","5175898321","5175898241","345101","Screw Machine Products (Manufacturers)","www.len-ind.com"," Email <---> Revenue ","195668","LEN INDUSTRIES INC","815 RICE ST","LESLIE","MI","49251","Ingham","","5175898241","5175898321","TERESA DEBAEKE","Chief Executive Office","F","20400000","300","345100","Screw Machin","4","0","1"
"101068","Haviland Enterprises Inc","bernardh@havilandusa.com","421 Ann St NW","6163619772","6163616691","516952","Chemicals-Industrial (Wholesale)","NULL"," Email <---> Revenue ","150202","HAVILAND ENTERPRISES INC","421 ANN ST NW","GRAND RAPIDS","MI","49504","Kent","","6163616691","6163619772","TOM SIMMONS","Chief Executive Office","M","23800000","132","516900","Chemicals, R","4","0","1"
"218753","R A Miller Ind Inc","bennenga@rami.com","14500 168th Ave","6168422771","6168429450","359903","Machine Shops","www.rami.com"," Email <---> Revenue ","742440","R A Miller Ind Inc","14500 168th Ave","Grand Haven","MI","49417","Ottawa","www.rami.com","6168429450","6168422771","Robert M Lynas","President","Mal","11562000","94","359903","Machine Shop","4","0","1"
"40169","Belden Asphalt Co","beldenasphalt@sbcglobal.net","425 E High St","5177878183","5177878900","161101","Paving Contractors","www.beldenasphalt.com"," Email <---> Revenue ","413082","Belden Asphalt Co","425 E High St","Jackson","MI","49203","Jackson","www.beldenasphalt.com","5177878900","5177878183","Bill Belden","Owner","Mal","11750000","50","161101","Paving Contr","4","1","1"
"57564","Lyle Industries Inc","bcrawford@lyleindustries.com","4144 Lyle Rd","9894357250","9894357717","356998","General Ind Machinery/Equip Nec (Mfrs)","www.lyleindustries.com"," Email <---> Revenue ","202954","LYLE INDUSTRIES INC","4144 LYLE RD","BEAVERTON","MI","48612","Gladwin","","9894357717","9894357250","GERRY SCHWARTZ","President","M","11900000","150","355600","Food Product","4","0","1"
"245285","Foremost Graphics LLC","bbierlein@foremostgraphics.com","2921 Wilson Dr NW","6164530505","6164534747","275998","Commercial Printing Nec","www.foremostgraphics.com"," Email <---> Revenue ","536242","Foremost Graphics LLC","2921 Wilson Dr NW","Grand Rapids","MI","49544","Kent","www.foremostgraphics.com","6164534747","6164530505","Mark Oosting","Owner","Mal","14300000","100","275998","Commercial P","4","0","1"
"191464","Total Soccer Wixom","baseball@totalsportscomplex.com","30990 S Wixom Rd","2486690613","2486699817","794102","Soccer Clubs","www.totalsportscomplex.com"," Email <---> Revenue ","330601","TOTAL SOCCER WIXOM","30990 S WIXOM RD","WIXOM","MI","48393","Oakland","","2486699817","2486690613","DAVE YORK","Manager","M","11900000","100","794100","Sports Clubs","4","0","1"
"158901","Pratt Whitney Auto Air Inc","arnold.kartub@pw.utc.com","5640 Enterprise Dr","5173932164","5173934040","354302","Industrial Patterns (Manufacturers)","NULL"," Email <---> Revenue ","732492","Pratt Whitney Auto Air Inc","5640 Enterprise Dr","Lansing","MI","48911","Ingham","www.autoair.com","5173934040","5173932164","Rick Brawn","President","Mal","24480000","240","354302","Industrial P","4","0","1"
"126169","C & S Motors Inc","answers@eramortgage.com","113 S Dort Hwy","8102345686","8102390083","551105","Truck-Dealers","www.era.com"," Email <---> Revenue ","52889","C & S MOTORS","113 S DORT HWY","FLINT","MI","48503","Genesee","","8102345686","8102390083","HANK FRACALOSSI","Owner","M","12100000","30","551101","Truck Dealer","4","0","1"
"167813","SPM","alvin@spm-inc.com","2455 E 10 Mile Rd","NULL","5867581100","769957","Lawn Mowers-Sharpening & Repairing","NULL"," Email <---> Revenue ","769400","SPM","2455 E 10 Mile Rd","Warren","MI","48091","Macomb","","5867581100","","Frank Bellisario","President","Mal","12200000","100","769957","Lawn Mowers-","4","0","1"
"247923","Resurrection Cemetery","allsaintsinfo@mtelliott.com","18201 Clinton River Rd","5862862441","5862869020","599991","Mausoleums","www.mtelliott.com"," Email <---> Revenue ","278393","RESURRECTION CEMETERY","18201 CLINTON RIVER RD","CLINTON TWP","MI","48038","Macomb","","5862869020","5862862441","CHRISTOPHER LINK","Manager","M","10500000","60","599900","Misc Retail ","4","0","1"
"6772","Armond Cassil Co","ahealey@railsource.com","6403 Rinke Ave","8656939162","5867544200","162908","Railroad Contractors","www.railsource.com"," Email <---> Revenue ","396407","Armond Cassil Co","6403 Rinke Ave","Warren","MI","48091","Macomb","www.railsource.com","5867544200","5867544408","David Maga","President","Mal","10521000","63","162908","Railroad Con","4","0","1"
"195887","Progressive Nursing Staffers","aearnold@progressivenursing.com","39555 Orchard Hill Pl","6106608676","2483484909","804908","Nurses & Nurses' Registries","www.progressivenursing.com"," Email <---> Revenue ","737354","Progressive Nursing Staffers","39555 Orchard Hill Pl","Novi","MI","48375","Oakland","www.progressivenursing.com","2483484909","2483486510","Lori Stallings","Executive Director","Fem","10660000","130","804908","Nurses & Nur","4","0","1"
"41496","Westborn Fruit Market","A.Mark@westbornmarket.com","27659 Woodward Ave","2485471007","2485471000","543101","Fruits & Vegetables & Produce-Retail","NULL"," Email <---> Revenue ","857202","Westborn Fruit Market","27659 Woodward Ave","Berkley","MI","48072","Oakland","www.westbornmarket.com","2485471000","2485471007","Mark Anusbigian","Owner","Mal","20670000","130","543101","Fruits & Veg","4","0","1"
"114947","Farmer Jack Market","vanhemedo@aptea.com","1116 W Huron St","9897993707","2486811117","541105","Grocers-Retail","www.farmerjack.com"," Email <---> Revenue ","526498","Farmer Jack Market","1116 W Huron St","Waterford","MI","48328","Oakland","www.farmerjack.com","2486811117","2486812131","Walt Machiejewski","Manager","Mal","18200000","100","541105","Grocers-Reta","4","0","1"
"210319","Best Buy","help@bestbuypartsearch.com","1014 Jackson Xing","2485535603","5178414300","573117","Electronic Equipment & Supplies-Retail","www.bestbuy.com"," Email <---> Revenue ","415698","Best Buy","1014 Jackson Xing","Jackson","MI","49202","Jackson","www.bestbuy.com","5178414300","5178414314","Dan Pruitt","Manager","Mal","24200000","100","573117","Electronic E","4","0","1"
"184265","Chem Link","mgsi@airmail.net","416 E Ransom St","2693443339","2693443330","289101","Adhesives & Glues-Manufacturers","www.chemlinkinc.com"," Email <---> Revenue ","452305","Chem Link","416 E Ransom St","Kalamazoo","MI","49007","Kalamazoo","www.chemlinkinc.com","2693443330","2693443339","Phil Georgeau","Owner","Mal","13140000","30","289101","Adhesives & ","4","0","1"
"136750","A J Danboise Son","Carol@ajdanboise.com","31015 Grand River Ave","2484777579","2486150306","173101","Electric Contractors","NULL"," Email <---> Revenue ","367373","A J Danboise Son","31015 Grand River Ave","Farmington Hills","MI","48336","Oakland","www.ajdanboise.com","2486150306","2484777579","Carol Gatewood","Owner","Fem","13200000","100","173101","Electric Con","4","2","1"
"234034","Clarion Technologies","masadorian@clariontechnologies.com","200 Lovejoy Ave","6167545418","2696373943","308901","Mold Makers","www.clariontechnologies.com"," Email <---> Revenue ","459637","Clarion Technologies","200 Lovejoy Ave","South Haven","MI","49090","Van Buren","www.clariontechnologies.com","2696373943","2696373612","Bob Buresh","Manager","Mal","18204000","111","308901","Plastics-Mol","4","0","1"
"242782","Traffic & Safety Control Systs","keithh@trafficandsafety.com","48584 Downing St","2483486505","2483480570","508802","Parking Sta/Garages Equip/Supls (Whol)","www.trafficandsafety.com"," Email <---> Revenue ","828414","Traffic & Safety Control Systs","48584 Downing St","Wixom","MI","48393","Oakland","www.trafficandsafety.com","2483480570","2483486505","Keith Hay","President","Mal","15100000","20","508802","Parking Sta/","4","0","1"
"95371","Financial Services Of America","James@fsa-1.com","6900 Miller Dr","5869399882","5869393810","628205","Financial Planning Consultants","NULL"," Email <---> Revenue ","530164","Financial Services Of America","6900 Miller Dr","Warren","MI","48092","Macomb","www.fsa-1.com","5869393810","5869399882","Richard James","President","Mal","20750000","50","628205","Financial Pl","4","0","1"
"95975","Savair Inc","bernard.maybuechem@savairinc.com","48500 Structural Dr","5869494493","5869495353","354801","Welding Equipment & Supplies-Mfrs","NULL"," Email <---> Revenue ","291765","SAVAIR INC","48500 STRUCTURAL DR","CHESTERFIELD","MI","48051","Macomb","","5869495353","5869494493","DIDIER LOMBARD","Chief Executive Office","M","15200000","200","354800","Welding Appa","4","0","1"
"80419","Proto Techniques Inc","cvosburgh@protechniques.com","23333 Griswold Rd","2484863470","2484860066","346904","Metal Stamping (Manufacturers)","www.protechniques.com"," Email <---> Revenue ","737982","Proto Techniques Inc","23333 Griswold Rd","South Lyon","MI","48178","Oakland","www.protechniques.com","2484860066","2484863470","John Lindsay","President","Mal","14705000","85","346904","Metal Stampi","4","0","1"
"81034","Eastern Oil","saleslink@easternoil.com","590 S Paddock St","2483331426","2483331333","289915","Oil Additives-Manufacturers","www.easternoil.com"," Email <---> Revenue ","510327","Eastern Oil","590 S Paddock St","Pontiac","MI","48341","Oakland","www.easternoil.com","2483331333","2483331426","Ted Plaschan","Owner","Mal","14640000","40","289915","Oil Additive","4","0","1"
"223160","Paragon Die & Engineering Co","deanrunk@paragondie.com","5225 33rd St SE","6169492536","6169492220","354405","Molds (Manufacturers)","www.paragondie.com"," Email <---> Revenue ","251904","PARAGON DIE & ENGINEERING CO","5225 33RD ST SE","GRAND RAPIDS","MI","49512","Kent","","6169492220","6169492536","BILL MUIR","President","M","10100000","150","354400","Spc Dies, Tl","4","0","1"
"187735","Kent Manufacturing","judys@kent-mfg.com","1840 Oak Industrial Dr NE","6164544516","6164549495","289198","Adhesives & Sealants (Manufacturers)","www.kent-mfg.com"," Email <---> Revenue ","620819","Kent Manufacturing","1840 Oak Industrial Dr NE","Grand Rapids","MI","49505","Kent","www.kent-mfg.com","6164549495","6164544516","","","","16200000","42","289198","Adhesives & ","4","0","1"
"211162","Fan-Tastic Vent","julie@fantasticvent.com","2083 S Almont Ave","8107243460","8107243818","356401","Fans-Industrial & Commercial-Mfrs","www.fantasticvent.com"," Email <---> Revenue ","116781","FAN-TASTIC VENT","2083 S ALMONT AVE","IMLAY CITY","MI","48444","Lapeer","","8107243818","8107243460","PENNY MILKS","Chief Executive Office","F","13300000","70","356400","Ind Blowers ","4","0","1"
"247470","Industrial Steel Treating Co","jwmatthews@indstl.com","613 Carroll Ave","5177875441","5177876312","339801","Heat Treating Metal (Manufacturers)","www.indstl.com"," Email <---> Revenue ","590331","Industrial Steel Treating Co","613 Carroll Ave","Jackson","MI","49202","Jackson","www.indstl.com","5177876312","5177875441","Mike Levy","President","Mal","11000000","100","339801","Heat Treatin","4","0","1"
"192615","Fastco Industries Inc","jwolters@fastcoind.com","2685 Mullins Ct NW","6164532490","6164535428","345298","Bolts Nuts Screws Rivets/Washers (Mfrs)","www.fastcoind.com"," Email <---> Revenue ","527420","Fastco Industries Inc","2685 Mullins Ct NW","Grand Rapids","MI","49544","Kent","www.fastcoind.com","6164535428","6164532490","Arvin Tap","President","Mal","10200000","120","345298","Bolts Nuts S","4","0","1"
"18484","Zeeland Farm Svc","Cliff@zfsinc.com","PO Box 290","6167727075","6167729042","519114","Fertilizers (Wholesale)","NULL"," Email <---> Revenue ","869309","Zeeland Farm Svc","2468 84th Ave","Zeeland","MI","49464","Ottawa","www.zfsinc.com","6167729042","6167727075","Cliff Meeuwsen","President","Mal","19000000","100","519114","Fertilizers ","4","0","1"
"25953","Lake Michigan Mailers","David.Rhoa@barcodemail.com","3777 Sky King Blvd","2693830790","2693839333","733101","Mailing & Shipping Services","NULL"," Email <---> Revenue ","190350","LAKE MICHIGAN MAILERS","3777 SKY KING BLVD","KALAMAZOO","MI","49009","Kalamazoo","","2693839333","2693830790","DAVID RHOA","President","M","11300000","63","733100","Direct Mail ","4","0","1"
"211758","Ritsema Associates","B.R@ritsema.com","3000 Dormax St SW","6165389695","6165380120","174202","Acoustical Contractors","NULL"," Email <---> Revenue ","280778","RITSEMA ASSOCIATES","3000 DORMAX ST SW","GRANDVILLE","MI","49418","Kent","","6165380120","6165389695","BILL RITSEMA","President","M","18800000","250","174202","Acoustical W","4","0","1"
"100834","L & L Machine Tool Inc","leel@landlmachinetool.com","100 Quality Way","8106955928","8106953970","354107","Machine Tools-Manufacturers","www.landlmachinetool.com"," Email <---> Revenue ","628203","L & L Machine Tool Inc","100 Quality Way","Grand Blanc","MI","48439","Genesee","www.landlmachinetool.com","8106953970","8106955928","Leroy La Jeunesse","Owner","Mal","14040000","60","354107","Machine Tool","4","0","1"
"229776","Greene Metal Products","bwilden@greenemetal.com","24500 Capital Blvd","5864650136","5864656800","344106","Steel-Structural (Manufacturers)","www.greenemetal.com"," Email <---> Revenue ","142457","GREENE METAL PRODUCTS","24500 CAPITAL BLVD","CLINTON TWP","MI","48036","Macomb","","5864656800","5864650136","ROBERT WILDEN","President","M","10800000","130","344100","Fabricated S","4","0","1"
"139438","Industrial Magnetics Inc","imi@magnetics.com","1240 S M 75","2315822704","2315823100","509916","Magnets & Magnetic Devices (Wholesale)","www.magnetics.com"," Email <---> Revenue ","163832","INDUSTRIAL MAGNETICS INC","1385 S M 75","BOYNE CITY","MI","49712","Charlevoix","","2315823100","2315820622","WALTER J SHEAR III","Chief Executive Office","M","16700000","77","326400","Porcelain El","4","0","1"
"96079","Di Clemente Siegel Design Inc","johnd@dsdonline.com","28105 Greenfield Rd # 200","2485690096","2485691430","871111","Engineers-Consulting","www.dsdonline.com"," Email <---> Revenue ","496304","Di Clemente Siegel Design Inc","28105 Greenfield Rd # 200","Southfield","MI","48076","Oakland","www.dsdonline.com","2485691430","2485690096","Gino Di Clemente","President","Mal","12640000","80","871111","Engineers-Co","4","0","1"
"116251","Impact Steel Canada","jeff_jaye@ameritech.net","1551 Academy St","2484146100","2484146101","505106","Steel-Distributors & Warehouses","www.impactsteel.com"," Email <---> Revenue ","588816","Impact Steel Canada","1551 Academy St","Ferndale","MI","48220","Oakland","www.impactsteel.com","2484146100","2484146101","Jeff Jay","Owner","Mal","10470000","10","505106","Steel-Distri","4","0","1"
"237955","Leaders Marine","leads@leadersmarine.com","8500 W Main St","2693723553","2693721072","356798","Industrial Process-Furnaces/Ovens (Mfrs)","www.leadersmarine.com"," Email <---> Revenue ","194596","LEADERS MARINE","8500 W MAIN ST","KALAMAZOO","MI","49009","Kalamazoo","","2695442628","2693723553","BRENT RESH","Owner","M","12000000","40","356700","Indus Frncs ","4","0","1"
"237328","Corrosion Fluid Products Corp","kmarsh@corrosionfluid.com","24450 Indoplex Cir","9894962960","2484780100","508444","Pumps (Wholesale)","www.corrosionfluid.com"," Email <---> Revenue ","472276","Corrosion Fluid Products Corp","24450 Indoplex Cir","Farmington Hills","MI","48335","Oakland","www.corrosionfluid.com","2484780100","2484788970","Joseph Andronaco Sr","President","Mal","23500000","30","508444","Pumps (Whole","4","0","1"
"137988","Baker Book House","DBaker@bakerbooks.com","6030 Fulton St E","6166769573","6166769185","273101","Publishers-Book","NULL"," Email <---> Revenue ","405902","Baker Book House","6030 Fulton St E","Ada","MI","49301","Kent","","6166769185","6166769573","Dwight Baker","President","Mal","24000000","120","273101","Publishers-B","4","0","1"
"227721","Shepherd Products","agay@ssponline.com","8080 Moors Bridge Rd # 103","2693243026","2693243017","511312","Paper Brokers & Mill Representatives","www.ssponline.com"," Email <---> Revenue ","782775","Shepherd Products","8080 Moors Bridge Rd # 103","Portage","MI","49024","Kalamazoo","www.ssponline.com","2693243017","2693243026","Joel Shepherd Jr","CEO","Mal","20400000","5","511312","Paper Broker","4","0","1"
"56637","M K Chambers Co","kchambers@mkchambers.com","2251 Johnson Mill Rd","8106881909","8106883750","345101","Screw Machine Products (Manufacturers)","www.mkchambers.com"," Email <---> Revenue ","203928","M K CHAMBERS CO","2251 JOHNSON MILL RD","NORTH BRANCH","MI","48461","Lapeer","","8106883750","","GERALD CHAMBERS","President","M","13600000","200","345100","Screw Machin","4","0","1"
"160097","Shambaugh & Son","emcor_info@emcor.net","21667 Melrose Ave","2124450585","2483560351","508734","Sprinklers-Automatic-Fire (Wholesale)","www.forestelectric.net"," Email <---> Revenue ","780908","Shambaugh & Son","21667 Melrose Ave","Southfield","MI","48075","Oakland","www.shambaugh.com","2483560351","2483568418","Dave Walsh","VP","Mal","10380000","30","508734","Sprinklers-A","4","0","1"
"133472","Dominion Technologies Group","Lashier@dom.com","15736 Sturgeon St","5867732730","5867733303","355909","Special Industry Machinery Nec (Mfrs)","NULL"," Email <---> Revenue ","99729","DOMINION TECHNOLOGIES GROUP","15736 STURGEON ST","ROSEVILLE","MI","48066","Macomb","","5867733303","5867732730","FRANK LASHIER","President","M","13000000","160","355900","Special Indu","4","0","1"
"238541","West Mi Lighting","lnewhouse@westmichiganlighting.com","226 Quimby St NE","6163647288","6163646241","509908","Manufacturers-Agents & Representatives","www.westmichiganlighting.com"," Email <---> Revenue ","856455","West Mi Lighting","226 Quimby St NE","Grand Rapids","MI","49505","Kent","www.westmichiganlighting.com","6163646241","6163647288","Len Brown","Owner","Mal","17936000","19","509908","Manufacturer","4","0","1"
"252864","Behnke Inc","kpawlak@behnkeinc.com","600 Helmer Rd N","2699665707","2699624231","421309","Trucking-Motor Freight","www.behnkeinc.com"," Email <---> Revenue ","412941","Behnke Inc","600 Helmer Rd N","Springfield","MI","49015","Calhoun","www.behnkeinc.com","2699624231","2699665707","Betty Behnke","Manager","Fem","12835000","85","421309","Trucking-Mot","4","0","1"
"7208","National Vacuum Equipment","nve@natvac.com","2670 Aero Park Dr","2319412354","2319410215","501302","Truck Equipment & Parts-Wholesale","www.natvac.com"," Email <---> Revenue ","693352","National Vacuum Equipment","2670 Aero Park Dr","Traverse City","MI","49686","Grand Traverse","www.natvac.com","2319410215","2319412354","Bruce Luoma","Owner","Mal","15680000","35","501302","Truck Equipm","4","0","1"
"119050","Southwest Michigan Symphony","suerue@comcast.net","513 Ship St","2699824181","2699828535","792901","Orchestras & Bands","www.smso.org"," Email <---> Revenue ","791953","Southwest Michigan Symphony","513 Ship St","St Joseph","MI","49085","Berrien","www.smso.org","2699828535","2699824181","Sue Rue","Manager","Fem","14300000","65","792901","Orchestras &","4","1","1"
"236683","Key Plastics","productinfo@keyplastics.com","50800 E Russell Schmidt Blvd","5175465243","5869497100","308902","Plastics & Plastic Products (Mfrs)","www.keyplastics.com"," Email <---> Revenue ","621780","Key Plastics","50800 E Russell Schmidt Blvd","Chesterfield","MI","48051","Macomb","www.keyplastics.com","5869497100","5869496350","Paul Hindenlitter","Plant Mgr","Mal","20500000","125","308902","Plastics & P","4","0","1"
"36932","Columbian Distribution","W_Dick@columbianlogistics.com","900 Hall St SW","6165145990","6165146000","421309","Trucking-Motor Freight","NULL"," Email <---> Revenue ","464936","Columbian Distribution","900 Hall St SW","Grand Rapids","MI","49503","Kent","www.columbianlogistics.com","6165146000","6165145990","Dick Wickard","President","Mal","18120000","120","421309","Trucking-Mot","4","0","1"
"113226","Century Specialties","tfinch@centinc.com","2410 W Aero Park Ct","2319474456","2319467500","359998","Indstrl/Coml Machinery/Equip Nec (Mfrs)","www.centinc.com"," Email <---> Revenue ","448940","Century Specialties","2410 W Aero Park Ct","Traverse City","MI","49686","Grand Traverse","www.centinc.com","2319467500","2319474456","William Janis","Owner","Mal","22140000","180","359998","Indstrl/Coml","4","0","1"
"191252","Emergency 24 Inc","kevin@emergency24.com","25300 Evergreen Rd","7732861992","2483575797","738202","Security Systems","www.emergency24.com"," Email <---> Revenue ","109704","EMERGENCY 24 INC","25300 EVERGREEN RD","SOUTHFIELD","MI","48075","Oakland","","2482088503","2483570918","JOE RAMOS","Manager","M","22500000","125","738200","Security Sys","4","0","1"
"80805","Worden Co","whendrick@wordencompany.com","199 E 17th St","6163922542","6163921848","254198","Office & Store Fixtures-Wood (Mfrs)","NULL"," Email <---> Revenue ","360838","WORDEN CO","199 E 17TH ST","HOLLAND","MI","49423","Ottawa","","6163921848","6163922542","WILLIAM HENDRICK","Chief Executive Office","M","15100000","210","254100","Wood Partiti","4","0","1"
"26815","Thesier Equipment","teco38@comcast.net","28342 Pontiac Trail","2484372091","null","353401","Mfg Elevators/escalators Building Equipment Installatio","greentractors.com;thesier.com;tomtracker.com/redirect.cfm?bid=6705&hid=10879"," Email <---> Revenue ","820141","Thesier Equipment Co","28342 Pontiac Trl","South Lyon","MI","48178","Oakland","www.greentractors.com","2484372091","2484372140","James Thesier","Owner","Mal","13944000","28","508304","Tractor-Deal","4","0","1"
"188798","Evergreen Home & Garden Ctr","PPone@evergreenhomeandgarden.com","16145 E 8 Mile Rd","5867784156","5867787400","508406","Barbecue Equipment & Supplies (Whol)","NULL"," Email <---> Revenue ","520734","Evergreen Home & Garden Ctr","16145 E 8 Mile Rd","Eastpointe","MI","48021","Macomb","www.evergreenhomeandgarden.com","5867787400","5867784156","Peter Pone","Owner","Mal","13056000","24","508406","Barbecue Equ","4","0","1"
"101448","Rayl Material Handling","Pohlman@rayl-safety.com","1625 E Avis Dr","2485880123","2485887356","508426","Material Handling Equipment (Wholesale)","NULL"," Email <---> Revenue ","747841","Rayl Material Handling","1625 E Avis Dr","Madison Heights","MI","48071","Oakland","www.rayl-safety.com","2485887356","2485880123","Glenn Pohlman","Owner","Mal","21760000","40","508426","Material Han","4","0","1"
"59201","Charles Mascari & Assoc","pmessier@cmascari.com","32823 W 12 Mile Rd","2484881438","2484881110","514102","Food Brokers","NULL"," Email <---> Revenue ","62918","CHARLES MASCARI & ASSOC","32823 W 12 MILE RD","FARMINGTON HILLS","MI","48334","Oakland","","2484881110","2484881438","CHARLES MASCARI","President","M","17900000","100","514100","Whl Gen Groc","4","0","1"
"231150","Philip R Seaver Title Co Inc","oxford@seavertitle.com","42651 Woodward Ave","5862639910","2486472171","654102","Title Companies","www.seavertitle.com"," Email <---> Revenue ","258249","PHILIP R SEAVER TITLE CO INC","42651 WOODWARD AVE","BLOOMFIELD","MI","48304","Oakland","","2483387135","","PHILIP R SEAVER","President","M","23000000","160","609902","Escrow Servi","4","0","1"
"172780","Kitchen Solvers","douglass_s@kitchensolvers.com","1160 De Mar Drive","2488449233","2488741019","5719","Glass & mirrors","kitchensolvers.com"," Email <---> Revenue ","185606","KITCHEN SOLVERS","1160 DEMAR DR","ROCHESTER HILLS","MI","48307","Oakland","","2488449233","","MICHAEL BUSH","Owner","M","16600000","281","571203","Cabinets Ex ","4","0","1"
"134943","KAM Industries","pkalkman@kamplastics.com","611 Ottawa Ave","6163555939","6163555900","308901","Mold Makers","NULL"," Email <---> Revenue ","614967","KAM Industries","611 Ottawa Ave","Holland","MI","49423","Ottawa","www.kamplastics.com","6163555900","6163555939","Paul Kalkman","Owner","Mal","16400000","100","308901","Plastics-Mol","4","0","1"
"26882","Janx","John_Newland@janx.net","PO Box 190","5175313911","5175318210","873404","X-Ray Laboratories-Industrial","NULL"," Email <---> Revenue ","171943","JANX","8500 E MICHIGAN AVE","PARMA","MI","49269","Jackson","","5175318210","","JOHN NEWLAND","President","M","10000000","100","873400","Testing Svs/","4","0","1"
"248857","Kramer Air Tools Sales & Svc","Mike@kramerairtool.com","23149 Commerce Dr","2484428555","2484428550","508522","Industrial Equipment & Supplies (Whol)","NULL"," Email <---> Revenue ","187154","KRAMER AIR TOOLS SALES & SVC","23149 COMMERCE DR","FARMINGTON HILLS","MI","48335","Oakland","","2484428550","2484428555","MIKE KRAMER","Owner","M","12100000","70","359900","Industrial M","4","0","1"
"185605","Michigan Chandelier Co","ktullius@michand.com","20855 Telegraph Rd","2485839353","2483530510","506330","Electric Equipment & Supplies-Wholesale","www.michand.com"," Email <---> Revenue ","674726","Michigan Chandelier Co","20855 Telegraph Rd","Southfield","MI","48034","Oakland","www.michand.com","2483530510","2483530973","","","","13000000","65","506330","Electric Equ","4","0","1"
"141715","Bay Corrugated Container","wnelles@baycorr.com","1655 West 7th Street PO Box 667","7342435400","7342435400","422512","Storage Container","BAYCORR.COM;BAYCORRUGATED.COM"," Email <---> Revenue ","33640","BAY CORRUGATED CONTAINER INC","1655 W 7TH ST","MONROE","MI","48161","Monroe","","7342435400","7342432499","WARREN REUTHER","President","M","12200000","200","265300","Corrug Solid","4","0","1"
"213837","Plastech Engineered Prod Inc","jbrown@plastecheng.com","1111 S Colling Rd","3137922729","9896733157","308902","Plastics & Plastic Products (Mfrs)","NULL"," Email <---> Revenue ","728554","Plastech Engineered Prod Inc","1111 S Colling Rd","Caro","MI","48723","Tuscola","www.plastecheng.com","9896733157","3137922729","Julie N Brown","CEO","Fem","10000000","200","308902","Plastics & P","4","0","1"
"226585","Pioneer Cabinetry Inc","bobmiller@pioneercabinetry.com","301 W Rising St","8106537567","8106582075","571236","Cabinets","www.pioneercabinetry.com"," Email <---> Revenue ","260157","PIONEER CABINETRY INC","301 W RISING ST","DAVISON","MI","48423","Genesee","","8106582075","8106537567","LARRY FOX","Chief Executive Office","M","20800000","130","571200","Furniture St","4","0","1"
"42146","Van Dam & Krusinga Building","DanScheffers@vandamkrusinga.com","7858 Ravine Rd","2693723730","2692769922","152114","Fire Damage Restoration","NULL"," Email <---> Revenue ","842546","Van Dam & Krusinga Building","7858 Ravine Rd","Kalamazoo","MI","49009","Kalamazoo","www.vandamkrusinga.com","2692769922","2693723730","Dan Scheffers","Owner","Mal","14160000","60","152114","Fire Damage ","4","0","1"
"82129","Windquest Co Inc","ericw@windquestco.com","3311 Windquest Dr","6163998784","6163993311","249998","Wood Products Nec (Manufacturers)","NULL"," Email <---> Revenue ","358126","WINDQUEST CO INC","3311 WINDQUEST DR","HOLLAND","MI","49424","Ottawa","","6163993311","6163998784","ERIC WOLFF","President","M","11600000","125","289100","Adhesives, S","4","0","1"
"122474","Family Restoration Ctr","mmyles@tcaim.com","216 St Marys Lake Rd","2699632810","2696601191","839902","Alcoholism Information & Treatment Ctrs","www.narcononstonehawk.com"," Email <---> Revenue ","525486","Family Restoration Ctr","216 St Marys Lake Rd","Battle Creek","MI","49017","Calhoun","www.narcononstonehawk.com","2696601191","2699699759","Kate Wicktrom","Manager","Fem","10750000","50","839902","Alcoholism I","4","0","1"
"233149","Burke E Porter Machinery Co","bepbrasil@bepco.com","730 Plymouth Ave NE","6164591032","6164599531","382998","Measuring/Controlling Devices Nec (Mfrs)","www.burkeporter.net"," Email <---> Revenue ","51286","BURKE E PORTER MACHINERY CO","730 PLYMOUTH AVE NE","GRAND RAPIDS","MI","49505","Kent","","6164599531","6164591032","ANDREW D DEBOER","Chief Executive Office","M","12300000","160","382900","Measur, Ctrl","4","0","1"
"249598","Contractors Steel Co","grcad@contractorssteel.com","2768 Dormax St SW","6165316855","6165314000","505106","Steel-Distributors & Warehouses","www.contractorssteel.com"," Email <---> Revenue ","77947","CONTRACTORS STEEL CO","2768 DORMAX ST SW","WYOMING","MI","49519","Kent","","6165314000","6165316855","","Unknown","","11300000","50","505102","Iron,Steel,F","4","0","1"
"248547","D & G Equipment","dgmail@dgequipment.com","2525 E Grand River Rd","5176769694","5176554606","508310","Farm Equipment (Wholesale)","www.dgequipment.com"," Email <---> Revenue ","481565","D & G Equipment","2525 E Grand River Rd","Williamston","MI","48895","Ingham","www.dgequipment.com","5176554606","5176553156","Elden Gustuson","Owner","Mal","17430000","35","508310","Farm Equipme","4","0","1"
"196120","Ausco Products","auscoinfo@auscoproducts.com","2245 Pipestone Rd","2699260817","2699260700","352304","Farm Equipment-Manufacturers","www.auscoproducts.com"," Email <---> Revenue ","400583","Ausco Products","2245 Pipestone Rd","Benton Harbor","MI","49022","Berrien","www.auscoproducts.com","2699260700","2699260817","David Mattis","CEO","Mal","21400000","100","352304","Farm Equipme","4","0","1"
"26259","George Ordus Ford Lincoln Inc","inquiry@ordus.com","123 S Port Crescent St","9892697558","9892699245","551103","Automobile Dealers-Used Cars","www.foraford.com"," Email <---> Revenue ","549266","George Ordus Ford Lincoln Inc","123 S Port Crescent St","Bad Axe","MI","48413","Huron","www.foraford.com","9892699245","9892697558","Greg Ordus","President","Mal","14881000","23","551103","Automobile D","4","1","1"
"222112","Hehr Glass Co","cshehrcag@hehrintl.com","200 S 1st St","9898457110","9898457292","523110","Glass-Auto Plate & Window & Etc","www.hehrintl.com"," Email <---> Revenue ","574175","Hehr Glass Co","200 S 1st St","Chesaning","MI","48616","Saginaw","www.hehrintl.com","9898457292","9898457110","Ron Ruddy","Manager","Mal","20100000","100","523110","Glass-Auto P","4","0","1"
"84854","THE WOLF DETROIT ENVELOPE COMPANY","dirvine@wolfdetroit.com","725 S ADAMS RD","2482585700","2486460350","8999","Services NEC","ANDOVERGROUP.ORG"," Email <---> Revenue ","863691","Wolf Detroit Envelope Co","725 S Adams Rd # 275","Birmingham","MI","48009","Oakland","www.wolfdetroit.com","2482585700","2486460350","","","","11500000","20","267701","Envelopes-Ma","4","0","1"
"239558","Trans-Matic Mfg","alpha@krint.com","300 E 48th St","6168202700","6168202500","346904","Metal Stamping (Manufacturers)","www.transmatic.com"," Email <---> Revenue ","828668","Trans-Matic Mfg","300 E 48th St","Holland","MI","49423","Ottawa","www.transmatic.com","6168202500","6168202700","P J Thompson","President","Mal","24900000","280","346904","Metal Stampi","4","0","1"
"25462","Video-Tech-Tronics","cjvtt@ameritech.net","859 W River Center Dr NE","6167859352","6167853700","506304","Security Control Equip & Systems-Whol","NULL"," Email <---> Revenue ","846121","Video-Tech-Tronics","859 W River Center Dr NE","Comstock Park","MI","49321","Kent","www.videotechtronics.com","6167853700","6167859352","Chris Johnson","Owner","Mal","16450000","25","506304","Security Con","4","0","1"
"249046","G M Creative Svc","monique.whitfield-simmons@gm.com","30260 Oak Creek Dr","2489262758","2489262700","731901","Display Designers & Producers","www.gmcreativeservices.com"," Email <---> Revenue ","129701","G M CREATIVE SVC","30260 OAK CREEK DR","WIXOM","MI","48393","Oakland","","2489262700","2489262708","DANIEL VAIL","Manager","M","16900000","130","731900","Advertising ","4","0","1"
"163151","Pennington GAS Svc","chris.market@penningtongas.com","9155 W Weston Rd","5174587611","5174587107","517208","Gas-Liquefied Petro-Bttld/Bulk (Whol)","www.penningtongas.com"," Email <---> Revenue ","255777","PENNINGTON GAS SVC","9155 W WESTON RD","MORENCI","MI","49256","Lenawee","","5174587107","5174587611","MARK PENNINGTON","President","M","16200000","60","517200","Whl Petroleu","4","0","1"
"35776","Gordon Food Svc Market Place","SteveRedes@gfs.com","1010 Spring St","2313488253","2313488247","514105","Grocers-Wholesale","NULL"," Email <---> Revenue ","555047","Gordon Food Svc Market Place","1010 Spring St","Petoskey","MI","49770","Emmet","","2313488247","2313488253","Steve Redes","President","Mal","22740000","20","514105","Grocers-Whol","4","0","1"
"124492","Creme Curls Bakery Inc","gary@cremecurls.com","5292 Lawndale Ave","6166692468","6166696230","205198","Bread/Other Bakery Prod-Ex Cookies (Mfr)","NULL"," Email <---> Revenue ","476844","Creme Curls Bakery Inc","5292 Lawndale Ave","Hudsonville","MI","49426","Ottawa","","6166696230","6166692468","Gary Bierling","President","Mal","17000000","100","205198","Bread/Other ","4","0","1"
"69299","Wolf Detroit Envelope Co","contact1234@wolfenvelope.com","725 S Adams Rd # 275","2486460350","2482585700","267701","Envelopes-Manufacturers","www.wolfdetroit.com"," Email <---> Revenue ","863691","Wolf Detroit Envelope Co","725 S Adams Rd # 275","Birmingham","MI","48009","Oakland","www.wolfdetroit.com","2482585700","2486460350","","","","11500000","20","267701","Envelopes-Ma","4","0","1"
"235772","Motor Products Corp","fstanuszek@motorproducts.net","201 S Delaney Rd","9897236035","9897255151","362198","Motor & Generator-Manufacturers","www.motorproducts.net"," Email <---> Revenue ","686766","Motor Products Corp","201 S Delaney Rd","Owosso","MI","48867","Shiawassee","www.motorproducts.net","9897255151","9897236035","Bill Stout","President","Mal","20000000","0","362198","Motor & Gene","4","0","1"
"216728","Gonzalez Design Engineering","GonzalezG@gonzalez-group.com","29401 Stephenson Hwy","2485483160","2485486010","871133","Engineers-Professional","NULL"," Email <---> Revenue ","136945","GONZALEZ DESIGN ENGINEERING","29401 STEPHENSON HWY","MADISON HTS","MI","48071","Oakland","","2485486010","2485483160","GARY GONZALEZ","Owner","M","13000000","130","871100","Engineering ","4","0","1"
"107667","Progressive Affiliated Inc","kara@foursightcreative.com","2480 44th St SE","6162816823","6162812826","521138","Home Centers","www.pal-coop.com"," Email <---> Revenue ","737218","Progressive Affiliated Inc","2480 44th St SE","Kentwood","MI","49512","Kent","www.pal-coop.com","6162812826","6162816823","Bill Danzig","President","Mal","10320000","40","521138","Home Centers","4","0","1"
"249973","Soccerzone","thamilton@soccer-zone.com","41550 Grand River Ave","2693290273","2483740500","794102","Soccer Clubs","www.soccer-zone.com"," Email <---> Revenue ","789408","Soccerzone","41550 Grand River Ave","Novi","MI","48375","Oakland","www.soccer-zone.com","2483740500","2483740440","Brian Fuller","Manager","Mal","15540000","60","794102","Soccer Clubs","4","0","1"
"227925","Concord Tool & Mfg","rdichtel@concordtool.com","106 N Groesbeck Hwy","5864652556","5864656537","346904","Metal Stamping (Manufacturers)","NULL"," Email <---> Revenue ","468481","Concord Tool & Mfg","106 N Groesbeck Hwy","Mt Clemens","MI","48043","Macomb","","5864656537","5864652556","Ronald Dichtel","Owner","Mal","17200000","100","346904","Metal Stampi","4","0","1"
"147654","Victron Energy","whispergen@victronenergy.com","235 2nd","6168420310","6168420300","506387","Converters-Electric (Wholesale)","www.victronenergy.com"," Email <---> Revenue ","845919","Victron Energy","235 2nd","Spring Lake","MI","49456","Ottawa","www.victronenergy.com","6168420300","6168420310","Bob Kress","Manager","Mal","19740000","30","506387","Converters-E","4","0","1"
"244309","Mid-States Bolt & Screw Co","jimm@midstatesbolt.com","4126 Somers Dr","9897533435","8107440123","507205","Fasteners-Industrial (Wholesale)","www.midstatesbolt.com"," Email <---> Revenue ","223270","MID-STATES BOLT & SCREW CO","4126 SOMERS DR","BURTON","MI","48529","Genesee","","8107440123","8107443798","SCOTT SOMERS","President","M","21100000","136","507201","Bolts","4","0","1"
"204075","NLB Corp","nlbmktg@nlbusa.com","29830 Beck Rd","2486240908","2486245555","356998","General Ind Machinery/Equip Nec (Mfrs)","www.nlbcorp.com"," Email <---> Revenue ","238700","NLB CORP","29830 BECK RD","WIXOM","MI","48393","Oakland","","2486245555","2486240908","FORREST A SHOOK","President","M","14200000","175","356900","General Indu","4","0","1"
"43898","Dependable Fire Protection","nkford@dependablefireprotection.com","13360 White Creek Ave NE","6166968000","6166968511","874832","Fire Protection Consultants","www.dependablefireprotection.com"," Email <---> Revenue ","93989","DEPENDABLE FIRE PROTECTION","13360 WHITE CREEK AVE NE","CEDAR SPRINGS","MI","49319","Kent","","6166968000","6166968511","DENNIS BASS","Owner","M","10100000","45","874800","Bus Consulti","4","0","1"
"244039","Inland Detroit Diesel","jkrueger@inland-dda.com","600 Industrial Park Dr","2198830441","9067749706","508414","Engines-Diesel (Wholesale)","www.inland-dda.com"," Email <---> Revenue ","591039","Inland Detroit Diesel","600 Industrial Park Dr","Iron Mountain","MI","49801","Dickinson","www.inland-dda.com","9067749706","9067746003","George Olson","Manager","Mal","10880000","20","508414","Engines-Dies","4","0","1"
"203819","Cruise Planners","Laura@cruisecommander.com","2740 Browning Dr","NULL","2483932086","472402","Travel Agencies & Bureaus","NULL"," Email <---> Revenue ","83929","CRUISE PLANNERS","2740 BROWNING DR","LAKE ORION","MI","48360","Oakland","","2483932086","","LAURA BOSTICK","Manager","F","10100000","819","472400","Travel Agenc","4","0","1"
"55700","Dewys Manufacturing","Dewys_Jon@dewysmfg.com","15300 8th Ave","6166771991","6166775281","344403","Sheet Metal Fabricators","NULL"," Email <---> Revenue ","496141","Dewys Manufacturing","15300 8th Ave","Marne","MI","49435","Ottawa","www.dewys.com","6166775281","6166771991","Jon Dewys","Owner","Mal","16000000","100","344403","Sheet Metal ","4","0","1"
"146530","Ameri Gas Inc","strategicaccounts@amerigas.com","137 Prospect St","5618441488","2696216401","492398","Natural Gas Transmission & Distribution","www.amerigas.com"," Email <---> Revenue ","387007","Ameri Gas Inc","137 Prospect St","Hartford","MI","49057","Van Buren","www.amerigas.com","2696216401","2696213498","Mike Banick","Manager","Mal","10020000","15","492398","Natural Gas ","4","0","1"
"28955","Kenwal Steel Corp","fhajjar@kenwal.com","8223 W Warren Ave","3137391003","null","1099","Metal ores","KENWAL.COM;KENWALSTEEL.COM"," Email <---> Revenue ","183231","KENWAL STEEL CORP","8223 W WARREN AVE","DEARBORN","MI","48126","Wayne","","3137391000","3137391001","KENNETH EISENBERG","Chief Executive Office","M","10200000","150","331200","Steel Works","4","0","1"
"186412","Fulton Radio Supply Co","dflachs@fultonradio.com","5830 S Pennsylvania Ave","5173945076","5173945020","506519","Electronic Equipment & Supplies-Whol","www.fultonradio.com"," Email <---> Revenue ","542080","Fulton Radio Supply Co","5830 S Pennsylvania Ave","Lansing","MI","48911","Ingham","www.fultonradio.com","5173945020","5173945076","Ed Soegeral","Owner","Mal","12120000","12","506519","Electronic E","4","0","1"
