mail id,company,email,address,phone,fax,sic,sic description,web,,revenue id,company,address,city,state,zip,	metro,web,phone,fax,contact,position,gender,sales,# of employee,sic,sic_descrpiton,	,,
"65455","Vertis","info@vertisinc.com","1321 Van Deinse Ave","6123397756","6167543672","874112","Printing Consultants","www.vertisinc.com"," Email <---> Revenue ","844873","Vertis","1321 Van Deinse Ave","Greenville","MI","48838","Montcalm","www.vertisinc.com","6167543672","6167547741","Joe Corcorah","Manager","Mal","31500000","250","874112","Printing Con","5","0","1"
"4944","Wayne Wire Cloth Products Inc","info@waynewire.com","200 Dresden St","2312585504","2312589187","349698","Fabricated Wire Products-Misc (Mfrs)","www.waynewire.com"," Email <---> Revenue ","351348","WAYNE WIRE CLOTH PRODUCTS INC","200 E DRESDEN ST","KALKASKA","MI","49646","Kalkaska","","2312589187","2312585504","PATRICIA MALONE","Chief Financial Office","F","27200000","400","349600","Misc Fab Wir","5","0","1"
"139051","Harvey Cadillac - Used Car Sales","information@harveycadillac.com","2600 28th Street SE","6169491140","6169541201","7549","Automotive services","harveycadillac.com"," Email <---> Revenue ","149811","HARVEY CADILLAC","2600 28TH ST SE","GRAND RAPIDS","MI","49512","Kent","","6169491140","6169541201","JOHN LEESE","Owner","M","40400000","100","551100","New & Used C","5","0","1"
"204802","Zelenka Nursery Inc","information@zelenkanursery.com","16127 Winans St","6168420304","6168421367","526108","Nurserymen","www.zelenkanursery.com"," Email <---> Revenue ","869423","Zelenka Nursery Inc","16127 Winans St","Grand Haven","MI","49417","Ottawa","www.zelenkanursery.com","6168421367","6168420304","Richard H Brolick","President","Mal","47100000","275","526108","Nurserymen","5","0","1"
"39438","Hanson's Windows","webmaster@hansons.com","1000 Tech Row","2485813030","2485813030","521107","Windows","www.hansons.com"," Email <---> Revenue ","568836","Hanson's Windows","1000 Tech Row","Madison Heights","MI","48071","Oakland","www.hansons.com","2485813030","2485770582","Brian Elias","Owner","Mal","38700000","150","521107","Windows","5","0","1"
"152989","Godwin Plumbing","info@godwinplumbing.com","3703 Division Avenue S","6162433131","6162434803","171198","Plumbing Heating & Air Conditioning","null"," Email <---> Revenue ","136255","GODWIN HARDWARE & PLUMBING","3703 DIVISION AVE S","GRAND RAPIDS","MI","49548","Kent","","6162433131","6162434803","DOUG BRINK","Manager","M","28000000","160","171102","Plumbing Con","5","0","1"
"49944","Mount Brighton Ski Area","webmaster@mtbrightonskipatrol.com","4141 Bauer Rd","8102293077","8102299581","701110","Skiing Centers & Resorts","www.mtbrightonskipatrol.org"," Email <---> Revenue ","686944","Mount Brighton Ski Area","4141 Bauer Rd","Brighton","MI","48116","Livingston","www.mtbrightonskipatrol.org","8102299581","8102293077","Joe Bruhn","Manager","Mal","30000000","400","701110","Skiing Cente","5","1","1"
"191967","Cloverland Electric Co-Op","office@cloverland.com","2916 W M 28","9062976531","9066356800","491101","Electric Companies","www.cloverland.com"," Email <---> Revenue ","462442","Cloverland Electric Co-Op","2916 W M 28","Dafter","MI","49724","Chippewa","www.cloverland.com","9066356800","9066356815","Don Wozniak","Manager","Mal","28000000","47","491101","Electric Com","5","0","1"
"238314","Valspar Corp","privacy@valspar.com","411 N Darling Ave","8159367811","2319243950","289905","Chemicals-Manufacturers","www.valspar.com"," Email <---> Revenue ","842233","Valspar Corp","411 N Darling Ave","Fremont","MI","49412","Newaygo","www.valspar.com","2319243950","2319242085","Ken Jett","Plant Mgr","Mal","34770000","95","289905","Chemicals-Ma","5","0","1"
"209626","Auto Truck Svc Equipment Co","sales@autotruck.com","3414 Aurelius Rd","6308605631","5173939221","501213","Truck Bodies & Equipment (Wholesale)","www.autotruck.com"," Email <---> Revenue ","401271","Auto Truck Svc Equipment Co","3414 Aurelius Rd","Lansing","MI","48910","Ingham","www.autotruck.com","5173939221","5173937288","Dave Granning","Owner","Mal","48100000","13","501213","Truck Bodies","5","0","1"
"172974","Douglas Corp","sales@douglascorp.com","103 S Main St","9529423124","5177674112","347998","Coating Engraving/Allied Svcs Nec (Mfrs)","www.douglascorp.com"," Email <---> Revenue ","100998","DOUGLAS CORP","103 S MAIN ST","TEKONSHA","MI","49092","Calhoun","","5177674112","5177674456","TERRY HAMPTON","President","M","32000000","500","347900","Met Coating,","5","0","1"
"214635","Gentz Industries Inc","sales@gentz.net","25250 Easy St","5867722913","5867722500","372498","Aircraft Engines & Engine Parts-Mfrs","www.gentz.net"," Email <---> Revenue ","548906","Gentz Industries Inc","25250 Easy St","Warren","MI","48089","Macomb","www.gentz.net","5867722500","5867722913","Ray Holm","President","Mal","44625000","125","372498","Aircraft Eng","5","0","1"
"234720","Kneeland Industries","sales@hbcarbide.com","980 E Kneeland Rd","9893620401","9898485304","354598","Cutting Tools/Acces/Measuring Dvcs (Mfr)","www.starcutter.com"," Email <---> Revenue ","186053","KNEELAND INDUSTRIES","980 E KNEELAND RD","MIO","MI","48647","Oscoda","","9898485304","9898482060","TIM DYKSTRA","Manager","M","49000000","700","354500","Machine Tool","5","0","1"
"225809","Elk Rapids Engineering","sales@starcutter.com","210 Industrial Park Dr","2312645663","2312645661","355909","Special Industry Machinery Nec (Mfrs)","www.starcutter.com"," Email <---> Revenue ","109042","ELK RAPIDS ENGINEERING","PO BOX 728","ELK RAPIDS","MI","49629","Antrim","","2312645661","2312645663","BUD WEBER","Manager","M","49000000","700","355900","Special Indu","5","0","1"
"32206","Northstar Cooperative","mail@northstarcooperative.com","3655 Forest Rd","5173515610","5173513180","075102","Livestock Breeders","www.northstarcooperative.com"," Email <---> Revenue ","241703","NORTHSTAR COOPERATIVE","3655 FOREST RD","LANSING","MI","48910","Ingham","","5173513180","5173515610","GARY SMITH","Manager","M","31500000","500","075100","Livestock Se","5","0","1"
"224393","Valley Truck Parts Inc","info@valleytruckparts.com","1900 Chicago Dr SW","6162411170","6162415431","501302","Truck Equipment & Parts-Wholesale","www.valleytruckparts.com"," Email <---> Revenue ","842148","Valley Truck Parts Inc","1900 Chicago Dr SW","Wyoming","MI","49519","Kent","www.valleytruckparts.com","6162415431","6162411170","Rex Troost","Owner","Mal","31950000","110","501302","Truck Equipm","5","0","1"
"157724","Piceu Group LTD Inc","info@unitedpaint.com","24671 Telegraph Rd","2483534865","2483533035","285198","Paint Varnish & Allied Products (Mfrs)","www.unitedpaintonline.com"," Email <---> Revenue ","725808","Piceu Group LTD Inc","24671 Telegraph Rd","Southfield","MI","48034","Oakland","www.unitedpaintonline.com","2483533035","2483534865","John Piceu","President","Mal","30745000","65","285198","Paint Varnis","5","0","1"
"242982","Thermotron Industries","info@thermotron.com","291 Kollen Park Dr","6163925643","6163921491","356998","General Ind Machinery/Equip Nec (Mfrs)","www.thermotron.com"," Email <---> Revenue ","325835","THERMOTRON INDUSTRIES","291 KOLLEN PARK DR","HOLLAND","MI","49423","Ottawa","","6163921491","6163925643","DAN O'KEEFE","President","M","32400000","1144","356900","General Indu","5","0","1"
"95077","Epi Printers","info@theopendoor.com","5350 Dickman Road W","2699682221","null","733605","Advertising Layout and Design Printing^^Commercial Printing^^Contract Packaging","www.theopendoor.com"," Email <---> Revenue ","508693","EPI Printers","5350 W Dickman Rd","Battle Creek","MI","49015","Calhoun","","2699682221","2699680340","William Guzy","President","Mal","40000000","200","275202","Printers","5","0","1"
"43587","Safety-Kleen Corp","info@safety-kleen.com","3899 Wolf Rd","3236602075","9897533261","516930","Degreasing Equipment & Supplies (Whol)","www.safety-kleen.com"," Email <---> Revenue ","770090","Safety-Kleen Corp","3899 Wolf Rd","Saginaw","MI","48601","Saginaw","www.safety-kleen.com","9897533261","9897534022","Steve Pratt","Manager","Mal","30030000","30","516930","Degreasing E","5","0","1"
"223338","Simplicity Pattern Co","info@simplicity.com","901 Wayne St","2696871500","2696834100","355301","Pattern Makers","www.simplicity.com"," Email <---> Revenue ","786310","Simplicity Pattern Co","901 Wayne St","Niles","MI","49120","Berrien","www.simplicity.com","2696834100","2696871500","Eric Booker","VP","Mal","28350000","150","355301","Pattern Make","5","0","1"
"188025","Roman Engineering","info@romaneng.com","31683 Dequindre Rd","2485855577","2485855540","508435","Welding Equipment & Supplies (Wholesale)","www.romaneng.com"," Email <---> Revenue ","762869","Roman Engineering","31683 Dequindre Rd","Madison Heights","MI","48071","Oakland","www.romaneng.com","2485855540","2485855577","Robert Teed","Manager","Mal","27200000","50","508435","Welding Equi","5","0","1"
"243369","Research Data Analysis Inc","info@radgroup.com","450 Enterprise Ct","2483324168","2483325000","873204","Market Research & Analysis","www.radgroup.com"," Email <---> Revenue ","753415","Research Data Analysis Inc","450 Enterprise Ct","Bloomfield Hills","MI","48302","Oakland","www.radgroup.com","2483325000","2483324168","Anthony Pietrowski","Owner","Mal","25750000","250","873204","Market Resea","5","0","1"
"120768","Nu-Wool Insulation Co","info@nuwool.com","2472 Port Sheldon St","6166692370","6166690100","282398","Cellulosic Manmade Fibers (Mfrs)","www.nuwool.com"," Email <---> Revenue ","704197","Nu-Wool Insulation Co","2472 Port Sheldon St","Jenison","MI","49428","Ottawa","www.nuwool.com","6166690100","6166692370","Mark Henderson","President","Mal","26820000","90","282398","Cellulosic M","5","0","1"
"122683","Metal Working Lubricants Co","info@metalworkinglubricants.com","25 Silverdome Industrial Park","2483324959","2483323500","299298","Lubricating Oils & Greases (Mfrs)","www.mwlco.com"," Email <---> Revenue ","671587","Metal Working Lubricants Co","25 Silverdome Industrial Park","Pontiac","MI","48342","Oakland","www.mwlco.com","2483323500","2483324959","","","","38000000","50","299298","Lubricating ","5","0","1"
"13259","Pet Supplies Plus","info@goodpet.com","41660 W 10 Mile Road","2483800007","null","075210","Animal services","petsuppliesplus.com"," Email <---> Revenue ","257300","PET SUPPLIES PLUS","41660 W 10 MILE RD","NOVI","MI","48375","Oakland","","2483800007","2483800020","PATRICK MC CALLION","Owner","M","28200000","3248","599911","Pets,Pet Sup","5","0","1"
"221461","F M Sylvan Inc","info@fmsylvan.com","815 Auburn Ave","2488362222","2488362200","171114","Mechanical Contractors","www.fmsylvan.com"," Email <---> Revenue ","114537","F M SYLVAN INC","815 AUBURN AVE","PONTIAC","MI","48342","Oakland","","2488362200","2488362222","JAMES P FREES","Chief Executive Office","M","43800000","250","171100","Plbg, Htg, A","5","0","1"
"9729","Ferndale Electric","info@ferndale-electric.com","915 E Drayton Street","2485454404","2485450127","173101","Electric Contractors","null"," Email <---> Revenue ","528795","Ferndale Electric","915 E Drayton St","Ferndale","MI","48220","Oakland","www.ferndale-electric.com","2485454404","2485450127","Arthur Ashley","Owner","Mal","26100000","150","173101","Electric Con","5","2","1"
"64809","Controlled Power Co","info@controlledpwr.com","1955 Stephenson Hwy","2485280411","2485283700","362902","Power Factor Correction (Manufacturers)","www.controlledpwr.com"," Email <---> Revenue ","470258","Controlled Power Co","1955 Stephenson Hwy","Troy","MI","48083","Oakland","www.controlledpwr.com","2485283700","2485280411","Henry Tazzia","President","Mal","25740000","130","362902","Power Factor","5","0","1"
"149291","Johnson Electric","email@inteccompany.com","3495 Viaduct St SW","6162571101","6162571200","173101","Electric Contractors","www.inteccompany.com"," Email <---> Revenue ","610420","Johnson Electric","3495 Viaduct St SW","Grandville","MI","49418","Kent","www.inteccompany.com","6162571200","6162571101","","","","26400000","200","173101","Electric Con","5","2","1"
"187289","Nazdar Michigan","custserv@nazdar.com","687 Minnesota Dr","2485880370","2485884900","508449","Screen Printing Equipment & Supls (Whol)","www.nazdar.com"," Email <---> Revenue ","235293","NAZDAR MICHIGAN","687 MINNESOTA DR","TROY","MI","48083","Oakland","","2485884900","2485880370","PAMELA WISNIEWSKI","Manager","F","27200000","323","289300","Mfg Printing","5","0","1"
"216857","Nalpac Limited","customerservice@nalpac.com","1111 E 8 Mile Rd # 1","2485449126","2485411140","519910","Giftwares-Wholesale","www.nalpac.com"," Email <---> Revenue ","691715","Nalpac Limited","1111 E 8 Mile Rd # 1","Ferndale","MI","48220","Oakland","www.nalpac.com","2485411140","2485449126","Ralph Caplan","President","Mal","39490000","55","519910","Giftwares-Wh","5","0","1"
"198978","Costco Warehouse","customerservice@costco.com","30550 Stephenson Hwy","8172100005","2486160064","509223","Wholesalers","www.costco.com"," Email <---> Revenue ","472559","Costco Warehouse","30550 Stephenson Hwy","Madison Heights","MI","48071","Oakland","www.costco.com","2486160064","2486160180","Nick D'Agostino","Manager","Mal","35640000","220","531102","Department S","5","1","1"
"248247","Litehouse Inc","customerrelations@litehouseinc.com","1400 Foreman St","2082637821","6168975911","209903","Food Products & Manufacturers","www.litehousefoods.com"," Email <---> Revenue ","643877","Litehouse Inc","1400 Foreman St","Lowell","MI","49331","Kent","www.litehousefoods.com","6168975911","6168976720","Wendell L Christoff","Owner","Mal","33120000","120","209903","Food Product","5","0","1"
"127213","Eagle Ottawa Leather Co","contact@eagleottawa.com","200 N Beechtree St","6168426571","6168424000","238601","Leather Apparel-Manufacturers","www.eagleottawa.com"," Email <---> Revenue ","509089","Eagle Ottawa Leather Co","200 N Beechtree St","Grand Haven","MI","49417","Ottawa","www.eagleottawa.com","6168424000","6168426571","Craig Clark","Plant Mgr","Mal","32400000","300","238601","Leather Appa","5","0","1"
"247477","Facilities Management","administrator@wadetrim.com","300 North Washington","7349479700","7349471380","874198","Fuel Management","FACMGT.COM"," Email <---> Revenue ","347984","WADE TRIM","25251 NORTHLINE RD","TAYLOR","MI","48180","Wayne","","7349479700","7349479726","DOUG WATSON","President","M","25000000","597","871300","Surveying Se","5","0","1"
"78506","Federal Propellers","info@miwheel.com","1501 Buchanan Ave SW","6162461441","6164526946","372811","Propellers (Airplane-Manufacturers)","www.miwheel.com"," Email <---> Revenue ","527964","Federal Propellers","1501 Buchanan Ave SW","Grand Rapids","MI","49507","Kent","www.miwheel.com","6164526946","6162470227","William Lowen","President","Mal","45100000","220","372811","Propellers (","5","0","1"
"180354","E & R Ind Sales Inc","webmaster@erindustrial.com","40800 Enterprise Dr","9898955598","5867952400","508522","Industrial Equipment & Supplies (Whol)","www.erindustrial.com"," Email <---> Revenue ","104010","E & R IND SALES INC","40800 ENTERPRISE DR","STERLING HTS","MI","48314","Macomb","","5867952400","5867952553","ERNEST PIZZIMENTI","Manager","M","34600000","200","508500","Whl Indus Su","5","0","1"
"115289","Elite Active Wear","info@eliteactivewear.com","701 Washington Ave","6163965383","6163961229","738942","Embroidery","www.eliteactivewear.com"," Email <---> Revenue ","108767","ELITE ACTIVE WEAR","701 WASHINGTON AVE","HOLLAND","MI","49423","Ottawa","","6163961229","6163965383","TIM ELHART","Owner","M","30000000","500","275900","Coml Printin","5","0","1"
"75038","H & L Tool Co Inc","webmaster@hltool.com","32701 Dequindre Rd","2485855774","2485857474","345101","Screw Machine Products (Manufacturers)","www.hltool.com"," Email <---> Revenue ","144977","H & L TOOL CO INC","32701 DEQUINDRE RD","MADISON HTS","MI","48071","Oakland","","2485857474","2485855774","JOHN OSTERMAN","President","M","39700000","297","345100","Screw Machin","5","0","1"
