"Smith & Hawken","8563553990","500 Route 73 S # E14","Marlton","1215000","Andrew Folkman","Manager","Mal","3409","S","Smith & Hawken","customerservice@smithandhawken.com","500 Route 73 S # E14","Marlton","NJ","08053","8563553996","8563553990","526101","Lawn & Garden Equip & Supplies-Retail","www.smithandhawken.com","11","0"
"Cami Closet Creations","2014451467","","Ridgewood","2785000","","","","6212","C","CAMI Closet Creations","info@linkstoyou.com","555 Goffle Road #100","Ridgewood","NJ","7450","2014451467","null","152120","Closets","camiclosets.com","11","0"
"Blue Tulip","8565963073","500 Route 73 N","Marlton","1180000","","","","7534","B","Blue Tulip","info@bluetulip.com","500 Route 73 N","Marlton","NJ","08053","6104074697","8565963073","594712","Gift Shops","www.bluetulip.com","11","0"
"Vitelli Foods","2017971133","21-00 State Rt 208","Fair Lawn","3776000","","","","7824","V","Vitelli Foods","info@vitellifoods.com","21-00 State Rt 208","Fair Lawn","NJ","07410","2017971133","2017971133","509905","Importers","www.vitellifoods.com","11","0"
"Stone Crafters","6096460406","6084 Reega Ave","Egg Harbor Twp","4800000","Bill Millar","Owner","Mal","8459","S","Stone Crafters","info@stonecrafters.com","6084 Reega Ave","Egg Harbor Twp","NJ","08234","8153635907","6096460406","503202","Marble-Natural (Wholesale)","www.stonecrafters.com","11","0"
"Constantine Celco Engineering","2013271123","14 Industrial Ave","Mahwah","1716000","Jon M Constantine","CEO","Mal","9564","C","Constantine Celco Engineering","info@celco-nj.com","14 Industrial Ave","Mahwah","NJ","07430","2013277047","2013271123","367798","Electronic Coil & Transformers (Mfrs)","www.celco.com","11","0"
"Wyvern LTD","8568297500","11 W Broad St","Palmyra","3150000","Walter Lamon","Owner","Mal","9827","W","Wyvern LTD","info@wyvernltd.com","11 W Broad St","Palmyra","NJ","08065","8568290029","8568297500","874822","Aviation Consultants","www.wyvernltd.com","11","0"
"Vibration Isolation","9733458282","225 Grand St","Paterson","2628000","Marlene Bennett","President","Fem","13907","V","Vibration Isolation","info@vibrationiso.com","225 Grand St","Paterson","NJ","07501","9733458285","9733458282","349502","Springs-Manufacturers","www.vibrationiso.com","11","0"
"Washington Inventory Svc","8562562076","140 Pitman Ave","Pitman","2820000","Stephen Rice","Manager","Mal","14196","W","Washington Inventory Svc","info@wisintl.com","140 Pitman Ave","Pitman","NJ","08071","7074250932","8562562076","738962","Inventory Service","www.wisusa.com","11","0"
"Vespia Tire & Svc Ctr","6093872323","1701 Mount Holly Rd","Burlington","1188000","Ron Bijj","Manager","Mal","15105","V","Vespia Tire & Svc Ctr","info@vespiatires.com","1701 Mount Holly Rd","Burlington","NJ","08016","6093879549","6093872323","753903","Wheel Alignment-Frame & Axle Svc-Auto","www.vespia.com","11","0"
"Rockaway Animal Clinic","9736270789","328 Us Highway 46","Rockaway","1908000","Arthur Baeder","Owner","Mal","17507","R","Rockaway Animal Clinic","recruiting@rac.com","328 Us Highway 46","Rockaway","NJ","07866","9736270897","9736270789","074201","Veterinarians","www.rac.com","11","0"
"Harry & David","7328330900","537 Monmouth Rd # 156","Jackson","1180000","Marianne Feret","Manager","Mal","18265","H","Harry & David","service@harryanddavid.com","537 Monmouth Rd # 156","Jackson","NJ","08527","2172532426","7328330900","594712","Gift Shops","www.harryanddavid.com","11","0"
"Craftsmen Printers","9737738950","855 Bloomfield Ave","Clifton","3344000","Russell Bischoff","Manager","Mal","20812","C","Craftsmen Printers","info@craftsmanprinters.com","855 Bloomfield Ave","Clifton","NJ","07012","9737733160","9737738950","275202","Printers","www.craftsmanprinters.com","11","0"
"Time Equipment Corp","2018646400","540 39th St","Union City","2970000","Stefan Kurant","Manager","Mal","21537","T","Time Equipment Corp","sales@timeeq.com","540 39th St","Union City","NJ","07087","2018646400","2018646400","357906","Time Recorders & Systems-Manufacturers","www.timeeq.com","11","0"
"Almstead Tree & Shrub Care Co","9736366711","504 High Mountain Rd","North Haledon","2240000","Kevin Rooney","VP","Mal","28524","A","Almstead Tree & Shrub Care Co","info@almstead.com","504 High Mountain Rd","North Haledon","NJ","07508","2033484111","9736366711","078301","Tree Service","www.almstead.com","11","0"
"Auntie Anne's Hand Rolled Soft","8563271767","3849 S Delsea Dr","Vineland","1008000","Lisa Arkanno","Manager","Fem","33281","A","Auntie Anne's Hand Rolled Soft","careers@auntieannesinc.com","3849 S Delsea Dr","Vineland","NJ","08360","8563271767","8563271767","546108","Pretzels-Retail","www.auntieannes.com","11","0"
"Select Comfort Corp","7327261461","250 Woodbridge Ctr","Woodbridge","1224000","Roger Wolford","Manager","Mal","35917","S","Select Comfort Corp","unsubscribe@selectcomfort.com","333 Woodbridge Ctr","Woodbridge","NJ","07095","7024334801","7327261461","571220","Mattresses","www.selectcomfort.com","11","0"
"Usabel High Tech","9738151101","28 Orchard Dr","Clifton","4578000","","","","38719","U","Usabel High Tech","sales@usa-abel.com","28 Orchard Dr","Clifton","NJ","07012","9738151101","9738151101","506304","Security Control Equip & Systems-Whol","www.usa-abel.com","11","0"
"A Pain In The Glass","9732381204","","Hawthorne","1080000","","","","38790","A","A Pain In The Glass","info@apainintheglassinc.com","Hawthorne Area","Hawthorne","NJ","7506","8773562415","null","5719","Glass & mirrors","apainintheglassinc.com","11","0"
"T Anthony LTD","9733766789","1200 Morris Tpke","Short Hills","2300000","Jeffrey Bornstein","Manager","Mal","40616","T","T Anthony LTD","customerservice@tanthony.com","1200 Morris Tpke","Short Hills","NJ","07078","2124861184","9733766789","594801","Luggage-Retail","www.tanthony.com","11","0"
"V E Ralph & Son Inc","2019972400","320 Schuyler Ave","Kearny","2562000","Vernon Ralph","Owner","Mal","42990","V","V E Ralph & Son Inc","catalog@veralph.com","320 Schuyler Ave","Kearny","NJ","07032","2019976556","2019972400","591203","First Aid Supplies","www.veralph.com","11","0"
"Marble King Inc","9735759441","1275 Bloomfield Ave # 5 # 26","Fairfield","2400000","Charlea Del Sol","Owner","Mal","45327","M","Marble King Inc","info@marbleking.com","1275 Bloomfield Ave # 5 # 26","Fairfield","NJ","07004","9735759442","9735759441","503201","Marble-Cultured (Wholesale)","NULL","11","0"
"Laser Energetics Inc","6095878250","3535 Quakerbridge Rd # 601","Trenton","4720000","Robert Battis","Owner","Mal","53983","L","Laser Energetics Inc","info@laser.com","3535 Quakerbridge Rd # 601","Trenton","NJ","08619","4152523341","6095878250","509908","Manufacturers-Agents & Representatives","www.laser.com","11","0"
"Utility Refund Of Nj Inc","9732449840","23 Commerce Rd # J","Fairfield","3400000","Ken De Angelo","VP","Mal","54186","U","Utility Refund Of Nj Inc","orders@utilityrefunds.com","23 Commerce Rd # J","Fairfield","NJ","07004","9732449843","9732449840","738999","Business Services Nec","www.utilityrefunds.com","11","0"
"Yale Hook & Eye Co","9738241440","380 Jelliff Ave","Newark","3667000","Ann Roseman","President","Fem","57583","Y","Yale Hook & Eye Co","sales@yhe.com","380 Jelliff Ave","Newark","NJ","07108","9738243136","9738241440","396598","Fasteners-Buttons Needles & Pins (Mfrs)","www.yhe.com","11","0"
"Leggette Brashears & Graham","2018180700","6 Arrow Rd # 103","Ramsey","3354000","Frank Getchell","Manager","Mal","58891","L","Leggette Brashears & Graham","info@smartwebdesign.com","6 Arrow Rd # 103","Ramsey","NJ","07446","2034523111","2018180700","497101","Hydrologists","www.lbgweb.com","11","0"
"Alside Supply Ctr","9737796616","35 Styertowne Rd","Clifton","4200000","Daniell Maus","Manager","","59706","A","Alside Supply Ctr","support@obout.com","35 Styertowne Rd","Clifton","NJ","07012","2625425968","9737796616","521126","Building Materials","www.speedway.com","11","0"
"Wave One Sports","6098140001","1356 Boardwalk","Ocean City","1192000","Colette Brogan","Manager","Fem","60293","W","Wave One Sports","info@waveonesports.com","1356 Boardwalk","Ocean City","NJ","08226","6098140001","6098140001","565101","Clothing-Retail","www.waveonesports.com","11","0"
"ULTIMATEBIG.COM","2013486006","1 Aquarium Dr","Secaucus","1043000","Joe Pellegrino","Owner","Mal","60886","U","ULTIMATEBIG.COM","info@whois-help.info","1 Aquarium Dr","Secaucus","NJ","07094","9282149750","2013486006","565101","Clothing-Retail","www.newsexpress1.com","11","0"
"Trenton's Roofing & Siding","6093936780","127 Rusling St","Trenton","1272000","Joe Giekow","Owner","Mal","61104","T","Trenton's Roofing & Siding","info@trentonroofingsiding.com","127 Rusling St","Trenton","NJ","08611","6093937986","6093937986","176109","Roofing Contractors","www.trentonroofing.com","11","0"
"Wayside Fence","2017917979","","Fair Lawn","1080000","","","","64280","W","Wayside Fence","sales@waysidefenceco.com","38-06 Broadway","Fair Lawn","NJ","07410","2017911827","2018435562","503903","Fence (Wholesale)","www.waysidefenceco.com","11","0"
"Wildwood Convention Ctr","6097299000","4500 Boardwalk","Wildwood","1410000","John Siciliano","Executive Director","Mal","67762","W","Wildwood Convention Ctr","info@gwcoc.com","4500 Boardwalk","Wildwood","NJ","08260","6095239350","6097299000","738931","Convention & Meeting Facilities & Svc","www.wildwoods.com","11","0"
"Triad Consulting Engineers","9739841919","2740 State Route 10 # 2","Morris Plains","1896000","","","","67863","T","Triad Consulting Engineers","webmaster@triadcei.com","2740 State Route 10 # 2","Morris Plains","NJ","07950","9739845454","9739841919","871111","Engineers-Consulting","www.triadcei.com","11","0"
"Good Automatic Windlass Inc","6096984402","357 Route 72","Barnegat","1806000","Thomas J Ring","CEO","Mal","68294","G","Good Automatic Windlass Inc","sales@goodwindlass.com","357 Route 72","Barnegat","NJ","08005","6096983698","6096984402","373204","Marine Equipment & Supplies-Mfrs","NULL","11","0"
"Wyssmont Co","2019474600","1470 Bergen Blvd","Fort Lee","3500000","Edward Weisselberg","President","Mal","69029","W","Wyssmont Co","sales@wyssmont.com","1470 Bergen Blvd","Fort Lee","NJ","07024","2019470324","2019474600","355909","Special Industry Machinery Nec (Mfrs)","www.wyssmont.com","11","0"
"Vista Convention Svc Inc","6094852421","6804 Delilah Rd","Egg Harbor Twp","4890000","Ed King","Owner","Mal","71145","V","Vista Convention Svc Inc","info@vistacs.com","6804 Delilah Rd","Egg Harbor Twp","NJ","08234","6094852392","6094852421","738931","Convention & Meeting Facilities & Svc","www.vistacs.com","11","0"
"Vision Electrical Contractors","9738222929","6 Main St # B","Madison","3360000","John Tiannone","Manager","Mal","79216","V","Vision Electrical Contractors","info@visionelectric.com","6 Main St # B","Madison","NJ","07940","9738220630","9738222929","179977","Contractors","www.visionelectric.com","11","0"
"Qwest Communications","2016537111","111 Pavonia Ave # 725","Jersey City","1665000","Claudio Trotta","Manager","Mal","79395","Q","Qwest Communications","privacy@qwest.com","111 Pavonia Ave # 725","Jersey City","NJ","07310","3367513001","2016537111","481304","Telephone Companies","www.qwest.com","11","0"
"Mobile Storage Group Inc","9085615033","2400 Roosevelt Ave","South Plainfield","3540000","Carolyn Canavan","Manager","Fem","81541","M","Mobile Storage Group Inc","careers@mobilestorage.com","2400 Roosevelt Ave","South Plainfield","NJ","07080","7026511007","9085615033","751903","Trailer Renting & Leasing","www.mobilestorage.com","11","0"
"Taylor Wiseman Taylor","6096559525","2007 Eastpark Blvd","Cranbury","4140000","Gary Vecchio","Manager","Mal","82187","T","Taylor Wiseman Taylor","webmaster@taylorwiseman.com","2007 Eastpark Blvd","Cranbury","NJ","08512","6109181111","6096559525","871110","Engineers-Civil","www.taylorwiseman.com","11","0"
"Vanasse Hangen Brustlin","7325120999","110 Fieldcrest Ave # 6","Edison","3105000","","","","85471","V","Vanasse Hangen Brustlin","webmaster@vhb.com","110 Fieldcrest Ave # 6","Edison","NJ","08837","8043437100","7325120999","871110","Engineers-Civil","www.vhb.com","11","0"
"Ron Jon Surf Shop","6094948844","201 W 9th St","Ship Bottom","1184000","Patty Gawronski","Manager","Fem","85489","R","Ron Jon Surf Shop","hr@ronjons.com","201 W 9th St","Ship Bottom","NJ","08008","6094946811","6094948844","594112","Surfboards","www.ronjons.com","11","0"
"Halocarbon Products Corp","2012628899","887 Kinderkamack Rd # 2","River Edge","3396000","Ron Epstein","Manager","Mal","86404","H","Halocarbon Products Corp","privacy@halocarbon.com","887 Kinderkamack Rd # 2","River Edge","NJ","07661","2012620019","2012628899","289905","Chemicals-Manufacturers","www.halocarbon.com","11","0"
"Panaram International Inc","9737511100","126 Greylock Ave","Belleville","2328000","Ira Finburg","Manager","Mal","87302","P","Panaram International Inc","sales@usatowl.com","126 Greylock Ave","Belleville","NJ","07109","9737512231","9737511100","502315","Linens-Wholesale","www.usatowl.com","11","0"
"Delia's","9085410100","400 Commons Way # 3395","Bridgewater","2790000","Jen Hanna","Manager","Fem","90371","D","Delia's","privacy@deliasmerch.com","537 Monmouth Rd # 324","Wayne","NJ","08807","NULL","9732379711","565101","Clothing-Retail","www.delias.com","11","0"
"Williams Gallery Of Fine Arts","6099211142","6 Olden Ln","Princeton","1172000","","","","90582","W","Williams Gallery Of Fine Arts","webmaster@wmgallery.com","6 Olden Ln","Princeton","NJ","08540","6099211142","6099211142","599969","Art Galleries & Dealers","www.wmgallery.com","11","0"
"County Supply-WACO Scaffolding","6096467722","532 W Leeds Ave","Pleasantville","2745000","Jim Karrick","Manager","Mal","90808","C","County Supply-WACO Scaffolding","info@wacoscaf.com","532 W Leeds Ave","Pleasantville","NJ","08232","6096467808","6096467722","735915","Scaffolding-Renting","www.wacoscaf.com","11","0"
"Pella Window Store","7328198590","800 Us Highway 1","Edison","1290000","Bob Chandler","Manager","Mal","91892","P","Pella Window Store","privacy@pella.com","800 Us Highway 1","Edison","NJ","08817","8047431501","7328198590","521107","Windows","www.pella.com","11","0"
"Allen Transfer & Storage Co","6092679040","10 Maple Rd","Mt Holly","3325000","Jeff Williams","President","Mal","93666","A","Allen Transfer & Storage Co","info@yourmover.net","10 Maple Rd","Mt Holly","NJ","08060","6092618202","6092679040","421401","Movers","www.yourmover.net","11","0"
"Champs Sports","9736965034","30 Wayne Hills Mall","Wayne","1064000","Lynn Rhinesmith","Manager","Fem","93727","C","Champs Sports","customer_service@champssports.com","1846 Willowbrook Mall","Wayne","NJ","07470","2055923408","9737853870","569913","Sportswear-Retail","www.champssports.com","11","0"
"Winterwood Gift & Christmas","6094653641","3137 Route 9 S","Rio Grande","2412000","Tom Avaraldo","Owner","Mal","95426","W","Winterwood Gift & Christmas","info@winterwoodgift.com","3137 Route 9 S","Rio Grande","NJ","08242","6094653641","6094653641","599951","Christmas Lights & Decorations","www.winterwoodgift.com","11","0"
"Fourth Technologies Inc","8567514848","1816 Springdale Rd","Cherry Hill","3140000","Ravi Shankar","CEO","Mal","95430","F","Fourth Technologies Inc","hr@fortek.com","1816 Springdale Rd","Cherry Hill","NJ","08003","8475318191","8567514848","737109","Information Technology Services","www.fortek.com","11","0"
"Zephyr Gallery","6094191616","3535 Route 1","Princeton","2051000","Toby Quitel","President","Fem","95773","Z","Zephyr Gallery","webmaster@zephyrgallery.com","3535 Route 1","Princeton","NJ","08540","6094191616","6094191616","599988","Craft Galleries & Dealers","www.zephyrgallery.com","11","0"
"Ultra Punch & Die Corp","9733353200","8 Main Dr","Boonton","4928000","Joseph Hogh","Owner","Mal","98791","U","Ultra Punch & Die Corp","sales@ultrapd.com","8 Main Dr","Boonton","NJ","07005","9733340611","9733353200","354498","Special Dies/Tools Fxtrs/Ind Molds (Mfr)","www.ultrapd.com","11","0"
"Kalustyan's","9086886111","855 Rahway Ave","Union","4600000","John Bas","President","Mal","102630","K","Kalustyan''s","webmaster@kalustyans.com","855 Rahway Ave","Union","NJ","07083","9086886111","9086886111","549902","Spices","www.kalustyans.com","11","0"
"Transport Specialties Intl Inc","7323817990","2323 Randolph Ave","Avenel","1610000","","","","103893","T","Transport Specialties Intl Inc","mail@tsipost.com","2323 Randolph Ave","Avenel","NJ","07001","7323817990","7323817990","451202","Air Cargo Service","www.tsipost.com","11","0"
"Rcg Dialysis Cpe May Court Hse","6094653444","1259 S Route 9","Cape May Ct Hse","3240000","Pat La Bree","Manager","Fem","104821","R","Rcg Dialysis Cpe May Court Hse","webmaster@renalcaregroup.com","1259 S Route 9","Cape May Ct Hse","NJ","08210","2604326247","6094653444","809298","Kidney Dialysis Centers","www.renalcaregroup.com","11","0"
"Dollar Tree","8568811380","781 Delsea Dr N # 26","Glassboro","1020000","Donna Stengel","Manager","Fem","105059","D","Dollar Tree","info@dollartree.com","781 Delsea Dr N # 26","Glassboro","NJ","08028","2053455473","8568811380","531104","Retail Shops","www.dollartree.com","11","0"
"Vento Associates","9736278500","88 Ford Rd # 16","Denville","3164000","Rose J Vento","Owner","Fem","105893","V","Vento Associates","sales@ventoassociates.com","88 Ford Rd # 16","Denville","NJ","07834","9736276070","9736278500","731908","Distribution Services","www.ventoassociates.com","11","0"
"Tek Systems","9732574400","14 Walsh Dr","Parsippany","1260000","Rich Wagg","Manager","Mal","106309","T","Tek Systems","webmaster@teksystems.com","14 Walsh Dr","Parsippany","NJ","07054","5132292090","9732574400","736304","Employment Contractors-Temporary Help","www.teksystems.com","11","0"
"Scientific Machine & Supply Co","7323561553","700 Cedar Ave","Middlesex","3360000","Edwin Phillips","Owner","Mal","106942","S","Scientific Machine & Supply Co","info@scientificmachine.com","PO Box 67","Middlesex","NJ","08846","7323562569","7323561553","382101","Laboratory Equipment & Supplies-Mfrs","NULL","11","0"
"Ernst Flo Industries","7329382641","116 Main St","Farmingdale","2090000","John Ernst","Owner","Mal","107288","E","Ernst Flo Industries","info@ernstflow.com","PO Box 925","Farmingdale","NJ","07727","7329389463","7329382641","382398","Industrial Measuring/Cntrl Instr (Mfrs)","NULL","11","0"
"DCP Communications Group LTD","6099213700","301 Wall St","Princeton","1256000","","","","110045","D","DCP Communications Group LTD","information@dcp.com","301 Wall St","Princeton","NJ","08540","6308201442","6099213700","781211","Video Production & Taping Service","www.dcp.com","11","0"
"Trek Connect Inc","8566080901","1263 Glen Ave # 260","Moorestown","4040000","Mimi Jacobs","Owner","Fem","110393","T","Trek Connect Inc","engineering@trekconnect.com","1263 Glen Ave # 260","Moorestown","NJ","08057","8566080901","8566080901","506519","Electronic Equipment & Supplies-Whol","www.trekconnect.com","11","0"
"Old Orchard Manor","7325427979","54 Monmouth Rd","Eatontown","3040000","William Wood","Owner","Mal","112691","O","Old Orchard Manor","info@oldorchardbrands.com","54 Monmouth Rd","Eatontown","NJ","07724","7166522250","7325427979","581223","Banquet Rooms","www.oldorchard.com","11","0"
"Gambino Plumbing & Heating Inc","9737833199","154 Pine St","Montclair","3760000","Jack Gambino","President","Mal","112752","G","Gambino Plumbing & Heating Inc","webmaster@gambino.com","154 Pine St","Montclair","NJ","07042","9737833199","9737833199","171105","Plumbing Contractors","www.gambino.com","11","0"
"Rampage","2018430477","4 Garden State Plz # I","Paramus","2844000","Paola Sayas","Manager","Fem","113049","R","Rampage","customersupport@rampage.com","4 Garden State Plz","Paramus","NJ","07652","4127870616","2018430477","562101","Women's Apparel-Retail","www.rampage.com","11","0"
"Nine West","8564867256","2000 Route 38 # 421","Cherry Hill","1152000","Kim Hampton","Manager","Fem","113366","N","Nine West","customer_relations@ninewest.com","2000 Route 38 # 421","Cherry Hill","NJ","08002","4152438850","8564867256","566101","Shoes-Retail","www.ninewest.com","11","0"
"U S Laser","2018489200","825 Windham Ct N # 2","Wyckoff","4788000","Robert Regna","President","Mal","115153","U","U S Laser","sales@uslasercorp.com","825 Windham Ct N # 2","Wyckoff","NJ","07481","2018489200","2018489200","504908","Lasers (Wholesale)","www.uslasercorp.com","11","0"
"Diamond Auto Glass","2014338744","974 W Side Ave","Jersey City","1005000","","","","115673","D","Diamond Auto Glass","hr@diamondglassco.com","974 W Side Ave","Jersey City","NJ","07306","6782919400","2014338744","523110","Glass-Auto Plate & Window & Etc","www.diamondautoglass.com","11","0"
"First Command Financial Plan","6097581135","25 Wrightstown Cookstown Rd","Wrightstown","3542000","Gary Ferguson","Manager","Mal","115776","F","First Command Financial Plan","publicrelations@firstcommand.com","25 Wrightstown Cookstown Rd","Wrightstown","NJ","08562","7575494406","6097581135","628205","Financial Planning Consultants","www.firstcommand.com","11","0"
"Coldwater Creek","7325493113","55 Parsonage Rd # 316","Edison","3160000","Lori Russo","Manager","Fem","116052","C","Coldwater Creek","customerservice@thecreek.com","55 Parsonage Rd # 316","Edison","NJ","08837","5016143088","7325493113","562101","Women's Apparel-Retail","www.coldwatercreek.com","11","0"
"Whale's Tale","6098844808","312 Washington St","Cape May","2950000","Charles Pritchard","Owner","Mal","117002","W","Whale's Tale","info@whalestalecapemay.com","312 Washington St","Cape May","NJ","08204","6098844808","6098844808","594712","Gift Shops","www.whalestalecapemay.com","11","0"
"Zenith Ultrasonics Inc","2017671332","85 Oak St","Norwood","4186000","Mike Pedzy","President","Mal","117011","Z","Zenith Ultrasonics Inc","sales@zenith-ultrasonics.com","85 Oak St","Norwood","NJ","07648","2017686999","2017671332","384104","Physicians & Surgeons Equip & Supls-Mfrs","www.zenith-ultrasonics.com","11","0"
"Drug Fair","9736332500","321 Valley Rd","Wayne","3111000","Ali Hassanzadeh","Manager","Mal","117491","D","Drug Fair","info@cdi.com","321 Valley Rd","Wayne","NJ","07470","9736335269","9736332500","591205","Pharmacies","www.cdi.com","11","0"
"Atlantic Response Inc","7329698555","760 Roosevelt Ave # 2","Carteret","1692000","John Kuchcsma","Owner","Mal","118350","A","Atlantic Response Inc","info@atlanticresponse.net","760 Roosevelt Ave # 2","Carteret","NJ","07008","4072619155","7329698555","738999","Business Services Nec","www.atlanticresponse.net","11","0"
"Skechers USA Inc","7329283636","537 Monmouth Rd","Jackson","1440000","Ana Matos","Manager","Fem","118428","S","Skechers USA Inc","info@skechers.com","537 Monmouth Rd","Jackson","NJ","08527","9199893014","7329283636","566101","Shoes-Retail","www.skechers.com","11","0"
"Coverall Of Northern Nj & Ny","2014382700","1050 Wall St W # 220","Lyndhurst","1260000","Tom Visaggio","Manager","Mal","120227","C","Coverall Of Northern Nj & Ny","info@coverall.com","1050 Wall St W # 220","Lyndhurst","NJ","07071","9138885528","2014382700","734902","Janitor Service","www.coverall.com","11","0"
"Burrell-Leder Beltech Inc","7324227200","2031 Us Highway 130 # D","Monmouth Jct","2893000","Jeff Kurz","Manager","Mal","122259","B","Burrell-Leder Beltech Inc","info@ammeraalbeltechusa.com","2031 Us Highway 130 # D","Monmouth Jct","NJ","08852","3232255369","7324227200","305202","Belting & Belting Supplies-Manufacturers","www.ammeraal-beltechusa.com","11","0"
"Gumix International Inc","2019476300","2160 N Central Rd # 202","Fort Lee","3776000","Sean Katir","President","Mal","123257","G","Gumix International Inc","info@gumix.com","2160 N Central Rd # 202","Fort Lee","NJ","07024","NULL","2019476300","509905","Importers","NULL","11","0"
"Tree Software & Consulting Inc","8568744449","1931 Olney Ave # 600","Cherry Hill","3066000","Larry Tuman","Owner","Mal","123573","T","Tree Software & Consulting Inc","info@treesoft.com","1931 Olney Ave # 600","Cherry Hill","NJ","08003","8569880605","8568744449","653117","Real Estate Consultants","www.treesoft.com","11","0"
"Middle Village Pharmacy","9734780600","393 Piaget Ave","Clifton","2196000","Mary Surowicz","Owner","Fem","123595","M","Middle Village Pharmacy","support@cornerdrugstore.com","393 Piaget Ave","Clifton","NJ","07011","7857983267","9734780600","591205","Pharmacies","www.cornerdrugstore.com","11","0"
"Electrosonic Systems Inc","6092199494","11 Princess Rd # H","Trenton","2261000","Andrew Kidd","President","Mal","124056","E","Electrosonic Systems Inc","information@electrosonic-ny.com","11 Princess Rd # H","Trenton","NJ","08648","NULL","6092199494","573113","Audio-Visual Equipment-Dealers","NULL","11","0"
"AWS Inc","9736236100","429 Frelinghuysen Ave","Newark","3275000","Daniel White","President","Mal","126749","A","AWS Inc","info@aws.com","429 Frelinghuysen Ave","Newark","NJ","07114","9736231591","9736236100","495302","Garbage Collection","NULL","11","0"
"Arbycor","9737811555","11 Melanie Ln # 18","East Hanover","1632000","","","","128141","A","Arbycor","info@rbcor.com","11 Melanie Ln # 18","East Hanover","NJ","07936","7604711650","9737811555","508441","Printing Plates (Wholesale)","www.rbcor.com","11","0"
"Wilsons Leather","8568486690","1750 Deptford Center Rd # 2a9","Woodbury","1737000","Michele Margolis","Manager","Fem","129764","W","Wilsons Leather","customercare@wilsonsleather.com","1750 Deptford Center Rd # 2a9","Woodbury","NJ","08096","7074229370","8568486690","561107","Leather Clothing-Retail","www.wilsonsleather.com","11","0"
"A X Armani Exchange","2017120136","1 Garden State Plz # D8","Paramus","3720000","Dana Gonzalez","Manager","","131360","A","A X Armani Exchange","custserv@armaniexchange.com","1 Garden State Plz # D8","Paramus","NJ","07652","3108994474","2017120136","565101","Clothing-Retail","www.armaniexchange.com","11","0"
"Orkin Inc","9733619001","95 Lackawanna Ave","Denville","1560000","Ken Murphy","Manager","Mal","132096","O","Orkin Inc","webmaster@orkin.com","95 Lackawanna Ave","Denville","NJ","07834","7066137759","9733619001","734201","Pest Control","www.orkin.com","11","0"
"Wardrobe Wagon Inc","9737365500","555 Valley Rd","West Orange","2790000","Jerome Oppenberg","Owner","Mal","132806","W","Wardrobe Wagon Inc","info@wardrobewagon.com","555 Valley Rd","West Orange","NJ","07052","9736691578","9737365500","565101","Clothing-Retail","www.wardrobewagon.com","11","0"
"Zdenek Financial Planning","9087821600","12 Minneakoning Rd # 1","Flemington","1932000","","","","134577","Z","Zdenek Financial Planning","info@zdenek.com","12 Minneakoning Rd # 1","Flemington","NJ","08822","9088066161","9087821600","628205","Financial Planning Consultants","www.zdenek.org","11","0"
"Corners","7329064101","80 Parsonage Rd","Edison","1407000","Ron Bruck","Manager","Mal","135224","C","Corners","postmaster@cornersframing.com","80 Parsonage Rd","Edison","NJ","08837","6175274850","7329064101","599927","Picture Frames-Dealers","www.cornersframing.com","11","0"
"Advertisers Services Group Inc","2014405577","65 Railroad Ave","Ridgefield Park","2070000","Edward F Kelly","Owner","Mal","135784","A","Advertisers Services Group Inc","legal@fcc.net","65 Railroad Ave","Ridgefield Park","NJ","07660","8456238669","2014405577","275202","Printers","www.fcc.net","11","0"
"Textile Research Institute","6099243150","601 Prospect Ave","Princeton","2781000","Gail Eaton","President","Fem","136253","T","Textile Research Institute","info@biberinc.com","601 Prospect Ave","Princeton","NJ","08540","6096837836","6099243150","873206","Research Service","www.triprinceton.org","11","0"
"Soft Domain Inc","7324651234","338 Hoes Ln","Piscataway","4710000","Kumar Talluri","Owner","Mal","137171","S","Soft Domain Inc","info@softdomain.com","338 Hoes Ln","Piscataway","NJ","08854","7324651230","7325628500","737105","Computer Graphics","NULL","11","0"
"Alliance Design Group","9739041900","434 Union Blvd","Totowa","1980000","William Ng","President","Mal","139040","A","Alliance Design Group","info@zabsmovers.com","434 Union Blvd","Totowa","NJ","07512","9739049666","9739041900","733603","Graphic Designers","www.zabsmovers.com","11","0"
"Chico's","9732589392","B125 The Mall At Short Hls","Short Hills","3160000","","","","139873","C","Chico's","customerservice@chicos.com","B125 The Mall At Short Hls","Short Hills","NJ","07078","NULL","9732589392","565101","Clothing-Retail","www.chicos.com","11","0"
"Electrolux","9732271727","397g Us Highway 46 # 7","Fairfield","4360000","Irina Ten","Manager","Fem","140140","E","Electrolux","customerservice@aerusonline.com","397g Us Highway 46 # 7","Fairfield","NJ","07004","3167295544","9732271727","572216","Vacuum Cleaners-Household-Dealers","www.aerusonline.com","11","0"
"Diamond Furniture","6093836000","6304 Black Horse Pike","Egg Harbor Twp","4590000","Phillip Scarpo","Manager","Mal","140999","D","Diamond Furniture","info@diamondfurniture.com","6304 Black Horse Pike","Egg Harbor Twp","NJ","08234","2154230544","6093836000","571216","Furniture-Dealers-Retail","www.diamondfurniture.com","11","0"
"United Vacuum","9737427202","155 Mcbride Ave","Paterson","1220000","Albert Citarella","Manager","Mal","141390","U","United Vacuum","info@unitedvacuum.com","155 Mcbride Ave","Paterson","NJ","07501","9737427204","9737427202","769920","Pumps-Repairing","www.unitedvacuum.com","11","0"
"Gorayeb Learning Systems","9736253600","101 Round Hill Dr # 2","Rockaway","2640000","Ron Gorayeb","Owner","Mal","141503","G","Gorayeb Learning Systems","info@vitapak.com","101 Round Hill Dr # 2","Rockaway","NJ","07866","9736259350","9736253600","829911","Management Training","www.vitapak.com","11","0"
"Woody Home For Svc Inc","9736740814","163 Oakwood Ave","Orange","1309000","Sharon Graddy","Owner","Fem","145124","W","Woody Home For Svc Inc","info@woodyhomeforservices.com","163 Oakwood Ave","Orange","NJ","07050","9736742055","9736740814","726103","Funeral Directors","www.woodyhomeforservices.com","11","0"
"Yokohama Systems Mover USA","9734726977","300-3 Route 17 South # 4","Lodi","4720000","Fumiosa Iwasaki","Manager","Mal","145187","Y","Yokohama Systems Mover USA","sales@yoraku.com","300-3 Route 17 South # 4","Lodi","NJ","07644","9734723443","9734726977","509905","Importers","www.yoraku.com","11","0"
"Zhong Ya Chemical USA LTD","7329819288","140 Ethel Rd # V","Piscataway","3003000","Charwin Zhant","Owner","Mal","146462","Z","Zhong Ya Chemical USA LTD","support@zhongyachemical.com","50 Colonial Dr","Piscataway","NJ","08854","7329819488","7329819288","289905","Chemicals-Manufacturers","www.zhongyachemical.com","11","0"
"Walking Co","9732589789","1200 Morris Tpke","Short Hills","1440000","Bob Mc Ginnis","Manager","Mal","146711","W","Walking Co","customerservice@thewalkingcompany.com","1200 Morris Tpke","Short Hills","NJ","07078","3033931041","9732589789","566101","Shoes-Retail","www.walkingco.com","11","0"
"Arden B","9735377600","301 Mount Hope Ave # 2049","Rockaway","2370000","Leslie Mathis","Manager","Fem","152254","A","Arden B","orders@ardenb.com","301 Mount Hope Ave # 2049","Rockaway","NJ","07866","5162487799","9735377600","562101","Women's Apparel-Retail","www.ardenb.com","11","0"
"Samuel Stothoff Co","9087822116","59 State Route 31","Flemington","3425000","Samuel Stothoff","Owner","Mal","154298","S","Samuel Stothoff Co","info@stothoff.com","PO Box 306","Flemington","NJ","08822","9087829528","9087822116","178101","Water Well Drilling & Service","NULL","11","0"
"Intuit Inc","8564863506","535 Route 38 # 330","Cherry Hill","1034000","Madison West","Manager","Fem","154361","I","Intuit Inc","copyright@intuit.com","535 Route 38 # 330","Cherry Hill","NJ","08002","5127950774","8564863506","738999","Business Services Nec","www.intuit.com","11","0"
"Waltech Group","2016417300","96 Vreeland Ave # 1","South Hackensack","3776000","Kobus Reyneke","President","Mal","155001","W","Waltech Group","info@waltechgroup.com","96 Vreeland Ave # 1","South Hackensack","NJ","07606","2016417229","2016417300","509901","Exporters","www.waltechgroup.com","11","0"
"Wet Seal","8563849008","1750 Deptford Center Rd","Woodbury","1738000","Sandy Pierce","Manager","Fem","155245","W","Wet Seal","customerservice@wetseal.com","1750 Deptford Center Rd","Woodbury","NJ","08096","4794422529","8563849008","562101","Women's Apparel-Retail","www.wetseal.com","11","0"
"Better Living","7325211555","77 E Railroad Ave","Jamesburg","1290000","Jim Sikorski","Owner","Mal","155283","B","Better Living","return@doitbest.com","77 E Railroad Ave","Jamesburg","NJ","08831","8152840254","7325211555","525104","Hardware-Retail","www.doitbest.com","11","0"
"Window Designs By Powers","2017673727","112 Paris Ave # B","Northvale","1488000","Gregory Powers","Owner","Mal","156133","W","Window Designs By Powers","sales@windowdesignsbypowers.com","112 Paris Ave # B","Northvale","NJ","07647","2017673877","2017673727","259104","Blinds-Venetian & Vertical-Manufacturers","www.windowdesignsbypowers.com","11","0"
"Wire Excellence","9087889605","2 Marshall Dr","Flemington","1316000","","","","158394","W","Wire Excellence","webmaster@wire-x.com","2 Marshall Dr","Flemington","NJ","08822","9087889605","9087889605","506324","Burglar Alarm Systems (Wholesale)","www.wire-x.com","11","0"
"Douglas Cosmetics","8569859226","500 Route 73 S # A10","Marlton","1792000","Tatiana Maldener","Manager","Fem","158531","D","Douglas Cosmetics","techsupport@douglas.com","500 Route 73 S # A10","Marlton","NJ","08053","5104838770","8569859226","541103","Convenience Stores","www.douglas.com","11","0"
"Union Container Corp","9732423600","439 Frelinghuysen Ave","Newark","1965000","A G Onufer","President","Mal","159708","U","Union Container Corp","webmaster@unioncontainer.com","439 Frelinghuysen Ave","Newark","NJ","07114","9732423103","9732423600","399958","Spools (Manufacturers)","www.unioncontainer.com","11","0"
"Varx Inc","8565890053","1035 N Main St","Pitman","2058000","Rose Cowgill","Manager","Fem","159799","V","Varx Inc","sales@varx.com","1035 N Main St","Pitman","NJ","08071","8565890053","8565890053","573405","Computers-Dealers-Used","www.varx.com","11","0"
"Toufayan Bakery","2019412000","175 Railroad Ave","Ridgefield","3075000","Harry Toufayan","Owner","Mal","160232","T","Toufayan Bakery","info@toufayan.com","175 Railroad Ave","Ridgefield","NJ","07657","2019417988","2019412000","514902","Bakers-Wholesale","www.toufayan.com","11","0"
"Connector Products","8568299190","5 Surrey Ln","Cinnaminson","3380000","","","","160827","C","Connector Products","info@connectorproducts.com","5 Surrey Lane","Riverton","NJ","8077","8568693158","8568693158","738999","Business Services Nec","null","11","0"
"Petsmart","7327501090","877 Saint George Ave # 762","Woodbridge","2680000","Ian Brooks","Manager","Mal","161952","P","Petsmart","service@snapfish.com","877 Saint George Ave # 762","Woodbridge","NJ","07095","8046722845","7327501090","599930","Pet Shops","www.petsmart.com","11","0"
"Lionel Authorized Sales & Svc","9732631979","12 Romaine Rd","Mountain Lakes","1680000","David Shaw","Manager","Mal","164704","L","Lionel Authorized Sales & Svc","webmaster@train-station.com","12 Romaine Rd","Mountain Lakes","NJ","07046","9734026192","9732631979","594508","Hobby & Model Constr Supplies-Retail","www.train-station.com","11","0"
"American Movers Inc","7328702300","30 Ocean Blvd N","Long Branch","2850000","Robert Russo","Owner","Mal","165467","A","American Movers Inc","info@americanmovers.com","30 Ocean Blvd N","Long Branch","NJ","07740","7322298383","7328702300","421401","Movers","www.americanmovers.com","11","0"
"Universal Wholesale Distrs","8568547202","267 Haddon Ave","Collingswood","4053000","Jim Almond","Owner","Mal","166574","U","Universal Wholesale Distrs","sales@universalwd.com","267 Haddon Ave","Collingswood","NJ","08108","8568549512","8568547202","507406","Plumbing Fixtures & Supplies-Wholesale","www.universalwd.com","11","0"
"LA Senza Lingerie","9736591272","301 Mount Hope Ave","Rockaway","1890000","","","","166885","L","LA Senza Lingerie","contact@lasenza.com","301 Mount Hope Ave","Rockaway","NJ","07866","9785325310","9736591272","563210","Lingerie","www.lasenza.com","11","0"
"Marine Trading Intl","7322864000","200 Main St","Toms River","2475000","Donald Miller","President","Mal","167609","M","Marine Trading Intl","info@californiacoastyachts.com","200 Main St","Toms River","NJ","08753","7323496649","7322864000","373206","Yachts-Manufacturers","www.yachtworld.com","11","0"
"Clean Air","7327388818","428 New Brunswick Ave","Fords","1990000","Robert Slavin","President","Mal","167834","C","Clean Air","contact@cleanair.com","428 New Brunswick Ave","Fords","NJ","08863","4127879138","7327388818","356402","Air Cleaning & Purifying Equipment-Mfrs","www.cleanair.com","11","0"
"Winter's Sailing Ctr Inc","8564613555","8 Reserve Ave","Delran","3984000","Glenn Winter","Owner","Mal","168088","W","Winter's Sailing Ctr Inc","sales@winterssailing.com","8 Reserve Ave","Delran","NJ","08075","8564619415","8564619415","555104","Boat Dealers Sales & Service","www.winterssailing.com","11","0"
"Trinity Network Technologies","2018486010","784 Franklin Ave","Franklin Lakes","1700000","Gordon Stanley","Owner","Mal","168247","T","Trinity Network Technologies","webmaster@adtech-sys.com","784 Franklin Ave","Franklin Lakes","NJ","07417","2018914672","2018486010","874214","Marketing Consultants","www.adtech-sys.com","11","0"
"California Eastern Labs Inc","9088507600","254b Mountain Ave # 104","Hackettstown","1142000","Nick Liberopoulos","Manager","Mal","172399","C","California Eastern Labs Inc","hr@cel.com","254b Mountain Ave # 104","Hackettstown","NJ","07840","8474879914","9088507600","367401","Semiconductor Devices (Manufacturers)","www.cel.com","11","0"
"AMI Svc Inc","2015291980","168 Hopper Ave","Waldwick","2820000","Pat Donnelly","Manager","Fem","172736","A","AMI Svc Inc","info@armisteadmechanical.com","168 Hopper Ave","Waldwick","NJ","07463","8455661822","2015291980","171117","Air Conditioning Contractors & Systems","www.armisteadmechanical.com","11","0"
"United Products & Instruments","7322741155","182 Ridge Rd # E","Dayton","3220000","Albert Chang","Owner","Mal","172950","U","United Products & Instruments","sales@unicosci.com","182 Ridge Rd # E","Dayton","NJ","08810","7322741151","7322741155","384104","Physicians & Surgeons Equip & Supls-Mfrs","www.unico1.com","11","0"
"Ulta 3 Hair Salon","8568534200","1800 Clements Bridge Rd","Woodbury","3640000","Heather Mohr","Manager","Fem","172986","U","Ulta 3 Hair Salon","service@ulta.com","1800 Clements Bridge Rd","Woodbury","NJ","08096","8568534200","","541103","Convenience Stores","www.ulta.com","11","0"
"Brooks Armored Car Svc","8569390060","175 E 9th Ave","Runnemede","3038000","Ron White","Manager","Mal","173147","B","Brooks Armored Car Svc","info@atsystemsinc.com","175 E 9th Ave","Runnemede","NJ","08078","2146374959","8569390060","738103","Armored Car Service","www.atsystemsinc.com","11","0"
"Russell Holbrook & Henderson","2017965445","17-17 State Rt 208","Fair Lawn","2176000","","","","173367","R","Russell Holbrook & Henderson","sales@tru-volute.com","17-17 State Rt 208","Fair Lawn","NJ","07410","2017965445","2017965445","508425","Machine Tools (Wholesale)","www.tru-volute.com","11","0"
"WSNJ","8564512930","1771 S Burlington Rd","Bridgeton","1650000","Greg Hennis","Manager","Mal","173820","W","WSNJ","information@wsnjam.com","1771 S Burlington Rd","Bridgeton","NJ","08302","8564539440","8564512930","483201","Radio Stations & Broadcasting Companies","www.wsnjam.com","11","0"
"Princeton Review","6096830082","252 Nassau St","Princeton","2200000","Mario Brassini","Executive Director","Mal","174614","P","Princeton Review","privacy@review.com","252 Nassau St","Princeton","NJ","08542","2128740775","6096830082","829940","Schools-College Board Preparation","www.princetonreview.com","11","0"
"Rototech Electrical Components","7323219328","100 Menlo Park","Edison","1888000","Stephen Ha","Manager","Mal","175115","R","Rototech Electrical Components","sales@bourn-koch.com","100 Menlo Park","Edison","NJ","08837","8159650019","7323219328","509905","Importers","www.bourn-koch.com","11","0"
"Guess Inc","7324310311","3710 Us Highway 9 # 1606","Freehold","2980000","Jodi Scrocca","Manager","Fem","175884","G","Guess Inc","customerservice@guess.com","3710 Us Highway 9 # 1606","Freehold","NJ","07728","9566877337","7324310311","565101","Clothing-Retail","www.guess.com","11","0"
"Derr Flooring Co","7322876599","41 Executive Ave","Edison","2436000","George Celtrick","Manager","Mal","177258","D","Derr Flooring Co","info@derrflooring.com","41 Executive Ave","Edison","NJ","08817","7177419552","7322876599","571306","Floor Materials","www.derrflooring.com","11","0"
"Mathtech Inc","6095203840","101 Interchange Plz # 301","Cranbury","2790000","Lori Weitz","Sr VP","Fem","177947","M","Mathtech Inc","info@mathtechinc.com","101 Interchange Plz # 301","Cranbury","NJ","08512","7038758867","6095203840","737401","Data Processing Service","www.mathtechinc.com","11","0"
"Munoz Medical Supplies","2016627645","6020 Bergenline Ave","West New York","4186000","Alex Munoz","Owner","Mal","178256","M","Munoz Medical Supplies","mail@munozmedicalsupplies.com","6020 Bergenline Ave","West New York","NJ","07093","2016622188","2016627645","504704","Physicians & Surgeons Equip & Supls-Whol","NULL","11","0"
"Petland Discounts","2018668200","3133 Kennedy Blvd","North Bergen","1570000","Ismael Abreu","Manager","Mal","178841","P","Petland Discounts","webmaster@petlanddiscounts.com","3133 Kennedy Blvd","North Bergen","NJ","07047","7182351153","2018668200","599930","Pet Shops","www.petlanddiscounts.com","11","0"
"Mc Bee Systems","6092592221","163 Burlington Path Rd # E","Cream Ridge","1989000","Thomas Schmidt","Manager","Mal","180017","M","Mc Bee Systems","info@mcbeeinc.com","163 Burlington Path Rd # E","Cream Ridge","NJ","08514","5184562339","6092592221","278202","Checks-Printing (Manufacturers)","www.mcbeeinc.com","11","0"
"Vinatoru Enterprises Inc","9736166800","230 W Parkway # 7-1","Pompton Plains","1449000","Mihai A Vinatoru","President","Mal","180911","V","Vinatoru Enterprises Inc","info@vinatoru.com","230 W Parkway # 7-1","Pompton Plains","NJ","07444","9736169444","9736166800","871111","Engineers-Consulting","www.vinatoru.com","11","0"
"Champs Sports","8563278918","3849 S Delsea Dr # B008-3","Vineland","1088000","Michelle Levering","Manager","Fem","181159","C","Champs Sports","sales@macneillusa.com","3849 S Delsea Dr # B008-3","Vineland","NJ","08360","9498551363","8563278918","569913","Sportswear-Retail","www.champsports.com","11","0"
"Trek II Products","7322149200","400 Jersey Ave","New Brunswick","1300000","Michael Smokowicz","Owner","Mal","181385","T","Trek II Products","contact@trekii.com","400 Jersey Ave","New Brunswick","NJ","08901","7322149200","7322149200","369902","Electric Equipment-Manufacturers","www.trekii.com","11","0"
"Caldwell Air Svc","9738089047","171 Passaic Ave","Fairfield","3560000","Lawrence Lorenzo","Manager","Mal","181686","C","Caldwell Air Svc","info@flycfa.com","171 Passaic Ave","Fairfield","NJ","07004","9732270676","9738089047","458104","Aircraft Servicing & Maintenance","www.flycfa.com","11","0"
"North Wildwood Camping Resort","6094654440","240 Shell Bay Ave","Cape May Ct Hse","2414000","Marion Freese","Manager","Fem","181880","N","North Wildwood Camping Resort","hostmaster@usanetwork.com","240 W Shellbay Avenue","CAPE MAY COURT HOUSE","NJ","8210","2124135268","2124136539","701111","Resorts","total-living-center.org","11","0"
"Betson Enterprises","7327502700","11 Self Blvd","Carteret","1730000","Larry Ramella","Manager","Mal","182117","B","Betson Enterprises","privacy@betson.com","11 Self Blvd","Carteret","NJ","07008","6509524220","7327502700","508747","Amusement Park Rides Equipment (Whol)","www.betson.com","11","0"
"Coronis Building Systems Inc","6097232600","92 Columbus Jobstown Rd","Columbus","3690000","Emanuel A Coronis Jr","Owner","Mal","183317","C","Coronis Building Systems Inc","webmaster@trussframe.com","92 Columbus Jobstown Rd","Columbus","NJ","08022","6097236700","6097232600","344106","Steel-Structural (Manufacturers)","www.trussframe.com","11","0"
"Viziflex Sells","2014878080","16 E Lafayette St","Hackensack","2850000","Michael Litchman","Owner","Mal","183745","V","Viziflex Sells","sales@trimex.com","16 E Lafayette St","Hackensack","NJ","07601","2014878080","2014878080","508548","Rubber Products-Wholesale","www.viziflex.com","11","0"
"Christian Publications Stores","9736167080","620 State Rt 23","Pompton Plains","1729000","Trudi Dagnilli","Manager","Fem","183923","C","Christian Publications Stores","info@websitepipeline.com","620 State Rt 23","Pompton Plains","NJ","07444","8642347287","9736167080","594201","Book Dealers-Retail","www.indexxinc.com","11","0"
"Young's Ironstone Riggers","6099274564","4508 Somers Point Rd","Mays Landing","2256000","Bob Young","Manager","Mal","184627","Y","Young''s Ironstone Riggers","info@youngsrigging.com","4508 Somers Point Rd","Mays Landing","NJ","08330","6099274564","6099274564","138914","Riggers","www.youngsrigging.com","11","0"
"Wood Flooring Intl","8567643165","1810 Underwood Blvd","Delran","2436000","William R Jopling","President","Mal","185828","W","Wood Flooring Intl","info@wflooring.com","1810 Underwood Blvd","Delran","NJ","08075","8567642503","8567643165","571306","Floor Materials","www.wflooring.com","11","0"
"Woodview Estates","6096254878","5030 Unami Blvd","Mays Landing","3283000","Nancy Buchanan","Administrator","Fem","186572","W","Woodview Estates","info@woodviewestates.com","5030 Unami Blvd","Mays Landing","NJ","08330","6096254811","6096254878","805904","Retirement Communities & Homes","www.woodviewestates.com","11","0"
"Mc Nichols Co","7328468333","2 Home News Row","New Brunswick","4380000","Kevin Ryan","Manager","Mal","186933","M","Mc Nichols Co","webmaster@mcnichols.com","2 Home News Row","New Brunswick","NJ","08901","9786920044","7328468333","344603","Gratings (Manufacturers)","www.mcnichols.com","11","0"
"Avenel Pools","7326360061","994 Us Highway 1","Avenel","4690000","Wally Schiller","Owner","Mal","187749","A","Avenel Pools","info@woodbridgepoolandski.com","994 Us Highway 1","Avenel","NJ","07001","7326364576","7326360061","509118","Swimming Pool Equipment & Supls (Whol)","www.woodbridgepoolandski.com","11","0"
"Aqueous Process Simulation","9737483352","37 Herman St","Glen Ridge","3003000","Anthony Gerbino","Owner","Mal","188499","A","Aqueous Process Simulation","info@apsiminc.com","37 Herman St","Glen Ridge","NJ","07028","NULL","9737483352","516916","Chemicals (Wholesale)","NULL","11","0"
"Brookstone Inc","9734679800","D115 The Mall At Short Hls","Short Hills","1180000","Jennifer Stokes","Manager","Fem","189201","B","Brookstone Inc","corporatesales@brookstone.com","D115 The Mall At Short Hls","Short Hills","NJ","07078","5123060746","9734679800","594712","Gift Shops","www.brookstone.com","11","0"
"Terminix International Co","8567879823","135 Gaither Dr # D","Mt Laurel","1404000","Dawn Zabrowski","Manager","Fem","189595","T","Terminix International Co","info@terminixjo.com","135 Gaither Dr # D","Mt Laurel","NJ","08054","4023349612","8567879823","734201","Pest Control","www.terminix.com","11","0"
"MAGAZINES.COM","9089180367","12 Bank St # 104","Summit","1604000","Cliff Mulcahy","Manager","Mal","189976","M","MAGAZINES.COM","feedback@magazines.com","57 Union Pl # 207","Summit","NJ","07901","9089180367","9089180367","272198","Periodicals-Publishing & Printing","www.magazines.com","11","0"
