"Varsity Group Inc","2026673400","1850 M St NW # 1150","Washington","37682000","Eric J Kuhn","CEO","Mal","13233","V","Varsity Group Inc","mikem@varsitygroup.com","1850 M St NW # 1150","Washington","DC","20036","2023325498","2026673400","594201","Book Dealers-Retail","NULL","0","0"
"Linens Of The Week","2022919200","713 Lamont St NW","Washington","25000000","Alan Bubes","President","Mal","14735","L","Linens Of The Week","Alan.Bubes@linensoftheweek.com","713 Lamont St NW","Washington","DC","20010","2022916485","2022919200","721302","Linen Supply Service","NULL","0","0"
"HERITAGE Foundation","2025464400","214 Massachusetts Ave NE","Washington","25700000","Edwin J Feulner Jr","President","Mal","17839","H","Heritage Foundation","jgarth@townhall.com","Online Services - 214 massachusetts ave NE","WASHINGTON","DC","20002","2025476368","null","792215","Dance Companies","4HERITAGE.ORG^^ELECTIONSCOREBOARD.COM^^GOREDANCE.COM^^MYHERITAGE.ORG^^MYHERITAGEFOUNDATION.COM^^MYHE","0","1"
"Washington Cash & Carry","2025439500","1270 4th St NE","Washington","27800000","James Sohn","Owner","Mal","18491","W","Washington Food & Supply","youngcom@ipo.net","1270 4th Street; N.E","WASHINGTON","DC","20002","2025439500","null","5411","Food products","WASHFS.COM","0","0"
"Emerging Markets Corp","2023319051","2001 Pennsylvania Ave NW #1100","Washington","40495000","Moeen A Qureshi","CEO","Mal","20016","E","Emerging Markets Corp","lYoung@empwdc.com","2001 Pennsylvania Ave NW #1100","Washington","DC","20006","2023319250","2023319051","679998","Venture Capital Companies","NULL","0","1"
"Smith Barney","2028575444","1850 K St NW","Washington","49800000","Joseph West","Manager","Mal","20191","S","Smith Barney","pcltjobs1@citigroup.com","1850 K St NW","Washington","DC","20006","7036835940","2028575444","628205","Financial Planning Consultants","www.smithbarney.com","0","0"
"Development Economics Group","2023317775","2300 N St NW","Washington","31600000","Fred Berger","Owner","Mal","25027","D","Development Economics Group","BF@louisberger.com","2300 N St NW","Washington","DC","20037","2022930787","2023317775","871111","Engineers-Consulting","NULL","0","0"
"Profish Limited","2025293003","1900 Fenwick St NE","Washington","31350000","Greg Casten","President","Mal","28073","P","Profish Limited","Greg@oceanpro.com","1900 Fenwick St NE","Washington","DC","20002","2028323245","2025293003","514601","Seafood-Wholesale","NULL","0","0"
"Smith Bucklin & Assoc Inc","2023671100","2025 M St NW # 800","Washington","25200000","Duane Ekedahl","CEO","Mal","36474","S","Smith Bucklin & Assoc Inc","chicagohr@smithbucklin.com","2025 M St NW # 800","Washington","DC","20036","3145791599","2023671100","874105","Association Management","www.smithbucklin.com","0","0"
"Naval Research Laboratory","2027673200","4555 Overlook Ave SW","Washington","35550000","David M Schubert","CEO","Mal","40587","N","Naval Research Laboratory","dieter.weller@seagate.com","4555 Overlook Ave SW","Washington","DC","20375","2024048113","2027673200","871115","Engineers-Electrical","www.magnetism.org","0","0"
"United Cash & Carry","2025467020","331 N St NE","Washington","45000000","Richard Greenberg","CEO","Mal","40824","U","United Cash & Carry","Richard@unitedwholesalers.com","331 N St NE","Washington","DC","20002","2025430652","2025467020","514501","Candy & Confectionery-Wholesale","NULL","0","0"
"ABC Imaging Inc","2024664208","1147 20th St NW","Washington","45600000","Medi Falsafi","CEO","Mal","41987","A","ABC Imaging Inc","design@abcimaging.com","1147 20th St NW","Washington","DC","20036","4107794555","2024664208","275202","Printers","www.abcimaging.com","0","0"
"Combined Properties Inc","2022934500","1255 22nd St NW # 6","Washington","32850000","Ronald S Haft","CEO","Mal","43618","C","Combined Properties Inc","mgeorgilas@combined.biz","1255 22nd St NW # 6","Washington","DC","20037","2028333013","2022934500","154299","General Contractors-Nonresidential Bldgs","www.combinednow.com","0","0"
"Xerox Corp","2029627600","1301 K St NW # 200w","Washington","49950000","Joann Halle","Manager","Fem","43980","X","Xerox Corp","kidsbookinfo@trafford.com","1301 K St NW # 200w","Washington","DC","20005","6505529758","2029627600","504403","Copying & Duplicating Machines & Supls","www.xerox.com","0","0"
"CACI Inc","2027127979","1100 L St NW # 200","Washington","38250000","Colleen Lurwick","Executive Director","Fem","44268","C","CACI Inc","rschneider@caci.com","1100 L St NW # 200","Washington","DC","20005","2107348872","2027127979","737401","Data Processing Service","www.caci.com","0","0"
"Jackson & Tull","2023339100","2705 Bladensburg Rd NE","Washington","44600000","Knox Tull","Owner","Mal","44890","J","Jackson & Tull","kevin.mck@jnt.com","2705 Bladensburg Rd NE","Washington","DC","20018","2025262876","2023339100","8711","Engineering Services","NULL","0","0"
