mail id,company,email,address,phone,fax,sic,sic description,web,,revenue id,company,address,city,state,zip,	metro,web,phone,fax,contact,position,gender,sales,# of employee,sic,sic_descrpiton,	,,
"409396","Riverside Engineering","bmitchell@riversideproducts.com","400 21st St","3097649953","3097642020","508522","Industrial Equipment & Supplies (Whol)","NULL"," Email <---> Revenue ","982218","Riverside Engineering","400 21st St","Moline","IL","61265","Rock Island","www.riversideproducts.com","3097642020","3097649953","Bart Mitchell","President","Mal","27360000","48","508522","Industrial E","5","0","1"
"233579","Cross Container Corp","bob.norcross@crosscontainer.com","400 Maple Ave","8478443241","8478443200","511318","Boxes-Corrugated & Fiber (Wholesale)","NULL"," Email <---> Revenue ","642370","Cross Container Corp","400 Maple Ave","Carpentersville","IL","60110","Kane","","8478443200","8478443241","Jerry Matlock","Owner","Mal","28152000","34","511318","Boxes-Corrug","5","0","1"
"149773","Claire Manufacturing Co","Craig.Schmelder@hazard.com","500 S Vista Ave","6305439040","6305437600","399901","Aerosols (Manufacturers)","NULL"," Email <---> Revenue ","93015","CLAIRE MANUFACTURING CO","1005 S WESTGATE ST","ADDISON","IL","60101","DuPage","","6305437600","","TONY SCHWAB","President","M","26700000","304","287900","Mfg Agric Ch","5","0","1"
"88034","C P Hall Co","credpath@cphall.com","311 S Wacker Dr # 4700","3125547499","3125547400","509905","Importers","NULL"," Email <---> Revenue ","68119","C P HALL CO","120 S RIVERSIDE PLZ STE 1620","CHICAGO","IL","60606","Cook","","3122535121","","JOHN J PARO","President","M","26000000","120","509906","Importers","5","0","1"
"92699","INFINITY RESOURCES","dbarker@ccvideo.com","900 N ROHLWING RD","6307753300","6307753340","792227","Entertainers","CRITICSCHOICEENTERTAINMENT.COM^^I-SERVEFULFILLMENT.COM^^MAXIMUMDISCOUNTDVD.COM"," Email <---> Revenue ","96953","COLLECTORS' CHOICE MUSIC CTLG","900 N ROHLWING RD","ITASCA","IL","60143","DuPage","","6307753300","6307753340","DENNIS ABBOUD","President","M","40000000","200","596100","Catalog,Mail","5","0","1"
"242054","ChiProductionz.com","dcooper@officeequip.com","900 N. Church Road","6305895500","6305895637","8661","Religious organizations","IAMTHEANSWER.COM^^RAYMARK303889.COM^^RAYMARK316864.COM^^RAYMARK316986.COM^^RAYMARK318972.COM^^RAYMAR"," Email <---> Revenue ","314828","OEC BUSINESS INTERIORS INC","900 N CHURCH RD","ELMHURST","IL","60126","DuPage","","6305895500","","RAYMOND R RIHA SR","Chief Executive Office","M","38300000","180","502101","Off,Public B","5","0","1"
"173897","Block & Co","dDahl@blockinc.com","1111 Wheeling Rd","8475371120","8475377200","349903","Metal Goods-Manufacturers","NULL"," Email <---> Revenue ","556012","Block & Co","1111 Wheeling Rd","Wheeling","IL","60090","Cook","www.blockandcompany.com","8475377200","8475371120","Sieg Buck","President","Mal","30750000","350","349903","Metal Goods-","5","0","1"
"165413","D T Trading","Dennis@dttrading.com","401 S LA Salle St # 302","3127864863","3127864880","622104","Commodity Brokers","NULL"," Email <---> Revenue ","649916","D T Trading","401 S LA Salle St # 302","Chicago","IL","60605","Cook","www.dttrading.com","3127864880","3127864863","Dennis Flynn","Owner","Mal","29360000","80","622104","Commodity Br","5","0","1"
"409999","Hannoush Jewelers","dlyman@hannoush-jewelers.com","195 Saint Clair Sq # 195","6186327987","6186327709","594409","Jewelers-Retail","www.hannoush.com"," Email <---> Revenue ","190087","HANNOUSH JEWELERS","195 SAINT CLAIR SQ # 195","FAIRVIEW HTS","IL","62208","St. Clair","","6186327709","","JANET CLOYD","Manager","F","30000000","679","594402","Jewel,Prec S","5","0","1"
"417442","Spartan Light Metal Products","Don.Jubel@Spartanlmp.Com","510 E McClurken Ave","6184435076","618-443-4346","3363","Aluminum Die-Castings","NULL"," Email <---> Revenue ","393670","SPARTAN LIGHT METAL PRODUCTS","510 E MCCLURKEN AVE","SPARTA","IL","62286","","","6184434346","","JIM SPAULDING","Manager","M","32000000","500","336300","Alum Die-Cas","5","0","1"
"271911","Once Upon A Child","DonBurke@ouac.com","224 Kirk Rd","NULL","6303777559","593241","Childrens & Infants Wear-Used","NULL"," Email <---> Revenue ","317244","ONCE UPON A CHILD","224 KIRK RD","SAINT CHARLES","IL","60174","Kane","","6303777559","","DON BURKE","Owner","M","27300000","6899","531100","Department S","5","0","1"
"247669","All Seasons Pools & Spas","DougMayhall@aspools.com","9135 W 135th St","7083498265","7083492222","509112","Swimming Pool-Distributors","NULL"," Email <---> Revenue ","497607","All Seasons Pools & Spas","9135 W 135th St","Orland Park","IL","60462","Cook","www.aspools.com","7083492222","7083498265","Doug Mayhall","Owner","Mal","30750000","50","509112","Swimming Poo","5","0","1"
"274123","Sentral Assemblies","dSpayer@sentral.com","595 Bond St","8474789744","8474789720","335702","Cable (Manufacturers)","NULL"," Email <---> Revenue ","1007519","Sentral Assemblies","595 Bond St","Lincolnshire","IL","60069","Lake","www.sentral.com","8474789720","8474789744","David Spayer","Owner","Mal","35700000","100","335702","Cable (Manuf","5","0","1"
"383112","New Progress Inc","dsutton@tstllc.com","402 E Progress St","2175432532","2175432121","379598","Tanks & Tank Components (Manufacturers)","www.progresstank.com"," Email <---> Revenue ","916408","New Progress Inc","402 E Progress St","Arthur","IL","61911","Moultrie","www.progresstank.com","2175432121","2175432532","Don Frevert","Manager","Mal","26800000","100","379598","Tanks & Tank","5","0","1"
"202928","Edwards Engineering Inc","Edward.Johnson@edwardsengineering.com","1000 Touhy Ave","8473640188","8473648100","871133","Engineers-Professional","NULL"," Email <---> Revenue ","138927","EDWARDS ENGINEERING INC","1000 TOUHY AVE","ELK GROVE VLG","IL","60007","Cook","","8473648100","","MICHAEL JOHNSON","President","M","28000000","493","871100","Engineering ","5","0","1"
"414280","Eagle US Air Freight","eglinfo@eaglegl.com","1717 Busse Rd","2816183269","6302503100","473104","Freight-Forwarding","www.eaglegl.com"," Email <---> Revenue ","687512","Eagle US Air Freight","1717 Busse Rd","Elk Grove Vlg","IL","60007","Cook","www.eaglegl.com","6302503100","6302503107","Josh Jungwirth","Plant Mgr","Mal","35760000","240","473104","Freight-Forw","5","0","1"
"388711","Freedman Seating Factory","FGerald@freedmanseating.com","4545 W Augusta Blvd","7732527450","7735242440","259901","Furniture-Manufacturers","NULL"," Email <---> Revenue ","736040","Freedman Seating Factory","4545 W Augusta Blvd","Chicago","IL","60651","Cook","www.freedmanseating.com","7735242440","7732527450","Gerald Freedman","Owner","Mal","35500000","300","259901","Furniture-Ma","5","0","1"
"28621","Elle Corp","floyp@ele-pelron.com","PO Box 6","7084420213","7084429100","516916","Chemicals (Wholesale)","NULL"," Email <---> Revenue ","697978","Elle Corp","7847 47th St","Lyons","IL","60534","Cook","","7084429100","7084420213","Floy Pelletier","President","Fem","41041000","41","516916","Chemicals (W","5","0","1"
"359766","Carroll Scientific Inc","gk@lubrizol.com","9550 W 55th St # D","7085799477","7085798020","516916","Chemicals (Wholesale)","NULL"," Email <---> Revenue ","590319","Carroll Scientific Inc","9550 W 55th St # D","Countryside","IL","60525","Cook","www.carrollsci.com","7085798020","7085799477","Richard Bradley","President","Mal","30000000","0","516916","Chemicals (W","5","0","1"
"341029","WICS","healthbeat@wics.com","2680 E Cook St","2177538177","2177535620","483301","Television Stations & Broadcasting CO","www.wics.com"," Email <---> Revenue ","1083606","WICS","2680 E Cook St","Springfield","IL","62703","Sangamon","www.wics.com","2177535620","2177538177","Johnny Faith","President","Mal","29704000","94","483301","Television S","5","0","1"
"186889","D B Sound LP","hwitz@dbsound.com","1621 Carboy Rd","8473643410","8473641100","506507","Sound Systems & Equipment (Wholesale)","NULL"," Email <---> Revenue ","648868","D B Sound LP","1621 Carboy Rd","Arlington Hts","IL","60005","Cook","www.dbsound.com","8473641100","8473643410","Harry Witz","Owner","Mal","25250000","25","506507","Sound System","5","0","1"
"7682","Mitek Manufacturing","Ivey@mitekcorp.com","1 Mitek Plz","8153673851","8153673000","365102","Loud Speakers-Manufacturers","NULL"," Email <---> Revenue ","900282","Mitek Manufacturing","1 Mitek Plz","Winslow","IL","61089","Stephenson","www.mitekcorp.com","8153673000","8153673851","Lloyd Ivey","CEO","Mal","31230000","90","365102","Loud Speaker","5","0","1"
"51097","Crownline Boats","james.claxton@crownlineboats.com","11884 Country Club Rd","6189323426","618-937-6426","3732","Boat Building and Repairing (boat building)","NULL"," Email <---> Revenue ","109910","CROWNLINE BOATS","11884 COUNTRY CLUB RD","W FRANKFORT","IL","62896","","","6189376426","","KEVIN RIEM","President","M","43800000","600","373200","Boat Bld, Re","5","0","1"
"351289","Ovation Pharmaceutical","jaronin@ovationpharma.com","4 Parkway N","8472821001","8472821001","283404","Drug Millers","NULL"," Email <---> Revenue ","932304","Ovation Pharmaceutical","4 Parkway N","Deerfield","IL","60015","Lake","","8472821001","8472821001","Jeff Aronin","President","Mal","30800000","40","283404","Drug Millers","5","0","1"
"326303","Colfax Envelope Corp","jennifer.forman@colfaxenv.com","951 Commerce Ct","8472151145","8472151122","267701","Envelopes-Manufacturers","NULL"," Email <---> Revenue ","622854","Colfax Envelope Corp","951 Commerce Ct","Buffalo Grove","IL","60089","Cook","www.colfaxenv.com","8472151122","8472151145","Charles R Patten Jr","President","Mal","25760000","140","267701","Envelopes-Ma","5","0","1"
"188249","Hobbico","jeri.holecek@hobbico.com","1608 Interstate Drive","2173980008","2173983630","5945","Hobby","Toy"," Email <---> Revenue ","199624","HOBBICO","1608 INTERSTATE DR","CHAMPAIGN","IL","61822","Champaign","","2173983630","","BRUCE HOLECEK","Chief Executive Office","M","40200000","600","594501","Hobby,Craft ","5","0","1"
"153701","Shamrock Specialty Packaging","Jim@shamrockpackaging.com","631 W Park Ave","NULL","6308961115","511318","Boxes-Corrugated & Fiber (Wholesale)","NULL"," Email <---> Revenue ","1009341","Shamrock Specialty Packaging","631 W Park Ave","Aurora","IL","60506","Kane","","6308961115","","Jim Owens","Owner","Mal","41400000","50","511318","Boxes-Corrug","5","0","1"
"298574","Online Data Corp","jimsuarez@amcapaccept.com","2 Westbrooke Corporate Center","7083440580","null","737401","Data Processing Service","AMCAPACCEPT.COM"," Email <---> Revenue ","317787","ONLINE DATA CORP","1 WESTBROOK CORPORATE CTR","WESTCHESTER","IL","60154","Cook","","7085622777","","GREG DAILEY","Owner","M","28700000","404","504400","Whl Office E","5","0","1"
"126916","IDA Corp","john.kruse@idaco.com","1073 Us Route 45","NULL","2178953700","514937","Beverages (Wholesale)","NULL"," Email <---> Revenue ","793718","IDA Corp","1073 Us Route 45","Neoga","IL","62447","Cumberland","","2178953700","","Robert Conley","President","Mal","29540000","35","514937","Beverages (W","5","0","1"
"246668","Action Plumbing","John@actionplumbingcoinc.com","1050 W Washington St","6302939577","6302930475","171105","Plumbing Contractors","NULL"," Email <---> Revenue ","10416","ACTION PLUMBING","1050 W WASHINGTON ST","WEST CHICAGO","IL","60185","DuPage","","6302930475","","JOHN POWERS","President","M","35000000","200","171102","Plumbing Con","5","0","1"
"198337","DQM","Jose@dqmwood.com","934 N Oaklawn Ave","6302793500","6302798600","514101","Food Products (Wholesale)","NULL"," Email <---> Revenue ","651119","DQM","934 N Oaklawn Ave","Elmhurst","IL","60126","Du Page","","6302798600","6302793500","Jose Gutierrez","Owner","Mal","39795000","35","514101","Food Product","5","0","1"
"419324","Radiac Abrasives Inc","jwoodward@radiac.com","1015 S College St","6185484207","6185484200","329101","Grinding Wheels (Manufacturers)","www.radiac.com"," Email <---> Revenue ","968080","Radiac Abrasives Inc","1015 S College St","Salem","IL","62881","Marion","www.radiac.com","6185484200","6185484207","David Pryor","President","Mal","45000000","230","329101","Grinding Whe","5","0","1"
"348094","Architex","Keith@architex-ljh.com","3333 Commercial Ave","8472051510","8472051333","513116","Drapery & Curtain Fabrics-Wholesale","NULL"," Email <---> Revenue ","518441","Architex","3333 Commercial Ave","Northbrook","IL","60062","Cook","www.architex-ljh.com","8472051333","8472051510","Keith Gordan","Owner","Mal","25000000","30","513116","Drapery & Cu","5","0","1"
"367693","Accurate Transmission","Kempel@accuratetransmissioninc.com","401 Terrace Dr","8475499474","8475498100","753701","Transmissions-Automobile","NULL"," Email <---> Revenue ","483768","Accurate Transmission","401 Terrace Dr","Mundelein","IL","60060","Lake","www.accuratetrans.com","8475498100","8475499474","Richard Kempel","Owner","Mal","32400000","300","753701","Transmission","5","0","1"
"412214","Genender International Imports","ken.genender@genender.com","44 Century Dr","8475414444","8475413333","509406","Jewelers-Wholesale","NULL"," Email <---> Revenue ","747713","Genender International Imports","44 Century Dr","Wheeling","IL","60090","Cook","www.genender.com","8475413333","8475414444","Ken Genender","Owner","Mal","30000000","90","509406","Jewelers-Who","5","0","1"
"127036","SCHUTT Manufacturing","Ken.Nimmons@parenthoodweb.com","610 Industrial Dr S","2173243236","2173243978","394923","Sporting Goods-Manufacturers","NULL"," Email <---> Revenue ","996058","SCHUTT Manufacturing","610 Industrial Dr S","Litchfield","IL","62056","Montgomery","www.schutt-sports.com","2173243978","2173243236","Ken Nimmons","President","Mal","27720000","140","394923","Sporting & A","5","0","1"
"352276","Direct Buy Of Gurnee","KTalwar@directbuy.net","905 Lakeside Dr","8478561843","8478558454","999977","Nonclassified Establishments","NULL"," Email <---> Revenue ","125346","DIRECT BUY OF GURNEE","905 LAKESIDE DR","GURNEE","IL","60031","Lake","","8478558454","","KARUNA TALWAR","Manager","F","40000000","1350","999900","Nclassifiabl","5","0","1"
"279012","MARIPURI; CHALA","lalan.levitz@gcgonline.com","3000 Lakeside Drive suite 200 south","8474573000","8474573100","809907","Health Services","MILWAUKEEHEALTHINSURE.COM"," Email <---> Revenue ","172492","GCG FINANCIAL INC","3000 LAKESIDE DR # 200","BANNOCKBURN","IL","60015","Lake","","8474573000","","ALAN J LEVITZ","Chief Executive Office","M","35000000","150","641102","Insurance Ad","5","0","1"
"254757","Barco","LaneH@barcoseals.com","1100 Alexander Ct","8475165590","8475160900","509908","Manufacturers-Agents & Representatives","NULL"," Email <---> Revenue ","538315","Barco","1100 Alexander Ct","Cary","IL","60013","Mc Henry","","8475160900","8475165590","Lane Hoffman","President","Mal","28320000","30","509908","Manufacturer","5","0","1"
"220081","GregoryBaldwin","lsun@harza.com","175 W. Jackson Street","3128313000","3128313999","809907","Health Services","HSPHEALTHCARE.COM"," Email <---> Revenue ","299178","MWH","175 W JACKSON BLVD STE 1900","CHICAGO","IL","60604","Cook","","3128313000","","ALLEN KRAUSE PE","President","M","30000000","300","871100","Engineering ","5","0","1"
"302565","Rosati's Pizza","L_Rosati@rosatispizza.com","395 Algonquin Rd # D","8475168071","8475163800","581212","Caterers","NULL"," Email <---> Revenue ","367928","ROSATI'S PIZZA","712 S NORTHWEST HWY","BARRINGTON","IL","60010","Cook","","8473822700","","LOU FRATERRIGO","Owner","M","26400000","1803","581243","Quick Serv P","5","0","1"
"273893","American Marketing Systems","Mark-Holecek@amsisf.com","7020 High Grove Blvd","6303250825","6303821000","874213","Marketing Programs & Services","NULL"," Email <---> Revenue ","25161","AMERICAN MARKETING SYSTEMS","7020 HIGH GROVE BLVD","BURR RIDGE","IL","60527","DuPage","","6303821000","","BILL GEISLER","Manager","M","25000000","100","874203","Mrkting Cons","5","0","1"
"397101","Bill Smith Auto Parts","mark@billsmithauto.com","400 Ash St","2174428976","2174420156","551103","Automobile Dealers-Used Cars","www.billsmithauto.com"," Email <---> Revenue ","552803","Bill Smith Auto Parts","400 Ash St","Danville","IL","61832","Vermilion","www.billsmithauto.com","2174420156","2174428976","Robert Smith","President","Mal","39467000","61","551103","Automobile D","5","1","1"
"133329","Arc Worldwide","MarkWilliamsburg@arcww.com","35 W Wacker Dr # 3210","3122201995","3122203200","731101","Advertising-Agencies & Counselors","NULL"," Email <---> Revenue ","517887","Arc Worldwide","35 W Wacker Dr # 3210","Chicago","IL","60601","Cook","","3122203200","3122201995","Mark Williamsburg","CEO","Mal","31600000","200","731101","Advertising-","5","0","1"
"376882","American Fluorescent Corp","mdugan@afcolite.com","2345 Ernie Krueger Cir","8472492618","8472495970","364504","Lighting Fixtures-Manufacturers","www.americanfluorescent.com"," Email <---> Revenue ","506494","American Fluorescent Corp","2345 Ernie Krueger Cir","Waukegan","IL","60087","Lake","www.americanfluorescent.com","8472495970","8472492618","Bill Solomon","President","Mal","27000000","170","364504","Lighting Fix","5","0","1"
"216926","Pinnacle Food Products Inc","mfisher@pinfoodpro.com","635 Oakwood Rd","8474381599","8474381598","504601","Food Processing Equipment & Supls (Whol)","NULL"," Email <---> Revenue ","334422","PINNACLE FOOD PRODUCTS INC","635 OAKWOOD RD","LAKE ZURICH","IL","60047","Lake","","8474381598","","ANDY BURKE","President","M","30000000","200","504604","Restaurant E","5","0","1"
"354260","Arc-Tronics Inc","mgoeringer@arctronics.com","1150 Pagni Dr","8474370181","8474370211","573117","Electronic Equipment & Supplies-Retail","NULL"," Email <---> Revenue ","31980","ARC-TRONICS INC","1150 PAGNI DR","ELK GROVE VLG","IL","60007","Cook","","8474370211","","CONRAD GOERINGER","President","M","30000000","200","573100","Radio,Tv & E","5","0","1"
"418081","Americas Doctor Inc","mgrove@americasdoctor.com","1325 Tri State Pkwy # 300","8478558787","8478557500","874213","Marketing Programs & Services","NULL"," Email <---> Revenue ","509311","Americas Doctor Inc","1325 Tri State Pkwy # 300","Gurnee","IL","60031","Lake","","8478557500","8478558787","C Lee Jones","CEO","Mal","49381000","125","874213","Marketing Pr","5","0","1"
"46601","Carpet One-Douglas Carpet One","Michael@douglascarpetone.com","19 S Randall Rd","NULL","6308928600","571305","Carpet & Rug Dealers-New","NULL"," Email <---> Revenue ","74341","CARPET ONE-DOUGLAS CARPET ONE","19 S RANDALL RD","NORTH AURORA","IL","60542","Kane","","6308928600","","MICHAEL DOUGLAS","President","M","26000000","10950","571301","Carpets","5","0","1"
"387276","A Epstein & Sons Intl","mkupperman@epstein-isi.com","600 W Fulton St Fl 7","3125591217","312-454-9100","8712","Architectural Services","NULL"," Email <---> Revenue ","3857","A EPSTEIN & SONS INTL","600 W FULTON ST","CHICAGO","IL","60661","Cook","","3124549100","","MELVIN KUPPERMAN","Chief Executive Office","M","30000000","270","871200","Architectura","5","0","1"
"408530","PEACOCK Engineering Co","mwallach@peacockeng.com","1800 Averill Rd","6308459401","6307730900","738988","Packaging Service","www.peacockeng.com"," Email <---> Revenue ","328115","PEACOCK ENGINEERING CO","1800 AVERILL RD","GENEVA","IL","60134","Kane","","6308459400","","MICHAEL A BILDER","President","M","31500000","140","738912","Packaging Sy","5","0","1"
"67892","Triton Mfg Co","myra.techeira@triton-mfg.com","5700 Triton Way","7085341417","7085979857","154212","Buildings-Pre-Cut Prefabricated/Modular","NULL"," Email <---> Revenue ","1063922","Triton Mfg Co","5700 Triton Way","Monee","IL","60449","Will","www.triton-mfg.com","7085979857","7085341417","Michael J Edwards","President","Mal","37230000","85","154212","Buildings-Pr","5","0","1"
"389664","Freedom Auto Depot","M_Helmstetter@freedomautodepot.com","6711 S Western Ave","NULL","7733493000","551103","Automobile Dealers-Used Cars","NULL"," Email <---> Revenue ","736043","Freedom Auto Depot","6711 S Western Ave","Chicago","IL","60636","Cook","www.freedomautodepot.com","7733493000","","M Helmstetter","Owner","Mal","38820000","60","551103","Automobile D","5","1","1"
"382678","Prairie Intl Trucks","M_J@prairieinternational.com","401 S Dirksen Pkwy","2175234305","2175235631","551105","Truck-Dealers","NULL"," Email <---> Revenue ","339587","PRAIRIE INTL TRUCKS","401 S DIRKSEN PKWY","SPRINGFIELD","IL","62703","Sangamon","","2175235631","","MIKE JOYCE","Owner","M","40800000","101","551101","Truck Dealer","5","0","1"
"312068","Fox & Obel Food Market","M_Keith@foxobel.com","401 E Illinois St","3124107305","3124107301","541105","Grocers-Retail","NULL"," Email <---> Revenue ","164340","FOX & OBEL FOOD MARKET","401 E ILLINOIS ST STE 1","CHICAGO","IL","60611","Cook","","3124107301","","KEITH MONTAGUE","Chief Executive Office","M","28500000","160","541100","Grocery Stor","5","0","1"
"256306","Cnh Goodfield","nacustomerrelations@cnh.com","600 E Peoria St","3099652042","3099652233","508310","Farm Equipment (Wholesale)","www.cnh.com"," Email <---> Revenue ","95617","CNH GOODFIELD","PO BOX 65","GOODFIELD","IL","61742","Woodford","","3099652233","","PAUL ROUSE","Manager","M","30600000","175","508302","Farm Equipme","5","0","1"
"56356","Packaged Concrete Inc","Nancy.Kerner@packagedconcrete.com","1s950 N Lorang Rd","NULL","6305578252","503208","Concrete Products (Wholesale)","NULL"," Email <---> Revenue ","934468","Packaged Concrete Inc","1s950 N Lorang Rd","Elburn","IL","60119","Kane","www.packagedconcrete.com","6305578252","","J D Petty","Owner","","31200000","65","503208","Concrete Pro","5","0","1"
"416568","Black Dot Group","Nardulli_Ettore@blackdot.com","6115 Official Rd","8154597259","8154795297","733603","Graphic Designers","NULL"," Email <---> Revenue ","54093","BLACK DOT GROUP","6115 OFFICIAL RD","CRYSTAL LAKE","IL","60014","McHenry","","8154795297","","JOHN REILLY","Chief Executive Office","M","35000000","254","733601","Art Design S","5","0","1"
"152613","Gemini Enterprises Inc","newchevy@gregweeks.com","10881 State Highway 149","6189372446","6189371441","8999","Services NEC","gregweeks.verizonsupersite.com"," Email <---> Revenue ","451488","WEEKS CHEVROLET-PONTIAC","PO BOX 668","W FRANKFORT","IL","62896","","","6189372446","","GREG WEEKS","Owner","M","25500000","63","551100","New & Used C","5","0","1"
"239012","Ampco Metal Inc","nick.frey@ampcometal.com","1117 E Algonquin Rd","8474376008","8474376000","509411","Metals-Precious Sheet Wire Tubing (Whol)","NULL"," Email <---> Revenue ","510246","Ampco Metal Inc","1117 E Algonquin Rd","Arlington Hts","IL","60005","Cook","www.ampcometal.com","8474376000","8474376008","J F Dalin","President","Mal","42400000","50","509411","Metals-Preci","5","0","1"
"248409","ATS","OwensJ@amertech.com","8201 N University St","NULL","3096934000","737801","Computers-Service & Repair","NULL"," Email <---> Revenue ","37365","ATS","8201 N UNIVERSITY ST STE 1","PEORIA","IL","61615","Peoria","","3096934000","","JEFF OWENS","President","M","47200000","400","737100","Cmp Programm","5","0","1"
"411986","Clearing House","PBrett@clearinghousesouth.com","227 W Monroe St","3129863446","3122230026","628205","Financial Planning Consultants","NULL"," Email <---> Revenue ","619140","Clearing House","227 W Monroe St","Chicago","IL","60606","Cook","www.clearingcorp.com","3122230026","3129863446","Brett Paulson","President","Mal","29050000","70","628205","Financial Pl","5","0","1"
"368758","Dexter Magnetic Technologies","Peter@dextermag.com","1050 Morse Ave","8479568205","8479561140","326401","Ferrites-Magnetically Soft (Mfrs)","NULL"," Email <---> Revenue ","123634","DEXTER MAGNETIC TECHNOLOGIES","1050 MORSE AVE","ELK GROVE VLG","IL","60007","Cook","","8479561140","","PETER PELTIER","President","M","32000000","640","326400","Porcelain El","5","0","1"
"296687","Classic Marble","Petershine@Classicmarblecompany.Com","PO Box 133","2175433377","2175433331","503201","Marble-Cultured (Wholesale)","NULL"," Email <---> Revenue ","618035","Classic Marble","520 E 2nd St","Arthur","IL","61911","Moultrie","","2175433331","2175433377","Sam Petershine","Owner","Mal","36000000","75","503201","Marble-Cultu","5","0","1"
"199412","Lawrence Hardware","Preston_Boyd@lawrencebrothers.com","2 1st Ave","8156252759","8156250360","342902","Hardware-Manufacturers","NULL"," Email <---> Revenue ","851505","Lawrence Hardware","2 1st Ave","Sterling","IL","61081","Whiteside","www.lawrencebrothers.com","8156250360","8156252759","Preston Boyd","President","Mal","28000000","170","342902","Hardware-Man","5","0","1"
"327135","PMR Inc","R.W.Younglas@pmr4ws.com","1615 Ogden Ave W","6308987260","6308983600","509908","Manufacturers-Agents & Representatives","NULL"," Email <---> Revenue ","336807","PMR INC","1615 OGDEN AVE W","OSWEGO","IL","60543","Kendall","","6308983600","","RICHARD EDELMAN","President","M","32600000","150","509908","Manuf Agents","5","0","1"
"158525","Orpack Stone Corporation","rdiederich@smurfit.com","1800 West Oak St","6189422112","6189423026","174108","Stone Contractors","ORPACK.COM"," Email <---> Revenue ","930682","Orpack-Stone Corp","1800 W Oak St","Herrin","IL","62948","Williamson","","6189422112","6189423026","","","","26000000","3","263101","Box-Manufact","5","0","1"
"386902","Oberweis Dairy North Aurora","Renaut@oberweisdairy.com","951 Ice Cream Dr # 1","6308970562","6308016100","874213","Marketing Programs & Services","NULL"," Email <---> Revenue ","925692","Oberweis Dairy North Aurora","951 Ice Cream Dr # 1","North Aurora","IL","60542","Kane","www.oberweisdairy.com","6308016100","6308970562","Bob Renaut","President","Mal","34000000","200","874213","Marketing Pr","5","0","1"
"107571","Gilster Mary Lee","Ron@gilstermarylee.com","307 E Washington St","8154722431","8154726456","206601","Chocolate & Cocoa-Manufacturers","NULL"," Email <---> Revenue ","752649","Gilster Mary Lee","307 E Washington St","Momence","IL","60954","Kankakee","","8154726456","8154722431","Ron Tretter","President","Mal","48700000","100","206601","Chocolate & ","5","0","1"
"359537","Alaron Trading Corp","rrosenberg@firststreetfutures.com","822 W Washington Blvd","3128502820","3125638000","622104","Commodity Brokers","www.alaronpremier.com"," Email <---> Revenue ","494049","Alaron Trading Corp","822 W Washington Blvd","Chicago","IL","60607","Cook","www.alaronpremier.com","3125638000","3128502820","Steven Greenberg","President","Mal","27525000","75","622104","Commodity Br","5","0","1"
"112600","Vogeney PhotoDesign - Edward Vogeney","rworden@alloyd.com","1401 Pleasant St.","8157568451","null","8999","Services NEC","alloyd.com"," Email <---> Revenue ","417466","TEGRANT CORP","1401 PLEASANT ST","DEKALB","IL","60115","DeKalb","","8157568451","8157565187","RON LEACH","Chief Executive Office","M","32000000","1985","308900","Plastic Pdts","5","0","1"
"255244","Century Tile","Schmidt@century-tile.com","747 E Roosevelt Rd","NULL","6304952300","571306","Floor Materials","NULL"," Email <---> Revenue ","598036","Century Tile","747 E Roosevelt Rd","Lombard","IL","60148","Du Page","www.century-tile.com","6304952300","","Fred Schmidt","President","Mal","36000000","40","571306","Floor Materi","5","0","1"
"318021","Dual Fuel Systems","SchwabJohn@dualfuelsystems.com","31w356 Diehl Rd","NULL","6303057770","501213","Truck Bodies & Equipment (Wholesale)","NULL"," Email <---> Revenue ","681771","Dual Fuel Systems","31w356 Diehl Rd","Naperville","IL","60563","Du Page","www.dualfuelsystems.com","6303057770","","John Schwab","President","Mal","37000000","10","501213","Truck Bodies","5","0","1"
"361100","Pip Printing","scott.cochran@pippeoria.com","532 Brightview Dr","3096916624","407-330-9762","2752","Commercial Printing","Lithographic (except quick printing)"," Email <---> Revenue ","334760","PIP PRINTING","8325 N ALLEN RD","PEORIA","IL","61615","Peoria","","3092667241","","BILL GRIM","Manager","M","30000000","4387","275200","Litho,Coml P","5","0","1"
"365412","AMTEC Precision Products Inc","scottn@amtecmolded.com","1875 Holmes Rd","8476958295","8476958030","345101","Screw Machine Products (Manufacturers)","www.amtecprecision.com"," Email <---> Revenue ","27087","AMTEC PRECISION PRODUCTS INC","1355 HOLMES RD","ELGIN","IL","60123","Kane","","8476958030","","GEORGE DRESSEL","Manager","M","32100000","566","345100","Screw Machin","5","0","1"
"397201","EPKO Industries Inc","sharon.jankovich@epko.com","1200 Arthur Ave","8474374017","8474374000","511101","Paper Products (Wholesale)","NULL"," Email <---> Revenue ","686787","EPKO Industries Inc","1200 Arthur Ave","Elk Grove Vlg","IL","60007","Cook","www.epko.com","8474374000","8474374017","Howard Markin","President","Mal","35000000","100","511101","Paper Produc","5","0","1"
"404734","Braun Event & Tent Rental","Shipper.Ben@chicagopartyrental.com","9480 W 55th St","6304588500","6304585800","735906","Party Supplies-Renting","NULL"," Email <---> Revenue ","564666","Braun Event & Tent Rental","9480 W 55th St","Countryside","IL","60525","Cook","www.chicagopartyrental.com","6304585800","6304588500","Ben Shipper","President","Mal","27450000","150","735906","Party Suppli","5","0","1"
"329713","B & F Coffee Svc","SidKahn@bfcoffee.com","3535 Commercial Ave","8474989877","8474982201","514905","Coffee & Tea-Wholesale","NULL"," Email <---> Revenue ","531125","B & F Coffee Svc","3535 Commercial Ave","Northbrook","IL","60062","Cook","www.bfcoffee.com","8474982201","8474989877","Sid Kahn","President","Mal","42200000","50","514905","Coffee & Tea","5","0","1"
"225083","Galaxie Lumber & Construction","StephenP@galaxieconst.com","4767 W Touhy Ave","8476778330","8476778300","152105","Home Improvements","NULL"," Email <---> Revenue ","742596","Galaxie Lumber & Construction","4767 W Touhy Ave","Lincolnwood","IL","60712","Cook","www.galaxieconst.com","8476778300","8476778330","Stephen Pinsler","Owner","Mal","35400000","150","152105","Home Improve","5","0","1"
"368411","Danville Metal Stamping Co","steve.defenbaugh@danvillemetal.com","17 Oakwood Ave","2174463751","2174460648","372498","Aircraft Engines & Engine Parts-Mfrs","www.danvillemetal.com"," Email <---> Revenue ","654917","Danville Metal Stamping Co","17 Oakwood Ave","Danville","IL","61832","Vermilion","www.danvillemetal.com","2174460648","2174463751","Judd Peck","President","Mal","25000000","450","372498","Aircraft Eng","5","0","1"
"115538","Haeger Automotive Group","stevengood@sheldongood.com","77 Rand Road","null","null","754999","Automotive Services","sheldongood.com"," Email <---> Revenue ","187763","HAEGER AUTOMOTIVE GROUP","77 RAND RD","DES PLAINES","IL","60016","Cook","","8472984220","8473908174","WILLIAM HAEGER","Owner","M","40400000","100","551100","New & Used C","5","0","1"
"205302","Brandt Construction","T-Brandt@brandtconstruction.com","3500 69th Ave","3097876344","3097874644","152144","Construction Companies","NULL"," Email <---> Revenue ","564362","Brandt Construction","3500 69th Ave","Moline","IL","61265","Rock Island","","3097874644","3097876344","Terence Brandt","Owner","Mal","28320000","120","152144","Construction","5","0","1"
"194845","Tri County Petroleum Inc","tcpi@tri-countypetroleum.com","201 IL Route 143","6186543328","6186543328","517206","Oils-Fuel (Wholesale)","www.tri-countypetroleum.com"," Email <---> Revenue ","1062137","Tri County Petroleum Inc","201 IL Route 143","Pierron","IL","62273","Bond","www.tri-countypetroleum.com","6186543328","","Terry Lammers","Owner","Mal","30186000","9","517206","Oils-Fuel (W","5","0","1"
"353956","Apx Logistics","tfrontino@apx.com","10601 Seymour Ave # B","4085172985","8479280428","874266","Logistics","www.apx.com"," Email <---> Revenue ","517051","Apx Logistics","10601 Seymour Ave # B","Franklin Park","IL","60131","Cook","www.apx.com","8479280428","8479280375","William Ingalls","Manager","Mal","25500000","150","874266","Logistics","5","0","1"
"405001","Greater Quad City Auto Auction","thadb@qcaa.com","4015 78th Ave","3097874541","3097876300","501204","Automobile Auctions (Wholesale)","www.qcaa.com"," Email <---> Revenue ","763587","Greater Quad City Auto Auction","4015 78th Ave","Milan","IL","61264","Rock Island","www.qcaa.com","3097876300","3097874541","Larry Anderson","Plant Mgr","Mal","40000000","143","501204","Automobile A","5","1","1"
"165622","Drury Lane","Tony@drurylaneoakbrook.com","100 Drury Ln","6305304269","6305308300","792207","Theatres-Live","NULL"," Email <---> Revenue ","681264","Drury Lane","100 Drury Ln","Oakbrook Terrace","IL","60181","Du Page","www.drurylaneoakbrook.com","6305308300","6305304269","Tony Da Santis","President","Mal","28200000","200","792207","Theatres-Liv","5","1","1"
"355637","THIS DOMAIN IS FOR SALE","tshryer@envgroup.com","303 E WACKER DR STE 800","3126445080","3126445299","8999","Services NEC","ENVWORKS.COM^^MYENVGROUP.COM^^MYENVGROUP.NET"," Email <---> Revenue ","419114","THE ENVIRONMENT GRP","303 E WACKER DR STE 800","CHICAGO","IL","60601","Cook","","3126445080","","GINA BERNDT","President","F","31500000","140","738906","Interior Des","5","0","1"
"118800","Vehicle Improvement Prods Inc","vipsales@vipwheels.com","151 Ram Rd","8473959460","8473957250","509908","Manufacturers-Agents & Representatives","www.vipwheels.com"," Email <---> Revenue ","1077129","Vehicle Improvement Prods Inc","151 Ram Rd","Antioch","IL","60002","Lake","www.vipwheels.com","8473957250","8473959460","Joseph Schurger","President","Mal","31152000","33","509908","Manufacturer","5","0","1"
"361937","Learning Resources","walt.kowalski@learningresources.com","380 N Fairway Dr","8475738425","8475738406","511213","School Supplies (Wholesale)","NULL"," Email <---> Revenue ","852504","Learning Resources","380 N Fairway Dr","Vernon Hills","IL","60061","Lake","www.learningresources.com","8475738406","8475738425","Richard Woldenberg","President","Mal","37620000","110","511213","School Suppl","5","0","1"
"156219","American Family Childcare Svc","webster.flylady@trustamerican.com","60 W Randolph St","NULL","3124829300","729919","Baby Sitters","NULL"," Email <---> Revenue ","505959","American Family Childcare Svc","60 W Randolph St","Chicago","IL","60601","Cook","www.americanchildcare.com","3124829300","","Robert Estherhouse","President","Mal","44000000","800","729919","Baby Sitters","5","0","1"
"265804","Door Systems","Wes@doorsys.com","751 Expressway Dr","6302500140","6302500101","521101","Doors-Garage","NULL"," Email <---> Revenue ","677339","Door Systems","751 Expressway Dr","Itasca","IL","60143","Du Page","www.doorsystems.com","6302500101","6302500140","Wes Askren","Owner","Mal","38700000","150","521101","Doors-Garage","5","0","1"
"399424","Charmilles Technology Corp","wire.application@charmillesus.com","560 Bond St","8479135340","8479135300","508465","Electrical Discharge Machs/Supls (Whol)","www.charmillesus.com"," Email <---> Revenue ","601389","Charmilles Technology Corp","560 Bond St","Lincolnshire","IL","60069","Lake","www.charmillesus.com","8479135300","8479135340","Harry Moser","Owner","Mal","44125000","70","508465","Electrical D","5","0","1"
"411069","HMT Mfg Inc","burt.bucher@hmtmfg.com","2323 Commonwealth Ave","8474732349","8474732310","516912","Adhesives & Glues (Wholesale)","NULL"," Email <---> Revenue ","769647","HMT Mfg Inc","2323 Commonwealth Ave","North Chicago","IL","60064","Lake","www.hmtmfg.com","8474732310","8474732349","Burt Bucher","President","Mal","25025000","25","516912","Adhesives & ","5","0","1"
"315059","Mosaic","Carla@imcglobal.com","225 S 3rd St","8153879500","8153878390","839905","Disability Services","NULL"," Email <---> Revenue ","904726","Mosaic","225 S 3rd St","Rockford","IL","61104","Winnebago","www.mosaicinfo.org","8153878390","8153879500","Carla Saelens","President","Fem","25800000","120","839905","Disability S","5","0","1"
"27399","Wonderlic","CharlesW@wcgs.com","1795 N Butterfield Rd","8476809492","8476804900","274108","Test Publishers-Vocational/Educational","NULL"," Email <---> Revenue ","1100083","Wonderlic","1795 N Butterfield Rd","Libertyville","IL","60048","Lake","www.wcgs.com","8476804900","8476809492","Charles Wonderlic Jr","President","Mal","27948000","102","274108","Test Publish","5","0","1"
"192997","J J Collins' Sons Inc","cheywood@jjcollins.com","2351 Madison Ave","NULL","2173457606","276101","Printers","NULL"," Email <---> Revenue ","807002","J J Collins' Sons Inc","2351 Madison Ave","Charleston","IL","61920","Coles","","2173457606","","Jim Collins","Owner","Mal","27170000","110","276101","Printers-Bus","5","0","1"
"337585","Amsoil Synthetic Lubricants","Christensen@vaughninc.com","405 W Myrick Ave","NULL","6306281011","516962","Oils-Synthetic (Wholesale)","NULL"," Email <---> Revenue ","27063","AMSOIL SYNTHETIC LUBRICANTS","405 W MYRICK AVE","ADDISON","IL","60101","DuPage","","6306281011","","","Unknown","","40500000","1733","517204","Lubric Oils,","5","0","1"
"362941","Hale Cosmeceuticals","CPotini@halecosmeceuticals.com","RR 1 Box 107d","2179357066","2179359798","512204","Cosmetics-Wholesale","NULL"," Email <---> Revenue ","771570","Hale Cosmeceuticals","760 Us Highway 51","Clinton","IL","61727","De Witt","www.halecosmeceuticals.com","2179359798","2179357066","Chim Potini","Owner","Mal","27860000","20","512204","Cosmetics-Wh","5","0","1"
"62619","Balmoral Racing Club Inc","chris@balmoralpark.com","26435 S Dixie Hwy","7086725932","7086727544","794801","Race Tracks","NULL"," Email <---> Revenue ","536144","Balmoral Racing Club Inc","26435 S Dixie Hwy","Crete","IL","60417","Will","www.balmoralpark.com","7086727544","7086725932","John Johnston","President","Mal","37800000","300","794801","Race Tracks","5","1","1"
"401803","Elmhurst Ford","brian@elmhurstford.com","240 W Lake St","6308341227","6308342639","751404","Automobile Leasing","www.elmhurstford.com"," Email <---> Revenue ","142376","ELMHURST FORD","678 N YORK ST","ELMHURST","IL","60126","DuPage","","6302796000","","THOMAS MUISENGA","Owner","M","30300000","75","551100","New & Used C","5","0","1"
"416061","Cobraco Mfg","Brad.Emalfarb@cobraco.com","300 E Main St","8477260330","8477265800","509905","Importers","NULL"," Email <---> Revenue ","621479","Cobraco Mfg","300 E Main St","Lake Zurich","IL","60047","Lake","www.cobraco.com","8477265800","8477260330","Brad Emalfarb","President","Mal","28320000","30","509905","Importers","5","0","1"
"414582","Arthur Machinery","Bob@arthurmach.com","2501 Landmeier Rd","8475930771","8475931610","508427","Machinery-New (Wholesale)","NULL"," Email <---> Revenue ","521594","Arthur Machinery","2501 Landmeier Rd","Elk Grove Vlg","IL","60007","Cook","www.arthurmach.com","8475931610","8475930771","Bob Arthur","President","Mal","38080000","70","508427","Machinery-Ne","5","0","1"
"111878","Proex Inc","Beverly.Bradley@Proexinc.Com","1011 Olympic Dr","6308797792","6308797776","308906","Plastics-Fabricating/Finish/Decor-Mfrs","NULL"," Email <---> Revenue ","343732","PROEX INC","1011 OLYMPIC DR","BATAVIA","IL","60510","Kane","","6308797776","","LON FRYE","President","M","36000000","180","516200","Whl Plastic ","5","0","1"
"319423","Air-Land Transport Svc Inc","bmiklik@air-land.com","1020 W Birchwood St","3096731280","3096731227","421304","Trucking","www.air-land.com"," Email <---> Revenue ","15471","AIR-LAND TRANSPORT SVC INC","1020 W BIRCHWOOD ST","MORTON","IL","61550","Tazewell","","3096731227","3096731280","JOHN GRAY","Owner","M","27600000","300","421300","Trucking","5","0","1"
"297225","Camcraft","BBertsche@camcraft.com","1080 Muirfield Dr","6305826019","6305826000","345101","Screw Machine Products (Manufacturers)","NULL"," Email <---> Revenue ","70082","CAMCRAFT","1080 MUIRFIELD DR","HANOVER PARK","IL","60133","DuPage","","6305826001","","MICHAEL BERTSCHE","President","M","32000000","200","525100","Hardware Sto","5","0","1"
"411753","Esignal/Future Source","ayuda@futuresource.com","955 Parkview Blvd","6617029621","6306208444","622104","Commodity Brokers","www.futuresource.com"," Email <---> Revenue ","704528","Esignal/Future Source","955 Parkview Blvd","Lombard","IL","60148","Du Page","www.futuresource.com","6306208444","6307922600","Chris Mahlmann","Manager","Mal","33030000","90","622104","Commodity Br","5","0","1"
"403131","Garrett Aviation Svc","buddy.rountree@landmarkaviation.com","1200 N Airport Dr","7036610152","2175443431","458104","Aircraft Servicing & Maintenance","www.piedmonthawthorne.com"," Email <---> Revenue ","744780","Garrett Aviation Svc","1200 N Airport Dr","Springfield","IL","62707","Sangamon","www.garrettaviation.com","2175443431","2175448911","Ed Green","Manager","Mal","35350000","350","458104","Aircraft Ser","5","0","1"
"360478","Better Bilt Products","bbp@bbponline.com","900 S Kay Ave","6305430524","6305436767","505103","Wire Products (Wholesale)","www.bbponline.com"," Email <---> Revenue ","550035","Better Bilt Products","900 S Kay Ave","Addison","IL","60101","Du Page","www.bbponline.com","6305436767","6305430524","Steve Camp","Owner","Mal","47115000","45","505103","Wire Product","5","0","1"
"397802","WBUI","allen.white@centralillinoiswb.com","2510 N Parkway Ct","2174286455","2174282323","483301","Television Stations & Broadcasting CO","www.wb23tv.com"," Email <---> Revenue ","450799","WBUI","2510 PARKWAY CT","DECATUR","IL","62526","Macon","","2174282323","","BILL SNIDER","Manager","M","34700000","216","483300","Tv Brdcstg S","5","0","1"
