mail id,company,email,address,phone,fax,sic,sic description,web,,revenue id,company,address,city,state,zip,	metro,web,phone,fax,contact,position,gender,sales,# of employee,sic,sic_descrpiton,	,,
"83480","Basler Electric Co","WilliamBasler@basler.com","PO Box 269","6186542351","6186542341","361206","Transformers-Manufacturers","NULL"," Email <---> Revenue ","45593","BASLER ELECTRIC CO","12570 STATE ROUTE 143","HIGHLAND","IL","62249","Madison","","6186542341","6186542351","WILLIAM L BASLER","Chief Executive Office","M","71500000","1100","361300","Swchgr, Swtc","6","0","1"
"379306","Astronics Co","william@astronics.net","2405 Estes Ave","8474370710","8474370708","509905","Importers","NULL"," Email <---> Revenue ","524908","Astronics Co","2405 Estes Ave","Elk Grove Vlg","IL","60007","Cook","www.astronics.net","8474370708","8474370710","William Lee","Owner","Mal","56640000","60","509905","Importers","6","0","1"
"116728","Not Listed","vw@universityautopark.com","104 E. University","2173671233","2173679348","822101","Schools","universityautopark.com"," Email <---> Revenue ","313027","O'BRIEN AUTO PARK","104 E UNIVERSITY AVE","URBANA","IL","61801","Champaign","","2173671233","","JIM TURNER","Manager","M","60600000","150","551100","New & Used C","6","0","1"
"233061","Free-Flow Packaging Corp","virginia.lyle@fpintl.com","16850 Canal St","5088328369","7088775180","511308","Packaging Materials-Wholesale","www.fpintl.com"," Email <---> Revenue ","735969","Free-Flow Packaging Corp","16850 Canal St","Thornton","IL","60476","Cook","www.fpintl.com","7088775180","7088775183","Russ Boelcke","Plant Mgr","Mal","53820000","65","511308","Packaging Ma","6","0","1"
"327491","Southern Illinois Bus","Tom@southernbusandmobility.com","PO Box 37","6185264585","6185264131","501207","Buses-Distributors","NULL"," Email <---> Revenue ","1020937","Southern Illinois Bus","12950 Koch Ln","Breese","IL","62230","Clinton","www.southernbusandmobility.com","6185264131","6185264585","Tom Gerdes","Owner","Mal","55500000","15","501207","Buses-Distri","6","0","1"
"144124","City National Bank","Tom@cityntl.com","PO Box 380","6185244466","6185242161","671201","Holding Companies (Bank)","NULL"," Email <---> Revenue ","615980","City National Bank","423 Ferry St","Metropolis","IL","62960","Massac","www.cnb-metropolis.com","6185242161","6185244466","Tom Pullen","President","Mal","59092000","36","671201","Holding Comp","6","0","1"
"397110","Raynor Garage Doors","thegarage@raynor.com","1101 E River Rd","3033074207","8152881431","521132","Doors-Overhead Type","www.raynor.com"," Email <---> Revenue ","353663","RAYNOR GARAGE DOORS","1101 E RIVER RD","DIXON","IL","61021","Lee","","8152881431","8152887142","RAY H NEISEWANDER","Chief Executive Office","M","59200000","800","243100","Millwork","6","0","1"
"345969","Truck Centers","sunderwood@truckcentersinc.com","2280 Formosa Rd","6186673454","6186676874","421304","Trucking","tcitrucks.com"," Email <---> Revenue ","429672","TRUCK CENTERS INC","2280 FORMOSA RD","TROY","IL","62294","Madison","","6186673454","","JOHN HOPKINS","President","M","60600000","150","551101","Truck Dealer","6","0","1"
"85025","Indalex Aluminum Solutions","Stubbs@indalex.com","75 Tri State Intl","8472953851","8478103000","335498","Aluminum Extruded Products (Mfrs)","NULL"," Email <---> Revenue ","210559","INDALEX ALUMINUM SOLUTIONS","75 TRISTATE INTERNATIONAL # 4","LINCOLNSHIRE","IL","60069","Lake","","8478103000","","TIMOTHY STUBBS","Chief Executive Office","M","76800000","49486","335400","Alum Extrude","6","0","1"
"410124","Rue 21","security@rue21.com","1600 N State Route 50","6234659750","8159358265","569949","Clothing-Institutional","www.rue21.com"," Email <---> Revenue ","370132","RUE 21","1600 N STATE ROUTE 50","BOURBONNAIS","IL","60914","Kankakee","","8159358265","","KYLE POWERS","Manager","M","60000000","2828","562100","Women'S Cl S","6","0","1"
"415283","Cumberland","Russ@cumberlandpoultry.com","PO Box 20","2172264445","2172264401","508303","Poultry Equipment & Supplies (Wholesale)","NULL"," Email <---> Revenue ","110922","CUMBERLAND","1004 E ILLINOIS ST","ASSUMPTION","IL","62510","Christian","","2172264401","2172264445","RICHARD CHRISMAN","Chief Executive Office","M","87500000","500","508300","Farm & Garde","6","0","1"
"250523","Servicom","Ron@telethinking.com","9942 N Alpine Rd","8152274196","8152821660","738912","Telemarketing Services","NULL"," Email <---> Revenue ","381715","SERVICOM","9942 N ALPINE RD","MACHESNEY PK","IL","61115","Winnebago","","8152821660","","RON BAUGHMAN","Manager","M","56300000","250","738900","Business Svs","6","0","1"
"367269","ZLB Behring","roger.bentley@zlbbehring.com","1201 N Kinzie Ave","8159326771","8158023333","512203","Pharmaceutical Products-Wholesale","www.zlbbehring.com"," Email <---> Revenue ","110440","CSL BEHRING","1201 N KINZIE AVE","BRADLEY","IL","60915","Kankakee","","8159326771","8158023333","RANDY FURBY","Vice-President","M","66600000","490","512203","Drugs,Drug P","6","0","1"
"215072","Continental Custom Ingredients","rminzner@cci-us.net","1631 S Prairie Dr","NULL","6302318650","514101","Food Products (Wholesale)","NULL"," Email <---> Revenue ","630898","Continental Custom Ingredients","1631 S Prairie Dr","Sycamore","IL","60178","De Kalb","www.cci-us.net","6302318650","","Ray Minzner","President","Mal","51165000","45","514101","Food Product","6","0","1"
"270516","Clipper Exxpress Co","rmaro@clippergroup.com","9014 Heritage Rd # 300","7139532201","6307390700","421304","Trucking","www.clippergroup.com"," Email <---> Revenue ","620129","Clipper Exxpress Co","9014 Heritage Rd # 300","Woodridge","IL","60517","Du Page","www.clippergroup.com","6307390700","6307391817","Walter D Witt","CEO","Mal","97900000","200","421304","Trucking","6","0","1"
"399972","JII Promotions","RickP@jiipromotions.com","PO Box 657","8155489193","8156250980","519917","Advertising-Specialties (Wholesale)","NULL"," Email <---> Revenue ","225943","JII PROMOTIONS","1980 INDUSTRIAL DR","STERLING","IL","61081","Whiteside","","8156250980","8155489193","RICK PRATHER","President","M","67500000","3668","519911","Advertising ","6","0","1"
"346898","Rockford Products Corp","R.Wood@rpc-usa.com","707 Harrison Ave","8152294326","8153976001","345298","Bolts Nuts Screws Rivets/Washers (Mfrs)","NULL"," Email <---> Revenue ","365681","ROCKFORD PRODUCTS CORP","707 HARRISON AVE","ROCKFORD","IL","61104","Winnebago","","8153976000","","R RAY WOOD","Chief Executive Office","M","56800000","800","345200","Bolt, Nut, R","6","0","1"
"2892","Thomas Harmon","progers@parksite.com","1563 Hubbard Avenue","6307619490","6307616820","8999","Services NEC","PARKSITEGROUP.COM^^THEPARKSITEGROUP.COM"," Email <---> Revenue ","325085","PARKSITE GROUP","1563 HUBBARD AVE","BATAVIA","IL","60510","Kane","","6307619490","","GEORGE PATTEE","Chief Executive Office","M","80000000","500","571203","Cabinets Ex ","6","0","1"
"49692","Austin Chemical Co","pjcorboy@austinchemical.com","2112 Barclay Blvd","8475209160","8475209600","283404","Drug Millers","NULL"," Email <---> Revenue ","527527","Austin Chemical Co","2112 Barclay Blvd","Buffalo Grove","IL","60089","Cook","www.austinshasun.com","8475209600","8475209160","Patrick J Corboy","CEO","Mal","66300000","25","283404","Drug Millers","6","0","1"
"147769","C M Products Inc","pfear@cmprod.com","800 Ela Rd","8474380369","8474382171","336503","Cooking Utensils-Manufacturers","NULL"," Email <---> Revenue ","577638","C M Products Inc","800 Ela Rd","Lake Zurich","IL","60047","Lake","www.cmprod.com","8474382171","8474380369","Paul B Fear","CEO","Mal","50000000","300","336503","Cooking Uten","6","0","1"
"282788","Moore Business Forms","Oliva@moore.com","1200 Lakeside Dr","8476077757","8476076000","384104","Physicians & Surgeons Equip & Supls-Mfrs","NULL"," Email <---> Revenue ","903208","Moore Business Forms","1200 Lakeside Dr","Bannockburn","IL","60015","Lake","www.moorewallace.com","8476076000","8476077757","Tom Oliva","President","Mal","71680000","320","384104","Physicians &","6","0","1"
"283360","Akzo Nobel Non Stick Coating","nonstick-sales@dsp.akzonobel.com","521 Santa Rosa Dr","8477590039","8477590000","516928","Chemical Plant-Equipment & Supls (Whol)","www.an-nonstick.com"," Email <---> Revenue ","493108","Akzo Nobel Non Stick Coating","521 Santa Rosa Dr","Des Plaines","IL","60018","Cook","www.an-nonstick.com","8477590000","8477590039","","","","50050000","50","516928","Chemical Pla","6","0","1"
"243908","Baskin-Robbins","NaseerAli@baskinrobbins.com","3910 W Touhy Ave","8476773400","8476773400","581203","Ice Cream Parlors","NULL"," Email <---> Revenue ","45546","BASKIN-ROBBINS ICE CREAM","3910 W TOUHY AVE","LINCOLNWOOD","IL","60712","Cook","","8476773400","","NASEER ALI","Owner","M","72600000","77677","581247","Quick Serv I","6","0","1"
"395162","Haag Foods & Poultry Inc","mikegarcia@haagfoods.com","300 N Haag St","6185262802","6185267247","514101","Food Products (Wholesale)","www.haagfoods.com"," Email <---> Revenue ","769783","Haag Foods & Poultry Inc","300 N Haag St","Breese","IL","62230","Clinton","www.haagfoods.com","6185267247","6185262802","Jack Garcia","Owner","Mal","85275000","75","514101","Food Product","6","0","1"
"166802","Indoff Inc","mary@kingcommercial.com","611 Carriage Hill Ct","8474876871","8474876787","508426","Material Handling Equipment (Wholesale)","www.mh-partners.com"," Email <---> Revenue ","799103","Indoff Inc","611 Carriage Hill Ct","Island Lake","IL","60042","Lake","www.mh-partners.com","8474876787","8474876871","Todd Ledenbach","Manager","Mal","53312000","98","508426","Material Han","6","0","1"
"412364","MII Inc","markmorris@mii-inc.com","2200 5th St","5132025684","2177351241","254198","Office & Store Fixtures-Wood (Mfrs)","www.mii-inc.com"," Email <---> Revenue ","869268","MII Inc","2200 5th St","Lincoln","IL","62656","Logan","www.mii-inc.com","2177351241","2177356684","Elvin Schmidt","President","Mal","50000000","25","254198","Office & Sto","6","0","1"
"388374","Brandenburg Industrial Svc","Little@brandenburg.info","2625 S Loomis St","3123265055","3123265800","179502","Demolition Contractors","NULL"," Email <---> Revenue ","564254","Brandenburg Industrial Svc","2625 S Loomis St","Chicago","IL","60608","Cook","www.brandenburg.info","3123265800","3123265055","Thomas J Little","Owner","Mal","50000000","400","179502","Demolition C","6","0","1"
"388369","Amglo Kemlite","leeren@21cn.net","215 Gateway Rd","6303509474","6303509470","364103","Electric Lamp Bulbs & Tubes-Mfrs","www.amglo.com"," Email <---> Revenue ","509839","Amglo Kemlite","215 Gateway Rd","Bensenville","IL","60106","Du Page","www.amglo.com","6303509470","6303509474","James Hyland","Owner","Mal","54200000","200","364103","Electric Lam","6","0","1"
"412927","Flinn Scientific","LawrenceF@flinnsci.com","770 N Raddant Rd","6308796962","6308796900","504906","Laboratory Equipment & Supplies (Whol)","NULL"," Email <---> Revenue ","727381","Flinn Scientific","770 N Raddant Rd","Batavia","IL","60510","Kane","www.flinnsci.com","6308796900","6308796962","Lawrence Flinn","President","Mal","51960000","120","504906","Laboratory E","6","0","1"
"124190","Deerfield Moving & Storage","larryp@deerfieldms.com","null","8472158747","8472159277","421401","Movers","DEERFIELDMS.COM;RRDELIVERY.COM"," Email <---> Revenue ","120526","DEERFIELD MOVING & STORAGE INC","415 N WOLF RD","WHEELING","IL","60090","Cook","","8472158747","","LARRY PETRIE","President","M","61100000","5279","421401","Furn Move,St","6","0","1"
"393918","Distributors Stock Forms Inc","kmatulis@dsfiforms.com","450 S Lombard Rd # A","6306286185","6306283518","276101","Printers-Business Forms","www.dsfiforms.com"," Email <---> Revenue ","671669","Distributors Stock Forms Inc","450 S Lombard Rd # A","Addison","IL","60101","Du Page","www.dsfiforms.com","6306283518","6306286185","David Sheshull","President","Mal","75000000","100","276101","Printers-Bus","6","0","1"
"190182","Solar Corp","ken.formanski@solarcorp.com","100 Solar Dr","8473670184","8473672500","308901","Mold Makers","NULL"," Email <---> Revenue ","1018765","Solar Corp","100 Solar Dr","Libertyville","IL","60048","Lake","","8473672500","8473670184","Mark Lee Barkley","Owner","Mal","63000000","700","308901","Plastics-Mol","6","0","1"
"229984","Bank Of Orion","J_Dingman@bankorion.com","PO Box 9","3095268063","3095268011","671201","Holding Companies (Bank)","NULL"," Email <---> Revenue ","536750","Bank Of Orion","1114 4th St","Orion","IL","61273","Henry","www.bankorion.com","3095268011","3095268063","James Dingman","President","Mal","76077000","50","671201","Holding Comp","6","0","1"
"59639","Remote Equipment Systems; Inc","jputman@funcrafters.com","877 Supreme Drive","6302382200","6302380560","353401","Mfg Elevators/escalators Building Equipment Installatio","FUNCRAFTERS.COM;GALAGA.COM;MSPACMAN.COM;WONDERPARKPR.COM"," Email <---> Revenue ","300551","NAMCO CYBERTAINMENT INC","877 SUPREME DR","BENSENVILLE","IL","60106","DuPage","","6302382200","","KEVIN HAYES","Chief Executive Office","M","66400000","800","799600","Amusement Pa","6","0","1"
"415157","Unishippers Association","joan.schaefer@unishippers.com","915 S Grand Ave W","9736252629","2175226421","421205","Delivery Service","www.unishippers.com"," Email <---> Revenue ","434791","UNISHIPPERS ASSOCIATION","717 SOUTH GRAND AVE W","SPRINGFIELD","IL","62704","Sangamon","","2175226421","","BARRY JENSEN","President","M","80000000","895","421205","Delivery Sv,","6","0","1"
"287699","Edlong Flavors","JL@edlongflavors.com","225 Scott St","8474390053","8474399230","514932","Flavoring Extracts (Wholesale)","NULL"," Email <---> Revenue ","691447","Edlong Flavors","225 Scott St","Elk Grove Vlg","IL","60007","Cook","www.edlongflavors.com","8474399230","8474390053","Laurie Johnson","President","Fem","67520000","80","514932","Flavoring Ex","6","0","1"
"365306","FCB Direct Chicago","jcerasani@fcb.com","101 E Erie St","3124255010","3124255000","731101","Advertising-Agencies & Counselors","NULL"," Email <---> Revenue ","710960","FCB Direct Chicago","101 E Erie St","Chicago","IL","60611","Cook","www.fcb.com","3124255000","3124255010","Jonathan Harries","CEO","Mal","94800000","600","731101","Advertising-","6","0","1"
"399992","Clark National Inc","jbeckman@clarkproducts.com","950 Arthur Ave","3096930574","8479561730","511101","Paper Products (Wholesale)","www.clarkproducts.com"," Email <---> Revenue ","617361","Clark National Inc","950 Arthur Ave","Elk Grove Vlg","IL","60007","Cook","www.clarkproducts.com","8479561730","8479560199","Donald D Hindman","CEO","Mal","98215000","65","511101","Paper Produc","6","0","1"
"143852","Dean Foods Co Midwest Region","Greg_Engles@deanadvantage.com","3600 River Rd","8472335501","8476781680","209903","Food Products & Manufacturers","NULL"," Email <---> Revenue ","660175","Dean Foods Co Midwest Region","3600 River Rd","Franklin Park","IL","60131","Cook","www.deanadvantage.com","8476781680","8472335501","Greg Engles","CEO","Mal","55200000","200","209903","Food Product","6","0","1"
"155056","Progressive Bancorp","glen.rittenhouse@pekinsavings.com","601 Court St","3093474524","3093475101","671201","Holding Companies (Bank)","NULL"," Email <---> Revenue ","959778","Progressive Bancorp","601 Court St","Pekin","IL","61554","Tazewell","www.pekinsavings.com","3093475101","3093474524","Glen Rittenhouse","CEO","Mal","94210000","47","671201","Holding Comp","6","0","1"
"370661","Citation Corp","geninfo@det.citation.net","320 E Main St","9104284986","8474388214","335501","Aluminum Fabricators","www.citation.net"," Email <---> Revenue ","615052","Citation Corp","320 E Main St","Lake Zurich","IL","60047","Lake","www.citation.net","8474388214","8474380423","Vilas Coombs","Plant Mgr","Mal","95400000","150","335501","Aluminum Fab","6","0","1"
"82750","Fimat USA Inc","gcarr@fimat.com","181 W Madison St # 3450","3125785299","3125785200","622104","Commodity Brokers","NULL"," Email <---> Revenue ","720369","Fimat USA Inc","181 W Madison St # 3450","Chicago","IL","60602","Cook","www.fimat.com","3125785200","3125785299","Cynthia Zeltwanger","President","Fem","54683000","149","622104","Commodity Br","6","0","1"
"393009","United States Cold Storage","fyattoni@uscold.com","601 Twin Rail Dr","6153550129","8154670455","422503","Storage-Household & Commercial","www.euscold.com"," Email <---> Revenue ","435807","UNITED STATES COLD STORAGE","601 TWIN RAIL DR","MINOOKA","IL","60447","Grundy","","8154670455","8154670460","BRANDI OVERTON","Manager","F","72000000","1198","422503","Warehousing ","6","0","1"
"369430","Burrell Communications Group","FergusonF@burnsmcd.com","233 N Michigan Ave # 29","3122979601","3122979600","731101","Advertising-Agencies & Counselors","NULL"," Email <---> Revenue ","573748","Burrell Communications Group","233 N Michigan Ave # 29","Chicago","IL","60601","Cook","www.burrell.com","3122979600","3122979601","Fay H Ferguson","CEO","Fem","90000000","120","731101","Advertising-","6","0","1"
"324088","Garland Converting Co","erin.kelly@garlandconverting.com","945 N Larch Ave","6308338882","6308338881","354403","Die Cutting (Manufacturers)","NULL"," Email <---> Revenue ","744656","Garland Converting Co","945 N Larch Ave","Elmhurst","IL","60126","Du Page","www.garlandconverting.com","6308338881","6308338882","Erin Kelly","CEO","Fem","94500000","700","354403","Die Cutting ","6","0","1"
"201380","Tony Rizza Enterprises","Eric.Kranig@rizza.com","8200 South Harlem Avenue","7085947102","708-594-6400","5511","Motor Vehicle Dealers (New and Used)","NULL"," Email <---> Revenue ","424313","TONY RIZZA ENTERPRISES","8200 S HARLEM AVE","BRIDGEVIEW","IL","60455","Cook","","7085946400","","ANTHONY RIZZA","Chief Executive Office","M","52900000","131","551100","New & Used C","6","0","1"
"375058","Power Conversion Products Inc","Edward.Weil@pcpinc.com","115 Erick St","8154599118","8154599100","491101","Electric Companies","NULL"," Email <---> Revenue ","953734","Power Conversion Products Inc","115 Erick St","Crystal Lake","IL","60014","Mc Henry","","8154599100","8154599118","Bob Nelson","President","Mal","92400000","150","491101","Electric Com","6","0","1"
"397010","Wurst Kitchen","EdS@wurstkitchen.com","638 2nd Ave","NULL","6308989242","542108","Sausages","NULL"," Email <---> Revenue ","463017","WURST KITCHEN","638 2ND AVE","AURORA","IL","60505","Kane","","6308989242","","ED SCHLEING","Owner","M","64000000","400","542103","Meat Mkts In","6","0","1"
"236823","Edwards Brothers Inc","don.edwards@edwardsbrothers.com","201 Houston St # 302","NULL","6308798724","273298","Printers-Books","NULL"," Email <---> Revenue ","138884","EDWARDS BROTHERS INC","693 BLACKHAWK DR","BATAVIA","IL","60510","Kane","","6308798724","","JOHN JAJICH","Manager","M","62000000","899","273200","Book Printin","6","0","1"
"376165","CIT Group","Dominic.Troglia@citgroup.com","19521 NE Frontage Rd","NULL","8157448358","501208","Automobile & Truck Brokers","NULL"," Email <---> Revenue ","579334","CIT Group","19521 NE Frontage Rd","Joliet","IL","60431","Will","","8157448358","","Dominic Troglia","Owner","Mal","74000000","20","501208","Automobile &","6","0","1"
"366531","Elegant Packaging Co","dmurphy@elegantpackaging.com","5253 W Roosevelt Rd","7086526444","7086526633","265201","Boxes-Paper (Manufacturers)","www.elegantpackaging.com"," Email <---> Revenue ","696443","Elegant Packaging Co","5253 W Roosevelt Rd","Cicero","IL","60804","Cook","www.elegantpackaging.com","7086526633","7086526444","Jesse Perez","Manager","Mal","81000000","75","265201","Boxes-Paper ","6","0","1"
"399197","Valspar Corp","dlovell@valspar.com","901 N Greenwood Ave","2707466815","8159367705","519803","Paint-Wholesale","www.valspar.com"," Email <---> Revenue ","1075802","Valspar Corp","901 N Greenwood Ave","Kankakee","IL","60901","Kankakee","www.valspar.com","8159367705","8159367811","Amy Dierdorff","Plant Mgr","Fem","77520000","170","519803","Paint-Wholes","6","0","1"
"331796","Jack B Kelley Inc","david.steinman@jackbkelley.com","3030 May Rd","NULL","8152247940","999977","Nonclassified Establishments","NULL"," Email <---> Revenue ","219550","JACK B KELLEY INC","3030 MAY RD","PERU","IL","61354","La Salle","","8152247940","","DON DONOFRIO","Manager","M","59800000","650","421300","Trucking","6","0","1"
"358532","Ars","D.Shinivar@arsawardsandgifts.com","7333 Duvan Dr","6307732728","6308322979","507510","Heating Equipment & Systems (Wholesale)","NULL"," Email <---> Revenue ","520811","Ars","7333 Duvan Dr","Tinley Park","IL","60477","Cook","www.ars.com","6308322979","6307732728","Dale Shinivar","Owner","Mal","51000000","100","507510","Heating Equi","6","0","1"
"225662","Mulberry Center At Harrisburg","Claude@harrisburgmedicalcenter.com","PO Box 428","6182522077","6182520999","811111","Divorce Assistance","NULL"," Email <---> Revenue ","907395","Mulberry Center At Harrisburg","100 Hospital Dr","Harrisburg","IL","62946","Saline","www.harrisburgmedicalcenter.com","6182520999","6182522077","Claude Chatterton","CEO","Mal","66800000","400","811111","Divorce Assi","6","2","1"
"410052","Aspen Marketing Svc","chorn@aspenms.com","1240 W North Ave","6302939609","6302939600","731101","Advertising-Agencies & Counselors","NULL"," Email <---> Revenue ","35518","ASPEN MARKETING SVC","1240 W NORTH AVE","WEST CHICAGO","IL","60185","DuPage","","6302939600","","PAT O'RAHILLY","Owner","M","87500000","350","874203","Mrkting Cons","6","0","1"
"379379","Union Electronics Distributors","CecichD@ued.net","311 E Corning Rd","7089469200","7089469500","506506","Television & Radio Supplies & Parts-Whol","NULL"," Email <---> Revenue ","1070755","Union Electronics Distributors","311 E Corning Rd","Beecher","IL","60401","Will","www.ued.net","7089469500","7089469200","David Cecich","Owner","Mal","70700000","70","506506","Television &","6","0","1"
"400841","Commander Packaging","Casey@commanderpkg.com","25777 Cleveland Ave","7083674010","7083674000","511318","Boxes-Corrugated & Fiber (Wholesale)","NULL"," Email <---> Revenue ","624820","Commander Packaging","25777 Cleveland Ave","Monee","IL","60449","Will","www.commanderpkg.com","7083674000","7083674010","John Casey","CEO","Mal","82800000","100","511318","Boxes-Corrug","6","0","1"
"88629","Alzheimer''s Association","c.baudenistel@elsevier.com","225 N Michigan Ave # 17","3123358700","3123358700","832233","Support Groups","www.alz.org"," Email <---> Revenue ","503239","Alzheimer's Association","225 N Michigan Ave # 17","Chicago","IL","60601","Cook","www.alz.org","3123358700","3123351110","Gary Bieting","President","Mal","68259000","0","832233","Support Grou","6","1","1"
"312799","Ergo-Help","Bruno@ergo-help.thomasregister.com","2466 E Oakton St","8475930797","8475930722","508426","Material Handling Equipment (Wholesale)","NULL"," Email <---> Revenue ","703510","Ergo-Help","2466 E Oakton St","Arlington Hts","IL","60005","Cook","","8475930722","8475930797","Bruno Vatel","Owner","Mal","53856000","99","508426","Material Han","6","0","1"
"143377","Altorfer Power Systems","Altorfer@altorfer.com","4200 Rodger St","2175290020","2173276228","508206","Contractors-Equip/Supls-Dlrs/Svc (Whol)","NULL"," Email <---> Revenue ","502820","Altorfer Power Systems","4200 Rodger St","Springfield","IL","62703","Sangamon","www.altorfer.com","2173276228","2175290020","Donald Altorfer","Owner","Mal","66600000","100","508206","Contractors-","6","0","1"
"207460","George Sollitt Construction Co","Al.F.Zabinski@sollitt.com","790 N Central Ave","6308607347","6308607333","154299","General Contractors-Nonresidential Bldgs","NULL"," Email <---> Revenue ","749907","George Sollitt Construction Co","790 N Central Ave","Wood Dale","IL","60191","Du Page","www.sollitt.com","6308607333","6308607347","Howard Strong","President","Mal","56300000","35","154299","General Cont","6","0","1"
