"Waterloo Industries Inc","6608260960","1500 Waterloo Dr","Sedalia","57456000","Grant Jones","Plant Mgr","Mal","27107","W","Waterloo Industries Inc","info@wi.com","1500 Waterloo Dr","Sedalia","MO","65301","3192356408","6608260960","244104","Tool Chests Kits/Bags Etc-Manufacturers","www.waterlooindustries.com","11","0"
"Curtis Toledo Inc","3143831300","1905 Kienlen Ave","St Louis","52950000","K M Carpenter","President","","53500","C","Curtis Toledo Inc","info@curtistoledo.com","1905 Kienlen Ave","St Louis","MO","63133","3143811439","3143831300","356301","Compressors-Manufacturers","www.curtistoledo.com","11","0"
"Color Art Integrated Interiors","3144323000","1325 N Warson Rd","St Louis","57000000","Joe Steiner","CEO","Mal","84488","C","Color Art Integrated Interiors","info@color-art.com","1325 N Warson Rd","St Louis","MO","63132","3149932752","3144323000","571216","Furniture-Dealers-Retail","www.color-art.com","11","0"
"Kansas City Freightliner Sales","8164534400","7800 NE 38th St","Kansas City","64700000","Mike Westfall","Manager","Mal","88908","K","Kansas City Freightliner Sales","info@kcfreightliner.com","7800 NE 38th St","Kansas City","MO","64161","8164538470","8164534400","551105","Truck-Dealers","www.kcfreightliner.com","11","0"
"Bon Ami Co","8168421230","510 Walnut St","Kansas City","54000000","Gordon Beaham","CEO","Mal","102360","B","Bon Ami Co","info@gardenweasel.com","510 Walnut St","Kansas City","MO","64106","8168423417","8168421230","284101","Soaps & Detergents-Manufacturers","www.gardenweasel.com","11","0"
"Marcone Appliance Parts Ctr","3142317141","2300 Clark Ave","St Louis","82800000","","","","118837","M","Marcone Appliance Parts Ctr","marketing@marcone.com","2300 Clark Ave","St Louis","MO","63103","8132471818","3142317141","506401","Appliances-Household-Major-Supls (Whol)","www.marcone.com","11","0"
"Banta Publications Group","8167925300","3401 Heartland Dr","Liberty","72960000","Andy Johnson","Manager","Mal","140480","B","Banta Publications Group","info@banta.com","3401 Heartland Dr","Liberty","MO","64068","9529412154","8167925300","275202","Printers","www.banta.com","11","0"
"Semco Plastic Co Inc","3144874557","5301 Old Baumgartner Rd","St Louis","56970000","Chuck Voelkel","Owner","Mal","144089","S","Semco Plastic Co Inc","sales@semcoplastics.com","5301 Old Baumgartner Rd","St Louis","MO","63129","3144874724","3144874557","308201","Plastics-Rod,Tube,Sheets,Etc-Supl (Mfr)","Tube","11","0"
"Superior Home Products","6363329040","211 Edinger Rd","Wentzville","64800000","Chip Daggett","President","Mal","146576","S","Superior Home Products","contactus@suphome.com","211 Edinger Rd","Wentzville","MO","63385","6363329054","6363329040","503201","Marble-Cultured (Wholesale)","www.suphome.com","11","0"
"LMI Aerospace Inc","6369466525","3600 Mueller Rd","St Charles","85908000","Ronald S Saks","CEO","Mal","148179","L","LMI Aerospace Inc","webmaster@lmiaerospace.com","3600 Mueller Rd","St Charles","MO","63301","9725544425","6369466525","372801","Aircraft Components-Manufacturers","www.lmiaerospace.com","11","0"
"AJM Packaging Corp","4177819339","3400 Enterprise Ave","Joplin","68960000","Joe Overmyer","Plant Mgr","Mal","153060","A","AJM Packaging Corp","info@ajmpack.com","3400 Enterprise Ave","Joplin","MO","64801","6312731757","4177819339","262101","Paper-Manufacturers","www.ajmpack.com","11","0"
"EMJ Co","8164834140","1800 Universal Ave","Kansas City","83760000","Darrell Steiner","Manager","Mal","154958","E","EMJ Co","privacy@emjmetals.com","1800 Universal Ave","Kansas City","MO","64120","5104875513","8164834140","505106","Steel-Distributors & Warehouses","www.emjmetals.com","11","0"
"Sumner Group","3146450769","2121 Hampton Ave","St Louis","52400000","Fred Weaver","Manager","Mal","156195","S","Sumner Group","webmaster@sumner-group.com","2121 Hampton Ave","St Louis","MO","63139","3146338008","3146450769","504403","Copying & Duplicating Machines & Supls","www.sumner-group.com","11","0"
"Meramec Industries Inc","5734683101","338 Ramsey Dr","Sullivan","99300000","David Mcclure","Plant Mgr","Mal","156352","M","Meramec Industries Inc","info@meramec.com","338 Ramsey Dr","Sullivan","MO","63080","5738603101","5734683101","308101","Polyethylene Materials & Prods (Mfrs)","www.meramec.com","11","0"
"Efco Corp","4172353193","1000 County Rd","Monett","93300000","Christopher Fuldner","CEO","Mal","160667","E","Efco Corp","marketing@efcocorp.com","1000 County Rd","Monett","MO","65708","4172353193","4172357313","335498","Aluminum Extruded Products (Mfrs)","www.efcocorp.com","11","0"
"Johnson Marcraft Inc","3147390037","11880 Dorsett Rd","Maryland Heights","52600000","Ron Scharf","President","Mal","162200","J","Johnson Marcraft Inc","customerservice@johnson-marcraft.com","11880 Dorsett Rd","Maryland Heights","MO","63043","3147391556","3147390037","358598","Air Conditioning/Htg/Refrig Equip (Mfrs)","www.johnson-marcraft.com","11","0"
"Rexel United","3144273333","1530 Fairview Ave","St Louis","65800000","Jim Briscuso","Manager","Mal","164680","R","Rexel United","info@united-electric.com","1530 Fairview Avenue","Saint Louis","MO","63132","3144273333","3144273618","4931","Electric services","null","11","0"
"Tnemec Co Inc","8164833400","6800 Corporate Dr","Kansas City","83420000","Pete Cortelyou","President","Mal","167537","T","Tnemec Co Inc","marketing@tnemec.com","6800 Corporate Dr","Kansas City","MO","64120","8164832951","8164833400","347904","Coatings-Protective-Manufacturers","www.tnemec.com","11","0"
"Midway","5734456363","5875 W Van Horn Tavern Rd","Columbia","61050000","Stan Frinks","VP","Mal","183661","M","Midway","humanresources@midwayusa.com","5875 W Van Horn Tavern Rd","Columbia","MO","65203","5734456363","5734456363","596102","Mail Order & Catalog Shopping","www.midwayusa.com","11","0"
"Charles Industries","5732885212","1411 Mcroberts Rd","Canton","65660000","Glen Ledbury","Plant Mgr","Mal","185581","C","Charles Industries","webmaster@charlesindustries.com","1411 Mcroberts Rd","Canton","MO","63435","2179322943","5732885212","366102","Telephone Equipment & Systems-Mfrs","www.charlesindustries.com","11","0"
"KMOV","3146214444","1 S Memorial Dr # 1","St Louis","63200000","Allan Cohen","President","Mal","186702","K","KMOV","employment@kmov.com","1 S Memorial Dr # 1","St Louis","MO","63102","3144446393","3146214444","483301","Television Stations & Broadcasting CO","www.kmov.com","11","0"
"Shinn Fu","8168916390","10939 N Pomona Ave","Kansas City","60000000","Nicole Whaung","President","Fem","187627","S","Shinn Fu","info@mvphk.com","10939 N Pomona Ave","Kansas City","MO","64153","8168916599","8168916390","509905","Importers","www.shinnfu.com","11","0"
"Baker Enterprises","5736632235","Highway 21 N","Ellington","63540000","Mike Mcnail","President","Mal","195753","B","Baker Enterprises","purchasing@baker-online.com","Highway 21 N","Ellington","MO","63638","5736632787","5736632235","503105","Pallets & Skids (Wholesale)","www.baker-online.com","11","0"
"Gardner Denver Inc","6608268341","305 N State Fair Blvd","Sedalia","59200000","Doug Morrison","Plant Mgr","Mal","196227","G","Gardner Denver Inc","webmaster@gardnerdenver.com","305 N State Fair Blvd","Sedalia","MO","65301","7704865655","6608268341","356398","Air & Gas Compressors (Manufacturers)","www.gardnerdenver.com","11","0"
"Hollister Inc","6606655151","1 Schneider St","Kirksville","54880000","Bill Ciehanski","Plant Mgr","Mal","196675","H","Hollister Inc","billing@hollinet.com","1 Schneider St","Kirksville","MO","63501","6607857000","6606655151","384198","Surgical/Med Instruments/Apparatus (Mfr)","www.hollinet.com","11","0"
