"HERITAGE BUILDING SYSTEMS","5019453377","2612 GRIBBLE ST","N LITTLE ROCK","28200000","MIKE TURNER","Vice-President","M","3590","H","Heritage Building Systems","webmaster@steelbuilding.com","2612 Gribble","NORTH LITTLE ROCK","AR","72114","null","null","738999","Business Services Nec","INTERIOROFFICES.COM^^ONEBUILDING.COM^^STEELBLDG.COM","11","0"
"MHC Kenworth Inc","5014901500","8001 E Port Dr","Little Rock","33600000","Todd Venable","Manager","Mal","8951","M","MHC Kenworth Inc","contactus@mhctruck.com","8001 E Port Dr","Little Rock","AR","72206","9722249507","5014901500","501302","Truck Equipment & Parts-Wholesale","www.mhctruck.com","11","0"
"Ozark Co-Operative Warehouse","4795214920","1601 E Pump Station Rd","Fayetteville","29540000","Richard Davies","Manager","Mal","18939","O","Ozark Co-Operative Warehouse","support@coopshopper.com","1601 E Pump Station Rd","Fayetteville","AR","72701","4795219100","4795214920","514914","Health Food Products-Wholesale","www.ozark.coop","11","0"
"Lambert Of Arkansas Inc","8703392365","130 Industrial Dr","Hughes","49420000","Stephen Kroul","President","Mal","31352","L","Lambert Of Arkansas Inc","info@lambertkay.com","PO Box 826","Hughes","AR","72348","8703392628","8703392365","503122","Picture Frames-Mfrs Supplies (Whol)","NULL","11","0"
"BELLEVILLE SHOE SOUTH INC","8709463526","PO BOX 111","DE WITT","25900000","TIM GLADWELL","Manager","M","35254","B","Belleville Shoe South Inc","webmaster@bellevilleshoe.com","1800 S Jackson St","De Witt","AR","72042","6182335617","8709463526","314402","Shoes-Manufacturers","www.bellevilleshoe.com","11","0"
"Shippers Paper Products Co","8709422151","808 Blake Rd","Sheridan","41470000","Jeff Maness","Plant Mgr","Mal","41006","S","Shippers Paper Products Co","sales@itwshippers.com","808 Blake Rd","Sheridan","AR","72150","9313797735","8709422151","267101","Packaging Materials-Manufacturers","www.itwshippers.com","11","0"
"SMITH-BLAIR INC","8707743561","30 GLOBE AVE","TEXARKANA","26800000","KEVIN CHEATHAM","President","M","43782","S","Smith-Blair Inc","info@smith-blair.com","30 Globe Ave","Texarkana","AR","71854","8707735226","8707743561","358902","Water Works Equipment & Supplies-Mfrs","www.smith-blair.com","11","0"
"Triple S Alarm","5016644599","2820 Cantrell Rd","Little Rock","26320000","Mary Edwards","Manager","Fem","51043","T","Triple S Alarm","info@triplesalarm.com","2820 Cantrell Rd","Little Rock","AR","72202","5016640586","5016644599","506324","Burglar Alarm Systems (Wholesale)","www.triplesalarm.com","11","0"
"Inmon Truck Sales","5019450111","79 Inmon Rd","N Little Rock","25900000","David Inmon","Owner","Mal","55393","I","Inmon Truck Sales","sales@inmontrks.com","PO Box 17802","NORTH LITTLE ROCK","AR","72117","5019451111","5019450112","421304","Trucking","INMONTRKS.COM","11","0"
"SLOAN VALVE CO","8703472501","PO BOX 60","AUGUSTA","42000000","ROBERT BEARD","Manager","M","60171","S","Sloan Valve Co","webmaster@sloanvalve.com","2719 Business Highway 33","Augusta","AR","72006","8703472129","8703472501","349198","Industrial Valves (Manufacturers)","www.sloanvalve.com","11","0"
"Akin Industries","8703676263","113 Commerce Dr","Monticello","41600000","Mike Akin","President","Mal","63552","A","Akin Industries","info@akinindustries.com","147 Commerce Dr","Monticello","AR","71655","8703675230","8703676263","259901","Furniture-Manufacturers","www.akinindustries.com","11","0"
