"Shop 'n Save","3149840322","10461 Manchester Rd","Kirkwood","36400000","Marlene Gebhardt","President","Fem","91","S","Shop 'n Save","Marlene@hannaford.com","10461 Manchester Rd","Kirkwood","MO","63122","3149841350","3149840322","541105","Grocers","NULL","0","0"
"Martec Pharmaceutical Inc","8162414144","1800 N Topping Ave","Kansas City","34650000","Ruland Fridrich","President","Mal","878","M","Martec Pharmaceutical Inc","Paul.Sudhakar@martec-kc.com","1800 N Topping Ave","Kansas City","MO","64120","8164835432","8162414144","283404","Drug Millers","NULL","0","0"
"Epoch Group","3148213957","10795 Watson Rd","St Louis","27600000","Tom Sax","President","Mal","1424","E","Epoch Group","TomS@bustools.com","10795 Watson Rd","St Louis","MO","63127","3148212532","3148213957","641110","Insurance-Claim Processing Services","NULL","0","0"
"Diversified Plastics Corp","4177252622","120 W Mount Vernon St","Nixa","26000000","Ken Magers","President","Mal","2695","D","Diversified Plastics Corp","ken.magers@dpcap.com","PO Box 398","Nixa","MO","65714","4177255925","4177252622","308601","Plastics-Foam (Manufacturers)","NULL","0","0"
"Mechanical Systems","3142987471","11438 Old Saint Charles Rd","Hazelwood","47055000","Brian Schlattman","Owner","Mal","2822","M","Mechanical Systems","Schlattman@msiwyo.com","11438 Old Saint Charles Rd","Hazelwood","MO","63044","3142987471","3142987471","291111","Oil Recovery-Enhanced","NULL","0","0"
"PAR-Way Tryson","6366294545","107 Bolte Ln","St Clair","25000000","Dennis Norton","Manager","Mal","4939","P","PAR-Way Tryson","ellena@parway.com","107 Bolte Ln","St Clair","MO","63077","6366291330","6366294545","399903","Manufacturers","www.parway.com","0","0"
"Andrews Mc Meel Publishing","8169326700","4520 Main St # 700","Kansas City","42380000","Kathleen W Andrews","CEO","Fem","9189","A","Andrews Mc Meel Publishing","kandrews@amuniversal.com","4520 Main St # 700","Kansas City","MO","64111","8169326684","816-932-6700","273101","Publishers-Book","or Publishing and Printing (except music books and Internet book publishing)","0","0"
"Friend's Plumbing","8167796770","PO Box 365","Peculiar","36500000","Bob Miller","Owner","Mal","10494","F","Friend's Plumbing","BobMiller@friendsplumbing.com","PO Box 365","Peculiar","MO","64078","NULL","8167796770","171105","Plumbing Contractors","NULL","0","0"
"Bomag Paving Products","6604224272","618 N Enterprise Dr","Warrensburg","39840000","James Gilcrest","Owner","Mal","15374","B","Bomag Paving Products","JamesG@gilcrestequipment.com","618 N Enterprise Dr","Warrensburg","MO","64093","8167324941","6604224272","508310","Farm Equipment (Wholesale)","NULL","0","0"
"Global Granite & Marble","3144261466","10330 Page Industrial Blvd","St Louis","28800000","David Havens","President","Mal","21693","G","Global Granite & Marble","DH@globalgranite.com","10330 Page Industrial Blvd","St Louis","MO","63132","3144261814","3144261466","503202","Marble-Natural (Wholesale)","NULL","0","0"
"Koch Equipment","8167532150","1414 W 29th St","Kansas City","49800000","John Starr","Owner","Mal","28651","K","Koch Equipment","John_Starr@kochequipment.com","1414 W 29th St","Kansas City","MO","64108","8167534976","8167532150","508302","Meat Packers Equipment & Supplies (Whol)","NULL","0","0"
"Banta Foods Inc","4178626644","1620 N Packer Rd","Springfield","35100000","Charles T Banta Jr","Owner","Mal","29395","B","Banta Foods Inc","bscorse@bantafoods.com","3523 N National","SPRINGFIELD","MO","65803","4178626644","4178657223","203204","Food Specialties","ORDERBANTAFOODS.COM;ORDERBANTAFOODSONLINE.COM","0","0"
"Autco","3144267370","10900 Midwest Industrial Blvd","St Louis","42000000","Michael Hennessey","Owner","Mal","31778","A","Autco","HM@autco.com","10900 Midwest Industrial Blvd","St Louis","MO","63132","3144267378","3144267370","506404","Appliances-Household-Major-Wholesale","NULL","0","0"
"Southern Mo Insurance Pool","4178638976","1155 N Eldon Ave","Springfield","37000000","Steven Gerety","Manager","Mal","35841","S","Southern Mo Insurance Pool","cservice@iaai.com","1155 N Eldon Ave","Springfield","MO","65803","7045967492","4178638976","501208","Automobile & Truck Brokers","www.iaai.com","0","0"
"Rbg & Co LLP","3142903300","1 N Brentwood Blvd # 1100","St Louis","25750000","Harvey Brown","Owner","Mal","45268","R","Rbg & Co LLP","amal.mansuri@rbg.com","1 N Brentwood Blvd # 1100","St Louis","MO","63105","3142903400","3142903300","872102","Accounting & Bookkeeping General Svc","NULL","0","0"
"Lowe Automotive Warehouse","3147527477","1000 Camera Ave # B","St Louis","26880000","Jeff Lowe","Owner","Mal","48279","L","Lowe Automotive Warehouse","L_Jeff@loweauto.com","1000 Camera Ave # B","St Louis","MO","63126","3147529887","3147527477","501313","Automobile Parts & Supplies-Wholesale","NULL","0","0"
"Jarrell Contracting & Svc Co","3142910100","4208 Rider Trl N","Earth City","40000000","Michael Jarrell","President","Mal","48665","J","Jarrell Contracting & Svc Co","towens@cejarrell.com","4208 Rider Trl N","Earth City","MO","63045","3142912803","3142910100","344403","Sheet Metal Fabricators","NULL","0","0"
"C & R Mechanical Co","3147391800","12825 Pennridge Dr","Bridgeton","26280000","George Edinger Sr","President","Mal","51032","C","C & R Mechanical Co","dniederer@crmechanical.com","12825 Pennridge Dr","Bridgeton","MO","63044","3147391721","3147391800","171114","Mechanical Contractors","NULL","0","0"
"Colorworks","8164217777","1331 Saline St","Kansas City","42900000","Mike Worse","President","Mal","53662","C","Colorworks","Mike@thecolorworks.net","1331 Saline St","Kansas City","MO","64116","8168428782","8164217777","275998","Commercial Printing Nec","NULL","0","0"
"Comet Industries Inc","8162459400","2401 Nicholson Ave","Kansas City","32900000","Randy Haan","Manager","Mal","54850","C","Comet Industries Inc","Tayna.Shepherd@cometind.com","2405 Nicholson Ave # 1","Kansas City","MO","64120","8162455435","8162459400","374304","Railroad Equipment (Manufacturers)","NULL","0","0"
"Loyd's Electric Supply Inc","4173342171","117 E College St","Branson","46060000","Phil Loyd","Owner","Mal","54979","L","Loyd's Electric Supply Inc","ployd@loydselectric.com","117 E College St","Branson","MO","65616","4173342171","4173346635","506318","Light Bulbs & Tubes (Wholesale)","www.loydselectric.com","0","0"
"Adventure Fun","3146922400","5800 Fee Fee Rd","Hazelwood","33000000","Ed Grambrell","Owner","Mal","63113","A","Adventure Fun","Grambrell.Ed@adventurefun.com","5800 Fee Fee Rd","Hazelwood","MO","63042","3146922520","3146922400","792905","Entertainment Bureaus","NULL","0","0"
"Siggins Co","8164217670","512 E 12th Ave","Kansas City","26656000","Victor Perelmuter","President","Mal","63539","S","Siggins Co","sigginsinfo@siggins.net","512 E 12th Ave","Kansas City","MO","64116","8164212162","8164217670","508426","Material Handling Equipment (Wholesale)","www.siggins.net","0","0"
"Gateway Rack Corp","3143817069","5739 Natural Bridge Ave","St Louis","25870000","Dave Mill","President","Mal","66476","G","Gateway Rack Corp","Charles.Mill@glinn.com","5739 Natural Bridge Ave","St Louis","MO","63120","3143815908","3143817069","504611","Racks (Wholesale)","NULL","0","0"
"Alpha Plastics Inc","3144274300","1555 Page Industrial Blvd","St Louis","42350000","David R Spence","President","Mal","66663","A","Alpha Plastics Inc","Dave.Spence@alphaplastic.com","1555 Page Industrial Blvd","St Louis","MO","63132","3144275445","3144274300","308598","Plastic Bottles (Manufacturers)","NULL","0","0"
"Midwest Wholesale Hardware Co","8162415663","1000 Century Dr","Kansas City","28490000","Terry Moser","Manager","Mal","67463","M","Midwest Wholesale Hardware Co","comments@midwestwholesale.com","1000 Century Dr","Kansas City","MO","64120","8162414971","8162415663","507207","Hardware-Wholesale","www.midwestwholesale.com","0","0"
"Dunham & Smith Agencies","3144362155","800 Saint Louis Union # 400","St Louis","34110000","Liz Jeans","VP","Fem","67873","D","Dunham & Smith Agencies","lmalloy@dunhamsmith.com","800 SAINT LOUIS UNION STA STE 400","SAINT LOUIS","MO","63103","3144271564","null","5999","Galleries-arts & crafts","DSPHOTOGALLERY.COM","0","0"
"Hermann Oak Leather Co","3144211173","4050 N 1st St","St Louis","29100000","L S Hermann","Owner","Mal","68528","H","Hermann Oak Leather Co","tmooney@hermannoakleather.com","4050 N 1st St","St Louis","MO","63147","3144216152","3144211173","311198","Leather-Tanning & Finishing (Mfrs)","NULL","0","0"
"Collins & Hermann Inc","3148698000","1215 Dunn Rd","St Louis","36000000","Timothy Hermann","Owner","Mal","74579","C","Collins & Hermann Inc","tim.hermann@collinsandhermann.com","1215 Dunn Rd","St Louis","MO","63138","3148698498","3148698000","503903","Fence (Wholesale)","NULL","0","0"
"Fredman Bros Mfg","3144263999","8226 Lackland Rd","St Louis","45850000","Carmi Fredman","President","Mal","74827","F","Fredman Bros Mfg","Carmi@glideaway.com","8226 Lackland Rd","St Louis","MO","63114","3144264676","3144263999","399903","Manufacturers","NULL","0","0"
"A M Fireworks","4178390614","5412 S 244th Rd","Buffalo","28960000","Aaron Mayfield","Owner","Mal","75210","A","A M Fireworks","Aaron@ampyro.com","5412 S 244th Rd","Buffalo","MO","65622","NULL","4178390614","509202","Fireworks (Wholesale)","NULL","0","0"
"Nomax Inc","3149612500","40 N Rock Hill Rd","Webster Groves","38500000","Charles L Voellinger","President","Mal","76966","N","Nomax Inc","clvoellinger@nomax.com","40 N Rock Hill Rd","Webster Groves","MO","63119","3149618923","3149612500","283404","Drug Millers","www.nomax.com","0","0"
"Custom Truck & Equipment","8162414888","3527 Gardner Ave","Kansas City","48800000","Fred Ross","Owner","Mal","78275","C","Custom Truck & Equipment","Fred@ctsllc.com","3527 Gardner Ave","Kansas City","MO","64120","8162418826","8162414888","552101","Truck-Dealers-Used","NULL","0","0"
"Hy-Vee Food Stores","8165051000","8301 N Saint Clair Ave","Kansas City","45500000","Dave Grond","Executive Director","Mal","80271","H","Hy-Vee Food Stores","hrmail@hy-vee.com","8301 N Saint Clair Ave","Kansas City","MO","64151","5633223017","8165051000","541105","Grocers-Retail","www.hy-vee.com","0","0"
"Missouri Care","5734412100","2404 Forum Blvd","Columbia","29546000","Donna Checkett","CEO","Fem","82261","M","Missouri Care","DonnaC@missouricare.com","2404 Forum Blvd","Columbia","MO","65203","5734412199","5734412100","632404","Health Plans","NULL","0","0"
"Garnett Wood Products","4178675684","11400 County Road 9890","Brandsville","41880000","Mark Garnett","Owner","Mal","82419","G","Garnett Wood Products","Garnett@garnettwood.com","PO Box 525","Brandsville","MO","65688","4178673242","4178675684","505114","Nails & Tacks (Wholesale)","NULL","0","0"
"E G & G Optoelectronics","3144234900","10900 Page Ave","St Louis","41040000","Paul Shaver","President","Mal","83631","E","E G & G Optoelectronics","S_Paul@egginc.com","10900 Page Ave","St Louis","MO","63132","3144233956","3144234900","367498","Semiconductors & Related Devices (Mfrs)","NULL","0","0"
"Terminal Consolidation Co","8164535101","3600 NE Great Midwest Dr","Kansas City","27300000","David Nickell","Owner","Mal","88739","T","Terminal Consolidation Co","david.aubrey@kcpiggy.com","3600 NE Great Midwest Dr","Kansas City","MO","64161","8164530753","8164535101","421309","Trucking-Motor Freight","www.kcpiggy.com","0","0"
"Arnold Worldwide","3144216610","701 Market St # 200","St Louis","33000000","Les Diveley","President","Mal","90182","A","Arnold Worldwide","DiveleyLes@arn.com","701 Market St # 200","St Louis","MO","63101","3144215627","3144216610","731101","Advertising-Agencies & Counselors","NULL","0","0"
"Architectural Systems Inc","4172355003","707 W Us Highway 60","Monett","29652000","Charlie Locater","Owner","Mal","91795","A","Architectural Systems Inc","charlie.locater@architecturalsystemsinc.com","PO Box 519","Monett","MO","65708","4172355323","4172355003","503114","Building Materials-Wholesale","NULL","0","0"
"Crane Merchandising Systems","3142912466","12949 Enterprise Way","Hazelwood","42200000","John Carsanti","President","Mal","94568","C","Crane Merchandising Systems","JohnB@cranecams.com","12955 Enterprise Way","Bridgeton","MO","63044","3142983505","3142983500","358101","Vending Machines-Manufacturers","NULL","0","0"
"Ozark Structures","4178655517","5731 W Us Highway 60","Brookline Sta","25800000","Jim Datema","President","Mal","94577","O","Ozark Structures","Datema_Jim@ozarkstructures.com","5731 W Us Highway 60","Brookline Sta","MO","65619","4178657891","4178655517","521124","Trusses-Construction Whol & Mfrs","NULL","0","0"
"Noble & Assoc","4178755000","2155 W Chesterfield Blvd","Springfield","32400000","Robert Noble","CEO","Mal","95157","N","Noble & Assoc","Robert@noble.net","2155 W Chesterfield Blvd","Springfield","MO","65807","4178755051","4178755000","731101","Advertising-Agencies & Counselors","NULL","0","0"
"Electrorep","3149912600","2121 Schuetz Rd","St Louis","35872000","Fred Herdlick","President","Mal","95574","E","Electrorep","FredH@electrorep.com","PO Box 460200","St Louis","MO","63146","3149913852","3149912600","509908","Manufacturers-Agents & Representatives","NULL","0","0"
"Provider Plus Inc","3149618500","7748 Watson Rd","St Louis","47840000","Kathleen Serafin","Owner","Fem","96528","P","Provider Plus Inc","kms@providerplus.com","7748 Watson Rd","St Louis","MO","63119","3149636802","3149618500","504712","Hospital Equipment & Supplies (Whol)","www.providerplus.com","0","0"
"U S Paint Corp","3146210525","831 S 21st St","St Louis","30000000","Chris Von Der Heyde","President","Mal","97273","U","U S Paint Corp","mhuber@uspaint.com","831 S 21st St","St Louis","MO","63103","3146210722","3146210525","285198","Paint Varnish & Allied Products (Mfrs)","NULL","0","0"
"Matthews Medical Books","3144321400","11559 Rock Island Ct","Hazelwood","26600000","John Marcus","CEO","Mal","99722","M","Matthews Medical Books","JohnMarcus@matthewsbooks.com","11559 Rock Island Ct","Hazelwood","MO","63043","3144327044","3144321400","594204","Book Dealers-Pro Technical & Trade","NULL","0","0"
"H E Williams Inc","4173584065","831 W Fairview Ave","Carthage","45000000","Mark Williams","CEO","Mal","102233","H","H E Williams Inc","kpeterson@hewilliams.com","PO Box 837","Carthage","MO","64836","4173586015","4173584065","364504","Lighting Fixtures-Manufacturers","NULL","0","0"
"Saco Petroleum Inc","8162211751","1910 Armour Rd","Kansas City","35500000","Ken W Suter","President","Mal","106439","S","Saco Petroleum Inc","bsuter@sacopetroleum.com","1910 Armour Rd","Kansas City","MO","64116","8162216736","8162211751","554101","Service Stations-Gasoline & Oil","www.sacopetroleum.com","0","0"
"Goetze Dental","8164131200","3939 NE 33rd Ter # J","Kansas City","41860000","Don Brunker","CEO","Mal","107841","G","Goetze Dental","Brunker@goetzedental.com","3939 NE 33rd Ter # J","Kansas City","MO","64117","8164530429","8164131200","504719","Dental Equipment & Supplies-Wholesale","NULL","0","0"
"Ideaman Graphics Inc","6365831145","7 Cedar Ct","Union","42480000","Ted Swoboda","Owner","Mal","110190","I","Ideaman Graphics Inc","Ted.Swoboda@produx.com","7 Cedar Ct","Union","MO","63084","6365831833","6365831145","509916","Magnets & Magnetic Devices (Wholesale)","NULL","0","0"
"D & S Mfg","6366773442","4200 Brandi Ln","High Ridge","34600000","Jon Jansky","Owner","Mal","112143","D","D & S Mfg","J_Jon@dsmfg.com","4200 Brandi Ln","High Ridge","MO","63049","6366774105","6366773442","508708","Car Washing/Polishing Equip/Supls (Whol)","NULL","0","0"
"National Information Solutions","6367552300","1 Innovation Cir","Lake St Louis","39780000","Scott Luecal","CEO","Mal","113644","N","National Information Solutions","L.Scott@nisc.cc","1 Innovation Cir","Lake St Louis","MO","63367","NULL","6367552300","737401","Data Processing Service","NULL","0","0"
"Mercy Health Plans","3142148100","14528 S Outer 40 # 300","St Louis","28000000","Tom Kelly","CEO","Mal","117698","M","Mercy Health Plans","Tom@mercyhealthplans.com","14528 S Outer 40 # 300","St Louis","MO","63146","3142148101","3142148100","809904","Health Maintenance Organizations","NULL","0","2"
"Koller-Craft Plastic Products","6363439220","1400 S Old Highway 141","Fenton","25200000","Al Koller","Owner","Mal","119094","K","Koller-Craft Plastic Products","Koller@koller-craft.com","PO Box 718","Fenton","MO","63026","6363431034","6363439220","308902","Plastics & Plastic Products (Mfrs)","NULL","0","0"
"Henry Wurst Inc","8168423113","1331 Saline St","Kansas City","48300000","Michael S Wurst","CEO","Mal","121211","H","Henry Wurst Inc","rfe@henrywurst.com","1331 Saline St","Kansas City","MO","64116","9193628793","8168423113","275998","Commercial Printing Nec","www.henrywurst.com","0","0"
"Target Windows & Doors Inc","5735946433","800 W State St","Vandalia","31770000","Dan Dickerson","VP","Mal","121793","T","Target Windows & Doors Inc","doors@targetwindowsanddoors.com","800 W State St","Vandalia","MO","63382","5735943110","5735946433","503102","Windows-Wholesale","www.targetwindows-doors.com","0","0"
"Latshaw Enterprises Inc","8163616161","800 W 47th St # 716","Kansas City","44407000","","","","122807","L","Latshaw Enterprises Inc","rick.rutledge@latshawenterprises.com","800 W 47th St # 716","Kansas City","MO","64112","8163616891","8163616161","345101","Screw Machine Products (Manufacturers)","www.latshawenterprises.com","0","0"
"Cantex Inc","5733413000","2021 Industrial Park Dr","Rolla","37932000","Tom Elliott","Plant Mgr","Mal","122863","C","Cantex Inc","cntrlcsm@cantexinc.com","2021 Industrial Park Dr","Rolla","MO","65401","7757470541","5733413000","308401","Pipe-Plastic (Manufacturers)","www.cantexinc.com","0","0"
"Swan Corp","3142318148","1 City Ctr","St Louis","35000000","John W Moore Sr","President","Mal","124110","S","Swan Corp","infomail@swanstone.com","1 City Ctr","St Louis","MO","63101","3142318165","3142318148","507406","Plumbing Fixtures & Supplies-Wholesale","www.swanstone.com","0","0"
"All Star Gas Corp","4175323103","119 W Commercial St","Lebanon","48370000","John R Gordon Jr","CEO","Mal","124169","A","All Star Gas Corp","dneugebauer@allstargas.com","PO Box 303","Lebanon","MO","65536","4175328529","4175323103","517208","Gas-Liquefied Petro-Bttld/Bulk (Whol)","NULL","0","0"
"Emerson Process Management","3148729058","2280 Schuetz Rd","St Louis","31600000","James Jordan","President","Mal","124343","E","Emerson Process Management","wilford.krenek@bettis.com","2280 Schuetz Rd","St Louis","MO","63146","3148728686","3148729058","871133","Engineers-Professional","NULL","0","0"
"Continental Manufacturing Co","3149684700","1400 Hanley Industrial Ct","St Louis","35360000","Jeff Marsh","Owner","Mal","124917","E","E.F. Marsh Engineering","jscox@marcoconvey.com","1400HanleyIndustrialDrive","SAINT LOUIS","MO","63144","3149684700","null","871106","Engineers","MARCOCONVEY.COM","0","0"
"Bohn & Dawson Inc","6362255011","3500 Tree Court Indstrl Blvd","St Louis","46280000","Steven L Hurster","President","Mal","127656","B","Bohn & Dawson Inc","petes@bohnanddawson.com","3500 Tree Court Indstrl Blvd","St Louis","MO","63122","6368256111","6362255011","331798","Steel Pipe & Tubes (Manufacturers)","www.bohnanddawson.com","0","0"
"Harbison Walker Refractories","5735946425","1000 Booker St","Vandalia","47880000","Frank Cordie","Plant Mgr","Mal","128407","H","Harbison Walker Refractories","reactions@rhi.net","1000 Booker St","Vandalia","MO","63382","3032929403","5735946425","325598","Clay Refractories (Manufacturers)","www.rhi.com","0","0"
"Tracker Marine","6608853346","1275 Golden Dr","Clinton","46200000","Loren Smith","Plant Mgr","Mal","128579","T","Tracker Marine","tcns@tcns.com","1275 Golden Dr","Clinton","MO","64735","6608859184","6608853346","373201","Boats-Manufacturers","www.tracker.com","0","0"
"Wool Shop","6605642444","RR 4 Box 90","Grant City","36400000","Jo Andrews","Owner","Fem","129939","W","Wool Shop","JoAndrews@woolshop.com","RR 4 Box 90","Grant City","MO","64456","6605643637","6605642444","515905","Wool (Wholesale)","NULL","0","0"
"Metal Exchange","3144343500","111 Westport Plz # 700","St Louis","36420000","Morris Lefton","Owner","Mal","130526","M","Metal Exchange","Morris@metalexchangecorp.com","111 Westport Plz # 700","St Louis","MO","63146","3144342196","3144343500","505128","Aluminum (Wholesale)","NULL","0","0"
"Springfield Parts Wholesale","4178874422","2829 S Scenic Ave","Springfield","38100000","Tommy Keltner","Owner","Mal","131818","S","Springfield Parts Wholesale","gay.cobb@keltners.com","2829 S Scenic Ave","Springfield","MO","65807","4178875032","4178874422","509998","Distribution Centers","NULL","0","0"
"Central States Industrial","4178311411","2700 N Partnership Blvd","Springfield","33432000","Mark Cook","Owner","Mal","132514","C","Central States Industrial","Mark@csitools.com","2700 N Partnership Blvd","Springfield","MO","65803","4178315314","4178311411","504601","Food Processing Equipment & Supls (Whol)","NULL","0","0"
"Able Body Corp","4176235131","3550 W 7th St","Joplin","26166000","John Hillenbrand","Owner","Mal","133205","A","Able Body Corp","paul.coughlin@ablebodycorp.com","1000 S Schifferdecker Ave","Joplin","MO","64801","4176233099","4176235131","329601","Fiber Glass Fabricators","NULL","0","0"
"Crown Center Redevelopment","8162744020","2405 Grand Blvd # 200","Kansas City","26160000","Bill Lucas","President","Mal","133444","C","Crown Center Redevelopment","LBill@crowncenter.com","2405 Grand Blvd # 200","Kansas City","MO","64108","8162744567","8162744020","651205","Shopping Center Developers","NULL","0","0"
"IESI","3145447400","2629 Chouteau Ave","St Louis","43400000","Chris Traughber","Plant Mgr","Fem","135670","I","IESI","cflood@iesi.com","2629 Chouteau Ave","St Louis","MO","63103","3184429704","3145447400","495302","Garbage Collection","www.iesi.com","0","0"
"Electronic Video Systems","4178814677","2029 W Woodland St","Springfield","25250000","Marta Haden","President","Fem","136690","E","Electronic Video Systems","evs@evsinc.com","2029 W Woodland St","Springfield","MO","65807","4178818753","4178814677","506515","Television Systs/Eqpt-Clsd Crct (Whol)","NULL","0","0"
"Johnstone Supply","4178661225","501 N Belcrest Ave","Springfield","28000000","Karl Benselmeyer","President","Mal","137976","J","Johnstone Supply","Benselmeyer@johnstonesupply.com","501 N Belcrest Ave","Springfield","MO","65802","4178626776","4178661225","506401","Appliances-Household-Major-Supls (Whol)","NULL","0","0"
"New Cambria Livestock Auction","6602265222","29262 State Highway 149","New Cambria","49184000","Michael Kussman","Owner","Mal","141378","N","New Cambria Livestock Auction","cattle@newcambrialivestock.com","29262 State Highway 149","New Cambria","MO","63558","6602265333","6602265222","515402","Livestock Auction Markets","www.newcambrialivestock.com","0","0"
"CARLTON-Bates Co","3142917550","2550 Harley Dr","Hazelwood","42420000","Dan Runge","Manager","Mal","142847","C","CARLTON-Bates Co","cbsales@carlton-bates.com","2550 Harley Dr","Hazelwood","MO","63043","9182501178","3142917550","506519","Electronic Equipment & Supplies-Whol","www.carlton-bates.com","0","0"
"ADT Security Svc","4178658876","3002 E Division St # A","Springfield","25250000","Rick Delloma","Manager","Mal","145906","A","ADT Security Svc","shipping@edt.com","3002 E Division St # A","Springfield","MO","65802","4178658876","4178658903","506515","Television Systs/Eqpt-Clsd Crct (Whol)","www.edt.com","0","0"
"Lowell Manufacturing Co","6362573400","100 Integram Dr","Pacific","26025000","John Lowell","President","Mal","145924","L","Lowell Manufacturing Co","Daniel.Guthrie@sprayer.com","100 Integram Dr","Pacific","MO","63069","6362576606","6362573400","365103","Sound Systems & Equipment-Manufacturers","NULL","0","0"
"Mini Circuits Missouri","4173355935","194 Symington Pl","Hollister","30300000","Logene Bernstein","Owner","Fem","146374","M","Mini Circuits Missouri","rohs@minicircuits.com","194 Symington Pl","Hollister","MO","65672","7183324661","4173355935","506519","Electronic Equipment & Supplies-Whol","www.minicircuits.com","0","0"
"Potter Electric Signal Co","3148784321","2081 Craig Rd","St Louis","43800000","Bernie Lears","CEO","Mal","146914","P","Potter Electric Signal Co","potter@pottersignal.com","2081 Craig Rd","St Louis","MO","63146","3148787264","3148784321","366901","Fire Alarm Systems-Manufacturers","www.pottersignal.com","0","0"
"St Louis Lithographing Co","3143521300","6880 Heege Rd","St Louis","30000000","John B Smart","CEO","Mal","149712","S","St Louis Lithographing Co","bwilson@stllitho.com","6880 Heege Rd","St Louis","MO","63123","3143521659","3143521300","275910","Labels (Manufacturers)","NULL","0","0"
"Shelton Business Machines","5732764803","County Rd 112","Malden","37674000","Mark Shelton","President","Mal","151493","S","Shelton Business Machines","M.Shelton@sheltonbusinessmachines.com","RR 2 Box 16","Malden","MO","63863","5732763194","5732764803","504501","Laser Printers (Wholesale)","NULL","0","0"
"AMS Distributing Inc","6363491211","2033 Hitzert Ct","Fenton","43080000","Ron Jackson","President","Mal","152935","A","AMS Distributing Inc","aking@internet.com","2033 Hitzert Ct","Fenton","MO","63026","6613993800","6363491211","519977","Wholesale","www.groupmatrix.com","0","0"
"Southwest Missouri Truck Ctr","4178690566","2527 N Eastgate Ave","Springfield","38820000","Rose Studdard","VP","Fem","153633","S","Southwest Missouri Truck Ctr","ggarton@swtrucks.com","2527 N Eastgate Ave","Springfield","MO","65803","4178691900","4178690566","551105","Truck-Dealers","www.swtrucks.com","0","2"
"PBI Gordon Corp","8164214070","1217 W 12th St","Kansas City","40000000","Richard Martin","President","Mal","153965","P","PBI Gordon Corp","etracy@pbigordon.com","1217 W 12th St","Kansas City","MO","64101","8164740462","8164214070","287998","Pesticides & Ag Chemicals Nec (Mfrs)","www.pbigordon.com","0","0"
"Central Technology Svc In","5736341121","2100 Stewart Dr","Jefferson City","41310000","Jack Cox","President","Mal","154331","C","Central Technology Svc In","cts_mail@centraltechnology.net","2100 Stewart Dr","Jefferson City","MO","65109","5736816301","5736341121","737401","Data Processing Service","www.centraltechnology.net","0","0"
"Ballast Tools Inc","6369373326","34 Goodwin Dr","Festus","26080000","Edward Williams","Owner","Mal","155794","B","Ballast Tools Inc","kathygray@ballasttools.com","34 Goodwin Dr","Festus","MO","63028","6369373386","6369373326","374304","Railroad Equipment (Manufacturers)","www.ballasttools.com","0","0"
"Witte Brothers Exchange","6365286131","575 Witte Industrial","Troy","37750000","Brent Witte","Owner","Mal","155996","W","Witte Brothers Exchange","scarter@wittebros.com","575 Witte Industrial","Troy","MO","63379","6365286139","6365286131","421309","Trucking-Motor Freight","www.wittebros.com","0","0"
"Sonoco Products Co","3143442200","13300 Interstate Dr","Maryland Heights","31320000","Ron Wendt","Plant Mgr","Mal","156787","S","Sonoco Products Co","corporate.communications@sonoco.com","13300 Interstate Dr","Maryland Heights","MO","63043","6206627442","3143442200","265503","Packaging Containers (Manufacturers)","www.sonoco.com","0","0"
"Chemisphere Corp","3146441300","2101 Clifton Ave","St Louis","35035000","Avery Seidel","CEO","Mal","157963","C","Chemisphere Corp","mschwent@chemispherecorp.com","2101 Clifton Ave","St Louis","MO","63139","3146441425","3146441300","516916","Chemicals (Wholesale)","www.chemispherecorp.com","0","0"
"Del Monte Foods","8162416242","6311 Deramus Ave","Kansas City","33060000","Kelly Radke","Manager","Mal","159832","D","Del Monte Foods","contact-ap@freshdelmonte.com","6311 Deramus Ave","Kansas City","MO","64120","2538503182","8162416242","514801","Fruits & Vegetables-Wholesale","www.freshdelmonte.com","0","0"
"Schaeffer Manufacturing Co","3148654100","102 Barton St","St Louis","31000000","Tom Herrmann","President","Mal","163679","S","Schaeffer Manufacturing Co","mschiefer@schaefferoil.com","102 Barton St","St Louis","MO","63104","3148654107","3148654100","299298","Lubricating Oils & Greases (Mfrs)","www.schaefferoil.com","0","0"
"CROSSMARK","3147398600","4100 Rider Trl N","Hazelwood","26151000","Dennis Kenkel","Manager","Mal","163714","C","CROSSMARK","tim.hauser@crossmark.com","4100 Rider Trl N","Hazelwood","MO","63043","5036571052","3147398600","514102","Food Brokers","www.crossmark.com","0","0"
"Sam's Club","8164520005","5110 N Oak Trfy","Kansas City","39852000","Dawn Miller","Manager","Fem","164927","S","Sam's Club","trkload@samsclub.com","5110 N Oak Trfy","Kansas City","MO","64118","8164520005","8164597843","531102","Department Stores","www.samsclub.com","0","1"
"Z International Inc","8164748400","110 E 16th Ave","Kansas City","36465000","F W Zschietzschman","CEO","Mal","165015","Z","Z International Inc","mderra@zintl.com","110 E 16th Ave","Kansas City","MO","64116","8168429179","8164748400","275910","Labels (Manufacturers)","www.zintl.com","0","0"
"K O Mfg Inc","4178668000","2720 E Division St","Springfield","30160000","John Cunningham","Owner","Mal","166604","K","K O Mfg Inc","requestliterature@komfg.com","2720 E Division St","Springfield","MO","65803","4178662662","4178668000","284101","Soaps & Detergents-Manufacturers","www.komfg.com","0","0"
"Sunnen Products Co","3147810700","4 Sunnen Dr","St Louis","30030000","Steve Taaffe","Plant Mgr","Mal","167008","S","Sunnen Products Co","gages@sunnen.com","7910 Manchester Rd","St Louis","MO","63143","3147812268","3147812100","329102","Abrasive Products (Manufacturers)","www.sunnen.com","0","0"
"DIT-Mco Intl","8164449700","5612 Brighton Ter","Kansas City","46368000","Richard Thompson","CEO","Mal","167097","D","DIT-Mco Intl","infolink@ditmco.com","5612 Brighton Ter","Kansas City","MO","64130","8164446843","8164449700","367203","Circuit Board Assembly & Repairs (Mfrs)","www.ditmco.com","0","0"
"Liquid Soap","8168472466","3330 S Outer Belt Rd","Grain Valley","49600000","Doug Glasscock","Owner","Mal","168296","L","Liquid Soap","lsp@liquidsoapproducts.com","PO Box 350","Grain Valley","MO","64029","8168471234","8168472466","284203","Cleaning Compounds-Manufacturers","NULL","0","0"
"Heritage Exhibits","3146443550","716 Geyer Ave","St Louis","26900000","Ron Sappenfield","Owner","Mal","169358","H","Heritage Exhibits","timothy.ferrell@heritagexhibits.com","716 Geyer Ave","St Louis","MO","63104","3146443543","3146443550","254198","Office & Store Fixtures-Wood (Mfrs)","NULL","0","0"
"Orius Corp Schatz Div","6364510055","829 Park Lamar Dr","Villa Ridge","31800000","Keith Record","President","Mal","169508","O","Orius Corp Schatz Div","Keith@oriuscorp.com","829 Park Lamar Dr","Villa Ridge","MO","63089","6367424990","6364510055","179403","Excavating Contractors","NULL","0","0"
"Brenntag Mid-South","8164839996","5200 Stilwell St","Kansas City","30030000","Steve Dahlman","Manager","Mal","170018","B","Brenntag Mid-South","m.roncelli@safechem-europe.com","5200 Stilwell St","Kansas City","MO","64120","4323678266","8164839996","516916","Chemicals (Wholesale)","www.brenntag.com","0","0"
"Swank Audio Visual Rentals","3145342940","1019 N 20th St","St Louis","30780000","P Ray Swank","President","Mal","171283","S","Swank Audio Visual Rentals","SwankP@swankav.com","1019 N 20th St","St Louis","MO","63106","3145355957","3145342940","504301","Audio-Visual Equipment & Supls (Whol)","NULL","0","0"
"North Kansas City Bureau","8164712335","1830 Linn St","Kansas City","26320000","Bob Allen","Owner","Mal","175929","N","North Kansas City Bureau","BobA@kcbi.com","1830 Linn St","Kansas City","MO","64116","8164744560","8164712335","506324","Burglar Alarm Systems (Wholesale)","NULL","0","0"
"KPLR","3144471111","2250 Ball Dr","St Louis","31600000","Bill Lanesey","Manager","Mal","177167","K","KPLR","kplrpromo@tribune.com","2250 Ball Dr","St Louis","MO","63146","3144476404","3144471111","483301","Television Stations & Broadcasting CO","www.wb11tv.com","0","0"
"Food Team","3147270002","112 S Hanley Rd # 105","St Louis","30000000","Bonnie Pollock","Owner","Mal","177519","F","Food Team","PollockB@rifood.com","112 S Hanley Rd # 105","St Louis","MO","63105","3147275590","3147270002","736304","Employment Contractors-Temporary Help","NULL","0","0"
"Zenith Specialties Inc","6608856961","1415 N Water St","Clinton","28960000","Mike Collar","VP","Mal","177826","Z","Zenith Specialties Inc","shelly@zenithspecialties.com","1415 N Water St","Clinton","MO","64735","6608858484","6608856961","509202","Fireworks (Wholesale)","www.zenithspecialties.com","0","0"
"Laird Technologies","3143449300","3481 Rider Trl S","Earth City","37600000","Marty Rapp","CEO","Mal","177902","L","Laird Technologies","RappM@lairdtech.com","3481 Rider Trl S","Earth City","MO","63045","3143449333","3143449300","357701","Computer Supplies & Parts-Manufacturers","NULL","0","0"
"Springfield Grocer Co","4178834230","2415 W Battlefield St","Springfield","32500000","Bill Tynes","President","Mal","178048","S","Springfield Grocer Co","btynes@sgclink.com","2415 W Battlefield St","Springfield","MO","65807","4178834445","4178834230","514102","Food Brokers","www.sgclink.com","0","0"
"Marlo Coil","6366776600","6060 Highway Pp","High Ridge","30000000","Jerry Nicholson","President","Mal","178381","M","Marlo Coil","J-Nicholson@marlocoil.com","PO Box 171","High Ridge","MO","63049","6366771203","6366776600","358502","Air Conditioning Supplies & Parts-Mfrs","NULL","0","0"
"Copying Concepts","3146332000","6691 Manchester Ave","St Louis","28305000","","","","179389","C","Copying Concepts","telemarketing@copycon.com","6691 Manchester Ave","St Louis","MO","63139","3147817113","3146332000","504403","Copying & Duplicating Machines & Supls","www.copycon.com","0","0"
"Cardinal Scale Mfg Co","4176734631","203 E Daugherty St","Webb City","41000000","William H Perry","CEO","Mal","180276","C","Cardinal Scale Mfg Co","miami@cardet.com","203 E Daugherty St","Webb City","MO","64870","4176734631","4176735001","384104","Physicians & Surgeons Equip & Supls-Mfrs","www.cardinalscale.com","0","0"
"Pioneer Industrial Corp","3147710700","400 Russell Blvd","St Louis","38080000","Bill Pfitzinger","Owner","Mal","180592","P","Pioneer Industrial Corp","jjoyce@pioneerindustrial.com","400 Russell Blvd","St Louis","MO","63104","3147712904","3147710700","508444","Pumps (Wholesale)","NULL","0","0"
"Tnemec Co","8164743400","123 W 23rd Ave","N Kansas City","31520000","Pete Cerra","President","Mal","180860","T","Tnemec Co","garyd@bkthorpe.com","123 W 23rd Ave","N Kansas City","MO","64116","7244570200","8164743400","347904","Coatings-Protective-Manufacturers","www.tnemec.com","0","0"
"For Your Convenience","5732655191","321 E Hardy St","St James","25500000","Chris Peters","President","Mal","181690","F","For Your Convenience","Chris@fyc-prock.com","321 E Hardy St","St James","MO","65559","5732655124","5732655191","507804","Refrigerating Equip-Coml (Wholesale)","NULL","0","0"
"Universal Manufacturing Co","8162312771","5450 Deramus Ave","Kansas City","35750000","Jim Lepore","President","Mal","181904","U","Universal Manufacturing Co","umco@umco.net","5450 Deramus Ave","Kansas City","MO","64120","8164836842","8162312771","275998","Commercial Printing Nec","NULL","0","0"
"Goodyear Tire & Rubber Co","6602630322","1957 Highway Dd","Moberly","26880000","Dale Wellman","Owner","Mal","181936","G","Goodyear Tire & Rubber Co","Richard.Gibbons@goodyear.com","1957 Highway Dd","Moberly","MO","65270","NULL","6602630322","501313","Automobile Parts & Supplies-Wholesale","NULL","0","0"
"Mastertaste-Fenton","6363490020","747 Sunpark Dr","Fenton","33760000","Mick Archer","Manager","Mal","182668","M","Mastertaste-Fenton","flavorinfo@mastertaste.com","747 Sunpark Dr","Fenton","MO","63026","3237288380","6363490020","514932","Flavoring Extracts (Wholesale)","www.mastertaste.com","0","0"
"Air Masters","6366802100","1055 Cassens Industrial Ct","Fenton","27440000","William Rundquist","Owner","Mal","183401","A","Air Masters","inquiry@airmasters.com","1055 Cassens Industrial Ct","Fenton","MO","63026","3149971032","6366802100","343303","Heating Equipment-Manufacturers","www.air-masters.com","0","0"
"King Louie Intl Inc","8167655212","13500 15th St","Grandview","38000000","Robert Palan","President","Mal","184635","K","King Louie Intl Inc","jule.egleston@kinglouie.com","13500 15th St","Grandview","MO","64030","8167653228","8167655212","513609","Sportswear-Wholesale","NULL","0","0"
"ATR Enterprises","5737655219","912 W Main St","Richland","39480000","Tom Reagan","Owner","Mal","185157","A","ATR Enterprises","Tom@atrlighting.com","PO Box 67","Richland","MO","65556","5737654175","5737655219","506318","Light Bulbs & Tubes (Wholesale)","NULL","0","0"
"Sheet Metal Contractors Inc","6363372150","1661 Veterans Dr","De Soto","35700000","Larry Krodinger","Owner","Mal","185516","S","Sheet Metal Contractors Inc","amy@smcihvac.com","1661 Veterans Dr","De Soto","MO","63020","6363376704","6363372150","507507","Furnaces-Heating (Wholesale)","www.smcihvac.com","0","0"
"ABF Security Systems Inc","6363491090","507 Rudder Rd","Fenton","49350000","Mike Polizzi","Owner","Mal","185906","A","ABF Security Systems Inc","centralstation@abfsecurity.com","507 Rudder Rd","Fenton","MO","63026","6363435956","6363491090","506324","Burglar Alarm Systems (Wholesale)","www.abfsecurity.com","0","0"
"ABM Janitorial Svc","3142411975","3130 Gravois Ave","St Louis","31000000","Blake Aarons","President","Mal","186790","A","ABM Janitorial Svc","BlakeAarons@abm.com","3130 Gravois Ave","St Louis","MO","63118","3142415224","3142411975","734902","Janitor Service","NULL","0","0"
"Barefoot Express","6605472500","21203 Heerman Ave","Lincoln","37000000","Rod Brethower","President","Mal","187910","B","Barefoot Express","billiec.barefoot@shomecom.com","21203 Heerman Ave","Lincoln","MO","65338","6605472488","6605472500","501208","Automobile & Truck Brokers","www.barefootexpress.com","0","0"
"Tuthill Transport Technologies","4174662178","1205 E Industrial Park Dr","Mt Vernon","33366000","Greg Rocque","President","Mal","188362","T","Tuthill Transport Technologies","Rocque.Greg@tuthill.com","1205 E Industrial Park Dr","Mt Vernon","MO","65712","4174663964","4174662178","508310","Farm Equipment (Wholesale)","NULL","0","0"
"Missouri-Pacific Lumber Co","6602483000","694 State Route Dd","Fayette","31770000","Jim Pescaglia","President","Mal","188687","M","Missouri-Pacific Lumber Co","lhart@mopaclumber.com","694 State Route Dd","Fayette","MO","65248","6602482508","6602483000","503109","Lumber-Wholesale","www.mopaclumber.com","0","0"
"Kranz Of Springfield","4178695712","1352 N West Byp","Springfield","44400000","John Kohler","Owner","Mal","189611","K","Kranz Of Springfield","KohlerJ@gabrielmail.com","1352 N West Byp","Springfield","MO","65803","4178692367","4178695712","501213","Truck Bodies & Equipment (Wholesale)","NULL","0","0"
"Victor L Phillips Co","8162419290","4100 Gardner Ave","Kansas City","29900000","James W Foreman","Owner","Mal","189721","V","Victor L Phillips Co","ddivilbiss@vlpco.com","4100 Gardner Ave","Kansas City","MO","64120","3168380087","8162419290","508206","Contractors-Equip/Supls-Dlrs/Svc (Whol)","www.vlpco.com","0","0"
"Savage Foods","3142411122","17395 Edison Ave","Chesterfield","38658000","Paul Savage","Owner","Mal","190438","S","Savage Foods","PaulS@savagefoods.com","17395 Edison Ave","Chesterfield","MO","63005","6368981119","3142411122","514101","Food Products (Wholesale)","NULL","0","0"
"KSNF","4177812345","1502 S Cleveland Ave","Joplin","31284000","John Hoffmann","President","Mal","190684","K","KSNF","gadgetguy@ksntv.com","1502 S Cleveland Ave","Joplin","MO","64801","4177822417","4177812345","483301","Television Stations & Broadcasting CO","www.ksntv.com","0","0"
"Acme Dock Specialists Inc","8167539600","3030 Gillham Rd","Kansas City","26425000","Jeff Lynch","President","Mal","191038","A","Acme Dock Specialists Inc","dgordon@acmedock.com","3030 Gillham Rd","Kansas City","MO","64108","8167539601","8167539600","508810","Loading Dock Equipment (Wholesale)","www.acmedock.com","0","0"
"Birch Telecom","3148216347","1335 Hanley Industrial Ct","St Louis","49950000","","","","191128","B","Birch Telecom","17di74fg2@birch.net","1335 Hanley Industrial Ct","St Louis","MO","63144","3149617221","3148216347","481304","Telephone Companies","www.birch.com","0","0"
"UPN","4172683000","999 W Sunshine St","Springfield","37920000","Mike Scott","Manager","Mal","191143","U","UPN","kparry@ky3.com","999 W Sunshine St","Springfield","MO","65807","4172683360","4172683000","483301","Television Stations & Broadcasting CO","www.ky3.com","0","0"
"Dynamic Vending","3148951685","5433 Eagle Industrial Ct","Hazelwood","35820000","Josh Koritz","Owner","Mal","191952","D","Dynamic Vending","dbayer@dynamicvending.com","5433 Eagle Industrial Ct","Hazelwood","MO","63042","3148951537","3148951685","504612","Vending Machines-Wholesale","www.dynamicvending.com","0","0"
"American Pulverizer Co","3147816100","5540 W Park Ave","St Louis","49950000","","","","192559","A","American Pulverizer Co","bhaskins@techna-flo.com","5540 W Park Ave","St Louis","MO","63110","3147819209","3147816100","508224","Crushing & Pulverizing Equip (Wholesale)","www.ampulverizer.com","0","0"
"Harry Cooper Supply Co","4178653777","605 N Sherman Pkwy","Springfield","38700000","James H Cooper","Owner","Mal","193357","H","Harry Cooper Supply Co","plumbing@harrycooper.com","605 N Sherman Pkwy","Springfield","MO","65802","4178695920","4178653777","521110","Plumbing Fixtures & Supplies-New-Retail","www.harrycooper.com","0","0"
"G 3 Boats","4175889787","901 Cowan Dr","Lebanon","34650000","Terry Ickes","Plant Mgr","Mal","193779","G","G 3 Boats","hugh_marion@yamaha-motor.com","901 Cowan Dr","Lebanon","MO","65536","4175889687","4175889787","373201","Boats-Manufacturers","www.g3boats.com","0","0"
"Sunshine Drapery Fabric Store","3145692980","11660 Page Service Dr","St Louis","31304000","Les Finklestein","Owner","Mal","193981","S","Sunshine Drapery Fabric Store","Les@sunshinedrapery.com","11660 Page Service Dr","St Louis","MO","63146","3145693217","3145692980","571407","Draperies & Curtains-Retail/Custom Made","NULL","0","0"
"Liguori Publications","6364643282","1 Liguori Dr","Liguori","32600000","Harry Grile","President","Mal","194135","L","Liguori Publications","liguorianwebcs@palmcoastd.com","1 Liguori Dr","Liguori","MO","63057","6364648449","6364643282","273101","Publishers-Book","www.liguori.org","0","0"
"Caraustar Custom Packaging","3149949674","10750 Baur Blvd","St Louis","27951000","Michael Wienstroer","Plant Mgr","Mal","194304","C","Caraustar Custom Packaging","cans@caraustar.com","10750 Baur Blvd","St Louis","MO","63132","2705869432","3149949674","265701","Boxes-Folding-Manufacturers","www.caraustar.com","0","0"
"Butler Supply Inc","6363499000","965 Horan Dr","Fenton","36190000","Richard Butler","CEO","Mal","194596","B","Butler Supply Inc","butler@butlersupply.com","965 Horan Dr","Fenton","MO","63026","6182886660","6363499000","506330","Electric Equipment & Supplies-Wholesale","www.butlersupply.com","0","0"
"Interface","6364647997","3441 Morganford Rd","St Louis","32900000","Charlie May","Owner","Mal","194952","I","Interface","MayC@interfaceinc.com","3441 Morganford Rd","St Louis","MO","63116","3147712863","6364647997","506324","Burglar Alarm Systems (Wholesale)","NULL","0","0"
"Midland Radio Corp","8162418500","1120 Clay St","Kansas City","44400000","Dan Devling","President","Mal","194997","M","Midland Radio Corp","mrsales@midlandradio.com","1120 Clay St","Kansas City","MO","64116","8162415713","8162418500","506504","Radio Communication Equip & Systems-Whol","www.midlandradio.com","0","0"
"Greif Brothers Corp","6367459126","13400 Veterans Memorial Pkwy","Wright City","38200000","Gilbert Cody","Plant Mgr","Mal","195172","G","Greif Brothers Corp","aleksei.bnatov@greif.com","13400 Veterans Memorial Pkwy","Wright City","MO","63390","7145232040","6367459126","282102","Fiber Glass Products-Manufacturers","www.greif.com","0","0"
"H-J Enterprises Inc","6366773421","3010 High Ridge Blvd","High Ridge","41040000","Jim Shekelton","President","Mal","195281","H","H-J Enterprises Inc","christ@h-jenterprises.com","3010 High Ridge Blvd","High Ridge","MO","63049","6363761915","6366773421","364301","Connectors-Electric-Manufacturers","www.h-jenterprises.com","0","0"
"Payne Electric Inc","3149960400","10411 Baur Blvd","St Louis","33200000","David Payne","Owner","Mal","195309","P","Payne Electric Inc","bsenf@paynecrest.com","10411 Baur Blvd","St Louis","MO","63132","3149960500","3149960400","173101","Electric Contractors","www.paynecrest.com","0","2"
"Tribune Publishing","5738151680","101 N 4th St","Columbia","41400000","Susan Currier","Manager","Fem","195635","T","Tribune Publishing","foodeditor@tribmail.com","101 N 4th St","Columbia","MO","65201","5738151531","5738151680","733104","Mailing Lists","www.columbiatribune.com","0","0"
"Viatech Publishing Solutions","4178660822","424 N Cedarbrook Ave","Springfield","26100000","Mike Bertuch","Owner","Mal","196527","V","Viatech Publishing Solutions","salessca@viatechpub.com","424 N Cedarbrook Ave","Springfield","MO","65802","6319680830","4178660822","278203","Binders-Loose Leaf (Manufacturers)","www.viatechpub.com","0","0"
"Labconco Corp","8163338811","8811 Prospect Ave","Kansas City","31000000","Stephen Gound","President","Mal","196872","L","Labconco Corp","ldalton@labconco.com","8811 Prospect Ave","Kansas City","MO","64132","8163630130","8163338811","382101","Laboratory Equipment & Supplies-Mfrs","www.labconco.com","0","0"
"Aurora Technologies Inc","6362576655","19 Industrial Dr","Pacific","32800000","Tom White","Owner","Mal","197040","A","Aurora Technologies Inc","edg_sales@ati.com","19 Industrial Dr","Pacific","MO","63069","2155798482","6362576655","308906","Plastics-Fabricating/Finish/Decor-Mfrs","www.ati.com","0","0"
"Interior Construction","3145346664","2930 Market St","St Louis","34000000","Greg Zavaglia","President","Mal","197058","I","Interior Construction","Greg.Zavaglia@ics-stl.com","2930 Market St","St Louis","MO","63103","3145346663","3145346664","174203","Dry Wall Contractors","NULL","0","0"
"George C Matteson Co","8162201300","2925 NW State Route 7","Blue Springs","28560000","Kaye Summers","President","Fem","197061","G","George C Matteson Co","pphillips@gemacocards.com","2925 NW State Route 7","Blue Springs","MO","64014","8162201884","8162201300","594509","Games & Game Supplies","NULL","0","0"
