"Kunkel Chicken Farm","6604462497","22706 Highway B","Maitland","81200000","Gary Kunkel","Owner","Mal","9842","K","Kunkel Chicken Farm","KG@arthritissurvival.com","22706 Highway B","Maitland","MO","64466","NULL","6604462497","025401","Poultry Farms","NULL","0","0"
"National Golf Club Pro Shop","8167410634","6700 N National Dr","Kansas City","61500000","Jim Watson","Owner","Mal","16349","N","National Golf Club Pro Shop","Jim_Watson@thenationalgolfclub.com","10316 Tom Watson Pkwy","Parkville","MO","64152","8167411462","8167410634","509116","Golf Course Equipment (Wholesale)","NULL","0","0"
"Electrosales","4178690778","800 N Cedarbrook Ave","Springfield","57585000","Jack Skaggs","Owner","Mal","17935","E","Electrosales","JackS@a-a-i.com","800 N Cedarbrook Ave","Springfield","MO","65802","4178696568","4178690778","505102","Wire (Wholesale)","NULL","0","0"
"Security Bancshares","5737746417","110 N Lynn St","Waynesville","65765000","Keith Pritchard","CEO","Mal","30754","S","Security Bancshares","KPritchard@security-banks.com","PO Box S","Waynesville","MO","65583","5737746465","5737746417","671201","Holding Companies (Bank)","NULL","0","0"
"U S Tool Grinding Inc","5734313856","701 S Desloge Dr","Desloge","84240000","Bruce Williams","President","Mal","42197","U","U S Tool Grinding Inc","williams@toolcity.net","701 S Desloge Dr","Desloge","MO","63601","5734316655","5734313856","354107","Machine Tools-Manufacturers","NULL","0","0"
"Sho-Me Power Electric Co-Op","4174682615","301 W Jackson St","Marshfield","62216000","John K Davis","CEO","Mal","43706","S","Sho-Me Power Electric Co-Op","cturner@shomepower.com","PO Box D","Marshfield","MO","65706","4174682611","4174682615","491101","Electric Companies","NULL","0","0"
"Contico International Inc","3147310302","105 Byassee Dr","Hazelwood","86500000","Tom Burns","President","Mal","65551","C","Contico International Inc","consumer@contico.com","105 Byassee Dr","Hazelwood","MO","63042","3147313857","3147310302","508724","Janitors Equipment/Supplies (Wholesale)","www.contico.com","0","0"
"Moore & Moore","4174667221","RR 2","Mt Vernon","76850000","Jackie Moore","Owner","Fem","69176","M","Moore & Moore","MooreJackie@michaelmoore.com","RR 2","Mt Vernon","MO","65712","NULL","4174667221","515402","Livestock Auction Markets","NULL","0","0"
"Swisher Mower & Machine Co Inc","6607478183","1602 Corporate Dr","Warrensburg","85200000","Kelvin Shaw","Plant Mgr","Mal","76058","S","Swisher Mower & Machine Co Inc","cello@propaganda3.com","1602 Corporate Dr","Warrensburg","MO","64093","7164885163","6607478183","352498","Lawn/Grdn Tractors/Home Lawn Eqpt (Mfrs)","www.carstar.com","0","0"
"Bio Kyowa Inc","5733354849","5469 Nash Rd","Cape Girardeau","50000000","Terumi Okada","President","Mal","76533","B","Biokyowa Inc","patrick.dohogne@biokyowa.com","829 N West End Blvd","CAPE GIRARDEAU","MO","63701","5733354849","5733351466","203204","Food Specialties","kyowafoods.com","0","0"
"Rangoni Of Florence","6363260130","801 Horan Dr","Fenton","67200000","William Wolff","Owner","Mal","78200","R","Rangoni Of Florence","William_Wolff@wolffshoe.com","801 Horan Dr","Fenton","MO","63026","6363264922","6363260130","513902","Shoes-Wholesale","NULL","0","0"
"Barkley Evergreen & Partners","8168421500","423 W 8th St","Kansas City","54500000","Brian Brooker","CEO","Mal","80701","B","Barkley Evergreen & Partners","lpenrod@beap.com","423 W 8th Street","KANSAS CITY","MO","64105","8163631917","null","7319","Media services","RSRMEDIA.COM","0","0"
"GPX Inc","3146213314","900 N 23rd St","St Louis","66080000","Bill Fetter","CEO","Mal","83598","G","GPX Inc","marketinginfo@gpx.com","900 N 23rd St","St Louis","MO","63106","3146210869","3146213314","509905","Importers","www.gpx.com","0","0"
"Thyssen Krupp Stahl Co","8165973322","111 E Pacific St","Kingsville","98150000","","","","85994","T","Thyssen Krupp Stahl Co","kneipr@tka-ssa.thyssenkrupp.com","111 E Pacific St","Kingsville","MO","64061","8165973485","8165973322","336502","Castings-Aluminum (Manufacturers)","www.stahlspecialty.com","0","0"
"Schreiber Foods","4174664666","108 W North St","Mt Vernon","51060000","","","","87338","S","Schreiber Foods","schreiberweb@schreiberfoods.com","108 W North St","Mt Vernon","MO","65712","4355630695","4174664666","209903","Food Products & Manufacturers","www.schreiberfoods.com","0","0"
"Aon Warranty Group","6365199565","1795 Clarkson Rd # 300","Chesterfield","50330000","Dave Phipps","VP","Mal","92197","A","Aon Warranty Group","aonchat@aon.com","1795 Clarkson Rd # 300","Chesterfield","MO","63017","6024273200","6365199565","639902","Automobile Warranty Processing Service","www.aon.com","0","0"
"Nordenia USA Inc","5733354900","14591 State Highway 177","Jackson","50000000","Bill Burke","President","Mal","97065","N","Nordenia USA Inc","greven@nordenia.com","14591 State Highway 177","Jackson","MO","63755","5733356172","5733354900","308910","Plastics-Products-Finished-Manufacturers","www.nordenia.com","0","0"
"Youngblood Nissan Chrysler KIA","4178824412","3525 S Campbell Ave","Springfield","61465000","John Youngblood","Owner","Mal","98219","Y","Youngblood Nissan Chrysler KIA","John@youngbloodauto.com","3525 S Campbell Ave","Springfield","MO","65807","4178823450","4178824412","551103","Automobile Dealers-Used Cars","NULL","0","1"
"U S Poly Enterprise Inc","5736244266","16143 N Outer Rd","Dexter","50050000","Jerry Cooper","Owner","Mal","103363","U","U S Poly Enterprise Inc","jason@uspolyinc.com","PO Box 769","Dexter","MO","63841","5736246120","5736244266","516922","Polyurethane Products-Wholesale","NULL","0","0"
"Ex-L-Tube Inc","8164745210","905 Atlantic Ave","Kansas City","83760000","Howard Hopkins","President","Mal","109799","E","Ex-L-Tube Inc","dee.jones@exltube.com","905 Atlantic Ave","Kansas City","MO","64116","8164747978","8164745210","505110","Tubing-Metal (Wholesale)","NULL","0","0"
"Code 3 Public Safety Equipment","3144262700","10986 N Warson Rd","Overland","59570000","Thomas O'Brien","President","Mal","110873","C","Code 3 Public Safety Equipment","O''Brien-Thomas@publicsafetyequip.com","10986 N Warson Rd","Overland","MO","63114","3149962500","3144262700","364798","Vehicular Lighting Equipment (Mfrs)","NULL","0","0"
"Crown Packaging Corp","6366819400","17854 Chesterfield Airport Rd","Chesterfield","79488000","Fred Anthon","Owner","Mal","113261","C","Crown Packaging Corp","michael.palmer@crownpkg.com","17854 Chesterfield Airport Rd","Chesterfield","MO","63005","6366819600","6366819400","511308","Packaging Materials-Wholesale","NULL","0","0"
"ADVANTAGE Sales & Marketing","3145693030","140 Weldon Pkwy","Maryland Heights","77316000","Gregg Matthes","Manager","Mal","116286","A","ADVANTAGE Sales & Marketing","benefits@asmnet.com","140 Weldon Pkwy","Maryland Heights","MO","63043","4103811490","3145693030","514102","Food Brokers","www.asmnet.com","0","0"
"Vanguard Packaging Inc","8164554000","8690 NE Underground Dr","Kansas City","58320000","Mark Mathes","President","Mal","120351","V","Vanguard Packaging Inc","amknight@vanguardpkg.com","8690 NE Underground Dr","Kansas City","MO","64161","8164544790","8164554000","265301","Corrugated & Solid Fiber Boxes (Mfrs)","www.vanguardpkg.com","0","0"
"U S Engineering Co","8167536969","3433 Roanoke Rd","Kansas City","77400000","Dwight Brickman","CEO","Mal","121999","U","U S Engineering Co","chuck.meroney@usengineering.com","3433 Roanoke Rd","Kansas City","MO","64111","8169315773","8167536969","171114","Mechanical Contractors","NULL","0","0"
"Hoy Shoe Co","3147720900","4970 Kemper Ave","St Louis","53760000","Marge Hoy","President","Fem","122773","H","Hoy Shoe Co","hoyshoes@saltwater-sandals.com","4970 Kemper Ave","St Louis","MO","63139","3147720914","3147720900","513902","Shoes-Wholesale","www.saltwater-sandals.com","0","0"
"Copart Inc","3142918400","13033 Taussig Ave","Hazelwood","77700000","Michael Friedman","Manager","Mal","125543","C","Copart Inc","buyer.license@copart.com","13033 Taussig Ave","Hazelwood","MO","63044","9158866113","3142918400","501204","Automobile Auctions (Wholesale)","www.copart.com","0","1"
"Vance Brothers","8169238622","5201 Quincy Ave","Kansas City","65880000","Mark Smith","President","Mal","126325","V","Vance Brothers","Mark.Smith@vancebrothers.com","5201 Quincy Ave","Kansas City","MO","64130","8169236472","8169238622","295101","Asphalt & Asphalt Products-Manufacturers","NULL","0","0"
"Molle Chevrolet","8162298801","505 NW Mock Ave","Blue Springs","64700000","Frank Molle","Owner","Mal","132449","M","Molle Chevrolet","Molle-Frank@mollechevrolet.com","505 NW Mock Ave","Blue Springs","MO","64014","8162205564","8162298801","551103","Automobile Dealers-Used Cars","NULL","0","1"
"F & C Truck Sales & Svc Inc","3147713180","2350 Chouteau Ave","St Louis","51760000","Kirk Bayless","Owner","Mal","132909","F","F and C Truck Sales","kbayless@fandctrucks.com","2350 Chouteau Ave","SAINT LOUIS","MO","63103","3147713180","null","421304","Trucking","FANDCTRUCKS.COM","0","0"
"Kawasaki Motors Mfg Corp USA","6605825829","28147 Business Hwy","Maryville","86700000","Doug Sutton","President","Mal","135946","K","Kawasaki Motors Mfg Corp USA","stevenb@cheaperfords.com","28147 Business Hwy","Maryville","MO","64468","6605825826","6605825829","351902","Engines Miniature","NULL","0","0"
"Highway Trailer Sales Inc","8164833676","1850 Southern Rd","Kansas City","92500000","Richard White","Owner","Mal","141471","H","Highway Trailer Sales Inc","rcovell@rolet.com","1850 Southern Rd","Kansas City","MO","64120","8164830835","8164833676","501212","Trailers-Truck (Wholesale)","www.highwaytrailer.com","0","0"
"Louis Dreyfus Corp","8167563560","4800 Main St # 107","Kansas City","83490000","Mike Mandl","Manager","Mal","150917","L","Louis Dreyfus Corp","presse@neuftelecom.com","4800 Main St # 107","Kansas City","MO","64112","5032210571","8167563560","515301","Grain-Dealers (Wholesale)","www.louisdreyfus.com","0","0"
"HPI Inc","8162331237","222 Sylvanie St","St Joseph","74480000","William Garvey","President","Mal","151145","H","HPI Inc","billgarv@hpipi.com","222 Sylvanie St","St Joseph","MO","64501","8162339782","8162331237","287998","Pesticides & Ag Chemicals Nec (Mfrs)","www.hpiproducts.com","0","0"
"Lafarge Corp","8162575178","2200 N Courtney Rd","Independence","57730000","Bill Mason","Plant Mgr","Mal","151602","L","Lafarge Corp","ductal@lafarge-na.com","2200 N Courtney Rd","Independence","MO","64050","4198977659","8162575178","324101","Cement-Manufacturers","www.lafarge-na.com","0","0"
"True Fitness","6362727100","865 Hoff Rd","O Fallon","50000000","Frank Trulaske","President","Mal","152430","T","True Fitness","ward.petito@truefitness.com","PO Box 8803","O Fallon","MO","63366","6362727148","6362727100","394923","Sporting Goods-Manufacturers","NULL","0","0"
"PAR Electrical Contractors Inc","8164749340","4770 N Belleview Ave # 300","Kansas City","78000000","Tom Shiflett","President","Mal","158012","P","PAR Electrical Contractors Inc","rgibler@parelectric.com","4770 N Belleview Ave # 300","Kansas City","MO","64116","8164713569","8164749340","173101","Electric Contractors","NULL","0","2"
"Grossman Iron & Steel","3142319423","5 N Market St","St Louis","54875000","David Grossman","President","Mal","159137","G","Grossman Iron & Steel","dispatcher@grossmaniron.com","5 N Market St","St Louis","MO","63102","3142316983","3142319423","509313","Scrap Metals & Iron (Wholesale)","www.grossmaniron.com","0","0"
"Oak Grove Truck Stop","8166904455","301 SW 1st St","Oak Grove","82500000","Scott Hein","Manager","Mal","160327","O","Oak Grove Truck Stop","michael.dailing@iowa80group.com","301 SW 1st St","Oak Grove","MO","64075","5632846630","8166904455","554101","Service Stations-Gasoline & Oil","www.iowa80truckstop.com","0","0"
"Horizon Music","5732432289","3581 Larch Ln","Jackson","71400000","Lisa Williams","President","Fem","161242","H","Horizon Music","Williams@horizonmusic.com","3581 Larch Ln","Jackson","MO","63755","5736513460","5732432289","335702","Cable (Manufacturers)","NULL","0","0"
"Carder Industries Inc","6363438770","1634 Manufacturers Dr","Fenton","50310000","Mervin Carder Sr","President","Mal","162248","C","Carder Industries Inc","mervin@mcarder.com","1634 Manufacturers Dr","Fenton","MO","63026","6363438805","6363438770","517202","Service Station Equipment (Wholesale)","NULL","0","0"
"KSHB","8167534141","4720 Oak St","Kansas City","56880000","Jim Swinehart","VP","Mal","164144","K","KSHB","comments@kmci.com","4720 Oak St","Kansas City","MO","64112","8169324122","8167534141","483301","Television Stations & Broadcasting CO","www.nbcactionnews.com","0","0"
"Mid-State Petroleum Equipment","5736963103","409 N Route B","Hallsville","60372000","Don Torreyson","Owner","Mal","165244","M","Mid-State Petroleum Equipment","Torreyson.Don@midstatepetro.com","PO Box 80","Hallsville","MO","65255","5736962317","5736963103","517202","Service Station Equipment (Wholesale)","NULL","0","0"
"ESCOUT.COM","8164484444","850 NW Chipman Rd # 5050","Lees Summit","69190000","Sandy Kemper","CEO","Mal","165321","E","ESCOUT.COM","insight@perfect.com","850 NW Chipman Rd # 5050","Lees Summit","MO","64063","2818636600","8164484444","596104","E-Commerce","www.pantellos.com","0","0"
"Weld Racing","8164218040","6600 Stadium Dr","Kansas City","53200000","Greg Weld","Owner","Mal","165369","W","Weld Racing","WeldG@weldracing.com","6600 Stadium Dr","Kansas City","MO","64129","8164216878","8164218040","553117","Wheels & Wheel Covers","NULL","0","0"
"KMBC","8162219999","1049 Central St","Kansas City","50560000","Wayne Godsey","Manager","Mal","167420","K","KMBC","bhodges@hearst.com","1049 Central St","Kansas City","MO","64105","8167609170","8162219999","483301","Television Stations & Broadcasting CO","www.thekansascitychannel.com","0","0"
"Broadway Ford Truck Sales Inc","3142419140","1501 S 7th St","St Louis","84110000","Ell Linton","Owner","Mal","170813","B","Broadway Ford Truck Sales Inc","pw@broadwaytruck.com","1501 S 7th St","St Louis","MO","63104","3142413928","3142419140","551105","Truck-Dealers","www.broadwaytruck.com","0","2"
"Interface Security Systems","6369466650","3773 Corporate Centre Dr","Earth City","65800000","Mike Mc Cleod","CEO","Mal","171085","I","Interface Security Systems","hugs@interfacesys.com","3773 Corporate Centre Dr","Earth City","MO","63045","3145950376","6369466650","506324","Burglar Alarm Systems (Wholesale)","www.interfacesys.com","0","0"
"Biomedical Systems Corp","3145766800","2464 W Port Plaza Dr","St Louis","59800000","Tim Barrett","President","Mal","171519","B","Biomedical Systems Corp","dbarrett@biomedsys.com","2464 W Port Plaza Dr","St Louis","MO","63146","3145769735","3145766800","504704","Physicians & Surgeons Equip & Supls-Whol","www.biomedsys.com","0","0"
"Overhead Door Corp","8162210072","611 E 13th Ave","N Kansas City","52800000","Richard Smith","VP","Fem","173056","O","Overhead Door Corp","jbaker@ohdct.com","611 E 13th Ave","N Kansas City","MO","64116","8162212488","8162210072","344203","Doors-Metal-Manufacturers","www.ohd.com","0","0"
"Dst Output","8162211234","2519 Madison Ave","Kansas City","74290000","David M Talley","VP","Mal","174182","D","Dst Output","lpmorrey@dstoutput.com","2534 Madison Ave","Kansas City","MO","64108","8162211234","8162211234","275202","Printers","www.output.net","0","0"
"Gray Automotive Products Co","8162336121","3501 S Leonard Rd","St Joseph","51475000","Pete Gray","CEO","Mal","175548","G","Gray Automotive Products Co","gray@grayusa.com","3501 S Leonard Rd","St Joseph","MO","64503","8163878157","8162336121","356998","General Ind Machinery/Equip Nec (Mfrs)","www.grayeuro.com","0","0"
"Alan Wire Co","5734719548","830 S West St","Sikeston","54395000","Alan Keenan","Owner","Mal","175840","A","Alan Wire Co","awservice@alanwire.com","830 S West St","Sikeston","MO","63801","5734711317","5734719548","335198","Rolling Drawing/Extruding-Copper (Mfrs)","www.alanwire.com","0","0"
"APAC Missouri Inc","5734490886","1591 E Prathersville Rd","Columbia","94000000","Arlin Halverson","President","Mal","176930","A","APAC Missouri Inc","apac@ashland.com","1591 E Prathersville Rd","Columbia","MO","65202","8656378089","5734490886","161101","Paving Contractors","www.apac.com","0","1"
"Central Electric Power Co-Op","5736342454","2106 Jefferson St","Jefferson City","76300000","Donald W Shaw","CEO","Mal","177181","C","Central Electric Power Co-Op","central@cepc.net","2106 Jefferson St","Jefferson City","MO","65109","5736343892","5736342454","491101","Electric Companies","www.cepc.net","0","0"
"Invensys Appliance Controls","4172567171","210 Allen St","West Plains","61812000","Ken Knight","Plant Mgr","Mal","178281","I","Invensys Appliance Controls","toby.kay@invensys.com","210 Allen St","West Plains","MO","65775","6103649600","4172567171","349498","Valves & Pipe Fittings Nec (Mfrs)","www.invensys.com","0","0"
"Midcon Cables Co","4177814331","2500 Davis Blvd","Joplin","65800000","Chuck Wheeler","President","Mal","179163","M","Midcon Cables Co","midcon@midconcables.com","2500 Davis Blvd","Joplin","MO","64804","4177817237","4177814331","506346","Wire Harnesses-Electrical (Wholesale)","www.midconcables.com","0","0"
"Booksource","3146470600","1230 Macklind Ave","St Louis","63830000","Sandy Jaffe","Owner","Mal","179453","B","Booksource","Sandy@booksource.com","1230 Macklind Ave","St Louis","MO","63110","3146472422","3146470600","519202","Book Dealers-Wholesale","NULL","0","0"
"Menu Maker Foods Inc","5738933000","913 Big Horn Dr","Jefferson City","56850000","Dick Graves","President","Mal","181879","M","Menu Maker Foods Inc","beveragedept@menumakerfoods.com","913 Big Horn Dr","Jefferson City","MO","65109","5738932172","5738933000","514102","Food Brokers","www.menumakerfoods.com","0","0"
"Roadway Express Inc","6363495300","205 Soccer Park Rd","Fenton","75500000","Lou Riccitelli","Manager","Mal","182921","R","Roadway Express Inc","customersat@roadway.com","205 Soccer Park Rd","Fenton","MO","63026","3342621838","6363495300","421309","Trucking-Motor Freight","www.roadway.com","0","0"
"Havens Steel Co","8162315724","7219 E 17th St","Kansas City","87200000","Robert J Dunn","CEO","Mal","183797","H","Havens Steel Co","ojw@havenssteel.com","7219 E 17th St","Kansas City","MO","64126","8162410607","8162315724","344106","Steel-Structural (Manufacturers)","NULL","0","0"
"Olin Brass Fineweld Tube","5738856546","102 Progress Pkwy","Cuba","62820000","Bill Horton","Plant Mgr","Mal","183928","O","Olin Brass Fineweld Tube","brass@olinbrass.com","102 Progress Pkwy","Cuba","MO","65453","5738856513","5738856546","505110","Tubing-Metal (Wholesale)","www.olinbrass.com","0","0"
"Bakemark-St Louis","3147815566","2701 Hereford St","St Louis","70000000","Jim Howard","Manager","Mal","185327","B","Bakemark-St Louis","tony.lotito@bakemarkusa.com","2701 Hereford St","St Louis","MO","63139","3147812768","3147815566","514913","Flour (Wholesale)","www.bakemark.com","0","0"
"Vi Jon","3145921400","8515 Page Ave","St Louis","60000000","John Brunner","Owner","Mal","186037","V","Vi Jon","esander@vijon.com","8515 Page Ave","St Louis","MO","63114","3144271010","3145921400","284406","Health & Beauty Aids-Manufacturers","NULL","0","0"
"Pfg-Middendorf","3142414800","3737 N Broadway","St Louis","54300000","Jim Bolinger","President","Mal","187415","P","Pfg-Middendorf","pvenhaus@middendorfmeat.com","3737 N Broadway","St Louis","MO","63147","3142415146","3142414800","514704","Meat-Wholesale","NULL","0","0"
"St Louis Cold Drawn Inc","3148674301","1060 Pershall Rd","St Louis","57600000","William Mc Nair","President","Mal","187873","S","St Louis Cold Drawn Inc","jackw@stlcd.com","1060 Pershall Rd","St Louis","MO","63137","3148674304","3148674301","331601","Steel-Bar, Sheet, Strip, Tube Etc (Mfrs)","Sheet","0","0"
"KSDK","3144215055","1000 Market St","St Louis","69520000","Lynn Beall","President","Fem","187926","K","KSDK","arubin@ksdk.com","1000 Market St","St Louis","MO","63101","3144445263","3144215055","483301","Television Stations & Broadcasting CO","www.ksdk.com","0","0"
"NEBS Inc","6605622488","200 E South Ave","Maryville","78660000","Charla Wiederholt","Plant Mgr","Mal","188618","N","NEBS Inc","emailprogram@nebs.com","200 E South Ave","Maryville","MO","64468","9785972035","6605622488","511207","Business Forms & Systems (Wholesale)","www.nebs.com","0","0"
"Fike Corp","8162293405","704 SW 10th St","Blue Springs","60600000","Max Jewell","President","Mal","188853","F","Fike Corp","fpssales@fike.com","704 SW 10th St","Blue Springs","MO","64015","8162294615","8162293405","349498","Valves & Pipe Fittings Nec (Mfrs)","www.fike.com","0","0"
"Sitton Motor Lines Inc","4177822600","4586 Highway 43","Joplin","59200000","Richard A Sitton","President","Mal","189526","S","Sitton Motor Lines Inc","astull@sitm.com","4586 Highway 43","Joplin","MO","64804","4177822667","4177822600","421309","Trucking-Motor Freight","www.sitm.com","0","0"
"Riceland Foods Inc","5736432241","918 New Madrid County Port","Marston","72720000","Ed Williams","Plant Mgr","Mal","189650","R","Riceland Foods Inc","dmeins@riceland.com","918 New Madrid County Port","Marston","MO","63866","8706735667","5736432241","204401","Rice Mills","www.riceland.com","0","0"
"St Louis Electronics","3146153155","148 Weldon Pkwy","Maryland Heights","70700000","Robert Taylor","President","Mal","190171","S","St Louis Electronics","Taylor_Robert@sle.com","148 Weldon Pkwy","Maryland Heights","MO","63043","3145357850","3146153155","506504","Radio Communication Equip & Systems-Whol","NULL","0","0"
"Community State Bank Bancshare","5735884101","208 N Center St","Shelbina","52248000","Jon W Best","President","Mal","190319","C","Community State Bank Bancshare","commbankonline@banking.com","208 N Center St","Shelbina","MO","63468","5735884101","5735884101","671201","Holding Companies (Bank)","www.commbankonline.com","0","0"
"Central Trucking Inc","4178648848","4661 W Farm Road 130","Springfield","60400000","T Riherd","Manager","Mal","191842","C","Central Trucking Inc","mroberts@ctitruck.com","4661 W Farm Road 130","Springfield","MO","65802","4178647784","4178648848","421308","Trucking-Refrigerated","www.ctitruck.com","0","0"
"EMC Corp","3144699005","600 Emerson Rd # 400","St Louis","60480000","Sandy Wallace","Manager","Fem","191938","E","EMC Corp","ulrike.droeschel@fujitsu-siemens.com","600 Emerson Rd # 400","St Louis","MO","63141","7195932137","3144699005","357101","Computers-Electronic-Manufacturers","www.emc.com","0","0"
"Cpc Logistics","3145422266","14528 S Outer 40 # 210","Chesterfield","86000000","John T Bickel","President","Mal","192161","C","Cpc Logistics","webadministration@callcpc.com","14528 S Outer 40 # 210","Chesterfield","MO","63017","3145420666","3145422266","736302","Truck Driver-Leasing","www.consolidatedpersonnel.com","0","0"
"Clark Products","4178312611","4581 W Farm Road 130","Springfield","56850000","Gregg Tappmeyer","President","Mal","193332","C","Clark Products","Tappmeyer_Gregg@clarkproducts.com","4581 W Farm Road 130","Springfield","MO","65802","4178653219","4178312611","514102","Food Brokers","NULL","0","0"
"Specialty Brands Inc","4173588104","5691 S Davinci Ln","Carthage","53550000","Charlie Smith","Plant Mgr","Mal","193922","S","Specialty Brands Inc","sandra.negron-hayhurst@windsorfoods.com","5691 S Davinci Ln","Carthage","MO","64836","5707840293","4173588104","201398","Sausages/Other Prepared Meat Prod (Mfrs)","www.windsorfoods.com","0","0"
"Grinnell Fire Protection","3147819383","3787 Rider Trl S","Earth City","65800000","Steve Ellis","Manager","Mal","194554","G","Grinnell Fire Protection","hharrington@tycoint.com","3787 Rider Trl S","Earth City","MO","63045","3612896458","3147819383","506308","Fire Alarm Systems (Wholesale)","www.simplexgrinnell.com","0","0"
"Friend Tire Svc Inc","4172357836","11 N Industrial Dr","Monett","89300000","Don Isbell","President","Mal","195221","F","Friend Tire Svc Inc","tstephens@friendtire.com","11 N Industrial Dr","Monett","MO","65708","9013237848","4172357836","501401","Tire-Distributors","www.friendtire.com","0","0"
"Santie Wholesale Oil Co","5734714541","126 Larcel Dr","Sikeston","93912000","Bruce Barnes","Owner","Mal","196074","S","Santie Wholesale Oil Co","haroldw@santiemidwest.com","126 Larcel Dr","Sikeston","MO","63801","5734712756","5734714541","517212","Oil Marketers & Distributors","www.santiemidwest.com","0","0"
"Detroit Tool Metal Products","4175322142","949 Bethel Rd","Lebanon","73871000","Tom Kowalo","President","Mal","196134","D","Detroit Tool Metal Products","cmcelroy@dtmp.com","949 Bethel Rd","Lebanon","MO","65536","4175324742","4175322142","346904","Metal Stamping (Manufacturers)","www.dtmp.com","0","0"
"Paris Brothers","8164554188","8800 NE Underground Dr","Kansas City","60720000","Sal Paris","Owner","Mal","196310","P","Paris Brothers","Sal@parisbros.com","8800 NE Underground Dr","Kansas City","MO","64161","8164556538","8164554188","514404","Poultry-Wholesale","NULL","0","0"
"John Henry Foster Co","3144270600","4700 Le Bourget Dr","St Louis","51300000","Bob Gau","President","Mal","196322","J","John Henry Foster Co","gdennigmann@jhf.com","4700 Le Bourget Dr","St Louis","MO","63134","3144273502","3144270600","508505","Pneumatic Equipment Components (Whol)","www.johnhenryfoster.com","0","0"
