mail id,company,email,address,phone,fax,sic,sic description,web,,revenue id,company,address,city,state,zip,	metro,web,phone,fax,contact,position,gender,sales,# of employee,sic,sic_descrpiton,	,,
"297792","Petro Stopping Ctr","jponczoch@petrotruckstops.com","9787 Us Route 40 W","9157747373","9374371040","554103","Truck Stops & Plazas","www.petrotruckstops.com"," Email <---> Revenue ","541741","Petro Stopping Ctr","9787 Us Route 40 W","New Paris","OH","45347","Preble","www.petrotruckstops.com","9374371040","9374378105","Penny Preston","Manager","Fem","64960000","0","554103","Truck Stops ","6","0","1"
"138718","Vintage Wine Distributor","terry@insurancediversified.com","null","4403495700","null","731908","Distribution Services","OHIOBUSINESSINSURANCE.COM"," Email <---> Revenue ","729409","Vintage Wine Distributor","6555 Davis Industrial Pkwy","Cleveland","OH","44139","Cuyahoga","www.vintwine.com","4402481750","4402489242","Casey Forbes","President","Mal","63900000","0","518203","Wines-Wholes","6","0","1"
"198370","Frederick Steel Co","purchase@fredericksteel.com","200 W North Bend Rd","5138216915","5138216400","505106","Steel-Distributors & Warehouses","www.fredericksteel.com"," Email <---> Revenue ","273745","Frederick Steel Co","200 W North Bend Rd","Cincinnati","OH","45216","Hamilton","www.fredericksteel.com","5138216400","5138216915","Burke Byer","Owner","Mal","57000000","0","505106","Steel-Distri","6","0","1"
"236147","Component Repair Technologies","tomwheeler@componentrepair.com","8507 Tyler Blvd","4402554162","4402551793","372498","Aircraft Engines & Engine Parts-Mfrs","NULL"," Email <---> Revenue ","163835","Component Repair Technologies","8507 Tyler Blvd","Mentor","OH","44060","Lake","www.componentrepair.com","4402551793","4402554162","Thomas Wheeler","Owner","Mal","89250000","0","372498","Aircraft Eng","6","0","1"
"175557","Holman Motors RV & GMC Trucks","holmanrv@holmanmotors.com","4387 Elick Ln","5137528282","5137523123","556103","Recreational Vehicles","www.holmanmotors.com"," Email <---> Revenue ","331567","Holman Motors RV & GMC Trucks","4387 Elick Ln","Batavia","OH","45103","Clermont","www.holmanmotors.com","5137523123","5137528282","Mark Holman","Owner","Mal","61440000","0","556103","Recreational","6","0","1"
"94430","Webster Industries","sbohanan@websterchain.com","325 Hall St","4194481618","4194478232","874213","Marketing Programs & Services","www.websterchain.com"," Email <---> Revenue ","741351","Webster Industries","325 Hall St","Tiffin","OH","44883","Seneca","www.websterchain.com","4194478232","4194481618","Fredric C Spurck","President","Mal","57500000","0","874213","Marketing Pr","6","0","1"
"12612","NSS Enterprises Inc","mbevington@nss.com","3115 Frenchmens Rd","4195313761","4195312121","384104","Physicians & Surgeons Equip & Supls-Mfrs","NULL"," Email <---> Revenue ","488560","NSS Enterprises Inc","3115 Frenchmens Rd","Toledo","OH","43607","Lucas","www.nss.com","4195312121","4195313761","Mark Bevington","CEO","Mal","30000000","0","384104","Physicians &","5","0","1"
"176857","Seaman Corp","scinfo@seamancorp.com","1000 Venture Blvd","3302636950","3302621111","347904","Coatings-Protective-Manufacturers","www.seamancorp.com"," Email <---> Revenue ","621216","Seaman Corp","1000 Venture Blvd","Wooster","OH","44691","Wayne","www.seamancorp.com","3302621111","3302636950","Richard N Seaman","President","Mal","25000000","0","347904","Coatings-Pro","5","0","1"
"243879","Bassett Nut Co","graphix@sweetnuttree.com","6210 Merger Dr","4198667501","4198667500","514510","Nuts-Edible-Wholesale & Processing","www.sweetnuttree.com"," Email <---> Revenue ","70919","Bassett Nut Co","6210 Merger Dr","Holland","OH","43528","Lucas","www.sweetnuttree.com","4198667500","4198667501","Jon Levine","Owner","Mal","31040000","0","514510","Nuts-Edible-","5","0","1"
"199596","Gross Electric","jcook@grosselectric.com","2807 N Reynolds Rd","4195376627","4195371818","506330","Electric Equipment & Supplies-Wholesale","www.grosselectric.com"," Email <---> Revenue ","304928","Gross Electric","2807 N Reynolds Rd","Toledo","OH","43615","Lucas","www.grosselectric.com","4195371818","4195376627","Laurie Gross","Owner","Fem","42112000","64","506330","Electric Equ","5","0","1"
"254805","Trans Core","operations-management@3sixty.net","6930 Engle Rd # Y","5058568174","4402432222","506504","Radio Communication Equip & Systems-Whol","www.transcore.com"," Email <---> Revenue ","700425","Trans Core","6930 Engle Rd # Y","Cleveland","OH","44130","Cuyahoga","www.transcore.com","4402432222","4402434250","Larry Halko","Manager","Mal","25250000","0","506504","Radio Commun","5","0","1"
"177671","Wilson Bohannan Co","wbco@padlocks.com","621 Buckeye St","7403831653","7403823639","507216","Locks & Locksmiths-Wholesale","www.padlocks.com"," Email <---> Revenue ","754212","Wilson Bohannan Co","621 Buckeye St","Marion","OH","43302","Marion","www.padlocks.com","7403823639","7403831653","Howard Smith","President","Mal","36260000","70","507216","Locks & Lock","5","0","1"
"298357","Northeast Box Co","bryon@northeastbox.com","1726 Griswold Ave","4409927820","4409925500","511318","Boxes-Corrugated & Fiber (Wholesale)","www.northeastbox.com"," Email <---> Revenue ","504512","Northeast Box Co","1726 Griswold Ave","Ashtabula","OH","44004","Ashtabula","www.northeastbox.com","4409925500","4409927820","Ron Marchewka","Plant Mgr","Mal","38088000","46","511318","Boxes-Corrug","5","0","1"
"121697","Great Lakes Power","hallen3@glpower.com","7455 Tyler Blvd","4409531052","4409515111","356898","Mechanical Power Trans Equip Nec (Mfrs)","NULL"," Email <---> Revenue ","300828","Great Lakes Power","7455 Tyler Blvd","Mentor","OH","44060","Lake","www.glpower.com","4409515111","4409531052","Harry Allen","Owner","Mal","32000000","0","356898","Mechanical P","5","0","1"
"179349","MEDICAL RESEARCH SERVICES LTD","s.zabbatino@medpace.com","4850 Smith Road","5135799911","null","8999","Services NEC","M-R-S.COM^^MEDPACE.COM^^MEDPACE.NET^^MEDPACE.ORG"," Email <---> Revenue ","458980","Medpace","4620 Wesley Ave","Cincinnati","OH","45212","Hamilton","www.medpace.com","5135799911","5135790444","","","","27000000","0","873206","Research Ser","5","0","1"
"199120","Zaner-Bloser Inc","zbcsd@zaner-bloser.com","2200 W 5th Ave","6144872699","6144860221","274105","Publishers","www.zaner-bloser.com"," Email <---> Revenue ","766045","Zaner-Bloser Inc","2200 W 5th Ave","Columbus","OH","43215","Franklin","www.zaner-bloser.com","6144860221","6144872699","Robert Page","President","Mal","28000000","0","274105","Publishers","5","0","1"
"286017","B W Rogers Co","cin.sales@bwrogers.com","380 Water St","5022670479","3307620251","508520","Hydraulic Equipment & Supplies (Whol)","www.kentuckypneumatics.com"," Email <---> Revenue ","62779","B W Rogers Co","380 Water St","Akron","OH","44308","Summit","www.bwrogers.com","3307620251","3307625505","Richard S Rogers","President","Mal","25000000","40","508520","Hydraulic Eq","5","0","1"
"282377","Loth INC","inquiry@lothmbi.com","3574 E Kemper Rd","5135548700","5135544900","738902","Interior Decorators Design & Consultants","www.lothmbi.com"," Email <---> Revenue ","426173","Loth INC","3574 E Kemper Rd","Cincinnati","OH","45241","Hamilton","www.workplacelothmbi.com","5135544900","5135548700","J B Buse Jr","President","Mal","30000000","0","502112","Office Furni","5","0","1"
"295284","Foster Transformer Co","apaden@sacs-rep.com","3820 Colerain Ave","5136812424","5136812420","361298","Power Distr/Specialty Transformer (Mfrs)","www.foster-transformer.com"," Email <---> Revenue ","269250","Foster Transformer Co","3820 Colerain Ave","Cincinnati","OH","45223","Hamilton","www.foster-transformer.com","5136812420","5136812424","","","","20790000","90","361298","Power Distr/","4","0","1"
"286377","Rocal Inc","blightle@rocal.com","9 N Main St","7409982073","7409982122","399302","Signs (Manufacturers)","www.rocal.com"," Email <---> Revenue ","597004","Rocal Inc","9 N Main St","Frankfort","OH","45628","Ross","www.rocal.com","7409982122","7409982073","Robert Lightle","Owner","Mal","10540000","85","399302","Signs (Manuf","4","0","1"
"1786","Adfilm Inc","dennis@acpo.com","8035 W Lake Winds Dr","4198984226","4198988273","267207","Tapes-Pressure Sensitive (Manufacturers)","www.acpo.com"," Email <---> Revenue ","18056","Adfilm Inc","8035 W Lake Winds Dr","Oak Harbor","OH","43449","Ottawa","www.acpo.com","4198988273","4198984226","Dennis Leibman","Manager","Mal","21560000","55","267207","Tapes-Pressu","4","0","1"
"313302","Geoff Pentes","gpentes@labellenews.com","814 University Blvd","7402829731","7402822402","822101","Schools","labellenews.com"," Email <---> Revenue ","402487","LA Belle News Agency","814 University Blvd","Steubenville","OH","43952","Jefferson","","7402829731","7402822402","Tom Pentes","Owner","Mal","22095000","0","519201","Magazines-Di","4","0","1"
"33662","Cheney Pulp & Paper Co","jefftruax@cheneypulp.com","PO Box 215","9377463884","9377469991","261102","Pulp & Pulp Products (Manufacturers)","NULL"," Email <---> Revenue ","137825","Cheney Pulp & Paper Co","1000 Anderson St","Franklin","OH","45005","Warren","","9377469991","9377463884","Mark H Snyder","President","Mal","12950000","25","261102","Pulp & Pulp ","4","0","1"
"152345","Empaco Equipment Corp","mark.pawuk@markpawukracing.com","2958 Brecksville Rd","3306594772","3306599393","526106","Landscaping Equipment & Supplies","www.markpawukracing.com"," Email <---> Revenue ","237560","Empaco Equipment Corp","2958 Brecksville Rd","Richfield","OH","44286","Summit","www.markpawukracing.com","3306599393","3306594772","Mark Pawuk","Owner","Mal","10125000","75","526106","Landscaping ","4","0","1"
"137869","Bud Industries","saleswest@budind.com","4605 E 355th St","4409514015","4409463200","344403","Sheet Metal Fabricators","www.budind.com"," Email <---> Revenue ","104502","Bud Industries","4605 E 355th St","Willoughby","OH","44094","Lake","www.budind.com","4409463200","4409514015","Blair Haas","President","Mal","16000000","0","344403","Sheet Metal ","4","0","1"
"308887","Patented Printing","webnativesupport@thinkpatented.com","1630 E 2nd St","9372549638","9372544023","275202","Printers","www.patentedprinting.com"," Email <---> Revenue ","532226","Patented Printing","1630 E 2nd St","Dayton","OH","45403","Montgomery","www.patentedprinting.com","9372544023","9372549638","John Westfall","Owner","Mal","13455000","0","275202","Printers","4","0","1"
"89303","Mass Marketing","art@massmarketing.com","7209 Dixie Hwy","5138740800","5138709000","275998","Commercial Printing Nec","www.massmarketing.com"," Email <---> Revenue ","448711","Mass Marketing","7209 Dixie Hwy","Fairfield","OH","45014","Butler","www.massmarketing.com","5138709000","5138740800","Don Mueller","President","Mal","17160000","0","275998","Commercial P","4","0","1"
"297670","Thyssen Krupp Elevator","comments@thyssenkruppelevator.com","929 Eastwind Dr # 218","5087523174","6148958930","353498","Elevators & Moving Stairways (Mfrs)","www.thyssenkruppelevator.com"," Email <---> Revenue ","690684","Thyssen Krupp Elevator","929 Eastwind Dr # 218","Westerville","OH","43081","Franklin","www.thyssenkruppelevator.com","6148958930","6148958935","Glenn Steele","Manager","Mal","16700000","0","353498","Elevators & ","4","0","1"
"172965","F J Designs Designwear","designwear@fjdesign.com","2163 Great Trails Dr","3302641481","3302641377","275902","Screen Printing","www.designwear.com"," Email <---> Revenue ","247272","F J Designs Designwear","2163 Great Trails Dr","Wooster","OH","44691","Wayne","www.designwear.com","3302641377","3302641481","Faline Fry-Jones","Owner","Fem","12500000","80","275902","Screen Print","4","0","1"
"312274","Mattec Corp","helpdesk@mattec.com","1301 Mattec Dr","5136831619","5136831802","382398","Industrial Measuring/Cntrl Instr (Mfrs)","www.mattec.com"," Email <---> Revenue ","450085","Mattec Corp","1301 Mattec Dr","Loveland","OH","45140","Hamilton","www.mattec.com","5136831802","5136831619","Mick Thiel","President","Mal","13600000","0","382398","Industrial M","4","0","1"
"323675","Classic Worldwide Productions","jpatton@classicworldwide.com","5001 East Royalton Road","2168407023","null","738999","Business Services Nec","CLASSICWORLDWIDE.COM^^CLASSICWWP.COM"," Email <---> Revenue ","150965","Classic Worldwide Productions","5001 E Royalton Rd","Cleveland","OH","44147","Cuyahoga","www.classicworldwide.com","4408385377","4408381240","Jerry Patton","President","Mal","18840000","0","781211","Video Produc","4","1","1"
"67501","Plastic Materials Inc","pmi@plasticmaterialsinc.com","868 E Tallmadge Ave","3306336361","3306336360","282101","Plastics-Raw Mtrls/Powder/Resin-Mfrs","NULL"," Email <---> Revenue ","548432","Plastic Materials Inc","868 E Tallmadge Ave","Akron","OH","44310","Summit","www.plasticmaterialsinc.com","3306336360","3306336361","Alan Richardson","President","Mal","22617000","0","282101","Plastics-Raw","4","0","1"
"281402","Custom Poly Bag Co","tvancamp@custompolybag.com","9465 Edison St NE","3309352400","3309352408","267301","Bags-Plastic (Manufacturers)","www.custompolybag.com"," Email <---> Revenue ","182645","Custom Poly Bag Co","9465 Edison St NE","Alliance","OH","44601","Stark","www.custompolybag.com","3309352408","3309352400","Don Prather","Owner","Mal","11600000","50","267301","Bags-Plastic","4","0","1"
"298638","S S Kemp & Co","aladd@sskemp.com","4567 Willow Pkwy","2162715200","2162717700","599941","Restaurant Equipment & Supplies-Retail","www.sskemp.com"," Email <---> Revenue ","608595","S S Kemp & Co","4567 Willow Pkwy","Cleveland","OH","44125","Cuyahoga","www.sskemp.com","2162717700","2162715200","Mark Fishman","President","Mal","11390000","85","599941","Restaurant E","4","0","1"
"298568","Columbus Motor Speedway","Barbara@columbusspeedway.com","1845 Williams Rd","6144916010","6144911047","794801","Race Tracks","NULL"," Email <---> Revenue ","160232","Columbus Motor Speedway","1845 Williams Rd","Columbus","OH","43207","Franklin","www.columbusspeedway.com","6144911047","6144916010","Barbara Nuckles","CEO","Fem","12600000","0","794801","Race Tracks","4","1","1"
"226733","Done-Rite Bowling Svc Co","davesapp@donerite.com","7333 Northfield Rd","4402323635","4402323280","238907","Bowling Apparel & Accessories-Mfrs","www.donerite.com"," Email <---> Revenue ","215792","Done-Rite Bowling Svc Co","20434 Krick Rd","Cleveland","OH","44146","Cuyahoga","www.donerite.com","4402323280","4402323635","Glenn Gable","President","Mal","11390000","0","509129","Bowling Appa","4","0","1"
"59098","Goodwill Industries","geeks@cincinnatimedia.com","10600 Springfield Pike","5137714959","5137714800","832218","Social Service & Welfare Organizations","www.cincinnatigoodwill.org"," Email <---> Revenue ","296004","Goodwill Industries","10600 Springfield Pike","Cincinnati","OH","45215","Hamilton","www.cincinnatigoodwill.org","5137714800","5137713930","Joe Byrum","President","Mal","11400000","0","832218","Social Servi","4","1","1"
"322772","Inland Refractories","jchambers@inlandrefractories.com","38600 Chester Rd","4409346601","4409346600","329701","Refractories","www.inlandrefractories.com"," Email <---> Revenue ","347403","Inland Refractories","38600 Chester Rd","Avon","OH","44011","Lorain","www.inlandrefractories.com","4409346600","4409346601","Jeff Queen","President","Mal","18660000","0","329701","Refractories","4","0","1"
"228300","Johnstone Supply","js.akron@johnstonesupply77.com","700 Parkwood Ave","6142585162","6142581111","507511","Heating Equip & Systs-Supls/Parts (Whol)","www.johnstonesupply77.com"," Email <---> Revenue ","376188","Johnstone Supply","700 Parkwood Ave","Columbus","OH","43219","Franklin","www.johnstonesupply.com","6142581111","6142585162","George Ells","Owner","Mal","16450000","0","507511","Heating Equi","4","0","1"
"278114","Elum Music Co","rquinn@elummusic.com","280 Federal Ave NW","3308334155","3308334141","596203","Phonographs-Coin Operated","www.elummusic.com"," Email <---> Revenue ","236388","Elum Music Co","280 Federal Ave NW","Massillon","OH","44647","Stark","www.elummusic.com","3308334141","3308334155","George Elum","CEO","Mal","21700000","0","596203","Phonographs-","4","0","1"
"254854","Villaware Manufacturing Co","villawareservice@jardenstore.com","3615 Superior Ave E","2163910150","2163916650","502314","Housewares-Wholesale","www.villaware.com"," Email <---> Revenue ","728947","Villaware Manufacturing Co","3615 Superior Ave E","Cleveland","OH","44114","Cuyahoga","www.villaware.com","2163916650","2163910150","Robert Vitantonio","President","Mal","11140000","20","502314","Housewares-W","4","0","1"
"323239","Rest Haven","rebeccah@provinet.com","1096 N Ohio St","6169567464","9375481138","805101","Nursing & Convalescent Homes","www.resthaven.com"," Email <---> Revenue ","584706","Rest Haven","1096 N Ohio St","Greenville","OH","45331","Darke","www.resthaven.com","9375481138","9375483685","Michelle Bruns","Administrator","Fem","9800000","0","805101","Nursing & Co","3","0","1"
"283386","Electro Supply","steiger@electrosupplyco.com","5270 Springboro Pike","NULL","9372995020","506519","Electronic Equipment & Supplies-Whol","NULL"," Email <---> Revenue ","234146","Electro Supply","5270 Springboro Pike","Dayton","OH","45439","Montgomery","","9372995020","","Bob Steiger","President","Mal","5050000","0","506519","Electronic E","3","0","1"
"218912","Auto Livery","al@carauctionpro.com","4168 Hamilton Cleves Rd","5137380032","5137381115","551103","Automobile Dealers-Used Cars","www.autolivery.com"," Email <---> Revenue ","58011","Auto Livery","4168 Hamilton Cleves Rd","Fairfield","OH","45014","Butler","www.autolivery.com","5137381115","5137380032","Steve Burkhart","Owner","Mal","6470000","10","551103","Automobile D","3","1","1"
"91757","Valley City Builders Supply","vcbs@thebrickplace.com","6745 School St","3304834522","3304833400","521126","Building Materials","www.thebrickplace.com"," Email <---> Revenue ","722026","Valley City Builders Supply","6745 School St","Valley City","OH","44280","Medina","www.thebrickplace.com","3302732270","3304834522","John Silk","Owner","Mal","5250000","0","521126","Building Mat","3","0","1"
"316415","Custom Quality Products Inc","cherylw@cqpinc.com","1645 Blue Rock St","5135411192","5135411191","344298","Metal Doors Sash Frames & Trim (Mfrs)","www.cqpinc.com"," Email <---> Revenue ","182677","Custom Quality Products Inc","1645 Blue Rock St","Cincinnati","OH","45223","Hamilton","www.cqpinc.com","5135411191","5135411192","George G White","President","Mal","8584000","0","344298","Metal Doors ","3","0","1"
"317212","Alliance Equipment Co Inc","dave@dcbates.com","1000 N Union Ave","3308214836","3308214473","329601","Fiber Glass Fabricators","www.alliance-equipment.com"," Email <---> Revenue ","30535","Alliance Equipment Co Inc","1000 N Union Ave","Alliance","OH","44601","Stark","www.alliance-equipment.com","3308214473","3308214836","","","","5805000","0","329601","Fiber Glass ","3","0","1"
"195978","Flex-Core","Don-Morlan@flex-core.com","4970 Scioto Darby Rd # E","6148768538","6148767671","506328","Controls Control Systs/Regulators (Whol)","NULL"," Email <---> Revenue ","265445","Flex-Core","4970 Scioto Darby Rd # E","Hilliard","OH","43026","Franklin","www.flex-core.com","6148896152","6148768538","Don Morlan","Owner","Mal","9156000","0","506328","Controls Con","3","0","1"
"294895","Ozburn-Hessey Logistics","helpdesk@ohlogistics.com","7401 Fremont Pike","7708984470","4198745451","731908","Distribution Services","www.ohlogistics.com"," Email <---> Revenue ","523956","Ozburn-Hessey Logistics","7401 Fremont Pike","Perrysburg","OH","43551","Wood","www.ohlogistics.com/","4198745451","4198376685","Mark Brasher","Manager","Mal","9040000","0","731908","Distribution","3","0","1"
"88299","Services Of Loth Mbi","inquiry@lothexperts.com","3574 E Kemper Rd","5135548700","5135548770","421401","Movers","www.lothmbi.com"," Email <---> Revenue ","625056","Services Of Loth Mbi","3574 E Kemper Rd","Cincinnati","OH","45241","Hamilton","www.lothmbi.com","5135548770","5135548700","Dean Gallo","Manager","Mal","7600000","0","421401","Movers","3","0","1"
"256343","Catch Of The Day","jina@catchday.com","3247 E 11th Ave","6142397628","6142397678","422505","Warehouses-Merchandise & Self Storage","www.catchday.com"," Email <---> Revenue ","127646","Catch Of The Day","3247 E 11th Ave","Columbus","OH","43219","Franklin","www.catchday.com","6142397678","6142397628","Renee Claxton","Owner","Fem","5040000","0","422505","Warehouses-M","3","0","1"
"278743","Spiegelberg Manufacturing Inc","judyl@proweldinternational.com","129 Commerce Dr","4403556474","4403556064","508435","Welding Equipment & Supplies (Wholesale)","www.proweldinternational.com"," Email <---> Revenue ","647963","Spiegelberg Manufacturing Inc","129 Commerce Dr","Lagrange","OH","44050","Lorain","www.proweldinternational.com","4403556064","4403556474","Bill Houston","Manager","Mal","8160000","0","508435","Welding Equi","3","0","1"
"182431","Techno-Industrial Machinery","machinesales@techno-inc.com","27500 Royalton Rd","4402365130","4402365000","508524","Machinery-Used (Wholesale)","www.techno-inc.com"," Email <---> Revenue ","683251","Techno-Industrial Machinery","27500 Royalton Rd","Columbia Station","OH","44028","Lorain","www.techno-inc.com","4402365000","4402365130","Tim Zvoncheck","President","Mal","5700000","0","508524","Machinery-Us","3","0","1"
"184639","Hamlet Village","mdb@chagrinriver.net","200 Hamlet Hills Dr","4402471510","4402474201","805904","Retirement Communities & Homes","www.chagrin-falls.org"," Email <---> Revenue ","312912","Hamlet Village","200 Hamlet Hills Dr","Chagrin Falls","OH","44022","Cuyahoga","www.hamletretirement.com","4402474201","4402471291","Jon Eigan","Executive Director","Mal","5880000","120","805904","Retirement C","3","0","1"
"309845","M-Boss Inc","replication@mbossinc.com","5350 Grant Ave","2166417387","2164416080","521125","Ceiling Materials","www.mbossinc.com"," Email <---> Revenue ","432597","M-Boss Inc","4400 Willow Pkwy","Cleveland","OH","44125","Cuyahoga","www.mbossinc.com","2164416080","2166417387","","","","6450000","0","521125","Ceiling Mate","3","0","1"
"311396","Hanson Productions","steve.hanson@hansoninc.com","136 N Summit St # 400","4193276101","4193276100","733501","Photographers-Commercial","NULL"," Email <---> Revenue ","314420","Hanson Productions","136 N Summit St # 400","Toledo","OH","43604","Lucas","www.hansoninc.com","4193276100","4193276101","Steve Hanson","Owner","Mal","5240000","40","733501","Photographer","3","0","1"
"127822","Engineered Components Inc","bill@engrd-comp.com","3637 Medina Rd # 305","NULL","3307254527","509908","Manufacturers-Agents & Representatives","NULL"," Email <---> Revenue ","238619","Engineered Components Inc","3637 Medina Rd # 305","Medina","OH","44256","Medina","www.engrd-comp.com","3307254527","","Bill Sanford","President","Mal","6608000","0","509908","Manufacturer","3","0","1"
"219747","Dimensional Metals Inc","work@dmimetals.com","58 Klema Dr N","7409273319","7409273633","344403","Sheet Metal Fabricators","www.dmimetals.com"," Email <---> Revenue ","208910","Dimensional Metals Inc","58 Klema Dr N","Reynoldsburg","OH","43068","Franklin","www.dmimetals.com","7409273633","7409273319","Philip Gastaldo","Owner","Mal","8200000","0","344403","Sheet Metal ","3","0","1"
"307470","Stress Analysis Svc","connie@stresshq.com","3900 Ira Rd","3306668696","3306668696","504905","Scientific Apparatus & Instruments-Whol","www.stresshq.com"," Email <---> Revenue ","664814","Stress Analysis Svc","3900 Ira Rd","Akron","OH","44333","Summit","www.stresshq.com","3306668696","","Mark Davey","Owner","Mal","5196000","12","504905","Scientific A","3","0","1"
"297597","Advanced Rubber & Plastics","davevanliere@arpco.net","30987 Oregon Rd","4196667200","4196669700","508527","Belting & Belting Supplies (Wholesale)","www.arpco.net"," Email <---> Revenue ","20290","Advanced Rubber & Plastics","30987 Oregon Rd","Perrysburg","OH","43551","Wood","www.arpco.net","4196669700","4196667200","David Dermeyer","Owner","Mal","7410000","0","508527","Belting & Be","3","0","1"
"298571","Component Technology Inc","driveline@certifiedpower.com","26495 Southpoint Rd # A","4198738511","4198737411","508520","Hydraulic Equipment & Supplies (Whol)","www.certifiedpower.com"," Email <---> Revenue ","163843","Component Technology Inc","26495 Southpoint Rd # A","Perrysburg","OH","43551","Wood","www.certifiedpower.com","4198737411","4198738511","Russ Wuellner","Manager","Mal","8550000","0","508520","Hydraulic Eq","3","0","1"
"227362","Harrison Corp","herman.harrison@foster-transformer.com","3820 Colerain Ave","5136812424","5135910386","367798","Electronic Coil & Transformers (Mfrs)","NULL"," Email <---> Revenue ","316777","Harrison Corp","3820 Colerain Ave","Cincinnati","OH","45223","Hamilton","www.foster-transformer.com","5135910386","5136812424","Herman A Harrison","Owner","Mal","7800000","0","367798","Electronic C","3","0","1"
"320231","Delco Corp","jaymezajac@delcocorp.com","3300 Massillon Rd","3308961608","3308964220","354405","Molds (Manufacturers)","www.delcocorp.com"," Email <---> Revenue ","202089","Delco Corp","3300 Massillon Rd","Akron","OH","44312","Summit","www.delcocorp.com","3308964220","3308961608","Fred Kungl Jr","President","Mal","7040000","0","354405","Molds (Manuf","3","0","1"
"251335","Bockert & Assoc Inc","john@bockert-inc.com","18 Fort Monroe Pkwy","4194654216","4194654631","509908","Manufacturers-Agents & Representatives","NULL"," Email <---> Revenue ","90623","Bockert & Assoc Inc","18 Fort Monroe Pkwy","Monroeville","OH","44847","Huron","www.bockert-inc.com","4194654631","4194654216","John Bockert","President","Mal","9440000","0","509908","Manufacturer","3","0","1"
"212561","Livingston Seed Co","kenh@livingstonseed.com","880 Kinnear Rd","6144884857","6144881163","526129","Seeds & Bulbs-Retail","www.livingstonseed.com"," Email <---> Revenue ","422608","Livingston Seed Co","880 Kinnear Rd","Columbus","OH","43212","Franklin","www.livingstonseed.com","6144881163","6144884857","Bob Johnston","Owner","Mal","6825000","0","526129","Seeds & Bulb","3","0","1"
"308079","Arthur Baier Co","main@ahbaier.com","23880 Commerce Park # 2b","2162927500","2162927500","509908","Manufacturers-Agents & Representatives","www.ahbaier.com"," Email <---> Revenue ","51927","Arthur Baier Co","23880 Commerce Park # 2b","Cleveland","OH","44122","Cuyahoga","www.ahbaier.com","2162927500","","David Baier","Owner","Mal","5664000","0","509908","Manufacturer","3","0","1"
"323543","Mac Divitt Rubber Co","misc@macdivittrubber.com","3200 Blackmore Rd","4402595941","4402595937","305201","Rubber Products-Manufacturers","www.macdivittrubber.com"," Email <---> Revenue ","434183","Mac Divitt Rubber Co","3200 Blackmore Rd","Perry","OH","44081","Lake","www.macdivittrubber.com","4402595937","4402595941","Robert Mc Divitt","Owner","Mal","6480000","30","305201","Rubber Produ","3","0","1"
"295162","Avid Technologies Inc","rital@avid-tech.com","2112 Case Pkwy # 1-2","3304870770","3304870770","367201","Printed & Etched Circuits-Mfrs","www.avid-tech.com"," Email <---> Revenue ","59691","Avid Technologies Inc","2112 Case Pkwy # 1-2","Twinsburg","OH","44087","Summit","www.avid-tech.com","3304870770","3304870777","Mark Sinreich","Owner","Mal","7960000","0","367201","Printed & Et","3","0","1"
"307271","Advanced Control Solutions Inc","stevenixon@acsitoledo.com","8750 Resource Park Dr","4198434821","4198434820","871106","Engineers","www.acsitoledo.com"," Email <---> Revenue ","19693","Advanced Control Solutions Inc","8750 Resource Park Dr","Sylvania","OH","43560","Lucas","www.acsitoledo.com","4198434820","4198434821","Steven Nixon","Owner","Mal","6210000","0","871106","Engineers","3","0","1"
"29436","Hensley Industries","caltman@hensleyindustries.com","211 Township Ave","5137699666","5137696666","179604","Machinery-Movers & Erectors","www.hensleyindustries.com"," Email <---> Revenue ","324035","Hensley Industries","211 Township Ave","Cincinnati","OH","45216","Hamilton","www.hensleyindustries.com","5137696666","5137699666","Linda Hensley","Owner","Fem","9250000","0","179604","Machinery-Mo","3","0","1"
"226992","Con Steel Tilt-Up Systems","csinfo@consteel.com","3100 Research Blvd","9372595100","9372569996","871133","Engineers-Professional","www.consteel.com"," Email <---> Revenue ","164824","Con Steel Tilt-Up Systems","3100 Research Blvd","Kettering","OH","45420","Montgomery","www.consteel.com","9372569996","9372595100","Robert Foley","President","Mal","6900000","0","344106","Steel-Struct","3","0","1"
"322801","Ket-Moy Printing","dean@ket-moy.com","9285 Princeton Glendale Rd","5138671283","5138678800","275202","Printers","www.ket-moy.com"," Email <---> Revenue ","390418","Ket-Moy Printing","9285 Princeton Glendale Rd","Hamilton","OH","45011","Butler","www.ket-moy.com","5138678800","5138671283","Henry Sester","Owner","Mal","5589000","0","275202","Printers","3","0","1"
"265817","Hart Restoration Group","Gary-Wilczek@hartrestoration.com","1608 Elmore St","5135572532","5132442222","154101","Building Restoration & Preservation","NULL"," Email <---> Revenue ","317424","Hart Restoration Group","1608 Elmore St","Cincinnati","OH","45223","Hamilton","www.hartrestoration.com","5132442222","5135572532","Gary Wilczek","President","Mal","6336000","0","154101","Building Res","3","0","1"
"304109","Life Safer Interlock Inc","inquiries@lifesafer.com","1908 Hudson Ave","5136519563","5136519560","382920","Alcohol Breath Detectors (Manufacturers)","www.lifesafer.com"," Email <---> Revenue ","418079","Life Safer Interlock Inc","1908 Hudson Ave","Cincinnati","OH","45212","Hamilton","www.lifesafer.com","5136519560","5136519563","Richard Freund","Owner","Mal","8190000","0","382920","Alcohol Brea","3","0","1"
"35818","Tiger Line Equipment","jfausey@fabcor.com","350 S Ohio Street","4196283388","4196282899","353401","Mfg Elevators/escalators Building Equipment Installatio","fabcor.com"," Email <---> Revenue ","691123","Tiger Line Equipment Inc","350 S Ohio St","Minster","OH","45865","Auglaize","www.fabcor.com","4196283388","4196282899","Jon Hoying","President","Mal","8760000","40","344198","Fabricated S","3","0","1"
"8374","Herbst Electric Co","john@herbstelectric.com","1384 E 26th St","2166215893","2166215890","173101","Electric Contractors","www.herbstelectric.com"," Email <---> Revenue ","324481","Herbst Electric Co","1384 E 26th St","Cleveland","OH","44114","Cuyahoga","www.herbstelectric.com","2166215890","2166215893","Duke Benevento","President","Mal","7544000","0","173101","Electric Con","3","2","1"
"258524","Science Applications Intl Corp","koskovichm@saic.com","655 Metro Pl S","5058300452","6147937600","871133","Engineers-Professional","www.saic.com"," Email <---> Revenue ","619309","Science Applications Intl Corp","655 Metro Pl S","Dublin","OH","43017","Franklin","www.saic.com","6147937600","6147937620","","","","9315000","0","871133","Engineers-Pr","3","0","1"
"303415","Buckeye Surfaces","manager@independentwholesale.com","1400 Boltonfield St","6148511206","6148512828","503120","Cabinet Makers Equipment & Supls (Whol)","www.buckeyesurfaces.com"," Email <---> Revenue ","103994","Buckeye Surfaces","1400 Boltonfield St","Columbus","OH","43228","Franklin","www.buckeyesurfaces.com","6148512828","6148511206","Mark Ferarro","Branch Manager","Mal","0","0","503199","Whol Laminat","1","0","1"
"251407","Summitville Tiles Inc","jdutt@summitville.com","State Route 644","3302231511","3302231511","325301","Tile-Ceramic-Manufacturers","www.summitville.com"," Email <---> Revenue ","669584","Summitville Labs","P.O. BOX 73","Summitville","OH","43962","Columbiana","","3302231511","","David Johnson","Chairman of the Board","Mal","0","0","325302","Mfg Ceramic ","1","0","1"
