"Sensus","2707262441","232 Hopkinsville Rd","Russellville","62300000","Stephen Larkin","President","Mal","841","S","Sensus","StephenLarkin@sensuspdc.com","232 Hopkinsville Rd","Russellville","KY","42276","2707266468","2707262441","336398","Aluminum Die Castings (Manufacturers)","NULL","0","0"
"CURVES","2703651700","100 US HIGHWAY 62 W","PRINCETON","70000000","LORRAINE SNEAD","Owner","F","20711","C","Curves For Women","PatsyOliver@curvesforwomen.com","100 Us Highway 62 W","Princeton","KY","42445","2703651700","2703651700","799101","Health Clubs Studios & Gymnasiums","NULL","0","0"
"Lyons-Magnus Co","8594856700","95 Richwood Rd","Walton","56850000","Gary Tandy","Plant Mgr","Mal","23118","L","Lyons-Magnus Co","cwilmoth@lyonsmagnus.com","95 Richwood Rd","Walton","KY","41094","8594857546","8594856700","514101","Food Products (Wholesale)","www.lyonsmagnus.com","0","0"
"Outokumpu Copper Franklin Inc","2705868201","4720 Bowling Green Rd","Franklin","70000000","Ron Beal","President","Mal","30124","O","Outokumpu Copper Franklin Inc","geoff.palmer@outokumpu.com","4720 Bowling Green Rd","Franklin","KY","42134","2705867404","2705868201","335104","Copper Fabricators","NULL","0","0"
"TERRACON CONSULTANTS INC","5024561256","4545 BISHOP LN UNIT 101","LOUISVILLE","80000000","ERICH HOEHLER","Manager","M","37238","T","Terracon Consultants Inc","corporate@terracon.com","4545 Bishop Ln # 101","Louisville","KY","40218","3037764041","5024561256","871119","Engineers-Geotechnical","www.terracon.com","0","0"
"LEXINGTON MEDICAL","8592782858","285 SOUTHLAND DR","LEXINGTON","96800000","MICHELE GOODWIN","Manager","F","38988","L","Lexington Medical","MicheleG@lexmed.com","285 Southland Dr","Lexington","KY","40503","8592782858","8592782858","599920","Home Health & Health Care Equipment","NULL","0","0"
"FASTSIGNS INTERNATIONAL","5024950504","2136 S HURSTBOURNE PKWY","LOUISVILLE","50200000","BRENDA HOGAN","Manager","F","40316","F","FASTSIGNS","203@fastsigns.com","2136 S Hurstbourne Parkway","Louisville","KY","40220","5024950504","null","152106","Designers","fastsigns.com","0","0"
"Kentucky Investors Inc","5022232361","200 Capitol Ave","Frankfort","62135000","Harry Lee Waterfield Ii","CEO","Mal","40921","K","Kentucky Investors Inc","ihlic@ihlic.com","200 Capitol Ave","Frankfort","KY","40601","5028757084","5022232361","641133","Insurance-Holding Companies","www.ihlic.com","0","0"
"Trover Solutions Inc","5024541340","1930 Bishop Ln # 1500","Louisville","65748000","Patrick B Mcginnis","CEO","Mal","42910","T","Trover Solutions Inc","tpswebsales@transpacsolutions.com","1930 Bishop Ln # 1500","Louisville","KY","40218","5024541291","5024541340","809904","Health Maintenance Organizations","www.transpacsolutions.com","0","2"
"Bramco LLC","5024934300","1801 Watterson Trl","Louisville","66600000","Joseph A Paradis Iii","CEO","Mal","51271","B","Bramco LLC","kevin_duling@signature-auctions.com","1801 Watterson Trail PO Box 32230","LOUISVILLE","KY","40299","null","null","152106","Designers","signature-auctions.com","0","0"
"Medastat USALLC","5024899449","1920 Stanley Gault Pkwy # 100","Louisville","68770000","Kevin Mc Kim","Owner","Mal","55221","M","Medastat USALLC","Kevin@medastat.com","1920 Stanley Gault Pkwy # 100","Louisville","KY","40223","5024899401","5024899449","504704","Physicians & Surgeons Equip & Supls-Whol","NULL","0","0"
"Kenergy Corporation","2708263991","6402 Old Corydon Rd","Henderson","51128000","Mark Bailey","CEO","Mal","56495","K","Kenergy Corporation","kellis@kenergycorp.com","6402 Old Corydon Rd","Henderson","KY","42420","2708263999","2708263991","491101","Electric Companies","NULL","0","0"
"Hoskin & Muir Cardinal","5029694059","5690 Shepherdsville Rd","Louisville","52350000","Don Roff","Owner","Mal","57222","H","Hoskin & Muir Cardinal","mkinser@hoskinmuir.com","5690 Shepherdsville Rd","Louisville","KY","40228","5029698417","5029694059","505128","Aluminum (Wholesale)","www.hoskinmuir.com","0","0"
"LIFESKILLS INC","2704875655","201 E 2ND ST STE B","TOMPKINSVILLE","58500000","MICHELLE DENHARD","Manager","F","60929","L","Lifeskills Inc","partners@lifeskillsinc.com","201 E 2nd St # B","Tompkinsville","KY","42167","2704875948","2704875655","832201","Counseling Services","www.lifeskillsinc.com","0","1"
"Quebecor World Book Svc","8598733181","100 Us 60 Byp","Versailles","97000000","Sam Ellett","President","Mal","61290","Q","Quebecor World Book Svc","Sam_Ellett@quebecorworld.com","100 Us 60 Byp","Versailles","KY","40383","8598733129","8598733181","275202","Printers","NULL","0","0"
"COX INTERIOR SUPPLY","2707893129","1751 OLD COLUMBIA RD","CAMPBELLSVLLE","68000000","BARRY COX","President","M","65721","C","Cox Interior Supply","Cox_Barry@coxinterior.com","1751 Old Columbia Rd","Campbellsville","KY","42718","2704657977","2704652624","521126","Building Materials","NULL","0","0"
"BASKIN-ROBBINS ICE CREAM","6066795975","3620 S HIGHWAY 27","SOMERSET","72600000","MELODY MEECE","Manager","F","67067","B","Baskin-Robbins","F.Dalton@baskinrobbins.com","3620 S Highway 27","Somerset","KY","42501","6066795975","6066795975","581203","Ice Cream Parlors","NULL","0","0"
"Grupo Antolin Kentucky","2708852703","208 Commerce Ct","Hopkinsville","64410000","Alfred Richter","Owner","Mal","67184","G","Grupo Antolin Kentucky","judy.tyner@grupoantolin-usa.com","208 Commerce Ct","Hopkinsville","KY","42240","2708895186","2708852703","753207","Automobile Seatcovers Tops & Upholstery","NULL","0","0"
"Delta Natural Gas Co Inc","8597446171","3617 Lexington Rd","Winchester","79194000","Glenn R Jennings","CEO","Mal","72839","D","Delta Natural Gas Co Inc","john.hall@deltagas.com","3617 Lexington Rd","Winchester","KY","40391","8597446552","8597446171","492501","Gas Companies","NULL","0","0"
"DUNKIN DONUTS","8593314202","2410 HIGH ST","FT MITCHELL","72600000","","Unknown","","74154","D","Dunkin Donuts","BPatel@dunkindonuts.com","2410 High St","Covington","KY","41017","NULL","8593314877","546105","Doughnuts","NULL","0","0"
"Sport Paint","5029645353","8151 National Tpke","Louisville","55500000","Tom Cunningham","President","Mal","75679","S","Sport Paint","tcunningham@sportpaint.com","8151 National Tpke","Louisville","KY","40214","5029662056","5029645353","501208","Automobile & Truck Brokers","NULL","0","0"
"Holdaway Medical","5022660092","11305 Bluegrass Pkwy","Louisville","59800000","Bob Black","Owner","Mal","75821","H","Holdaway Medical","Black.Bob@holdawaymedical.com","11305 Bluegrass Pkwy","Louisville","KY","40299","5022669736","5022660092","504704","Physicians & Surgeons Equip & Supls-Whol","NULL","0","0"
"PRO GOLF DISCOUNT","8592684653","3024 RICHMOND RD","LEXINGTON","90000000","VIRGINIA HAY","Owner","F","78195","P","Pro Golf Discount","Virginia-Hay@progolf.com","3024 Richmond Rd","Lexington","KY","40509","8592698552","8592684653","594130","Golf Equipment & Supplies-Retail","NULL","0","0"
"Accumetric Inc","2707693386","350 Ring Rd","Elizabethtown","92864000","James V Hartlage Jr","Owner","Mal","78650","A","Accumetric Inc","iso@accumetric.com","350 Ring Rd","Elizabethtown","KY","42701","2707652412","2707693386","289198","Adhesives & Sealants (Manufacturers)","www.accumetricinc.com","0","0"
"Premier Packaging","5029358786","7100 Trade Port Dr","Louisville","91908000","Ben Blincoe","President","Mal","78907","P","Premier Packaging","custservice@prempack.com","7100 Trade Port Dr","Louisville","KY","40258","5029353354","5029358786","511308","Packaging Materials-Wholesale","www.prempack.com","0","0"
"HALF PRICE BOOKS RECORDS MAGS","5024914310","2025 S HURSTBOURNE PKWY","LOUISVILLE","75000000","TORY HERRON","Manager","F","79729","H","Half Price Books Records Mags","sleach@halfpricebooks.com","2025 S Hurstbourne Pkwy","Louisville","KY","40220","2534741997","5024914310","594201","Book Dealers-Retail","www.halfpricebooks.com","0","0"
"Carmuese","8594728100","Highway 8","Butler","57600000","Ernie Meyer","Plant Mgr","Mal","79750","C","Carmuese","technology@carmeusena.com","Highway 8","Butler","KY","41006","8594728100","8594728110","327498","Lime-Manufacturers","www.carmeusena.com","0","0"
"MALCO INC","8592557868","975 E NEW CIRCLE RD","LEXINGTON","64000000","PAUL E MILLER","Owner","M","81541","M","Malco Inc","internetsales@paulmillerautoplex.com","975 E New Circle Rd","Lexington","KY","40505","8592444235","8592557868","751404","Automobile Leasing","www.paulmillerautoplex.com","0","0"
"Cmi","2706856200","316 E 9th St","Owensboro","57475000","Gary Braswell","CEO","Mal","82018","C","Cmi","GaryBraswell@cmiteamwork.com","316 E 9th St","Owensboro","KY","42303","2706856678","2706856200","382302","Infrared Equipment (Manufacturers)","NULL","0","0"
"Stamler Corp","8594843431","100 Main St","Millersburg","56115000","Don Williams","President","Mal","84849","S","Stamler Corp","mininginfo@oldenburggroup.com","100 Main St","Millersburg","KY","40348","8594843336","8594843431","353201","Mining Equipment & Supplies-Mfrs","www.oldenburggroup.com","0","0"
"R R Donnelley & Sons Co","8592387910","3201 Lebanon Rd","Danville","93600000","Wayne Gordon","VP","Mal","87200","R","R R Donnelley & Sons Co","peter.tiemeyer@rrd.com","3201 Lebanon Rd","Danville","KY","40422","5629261163","8592387910","275202","Printers","www.wallace.com","0","0"
"Southern Foods Inc","2708431121","117 Mitch Mcconnell Way","Bowling Green","96645000","Joe Natcher","Owner","Mal","87442","S","Southern Foods Inc","jsimmons@southernfoodsinc.com","117 Mitch Mcconnell Way","Bowling Green","KY","42101","2707828031","2708431121","514101","Food Products (Wholesale)","www.southernfoodsinc.com","0","0"
"TRANSFREIGHT","5028677040","1101 CHERRY BLOSSOM WAY","GEORGETOWN","95100000","DAVID LACY","Manager","M","89854","T","Transfreight","is_support_team@transfreight.com","1101 Cherry Blossom Way","Georgetown","KY","40324","5028677072","5028677040","473101","Transportation Consultants","www.transfreight.com","0","0"
"Coroplast Inc","6067960334","401 Industrial","Vanceburg","63060000","Troy Hughes","Owner","Mal","93964","C","Coroplast Inc","tHughes@coroplast.com","401 Industrial","Vanceburg","KY","41179","6067960334","6067960334","516202","Plastics-Products-Finished-Wholesale","NULL","0","0"
"ALMOST FAMILY INC","5028911000","9510 ORMSBY STATION RD STE 300","LOUISVILLE","75600000","WILLIAM B YARMUTH","Chief Executive Office","M","94074","A","Almost Family Inc","William.Yarmuth@prnewswire.com","9510 Ormsby Station Rd # 300","Louisville","KY","40223","5028918083","5028995355","805903","Adult Care Facilities","NULL","0","0"
"BHN","5022458012","1700 EASTPOINT PKWY","LOUISVILLE","93200000","SCOTT FERGUSON","Owner","M","97341","B","Bhn","F.Scott@bhncorp.com","PO Box 23770","Louisville","KY","40223","5024896435","5022458012","641102","Insurance Adjusters","NULL","0","0"
"Pike County Coal Corp","6064323121","160 S Lanks Br","Pikeville","88600000","Don Gibson","President","Mal","100561","P","Pike County Coal Corp","pmadden@horizons.com","160 S Lanks Br","Pikeville","KY","41501","6064327535","6064323121","122102","Coal Mining & Shipping","www.horizons.com","0","0"
"Tmi","8594851051","13220 Walton Verona Rd","Walton","92500000","Robert Holdsworth","Owner","Mal","100636","T","Tmi","HoldsworthR@crightonridge.com","13220 Walton Verona Rd","Walton","KY","41094","8594851587","8594851051","501212","Trailers-Truck (Wholesale)","NULL","0","0"
"R & S Pharmaceuticals","2704344200","701 Columbia Ave","Glasgow","61600000","Darin Shirley","President","Mal","100649","R","R & S Pharmaceuticals","Darin@akyma.com","701 Columbia Ave","Glasgow","KY","42141","2704342048","2704344200","283404","Drug Millers","NULL","0","0"
"LEXINGTON CENTER","8592334567","430 W VINE ST","LEXINGTON","67500000","BILL OWENS","Chief Executive Office","M","100826","L","Lexington Center","comments@rupparena.com","430 W Vine St","Lexington","KY","40507","8592532718","8592334567","738931","Convention & Meeting Facilities & Svc","www.lexingtoncenter.com","0","0"
"Neill-Lavielle Inc","5026375401","1711 S Floyd St","Louisville","57000000","Robert G Pfeiffer","CEO","Mal","101204","N","Neill-Lavielle Inc","sherry1414@neill-lavielle.com","1711 S Floyd St","Louisville","KY","40208","5026375450","5026375401","508525","Bearings (Wholesale)","www.neill-lavielle.com","0","0"
"Aleris International","5025898100","500 W Jefferson St # 19","Louisville","60690000","Mark V Kaminski","CEO","Mal","102227","A","Aleris International","william.witherspoon@aleris.com","500 W Jefferson St # 19","Louisville","KY","40202","5025898158","5025898100","335301","Aluminum Sheet Plate & Foil (Mfrs)","NULL","0","0"
"PACKAGING UNLIMITED INC","5025152770","1729 MCCLOSKEY AVE","LOUISVILLE","78800000","BOB HANEKAMP","Chief Executive Office","M","104024","P","Packaging Unlimited Inc","pwinspear@pkgunltd.com","1729 Mccloskey Ave","Louisville","KY","40210","5025153939","5027760110","738988","Packaging Service","www.packagingunlimited.com","0","0"
"Tyler Mountain Water Rainbow","2704440418","7845 Carneal Rd","West Paducah","75180000","Kevin Tappa","Manager","Mal","104277","T","Tyler Mountain Water Rainbow","tsteele@tylermountainwater.com","7845 Carneal Rd","West Paducah","KY","42086","3047559169","2704440418","208604","Beverages-Manufacturers","www.tylermountainwater.com","0","0"
"NGAS RESOURCES INC","8592633948","120 PROSPEROUS PL STE 201","LEXINGTON","79800000","WILLIAM S DAUGHERTY","Chief Executive Office","M","106985","N","NGAS Resources Inc","ngas@ngas.com","120 Prosperous Pl # 201","Lexington","KY","40509","8592634228","8592633948","131101","Oil & Gas Producers","www.ngas.com","0","0"
"Nor-Com","8596897451","2126 Petersburg Rd","Hebron","51300000","Dan Van Meter","Owner","Mal","107459","N","Nor-Com","DanV@nor-com.com","2126 Petersburg Rd","Hebron","KY","41048","8596897483","8596897451","504301","Audio-Visual Equipment & Supls (Whol)","NULL","0","0"
"MARCH OF DIMES","6066796514","44 OFFICE PARK DR STE 1","SOMERSET","96000000","LINDA NEWMAN","Manager","F","108820","M","March Of Dimes","ks632@marchofdimes.com","156 Southport Dr","Somerset","KY","42501","8656946066","6066796514","832218","Social Service & Welfare Organizations","www.marchofdimes.com","0","1"
