mail id,company,email,address,phone,fax,sic,sic description,web,,revenue id,company,address,city,state,zip,	metro,web,phone,fax,contact,position,gender,sales,# of employee,sic,sic_descrpiton,	,,
"210347","DSC Logistics","ronmestan@dsc-logistics.com","1750 So Wolf Rd","8473906800","null","421304","Trucking","DSCSCV.COM"," Email <---> Revenue ","131896","DRY STORAGE DES PLAINES","1750 S WOLF RD","DES PLAINES","IL","60018","Cook","","8473906800","","ANN DRAKE","Chief Executive Office","F","32000000","175","422503","Warehousing ","5","0","1"
"386890","Belvedere Co","tfletcher@belvedereco.com","2964 Newburg Rd","8155446747","8155443131","259998","Furniture & Fixtures Nec (Mfrs)","www.belvedereco.com"," Email <---> Revenue ","545541","Belvedere Co","2964 Newburg Rd","Belvidere","IL","61008","Boone","www.belvedereco.com","8155443131","8155446747","Mark Waldron","President","Mal","30400000","200","259998","Furniture & ","5","0","1"
"351779","Hoffer Plastics Corp","p-nguven@hofferpl.com","500 N Collins St","8477413086","8477415740","308901","Mold Makers","NULL"," Email <---> Revenue ","199865","HOFFER PLASTICS CORP","500 N COLLINS ST","SOUTH ELGIN","IL","60177","Kane","","8477415740","","WILLIAM A HOFFER","President","M","44800000","700","308900","Plastic Pdts","5","0","1"
"321613","Americall Corporation","fsingleton@americallgroup.com","1 River Pl","2197382775","7084745191","562101","Women's Apparel-Retail","www.americallgroup.com"," Email <---> Revenue ","504648","Americall Corporation","1 River Pl","Lansing","IL","60438","Cook","www.americallgroup.com","7084745191","7083949010","Jason Such","Manager","Mal","34800000","300","562101","Women's Appa","5","0","1"
"299049","Appetizers & Inc","emailus@appetizersandinc.com","2555 N Elston Ave","7733843995","7732270400","203802","Frozen Canapes & Hors D''Oeuvres-Mfrs","www.appetizersandinc.com"," Email <---> Revenue ","516234","Appetizers & Inc","2555 N Elston Ave","Chicago","IL","60647","Cook","www.appetizersandinc.com","7732270400","7733843995","John Trellicoso","Plant Mgr","Mal","32000000","600","203802","Frozen Canap","5","0","1"
"60774","Invensys","tom.gutierrez@exide.com","1354 Clifford Ave","NULL","8158770241","349403","Valves-Manufacturers","NULL"," Email <---> Revenue ","803041","Invensys","1354 Clifford Ave","Loves Park","IL","61111","Winnebago","www.dynaproducts.com","8158770241","","Willey Osburn","President","Mal","25250000","125","349403","Valves-Manuf","5","0","1"
"390481","All Truck Transportation Inc","durbaniak@alltruck.com","4924 S Austin Ave","7085946408","7085942543","421304","Trucking","www.alltruck.com"," Email <---> Revenue ","497986","All Truck Transportation Inc","4924 S Austin Ave","Chicago","IL","60638","Cook","www.alltruck.com","7085942543","7085946408","Matthew J Alagna Jr","CEO","Mal","30200000","200","421304","Trucking","5","0","1"
"137703","Dave's Super Market","davesteam@davessupermarket.com","120 S 3rd St","8156923523","8156923523","541105","Grocers","www.davessupermarket.com"," Email <---> Revenue ","117312","DAVE'S SUPER MARKET","120 S 3RD ST","FAIRBURY","IL","61739","Livingston","","8156922822","","ALLAN STEFFEN","Manager","M","25800000","145","541100","Grocery Stor","5","0","1"
"396871","Computer Sciences Corp","cbuchan3@csc.com","8 Executive Dr # 300","9733724361","6186247222","871111","Engineers-Consulting","www.csc.com"," Email <---> Revenue ","627768","Computer Sciences Corp","8 Executive Dr # 300","Fairview Heights","IL","62208","St Clair","www.csc.com","6186247222","6186249029","Steven Frederickson","Executive Director","Mal","28440000","180","871111","Engineers-Co","5","0","1"
"386810","Sullivan Parkhill Automotive","ksully@sullivan-parkhill.com","440 West Anthony Dr","2173524275","2173524697","754999","Automotive Services","sullivan-parkhill.com"," Email <---> Revenue ","408593","SULLIVAN-PARKHILL AUTOMOTIVE","440 W ANTHONY DR","CHAMPAIGN","IL","61822","Champaign","","2173524275","","KEVIN SULLIVAN","Owner","M","48500000","120","551100","New & Used C","5","0","1"
"404812","Tru-Bilt Building Co","larry@tru-bilt.com","9328 Foyt Rd","6189822211","6189822110","154210","Buildings-Metal","www.tru-bilt.com"," Email <---> Revenue ","1064408","Tru-Bilt Building Co","9328 Foyt Rd","Marion","IL","62959","Williamson","www.tru-bilt.com","6189822110","6189822211","Larry Johnson","Manager","Mal","28470000","65","154210","Buildings-Me","5","0","1"
"269747","Anderson Lock Co","laura@andersonlock.com","850 E Oakton St","8472969259","8478242800","507207","Hardware-Wholesale","www.andersonlock.com"," Email <---> Revenue ","511440","Anderson Lock Co","850 E Oakton St","Des Plaines","IL","60018","Cook","www.andersonlock.com","8478242800","8472969259","Gene Anderson","President","Mal","31080000","60","507207","Hardware-Who","5","0","1"
"411048","California Closets","BCote@calclosets.com","2130 Foster Ave","NULL","8476666666","502309","Closets & Closet Accessories (Whol)","NULL"," Email <---> Revenue ","582007","California Closets","2130 Foster Ave","Wheeling","IL","60090","Cook","","8476666666","","Bruce Cote","Owner","Mal","27850000","50","502309","Closets & Cl","5","0","1"
"415102","Airgas Mid-America","yourname@yourdomain.com","1250 W Washington St","2516538743","6302317760","508435","Welding Equipment & Supplies (Wholesale)","www.newyorkspeed.com"," Email <---> Revenue ","492466","Airgas Mid-America","1250 W Washington St","West Chicago","IL","60185","Du Page","www.airgas.com","6302317760","","John Mc Divet","President","Mal","47328000","87","508435","Welding Equi","5","0","1"
"399658","Liberty Bank for Savings","wsmigiel@alliedfirst.com","2392 N Milwaukee Ave","NULL","7733844000","808201","Home Health Service","NULL"," Email <---> Revenue ","255564","LIBERTY BANK FOR SAVINGS","2392 N MILWAUKEE AVE","CHICAGO","IL","60647","Cook","","7733844000","","CHESTER SMIGIEL","Manager","M","48600000","170","602200","State Commer","5","0","1"
"383148","Deltrol Fluid Products","William@deltrol.com","3001 Grant Ave","7085476881","7085470500","349403","Valves-Manufacturers","NULL"," Email <---> Revenue ","663662","Deltrol Fluid Products","3001 Grant Ave","Bellwood","IL","60104","Cook","www.deltrolfluid.com","7085470500","7085476881","William Parks","CEO","Mal","33400000","131","349403","Valves-Manuf","5","0","1"
"38813","Purac Inc","wendy.pitts@purac.com","111 Barclay Blvd # 100","8476341992","8476346330","207601","Tallow (Manufacturers)","NULL"," Email <---> Revenue ","961879","Purac Inc","111 Barclay Blvd # 100","Lincolnshire","IL","60069","Lake","","8476346330","8476341992","Gerrit Vreeman","President","Mal","44040000","30","207601","Tallow (Manu","5","0","1"
"244083","Zenith Cutter Co","websales@zenithcutter.com","5200 Zenith Pkwy","8152825232","8152825200","342301","Knives-Machine (Manufacturers)","www.zenithcutter.com"," Email <---> Revenue ","1105517","Zenith Cutter Co","5200 Zenith Pkwy","Loves Park","IL","61111","Winnebago","www.zenithcutter.com","8152825200","8152825232","Cedric W Blazer","CEO","Mal","30100000","175","342301","Knives-Machi","5","0","1"
"379736","Country Sampler Group","webcustservice@sampler.emmis.com","707 Kautz Rd","3306504849","6303778000","596102","Mail Order & Catalog Shopping","www.countrysampler.com"," Email <---> Revenue ","637001","Country Sampler Group","707 Kautz Rd","St Charles","IL","60174","Kane","www.countrysampler.com","6303778000","6303778194","Margaret Borst","President","Fem","28490000","70","596102","Mail Order &","5","0","1"
"148665","Enpro Inc","vincent.cioffi@enpro.com","121 S Lombard Rd","6306293512","6306293504","508513","Valves-Wholesale","NULL"," Email <---> Revenue ","701781","Enpro Inc","121 S Lombard Rd","Addison","IL","60101","Du Page","","6306293504","6306293512","Brian Cook","President","Mal","34200000","60","508513","Valves-Whole","5","0","1"
"140355","ATMI","tmcgowan@atmi.com","960 Ridgeway Ave","6308964871","6308964679","874821","Bank Designers & Consultants","NULL"," Email <---> Revenue ","37261","ATMI","960 RIDGEWAY AVE FL 2","AURORA","IL","60506","Kane","","6308964679","","JOHN CORDOGAN","Owner","M","33800000","150","874800","Bus Consulti","5","0","1"
"113020","K-Log","T-Klebe@k-log.com","PO Box 5","8478723728","8478726611","504507","Data Processing Equipment (Wholesale)","NULL"," Email <---> Revenue ","827805","K-Log","1224 27th St # W","Zion","IL","60099","Lake","www.k-log.com","8478726611","8478723728","Tim Klebe","Owner","Mal","26910000","30","504507","Data Process","5","0","1"
"399839","Sandbager Corp","tim@thesandbagger.com","30846 N Us Highway 12","8153638809","8153631400","508226","Sand & Gravel Handling Equipment (Whol)","www.thesandbagger.com"," Email <---> Revenue ","1000041","Sandbager Corp","30846 N Us Highway 12","Volo","IL","60073","Lake","www.thesandbagger.com","8153631400","8153638809","Stacey Kanzler","Owner","","32634000","49","508226","Sand & Grave","5","0","1"
"385728","Euro RSCG Tatham Partners","teresa.mogush@eurorscg.com","36 E Grand Ave","3123372316","3123374400","731101","Advertising-Agencies & Counselors","NULL"," Email <---> Revenue ","705820","Euro RSCG Tatham Partners","36 E Grand Ave","Chicago","IL","60611","Cook","","3123374400","3123372316","Gary Epstein","CEO","Mal","33300000","250","731101","Advertising-","5","0","1"
"331070","Crucible Service Ctr","techservices@crucible.com","4501 W Cortland St","2627816743","7737720300","505106","Steel-Distributors & Warehouses","www.crucibleservice.com"," Email <---> Revenue ","643157","Crucible Service Ctr","4501 W Cortland St","Chicago","IL","60639","Cook","www.crucibleservice.com","7737720300","7737720465","Justin Clarke","Manager","Mal","33504000","32","505106","Steel-Distri","5","0","1"
"413803","Cypress Medical Products","T.Sabatka@cypressmed.com","1202 S Highway 31","8153850114","8153850100","384104","Physicians & Surgeons Equip & Supls-Mfrs","NULL"," Email <---> Revenue ","647510","Cypress Medical Products","1202 S Highway 31","Mchenry","IL","60050","Mc Henry","www.cypressmed.com","8153850100","8153850114","Tim Sabatka","CEO","Mal","31360000","140","384104","Physicians &","5","0","1"
"288455","Swenson Spreader Co","swensonsales@swensonspreader.com","127 Walnut St","8153934964","8153934455","353198","Construction Machinery & Equip (Mfrs)","www.swensonspreader.com"," Email <---> Revenue ","1042945","Swenson Spreader Co","127 Walnut St","Lindenwood","IL","61049","Ogle","www.swensonspreader.com","8153934455","8153934964","John Slawson","President","Mal","43080000","120","353198","Construction","5","0","1"
"356259","Nypro Chicago","staffing@nypro.com","955 Tri State Pkwy","3037724753","8478552200","308901","Mold Makers","www.nypro.com"," Email <---> Revenue ","923867","Nypro Chicago","955 Tri State Pkwy","Gurnee","IL","60031","Lake","www.nypro.com","8478552200","8478559058","Jim Stinson","Manager","Mal","32800000","200","308901","Plastics-Mol","5","0","1"
"348630","Team Spirit","ssi-sales@steveschmittauto.com","12631 State Route 143","6186542181","6186545850;61865493","5311","Retail shops","steveschmitt.com;steveschmittauto.com"," Email <---> Revenue ","74571","CARRIAGE CORP","12631 STATE ROUTE 143","HIGHLAND","IL","62249","Madison","","6186542181","","STEVE SCHMITT","Owner","M","40400000","100","551100","New & Used C","5","0","1"
"282394","Cornell Forge Co","sduzak@cornellforge.com","6666 W 66th St","7087289883","7084581582","346201","Forgings (Manufacturers)","www.cornellforge.com"," Email <---> Revenue ","633215","Cornell Forge Co","6666 W 66th St","Chicago","IL","60638","Cook","www.cornellforge.com","7084581582","7087289883","Bill Brewer","Owner","Mal","28000000","82","346201","Forgings (Ma","5","0","1"
"407324","NCI Building Systems","sales-marketing@mbci.com","1509 Dewitt Ave E","2298963281","2172588533","154210","Buildings-Metal","www.mbci.com"," Email <---> Revenue ","909843","NCI Building Systems","1509 Dewitt Ave E","Mattoon","IL","61938","Coles","www.mbci.com","2172588533","2172343398","Denny Maas","Plant Mgr","Mal","30660000","70","154210","Buildings-Me","5","0","1"
"325827","Lundia","rnorden@recomgroup.com","600 Capitol Way","2172454914","2172438585","504606","Shelving-Commercial & Industrial (Whol)","www.lundiausa.com"," Email <---> Revenue ","865881","Lundia","600 Capitol Way","Jacksonville","IL","62650","Morgan","www.lundiausa.com","2172438585","2172454914","Gary L Frye","President","Mal","35820000","90","504606","Shelving-Com","5","0","1"
"358262","Huntsman Corp","rachel_tiggeloven@huntsman.com","501 Brunner St","8152245278","8152241525","289905","Chemicals-Manufacturers","www.huntsman.com"," Email <---> Revenue ","792383","Huntsman Corp","501 Brunner St","Peru","IL","61354","La Salle","www.huntsman.com","8152241525","8152245278","John Lakenam","Plant Mgr","Mal","40260000","110","289905","Chemicals-Ma","5","0","1"
"402942","Foto Fabrication Corp","quinton@lorill.com","3758 W Belmont Ave","7734633387","7734636211","505113","Metal Specialties (Wholesale)","www.fotofab.com"," Email <---> Revenue ","731436","Foto Fabrication Corp","3758 W Belmont Ave","Chicago","IL","60618","Cook","www.fotofab.com","7734636211","7734633387","Jamie Howton","President","Mal","41880000","40","505113","Metal Specia","5","0","1"
"420476","Gates Corporation","ptpasupport@gates.com","999 Sandy Hollow Rd","7704843301","8153816200","305202","Belting & Belting Supplies-Manufacturers","www.gates.com"," Email <---> Revenue ","746104","Gates Corporation","999 Sandy Hollow Rd","Rockford","IL","61109","Winnebago","www.gates.com","8153816200","8152294114","Shahram Totonchian","Plant Mgr","Mal","37800000","175","305202","Belting & Be","5","0","1"
"264272","SRA Intl Inc","productvendor@sra.com","331 Salem Pl # 200","8505813829","6186246660","874833","Government-Contract Consultants","www.sra.com"," Email <---> Revenue ","996475","SRA Intl Inc","331 Salem Pl # 200","Fairview Heights","IL","62208","St Clair","www.sra.com","6186246660","6186246853","Robert Evarts","Manager","Mal","31725000","141","874833","Government-C","5","0","1"
"393857","BOWE Bell & Howell","pr@bccsoftware.com","760 S Wolf Rd","9199418579","8476757600","874213","Marketing Programs & Services","www.bowebellhowell.com"," Email <---> Revenue ","533631","BOWE Bell & Howell","760 S Wolf Rd","Wheeling","IL","60090","Cook","www.bowebellhowell.com","8476757600","8476740390","George Marton","Manager","Mal","34000000","200","874213","Marketing Pr","5","0","1"
"320856","National Railway Equip Co","power@nrecps.com","309 9th St N","3097550278","3097556800","401101","Railroads","www.nationalrailway.com"," Email <---> Revenue ","912221","National Railway Equip Co","309 9th St N","Silvis","IL","61282","Rock Island","www.nationalrailway.com","3097556800","3097550278","Ray Thornton","VP","Mal","31710000","105","401101","Railroads","5","0","1"
"381661","Parsons Co","parsonsco@parsonscompany.com","1386 State Route 117","3094675417","3094679100","179104","Metal Fabricators","www.parsonscompany.com"," Email <---> Revenue ","938113","Parsons Co","1386 State Route 117","Roanoke","IL","61561","Woodford","www.parsonscompany.com","3094679100","3094675417","Bob Parsons","Owner","Mal","25872000","176","179104","Metal Fabric","5","0","1"
"253197","H N Automotive Inc","painfo@hnai.net","1500 Heartland Ave # 4","2173470600","2173470600","501313","Automobile Parts & Supplies-Wholesale","www.hnai.net"," Email <---> Revenue ","769053","H N Automotive Inc","1500 Heartland Ave # 4","Effingham","IL","62401","Effingham","www.hnai.net","2173470600","","J R Elder","Executive Director","Mal","31360000","70","501313","Automobile P","5","0","1"
"417221","Best Buy","newscenter@bestbuy.com","2100 N Elston Ave","6184573903","7734860142","573117","Electronic Equipment & Supplies-Retail","www.bestbuy.com"," Email <---> Revenue ","548558","Best Buy","2100 N Elston Ave","Chicago","IL","60614","Cook","www.bestbuy.com","7734860142","7737827902","","","","36300000","150","573117","Electronic E","5","0","1"
"330121","Synagro Technologies Inc","nderoche@synagro.com","600 Heartland Dr","7074383737","6304667892","519114","Fertilizers (Wholesale)","www.synagro.com"," Email <---> Revenue ","1043429","Synagro Technologies Inc","600 Heartland Dr","Sugar Grove","IL","60554","Kane","www.synagro.com","6304667892","6304668612","Bill Angelotti","Manager","Mal","26600000","40","519114","Fertilizers ","5","0","1"
"306874","Fridh Corp","mwhittington@fridhcorp.com","1111 S Alpine Rd # 700","8152295933","8152290833","671901","Holding Companies (Non-Bank)","www.fridhcorp.com"," Email <---> Revenue ","737095","Fridh Corp","1111 S Alpine Rd # 700","Rockford","IL","61108","Winnebago","www.fridhcorp.com","8152290833","8152295933","Roy Fridh","Owner","Mal","25920000","40","671901","Holding Comp","5","2","1"
"399697","Bernardi Italian Foods","msherman2@windsorfoods.com","301 W 3rd St","4173585323","8154522361","203801","Frozen Food Processors","www.specialtybrandsinc.com"," Email <---> Revenue ","547815","Bernardi Italian Foods","301 W 3rd St","Toluca","IL","61369","Marshall","www.windsorfoods.com","8154522361","8154522822","Dick Bernardi","President","Mal","36000000","270","203801","Frozen Food ","5","0","1"
"365668","Partners Property Management","mdubrul@sudler.net","875 N Michigan Ave.","3127511717","null","874198","Fuel Management","null"," Email <---> Revenue ","228414","JOHN HANCOCK BLDG","875 N MICHIGAN AVE # 26","CHICAGO","IL","60611","Cook","","3127511717","","BILL FIELDS","President","M","28800000","115","874203","Mrkting Cons","5","0","1"
"280760","Flooring Outlet Carpetmax","mlcpt@inset.com","256 Market Square 2nd floor","8475265815","8475264654","175299","Floor Laying Contractor","null"," Email <---> Revenue ","161408","FLOORING AMERICA","1160 N DATO LN","WAUCONDA","IL","60084","Lake","","8475265815","","MIKE LEVIN","President","M","26000000","10950","175200","Floor Laying","5","0","1"
"361269","E L Pruitt Co","mdm@elpruitt.com","3090 Colt Rd","2177892694","2177890966","171117","Air Conditioning Contractors & Systems","www.elpruitt.com"," Email <---> Revenue ","134646","E L PRUITT CO","3090 COLT RD","SPRINGFIELD","IL","62707","Sangamon","","2177890966","2177892694","JOHN PRUITT","President","M","43800000","250","171104","Heating,Air ","5","0","1"
"362784","Colorlab Cosmetics","MaryS@colorlabcosmetics.com","1112 5th Ave","8159652007","8159652001","512204","Cosmetics-Wholesale","NULL"," Email <---> Revenue ","623877","Colorlab Cosmetics","1112 5th Ave","Rockford","IL","61104","Winnebago","www.colorlabcosmetics.com","8159652001","8159652007","Mary Swaab","Owner","Fem","27860000","20","512204","Cosmetics-Wh","5","0","1"
"86821","Thad Grundy Jr","martint@visitdna.com","10 South Riverside Plaza","3125592999","3125599064","8999","Services NEC","FORMULABT.COM^^FORMULABT.NET^^SNOWFREESYSTEM.COM^^SNOWFREESYSTEM.NET^^SNOWFREESYSTEMS.COM^^SNOWFREES"," Email <---> Revenue ","410866","SUPIERIOR GRAPHITE CO","10 S RIVERSIDE PLZ STE 1470","CHICAGO","IL","60606","Cook","","3125592999","","","Unknown","","30000000","500","362400","Carbon,Graph","5","0","1"
"408588","Henson Robinson Co","mark@henson-robinson.com","3550 Great Northern","2175440829","2175448451","176109","Roofing Contractors","www.henson-robinson.com"," Email <---> Revenue ","196253","HENSON ROBINSON CO","3550 GREAT NORTHERN","SPRINGFIELD","IL","62711","Sangamon","","2175448451","2175440829","STEVE ETHERIDGE","Owner","M","26300000","150","176100","Roofg, Sheet","5","0","1"
"399577","Lake County Grading Co LLC","m_dennino@lcgc.com","32901 N IL Route 21","8473629460","8473622590","179502","Demolition Contractors","www.lcgc.com"," Email <---> Revenue ","845838","Lake County Grading Co LLC","32901 N IL Route 21","Libertyville","IL","60048","Lake","www.lcgc.com","8473622590","8473629460","Michael Wolff","VP","Mal","30000000","280","179502","Demolition C","5","0","1"
"410767","Earl L Henderson Trucking Co","lbrubaker@hendersontrucking.com","1 Industrial Dr","6185486204","6185484667","421304","Trucking","www.hendersontrucking.com"," Email <---> Revenue ","135375","EARL L HENDERSON TRUCKING CO","1 INDUSTRIAL DR","SALEM","IL","62881","Marion","","6185484667","","JOHN KABURICK","President","M","41400000","450","421300","Trucking","5","0","1"
"409839","Cardean Learning Group","lberland@cardean.com","111 N Canal St","8474059366","3126695000","874825","Educational Consultants","www.unext.com"," Email <---> Revenue ","586178","Cardean Learning Group","111 N Canal St","Chicago","IL","60606","Cook","www.unext.com","3126695000","8474055005","Cathleen Raffaeli","CEO","Fem","28125000","125","874825","Educational ","5","2","1"
"11889","Advance Mechanical Systems Inc","kroth@advmech.com","2080 S Carboy Rd","8475932536","8475932510","171102","Heating Contractors","www.advmech.com"," Email <---> Revenue ","12237","ADVANCE MECHANICAL SYSTEMS INC","2080 S CARBOY RD","MT PROSPECT","IL","60056","Cook","","8475932510","","DAVID WIENER","Chief Executive Office","M","35000000","200","171104","Heating,Air ","5","0","1"
"138082","Bodine Electric Co","jrb@bodine-electric.com","2500 W Bradley Pl","7734783232","7734783515","384104","Physicians & Surgeons Equip & Supls-Mfrs","NULL"," Email <---> Revenue ","559424","Bodine Electric Co","2500 W Bradley Pl","Chicago","IL","60618","Cook","","7734783515","7734783232","John R Bodine","CEO","Mal","47400000","300","384104","Physicians &","5","0","1"
"358406","Barcom","John-Bartle@barcominc.com","923 N Belt W","6182777940","6182773344","506304","Security Control Equip & Systems-Whol","NULL"," Email <---> Revenue ","538327","Barcom","923 N Belt W","Swansea","IL","62226","St Clair","","6182773344","6182777940","John Bartle","Owner","Mal","26320000","40","506304","Security Con","5","0","1"
"236911","Chef Solutions","john.urbelis@chefsolutions.com","111 Northwest Ave","7085620138","708-562-0100","2051","Bread and Other Bakery Products","Except Cookies and Crackers"," Email <---> Revenue ","602633","Chef Solutions","111 Northwest Ave","Northlake","IL","60164","Cook","www.chefsolutions.com","7085620100","7082365505","Angel Ray Pimienta","Plant Mgr","Mal","33300000","250","546102","Bakers-Retai","5","0","1"
"414780","Pharmanutrients","joannas@pharmanutrients.com","1519 Saint Paul Ave","8472345545","8477750460","512203","Pharmaceutical Products-Wholesale","www.pharmanutrients.com"," Email <---> Revenue ","946589","Pharmanutrients","1519 Saint Paul Ave","Gurnee","IL","60031","Lake","www.pharmanutrients.com","8477750460","8472345545","Mark Nottoli","Owner","Mal","48755000","35","512203","Pharmaceutic","5","0","1"
"309241","Danaher Controls","jim.appelgren@dancon.com","1675 N Delany Rd","8476626633","847-662-2666","3625","Relays and Industrial Controls","NULL"," Email <---> Revenue ","653574","Danaher Controls","1675 N Delany Rd","Gurnee","IL","60031","Lake","www.partlowwest.com","8476622341","8476626633","Steve Breitzka","CEO","Mal","34800000","126","506328","Controls Con","5","0","1"
"161198","Arie Crown Theater","jholper@mpea.com","2301 South Lake Shore Drive","3125730244","null","738999","Business Services Nec","ARIECROWN.COM"," Email <---> Revenue ","32871","ARIE CROWN THEATER","2301 S LAKE SHORE DR","CHICAGO","IL","60616","Cook","","3127916000","","DULCIE C GILMORE","Operations Manager","F","30000000","600","799921","Malls & Aud","5","0","1"
"373185","Wisconsin Physicians Svc","Jerri@wpsic.com","912 N Pentecost Dr","6189985282","6189937832","641110","Insurance-Claim Processing Services","NULL"," Email <---> Revenue ","1098934","Wisconsin Physicians Svc","912 N Pentecost Dr","Marion","IL","62959","Williamson","www.wpsic.com","6189937832","6189985282","Jerri Pigg-Shoemake","President","Fem","48300000","350","641110","Insurance-Cl","5","0","1"
"154870","Girard Fastener Co","jdavis@girardfastener.com","525 W 169th St","NULL","7083336133","507205","Fasteners-Industrial (Wholesale)","NULL"," Email <---> Revenue ","753114","Girard Fastener Co","525 W 169th St","South Holland","IL","60473","Cook","","7083336133","","John Davis","President","Mal","25900000","50","507205","Fasteners-In","5","0","1"
"368223","Peter Baker & Son Co","jbrunner@peterbaker.com","1349 Rockland Rd","8153441653","8153441640","161101","Paving Contractors","NULL"," Email <---> Revenue ","945488","Peter Baker & Son Co","1349 Rockland Rd","Lake Bluff","IL","60044","Lake","www.peterbaker.com","8473623663","8473620707","Peter A Baker","President","Mal","40000000","125","161101","Paving Contr","5","1","1"
"170143","Murphy & Miller","James.J.Miller@murphymiller.com","600 W Taylor St","3124270324","3124278900","1711","Plumbing","Heating"," Email <---> Revenue ","298548","MURPHY MILLER","600 W TAYLOR ST","CHICAGO","IL","60607","Cook","","3124270324","","JAMES J MILLER","Chief Executive Office","M","30600000","175","171104","Heating,Air ","5","0","1"
"329916","Priority Food Processing","J.P@sysco.com","635 Oakwood Rd","8474381599","8474381338","738988","Packaging Service","NULL"," Email <---> Revenue ","342762","PRIORITY FOOD PROCESSING","635 OAKWOOD RD","LAKE ZURICH","IL","60047","Lake","","8474381338","","ANDY BURKE","President","M","39400000","175","738912","Packaging Sy","5","0","1"
"350240","Chicago Steel Tape Co","j.jordan@instarservices.com","444 S Cips St","8154322417","8154326840","382907","Surveying Instruments-Manufacturers","NULL"," Email <---> Revenue ","607124","Chicago Steel Tape Co","444 S Cips St","Watseka","IL","60970","Iroquois","www.cstsurvey.com","8154326840","8154322417","Ash Puri","President","Mal","26250000","200","382907","Surveying In","5","0","1"
"395316","Gordon Food Svc","internationalsales@gfs.com","2060 Pratt Blvd","7278211902","8474278527","514102","Food Brokers","www.gfs.com"," Email <---> Revenue ","759200","Gordon Food Svc","2060 Pratt Blvd","Elk Grove Vlg","IL","60007","Cook","www.gfs.com","8474278527","8474278536","Brian Miller","Manager","Mal","40932000","36","514102","Food Brokers","5","0","1"
"374437","Checkpoint Meto","hresources@checkpt.com","1140 Windham Pkwy","6307714210","6307714200","267201","Labels-Paper (Manufacturers)","www.checkpointsystems.com"," Email <---> Revenue ","602504","Checkpoint Meto","1140 Windham Pkwy","Romeoville","IL","60446","Will","www.checkpointsystems.com","6307714200","6307714210","Joe Podsedly","Plant Mgr","Mal","31360000","80","267201","Labels-Paper","5","0","1"
"287179","Kmart","help@customerservice.kmart.com","400 E Rollins Rd","7323709135","8477403500","531102","Department Stores","www.kmart.com"," Email <---> Revenue ","838663","Kmart","400 E Rollins Rd","Round Lake Beach","IL","60073","Lake","www.kmart.com","8477403500","8477403693","John Furio","Manager","Mal","36450000","225","531102","Department S","5","1","1"
"409685","WAND","greglambert@greglambert.com","904 W South Side Dr","2174228203","2174242500","483301","Television Stations & Broadcasting CO","www.wandtv.com"," Email <---> Revenue ","1083467","WAND","904 W South Side Dr","Decatur","IL","62521","Macon","www.wandtv.com","2174242500","2174228203","T J Vaughan","President","Mal","34760000","110","483301","Television S","5","0","1"
"396478","Commercial Light Co","gpower@clcats.com","245 Fencl Ln","7084496942","7084496900","173101","Electric Contractors","www.clcats.com"," Email <---> Revenue ","625037","Commercial Light Co","245 Fencl Ln","Hillside","IL","60162","Cook","www.clcats.com","7084496900","7084496942","Tom Halperin","Owner","Mal","30900000","50","173101","Electric Con","5","2","1"
"320936","G C America Inc","gca_sales@gcamerica.com","3737 W 127th St","7083715148","7085970900","384301","Dental Equipment-Manufacturers","www.gcamerica.com"," Email <---> Revenue ","740319","G C America Inc","3737 W 127th St","Alsip","IL","60803","Cook","www.gcamerica.com","7085970900","7083715148","Kent Fletcher","President","Mal","38000000","150","384301","Dental Equip","5","0","1"
"353482","European Imports LTD","gbinstein@eiltd.com","2475 N Elston Ave","7732276775","7732270603","514101","Food Products (Wholesale)","NULL"," Email <---> Revenue ","147211","EUROPEAN IMPORTS LTD","2475 N ELSTON AVE","CHICAGO","IL","60647","Cook","","7732270603","","SEYMOUR BINSTEIN","Owner","M","26900000","150","514100","Whl Gen Groc","5","0","1"
"250081","Keyth Security Systems","Fisher-Keith@keyth.com","1575 Oakwood Ave","8479260008","8472667007","506304","Security Control Equip & Systems-Whol","NULL"," Email <---> Revenue ","835409","Keyth Security Systems","1575 Oakwood Ave","Highland Park","IL","60035","Lake","www.keyth.com","8472667007","8479260008","Keith Fisher","Owner","Mal","36190000","55","506304","Security Con","5","0","1"
"351350","Fidelitone Inc","fds@fidelitone.com","1260 Karl Ct","8474873300","8474873300","731907","Distributing Service-Circular & Sample","www.fidelitone.com"," Email <---> Revenue ","719554","Fidelitone Inc","1260 Karl Ct","Wauconda","IL","60084","Lake","www.fidelitone.com","8474873300","","Craig Hudson","CEO","Mal","32960000","320","731907","Distributing","5","0","1"
"324067","Dickey-John Corp","europe@dickey-john.com","5200 Dickey John Rd","2174386508","2174383371","367901","Electronic Equipment & Supplies-Mfrs","www.dickey-john.com"," Email <---> Revenue ","124536","DICKEY-JOHN CORP","5200 DICKEY JOHN RD","AUBURN","IL","62615","Sangamon","","2174383371","2174386012","EDWARD M HERTER","Chief Executive Office","M","30800000","1265","382600","Analytical I","5","0","1"
"376204","Sampler Publishing","editor@boatingworld.com","PO Box 564","8157341223","8157341111","573403","Publishing-Desktop","www.boatingworldonline.com"," Email <---> Revenue ","999630","Sampler Publishing","PO Box 564","Mt Morris","IL","61054","Ogle","www.boatingworldonline.com","8157341111","8157341223","Bob Rosencrance","Manager","Mal","28960000","80","573403","Publishing-D","5","0","1"
"45587","G & W Electric Co","djaworski@gwelec.com","3500 127th St","7083880755","7083885010","874213","Marketing Programs & Services","NULL"," Email <---> Revenue ","740184","G & W Electric Co","3500 127th St","Blue Island","IL","60406","Cook","www.gwelec.com","7083885010","7083880755","John H Mueller","President","Mal","27000000","250","874213","Marketing Pr","5","0","1"
"213784","I.U.S. Productions","dcentracchio@ifpcworldwide.com","5440 N. Cumberland Suite 105","7737149090","7737149093","8999","Services NEC","PRE-EMPLOYMENTONLINE.COM"," Email <---> Revenue ","106542","COUNTY LINE SECURITY SYSTEMS","5440 N CUMBERLAND AVE","CHICAGO","IL","60656","Cook","","7737149090","","JIM FRUIN","President","M","33800000","150","874800","Bus Consulti","5","0","1"
"191472","Dannon Co","dannon.institute@dannon.com","200 E 5th Ave","6307786703","6307786703","514306","Yogurt-Wholesale","www.dannon.com"," Email <---> Revenue ","116291","DANNON","200 E 5TH AVE STE 117E","NAPERVILLE","IL","60563","DuPage","","6307786703","","JIM HANOLD","Manager","M","41400000","1156","514300","Whl Dairy Pd","5","0","1"
"282432","Midwest Air Technologies Inc","cs@midwest-air.com","625 Barclay Blvd","8478219644","8478219630","501313","Automobile Parts & Supplies-Wholesale","www.midwest-air.com"," Email <---> Revenue ","894995","Midwest Air Technologies Inc","625 Barclay Blvd","Lincolnshire","IL","60069","Lake","www.midwest-air.com","8478219630","8478219644","Steve Wang","President","Mal","44800000","100","501313","Automobile P","5","0","1"
"337379","Knead Dough Co","curt@turanobaking.com","556 Saint James Gate","6309720051","6309720404","205198","Bread/Other Bakery Prod-Ex Cookies (Mfr)","www.turanobaking.com"," Email <---> Revenue ","242042","KNEAD DOUGH CO","556 SAINT JAMES GATE","BOLINGBROOK","IL","60440","Will","","6309720404","","SAM BLASI","Vice-President","M","26600000","182","514907","Bakery Produ","5","0","1"
"206821","Mc Cormick & Co","consumertesting@mccormick.com","20 Burning Tree Ln","8317582411","8472361840","514938","Spices-Wholesale","www.mccormick.com"," Email <---> Revenue ","883608","Mc Cormick & Co","20 Burning Tree Ln","Deerfield","IL","60015","Lake","www.mccormick.com","8472361840","8472361841","Dean Lustig","Manager","Mal","25320000","30","514938","Spices-Whole","5","0","1"
"387732","Carter-Waters Corp","cnicks@carter-waters.com","9669 W State Route 161","8164212946","6183984377","508206","Contractors-Equip/Supls-Dlrs/Svc (Whol)","www.carter-waters.com"," Email <---> Revenue ","590770","Carter-Waters Corp","9669 W State Route 161","Fairview Heights","IL","62208","St Clair","www.carter-waters.com","6183984377","6183977385","Stewart Wilson","Manager","Mal","26640000","40","508206","Contractors-","5","0","1"
"418928","Midwest Masonry Inc","cindy@midwestmasonryinc.com","1335 Wilhelm Rd","8473629672","8473622211","162977","Construction-Heavy Projects","www.midwestmasonryinc.com"," Email <---> Revenue ","288377","MIDWEST MASONRY INC","1335 WILHELM RD","MUNDELEIN","IL","60060","Lake","","8473622211","","FRANK DZIADUS","Owner","M","25000000","250","162900","Heavy Constr","5","0","1"
"334759","Automated Presort Inc","cindy@automatedpresort.com","1400 Centre Circle Dr","6306207454","6306207678","733101","Mailing & Shipping Services","www.automatedpresort.com"," Email <---> Revenue ","528513","Automated Presort Inc","1400 Centre Circle Dr","Downers Grove","IL","60515","Du Page","www.automatedpresort.com","6306207678","6306207454","Jerry Imbriani","President","Mal","31050000","225","733101","Mailing & Sh","5","0","1"
"366021","Brunner & Lay Inc","bussery@brunnerlay.com","9300 King St","8476780642","8476783232","508456","Tools-Pneumatic (Wholesale)","www.brunnerlay.com"," Email <---> Revenue ","569916","Brunner & Lay Inc","9300 King St","Franklin Park","IL","60131","Cook","www.brunnerlay.com","8476783232","8476780642","Fred J Brunner","CEO","Mal","40800000","75","508456","Tools-Pneuma","5","0","1"
"344461","Whiting Corp","bruce@whitings.com","26000 Whiting Way","7085872001","7083314000","508426","Material Handling Equipment (Wholesale)","NULL"," Email <---> Revenue ","455812","WHITING CORP","26000 S WHITING WAY","MONEE","IL","60449","Will","","7083314000","","JEFFREY L KAHN","President","M","34000000","202","508408","Mats Handlin","5","0","1"
"182454","Alcoa Ivex","browna@kaynar.com","935 W Union Ave","7578380781","6306682838","308905","Plastics-Vacuum/Pressure Forming (Mfrs)","www.alcoa.com"," Email <---> Revenue ","494626","Alcoa Ivex","935 W Union Ave","Wheaton","IL","60187","Du Page","www.alcoa.com","6306682838","6306685431","Dennis Jackson","Manager","Mal","32800000","200","308905","Plastics-Vac","5","0","1"
"135333","Asahi America Inc","bmclaughlin@asahi-america.com","17531 Ashland Ave","NULL","7089574677","355909","Special Industry Machinery Nec (Mfrs)","NULL"," Email <---> Revenue ","34800","ASAHI AMERICA INC","17531 ASHLAND AVE","HOMEWOOD","IL","60430","Cook","","7089574677","","TAKAO YOSHIFUSA","President","M","30000000","150","355900","Special Indu","5","0","1"
"157244","Evergreen Aviation Ground","Bob@evergreen-eagle.com","Lynx''s Cargo Bldg 616 # 305","7736010882","7736867460","451202","Air Cargo Service","NULL"," Email <---> Revenue ","707090","Evergreen Aviation Ground","Lynx's Cargo Bldg 616 # 305","Chicago","IL","60666","Cook","","7736867460","7736010882","Bob Hanson","President","Mal","35420000","110","451202","Air Cargo Se","5","0","1"
"78557","NOVAPAK Corp","bciok@pvcc.com","2015 S Main St","7325448007","2174636600","308598","Plastic Bottles (Manufacturers)","www.pvcc.com"," Email <---> Revenue ","909955","NOVAPAK Corp","2015 S Main St","Paris","IL","61944","Edgar","www.pvcc.com","2174636600","2174636601","Les Jamison","Plant Mgr","Mal","36300000","150","308598","Plastic Bott","5","0","1"
"370864","Simpson Electric Co","awhite@simpsonelectric.com","853 Dundee Ave","8476972272","8476222310","382501","Recording Instruments Ind/Scientfc-Mfrs","www.simpsonelectric.com"," Email <---> Revenue ","1015089","Simpson Electric Co","853 Dundee Ave","Elgin","IL","60120","Kane","www.simpsonelectric.com","8476222310","8476972272","Richard Schermetzler","CEO","Mal","32775000","115","382501","Recording In","5","0","1"
"373268","Dietrich","askforhelp@dietrichindustries.com","3901 Olympic Blvd","3527487252","8152800129","339904","Metal Specialties-Manufacturers","www.dietrichindustries.com"," Email <---> Revenue ","669499","Dietrich","3901 Olympic Blvd","Joliet","IL","60431","Will","www.dietrichindustries.com","8152800129","8152800139","Andy Rybowiak","Plant Mgr","Mal","33840000","120","339904","Primary Meta","5","0","1"
"186587","Mennie's Machine Co","arthururbanc@mennies.com","RR 71 Box 110","8153392226","8153396550","177114","Machine Foundations","www.mennies.com"," Email <---> Revenue ","889149","Mennie's Machine Co","RR 71 Box 110","Mark","IL","61340","Putnam","www.mennies.com","8153392226","8153396550","Huebe Mennie","Owner","Mal","25800000","200","177114","Machine Foun","5","0","1"
"329995","Dixonweb Printing Co","arthur@sleepeck.com","1226 W 7th St","8152842212","8152842211","275202","Printers","NULL"," Email <---> Revenue ","672565","Dixonweb Printing Co","1226 W 7th St","Dixon","IL","61021","Lee","www.sleepeck.com","8152842211","8152842212","Michael Sleepeck","President","Mal","30400000","200","275202","Printers","5","0","1"
"399179","Better Homes & Gardens","amy.nichols@meredith.com","333 N Michigan Ave # 1500","2125516917","3125801600","519917","Advertising-Specialties (Wholesale)","www.meredith.com"," Email <---> Revenue ","550104","Better Homes & Gardens","333 N Michigan Ave # 1500","Chicago","IL","60601","Cook","www.meredith.com","3125801600","3125801632","","","","41644000","58","519917","Advertising-","5","0","1"
"386094","Agri Gold Hybrids","agrigoldservicedesk@agrigold.com","RR 1 Box 203","6189437333","6189435776","519105","Seeds & Bulbs-Wholesale","www.agrigold.com"," Email <---> Revenue ","491355","Agri Gold Hybrids","RR 1 Box 203","St Francisville","IL","62460","Lawrence","www.agrigold.com","6189435776","6189437333","John Kermicle","Manager","Mal","39900000","60","519105","Seeds & Bulb","5","0","1"
