mail id,company,email,address,phone,fax,sic,sic description,web,,revenue id,company,address,city,state,zip,	metro,web,phone,fax,contact,position,gender,sales,# of employee,sic,sic_descrpiton,	,,
"254371","ADM Investor Svc Inc","websupport@admis.com","141 W Jackson Blvd","3124357045","3124357000","622104","Commodity Brokers","www.admis.com"," Email <---> Revenue ","478155","ADM Investor Svc Inc","141 W Jackson Blvd","Chicago","IL","60604","Cook","www.admis.com","3124357000","3124357045","","","","90000000","0","622104","Commodity Br","6","0","1"
"151361","Fox Valley Fire & Safety","V-Ken@foxvalleyfire.com","1730 Berkley St","8476953699","8476955990","506308","Fire Alarm Systems (Wholesale)","NULL"," Email <---> Revenue ","732685","Fox Valley Fire & Safety","1730 Berkley St","Elgin","IL","60123","Kane","www.foxvalleyfire.com","8476955990","8476953699","Ken Volkening","President","Mal","85540000","130","506308","Fire Alarm S","6","0","1"
"353664","Star","stew@star105.com","8800 Us Highway 14","8154597027","8154597000","483201","Radio Stations & Broadcasting Companies","www.star105.com"," Email <---> Revenue ","400213","STAR","8800 US HIGHWAY 14","CRYSTAL LAKE","IL","60012","McHenry","","8154597000","","FLOYD EVANS","Manager","M","55900000","1520","483200","Radio Brdcst","6","0","1"
"337126","Classy Closet","SMarshall@classyclosets.com","115 S Side Sq","NULL","3098373581","593205","Clothing-Used","NULL"," Email <---> Revenue ","93895","CLASSY CLOSET","115 S SIDE SQ","MACOMB","IL","61455","McDonough","","3098373581","","SUE MARSHALL","Owner","F","66000000","454","593200","Used Merchan","6","0","1"
"94718","Poly One Distribution","RademacherMichael@polyone.com","990 E 107th St","6309721662","6309720505","516921","Resins (Wholesale)","NULL"," Email <---> Revenue ","952234","Poly One Distribution","990 E 107th St","Bolingbrook","IL","60440","Will","www.polyonedistribution.com","6309720505","6309721662","Michael Rademacher","President","Mal","90090000","90","516921","Resins (Whol","6","0","1"
"190451","CSX Corp","plant_switch@csx.com","564 Csx Ln","2174421161","2174420126","401101","Railroads","www.csx.com"," Email <---> Revenue ","580182","CSX Corp","564 Csx Ln","Danville","IL","61834","Vermilion","www.csx.com","2174420126","2174421161","Joe Berry","Manager","Mal","60400000","200","401101","Railroads","6","0","1"
"336694","Makino","parts.express@makino.com","1135 Jansen Farm Dr","2482326201","8474681295","508425","Machine Tools (Wholesale)","www.makino.com"," Email <---> Revenue ","268651","MAKINO","1135 JANSEN FARM DR","ELGIN","IL","60123","Kane","","8474681295","","MIKE WESTHEIDE","Manager","M","76500000","529","508405","Mach Tools,M","6","0","1"
"374988","Omron Healthcare Inc","omron.latinamerica@omron.com","1200 Lakeside Dr","8476806269","8476806200","384104","Physicians & Surgeons Equip & Supls-Mfrs","www.omronhealthcare.com"," Email <---> Revenue ","928507","Omron Healthcare Inc","1200 Lakeside Dr","Bannockburn","IL","60015","Lake","www.omronhealthcare.com","8476806200","8476806269","Kazuo Saito","CEO","Mal","91400000","0","384104","Physicians &","6","0","1"
"190597","Able Die Casting Corp","nehernandez@ablediecasting.com","3907 Wesley Ter","8476789649","8476781991","505123","Die Castings (Wholesale)","www.abledie.com"," Email <---> Revenue ","481587","Able Die Casting Corp","3907 Wesley Ter","Schiller Park","IL","60176","Cook","www.abledie.com","8476781991","8476789649","Robert Stout","President","Mal","63867000","61","505123","Die Castings","6","0","1"
"298573","Chemco Manufacturing","nbinfo@chemcomfg.com","3225 Commercial Ave","8474807706","8474807700","516945","Paint-Manufacturing Materials (Whol)","NULL"," Email <---> Revenue ","602828","Chemco Manufacturing","3225 Commercial Ave","Northbrook","IL","60062","Cook","www.chemcomfg.com","8474807700","8474807706","Randy Schweizer","Owner","Mal","50050000","50","516945","Paint-Manufa","6","0","1"
"155972","Belt Railway Co-Chicago","mromano@beltrailway.com","6900 S Central Ave # 1","7084964005","7084964000","401101","Railroads","www.beltrailway.com"," Email <---> Revenue ","545473","Belt Railway Co-Chicago","6900 S Central Ave # 1","Chicago","IL","60638","Cook","www.beltrailway.com","7084964000","7084964005","Patrick J O'Brien","President","Mal","50800000","630","401101","Railroads","6","0","1"
"59525","Aurora Packing Co Inc","mjfagel@aurorasafety.com","125 Grant St","6308970551","6308970647","201101","Meat Packers","www.aurorasafety.com"," Email <---> Revenue ","527353","Aurora Packing Co Inc","125 Grant St","North Aurora","IL","60542","Kane","www.aurorasafety.com","6308970551","6308970647","Marvin Fagel","President","Mal","99800000","200","201101","Meat Packers","6","0","1"
"346121","Amitron Corp","mis@amitroncorp.com","2001 Landmeier Rd","8472909823","8472909800","367201","Printed & Etched Circuits-Mfrs","www.amitroncorp.com"," Email <---> Revenue ","509994","Amitron Corp","2001 Landmeier Rd","Elk Grove Vlg","IL","60007","Cook","www.amitroncorp.com","8472909800","8472909823","Raymond Simione","President","Mal","58100000","350","367201","Printed & Et","6","0","1"
"316182","Bemis Co","mermiller@bemis.com","1 Sloan St","3237262493","3096825406","267401","Bags-Paper (Manufacturers)","www.bemis.com"," Email <---> Revenue ","545728","Bemis Co","1 Sloan St","Peoria","IL","61603","Peoria","www.bemis.com","3096825406","3096856598","Jerry Abrahamson","Plant Mgr","Mal","54500000","250","267401","Bags-Paper (","6","0","1"
"164760","UBID.COM","merchantapplication@ubid.com","1 Lauhoff St","2175542900","2175542900","999977","Nonclassified Establishments","www.ubid.com"," Email <---> Revenue ","431596","U BID.COM CUSTOMER CARE CTR","1 LAUHOFF ST","DANVILLE","IL","61832","Vermilion","","2175542900","","SALLY DAHL","Manager","F","66500000","98","738914","Auction Appr","6","0","1"
"247511","The Hideout","mcallahan@symons.com","200 E TOUHY AVE","8472983200","8476359287","1099","Metal ores","MAX-A-FORM.COM;STEEL-PLY.COM;SYMONS.BIZ"," Email <---> Revenue ","412688","SYMONS CORPORATION","200 E TOUHY AVE","DES PLAINES","IL","60018","Cook","","8472983200","","FRED SLACK","Vice-President","M","72000000","1236","327200","Mfg Concrete","6","0","1"
"122426","Atlas Electric Devices","L-William@atlas-mts.com","4114 N Ravenswood Ave # 1","7733275787","7733274524","382908","Testing Apparatus-Manufacturers","NULL"," Email <---> Revenue ","525699","Atlas Electric Devices","4114 N Ravenswood Ave # 1","Chicago","IL","60613","Cook","","7733274524","7733275787","William Lane","Owner","Mal","78214000","180","382908","Testing Appa","6","0","1"
"257511","Promotion Support Svc","linda.lampe@pss-digital.net","2832 5th St","3098235335","309-788-4400","7331","Direct Mail Advertising Services (mailing list compilers)","NULL"," Email <---> Revenue ","344721","PROMOTION SUPPORT SVC","2832 5TH ST","ROCK ISLAND","IL","61201","Rock Island","","3097884400","","DAVID BENDER","Chief Executive Office","M","72000000","400","733100","Direct Mail ","6","0","1"
"32430","Benjamin Moore Paints","J-Vanderpool@benjaminmoore.com","400 Kimberly Dr","6303514144","6307848471","523107","Paint-Retail","NULL"," Email <---> Revenue ","546432","Benjamin Moore Paints","400 Kimberly Dr","Carol Stream","IL","60188","Du Page","","6307848471","6303514144","John Vanderpool","President","Mal","50250000","250","523107","Paint-Retail","6","0","1"
"354746","JayKay Sales Company","jspungen@peerintl.com","2200 Norman Drive South","8475781000","8475781200","5311","Retail shops","ALMUTE.COM;PEERINDUSTRIES.COM"," Email <---> Revenue ","328639","PEER BEARING CO","2200 NORMAN DR S","WAUKEGAN","IL","60085","Lake","","8475781000","","LAURENCE SPUNGEN","President","M","60600000","350","508505","Bearings","6","0","1"
"184812","Environetx Inc","jroldan@environetx.com","1351 E Irving Park Rd","6308753701","6308750805","502112","Office Furniture & Equip-Dealers (Whol)","NULL"," Email <---> Revenue ","702513","Environetx Inc","1351 E Irving Park Rd","Itasca","IL","60143","Du Page","www.environetx.com","6308750805","6308753701","Jack Matthews","CEO","Mal","85650000","150","502112","Office Furni","6","0","1"
"346986","Rogan's Shoes","johndavis@rogansshoes.com","147 N Seymour Ave","8475666077","8475666031","566101","Shoes-Retail","www.rogansshoes.com"," Email <---> Revenue ","366221","ROGAN'S SHOES","147 N SEYMOUR AVE","MUNDELEIN","IL","60060","Lake","","8475666077","","TOM ROGAN","Manager","M","62500000","504","566100","Shoe Stores","6","0","1"
"144175","Calmark Inc","joannhunter@calmark-inc.com","1400 W 44th St","7732473199","7732477200","733105","Advertising-Direct Mail","NULL"," Email <---> Revenue ","69559","CALMARK INC","1400 W 44TH ST","CHICAGO","IL","60609","Cook","","7732477200","","JAMES E FITZGERALD","Chief Executive Office","M","90000000","500","733100","Direct Mail ","6","0","1"
"282890","Midcoast Aviation Inc","jbates@midcoast-aviation.com","6400 Curtiss Steinberg Dr","6186468866","6186468000","458104","Aircraft Servicing & Maintenance","NULL"," Email <---> Revenue ","894480","Midcoast Aviation Inc","6400 Curtiss Steinberg Dr","Cahokia","IL","62206","St Clair","","6186468000","6186468866","Gary Driggers","CEO","Mal","65650000","650","458104","Aircraft Ser","6","0","1"
"375022","Baskin-Robbins","jasper@baskins.com","G140 Woodfield Mall","8472400331","8472400331","581203","Ice Cream Parlors","www.baskins.com"," Email <---> Revenue ","45589","BASKIN-ROBBINS ICE CREAM","G140 WOODFIELD MALL","SCHAUMBURG","IL","60173","Cook","","8472400331","","","Unknown","","72600000","77677","581247","Quick Serv I","6","0","1"
"318856","Big Bolt","J.Partirdge@bigbolt.net","140 Covington Dr","6305399480","6305399400","507201","Bolts & Nuts (Wholesale)","NULL"," Email <---> Revenue ","551569","Big Bolt","140 Covington Dr","Bloomingdale","IL","60108","Du Page","www.bigboltcorp.com","6305399400","6305399480","Jim Partirdge","President","Mal","51800000","100","507201","Bolts & Nuts","6","0","1"
"221106","CUMMINS-ALLISON CORP","inquire@cumminsallison.com","17 N Elmhurst Ave  Suite 107","8472999550","null","346206","Coined Parts","CUMMINS-ALLISON.COM;CUMMINSALLISON.COM;CUMMINSCASINOEQUIP.COM;CUMMINSCURRENCY.COM;CUMMINSMAIL.COM;CU"," Email <---> Revenue ","110961","CUMMINS-ALLISON CORP","852 FEEHANVILLE DR","MT PROSPECT","IL","60056","Cook","","8472999550","","WILLIAM JONES","Chief Executive Office","M","82900000","697","504604","Restaurant E","6","0","1"
"415641","Carus Chemical Co","industrialwastewater@caruschem.com","315 5th St","8152246697","8152231500","281998","Industrial Inorganic Chmcls Nec (Mfrs)","www.caruschem.com"," Email <---> Revenue ","590921","Carus Chemical Co","315 5th St","Peru","IL","61354","La Salle","www.caruschem.com","8152231500","8152246697","M Blouke Carus","CEO","Mal","64800000","244","281998","Industrial I","6","0","1"
"406942","Meijer","help@meijer.com","2253 N Richmond Rd","6167355071","8155789701","541105","Grocers-Retail","www.meijer.com"," Email <---> Revenue ","888008","Meijer","2253 N Richmond Rd","Mchenry","IL","60050","Mc Henry","www.meijer.com","8155789701","8155789798","Rick Petersen","Manager","Mal","54600000","300","541105","Grocers-Reta","6","0","1"
"418772","Landis Gardner","greg.payne@landis-us.com","481 Gardner St","4402853678","8153892251","329102","Abrasive Products (Manufacturers)","www.landisgardner.com"," Email <---> Revenue ","249670","LANDIS GARDNER","481 GARDNER ST","SOUTH BELOIT","IL","61080","Winnebago","","8153892251","","JIM KOCH","Manager","M","62700000","836","329100","Mfg Abrasive","6","0","1"
"298292","Multicast Media Networks","frankmatherson@ustsubaki.com","301 E. Marquardt Dr","8474599500","8474599515","7319","Media services","APOLLOSPROCKET.COM^^LAMBDACHAIN.COM^^USTEBIZ.COM^^USTORDER.COM^^USTSUBAKI.COM"," Email <---> Revenue ","432693","U S TSUBAKI INC","301 E MARQUARDT DR","WHEELING","IL","60090","Cook","","8474599500","8474599515","MIYA MIYAZKI","President","F","50000000","243","874203","Mrkting Cons","6","0","1"
"152081","Allied Electronics","export@alliedelec.com","800 Roosevelt Rd # C320","5036270404","6304694685","573117","Electronic Equipment & Supplies-Retail","www.alliedelec.com"," Email <---> Revenue ","19826","ALLIED ELECTRONICS","800 ROOSEVELT RD STE C320","GLEN ELLYN","IL","60137","DuPage","","6304694685","","MIKE LAWSON","Manager","M","95700000","565","525100","Hardware Sto","6","0","1"
"177888","Hawaii Stage & Lighting Rental","ed.harris@expoexchange.com","null","8479402100","8479402386","735910","Rental Service","EXPOEDGE.COM^^SHOWQUESTIONS.COM"," Email <---> Revenue ","149104","EXPERIENT INC","108 WILMOT RD STE 400","DEERFIELD","IL","60015","Lake","","8479402100","","MARLENE HETZEL","Vice-President","F","57100000","25105","472400","Travel Agenc","6","0","1"
"406895","Accurate Threaded Fastners","dsurber@atf-inc.com","3550 W Pratt Ave","8476779335","8476771305","345298","Bolts Nuts Screws Rivets/Washers (Mfrs)","NULL"," Email <---> Revenue ","483749","Accurate Threaded Fastners","3550 W Pratt Ave","Lincolnwood","IL","60712","Cook","www.atf-inc.com","8476771305","8476779335","Donald Surber","Owner","Mal","50000000","250","345298","Bolts Nuts S","6","0","1"
"408008","Civil Constructors Inc","dsperle@heavyeqsrv.com","2283 Us Highway 20 E","8152352219","8152352200","161102","Road Building Contractors","www.helmgroup.com"," Email <---> Revenue ","616513","Civil Constructors Inc","2283 Us Highway 20 E","Freeport","IL","61032","Stephenson","www.helmgroup.com","8152352200","8152352219","Art Snyder","Manager","Mal","60000000","150","161102","Road Buildin","6","0","1"
"377845","Bartlett Tree Experts","dsilcox@bartlett.com","1960 Old Willow Rd","6106643784","8475297313","078301","Tree Service","www.bartlett.com"," Email <---> Revenue ","45251","BARTLETT TREE EXPERTS","1960 OLD WILLOW RD","NORTHBROOK","IL","60062","Cook","","8475599424","","DAVID STORY","Manager","M","80000000","2000","078300","Orna Shrub, ","6","0","1"
"332400","Elementis Pigments Inc","Dave.Dutro@elementis.com","2051 Lynch Ave","6186462180","6186462110","516945","Paint-Manufacturing Materials (Whol)","NULL"," Email <---> Revenue ","140907","ELEMENTIS PIGMENTS INC","2001 LYNCH AVE","E SAINT LOUIS","IL","62204","St. Clair","","6186462200","","JOHN BONNER","Manager","M","90000000","724","281600","Inorganic Pi","6","0","1"
"384287","76 Lubricants Co","cservice@conocophillips.com","755 Mcardle Dr # E","6027288000","8154440028","291101","Oil Refiners (Manufacturers)","www.conocophillips.com"," Email <---> Revenue ","469336","76 Lubricants Co","755 Mcardle Dr # E","Crystal Lake","IL","60014","Mc Henry","www.conocophillips.com","8154440028","8154440038","Tom Meyer","Manager","Mal","50192000","16","291101","Oil Refiners","6","0","1"
"13305","Anheuser Busch Inc","craig.friesz@anheuser-busch.com","1 Eagle Ct","6182443509","6182443188","518101","Beer & Ale-Wholesale","NULL"," Email <---> Revenue ","513089","Anheuser Busch Inc","1 Eagle Ct","Mt Vernon","IL","62864","Jefferson","www.budshop.com","6182443188","6182443509","Wayne Asberry","President","Mal","71100000","150","518101","Beer & Ale-W","6","0","1"
"289651","Westway Trading Corp","corporate@westway.com","22220 Route 84 N","3096542422","3096542211","519109","Feed Concentrates & Supplements (Whol)","www.westway.com"," Email <---> Revenue ","454383","WESTWAY TRADING CORP","22220 ROUTE 84 N","CORDOVA","IL","61242","Rock Island","","3096542211","","STEVE POHLMEIER","Manager","M","87600000","600","204800","Mfg Prepared","6","0","1"
"389695","Big 3 Precision Products","chyde@big3precision.com","2923 Wabash Ave","6185330167","6185331318","379905","Trailer Hitches-Manufacturers","www.big3precision.com"," Email <---> Revenue ","551491","Big 3 Precision Products","2923 Wabash Ave","Centralia","IL","62801","Marion","www.big3precision.com","6185331318","6185330167","Allan Scheidt","Owner","Mal","53500000","250","379905","Trailer Hitc","6","0","1"
"256281","Rogan's Shoes","brianc@maelstromsolutions.com","2609 Grand Ave","8473369044","8473369089","566101","Shoes-Retail","www.rogansshoes.com"," Email <---> Revenue ","366222","ROGAN'S SHOES","2609 GRAND AVE","WAUKEGAN","IL","60085","Lake","","8473369044","","ERIC KNUDSEN","Manager","M","62500000","504","566100","Shoe Stores","6","0","1"
"300047","Ogden Fairmont","Brian@fairmountpark.com","9301 Collinsville Rd","6183448218","6183454300","794801","Race Tracks","NULL"," Email <---> Revenue ","926599","Ogden Fairmont","9301 Collinsville Rd","Collinsville","IL","62234","Madison","www.fairmountpark.com","6183454300","6183448218","Brian Zander","President","Mal","59850000","475","794801","Race Tracks","6","1","1"
"122111","Barrel Accessories & Supply Co","basco@bascousa.com","2595 Palmer Ave","7085340902","7085340900","509905","Importers","www.bascousa.com"," Email <---> Revenue ","539131","Barrel Accessories & Supply Co","2595 Palmer Ave","University Park","IL","60466","Cook","www.bascousa.com","7085340900","7085340902","Richard Rudy","President","Mal","61360000","65","509905","Importers","6","0","1"
"106191","Banner Day Camp","Allen.Schwartz@bannerdaycamp.com","1225 Riverwoods Rd","8472950995","8472954900","703203","Camps","NULL"," Email <---> Revenue ","537361","Banner Day Camp","1225 Riverwoods Rd","Lake Forest","IL","60045","Lake","www.bannerdaycamp.com","8472954900","8472950995","Allen Schwartz","President","Mal","93000000","1000","703203","Camps","6","1","1"
