mail id,company,email,address,phone,fax,sic,sic description,web,,revenue id,company,address,city,state,zip,	metro,web,phone,fax,contact,position,gender,sales,# of employee,sic,sic_descrpiton,	,,
"419609","AEP Industries Inc","sosaz@aepinc.com","12900 Crawford Ave","2018072567","7083893100","511308","Packaging Materials-Wholesale","www.aepinc.com"," Email <---> Revenue ","478399","AEP Industries Inc","12900 Crawford Ave","Alsip","IL","60803","Cook","www.aepinc.com","7083893100","7083899327","Verly Swagger","Plant Mgr","Fem","97704000","118","511308","Packaging Ma","6","0","1"
"376901","Buhrke Industries Inc","rnellemann@buhrke.com","511 W Algonquin Rd","8479810772","8479817550","505113","Metal Specialties (Wholesale)","www.buhrke.com"," Email <---> Revenue ","64489","BUHRKE INDUSTRIES INC","511 W ALGONQUIN RD","ARLINGTON HTS","IL","60005","Cook","","8479810993","","MIKE CHESTER","President","M","56300000","250","505100","Metal Sv Cen","6","0","1"
"76663","M.S. Management","tina@usanfsc.com","1404 Madlock Ct. N","8479194800","null","874198","Fuel Management","USANFSC.COM"," Email <---> Revenue ","265866","M S MANAGEMENT CORP","790 ESTATE DR STE 100","DEERFIELD","IL","60015","Lake","","8479194800","","JEFFREY SILVERMAN","President","M","83500000","580","609901","Check Cashin","6","0","1"
"373619","American Hotel Register Co","jbaker@americanhotel.com","100 S Milwaukee Ave","8477432098","8475644000","874213","Marketing Programs & Services","NULL"," Email <---> Revenue ","506938","American Hotel Register Co","100 S Milwaukee Ave","Vernon Hills","IL","60061","Lake","","8475644000","8477432098","James F Leahy Jr","President","Mal","82500000","600","874213","Marketing Pr","6","0","1"
"404542","Hanna Steel Corp","ssexton@hannasteel.com","220 Hanna Dr","2053334409","3094783800","344106","Steel-Structural (Manufacturers)","www.hannasteel.com"," Email <---> Revenue ","190038","HANNA STEEL CORP","220 HANNA DR","PEKIN","IL","61554","Tazewell","","3094783800","","SERGIO BECERRA","Manager","M","36700000","630","344100","Fabricated S","5","0","1"
"137910","Johnsonville Sausage","Edward@johnsonville.com","282 W North St","8154723151","8154722645","201104","Meat Products","NULL"," Email <---> Revenue ","230007","JOHNSONVILLE SAUSAGE","334 W NORTH ST","MOMENCE","IL","60954","Kankakee","","8154724767","","PAT GARRINGER","Manager","M","41600000","260","542103","Meat Mkts In","5","0","1"
"416395","Welch Brothers","mrowley@welchbrothers.com","1050 Saint Charles St","8477416134","8477416134","503207","Concrete Constr Forms & Acces (Whol)","www.welchbrothers.com"," Email <---> Revenue ","1089761","Welch Brothers","1050 Saint Charles St","Elgin","IL","60120","Kane","www.welchbrothers.com","8477416134","","David Welch","President","Mal","48000000","100","503207","Concrete Con","5","0","1"
"247406","T C Industries Inc","billw@tcindustries.com","3703 S IL Route 31","8154593303","8154592401","339801","Heat Treating Metal (Manufacturers)","www.tcindustries.com"," Email <---> Revenue ","413340","T C INDUSTRIES INC","3703 S STATE ROUTE 31","CRYSTAL LAKE","IL","60012","McHenry","","8154592401","8154593303","THOMAS Z HAYWARD JR","Chief Executive Office","M","44000000","500","339800","Metal Heat T","5","0","1"
"328068","Conservation Technology LTD","jranshaw@con-techlighting.com","2783 Shermer Rd","8475595505","8475595500","506429","Fans-Household-Wholesale","NULL"," Email <---> Revenue ","629754","Conservation Technology LTD","2783 Shermer Rd","Northbrook","IL","60062","Cook","www.con-techlighting.com","8475595500","8475595505","John Ranshaw","President","Mal","32200000","23","506429","Fans-Househo","5","0","1"
"304444","Czarnowski Exhibit Svc Spec","mnagle@czarnowski.com","2287 S Blue Island Ave","7732473790","7732471500","731906","Display Installation Service","www.czarnowski.com"," Email <---> Revenue ","647618","Czarnowski Exhibit Svc Spec","2287 S Blue Island Ave","Chicago","IL","60608","Cook","www.czarnowski.com","7732471500","7732473790","Mark Nagle","President","Mal","20000000","50","731906","Display Inst","4","0","1"
"261779","Effingham Truck Sales Inc","jimd@effinghamtrucksales.com","1701 W Fayette Ave","2173477004","2173429761","551105","Truck-Dealers","www.effinghamtrucksales.com"," Email <---> Revenue ","693844","Effingham Truck Sales Inc","1701 W Fayette Ave","Effingham","IL","62401","Effingham","www.effinghamtrucksales.com","2173429761","2173477004","","","","21800000","150","551105","Truck-Dealer","4","2","1"
"272784","Craig Williams Creative Inc","cw@communitylink.com","4742 Holts Prairie Rd","6183578653","6183578653","733603","Graphic Designers","www.communitylink.com"," Email <---> Revenue ","107621","CRAIG WILLIAMS CREATIVE INC","4742 HOLTS PRAIRIE RD","PINCKNEYVILLE","IL","62274","","","6183578653","","CRAIG WILLIAMS","Chief Executive Office","M","13100000","75","733601","Art Design S","4","0","1"
"413959","C B Mills","bob@pointswestdist.com","1300 Northwestern Ave","8476624003","8476624000","508806","Tanks-Metal (Wholesale)","www.cbmills.com"," Email <---> Revenue ","67529","C B MILLS","1300 NORTHWESTERN AVE","GURNEE","IL","60031","Lake","","8476624000","","BRUCE KRUMHOLZ","Owner","M","12400000","80","344300","Fabricated P","4","0","1"
"151787","D & S Communications","tedg@dscomm.com","1355 N Mclean Blvd","8474688086","8474688082","874823","Communications Consultants","www.dscomm.com"," Email <---> Revenue ","648595","D & S Communications","1355 N Mclean Blvd","Elgin","IL","60123","Kane","www.dscomm.com","8474688082","8474688086","Scott Gardner","President","Mal","13500000","60","874823","Communicatio","4","0","1"
"398246","Big R","wcoffice@bigroregon.com","623 E 1st St","8154324504","2177844825","519102","Farm Supplies (Wholesale)","www.bigr.com"," Email <---> Revenue ","552049","Big R","623 E 1st St","Gibson City","IL","60936","Ford","www.bigr.com","2177844825","2177848794","Dan Donovan","Manager","Mal","23275000","35","519102","Farm Supplie","4","0","1"
"374296","Eagle Grinding Wheel Corp","kbrown@eaglegrindingwheel.com","2519 W Fulton St","3127335949","3127331770","508523","Abrasives (Wholesale)","www.eaglegrindingwheel.com"," Email <---> Revenue ","687265","Eagle Grinding Wheel Corp","2519 W Fulton St","Chicago","IL","60612","Cook","www.eaglegrindingwheel.com","3127331770","3127335949","Kingsley M Brown Iii","President","Mal","11400000","20","508523","Abrasives (W","4","0","1"
"307745","Directions Inc","directions@directions86.com","260 E Helen Rd","8479638509","8479638500","504301","Audio-Visual Equipment & Supls (Whol)","NULL"," Email <---> Revenue ","670736","Directions Inc","260 E Helen Rd","Palatine","IL","60067","Cook","www.directionsav.com","8479638500","8479638509","Tom Grubbe","Owner","Mal","12312000","12","504301","Audio-Visual","4","0","1"
"409465","Data Media Products Inc","cgalassini@datamediaproducts.com","1946 Lehigh Ave # B","8477297074","8477292020","506501","Video Tapes & Discs-Wholesale","www.datamediaproducts.com"," Email <---> Revenue ","655846","Data Media Products Inc","1946 Lehigh Ave # B","Glenview","IL","60026","Cook","www.datamediaproducts.com","8477292020","8477297074","Caryl Galassini","Owner","Fem","11110000","11","506501","Video Tapes ","4","0","1"
"269799","Stellar Manufacturing Co","bobs@stellarmfg.com","1647 Sauget Business Blvd","6183371700","6183371700","873204","Market Research & Analysis","www.stellarmfg.com"," Email <---> Revenue ","402811","STELLAR MANUFACTURING CO","1647 SAUGET BUSINESS BLVD","E SAINT LOUIS","IL","62206","St. Clair","","6183371700","","THOMAS V CONNELLY","President","M","11000000","99","873201","Mrkt Anal,Ec","4","0","1"
"157517","Concession Services Inc","terryj@csi-chicago.net","1723 S Michigan Ave","3129870037","3129879500","544101","Candy & Confectionery-Retail","www.csi-chicago.net"," Email <---> Revenue ","628360","Concession Services Inc","1723 S Michigan Ave","Chicago","IL","60616","Cook","www.csi-chicago.net","3129879500","3129870037","Edith Leonian","President","Fem","15000000","15","544101","Candy & Conf","4","0","1"
"391461","Terri Lynn Fund Raising Inc","privatelabelsales@terrilynn.com","1450 Bowes Rd","8477411912","8477411900","514501","Candy & Confectionery-Wholesale","www.terrilynn.com"," Email <---> Revenue ","418424","TERRI LYNN FUND RAISING INC","1450 BOWES RD","ELGIN","IL","60123","Kane","","8477411900","","TERRI SCHUCK","President","F","13700000","75","206400","Candy, Rel C","4","0","1"
"389981","Chicago Cutting Die Co","larcher@chicagocuttingdie.com","3555 Woodhead Dr","8475090355","8475095800","346904","Metal Stamping (Manufacturers)","NULL"," Email <---> Revenue ","604870","Chicago Cutting Die Co","3555 Woodhead Dr","Northbrook","IL","60062","Cook","www.chicagocuttingdie.com","8475095800","8475090355","Lyle Archer","Owner","Mal","13840000","80","346904","Metal Stampi","4","0","1"
"382248","Chicago Wilcox Mfg","debbiemens@chicagowilcox.com","16928 State St","7083399876","7083395000","354403","Die Cutting (Manufacturers)","www.chicagowilcox.com"," Email <---> Revenue ","86933","CHICAGO WILCOX MFG","16928 STATE ST","SOUTH HOLLAND","IL","60473","Cook","","3122433883","","STEPHEN ANTHONY","Owner","M","10000000","40","874203","Mrkting Cons","4","0","1"
"415935","Dard Products Inc","cary-shevin@tagmaster.net","912 Custer Ave","8473287835","8473285000","308902","Plastics & Plastic Products (Mfrs)","NULL"," Email <---> Revenue ","116561","DARD PRODUCTS INC","912 CUSTER AVE","EVANSTON","IL","60202","Cook","","8473285000","","CARY SHEVIN","President","M","10900000","170","308900","Plastic Pdts","4","0","1"
"262879","Corplex Television","carter@corplex.tv","203 Northfield Rd","8477849701","8477849700","506515","Television Systs/Eqpt-Clsd Crct (Whol)","www.corplex.tv"," Email <---> Revenue ","633795","Corplex Television","203 Northfield Rd","Northfield","IL","60093","Cook","www.corplex.tv","8477849700","8477849701","Margie Razar","Manager","Fem","15150000","15","506515","Television S","4","0","1"
"214606","Fona International","tcesario@fona.com","1900 Averill Rd","6304628855","6304621414","514932","Flavoring Extracts (Wholesale)","www.fonainternational.com"," Email <---> Revenue ","162296","FONA INTERNATIONAL","1900 AVERILL RD","GENEVA","IL","60134","Kane","","6305788600","","JOSEPH J SLAWEK","Chief Executive Office","M","19000000","130","514900","Groceries Ne","4","0","1"
"332402","Loders Croklaan","tom.cain@croklaan.com","24708 W Durkee Rd","8157305202","8157305200","207998","Shortening Tbl Oils Margarine Etc (Mfr)","NULL"," Email <---> Revenue ","260487","LODERS CROKLAAN","24708 W DURKEE RD","CHANNAHON","IL","60410","Will","","8157305200","","JULIAN VEICHT","President","M","12600000","170","207900","Edible Fats ","4","0","1"
"268295","Loescher Heating & Air Cond","hfortney@mecogroup.com","1860 S Walnut Rd","8152328350","8152326166","171102","Heating Contractors","NULL"," Email <---> Revenue ","260529","LOESCHER HEATING & AIR COND","1860 S WALNUT RD","FREEPORT","IL","61032","Stephenson","","8152326166","","SEAN LANE","Vice-President","M","6100000","35","171104","Heating,Air ","3","0","1"
"413770","CPC Logistics Inc","weblegal@callcpc.com","4114 N Water Tower Pl","9163952060","6182446458","421304","Trucking","www.callcpc.com"," Email <---> Revenue ","107297","CPC LOGISTICS INC","4114 N WATER TOWER PL","MOUNT VERNON","IL","62864","Jefferson","","6182446458","","VICTOR MC COY","Manager","M","7400000","80","421300","Trucking","3","0","1"
"392285","Sj &Amp; Jr","sharonfalco@sharonfalco.com","390 E. Devon Ave.","6303072760","-","522310","BUILDING MATERIALS, HARDWARE, GARDEN SUPPLY, AND MOBILE HOME DEALERS","NAMB"," Email <---> Revenue ","388123","SJF REALTY","390 E DEVON AVE STE 201","ROSELLE","IL","60172","DuPage","","6303072760","","SHARON FALCO","Owner","F","8000000","32","874203","Mrkting Cons","3","0","1"
"192063","Bishop Plumbing Inc","robert@bishopplumbing.com","975 Rand Rd","8478242426","8478241800","171105","Plumbing Contractors","NULL"," Email <---> Revenue ","554161","Bishop Plumbing Inc","975 Rand Rd","Des Plaines","IL","60016","Cook","www.bishopplumbing.com","8478241800","8478242426","Robert Melko","Owner","Mal","5110000","35","171105","Plumbing Con","3","0","1"
"246911","Dedicated Logistics","president@shipdli.com","7575 S 78th Ave","7152320429","7089240049","421304","Trucking","www.dl-inc.com"," Email <---> Revenue ","661818","Dedicated Logistics","7575 S 78th Ave","Bridgeview","IL","60455","Cook","www.dl-inc.com","7089240049","7089240059","Chris Kezon","Manager","Mal","9060000","60","421304","Trucking","3","0","1"
"16181","Polar Products","Judd@polarsoftice.com","888 W Eldorado St","2174232141","2174231464","507801","Water Coolers Fountains & Filters (Whol)","NULL"," Email <---> Revenue ","951816","Polar Products","888 W Eldorado St","Decatur","IL","62522","Macon","","2174231464","2174232141","Judd Bourne","Owner","Mal","7650000","15","507801","Water Cooler","3","0","1"
"287838","AUTOMATIC Inc","jgeier@555.com","4501 S Western Blvd # 4","7733760555","7738690555","259901","Furniture-Manufacturers","NULL"," Email <---> Revenue ","480271","AUTOMATIC Inc","4501 S Western Blvd # 4","Chicago","IL","60609","Cook","www.555.com","7738690555","7733760555","James Geier","Owner","Mal","7600000","50","259901","Furniture-Ma","3","0","1"
"376998","Doyle Equipment Mfg Co","doyle@doylemfg.com","3900 Broadway St","2172233655","2172221592","352304","Farm Equipment-Manufacturers","www.doylemfg.com"," Email <---> Revenue ","130802","DOYLE EQUIPMENT MFG CO","PO BOX 3024","QUINCY","IL","62305","Adams","","2172221592","","MONTY DOYLE","Owner","M","6200000","70","352300","Farm Machine","3","0","1"
"246459","Chicago International Trucks","hrcit@chicagointltrucks.com","16725 Van Dam Rd","7085969956","7085962600","551105","Truck-Dealers","www.chicagointltrucks.com"," Email <---> Revenue ","605751","Chicago International Trucks","16725 Van Dam Rd","South Holland","IL","60473","Cook","www.chicagointltrucks.com","7085962600","7085969956","Joseph Cleary Jr","Manager","Mal","6470000","10","551105","Truck-Dealer","3","2","1"
"416865","Helicopters Inc","twagner@heliinc.com","5000 Omega Dr","6183377107","6183372903","735939","Aircraft Charter Rental & Leasing Svc","www.heliinc.com"," Email <---> Revenue ","195439","HELICOPTERS INC","5000 OMEGA DR","E SAINT LOUIS","IL","62206","St. Clair","","6183372903","","STEPHEN LIEBER","President","M","5800000","32","735904","Aircraft Ren","3","0","1"
"290169","Kris Dee & Assoc Inc","russ.m@krisdee.com","755 Schneider Dr","8476088400","8476088300","359998","Indstrl/Coml Machinery/Equip Nec (Mfrs)","NULL"," Email <---> Revenue ","243811","KRIS DEE & ASSOC INC","755 SCHNEIDER DR","SOUTH ELGIN","IL","60177","Kane","","8476088300","","RUSSELL MAJEWSKI","President","M","5400000","65","359900","Industrial M","3","0","1"
"146436","Central States Automatic Inc","rita@sundogdesign.com","13740 California Ave","7084899494","7084899400","508734","Sprinklers-Automatic-Fire (Wholesale)","www.csasinc.com"," Email <---> Revenue ","597071","Central States Automatic Inc","13740 California Ave","Blue Island","IL","60406","Cook","www.csasinc.com","7084899400","7084899494","John Andrews","Owner","Mal","7958000","23","508734","Sprinklers-A","3","0","1"
"349785","Munson Ski & Marine","munson@munsonski.com","31695 N Us Highway 12","8153635490","8153635400","555104","Boat Dealers Sales & Service","www.munsonski.com"," Email <---> Revenue ","907924","Munson Ski & Marine","31695 N Us Highway 12","Volo","IL","60073","Lake","www.munsonski.com","8153635400","8153635490","Mark Munson","Owner","Mal","6640000","20","555104","Boat Dealers","3","0","1"
"418661","Krugel Cobbles Inc","joel@krugel.com","3337 Berwyn Ave","8472347935","8472347935","521170","Brick Pavers","www.krugel.com"," Email <---> Revenue ","244091","KRUGEL COBBLES INC","3337 BERWYN AVE","LAKE BLUFF","IL","60044","Lake","","8472347935","","PATRICK HIRCH","Owner","M","6400000","50","521100","Lumber, Rel ","3","0","1"
"337654","C Sp Information Group","jlschoening@rpbtob.com","1100 Jorie Blvd","6305745175","6305745075","738959","Information & Referral Svcs","www.cspnet.com"," Email <---> Revenue ","68246","C SP INFORMATION GROUP","1100 JORIE BLVD STE 260","OAK BROOK","IL","60523","DuPage","","6305745075","","JIM BURSCH","Vice-President","M","5600000","25","738900","Business Svs","3","0","1"
"330337","Dixon Ottawa Communications","Davis@dixonottawa.com","1139 Franklin Grove Rd","8152883637","8152885315","506504","Radio Communication Equip & Systems-Whol","NULL"," Email <---> Revenue ","672496","Dixon Ottawa Communications","1139 Franklin Grove Rd","Dixon","IL","61021","Lee","www.dixonottawa.com","8152885315","8152883637","Chris Davis","Owner","Mal","7070000","7","506504","Radio Commun","3","0","1"
"256341","Global Fire Protection Co","global@globalfpc.com","5121 Thatcher Rd","6308525992","6308525200","508734","Sprinklers-Automatic-Fire (Wholesale)","www.globalfpc.com"," Email <---> Revenue ","177468","GLOBAL FIRE PROTECTION CO","5121 THATCHER RD","DOWNERS GROVE","IL","60515","DuPage","","6308525200","","","Unknown","","7400000","40","356900","General Indu","3","0","1"
"418377","Creative Vinyl Products Inc","tbrannam@mail.cvpcreative.com","","6307788433","","308902","Plastics & Plastic Products (Mfrs)","www.cvpcreative.com"," Email <---> Revenue ","640969","Creative Vinyl Products Inc","","Naperville","IL","60565","Du Page","www.cvpcreative.com","6307788433","","J Kirk","Owner","","8200000","50","308902","Plastics & P","3","0","1"
"225294","Barnett Bates Corp","rtbarnett@barnettbates.com","500 Mills Rd","8157269210","8157265223","344198","Fabricated Structural Metal (Mfrs)","NULL"," Email <---> Revenue ","538888","Barnett Bates Corp","500 Mills Rd","Joliet","IL","60433","Will","www.barnettbates.com","8157265223","8157269210","Robert H Barnett","President","Mal","5475000","25","344198","Fabricated S","3","0","1"
"405959","Advisory Research Inc","requestinfo@advisoryresearch.com","180 N Stetson Ave # 5780","3125652002","3125651414","628205","Financial Planning Consultants","www.advisoryresearch.com"," Email <---> Revenue ","489528","Advisory Research Inc","180 N Stetson Ave # 5780","Chicago","IL","60601","Cook","www.advisoryresearch.com","3125651414","3125652002","David Heller","President","Mal","8300000","20","628205","Financial Pl","3","0","1"
"418833","Concrete Technology Inc","lford@high.net","100 Technology Ln","9377489748","2173799790","327209","Concrete Prods-Ex Block & Brick (Mfrs)","www.ctiprecast.com"," Email <---> Revenue ","100675","CONCRETE TECHNOLOGY INC","100 TECHNOLOGY LN","PAXTON","IL","60957","Ford","","2173799790","","","Unknown","","8000000","100","327200","Mfg Concrete","3","0","1"
"292119","Birkey's Construction Equip","inquiry@birkeys.com","208 Dewitt Ave","2173371775","2173371781","508206","Contractors-Equip/Supls-Dlrs/Svc (Whol)","www.birkeys.com"," Email <---> Revenue ","553974","Birkey's Construction Equip","208 Dewitt Ave","Mattoon","IL","61938","Coles","www.birkeys.com","2172353158","2172347395","Mike Walters","Manager","Mal","8658000","13","508206","Contractors-","3","0","1"
"406654","Gameworks","dfriedman@rkf.com","601 N Martingale Rd # 115","6144187161","8473309675","799601","Amusement Places","www.gameworks.com"," Email <---> Revenue ","170820","GAMEWORKS","601 N MARTINGALE RD # 11","SCHAUMBURG","IL","60173","Cook","","8473309675","","LAUREL CLARK","Vice-President","F","5800000","70","799600","Amusement Pa","3","0","1"
