mail id,company,email,address,phone,fax,sic,sic description,web,,revenue id,company,address,city,state,zip,	metro,web,phone,fax,contact,position,gender,sales,# of employee,sic,sic_descrpiton,	,,
"188489","Truck Lease Svc Inc","billing@truckleaseservices.com","4350 Idlewild Industrial Dr","3366611505","3366611505","421309","Trucking-Motor Freight","www.truckleaseservices.com"," Email <---> Revenue ","630931","Truck Lease Svc Inc","4350 Idlewild Industrial Dr","Winston Salem","NC","27105","Forsyth","www.truckleaseservices.com","3366611505","3366611505","Wanda Butner","Owner","Fem","6493000","43","421309","Trucking-Mot","3","0","1"
"111397","Barbeques Galore","customerservice@bbqgalore.com","11401 Granite St","7045873362","7045873360","508406","Barbecue Equipment & Supplies (Whol)","www.bbqgalore.com"," Email <---> Revenue ","60300","Barbeques Galore","11401 Granite St","Charlotte","NC","28273","Mecklenburg","www.bbqgalore.com","7045873360","7045873362","Terrill Kurtz","Manager","Mal","5440000","10","508406","Barbecue Equ","3","0","1"
"2280","Universal Forest Products Inc","customerservice@ufpi.com","6985 Kinro Rd","4232389413","3366225903","521124","Trusses-Construction Whol & Mfrs","www.ufpi.com"," Email <---> Revenue ","641266","Universal Forest Products Inc","6985 Kinro Rd","Liberty","NC","27298","Randolph","www.ufpi.com","3366225903","3366224606","Shannon Shoffner","Plant Mgr","Mal","9700000","50","399903","Manufacturer","3","0","1"
"56129","W T Tool-South","customerservice@wttool.com","4200 Barringer Dr","7138958113","7045274071","507213","Tools (Wholesale)","www.wttool.com"," Email <---> Revenue ","652065","W T Tool-South","4200 Barringer Dr","Charlotte","NC","28217","Mecklenburg","www.wttool.com","7045274071","7045237960","Martin Dowdy","Manager","Mal","6090000","10","507213","Tools (Whole","3","0","1"
"189479","Capel Rugs Mill Outlet","custserv@capel.net","121 E Main St","2527565436","9105763211","227303","Carpet & Rug-Manufacturers","www.capelrugs.com"," Email <---> Revenue ","109490","Capel Rugs Mill Outlet","121 E Main St","Troy","NC","27371","Montgomery","www.capelrugs.com","9105763211","9105760250","Tina Farney","Manager","Mal","5664000","12","227303","Carpet & Rug","3","0","1"
"173621","Loomis Fargo & Co","employment@loomisfargo.com","2050 Suttle Ave","3179551278","7047146743","738103","Armored Car Service","www.loomisfargo.com"," Email <---> Revenue ","388739","Loomis Fargo & Co","2050 Suttle Ave","Charlotte","NC","28208","Mecklenburg","www.loomisfargo.com","7047146743","7043330706","Tim Mesmer","Manager","Mal","9898000","101","738103","Armored Car ","3","0","1"
"159868","Ace Tool Co","hr@nestorsales.com","3400 Woodpark Blvd # L","2166355502","7045977535","507213","Tools (Wholesale)","www.nestorsales.com"," Email <---> Revenue ","14189","Ace Tool Co","3400 Woodpark Blvd # L","Charlotte","NC","28206","Mecklenburg","www.nestorsales.com","7045977535","7045989371","Bob Lynch","Manager","Mal","6216000","12","507213","Tools (Whole","3","0","1"
"144051","Nw Sign Industries","hr@nwsignindustries.com","120 Cascade Dr","8568020412","7047822660","399302","Signs (Manufacturers)","www.nwsignindustries.com"," Email <---> Revenue ","458034","Nw Sign Industries","120 Cascade Dr","Concord","NC","28027","Cabarrus","www.nwsignindustries.com","7047822660","7047822887","Billy Phillips","Manager","Mal","5190000","30","399302","Signs (Manuf","3","0","1"
"75684","Rummel Klepper & Kahl","hr@rkkengineers.com","900 Ridgefield Dr # 350","5408510510","9198789560","871111","Engineers-Consulting","www.rkkengineers.com"," Email <---> Revenue ","539570","Rummel Klepper & Kahl","900 Ridgefield Dr # 350","Raleigh","NC","27609","Wake","www.rkkengineers.com","9198789560","9197908382","Tommy Peacock","Manager","Mal","7245000","35","871111","Engineers-Co","3","0","1"
"92166","Synapse Technology","hr@synapsetechnology.com","6900 Northpark Blvd # G","7048875601","7048875600","899953","Information Management","www.synapsetechnology.com"," Email <---> Revenue ","601762","Synapse Technology","6900 Northpark Blvd # G","Charlotte","NC","28216","Mecklenburg","www.synapsetechnology.com","7048875600","7048875601","Tim Zink","President","Mal","8040000","60","899953","Information ","3","0","1"
"191691","Trans-Matic Mfg Co","hr@transmatic.com","5825 Clyde Rhyne Dr","9197746803","9197746321","346904","Metal Stamping (Manufacturers)","www.transmatic.com"," Email <---> Revenue ","624718","Trans-Matic Mfg Co","5825 Clyde Rhyne Dr","Sanford","NC","27330","Lee","www.transmatic.com","9197746321","9197746803","Baldie Bissette","Plant Mgr","Mal","6572000","31","346904","Metal Stampi","3","0","1"
"32650","Acousti Engineering Co","info@acousti.com","1113 Transport Dr","4074255108","9197712255","174202","Acoustical Contractors","www.acousti.com"," Email <---> Revenue ","14529","Acousti Engineering Co","1113 Transport Dr","Raleigh","NC","27603","Wake","www.acousti.com","9197712255","9197712290","Jon Wheeler","Manager","Mal","7900000","50","174202","Acoustical C","3","0","1"
"161216","A C R Supply","info@acrsupply.com","2719 Hillsborough Road","9192862228","9192867106","5311","Retail shops","acrsupply.com"," Email <---> Revenue ","9549","ACR Supply Inc","2719 Hillsborough Rd","Durham","NC","27705","Durham","www.acrsupply.com","9192862228","9192867106","Leaton C Meachum","Manager","","9870000","15","507505","Air Conditio","3","0","1"
"188383","AME Inc","info@ameonline.com","4517 Equipment Dr","7045962421","7045964075","735301","Crane Service","www.ameonline.com"," Email <---> Revenue ","10221","AME Inc","4517 Equipment Dr","Charlotte","NC","28269","Mecklenburg","www.ameonline.com","7045964075","7045962421","Alex Alred","Manager","Mal","8415000","45","735301","Crane Servic","3","0","1"
"49918","Wood Designs Of Monroe","info@artisticenergy.com","608 Broome St","7042891899","7042891816","259998","Furniture & Fixtures Nec (Mfrs)","www.wooddesigns.org"," Email <---> Revenue ","677676","Wood Designs Of Monroe","608 Broome St","Monroe","NC","28110","Union","www.wooddesigns.org","7042891816","7042891899","Dennis Gosney","Owner","Mal","5200000","25","259998","Furniture & ","3","0","1"
"124799","Blevins Inc","info@blevinsinc.com","750 Fenner Rd","7179446009","2524420101","527103","Mobile Homes-Equipment & Parts","www.blevinsinc.com"," Email <---> Revenue ","77775","Blevins Inc","750 Fenner Rd","Rocky Mount","NC","27804","Edgecombe","www.blevinsinc.com","2524420101","","Tom Waymouth","Manager","Mal","8620000","20","527103","Mobile Homes","3","0","1"
"42440","Carroll Tire Co Inc","info@carrolltire.com","130 Cloverleaf Dr","7578529648","3367602820","501401","Tire-Distributors","www.carrolltire.com"," Email <---> Revenue ","121231","Carroll Tire Co Inc","130 Cloverleaf Dr","Winston Salem","NC","27103","Forsyth","www.carrolltire.com","3367602820","3367606105","David Gault","Manager","Mal","6419000","7","501401","Tire-Distrib","3","0","1"
"111479","DNA Group Inc","info@dnagroup.com","2841 Plaza Pl # 200","9198810144","9195711079","384104","Physicians & Surgeons Equip & Supls-Mfrs","www.taltronics.com"," Email <---> Revenue ","177485","DNA Group Inc","2841 Plaza Pl # 200","Raleigh","NC","27612","Wake","www.taltronics.com","9195711079","9198810144","Eric Vaughn","CEO","Mal","5824000","26","384104","Physicians &","3","0","1"
"186209","Master-Halco","info@fenceonline.com","11309 Reames Rd","3175429861","7045978000","503903","Fence (Wholesale)","www.mhfence.com"," Email <---> Revenue ","406453","Master-Halco","11309 Reames Rd","Charlotte","NC","28269","Mecklenburg","www.fenceonline.com","7045978000","7045977077","","","","6120000","17","503903","Fence (Whole","3","0","1"
"134591","Professional Floors Inc","info@flooringamerica.com","500 Sand Dune Dr # 2","4127315527","2522552882","571305","Carpet & Rug Dealers-New","www.prizantsfloorcovering.com"," Email <---> Revenue ","501375","Professional Floors Inc","500 Sand Dune Dr # 2","Kitty Hawk","NC","27949","Dare","www.flooringamerica.com","2522552882","2522551180","Virgil Lanning","Owner","Mal","7375000","25","571305","Carpet & Rug","3","0","1"
"190801","Interim Healthcare","info@interimhealthcare.com","780 Hendersonville Rd","5308999777","8282742082","808201","Home Health Service","www.interimhealthcare.com"," Email <---> Revenue ","322143","Interim Healthcare","780 Hendersonville Rd","Asheville","NC","28803","Buncombe","www.interimhealthcare.com","8282742082","8282743201","Deloes King","Administrator","Fem","8100000","150","808201","Home Health ","3","0","1"
"158343","Comtec","info@jerryseltzer.com","1900 Hendersonville Rd # 10","8286879997","8286872888","573121","Television-Giant Screen","www.youravconnection.com"," Email <---> Revenue ","156207","Comtec","1900 Hendersonville Rd # 10","Asheville","NC","28803","Buncombe","www.youravconnection.com","8286872888","8286879997","Michael Ridenour","Owner","Mal","6783000","21","573121","Home Theatre","3","0","1"
"153949","Praxair Healthcare/Compress","info@praxair.com","3101 Stoneybrook Dr # 124","9788580797","9198559475","504704","Physicians & Surgeons Equip & Supls-Whol","www.praxair.com"," Email <---> Revenue ","495654","Praxair Healthcare/Compress","3101 Stoneybrook Dr # 124","Raleigh","NC","27604","Wake","www.praxair.com","9198559475","9194552720","Keith Ferrari","Manager","Mal","5980000","10","504704","Physicians &","3","0","1"
"72684","Sampson-Bladen Oil & Gas","info@sboil.com","3058 Old Stage Highway","9106553498","null","131103","Oil Companies","null"," Email <---> Revenue ","547241","Sampson Bladen Oil Co","3058 Old Stage Hwy # 312","Riegelwood","NC","28456","Columbus","","9106553498","","Brooks Tatum","Manager","Mal","6708000","2","517215","Oils-Petrole","3","0","1"
"134522","Sink Farm Equipment","info@sinkfarmequipment.com","965 Petrea Road","3367875138","null","019101","FARMS","sinkfarmequipment.com"," Email <---> Revenue ","566313","Sink Farm Equipment","965 Petrea Rd","Lexington","NC","27295","Davidson","www.sinkfarmequipment.com","3367875138","","Claude Sink Jr","President","Mal","5478000","11","508310","Farm Equipme","3","0","1"
"118974","Tapoco Lodge Inc","info@tapocolodge.com","14981 Tapoco Rd","8284982377","8284982435","491101","Electric Companies","www.tapocolodge.com"," Email <---> Revenue ","606617","Tapoco Lodge Inc","14981 Tapoco Rd","Robbinsville","NC","28771","Graham","www.tapocolodge.com","8284982435","8284982377","Claudine Cody","Owner","Fem","9050000","10","491101","Electric Com","3","0","1"
"13609","Natvar","info@tekni-plex.com","8720 Us Highway 70 W","2607289958","9195534151","308902","Plastics & Plastic Products (Mfrs)","www.tekni-plex.com"," Email <---> Revenue ","444493","Natvar","8720 Us Highway 70 W","Clayton","NC","27520","Johnston","www.tekni-plex.com","9195534151","9195534156","George Coggins","President","Mal","9840000","60","308902","Plastics & P","3","0","1"
"144674","Tower Engineering Pros Inc","info@tepgroup.net","3703 Junction Blvd","9196616350","9196616351","871137","Engineers-Structural","www.tepgroup.net"," Email <---> Revenue ","622651","Tower Engineering Pros Inc","3703 Junction Blvd","Raleigh","NC","27603","Wake","www.tepgroup.net","9196616351","9196616350","Pete Jernigan","President","Mal","5175000","25","871137","Engineers-St","3","0","1"
"182588","Tex Source","info@texsourceonline.com","301 S Battleground Ave","7047399688","7047399612","508449","Screen Printing Equipment & Supls (Whol)","www.texsourceonline.com"," Email <---> Revenue ","612154","Tex Source","301 S Battleground Ave","Kings Mountain","NC","28086","Cleveland","www.texsourceonline.com","7047399612","7047399688","Robert Bolin","Owner","Mal","5984000","11","508449","Screen Print","3","0","1"
"195084","Thayer Coggin Inc","info@thayercoggin.com","230 South Rd","3368413245","3368416000","251198","Wood-Household Furn-Ex Upholstered (Mfr)","www.thayercoggin.com"," Email <---> Revenue ","612774","Thayer Coggin Inc","230 South Rd","High Point","NC","27262","Guilford","www.thayercoggin.com","3368416000","3368413245","Royale Wiggin","Manager","Fem","8700000","75","251198","Wood-Househo","3","0","1"
"95279","Touch America Inc","info@touchamerica.com","437 Dimmocks Mill Rd","9197321173","9197326968","508745","Chiropractors Equipment & Supply (Whol)","www.touchamerica.com"," Email <---> Revenue ","622427","Touch America Inc","437 Dimmocks Mill Rd","Hillsborough","NC","27278","Orange","www.touchamerica.com","9197326968","9197321173","","","","7958000","23","508745","Chiropractor","3","0","1"
"82063","Transbotics Corp","info@transbotics.com","3400 Latrobe Dr","7043644039","7043621115","504430","Automation Systems & Equipment-Wholesale","www.transbotics.com"," Email <---> Revenue ","624760","Transbotics Corp","3400 Latrobe Dr","Charlotte","NC","28211","Mecklenburg","www.transbotics.com","7043621115","7043644039","Claude Imbleau","CEO","Mal","6635000","30","504430","Automation S","3","0","1"
"169255","United Steel Products Co","info@uspconnectors.com","2745 Statesville Rd","3366671198","3366672056","344198","Fabricated Structural Metal (Mfrs)","www.uspconnectors.com"," Email <---> Revenue ","640735","United Steel Products Co","2745 Statesville Rd","North Wilkesboro","NC","28659","Wilkes","www.uspconnectors.com","3366672056","3366671198","Dan Tikalsky","Plant Mgr","Mal","5796000","21","344198","Fabricated S","3","0","1"
"121746","W A Smith Air Conditioning Inc","info@wasmithinc.com","2218 Toomey Ave","7043731852","7043739733","171117","Air Conditioning Contractors & Systems","www.wasmithinc.com"," Email <---> Revenue ","651138","W A Smith Air Conditioning Inc","2218 Toomey Ave","Charlotte","NC","28203","Mecklenburg","www.wasmithinc.com","7043739733","7043731852","Wayne A Smith","Owner","Mal","6580000","35","171117","Air Conditio","3","0","1"
"39873","Virginia Air Distributors Inc","marketing@virginiaair.com","2930 Yonkers Rd","8047941435","9198346516","507510","Heating Equipment & Systems (Wholesale)","www.virginiaair.com"," Email <---> Revenue ","649387","Virginia Air Distributors Inc","2930 Yonkers Rd","Raleigh","NC","27604","Wake","www.virginiaair.com","9198346516","9198346036","Keith Weatherly","Manager","Mal","7238000","11","507510","Heating Equi","3","0","1"
"194875","Camp Dresser & Mc Kee Inc","media@cdm.com","301 S Mcdowell St # 512","8582689677","7043424546","871111","Engineers-Consulting","www.cdm.com"," Email <---> Revenue ","107435","Camp Dresser & Mc Kee Inc","301 S Mcdowell St # 512","Charlotte","NC","28204","Mecklenburg","www.cdm.com","7043424546","7043422296","Jeffrey Payne","Manager","Mal","6831000","33","871111","Engineers-Co","3","0","1"
"93883","Brown & Church Yapre Co","orders@tomjames.com","118 Mary Moore Dr","4023417500","3363684542","561101","Men's Clothing & Furnishings-Retail","www.tomjames.com"," Email <---> Revenue ","91332","Brown & Church Yapre Co","118 Mary Moore Dr","Pilot Mountain","NC","27041","Surry","www.tomjames.com","3363684542","3363685454","Larry Marshall","CEO","Mal","6930000","45","561101","Men's Clothi","3","0","1"
"175327","Water Ink Technologies Inc","purchasing@waterinktech.com","6001 Harris Technology Blvd","7047326333","7045978440","508443","Printing Supplies (Wholesale)","www.waterinktech.com"," Email <---> Revenue ","659258","Water Ink Technologies Inc","6001 Harris Technology Blvd","Charlotte","NC","28269","Mecklenburg","www.waterinktech.com","7045978440","7045978950","Mike Hague","President","Mal","5984000","11","508443","Printer Cart","3","0","1"
"73096","Waddell & Reed Inc","recruiting@waddell.com","5000 Falls Of Neuse Rd # 400","9702432539","9198765747","628205","Financial Planning Consultants","www.waddell.com"," Email <---> Revenue ","654097","Waddell & Reed Inc","5000 Falls Of Neuse Rd # 400","Raleigh","NC","27609","Wake","www.waddell.com","9198765747","9198762886","Jeff Martin","Manager","Mal","5474000","17","628205","Financial Pl","3","0","1"
"78624","American Tire Distributors","sales@americanrubber.com","41 Dogwood Rd","8286650243","8286650742","501401","Tire-Distributors","www.americantire.com"," Email <---> Revenue ","33322","American Tire Distributors","41 Dogwood Rd","Arden","NC","28704","Buncombe","www.americantiredistributors.com","8286650742","8286650243","Jim Rice","Manager","Mal","5423000","17","301101","Tire-Manufac","3","0","1"
"18022","Amware Logistics","sales@amwarelogistics.com","5808 Long Creek Park Dr","9707486750","7049211928","874266","Logistics","www.amwarelogistics.com"," Email <---> Revenue ","34420","Amware Logistics","5808 Long Creek Park Dr","Charlotte","NC","28269","Mecklenburg","www.amwarelogistics.com","7049211928","7049213125","Randall Dixon","Manager","Mal","5100000","30","874266","Logistics","3","0","1"
"4957","Contract Steel Sales Greensboro","sales@contractsteelsales.com","1807 E Wendover Avenue","3362739704","3362734336","1099","Metal ores","contractsteelsales.com"," Email <---> Revenue ","158454","Contract Steel Sales Inc","1807 E Wendover Ave","Greensboro","NC","27405","Guilford","www.contractsteelsales.com","3362739704","3362734336","John Bundren","President","Mal","8280000","30","344106","Steel-Struct","3","0","1"
"196506","General Security","sales@gensecurity.com","5519 Gumtree Rd","8042673539","3362733785","506324","Burglar Alarm Systems (Wholesale)","www.gensecurity.com"," Email <---> Revenue ","263387","General Security","5519 Gumtree Rd","Winston Salem","NC","27107","Forsyth","www.gensecurity.com","3362733785","3367717069","Terry Sprinkle","Manager","Mal","9212000","14","506324","Burglar Alar","3","0","1"
"92073","UVA Sun Systems","sales@hottan.com","6208 Technology Dr","3363751844","3368556376","509114","Tanning Salons Equip & Supplies-Whol","www.tanningbeds4less.com"," Email <---> Revenue ","637633","UVA Sun Systems","6208 Technology Dr","Browns Summit","NC","27214","Guilford","www.tanningbeds4less.com","3368556376","3363751844","Rick Pierce","Owner","Mal","9380000","14","509114","Tanning Salo","3","0","1"
"139577","Myers Tire Supply Co","sales@myerstiresupply.com","1220 Upper Asbury Ave","6127884408","7043725477","501332","Tire-Retreading/Repair-Eqpt/Supls (Whol)","www.myerstiresupply.com"," Email <---> Revenue ","438529","Myers Tire Supply Co","1220 Upper Asbury Ave","Charlotte","NC","28206","Mecklenburg","www.myerstiresupply.com","7043725477","7043753890","Larry Nester","Manager","Mal","6272000","14","501332","Tire-Retread","3","0","1"
"57691","Pinnacle Converting Equipment","sales@pinnacleconverting.com","1720 Toal Street","7043763855","7043762207","353401","Mfg Elevators/escalators Building Equipment Installatio","pinnacleconverting.com"," Email <---> Revenue ","468896","PINNACLE Converting Equipment","1720 Toal St","Charlotte","NC","28206","Mecklenburg","www.pinnacleconverting.com","7043763855","7043762207","Robert Hillebrand","Owner","Mal","5175000","25","871141","Machinery-De","3","0","1"
"25781","Tax Management Assoc Inc","sales@tma1.com","2225 Coronation Blvd","8102257968","7048471234","737401","Data Processing Service","www.tma1.com"," Email <---> Revenue ","608083","Tax Management Assoc Inc","2225 Coronation Blvd","Charlotte","NC","28227","Mecklenburg","www.tma1.com","7048471234","7048497360","Richard Cooke Sr","President","Mal","9945000","65","737401","Data Process","3","0","1"
"92241","Tops For Shoes","sales@topsforshoes.com","27 N Lexington Ave","8282546741","8282546721","566101","Shoes-Retail","www.topsforshoes.com"," Email <---> Revenue ","621647","Tops For Shoes","27 N Lexington Ave","Asheville","NC","28801","Buncombe","www.topsforshoes.com","8282546721","8282546741","Bob Carr","Owner","Mal","5760000","40","566101","Shoes-Retail","3","0","1"
"175252","Triangle Biomedical Sciences","sales@trianglebiomedical.com","3014 Croasdaile Dr","9194775883","9193840037","384104","Physicians & Surgeons Equip & Supls-Mfrs","www.trianglebiomedical.com"," Email <---> Revenue ","628016","Triangle Biomedical Sciences","3014 Croasdaile Dr","Durham","NC","27705","Durham","www.trianglebiomedical.com","9193849393","9193849595","Jack Hunnell","Owner","Mal","6440000","20","384104","Physicians &","3","0","1"
"143292","Ultimate Products","sales@ultimate-products.com","2319 Laurelbrook St","9198344526","9198361627","343303","Heating Equipment-Manufacturers","www.ultimate-products.com"," Email <---> Revenue ","637867","Ultimate Products","2319 Laurelbrook St","Raleigh","NC","27604","Wake","www.ultimate-products.com","9198361627","9198344526","Dean Debnam","Owner","Mal","7317000","27","343303","Heating Equi","3","0","1"
"153378","United Promotions Inc","sales@upilab.com","433 Lawton Rd","7043912902","7043912992","738404","Photo Finishing-Wholesale","www.upilab.com"," Email <---> Revenue ","640501","United Promotions Inc","433 Lawton Rd","Charlotte","NC","28216","Mecklenburg","www.upilab.com","7043912992","7043912902","George Leventis","President","Mal","9750000","75","738404","Photo Finish","3","0","1"
"174897","Western Carolina Hoist & Crane","sales@westerncarolinahoist.com","134 Whispering Ridge Farm Ln","8288631346","8288631346","508412","Cranes & Derricks (Wholesale)","www.westerncarolinahoist.com"," Email <---> Revenue ","665485","Western Carolina Hoist & Crane","134 Whispering Ridge Farm Ln","Mill Spring","NC","28756","Polk","www.westerncarolinahoist.com","8288631346","","Angel Cehen","Owner","Fem","5440000","10","508412","Cranes & Der","3","0","1"
"168434","Williams Medical Equip Sales","sales@wmsmedical.com","PO Box 376","3364497592","3364497357","504704","Physicians & Surgeons Equip & Supls-Whol","NULL"," Email <---> Revenue ","672344","Williams Medical Equip Sales","229 E Main St","Gibsonville","NC","27249","Guilford","","3364497357","3364497592","Wallace Williams","Owner","Mal","8970000","15","504704","Physicians &","3","0","1"
"192959","Triangle Cycles","salesmgr@trianglecycles.com","4305 Durham Chapel Hill Blvd","9194931850","9194897478","557106","Motorcycles & Motor Scooters-Dealers","www.trianglecycles.com"," Email <---> Revenue ","628163","Triangle Cycles","4305 Durham Chapel Hill Blvd","Durham","NC","27707","Durham","www.trianglecycles.com","9194897478","9194931850","Russell D Reynolds","Owner","Mal","5808000","12","557106","Motorcycles ","3","0","1"
"98555","Team Powersports","service@willridetwo.com","222 Us Highway 70 E","9197727865","9197727866","557106","Motorcycles & Motor Scooters-Dealers","www.team-powersports.com"," Email <---> Revenue ","609282","Team Powersports","222 Us Highway 70 E","Garner","NC","27529","Wake","www.team-powersports.com","9197727866","9197727865","Carroll Stevenson","Owner","Mal","9930000","30","557106","Motorcycles ","3","0","1"
"53247","Barbizon Lighting Co","techsupport@30dps.com","1016 Mcclelland Ct","7819359273","7043722122","504304","Motion Picture Equip & Supplies (Whol)","www.barbizon.com"," Email <---> Revenue ","60411","Barbizon Lighting Co","1016 Mcclelland Ct","Charlotte","NC","28206","Mecklenburg","www.barbizon.com","7043722122","7043727422","Jeff Montgomerie","Manager","Mal","9156000","12","506356","Theatrical/S","3","0","1"
"158224","Applied Industrial Tech Inc","techsupport@applied.com","100 Staton Ct # A","9037536028","2527568000","508525","Bearings (Wholesale)","www.applied.com"," Email <---> Revenue ","40242","Applied Industrial Tech Inc","100 Staton Ct # A","Greenville","NC","27834","Pitt","","2527568000","2527568455","Vic Watkins","Manager","Mal","8393000","11","506302","Power Transm","3","0","1"
"195529","Tri Path Imaging Inc","web@tripathimaging.com","780 Plantation Dr","3362228819","3362229707","504704","Physicians & Surgeons Equip & Supls-Whol","www.tripathimaging.com"," Email <---> Revenue ","626774","Tri Path Imaging Inc","1111 Huffman Mill Rd","Burlington","NC","27215","Alamance","www.tripathimaging.com","3365869913","3362908740","Paul Sohmer","President","Mal","6048000","27","384104","Physicians &","3","0","1"
"141161","Kenan Transport Co","webmaster@kenanadvantagegroup.com","8124 Old Mount Holly Rd","5409823520","7043991596","421306","Trucking-Liquid & Dry Bulk","www.kenanadvantagegroup.com"," Email <---> Revenue ","357391","Kenan Transport Co","8124 Old Mount Holly Rd","Charlotte","NC","28214","Mecklenburg","www.kenanadvantagegroup.com","7043991596","7043997930","John Jolly","Manager","Mal","7550000","50","421306","Trucking-Liq","3","0","1"
"44015","Norfolk Southern Railway Co","webmaster@nscorp.com","27 Old Us Highway 70a","2563868859","8283223335","401101","Railroads","www.nscorp.com"," Email <---> Revenue ","452899","Norfolk Southern Railway Co","27 Old Us Highway 70a","Hickory","NC","28601","Catawba","www.nscorp.com","8283223335","","Mike Fields","Manager","Mal","5436000","18","401101","Railroads","3","0","1"
"186493","Scott Equipment Company; Inc","webmaster@scotteq.com","10800 Twin Lakes Pkwy","7048751611","7048750625","353401","Mfg Elevators/escalators Building Equipment Installatio","SCOTTEQ.COM"," Email <---> Revenue ","552277","Scott Equipment","10800 Twin Lakes Pkwy","Charlotte","NC","28269","Mecklenburg","www.scotteq.com","7048751611","7048750625","David Scott","President","Mal","5600000","25","367901","Electronic E","3","0","1"
"97179","Valley Crest Landscape Dev","webmaster@valleycrest.com","10706 Chapel Hill Rd","9163817285","9194650444","078204","Landscape Contractors","www.envcare.com"," Email <---> Revenue ","644292","Valley Crest Landscape Dev","10706 Chapel Hill Rd","Morrisville","NC","27560","Wake","www.valleycrest.com","9194650444","9194650407","Michael Williams","Manager","Mal","8400000","100","78204","Landscape Co","3","1","1"
