mail id,company,email,address,phone,fax,sic,sic description,web,,revenue id,company,address,city,state,zip,	metro,web,phone,fax,contact,position,gender,sales,# of employee,sic,sic_descrpiton,	,,
"174713","T W Metals Co","webmaster@twmetals.com","10404 Granite St # O","4072405704","7045884111","505113","Metal Specialties (Wholesale)","www.twmetals.com"," Email <---> Revenue ","603676","T W Metals Co","10404 Granite St # O","Charlotte","NC","28273","Mecklenburg","www.twmetals.com","7045884111","7045884116","Stan Darmachwol","Manager","Mal","20940000","20","505113","Metal Specia","4","0","1"
"97988","Stanley Furniture Co","webmaster@stanleyfurniture.com","12 Hackney St","3362485044","3362492745","259901","Furniture-Manufacturers","www.stanleyfurniture.com"," Email <---> Revenue ","584781","Stanley Furniture Co","12 Hackney St","Lexington","NC","27292","Davidson","www.stanleyfurniture.com","3362492745","3362488977","William Baker","Plant Mgr","Mal","18240000","120","259901","Furniture-Ma","4","0","1"
"171119","Simmons Co","webmaster@simmons.com","5100 W Wt Harris Blvd","9728743545","7045964935","399903","Manufacturers","www.simmons.com"," Email <---> Revenue ","565432","Simmons Co","5100 W Wt Harris Blvd","Charlotte","NC","28269","Mecklenburg","www.simmons.com","7045964935","7049216570","Bill Wagner","Plant Mgr","Mal","19400000","100","399903","Manufacturer","4","0","1"
"57820","Hughes Supply Inc","webmaster@hns.com","2717 N Church St","6019322263","2524461991","507406","Plumbing Fixtures & Supplies-Wholesale","www.hughes.com"," Email <---> Revenue ","313452","Hughes Supply Inc","2717 N Church St","Rocky Mount","NC","27804","Edgecombe","www.hughes.com","2524461991","2529853457","","","","20265000","35","507406","Plumbing Fix","4","0","1"
"192145","Freightliner In-Svc Mt Holly","webmaster@freightliner.com","1803 N Main St","3102231635","7048270150","551105","Truck-Dealers","www.freightliner.com"," Email <---> Revenue ","253427","Freightliner In-Svc Mt Holly","1803 N Main St","Mt Holly","NC","28120","Gaston","www.freightliner.com","7048270150","7048270691","Terry Barton","Manager","Mal","24052000","28","551105","Truck-Dealer","4","2","1"
"112612","Dana Corp","webmaster@dana.com","1293 Glenway Dr","8284398463","7048732811","371419","Axles-Manufacturers","www.dana.com"," Email <---> Revenue ","179108","Dana Corp","1293 Glenway Dr","Statesville","NC","28625","Iredell","www.dana.com","7048732811","7048785633","Byron Bailey","Plant Mgr","Mal","18700000","50","371419","Axles-Manufa","4","0","1"
"192529","Atmel Multimedia & Comm","webmaster@atmel.com","3800 Gateway Centre Blvd # 311","9194620300","9194626540","154102","Designers-Industrial","www.atmel.com"," Email <---> Revenue ","48226","Atmel Multimedia & Comm","3800 Gateway Centre Blvd # 311","Morrisville","NC","27560","Wake","www.atmel.com","9194626540","9194620300","Nick Kanopoulos","Executive Director","Mal","12600000","40","154102","Designers-In","4","0","1"
"163105","Anteon Corp","webmaster@anteon.com","635 Sonoma Rd","8286481482","8286481484","179965","Government-Contractors","www.anteon.com"," Email <---> Revenue ","38236","Anteon Corp","635 Sonoma Rd","Waynesville","NC","28786","Haywood","www.anteon.com","8286481482","8286481484","Dick Coltman","Manager","Mal","21000000","125","179965","Government-C","4","0","1"
"195272","Outerbanks Harley-Davidson","service@kittyhawkhd.com","1223 Us Highway 17 S","2523388001","2523388866","557106","Motorcycles & Motor Scooters-Dealers","www.harleybay.com"," Email <---> Revenue ","466598","Outerbanks Harley-Davidson","1223 Us Highway 17 S","Elizabeth City","NC","27909","Pasquotank","www.harleybay.com","2523388866","2523388001","Maurice Slaughter","Manager","Mal","10648000","22","557106","Motorcycles ","4","0","1"
"146753","Atlantic Coast Toyota Lift Inc","service@actforklift.com","718 Prospect St","3368833899","3368850074","508457","Trucks-Industrial (Wholesale)","www.actforklift.com"," Email <---> Revenue ","47438","Atlantic Coast Toyota Lift Inc","718 Prospect St","High Point","NC","27260","Guilford","www.actforklift.com","3368850074","3368833899","Vann Williford","Owner","Mal","15776000","29","508457","Trucks-Indus","4","0","1"
"69266","Winston International","sales@winstonele.com","200 Hillsboro Street","9196931561","9196935257","5311","Retail shops","winstonele.com"," Email <---> Revenue ","675887","Winston International LTD","200 Hillsboro St","Oxford","NC","27565","Granville","www.winstonele.com","9196931561","9196935257","Pratt Winston","Owner","Mal","18240000","16","505102","Wire (Wholes","4","0","1"
"192610","Wheatstone Corp","sales@wheatstone.com","600 Industrial Dr","2526371285","2526387000","367901","Electronic Equipment & Supplies-Mfrs","www.wheatstone.com"," Email <---> Revenue ","666883","Wheatstone Corp","600 Industrial Dr","New Bern","NC","28562","Craven","www.wheatstone.com","2526387000","2526371285","Gary Snow","Owner","Mal","22400000","100","367901","Electronic E","4","0","1"
"150870","Ultrablend Color LLC","sales@ultrablend.com","1440 Westinghouse Blvd","7045048839","7045048969","508225","Mixing & Agitation Machinery (Wholesale)","www.ultrablend.com"," Email <---> Revenue ","637974","Ultrablend Color LLC","1440 Westinghouse Blvd # G","Charlotte","NC","28273","Mecklenburg","www.ultrablend.com","7045048969","7045048839","Carlos M Salas","CEO","Mal","16320000","30","508498","Paint-Manufa","4","0","1"
"34792","T P Supply Co","sales@tpsupplyco.com","203 Galloway St","3367892234","3367892337","516916","Chemicals (Wholesale)","www.tpsupplyco.com"," Email <---> Revenue ","603437","T P Supply Co","203 Galloway St","Mt Airy","NC","27030","Surry","www.tpsupplyco.com","3367892337","3367892234","Troy Payne Jr","Owner","Mal","10010000","10","516916","Chemicals (W","4","0","1"
"164357","Southern Weaving","sales@southernweaving.com","2601 Anaconda Rd","8648597532","2528235549","229998","Textile Goods Nec (Manufacturers)","www.southernweaving.com"," Email <---> Revenue ","577254","Southern Weaving","2601 Anaconda Rd","Tarboro","NC","27886","Edgecombe","www.southernweaving.com","2528235549","2528231552","Curtiss Burdette","Manager","Mal","11920000","80","229998","Textile Good","4","0","1"
"5300","Salem Distributing","sales@salemdist.com","5901 Gun Club Road","3367661104","3367662626","799798","Membership Sports & Recreation Clubs","salemdist.com"," Email <---> Revenue ","545283","Salem Distributing Co","5901 Gun Club Rd","Winston Salem","NC","27103","Forsyth","www.salemdist.com","3367661104","3367662626","Howard Hanes","Manager","Mal","20000000","60","519999","Misc Non-Dur","4","0","1"
"179584","United Brass Works Inc","sales@morexinc.com","714 S Main St","3364984267","3364982661","349198","Industrial Valves (Manufacturers)","www.ubw.com"," Email <---> Revenue ","639727","United Brass Works Inc","714 S Main St","Randleman","NC","27317","Randolph","www.ubw.com","3364982661","3364984267","Michael Berkelhammer","President","Mal","11800000","150","349198","Industrial V","4","0","1"
"158645","Brown & Morrison","sales@brownandmorrison.com","8101 Denmark Road","7045548570","null","5311","Retail shops","null"," Email <---> Revenue ","91351","Brown & Morrison","8101 Denmark Rd","Charlotte","NC","28273","Mecklenburg","www.brownandmorrison.com","7045548570","7045529448","Gary Morrison","Owner","Mal","18000000","19","509908","Manufacturer","4","0","1"
"176393","Ameri-Kart Southern Div","sales@amerikart.com","1001 NE Market St","3167948574","3363493323","308901","Mold Makers","www.amerikart.com"," Email <---> Revenue ","30644","Ameri-Kart Southern Div","1001 NE Market St","Reidsville","NC","27320","Rockingham","www.amerikart.com","3363493323","3363424101","Duane Smith","Plant Mgr","Mal","22700000","100","308901","Plastics-Mol","4","0","1"
"170389","Crime Prevention Inc","marketing@cpssecurity.com","2925 Huntleigh Dr # 104","7023803149","9199541010","506324","Burglar Alarm Systems (Wholesale)","www.ecamsecure.com"," Email <---> Revenue ","168105","Crime Prevention Inc","2925 Huntleigh Dr # 104","Raleigh","NC","27604","Wake","www.cpssecurity.com","9199541010","9199546090","Carlos Lopez","Manager","Mal","19740000","30","506324","Burglar Alar","4","0","1"
"85529","Southern Agricultural","mail@southernag.com","395 Brookhollow Rd","8282645236","8282648843","516916","Chemicals (Wholesale)","www.southernag.com"," Email <---> Revenue ","575210","Southern Agricultural","395 Brookhollow Rd","Boone","NC","28607","Watauga","www.southernag.com","8282648843","8282645236","Mike Presnell","Manager","Mal","18018000","18","516916","Chemicals (W","4","0","1"
"82219","BCF Piping Inc","mail@ccboiler.com","3401 N Interstate 85 Serv Rd","8038083358","7045941044","162302","Piping Contractors","www.ccboiler.com"," Email <---> Revenue ","55701","BCF Piping Inc","3401 N Interstate 85 Serv Rd","Charlotte","NC","28269","Mecklenburg","www.ccboiler.com","7045941044","7045982242","Jim Craig","President","Mal","11690000","70","162302","Piping Contr","4","0","1"
"106698","Lincare","jobs@lincare.com","103 Elk Park Dr","6053420360","8282554545","516920","Oxygen (Wholesale)","www.lincare.com"," Email <---> Revenue ","383204","Lincare","103 Elk Park Dr","Asheville","NC","28804","Buncombe","www.lincare.com","8282554545","8286652986","Travis Arrowood","Manager","Mal","20020000","20","516920","Oxygen (Whol","4","0","1"
"102920","World Of Clothing","info@worldofclothing.com","135 Sugarloaf Rd","8286931507","8286934131","562101","Women's Apparel-Retail","www.worldofclothing.com"," Email <---> Revenue ","679661","World Of Clothing","135 Sugarloaf Rd","Hendersonville","NC","28792","Henderson","www.worldofclothing.com","8286934131","8286931507","Robert D Williams","President","Mal","23800000","15","562101","Women's Appa","4","0","1"
"58260","Wilson Finnely Co","info@wilsonfinley.com","5901 Chapel Hill Rd","9198510865","9198513261","509905","Importers","www.wilsonfinley.com"," Email <---> Revenue ","673964","Wilson Finnely Co","5901 Chapel Hill Rd","Raleigh","NC","27607","Wake","www.wilsonfinley.com","9198513261","9198510865","Doug Wilson","Owner","Mal","18880000","20","509905","Importers","4","0","1"
"56761","U S Industrial Piping Inc","info@usindustrialpiping.com","105 Woodland Trl","3369939506","3369939505","331798","Steel Pipe & Tubes (Manufacturers)","www.usindustrialpiping.com"," Email <---> Revenue ","634368","U S Industrial Piping Inc","105 Woodland Trl","Kernersville","NC","27284","Forsyth","www.usindustrialpiping.com","3369939505","3369939506","John Dixon","Owner","Mal","23976000","54","331798","Steel Pipe &","4","0","1"
"186590","Tweetsie Railroad","info@tweetsie.com","296 Tweetsie Railroad Rd","8282642234","8282649061","799601","Amusement Places","www.tweetsie.com"," Email <---> Revenue ","633013","Tweetsie Railroad","296 Tweetsie Railroad Rd","Blowing Rock","NC","28605","Watauga","www.tweetsie.com","8282649061","8282642234","Chris Robbins","Manager","Mal","21168000","252","799601","Amusement Pl","4","1","1"
"73912","Fox Co","info@thefoxcompany.com","2909 Interstate St","7043981520","7043994581","508495","Textile Machinery & Parts (Wholesale)","www.thefoxcompany.com"," Email <---> Revenue ","250325","Fox Co","2909 Interstate St","Charlotte","NC","28208","Mecklenburg","www.thefoxcompany.com","7043994581","7043981520","Harry Berzack","President","Mal","13600000","25","508495","Textile Mach","4","0","1"
"186034","Tcs Enterprises","info@tcsenterprises.com","481 N English Street","3362750218","3362750761","8999","Services NEC","tcsenterprises.com"," Email <---> Revenue ","604162","TCS Enterprises","481 N English St","Greensboro","NC","27405","Guilford","www.tcsenterprises.com","3362750218","3362750761","Ted Whitson","Owner","Mal","11400000","20","508522","Industrial E","4","0","1"
"194818","Senter Tractor Co Inc","info@sentertractor.com","4901 Fayetteville Rd","NULL","9197790922","508206","Contractors-Equip/Supls-Dlrs/Svc (Whol)","NULL"," Email <---> Revenue ","556141","Senter Tractor Co Inc","4901 Fayetteville Rd","Raleigh","NC","27603","Wake","www.sentertractor.com","9197790922","","Michael Senter","Owner","Mal","14670000","18","508206","Contractors-","4","0","1"
"178478","Carolina Water Systems","info@rainsoft.com","1705 Orr Industrial Ct # D","9107994573","7049211950","494102","Water & Sewage Companies-Utility","www.rainsoft.com"," Email <---> Revenue ","119182","Carolina Water Systems","1705 Orr Industrial Ct # D","Charlotte","NC","28213","Mecklenburg","www.rainsoft.com","7049211950","7049211958","John Blum","President","Mal","15975000","75","494102","Water & Sewa","4","0","1"
"146263","Daparak Inc","info@daparak.com","9305 Monroe Rd # E","7575475855","7048454540","508522","Industrial Equipment & Supplies (Whol)","www.daparak.com"," Email <---> Revenue ","180372","Daparak Inc","9305 Monroe Rd # E","Charlotte","NC","28270","Mecklenburg","www.daparak.com","7048454540","7048454549","David Zimmer","Owner","Mal","11400000","20","508522","Industrial E","4","0","1"
"123002","Compass Group","info@compass.com","557 Birch Creek Rd","9013868877","3366970195","596201","Vending Machines","www.compass.com"," Email <---> Revenue ","155101","Compass Group","557 Birch Creek Rd","Mc Leansville","NC","27301","Guilford","www.compass.com","3366970195","3366973870","William Harris","Manager","Mal","11475000","85","596201","Vending Mach","4","0","1"
"33155","Consolidated Electrical Distr","info@ced.com","1029 Winston St","3363781077","3363780044","506330","Electric Equipment & Supplies-Wholesale","www.ced.com"," Email <---> Revenue ","157613","Consolidated Electrical Distr","1029 Winston St","Greensboro","NC","27405","Guilford","www.cedcareers.com","3363780044","3363781077","George Carver","Manager","Mal","10682000","14","506330","Electric Equ","4","0","1"
"9590","B & G Pies","info@bgpies.com","2400 Old Lexington Rd","3367849676","3367849676","514902","Bakers-Wholesale","NULL"," Email <---> Revenue ","52913","B & G Pies","2400 Old Lexington Rd","Winston Salem","NC","27107","Forsyth","","3367849676","3367849676","Rex Baker","Owner","Mal","12660000","15","514902","Bakers-Whole","4","0","1"
"145017","Avante At Wilson","info@avantegroup.com","1804 Forest Hills Rd W","5409498295","2522378161","805101","Nursing & Convalescent Homes","www.avantegroup.com"," Email <---> Revenue ","50997","Avante At Wilson","1804 Forest Hills Rd W","Wilson","NC","27893","Wilson","www.avantegroup.com","2522378161","2522370447","Ann Tant","Administrator","Fem","10500000","150","805101","Nursing & Co","4","0","1"
"157211","Agri Supply","info@agri-supply.com","4500 Greenville Blvd NE","2293877128","2527523999","508310","Farm Equipment (Wholesale)","www.agri-supply.com"," Email <---> Revenue ","20042","Agri Supply","4500 Greenville Blvd NE","Greenville","NC","27834","Pitt","www.agri-supply.com","2527523999","2527584477","Rob Waters","Manager","Mal","22410000","45","508310","Farm Equipme","4","0","1"
"189369","Colonial Materials Inc","hr@gms.com","570 Belt Blvd","8324671811","9104855099","508205","Dry Wall Contractors Equip/Supls (Whol)","www.gms.com"," Email <---> Revenue ","152054","Colonial Materials Inc","570 Belt Blvd","Fayetteville","NC","28301","Cumberland","www.gms.com","9104855099","9104855123","Bill Farrell","Manager","Mal","20375000","25","508205","Dry Wall Con","4","0","1"
"101841","John E Jenkins Inc","hostmaster@TWAVE.NET","PO Box 12366","7048657946","7048645421","161103","Grading Contractors","NULL"," Email <---> Revenue ","343678","John E Jenkins Inc","1451 Delta Dr","Gastonia","NC","28052","Gaston","","7048645421","7048657946","John Jenkins","President","Mal","13600000","50","161103","Grading Cont","4","0","1"
"175038","Deluxe Check Printing","feedback@deluxe.com","116 Landmark Dr","6024312514","3366682775","275998","Commercial Printing Nec","www.deluxe.com"," Email <---> Revenue ","188238","Deluxe Check Printing","116 Landmark Dr","Greensboro","NC","27409","Guilford","www.deluxe.com","3366682775","3366651259","Lin Snowa","Plant Mgr","Mal","16445000","115","275998","Commercial P","4","0","1"
"141832","Theraquip Inc","customersupport@theraquipinc.com","2000 N Church St","3363339620","3363339612","504701","Physical Therapy Equipment (Wholesale)","www.theraquipinc.com"," Email <---> Revenue ","613386","Theraquip Inc","2000 N Church St","Greensboro","NC","27405","Guilford","","3363339612","3363339620","Tony Bullock","Owner","Mal","11960000","20","504701","Physical The","4","0","1"
"74271","Aco Med Supply","customerservice@acomedsupply.com","2205 Distribution Center Drive #","7049210116","7049210117","5311","Retail shops","acomedsupply.com"," Email <---> Revenue ","9535","ACO Med Supply","2205 Distribution Center Dr #A","Charlotte","NC","28269","Mecklenburg","www.acomedsupply.com","7049210116","7049210117","Stuart Ross","Owner","Mal","20930000","35","504704","Physicians &","4","0","1"
"79724","Jack A Farrior Steel Works","admin@farriorsteelworks.com","PO Box 839","2527537851","2527532020","344106","Steel-Structural (Manufacturers)","NULL"," Email <---> Revenue ","331028","Jack A Farrior Steel Works","9585 Us Highway 264","Farmville","NC","27828","Pitt","","2527532020","2527537851","Jack A Farrior","Owner","Mal","13140000","60","344106","Steel-Struct","4","0","1"
"196945","Carolina Health Care Ctr","admin@carolina-health.com","4600 Cumberland Rd","9104291690","9104291690","805101","Nursing & Convalescent Homes","www.carolina-health.com"," Email <---> Revenue ","116018","Carolina Health Care Ctr","4600 Cumberland Rd","Fayetteville","NC","28306","Cumberland","","9104291690","9104291710","James Matthews","Administrator","Mal","12950000","185","805101","Nursing & Co","4","0","1"
"14646","Charles & Colvard; Ltd.","sales@moissanite.com","3800 Gateway Boulevard Suite 310","9194680399","9194680486","5311","Retail shops","http://www.moissanite.com"," Email <---> Revenue ","130607","Charles & Colvard LTD","300 Perimeter Park Dr # A","Morrisville","NC","27560","Wake","www.moissanite.com","9194680399","9194680486","Robert S Thomas","CEO","Mal","23917000","52","391101","Jewelry-Manu","4","0","1"
"111157","Remote Data Systems","email@shgltd.com","163 Brunswick Electrc Road","null","9102561996","737401","Data Processing Service","landfallpakhotel.com"," Email <---> Revenue ","522024","Remote Data Systems","163 Brunswick Electric Rd","Whiteville","NC","28472","Columbus","www.rdsys.com","9106403349","9106403828","Bill Applewhite","President","Mal","11328000","12","509908","Manufacturer","4","0","1"
"186869","Carolina Pride","sales@cpcarwash.com","417 S Madison Blvd","3365975113","3365975112","508708","Car Washing/Polishing Equip/Supls (Whol)","www.cpcarwash.com"," Email <---> Revenue ","117735","Carolina Pride","417 S Madison Blvd","Roxboro","NC","27573","Person","www.cpcarwash.com","3365975112","3365975113","Dale Reynolds","Owner","Mal","15570000","45","508708","Car Washing/","4","0","1"
"144916","Tru Green Chem Lawn","customerservice@trugreenmail.com","300 Dominion Dr","3368348246","9197870965","078206","Lawn & Grounds Maintenance","www.trugreen.com"," Email <---> Revenue ","630832","Tru Green Chem Lawn","300 Dominion Dr","Morrisville","NC","27560","Wake","www.trugreen.com","9198634001","9197817086","Steve Robertson","Plant Mgr","Mal","14000000","125","78206","Lawn & Groun","4","0","1"
"93037","Stanford Furniture Corp","info@stanfordfurniture.com","PO Box 69","8284591994","8284591992","259901","Furniture-Manufacturers","NULL"," Email <---> Revenue ","584669","Stanford Furniture Corp","2860 N Oxford St","Claremont","NC","28610","Catawba","www.stanfordfurniture.com","8284591992","8284591994","Randy Short","Owner","Mal","17328000","114","259901","Furniture-Ma","4","0","1"
"104092","Curtis Screw Co","sales@curtisscrew.com","20401 Zion St","7048929053","7048925503","345101","Screw Machine Products (Manufacturers)","www.curtisscrew.com"," Email <---> Revenue ","172007","Curtis Screw Co","20401 Zion St","Cornelius","NC","28031","Mecklenburg","www.curtisscrew.com","7048925503","7048929053","Tom Bloomquist","Plant Mgr","Mal","16530000","95","345101","Screw Machin","4","0","1"
"165427","Chatsworth Products Inc","info@chatsworth.com","701 Industrial Dr","2525142977","2525142779","179935","Computer Rooms-Installation & Equipment","www.chatsworth.com"," Email <---> Revenue ","133682","Chatsworth Products Inc","701 Industrial Dr","New Bern","NC","28562","Craven","","2525142779","2525142977","David Parker","Manager","Mal","18500000","100","179935","Computer Roo","4","0","1"
"183442","Fred Lekson Associate","sales@lekson.com","4004 Barrett Drive #104","9197825426","9197825923","5311","Retail shops","null"," Email <---> Revenue ","252382","Fred Lekson Assoc Inc","4004 Barrett Dr # 104","Raleigh","NC","27609","Wake","www.lekson.com","9197825426","9197825923","Michael L Jones","Owner","Mal","10384000","11","509908","Manufacturer","4","0","1"
"20364","Lodging By Liberty","contact@brownjordan.com","206 E Frazier Ave","6265750126","3366222201","259901","Furniture-Manufacturers","www.brownjordan.com"," Email <---> Revenue ","387339","Lodging By Liberty","206 E Frazier Ave","Liberty","NC","27298","Randolph","www.brownjordan.com","3366222201","3366225000","Danny Philemon","Plant Mgr","Mal","21736000","143","259901","Furniture-Ma","4","0","1"
"145534","Truswood Inc","webmaster@truswood.com","8816 Running Oak Dr","9197830617","9197878787","521124","Trusses-Construction Whol & Mfrs","www.truswood.com"," Email <---> Revenue ","631471","Truswood Inc","8816 Running Oak Dr","Raleigh","NC","27617","Wake","www.truswood.com","9197878787","9197830617","Richard L Watts","President","Mal","17000000","50","521124","Trusses-Cons","4","0","1"
"93335","Eastern Aviation Fuels Inc","info@easternaviationfuels.com","601 Mccarthy Blvd","NULL","2526330066","291104","Oils-Petroleum-Manufacturers","NULL"," Email <---> Revenue ","210630","Eastern Aviation Fuels Inc","601 Mccarthy Blvd","New Bern","NC","28562","Craven","www.easternaviationfuels.com","2526330066","","Robert Stallings III","President","Mal","23000000","40","291104","Oils-Petrole","4","0","1"
"26709","Wood Technology","info@woodtechnology.com","225 Elf Way","9195423900","9195422727","8999","Services NEC","null"," Email <---> Revenue ","677798","Wood Technology Inc","225 Elf Way","Pittsboro","NC","27312","Chatham","www.woodtechnology.com","9195423900","9195422727","Mark Fink","President","Mal","13216000","14","509905","Importers","4","0","1"
"70638","Carolina Sunrock LLC","hr@thesunrockgroup.com","1001 W B St","9196881936","9195754502","328198","Cut Stone & Stone Products (Mfrs)","www.thesunrockgroup.com"," Email <---> Revenue ","118591","Carolina Sunrock LLC","1001 W B St","Butner","NC","27509","Granville","www.thesunrockgroup.com","9195754502","9195754510","Bryan Pfoal","Owner","Mal","16120000","130","328198","Cut Stone & ","4","0","1"
"40285","Ralph Whitehead Assoc Inc","info@rwhitehead.com","1000 W Morehead St # 200","9047307766","7043721885","871111","Engineers-Consulting","www.rwhitehead.com"," Email <---> Revenue ","514087","Ralph Whitehead Assoc Inc","1000 W Morehead St # 200","Charlotte","NC","28208","Mecklenburg","www.rwhitehead.com","7043721885","7043723393","Ed Jenkins","President","Mal","11850000","75","871111","Engineers-Co","4","0","1"
"143702","Von Drehle Enterprises Inc","sales@vondrehle.com","612 3rd Ave NE","8283224145","8283221805","262101","Paper-Manufacturers","www.vondrehle.com"," Email <---> Revenue ","650748","Von Drehle Enterprises Inc","612 3rd Ave NE","Hickory","NC","28601","Catawba","www.vondrehle.com","8283221805","8283224145","Steve Von Drehle","President","Mal","16750000","25","262101","Paper-Manufa","4","0","1"
"155264","Premier Wood Floors","webmaster@armstrong.com","755 Washington Ave","7174267250","7048731800","242698","Hardwood Dimension & Flooring Mills","www.armstrong.com"," Email <---> Revenue ","497105","Premier Wood Floors","755 Washington Ave","Statesville","NC","28677","Iredell","www.armstrong.com","7048731800","7048730008","Tony Everidge","Manager","Mal","18450000","150","242698","Hardwood Dim","4","0","1"
"104705","Mc Kim & Creed Engineers","info@mckimcreed.com","200 Mackenan Dr # 200","7274613827","9192338091","871111","Engineers-Consulting","www.mckimcreed.com"," Email <---> Revenue ","410679","Mc Kim & Creed Engineers","200 Mackenan Dr # 200","Cary","NC","27511","Wake","www.mckimcreed.com","9192338091","9192338031","William Hall Jr","VP","Mal","14490000","70","871111","Engineers-Co","4","0","1"
"72662","Regulator Marine","info@regulatormarine.com","187 Peanut Drive","2524823837","2524825577","555104","Boat Dealers Sales & Service","regulatormarine.com"," Email <---> Revenue ","520978","Regulator Marine Inc","187 Peanut Dr","Edenton","NC","27932","Chowan","www.regulatormarine.com","2524823837","2524825577","Joan Maxwell","President","Fem","24750000","150","373201","Boats-Manufa","4","0","1"
"57032","Industrial Fabricators Inc","info@ifabrication.com","PO Box 12885","7048646204","7048643032","179104","Metal Fabricators","NULL"," Email <---> Revenue ","319180","Industrial Fabricators Inc","4328 York Hwy","Gastonia","NC","28052","Gaston","www.ifabrication.com","7048643032","7048646204","Roger Bingham","Owner","Mal","22050000","150","179104","Metal Fabric","4","0","1"
"116698","N C Products Corp","jobs@oldcastleinc.com","3960 Cedar Creek Rd","6022586022","9104836960","503208","Concrete Products (Wholesale)","www.oldcastle.com"," Email <---> Revenue ","439160","N C Products Corp","3960 Cedar Creek Rd","Fayetteville","NC","28312","Cumberland","www.oldcastle.com","9104836960","9104830778","Preston Mc Intosh","Manager","Mal","14400000","30","503208","Concrete Pro","4","0","1"
"102574","Bethel International","contact@bethelwholesale.com","4610 Bragg Boulevard","9108687579","null","738999","Business Services Nec","bethelinc.com^^bethelwholesale.com"," Email <---> Revenue ","71164","Bethel International","4610 Bragg Blvd","Fayetteville","NC","28303","Cumberland","www.bethelinc.com","9108684554","9108683658","Young Kim","Owner","Mal","10788000","12","513705","Women's Appa","4","0","1"
"52242","Carolina Greenhouses","info@carolinagreenhouses.com","1504 Cunningham Road","null","null","018101","Greenhouses","null"," Email <---> Revenue ","115923","Carolina Greenhouses","1504 Cunningham Rd","Kinston","NC","28501","Lenoir","www.carolinagreenhouses.com","2525239300","2525233691","Dwight Howard","Owner","Mal","13300000","20","519113","Greenhouse E","4","0","1"
"6602","Boone Lumber","info@boonelumber.com","2000 Valway Road","8287573813","NULL","521142","Lumber","NULL"," Email <---> Revenue ","83590","Boone Lumber Co","2000 Valway Rd","Lenoir","NC","28645","Caldwell","www.boonelumber.com","8287573813","8287574540","Josh Greene","Owner","Mal","10590000","15","503109","Lumber-Whole","4","0","1"
"94887","Truck Pro","webmaster@truckpro.com","3653 N Interstate 85 Serv Rd","6019390939","7045966010","501302","Truck Equipment & Parts-Wholesale","www.truckpro.com"," Email <---> Revenue ","630941","Truck Pro","3653 N Interstate 85 Serv Rd","Charlotte","NC","28269","Mecklenburg","www.truckpro.com","7045966010","7045962761","Steve Dunlap","Manager","Mal","18816000","42","501302","Truck Equipm","4","0","1"
"165234","A C","sales@accorporation.com","347 Witt Street","3367650416","3367650451","5311","Retail shops","null"," Email <---> Revenue ","4088","A C Corp","347 Witt St","Winston Salem","NC","27103","Forsyth","www.accorporation.com","3367650416","3367650451","Larry Tysinger","VP","Mal","15040000","80","171117","Air Conditio","4","0","1"
"194471","Morton Buildings","info@mortonbuildings.com","6 Vaughn Cir","7018454464","8286877171","154210","Buildings-Metal","www.mortonbuildings.com"," Email <---> Revenue ","431350","Morton Buildings","6 Vaughn Cir","Fletcher","NC","28732","Henderson","www.mortonbuildings.com","8286877171","8286873711","Ken Zullo","Manager","Mal","10512000","24","154210","Buildings-Me","4","0","1"
