mail id,company,email,address,phone,fax,sic,sic description,web,,revenue id,company,address,city,state,zip,	metro,web,phone,fax,contact,position,gender,sales,# of employee,sic,sic_descrpiton,	,,
"173262","Moen Inc","webmaster@moen.com","1700 Dobbs Farm Rd","2525233133","2525230673","343201","Plumbing Fixtures & Supplies-Mfrs","www.moen.com"," Email <---> Revenue ","427214","Moen Inc","1700 Dobbs Farm Rd","Kinston","NC","28504","Lenoir","www.moen.com","2525230673","2525233133","Mike Leaser","President","Mal","73600000","200","343201","Plumbing Fix","6","0","1"
"154279","Curtiss-Wright Controls Engnrd","webmaster@cwfc.curtisswright.com","201 Old Boiling Springs Rd","7044812267","7044811150","381201","Aerospace Industries","www.curtisswright.com"," Email <---> Revenue ","172036","Curtiss-Wright Controls Engnrd","201 Old Boiling Springs Rd","Shelby","NC","28152","Cleveland","www.curtisswright.com","7044811150","7044812267","Mark Treffinger","VP","Mal","89817000","273","381201","Aerospace In","6","0","1"
"151392","Copart Inc","webmaster@copart.com","1081 Recovery Rd","9786670073","7048575177","501204","Automobile Auctions (Wholesale)","www.copart.com"," Email <---> Revenue ","159678","Copart Inc","1081 Recovery Rd","China Grove","NC","28023","Rowan","www.copart.com","7048575177","7048575186","Mark Spurose","Manager","Mal","92500000","25","501204","Automobile A","6","1","1"
"20078","Indalex Aluminum Solutions","sales@indalex.com","1507 Industry Dr","4194354542","3362278826","335498","Aluminum Extruded Products (Mfrs)","www.indalex.com"," Email <---> Revenue ","318580","Indalex Aluminum Solutions","1507 Industry Dr","Burlington","NC","27215","Alamance","","3362278826","3362289813","Jerry Yates","Manager","Mal","79000000","250","335498","Aluminum Ext","6","0","1"
"34871","Bowman Enterprises Inc","sales@bowmanent.com","402 W Martin St","9198947761","9198943662","738976","Microfilming Service Equipment & Supls","NULL"," Email <---> Revenue ","84925","Bowman Enterprises Inc","402 W Martin St","Benson","NC","27504","Johnston","www.bowmanent.com","9198943662","9198947761","Eugene Bowman","Owner","Mal","57730000","230","807112","Magnetic Res","6","0","1"
"154181","Baker Furniture Co Inc","privacy@kohler.com","1 Baker Way","9204576162","8283975551","259901","Furniture-Manufacturers","www.kohler.com"," Email <---> Revenue ","57737","Baker Furniture Co Inc","1 Baker Way","Connellys Spgs","NC","28612","Burke","www.kohler.com","8283975551","8283977506","David Mullis","Plant Mgr","Mal","62400000","300","259901","Furniture-Ma","6","0","1"
"165468","Kewaunee Scientific Corp","marketing@kewaunee.com","2700 W Front St","9722398090","7048737202","382103","Laboratory Furniture (Manufacturers)","www.kewaunee.com"," Email <---> Revenue ","359242","Kewaunee Scientific Corp","2700 W Front St","Statesville","NC","28677","Iredell","www.kewaunee.com","7048737202","7048731275","William A Shumaker","CEO","Mal","94700000","533","382103","Laboratory F","6","0","1"
"154464","Alside Window Co","information@alside.com","3800 Farmgate Rd","3032952041","2525275050","344298","Metal Doors Sash Frames & Trim (Mfrs)","www.alside.com"," Email <---> Revenue ","29350","Alside Window Co","3800 Farmgate Rd","Kinston","NC","28504","Lenoir","www.alside.com","2525275050","2525270240","Jim Mc Mullen","Plant Mgr","Mal","81200000","350","344298","Metal Doors ","6","0","1"
"157447","Texturing Services","info@tsiyarns.com","2900 Vance Street Ext","3363429085","3363429745","8999","Services NEC","null"," Email <---> Revenue ","612501","Texturing Services Inc","2900 Vance Street Ext","Reidsville","NC","27320","Rockingham","","3363429085","3363429745","La Tillman","President","Mal","86160000","120","519940","Yarn-Wholesa","6","0","1"
"160335","Cottages in the Village at Carolina Place","info@tropicalfoods.com","6509 Thamesmead Lane","7045880400","7045883092","701106","Cottages & Cabins","tropicalsnuthouse.com"," Email <---> Revenue ","630471","Tropical Fruit & Nut","1100 Continental Blvd","Charlotte","NC","28273","Mecklenburg","www.tropicalfoods.com","7045880400","7045883092","John Bauer","President","Mal","57980000","130","206801","Salted & Roa","6","0","1"
"179102","Thomasville Furniture Ind Inc","info@thomasville.com","315 Elizabeth St NW","8284314286","8287544581","259901","Furniture-Manufacturers","www.thomasville.com"," Email <---> Revenue ","614972","Thomasville Furniture Ind Inc","315 Elizabeth St NW","Lenoir","NC","28645","Caldwell","www.thomasville.com","8287544581","8287572723","Jim Shaut","Plant Mgr","Mal","68400000","450","259901","Furniture-Ma","6","0","1"
"106555","Ten Seconds Shoe Care","info@tenseconds.com","429 27th St NW","8283281700","8283227942","508452","Shoe Findings & Supplies (Wholesale)","www.tenseconds.com"," Email <---> Revenue ","610836","Ten Seconds Shoe Care","429 27th St NW","Hickory","NC","28601","Catawba","www.tenseconds.com","8283227942","8283281700","Nissan Joseph","President","Mal","54400000","100","508452","Shoe Finding","6","0","1"
"146557","Sca Packaging","info@sca.com","1741 E C St","9195754573","9195755100","282104","Polyurethane Products-Manufacturers","www.sca.com"," Email <---> Revenue ","550742","Sca Packaging","1741 E C St","Butner","NC","27509","Granville","www.sca.com","9195755100","9195754573","David Vasquez","Plant Mgr","Mal","53850000","50","282104","Polyurethane","6","0","1"
"146037","Safety-Kleen Corp","info@safety-kleen.com","6180 Old Mendenhall Rd","3236602075","3368614149","517202","Service Station Equipment (Wholesale)","www.safety-kleen.com"," Email <---> Revenue ","544324","Safety-Kleen Corp","6180 Old Mendenhall Rd","Archdale","NC","27263","Guilford","www.safety-kleen.com","3368614149","3368614250","Josh Coker","Manager","Mal","50310000","15","517202","Service Stat","6","0","1"
"20037","Drexel Heritage Furnishings","customerservice@drexelheritage.com","600 Causby Rd","8284384481","8284384480","738988","Packaging Service","www.drexelheritage.com"," Email <---> Revenue ","202478","Drexel Heritage Furnishings","101 Dixon St","Morganton","NC","28655","Burke","","8284385730","8284385734","","","","50160000","330","259901","Furniture-Ma","6","0","1"
"184204","Systems Depot","career@sdepot.com","3266 Us Highway 70","8283974212","8283972172","506519","Electronic Equipment & Supplies-Whol","www.sdepot.com"," Email <---> Revenue ","602031","Systems Depot","3266 Us Highway 70","Connellys Spgs","NC","28612","Burke","www.sdepot.com","8283972172","8283974212","Wade Moose","Owner","Mal","50500000","50","506519","Electronic E","6","0","1"
"166400","Fed Ex Freight East","webmaster@fedex.com","4349 S I-85 Service Rd","6022524055","7043955977","421309","Trucking-Motor Freight","www.fedex.com"," Email <---> Revenue ","236248","Fed Ex Freight East","4349 S I-85 Service Rd","Charlotte","NC","28208","Mecklenburg","www.fedex.com","7043955977","7043989768","Daniel Paine","Manager","Mal","64477000","427","421309","Trucking-Mot","6","0","1"
