mail id,company,email,address,phone,fax,sic,sic description,web,,revenue id,company,address,city,state,zip,	metro,web,phone,fax,contact,position,gender,sales,# of employee,sic,sic_descrpiton,	,,
"132592","Louisiana-Pacific Corp","customer.support@lpcorp.com","10475 Boston Rd","9063464010","3365998080","249998","Wood Products Nec (Manufacturers)","www.lpcorp.com"," Email <---> Revenue ","389534","Louisiana-Pacific Corp","10475 Boston Rd","Roxboro","NC","27574","Person","www.lpcorp.com","3365998080","3365995153","Wayne Young","Plant Mgr","Mal","35960000","145","242101","Lumber-Manuf","5","0","1"
"126290","Blue Rhino Corp","customerservice@bluerhino.com","104 Cambridge Plaza Dr","8042790544","3366596900","598401","Propane (Lp) Gas","www.bluerhino.com"," Email <---> Revenue ","78985","Blue Rhino Corp","100 Cambridge Plaza Dr","Winston Salem","NC","27104","Forsyth","","3366596760","","","","","29214000","6","517208","Gas-Liquefie","5","0","1"
"50971","Therafirm Hosiery Co","customerservice@knitrite.com","126 Mill St","9106522438","9106525541","513715","Hosiery-Wholesale","www.therafirm.com"," Email <---> Revenue ","613309","Therafirm Hosiery Co","126 Mill St","Ellerbe","NC","28338","Richmond","www.therafirm.com","9106525541","9106522438","Jimmy Ray","Manager","Mal","34700000","50","513715","Hosiery-Whol","5","0","1"
"147358","Ditch Witch Of Charlotte Inc","sales@dwotc.com","4600 N Interstate 85 Service","8036955570","7045965700","508206","Contractors-Equip/Supls-Dlrs/Svc (Whol)","www.dwotc.com"," Email <---> Revenue ","194143","Ditch Witch Of Charlotte Inc","4600 N Interstate 85 Service","Charlotte","NC","28206","Mecklenburg","www.dwotc.com","7045965700","7045966681","Steve Neal","Owner","Mal","40750000","50","508206","Contractors-","5","0","1"
"163493","Plastic Packaging","sales@ppi-hky.com","1246 Main Avenue SE","8283282466","null","5311","Retail shops","null"," Email <---> Revenue ","491078","Plastic Packaging Inc","1246 Main Ave SE","Hickory","NC","28602","Catawba","www.ppi-hky.com","8283282466","8283221830","Bert Brinkley","President","Mal","44544000","192","267301","Bags-Plastic","5","0","1"
"121994","Grainger Inc","feedback@ic.grainger.com","1401 S Mint St","6105340138","7043760785","508522","Industrial Equipment & Supplies (Whol)","www.grainger.com"," Email <---> Revenue ","273416","Grainger Inc","1401 S Mint St","Charlotte","NC","28203","Mecklenburg","www.grainger.com","7043760785","7043470651","Doug Bennett","President","Mal","28500000","50","508522","Industrial E","5","0","1"
"179227","Builders First Source","info@buildersfirstsource.com","12816 Us Highway 64 W","7067453006","9193634956","525104","Hardware-Retail","www.buildersfirstsource.com"," Email <---> Revenue ","95049","Builders First Source","12816 Us Highway 64 W","Apex","NC","27523","Wake","www.buildersfirstsource.com","9193634956","9193634554","Dennis Darling","Manager","Mal","28000000","80","521126","Building Mat","5","0","1"
"23145","Carolina Made","info@carolinamade.com","400 Indian Trail Road","7048216425","7048216752","864115","Natives Service Organizations","null"," Email <---> Revenue ","116702","Carolina Made Inc","400 Indian Trail Rd","Indian Trail","NC","28079","Union","www.carolinamade.com","7048216425","7048216752","Jim Cherry","President","Mal","39050000","50","513611","T-Shirts-Who","5","0","1"
"131674","Mellon Hr & Investor Solutions","info@dreyfus.com","1200 Crescent Green Dr","5617508226","9198546500","637102","Pension & Profit Sharing Plans","www.mellon.com"," Email <---> Revenue ","415805","Mellon Hr & Investor Solutions","1200 Crescent Green Dr","Cary","NC","27511","Wake","www.mellon.com","9198546500","9198546422","Steve Englehart","Manager","Mal","28800000","300","637102","Pension & Pr","5","0","1"
"142797","Lee-Boy Manufacturing Co Nc","info@leeboy.com","688 N Highway 16","7044830681","7043946146","399903","Manufacturers","NULL"," Email <---> Revenue ","377378","Lee-Boy Manufacturing Co Nc","688 N Highway 16","Denver","NC","28037","Lincoln","www.leeboy.com","7043946146","7044830681","Kelly Majeskie","President","Mal","29475000","225","399903","Manufacturer","5","0","1"
"187623","Log Cabin Homes","info@logcabinhomes.com","410 N Pearl Street","2529850340","null","738999","Business Services Nec","null"," Email <---> Revenue ","387470","Log Cabin Homes","513 Keen St","Rocky Mount","NC","27804","Edgecombe","www.logcabinhomes.com","2524541500","2524541550","Tom Vesce","Owner","Mal","40000000","60","245201","Log Cabins H","5","0","1"
"108728","Tubular Textile Machinery","info@navisglobal.com","113 Woodside Dr","3369561795","3369566444","355202","Textile Machinery & Parts-Manufacturers","www.tubetex.com"," Email <---> Revenue ","631741","Tubular Textile Machinery","113 Woodside Dr","Lexington","NC","27292","Davidson","www.tubetex.com","3369566444","3369561795","Bill Milligan","President","Mal","29925000","175","355202","Textile Mach","5","0","1"
"153012","Ole Mexican Foods Inc","info@olemexicanfoods.net","612 Tarboro St N","3058875698","2522939885","514101","Food Products (Wholesale)","www.olemexicanfoods.com"," Email <---> Revenue ","462151","Ole Mexican Foods Inc","612 Tarboro St N","Wilson","NC","27893","Wilson","www.olemexicanfoods.com","2522939885","2522939925","Chris Boykin","Manager","Mal","26151000","23","514101","Food Product","5","0","1"
"98951","Pugh Oil Co Inc","info@pughoil.com","701 Mcdowell Rd","3366292651","3366292061","517206","Oils-Fuel (Wholesale)","www.pughoil.com"," Email <---> Revenue ","504102","Pugh Oil Co Inc","701 Mcdowell Rd","Asheboro","NC","27205","Randolph","www.pughoil.com","3366292061","3366292651","Ronald Pugh","CEO","Mal","29000000","95","517206","Oils-Fuel (W","5","0","1"
"140147","Flying J Travel Plaza","info@rrd.com","1043 Jimmie Kerr Rd","5036664999","3365782427","554103","Truck Stops & Plazas","www.flyingj.com"," Email <---> Revenue ","245562","Flying J Travel Plaza","1043 Jimmie Kerr Rd","Haw River","NC","27258","Alamance","www.flyingj.com","3365782427","3365780804","Robert Mcdonald","Manager","Mal","30160000","65","554103","Truck Stops ","5","0","1"
"158648","Vecoplan","info@vecoplanllc.com","5708 Uwharrie Rd","3368614329","3368616070","509908","Manufacturers-Agents & Representatives","www.vecoplanllc.com"," Email <---> Revenue ","645740","Vecoplan","5708 Uwharrie Rd","High Point","NC","27263","Guilford","www.vecoplanllc.com","3368616070","3368614329","Len Beusse","Owner","Mal","28320000","30","509908","Manufacturer","5","0","1"
"176741","Freeman Gas Co","webmaster@upstateweb.com","4848 Asheville Hwy","8645820937","8286969920","492501","Gas Companies","www.freemangas.com"," Email <---> Revenue ","253180","Freeman Gas Co","4848 Asheville Hwy","Hendersonville","NC","28791","Henderson","www.freemangas.com","8286969920","","Mike Dobbins","Manager","Mal","48690000","10","517208","Gas-Liquefie","5","0","1"
"115406","Ligon Electric Supply Co Inc","webmaster@stateelectric.com","1221 National Dr","3046247464","3367239656","506330","Electric Equipment & Supplies-Wholesale","www.stateelectric.com"," Email <---> Revenue ","382667","Ligon Electric Supply Co Inc","1221 National Dr","Winston Salem","NC","27103","Forsyth","www.stateelectric.com","3367239656","3367770588","Jim Latham","VP","Mal","38150000","50","506330","Electric Equ","5","0","1"
"167479","Inland Seafood Wholesale Only","webmaster@inlandseafood.com","3725 N Davidson St","7043327917","7043323474","514601","Seafood-Wholesale","www.inlandseafood.com"," Email <---> Revenue ","320205","Inland Seafood Wholesale Only","3725 N Davidson St","Charlotte","NC","28205","Mecklenburg","www.inlandseafood.com","7043323474","7043327917","Richard Luff","Manager","Mal","37620000","60","514601","Seafood-Whol","5","0","1"
"153282","Sealed Air Corp","webmaster@sealedair.com","2001 International Blvd","9787725660","8287286610","267101","Packaging Materials-Manufacturers","www.shanklincorp.com"," Email <---> Revenue ","553701","Sealed Air Corp","2001 International Blvd","Hudson","NC","28638","Caldwell","www.sealedair.com","8287286610","8287283422","Ed Frost","Plant Mgr","Mal","40500000","100","267101","Packaging Ma","5","0","1"
"82253","Artee Industries Inc","webmaster@culpinc.com","105 Metrolina Plz","8642259006","7044823826","228102","Yarn-Spinning Mills","www.culpinc.com"," Email <---> Revenue ","43457","Artee Industries Inc","105 Metrolina Plz","Shelby","NC","28150","Cleveland","www.culpinc.com","7044823826","7044820735","Ken Simpson","Plant Mgr","Mal","34200000","160","228102","Yarn-Spinnin","5","0","1"
"178861","Southern Agricultural Insctcds","sales@southernag.com","511 Maple St","8282645236","8286922233","287998","Pesticides & Ag Chemicals Nec (Mfrs)","www.southernag.com"," Email <---> Revenue ","575209","Southern Agricultural Insctcds","511 Maple St","Hendersonville","NC","28792","Henderson","www.southernag.com","8286922233","8286937554","Richard Baxter","Manager","Mal","42560000","40","287998","Pesticides &","5","0","1"
"153551","Cardinal Health","privacy@cardinalhealth.com","160 Magellan Ct","9785326916","9194814855","873402","Laboratories-Testing","www.cardinal.com"," Email <---> Revenue ","111214","Cardinal Health","160 Magellan Ct","Morrisville","NC","27560","Wake","www.cardinal.com","9194814855","9194814908","Bill Stagner","President","Mal","49470000","485","873402","Laboratories","5","0","1"
"40955","Mac Papers Inc","marketing@macpapers.com","1827 S Interstate 85 Service","2057812250","7043931776","511101","Paper Products (Wholesale)","www.macpapers.com"," Email <---> Revenue ","395863","Mac Papers Inc","1827 S Interstate 85 Service","Charlotte","NC","28208","Mecklenburg","www.macpapers.com","7043931776","7043998135","Jimmie Hammitt","Manager","Mal","46841000","31","511101","Paper Produc","5","0","1"
"89218","Copart Inc","admin@copart.com","310 Copart Ln","5017963131","9108911252","501204","Automobile Auctions (Wholesale)","www.copart.com"," Email <---> Revenue ","159679","Copart Inc","310 Copart Ln","Dunn","NC","28334","Harnett","www.copart.com","9108911252","9108911858","Randy Lamm","Manager","Mal","48100000","13","501204","Automobile A","5","1","1"
"163936","Service Experts Inc","marketing@serviceexperts.com","1310 Nowell Rd","3217271213","9198518310","171117","Air Conditioning Contractors & Systems","www.serviceexperts.com"," Email <---> Revenue ","556636","Service Experts Inc","1310 Nowell Rd","Raleigh","NC","27607","Wake","www.serviceexperts.com","9198518310","9198369344","Paul Mills","Manager","Mal","29200000","200","171117","Air Conditio","5","0","1"
