mail id,company,email,address,phone,fax,sic,sic description,web,,revenue id,company,address,city,state,zip,	metro,web,phone,fax,contact,position,gender,sales,# of employee,sic,sic_descrpiton,	,,
"137691","Media Communications","CChris@media-comm.com","9700 Southern Pine Blvd","7045259899","7045278853","781211","Video Production & Taping Service","NULL"," Email <---> Revenue ","414469","Media Communications","9700 Southern Pine Blvd","Charlotte","NC","28273","Mecklenburg","www.media-comm.com","7045278853","7045259899","Chris Cates","President","Mal","31086000","99","781211","Video Produc","5","1","1"
"165977","Sara Lee Hosiery","ChuckNesbit@saralee.com","5660 University Pkwy # 3","3365193654","3365193241","225198","Womens Full-Length/Knee-Lnth Hsry (Mfrs)","NULL"," Email <---> Revenue ","549510","Sara Lee Hosiery","401 W Hanes Mill Rd","Winston Salem","NC","27105","Forsyth","","3365192369","3365192729","Dennis Ward","Plant Mgr","Mal","47200000","400","225198","Womens Full-","5","0","1"
"115222","Kvaerner Pulping Inc","Cindy.Dore@akerkvaerner.com","3430 Toringdon Way # 201","7045425969","7045411453","504904","Engineering Equipment & Supplies (Whol)","NULL"," Email <---> Revenue ","365968","Kvaerner Pulping Inc","3430 Toringdon Way # 201","Charlotte","NC","28277","Mecklenburg","","7045411453","7045425969","Cindy Dore","President","Fem","34640000","80","504904","Engineering ","5","0","1"
"92754","Southern Steel Co","cSaleh@betainternational.com","12933 Sam Neely Rd","7043980018","7043998331","344106","Steel-Structural (Manufacturers)","NULL"," Email <---> Revenue ","577055","Southern Steel Co","12933 Sam Neely Rd","Charlotte","NC","28273","Mecklenburg","www.betainternational.com","7043998331","7043980018","Charles Saleh","Owner","Mal","26280000","120","344106","Steel-Struct","5","0","1"
"33997","DSC Logistics","customersolutions@dsclogistics.com","12801 Jamesburg Dr","8473907276","7048924378","422505","Warehouses-Merchandise & Self Storage","www.dsclogistics.com"," Email <---> Revenue ","177633","DSC Logistics","12801 Jamesburg Dr","Huntersville","NC","28078","Mecklenburg","www.dsclogistics.com","7048924378","7048924480","","","","25200000","200","422505","Warehouses-M","5","0","1"
"8996","Fluid Flow Products Inc","dandavis@fluidflow.com","2108 Crown View Dr","7048472377","7048474464","509908","Manufacturers-Agents & Representatives","NULL"," Email <---> Revenue ","245481","Fluid Flow Products Inc","2108 Crown View Dr","Charlotte","NC","28227","Mecklenburg","www.fluidflow.com","7048474464","7048472377","Dan Davis","Owner","Mal","33040000","35","509908","Manufacturer","5","0","1"
"76379","Catawissa Lumber & Specialty","John.Gittler@catlmbr.com","301 Locust St","3362465180","336-246-7121","2511","Wood Household Furniture","Except Upholstered (except wood box spring frames)"," Email <---> Revenue ","124342","Catawissa Lumber & Specialty","301 Locust St","West Jefferson","NC","28694","Ashe","","3362467121","3362465180","Roy Hoffman","Plant Mgr","Mal","28140000","140","242698","Hardwood Dim","5","0","1"
"135713","Caroplast Inc","judy.raymond@caroplast.com","8912 Wilkinson Blvd","7043942201","7043944191","505107","Pipe-Wholesale","NULL"," Email <---> Revenue ","120038","Caroplast Inc","8912 Wilkinson Blvd","Charlotte","NC","28214","Mecklenburg","www.caroplast.com","7043944191","7043942201","Lou Raymond","President","Mal","34200000","30","505107","Pipe-Wholesa","5","0","1"
"143247","Nantahala Lumber Co","flooringinfo@zickgraf.com","301 Depot St","9015267022","8285242131","521126","Building Materials","www.nofma.org"," Email <---> Revenue ","441538","Nantahala Lumber Co","301 Depot St","Franklin","NC","28734","Macon","www.zickgraf.com","8285242131","8285246888","F P Bodenheimer","Owner","Mal","27500000","250","521126","Building Mat","5","0","1"
"38209","Bi-Lo","heidi.smith@bi-lo.com","1200 W Clemmonsville Rd","7068630975","3367849772","541105","Grocers-Retail","www.bi-lo.com"," Email <---> Revenue ","72499","Bi-Lo","1200 W Clemmonsville Rd","Winston Salem","NC","27127","Forsyth","www.bi-lo.com","3367849772","3367845970","Craig Payne","Manager","Mal","27300000","150","541105","Grocers-Reta","5","0","1"
"160180","Hughes Fire Protection Supply","sprintsales@hughessupply.com","75 Odell School Rd","2053237240","7047844700","506315","Fire Protection Equipment & Supls (Whol)","www.hughessupply.com"," Email <---> Revenue ","313347","Hughes Fire Protection Supply","75 Odell School Rd","Concord","NC","28027","Cabarrus","www.hughessupply.com","7047844700","7047899288","Trent Cable","Manager","Mal","49595000","65","506315","Fire Protect","5","0","1"
"102317","Valdese Manufacturing Co","rsetliff@meridiandyedyarn.com","PO Box 10","8288741555","8288742151","226902","Dyers-Industrial (Manufacturers)","NULL"," Email <---> Revenue ","644072","Valdese Manufacturing Co","312 Colombo St SW","Valdese","NC","28690","Burke","","8288742151","8288741555","Rob Setliff","President","Mal","35250000","250","226902","Dyers-Indust","5","0","1"
"117488","Mack Molding Co","sales.south@mackmolding.com","149 Water Tank Rd","7048789641","7048731966","308901","Mold Makers","www.mack.com"," Email <---> Revenue ","396297","Mack Molding Co","149 Water Tank Rd","Statesville","NC","28677","Iredell","www.mack.com","7048789641","7048731966","Joe Carinci","Plant Mgr","Mal","31160000","190","308901","Plastics-Mol","5","0","1"
"37106","Kaplan Early Learning Co","pknight@kaplanco.com","PO Box 609","3367123102","3367667374","594310","Educational Materials","NULL"," Email <---> Revenue ","354177","Kaplan Early Learning Co","1310 Lewisville Clemmons Rd","Lewisville","NC","27023","Forsyth","www.kaplanco.com","3367667374","3367123102","Hal Kaplan","Owner","Mal","30250000","250","594310","Educational ","5","0","1"
"17497","Tuscarora Yarns Inc","imagine@tuscarorayarns.com","8760 Franklin St E","7044369461","7044366527","228102","Yarn-Spinning Mills","www.tuscarorayarns.com"," Email <---> Revenue ","632850","Tuscarora Yarns Inc","8760 Franklin St E","Mt Pleasant","NC","28124","Cabarrus","www.tuscarorayarns.com","7044366527","7044369461","Martin B Foil Jr","Owner","Mal","39100000","125","228102","Yarn-Spinnin","5","0","1"
"154576","Ametek Rotron Technical Motor","info.webmaster@ametek.com","1210 NC Highway 61","3306773736","3364493400","362102","Electric Motors-Manufacturers","www.ametek.com"," Email <---> Revenue ","33834","Ametek Rotron Technical Motor","1210 NC Highway 61","Whitsett","NC","27377","Guilford","www.ametek.com","3364493400","3364493405","Jim Liddle","Plant Mgr","Mal","33150000","130","362102","Electric Mot","5","0","1"
"188306","York Oil Co","internet@bordercity.com","1314 Old Highway 601 S","3367897067","3367895561","517206","Oils-Fuel (Wholesale)","www.yorkoil.com"," Email <---> Revenue ","682971","York Oil Co","1314 Old Highway 601 S","White Plains","NC","27031","Surry","www.yorkoil.com","3367895561","3367897067","Gary York","CEO","Mal","27900000","20","517206","Oils-Fuel (W","5","0","1"
"183242","Budd Group","it@buddgroup.com","2325 S Stratford Rd","7043341497","3367657690","721704","Carpet & Rug Cleaners","www.buddgroup.com"," Email <---> Revenue ","94104","Budd Group","1000 Ambel Dr","Winston Salem","NC","27103","Forsyth","www.buddgroup.com","3367657690","3367681628","Joseph R Budd","CEO","Mal","35000000","40","734902","Janitor Serv","5","0","1"
"192350","Columbia Beauty Supply Equip","J_Anderson@cbslink.com","8001 Tower Point Dr","7048451405","7048452888","508702","Beauty Salons-Equipment & Supls (Whol)","NULL"," Email <---> Revenue ","152582","Columbia Beauty Supply Equip","8001 Tower Point Dr","Charlotte","NC","28227","Mecklenburg","www.cbslink.com","7048452888","7048451405","J Donald Anderson","President","Mal","25000000","125","508702","Beauty Salon","5","0","1"
"180089","NWL Capacitors","James-Seitz@nwl.com","PO Box 97","2527478979","2527475943","506348","Capacitors (Wholesale)","NULL"," Email <---> Revenue ","440430","NWL Capacitors","204 Carolina Dr","Snow Hill","NC","28580","Greene","","2527475943","2527478979","James Seitz","Owner","Mal","29610000","45","506348","Capacitors (","5","0","1"
"45088","Michael Weinig Inc","jeffd@weinigusa.com","PO Box 3158","7047997400","7047990100","359998","Indstrl/Coml Machinery/Equip Nec (Mfrs)","NULL"," Email <---> Revenue ","419736","Michael Weinig Inc","124 Crosslake Park Dr","Mooresville","NC","28117","Iredell","www.grecondimter.com","7047990100","7047997400","Jeffrey Davidson","President","Mal","31400000","80","359998","Indstrl/Coml","5","0","1"
"97797","CLARCOR Air Filtration Prods","Jeff-Tumin@purolatorair.com","PO Box 1637","2524926672","2524921141","359901","Filters (Manufacturers)","NULL"," Email <---> Revenue ","103288","CLARCOR Air Filtration Prods","880 Facet Rd","Henderson","NC","27536","Vance","www.purolatorair.com","2524921141","2524926672","Jeff Tumin","President","Mal","46740000","380","359901","Filters (Man","5","0","1"
"49453","Monarch Color Corp","Jerry.Woodall@momar.com","5327 Brookshire Blvd","7043944042","7043944626","289301","Inks-Printing & Lithographing (Mfrs)","NULL"," Email <---> Revenue ","427577","Monarch Color Corp","5327 Brookshire Blvd","Charlotte","NC","28216","Mecklenburg","www.monarchcolor.com/","7043944626","7043944042","Greg West","President","Mal","28820000","55","289301","Inks-Printin","5","0","1"
"74097","Omnisolv","RobertSpence@omnisolv.net","1920 Starita Rd # B","7042950007","7042950006","511101","Paper Products (Wholesale)","NULL"," Email <---> Revenue ","462896","Omnisolv","1920 Starita Rd # B","Charlotte","NC","28206","Mecklenburg","www.omnisolv.net","7042950006","7042950007","Robert Spence","Owner","Mal","40797000","27","511101","Paper Produc","5","0","1"
"72122","R L Stowe Mills Inc","wrlstowe.com@rlstowe.com","85 Catawba St","7048256624","7048256636","229998","Textile Goods Nec (Manufacturers)","NULL"," Email <---> Revenue ","509716","R L Stowe Mills Inc","1 Belmont Ave","Belmont","NC","28012","Gaston","","7048256644","7048270229","Stevve Messer","Plant Mgr","Mal","32996000","146","228102","Yarn-Spinnin","5","0","1"
"117511","Meineke Car Care Ctr Inc","web.adminstrator@meineke.com","128 S Tryon St # 9","2812526811","7043778855","753301","Mufflers & Exhaust Systems-Engine","www.meineke.com"," Email <---> Revenue ","415495","Meineke Car Care Ctr Inc","128 S Tryon St # 9","Charlotte","NC","28202","Mecklenburg","www.meineke.com","7043778855","7043584706","Kenneth D Walker","CEO","Mal","34600000","130","753301","Mufflers & E","5","0","1"
"152899","Smith Turf & Irrigation Co","ue@smithturf.com","4355 Golf Acres Dr","7043981428","7043938873","508305","Irrigation Systems & Equipment (Whol)","www.smithturf.com"," Email <---> Revenue ","569484","Smith Turf & Irrigation Co","4355 Golf Acres Dr","Charlotte","NC","28208","Mecklenburg","www.smithturf.com","7043938873","7043981428","Wayne B Smith Jr","President","Mal","28800000","200","508305","Irrigation S","5","0","1"
"150944","Urethane Innovators","ui@urethaneusa.com","403 Industrial Dr","2526372077","2526377110","282202","Urethane & Urethane Products-Mfrs","www.urethaneusa.com"," Email <---> Revenue ","642545","Urethane Innovators","403 Industrial Dr","New Bern","NC","28562","Craven","www.urethaneusa.com","2526377110","2526372077","Robert Liland","Owner","Mal","27600000","30","282202","Urethane & U","5","0","1"
"126114","Max Daetwyler Corp","twillis@daetwyler.com","13420 Reese Blvd W","7048750781","7048751200","509905","Importers","NULL"," Email <---> Revenue ","407876","Max Daetwyler Corp","13420 Reese Blvd W","Huntersville","NC","28078","Mecklenburg","www.daetwyler.com","7048751200","7048750781","Peter Daetwyler","President","Mal","37065000","120","509905","Importers","5","0","1"
"194544","Wilson Trucking Corp","traffic@wilsontrucking.com","811 Chimney Rock Ct","2567745201","3368524440","421309","Trucking-Motor Freight","www.wilsontrucking.com"," Email <---> Revenue ","674300","Wilson Trucking Corp","811 Chimney Rock Ct","Greensboro","NC","27409","Guilford","www.wilsontrucking.com","3368524440","3362995488","Vincent Price","Plant Mgr","Mal","30200000","200","421309","Trucking-Mot","5","0","1"
"103105","Classic Dyestuffs Inc","tina.fowler@classicdye.com","301 Brentwood St","3368415463","3368412346","516936","Dyes & Dyestuffs (Wholesale)","NULL"," Email <---> Revenue ","144445","Classic Dyestuffs Inc","301 Brentwood St","High Point","NC","27260","Guilford","www.classicdye.com","3368412346","3368415463","Jack Humble","President","Mal","36036000","36","516936","Dyes & Dyest","5","0","1"
"148061","Clark Cable Svc","Terry@clarkcableservices.com","PO Box 448","NULL","2527264323","484101","Television-Cable & Catv","NULL"," Email <---> Revenue ","143708","Clark Cable Svc","2400 Highway 24","Newport","NC","28570","Carteret","","2527264323","","Terry Clark","Owner","Mal","25425000","75","484101","Television-C","5","0","1"
"160707","Corrugated Container Corp","tennessee@cccbox.com","301 Thomas Mill Rd","5408699813","9195670800","511318","Boxes-Corrugated & Fiber (Wholesale)","www.cccbox.com"," Email <---> Revenue ","161513","Corrugated Container Corp","301 Thomas Mill Rd","Holly Springs","NC","27540","Wake","www.cccbox.com","9195670800","9195670030","Tim Schwoyer","Manager","Mal","28431000","27","511318","Boxes-Corrug","5","0","1"
"89892","KIMLEY-HORN & ASSOCIATES","steven.read@kimley-horn.com","3001 WESTON PARKWAY","9196772000","null","8999","Services NEC","JKHMOBILITYSERVICES.COM^^KIMLEY-HORN.BIZ"," Email <---> Revenue ","360964","Kimley-Horn & Assoc","3001 Weston Pkwy","Cary","NC","27513","Wake","www.kimley-horn.com","9196772000","9196772050","Bob Wright","CEO","Mal","38000000","200","871111","Engineers-Co","5","0","1"
"10050","Tyco Plastics","steven.anreder@anreder.com","State Road 1419","2129813212","2529779038","308902","Plastics & Plastic Products (Mfrs)","www.penson.com"," Email <---> Revenue ","633789","Tyco Plastics","State Road 1419","Battleboro","NC","27809","Nash","www.tycoplastics.com","2529779038","2529725978","John Glud","Plant Mgr","Mal","37720000","230","308902","Plastics & P","5","0","1"
"189213","Nypro Carolina","staffing@nypro.com","3260 Nova Ln","3037724753","3362271470","308901","Mold Makers","www.nypro.com"," Email <---> Revenue ","458092","Nypro Carolina","3260 Nova Ln","Burlington","NC","27215","Alamance","www.nypro.com","3362271470","3362279625","Kris Neilsen","Manager","Mal","34277000","151","308901","Plastics-Mol","5","0","1"
"183946","Water Ink Technologies Inc","shipping@waterinktech.com","125 Technolgy Dr","7045978950","7047358282","289301","Inks-Printing & Lithographing (Mfrs)","www.waterinktech.com"," Email <---> Revenue ","659257","Water Ink Technologies Inc","125 Technolgy Dr","Lincolnton","NC","28092","Lincoln","www.waterinktech.com","7047358282","7047326333","Michael Hague","Owner","Mal","36680000","70","289301","Inks-Printin","5","0","1"
"195671","Waste Management Inc","sales_alaska@wm.com","3303 N Glenn Ave","7196870447","3367235744","495302","Garbage Collection","www.wm.com"," Email <---> Revenue ","658945","Waste Management Inc","3303 N Glenn Ave","Winston Salem","NC","27105","Forsyth","www.wm.com","3367235744","3367253113","Steve Cobb","Manager","Mal","29475000","225","495302","Garbage Coll","5","0","1"
"96617","Smith & Stevenson","ron.craft@smithandstevenson.com","4935 Chastain Ave","7045270539","7045253388","509908","Manufacturers-Agents & Representatives","NULL"," Email <---> Revenue ","568817","Smith & Stevenson","4935 Chastain Ave","Charlotte","NC","28217","Mecklenburg","www.smithandstevenson.com","7045253388","7045270539","Alan Tingler","President","Mal","37760000","40","509908","Manufacturer","5","0","1"
"121999","Packaging Corp Of America","rich.deaugustinis@packagingcorp.com","114 Dixie Blvd","8285840906","828-584-1511","2653","Corrugated and Solid Fiber Boxes","NULL"," Email <---> Revenue ","469568","Packaging Corp Of America","114 Dixie Blvd","Morganton","NC","28655","Burke","www.packagingcorp.com","8285845100","8285845122","Rich De Augustinis","Manager","Mal","26810000","70","265301","Corrugated &","5","0","1"
"155313","Mobay Sportswear Inc","rKalina@crtpr.com","244 Manor Ave SW","7047842708","7047842704","513609","Sportswear-Wholesale","NULL"," Email <---> Revenue ","426430","Mobay Sportswear Inc","244 Manor Ave SW","Concord","NC","28025","Cabarrus","","7047842704","7047842708","Robert Kalina","Owner","Mal","46860000","60","513609","Sportswear-W","5","0","1"
"86170","Amital Spinning Corp","renee.jones@amital.net","197 Bosch Blvd","2526378043","2526363435","228102","Yarn-Spinning Mills","NULL"," Email <---> Revenue ","33956","Amital Spinning Corp","197 Bosch Blvd","New Bern","NC","28562","Craven","www.amital.net","2526363435","2526378043","Milton Gold","President","Mal","43900000","315","228102","Yarn-Spinnin","5","0","1"
"78371","Eastern Skateboard Supply Inc","RBarnes@easternskatesupply.com","6612 Amsterdam Way","9107910609","9107918240","509157","Skateboards & Equipment-Wholesale","NULL"," Email <---> Revenue ","211194","Eastern Skateboard Supply Inc","6612 Amsterdam Way","Wilmington","NC","28405","New Hanover","www.easternskateboardsupply.com","9107918240","9107910609","Reggie Barnes","Owner","Mal","33500000","50","509157","Skateboards ","5","0","1"
"130638","Interroll Corp","randy.reeves@interroll.com","3000 Corporate Dr","9103923822","9107991100","353501","Conveyors & Conveying Equipment-Mfrs","NULL"," Email <---> Revenue ","323105","Interroll Corp","3000 Corporate Dr","Wilmington","NC","28405","New Hanover","www.interroll.com","9107991100","9103923822","Thorsten Wartemann","CEO","Mal","34000000","200","509901","Exporters","5","0","1"
"32053","Athol Manufacturing Corp","plyon@atholcorp.com","PO Box 105","9195759344","9195750060","229598","Coated Fabrics-Not Rubberized (Mfrs)","NULL"," Email <---> Revenue ","47066","Athol Manufacturing Corp","100 22nd St","Butner","NC","27509","Granville","","9195750060","9195759344","Tom Carstens","President","Mal","29000000","220","229598","Coated Fabri","5","0","1"
"81156","Piedmont Plastic Inc","plastics@piedmontplastics.com","5010 W Wt Harris Blvd","8644563488","7045978200","516202","Plastics-Products-Finished-Wholesale","www.piedmontplastics.com"," Email <---> Revenue ","486657","Piedmont Plastic Inc","5010 W Wt Harris Blvd","Charlotte","NC","28269","Mecklenburg","www.piedmontplastics.com","7045978200","7045987912","Henry Booth","Owner","Mal","40000000","75","516202","Plastics-Pro","5","0","1"
"25384","American Tire Distributors","online_support@atd-us.com","4301 Wilkinson Blvd","8032522611","7043775907","501401","Tire-Distributors","www.heafnet.com"," Email <---> Revenue ","33324","American Tire Distributors","4301 Wilkinson Blvd","Charlotte","NC","28208","Mecklenburg","www.americantiredistributors.com","7043775907","7043997822","David Creech","Manager","Mal","45850000","50","501401","Tire-Distrib","5","0","1"
"123831","Clayton Homes","nico@jetonic.com","3212 Knotts Grove Rd","2707692597","9196932225","245101","Mobile Homes-Manufacturers","www.clayton.net"," Email <---> Revenue ","145337","Clayton Homes","3212 Knotts Grove Rd","Oxford","NC","27565","Granville","www.clayton.net","9196932225","9196934107","Leroy Schoonover","Plant Mgr","Mal","37740000","185","245101","Mobile Homes","5","0","1"
"26309","Field Controls LLC","nail@fieldcontrols.com","2630 Airport Rd","2525220214","2525223031","382205","Dampers (Manufacturers)","NULL"," Email <---> Revenue ","237672","Field Controls LLC","2630 Airport Rd","Kinston","NC","28504","Lenoir","www.fieldcontrols.com","2525223031","2525220214","Patrick Holleran","President","Mal","27200000","100","382205","Dampers (Man","5","0","1"
"185514","Clientlogic","nashvillejobs@clientlogic.com","1636 Hendersonville Rd # 16","6623208601","8282774900","738912","Telemarketing Services","www.clientlogic.com"," Email <---> Revenue ","146766","Clientlogic","1636 Hendersonville Rd # 16","Asheville","NC","28803","Buncombe","www.clientlogic.com","8282774900","","Betty Cutting","Manager","Fem","47000000","500","738912","Telemarketin","5","0","1"
"112679","Steelfab Inc","mspencer@steelfab-inc.com","8623 Old Dowd Rd","4343480106","7043945376","344106","Steel-Structural (Manufacturers)","www.steelfab-inc.com"," Email <---> Revenue ","587744","Steelfab Inc","8623 Old Dowd Rd","Charlotte","NC","28214","Mecklenburg","www.steelfab-inc.com","7043945376","7043931400","Don Sherrill","President","Mal","36000000","175","344106","Steel-Struct","5","0","1"
"36602","WNCT-TV Television Station","mshirley@wnct.com","3221 S Evans St","2523558500","2523558568","483301","Television Stations & Broadcasting CO","www.wnct.com"," Email <---> Revenue ","652881","WNCT","3221 S Evans St","Greenville","NC","27834","Pitt","www.wnct.com","2523558500","2523558568","Vickie Jones","Manager","Fem","32240000","80","483301","Television S","5","0","1"
"14513","Lear Seigler Svc Inc","lsi@urscorp.com","Bldg 2-2404","4102663581","9104362680","458104","Aircraft Servicing & Maintenance","www.learinc.com"," Email <---> Revenue ","376046","Lear Seigler Svc Inc","Bldg 2-2404","Fort Bragg","NC","28310","Cumberland","www.learinc.com","9104362680","9104362680","Nathan Brown","Manager","Mal","33431000","331","458104","Aircraft Ser","5","0","1"
"168923","Steele Rubber Products Inc","magosta@steelerubber.com","1601 E NC Highway 150","7044836650","7044839343","509905","Importers","NULL"," Email <---> Revenue ","587727","Steele Rubber Products Inc","1601 E NC Highway 150","Denver","NC","28037","Lincoln","www.steelerubber.com","7044839343","7044836650","Matt Agosta","President","Mal","42480000","45","509905","Importers","5","0","1"
"156581","Veneer Technologies Inc","Linda.Muff@veneertech.com","PO Box 1145","2522233511","2522235600","521112","Plywood & Veneers","NULL"," Email <---> Revenue ","645995","Veneer Technologies Inc","3337 W Railroad Blvd","Newport","NC","28570","Carteret","www.veneertech.net","2522235600","2522233511","C Waygoldt","Owner","Mal","25800000","100","521112","Plywood & Ve","5","0","1"
"194620","Mc Naughton Mc Kay Electric","lloydj@mc-mc.com","1000 Newman Rd","2526334529","2526334929","506330","Electric Equipment & Supplies-Wholesale","www.mc-mc.com"," Email <---> Revenue ","411100","Mc Naughton Mc Kay Electric","1000 Newman Rd","New Bern","NC","28562","Craven","www.mc-mc.com","2526334929","2526334529","Greg Littleton","Manager","Mal","25000000","28","506330","Electric Equ","5","0","1"
"180010","Funder America Inc","lhockenberry@funderamerica.com","PO Box 729","3367515623","3367513501","399903","Manufacturers","NULL"," Email <---> Revenue ","255685","Funder America Inc","200 Funder Dr","Mocksville","NC","27028","Davie","","3367513501","3367515623","Peter Funder","President","Mal","26200000","200","399903","Manufacturer","5","0","1"
"129750","Dixon Marketing Inc","ldixon@dixonmkt.com","301 Darby Ave","2525273967","2525222029","514102","Food Brokers","NULL"," Email <---> Revenue ","195112","Dixon Marketing Inc","301 Darby Ave","Kinston","NC","28501","Lenoir","","2525222029","2525273967","Laura Dixon","CEO","Fem","45480000","40","514102","Food Brokers","5","0","1"
"93751","IFCO Systems","Larry.Stephens@ifcosystems.com","2810 W Trade St","7043925486","704-392-5386","3412","Metal Shipping Barrels","Drums"," Email <---> Revenue ","317003","Ifco Systems","4101 S Interstate 85 Service","Charlotte","NC","28208","Mecklenburg","www.ifcosystems.com","7043912227","","Brad Blackburn","Manager","Mal","35300000","50","503105","Pallets & Sk","5","0","1"
"162577","Men's Club Of Charlotte","lace@mensclub.com","444 Tyvola Rd","7045258575","7045258575","792227","Entertainers","www.mensclub.com"," Email <---> Revenue ","416251","Men's Club Of Charlotte","444 Tyvola Rd","Charlotte","NC","28217","Mecklenburg","www.mensclub.com","7045258525","7045258575","Ryan Register","Manager","Mal","25000000","100","792227","Entertainers","5","0","1"
"188758","Emerson Network Power","kevin.hankins@marconi.com","325 Welcome Center Blvd","7032454600","3367315000","179104","Metal Fabricators","www.marconi.com"," Email <---> Revenue ","220722","Emerson Network Power","325 Welcome Center Blvd","Welcome","NC","27374","Davidson","www.marconi.com","3367315000","3367315150","Steve Crisler","Plant Mgr","Mal","47040000","320","179104","Metal Fabric","5","0","1"
"151187","Asheboro Paper & Packaging Inc","jogrady@asheboropaper.com","4441 N Fayetteville St","NULL","3366830200","511308","Packaging Materials-Wholesale","NULL"," Email <---> Revenue ","44710","Asheboro Paper & Packaging Inc","4441 N Fayetteville St","Asheboro","NC","27203","Randolph","www.asheboropaper.com","3366830200","","Joanne O'Grady","Owner","Fem","25272000","24","511308","Packaging Ma","5","0","1"
"132681","INC Research Inc","jOgle@incresearch.com","4700 Falls Of Neuse Rd # 400","9198769360","9198769300","384104","Physicians & Surgeons Equip & Supls-Mfrs","NULL"," Email <---> Revenue ","316229","INC Research Inc","4700 Falls Of Neuse Rd # 400","Raleigh","NC","27609","Wake","www.incresearch.com","9198769300","9198769360","Jim Ogle","CEO","Mal","48300000","150","384104","Physicians &","5","0","1"
"160593","Greenwood Motor Lines Inc","jobopps@rlcarriers.com","175 Pine Ridge Rd","3165298909","7048554211","421309","Trucking-Motor Freight","www.gorlc.com"," Email <---> Revenue ","277837","Greenwood Motor Lines Inc","175 Pine Ridge Rd","China Grove","NC","28023","Rowan","www.gorlc.com","7048554211","7048554226","Steve Ford","Manager","Mal","27180000","180","421309","Trucking-Mot","5","0","1"
"72858","Garland C Norris Co","jimmy@gcnorris.com","PO Box 28","9193871325","9193871059","262101","Paper-Manufacturers","NULL"," Email <---> Revenue ","260154","Garland C Norris Co","1101 Perry Rd","Apex","NC","27502","Wake","","9193871059","9193871325","James A King Jr","President","Mal","35140000","35","262101","Paper-Manufa","5","0","1"
"99612","Mom N Pops Country Ham","HoustonE@momnpops.net","3445 E Main St","8284593138","8284593126","201104","Meat Products","NULL"," Email <---> Revenue ","427445","Mom N Pops Country Ham","3445 E Main St","Claremont","NC","28610","Catawba","www.momnpops.net","8284593126","8284593138","Eugene Houston","President","Mal","29441000","59","201104","Meat Product","5","0","1"
"187162","Relizon Co","helpdesk@workflowone.com","4001 Performance Rd","9792777748","7043985100","276103","Business Forms & Systems-Manufacturers","www.relizon.com"," Email <---> Revenue ","521813","Relizon Co","4001 Performance Rd","Charlotte","NC","28214","Mecklenburg","www.relizon.com","7043985100","7043985107","Allan Rigdon","Plant Mgr","Mal","30875000","125","276103","Business For","5","0","1"
"48479","K & S Sprinkler Co Inc","glendapen@kssprinkler.com","PO Box 1700","8287546463","8287587331","506315","Fire Protection Equipment & Supls (Whol)","NULL"," Email <---> Revenue ","351509","K & S Sprinkler Co Inc","626 Nuway Cir","Lenoir","NC","28645","Caldwell","www.kssprinkler.com","8287587331","8287546463","J C Knight","Owner","Mal","32900000","50","506315","Fire Protect","5","0","1"
"146804","W E Bailey & Son","George@sweetpotatoes.com","210 Mills St","9106544734","9106545163","514805","Fruits & Vegetables-Growers & Shippers","NULL"," Email <---> Revenue ","651392","W E Bailey & Son","210 Mills St","Chadbourn","NC","28431","Columbus","www.sweetpotatoes.com","9106545163","9106544734","George Wooten","Owner","Mal","49590000","90","514805","Fruits & Veg","5","2","1"
"189576","W M Cramer Lumber Co","gailg@cramerlumber.com","3486 Texs Fish Camp Rd","8283973763","8283977481","521142","Lumber-Retail","www.cramerlumber.com"," Email <---> Revenue ","651740","W M Cramer Lumber Co","3486 Texs Fish Camp Rd","Connellys Spgs","NC","28612","Burke","www.cramerlumber.com","8283977481","8283973763","Wendell M Cramer","President","Mal","31300000","60","521142","Lumber-Retai","5","0","1"
"132904","Excopack","flex.pack@exopack.com","1308 Blair St","8703677436","3364763131","267301","Bags-Plastic (Manufacturers)","www.exopack.com"," Email <---> Revenue ","227537","Excopack","1308 Blair St","Thomasville","NC","27360","Davidson","www.exopack.com","3364763131","3364763042","Dan Jones","Plant Mgr","Mal","43000000","150","267301","Bags-Plastic","5","0","1"
"177583","Arcadis Geraghty & Miller Inc","enyer@arcadis-us.com","4915 Prospectus Dr # F","9186649925","9195444535","871111","Engineers-Consulting","www.arcadis-us.com"," Email <---> Revenue ","41494","Arcadis Geraghty & Miller Inc","4915 Prospectus Dr # F","Durham","NC","27713","Durham","www.arcadis-us.com","9195444535","9195445690","Andy Murphy","VP","Mal","26910000","130","871111","Engineers-Co","5","0","1"
"162760","Alcoa Engineered Products","editor@alcoa.com","6555 Comm Scope Rd","6056682362","8282413301","505128","Aluminum (Wholesale)","www.alcoa.com"," Email <---> Revenue ","22874","Alcoa Engineered Products","6555 Comm Scope Rd","Catawba","NC","28609","Catawba","www.alcoa.com","8282413301","8282414944","Joseph Montaigne","Plant Mgr","Mal","27222000","26","505128","Aluminum (Wh","5","0","1"
"156364","Leonard Buildings","doneal@leonardusa.com","566 Holly Springs Rd","3367897314","336-789-5018","344898","Prefabricated Metal Buildings and Components","NULL"," Email <---> Revenue ","379071","Leonard Buildings","566 Holly Springs Rd","Mt Airy","NC","27030","Surry","","3367895018","3367897314","David O'Neal","CEO","Mal","42200000","200","344898","Prefabricate","5","0","1"
"76050","Inspirational Networks","D-Cerullo@insp.com","9710 Crescent Exec Dr # 500","7045617971","7045259800","483301","Television Stations & Broadcasting CO","NULL"," Email <---> Revenue ","320946","Inspirational Networks","9710 Crescent Exec Dr # 500","Charlotte","NC","28217","Mecklenburg","www.insp.com","7045259800","7045617971","David Cerullo","President","Mal","31600000","100","483301","Television S","5","0","1"
"191194","Plastic Ingenuity","cathy@plasticingenuity.com","113 Certainteed Dr","9196934850","9196932009","267101","Packaging Materials-Manufacturers","www.plasticingenuity.com"," Email <---> Revenue ","491070","Plastic Ingenuity","113 Certainteed Dr","Oxford","NC","27565","Granville","www.plasticingenuity.com","9196932009","9196934850","Charlie Polichnowski","Plant Mgr","Mal","31900000","100","267101","Packaging Ma","5","0","1"
"197400","Americap","Carl@americap.net","276 Daniels Bridge Rd","2524452670","2524452388","519917","Advertising-Specialties (Wholesale)","NULL"," Email <---> Revenue ","33500","Americap","276 Daniels Bridge Rd","Enfield","NC","27823","Halifax","www.americap.net","2524452388","2524452670","Carl Qualls","Owner","Mal","28720000","40","519917","Advertising-","5","0","1"
"102269","Darryl Burke Chevrolet Pontiac","Burke@pawpaw.com","PO Box 39","9195522579","9195524944","551103","Automobile Dealers-Used Cars","NULL"," Email <---> Revenue ","180890","Darryl Burke Chevrolet Pontiac","3100 N Main St","Fuquay Varina","NC","27526","Wake","www.pawpaw.com","9195524944","9195522579","Linda Burke","Owner","Fem","25880000","40","551103","Automobile D","5","1","1"
"188015","Veneer Technologies; Inc","bmorgan@veneertech.com","P.O. Box 1145","2522235600","null","8999","Services NEC","VENEERTECH.COM^^VENEERTECH.NET"," Email <---> Revenue ","645995","Veneer Technologies Inc","3337 W Railroad Blvd","Newport","NC","28570","Carteret","www.veneertech.net","2522235600","2522233511","C Waygoldt","Owner","Mal","25800000","100","521112","Plywood & Ve","5","0","1"
"44742","Handcrafted Homes","BillM@handcraftedhomes.com","101 Eastern Minerals Rd","2524306662","2524360001","521156","Modular Homes-Dealers","NULL"," Email <---> Revenue ","287546","Handcrafted Homes","101 Eastern Minerals Rd","Henderson","NC","27537","Vance","","2524360001","2524306662","Harry Hunt","CEO","Mal","45150000","175","521156","Modular Home","5","0","1"
"12182","R R Donnelley Financial","Bill.Davis@rrdonnelley.com","9410 D Ducks Ln # D","7045835986","704-588-9900","2752","Commercial Printing","Lithographic (except quick printing)"," Email <---> Revenue ","509922","R R Donnelley Financial","9410 D Ducks Ln # D","Charlotte","NC","28273","Mecklenburg","","7045889900","7045835986","","","","30400000","200","275202","Printers","5","0","1"
"187177","Briggs Equipment","beinfo26@briggsequipment.com","7205 Statesville Rd","9106759166","7045966850","508206","Contractors-Equip/Supls-Dlrs/Svc (Whol)","www.briggsequipment.com"," Email <---> Revenue ","89085","Briggs Equipment","7205 Statesville Rd","Charlotte","NC","28269","Mecklenburg","www.briggsequipment.com","7045966850","7045968092","Scott Mc Guigan","Manager","Mal","40750000","50","508206","Contractors-","5","0","1"
"109161","Midstate Mills Inc","bDrum@midstatemills.com","PO Box 350","8284655139","8284641611","204102","Milling","NULL"," Email <---> Revenue ","421280","Midstate Mills Inc","11 N Brady Ave","Newton","NC","28658","Catawba","www.midstatemills.com","8284641611","8284655139","Boyd H Drum","President","Mal","36000000","140","204102","Milling","5","0","1"
"188313","WECT-TV","bbonner@wect.com","322 Shipyard Blvd","9103506790","9107918070","483301","Television Stations & Broadcasting CO","www.wect.com"," Email <---> Revenue ","652471","WECT-TV","322 Shipyard Blvd","Wilmington","NC","28412","New Hanover","www.wect.com","9107918070","9103506790","John Shine","Manager","Mal","28440000","90","483301","Television S","5","0","1"
"144510","UNX Inc","armstrong@unxinc.com","707 E Arlington Blvd","2527562764","2527568616","284101","Soaps & Detergents-Manufacturers","www.unxinc.com"," Email <---> Revenue ","635328","UNX Inc","707 E Arlington Blvd","Greenville","NC","27858","Pitt","www.unxinc.com","2527568616","2527562764","Robert J Stell","Owner","Mal","26390000","35","284101","Soaps & Dete","5","0","1"
"27717","Comer Inc","aperry@comerinc.com","PO Box 410305","7045882222","7045888400","356601","Gears & Gear Cutting (Manufacturers)","NULL"," Email <---> Revenue ","153027","Comer Inc","PO Box 410305","Charlotte","NC","28241","Mecklenburg","www.comerinc.com","7045877508","7045882222","Arlind Perry","President","","36000000","28","356601","Gears & Gear","5","0","1"
"173057","Brady Distributing Co","arcadesales@bradydist.com","2708 Yorkmont Rd","4078721667","7043576284","509920","Amusement Devices-Wholesale","www.bradydist.com"," Email <---> Revenue ","86133","Brady Distributing Co","2708 Yorkmont Rd","Charlotte","NC","28208","Mecklenburg","www.bradydist.com","7043576284","7043571243","Jon P Brady","Owner","Mal","47200000","75","509920","Amusement De","5","0","1"
"161816","Owens-Corning Inc","answers@answers.owenscorning.com","2651 Penny Rd","4046999520","8284592200","308902","Plastics & Plastic Products (Mfrs)","www.owenscorning.com"," Email <---> Revenue ","467270","Owens-Corning Inc","2651 Penny Rd","Claremont","NC","28610","Catawba","www.owenscorning.com","8284592200","8284591109","Paul Borders","Plant Mgr","Mal","41000000","250","308902","Plastics & P","5","0","1"
"98698","West Pharmaceutical","alagu.subbu@westpharma.com","1028 Enterprise Blvd","2525222626","2525222626","308916","Pharmaceutical Cntnrs Equip/Supls (Mfrs)","www.westpharma.com"," Email <---> Revenue ","664970","West Pharmaceutical","1028 Enterprise Blvd","Kinston","NC","28504","Lenoir","www.westpharma.com","2525222626","","Troy Player","Plant Mgr","Mal","27880000","170","308916","Pharmaceutic","5","0","1"
"158203","American Tire Distributors","tireinfo@atd-us.com","1615 Wolfpack Ln # 121","4047689247","9198750050","501401","Tire-Distributors","www.targettire.com"," Email <---> Revenue ","33320","American Tire Distributors","1615 Wolfpack Ln # 121","Raleigh","NC","27609","Wake","www.americantiredistributors.com","9198750050","9198750023","David Peedin","Manager","Mal","29344000","32","501401","Tire-Distrib","5","0","1"
"164949","Metaldyne Corp","suggestions@metaldyne.com","220 Industrial Blvd","2484423930","2527582526","371424","Engines-Supplies-Equipment & Parts-Mfrs","www.metaldyne.com"," Email <---> Revenue ","417780","Metaldyne Corp","220 Industrial Blvd","Greenville","NC","27834","Pitt","www.metaldyne.com","2527582526","2527582538","Mark Gerlach","Plant Mgr","Mal","43014000","134","371424","Engines-Supp","5","0","1"
"81191","Robinson Lumber Co Inc","george@robinsonlumbersales.com","2402 Norwood St SW","8287282906","8287282902","503109","Lumber-Wholesale","NULL"," Email <---> Revenue ","532433","Robinson Lumber Co Inc","2402 Norwood St SW","Lenoir","NC","28645","Caldwell","","8287282902","8287282906","George Robinson","Owner","Mal","25410000","30","503109","Lumber-Whole","5","0","1"
"54977","Mts Systems; Sensors Division","eric.heise@mts.com","3001 Sheldon Drive","9196770100","9196770200","8999","Services NEC","MAGNETOSTRICTION.COM^^MAGNETOSTRICTION.NET^^MAGNETOSTRICTION.ORG^^MTSLEVEL.COM^^MTSMSERIES.COM^^MTSS"," Email <---> Revenue ","395548","MTS Sensors","3001 Sheldon Dr","Cary","NC","27513","Wake","www.mtssensors.com","9196770100","9196770200","Joachim Hellwig","VP","Mal","44880000","165","382398","Industrial M","5","0","1"
"162044","TTC Research","mfoust@telectr.com","1204 Oakland Ave","3365743007","3365743000","873204","Market Research & Analysis","www.telectr.com"," Email <---> Revenue ","604841","TTC Research","1204 Oakland Ave","Greensboro","NC","27403","Guilford","www.telectr.com","3365743000","3365743007","Liz Winter","President","Fem","33750000","250","873204","Market Resea","5","0","1"
"106632","Gallins Vending Co","Mgallins@gallins.com","715 Stadium Dr","3367246320","3362452702","504643","Vending Brokers","NULL"," Email <---> Revenue ","259114","Gallins Vending Co","715 Stadium Dr","Winston Salem","NC","27101","Forsyth","www.gallins.com","3362452702","3367246320","Matthew Gallins","Owner","Mal","39800000","100","504643","Vending Brok","5","0","1"
"195853","Bay State Milling Co","productdevelopment@bsm.com","448 N Main St","6174798910","7046644873","204102","Milling","www.bsm.com"," Email <---> Revenue ","63426","Bay State Milling Co","448 N Main St","Mooresville","NC","28115","Iredell","www.bsm.com","7046644873","7046646284","L A Lovett","Plant Mgr","Mal","32800000","40","204102","Milling","5","0","1"
"180519","Clarkston Consulting","tfinegan@clarkstonconsulting.com","1007 Slater Rd.","9194844450","919-484-4400","737905","Computer Consultants","NULL"," Email <---> Revenue ","144120","Clarkston Consulting","1007 Slater Rd # 400","Durham","NC","27703","Durham","www.clarkstongroup.com","9194844400","9194844450","Tom Finegan","CEO","Mal","40250000","250","737905","Computer Con","5","0","1"
"2061","Captive Aire Syst","Robert.Luddy@floaire.com","112 Wheaton Dr","9195541227","9198822410","344403","Sheet Metal Fabricators","NULL"," Email <---> Revenue ","110637","Captive Aire Syst","112 Wheaton Dr","Youngsville","NC","27596","Franklin","www.floaire.com","9198822410","9195541227","Robert Luddy","Owner","Mal","30000000","300","344403","Sheet Metal ","5","0","1"
"183956","Lowes Foods","manager@lowes.com","11711 Us Highway 70 W","2057594403","9195506740","541105","Grocers-Retail","www.lowes.com"," Email <---> Revenue ","390465","Lowes Foods","11711 Us Highway 70 W","Clayton","NC","27520","Johnston","www.lowesfoods.com","9195506740","9195509571","John Jones","Manager","Mal","27170000","110","541105","Grocers-Reta","5","0","1"
"127253","Philips","scott.alwine@philipsproducts.com","150 Westside Dr","5037691801","8282542353","521107","Windows","www.philipsproducts.com"," Email <---> Revenue ","484198","Philips","150 Westside Dr","Asheville","NC","28806","Buncombe","www.philipsproducts.com","8282542353","8282540937","Dan Dippel","Plant Mgr","Mal","41280000","160","521107","Windows","5","0","1"
"194577","Quintiles Inc","martial.tardy@solvay.com","5927 S Miami Blvd","2483919530","9199412888","873206","Research Service","www.solvay.com"," Email <---> Revenue ","507822","Quintiles Inc","5927 S Miami Blvd","Morrisville","NC","27560","Wake","www.quintiles.com","9199412888","9199416388","","","","45000000","2000","873206","Research Ser","5","0","1"
"128034","Campbell Oil & Gas Co","brianc@campbelloil.net","PO Box 637","9108624344","9108624107","517208","Gas-Liquefied Petro-Bttld/Bulk (Whol)","NULL"," Email <---> Revenue ","107715","Campbell Oil & Gas Co","1106 W Broad St","Elizabethtown","NC","28337","Bladen","www.campbelloil.net","9108624107","9108624344","Brian Campbell","Owner","Mal","39400000","30","517208","Gas-Liquefie","5","0","1"
"196769","Barloworld Handling","brmgr_springdale@handling.barloworld.com","8019 Industrial Village Rd","7063200560","3366682701","508457","Trucks-Industrial (Wholesale)","www.barloworldhandling.com"," Email <---> Revenue ","61025","Barloworld Handling","8019 Industrial Village Rd","Greensboro","NC","27409","Guilford","www.barloworldhandling.com","3366682701","3366683957","Don Welch","President","Mal","27200000","50","508457","Trucks-Indus","5","0","1"
"114421","Carotek Inc","carotek@carotek.com","700 Sam Newell Rd","7048442755","7048474406","509908","Manufacturers-Agents & Representatives","www.carotek.com"," Email <---> Revenue ","120047","Carotek Inc","700 Sam Newell Rd","Matthews","NC","28105","Mecklenburg","www.carotek.com","7048474406","7048442755","Deryl Bell","CEO","Mal","41600000","100","509908","Manufacturer","5","0","1"
"175305","Foamex LP","carpetcushioninfo@foamex.com","18801 Old Statesville Rd","7048920409","7048928081","308601","Plastics-Foam (Manufacturers)","www.foamex.com"," Email <---> Revenue ","245698","Foamex LP","18801 Old Statesville Rd","Cornelius","NC","28031","Mecklenburg","www.foamex.com","7048928081","7048920409","Pete Barr","Plant Mgr","Mal","49552000","163","308601","Plastics-Foa","5","0","1"
