mail id,company,email,address,phone,fax,sic,sic description,web,,revenue id,company,address,city,state,zip,	metro,web,phone,fax,contact,position,gender,sales,# of employee,sic,sic_descrpiton,	,,
"84259","DIY Group Inc","chirst@diygroup.com","2401 W 26th St","7652868024","7652849000","738988","Packaging Service","NULL"," Email <---> Revenue ","56941","DIY GROUP INC","2401 W 26TH ST","MUNCIE","IN","47302","Delaware","","7652849000","","DENNY DURHAM","Chief Executive Office","M","67500000","300","738912","Packaging Sy","6","0","1"
"112341","Robert Weed Plywood Corp","cpalka@robertweedplywood.com","PO Box 487","5748485679","5748484408","249902","Wood Products-Manufacturers","NULL"," Email <---> Revenue ","163928","ROBERT WEED PLYWOOD CORP","705 MAPLE ST","BRISTOL","IN","46507","Elkhart","","5748484408","5748485679","ROBERT WEED","Chief Executive Office","M","83600000","400","503100","Lumber, Plyw","6","0","1"
"184205","Gander Mt Distribution Ctr","cwhiteman@diversdirect.com","700 Council Dr","2187261110","7654829909","509111","Sporting Goods-Wholesale","www.gandermountain.com"," Email <---> Revenue ","307703","Gander Mt Distribution Ctr","700 Council Dr","Lebanon","IN","46052","Boone","www.gandermountain.com","7654829909","7654832420","Tom Howe","Owner","Mal","61500000","100","509111","Sporting Goo","6","0","1"
"162775","ERMCO Inc Communications","DarrellGossett@ermco.com","1625 W Thompson Rd","3177802853","3177808800","599904","Telephone Equipment & Supplies","NULL"," Email <---> Revenue ","287316","ERMCO Inc Communications","1625 W Thompson Rd","Indianapolis","IN","46217","Marion","www.ermco.com","3177808800","3177802853","Darrell Gossett","Owner","Mal","67000000","500","599904","Telephone Eq","6","0","1"
"98671","Frankfort Tower Industries Inc","ddaugherty@rohnnet.com","3595 W State Road 28","7656592722","7656544491","366998","Communications Equipment Nec (Mfrs)","NULL"," Email <---> Revenue ","304345","Frankfort Tower Industries Inc","3595 W State Road 28","Frankfort","IN","46041","Clinton","www.rohnnet.com","7656544491","7656592722","Horace Ward","CEO","Mal","81425000","286","366998","Communicatio","6","0","1"
"189847","Pirod Inc","galvanize@valmont.com","1545 Pidco Dr","9529414249","5749364221","344102","Towers (Manufacturers)","www.valmont.com"," Email <---> Revenue ","404863","Pirod Inc","1545 Pidco Dr","Plymouth","IN","46563","Marshall","www.pirod.com","5749364221","5749366796","Myron C Noble","CEO","Mal","54750000","250","344102","Towers (Manu","6","0","1"
"126951","Homecrest Corp","gtrowbridge@homecrestcab.com","911 Eisenhower Drive S - PO Box 595","2195379003","null","738999","Business Services Nec","GREATBUYCAB.COM^^HOMECRESTCAB.COM^^HOMECRESTCABINETRY.COM"," Email <---> Revenue ","327059","Homecrest Corp","1002 Eisenhower Dr N","Goshen","IN","46526","Elkhart","www.homecrestcab.com","5745359300","5745333667","Doug Connely","President","Mal","65000000","1200","243401","Cabinets-Man","6","0","1"
"181480","Citgo Lubricants","JamesOwen@spencebanks.com","700 N 1st St","8122342658","8122323475","517214","Oils-Lubricating-Wholesale","NULL"," Email <---> Revenue ","260893","Citgo Lubricants","700 N 1st St","Terre Haute","IN","47807","Vigo","www.spencebanks.com","8122323475","8122342658","James Owen","President","Mal","50310000","15","517214","Oils-Lubrica","6","0","1"
"144822","Nyloncraft","Jim@nyloncraft.com","616 W Mckinley Ave","5742553278","5742561521","308902","Plastics & Plastic Products (Mfrs)","NULL"," Email <---> Revenue ","392674","Nyloncraft","616 W Mckinley Ave","Mishawaka","IN","46545","St Joseph","","5742561521","5742553278","Jim Krzyzewski","President","Mal","65600000","400","308902","Plastics & P","6","0","1"
"104990","Equalizer Systems","jnave_equalizer@dayscorp.com","55169 County Road 3","5742666083","5742643437","508520","Hydraulic Equipment & Supplies (Whol)","www.equalizersystems.com"," Email <---> Revenue ","292886","Equalizer Systems","55169 County Road 3","Elkhart","IN","46514","Elkhart","www.equalizersystems.com","5742643437","5742666083","John Woodhull","Owner","Mal","51300000","90","508520","Hydraulic Eq","6","0","1"
"36324","Gaska Tape Inc","jobond@gaska.com","1810 W Lusher Ave","5742934504","5742945431","267298","Coated & Laminated Paper Nec (Mfrs)","www.gaska.com"," Email <---> Revenue ","308723","Gaska Tape Inc","1810 W Lusher Ave","Elkhart","IN","46517","Elkhart","www.gaska.com","5742945431","5742934504","Jack B Smith Jr","President","Mal","62720000","160","267298","Coated & Lam","6","0","1"
"128589","Bentz Transport Products","kbentz@bentz1.com","4532 Allen Martin Dr","2604410202","2604410404","501213","Truck Bodies & Equipment (Wholesale)","NULL"," Email <---> Revenue ","236317","Bentz Transport Products","4532 Allen Martin Dr","Fort Wayne","IN","46806","Allen","www.bentz1.com","2604410404","2604410202","Keith Bentz","Owner","Mal","74000000","20","501213","Truck Bodies","6","0","1"
"151184","Ranger American","Keller@rangeramerican.net","5812 W 74th St","3172950369","3172951577","506324","Burglar Alarm Systems (Wholesale)","NULL"," Email <---> Revenue ","158809","RANGER AMERICAN","5827 W 73RD ST","INDIANAPOLIS","IN","46278","Marion","","3172951577","","JOHN CHAMBERS","President","M","53900000","1210","366900","Comm Eqp Nec","6","0","1"
"113370","Curves For Women","Kris@sandiegocurves.com","375 S College Ave","2198668699","2198668699","799101","Health Clubs Studios & Gymnasiums","NULL"," Email <---> Revenue ","49897","CURVES","375 S COLLEGE AVE","RENSSELAER","IN","47978","Jasper","","2198668699","","KRIS DOBSON","Owner","F","70000000","34861","799100","Physical Fit","6","0","1"
"146669","Home Financial Bancorp","KRosenberger@hfbancorp.com","279 E Morgan St","8128293069","8128292095","671201","Holding Companies (Bank)","NULL"," Email <---> Revenue ","326769","Home Financial Bancorp","279 E Morgan St","Spencer","IN","47460","Owen","www.hfbancorp.com","8128292095","8128293069","Kurt D Rosenberger","CEO","Mal","63426000","82","671201","Holding Comp","6","0","1"
"9445","Pepsi-Cola Warehouse","Kubsch@pepsi.com","PO Box 449","5747225185","5747226207","514937","Beverages (Wholesale)","NULL"," Email <---> Revenue ","402003","Pepsi-Cola Warehouse","1031 N 3rd St","Logansport","IN","46947","Cass","","5747226207","5747225185","Terry Kubsch","President","Mal","63300000","75","514937","Beverages (W","6","0","1"
"36676","Auction Broadcasting Co","marty.mcfarland@auctionbroadcasting.com","1919 S Post Rd","3178627335","3178627325","501204","Automobile Auctions (Wholesale)","NULL"," Email <---> Revenue ","229019","Auction Broadcasting Co","1919 S Post Rd","Indianapolis","IN","46239","Marion","www.auctionbroadcasting.com","3178627325","3178627335","Mike Hockett","Owner","Mal","74000000","20","501204","Automobile A","6","1","1"
"94198","Atlas World Group Inc","rarneson@atlasvanlines.com","1212 Saint George Rd","8124517114","8124242222","421401","Movers","NULL"," Email <---> Revenue ","15172","ATLAS WORLD GROUP INC","1212 SAINT GEORGE RD","EVANSVILLE","IN","47711","Vanderburgh","","8124242222","","JAMES A STAMM","Chief Executive Office","M","61100000","5279","421400","Lcl Trckg Wi","6","0","1"
"117625","F A Wilhelm Construction Co","resumes@fawilhelm.com","3914 Prospect St","3173598346","3173595411","154299","General Contractors-Nonresidential Bldgs","www.fawilhelm.com"," Email <---> Revenue ","295090","F A Wilhelm Construction Co","3914 Prospect St","Indianapolis","IN","46203","Marion","www.fawilhelm.com","3173595411","3173598346","Philip G Kenney","President","Mal","87600000","200","154299","General Cont","6","0","1"
"65304","Flair Interiors Inc","Rob.Swihart@dynamickitchens.com","1010 Eisenhower Dr S","NULL","5745342163","253103","Recreational Vehicle Seating-Mfrs","NULL"," Email <---> Revenue ","301475","Flair Interiors Inc","1010 Eisenhower Dr S","Goshen","IN","46526","Elkhart","www.flairinteriors.com","5745342163","","Keith Swihart","President","Mal","55400000","200","253103","Recreational","6","0","1"
"113925","Benteler Automotive","Rodney.Jackson@benteler.com","910 Eisenhower Drive South","2195338975","219-534-1499","3465","Automotive Stampings","NULL"," Email <---> Revenue ","236254","Benteler Automotive","910 Eisenhower Dr S","Goshen","IN","46526","Elkhart","","5745341499","5745338975","Ed Steinebach","CEO","Mal","72900000","300","346598","Automotive S","6","0","1"
"4479","Ameriqual Foods Inc","rstuckmeyer@ameriqual.com","18200 Highway 41 N","8128670278","8128671444","209903","Food Products & Manufacturers","NULL"," Email <---> Revenue ","223646","Ameriqual Foods Inc","18200 Highway 41 N","Evansville","IN","47725","Vanderburgh","","8128671444","8128670278","Randy Stuckmeyer","President","Mal","61272000","222","209903","Food Product","6","0","1"
"173039","Tom Raper Trailers","rv.rental@tomraper.com","2250 Williamsburg Pike","7659668944","7659668361","556103","Recreational Vehicles","www.tomraper.com"," Email <---> Revenue ","190831","TOM RAPER TRAILERS","2250 WILLIAMSBURG PIKE","RICHMOND","IN","47374","Wayne","","7659668361","","DAVE BANE","Owner","M","56000000","200","556100","Recreational","6","0","1"
"129126","Harter Furniture","swilliams@harter.com","11451 Harter Dr","5748253258","5748255871","252298","Office Furniture-Except Wood (Mfrs)","www.harter.com"," Email <---> Revenue ","86913","HARTER FURNITURE","11451 HARTER DR","MIDDLEBURY","IN","46540","Elkhart","","5748255871","","LES STOLLER","Operations Manager","M","74600000","588","344600","Architectura","6","0","1"
"95605","Discount Labels Inc","taxinfo@discountlabels.com","4115 Profit Ct","8129493578","8129452617","267201","Labels-Paper (Manufacturers)","www.discountlabels.com"," Email <---> Revenue ","282037","Discount Labels Inc","4115 Profit Ct","New Albany","IN","47150","Floyd","www.discountlabels.com","8129452617","8129493578","Allen Conway","President","Mal","65000000","0","267201","Labels-Paper","6","0","1"
"182972","Fastsigns","tom.sloma@fastsigns.com","917 W McKinley Avenue","5742540545","2192540535","152106","Designers","fastsigns.com"," Email <---> Revenue ","69050","FASTSIGNS INTERNATIONAL","917 W MCKINLEY AVE","MISHAWAKA","IN","46545","St. Joseph","","5742540545","","","Unknown","","50200000","16144","275200","Litho,Coml P","6","0","1"
"73667","White Feather Farms Inc","veri@sbcdslstore.com","800 W 17th St","6148702448","7652886636","514101","Food Products (Wholesale)","www.ameritech.net"," Email <---> Revenue ","475682","White Feather Farms Inc","800 W 17th St","Muncie","IN","47302","Delaware","www.ameritech.net","7652886636","7657411827","Chris Carr","President","Mal","51165000","45","514101","Food Product","6","0","1"
"127211","Atwood Mobile Products","watson.s@atwoodmobile.com","PO Box 4326","5742622194","5742644144","556101","Recreational Vehicles-Equip/Parts/Svc","NULL"," Email <---> Revenue ","15314","ATWOOD MOBILE PRODUCTS","1120 N MAIN ST","ELKHART","IN","46514","","","2604632116","","BRIAN GOETHEL","Manager","M","89600000","1682","556100","Recreational","6","0","1"
"66595","Braun Corp","williamr@braunlift.com","PO Box 310","5749467935","5749466153","379998","Transportation Equipment Nec (Mfrs)","NULL"," Email <---> Revenue ","25950","BRAUN CORP","631 W 11TH ST","WINAMAC","IN","46996","","","5749466153","5749467935","WILLIAM ROTH","President","M","60900000","700","379900","Transportati","6","0","1"
"97931","Eagle Products Inc","bteuber@eaglepack.com","1025 W 11th St","5742590730","5742597834","204701","Dog & Cat Food (Manufacturers)","www.eaglepack.com"," Email <---> Revenue ","287575","Eagle Products Inc","1025 W 11th St","Mishawaka","IN","46544","St Joseph","www.eaglepack.com","5742597834","5742590730","James Cocquyt Sr","President","Mal","68970000","150","204701","Dog & Cat Fo","6","0","1"
