mail id,company,email,address,phone,fax,sic,sic description,web,,revenue id,company,address,city,state,zip,	metro,web,phone,fax,contact,position,gender,sales,# of employee,sic,sic_descrpiton,	,,
"128377","Wagner Seed & Fertilizer","Wagner@wagnerseed.com","10677 Old Boonville Hwy","8129253941","8129257414","519114","Fertilizers (Wholesale)","NULL"," Email <---> Revenue ","470384","Wagner Seed & Fertilizer","10677 Old Boonville Hwy","Chandler","IN","47610","Warrick","www.wagnerseed.com","8129257414","8129253941","Jeff Wagner","Owner","Mal","36575000","55","519114","Fertilizers ","5","0","1"
"181640","Rhoades Beverage Co","lrhoades@rhoadesbeverage.com","3919 Clarks Creek Rd","3178383583","3178392504","518101","Beer & Ale-Wholesale","www.rhoadesbeverage.com"," Email <---> Revenue ","418700","Rhoades Beverage Co","3919 Clarks Creek Rd","Plainfield","IN","46168","Hendricks","www.rhoadesbeverage.com","3178392504","3178383583","Lance Rhoades","Owner","Mal","25000000","18","518101","Beer & Ale-W","5","0","1"
"91458","Deltaurora LLC","wbarrott@auroracasket.com","PO Box 29","8129264441","8129261111","399598","Burial Caskets (Manufacturers)","NULL"," Email <---> Revenue ","54874","DELTAURORA LLC","10944 MARSH RD","AURORA","IN","47001","Dearborn","","8129261111","8129264441","WILLIAM E BARROTT III","Chief Executive Office","M","33200000","400","399500","Burial Caske","5","0","1"
"131525","Composites One LLC","washdc@compositesone.com","2359 E Kercher Rd","5745330591","5745336247","282101","Plastics-Raw Mtrls/Powder/Resin-Mfrs","www.compositesone.com"," Email <---> Revenue ","265833","Composites One LLC","2359 E Kercher Rd","Goshen","IN","46526","Elkhart","www.compositesone.com","5745330591","5745336247","Tambi Jones","Manager","Fem","33425000","35","282101","Plastics-Raw","5","0","1"
"20722","Admetco Inc","Wanda.Schnabel@admetco.com","2531 Taylor St","2604327498","2604327300","509313","Scrap Metals & Iron (Wholesale)","NULL"," Email <---> Revenue ","216677","Admetco Inc","2531 Taylor St","Fort Wayne","IN","46802","Allen","www.admetco.com","2604327300","2604327498","Larry Adelman","President","Mal","32925000","75","509313","Scrap Metals","5","0","1"
"150942","Mid-State Chemical & Supply","vrojas@midstatechem.com","2100 Greenbriar Ln","3179248553","3179251407","289905","Chemicals-Manufacturers","www.midstatechem.com"," Email <---> Revenue ","378206","Mid-State Chemical & Supply","2100 Greenbriar Ln","Indianapolis","IN","46218","Marion","www.midstatechem.com","3179251407","3179248553","Paul Bosler Jr","President","Mal","25620000","70","289905","Chemicals-Ma","5","0","1"
"186612","Dicksons Inc","tneabel@lawson-falle.com","709 B Ave E","8125221319","8125221308","599921","Religious Goods","www.dicksonsgifts.com"," Email <---> Revenue ","56159","DICKSONS INC","709 B AVE E","SEYMOUR","IN","47274","Jackson","","8125221308","8125221319","JAMES M POTTS","President","M","35000000","200","599900","Misc Retail ","5","0","1"
"157688","Utility Peterbilt","SteveR@utility-peterbilt.com","4255 S Harding St","3177802889","3177880299","551105","Truck-Dealers","NULL"," Email <---> Revenue ","465780","Utility Peterbilt","4255 S Harding St","Indianapolis","IN","46217","Marion","www.utility-peterbilt.com","3177880299","3177802889","Steve Riddle","Owner","Mal","25000000","80","551105","Truck-Dealer","5","2","1"
"30137","Marketplace Of Canterbury","Stan@pieres.com","5675 Saint Joe Rd","2604866066","2604850405","651201","Shopping Centers & Malls","NULL"," Email <---> Revenue ","123406","MARKETPLACE OF CANTERBURY","5675 SAINT JOE RD","FORT WAYNE","IN","46835","Allen","","2604850405","","STAN LIDDELL","President","M","26300000","175","651202","Shoppng Ctr ","5","0","1"
"122514","Netnitco Long Distance","R_Mussman@netnitco.com","PO Box 67","2199962210","2199965664","481306","Long Distance Telephone Service","NULL"," Email <---> Revenue ","387952","Netnitco Long Distance","205 N Washington St","Hebron","IN","46341","Porter","www.netnitco.com","2199965664","2199962210","Rhys Mussman","Owner","Mal","33300000","100","481306","Long Distanc","5","0","1"
"189045","Action Steel","rsheppard@actionsteel.com","8301 E 33rd St","3178977283","3178977283","505106","Steel","www.actionsteel.com"," Email <---> Revenue ","4512","ACTION STEEL","8301 E 33RD ST","INDIANAPOLIS","IN","46226","Marion","","3178977283","","ROGER SHEPHARD","Chief Executive Office","M","29300000","130","505102","Iron,Steel,F","5","0","1"
"181879","Conforma Clad","Rick.Horan@conformaclad.com","501 Park East Blvd","8129456662","812-948-2118","3479","Coating","Engraving"," Email <---> Revenue ","266465","Conforma Clad","501 Park East Blvd","New Albany","IN","47150","Floyd","www.conformaclad.com","8129482118","8129456662","Mike Harlan","President","Mal","28200000","100","339904","Primary Meta","5","0","1"
"41649","Joachim Machinery Co","roger.paulson@joachim-machinery.com","4627 Independence Sq","3177844542","3177881501","354107","Machine Tools-Manufacturers","NULL"," Email <---> Revenue ","343777","Joachim Machinery Co","4627 Independence Sq","Indianapolis","IN","46203","Marion","www.joachim-machinery.com","3177881501","3177844542","Roger Paulson","President","Mal","25000000","40","354107","Machine Tool","5","0","1"
"104519","Moody's KMV","resourcecenter@mkmv.com","130 S Main St","5744725700","5744725700","628205","Financial Planning Consultants","www.moodyskmv.com"," Email <---> Revenue ","382387","Moody's KMV","130 S Main St","South Bend","IN","46601","St Joseph","www.moodyskmv.com","5744725700","5742457670","Arnie Noe","Manager","Mal","31125000","75","628205","Financial Pl","5","0","1"
"131108","BSA Design","rboyd@bsadesign.com","9365 Counselors Row Suite 300","3178197878","3178197288","152106","Designers","BLACKBURN-BSA.COM;BLACKBURN-BSA.NET;BLACKBURN-BSA.ORG;BSA-DESIGN.COM;DOCUNETONLINE.COM"," Email <---> Revenue ","27937","BSA LIFE STRUCTURES","9365 COUNSELORS ROW","INDIANAPOLIS","IN","46240","Marion","","3178197878","","MONTE HOOVER","Chief Executive Office","M","27800000","250","871200","Architectura","5","0","1"
"173290","Inland Paperboard & Packaging","ps3@ahcrllc.com","2135 Stout Field East Dr","3173903395","3173903300","265301","Corrugated & Solid Fiber Boxes (Mfrs)","www.inlandonline.com"," Email <---> Revenue ","334891","Inland Paperboard & Packaging","2135 Stout Field East Dr","Indianapolis","IN","46241","Marion","www.inlandonline.com","3173903300","3173903395","Al Drew","Manager","Mal","26180000","179","265301","Corrugated &","5","0","1"
"166320","Thunderbird Products","Porter@thunderbirdproducts.com","PO Box 1003","2607241133","2607249111","373201","Boats-Manufacturers","NULL"," Email <---> Revenue ","189419","THUNDERBIRD PRODUCTS","2200 W MONROE ST","DECATUR","IN","46733","Adams","","2607249111","2607241133","DAVE KOCHANSKI","Chief Executive Office","M","46900000","642","373200","Boat Bld, Re","5","0","1"
"162874","Shelter Distribution","Paul@ineedanewroof.com","602 W Mccarty St","3176553640","3176349031","503303","Roofing Materials-Wholesale","NULL"," Email <---> Revenue ","433051","Shelter Distribution","602 W Mccarty St","Indianapolis","IN","46225","Marion","www.ineedanewroof.com","3176349031","3176553640","Paul Hefky","President","Mal","47400000","20","503303","Roofing Mate","5","0","1"
"117257","Expanets","P-Dipaola@expanets.com","2833 S Calhoun St","2604585414","2604585400","482206","Video Conferencing","NULL"," Email <---> Revenue ","294599","Expanets","2833 S Calhoun St","Fort Wayne","IN","46807","Allen","www.expanets.com","2604585400","2604585414","Pete Dipaola","CEO","Mal","31000000","65","482206","Video Confer","5","0","1"
"157947","Austin Tri-Hawk Automotive","Newman@tri-hawk.com","PO Box 40","8127940064","8127940062","346904","Metal Stamping (Manufacturers)","NULL"," Email <---> Revenue ","229357","Austin Tri-Hawk Automotive","2001 W Just Industrial Way","Austin","IN","47102","Scott","","8127940062","8127940064","John Newman","President","Mal","31140000","180","346904","Metal Stampi","5","0","1"
"163435","Klein Consulting","newsmgr@nbc33.com","2633 W State Blvd","2604227474","2604229648","8999","Services NEC","www.nbc33.com"," Email <---> Revenue ","469813","WISE","2633 W State Blvd","Fort Wayne","IN","46808","Allen","","2604227474","2604227702","John Dawson","Manager","Mal","25280000","80","483301","Television S","5","0","1"
"112394","West Point Stevens","names@internationalnamesltd.com","8984 W State Road 236","2627868880","7653543000","239202","Pillows-Manufacturers","www.resurrection-lutheran.org"," Email <---> Revenue ","474609","West Point Stevens","8984 W State Road 236","Middletown","IN","47356","Henry","www.lmiforcomfort.com","7653543000","7653543003","Duane Taylor","Plant Mgr","Mal","30940000","170","239202","Pillows-Manu","5","0","1"
"185695","Cameo Marble","mshoultz@cameomarble.com","540 Central Ct","8129445236","8129445055","503201","Marble-Cultured (Wholesale)","www.cameomarble.com"," Email <---> Revenue ","30947","CAMEO MARBLE","540 CENTRAL CT","NEW ALBANY","IN","47150","Floyd","","8129445055","","MICHELE ADAMS","Vice-President","F","30000000","150","503200","Brick,Stone,","5","0","1"
"100991","Hansen Corp","mrhode@hansen-motor.com","901 S 1st St","8123853013","8123853000","362198","Motor & Generator-Manufacturers","www.hansen-motor.com"," Email <---> Revenue ","86016","HANSEN CORP","901 S 1ST ST","PRINCETON","IN","47670","Gibson","","8123853415","","WILLIAM K POYNER","Chief Executive Office","M","25100000","440","362100","Motors & Gen","5","0","1"
"194625","Wiley Metal Fabricating Inc","mikeadkins@wileymetal.com","816 W 34th St","7656742025","7656749707","339904","Metal Specialties-Manufacturers","www.wileymetal.com"," Email <---> Revenue ","476650","Wiley Metal Fabricating Inc","816 W 34th St","Marion","IN","46953","Grant","www.wileymetal.com","7656749707","7656742025","Joe Mcphearson","Plant Mgr","Mal","39480000","140","339904","Primary Meta","5","0","1"
"104360","Tynan Equipment Co","michael.tynan@tynaneq.com","5926 Stockberger Pl","3172476843","3172478474","508457","Trucks-Industrial (Wholesale)","NULL"," Email <---> Revenue ","461638","Tynan Equipment Co","5926 Stockberger Pl","Indianapolis","IN","46241","Marion","","3172478474","3172476843","Mike Tynan","President","Mal","32640000","60","508457","Trucks-Indus","5","0","1"
"135247","Miller Building Systems Inc","mbsi-info@mbsionline.com","58120 County Road 3","7176566271","5742951214","245202","Buildings-Pre-Cut Prefab & Modlr-Mfrs","www.mbsionline.com"," Email <---> Revenue ","131211","MILLER BUILDING SYSTEMS INC","58120 COUNTY ROAD 3","ELKHART","IN","46517","Elkhart","","5742951214","5742952232","RICK J BEDELL","Chief Executive Office","M","35200000","400","245200","Prefab Wood ","5","0","1"
"49907","Happico","Maeni.Toshio@happico.com","PO Box 157","7656532099","7656532000","239698","Automotive Trimming/Apprl Findings (Mfr)","NULL"," Email <---> Revenue ","319760","Happico","2200 E State Road 240","Greencastle","IN","46135","Putnam","","7656532000","7656532099","Toshio Maeni","President","Mal","46800000","300","239698","Automotive T","5","0","1"
"95077","Pk USA Inc","m.shimada@pkusa.com","600 Northridge Dr","3173980420","3173986909","346598","Automotive Stampings (Manufacturers)","NULL"," Email <---> Revenue ","151284","PK USA INC","600 NORTHRIDGE DR","SHELBYVILLE","IN","46176","Shelby","","3173986909","","EIJI UMABAYASHI","President","M","34100000","550","346500","Auto Stampin","5","0","1"
"43911","Flint & Walling Industries Inc","lradcliffe@flintandwalling.com","95 N Oak St","2603476662","2603471600","356198","Pumps & Pumping Equipment (Mfrs)","www.flintandwalling.com"," Email <---> Revenue ","301728","Flint & Walling Industries Inc","95 N Oak St","Kendallville","IN","46755","Noble","www.flintandwalling.com","2603471600","2603476662","Ralph Noll","President","Mal","35000000","200","356198","Pumps & Pump","5","0","1"
"118167","Leveelift Inc","lproedel@leveelift.com","922 Division St","2708988667","8124258164","508457","Trucks-Industrial (Wholesale)","www.leveelift.com"," Email <---> Revenue ","116040","LEVEELIFT INC","922 E DIVISION ST","EVANSVILLE","IN","47711","Vanderburgh","","8124258164","","DAVID E LAMBERT","President","M","28100000","2153","508408","Mats Handlin","5","0","1"
"53230","General Products","KyroJerry@generalproducts.com","1411 Wohlert St","NULL","2606658441","346201","Forgings (Manufacturers)","NULL"," Email <---> Revenue ","309460","General Products","1411 Wohlert St","Angola","IN","46703","Steuben","","2606658441","","Jerry Kyro","CEO","Mal","36450000","150","346201","Forgings (Ma","5","0","1"
"177440","Capitol Drilling Supplies Inc","kogden@capitoldrilling.com","5440 Rock Hampton Ct","3178722077","3178757601","506316","Generators-Electric (Wholesale)","www.capitoldrilling.com"," Email <---> Revenue ","251286","Capitol Drilling Supplies Inc","5440 Rock Hampton Ct","Indianapolis","IN","46268","Marion","www.capitoldrilling.com","3178757601","3178722077","William Westbrook","President","Mal","32900000","50","506316","Generators-E","5","0","1"
"57283","Elliott-Williams Co","kenny.mccoy@williams.com","3500 E 20th St","3174531977","3174532295","358598","Air Conditioning/Htg/Refrig Equip (Mfrs)","NULL"," Email <---> Revenue ","291355","Elliott-Williams Co","3500 E 20th St","Indianapolis","IN","46218","Marion","","3174532295","3174531977","Michael M Elliott Sr","President","Mal","31560000","120","358598","Air Conditio","5","0","1"
"152137","Rochester Homes Inc","kenny.anderson@rtc1.com","PO Box 587","5742231655","5742234321","503917","Mobile Homes-Distributors","NULL"," Email <---> Revenue ","422336","Rochester Homes Inc","1345 N Lucas St","Rochester","IN","46975","Fulton","www.rochesterhomesinc.com","5742234321","5742231655","Kenny Anderson","Owner","Mal","36000000","100","503917","Mobile Homes","5","0","1"
"192118","Clark Food Svc Inc","johannes@regal-equipment.com","2191 Airwest Blvd","3178377969","3178377960","514102","Food Brokers","www.clarkproducts.com"," Email <---> Revenue ","261651","Clark Food Svc Inc","2191 Airwest Blvd","Plainfield","IN","46168","Hendricks","www.clarkproducts.com","3178377960","3178377969","Chris Orbaugh","President","Mal","27288000","24","514102","Food Brokers","5","0","1"
"185669","Rust Wholesale Co","joer@rustwholesale.com","PO Box 230","8126633005","8126637394","519938","Variety Store Merchandise-Wholesale","NULL"," Email <---> Revenue ","425306","Rust Wholesale Co","1424 W Main St","Greensburg","IN","47240","Decatur","www.rustwholesale.com","8126637394","8126633005","Joseph F Rust","President","Mal","43080000","60","519938","Variety Stor","5","0","1"
"139888","American Legion","jeb72ster@oal.com","109 N 6th St","7659624321","7659624321","864102","Veterans'' & Military Organizations","www.al65in.org"," Email <---> Revenue ","10189","AMERICAN LEGION","109 N 6TH ST","RICHMOND","IN","47374","Wayne","","7659624321","","LINDA BURKE","Manager","M","29400000","34762","864102","Vet/Mil Org","5","0","1"
"143818","Classic Truss & Wood Component","Jeff@classictruss.com","2709 Blackiston Mill Rd","8129482177","8129445821","521124","Trusses-Construction Whol & Mfrs","NULL"," Email <---> Revenue ","262128","Classic Truss & Wood Component","2709 Blackiston Mill Rd","Clarksville","IN","47129","Clark","www.classictruss.com","8129445821","8129482177","Jeff Corbett","Owner","Mal","25800000","100","521124","Trusses-Cons","5","0","1"
"7601","World Wide Chemicals Inc","jcampbell@carbrite.com","1910 S State Ave","3177813292","3177889925","289905","Chemicals-Manufacturers","NULL"," Email <---> Revenue ","479762","World Wide Chemicals Inc","1910 S State Ave","Indianapolis","IN","46203","Marion","www.carbrite.com","3177889925","3177813292","John Campbell","President","Mal","31110000","85","289905","Chemicals-Ma","5","0","1"
"99551","Oliver Trucking Corporation","jblawton@oltg.com","1940 Oliver Avenue","3176340893","3176850071","421304","Trucking","OLTG.COM"," Email <---> Revenue ","394497","Oliver Trucking Co","1940 Oliver Ave","Indianapolis","IN","46221","Marion","www.oltg.com","3176340893","3176850071","Jim Stiegelmeyer","President","Mal","40800000","45","421309","Trucking-Mot","5","0","1"
"192381","Mason Masters","jasonb@custom-concrete.com","17519 spruce Lane","3178962885","null","177105","Concrete Contractors","customconcrete.com"," Email <---> Revenue ","272740","Custom Concrete Co","2816 W 193rd Rd","Westfield","IN","46074","Hamilton","","3178962885","3178670788","Tim Carr","President","Mal","25800000","200","177105","Concrete Con","5","0","1"
"146303","American Roller Co","janey.reed@americanroller.com","201 Industrial Park Dr","2628781932","5745863101","306919","Rubber Reclaiming (Manufacturers)","www.americanroller.com"," Email <---> Revenue ","10696","AMERICAN ROLLER CO","201 INDUSTRIAL PARK DR","WALKERTON","IN","46574","St. Joseph","","5745863101","","JIM ARMSTRONG","Manager","M","38500000","500","306900","Fabricated R","5","0","1"
"142484","Textron Fastening Systems","JacksonC@textronfasteningsystems.com","PO Box 660","5747373353","5747225168","347998","Coating Engraving/Allied Svcs Nec (Mfrs)","NULL"," Email <---> Revenue ","454006","Textron Fastening Systems","800 W County Road 250 S","Logansport","IN","46947","Cass","","5747225168","5747373353","Clay Jackson","President","Mal","44100000","360","347998","Coating Engr","5","0","1"
"25644","Jackson Group","Jackson@thejacksongroup.biz","5804 Churchman Byp","3177919800","3177919000","731101","Advertising-Agencies & Counselors","NULL"," Email <---> Revenue ","101292","JACKSON GROUP","5804 CHURCHMAN BYP","INDIANAPOLIS","IN","46203","Marion","","3177919000","","RONALD JACKSON","Owner","M","31300000","125","874203","Mrkting Cons","5","0","1"
"186908","J E Shekell Refrigeration","J-Shekell@shekell.com","424 W Tennessee St","8124214225","8124259131","171117","Air Conditioning Contractors & Systems","NULL"," Email <---> Revenue ","337862","J E Shekell Refrigeration","424 W Tennessee St","Evansville","IN","47710","Vanderburgh","www.shekell.com","8124259131","8124214225","John Shekell","Owner","Mal","27740000","190","171117","Air Conditio","5","0","1"
"173723","Card Payment Solutions","info-cps@cardpaymentsolutions.com","202 N Rosenberger Rd","8124272142","8124272142","615302","Credit Card & Other Credit Plans","www.cardpaymentsolutions.com"," Email <---> Revenue ","31763","CARD PAYMENT SOLUTIONS","1184 ROSENBERGER RD","MADISON","IN","47250","","","8124272142","","DAN CHRISTOPHER","Manager","M","28700000","404","615300","Short-Term B","5","0","1"
"118828","Breckenridge","Howard@breckenridgepharma.com","656 Delaware St","5747735288","5747735353","399903","Manufacturers","NULL"," Email <---> Revenue ","243104","Breckenridge","656 Delaware St","Nappanee","IN","46550","Elkhart","www.breckenridgeparkmodels.com","5747735353","5747735288","Tim Howard","President","Mal","26200000","200","399903","Manufacturer","5","0","1"
"77758","Utilities District REMC","hgraves@udwiremc.com","State Road 54 W","8123843127","8123844446","491101","Electric Companies","www.udwiremc.com"," Email <---> Revenue ","465759","Utilities District REMC","State Road 54 W","Bloomfield","IN","47424","Greene","www.udwiremc.com","8123844446","8123843127","Roger Davis","Manager","Mal","28952000","47","491101","Electric Com","5","0","1"
"121327","EMF Corp","harness@emfusa.com","505 Pokagon Trl","2606653040","2606659541","364398","Current-Carrying Wiring Devices (Mfrs)","www.emfusa.com"," Email <---> Revenue ","287253","EMF Corp","505 Pokagon Trl","Angola","IN","46703","Steuben","www.emfusa.com","2606659541","2606653040","Richard N Poe","President","Mal","34200000","200","364398","Current-Carr","5","0","1"
"96038","Intec Group","ggd@intecgrp.com","1301 E Michigan Ave","2192855000","2192852231","308902","Plastics & Plastic Products (Mfrs)","www.intecgrp.com"," Email <---> Revenue ","335385","Intec Group","1301 E Michigan Ave","Morocco","IN","47963","Newton","www.intecgrp.com","2192852231","2192855000","Dave Oliver","Plant Mgr","Mal","36080000","220","308902","Plastics & P","5","0","1"
"93832","Crystal Flash Petroleum","fuelme@ifnfuel.com","10598 N College Avenue #100","3178468011","null","864115","Natives Service Organizations","null"," Email <---> Revenue ","271793","Crystal Flash Petroleum Corp","10598 N College Ave # 100","Indianapolis","IN","46280","Marion","www.crystal-flash.com","3178468011","","Jessica Brock","Manager","Fem","46956000","14","517206","Oils-Fuel (W","5","0","1"
"188677","K C Transportation","falzonr@kctrans.com","County Road 100","7346544659","8127534965","411914","Transportation Services","www.kctrans.com"," Email <---> Revenue ","106584","K C TRANSPORTATION","3888 S 100 E","PRINCETON","IN","47670","Gibson","","8123858100","","TRACEY KEENE","Manager","M","27600000","300","411900","Local Pass T","5","0","1"
"113179","Prosource","EspenlaubR@prosource.com","5231 Oak Grove Rd","NULL","8129622040","502307","Carpet & Rug-Distributors","NULL"," Email <---> Revenue ","155548","PROSOURCE","5231 OAK GROVE RD","EVANSVILLE","IN","47715","Vanderburgh","","8129622040","","TIM ARNOLD","Owner","M","26000000","10950","175200","Floor Laying","5","0","1"
"176290","Professional Garage Door Systs","Dtaylo@PRODOORINDY.COM","2707 E Main St","3178383533","3178653060","503904","Gates (Wholesale)","NULL"," Email <---> Revenue ","409859","Professional Garage Door Systs","2707 E Main St","Plainfield","IN","46168","Hendricks","www.prodoorindy.com","3178653060","3178383533","Dave Taylo","Owner","Mal","36000000","100","503904","Gates (Whole","5","0","1"
"107147","Indiana Car & Truck","Donna.Burd@indianacarandtruck.com","7848 Pendleton Pike","3175413680","3175412886","551103","Automobile Dealers-Used Cars","NULL"," Email <---> Revenue ","332504","Indiana Car & Truck","7848 Pendleton Pike","Indianapolis","IN","46226","Marion","www.indianacarandtruck.com","3175412886","3175413680","Donna Burd","Owner","Fem","25880000","40","551103","Automobile D","5","1","1"
"10469","Book Rack","Deanie@bookrack.com","1930 E Stop 13 Rd","NULL","3178813010","593201","Book Dealers-Used & Rare","NULL"," Email <---> Revenue ","24820","BOOK RACK","1930 E STOP 13 RD","INDIANAPOLIS","IN","46227","Marion","","3178813010","","DEANIE HOGUE","Owner","F","37500000","750","594200","Book Stores","5","0","1"
"78512","Fujitsu Ten Corp Of America","Dick@fujitsu.com","616 Conrad Harcourt Way","7659323257","7659385555","367901","Electronic Equipment & Supplies-Mfrs","NULL"," Email <---> Revenue ","306043","Fujitsu Ten Corp Of America","616 Conrad Harcourt Way","Rushville","IN","46173","Rush","","7659385555","7659323257","Dick Marks","President","Mal","39424000","176","367901","Electronic E","5","0","1"
"134404","G & S Metal Consultants Inc","dchodos@gsmetalinc.com","50 Dimension Ave","2605630857","2605699184","505128","Aluminum (Wholesale)","www.gsmetalinc.com"," Email <---> Revenue ","76168","G & S METAL CONSULTANTS INC","50 DIMENSION AVE","WABASH","IN","46992","Wabash","","2605699184","","CYNTHIA GALLEY","Chief Executive Office","F","29300000","130","505100","Metal Sv Cen","5","0","1"
"35638","Valle Vista Hospital","David@vallevistahospital.com","898 E Main St","3178821631","3178871348","839902","Alcoholism Information & Treatment Ctrs","NULL"," Email <---> Revenue ","466123","Valle Vista Hospital","898 E Main St","Greenwood","IN","46143","Johnson","www.vallevistahospital.com","3178871348","3178821631","David Bell","CEO","Mal","38700000","180","839902","Alcoholism I","5","0","1"
"81165","Patten Industries Inc","cs@pattenindustries.com","6400 Indianapolis Blvd","8157262882","2199326600","508206","Contractors-Equip/Supls-Dlrs/Svc (Whol)","www.pattenind.com"," Email <---> Revenue ","400005","Patten Industries Inc","6400 Indianapolis Blvd","Hammond","IN","46320","Lake","www.pattenind.com","2199326600","2199317513","Stan Kalwasinski","Manager","Mal","39960000","60","508206","Contractors-","5","0","1"
"194501","Josam Co","cparker@josam.com","525 W Us Highway 20","2198749539","2198725531","343298","Plumbing Fixture Fittings & Trim (Mfrs)","www.josam.com"," Email <---> Revenue ","105578","JOSAM CO","525 W US HIGHWAY 20","MICHIGAN CITY","IN","46360","LaPorte","","2198725531","2198749539","BARRY HODGKINS","President","M","25000000","100","874203","Mrkting Cons","5","0","1"
"176974","Child Crfat Ind","celliott@childcrafindustries.com","501 E Market St","8128831819","8128833111","259901","Furniture-Manufacturers","www.childcraftindustries.com"," Email <---> Revenue ","257910","Child Crfat Ind","501 E Market St","Salem","IN","47167","Washington","www.childcraftindustries.com","8128833111","8128831819","William S Suvak","CEO","Mal","25000000","600","259901","Furniture-Ma","5","0","1"
"50424","Great Lakes PETERBILT/GMC","Buha_Stephen@greatlakestruck.com","5900 Southport Rd","2197627974","2197637227","551105","Truck-Dealers","NULL"," Email <---> Revenue ","314450","Great Lakes PETERBILT/GMC","5900 Southport Rd","Portage","IN","46368","Porter","www.greatlakestruck.com","2197637227","2197627974","Stephen Buha","President","Mal","40000000","58","551105","Truck-Dealer","5","2","1"
"179699","Network Technology Solutions;  LLC","bmcgraw@lauthproperty.com","9777 N. Meridian Street","3178486500","3178486511","8999","Services NEC","LAUTHPROPERTY.COM^^LAUTHPROPERTY.NET"," Email <---> Revenue ","114696","LAUTH PROPERTY GROUP","401 PENNSYLVANIA PKWY","INDIANAPOLIS","IN","46280","Hamilton","","3178486500","","ROBERT LAUTH","Chief Executive Office","M","47500000","225","655200","Subdividers ","5","0","1"
"125885","Bioanalytical Systems","bas@bioanalytical.com","2701 Kent Avenue","7654634527","7654971102","874213","Marketing Programs & Services","http://www.bioanalytical.com"," Email <---> Revenue ","18788","BAS ANALYTICS","2701 KENT AVE","W LAFAYETTE","IN","47906","Tippecanoe","","7654634527","","","Unknown","","43000000","572","504900","Professional","5","0","1"
"106237","Merle Norman Cosmetics","Barb-Crepeau@merlenorman.com","52 W 80th Pl","NULL","2197360000","599992","Cosmetics & Perfumes-Retail","NULL"," Email <---> Revenue ","128156","MERLE NORMAN COSMETICS","52 W 80TH PL","MERRILLVILLE","IN","46410","Lake","","2197360000","","LINDA ORBAN","Owner","F","47500000","5567","599913","Toiletries,C","5","0","1"
"124955","Acousticom Corp","azure@azurewraith.com","28180 Clay St","5742947250","5742930534","506507","Sound Systems & Equipment (Wholesale)","www.acousticom.com"," Email <---> Revenue ","215982","Acousticom Corp","28180 Clay St","Elkhart","IN","46517","Elkhart","www.acousticom.com","5742930534","5742947250","Jean A Cochran","President","Fem","35350000","35","506507","Sound System","5","0","1"
"23157","VCI Beverage Ctr","Ault.Gloria@signaturebrandsgroup.com","6050 E Hanna Ave","3177911916","3177911900","514202","Fruit Juices (Wholesale)","NULL"," Email <---> Revenue ","465917","VCI Beverage Ctr","6050 E Hanna Ave","Indianapolis","IN","46203","Marion","www.signaturebrandsgroup.com","3177911900","3177911916","Gloria Ault","President","Fem","42360000","40","514202","Fruit Juices","5","0","1"
"183282","Workiron Inc","andy.parker@workiron.com","2346 S Lynhurst Dr","3172410399","3172414766","508427","Machinery-New (Wholesale)","www.workiron.com"," Email <---> Revenue ","479639","Workiron Inc","2346 S Lynhurst Dr","Indianapolis","IN","46241","Marion","www.workiron.com","3172414766","3172410399","A F Ohab","Owner","Mal","32640000","60","508427","Machinery-Ne","5","0","1"
"184140","Carroll Container Corp","A.Carroll@carrollcontainer.com","PO Box 338","7656512610","7656512600","511318","Boxes-Corrugated & Fiber (Wholesale)","NULL"," Email <---> Revenue ","253052","Carroll Container Corp","2409 W 2nd St","Marion","IN","46952","Grant","www.carrollcontainer.com","7656512600","7656512610","Evan Pritz","President","Mal","33120000","40","511318","Boxes-Corrug","5","0","1"
"59089","Wire Design Inc","tnusbaum@wire-design.com","2520 Industrial Pkwy","5742956351","5742932990","506346","Wire Harnesses-Electrical (Wholesale)","NULL"," Email <---> Revenue ","478342","Wire Design Inc","2520 Industrial Pkwy","Elkhart","IN","46516","Elkhart","www.wire-design.com","5742932990","5742956351","Todd Nusbaum","President","Mal","32900000","50","506346","Wire Harness","5","0","1"
"176737","Chicago Tube & Iron","ctichar@chicagotube.com","8651 Robbins Rd","7735231375","3178729999","505106","Steel-Distributors & Warehouses","www.chicagotube.com"," Email <---> Revenue ","257805","Chicago Tube & Iron","8651 Robbins Rd","Indianapolis","IN","46268","Marion","www.chicagotube.com","3178729999","3178720642","Jerry Fox","Manager","Mal","31410000","30","505106","Steel-Distri","5","0","1"
"115197","Furniture Liquidators","custservice@furnitureliquidators.com","2536 Michigan Rd","5026951095","8122652601","571216","Furniture-Dealers-Retail","www.furnitureliquidators.com"," Email <---> Revenue ","75951","FURNITURE LIQUIDATORS","2536 MICHIGAN RD","MADISON","IN","47250","Jefferson","","8122652601","","HOLLY TONELLI","Manager","F","32000000","200","571200","Furniture St","5","0","1"
"193147","Harbor OLDSMOBILE-GMC Truck","mike.martinez@harborautomotive.com","6100 Us Highway 6","2197644510","2197632500","551103","Automobile Dealers-Used Cars","www.harborcars.com"," Email <---> Revenue ","319898","Harbor OLDSMOBILE-GMC Truck","6100 Us Highway 6","Portage","IN","46368","Porter","www.harborcars.com","2197632500","2197644510","Ken Nahod","Manager","Mal","38820000","60","551103","Automobile D","5","1","1"
"113166","Villa Pizza","MDan@villapizza.com","333 N Broad St","NULL","2199245450","581222","Pizza","NULL"," Email <---> Revenue ","199947","VILLA PIZZA","333 N BROAD ST","GRIFFITH","IN","46319","Lake","","2199245450","","DAN MILLS","Owner","M","40000000","2337","581243","Quick Serv P","5","0","1"
"166548","American Stationery Co Inc","joyce.mccarthy@tomwat.com","PO Box 207","7654728510","7654734438","267801","Stationery-Manufacturers","NULL"," Email <---> Revenue ","223413","American Stationery Co Inc","100 N Park Ave","Peru","IN","46970","Miami","www.americanstationery.com","7654734438","7654728510","Michael Bakehorn","President","Mal","39750000","150","267801","Stationery-M","5","0","1"
"156991","Energy Systems Group LLC","esg@energysystemsgroup.com","4655 Rosebud Ln","8124752544","8124715000","359998","Indstrl/Coml Machinery/Equip Nec (Mfrs)","www.energysystemsgroup.com"," Email <---> Revenue ","292226","Energy Systems Group LLC","4655 Rosebud Ln","Newburgh","IN","47630","Warrick","www.energysystemsgroup.com","8124715000","8124752544","James Adams","President","Mal","40600000","34","359998","Indstrl/Coml","5","0","1"
"192451","Touch Of Class Catalog","FBell@totousa.com","PO Box 237","8126835921","8126833707","596102","Mail Order & Catalog Shopping","NULL"," Email <---> Revenue ","191413","TOUCH OF CLASS CATALOG","709 W 12TH ST","HUNTINGBURG","IN","47542","Dubois","","8126833707","8126835921","FRED BELL","President","M","47000000","235","596100","Catalog,Mail","5","0","1"
"18581","Yost Consulting","edmartin@salesenhancer.com","5400 Scatterfield Road","7656428001","7656448321","8999","Services NEC","oldsdealer.com/ed-martin"," Email <---> Revenue ","61678","ED MARTIN CADILLAC GMC INC","5400 S SCATTERFIELD RD","ANDERSON","IN","46013","Madison","","7656428001","","MARK HARRISON","Owner","M","32300000","80","551100","New & Used C","5","0","1"
"4333","Pepsi-Cola General Bottlers","Dan@pgb.com","2901 N Walnut St","7652863510","7652890270","208601","Bottlers","NULL"," Email <---> Revenue ","401994","Pepsi-Cola General Bottlers","2900 N Walnut St","Muncie","IN","47303","Delaware","","7652862823","","","","","45645000","85","208601","Bottlers","5","0","1"
"173768","PHD Inc","dmurphy@phdinc.com","9009 Clubridge Dr","2607476754","2607476151","359302","Cylinders-Air & Hydraulic-Manufacturers","www.phdinc.com"," Email <---> Revenue ","149653","PHD INC","9009 CLUBRIDGE DR","FORT WAYNE","IN","46809","Allen","","2607476151","2607476754","HARRY NEFF","Chief Executive Office","M","25300000","378","359300","Fluid Power ","5","0","1"
"169730","Lester Sales Co","kkampovsky@lestersalesco.com","4312 W Minnesota St","3172482369","3172447811","509908","Manufacturers-Agents & Representatives","www.lestersalesco.com"," Email <---> Revenue ","360094","Lester Sales Co","4312 W Minnesota St","Indianapolis","IN","46241","Marion","www.lestersalesco.com","3172447811","3172482369","Brian Chase","Owner","Mal","28320000","30","509908","Manufacturer","5","0","1"
"112745","Book Rack","Gallo_Sunny@bookrack-franchise.com","223 S Pete Ellis Dr # 8","NULL","8123391169","593201","Book Dealers-Used & Rare","NULL"," Email <---> Revenue ","24821","BOOK RACK","223 S PETE ELLIS DR","BLOOMINGTON","IN","47408","Monroe","","8123391169","","SUNNY GALLO","Owner","F","37500000","750","594200","Book Stores","5","0","1"
