mail id,company,email,address,phone,fax,sic,sic description,web,,revenue id,company,address,city,state,zip,	metro,web,phone,fax,contact,position,gender,sales,# of employee,sic,sic_descrpiton,	,,
"48961","Indiana Cash Drawer Co","wshowers@icdpos.com","1315 S Miller St","3173920958","3173986643","357702","Computer Peripherals (Manufacturers)","NULL"," Email <---> Revenue ","332525","Indiana Cash Drawer Co","1315 S Miller St","Shelbyville","IN","46176","Shelby","","3173986643","3173920958","William T Showers","President","Mal","33088000","88","357702","Computer Per","5","0","1"
"64490","Baesler's Market","bob@baeslers.com","2900 Poplar St","8122323081","8122323081","541105","Grocers","www.baeslers.com"," Email <---> Revenue ","17486","BAESLER'S MARKET","2900 POPLAR ST","TERRE HAUTE","IN","47803","Vigo","","8122322498","","ROBERT BAESLER","Owner","M","37400000","210","541100","Grocery Stor","5","0","1"
"35882","Theoris Inc","ghuntley@theoris.com","10000 Allisonville Rd","3175766934","3178494444","737314","Internet Svcs-Network Designers/Conslnt","NULL"," Email <---> Revenue ","454183","Theoris Inc","10000 Allisonville Rd","Fishers","IN","46038","Hamilton","www.theoris.com","3178494444","3175766934","Mike Cunningham","CEO","Mal","44200000","200","737314","Internet Svc","5","0","1"
"117755","Tenax Corp","giovanni.capra@tenaxus.com","1850 Oliver Ave","3176327482","3176318708","671901","Holding Companies (Non-Bank)","NULL"," Email <---> Revenue ","453317","Tenax Corp","1850 Oliver Ave","Indianapolis","IN","46221","Marion","","3176318708","3176327482","John Bratt","Owner","Mal","38880000","60","671901","Holding Comp","5","2","1"
"74450","Fill-Rite","GJ@tate.com","8825 Aviation Dr","2607473159","2607477529","356101","Pumps-Manufacturers","NULL"," Email <---> Revenue ","298959","Fill-Rite","8825 Aviation Dr","Fort Wayne","IN","46809","Allen","","2607477529","2607473159","John Gallagher","President","Mal","48800000","200","356101","Pumps-Manufa","5","0","1"
"64193","Koester Contracting Corp","ahays@koesterco.com","14649 Highway 41 N","8128672302","8128676635","179403","Excavating Contractors","NULL"," Email <---> Revenue ","353008","Koester Contracting Corp","14649 Highway 41 N","Evansville","IN","47725","Vanderburgh","www.koesterco.com","8128676635","8128672302","Greg Head","President","Mal","26000000","421","179403","Excavating C","5","0","1"
"63187","Dietrich Industries Inc","askforhelp@dietrichindustries.com","120 Hoelocker Dr","3527487252","2193246151","331204","Steel Processing","www.dietrichindustries.com"," Email <---> Revenue ","281516","Dietrich Industries Inc","120 Hoelocker Dr","Laporte","IN","46350","La Porte","www.dietrichindustries.com","2193246151","2193250160","Russ Balph","Plant Mgr","Mal","35560000","70","331204","Steel Proces","5","0","1"
"48060","KOA Kampgrounds","Audrey.Eberhart@stpaulkoa.com","3101 Cart Rd","NULL","7659621219","703301","Campgrounds","NULL"," Email <---> Revenue ","110568","KOA KAMPGROUNDS","3101 CART RD","RICHMOND","IN","47374","Wayne","","7659621219","","AUDREY EBERHART","Owner","F","28100000","3853","703300","Trlr Parks,C","5","0","1"
"52019","A & B Communications","Wolf.Joe@bestshows.com","NULL","NULL","8125371250","792918","Entertainers","NULL"," Email <---> Revenue ","211605","A & B Communications","","Lawrenceburg","IN","47025","Dearborn","","8125371250","","Joe Wolf","Owner","Mal","44000000","200","792918","Entertainers","5","0","1"
"69246","Convenient Food Mart","Wampler-Dave@continucare.com","1401 N Dunn St","8123328647","8123328611","541103","Convenience Stores","NULL"," Email <---> Revenue ","45138","CONVENIENT FOOD MART","1401 N DUNN ST","BLOOMINGTON","IN","47408","Monroe","","8123328611","","DAVE WAMPLER","Owner","M","28000000","2713","541103","Conven Store","5","0","1"
"179227","Tuthill Linkage","W.Terry@tuthill.com","2110 Summit St","2604932387","2607495105","371423","Joints-Ball (Manufacturers)","NULL"," Email <---> Revenue ","461295","Tuthill Linkage","2110 Summit St","New Haven","IN","46774","Allen","www.tuthill.com","2607495105","2604932387","Terry Wogan","President","Mal","41730000","130","371423","Joints-Ball ","5","0","1"
"181265","Aisin Drivetrain Inc","v-wolka@aisinusa.com","1001 Industrial Way","8127933684","8127932427","399903","Manufacturers","NULL"," Email <---> Revenue ","218622","Aisin Drivetrain Inc","1001 Industrial Way","Crothersville","IN","47229","Jackson","www.aisin.co.jp","8127932427","8127933684","Hitoshi Sumiya","President","Mal","49125000","375","399903","Manufacturer","5","0","1"
"12713","Holland Colour","T-Veldhuis@hollandcolours.com","1501 Progress Dr","7659663376","7659350329","281602","Colors & Pigments-Manufacturers","NULL"," Email <---> Revenue ","326197","Holland Colour","1501 Progress Dr","Richmond","IN","47374","Wayne","www.hollandcolours.com","7659350329","7659663376","Tineke Veldhuis","President","Fem","45280000","80","281602","Colors & Pig","5","0","1"
"183380","Troyer Foods Inc","troyers@troyers.com","17141 State Road 4","5745333851","5745330302","514101","Food Products (Wholesale)","www.troyers.com"," Email <---> Revenue ","193473","TROYER FOODS INC","17141 STATE ROAD 4","GOSHEN","IN","46528","Elkhart","","5745330302","5745333851","PARIS BALL-MILLER","Chief Executive Office","M","32600000","182","514100","Whl Gen Groc","5","0","1"
"160733","Small Parts Inc","spirsales@smallpartsinc.com","600 Humphrey St","5747536660","5747536323","346904","Metal Stamping (Manufacturers)","www.smallpartsinc.com"," Email <---> Revenue ","174006","SMALL PARTS INC","600 HUMPHREY ST","LOGANSPORT","IN","46947","Cass","","5747536323","5747536660","CLAY BARNES","Chief Executive Office","M","27200000","400","346900","Metal Stampi","5","0","1"
"178186","Phar Merica Inc","senior_care@pharmerica.com","6330 E 75th St # 322","9726064973","3175956265","591205","Pharmacies","www.pharmerica.com"," Email <---> Revenue ","403276","Phar Merica Inc","6330 E 75th St # 322","Indianapolis","IN","46250","Marion","www.pharmerica.com","3175956265","3175956275","Tim Rowland","Manager","Mal","27450000","150","591205","Pharmacies","5","2","1"
"184675","Gradex","scott@gradexinc.com","3685 Priority Way S Dr # 140","3175733979","3175733970","179403","Excavating Contractors","www.gradexinc.com"," Email <---> Revenue ","313439","Gradex","3685 Priority Way S Dr # 140","Indianapolis","IN","46240","Marion","www.gradexinc.com","3175733970","3175733979","Thomas E Dapp","Owner","Mal","29000000","12","179403","Excavating C","5","0","1"
"134585","Bell Packaging Corp","recyclingcs@prattindustries.com","3112 S Boots St","7317842060","7656641261","265301","Corrugated & Solid Fiber Boxes (Mfrs)","www.prattindustries.com"," Email <---> Revenue ","235588","Bell Packaging Corp","3112 S Boots St","Marion","IN","46953","Grant","www.prattindustries.com","7656641261","7656688127","Terry Royal","Plant Mgr","Mal","40050000","150","265301","Corrugated &","5","0","1"
"137612","Stoops Pontiac GMC","Randy@stoops.com","612 E Mcgalliard Rd","7652872439","7652890201","551105","Truck-Dealers","NULL"," Email <---> Revenue ","445798","Stoops Pontiac GMC","612 E Mcgalliard Rd","Muncie","IN","47303","Delaware","www.stoops.com","7652890201","7652872439","Randy Stoops","Owner","Mal","32350000","50","551105","Truck-Dealer","5","2","1"
"112675","Central Rent-A-Crane","rados@all-sales.com","4240 Pine Creek Rd","7405680600","5742958877","508412","Cranes & Derricks (Wholesale)","www.allcrane.com"," Email <---> Revenue ","35211","CENTRAL RENT-A-CRANE","4240 PINE CREEK RD","ELKHART","IN","46516","Elkhart","","5742958877","","DICK SPERRY","Manager","M","36000000","1269","508200","Constr, Mini","5","0","1"
"190617","Anchor Industries","poolcoverwarranty@anchorinc.com","1100 Burch Dr","8128671429","8128672421","239406","Canvas & Related Products (Mfrs)","www.anchorinc.com"," Email <---> Revenue ","11351","ANCHOR INDUSTRIES","1100 BURCH DR # 2","EVANSVILLE","IN","47725","Vanderburgh","","8128672421","8128671429","PETE MOGAVERO","Chief Executive Office","M","35800000","550","239900","Fabricated T","5","0","1"
"41048","Landec Ag Inc","optout@landecag.com","306 N Main St","5745837016","5745832946","206803","Seeds-Coating (Manufacturers)","www.landecag.com"," Email <---> Revenue ","356901","Landec Ag Inc","306 N Main St","Monticello","IN","47960","White","www.landecag.com","5745832946","5745837016","Tom Crowley","President","Mal","26000000","0","206803","Seeds-Coatin","5","0","1"
"79411","Lockhart Automotive Group","MLockhart@lockhartcadillac.com","5550 N Keystone Ave","3172546428","3172531551","553123","Tire-Dealers-Retail","NULL"," Email <---> Revenue ","118321","LOCKHART AUTOMOTIVE GROUP","5550 N KEYSTONE AVE","INDIANAPOLIS","IN","46220","Marion","","3172531551","","MARC LOCKHART","President","M","44400000","110","551100","New & Used C","5","0","1"
"74266","Steelworks Meg Div","meginfo@megfixtures.com","502 S Green St","7654784258","7654783141","259998","Furniture & Fixtures Nec (Mfrs)","www.megfixtures.com"," Email <---> Revenue ","444092","Steelworks Meg Div","502 S Green St","Cambridge City","IN","47327","Wayne","www.megfixtures.com","7654783141","7654784258","Tom Hillkert","CEO","Mal","30400000","200","259998","Furniture & ","5","0","1"
"167027","Manatron Inc","matt@haydenir.com","4625 W 86th St # 800","2695672930","3178020758","737108","Computer-Software Developers","www.manatron.com"," Email <---> Revenue ","121924","MANATRON INC","4625 W 86TH ST STE 800","INDIANAPOLIS","IN","46268","Marion","","3178020758","","JANE FISCHER","Manager","F","36300000","371","737100","Cmp Programm","5","0","1"
"62217","Profile Extrusion Co","kgraves@profile-extrusion.com","298 Essex Dr","8128970770","8128973504","334198","Secondary Smelting & Refining-Nonferrous","www.profile-extrusion.com"," Email <---> Revenue ","410012","Profile Extrusion Co","298 Essex Dr","Boonville","IN","47601","Warrick","www.profile-extrusion.com","8128973504","8128970770","Patty Irbin","Manager","Fem","27000000","40","334198","Secondary Sm","5","0","1"
"194350","Ontario Systems","Kelly.Stanley@ontariosystems.com","1150 West Kilgore Avenue","7657517099","765751-7000","5045","Computers and Computer Peripheral Equipment and Software (merchant wholesalers except those selling","equipment"," Email <---> Revenue ","395076","Ontario Systems","1150 W Kilgore Ave","Muncie","IN","47305","Delaware","","7657517000","7657517099","Wilbur R Davis","President","Mal","43960000","280","737108","Computer-Sof","5","0","1"
"142518","Winkler Inc","johnw@winklerinc.com","535 E Medcalf St","8129372044","8129372044","514105","Grocers-Wholesale","www.winklerinc.com"," Email <---> Revenue ","207783","WINKLER INC","535 E MEDCALF ST","DALE","IN","47523","","","8129374421","8129372044","THOMAS WINKLER","President","M","26000000","516","514100","Whl Gen Groc","5","0","1"
"190263","Semi-Independent Living Progrm","john@loganindustries.com","3621 Boland Dr","5742336149","5742890385","569944","Handicapped & Disabled Apparel","www.loganindustries.com"," Email <---> Revenue ","430980","Semi-Independent Living Progrm","3621 Boland Dr","South Bend","IN","46628","St Joseph","www.loganindustries.com","5742890385","5742336149","Joe Barano","Manager","Mal","40800000","300","569944","Clothing For","5","0","1"
"158546","Power Train CO/Hd America","JoeLeffel@pwrtrain.com","2334 Production Dr","3172431433","3172419393","501302","Truck Equipment & Parts-Wholesale","NULL"," Email <---> Revenue ","407508","Power Train CO/Hd America","2334 Production Dr","Indianapolis","IN","46241","Marion","www.pwrtrain.com","3172419393","3172431433","Joe Leffel","Owner","Mal","34496000","77","501302","Truck Equipm","5","0","1"
"109225","Oxford Financial Group","JeffreyThomasson@ofgltd.com","11711 N Meridian St # 600","3178435679","3178435678","628205","Financial Planning Consultants","NULL"," Email <---> Revenue ","396673","Oxford Financial Group","11711 N Meridian St # 600","Carmel","IN","46032","Hamilton","www.ofgltd.com","3178435678","3178435679","Jeffrey Thomasson","CEO","Mal","41500000","100","628205","Financial Pl","5","0","1"
"185185","Crossroads Lincoln Mercury Inc","j-coll30@dealeremail.com","4015 S Us Highway 31","3177823717","3177831371","551103","Automobile Dealers-Used Cars","www.crossroadslm.com"," Email <---> Revenue ","271317","Crossroads Lincoln Mercury Inc","4015 S Us Highway 31","Indianapolis","IN","46227","Marion","www.crossroadslm.com","3177831371","3177823717","Don Mac Kenzie","Owner","Mal","41408000","64","551103","Automobile D","5","1","1"
"193838","U S Granules","jcoliver@usgranules.com","1433 Western Ave","5749367991","5749362146","334198","Secondary Smelting & Refining-Nonferrous","www.usgranules.com"," Email <---> Revenue ","461766","U S Granules","1433 Western Ave","Plymouth","IN","46563","Marshall","www.usgranules.com","5749362146","5749367991","John J Oliver","President","Mal","33750000","50","334198","Secondary Sm","5","0","1"
"164632","Hillyard Indiana","jborup@hillyard.com","14317 W Painter Dr","7653786671","7653783766","508724","Janitors Equipment/Supplies (Wholesale)","www.hillyard.com"," Email <---> Revenue ","90179","HILLYARD INDIANA","14317 W PAINTER DR","DALEVILLE","IN","47334","Delaware","","7653783766","","DARIN MILLER","Manager","M","38000000","736","358900","Service Indu","5","0","1"
"172005","Grain Processing Corp","hrmusc@grainprocessing.com","2000 S Maysville Rd","8122572798","8122570480","515301","Grain-Dealers (Wholesale)","www.grainprocessing.com"," Email <---> Revenue ","81142","GRAIN PROCESSING CORP","1443 S 300 W","WASHINGTON","IN","47501","Daviess","","8122570480","","KEN JONES","Operations Manager","M","32200000","100","515300","Grain & Fiel","5","0","1"
"184841","Relizon Co","helpdesk@workflowone.com","1302 Eisenhower Dr N","9792777748","5745330361","276101","Printers-Business Forms","www.relizon.com"," Email <---> Revenue ","417455","Relizon Co","1302 Eisenhower Dr N","Goshen","IN","46526","Elkhart","www.relizon.com","5745330361","5745345122","Randy Lynd","Plant Mgr","Mal","26676000","108","276101","Printers-Bus","5","0","1"
"48008","Tube Processing Corp","gseybert@tubeproc.com","PO Box 33049","3177863074","3177871321","349801","Tube-Bending & Fabricating","NULL"," Email <---> Revenue ","193758","TUBE PROCESSING CORP","604 E LEGRANDE AVE","INDIANAPOLIS","IN","46203","Marion","","3177871321","3177863074","GEORGE SEYBERT","Chief Executive Office","M","30400000","400","349800","Fab Pipe & F","5","0","1"
"183195","Materials Handling Equipment","granger@mhec.com","7433 Us Highway 30 E","2607490879","2607490475","508426","Material Handling Equipment (Wholesale)","www.mhec.com"," Email <---> Revenue ","372331","Materials Handling Equipment","7433 Us Highway 30 E","Fort Wayne","IN","46803","Allen","www.mhec.com","2607490475","2607490879","","","","43520000","80","508426","Material Han","5","0","1"
"19995","Farbest Foods Inc","gmeyer@farbestfoods.com","4689 S 400w","8126834226","8126834200","201501","Poultry Processing Plants","www.farbestfoods.com"," Email <---> Revenue ","68372","FARBEST FOODS INC","4689 S 400W","HUNTINGBURG","IN","47542","Dubois","","8126834200","8126834226","CHARLES LA RUE","President","M","28500000","500","201500","Plty Slaught","5","0","1"
"46756","Draper Inc","gdeaton@draperinc.com","411 S Pearl St","7659877142","7659877999","504301","Audio-Visual Equipment & Supls (Whol)","www.draperinc.com"," Email <---> Revenue ","58971","DRAPER INC","PO BOX 425","SPICELAND","IN","47385","Henry","","7659877999","","JOHN D PIDGEON","President","M","30400000","400","399900","Mfg Industri","5","0","1"
"59538","Rance Aluminum Fabrication Inc","gac@fortress4.com","4315 Wyland Dr","5742581858","5742955658","333498","Primary Production Of Aluminum (Mfrs)","www.rvcc.org"," Email <---> Revenue ","414709","Rance Aluminum Fabrication Inc","4315 Wyland Dr","Elkhart","IN","46516","Elkhart","www.rancealuminum.com","5742955658","5742938890","Rod Rance","Owner","Mal","25750000","50","333498","Primary Prod","5","0","1"
"192492","Central Rent-A-Crane Inc","frankj@allcleveland.com","5725 Kennedy Ave","8136227787","2199897500","508412","Cranes & Derricks (Wholesale)","www.allcrane.com"," Email <---> Revenue ","255513","Central Rent-A-Crane Inc","5725 Kennedy Ave","Hammond","IN","46323","Lake","www.allcrane.com","2199897500","2199897513","Ed Kocsis","Manager","Mal","27200000","50","508412","Cranes & Der","5","0","1"
"108762","Wells Cargo Inc","dseyboldt@wellscargo.com","1503 Mcnaughton Ave","5702823667","5742649661","371598","Truck-Trailer (Manufacturers)","www.wellscargo.com"," Email <---> Revenue ","204288","WELLS CARGO INC","1503 MCNAUGHTON AVE","ELKHART","IN","46514","Elkhart","","5742649661","5742645938","JEFFREY M WELLS","Chief Executive Office","M","39700000","824","245100","Mobile Homes","5","0","1"
"195988","Endress & Hauser Inc","dirk.oppelt@esirion.com","2350 Endress Pl","8325906202","3175357138","382398","Industrial Measuring/Cntrl Instr (Mfrs)","www.us.endress.com"," Email <---> Revenue ","292172","Endress & Hauser Inc","2350 Endress Pl","Greenwood","IN","46143","Johnson","www.us.endress.com","3175357138","3175351489","Todd Lucey","Manager","Mal","26800000","250","382398","Industrial M","5","0","1"
"186565","AMS Mechanical Svc","dcolip@amsofusa.com","2701 Fortune Cir E # C","2814031201","3172403200","171117","Air Conditioning Contractors & Systems","www.amsofusa.com"," Email <---> Revenue ","11189","AMS MECHANICAL SVC","2701 FORTUNE CIR E STE C","INDIANAPOLIS","IN","46241","Marion","","3172403200","","DAVID COLIP","Manager","M","28000000","726","171104","Heating,Air ","5","0","1"
"103915","Madison Chemical Co","david.goodman@madchem.com","3141 Clifty Dr","8122736002","8122736000","289905","Chemicals-Manufacturers","NULL"," Email <---> Revenue ","367138","Madison Chemical Co","3141 Clifty Dr","Madison","IN","47250","Jefferson","www.madchem.com","8122736000","8122736002","David R Goodman Jr","President","Mal","29280000","80","289905","Chemicals-Ma","5","0","1"
"165780","Bob Kranitz Trailer Sales","data@autoinfoservices.com","1500 N Boeke Rd","8124742774","8124742773","501212","Trailers-Truck (Wholesale)","www.bobkranitz.com"," Email <---> Revenue ","240712","Bob Kranitz Trailer Sales","1500 N Boeke Rd","Evansville","IN","47711","Vanderburgh","www.bobkranitz.com","8124742773","8124742774","Bob Kranitz","Owner","Mal","44400000","12","501212","Trailers-Tru","5","0","1"
"173563","Telamon Corp","cyril.lu@telamon-corp.com","1000 E 116th St","3178186666","3178186888","599904","Telephone Equipment & Supplies","NULL"," Email <---> Revenue ","453076","Telamon Corp","1000 E 116th St","Carmel","IN","46032","Hamilton","www.telamon-corp.com","3178186888","3178186666","Albert Chen","CEO","Mal","28810000","215","599904","Telephone Eq","5","0","1"
"194890","Lake Erie Products","customerevaluation@lepinc.com","3595 W State Road 28","7656540499","7656540477","345298","Bolts Nuts Screws Rivets/Washers (Mfrs)","www.lescrew.com"," Email <---> Revenue ","113174","LAKE ERIE PRODUCTS","3595 W STATE ROAD 28","FRANKFORT","IN","46041","Clinton","","6305956250","","MIKE FLANNERY","President","M","33200000","214","507200","Whl Hardware","5","0","1"
"84294","Marsh Supermarket","csy@systempia.com","208 E Southway Blvd","9735230217","7658657520","541105","Grocers-Retail","www.c-town.com"," Email <---> Revenue ","370599","Marsh Supermarket","208 E Southway Blvd","Kokomo","IN","46902","Howard","www.marshsupermarkets.com","7658657520","7654558657","Jim Barney","Manager","Mal","25480000","140","541105","Grocers-Reta","5","0","1"
"145998","Fairbanks","Cross-Helene@fairbankscasters.com","8102 Clearvista Pkwy","NULL","3178498222","839901","Drug Abuse & Addiction Info & Treatment","NULL"," Email <---> Revenue ","295583","Fairbanks","8102 Clearvista Pkwy","Indianapolis","IN","46256","Marion","www.fairbankscd.org","3178498222","","Helene Cross","CEO","Fem","40850000","190","839901","Drug Abuse &","5","0","1"
"171311","Fort Wayne Metals Research","claude_balestra@fwmetals.com","9609 Indianapolis Rd","2607470398","2607474154","349903","Metal Goods-Manufacturers","www.fortwaynemetals.com"," Email <---> Revenue ","303107","Fort Wayne Metals Research","9609 Indianapolis Rd","Fort Wayne","IN","46809","Allen","www.fortwaynemetals.com","2607474154","2607470398","Mark Michael","President","Mal","34250000","250","349903","Metal Goods-","5","0","1"
"54818","Casting Service","cjohnson@alleghenytechnologies.com","300 Philadelphia St","2193624413","2193621000","332198","Gray & Ductile Iron Foundries","www.castingservice.com"," Email <---> Revenue ","253799","Casting Service","300 Philadelphia St","Laporte","IN","46350","La Porte","www.castingservice.com","2193621000","2193624413","David R Neil","President","Mal","25000000","0","332198","Gray & Ducti","5","0","1"
"43949","Flooring America","CCobey@flooring-america.com","2210 Us Highway 41","2198658186","2198648453","571305","Carpet & Rug Dealers-New","NULL"," Email <---> Revenue ","72562","FLOORING AMERICA","2210 US HIGHWAY 41","SCHERERVILLE","IN","46375","Lake","","2198648453","","","Unknown","","26000000","10950","571301","Carpets","5","0","1"
"176326","WILSON Trailer Sales","brent.cox@wilsontrailer.com","417 Ransdell Rd","6056658980","7654824684","501212","Trailers-Truck (Wholesale)","www.wilsontrailer.com"," Email <---> Revenue ","469805","WILSON Trailer Sales","417 Ransdell Rd","Lebanon","IN","46052","Boone","www.wilsontrailer.com","7654824684","7654850195","Rick Davis","Manager","Mal","37000000","10","501212","Trailers-Tru","5","0","1"
"17754","Blanchard Machinery","BPhil@blanchardmachinery.com","1717 S Bend Ave # G","NULL","5742439190","508524","Machinery-Used (Wholesale)","NULL"," Email <---> Revenue ","22897","BLANCHARD MACHINERY","1717 S BEND AVE STE G","SOUTH BEND","IN","46637","St. Joseph","","5742439190","","PHIL BLANCHARD","Manager","M","49800000","649","508509","Machinery-Us","5","0","1"
"107355","Marc Promotions","bob.simonson@marcpromotions.com","3365 Commerce Dr","8123788280","8123728133","519917","Advertising-Specialties (Wholesale)","NULL"," Email <---> Revenue ","122486","MARC PROMOTIONS","3365 COMMERCE DR","COLUMBUS","IN","47201","Bartholomew","","8123728133","","TONY BUCCI","President","M","43600000","400","239500","Pleating, St","5","0","1"
"196151","WSJV","birthdays@fox28.com","58096 County Road 7","5742941267","5746799758","483301","Television Stations & Broadcasting CO","www.fox28.com"," Email <---> Revenue ","209372","WSJV","58096 COUNTY ROAD 7","ELKHART","IN","46517","Elkhart","","5746799758","5742941267","STEVE MORRIS","Executive Director","M","43200000","900","483300","Tv Brdcstg S","5","0","1"
"156165","Barodge Auto Pool","bhoward@barodge.com","696 E State Road 26","7653483900","7653484600","501204","Automobile Auctions (Wholesale)","www.barodge.com"," Email <---> Revenue ","233548","Barodge Auto Pool","696 E State Road 26","Hartford City","IN","47348","Blackford","www.barodge.com","7653484600","7653483900","Joan Howard","Owner","Fem","44400000","12","501204","Automobile A","5","1","1"
"99289","American Art Clay","Barry_William@amaco.com","6060 Guion Rd","3172489300","3172446871","594513","Ceramic Equipment & Supplies","NULL"," Email <---> Revenue ","221854","American Art Clay","6060 Guion Rd","Indianapolis","IN","46254","Marion","www.amaco.com","3172446871","3172489300","William Barry","President","Mal","27800000","150","594513","Ceramic Equi","5","0","1"
"148729","FBI Buildings Inc","barry@fbibuildings.com","3823 W 1800 S","NULL","2192612157","344898","Prefabricated Metal Buildings (Mfrs)","NULL"," Email <---> Revenue ","69229","FBI BUILDINGS INC","3823 W 1800 S","REMINGTON","IN","47977","Jasper","","2192612157","","BARRY BAHLER","Chief Executive Office","M","25600000","320","344800","Prefab Metal","5","0","1"
"194380","Padgett Inc","awells@padgett-inc.com","901 E 4th St","8129493429","8129452391","344198","Fabricated Structural Metal (Mfrs)","www.padgett-inc.com"," Email <---> Revenue ","397621","Padgett Inc","901 E 4th St","New Albany","IN","47150","Floyd","www.padgett-inc.com","8129452391","8129493429","James R Padgett","President","Mal","32850000","150","344198","Fabricated S","5","0","1"
"92168","Aircom Manufacturing Inc","rlyon@aircommfg.com","6205 E 30th St","3175427365","3175455383","308902","Plastics & Plastic Products (Mfrs)","NULL"," Email <---> Revenue ","6676","AIRCOM MANUFACTURING INC","6205 E 30TH ST","INDIANAPOLIS","IN","46219","Marion","","3175455383","","RONALD W LYON","President","M","25600000","400","308900","Plastic Pdts","5","0","1"
"180227","ORC Plastics","mike@laf-flowers.com","2450 Sagamore Pkwy S","7654748785","7654742421","308901","Mold Makers","www.rostone.com"," Email <---> Revenue ","392976","ORC Plastics","2450 Sagamore Pkwy S","Lafayette","IN","47905","Tippecanoe","www.rostone.com","7654742421","7654748785","Keith Howe","President","Mal","30000000","100","308901","Plastics-Mol","5","0","1"
"179139","CLARCOR Air Filtration Prods","mzentner@interfacinc.com","2234 E Market St","8129493509","8129446793","356406","Filters-Air & Gas-Manufacturers","www.airguard.com"," Email <---> Revenue ","249074","CLARCOR Air Filtration Prods","2234 E Market St","New Albany","IN","47150","Floyd","www.airguard.com","8129446793","8129493509","Tom Jones","Plant Mgr","Mal","35600000","200","356406","Filters-Air ","5","0","1"
"184917","Walsh & Kelly Inc","mikes@walshkelly.com","1700 E Main St","2199248768","2199245900","295101","Asphalt & Asphalt Products-Manufacturers","www.walshkelly.com"," Email <---> Revenue ","471239","Walsh & Kelly Inc","1700 E Main St","Griffith","IN","46319","Lake","www.walshkelly.com","2199245900","2199248768","Jeff Swan","Manager","Mal","28500000","51","295101","Asphalt & As","5","0","1"
"60884","LABSCO Inc","labsco@labsco.com","7721 Records St","3175476705","3175466872","504704","Physicians & Surgeons Equip & Supls-Whol","www.labsco.com"," Email <---> Revenue ","112541","LABSCO INC","7721 RECORDS ST","INDIANAPOLIS","IN","46226","Marion","","3175466872","","JAYNE LANCASTER","Manager","F","26600000","182","504703","Medical Equi","5","0","1"
"125553","Gates Toyota Inc","jvanduessen@gatestoyota.com","401 S Lafayette Blvd","NULL","5742374999","551103","Automobile Dealers-Used Cars","NULL"," Email <---> Revenue ","77468","GATES TOYOTA INC","333 W WESTERN AVE","SOUTH BEND","IN","46601","St. Joseph","","5742374999","","BILL GATES","Owner","M","40400000","100","551100","New & Used C","5","0","1"
"193522","L & W Engineering","rah@lw-eng.com","107 Industrial Pkwy E","5748251006","5748255351","556101","Recreational Vehicles-Equip/Parts/Svc","www.lw-eng.com"," Email <---> Revenue ","111872","L & W ENGINEERING","107 INDUSTRIAL PKWY E","MIDDLEBURY","IN","46540","Elkhart","","5748255351","","ROGER HUFFMAN","Vice-President","M","35000000","125","556100","Recreational","5","0","1"
"8626","Rug Doctor","Norman@rugdoctor.com","2101 S State Ave","3177870892","3177870351","735910","Rental Service-Stores & Yards","NULL"," Email <---> Revenue ","165883","RUG DOCTOR","2101 S STATE AVE","INDIANAPOLIS","IN","46203","Marion","","3177870351","","NORMAN MUERER","President","M","37200000","2150","735901","Rental Ser-S","5","0","1"
"68825","Talbert Manufacturing Inc","stephanie.culp@talbertmfg.com","1628 W State Road 114","2198665437","2198667141","371598","Truck-Trailer (Manufacturers)","NULL"," Email <---> Revenue ","451683","Talbert Manufacturing Inc","1628 W State Road 114","Rensselaer","IN","47978","Jasper","www.talbertmfg.com","2198667141","2198665437","Rick Odle","President","Mal","25700000","200","371598","Truck-Traile","5","0","1"
"170994","Stained Glass Overlay","MarthaDenstorff@stainedglassbysgo.com","19620 Highway 57","NULL","8129834263","523103","Glass-Stained & Leaded","NULL"," Email <---> Revenue ","179455","STAINED GLASS OVERLAY","19620 HIGHWAY 57","EVANSVILLE","IN","47725","Vanderburgh","","8129834263","","MARTHA DENSTORFF","Owner","F","40200000","600","523101","Glass","5","0","1"
"177816","Colorcon Inc","marketinguspharm@colorcon.com","3702 E 21st St","2156612605","3175456211","516916","Chemicals (Wholesale)","www.colorcon.com"," Email <---> Revenue ","264295","Colorcon Inc","3702 E 21st St","Indianapolis","IN","46218","Marion","www.colorcon.com","3175456211","3175456218","Steven Bennett","Manager","Mal","37037000","37","516916","Chemicals (W","5","0","1"
"45762","National Programming","Mike@callnps.com","7999 Knue Rd","3178423961","3178454400","874213","Marketing Programs & Services","NULL"," Email <---> Revenue ","136716","NATIONAL PROGRAMMING","7999 KNUE RD STE 200","INDIANAPOLIS","IN","46250","Marion","","3178454400","","MIKE MOUNTFORD","Chief Executive Office","M","27500000","110","874203","Mrkting Cons","5","0","1"
"175235","American Consulting Co","hrdept@amercons.com","7260 Shadeland Sta","3175430270","3175475580","871133","Engineers-Professional","www.amercons.com"," Email <---> Revenue ","222052","American Consulting Co","7260 Shadeland Sta","Indianapolis","IN","46256","Marion","www.amercons.com","3175475580","3175430270","Jim Wurster","Manager","Mal","30020000","190","871133","Engineers-Pr","5","0","1"
"122203","Ryobi Die Casting USA Inc","dave.fisher@ryobi.com","800 W Mausoleum Rd","3173982873","3173983398","336398","Aluminum Die Castings (Manufacturers)","www.ryobidiecasting.com"," Email <---> Revenue ","166467","RYOBI DIE CASTING USA INC","800 W MAUSOLEUM RD","SHELBYVILLE","IN","46176","Shelby","","3173983398","","TOM JOHNSON","President","M","38400000","652","336300","Alum Die-Cas","5","0","1"
"183481","CTI Inc","ctikingman@ctitruck.com","11930 N Hartman Dr","4178647784","8125269737","421210","Trucking-Dump","www.ctitruck.com"," Email <---> Revenue ","49367","CTI INC","11930 N HARTMAN DR","EDINBURGH","IN","46124","Johnson","","8125269737","","KEITH ROBERTS","Owner","M","25000000","250","421206","Dump Truck H","5","0","1"
"126177","Helmer Labs Inc","mfoley@helmerinc.com","15425 Herriman Blvd","3177739082","3177739073","504906","Laboratory Equipment & Supplies (Whol)","www.helmerinc.com"," Email <---> Revenue ","323068","Helmer Labs Inc","15425 Herriman Blvd","Noblesville","IN","46060","Hamilton","www.helmerinc.com","3177739073","3177739082","David Helmer","President","Mal","45032000","104","504906","Laboratory E","5","0","1"
"104953","K-Z Inc","kz@kz-rv.com","9270 W Us Highway 20","2607684017","5748255619","379202","Trailers-Camping & Travel-Manufacturers","www.thervcenter.com"," Email <---> Revenue ","106802","K-Z INC","985 N 900 W","SHIPSHEWANA","IN","46565","","","5748255619","","DARYL ZOOK","Owner","M","33500000","500","379200","Tvl Trailers","5","0","1"
"160422","Riley Oil Co","bobriley@rileyoil.com","110 E Main St","8127235512","8127232294","517206","Oils-Fuel (Wholesale)","NULL"," Email <---> Revenue ","420151","Riley Oil Co","110 E Main St","Paoli","IN","47454","Orange","","8127232294","8127235512","David Riley","Owner","Mal","43602000","13","517206","Oils-Fuel (W","5","0","1"
"90156","Truck City Of Gary Inc","orderparts@truckcityofgary.com","7360 Chicago Ave","2199494085","2199498595","551105","Truck-Dealers","www.truckcityofgary.com"," Email <---> Revenue ","460573","Truck City Of Gary Inc","7360 Chicago Ave","Gary","IN","46406","Lake","www.truckcityofgary.com","2199498595","2199494085","Art Davis","President","Mal","29115000","45","551105","Truck-Dealer","5","2","1"
"79409","American Legion","pcm@pcgraphicsltd.com","1800 W 3rd St","8123340530","8123340500","864102","Veterans'' & Military Organizations","www.alpost18.org"," Email <---> Revenue ","10236","AMERICAN LEGION","1800 W 3RD ST","BLOOMINGTON","IN","47404","Monroe","","8123340500","","MIKE PATE","Manager","M","29400000","34762","864102","Vet/Mil Org","5","0","1"
"192953","Lovett Pallet Recycling","paul@lovettpallet.com","3701 W Morris St","3174848270","3174848260","503105","Pallets & Skids (Wholesale)","www.lovettpallet.com"," Email <---> Revenue ","364385","Lovett Pallet Recycling","3701 W Morris St","Indianapolis","IN","46241","Marion","www.lovettpallet.com","3174848260","3174848270","Paul Lovett","Owner","Mal","35300000","50","503105","Pallets & Sk","5","0","1"
