mail id,company,email,address,phone,fax,sic,sic description,web,,revenue id,company,address,city,state,zip,	metro,web,phone,fax,contact,position,gender,sales,# of employee,sic,sic_descrpiton,	,,
"152271","Omni Plastics","wvieth@omnithermoplastics.com","515 W Tennessee St","8124218915","8124218900","282101","Plastics-Raw Mtrls/Powder/Resin-Mfrs","www.omnithermoplastics.com"," Email <---> Revenue ","394695","Omni Plastics","515 W Tennessee St","Evansville","IN","47710","Vanderburgh","www.omnithermoplastics.com","8124218900","8124218915","William Bieth","Owner","Mal","13370000","14","282101","Plastics-Raw","4","0","1"
"166015","Motionwear Inc","work@motionwear.com","1315 Sunday Dr","3177804188","3177800609","569904","Dancing Supplies","www.motionwear.com"," Email <---> Revenue ","133883","MOTIONWEAR INC","1315 SUNDAY DR","INDIANAPOLIS","IN","46217","Marion","","3177800609","","THOMAS WILSON","President","M","12000000","200","275900","Coml Printin","4","0","1"
"105062","Williams Industries","wjwilliams@williamsindustries.com","2201 E Michigan Rd","3173983561","3173924701","308902","Plastics & Plastic Products (Mfrs)","NULL"," Email <---> Revenue ","207122","WILLIAMS INDUSTRIES","2201 E MICHIGAN RD","SHELBYVILLE","IN","46176","Shelby","","3173924701","","WILLIAM J WILLIAMS","President","M","11200000","153","282100","Plas Mtls & ","4","0","1"
"108095","SMC Corp Of America","websupport@smcusa.com","3011 N Franklin Rd","5129267055","3178994440","359998","Indstrl/Coml Machinery/Equip Nec (Mfrs)","www.smcusa.com"," Email <---> Revenue ","174147","SMC CORP OF AMERICA","3011 N FRANKLIN RD","INDIANAPOLIS","IN","46226","Marion","","3178994440","","","Unknown","","15800000","818","359900","Industrial M","4","0","1"
"189911","Hadady Corp","wagnerg@hadadycorp.com","1832 Lake St","2198656579","2193227417","359998","Indstrl/Coml Machinery/Equip Nec (Mfrs)","www.hadadycorp.com"," Email <---> Revenue ","84535","HADADY CORP","1832 LAKE ST","DYER","IN","46311","Lake","","2193227417","","JANE SULLIVAN","Chief Executive Office","F","10400000","125","359900","Industrial M","4","0","1"
"161254","Jet Technologies Inc","tsullivan@jettechinc.com","23892 Cooper Dr","5742643209","5742643613","509908","Manufacturers-Agents & Representatives","NULL"," Email <---> Revenue ","342926","Jet Technologies Inc","23892 Cooper Dr","Elkhart","IN","46514","Elkhart","www.jettechinc.com","5742643613","5742643209","Todd Sullivan","President","Mal","23600000","25","509908","Manufacturer","4","0","1"
"43096","Current Inc","trcurrent@currenthvac.com","2120 E Washington Blvd # A","2604241938","2604208138","171117","Air Conditioning Contractors & Systems","NULL"," Email <---> Revenue ","49728","CURRENT INC","2120 E WASHINGTON BLVD","FORT WAYNE","IN","46803","Allen","","2604208138","","ROBERT CURRENT","Chief Executive Office","M","15800000","90","171104","Heating,Air ","4","0","1"
"23609","Woodcrest Manufacturing Inc","tisdjpt@woodcrestmfg.com","150 E Washington Ave","7654725362","7654724471","259901","Furniture-Manufacturers","www.woodcrestmfg.com"," Email <---> Revenue ","479148","Woodcrest Manufacturing Inc","150 E Washington Ave","Peru","IN","46970","Miami","www.woodcrestmfg.com","7654724471","7654725362","W B Woodhams","President","Mal","22800000","150","259901","Furniture-Ma","4","0","1"
"190522","Tasus Corp","texhr@tasus.com","300 Daniels Way","8123336521","8123336500","308902","Plastics & Plastic Products (Mfrs)","www.tasus.com"," Email <---> Revenue ","186973","TASUS CORP","300 N DANIELS WAY","BLOOMINGTON","IN","47404","Monroe","","8123336500","","MELANIE HART","President","F","11800000","224","308900","Plastic Pdts","4","0","1"
"168277","Shuttleworth Inc","t.eckert@shuttleworth.com","10 Commercial Rd","2603597810","2603568500","353501","Conveyors & Conveying Equipment-Mfrs","www.shuttleworth.com"," Email <---> Revenue ","434337","Shuttleworth Inc","10 Commercial Rd","Huntington","IN","46750","Huntington","www.shuttleworth.com","2603568500","2603597810","Carol Shuttleworth","Owner","Fem","18200000","70","353501","Conveyors & ","4","0","1"
"192856","Automated Mailing Equipment","suppliers@neopostinc.com","7719 Loma Ct","3058226679","3178491106","504415","Mailing Machines & Equipment (Wholesale)","www.neopostinc.com"," Email <---> Revenue ","229761","Automated Mailing Equipment","7719 Loma Ct","Fishers","IN","46038","Hamilton","www.ame-mail.com","3178491106","3178410936","Joe Baker","Owner","Mal","13320000","40","504415","Mailing Mach","4","0","1"
"185237","Lochmandy Motors","struble.gary@lochmandymotors.com","1226 W Bristol St","5742669451","5742641174","551103","Automobile Dealers-Used Cars","NULL"," Email <---> Revenue ","363097","Lochmandy Motors","1226 W Bristol St","Elkhart","IN","46514","Elkhart","www.lochmandymotors.com","5742641174","5742669451","Craig Lochmandy","Owner","Mal","16175000","25","551103","Automobile D","4","1","1"
"151659","National Construction","Steve@nationalworkforce.com","7220 Georgetown Rd # 200","3172994111","3172991222","874104","Construction Management","NULL"," Email <---> Revenue ","386737","National Construction","7220 Georgetown Rd # 200","Indianapolis","IN","46268","Marion","www.nationalworkforce.com","3172991222","3172994111","Steve Whise","Owner","Mal","12474000","99","874104","Construction","4","0","1"
"165607","Southern Indiana REC Inc","sirec@sirec.com","1776 10th St","8125476853","8125472316","491101","Electric Companies","www.sirec.com"," Email <---> Revenue ","438368","Southern Indiana REC Inc","1776 10th St","Tell City","IN","47586","Perry","www.sirec.com","8125472316","8125476853","Michael Hammack","Manager","Mal","16632000","27","491101","Electric Com","4","0","1"
"182831","Jacobi Kawasaki-Palmyra","sellersburg@jacobisales.com","425 Main St NE","8125231084","8123646141","508310","Farm Equipment (Wholesale)","www.jacobisales.com"," Email <---> Revenue ","339614","Jacobi Kawasaki-Palmyra","425 Main St NE","Palmyra","IN","47164","Harrison","www.jacobisales.com","8123646141","8123646157","Philip Jacobi","Owner","Mal","14100000","30","508310","Farm Equipme","4","0","1"
"151595","Marvel Industries","sangi@marvelindustries.com","PO Box 997","7704656409","null","738999","Business Services Nec","MARVELINDUSTRIES.COM"," Email <---> Revenue ","124143","MARVEL INDUSTRIES","233 INDUSTRIAL PKWY","RICHMOND","IN","47374","Wayne","","7659622521","7659622493","STEVE FORTNER","Operations Manager","M","15000000","100","506400","Elc Appls,Tv","4","0","1"
"191766","Kentuckiana Mack Sales & Svc","salesdept@kentuckianamack.com","1606 Progress Way","8122802111","8122802100","551105","Truck-Dealers","www.kentuckianamack.com"," Email <---> Revenue ","108331","KENTUCKIANA MACK SALES & SVC","1606 PROGRESS WAY","CLARKSVILLE","IN","47129","Clark","","8122802100","","JOHN O'MALLEY","Owner","M","14900000","37","551101","Truck Dealer","4","0","1"
"175374","International Revolving Door","S_Rahmi@internationalrevolvingdoors.com","2100 N 6th Ave","8124262682","8124253311","344106","Steel-Structural (Manufacturers)","NULL"," Email <---> Revenue ","335973","International Revolving Door","2100 N 6th Ave","Evansville","IN","47710","Vanderburgh","","8124253311","8124262682","Rahmi Soyugenc","Owner","Mal","16644000","76","344106","Steel-Struct","4","0","1"
"173295","Weihe Construction Inc","rweihe@weiheconstruction.com","15215 Stony Creek Way","3177763050","3177762966","179403","Excavating Contractors","NULL"," Email <---> Revenue ","473466","Weihe Construction Inc","15215 Stony Creek Way","Noblesville","IN","46060","Hamilton","","3177762966","3177763050","Robert Weihe","Owner","Mal","14310000","90","179403","Excavating C","4","0","1"
"113841","Triangle Rubber Co","rpippenger@trianglerubberco.com","1924 Elkhart Rd","5745340416","5745333118","508548","Rubber Products-Wholesale","www.trianglerubberco.com"," Email <---> Revenue ","192949","TRIANGLE RUBBER CO","1924 ELKHART RD","GOSHEN","IN","46526","Elkhart","","5745333118","5745340416","PAUL GERWELS","President","M","23400000","135","508511","Rubber Produ","4","0","1"
"178817","Warehouse Services Inc","rleytush@sionline.com","2101 Hwy 61 S","2127307730","8128314053","422505","Warehouses-Merchandise & Self Storage","www.sionline.com"," Email <---> Revenue ","202538","WAREHOUSE SERVICES INC","PO BOX 608","MOUNT VERNON","IN","47620","Posey","","8128314053","","BARRY COX","President","M","17000000","200","422501","General Ware","4","0","1"
"73955","VINCENNES TRACTOR INC","rick@vincennestractor.com","3230 Johnson Rd","8128825750","8128820943","352304","Mfg Farm Machinery/equipment","VINCENNESTRACTOR.COM"," Email <---> Revenue ","468613","Vincennes Tractor Inc","3971 S Us Highway 41","Vincennes","IN","47591","Knox","","8128825750","","Rick Lineburg","Owner","Mal","14652000","22","508206","Contractors-","4","0","1"
"8303","Villa International","rick@thompsoncoach.com","4733 Eastland Dr","5743898383","5743898383","556101","Recreational Vehicles-Equip/Parts/Svc","www.thompsoncoach.com"," Email <---> Revenue ","199938","VILLA INTERNATIONAL","4733 EASTLAND DR","ELKHART","IN","46516","Elkhart","","5743898383","","TOM NICKEL","Manager","M","11200000","40","556100","Recreational","4","0","1"
"157816","Business Furniture Corp","richardg@spiritwolfx.com","6102 Victory Way","4102358382","3172161600","502112","Office Furniture & Equip-Dealers (Whol)","www.pricemodern.com"," Email <---> Revenue ","29236","BUSINESS FURNITURE CORP","6102 VICTORY WAY","INDIANAPOLIS","IN","46278","Marion","","3172161600","","DEBRA WARE","Chief Executive Office","F","21300000","100","502101","Off,Public B","4","0","1"
"113016","Lau Industries","richard@lau.com","510 N State Road 25","5742233903","5742233181","356401","Fans-Industrial & Commercial-Mfrs","www.lau.com"," Email <---> Revenue ","114554","LAU INDUSTRIES","510 N STATE ROAD 25","ROCHESTER","IN","46975","","","5742233181","","SCOTT MARQUARDT","Manager","M","16900000","1545","356400","Ind Blowers ","4","0","1"
"128415","Print Communications Inc","randy@pciprint.com","2457 E Washington St","3172669395","3172668208","275202","Printers","NULL"," Email <---> Revenue ","154484","PRINT COMMUNICATIONS INC","2457 E WASHINGTON ST","INDIANAPOLIS","IN","46201","Marion","","3172668208","","RANDY STEENBERGEN","Chief Executive Office","M","11000000","160","275200","Litho,Coml P","4","0","1"
"194316","Urschel Laboratories","R_Urschel@urschel.com","2503 Calumet Ave","2194623879","2194644811","355698","Food Products-Machinery (Manufacturers)","NULL"," Email <---> Revenue ","465570","Urschel Laboratories","2503 Calumet Ave","Valparaiso","IN","46383","Porter","","2194644811","2194623879","Robert Urschel","CEO","Mal","21669000","264","355698","Food Product","4","0","1"
"117569","Cruise Planners","R.J@cruiseplanners.com","12656 Crescent Dr","NULL","3178481169","472406","Cruises","NULL"," Email <---> Revenue ","49160","CRUISE PLANNERS","12656 CRESCENT DR","CARMEL","IN","46032","Hamilton","","3178481169","","ROBERT JOHNSTON","President","M","10100000","819","472400","Travel Agenc","4","0","1"
"122332","Electrical Equipment Co Inc","projectmgmt@eeco-online.com","5150 E 65th St # A","3178494116","3178494883","506304","Security Control Equip & Systems-Whol","www.eeco-online.com"," Email <---> Revenue ","290426","Electrical Equipment Co Inc","5150 E 65th St # A","Indianapolis","IN","46220","Marion","www.eeco-online.com","3178494883","3178494116","Bob Smith","Owner","Mal","13160000","20","506304","Security Con","4","0","1"
"190317","Time Warner Telecom","pr@twtelecom.com","4625 W 86th St # 500","4072156801","3177138900","481304","Telephone Companies","www.twtelecom.com"," Email <---> Revenue ","455896","Time Warner Telecom","4625 W 86th St # 500","Indianapolis","IN","46268","Marion","www.twtelecom.com","3177138900","3177138999","Barbara Hansen","Manager","Fem","13320000","40","481304","Telephone Co","4","0","1"
"191574","Micro Metal Corp","pjoliffe@micrometl.com","3035 N Shadeland Ave","3175435986","3175435980","344198","Fabricated Structural Metal (Mfrs)","www.micrometl.com"," Email <---> Revenue ","377978","Micro Metal Corp","3035 N Shadeland Ave","Indianapolis","IN","46226","Marion","www.micrometl.com","3175435980","3175435986","Larry Smith","Plant Mgr","Mal","13800000","160","344198","Fabricated S","4","0","1"
"182746","Asplundh Tree Expert Co","pipeline@asplundh.com","3971 W 10th St","3172411176","3172411175","078301","Tree Service","www.asplundh.com"," Email <---> Revenue ","228190","Asplundh Tree Expert Co","3971 W 10th St","Indianapolis","IN","46222","Marion","www.asplundh.com","3172411175","3172411176","Jeff Duncan","Manager","Mal","12600000","150","78301","Tree Service","4","0","1"
"116633","Service Sanitation","paul@fmmultimedia.com","135 Blaine St","7087987773","2199497000","735922","Toilets-Portable","www.homewooddisposal.com"," Email <---> Revenue ","170608","SERVICE SANITATION","135 BLAINE ST","GARY","IN","46406","Lake","","2199624704","","JOHN PAUSMA","President","M","14400000","80","735900","Eqp Rental, ","4","0","1"
"102605","Beam Longest & Neff","palley@b-l-n.com","8126 Castleton Rd","3043432488","3178495832","871133","Engineers-Professional","www.b-l-n.com"," Email <---> Revenue ","234559","Beam Longest & Neff","8126 Castleton Rd","Indianapolis","IN","46250","Marion","www.b-l-n.com","3178495832","3178414280","Jim Longest","President","Mal","17696000","112","871133","Engineers-Pr","4","0","1"
"113753","Officeworks","O-Tom@officeworks.net","12000 Exit 5 Pkwy","3175773550","3175773510","502112","Office Furniture & Equip-Dealers (Whol)","NULL"," Email <---> Revenue ","142188","OFFICEWORKS","12000 EXIT 5 PKWY","FISHERS","IN","46037","Hamilton","","3175773510","","TOM O'NEIL","President","M","17000000","184","502101","Off,Public B","4","0","1"
"190748","Brazeway Indiana Inc","okostrubsky@brazeway.com","1109 Lincoln St","5172636416","3173922533","335498","Aluminum Extruded Products (Mfrs)","www.brazeway.com"," Email <---> Revenue ","242991","Brazeway Indiana Inc","1109 Lincoln St","Shelbyville","IN","46176","Shelby","www.brazeway.com","3173922533","3173922538","Marybeth Bott","Manager","Fem","13250000","50","335498","Aluminum Ext","4","0","1"
"5582","Northern Electric Co Inc","neco@northernelectricco.com","116 N Hill St","5742897795","5742897791","506333","Electric Motors-Dlrs/Repairing (Whol)","www.northernelectricco.com"," Email <---> Revenue ","391574","Northern Electric Co Inc","116 N Hill St","South Bend","IN","46617","St Joseph","www.northernelectricco.com","5742897791","5742897795","Howard Dosmann","Owner","Mal","23030000","35","506333","Electric Mot","4","0","1"
"160635","Centurion Industries","mworkman@centurionind.com","null","6024381001","6024318270","738999","Business Services Nec","CENTURIONIND.COM^^TFCCANOPY.COM"," Email <---> Revenue ","35324","CENTURION INDUSTRIES","1107 N TAYLOR RD","GARRETT","IN","46738","DeKalb","","2603576665","","BARD PARISH","President","M","17500000","100","599900","Misc Retail ","4","0","1"
"154757","WIELAND FURNITURE","mschneider@wielandfurniture.com","6679 Maple grove Road","2196273686","null","571216","Furniture","WEILANDFURNITURE.COM"," Email <---> Revenue ","206545","WIELAND FURNITURE","PO BOX 1000","GRABILL","IN","46741","Allen","","2606273686","","STAN SCHNEIDER","Vice-President","M","10300000","134","259900","Frn & Fixtur","4","0","1"
"126365","Logisco Trans-City Div","mjones@teamlogisco.com","3100 Reeves Rd","5013755009","3178377007","422505","Warehouses-Merchandise & Self Storage","www.teamlogisco.com"," Email <---> Revenue ","363391","Logisco Trans-City Div","3100 Reeves Rd","Plainfield","IN","46168","Hendricks","www.teamlogisco.com","3178377007","3178377015","Gary Holt","Plant Mgr","Mal","12726000","101","422505","Warehouses-M","4","0","1"
"113256","Printpack","misban@printpack.com","303 N Curry Pike","9726415871","8123399294","308910","Plastics-Products-Finished-Manufacturers","www.printpack.com"," Email <---> Revenue ","409233","Printpack","303 N Curry Pike","Bloomington","IN","47404","Monroe","www.printpack.com","8123399294","8123399297","Dan Acus","Plant Mgr","Mal","24600000","150","308910","Plastics-Pro","4","0","1"
"180612","Johnson County REMC","millert@jcremc.com","750 International Dr","3177368185","3177366174","491101","Electric Companies","www.jcremc.com"," Email <---> Revenue ","345242","Johnson County REMC","750 International Dr","Franklin","IN","46131","Johnson","www.jcremc.com","3177366174","3177368185","Chet Aubin","Manager","Mal","14900000","45","491101","Electric Com","4","0","1"
"133124","Madison Precision Products Inc","michihikokato@madisonprecision.com","94 E 400 N","8122732451","8122734702","336502","Castings-Aluminum (Manufacturers)","www.madisonprecision.com"," Email <---> Revenue ","121042","MADISON PRECISION PRODUCTS INC","94 E 400 N","MADISON","IN","47250","Jefferson","","8122734702","","MASAHIKO JOMOTO","President","M","22400000","400","336500","Aluminum Fou","4","0","1"
"134314","Moorehead Electric Co Inc","meco@meco1.com","1702 W Jeffras Ave","7656688194","7656688139","173101","Electric Contractors","www.mooreheadelectric.com"," Email <---> Revenue ","382564","Moorehead Electric Co Inc","1702 W Jeffras Ave","Marion","IN","46952","Grant","www.mooreheadelectric.com","7656688139","7656688194","Jerry Albrecht","Owner","Mal","17000000","50","173101","Electric Con","4","2","1"
"170341","Safetylane Equipment Corp","matt@usalift.com","115 N College Ave # 211","8123338000","8123338000","517202","Service Station Equipment (Wholesale)","www.usalift.com"," Email <---> Revenue ","426718","Safetylane Equipment Corp","115 N College Ave # 211","Bloomington","IN","47404","Monroe","www.usalift.com","8123338000","","Peter Haralovich","Owner","Mal","13416000","4","517202","Service Stat","4","0","1"
"176880","Warner Bodies","mark@warnerbodies.com","1699 S 8th St","3177731715","3177732100","371398","Truck & Bus Bodies (Manufacturers)","www.warnerbodies.com"," Email <---> Revenue ","471629","Warner Bodies","1699 S 8th St","Noblesville","IN","46060","Hamilton","www.warnerbodies.com","3177732100","3177731715","Mark Boice","President","Mal","16320000","60","371398","Truck & Bus ","4","0","1"
"118487","A & M Farm Ctr Inc","mabbett@amfarmcenter.com","300 S State Road 49","2194651829","2194648640","508310","Farm Equipment (Wholesale)","NULL"," Email <---> Revenue ","211763","A & M Farm Ctr Inc","300 S State Road 49","Valparaiso","IN","46383","Porter","","2194648640","2194651829","Mark Abbett","Owner","Mal","13944000","28","508310","Farm Equipme","4","0","1"
"31156","Smoothie King","M_Bob@smoothieking.com","4212 Charlestown Rd","8129455454","8129455464","549901","Health & Diet Foods-Retail","NULL"," Email <---> Revenue ","174565","SMOOTHIE KING","4214 CHARLESTOWN RD STE 1","NEW ALBANY","IN","47150","Floyd","","8129455464","","BOB MC ILVOY","Owner","M","17500000","3316","549901","Health & Die","4","0","1"
"180775","Culver Marina Inc","lynndirader@culvermarina.com","3000 E Shore Dr","5748422690","5748423375","555104","Boat Dealers Sales & Service","www.culvermarina.com"," Email <---> Revenue ","272069","Culver Marina Inc","3000 E Shore Dr","Culver","IN","46511","Marshall","www.culvermarina.com","5748423375","5748422690","David Campbell","President","Mal","11620000","35","555104","Boat Dealers","4","0","1"
"171519","Vestil Manufacturing Corp","literature@vestil.com","2999 N Wayne St","2606651339","2606657586","353703","Material Handling Equipment-Mfrs","www.vestilmfg.com"," Email <---> Revenue ","199321","VESTIL MANUFACTURING CORP","2999 N WAYNE ST","ANGOLA","IN","46703","Steuben","","2606657586","2606651339","RALPH TRINE","President","M","16200000","225","353700","Ind Trucks,T","4","0","1"
"127800","Elkhart Supply Corp","lewis.shaum@escousa.net","1126 Kent St","5742644303","5742644156","506330","Electric Equipment & Supplies-Wholesale","NULL"," Email <---> Revenue ","291127","Elkhart Supply Corp","1126 Kent St","Elkhart","IN","46514","Elkhart","www.escousa.net","5742644156","5742644303","Lewis Shaum","President","Mal","13160000","20","506330","Electric Equ","4","0","1"
"152882","Prairie Cable","lc-sales@lakecable.com","2700 Evans Ave","2195482799","2195482822","399903","Manufacturers","www.lakecable.com"," Email <---> Revenue ","153188","PRAIRIE CABLE","2700 EVANS AVE","VALPARAISO","IN","46383","Porter","","2195482822","","MARK DESPRES","Manager","M","17400000","80","399900","Mfg Industri","4","0","1"
"168536","Lagrange County REMC","laremc@lagrangeremc.com","206 S Detroit St","2604634329","2604637165","491101","Electric Companies","www.lagrangeremc.com"," Email <---> Revenue ","355874","Lagrange County REMC","1690 E 025 N","Lagrange","IN","46761","Lagrange","","2604637258","2604632887","Matt Eimer","Manager","Mal","12320000","20","491101","Electric Com","4","0","1"
"158232","Von Tobel Lumber & Hardware","lafayette@mail.vontobels.com","751 E Us Highway 30","2193228646","2193222222","521142","Lumber-Retail","www.vontobels.com"," Email <---> Revenue ","200980","VON TOBEL LUMBER & HARDWARE","751 E US HIGHWAY 30","SCHERERVILLE","IN","46375","Lake","","2193222222","2193228646","TIM AULT","Manager","M","17700000","299","521100","Lumber, Rel ","4","0","1"
"106731","Kenney Machinery","kmc@kmcturf.com","8420 Zionsville Road","3178702600","3178792331","864115","Natives Service Organizations","kenneyoutdoorsolutions.com"," Email <---> Revenue ","108193","KENNEY MACHINERY","8420 ZIONSVILLE RD","INDIANAPOLIS","IN","46268","Marion","","3178702600","","JAMES M KENNEY","President","M","14000000","80","526105","Lawn Mowers","4","0","1"
"46229","King's Jewelry","King@kingsjewelry.com","202 N Michigan St","NULL","5749362399","594409","Jewelers","NULL"," Email <---> Revenue ","109578","KING'S JEWELRY","202 N MICHIGAN ST","PLYMOUTH","IN","46563","Marshall","","5749362399","","WILL KING","Manager","M","12500000","411","594402","Jewel,Prec S","4","0","1"
"169171","Foster Printing Svc","kganz@fostereprints.com","4295 Ohio St","2198742849","2198798366","275998","Commercial Printing Nec","www.fostereprints.com"," Email <---> Revenue ","303396","Foster Printing Svc","4295 Ohio St","Michigan City","IN","46360","La Porte","www.fostereprints.com","2198798366","2198742849","Nicholas Griswold","Owner","Mal","12870000","90","275998","Commercial P","4","0","1"
"186658","Modular Builders Inc","keithravis@whitleyman.com","2756 Ft Wayne Rd","2607236949","5742234934","527104","Mobile Offices & Commercial Units","www.whitleyman.com"," Email <---> Revenue ","132473","MODULAR BUILDERS INC","2756 FT WAYNE RD","ROCHESTER","IN","46975","","","5742234934","5742238779","DAVE BLACK","Manager","M","18000000","283","527100","Mobile Home ","4","0","1"
"74916","Century Foam","kbowman@centuryfoam.com","2010 W Hively Ave","5742946283","5743898711","738965","Laminations-Plastic Paper Etc","www.centuryfoam.com"," Email <---> Revenue ","35407","CENTURY FOAM","2600 S NAPPANEE ST","ELKHART","IN","46517","Elkhart","","5742935547","5742946283","TOM TEACH","Chief Executive Office","M","15000000","100","519900","Nondurable G","4","0","1"
"49745","Bare Necessities","KaysPhyllis@barenecessities.com","14 E Main St","NULL","3178525815","593204","Consignment Shops","NULL"," Email <---> Revenue ","18364","BARE NECESSITIES","14 E MAIN ST","BROWNSBURG","IN","46112","Hendricks","","3178525815","","PHYLLIS KAYS","Manager","F","10000000","231","562103","Bridal Shops","4","0","1"
"137901","Wilco Pick-N-Save","kathyn@gafoods.net","861 S College Ave","2198668167","2198668080","541105","Grocers-Retail","www.gafoods.com"," Email <---> Revenue ","206621","WILCO PICK-N-SAVE","861 S COLLEGE AVE","RENSSELAER","IN","47978","Jasper","","2198668080","","CLIFF WOOD","Manager","M","13400000","75","541100","Grocery Stor","4","0","1"
"191993","Heartland Foods Inc","karen@gohfi.com","6815 E 34th St","3175471475","3175493663","514939","Food Service-Distributors","www.gohfi.com"," Email <---> Revenue ","322476","Heartland Foods Inc","6815 E 34th St","Indianapolis","IN","46226","Marion","www.gohfi.com","3175493663","3175471475","Karen Curry","Owner","Fem","16880000","20","514939","Food Service","4","0","1"
"147828","Transportation Safety Tech","k.knobel@tst-corp.com","2400 Roosevelt Ave","3172630977","3172639160","361398","Switchgear/Switchboard Apparatus (Mfrs)","www.tst-corp.com"," Email <---> Revenue ","458971","Transportation Safety Tech","2400 Roosevelt Ave","Indianapolis","IN","46218","Marion","www.tst-corp.com","3172639160","3172630977","","","","13200000","55","361398","Switchgear/S","4","0","1"
"193692","Design Industries","k.botkin@diinc.com","51 Koweba Ln","3172670631","3172670267","399903","Manufacturers","NULL"," Email <---> Revenue ","280524","Design Industries","51 Koweba Ln","Indianapolis","IN","46201","Marion","","3172670267","3172670631","Kirk Botkin","Owner","Mal","10480000","80","399903","Manufacturer","4","0","1"
"156822","Kinder Electric Co","judyk@kinderelectric.com","9087 Technology Dr","3178429366","3178420809","173101","Electric Contractors","www.kinderelectric.com"," Email <---> Revenue ","351401","Kinder Electric Co","9087 Technology Dr","Fishers","IN","46038","Hamilton","www.kinderelectric.com","3178420809","3178429366","David Kinder","Owner","Mal","10560000","80","173101","Electric Con","4","2","1"
"177129","Decatur Plastics","jsk@decaturplastics.com","PO Box 1079","8123465210","8123465159","308910","Plastics-Products-Finished-Manufacturers","NULL"," Email <---> Revenue ","278854","Decatur Plastics","3250 N State Highway 7","North Vernon","IN","47265","Jennings","www.decaturplastics.com","8123465159","8123465210","John Kussman","Owner","Mal","20500000","125","308910","Plastics-Pro","4","0","1"
"12932","Cox's Super Market","John-Cox@coxsupermarket.com","PO Box 59","7657247233","7657244777","541105","Grocers","NULL"," Email <---> Revenue ","47550","COX'S SUPER MARKET","302 N HARRISON ST","ALEXANDRIA","IN","46001","Madison","","7657244777","7657247233","JOHN COX","President","M","11600000","65","541100","Grocery Stor","4","0","1"
"118327","Beta Steel Corp","john.goodwin@betasteelcorp.com","6500 S Boundary Rd","2197878725","2197878200","331201","Steel Mills","NULL"," Email <---> Revenue ","21217","BETA STEEL CORP","6500 S BOUNDARY RD","PORTAGE","IN","46368","Porter","","2197878200","","FRED ROCCHIO","President","M","17000000","250","331200","Steel Works","4","0","1"
"67796","Mid-City Supply Co Inc","jnew@mid-city.com","940 Industrial Pkwy","5742954675","5742945551","343201","Plumbing Fixtures & Supplies-Mfrs","NULL"," Email <---> Revenue ","378194","Mid-City Supply Co Inc","940 Industrial Pkwy","Elkhart","IN","46516","Elkhart","www.mid-city.com","5742945551","5742954675","Jeffrey New","President","Mal","14500000","50","343201","Plumbing Fix","4","0","1"
"189478","Matrix Integration","jmack@matrixintegration.com","417 Main St","8126341550","8126341550","599904","Telephone Equipment & Supplies","www.matrixintegration.com"," Email <---> Revenue ","124854","MATRIX INTEGRATION","417 MAIN ST","JASPER","IN","47546","Dubois","","8126341550","","BRENDA STALLINGS","Owner","F","21000000","120","599906","Telephone,Co","4","0","1"
"167088","Polygon Co","jim.shobert@polygoncompany.com","PO Box 176","5745867336","5745863145","308902","Plastics & Plastic Products (Mfrs)","NULL"," Email <---> Revenue ","152138","POLYGON CO","103 INDUSTRIAL PARK DR","WALKERTON","IN","46574","St. Joseph","","5745863145","5745867336","CHARLES MITCHELL","President","M","16600000","260","308900","Plastic Pdts","4","0","1"
"169780","Brothers Express Inc","jhaiflich@brothersexpress.com","3227 W Coliseum Blvd","2603730324","2603732273","421309","Trucking-Motor Freight","www.brothersexpress.com"," Email <---> Revenue ","244684","Brothers Express Inc","3227 W Coliseum Blvd","Fort Wayne","IN","46808","Allen","www.brothersexpress.com","2603732273","2603730324","Sam Rykard","Manager","Mal","16610000","110","421309","Trucking-Mot","4","0","1"
"72149","Korte Electric Heating & AC","Jerry@kortedoesitall.com","10920 Stellhorn Rd","2604931604","2604932596","173101","Electric Contractors","NULL"," Email <---> Revenue ","353417","Korte Electric Heating & AC","10920 Stellhorn Rd","New Haven","IN","46774","Allen","www.kortedoesitall.com","2604932596","2604931604","Jerry Korte","Owner","Mal","11880000","90","173101","Electric Con","4","2","1"
"153649","Jerry Paulausky Assoc","Jerry@jpasales.com","7003 Ardmore Ave","2607474158","2607478202","509908","Manufacturers-Agents & Representatives","NULL"," Email <---> Revenue ","342622","Jerry Paulausky Assoc","7003 Ardmore Ave","Fort Wayne","IN","46809","Allen","www.jpasales.com","2607478202","2607474158","Jerry Paulausky","Owner","Mal","16992000","18","509908","Manufacturer","4","0","1"
"14379","Barber Manufacturing Co","jerry@crabtree.com","1824 Brown St","7656427480","7656436905","349502","Springs-Manufacturers","www.barbermfg.com"," Email <---> Revenue ","233227","Barber Manufacturing Co","1824 Brown St","Anderson","IN","46016","Madison","www.barbermfg.com","7656436905","7656427480","Jeffrey W Barber","President","Mal","13965000","105","349502","Springs-Manu","4","0","1"
"187711","Indianapolis Colts Inc","jenn@pivotmarket.com","7001 W 56th St","3172978971","3172972658","794105","Football Clubs","www.colts.com"," Email <---> Revenue ","333864","Indianapolis Colts Inc","7001 W 56th St","Indianapolis","IN","46254","Marion","www.colts.com","3172972658","3172978971","James Irsay","CEO","Mal","20720000","80","794105","Football Clu","4","0","1"
"184713","Kennedy Tank & Mfg Co Inc","jdossman@kennedytank.com","833 E Sumner Ave","3177837772","3177871311","344305","Tanks-Manufacturers","www.kennedytank.com"," Email <---> Revenue ","349732","Kennedy Tank & Mfg Co Inc","833 E Sumner Ave","Indianapolis","IN","46227","Marion","www.kennedytank.com","3177871311","3177837772","Patrick W Kennedy","President","Mal","15000000","150","344305","Tanks-Manufa","4","0","1"
"159827","Jasper County REMC","jasperremc@jasperremc.com","280 E Wood Rd","2198662199","2198664601","491101","Electric Companies","www.jasperremc.com"," Email <---> Revenue ","340977","Jasper County REMC","280 E Wood Rd","Rensselaer","IN","47978","Jasper","www.jasperremc.com","2198664601","2198662199","William Hodnett","Manager","Mal","14784000","24","491101","Electric Com","4","0","1"
"177111","Steuben County Rural Elec","jamih@remcsteuben.com","1385 S Old Us Highway 27","2606657495","2606653563","491101","Electric Companies","www.remcsteuben.com"," Email <---> Revenue ","444615","Steuben County Rural Elec","1385 S Old Us Highway 27","Angola","IN","46703","Steuben","www.remcsteuben.com","2606653563","2606657495","Kevin Keiser","Manager","Mal","16632000","27","491101","Electric Com","4","0","1"
"10046","Meunier Electronic Supply Inc","James.Meunier@meunierusa.com","3409 E Washington St","3176314707","3176353511","506519","Electronic Equipment & Supplies-Whol","NULL"," Email <---> Revenue ","376810","Meunier Electronic Supply Inc","3409 E Washington St","Indianapolis","IN","46201","Marion","www.meunierusa.com","3176353511","3176314707","James Meunier","Owner","Mal","18180000","18","506519","Electronic E","4","0","1"
"172027","Zachary Confections Inc","jack@zc-inc.com","PO Box 219","7656591491","7656594751","514501","Candy & Confectionery-Wholesale","NULL"," Email <---> Revenue ","210345","ZACHARY CONFECTIONS INC","2130 W STATE ROAD 28","FRANKFORT","IN","46041","Clinton","","7656594751","7656591491","JACK ZACHARY","President","M","24400000","400","206400","Candy, Rel C","4","0","1"
"137349","Reed City Power Line Supply","info-rcpls@rcpls.com","3155 E Sycamore Ln","3178318699","3178317800","506330","Electric Equipment & Supplies-Wholesale","www.rcpls.com"," Email <---> Revenue ","416631","Reed City Power Line Supply","3155 E Sycamore Ln","Mooresville","IN","46158","Morgan","www.rcpls.com","3178317800","3178318699","John Hall","Manager","Mal","10528000","16","506330","Electric Equ","4","0","1"
"169182","Butler Hyundai","hysake@butlerwarehouse.com","3355 Harper Rd and 9445 Haver Way","null","3178486696","864115","Natives Service Organizations","butlerwarehouse.com"," Email <---> Revenue ","29410","BUTLER HYUNDAI","3355 HARPER RD","INDIANAPOLIS","IN","46240","Marion","","3178484200","","ROBERT G BUTLER","Owner","M","10900000","27","551100","New & Used C","4","0","1"
"161760","Friendship Homes","hrs@fairmonthomes.com","26796 Us Highway 6","5747732185","5747737955","245101","Mobile Homes-Manufacturers","www.fairmonthomes.com"," Email <---> Revenue ","75421","FRIENDSHIP HOMES","502 S OAKLAND AVE","NAPPANEE","IN","46550","Elkhart","","5747737955","5747732185","JAMES SHEA JR","President","M","18300000","300","245100","Mobile Homes","4","0","1"
"146725","Perfection Hydraulics","hotdeals@perfhyd.com","2220 Perfection Ct","8124730409","8124730183","769952","Hydraulic Equipment-Repairing","www.perfhyd.com"," Email <---> Revenue ","148713","PERFECTION HYDRAULICS","2220 PERFECTION CT","EVANSVILLE","IN","47711","Vanderburgh","","8124730183","8124730409","STEVEN KLAMER","President","M","16500000","110","769905","Industrial E","4","0","1"
"80184","Harrell Fish Inc","hfi@harrell-fish.com","2010 W Vernal Pike","8123317235","8123392579","171114","Mechanical Contractors","www.harrell-fish.com"," Email <---> Revenue ","86603","HARRELL FISH INC","2010 W VERNAL PIKE","BLOOMINGTON","IN","47404","Monroe","","8123392579","8123317235","STEVE DAWSON","President","M","15800000","90","171100","Plbg, Htg, A","4","0","1"
"56116","HNTB Corp","helpdesk@hntb.com","111 Monument Cir # 1200","2026541000","3176364682","871133","Engineers-Professional","www.hntb.com"," Email <---> Revenue ","317597","HNTB Corp","111 Monument Cir # 1200","Indianapolis","IN","46204","Marion","www.hntb.com","3176364682","3179175211","John E Kupke","VP","Mal","18328000","116","871133","Engineers-Pr","4","0","1"
"144603","Hendricks Power COOPERATIVE","gwright@hendrickspower.com","86 N County Road 500 E","3177456865","3177455473","491101","Electric Companies","www.hendrickspower.com"," Email <---> Revenue ","323376","Hendricks Power COOPERATIVE","86 N County Road 500 E","Avon","IN","46123","Hendricks","www.hendrickspower.com","3177455473","3177456865","","","","18300000","43","491101","Electric Com","4","0","1"
"188135","G S Plastics","guangsheng@gsplastic.com","25837 Borg Rd","5742621529","5742621527","308905","Plastics-Vacuum/Pressure Forming (Mfrs)","www.gsplastic.com"," Email <---> Revenue ","306926","G S Plastics","25837 Borg Rd","Elkhart","IN","46514","Elkhart","www.gsplastic.com","5742621527","5742621529","Brian Williams","President","Mal","11000000","50","308905","Plastics-Vac","4","0","1"
"117552","Pac Van Inc","gsa@pacvan.com","2995 S Harding St","3177912044","3177912020","527104","Mobile Offices & Commercial Units","www.pacvan.com"," Email <---> Revenue ","397437","Pac Van Inc","2995 S Harding St","Indianapolis","IN","46225","Marion","www.pacvan.com","3177912020","3177912044","Brent Claymon","Owner","Mal","20257000","47","527104","Mobile Offic","4","0","1"
"105472","Fire Protection Svc","Greg@fps-usa.com","302 W Superior St","2604260815","2604241901","506315","Fire Protection Equipment & Supls (Whol)","NULL"," Email <---> Revenue ","299379","Fire Protection Svc","302 W Superior St","Fort Wayne","IN","46802","Allen","","2604241901","2604260815","Greg Nowak","Owner","Mal","19740000","30","506315","Fire Protect","4","0","1"
"173668","Renewal By Andersen","GF@renewalbyandersen.com","1022 E 52nd St","NULL","3172831639","521107","Windows","NULL"," Email <---> Revenue ","417684","Renewal By Andersen","1022 E 52nd St","Indianapolis","IN","46205","Marion","","3172831639","","George Faevor","Owner","Mal","10320000","40","521107","Windows","4","0","1"
"140934","Noble Remc","geberhart@theallianceonline.com","300 Weber Rd","2606363319","2606362113","491101","Electric Companies","www.nobleremc.com"," Email <---> Revenue ","390376","Noble Remc","300 Weber Rd","Albion","IN","46701","Noble","www.nobleremc.com","2606362113","2606363319","Monte Egolf","Manager","Mal","20328000","33","491101","Electric Com","4","0","1"
"166372","Contract Lumber","GaryOgle@contractlumber.com","PO Box 460","3178521077","3178528996","503109","Lumber-Wholesale","NULL"," Email <---> Revenue ","267123","Contract Lumber","1590 W Northfield Dr","Brownsburg","IN","46112","Hendricks","","3178528996","3178521077","Gary Ogle","Owner","Mal","13600000","87","503109","Lumber-Whole","4","0","1"
"189672","Castongia's Inc","fowler@johndeerecountry.com","295 Wood Rd","2198665117","2198665117","508206","Contractors-Equip/Supls-Dlrs/Svc (Whol)","www.castongias.com"," Email <---> Revenue ","253909","Castongia's Inc","295 Wood Rd","Rensselaer","IN","47978","Jasper","www.castongias.com","2198665117","2198662182","Jon Castongia","Owner","Mal","23310000","35","508206","Contractors-","4","0","1"
"100946","Black Equipment Co Inc","fleetadmin@blackequipment.com","1050 N Congress Ave","8124744346","8124776481","508457","Trucks-Industrial (Wholesale)","www.blackequipment.com"," Email <---> Revenue ","239120","Black Equipment Co Inc","1050 N Congress Ave","Evansville","IN","47715","Vanderburgh","www.blackequipment.com","8124776481","8124744346","","","","11100000","75","508457","Trucks-Indus","4","0","1"
"146940","Pioneer Plastics Corp","egraham@pionite.com","1111 All Pro Dr","5742642398","5742640702","308301","Plastics-High Pressure Laminates (Mfrs)","www.panolam.com"," Email <---> Revenue ","404780","Pioneer Plastics Corp","1111 All Pro Dr","Elkhart","IN","46514","Elkhart","www.panolam.com","5742640702","5742642398","Richard Posthuma","Manager","Mal","10040000","40","308301","Plastics-Hig","4","0","1"
"129893","Poly-John Enterprises Corp","edwardcooper@polyjohn.com","2500 Gaspar Ave","2196590625","2196591152","308804","Toilets-Portable-Manufacturers","NULL"," Email <---> Revenue ","406528","Poly-John Enterprises Corp","2500 Gaspar Ave","Whiting","IN","46394","Lake","www.polyjohn.com","2196591152","2196590625","Edward Cooper","President","Mal","14700000","100","308804","Toilets-Port","4","0","1"
"145208","Stedman Machine Co","doug@stedman-machine.com","129 Franklin St","8129263482","8129260038","508224","Crushing & Pulverizing Equip (Wholesale)","www.stedman-machine.com"," Email <---> Revenue ","180918","STEDMAN MACHINE CO","129 FRANKLIN ST","AURORA","IN","47001","Dearborn","","8129260038","8129263482","DENNIS GILMOUR","President","M","18400000","215","353200","Mining Machi","4","0","1"
"189797","Garage Doors Of Indiana","divlyn@doors.com","5041 W 96th St","3178769138","3178039042","521101","Doors-Garage","www.doors.com"," Email <---> Revenue ","307763","Garage Doors Of Indiana","5041 W 96th St","Indianapolis","IN","46268","Marion","www.doors.com","3178039042","3178769138","Cecil Mc Cord","Owner","Mal","12900000","50","521101","Doors-Garage","4","0","1"
"110628","Hoosier Rv Transport Inc","dispatch1@hoosier-rv-transport.com","1108 S Division St","5748481818","5748487000","421301","Trailers-Transporting","www.hoosier-rv-transport.com"," Email <---> Revenue ","92394","HOOSIER RV TRANSPORT INC","1108 S DIVISION ST","BRISTOL","IN","46507","Elkhart","","5748487000","","LOUISE COLBY-KING","Owner","F","14700000","160","421300","Trucking","4","0","1"
"166525","Allen Business Machines Co","dispatch@abmfw.com","1816 S Calhoun St","2607444172","2607444259","504403","Copying & Duplicating Machines & Supls","www.abmfw.com"," Email <---> Revenue ","220109","Allen Business Machines Co","1816 S Calhoun St","Fort Wayne","IN","46802","Allen","www.abmfw.com","2607444259","2607444172","Elmer Maucher","President","Mal","11655000","35","504403","Copying & Du","4","0","1"
"187949","Hoosier Gasket Corp","dgillim@hoosiergasket.com","3333 Massachusetts Ave","3175452000","3175452000","305398","Gaskets-Packing & Sealing Devices (Mfrs)","www.hoosiergasket.com"," Email <---> Revenue ","327815","Hoosier Gasket Corp","3333 Massachusetts Ave","Indianapolis","IN","46218","Marion","www.hoosiergasket.com","3175452000","","Argyle Jackson","President","Mal","13855000","85","305398","Gaskets-Pack","4","0","1"
"178424","Proportion Air Inc","dfussner@proportionair.com","8250 N 600 W","3173353853","3173352602","349298","Fluid Power Valves/Hose Fittings (Mfrs)","www.proportionair.com"," Email <---> Revenue ","410292","Proportion Air Inc","8250 N 600 W","Mc Cordsville","IN","46055","Hancock","www.proportionair.com","3173352602","3173353853","Dan Cook","President","Mal","13920000","60","349298","Fluid Power ","4","0","1"
"136374","Decatur County REMC","dcremc@dcremc.com","1430 W Main St","8126638572","8126633391","491101","Electric Companies","www.dcremc.com"," Email <---> Revenue ","278812","Decatur County REMC","1430 W Main St","Greensburg","IN","47240","Decatur","www.dcremc.com","8126633391","8126638572","Don R Schilling","Manager","Mal","11500000","26","491101","Electric Com","4","0","1"
"22821","R C Tronics Inc","dchiddister@rctronics.com","2573 Kercher Rd","5746423858","5746423857","506519","Electronic Equipment & Supplies-Whol","www.rctronics.com"," Email <---> Revenue ","412761","R C Tronics Inc","2573 Kercher Rd","Goshen","IN","46528","Elkhart","www.rctronics.com","5746423857","5746423858","Don Chiddister","President","Mal","10100000","10","506519","Electronic E","4","0","1"
"179775","Hoosier Co","dbreedlove@hoosierco.com","5421 W 86th St","3178727183","3178728125","503903","Fence (Wholesale)","www.hoosierco.com"," Email <---> Revenue ","327725","Hoosier Co","5421 W 86th St","Indianapolis","IN","46268","Marion","www.hoosierco.com","3178728125","3178727183","Cheryl P Englehart","President","Fem","16200000","45","503903","Fence (Whole","4","0","1"
"171463","Executive Management Svc","DaveBego@emsinc.com","PO Box 501818","3175946006","3175946000","734902","Janitor Service","NULL"," Email <---> Revenue ","66239","EXECUTIVE MANAGEMENT SVC","8071 KNUE RD","INDIANAPOLIS","IN","46250","Marion","","3175946000","3175946006","DAVE BEGO","President","M","14400000","800","734900","Bld Maintena","4","0","1"
"34701","Erler Industries Inc","cworton@erler.com","PO Box 219","8123461892","8123464421","308901","Mold Makers","NULL"," Email <---> Revenue ","65140","ERLER INDUSTRIES INC","418 STOCKWELL ST","NORTH VERNON","IN","47265","Jennings","","8123464421","8123461892","J MARK ERLER","President","M","19200000","300","347100","Plating & Po","4","0","1"
"20865","Haas Cabinet Co","custsvc@haascabinet.com","625 W Utica St","8122465420","8122464431","243401","Cabinets-Manufacturers","www.haascabinet.com"," Email <---> Revenue ","317681","Haas Cabinet Co","625 W Utica St","Sellersburg","IN","47172","Clark","www.haascabinet.com","8122464431","8122465420","Todd Haas","President","Mal","24600000","200","243401","Cabinets-Man","4","0","1"
"7807","Curtis Products Inc","curtis.heckaman@inet-rendezvous.com","228 E Bronson St","5742329589","5742894891","349903","Metal Goods-Manufacturers","NULL"," Email <---> Revenue ","49793","CURTIS PRODUCTS INC","228 E BRONSON ST","SOUTH BEND","IN","46601","St. Joseph","","5742894891","","DAVID F HECKMAN","President","M","19300000","250","349900","Fab Metal Pd","4","0","1"
"140993","Central Restaurant Products","c-s@centralrestaurant.com","1010 Central Ave","3176345476","3176342550","599941","Restaurant Equipment & Supplies-Retail","www.centralrestaurant.com"," Email <---> Revenue ","255516","Central Restaurant Products","1010 Central Ave","Indianapolis","IN","46202","Marion","www.centralrestaurant.com","3176342550","3176345476","Richard D Weinstein","Owner","Mal","10720000","80","599941","Restaurant E","4","0","1"
"118812","Sutton-Garten","crodee@suttongarten.com","901 N Senate Ave","3172643233","3172643236","508435","Welding Equipment & Supplies (Wholesale)","www.sutton-garten.com"," Email <---> Revenue ","449422","Sutton-Garten","901 N Senate Ave","Indianapolis","IN","46202","Marion","www.sutton-garten.com","3172643236","3172643233","Pat Garten","Owner","Mal","10880000","20","508435","Welding Equi","4","0","1"
"59395","Parisian","creditservices@parisian.com","1 W Washington St","6157713368","3179716200","531102","Department Stores","www.parisian.com"," Email <---> Revenue ","398766","Parisian","1 W Washington St","Indianapolis","IN","46204","Marion","www.parisian.com","3179716200","3179716368","Jacky Howlett","Manager","Mal","16200000","100","531102","Department S","4","1","1"
"128223","Courtesy Motors","courtesy@courtesymotors.com","1313 South 13th St","2607248525","2607248054","559999","Ret Misc Vehicles Repair Services Plumbing/heating/air","null"," Email <---> Revenue ","47144","COURTESY MOTORS","1313 S 13TH ST","DECATUR","IN","46733","Adams","","2607248525","2607248054","STEVE FEASEL","Manager","M","16200000","40","551100","New & Used C","4","0","1"
"113186","Standard Change-Makers Inc","contractsales@standardchange.com","3130 N Mitthoeffer Rd","3178996977","3178996966","596204","Coin & Bill Changing/Handling Machines","www.standardchange.com"," Email <---> Revenue ","179560","STANDARD CHANGE-MAKERS INC","3130 N MITTHOEFFER RD","INDIANAPOLIS","IN","46235","Marion","","3178996966","3178996977","JAMES R MC NUTT JR","President","M","12000000","120","357800","Calctg, Acct","4","0","1"
"160241","Maple Leaf Farms","consumer@mapleleaffarms.com","9166 N 200 E","5746582208","5746584121","201501","Poultry Processing Plants","www.mapleleaffarms.com"," Email <---> Revenue ","122288","MAPLE LEAF FARMS","9166 N 200 E","MILFORD","IN","46542","Kosciusko","","5746584121","5746582208","TERRENCE L TUCKER","Chief Executive Office","M","17100000","300","201500","Plty Slaught","4","0","1"
"129324","Basney Imports","chris@basneyimports.com","52203 US Hwy 33 N","5742728504","5742719104","509905","Importers","null"," Email <---> Revenue ","18871","BASNEY MAZDA","52203 INDIANA STATE ROUTE 933","SOUTH BEND","IN","46637","St. Joseph","","5742728504","","JAMES BASNEY","Owner","M","21800000","54","551100","New & Used C","4","0","1"
"53158","Time Systems Inc","bzimmer@timesysinc.com","1434 Mishawaka Ave","5742880681","5742895733","504302","Identification Equipment & Supls (Whol)","NULL"," Email <---> Revenue ","455885","Time Systems Inc","1434 Mishawaka Ave","South Bend","IN","46615","St Joseph","www.timesysinc.com","5742895733","5742880681","Bill Zimmer","Owner","Mal","15390000","15","504302","Identificati","4","0","1"
"170346","Campbell Oil Co","brianb@campbelloil.com","5066 Treaty Line Rd","NULL","7654894931","517206","Oils-Fuel (Wholesale)","NULL"," Email <---> Revenue ","250710","Campbell Oil Co","5066 Treaty Line Rd","Hagerstown","IN","47346","Wayne","","7654894931","","Cathy Campbell","Owner","Fem","10062000","3","517206","Oils-Fuel (W","4","0","1"
"185657","Logansport Implement Co Inc","bret@gomomentum.net","1987 S County Road 150 E","5747391222","5747221999","508310","Farm Equipment (Wholesale)","NULL"," Email <---> Revenue ","363355","Logansport Implement Co Inc","1987 S County Road 150 E","Logansport","IN","46947","Cass","www.loganimplement.com","5747221999","5747391222","Randy Whiteaker","Owner","Mal","15936000","32","508310","Farm Equipme","4","0","1"
"191910","Boone County REMC","bremc_operations@bremc.com","1207 Indianapolis Ave","7654827869","7654822390","491101","Electric Companies","www.bremc.com"," Email <---> Revenue ","241672","Boone County REMC","1207 Indianapolis Ave","Lebanon","IN","46052","Boone","www.bremc.com","7654822390","7654827869","Dale Geiselman","CEO","Mal","17864000","29","491101","Electric Com","4","0","1"
"195861","Wabash Mpi-Carver Inc","bpalmer@corpemail.com","1569 Morris St","2605631396","2605631184","508520","Hydraulic Equipment & Supplies (Whol)","www.wabashmpi.com"," Email <---> Revenue ","470076","Wabash Mpi-Carver Inc","1569 Morris St","Wabash","IN","46992","Wabash","www.wabashmpi.com","2605631184","2605631396","Tim Shively","Manager","Mal","13140000","75","508520","Hydraulic Eq","4","0","1"
"15705","Kesslers Team Sports Inc","bobd@kesslersteamsports.com","930 E Main St","7659351866","7659352595","594113","Sporting Goods-Retail","NULL"," Email <---> Revenue ","350384","Kesslers Team Sports Inc","930 E Main St","Richmond","IN","47374","Wayne","www.kesslers-sports.com","7659352595","7659351866","Robert Dickman","CEO","Mal","15900000","125","594113","Sporting Goo","4","0","1"
"192274","Sirco Industries Inc","bob@sircoind.com","4531 Chester Dr","5745225487","5742945487","371410","Truck Equipment & Parts-Manufacturers","NULL"," Email <---> Revenue ","435287","Sirco Industries Inc","4531 Chester Dr","Elkhart","IN","46516","Elkhart","www.sircoind.com","5742945487","5745225487","Robert Shaver","Owner","Mal","12198000","38","371410","Truck Equipm","4","0","1"
"191827","Walker Information","bmiller@walkerinfo.com","3939 Priority Way South Dr","3178438904","3178438986","873204","Market Research & Analysis","www.walkerinfo.com"," Email <---> Revenue ","470936","Walker Information","3939 Priority Way South Dr","Indianapolis","IN","46240","Marion","www.walkerinfo.com","3178438986","3178438904","Steve Walker","CEO","Mal","20600000","200","873204","Market Resea","4","0","1"
"17471","Lincoln Industries","billl@zoeller.com","110 W Division St","8128970717","8128970715","308901","Mold Makers","www.lincolnind.com"," Email <---> Revenue ","117166","LINCOLN INDUSTRIES","110 W DIVISION ST","BOONVILLE","IN","47601","Warrick","","8128970715","","GLENN GOWEN","Vice-President","M","17000000","378","308900","Plastic Pdts","4","0","1"
"195313","Paws Inc","betsy@pawsinc.com","5440 E County Road 450 N","7652872329","7652872222","874213","Marketing Programs & Services","www.garfield.com"," Email <---> Revenue ","147450","PAWS INC","5440 E COUNTY ROAD 450 N","ALBANY","IN","47320","Delaware","","7652872222","","BRUCE CANTRELL","Manager","M","12500000","50","874203","Mrkting Cons","4","0","1"
"194452","Dewpoint","bdumont@dewpoint.com","90 Executive Dr","3178148264","3178143767","737416","Internet Home Page Dev Consulting","www.dewpoint.com"," Email <---> Revenue ","280935","Dewpoint","90 Executive Dr","Carmel","IN","46032","Hamilton","www.dewpoint.com","3178143767","3178148264","","","","10710000","70","737416","Internet Hom","4","0","1"
"195969","Clawson Communications","bader@clawsons.com","474 Park 800 Dr","3177380216","3178879250","599904","Telephone Equipment & Supplies","www.clawsons.com"," Email <---> Revenue ","262219","Clawson Communications","474 Park 800 Dr","Greenwood","IN","46143","Johnson","www.clawsons.com","3178879250","3177380216","Glenn Clawson","Owner","Mal","13400000","100","599904","Telephone Eq","4","0","1"
"14466","AMS Mechanical Systems Inc","amsweb@ams-pmt.com","2646 Highway Ave # 208","2199236217","2199236197","171114","Mechanical Contractors","www.amsmechanicalsystems.com"," Email <---> Revenue ","11190","AMS MECHANICAL SYSTEMS INC","3741 45TH ST","HIGHLAND","IN","46322","Lake","","2199236197","","JOHN BERZANSKIS JR","Chief Executive Office","M","14000000","80","171100","Plbg, Htg, A","4","0","1"
"136183","University Publishing Corp","alumdir@universitypublishing.net","310 S Washington St","8123398981","8123399033","274107","Publishers-Directory & Guide","www.uni-pub.com"," Email <---> Revenue ","465274","University Publishing Corp","310 S Washington St","Bloomington","IN","47401","Monroe","www.uni-pub.com","8123399033","8123398981","R J Phelps","Owner","Mal","10412000","38","274107","Publishers-D","4","0","1"
"137736","Pluto Corp","alan.friedman@plutocorp.com","18647 W State Road 56","8129362828","8129369989","999977","Nonclassified Establishments","www.plutocorp.com"," Email <---> Revenue ","151802","PLUTO CORP","8647 W STATE ROAD 56","FRENCH LICK","IN","47432","","","8129369988","8129362828","ALAN J FRIEDMAN","President","M","22500000","100","738912","Packaging Sy","4","0","1"
"194718","For Bare Feet","Sharon@forbarefeet.com","PO Box 159","8129881550","8129886674","566101","Shoes-Retail","NULL"," Email <---> Revenue ","73095","FOR BARE FEET","PO BOX 159","HELMSBURG","IN","47435","Brown","","8129886674","","SHARON RIVENBARK","President","F","18800000","150","566100","Shoe Stores","4","0","1"
"195848","NNC Group","helpdesk@stericycle.com","2670 Executive Dr","3176369827","3176369826","738999","Business Services Nec","www.nncgroup.com"," Email <---> Revenue ","385808","NNC Group","2670 Executive Dr","Indianapolis","IN","46241","Marion","www.nncgroup.com","3176369826","3176369827","Steve Crane","CEO","Mal","18800000","200","738999","Business Ser","4","0","1"
"86741","Sagamore Health Network Inc","hhughes@sagamorehn.com","11555 N Meridian St # 400","3175732946","3175732900","637103","Employee Benefit & Compensation Plans","NULL"," Email <---> Revenue ","426758","Sagamore Health Network Inc","11555 N Meridian St # 400","Carmel","IN","46032","Hamilton","www.sagamorehn.com","3175732900","3175732946","Greg Yust","President","Mal","17280000","180","637103","Employee Ben","4","0","1"
"96319","Palatek Inc","mgonder@palatek.com","3501 W Dunes Hwy","2198725043","2198742497","356301","Compressors-Manufacturers","www.palatek.com"," Email <---> Revenue ","397858","Palatek Inc","3501 W Dunes Hwy","Michigan City","IN","46360","La Porte","www.palatek.com","2198742497","2198725043","Steve Van Loan","President","Mal","10360000","35","356301","Compressors-","4","0","1"
"134644","Pollution Control Industries","jnewell@pollutioncontrol.com","4343 Kennedy Ave","2193917040","2193973951","873111","Environmental & Ecological Services","NULL"," Email <---> Revenue ","406496","Pollution Control Industries","4343 Kennedy Ave","East Chicago","IN","46312","Lake","www.pollutioncontrol.com","2193973951","2193917040","John Newell","President","Mal","10900000","200","873111","Environmenta","4","0","1"
"147503","Tom Stinnett RV Ctr","kmacdonald@firstegg.com","520 Marriott Dr","8122889424","8122827718","556103","Recreational Vehicles","www.stinnettrv.com"," Email <---> Revenue ","190848","TOM STINNETT RV CTR","520 MARRIOTT DR","CLARKSVILLE","IN","47129","Clark","","8122827718","","TOM STINNETT","President","M","16800000","60","556100","Recreational","4","0","1"
"170234","Specialty Systems Of Indiana","JohnMerrick@ssiweb.com","308 S State Ave","3172693608","3172692120","179926","Asbestos Removal Service","NULL"," Email <---> Revenue ","439233","Specialty Systems Of Indiana","308 S State Ave","Indianapolis","IN","46201","Marion","www.ssiweb.com","3172692120","3172693608","John Merrick","President","Mal","24800000","200","179926","Asbestos Rem","4","1","1"
"100977","Patriot Homes Inc","tmeilstrup@globalassetpro.com","109 14th Ave","5745220847","5748255841","245101","Mobile Homes-Manufacturers","www.patriothomes.com"," Email <---> Revenue ","399925","Patriot Homes Inc","109 14th Ave","Middlebury","IN","46540","Elkhart","www.patriothomes.com","5748255841","5748259851","Ed Miller","Plant Mgr","Mal","23280000","120","245101","Mobile Homes","4","0","1"
"194851","Inwood Office Furniture Inc","david@mliberati.com","1108 E 15th St","8124829732","8124826121","252198","Wood-Office Furniture (Manufacturers)","www.inwood.net"," Email <---> Revenue ","336276","Inwood Office Furniture Inc","1108 E 15th St","Jasper","IN","47546","Dubois","www.inwood.net","8124826121","8124829732","Glen Sturm","President","Mal","10300000","165","252198","Wood-Office ","4","0","1"
"142100","Angell's Food Ctr","Angell@angells.com","1600 A St NE","8128478482","8128472040","541105","Grocers","NULL"," Email <---> Revenue ","224787","Angell's Food Ctr","1600 A St NE","Linton","IN","47441","Greene","www.angells.com","8128472040","8128478482","Joe Angell","President","Mal","16100000","50","541105","Grocers-Reta","4","0","1"
"189480","Service Specialties","warranty@liftcoinc.com","24076 Reedy Dr","5742947135","5742947242","399906","Assembly & Fabricating Service","www.liftco.net"," Email <---> Revenue ","170610","SERVICE SPECIALTIES","3301 REEDY DR","ELKHART","IN","46514","Elkhart","","5742947242","","SCOTT HAMMONTREE","President","M","14000000","50","556100","Recreational","4","0","1"
"135786","Griner Engineering Inc","finance@griner.com","2500 N Curry Pike","8123322229","8123322220","359903","Machine Shops","www.griner.com"," Email <---> Revenue ","83263","GRINER ENGINEERING INC","2500 N CURRY PIKE","BLOOMINGTON","IN","47404","Monroe","","8123322220","","JOHN GRINER","President","M","12500000","150","359900","Industrial M","4","0","1"
"189487","Midwest Lumber & Dimensions","pat@midwestlumber.com","1820 Dogwood Rd","5745463392","5745463259","521142","Lumber-Retail","www.midwestlumber.com"," Email <---> Revenue ","378836","Midwest Lumber & Dimensions","1820 Dogwood Rd","Bremen","IN","46506","Marshall","www.midwestlumber.com","5745463259","5745463392","Dave Davis","Owner","Mal","15480000","60","521142","Lumber-Retai","4","0","1"
"79162","JOFCO Intl","furniture@jofco.com","402 E 13th St","8126342392","8124825154","252204","Office Furniture & Equip-Mfrs","www.jofco.com"," Email <---> Revenue ","338800","JOFCO Intl","402 E 13th St","Jasper","IN","47546","Dubois","www.jofco.com","8124825154","8126342392","Bill Rubino","CEO","Mal","21900000","500","252204","Office Furni","4","0","1"
"150054","D L Couch Wallcovering","Couch@dlcouch.com","3900 S Memorial Dr # 1","7655219084","7655212585","519801","Wallpapers & Wallcoverings-Wholesale","NULL"," Email <---> Revenue ","51330","D L COUCH WALLCOVERING","3900 S MEMORIAL DR # 1","NEW CASTLE","IN","47362","Henry","","7655212585","","DENNIS L COUCH","Owner","M","13400000","80","519800","Paints, Varn","4","0","1"
"135323","Wabash County REMC","rweiss@wabashremc.com","350 Wedcor Ave","2605631523","2605632146","491101","Electric Companies","www.wabashremc.com"," Email <---> Revenue ","470017","Wabash County REMC","350 Wedcor Ave","Wabash","IN","46992","Wabash","www.wabashremc.com","2605632146","2605631523","Rob Pearson","CEO","Mal","14168000","23","491101","Electric Com","4","0","1"
"193801","Daviess County Metal Sales","John@dcmetal.com","RR 1 Box 13a","8124864344","8122954299","521126","Building Materials","www.dcmetal.com"," Email <---> Revenue ","53286","DAVIESS COUNTY METAL SALES","9929 E US HIGHWAY 50","CANNELBURG","IN","47519","Daviess","","8124864299","","JOHN LENGACHER","Owner","M","12600000","99","521100","Lumber, Rel ","4","0","1"
"110168","Corrections Corp Of America","steve.owen@correctionscorp.com","730 E Washington St","3186284683","3172660882","874499","Correctional Institutions-Private","www.correctionscorp.com"," Email <---> Revenue ","268220","Corrections Corp Of America","730 E Washington St","Indianapolis","IN","46202","Marion","www.correctionscorp.com","3172660882","3172660884","","","","17600000","200","874499","Correctional","4","0","1"
"189210","Merrill Lynch Pierce Fenner","investor_relations@ml.com","100 N Michigan St # 500","7166354340","5742823600","628205","Financial Planning Consultants","www.ml.com"," Email <---> Revenue ","376257","Merrill Lynch Pierce Fenner","100 N Michigan St # 500","South Bend","IN","46601","St Joseph","www.ml.com","5742823600","5742823607","Mike Santa","Manager","Mal","10375000","25","628205","Financial Pl","4","0","1"
"189475","United Cartage","dmyrick@unitedcartage.com","5785 E 500 S","7656776707","7656746991","421309","Trucking-Motor Freight","NULL"," Email <---> Revenue ","464397","United Cartage","5785 E 500 S","Gas City","IN","46933","Grant","www.unitedcartage.com","7656746991","7656776707","Frank Bove","President","Mal","21140000","140","421309","Trucking-Mot","4","0","1"
"136610","Uhl Truck Sales Inc","bobdeibel@idealease.com","13450 Highway 135 NE","8122582785","8123646101","551105","Truck-Dealers","www.uhltrucksales.com"," Email <---> Revenue ","195485","UHL TRUCK SALES INC","PO BOX 6","PALMYRA","IN","47164","Harrison","","8123646101","","JOHN SHIREMAN","Manager","M","20200000","50","551101","Truck Dealer","4","0","1"
"25405","Enhanced Telecommunications","BobMiles@etc1.net","PO Box 145","8126234159","8126232122","481304","Telephone Companies","NULL"," Email <---> Revenue ","292419","Enhanced Telecommunications","123 Neiman","Sunman","IN","47041","Ripley","www.etc1.net","8126232122","8126234159","Bob Miles","Owner","Mal","13320000","40","481304","Telephone Co","4","0","1"
"189979","Weaver Popcorn Co","concessionsales@popweaver.com","130 E Main St","7659344052","7659342101","544103","Popcorn & Popcorn Supplies","www.popweaver.com"," Email <---> Revenue ","203793","WEAVER POPCORN CO","PO BOX 395","VAN BUREN","IN","46991","Grant","","7659342101","","DOUG DENT","Vice-President","M","11500000","230","544100","Candy, Nut, ","4","0","1"
"136429","WITT Co","pattyr@witt.com","14531 8b Rd","5749353576","5749354500","347904","Coatings-Protective-Manufacturers","www.witt.com"," Email <---> Revenue ","469817","WITT Co","14531 8b Rd","Plymouth","IN","46563","Marshall","www.witt.com","5749354500","5749353576","Phil Burner","Manager","Mal","10835000","55","347904","Coatings-Pro","4","0","1"
"152371","Alexander Chemical Corp","bill.baumann@alexanderchemical.com","1 Kingsbury Industrial Park","6309556065","2193933541","281998","Industrial Inorganic Chmcls Nec (Mfrs)","www.alexanderchemical.com"," Email <---> Revenue ","219214","Alexander Chemical Corp","1 Kingsbury Industrial Park","Laporte","IN","46350","La Porte","www.alexanderchemical.com","2193933541","2193935364","Gil Levit","Owner","Mal","14175000","45","281998","Industrial I","4","0","1"
"85690","Spencer Industries Inc","dlovell@spencerindustries.com","902 Buffaloville Rd","8129374637","8129374561","308902","Plastics & Plastic Products (Mfrs)","www.spencerindustries.com"," Email <---> Revenue ","177138","SPENCER INDUSTRIES INC","902 DALE-BUFFALOVILLE RD","DALE","IN","47523","","","8129374561","8129374637","JARED HIRT","Manager","M","19200000","300","308900","Plastic Pdts","4","0","1"
"151743","Gemeinhardt","bkemer@gemeinhardt.com","57882 State Road 19","5742958323","5742955280","393102","Musical Instruments-Manufacturers","www.gemeinhardt.com"," Email <---> Revenue ","309162","Gemeinhardt","57882 State Road 19","Elkhart","IN","46517","Elkhart","www.gemeinhardt.com","5742955280","5742958323","Robert Mc Kinley","CEO","Mal","19800000","150","393102","Musical Inst","4","0","1"
"145605","Mc Clure Oil","Ed@mcclureoilcorp.com","7339 W State Road 28","NULL","7655521785","131101","Oil & Gas Producers","NULL"," Email <---> Revenue ","373310","Mc Clure Oil","7339 W State Road 28","Elwood","IN","46036","Madison","","7655521785","","Ed Mc Clure","Owner","Mal","14196000","14","131101","Oil & Gas Pr","4","0","1"
"133518","ACRO Custom Rubber","Bill@connorcorp.com","2701 Dwenger Ave","2604227202","2604241601","306198","Molded Extruded/Lathe Cut Rbbr Gds (Mfr)","NULL"," Email <---> Revenue ","214080","ACRO Custom Rubber","2701 Dwenger Ave","Fort Wayne","IN","46803","Allen","www.connorcorp.com","2604241601","2604227202","Bill Esther","CEO","Mal","13020000","84","306198","Molded Extru","4","0","1"
"52720","Top In Sound Inc","pat@topinsound.com","3273 N State Road 9","7656417270","7656498111","506507","Sound Systems & Equipment (Wholesale)","NULL"," Email <---> Revenue ","457607","Top In Sound Inc","3273 N State Road 9","Anderson","IN","46012","Madison","www.topinsound.com","7656498111","7656417270","Pat Topolsky","President","Mal","12120000","12","506507","Sound System","4","0","1"
"103627","Magnetic Instrumentation Inc","maginst@maginst.com","8431 Castlewood Dr","3178497600","3178427500","367901","Electronic Equipment & Supplies-Mfrs","www.maginst.com"," Email <---> Revenue ","367546","Magnetic Instrumentation Inc","8431 Castlewood Dr","Indianapolis","IN","46250","Marion","www.maginst.com","3178427500","3178497600","George Cunningham","Owner","Mal","15680000","70","367901","Electronic E","4","0","1"
"117039","Moore-Langen Printing Co","sawerling@moorelangen.com","200 Hulman St","8122341589","8122341585","275998","Commercial Printing Nec","www.moorelangen.com"," Email <---> Revenue ","382555","Moore-Langen Printing Co","200 Hulman St","Terre Haute","IN","47802","Vigo","www.moorelangen.com","8122341585","8122341589","Sue Ann Werling","President","Fem","10725000","75","275998","Commercial P","4","0","1"
"93572","Systec Conveyor Corp","clyght@systecconveyors.com","10010 Conveyor Dr","3178909232","3178909230","508410","Conveyors & Conveying Equipment (Whol)","www.systecconveyors.com"," Email <---> Revenue ","185735","SYSTEC CONVEYOR CORP","10010 CONVEYOR DR","INDIANAPOLIS","IN","46235","Marion","","3178909230","","RICHARD HARRIS","President","M","11100000","65","353500","Conveyors,Re","4","0","1"
"174894","Circle City Alarm & Security","JackJ@circlecityalarm.com","5355 E 38th St # 110","3175412687","3175427087","506304","Security Control Equip & Systems-Whol","NULL"," Email <---> Revenue ","260632","Circle City Alarm & Security","5355 E 38th St # 110","Indianapolis","IN","46218","Marion","www.circlecityalarm.com","3175427087","3175412687","Jack Jordan","Owner","Mal","11844000","18","506304","Security Con","4","0","1"
"116593","Hinshaw Roofing & Sheet Metal","jhinshaw@hinshawroofing.com","2452 S State Road 39","7656595390","7656593311","176109","Roofing Contractors","www.hinshawroofing.com"," Email <---> Revenue ","90267","HINSHAW ROOFING & SHEET METAL","2452 S STATE ROAD 39","FRANKFORT","IN","46041","Clinton","","7656593311","7656595390","JOHN HINSHAW","President","M","10500000","60","349900","Fab Metal Pd","4","0","1"
"187672","Tri-Union Express Inc","sam@triunion.com","1939 N Lafayette St","2198381680","2198385400","421304","Trucking","www.triunion.com"," Email <---> Revenue ","459793","Tri-Union Express Inc","1939 N Lafayette St","Griffith","IN","46319","Lake","www.triunion.com","2198385400","2198381680","Patricia Parchem","Owner","Fem","15300000","20","421304","Trucking","4","0","1"
"191210","Heritage Industrial Svc","kevin.risser@hisconstructors.com","7525 E 39th St # 1100","3175419436","3175419290","508206","Contractors-Equip/Supls-Dlrs/Svc (Whol)","www.hisconstructors.com"," Email <---> Revenue ","323979","Heritage Industrial Svc","7525 E 39th St # 1100","Indianapolis","IN","46226","Marion","www.hisconstructors.com","3175419290","3175419436","Terry Morgan","President","Mal","13320000","20","508206","Contractors-","4","0","1"
"170805","Outokumpu","maureen.meeker@outokumpu.com","549 W State Road 38","7655298177","7655290120","331298","Steel Works/Blast Furnaces/Rolling Mls","www.outokumpu.com"," Email <---> Revenue ","144442","OUTOKUMPU","549 W STATE ROAD 38","NEW CASTLE","IN","47362","Henry","","7655290120","7655298177","MIKE STATECZNY","Vice-President","M","13200000","200","332500","Steel Foundr","4","0","1"
"177946","Omni 41 Sports & Fitness Ctr","groupfitness@omni41.com","221 Us Highway 41 # A","2198656683","2198656969","799101","Health Clubs Studios & Gymnasiums","www.omni41.com"," Email <---> Revenue ","143018","OMNI 41 SPORTS & FITNESS CTR","221 US HIGHWAY 41","SCHERERVILLE","IN","46375","Lake","","2198656969","","SHARON SPORMAN","Executive Director","F","10500000","150","799100","Physical Fit","4","0","1"
"172654","Bartholomew County REMC","dmiller@bcremc.com","801 2nd St","8123722112","8123722546","491101","Electric Companies","www.bcremc.net"," Email <---> Revenue ","233728","Bartholomew County REMC","801 2nd St","Columbus","IN","47201","Bartholomew","www.bcremc.net","8123722546","8123722112","Dan J Arnholt","CEO","Mal","19712000","32","491101","Electric Com","4","0","1"
"111977","Indianapolis Electric Co","lconer@indplselectric.com","241 S State Ave","3172633149","3176363391","173101","Electric Contractors","NULL"," Email <---> Revenue ","333898","Indianapolis Electric Co","241 S State Ave","Indianapolis","IN","46201","Marion","","3176363391","3172633149","Lin Coner","Owner","Mal","12000000","350","173101","Electric Con","4","2","1"
"190146","Atlas Foundry Co","greg@atlasfdry.com","Factory Ave & Henderson Ave","7656622902","7656622525","332198","Gray & Ductile Iron Foundries","www.atlasfdry.com"," Email <---> Revenue ","228733","Atlas Foundry Co","Factory Ave & Henderson Ave","Marion","IN","46952","Grant","www.atlasfdry.com","7656622525","7656622902","James Gartland Jr","President","Mal","18600000","100","332198","Gray & Ducti","4","0","1"
"105676","Mc Cubbin Motors","mccubbin@mccubbin.net","301 E Clifty Drive","8122735411","8122735414","559999","Ret Misc Vehicles Repair Services Plumbing/heating/air","fordvehicles.com^^mccubbinford.com"," Email <---> Revenue ","125658","MC CUBBIN MOTORS","301 E CLIFTY DR","MADISON","IN","47250","Jefferson","","8122735411","","KEVIN MC CUBBIN","Owner","M","12100000","30","551100","New & Used C","4","0","1"
"178927","M & M Transport","mark@mmtransport.com","2800 Enterprise St","3173573821","3173573690","421304","Trucking","www.mmtransport.com"," Email <---> Revenue ","365762","M & M Transport","2800 Enterprise St","Indianapolis","IN","46219","Marion","www.mmtransport.com","3173573690","3173573821","Lynn Austin","Manager","Mal","10570000","70","421304","Trucking","4","0","1"
"136036","Fepco Tool & Supply","donnahoggatt@fepco-inc.com","355 Park 32 West Dr","3177739155","3177738255","508453","Tools-Cutting (Wholesale)","www.fepco-inc.com"," Email <---> Revenue ","298406","Fepco Tool & Supply","355 Park 32 West Dr","Noblesville","IN","46062","Hamilton","www.fepco-inc.com","3177738255","3177739155","Fred Parker","Owner","Mal","10880000","20","508453","Tools-Cuttin","4","0","1"
"36064","Southeastern Indiana REMC","barryl@seiremc.com","712 S Buckeye St","8126896987","8126894111","491101","Electric Companies","www.seiremc.com"," Email <---> Revenue ","438177","Southeastern Indiana REMC","712 S Buckeye St","Osgood","IN","47037","Ripley","www.seiremc.com","8126894111","8126896987","Robert Mackey","Manager","Mal","20900000","65","491101","Electric Com","4","0","1"
"169614","Intat Precision Inc","mdesmidt@intat.com","2148 N State Road 3","7659323032","7659325323","346206","Coined Parts-Metal (Manufacturers)","NULL"," Email <---> Revenue ","98504","INTAT PRECISION INC","2148 N STATE ROAD 3","RUSHVILLE","IN","46173","","","7659325323","7659322652","DONALD CARSON","Chief Executive Office","M","11400000","3659","322100","Glass Contai","4","0","1"
"70719","IMC","Kevin@imc4cnc.com","5920 Castleway West Dr # 205","3179135177","3179135160","738912","Telemarketing Services","NULL"," Email <---> Revenue ","95065","IMC","6365 CASTLEPLACE DR","INDIANAPOLIS","IN","46250","Marion","","3179135160","","KEVIN ROBERTSON","Owner","M","11300000","50","738900","Business Svs","4","0","1"
"183553","Swiss Caps","agregory@swisscaps.cc","2300 Us Highway 250","8125942216","8125942810","379202","Trailers-Camping & Travel-Manufacturers","NULL"," Email <---> Revenue ","185433","SWISS CAPS","2300 US HIGHWAY 250","PATRIOT","IN","47038","","","8125942810","","ANTHONY GREGORY","President","M","11400000","80","379200","Tvl Trailers","4","0","1"
"187893","North American Products Corp","gsahrmann@cameron-holdings.com","1180 Wernsing Rd","7172743764","8124822000","342501","Blades (Manufacturers)","www.naptools.com"," Email <---> Revenue ","390935","North American Products Corp","1180 Wernsing Rd","Jasper","IN","47546","Dubois","www.naptools.com","8124822000","8124829784","John Segal","President","Mal","20700000","100","342501","Blades (Manu","4","0","1"
"172435","Flambeau Products","eanderson@flambeau.com","4325 Middle Rd","2525362201","8123724899","308902","Plastics & Plastic Products (Mfrs)","www.flambeau.com"," Email <---> Revenue ","301478","Flambeau Products","4325 Middle Rd","Columbus","IN","47203","Bartholomew","www.flambeau.com","8123724899","8123799707","Dennis Kieweg","Plant Mgr","Mal","24600000","150","308902","Plastics & P","4","0","1"
"126207","Csi Computer Systems","csi@computer-systems.com","12975 Parkside Dr","3179134175","3179134160","504505","Word Processing Equipment & Supls (Whol)","www.computer-systems.com"," Email <---> Revenue ","271889","Csi Computer Systems","12975 Parkside Dr","Fishers","IN","46038","Hamilton","www.computer-systems.com","3179134160","3179134175","Kevin Cook","Owner","Mal","11661000","13","504505","Word Process","4","0","1"
"59568","University Loft Co","jjannetides@universityloft.com","433 E Washington St","3176311516","3176315433","259901","Furniture-Manufacturers","NULL"," Email <---> Revenue ","465224","University Loft Co","433 E Washington St","Indianapolis","IN","46204","Marion","www.universityloft.com","3176315433","3176311516","James Jannetides","President","Mal","15200000","100","259901","Furniture-Ma","4","0","1"
"86527","Clark County REMC","ccremc@theremc.com","7810 Highway 60","8122463947","8122463316","491101","Electric Companies","www.theremc.com"," Email <---> Revenue ","261615","Clark County REMC","7810 Highway 60","Sellersburg","IN","47172","Clark","www.theremc.com","8122463316","8122463947","","","","16300000","44","491101","Electric Com","4","0","1"
"109877","American Storage","Alan@americanministorage.com","2525 N Cullen Ave","NULL","8124713344","422503","Storage-Household & Commercial","NULL"," Email <---> Revenue ","10749","AMERICAN STORAGE","2525 N CULLEN AVE","EVANSVILLE","IN","47715","Vanderburgh","","8124713344","","ALAN TOLLEY","Manager","M","11000000","167","422503","Warehousing ","4","0","1"
"195369","Nyhart Co Inc","dave.sherman@nyhart.biz","9320 Priority Way West Dr","3178037895","3178037700","637103","Employee Benefit & Compensation Plans","NULL"," Email <---> Revenue ","392667","Nyhart Co Inc","9320 Priority Way West Dr","Indianapolis","IN","46240","Marion","www.nyhart.biz","3178037700","3178037895","Jeff Line","CEO","Mal","12480000","130","637103","Employee Ben","4","0","1"
"115654","Elk Automotive Inc","judy@cpcparts.com","3012 Mobile Dr","5742640419","5742640768","753208","Van & Truck Conversions & Accessories","www.elkautomotive.com"," Email <---> Revenue ","290885","Elk Automotive Inc","3012 Mobile Dr","Elkhart","IN","46514","Elkhart","www.elkautomotive.com","5742640768","5742640419","Jim Brown","Owner","Mal","10170000","90","753208","Van & Truck ","4","0","1"
"159747","Karges Furniture Co","kargesinfo@karges.com","1501 W Maryland St","8124254016","8124252291","259901","Furniture-Manufacturers","www.karges.com"," Email <---> Revenue ","348349","Karges Furniture Co","1501 W Maryland St","Evansville","IN","47710","Vanderburgh","www.karges.com","8124252291","8124254016","Edwin Karges Jr","President","Mal","17480000","115","259901","Furniture-Ma","4","0","1"
"180983","Signature Flight Support","kyle.herbig@signatureflight.com","6390 Turner Dr","9047412250","3172484900","458104","Aircraft Servicing & Maintenance","www.signatureflight.com"," Email <---> Revenue ","173030","SIGNATURE FLIGHT SUPPORT","2640 CARGO DR","INDIANAPOLIS","IN","46241","Marion","","3172171799","","","Unknown","","16700000","7117","458100","Airports & T","4","0","1"
"130332","Taylored Systems Inc","hrmanager@taylored.com","14701 Cumberland Rd # 100","3177764000","3177764000","504506","Data Communications Equip/Systems (Whol)","www.taylored.com"," Email <---> Revenue ","187193","TAYLORED SYSTEM INC","14701 CUMBERLAND RD STE 100","NOBLESVILLE","IN","46060","Hamilton","","3177764000","","WILLIAM TAYLOR","Chief Executive Office","M","10700000","75","504500","Cmp,Peripher","4","0","1"
"98986","Moorehead Communications","dealerinfo@mooreheadcomm.com","2749 W 2nd St","8122771404","7656626226","599904","Telephone Equipment & Supplies","www.ecellularconnection.com"," Email <---> Revenue ","382563","Moorehead Communications","2749 W 2nd St","Marion","IN","46952","Grant","www.ecellularconnection.com","7656626226","7656512017","","","","10050000","75","599904","Telephone Eq","4","0","1"
"176045","Bacompt","bsiweb@bacompt.com","12742 Hamilton Crossing Blvd","3175747475","3175747474","275998","Commercial Printing Nec","www.bacompt.com"," Email <---> Revenue ","231955","Bacompt","12742 Hamilton Crossing Blvd","Carmel","IN","46032","Hamilton","www.bacompt.com","3175747474","3175747475","Dwayne Hurt","Manager","Mal","10000000","42","275998","Commercial P","4","0","1"
"81949","Rit Dyes","consumerservice@phoenixbrandsllc.com","1437 W Morris St","3172318050","3172318044","516963","Textile Dyers (Wholesale)","www.ritdye.com"," Email <---> Revenue ","420430","Rit Dyes","1437 W Morris St","Indianapolis","IN","46221","Marion","www.ritdye.com","3172318044","3172318050","Diane Zimmerman","Manager","Fem","15015000","15","516963","Textile Dyer","4","0","1"
"155046","Fine Light Inc","info_lou@finelight.com","100 Fountain Sq # 100","8123396743","8123396700","731101","Advertising-Agencies & Counselors","www.finelight.com"," Email <---> Revenue ","299157","Fine Light Inc","100 Fountain Sq # 100","Bloomington","IN","47404","Monroe","www.finelight.com","8123396700","8123396743","Sherman Rogers","Owner","Mal","11300000","140","731101","Advertising-","4","0","1"
"168688","Jasper Electric Motors","bkellams@jasperengines.com","733 W Division Rd","8126341561","8124821660","506333","Electric Motors-Dlrs/Repairing (Whol)","www.jasperelectricmotors.com"," Email <---> Revenue ","340997","Jasper Electric Motors","733 W Division Rd","Jasper","IN","47546","Dubois","www.jasperelectricmotors.com","8124821660","8126341561","Jeff Bawel","Manager","Mal","13160000","20","506333","Electric Mot","4","0","1"
"76802","Harrison County REMC","Beckort@harrisonremc.com","1165 Old Forest Rd NW","NULL","8127384115","491101","Electric Companies","NULL"," Email <---> Revenue ","320752","Harrison County REMC","1165 Old Forest Rd NW","Corydon","IN","47112","Harrison","www.harrisonremc.com","8127384115","","Paul Beckort","CEO","Mal","20900000","15","491101","Electric Com","4","0","1"
