"Miscellaneous Metals Inc","3016958820","5719 Industry Ln","Frederick","32850000","Ken Mc Combs","Owner","Mal","2178","M","Miscellaneous Metals Inc","info@miscellaneous-metals.com","5719 Industry Ln","Frederick","MD","21704","3016634616","3016958820","344106","Steel-Structural (Manufacturers)","www.miscellaneous-metals.com","11","0"
"Delta Telephone & Cabling Inc","4107933824","2131 Espey Ct # 16","Crofton","27270000","David Lanzi","Owner","Mal","3671","D","Delta Telephone & Cabling Inc","webmaster@deltatelephone.com","2131 Espey Ct # 16","Crofton","MD","21114","4107214136","4107933824","506563","Telecommunication Equip/Syst-Whol/Mfrs","www.deltatelephone.com","11","0"
"Builders Design & Leasing Corp","3015901100","7601 Lindbergh Dr","Gaithersburg","26535000","Mark Nash","Owner","Mal","18207","B","Builders Design and Leasing; Inc.","postmaster@modelhomeclearance.com","7601 Lindbergh Drive","GAITHERSBURG","MD","20879","3015901100","3015901115","152101","Single","MODELHOMECLEARANCE.COM","11","0"
"Atlas Container Corp","4105516300","8140 Telegraph Rd","Severn","30000000","Paul Centenari","President","Mal","20731","A","Atlas Container Corp","info@atlascontainer.com","8140 Telegraph Rd","Severn","MD","21144","4105512703","4105516300","265301","Corrugated & Solid Fiber Boxes (Mfrs)","www.atlascontainer.com","11","0"
"Roy Jorgensen Assoc Inc","3018311000","3735 Buckeystown Pike","Buckeystown","36645000","John S Jorgensen","Owner","Mal","46178","R","Roy Jorgensen Assoc Inc","info@whitecapevents.com","3735 Buckeystown Pike","Buckeystown","MD","21717","9499751153","3018311000","505107","Pipe-Wholesale","www.royjorgensen.com","11","0"
"Cambridge Inc","4102283000","105 Goodwill Rd","Cambridge","33200000","Duane Marshall","President","Mal","46959","C","Cambridge Inc","sales@cambridge-inc.com","105 Goodwill Rd","Cambridge","MD","21613","4102286752","4102283000","353501","Conveyors & Conveying Equipment-Mfrs","www.cambridge-inc.com","11","0"
"Szco Supplies Inc","4103688300","2713 Merchant Dr","Baltimore","28320000","C S Jamil","President","Mal","54170","S","Szco Supplies Inc","info@szco.com","2713 Merchant Dr","Baltimore","MD","21230","4103689366","4103688300","509905","Importers","www.szco.com","11","0"
"Delta Chemical Corp","4103540100","2601 Cannery Ave","Baltimore","37800000","John Besson","President","Mal","84060","D","Delta Chemical Corp","sales@deltachemicals.com","2601 Cannery Ave","Baltimore","MD","21226","4103541021","4103540100","281998","Industrial Inorganic Chmcls Nec (Mfrs)","www.deltachemicals.com","11","0"
"Maryland Plastics Inc","4107545566","251 E Central Ave","Federalsburg","45920000","Allen Penrod","President","Mal","85692","M","Maryland Plastics Inc","sales@marylandplastics.com","251 E Central Ave","Federalsburg","MD","21632","4107548882","4107545566","308901","Mold Makers","www.marylandplastics.com","11","0"
"Smith Lithograph Corp","3014241400","1029 E Gude Dr","Rockville","30000000","Charles R Smith","President","Mal","92434","S","Smith Lithograph Corp","info@smith-litho.com","1029 E Gude Dr","Rockville","MD","20850","3017622080","3014241400","275202","Printers","www.smith-litho.com","11","0"
"Master-Halco","4106762744","1704 Trimble Rd","Edgewood","26300000","Doug Vanderjagt","Plant Mgr","Mal","93322","M","Master-Halco","info@fenceonline.com","1704 Trimble Rd","Edgewood","MD","21040","3175429861","4106762744","349605","Fence-Manufacturers","www.mhfence.com","11","0"
"Intelligent Automation Inc","2403140510","7519 Standish Pl","Rockville","31080000","Leonard Haynes","Owner","Mal","100093","I","Intelligent Automation Inc","info@i-a-i.com","7519 Standish Pl","Rockville","MD","20855","3012945201","2403140510","507215","Robots (Wholesale)","www.i-a-i.com","11","0"
"Equipment Development Co","3016631600","100 Thomas Johnson Dr","Frederick","26925000","Frank Stanczyk","President","Mal","104242","E","Equipment Development Co","hr@edcoinc.com","100 Thomas Johnson Dr","Frederick","MD","21702","3016631607","3016631600","353105","Contractors-Equipment-Manufacturers","www.edcoinc.com","11","0"
"Reit Lubricants","4106584440","15 Sylmar Rd","Rising Sun","43602000","Stephen Thiers","Manager","Mal","105087","R","Reit Lubricants","info@reitlube.com","15 Sylmar Rd","Rising Sun","MD","21911","4106584440","4106584440","517206","Oils-Fuel (Wholesale)","www.reitlube.com","11","0"
"H & M Wagner & Sons Inc","4107661150","7204 May Wagner Ln","Glen Burnie","25000000","George Wagner","Owner","Mal","108900","H","H & M Wagner & Sons Inc","webmaster@baknet.com","7204 May Wagner Ln","Glen Burnie","MD","21061","4107619460","4107661150","504604","Restaurant Equipment & Supplies (Whol)","www.hmwagner.com","11","0"
"Bopla Enclosures","3016969300","7330 Executive Way","Frederick","41000000","Ed Mayhew","Plant Mgr","Mal","109690","B","Bopla Enclosures","customerservice@rose-bopla.com","7330 Executive Way","Frederick","MD","21704","3016969494","3016969300","308902","Plastics & Plastic Products (Mfrs)","www.rose-bopla.com","11","0"
"JFC Intl Inc","3016045000","8611 Larkin Rd","Savage","45480000","Yoshiaki Hirata","Manager","Mal","114013","J","JFC Intl Inc","info@jfc.com","8611 Larkin Rd","Savage","MD","20763","3016042111","3016045000","514105","Grocers-Wholesale","www.jfc.com","11","0"
"Knorr Brake Corp","4108750900","861 Baltimore Blvd","Westminster","32000000","Ken Andrews","President","Mal","116040","K","Knorr Brake Corp","webmaster@knorrbrakecorp.com","861 Baltimore Blvd","Westminster","MD","21157","4108750830","4108750900","371411","Brakes-Manufacturers","www.knorrbrakecorp.com","11","0"
"Elkton Sparkler Co","4102878138","123 Peninsula Dr","North East","39130000","William C Shivery","President","Mal","118126","E","Elkton Sparkler Co","sales@easylite.com","123 Peninsula Dr","North East","MD","21901","4102879553","4102878138","289905","Chemicals-Manufacturers","www.easylite.com","11","0"
"Lift Off Distribution LLC","3014905542","8735 Bollman Pl # J","Savage","42200000","Ann Keith","Owner","Fem","119101","L","Lift Off Distribution LLC","info@loadsaenergy.com","8735 Bollman Pl # J","Savage","MD","20763","3014904715","3014905542","514937","Beverages (Wholesale)","www.liftoffdc.com","11","0"
"Ad Solution","3012318600","11810 Parklawn Dr # 210","Rockville","25130000","Jeffrey Linowes","President","Mal","119503","A","Ad Solution","info@asolution.com","11810 Parklawn Dr # 210","Rockville","MD","20852","3012310165","3012318600","519917","Advertising-Specialties (Wholesale)","www.adsolution.com","11","0"
"Boland Trane Svc","3019842400","12320 Parklawn Dr","Rockville","36500000","Jim Boland","President","Mal","122743","B","Boland Trane Svc","parts@boland.com","12320 Parklawn Dr","Rockville","MD","20852","3018814787","3019842400","171117","Air Conditioning Contractors & Systems","www.boland.com","11","0"
"Johnson Lumber Co Inc","4108225476","11561 Longwoods Rd","Easton","31770000","Fred Johnson","President","Mal","123982","J","Johnson Lumber Co Inc","info@johnson-lumber-co.com","11561 Longwoods Rd","Easton","MD","21601","4108204250","4108225476","503109","Lumber-Wholesale","www.johnson-lumber-co.com","11","0"
"Maryland Fire Equipment Corp","3018812713","12284 Wilkins Ave","Rockville","26320000","Robert E Colvin","President","Mal","125567","M","Maryland Fire Equipment Corp","info@marylandfire.com","12284 Wilkins Ave","Rockville","MD","20852","3018813477","3018812713","506315","Fire Protection Equipment & Supls (Whol)","www.marylandfire.com","11","0"
"AMTOTE International Co Inc","4107718700","11200 Pepper Rd","Cockysvl Hnt Vly","25000000","John Corckran","CEO","Mal","130945","A","AMTOTE International Co Inc","jobs@amtote.com","11200 Pepper Rd","Cockysvl Hnt Vly","MD","21031","4107855273","4107718700","357912","Ticket Issuing Machines (Manufacturers)","www.amtote.com","11","0"
"Novatec Inc","4107894811","222 Thomas Ave","Baltimore","32000000","Lawrence De Baugh","CEO","Mal","133161","N","Novatec Inc","service@novatec.com","222 Thomas Ave","Baltimore","MD","21225","4107894638","4107894811","344403","Sheet Metal Fabricators","www.novatec.com","11","0"
"Red Coats Inc","3016544360","4401 E West Hwy # 401","Bethesda","47000000","William Peel","CEO","Mal","134423","R","Red Coats Inc","sales@redcoats.com","4401 E West Hwy # 401","Bethesda","MD","20814","3016545947","3016544360","734999","Building Cleaning/Maintenance Svcs","www.redcoats.com","11","0"
"E U Svc","3014243300","649 N Horners Ln","Rockville","27900000","Bruce Mackey","President","Mal","135617","E","E U Svc","webmaster@euservices.com","649 N Horners Ln","Rockville","MD","20850","3014243696","3014243300","275998","Commercial Printing Nec","www.euservices.com","11","0"
"Social & Health Svc","3012993727","17 Lake Potomac Ct","Potomac","25760000","Lewis Eigen","President","Mal","149426","S","Social & Health Svc","personnel@shs.net","17 Lake Potomac Ct","Potomac","MD","20854","3012993727","3012993727","809907","Health Services","www.shs.net","11","0"
"Alban Reman Ctr","4106867777","8864 Citation Rd","Baltimore","43290000","Richard Parks","Manager","Mal","160753","A","Alban Tractor","INFO@ALBANCAT.COM","2801 Moorgate Rd","DUNDALK","MD","21221","4106867777","null","352304","Mfg Farm Machinery/equipment","null","11","0"
"Westat Inc","3013304881","9274 Gaither Rd","Gaithersburg","36050000","Trent Budd","Manager","Mal","164824","W","Westat Inc","webmaster@westat.com","9274 Gaither Rd","Gaithersburg","MD","20877","3012942040","3013304881","873202","Economic Research & Analysis","www.westat.com","11","0"
"J F Taylor Inc","3018623939","21610 S Essex Dr","Lexington Park","34760000","John F Taylor Sr","Owner","Mal","168277","J","J F Taylor Inc","information@jfti.com","21610 S Essex Dr","Lexington Park","MD","20653","3018624069","3018623939","871111","Engineers-Consulting","www.jfti.com","11","0"
"Custom Direct LLC","4106793300","1802 Fashion Ct","Joppa","30400000","John Browning","President","Mal","168435","C","Custom Direct LLC","investorrelations@cdifund.com","1802 Fashion Ct","Joppa","MD","21085","4106760950","4106793300","275202","Printers","www.cdi-us.com","11","0"
"Werres Corp","3016204000","807 E South St # A","Frederick","25000000","Dan Senecal","President","Mal","168566","W","Werres Corp","employment@werres.com","807 E South St # A","Frederick","MD","21701","3016621028","3016204000","508426","Material Handling Equipment (Wholesale)","www.werres.com","11","0"
"Sharp Energy Inc","4108228567","9387 Ocean Gtwy","Easton","33540000","William Radcliffe","Manager","Mal","172368","S","Sharp Energy Inc","webmaster@sharpenergy.com","9387 Ocean Gtwy","Easton","MD","21601","4108227970","4108228567","517208","Gas-Liquefied Petro-Bttld/Bulk (Whol)","www.sharpenergy.com","11","0"
"Bollinger Energy Corp","4103270500","2833 Odonnell St","Baltimore","36894000","Meg Brunson","Manager","Fem","172731","B","Bollinger Energy Corp","webmaster@bollingerenergy.com","2833 Odonnell St","Baltimore","MD","21224","4103270502","4103270500","517206","Oils-Fuel (Wholesale)","www.bollingerenergy.com","11","0"
"Overhead Door Corp","3019371800","6841 Distribution Dr","Beltsville","25800000","Louis Rehak","Manager","Mal","177426","O","Overhead Door Corp","sales@odchy.com","6841 Distribution Dr","Beltsville","MD","20705","3019373075","3019371800","521131","Doors","www.odcdc.com","11","0"
"Blumenthal Kahn Electric Co","4103631200","10233 S Dolfield Rd","Owings Mills","32900000","John Blementhal","Owner","Mal","180593","B","Blumenthal Kahn Electric Co","info@bkelp.com","10233 S Dolfield Rd","Owings Mills","MD","21117","4103631215","4103631200","506333","Electric Motors-Dlrs/Repairing (Whol)","www.bkelp.com","11","0"
"UTZ Quality Foods Inc","3016454624","74 Industrial Park Dr","Waldorf","30680000","Jim Chandler","Manager","Mal","182714","U","UTZ Quality Foods Inc","jobs@utzsnacks.com","74 Industrial Park Dr","Waldorf","MD","20602","3016454632","3016454624","514504","Potato Chips (Wholesale)","www.utzsnacks.com","11","0"
"Superior Food Brokerage Co","4103373611","8501 Lasalle Rd # 308","Baltimore","27288000","Dave Thomas","Owner","Mal","184500","S","Superior Food Brokerage Co","info@superiorfoodbrokerage.com","8501 Lasalle Rd # 308","Baltimore","MD","21286","4103397190","4103373611","514102","Food Brokers","www.superiorfoodbrokerage.com","11","0"
"Southern Maryland Oil","4102577575","101 Thomas Ave","Owings","43602000","Tim Warren","Manager","Mal","190024","S","Southern Maryland Oil","info@southernmdoil.com","101 Thomas Ave","Owings","MD","20736","3018553825","4102577575","517206","Oils-Fuel (Wholesale)","www.southernmdoil.com","11","0"
"Aspen Publishers Inc","3016987100","7201 Mckinney Cir","Frederick","29340000","Judith Mc Ree","Manager","Fem","192470","A","Aspen Publishers Inc","info@ificlaims.com","7201 Mckinney Cir","Frederick","MD","21704","3016957931","3016987100","273101","Publishers-Book","www.aspenpublishers.com","11","0"
"Planet Technologies","3017977770","18523 Old Colony Ln","Hagerstown","49320000","Scott Tucker","Owner","Mal","193087","P","Planet Technologies","info@go-planet.com","18523 Old Colony Ln","Hagerstown","MD","21742","3017977770","3017977770","737701","Computers-Renting & Leasing","www.go-planet.com","11","0"
"Shimadzu Scientific Instrument","4103811227","7102 Riverwood Dr","Columbia","44000000","Osamu Ando","President","Mal","200748","S","Shimadzu Scientific Instrument","privacy@shimadzu.com","7102 Riverwood Dr","Columbia","MD","21046","4103811222","4103811227","382698","Laboratory Analytical Instruments (Mfrs)","www.shimadzu.com","11","0"
"TVI Corp","3013528800","10209 Bacon Dr","Beltsville","37862000","Richard V Priddy","CEO","Mal","202305","T","TVI Corp","sales@ppsgb.com","10209 Bacon Dr","Beltsville","MD","20705","3013528818","3013528800","381298","Search Detection/Nav Systs/Instr (Mfrs)","www.tvicorp.com","11","0"
"Mc Cormick Paints","3017702008","2355 Lewis Ave","Rockville","35475000","Tom Mc Cormick","President","Mal","203270","M","Mc Cormick Paints","sales@mcormickpaints.com","2355 Lewis Ave","Rockville","MD","20851","3013501330","3017702008","285103","Paint-Manufacturers","www.mccormickpaints.com","11","0"
"PCC Construction Components","3014171020","7950 Cessna Ave","Gaithersburg","32250000","Vito Germinario","Owner","Mal","204053","P","PCC Construction Components","webmaster@pcc.com","7950 Cessna Ave","Gaithersburg","MD","20879","3014170974","3014171020","521114","Roofing Materials","www.pcc.com","11","0"
