"Loane Brothers Inc","4106869200","9601 Pulaski Park Dr","Baltimore","9815000","Bryan Loane","Manager","Mal","596","L","Loane Brothers Inc","info@loanebros.com","9601 Pulaski Park Dr","Baltimore","MD","21220","4108236055","4106869200","239905","Flags & Banners-Manufacturers","www.loanebros.com","11","0"
"Ikon Office Solutions Inc","4107524555","31 Light St # 300","Baltimore","8325000","Elmer Johnson","Manager","Mal","1460","I","Ikon Office Solutions Inc","info@support.ikon.com","31 Light St # 300","Baltimore","MD","21202","4107527793","4107524555","504403","Copying & Duplicating Machines & Supls","www.ikon.com","11","0"
"Warren-Ehret Co","4107524922","610 W West St","Baltimore","6200000","Brad Koch","President","Mal","1542","W","Warren-Ehret Co","sales@warren-ehret.com","610 W West St","Baltimore","MD","21230","4103324510","4107524922","176109","Roofing Contractors","NULL","11","0"
"Rescar","4103923733","702 Elk Mills Rd","Elk Mills","5010000","Vic Bowers","Manager","Mal","7077","R","Rescar","customerservice@rescar.com","702 Elk Mills Rd","Elk Mills","MD","21920","8062749774","4103923733","162908","Railroad Contractors","www.rescar.com","11","0"
"Schneidereith & Sons","4105250300","2905 Whittington Ave","Baltimore","9120000","C William Schneidereith","Manager","Mal","10002","S","Schneidereith & Sons","sales@schneidereith.com","2905 Whittington Ave","Baltimore","MD","21230","4105253797","4105250300","275202","Printers","www.schneidereith.com","11","0"
"Knifecenter","3014860901","5111 Berwyn Rd # 110","College Park","5026000","Howard Corn","Owner","Mal","10169","R","Red Rebel Design","support@knifecenter.com","8527 60th Ave","COLLEGE PARK","MD","20740","3014860901","null","7389","Business Services NEC","null","11","0"
"Computer Technology Svc","3014681160","1700 Rockville Pike # 315","Rockville","8600000","Max Perry","Manager","Mal","18753","C","Computer Technology Svc","info@ctsmd.com","1700 Rockville Pike # 315","Rockville","MD","20852","3012317119","3014681160","824903","Schools-Industrial Technical & Trade","www.ctsmd.com","11","0"
"Data Prompt Inc","3016220450","11911 Tech Rd","Silver Spring","9180000","","","","20108","D","Data Prompt Inc","webmaster@dataprompt.com","11911 Tech Rd","Silver Spring","MD","20904","3016221664","3016220450","737401","Data Processing Service","www.dataprompt.com","11","0"
"Orchid Cellmark Inc","3014284980","20271 Goldenrod Ln # 101","Germantown","6120000","Mark Stolorow","Executive Director","Mal","20854","O","Orchid Cellmark Inc","mail@orchid.com","20271 Goldenrod Ln # 101","Germantown","MD","20876","3014284877","3014284980","873409","Forensic Consultants","www.orchid.com","11","0"
"Consolidated Printing Co","4106795997","1301 Governors Ct # B","Abingdon","7600000","Roy Bain","Owner","Mal","21424","p","perceptual motion inc","info@printingcp.com","3393 GARRISON CIR","ABINGDON","MD","21009","4106795997","4106796090","733602","Commercial Art/graphic Design","PRINTINGCP.COM","11","0"
"TNT Svc Group Inc","3018748400","3958 Dartmouth Ct # A","Frederick","6450000","James Tarleton","Owner","Mal","24475","T","TNT Svc Group Inc","webmaster@tntservicesgroup.com","3958 Dartmouth Ct # A","Frederick","MD","21703","3018741776","3018748400","521107","Windows","www.tntservicesgroup.com","11","0"
"Alert Delivery Svc Inc","3019485050","8945 N Westland Dr # 301","Gaithersburg","7050000","Michael Pack","Owner","Mal","25462","A","Alert Delivery Svc Inc","admin@alertdelivery.com","8945 N Westland Dr # 301","Gaithersburg","MD","20877","2406839508","3019485050","421205","Delivery Service","www.alertdelivery.com","11","0"
"Gladhill Furniture Co","3013716800","10 Walnut St","Middletown","6400000","Mike Eberhart","Manager","Mal","31615","J","J & J Furniture Inc","advertising@gladhillfurniture.com","10 Walnut St","MIDDLETOWN","MD","21769","3013716800","3013714058","731999","Advertising Nec","bassettfrederick.com","11","0"
"Competition Products Inc","3014980850","8740 Cherry Ln # 24","Laurel","7240000","Robert Pecker","Owner","Mal","33373","C","Competition Products Inc","webmaster@compprodrc.com","8740 Cherry Ln # 24","Laurel","MD","20707","3014989329","3014980850","509203","Hobby & Model Constr Supplies-Wholesale","www.compprodrc.com","11","0"
"New Earth Svc","4102216057","306 Mill St","Cambridge","5268000","Pat Condon","Manager","Mal","34095","N","New Earth Svc","info@newearthservices.com","306 Mill St","Cambridge","MD","21613","4102216053","4102216057","509312","Recycling Centers (Wholesale)","www.newearthservices.com","11","0"
"Harley-Davidson Inc","3012481200","9407 Livingston Rd","Fort Washington","6620000","Steve Knowlton","Manager","Mal","35848","H","Harley-Davidson Inc","mail@hdwash.com","9407 Livingston Rd","Fort Washington","MD","20744","3012489068","3012481200","557106","Motorcycles & Motor Scooters-Dealers","www.hdwash.com","11","0"
"Techniarts Inc","3015851118","814 Thayer Ave","Silver Spring","5050000","","","","37069","T","Techniarts Inc","webmaster@techniarts.com","814 Thayer Ave","Silver Spring","MD","20910","3015851118","3015851118","506507","Sound Systems & Equipment (Wholesale)","www.techniarts.com","11","0"
"Wiltronix Inc","3012587676","16850 Oakmont Ave","Washington Grove","5050000","Dwight Wilcox","President","Mal","39464","W","Wiltronix Inc","sales@wiltronix.com","16850 Oakmont Ave","Washington Grove","MD","20880","3019638624","3012587676","506515","Television Systs/Eqpt-Clsd Crct (Whol)","www.wiltronix.com","11","0"
"Spacesaver Systems Inc","3019339390","10800 Connecticut Ave","Kensington","6050000","David Craig","Owner","Mal","40098","S","Spacesaver Systems Inc","info@ssi-md.com","10800 Connecticut Ave","Kensington","MD","20895","3019338068","3019339390","594302","Filing Equipment Systems & Supplies","www.ssi-md.com","11","0"
"Gulf Stream Aircraft Inc","3019679767","1715 First St","Andrews Afb","9490000","Joe Lorentzen","Manager","Mal","40982","G","Gulf Stream Aircraft Inc","support@resumeware.com","1715 First St","Andrews Afb","MD","20762","7029473080","3019679767","372101","Aircraft-Manufacturers","www.gulfstream.com","11","0"
"Adscom Corp","4107688505","6711 Baymeadow Dr","Glen Burnie","5085000","Chris Capizzi","Manager","Mal","41751","A","Adscom Corp","quote@adscom1.com","6711 Baymeadow Dr","Glen Burnie","MD","21060","4107689254","4107688505","753208","Van & Truck Conversions & Accessories","www.adscom1.com","11","0"
"Citi Roofs Corp","4103813100","9510 Berger Rd # 200","Columbia","5952000","Tim Maloney","President","Mal","43098","C","Citi Roofs Corp","sales@citiroof.com","9510 Berger Rd # 200","Columbia","MD","21046","4103818835","4103813100","176109","Roofing Contractors","www.citiroof.com","11","0"
"Community Of Science Inc","4105634854","1629 Thames St # 200","Baltimore","7210000","","","","43969","C","Community Of Science Inc","prodinfo@cos.com","1629 Thames St # 200","Baltimore","MD","21231","4105635389","4105634854","873206","Research Service","www.communityofscience.com","11","0"
"World Fasteners Inc","4102397766","314 Hanover Pike","Hampstead","5180000","Brenda Yezulinas","Owner","Fem","45420","W","World Fasteners Inc","info@worldfasteners.com","314 Hanover Pike","Hampstead","MD","21074","4102397643","4102397766","507212","Screws (Wholesale)","www.worldfasteners.com","11","0"
"Elderhealth Inc","4108644400","1001 W Pratt St","Baltimore","8550000","Bruce Sterm","Executive Director","Mal","46409","E","Elderhealth Inc","webmaster@elderhealth.com","1001 W Pratt St","Baltimore","MD","21223","4108644429","4108644400","832210","Day Care Centers-Adult","www.elderhealth.com","11","0"
"Zip Mailing Svc Inc","3013863633","3118 Hubbard Rd","Landover","7452000","Charlain Bland","Owner","Fem","49350","Z","Zip Mailing Svc Inc","sales@zipmailing.com","3118 Hubbard Rd","Landover","MD","20785","3013863637","3013863633","733101","Mailing & Shipping Services","www.zipmailing.com","11","0"
"Potomac Rubber Co Inc","3013367400","9011 Hampton Overlook","Capitol Heights","6270000","Sharon Ogle","President","Fem","55762","P","Potomac Rubber Co Inc","info@potomacrubber.com","9011 Hampton Overlook","Capitol Heights","MD","20743","3013506543","3013367400","508548","Rubber Products-Wholesale","www.potomacrubber.com","11","0"
"Pro Air Inc","3019319052","6864 Distribution Dr","Beltsville","7008000","Chris Sakkos","Owner","Mal","57233","P","Pro Air Inc","webmaster@proair-inc.com","6864 Distribution Dr","Beltsville","MD","20705","3019319421","3019319052","171117","Air Conditioning Contractors & Systems","www.proair-inc.com","11","0"
"Grimes Idealease","3016980686","1301a E Patrick St","Frederick","5820000","Bob Grimes","Manager","Mal","59280","G","Grimes Idealease","info@grimestruckcenter.com","1301a E Patrick St","Frederick","MD","21701","3016946402","3016980686","751303","Truck Renting & Leasing","www.grimestruckcenter.com","11","0"
"American Amplifier & TV Corp","3015640600","4481 Nicole Dr","Lanham","6940000","Robert Burdett","Owner","Mal","61035","A","American Amplifier & TV Corp","webmaster@americanamplifier.com","4481 Nicole Dr","Lanham","MD","20706","3014599775","3015640600","365103","Sound Systems & Equipment-Manufacturers","www.americanamplifier.com","11","0"
"William Hill Manor Helath Ctr","4108228888","501 Dutchmans Ln","Easton","6400000","Donna Taylor","Manager","Fem","61687","W","William Hill Manor Helath Ctr","info@williamhillmanor.com","501 Dutchmans Ln","Easton","MD","21601","4108209438","4108228888","805101","Nursing & Convalescent Homes","www.williamhillmanor.com","11","0"
"Mid Atlantic Deck & Fence Co","4105441987","800 State Route 3 S","Gambrills","7080000","Bruce Beauchamp","Owner","Mal","64624","M","Mid Atlantic Deck & Fence Co","info@midatlanticdeckandfence.com","800 State Route 3 S","Gambrills","MD","21054","4105441987","4105441987","152138","Deck Builders","www.midatlanticdeckandfence.com","11","0"
"Tourgee & Assoc Inc","4103563108","11459 Cronhill Dr","Owings Mills","5530000","Dan Tourgee","Owner","Mal","65164","T","Tourgee & Assoc Inc","info@taiengineering.com","11459 Cronhill Dr","Owings Mills","MD","21117","4108334907","4103563108","871111","Engineers-Consulting","www.taiengineering.com","11","0"
"Haven Harbour Marina","4107786697","20880 Rock Hall Ave","Rock Hall","5110000","Jonathan Jones","Manager","Mal","67901","H","Haven Harbour Marina","email@havenharbour.com","20880 Rock Hall Ave","Rock Hall","MD","21661","4107786697","4107786697","449306","Marinas","www.jascarpentry.com","11","0"
"Crystal Springs Water Co","3019311090","6403 Ammendale Rd # A","Beltsville","5500000","Rick Seligman","Manager","Mal","67990","C","Crystal Springs Water Co","customerservice@water.com","6403 Ammendale Rd # A","Beltsville","MD","20705","2197643326","3019311090","549903","Water Companies-Bottled, Bulk, Etc","Bulk","11","0"
"Becker Group LTD","4105760222","901 Cathedral St","Baltimore","6180000","Gordon Becker","Owner","Mal","69311","F","FurnitureCredit.Com;","sales@beckergroup.com","901 Cathedral Street","Baltimore","MD","21201","4105760222","4106490122","571216","Furniture","beckergroup.com","11","0"
"Town Security Inc","4105153408","2109 Emmorton Rd # 123","Abingdon","7896000","Dave Porte","Owner","Mal","69682","T","Town Security Inc","sales@townsecurity.com","2109 Emmorton Rd # 123","Abingdon","MD","21009","4106716403","4105153408","506324","Burglar Alarm Systems (Wholesale)","www.townsecurity.com","11","0"
"A Weathermaster Co","4106751600","2115 Eastern Ave","Baltimore","5160000","Brian Spirt","Owner","Mal","70152","A","A Weathermaster Co","freeestimate@weathermaster-window.com","2115 Eastern Ave","Baltimore","MD","21231","4106751682","4106751600","521107","Windows","www.weathermaster-window.com","11","0"
"Hoyt Communications","3012931013","10054 Vista Ct","Myersville","6060000","Martin Hoyt","Manager","Mal","71997","H","Hoyt Communications","info@hoytcommunications.com","10054 Vista Ct","Myersville","MD","21773","3012931013","3012931013","506563","Telecommunication Equip/Syst-Whol/Mfrs","www.hoytcommunications.com","11","0"
"American Design & Build LTD","4105570555","221 Gateway Dr","Bel Air","7080000","Joe Tunney","President","Mal","72123","A","American Design & Build LTD","info@adbuild.com","221 Gateway Dr","Bel Air","MD","21014","4106925475","4105570555","152105","Home Improvements","www.adbuild.com","11","0"
"Capitol Entertainment & Home","3015649700","6205 Adelaide Dr","Bethesda","5705000","Ted Goldberg","President","Mal","72377","C","Capitol Entertainment & Home","sales@urlcollection.com","6205 Adelaide Dr","Bethesda","MD","20817","8189329751","3015649700","782202","Motion Picture Film-Distrs & Exchs","www.accupump.com","11","0"
"Viskon-Aire Corp","4105438800","410 Winfield Ave","Salisbury","7654000","Rob Johnson","VP","Mal","77379","V","Viskon-Aire Corp","sales@viskon-aire.com","410 Winfield Ave","Salisbury","MD","21801","4108605894","4105438800","356401","Fans-Industrial & Commercial-Mfrs","www.viskon-aire.com","11","0"
"Maryland Lava Co","4108384114","3102 Dublin Rd","Street","7104000","E L Dinning Iv","President","Mal","81473","M","Maryland Lava Co","info@marylandlava.com","3102 Dublin Rd","Street","MD","21154","4108384114","","326498","Porcelain-Electrical-Supplies (Mfrs)","www.marylandlava.com","11","0"
"Accurate Locating Inc","4108500280","1327 Ashton Rd # 101","Hanover","8300000","Michael Magurie","Manager","Mal","84895","A","Accurate Locating Inc","webmaster@accuratelocating.com","1327 Ashton Rd # 101","Hanover","MD","21076","4108500280","4108500280","493903","Utilities-Underground-Cable Locating Svc","www.accuratelocating.com","11","0"
"Splaine Security Systems Inc","3019426262","3829 Plyers Mill Rd","Kensington","7896000","Sam Splaine","Owner","Mal","84908","S","Splaine Security Systems Inc","office@splainesystems.com","3829 Plyers Mill Rd","Kensington","MD","20895","3019460626","3019426262","506324","Burglar Alarm Systems (Wholesale)","www.splainesystems.com","11","0"
"Norman Machine Tool LTD","4106332300","1311 Ponca St","Baltimore","5440000","Michael Norman","President","Mal","87477","N","Norman Machine Tool LTD","sales@normanmachinetool.com","1311 Ponca St","Baltimore","MD","21224","2198741273","4106332300","508425","Machine Tools (Wholesale)","www.screwcompressors.com","11","0"
"Country Artists USA Inc","4102908990","9305 Gerwig Ln","Columbia","6462000","","","","89735","C","Country Artists USA Inc","custserv@coynes.com","9305 Gerwig Ln","Columbia","MD","21046","4102908990","4102908990","519910","Giftwares-Wholesale","www.countryartists.com","11","0"
"Safety Tech Intl","3016245600","5703 Industry Ln","Frederick","8970000","Dale Kline","President","Mal","92002","S","Safety Tech Intl","sales@safetytechint.com","5703 Industry Ln","Frederick","MD","21704","3016245688","3016245600","504704","Physicians & Surgeons Equip & Supls-Whol","www.safetytechint.com","11","0"
"J Vinton Schafer & Sons Inc","4103353000","1309 Continental Dr # A","Abingdon","5670000","Ron Knowles","President","Mal","92814","J","J Vinton Schafer & Sons Inc","mail@jvschafer.com","1309 Continental Dr # A","Abingdon","MD","21009","4103356529","4103353000","874104","Construction Management","www.jvschafer.com","11","0"
"Nottingham Property Inc","4108250545","100 W Pennsylvania Ave # 100","Baltimore","8980000","Doug Dollenberg","President","Mal","92922","N","Nottingham Property Inc","hr@nottinghamproperties.com","100 W Pennsylvania Ave # 100","Baltimore","MD","21204","4103218018","4108250545","655201","Land Companies","www.nottinghamproperties.com","11","0"
"Bomboy's Home Made Candy","4109392924","329 Market St","Havre De Grace","9740000","Barry Bomboy","Owner","Mal","94949","B","Bomboy''s Home Made Candy","info@bomboyscandy.com","329 Market St","Havre De Grace","MD","21078","4109392924","4109392924","206601","Chocolate & Cocoa-Manufacturers","www.bomboyscandy.com","11","0"
"Air Techniques Inc","4103639696","11403 Cronridge Dr","Owings Mills","9800000","Eric Hanson","President","Mal","96034","A","Air Techniques Inc","info@atitest.com","11403 Cronridge Dr","Owings Mills","MD","21117","4103639695","4103639696","382908","Testing Apparatus-Manufacturers","www.atitest.com","11","0"
"Printing Images Inc","3019841140","12266 Wilkins Ave # A","Rockville","7007000","Tom Dolan","President","Mal","100817","P","Printing Images Inc","webmaster@printingimages.com","12266 Wilkins Ave # A","Rockville","MD","20852","3019844483","3019841140","275998","Commercial Printing Nec","www.printingimages.com","11","0"
"S & S Management Svc","4106617950","4212 Ridge Rd","Baltimore","5040000","Louis Schaefer","Owner","Mal","103333","S","S & S Management Svc","info@sandsauto.com","4212 Ridge Rd","Baltimore","MD","21236","4108824110","4106617950","874198","Management Services","www.sandsauto.com","11","0"
"De Ment's Mechanical Corp","3018708428","6515 Hughesville Ind Park Rd","Hughesville","6120000","Doug De Ment","Owner","Mal","104905","D","De Ment's Mechanical Corp","service@dementsmechanical.com","6515 Hughesville Ind Park Rd","Hughesville","MD","20637","3018708428","3018708428","507804","Refrigerating Equip-Coml (Wholesale)","www.dementsmechanical.com","11","0"
"Steger's Maryland Fresh Eggs","4103744155","","Hampstead","9108000","","","","106726","S","Sauder''s Maryland Fresh Eggs","custsrv@saudereggs.com","3986 Hampstead Mexico Rd","Hampstead","MD","21074","4103744155","4102398111","514403","Eggs (Wholesale)","www.saudereggs.com","11","0"
"Nieto Engineering Inc","3013621284","8350 Bristol Ct # 101","Jessup","7900000","Felix Nieto","Owner","Mal","109009","N","Nieto Engineering Inc","info@nei-corp.com","8350 Bristol Ct # 101","Jessup","MD","20794","3013624171","3013621284","871116","Engineers-Electronic","www.nei-corp.com","11","0"
"Tanks Direct","3014219400","10756 Rhode Island Ave","Beltsville","9060000","Paul Robertson","Owner","Mal","110098","T","Tanks Direct","info@tanksdirect.com","10756 Rhode Island Ave","Beltsville","MD","20705","3014219676","3014219400","508806","Tanks-Metal (Wholesale)","www.tanksdirect.com","11","0"
"Clothes Call","3018589289","2421 Crofton Ln # 4","Crofton","9440000","Tom Tanglos","Owner","Mal","111778","C","Clothes Call","info@clothescall.com","2421 Crofton Ln # 4","Crofton","MD","21114","4107216719","3018589289","152114","Fire Damage Restoration","NULL","11","0"
"Belair Engineering & Svc Co","3012490300","15881 Commerce Ct","Upper Marlboro","5891000","Debbie Risher","Owner","Fem","111963","B","Belair Engineering & Svc Co","info@belaireng.com","15881 Commerce Ct","Upper Marlboro","MD","20774","3012490302","3012490300","762304","Air Conditioning Equipment-Repair","www.belaireng.com","11","0"
"Four Seasons Sunrooms","4107570107","804a E College Pkwy","Annapolis","5694000","David Garvey","President","Mal","112528","F","Four Seasons Sunrooms","sales@sunspotsinc.com","804a E College Pkwy","Annapolis","MD","21401","4107570037","4107570107","154207","Greenhouse Builders","www.sunspotsinc.com","11","0"
"International Graphics","3015955999","10710 Tucker St","Beltsville","6840000","Fakhri Al-Barzinji","Owner","Mal","120067","I","International Graphics","info@payzonellc.com","10710 Tucker Street","Beltsville","MD","20705","3015955999","301.595-5888","275202","Printers","null","11","0"
"WWRC","3015874900","8750 Brookville Rd","Silver Spring","5500000","","","","120965","W","WTNT-FM","info@scribbleslearningcenter.com","8750 Brookvale Road","Silver Spring","MD","20910","3015874900","617.282-8999","483201","Radio Stations & Broadcasting Companies","www.scribbleslearningcenter.com","11","0"
"Atlantic Wood Industries Inc","4107492034","28114 Old Eden Rd","Eden","7485000","Richard Ennis","Plant Mgr","Mal","122553","A","Atlantic Wood Industries Inc","info@atlanticwood.com","28114 Old Eden Rd","Eden","MD","21822","4105484382","4107492034","249101","Lumber-Treating","www.atlanticwood.com","11","0"
"Industrial Products Supply","3013360540","8833 Ashwood Dr","Capitol Heights","5268000","Tony Gioia","President","Mal","123153","I","Industrial Products Supply","info@ips-sales.com","8833 Ashwood Dr","Capitol Heights","MD","20743","3013509612","3013360540","509309","Wiping Cloths (Wholesale)","NULL","11","0"
"Uap Northeast","4106322200","5708 Onley Rd","Girdletree","6650000","Rich Crawford","Manager","Mal","123529","U","Uap Northeast","consumeraffairs@conagrafoods.com","5708 Onley Rd","Girdletree","MD","21829","2708272968","4106322200","519102","Farm Supplies (Wholesale)","www.conagra.com","11","0"
"Mid Atlantic Entry System","4106717680","1301 Continental Dr # 109","Abingdon","9870000","Rich Gonzales","President","Mal","123639","M","Mid Atlantic Entry System","service@midatlanticentry.com","1301 Continental Dr # 109","Abingdon","MD","21009","8047375797","4106717680","506304","Security Control Equip & Systems-Whol","www.midatlanticentry.com","11","0"
"Credit Bureau Of Delmarva Inc","4107429551","530 Riverside Dr # 1","Salisbury","8950000","Steve A Grant","Owner","Mal","123936","F","Focus Adolescent Services","info@creditplus.com","1113 Woodland Rd","SALISBURY","MD","21801","4107429551","8002583287","729922","Buyers Information Service","creditplus.com","11","0"
"Inopak Inc","4108933307","103 E Jarrettsville Rd","Forest Hill","5440000","J Zeman","Owner","Mal","126522","I","Inopak Inc","sales@inopakinc.com","103 E Jarrettsville Rd","Forest Hill","MD","21050","4108933310","4108933307","508438","Packaging Machinery-Wholesale","www.inopakinc.com","11","0"
"Ajo Concrete Construction","4104655511","11014 Hilder Ave","Annapolis Jct","8385000","Antonio Oliveira","President","Mal","126686","A","Ajo Concrete Construction","info@ajoconstruction.com","11014 Hilder Ave","Annapolis Jct","MD","20701","4104655511","4104655511","177105","Concrete Contractors","www.ajoconstruction.com","11","0"
"Allied Trailer Sales & Rental","3014701444","9299 Washington Blvd N","Laurel","8850000","Dave Sherman","Owner","Mal","128051","A","Allied Trailer Sales & Rental","rentals@alliedtrailers.com","9299 Washington Blvd N","Laurel","MD","20723","3014702629","3014701444","751903","Trailer Renting & Leasing","www.alliedtrailers.com","11","0"
"Peter Pan Trailways","3013860032","5400 Tuxedo Rd","Hyattsville","6000000","Warren Marlow","Manager","Mal","128435","P","Peter Pan Trailways","webmaster@peterpanbus.com","5400 Tuxedo Rd","Hyattsville","MD","20781","2018666234","3013860032","414201","Buses-Charter & Rental","www.peterpanbus.com","11","0"
"Test Equipment Remarketers","4107515400","1133 Long Valley Rd","Westminster","9870000","Laura Wilson","Owner","Fem","131839","T","Test Equipment Remarketers","webmaster@corezon.com","1133 Long Valley Rd","Westminster","MD","21158","5104895246","4107515400","506341","Electronic Testing Equipment (Wholesale)","www.44tesla.com","11","0"
"Mid-Atlantic Finishing Inc","3013222233","4656 Addison Rd","Capitol Heights","5200000","","","","133422","M","Mid-Atlantic Finishing Inc","info@maf.com","4656 Addison Rd","Capitol Heights","MD","20743","3017735841","3013222233","347105","Plating (Manufacturers)","www.maf.com","11","0"
"Container Store","3017704800","1601 Rockville Pike # A","Rockville","6210000","Pam Engster","Manager","Fem","134948","C","Container Store","publicrelations@containerstore.com","1601 Rockville Pike # A","Rockville","MD","20852","6305739140","3017704800","571929","Housewares-Retail","www.thecontainerstore.com","11","0"
"Sheads & Assoc LTD","3018432209","303 Post Office Rd","Waldorf","6450000","Pat Reed","Owner","Fem","135652","S","Sheads & Assoc LTD","info@sheads-associates.com","303 Post Office Rd","Waldorf","MD","20602","3018708731","3018432209","839907","Fund Raising Counselors & Organizations","www.sheads-associates.com","11","0"
"Eagle Components Inc","3012160004","19228 Orbit Dr","Gaithersburg","5180000","David Stone","Owner","Mal","136544","E","Eagle Components Inc","sales@eaglecomponents.com","19228 Orbit Dr","Gaithersburg","MD","20879","3012160707","3012160004","507205","Fasteners-Industrial (Wholesale)","www.eaglecomponents.com","11","0"
"Martek Ki Inc","4106436888","337 Pier One Rd # 101","Stevensville","5285000","David Luce","Manager","Mal","137122","M","Martek Ki Inc","info@martekki.com","337 Pier One Rd # 101","Stevensville","MD","21666","4106436888","4106436888","508812","Marine Electronic Equip & Supls (Whol)","www.martekki.com","11","0"
"Creative Direct Response Inc","3018581500","1670 Village Grn","Crofton","6800000","Raymond Grace","Owner","Mal","137373","C","Creative Direct Response","info@pace-setter.com","1670 Village Green","Crofton","MD","21114","3018581500","301.858-0107","731101","Advertising-Agencies & Counselors","www.limosigns.com","11","0"
"BWI-Byroc Inc","4107854848","10942 Beaver Dam Rd # 1","Cockysvl Hnt Vly","6450000","Bruce Wallick","President","Mal","139056","B","BWI-Byroc Inc","questions@bwidistribution.com","10942 Beaver Dam Rd # 1","Cockysvl Hnt Vly","MD","21030","4107713233","4107854848","521140","Insulation Materials-Cold & Heat","www.bwidistribution.com","11","0"
"Impact Science & Technology","3017762331","135 National Business Pkwy","Annapolis Jct","9164000","Christopher Berry","Manager","Mal","140601","I","Impact Science & Technology","info@impactsci.com","135 National Business Pkwy","Annapolis Jct","MD","20701","3017763370","3017762331","871166","Engineers-Technical Service","www.impactsci.com","11","0"
"Adkins Co Of Berlin","4106414416","3 Harrison Ave","Berlin","6450000","Richard Holland","Owner","Mal","141142","A","Adkins Co Of Berlin","quote@adkinscompany.com","3 Harrison Ave","Berlin","MD","21811","4106412204","4106414416","525104","Hardware-Retail","www.adkinscompany.com","11","0"
"National Semiconductor Corp","3014989696","10810 Guilford Rd # 111","Annapolis Jct","6669000","","","","141331","Z","Z-ware","support@electronicsdata.com","10810 Guilford Rd #111","Annapolis Junction","MD","20701","3014989696","3014985922","5731","Electronics","null","11","0"
"Corporate Color","3016621195","500 Monocacy Blvd","Frederick","5005000","Michael Butala","Manager","Mal","142725","C","Corporate Color","info@cpcolor.com","500 Monocacy Blvd","Frederick","MD","21701","3016621228","3016621195","275998","Commercial Printing Nec","www.cpcolor.com","11","0"
"Fawcett Boat Supplies Inc","4102678681","110 Compromise St","Annapolis","9960000","Greg Kaufman","Owner","Mal","144364","F","Fawcett Boat Supplies Inc","info@fawcettboat.com","110 Compromise St","Annapolis","MD","21401","4102677547","4102678681","555103","Boat Equipment & Supplies","www.fawcettboat.com","11","0"
"Millsource","3013939210","18450 Showalter Rd # 6","Hagerstown","6450000","Wayne Cornwell","Exec VP","Mal","145560","M","Millsource","webmaster@woodgrain.com","18450 Showalter Rd # 6","Hagerstown","MD","21742","3013939216","3013939210","521126","Building Materials","www.millsourcemw.com","11","0"
"Ride Away Equipment Corp","3018562650","6413 Old Alexandria Ferry Rd","Clinton","5980000","Curt Mason","Manager","Mal","148084","R","Ride Away Equipment Corp","hr@ride-away.com","6413 Old Alexandria Ferry Rd","Clinton","MD","20735","3018562650","3018562650","504708","Handicapped Equipment-Sales & Svc (Whol)","www.ride-away.com","11","0"
"Cisco Inc","4103254800","6608 Quad Ave","Baltimore","5180000","Wayne Capaletti","Owner","Mal","149881","C","Cisco Inc","info@ciscoathletic.com","6608 Quad Ave","Baltimore","MD","21237","4103255100","4103254800","594113","Sporting Goods-Retail","www.ciscoathletic.com","11","0"
"General Wiping Cloth Co","4103423500","2810 W Saratoga St","Baltimore","5096000","Ivan Allen","President","Mal","151667","G","General Wiping Cloth Co","sales@generalwiping.com","2810 W Saratoga St","Baltimore","MD","21223","4102336659","4103423500","239203","Wiping Cloths-Manufacturers","www.generalwiping.com","11","0"
"Maxim Crane Works","4105829106","508 Digiulian Blvd # C","Glen Burnie","5610000","Gary Linder","Manager","Mal","151943","M","Maxim Crane Works","info@maximcrane.com","508 Digiulian Blvd # C","Glen Burnie","MD","21061","7045979752","4105829106","735301","Crane Service","www.maximcrane.com","11","0"
"Marcal Medical Inc","4109874001","1114 Benfield Blvd # H","Millersville","5980000","Albert Norment","Owner","Mal","152713","M","Marcal Medical Inc","customerservice@marcalmedical.com","1114 Benfield Blvd # H","Millersville","MD","21108","4109874004","4109874001","504712","Hospital Equipment & Supplies (Whol)","www.marcalmedical.com","11","0"
"House Of Printing Inc","3013844000","15401 Old Columbia Pike","Burtonsville","9880000","Bryan Fletcher","President","Mal","152789","H","House Of Printing Inc","sales@hopinc.com","15401 Old Columbia Pike","Burtonsville","MD","20866","3013843111","3013844000","275202","Printers","www.hopinc.com","11","0"
"Aquarium Center","4105214529","3689 Offutt Rd # B","Randallstown","6700000","Richard Graham","Owner","Mal","153418","A","Aquarium Center","info@aquariumcenter.com","3689 Offutt Rd # B","Randallstown","MD","21133","4105215620","4105214529","599970","Aquariums & Aquarium Supls","www.aquariumcenter.com","11","0"
"EKA Systems Inc","3019903450","444 N Frederick Ave","Gaithersburg","5050000","","","","153657","E","EKA Systems Inc","info@ekasystems.com","444 N Frederick Ave","Gaithersburg","MD","20877","3019903450","3019903450","506563","Telecommunication Equip/Syst-Whol/Mfrs","www.ekasystems.com","11","0"
"Practical Technology Inc","4106824013","9600 Pulaski Park Dr # 124","Baltimore","6384000","Dilip Dalvi","Owner","Mal","154055","P","Practical Technology Inc","sales@practecinc.com","9600 Pulaski Park Dr # 124","Baltimore","MD","21220","4106824014","4106824013","367201","Printed & Etched Circuits-Mfrs","www.practecinc.com","11","0"
"Environmental Inks & Coating","4107891655","810 Oregon Ave # H","Linthicum Hts","8550000","Steven Baker","Manager","Mal","155817","E","Environmental Inks & Coating","sales@envinks.com","810 Oregon Ave # H","Linthicum Hts","MD","21090","9099309675","4107891655","511201","Inks-Writing & Marking (Wholesale)","www.envinks.com","11","0"
"Industrial Roll Co","4108374484","1613 Guilford Ave","Baltimore","6840000","F Michael Strecksus","President","Mal","155981","I","Industrial Roll Co","info@industrialroll.com","1613 Guilford Ave","Baltimore","MD","21202","4108374484","4108374484","508548","Rubber Products-Wholesale","www.industrialroll.com","11","0"
"Infinite Biomedical Technology","4108898011","3600 Clipper Mill Rd # 410","Baltimore","5980000","Santosh Venkatesha","Manager","Mal","156864","I","Infinite Biomedical Technology","info@i-biomed.com","3600 Clipper Mill Rd # 410","Baltimore","MD","21211","4437030160","4108898011","504704","Physicians & Surgeons Equip & Supls-Whol","www.i-biomed.com","11","0"
"United States Surety Co","4104539522","20 W Aylesbury Rd","Timonium","5312000","Richard Klein","Owner","Mal","156955","U","United States Surety Co","webmaster@hcch.com","20 W Aylesbury Rd","Timonium","MD","21093","4104539522","4104539523","635102","Bonds-Surety & Fidelity","www.ussurety.com","11","0"
"Orion Communications Inc","3019219056","18950 Bonanza Way","Gaithersburg","5010000","Phil Donnelly","Owner","Mal","157056","O","Orion Communications Inc","info@oricomm.com","18950 Bonanza Way","Gaithersburg","MD","20879","3019217892","3019219056","162306","Telephone & Television Cable Contractors","www.oricomm.com","11","0"
"H B Duvall Inc","3016621125","901 E Patrick St","Frederick","9150000","John Bare","President","Mal","158969","H","H B Duvall Inc","info@hbduvall.com","901 E Patrick St","Frederick","MD","21701","3016621125","3016621125","508310","Farm Equipment (Wholesale)","www.hbduvall.com","11","0"
"RMR & Assoc Inc","3012170009","1401 Rockville Pike # 510","Rockville","5530000","Robyn Sachs","Owner","Fem","159535","R","RMR & Assoc Inc","sales@cornetser.com","1401 Rockville Pike # 510","Rockville","MD","20852","3012175966","3012170009","731101","Advertising-Agencies & Counselors","www.rmr.com","11","0"
"Harbourtowne Resort Golf","4107459066","9784 Martingham Cir","St Michaels","6600000","Harold Klinger","Owner","Mal","161631","H","Harbourtowne Resort Golf","info@harbourtowne.com","9784 Martingham Cir","St Michaels","MD","21663","4107459124","4107459066","738939","Conference Centers","www.harbourtowne.com","11","0"
"Springtime Feed Co","4107718430","10942 Beaver Dam Rd # J","Cockysvl Hnt Vly","9893000","Dennis Hampt","President","Mal","162919","S","Springtime Feed Co","webmaster@springtimeinc.com","10942 Beaver Dam Rd # J","Cockysvl Hnt Vly","MD","21030","4107711530","4107718430","204803","Feed-Manufacturers","www.springtimeinc.com","11","0"
"Philtec Inc","4107574404","1021 Saint Margarets Dr","Annapolis","5225000","Gerald Philips","President","Mal","163007","P","Philtec Inc","info@jeromefrancis.com","1021 Saint Margarets Dr","Annapolis","MD","21401","6263032286","4107574404","382398","Industrial Measuring/Cntrl Instr (Mfrs)","www.neff.com","11","0"
"Fed Ex Freight","4437700330","7331 Carbide Rd","Baltimore","9815000","Zach Flores","Manager","Mal","163219","F","Fed Ex Freight","webmaster@fedex.com","7331 Carbide Rd","Baltimore","MD","21226","6022524055","4437700330","421309","Trucking-Motor Freight","www.fedex.com","11","0"
"Metlfab","3016958814","7340 Executive Way # D","Frederick","9590000","Orlan Helmick","President","Mal","163445","M","Metlfab","info@metlfab.com","7340 Executive Way # D","Frederick","MD","21704","3016620149","3016958814","349903","Metal Goods-Manufacturers","www.metlfab.com","11","0"
"Advanced Biotechnologies Inc","4107929779","9108 Guilford Rd","Columbia","6996000","James Whitman","Owner","Mal","163449","A","Advanced Biotechnologies Inc","info@abionline.com","9108 Guilford Rd","Columbia","MD","21046","3014979773","4107929779","283602","Biological Specimens-Manufacturers","www.abionline.com","11","0"
"Westminster Inn","4108762893","5 S Center St","Westminster","6000000","Mark Gross","Owner","Mal","164818","W","Westminster Inn","info@westminsterinn.com","5 S Center St","Westminster","MD","21157","4108762893","4108762893","701107","Bed & Breakfast Accommodations","www.westminsterinn.com","11","0"
"Integral Components LLC","4108485542","1220 Tech Ct","Westminster","5600000","Bill Keiser","Owner","Mal","164982","I","Integral Components LLC","distributors@integralcomponents.com","1220 Tech Ct","Westminster","MD","21157","4108485546","4108485542","367901","Electronic Equipment & Supplies-Mfrs","www.integralcomponents.com","11","0"
"Lienau Associates Inc","4102908320","9693 Gerwig Ln","Columbia","9440000","Mark Needle","Owner","Mal","167342","L","Lienau Associates Inc","info@lienauav.com","9693 Gerwig Ln","Columbia","MD","21046","4109956013","4102908320","509908","Manufacturers-Agents & Representatives","www.lienau.com","11","0"
"Olchak Market Research","3014414660","7255 Hanover Pkwy # A","Greenbelt","5665000","Jill Siegel","President","Fem","168338","O","Olchak Market Research","info@omrdc.com","7255 Hanover Pkwy # A","Greenbelt","MD","20770","3014744307","3014414660","873204","Market Research & Analysis","www.omrdc.com","11","0"
"Queenstown Motor Co Inc","3013453900","9533 Baltimore Ave","College Park","6640000","Dick Patterson","Owner","Mal","169032","Q","Queenstown Motor Co Inc","accessories@queenstownrv.com","9533 Baltimore Ave","College Park","MD","20740","3014744927","3013453900","555103","Boat Equipment & Supplies","www.queenstownrv.com","11","0"
"CSI Engineering","3019678808","100 Nevada Ave","Andrews Afb","5530000","Dave Ghosal","President","Mal","169749","C","CSI Engineering","marketing@csie.com","100 Nevada Ave","Andrews Afb","MD","20762","3019678808","3019678808","871110","Engineers-Civil","www.csie.com","11","0"
"Black & Assoc Inc","4104722416","15210 Priceville Rd","Sparks Glencoe","7238000","Thomas Black","Owner","Mal","170175","B","Black & Assoc Inc","sales@tomwblack.com","15210 Priceville Rd","Sparks Glencoe","MD","21152","4104722416","4104722416","506309","Testing Apparatus-Wholesale","www.tomwblack.com","11","0"
"Versar Inc","4109649200","9200 Rumsey Rd # 100","Columbia","5530000","Bill Richkus","VP","Mal","170303","V","Versar Inc","hr@nospamversar.com","9200 Rumsey Rd # 100","Columbia","MD","21045","4109645156","4109649200","871110","Engineers-Civil","www.esm.versar.com","11","0"
"LMU Inc","3019729200","13220 Wisteria Dr # N2","Germantown","7070000","Linh Nguyen","Owner","Mal","170889","L","LMU Inc","info@atlanticmanufacturing.com","13220 Wisteria Dr # N2","Germantown","MD","20874","3019729200","3019729200","506519","Electronic Equipment & Supplies-Whol","www.atlanticmanufacturing.com","11","0"
"C R Intl","3012101540","11850 Baltimore Ave","Beltsville","6720000","Ken Boudris","President","Mal","172716","C","C R Intl","sales@cri-inc.net","11850 Baltimore Ave","Beltsville","MD","20705","3012100638","3012101540","367901","Electronic Equipment & Supplies-Mfrs","www.cri-inc.net","11","0"
"Fesco Emergency Sales","4103795353","6401 Maccaw Ct","Elkridge","9440000","Peter Laake","Owner","Mal","172847","F","Fesco Emergency Sales","service@fescosales.com","6401 Maccaw Ct","Elkridge","MD","21075","4103790261","4103795353","509903","Fire Extinguishers (Wholesale)","www.fescosales.com","11","0"
"AIM Machine Shop","4103296801","19200 Middletown Rd","Parkton","7749000","","","","173743","A","AIM Machine Shop","webmaster@aimmachining.com","19200 Middletown Rd","Parkton","MD","21120","4103575916","4103296801","359903","Machine Shops","www.aimmachining.com","11","0"
"Fiber Plex","3016040100","10840 Guilford Rd # 412","Annapolis Jct","6570000","Bill King","VP","Mal","174059","F","Fiber Plex","sales@fiberplex.com","10840 Guilford Rd # 412","Annapolis Jct","MD","20701","3016040773","3016040100","366998","Communications Equipment Nec (Mfrs)","www.fiberplex.com","11","0"
"Bayada Nurses","4108230880","809 Glen Eagles Ct # 204","Towson","7350000","Mark Baiada","Owner","Mal","174421","B","Bayada Nurses","compliance@bayada.com","809 Glen Eagles Ct # 204","Towson","MD","21286","7328180945","4108230880","808201","Home Health Service","www.bayada.com","11","0"
"Petsmart","3016620936","5401 Urbana Pike","Frederick","6700000","Doug Witworth","Manager","Mal","174653","P","Petsmart","service@snapfish.com","5401 Urbana Pike","Frederick","MD","21704","8046722845","3016620936","599930","Pet Shops","www.petsmart.com","11","0"
"Northfield Sales Co Inc","4102546021","6415 Harford Rd","Baltimore","5000000","Rolland Neiseld","President","Mal","176608","N","Northfield Sales Co Inc","info@northfieldkitchens.com","6415 Harford Rd","Baltimore","MD","21214","4102546221","4102546021","571236","Cabinets","www.northfieldkitchens.com","11","0"
"Brandywine Truck Sales","3013720083","14000 S Crain Hwy","Brandywine","8160000","Henry Meinhardt","Owner","Mal","177471","B","Brandywine Truck Sales","rentals@brandywinerentals.com","14000 S Crain Hwy","Brandywine","MD","20613","3013728773","3013720083","508457","Trucks-Industrial (Wholesale)","www.brandywinerentals.com","11","0"
"Advanced Design Products Inc","4108338814","2919 Industrial Park Dr","Finksburg","8160000","Nick Hailston","Manager","Mal","177485","A","Advanced Design Products Inc","sales@adpods.com","2919 Industrial Park Dr","Finksburg","MD","21048","4108338817","4108338814","508426","Material Handling Equipment (Wholesale)","www.adprods.com","11","0"
"Bechdon Co","3012490900","300 Commerce Dr","Upper Marlboro","9200000","William Turley","President","Mal","177590","B","Bechdon Co","info@bechdon.com","300 Commerce Dr","Upper Marlboro","MD","20774","3012490919","3012490900","359903","Machine Shops","www.bechdon.com","11","0"
"EBIZWEBPAGES.COM","4106580326","PO Box 138","Colora","5100000","Matt Benson","Owner","Mal","177809","E","EBIZWEBPAGES.COM","support@ebizwebpages.com","PO Box 138","Colora","MD","21917","4435921492","4106580326","507503","Air Make-Up Heaters (Wholesale)","www.ebizwebpages.com","11","0"
"Aunt Jeni's Home Made","3017020123","3620 Riviera St","Temple Hills","5908000","","","","177822","A","Aunt Jeni's Home Made","info@auntjeni.com","3620 Riviera Street","Temple Hills","MD","20748","3017022141","null","738999","Business Services Nec","null","11","0"
"Central Transport Inc","4103540745","1320 Chesapeake Ave","Baltimore","6342000","Chris Gossweiler","Manager","Mal","178430","C","Central Transport Inc","pickup@centraltransportint.com","1320 Chesapeake Ave","Baltimore","MD","21220","8709354481","4103540745","421304","Trucking","www.centraltransportint.com","11","0"
"Pilot Travel Ctr","4106422883","31 Heather Ln","Perryville","9600000","Dana Potter","Manager","Mal","180015","P","Pilot Travel Ctr","sales@pilottravelcenters.com","31 Heather Ln","Perryville","MD","21903","2704428538","4106422883","554103","Truck Stops & Plazas","www.pilotcorp.com","11","0"
"Interstate Service Co","3018642121","4101 Utah Ave","Brentwood","6132000","James Ashen","Owner","Mal","180800","I","Intellisys Technology Corporation","info@ischvac.com","4101 Utah Avenue","Brentwood","MD","20722","3018642121","3018641282","8999","Services NEC","null","11","0"
"Kenlee Precision Corp","4105253800","1701 Inverness Ave","Baltimore","7380000","Kenneth A Lewis Sr","Owner","Mal","183391","K","Kenlee Precision Corp","webmaster@kenlee.com","1701 Inverness Ave","Baltimore","MD","21230","4106463278","4105253800","359903","Machine Shops","www.kenlee.com","11","0"
"Kaye's Epic Pharmacy","4106655192","6913 Belair Rd","Baltimore","7774000","David B Liebman","Owner","Mal","183499","K","Kaye's Epic Pharmacy","info@kayespharmacy.com","6913 Belair Rd","Baltimore","MD","21206","4106688533","4106688533","504712","Hospital Equipment & Supplies (Whol)","www.kayespharmacy.com","11","0"
"Capitol Sanitation Svc","3016991100","4713 Baltimore Ave","Hyattsville","8780000","Andy Majower","Manager","Mal","183752","C","Capitol Sanitation Svc","webmaster@capitolcompanies.com","4713 Baltimore Ave","Hyattsville","MD","20781","3016991111","3016991100","509312","Recycling Centers (Wholesale)","www.capitolsanitation.com","11","0"
"Bioserve Biotechnologies LTD","3014703362","1050 West St","Laurel","5724000","Rama Modali","Owner","Mal","185863","B","Bioserve Biotechnologies LTD","support@bioserve.com","1050 West St","Laurel","MD","20707","3014702333","3014703362","283601","Biological Products (Manufacturers)","www.bioserve.com","11","0"
"Grand Rental Station","4106747500","1159 Annapolis Rd","Odenton","5490000","Robyn Hogue","Manager","Fem","187217","G","Grand Rental Station","info@partyandtents.com","1159 Annapolis Rd","Odenton","MD","21113","4106747320","4106747500","735910","Rental Service-Stores & Yards","www.partyandtentrentals.com","11","0"
"Chesapeake Teleservices Inc","4104944045","20 E Susquehanna Ave","Towson","7650000","Gary Tuzles","Owner","Mal","187312","C","Chesapeake Teleservices Inc","webmaster@chestel.com","20 E Susquehanna Ave","Towson","MD","21286","4104944038","4104944045","874213","Marketing Programs & Services","www.chestel.com","11","0"
"Medispec Limited USA","3019441575","12850 Middlebrook Rd # 1","Germantown","9632000","Avner Spector","President","Mal","187441","M","Medispec Limited USA","info@medispec.com","12850 Middlebrook Rd # 1","Germantown","MD","20874","3019726098","3019441575","384104","Physicians & Surgeons Equip & Supls-Mfrs","www.medispec.com","11","0"
"Image Impact Inc","3019848283","4925 Wyaconda Rd","Rockville","9469000","Olie Pirzadeh","Owner","Mal","188137","I","Image Impact Inc","info@imageimpactinc.com","4925 Wyaconda Rd","Rockville","MD","20852","3019840959","3019848283","502317","Picture Frames-Wholesale","www.imageimpactinc.com","11","0"
"Wilfre Co Inc","4107490496","8161 Memory Gardens Ln","Hebron","5840000","Bill Harrison Sr","Owner","Mal","188239","W","Wilfre Co Inc","info@wilfre.com","8161 Memory Gardens Ln","Hebron","MD","21830","4105487974","4107490496","171117","Air Conditioning Contractors & Systems","www.wilfre.com","11","0"
"Potomac Technology Inc","3017624005","1 Church St # 101","Rockville","6060000","Patricia J Relihan","Manager","Fem","188396","P","Potomac Technology Inc","webmaster@potomactech.com","1 Church St # 101","Rockville","MD","20850","3017624005","3017624005","506529","Telecommunications Equip-Disabled (Whol)","www.potomactech.com","11","0"
"Parrott Security Inc","3014307100","15863 Commerce Ct","Upper Marlboro","9870000","Brian Comer","CEO","Mal","188584","P","Parrott Security Inc","info@parrottsecurity.com","15863 Commerce Ct","Upper Marlboro","MD","20774","4104514983","3014307100","506304","Security Control Equip & Systems-Whol","www.parrottsecurity.com","11","0"
"Wilson T Ballard Co","4103630150","17 Gwynns Mill Ct","Owings Mills","9006000","Ronald W Rye","President","Mal","188866","W","Wilson T Ballard Co","info@wtbco.com","17 Gwynns Mill Ct","Owings Mills","MD","21117","4103637811","4103630150","871111","Engineers-Consulting","www.wtbco.com","11","0"
"Global Sat","3014906414","9898 Brewers Ct","Laurel","6050000","Bill Raney","VP","Mal","189473","G","Global Sat","sales@lymanbros.com","9898 Brewers Ct","Laurel","MD","20723","3014908661","3014906414","573107","Satellite Equipment & Systems-Retail","www.lymanbros.com","11","0"
"Kurt Bluemel Inc","4105577229","2740 Greene Ln","Baldwin","8760000","Kurt Bluemel","Owner","Mal","190176","K","Kurt Bluemel Inc","sales@kurtbluemel.com","2740 Greene Ln","Baldwin","MD","21013","4105579785","4105577229","519306","Nurseries-Plants Trees & Etc-Wholesale","www.kurtbluemel.com","11","0"
"Quarter Maine Coffee Roasters","3012304600","4972 Wyaconda Rd","Rockville","5500000","Roger Scheumans","Owner","Mal","190362","Q","Quarter Maine Coffee Roasters","info@quartermaine.com","4972 Wyaconda Rd","Rockville","MD","20852","3012304639","3012304600","549915","Coffee & Tea","www.quartermaine.com","11","0"
"Fireplace Products Us Inc","4106716207","2206 Lakeside Blvd","Edgewood","5570000","Glen Spinelli","Executive Director","Mal","191271","F","Fireplace Products Us Inc","privacy@regency-fire.com","2206 Lakeside Blvd","Edgewood","MD","21040","4106719074","4106716207","502310","Fireplace Equipment-Wholesale","www.regency-fire.com","11","0"
"Nova Label Co","3013864433","4819 Lydell Rd","Hyattsville","7840000","Sandy Bernstein","Owner","Mal","192013","N","Nova Label Co","info@novalabel.com","4819 Lydell Rd","Hyattsville","MD","20781","3013864606","3013864433","267201","Labels-Paper (Manufacturers)","www.novalabel.com","11","0"
"Educational Funding Co","3016548677","4740 Chevy Chase Dr # 200","Chevy Chase","8755000","Nick Cokinos","Owner","Mal","192391","E","Educational Funding Co","webmaster@efconline.com","4740 Chevy Chase Dr # 200","Chevy Chase","MD","20815","3016547750","3016548677","872103","Billing Service","www.efconline.com","11","0"
"Advanced Nursing & Home","3019335554","11141 Georgia Ave # 313","Silver Spring","7840000","Sam Lish","Owner","Mal","193203","A","Advanced Nursing & Home","info@advancednursing.com","11141 Georgia Ave # 313","Silver Spring","MD","20902","3019335005","3019335554","808201","Home Health Service","www.advancednursing.com","11","0"
"F & H Diversified Svc Inc","3013300503","8040 Queenair Dr","Gaithersburg","7448000","James Hill","Owner","Mal","194289","F","F & H Diversified Svc Inc","webmaster@hillenterprisesinc.com","8040 Queenair Dr","Gaithersburg","MD","20879","3019485382","3013300503","259998","Furniture & Fixtures Nec (Mfrs)","www.hillenterprisesinc.com","11","0"
"Ray Machine Inc","4106866955","12 Lynbrook Rd","Baltimore","7380000","","","","194509","R","Ray Machine Inc","customerservice@crumber.com","12 Lynbrook Rd","Baltimore","MD","21220","4106865860","4106866955","359903","Machine Shops","www.crumber.com","11","0"
"Pro Object","4109931699","7467 Ridge Rd # 330","Hanover","7800000","Christopher Young","President","Mal","195160","P","Pro Object","recruiting@proobject.com","7467 Ridge Rd # 330","Hanover","MD","21076","4109931691","4109931699","824301","Computer Training","www.proobject.com","11","0"
"National Graphics Inc","4104834800","800 Debelius Ave","Baltimore","7150000","Earl Seth Jr","Owner","Mal","195571","N","National Graphics Inc","sales@natgraphix.com","800 Debelius Ave","Baltimore","MD","21205","4104834803","4104834800","275998","Commercial Printing Nec","www.natgraphix.com","11","0"
"Graphix Unlimited Inc","4105815700","2020 Lord Baltimore Dr","Baltimore","5130000","Doug Hall","Owner","Mal","195875","G","Graphix Unlimited Inc","info@graphixunl.com","2020 Lord Baltimore Dr","Baltimore","MD","21244","4105815705","4105815700","511207","Business Forms & Systems (Wholesale)","www.graphixunl.com","11","0"
"Strat Security Systems Inc","4104442800","7017 Harford Rd","Baltimore","6580000","John Stratemeyer","Owner","Mal","196585","S","Strat Security Systems Inc","info@stratsecurity.com","7017 Harford Rd","Baltimore","MD","21234","4104443131","4104442800","506324","Burglar Alarm Systems (Wholesale)","www.stratsecurity.com","11","0"
"Manor View Farms Inc","4107714700","15601 Manor Rd","Monkton","5475000","Miles Patterson","Owner","Mal","197481","M","Manor View Farms Inc","sales@manorview.com","15601 Manor Rd","Monkton","MD","21111","4107718246","4107714700","519306","Nurseries-Plants Trees & Etc-Wholesale","www.manorview.com","11","0"
"Allen's Telephone Svc Inc","4102477330","1919 Lansdowne Rd","Halethorpe","6060000","Arthur Allen","Owner","Mal","197863","A","Allen's Telephone Svc Inc","info@allenstelephone.com","1919 Lansdowne Rd","Halethorpe","MD","21227","4102477330","4102477330","506563","Telecommunication Equip/Syst-Whol/Mfrs","www.allenstelephone.com","11","0"
"National Jet Co","3017292300","10 Cupler Dr","Cumberland","5850000","R Samuel Griffith","President","Mal","199099","N","National Jet Co","info@najet.com","10 Cupler Dr","Cumberland","MD","21502","3017294298","3017292300","354118","Drilling & Boring Equip & Supls-Mfrs","www.najet.com","11","0"
"Pok Of North America Inc","4109019900","5461 Moose Lodge Rd","Cambridge","9870000","Jean Tasse","President","Mal","199774","P","Pok Of North America Inc","info@pokfire.com","5461 Moose Lodge Rd","Cambridge","MD","21613","4109019160","4109019900","506315","Fire Protection Equipment & Supls (Whol)","www.pokfire.com","11","0"
"Chesapeake Rehabilitation Eqpt","4102984555","2700 Lord Baltimore Dr","Baltimore","6700000","Gary Gilberti","President","Mal","200376","C","Chesapeake Rehabilitation Eqpt","service@chesrehab.com","2700 Lord Baltimore Dr","Baltimore","MD","21244","4102981642","4102984555","599939","Wheel Chairs & Scooters","www.chesapeake-rehab.com","11","0"
"Ad Answer","3012317410","121 Congressional Ln # 603","Rockville","5026000","Marc F Silver","President","Mal","201244","A","Ad Answer","sales@theadanswer.com","121 Congressional Ln # 603","Rockville","MD","20852","3012317412","3012317410","519917","Advertising-Specialties (Wholesale)","www.theadanswer.com","11","0"
"Priceless Industries","4102851900","8120 Norris Ln","Baltimore","8225000","Sharon Dobson","Owner","Fem","201273","P","Priceless Industries","info@pricelessindustries.com","8120 Norris Lane","Dundalk","MD","21222","3137927400","null","738999","Business Services Nec","pricelessindustries.com","11","0"
"Fox Fire Printing & Packaging","4102761500","700 Prince Georges Blvd","Upper Marlboro","6200000","William Lally","VP","Mal","201322","F","Fox Fire Printing & Packaging","info@foxfireprinting.com","700 Prince Georges Blvd","Upper Marlboro","MD","20774","2402060269","4102761500","399302","Signs (Manufacturers)","www.foxfireprinting.com","11","0"
"Industrial Lighting Holding Co","4107965535","8325 Patuxent Range Rd # D","Jessup","8227000","Faron Lee","President","Mal","203073","I","Industrial Lighting Holding Co","info@industriallighting.com","8325 Patuxent Range Rd # D","Jessup","MD","20794","4103790816","4107965535","504901","Architects Supplies (Wholesale)","www.lightingbydesign.biz","11","0"
"Paramount Die Co Inc","4102724600","1206 Belmar Dr","Belcamp","9450000","Doug Sarber","Owner","Mal","203156","P","Paramount Die Co Inc","info@paradie.com","1206 Belmar Dr","Belcamp","MD","21017","4102726559","4102724600","354408","Wire Drawing Equipment (Manufacturers)","www.paradie.com","11","0"
"Trevigen Inc","3012162800","8405 Helgerman Ct","Gaithersburg","5406000","Mike Elliott","Owner","Mal","203529","T","Trevigen Inc","mail@szabo-scandic.com","8405 Helgerman Ct","Gaithersburg","MD","20877","6506970339","3012162800","283601","Biological Products (Manufacturers)","www.vectorlabs.com","11","0"
"Service Master","3019729100","19560 Amaranth Dr","Germantown","7080000","Douglas Mascari","Owner","Mal","204205","S","Service Master","privacy@damagerx.com","19560 Amaranth Dr","Germantown","MD","20874","3018810787","3019729100","152114","Fire Damage Restoration","www.damagerx.com","11","0"
"Barber Optics Inc","4109956261","8300 Guilford Rd # E","Columbia","6578000","Ellen Barber","Owner","Fem","204223","B","Barber Optics Inc","sales@barberoptics.com","8300 Guilford Rd # E","Columbia","MD","21046","4103814840","4109956261","504713","Microscopes (Wholesale)","www.barberoptics.com","11","0"
"DSL Sound Inc","3017971070","67 W Baltimore St","Hagerstown","9090000","Bill Hetzer","Owner","Mal","205488","D","DSL Sound Inc","info@dslsound.net","67 W Baltimore St","Hagerstown","MD","21740","3017973009","3017971070","506507","Sound Systems & Equipment (Wholesale)","www.dslsound.net","11","0"
"Aviation Resources DE Inc","3016651294","18635 Jarkey Dr","Hagerstown","9000000","Joseph R Otto","President","Mal","206764","A","Aviation Resources DE Inc","hr@acmsystems.com","18635 Jarkey Dr","Hagerstown","MD","21742","9372811305","3016651294","874822","Aviation Consultants","www.spectral-sys.com","11","0"
"Paramount Transportation","4107969323","710 Pittman Rd","Baltimore","5900000","Kevin Gagne","President","Mal","207545","P","Paramount Transportation","safety@rlcarriers.com","710 Pittman Rd","Baltimore","MD","21226","3046754682","4107969323","411914","Transportation Services","www.gorlc.com","11","0"
