"Master Electric Supply Co","2033351101","201 Commerce Dr","Fairfield","14476000","Primo Zambardo","Owner","Mal","4470","M","Master Electric Supply Co","info@masterelectricsupply.com","201 Commerce Dr","Fairfield","CT","06825","2033666485","2033351101","506330","Electric Equipment & Supplies-Wholesale","www.masterelectricsupply.com","11","0"
"Magna Steel Sales Inc","2033320394","125 Lindley St","Bridgeport","10470000","Jim Mavlouganes","Manager","Mal","11173","M","Magna Steel Sales Inc","info@magnasteel.com","125 Lindley St","Bridgeport","CT","06604","2033355214","2033320394","505106","Steel-Distributors & Warehouses","www.magnasteel.com","11","0"
"Allergy Control Products","2034389580","96 Danbury Rd # D","Ridgefield","15250000","Edward Steube","President","Mal","12542","A","Allergy Control Products","info@allergycontrol.com","96 Danbury Rd # D","Ridgefield","CT","06877","2034318963","2034389580","801120","Allergy Equipment & Supplies","www.allergycontrol.com","11","0"
"Midstate Electronics Co","2032659900","71 S Turnpike Rd # 2","Wallingford","17170000","Mark Fortier","President","Mal","14110","M","Midstate Electronics Co","sales@midstateelectronics.com","71 S Turnpike Rd # 2","Wallingford","CT","06492","2032692374","2032659900","506519","Electronic Equipment & Supplies-Whol","www.midstateelectronics.com","11","0"
"Benjamin International Inc","2032660880","125 N Benson Rd","Middlebury","14360000","Martin Tunis","Owner","Mal","16818","B","Benjamin International Inc","info@benjamininternational.com","125 N Benson Rd","Middlebury","CT","06762","2037582158","2032660880","519910","Giftwares-Wholesale","www.benjamininternational.com","11","0"
"Valley Container Inc","2033366100","850 Union Ave","Bridgeport","21360000","Arthur W Vietze Jr","Owner","Mal","17966","V","Valley Container Inc","webmaster@jtwebs.com","850 Union Ave","Bridgeport","CT","06607","2033366100","2033366100","265301","Corrugated & Solid Fiber Boxes (Mfrs)","www.valleycontainer.com","11","0"
"Deitsch Plastic Co","2039346601","14 Farwell St","West Haven","24700000","Joseph Deitsch","VP","Mal","20607","D","Deitsch Plastic Co","sales@deitschplastic.com","14 Farwell St","West Haven","CT","06516","2039334763","2039346601","308906","Plastics-Fabricating/Finish/Decor-Mfrs","www.deitschplastic.com","11","0"
"Brand-Nu Laboratories","2032357989","377 Research Pkwy","Meriden","10000000","John Gorman Iii","President","Mal","22106","B","Brand-Nu Laboratories","contact@brandnu.com","377 Research Pkwy","Meriden","CT","06450","2032357163","2032357989","281998","Industrial Inorganic Chmcls Nec (Mfrs)","www.brandnu.com","11","0"
"Tyler Equipment","2037583925","94 Union City Rd","Prospect","17982000","Grant Tyler Jr","Exec VP","Mal","22148","T","Tyler Equipment","info@tylerequipment.com","94 Union City Rd","Prospect","CT","06712","4135256840","2037583925","508206","Contractors-Equip/Supls-Dlrs/Svc (Whol)","www.tylerequipment.com","11","0"
"Webster Financial Advisors","2037824585","80 Elm St","New Haven","24900000","Bruce Wolfe","Manager","Mal","26184","W","Webster Financial Advisors","service@websterbank.com","80 Elm St","New Haven","CT","06510","2037366954","2037824585","628205","Financial Planning Consultants","www.websteronline.com","11","0"
"Jelliff Corp","2032591615","354 Pequot Ave # 201","Southport","10000000","Robert M Kelly","President","Mal","29202","J","Jelliff Corp","sales@jelliff.net","354 Pequot Ave # 201","Southport","CT","06890","9544279309","2032591615","349601","Wire Cloth (Manufacturers)","www.jelliff.com","11","0"
"Aquatic Pool & Spa Svc Inc","2032397946","1437 Middletown Ave","Northford","15375000","Thomas Laudano","Owner","Mal","30797","A","Aquatic Pool & Spa Svc Inc","info@aquaticpool.com","1437 Middletown Ave","Northford","CT","06472","2034847205","2032397946","509118","Swimming Pool Equipment & Supls (Whol)","www.aquaticpool.com","11","0"
"Hospital Marketing Svc Co","2037231466","162 Great Hill Rd","Naugatuck","13440000","Brian C Hurley","President","Mal","31883","H","Hospital Marketing Svc Co","info@plattbros.com","162 Great Hill Rd","Naugatuck","CT","06770","2037237248","2037231466","384104","Physicians & Surgeons Equip & Supls-Mfrs","www.hmsmedical.com","11","0"
"East Haven Builders Supply Inc","2034692394","193 Silver Sands Rd","East Haven","20000000","Neil Fredrick","Manager","Mal","31904","E","East Haven Builders Supply Inc","sales@ehbuilders.com","193 Silver Sands Rd","East Haven","CT","06512","2034690807","2034692394","521142","Lumber-Retail","www.ehbuilders.com","11","0"
"Robert's Food Ctr","2034213577","514 Old Toll Rd","Madison","18200000","Robert Fusco","President","Mal","32542","R","Robert's Food Ctr","info@robertsfoodcenter.com","514 Old Toll Rd","Madison","CT","06443","2034215722","2034215722","541105","Grocers","www.roberts-iga.com","11","0"
"Nordex Inc","2037754877","426 Federal Rd","Brookfield","14120000","Jerome Agius","Owner","Mal","33561","N","Nordex Inc","info@nordex.com","426 Federal Rd","Brookfield","CT","06804","2037756552","2037754877","356601","Gears & Gear Cutting (Manufacturers)","www.nordex-inc.com","11","0"
"Vertis","2032340440","12 Corporate Dr","North Haven","15200000","Frank Clare","Plant Mgr","Mal","34135","V","Vertis","info@vertisinc.com","12 Corporate Dr","North Haven","CT","06473","6123397756","2032340440","275207","Color Sprtns-Offset Photo Engrave (Mfrs)","www.vertisinc.com","11","0"
"Mica Corp","2039228888","9 Mountain View Dr","Shelton","20020000","Jeff Siegel","President","Mal","34956","M","Mica Corp","info@mica-corp.com","9 Mountain View Dr","Shelton","CT","06484","2039228888","2039228888","516912","Adhesives & Glues (Wholesale)","www.flexpack.org","11","0"
"Jamestown Chemical Co Inc","2039323655","280 Callegari Dr","West Haven","15015000","Irene Helfeld","VP","Fem","40464","J","Jamestown Chemical Co Inc","info@jamestownchem.com","280 Callegari Dr","West Haven","CT","06516","2039331751","2039323655","516916","Chemicals (Wholesale)","www.jamestownchem.com","11","0"
"Medtronic Inc","2034586674","741 Boston Post Rd # 305","Guilford","14950000","Jim Komsa","Manager","Mal","40640","M","Medtronic Inc","webmaster@medtronic.com","741 Boston Post Rd # 305","Guilford","CT","06437","4809680730","2034586674","504706","Surgical Supplies (Wholesale)","www.medtronic.com","11","0"
"Enviromed Services","2037865580","470 Murdock Ave","Meriden","13500000","Debbie Zalewski","Manager","Fem","40841","E","Enviromed Services","info@enviromedservices.com","470 Murdock Ave","Meriden","CT","06450","2032384243","2037865580","874837","Industrial Hygiene Consultants","www.enviromedservices.com","11","0"
"Atlantic Wire Co","2034888331","1 Church St","Branford","16290000","Scott Thayer","VP","Mal","41173","A","Atlantic Wire Co","info@atlanticwireco.com","1 Church St","Branford","CT","06405","2034880740","2034888331","505103","Wire Products (Wholesale)","www.atlanticwireco.com","11","0"
"Quality Nozzle Co","2038306314","149 Grassy Plain St","Bethel","16770000","Dan Ripley","Manager","Mal","41306","Q","Quality Nozzle Co","sales@qualitynozzle.com","149 Grassy Plain St","Bethel","CT","06801","2038306319","2038306314","517202","Service Station Equipment (Wholesale)","www.qualitynozzle.com","11","0"
"CARPIN MANUFACTURING INC","2035742556","411 AUSTIN RD","WATERBURY","17000000","RALPH CARPINELLA","Chief Executive Office","M","44127","C","Carpin Manufacturing Inc","info@carpin.com","411 Austin Rd","Waterbury","CT","06705","2037538771","2035742556","502117","Furniture-Mfrs' Equip & Supls (Whol)","www.carpin.com","11","0"
"Kimchuk","2037907800","1 Corporate Dr","Danbury","16600000","Jim Marquis","VP","Mal","45501","K","Kimchuk","sales@kimchuk.com","1 Corporate Dr","Danbury","CT","06810","2037978976","2037907800","367201","Printed & Etched Circuits-Mfrs","www.kimchuk.com","11","0"
"Insulated Wire Inc","2037911999","20 E Franklin St","Danbury","11517000","Saverio Bruno","President","Mal","46396","I","Insulated Wire Inc","sales@iw-microwave.com","20 E Franklin St","Danbury","CT","06810","6319817990","2037911999","505102","Wire (Wholesale)","www.iw-microwave.com","11","0"
"Park City Valve & Fitting Co","2033665461","33 Knowlton St","Bridgeport","10470000","Wayne Klinga","President","Mal","48147","P","Park City Valve & Fitting Co","info@pcvf.net","33 Knowlton St","Bridgeport","CT","06608","2033351738","2033665461","505107","Pipe-Wholesale","www.pcvf.net","11","0"
"Pella Window & Door Co","2037354868","56 Pershing Dr","Derby","18060000","Richard Jeancharles","Manager","Mal","48685","P","Pella Window & Door Co","privacy@pella.com","56 Pershing Dr","Derby","CT","06418","8047431501","2037354868","521107","Windows","www.pella.com","11","0"
"Spectrum Plastics","2037365200","401 Birmingham Blvd","Ansonia","12300000","Dave Kelley","VP","Mal","49722","S","Spectrum Plastics","sales@spectrumplastics.com","401 Birmingham Blvd","Ansonia","CT","06401","2037322075","2037365200","308901","Mold Makers","www.spectrumplastics.com","11","0"
"STAMFORD Wrecking Ofc Furn Out","2039678367","375 Fairfield Ave","Stamford","22840000","Jeff Goldblum","Owner","Mal","52892","S","STAMFORD Wrecking Ofc Furn Out","info@swcoffice.com","375 Fairfield Ave","Stamford","CT","06902","2033251517","2039678367","502112","Office Furniture & Equip-Dealers (Whol)","www.swcoffice.com","11","0"
"Schrafel Paperboard Converting","2039311700","82 W Clark St","West Haven","10775000","Rich Meier","Plant Mgr","Mal","53621","S","Schrafel Paperboard Converting","info@schrafelpaper.com","82 W Clark St","West Haven","CT","06516","5164371702","2039311700","262101","Paper-Manufacturers","www.schrafelpaper.com","11","0"
"Nova Med Biomedical Technology","2033843309","50 Ridgefield Ave","Bridgeport","17940000","","","","53741","N","Nova Med Biomedical Technology","info@novamedcorp.com","50 Ridgefield Ave","Bridgeport","CT","06610","2033808992","2033843309","504704","Physicians & Surgeons Equip & Supls-Whol","www.novamedcorp.com","11","0"
"Specialty Metals Refining Co","2033662500","1915 Black Rock Tpke","Fairfield","19236000","Daniel Fried","President","Mal","55426","S","Specialty Metals Refining Co","sales@specialtymetalsrefiners.com","1915 Black Rock Tpke","Fairfield","CT","06825","2033345317","2033662500","333901","Smelters & Refiners-Precious Metals","www.specialtymetals.com","11","0"
"Vernon Technology Solutions","2039690060","77 Selleck St","Stamford","17262000","Anthony Randazzo","VP","Mal","55560","V","Vernon Technology Solutions","info@vernoncomputersource.com","77 Selleck St","Stamford","CT","06902","2039690050","2039690060","737701","Computers-Renting & Leasing","www.vernontech.com","11","0"
"Lowa Boots","2033530116","86 Viaduct Rd","Stamford","12096000","Peter Sachs","Manager","Mal","58371","L","Lowa Boots","webmaster@lowaboots.com","86 Viaduct Rd","Stamford","CT","06907","2033530116","2033530116","513902","Shoes-Wholesale","www.lowaboots.com","11","0"
"Fabrichem Inc","2033661820","2226 Black Rock Tpke # 206","Fairfield","10010000","Jacob Tallathra","Owner","Mal","58569","F","Fabrichem Inc","sales@nutriscienceusa.com","2226 Black Rock Tpke # 206","Fairfield","CT","06825","2033661820","2033661820","516916","Chemicals (Wholesale)","www.fabricheminc.com","11","0"
"Agilysys Inc","2039295600","2 Trap Falls Rd # 101","Shelton","20200000","Kim Carpenter","Administrator","Mal","58675","A","Agilysys Inc","media@agilysys.com","2 Trap Falls Rd # 101","Shelton","CT","06484","4404985520","2039295600","506519","Electronic Equipment & Supplies-Whol","www.agilysys.com","11","0"
"American Electro Products Inc","2037567051","1358 Thomaston Ave","Waterbury","10504000","Dennis Burke","President","Mal","58873","A","American Electro Products Inc","webmaster@americanelectro.com","1358 Thomaston Ave","Waterbury","CT","06704","2037569503","2037567051","347105","Plating (Manufacturers)","www.americanelectro.com","11","0"
"Sarco Communications Co","2034984676","1580 Chapel St","New Haven","11250000","Stuart Rosenkrantz","Owner","Mal","60773","S","Sarco Communications Co","info@sarco.net","1580 Chapel St","New Haven","CT","06511","2034984606","2034984676","874823","Communications Consultants","www.sarco.net","11","0"
"Instantwhip Ct","2032656636","49 N Plains Industrial Rd","Wallingford","22740000","Robert Pavlick","VP","Mal","62288","I","Instantwhip Ct","info@instantwhip.com","49 N Plains Industrial Rd","Wallingford","CT","06492","3178991544","2032656636","514101","Food Products (Wholesale)","www.instantwhip.com","11","0"
"R B Birge Co","2033683481","22 Webster Ave","Bridgeport","10260000","James C Birge","President","Mal","62582","R","R B Birge Co","info@rbbirge.com","22 Webster Ave","Bridgeport","CT","06607","2033686335","2033683481","508569","Hose (Wholesale)","www.rbbirge.com","11","0"
"Anco Engineering Co","2039259235","217 Long Hill Cross Rd","Shelton","16000000","Lou Leszczynski Sr","President","Mal","63121","A","Anco Engineering Co","email@ancoeng.com","217 Long Hill Cross Rd","Shelton","CT","06484","2039259238","2039259235","344403","Sheet Metal Fabricators","www.ancoeng.com","11","0"
"Homer C Godfrey Co","2033361823","1360 Central Ave","Bridgeport","16650000","Mark Mac Donald","President","Mal","64606","H","Homer C Godfrey Co","info@homercgodfrey.com","1360 Central Ave","Bridgeport","CT","06610","2033689042","2033361823","508209","Mason Contractors Equip & Supls (Whol)","www.homercgodfrey.com","11","0"
"Bridgeport Harley-Davidson","2033802600","155 Research Dr","Stratford","12578000","Josh Blau","President","Mal","66679","B","Bridgeport Harley-Davidson","rentals@bpthd.com","155 Research Dr","Stratford","CT","06615","2033802583","2033802600","557106","Motorcycles & Motor Scooters-Dealers","www.bridgeportharleydavidson.com","11","0"
"A Anastasio & Sons Trucking Co","2037875746","80 Middletown Ave","New Haven","16610000","A Anastrsio","Owner","Mal","69154","A","A Anastasio & Sons Trucking Co","info@aanastasio.com","80 Middletown Ave","New Haven","CT","06513","2037829354","2037875746","421307","Trucking-Heavy Hauling","www.aanastasio.com","11","0"
"T Sendzimir Inc","2037564617","269 Brookside Rd","Waterbury","10000000","Gina Mc Weeney","VP","Fem","69406","T","T Sendzimir Inc","sales@sendzimir.com","269 Brookside Rd","Waterbury","CT","06708","2037564610","2037564617","354702","Rolling Mill Machinery (Manufacturers)","www.sendzimir.com","11","0"
"North American Theatrix LTD","2037536667","205 Interstate Ln","Waterbury","20200000","Jeff Mele","Owner","Mal","69720","N","North American Theatrix LTD","info@natheatrix.com","205 Interstate Ln","Waterbury","CT","06705","2037536667","2037536668","506507","Sound Systems & Equipment (Wholesale)","www.natheatrix.com","11","0"
"Cyber Research Inc","2034838815","25 Business Park Dr # F","Branford","10825000","Bob Molloy","President","Mal","70190","C","Cyber Research Inc","techsupport@cyberresearch.com","25 Business Park Dr # F","Branford","CT","06405","2034839024","2034838815","504905","Scientific Apparatus & Instruments-Whol","www.cyberresearch.com","11","0"
"Tepnel Life Sciences","2033289500","550 West Ave # 5","Stamford","13440000","","","","72063","T","Tepnel Life Sciences","mail@orchid.com","550 West Ave # 5","Stamford","CT","06902","3014284877","2033289500","384104","Physicians & Surgeons Equip & Supls-Mfrs","www.orchid.com","11","0"
"Costco Warehouse","2038222003","779 Connecticut Ave","Norwalk","21870000","Jeff Dawson","Manager","Mal","74282","C","Costco Warehouse","customerservice@costco.com","779 Connecticut Ave","Norwalk","CT","06854","8172100005","2038222003","531102","Department Stores","www.costco.com","11","0"
"TTI","2039496262","8 Fairfield Blvd","Wallingford","13160000","Sean Sisson","Manager","Mal","74305","T","TTI","information@ttiinc.com","8 Fairfield Blvd","Wallingford","CT","06492","2166633391","2039496262","506330","Electric Equipment & Supplies-Wholesale","www.ttiinc.com","11","0"
"American Pool Safety Spclsts","2033352049","40 Wakeman St","Bridgeport","15375000","Marc Young","CEO","Mal","74793","A","American Pool Safety Spclsts","info@americanpoolsafetyspecialists.com","40 Wakeman St","Bridgeport","CT","06605","2033352063","2033352049","509143","Swimming Pool Covers/Enclosures-Whol","www.americanpoolsafety.com","11","0"
"Cardinal Health","2033521990","28 Omega Dr # 7","Stamford","18109000","Anthony Colangelo","Manager","Mal","76356","C","Cardinal Health","privacy@cardinalhealth.com","28 Omega Dr # 7","Stamford","CT","06907","9785326916","2033521990","512203","Pharmaceutical Products-Wholesale","www.cardinal.com","11","0"
"CAS Medical Systems Inc","2034886056","44 E Industrial Rd","Branford","16849000","Louis P Scheps","CEO","Mal","76413","C","CAS Medical Systems Inc","custsrv@casmed.com","44 E Industrial Rd","Branford","CT","06405","2034889438","2034886056","384103","Hospital Equipment & Supplies-Mfrs","www.casmed.com","11","0"
"Microphase Corp","2038668000","587 Connecticut Ave","Norwalk","22400000","Necdet Ergul","President","Mal","76697","M","Microphase Corp","humanresources@microphase.com","587 Connecticut Ave","Norwalk","CT","06854","2038666727","2038668000","367901","Electronic Equipment & Supplies-Mfrs","www.microphasecorporation.com","11","0"
"SNP Technology","2032879114","1890 Dixwell Ave # 205","Hamden","10368000","","","","77127","S","SNP Technology","info@snp.com","1890 Dixwell Ave # 205","Hamden","CT","06514","2032483883","2032879114","357101","Computers-Electronic-Manufacturers","www.snp.com","11","0"
"ABS Pumps Inc","2032382700","140 Pond View Dr","Meriden","24700000","Johan Sandstrom","President","Mal","77368","A","ABS Pumps Inc","info@absgroup.com","140 Pond View Dr","Meriden","CT","06450","2032380738","2032382700","508444","Pumps (Wholesale)","www.abspumps.com","11","0"
"ACCURATE TRANSCRIPTIONS LLC","2036245667","666 GEORGE ST","NEW HAVEN","24800000","NEETA KARWA","Owner","F","78239","A","Accurate Transcriptions LLC","info@intercomindia.com","666 George St","New Haven","CT","06511","2036245667","2036245667","738917","Transcribing Service-Tape Disc Etc","www.accuratetranscriptions.com","11","0"
"Scales Air Compressor Corp","2036305555","290 Pratt St","Meriden","13600000","Paul Shaw","Manager","Mal","78823","S","Scales Air Compressor Corp","info@scalesair.com","290 Pratt St","Meriden","CT","06450","2036305550","2036305555","508402","Compressors-Air & Gas (Wholesale)","www.scalesaircompressor.com","11","0"
"Leed Himmel Industries Inc","2032888484","75 Leeder Hill Dr","Hamden","11920000","Howard Goldfarb","President","Mal","78969","L","Leed Himmel Industries Inc","sales@leed-himmel.com","75 Leeder Hill Dr","Hamden","CT","06517","2032484484","2032888484","344698","Architectural/Ornamental Mtl Work (Mfrs)","www.leed-himmel.com","11","0"
"PIC Design","2037588272","86 Benson Rd","Middlebury","12600000","Bill Nardello","Manager","Mal","79293","P","PIC Design","support@imark.com","86 Benson Rd","Middlebury","CT","06762","2037588271","2037588272","349903","Metal Goods-Manufacturers","www.pic-design.com","11","0"
"Harco Laboratories Inc","2034833700","186 Cedar St","Branford","22250000","William Di Cicco","Manager","Mal","79702","H","Harco Laboratories Inc","jobs@harcolabs.com","186 Cedar St","Branford","CT","06405","2034830391","2034833700","382203","Thermocouples (Manufacturers)","www.harcolabs.com","11","0"
"Bolt Technology Corp","2038530700","4 Duke Pl","Norwalk","14806000","Raymond M Soto","CEO","Mal","79944","B","Bolt Technology Corp","info@bolt-technology.com","4 Duke Pl","Norwalk","CT","06854","2038530700","2038530700","899925","Geophysical Services","www.bolt-technology.com","11","0"
"Trumbull Recreation Dept","2034525060","5892 Main St","Trumbull","10080000","Mary Markham","Executive Director","Fem","81175","T","Trumbull Recreation Dept","webmaster@trumbullct.com","5892 Main St","Trumbull","CT","06611","2034525060","2034525060","799951","Provincial Parks","www.trumbullct.com","11","0"
"Analytica Of Branford Inc","2034888899","29 Business Park Dr # 3","Branford","11115000","Craig Whitehouse","President","Mal","81477","A","Analytica Of Branford Inc","webmaster@aob.com","29 Business Park Dr # 3","Branford","CT","06405","2034810433","2034888899","382598","Instrs-Measuring/Testing Elec (Mfrs)","www.aob.com","11","0"
"Soule Blake & Weschler Inc","2039751400","180 Harvard Ave","Stamford","11328000","Stephen Soule","President","Mal","81653","S","Soule Blake & Weschler Inc","sales@sbwusa.com","180 Harvard Ave","Stamford","CT","06902","2039751540","2039751400","509905","Importers","www.sbwusa.com","11","0"
"Big East Equipment Co Inc","2034812893","25 E Industrial Rd","Branford","19980000","David Zevetchin","President","Mal","82809","B","Big East Equipment Co Inc","questions@bigeastequip.com","25 E Industrial Rd","Branford","CT","06405","2034813057","2034812893","508206","Contractors-Equip/Supls-Dlrs/Svc (Whol)","www.bigeastequip.com","11","0"
"Atlas Container","2032352551","119 Empire Ave","Meriden","10000000","Shaun Teevens","CEO","Mal","82863","A","Atlas Container","info@atlascontainer.com","119 Empire Ave","Meriden","CT","06450","4105512703","2032352551","265301","Corrugated & Solid Fiber Boxes (Mfrs)","www.atlascontainer.com","11","0"
"Mercantile Development Inc","2039228880","10 Waterview Dr","Shelton","10536000","Alan Sankhanel","President","Mal","83654","M","Mercantile Development Inc","info@mdiwipers.com","10 Waterview Dr","Shelton","CT","06484","2039228279","2039228880","509309","Wiping Cloths (Wholesale)","www.mdiwipers.com","11","0"
"Clinical Dynamics Corp","2032690090","10 Capital Dr","Wallingford","10100000","Leo Costello","Owner","Mal","83823","C","Clinical Dynamics Corp","service@clinicaldynamics.com","10 Capital Dr","Wallingford","CT","06492","2032690090","2032693402","506519","Electronic Equipment & Supplies-Whol","www.clinicaldynamics.com","11","0"
"Target Flavors Inc","2037754727","7 Del Mar Dr","Brookfield","11040000","John Mac Lean","Owner","Mal","84340","T","Target Flavors Inc","info@targetflavors.com","7 Del Mar Dr","Brookfield","CT","06804","2037752147","2037754727","208701","Flavoring Extracts-Manufacturers","www.targetflavors.com","11","0"
"Food Automation Svc Techniques","2033774414","905 Honeyspot Rd","Stratford","15000000","","","","84572","F","Food Automation Svc Techniques","sales@fastsck.com","905 Honeyspot Rd","Stratford","CT","06615","2033778187","2033774414","357103","Data Processing Equipment-Manufacturers","www.fastsck.com","11","0"
"Valassis Relationship Mktg","2032251300","6 Armstrong Rd # 3","Shelton","11900000","Sue Griffin","CEO","Fem","86060","V","Valassis Relationship Mktg","info@vrms.com","6 Armstrong Rd # 3","Shelton","CT","06484","2039250188","2032251300","874213","Marketing Programs & Services","www.vrms.com","11","0"
"General Data Comm Inc","2037290271","6 Rubber Ave","Naugatuck","15381000","Howard S Modlin","CEO","Mal","86436","G","General Data Comm Inc","jobs@gdc.com","6 Rubber Ave","Naugatuck","CT","06770","2037232883","2037290271","506551","Communications Equipment (Wholesale)","www.gdc.com","11","0"
"Cober Electronics","2038558755","151 Woodward Ave","Norwalk","23280000","Bernard Krieger","President","Mal","86558","C","Cober Electronics","sales@cober.com","151 Woodward Ave","Norwalk","CT","06854","2038557511","2038558755","384104","Physicians & Surgeons Equip & Supls-Mfrs","www.cober.com","11","0"
"Contact Systems Inc","2037433837","50 Miry Brook Rd","Danbury","12705000","John Pompea","Owner","Mal","86655","C","Contact Systems Inc","hr@contactsystems.com","50 Miry Brook Rd","Danbury","CT","06810","2037906322","2037433837","356998","General Ind Machinery/Equip Nec (Mfrs)","www.contactsystems.com","11","0"
"Orange Research Inc","2038775657","140 Cascade Blvd","Milford","17650000","Paul Hoffman","President","Mal","86959","O","Orange Research Inc","hr@orangeresearch.com","140 Cascade Blvd","Milford","CT","06460","2037839546","2038775657","382404","Gauges & Gages-Manufacturers","www.orangeresearch.com","11","0"
"Micro Patent Inc","2034665055","250 Dodge Ave","East Haven","17920000","Dan Videtto","CEO","Mal","87131","M","Micro Patent Inc","info@micropat.com","250 Dodge Ave","East Haven","CT","06512","2034665054","2034665055","384104","Physicians & Surgeons Equip & Supls-Mfrs","www.micropatent.com","11","0"
"Pond Technical Sales Inc","2032841500","174 N Plains Industrial Rd","Wallingford","11844000","Ray Fortier","Owner","Mal","87862","P","Pond Technical Sales Inc","sales@pondtechnicalsales.com","174 N Plains Industrial Rd","Wallingford","CT","06492","2032843639","2032841500","506328","Controls Control Systs/Regulators (Whol)","www.pondtechnicalsales.com","11","0"
