"Butcher Block Meat Co","6172691470","14 Food Mart Rd","Boston","39920000","Joseph Frazzica","Owner","Mal","11905","B","Butcher Block Meat Co","joseph.frazzica@butcherblockinc.com","14 Food Mart Rd","Boston","MA","02118","6172695244","6172691470","201101","Meat Packers","NULL","0","0"
"Freedom Drug","9784994500","12 Kent Way # 12","Byfield","27450000","Kim Rondeau","President","Fem","14686","F","Freedom Drug","Kim_Rondeau@fredomdrug.com","12 Kent Way # 12","Byfield","MA","01922","9784991500","9784994500","591205","Pharmacies","NULL","0","2"
"EMCOR Facilities Svc Inc","6174820323","306 Northern Ave","Boston","42000000","Paul Asmar","Manager","Mal","17546","E","EMCOR Facilities Svc Inc","emcor_info@emcorgroup.com","306 Northern Ave","Boston","MA","02210","8132532515","6174820323","871147","Engineering","www.emcorgroup.com","0","0"
"Hanna Paper Recycling Inc","5083393210","31 Suffolk Rd","Mansfield","26340000","Joseph Jelson","VP","Mal","19711","H","Hanna Paper Recycling Inc","mmillar@hannapaper.com","31 Suffolk Rd","Mansfield","MA","02048","5083373355","5083393210","509312","Recycling Centers (Wholesale)","www.hannapaper.com","0","0"
"Graphic Paper","5082618866","145 Plymouth St","Mansfield","36264000","Phil Pietrafetta","President","Mal","22769","G","Graphic Paper","P.Pietrafetta@graphicpaper.com","145 Plymouth St","Mansfield","MA","02048","5083399926","5082618866","511101","Paper Products (Wholesale)","NULL","0","0"
"Andover Coated Products Inc","9784650044","9 Fanaras Dr","Salisbury","40320000","Thomas Murphy","Owner","Mal","25354","A","Andover Coated Products Inc","jgatto@andover-healthcare.com","9 Fanaras Dr","Salisbury","MA","01952","9784620003","9784650044","384104","Physicians & Surgeons Equip & Supls-Mfrs","www.andovercoated.com","0","0"
"United Liquors","9786641699","84 Concord St","North Reading","47400000","Dick Kellett","Owner","Mal","25715","U","United Liquors","DickK@unitedliquorscorp.com","PO Box 187","North Reading","MA","01864","9786641446","9786641699","518101","Beer & Ale-Wholesale","NULL","0","0"
"Financial Planning Solutions","7819389383","25 Prescott St # 32","Woburn","25730000","Jonathon Lombardo","President","Mal","25947","F","Financial Planning Solutions","JLombardo@financialdesign.net","25 Prescott St # 32","Woburn","MA","01801","7819386200","7819389383","628205","Financial Planning Consultants","NULL","0","0"
"Brainin Advance Industries","5082260050","48 Frank Mossberg Dr","Attleboro","32000000","Alan Huffenus","President","Mal","26221","B","Brainin Advance Industries","estelle.golick@brainin.com","48 Frank Mossberg Dr","Attleboro","MA","02703","5082268703","5082260050","346904","Metal Stamping (Manufacturers)","NULL","0","0"
"F M & D Inc","6173329968","74 Rowe St","Auburndale","45680000","Bob Murray","President","Mal","30598","F","F M & D Inc","lydia@melia.com","74 Rowe St","Auburndale","MA","02466","6173329460","6173329968","502107","Furniture-Dealers-Wholesale","www.workspacedesigns.com","0","0"
"Channing L Bete Co","4136657611","200 State Rd","South Deerfield","30000000","Michael Bete","President","Mal","31240","C","Channing L Bete Co","custsvcs@channing-bete.com","200 State Rd","South Deerfield","MA","01373","4136657117","4136657611","273101","Publishers-Book","www.ctcsurvey.com","0","0"
"DFF Corp","4137868880","79 Abrams Dr","Agawam","33400000","Ernest Denby","CEO","Mal","31242","D","DFF Corp","mcurran@dffcorp.com","79 Abrams Dr","Agawam","MA","01001","4137860825","4137868880","359903","Machine Shops","www.dffcorp.com","0","0"
"Catania-Spagna Corp","9787727900","1 Nemco Way","Ayer","34900000","Anthony Basile","President","Mal","32320","C","Catania-Spagna Corp","oils@cataniausa.com","1 Nemco Way","Ayer","MA","01432","9787727970","9787727900","509905","Importers","www.cataniausa.com","0","0"
"Battlegreen Food Svc","9786401112","836 North St","Tewksbury","30699000","David Soutter","Owner","Mal","38642","B","Battlegreen Food Svc","S-David@battlegreen.net","836 North St","Tewksbury","MA","01876","9786400225","9786401112","514102","Food Brokers","NULL","0","0"
"Ozer Group","7817074200","75 2nd Ave # 610","Needham","32400000","Mark Stein","Owner","Mal","41078","O","Ozer Group","MarkStein@ozergroup.com","75 2nd Ave # 610","Needham","MA","02494","7817074201","7817074200","671901","Holding Companies (Non-Bank)","NULL","0","2"
"Lawrence R Mc Coy & Co Inc","5083687700","100 Front St # 700","Worcester","35300000","John Allen","CEO","Mal","44837","L","Lawrence R Mc Coy & Co Inc","michael.riese@lrmccoy.com","100 Front St # 700","Worcester","MA","01608","NULL","5083687700","503109","Lumber-Wholesale","NULL","0","0"
"Oxford Foods LLC","4136657011","15 Jewett Ave","South Deerfield","44600000","Jeffrey Morris","Owner","Mal","54920","O","Oxford Foods LLC","scahillane@oxfordfoods.com","15 Jewett Ave","South Deerfield","MA","01373","4136657153","4136657011","203501","Pickles & Pickle Products (Mfrs)","NULL","0","0"
"Babbitt Steam Specialty Co","5089959533","800 Mount Pleasant St","New Bedford","27200000","John Babbitt","President","Mal","57147","B","Babbitt Steam Specialty Co","sprocket@babbittsteam.com","800 Mount Pleasant St","New Bedford","MA","02745","5089952701","5089959533","508444","Pumps (Wholesale)","www.babbittsteam.com","0","0"
"Hyde Manufacturing Inc","5087644344","54 Eastford Rd","Southbridge","37600000","Richard B Hardy","CEO","Mal","57599","H","Hyde Manufacturing Inc","rhardy@hydetools.com","PO Box 1875","Southbridge","MA","01550","5087655250","5087644344","342302","Tools-Manufacturers","NULL","0","0"
"Bandwagon Inc","9786586252","54 Industrial Way","Wilmington","33040000","John B Crawford","Owner","Mal","58314","B","Bandwagon Inc","jsartori@bwagon.com","54 Industrial Way","Wilmington","MA","01887","9786577023","9786586252","509905","Importers","NULL","0","0"
"New England Biolabs","9789275054","240 County Rd","Ipswich","49280000","Donald Comb","President","Mal","61499","N","New England Biolabs","CombD@neb.com","240 County Rd","Ipswich","MA","01938","9789211350","9789275054","384104","Physicians & Surgeons Equip & Supls-Mfrs","NULL","0","0"
"Wrobel Engineering Co","5085868338","154 Bodwell St","Avon","32000000","Elizabeth Wrobel","President","Fem","68440","W","Wrobel Engineering Co","edward.wrobel@wrobeleng.com","154 Bodwell St","Avon","MA","02322","5085868466","5085868338","344403","Sheet Metal Fabricators","NULL","0","0"
"Gcc Technologies","7812755800","209 Burlington Rd # 7","Bedford","33400000","Kevin Curran","President","Mal","68539","G","Gcc Technologies","Kevin@gibsonclone.com","209 Burlington Rd # 7","Bedford","MA","01730","7812751115","7812755800","874213","Marketing Programs & Services","NULL","0","0"
"Morgan Linen & Uniform","6174454800","941 Massachusetts Ave","Roxbury","44560000","Ron Brumbalow","Manager","Mal","71935","M","Morgan Linen & Uniform","mcclelland@morganservices.com","941 Massachusetts Ave","Roxbury","MA","02118","6194773972","6174454800","502327","Mats & Matting (Wholesale)","www.morganservices.com","0","0"
"E F Education","6176191000","1 Education St","Cambridge","35571000","Louise Julian","CEO","Fem","72433","E","E F Education","J_Louise@ef.com","1 Education St","Cambridge","MA","02141","6176191001","6176191000","472402","Travel Agencies & Bureaus","NULL","0","0"
"Spectro Coating","9785341800","101 Scott Dr","Leominster","25000000","Hemendra Shah","President","Mal","74154","S","Spectro Coating","Hemendra@spectrocoating.com","101 Scott Dr","Leominster","MA","01453","9785344155","9785341800","226201","Flocking (Manufacturers)","NULL","0","0"
"Weir Valves & Controls","9787445690","285 Canal St","Salem","25300000","Gerry Twardowski","President","Mal","75798","W","Weir Valves & Controls","Twardowski.Gerry@weirvalve.com","285 Canal St","Salem","MA","01970","9787413626","9787445690","349498","Valves & Pipe Fittings Nec (Mfrs)","NULL","0","0"
"Packaging Corp Of America","4135846132","525 Mount Tom Rd","Northampton","32040000","Charles Hatch","Manager","Mal","76141","P","Packaging Corp Of America","robert.park@packagingcorp.com","525 Mount Tom Rd","Northampton","MA","01060","4135869652","413-584-6132","2653","Corrugated and Solid Fiber Boxes","NULL","0","0"
"Dennis East Intl","5087604545","17 Shad Hole Rd","Dennis Port","28320000","Dale Endris","Owner","Mal","79188","D","Dennis East Intl","Dale.Endris@denniseast.com","17 Shad Hole Rd","Dennis Port","MA","02639","5084321998","5087604545","509905","Importers","NULL","0","0"
"Boston Warehouse Co","7817698550","59 Davis Ave","Norwood","33420000","Peter Jenkins","Owner","Mal","81725","B","Boston Warehouse Co","eyavner@bwtc.com","59 Davis Ave","Norwood","MA","02062","7817699468","7817698550","502314","Housewares-Wholesale","NULL","0","0"
"Hebert Candies Inc","5088458051","575 Hartford Tpke","Shrewsbury","26180000","Pete Perkins","President","Mal","84756","H","Hebert Candies Inc","jjohnson@hebertcandies.com","575 Hartford Tpke","Shrewsbury","MA","01545","5083475028","5088458051","206401","Candy & Confectionery-Manufacturers","www.hebertcandies.com","0","0"
"Esleeck Manufacturing Co","4138634326","36 Canal St","Turners Falls","43100000","Charles H Blanker","President","Mal","85883","E","Esleeck Manufacturing Co","charlie.blanker@esleeck.com","PO Box 717","Turners Falls","MA","01376","4138633196","4138634326","262101","Paper-Manufacturers","NULL","0","0"
"Medsource Technologies","6179649100","150 California St","Newton","35840000","Ron Spark","President","Mal","87641","M","Medsource Technologies","RonSpark@medsourcetech.com","150 California St","Newton","MA","02458","6179642660","6179649100","384104","Physicians & Surgeons Equip & Supls-Mfrs","NULL","0","0"
"Fraen Corp","7819422223","80 Newcrossing Rd","Reading","31356000","Peter Fuller","Owner","Mal","89995","F","Fraen Corp","joe.biagiotti@fraen.com","80 Newcrossing Rd","Reading","MA","01867","7819422426","7819422223","354106","Screw Machines & Equipment (Mfrs)","NULL","0","0"
"Market Forge Industries","6173874100","35 Garvey St","Everett","29850000","Harold Hamilton","President","Mal","92640","M","Market Forge Industries","hhamilton@mfii.com","35 Garvey St","Everett","MA","02149","6173874456","6173874100","504604","Restaurant Equipment & Supplies (Whol)","NULL","0","0"
"Global NAPS","6176893200","10 Merrymount Rd","Quincy","33300000","Frank Gangi","Owner","Mal","92928","G","Global NAPS","GangiF@reverekarate.com","10 Merrymount Rd","Quincy","MA","02169","6175015201","6176893200","481304","Telephone Companies","NULL","0","0"
"Giguere & Marchand Oil Svc","5088836010","25 Montcalm Ave","Blackstone","43602000","Louise Le Blanc","President","Fem","94097","G","Giguere & Marchand Oil Svc","Louise@gmoil.com","25 Montcalm Ave","Blackstone","MA","01504","5088836011","5088836010","517206","Oils-Fuel (Wholesale)","NULL","0","0"
"Peabody Office Furniture","6175421902","234 Congress St # 1","Boston","27000000","Richard Vaughn","CEO","Mal","94419","P","Peabody Office Furniture","Richard@peabodyoffice.com","234 Congress St # 1","Boston","MA","02110","6175421609","6175421902","735935","Office Furniture & Equip-Renting","NULL","0","0"
"People Care","6174411743","950 Cambridge St","Cambridge","33626000","Gary Lawson","President","Mal","94743","P","People Care","GaryLawson@peoplecare.com","950 Cambridge St","Cambridge","MA","02141","6174411858","6174411743","806301","Mental Health Services","NULL","0","0"
"All States Asphalt Inc","4136657021","325 Amherst Rd","Sunderland","30550000","Dave Hankowski","President","Mal","95071","A","All States Asphalt Inc","hank1@javanet.com","325 Amherst Rd","Sunderland","MA","01375","4136657171","4136657021","161106","Asphalt & Asphalt Products","www.allstatesasphalt.com","0","0"
"Abiomed Inc","9787775410","22 Cherry Hill Dr","Danvers","38216000","Michael R Minogue","CEO","Mal","98016","A","Abiomed Inc","j.thero@abiomed.com","22 Cherry Hill Dr","Danvers","MA","01923","9787778411","9787775410","384598","Electromedical/Therapeutic Apprts (Mfrs)","NULL","0","0"
"BSC Group","6178964300","15 Elkins St","South Boston","25280000","Richard Long","Owner","Mal","99544","B","BSC Group","RichardL@terrsphere.com","15 Elkins St","South Boston","MA","02127","6178964301","6178964300","871111","Engineers-Consulting","NULL","0","0"
"Glynn Electronics Inc","5089474262","9 Clayton Rd","Middleboro","33600000","Kevin Glynn","President","Mal","101278","G","Glynn Electronics Inc","kglynn@glynn-elec.com","9 Clayton Rd","Middleboro","MA","02346","5089478690","5089474262","367901","Electronic Equipment & Supplies-Mfrs","NULL","0","0"
"Maybury Material Handling","4135254216","90 Denslow Rd","East Longmeadow","40800000","John F Maybury","President","Mal","101757","M","Maybury Material Handling","rmoriarty@maybury.com","90 Denslow Rd","East Longmeadow","MA","01028","4135258231","4135254216","508426","Material Handling Equipment (Wholesale)","NULL","0","0"
"Electronic Fasteners Inc","7818907780","305 Winter St","Waltham","25900000","Steven Damalas","President","Mal","102517","E","Electronic Fasteners Inc","miki-h@electronicfasteners.com","305 Winter St","Waltham","MA","02451","7818902042","7818907780","507201","Bolts & Nuts (Wholesale)","www.electronicfasteners.com","0","0"
"Argotec Inc","4137722564","49 Greenfield St","Greenfield","47750000","Steve Wolkenbreit","Owner","Mal","103849","A","Argotec Inc","skane@argotecinc.com","49 Greenfield St","Greenfield","MA","01301","4137722565","4137722564","282103","Plastics-Manufacturers","NULL","0","0"
"Globe Fish Co","6174237195","310 Northern Ave","Boston","25080000","Leon Weinstein","Owner","Mal","113561","G","Globe Fish Co","leon.weinstein@globefishcompany.com","310 Northern Ave","Boston","MA","02210","6174236973","6174237195","514601","Seafood-Wholesale","NULL","0","0"
"Atex Media Command Inc","7812752323","24 Crosby Dr","Bedford","40250000","John Hawkins","CEO","Mal","113604","A","Atex Media Command Inc","lcarey@atex.com","24 Crosby Dr","Bedford","MA","01730","8137391700","7812752323","737999","Computer Related Services Nec","www.amc.com","0","0"
"Far East Enterprises Inc","5083666400","1900 W Park Dr # 200","Westborough","47300000","Andrea Miller","Owner","Fem","114215","F","Far East Enterprises Inc","steve@fareastpcb.com","1900 W Park Dr # 200","Westborough","MA","01581","5083666400","5083666400","509905","Importers","www.fareastpcb.com","0","0"
"Winthrop Printing","6172689660","235 Old Colony Ave","South Boston","26000000","John Orrall","President","Mal","114546","W","Winthrop Printing","J.Orrall@winprint.com","235 Old Colony Ave","South Boston","MA","02127","6172686735","6172689660","275202","Printers","NULL","0","0"
"E L Harvey & Sons","5088363000","68 Hopkinton Rd","Westborough","37975000","James Harvey","CEO","Mal","116988","E","E L Harvey & Sons","J-Harvey@elharvey.com","PO Box 1243","Westborough","MA","01581","5088363040","5088363000","495302","Garbage Collection","NULL","0","0"
"Sea Star Seafood Corp","5084296860","128 Bartlett St","Marlborough","25080000","James R Faro","Owner","Mal","117996","S","Sea Star Seafood Corp","anthony_woodward@mail.seastar.com","128 Bartlett St","Marlborough","MA","01752","5084297662","5084296860","514601","Seafood-Wholesale","NULL","0","0"
"Webco Chemical Corp","5089439500","420 W Main St","Dudley","37700000","Mark Puliafico","Owner","Mal","118028","W","Webco Chemical Corp","bobd@webco-chemical.com","420 W Main St","Dudley","MA","01571","5089870366","5089439500","284101","Soaps & Detergents-Manufacturers","www.webco-chemical.com","0","0"
"Brittany Dyeing & Printing Co","5089993281","1357 E Rodney French Blvd","New Bedford","35400000","Kenneth Joblon","President","Mal","118196","B","Brittany Dyeing & Printing Co","psilvia@brittanyusa.com","1357 E Rodney French Blvd","New Bedford","MA","02744","5089949866","5089993281","226998","Finishers Of Textiles Nec (Mfrs)","NULL","0","0"
"Plantation Products","5082855800","202 S Washington St","Norton","29925000","Joseph Raffaele","Owner","Mal","123139","P","Plantation Products","Joseph@plantationproducts.com","202 S Washington St","Norton","MA","02766","5082857333","5082855800","519105","Seeds & Bulbs-Wholesale","NULL","0","0"
"B-K Medical Systems","9789881078","250 Andover St","Wilmington","32890000","Bill Gregory","President","Mal","123411","B","B-K Medical Systems","inquire@bkmed.com","250 Andover St","Wilmington","MA","01887","9789881478","9789881078","504720","X-Ray Apparatus & Supplies (Wholesale)","www.bkmed.com","0","0"
"Union Specialties Inc","9784651717","3 Malcolm Hoyt Dr","Newburyport","35631000","Peter Alford","President","Mal","125781","U","Union Specialties Inc","john.sullivan@unionspecialtiesinc.com","3 Malcolm Hoyt Dr","Newburyport","MA","01950","9784654194","9784651717","284398","Surface Active Agents (Manufacturers)","NULL","0","0"
"Universal","7812950046","34 Broadway St","Wakefield","37200000","Jaime Ford","Owner","Mal","127765","U","Universal","JaimeF@universalcorp.com","34 Broadway St","Wakefield","MA","01880","7812950051","7812950046","179977","Contractors","NULL","0","0"
"Bay Copy","7818716670","100 Reservoir Park Dr","Rockland","25250000","Raymond Belanger","Owner","Mal","128334","B","Bay Copy","Raymond_Belanger@baycopy.com","PO Box 525","Rockland","MA","02370","7818712540","7818716670","506528","Facsimile Communication Equipment (Whol)","NULL","0","0"
"Cambridge Sheet Metal Co Inc","6172547580","500 Lincoln St","Allston","45588000","Harry Indursky","Owner","Mal","128420","C","Cambridge Sheet Metal Co Inc","rraymond@cambridgestreetmetal.com","500 Lincoln St","Allston","MA","02134","6172543552","6172547580","505202","Copper (Wholesale)","www.csmetal.net","0","0"
"Old Neighborhood Foods","7815920014","37 Waterhill St","Lynn","33400000","Thomas Demakes","President","Mal","134672","O","Old Neighborhood Foods","T.D@thinntrim.com","37 Waterhill St","Lynn","MA","01905","7815957523","7815920014","201398","Sausages/Other Prepared Meat Prod (Mfrs)","NULL","0","0"
"Wholesale Auto","6173258800","415 Hyde Park Ave","Roslindale","25900000","Domingos Pereira","Owner","Mal","136820","W","Wholesale Auto","Domingos_Pereira@wholesaleautoco.com","415 Hyde Park Ave","Roslindale","MA","02131","NULL","6173258800","501205","Automobile Dealers-Used Cars-Wholesale","NULL","0","0"
"Biga Breads","6172421001","50 Terminal St","Charlestown","42200000","Deana Martin","Owner","Fem","138669","B","Biga Breads","DeanaMartin@bigabreads.com","50 Terminal St","Charlestown","MA","02129","6172428884","6172421001","514902","Bakers-Wholesale","NULL","0","0"
"American Network Products","5088673801","60 Prospect St","North Brookfield","30046000","John Foss","Manager","Mal","141834","A","American Network Products","aeseast@aeseast.com","60 Prospect St","North Brookfield","MA","01535","6312074407","5088673801","573404","Computer Furniture","www.americaneaglesys.com","0","0"
"Irving Oil Terminals Inc","7812894201","41 Lee Burbank Hwy","Revere","43602000","","","","143236","I","Irving Oil Terminals Inc","recruitment@iol.com","41 Lee Burbank Hwy","Revere","MA","02151","7812893229","7812894201","517206","Oils-Fuel (Wholesale)","www.irvingoil.com","0","0"
"Industrial Communications","7818377000","40 Lone St","Marshfield","26080000","David Fenton","President","Mal","143301","I","Industrial Communications","David@induscom.com","40 Lone St","Marshfield","MA","02050","7818374000","7818377000","366398","Radio/Tv Broadcasting/Comm Equip (Mfrs)","NULL","0","0"
"Lee Munder Venture Partners","6173805600","200 Clarendon St # 28","Boston","33642000","Ken Swan","President","Mal","143460","L","Lee Munder Venture Partners","K_S@leemunder.com","200 Clarendon St # 28","Boston","MA","02116","6173805601","6173805600","679998","Venture Capital Companies","NULL","0","1"
"Horizons Technology Inc","9786636600","300 Concord Rd # 400","Billerica","47558000","Earl A Pontius","President","Mal","143777","H","Horizons Technology Inc","wsontag@horizons.com","300 Concord Rd # 400","Billerica","MA","01821","9786638357","9786636600","871111","Engineers-Consulting","NULL","0","0"
"Rolls-Royce Naval Marine Inc","5086689610","110 Norfolk St","Walpole","48400000","Patrick J Marolda","President","Mal","145961","R","Rolls-Royce Naval Marine Inc","yoji.ohashi@rolls-royce.com","110 Norfolk St","Walpole","MA","02081","5086685638","5086689610","373202","Boat Equipment & Supplies-Manufacturers","NULL","0","0"
"Earth Tech Inc","9783714000","196 Baker Ave","Concord","31600000","Frank Gory","VP","Mal","147860","E","Earth Tech Inc","dawn.pace@earthtech.com","196 Baker Ave","Concord","MA","01742","2146318428","9783714000","871120","Engineers-Environmental","www.earthtech.com","0","0"
"Lexington Alarm Systems","7812754200","9 Alfred Cir","Bedford","26320000","Don Martini","Owner","Mal","150606","L","Lexington Alarm Systems","Don@lexingtonalarmsystems.com","9 Alfred Cir","Bedford","MA","01730","7812753141","7812754200","506324","Burglar Alarm Systems (Wholesale)","NULL","0","0"
"Cains Foods LP","9787720300","114 E Main St","Ayer","35680000","Denis Keaveny","CEO","Mal","150666","C","Cains Foods LP","D_K@cainsfoods.com","PO Box 347","Ayer","MA","01432","9787729254","9787720300","203598","Pickled Fruits/Vegs & Dressings (Mfrs)","NULL","0","0"
"Sweatland-Payless Oil","4134436461","25 Industrial Dr","Pittsfield","36894000","John Bates","Manager","Mal","151504","S","Sweatland-Payless Oil","lrsinc@vgernet.net","25 Industrial Dr","Pittsfield","MA","01201","4134455845","4134436461","517206","Oils-Fuel (Wholesale)","www.sweatlandoil.com","0","0"
"North American Coating Science","9786915622","12 Osgood St","Lawrence","26026000","Ted Krug","Owner","Mal","151801","N","North American Coating Science","TedKrug@aacc-hotmelts.com","12 Osgood St","Lawrence","MA","01843","9786915015","9786915622","516912","Adhesives & Glues (Wholesale)","NULL","0","0"
"G L Synthesis Inc","5087546700","1 Innovation Dr","Worcester","25025000","George E Wright","President","Mal","152945","G","G L Synthesis Inc","fluorosomes@glsynthesis.com","1 Innovation Dr","Worcester","MA","01605","5087547075","5087546700","516916","Chemicals (Wholesale)","www.glsynthesis.com","0","0"
"Butler-Dearden Paper Svc","5088699000","80 Shrewsbury St","Boylston","40797000","George Butler","Owner","Mal","154044","B","Butler-Dearden Paper Svc","Butler_George@bdpaper.com","80 Shrewsbury St","Boylston","MA","01505","5088690211","5088699000","511101","Paper Products (Wholesale)","NULL","0","0"
"Intercity Alarms","5083948900","22 Whites Path","South Yarmouth","32900000","John Davenport","Owner","Mal","154955","I","Intercity Alarms","John-Davenport@intercityalarms.com","22 Whites Path","South Yarmouth","MA","02664","5083982901","5083948900","506304","Security Control Equip & Systems-Whol","NULL","0","0"
"Heilind Electronics Inc","9786574871","58 Jonspin Rd","Wilmington","40000000","Bob Clapp","Owner","Mal","155190","H","Heilind Electronics Inc","bclapp@heilind.com","58 Jonspin Rd","Wilmington","MA","01887","9786577905","9786574871","506519","Electronic Equipment & Supplies-Whol","NULL","0","0"
"Car Cross Calender & Business","5088247568","5 3rd St","Taunton","35900000","John Da Silva","Owner","Mal","156377","C","Car Cross Calender & Business","John@carcross.com","5 3rd St","Taunton","MA","02780","NULL","5088247568","519917","Advertising-Specialties (Wholesale)","NULL","0","0"
"Mason Box Co","5087618576","521 Mount Hope St","North Attleboro","47400000","Hugh Mason","President","Mal","157401","M","Mason Box Co","webmonkey@giantant.com","521 Mount Hope St","North Attleboro","MA","02760","2174038810","5087618576","267901","Paper-Box Board (Manufacturers)","www.ci.champaign.il.us","0","0"
"Globe Specialty Products","5088711900","27 Otis St","Westborough","27400000","David Dickerson","President","Mal","158303","G","Globe Specialty Products","david.dickerson@glo-brite.com","27 Otis St","Westborough","MA","01581","5088711999","5088711900","274109","Shoppers'' News Publications","NULL","0","0"
"Corporate Express","9785576000","655 Andover St","Lawrence","30250000","Tim Ruh","President","Mal","163325","C","Corporate Express","T-Ruh@corporateexpress.com","655 Andover St","Lawrence","MA","01843","9785576290","9785576000","594301","Office Supplies","NULL","0","0"
"PFG-Springfield","4137333053","340 Taylor St","Springfield","40000000","Sean Griffin","President","Mal","163536","P","PFG-Springfield","SeanGriffin@pfgspringfield.com","340 Taylor St","Springfield","MA","01105","4132721183","4137333053","514102","Food Brokers","NULL","0","0"
"Metals USA","5083998500","10 Tower Rd","Seekonk","33504000","Ernie Lantagne","Manager","Mal","164355","M","Metals USA","robertmcpherson@metalsusa.com","10 Tower Rd","Seekonk","MA","02771","5044313060","5083998500","505106","Steel-Distributors & Warehouses","www.metalsusa.com","0","0"
"Perstorp Compounds Inc","4135842472","238 Nonotuck St","Florence","41065000","Donald Morrison","Manager","Mal","165141","P","Perstorp Compounds Inc","rob@2disc.com","238 Nonotuck St","Florence","MA","01062","4135864089","4135842472","282105","Resins-Manufacturers","www.thermosets.com","0","0"
"Berkshire Westwood Graphics","4135321735","20 Hadley Mill Rd # 2","Holyoke","26112000","Michael Sullivan","Owner","Mal","165639","B","Berkshire Westwood Graphics","michael.sullivan@bwgg.com","20 Hadley Mill Rd # 2","Holyoke","MA","01040","4135326508","4135321735","508443","Printing Supplies (Wholesale)","NULL","0","0"
"Savage Arms Inc","4135687001","100 Springdale Rd","Westfield","25800000","Ronald Coburn","CEO","Mal","166093","S","Savage Arms Inc","paul.lessard@savagearms.com","100 Springdale Rd","Westfield","MA","01085","4135627764","4135687001","348402","Firearms-Manufacturers","NULL","0","0"
"Chinese Spaghetti Factory","6175419823","48 Newmarket Sq","Roxbury","25014000","Johnny Sou","Owner","Mal","166900","C","Chinese Spaghetti Factory","JohnnySou@chinesespaghetti.com","83 Newmarket Sq","Boston","MA","02118","6174275918","6175419823","514101","Food Products (Wholesale)","NULL","0","0"
"Summit Partners Inc","6178241000","222 Berkeley St","Boston","49840000","E Roe Stamps Iv","Owner","Mal","167115","S","Summit Partners Inc","bizplans-pa@summitpartners.com","222 Berkeley St","Boston","MA","02116","6503211188","6178241000","679998","Venture Capital Companies","www.summitpartners.com","0","1"
"Sears Laboratories","9785390100","222 Rosewood Dr # 500","Danvers","44576000","Barry Sears","President","Mal","168947","S","Sears Laboratories","Barry@zonediet.com","222 Rosewood Dr # 500","Danvers","MA","01923","9785390090","9785390100","512203","Pharmaceutical Products-Wholesale","NULL","0","0"
"Kamco Supply Corp Of Boston","7819380909","181 New Boston St","Woburn","30000000","Jim Scaia","Owner","Mal","170901","K","Kamco Supply Corp Of Boston","Jim@kamcoboston.com","181 New Boston St","Woburn","MA","01801","7819351696","7819380909","521125","Ceiling Materials","NULL","0","0"
"Whitney & Son Mfg & Warehouse","9783436353","95 Kelly Ave","Fitchburg","28320000","Daniel Whitney","Owner","Mal","170997","W","Whitney & Son Mfg & Warehouse","WhitneyDaniel@whitneyandson.com","95 Kelly Ave","Fitchburg","MA","01420","9783436586","9783436353","509908","Manufacturers-Agents & Representatives","NULL","0","0"
"Bayer Diagnostics","7815517700","115 Norwood Park S","Norwood","33600000","Ken Conway","President","Mal","171580","B","Bayer Diagnostics","joe.erickson@bayer.com","115 Norwood Park S","Norwood","MA","02062","7815517779","7815517700","384104","Physicians & Surgeons Equip & Supls-Mfrs","NULL","0","0"
"Sealy Mattress Co","7819611100","671 North St","Randolph","34400000","David Bishop","Plant Mgr","Mal","171714","S","Sealy Mattress Co","trueform@sealy.com","671 North St","Randolph","MA","02368","9133717620","7819611100","251501","Mattresses-Manufacturers","www.sealy.com","0","0"
"Brox Industries Inc","9784549105","1471 Methuen St","Dracut","42000000","Stephen Brox","President","Mal","172039","B","Brox Industries Inc","construction@broxindustries.com","1471 Methuen St","Dracut","MA","01826","6035988835","9784549105","328198","Cut Stone & Stone Products (Mfrs)","www.broxindustries.com","0","0"
"Lantor","5089661311","125 Depot St","Bellingham","25000000","Tom Selman","President","Mal","173299","L","Lantor","S-Tom@Lantorinc.Com","PO Box 191","Bellingham","MA","02019","NULL","5089661311","229998","Textile Goods Nec (Manufacturers)","NULL","0","0"
"Sycamore Networks Inc","9782502900","220 Mill Rd","Chelmsford","44547000","Daniel E Smith","CEO","Mal","175415","S","Sycamore Networks Inc","media.info@sycamorenet.com","220 Mill Rd","Chelmsford","MA","01824","9782563434","9782502900","366102","Telephone Equipment & Systems-Mfrs","www.sycamorenetworks.com","0","0"
"Health Enterprises Industries","5086950727","90 George Leven Dr","North Attleboro","34825000","Arthur Leman","CEO","Mal","176886","H","Health Enterprises Industries","bleonard@healthenterprises.com","90 George Leven Dr","North Attleboro","MA","02760","5086953061","5086950727","512203","Pharmaceutical Products-Wholesale","www.healthenterprises.com","0","0"
"Giant RV World","5088243338","1110 New State Hwy","Raynham","33450000","Bob Barboza","Owner","Mal","181346","G","Giant RV World","BBarboza@giantrvworld.com","1110 New State Hwy","Raynham","MA","02767","5088241313","5088243338","556103","Recreational Vehicles","NULL","0","0"
"Omniglow Corp","4137398252","96 Windsor St","West Springfield","27100000","Fred Kaplan","Owner","Mal","181362","O","Omniglow Corp","ktreeger@omniglow.com","96 Windsor St","West Springfield","MA","01089","4137378636","4137398252","364101","Lamp Bulbs-Manufacturers","NULL","0","0"
"Sencorp Systems Inc","5087719400","400 Kidds Hill Rd","Hyannis","26130000","Brian Urban","President","Mal","181742","S","Sencorp Systems Inc","pbrown@sencorp-inc.com","400 Kidds Hill Rd","Hyannis","MA","02601","5087900002","5087719400","356502","Packaging Machinery-Manufacturers","NULL","0","0"
"Revere Copper Products Inc","5089995601","24 N Front St","New Bedford","47300000","John Smith","Plant Mgr","Mal","183430","R","Revere Copper Products Inc","rarras@reverecopper.com","24 N Front St","New Bedford","MA","02740","5089912115","5089995601","335198","Rolling Drawing/Extruding-Copper (Mfrs)","www.revereplate.com","0","0"
"Modern Dispersions","9785343370","22 Marguerite Ave","Leominster","26600000","Janos Kozma","Owner","Mal","184511","M","Modern Dispersions","JanosK@moderndispersions.com","22 Marguerite Ave","Leominster","MA","01453","9785376065","9785343370","282103","Plastics-Manufacturers","NULL","0","0"
"Alcoa Fastening Systems","7813444464","44 Campanelli Pkwy","Stoughton","30000000","Alan Ritchie","CEO","Mal","185772","A","Alcoa Fastening Systems","A_R@marsoncorp.com","44 Campanelli Pkwy","Stoughton","MA","02072","NULL","7813444464","345298","Bolts Nuts Screws Rivets/Washers (Mfrs)","NULL","0","0"
"Dunn & Co","9783687238","75 Green St","Clinton","34230000","Pete Heelan","President","Mal","186616","D","Dunn & Co","Ann.Martineau@booktrauma.com","75 Green St","Clinton","MA","01510","9783687867","9783687238","273198","Books-Publishing & Printing","NULL","0","2"
"Entwistle Co","5084814000","6 Bigelow St","Hudson","36700000","Herbert I Corkin","CEO","Mal","187880","E","Entwistle Co","jfield@entwistleco.com","6 Bigelow St","Hudson","MA","01749","5084814004","5084814000","354901","Wire & Cable Machinery-Manufacturers","www.entwistleco.com","0","0"
"William A Berry & Son","9787741057","100 Conifer Hill Dr","Danvers","25200000","John Kavanagh","President","Mal","189500","W","William A Berry & Son","J_Kavanagh@waberry.com","100 Conifer Hill Dr","Danvers","MA","01923","9787778217","9787741057","874104","Construction Management","NULL","0","0"
"Randolph Paper","5088289500","45 Independence Dr","Taunton","27198000","Mark Lappen","President","Mal","189610","R","Randolph Paper","LappenMark@rpcpackaging.com","45 Independence Dr","Taunton","MA","02780","5088289600","5088289500","511101","Paper Products (Wholesale)","NULL","0","0"
"Barry Controls","6177871555","40 Guest St","Brighton","41100000","Daniel Yurovach","President","Mal","190928","B","Barry Controls","Yurovach-Daniel@bodi.com","PO Box 9105","Brighton","MA","02135","6172547381","6177871555","349903","Metal Goods-Manufacturers","NULL","0","0"
"Zoar Outdoor","4133394010","7 Main St","Charlemont","33200000","Karen Blom","Owner","Fem","191818","Z","Zoar Outdoor","Karen@zoaroutdoor.com","PO Box 245","Charlemont","MA","01339","4133378436","4133394010","555111","Rafts-Dealers","NULL","0","0"
"WGGB","4137319442","1300 Liberty St","Springfield","35392000","Kevin Le Roux","President","Mal","192260","W","WGGB","assignmentdesk@wggb.com","1300 Liberty St","Springfield","MA","01104","4137887640","4137319442","483301","Television Stations & Broadcasting CO","www.wggb.com","0","0"
"Global Insite Inc","7818635105","24 Hartwell Ave","Lexington","30900000","Walter Arvin","Manager","Mal","192549","G","Global Insite Inc","todd.eisner@globalinsight.com","24 Hartwell Ave","Lexington","MA","02421","6104902770","7818635105","873202","Economic Research & Analysis","www.globalinsight.com","0","0"
"Danafilms Inc","5083668884","5 Otis St","Westborough","25000000","Sherman V Olson","President","Mal","193016","D","Danafilms Inc","ehanbury@danafilms.com","PO Box 624","Westborough","MA","01581","5088980106","5083668884","308902","Plastics & Plastic Products (Mfrs)","NULL","0","0"
"Hazen Paper Co","4135388204","240 S Water St","Holyoke","47400000","John Hazen","President","Mal","193858","H","Hazen Paper Co","papers@hazen.com","240 S Water St","Holyoke","MA","01040","4135331420","4135388204","261101","Paper Converters (Manufacturers)","www.hazen.com","0","0"
"North American Site Developers","6172543140","218 Lincoln St","Allston","40000000","Chris Berardi","President","Mal","194619","N","North American Site Developers","Chris.Berardi@gldd.com","PO Box 326","Allston","MA","02134","6172543069","6172543140","179502","Demolition Contractors","NULL","0","0"
"Industrial Polymers & Chemical","5088456112","508 Boston Tpke","Shrewsbury","25280000","Susan Dacey","President","Fem","195378","I","Industrial Polymers & Chemical","S-D@dupont.com","508 Boston Tpke","Shrewsbury","MA","01545","5088429314","5088456112","503305","Fiber Glass Materials (Wholesale)","NULL","0","0"
"Orchard Foods","7819358400","70 Olympia Ave","Woburn","33700000","Steven A Rothstein","President","Mal","197244","O","Orchard Foods","Rothstein@orchard-foods.com","70 Olympia Ave","Woburn","MA","01801","7819323917","7819358400","203302","Canning (Manufacturers)","NULL","0","0"
"Upromise","7817078400","117 Kendrick St # 200","Needham Heights","34000000","Thomas Anderson","CEO","Mal","198780","U","Upromise","AndersonT@uponor.com","117 Kendrick St # 200","Needham Heights","MA","02494","7817078401","7817078400","874214","Marketing Consultants","NULL","0","0"
"Hardigg Industries Inc","4136652163","147 N Main St","South Deerfield","38000000","James S Hardigg","CEO","Mal","199441","H","Hardigg Industries Inc","gail@hardiggeurope.com","PO Box 201","South Deerfield","MA","01373","4136654801","4136652163","308901","Mold Makers","NULL","0","0"
"Classic Elite Yarns","9784532837","122 Western Ave","Lowell","28720000","Pat Chew","Owner","Fem","200280","C","Classic Elite Yarns","Chew@classicelite.com","122 Western Ave","Lowell","MA","01851","9784523085","9784532837","519940","Yarn-Wholesale","NULL","0","0"
"Masters Of Design","5086950201","81 John L Dietsch Blvd","North Attleboro","25500000","Marc Forbes","President","Mal","200460","M","Masters Of Design","Robert.Bourbeau@rahul.net","PO Box 2719","Attleboro Falls","MA","02763","5086995996","508-695-0201","3911","Jewelry","Precious Metal","0","0"
"Brookline Public Works Dept","6177302156","333 Washington St","Brookline","43475000","A Thomas De Maio","Manager","Mal","200709","B","Brookline Public Works Dept","betsy@betsydewitt.com","333 Washington St","Brookline","MA","02445","6177302258","6177302156","161104","Parking Area/Lots Maintenance & Marking","www.townofbrooklinemass.com","0","0"
"Action Automation & Controls","5086997411","10 Larsen Way","North Attleboro","46060000","Robert Pompei","Owner","Mal","201998","A","Action Automation & Controls","shirleyp@actionauto.com","10 Larsen Way","North Attleboro","MA","02763","5086992060","5086997411","506328","Controls Control Systs/Regulators (Whol)","www.actionauto.com","0","0"
"Trubilt Truck Body Co Inc","5084730340","105 Highland St","Milford","29600000","Richard E Wellman","President","Mal","202706","T","Trubilt Truck Body Co Inc","shop@jillybeansbaby.com","105 Highland St","Milford","MA","01757","5084730340","5084730340","501213","Truck Bodies & Equipment (Wholesale)","www.trubiltvans.com","0","0"
"Kirwan Surgical Products Inc","7818346600","180 Enterprise Dr","Marshfield","33600000","Jean Kirwan","Owner","Fem","203680","K","Kirwan Surgical Products Inc","jean.kirwan@kirwans.com","PO Box 427","Marshfield","MA","02050","7818340022","7818346600","384104","Physicians & Surgeons Equip & Supls-Mfrs","NULL","0","0"
"Dole & Bailey Inc","7819351234","16 Conn St","Woburn","48000000","Nancy Matheson-Burns","CEO","Fem","204646","D","Dole & Bailey Inc","rick@doleandbailey.com","16 Conn St","Woburn","MA","01801","7819359085","7819351234","514939","Food Service-Distributors","NULL","0","0"
"Circles","6176226200","300 Congress St # 6","Boston","42500000","Janet Kraus","CEO","Fem","204728","C","Circles","Janet@circles.com","300 Congress St # 6","Boston","MA","02210","6176226220","6176226200","874214","Marketing Consultants","NULL","0","0"
"D T Packaging Systems","9785378534","7 New Lancaster Rd","Leominster","27537000","Dave Fischer","President","Mal","205473","D","D T Packaging Systems","D_Fischer@dtindustries.com","7 New Lancaster Rd","Leominster","MA","01453","9788400730","9785378534","356502","Packaging Machinery-Manufacturers","NULL","0","0"
"American International Chmcl","5086511133","17 Strathmore Rd","Natick","33040000","","","","205975","A","American International Chmcl","cp@aicma.com","17 Strathmore Rd","Natick","MA","01760","5086550927","5086511133","509905","Importers","www.aicma.com","0","0"
"Delta Dental Plan","6178861000","465 Medford St","Charlestown","40544000","Fay Donahue","CEO","Fem","206098","D","Delta Dental Plan","bhunter@deltamass.com","465 Medford St","Charlestown","MA","02129","6178861199","6178861000","809903","Dentists Service Organizations","NULL","0","2"
"Tiax","6174985000","15 Acorn Park","Cambridge","34000000","Keenan Sahin","Owner","Mal","206664","T","Tiax","collins.j@tiaxllc.com","15 Acorn Park","Cambridge","MA","02140","6174987200","6174985000","874213","Marketing Programs & Services","www.tiaxllc.com","0","0"
"Bunzl Distribution Inc","5088356021","180 Shrewsbury St","West Boylston","30340000","Jim Coway","Plant Mgr","Mal","208266","B","Bunzl Distribution Inc","donna.robinson@bunzlusa.com","180 Shrewsbury St","West Boylston","MA","01583","9548859488","5088356021","308902","Plastics & Plastic Products (Mfrs)","www.bunzldistribution.com","0","0"
"Hotwatt Inc","9787770070","128 Maple St","Danvers","44800000","William Lee","CEO","Mal","208289","H","Hotwatt Inc","bob@buschelectronics.com","128 Maple St","Danvers","MA","01923","9787742409","9787770070","367901","Electronic Equipment & Supplies-Mfrs","www.hotwatt.com","0","0"
"Harbor Sweets","9787457648","85 Leavitt St","Salem","48700000","Phyllis Le Blanc","Owner","Fem","209844","H","Harbor Sweets","corporate@harborsweets.com","85 Leavitt St","Salem","MA","01970","9787417811","9787457648","206601","Chocolate & Cocoa-Manufacturers","www.harborsweets.com","0","0"
"Labor Express","5086792110","281 Bedford St","Fall River","30000000","Ronald Turcotte","President","Mal","209851","L","Labor Express","Ronald.Turcotte@laborexpress.com","281 Bedford St","Fall River","MA","02720","5086796622","5086792110","736304","Employment Contractors-Temporary Help","NULL","0","0"
"Fibertec Inc","5086975100","35 Scotland Blvd","Bridgewater","33425000","Joseph Aten","President","Mal","211842","F","Fibertec Inc","smatthews@fibertecinc.com","35 Scotland Blvd","Bridgewater","MA","02324","5086977140","5086975100","282102","Fiber Glass Products-Manufacturers","www.fibertecinc.com","0","0"
"Alperts Furniture Warehouse","5083366400","100 Highland Ave","Seekonk","27000000","Hershel Alpert","President","Mal","212165","A","Alperts Furniture Warehouse","mark@alperts.com","100 Highland Ave","Seekonk","MA","02771","5083363325","5083366400","571216","Furniture-Dealers-Retail","www.alperts.com","0","0"
"Arthur Blank & Co","6173259600","225 Rivermoor St","West Roxbury","32800000","Stuart Blank","President","Mal","212450","A","Arthur Blank & Co","apurcell@abco.com","225 Rivermoor St","West Roxbury","MA","02132","6173271235","6173259600","308902","Plastics & Plastic Products (Mfrs)","www.arthurblank.com","0","0"
"Metropolitan Telephone","5086683200","777 Providence Hwy","Walpole","40400000","","","","213592","M","Metropolitan Telephone","richardg@spiritwolfx.com","777 Providence Hwy","Walpole","MA","02081","4102358382","5086683200","506511","Telephone Equip/Systs-Supls/Parts (Whol)","www.pricemodern.com","0","0"
"American Building Maintenance","6173076284","383 Dorchester Ave # 2","South Boston","37200000","Jay Halloran","Manager","Mal","214295","A","American Building Maintenance","margaret.gan-garrison@carrier.utc.com","383 Dorchester Ave # 2","South Boston","MA","02127","5123023988","6173076284","734902","Janitor Service","www.abm.com","0","0"
"BAX Global Inc","6175695010","290 William F Mcclellan Hwy","East Boston","25760000","Fred Mackay","Manager","Mal","214752","B","BAX Global Inc","mconnell@baxglobal.com","290 William F Mcclellan Hwy","East Boston","MA","02128","9157788232","6175695010","451202","Air Cargo Service","www.baxglobal.com","0","0"
"Borden & Remington Corp","5086750096","106 Ferry St","Fall River","25842000","William Greenan","Manager","Mal","215665","B","Borden & Remington Corp","jholthaus@boremco.com","106 Ferry St","Fall River","MA","02721","5086725670","5086750096","289198","Adhesives & Sealants (Manufacturers)","www.boremco.com","0","0"
"Great Eastern Seafood","6174289400","6 Fish Pier St W # 14","Boston","28215000","Robert Brandano","Owner","Mal","216891","G","Great Eastern Seafood","Robert.Brandano@greateasternsfd.com","6 Fish Pier St W # 14","Boston","MA","02210","6174284530","6174289400","514601","Seafood-Wholesale","NULL","0","0"
"Merrill Lynch Pierce Fenner","7812377900","45 William St # 100","Wellesley","49800000","Charles Carson","Manager","Mal","217986","M","Merrill Lynch Pierce Fenner","jessica_oppenheim@ml.com","45 William St # 100","Wellesley","MA","02481","2814901608","7812377900","628205","Financial Planning Consultants","www.ml.com","0","0"
"Alcatel Vacuum Products","7813314280","67 Sharp St","Hingham","33000000","Patrick Byrnes","President","Mal","218838","A","Alcatel Vacuum Products","john.higgins@avp.aclcatel.com","67 Sharp St","Hingham","MA","02043","7813314230","7813314280","508744","Vacuum Equipment & Systems (Wholesale)","NULL","0","0"
"Sprague Energy","6178470993","728 Southern Artery","Quincy","33540000","Steven Cipullo","Manager","Mal","219223","S","Sprague Energy","tkeaveney@spragueenergy.com","728 Southern Artery","Quincy","MA","02169","2075486592","6178470993","517206","Oils-Fuel (Wholesale)","www.spragueenergy.com","0","0"
"Simpson Gumpertz & Heger Inc","7819079000","41 Seyon St # 500","Waltham","26860000","Glenn Bell","CEO","Mal","219731","S","Simpson Gumpertz & Heger Inc","secoyle@sgh.com","41 Seyon St # 500","Waltham","MA","02453","4154953550","7819079000","871137","Engineers-Structural","www.sgh.com","0","0"
"Pixley Richards Inc","5087466082","32 Aldrin Rd","Plymouth","27500000","Peter Arentzen","President","Mal","219951","P","Pixley Richards Inc","lduquette@pixley.com","32 Aldrin Rd","Plymouth","MA","02360","5087469317","5087466082","367901","Electronic Equipment & Supplies-Mfrs","www.pixley.com","0","0"
"Gillette Stadium","5085430350","1 Patriot Pl","Foxboro","25900000","Robert Kraft","Owner","Mal","220008","G","Gillette Stadium","fredkirsch@patriots.com","1 Patriot Pl","Foxboro","MA","02035","5085431409","5085430350","794104","Stadiums Arenas & Athletic Fields","www.patriots.com","0","0"
"Metal Bellows Div","7817841400","1075 Providence Hwy","Sharon","37170000","Peter Fontecchio","President","Mal","220229","M","Metal Bellows Div","FPeter@metalbellows.com","1075 Providence Hwy","Sharon","MA","02067","7817841405","7817841400","382103","Laboratory Furniture (Manufacturers)","NULL","0","0"
"Boston Retail","7813957417","400 Riverside Ave","Medford","25200000","Richard Paolino","CEO","Mal","220515","B","Boston Retail","RichardPaolino@bostonretail.com","400 Riverside Ave","Medford","MA","02155","7813950155","7813957417","254201","Office & Store Fixtures-Ex Wood (Mfrs)","NULL","0","0"
"Tannin Corp","9785324010","65 Walnut St","Peabody","30208000","Thomas W Thompson","President","Mal","220724","T","Tannin Corp","paul.deprimio@tannincorp.com","65 Walnut St","Peabody","MA","01960","9785325536","9785324010","509905","Importers","NULL","0","0"
"AMICAS Inc","6177797878","20 Guest St # 200","Brighton","42319000","Stephen N Kahane","CEO","Mal","221166","A","AMICAS Inc","wburns@amicas.com","20 Guest St # 200","Brighton","MA","02135","NULL","6177797878","384104","Physicians & Surgeons Equip & Supls-Mfrs","NULL","0","0"
"Yankee Group","6179565000","31 Saint James Ave # 11","Boston","43000000","Verge Ayvazian","CEO","Mal","223122","Y","Yankee Group","Verge-Ayvazian@yankeegroup.com","31 Saint James Ave # 11","Boston","MA","02116","6179565005","6179565000","873204","Market Research & Analysis","NULL","0","0"
"Newman Associates","7813294000","80 Hudson Rd # 200","Canton","31080000","Henry Newman","Owner","Mal","224115","N","Newman Associates","N_Henry@newmanassoc.com","80 Hudson Rd # 200","Canton","MA","02021","7813264757","7813294000","507205","Fasteners-Industrial (Wholesale)","NULL","0","0"
"Overlook Industries Inc","4135274344","116 Pleasant St","Easthampton","46256000","John Morin","President","Mal","226507","O","Overlook Industries Inc","sdkuhn@overlookindustries.com","116 Pleasant St","Easthampton","MA","01027","4135274844","4135274344","509908","Manufacturers-Agents & Representatives","www.overlookindustries.com","0","0"
"Autoroll Print Technology","9787772160","11 River St","Middleton","30000000","Donna Cannatelli","Owner","Fem","226561","A","Autoroll Print Technology","joe_shairs@autoroll.com","11 River St","Middleton","MA","01949","9787777940","9787772160","355502","Printing Equipment-Manufacturers","www.autoroll.net","0","0"
"Coghlin Electrical Contractors","5087930300","100 Prescott St","Worcester","26400000","Ted Coghlin","Owner","Mal","228419","C","Coghlin Electrical Contractors","missupport@coghlin.com","100 Prescott St","Worcester","MA","01605","5087930303","5087930300","173101","Electric Contractors","www.coghlin.com","0","2"
"Berkshire Corp","4135282602","21 River St","Great Barrington","39600000","","","","228887","B","Berkshire Corp","usa@berkshire.com","21 River St","Great Barrington","MA","01230","4135282614","4135282602","267602","Sanitary Paper Products (Manufacturers)","www.berkshire.com","0","0"
"Cyber Communications","7816471010","45 Rumford Ave","Waltham","40400000","Robert Salvatore","Owner","Mal","229448","C","Cyber Communications","Salvatore@cybercomm.cc","45 Rumford Ave","Waltham","MA","02453","7816475943","7816471010","506504","Radio Communication Equip & Systems-Whol","NULL","0","0"
"New England Detroit Diesel","7812461810","90 Bay State Rd","Wakefield","46240000","Jeffrey Manning","President","Mal","229876","N","New England Detroit Diesel","Jeffrey.Manning@nedda.com","90 Bay State Rd","Wakefield","MA","01880","7812461218","7812461810","508414","Engines-Diesel (Wholesale)","NULL","0","0"
"Linkage Inc","7818623157","16 New England Executive Park","Burlington","29250000","Phillip Harkins","President","Mal","230782","L","Linkage Inc","linkandlearn@linkageinc.com","16 New England Executive Park","Burlington","MA","01803","7818622355","7818623157","874825","Educational Consultants","www.linkage-inc.com","0","2"
"John A Penney & Co","6175477744","270 Sidney St","Cambridge","39600000","John Penney","CEO","Mal","230912","J","John A Penney & Co","jciampa@johnpenney.com","270 Sidney St","Cambridge","MA","02139","6175474332","6175477744","173101","Electric Contractors","NULL","0","2"
"New England Cable News","6176305000","160 Wells Ave","Newton","45820000","Phillip S Balboni","President","Mal","231302","N","New England Cable News","David.Lawson@necn.com","160 Wells Ave","Newton","MA","02459","6176305057","6176305000","483301","Television Stations & Broadcasting CO","NULL","0","0"
"Ecological Fibers Inc","9785370003","40 Pioneer Dr","Lunenburg","28600000","Stephen Quill","President","Mal","233124","E","Ecological Fibers Inc","jmoss@ecofibers.com","40 Pioneer Dr","Lunenburg","MA","01462","9785372238","9785370003","267298","Coated & Laminated Paper Nec (Mfrs)","NULL","0","0"
"Malden International Designs","5082911104","20 Kendrick Rd","Wareham","25000000","John Aucello","President","Mal","233298","M","Malden International Designs","John.Aucello@Malden.Com","20 Kendrick Rd","Wareham","MA","02571","5082959633","508-291-1104","3444","Sheet Metal Work (stamped metal skylights)","NULL","0","0"
"Lynn Plastics Corp","7815985900","92 Brookline St","Lynn","36700000","Bruce Petersen","Owner","Mal","233548","L","Lynn Plastics Corp","sidney.goldstein@lynnplastics.com","92 Brookline St","Lynn","MA","01902","7815988944","7815985900","308798","Custom Compounding-Purchased Resin (Mfr)","NULL","0","0"
"Chemineer Inc","9786870101","125 Flagship Dr","North Andover","26640000","","","","233714","C","Chemineer Inc","c.tan@chemineer.com","125 Flagship Dr","North Andover","MA","01845","9374543230","9786870101","508225","Mixing & Agitation Machinery (Wholesale)","www.chemineer.com","0","0"
"Surveillance Specialties","9786884444","600 Research Dr","Wilmington","32320000","Arthur Bourque","Owner","Mal","233808","S","Surveillance Specialties","Arthur-Bourque@eyespy4u.com","600 Research Dr","Wilmington","MA","01887","9786889119","9786884444","506515","Television Systs/Eqpt-Clsd Crct (Whol)","NULL","0","0"
"Russ Electric Inc","7817496000","99 Industrial Park Rd","Hingham","48800000","George A Whittaker","CEO","Mal","234257","R","Russ Electric Inc","jstark@russelectric.com","99 Industrial Park Rd","Hingham","MA","02043","7817494205","7817496000","361398","Switchgear/Switchboard Apparatus (Mfrs)","www.russelectric.com","0","0"
"Eddington Thread Mfg Co","5087577468","93 Grand St","Worcester","37290000","Sorin Gatej","Plant Mgr","","234688","E","Eddington Thread Mfg Co","mary@edthread.com","93 Grand St","Worcester","MA","01610","5087577477","5087577468","513107","Thread (Wholesale)","www.eddingtonthread.com","0","0"
"Merrimack Pharmaceuticals","6174910771","101 Binney St","Cambridge","41790000","Robert Mulroy","Owner","Mal","235554","M","Merrimack Pharmaceuticals","M.Robert@merrimackpharma.com","101 Binney St","Cambridge","MA","02142","6174911386","6174910771","512203","Pharmaceutical Products-Wholesale","NULL","0","0"
"EMJ","5084356854","59 South St","Hopkinton","36645000","Jim Hoffman","Manager","Mal","236918","E","EMJ","comments@emjmetals.com","59 South St","Hopkinton","MA","01748","6022781007","5084356854","505106","Steel-Distributors & Warehouses","www.emjmetals.com","0","0"
"Butcher Co","5084815700","67 Forest St # 1","Marlborough","40000000","","","","237211","B","Butcher Co","irina.klemps@johnsondiversey.com","67 Forest St # 1","Marlborough","MA","01752","5084859998","5084815700","284298","Specialty Clng Plshng/Sanitation (Mfr)","www.butchers.com","0","0"
"BOC Gases","5086686300","15 Colony Dr","Walpole","40248000","Jim Harris","Manager","Mal","238207","B","BOC Gases","qryman@boc.com","15 Colony Dr","Walpole","MA","02081","3606963975","5086686300","517208","Gas-Liquefied Petro-Bttld/Bulk (Whol)","www.bocgases.com","0","0"
"Energy North Inc","9786649567","315 Main St","North Reading","33540000","Ken Black","President","Mal","238821","E","Energy North Inc","smadkour@energynorthgroup.com","315 Main St","North Reading","MA","01864","9786646815","9786649567","517210","Gasoline & Oil-Wholesale","www.energytogo.com","0","0"
"One Stop Business Ctr Inc","7812724560","21 Ray Ave","Burlington","33300000","Randy Gould","CEO","Mal","238908","O","One Stop Business Ctr Inc","gerrym@osbc.net","21 Ray Ave","Burlington","MA","01803","7812723416","7812724560","504403","Copying & Duplicating Machines & Supls","www.osbc.net","0","0"
"Rizzo Associates Inc","5089032000","1 Grant St","Framingham","25000000","Bill Rizzo","CEO","Mal","238917","R","Rizzo Associates Inc","jadams@rizzo.com","1 Grant St","Framingham","MA","01702","5089032001","5089032000","871120","Engineers-Environmental","www.rizzo.com","0","0"
"Tool Mex Corp Tool Div","5086538897","1075 Worcester Rd","Natick","31400000","Arkadiusz Kielb","President","Mal","238992","T","Tool Mex Corp Tool Div","tools@toolmex.com","1075 Worcester Rd","Natick","MA","01760","8569109480","5086538897","507213","Tools (Wholesale)","www.toolmex.com","0","0"
"Praxair Inc","9788513506","1685 Shawsheen St","Tewksbury","30186000","Dave Hoffman","Manager","Mal","239842","P","Praxair Inc","gary_gillum@praxair.com","1685 Shawsheen St","Tewksbury","MA","01876","6613273669","9788513506","517205","Gas-Indstrl/Med-Cylinder & Bulk (Whol)","www.praxair.com","0","0"
"Dynasty International Inc","6175695969","365 Chelsea St","East Boston","28320000","John D Fitzpatrick","Owner","Mal","242183","D","Dynasty International Inc","caralyn@dynastybos.com","365 Chelsea St","East Boston","MA","02128","6175699052","6175695969","509905","Importers","www.dynastybos.com","0","0"
"Avery Dennison Corp","5088790511","1 Clarks Hl","Framingham","46475000","Phillip Neal","President","Mal","242363","A","Avery Dennison Corp","communications@averydennison.com","1 Clarks Hl","Framingham","MA","01702","9783458157","5088790511","275910","Labels (Manufacturers)","www.fastener.averydennison.com","0","0"
"Horizon House Publication","7817699750","685 Canton St","Norwood","39120000","William Bazzy","Owner","Mal","242440","H","Horizon House Publication","csheffres@mwjournal.com","685 Canton St","Norwood","MA","02062","7817629230","7817699750","273101","Publishers-Book","www.horizonhouse.com","0","0"
"Simplex Grinnell","7818285310","63 Nahatan St","Norwood","37800000","Rich Howard","Manager","Mal","242487","S","Simplex Grinnell","simplex@omegascoreboard.com","63 Nahatan St","Norwood","MA","02062","5015654944","7818285310","355909","Special Industry Machinery Nec (Mfrs)","www.simplexgrinnell.com","0","0"
"Roma Color Inc","5086763481","749 Quequechan St","Fall River","42400000","","","","243294","R","Roma Color Inc","ygcorp@chollian.net","749 Quequechan St","Fall River","MA","02721","5086769011","5086763481","286598","Cyclic Organic Crudes/Dyes/Pgmnts (Mfrs)","www.romacolor.com","0","0"
"Barker Steel Co Inc","5084738484","55 Sumner St","Milford","29500000","William Brack","CEO","Mal","243601","B","Barker Steel Co Inc","cabell@barker.com","55 Sumner St","Milford","MA","01757","5084738512","5084738484","344998","Structural Metal Work-Misc (Mfrs)","www.barker.com","0","0"
"Fiske Associates","7813205656","2 Technology Way","Norwood","26600000","John Coughlin","President","Mal","243665","F","Fiske Associates","fiskeinfo@aicompanies.com","2 Technology Way","Norwood","MA","02062","7813208181","7813205656","384104","Physicians & Surgeons Equip & Supls-Mfrs","www.aicompanies.com","0","0"
"Computer Associates Intl Inc","5084604646","600 Nickerson Rd","Marlborough","37680000","John A Blaeser","CEO","Mal","244717","C","Computer Associates Intl Inc","snehama@nortel.com","600 Nickerson Rd","Marlborough","MA","01752","9256039440","5084604646","737109","Information Technology Services","www.concord.com","0","0"
"Lund International","9785624444","571 Main St","Hudson","25000000","John Schwanbeck","President","Mal","245499","L","Lund International","piper.info@lundonline.com","571 Main St","Hudson","MA","01749","9785624449","9785624444","342501","Blades (Manufacturers)","www.lundonline.com","0","0"
"IBC USA Conferences","5086165550","1 Research Dr # 400a","Westborough","25500000","Kirstie Miller","President","Fem","245528","I","IBC USA Conferences","kwame.wallace@ibc-group.com","1 Research Dr # 400a","Westborough","MA","01581","5086165533","5086165550","999977","Nonclassified Establishments","www.ibcusa.com","0","0"
"Color Kinetics Inc","6174239999","10 Milk St # 1100","Boston","40150000","George G Mueller","CEO","Mal","245922","C","Color Kinetics Inc","pkallmes@colorkinetics.com","10 Milk St # 1100","Boston","MA","02108","6174239999","6174239999","364501","Lighting Equipment-Manufacturers","www.colorkinetics.net","0","0"
"Geriatric Medical & Surgical","6173875936","404 3rd St","Everett","41860000","Arthur Siegal","President","Mal","246144","G","Geriatric Medical & Surgical","SiegalArthur@geriatricmedical.com","404 3rd St","Everett","MA","02149","6173891527","6173875936","504704","Physicians & Surgeons Equip & Supls-Whol","NULL","0","0"
"Cavicchio Greenhouses Inc","9784437177","110 Codjer Ln","Sudbury","43800000","Paul Cavicchio","Owner","Mal","246278","C","Cavicchio Greenhouses Inc","claudia@cavicchio.com","110 Codjer Ln","Sudbury","MA","01776","9784435440","9784437177","519304","Florists-Wholesale","www.cavicchio.com","0","0"
"Semi Conductor Processing Co","6173459936","12 Channel St # 702","Boston","30780000","Nick Sink","Owner","Mal","246687","S","Semi Conductor Processing Co","nick.sink@umicore.com","12 Channel St # 702","Boston","MA","02210","6173459271","6173459936","367401","Semiconductor Devices (Manufacturers)","NULL","0","0"
"Cabot Coach Builder Inc","9783744530","99 Newark St","Haverhill","45600000","Cabot Smith","President","Mal","246699","C","Cabot Coach Builder Inc","steve@royalelimo.com","99 Newark St","Haverhill","MA","01832","9785215425","9783744530","371102","Automobile-Manufacturers","www.royalelimo.com","0","0"
"Interstate Container","9784584555","240 Industrial Ave E","Lowell","37380000","Henry Faria","Plant Mgr","Mal","246714","I","Interstate Container","mbanks@unitedcorrstack.com","240 Industrial Ave E","Lowell","MA","01852","9784584475","9784584555","265301","Corrugated & Solid Fiber Boxes (Mfrs)","www.iclowell.com","0","0"
"Central Automotive Warehouse","6172540414","10 Braintree St","Allston","27776000","Irwin Young","Owner","Mal","246820","C","Central Automotive Warehouse","iyoung@jackyoungco.com","10 Braintree St","Allston","MA","02134","6172545374","6172540414","501313","Automobile Parts & Supplies-Wholesale","NULL","0","0"
"Modu Form","9783457942","172 Industrial Rd","Fitchburg","27700000","William L Weissman","President","Mal","247469","M","Modu Form","furniture@moduform.com","172 Industrial Rd","Fitchburg","MA","01420","9783450188","9783457942","253198","Public Building/Related Furniture (Mfrs)","www.moduform.com","0","0"
"Arrow International Inc","6173896400","9 Plymouth St","Everett","29120000","Donald Kirkpatrick","Plant Mgr","Mal","247662","A","Arrow International Inc","arrow.iberia@arrowintl-europe.com","9 Plymouth St","Everett","MA","02149","6173872157","6173896400","384104","Physicians & Surgeons Equip & Supls-Mfrs","www.arrowintl.com","0","0"
"Boyd Converting Co","4132432200","501 Pleasant St","South Lee","41440000","Bronly S Boyd","President","Mal","247939","B","Boyd Converting Co","bbboyd@boydconverting.com","501 Pleasant St","South Lee","MA","01260","4132434460","4132432200","261101","Paper Converters (Manufacturers)","www.boydconverting.com","0","0"
"Frank I Rounds Co","7819636440","65 York Ave","Randolph","29820000","Lee Ehrenzeller","President","Mal","247979","F","Frank I Rounds Co","leee@frounds.com","65 York Ave","Randolph","MA","02368","7819632067","7819636440","507420","Boilers-New & Used (Wholesale)","NULL","0","0"
"IQF Custom Packing Inc","5086460400","140 Waldron Rd","Fall River","42360000","Russell Young","Owner","Mal","248079","I","IQF Custom Packing Inc","russell.young@iqfcustompacking.com","140 Waldron Rd","Fall River","MA","02720","5086460405","5086460400","514201","Frozen Foods-Wholesale","NULL","0","0"
"Nichols & Stone Co","9786322770","232 Sherman St","Gardner","41800000","Carlton Nichols Jr","President","Mal","248623","N","Nichols & Stone Co","college@nicholsandstone.com","232 Sherman St","Gardner","MA","01440","9786322623","9786322770","259901","Furniture-Manufacturers","www.nicholsandstone.com","0","0"
"Crown Linen Svc","6172695310","39 Damrell St","South Boston","27680000","Chris Spilios","Owner","Mal","249691","C","Crown Linen Svc","lflanders@crownuniform.com","39 Damrell St","South Boston","MA","02127","6172695314","6172695310","508724","Janitors Equipment/Supplies (Wholesale)","www.crownuniform.com","0","0"
"Fortifiber Corp","5082223500","55 Starkey Ave","Attleboro","29400000","Steve Fisk","Plant Mgr","Mal","250316","F","Fortifiber Corp","buildingproducts@fortifiber.com","55 Starkey Ave","Attleboro","MA","02703","7755754995","5082223500","267298","Coated & Laminated Paper Nec (Mfrs)","www.fortifiber.com","0","0"
"Advance Reproductions Corp","9786852911","100 Flagship Dr","North Andover","32775000","Tom Nigrelli","President","Mal","250368","A","Advance Reproductions Corp","dans@advancerepro.com","100 Flagship Dr","North Andover","MA","01845","9786851771","9786852911","386198","Photographic Equip & Supplies-Mfrs","www.advancerepro.com","0","0"
"Colpitts World Travel","7813267800","875 Providence Hwy","Dedham","35000000","","","","251418","C","Colpitts World Travel","students@colpittswt.com","875 Providence Hwy","Dedham","MA","02026","7813262921","7813267800","472402","Travel Agencies & Bureaus","www.colpittsworldtravel.com","0","0"
"T F Kinnealey & Co","6174421200","1000 Massachusetts Ave","Boston","25000000","John Kinnealey","President","Mal","251834","T","T F Kinnealey & Co","kevinr@kinnealey.com","1000 Massachusetts Ave","Boston","MA","02118","6179330257","6174421200","514704","Meat-Wholesale","www.kinnealey.com","0","0"
"Twin Rivers Technologies Inc","6174729200","780 Washington St","Quincy","25000000","Paul Angelico","Owner","Mal","252028","T","Twin Rivers Technologies Inc","paul.angelico@trtlp.com","780 Washington St","Quincy","MA","02169","6174725460","6174729200","289905","Chemicals-Manufacturers","www.twinriverstechnologies.com","0","0"
"Dartmouth Building Supply Inc","5089902389","958 Reed Rd","North Dartmouth","25800000","Joseph Delgado","Owner","Mal","252597","D","Dartmouth Building Supply Inc","3cmsantos@dartmouthbuildingsupply.com","958 Reed Rd","North Dartmouth","MA","02747","5089913357","5089902389","521126","Building Materials","www.dartmouthbuildingsupply.com","0","0"
"Emerson & Cummings Microwave","7819619600","28 York Ave","Randolph","26432000","Michael Carpenter","President","Mal","252804","E","Emerson & Cummings Microwave","marco@hk.eccosorb.com","28 York Ave","Randolph","MA","02368","7819612845","7819619600","509908","Manufacturers-Agents & Representatives","www.eccosorb.com","0","0"
"Fiba Leasing Co Inc","5083668361","97 Turnpike Rd","Westborough","29600000","John F Finn","President","Mal","252819","F","Fiba Leasing Co Inc","chrisadams@fibatech.com","97 Turnpike Rd","Westborough","MA","01581","5029699355","5083668361","356398","Air & Gas Compressors (Manufacturers)","www.fibatech.com","0","0"
"Assurance Technology Corp","9783698848","84 South St","Carlisle","30800000","Larue Renfroe","Owner","Mal","252835","A","Assurance Technology Corp","reinkober@assurtech.com","84 South St","Carlisle","MA","01741","9783693368","9783698848","873106","Electronic Research & Development","www.assurancetechnology.com","0","0"
"C H Powell Co","7814103200","47 Harvard St","Westwood","28320000","Peter H Powell Sr","CEO","Mal","253033","C","C H Powell Co","rwpowell@chpowell.com","47 Harvard St","Westwood","MA","02090","6307739357","7814103200","509901","Exporters","www.chpowell.com","0","0"
"Ames Safety Envelope Co","6177763360","12 Tyler St","Somerville","47900000","Kirk Ramsauer","CEO","Mal","253066","A","Ames Safety Envelope Co","kramsauer@amespage.com","12 Tyler St","Somerville","MA","02143","6176237347","6177763360","267701","Envelopes-Manufacturers","NULL","0","0"
"Cutler Associates","5087577500","43 Harvard St","Worcester","25800000","Melvin S Cutler","CEO","Mal","253220","C","Cutler Associates","gjohnson@cutlerdb.com","43 Harvard St","Worcester","MA","01609","8136378884","5087577500","871112","Engineers-Construction","www.cutlerassociatesinc.com","0","0"
"CROSSMARK","7812785000","100 Morse St # F2a","Norwood","45480000","David Kerbel","President","Mal","253657","C","CROSSMARK","tim.hauser@crossmark.com","100 Morse St # F2a","Norwood","MA","02062","5036571052","7812785000","514102","Food Brokers","www.crossmark.com","0","0"
"Boston Partners Asset Mgmt","6178328200","28 State St # 21","Boston","33200000","Desmond Heathwood","President","Mal","253781","B","Boston Partners Asset Mgmt","Heathwood-Desmond@boston-partners.com","28 State St # 21","Boston","MA","02109","6178328222","6178328200","628205","Financial Planning Consultants","NULL","0","0"
"Onset Computer Corp","5087599500","470 Macarthur Blvd","Bourne","31960000","Mark Mc Sherry","President","Mal","254074","O","Onset Computer Corp","newproducts@onsetcomp.com","470 Macarthur Blvd","Bourne","MA","02532","5087599100","5087599500","357702","Computer Peripherals (Manufacturers)","www.onsetcomp.com","0","0"
"Weston Nurseries Inc","5084353414","93 E Main St","Hopkinton","27135000","Wayne Mezitt","Owner","Mal","254940","W","Weston Nurseries Inc","ruthg@westonnurseries.com","93 E Main St","Hopkinton","MA","01748","5084353274","5084353414","526104","Garden Centers","www.westonnurseries.com","0","0"
"Bearing Enterprises Inc","6177825155","205 Brighton Ave","Allston","31152000","Steven L Katz","President","Mal","255007","B","Bearing Enterprises Inc","steven.katz@emersonbearing.com","205 Brighton Ave","Allston","MA","02134","6177820535","6177825155","509905","Importers","NULL","0","0"
"Home Made Brand Foods Inc","9784623663","2 Opportunity Way","Newburyport","41400000","Rick Walters","President","Mal","255285","H","Home Made Brand Foods Inc","rick.walters@hmbf.com","2 Opportunity Way","Newburyport","MA","01950","9784627117","9784623663","209913","Salad Products-Manufacturers","NULL","0","0"
"Bertera Automobile & Truck","4137327199","499 Riverdale St","West Springfield","25880000","Aldo Bertera","Owner","Mal","255450","B","Bertera Automobile & Truck","B_Aldo@berteralincolnmercury.com","499 Riverdale St","West Springfield","MA","01089","4137395380","4137327199","551103","Automobile Dealers-Used Cars","NULL","0","1"
"Fulfillment America","9789887576","17 Progress Rd","Billerica","30525000","John Barry","President","Mal","255461","F","Fulfillment America","JohnB@faicentral.com","17 Progress Rd","Billerica","MA","01821","9789887574","9789887576","596103","Mail Order Fulfillment Service","NULL","0","0"
"Forum Corp","6175237300","265 Franklin St # 4","Boston","48600000","E Baswell","CEO","Mal","256012","F","Forum Corp","holly.rowland@forum.com","265 Franklin St # 4","Boston","MA","02110","6173713300","6175237300","829931","Training Programs & Services","www.forum.com","0","0"
"Merrill Daniels","6173897900","40 Commercial St","Everett","43000000","Ray Goodwin","President","Mal","256089","M","Merrill Daniels","Goodwin@merrillcorp.com","40 Commercial St","Everett","MA","02149","6173895520","6173897900","275998","Commercial Printing Nec","NULL","0","0"
"Creative Office Pavilion","6179564100","1 Design Center Pl # 734","Boston","45680000","Joseph Gardner","President","Mal","256132","C","Creative Office Pavilion","kbuffo@cop-inc.com","1 Design Center Pl # 734","Boston","MA","02210","2078540326","6179564100","502112","Office Furniture & Equip-Dealers (Whol)","www.cop-inc.com","0","0"
"PHC Inc","9785362777","200 Lake St # 102","Peabody","26649000","Bruce A Shear","CEO","Mal","256459","P","PHC Inc","bweeks@pioneercounseling.com","200 Lake St # 102","Peabody","MA","01960","9785362677","9785362777","839902","Alcoholism Information & Treatment Ctrs","www.phc-inc.com","0","0"
"Lenox-Martell Inc","6174427777","89 Heath St","Jamaica Plain","41400000","James Lerner","CEO","Mal","256585","L","Lenox-Martell Inc","rfreitas@realcitysoda.com","89 Heath St","Jamaica Plain","MA","02130","6175229455","6174427777","208798","Flavoring Extracts & Syrups Nec (Mfrs)","www.lenoxmartell.com","0","0"
"Potpourri Group","5083597702","120 N Meadows Rd # 4","Medfield","48840000","Jack Rosenfeld","CEO","Mal","256972","P","Potpourri Group","fbarnes@potpourrigroup.com","120 N Meadows Rd # 4","Medfield","MA","02052","5083597215","5083597702","596102","Mail Order & Catalog Shopping","NULL","0","0"
"Comtronics Corp","6177700212","1230 Furnace Brook Pkwy","Quincy","25250000","Catherine Leonard","Owner","Fem","257075","C","Comtronics Corp","techjobs@radioshop.com","1230 Furnace Brook Pkwy","Quincy","MA","02169","6177700429","6177700212","506504","Radio Communication Equip & Systems-Whol","www.radioshop.com","0","0"
"Northern Business Machines Inc","7812722034","24 Terry Ave","Burlington","26640000","William Tracia","Owner","Mal","257246","N","Northern Business Machines Inc","johnp@nbminc.com","24 Terry Ave","Burlington","MA","01803","6036239875","7812722034","504403","Copying & Duplicating Machines & Supls","www.nbminc.com","0","0"
"Mass Envelopes Plus","6176238000","30 Cobble Hill Rd","Somerville","33180000","Steven Grossman","Owner","Mal","257311","M","Mass Envelopes Plus","Steven@massenvplus.com","PO Box 100","Somerville","MA","02143","6176238058","6176238000","267998","Converted Paper/Paperbrd Prod Nec (Mfrs)","NULL","0","0"
