mail id,company,email,address,phone,fax,sic,sic description,web,,revenue id,company,address,city,state,zip,	metro,web,phone,fax,contact,position,gender,sales,# of employee,sic,sic_descrpiton,	,,
"15391","Primary Steel","jostrofsky@primarysteel.com","20 Davidson Ln","3026524325","3026523326","331601","Steel-Bar, Sheet, Strip, Tube Etc (Mfrs)","Sheet"," Email <---> Revenue ","23352","PRIMARY STEEL","20 DAVIDSON LN","NEW CASTLE","DE","19720","New Castle","","3026523326","3026524325","BOB DEMARCO","Manager","M","7200000","32","331200","Steel Works","3","0","1"
"6441","Eastern Shore Porch & Patio","Douglas_Robert@esvinylproducts.com","PO Box 168","3024369525","3024369520","503903","Fence (Wholesale)","NULL"," Email <---> Revenue ","52215","Eastern Shore Porch & Patio","4 Mason Dr # B","Selbyville","DE","19975","Sussex","www.esvinylproducts.com","3024369520","3024369525","Robert Douglas","Owner","Mal","5400000","15","503903","Fence (Whole","3","0","1"
"587","Sign-A-Rama","Wolfensberger@signarama.com","512 Jefferic Blvd","3026781888","3026789727","399302","Signs (Manufacturers)","NULL"," Email <---> Revenue ","26303","SIGN-A-RAMA","512 JEFFERIC BLVD","DOVER","DE","19901","Kent","","3026789727","3026781888","BENJY PITMAN","Partner","M","7500000","2341","399300","Signs & Advg","3","0","1"
"11277","Opportunity Center Inc","twynn@oppctr.com","3030 Bowers St","3027628797","3027620300","738988","Packaging Service","NULL"," Email <---> Revenue ","73896","Opportunity Center Inc","3030 Bowers St","Wilmington","DE","19802","New Castle","www.oppctr.com","3027620300","3027628797","Cathie F Lloyd","CEO","Fem","9400000","100","738988","Packaging Se","3","0","1"
"5512","A-1 Rentals","T.Smiertka@a1rentals.com","718 Grantham Ln","3023260360","3023221474","422503","Storage-Household & Commercial","NULL"," Email <---> Revenue ","353","A-1 RENTALS","1009 RIVER RD","NEW CASTLE","DE","19720","New Castle","","3023221474","3023260360","TONY SMIERTKA","Owner","M","5300000","29","422503","Warehousing ","3","0","1"
"3413","Sports Car TireInc","sportscartire@home.com","1203 East 13th Street","3025718473","3029842894","7549","Automotive services","sportscartire.com"," Email <---> Revenue ","26989","SPORTS CAR TIRE","1203 E 13TH ST","WILMINGTON","DE","19802","New Castle","","3025718473","3029842894","LES TRONZO","Owner","M","5000000","28","553199","Automotive T","3","0","1"
"8588","Opportunity Center","sklair@oppctr.com","3030 Bowers St","3027620300","null","594515","Baskets","atyourservice-gifts.com"," Email <---> Revenue ","21506","OPPORTUNITY CENTER","3030 BOWERS ST","WILMINGTON","DE","19802","New Castle","","3027620300","3027628797","CATHIE F LLOYD","Executive Director","F","7600000","100","399900","Mfg Industri","3","0","1"
"17126","Back TO Basics Learning","SBeverly@backtobasicslearning.com","6 Stone Hill Rd","3024219479","3025940754","829909","Tutoring","NULL"," Email <---> Revenue ","38015","Back TO Basics Learning","6 Stone Hill Rd","Wilmington","DE","19803","New Castle","www.backtobasicslearning.com","3025940754","3024219479","Beverly Stewart","Owner","Fem","8800000","100","829909","Tutoring","3","0","1"
"10947","Remline Corp","sandra.reardon@remlinepromotions.com","456 Corporate Blvd","3023660907","3023660227","731101","Advertising-Agencies & Counselors","NULL"," Email <---> Revenue ","24427","REMLINE CORP","456 CORPORATE BLVD","NEWARK","DE","19702","New Castle","","3027377228","3023660907","SANDRA REARDON","Owner","F","6300000","25","279100","Typesetting","3","0","1"
"6160","All United Roofing","roofers@home.com","202 New Road","3024753300","3024752968","176109","Roofing Contractors","ROOFERSSTORE.COM"," Email <---> Revenue ","1224","ALL UNITED ROOFING","202 NEW RD","WILMINGTON","DE","19805","New Castle","","3026559965","","CHRIS POPCZYK","Owner","M","6800000","30","874804","Roofing Serv","3","0","1"
"17358","Triangle Fasteners Corp","rkself@trianglefastener.com","243 Quigley Blvd # C","4123217838","3023220600","507205","Fasteners-Industrial (Wholesale)","www.trianglefastener.com"," Email <---> Revenue ","87983","Triangle Fasteners Corp","243 Quigley Blvd # C","New Castle","DE","19720","New Castle","www.trianglefastener.com","3023220600","3023225102","Tony Gutowski","Manager","Mal","5180000","10","507205","Fasteners-In","3","0","1"
"3402","Conference Group","Riggins_John@confgroupinc.com","254 Chapman Rd # 102","NULL","3022248255","738973","Teleconferencing Service","NULL"," Email <---> Revenue ","6923","CONFERENCE GROUP","254 CHAPMAN RD STE 102","NEWARK","DE","19702","New Castle","","3022248255","","JOHN RIGGINS","Owner","M","9000000","40","738900","Business Svs","3","0","1"
"8315","DOC Optics Ctr","R.A@docoptical.com","3501 Silverside Rd","3024772650","3024772626","599504","Opticians","NULL"," Email <---> Revenue ","47768","DOC Optics Ctr","3501 Silverside Rd","Wilmington","DE","19810","New Castle","www.delawareeyes.com","3024772626","3024772650","Robert Able","Owner","Mal","6555000","57","599504","Opticians","3","0","1"
"17387","Rogers Graphics Inc","print@printfac.com","508 N Dupont Hwy","3028562801","3028560028","275202","Printers","www.rogersgraphics.com"," Email <---> Revenue ","80077","Rogers Graphics Inc","508 N Dupont Hwy","Georgetown","DE","19947","Sussex","www.rogersgraphics.com","3028560028","3028562801","Charles Rogers","President","Mal","5320000","35","275202","Printers","3","0","1"
"1710","Comfort Keepers","PowellSharon@comfortkeepers.com","35 Salem Church Rd # 43b","3022861015","3022860100","808201","Home Health Service","NULL"," Email <---> Revenue ","6632","COMFORT KEEPERS","35 SALEM CHURCH RD STE 103","NEWARK","DE","19713","New Castle","","3022860100","3022861015","SHARON POWELL","President","F","6700000","14635","808200","Home Health ","3","0","1"
"13976","Pioneer Concrete Pumping","Petrillo@pioneerconcrete.com","101 Rogers Rd # 100","3026569963","3026569999","521128","Concrete-Ready Mixed","NULL"," Email <---> Revenue ","76103","Pioneer Concrete Pumping","101 Rogers Rd # 100","Wilmington","DE","19801","New Castle","","3026569999","3026569963","Michael Petrillo","Owner","Mal","7740000","30","521128","Concrete-Rea","3","0","1"
"8046","Byrne Millwork","paidin.byrne@iswonline.com","21 Bellecor Dr","3023261696","302-326-0500","2431","Millwork (wood windows and doors)","NULL"," Email <---> Revenue ","41709","Byrne Millwork","21 Bellecor Dr","New Castle","DE","19720","New Castle","","3023260500","","P Byrne","President","Mal","6800000","40","243102","Millwork (Ma","3","0","1"
"13654","Clinimed Inc","mohammad@clinimedglobal.com","116 Sandy Dr # B","3027378900","3024548400","504704","Physicians & Surgeons Equip & Supls-Whol","NULL"," Email <---> Revenue ","45255","Clinimed Inc","116 Sandy Dr # B","Newark","DE","19713","New Castle","www.clinimedglobal.com","3024548400","3027378900","Mohammad Saber","President","Mal","8970000","15","504704","Physicians &","3","0","1"
"4499","Wild Birds Unlimited","KathyS@wbu.com","PO Box 249","NULL","3022399071","526120","Bird Feeders & Houses","NULL"," Email <---> Revenue ","30713","WILD BIRDS UNLIMITED","PO BOX 249","HOCKESSIN","DE","19707","New Castle","","3022399071","","KATHY SHATTUCK","Owner","F","7000000","1280","526100","Nurs & Garde","3","0","1"
"11358","Perma-Flex Rollers Inc","Michael.Berwick@packaging-online.com","375 Bellevue Rd","3027317523","3027317880","306918","Rubber Rolls (Manufacturers)","NULL"," Email <---> Revenue ","75570","Perma-Flex Rollers Inc","375 Bellevue Rd","Newark","DE","19713","New Castle","","3027317880","3027317523","Mike Berwick","Owner","Mal","6480000","30","306918","Rubber Rolls","3","0","1"
"3087","Imprints Plus; Inc","jpack@imprints-plus.com","4 Mill Park Court","3023668992","3023668995","275202","Printers","IMPRINTS-PLUS.COM"," Email <---> Revenue ","60635","IPI Fundraising","4 Mill Park Ct","Newark","DE","19713","New Castle","","3023668992","3023668995","Justin Di Norscia","Owner","Mal","6450000","30","839907","Fund Raising","3","0","1"
"10717","Crystal Steel Fabricators Inc","john.lo@crystalsteel.com","N 2nd Street Ext","3028463223","3028460613","344106","Steel-Structural (Manufacturers)","NULL"," Email <---> Revenue ","47207","Crystal Steel Fabricators Inc","9317 Old Racetrack Rd","Delmar","DE","19940","Sussex","","3028460613","","John Lo","President","Mal","6300000","60","344100","Structural S","3","0","1"
"15368","Little Gym","Joe@tlggurneeil.com","4758 Limestone Rd # A","NULL","3029985422","596301","Party Planning Service","NULL"," Email <---> Revenue ","17908","LITTLE GYM","4758 LIMESTONE RD STE A","WILMINGTON","DE","19808","New Castle","","3029985422","","AMY HANSELL","Owner","F","5000000","2173","596300","Direct Selli","3","0","1"
"7206","Rainbow Records","Joe.Maxwell@rainbow-online.com","54 E Main St","3023687792","3023687738","594712","Gift Shops","NULL"," Email <---> Revenue ","78083","Rainbow Records","54 E Main St","Newark","DE","19711","New Castle","www.rainbow-online.com","3023687738","3023687792","Joseph Maxwell","President","Mal","5400000","75","573502","Records Tape","3","0","1"
"7536","Invisible Fence","Jeff@invisiblefence.com","3906 Concord Pike # C","NULL","3024783677","503903","Fence (Wholesale)","NULL"," Email <---> Revenue ","15198","INVISIBLE FENCE","3906 CONCORD PIKE STE C","WILMINGTON","DE","19803","New Castle","","3024783677","","JEFF BOND","President","M","8200000","2064","349600","Misc Fab Wir","3","0","1"
"15759","North Star Heating & Air Cond","H_Jarvis@northstar-hvac.com","RR 1 Box 178f","3029345274","3029341698","171102","Heating Contractors","NULL"," Email <---> Revenue ","21118","NORTH STAR HEATING & AIR COND","30968 VINES CREEK RD","DAGSBORO","DE","19939","Sussex","","3029341698","","HARRY JARVIS","President","M","5300000","30","171104","Heating,Air ","3","0","1"
"6782","Casual Marketplace","H_F@casualmarketplace.com","18412 Narrow Rd","3026844554","3026844500","571201","Furniture-Outdoor","NULL"," Email <---> Revenue ","43196","Casual Marketplace","18412 Narrow Rd","Lewes","DE","19958","Sussex","www.casualmarketplace.com","3026844500","3026844554","Harold Fleischut","Owner","Mal","6000000","30","571201","Furniture-Ou","3","0","1"
"15668","Peppers","Hearn@peppers.com","1815 Ocean Outlets # 3","3022274632","3022274608","549920","Gourmet Shops","NULL"," Email <---> Revenue ","22255","PEPPERS","18701 COASTAL HWY UNIT 7","REHOBOTH BEACH","DE","19971","Sussex","","3022274608","3022274632","CHIP HEARN","Owner","M","5300000","30","549903","Gourmet Food","3","0","1"
"10510","Sign-A-Rama","GM@signsandtrophies.com","307 E Main St","3024540155","3024547446","399302","Signs (Manufacturers)","NULL"," Email <---> Revenue ","26302","SIGN-A-RAMA","307 NEWARK SHOPPING CTR","NEWARK","DE","19711","New Castle","","3024547446","3024540155","GARY MUNCH","Owner","M","7500000","2341","399300","Signs & Advg","3","0","1"
"3620","International Market Suppliers","Francis@chemblend.com","820 Interchange Blvd","NULL","3024560850","516916","Chemicals (Wholesale)","NULL"," Email <---> Revenue ","61302","International Market Suppliers","820 Interchange Blvd","Newark","DE","19711","New Castle","www.chemblend.com","3024560850","","Francis Nuzzi","President","Mal","6006000","6","516916","Chemicals (W","3","0","1"
"17097","Summit Aviation","fneilsen@summit-aviation.com","4200 Summit Bridge Rd","3023787035","3028345400","458106","Airports","www.summit-aviation.com"," Email <---> Revenue ","27697","SUMMIT AVIATION","4200 SUMMIT BRIDGE RD","MIDDLETOWN","DE","19709","New Castle","","3028345400","3023787035","FINN NEILSEN","President","M","8300000","75","458100","Airports & T","3","0","1"
"16063","Risen Phoenix Pvt LTD","dsv@risenphoenix.com","117 Clifton St","3026845144","3026845144","512213","Perfume-Wholesale","www.risenphoenix.com"," Email <---> Revenue ","79434","Risen Phoenix Pvt LTD","117 Clifton St","Milton","DE","19968","Sussex","www.risenphoenix.com","3026845144","","Christopher Bucy","President","Mal","5572000","4","512213","Perfume-Whol","3","0","1"
"2902","Prosort","DougA@prosortllc.com","7025 Pencader Dr","3024528406","3024528400","733101","Mailing & Shipping Services","NULL"," Email <---> Revenue ","77153","Prosort","7025 Pencader Dr","Newark","DE","19702","New Castle","www.prosortllc.com","3024528400","3024528406","Doug Ainsworth","Owner","Mal","7590000","55","733101","Mailing & Sh","3","0","1"
"12823","Sieck Wholesale Florist","DonFreeburn@sieck.com","401 Marsh Ln","3029990892","3029999300","519304","Florists-Wholesale","NULL"," Email <---> Revenue ","82777","Sieck Wholesale Florist","401 Marsh Ln","Wilmington","DE","19804","New Castle","","3029999300","3029990892","Don Freeburn","President","Mal","8760000","40","519304","Florists-Who","3","0","1"
"14064","Joseph J Sheeran","Don@thewebtrader.com","71 Southgate Boulevard","3023240200","302.324-0213","731101","Advertising-Agencies & Counselors","null"," Email <---> Revenue ","16158","JOSEPH J SHEERAN INC","71 SOUTHGATE BLVD","NEW CASTLE","DE","19720","New Castle","","3023240200","3023240213","JOSEPH SHEERAN","President","M","5500000","50","275200","Litho,Coml P","3","0","1"
"1793","Meridian Consulting Engineers LLC","darina@lockwoodesign.com","RD 3 BOX 16","3026844844","null","152106","Designers","MERIDIANENGINEERS.COM"," Email <---> Revenue ","17973","LOCKWOOD DESIGN & CONSTRUCTION","26412 BROADKILL RD","MILTON","DE","19968","Sussex","","3026844844","3026843260","DONALD LOCKWOOD SR","Owner","M","5100000","15","154205","Comm/Off Bld","3","0","1"
"10551","Byler's Store","Byler@bylers.com","1368 Rose Valley School Rd","3026743083","3026741689","541105","Grocers","NULL"," Email <---> Revenue ","41700","Byler's Store","1368 Rose Valley School Rd","Dover","DE","19904","Kent","www.bylers.com","3026741689","3026743083","Lyndon Byler","Owner","Mal","9100000","50","541105","Grocers-Reta","3","0","1"
"10788","Invisible Fence","Bob.Louie@invisiblefence.com","1370 Shallcross Lake Rd","NULL","3023783140","503903","Fence (Wholesale)","NULL"," Email <---> Revenue ","15197","INVISIBLE FENCE","1370 SHALLCROSS LAKE RD","MIDDLETOWN","DE","19709","New Castle","","3023783140","","","Unknown","","8200000","2064","503101","Bldg Materia","3","0","1"
"13555","Online Consulting","Andrew@onlc.com","300 Delaware Ave","3026584051","3026583018","824301","Computer Training","NULL"," Email <---> Revenue ","73860","Online Consulting","300 Delaware Ave","Wilmington","DE","19801","New Castle","www.onlc.com","3026583018","3026584051","Andrew Williamson","Owner","Mal","7800000","50","824301","Computer Tra","3","0","1"
"676","Dan H Beachy & Sons","Alva@danhbeachy.com","1298 Lockwood Chapel Rd","3024921628","3024921493","154214","Buildings-Pole","NULL"," Email <---> Revenue ","47939","Dan H Beachy & Sons","1298 Lockwood Chapel Rd","Hartly","DE","19953","Kent","www.danhbeachy.com","3024921493","3024921628","Alva Beachy","Owner","Mal","5256000","12","154214","Buildings-Po","3","0","1"
