mail id,company,email,address,phone,fax,sic,sic description,web,,revenue id,company,address,city,state,zip,	metro,web,phone,fax,contact,position,gender,sales,# of employee,sic,sic_descrpiton,	,,
"4509","XONEX INCORPORATED","xonex@xonex.com","P.O. BOX 3043","3023239000","null","4214","Moving & storage companies","ASIMPLEMOVE.COM"," Email <---> Revenue ","92377","Xonex Inc","P.O. BOX 3043","Wilmington","DE","19804","New Castle","","3023239000","","Katherine Holden","President","Fem","24295092","318","421300","Moving Wareh","4","0","1"
"8131","Advanced Power Control","pbeaudett@adv-power.com","126 Sandy Drive","3023680443","3023685764","491101","ELECTRIC COMPANIES","ADV-POWER.COM"," Email <---> Revenue ","811","ADVANCED POWER CONTROLS","126 SANDY DR","NEWARK","DE","19713","New Castle","","3023680443","3023685764","PAUL CZERWIN","Owner","M","21300000","85","382200","Environmenta","4","0","1"
"9133","Mark L. Handler","phandler@handlerhomes.com","5169 W Woodmill Dr","3029999200","-","522310","BUILDING MATERIALS, HARDWARE, GARDEN SUPPLY, AND MOBILE HOME DEALERS","NAMB"," Email <---> Revenue ","13577","HANDLER CORP","5169 W WOODMILL DR # 10","WILMINGTON","DE","19808","New Castle","","3029999200","3029999257","MARK HANDLER","Owner","M","11900000","35","154205","Comm/Off Bld","4","0","1"
"11611","Mid-States Sales & Marketing","QuinlanC@rebateplus.com","1601 Concord Pike # 46a","3026551838","3028882475","509908","Manufacturers-Agents & Representatives","NULL"," Email <---> Revenue ","70094","Mid-States Sales & Marketing","1601 Concord Pike # 46a","Wilmington","DE","19803","New Castle","www.rebateplus.com","3028882475","3026551838","Chris Quinlan","Owner","Mal","14160000","15","509908","Manufacturer","4","0","1"
"12454","ADVO System Inc","webir@advo.com","300 Mcintire Dr","4127878104","3028613567","733105","Advertising-Direct Mail","www.advo.com"," Email <---> Revenue ","33810","ADVO System Inc","300 Mcintire Dr","Newark","DE","19711","New Castle","www.advo.com","3028613567","3028613550","Dick Wakefield","VP","Mal","22080000","160","733105","Advertising-","4","0","1"
"14880","Hilti Inc","webcs@us.hilti.com","4 Belmont Dr","9164520277","3022352447","508206","Contractors-Equip/Supls-Dlrs/Svc (Whol)","www.us.hilti.com"," Email <---> Revenue ","59533","Hilti Inc","4 Belmont Dr","Wilmington","DE","19808","New Castle","www.us.hilti.com","3022352447","","Don Mc Mahon","Manager","Mal","10656000","16","508206","Contractors-","4","0","1"
"772","Boulden Propane","Urie@boulden.com","540 Old Barksdale Rd","3023680128","3023682553","171107","Septic Tanks/Systems-Cleaning/Repairing","NULL"," Email <---> Revenue ","3854","BOULDEN PROPANE","540 OLD BARKSDALE RD","NEWARK","DE","19711","New Castle","","3023682553","3023680128","URIE BOULDEN","Owner","M","17300000","99","171100","Plbg, Htg, A","4","0","1"
"6303","Papen Farms","rpapen@papenfarms.com","847 Papen Lane","3026973291","3026972380","019101","FARMS","null"," Email <---> Revenue ","21782","PAPEN FARMS INC","847 PAPEN LN","DOVER","DE","19904","Kent","","3026973291","3026972380","JOHN C PAPEN","Chief Executive Office","M","10500000","140","019100","General Crop","4","0","1"
"751","Home Instead Senior Care","Robert.Ware@homeinstead.com","PO Box 39","3026971797","3026976435","836101","Senior Citizens Service Organizations","NULL"," Email <---> Revenue ","14453","HOME INSTEAD SENIOR CARE","11550 WILLOW GROVE RD","CAMDEN","DE","19934","Kent","","3026976435","","ROBERT WARE","Owner","M","12600000","19178","836104","Geriatric Re","4","0","1"
"8962","Trinity Distribution Svc","robert.farrell@trinitytransport.com","200 Sussex Ave","3023373900","3026285460","421304","Trucking","www.trinitytransport.com"," Email <---> Revenue ","29167","TRINITY TRANSPORT INC","PO BOX 1620","SEAFORD","DE","19973","Sussex","","3023373900","3023373919","JEFF BANNING","Chief Executive Office","M","11000000","120","421300","Trucking","4","0","1"
"6731","Coffee Beanery LTD","Judy-Pede@beanerysupport.com","4737 Concord Pike # 620","3024771056","3024771055","549915","Coffee & Tea","NULL"," Email <---> Revenue ","6486","COFFEE BEANERY LTD","4737 CONCORD PIKE STE 620","WILMINGTON","DE","19803","New Castle","","3024771055","3024771056","JUDY PEDE","Owner","F","14800000","837","549902","Beverage Sto","4","0","1"
"10187","J R Gettier & Assoc","J_Gettier@gettier.com","PO Box 5251","3026528699","3026522700","738102","Security Guard & Patrol Service","NULL"," Email <---> Revenue ","61864","J R Gettier & Assoc","2 Centerville Rd","Wilmington","DE","19808","New Castle","www.gettier.com","3026522700","3026528699","J R Gettier","Owner","Mal","13050000","450","738102","Security Gua","4","0","1"
"5130","Strategic Diagnostics","investor-relations@sdix.com","111 Pencader Drive","3024566789","3024566770","5999","Marketing NEC","http://www.sdix.com"," Email <---> Revenue ","27570","STRATEGIC DIAGNOSTICS INC","111 PENCADER DR","NEWARK","DE","19702","New Castle","","3024566789","3024566770","MATTHEW H KNIGHT","Chief Executive Office","M","24800000","176","382900","Measur, Ctrl","4","0","1"
"15407","Quality Carriers","info_qdi@qualitydistribution.com","4029 New Castle Ave","3237713177","3026556713","421304","Trucking","www.qualitydistribution.com"," Email <---> Revenue ","77459","Quality Carriers","4029 New Castle Ave","New Castle","DE","19720","New Castle","www.qualitydistribution.com","3026556713","3026558946","Fred Martin","Manager","Mal","15100000","100","421304","Trucking","4","0","1"
"15253","Sweet Oil","Greco-Mark@sweetoil.com","2604 Eastburn Ctr","3023689045","3023689095","516948","Gasoline Additive-Distributors","NULL"," Email <---> Revenue ","85799","Sweet Oil","2604 Eastburn Ctr","Newark","DE","19711","New Castle","","3023689095","3023689045","Mark Greco","Owner","Mal","12012000","12","516948","Gasoline Add","4","0","1"
"14521","Food Lion","flinfo@foodlion.com","250 Gateway South Blvd","3026742921","3026981445","541105","Grocers-Retail","www.foodlion.com"," Email <---> Revenue ","54985","Food Lion","250 Gateway South Blvd","Dover","DE","19901","Kent","www.foodlion.com","3026981445","","Karen Dell","Manager","Fem","11830000","65","541105","Grocers-Reta","4","0","1"
"16663","Sea Watch Intl LTD","doug@seaclam.com","242 S Rehoboth Blvd","3024223550","3024223400","203302","Canning (Manufacturers)","www.seaclam.com"," Email <---> Revenue ","25678","SEA WATCH INTL LTD","242 S REHOBOTH BLVD","MILFORD","DE","19963","Sussex","","3024223400","3024223550","KENNETH CARROL","Manager","M","17500000","250","203200","Canned Speci","4","0","1"
"16610","Air Base Carpet Mart","contact-us@carpetmart.com","230 N Dupont Hwy","3023228582","3023281597","571305","Carpet & Rug Dealers-New","www.carpetmart.com"," Email <---> Revenue ","941","AIR BASE CARPET MART","230 N DUPONT HWY","NEW CASTLE","DE","19720","New Castle","","3023281597","3023228582","MICHAEL LONGWILL","President","M","16000000","80","571301","Carpets","4","0","1"
"6462","Connolly Bove Lodge Hutz LLP","cblh@cblhlaw.com","1220 Market St. - P.O. Box 2207","3026589141","3026585614","5999","Marketing NEC","CBLH.NET^^CBLH.ORG^^CBLHLAW.NET^^CBLHLAW.ORG"," Email <---> Revenue ","46200","Connolly Bove Lodge & Hutz LLP","P.O. BOX 2207","Wilmington","DE","19899","New Castle","","3026589141","","Rudolph Hutz","Partner","Mal","12200000","180","811199","Law Firm","4","2","1"
"16600","Bath/Kitchen & Tile Ctr","Campbell@bathkitchenandtile.com","103 Greenbank Rd","3029929207","3029929200","571211","Kitchen Cabinets & Equipment-Household","NULL"," Email <---> Revenue ","2798","BATH/KITCHEN & TILE CTR","103 GREENBANK RD","WILMINGTON","DE","19808","New Castle","","3029929210","3029929207","STEVE CAMPBELL","President","M","16000000","100","571203","Cabinets Ex ","4","0","1"
"1888","Concrete Service Co","bobby.allen@thebluebook.com","3315 Coachman Rd","NULL","3024795353","179909","Waterproofing Contractors","NULL"," Email <---> Revenue ","6910","CONCRETE SERVICE CO","3315 COACHMAN RD","WILMINGTON","DE","19803","New Castle","","3024795353","","","Unknown","","10400000","166","179900","Special Trad","4","0","1"
"17070","Trinity Transport","beth.masten@trinitytransport.com","18119 Sussex Hwy","3026285465","3023373900","421304","Trucking","www.trinitytransport.com"," Email <---> Revenue ","88028","Trinity Transport","18119 Sussex Hwy","Bridgeville","DE","19933","Sussex","www.trinitytransport.com","3023373900","3023373919","Jeff Banning","Owner","Mal","14043000","93","421304","Trucking","4","0","1"
"17534","Leon N. Weiner &Amp; Assoc Inc","aannone@lnwa.com","4 Denny Rd.","3027649430","-","522310","BUILDING MATERIALS, HARDWARE, GARDEN SUPPLY, AND MOBILE HOME DEALERS","NAMB"," Email <---> Revenue ","66313","Leon N Weiner & Associates","4 Denny Rd Ste 1","Wilmington","DE","19809","New Castle","","3027649430","","Leon Weiner","Chairman of the Board","Mal","12700000","150","655200","Real Estate ","4","0","1"
