"TAYLOR MUSIC","6052251335","513 S MAIN ST","ABERDEEN","6800000","STAN KOLB","President","M","25617","T","Taylor Music","Stan@1800usaband.com","513 S Main St","Aberdeen","SD","57401","6052252051","6052251335","573608","Musical Instruments-Dealers","NULL","0","0"
"ABBOTT/CARLSON WAGONLIT TRAVEL","6052246321","122 E SIOUX AVE","PIERRE","1300000","MARCIA FRY","Manager","F","18578","A","Abbott Nervig Travel","marcia@abbotttravel.com","122 East Sioux Avenue Box 901","Pierre","SD","57501","6052246321","6052240279","4724","Travel agents","null","0","0"
"ABBOTT TRAVEL","6053361848","1600 N MINNESOTA AVE","SIOUX FALLS","2200000","CAROL SEYMOUR","Manager","F","13943","A","Abbott Travel","max@abbotttravel.com","1600 N Minnesota Avenue","Sioux Falls","SD","57104","null","6057310499","4724","Travel agents","null","0","0"
"ABBOTT TRAVEL","6052257555","221 S LINCOLN ST","ABERDEEN","1000000","BRENDA PIERSON","Manager","F","3508","A","Abbott Travel","request@abbotttravel.com","123 S 2nd Street","Aberdeen","SD","57401","6052257555","6056224284","4724","Travel agents","abbotttravel.com","0","0"
"CONSUMER CREDIT COUNSELING SVC","6053484550","111 SAINT JOSEPH ST","RAPID CITY","5000000","BONNIE SPAIN","Chief Executive Office","F","25286","C","Consumer Credit Counseling Svc","acce@acce-online.com","621 6th St # 201","Rapid City","SD","57701","6053480107","6053484550","729924","Credit & Debt Counseling Services","www.creditwhencreditisdue.com","0","0"
"STEAMBOAT GAME & FISH","6052246572","511 W DAKOTA AVE","PIERRE","4400000","CALEB GILKERSON","President","M","21556","S","Steamboat Game & Fish","Caleb.Gilkerson@adventuresd.com","511 W Dakota Ave","Pierre","SD","57501","NULL","6052246572","549911","Game Birds Venison Etc","NULL","0","0"
"DAKOTA ADVENTURES","6052246572","511 W DAKOTA AVE","PIERRE","1400000","CALEB GILKERSON","Owner","M","18653","S","Steamboat Game & Fish","paddle@adventuresd.com","511 W Dakota Ave","Pierre","SD","57501","6052246572","6052246572","549911","Game Birds Venison Etc","www.adventuresd.com","0","0"
"MINER COUNTY REVITALIZATION","6057725153","PO BOX 10","HOWARD","1800000","RANDY PARRY","Executive Director","M","20190","M","Miner County Community","beddowj@alliancecom.net","131 S Main St","Howard","SD","57349","6057725153","6057725153","874875","Economic Development Agencies","www.mccr.net","0","0"
"Miner County Community","6057725153","131 S Main St","Howard","1125000","Randy Parry","Manager","Mal","20190","M","Miner County Community","beddowj@alliancecom.net","131 S Main St","Howard","SD","57349","6057725153","6057725153","874875","Economic Development Agencies","www.mccr.net","0","0"
"MANLEY TIRE & OIL SVC","5077556819","746 20TH AVE","VALLEY SPGS","3600000","TRUDY DEUTSCH","Owner","F","1707","M","Manley Tire & Oil Svc","manleytire@alliancecom.net","746 20th Ave","Valley Springs","SD","57068","5077556819","5077556242","517206","Oils-Fuel (Wholesale)","www.manleytire.com","0","0"
"Baldwin Filters Inc","6056651115","1901 Hastings Dr","Yankton","31840000","Monte Gulick","Plant Mgr","Mal","22891","B","Baldwin Filters Inc","dfahrenbruch@baldwinfilter.com","1901 Hastings Dr","Yankton","SD","57078","6056651115","6056651118","356406","Filters-Air & Gas-Manufacturers","www.baldwinfilter.com","0","0"
"Baldwin Filters Inc","6056651115","1901 Hastings Dr","Yankton","31840000","Monte Gulick","Plant Mgr","Mal","25616","B","Baldwin Filters Inc","jtracy@baldwinfilter.com","1901 Hastings Dr","Yankton","SD","57078","3085377601","6056651115","356406","Filters-Air & Gas-Manufacturers","www.baldwinfilter.com","0","0"
"BALES CONTINENTAL COMMISSION","6053528682","39763 US HIGHWAY 14","HURON","8000000","KENT BALES","President","M","23399","B","Bales Continental Commission","KentB@balesccc.com","PO Box 1337","Huron","SD","57350","6053529374","6053528682","515402","Livestock Auction Markets","NULL","0","0"
"BALES CONTINENTAL COMMISSION","6053528682","39763 US HIGHWAY 14","HURON","8000000","KENT BALES","President","M","10344","B","Bales Continental Commission","kent@balesccc.com","39763 Us Highway 14","Huron","SD","57350","6053528682","6053529374","515402","Livestock Auction Markets","www.balesccc.com","0","0"
"BANNER ENGINEERING","6053523706","99 15TH ST NW","HURON","7000000","EVAN BURGSTALER","Manager","M","9813","B","Banner Engineering","sensors@bannerengineering.com","99 15th St NW","Huron","SD","57350","6052250866","6053523706","367901","Electronic Equipment & Supplies-Mfrs","www.bannerengineering.com","0","0"
"Bear's Den","6053431025","13820 S Highway 16","Rapid City","10030000","Pauline Casey","President","Fem","21845","B","Bear's Den","Pauline@bearcountryusa.com","13820 S Highway 16","Rapid City","SD","57702","6053413206","6053431025","594712","Gift Shops","NULL","0","0"
"BEAR COUNTRY USA","6053432290","13820 S HIGHWAY 16","RAPID CITY","6600000","PAULINE CASEY","Vice-President","F","3571","B","Bear Country USA","christy@bearcountryusa.com","13820 S Highway 16","Rapid City","SD","57702","6053432290","6053432290","799601","Amusement Places","www.bearcountryusa.com","0","1"
"BEARS DEN","6053431025","13820 S HIGHWAY 16","RAPID CITY","5700000","PAULINE CASEY","President","F","2306","B","Bear''s Den","pabear@bearcountryusa.com","13820 S Highway 16","Rapid City","SD","57702","6053431025","6053431025","594712","Gift Shops","www.custersd.com","0","0"
"BEAR COUNTRY USA","6053432290","13820 S HIGHWAY 16","RAPID CITY","6600000","PAULINE CASEY","Vice-President","F","16340","B","Bear Country USA","sean@bearcountryusa.com","13820 S Highway 16","Rapid City","SD","57702","6053413206","6053432290","799601","Amusement Places","www.bearcountryusa.com","0","1"
"Beltone Hearing Aid Ctr","6057224466","1140 N Main St # 5","Spearfish","1045000","Kelly Degryse","Owner","Mal","11288","B","Beltone Hearing Aid Ctr","Kelly@beltone.com","1140 N Main St # 9","Spearfish","SD","57783","NULL","6057224466","599979","Hearing Impaired Equipment & Supplies","NULL","0","0"
"Beltone Hearing Aid Ctr","6057379685","1141 Deadwood Ave # 10","Rapid City","1045000","Kelly Degryse","President","Mal","22208","B","Beltone Hearing Aid Ctr","Kelly-Degryse@beltone.com","3641 Sturgis Rd","Rapid City","SD","57702","NULL","6057379685","599979","Hearing Impaired Equipment & Supplies","NULL","0","0"
"BETHANY LUTHERAN HOME","6053382351","1901 S HOLLY AVE","SIOUX FALLS","5300000","DENNIS SEVER","Administrator","M","13894","B","Bethany Lutheran Home","dsever@bethanylutheranhome.com","1901 S Holly Ave","Sioux Falls","SD","57105","6053380241","6053382351","805101","Nursing & Convalescent Homes","www.bethanylutheranhome.com","0","0"
"BETHANY MEADOWS","6055828622","3008 ASPEN BLVD","BRANDON","2300000","DEB HERRBOLDT","Administrator","F","16063","B","Bethany Meadows","dherrboldt@bethanylutheranhome.com","3008 Aspen Blvd","Brandon","SD","57005","6055828634","6055828622","805904","Retirement Communities & Homes","www.bethanymeadows.org","0","0"
"B & G TRANSPORTATION INC","6052569105","433 SE 12TH ST STE 102","MADISON","5100000","GENE PHILLIPS","President","M","23212","B","B & G Transportation Inc","billy@bgtrans.com","45312 SD Highway 34","Madison","SD","57042","6052569105","6052566847","421309","Trucking-Motor Freight","www.bgtrans.com","0","0"
"BLACK HAWK MARINE","6057879000","11300 J B RD","BLACK HAWK","1500000","LARRY JOB","Owner","M","5698","B","Black Hawk Marine","Larry_Job@blackhawkmarineboats.com","11300 J B Rd","Black Hawk","SD","57718","NULL","6057879000","555104","Boat Dealers Sales & Service","NULL","0","0"
"BLACK HILLS MAZE","6053435439","PO BOX 1509","RAPID CITY","1000000","REONE RUPERT","Owner","F","268","B","Black Hills Maze","Reone@blackhillsmaze.com","PO Box 1509","Rapid City","SD","57709","NULL","6053435439","799601","Amusement Places","NULL","0","1"
"BUSINESS PRODUCTS INC","6059966555","215 N LAWLER ST","MITCHELL","3600000","WAYNE KLINGER","Owner","M","22515","B","Business Products Inc","bpi@bpimitchell.com","215 N Lawler St","Mitchell","SD","57301","6059962857","6059966555","594301","Office Supplies","www.bpimitchell.com","0","0"
"ROYAL PLASTICS INC","6056922171","200 32ND AVE","BROOKINGS","6000000","MICHAEL PETERSON","President","M","11416","R","Royal Plastics Inc","royaleng@brookings.net","200 32nd Ave","Brookings","SD","57006","6056925977","6056922171","308901","Mold Makers","www.royalplastics-sd.com","0","0"
"Scsa Diagnostics Inc","6056925938","807 32nd Ave","Brookings","1544000","Donald Evenson","Owner","Mal","6135","S","Scsa Diagnostics Inc","scsadon@brookings.net","807 32nd Ave","Brookings","SD","57006","6056925938","6056929730","807101","Laboratories-Medical","www.scsadiagnostics.com","0","0"
"SWIFTEL CENTER TICKET OFFICE","6056927539","824 32ND AVE","BROOKINGS","1400000","TOM RICHTER","Executive Director","M","15246","S","Swiftel Center Ticket Office","dkurtz@brookings.net","824 32nd Ave","Brookings","SD","57006","6056976393","6056927539","738931","Convention & Meeting Facilities & Svc","www.swiftelcenter.com","0","0"
"BUILDING PRODUCTS INC","6053363460","1500 N INDUSTRIAL AVE","SIOUX FALLS","5600000","CHRIS FISCHER","Manager","M","24686","B","Building Products Inc","earlsb@buildingproductsinc.com","1500 N Industrial Ave","Sioux Falls","SD","57104","6058866773","6053363460","243103","Building Materials-Manufacturers","www.buildingproductsinc.com","0","0"
"BUILDING PRODUCTS INC","6058865634","16574 455TH AVE","WATERTOWN","1300000","TOM KREJCHI","Manager","M","22632","B","Building Products Inc","darlat@buildingproductsinc.com","405 1st Ave NE","Watertown","SD","57201","6053369078","6058863495","503114","Building Materials-Wholesale","www.buildingproductsinc.com","0","0"
"APH Wholesale Supply","6056689436","1701 Locust St","Yankton","1491000","Mike Stone","Manager","Mal","18263","A","APH WHOLESALE SUPPLY","aph@byelectric.com","1701 LOCUST ST","YANKTON","SD","57078","6056689436","6056689439","173101","Electric Contractors","APHSUPPLY.COM;APHSUPPLY.NET;APHSUPPLY.ORG","0","2"
"TYNDALL MOTORS INC","6055893441","PO BOX 618","TYNDALL","3600000","TOM LOGUE","Owner","M","11070","T","Tyndall Motors","chevy@byelectric.com","108 South Pearl","Tyndall","SD","57066","6055893441","null","173101","Electric Contractors","null","0","2"
"CANFIELD BUSINESS INTERIORS","6053391411","402 W 9TH ST","SIOUX FALLS","8500000","LARRY CANFIELD","Owner","M","15290","C","Canfield Business Interiors","Larry@canfieldco.com","402 W 9th St","Sioux Falls","SD","57104","6053392778","6053391411","502112","Office Furniture & Equip-Dealers (Whol)","NULL","0","0"
"Muzak-Workplace Sound & Techs","6053391863","101 N Minnesota Ave","Sioux Falls","1128000","Larry Canfield","Owner","Mal","19751","M","Muzak-Workplace Sound & Techs","Canfield@canfieldco.com","101 N Minnesota Ave","Sioux Falls","SD","57104","6052748168","6053391863","738980","Music-Background & Foreground","NULL","0","0"
"CONSUMER CREDIT COUNSELING SVC","6053484550","111 SAINT JOSEPH ST","RAPID CITY","5000000","BONNIE SPAIN","Chief Executive Office","F","19618","C","Consumer Credit Counseling Svc","clients@cccsoftheblackhills.com","111 Saint Joseph St","Rapid City","SD","57701","6053484550","6053484550","729924","Credit & Debt Counseling Services","www.cccsoftheblackhills.com","0","0"
"Farmers Co-Op Elevator","6059967004","1800 Elevator Rd","Mitchell","13800000","Mark Grove","Manager","Mal","25772","F","Farmers Co-Op Elevator","terry.olson@chsinc.com","1800 Elevator Rd","Mitchell","SD","57301","6059967038","6059967004","422101","Grain Elevators","www.mitchellfarmers.com","0","0"
"MIDWEST COOPERATIVES","6052245935","1919 E SIOUX AVE","PIERRE","6700000","MILTON HANDCOCK","Manager","M","23582","M","Midwest Cooperatives","jeremey.frost@chsinc.com","1919 E Sioux Ave","Pierre","SD","57501","6052249550","6052245935","422101","Grain Elevators","www.midwestcooperatives.com","0","0"
"Cenex Harvest States","6056497688","1507 3rd Ave","Selby","4500000","Pat Peterson","Manager","Mal","25194","C","Cenex Harvest States","john.woodbury@chsinc.com","1507 3rd Ave","Selby","SD","57472","6057652169","6056497688","554101","Service Stations-Gasoline & Oil","www.northernplainscoop.com","0","0"
"CLARITUS","6053348588","3920 S WILLOW AVE","SIOUX FALLS","2000000","JEFF KRELL","Owner","M","9065","C","Claritus","Jeff@claritus.com","3920 S Willow Ave","Sioux Falls","SD","57105","NULL","6053348588","504415","Mailing Machines & Equipment (Wholesale)","NULL","0","0"
"COLD STONE CREAMERY","6057160999","1925 W MAIN ST","RAPID CITY","12500000","RON KIRKPATRICK","Owner","M","22050","C","Cold Stone Creamery","WellmanB@coldstonecreamery.com","1925 W Main St","Rapid City","SD","57702","6057160969","6057160999","581203","Ice Cream Parlors","NULL","0","0"
"COLD STONE CREAMERY","6052750085","2425 S SHIRLEY AVE STE 115","SIOUX FALLS","12500000","CINDY REESMAN","Owner","F","18048","C","Cold Stone Creamery","Cindy@coldstonecreamery.com","2425 S Shirley Ave # 115","Sioux Falls","SD","57106","NULL","6052750085","581203","Ice Cream Parlors","NULL","0","0"
"COLE PAPERS","6053357123","100 E 40TH ST N","SIOUX FALLS","1000000","MONTE PETERSON","Manager","M","16725","C","Cole Papers","jbjorge@colepapers.com","100 E 40th St N","Sioux Falls","SD","57104","7012825513","6053357123","511101","Paper Products (Wholesale)","www.colepapers.com","0","0"
"COLE PAPERS INC","6052261118","829 RAILROAD AVE SE","ABERDEEN","1400000","MIKE MILLER","Manager","M","19727","C","Cole Papers Inc","themail@colepapers.com","829 Railroad Ave SE","Aberdeen","SD","57401","6053352703","6052261118","511101","Paper Products (Wholesale)","www.colepapers.com","0","0"
"Country Ford","6055893362","30320 Ford Ave","Tyndall","7764000","Ron Wagner","Owner","Mal","16572","C","Country Ford","glenmitchell@countryford.com","PO Box 370","Tyndall","SD","57066","6055893362","6055893362","551105","Truck-Dealers","NULL","0","2"
"COUNTRY FORD INC","6055893362","30320 FORD AVE","TYNDALL","6100000","JOE PLIHAL","Owner","M","16572","C","Country Ford","glenmitchell@countryford.com","PO Box 370","Tyndall","SD","57066","6055893362","6055893362","551105","Truck-Dealers","NULL","0","2"
"Country Pride Co-Op","6058422771","27843 317th Ave","Winner","7315000","Rod Farley","Manager","Mal","25059","C","Country Pride Co-Op","dvavra@countrypridecoop.com","27843 317th Ave","Winner","SD","57580","6059254255","6058422771","519112","Feed-Dealers (Wholesale)","www.countrypridecoop.com","0","0"
"Country Pride Co-Op","6059254254","803 N Us Hwy 81","Freeman","6650000","Bill Pape","Manager","Mal","25839","C","Country Pride Co-Op","sulmer@countrypridecoop.com","803 N Us Hwy 81","Freeman","SD","57029","6058420215","6059254254","519114","Fertilizers (Wholesale)","www.countrypridecoop.com","0","0"
"COUNTRY PRIDE COOPERATIVE","6058422771","27843 317TH AVE","WINNER","3600000","ROD FARLEY","Manager","M","25783","C","Country Pride Cooperative","midtown@countrypridecoop.com","22 W Tripp Ave","Winner","SD","57580","6058422715","6058421582","287301","Fertilizers-Manufacturers","www.countrypridecoop.com","0","0"
"HURCO TECHNOLOGIES","6057432466","409 ENTERPRISE ST","HARRISBURG","3000000","LYNN HURLEY","Owner","F","17925","H","Hurco Technologies","mlaxen@cpmgroup.net","409 Enterprise St","Harrisburg","SD","57032","6057432466","6057432465","359903","Machine Shops","www.gethurco.com","0","0"
"DAKOTA TUBE INC","6058822156","221 AIRPORT DR","WATERTOWN","17100000","JACK STEINBAUER","Chief Executive Office","M","23584","D","Dakota Tube Inc","kklein@dailypost.com","221 Airport Dr","Watertown","SD","57201","6058824815","6058822156","349801","Tube-Bending & Fabricating","NULL","0","0"
"Augustana College","6052744636","2501 S Grange Ave","Sioux Falls","1680000","Mark Hecht","Manager","Mal","15952","A","Augustana College","lmbirk@dailypost.com","2501 S Grange Ave","Sioux Falls","SD","57105","6052745299","6052744636","799967","Swimming Instruction","www.augie.edu","0","0"
"DAKOTA ETHANOL","6054832676","46269 SD HIGHWAY 34","WENTWORTH","7200000","SCOTT MUNDT","Manager","M","23024","D","Dakota Ethanol","aeddy@dakotaethanol.com","46269 SD Highway 34","Wentworth","SD","57075","6054832681","6054832676","131101","Oil & Gas Producers","www.dakotaethanol.com","0","0"
"DAKOTA LAND STORAGE","6053329922","1301 S LYONS AVE","SIOUX FALLS","3300000","ALAN SPENCER","Owner","M","20559","D","Dakota Land Storage","jthompson@dakotalandhomes.com","1000 S Lyons Ave","Sioux Falls","SD","57106","6053358130","6053358122","527102","Mobile Homes-Dealers","www.dakotalandhomes.com","0","0"
"FOREST PRODUCTS DISTRIBUTORS","6053487685","5400 OLD FOLSOM RD","RAPID CITY","3700000","QUENTIN DANLEY","Manager","M","6024","F","Forest Products Distributors","bstadel@daksoft.com","5400 Old Folsom Rd","Rapid City","SD","57703","6057181151","6053487685","249101","Lumber-Treating","www.forpd.com","0","0"
"FOREST PRODUCTS DISTRIBUTORS","6053416500","4200 BEACH DR STE 2","RAPID CITY","1400000","CARROLL M KORB","Owner","M","20691","F","Forest Products Distributors","bstadel@daksoft.com","4200 Beach Dr # 2","Rapid City","SD","57702","6057181151","6053416500","249998","Wood Products Nec (Manufacturers)","www.forpd.com","0","0"
"PATZER WOODWORKING INC","6059965983","414 E JUNIPER AVE","MITCHELL","2900000","TOM PATZER","Owner","M","3186","P","Patzer Woodworking Inc","davev@davev.com","414 E Juniper Ave","Mitchell","SD","57301","6059961181","6059965983","243401","Cabinets-Manufacturers","www.jackscampers.com","0","0"
"JACKS CAMPERS","6057879010","13203 HIGH PLAINS PL","PIEDMONT","3400000","DOUG VALDERE","Owner","M","25556","J","Jacks Campers","davev@davev.com","13203 High Plains Pl","Piedmont","SD","57769","6059961181","6057879010","999977","Nonclassified Establishments","www.jackscampers.com","0","0"
"DAKOTA SUPPLY GROUP","6053368884","1409 N K AVE","SIOUX FALLS","3200000","GERALD LIPOVSKY","Manager","M","13897","D","Dakota Supply Group","utility@dsginc.biz","1409 N K Ave","Sioux Falls","SD","57104","6053368884","6053362392","505107","Pipe-Wholesale","www.dakotasupplygroup.com","0","0"
"DAKOTA SUPPLY GROUP","6053368884","1409 N K AVE","SIOUX FALLS","3200000","GERALD LIPOVSKY","Manager","M","23731","D","Dakota Supply Group","auto@dsginc.biz","1409 N K Ave","Sioux Falls","SD","57104","7017728730","6053368884","505107","Pipe-Wholesale","www.dakotasupplygroup.com","0","0"
"CARPET ONE","6053361600","2101 W 41ST ST","SIOUX FALLS","26000000","BILL HINKS","Owner","M","8103","C","Carpet One","dlw@dtgnet.com","2101 W 41st St","SIOUX FALLS","SD","57105","null","6053356145","571305","Carpet & Rug Dealers","null","0","0"
"CAPITOL MOTORS","6052247378","518 E SIOUX AVE","PIERRE","8900000","BILL STORK","Owner","M","18464","C","Capital Motors","capmotors@dtgnet.com","518 East Sioux","Pierre","SD","57501","6052247378","6052249527","559999","Ret Misc Vehicles Repair Services Plumbing/heating/air","capitalmotorsllc.com","0","0"
"BLACK HAWK MARINE","6057879000","11300 J B RD","BLACK HAWK","1500000","LARRY JOB","Owner","M","3842","B","Black Hawk Marine","larryjob@enetis.net","11300 JB Road","BLACK HAWK","SD","57718","6057879000","6057879100","555104","Boat Dealers Sales & Service","BLACKHAWKMARINEBOATS.COM^^PIERRESPORTSCENTER.COM","0","0"
"BEHAVIOR MANAGEMENT SYSTEMS","6053437262","350 ELK ST","RAPID CITY","3800000","ALAN SOLANO","Chief Executive Office","M","17971","B","Behavior Management Systems","moreinfo@factor360.com","350 Elk St","Rapid City","SD","57701","6053437293","6053437262","832215","Marriage & Family Counselors","www.behaviormanagement.org","0","1"
"Mainstream/Impact-West Mental","6053430650","111 North St","Rapid City","4050000","Patty Mechling","Executive Director","Fem","7381","M","Mainstream/Impact-West Mental","moreinfo@factor360.com","111 North St","Rapid City","SD","57701","6053437293","6053430650","806301","Mental Health Services","www.behaviormanagement.org","0","0"
"FALCON PLASTICS INC","6056927354","PO BOX 788","BROOKINGS","9000000","JAY BENDER","President","M","24205","F","Falcon Plastics Inc","falcon@falconplasticsinc.com","1313 Western Ave","Brookings","SD","57006","6052562110","6056927354","308901","Mold Makers","www.falconplasticsinc.com","0","0"
"FALCON PLASTICS","6052566654","605 SW 7TH ST","MADISON","3500000","KEVIN JOHNSON","Manager","M","7512","F","Falcon Plastics","falcon@falconplasticsinc.com","605 SW 7th St","Madison","SD","57042","6052562110","6052566654","308901","Mold Makers","www.falconplasticsinc.com","0","0"
"FARMERS ELEVATOR CO","6059842224","PO BOX 487","HUDSON","2000000","MARK DE GROOT","Manager","M","14039","F","Farmers Elevator Co","mvanbatavia@farmerscoopexchange.com","309 Hubbard St","Hudson","SD","57034","6059842224","6059842718","519112","Feed-Dealers (Wholesale)","www.farmerselevatorcoop.com","0","0"
"Farm Credit Svc Of America","6053625218","5011 S Broadband Ln","Sioux Falls","9504000","John Koob","VP","Mal","16887","F","Farm Credit Svc Of America","sr@fcsamerica.com","5000 S Minnesota Ave # 200","Sioux Falls","SD","57108","5154657810","6053674055","615901","Loans-Agricultural","www.fcsamerica.com","0","0"
"Farm Credit Svc Of America","6053625218","5011 S Broadband Ln","Sioux Falls","9504000","John Koob","VP","Mal","4441","F","Farm Credit Svc Of America","coziahrs@fcsamerica.com","5011 S Broadband Ln","Sioux Falls","SD","57108","6053625218","6053624826","615901","Loans-Agricultural","www.fcsamerica.com","0","0"
"Farm Credit Svc Of America","6053420678","2510 N Plaza Dr","Rapid City","4752000","David Kalil","Manager","Mal","23140","F","Farm Credit Services","kalild@fcsamerica.com","2510 N. Plaza Dr.","Rapid City","SD","57702","6053420678","null","019101","FARMS","null","0","0"
"FIESTA FOODS","6057632768","309 NW 13TH ST","BERESFORD","6200000","BRIAN PETERSON","Owner","M","19000","F","Fiesta Foods","C.C@fiestamart.com","PO Box 312","Beresford","SD","57004","6057635507","6057632768","541105","Grocers-Retail","NULL","0","0"
"FIESTA FOODS","6056472666","217 N MAIN ST","LENNOX","4500000","VIRGIL MUSCH","President","M","22386","F","Fiesta Foods","VirgilM@fiestamart.com","PO Box 117","Lennox","SD","57039","6056473180","6056472666","541105","Grocers-Retail","NULL","0","0"
"FLOOR TO CEILING STORE","6059964062","1301 W 15TH AVE","MITCHELL","1800000","RANDALL STOTZ","Owner","M","18820","F","Floor To Ceiling Store","Randall@floortoceiling.com","1301 W 15th Ave","Mitchell","SD","57301","6059969867","6059964062","571305","Carpet & Rug Dealers-New","NULL","0","0"
"FLOOR TO CEILING STORE","6052291333","2201 6TH AVE SE","ABERDEEN","1600000","BOB JENSEN","Owner","M","2215","F","Floor To Ceiling Store","Bob@floortoceiling.com","2201 6th Ave SE","Aberdeen","SD","57401","6052293137","6052291333","571305","Carpet & Rug Dealers-New","NULL","0","0"
"Gage Brothers Concrete Prods","6057435263","101 Industrial Rd","Harrisburg","14400000","Fred Gage","Owner","Mal","8685","G","Gage Brothers Concrete Prods","Fred@gagebrothers.com","101 Industrial Rd","Harrisburg","SD","57032","6057435578","6057435263","503206","Concrete Blocks & Shapes (Wholesale)","NULL","0","0"
"Gage Brothers Concrete Prods","6053361180","4301 W 12th St","Sioux Falls","14900000","Tom Kelley","President","Mal","25816","G","Gage Brothers Concrete Prods","Tom.Kelley@gagebrothers.com","4301 W 12th St","Sioux Falls","SD","57106","6053300560","6053361180","327101","Concrete-Block & Brick (Manufacturers)","NULL","0","0"
"HURCO TECHNOLOGIES","6057432466","409 ENTERPRISE ST","HARRISBURG","3000000","LYNN HURLEY","Owner","F","25436","H","Hurco Technologies","L.Hurley@gethurco.com","PO Box 70","Harrisburg","SD","57032","6057432465","6057432466","359903","Machine Shops","NULL","0","0"
"GF ADVERTISING SVC","6059961669","411 S OHLMAN ST","MITCHELL","1400000","STEVE CLARK","Owner","M","22900","G","Gf Advertising Svc","brad@gfadvertising.com","411 S Ohlman St","Mitchell","SD","57301","6059961707","6059961669","731919","Advertising-Promotional","www.gfadvertising.com","0","0"
"GF ADVERTISING SVC","6059961669","411 S OHLMAN ST","MITCHELL","1400000","STEVE CLARK","Owner","M","8976","G","G.F. Thomsen & Associates","staff@gfthomsen.com","PO BOX 878","MITCHELL","SD","57301","6059961669","6059961707","8999","Services NEC","ADVANTAGESD.COM","0","0"
"GLACIAL LAKES ENERGY LLC","6058828480","301 20TH AVE SE","WATERTOWN","10300000","TOM BRANHAN","Manager","M","16838","G","Glacial Lakes Energy LLC","marcy@glaciallakesenergy.com","301 20th Ave SE","Watertown","SD","57201","6058828480","6058828982","517210","Gasoline & Oil-Wholesale","www.glaciallakesenergy.com","0","0"
"GLACIAL LAKES ENERGY LLC","6058828480","301 20TH AVE SE","WATERTOWN","10300000","TOM BRANHAN","Manager","M","19137","G","Glacial Lakes Energy LLC","allen@glaciallakesenergy.com","301 20th Ave SE","Watertown","SD","57201","6058828982","6058828480","517210","Gasoline & Oil-Wholesale","www.glaciallakesenergy.com","0","0"
"HOWARD GOOD SAMARITAN CTR","6057724481","300 W HAZEL AVE","HOWARD","2900000","KIMBERLY HALVERSON","Administrator","F","19819","H","Howard Good Samaritan Ctr","jhusher@good-sam.com","300 W Hazel Ave","Howard","SD","57349","6057724481","6057724484","805101","Nursing & Convalescent Homes","www.good-sam.com","0","0"
"CANISTOTA GOOD SAMARITAN CTR","6052963442","700 W MAIN ST","CANISTOTA","2100000","GINGER WELLS","Administrator","F","24963","C","Canistota Good Samaritan Ctr","jhusher@good-sam.com","700 W Main St","Canistota","SD","57012","9566829831","6052963442","805101","Nursing & Convalescent Homes","www.good-sam.com","0","0"
"Wall Drug Store","6052792175","510 Main St","Wall","11100000","Ted Hustead","Owner","Mal","18825","W","Wall Drug Store","walldrug@gwtc.net","510 Main St","Wall","SD","57790","6052792699","6052792175","591205","Pharmacies","www.walldrug.com","0","2"
"Rosebud Electric Co-Op Inc","6058359624","512 Rosebud Ave","Gregory","19910000","Bart Birkeland","Manager","Mal","23441","R","Rosebud Electric Co-Op Inc","bartb@gwtc.net","512 Rosebud Ave","Gregory","SD","57533","6058359624","6058359624","491101","Electric Companies","www.rosebudelectric.com","0","0"
"JORGENSEN LOG HOMES INC","6056732720","11961 PLEASANT VALLEY RD","CUSTER","2900000","ROBERT JORGENSEN","President","M","3460","J","Jorgensen Log Homes Inc","jloghomes@gwtc.net","Pleasant Valley Rd","Custer","SD","57730","6056732244","6056732720","245201","Log Cabins Homes & Buildings (Mfrs)","www.custersd.com","0","0"
"BLACK HILLS BADLANDS & LAKES","6053553600","1851 DISCOVERY CIR","RAPID CITY","4100000","BILL HONERKAMP","President","M","16163","B","Black Hills Badlands & Lakes","chiefmot@gwtc.net","1851 Discovery Cir","Rapid City","SD","57701","6053553600","6053553600","472401","Tourist Information","www.custersd.com","0","0"
"KWYR","6058423333","346 S MAIN ST","WINNER","1000000","SCOTT SCHRAM","Owner","M","25762","K","KWYR","kwyrnews@gwtc.net","346 S Main St","Winner","SD","57580","6058423875","6058423333","483201","Radio Stations & Broadcasting Companies","www.kwyr.com","0","0"
"Barefoot Resort Condominiums","6055841577","21111 Barefoot Loop","Lead","1284000","Linda Derosier","Manager","Fem","21377","B","Barefoot Resort Condominiums","woodcarv@gwtc.net","21111 Barefoot Loop","Lead","SD","57754","6055841577","6055841577","701111","Resorts","www.custersd.com","0","1"
"CASTLE MANOR","6057453159","209 N 16TH ST","HOT SPRINGS","3700000","JOHN MILLER","Administrator","M","18960","G","Greater Fall River Health Services","nnielsen@gwtc.net","209 North 16th Street - Hot Springs","HOT SPRINGS","SD","57747","6057453159","6057453759","805102","Health Care Facilities","greaterfallriverhealth.com","0","0"
"COUNTRY PRIDE COOPERATIVE","6058422771","27843 317TH AVE","WINNER","3600000","ROD FARLEY","Manager","M","23623","C","Country Pride Cooperative","dlau@gwtc.net","22 W Tripp Ave","Winner","SD","57580","6058422771","6058421582","287301","Fertilizers-Manufacturers","www.countrypridecoop.com","0","0"
"TIESZEN MEMORIAL HOME INC","6056483611","312 E STATE ST","MARION","3800000","PAUL I ENGBRECHT","Administrator","M","23904","T","Tieszen Memorial Home Inc","tieszenmemhome@gwtc.net","312 E State St","Marion","SD","57043","6056483363","6056483611","805101","Nursing & Convalescent Homes","www.marionsd.org","0","0"
"HEFTY SEED CO","6055295412","47504 252ND ST","BALTIC","1400000","BRIAN HEFTY","Manager","M","24636","H","Hefty Seed Co","jon.warner@heftyseed.com","47504 252nd St","Baltic","SD","57003","6055295485","6055295412","072301","Seed & Grain Cleaning","www.heftyseed.com","0","0"
"HEFTY SEED CO","6052262492","38352 US HIGHWAY 12","ABERDEEN","1300000","JOEL VETTER","Manager","M","24696","H","Hefty Seed Co","randy.w@heftyseed.com","38352 Us Highway 12","Aberdeen","SD","57401","6055295485","6052262492","516916","Chemicals (Wholesale)","www.heftyseed.com","0","0"
"HILLYARD","6053417950","1400 DEADWOOD AVE N STE D","RAPID CITY","38000000","KEVIN HINTZ","Manager","M","24206","H","Hillyard","jborup@hillyard.com","1400 Deadwood Ave","Rapid City","SD","57702","7653786671","6053417950","508724","Janitors Equipment/Supplies (Wholesale)","www.hillyard.com","0","0"
"HILLYARD","6053352292","800 E 48TH ST N","SIOUX FALLS","38000000","ORRIN TOWNSWICK","Manager","M","6253","H","Hillyard","jborup@hillyard.com","800 E 48th St N","Sioux Falls","SD","57104","7653786671","6053352292","508724","Janitors Equipment/Supplies (Wholesale)","www.hillyard.com","0","0"
"Hi Roller Conveyors","6053323200","5100 W 12th St","Sioux Falls","11572000","Philip Clark","Owner","Mal","25623","H","Hi Roller Conveyors","Philip@hiroller.com","5100 W 12th St","Sioux Falls","SD","57107","NULL","6053323200","305205","Conveyors-Belting (Manufacturers)","NULL","0","0"
"HORIZONS INC","6053430280","3600 JET DR","RAPID CITY","7000000","LARRY R DEIBERT","President","M","20831","H","Horizon's Inc","dennis.tellinghuisen@horizonsinc.com","3600 Jet Dr","Rapid City","SD","57703","6053430280","6053430305","871304","Engineers-Photogrammetric","www.horizonsinc.com","0","0"
"Horizon's Inc","6053430280","3600 Jet Dr","Rapid City","6004000","Larry R Deibert","President","Mal","20831","H","Horizon's Inc","dennis.tellinghuisen@horizonsinc.com","3600 Jet Dr","Rapid City","SD","57703","6053430280","6053430305","871304","Engineers-Photogrammetric","www.horizonsinc.com","0","0"
"HORSLEY SPECIALTIES INC","6053425634","160 E MAIN ST N","RAPID CITY","9000000","ROBERT HORSLEY","President","M","11562","H","Horsley Specialties Inc","angieb@horsleyspecialties.com","160 E Main St N","Rapid City","SD","57701","6053425634","6053429546","179926","Asbestos Removal Service","www.horsleyspecialties.com","0","1"
"Howard R Green Co","6053344499","309 W 43rd St # 101","Sioux Falls","3312000","Mark Cotter","Manager","Mal","25410","H","Howard R Green Co","mun@hrgreen.com","309 W 43rd St # 101","Sioux Falls","SD","57105","6516449446","6053344499","871111","Engineers-Consulting","www.hrgreen.com","0","0"
"Howard R Green Co","6053344499","309 W 43rd St # 101","Sioux Falls","3312000","Mark Cotter","Manager","Mal","16821","H","Howard R Green Co","com@hrgreen.com","309 W 43rd St # 101","Sioux Falls","SD","57105","6053344499","6053386124","871111","Engineers-Consulting","www.hrgreen.com","0","0"
"HOT SPRINGS SPAS-SIOUX FALLS","6053613323","3506 W 41ST ST","SIOUX FALLS","1100000","KEVIN YOPP","President","M","25771","H","Hot Springs Spas-Sioux Falls","designs@iloop.com","3506 W 41st St","Sioux Falls","SD","57106","6053626247","6053613323","599917","Hot Tubs & Spas","www.spasofsiouxfalls.com","0","0"
"HOTSPRINGS SPA PF SIOUX FALLS","6053626247","3506 W 41ST ST","SIOUX FALLS","1100000","","Unknown","","25771","H","Hot Springs Spas-Sioux Falls","designs@iloop.com","3506 W 41st St","Sioux Falls","SD","57106","6053626247","6053613323","599917","Hot Tubs & Spas","www.spasofsiouxfalls.com","0","0"
"Interstate Telecommunication","6058742181","312 4th St W","Clear Lake","24975000","Jerry Heiberger","Manager","Mal","22522","I","Interstate Telecommunication","helpdesk@itctel.com","312 4th St W","Clear Lake","SD","57226","6058742014","6058742181","481304","Telephone Companies","www.itc-web.com","0","0"
"Career Learning Ctr","6058825080","2001 9th Ave SW # 100","Watertown","1245000","Lori Kwasniewski","Executive Director","Fem","25317","C","Career Learning Ctr","kbreske@itctel.com","2001 9th Ave SW # 100","Watertown","SD","57201","6058825069","6058825080","736106","Employment Service-Govt CO Fraternal","www.waclc.org","0","0"
"Bachar Lawn Care & Landscape","6056932997","6930 Sunset Rd","Brookings","2240000","Fred Meyer","Owner","Mal","25651","B","Bachar Lawn Care & Landscape","bachar@itctel.com","6930 Sunset Rd","Brookings","SD","57006","6056931310","6056932997","078204","Landscape Contractors","www.bacharlandscaping.com","0","1"
"COUNTY FAIR FOOD STORE","6059968393","1305 W HAVENS AVE","MITCHELL","18700000","JOHN CLARKE","President","M","21105","C","County Fair Food Store","ctyfair@iw.net","1305 W Havens St","Mitchell","SD","57301","5075327206","6059968393","541105","Grocers-Retail","www.countyfairfoodstores.com","0","0"
"SUNSET MANOR AVERA HEALTH","6052633318","PO BOX 25","IRENE","5900000","BECKY MC MANUS","Administrator","F","7680","S","Sunset Manor Avera Health","bmcmanus@iw.net","129 E Clay St","Irene","SD","57037","6052633334","6052633318","805101","Nursing & Convalescent Homes","www.sunsetmanor.net","0","0"
"GLOBAL POLYMER INDUSTRIES INC","6059835244","PO BOX 339","ARLINGTON","3800000","TODD HUNTIMER","President","M","21903","G","Global Polymer","jupiter@iw.net","702 Industrial Avenue North","ARLINGTON","SD","57212","6059835244","6059835829","359915","Industrial Equipment & Supplies","GLOBALPOLYMER.COM","0","0"
"JARK WORLIE AUCTION SVC","6052251828","221 S 1ST ST","ABERDEEN","1100000","KEN JARK","Owner","M","13549","J","Jark Worlie Auction Svc","Jark@jarkauction.com","221 S 1st St","Aberdeen","SD","57401","NULL","6052251828","738901","Auctioneers","NULL","0","1"
"RAMSDELL F & M LTD","6059973704","PO BOX 307","FLANDREAU","2300000","SCOTT RAMSDELL","Owner","M","7051","J","J.C. Ramsdell Enviro Services","thadd@jcramsdell.com","408 S. Veterans St. - Flandreau","FLANDREAU","SD","57028","6059973704","null","8999","Services NEC","dakotalayers.com","0","0"
"JENKINS LIVING CTR","6058865777","215 S MAPLE","WATERTOWN","8000000","LOREN DIEKMAN","Manager","M","16157","J","Jenkins Living Ctr","ldiekman@jenkinslivingcenter.com","215 S Maple","Watertown","SD","57201","6058860790","6058865777","805101","Nursing & Convalescent Homes","www.jenkinslivingcenter.com","0","0"
"JENKINS LIVING CTR","6058865777","215 S MAPLE","WATERTOWN","8000000","LOREN DIEKMAN","Manager","M","2492","J","Jenkins Living Ctr","wbmstr@jenkinslivingcenter.com","215 S Maple","Watertown","SD","57201","6058865777","6058860790","805101","Nursing & Convalescent Homes","www.jenkinslivingcenter.com","0","0"
"JUBILEE FOODS","6052563541","215 N VAN EPS AVE","MADISON","12500000","DAN ROEMAN","Owner","M","9530","J","Jubilee Foods","Dan@jubileewalker.com","215 N Van Eps Ave","Madison","SD","57042","6052566276","6052563541","541105","Grocers-Retail","NULL","0","0"
"Jubilee Foods","6055823512","117 N Splitrock Blvd","Brandon","18200000","Tony Bosch","Owner","Mal","14231","J","Jubilee Foods","T.Bosch@jubileewalker.com","PO Box 527","Brandon","SD","57005","6055823513","6055823512","541105","Grocers-Retail","NULL","0","0"
"Morton Buildings","6053682511","27087 Morton Ct","Sioux Falls","12672000","Tom Madthiesen","Manager","Mal","21190","M","Morton Buildings","jwave@jwave.net","27087 Morton Ct","Sioux Falls","SD","57108","6188424337","6053682511","154210","Buildings-Metal","www.mortonbuildings.com","0","0"
"Morton Buildings","6053426623","4505 S Interstate 90 Serv Rd","Rapid City","8760000","Gary Sabers","Manager","Mal","23152","M","Morton Buildings","jwave@jwave.net","4505 S Interstate 90 Serv Rd","Rapid City","SD","57703","6188424337","6053426623","154210","Buildings-Metal","www.mortonbuildings.com","0","0"
"Power Com Electric & Comm","6058692150","220 S Main St","Kennebec","11704000","Roger Fischer","Manager","Mal","24685","P","Power Com Electric & Comm","mattc@kennebectelephone.com","220 S Main St","Kennebec","SD","57544","6058692221","6058692221","491101","Electric Companies","www.kennebectelephone.com","0","0"
"Kennebec Telephone Co","6058692220","220 S Main St","Kennebec","6327000","Rod Bowar","Owner","Mal","25812","K","Kennebec Telephone Co","rogerb@kennebectelephone.com","220 S Main St","Kennebec","SD","57544","6058692221","6058692220","481304","Telephone Companies","www.kennebectelephone.com","0","0"
"FARMERS ELEVATOR CO","6059842224","PO BOX 487","HUDSON","2000000","MARK DE GROOT","Manager","M","25684","F","Farmers Elevator Co","dwwils@landolakes.com","309 Hubbard St","Hudson","SD","57034","7124722514","6059842224","519112","Feed-Dealers (Wholesale)","www.farmerselevatorcoop.com","0","0"
"LIBERTY TAX SVC","6056921999","1734 6TH ST","BROOKINGS","17500000","","Unknown","","1459","L","Liberty Tax Svc","Spilde@libtax.com","141 Main Ave","Brookings","SD","57006","NULL","6056921999","729101","Tax Return Preparation & Filing","NULL","0","0"
"LIBERTY TAX SVC","6052752824","2019 W 41ST ST","SIOUX FALLS","17500000","LISA TRUJILLO","Manager","F","21417","L","Liberty Tax Svc","Todd@libtax.com","2107 S Minnesota Ave","Sioux Falls","SD","57105","6053345654","6053344545","729101","Tax Return Preparation & Filing","NULL","0","0"
"LIBERTY TAX SVC","6057162171","532 E ANAMOSA ST","RAPID CITY","17500000","NICOLE OSSENFORT","Manager","F","18914","L","Liberty Tax Svc","Kossenfort@libtax.com","532 E Anamosa St","Rapid City","SD","57701","6057162172","6057162171","729101","Tax Return Preparation & Filing","NULL","0","0"
"West Pollock Resort","6058892448","29218 104th St","Pollock","2100000","Jack Volk","Manager","Mal","25794","W","West Pollock Resort","mike_mcgrath@lineone.net","29218 104th St","Pollock","SD","57648","6058892448","6058892503","701111","Resorts","www.westpollockresort.com","0","1"
"LINWELD","6053424490","1311 E SAINT JOSEPH ST","RAPID CITY","2000000","W J VANNEMAN","Manager","M","10529","L","Linweld","nkamrath@linweld.com","1311 E Saint Joseph St","Rapid City","SD","57701","4024346016","6053424490","508435","Welding Equipment & Supplies (Wholesale)","www.linweld.com","0","0"
"LINWELD","6053385421","4900 N 4TH AVE","SIOUX FALLS","2800000","GARRY BURNHAM","Manager","M","23288","L","Linweld","amoon@linweld.com","4900 N 4th Ave","Sioux Falls","SD","57104","7126234683","6053385421","508435","Welding Equipment & Supplies (Wholesale)","www.linweld.com","0","0"
"Livewire Productions","6057165483","1875 Harmony Heights Ln # 203","Rapid City","1980000","Wade Vanderboom","Owner","Mal","17167","L","Livewire Productions","admint@livewirepro.com","1875 Harmony Heights Ln # 203","Rapid City","SD","57702","6057165483","6057165483","792908","Music & Live Entertainment","www.livewirepro.com","0","0"
"Live Wire Productions","6057165483","1875 Harmony Heights Ln # 203","Rapid City","2250000","Wade Vanderboom","Owner","Mal","17167","L","Livewire Productions","admint@livewirepro.com","1875 Harmony Heights Ln # 203","Rapid City","SD","57702","6057165483","6057165483","792908","Music & Live Entertainment","www.livewirepro.com","0","0"
"LOWE ROOFING INC","6052692211","12079 ROSE LOOP","WHITEWOOD","5300000","ROBERT DOUGLAS","Owner","M","25836","L","Lowe Roofing Inc","lri@loweroofinginc.com","12079 Rose Loop","Whitewood","SD","57793","6052692212","6052692211","176109","Roofing Contractors","www.loweroofinginc.com","0","0"
"MAGNESS LIVESTOCK MARKET","6053528759","105 CUSTER AVE NE","HURON","5300000","BRAD MAGNESS","President","M","23663","M","Magness Livestock Market","brad@magness.info","105 Custer Ave SE","Huron","SD","57350","6053528772","6053528759","515402","Livestock Auction Markets","www.magness.info","0","0"
"MAGNESS LIVESTOCK MARKET","6053528759","105 CUSTER AVE NE","HURON","5300000","BRAD MAGNESS","President","M","13876","M","Magness Livestock Market","matt@magness.info","105 Custer Ave SE","Huron","SD","57350","6053528759","6053528772","515402","Livestock Auction Markets","www.magness.info","0","0"
"Malloy Electric Motor Repair","6053363693","809 W Russell St","Sioux Falls","38150000","Garry Jacobson","Owner","Mal","12319","M","Malloy Electric Motor Repair","GarryJacobson@malloyelectric.com","809 W Russell St","Sioux Falls","SD","57104","6053361545","6053363693","506333","Electric Motors-Dlrs/Repairing (Whol)","NULL","0","0"
"DMG INC","6053363693","809 W RUSSELL ST","SIOUX FALLS","5400000","GARRY JACOBSON","Owner","M","1679","M","Malloy Electric Motor Repair","mebs@malloyelectric.com","809 W Russell St","Sioux Falls","SD","57104","6053363693","6053361545","506333","Electric Motors-Dlrs/Repairing (Whol)","www.malloyelectric.com","0","0"
"MANLEY TIRE & OIL SVC","5077556819","746 20TH AVE","VALLEY SPGS","3600000","TRUDY DEUTSCH","Owner","F","10505","M","Manley Tire & Oil Svc","Trudy@manleytire.com","746 20th Ave","Valley Springs","SD","57068","5077556242","5077556819","517206","Oils-Fuel (Wholesale)","NULL","0","0"
"BELLE FOURCHE LIVESTOCK EXCH","6058922655","PO BOX 126","BELLE FOURCHE","10700000","DEAN STRONG","Owner","M","16858","B","Belle Fourche Livestock Exch","bfle2@mato.com","18662 Livestock Rd","Belle Fourche","SD","57717","6058923142","6058922655","515402","Livestock Auction Markets","www.bellefourchelivestock.com","0","0"
"SCOTT PETERSON MOTORS","6058922643","30 5TH AVE","BELLE FOURCHE","12100000","SCOTT PETERSON","Owner","M","25590","P","Peterson Scott Motors","spmotors@mato.com","30 5th Avenue","Belle Fourche","SD","57717","6058922643","6058923004","559999","Ret Misc Vehicles Repair Services Plumbing/heating/air","scottpetersonmotors.com","0","0"
"LOWE ROOFING INC","6052692211","12079 ROSE LOOP","WHITEWOOD","5300000","ROBERT DOUGLAS","Owner","M","6207","L","Lowe Roofing","lri@mato.com","null","WHITEWOOD","SD","57793","6052692211","null","176109","Roofing Contractors","loweroofinginc.com","0","0"
"NORTHERN EXTRUSION TOOLING INC","6056653603","905 W 19TH ST","YANKTON","3000000","BILL BERRY","President","M","19269","N","Northern Extrusion Toolin","northern1@mcleodusa.net","905 W 19th Street  PO Box 562","YANKTON","SD","57078","6056653603","null","5251","Tools","NORTHERNEXTRUSIONTOOLING.COM","0","0"
"Medicine Shoppe Pharmacy","6056658042","218 W 4th St","Yankton","1464000","Roger Renner","Owner","Mal","5299","M","Medicine Shoppe Pharmacy","RogerRenner@medicineshoppe.com","218 W 4th St","Yankton","SD","57078","NULL","6056658042","591205","Pharmacies","NULL","0","2"
"Medicine Shoppe Pharmacy","6058864207","525 5th St SE","Watertown","1464000","Monica Zirbel","Owner","Fem","12107","M","Medicine Shoppe Pharmacy","Monica@medicineshoppe.com","525 5th St SE","Watertown","SD","57201","6058860644","6058864207","591205","Pharmacies","NULL","0","2"
"Medicine Shoppe Pharmacy","6059967751","1007 N Main St","Mitchell","4575000","Jim Beakler","Owner","Mal","22876","M","Medicine Shoppe Pharmacy","Jim@medicineshoppe.com","1007 N Main St","Mitchell","SD","57301","6059964196","6059967751","591205","Pharmacies","NULL","0","2"
"BRIDGES BAR & GRILLE","6057346376","1500 SHORELINE DR","OACOMA","6000000","RONALD MADISON","Manager","M","11208","C","Cedar Shore Resort Bridges Bar","cthomas@mega-net.com","1500 Shoreline Dr","Oacoma","SD","57365","6057346376","6057346376","701111","Resorts","www.mega-classics.com","0","1"
"Dan O's Marine","6052246612","1515 E Sioux Ave","Pierre","1992000","Mike Koch","Owner","Mal","25763","D","Dan O''s Marine","danomarine@midco.net","1515 E Sioux Ave","Pierre","SD","57501","6052246612","6052246612","555104","Boat Dealers Sales & Service","www.danosmarine.com","0","0"
"MIDCONTINENT COMMUNICATIONS","6053341200","410 S PHILLIPS AVE","SIOUX FALLS","2600000","TOM SIMMONS","Vice-President","M","12778","M","Midcontinent Communications","mccomm@midco.net","425 S 1st Ave","Sioux Falls","SD","57104","6053386794","6053575510","731305","Advertising-Television","www.midcocomm.com","0","0"
"HARMS OIL CO","6052254441","411 10TH AVE SW","ABERDEEN","4600000","LAVON MILLER","Manager","F","13144","H","HARMS OIL CO","harmsoil@midco.net","41110th Ave SW","ABERDEEN","SD","57401","6052254441","6052257264","131103","Oil Companies","DAKOTAOIL.NET","0","0"
"Aberdeen Park & Rec Dept","6056267015","612 10th Ave SE","Aberdeen","1740000","Doug Johnson","Executive Director","Mal","16443","A","Aberdeen Public Works Dept","compsvc2@midco.net","123 S Lincoln St","Aberdeen","SD","57401","6056267015","6056267010","161104","Parking Area/Lots Maintenance & Marking","www.aberdeen.sd.us","0","0"
"GRAND PRAIRIE FOODS","6053345332","1400 N CLEVELAND AVE","SIOUX FALLS","1600000","KURT LOUENBACK","Owner","M","20339","D","Dakota Foods","rstruss@midco.net","21024 421st Ave","SIOUX FALLS","SD","57103","6053345332","6053341024","203204","Food Specialties","DAKOTAFOODS.COM","0","0"
"Dan O's Marine","6052246612","1515 E Sioux Ave","Pierre","1992000","Mike Koch","Owner","Mal","21732","D","Dan O's Marine","danosmarine.danos@midconetwork.com","1515 E Sioux Ave","Pierre","SD","57501","NULL","6052246612","555104","Boat Dealers Sales & Service","www.danosmarine.com","0","0"
"Aberdeen Park & Rec Dept","6056267015","612 10th Ave SE","Aberdeen","1740000","Doug Johnson","Executive Director","Mal","16030","A","Aberdeen Park & Rec Dept","att.coa@midconetwork.com","S Lloyd St & Melgaard Rd","Aberdeen","SD","57401","6056267989","6056267015","799951","Provincial Parks","www.aberdeen.sd.us","0","0"
"HURON MANUFACTURING","6053521412","550 NEVADA AVE SW","HURON","2500000","RANDALL SONDREAL","President","M","20945","H","Huron Manufacturing","murray.hmc@midconetwork.com","550 Nevada Ave SW","Huron","SD","57350","6053521608","6053521412","353198","Construction Machinery & Equip (Mfrs)","www.huronmanufacturing.com","0","0"
"WILLRODT MOTOR CO","6057345584","115 S COURTLAND ST","CHAMBERLAIN","5300000","WILLIAM WILLRODT","Owner","M","2148","W","Willrodt Motor Company","willrodt@midstatesd.net","115 South Courtland Ave","Chamberlain","SD","57325","6057345584","6057346483","559999","Ret Misc Vehicles Repair Services Plumbing/heating/air","willrodtmotor.com","0","0"
"Midstate Communications Inc","6057786221","120 E 1st St","Kimball","5328000","Mark Benten","Manager","Mal","23794","M","Midstate Communications Inc","internet@midstatesd.net","120 E 1st St","Kimball","SD","57355","6057788080","6057786221","481304","Telephone Companies","www.midstatesd.net","0","0"
"MEYERINK FARM SVC INC","6053372621","36794 SD HIGHWAY 44","PLATTE","2200000","DAVE MEYERINK","Manager","M","7933","M","Meyerink Farm Svc Inc","meyerinkfs@midstatesd.net","36794 SD Highway 44","Platte","SD","57369","6053372527","6053372621","769942","Farm Equipment-Repairing & Parts","www.meyerinkfs.com","0","0"
"Midwest Alarm Co","6053391709","2300 S Dakota Ave","Sioux Falls","22890000","Larry Mc Millen","Owner","Mal","15858","M","Midwest Alarm Company","bpokos@midwestalarm.com","2309 West 50th Street","SIOUX FALLS","SD","57105","6053391709","null","506324","Burglar Alarm Systems (Wholesale)","MIDWESTALARM.NET;MIDWESTALARM.ORG;MIDWESTALARM.TV","0","0"
"Midwest Alarm Co","6053391709","2300 S Dakota Ave","Sioux Falls","22890000","Larry Mc Millen","Owner","Mal","23230","M","Midwest Alarm Co","insurcert@midwestalarm.com","2300 S Dakota Ave","Sioux Falls","SD","57105","6053348186","6053391709","506304","Security Control Equip & Systems-Whol","www.midwestalarm.com","0","0"
"Modrick's Professional Travel","6053422700","803 Saint Patrick St","Rapid City","2088000","Lisa Modrick","Owner","Fem","18501","M","Modrick's Professional Travel","mike@modrick.com","803 Saint Patrick Street","Rapid City","SD","57701","null","6053423029","4724","Travel agents","null","0","0"
"MODRICKS TRAVEL","6053422700","803 SAINT PATRICK ST","RAPID CITY","2500000","LISA MODRICK","Owner","F","7614","M","Modrick''s Professional Travel","travel@modrick.com","803 Saint Patrick St","Rapid City","SD","57701","6053422700","6053422700","472901","Airline Ticket Agencies","www.modrick.com","0","0"
"MOFFATT PRODUCTS INC","6058865700","222 CESSNA ST","WATERTOWN","1500000","DAVE MOFFATT","President","M","14361","M","Moffatt Products Inc","bstee@moffattproducts.com","222 Cessna St","Watertown","SD","57201","6058865756","6058865700","364503","Lamps-Manufacturers","www.moffattproducts.com","0","0"
"Mueller's Pallets","6053682440","27059 S Mueller Ave","Sioux Falls","3910000","Henry Mueller","Owner","Mal","21084","M","Mueller's Pallets","johnk@mpallets.com","27059 S Mueller Ave","Sioux Falls","SD","57108","6053682440","6053689845","244801","Pallets & Skids-Manufacturers","www.mpallets.com","0","0"
"MUELLERS PALLETS LLC","6053682440","27059 S MUELLER AVE","SIOUX FALLS","2800000","HENRY MUELLER","Owner","M","21084","M","Mueller's Pallets","johnk@mpallets.com","27059 S Mueller Ave","Sioux Falls","SD","57108","6053682440","6053689845","244801","Pallets & Skids-Manufacturers","www.mpallets.com","0","0"
"QUALITY QUICK PRINT","6052262541","112 N MAIN ST","ABERDEEN","48100000","ROGER FEICKERT","Chief Executive Office","M","23504","Q","Quality Quick Print","production@mqprint.com","1923 6th Ave SE","Aberdeen","SD","57401","6052263141","6052262541","275202","Printers","www.mqprint.com","0","0"
"MIDSTATES PRINTING INC","6052262541","4820 CAPITAL AVE NE","ABERDEEN","48100000","ROGER FEICKERT","Chief Executive Office","M","19556","M","Midstates Printing Inc","digital@mqprint.com","4320 Capital Ave NE","Aberdeen","SD","57401","6052258578","6052255287","733105","Advertising-Direct Mail","www.mqprint.com","0","0"
"Orbitcom","6059776900","1701 N Louise Dr","Sioux Falls","8325000","Brad Van Luer","Owner","Mal","20604","O","Orbitcom","bradvanluer@myorbitcom.com","1701 N Louise Dr","Sioux Falls","SD","57107","NULL","6059776900","481304","Telephone Companies","NULL","0","0"
"NORTHERN EXTRUSION TOOLING INC","6056653603","905 W 19TH ST","YANKTON","3000000","BILL BERRY","President","M","15184","N","Northern Extrusion Tooling Inc","mailtohermanh@northernextrusiontooling.com","905 W 19th St","Yankton","SD","57078","6056689092","6056653603","354407","Tool & Die Makers","www.northernextrusiontooling.com","0","0"
"Aberdeen Equipment Co","6052250505","5055 Highway 12 E","Aberdeen","11454000","Brad Herther","President","Mal","24650","A","Aberdeen Equipment Co","waynerec@nrctv.com","5055 Highway 12 E","Aberdeen","SD","57401","6052263329","6052250505","508310","Farm Equipment (Wholesale)","www.redeq.com","0","0"
"HUB CITY LIVESTOCK AUCTION INC","6052253273","2502 S 5TH ST","ABERDEEN","10700000","RICK HELLWIG","Owner","M","8389","H","Hub City Livestock Auction Inc","hubcitylivestock@nrctv.com","2502 S 5th St","Aberdeen","SD","57401","6052253273","6052253979","515401","Livestock Buyers","www.hubcitylivestock.com","0","0"
"MEYERS TRACTOR SALVAGE","6052250185","39012 128TH ST","ABERDEEN","1800000","PAUL MYERS","Owner","M","23710","M","Meyers Tractor Salvage","meyers@nrctv.com","39012 128th St","Aberdeen","SD","57401","6052250302","6052250185","508310","Farm Equipment (Wholesale)","www.meyerstractor.com","0","0"
"BUDGET BLINDS","6056223286","908 N LLOYD ST","ABERDEEN","5300000","SCOTT WITLOCK","Owner","M","19185","G","Golf'n Toys","cantjam@nvc.net","709 16th Ave. N.E. - Aberdeen","ABERDEEN","SD","57401","6056223286","null","5941","Golf equipment","GOLFNTOYS.COM","0","0"
"MEYERS TRACTOR SALVAGE","6052250185","39012 128TH ST","ABERDEEN","1800000","PAUL MYERS","Owner","M","18772","M","Meyers Tractor Salvage","wmeyers@nvc.net","PO Box 183","GETTYSBURG","SD","57401","6052250185","null","352304","Mfg Farm Machinery/equipment","MEYERSTRACTOR.COM","0","0"
"HOUSE OF GLASS INC","6052252010","2 N STATE ST","ABERDEEN","4800000","STAN ALBRECHT","President","M","6682","h","house of glass","housglas@nvc.net","2 north state street","ABERDEEN","SD","57401","6052252010","6052257454","5719","Glass & mirrors","HOUSE-OF-GLASS.COM","0","0"
"JARK WORLIE AUCTION SVC","6052251828","221 S 1ST ST","ABERDEEN","1100000","KEN JARK","Owner","M","12463","J","Jark Auction","jarkauction@nvc.net","421 S 1st St","ABERDEEN","SD","57401","6052251828","6052262389","738901","Auctioneers","JARKAUCTION.COM","0","1"
"H C CLARK IMPLEMENT CO","6052258170","4411 HIGHWAY 12 E","ABERDEEN","3200000","LUCAS HILGEMAN","Manager","M","25265","H","H C Clark Implement Co","clarkimp@nvc.net","4411 Highway 12 E","Aberdeen","SD","57401","6052254671","6052258170","508310","Farm Equipment (Wholesale)","www.clarkimp.com","0","0"
"Aberdeen Living Ctr","6052257315","1700 N Highway 281","Aberdeen","4800000","Tim Kennedy","Administrator","Mal","25743","A","Aberdeen Living Ctr","ECarlson@nvc.net","1700 N Highway 281","Aberdeen","SD","57401","6052250078","6052257315","805101","Nursing & Convalescent Homes","NULL","0","0"
"Clark Engineering Corp","6052253494","1011 1st Ave SE","Aberdeen","1896000","Lonnie Anderson","Manager","Mal","10317","C","Clark Engineering Corp","clarkabn@nvc.net","POBox20","ABERDEEN","SD","57401","6052253494","null","871106","Engineers","CLARKABN.COM","0","0"
"Rea Hybrids","6052257061","4745 6th Ave SE","Aberdeen","1485000","Wendell Rea","Owner","Mal","21547","R","Rea Hybrids","reahybrd@nvc.net","4745 6th Ave SE","Aberdeen","SD","57401","6052257791","6052257061","526129","Seeds & Bulbs-Retail","www.reahybrids.net","0","0"
"G & R Controls","6053363788","2201 E 54th St N","Sioux Falls","58562000","Mike Mechtenberg","Owner","Mal","18998","G","G & R Controls","MikeMechtenberg@oconnorco.com","2201 E 54th St N","Sioux Falls","SD","57104","6053360269","6053363788","506328","Controls Control Systs/Regulators (Whol)","NULL","0","0"
"PAULSEN MARKETING COMMS","6053361745","3510 S 1ST AVENUE CIR","SIOUX FALLS","2500000","THANE PAULSEN","Owner","M","22436","P","Paulsen Marketing Comms","T-Paulsen@paulsenmarketing.com","3510 S 1st Avenue Cir","Sioux Falls","SD","57105","6053362305","6053361745","731101","Advertising-Agencies & Counselors","NULL","0","0"
"PAULSEN MARKETING COMMS","6053361745","3510 S 1ST AVENUE CIR","SIOUX FALLS","2500000","THANE PAULSEN","Owner","M","18634","T","TD Services","ssteever@paulsenmarketing.com","4400 Chippewa Cir #2","SIOUX FALLS","SD","57105","6053361745","6053369893","729922","Buyers Information Service","5KGIVEAWAY.COM^^5KGIVEAWAY2.COM^^CMESUPPORT.COM^^CMESUPPORT.NET^^CMESUPPORT.ORG^^CURRENTPLANET.COM^^","0","0"
"PIZZA RANCH","6059975101","108 N WIND ST","FLANDREAU","66000000","RANDY WADE","Owner","M","16621","P","Pizza Ranch","R_Wade@pizzaranch.com","108 N Wind St","Flandreau","SD","57028","6059973194","6059975101","581222","Pizza","NULL","0","0"
"PIZZA RANCH","6059870099","719 E 5TH ST","CANTON","66000000","SCOTT FRANK","Manager","M","1172","P","Pizza Ranch","duff@pizzaranch.com","719 E 5th St","Canton","SD","57013","6416483322","6059870099","581222","Pizza","www.pizzaranch.com","0","0"
"PIZZA RANCH","6055826322","202 S SPLITROCK BLVD","BRANDON","66000000","DARRELL VANDER ESCH","Owner","M","14942","P","Pizza Ranch","DarrellV@pizzaranch.com","200 S Splitrock Blvd","Brandon","SD","57005","6055823911","6055826322","581222","Pizza","NULL","0","0"
"PIZZA RANCH","6052239114","PO BOX 309","FORT PIERRE","66000000","JIM LARSEN","Owner","M","18376","P","Pizza Ranch","Larsen_Jim@pizzaranch.com","PO Box 309","Fort Pierre","SD","57532","6052239721","6052239114","581222","Pizza","NULL","0","0"
"PIZZA RANCH","6055283663","PO BOX 457","HARTFORD","66000000","TODD PHARRIS","Owner","M","17373","P","Pizza Ranch","Todd.Pharris@pizzaranch.com","PO Box 457","Hartford","SD","57033","NULL","6055283663","581222","Pizza","NULL","0","0"
"Pizza Ranch","6052563333","1111 NW 2nd St","Madison","1400000","Tom Bernard","Owner","Mal","16153","P","Pizza Ranch","Tom@pizzaranch.com","W Highway 34 & Highway 81","Madison","SD","57042","6052569073","6052563333","581222","Pizza","NULL","0","0"
"PLAY IT AGAIN SPORTS","6053392444","1208 W 41ST ST","SIOUX FALLS","27300000","DAVID RUST","Owner","M","25533","P","Play It Again Sports","R.David@playitagainsports.com","1208 W 41st St","Sioux Falls","SD","57105","NULL","6053392444","594113","Sporting Goods-Retail","NULL","0","0"
"PLAY IT AGAIN SPORTS","6052258281","224 S MAIN ST","ABERDEEN","27300000","BOB MASTERS","Owner","M","6810","P","Play It Again Sports","Masters@playitagainsports.com","224 S Main St","Aberdeen","SD","57401","NULL","6052258281","594113","Sporting Goods-Retail","NULL","0","0"
"PLAY IT AGAIN SPORTS","6053417529","660 N LACROSSE ST","RAPID CITY","27300000","JIM THOMPSON","Manager","M","16072","P","Play It Again Sports","Jim_Thompson@playitagainsports.com","660 N Lacrosse St","Rapid City","SD","57701","6053415031","6053417529","594113","Sporting Goods-Retail","NULL","0","0"
"PRINCE MANUFACTURING CORP","6052351220","612 N DERBY LN","N SIOUX CITY","8500000","RHEA GEARY","President","F","24332","P","Prince Manufacturing Corp","carnesd@princehyd.com","612 N Derby Ln","North Sioux City","SD","57049","6052351082","6052351220","508520","Hydraulic Equipment & Supplies (Whol)","www.princedirect.com","0","0"
"OMAHA LINE HYDRAULICS","6052329060","PO BOX 19","N SIOUX CITY","5200000","CLAY NELSON","Manager","M","5921","O","Omaha Line Hydraulics","prince@princehyd.com","106 Freedom Dr","North Sioux City","SD","57049","7122520547","6052329060","359401","Fluid Power Pumps & Motors (Mfrs)","www.princehyd.com","0","0"
"DAKOTA MOBILE HYDRAULICS","6056921970","111 32ND AVE","BROOKINGS","2900000","TOBY NELSON","Manager","M","481","D","Dakota Mobile Hydraulics","prince@princehyd.com","111 32nd Ave","Brookings","SD","57006","7122520547","6056921970","359302","Cylinders-Air & Hydraulic-Manufacturers","www.princehyd.com","0","0"
"PROSTROLLOS ALL AMERICAN AUTO","6052569111","PO BOX 288","MADISON","21400000","PAT PROSTROLLO","Owner","M","21542","P","Prostrollo Motor Company","automall@prostrollo.com","1001 South Washington Avenue","Madison","SD","57042","6052569111","6052566824","559999","Ret Misc Vehicles Repair Services Plumbing/heating/air","prostrolloautomall.com","0","0"
"Radio Shack","6056425421","635 N Main St","Spearfish","2261000","Mark Kazmer","Owner","Mal","25045","R","Radio Shack","Kazmer_Mark@radioshack.com","635 N Main St","Spearfish","SD","57783","6056420424","6056425421","573117","Electronic Equipment & Supplies-Retail","NULL","0","0"
"Radio Shack","6052262916","3315 6th Ave SE # 10","Aberdeen","1938000","Dave Mink","Manager","Mal","19295","R","Radio Shack","radioshack.online.privacy@radioshack.com","3315 6th Ave SE # 10","Aberdeen","SD","57401","8124601553","6052262916","573117","Electronic Equipment & Supplies-Retail","www.radioshack.com","0","0"
"BLACK HILLS BADLANDS & LAKES","6053553600","1851 DISCOVERY CIR","RAPID CITY","4100000","BILL HONERKAMP","President","M","25867","B","Black Hills Badlands & Lakes","rdcook@rap.midco.net","1851 Discovery Cir","Rapid City","SD","57701","6053553601","6053553600","472401","Tourist Information","www.blackhillsbadlands.com","0","0"
"Custer State Park Resort Co","6052554772","HC 83 Box 74","Hermosa","70350000","Phil Lampert","CEO","Mal","10888","C","Custer State Park Resort Co","wadel@rapidnet.com","Highway 16 A","Hermosa","SD","57744","6052554706","6052554772","599940","Wedding Supplies & Services","www.custerresorts.com","0","0"
"EDDIES TRUCK SALES","6053484900","1002 E OMAHA ST","RAPID CITY","20200000","CRAIG UHRE","President","M","7951","E","Eddie''s Truck Sales","trucks@rapidnet.com","1002 E. Omaha St","RAPID CITY","SD","57701","6053484900","null","861103","Sales Organizations","RAPIDCITYFREIGHTLINER.COM","0","0"
"STANLEY HOME PRODUCTS","6053475420","1743 JUNCTION AVE","STURGIS","8500000","DONNA HARGMAN","Manager","F","13280","S","Stanley Home Products","svgn19c@rapidnet.com","1743 Junction Ave","Sturgis","SD","57785","6053475420","6053475420","531108","Home & Personal Care Products","www.sthsturgis.com","0","0"
"Sylvan Lake Resort","6055742561","Highway 87 & 89","Custer","6375000","Terry Mahan","Manager","Mal","6007","S","Sylvan Lake Resort","wadel@rapidnet.com","Highway 87 & 89","Custer","SD","57730","6052554706","6055742561","701111","Resorts","www.custerresorts.com","0","1"
"RAPID CITY WATER DEPT","6053944125","1111 MOUNTAIN VIEW RD","RAPID CITY","2100000","JOHN WAGNER","Manager","M","15721","R","Rapid City Water Dept","brianm@rapidnet.com","1111 Mountain View Rd","Rapid City","SD","57702","6053944143","6053944125","963104","City Govt-Regulation/Adm-Comms/Utilities","www.rcgov.org","0","0"
"KKLS","6053436161","660 FLORMANN ST STE 100","RAPID CITY","2300000","LIA GREEN","President","F","220","K","KKMK","kkmk@rapidnet.com","2100 7th Street","RAPID CITY","SD","57701","6053436161","null","483301","Television Stations & Broadcasting Co","939kkmk.com","0","0"
"RUSHMORE PHOTO & GIFTS INC","6053420821","3305 S HIGHWAY 79","RAPID CITY","2300000","CAROL NIEMANN","Owner","F","18225","R","Rushmore Photo & Gifts;","rushmore@rapidnet.com","1221 Oregon St. - Rapid City","RAPID CITY","SD","57701","6053420821","16053427508","594515","Baskets","RUSHMOREPHOTO.COM","0","0"
"ALL CONTINENTS TRAVEL SVC","6053425863","832 SAINT JOSEPH ST","RAPID CITY","1000000","MICHELE MILLER","President","M","22776","m","mike lacroix","allcontinents@rapidnet.com","826 st joseph street","RAPID CITY","SD","57701","6053425863","6053421136","472402","Travel Agencies & Bureaus","allcontinentstravel.net","0","0"
"STECS ADVERTISING SPECIALTIES","6053480100","36 E CHICAGO ST","RAPID CITY","1700000","SHIRLEY STEC","Owner","F","10153","S","Stecs Advertising Specialties","stecs@rapidnet.com","36 East Chicago Street","RAPID CITY","SD","57701","6053483849","null","731999","Advertising Nec","stecsintl.com","0","0"
"L & J Golden Circle Tours","6056734349","Highway 16a","Custer","1596000","Larry Matthesen","Owner","Mal","20253","L","L & J Golden Circle Tours","ljmatt@rapidnet.com","Highway 16a","Custer","SD","57730","6056735338","6056734349","799963","Sightseeing Tours","www.goldencircletours.com","0","0"
"Reptile Gardens","6053425873","8955 S Highway 16","Rapid City","9400000","Joe Maierhauser","President","Mal","4381","R","Reptile Gardens","terry@reptilegardens.com","8955 S Highway 16","Rapid City","SD","57702","6053425873","6053426249","738932","Convention Information Bureaus","www.reptile-gardens.com","0","0"
"Reptile Gardens","6053425873","8955 S Highway 16","Rapid City","9400000","Joe Maierhauser","President","Mal","17777","R","Reptile Gardens","getinfo@reptilegardens.com","8955 S Highway 16","Rapid City","SD","57702","6056732244","6053425873","738932","Convention Information Bureaus","www.custersd.com","0","0"
"RHINO LININGS","6053436670","350 CREEK DR","RAPID CITY","12000000","","Unknown","","24136","R","Rhino Linings","L-Grimm@rhinoliningsandiego.com","350 Creek Dr","Rapid City","SD","57703","NULL","6053436670","347904","Coatings-Protective-Manufacturers","NULL","0","0"
"Rhino Linings","6057230316","790 State St","Belle Fourche","1792000","Les Grimm","Owner","Mal","8515","R","Rhino Linings","G_Les@rhinoliningsandiego.com","790 State St","Belle Fourche","SD","57717","NULL","6057230316","501373","Truck Accessories (Wholesale)","NULL","0","0"
"Rice Honda","6053422242","301 Cambell St","Rapid City","5296000","Don Rice","Owner","Mal","23558","R","Rice Honda","Don@ricehondasuzuki.com","301 Cambell St","Rapid City","SD","57701","6053425058","6053422242","557106","Motorcycles & Motor Scooters-Dealers","NULL","0","0"
"Roadway Express Inc","6053392526","3408 W Hovland Ave","Sioux Falls","1510000","Charlie Galloway","Manager","Mal","2125","R","Roadway Express Inc","carlos.tejeiro@roadway.com","3408 W Hovland Ave","Sioux Falls","SD","57107","6053392526","6053390580","421309","Trucking-Motor Freight","www.roadway.com","0","0"
"Roadway Express Inc","6053392526","3408 W Hovland Ave","Sioux Falls","1510000","Charlie Galloway","Manager","Mal","24535","R","Roadway Express Inc","invoicing@roadway.com","3408 W Hovland Ave","Sioux Falls","SD","57107","8042715164","6053392526","421309","Trucking-Motor Freight","www.roadway.com","0","0"
"St Onge Livestock Co LTD","6056422200","1101 Center St","St Onge","84535000","Curt Olson","Manager","Mal","23856","S","St Onge Livestock Co LTD","stonge@rushmore.com","1101 Center St","St Onge","SD","57779","6056427628","6056422200","515403","Livestock-Dealers (Wholesale)","www.stongelivestock.com","0","0"
"QUEEN CITY MOTORS CO","6056422766","1900 NORTH AVE","SPEARFISH","20200000","RANDY HARMS","Owner","M","25441","Q","Queen City Motors Company","qcmotors@rushmore.com","1900 North Ave","Spearfish","SD","57783","6056422766","6056424618","559999","Ret Misc Vehicles Repair Services Plumbing/heating/air","queencitymotors.com","0","0"
"STORYBOOK ISLAND","6053426357","1301 SHERIDAN LAKE RD","RAPID CITY","5600000","TODD GREGSON","Executive Director","M","3781","S","Storybook Island","storybookisland@rushmore.com","1301 Sheridan Lake Rd","Rapid City","SD","57702","6053426377","6053426357","738932","Convention Information Bureaus","www.storybookisland.com","0","0"
"RAPID CITY STREET DEPT","6053944152","605 STEELE AVE","RAPID CITY","5700000","DON BRUMBAUGH","Manager","M","23130","R","Rapid City Street Dept","brianm@rushmore.com","605 Steele Ave","Rapid City","SD","57701","6053942232","6053944152","161104","Parking Area/Lots Maintenance & Marking","www.rcgov.org","0","0"
"KOTAGRAPHICS","6053436089","2951 N PLAZA DR STE 103","RAPID CITY","1600000","CAROLYN JOHNSON","Owner","F","21467","K","Kotagraphics","sljohnson@rushmore.com","2951 N Plaza Dr # 103","Rapid City","SD","57702","6053436757","6053436089","504403","Copying & Duplicating Machines & Supls","www.kotagraphics.com","0","0"
"KONSTANT & KLEIN APPRAISALS","6056421554","617 DAHL RD","SPEARFISH","1200000","MARLIN KONSTANT","Owner","M","20357","K","Konstant &Amp; Klein","kkoapraz@rushmore.com","617 Dahl Rd.","Spearfish","SD","57783","6056421554","-","522310","BUILDING MATERIALS, HARDWARE, GARDEN SUPPLY, AND MOBILE HOME DEALERS","NAMB","0","0"
"CLOCK TOWER OFFICE PLAZA","6053483443","PO BOX 9697","RAPID CITY","1100000","","Unknown","","1753","C","Clock Tower Office Plaza","downes@rushmore.com","PO Box 9697","Rapid City","SD","57709","6053483443","6053483443","651202","Office Buildings & Parks","www.clocktowerplaza.com","0","0"
"FMG Engineering","6053424105","3700 Sturgis Rd","Rapid City","3312000","Allen Foster","Owner","Mal","14549","F","FMG Engineering","FosterA@rushmore.com","3700 Sturgis Rd","Rapid City","SD","57702","6053424222","6053424105","871111","Engineers-Consulting","NULL","0","0"
"Quik Quarter Want Ads","6053435802","418 E Saint Joseph St","Rapid City","2508000","Carson Aasen","Owner","Mal","5833","Q","Quik Quarter Want Ads","quikads@rushmore.com","418 E Saint Joseph St","Rapid City","SD","57701","6053431096","6053435802","731106","Advertising-Newspaper","www.quikquarter.net","0","0"
"Sanborn Telephone","6057964122","308 S Dumont Ave","Woonsocket","11655000","Gene C Kroell","Owner","Mal","18353","S","Sanborn Telephone","Gene@santel.net","308 S Dumont Ave","Woonsocket","SD","57385","6057964419","6057964122","481304","Telephone Companies","NULL","0","0"
"CORN PALACE","6059965031","603 N MAIN ST","MITCHELL","11300000","DALE ODEGAARD","Executive Director","M","25036","C","Corn Palace","indianvillage@santel.net","603 N Main St","Mitchell","SD","57301","6059968273","6059965031","738932","Convention Information Bureaus","www.cornpalace.com","0","0"
"Dakota Promotions Inc","6053524848","1984 Old Highway 14 NW","Huron","5040000","Orville Chenoweth","Owner","Mal","13261","D","Dakota Promotions Inc","ochenoweth@santel.net","1984 Old Highway 14 NW","Huron","SD","57350","6053523242","6053524848","794801","Race Tracks","www.dakotapromotions.com","0","1"
"Olsen Implement GMC","6053527100","2025 Us Highway 14 W","Huron","9800000","Steve Marcus","Owner","Mal","24295","O","Olsen Implement GMC","olsenimp@santel.net","2025 Us Highway 14 W","Huron","SD","57350","6053527071","6053527100","508310","Farm Equipment (Wholesale)","www.olsenimplement.com","0","0"
"MDS MANUFACTURING INC","6059287951","1301 S SD HIGHWAY 37","PARKSTON","2200000","STEVE HOHN","Owner","M","22727","M","Mds Manufacturing Inc","mds@santel.net","1301 S SD Highway 37","Parkston","SD","57366","6059287952","6059287951","352304","Farm Equipment-Manufacturers","www.mdsmfg.com","0","0"
"COWAN RANCH","6058522073","PO BOX 455","HIGHMORE","1300000","TODD COWAN","Owner","M","5319","C","Cowan Ranch","cowan@sbtc.net","909 SE 4th St","Highmore","SD","57345","6058522073","6058522073","515403","Livestock-Dealers (Wholesale)","www.cowanranch.com","0","0"
"Farmer's Co-Op Elevator","6056983251","101 W Oak St","Sisseton","1484000","Kevin Laub","Manager","Mal","18818","F","Farmer's Co-Op Elevator","sisselev@sbtc.net","101 W Oak St","Sisseton","SD","57262","6056987518","6056987518","422101","Grain Elevators","www.sissetonelevator.com","0","0"
"SCOTT PETERSON MOTORS","6058922643","30 5TH AVE","BELLE FOURCHE","12100000","SCOTT PETERSON","Owner","M","5884","S","Scott Peterson Motors","Scott@scottpetersonmotors.com","607 7th Ave","Belle Fourche","SD","57717","NULL","6058926573","753812","Truck-Repairing & Service","NULL","0","0"
"STOCKMENS LIVESTOCK MARKET","6056659641","E HIGHWAY 50 STE E","YANKTON","8000000","GAIL SOHLER","Owner","F","36","L","Livestock Auction Mkt","stockmen@sd.value.net","Po Box 280","YANKTON","SD","57078","6056659641","16056659644","738901","Auctioneers","STOCKMENSLIVESTOCK.COM^^STOCKMENSLIVESTOCKMARKET.COM","0","1"
"Keystone Treatment Ctr","6053351820","704 N West Ave # 100","Sioux Falls","2610000","Steve O'Brien","Manager","Mal","24265","K","Keystone Treatment Ctr","keyeap@sd.value.net","704 N West Ave # 100","Sioux Falls","SD","57104","6053353282","6053351820","839901","Drug Abuse & Addiction Info & Treatment","www.keysolutionseap.com","0","0"
"Shopko","6053381118","1601 W 41st St","Sioux Falls","19440000","Jeff Hinkle","Manager","Mal","24055","S","Shopko","mary.corbisier@shopko.com","1601 W 41st St","Sioux Falls","SD","57105","6088333023","6053381118","531102","Department Stores","www.shopko.com","0","1"
"SIOUX FALLS CONVENTION BUREAU","6053361620","200 N PHILLIPS AVE STE 102","SIOUX FALLS","2500000","TERELLIS SCHMIDT","Executive Director","F","19891","S","Sioux Falls Convention Bureau","enolte@siouxfalls.com","200 N Phillips Ave # 102","Sioux Falls","SD","57104","6053361620","6053361620","738932","Convention Information Bureaus","www.siouxfallschamber.com","0","0"
"SOO SPORTS SALES","6053390947","2009 W 47TH ST","SIOUX FALLS","3900000","FRED STAUFFACHER","Owner","M","4906","S","Soo Sport Sales Inc.","billin@soosportsales.com","2009 W. 47th","SIOUX FALLS","SD","57105","6053390947","null","5311","Retail shops","soosportsales.com","0","0"
"SPLASH CITY","6053316016","1201 W 41ST ST","SIOUX FALLS","2600000","JEFF ARMSTRONG","Owner","M","5641","S","Splash City","JeffArmstrong@splashcityinc.com","1201 W 41st St","Sioux Falls","SD","57105","6053315586","6053316016","599917","Hot Tubs & Spas","NULL","0","0"
"Splash City","6052328976","1246 River Dr","North Sioux City","1230000","Jeff Armstrong","Owner","Mal","17589","S","Splash City","Jeff@splashcityinc.com","1246 River Dr","North Sioux City","SD","57049","NULL","6052328976","509101","Billiard Equipment & Supplies (Whol)","NULL","0","0"
"GESSWEIN MOTORS INC","6054325501","802 S DAKOTA ST","MILBANK","13300000","JAMES GESSWEIN","Owner","M","25540","G","Gesswein Motors","jgcars@sstel.net","802 S Dakota Street  PO Box 71","MILBANK","SD","57252","6054325501","6054325255","559999","Ret Misc Vehicles Repair Services Plumbing/heating/air","CLASSICPERFORMANCECARS.COM^^GESSWEINMOTORS.COM","0","0"
"VALLEY FARM EQUIPMENT INC","6054324576","1202 S DAKOTA ST","MILBANK","3700000","ROBERT BEIRSBACH","Owner","M","3595","V","Valley Farm Equipment Inc","vfesalesdept@sstel.net","PO Box 352","Milbank","SD","57252","6054326456","6054324576","508310","Farm Equipment (Wholesale)","NULL","0","0"
"STAMPER BLACK HILLS GOLD JWLRY","6053420751","7201 S HIGHWAY 16","RAPID CITY","9600000","RODNEY STAMPER","President","M","15831","S","Stamper Black Hills Gold Jwlry","darrend@stamperbhg.com","7201 S Highway 16","Rapid City","SD","57702","6053439783","6053420751","391101","Jewelry-Manufacturers","www.stamperbhg.com","0","0"
"Stan Houston Equipment Co","6053363727","501 S Marion Rd","Sioux Falls","36675000","David Bozied","Owner","Mal","4804","S","Stan Houston Equipment Co","stanhouston@stanhouston.com","501 S Marion Rd","Sioux Falls","SD","57106","6053367860","6053363727","735949","Contractors-Equipment & Supls-Renting","www.stanhouston.com","0","0"
"Stan Houston Equipment Co","6053481155","1210 Deadwood Ave","Rapid City","5994000","Lee Winchester","Manager","Mal","2965","S","Stan Houston Equipment Co","stanhouston@stanhouston.com","1210 Deadwood Ave","Rapid City","SD","57702","6053367860","6053481155","508206","Contractors-Equip/Supls-Dlrs/Svc (Whol)","www.stanhouston.com","0","0"
"BLACK HILLS STAPLE & SPICE MKT","6053433900","601 MOUNT RUSHMORE RD","RAPID CITY","1600000","CAROL VELDHUIZEN","Owner","F","19266","B","Black Hills Staple & Spice Mkt","CarolV@stapleandspice.com","601 Mount Rushmore Rd","Rapid City","SD","57701","NULL","6053433900","549901","Health & Diet Foods-Retail","NULL","0","0"
"Sullivan Inc","6053394274","3101 N 4th Ave","Sioux Falls","16600000","Marian Sullivan","Owner","Fem","22536","S","Sullivan Inc","accounting@sullivangift.com","3101 N 4th Ave","Sioux Falls","SD","57104","6053399254","6053394274","599967","Artificial Flowers & Plants & Trees","www.sullivangift.com","0","0"
"Central Electric Cooperative","6059967516","1420 N Main St","Mitchell","25256000","Loren Noess","Manager","Mal","20159","C","Central Electric Cooperative; Inc","skroger@sunrisenet.com","PO Box 850","MITCHELL","SD","57301","6059967516","6059960869","173101","Electric Contractors","centralec.com","0","2"
"Central Electric Cooperative","6059967516","1420 N Main St","Mitchell","25256000","Loren Noess","Manager","Mal","9411","C","Central Electric Cooperative","skroger@sunrisenet.com","PO Box 850","MITCHELL","SD","57301","6059967516","6059960869","491101","ELECTRIC COMPANY","null","0","0"
"Supervalu","6054324543","222 E Railway Ave","Milbank","12350000","Bob Hartman","Manager","Mal","10402","S","Supervalu","HartmanBob@supervalu.com","222 E Railway Ave","Milbank","SD","57252","6054324902","6054324543","541105","Grocers-Retail","NULL","0","0"
"Supervalu","6058532426","308 N Broadway Ave","Miller","7410000","Bruce Tucker","President","Mal","4208","S","Supervalu","BruceT@supervalu.com","308 N Broadway Ave","Miller","SD","57362","6058533645","6058532426","541105","Grocers-Retail","NULL","0","0"
"Orbitcom","6059776900","1701 N Louise Dr","Sioux Falls","8325000","Brad Van Luer","Owner","Mal","15224","O","Orbitcom","orbitcomcustomercare@svtv.com","1701 N Louise Dr","Sioux Falls","SD","57107","6059776900","6059776900","481304","Telephone Companies","www.orbitcom.biz","0","0"
"WHITE HEALTHCARE CTR INC","6056292881","200 PATRICKS AVE","WHITE","5400000","LAMAY SCHUMACHER","Administrator","F","23275","W","White Healthcare Ctr Inc","hagroff@tealwoodcc.com","200 Patricks Ave","White","SD","57276","6056298871","6056292881","805101","Nursing & Convalescent Homes","www.tealwoodcc.com","0","0"
"HIGHMORE HEALTHCARE CTR","6058522255","410 8TH ST SE","HIGHMORE","1900000","LORI PETERSON","Administrator","F","25067","H","Highmore Healthcare Center","tinasch@tealwoodcc.com","410 8th Street SE","Highmore","SD","57345","6058522255","6058522282","809907","Health Services","null","0","2"
"ABERDEEN LIVESTOCK SALES CO","6052252062","38458 133RD ST","ABERDEEN","9300000","KEVIN LARSON","Owner","M","20099","A","Aberdeen Livestock Sales Co","jim@thorpeauction.com","PO Box 1827","ABERDEEN","SD","57401","6052257776","6052251637","738901","Auctioneers","ABERDEENLIVESTOCK.COM","0","1"
"THORPE AUCTION SVC INC","6052257776","1205 6TH AVE SW STE 3","ABERDEEN","1100000","JIM THORPE","Owner","M","20099","A","Aberdeen Livestock Sales Co","jim@thorpeauction.com","PO Box 1827","ABERDEEN","SD","57401","6052257776","6052251637","738901","Auctioneers","ABERDEENLIVESTOCK.COM","0","1"
"Thunder Road Go Karts & Mini","6058826959","825 3rd St SW","Watertown","1260000","John Sperry","Owner","Mal","7072","T","Thunder Road Go Karts & Mini","aberdeen@thunderroad.info","825 3rd St SW","Watertown","SD","57201","6058826959","6058826959","799601","Amusement Places","www.thunderroad.info","0","1"
"Thunder Road Go Karts & Mini","6058826959","825 3rd St SW","Watertown","1260000","John Sperry","Owner","Mal","9076","T","Thunder Road Go Karts & Mini","John-Sperry@thunderroad.info","825 3rd St SW","Watertown","SD","57201","NULL","6058826959","799601","Amusement Places","NULL","0","1"
"TMA Tire Muffler Alignment","6056652552","2101 Broadway Ave","Yankton","1768000","David Budig","Owner","Mal","12429","T","TMA Tire Muffler Alignment","David_Budig@tmastores.com","2101 Broadway Ave","Yankton","SD","57078","NULL","6056652552","553123","Tire-Dealers-Retail","NULL","0","0"
"TMA TIRE MUFFLER ALIGNMENT","6059961255","806 N MAIN ST","MITCHELL","1800000","JOSE RINCONES","Owner","M","22069","T","TMA Tire Muffler Alignment","Rincones@tmastores.com","806 N Main St","Mitchell","SD","57301","6059965513","6059961255","553123","Tire-Dealers-Retail","NULL","0","0"
"PRAIRIE STATE EQUIPMENT INC","6059965571","1909 S ROWLEY ST","MITCHELL","6100000","DEAN OEHLERKING","Owner","M","18888","P","Prairie State Equipment Inc","stevekoch@traileze.com","1909 S Rowley St","Mitchell","SD","57301","6059965572","6059965571","371502","Trailers-Truck-Manufacturers","www.traileze.com","0","0"
"BUSINESS PRODUCTS INC","6059966555","215 N LAWLER ST","MITCHELL","3600000","WAYNE KLINGER","Owner","M","11458","D","Dakota Manufacturing Inc","daledierks@traileze.com","1909 S Rowley","MITCHELL","SD","57301","6059966555","null","738999","Business Services Nec","trail-eze.com","0","0"
"Turkey Graphix","6053474911","1112 Lazelle St","Sturgis","2170000","Ken Mc Nenny","Owner","Mal","20155","T","Turkey Graphix","turkey@turkeygraphix.com","1112 Lazelle St","Sturgis","SD","57785","6053475841","6053474911","275902","Screen Printing","www.turkeygraphix.com","0","0"
"Tyco Plastics","6053340334","1800 N M Ave","Sioux Falls","69600000","Tim Leasure","Plant Mgr","Mal","14575","T","Tyco Plastics","peggy.weinand@tycoint.com","1800 N M Ave","Sioux Falls","SD","57104","6053341227","605-334-0334","2673","Plastics","Foil","0","0"
"Simplex Grinnell","6053393469","912 W Cherokee St","Sioux Falls","11445000","Kevin Wilson","Manager","Mal","25726","S","Simplex Grinnell","jorichards@tycoint.com","912 W Cherokee St","Sioux Falls","SD","57104","8084889618","6053393469","506308","Fire Alarm Systems (Wholesale)","www.simplexgrinnell.com","0","0"
"TYNDALL MOTORS INC","6055893441","PO BOX 618","TYNDALL","3600000","TOM LOGUE","Owner","M","21408","T","Tyndall Motors Inc","danr@tyndallmotors.com","406 W Highway 50","Tyndall","SD","57066","6055894150","6055893441","555104","Boat Dealers Sales & Service","www.tyndallmotors.com","0","0"
"HERREID LIVESTOCK MKT","6054372265","PO BOX 67","HERREID","12000000","HERMAN SCHUMACHER","President","M","23272","H","Herreid Livestock Mkt","auction@valleytel.net","1202 Main St N","Herreid","SD","57632","6054372634","6054372265","515402","Livestock Auction Markets","www.herreidlivestock.com","0","0"
"HERREID LIVESTOCK MKT","6054372265","PO BOX 67","HERREID","12000000","HERMAN SCHUMACHER","President","M","21862","H","Herreid Livestock Market","auction@valleytel.net","Highway 83 N","Herreid","SD","57632","6054372265","6054372634","738901","Auctioneers","null","0","1"
"West Pollock Resort","6058892448","29218 104th St","Pollock","2100000","Jack Volk","Manager","Mal","25846","W","West Pollock Resort","westpollock@valleytel.net","29218 104th St","Pollock","SD","57648","6058892503","6058892448","701111","Resorts","www.westpollockresort.com","0","1"
"CO-OP STATION","6054372974","PO BOX 296","HERREID","2200000","DENNIS MOSHER","Manager","M","24817","C","Co-Op Station","prescription@valleytel.net","111 S Main St","Herreid","SD","57632","6054372918","6054372974","422101","Grain Elevators","www.ncfe.coop","0","0"
"DAKOTA WOOD WORKING INC","6052842837","PO BOX 815","EUREKA","4800000","GREG HOFF","Owner","M","140","D","Dakota Wood Working Inc","dakotawood@valleytel.net","608 7th St","Eureka","SD","57437","6052842837","6052842837","571236","Cabinets","www.dakotawoodworking-sd.com","0","0"
"Walling Water Management","6053366710","2008 N Westport Ave","Sioux Falls","13176000","Merle Plucker","President","Mal","16852","W","Walling Water Management","Merle@wallingwater.com","2008 N Westport Ave","Sioux Falls","SD","57107","6053368045","6053366710","289905","Chemicals-Manufacturers","NULL","0","0"
"WESTERN PRINTING CO","6052291480","701 ENTERPRISE ST N","ABERDEEN","4100000","STEVE PFEIFFER","President","M","21747","W","Western Printing Companies","eric@westernprinting.net","701 Enterprise Street North  PO Box 1555","ABERDEEN","SD","57401","6052291480","6052292147","275202","Printers","AVERASTORE.COM","0","0"
"WEST MED REHAB","6053427004","318 MOUNT RUSHMORE RD","RAPID CITY","4200000","TIM PEDERSON","Owner","M","18030","W","West Med Rehab","tim.pederson@westmedrehab.com","318 Mount Rushmore Rd # E","Rapid City","SD","57701","6053427032","6053427004","504704","Physicians & Surgeons Equip & Supls-Whol","NULL","0","0"
"HORSLEY SPECIALTIES INC","6053425634","160 E MAIN ST N","RAPID CITY","9000000","ROBERT HORSLEY","President","M","24060","H","Horsley Specialties Inc","horsleymoorhead@worldnet.att.net","160 E Main St N","Rapid City","SD","57701","6053429546","6053425634","179926","Asbestos Removal Service","www.horsleyspecialties.com","0","1"
