"COUNTY FAIR FOOD STORE","6054285451","701 E 4TH ST","DELL RAPIDS","8000000","DON ROOT","Owner","M","753","C","County Fair Food Store","DonRoot@countyfairfoodstores.com","701 E 4th St","Dell Rapids","SD","57022","6054283449","6054285451","541105","Grocers-Retail","NULL","0","0"
"SIGN-A-RAMA","6053309960","1104 E 10TH ST","SIOUX FALLS","7500000","DON SOUTH","Owner","M","928","S","Sign-A-Rama","Don@signarama.com","1104 E 10th St","Sioux Falls","SD","57103","6053309934","6053309960","399302","Signs (Manufacturers)","NULL","0","0"
"WATERTOWN CO-OPERATIVE","6058864406","811 BURLINGTON NORTHERN DR","WATERTOWN","9000000","WAYNE HERMAN","Manager","M","1250","W","Watertown Co-Operative","cazona@vtc.net","810 Burlington Northern Dr","Watertown","SD","57201","6058860601","6058864406","519112","Feed-Dealers (Wholesale)","www.watercoop.com","0","0"
"WATERTOWN LIVESTOCK AUCTION","6058865052","PO BOX 256","WATERTOWN","8000000","ROGER KOEDAM","Owner","M","1492","W","Watertown Livestock Auction","RKoedam@watertownlivestock.com","PO Box 256","Watertown","SD","57201","6058860248","6058865052","515402","Livestock Auction Markets","NULL","0","0"
"INVISIBLE FENCE","6053314075","1500 N CLIFF AVE","SIOUX FALLS","8200000","JIM HODGES","Owner","M","2813","I","Invisible Fence","H_Jim@invisiblefence.com","1500 N Cliff Ave","Sioux Falls","SD","57103","NULL","6053314075","503903","Fence (Wholesale)","NULL","0","0"
"Doug's Anchor Marine","6058862828","1560 N Highway 20","Watertown","5652000","Douglas Root","Owner","Mal","2862","D","Doug's Anchor Marine","RootD@dougsanchormarine.com","1560 N Highway 20","Watertown","SD","57201","6058860113","6058862828","555104","Boat Dealers Sales & Service","NULL","0","0"
"SCOTCHMAN INDUSTRIES INC","6058592542","PO BOX 850","PHILIP","9200000","JERRY KROETCH","President","M","3545","S","SCOTCHMAN Industries Inc","Arthur.Kroetch@scotchman.com","PO Box 850","Philip","SD","57567","6058592499","6058592542","349903","Metal Goods-Manufacturers","NULL","0","0"
"Humphries Construction","6052250780","38876 Hobby Dr","Aberdeen","5256000","Darrell Humphries","Owner","Mal","4061","H","Humphries Construction","Humphries.Darrell@humphries-const.com","38876 Hobby Dr","Aberdeen","SD","57401","6056227747","6052250780","154210","Buildings-Metal","NULL","0","0"
"WESTERN HOUSING","6053381111","5701 W 12TH ST","SIOUX FALLS","5600000","BRUCE WOHLWEND","President","M","4346","W","Western Housing","B_Wohlwend@western-housing.com","5701 W 12th St","Sioux Falls","SD","57106","6053389281","6053381111","527102","Mobile Homes-Dealers","NULL","0","0"
"Mick's Electric","6053482335","1304 Oregon St","Rapid City","7872000","Michael Nagel","Owner","Mal","4582","M","Mick's Electric","Michael@mickselectric.net","1304 Oregon St","Rapid City","SD","57701","6053949343","6053482335","173101","Electric Contractors","NULL","0","2"
"Interstate Auto Ctr","6053682181","27276 Kenworth Pl","Harrisburg","8052000","Brad Meyer","Owner","Mal","4908","I","Interstate Auto Ctr","M_Brad@interstateautocenter.com","27276 Kenworth Pl","Harrisburg","SD","57032","6053682182","6053682181","551103","Automobile Dealers-Used Cars","NULL","0","1"
"DYNAMIC ENGINEERING","6058865545","221 CESSNA ST","WATERTOWN","9800000","ALEN HENRICKS","President","M","4934","D","Dynamic Engineering","rdavis@dyneng.com","PO Box 697","Watertown","SD","57201","6058864089","6058865545","359903","Machine Shops","NULL","0","0"
"MC LAUGHLIN LIVESTOCK AUCTION","6058234497","PO BOX 559","MC LAUGHLIN","9300000","SHON SAWYER","Owner","M","6271","M","Mc Laughlin Livestock Auction","Schott@mclaughlinlivestock.com","PO Box 559","Mc Laughlin","SD","57642","6058234230","6058234497","738901","Auctioneers","NULL","0","1"
"Jack Rabbit Charter & Tour","6053363339","3421 W Hovland Ave","Sioux Falls","5625000","Kevin Trager","Owner","Mal","7278","J","Jack Rabbit Charter & Tour","Kevin@jackrabbitlines.com","3421 W Hovland Ave","Sioux Falls","SD","57107","6053368731","6053363339","414201","Buses-Charter & Rental","NULL","0","0"
"Golden West Telecommunication","6057453103","1510 National Ave","Hot Springs","7992000","Jerry Schroeder","Manager","Mal","7981","G","Golden West Telecommunication","helpdesk@goldenwest.net","1510 National Ave","Hot Springs","SD","57747","6053481031","6057453103","481304","Telephone Companies","www.rapidnet.com","0","0"
"EGGER STEEL CO","6053362490","909 S 7TH AVE","SIOUX FALLS","7800000","DOUG JOHNSON","President","M","8270","E","Egger Steel Co","btuley@eggersteel.com","909 S 7th Ave","Sioux Falls","SD","57104","6053323023","6053362490","344106","Steel-Structural (Manufacturers)","www.eggersteel.com","0","0"
"Enercept Building Systems","6058822222","3100 9th Ave SE","Watertown","9513000","Doug Bierschbach","President","Mal","10614","E","Enercept Building Systems","Doug_Bierschbach@enercept.com","3100 9th Ave SE","Watertown","SD","57201","6058822753","6058822222","871213","Home Design & Planning Service","NULL","0","0"
"Sioux Falls Tower & Cmmnctns","6053316972","2224 E 39th St N","Sioux Falls","6072000","Craig Snyder","President","Mal","10908","S","Sioux Falls Tower & Cmmnctns","dscott@siouxfallstower.com","2224 E 39th St N","Sioux Falls","SD","57104","6053327833","6053316972","344102","Towers (Manufacturers)","www.siouxfallstower.com","0","0"
"POOL & SPA CTR","6053949445","2447 W MAIN ST","RAPID CITY","5300000","GARY ROBINSON","Owner","M","10983","P","Pool & Spa Ctr","G-Robinson@poolsandspas.com","2447 W Main St","Rapid City","SD","57702","6053433589","6053949445","599917","Hot Tubs & Spas","NULL","0","0"
"LAWRENCE & SCHILLER","6053388000","3932 S WILLOW AVE","SIOUX FALLS","8700000","PAUL SCHILLER","Owner","M","11372","L","Lawrence & Schiller","jim@l-s.com","PO Box 291","SIOUX FALLS","SD","57105","null","null","203204","Food Specialties","ORIONFOOD.COM","0","0"
"One World Distr","6058457172","10 1st Ave E","Mobridge","5040000","Thomas Unterseher","Owner","Mal","11798","O","One World Distr","heather@owd.com","10 1st Ave E","Mobridge","SD","57601","6058457627","6058457172","422502","Warehousing-Field","www.owd.com","0","0"
"TRAIL-EZE TRAILERS","6059965571","1909 S ROWLEY ST","MITCHELL","6700000","A DEAN OEHLERKING","Chief Executive Office","M","11992","T","TRAIL-EZE Trailers","GComeau@idiominc.com","200 5th Ave.","Waltham","SD","57301","7814646100","781-464-6000","7372","Prepackaged Software (mass reproduction of software)","NULL","0","0"
"HESCO","6058841100","500 19TH ST SW","WATERTOWN","6400000","BRUCE HESTAD","Owner","M","12438","H","Hesco","hescoinc@hesco-inc.com","500 19th St SW","Watertown","SD","57201","6058841133","6058841100","515301","Grain-Dealers (Wholesale)","www.hesco-inc.com","0","0"
"MC FLEEG FEEDS","6058868400","415 10TH ST SW","WATERTOWN","6000000","BOB DRAKE","President","M","13269","M","Mc Fleeg Feeds","B.D@mcfleeg.com","PO Box 1205","Watertown","SD","57201","6058863851","6058868400","519112","Feed-Dealers (Wholesale)","NULL","0","0"
"Husets Speedway","6055823536","2012 S Splitrock Blvd","Brandon","7560000","Greg Rubin","Owner","Mal","13746","H","Husets Speedway","Greg.Rubin@husets-speedway.com","PO Box 470","Brandon","SD","57005","6055826082","6055823536","794801","Race Tracks","NULL","0","1"
"Thermo King","6053345162","1709 N Cliff Ave","Sioux Falls","8512000","Lyn Tschetter","Owner","","13826","T","Thermo King","Lyn@thermoking.com","1709 N Cliff Ave","Sioux Falls","SD","57103","6053341556","6053345162","501304","Truck Refrigeration Equipment (Whol)","NULL","0","0"
"Action Electric Inc","6053348141","5200 W 9th St","Sioux Falls","6560000","Kevin Buehner","President","Mal","14340","A","Action Electric Inc","jimv@actionelec.com","5200 W 9th St","Sioux Falls","SD","57107","6053362644","6053348141","173101","Electric Contractors","www.actionelec.com","0","2"
"SCOTT SUPPLY CO","6059967704","2800 W HAVENS AVE","MITCHELL","6100000","ROBERT SCOTT","Owner","M","14449","S","Scott Supply Co","scottsupplyco@scottsupplyco.com","W Hwy 16","MITCHELL","SD","57301","6059967704","6059964663","5311","Retail shops","SCOTTSUPPLYCO.COM","0","0"
"Kay Star Seed","6053528791","40329 Us Highway 14","Huron","9975000","Ken King","President","Mal","14606","K","Kay Star Seed","KenKing@kaystarseed.com","PO Box 947","Huron","SD","57350","6053528361","6053528791","519105","Seeds & Bulbs-Wholesale","NULL","0","0"
"GRANT COUNTY IMPLEMENT CO","6054325523","15058 SD HIGHWAY 15","MILBANK","7000000","WILLIAM SCHUNEMAN","Owner","M","14708","G","Grant County Implement Co","jdeere@grantcountyimplement.com","15058 SD Highway 15","Milbank","SD","57252","6054325523","6054326608","508304","Tractor-Dealers (Wholesale)","www.grantcountyimplement.com","0","0"
"WILDCAT MANUFACTURING CO","6059254512","PO BOX 1100","FREEMAN","5800000","JIM WHITE","Vice-President","M","14939","W","Wildcat Manufacturing Co","wildcat@wildcatmfg.com","420 S Highway 81","Freeman","SD","57029","6059257536","6059254512","352304","Farm Equipment-Manufacturers","www.wildcatmfg.com","0","0"
"LA WEIGHT LOSS CTR","6053231403","2612 S LOUISE AVE","SIOUX FALLS","6000000","COURTNEY VANDERPOL","Owner","F","15048","L","LA Weight Loss Ctr","CourtneyVanderpol@laweightloss.com","2612 S Louise Ave","Sioux Falls","SD","57106","NULL","6053231403","729934","Weight Control Services","NULL","0","0"
"C J CALLAWAYS","6053348888","500 W 69TH ST","SIOUX FALLS","5000000","JIM OLSON","Manager","M","15361","C","Cj Callaways","timo@olsonassociates.com","500 East 69th Street","SIOUX FALLS","SD","57108","6053348888","null","8999","Services NEC","callawayskitchendowntown.com","0","0"
"GLENCOE CAMPRESORT","6053474712","20555 GLENCOE DR","STURGIS","6500000","GARY LIPPOLD","Owner","M","15390","G","Glencoe Campresort","GaryL@glencoecamp.com","PO Box 999","Sturgis","SD","57785","6053478888","6053474712","703301","Campgrounds","NULL","0","1"
"Maintenance Building","6053676083","605 E 69th St","Sioux Falls","6336000","Terry Comstock","Owner","Mal","15407","M","Maintenance Building","TerryComstock@onawa.com","605 E 69th St","Sioux Falls","SD","57108","NULL","6053676083","154227","Maintenance Contractors","NULL","0","0"
"Custom Coils Inc","6059342460","109 S Iowa St","Alcester","9270000","Van Larson","President","Mal","16002","C","Custom Coils Inc","vlarson@customcoils.com","109 S Iowa St","Alcester","SD","57001","6059342440","6059342460","367798","Electronic Coil & Transformers (Mfrs)","www.customcoils.com","0","0"
"Refrigeration Engineering","6053712238","1301 E 3rd St","Sioux Falls","7650000","Tom Kirchmeier","Owner","Mal","16218","R","Refrigeration Engineering","Kirchmeier_Tom@huffmann.com","1301 E 3rd St","Sioux Falls","SD","57103","7122584059","6053712238","504604","Restaurant Equipment & Supplies (Whol)","NULL","0","0"
"Pennington Title Co","6053435670","725 Kansas City St","Rapid City","5225000","Gregory N Wick","Owner","Mal","16266","P","Pennington Title Co","order@penntitle.com","725 Kansas City St","Rapid City","SD","57701","6053433862","6053435670","609906","Escrow Service","www.penntitle.com","0","0"
"FRISBEE PLUMBING HEATING AIR","6053386321","4101 S MINNESOTA AVE","SIOUX FALLS","7600000","DICK WILSON","Chief Executive Office","M","16633","F","Frisbee Plumbing Heating Air","D-Wilson@frisbeesinc.com","4101 S Minnesota Ave","Sioux Falls","SD","57105","6053385238","6053386321","358506","Refrigeration Equipment-Truck (Mfrs)","NULL","0","0"
"Logan Luxury Theatres Corp","6059969022","209 N Lawler St","Mitchell","9525000","Jeff Logan","President","Mal","16681","L","Logan Luxury Theatres Corp","jeff@loganmovie.com","209 N Lawler St","Mitchell","SD","57301","8185060269","6059969022","783201","Theatres-Movie","www.natoonline.org","0","0"
"DOW RUMMEL VILLAGE","6053361490","1321 W DOW RUMMEL ST","SIOUX FALLS","6100000","DARLA VAN ROSENDALE","Chief Executive Office","F","16855","D","Dow Rummel Village","shaunawelker@dowrummel.com","1000 N Lake Ave","Sioux Falls","SD","57104","6055750179","6053361490","805101","Nursing & Convalescent Homes","www.dowrummel.com","0","0"
"Com Pro Inc","6053388700","705 E 41st St # 230","Sioux Falls","7070000","Carl Tonjes","Owner","Mal","16875","C","Com Pro Inc","jr@compro-dakota.com","705 E 41st St # 230","Sioux Falls","SD","57105","6053388935","6053388700","506563","Telecommunication Equip/Syst-Whol/Mfrs","www.compro-dakota.com","0","0"
"Montgomery's Furniture","6052564000","747 S Washington Ave","Madison","6120000","Clark Sinclair","Manager","Mal","17408","M","Montgomery's Furniture","dean@montgomerysfurniture.com","747 S Washington Ave","Madison","SD","57042","6052569471","6052569471","571216","Furniture","www.montgomerysfurnitureoutlet.com","0","0"
"Tie Office","6053941876","1925 N Plaza Dr","Rapid City","6800000","James Parry","Executive Director","Mal","17453","T","Tie Office","jhauge@tie.net","1925 N Plaza Dr","Rapid City","SD","57702","6053941876","6053945315","824301","Computer Training","www.tie.net","0","0"
"MILLENNIUM RECYCLING INC","6053361744","305 E 50TH ST N","SIOUX FALLS","5100000","JAKE ANDERSON","Owner","M","17626","M","Millennium Recycling Inc","shannon@millenniumrecycling.com","305 E 50th St N","Sioux Falls","SD","57104","6053358928","6053361744","509312","Recycling Centers (Wholesale)","www.millenniumrecycling.com","0","0"
"Canton Food Ctr","6059872851","715 E 5th St","Canton","6006000","Tony Bosch","Owner","Mal","18724","C","Canton Food Ctr","T_Bosch@cantonfoodcenter.com","PO Box 295","Canton","SD","57013","6059872813","6059872851","541105","Grocers-Retail","NULL","0","0"
"Phar Merica Inc","6053387007","1507 W 51st St","Sioux Falls","6405000","Danny Weiss","Manager","Mal","18854","P","Phar Merica Inc","strezevant@pharmerica.com","1507 W 51st St","Sioux Falls","SD","57105","5017531529","6053387007","591205","Pharmacies","www.pharmerica.com","0","2"
"Ban-Koe Systems","6059776612","4312 N Hainje Ave","Sioux Falls","5341000","Marla Richard","Administrator","Fem","18950","B","Ban-Koe Systems","software@bankoe.com","4312 N Hainje Ave","Sioux Falls","SD","57104","6059776619","6059776612","504302","Identification Equipment & Supls (Whol)","www.bankoe.com","0","0"
"DAKOTA TRAILWAYS","6056422353","631 S 32ND ST","SPEARFISH","8700000","MELVIN L LADSON","President","M","19201","D","Dakota Trailways","Ladson-Mel@dakotatrailways.com","631 S 32nd St","Spearfish","SD","57783","6056427707","6056422353","414201","Buses-Charter & Rental","NULL","0","0"
"Dell Rapids Ford","6054285414","308 W 3rd St","Dell Rapids","7731000","Arron Borman","Owner","Mal","19377","D","Dell Rapids Ford","Greg@dellrapidsford.com","308 W 3rd St","Dell Rapids","SD","57022","6054283607","6054285414","551105","Truck-Dealers","NULL","0","2"
"ABERDEEN PUBLIC WORKS DEPT","6056267010","123 S LINCOLN ST","ABERDEEN","6400000","ROBIN BOBZIEN","Manager","M","20123","A","Aberdeen Public Works Dept","forest@micdo.net","123 S Lincoln St","Aberdeen","SD","57401","6056267989","6056267010","161104","Parking Area/Lots Maintenance & Marking","www.aberdeen.sd.us","0","0"
"BROOKS CONSTRUCTION SVC","6053685447","27081 SUNDOWNER AVE","SIOUX FALLS","9000000","RAY BROOKS","President","M","20172","B","Brooks Construction Svc","Ray@brooksconcreteservices.com","27081 Sundowner Ave","Sioux Falls","SD","57106","6053682204","6053685447","177105","Concrete Contractors","NULL","0","0"
"Dakotaland Autoglass Inc","6053366789","2001 E 39th St N","Sioux Falls","6030000","Daryl Anderson","President","Mal","20535","D","Dakotaland Autoglass Inc","sales01@dakotalandautoglass.com","2001 E 39th St N","Sioux Falls","SD","57104","6053341443","6053366789","523110","Glass-Auto Plate & Window & Etc","www.dakotalandautoglass.com","0","0"
"MAGUIRE IRON INC","6053349749","1610 N MINNESOTA AVE","SIOUX FALLS","7500000","GENE JONES JR","President","M","20541","M","Maguire Iron Inc","putz@maguireiron.com","300 W Walnut St","Sioux Falls","SD","57104","6053349749","6053349752","344102","Towers (Manufacturers)","www.maguireiron.com","0","0"
"NORTH CENTRAL FARMERS ELEVATOR","6054266591","13438 TERMINAL RD","IPSWICH","5400000","WAYNE BRAUN","Manager","M","20743","N","North Central Farmers Elevator","Osterday@ncfarmerselevator.com","PO Box 366","Ipswich","SD","57451","6054266161","6054266021","422101","Grain Elevators","NULL","0","0"
"United Rentals Highway Tech","6053731202","1812 N K Ave","Sioux Falls","5124000","Darrick Bren","Manager","Mal","21191","U","United Rentals Highway Tech","nsalas@ur.com","1812 N K Ave","Sioux Falls","SD","57104","5123350120","6053731202","161104","Parking Area/Lots Maintenance & Marking","www.unitedrentals.com","0","0"
"Consolidated Business Products","6056654444","229 Broadway Ave","Yankton","6852000","Terry Bochman","Owner","Mal","21529","C","Consolidated Business Products","T.B@consolidatedbp.com","PO Box 581","Yankton","SD","57078","NULL","6053344765","506563","Telecommunication Equip/Syst-Whol/Mfrs","NULL","0","0"
"AMERIKIT SOLUTIONS","6054221670","105 GATEWAY DR","N SIOUX CITY","9800000","ROB HELLER","Chief Executive Office","M","21578","A","Amerikit Solutions","Rob@amerikitsolutions.com","105 Gateway Dr","North Sioux City","SD","57049","6054221675","6054221670","731908","Distribution Services","NULL","0","0"
"Deadwood Gulch Resort & Gaming","6055781294","Highway 85 S","Deadwood","9375000","Lena Norris","Manager","Fem","21854","D","Deadwood Gulch Resort & Gaming","dgrrest@deadwoodgulch.com","Highway 85 S","Deadwood","SD","57732","6055782505","6055781294","701111","Resorts","www.deadwoodgulch.com","0","1"
"Oahe Electric Co-Op Inc","6059626243","102 S Canford Ave","Blunt","9240000","Brad Scott","Manager","Mal","22368","O","Oahe Electric Co-Op Inc","oahe@oaheelectric.com","102 S Canford Ave","Blunt","SD","57522","6059626306","6059626243","491101","Electric Companies","www.oaheelectric.com","0","0"
"Black Hills Power","6056734455","447 Mount Rushmore Rd","Custer","9050000","Monni Karim","Manager","Mal","22470","B","Black Hills Power","djahr@blackhillscorporation.com","447 Mount Rushmore Rd","Custer","SD","57730","7139427915","6056734455","491101","Electric Companies","www.blackhillscorp.com","0","0"
"MINERAL PALACE HOTEL & GAMING","6055782036","601 MAIN ST","DEADWOOD","7000000","RICH TERBERVILLE","Manager","M","22480","M","Mineral Palace Hotel & Gaming","joni@mineralpalace.com","601 Historic Main St","Deadwood","SD","57732","6055782037","6055782036","799302","Casinos","www.mineralpalace.com","0","0"
"Anderson Millwork & Doors Inc","6053421743","753 Deadwood Ave","Rapid City","5000000","Jeff Stone","Owner","Mal","23043","A","Anderson Millwork & Doors Inc","Jeff.Stone@andersenwindows.com","753 Deadwood Ave","Rapid City","SD","57702","6053429276","6053421743","571236","Cabinets","NULL","0","0"
"Jenner Equipment Co","6053436682","3200 Deadwood Ave","Rapid City","9960000","Dennis Jenner","President","Mal","23779","J","Jenner Equipment Co","jennereq@jennerequip.com","3200 Deadwood Ave","Rapid City","SD","57702","6053436682","6053432738","508310","Farm Equipment (Wholesale)","www.jennerequip.com","0","0"
"APPLIED ENGINEERING INC","6056654425","2008 E HIGHWAY 50","YANKTON","6200000","TOM BOHNET","Chief Executive Office","M","23793","A","Applied Engineering Inc","dschuster@appliedeng-inc.com","2008EHwy50","YANKTON","SD","57078","6056654425","6056651479","871106","Engineers","APPLIEDENG.COM","0","0"
"Crescent Electric Supply Co","6053427913","317 Maple Ave","Rapid City","9156000","Jim Sullivan","Manager","Mal","23798","C","Crescent Electric Supply Co","krsnod@cesco.com","317 Maple Ave","Rapid City","SD","57701","5152830068","6053427913","506330","Electric Equipment & Supplies-Wholesale","www.cesco.com","0","0"
"FIRST GOLD HOTEL & GAMING","6055789777","270 MAIN ST","DEADWOOD","6000000","BRAD HEMMAH","Manager","M","23800","F","First Gold Hotel & Gaming","MG@firstgold.com","270 Main St","Deadwood","SD","57732","6055783979","6055789777","799302","Casinos","NULL","0","0"
"I 90 FUEL SVC","6053338900","823 E 14TH ST","SIOUX FALLS","6800000","TOM HOWES","President","M","24279","I","I 90 Fuel Svc","Howes-Tom@i90fuel.com","823 E 14th St","Sioux Falls","SD","57104","NULL","6053338900","517206","Oils-Fuel (Wholesale)","NULL","0","0"
"NORTHWEST PIPE FITTINGS","6053425587","2309 W OMAHA ST","RAPID CITY","6000000","SCOTT BARBOUR","President","M","24417","N","Northwest Pipe Fittings","BScott@northwestpipe.com","2309 W Omaha St","Rapid City","SD","57702","6053420673","6053425587","507406","Plumbing Fixtures & Supplies-Wholesale","NULL","0","0"
"Prairie Fire Communications","6053367051","3600 S Minnesota Ave","Sioux Falls","6270000","Mike Childers","Owner","Mal","24517","P","Prairie Fire Communications","childers_mike@pfbiz.com","3600 S Minnesota Ave","Sioux Falls","SD","57105","NULL","6053367051","731101","Advertising-Agencies & Counselors","NULL","0","0"
"Dakotaland Federal CU","6053522845","1371 Dakota Ave S","Huron","6291000","Dan Cumbee","President","Mal","24594","D","Dakotaland Federal CU","CumbeeD@dakotalandfcu.com","1371 Dakota Ave S","Huron","SD","57350","6053522852","6053522845","606102","Federally Chartered Credit Unions","NULL","0","0"
"TOWER SYSTEMS INC","6058860930","17226 447TH AVE","WATERTOWN","6100000","WILLIAM F CARLSON","Chief Executive Office","M","24604","T","Tower Systems Inc","jfhardee@towersystems.com","17226 447th Ave","Watertown","SD","57201","6058860932","6058860930","344102","Towers (Manufacturers)","www.towersystems.com","0","0"
"Sioux Valley-Southwestern","6055822185","920 N 9th Ave","Brandon","8624000","Ray Dejong","Manager","Mal","24810","S","Sioux Valley-Southwestern","corey.kasuske@siouxvalleyenergy.com","920 N 9th Ave","Brandon","SD","57005","6055823165","6055822185","491101","Electric Companies","www.svswe.com","0","0"
"PREST RACK","6056972600","500 INSBROOK LN","BROOKINGS","7100000","GEORGE W PREST","President","M","25266","P","Prest Rack","dk@dakequipment.com","500 Insbrook Ln","Brookings","SD","57006","6056972626","6056972600","254204","Racks-Manufacturers","www.prestrack.com","0","0"
"SCHILTZ FOODS INC","6056987651","7 W OAK ST","SISSETON","7000000","RICHARD SCHILTZ","President","M","25367","S","Schiltz Foods Inc","richard.schiltz@schiltzfoods.com","7 W Oak St","Sisseton","SD","57262","6056987112","6056987651","201501","Poultry Processing Plants","NULL","0","0"
"Waste Management Inc","6053386611","2221 E Rice St","Sioux Falls","6550000","Rodney Randolph","Plant Mgr","Mal","25401","W","Waste Management Inc","sales_newhampshiremaine@wm.com","2221 E Rice St","Sioux Falls","SD","57103","9702425739","6053386611","495302","Garbage Collection","www.wm.com","0","0"
"Taylor Industries Inc","6053679144","115 N Garfield Ave","Sioux Falls","5572000","Chris Beach","Manager","Mal","25468","T","Taylor Industries Inc","taylorsales@irco.com","115 N Garfield Ave","Sioux Falls","SD","57104","5152626080","6053679144","504604","Restaurant Equipment & Supplies (Whol)","www.taylorind.com","0","0"
"WOODLAND CABINETRY","6056984300","2415 SD HIGHWAY 10","SISSETON","7000000","TOM SATRANG","President","M","25710","W","Woodland Cabinetry","miket@woodlandcabinetry.com","2415 E Highway 10","Sisseton","SD","57262","6056983034","6056984300","243401","Cabinets-Manufacturers","www.woodlandcabinetry.com","0","0"
"L & S TELESERVICES","6059782000","4502 N LEWIS AVE","SIOUX FALLS","8300000","SUSIE WISWALL","Manager","F","25842","L","L & S Teleservices","teleservices@mostresponsive.com","3812 N Cliff Ave","Sioux Falls","SD","57104","6059781581","6059782000","738912","Telemarketing Services","www.mostresponsive.com","0","0"
