mail id,company,email,address,phone,fax,sic,sic description,web,,revenue id,company,address,city,state,zip,	metro,web,phone,fax,contact,position,gender,sales,# of employee,sic,sic_descrpiton,	,,
"22170","Robinhood Yacht Sales","yachts@robinhoodmarinecenter.com","340 Robinhood Rd","2073712899","2073712343","555125","Yacht Brokers","www.robinhoodmarinecenter.com"," Email <---> Revenue ","44132","ROBINHOOD YACHT SALES","340 ROBINHOOD RD","GEORGETOWN","ME","04548","Sagadahoc","","2073712343","2073712899","ANDREW VAVOLOTIS","Owner","M","8400000","28","555100","Boat Dealers","3","0","1"
"42793","Demmons Roofing Inc","psmshop@maineair.com","93 Warren Ave","2078783015","2077977445","874809","Roofing Service Consultants","www.maineair.com"," Email <---> Revenue ","14533","DEMMONS ROOFING INC","93 WARREN AVE","PORTLAND","ME","04103","Cumberland","","2077877445","2078783015","DOUG MARTIN","Owner","M","8800000","50","176100","Roofg, Sheet","3","0","1"
"55532","Limington Lumber Co","limlum@adelphia.net","411 Pequawket Trl","2076257399","2076253286","503109","Lumber-Wholesale","www.limingtonlumber.com"," Email <---> Revenue ","29769","LIMINGTON LUMBER CO","PO BOX 47","EAST BALDWIN","ME","04024","Cumberland","","2076253286","2076257399","WIN SMITH","President","M","8400000","40","503100","Lumber, Plyw","3","0","1"
"29401","Garland Manufacturing Co","dgarland@garlandmfg.com","55 Industrial Park Rd","2072834834","2072833693","308902","Plastics & Plastic Products (Mfrs)","NULL"," Email <---> Revenue ","83617","Garland Manufacturing Co","55 Industrial Park Rd","Saco","ME","04072","York","www.garlandmfg.com","2072833693","2072834834","Charles P Garland","President","Mal","5740000","35","308902","Plastics & P","3","0","1"
"26740","Colonial Adjustment Inc","jtkidder@colonialadj.com","406 Bridgton Rd","2077976820","2077979036","641102","Insurance Adjusters","www.colonialadj.com"," Email <---> Revenue ","11657","COLONIAL ADJUSTMENT INC","406 BRIDGTON RD","WESTBROOK","ME","04092","Cumberland","","2077979036","2077976820","JOHN KIDDER","Owner","M","5100000","22","641102","Insurance Ad","3","0","1"
