mail id,company,email,address,phone,fax,sic,sic description,web,,revenue id,company,address,city,state,zip,	metro,web,phone,fax,contact,position,gender,sales,# of employee,sic,sic_descrpiton,	,,
"24849","Redlon & Johnson","tmullen@redlon-johnson.com","172 Saint John Street","2077722957","2077734755","3261","Vitreous China Plumbing Fixtures and China and Earthenware Fittings and Bathroom Accessories","NULL"," Email <---> Revenue ","42993","REDLON & JOHNSON","172 SAINT JOHN ST # 174","PORTLAND","ME","04102","Cumberland","","2077734755","2077722957","TOM MULLEN","President","M","76500000","450","507400","Plbg & Heati","6","0","1"
"47267","Portland Shellfish","swuerthner@portlandshellfish.com","110 Dartmouth St","2077997179","2077999290","514601","Seafood-Wholesale","NULL"," Email <---> Revenue ","109372","Portland Shellfish","110 Dartmouth St","South Portland","ME","04106","Cumberland","www.portlandshellfish.com","2077999290","2077997179","Jeff Holden","Owner","Mal","75240000","120","514601","Seafood-Whol","6","0","1"
"27154","Tibbetts Industries Inc","security@tibbettsindustries.com","5 Colcord Ave","2072363303","2072363301","367798","Electronic Coil & Transformers (Mfrs)","www.tibbettsinc.com"," Email <---> Revenue ","51238","TIBBETTS INDUSTRIES INC","5 COLCORD AVE","CAMDEN","ME","04843","Knox","","2072363301","2072363303","DONALD N SWEET","President","M","51700000","566","367700","Elcr Coil, T","6","0","1"
"2178","Downeast Energy","morrellw@downeastenergy.com","172 Main St","6037420593","2077995585","517206","Oils-Fuel (Wholesale)","www.downeastenergy.com"," Email <---> Revenue ","15633","DOWNEAST ENERGY","172 MAIN ST","S PORTLAND","ME","04106","Cumberland","","2077995585","2077995589","MARK LODGE","Manager","M","70000000","551","517200","Whl Petroleu","6","0","1"
"55322","Equipment Depot","lwhite@brakeserviceparts.com","163 Hildreth St N","2079456887","2079476148","501213","Truck Bodies & Equipment (Wholesale)","www.brake-service.com"," Email <---> Revenue ","80027","Equipment Depot","163 Hildreth St N","Bangor","ME","04401","Penobscot","www.equip-depot.com","2079476148","2079476192","John Fahey Jr","Manager","Mal","55500000","15","501213","Truck Bodies","6","0","1"
"50782","Corning Life Sciences","dannme@corning.com","2 Alfred Rd","5403825496","2079853111","308902","Plastics & Plastic Products (Mfrs)","www.corning.com"," Email <---> Revenue ","73337","Corning Life Sciences","2 Alfred Rd","Kennebunk","ME","04043","York","www.corning.com","2079853111","2079855206","Bill Robidoux","Plant Mgr","Mal","54940000","335","308902","Plastics & P","6","0","1"
"25677","First Federal Savings & Loan","AndrewPerry@firstfederalsandl.com","PO Box 488","2074431383","2074428711","603501","Savings & Loan Associations","NULL"," Email <---> Revenue ","81591","First Federal Savings & Loan","125 Front St","Bath","ME","04530","Sagadahoc","","2074428711","2074431383","Andrew Perry","CEO","Mal","94455000","35","603501","Savings & Lo","6","0","1"
