mail id,company,email,address,phone,fax,sic,sic description,web,,revenue id,company,address,city,state,zip,	metro,web,phone,fax,contact,position,gender,sales,# of employee,sic,sic_descrpiton,	,,
"48377","Crisis & Counseling Ctr Inc","mailtogear@fishriver.com","32 Winthrop St","2076263453","2076263448","832218","Social Service & Welfare Organizations","www.crisisandcounseling.org"," Email <---> Revenue ","12979","CRISIS & COUNSELING CTR INC","32 WINTHROP ST","AUGUSTA","ME","04330","Kennebec","","2076263448","","RICK KARGES","Executive Director","M","9800000","130","832200","Social Servi","3","1","1"
"55188","Montreal Maine & Atlantic Rr","masheahan@mmarail.com","15 Iron Rd","2078484342","2078484313","162908","Railroad Contractors","www.mmarail.com"," Email <---> Revenue ","101400","Montreal Maine & Atlantic Rr","15 Iron Rd","Hermon","ME","04401","Penobscot","www.mmarail.com","2078484313","2078484342","Robert Grindrod","President","Mal","6680000","40","162908","Railroad Con","3","0","1"
"28856","Critical Insights Inc","mef@criticalinsights.com","120 Exchange St # 3","2077727027","2077724011","873204","Market Research & Analysis","www.criticalinsights.com"," Email <---> Revenue ","12989","CRITICAL INSIGHTS INC","120 EXCHANGE ST # 300","PORTLAND","ME","04101","Cumberland","","2077724011","2077727027","MARY ELLEN FITZGERALD","President","F","5000000","45","873201","Mrkt Anal,Ec","3","0","1"
"57285","EBS Building Supplies","mfs@ebsbuild.com","103 Maverick St","2074542643","2075966205","521142","Lumber-Retail","www.ebsbuild.com"," Email <---> Revenue ","16585","EBS BUILDING SUPPLIES","PO BOX 906","ROCKLAND","ME","04841","Knox","","2075944699","2075966571","RON SOUCEY","Manager","M","6500000","219","571900","Misc Homefur","3","0","1"
"47440","Mainely Trusses","MichaelBoulet@remodel.com","PO Box 377","2074537652","2074534911","504709","Trusses-Medical & Surgical (Wholesale)","NULL"," Email <---> Revenue ","32381","MAINELY TRUSSES","7 TRUSS LN","FAIRFIELD","ME","04937","Somerset","","2074534911","2074537652","MICHAEL BOULET","Owner","M","6800000","45","504700","Medical, Hos","3","0","1"
"56107","Beauregard Equipment Inc","mikeb@beauregardequip.com","14 Gibson Rd","8028931929","2078850600","508206","Contractors-Equip/Supls-Dlrs/Svc (Whol)","www.beauregardequip.com"," Email <---> Revenue ","64040","Beauregard Equipment Inc","14 Gibson Rd","Scarborough","ME","04074","Cumberland","www.beauregardequip.com","2078850600","2078850519","John Beauregard","Owner","Mal","5994000","9","508206","Contractors-","3","0","1"
"56803","Fire Tech & Safety-New England","mpolley@fts-ne.com","84 State Route 133 # A","2073772800","2073772800","509903","Fire Extinguishers (Wholesale)","www.fts-ne.com"," Email <---> Revenue ","18556","FIRE TECH & SAFETY-NEW ENGLAND","84 ROUTE 133","WINTHROP","ME","04364","Kennebec","","2073772800","2073776260","LARRY GUERETTE","Owner","M","7800000","42","508705","Firefighting","3","0","1"
"52192","Grainger Inc","nancy.conner@grainger.com","425 Warren Ave","3033750864","2077977693","508522","Industrial Equipment & Supplies (Whol)","www.grainger.com"," Email <---> Revenue ","84842","Grainger Inc","425 Warren Ave","Portland","ME","04103","Cumberland","www.grainger.com","2077977693","2077978434","John Testa","Manager","Mal","7410000","13","508522","Industrial E","3","0","1"
"54633","Nautel Maine Inc","nug@nautel.com","201 Target Cir","2079473693","2079478200","369902","Electric Equipment-Manufacturers","www.nautel.com"," Email <---> Revenue ","102953","Nautel Maine Inc","201 Target Cir","Bangor","ME","04401","Penobscot","www.nautel.com","2079478200","2079473693","Robert Desleuries","Manager","Mal","6200000","40","369902","Electric Equ","3","0","1"
"54156","Alpha ONE Medical","peer@alphaonenow.com","127 Main St","2077675690","2077675690","504712","Hospital Equipment & Supplies (Whol)","www.alphaonenow.com"," Email <---> Revenue ","1873","ALPHA ONE MEDICAL","127 MAIN ST STE B","S PORTLAND","ME","04106","Cumberland","","2077675690","2077998346","STEVEN TREMBLAY","Owner","M","6400000","60","839900","Social Servi","3","0","1"
"52686","EBS Building Supplies","recruitment@ebs.com","30 Belmont Ave","2073382944","2073384080","525104","Hardware-Retail","www.ebs.com"," Email <---> Revenue ","16580","EBS BUILDING SUPPLIES","30 BELMONT AVE","BELFAST","ME","04915","Waldo","","2073384080","2073382944","ROBERT VEILLEUX","Manager","M","6500000","219","525100","Hardware Sto","3","0","1"
"29988","Auburn Concrete","remi@auburnconcrete.com","82 Goldthwaite Rd","2077777100","2077777171","521128","Concrete-Ready Mixed","www.auburnconcrete.com"," Email <---> Revenue ","62036","Auburn Concrete","82 Goldthwaite Rd","Auburn","ME","04210","Androscoggin","www.auburnconcrete.com","2077777100","2077777171","Rod Cummings","President","Mal","7224000","28","521128","Concrete-Rea","3","0","1"
"55328","Walpole Woodworkers Inc","rick.kolbert@walpolewood.net","Station Rd","2034383134","2073684302","249998","Wood Products Nec (Manufacturers)","www.walpolewoodworkers.com"," Email <---> Revenue ","54752","WALPOLE WOODWORKERS INC","88 MAIN ST","DETROIT","ME","04929","Somerset","","2073684302","2073682551","PAUL FERNALD","Manager","M","5700000","80","249900","Wood Product","3","0","1"
"57807","EBS Building Supplies","rlb@ebsbuild.com","82 Milbridge Rd","2074542643","2075467384","521142","Lumber-Retail","www.ebsbuild.com"," Email <---> Revenue ","16583","EBS BUILDING SUPPLIES","82 MILBRIDGE RD","CHERRYFIELD","ME","04622","Washington","","2075467384","2075467349","BRENT HARTFORD","Manager","M","6500000","219","521100","Lumber, Rel ","3","0","1"
"38899","Spc Transport","rsuydam@spctran.com","33 Omni Cir","2077834288","2077834200","421309","Trucking-Motor Freight","www.spctran.com"," Email <---> Revenue ","48105","SPC TRANSPORT","33 OMNI CIR","AUBURN","ME","04210","Androscoggin","","2077834200","2077834288","TODD PRAWER","President","M","7400000","80","421300","Trucking","3","0","1"
"54916","Dead River Convenience Store","rumford@deadriver.com","283 Main St","2077986825","2077698841","541103","Convenience Stores","www.deadriver.com"," Email <---> Revenue ","76060","Dead River Convenience Store","283 Main St","Presque Isle","ME","04769","Aroostook","www.deadriver.com","2077698841","2077642310","Tina Jalbert","Manager","Fem","6006000","33","541103","Convenience ","3","0","1"
"26348","Dayton Sand & Gravel","Russell-Keene@daytonsand.com","928 Goodwins Mills Rd","2074997102","2074992306","521128","Concrete-Ready Mixed","NULL"," Email <---> Revenue ","14278","DAYTON SAND & GRAVEL","928 GOODWINS MILLS RD","DAYTON","ME","04005","York","","2074992306","2074997102","RUSSELL KEENE","President","M","8200000","70","327300","Ready-Mix Co","3","0","1"
"47040","Ryder Integrated Logistics Inc","rydercustomerservice@ryder.com","295 Gannett Dr","6363434650","2077801305","874266","Logistics","www.ryder.com"," Email <---> Revenue ","113812","Ryder Integrated Logistics Inc","295 Gannett Dr","South Portland","ME","04106","Cumberland","www.ryder.com","2077801305","2077916894","Peter Waite","Manager","Mal","5950000","35","874266","Logistics","3","0","1"
"35095","Walpole Woodworkers Inc","sam.deforest@walpolewood.net","Station Rd","2073684302","2073682551","249998","Wood Products Nec (Manufacturers)","www.walpolewoodworkers.com"," Email <---> Revenue ","54752","WALPOLE WOODWORKERS INC","88 MAIN ST","DETROIT","ME","04929","Somerset","","2073684302","2073682551","PAUL FERNALD","Manager","M","5700000","80","249900","Wood Product","3","0","1"
"56185","Houlton Band-Maliseet Indians","ssdir@maliseets.com","88 Bell Rd","2075322660","2075324275","809907","Health Services","www.maliseets.com"," Email <---> Revenue ","24229","HOULTON BAND-MALISEET INDIANS","88 BELL RD","LITTLETON","ME","04730","Aroostook","","2075324275","2075322660","BRENDA COMMANDER","President","F","5200000","52","809900","Health Servi","3","2","1"
"56368","CES Inc-Civil Engineering","ssmall@ces-maine.com","465 S Main St","2079894881","2079894824","871110","Engineers-Civil","www.ces-maine.com"," Email <---> Revenue ","68148","CES Inc-Civil Engineering","465 S Main St","Brewer","ME","04412","Penobscot","www.ces-maine.com","2079894824","2079894881","Kay Allcroft","Manager","Fem","6320000","40","871110","Engineers-Ci","3","0","1"
"3807","New England 800 Co","steve.white@taction.net","251 Jefferson St","2073540803","2078320800","738912","Telemarketing Services","NULL"," Email <---> Revenue ","103192","New England 800 Co","251 Jefferson St","Waldoboro","ME","04572","Lincoln","www.responsetrak.com","2078320800","2073540803","Steve White","Owner","Mal","5640000","60","738912","Telemarketin","3","0","1"
"5483","Custom Electronics","Steve@customelec.com","202 Us Route 1","2077812696","2077812326","572202","Appliances-Household-Major-Dealers","NULL"," Email <---> Revenue ","74654","Custom Electronics","202 Us Route 1","Falmouth","ME","04105","Cumberland","www.customelectronics.com","2077812326","2077812696","Steve Hayes","Owner","Mal","6540000","30","572202","Appliances-H","3","0","1"
"39565","Beadin Path","store@beadinpath.com","15 Main St","2078654785","2078654785","509410","Beads (Wholesale)","www.beadinpath.com"," Email <---> Revenue ","63922","Beadin Path","15 Main St","Freeport","ME","04032","Cumberland","www.beadinpath.com","2078654785","","Jan Parker","Owner","Fem","5936000","7","509410","Beads (Whole","3","0","1"
"53014","Pinetree Garden Seeds","superseeds@superseeds.com","616 Lewiston Rd # A","2079263400","2079263400","526129","Seeds & Bulbs-Retail","www.superseeds.com"," Email <---> Revenue ","40429","PINETREE GARDEN SEEDS","PO BOX 300","NEW GLOUCESTR","ME","04260","Cumberland","","2079263400","","RICHARD MEINERS","Owner","M","7900000","45","526103","Retail Nurse","3","0","1"
"37971","Electrotech Inc","thomas.levasseur@electrotech-inc.com","PO Box 1038","2075965500","2075944794","367901","Electronic Equipment & Supplies-Mfrs","NULL"," Email <---> Revenue ","79494","Electrotech Inc","344 Park St","Rockland","ME","04841","Knox","","2075944794","2075965500","Thomas Levasseur","Owner","Mal","8512000","38","367901","Electronic E","3","0","1"
"56420","Bar Harbor Whale Watch","thomi@acadiaguide.com","1 West St","2072884393","2072882386","448906","Whale Watching","www.whalesrus.com"," Email <---> Revenue ","63337","Bar Harbor Whale Watch","1 West St","Bar Harbor","ME","04609","Hancock","www.whalesrus.com","2072882386","2072884393","Marc Brent","Owner","Mal","8480000","80","448906","Whale Watchi","3","0","1"
"25621","CNC Systems Inc","tlaflamme@cncsystems.com","40 Water St","2079854132","2079856503","508425","Machine Tools (Wholesale)","www.cncsystems.com"," Email <---> Revenue ","11229","CNC SYSTEMS INC","40 WATER ST","KENNEBUNK","ME","04043","York","","2079856503","2079854132","STEVE ARCARI","President","M","5100000","30","354100","Met Cutting ","3","0","1"
"57690","Mainely Kitchens","toddp@swcollins.com","41 Hatch Dr","2074986742","2074960103","571211","Kitchen Cabinets & Equipment-Household","www.swcollins.com"," Email <---> Revenue ","97995","Mainely Kitchens","41 Hatch Dr","Caribou","ME","04736","Aroostook","www.swcollins.com","2074960103","2074986742","Sam Collins","Owner","Mal","7600000","38","571211","Kitchen Cabi","3","0","1"
"29652","Black Bear Medical Supply","Tom@blackbearmedical.com","1374 Westgate Shopping Ctr","2078710590","2078710008","504704","Physicians & Surgeons Equip & Supls-Whol","NULL"," Email <---> Revenue ","65234","Black Bear Medical Supply","1374 Westgate Shopping Ctr","Portland","ME","04102","Cumberland","www.blackbearmedical.com","2078710008","2078710590","Tom Jones","Owner","Mal","7176000","12","504704","Physicians &","3","0","1"
"42082","Lie Nielsen Toolworks","toolworks@lie-nielsen.com","264 Stirling Rd","2072732657","2072732520","359903","Machine Shops","www.lie-nielsen.com"," Email <---> Revenue ","29617","LIE NIELSEN TOOLWORKS","264 STIRLING RD","WARREN","ME","04864","Knox","","2072732520","2072732657","THOMAS LIE-NIELSEN","Owner","M","7500000","90","359900","Industrial M","3","0","1"
"34518","Harvey Trailers & Rv's","trailers@midmaine.com","2230 Broadway","2079901685","2079425081","559903","Trailers-Automobile Utility Sports Etc","www.harveytrailers.com"," Email <---> Revenue ","86689","Harvey Trailers & Rv's","2230 Broadway","Bangor","ME","04401","Penobscot","www.harveytrailers.com","2079425081","2079901685","Don Harvey","Owner","Mal","6462000","18","559903","Trailers-Aut","3","0","1"
"26113","Schiavi Leasing Corp","vkane@vanguardmodular.com","102 Industrial Dr","7704169311","2075398211","527104","Mobile Offices & Commercial Units","www.vanguardmodular.com"," Email <---> Revenue ","114710","Schiavi Leasing Corp","102 Industrial Dr","Oxford","ME","04270","Oxford","www.schiavileasingcorp.com","2075398211","2075398469","Bob Warrington","Manager","Mal","9482000","22","527104","Mobile Offic","3","0","1"
"53233","D & G Machine Products Inc","wendy@dgmachine.com","50 Eisenhower Dr","2078540726","2078541500","359903","Machine Shops","www.dgmachine.com"," Email <---> Revenue ","13560","D & G MACHINE PRODUCTS INC","50 EISENHOWER DR","WESTBROOK","ME","04092","Cumberland","","2078541500","2078540726","DUANE GUSHEE","President","M","7900000","95","359900","Industrial M","3","0","1"
"53505","Thorndike Press","listserv@gale-listserv.gale.com","295 Kennedy Memorial Dr","2075891008","2078591000","769921","Printing Equipment-Repairing","www.gale.com"," Email <---> Revenue ","51168","THORNDIKE PRESS","295 KENNEDY MEMORIAL DR","WATERVILLE","ME","04901","Kennebec","","2078591000","2075891008","JILL LECTKA","Publisher","F","5700000","38","769905","Industrial E","3","0","1"
"55006","Auburn Concrete","licia@auburnconcrete.com","82 Goldthwaite Rd","2077777171","2077777100","521128","Concrete-Ready Mixed","www.auburnconcrete.com"," Email <---> Revenue ","62036","Auburn Concrete","82 Goldthwaite Rd","Auburn","ME","04210","Androscoggin","www.auburnconcrete.com","2077777100","2077777171","Rod Cummings","President","Mal","7224000","28","521128","Concrete-Rea","3","0","1"
"54734","County Federal Credit Union","laurie.cfcu@ainop.com","82 Bennett Dr","2074984109","2074988756","606102","Federally Chartered Credit Unions","www.countyfcu.org"," Email <---> Revenue ","73706","County Federal Credit Union","82 Bennett Dr","Caribou","ME","04736","Aroostook","www.countyfcu.org","2074988756","2074984109","Kenneth Hensler","President","Mal","7922000","34","606102","Federally Ch","3","0","1"
"39360","Federal Marine Terminals Inc","kflagg@fedmar.com","38 Barron Rd","9417295526","2078536096","472904","Steamship Agencies","www.fmtcargo.com"," Email <---> Revenue ","18281","FEDERAL MARINE TERMINALS INC","PO BOX 261","EASTPORT","ME","04631","Washington","","2078536096","2078534111","ROLAND ROGERS","Manager","M","6000000","45","472901","Trans Ticket","3","0","1"
"47687","Maine Industrial Repair Svc","julie@stultzelectric.com","60 Darin Dr","2076237538","2076237500","506333","Electric Motors-Dlrs/Repairing (Whol)","www.maineindustrial.com"," Email <---> Revenue ","31685","MAINE INDUSTRIAL REPAIR SVC","60 DARIN DR","AUGUSTA","ME","04330","Kennebec","","2076237500","2076237538","CHARLES DAVIS","Owner","M","5400000","30","362100","Motors & Gen","3","0","1"
"15172","Capitol Computers","JTom@capitolcomputers.com","151 Water St","2076232891","2076232700","737801","Computers-Service & Repair","NULL"," Email <---> Revenue ","68882","Capitol Computers","151 Water St","Augusta","ME","04330","Kennebec","www.capitolcomputers.com","2076232700","2076232891","Tom Johnson","Owner","Mal","5379000","33","737801","Computers-Se","3","0","1"
"9823","Swardlick Marketing Group","ideas@swardlick.com","7 Custom House St","2077755668","2077754100","731101","Advertising-Agencies & Counselors","www.swardlick.com"," Email <---> Revenue ","50199","SWARDLICK MARKETING GROUP","7 CUSTOM HOUSE ST","PORTLAND","ME","04101","Cumberland","","2077754100","2077755668","DAVID SWARDLICK","President","M","6800000","45","519911","Advertising ","3","0","1"
"3518","Tire King","Hoskins@tireking.com","331 Madison Ave","NULL","2074745322","553123","Tire-Dealers-Retail","NULL"," Email <---> Revenue ","51394","TIRE KING","309 NORTH AVE","SKOWHEGAN","ME","04976","Somerset","","2074745322","","TIMOTHY MAYO","Manager","M","9000000","189","553199","Automotive T","3","0","1"
"57697","Clean Harbors Environmental","gearyb@cleanharbors.com","2257 Carmel Rd N","2146314768","2072344008","873111","Environmental & Ecological Services","www.cleanharbors.com"," Email <---> Revenue ","71675","Clean Harbors Environmental","2257 Carmel Rd N","Newburgh","ME","04444","Penobscot","www.cleanharbors.com","2072344008","2078483164","Jason Babbidge","Manager","Mal","5280000","30","873111","Environmenta","3","0","1"
"46884","Lane Systems & Supply","fab@lanesupplyco.com","1 Industrial Plaza Dr","2079894625","2079894560","331601","Steel-Bar, Sheet, Strip, Tube Etc (Mfrs)","Sheet"," Email <---> Revenue ","28920","LANE SYSTEMS & SUPPLY","15 INDUSTRIAL PLAZA DR","BREWER","ME","04412","Penobscot","","2079894560","2079894625","BOB TAYLOR","President","M","5300000","65","331600","Cold Finshg ","3","0","1"
"56876","EBS Building Supplies","elc@ebsbuild.com","326 South St","2074542643","2074542576","521142","Lumber-Retail","www.ebsbuild.com"," Email <---> Revenue ","16581","EBS BUILDING SUPPLIES","372 SOUTH ST","CALAIS","ME","04619","Washington","","2074542576","2074542643","LEN LLYOD","Manager","M","6500000","219","521100","Lumber, Rel ","3","0","1"
"53182","Oakhurst Dairy","dietitian@oakhurstdairy.com","364 Forest Ave","2078740714","2077727468","024101","Dairies","www.oakhurstdairy.com"," Email <---> Revenue ","37683","OAKHURST DAIRY","364 FOREST AVE","PORTLAND","ME","04101","Cumberland","","2077727468","2078740714","STANLEY T BENNETT II","Chief Executive Office","M","9400000","142","203300","Canned Fruit","3","0","1"
"19267","Agren Appliance","DougAgren@agrenappliance.com","40 Minot Ave","2077845925","2077840235","572202","Appliances-Household-Major-Dealers","NULL"," Email <---> Revenue ","1334","AGREN APPLIANCE","40 MINOT AVE","AUBURN","ME","04210","Androscoggin","","2077840235","2077845925","DOUG AGREN","President","M","6700000","38","572200","Household Ap","3","0","1"
"14006","Agren Appliance","Douglas@agrenappliance.com","114 Church St","2075632793","2075636262","572202","Appliances-Household-Major-Dealers","NULL"," Email <---> Revenue ","59176","Agren Appliance","114 Church St","Damariscotta","ME","04543","Lincoln","www.agrenappliance.com","2075636262","2075632793","Douglas Agren","Owner","Mal","6540000","30","572202","Appliances-H","3","0","1"
"53200","Coastal Metal Fab","downeast@sandspreader.com","120 Old Lisbon Rd","2077298782","2077295101","526132","Snow Removal Equipment-Retail","www.sandspreader.com"," Email <---> Revenue ","72071","Coastal Metal Fab","120 Old Lisbon Rd","Topsham","ME","04086","Sagadahoc","www.sandspreader.com","2077295101","2077298782","Norm Lauze","Owner","Mal","5400000","40","526132","Snow Removal","3","0","1"
"52220","Maine Turnpike Authority","dparadee@maineturnpike.com","Route 35","2079850905","2079853506","161114","Contractors-Parking/Highway Improvement","www.maineturnpike.com"," Email <---> Revenue ","97822","Maine Turnpike Authority","Route 35","Kennebunk","ME","04043","York","www.maineturnpike.com","2079853506","2079850905","Roger Mathews","Manager","Mal","7050000","30","161114","Contractors-","3","0","1"
"49493","Johns Manville Corp","ebiz@jm.com","51 Lexington St","4197847995","2077776800","521114","Roofing Materials","www.jm.com"," Email <---> Revenue ","90884","Johns Manville Corp","51 Lexington St","Lewiston","ME","04240","Androscoggin","www.jm.com","2077776800","2077840125","Tim Olehowski","Plant Mgr","Mal","6450000","25","521114","Roofing Mate","3","0","1"
"20949","David Saunders Inc","di_dubois@saunderselectronics.com","82 Industrial Park Rd","2072828832","2072839106","367901","Electronic Equipment & Supplies-Mfrs","www.saunderselectronics.com"," Email <---> Revenue ","75825","David Saunders Inc","82 Industrial Park Rd","Saco","ME","04072","York","www.saunderselectronics.com","2072839106","2072828832","David Saunders","Owner","Mal","5600000","25","367901","Electronic E","3","0","1"
"57718","Madigan Estates Nursing Home","debbie@madiganestates.com","93 Military St","2075324456","2075326593","805101","Nursing & Convalescent Homes","www.madiganestates.com"," Email <---> Revenue ","30975","MADIGAN ESTATES NURSING HOME","93 MILITARY ST","HOULTON","ME","04730","Aroostook","","2075326593","2075324456","BRENDA BROWN","Administrator","F","5300000","140","805101","Nursing Home","3","0","1"
"41143","Spillers","ddecker@spillersusa.com","34 Lexington St","2077841571","2077841571","733403","Copying & Duplicating Service","www.spillersusa.com"," Email <---> Revenue ","48183","SPILLERS","34 LEXINGTON ST","LEWISTON","ME","04240","Androscoggin","","2077841571","2077848189","RAYMOND MARTEL","Owner","M","8500000","40","502101","Off,Public B","3","0","1"
"15121","Wilner-Greene Assoc Inc","dave@wilner-greene.com","449 Forest Ave","2077725882","2077725882","508818","Audiometers (Wholesale)","www.wilner-greene.com"," Email <---> Revenue ","126629","Wilner-Greene Assoc Inc","449 Forest Ave","Portland","ME","04101","Cumberland","www.wilner-greene.com","2077725882","","Janet Greene","Owner","Fem","5285000","7","508818","Audiometers ","3","0","1"
"37622","Wallboard Supply Co","dave@wallboardsupplyco.com","640 Saco St","6034342434","2073217625","508205","Dry Wall Contractors Equip/Supls (Whol)","www.wallboardsupplyco.com"," Email <---> Revenue ","125082","Wallboard Supply Co","640 Saco St","Westbrook","ME","04092","Cumberland","www.wallboardsupplyco.com","2073217625","2073210037","Sherry Childs","Manager","Fem","7992000","12","508205","Dry Wall Con","3","0","1"
"46855","Chebeague Transportation Co","ctc@chebeague.net","56 Meeting House Ln","2078479368","2078463700","444901","Barge Lines & Terminals","www.chebeaguetrans.com"," Email <---> Revenue ","70585","Chebeague Transportation Co","56 Meeting House Ln","Chebeague Island","ME","04017","Cumberland","www.chebeaguetrans.com","2078463700","2078479368","","","","5190000","15","444901","Barge Lines ","3","0","1"
"56550","Dube Cruise & Travel Ctr","cdube@dubetravel.com","263 Lisbon St","2077834440","2077842916","472402","Travel Agencies & Bureaus","www.dubetravel.com"," Email <---> Revenue ","15878","DUBE CRUISE & TRAVEL CTR","263 LISBON ST","LEWISTON","ME","04240","Androscoggin","","2077842916","2077834440","PAUL DUBE","Owner","M","6300000","20","472400","Travel Agenc","3","0","1"
"33523","Penobscot High Stakes Bingo","bingobiz@cox.net","6 River Rd","2078270237","2078277750","799911","Bingo Games","www.penobscotbingo.com"," Email <---> Revenue ","107432","Penobscot High Stakes Bingo","6 River Rd","Indian Island","ME","04468","Penobscot","www.penobscotbingo.com","2078277750","2078270237","Myles Francis","Manager","Mal","8400000","100","799911","Bingo Games","3","0","1"
"55880","Mr Paperback","bangor@mrpaperback.com","16 E Main St","2079429226","2075643646","594712","Gift Shops","www.mrpaperback.com"," Email <---> Revenue ","35484","MR PAPERBACK","16 E MAIN ST","DOVR FOXCROFT","ME","04426","Piscataquis","","2075643646","","DONNA CLEARY","Manager","F","7000000","140","594200","Book Stores","3","0","1"
"47103","Palco","B_Mark@palcotelecom.com","10 Willey Rd","2072840053","2072840030","421304","Trucking","NULL"," Email <---> Revenue ","38744","PALCO","10 WILLEY RD","SACO","ME","04072","York","","2072840030","2072840053","STEVE BENNETT","Manager","M","5100000","55","421300","Trucking","3","0","1"
"56939","Mr Paperback","augusta@mrpaperback.com","1135 Hammond St","2079429226","2079904107","594201","Book Dealers-Retail","www.mrpaperback.com"," Email <---> Revenue ","35479","MR PAPERBACK","1129 UNION ST STE 8","BANGOR","ME","04401","Penobscot","","2079429191","","DIANNE GRANT","Manager","F","7000000","140","594200","Book Stores","3","0","1"
"37220","Vic Firth Mfg Corp","amym@vicfirth.com","77 High St","2073682140","2073684358","249998","Wood Products Nec (Manufacturers)","www.vicfirthgourmet.com"," Email <---> Revenue ","124389","Vic Firth Mfg Corp","77 High St","Newport","ME","04953","Penobscot","www.vicfirthgourmet.com","2073684358","2073682140","Rick Drumm","President","Mal","8190000","70","249998","Wood Product","3","0","1"
"53868","Black Bear Transfer Inc","agordon@cdsmaine.com","101 Banair Rd","2079427928","2079423934","421205","Delivery Service","www.cdsmaine.com"," Email <---> Revenue ","65242","Black Bear Transfer Inc","101 Banair Rd","Bangor","ME","04401","Penobscot","www.cdsmaine.com","2079423934","2079427928","Daniel Clark","Owner","Mal","9870000","70","421205","Delivery Ser","3","0","1"
