mail id,company,email,address,phone,fax,sic,sic description,web,,revenue id,company,address,city,state,zip,	metro,web,phone,fax,contact,position,gender,sales,# of employee,sic,sic_descrpiton,	,,
"36360","Sterling Rope Co","john@sterlingrope.com","31 Washington Ave","2078850033","2078850330","508507","Rope (Wholesale)","www.sterlingrope.com"," Email <---> Revenue ","118445","Sterling Rope Co","31 Washington Ave","Scarborough","ME","04074","Cumberland","www.sterlingrope.com","2078850330","2078850033","Carolyn Brodsky","President","Fem","17100000","30","508507","Rope (Wholes","4","0","1"
"20341","Northeastern Log Homes Inc","dick@pirozzolo.com","10 Ames Rd","5022221595","2078847000","245201","Log Cabins Homes & Buildings (Mfrs)","www.northeasternlog.com"," Email <---> Revenue ","37284","NORTHEASTERN LOG HOMES INC","PO BOX 46","KENDUSKEAG","ME","04450","Penobscot","","2078847000","2078846515","JONATHAN FRENCH","President","M","7000000","80","245200","Prefab Wood ","3","0","1"
"51359","Boggs Homes","parts-service@boggshomes.com","715 Camden Rd","2072733200","2072732610","527102","Mobile Homes-Dealers","www.boggshomes.com"," Email <---> Revenue ","65811","Boggs Homes","715 Camden Rd","Warren","ME","04864","Knox","www.boggshomes.com","2072732610","2072733200","Leland Boggs Ii","Owner","Mal","5172000","12","527102","Mobile Homes","3","0","1"
"47647","Mr Paperback","jim@mrpaperback.com","1135 Hammond St","2079904107","2079904107","594201","Book Dealers-Retail","www.mrpaperback.com"," Email <---> Revenue ","35481","MR PAPERBACK","1135 HAMMOND ST","BANGOR","ME","04401","Penobscot","","2079904107","2079429226","PAM WILLIAMS","Chief Executive Office","F","7000000","140","594200","Book Stores","3","0","1"
"525","Angostura/World Harbors","carol@arnoldcomm.com","176 First Flight Dr","2077863200","2077863900","203503","Mayonnaise & Salad Dressings-Mfrs","www.worldharbors.com"," Email <---> Revenue ","60704","Angostura/World Harbors","176 First Flight Dr","Auburn","ME","04210","Androscoggin","www.worldharbors.com","2077863200","2077863900","Steve Authers","President","Mal","9366000","21","203503","Mayonnaise &","3","0","1"
