"DIXIE MATERIAL HANDLING INC","3343479655","260 BOLL WEEVIL CIR","ENTERPRISE","1500000","RICKEY ANDERSON","President","M","350","D","Dixie Material Handling - TCM Dealer","sales@dixiematerial.com","260 Boll Weevil Circle","Enterprise","AL","36330","3343479655","3343475381","5311","Retail shops","dixiematerial.com","11","0"
"BLEVINS INC","2516668750","3941 DEMETROPOLIS RD","MOBILE","4900000","TIM ROBERTS","Manager","M","1005","B","Blevins Inc","info@blevinsinc.com","3941 Demetropolis Rd","Mobile","AL","36693","7179446009","2516668750","527103","Mobile Homes-Equipment & Parts","www.blevinsinc.com","11","0"
"Shaffer Solution Corp","2568900077","555 Sparkman Dr NW","Huntsville","1320000","Daniel Shaffer","Owner","Mal","1122","S","Shaffer Solution Corp","info@homes-hitech.com","555 Sparkman Dr NW","Huntsville","AL","35816","2568909133","2568900077","173129","Home Automation Systems","www.homes-hitech.com","11","0"
"CALLAHAN & ASSOC INC","2519281559","7 S BAYVIEW ST","FAIRHOPE","3400000","R B CALLAHAN SR","Manager","M","1742","C","Callahan & Assoc Inc","info@callahanmail.com","7 S Bayview St","Fairhope","AL","36532","2519908073","2519281559","874823","Communications Consultants","www.callahanandassociates.com","11","0"
"RAM TOOL & SUPPLY CO INC","2514321867","1517 S BROAD ST","MOBILE","2500000","KEVIN GEORGE","Manager","M","1986","R","Ram Tool & Supply Co Inc","info@ramtool.com","1517 S Broad St","Mobile","AL","36605","2514325131","2514321867","353105","Contractors-Equipment-Manufacturers","www.ramtool.com","11","0"
"TRAMBEAM CORP","2565389983","PO BOX 211","ATTALLA","2400000","JERRY MC TE","Manager","M","2882","T","Trambeam Corp","sales@trambeam.com","206 Lee Dr","Attalla","AL","35954","2565388818","2565389983","353698","Overhead Traveling Cranes Hoists (Mfrs)","www.trambeam.com","11","0"
"Mc Guire & Assoc Inc","2057525382","PO Box 2407","Tuscaloosa","2370000","Michael Mc Guire","President","Mal","2940","M","Mc Guire & Assoc Inc","info@mcguireengineering.com","PO Box 2407","Tuscaloosa","AL","35403","2057529402","2057525382","871110","Engineers-Civil","www.mcguireengineering.com","11","0"
"EMERGENCY RESPONSE SVC INC","2569979087","907 GRAND AVE SW # B","FORT PAYNE","1300000","EDDIE SISCO","President","M","3626","E","Emergency Response Svc Inc","info@erstraining.com","907 Grand Ave SW # B","Fort Payne","AL","35967","2569979087","2569979087","508752","Fire Department Equipment & Supls (Whol)","www.erstraining.com","11","0"
"C Fast","2055913200","801 43rd St N","Birmingham","4200000","Wilson Bagwell","President","Mal","3918","C","C Fast","webmaster@cfastllc.com","801 43rd St N","Birmingham","AL","35212","2055913257","2055913200","345298","Bolts Nuts Screws Rivets/Washers (Mfrs)","www.cfastllc.com","11","0"
"MAGIC CITY TITLE INC","2053260250","3535 GRANDVIEW PKWY STE 550","BIRMINGHAM","2000000","DONALD HUEY","Owner","M","4265","M","Magic City Title Inc","info@magiccitytitle.com","3535 Grandview Pkwy # 550","Birmingham","AL","35243","2053260250","2053260250","654102","Title Companies","www.magiccitytitle.com","11","0"
"A & D Building Systems Inc","2057559550","1911 7th St N","Clanton","4220000","Arch Long","President","Mal","4973","S","Specialty Wood Products","customerservice@specwood.com","905 Lumac Road","Clanton","AL","35045","2057559550","2057559797","738999","Business Services Nec","null","11","0"
"Machine Products Co","2565389991","215 Etowah St SE","Attalla","2583000","Michael Harris","Owner","Mal","5364","M","Machine Products Co","support@internetpro.net","215 Etowah St SE","Attalla","AL","35954","2565432241","2565389991","359903","Machine Shops","www.redleach.com","11","0"
"WAREHOUSE EQUIPMENT & SUPPLY","2516600596","1700 INDUSTRIAL PARK DR","MOBILE","1200000","FRANK FRAZIER","Manager","M","5421","W","Warehouse Equipment & Supply","sales@warehouseequipment.com","1700 Industrial Park Circle","Mobile","AL","36693","2516600596","null","353401","Mfg Elevators/escalators Building Equipment Installatio","null","11","0"
"Flexible Corporate Plans Inc","2059951222","22 Inverness Center Pkwy # 135","Birmingham","1700000","George Riddle","Owner","Mal","6457","F","Flexible Corporate Plans Inc","info@flexcorp.com","22 Inverness Center Pkwy # 135","Birmingham","AL","35242","2059954099","2059951222","874216","Employee Benefit Consultants","www.flexcorp.com","11","0"
"KATHY G & CO","2059424210","11 W PARK CIR","BIRMINGHAM","1000000","KATHY MEZRANO","Owner","F","7005","K","Kathy G & Co","info@kathyg.com","11 W Park Cir # 35211","Birmingham","AL","35211","2059424210","2059424231","581212","Caterers","www.kathyg.com","11","0"
"INNOVATIVE MACHINE CORP","2058564100","3959 VALLEY EAST INDUSTRIAL DR","BIRMINGHAM","3500000","JAMES NIELSEN","President","M","7381","I","Innovative Machine Corp","info@innovativemach.com","3959 Valley East Industrial Dr","Birmingham","AL","35217","2058564117","2058564100","355909","Special Industry Machinery Nec (Mfrs)","www.innovativemach.com","11","0"
"Peaches N Clean","3342776937","1141 Newell Pkwy","Montgomery","1200000","P Martin","President","Fem","7568","P","Peaches N Clean","info@peachesnclean.com","1141 Newell Pkwy","Montgomery","AL","36110","3342608343","3342776937","721704","Carpet & Rug Cleaners","www.peachesnclean.com","11","0"
"LOGAN FARMS HONEY GLAZED HAMS","2059880022","480 CAHABA VALLEY RD","PELHAM","1600000","JEFF WEISE","Manager","M","7747","L","Logan Farms Honey Glazed Hams","marketing@intensedesigns.net","480 Cahaba Valley Rd","Pelham","AL","35124","2567619022","2059880022","542107","Meat-Retail","www.air-way.net","11","0"
"Festiva Resorts","2564945345","3026 E Meighan Blvd","Gadsden","3375000","Kellie Woody","Manager","Fem","7914","F","Festiva Resorts","contact@beachcomberhottubs.com","3026 E Meighan Blvd","Gadsden","AL","35903","2564941215","2564945345","701111","Resorts","www.yearroundvacation.com","11","0"
"MARINE SPECIALTY CO INC","2514320581","111 SHORT TEXAS ST","MOBILE","4800000","TOM KELLY","President","M","8217","M","Marine Specialty Co Inc","sales@marspec.com","111 Short Texas St","Mobile","AL","36603","2514320589","2514320581","508515","Gaskets (Wholesale)","www.marspec.com","11","0"
"CREST VISUALS","3342709112","886 PLANTATION WAY","MONTGOMERY","1200000","LARRY HUFFSTETTER","President","M","10611","C","Crest Visuals","sales@crestvisual.com","886 Plantation Way","Montgomery","AL","36117","3342708787","3342709112","573113","Audio-Visual Equipment-Dealers","www.crestvisual.com","11","0"
"ALABAMA BARRICADE INC","2056555290","7007 PRAYTOR RD","TRUSSVILLE","2300000","MERRILL C WHITTINGTON","Owner","M","10905","A","Alabama Barricade Inc","sales@alabamabarricade.com","7007 Praytor Rd","Trussville","AL","35173","2056555292","2056555290","506355","Traffic Signs Signals & Equip-Whol","www.alabamabarricade.com","11","0"
"AES PRECAST CO INC","2053338000","3851 17TH ST","NORTHPORT","2000000","BOB WILSON","President","M","11196","A","AES Precast Co Inc","sales@aesprecast.com","3851 17th St","Northport","AL","35476","2053330181","2053338000","327209","Concrete Prods-Ex Block & Brick (Mfrs)","www.aesprecast.com","11","0"
"EARTH CREATIONS","2054262302","3056 MOUNTAINVIEW WAY","BESSEMER","1000000","MARTIN LEDVINA","Owner","M","11901","E","Earth Creations","support@wallworkconsulting.com","3056 Mountainview Way","Bessemer","AL","35020","2054262302","2054262302","569917","T-Shirts-Retail","www.earthcreations.net","11","0"
"University Mar & Sailing Ctr","2058842628","2120 Fraim Dr","Pell City","1200000","Edgar Davis","President","Mal","12112","P","Pine Harbor Marina","sales@universitymarine.com","2120 Fraim Drive","Pell City","AL","35128","2058842628","2058842629","822101","Schools","null","11","0"
"PEARSON INDUSTRIES","3343655416","811 COUNTY ROAD 4 E","PRATTVILLE","4400000","RUFUS S PEARSON","President","F","12377","P","Pearson Industries","webmaster@pearsonindustries.com","811 County Road 4 E","Prattville","AL","36067","3343655729","3343655416","229802","Rope-Manufacturers","www.pearsonindustries.com","11","0"
"LAWLER FOUNDRY CORP","2055950596","4908 POWELL AVE S","BIRMINGHAM","1100000","STANLEY D LAWLER","Owner","M","12573","L","Lawler Foundry Corp","sales@lawlerfoundry.com","4908 Powell Ave S","Birmingham","AL","35222","2055950599","2055950596","332198","Gray & Ductile Iron Foundries","www.lawlerfoundry.com","11","0"
"Trav-Ad Signs Inc","2565364232","2450 Braham Ave SW","Huntsville","2728000","Roy Cox","Owner","Mal","13105","T","Trav-Ad Signs Inc","sales@trav-adsigns.com","2450 Braham Ave SW","Huntsville","AL","35805","2565342702","2565364232","399302","Signs (Manufacturers)","www.trav-adsigns.com","11","0"
"WILLIEGOAT.COM","2513380103","8425 Bellingrath Rd","Theodore","1512000","Brian Christ","Owner","Mal","13213","W","WILLIEGOAT.COM","info@willygoat.com","8425 Bellingrath Rd","Theodore","AL","36582","2513380103","2513380103","594517","Toys-Retail","www.williegoat.com","11","0"
"MID-AMERICA ROOFING INC","2563568011","4453 HIGHWAY 21","RUSSELLVILLE","1800000","BEN JOHNSON","Owner","M","13353","M","Mid-America Roofing Inc","information@midamericainc.com","4453 Highway 21","Russellville","AL","35653","2563569839","2563568011","176109","Roofing Contractors","www.midamericainc.com","11","0"
"CAHABA CYCLES","2059672003","3120 CAHABA HEIGHTS PLZ","BIRMINGHAM","1300000","KAL MALKI","Owner","M","13412","C","CAHABA CYCLES","sales@cahabacycles.com","3120 Cahaba Heights Plaza","BIRMINGHAM","AL","35243","2059672003","2059672023","5311","Retail shops","CAHABACYCLE.COM;CAHABACYCLES.COM","11","0"
"Tom Joiner & Associates Inc","2053452311","P.O. BOX 1490","Tuscaloosa","1200000","Ken Hanby","President","Mal","13909","T","Tom Joiner and Associates","admin@tjacge.com","P.O. Box 1490","TUSCALOOSA","AL","35403","2053452311","null","8999","Services NEC","tjacge.com","11","0"
"Propac Images Inc","2565931505","1292 Wagner Dr","Boaz","4264000","Vince Glassco","President","Mal","14727","P","Propac Images Inc","sales@propacimages.com","1292 Wagner Dr","Boaz","AL","35957","2565930506","2565931505","738902","Interior Decorators Design & Consultants","www.propacimages.com","11","0"
"ALDRIDGE GRINDING MACHINE CO","2564645583","170 JETPLEX BLVD SW STE A","HUNTSVILLE","1200000","WARREN ALDRIDGE III","President","M","15600","A","Aldridge Grinding Machine Co","mail@aldridgegrinders.com","170 Jetplex Blvd SW # A","Huntsville","AL","35824","2564648342","2564645583","354113","Grinding Machines & Equip-Manufacturers","NULL","11","0"
"PROFESSIONAL DIVING SVC","2053724326","285 LONG HILL RD","AKRON","1100000","TOM LONG","Manager","M","15762","P","Professional Diving Svc","info@prodiving.com","285 Long Hill Rd","Akron","AL","35441","2053724326","2053724326","738941","Divers","www.prodiving.com","11","0"
"PARTY CITY","2569710111","6275 UNIVERSITY DR NW STE 31","HUNTSVILLE","1100000","ALLEN PATRICK","Manager","M","15876","P","Party City","webmaster@partycity.com","6275 University Dr NW # 31","Huntsville","AL","35806","4326998140","2569710111","594716","Party Supplies","www.partycity.com","11","0"
"Beltline Hose & Rubber Prods","2563537867","2600 Beltline Rd SW","Decatur","2808000","Cindy Mc Lemore","Owner","Fem","16212","B","Beltline Hose & Rubber Prods","info@beltlinehose.com","2600 Beltline Rd SW","Decatur","AL","35601","2563537809","2563537867","305206","Hose & Tubing-Rubber & Plastic-Mfrs","www.beltlinehose.com","11","0"
"TECHNIGRAPHICS INC","2516537110","5766 I 10 INDUSTRIAL PKWY N","THEODORE","1000000","BILL PATE","Owner","M","16269","T","Technigraphics Inc","info@technigraphicsinc.com","5766 I10 Industrial Pkwy","Theodore","AL","36582","2516538839","2516537110","508442","Printing Equipment (Wholesale)","www.technigraphicsinc.com","11","0"
"ED BRASWELL FURNITURE","2058532830","1691 CENTER POINT PKWY","BIRMINGHAM","1800000","VANCE BRASWELL","Owner","M","17046","B","Braswell Furniture","postmaster@braswellfurniture.com","po box 190173  birmingham","BIRMINGHAM","AL","35215","2058532830","null","571216","Furniture","braswellfurniture.com","11","0"
"REID INDUSTRIAL SUPPLY","2516530778","5580 E RITE RD","THEODORE","2100000","RHONA REID","Owner","F","17586","R","Reid Industrial Supply","info@reidindustrial.com","5580 E Rite Rd","Theodore","AL","36582","2516530862","2516530778","508522","Industrial Equipment & Supplies (Whol)","www.reidindustrial.com","11","0"
"CAHABA TRACTOR CO","2056631470","PO BOX 396","PELHAM","2300000","CANDY HAYES","Manager","F","17845","C","Cahaba Tractor Co","sales@cahabatractor.com","2411 Pelham Pkwy","Pelham","AL","35124","2056631485","2056631470","508304","Tractor-Dealers (Wholesale)","www.cahabatractor.com","11","0"
"FABRICATION SPECIALISTS INC","2516601080","1600 INDUSTRIAL PARK CIR","MOBILE","1900000","DAVID P SMITH","President","M","18137","F","Fabrication Specialists Inc","info@fabricationspecialists.com","1600 Industrial Park Cir","Mobile","AL","36693","2516600647","2516601080","308906","Plastics-Fabricating/Finish/Decor-Mfrs","www.fabricationspecialists.com","11","0"
"ROPAK MANUFACTURING CO INC","2563504241","1019 CEDAR LAKE RD SE","DECATUR","3100000","RALPH MATTHEWS","President","M","18871","R","Ropak Manufacturing","info@ropak.com","1019 Cedar Lake Road SW","Decatur","AL","35603","2563504241","2563501611","738999","Business Services Nec","ropak.com","11","0"
"AMERICAN METAL WORKS INC","2516450100","PO BOX 180127","MOBILE","1000000","BOB LACY","Owner","M","19037","A","American Metal Works Inc","info@vailrubber.com","PO Box 180127","Mobile","AL","36618","2516450101","2516450100","344106","Steel-Structural (Manufacturers)","NULL","11","0"
"BLUE MOUNTAIN INDUSTRIES","2562379461","128 W 7TH ST","ANNISTON","2000000","JIMMY SHAW","Manager","M","19569","C","Coats North America","sales@gold-medal-rec.com","null","ANNISTON","AL","36201","2562379461","null","5311","Retail shops","BLUEMTNIND.COM;GOLD-MEDAL-REC.COM","11","0"
"Alabama Steel Supply Inc","3348341505","2 West Blvd","Montgomery","4000000","Jerald Labovitz","President","Mal","19640","A","Alabama Steel Supply Inc","info@alabamasteel.com","2 West Blvd","Montgomery","AL","36108","3348347777","3348341505","344403","Sheet Metal Fabricators","www.alabamasteel.com","11","0"
"GREENLEAF INC","2563551300","2400 BELTLINE RD SW","DECATUR","1100000","DION CARROLL","Owner","M","20814","G","Greenleaf Inc","info@sglocks.com","2400 Beltline Rd SW","Decatur","AL","35601","2563550250","2563551300","526108","Nurserymen","NULL","11","0"
"AMI WINDOWS & DOORS","3348877060","380 INDUSTRY DR","AUBURN","3200000","RUSSELL SPRATLIN","Manager","M","20920","A","AMI Windows & Doors","sales@auburnmillwork.com","380 Industry Dr","Auburn","AL","36832","3348877068","3348877060","521131","Doors","www.auburnmillwork.com","11","0"
"ALABAMA HEAT EXCHANGERS","2516531166","5751 LARUE STEINER RD","THEODORE","1900000","RICHARD LIGHTCAP","President","M","22672","A","Alabama Heat Exchangers","info@heatexchanger.com","5751 Larue Steiner Rd","Theodore","AL","36582","2516531104","2516531166","508420","Heat Exchangers (Wholesale)","www.heatexchanger.com","11","0"
"Pier 1 Imports","3348878616","1716 Opelika Rd","Auburn","1620000","Kristen Riddle","Manager","Fem","22752","P","Pier 1 Imports","customer_service@pier1.com","1716 Opelika Rd","Auburn","AL","36830","4232823249","3348878616","531104","Retail Shops","www.pier1.com","11","0"
"Anna's Linens","2516251617","6850 Us Highway 90 # 13","Daphne","1794000","Scott Carter","Manager","Mal","22875","A","Anna''s Linens","service@annaslinens.com","6850 Us Highway 90 # 13","Daphne","AL","36526","2516251617","2516251617","571925","Linens-Retail","www.annaslinens.com","11","0"
"MAUSER CORP","2568318441","1800 COLEMAN RD","ANNISTON","3800000","JOHN FLYNN","Manager","M","23015","H","Hoover Materials Handling Group","info@hooveribcs.com","1800 Coleman Road","Anniston","AL","36207","2568318441","2568351428","8999","Services NEC","null","11","0"
"MEMORY CO","3344480708","25 DOWNING DR","PHENIX CITY","2300000","CHARLES SIZEMORE","Owner","M","23051","M","Memory Co","info@memorycompany.com","25 Downing Dr","Phenix City","AL","36869","3344804097","3344480708","594705","Collectibles","www.memorycompany.com","11","0"
"C & W TRUCKING INC","2568356760","5998 US HIGHWAY 78 W","OXFORD","2000000","ROBBIE THOMPSON","Manager","M","24347","C","C & W Trucking Inc","info@candwtrucking.com","5998 Us Highway 78 W","Anniston","AL","36203","4078777064","2568359965","421210","Trucking-Dump","www.candwtrucking.com","11","0"
"ADVANCE TANK & CONSTRUCTION","2053384483","8762 DRY CREEK RD","PELL CITY","3800000","JIM CLAY","President","M","24670","A","Advance Tank & Construction","info@advancetank.com","8762 Dry Creek Rd","Pell City","AL","35128","2058842040","2053384483","344305","Tanks-Manufacturers","www.advancetank.com","11","0"
"NORTHWEST ALABAMA LIVESTOCK","2563323323","PO BOX 459","RUSSELLVILLE","1600000","JIM MARTIN","Manager","M","25006","N","Northwest Alabama Livestock","info@nwalivestock.com","14330 Highway 243","Russellville","AL","35653","2563326507","2563323323","478904","Stock Yards","www.nwalivestock.com","11","0"
"SEA PEARL SEAFOOD","2518242129","14120 SHELL BELT RD","BAYOU LABATRE","1500000","JOSEPH G LADNIER","Owner","M","26139","S","Sea Pearl Seafood - Plant","info@sea-pearl.com","14150 Shell Belt Road","Bayou La Batre","AL","36509","2518242129","null","5411","Food products","null","11","0"
"Richards Lighting Distr","2565331460","1811 University Dr NW","Huntsville","4140000","Brad Lapidus","Owner","Mal","26401","R","Richards Lighting Distr","mail@richardslighting.com","1811 University Dr NW","Huntsville","AL","35801","2565332442","2565331460","571926","Lighting Fixtures-Retail","NULL","11","0"
"RAMBO MARINE INC","2568283590","15904 HIGHWAY 231 431 N","HAZEL GREEN","3000000","SCOOTER RAMBO","Owner","M","26434","R","Rambo Marine","info@rambomarine.com","null","HAZEL GREEN","AL","35750","2568283590","2568287666","555104","Boat Dealers Sales & Service","RAMBOMARINE.COM","11","0"
"H T BARNES CO","2519438303","21775 US HIGHWAY 98","FOLEY","4900000","DON WATLER","Owner","M","26591","H","H T Barnes Co","info@htbarnes.com","21775 Us Highway 98","Foley","AL","36535","2519438310","2519438303","259101","Drapery & Curtain Fixtures-Manufacturers","www.htbarnes.com","11","0"
"Dawson Engineering Inc","2059690800","1500 Urban Center Dr # 415","Birmingham","4000000","William Dawson","President","Mal","26621","D","Dawson Engineering Inc","jobs@civilsystemsinc.com","1500 Urban Center Dr # 415","Birmingham","AL","35242","2058245076","2059690800","871110","Engineers-Civil","www.dawsoneng.com","11","0"
"Barkley & Harbin Inc","2567510079","610 Highway 31 N","Hartselle","1672000","Tom Barkley","President","Mal","26676","B","Barkley & Harbin Inc","sales@bandhfurniture.com","610 Highway 31 N","Hartselle","AL","35640","2567510229","2567510079","259901","Furniture-Manufacturers","www.bandhfurniture.com","11","0"
"Summerchase Comdominiums","2519819731","25800 Perdido Beach Blvd","Orange Beach","3960000","Gerald King","Manager","Mal","27542","S","Summerchase Comdominiums","info@youngssuncoast.com","25800 Perdido Beach Blvd","Orange Beach","AL","36561","2519685139","2519819731","651301","Condominiums","www.bamabeach.com","11","0"
"ULTRALINER INC","2568315515","PO BOX 3630","OXFORD","1100000","LUKE WHITTLE","Owner","M","27549","U","Ultraliner Inc","info@ultraliner.com","201 Snow St","Oxford","AL","36203","2568315575","2568315515","349804","Pipe-Manufacturers","www.ultraliner.com","11","0"
"MAIN STREET CHECKS","2053804000","920 19TH ST N","BIRMINGHAM","4100000","GRADY BURROW","Chief Executive Office","M","28627","M","Main Street Checks","techsupport@mschecks.com","920 19th St N","Birmingham","AL","35203","2053283174","2053804000","275202","Printers","www.mschecks.com","11","0"
"Copy Cat Printing Inc","2563538000","108 14th St SW","Decatur","1287000","Robert Free","Owner","Mal","28693","C","Copy Cat Printing Inc","info@copycatprinting.com","108 14th St SW","Decatur","AL","35601","3083812657","2563538000","275998","Commercial Printing Nec","www.copycatprinting.com","11","0"
"CAHABA VALLEY LUMBER CO","3344100490","35 CAHABA VALLEY DR","SELMA","3800000","GEORGE YOCUM","Owner","M","28989","C","Cahaba Valley Lumber Co","info@cahabavalley.net","35 Cahaba Valley Dr","Selma","AL","36701","3348749638","3348754343","521142","Lumber-Retail","www.cahabavalley.net","11","0"
"JONES-MC LEOD INC","2052510159","1616 7TH AVE N","BIRMINGHAM","3200000","TOMMY MC LEOD","President","M","29279","J","Jones-Mc Leod Inc","service@jones-mcleod.com","1616 7th Ave N","Birmingham","AL","35203","2053221440","2052510159","762921","Restaurant Equipment-Repairing & Svc","www.jones-mcleod.com","11","0"
"MOBILE ASSOCIATION-THE BLIND","2514733585","2440 GORDON SMITH DR","MOBILE","4000000","JIM BULLOCK","President","M","29602","M","Mitchell A S Industries for the Blind","sales@mobileblind.com","2440 Gordon Smith Drive","Mobile","AL","36617","2514733585","null","5311","Retail shops","mobileblind.com","11","0"
"UNITED PLYWOODS & LUMBER INC","2563553161","723 OLD TRINITY RD","DECATUR","4000000","DAVE ALEXANDER","Manager","M","31307","U","United Plywoods & Lumber Inc","privacy@unitedplywoods.com","723 Old Trinity Rd","Decatur","AL","35601","2563550073","2563553161","503109","Lumber-Wholesale","www.unitedplywoods.com","11","0"
"PLASMINE TECHNOLOGY INC","2519372771","251 NEWPORT PKWY","BAY MINETTE","1400000","PHIL ULICHNEY","Manager","M","31598","P","Plasmine Technology Inc","info@plasmine.com","251 Newport Pkwy","Bay Minette","AL","36507","2519374640","2519372771","282105","Resins-Manufacturers","www.plasmine.com","11","0"
"WHITE TIGER GRAPHICS","2567045333","1505 THE BOARDWALK","HUNTSVILLE","4100000","BRAD JOHNSON","Owner","M","31651","W","White Tiger Graphics","sales@whitetigerprinting.com","1505 The Boardwalk","Huntsville","AL","35816","2567045334","2567045333","275202","Printers","www.whitetigerprinting.com","11","0"
"Southern Automated Systems","2563832198","P.O. BOX 3299","Muscle Shoals","1300000","Delilah Webb","President","Fem","33212","S","Southern Automated Systems; Inc.","info@sassoft.com","P.O. Box 3299","MUSCLE SHOALS","AL","35662","2563832198","2563833833","8999","Services NEC","sassoft.com","11","0"
"WILSON-DISMUKES INC","2514769871","2646 GOVERNMENT BLVD","MOBILE","3200000","WALTER DISMUKE","Owner","M","33290","W","Wilson-Dismukes Inc","sales@wilsondismukes.com","2646 Government Blvd","Mobile","AL","36606","2514769871","2514769874","572202","Appliances-Household-Major-Dealers","www.wilsondismukes.com","11","0"
"Tele-Systems Inc","2568782510","216 S 4th St # A","Gadsden","4606000","Carl Sherrod","Owner","Mal","34129","T","Tele-Systems Inc","info@telesystemsinc.net","216 S 4th St # A","Gadsden","AL","35901","2568782510","2568782510","506324","Burglar Alarm Systems (Wholesale)","www.telesystemsinc.net","11","0"
"Midway Cycle Inc","2562333821","13550 Hatchett Rd E","Madison","1000000","Bill Berkebile","President","Mal","36230","M","Midway Cycle Salvage Inc","info@midwaycycle.com","13487 Hatchett Rd E","Madison","AL","35757","2562333821","2562333821","769967","Motorcycles & Motor Scooters-Rpr & Svc","www.midwaycycle.com","11","0"
"At Work Uniform","2059562827","1818 1st Ave S","Birmingham","1224000","","","","37083","A","At Work Uniform","info@atworkuniforms.com","1818 1st Ave S","Birmingham","AL","35210","2059562827","2059568569","569922","Uniforms","www.atworkuniforms.com","11","0"
"INFUSION PARTNERS","2059398686","2151 HIGHLAND AVE S STE 360","BIRMINGHAM","1900000","TARANA BILLUPS","Manager","M","37287","I","Infusion Partners","info@infusionpartners.com","2151 Highland Ave S","Birmingham","AL","35205","2059398680","2059398686","808201","Home Health Service","www.infusionpartners.com","11","0"
"AMERICAN SAFETY TREAD CO","2056640511","3201 JOHNSON ST","PELHAM","2600000","J ROBERT GARDNER","President","F","37295","A","American Safety Tread Co","sales@americansafetytread.com","3201 Johnson St","Pelham","AL","35124","2056639610","2056640511","332502","Foundries-Steel","www.americansafetytread.com","11","0"
"TOL PLAST CO","2564983698","2741 HIGHWAY 231","LACEYS SPRING","4300000","NICK TOLOMEI","Owner","M","37825","T","Tol Plast Co","info@tolplast.com","2741 Highway 231","Laceys Spring","AL","35754","2564983885","2564983698","505107","Pipe-Wholesale","www.tolplast.com","11","0"
"Kocher Lumber Co","3342728140","3070 Wetumpka Hwy","Montgomery","3870000","John Kocher","Owner","Mal","37868","K","Kocher Lumber Co","info@kocherlumber.com","3070 Wetumpka Hwy","Montgomery","AL","36110","3342720305","3342728140","521126","Building Materials","www.kocherlumber.com","11","0"
"North Alabama Nautiques","2562872244","21680 County Road 222","Crane Hill","4980000","Kenneth Blackmon","Owner","Mal","38160","N","North Alabama Nautiques","info@northalnautiques.com","21680 County Road 222","Crane Hill","AL","35053","2562879357","2562872244","555104","Boat Dealers Sales & Service","www.northalnautiques.com","11","0"
"LAMBERT BOOK HOUSE","2567644090","4139 PARKWAY DR","FLORENCE","1100000","EDWARD GARNER","President","M","38566","L","Lambert Book House","info@lambertbookhouse.com","4139 Parkway Dr","Florence","AL","35630","2567669200","2567644090","273101","Publishers-Book","www.lambertbookhouse.com","11","0"
"Kamil Ship Supl Co Ship Chndlr","2514320762","500 Saint Louis St","Mobile","2145000","Max Goldberg","President","Mal","39220","K","Kamil Ship Supl Co Ship Chndlr","sales@kamilship.com","500 Saint Louis St","Mobile","AL","36602","2514320766","2514320762","373204","Marine Equipment & Supplies-Mfrs","www.kamilship.com","11","0"
"ROBERTSON BROTHERS LUMBER CO","2053648627","18911 ROBERTSON RD","GORDO","4000000","MARSHALL ROBERTSON","President","M","40007","R","Robertson Brothers Lumber Co","media@outdoordecor.com","18911 Robertson Rd","Gordo","AL","35466","2053451103","2053648627","503108","Timber & Timberland Companies (Whol)","www.outdoordecor.com","11","0"
"MANNINGS USA INC","2516539774","7460 HELTON RD","THEODORE","1300000","ROBERT BUSH","Manager","M","40634","M","Mannings USA Inc","sales@manningsusa.com","7460 Helton Rd","Theodore","AL","36582","9183430601","2516539774","339801","Heat Treating Metal (Manufacturers)","www.manningsusa.com","11","0"
"DOGWOOD PRODUCTIONS","2514760858","757 GOVERNMENT ST","MOBILE","1100000","TAD DENSON","Owner","M","40995","D","Dogwood Productions","domains@dogwoodproductions.com","757 Government Street","MOBILE","AL","36602","3344760858","null","738999","Business Services Nec","4INKWORKS.COM^^ONHOLDSHOW.COM","11","0"
"CABLEMART COMPUTER WHOLESALE","2567727563","9582 MADISON BLVD STE 1","MADISON","2000000","VICKY YANG","Owner","F","41072","C","Cablemart Computer Wholesale","sales@cmicomputer.com","9582 Madison Blvd # 1","Madison","AL","35758","2567727082","2567727563","504502","Computers-Supplies & Parts-Wholesale","www.cmicomputer.com","11","0"
"JOE SCOTT & ASSOC","2569979355","1251 SPECIALTY DR W","FORT PAYNE","2600000","JOE SCOTT","Owner","M","41242","J","Joe Scott & Assoc","info@jsamachinery.com","1251 Specialty Dr W","Fort Payne","AL","35968","2569979656","2569979355","508442","Printing Equipment (Wholesale)","www.jsamachinery.com","11","0"
"ENJOY THE CITY INC","2059952489","2649 VALLEYDALE RD","BIRMINGHAM","1300000","A STANTON","Owner","F","41301","E","Enjoy The City Inc","info@enjoythecity.com","2649 Valleydale Rd","Birmingham","AL","35244","2059951131","2059952489","731103","Advertising-Directory & Guide","NULL","11","0"
"KOSSEN EQUIPMENT INC","2054281130","3779 PINE LN SE","BESSEMER","2700000","BEN HOUSE","Manager","M","41773","K","Kossen Equipment Inc","careers@kossenequipment.com","3779 Pine Ln SE","Bessemer","AL","35022","2054281130","2054281125","506316","Generators-Electric (Wholesale)","www.kossenequipment.com","11","0"
"Central Leasing","2059798844","3288 Morgan Dr","Birmingham","2562000","Doug Mills","President","Mal","42205","C","Central Leasing","info@centralleasing.com","3288 Morgan Dr","Birmingham","AL","35216","2059797767","2059798844","735933","Leasing Service","www.centralleasing.com","11","0"
"KYR Productions","2568454757","3060 Greenhill Blvd NW","Fort Payne","1340000","Ryan Mc Clung","Owner","Mal","42559","K","KYR Productions","questions@whateversports.com","3060 Greenhill Blvd NW","Fort Payne","AL","35968","2568454895","2568454757","599993","Baseball Sports Cards & Memorabilia","www.whateversports.com","11","0"
"JESSIE'S PLACE","2053230170","2305 5TH AVE N","BIRMINGHAM","1900000","MALISSA SMITHA","Executive Director","F","43180","J","Jessie's Place","info@jimmiehalemission.com","2305 5th Ave N","Birmingham","AL","35203","2053233208","2053233208","832218","Social Service & Welfare Organizations","www.jimmiehalemission.com","11","0"
"ALABAMA BUSINESS FURNISHINGS","2052523800","1201 3RD AVE N","BIRMINGHAM","4300000","STEVE DAVIS","Owner","M","43554","A","Alabama Business Furnishings","sales@jims-shoe-shop.com","1201 3rd Ave N","Birmingham","AL","35203","2052523807","2052523800","502112","Office Furniture & Equip-Dealers (Whol)","www.bizfurn.com","11","0"
"TRINOVA INC","2513787837","456 CIVIC CENTER DR","MOBILE","1400000","ROBBIE WATSON","Owner","M","44014","T","Trinova Inc","sales@webnetint.com","456 Civic Center Dr","Mobile","AL","36602","2058711984","2513787837","509908","Manufacturers-Agents & Representatives","www.hgcpa.net","11","0"
"MMI MUSIC AUDIO INC","2516601277","664 UNIVERSITY BLVD S","MOBILE","1200000","JOHN MATHERNE","Owner","M","44044","M","MMI Music Audio Inc","info@mmimusic.com","664 University Blvd S","Mobile","AL","36609","2516601342","2516601277","506507","Sound Systems & Equipment (Wholesale)","www.mmimusic.com","11","0"
"BRUSTER'S REAL ICE CREAM","3342727369","6835 VAUGHN RD","MONTGOMERY","1300000","ALICE MC COLLUM","Manager","F","44586","B","Bruster's Ice Cream","customerservice@brusters.com","6835 Vaughn Rd","Montgomery","AL","36116","3342727369","3342727369","581218","Soda Fountain Shops","www.brusters.com","11","0"
"DESIGNER PLASTICS & SALES INC","2565862490","PO BOX 160","ARAB","1300000","RANDY MOSLEY","Owner","M","44847","D","Designer Plastics & Sales Inc","sales@designerplastics.com","1325 Eddy Scant City Rd","Arab","AL","35016","2565862497","2565862490","308906","Plastics-Fabricating/Finish/Decor-Mfrs","www.designerplastics.com","11","0"
"Mutual Savings Life Insurance","2057584396","1609 Greensboro Ave","Tuscaloosa","1104000","Mildred Miller","Manager","Fem","44922","M","Mutual Savings Life Insurance","info@msldec.com","1609 Greensboro Ave","Tuscaloosa","AL","35401","2053494256","2057584396","641109","Insurance-Life (Agents)","www.msldec.com","11","0"
"MC KENZIE TANK LINES INC","3347457583","2651 S UNIROYAL RD","OPELIKA","1100000","MARSHALL MURPHY","Manager","M","44977","M","Mc Kenzie Tank Lines Inc","webmaster@mckenzietank.com","2651 S Uniroyal Rd","Opelika","AL","36804","2514572034","3347457583","421306","Trucking-Liquid & Dry Bulk","www.mckenzietank.com","11","0"
"ESCO FAB INC","2513681261","171 INDUSTRIAL DR","ATMORE","1600000","CALVIN SCHROCK","President","M","45559","E","Esco Fab Inc","sales@escofab.com","171 Industrial Dr","Atmore","AL","36502","2513682689","2513681261","344403","Sheet Metal Fabricators","www.escofab.com","11","0"
"COBBS FORD PET HEALTH CTR","3342853331","2162 COBBS FORD RD","PRATTVILLE","1000000","G F SEIER JR DVM","DVM","M","45606","C","Cobbs Ford Pet Health Ctr","mail@petvet.com","2162 Cobbs Ford Rd","Prattville","AL","36066","3342853055","3342853331","074201","Veterinarians","www.cfphc.com","11","0"
"Panelite Systems","2564618000","8000 Madison Pike","Madison","2290000","","","","45625","P","Panelite Systems","sales@meteor-usa.com","8000 Madison Pike","Madison","AL","35758","2564617708","2564618000","364698","Coml Ind Instnl Elec Lighting (Mfrs)","www.meteor-usa.com","11","0"
"Gary L Owen & Assoc Inc","2059829806","510 Emery Dr W","Birmingham","2686000","Gary L Owen","Owner","Mal","45988","G","Gary L Owen & Assoc Inc","feedback@garylowen.com","510 Emery Dr W","Birmingham","AL","35244","2059829030","2059829806","871111","Engineers-Consulting","www.garylowen.com","11","0"
"SPLICE CO","2058841117","1000 FORREST PL STE 4","PELL CITY","4800000","FRANK FINCH","Owner","M","46028","S","Splice Co","info@spliceco.com","1000 Forrest Pl # 4","Pell City","AL","35128","2058841117","2058844315","573130","Radios-Two Way-Dealers","www.spliceco.com","11","0"
"OAK MOUNTAIN LANES","2054037466","300 BOWLING LN","PELHAM","1300000","TOM BARBERINI","Owner","M","46371","O","Oak Mountain Lanes","info@oakmountainlanes.com","300 Bowling Ln","Pelham","AL","35124","2054530178","2054037466","793301","Bowling Centers","www.oakmountainlanes.com","11","0"
"PROFESSIONAL ELECTRONICS CO","2056645555","150 AIRPARK INDUSTRIAL RD","ALABASTER","2400000","GRACE L WORSHAM","President","F","46427","P","Professional Electronics Co","webmaster@profelectronics.com","150 Airpark Industrial Rd","Alabaster","AL","35007","2056630004","2056645555","367201","Printed & Etched Circuits-Mfrs","www.profelectronics.com","11","0"
"E L Spencer Lumber Co","3347454601","114 N 11th St","Opelika","1032000","Billy Trawick","Manager","Mal","46693","E","E L Spencer Lumber","service@spencerlumber.com","114 N 11th Street","Opelika","AL","36801","3347454601","3347498845","521142","Lumber","NULL","11","0"
"MIKE HOFFMAN EQUIPMENT SVC INC","2516668994","4109 HALLS MILL RD","MOBILE","4800000","MIKE HOFFMAN","Owner","M","47785","M","Mike Hoffman Equipment Svc Inc","sales@mikehoffman.cc","4109 Halls Mill Rd","Mobile","AL","36693","2516619558","2516668994","517202","Service Station Equipment (Wholesale)","www.mikehoffman.cc","11","0"
"BAY SHORE FLUID POWER","2516668666","3701 GOVERNMENT BLVD","MOBILE","2900000","TOM FERRITTO","Manager","M","48607","B","Bay Shore Fluid Power","email@bayshorefluidpower.com","3701 Government Blvd","Mobile","AL","36693","2516612640","2516668666","508520","Hydraulic Equipment & Supplies (Whol)","www.bayshorefluidpower.com","11","0"
"Steel Framing Inc","2567362210","802 23rd St SW","Cullman","1000000","Darla Grant","President","Fem","48917","S","Steel Framing Inc","info@steelframinginc.com","802 23rd St SW","Cullman","AL","35055","2567362214","2567362210","521126","Building Materials","www.steelframinginc.com","11","0"
"Seachase Condominiums","2519816921","25240 Perdido Beach Blvd","Orange Beach","2376000","Norma Grantham","Manager","Fem","49078","S","Seachase Condominiums","info@seachase.com","25240 Perdido Beach Blvd","Orange Beach","AL","36561","2519814343","2519816921","651301","Condominiums","www.seachase.com","11","0"
"Ballard Contractors Inc","2053339200","2000 30th Ave","Northport","4515000","Michael Ballard","Owner","Mal","49495","B","Ballard Contractors Inc","info@ballardcontractors.com","2000 30th Ave","Northport","AL","35476","2053339966","2053339200","177105","Concrete Contractors","www.ballardcontractors.com","11","0"
"Jeffco Concrete Contractors","2053453443","13414 Highway 69 S","Tuscaloosa","2700000","Jeffrey Mc Cool","President","Mal","50327","J","Jeffco Concrete Contractors","info@jeffcoconcrete.com","13414 Highway 69 S","Tuscaloosa","AL","35405","2057520973","2053453443","177105","Concrete Contractors","www.jeffcoconcrete.com","11","0"
"Standard Industrial Machinery","2568310755","495 Wilson Willingham Rd","Oxford","3264000","W Robert O'Neal","Owner","Mal","50941","S","Standard Industrial Machinery","sales@standardindl.com","495 Wilson Willingham Rd","Oxford","AL","36203","2568310755","2568310755","508425","Machine Tools (Wholesale)","www.standardindl.com","11","0"
"ALABAMA JACK CO","2052518156","1140 5TH AVE N","BIRMINGHAM","3000000","JOHN TOMBRELLO","Owner","M","50947","A","Alabama Jack Co","sales@alabamajack.com","1140 5th Ave N","Birmingham","AL","35203","2053234367","2052518156","508520","Hydraulic Equipment & Supplies (Whol)","www.alabamajack.com","11","0"
"FALCIANI MACHINE INC","2564610900","505 PRODUCTION AVE","MADISON","1700000","JAMES C FALCIANI","Owner","M","51102","F","Falciani Machine Inc","sales@falcianimachine.com","117 Jetplex Cir # C7","Madison","AL","35758","2564610929","2564610900","359903","Machine Shops","www.falcianimachine.com","11","0"
"NELSON SERVICE GROUP","2567669022","900 S CHESTNUT ST","FLORENCE","1300000","ALEX NELSON","Owner","M","51524","N","Nelson Services Group","info@nelsonsergr.com","900 S Chestnut St","Florence","AL","35630","2567669022","2567675310","8999","Services NEC","null","11","0"
"FIBERGLASS UNLIMITED","3348636211","183 INDUSTRIAL AVE","ROANOKE","1500000","","Unknown","","53104","F","Fiberglass Unlimited","info@fiberg.com","183 Industrial Ave","Roanoke","AL","36274","3348637975","3348636211","282102","Fiber Glass Products-Manufacturers","www.churchsteeples.com","11","0"
"TOOMEY'S MARDI GRAS CANDY CO","2514505012","755 MCRAE AVE # A","MOBILE","1900000","STEPHEN TOOMEY","Owner","M","53207","T","Toomey's Mardi Gras Candy Co","sales@tooomeys-mardigras.com","755 Mcrae Ave # A","Mobile","AL","36606","2514505078","2514505078","508711","Carnival Supplies (Wholesale)","www.toomeys-mardigras.com","11","0"
"ALABAMA OUTDOORS INC","2058701919","3054 INDEPENDENCE DR","BIRMINGHAM","1500000","MARK GATEWOOD","Owner","M","53272","A","Alabama Outdoors Inc","info@aloutdoors.com","3054 Independence Dr","Homewood","AL","35209","2058705505","2058701919","594138","Camping Equipment","www.aloutdoors.com","11","0"
"COMFORT CARE HOME HEALTH SVC","2056850421","1249 5TH ST SW","ALABASTER","2900000","LYNN DUNN","Administrator","F","53342","C","Comfort Care Home Health Svc","info@comfortcare.com","1249 Montevallo Rd","Alabaster","AL","35007","9544919522","2056850421","808201","Home Health Service","www.comfortcare.com","11","0"
"Hearthstone At Heritage Woods","2516659063","3440 Hillcrest Rd","Mobile","1938000","Cindy Freeman","Manager","Fem","53889","H","Hearthstone At Heritage Woods","info@hscsal.com","3440 Hillcrest Rd","Mobile","AL","36695","2516654560","2516659063","836105","Residential Care Homes","www.hearthstoneassisted.com","11","0"
"DEB CORP","2056557435","4628 CAMP COLEMAN RD","TRUSSVILLE","2100000","BILL SWADER","President","M","54290","D","DEB Corp","webmaster@debcorp.com","4628 Camp Coleman Rd","Trussville","AL","35173","2056552876","2056557435","344198","Fabricated Structural Metal (Mfrs)","www.debcorp.com","11","0"
"MARK POWERS & CO","2565826620","1821 HENRY ST","GUNTERSVILLE","3300000","JACK POWERS","Owner","M","54660","M","Mark Powers & Co","sales@markpowers-and-company.com","1821 Henry St","Guntersville","AL","35976","2565828533","2565826620","509908","Manufacturers-Agents & Representatives","www.markpowers-and-company.com","11","0"
"Ted's Jewelers","3347940686","2956 Ross Clark Cir","Dothan","2184000","Olivia Mc Daniel","Manager","Fem","54794","T","Ted's Jewelers","info@tedsjewelers.com","2956 Ross Clark Cir","Dothan","AL","36301","3347940686","3347940686","594409","Jewelers","www.tedsjewelers.com","11","0"
"GAMES FOR HOMES","2516611805","3656 GOVERNMENT BLVD STE B","MOBILE","3300000","NICK STRATAS","Owner","M","55380","G","Games for Homes","info@gamesforhomes.com","3656 Government Blvd","MOBILE","AL","36693","3346613111","3346665439","738999","Business Services Nec","GAMESFORHOMES.COM","11","0"
"CHENEY LIME & CEMENT CO","2056633591","PO BOX 2046","ALABASTER","2600000","ALAN B CHENEY JR","President","M","55606","C","Cheney Lime & Cement Co","sales@cheneylime.com","1152 Old Highway 31","Alabaster","AL","35007","2056642062","2056633591","327498","Lime-Manufacturers","www.cheneylime.com","11","0"
"WINSTON TRAILERS","2054867272","6116 COUNTY ROAD 28","HALEYVILLE","1000000","MIKE IVEY","President","M","56396","W","Winston Trailers","sales@winstontrailers.com","6116 County Road 28","Haleyville","AL","35565","2054867765","2054867272","379201","Trailer-Manufacturers & Designers","www.winstontrailers.com","11","0"
"Guitar Center","2513439700","3725 Airport Blvd","Mobile","3340000","Jared Mc Durmont","Manager","Mal","56420","G","Guitar Center","webmaster@guitarcntr.com","3725 Airport Blvd","Mobile","AL","36608","2815570515","2513439700","573608","Musical Instruments-Dealers","www.guitarcenter.com","11","0"
"INNOVATIVE PLASTICS","2564643131","118 CELTIC CIR","MADISON","3500000","DON JORDAN","Manager","M","56682","I","Innovative Plastics","sales@plasticfab.com","118 Celtic Cir","Madison","AL","35758","2564643132","2564643131","308901","Mold Makers","www.innovativeplastics.com","11","0"
"MAGNOLIA CLIPPING SVC","2057588610","4029 GREENSBORO AVE STE B","TUSCALOOSA","2700000","ANGIE RITER","Manager","F","56737","M","Magnolia Clipping Svc","mail@magnoliaclips.com","4029 Greensboro Ave # B","Tuscaloosa","AL","35405","6018563340","2057588610","738986","Clipping Bureaus","www.magnoliaclips.com","11","0"
"J & P Machine Shop Inc","3342699427","3445 Lower Wetumpka Rd","Montgomery","1219830","Pat Khamken","President","","56764","J","J & P Machine Shop Inc","info@jpkii.com","3445 Lower Wetumpka Rd","Montgomery","AL","36110","3342690179","3342699427","359903","Machine Shops","www.jpmachineshop.com","11","0"
"Absolute Drug Detection Svc","2059458185","2124 4th Ave S","Birmingham","1551000","Chip B Thuss Jr","Owner","Mal","56811","A","Absolute Drug Detection Svc","info@absolutedrug.com","2124 4th Ave S","Birmingham","AL","35233","2059458185","2059458185","807108","Drug Detection Service & Equipment","www.absolutedrug.com","11","0"
"Dunn King & Assoc","3342630261","431 S Court St","Montgomery","1092000","Pat Higgins","Owner","Fem","56901","D","Dunn King & Assoc","admin@dunnking.com","431 S Court St","Montgomery","AL","36104","3342631243","3342630261","733816","Secretarial & Court Reporting Services","www.dunnking.com","11","0"
"DENHAM LAND SURVERYORS","2568512623","1733 WINCHESTER RD NE","HUNTSVILLE","1000000","CHRIS DENHAM","Owner","M","57085","D","Denham Land Surveryors","info@denham-surveyors.com","1733 Winchester Rd NE","Huntsville","AL","35811","2568512633","2568512623","871301","Surveyors-Land","www.denham-surveyors.com","11","0"
"Pillow Factory Inc","2563838507","298 River Rd","Muscle Shoals","1794000","Jim Crossno","Owner","Mal","57124","P","Pillow Factory Inc","info@downfactory.com","298 River Rd","Muscle Shoals","AL","35661","2563145589","2563838507","571913","Pillows","NULL","11","0"
"BETTER BUILT TRAILERS","2054895129","PO BOX 276","DOUBLE SPGS","4500000","GEORGE MANASCO","President","M","57757","B","Better Built Trailers","webmaster@haleyvillemetro.com","76 Lynn Rd","Double Springs","AL","35553","2054895129","2054895129","379998","Transportation Equipment Nec (Mfrs)","www.haleyvillemetro.com","11","0"
"TEXAS PIPE & SUPPLY CO","2513040051","2200 WOLF RIDGE RD # A","MOBILE","3400000","STAN COARSEY","Manager","M","57846","T","Texas Pipe & Supply Co","info@texaspipe.com","2200 Wolf Ridge Rd # A","Mobile","AL","36618","2513040535","2513040051","505107","Pipe-Wholesale","www.texaspipe.com","11","0"
"A & W LIGHTING","2516070099","1124 HILLCREST RD","MOBILE","1100000","RANDY WOODHAM","Owner","M","57897","A","A & W Lighting","customer_service@aw-lighting.com","1124 Hillcrest Rd","Mobile","AL","36695","2516070099","2516070093","571926","Lighting Fixtures-Retail","www.aw-lighting.com","11","0"
"REED CAMPER SALES","2568305024","2405 JORDAN LN NW","HUNTSVILLE","2000000","LARRY REED","Owner","M","58137","R","Reed Camper Sales","postmaster@reedcampersales.com","2405 Jordan Lane","Eden","AL","35816","2568305024","null","861103","Sales Organizations","REEDCAMPERSALES.COM","11","0"
"PARK SUPPLY","2568374036","4736 COMMERCIAL DR NW","HUNTSVILLE","4400000","JIMMY PARK JR","President","M","58437","P","Park Supply","info@parksupplycompany.com","4736 Commercial Drive N.W.","Huntsville","AL","35816","2568374036","2563824037","5311","Retail shops","parksupplycompany.com","11","0"
"M & R PIPE & SUPPLY INC","2052513771","40 SAYRETON DR # A","BIRMINGHAM","3800000","MIKE HUGHES","Owner","M","58440","M","M & R Pipe & Supply Inc","webmaster@highspd.net","40 Sayreton Dr # A","Birmingham","AL","35207","6627596415","2052513771","505107","Pipe-Wholesale","www.jantran.com","11","0"
"SEITZ SCIENTIFIC INDUSTRIES","3343479713","1921 E PARK AVE","ENTERPRISE","2200000","CHARLES SEITZ","President","M","58612","S","Seitz Scientific Industries","sales@seitzinc.com","1921 E Park Ave","Enterprise","AL","36330","3343932381","3343479713","506319","Lighting Fixtures-Wholesale","www.seitzinc.com","11","0"
"Charrette Corp","2516026670","924 Butler Dr","Mobile","4330000","Rick Tobias","Manager","Mal","59188","C","Charrette Corp","custserv@charrette.com","924 Butler Dr","Mobile","AL","36693","9256878849","2516026670","504901","Architects Supplies (Wholesale)","www.charrette.com","11","0"
"ARCTIC ICE CO","2057882041","2011 AVENUE E","BIRMINGHAM","1400000","PATRICK LEVIO","Owner","M","59884","A","Arctic Ice Co","info@atlantaicecompany.com","2011 Avenue E","Birmingham","AL","35218","2057882041","2057882041","599977","Ice","www.atlantaicecompany.com","11","0"
"ALABAMA PIGMENTS CO","2059383065","346 RICKEY RD","MC CALLA","1700000","REBA LOVE","Manager","F","59903","A","Alabama Pigments Co","info@alabamapigments.com","346 Rickey Rd","Mc Calla","AL","35111","2059380015","2059383065","999977","Nonclassified Establishments","www.alabamapigments.com","11","0"
"BISHOP-PARKER FURNITURE","3342816400","3035 E SOUTH BLVD","MONTGOMERY","4000000","JAMES M PARKER","President","M","60894","B","Bishop-Parker Furniture","sales@bishopparker.com","3035 E South Blvd","Montgomery","AL","36116","3342816448","3342816400","571216","Furniture-Dealers-Retail","www.bishopparker.com","11","0"
"YORK DRUGS INC","2053925201","583 4TH AVE","YORK","4100000","EDDIE DAVIS","President","M","61019","Y","York Drugs Inc","info@yorkdrug.com","583 4th Ave","York","AL","36925","2053927006","2053925201","591205","Pharmacies","www.yorkdrug.com","11","0"
"Wycomp Technology","2057585292","1800 Mcfarland Blvd N # 310","Tuscaloosa","1956000","Dereck Wyatt","Owner","Mal","61793","W","Wycomp Technology","service@wycomp.com","1800 Mcfarland Blvd N # 310","Tuscaloosa","AL","35406","2057585355","2057585292","737801","Computers-Service & Repair","www.wycomp.com","11","0"
"ALABAMA BUSINESS FURNISHINGS","2053232491","12 20TH ST S","BIRMINGHAM","3000000","SAM SPARKS","Manager","M","62089","A","Alabama Business Furnishings","sales@bizfurn.com","12 20th Street S","Birmingham","AL","35233","2053232491","2053232495","571216","Furniture","bizfurn.com","11","0"
"GLOVE DEPOT","2054288791","3000 MOUNTAINVIEW WAY","BESSEMER","1300000","LINDA MOODY","President","F","62207","G","Glove Depot","sales@glovedepotinc.com","3000 Mountainview Way","Bessemer","AL","35020","2054288780","2054288791","561105","Gloves-Work & Industrial","www.glovedepotinc.com","11","0"
"BOOSTERS INC","3342634711","2509 E 5TH ST","MONTGOMERY","3900000","JACK D PARKS","Owner","M","62716","B","Boosters Inc","billing@boostersinc.net","2509 E 5th St","Montgomery","AL","36107","3342636853","3342634711","275298","Commercial Printing-Lithographic","www.boostersinc.net","11","0"
"DIXIELAND SALES CO","2565398501","1307 BUFORD ST NW","HUNTSVILLE","2100000","BOB CLOUSER","Owner","M","62903","D","Dixieland Sales Co","sales@dixielandsales.com","1307 Buford St NW","Huntsville","AL","35801","2565398502","2565398501","519908","General Merchandise-Wholesale","www.dixielandsales.com","11","0"
"MEASUREMENT SPECIALISTS","2569220333","690 DISCOVERY DR NW","HUNTSVILLE","4500000","JON STIMPSON","Owner","M","63304","M","Measurement Specialists","webmaster@measurespec.com","690 Discovery Dr NW","Huntsville","AL","35806","2569220333","2569220333","504607","Scales (Wholesale)","www.measurespec.com","11","0"
"Pike Farmers Co Op","3345664034","206 S Us Highway 29","Troy","1608000","Wayne Ward","Manager","Mal","63963","P","Pike Farmers Co Op","info@alafarm.com","206 S Us Highway 29","Troy","AL","36079","3345662918","3345664034","653107","Cooperatives","www.alafarm.com","11","0"
"TUCKER PECAN CO","3342624470","350 N MCDONOUGH ST","MONTGOMERY","1200000","DAVID LITTLE","Manager","M","64566","T","Tucker Pecan Co","sales@tuckerpecan.com","350 N Mcdonough St","Montgomery","AL","36104","3342624690","3342624470","544102","Nuts-Edible","www.tuckerpecan.com","11","0"
"NES Rentals","2516533830","5680 I 10 Industrial Pkwy N","Theodore","4530000","Nelson Bourg","Manager","Mal","65062","N","NES Rentals","webmaster@nes.com","5680 I 10 Industrial Pkwy N","Theodore","AL","36582","9122652220","2516533830","508806","Tanks-Metal (Wholesale)","www.nes.com","11","0"
"AUBURN-OPELIKA AIRPORT","3348444597","700 AIRPORT RD","AUBURN","2200000","WILLIAM HUTTO","Executive Director","M","65096","A","Auburn-Opelika Airport","info@auoairport.com","700 Airport Rd","Auburn","AL","36830","3348444597","3348444272","458106","Airports","www.auoairport.com","11","0"
"JASPER ELECTRIC MOTOR INC","2053846071","175 CURRY HWY","JASPER","2900000","ERIC ROSS","Vice-President","M","65156","J","Jasper Electric Motor Inc","info@jemi.com","175 Curry Hwy","Jasper","AL","35503","2053846073","2053846071","362198","Motor & Generator-Manufacturers","www.jemi.com","11","0"
"OPELIKA RV OUTLET","3347429160","6750 US HIGHWAY 280 E","OPELIKA","3900000","MARSHALL BLUNT","Owner","M","65404","O","Opelika Rv Outlet","sales@opelikarv.com","6750 Us Highway 280 E","Opelika","AL","36804","3347420962","3347429160","556103","Recreational Vehicles","www.opelikarv.com","11","0"
"Southeastern Music Gallery","2053451414","511 Greensboro Ave","Tuscaloosa","1000000","Gary Jones","President","Mal","65929","S","Southeastern Music Gallery","sales@semusic.com","511 Greensboro Avenue","Tuscaloosa","AL","35401","2053454354","null","738999","Business Services Nec","semusic.com","11","0"
"ADVANCED FLUID POWER INC","2516536888","5780 I 10 INDUSTRIAL PKWY S","THEODORE","1000000","AL PAGE","Owner","M","65964","A","Advanced Fluid Power Inc","info@wholesalehydraulics.com","5780 I10 Industrial Pkwy","Theodore","AL","36582","2516536888","2516536617","351103","Hydraulic Equipment-Manufacturers","www.wholesalehydraulics.com","11","0"
"ALABAMA FLUID SYSTEM TECH INC","2059884812","237 CAHABA VALLEY PKWY","PELHAM","1500000","JOHNNY UHL","Owner","M","66276","A","Alabama Fluid System Tech Inc","webmaster@swagelok.com","237 Cahaba Valley Pkwy","Pelham","AL","35124","4409441294","2059884812","349403","Valves-Manufacturers","www.swagelok.com","11","0"
"Atlas Copco Rental Svc Corp","2056556905","3235 Veterans Cir","Birmingham","1830000","Reggie Lawson","Manager","Mal","66294","A","Atlas Copco Rental Svc Corp","jobs@rsc.com","3235 Veterans Cir","Birmingham","AL","35235","5733349715","2056556905","735949","Contractors-Equipment & Supls-Renting","www.rsc.com","11","0"
"Albertville Discount Pharmacy","2568781514","422 N Broad St","Albertville","1665689","Norman Spear","President","Mal","66988","A","Albertville Discount Pharmacy","email@hometownpharmacies.com","422 N Broad St","Albertville","AL","35950","2568913155","2568781514","591205","Pharmacies","www.hometownpharmacies.com","11","0"
"Gulf Regional Child Care Mgmt","2514731060","3101 International Dr","Mobile","1550000","Wendy Mc Earchern","Executive Director","Fem","67215","G","Gulf Regional Child Care Mgmt","admin@admin.com","3101 International Dr","Mobile","AL","36606","2514733530","2514731060","835101","Child Care Service","www.grcma.org","11","0"
"CENTRAL STEEL SVC INC","2056642950","2764 WELBORN ST","PELHAM","4100000","KEITH WOODS","President","M","67348","C","Central Steel Svc Inc","sales@centralsteelservice.com","2764 Welborn St","Pelham","AL","35124","2056633391","2056642950","505106","Steel-Distributors & Warehouses","www.centralsteelservice.com","11","0"
"EDAW","2564305560","200 Sparkman Dr NW # 1","Huntsville","2100000","Steve Scott","Manager","Mal","67635","E","EDAW","humanresources@edaw.com","200 Sparkman Dr NW # 1","Huntsville","AL","35805","9496601046","2564305560","078103","Landscape Designers","www.edaw.com","11","0"
"Custom Finishing Inc","2056635860","4600 Highway 52 W","Helena","2955000","Donald Stafford","President","Mal","67881","C","Custom Finishing Inc","webmaster@customfinsihng.com","4600 Highway 52 W","Helena","AL","35080","2056635887","2056635860","347904","Coatings-Protective-Manufacturers","www.customfinishing.com","11","0"
"SOUTHERN BROADCAST SVC","2056633709","80 COMMERCE DR # B","PELHAM","1600000","JIMMY COLEMAN JR","Owner","M","68112","S","Southern Broadcast Svc","info@southernbroadcastservices.com","80 Commerce Dr # B","Pelham","AL","35124","2056637108","2056633709","344102","Towers (Manufacturers)","www.southernbroadcastservices.com","11","0"
"Village Lawns Inc","3342709597","1119 Perry Hill Rd","Montgomery","2436000","Bruce Holding Iii","Owner","Mal","68200","V","Village Lawns Inc","info@villagelawns.com","1119 Perry Hill Rd","Montgomery","AL","36109","3342709534","3342709597","078206","Lawn & Grounds Maintenance","www.villagelawns.com","11","0"
"Air Specialty Inc","2516490701","4440 Mccrary Rd","Semmes","4380000","Jerry Anderson","Owner","Mal","68372","A","Air Specialty Inc","info@air-specialty.com","PO Box 2236","Semmes","AL","36575","2516490207","2516490701","171117","Air Conditioning Contractors & Systems","NULL","11","0"
"NU ANGEL INC","2567295000","14717 FRIEND RD","ATHENS","1100000","TERESA CARROLL","Owner","F","68524","N","Nu Angel Inc","info@nuangel.com","14717 Friend Rd","Athens","AL","35611","2567295111","2567295000","399903","Manufacturers","www.nuangel.com","11","0"
"JOHNSON SYSTEMS INC","2567673912","3101 KENDALL DR","FLORENCE","2000000","DEWEY JOHNSON","Owner","M","68893","J","Johnson Systems Inc","info@johnsonsystems.com","3101 Kendall Dr","Florence","AL","35630","2567678367","2567673912","179104","Metal Fabricators","NULL","11","0"
"Fine Furniture","2059797080","1052 Montgomery Hwy","Vestavia Hills","4000000","Jim Warr","Owner","Mal","69070","F","Fine Furniture","info@finefurnitureinc.com","2100 Columbiana Road","Birmingham","AL","35216","null","2059798327","571216","Furniture","null","11","0"
"American Metal Tech","2053384771","1505 Dowzer Ave","Pell City","2940000","Jim Davidson","President","Mal","69393","A","American Metal Tech","info@amtechinc.net","1505 Dowzer Ave","Pell City","AL","35125","2053384827","2053384771","179104","Metal Fabricators","www.amtechinc.net","11","0"
"HAWK INC","3342711150","301 HAWK PL","MONTGOMERY","2300000","DAN R HAWK JR","President","M","69446","H","Hawk Inc","administrator@hawkinc.com","301 Hawk Pl","Montgomery","AL","36117","3342714294","3342711150","504604","Restaurant Equipment & Supplies (Whol)","www.hawkinc.com","11","0"
"Computing Solutions Inc","2519685740","3817 Gulf Shores Pkwy # 3","Gulf Shores","1141000","Richard Burdick","Owner","Mal","69721","C","Computing Solutions Inc","info@longcrier.info","3817 Gulf Shores Pkwy # 3","Gulf Shores","AL","36542","2519685706","2519685740","737801","Computers-Service & Repair","www.longcrierbuilders.com","11","0"
"GULF COAST AIR & HYDRAULICS","2516666683","3415 HALLS MILL RD","MOBILE","3800000","CHARLES MOOREHEAD","Owner","M","69844","G","Gulf Coast Air & Hydraulics","sales@gulfcoastairandhyd.com","3415 Halls Mill Road","Mobile","AL","36693","2516666683","null","5311","Retail shops","gulfcoastairandhyd.com","11","0"
"Durante Windows & Siding","2059564110","2706 Commerce Sq E","Irondale","4644000","Jason Durante","Owner","Mal","69941","D","Durante Windows & Siding","sales@durantewindows.com","2706 Commerce Sq E","Irondale","AL","35210","2059564112","2059564110","521107","Windows","www.durantewindows.com","11","0"
"Mission Research Corp","2569225540","6703 Odyssey Dr NW","Huntsville","1808000","","","","70035","M","Mission Research Corp","info@mrchsv.com","6703 Odyssey Dr NW","Huntsville","AL","35806","2569225540","2569225540","381201","Aerospace Industries","www.mrchsv.com","11","0"
"Brittain Trucking Inc","2053450115","P.O. BOX 1420","Tuscaloosa","3979049","P Brittain","President","","70208","B","Brittain Trucking Inc","admin@brittaintrucking.com","PO Box 1420","TUSCALOOSA","AL","35403","2053450115","null","421304","Trucking","brittaintrucking.com","11","0"
"BONNIE PLANT FARM","2053840704","85 BENNIE KNIGHT RD","JASPER","1100000","","Unknown","","70322","B","Bonnie Plant Farm","admin@bonnieplants.com","85 Bennie Knight Rd","Jasper","AL","35501","7316639759","2053840704","019101","Farms","www.bonnieplants.com","11","0"
"KHAFRA ENGINEERS-PRO CONSLTNG","2052528353","1601 5TH AVE N","BIRMINGHAM","1700000","BRANDON HEWITT PE","Vice-President","M","70358","K","Khafra Engineers-Pro Consltng","marketing@khafra.com","1601 5th Ave N","Birmingham","AL","35203","2052528353","2052524725","871111","Engineers-Consulting","www.khafra.com","11","0"
"Sunrise Industries","2562640100","4008 Creek Ridge Rd","Guntersville","2240000","John Petrey","President","Mal","70540","S","Sunrise Industries","info@sunriseind.com","4008 Creek Ridge Rd","Guntersville","AL","35976","2562640101","2562640100","384104","Physicians & Surgeons Equip & Supls-Mfrs","www.sunriseind.com","11","0"
"Advanced Cash Register Inc","2055569054","165 Cahaba Valley Pkwy","Pelham","3330000","John Hill","Owner","Mal","70707","A","Advanced Cash Register Inc","support@acrsystemsinc.com","165 Cahaba Valley Pkwy","Pelham","AL","35124","2054025901","2055569054","504412","Cash Registers & Supplies (Wholesale)","www.acrsystemsinc.com","11","0"
"SPRINGHILL ATHLETIC CLUB","2513407870","3715 DAUPHIN ST STE 1100","MOBILE","1000000","DARRELL WILLIAM","Executive Director","M","71147","S","Springhill Athletic Club","info@springhillathleticclub.com","3715 Dauphin St # 1100","Mobile","AL","36608","2513407870","","729906","Exercise & Physical Fitness Programs","www.springhillathleticclub.com","11","0"
"RAK SYSTEMS INC","2516534080","5500 PLANTATION RD","THEODORE","1400000","RICHARD KITZMANN","President","M","71853","R","Rak Systems Inc","info@raksystems.com","5500 Plantation Rd","Theodore","AL","36582","2516531014","2516534080","254204","Racks-Manufacturers","www.raksystems.com","11","0"
"VANCE TOOL & DIE INC","2052512808","1700 VANDERBILT RD","BIRMINGHAM","2000000","CONNIE SHERROD","Owner","F","72091","V","VanceTool&Die","info@vancetool.com","1700VanderbiltRoad","Birmingham","AL","35234","2052512808","2053225493","5251","Tools","vancetool.com","11","0"
"SYNA-FLEX RUBBER PRODUCTS CO","2563622431","1223 COCHRAN AVE","TALLADEGA","4000000","VERNON GIBSON JR","President","M","72221","S","Syna-Flex Rubber Products Co","sales@synaflex.com","1223 Cochran Ave","Talladega","AL","35160","2563622852","2563622431","306917","Rubber-Mfrs Supplies (Manufacturers)","www.synaflex.com","11","0"
"BAXLEY TANK & COATING","3347945550","3300 E COTTONWOOD RD","DOTHAN","3100000","JEROME BAXLEY","Owner","M","72365","B","Baxley Tank & Coating","info@baxleycompanies.com","3300 E Cottonwood Rd","Dothan","AL","36301","3346713885","3347945550","557103","Motorcycles & Motor Scooters-Supplies","www.baxleycompanies.com","11","0"
"JORDAN MACHINE CO","2058495050","355 CLOW LN","BIRMINGHAM","2000000","MATT SLAY","Owner","M","72426","J","Jordan Machine Co","info@jordanmachine.com","355 Clow Ln","Birmingham","AL","35217","2058495075","2058495050","359903","Machine Shops","www.jordanmachine.com","11","0"
"ULTRA SOURCE","2569314581","10626 AL HIGHWAY 69","ARAB","2200000","MIKE SHIRLEY","Owner","M","72549","U","Ultra Source","information@ultrasrc.com","10626 AL Highway 69","Arab","AL","35016","2569312248","2569314581","509908","Manufacturers-Agents & Representatives","www.ultrasrc.com","11","0"
"C B RADIO SALES","2568516110","165 EXPORT CIR NW","HUNTSVILLE","1100000","","Unknown","","72579","R","Rocket City Truck","webmaster@truckntrouble.com","165 Export Circle","HUNTSVILLE","AL","35806","2568516110","2568518758","421304","Trucking","truckntrouble.com","11","0"
"A C Ind","2568519226","1462 Jordan Rd","Huntsville","3420000","Jerry Cooper","VP","Mal","72596","A","A C Ind","info@smartwin.net","1462 Jordan Rd","Huntsville","AL","35811","2568519818","2568519226","508522","Industrial Equipment & Supplies (Whol)","www.acindustrial.com","11","0"
"Tetra Tech Inc","2565333166","1609 Mckinley Ave NE","Huntsville","1056000","","","","72655","T","Tetra Tech Inc","info@tetratech.com","400 Meridian St N # 200","Huntsville","AL","35801","9194858280","2565510222","871111","Engineers-Consulting","www.tetratech.com","11","0"
"CUSTOM FLOORING & DESIGN INC","2562300066","23000 US HIGHWAY 72","ATHENS","1400000","LARRY INMAN","Owner","M","72720","C","Custom Flooring & Design","sales@customflooranddesign.com","23000 US Highway 72","Elkmont","AL","35613","2562300066","null","175299","Floor Laying Contractor","null","11","0"
"Chico's","2519432321","2601 S Mckenzie St # 9","Foley","1508000","Karen Krauss","Manager","Fem","73038","C","Chico's","investor.relations@chicos.com","2601 S Mckenzie St # 9","Foley","AL","36535","2519432321","2519432321","562101","Women's Apparel-Retail","www.chicos.com","11","0"
"AUTOMATIC GAS & APPLIANCE","2562498551","300 W FORT WILLIAMS ST","SYLACAUGA","3200000","CHARLES VAWTER","President","M","73100","A","Automatic Gas & Appliance","sales@automaticgas.com","300 W Fort Williams St","Sylacauga","AL","35150","9034544600","2562498551","517208","Gas-Liquefied Petro-Bttld/Bulk (Whol)","www.automaticgas.com","11","0"
"Foot Locker","2514767935","3111 Airport Blvd","Mobile","2016000","Matt Reid","Manager","Mal","73198","F","Foot Locker","customer_service@footlocker.com","3111 Airport Blvd","Mobile","AL","36606","2568370189","2514767935","566101","Shoes-Retail","www.footlocker.com","11","0"
"Gambro Healthcare","2054241848","1000 Westlake Mall","Bessemer","1568000","Teri Shell","Manager","Fem","73357","G","Gambro Healthcare","webmaster@gambro.com","1000 Westlake Mall","Bessemer","AL","35020","2153796779","2054241848","809907","Health Services","www.gambro.com","11","0"
"FRANKLIN TIRE & AUTO INC","3348214572","1975 E UNIVERSITY DR","AUBURN","3100000","ROBERT FRANKLIN","Owner","M","73871","F","Franklin Tire & Auto Inc","info@franklinautoinc.com","1975 E University Dr","Auburn","AL","36830","3348214835","3348214572","553123","Tire-Dealers-Retail","www.franklinautoinc.com","11","0"
"TANKSLEY MACHINE & TOOL","2563502276","1407 SOUTHFIELD DR SE","DECATUR","2200000","TIM TANKSLEY","Owner","M","74597","T","Tanksley Machine & Tool","info@tanksleymachine.com","1407 Southfield Drive SE","Decatur","AL","35603","2563502276","2563502425","5251","Tools","tanksleymachine.com","11","0"
"Sentell Engineering Inc","2057525564","639 17th St","Tuscaloosa","4740000","Gilbert Sentell","Owner","Mal","75029","S","Sentell Engineering Inc","webmaster@sentell.net","639 17th St","Tuscaloosa","AL","35401","2057525569","2057525564","871110","Engineers-Civil","www.sentell.net","11","0"
"John Deere Landscapes","2059800770","7347 Cahaba Valley Rd","Birmingham","4380000","Gene Hunter","Manager","Mal","75259","J","John Deere Landscapes","info@johndeerelandscapes.com","7347 Cahaba Valley Rd","Birmingham","AL","35242","2059800770","2059800770","519306","Nurseries-Plants Trees & Etc-Wholesale","www.johndeerelandscapes.com","11","0"
"Friedman's Jewelers","2514799469","851 E I65 Service Rd S # 100","Mobile","1404000","Billy Walker","President","Mal","75495","F","Friedman's Jewelers","contact@friedmansfinejewelry.com","851 E I65 Service Rd S # 100","Mobile","AL","36606","2514799469","2514799469","594409","Jewelers","www.friedmansfinejewelry.com","11","0"
"DEBORAH'S PARTY RENTALS","2056312670","2726 MOUNT OLIVE RD","MOUNT OLIVE","1300000","DEBORAH JAMES","Owner","F","75556","D","Deborah's Party Rentals","info@debspartyrentals.com","2726 Mount Olive Rd","Mt Olive","AL","35117","2056313323","2056313323","735906","Party Supplies","www.debspartyrentals.com","11","0"
"AMWARE LOGISTICS","2052520700","116 FINLEY AVE W","BIRMINGHAM","4400000","DAVID WRIGHT","Manager","M","76525","A","Amware Logistics","sales@amwarelogistics.com","116 Finley Ave W","Birmingham","AL","35204","9707486750","2052520700","421303","Trucking-Transportation Brokers","www.amwarelogistics.com","11","0"
"Advanced Control Engineering","2516627774","854 Lakeside Dr","Mobile","1896000","Mike Bosarge","Owner","Mal","76770","A","Advanced Control Engineering","mail@advanced-eng.com","854 Lakeside Dr","Mobile","AL","36693","2516627712","2516627774","871133","Engineers-Professional","www.advanced-eng.com","11","0"
"ALL SEASONS TRAVEL","3342716647","2742 CENTRAL PKWY","MONTGOMERY","2900000","BERRY GRANT","President","M","76978","A","All Seasons Travel","info@radiustravel.com","2742 Central Parkway","Montgomery","AL","36106","3342716647","3342715939","4724","Travel agents","allseasonstravel.com","11","0"
"IRISH & ASSOC INC","2516661414","5454 ABLE CT","MOBILE","2000000","HERB A IRISH","President","M","76994","I","Irish & Assoc Inc","support@irishassociates.com","5454 Able Ct","Mobile","AL","36693","2516610749","2516661414","508444","Pumps (Wholesale)","www.irishassociates.com","11","0"
"American Precision Products","2565397674","1314 Buford St NW","Huntsville","2325000","Mark Bannister","President","Mal","77119","A","American Precision Products","info@injection-moldings.com","1314 Buford St NW","Huntsville","AL","35801","2565330750","2565397674","306198","Molded Extruded/Lathe Cut Rbbr Gds (Mfr)","www.injection-moldings.com","11","0"
"MC KINNEY PETROLEUM EQUIPMENT","2516618800","3926 HALLS MILL RD","MOBILE","3200000","KEVIN R MC KINNEY","President","M","77159","M","Mc Kinney Petroleum Equipment","sales@mckinneypetroleum.com","3926 Halls Mill Rd","Mobile","AL","36693","2516618821","2516618800","517202","Service Station Equipment (Wholesale)","www.mckinneypetroleum.com","11","0"
"COLONNADE","2059693030","3800 COLONNADE PKWY STE 550","BIRMINGHAM","2000000","KATHY HUCKABAY","Manager","F","77581","C","Colonnade","info@colonialproperties.com","3800 Colonnade Pkwy # 550","Birmingham","AL","35243","8654293333","2059693030","651202","Office Buildings & Parks","www.colonialproperties.com","11","0"
"Homestead House Furniture","2057869900","3112 Ensley 5 Points W Ave","Birmingham","1400000","Gary Saulters","Manager","Mal","77854","H","Homestead House Furniture","info@homesteadfurniture.com","3112 Ensley 5 Points W Ave","Birmingham","AL","35208","2057866675","2057869900","571216","Furniture-Dealers-Retail","www.homesteadfurniture.com","11","0"
"Curtis & Son Funeral Home","2562452207","315 W Fort Williams St","Sylacauga","1785000","Barry Curtis","Manager","Mal","77874","C","Curtis & Son Funeral Home","techsupport@autowoods.com","315 W Fort Williams St","Sylacauga","AL","35150","2562457062","2562452207","726103","Funeral Directors","www.autowoods.com","11","0"
"Intercept Data Svc","2057395000","248 Cahaba Valley Pkwy","Pelham","2720000","David Link","President","Mal","78777","I","Intercept Data Svc","sales@intercept.com","248 Cahaba Valley Pkwy","Pelham","AL","35124","4043523744","2057395000","874213","Marketing Programs & Services","www.intercept.com","11","0"
"SECURITY EQUIPMENT INC","2513434870","800 DOWNTOWNER LOOP W","MOBILE","1800000","BOYD MEGGINSON","President","M","79070","S","Security Equipment Inc","info@seitek.com","800 Downtowner Loop W","Mobile","AL","36609","2513428332","2513434870","874813","Security Systems Consultants","www.seitek.com","11","0"
"ALABAMA HOME PRODUCTS INC","2058239828","813 SHADES CREST RD","BIRMINGHAM","2100000","CHARLES TILLETERI","Manager","M","79156","A","Alabama Home Products Inc","support@greatsouth.com","813 Shades Crest Rd","Birmingham","AL","35226","2058239828","2058239828","514101","Food Products (Wholesale)","www.greatsouth.com","11","0"
"MOBILECARE MEDICAL INC","2514439111","5821 RANGELINE RD STE 105","THEODORE","1500000","TONY TICE","Owner","M","79213","M","Mobilecare Medical Inc","customerservice@mobilcare.net","5821 Rangeline Rd # 105","Theodore","AL","36582","2514439112","2514439111","504704","Physicians & Surgeons Equip & Supls-Whol","www.mobilcare.net","11","0"
"CKR Mobile Electronics","3342773078","540 N Eastern Blvd","Montgomery","3040000","Mark Bethune","Manager","Mal","79300","C","CKR Mobile Electronics","info@ckrme.com","540 N Eastern Blvd","Montgomery","AL","36117","3342852232","3342773078","553114","Automobile Radio & Stereo Systs-Sls/Svc","www.ckrme.com","11","0"
"LEEDS WATERWORKS BOARD","2056995151","8651 THORNTON AVE","LEEDS","1300000","BILL MORRIS","Manager","M","79311","L","Leeds Waterworks Board","info@lwwb.com","1575 Thornton Ave NE","Leeds","AL","35094","2056993535","2056995151","494102","Water & Sewage Companies-Utility","www.lwwb.com","11","0"
"FOWLER STORAGE CTR","2564204454","8710 HIGHWAY 53","TONEY","1800000","MICKEY FOWLER","Owner","M","79401","F","Fowler Storage Ctr","info@fowlerauction.com","8710 Highway 53","Toney","AL","35773","2564204707","2564206250","422503","Storage-Household & Commercial","www.fowlerauction.com","11","0"
"Casters & Equipment","2516655272","712 Lakeside Dr","Mobile","1036000","Ron Scott","Owner","Mal","79620","C","Casters & Equipment","sales@gulfcasters.com","712 Lakeside Drive","Mobile","AL","36693","2516655272","null","353401","Mfg Elevators/escalators Building Equipment Installatio","gulfcasters.com","11","0"
"CONCEPTS & ASSOC INC","2058701111","105 19TH ST S","BIRMINGHAM","1300000","TIM HENNESSY","Owner","M","80266","C","Concepts & Assoc Inc","info@conceptsusa.com","105 19th St S","Irondale","AL","35210","2058701131","2058701111","399303","Advertising-Specialties-Manufacturers","www.goconceptsinc.com","11","0"
"GRAHAM DIAMOND CO INC","2567644013","126 N COURT ST","FLORENCE","1000000","JAY KLOS","Owner","M","80820","G","Graham Diamond","support@tetradine.com","126 N Court Street","Florence","AL","35630","2567644013","2567676393","594409","Jewelers","groganjewelers.com","11","0"
"CAIN MANUFACTURING CO INC","2056632200","PO BOX 1000","PELHAM","1000000","LUKE BLOODWORTH JR","President","M","81234","C","Cain Manufacturing Co Inc","sales@cainmfg.com","2956 Highway 11","Pelham","AL","35124","2056632298","2056632200","358502","Air Conditioning Supplies & Parts-Mfrs","www.cainmfg.com","11","0"
"Gulfstream Express","3343960865","1352 Emory Folmar Blvd","Montgomery","3171000","George Koker","Manager","Mal","81284","G","Gulfstream Express","info@gulfstreamexpress.com","1352 Emory Folmar Blvd","Montgomery","AL","36110","3343960865","3343960870","421304","Trucking","www.gulfstreamexpress.com","11","0"
"EASTERN TECHNOLOGIES","3348994503","215 2ND AVE","ASHFORD","3200000","MARK BELLOWS","Vice-President","M","81310","E","Eastern Technologies","info@easterntechnologies.com","215 2nd Ave","Ashford","AL","36312","3348992310","3348994351","382998","Measuring/Controlling Devices Nec (Mfrs)","www.easterntechnologies.com","11","0"
"GULF COAST PAINT MFG INC","2519647911","30075 COUNTY ROAD 49","LOXLEY","2500000","JOHN THEIS","Owner","M","81520","G","Gulf Coast Paint Mfg Inc","info@gulfcoastpaint.com","30075 County Road 49","Loxley","AL","36551","2519647918","2519647911","519803","Paint-Wholesale","www.gulfcoastpaint.com","11","0"
"Byco Plastics Inc","2563552544","571 Old Trinity Ln","Decatur","4000000","Evelyn Vaughan","President","Fem","81605","B","Byco Plastics Inc","info@byco.com","571 Old Trinity Ln","Decatur","AL","35601","2563552627","2563552544","571213","Counter Tops","www.bycoplastics.com","11","0"
"VALLEY TRAILER PRODUCTS INC","2567846050","150 BUSTER RD","FALKVILLE","2800000","HEATH BEDARD","Manager","M","81735","V","Valley Trailer Products Inc","info@valleytrailerproducts.com","150 Buster Rd","Falkville","AL","35622","2567846052","2567846050","556104","Trailers-Equipment & Parts","www.valleytrailerproducts.com","11","0"
"RUMSEY ENVIRONMENTAL LLC","2052480002","1407 10TH AVE","TUSCALOOSA","1300000","FRANK FORD","Manager","M","81812","R","Rumsey Environmental LLC","customercare@rumseyenvironmental.com","1407 10th Ave","Tuscaloosa","AL","35401","2052480070","2052480002","495302","Garbage Collection","www.rumseyenvironmental.com","11","0"
"DOWDY & ASSOC INC","2059424766","149 W VALLEY AVE","BIRMINGHAM","2600000","JIM DOWDY","Owner","M","81914","D","Dowdy & Assoc Inc","sales@dowdyandassociates.com","149 W Valley Ave","Birmingham","AL","35209","2059421985","2059424766","171119","Cooling Towers","www.dowdyandassociates.com","11","0"
"AYERS & ASSOC INC","2053338874","9001 CHARLIE SHIRLEY RD","NORTHPORT","1100000","MIKE AYERS","Owner","M","82036","A","Ayers & Assoc Inc","webmaster@bisdex.com","9001 Charlie Shirley Rd","Northport","AL","35473","2053445359","2053338874","509908","Manufacturers-Agents & Representatives","www.ayers-associates.com","11","0"
"RUSHING ENTERPRISES INC","3346933318","16024 US HIGHWAY 431 N","HEADLAND","3800000","MARTY RUSHING","Owner","M","82181","R","Rushing Enterprises Inc","info@douglashosting.net","16024 Us Highway 431 N","Headland","AL","36345","3346935416","3346933318","516925","Cleaning Compounds (Wholesale)","www.rushingenterprises.com","11","0"
"Young-Pittman Co Inc","2567648771","600 S Court St","Florence","1118887","Robert Young","President","Mal","82210","Y","Young-Pittman Co Inc","info@youngandpittman.com","600 S Court St","Florence","AL","35630","2567406837","2567648771","171102","Heating Contractors","www.youngandpittman.com","11","0"
"Barry Graham Oil Svc","2518242774","12354 Padgett Switch Rd","Irvington","3024000","Barry Graham","Owner","Mal","82249","B","Barry Graham Oil Svc","info@bgos.net","12354 Padgett Switch Rd","Irvington","AL","36544","2518247958","2518242774","799913","Boats-Rental & Charter","www.bgos.net","11","0"
"BRYAN BUSINESS SOLUTIONS","2567362360","414 3RD ST SE","CULLMAN","1800000","BETTY BRYAN","Owner","F","82253","B","Bryan Business Solutions","service@bbscullman.com","414 3rd St SE","Cullman","AL","35055","2567362360","2567362360","594301","Office Supplies","www.bbscullman.com","11","0"
"Alabama Business Forms","2565348038","715 Memorial Pkwy NW","Huntsville","3705000","Donald Duffey","Owner","Mal","82706","A","Alabama Business Forms","info@alabamabusinessforms.com","725 North Memorial Parkway","HUNTSVILLE","AL","35801","2565348038","2565366637","7549","Automotive services","AUTOMOTIVEFORMS.COM^^AUTOREPAIRFORMS.COM^^REPAIRORDER.COM^^REPAIRORDERS.COM","11","0"
"GUARDIAN-IPCO INC","2059915316","44 VANN DR","BIRMINGHAM","1500000","CINDY MITCHELL","President","F","83363","G","Guardian-Ipco Inc","info@guardian-ipco.com","6606 Cahaba Valley Rd","Birmingham","AL","35242","2059918563","2059915316","358912","Water Treatment Equip Svc & Supls-Mfrs","www.guardian-ipco.com","11","0"
"SOUTHERN MEDICAL PRODUCTS INC","2056643824","5140 HIGHWAY 17","HELENA","1800000","JAMES WIERSMA","President","M","83729","S","Southern Medical Products Inc","information@southernmedical.com","5140 Highway 17","Helena","AL","35080","2056643824","2056645367","504704","Physicians & Surgeons Equip & Supls-Whol","www.southernmedical.com","11","0"
"COIL MANUFACTURING INC","2058385990","940 ALTON PKWY","BIRMINGHAM","2700000","RANDY RUTTER","Owner","M","83885","C","Coil Manufacturing Inc","privacy@cmicoil.com","940 Alton Pkwy","Birmingham","AL","35210","2058385990","2058385985","349619","Wire Spooling & Coiling (Manufacturers)","www.cmicoil.com","11","0"
"DESIGN PRODUCTS INC","2516266083","9315 SPANISH FORT BLVD","SPANISH FORT","1000000","BRETT STEGALL","Owner","M","83963","D","Design Products Inc","info@dpitops.com","9315 Spanish Fort Blvd","Spanish Fort","AL","36527","2516266098","2516266083","308398","Laminated Plstcs-Plate Sht/Profile (Mfr)","www.dpitops.com","11","0"
"CABINET MASTERS","2519555595","6798 STATE HIGHWAY 59","GULF SHORES","1600000","DAN ALEXANDER","Owner","M","84704","C","Cabinet Masters","info@cabinetmasters.net","6798 State Highway 59","Gulf Shores","AL","36542","2519555596","2519555595","571236","Cabinets","www.cabinetmasters.net","11","0"
"Invariant Corp","2568859794","1428 Weatherly Rd SE","Huntsville","2464000","David Anderson","Owner","Mal","84905","I","Invariant Corp","info@invariant-corp.com","1428 Weatherly Rd SE","Huntsville","AL","35803","2568811812","2568859794","873110","Technology Assistance Programs","www.invariant-corp.com","11","0"
"Sanford-Bell & Assoc Inc","3342130111","3472 Wetumpka Hwy","Montgomery","2370000","Bill Sanford","Partner","Mal","84919","S","Sanford-Bell & Assoc Inc","info@sanford-bell.com","3472 Wetumpka Hwy","Montgomery","AL","36110","3342130947","3342130111","871110","Engineers-Civil","www.sanford-bell.com","11","0"
"ALABAMA WATER SPORTS","2567291970","8390 US HIGHWAY 72","ATHENS","1800000","COOGAN PRESTON","Owner","M","85012","A","Alabama Water Sports","webmaster@alabamawatersports.com","8390 Us Highway 72","Athens","AL","35611","2567291970","2567291970","555104","Boat Dealers Sales & Service","www.alabamawatersports.com","11","0"
"BROMBERG & CO INC","2058713276","2800 CAHABA RD","BIRMINGHAM","1300000","PRESTON FOY","Manager","M","85135","B","Bromberg & Co Inc","service@brombergs.com","2800 Cahaba Rd","Mountain Brook","AL","35223","2058024586","2058713276","594409","Jewelers-Retail","www.brombergs.com","11","0"
"AVANTI POLAR LIPIDS INC","2056632494","700 INDUSTRIAL PARK DR","ALABASTER","3500000","WALTER SHAW","President","M","85366","A","Avanti Polar Lipids Inc","sales@gangwalchem.com","700 Industrial Park Dr","Alabaster","AL","35007","2056630756","2056632494","283601","Biological Products (Manufacturers)","www.avantilipids.com","11","0"
"Gaines Measurement & Control","2059854246","107 Trade Center Dr","Birmingham","3290000","William Gaines Jr","Owner","Mal","85548","G","Gaines Measurement & Control","info@gmaci.com","107 Trade Center Dr","Birmingham","AL","35244","2059870004","2059854246","506321","Meters (Wholesale)","www.gmaci.com","11","0"
"Buckhead Uniforms","3342749165","3520 Eastdale Cir","Montgomery","2720000","Ann Pavlick","Manager","Fem","85606","B","Buckhead Uniforms","office@buckheaduniforms.com","3520 Eastdale Cir","Montgomery","AL","36117","3342749167","3342749165","569922","Uniforms","www.buckheaduniforms.com","11","0"
"SWS Environmental First","2563557900","1931 Central Pkwy SW","Decatur","4400000","Jim Weber","Owner","Mal","85609","S","SWS Environmental First","info@swsefr.com","1931 Central Pkwy SW","Decatur","AL","35601","4078545760","2563557900","873111","Environmental & Ecological Services","www.swsefr.com","11","0"
"Harrison Heating & Air","3345883090","119 E Main St","Hartford","1168000","Barry Harrison","Owner","Mal","85779","H","Harrison Heating & Air","webmaster@harrison-heat-air.com","119 E Main Street","Hartford","AL","36344","null","null","171198","Plumbing Heating & Air Conditioning","null","11","0"
"IMAGING TECHNOLOGIES","2053231563","3000 3RD AVE S","BIRMINGHAM","1600000","BRIAN LEBOLD","Manager","M","86049","I","Imaging Technologies","info@itssg.com","3000 3rd Ave S","Birmingham","AL","35233","2053246980","2053231563","275998","Commercial Printing Nec","www.itrepro.com","11","0"
"NORTH RIDGE FITNESS","2057521201","1825 MCFARLAND BLVD N","TUSCALOOSA","2800000","MARY CARTEE","Owner","F","86308","N","North Ridge Fitness","info@northridgefitnessbama.com","1825 Mcfarland Blvd N","Tuscaloosa","AL","35406","2057529171","2057521201","729944","Tanning Salons","www.northridgefitnessbama.com","11","0"
"SOUTH CENTRAL STEEL INC","2056722904","PO BOX 430","HARPERSVILLE","3000000","ROGER RICKS","Owner","M","86424","S","South Central Steel Inc","engineering@scssteel.com","3504 Highway 280 E","Harpersville","AL","35078","2056728232","2056722904","179104","Metal Fabricators","www.scssteel.com","11","0"
"RARE RED ROCK","3347492880","PO BOX 150","CUSSETA","3500000","NEIL FULLAR","Owner","M","86600","R","Rare Red Rock","sales@rareredrock.com","5100 County Road 299","Cusseta","AL","36852","3347418918","3347492880","508325","Landscaping Equipment & Supplies-Whol","www.rareredrock.com","11","0"
"HYGIA HEALTH SVC","2053143920","434 INDUSTRIAL LN","BIRMINGHAM","3000000","SCOTT COMAS","Chief Executive Office","M","86740","H","Hygia Health Svc","marketing@hygia.net","434 Industrial Ln","Birmingham","AL","35211","2053143959","2053143920","384104","Physicians & Surgeons Equip & Supls-Mfrs","www.hygia.net","11","0"
"P R EMPLOYER INC","3347129939","5855 W MAIN ST","DOTHAN","3400000","BEN HARRISON","President","M","86769","P","P R Employer Inc","customerservice@premployerinc.com","5855 W Main St","Dothan","AL","36305","3346737919","3347129939","736303","Employment Service-Employee Leasing","www.premployerinc.com","11","0"
"Fore Site","2054373200","22 Inverness Center Pkwy # 500","Birmingham","1980000","Mike Smith","CEO","Mal","86875","F","Fore Site","info@foresitetowers.com","22 Inverness Center Pkwy # 500","Birmingham","AL","35242","2054373222","2054373200","173107","Telecommunications Contractors","www.foresitetowers.com","11","0"
"Kirkland's","2055540233","1701 Mcfarland Blvd E # 200","Tuscaloosa","3096000","Christy Gaiser","Manager","Fem","87111","K","Kirkland''s","info@kirkland.com","1701 Mcfarland Blvd E # 200","Tuscaloosa","AL","35404","2055540233","2055540233","521168","Home Accessories & Furnishings","www.kirkland.com","11","0"
"Faces Inc","2055917777","528 37th St N","Birmingham","2550000","Troy Crocker","Owner","Mal","87152","F","Faces Inc","info@facesllc.com","528 37th St N","Birmingham","AL","35222","2055917782","2055917777","399302","Signs (Manufacturers)","www.facesinc.com","11","0"
"JIMMY SMITH JEWELERS","2563532512","2019 6TH AVE SE STE 2","DECATUR","1500000","JIMMY SMITH","Owner","M","87268","J","Jimmy Smith Jewelers","info@jsmithjewelers.com","2019 6th Ave SE # 2","Decatur","AL","35601","2563556968","2563532512","594409","Jewelers-Retail","www.jsmithjewelers.com","11","0"
"Rep One Assoc","2565397371","7535 Memorial Pkwy SW","Huntsville","4720000","Ty Daniel","Owner","Mal","87543","R","Rep One Assoc","webmaster@repone.com","7535 Memorial Pkwy SW","Huntsville","AL","35802","2565334509","2565397371","509908","Manufacturers-Agents & Representatives","www.repone.com","11","0"
"Comtrak Inc","2052501122","550 25th Ave W","Birmingham","1208000","Jon Suttle","Manager","Mal","87791","C","Comtrak Inc","info@comtrakinc.com","550 25th Ave W","Birmingham","AL","35204","2052501166","2052501122","421309","Trucking-Motor Freight","www.comtrakinc.com","11","0"
"EXECU PRINT INC","2059822525","220 COMMERCE PKWY","PELHAM","1600000","KEITH NORTON","Owner","M","87814","E","Execu Print Inc","mail@execuprint.biz","220 Commerce Pkwy","Pelham","AL","35124","2059825062","2059822525","275202","Printers","www.execuprint.biz","11","0"
"Jasper Auto Sales","2052212486","2501 Viking Dr","Jasper","1294000","Jason Walton","Owner","Mal","87852","J","Jasper Auto Sales","info@jasperautosales.com","2708 Viking Dr","Jasper","AL","35501","2052217032","2052212424","551103","Automobile Dealers-Used Cars","www.jasperautosales.com","11","0"
"MI-TECH STEEL","2563505025","3301 MALLARD FOX DR NW","DECATUR","1700000","DANIEL NARON","Manager","M","88000","M","Mi-Tech Steel","customerservice@steeltechnologies.com","3301 Mallard Fox Dr NW","Decatur","AL","35601","4195233810","2563505025","179103","Welding & Steel Fabrication","www.steeltechnologies.com","11","0"
"TERMINIX INTERNATIONAL","2516391000","7860 COTTAGE HILL RD","MOBILE","3500000","SCOTT BLAIR","Manager","M","88193","T","Terminix International","info@terminixjo.com","7860 Cottage Hill Rd","Mobile","AL","36695","4023349612","2516391000","734201","Pest Control","www.terminix.com","11","0"
"AL HILL'S BOILER SALES","2516530361","5801 PLANTATION RD","THEODORE","2400000","FRANCES SANFORD","Owner","F","88486","A","Al Hill's Boiler Sales","info@alhillboiler.com","5801 Plantation Rd","Theodore","AL","36582","2516530361","2516530362","507420","Boilers-New & Used (Wholesale)","www.alhillboiler.com","11","0"
"SAMSON PLASTIC PIPE INC","3348987124","100 INDUSTRIAL PARK","SAMSON","2100000","","Unknown","","88622","S","Samson Plastic Pipe Inc","sales@samsonplasticpipe.com","100 Industrial Park","Samson","AL","36477","3348982617","3348987124","308401","Pipe-Plastic (Manufacturers)","www.samsonplasticpipe.com","11","0"
"S & F Signs","2567733780","1806 Highway 36 E","Hartselle","3100000","L Speakman","Owner","Fem","88651","S","S & F Signs","sales@formedfaces.com","1806 Highway 36 E","Hartselle","AL","35640","2567731649","2567733780","399302","Signs (Manufacturers)","www.sandfsigns.com","11","0"
"RUBBER STAMP LADY INC","2568801106","7914 MEMORIAL PKWY SW STE B7","HUNTSVILLE","1400000","PEGGY BRIDGEMAN","Owner","F","88750","R","Rubber Stamp Lady Inc","webmaster@rubberstamplady.com","7914 Memorial Pkwy SW # B7","Huntsville","AL","35802","2568801106","2568801106","594316","Scrapbook Albums & Supplies","www.rubberstamplady.com","11","0"
"Graphic Markings Inc","2053266540","917 2nd Ave N","Birmingham","1600000","Sandra King","President","Fem","88867","G","Graphic Markings Inc","info@digitalmarkings.com","917 2nd Ave N","Birmingham","AL","35203","2053281917","2053266540","733608","Bumper Stickers","www.graphicmarkings.com","11","0"
"Electric Controls & Svc","2058339900","5639 Miller Industrial Blvd","Birmingham","3160000","Manny Sousa","Manager","Mal","89018","E","Electric Controls & Svc","email@ecands.com","5639 Miller Industrial Blvd","Birmingham","AL","35210","2058339905","2058339900","871115","Engineers-Electrical","www.ecands.com","11","0"
"BANKS QUARLES PLUMBING HEATING","2057582627","2501 17TH ST","TUSCALOOSA","3000000","PAULA QUARLES","Owner","F","89299","B","Banks Quarles Plumbing Heating","sales@banksquarles.com","2501 17th St","Tuscaloosa","AL","35401","2057586699","2057582627","171105","Plumbing Contractors","www.banksquarles.com","11","0"
"ECONOLINE TRAILERS INC","2054895318","231 COUNTY ROAD 33","DOUBLE SPGS","3800000","RAYMOND BANKS","President","M","89498","E","Econoline Trailers Inc","sales@econolinetrailers.com","231 County Road 33","Double Springs","AL","35553","2054893252","2054895318","353798","Industrial Trucks Tractors/Trlrs (Mfrs)","www.econolinetrailers.com","11","0"
"GENERAL STANDARDS CO","2568808787","8302 WHITESBURG DR S STE A","HUNTSVILLE","1400000","PAUL RANUSEK","President","M","89846","G","General Standards Co","webmaster@generalstandards.com","8302 Whitesburg Dr S # A","Huntsville","AL","35802","2568808788","2568808787","357702","Computer Peripherals (Manufacturers)","www.generalstandards.com","11","0"
"HUNTSVILLE TRACTOR & EQUIP INC","2568376767","4600 RESEARCH PARK BLVD NW","HUNTSVILLE","3700000","BOBBY CRAIN","Owner","M","89944","H","Huntsville Tractor & Equip Inc","parts@huntsvilletractor.com","4600 Research Park Blvd NW","Huntsville","AL","35806","2568375003","2568376767","508304","Tractor-Dealers (Wholesale)","www.huntsvilletractor.com","11","0"
"Allsteel-Homecraft Inc","2059428249","2111 Montevallo Rd SW","Birmingham","1716000","Jeff Jones","Manager","Mal","90094","A","Allsteel-Homecraft Inc","info@allsteel.com","2111 Montevallo Rd SW","Birmingham","AL","35211","2059425860","2059428249","349605","Fence-Manufacturers","www.allsteel.com","11","0"
"MARINE EXHAUST SYSTEMS INC","2519281234","757 NICHOLS AVE","FAIRHOPE","2600000","BARBARA WILLIAMS","President","F","90272","M","Marine Exhaust Systems Inc","parts@hpinternational.com","757 Nichols Ave","Fairhope","AL","36532","2519281234","2519281234","555113","Marine Equipment & Supplies","www.mesamarine.com","11","0"
"Trugreen Chemlawn","3342796702","946 Plantation Way","Montgomery","3948000","Gary Moore","Manager","Mal","90664","T","Trugreen Chemlawn","customerservice@trugreenmail.com","946 Plantation Way","Montgomery","AL","36117","3368348246","3342796702","078206","Lawn & Grounds Maintenance","www.trugreen.com","11","0"
"HEAVY MAINTENANCE SUPPLY","2053845284","1803 5TH AVE S","JASPER","1600000","MIKE HARMON","Owner","M","90857","H","Heavy Maintenance Supply","sales@heavymaintenance.com","1803 5th Ave W","Jasper","AL","35501","2053845283","2053845284","507213","Tools (Wholesale)","www.heavymaintenance.com","11","0"
"Conerstone Engineering Group","2563511256","445 Moulton St E","Decatur","1264000","","","","90943","C","Conerstone Engineering Group","info@cegpc.com","445 Moulton St E","Decatur","AL","35601","2563505582","2563511256","871111","Engineers-Consulting","www.cegpc.com","11","0"
"ROLLS INC","2564468391","PO BOX 455","LEIGHTON","3400000","BRANDON YOUNG","Manager","M","91131","R","Rolls Inc","questions@rollsinc.com","301 N Church St","Leighton","AL","35646","2564465156","2564468391","306918","Rubber Rolls (Manufacturers)","www.rollsinc.com","11","0"
"Richards Motors","2565437106","2500 W Meighan Blvd","Gadsden","4529000","Myra Richards","Owner","Fem","91279","R","Richards Motors","info@richardsmotors.net","2500 W Meighan Boulevard","Gadsden","AL","35904","2565437106","null","559999","Ret Misc Vehicles Repair Services Plumbing/heating/air","richardsmotors.net","11","0"
"EAI Corp","2562376862","1021 Noble St","Anniston","3080000","Gary Stratton","Manager","Mal","91363","E","EAI Corp","marketing@eaicorp.com","1021 Noble St","Anniston","AL","36201","5733360197","2562376862","829931","Training Programs & Services","www.eaicorp.com","11","0"
"Century Tel","3347931234","150 Technology Dr","Dothan","1665000","Valerie Thompson","Manager","Fem","91416","C","Century Tel","webmaster@centurytel.com","206 W Troy St","Dothan","AL","36303","3346771350","3346771920","481304","Telephone Companies","www.centurytel.com","11","0"
"E A NELSON CO","2567660356","1011 MITCHELL BLVD","FLORENCE","1400000","MARK NELSON","President","M","91433","E","E A Nelson Co","sales@eanelson.com","1011 Mitchell Blvd","Florence","AL","35630","2567648026","2567660356","735949","Contractors-Equipment & Supls-Renting","www.eanelson.com","11","0"
"Game Finder Inc","2563822040","4733 Commercial Dr NW","Huntsville","2090000","Jerry Bonner","Partner","Mal","91445","G","Game Finder Inc","info@game-finder.com","4733 Commercial Dr NW","Huntsville","AL","35816","2563822041","2563822040","382302","Infrared Equipment (Manufacturers)","www.bonner-tech.com","11","0"
"BIRMINGHAM LIMB & BRACE CO","2055950632","3624 5TH AVE S","BIRMINGHAM","1600000","DAN OGLESBY","President","M","91483","B","Birmingham Limb & Brace Co","webmaster@sbmsystems.com","3624 5th Ave S","Birmingham","AL","35222","2055950612","2055950632","384298","Orthopedic Prosthetic/Srgcl Appl (Mfrs)","www.bhamlimbandbrace.com","11","0"
"Nordic Cold Storage","2568352211","670 Airport Rd","Oxford","3216000","Paul Higgins","Plant Mgr","Mal","91735","N","Nordic Cold Storage","press@operax.com","670 Airport Rd","Oxford","AL","36203","2568352297","2568352211","422202","Warehouses-Cold Storage","www.nordic.com","11","0"
"ABF INC","2058537511","1595 RED HOLLOW RD","BIRMINGHAM","1200000","JOEY CANNON","Owner","M","92034","A","ABF Inc","customerservice@isp.com","1595 Red Hollow Rd","Birmingham","AL","35215","7153245409","2058537511","344106","Steel-Structural (Manufacturers)","www.isp.com","11","0"
"CHEROKEE FABRICATIONS","3342984547","13244 US HIGHWAY 280 E","SALEM","1700000","JERRY SCARBOROUGH","Manager","M","92389","C","Cherokee Fabrications","info@cherokeefab.com","13244 Us Highway 280 E","Salem","AL","36874","3342984515","3342984547","179104","Metal Fabricators","www.cherokeefab.com","11","0"
