"Process Equipment Co","2056635330","2770 Welborn St","Pelham","30082000","James Woods","Executive Director","Mal","6963","P","Process Equipment Co","information@processbarron.com","2770 Welborn St","Pelham","AL","35124","2056636037","2056635330","356401","Fans-Industrial & Commercial-Mfrs","www.process-equip.com","11","0"
"Southern Pine Electric Co-Op","2518675415","2134 South Blvd","Brewton","35800000","Jimmy Byrd","Manager","Mal","51172","S","Southern Pine Electric Co-Op","webmaster@magbelle.com","2134 South Blvd","Brewton","AL","36426","2518673925","2518675415","491101","Electric Companies","www.southernpine.org","11","0"
"Hough International","2568788254","1000 Railroad Ave","Albertville","30000000","Peter Karamanolis","President","Mal","51682","H","Hough International","sales@houghinternational.com","1000 Railroad Ave","Albertville","AL","35951","2568788274","2568788254","352303","Feed Mill Equipment & Supplies (Mfrs)","www.houghinternational.com","11","0"
"Bass Anglers Sportsman Society","3342729530","5845 Carmichael Rd","Montgomery","30000000","Dean Kassel","President","Mal","58034","B","Bass Anglers Sportsman Society","customerservice@bassmaster.com","5845 Carmichael Rd","Montgomery","AL","36117","3342797148","3342729530","097104","Fishing Tournaments","www.bassmaster.com","11","0"
"Atlantic Marine Inc","2516907100","660 Dunlap Cir","Mobile","32600000","Ron Mc Aler","President","Mal","73526","A","Atlantic Marine Inc","webmaster@atlanticmarine.com","660 Dunlap Cir","Mobile","AL","36610","9042513500","2516907100","344106","Steel-Structural (Manufacturers)","www.atlanticmarine.com","11","0"
"JOE BULLARD CADILLAC","2514716141","1419 E I65 SERVICE RD S","MOBILE","38400000","JOE BULLARD","President","M","76917","J","Joe Bullard Cadillac Oldsmobile Hummer","email@joebullard.com","3024 Airport Blvd","Mobile","AL","36606","2514716141","null","458106","Airports","joebullard.com","11","0"
"DST Health Solutions","2054376900","1801 1st Ave S # 400","Birmingham","36240000","John Mc Kay","President","Mal","80899","D","DST Health Solutions","webmaster@csc.com","1801 1st Ave S # 400","Birmingham","AL","35233","5052432653","2054376900","737298","Prepackaged Software","www.csc.com","11","0"
"Max Packaging","2565385439","109 6th Ave NW","Attalla","34000000","John Mc Farland","President","Mal","84599","M","Max Packaging","info@maxpackaging.com","109 6th Ave NW","Attalla","AL","35954","7756779488","2565382233","308902","Plastics & Plastic Products (Mfrs)","www.maxpackaging.com","11","0"
"Arkay Plastics Alabama Inc","3343611041","1098 Doster Rd","Prattville","32800000","Dale Grant","Plant Mgr","Mal","87056","A","Arkay Plastics Alabama Inc","sales@arkayindustries.com","1098 Doster Rd","Prattville","AL","36067","3343611047","3343611041","308901","Mold Makers","www.arkayindustries.com","11","0"
"SRA","2055623066","2100 Jack Warner Pkwy NE","Tuscaloosa","33020000","Steve Stone","Administrator","Mal","90515","S","SRA","info@multiserv.com","2100 Jack Warner Pkwy NE","Tuscaloosa","AL","35404","8595675615","2055623066","331201","Steel Mills","www.harsco.com","11","0"
