mail id,company,email,address,phone,fax,sic,sic description,web,,revenue id,company,address,city,state,zip,	metro,web,phone,fax,contact,position,gender,sales,# of employee,sic,sic_descrpiton,	,,
"359200","JMK Intl Inc","exerflex@exerflex.com","4800 Bryant Irvin Ct","8177351669","8177373703","305201","Rubber Products-Manufacturers","www.exerflex.com"," Email <---> Revenue ","1287690","JMK Intl Inc","4800 Bryant Irvin Ct","Fort Worth","TX","76107","Tarrant","www.exerflex.com","8177373703","8177351669","Alfred M Micallef","CEO","Mal","55600000","12","305201","Rubber Produ","6","0","1"
"16307","Gustafson LLC","steve.stokes@bayercropscience.com","1400 Preston Rd # 400","2088964061","9729858877","289905","Chemicals-Manufacturers","www.gustafson.com"," Email <---> Revenue ","1241702","Gustafson LLC","1400 Preston Rd # 400","Plano","TX","75093","Collin","www.gustafson.com","9729858877","9729851696","T G Austin","President","Mal","98200000","0","289905","Chemicals-Ma","6","0","1"
"388299","Capstead Mortgage Corp","invrel@capstead.com","8401 N Central Expy # 800","2148742398","2148742323","679801","Real Estate Investment Trusts","www.capstead.com"," Email <---> Revenue ","1079911","Capstead Mortgage Corp","8401 N Central Expy # 800","Dallas","TX","75225","Dallas","www.capstead.com","2148742323","2148742398","Andrew F Jacobs","CEO","Mal","91121000","13","679801","Real Estate ","6","1","1"
"452668","Longhorn International Trucks","pherrneckar@long-intl.com","4711 E 7th St","5123893871","5123891111","551105","Truck-Dealers","www.longinternational.com"," Email <---> Revenue ","436461","Longhorn International Trucks","4711 E 7th St","Austin","TX","78702","Travis","www.longinternational.com","5123891111","5123893871","Duane Kyrish","Owner","Mal","58230000","90","551105","Truck-Dealer","6","2","1"
"145575","Ihlo Sales & Import Co","ihlo@ihlo.com","406 Payne St","9365988146","9365982491","509905","Importers","www.ihlo.com"," Email <---> Revenue ","1273417","Ihlo Sales & Import Co","406 Payne St","Center","TX","75935","Shelby","www.ihlo.com","9365982491","9365988146","Roy Blackshear","President","Mal","40000000","8","509905","Importers","5","0","1"
"330506","Focus Direct","maryann.korzekwa@focusdirect.com","9707 Broadway St","2108041071","2108059185","733105","Advertising-Direct Mail","www.focusdirect.com"," Email <---> Revenue ","812149","Focus Direct","9707 Broadway St","San Antonio","TX","78217","Bexar","www.focusdirect.com","2108059185","2108041071","Pat Cronin","Manager","Mal","27600000","200","733105","Advertising-","5","0","1"
"409405","Precision Rx","karen.a.brown@wellpoint.com","5450 N Riverside Dr","4082770346","8178505000","591205","Pharmacies","www.wellpoint.com"," Email <---> Revenue ","1452042","Precision Rx","5450 N Riverside Dr","Fort Worth","TX","76137","Tarrant","www.wellpoint.com","8178505000","8178505021","Jim Walker","VP","Mal","49410000","270","591205","Pharmacies","5","2","1"
"557800","Medical Carbon Research Inc","bmcclellan@mcritx.com","8200 Cameron Rd # A196","5123393636","5123398403","504704","Physicians & Surgeons Equip & Supls-Whol","www.mcritx.com"," Email <---> Revenue ","468531","Medical Carbon Research Inc","8200 Cameron Rd # A196","Austin","TX","78754","Travis","www.mcritx.com","5123398403","5123393636","Clyde Banker","President","Mal","38870000","65","504704","Physicians &","5","0","1"
"421732","Service Electric Supply Inc","mark@serviceelectricsupply.com","10929 Grissom Ln","9726202016","9726202821","506346","Wire Harnesses-Electrical (Wholesale)","www.serviceelectricsupply.com"," Email <---> Revenue ","1511087","Service Electric Supply Inc","10929 Grissom Ln","Dallas","TX","75229","Dallas","www.serviceelectricsupply.com","9726202821","9726202016","Mark Young","President","Mal","46060000","70","506346","Wire Harness","5","0","1"
"588805","CIS Data Svc Inc","privacy_officer@chemicalinfo.com","9101 Lbj Fwy # 310","9722387108","2143496200","516916","Chemicals (Wholesale)","www.chemicalinfo.com"," Email <---> Revenue ","1074098","CIS Data Svc Inc","9101 Lbj Fwy # 310","Dallas","TX","75243","Dallas","www.chemicalinfo.com","2143496200","2143496286","Ron Schwarz","Executive Director","Mal","13013000","13","516916","Chemicals (W","4","0","1"
"438447","Tran Spec Fastners Co Inc","salesdesk@transpec.com","2700 Handley Ederville Rd","8174629336","8174629300","507205","Fasteners-Industrial (Wholesale)","www.transpec.com"," Email <---> Revenue ","1582242","Tran Spec Fastners Co Inc","2700 Handley Ederville Rd","Richland Hills","TX","76118","Tarrant","www.transpec.com","8174629300","8174629336","Jim Disharoon","Owner","Mal","15540000","30","507205","Fasteners-In","4","0","1"
"497372","Sabine Pipe & Supply Co","willadamson@sabinepipe.com","1206 State Highway 31 E","9039833966","9039843094","505107","Pipe-Wholesale","www.sabinepipe.com"," Email <---> Revenue ","1499151","Sabine Pipe & Supply Co","1206 State Highway 31 E","Kilgore","TX","75662","Gregg","www.sabinepipe.com","9039843094","9039833966","Bill Adamson","Owner","Mal","13600000","12","505107","Pipe-Wholesa","4","0","1"
"462334","Burns Control Co","accountingassistance@burnscontrols.com","13735 Beta Rd","9722338039","9722336712","508513","Valves-Wholesale","www.burnscontrols.com"," Email <---> Revenue ","1068733","Burns Control Co","13735 Beta Rd","Dallas","TX","75244","Dallas","www.burnscontrols.com","9722336712","9722338039","Pat Burns Sr","Owner","Mal","17100000","30","508513","Valves-Whole","4","0","1"
"281276","YOURIMPORTER.COM","biz@freshaddress.com","2001 Bryan St","6027884722","2142927200","509905","Importers","www.imagingexperts.com"," Email <---> Revenue ","1632153","YOURIMPORTER.COM","2001 Bryan St","Dallas","TX","75201","Dallas","www.yourimporter.com","2142927200","2146789362","","","","14160000","15","509905","Importers","4","0","1"
"514738","Chancellor Manufacturing","chancellor@cooke.net","1000 N Interstate 35","9406656019","9406656014","502118","Church Furnishings (Wholesale)","www.gochairs.com"," Email <---> Revenue ","1091921","Chancellor Manufacturing","1000 N Interstate 35","Gainesville","TX","76240","Cooke","www.gochairs.com","9406656014","9406656019","Kenneth Kaiser","Owner","Mal","22840000","40","502118","Church Furni","4","0","1"
"499547","Stromberg Architectural Prod","gabriel@4stromberg.com","4400 Oneal St","9034543642","9034540904","521121","Stone-Cast","www.strombergarchitectural.com"," Email <---> Revenue ","1544180","Stromberg Architectural Prod","4400 Oneal St","Greenville","TX","75401","Hunt","www.strombergarchitectural.com","9034540904","9034543642","Lyndon Stromberg","Owner","Mal","14190000","55","521121","Stone-Cast","4","0","1"
"76737","Motion Industries Inc","helpdesk@learn.motion.com","1200 Silber Rd","2708424839","7136889100","508525","Bearings (Wholesale)","www.motion.com"," Email <---> Revenue ","489032","Motion Industries Inc","1200 Silber Rd","Houston","TX","77055","Harris","www.motion.com","7136889100","7136837029","Ray Christensen","Manager","Mal","19950000","35","508525","Bearings (Wh","4","0","1"
"38124","Brace Management Group","lburgess@yaquinto.com","5045 Lorimar Drive","2143307761","null","874198","Fuel Management","YAQUINTO.COM^^YAQUINTO.NET^^YAQUINTO.ORG"," Email <---> Revenue ","1632350","Yaquinto Printing Co","4809 S Westmoreland Rd","Dallas","TX","75237","Dallas","www.yaquinto.com","2143307761","2143309097","Kathleen Karl","President","Fem","14300000","100","275998","Commercial P","4","0","1"
"423312","Travis Tile Sales","mhamer@travistile.com","3811 Airport Blvd","5124788373","5124788705","503219","Tile-Ceramic-Distributors","www.travistile.com"," Email <---> Revenue ","678431","Travis Tile Sales","3811 Airport Blvd","Austin","TX","78722","Travis","www.travistile.com","5124788705","5124788373","Lee Page","President","Mal","24000000","50","503219","Tile-Ceramic","4","0","1"
"556173","KMCO Inc","rmcdill@kmcoinc.com","333 N Sam Houston Pkwy E #1250","2813289528","2818851234","516916","Chemicals (Wholesale)","www.kmcoinc.com"," Email <---> Revenue ","392025","KMCO Inc","333 N Sam Houston Pkwy E #1250","Houston","TX","77060","Harris","www.kmcoinc.com","2818851234","2812724102","David Fortune","Manager","Mal","20020000","20","516916","Chemicals (W","4","0","1"
"542009","Comfort Air Engineering Inc","tom@comfort-air.com","11403 Jones Maltsberger Rd","2104949526","2104941691","171117","Air Conditioning Contractors & Systems","www.comfort-air.com"," Email <---> Revenue ","780063","Comfort Air Engineering Inc","11403 Jones Maltsberger Rd","San Antonio","TX","78216","Bexar","www.comfort-air.com","2104941691","2104949526","A J Freund","Owner","Mal","10950000","75","171117","Air Conditio","4","0","1"
"576380","Craig Baker Marble Co Inc","wilrogers@craigbakermarble.com","1918 Baker Rd","2815780940","2814922365","503201","Marble-Cultured (Wholesale)","www.craigbakermarble.com"," Email <---> Revenue ","181289","Craig Baker Marble Co Inc","1918 Baker Rd","Houston","TX","77094","Harris","www.craigbakermarble.com","2814922365","2815780940","Craig Baker","Owner","Mal","24960000","52","503201","Marble-Cultu","4","0","1"
"449854","Aquamatic Inc","acscoi@acscoi.com","33434 Fm 529 Rd","2813712285","2813719282","508513","Valves-Wholesale","www.acscoi.com"," Email <---> Revenue ","54901","Aquamatic Inc","33434 Fm 529 Rd","Brookshire","TX","77423","Waller","www.acscoi.com","2813719282","2813712285","Ralph Jones","Sales Exec","Mal","14250000","25","508513","Valves-Whole","4","0","1"
"300751","H & B Industries Inc","brett@hbind.com","9758 Abernathy Ave","2143501998","2143501984","517211","Lubricants (Wholesale)","www.hbind.com"," Email <---> Revenue ","1242226","H & B Industries Inc","9758 Abernathy Ave","Dallas","TX","75220","Dallas","www.hbind.com","2143501984","2143501998","Bob Kuhnert","President","Mal","13416000","4","517211","Lubricants (","4","0","1"
"28073","Digital Air Control","general@digitalaircontrol.com","3330 Bering Dr","7139751760","7139758160","506328","Controls Control Systs/Regulators (Whol)","www.digitalaircontrol.com"," Email <---> Revenue ","210702","Digital Air Control","3330 Bering Dr","Houston","TX","77057","Harris","www.digitalaircontrol.com","7139758160","7139751760","Peter Kurtz","Owner","Mal","17108000","26","506328","Controls Con","4","0","1"
"137653","Mercado Latino Inc","inquiries.career@mercadolatino.biz","3203 Aniol St","2106610962","2106617401","541101","Food Markets","www.mercadolatino.biz"," Email <---> Revenue ","874958","Mercado Latino Inc","3203 Aniol St","San Antonio","TX","78219","Bexar","www.mercadolatino.biz","2106617401","2106610962","Kirk Alexander","VP","Mal","10920000","60","541101","Food Markets","4","0","1"
"457733","Leemah Electronics","lihua@leemah.com","1001 E Arapaho Rd","9729609146","9724799090","573117","Electronic Equipment & Supplies-Retail","www.leemah.com"," Email <---> Revenue ","1337869","Leemah Electronics","1001 E Arapaho Rd","Richardson","TX","75081","Dallas","www.leemah.com","9724799090","9729609146","Thomas Mallow","Plant Mgr","Mal","14520000","60","573117","Electronic E","4","0","1"
"554406","Trinity Towers","nigel@vortexpr.com","101 N Upper Broadway St","4084373401","3618872000","805904","Retirement Communities & Homes","www.arc.com"," Email <---> Revenue ","680716","Trinity Towers","101 N Upper Broadway St","Corpus Christi","TX","78401","Nueces","www.arc.com","3618872000","3618878228","Peggy Brisgill","Executive Director","Fem","11760000","240","805904","Retirement C","4","0","1"
"388583","Preowned Supercenter","ron@network25.com","700 N General Bruce Dr","2547732323","2547731746","551103","Automobile Dealers-Used Cars","www.johnsonbrothersford.com"," Email <---> Revenue ","1453041","Preowned Supercenter","700 N General Bruce Dr","Temple","TX","76504","Bell","www.johnsonbrothersford.com","2547731746","2547732323","Harry Adams","Owner","Mal","23939000","37","551103","Automobile D","4","1","1"
"589190","AVO Intl Technical","uksales@megger.com","4271 Bronze Way","6106768582","2143303526","594204","Book Dealers-Pro Technical & Trade","www.megger.com"," Email <---> Revenue ","984702","AVO Intl Technical","4271 Bronze Way","Dallas","TX","75237","Dallas","www.megger.com","2143303526","2143303511","Rick Bieber","President","Mal","19950000","150","594204","Book Dealers","4","0","1"
"416355","Becknell Wholesale Co","becknell@becknell.com","504 E 44th St","8067449424","8067473201","508310","Farm Equipment (Wholesale)","www.becknell.com"," Email <---> Revenue ","85120","Becknell Wholesale Co","504 E 44th St","Lubbock","TX","79404","Lubbock","www.becknell.com","8067473201","8067449424","Eugene Becknell","President","Mal","14100000","5","508310","Farm Equipme","4","0","1"
"556150","Holt Co","campos_johnny@cat.com","203 Holt Rd","3615785665","3615732438","508206","Contractors-Equip/Supls-Dlrs/Svc (Whol)","www.holtpipeline.com"," Email <---> Revenue ","832588","Holt Co","203 Holt Rd","Victoria","TX","77905","Victoria","www.holtpipeline.com","3615732438","3615785665","Ed Mc Crum","Manager","Mal","13320000","20","508206","Contractors-","4","0","1"
"549062","Solrac Co","crodriguez@solraccorp.com","480 Talbot Ave # D","9158774724","9157723073","399906","Assembly & Fabricating Service","www.solraccorp.com"," Email <---> Revenue ","619808","Solrac Co","480 Talbot Ave # D","Canutillo","TX","79835","El Paso","www.solraccorp.com","9157723073","9158774724","Carlos Rodriguez","Owner","Mal","13100000","100","399906","Assembly & F","4","0","1"
"158466","Esco Plastics Co","grant@escoplastics.com","16415 Waverly Dr","2814433739","2814433710","516922","Polyurethane Products-Wholesale","www.escoplastics.com"," Email <---> Revenue ","245980","Esco Plastics Co","16415 Waverly Dr","Houston","TX","77032","Harris","www.escoplastics.com","2814433710","2814433739","Kurt Owens","President","Mal","12012000","12","516922","Polyurethane","4","0","1"
"472696","CGP Mfg Inc","jgarcia@cgpfittings.com","6313 Winfree Dr","7136415564","7136415544","508503","Pipe Fittings (Wholesale)","www.cgpfittings.com"," Email <---> Revenue ","122224","CGP Mfg Inc","6313 Winfree Dr","Houston","TX","77087","Harris","www.cgpfittings.com","7136415544","7136415564","J Stevens Becker","Owner","Mal","13680000","24","508503","Pipe Fitting","4","0","1"
"390709","METROPLEX Facility Svc","m.smith@dfwmfs.com","1188 Quaker St","2146317664","2146310815","502122","Office Furniture & Equip-Instltn (Whol)","www.dfwmfs.com"," Email <---> Revenue ","1357277","METROPLEX Facility Svc","1188 Quaker St","Dallas","TX","75207","Dallas","www.dfwmfs.com","2146310815","2146317664","John Corson","Owner","Mal","22840000","40","502122","Office Furni","4","0","1"
"555088","Brewer Sales","jeanette@engravingconcepts.com","311 W Abram St","8174698560","8174608122","508411","Engraving Equipment & Supplies (Whol)","www.brewersales.com"," Email <---> Revenue ","1061126","Brewer Sales","311 W Abram St","Arlington","TX","76010","Tarrant","www.brewersales.com","8174608122","8174698560","Roy Brewer","Owner","Mal","6528000","12","508411","Engraving Eq","3","0","1"
"448507","A-1 Servo Motor Repair/ Cpe","jstanfield@servorepair.com","3330 Stovall St","9723131341","9723131133","506333","Electric Motors-Dlrs/Repairing (Whol)","www.servorepair.com"," Email <---> Revenue ","980490","A-1 Servo Motor Repair/ Cpe","3330 Stovall St","Irving","TX","75061","Dallas","www.servorepair.com","9723131133","9723131341","Jim Stanfield","Owner","Mal","7896000","12","506333","Electric Mot","3","0","1"
"427599","C & O Equipment Co","lance@c-o-equip.com","2815 Prestige Rd","8173375858","8173375800","508206","Contractors-Equip/Supls-Dlrs/Svc (Whol)","www.c-o-equip.com"," Email <---> Revenue ","1071164","C & O Equipment Co","2815 Prestige Rd","Keller","TX","76248","Tarrant","www.c-o-equip.com","8173375800","8173375858","Lance Clayton","Owner","Mal","7326000","11","508206","Contractors-","3","0","1"
"99272","Lone Star Heat Treating Co LTD","lshtinfo@lsht.com","3939 Blaffer St","7136729509","7136726616","339801","Heat Treating Metal (Manufacturers)","www.lsht.com"," Email <---> Revenue ","435048","Lone Star Heat Treating Co LTD","3939 Blaffer St","Houston","TX","77026","Harris","www.lsht.com","7136726616","7136729509","Mike Van Dorfy","President","Mal","7800000","39","339801","Heat Treatin","3","0","1"
"102621","Advantage Claims Recovery","pam@acrginc.com","4300 Beltway Dr","2146540641","2146540756","872103","Billing Service","www.acrginc.com"," Email <---> Revenue ","992362","Advantage Claims Recovery","4300 Beltway Dr","Addison","TX","75001","Dallas","www.acrginc.com","2146540756","2146540641","Pamela Davis","Owner","Fem","5150000","50","872103","Billing Serv","3","0","1"
"289096","Richmond Communications Group","rosborn@richmondcomm.com","2750 Northaven Rd # 204","9722411976","9722411982","874823","Communications Consultants","www.richmondcomm.com"," Email <---> Revenue ","1482343","Richmond Communications Group","2750 Northaven Rd # 204","Dallas","TX","75229","Dallas","www.richmondcomm.com","9722411982","9722411976","Richard Osborn","President","Mal","5625000","25","874823","Communicatio","3","0","1"
"428980","I A Naman Assoc Inc","bmarshall@ianaman.com","2 E Greenway Plz # 700","7138603799","7136230220","871133","Engineers-Professional","www.ianaman.com"," Email <---> Revenue ","346501","I A Naman Assoc Inc","2 E Greenway Plz # 700","Houston","TX","77046","Harris","www.ianaman.com","7136230220","7138603799","Wallace Brasuell","President","Mal","6320000","40","871133","Engineers-Pr","3","0","1"
"153730","Double Seal Ring Co","sbanghart@grovercorp.com","2065 Montgomery St","8177386581","8177386581","359298","Carburetors Pistons Rings/Valves (Mfrs)","www.doubleseal.com"," Email <---> Revenue ","1163529","Double Seal Ring Co","2065 Montgomery St","Fort Worth","TX","76107","Tarrant","","8177386581","8177327831","Wes Pullen","President","Mal","5535000","27","359298","Carburetors ","3","0","1"
"473305","Davis Brothers Publishing Co","tony@davisbros-pub.com","4500 Speight Ave","2547545636","2547543007","275998","Commercial Printing Nec","www.davisbros-pub.com"," Email <---> Revenue ","1145738","Davis Brothers Publishing Co","4500 Speight Ave","Waco","TX","76711","Mc Lennan","www.davisbros-pub.com","2547545636","2547543007","Earl Davis","President","Mal","6435000","45","275998","Commercial P","3","0","1"
"554802","Twin Lakes Nursery LTD","ddekkers@twinlakesnurseryltd.com","300 Vz County Road 4205","9035676909","9035675722","019101","Farms","www.twinlakesnurseryltd.com"," Email <---> Revenue ","1589586","Twin Lakes Nursery LTD","300 Vz County Road 4205","Canton","TX","75103","Van Zandt","www.twinlakesnurseryltd.com","9035675722","9035676909","Deon Dekkers","Owner","Mal","8900000","50","19101","Farms","3","0","1"
"594589","Wier & Assoc","ulysl@wierassociates.com","4300 Beltway Pl # 130","8174677713","2144677700","871110","Engineers-Civil","www.wierassociates.com"," Email <---> Revenue ","1621499","Wier & Assoc","4300 Beltway Pl # 130","Arlington","TX","76018","Tarrant","www.wierassociates.com","2144677700","8174677713","John Wier","Owner","Mal","6320000","40","871110","Engineers-Ci","3","0","1"
"37387","Insulfab of Texas","dns@elinksystems.net","null","2149560077","2149560848","8999","Services NEC","INSULFAB.NET^^METLINK.NET^^NCS-NETWORK.COM"," Email <---> Revenue ","1116789","Concote Corp","6120 Peeler St","Dallas","TX","75235","Dallas","www.concote.com","2149560077","2149560848","","","","6624000","8","511308","Packaging Ma","3","0","1"
"375758","Furniture In The Raw","greg@adventdigital.net","11255 Huebner Rd # 205","2103419621","2103418331","571216","Furniture-Dealers-Retail","www.furnitureraw.com"," Email <---> Revenue ","815288","Furniture In The Raw","11255 Huebner Rd # 205","San Antonio","TX","78230","Bexar","","2103418331","2103419621","Robin Chesser","Owner","Mal","5000000","25","571216","Furniture-De","3","0","1"
"524442","Kubco Decanter Svc Inc","james@mciv.net","12231 Fm 529 Rd","8324671587","8324671455","356902","Centrifugal Machinery (Manufacturers)","www.kubco.com"," Email <---> Revenue ","407350","Kubco Decanter Svc Inc","12231 Fm 529 Rd","Houston","TX","77041","Harris","www.kubco.com","8324671455","8324671587","Ted Clapper","President","Mal","5824000","28","356902","Centrifugal ","3","0","1"
"596766","El Paso Complete Printing Inc","jgriffin@completeprint.com","3413 Lee Blvd","9158556064","9158553388","275998","Commercial Printing Nec","www.completeprint.com"," Email <---> Revenue ","235902","El Paso Complete Printing Inc","3413 Lee Blvd","El Paso","TX","79936","El Paso","www.completeprint.com","9158553388","9158556064","Norman Salome","Owner","Mal","8580000","60","275998","Commercial P","3","0","1"
"508607","Beacon Printing & Graphics","kcosco@nationwidegraphics.com","11600 Manchaca Rd # 400","5122910857","5122804188","275202","Printers","www.nationwidegraphics.com"," Email <---> Revenue ","83345","Beacon Printing & Graphics","11600 Manchaca Rd # 400","Austin","TX","78748","Travis","www.nationwidegraphics.com","5122804188","5122910857","Paul Huckins","Manager","Mal","6840000","45","275202","Printers","3","0","1"
"419036","Lighting Connection Inc","lighting@lightingconnection.com","222 Commercial Dr","9725794854","5123122565","506319","Lighting Fixtures-Wholesale","www.lightingconnection.com"," Email <---> Revenue ","428531","Lighting Connection Inc","222 Commercial Dr","Buda","TX","78610","Hays","www.lightingconnection.com","5123122565","5123122675","Gus Ramos","Manager","Mal","8554000","13","506319","Lighting Fix","3","0","1"
"579608","El Paso Chili Co","monica@elpasochile.com","909 Texas Ave","9155447552","9155443434","203503","Mayonnaise & Salad Dressings-Mfrs","www.elpasochile.com"," Email <---> Revenue ","235840","El Paso Chili Co","1500 Texas Ave","El Paso","TX","79901","El Paso","","9153514415","","","","","6822000","6","514101","Food Product","3","0","1"
"589026","North Texas Circuit Board","paulo@ntcb.com","1501 W Shady Grove Rd","9729862381","9727907610","367201","Printed & Etched Circuits-Mfrs","www.ntcb.com"," Email <---> Revenue ","1412765","North Texas Circuit Board","1501 W Shady Grove Rd","Grand Prairie","TX","75050","Dallas","www.ntcb.com","9727907610","9729862381","A J Babaria","Manager","Mal","6308000","38","367201","Printed & Et","3","0","1"
"580784","Cordyne Inc","angelat@cordyne.com","9820 Drysdale Ln","7134605186","7134605151","506336","Electronic Instruments (Wholesale)","www.cordyne.com"," Email <---> Revenue ","175455","Cordyne Inc","9820 Drysdale Ln","Houston","TX","77041","Harris","www.cordyne.com","7134605151","7134605186","Fred Cordes","President","Mal","6580000","10","506336","Electronic I","3","0","1"
"590917","Johnson Printing Svc","bob@jpsgraphics.com","14030 Welch Rd","9723852471","9723859985","275998","Commercial Printing Nec","www.jpsgraphics.com"," Email <---> Revenue ","1304306","Johnson Printing Svc","14030 Welch Rd","Dallas","TX","75244","Dallas","www.jpsgraphics.com","9723859985","9723852471","Robert Johnson Jr","President","Mal","5720000","40","275998","Commercial P","3","0","1"
"191921","D B Roberts Co","smugford@dbroberts.com","1100 Valwood Pkwy # 108","9724661646","9724663666","507205","Fasteners-Industrial (Wholesale)","www.dbroberts.com"," Email <---> Revenue ","1134363","D B Roberts Co","1100 Valwood Pkwy # 108","Carrollton","TX","75006","Dallas","www.dbroberts.com","9724663666","9724661646","Brian Chick","Manager","Mal","9842000","19","507205","Fasteners-In","3","0","1"
"388858","Cobb Carpet Cleaning Supplies","ccs@ticnet.com","1314 Viceroy Dr","2146342648","2146342622","508710","Carpet & Rug Cleaning Equip/Supls (Whol)","www.cobbcarpet.com"," Email <---> Revenue ","1109579","Cobb Carpet Cleaning Supplies","1314 Viceroy Dr","Dallas","TX","75247","Dallas","www.cobbcarpet.com","2146342622","2146342648","Randy Cobb","Finance Exec","Mal","8650000","25","508710","Carpet & Rug","3","0","1"
"333037","Interamerican Commodities Inc","traders@iaccoffee.com","7600 W Tidwell Rd # 800","9253775634","7134622671","509905","Importers","www.iaccoffee.com"," Email <---> Revenue ","355356","Interamerican Commodities Inc","7600 W Tidwell Rd # 800","Houston","TX","77040","Harris","www.iaccoffee.com","7134622671","","","","","8496000","9","509905","Importers","3","0","1"
"585457","Fontana Group","dennis@fontanagrp.com","2075 Greenbriar Dr","8174107787","8174107707","275205","Printing Brokers","www.fontanagrp.com"," Email <---> Revenue ","1208331","Fontana Group","2075 Greenbriar Dr","Southlake","TX","76092","Tarrant","www.fontanagrp.com","8174107707","8174107787","Deborah Fontana","Owner","Fem","5320000","35","275205","Printing Bro","3","0","1"
"288795","Debner & Co","wayne@mjlm.com","8020 Katy Fwy","7137821332","7137821300","571216","Furniture-Dealers-Retail","www.debner.com"," Email <---> Revenue ","202075","Debner & Co","8020 Katy Fwy","Houston","TX","77024","Harris","www.debner.com","7137821300","7137821332","Tim Debner","Owner","Mal","8000000","40","571216","Furniture-De","3","0","1"
"551899","Offshore Oil Svc Inc","dsaltibus@offshoreoil.com","1122 Marlin Ln","9792330552","9792331851","138905","Oil Field Service","www.offshoreoil.com"," Email <---> Revenue ","514164","Offshore Oil Svc Inc","1122 Marlin Ln","Freeport","TX","77541","Brazoria","www.offshoreoil.com","9792331851","9792330552","Marilyn Stanley","President","Fem","8294000","58","138905","Oil Field Se","3","0","1"
"313205","Hess Air Inc","hessair@hessair.com","817 S Alamo Rd","9567871900","9567870964","171117","Air Conditioning Contractors & Systems","www.hessair.com"," Email <---> Revenue ","327729","Hess Air Inc","817 S Alamo Rd","Alamo","TX","78516","Hidalgo","www.hessair.com","9567870964","9567871900","Rosemary Hess","Owner","Fem","8760000","60","171117","Air Conditio","3","0","1"
"469836","J D Higgins Co","jd.higgins@jdhigginscompany.com","1610 Industrial Ct","8175481829","8172651010","509908","Manufacturers-Agents & Representatives","www.jdhigginscompany.com"," Email <---> Revenue ","1284090","J D Higgins Co","1610 Industrial Ct","Arlington","TX","76011","Tarrant","www.jdhigginscompany.com","8172651010","8175481829","J D Higgins Jr","Owner","Mal","9440000","10","509908","Manufacturer","3","0","1"
"375402","Flexway Trucking","johnmcbride@flexway.com","2233 W Point Tap Rd","9037238850","9037237272","421309","Trucking-Motor Freight","www.flexway.com"," Email <---> Revenue ","1206624","Flexway Trucking","2233 W Point Tap Rd","Palestine","TX","75803","Anderson","www.flexway.com","9037237272","9037238850","James Bailey","Manager","Mal","5436000","36","421309","Trucking-Mot","3","0","1"
"580227","Quantum Fitness Corp","kylesmith@quantumfitness.com","10245 W Airport Blvd","2814957542","2814953003","394923","Sporting Goods-Manufacturers","www.quantumfitness.com"," Email <---> Revenue ","904451","Quantum Fitness Corp","10245 W Airport Blvd","Stafford","TX","77477","Fort Bend","www.quantumfitness.com","2814953003","2814957542","William Ayton","Owner","Mal","9306000","47","394923","Sporting & A","3","0","1"
"338403","Entek IRD Intl","llevecke@ra.rockwell.com","8701 Technology Forest Pl #150","8043304921","7136670941","506332","Electric Motors-Controls-Wholesale","www.rockwellautomation.com"," Email <---> Revenue ","803689","Entek IRD Intl","8701 Technology Forest Pl #150","The Woodlands","TX","77381","Montgomery","www.rockwellautomation.com","7136670941","2813671585","Mina Hedrick","Manager","Fem","7238000","11","506332","Electric Mot","3","0","1"
"583205","Pathwayz Communications Inc","netsupport@pathwayz.com","4176 Canyon Dr","8063550511","8063550551","481304","Telephone Companies","www.pathwayz.com"," Email <---> Revenue ","528802","Pathwayz Communications Inc","4176 Canyon Dr","Amarillo","TX","79109","Potter","www.pathwayz.com","8063550551","8063550511","Paul Chapman","Owner","Mal","5328000","16","481304","Telephone Co","3","0","1"
"491790","AAA Box Co","rhopper@aaa-box.com","7720 Blankenship Dr","7136911119","7136914488","511308","Packaging Materials-Wholesale","www.aaa-box.com"," Email <---> Revenue ","11510","AAA Box Co","7720 Blankenship Dr","Houston","TX","77055","Harris","www.aaa-box.com","7136914488","7136911119","Rick Hopper","President","Mal","9108000","11","511308","Packaging Ma","3","0","1"
"192682","Santa Rosa Telephone Coop Inc","ask@santarosatelco.com","7110 Us Highway 287 E","9408862025","9408862217","481304","Telephone Companies","www.santarosatelco.com"," Email <---> Revenue ","1504345","Santa Rosa Telephone Coop Inc","7110 Us Highway 287 E","Vernon","TX","76384","Wilbarger","www.santarosatelco.com","9408862217","9408862025","Dennis Raines","Manager","Mal","9990000","30","481304","Telephone Co","3","0","1"
"561335","Accu-Tech Corp","salesnorfolk@accu-tech.com","1421 Wells Branch Pkwy # 100","9138940011","5127193155","506312","Wire & Cable-Electric (Wholesale)","www.accu-tech.com"," Email <---> Revenue ","19340","Accu-Tech Corp","1421 Wells Branch Pkwy # 100","Pflugerville","TX","78660","Travis","www.accu-tech.com","5127193155","5127193160","Greg Huffman","Manager","Mal","6580000","10","506312","Wire & Cable","3","0","1"
"582200","Expert Valet Parking","brad@bptexas.com","9500 Westview Dr","7139741967","7139741967","721202","Valet Service","www.bptexas.com"," Email <---> Revenue ","250022","Expert Valet Parking","9500 Westview Dr","Houston","TX","77055","Harris","www.bptexas.com","7139741967","","Allen R Joseph","President","Mal","9000000","150","721202","Valet Servic","3","0","1"
"576264","Global Alarm Systems","tim@globalalarm.com","10875 County Road 2188","9035611813","9035611813","506324","Burglar Alarm Systems (Wholesale)","www.globalalarm.com"," Email <---> Revenue ","1229434","Global Alarm Systems","10875 County Road 2188","Whitehouse","TX","75791","Smith","www.globalalarm.com","9035611813","","Don Green","Owner","Mal","5264000","8","506324","Burglar Alar","3","0","1"
"99187","Dawn Cattle Feeders","dbaumann@dccf.com","Fm 1062 Rd","8062587249","8062587246","519112","Feed-Dealers (Wholesale)","www.dccf.com"," Email <---> Revenue ","200269","Dawn Cattle Feeders","Fm 1062 Rd","Dawn","TX","79025","Deaf Smith","www.dccf.com","8062587246","8062587249","","","","9975000","15","519112","Feed-Dealers","3","0","1"
"405761","Rice Drywall","trice@ricedrywall.com","140 Loy St","8172950178","8172950083","174203","Dry Wall Contractors","www.ricedrywall.com"," Email <---> Revenue ","1480760","Rice Drywall","140 Loy St","Burleson","TX","76028","Johnson","www.ricedrywall.com","8172950083","8172950178","Eudean Rice","Owner","Mal","6660000","60","174203","Dry Wall Con","3","0","1"
"72472","Southwest Enviroment Services","dmarsh@southwestenvironment.com","2400 E Erwin Street","9035312211","9035312312","899999","Services NEC","null"," Email <---> Revenue ","1529005","Southwest Environment Svc","2400 E Erwin St","Tyler","TX","75702","Smith","","9035312211","9035312312","Danny Marsh","Owner","Mal","5678000","34","162921","Erosion Cont","3","0","1"
"598082","Wendland Manufacturing Co","wendland@wendlandmfg.com","601 W 11th St","3256550325","3256556778","344305","Tanks-Manufacturers","www.wendlandmfg.com"," Email <---> Revenue ","1616331","Wendland Manufacturing Co","601 W 11th St","San Angelo","TX","76903","Tom Green","www.wendlandmfg.com","3256556778","3256550325","Wayne Mc Cune","President","Mal","6020000","35","344305","Tanks-Manufa","3","0","1"
"278441","Texaloy Foundry Co Inc","gbanse@texaloy.com","700 4th St","8303937543","8303936679","332502","Foundries-Steel","www.texaloy.com"," Email <---> Revenue ","658780","Texaloy Foundry Co Inc","700 4th St","Floresville","TX","78114","Wilson","www.texaloy.com","8303936679","8303937543","Jack Rice","CEO","Mal","7155000","45","332502","Foundries-St","3","0","1"
"539232","Barrett's Automotive","hrankin@barrettsautomotive.com","1612 Avenue G","8067625251","8067440197","501313","Automobile Parts & Supplies-Wholesale","www.barrettsautomotive.com"," Email <---> Revenue ","79241","Barrett's Automotive","1612 Avenue G","Lubbock","TX","79401","Lubbock","www.barrettsautomotive.com","8067625251","8067440197","Herb Rankin","Owner","Mal","8512000","19","501313","Automobile P","3","0","1"
"576334","Prime Pipe Intl","bud@primepipe.com","24800 Pitkin Rd # A","2813676608","2813676608","505107","Pipe-Wholesale","www.primepipe.com"," Email <---> Revenue ","901766","Prime Pipe International Inc","24800 Pitkin Rd","Spring","TX","77386","Montgomery","","2813676608","","Glenn Baker","President","mal","0","0","505100","turnkey proj","1","0","1"
"561012","Industrial Networking Solution","rrogers@industrialnetworking.com","16415 Addison Rd # 550","9722487466","9722487466","508522","Industrial Equipment & Supplies (Whol)","www.industrialnetworking.com"," Email <---> Revenue ","1072426","C O I Software Inc","P.O. BOX 1108","Addison","TX","75001","Dallas","","9722487466","","Stephen Woram","President","mal","0","0","737200","prepackaged ","1","0","1"
"116695","Coburn Catering Svc Inc","coburnsbbq@coburnscatering.com","801 N Main St","8173360417","8173360401","581212","Caterers","www.coburnscatering.com"," Email <---> Revenue ","1109706","Coburn Catering Svc Inc","801 N Main St","Fort Worth","TX","76106","Tarrant","www.coburnscatering.com","8173360401","8173360417","Pam Coburn","Owner","Fem","600000","15","581212","Caterers","1","0","1"
