mail id,company,email,address,phone,fax,sic,sic description,web,,revenue id,company,address,city,state,zip,	metro,web,phone,fax,contact,position,gender,sales,# of employee,sic,sic_descrpiton,	,,
"598583","Harvey-Linch Inc","8125multibeam@harvey-lynch.com","12718 Century Dr","2812400932","2812405441","509908","Manufacturers-Agents & Representatives","www.harvey-lynch.com"," Email <---> Revenue ","828205","Harvey-Linch Inc","12718 Century Dr","Stafford","TX","77477","Fort Bend","www.harvey-lynch.com","2812405441","2812400932","Brian Hardy","Owner","Mal","32096000","34","509908","Manufacturer","5","0","1"
"453863","Haughton Publishing Co","accounting@integracolor.com","3638 Executive Blvd","9722854881","9722887511","275202","Printers","www.integracolor.com"," Email <---> Revenue ","1251556","Haughton Publishing Co","3638 Executive Blvd","Mesquite","TX","75149","Dallas","www.integracolor.com","9722887511","9722854881","Larry King","President","Mal","38000000","250","275202","Printers","5","0","1"
"341030","Turbomeca Usa","alain.brunais@turbomeca-usa.com","2709 Forum Dr","9726477899","972-606-7600","3724","Aircraft Engines and Engine Parts (except research and development not producing prototypes)","NULL"," Email <---> Revenue ","1588714","Turbomeca USA","2709 Forum Dr","Grand Prairie","TX","75052","Dallas","www.turbomeca-usa.com","9726067600","9726067692","Russ Spray","CEO","Mal","38000000","225","372498","Aircraft Eng","5","0","1"
"540594","Hoss Equipment Co","alan@dozernet.com","3131 N Hwy 161","null","null","421304","Trucking","777B.NET;777D.NET;777D.ORG;ARTICULATEDDUMP.COM;ARTICULATEDDUMP.NET;ARTICULATEDDUMP.ORG;CRAWLERTRACTO"," Email <---> Revenue ","1266611","Hoss Equipment Co","3131 Highway 161","Irving","TX","75062","Dallas","www.hossequipment.com","9722571244","9725940622","Gregg Hoss","Owner","Mal","33300000","50","508210","Road Buildin","5","0","1"
"27359","Image Microsystems","angelo_leber@imagemicro.com","8801 Wall St","5123399592","5123399500","573405","Computers-Dealers-Used","www.imagemicro.com"," Email <---> Revenue ","349671","Image Microsystems","8801 Wall St","Austin","TX","78754","Travis","www.imagemicro.com","5123399500","5123399592","Alex Abadi","Owner","Mal","25340000","70","573405","Computers-De","5","0","1"
"560613","DSI Transportation","apinfo@trimac.com","2401 Battleground Rd","6158835834","2814781000","421306","Trucking-Liquid & Dry Bulk","www.trimac.com"," Email <---> Revenue ","193317","DSI Transportation","2401 Battleground Rd","La Porte","TX","77571","Harris","www.trimac.com","2814781000","2814792005","Todd Burdine","Manager","Mal","30200000","200","421306","Trucking-Liq","5","0","1"
"585986","Natco National Tank Co","ave@axsia.com","26535 Fm 2978 Rd","5043713001","7134660085","508428","Oil Field Equipment (Wholesale)","www.test-us.com"," Email <---> Revenue ","496982","Natco National Tank Co","26535 Fm 2978 Rd","Magnolia","TX","77354","Montgomery","www.natco-us.com","7134660085","7134665860","Kim Henry","Manager","Mal","43520000","80","508428","Oil Field Eq","5","0","1"
"276236","Davidson Oil","awalsh@davidsonoil.com","100 E 7th Avenue","8063746022","8063798704","131103","Oil Companies","null"," Email <---> Revenue ","199692","Davidson Oil Co","100 E 7th Ave","Amarillo","TX","79101","Potter","","8063746022","8063798704","Steve Ross","Owner","Mal","39200000","40","517203","Diesel Fuel ","5","0","1"
"538536","Lone Star Transportation Svc","bkeltner@lonestarlogistics.com","1519 Stevens St","2143212638","2143212638","501208","Automobile & Truck Brokers","www.lonestarlogistics.com"," Email <---> Revenue ","1348721","Lone Star Transportation Svc","1519 Stevens St","Dallas","TX","75218","Dallas","www.lonestarlogistics.com","2143212638","","Barbara Robinson","Owner","Fem","29600000","8","501208","Automobile &","5","0","1"
"590600","Bright Truck Leasing Corp","bobc@brightntls.com","3115 Denton Dr # B","9722718559","9722718555","751303","Truck Renting & Leasing","www.brighttransportation.com"," Email <---> Revenue ","1062092","Bright Truck Leasing Corp","3115 Denton Dr # B","Garland","TX","75041","Dallas","www.brighttransportation.com","9722718555","9722718559","Charles Lawson","President","Mal","40000000","25","751303","Truck Rentin","5","0","1"
"299379","Vesuvius USA","bob_sim@vesuvius.com","210 Pecos St","2545825047","2545822563","329798","Nonclay Refractories","www.vesuvius.com"," Email <---> Revenue ","1602892","Vesuvius USA","210 Pecos St","Hillsboro","TX","76645","Hill","www.vesuvius.com","2545822563","2545825047","David Mc Phearson","Manager","Mal","25300000","100","329798","Nonclay Refr","5","0","1"
"551886","Fort Worth Bolt & Tool Co","boltandtool@boltandtool.com","2822 Bledsoe St","8173325032","8173353361","507201","Bolts & Nuts (Wholesale)","www.fwbt.net"," Email <---> Revenue ","1209921","Fort Worth Bolt & Tool Co","2822 Bledsoe St","Fort Worth","TX","76107","Tarrant","www.fwbt.net","8173353361","8173325032","Jim Russell","Owner","Mal","36260000","70","507201","Bolts & Nuts","5","0","1"
"499014","Empire Fabricators Inc","bscarborough@empirefab.com","1137 Enterprise Dr","9406861111","9406860000","571213","Counter Tops","NULL"," Email <---> Revenue ","1182464","Empire Fabricators Inc","1137 Enterprise Dr","Pilot Point","TX","76258","Denton","www.empirefab.com","9406860000","9406861111","Bobby Hewitt","Owner","Mal","26000000","130","571213","Counter Tops","5","0","1"
"76953","Texas Tubular Products","bwalker@friedmanindustries.com","PO Box 0388 - NA","9036392521","9036392836","738999","Business Services Nec","TEXASTUBULAR.COM^^TEXASTUBULARPRODUCTS.COM"," Email <---> Revenue ","1569448","Texas Tubular Products","Highway 250","Lone Star","TX","75668","Morris","www.friedmanindustries.com","9036392511","9036393239","Ronald Burgerson","President","Mal","35600000","100","331798","Steel Pipe &","5","0","1"
"474458","Longhorn Packaging Inc","cboles@longhornpackaging.com","110 Pierce Ave","2102267511","2102229686","511308","Packaging Materials-Wholesale","www.longhornpackaging.com"," Email <---> Revenue ","864158","Longhorn Packaging Inc","110 Pierce Ave","San Antonio","TX","78208","Bexar","www.longhornpackaging.com","2102229686","2102267511","Joe Carinhas","Owner","Mal","43056000","52","511308","Packaging Ma","5","0","1"
"537697","Geer Tank Trucks","charlotte@geertanktrucks.com","1136 S Main St","9405673634","9405672671","621103","Oil Brokers","www.geertanktrucks.com"," Email <---> Revenue ","1223684","Geer Tank Trucks","1136 S Main St","Jacksboro","TX","76458","Jack","www.geertanktrucks.com","9405672671","9405673634","C Randall Geer","President","Mal","25000000","60","621103","Oil Brokers","5","0","1"
"387675","Minigrip Zip Pak","cheryl@minigrip.com","1650 N Heideke St","8303721562","8303724400","267301","Bags-Plastic (Manufacturers)","www.minigrip.com"," Email <---> Revenue ","877702","Minigrip Zip Pak","1650 N Heideke St","Seguin","TX","78155","Guadalupe","www.minigrip.com","8303724400","8303721562","John Stevens","Manager","Mal","48720000","210","267301","Bags-Plastic","5","0","1"
"578236","National Grain Sorghum Produce","christi@sorghumgrowers.com","4201 N Interstate 27","8067499002","8067493478","515301","Grain-Dealers (Wholesale)","www.sorghumgrowers.com"," Email <---> Revenue ","497582","National Grain Sorghum Produce","4201 N Interstate 27","Lubbock","TX","79403","Lubbock","www.sorghumgrowers.com","8067493478","8067499002","Tim Lust","Executive Director","Mal","27830000","10","515301","Grain-Dealer","5","0","1"
"482159","Abs Co","cortman@gcaservices.com","1910 Napoleon St","7196355958","7138447800","734902","Janitor Service","www.abslink.com"," Email <---> Revenue ","17660","Abs Co","1910 Napoleon St","Houston","TX","77003","Harris","www.abslink.com","7138447800","7138442800","Barnett L Gershen","CEO","Mal","33000000","100","734902","Janitor Serv","5","0","1"
"39027","Teknor Color Co","cservice@teknorapex.com","4545 N Jackson St","3309484344","9035860583","308798","Custom Compounding-Purchased Resin (Mfr)","www.teknorapex.com"," Email <---> Revenue ","1561159","Teknor Color Co","4545 N Jackson St","Jacksonville","TX","75766","Cherokee","www.teknorapex.com","9035860583","9035864063","Andy Hebert","Manager","Mal","25690000","70","308798","Custom Compo","5","0","1"
"235190","Cytec Engineered Materials","custinfo@cytec.com","4300 Jackson St","9034578598","9034542004","362498","Carbon & Graphite Products (Mfrs)","www.cytec.com"," Email <---> Revenue ","1133307","Cytec Engineered Materials","4300 Jackson St","Greenville","TX","75402","Hunt","www.cytec.com","9034542004","9034578598","Robin Prokop","Plant Mgr","Fem","40500000","150","362498","Carbon & Gra","5","0","1"
"36986","American Valve & Hydrant","Dalton@avhmc.com","3525 Hollywood St","4098325193","4099513676","349101","Fire Hydrants (Manufacturers)","NULL"," Email <---> Revenue ","46074","American Valve & Hydrant","3525 Hollywood St","Beaumont","TX","77701","Jefferson","www.avhmc.com","4099513676","4098325193","Dalton Babineaux","President","Mal","42400000","200","349101","Fire Hydrant","5","0","1"
"578402","KFOX","dave.bennallack@kfoxtv.com","6004 N Mesa St","9158338973","9158338585","483301","Television Stations & Broadcasting CO","www.kfoxtv.com"," Email <---> Revenue ","391784","KFOX","6004 N Mesa St","El Paso","TX","79912","El Paso","www.kfoxtv.com","9158338585","9158338973","John Witte","Manager","Mal","25280000","80","483301","Television S","5","0","1"
"50105","IPI GrammTech","david@sanantoniowebdesigns.com","12677 Silicon Drive","2106470644","null","8999","Services NEC","fundraisersetc.com"," Email <---> Revenue ","835965","IPI Grammtech","12677 Silicon Dr","San Antonio","TX","78249","Bexar","www.ipigt.com","2106944313","2106969736","Deb Walters","Owner","Fem","40608000","47","357101","Computers-El","5","0","1"
"156677","Premier Mats","davidchinn@premier-mats.com","6100 Conveyor Dr","8177908948","8177908910","503122","Picture Frames-Mfrs Supplies (Whol)","www.premier-mats.com"," Email <---> Revenue ","1452640","Premier Mats","6100 Conveyor Dr","Cleburne","TX","76031","Johnson","www.premier-mats.com","8177908910","8177908948","Chris Piscitello","President","Mal","42360000","60","503122","Picture Fram","5","0","1"
"553305","Avnet Computer Marketing","demir.b@line56.com","12211 Technology Blvd","9184596060","5122588848","506519","Electronic Equipment & Supplies-Whol","www.avnet.com"," Email <---> Revenue ","68846","Avnet Computer Marketing","12211 Technology Blvd","Austin","TX","78727","Travis","www.avnet.com","5122588848","","Phil Allen","Manager","Mal","25250000","25","506519","Electronic E","5","0","1"
"575786","Evergreen Mills Inc","donald_schulze@evergreenmills.com","5150 Blue Mound Rd","5803321956","8176247183","519112","Feed-Dealers (Wholesale)","www.evergreenmills.com"," Email <---> Revenue ","1188260","Evergreen Mills Inc","5150 Blue Mound Rd","Fort Worth","TX","76106","Tarrant","www.evergreenmills.com","8176247183","8176247281","Kevin Secor","Manager","Mal","26600000","40","519112","Feed-Dealers","5","0","1"
"317900","Advance Excelsior Co","donr@adpaq.com","1270 Silber Rd","7136817500","7136818814","8999","Services NEC","ADPAQSYSTEMS.COM^^EXCELAIREPACK.COM"," Email <---> Revenue ","23702","Advance Excelsior Co","1270 Silber Rd","Houston","TX","77055","Harris","www.advanceexcelsior.com","7136817500","7136818814","Don Rauscher","Owner","Mal","49680000","60","511308","Packaging Ma","5","0","1"
"571689","C I Actuation","dougc@ciactuation.com","1619 E Richey Rd","2812099155","2812093800","508572","Valve Actuators (Wholesale)","www.ciactuation.com"," Email <---> Revenue ","119986","C I Actuation","1619 E Richey Rd","Houston","TX","77073","Harris","www.ciactuation.com","2812093800","2812099155","Steve Sharbino","Owner","Mal","27360000","48","508572","Valve Actuat","5","0","1"
"284470","Morrison Milling Co","dpetersen@morrisonmilling.com","319 E Prairie St","9405665992","9403876111","204101","Flour Mills","www.cornkits.com"," Email <---> Revenue ","1393662","Morrison Milling Co","319 E Prairie St","Denton","TX","76201","Denton","www.cornkits.com","9403876111","9405665992","Cliff Shoemake","President","Mal","42600000","250","204101","Flour Mills","5","0","1"
"520951","Tamko Roofing Products","dunrented@spindle.net","7910 S Central Expressway","2143987368","null","7389","Business Services NEC","RENTAWRECK-DALLAS.COM"," Email <---> Revenue ","1556996","Tamko Roofing Products","7910 S Central Expy","Dallas","TX","75216","Dallas","www.tamko.com","2143710813","2143729838","Bob Findley","Plant Mgr","Mal","34314000","133","521114","Roofing Mate","5","0","1"
"534279","J B Smith Mfg Co","ehs@jbsmith.com","6618 Navigation Blvd","7139285219","7139285711","508503","Pipe Fittings (Wholesale)","www.jbsmith.com"," Email <---> Revenue ","361782","J B Smith Mfg Co","6618 Navigation Blvd","Houston","TX","77011","Harris","www.jbsmith.com","7139285711","7139285219","Ray Mullenix","Manager","Mal","33630000","59","508503","Pipe Fitting","5","0","1"
"218263","Enmon Accessories","Enmon@enmonaccessories.com","900 E Hickory St","9408911747","9402438640","519910","Giftwares-Wholesale","NULL"," Email <---> Revenue ","1183735","Enmon Accessories","900 E Hickory St","Denton","TX","76205","Denton","www.enmonaccessories.com","9402438640","9408911747","Terry Enmon","Owner","Mal","25130000","35","519910","Giftwares-Wh","5","0","1"
"340945","Camelot USA","eph@elpasohonda.com","1470 N Lee Trevino Dr","9155911166","9155916100","551103","Automobile Dealers-Used Cars","www.elpasohonda.com"," Email <---> Revenue ","126430","Camelot USA","1470 N Lee Trevino Dr","El Paso","TX","79936","El Paso","www.elpasohonda.com","9155916100","9155911166","Richard Poe","Owner","Mal","42055000","65","551103","Automobile D","5","1","1"
"275892","Plastic Suppliers","Eric.Luke@plasticsuppliers.com","4526 Bronze Way","2144673714","214-467-3700","3081","Unsupported Plastics Film and Sheet","NULL"," Email <---> Revenue ","1447100","Plastic Suppliers","4526 Bronze Way","Dallas","TX","75236","Dallas","www.plasticsuppliers.com","2144673700","2144673714","Eric Luke","Manager","Mal","33632000","32","516202","Plastics-Pro","5","0","1"
"550544","ABSCOA","fcowle@abscoa.com","2000 Robotics Pl","9147470696","8172844449","507205","Fasteners-Industrial (Wholesale)","www.abscoa.com"," Email <---> Revenue ","982582","ABSCOA","2000 Robotics Pl","Fort Worth","TX","76118","Tarrant","www.abscoa.com","8172844449","8175951554","Bob Wilson","CEO","Mal","41440000","80","507205","Fasteners-In","5","0","1"
"583265","Avcor Health Care Products Inc","help@avcorhealth.com","1520 Everman Pkwy","8175515327","8175510595","384104","Physicians & Surgeons Equip & Supls-Mfrs","www.avcorhealth.com"," Email <---> Revenue ","1026842","Avcor Health Care Products Inc","1520 Everman Pkwy","Fort Worth","TX","76140","Tarrant","www.avcorhealth.com","8175510595","8175515327","Fred Trainor","Owner","Mal","33600000","150","384104","Physicians &","5","0","1"
"165688","Metl-Span","Hielscher@metl-span.com","1497 N Kealy St","9724360648","9722216656","349903","Metal Goods-Manufacturers","NULL"," Email <---> Revenue ","1380281","Metl-Span","1497 N Kealy St","Lewisville","TX","75057","Denton","www.metl-span.com","9722216656","9724360648","Karl F Hielscher","CEO","Mal","30000000","140","349903","Metal Goods-","5","0","1"
"59136","Hirsig-Frazier Co","hirsigfrazier@hirsigfrazier.com","620 James Dr","9726692336","9726808703","509908","Manufacturers-Agents & Representatives","www.hirsigfrazier.com"," Email <---> Revenue ","1260726","Hirsig-Frazier Co","620 James Dr","Richardson","TX","75080","Dallas","www.hirsigfrazier.com","9726808703","9726692336","Wally Lyssy","President","Mal","32096000","34","509908","Manufacturer","5","0","1"
"510684","Dynamic Solutions","houmasales@nicksfastener.com","6121 Griggs Rd","7136455924","7136456036","516916","Chemicals (Wholesale)","www.nicksfastener.com"," Email <---> Revenue ","224973","Dynamic Solutions","6121 Griggs Rd","Houston","TX","77023","Harris","www.nicksfastener.com","7136456036","7136455924","Belinda Nichols","Owner","Fem","40040000","40","516916","Chemicals (W","5","0","1"
"538550","Radica USA LTD","hrradica@radicausa.com","13628 Beta Rd # A","9724900765","9724904247","506519","Electronic Equipment & Supplies-Whol","www.radicagames.com"," Email <---> Revenue ","1467684","Radica USA LTD","13628 Beta Rd # A","Dallas","TX","75244","Dallas","www.radicagames.com","9724904247","9724900765","","","","30300000","30","506519","Electronic E","5","0","1"
"599461","Reynolds International Inc","irodriguez@reynoldsinternational.com","5000 N 29th St","9566305263","9566877500","352304","Farm Equipment-Manufacturers","www.reynoldsinternational.com"," Email <---> Revenue ","574310","Reynolds International Inc","5000 N 29th St","Mcallen","TX","78504","Hidalgo","www.reynoldsinternational.com","9566877500","9566305263","Paula Moore","President","Fem","42800000","200","352304","Farm Equipme","5","0","1"
"461043","Derr Steel Erection Co","jerrypeninger@derrsteel.com","13400 Trinity Blvd","8175714544","8175714044","179102","Steel Erectors","www.derrsteel.com"," Email <---> Revenue ","1151964","Derr Steel Erection Co","13400 Trinity Blvd","Euless","TX","76040","Tarrant","www.derrsteel.com","8175714044","8175714544","Robert Derr","Owner","Mal","36750000","250","179102","Steel Erecto","5","0","1"
"480919","Murray Fabricators Inc","jmedley@americanbuildings.com","2218 Pech Rd # B","7134641709","7134646506","344106","Steel-Structural (Manufacturers)","www.ramcoerectors.com"," Email <---> Revenue ","492871","Murray Fabricators Inc","2218 Pech Rd # B","Houston","TX","77055","Harris","www.ramcoerectors.com","7134646506","7134641709","John Murray","Owner","Mal","32850000","150","344106","Steel-Struct","5","0","1"
"930","Commercial State Bank","Johanson-Randy@csbodessa.com","PO Box 415","9725442533","9725443000","602201","State Commercial Banks","NULL"," Email <---> Revenue ","1113953","Commercial State Bank","200 S I 45","Ferris","TX","75125","Ellis","","9725443000","9725442533","Randy Johanson","CEO","Mal","40912000","29","602201","State Commer","5","0","1"
"438315","Builder''s Best","john@venting.biz","201 Broiles St","9035869248","9035869248","179613","Clothes-Dryer-Venting-Installation-Coml","www.buildersbest.com"," Email <---> Revenue ","1067040","Builder's Best","201 Broiles St","Jacksonville","TX","75766","Cherokee","www.buildersbest.com","9035869248","","John Andersen","Owner","Mal","32200000","200","179613","Clothes-Drye","5","0","1"
"573970","Snow Max","jroberts@astroair.com","2734 Fm 1252 W","9039842460","9039832029","507505","Air Conditioning Supplies & Parts (Whol)","www.astroair.com"," Email <---> Revenue ","1524256","Snow Max","2734 Fm 1252 W","Kilgore","TX","75662","Gregg","www.astroair.com","9039832029","9039842460","David Holt","Manager","Mal","40800000","80","507505","Air Conditio","5","0","1"
"374018","Kerrville Public Utility Board","jwalter@kpub.com","2250 Memorial Blvd","8302578078","8302573050","491101","Electric Companies","www.kpub.com"," Email <---> Revenue ","398979","Kerrville Public Utility Board","2250 Memorial Blvd","Kerrville","TX","78028","Kerr","www.kpub.com","8302573050","8302578078","William L Taylor","Manager","Mal","33880000","55","491101","Electric Com","5","0","1"
"520035","Varsity Ford Lincoln Mercury","jwshelton@varsityflm.com","2300 Highway 21 E","9796931601","9797783408","501204","Automobile Auctions (Wholesale)","www.varsityflm.com"," Email <---> Revenue ","696305","Varsity Ford Lincoln Mercury","2300 Highway 21 E","Bryan","TX","77803","Brazos","www.varsityflm.com","9797783408","9797784262","Josh Cutler","Manager","Mal","48100000","13","501204","Automobile A","5","1","1"
"226842","Plains Marketing","k-1info@paalp.com","10 Desta Dr # 200e","6203657231","4326839622","517212","Oil Marketers & Distributors","www.plainsmarketing.com"," Email <---> Revenue ","541476","Plains Marketing","10 Desta Dr # 200e","Midland","TX","79705","Midland","www.plainsmarketing.com","4326839622","4326830849","Mark Thomas","Manager","Mal","33540000","10","517212","Oil Marketer","5","0","1"
"202744","Atlanta Professionals Online","larry-martinez@workservicescorp.com","3401B Armory Rd","9407663207","null","8999","Services NEC","WORK-SERVICES-CORP.COM^^WORK-SERVICES.COM"," Email <---> Revenue ","1629361","Work Services Corp","3401 Armory Rd # B","Wichita Falls","TX","76302","Wichita","www.workservicescorp.com","9407663207","9407661078","Gerald W Bettenhausen","CEO","Mal","40400000","505","736104","Employment C","5","0","1"
"509174","Xto Energy Inc","larry_mason@xtoenergy.com","200 N Loraine St # 800","6206248691","4326828873","131101","Oil & Gas Producers","www.xtoenergy.com"," Email <---> Revenue ","725117","Xto Energy Inc","200 N Loraine St # 800","Midland","TX","79701","Midland","www.xtoenergy.com","4326828873","4326870862","Kyle Hammond","VP","Mal","40560000","40","131101","Oil & Gas Pr","5","0","1"
"574536","Lawrence Hall Of Abilene","lcravens@lawrencehall.com","200 N Clack St","3256955332","3256958885","551103","Automobile Dealers-Used Cars","www.lawrencehall.com"," Email <---> Revenue ","421410","Lawrence Hall Of Abilene","200 N Clack St","Abilene","TX","79603","Taylor","www.lawrencehall.com","3256958885","3256955332","Michael Farmer","Manager","Mal","48525000","75","551103","Automobile D","5","1","1"
"254048","Inter-American Oil Works Inc","lisa_noseworthy@nl.rogers.com","2416 N Fm 1936","4323817526","4323815265","508428","Oil Field Equipment (Wholesale)","www.oilworks.com"," Email <---> Revenue ","355261","Inter-American Oil Works Inc","2416 N Fm 1936","Odessa","TX","79763","Ector","www.oilworks.com","4323815265","4323817526","Johnny Kidd","Owner","Mal","40800000","75","508428","Oil Field Eq","5","0","1"
"300527","J & B Sausage Company","lmaryfield@jbfoods.com","P.O. Box 7","8307887511","8307887279","5411","Food products","JBARB.COM^^JBARBFOODS.COM"," Email <---> Revenue ","840309","J Bar B Foods","515 Highway 90","Waelder","TX","78959","Gonzales","","8307887511","8307887279","Danny Janecka","Owner","Mal","40250000","250","542107","Meat-Retail","5","0","1"
"471365","Puppet Productions","location@puppetproductions.com","201 Executive Way","9727097400","9727097400","509206","Puppets & Marionettes (Wholesale)","www.puppetproductions.com"," Email <---> Revenue ","1460159","Puppet Productions","201 Executive Way","Desoto","TX","75115","Dallas","www.puppetproductions.com","9727097400","","Bill Hawes","Owner","Mal","28960000","40","509206","Puppets & Ma","5","0","1"
"476626","Louis Dreyfus Energy Svc","mandlm@louisdreyfus.com","13430 Northwest Fwy","7136717141","2813781100","516202","Plastics-Products-Finished-Wholesale","www.louisdreyfus.com"," Email <---> Revenue ","438468","Louis Dreyfus Energy Svc","13430 Northwest Fwy","Houston","TX","77040","Harris","www.louisdreyfus.com","2813781100","2813781151","Jay Gulley","Sr VP","Mal","42040000","40","516202","Plastics-Pro","5","0","1"
"243911","Resource Concepts","matthew@intechratechnology.com","2940 Eisenhower St","9722429050","9722453121","495311","Recycling Equipment & Systems","www.outletcomputer.com"," Email <---> Revenue ","1479025","Resource Concepts","2940 Eisenhower St","Carrollton","TX","75007","Dallas","www.outletcomputer.com","9722453121","9722429050","Cynthia Brannon","CEO","Fem","43400000","200","495311","Recycling Eq","5","0","1"
"563819","Texana Machinery","maywald@texanamachinery.com","4146 Ih 10 E","5122724012","2103338000","508206","Contractors-Equip/Supls-Dlrs/Svc (Whol)","www.texanamachinery.com"," Email <---> Revenue ","946413","Texana Machinery","4146 Ih 10 E","San Antonio","TX","78219","Bexar","www.texanamachinery.com","2103338000","2103336137","Don Cook","Owner","Mal","26640000","40","508206","Contractors-","5","0","1"
"499752","Amcom Project OLR","mclark@safolr.com","1202 Rio Blvd","2542870669","2542879808","458104","Aircraft Servicing & Maintenance","www.hoodolr.com"," Email <---> Revenue ","1005981","Amcom Project OLR","1202 Rio Blvd","Killeen","TX","76543","Bell","www.hoodolr.com","2542879808","2542870669","Mark Mc Millin","Manager","Mal","40400000","400","458104","Aircraft Ser","5","0","1"
"33975","Midway Importing Inc","midway@midwayimporting.com","7051 Portwest Dr # 160","7138029366","7138029363","509905","Importers","www.midwayimporting.com"," Email <---> Revenue ","477804","Midway Importing Inc","7051 Portwest Dr # 160","Houston","TX","77024","Harris","www.midwayimporting.com","7138029363","7138029366","Christopher Hartmann","Owner","Mal","32096000","34","509905","Importers","5","0","1"
"351588","Craig Allen Design","miranda@pbtexas.com","10700 Northwest Freeway Suite 100","7136131500","7136881578","8999","Services NEC","PBTEXAS.COM"," Email <---> Revenue ","110793","Brown & Brown Insurance","10700 Northwest Fwy # 100","Houston","TX","77092","Harris","","7136131500","7136881578","Michael Garguilo","President","Mal","36520000","55","635102","Bonds-Surety","5","0","1"
"589286","Container Care Inc","mlaux@cgini.com","500 Mayo Shell Rd","7136755513","7136733755","508545","Cargo & Freight Containers (Wholesale)","www.containercare.com"," Email <---> Revenue ","173252","Container Care Inc","500 Mayo Shell Rd","Galena Park","TX","77547","Harris","www.containercare.com","7136733755","7136755513","Kevin Smith","President","Mal","38600000","90","508545","Cargo & Frei","5","0","1"
"84595","Southwest Steel Casting Co","mobertop@americanrailcar.com","600 Foundry Dr","6364103560","9037593946","332502","Foundries-Steel","www.corbittmfg.com"," Email <---> Revenue ","1529713","Southwest Steel Casting Co","600 Foundry Dr","Longview","TX","75604","Gregg","www.swscc.com","9037593946","9037593224","Nick Onofrio","President","Mal","39750000","250","332502","Foundries-St","5","0","1"
"491081","Lone Star Fastners LP","mtrsupport@lonestarfasteners.com","9009 North Loop E","2813534989","7136755281","345298","Bolts Nuts Screws Rivets/Washers (Mfrs)","www.lsslonestar.com"," Email <---> Revenue ","434962","Lone Star Fastners LP","9009 North Loop E","Houston","TX","77029","Harris","www.lsslonestar.com","7136755281","2813534989","Bruce Ross","President","Mal","40000000","200","345298","Bolts Nuts S","5","0","1"
"430037","National Bronze & Metals Inc","naranzamendez@nbm-houston.com","2929 W 12th St","7138690883","7138699600","505111","Metal-Distributors","www.nbm-houston.com"," Email <---> Revenue ","497276","National Bronze & Metals Inc","2929 W 12th St","Houston","TX","77008","Harris","www.nbm-houston.com","7138699600","7138690883","Mike Greathead","President","Mal","36645000","35","505111","Metal-Distri","5","0","1"
"596662","Dairy Farmers Of America","nfo@dfa.com","3500 William D Tate Ave # 100","8174104501","8174104500","514303","Dairy Products-Wholesale","www.dfa.com"," Email <---> Revenue ","1137621","Dairy Farmers Of America","3500 William D Tate Ave # 100","Grapevine","TX","76051","Tarrant","www.dfa.com","8174104500","8174104501","David Jones","CEO","Mal","28800000","30","514303","Dairy Produc","5","0","1"
"425050","Bayou City Packaging Corp","pagegate@bayou-citypkg.com","2830 Produce Row","7136492288","7136498888","511101","Paper Products (Wholesale)","www.bayou-citypkg.com"," Email <---> Revenue ","82233","Bayou City Packaging Corp","2830 Produce Row","Houston","TX","77023","Harris","www.bayou-citypkg.com","7136498888","7136492288","Steven Mayer","Owner","Mal","30220000","20","511101","Paper Produc","5","0","1"
"597573","Etalk Corp","partners@etalk.com","4040 W Royal Ln # 100","9728193300","9728193100","364398","Current-Carrying Wiring Devices (Mfrs)","www.etalk.com"," Email <---> Revenue ","1186813","Etalk Corp","4040 W Royal Ln # 100","Irving","TX","75063","Dallas","www.etalk.com","9728193100","9728193300","Scott Shute","CEO","Mal","25000000","200","364398","Current-Carr","5","0","1"
"525974","Belmont Enterprises","pat.willey@belmontenterprises.com","2311 Executive Dr","9722787067","9722714484","509908","Manufacturers-Agents & Representatives","www.belmontenterprises.com"," Email <---> Revenue ","1041823","Belmont Enterprises","2311 Executive Dr","Garland","TX","75041","Dallas","www.belmontenterprises.com","9722714484","9722787067","","","","28320000","30","509908","Manufacturer","5","0","1"
"245974","Texas Fibers","paul.bowen@leggett.com","2929 Glenfield Ave","2144673228","2144673222","3069","Fabricated Rubber Products","NEC (rubberizing fabric or purchased textile products)"," Email <---> Revenue ","1566437","Texas Fibers","2929 Glenfield Ave","Dallas","TX","75233","Dallas","www.leggett.com","2144673222","2144673228","Steve Park","Plant Mgr","Mal","35400000","150","308601","Plastics-Foa","5","0","1"
"447512","Pepsi-Cola Co","pbgpresscenter@pepsi.com","131 SE Loop 289","5173211755","8067457711","514937","Beverages (Wholesale)","www.pbg.com"," Email <---> Revenue ","533625","Pepsi-Cola Co","131 SE Loop 289","Lubbock","TX","79404","Lubbock","www.pbg.com","8067457711","8067481951","Junior Baker","Manager","Mal","33760000","40","514937","Beverages (W","5","0","1"
"283716","Land Rover Houston North","rcounts@parkplacetexas.com","18205 North Fwy","9724077070","8322492000","556103","Recreational Vehicles","www.parkplacetexas.com"," Email <---> Revenue ","416218","Land Rover Houston North","18205 North Fwy","Houston","TX","77090","Harris","www.parkplacetexas.com","8322492000","8322492001","Matt Burkholder","Manager","Mal","31220000","70","556103","Recreational","5","0","1"
"219468","C C Distributors Inc","register@ccdistributors.com","210 Mcbride Ln","3612896761","3612890200","507207","Hardware-Wholesale","www.ccdistributors.com"," Email <---> Revenue ","119461","C C Distributors Inc","210 Mcbride Ln","Corpus Christi","TX","78408","Nueces","www.ccdistributors.com","3612890200","3612896761","George Finley","President","Mal","35000000","75","507207","Hardware-Who","5","0","1"
"327755","Industrial Thermoform Inc","rhonda@industrialthermoform.com","1211 Industrial Way","9722910176","9722995391","516208","Plastics-Fabrctng","Fnshng"," Email <---> Revenue ","1275734","Industrial Thermoform Inc","1211 Industrial Way","Cedar Hill","TX","75104","Dallas","www.industrialthermoform.com","9722995391","9722910176","Keith Martinez","President","Mal","26275000","25","516208","Plastics-Fab","5","0","1"
"400416","Jus-Made Inc","rlittle@jus-made.com","2817 Dairy Milk Ln","9722413399","9722415605","514937","Beverages (Wholesale)","www.jus-made.com"," Email <---> Revenue ","1308448","Jus-Made Inc","2817 Dairy Milk Ln","Dallas","TX","75229","Dallas","www.jus-made.com","9722415605","9722413399","Jene Barfield","Owner","Mal","42200000","50","514937","Beverages (W","5","0","1"
"598413","American Desk Mfg Co","rluthi@artcobell.com","1302 Industrial Blvd","2547737370","2547731776","254198","Office & Store Fixtures-Wood (Mfrs)","www.amdesk.com"," Email <---> Revenue ","1006976","American Desk Mfg Co","1302 Industrial Blvd","Temple","TX","76504","Bell","www.amdesk.com","2547731776","2547737370","Richard Parker","President","Mal","38000000","500","254198","Office & Sto","5","0","1"
"459677","Medical Center At Terrell","RonEnsor@terrelltexas.com","PO Box 1299","9725516808","9725637611","806201","Medical Centers","NULL"," Email <---> Revenue ","1376357","Medical Center At Terrell","1551 State Highway 34 S","Terrell","TX","75160","Kaufman","www.medcenter-terrell.com","9725637611","9725516808","Ron Ensor","CEO","Mal","29150000","275","806201","Medical Cent","5","0","1"
"347775","Enterhost","roni@ineedhealthinsurance.com","4936 Collinwood Ave - Suite 200","8177313355","8177318537","729922","Buyers Information Service","INEEDHEALTHINSURANCE.COM"," Email <---> Revenue ","1022224","Associated Group Brokerage","6100 Western Pl # 1050","Fort Worth","TX","76107","Tarrant","www.benefitport.com","8177313355","8177318537","Scott Ringnald","Owner","Mal","26070000","30","632404","Health Plans","5","0","1"
"30338","Smurfit-Stone Container Corp","roy@hinrichs.cc","13343 Interstate 20 E","9038779392","9038773421","265701","Boxes-Folding-Manufacturers","www.sscc.com"," Email <---> Revenue ","1523883","Smurfit-Stone Container Corp","13343 Interstate 20 E","Tyler","TX","75708","Smith","www.sscc.com","9038773421","9038779392","Tom Laumeyer","Manager","Mal","34650000","150","265701","Boxes-Foldin","5","0","1"
"243625","Atkinson Candy Co","signup@atkinsoncandy.com","1608 W Frank Ave","9366392337","9366392333","206401","Candy & Confectionery-Manufacturers","www.atkinsoncandy.com"," Email <---> Revenue ","1023167","Atkinson Candy Co","1608 W Frank Ave","Lufkin","TX","75904","Angelina","www.atkinsoncandy.com","9366392333","9366392337","Eric Atkinson","President","Mal","41800000","170","206401","Candy & Conf","5","0","1"
"469759","Snider Industries","snider@shreve.net","PO Box 668 - NA","null","null","738999","Business Services Nec","sniderindustries.com"," Email <---> Revenue ","1524123","Snider Industries","3311 Suebelle Rd","Marshall","TX","75670","Harrison","","9039389221","9039359593","Ronald Snider","Owner","Mal","30552000","114","242198","Sawmills & P","5","0","1"
"312730","Bellville Tube Co","snoska@lonestartech.com","PO Box 220","9798659957","9798659111","331798","Steel Pipe & Tubes (Manufacturers)","NULL"," Email <---> Revenue ","87001","Bellville Tube Co","141 Miller Rd","Bellville","TX","77418","Austin","","9798659111","9798659957","Ken Beil","President","Mal","35956000","101","331798","Steel Pipe &","5","0","1"
"589481","BML Inc","susan@4bindustries.com","4841 S Treadaway Blvd","3257931416","3257931989","131106","Oil Crude","www.4bindustries.com"," Email <---> Revenue ","73273","BML Inc","4841 S Treadaway Blvd","Abilene","TX","79602","Taylor","www.4bindustries.com","3257931989","3257931416","Fred Jordan","Manager","Mal","35490000","35","131106","Oil Crude","5","0","1"
"595196","JAG Powersports","tech@cpi-usa.com","1875 W Walnut Hill Ln","9725808100","9725808100","501210","Recreational Vehicles-Wholesale","www.cpi-usa.com"," Email <---> Revenue ","1286991","JAG Powersports","1875 W Walnut Hill Ln","Irving","TX","75038","Dallas","www.cpi-usa.com","9725808100","","Louis Chen","Manager","Mal","37000000","10","501210","Recreational","5","0","1"
"569515","Heritage Family Specialty Foods;","todd.thomasson@hfsfoods.com","901 Santerre","9726606511","null","5411","Food products","HFSFOODS.COM^^HFSFOODS.NET^^HFSFOODS.ORG"," Email <---> Revenue ","1256700","Heritage Family Specialty Food","901 Santerre St","Grand Prairie","TX","75050","Dallas","","9726606511","9726604567","Daniel Brackeen","Owner","Mal","45480000","40","514101","Food Product","5","0","1"
"600701","Adams Extract & Spice","transportationaes@adamsextract.com","3217 Johnson St","8306721850","8306721850","514932","Flavoring Extracts (Wholesale)","www.adamsextract.com"," Email <---> Revenue ","22148","Adams Extract & Spice","3217 Johnson St","Gonzales","TX","78629","Gonzales","www.adamsextract.com","8306721850","","Clay Ruple","Owner","Mal","25000000","150","514932","Flavoring Ex","5","0","1"
"591632","D 2 Audio Corp","twatanabe@d2audio.com","7600 N Capital Of Texas Hwy","5123439316","5123439301","367498","Semiconductors & Related Devices (Mfrs)","www.d2audio.com"," Email <---> Revenue ","190712","D 2 Audio Corp","7600 N Capital Of Texas Hwy","Austin","TX","78731","Travis","www.d2audio.com","5123439301","5123439316","Rick Knox","CEO","Mal","25650000","50","367498","Semiconducto","5","0","1"
"566479","Liberto Of San Antonio","usdistributorsales@ricos.com","621 S Flores St","2102270907","2102264168","514503","Concessionaires Equip & Supplies (Whol)","www.ricos.com"," Email <---> Revenue ","861290","Liberto Of San Antonio","621 S Flores St","San Antonio","TX","78204","Bexar","www.ricos.com","2102264168","2102270907","Frank Liberto","President","Mal","32450000","55","514503","Concessionai","5","0","1"
"259786","Trinity Coatings Co","user@user.com","1800 Park Place Ave","8179249661","8179266811","285198","Paint Varnish & Allied Products (Mfrs)","www.trinitycoatings.com"," Email <---> Revenue ","1585493","Trinity Coatings Co","1800 Park Place Ave","Fort Worth","TX","76110","Tarrant","www.trinitycoatings.com","8179266811","8179249661","James Gardner","President","Mal","35475000","75","285198","Paint Varnis","5","0","1"
"554894","H & H Oil Co Inc","wdobbins@hhoil.com","901 Ferris Ave","9729370271","9729383920","517210","Gasoline & Oil-Wholesale","www.hhoil.com"," Email <---> Revenue ","1242403","H & H Oil Co Inc","901 Ferris Ave","Waxahachie","TX","75165","Ellis","www.hhoil.com","9729383920","9729370271","Ali Sharaf","President","Mal","40248000","12","517210","Gasoline & O","5","0","1"
"525287","Collegiate Pacific Inc","webform@cpacsports.com","13950 Senlac Dr # 100","9018210482","9722438100","509111","Sporting Goods-Wholesale","www.vpisports.com"," Email <---> Revenue ","1111380","Collegiate Pacific Inc","13950 Senlac Dr # 100","Farmers Branch","TX","75234","Dallas","www.colpac.com","9722438100","","Michael J Blumenfeld","CEO","Mal","39562000","400","509111","Sporting Goo","5","0","1"
"239973","Martin Preferred Foods","webhoundinfo@bellacoola.com","318 Cadiz St","8148613436","2144217344","514105","Grocers-Wholesale","www.giantpa.com"," Email <---> Revenue ","1366479","Martin Preferred Foods","318 Cadiz St","Dallas","TX","75207","Dallas","www.martinsfoods.com","2144217344","2144425988","Steve Potaniec","President","Mal","28425000","25","514105","Grocers-Whol","5","0","1"
"599450","Simplex Grinnell","wpost@spectralink.com","1600 Royston Ln","2564610212","5126341800","366901","Fire Alarm Systems-Manufacturers","www.simplexgrinnell.com"," Email <---> Revenue ","928796","Simplex Grinnell","1600 Royston Ln","Round Rock","TX","78664","Williamson","www.simplexgrinnell.com","5126341800","5126341819","Doug Emanus","Manager","Mal","28908000","132","366901","Fire Alarm S","5","0","1"
