mail id,company,email,address,phone,fax,sic,sic description,web,,revenue id,company,address,city,state,zip,	metro,web,phone,fax,contact,position,gender,sales,# of employee,sic,sic_descrpiton,	,,
"471412","Flair Data Systems Inc","acrum@flairdata.com","5232 Forest Ln","2143734188","2143736699","504507","Data Processing Equipment (Wholesale)","www.flairdata.com"," Email <---> Revenue ","1206103","Flair Data Systems Inc","5232 Forest Ln","Dallas","TX","75244","Dallas","www.flairdata.com","2143736699","2143734188","Bob Burgess","Owner","Mal","22425000","25","504507","Data Process","4","0","1"
"334023","Glosserman Chevrolet Buick","alexl@glosserman.com","204 N Commerce St","5123984817","5123984830","551103","Automobile Dealers-Used Cars","www.glosserman.com"," Email <---> Revenue ","295698","Glosserman Chevrolet Buick","204 N Commerce St","Lockhart","TX","78644","Caldwell","www.glosserman.com","5123984830","5123984817","Jeffry Michelson","Owner","Mal","16175000","25","551103","Automobile D","4","1","1"
"490844","All Star Auto Sales","allstar@acncanada.net","2440 S Padre Island Dr","3618521000","3618141000","551103","Automobile Dealers-Used Cars","www.allstarautosales.com"," Email <---> Revenue ","34808","All Star Auto Sales","2440 S Padre Island Dr","Corpus Christi","TX","78415","Nueces","www.allstarautosales.com","3618141000","3618521000","Paul Walton","Owner","Mal","12940000","20","551103","Automobile D","4","1","1"
"596211","Sure Cast Inc","ama@ecsis.net","200 Sure Cast","5127566700","5127566500","332401","Investment Castings (Manufacturers)","www.surecast.com"," Email <---> Revenue ","644993","Sure Cast Inc","200 Sure Cast","Burnet","TX","78611","Burnet","www.surecast.com","5127566500","5127566700","William Wurster","President","Mal","16875000","125","332401","Investment C","4","0","1"
"233415","American Best","ambest@americanbest.com","3840 Distribution Dr","2143429769","2143429572","509905","Importers","www.americanbest.com"," Email <---> Revenue ","1006662","American Best","3840 Distribution Dr","Garland","TX","75041","Dallas","www.americanbest.com","2143429572","2143429769","Clement Chen","President","Mal","11328000","12","509905","Importers","4","0","1"
"583401","Stacy Furniture & Accessories","andi@stacyfurniture.com","1900 S Main St","8179123302","8174811564","571216","Furniture-Dealers-Retail","www.stacyfurniture.com"," Email <---> Revenue ","1535374","Stacy Furniture & Accessories","1900 S Main St","Grapevine","TX","76051","Tarrant","www.stacyfurniture.com","8174811564","8179123302","Rick Stacy","Owner","Mal","24000000","120","571216","Furniture-De","4","0","1"
"583869","Dominion Associated Svc","andyr@dominiongrouponline.com","PO Box 450618","7134339976","7134338988","671901","Holding Companies (Non-Bank)","www.dgasi.com"," Email <---> Revenue ","216149","Dominion Associated Svc","PO Box 450618","Houston","TX","77245","Harris","www.dgasi.com","7134338988","7134339976","C W True","Manager","Mal","22680000","35","671901","Holding Comp","4","2","1"
"435625","APAC Texas Inc","apac@ashland.com","12907 Highway 90","8656378089","4098661444","295101","Asphalt & Asphalt Products-Manufacturers","www.apac.com"," Email <---> Revenue ","14591","APAC Texas Inc","12907 Highway 90","Beaumont","TX","77713","Jefferson","www.apac.com","4098661444","4098665541","Steve Koonce","President","Mal","10980000","20","295101","Asphalt & As","4","0","1"
"514636","Methodist Healthcare System","art.shade@columbia.net","7550 I.H. 10 West Ste. 1075","2105935048","null","809907","Health Services","INSIDEMHS.COM"," Email <---> Revenue ","875470","Methodist Healthcare System","","San Antonio","TX","78229","Bexar","www.sahealth.com","2105750200","2105750174","","","","22400000","200","809907","Health Servi","4","2","1"
"546331","Seabrook Seafood Inc","art@seabrookseafood.com","1419 Lawrence Rd","2813341768","2813342546","209298","Prepared Fish & Seafood Products (Mfr)","www.seabrookseafood.com"," Email <---> Revenue ","603322","Seabrook Seafood Inc","1419 Lawrence Rd","Kemah","TX","77565","Galveston","www.seabrookseafood.com","2813342546","2813341768","Thomas Hults","President","Mal","23067000","99","209298","Prepared Fis","4","0","1"
"297429","Dart Manufacturing Co","artmaster@dartpromo.com","4012 Bronze Way","2143379734","2143334221","319998","Leather Goods Nec (Manufacturers)","www.dartmfgco.com"," Email <---> Revenue ","1143189","Dart Manufacturing Co","4012 Bronze Way","Dallas","TX","75237","Dallas","www.dartmfgco.com","2143334221","2143379734","Jeff Kogutt","Owner","Mal","20800000","200","319998","Leather Good","4","0","1"
"331114","Good Heart Specialty Meats","aruiz@goodheart.com","11122 Nacogdoches Rd","2106375052","2106375052","514704","Meat-Wholesale","www.goodheart.com"," Email <---> Revenue ","821396","Good Heart Specialty Meats","11122 Nacogdoches Rd","San Antonio","TX","78217","Bexar","www.goodheart.com","2106375052","","","","","11592000","9","514704","Meat-Wholesa","4","0","1"
"541061","Securitas Systems","asa.larsson@securitassystems.com","2033 Chenault Dr # 138","7145227980","9722394333","506515","Television Systs/Eqpt-Clsd Crct (Whol)","www.securitassystems.com"," Email <---> Revenue ","1509153","Securitas Systems","2033 Chenault Dr # 138","Carrollton","TX","75006","Dallas","www.securitassystems.com","9722394333","9722394334","Dave Holliday","Manager","Mal","15150000","15","506515","Television S","4","0","1"
"593390","Energy Steel Products Corp","atlanta@energysteelproducts.com","10002 Windfern Rd","6308765950","2819550903","505106","Steel-Distributors & Warehouses","www.energysteelproducts.com"," Email <---> Revenue ","242453","Energy Steel Products Corp","10002 Windfern Rd","Houston","TX","77064","Harris","www.energysteelproducts.com","2819550903","2819552965","Greg Parrish","Manager","Mal","15705000","15","505106","Steel-Distri","4","0","1"
"518313","San Bernard Electric Co-Op Inc","banner@industryinet.com","29244 Hwy 1488","9798659706","9363729176","491101","Electric Companies","www.sbec.org"," Email <---> Revenue ","921454","San Bernard Electric Co-Op Inc","29244 Hwy 1488","Waller","TX","77484","Waller","www.sbec.org","9363729176","9363725476","John Silva","Manager","Mal","10472000","17","491101","Electric Com","4","0","1"
"598461","Alert Communications","BauskeBonnie@alertcommunication.com","201 E Marshall Ave","9037582725","9037582713","506505","Radio Paging/Signaling Eqpt Systs (Whol)","NULL"," Email <---> Revenue ","998021","Alert Communications","201 E Marshall Ave","Longview","TX","75601","Gregg","","9037582713","9037582725","Bonnie Bauske","Owner","Fem","17170000","17","506505","Radio Paging","4","0","1"
"580420","Paragon Marketing Inc","bfox@paragonmktg.com","4258 Spring Valley Rd","9727010200","9727018100","514102","Food Brokers","www.paragonmktg.com"," Email <---> Revenue ","1430428","Paragon Marketing Inc","4258 Spring Valley Rd","Dallas","TX","75244","Dallas","www.paragonmktg.com","9727018100","9727010200","Jerry Moen","Owner","Mal","12507000","11","514102","Food Brokers","4","0","1"
"252971","Gift registery fulfillment center","bhwells@furnitureforbusiness.com","15950 N Dallas Pkwy ; Suite 400","9722633423","2146314424","571216","Furniture","GIFTREGISTRATIONS.COM"," Email <---> Revenue ","1616158","Wells Furniture For Business","1225 Round Table Dr","Dallas","TX","75247","Dallas","","9722633423","","Barry Wells","Owner","Mal","11420000","20","502113","Office Furni","4","0","1"
"255118","Billy Young Isuzu Of Killeen","Billy@billyyounglm.com","903 E Veterans Memorial Blvd","2545268081","2545264191","551103","Automobile Dealers-Used Cars","NULL"," Email <---> Revenue ","1049397","Billy Young Isuzu Of Killeen","903 E Veterans Memorial Blvd","Killeen","TX","76541","Bell","www.billyyounglm.com","2545264191","2545268081","Billy Young Sr","Owner","Mal","12940000","20","551103","Automobile D","4","1","1"
"591351","KXII","birthdays@kxii.com","4201 Texoma Pkwy","9038937858","9038928123","483301","Television Stations & Broadcasting CO","www.kxii.com"," Email <---> Revenue ","1312232","KXII","4201 Texoma Pkwy","Sherman","TX","75090","Grayson","www.kxii.com","9038928123","9038937858","Rick Dean","Manager","Mal","20224000","64","483301","Television S","4","0","1"
"360139","Brazos Pipe & Steel Fabricator","brazos@brazospipe.com","3135 E Highway 332","9792337895","null","1099","Metal ores","brazospipe.com"," Email <---> Revenue ","106662","Brazos Pipe & Steel Fabricator","3135 E Highway 332","Freeport","TX","77541","Brazoria","www.brazospipe.com","9792337895","9792339570","Billy Parsons","President","Mal","10320000","60","344304","Fabricated P","4","0","1"
"450039","Track Masters Inc","bret@runningtracks.com","1002 S Main St","8174772577","8174770614","794104","Stadiums Arenas & Athletic Fields","www.runningtracks.com"," Email <---> Revenue ","1581495","Track Masters Inc","1002 S Main St","Fort Worth","TX","76104","Tarrant","www.runningtracks.com","8174770614","8174772577","Bret Allen","Owner","Mal","12950000","50","794104","Stadiums Are","4","0","1"
"598521","Daryl Jenkins & Assoc","bruce@daryljenkins.com","2050 N Stemmons Fwy # 8501","2147451906","2147451761","509908","Manufacturers-Agents & Representatives","www.daryljenkins.com"," Email <---> Revenue ","1143237","Daryl Jenkins & Assoc","2050 N Stemmons Fwy # 8501","Dallas","TX","75207","Dallas","www.daryljenkins.com","2147451761","2147451906","Daryl Jenkins","Owner","Mal","12272000","13","509908","Manufacturer","4","0","1"
"509310","Casa Flora Inc","brychliik@casaflora.com","5543 Mccommas Bluff Rd","9722255210","9722256111","519306","Nurseries-Plants Trees & Etc-Wholesale","www.casaflora.com"," Email <---> Revenue ","1084300","Casa Flora Inc","5543 Mccommas Bluff Rd","Dallas","TX","75241","Dallas","www.casaflora.com","9722256111","9722255210","Naud Burnett","Owner","Mal","10950000","50","519306","Nurseries-Pl","4","0","1"
"569169","Building Specialties Inc","bsi@buildingspecialties.com","6230 Bingle Rd","7139391273","7139391115","174205","Insulation Contractors-Cold & Heat","www.buildingspecialties.com"," Email <---> Revenue ","114705","Building Specialties Inc","6230 Bingle Rd","Houston","TX","77092","Harris","www.buildingspecialties.com","7139391115","7139391273","Jim Descant","Owner","Mal","11100000","100","174205","Insulation C","4","0","1"
"117945","Champagne Fine Printing","carlv@champagneusa.com","1130 Silber","7136819999","7136818769","275202","Printers","CHAMPAGNEUSA.COM"," Email <---> Revenue ","142107","Cenveo","1130 Silber Rd","Houston","TX","77055","Harris","www.champagneusa.com","7136819999","7136818769","Richard Bonfanti","President","Mal","18240000","120","275202","Printers","4","0","1"
"6247","St Charles Trading","Caroline@stcharlestrading.com","600 Smith St # 1","9403205011","9723552621","514102","Food Brokers","NULL"," Email <---> Revenue ","1534241","St Charles Trading","600 Smith St # 1","Denton","TX","76205","Denton","","9723552621","9403205011","Caroline Mc Nally","Owner","Fem","11370000","10","514102","Food Brokers","4","0","1"
"562913","Simplex Grinnell","cdriggers@tycoint.com","5449 Bear Ln # 308","7852171201","3612896174","508734","Sprinklers-Automatic-Fire (Wholesale)","www.simplexgrinnell.com"," Email <---> Revenue ","614695","Simplex Grinnell","5449 Bear Ln # 308","Corpus Christi","TX","78405","Nueces","www.simplexgrinnell.com","3612896174","3612896458","Dwight Reeves","Manager","Mal","12110000","35","508734","Sprinklers-A","4","0","1"
"544666","Dynamic Engineers; Inc","chris@hia.net","2000 S. Dairy Ashford; Suite 128","2818708822","null","871106","Engineers","DYNAMICENG.COM"," Email <---> Revenue ","224861","Dynamic Engineers Inc","2000 S Dairy Ashford St # 128","Houston","TX","77077","Harris","www.dynamiceng.com","2818708822","2818708218","Roland Teoh","Owner","Mal","15104000","16","509901","Exporters","4","0","1"
"393829","Advanced Aromatics","ckates@advancedaromatics.com","5501 W Baker Rd","2814243532","2814244505","289905","Chemicals-Manufacturers","www.advancedaromatics.com"," Email <---> Revenue ","23870","Advanced Aromatics","5501 W Baker Rd","Baytown","TX","77520","Harris","www.advancedaromatics.com","2814244505","2814243532","Peter Buenz","President","Mal","18300000","50","289905","Chemicals-Ma","4","0","1"
"496255","Security Depot","cmmccaleb@securitydepotinc.com","2212 S International Blvd","9569693465","9569731666","506304","Security Control Equip & Systems-Whol","www.securitydepotinc.com"," Email <---> Revenue ","924756","Security Depot","2212 S International Blvd","Weslaco","TX","78596","Hidalgo","www.securitydepotinc.com","9569731666","9569693465","Carla Mc Caleb","Owner","Fem","16450000","25","506304","Security Con","4","0","1"
"42781","Lamar Electric Cooperative","cody@lamarelectric.com","1485 N Main Street","9037844303","null","173101","Electric Contractors","null"," Email <---> Revenue ","1331262","Lamar Electric Co-Op","1485 N Main St","Paris","TX","75460","Lamar","","9037844303","9037847084","Walter Cooper","Manager","Mal","17864000","29","491101","Electric Com","4","0","1"
"189864","Omni Hearing Systems Inc","contact_us@omnihearing.com","3418 Midcourt Rd # 105","9729917864","9729342961","384204","Hearing Aids-Manufacturers","www.omnihearing.com"," Email <---> Revenue ","1420457","Omni Hearing Systems Inc","3418 Midcourt Rd # 105","Carrollton","TX","75006","Dallas","www.omnihearing.com","9729342961","9729917864","Zach Hammock","Executive Director","Mal","18620000","95","384204","Hearing Aids","4","0","1"
"347813","T 3","courtney.layton@t-3.com","1806 Rio Grande St","5124998552","5124998811","731101","Advertising-Agencies & Counselors","www.t-3.com"," Email <---> Revenue ","647858","T 3","1806 Rio Grande St","Austin","TX","78701","Travis","www.t-3.com","5124998811","5124998552","Gay Gaddis","Owner","Fem","22120000","140","731101","Advertising-","4","0","1"
"595386","Ctr","ctrtires@crawfordtirerecycling.com","101 W Avenue D","9728758429","9728758427","501402","Tire-Dealers-Used (Wholesale)","www.crawfordtirerecycling.com"," Email <---> Revenue ","1130128","Ctr","101 W Avenue D","Ennis","TX","75119","Ellis","www.crawfordtirerecycling.com","9728758427","9728758429","Dirk Crawford","Owner","Mal","10368000","18","501402","Tire-Dealers","4","0","1"
"580987","Argosy Shipping","cwilliamson@argosyship.com","6575 West Loop S # 110","7136684160","7136684020","508803","Ship Brokers","www.argosyship.com"," Email <---> Revenue ","56492","Argosy Shipping","6575 West Loop S # 110","Bellaire","TX","77401","Harris","www.argosyship.com","7136684020","7136684160","Rider Griswold","President","Mal","14345000","19","508803","Ship Brokers","4","0","1"
"279710","Laerdal","D-Broussard@medicalplastics.com","PO Box 38","2548658011","2548657221","308902","Plastics & Plastic Products (Mfrs)","NULL"," Email <---> Revenue ","1329581","Laerdal","226 Fm 116","Gatesville","TX","76528","Coryell","www.medicalplastics.com","2548657221","2548658011","David Broussard","CEO","Mal","11200000","143","308902","Plastics & P","4","0","1"
"147928","Compu-Cad Inc","dale@compu-cad.com","1909 Hydro Dr","5128357398","5128357311","641122","Insurance-Plan Administrators","www.compu-cad.com"," Email <---> Revenue ","169964","Compu-Cad Inc","1909 Hydro Dr","Austin","TX","78728","Travis","www.compu-cad.com","5128357311","5128357398","Gary Gastineau","Owner","Mal","11592000","84","641122","Insurance-Pl","4","0","1"
"359947","Echo Publishing Co","dans@ssecho.com","401 Church St","9038858768","9038858663","274105","Publishers","www.ssecho.com"," Email <---> Revenue ","1174370","Echo Publishing Co","401 Church St","Sulphur Springs","TX","75482","Hopkins","www.ssecho.com","9038858663","9038858768","Scott Keys","President","Mal","21920000","80","274105","Publishers","4","0","1"
"539022","Flame Tech","dbobyk@flametechnologies.com","703 Cypress Creek Rd","5122198477","5122198481","354801","Welding Equipment & Supplies-Mfrs","www.flametechnologies.com"," Email <---> Revenue ","267459","Flame Tech","703 Cypress Creek Rd","Cedar Park","TX","78613","Williamson","www.flametechnologies.com","5122198481","5122198477","Chuck Toops","Owner","Mal","11610000","45","354801","Welding Equi","4","0","1"
"564507","D & D Performance Enterprises","dd@horspowermarketing.com","2923 Edith Ln","8178314260","8178348961","557103","Motorcycles & Motor Scooters-Supplies","www.danddexhaust.com"," Email <---> Revenue ","1133608","D & D Performance Enterprises","2923 Edith Ln","Fort Worth","TX","76117","Tarrant","www.danddexhaust.com","8178348961","8178314260","David Rash","Owner","Mal","16550000","50","557103","Motorcycles ","4","0","1"
"239663","JVI Image Graphics","ddunn@joevalencik.com","15546 Seedling Dr","2814492950","2814494456","161102","Road Building Contractors","www.joevalencik.com"," Email <---> Revenue ","366764","JVI Image Graphics","15546 Seedling Dr","Houston","TX","77032","Harris","www.joevalencik.com","2814494456","2814492950","Joe Valencik","President","Mal","17625000","75","161102","Road Buildin","4","0","1"
"294163","Sound & Signal Systems Inc","dean@ssstx.com","3621 Mattox St","9157785457","9157729893","506308","Fire Alarm Systems (Wholesale)","www.ssstx.com"," Email <---> Revenue ","621039","Sound & Signal Systems Inc","3621 Mattox St","El Paso","TX","79925","El Paso","www.ssstx.com","9157729893","9157785457","Dean Hulsey","VP","Mal","18424000","28","506308","Fire Alarm S","4","0","1"
"568493","Print Edd Products","debra.mata@printedd.com","2641 Forum Dr","9726412564","9729883133","276104","Manifold Business Forms (Mfrs)","www.printedd.com"," Email <---> Revenue ","1455282","Print Edd Products","2641 Forum Dr","Grand Prairie","TX","75052","Dallas","www.printedd.com","9729883133","9726412564","Ed Stracener","Owner","Mal","24700000","100","276104","Manifold Bus","4","0","1"
"117818","Universal Time Equipment Co","design@universaltime.net","1405 S Bennett Ave","9035956939","9035954441","506308","Fire Alarm Systems (Wholesale)","www.universaltime.net"," Email <---> Revenue ","1597387","Universal Time Equipment Co","1405 S Bennett Ave","Tyler","TX","75701","Smith","www.universaltime.net","9035954441","9035956939","Kevin De Ornellas","President","Mal","15792000","24","506308","Fire Alarm S","4","0","1"
"388893","G.T. TRANSFER","diana@ngonzalez.com","412 ENTERPRISE - INTERAMERICA - LAREDO","9567241737","9567239655","8999","Services NEC","gttransfer.com"," Email <---> Revenue ","494482","N G Forwarding Lic","412 Enterprise St","Laredo","TX","78045","Webb","","9567241737","9567239655","Carlos Martinez","Owner","Mal","17936000","19","509905","Importers","4","0","1"
"575399","Uvalde Memorial Hospital","durr@admin.hilconet.com","1025 Garner Field Rd <BR> Uvalde","NULL","830-278-6251","808201","Home Health Service","NULL"," Email <---> Revenue ","958457","Uvalde Memorial Hospital","1038 Garner Field Rd # B","Uvalde","TX","78801","Uvalde","www.umhtx.org","8302786691","8302787533","Benn Durr","CEO","Mal","20580000","420","808201","Home Health ","4","0","1"
"479645","Appliance Parts Ctr","EBubba@appliance-parts-center.com","136 Nederland Ave","4097290408","4097278178","506401","Appliances-Household-Major-Supls (Whol)","NULL"," Email <---> Revenue ","54200","Appliance Parts Ctr","136 Nederland Ave","Nederland","TX","77627","Jefferson","","4097278178","4097290408","Edwin Bubba","Owner","Mal","21000000","15","506401","Appliances-H","4","0","1"
"382855","Ecomony Mud Products","economy@economypolymers.com","435 E Anderson Rd","7137231845","7137238416","289905","Chemicals-Manufacturers","www.economypolymers.com"," Email <---> Revenue ","230897","Ecomony Mud Products","435 E Anderson Rd","Houston","TX","77047","Harris","www.economypolymers.com","7137238416","7137231845","Lawrence Walton","President","Mal","13908000","38","289905","Chemicals-Ma","4","0","1"
"385885","Gillani Consulting Inc","education@gillani.com","833 E Arapaho Rd # 102","9729180659","9726640505","737910","Information Equip & Systems","www.gillani.com"," Email <---> Revenue ","1227480","Gillani Consulting Inc","833 E Arapaho Rd # 102","Richardson","TX","75081","Dallas","www.gillani.com","9726640505","9729180659","Syed Kamel","Owner","Mal","13846000","86","737910","Information ","4","0","1"
"599502","Vanco Systems","edward@ttsoftexarkana.com","2301 Texas Blvd","9037924176","9037941013","506528","Facsimile Communication Equipment (Whol)","www.vancosystems.com"," Email <---> Revenue ","1600858","Vanco Systems","2301 Texas Blvd","Texarkana","TX","75501","Bowie","www.vancosystems.com","9037941013","9037924176","Walter Clement","Owner","Mal","14140000","14","506528","Facsimile Co","4","0","1"
"41415","Enhanced Laser Products","elp@insync.net","1201 Silber Road","7139569911","2185212568","738999","Business Services Nec","ENHANCEDLASER.COM"," Email <---> Revenue ","242871","Enhanced Laser Products","1008 Wirt Rd","Houston","TX","77055","Harris","","7139565933","7139560200","Dan Ceballos","Manager","Mal","13040000","80","737801","Computers-Se","4","0","1"
"598687","Ontario Die Co Of Texas","elpaso@ontariodie.com","9641 Plaza Cir","9158586964","9158581900","354401","Die Cutting Equipment & Supplies (Mfrs)","www.ontariodie.com"," Email <---> Revenue ","517183","Ontario Die Co Of Texas","9641 Plaza Cir","El Paso","TX","79927","El Paso","www.ontariodie.com","9158581900","9158586964","Derek Stewart","Plant Mgr","Mal","12420000","92","354401","Die Cutting ","4","0","1"
"582843","All Metric Fasteners Inc","elvis@allmetric.com","3790 Yale St","7136953311","7136952220","507205","Fasteners-Industrial (Wholesale)","www.allmetric.com"," Email <---> Revenue ","34344","All Metric Fasteners Inc","3790 Yale St","Houston","TX","77018","Harris","www.allmetric.com","7136952220","7136953311","Joe Kratoville","Owner","Mal","10360000","20","507205","Fasteners-In","4","0","1"
"441819","Golden Precison Metal Fab","engineering_info@ddiglobal.com","11477 Pagemill Rd","4082639115","2147790100","171103","Sheet Metal Work Contractors","www.ddiglobal.com"," Email <---> Revenue ","1231481","Golden Precison Metal Fab","11477 Pagemill Rd","Dallas","TX","75243","Dallas","www.ddiglobal.com","2147790100","2147790153","J R Shipley","VP","","14600000","100","171103","Sheet Metal ","4","0","1"
"430247","Century Flight Systems","ernie@centuryflight.com","Fm 1195","9403252546","9403252517","372498","Aircraft Engines & Engine Parts-Mfrs","www.centuryflight.com"," Email <---> Revenue ","1090535","Century Flight Systems","Fm 1195","Mineral Wells","TX","76067","Palo Pinto","www.centuryflight.com","9403252517","9403252546","Lottie J Eubanks","President","Fem","24990000","70","372498","Aircraft Eng","4","0","1"
"593330","Pratt & Whitney Dallas Arspc","extweb@pweh.com","1875 N Interstate 35e","4087794202","9722459633","559908","Aircraft Equipment Parts & Supplies","www.csd.com"," Email <---> Revenue ","1451372","Pratt & Whitney Dallas Arspc","1875 N Interstate 35e","Carrollton","TX","75006","Dallas","www.pratt-whitney.com","9722459633","9725123747","Bob Hogan","President","Mal","17232000","48","559908","Aircraft Equ","4","0","1"
"507333","Allflex USA Inc","fairteam@holstein.com","2805 E 12th St","9724563882","9724563686","308901","Mold Makers","www.allflexusa.com"," Email <---> Revenue ","1001579","Allflex USA Inc","2805 E 12th St","Dallas","TX","75261","Dallas","www.allflexusa.com","9724563686","9724563882","Brian Bolton","President","Mal","13300000","90","308901","Plastics-Mol","4","0","1"
"399806","World Clothing Corp","franck@worldclothing.net","2600 Quality Ln","9568314735","9568314730","593205","Clothing-Used","www.worldclothing.net"," Email <---> Revenue ","723101","World Clothing Corp","2600 Quality Ln","Brownsville","TX","78526","Cameron","www.worldclothing.net","9568314730","9568314735","Mike Pitzl","Owner","Mal","10560000","120","593205","Clothing-Use","4","0","1"
"561308","Chemicals Inc","gary@chemicalsinc.com","12321 Hatcherville Rd","2815765712","2815765000","281998","Industrial Inorganic Chmcls Nec (Mfrs)","www.chemicalsinc.com"," Email <---> Revenue ","147165","Chemicals Inc","12321 Hatcherville Rd","Baytown","TX","77521","Harris","www.chemicalsinc.com","2815765000","2815765712","Ash Moza","Owner","Mal","18900000","60","281998","Industrial I","4","0","1"
"561596","First Comm Inc","gdb@firstcomminc.com","7854 Fortune Dr","2106845404","2106841715","506511","Telephone Equip/Systs-Supls/Parts (Whol)","www.firstcomminc.com"," Email <---> Revenue ","810468","First Comm Inc","7854 Fortune Dr","San Antonio","TX","78250","Bexar","www.firstcomminc.com","2106841715","2106845404","Gary Belcher","Owner","Mal","15150000","15","506511","Telephone Eq","4","0","1"
"58485","Wheatsville Food Coop","george.keller@quest-net.com","3101 Guadalupe St","5124782081","5124782667","541105","Grocers-Retail","www.wheatsville.com"," Email <---> Revenue ","714562","Wheatsville Food Coop","3101 Guadalupe St","Austin","TX","78705","Travis","www.wheatsville.com","5124782667","5124782081","Dan Gillotte","Manager","Mal","12558000","69","541105","Grocers-Reta","4","0","1"
"195208","Dixie Management","Gerard@jessedupree.com","300 W Main St","3616644840","3616645656","874198","Management Services","NULL"," Email <---> Revenue ","213819","Dixie Management","300 W Main St","Alice","TX","78332","Jim Wells","","3616645656","3616644840","Gerard Danos","President","Mal","15120000","120","874198","Fuel Managem","4","0","1"
"497958","Contech-Control Technologies","GillP@contech-cti.com","5710 40th St","8067921202","8067970900","506328","Controls Control Systs/Regulators (Whol)","NULL"," Email <---> Revenue ","173285","Contech-Control Technologies","5710 40th St","Lubbock","TX","79407","Lubbock","www.contech-cti.com","8067970900","8067921202","Priscilla Gill","Owner","Fem","15134000","23","506328","Controls Con","4","0","1"
"309783","Cosentino USA","ginac@cosentinousa.com","13124 Trinity St","4072925600","2814947277","571213","Counter Tops","www.silestoneusa.com"," Email <---> Revenue ","782897","Cosentino USA","13124 Trinity St","Stafford","TX","77477","Fort Bend","www.silestoneusa.com","2814947277","2815827683","Roberto Contreras Jr","CEO","Mal","12000000","60","571213","Counter Tops","4","0","1"
"491937","Chumley & Associates","gmoore@chumleyrep.net","55 Lyerly Suite 311","7136995700","7136995886","8999","Services NEC","CHUMLEYREP.NET"," Email <---> Revenue ","152818","Chumley & Assoc","55 Lyerly St # 310","Houston","TX","77022","Harris","www.chumleyrep.com","7136995700","7136995786","Robert Chumley","Owner","Mal","12272000","13","509908","Manufacturer","4","0","1"
"517803","Cobourn Linseisen & Ratcliff","gparker@clri.com","7600 W Tidwell Rd # 400","7134622732","7134620993","871133","Engineers-Professional","www.clri.com"," Email <---> Revenue ","163868","Cobourn Linseisen & Ratcliff","7600 W Tidwell Rd # 400","Houston","TX","77040","Harris","www.clri.com","7134620993","7134622732","Jim Peyton","Sr VP","Mal","11060000","70","871133","Engineers-Pr","4","0","1"
"593593","Fun Equipment Sales","graphics@funequipment.com","4332 Tejasco","2108229361","2108224386","508711","Carnival Supplies (Wholesale)","www.funequipment.com"," Email <---> Revenue ","815146","Fun Equipment Sales","4332 Tejasco","San Antonio","TX","78218","Bexar","www.funequipment.com","2108224386","2108229361","Bill Rutledge","Owner","Mal","13840000","40","508711","Carnival Sup","4","0","1"
"598524","Hart & Price Corp","gwolever@hartprice.com","6911 Forest Park Rd","2143504143","2145219129","509908","Manufacturers-Agents & Representatives","www.hartprice.com"," Email <---> Revenue ","1250546","Hart & Price Corp","6911 Forest Park Rd","Dallas","TX","75235","Dallas","www.hartprice.com","2145219129","2143504143","Eugene Hart","Owner","Mal","11328000","12","509908","Manufacturer","4","0","1"
"290279","National-Oilwell Varco","halco@haloil.com","11300 Windfern Rd","7139398112","7139398989","353301","Oil Field Equipment-Manufacturers","www.haloil.com"," Email <---> Revenue ","498260","National-Oilwell Varco","11300 Windfern Rd","Houston","TX","77064","Harris","www.haloil.com","7139398989","7139398112","Janice Ballow","Manager","Fem","17112000","62","353301","Oil Field Eq","4","0","1"
"593934","Inner Wireless","hartfield@jetstreampr.com","1155 Kas Dr # 200","9724799625","9724799898","335702","Cable (Manufacturers)","www.innerwireless.com"," Email <---> Revenue ","1276609","Inner Wireless","1155 Kas Dr # 200","Richardson","TX","75081","Dallas","www.innerwireless.com","9724799898","9724799625","Ed Cantwell","President","Mal","16065000","45","335702","Cable (Manuf","4","0","1"
"223088","Hayes Rv Ctr","HayesD@hayesrv.com","5009 Judson Rd","9036632292","9036633488","556103","Recreational Vehicles","NULL"," Email <---> Revenue ","1252146","Hayes Rv Ctr","5009 Judson Rd","Longview","TX","75605","Gregg","www.hayesrv.com","9036633488","9036632292","David Hayes","Owner","Mal","13380000","30","556103","Recreational","4","0","1"
"591830","ETOX Gases & Welding Supls","hutchins@etox.com","3338 S Southwest Loop 323","9035345999","9035091800","516920","Oxygen (Wholesale)","www.etox.com"," Email <---> Revenue ","1170697","ETOX Gases & Welding Supls","3338 S Southwest Loop 323","Tyler","TX","75701","Smith","www.etox.com","9035091800","9035345999","John Whiting","President","Mal","14014000","14","516920","Oxygen (Whol","4","0","1"
"43461","ICS Inc","icswaco@eramp.net","7400 Imperial Dr","2547510299","2547511566","513628","Clothing-Wholesale","www.icswaco.net"," Email <---> Revenue ","1272026","ICS Inc","7400 Imperial Dr","Waco","TX","76712","Mc Lennan","www.icswaco.net","2547511566","2547510299","Jim Bogan","Owner","Mal","12582000","18","513628","Clothing-Who","4","0","1"
"234559","Lone Star Medical Products Inc","independentrep@lsmp.com","11211 Cash Rd","2813406091","2813406000","384104","Physicians & Surgeons Equip & Supls-Mfrs","www.lsmp.com"," Email <---> Revenue ","863759","Lone Star Medical Products Inc","11211 Cash Rd","Stafford","TX","77477","Fort Bend","www.lsmp.com","2813406000","2813406091","James Fowler","President","Mal","12992000","58","384104","Physicians &","4","0","1"
"590448","Cameron","info-pet@coopercameron.com","6441 Ih 37","7139462392","3612891455","508428","Oil Field Equipment (Wholesale)","www.coopercameron.com"," Email <---> Revenue ","126697","Cameron","6441 Ih 37","Corpus Christi","TX","78409","Nueces","www.coopercameron.com","3612891455","3612896251","Kevin Bailey","Manager","Mal","15232000","28","508428","Oil Field Eq","4","0","1"
"487700","Innerpac Southwest","innerpac@innerpac.com","5 Founders Blvd # A","9157710515","9157710500","254102","Partitions-Manufacturers","www.innerpac.com"," Email <---> Revenue ","353354","Innerpac Southwest","5 Founders Blvd # A","El Paso","TX","79906","El Paso","www.innerpac.com","9157710500","9157710515","Patrick Sullivan","Plant Mgr","Mal","12200000","100","254102","Partitions-M","4","0","1"
"502485","NCI Building Systems","inquiries@steelox.com","1804 Jack Mckay Blvd","2298963281","9728756586","344998","Structural Metal Work-Misc (Mfrs)","www.mbci.com"," Email <---> Revenue ","1400343","NCI Building Systems","1804 Jack Mckay Blvd","Ennis","TX","75119","Ellis","www.mbci.com","9728756586","9728751111","Jess Brooks","Manager","Mal","14150000","50","344998","Structural M","4","0","1"
"397817","Ensearch Bail Bonds","insurance@ensrch.com","905 T L Townsend Dr","9727713626","9727713200","635101","Bonds-Bail","www.ensrch.com"," Email <---> Revenue ","1183958","Ensearch Bail Bonds","905 T L Townsend Dr","Rockwall","TX","75087","Rockwall","www.ensrch.com","9727713200","9727713626","Jerry Heslin","Owner","Mal","16600000","25","635101","Bonds-Bail","4","0","1"
"439006","Galleria","jane_robertson@hines-ww.com","13355 Noel Road Suite 250","9727027109","9727027130","5999","Galleries-arts & crafts","DALLASGALLERIA.COM^^GALLERIADALLAS.COM"," Email <---> Revenue ","1220061","Galleria","13350 Dallas Pkwy","Dallas","TX","75240","Dallas","","9727027100","9727027130","","","","16350000","50","651201","Shopping Cen","4","0","1"
"596720","Transtar Metals","jbye@transtarmetals.com","2100 Design Rd # 120","3169432408","8174176661","505128","Aluminum (Wholesale)","www.transtarmetals.com"," Email <---> Revenue ","1582980","Transtar Metals","2100 Design Rd # 120","Arlington","TX","76014","Tarrant","www.transtarmetals.com","8174176661","8174176610","Barry Brice","Manager","Mal","20940000","20","505128","Aluminum (Wh","4","0","1"
"588831","Stanco Manufacturing Inc","jdodson@stancomfg.com","2004 W Main St","9037969237","9037967936","384207","Safety Equipment & Clothing-Mfrs","www.stancomfg.com"," Email <---> Revenue ","1535885","Stanco Manufacturing Inc","2004 W Main St","Atlanta","TX","75551","Cass","www.stancomfg.com","9037967936","9037969237","Edward Stanley","Owner","Mal","15680000","80","384207","Safety Equip","4","0","1"
"547903","Aircraft Interior Svc","jeffr@aisgroup.net","2100 Greenbriar Dr","8174429327","8174240893","372102","Aircraft Interior Redesigning (Mfrs)","www.aisgroup.net"," Email <---> Revenue ","995537","Aircraft Interior Svc","2100 Greenbriar Dr","Southlake","TX","76092","Tarrant","www.aisgroup.net","8174240893","8174429327","Scott Wesley","Sales Exec","Mal","10220000","28","372102","Aircraft Int","4","0","1"
"592347","Restoration Specialist","jenaleeb@restoration-spec.com","3920 Black Gold Dr","2146372205","2146372200","152114","Fire Damage Restoration","www.restoration-spec.com"," Email <---> Revenue ","1479311","Restoration Specialist","3920 Black Gold Dr","Dallas","TX","75247","Dallas","www.restoration-spec.com","2146372200","2146372205","John Scharff","President","Mal","16048000","68","152114","Fire Damage ","4","0","1"
"223491","WACO Hotel Supply Co","jenny@wacorestaurantsupply.com","308 Lake Air Dr","2547721158","2547728600","514102","Food Brokers","www.wacorestaurantsupply.com"," Email <---> Revenue ","1608093","WACO Hotel Supply Co","308 Lake Air Dr","Waco","TX","76710","Mc Lennan","www.wacorestaurantsupply.com","2547728600","2547721158","Brent Tillman","President","Mal","15918000","14","514102","Food Brokers","4","0","1"
"373581","Amarillo Thermo King Inc","jgreer@amarillothermoking.com","2100 S Eastern St","8063741865","8063765837","556104","Trailers-Equipment & Parts","www.amarillothermoking.com"," Email <---> Revenue ","41617","Amarillo Thermo King Inc","2100 S Eastern St","Amarillo","TX","79118","Potter","www.amarillothermoking.com","8063765837","8063741865","J R Flowers","Owner","Mal","12934000","29","556104","Trailers-Equ","4","0","1"
"592467","Mayday Mfg Co","jim@maydaymfg.com","1500 Interstate 35 W","9408988305","9408988301","399903","Manufacturers","www.maydaymfg.com"," Email <---> Revenue ","1370966","Mayday Mfg Co","1500 Interstate 35 W","Denton","TX","76207","Denton","www.maydaymfg.com","9408988301","9408988305","Jim Nelson","Owner","Mal","13100000","100","399903","Manufacturer","4","0","1"
"48124","Pet Expo","jim@pet-expo.com","11600 Manchaca Rd #101","5122924738","5122927957","075210","Animal services","GUINEAPIGSUPPLIES.COM;RABBITSUPPLIES.COM"," Email <---> Revenue ","535527","Pet Expo Online","11600 Manchaca Rd # 101","Austin","TX","78748","Travis","www.futurepets.com","5122924738","5122924359","Jim Swedres","Manager","Mal","11488000","16","519932","Pet Supplies","4","0","1"
"584200","C & J Systems Inc","jmill@sofnet.com","11252 Goodnight Ln # 100","9722472848","9722472808","506308","Fire Alarm Systems (Wholesale)","www.cjsystems.com"," Email <---> Revenue ","1070968","C & J Systems Inc","11252 Goodnight Ln # 100","Dallas","TX","75229","Dallas","www.cjsystems.com","9722472808","9722472848","Wayne Luzius","Owner","Mal","16450000","25","506308","Fire Alarm S","4","0","1"
"83590","Nationwide Crating","jneis@nwcrating.com","2800 E Plano Pkwy","9725098047","9725094556","508438","Packaging Machinery-Wholesale","www.nwcrating.com"," Email <---> Revenue ","1403612","Nationwide Crating","2800 E Plano Pkwy","Plano","TX","75074","Collin","www.nwcrating.com","9725094556","9725098047","Brad Cox","Manager","Mal","10880000","20","508438","Packaging Ma","4","0","1"
"572671","Matrix Service Co","jnewmeister@matrixservice.com","7021 Gregdale Rd","9183796350","2814588781","508807","Tanks (Wholesale)","www.matrixservice.com"," Email <---> Revenue ","461499","Matrix Service Co","7021 Gregdale Rd","Houston","TX","77049","Harris","www.matrixservice.com","2814588781","2814581055","Mark Lehr","Manager","Mal","20385000","27","508807","Tanks (Whole","4","0","1"
"498679","Bayou City Fish","joe.steve@bayoucityfish.com","213 E Hamilton St","7136944484","7136919300","514601","Seafood-Wholesale","www.bayoucityfish.com"," Email <---> Revenue ","82196","Bayou City Fish","213 E Hamilton St","Houston","TX","77076","Harris","www.bayoucityfish.com","7136919300","7136944484","Douglas Lam","Owner","Mal","10000000","30","514601","Seafood-Whol","4","0","1"
"540846","Braswell & Assoc","john@brasrep.com","3243 Garden Brook Dr","9727136424","9727137465","509908","Manufacturers-Agents & Representatives","www.brasrep.com"," Email <---> Revenue ","1059677","Braswell & Assoc","3243 Garden Brook Dr","Dallas","TX","75234","Dallas","www.brasrep.com","9727137465","9727136424","Jim Braswell","Owner","Mal","13216000","14","509908","Manufacturer","4","0","1"
"19671","KERA Unlimited","johnson@whitmill.net","3000 Harry Hines Blvd","2147540635","2148711390","483301","Television Stations & Broadcasting CO","www.kera.org"," Email <---> Revenue ","1311099","KERA Unlimited","3000 Harry Hines Blvd","Dallas","TX","75201","Dallas","www.kera.org","2148711390","2147540635","Gary Ferrell","President","Mal","12200000","100","483301","Television S","4","0","1"
"497926","Interchem Inc","josel@interkem.com","3803 Mankins Ave","4325509967","4325507027","516916","Chemicals (Wholesale)","www.interkem.com"," Email <---> Revenue ","355407","Interchem Inc","3803 Mankins Ave","Odessa","TX","79764","Ector","www.interkem.com","4325507027","4325509967","Curtis Baze","Owner","Mal","21021000","21","516916","Chemicals (W","4","0","1"
"313826","Shelton Oil Gas","jparker@exceedonline.net","118 North Broadway","9158353031","null","131103","Oil Companies","sheltonoil-tx.com"," Email <---> Revenue ","1514896","Shelton Oil & Gas Co Inc","118 Broadway St","Mertzon","TX","76941","Irion","","9158353031","9158352231","Burney Shelton","VP","Mal","18000000","104","541103","Convenience ","4","0","1"
"493823","Champion Rentals Corp Office","jramey@champrentals.com","6903 N Shepherd Dr","7136942171","7136940133","508206","Contractors-Equip/Supls-Dlrs/Svc (Whol)","www.championrentalsandsales.com"," Email <---> Revenue ","143544","Champion Rentals Corp Office","6903 N Shepherd Dr","Houston","TX","77091","Harris","www.championrentalsandsales.com","7136940133","7136942171","James Horsley","Owner","Mal","17982000","27","508206","Contractors-","4","0","1"
"495915","Rice-Christ Inc","jrm@rice-christ.com","1504 109th St","9726606040","9726606040","517202","Service Station Equipment (Wholesale)","www.rice-christ.com"," Email <---> Revenue ","1480817","Rice-Christ Inc","1504 109th St","Grand Prairie","TX","75050","Dallas","www.rice-christ.com","9726606040","","Sam Da Mommio","Owner","Mal","16770000","5","517202","Service Stat","4","0","1"
"322535","Sunbelt Vacuum Svc","judy@sunbeltvacuumservice.com","2103 N Interstate 45","9724493830","9724493830","508444","Pumps (Wholesale)","www.sunbeltvacuumservice.com"," Email <---> Revenue ","1547756","Sunbelt Vacuum Svc","2103 N Interstate 45","Palmer","TX","75152","Ellis","www.sunbeltvacuumservice.com","9724493830","","Judy Armor","Owner","Fem","10336000","19","508444","Pumps (Whole","4","0","1"
"567347","Randall Noe Used Cars","kelly.robinson@randallnoe.com","104 State Highway 205","9725245882","9725245488","551103","Automobile Dealers-Used Cars","www.randallnoe.com"," Email <---> Revenue ","1469967","Randall Noe Used Cars","104 State Highway 205","Terrell","TX","75160","Kaufman","www.randallnoe.com","9725245488","9725245882","Mayo Mcclellan","Manager","Mal","21998000","34","551103","Automobile D","4","1","1"
"594144","Foreign Trade Export Packing","kelly@ftep.com","1350 Lathrop St","7136716499","7136728211","473104","Freight-Forwarding","www.ftep.com"," Email <---> Revenue ","271114","Foreign Trade Export Packing","1350 Lathrop St","Houston","TX","77020","Harris","www.ftep.com","7136728211","7136716499","Eric Hatz","President","Mal","11175000","75","473104","Freight-Forw","4","0","1"
"124194","Texas Shredder Parts","kellyh@metsotexasshredder.com","11451 Jones Maltsberger Rd","2104910735","2104919521","508439","Paper Shredding Machines (Wholesale)","www.texasshredder.com"," Email <---> Revenue ","948139","Texas Shredder Parts","11451 Jones Maltsberger Rd","San Antonio","TX","78216","Bexar","www.texasshredder.com","2104919521","2104910735","Steve Mc Glothlin","Owner","Mal","16320000","30","508439","Paper Shredd","4","0","1"
"448039","All-Pump & Equipment Co","ken@allpump.com","5811 Kansas St","7138681375","7138681434","508444","Pumps (Wholesale)","www.allpump.com"," Email <---> Revenue ","35398","All-Pump & Equipment Co","5811 Kansas St","Houston","TX","77007","Harris","www.allpump.com","7138681434","7138681375","Ken Vollbrecht","Owner","Mal","10880000","20","508444","Pumps (Whole","4","0","1"
"589044","Kauz-TV","kkelley@kauz.com","3601 Seymour Hwy # 1","9407613331","9403221146","483301","Television Stations & Broadcasting CO","www.kauz.com"," Email <---> Revenue ","1314214","Kauz-TV","3601 Seymour Hwy # 1","Wichita Falls","TX","76309","Wichita","www.kauz.com","9403221146","9407613331","Kyle Williams","Manager","Mal","14220000","45","483301","Television S","4","0","1"
"502093","WOAI (NBC-4)","kmol@kmol.com","1031 Navarro St","2102264444","2104761016","483301","Television Stations & Broadcasting Co","www.woai.com"," Email <---> Revenue ","962550","WOAI","1031 Navarro St","San Antonio","TX","78205","Bexar","www.woai.com","2102264444","2102249898","Don Perry","Manager","Mal","18900000","150","731305","Advertising-","4","0","1"
"13902","Amsco Steel Co","kouichirou@eto.com","3430 Mccart Ave","4809941133","8179263355","344106","Steel-Structural (Manufacturers)","www.a-pal.net"," Email <---> Revenue ","1010242","Amsco Steel Co","3430 Mccart Ave","Fort Worth","TX","76110","Tarrant","www.amscosteel.com","8179263355","8179232860","Howard Pena","Finance Exec","Mal","21900000","100","344106","Steel-Struct","4","0","1"
"313833","Emerson Construction Co Inc","kwoodward@emerson-construction.com","4502 Twin City Blvd","2549392094","2549391863","874104","Construction Management","www.emerson-construction.com"," Email <---> Revenue ","1182066","Emerson Construction Co Inc","4502 Twin City Blvd","Temple","TX","76502","Bell","www.emerson-construction.com","2549391863","2549392094","Barbara Emerson","President","Fem","18900000","150","874104","Construction","4","0","1"
"183823","Cessna Aircraft Company","lareyna@cessna.textron.com","One Cessna Drive","2103576120","2103576121","372498","AIRCRAFT ENGINES & PARTS","CESSNAGREENSBORO.COM;CESSNALONGBEACH.COM;CESSNAMILWAUKEE.COM;CESSNANEWYORK.COM;CESSNAORLANDO.COM;CES"," Email <---> Revenue ","772390","Cessna Citation Aircraft Co","1 Cessna Dr","San Antonio","TX","78216","Bexar","","2103576120","2103576121","Stan Younger","Manager","Mal","17170000","170","458104","Aircraft Ser","4","0","1"
"340496","Lasiter & Lasiter Plumbing","lasiter@hawkpci.net","6307 Midway Rd","8178313268","8178314245","171105","Plumbing Contractors","www.lasiter.com"," Email <---> Revenue ","1334398","Lasiter & Lasiter Plumbing","6307 Midway Rd","Haltom City","TX","76117","Tarrant","www.lasiter.com","8178314245","8178313268","David Lasiter","President","Mal","18980000","130","171105","Plumbing Con","4","0","1"
"483817","Centralized Showing Systems","licensing@gohome.net","1901 Central Dr # 401","8178580282","8178580055","653117","Real Estate Consultants","www.ntxhome.net"," Email <---> Revenue ","1090044","Centralized Showing Systems","1901 Central Dr # 401","Bedford","TX","76021","Tarrant","www.ntxhome.net","8178580055","8178580282","Bob Faherty","Owner","Mal","14338000","107","653117","Real Estate ","4","0","1"
"371978","Swirl-Way Plumbing Group","literature@mansfieldplumbing.com","1505 Industrial Dr","9036573450","9036571436","308801","Shower Doors & Enclosures-Manufacturers","www.mansfieldplumbing.com"," Email <---> Revenue ","1551743","Swirl-Way Plumbing Group","1505 Industrial Dr","Henderson","TX","75652","Rusk","www.mansfieldplumbing.com","9036571436","9036573450","Marshall Lewis","Plant Mgr","Mal","15288000","104","308801","Shower Doors","4","0","1"
"470590","Texas Heat Treating Inc","llance@texasheattreating.com","155 Texas Ave","5122558464","5122555884","339801","Heat Treating Metal (Manufacturers)","www.texasheattreating.com"," Email <---> Revenue ","947340","Texas Heat Treating Inc","155 Texas Ave","Round Rock","TX","78664","Williamson","www.texasheattreating.com","5122555884","5122558464","C H Crosley Jr","President","Mal","10000000","50","339801","Heat Treatin","4","0","1"
"566446","Mc Daniel Metals","lorraine@mcdanielmetals.com","1318 Buschong St","2819879494","2819878400","344403","Sheet Metal Fabricators","www.mcdanielmetals.com"," Email <---> Revenue ","464196","Mc Daniel Metals","1318 Buschong St","Houston","TX","77039","Harris","www.mcdanielmetals.com","2819878400","2819879494","Bill Mcdaniel","Owner","Mal","16000000","100","344403","Sheet Metal ","4","0","1"
"521642","Goetting & Assoc Inc","louis.rowe@goetting.com","12042 Blanco Rd # 200","2103771575","2105307000","871125","Engineers-Mechanical","www.goetting.com"," Email <---> Revenue ","820695","Goetting & Assoc Inc","12042 Blanco Rd # 200","San Antonio","TX","78216","Bexar","www.goetting.com","2105307000","2103771575","Louis Rowe","President","Mal","12640000","80","871125","Engineers-Me","4","0","1"
"552500","MetroCare Home Medical Equipment; Inc","lrjkelly@metrocare.com","2005 108th St Ste 503","9726060222","9726470040","384104","Mfg Surgical/medical Instruments Whol Homefurnishings","METROCARE.COM"," Email <---> Revenue ","1380927","Metrocare Home Medical Equip","1340 Post N Paddock St # 300","Grand Prairie","TX","75050","Dallas","www.metrocare.com","9726060222","9726470040","L Kelly","Owner","Mal","17940000","30","504704","Physicians &","4","0","1"
"276157","Jasper County Hospital","lselby@jchh.com","5953 Fairmont Pkwy","2814878537","2814879333","808201","Home Health Service","NULL"," Email <---> Revenue ","824388","Gulf Coast Educators Fed CU","5953 Fairmont Pkwy","Pasadena","TX","77505","Harris","www.gcefcu.org","2814878537","2814878537","Dan Zerbanka","CEO","Mal","13980000","60","606102","Federally Ch","4","0","1"
"505878","Lutz Woodworks Inc","lutzww@lutzww.com","700 Parker Rd","9724421612","9724295521","503113","Cabinets-Wholesale","www.lutzwoodworks.com"," Email <---> Revenue ","1353778","Lutz Woodworks Inc","700 Parker Rd","Wylie","TX","75098","Collin","www.lutzwoodworks.com","9724295521","9724421612","Betty Lutz","Owner","Fem","14120000","20","503113","Cabinets-Who","4","0","1"
"370575","Laredo Quality","l_sanchez@laredoquality.com","502 Nafta Blvd","9567278214","9567229116","386103","Photographic Equipment-Manufacturers","www.laredoquality.com"," Email <---> Revenue ","417967","Laredo Quality","502 Nafta Blvd","Laredo","TX","78045","Webb","www.laredoquality.com","9567229116","9567278214","Guillermo Chapa","President","Mal","10925000","25","386103","Photographic","4","0","1"
"513174","Systronix Inc","maiser@mail.murkworks.com","12502 Exchange Dr","2812400515","2812400515","353301","Oil Field Equipment-Manufacturers","www.systronix.com"," Email <---> Revenue ","942219","Systronix Inc","12502 Exchange Dr","Stafford","TX","77477","Fort Bend","www.systronix.com","2812400515","","Gary Kerbow","Owner","Mal","13800000","50","353301","Oil Field Eq","4","0","1"
"177467","Copynet Office Systems Inc","martin@copierfax.com","1301 K Ave","9724220643","9728812679","506528","Facsimile Communication Equipment (Whol)","www.copierfax.com"," Email <---> Revenue ","1120171","Copynet Office Systems Inc","1301 K Ave","Plano","TX","75074","Collin","www.copierfax.com","9728812679","9724220643","Matt Jackson","President","Mal","20200000","20","506528","Facsimile Co","4","0","1"
"192636","Marton Roofing Inc","martonroofing@mritexas.com","5207 Ashbrook Dr","7136640100","7136647000","176109","Roofing Contractors","www.mritexas.com"," Email <---> Revenue ","458521","Marton Roofing Inc","5207 Ashbrook Dr","Houston","TX","77081","Harris","www.mritexas.com","7136647000","7136640100","Keith Marton","Owner","Mal","18600000","150","176109","Roofing Cont","4","0","1"
"204607","CURTAIN Wall Design & Cnsltng","mdavenport@cdc-usa.com","7502 Greenville Ave # 800","9724374562","9724374200","871133","Engineers-Professional","www.cdc-usa.com"," Email <---> Revenue ","1075092","CURTAIN Wall Design & Cnsltng","7502 Greenville Ave # 800","Dallas","TX","75231","Dallas","www.cdc-usa.com","9724374200","9724374562","Charles Clift","Owner","Mal","17380000","110","871133","Engineers-Pr","4","0","1"
"468610","Bowles Construction Co","mel@bowles-const.com","1634 Eastside Dr","9407663564","9407663518","162308","Utility Contractors","www.bowles-const.com"," Email <---> Revenue ","1057771","Bowles Construction Co","1634 Eastside Dr","Wichita Falls","TX","76301","Wichita","www.bowles-const.com","9407663518","9407663564","R E Bowles","Owner","Mal","10855000","65","162308","Utility Cont","4","0","1"
"552122","Rawson LP","mikel@rawson.com","1807 N Lee Ave","4323370619","4323376668","508513","Valves-Wholesale","www.rawson.com"," Email <---> Revenue ","565982","Rawson LP","1807 N Lee Ave","Odessa","TX","79761","Ector","www.rawson.com","4323376668","4323370619","Jeff Wesson","Manager","Mal","13300000","8","508513","Valves-Whole","4","0","1"
"600725","Continental Manufacturing Co","mixersales@cbmwmixers.com","9797 Galveston Rd","7139478925","7139472600","353111","Concrete Mixers-Manufacturers","www.cbmwmixers.com"," Email <---> Revenue ","173594","Continental Manufacturing Co","9797 Galveston Rd","Houston","TX","77034","Harris","www.cbmwmixers.com","7139472600","7139478925","Tom Mc Kernan","VP","Mal","12000000","150","353111","Concrete Mix","4","0","1"
"113980","All-Phase Electric Supply","mkotz@all-phasegroves.com","5300 W Parkway Street","4099629698","4099620083","173101","Electric Contractors","null"," Email <---> Revenue ","35384","All-Phase Electric Supply Co","5300 W Parkway St","Groves","TX","77619","Jefferson","","4099629698","4099620083","Thad Hill","Manager","Mal","13160000","20","506330","Electric Equ","4","0","1"
"500370","United Central Control","mmatlock@teamucc.com","13750 N Us Highway 281","2104915353","2104915300","506324","Burglar Alarm Systems (Wholesale)","www.unitedcentralcontrol.com"," Email <---> Revenue ","957305","United Central Control","13750 N Us Highway 281","San Antonio","TX","78232","Bexar","www.unitedcentralcontrol.com","2104915300","2104915353","David Palacios","Manager","Mal","18424000","28","506324","Burglar Alar","4","0","1"
"379296","Monahans Electric","monelect@netwest.com","3000 S Stockton Avenue","4329433246","4329439581","173101","Electric Contractors","null"," Email <---> Revenue ","484698","Monahans Electric Inc","3000 S Stockton Ave","Monahans","TX","79756","Ward","","4329433246","4329439581","Bruce Treadway","Owner","Mal","13160000","20","506333","Electric Mot","4","0","1"
"447987","Johnson Controls Inc","monica.j.levy@jci.com","4080 Washington Blvd","8136352276","4098423941","506328","Controls Control Systs/Regulators (Whol)","www.johnsoncontrols.com"," Email <---> Revenue ","383088","Johnson Controls Inc","4080 Washington Blvd","Beaumont","TX","77705","Jefferson","www.johnsoncontrols.com","4098423941","4098425845","Teri Petitt","Manager","Fem","15792000","24","506328","Controls Con","4","0","1"
"170408","Rudman Partnership","mrudman@rudmangroup.com","1700 Pacific Ave # 4700","5638644260","563-864-7321","3081","Unsupported Plastics Film and Sheet","NULL"," Email <---> Revenue ","1494514","Rudman Partnership","1700 Pacific Ave # 4700","Dallas","TX","75201","Dallas","","2142203900","2142203901","M B Rudman","Owner","Mal","19266000","19","131101","Oil & Gas Pr","4","0","1"
"443488","NBC Graphics","nbc@nbcgraphics.com","360 Graham Rd","9796900444","9796900598","594201","Book Dealers-Retail","www.nbcgraphics.com"," Email <---> Revenue ","494970","NBC Graphics","360 Graham Rd","College Station","TX","77845","Brazos","www.nbcgraphics.com","9796900598","9796900444","Charlie Gilbert","Manager","Mal","15200000","12","594201","Book Dealers","4","0","1"
"570359","Jot'Em Down Store","nboyd@jotemdown.com","613 Us Highway 80 E","9722266204","9722260974","509905","Importers","www.jot-emdown.com"," Email <---> Revenue ","1306303","Jot'Em Down Store","613 Us Highway 80 E","Mesquite","TX","75150","Dallas","www.jot-emdown.com","9722260974","9722266204","Larry Boyd","Owner","Mal","14160000","15","509905","Importers","4","0","1"
"176315","D & H Pump Svc Inc","nflores@dhpump.com","1221 Tower Trail Ln","9158584263","9158598150","517202","Service Station Equipment (Wholesale)","www.dhpump.com"," Email <---> Revenue ","190156","D & H Pump Svc Inc","1221 Tower Trail Ln","El Paso","TX","79907","El Paso","www.dhpump.com","9158598150","9158584263","Calvin Bishop","Owner","Mal","12900000","80","517202","Service Stat","4","0","1"
"500051","Professional Tape","nocustomer.servicespam@pro-tape.com","4120 Commercial Center Dr #500","5124434479","5124433911","504301","Audio-Visual Equipment & Supls (Whol)","www.pro-tape.com"," Email <---> Revenue ","551739","Professional Tape","4120 Commercial Center Dr #500","Austin","TX","78744","Travis","www.pro-tape.com","5124433911","5124434479","Craig Berlin","Owner","Mal","18468000","18","504301","Audio-Visual","4","0","1"
"590491","Farmers Branch Public Works","norma.nichols@farmersbranch.info","13000 William Dodson Pkwy","9722416305","9729192597","161104","Parking Area/Lots Maintenance & Marking","www.farmersbranch.info"," Email <---> Revenue ","1195943","Farmers Branch Public Works","13000 William Dodson Pkwy","Farmers Branch","TX","75234","Dallas","www.farmersbranch.info","9729192597","9722416305","Mark Pavageaux","Manager","Mal","23500000","100","161104","Parking Area","4","0","1"
"271859","Donald Paddack Fertilizer","Paddack.Donald@dpfert.com","PO Box 416","9404823500","9404823757","519114","Fertilizers (Wholesale)","NULL"," Email <---> Revenue ","1161478","Donald Paddack Fertilizer","7732 Hawkeye Rd","Krum","TX","76249","Denton","www.dpfert.com","9404823757","9404823500","Donald Paddack","Owner","Mal","13300000","20","519114","Fertilizers ","4","0","1"
"574154","Aiv Inc","palmab@aivinc.com","10633 W Little York Rd","7134624187","7134614181","508513","Valves-Wholesale","www.aivinc.com"," Email <---> Revenue ","29358","Aiv Inc","10633 W Little York Rd","Houston","TX","77041","Harris","www.aivinc.com","7134614181","7134624187","Ray Cook","Owner","Mal","19950000","35","508513","Valves-Whole","4","0","1"
"416011","Heritage Bag Co","peter.klaich@heritage-bag.com","1648 Diplomat Dr","5704772187","9722415525","267301","Bags-Plastic (Manufacturers)","www.heritage-bag.com"," Email <---> Revenue ","1256595","Heritage Bag Co","1648 Diplomat Dr","Carrollton","TX","75006","Dallas","www.heritage-bag.com","9722415525","9722415542","Carl Allen","CEO","Mal","18560000","80","267301","Bags-Plastic","4","0","1"
"594274","United Electric Magic Aire Div","philm@rpmmt.com","501 Galveston St","9403972166","9403972100","358598","Air Conditioning/Htg/Refrig Equip (Mfrs)","www.magicaire.com"," Email <---> Revenue ","1596193","United Electric Magic Aire Div","501 Galveston St","Wichita Falls","TX","76301","Wichita","www.magicaire.com","9403972100","9403972166","Diane Huffines","Manager","Fem","16000000","249","358598","Air Conditio","4","0","1"
"498174","Sterling Medical","physicianrecruiter@sterlingmedcorp.com","501 W Elms Rd","5132819888","2545264800","874203","Personnel Consultants","www.sterlingmedcorp.com"," Email <---> Revenue ","1540297","Sterling Medical","501 W Elms Rd","Killeen","TX","76542","Bell","www.sterlingmedcorp.com","2545264800","2545268411","Linda Throne","Manager","Fem","22100000","130","874203","Personnel Co","4","0","1"
"515650","Dien Inc","randy@dieninc.com","8939 Premier Row","2149051534","2146343436","516916","Chemicals (Wholesale)","www.dieninc.com"," Email <---> Revenue ","1155344","Dien Inc","8939 Premier Row","Dallas","TX","75247","Dallas","www.dieninc.com","2146343436","2149051534","Dien Stout","Owner","Fem","10010000","10","516916","Chemicals (W","4","0","1"
"426036","El Paso Aero & Avionics Assoc","rdc@elpasoaero.com","6825 Convair Rd","9157751202","9157793481","508817","Aircraft Avionics-Sales & Service (Whol)","www.elpasoaero.com"," Email <---> Revenue ","235703","El Paso Aero & Avionics Assoc","6825 Convair Rd","El Paso","TX","79925","El Paso","www.elpasoaero.com","9157793481","9157751202","Dick Chenausky","Owner","Mal","11325000","15","508817","Aircraft Avi","4","0","1"
"416001","Value Communication Products","requests@valuecomm.net","6800 Commerce Ave # F","9157717712","9157717711","505102","Wire (Wholesale)","www.e-vcp.com"," Email <---> Revenue ","695464","Value Communication Products","6800 Commerce Ave # F","El Paso","TX","79915","El Paso","www.e-vcp.com","9157717711","9157717712","Andrew Epstein","President","Mal","10470000","10","505102","Wire (Wholes","4","0","1"
"361711","Sound Image Audio Video Design","riche@texmix.net","3330 Earhart Dr # 104","9728584434","9725034434","506509","Stereophonic/High Fidelity Parts (Whol)","www.soundimage.net"," Email <---> Revenue ","1526736","Sound Image Audio Video Design","3330 Earhart Dr # 104","Carrollton","TX","75006","Dallas","www.soundimage.net","9725034434","9728584434","Anthony R Militello","Owner","Mal","11110000","11","506509","Stereophonic","4","0","1"
"36157","BFI Recycling","Rick.Carpenter@alliedwaste.com","4712 Bolm Rd","5123891301","512-385-7600","7389","Business Services","NEC (radio transcription services)"," Email <---> Revenue ","72929","BFI Recycling","4712 Bolm Rd","Austin","TX","78702","Travis","","5123857600","5123891301","","","","15365000","35","509312","Recycling Ce","4","0","1"
"581549","Unique Molded Products","RKing@Umptx.Com","615 Elca Ln # B","9565412985","956-982-1500","3544","Special Dies and Tools","Die Sets"," Email <---> Revenue ","689602","Unique Molded Products","615 Elca Ln # B","Brownsville","TX","78521","Cameron","","9569821500","9565412985","Robert Redfern","Manager","Mal","16400000","100","308901","Plastics-Mol","4","0","1"
"548438","KEDT","rlarkin@comppain.net","4455 S Padre Island Dr # 38","3618553877","3618552213","483301","Television Stations & Broadcasting CO","www.kedt.org"," Email <---> Revenue ","391467","KEDT","4455 S Padre Island Dr # 38","Corpus Christi","TX","78411","Nueces","www.kedt.org","3618552213","3618553877","Don Dunlap","President","Mal","11376000","36","483301","Television S","4","0","1"
"593531","Fun Time RV","robert@funtimerv.com","2200 E Highway 67","8175172217","8175172200","556103","Recreational Vehicles","www.funtimerv.com"," Email <---> Revenue ","1216422","Fun Time RV","2200 E Highway 67","Cleburne","TX","76031","Johnson","www.funtimerv.com","8175172200","8175172217","Sam Kidd","Owner","Mal","19000000","60","556103","Recreational","4","0","1"
"144272","High Tech Tool Inc","robert@hightechtool.com","7803 South Loop E","7136416664","7136412303","354107","Machine Tools-Manufacturers","www.hightechtool.com"," Email <---> Revenue ","329372","High Tech Tool Inc","7803 South Loop E","Houston","TX","77012","Harris","www.hightechtool.com","7136412303","7136416664","Don A Poe","Owner","Mal","12870000","55","354107","Machine Tool","4","0","1"
"545542","Electric Motor Rewind Inc","rosie@emrcc.com","102 S Navigation Blvd","3618840387","3618843185","506333","Electric Motors-Dlrs/Repairing (Whol)","www.emrcc.com"," Email <---> Revenue ","237878","Electric Motor Rewind Inc","102 S Navigation Blvd","Corpus Christi","TX","78405","Nueces","www.emrcc.com","3618843185","3618840387","Raymond Lopez","Owner","Mal","16450000","25","506333","Electric Mot","4","0","1"
"266279","Russell Transport Inc","rsee1@russelltransport.com","155 N San Marcial St","9155421499","9155421495","421304","Trucking","www.russelltransport.com"," Email <---> Revenue ","589982","Russell Transport Inc","155 N San Marcial St","El Paso","TX","79905","El Paso","www.russelltransport.com","9155421495","9155421499","Pat Russell","Owner","Mal","10570000","70","421304","Trucking","4","0","1"
"600089","Life Time Fitness","runningclub@lifetimefitness.com","7100 Preston Rd","6144286001","2142270700","729906","Exercise & Physical Fitness Programs","www.lifetimefitness.com"," Email <---> Revenue ","1341823","Life Time Fitness","7100 Preston Rd","Plano","TX","75024","Collin","www.lifetimefitness.com","2142270700","2142270701","Bob Thomas","Manager","Mal","11550000","210","729906","Exercise & P","4","0","1"
"558089","Ruben''s Truck Brokerage","rv@bigruben.com","700 W Ferguson St","9567816700","9567816700","501208","Automobile & Truck Brokers","www.bigruben.com"," Email <---> Revenue ","588893","Ruben's Truck Brokerage","700 W Ferguson St","Pharr","TX","78577","Hidalgo","www.bigruben.com","9567816700","","Ruben Villarreal","Owner","Mal","14800000","4","501208","Automobile &","4","0","1"
"388431","Texas Harley-Davidson","salesadmin@texasharley.com","1839 Airport Fwy","8172831650","8172672646","557106","Motorcycles & Motor Scooters-Dealers","www.texasharley.com"," Email <---> Revenue ","1566771","Texas Harley-Davidson","1839 Airport Fwy","Bedford","TX","76021","Tarrant","www.texasharley.com","8172672646","8172831650","Keith Morrison","Manager","Mal","10923000","33","557106","Motorcycles ","4","0","1"
"310679","Advanced Support Products Inc","salesdesk@aspbase.com","24227 Fm 2978 Rd","2813570577","2813571277","505107","Pipe-Wholesale","www.aspbase.com"," Email <---> Revenue ","736740","Advanced Support Products Inc","24227 Fm 2978 Rd","Tomball","TX","77375","Harris","www.aspbase.com","2813571277","2813570577","Ron Mccracken","Owner","Mal","18846000","18","505107","Pipe-Wholesa","4","0","1"
"394282","Carrera Communications","save@callcarrera.com","211 Brooklyn Ave # A","2108248387","2102774270","481304","Telephone Companies","www.callcarrera.com"," Email <---> Revenue ","769769","Carrera Communications","211 Brooklyn Ave # A","San Antonio","TX","78215","Bexar","www.callcarrera.com","2102774270","2108248387","Joann Bennett","Owner","Fem","13986000","42","481304","Telephone Co","4","0","1"
"358334","Cisco Ford Equipment","Scott.Sibert@ciscoford.com","520 SE Loop 338","4323679335","4325509181","508310","Farm Equipment (Wholesale)","NULL"," Email <---> Revenue ","156381","Cisco Ford Equipment","520 SE Loop 338","Odessa","TX","79762","Ector","www.ciscoford.com","4325509181","4323679335","Scott Sibert","Owner","Mal","14940000","30","508310","Farm Equipme","4","0","1"
"440897","Aldon Marble","sentry103@tylermail.com","Highway 349 Fm 2011","9036433410","9036432495","503201","Marble-Cultured (Wholesale)","www.aldonmarble.com"," Email <---> Revenue ","997837","Aldon Marble","Highway 349 Fm 2011","Longview","TX","75603","Gregg","www.aldonmarble.com","9036432495","9036433410","J R Murray","President","Mal","16800000","35","503201","Marble-Cultu","4","0","1"
"585682","Time Med Labeling Systems","sharidause@timemed.com","2808 Mcgowan St","2149425046","2149434688","508474","Labeling Equipment (Wholesale)","www.timemed.com"," Email <---> Revenue ","1575028","Time Med Labeling Systems","2808 Mcgowan St","Dallas","TX","75203","Dallas","www.timemed.com","2149434688","2149425046","Dave Luther","Plant Mgr","Mal","10880000","20","508474","Labeling Equ","4","0","1"
"206724","Test Technology","Sharon@qualitylogic.com","117 Hillside Dr","9722218057","9722216602","506341","Electronic Testing Equipment (Wholesale)","NULL"," Email <---> Revenue ","1563686","Test Technology","117 Hillside Dr","Lewisville","TX","75057","Denton","","9722216602","9722218057","Sharon Kellner","CEO","Fem","21714000","33","506341","Electronic T","4","0","1"
"197597","Roddis Lumber & Veneer Co","shfriedrichsen@roddislumber.com","727 N Cherry St","2102261591","2102261426","503109","Lumber-Wholesale","www.roddislumber.com"," Email <---> Revenue ","914718","Roddis Lumber & Veneer Co","727 N Cherry St","San Antonio","TX","78202","Bexar","www.roddislumber.com","2102261426","2102261591","Tom Weaver","President","Mal","14120000","20","503109","Lumber-Whole","4","0","1"
"585703","South Texas Implement Co","simpsong@stictx.com","4241 Highway 359 E","3616643071","3616647338","508304","Tractor-Dealers (Wholesale)","www.stictx.com"," Email <---> Revenue ","622307","South Texas Implement Co","4241 Highway 359 E","Alice","TX","78332","Jim Wells","www.stictx.com","3616647338","3616643071","Ronnie Setliff","Owner","Mal","14940000","30","508304","Tractor-Deal","4","0","1"
"600544","Avocent Corp","sp-serverlist@avocent.com","3101 Bee Caves Rd # 260","5123282701","5123280009","357101","Computers-Electronic-Manufacturers","www.avocent.com"," Email <---> Revenue ","68865","Avocent Corp","3101 Bee Caves Rd # 260","Austin","TX","78746","Travis","www.avocent.com","5123280009","5123282701","Dave Perry","VP","Mal","11232000","13","357101","Computers-El","4","0","1"
"437861","Messina Hof Wine Cellar","stecher@messinahof.com","4545 Old Reliance Rd","9797781729","9797789463","208401","Wineries","www.messinahof.com"," Email <---> Revenue ","473258","Messina Hof Wine Cellar","4545 Old Reliance Rd","Bryan","TX","77808","Brazos","www.messinahof.com","9797789463","9797781729","Paul Bonarrigo","Owner","Mal","11100000","25","208401","Wineries","4","0","1"
"402689","Cargill Associates","SteveC@cargillassociates.com","4701 Altamesa Blvd # 2","8172929631","8172929374","839907","Fund Raising Counselors & Organizations","NULL"," Email <---> Revenue ","1080969","Cargill Associates","4701 Altamesa Blvd # 2","Fort Worth","TX","76133","Tarrant","www.cargillassociates.com","8172929374","8172929631","Steve Cargill","CEO","Mal","12900000","60","839907","Fund Raising","4","0","1"
"545778","CRC-Evans Automatic Welding","submissions@custom-sites.net","11601 N Houston Rosslyn Rd","2819998724","2819998920","349803","Pipe Bending & Fabricating","www.crc-evans.com"," Email <---> Revenue ","123085","CRC-Evans Automatic Welding","11601 N Houston Rosslyn Rd","Houston","TX","77086","Harris","www.crc-evans.com","2819998920","2819998724","Michael Doherty","Manager","Mal","12530000","70","349803","Pipe Bending","4","0","1"
"543628","Market Basket","TBruce@marketbasket.com","PO Box 697","4092964189","4092962191","541105","Grocers-Retail","NULL"," Email <---> Revenue ","870215","Market Basket","1328 Highway 124","Winnie","TX","77665","Chambers","","4092962191","4092964189","Bruce Thompson","President","Mal","11466000","63","541105","Grocers-Reta","4","0","1"
"208648","Columbus Industries Texas","tbuckman@columbusindustries.com","32 Spur Dr # A","9158432306","9158432272","553102","Filters-Air & Gas","www.columbusindustries.com"," Email <---> Revenue ","166640","Columbus Industries Texas","32 Spur Dr # A","El Paso","TX","79906","El Paso","www.columbusindustries.com","9158432272","9158432306","Jeff Pontius","Owner","Mal","19760000","130","553102","Filters-Air ","4","0","1"
"209368","Tiseo Paving Co","tchilders@tiseopaving.com","419 Us Highway 80 E","9722165637","9722169165","177105","Concrete Contractors","www.tiseopaving.com"," Email <---> Revenue ","1575991","Tiseo Paving Co","419 Us Highway 80 E","Mesquite","TX","75150","Dallas","www.tiseopaving.com","9722169165","9722165637","Arthur Tiseo","Owner","Mal","14700000","75","177105","Concrete Con","4","0","1"
"540416","Bentwood Kitchens","thenson@bentwoodkitchens.com","2007 N Lancaster Hutchins Rd","9722275267","9722276855","243401","Cabinets-Manufacturers","www.bentwoodkitchens.com"," Email <---> Revenue ","756080","Bentwood Kitchens","2007 N Lancaster Hutchins Rd","Lancaster","TX","75134","Dallas","www.bentwoodkitchens.com","9722276855","9722275267","Randy Pittard","Owner","Mal","16482000","134","243401","Cabinets-Man","4","0","1"
"7484","Luwa LEPCO","tim.whitner@luwalepco.com","1750 Stebbins Dr","7134641148","7134611131","3841","Surgical and Medical Instruments and Apparatus (tranquilizer guns)","NULL"," Email <---> Revenue ","442418","Luwa Lepco","1750 Stebbins Dr","Houston","TX","77043","Harris","www.luwalepco.com","7134611131","7134641148","Tom Patton","VP","Mal","15000000","50","721805","Clean Room F","4","0","1"
"235166","Packaging Corp Of America","toni@pa.com","4801 Spring Valley Rd # 103b","8013557721","9727890130","511318","Boxes-Corrugated & Fiber (Wholesale)","www.pca.com"," Email <---> Revenue ","1427501","Packaging Corp Of America","4801 Spring Valley Rd # 103b","Dallas","TX","75244","Dallas","www.pca.com","9727890130","9727891537","Kerry Wall","Manager","Mal","13248000","16","511318","Boxes-Corrug","4","0","1"
"566116","Logan & Whaley Co","ttqylor@dhinsurance.com","109 E Austin St","9039386631","9039384377","508522","Industrial Equipment & Supplies (Whol)","www.loganwhaley.com"," Email <---> Revenue ","1347070","Logan & Whaley Co","109 E Austin St","Marshall","TX","75670","Harrison","www.loganwhaley.com","9039384377","9039386631","Tommy Whaley Sr","Owner","Mal","10000000","30","508522","Industrial E","4","0","1"
"369086","Sparco Technologies","vendor@sparcotech.com","13726 Lookout Rd","2107981799","2107987979","737314","Internet Svcs-Network Designers/Conslnt","www.sparcotech.com"," Email <---> Revenue ","933590","Sparco Technologies","13726 Lookout Rd","San Antonio","TX","78233","Bexar","www.sparcotech.com","2107987979","2107981799","Dave Dullnig","President","Mal","10829000","49","737314","Internet Svc","4","0","1"
"598921","Vogt Rv Ctr","vogtservice@vogtrv.com","5624 Airport Fwy","8178349871","8178314222","556103","Recreational Vehicles","www.vogtrv.com"," Email <---> Revenue ","1606553","Vogt Rv Ctr","5624 Airport Fwy","Fort Worth","TX","76117","Tarrant","www.vogtrv.com","8178314222","8178349871","Danny Vogt","Owner","Mal","11150000","25","556103","Recreational","4","0","1"
"47956","Red Oak Sportswear","WayneH@wearit.com","114 Holleman Dr","9796930178","9796960513","232902","Sportswear-Mens-Manufacturers","NULL"," Email <---> Revenue ","568683","Red Oak Sportswear","114 Holleman Dr","College Station","TX","77840","Brazos","www.wearit.com","9796960513","9796930178","Wayne Hatcher","President","Mal","10660000","130","232902","Sportswear-M","4","0","1"
"169858","Watkins Development Corp","wdc@imageoz.com","1200 Oak St","9038726513","9038724897","154210","Buildings-Metal","www.watkinsdevelopment.com"," Email <---> Revenue ","1612956","Watkins Development Corp","1200 Oak St","Corsicana","TX","75110","Navarro","www.watkinsdevelopment.com","9038724897","9038726513","Ronald Watkins","Owner","Mal","13140000","30","154210","Buildings-Me","4","0","1"
"573265","Ricca Chemical Co","webadmin@riccachemical.com","448 West Fork Dr","4109574789","8174615601","289905","Chemicals-Manufacturers","www.riccachemical.com"," Email <---> Revenue ","1480724","Ricca Chemical Co","448 West Fork Dr","Arlington","TX","76012","Tarrant","www.riccachemical.com","8174615601","8177958848","Peter Ricca","President","Mal","16470000","45","289905","Chemicals-Ma","4","0","1"
"342921","Credence Systems Corp","web_help@credence.com","3801 S Capital Of TX Hwy # 100","5123298150","5123295271","506341","Electronic Testing Equipment (Wholesale)","www.credence.com"," Email <---> Revenue ","182870","Credence Systems Corp","3801 S Capital Of TX Hwy # 100","Austin","TX","78704","Travis","www.credence.com","5123295271","5123298150","","","","16450000","25","506341","Electronic T","4","0","1"
"394033","Medical Staffing Network Inc","xxx@xxx.com","6090 Surety Dr # 200","7025471948","9157790505","804908","Nurses & Nurses' Registries","www.msnhealth.com"," Email <---> Revenue ","468922","Medical Staffing Network Inc","6090 Surety Dr # 200","El Paso","TX","79905","El Paso","www.msnhealth.com","9157790505","9157792646","Rosa Torras","Manager","Fem","12300000","150","804908","Nurses & Nur","4","0","1"
"528779","Roadway Specialties Inc","yolanda@roadwayspecialties.com","14152 Fm 1826 Rd","5122806066","5122806666","162921","Erosion Control","www.RoadwaySpecialties.Com"," Email <---> Revenue ","580171","Roadway Specialties Inc","14152 Fm 1826 Rd","Austin","TX","78737","Travis","www.roadwayspecialties.com","5122806666","5122806066","Danette Shelton","Owner","Fem","10020000","60","162921","Erosion Cont","4","0","1"
