mail id,company,email,address,phone,fax,sic,sic description,web,,revenue id,company,address,city,state,zip,	metro,web,phone,fax,contact,position,gender,sales,# of employee,sic,sic_descrpiton,	,,
"562408","Directron Com","affiliates_nospam@directron.us","10402 Harwin Dr","7137739898","7137732115","504503","Computers-Wholesale","www.directron.com"," Email <---> Revenue ","211881","Directron Com","10402 Harwin Dr","Houston","TX","77036","Harris","www.directron.com","7137732115","7137739898","Michael Chang","CEO","Mal","53820000","60","504503","Computers-Wh","6","0","1"
"432495","Rayburn Country Electric Co-Op","akkirk@rayburnelectric.com","980 Sids Rd","9727713046","9727711336","491101","Electric Companies","www.rayburnelectric.com"," Email <---> Revenue ","1471640","Rayburn Country Electric Co-Op","980 Sids Rd","Rockwall","TX","75032","Rockwall","www.rayburnelectric.com","9727711336","9727713046","John Kirkland","President","Mal","79400000","6","491101","Electric Com","6","0","1"
"218178","Community Bank","Bell@cbnk.com","PO Box 987","8064472134","8064472591","671201","Holding Companies (Bank)","NULL"," Email <---> Revenue ","780411","Community Bank","1705 E 15th St","Wellington","TX","79095","Collingsworth","","8064472591","8064472134","Dana Bell","President","Mal","59940000","32","671201","Holding Comp","6","0","1"
"550789","L D Systems Inc","bknemoeller@ldsystems.com","483 W 38th St","7136958015","7136959400","506507","Sound Systems & Equipment (Wholesale)","www.ldsystems.com"," Email <---> Revenue ","409148","L D Systems Inc","483 W 38th St","Houston","TX","77018","Harris","www.ldsystems.com","7136959400","7136958015","Rob Mc Kinnley","Manager","Mal","60600000","60","506507","Sound System","6","0","1"
"540619","Do It Best Corp","charges@doitbest.com","801 Hewitt Dr","2546667070","2546660681","507207","Hardware-Wholesale","www.doitbest.com"," Email <---> Revenue ","1158486","Do It Best Corp","801 Hewitt Dr","Waco","TX","76712","Mc Lennan","www.doitbest.com","2546667070","2546660681","Don Ford","Manager","Mal","60606000","117","507207","Hardware-Who","6","0","1"
"315191","L A Utilities Inc","contact-us@la-utilities.com","206 Brand Ln","2814999739","2814990550","461201","Pipe Line Companies","www.la-utilities.com"," Email <---> Revenue ","855342","L A Utilities Inc","206 Brand Ln","Stafford","TX","77477","Fort Bend","www.la-utilities.com","2814990550","2814999739","Lawernce Anzaldua","Owner","Mal","71500000","100","461201","Pipe Line Co","6","0","1"
"575983","Louisiana-Pacific Corp","corporate.affairs@lpcorp.com","735 Fm 92","7065469197","4093855201","249398","Reconstituted Wood Products (Mfrs)","www.lpcorp.com"," Email <---> Revenue ","864902","Louisiana-Pacific Corp","735 Fm 92","Silsbee","TX","77656","Hardin","www.lpcorp.com","4093855201","4093857077","Jeff Yelle","Plant Mgr","Mal","54400000","200","249398","Reconstitute","6","0","1"
"546654","Karlee Co","criddle@karlee.com","701 S International Rd","9722768699","9722720628","359903","Machine Shops","www.karlee.com"," Email <---> Revenue ","1313269","Karlee Co","701 S International Rd","Garland","TX","75042","Dallas","www.karlee.com","9722720628","9722768699","Joann Brumit","CEO","Fem","61500000","500","359903","Machine Shop","6","0","1"
"453830","Telvista","danvillejobs@telvista.com","19111 Dallas Pkwy # 250","9725287646","9723126000","874213","Marketing Programs & Services","www.telvista.com"," Email <---> Revenue ","1561659","Telvista","19111 Dallas Pkwy # 250","Dallas","TX","75287","Dallas","www.telvista.com","9723126000","9725287646","","","","51000000","300","874213","Marketing Pr","6","0","1"
"552940","Grant Geophysical Inc","darci.matos@grantgeo.com","16850 Park Row","2813989506","2813989503","138206","Seismic Data Brokers","www.grantgeo.com"," Email <---> Revenue ","301809","Grant Geophysical Inc","16850 Park Row","Houston","TX","77084","Harris","www.grantgeo.com","2813989503","2813989506","Richard F Miles","CEO","Mal","93451000","2730","138206","Seismic Data","6","0","1"
"439581","Texstars Inc","debbie.cason@texstars.com","1170 108th St","9726412800","9726471366","308398","Laminated Plstcs-Plate Sht/Profile (Mfr)","www.texstars.com"," Email <---> Revenue ","1570352","Texstars Inc","1170 108th St","Grand Prairie","TX","75050","Dallas","www.texstars.com","9726471366","9726412800","James Levine","CEO","Mal","62750000","250","308398","Laminated Pl","6","0","1"
"187604","Gilco Lubricants Inc","gilco@gilco.com","206 County Road 4384","9404332750","9404332754","517214","Oils-Lubricating-Wholesale","www.gilco.com"," Email <---> Revenue ","1227373","Gilco Lubricants Inc","206 County Road 4384","Decatur","TX","76234","Wise","www.gilco.com","9404332754","9404332750","Joe W Gillespie","Owner","Mal","90558000","27","517214","Oils-Lubrica","6","0","1"
"209109","Hillmans Shrimp & Oyster","HillmanCliford@hillmanoyster.com","PO Box 619","3615539816","3615529415","209298","Prepared Fish & Seafood Products (Mfr)","NULL"," Email <---> Revenue ","331240","Hillmans Shrimp & Oyster","915 Broadway St","Port Lavaca","TX","77979","Calhoun","www.hillmanoyster.com","3615529415","3615539816","Cliford Hillman","Owner","Mal","60580000","260","209298","Prepared Fis","6","0","1"
"301443","Hitachi High-Tech Of Amer Inc","investor.info@hitachi-eu.com","1401 N 27th Ave","2127516368","9726159000","367401","Semiconductor Devices (Manufacturers)","www.hitachi.com"," Email <---> Revenue ","1260951","Hitachi High-Tech Of Amer Inc","1401 N 27th Ave","Dallas","TX","75261","Dallas","www.hitachi.com","9726159000","","Craig Kerkobe","Manager","Mal","51300000","100","367401","Semiconducto","6","0","1"
"518728","Great Lakes Carbon Corp","investor@glcarbon.com","16945 Northchase Dr # 2200","2817754722","2817754700","291101","Oil Refiners (Manufacturers)","www.glcarbon.com"," Email <---> Revenue ","302812","Great Lakes Carbon Corp","16945 Northchase Dr # 2200","Houston","TX","77060","Harris","www.glcarbon.com","2817754700","2817754722","Frank Baca","Manager","Mal","59603000","19","291101","Oil Refiners","6","0","1"
"474389","Pioneer Standard Electronics","investors@agilysys.com","9715 Burnet Rd","7819935180","5124902200","506519","Electronic Equipment & Supplies-Whol","www.agilysys.com"," Email <---> Revenue ","540260","Pioneer Standard Electronics","9715 Burnet Rd","Austin","TX","78758","Travis","www.pioneerstandard.com","5124902200","5124902290","David Holt","Executive Director","Mal","55550000","55","506519","Electronic E","6","0","1"
"550092","Edge Petroleum Corp","ir@edgepet.com","1301 Travis St # 2000","7136547722","7136548960","138203","Oil & Gas Exploration & Development","www.edgepet.com"," Email <---> Revenue ","232126","Edge Petroleum Corp","1301 Travis St # 2000","Houston","TX","77002","Harris","www.edgepet.com","7136548960","7136547722","John W Elias","CEO","Mal","64505000","53","138203","Oil & Gas Ex","6","0","1"
"498125","Owens Sausage","jowens@iglobal.net","1403 E. lookout Drive","9722357181","9724989253","5411","Food products","RIVERBENDFINEART.COM"," Email <---> Revenue ","1424816","Owens Country Sausage Inc","1403 E Lookout Dr","Richardson","TX","75082","Dallas","www.owensinc.com","9722357181","9722352135","Mike Townsley","President","Mal","58700000","0","201398","Sausages/Oth","6","0","1"
"579821","Sunbelt Works Inc","kirk@sunbeltworks.com","Highway 90 W & Frost Rd","9362589637","9362580088","505119","Concrete Reinforcements (Wholesale)","www.sunbeltworks.com"," Email <---> Revenue ","642376","Sunbelt Works Inc","Highway 90 W & Frost Rd","Dayton","TX","77535","Liberty","www.sunbeltworks.com","9362580088","9362589637","Russell Rice","Manager","Mal","52350000","50","505119","Concrete Rei","6","0","1"
"557963","Thermon Manufacturing Co","lbel@thermon-europe.com","100 Thermon Dr","5123963627","5123965801","344314","Heat Transfer Materials (Manufacturers)","www.thermon.com"," Email <---> Revenue ","949174","Thermon Manufacturing Co","100 Thermon Dr","San Marcos","TX","78666","Hays","www.thermon.com","5123965801","5123963627","Mark Burdick","CEO","Mal","86000000","320","344314","Heat Transfe","6","0","1"
"10035","DSI Logistics","moconnor@dsi-logistics.com","2702 Holmes Rd","7137991186","7137999429","509905","Importers","www.dsi-logistics.com"," Email <---> Revenue ","193310","DSI Logistics","2702 Holmes Rd","Houston","TX","77051","Harris","www.dsi-logistics.com","7137999429","7137991186","Michael Oconnor","Owner","Mal","93456000","99","509905","Importers","6","0","1"
"16082","Universal Blanchers Inc","mporetti@universalblanchers.com","1033 County Road 343","2544453376","2544454021","515903","Peanut Products (Wholesale)","www.universalblanchers.com"," Email <---> Revenue ","1597132","Universal Blanchers Inc","1033 County Road 343","Dublin","TX","76446","Erath","www.universalblanchers.com","2544454021","2544453376","Kevin Gaines","VP","Mal","77350000","34","515903","Peanut Produ","6","0","1"
"582618","Health Point","PaulDorman@healthpoint.com","3909 Hulen St","8179004101","8179004000","283404","Drug Millers","NULL"," Email <---> Revenue ","1253094","Health Point","3909 Hulen St","Fort Worth","TX","76107","Tarrant","www.healthpoint.com","8179004000","8179004101","Paul Dorman","CEO","Mal","77000000","100","283404","Drug Millers","6","0","1"
"469577","Shermco Industries","paypal@shermco.com","2425 E Pioneer Dr","2143584271","2143584271","506333","Electric Motors-Dlrs/Repairing (Whol)","www.shermco.com"," Email <---> Revenue ","1515454","Shermco Industries","2425 E Pioneer Dr","Irving","TX","75061","Dallas","www.shermco.com","2143584271","","Pete Sherman","Owner","Mal","98700000","150","506333","Electric Mot","6","0","1"
"600415","KPRC","randysrants@click2houston.com","8181 Southwest Fwy","7137784862","7132222222","483301","Television Stations & Broadcasting CO","www.click2houston.com"," Email <---> Revenue ","392205","KPRC","8181 Southwest Fwy","Houston","TX","77074","Harris","www.click2houston.com","7132222222","7137784862","Steve Wasserman","VP","Mal","71100000","225","483301","Television S","6","0","1"
"82339","Ryan LaRue","rgroppe@texnet.com","131 Ava Drive","2546665155","null","8999","Services NEC","sturdisteel.com"," Email <---> Revenue ","1506656","Schultz Industries Inc","131 Ava Dr","Hewitt","TX","76643","Mc Lennan","","2546665155","2546664472","Fred Schultz","Owner","Mal","62810000","110","502121","Bleachers & ","6","0","1"
"452440","ATG Group","Robert.Latham@amicongroup.com","8500 Commerce Park Dr # 110","7139880500","713-988-8200","3089","Plastics Products","NEC (plastics sausage casings)"," Email <---> Revenue ","15227","ATG Group","8500 Commerce Park Dr","Houston","TX","77036","Harris","www.atgcompanies.com","7139816592","7137711608","Bob Brooks","Owner","Mal","73570000","70","516202","Plastics-Pro","6","0","1"
"419942","Houston Sigma Technology","romer@h-st.com","1333 Industrial Blvd","2812955092","2812955000","353301","Oil Field Equipment-Manufacturers","www.h-st.com"," Email <---> Revenue ","834415","Houston Sigma Technology","1333 Industrial Blvd","Sugar Land","TX","77478","Fort Bend","www.h-st.com","2812955000","2812955092","Frank Henning","Owner","Mal","65688000","238","353301","Oil Field Eq","6","0","1"
"506929","Enichem Elastomers Americas","salvatore.iabichella@enichemea.com","4803 Decker Dr","2814246169","281-424-6100","2891","Adhesives and Sealants","NULL"," Email <---> Revenue ","242900","Enichem Elastomers Americas","4803 Decker Dr","Baytown","TX","77520","Harris","","2814246123","2814246169","","","","95500000","100","282101","Plastics-Raw","6","0","1"
"582024","Pioneer Hi-Bred Intl Inc","shanson@tgeddesgrant.com","RR 3 Box 125","4357530088","8062935231","519105","Seeds & Bulbs-Wholesale","www.pioneer.com"," Email <---> Revenue ","540186","Pioneer Hi-Bred Intl Inc","RR 3 Box 125","Plainview","TX","79072","Hale","www.pioneer.com","8062935231","8062964651","Sammy Bownds","Plant Mgr","Mal","83125000","125","519105","Seeds & Bulb","6","0","1"
"260037","Sunmount Corp","sunmount@sunmount.com","344 Harmonson Rd","9406482203","9406482741","295101","Asphalt & Asphalt Products-Manufacturers","www.sunmount.com"," Email <---> Revenue ","1548117","Sunmount Corp","344 Harmonson Rd","Justin","TX","76247","Denton","www.sunmount.com","9406482741","9406482203","Don Cross","President","Mal","82350000","150","295101","Asphalt & As","6","0","1"
"482025","Disctronics","tinam@discusa.com","2800 Summit Ave","9728818500","9728818800","365298","Phonograph Record/Prerecorded Tape (Mfr)","www.discusa.com"," Email <---> Revenue ","1157217","Disctronics","2800 Summit Ave","Plano","TX","75074","Collin","www.discusa.com","9728818800","9728818500","David Littlefield","President","Mal","52800000","300","365298","Phonograph R","6","0","1"
"260606","Crow Holdings","ttubbs@crowholdings.com","2100 Mckinney Ave # 700","2146618036","2146618000","671901","Holding Companies (Non-Bank)","www.crowholdings.com"," Email <---> Revenue ","1129138","Crow Holdings","2100 Mckinney Ave # 700","Dallas","TX","75201","Dallas","www.crowholdings.com","2146618000","2146618036","Harlin Crow","CEO","Mal","97200000","150","671901","Holding Comp","6","2","1"
"356208","Exploration Co Of Delaware Inc","txco@txco.com","500 N Loop 1604 E # 250","2104963232","2104965300","138203","Oil & Gas Exploration & Development","www.txco.com"," Email <---> Revenue ","805717","Exploration Co Of Delaware Inc","500 N Loop 1604 E # 250","San Antonio","TX","78232","Bexar","www.txco.com","2104965300","2104963232","James E Sigmon","CEO","Mal","57735000","45","138203","Oil & Gas Ex","6","0","1"
"497641","Texas True Choice","tyuana.miles@texastruechoice.com","5000 Legacy Dr # 100","4694433301","9727396465","632404","Health Plans","www.texastruechoice.com"," Email <---> Revenue ","1569442","Texas True Choice","5000 Legacy Dr # 100","Plano","TX","75024","Collin","www.texastruechoice.com","9727396465","4694433301","Micheal Wilson","Owner","Mal","65175000","75","632404","Health Plans","6","0","1"
"536600","C H Die Casting Inc","zeinert@chdiecasting.com","222 Lely St","2549382541","2549382541","336903","Castings","www.chdiecasting.com"," Email <---> Revenue ","1070879","C & H Die Casting Inc","Ih 35 N","Troy","TX","76579","Bell","","2549382541","2549387117","Charles E Hinkle","President","Mal","65860000","370","336398","Aluminum Die","6","0","1"
