mail id,company,email,address,phone,fax,sic,sic description,web,,revenue id,company,address,city,state,zip,	metro,web,phone,fax,contact,position,gender,sales,# of employee,sic,sic_descrpiton,	,,
"599013","Clampitt Paper Co","14059460020@netmoves.com","4901 Winnebago Ln","8176252714","5124447411","511101","Paper Products (Wholesale)","www.clampitt.com"," Email <---> Revenue ","158407","Clampitt Paper Co","4901 Winnebago Ln","Austin","TX","78744","Travis","www.clampitt.com","5124447411","5124447423","Lance Lobock","Manager","Mal","27198000","18","511101","Paper Produc","5","0","1"
"377401","Gemini Auto Lifts","aaron@geminilift.com","4601 Old Denton Rd","8174286295","8174286464","508499","Misc Indstrl Equip & Supls Nec (Whol)","www.geminilift.com"," Email <---> Revenue ","1223825","Gemini Auto Lifts","4601 Old Denton Rd","Fort Worth","TX","76117","Tarrant","www.geminilift.com","8174286464","8174286295","Bud Shurbet","Owner","Mal","38080000","70","508499","Misc Indstrl","5","0","1"
"530032","Ace World Co Inc","alberto@aceworldcompanies.com","10200 Jacksboro Hwy","8172372777","8172377700","508419","Hoists (Wholesale)","www.aceworldcompanies.com"," Email <---> Revenue ","988560","Ace World Co Inc","10200 Jacksboro Hwy","Fort Worth","TX","76135","Tarrant","www.aceworldcompanies.com","8172377700","8172372777","Ace Ghanemi","Owner","Mal","48960000","90","508419","Hoists (Whol","5","0","1"
"464388","Border Promotional Products","art@venturaline.com","501 Pierce St","8307742914","8307746500","519917","Advertising-Specialties (Wholesale)","www.venturaline.com"," Email <---> Revenue ","102869","Border Promotional Products","501 Pierce St","Del Rio","TX","78840","Val Verde","www.venturaline.com","8307746500","8307742914","Ronald Chattler","Owner","Mal","25130000","35","519917","Advertising-","5","0","1"
"589099","American Paint Horse Assn","askapha@apha.com","2800 Meacham Blvd","8178343152","8178342742","272198","Periodicals-Publishing & Printing","www.apha.com"," Email <---> Revenue ","1008491","American Paint Horse Assn","2800 Meacham Blvd","Fort Worth","TX","76137","Tarrant","www.apha.com","8178342742","8178343152","Jim Kelley","CEO","Mal","41035000","145","272198","Periodicals-","5","2","1"
"497611","Per-Se Technologies","askus@per-se.com","8401 Jack Finney Blvd","5594554002","9034532400","872103","Billing Service","www.per-se.com"," Email <---> Revenue ","1438793","Per-Se Technologies","8401 Jack Finney Blvd","Greenville","TX","75402","Hunt","www.per-se.com","9034532400","9034532524","Eddie Miller","VP","Mal","32960000","320","872103","Billing Serv","5","0","1"
"460872","DGSE Companies Inc","auctioneer@dgse.com","2817 Forest Ln","9722410646","9724843662","594409","Jewelers-Retail","www.dgse.com"," Email <---> Revenue ","1136647","DGSE Companies Inc","2817 Forest Ln","Dallas","TX","75234","Dallas","www.dgse.com","9724843662","9722410646","L S Smith","CEO","Mal","26209000","43","594409","Jewelers-Ret","5","0","1"
"347840","London Fruit Inc","barry@londonfruit.com","9010 S Cage Blvd","9567812323","9567817799","514801","Fruits & Vegetables-Wholesale","www.londonfruit.com"," Email <---> Revenue ","434561","London Fruit Inc","9010 S Cage Blvd","Pharr","TX","78577","Hidalgo","www.londonfruit.com","9567817799","9567812323","","","","36500000","80","514801","Fruits & Veg","5","0","1"
"166672","Wyndham Jade","bbuehler@wyndhamjade.com","6400 International Parkway","null","null","738999","Business Services Nec","null"," Email <---> Revenue ","1631190","Wyndham Jade","6400 International Pkwy # 2500","Plano","TX","75093","Collin","www.wyndhamjade.com","9723497800","9723497545","Sue Trizila","President","Fem","42500000","250","874213","Marketing Pr","5","0","1"
"74260","Myers-Aubrey Co","benneking@myersaubrey.com","2121 W Spring Creek Pkwy # 207","9186280349","2144739119","509908","Manufacturers-Agents & Representatives","www.myersaubrey.com"," Email <---> Revenue ","1399446","Myers-Aubrey Co","2121 W Spring Creek Pkwy # 207","Plano","TX","75023","Collin","www.myersaubrey.com","2144739119","2144739121","George Milleret","Owner","Mal","28320000","30","509908","Manufacturer","5","0","1"
"301808","Kelsoe Oil Co","bfarmer@kelsoeoil.com","600 N Bell Ave","9403822147","9403873804","517210","Gasoline & Oil-Wholesale","www.kelsoeoil.com"," Email <---> Revenue ","1316316","Kelsoe Oil Co","600 N Bell Ave","Denton","TX","76209","Denton","www.kelsoeoil.com","9403873804","9403822147","Kalen Farmer","Owner","Mal","36894000","11","517210","Gasoline & O","5","0","1"
"563904","Zurn PEX","bill.weyand@zurn.com","116 Maple St","9038862583","9038862580","343201","Plumbing Fixtures & Supplies-Mfrs","www.zurn.com"," Email <---> Revenue ","1635563","Zurn PEX","116 Maple St","Commerce","TX","75428","Hunt","www.zurn.com","9038862580","9038862583","Trevor Johnson","Plant Mgr","Mal","49300000","170","343201","Plumbing Fix","5","0","1"
"547688","Suncoast Post-Tension","bmathews@suncoast-pt.com","15242 Tradesman","7034920728","2104933655","503208","Concrete Products (Wholesale)","www.suncoast-pt.com"," Email <---> Revenue ","940211","Suncoast Post-Tension","15242 Tradesman","San Antonio","TX","78249","Bexar","www.suncoast-pt.com","2104933655","2104933659","Bill Munson","Manager","Mal","28800000","60","503208","Concrete Pro","5","0","1"
"446043","Boler Equipment Svc Inc","boler@boler.net","4611 Sinclair Ave","4326942120","4326940660","517202","Service Station Equipment (Wholesale)","www.boler.net"," Email <---> Revenue ","101463","Boler Equipment Svc Inc","4611 Sinclair Ave","Midland","TX","79707","Midland","www.boler.net","4326940660","4326942120","Larry Boler","Owner","Mal","40248000","12","517202","Service Stat","5","0","1"
"586982","Orthofix Inc","bregincmexico@orthofix.com","250 E Arapaho Rd # 100","7049482691","9729188300","384104","Physicians & Surgeons Equip & Supls-Mfrs","www.orthofix.com"," Email <---> Revenue ","1423123","Orthofix Inc","250 E Arapaho Rd # 100","Richardson","TX","75081","Dallas","www.orthofix.com","9729188300","9729188480","Charlie Federico","President","Mal","39290000","175","384104","Physicians &","5","0","1"
"422052","Metro Truck Sales","brushing@metrotrucks.net","4000 Irving Blvd","2146386121","2146312050","551105","Truck-Dealers","www.metrotruckford.com"," Email <---> Revenue ","1380858","Metro Truck Sales","4000 Irving Blvd","Dallas","TX","75247","Dallas","www.metrotruckford.com","2146312050","2146386121","Stan Graff","Owner","Mal","39000000","88","551105","Truck-Dealer","5","2","1"
"557551","Wilson Office Interiors","bvaldez@wilsonoi.com","1540 Champion Dr","9724888815","9722410584","502112","Office Furniture & Equip-Dealers (Whol)","www.wilsonoi.com"," Email <---> Revenue ","1624733","Wilson Office Interiors","1540 Champion Dr","Carrollton","TX","75006","Dallas","www.wilsonoi.com","9722410584","9724888815","B D Hill","Owner","Mal","39970000","70","502112","Office Furni","5","0","1"
"594237","Ricochet Fuel Distributors Inc","bvance@ricochetfuel.com","1201 Royal Pkwy","8172685910","8172685910","517206","Oils-Fuel (Wholesale)","www.ricochetfuel.com"," Email <---> Revenue ","1483012","Ricochet Fuel Distributors Inc","1201 Royal Pkwy","Euless","TX","76040","Tarrant","www.ricochetfuel.com","8172685910","","Kelly Roberts","Owner","Fem","26832000","8","517206","Oils-Fuel (W","5","0","1"
"587471","Noble Royalties Inc","bzache@nobleroyalties.com","13601 Preston Rd # 1008w","9727201899","9727201888","131101","Oil & Gas Producers","www.nobleroyalties.com"," Email <---> Revenue ","1410561","Noble Royalties Inc","13601 Preston Rd # 1008w","Dallas","TX","75240","Dallas","www.nobleroyalties.com","9727201888","9727201899","Scott Noble","Manager","Mal","27378000","27","131101","Oil & Gas Pr","5","0","1"
"368810","Nexen Petroleum USA","career_opportunities@nexeninc.com","12790 Merit Dr # 800","3038504280","9724504600","131101","Oil & Gas Producers","www.nexeninc.com"," Email <---> Revenue ","1408764","Nexen Petroleum USA","12790 Merit Dr # 800","Dallas","TX","75251","Dallas","www.nexeninc.com","9724504600","9724504729","Douglas B Otten","President","Mal","30200000","126","131101","Oil & Gas Pr","5","0","1"
"85119","Casino Knights","casinoknights@vegastexas.com","1108 Regal Row","5122920234","5124442121","596301","Party Planning Service","www.vegastexas.com"," Email <---> Revenue ","136294","Casino Knights","1108 Regal Row","Austin","TX","78748","Travis","www.vegastexas.com","5124442121","5122920234","Scott Wilder","Owner","Mal","47424000","304","596301","Party Planni","5","0","1"
"197407","C C Creations","cccreationsusa.quotes@agnitek.com","112 Holleman Dr","9796932032","9796939664","275902","Screen Printing","www.cccreationsonline.com"," Email <---> Revenue ","119447","C C Creations","112 Holleman Dr","College Station","TX","77840","Brazos","www.cccreationsonline.com","9796939664","9796932032","George Warny","Owner","Mal","25025000","175","275902","Screen Print","5","0","1"
"508755","Mica Corp","cecy.knight@micacorporation.com","5750 N Riverside Dr","8178476885","8178476121","179904","Guard Rails","www.micacorporation.com"," Email <---> Revenue ","1382134","Mica Corp","5750 N Riverside Dr","Fort Worth","TX","76137","Tarrant","www.micacorporation.com","8178476121","8178476885","L C Tubb","President","Mal","27100000","25","179904","Guard Rails","5","0","1"
"594361","Champion's Pipe & Supply Inc","cfisher@championspipe.com","952 Echo Ln","7134687936","7134686544","505107","Pipe-Wholesale","www.championspipe.com"," Email <---> Revenue ","143621","Champion's Pipe & Supply Inc","952 Echo Ln","Houston","TX","77024","Harris","www.championspipe.com","7134686544","7134687936","Larry Barak","Manager","Mal","40000000","17","505107","Pipe-Wholesa","5","0","1"
"495025","Go/Dan Industries","cgorman@transpo.com","5522 Maple Ave","2146371116","2146376740","371403","Automobile Radiator-Manufacturers","www.transpo.com"," Email <---> Revenue ","1230405","Go/Dan Industries","5522 Maple Ave","Dallas","TX","75235","Dallas","www.transpo.com","2146376740","2146371116","Jose Ovalla","Plant Mgr","Mal","32100000","100","371403","Automobile R","5","0","1"
"323443","Bowie-Cass Electric","chadh@bcec.com","117 North St","9038464602","9038462311","491101","Electric Companies","www.bcec.com"," Email <---> Revenue ","1057751","Bowie-Cass Electric","117 North St","Douglassville","TX","75560","Cass","www.bcec.com","9038462311","9038464602","Barron Christensen","Manager","Mal","26000000","100","491101","Electric Com","5","0","1"
"466575","Texas Office Installation Svc","chris@txofficeinstall.com","2515 Gravel Dr","8175899709","8175892667","502122","Office Furniture & Equip-Instltn (Whol)","www.txofficeinstall.com"," Email <---> Revenue ","1567799","Texas Office Installation Svc","2515 Gravel Dr","Fort Worth","TX","76118","Tarrant","www.txofficeinstall.com","8175892667","8175899709","Chris Sharp","Owner","Mal","27408000","48","502122","Office Furni","5","0","1"
"462078","Barton Creek Country Club","chuck.cook@bartoncreek.com","8212 Barton Club Dr","5123294014","5123294000","701111","Resorts","www.bartoncreek.com"," Email <---> Revenue ","79731","Barton Creek Country Club","8212 Barton Club Dr","Austin","TX","78735","Travis","www.bartoncreek.com","5123294000","5123294014","Michael Thomas","President","Mal","26950000","722","701111","Resorts","5","1","1"
"588542","Mc Corvey Sheet Metal Works","cmccorvey@mccorvey.com","500 S Main St","7136720509","7136727545","344403","Sheet Metal Fabricators","www.mccorvey.com"," Email <---> Revenue ","463984","Mc Corvey Sheet Metal Works","500 S Main St","Galena Park","TX","77547","Harris","www.mccorvey.com","7136727545","7136720509","Tony Mccorvey","CEO","Mal","32000000","200","344403","Sheet Metal ","5","0","1"
"535552","B3R Country Meats Inc","coleman@colemannatural.com","2100 Avenue F NW","3032970426","9409378870","201101","Meat Packers","www.colemannatural.com"," Email <---> Revenue ","72612","B3R Country Meats Inc","2100 Avenue F NW","Childress","TX","79201","Childress","www.b3r.com","9409378870","9409376657","Marylou Bradley","Owner","Fem","28942000","58","201101","Meat Packers","5","0","1"
"407373","Lithonia Lighting Co","comments@lithonia.com","2700 E 11th St # 100","9724561473","9724561451","506319","Lighting Fixtures-Wholesale","www.lithonia.com"," Email <---> Revenue ","1344780","Lithonia Lighting Co","2700 E 11th St # 100","Dallas","TX","75203","Dallas","www.lithonia.com","9724561451","9724561473","Jim Catoe","Manager","Mal","29610000","45","506319","Lighting Fix","5","0","1"
"355630","Lighting Unlimited","contractors@lulighting.com","4025 Richmond Ave","8183624611","7136264025","506368","Lighting Systems & Equipment (Wholesale)","www.lulighting.com"," Email <---> Revenue ","428566","Lighting Unlimited","4025 Richmond Ave","Houston","TX","77027","Harris","www.lulighting.com","7136264025","7136295544","Bernard Woolf","Owner","Mal","32900000","50","506368","Lighting Sys","5","0","1"
"574823","FMC Corp-Smith Systems","corporate.info@fmcti.com","737 N Padre Island Dr","2815914102","3612893400","506321","Meters (Wholesale)","www.fmctechnologies.com"," Email <---> Revenue ","252881","FMC Corp-Smith Systems","737 N Padre Island Dr","Corpus Christi","TX","78406","Nueces","www.fmctechnologies.com","3612893400","3612891115","Wade Williams","Manager","Mal","42770000","65","506321","Meters (Whol","5","0","1"
"68722","Dannenbaum Engineering Corp","corporatedevelopment@dannenbaum.com","3100 W Alabama St","5123459634","7135209570","871133","Engineers-Professional","www.dannenbaum.com"," Email <---> Revenue ","196268","Dannenbaum Engineering Corp","3100 W Alabama St","Houston","TX","77098","Harris","www.dannenbaum.com","7135209570","7135276338","James D Dannenbaum","Owner","Mal","39500000","250","871133","Engineers-Pr","5","0","1"
"49003","Lubbock Truck Sales Inc","cswan@lubbocktrucksales.com","1801 E Slaton Rd","8067481529","8067481529","551105","Truck-Dealers","www.lubbocktrucksales.com"," Email <---> Revenue ","440341","Lubbock Truck Sales Inc","1801 E Slaton Rd","Lubbock","TX","79404","Lubbock","www.lubbocktrucksales.com","8067481529","8067481529","James Kinsey","Owner","Mal","33644000","52","551105","Truck-Dealer","5","2","1"
"519110","Dominion Exploration & Prdctn","customer_care_internet_support@dom.com","1415 Louisiana St # 2700","2172374311","7137566000","138203","Oil & Gas Exploration & Development","www.dom.com"," Email <---> Revenue ","216170","Dominion Exploration & Prdctn","1415 Louisiana St # 2700","Houston","TX","77002","Harris","www.dom.com","7137566000","7137566010","Paul Baker","VP","Mal","30400000","200","138203","Oil & Gas Ex","5","0","1"
"507800","Simmons Co","customerassistance@simmons.com","4255 Patriot Dr # 100","9728743545","9728749666","251501","Mattresses-Manufacturers","www.simmons.com"," Email <---> Revenue ","1519409","Simmons Co","4255 Patriot Dr # 100","Grapevine","TX","76051","Tarrant","www.simmons.com","9728749666","9728743545","Jim Van Lear","Plant Mgr","Mal","43000000","200","251501","Mattresses-M","5","0","1"
"498814","Asurion","customersatisfaction@asurion.com","10777 Northwest Fwy # 200","6503499407","7133161800","754904","Road Service-Automotive","www.asurion.com"," Email <---> Revenue ","61553","Asurion","10777 Northwest Fwy # 200","Houston","TX","77092","Harris","www.asurion.com","7133161800","7133161801","Carrie Estrada","Manager","Fem","25550000","350","754904","Road Service","5","0","1"
"248333","Pape Dawson Engineers; Inc","dbeckwith@pape-dawson.com","null","2103759000","null","871106","Engineers","PAPE-DAWSON.COM^^PAPE-DAWSON.NET^^PAPE-DAWSON.ORG"," Email <---> Revenue ","892605","Pape-Dawson Engineers Inc","555 E Ramsey Rd","San Antonio","TX","78216","Bexar","www.pape-dawson.com","2103759000","2103759010","Eugene H Dawson Sr","Owner","Mal","34918000","221","871110","Engineers-Ci","5","0","1"
"272248","Samsill Corp","dbowers@samsill.com","5740 Hartman Rd","8175356900","8175361906","278298","Blankbooks Looseleaf Bndrs/Devices (Mfr)","www.samsill.com"," Email <---> Revenue ","1502623","Samsill Corp","5740 Hartman Rd","Fort Worth","TX","76119","Tarrant","www.samsill.com","8175361906","8175356900","James Bankes","CEO","Mal","34800000","200","278298","Blankbooks L","5","0","1"
"367978","Dolphin Pool Supply & Svc","dcarlson@dolphinpool.com","3544 Forest Ln","2143570171","2143570446","509118","Swimming Pool Equipment & Supls (Whol)","www.dolphinpool.com"," Email <---> Revenue ","1160112","Dolphin Pool Supply & Svc","3544 Forest Ln","Dallas","TX","75234","Dallas","www.dolphinpool.com","2143570446","2143570171","Doug Carlson","Owner","Mal","30750000","50","509118","Swimming Poo","5","0","1"
"544453","Truman Arnold Co","ddreher@tacenergy.com","2738 County Road 2168","9038314056","9035275000","517201","Petroleum Products (Wholesale)","www.tacenergy.com"," Email <---> Revenue ","1587868","Truman Arnold Co","2738 County Road 2168","Caddo Mills","TX","75135","Hunt","www.tacenergy.com","9035275000","9035275007","Dana Mc Carty","Manager","Mal","33540000","10","517201","Petroleum Pr","5","0","1"
"511083","ATMI Inc","dhamilton@atmi.com","706 Houston Clinton Dr","4806684000","5127567314","281998","Industrial Inorganic Chmcls Nec (Mfrs)","www.atmi.com"," Email <---> Revenue ","15267","ATMI Inc","706 Houston Clinton Dr","Burnet","TX","78611","Burnet","www.atmi.com","5127567314","5127569889","Tom Chatterton","Executive Director","Mal","25200000","80","281998","Industrial I","5","0","1"
"532368","Gayla Industries Balloons","dianebishop@gayla.biz","6401 Antoine Dr","7136821357","7139565677","394498","Games Toys & Children''s Vehicles (Mfrs)","www.gaylainc.com"," Email <---> Revenue ","287728","Gayla Industries Balloons","6401 Antoine Dr","Houston","TX","77091","Harris","www.gaylainc.com","7139565677","7136821357","Douglas Phillips","President","Mal","27600000","150","394498","Games Toys &","5","0","1"
"580744","Marbran USA","dlyons@marbran.com","200 S 10th St # 1104","9569840487","9566302941","514201","Frozen Foods-Wholesale","www.marbran.com"," Email <---> Revenue ","453291","Marbran USA","200 S 10th St # 1104","Mcallen","TX","78501","Hidalgo","www.marbran.com","9566302941","9569840487","Danilo Lyons","VP","Mal","46000000","12","514201","Frozen Foods","5","0","1"
"492753","Fox Electric","donna.springer@foxelectricinc.com","1104 Colorado Lane","8172617311","8174612571","1731","Electrical Work (electrical work except burglar and fire alarm installation)","NULL"," Email <---> Revenue ","1192035","FOX Electric","1104 Colorado Ln","Arlington","TX","76015","Tarrant","","8174612571","8172617311","Wes Shahan","President","Mal","48840000","370","173101","Electric Con","5","2","1"
"6742","Triumph Seed Co Inc","dracca@triumphseed.com","State Highway 62 Byp","8062532820","8062532584","519105","Seeds & Bulbs-Wholesale","www.triumphseed.com"," Email <---> Revenue ","954266","Triumph Seed Co Inc","State Highway 62 Byp","Ralls","TX","79357","Crosby","www.triumphseed.com","8062532584","8062532820","Noble Koepp","President","Mal","29925000","45","519105","Seeds & Bulb","5","0","1"
"544733","LJA Engineering & Surveying","dryan@ljaengineering.com","2929 Briarpark Dr # 600","7139535026","7139535200","871133","Engineers-Professional","www.ljaengineering.com"," Email <---> Revenue ","411884","LJA Engineering & Surveying","2929 Briarpark Dr # 600","Houston","TX","77042","Harris","www.ljaengineering.com","7139535200","7139535026","Calvin Ladner","President","Mal","25280000","160","871133","Engineers-Pr","5","0","1"
"460703","Crosby County Fuel Assn","dshock@crosbycofuel.com","231 Highway 62-82","8062532518","8062532518","517208","Gas-Liquefied Petro-Bttld/Bulk (Whol)","www.crosbycofuel.com"," Email <---> Revenue ","785038","Crosby County Fuel Assn","231 Highway 62-82","Ralls","TX","79357","Crosby","www.crosbycofuel.com","8062532518","","Monte Bevel","Manager","Mal","33540000","10","517208","Gas-Liquefie","5","0","1"
"482280","Andrews Center Behavioral Syst","eci@andrewscenter.com","2323 W Front St","9035971351","9035971351","806301","Mental Health Services","www.andrewscenter.com"," Email <---> Revenue ","1011736","Andrews Center Behavioral Syst","2323 W Front St","Tyler","TX","75702","Smith","www.andrewscenter.com","9035971351","","Dick Desanto","CEO","Mal","32400000","400","806301","Mental Healt","5","0","1"
"292005","Haldor Topsoe Inc","erkko.fontell@wartsila.com","10010 Bayport Blvd","2812285209","2819092840","281901","Catalysts (Manufacturers)","www.haldortopsoe.com"," Email <---> Revenue ","826570","Haldor Topsoe Inc","10010 Bayport Blvd","Pasadena","TX","77507","Harris","www.haldortopsoe.com","2819092840","2812285209","Ray Yellig","Plant Mgr","Mal","47250000","150","281901","Catalysts (M","5","0","1"
"188377","Gagemaker","gagemaker@gagemaker.com","710 E Southmore Ave","7134727241","7134727360","508416","Gauges & Gages (Wholesale)","www.gagemaker.com"," Email <---> Revenue ","816360","Gagemaker","710 E Southmore Ave","Pasadena","TX","77502","Harris","www.gagemaker.com","7134727360","7134727241","John Wolfe","President","Mal","29920000","55","508416","Gauges & Gag","5","0","1"
"542238","Gotco International Fishing","geminimail@geinc.com","397 N Sam Houston Pkwy E","2819994251","2815911874","508428","Oil Field Equipment (Wholesale)","www.gotco-usa.com"," Email <---> Revenue ","300056","Gotco International Fishing","397 N Sam Houston Pkwy E","Houston","TX","77060","Harris","www.gotco-usa.com","2815911874","2819994251","Roger Parish","Owner","Mal","43520000","80","508428","Oil Field Eq","5","0","1"
"565869","Flint Energy Svc","gforeman@flinteng.com","1700 W 7 Mile Rd","9565859694","9565859779","138905","Oil Field Service","www.flintenergy.com"," Email <---> Revenue ","268236","Flint Energy Svc","1700 W 7 Mile Rd","Mission","TX","78574","Hidalgo","www.flintenergy.com","9565859779","9565859694","Dustin Roach","Manager","Mal","25025000","175","138905","Oil Field Se","5","0","1"
"49774","Gaither Petroleum Corp","gpc@gaither-petroleum.com","18000 Groeschke Rd # A1","2819945410","2819945400","131101","Oil & Gas Producers","www.gaither-petroleum.com"," Email <---> Revenue ","282894","Gaither Petroleum Corp","18000 Groeschke Rd # A1","Houston","TX","77084","Harris","www.gaither-petroleum.com","2819945400","2819945410","Duane Gaither","President","Mal","35490000","35","131101","Oil & Gas Pr","5","0","1"
"54490","The PC Companion","gregt@chromespecialties.com","4200 Diplomacy Road","8178682000","8178682095","799798","Membership Sports & Recreation Clubs","CHROME-SPECIALTIES.COM^^DALLAS-LEATHERS.COM^^DALLAS-LEATHERS.NET^^DALLASLEATHERS.COM^^DALLASLEATHERS"," Email <---> Revenue ","1100020","Chrome Specialties","4200 Diplomacy Rd","Fort Worth","TX","76155","Tarrant","www.chrome-specialties.com","8178682000","8178682095","","","","44800000","100","501308","Motorcycles-","5","0","1"
"562126","Gulf Coast Machine & Supply Co","gulfco@gulfco.com","6817 Industrial Rd","4098424621","4098421311","332502","Foundries-Steel","www.gulfco.com"," Email <---> Revenue ","308164","Gulf Coast Machine & Supply Co","6817 Industrial Rd","Beaumont","TX","77705","Jefferson","www.gulfco.com","4098421311","4098424621","Tommy Le Blanc","CEO","Mal","47700000","300","332502","Foundries-St","5","0","1"
"548163","Coastal Cargo Texas Inc","gwd@jkgroup.com","16800 Peninsula St","2818600104","2818600010","508545","Cargo & Freight Containers (Wholesale)","www.jkgroup.com"," Email <---> Revenue ","163166","Coastal Cargo Texas Inc","16800 Peninsula St","Houston","TX","77015","Harris","www.jkgroup.com","2818600010","2818600104","Greg Davis","Manager","Mal","28500000","50","508545","Cargo & Frei","5","0","1"
"259595","Best Buy","help@bestbuypartsearch.com","5916 W Loop 289","2485535603","8067914384","573117","Electronic Equipment & Supplies-Retail","www.bestbuy.com"," Email <---> Revenue ","89679","Best Buy","5916 W Loop 289","Lubbock","TX","79424","Lubbock","www.bestbuy.com","8067914384","8067883932","Chuck Dualdoni","Manager","Mal","30250000","125","573117","Electronic E","5","0","1"
"420414","Tempo Mechanical Svc","help@tempoair.com","2611 E Pioneer Dr","9724466600","9725792095","171117","Air Conditioning Contractors & Systems","www.tempoair.com"," Email <---> Revenue ","1562143","Tempo Mechanical Svc","2611 E Pioneer Dr","Irving","TX","75061","Dallas","www.tempoair.com","9724466600","9725792095","Steve Saunders","CEO","Mal","29200000","200","171117","Air Conditio","5","0","1"
"297341","Gainsco Inc","helpdesk@gainsco.com","1445 Ross Ave # 5300","2146470430","2146470415","633101","Insurance-Property & Casualty","www.gainsco.com"," Email <---> Revenue ","1219748","Gainsco Inc","1445 Ross Ave # 5300","Dallas","TX","75202","Dallas","www.gainsco.com","2146470415","2146470430","Glenn W Anderson","CEO","Mal","48877000","123","633101","Insurance-Pr","5","0","1"
"130284","Nest Family","hqemployment@nestfamily.com","1461 S Belt Line Rd # 500","9724027181","9724027100","596398","Direct Selling Establishments","www.nestfamily.com"," Email <---> Revenue ","1405670","Nest Family","1461 S Belt Line Rd # 500","Coppell","TX","75019","Dallas","www.nestfamily.com","9724027100","9724027181","Ernie Frausto","Manager","Mal","40000000","80","596398","Direct Selli","5","0","1"
"488707","Industrial Lubricant Co","ilcotyler@indlube.com","4547 Cantina Dr","2183261330","9035974800","517211","Lubricants (Wholesale)","www.industriallubricant.com"," Email <---> Revenue ","1275645","Industrial Lubricant Co","4547 Cantina Dr","Tyler","TX","75708","Smith","www.industriallubricant.com","9035974800","","Bill Ligman","Manager","Mal","26832000","8","517211","Lubricants (","5","0","1"
"171535","LA Hacienda Treatment Ctr","informes@haciendadellago.com","Fm 1340 Rd","2039691469","8302384222","839902","Alcoholism Information & Treatment Ctrs","www.lahacienda.com"," Email <---> Revenue ","410577","LA Hacienda Treatment Ctr","Fm 1340 Rd","Hunt","TX","78024","Kerr","www.addictionprograms.com","8302384222","8302384070","","","","30100000","140","839902","Alcoholism I","5","0","1"
"568233","Banc Tec Inc","inquiries@banctec.com","4435 Spring Valley Rd","2103488605","9724507700","737801","Computers-Service & Repair","www.banctec.com"," Email <---> Revenue ","1033933","Banc Tec Inc","4435 Spring Valley Rd","Dallas","TX","75244","Dallas","www.banctec.com","9724507700","9724507775","Craig Crisman","CEO","Mal","32600000","200","737801","Computers-Se","5","0","1"
"80075","Digital Recorders Inc","ir@digrec.com","5949 Sherry Ln # 1050","9193619635","2143788992","366302","Communication Equipment-Manufacturers","www.digrec.com"," Email <---> Revenue ","1155706","Digital Recorders Inc","5949 Sherry Ln # 1050","Dallas","TX","75225","Dallas","www.digrec.com","2143788992","2143788437","David L Turney","CEO","Mal","47773000","154","366302","Communicatio","5","0","1"
"94733","Hartung Brothers Inc","jamesh@hartungbrothers.com","2199 W Haciendo Rd","6088296001","8302784557","514102","Food Brokers","www.hartungbrothers.com"," Email <---> Revenue ","828114","Hartung Brothers Inc","2199 W Haciendo Rd","Uvalde","TX","78801","Uvalde","www.hartungbrothers.com","8302784557","8302787949","Dan Hartung","Owner","Mal","36384000","32","514102","Food Brokers","5","0","1"
"580243","Apex Steel Pipe & Piling","jason@apexpipe.com","1221 1/2 S Shepherd Dr","7138401913","7133555200","507403","Pipe-Used (Wholesale)","www.apexpipe.com"," Email <---> Revenue ","53538","Apex Steel Pipe & Piling","1221 1/2 S Shepherd Dr","Houston","TX","77019","Harris","www.apexpipe.com","7133555200","7138401913","Scott Irwin","Owner","Mal","29820000","60","507403","Pipe-Used (W","5","0","1"
"499889","Fajita Willie's Catering","jay.barnes@williesrestaurants.com","11311 Jones Rd W # G","NULL","2818075202","581212","Caterers","www.williesrestaurants.com"," Email <---> Revenue ","254347","Fajita Willie's Catering","11311 Jones Rd W # G","Houston","TX","77065","Harris","www.williesrestaurants.com","2818075202","","Fay Cade","Executive Director","Fem","28000000","700","581212","Caterers","5","1","1"
"512331","Eastern Metal Supply Of Texas","jdove@easternmetal.com","9400 Telge Rd","5615336061","2816562296","505128","Aluminum (Wholesale)","www.easternmetal.com"," Email <---> Revenue ","229570","Eastern Metal Supply Of Texas","9400 Telge Rd","Houston","TX","77095","Harris","www.easternmetal.com","2816562296","2816562297","John Dove","Manager","Mal","41880000","40","505128","Aluminum (Wh","5","0","1"
"595957","French-Ellison Truck Center","jellison@frenchellison.com","4300 N Cage Boulevard","9567812401","9567812401;95678163","421304","Trucking","null"," Email <---> Revenue ","276443","French-Ellison Truck Ctr","4300 N Cage Blvd","Pharr","TX","78577","Hidalgo","","9567812401","9567816391","Martha Ellison","Owner","Fem","45290000","70","551105","Truck-Dealer","5","2","1"
"540272","Shredder Co","jerrybench@theshredderco.com","7380 Doniphan Dr","9158774603","9158773814","332502","Foundries-Steel","www.theshredderco.com"," Email <---> Revenue ","612247","Shredder Co","7380 Doniphan Dr","Canutillo","TX","79835","El Paso","www.theshredderco.com","9158773814","9158774603","Scott Newell","Owner","Mal","26235000","165","332502","Foundries-St","5","0","1"
"589636","Taxco Produce Co","jesse@taxcoproduce.com","1718 S Good Latimer Expy","2144210518","2144217191","514801","Fruits & Vegetables-Wholesale","www.taxcoproduce.com"," Email <---> Revenue ","1558846","Taxco Produce Co","1718 S Good Latimer Expy","Dallas","TX","75226","Dallas","www.taxcoproduce.com","2144217191","2144210518","Jesse Mendoza","Owner","Mal","30856000","56","514801","Fruits & Veg","5","0","1"
"597229","Enviroquip Inc","jim.porteous@enviroquip.com","2404 Rutland Dr # 200","5128346039","5128346000","509942","Environmental & Ecological Prods (Whol)","www.enviroquip.com"," Email <---> Revenue ","244269","Enviroquip Inc","2404 Rutland Dr # 200","Austin","TX","78758","Travis","www.enviroquip.com","5128346000","5128346039","Jim Porteous","President","Mal","48144000","51","509942","Environmenta","5","0","1"
"585850","Northeast Texas Farmers Co-Op","jimratzlaff@netfc.com","428 Jackson St N","9034547941","9038854681","519112","Feed-Dealers (Wholesale)","www.netfc.com"," Email <---> Revenue ","1413897","Northeast Texas Farmers Co-Op","428 Jackson St N","Sulphur Springs","TX","75482","Hopkins","www.netfc.com","9038854681","9038854359","Brad Johnson","Manager","Mal","48100000","82","519112","Feed-Dealers","5","0","1"
"506420","Letsos Co","jletsos@letsos.com","8435 Westglen Dr","7139727880","7137833200","171114","Mechanical Contractors","www.letsos.com"," Email <---> Revenue ","426238","Letsos Co","8435 Westglen Dr","Houston","TX","77063","Harris","www.letsos.com","7137833200","7139727880","Jim Letsos","Owner","Mal","30000000","275","171114","Mechanical C","5","0","1"
"586118","Excel Machinery LTD","jpayne@excelmach.com","12100 E Interstate 40","8063353949","8063353737","508206","Contractors-Equip/Supls-Dlrs/Svc (Whol)","www.excelmach.com"," Email <---> Revenue ","248952","Excel Machinery LTD","12100 E Interstate 40","Amarillo","TX","79118","Potter","www.excelmach.com","8063353737","8063353949","Matt Garth","President","Mal","42000000","100","508206","Contractors-","5","0","1"
"578595","Ram Tool & Supply Co","jpickhardt@ram-tool.com","2323 Crown Rd","2143583768","2143582363","508206","Contractors-Equip/Supls-Dlrs/Svc (Whol)","www.ram-tool.com"," Email <---> Revenue ","1469228","Ram Tool & Supply Co","2323 Crown Rd","Dallas","TX","75229","Dallas","www.ram-tool.com","2143582363","2143583768","Page Naftel","Manager","Mal","26640000","40","508206","Contractors-","5","0","1"
"445342","Northeast Tex Farmers Co Op","kevin@drnunley.com","3001 Bois D Arc St","9034547941","9034556365","204803","Feed-Manufacturers","www.netsc.com"," Email <---> Revenue ","1413865","Northeast Tex Farmers Co Op","3001 Bois D Arc St","Greenville","TX","75401","Hunt","www.netsc.com","9034556365","9034547941","Brad Johnson","Manager","Mal","38050000","50","204803","Feed-Manufac","5","0","1"
"426123","Klein Transportation","kleintouch@kleinisd.net","19020 Doerre Rd","8322494038","8322494566","478977","Transportation","www.kleinisd.net"," Email <---> Revenue ","853821","Klein Transportation","19020 Doerre Rd","Spring","TX","77379","Harris","www.kleinisd.net","8322494566","8322494030","Charles Gavin","Executive Director","Mal","32000000","250","478977","Transportati","5","0","1"
"319618","Noble Logistics Svc Inc","kshaneybrook@noblelogistics.com","11335 Clay Rd # 100","7136904478","7136900200","421205","Delivery Service","www.noblelogistics.com"," Email <---> Revenue ","506605","Noble Logistics Svc Inc","11335 Clay Rd # 100","Houston","TX","77041","Harris","www.noblelogistics.com","7136900200","7136904478","Steve Savant","CEO","Mal","45120000","320","421205","Delivery Ser","5","0","1"
"528812","Prism Enterprises","kwalsh@lincolnindustrial.com","6952 Fairgrounds Pkwy","2105097463","2105208051","384104","Physicians & Surgeons Equip & Supls-Mfrs","www.mityvac.com"," Email <---> Revenue ","902101","Prism Enterprises","6952 Fairgrounds Pkwy","San Antonio","TX","78238","Bexar","www.mityvac.com","2105208051","2105097463","Merle Smith","Owner","Mal","33600000","150","384104","Physicians &","5","0","1"
"549027","KWTX","kwtxeditor@gray.tv","6700 American Plz","2547511088","2547761330","483301","Television Stations & Broadcasting CO","www.kwtx.com"," Email <---> Revenue ","1312223","KWTX","6700 American Plz","Waco","TX","76712","Mc Lennan","www.kwtx.com","2547761330","2547511088","Rich Adams","President","Mal","25596000","81","483301","Television S","5","0","1"
"586317","KJTL","lauren@kfdx.com","4500 Seymour Hwy","9406965766","9406911808","483301","Television Stations & Broadcasting CO","www.kfdx.com"," Email <---> Revenue ","1311427","KJTL","4500 Seymour Hwy","Wichita Falls","TX","76309","Wichita","www.kfdx.com","9406911808","9406965766","Stephanie Reed","Manager","Fem","28440000","90","483301","Television S","5","0","1"
"71863","Lemmons Co","lemmons@lemmonsco.com","3900 Spring Valley Rd","9723867000","9724907000","514102","Food Brokers","www.thelemmonscompany.com"," Email <---> Revenue ","1338896","Lemmons Co","3900 Spring Valley Rd","Dallas","TX","75244","Dallas","www.thelemmonscompany.com","9724907000","9723867000","John Culin","Owner","Mal","39795000","35","514102","Food Brokers","5","0","1"
"596094","DNV","leonardo.omodeo.zorini@dnv.com","16340 Park Ten Pl # 100","7702790282","2817216600","871133","Engineers-Professional","www.dnv.com"," Email <---> Revenue ","193132","DNV","16340 Park Ten Pl # 100","Houston","TX","77084","Harris","www.dnv.com","2817216600","2817216900","Carl Carlson","VP","Mal","31600000","200","871133","Engineers-Pr","5","0","1"
"143287","Koetter Fire Protection Svc","linkcoordinator@koetterfire.com","10351 Olympic Dr","2143509930","2143583593","506315","Fire Protection Equipment & Supls (Whol)","www.koetterfire.com"," Email <---> Revenue ","1323398","Koetter Fire Protection Svc","10351 Olympic Dr","Dallas","TX","75220","Dallas","www.koetterfire.com","2143583593","2143509930","Bob Rabroker","Owner","Mal","46060000","70","506315","Fire Protect","5","0","1"
"573017","American Permanent Ware Inc","literature@apwwyott.com","729 3rd Ave","3076378071","2144217360","358998","Service Industry Machinery Nec (Mfrs)","www.apwwyott.com"," Email <---> Revenue ","1008524","American Permanent Ware Inc","729 3rd Ave","Dallas","TX","75226","Dallas","www.apwwyott.com","2144217360","2145650976","Hilton Jonas","CEO","Mal","44800000","200","358998","Service Indu","5","0","1"
"586886","Centene Corp","lwilson@centene.com","2100 S I H 35 # 202","4143454624","5124829559","632404","Health Plans","www.centene.com"," Email <---> Revenue ","139983","Centene Corp","2100 S I H 35 # 202","Austin","TX","78704","Travis","www.centene.com","5124829559","5126921435","Christopher Bowers","President","Mal","43450000","50","632404","Health Plans","5","0","1"
"583249","Marathon Coach","marathonsales@marathoncoach.com","1175 Post N Paddock St","5413421161","9722061064","501207","Buses-Distributors","www.marathoncoach.com"," Email <---> Revenue ","1362456","Marathon Coach","1175 Post N Paddock St","Grand Prairie","TX","75050","Dallas","www.marathoncoach.com","9722061064","9726233882","Charlie Myers","Manager","Mal","44400000","12","501207","Buses-Distri","5","0","1"
"552504","Regional Steel Products Inc","marc@regionalsteel.net","4853 Us Highway 87 S","3615760930","3615785277","505106","Steel-Distributors & Warehouses","www.regionalsteel.net"," Email <---> Revenue ","909801","Regional Steel Products Inc","4853 Us Highway 87 S","Victoria","TX","77905","Victoria","www.regionalsteel.net","3615785277","3615760930","Elton E Calhoun","Owner","Mal","28269000","27","505106","Steel-Distri","5","0","1"
"563992","Mariah Fuel","marilyn@mariahfuels.com","24900 Pitkin Rd # 175","2813629055","2813629988","517210","Gasoline & Oil-Wholesale","www.mariahfuels.com"," Email <---> Revenue ","869630","Mariah Fuel","24900 Pitkin Rd # 175","Spring","TX","77386","Montgomery","www.mariahfuels.com","2813629988","2813629055","Brian Nabors","Manager","Mal","30186000","9","517210","Gasoline & O","5","0","1"
"144404","Car Max Auto Superstore","marketingsolutions@carmax.com","19500 Northwest Fwy","9543827006","2819706690","551103","Automobile Dealers-Used Cars","www.carmax.com"," Email <---> Revenue ","130427","Car Max Auto Superstore","19500 Northwest Fwy","Houston","TX","77065","Harris","www.carmax.com","2819706690","2818072360","Walter Shattenkirk","Manager","Mal","38820000","60","551103","Automobile D","5","1","1"
"501371","Heads Up Technologies","mis@heads-up.com","2033 Chenault  100","9724071131","9724071758","873110","Technology Assistance Programs","HEADS-UP.COM^^HEADS-UP.INFO^^LASERTREK.COM"," Email <---> Revenue ","1252668","Heads Up Technologies","2033 Chenault Dr # 100","Carrollton","TX","75006","Dallas","www.heads-up.com","9724071131","9724071758","Robert Harshaw","President","Mal","30300000","30","506519","Electronic E","5","0","1"
"494328","Tube Forming Inc","mkt@wlv.com","2101 W Belt Line Rd","9725122400","9725122401","335198","Rolling Drawing/Extruding-Copper (Mfrs)","www.wlv.com"," Email <---> Revenue ","1588179","Tube Forming Inc","2101 W Belt Line Rd","Carrollton","TX","75006","Dallas","www.wlv.com","9725122400","9725122401","Chris Foster","Plant Mgr","Mal","25300000","0","335198","Rolling Draw","5","0","1"
"561802","Gexa Corp","mlf@mlffinancial.com","20 E Greenway Plz # 600","7139619399","7139619399","491101","Electric Companies","www.mlffinancial.com"," Email <---> Revenue ","291706","Gexa Corp","20 E Greenway Plz # 600","Houston","TX","77046","Harris","www.mlffinancial.com","7139619399","","Neil Leibman","CEO","Mal","47432000","77","491101","Electric Com","5","0","1"
"358277","Kranco Crane Svc Inc","monique.cochran@us.konecranes.com","5125 Hiltonview Rd","2693232528","2816310300","508418","Cranes-Accessories & Parts (Wholesale)","www.cranepro.com"," Email <---> Revenue ","406433","Kranco Crane Svc Inc","5125 Hiltonview Rd","Houston","TX","77086","Harris","www.cranepro.com","2816310300","2816310799","Ric Solis","Manager","Mal","27200000","50","508418","Cranes-Acces","5","0","1"
"511107","RAM Aircraft Corp","montyb@ramaircraft.com","7505 Karl May Dr","2547523307","2547528381","372498","Aircraft Engines & Engine Parts-Mfrs","www.ramaircraft.com"," Email <---> Revenue ","1466309","RAM Aircraft Corp","7505 Karl May Dr","Waco","TX","76708","Mc Lennan","www.ramaircraft.com","2547528381","2547523307","Cecil Padgett","President","Mal","39270000","110","372498","Aircraft Eng","5","0","1"
"165923","Mobile Phone Of Texas Inc","mpot@mpot.com","1122 Lamar St","9407232385","9407237155","506505","Radio Paging/Signaling Eqpt Systs (Whol)","www.mpot.com"," Email <---> Revenue ","1390003","Mobile Phone Of Texas Inc","1122 Lamar St","Wichita Falls","TX","76301","Wichita","www.mpot.com","9407237155","9407232385","Mickey Shipman","Manager","Mal","30300000","30","506505","Radio Paging","5","0","1"
"537882","Angel Brothers Enterprise Inc","msablatura@angelbrothers.com","5210 West Rd","2814212344","2814215721","179403","Excavating Contractors","www.angelbrothers.com"," Email <---> Revenue ","49784","Angel Brothers Enterprise Inc","5210 West Rd","Baytown","TX","77521","Harris","www.angelbrothers.com","2814215721","2814212344","Greg Angel","Owner","Mal","29000000","210","179403","Excavating C","5","0","1"
"581146","Harmoney Industrial Mntnc","mstone@turner-industries.com","99 Hendrson St","3619875944","3619872136","152144","Construction Companies","www.turner-industries.com"," Email <---> Revenue ","318619","Harmoney Industrial Mntnc","99 Hendrson St","Point Comfort","TX","77978","Calhoun","www.turner-industries.com","3619872136","3619875944","Walt Ingram","Plant Mgr","Mal","47200000","200","152144","Construction","5","0","1"
"552369","Delta Brands Inc","mtikhman@dbimfg.com","2204 Century Center Blvd","9724387078","9724387150","354998","Metalworking Machinery Nec (Mfrs)","www.dbimfg.com"," Email <---> Revenue ","1149633","Delta Brands Inc","2204 Century Center Blvd","Irving","TX","75062","Dallas","www.dbimfg.com","9724387150","9724387078","Samuel Savariego","Owner","Mal","27300000","116","354998","Metalworking","5","0","1"
"368039","Dowell Schlumberger Tech Corp","noldc@04desember.com","801 S Standard St","9032956104","9032970222","138905","Oil Field Service","www.cintah.com"," Email <---> Revenue ","1164251","Dowell Schlumberger Tech Corp","801 S Standard St","Longview","TX","75604","Gregg","www.cintah.com","9032970222","9032956104","Torston Braun","Manager","Mal","31460000","220","138905","Oil Field Se","5","0","1"
"364758","O I Corp","oimail@oico.com","151 Graham Rd","9796900440","9796901711","382698","Laboratory Analytical Instruments (Mfrs)","www.oico.com"," Email <---> Revenue ","510992","O I Corp","151 Graham Rd","College Station","TX","77845","Brazos","www.oico.com","9796901711","9796900440","William W Botts","CEO","Mal","28480000","142","382698","Laboratory A","5","0","1"
"576536","Oce North America","ona-supplies@oce.com","5215 N O Connor Blvd # 1200","8186106460","9725561155","504999","Professional Equipment Nec (Wholesale)","www.oceusa.com"," Email <---> Revenue ","1418005","Oce North America","5215 N O Connor Blvd # 1200","Irving","TX","75039","Dallas","www.oceusa.com","9725561155","9725561295","Bill Sierra","Manager","Mal","45465000","105","504999","Professional","5","0","1"
"493538","Vernon E Faulconer Inc","ownerrelations@vefinc.com","1001 E Southeast Loop 323","9035811515","9035814382","131105","Oil Operators","www.vefinc.com"," Email <---> Revenue ","1602563","Vernon E Faulconer Inc","1001 E Southeast Loop 323","Tyler","TX","75701","Smith","www.vefinc.com","9035814382","9035811515","Vernon E Faulconer","Owner","Mal","25350000","25","131105","Oil Operator","5","0","1"
"567004","Sunray Co-Op","pamw@sunraycoop.com","101 N Main St","8069485606","8069484121","422101","Grain Elevators","www.sunraycoop.com"," Email <---> Revenue ","940465","Sunray Co-Op","101 N Main St","Sunray","TX","79086","Moore","www.sunraycoop.com","8069484121","8069485606","Dave Reinders","Manager","Mal","40000000","80","422101","Grain Elevat","5","0","1"
"504029","Brownsville Public Utilities","pbarrera@brownsville-pub.com","1425 Robinhood St","9569836289","9569836100","494102","Water & Sewage Companies-Utility","www.brownsville-pub.com"," Email <---> Revenue ","111593","Brownsville Public Utilities","1425 Robinhood St","Brownsville","TX","78521","Cameron","www.brownsville-pub.com","9569836100","9569836289","John Bruciak","CEO","Mal","31950000","150","494102","Water & Sewa","5","0","1"
"386840","Permian Tank","permiantank@permiantank.com","2701 W Interstate 20","4323335482","4325801050","379598","Tanks & Tank Components (Manufacturers)","www.permiantank.com"," Email <---> Revenue ","534814","Permian Tank","2701 W Interstate 20","Odessa","TX","79766","Ector","www.permiantank.com","4325801050","4323335482","Glen Womack","Owner","Mal","40200000","150","379598","Tanks & Tank","5","0","1"
"550408","Interphase Corp","pr@iphase.com","2901 N Dallas Pkwy # 200","2146545500","2146545000","737314","Internet Svcs-Network Designers/Conslnt","www.interphase.com"," Email <---> Revenue ","1279517","Interphase Corp","2901 N Dallas Pkwy # 200","Plano","TX","75093","Collin","www.interphase.com","2146545000","2146545500","Gregory B Kalush","CEO","Mal","32490000","151","737314","Internet Svc","5","0","1"
"549052","PSI Urethanes Inc","psi@psiurethanes.com","10503 Metropolitan Dr","5128378733","5128355873","282104","Polyurethane Products-Manufacturers","www.psiurethanes.com"," Email <---> Revenue ","522550","PSI Urethanes Inc","10503 Metropolitan Dr","Austin","TX","78758","Travis","www.psiurethanes.com","5128355873","5128378733","","","","47750000","50","282104","Polyurethane","5","0","1"
"1396","Palmer Steel Supplies INC","pthompson@palmersteel.com","4300 Acapulco Ave","9566866575","9566867022","1099","Metal ores","PALMERSTEEL.COM"," Email <---> Revenue ","524260","Palmer Steel Supplies Inc","4300 Acapulco Ave","Mcallen","TX","78503","Hidalgo","www.palmersteel.com","9566866575","9566867022","James Thompson","President","Mal","32850000","150","344106","Steel-Struct","5","0","1"
"350153","Cfan","r.baeumel@c-fan.com","1000 Technology Way","5123532838","512-353-2832","3714","Motor Vehicle Parts and Accessories (dump truck lifting mechanisms and fifth wheels)","NULL"," Email <---> Revenue ","766348","CFAN","1000 Technology Way","San Marcos","TX","78666","Hays","www.cfan.com","5123532832","5123532838","Bob Baeumel","President","Mal","33600000","175","376902","Space Compon","5","0","1"
"555028","Guadalupe Valley Elec Co-Op","ray@geronimotexas.com","1400 W Kingsbury St","2109455011","8303792114","491101","Electric Companies","www.gvec.org"," Email <---> Revenue ","823974","Guadalupe Valley Elec Co-Op","1400 W Kingsbury St","Seguin","TX","78155","Guadalupe","www.gvec.org","8303792114","8304018329","Roger Bading","Manager","Mal","46200000","75","491101","Electric Com","5","0","1"
"499015","Rush Truck Ctr","refusesales@rush-enterprises.com","12253 Gateway Blvd W","9157724117","9157786435","551105","Truck-Dealers","www.rushenterprises.com"," Email <---> Revenue ","589752","Rush Truck Ctr","12253 Gateway Blvd W","El Paso","TX","79936","El Paso","www.rushenterprises.com","9157786435","9157724117","Rob Nixon","Manager","Mal","25000000","80","551105","Truck-Dealer","5","2","1"
"571757","Lawler Inc","resumes@lawlers.com","2200 S Houston Ave","2815404507","2815403321","546102","Bakers-Retail","www.lawlers.com"," Email <---> Revenue ","421115","Lawler Inc","1219 Carpenter Rd","Humble","TX","77396","Harris","www.lawlers.com","2814460059","2814463806","Bill Lawler","Owner","Mal","34000000","200","205198","Bread/Other ","5","0","1"
"289293","Houston Armature Works","rheaton@houstonarmature.com","6100 Harrisburg Blvd","7139283845","7139282615","506333","Electric Motors-Dlrs/Repairing (Whol)","www.houstonarmature.com"," Email <---> Revenue ","339437","Houston Armature Works","6100 Harrisburg Blvd","Houston","TX","77011","Harris","www.houstonarmature.com","7139282615","7139283845","Robert Jackson","Manager","Mal","32900000","50","506333","Electric Mot","5","0","1"
"514781","Furniture Marketing Group Inc","richardg@spiritwolfx.com","16301 Quorum Dr # 100a","4102358382","9723861900","502112","Office Furniture & Equip-Dealers (Whol)","www.pricemodern.com"," Email <---> Revenue ","1216717","Furniture Marketing Group Inc","16301 Quorum Dr # 100a","Addison","TX","75001","Dallas","www.fmgi.com","9723861900","9724196599","Greg Almond","President","Mal","30000000","125","502112","Office Furni","5","0","1"
"562190","Northwest Pipe","rkisiel@nwpipe.com","351 Longhorn Rd","9138742801","8178471402","331798","Steel Pipe & Tubes (Manufacturers)","www.nwpipe.com"," Email <---> Revenue ","1414503","Northwest Pipe","351 Longhorn Rd","Saginaw","TX","76179","Tarrant","www.nwpipe.com","8178471402","8172320372","Dale Fox","Plant Mgr","Mal","35600000","100","331798","Steel Pipe &","5","0","1"
"227159","Performance Pipe","Robert.Sweeny@plexco.com","1601 W US Highway 287 Byp","9729374530","972-937-0852","3084","Plastics Pipe","NULL"," Email <---> Revenue ","1439261","Performance Pipe","1601 W Highway 287 Byp","Waxahachie","TX","75165","Ellis","","9729236400","9729374530","Mike Hemm","Plant Mgr","Mal","35496000","102","308401","Pipe-Plastic","5","0","1"
"152351","Goodrich Petroleum Corp","robert.turnham@goodrichpetroleum.com","808 Travis St # 1320","3184292296","7137809494","138203","Oil & Gas Exploration & Development","www.goodrichpetroleum.com"," Email <---> Revenue ","299189","Goodrich Petroleum Corp","808 Travis St # 1320","Houston","TX","77002","Harris","www.goodrichpetroleum.com","7137809494","7137809254","Walter G Goodrich","CEO","Mal","47330000","52","138203","Oil & Gas Ex","5","0","1"
"351929","Nueces Power Equipment","rodney@npetex.com","7510 Ih 37","3612897424","3612890066","508206","Contractors-Equip/Supls-Dlrs/Svc (Whol)","www.nuecespower.com"," Email <---> Revenue ","510267","Nueces Power Equipment","7510 Ih 37","Corpus Christi","TX","78409","Nueces","www.nuecespower.com","3612890066","3612897424","Clifton Bradshaw","Owner","Mal","33300000","50","508206","Contractors-","5","0","1"
"589744","Charles Clark Chevrolet Co","roger@clarkchevrolet.com","911 W Us Highway 83","9566861623","9566877134","501205","Automobile Dealers-Used Cars-Wholesale","www.clarkchevrolet.com"," Email <---> Revenue ","144827","Charles Clark Chevrolet Co","911 W Us Highway 83","Mcallen","TX","78501","Hidalgo","www.clarkchevrolet.com","9566877134","9566861623","Rick Cantu","Manager","Mal","38600000","200","501205","Automobile D","5","0","1"
"469991","Hobbs BONDED Fibers","rogerw@hobbsbondedfibers.com","200 Commerce Dr","2547727238","2547410040","265501","Fiber & Fiber Products (Manufacturers)","www.hobbsbondedfibers.com"," Email <---> Revenue ","1261207","Hobbs BONDED Fibers","200 Commerce Dr","Waco","TX","76710","Mc Lennan","www.hobbsbondedfibers.com","2547410040","2547727238","Carey Hobbs","Owner","Mal","39150000","150","265501","Fiber & Fibe","5","0","1"
"50527","JCS Inc-Jimenez Contract Svc","rwhite@j-c-s.com","1246 Silber Rd","7136818810","7136816407","502112","Office Furniture & Equip-Dealers (Whol)","www.j-c-s.com"," Email <---> Revenue ","365925","JCS Inc-Jimenez Contract Svc","1246 Silber Rd","Houston","TX","77055","Harris","www.j-c-s.com","7136816407","7136818810","Mike Carr","VP","Mal","45680000","80","502112","Office Furni","5","0","1"
"590271","Star Automotive Warehouse Inc","s.hornung@sonsio.com","4130 Platinum Way","6173546283","2143308171","501313","Automobile Parts & Supplies-Wholesale","www.mawdi.com"," Email <---> Revenue ","1536553","Star Automotive Warehouse Inc","4130 Platinum Way","Dallas","TX","75237","Dallas","www.mawdi.com","2143308171","2143373451","Rick Buzzard","Owner","Mal","38080000","85","501313","Automobile P","5","0","1"
"600606","Mc Lane Foodservice","saladomerchandising@mclaneco.com","2085 Midway Rd","4079334358","9728668419","596305","Food Service-Management","www.mclaneco.com"," Email <---> Revenue ","1372901","Mc Lane Foodservice","2085 Midway Rd","Carrollton","TX","75006","Dallas","www.mclaneco.com","9728668419","9723642054","Mike Youngblood","President","Mal","46800000","300","596305","Food Service","5","0","1"
"527579","Merkafon International","sales02@tpmex.com","6500 International Pkwy # 1500","2147503333","2147503310","738912","Telemarketing Services","www.merkafon.com"," Email <---> Revenue ","1379053","Merkafon International","6500 International Pkwy # 1500","Plano","TX","75093","Collin","www.merkafon.com","2147503310","2147503333","Cassie Patton","Manager","Fem","28200000","300","738912","Telemarketin","5","0","1"
"358829","Marshall Gas Controls","sales-info@mgc-mbc.com","1000 Civic Center Loop","5123962217","5123962257","362598","Relays & Industrial Controls (Mfrs)","www.marshallgascontrols.com"," Email <---> Revenue ","870495","Marshall Gas Controls","1000 Civic Center Loop","San Marcos","TX","78666","Hays","www.marshallgascontrols.com","5123962257","5123962217","Don C Leggitt Sr","CEO","Mal","33600000","150","362598","Relays & Ind","5","0","1"
"528647","Tap Rite-Fassco Mfg Inc","scottc@taprite.com","3248 Northwestern","2106466009","2106466006","358503","Beverage Dispensing Equip/Supls-Mfrs","www.taprite.com"," Email <---> Revenue ","943947","Tap Rite-Fassco Mfg Inc","3248 Northwestern","San Antonio","TX","78238","Bexar","www.taprite.com","2106466006","2106466009","Craig Swanson","President","Mal","34190000","130","358503","Beverage Dis","5","0","1"
"381680","KFDM","scottl@kfdm.com","2955 Interstate 10 E","4098926665","4098926622","483301","Television Stations & Broadcasting CO","www.kfdm.com"," Email <---> Revenue ","391779","KFDM","2955 Interstate 10 E","Beaumont","TX","77702","Jefferson","www.kfdm.com","4098926622","4098926665","Larry Beaulieu","VP","Mal","29072000","92","483301","Television S","5","0","1"
"566716","Doty-Moore Towr Svc","sitedevelopment@americantower.com","1570 W Belt Line Rd","8182550377","9722931200","506504","Radio Communication Equip & Systems-Whol","www.spectrasite.com"," Email <---> Revenue ","1163127","Doty-Moore Towr Svc","1570 W Belt Line Rd","Cedar Hill","TX","75104","Dallas","www.spectrasite.com","9722931200","9722931255","Patrick Moore","Owner","Mal","43430000","43","506504","Radio Commun","5","0","1"
"582506","Batterson Inc","stace@batterson.com","3612 Golf Dr","7136885688","7136885433","161104","Parking Area/Lots Maintenance & Marking","www.batterson.com"," Email <---> Revenue ","80965","Batterson Inc","3612 Golf Dr","Houston","TX","77018","Harris","www.batterson.com","7136885433","7136885688","Mike Batterson","Owner","Mal","35720000","152","161104","Parking Area","5","0","1"
"384331","Kitz Corp Of America","Steve.Twellman@kitz.com","10750 Corporate Dr","2814919402","281-491-7333","3494","Valves and Pipe Fittings","NEC (except metal pipe hangers and supports)"," Email <---> Revenue ","850104","KITZ Corp Of America","10750 Corporate Dr","Stafford","TX","77477","Fort Bend","www.kitz.com","2814917333","2814919402","","","","45600000","80","508513","Valves-Whole","5","0","1"
"279841","Mid-Coast Electric Supply; Inc","steveb@mcesi.com","1801 Stotlz","3615756311","null","173101","Electric Contractors","ITPOWERONLINE.COM"," Email <---> Revenue ","876524","Mid-Coast Electric Supply Inc","1801 Stolz St","Victoria","TX","77901","Victoria","www.midcoastelectric.com","3615756311","3615755515","Louis Barker","President","Mal","28294000","43","506330","Electric Equ","5","0","1"
"411922","Foretravel Of Nacogdoches","stevem@parliamentcoach.com","1221 NW Stallings Dr","9365609523","9365648367","371601","Motor Homes-Manufacturers","www.foretravel.com"," Email <---> Revenue ","1209423","Foretravel Of Nacogdoches","1221 NW Stallings Dr","Nacogdoches","TX","75964","Nacogdoches","www.foretravel.com","9365648367","9365609523","Ray Fore","President","Mal","35600000","350","371601","Motor Homes-","5","0","1"
"447174","Port Royal Ocean Resort Condos","susan@port-royal.com","6317 State Highway 361","3617495806","3617495011","651301","Condominiums","www.port-royal.com"," Email <---> Revenue ","900105","Port Royal Ocean Resort Condos","6317 State Highway 361","Port Aransas","TX","78373","Nueces","www.port-royal.com","3617495011","3617495806","Jack Rush","Manager","Mal","37620000","190","651301","Condominiums","5","0","1"
"526210","Watkins Construction","swatkins@watkinsconstruction.com","3229 S 15th St","9038727433","9038746587","162301","Pipe Line Contractors","www.watkinsconstruction.com"," Email <---> Revenue ","1612954","Watkins Construction","3229 S 15th St","Corsicana","TX","75110","Navarro","www.watkinsconstruction.com","9038746587","9038727433","Jerry Watkins","Owner","Mal","41750000","250","162301","Pipe Line Co","5","0","1"
"513883","Sweetlix","sweetlix@ridleyinc.com","5150 Blue Mound Rd","8176256116","8176256680","519109","Feed Concentrates & Supplements (Whol)","www.sweetlix.com"," Email <---> Revenue ","1551459","Sweetlix","5150 Blue Mound Rd","Fort Worth","TX","76106","Tarrant","www.sweetlix.com","8176256680","8176256116","Wes Hermly","Manager","Mal","26600000","40","519109","Feed Concent","5","0","1"
"382615","A plus International","tedkim@tpx.com","616 107 st","8176401234","8176401535","738999","Business Services Nec","APLUSINT.COM"," Email <---> Revenue ","1067078","Builders First Source","3403 E Abram St","Arlington","TX","76010","Tarrant","","8176401234","8176492560","Alan Davenport","President","Mal","30000000","250","503114","Building Mat","5","0","1"
"562626","A-Lert Roof Systems","tfc@centurionind.com","2464 N Heideke St","8303726173","8303729455","521114","Roofing Materials","www.centurionind.com"," Email <---> Revenue ","732456","A-Lert Roof Systems","2464 N Heideke St","Seguin","TX","78155","Guadalupe","www.centurionind.com","8303729455","8303726173","Neil Berry","President","Mal","25800000","100","521114","Roofing Mate","5","0","1"
"101404","College Station Medical Ctr","thomas.jackson@triadhospitals.com","NULL","NULL","979-764-5100","806201","General Medical and Surgical Hospitals","NULL"," Email <---> Revenue ","165455","College Station Medical Ctr","1604 Rock Prairie Rd","College Station","TX","77845","Brazos","www.csmedcenter.com","9797645100","9796967373","Thomas Jackson","CEO","Mal","42400000","400","806201","Medical Cent","5","0","1"
"587007","Southern Enterprises Inc","tonya@seidal.com","1970 Crown Dr","9728694907","9728690111","509905","Importers","www.seidal.com"," Email <---> Revenue ","1527690","Southern Enterprises Inc","1970 Crown Dr","Farmers Branch","TX","75234","Dallas","www.seidal.com","9728690111","9728694907","Gary Horowitz","Owner","Mal","28320000","30","509905","Importers","5","0","1"
"598866","Glass Wholesalers","tools@gwiweb.com","4822 Southerland Rd","7133535333","7133535800","503906","Glass-Wholesale","www.gwiweb.com"," Email <---> Revenue ","294071","Glass Wholesalers","4822 Southerland Rd","Houston","TX","77092","Harris","www.gwiweb.com","7133535800","7133535333","Bob Lawrence","Owner","Mal","46800000","130","503906","Glass-Wholes","5","0","1"
"334666","Dac Vision","tspangler@dacvision.com","3930 Miller Park Dr","9725432505","9724944555","504801","Optical Goods-Wholesale","www.dacvision.com"," Email <---> Revenue ","1137336","Dac Vision","3930 Miller Park Dr","Garland","TX","75042","Dallas","www.dacvision.com","9724944555","9725432505","Richard Bullwinkle","President","Mal","25360000","80","504801","Optical Good","5","0","1"
"408005","Yarto International","tspook@yartointernational.com","8101 S 23rd St Ste 104","9566185742","9566181005","738999","Business Services Nec","YARTOINTERNATIONAL.COM"," Email <---> Revenue ","725836","Yarto International","8101 S 23rd St # 104","Mcallen","TX","78503","Hidalgo","","9566183006","9566183112","Robert Yarto","Owner","Mal","25760000","20","514704","Meat-Wholesa","5","0","1"
"514823","Move Solutions LTD","txmasopty@tospartners.com","4502 Macro # 2","2146303547","2106666129","502122","Office Furniture & Equip-Instltn (Whol)","www.movesolutions.com"," Email <---> Revenue ","880540","Move Solutions LTD","4502 Macro # 2","San Antonio","TX","78218","Bexar","www.movesolutions.com","2106666129","2106663130","Kathy Gutierrez","Manager","Mal","28550000","50","502122","Office Furni","5","0","1"
"596186","Photo Etch Co","tysonmoulder@photo-etch.com","5600 Blue Mound Rd","8178774148","8173323806","559908","Aircraft Equipment Parts & Supplies","www.photo-etch.com"," Email <---> Revenue ","1442685","Photo Etch Co","5600 Blue Mound Rd","Fort Worth","TX","76131","Tarrant","www.photo-etch.com","8173323806","8178774148","Randall Fry","Owner","Mal","30515000","85","559908","Aircraft Equ","5","0","1"
"531325","Network IP","unixhire@networkip.net","119 W Tyler St # 100","9033234849","9033234900","481304","Telephone Companies","www.networkip.net"," Email <---> Revenue ","1406052","Network IP","119 W Tyler St # 100","Longview","TX","75601","Gregg","www.networkip.net","9033234900","9033234849","Pete Pattullo","President","Mal","28305000","85","481304","Telephone Co","5","0","1"
"77408","Coreslab Structures Texas Inc","username@coreslab.com","13425 Limecreek Rd","8037834264","5122500755","327201","Concrete-Prestressed (Manufacturers)","www.coreslab.com"," Email <---> Revenue ","175542","Coreslab Structures Texas Inc","13425 Limecreek Rd","Cedar Park","TX","78613","Williamson","www.coreslab.com","5122500755","5122501967","Byron Freeby","President","Mal","27540000","170","327201","Concrete-Pre","5","0","1"
"371010","Wasatch Ophthalmics","weirsdp@weirs.net","3219 Knox Street","2145280321","null","571216","Furniture","WEIRS.BIZ"," Email <---> Revenue ","1615303","Weir's Furniture Village","3219 Knox St # A","Dallas","TX","75205","Dallas","www.weirsfurniture.com","2145280321","2145214302","Mark Moore","President","Mal","26600000","150","571216","Furniture-De","5","0","1"
"47425","Wichita Livestock Sales Co","wls@wichitalivestock.com","4006 Us Highway 281","9405412227","9405412222","515402","Livestock Auction Markets","www.wichitalivestock.com"," Email <---> Revenue ","1621315","Wichita Livestock Sales Co","4006 Us Highway 281","Scotland","TX","76379","Archer","www.wichitalivestock.com","9405412222","9405412227","Billy Easter","Owner","Mal","46110000","30","515402","Livestock Au","5","0","1"
"212180","Standard Structures Inc","yolanda@standardstructures.com","1500 W Interstate 20","4323371540","4325805353","154210","Buildings-Metal","NULL"," Email <---> Revenue ","631760","Standard Structures Inc","1500 W Interstate 20","Odessa","TX","79763","Ector","www.standardstructuresinc.com","4325805353","4323371540","John Evans","President","Mal","32850000","75","154210","Buildings-Me","5","0","1"
"554428","KRIS","yournumber@messaging.nextel.com","409 S Staples St","3618866116","3618866100","483301","Television Stations & Broadcasting CO","www.kristv.com"," Email <---> Revenue ","392239","KRIS","409 S Staples St","Corpus Christi","TX","78401","Nueces","www.kristv.com","3618866100","3618866116","Jim Smith","Manager","Mal","31600000","100","483301","Television S","5","0","1"
