mail id,company,email,address,phone,fax,sic,sic description,web,,revenue id,company,address,city,state,zip,	metro,web,phone,fax,contact,position,gender,sales,# of employee,sic,sic_descrpiton,	,,
"563102","Retama Park Racetrack","admissions@retamapark.com","1 Retama Pkwy","2106517097","2106517000","794801","Race Tracks","www.retamapark.com"," Email <---> Revenue ","910958","Retama Park Racetrack","1 Retama Pkwy","Selma","TX","78154","Guadalupe","www.retamapark.com","2106517000","2106517097","Joe Straus Jr","Owner","Mal","63000000","500","794801","Race Tracks","6","1","1"
"561498","Texas Farm Products Co","apeel@texasfarm.com","915 S Fredonia St","9365608200","9365643711","204803","Feed-Manufacturers","www.texasfarmproducts.com"," Email <---> Revenue ","1566393","Texas Farm Products Co","915 S Fredonia St","Nacogdoches","TX","75964","Nacogdoches","www.texasfarmproducts.com","9365643711","9365608200","M Steele Wright Iii","CEO","Mal","62000000","300","204803","Feed-Manufac","6","0","1"
"150843","Avery & Co","averyoil@averyoil.com","219 Duval St","2102221353","2102221308","517214","Oils-Lubricating-Wholesale","www.averyoil.com"," Email <---> Revenue ","750175","Avery & Co","219 Duval St","San Antonio","TX","78208","Bexar","www.averyoil.com","2102221308","2102221353","Mike Riordan","Owner","Mal","83850000","25","517214","Oils-Lubrica","6","0","1"
"385164","Barse & Co","barsesouthlake@barse.com","7800 John W Carpenter Fwy","2146311001","2146310925","509406","Jewelers-Wholesale","www.barse.com"," Email <---> Revenue ","1036966","Barse & Co","7800 John W Carpenter Fwy","Dallas","TX","75247","Dallas","www.barse.com","2146310925","2146311001","Michael Gobril","Owner","Mal","50880000","60","509406","Jewelers-Who","6","0","1"
"239873","ABC Bus Co","bborwege@abc-companies.com","1702 S Great Southwest Pkwy","5073335660","9722061110","501209","Buses-New & Used (Wholesale)","www.abc-companies.com"," Email <---> Revenue ","982181","ABC Bus Co","1702 S Great Southwest Pkwy","Grand Prairie","TX","75051","Dallas","www.abc-companies.com","9722061110","9726027333","Tim Vaught","VP","Mal","74000000","20","501209","Buses-New & ","6","0","1"
"393858","Hunton Distribution Group","bdjones@trane.com","10555 Westpark Dr","7132663551","7132663551","507505","Air Conditioning Supplies & Parts (Whol)","www.houstontrane.com"," Email <---> Revenue ","345250","Hunton Distribution Group","10555 Westpark Dr","Houston","TX","77042","Harris","www.houstontrane.com","7132663551","","Richard Hunton","Owner","Mal","76500000","150","507505","Air Conditio","6","0","1"
"564175","Argus Security Systems Inc","bduhamell@asgsecurity.com","314 Ash Ave","9567255526","9567255526","506324","Burglar Alarm Systems (Wholesale)","www.argusinc.com"," Email <---> Revenue ","56526","Argus Security Systems Inc","314 Ash Ave","Mcallen","TX","78501","Hidalgo","www.argusinc.com","9567255526","","Jack Smith","Manager","Mal","90804000","138","506324","Burglar Alar","6","0","1"
"276976","Tex Trail Inc","bradp@textrail.com","2330 I-30 E","9035750729","9035750547","501215","Trailers-Automobile Utility-Wholesale","www.textrail.com"," Email <---> Revenue ","1564060","Tex Trail Inc","2330 I-30 E","Mt Pleasant","TX","75455","Titus","www.textrail.com","9035750547","9035750729","Bob Mumma","Manager","Mal","66600000","18","501215","Trailers-Aut","6","0","1"
"213706","Best Maid Products","briand@bestmaidproducts.com","1401 S RIVERSIDE DR","8173355494","null","738999","Business Services Nec","DELDIXIPICKLES.COM^^DELDIXIPICKLES.NET"," Email <---> Revenue ","1141102","Dalton's Best Maid Products","1400 S Riverside Dr","Fort Worth","TX","76104","Tarrant","www.bestmaidproducts.com","8173355494","8175347117","Gary Dalton","CEO","Mal","89200000","200","203501","Pickles & Pi","6","0","1"
"468217","Namco Mfg Inc","bryan@namcomfg.com","1651 Blalock Rd","7139327605","7139328293","516936","Dyes & Dyestuffs (Wholesale)","www.namcomfg.com"," Email <---> Revenue ","496117","Namco Mfg Inc","1651 Blalock Rd","Houston","TX","77080","Harris","www.namcomfg.com","7139328293","7139327605","Ron Wiggins","Owner","Mal","50050000","50","516936","Dyes & Dyest","6","0","1"
"597509","CCC Group Inc","bubbab@cccgroupinc.com","5797 Dietrich Rd","5124468859","2106614251","353398","Oil & Gas-Field Machinery/Equip (Mfrs)","www.cccgroupinc.com"," Email <---> Revenue ","766236","CCC Group Inc","5797 Dietrich Rd","San Antonio","TX","78219","Bexar","www.cccgroupinc.com","2106614251","2106616060","Dennis Huebner","CEO","Mal","71900000","1100","353398","Oil & Gas-Fi","6","0","1"
"473050","Landmark Foods","carol_gordan@dcas.com","8027 High Knoll Ln","9729806851","9729807689","203204","Food Specialties","landmarkfoods.com"," Email <---> Revenue ","1332176","Landmark Foods","5720 Lbj Fwy # 350","Dallas","TX","75240","Dallas","","9729804444","9729808741","Michael Loehr","President","Mal","64400000","50","514704","Meat-Wholesa","6","0","1"
"581509","Ludlum Measurements","carsond@ludlums.com","501 Oak St","3252354672","3252354947","382998","Measuring/Controlling Devices Nec (Mfrs)","www.ludlums.com"," Email <---> Revenue ","865544","Ludlum Measurements","501 Oak St","Sweetwater","TX","79556","Nolan","www.ludlums.com","3252354947","3252354672","Donald Ludlum","President","Mal","58800000","300","382998","Measuring/Co","6","0","1"
"583345","Styro Chem Intl","cburt@styrochem.com","400 Minton Rd","8177594524","8177594400","308601","Plastics-Foam (Manufacturers)","www.styrochem.com"," Email <---> Revenue ","1545146","Styro Chem Intl","11591 Business Highway 287 N","Fort Worth","TX","76179","Tarrant","www.styrochem.com","8172362125","8177594524","Danny Wells","Plant Mgr","Mal","57300000","60","282101","Plastics-Raw","6","0","1"
"537707","Esquire Deposition Svc","cdepko@legalvoice.com","3401 Louisiana St # 300","5618329330","7135235669","781211","Video Production & Taping Service","www.esquirecom.com"," Email <---> Revenue ","246406","Esquire Deposition Svc","3401 Louisiana St # 300","Houston","TX","77002","Harris","www.esquirecom.com","7135235669","7135244951","Lori Iselt","Manager","Fem","62800000","200","781211","Video Produc","6","1","1"
"533727","Champion Window Inc","chris.k@championwindow.net","12427 Duncan Rd","2814400013","2814407000","323198","Glass Prod Made-Purchased Glass (Mfrs)","www.championwindow.net"," Email <---> Revenue ","143609","Champion Window Inc","12427 Duncan Rd","Houston","TX","77066","Harris","www.championwindow.net","2814407000","2814400013","Ross Zuckerberg","Owner","Mal","72800000","350","323198","Glass Prod M","6","0","1"
"235823","Beauti Control Inc","clientservices@beauticontrol.com","2121 Midway Rd","9724907359","9724580601","599992","Cosmetics & Perfumes-Retail","www.beauticontrol.com"," Email <---> Revenue ","1039613","Beauti Control Inc","2121 Midway Rd","Carrollton","TX","75006","Dallas","www.beauticontrol.com","9724580601","9724907359","Richard W Heath","President","Mal","65349000","320","599992","Cosmetics & ","6","0","1"
"515973","Insteel Wire Products Co","concretereinforcing@insteel.com","500 Klemp Rd","5403715237","9362587625","331209","Wire Products-Manufacturers","www.insteel.com"," Email <---> Revenue ","354117","Insteel Wire Products Co","500 Klemp Rd","Dayton","TX","77535","Liberty","www.insteel.com","9362587625","9362587748","Ray Wantage","Plant Mgr","Mal","57912000","114","331209","Wire Product","6","0","1"
"600819","Weldon Manufacturing","craig@weldonusa.com","3488 Bethlehem St","8178342291","8178342229","501213","Truck Bodies & Equipment (Wholesale)","www.weldonusa.com"," Email <---> Revenue ","1615533","Weldon Manufacturing","3488 Bethlehem St","Fort Worth","TX","76111","Tarrant","www.weldonusa.com","8178342229","8178342291","Craig Fredrick","Owner","Mal","88800000","24","501213","Truck Bodies","6","0","1"
"384072","Crosby Group-Lebus Mfg","crosbygroup@thecrosbygroup.com","900 Fisher Rd","9037594499","9037594424","346201","Forgings (Manufacturers)","www.thecrosbygroup.com"," Email <---> Revenue ","1128414","Crosby Group-Lebus Mfg","900 Fisher Rd","Longview","TX","75604","Gregg","www.thecrosbygroup.com","9037594424","9037594499","Chris Higgins","Plant Mgr","Mal","72900000","300","346201","Forgings (Ma","6","0","1"
"336320","Sterilite Corp","custsrvc@sterilite.com","5200 Sterilite Dr","9785971195","9728754480","308902","Plastics & Plastic Products (Mfrs)","www.sterilite.com"," Email <---> Revenue ","1540121","Sterilite Corp","5200 Sterilite Dr","Ennis","TX","75119","Ellis","www.sterilite.com","9728754480","9728754490","Mike Nero","Plant Mgr","Mal","65600000","400","308902","Plastics & P","6","0","1"
"518002","Clampitt Paper Co","dallas@clampitt.com","3550 Ridgeside","8176252714","2105999600","511101","Paper Products (Wholesale)","www.clampitt.com"," Email <---> Revenue ","777351","Clampitt Paper Co","3550 Ridgeside","San Antonio","TX","78217","Bexar","www.clampitt.com","2105999600","2105999404","Matt Griffin","Manager","Mal","52885000","35","511101","Paper Produc","6","0","1"
"588190","Martindale Feed Mill Inc","dblythe@alanritchey.com","500 S Ih 35","8063312497","9407263203","204803","Feed-Manufacturers","www.alanritchey.com"," Email <---> Revenue ","1366652","Martindale Feed Mill Inc","500 S Ih 35","Valley View","TX","76272","Cooke","www.alanritchey.com","9407263203","9407265235","Alan Ritchey","Owner","Mal","57075000","75","204803","Feed-Manufac","6","0","1"
"550298","J D Fields & Co Inc","dmckenzie@jdfields.com","15995 N Barkers Landing # 230","5048327298","2815587199","505107","Pipe-Wholesale","www.jdfields.com"," Email <---> Revenue ","362401","J D Fields & Co Inc","15995 N Barkers Landing # 230","Houston","TX","77079","Harris","www.jdfields.com","2815587199","2818709918","Jerry Fields","President","Mal","82000000","35","505107","Pipe-Wholesa","6","0","1"
"410512","Advanced Coil Technology","edmusshorn@coiltec.com","7170 Copperqueen Drive","9157786507","9157723357","8999","Services NEC","null"," Email <---> Revenue ","23987","Advanced Coil Technology","7170 Copperqueen Dr","El Paso","TX","79915","El Paso","","9157784218","9157723357","","","","99400000","200","507440","Coils (Whole","6","0","1"
"448287","Dial Lubricants Inc","eric@diallubricants.com","1839 Ryan Rd","9725010265","9725010266","517211","Lubricants (Wholesale)","www.diallubricants.com"," Email <---> Revenue ","1153896","Dial Lubricants Inc","1839 Ryan Rd","Dallas","TX","75220","Dallas","www.diallubricants.com","9725010266","9725010265","Millie Nilsson","Owner","Fem","50310000","15","517211","Lubricants (","6","0","1"
"157009","Boardwalk Audi","ferrariboutique@boardwalkag.com","5930 W Plano Pkwy","2144523800","2144523800","551103","Automobile Dealers-Used Cars","www.ferrariofdallas.com"," Email <---> Revenue ","1053532","Boardwalk Audi","5930 W Plano Pkwy","Plano","TX","75093","Collin","www.boardwalkautogroup.com","2144523800","2145761925","Scott Ginsburg","Owner","Mal","97050000","150","551103","Automobile D","6","1","1"
"573751","Johnson Supply","garland@johnsonsupply.com","10151 Stella Link Rd","3372322158","7136616666","507505","Air Conditioning Supplies & Parts (Whol)","www.johnsonsupply.com"," Email <---> Revenue ","383402","Johnson Supply","10151 Stella Link Rd","Houston","TX","77025","Harris","www.johnsonsupply.com","7136616666","7136613684","Carl I Johnson Jr","CEO","Mal","53000000","150","507505","Air Conditio","6","0","1"
"571827","Metallic Products Corp","gary@mpvent.com","7777 Hollister St","7138569686","7138569696","505111","Metal-Distributors","www.mpvent.com"," Email <---> Revenue ","473534","Metallic Products Corp","7777 Hollister St","Houston","TX","77040","Harris","www.mpvent.com","7138569696","7138569686","Daryl Wendt","President","Mal","73290000","70","505111","Metal-Distri","6","0","1"
"526722","High End Systems Inc","gbortolotti@ibeamsp.com","2105 Gracy Farms Ln","5128375290","5128362242","364898","Lighting Equipment Nec (Manufacturers)","www.highend.com"," Email <---> Revenue ","329040","High End Systems Inc","2105 Gracy Farms Ln","Austin","TX","78758","Travis","www.highend.com","5128362242","5128375290","Frank Gordon","CEO","Mal","87200000","400","364898","Lighting Equ","6","0","1"
"206451","Adelta Corp","glenn@adelta.com","1645 Diplomat Dr # 200","9726205666","9726205600","502336","House Furnishings-Wholesale","www.adelta.com"," Email <---> Revenue ","990661","Adelta Corp","1645 Diplomat Dr # 200","Carrollton","TX","75006","Dallas","www.adelta.com","9726205600","9726205666","John Snyder","President","Mal","59042000","106","502336","House Furnis","6","0","1"
"287033","Hoover Co","hoovercustomerservice@maytag.com","7850 Hoover Ave","4156685976","9158772600","363501","Household Vacuum Cleaners (Mfrs)","www.hoover.com"," Email <---> Revenue ","337003","Hoover Co","7850 Hoover Ave","El Paso","TX","79912","El Paso","www.hoover.com","9158772600","9158772128","Howard Bowen","Plant Mgr","Mal","89100000","300","363501","Household Va","6","0","1"
"596445","Atrion Corp","hrstaffing@atrioncorp.com","1 Allentown Pkwy","9723967581","9723909800","394917","Health Equipment & Supls-Manufacturers","www.atrioncorp.com"," Email <---> Revenue ","1023729","Atrion Corp","1 Allentown Pkwy","Allen","TX","75002","Collin","www.atrioncorp.com","9723909800","9723967581","Emile A Battat","CEO","Mal","66081000","456","394917","Health Equip","6","0","1"
"460757","Aztec Trailer Sales","hyoung@aztectrailers.com","2155 Highway 1187","8174733045","8174773411","501212","Trailers-Truck (Wholesale)","www.aztectrailers.com"," Email <---> Revenue ","1028122","Aztec Trailer Sales","2155 Highway 1187","Mansfield","TX","76063","Tarrant","www.aztectrailers.com","8174773411","8174733045","Hermann Acker","President","Mal","55500000","15","501212","Trailers-Tru","6","0","1"
"6814","Glasfloss Industries Inc","inquiry@glasfloss.com","400 S Hall St","2147414556","2147417056","356406","Filters-Air & Gas-Manufacturers","www.glasfloss.com"," Email <---> Revenue ","1228411","Glasfloss Industries Inc","400 S Hall St","Dallas","TX","75226","Dallas","www.glasfloss.com","2147417056","2147414556","Mark Filewood","VP","Mal","53400000","300","356406","Filters-Air ","6","0","1"
"599841","Fort Worth Freightliner","jblevins@atcfreightliner.com","1804 NE Loop 820","2145796416","8176267090","551105","Truck-Dealers","www.atcfreightliner.com"," Email <---> Revenue ","1210103","Fort Worth Freightliner","1804 NE Loop 820","Fort Worth","TX","76106","Tarrant","www.atcfreightliner.com","8176267090","8177409612","Paul Burk","Manager","Mal","97050000","150","551105","Truck-Dealer","6","2","1"
"124617","INVESTools Inc","jennifer.mundine@investools.com","5959 Corporate Drive Suite LL250","null","2815889797","5251","Tools","http://www.investools.com"," Email <---> Revenue ","357912","Investools Inc","5959 Corporate Dr # Ll250","Houston","TX","77036","Harris","","2815889700","2815889797","Lee K Barba","CEO","Mal","73420000","287","829929","Educational ","6","0","1"
"593396","Heritage Coin","jim@heritagecoin.com","4600 Greenville Ave No 150","2145283500","2145207108","175299","Floor Laying Contractor","1ACOIN.COM;33SAINT.COM;800PERFECT.COM;AAAACOINS.COM;ABEKOSOFF.COM;CCMINT.COM;FRISHMUTH.COM;GOLDCOMME"," Email <---> Revenue ","1256721","Heritage Galleries & Auction","100 Highland Park Vlg # 2","Dallas","TX","75205","Dallas","","2145283500","","Greg Rohan","President","Mal","99000000","100","596102","Mail Order &","6","0","1"
"530732","Cooper Power Systems Inc","julie_gribar@pit.bm.com","2315 SE Stallings Dr","2625244527","9365699422","361298","Power Distr/Specialty Transformer (Mfrs)","www.cooperpower.com"," Email <---> Revenue ","1119592","Cooper Power Systems Inc","2315 SE Stallings Dr","Nacogdoches","TX","75961","Nacogdoches","www.cooperpower.com","9365699422","9365648974","Brian Schaezler","Plant Mgr","Mal","55440000","240","361298","Power Distr/","6","0","1"
"361051","Lochridge-Priest Inc","justin@lochridgepriest.com","225 Lake Air Dr","2547720484","2547720670","171117","Air Conditioning Contractors & Systems","www.lochridgepriest.com"," Email <---> Revenue ","1346644","Lochridge-Priest Inc","225 Lake Air Dr","Waco","TX","76710","Mc Lennan","www.lochridgepriest.com","2547720670","2547720484","James Kruse","Owner","Mal","58400000","400","171117","Air Conditio","6","0","1"
"500714","Watson & Chalin","kbernstein@watsonsuspensions.com","2100 Couch Dr","9725420097","9725629815","501302","Truck Equipment & Parts-Wholesale","www.watsonsuspensions.com"," Email <---> Revenue ","1613033","Watson & Chalin","2100 Couch Dr","Mc Kinney","TX","75069","Collin","www.watsonsuspensions.com","9725629815","9725420097","Don Watson","Owner","Mal","71680000","160","501302","Truck Equipm","6","0","1"
"287392","Spindletop Mental Health","kerry.anderson@gospeladvocate.com","PO Box 150","6152547411","6152548781","806301","Mental Health Services","NULL"," Email <---> Revenue ","627980","Spindletop Mental Health","2750 S 8th St","Beaumont","TX","77701","Jefferson","www.spindletopmhmr.org","4098391000","4098391066","Charlie Harris","CEO","Mal","52650000","650","806301","Mental Healt","6","0","1"
"465969","Kwikset Corp","kwcan.custserv@bdhhi.com","2600 N State Highway 91","9034637950","9034631313","342923","Locks-Mfrs-Except Safe Vault Coin","www.kwikset.com"," Email <---> Revenue ","1325592","Kwikset Corp","2600 N State Highway 91","Denison","TX","75020","Grayson","www.kwikset.com","9034631313","9034637950","Eric Lewis","Plant Mgr","Mal","60000000","375","342923","Locks-Mfrs-E","6","0","1"
"102067","Tabs Direct","larry.linahan@tabsdirect.com","PO Box 229","6067394168","606-739-4166","7331","Direct Mail Advertising Services (mailing list compilers)","NULL"," Email <---> Revenue ","943267","Tabs Direct","1002 Fm 2234 Rd","Stafford","TX","77477","Fort Bend","www.tabsdirect2u.com","2814990417","2814996144","Roger Hackman","CEO","Mal","55200000","400","733105","Advertising-","6","0","1"
"560347","Alan Young Buick-GMC Truck Inc","larry@alanyoung.com","7724 NE Loop 820","8175893318","8175893300","551105","Truck-Dealers","www.alanyoung.com"," Email <---> Revenue ","996881","Alan Young Buick-GMC Truck Inc","7724 NE Loop 820","Fort Worth","TX","76180","Tarrant","www.alanyoung.com","8175893300","8175893318","","","","54995000","85","551105","Truck-Dealer","6","2","1"
"561677","Lubbock Electric Co","larry@lubbockelectric.com","1108 34th St","8067445690","8067442336","506333","Electric Motors-Dlrs/Repairing (Whol)","www.lubbockelectric.com"," Email <---> Revenue ","440063","Lubbock Electric Co","1108 34th St","Lubbock","TX","79411","Lubbock","www.lubbockelectric.com","8067442336","8067445690","Paul V Bush","Owner","Mal","54614000","83","506333","Electric Mot","6","0","1"
"371920","Continental Batteries Co","littlehale@continentalbattery.com","4919 Woodall St","2146347846","2146315701","369201","Batteries-Dry Cell-Manufacturers","www.continentalbatteries.com"," Email <---> Revenue ","1118277","Continental Batteries Co","4919 Woodall St","Dallas","TX","75247","Dallas","www.continentalbatteries.com","2146315701","2146347846","Jimmy Mccann","CEO","Mal","67660000","199","369201","Batteries-Dr","6","0","1"
"593025","Ruben Bazan Forwarding Agency","miguelo@rbgroup.com","302 International Blvd","9567187109","9567220018","509905","Importers","www.rbgroup.com"," Email <---> Revenue ","588791","Ruben Bazan Forwarding Agency","302 International Blvd","Laredo","TX","78045","Webb","www.rbgroup.com","9567220018","9567187109","Ruben Bazan","Owner","Mal","94400000","100","509905","Importers","6","0","1"
"303979","Print Pak Inc","misban@printpack.com","4715 Fm 1006","9726415871","4098839325","267101","Packaging Materials-Manufacturers","www.printpack.com"," Email <---> Revenue ","549851","Print Pak Inc","4715 Fm 1006","Orange","TX","77630","Orange","www.printpack.com","4098839325","4098837033","Steve Aguillard","Plant Mgr","Mal","60610000","190","267101","Packaging Ma","6","0","1"
"543794","Sun Pipeline Co","montourhcs@sunocoinc.com","3127 Block Line Rd","9093950020","3255733502","461201","Pipe Line Companies","www.sunocoinc.com"," Email <---> Revenue ","940097","Sun Pipeline Co","3127 Block Line Rd","Snyder","TX","79549","Scurry","www.sunocoinc.com","3255733502","3255739460","Jeff Brown","Manager","Mal","62920000","88","461201","Pipe Line Co","6","0","1"
"370624","RTP Co","msds@rtpcompany.com","1301 Joel East Rd","3178029817","8172935880","516201","Plastics-Reinforced (Wholesale)","www.rtpcompany.com"," Email <---> Revenue ","1467166","RTP Co","1301 Joel East Rd","Fort Worth","TX","76140","Tarrant","www.rtpcompany.com","8172935880","8172935716","Dan Doerr","Manager","Mal","52550000","50","516201","Plastics-Rei","6","0","1"
"555445","Ledwell & Son Truck Body","mward@ledwell.com","3300 Waco St","9038312719","8707723421","371598","Truck-Trailer (Manufacturers)","www.ledwell.com"," Email <---> Revenue ","1337346","Ledwell & Son Truck Body","3300 Waco St","Texarkana","TX","75501","Bowie","www.ledwell.com","8707723421","9038312719","L W Ledwell","Owner","Mal","58500000","250","371598","Truck-Traile","6","0","1"
"584164","Baker Hughes Inteq","mwest@sharewell.com","1010 Rankin Rd","7136255400","7136255400","138905","Oil Field Service","www.sharewell.com"," Email <---> Revenue ","75295","Baker Hughes Inteq","1010 Rankin Rd","Houston","TX","77073","Harris","www.sharewell.com","7136255400","","","","","57200000","400","138905","Oil Field Se","6","0","1"
"508523","Simeus Foods Intl","opportunity@simeusfoods.com","812 S 5th Ave","8174730591","8174731562","201104","Meat Products","www.simeusfoods.com"," Email <---> Revenue ","1519372","Simeus Foods Intl","812 S 5th Ave","Mansfield","TX","76063","Tarrant","www.simeusfoods.com","8174731562","8174730591","Dumas Simeus","CEO","Mal","74850000","150","201104","Meat Product","6","0","1"
"409558","Lyssy & Eckel Inc","patsy@lefeeds.com","111 E Westmeyer St","8304842706","8304843314","519112","Feed-Dealers (Wholesale)","www.lefeeds.com"," Email <---> Revenue ","866155","Lyssy & Eckel Inc","111 E Westmeyer St","Poth","TX","78147","Wilson","www.lefeeds.com","8304843314","8304842706","Ronald Eckel","Owner","Mal","53200000","80","519112","Feed-Dealers","6","0","1"
"597116","Audio Visual Innovations Inc","pgarvin@aviinc.com","13988 Diplomat Dr # 180","9722435450","9722434422","504301","Audio-Visual Equipment & Supls (Whol)","www.aviinc.com"," Email <---> Revenue ","1024288","Audio Visual Innovations Inc","13988 Diplomat Dr # 180","Dallas","TX","75234","Dallas","www.aviinc.com","9722434422","9722435450","Tony Mc Clain","VP","Mal","71820000","70","504301","Audio-Visual","6","0","1"
"595250","Tidel Engineering LP","president@tidel.com","2310 Mcdaniel Dr","9724841014","9724843358","602103","Automated Teller Machines","www.tidel.com"," Email <---> Revenue ","1573956","Tidel Engineering LP","2310 Mcdaniel Dr","Carrollton","TX","75006","Dallas","www.tidel.com","9724843358","9724841014","Mark K Levenick","CEO","Mal","72900000","150","602103","Automated Te","6","0","1"
"453323","Labradra Body Bldg Nutrition","quality_control@labrada.com","403 Century Plaza Dr # 440","2812092135","2812092137","514914","Health Food Products-Wholesale","www.labrada-italia.net"," Email <---> Revenue ","413340","Labradra Body Bldg Nutrition","403 Century Plaza Dr # 440","Houston","TX","77073","Harris","www.labrada-italia.net","2812092137","2812092135","Kyle Workman","Exec VP","Mal","63300000","75","514914","Health Food ","6","0","1"
"575669","Newman's Inc","rdavis@newmansvalve.com","1300 Gazin St","7136710839","7136758631","508513","Valves-Wholesale","www.newcovalves.com"," Email <---> Revenue ","504208","Newman's Inc","1300 Gazin St","Houston","TX","77020","Harris","www.newcovalves.com","7136758631","7136710839","Harvey Fuson","President","Mal","68400000","120","508513","Valves-Whole","6","0","1"
"557296","Woodlands Resort & Conference","resortinfo@the-woodlands.net","2301 N Millbend Dr","2813646345","2813671100","701111","Resorts","www.woodlandsresort.net"," Email <---> Revenue ","969425","Woodlands Resort & Conference","2301 N Millbend Dr","Spring","TX","77380","Montgomery","www.woodlandsresort.net","2813671100","2813646345","John Hamati","Manager","Mal","60000000","800","701111","Resorts","6","1","1"
"548583","TKSUSA","rkaneko@tkspress.com","1201 Commerce Dr","9724375858","9724374466","508442","Printing Equipment (Wholesale)","www.tksusa.com"," Email <---> Revenue ","1554776","TKSUSA","1201 Commerce Dr","Richardson","TX","75081","Dallas","www.tksusa.com","9724374466","9724375858","Greg Harabin","CEO","Mal","50300000","21","508442","Printing Equ","6","0","1"
"571877","Texas Digital Systems Inc","robert.klimke@agori.net","400 Technology Pkwy","9797648650","9796939378","357103","Data Processing Equipment-Manufacturers","www.txdigital.com"," Email <---> Revenue ","660726","Texas Digital Systems Inc","400 Technology Pkwy","College Station","TX","77845","Brazos","www.txdigital.com","9796939378","9797648650","Robert Bower","Owner","Mal","51840000","60","357103","Data Process","6","0","1"
"466760","Retractable Technologies Inc","rtisales@vanishpoint.com","511 Lobo Ln","9722219786","9722941010","384104","Physicians & Surgeons Equip & Supls-Mfrs","www.vanishpoint.com"," Email <---> Revenue ","1479525","Retractable Technologies Inc","511 Lobo Ln","Little Elm","TX","75068","Denton","www.vanishpoint.com","9722941010","9722944400","Judy Zhu","Manager","Fem","62720000","280","384104","Physicians &","6","0","1"
"428060","Mental Health Network Inc","rwright@mhnet.com","9606 N MO Pac Expy # 600","8509150100","5123477900","632404","Health Plans","www.fahp.net"," Email <---> Revenue ","471769","Mental Health Network Inc","9606 N MO Pac Expy # 600","Austin","TX","78759","Travis","www.mhnet.com","5123477900","5123471810","Wesley Brockhoeft","President","Mal","82555000","95","632404","Health Plans","6","0","1"
"585236","Kraton Polymer","shari.mattern@kraton.com","700 Milam St # 1300","7404232309","7132226492","516921","Resins (Wholesale)","www.kraton.com"," Email <---> Revenue ","406446","Kraton Polymer","700 Milam St # 1300","Houston","TX","77002","Harris","www.kraton.com","7132226492","8322045461","George Gregory","CEO","Mal","50050000","50","516921","Resins (Whol","6","0","1"
"332758","Yellow Checker Shuttle","shuttle@yellowcheckershuttle.com","2515 Irving Blvd","2144283786","2148411900","412101","Taxicabs & Transportation Service","www.yellowcheckershuttle.com"," Email <---> Revenue ","1632635","Yellow Checker Shuttle","2515 Irving Blvd","Dallas","TX","75207","Dallas","www.yellowcheckershuttle.com","2148411900","2144283786","Jeff Finkel","Owner","Mal","60000000","1000","412101","Taxicabs & T","6","0","1"
"380355","Ward Timber Co Inc","siteadmin@wardtimber.com","1101 Us Highway 59 S","9037568313","9037567700","503108","Timber & Timberland Companies (Whol)","www.wardtimber.com"," Email <---> Revenue ","1611381","Ward Timber Co Inc","1101 Us Highway 59 S","Linden","TX","75563","Cass","www.wardtimber.com","9037567700","9037568313","Bill Ward","Owner","Mal","54362000","77","503108","Timber & Tim","6","0","1"
"463499","American Sling Co","slingsales@americansling.com","6400 Airport Fwy","8178311302","8178387024","505105","Wire Rope (Wholesale)","www.americansling.com"," Email <---> Revenue ","1008820","American Sling Co","6400 Airport Fwy","Fort Worth","TX","76117","Tarrant","www.americansling.com","8178387024","8178311302","Jim Fletcher","Owner","Mal","52350000","50","505105","Wire Rope (W","6","0","1"
"546491","Tables Inc","smartfab@advancetabco.com","2000 S Houston St","9729324795","9729324148","331212","Stainless Steel (Manufacturers)","www.advancetabco.com"," Email <---> Revenue ","1555661","Tables Inc","2000 S Houston St","Kaufman","TX","75142","Kaufman","www.advancetabco.com","9729324148","9729324795","Chuck Underwood","Plant Mgr","Mal","50800000","100","331212","Stainless St","6","0","1"
"449843","Sealy Mattress Co","springfree@sealy.com","1201 Highway 290 W","5102357171","9798366644","251501","Mattresses-Manufacturers","www.sealy.com"," Email <---> Revenue ","603483","Sealy Mattress Co","1201 Highway 290 W","Brenham","TX","77833","Washington","www.sealy.com","9798366644","9798361370","Ray Rodenbeck","Plant Mgr","Mal","51600000","240","251501","Mattresses-M","6","0","1"
"484818","Temple Bottling Co","tbc@templebot.com","3510 Parkway Dr","2547785414","2547733376","208604","Beverages-Manufacturers","www.templebot.com"," Email <---> Revenue ","1561757","Temple Bottling Co","3510 Parkway Dr","Temple","TX","76504","Bell","www.templebot.com","2547733376","2547785414","Ted Floca","President","Mal","52626000","98","208604","Beverages-Ma","6","0","1"
"565070","V P Racing Fuels Inc","tech@vpracingfuels.com","7124 Richter Rd","2106357999","2106357744","291105","Petroleum Products-Manufacturers","www.vpracingfuels.com"," Email <---> Revenue ","693554","V P Racing Fuels Inc","7124 Richter Rd","Elmendorf","TX","78112","Bexar","www.vpracingfuels.com","2106357744","2106357999","Fred Morrison","Owner","Mal","94110000","30","291105","Petroleum Pr","6","0","1"
"255418","Tulia Livestock Auction","tla@texasonline.net","Dimmitt Hwy 86 W","8069953585","8069954184","515403","Livestock-Dealers (Wholesale)","www.tulialivestockauction.com"," Email <---> Revenue ","954822","Tulia Livestock Auction","Dimmitt Hwy 86 W","Tulia","TX","79088","Swisher","www.tulialivestockauction.com","8069954184","8069953585","Mark Hargrave","Owner","Mal","61480000","40","515403","Livestock-De","6","0","1"
"308298","Patriot Homes Of Texas","tmeilstrup@globalassetpro.com","1001 W Loop 340","5745220847","2547723336","245101","Mobile Homes-Manufacturers","www.patriothomes.com"," Email <---> Revenue ","1434027","Patriot Homes Of Texas","1001 W Loop 340","Waco","TX","76712","Mc Lennan","www.patriothomes.com","2547723336","2547720029","Joseph Espinosa","Plant Mgr","Mal","67900000","350","245101","Mobile Homes","6","0","1"
"526430","Tobin International Inc","tobinsupport@p2es.com","1355 Central Pkwy S # 500","2102233916","2104025900","511219","Maps-Publishers & Distrs","www.tobin.com"," Email <---> Revenue ","950917","Tobin International Inc","1355 Central Pkwy S # 500","San Antonio","TX","78232","Bexar","www.tobin.com","2104025900","2102233916","Tom Neuberg","President","Mal","51300000","150","511219","Maps-Publish","6","0","1"
"418447","Tri-County Livestock Marketing","tricounty@tricountyls.net","Highway 79 N","9037263552","9037263291","515404","Livestock Commission","www.tricountyls.net"," Email <---> Revenue ","1584665","Tri-County Livestock Marketing","Highway 79 N","New Summerfield","TX","75780","Cherokee","www.tricountyls.net","9037263291","9037263552","Michael Davis","Manager","Mal","58406000","38","515404","Livestock Co","6","1","1"
"97827","Joe Tex Inc","trucks@joetexusa.com","619 W Rutherford St","9035372070","9035377100","501208","Automobile & Truck Brokers","www.joetexusa.com"," Email <---> Revenue ","1300840","Joe Tex Inc","619 W Rutherford St","Mt Vernon","TX","75457","Franklin","www.joetexusa.com","9035377100","9035372070","Joe Tex Jr","Owner","Mal","74000000","20","501208","Automobile &","6","0","1"
"554438","Hydrotex","web_master@hydrotexlube.com","1825 Monetary Ln # 100","9185830276","9723898500","517211","Lubricants (Wholesale)","www.hydrotexlube.com"," Email <---> Revenue ","1271137","Hydrotex","1825 Monetary Ln # 100","Carrollton","TX","75006","Dallas","www.hydrotexlube.com","9723898500","9723898526","John C Beasley","President","Mal","83850000","25","517211","Lubricants (","6","0","1"
