"Captive Aire Syst","9198822410","112 Wheaton Dr","Youngsville","30000000","Robert Luddy","Owner","Mal","2061","C","Captive Aire Syst","Robert.Luddy@floaire.com","112 Wheaton Dr","Youngsville","NC","27596","9195541227","9198822410","344403","Sheet Metal Fabricators","NULL","0","0"
"K-Town Furniture & Appliances","7049323111","136 Oak Ave","Kannapolis","28000000","Melvin Vanderburg","President","Mal","5862","K","K-Town Furniture & Appliances","Melvin@k-townfurniture.com","136 Oak Ave","Kannapolis","NC","28081","7049323540","7049323111","571216","Furniture-Dealers-Retail","NULL","0","0"
"Ameritex Yarn Corp","3362228554","840 Plantation Dr","Burlington","29380000","Rick Bullard","CEO","Mal","7177","A","Ameritex Yarn Corp","jfaulkenberry@ameritexyarn.com","840 Plantation Dr","Burlington","NC","27215","3362220530","3362228554","228102","Yarn-Spinning Mills","NULL","0","0"
"Fluid Flow Products Inc","7048474464","2108 Crown View Dr","Charlotte","33040000","Dan Davis","Owner","Mal","8996","F","Fluid Flow Products Inc","dandavis@fluidflow.com","2108 Crown View Dr","Charlotte","NC","28227","7048472377","7048474464","509908","Manufacturers-Agents & Representatives","NULL","0","0"
"Kioti Tractor","9193745100","6300 Kioti Dr","Wendell","29880000","C G Kim","Owner","Mal","9134","K","Kioti Tractor","C_Kim@kiotitractor.com","6300 Kioti Dr","Wendell","NC","27591","NULL","9193745100","508304","Tractor-Dealers (Wholesale)","NULL","0","0"
"Electra-Finish Inc","3366722488","201 Art Bryan Dr","Asheboro","34200000","Benny Moffitt","VP","Mal","9341","E","Electra Finishing Inc","carson.parris@ift-inc.com","201 Art Bryan Drive","ASHEBORO","NC","27203","3366722488","null","841210","Art","ELECTRA-FINISH.COM","0","0"
"Tyco Plastics","2529779038","State Road 1419","Battleboro","37720000","John Glud","Plant Mgr","Mal","10050","T","Tyco Plastics","steven.anreder@anreder.com","State Road 1419","Battleboro","NC","27809","2129813212","2529779038","308902","Plastics & Plastic Products (Mfrs)","www.penson.com","0","0"
"American Multimedia Intl","3362295554","2609 Tucker Street Ext","Burlington","34000000","Phillip Lucado","President","Mal","11522","A","American Multimedia Intl","Clark@ami.com","2609 Tucker Street Ext","Burlington","NC","27215","3362281409","3362295554","308902","Plastics & Plastic Products (Mfrs)","NULL","0","0"
"R R Donnelley Financial","7045889900","9410 D Ducks Ln # D","Charlotte","30400000","","","","12182","R","R R Donnelley Financial","Bill.Davis@rrdonnelley.com","9410 D Ducks Ln # D","Charlotte","NC","28273","7045835986","704-588-9900","2752","Commercial Printing","Lithographic (except quick printing)","0","0"
"Carolina Fluid Components","7045886101","9309 Stockport Pl","Charlotte","28500000","Jack Marks","President","Mal","12653","C","Carolina Fluid Components","J_Marks@cfcsite.com","9309 Stockport Pl","Charlotte","NC","28273","7045886115","7045886101","508520","Hydraulic Equipment & Supplies (Whol)","NULL","0","0"
"Taylor Togs Inc","8286754153","621 Micaville Loop","Micaville","28525000","Grier A Lackey","President","Mal","12861","T","Taylor Togs Inc","wendy.rocha@taylortogs.com","PO Box 180","Micaville","NC","28755","8286759602","8286754153","232502","Jeans-Manufacturers","NULL","0","0"
"Fun Tees Inc","7047859113","526 Cabarrus Ave W","Concord","30600000","Lewis Reid","Owner","Mal","17094","F","Fun Tees Inc","ejordan@funtees.com","526 Cabarrus Ave W","Concord","NC","28027","7047959300","7047859113","569917","T-Shirts-Retail","NULL","0","0"
"Tuscarora Yarns Inc","7044366527","8760 Franklin St E","Mt Pleasant","39100000","Martin B Foil Jr","Owner","Mal","17497","T","Tuscarora Yarns Inc","imagine@tuscarorayarns.com","8760 Franklin St E","Mt Pleasant","NC","28124","7044369461","7044366527","228102","Yarn-Spinning Mills","www.tuscarorayarns.com","0","0"
"Plastic Tubing Inc","9105255121","1935 Autry Hwy","Roseboro","34800000","E J Maroschak","President","Mal","22198","P","Plastic Tubing Inc","ernestmaroschak@ptipipe.com","PO Box 878","Roseboro","NC","28382","9105254934","9105255121","308401","Pipe-Plastic (Manufacturers)","NULL","0","0"
"Camp Greystone","8286933182","PO Box 68","Tuxedo","31750000","Jim Miller","President","Mal","23784","C","Camp Greystone","JimM@campgreystone.com","PO Box 68","Tuxedo","NC","28784","8286931562","8286933182","703203","Camps","NULL","0","1"
"Field Controls LLC","2525223031","2630 Airport Rd","Kinston","27200000","Patrick Holleran","President","Mal","26309","F","Field Controls LLC","nail@fieldcontrols.com","2630 Airport Rd","Kinston","NC","28504","2525220214","2525223031","382205","Dampers (Manufacturers)","NULL","0","0"
"Parker LP Gas & Oil","9105940932","214 Mclamb Rd","Newton Grove","33540000","David Parker","Owner","Mal","26392","P","Parker LP Gas & Oil","david@intrastar.net","PO Box 159","Newton Grove","NC","28366","9105941292","9105940932","517208","Gas-Liquefied Petro-Bttld/Bulk (Whol)","NULL","0","0"
"Comer Inc","7045877508","PO Box 410305","Charlotte","36000000","Arlind Perry","President","","27717","C","Comer Inc","aperry@comerinc.com","PO Box 410305","Charlotte","NC","28241","7045882222","7045888400","356601","Gears & Gear Cutting (Manufacturers)","NULL","0","0"
"Southern Fastener & Supply Inc","3367651790","2421 W Clemmonsville Rd","Winston Salem","36540000","R J Harris","President","","28199","S","Southern Fastener & Supply","donnag@southernfasteners.com","2421 W Clemmonsville Road","Winston Salem","NC","27127","3367651790","3367651794","5311","Retail shops","southernfasteners.com","0","0"
"Jarrett Bay Boat Works & Yacht","2527282690","530 Sensation Weigh","Beaufort","46480000","Randy Ramsey","Owner","Mal","31450","J","Jarrett Bay Boat Works & Yacht","Ramsey@jarrettbay.com","530 Sensation Weigh","Beaufort","NC","28516","2527282607","2527282690","555104","Boat Dealers Sales & Service","NULL","0","0"
"Athol Manufacturing Corp","9195750060","100 22nd St","Butner","29000000","Tom Carstens","President","Mal","32053","A","Athol Manufacturing Corp","plyon@atholcorp.com","PO Box 105","Butner","NC","27509","9195759344","9195750060","229598","Coated Fabrics-Not Rubberized (Mfrs)","NULL","0","0"
"Hill Oil Co","3367640538","11538 Old Us Highway 52","Winston Salem","48690000","Walter Hill Jr","Owner","Mal","33407","H","Hill Oil Co","WHill@energyunited.net","11538 Old Us Highway 52","Winston Salem","NC","27107","3367640548","3367640538","517206","Oils-Fuel (Wholesale)","NULL","0","0"
"DSC Logistics","7048924378","12801 Jamesburg Dr","Huntersville","25200000","","","","33997","D","DSC Logistics","customersolutions@dsclogistics.com","12801 Jamesburg Dr","Huntersville","NC","28078","8473907276","7048924378","422505","Warehouses-Merchandise & Self Storage","www.dsclogistics.com","0","0"
"Tri-Point Ford Sterling Truck","9192312900","3500 Yonkers Rd","Raleigh","27488000","Danny Rashid","Owner","Mal","35154","T","Tri-Point Ford Sterling Truck","DannyRashid@tri-pointford.com","3500 Yonkers Rd","Raleigh","NC","27604","9192317274","9192312900","551105","Truck-Dealers","NULL","0","2"
"Kaplan Early Learning Co","3367667374","1310 Lewisville Clemmons Rd","Lewisville","30250000","Hal Kaplan","Owner","Mal","37106","K","Kaplan Early Learning Co","pknight@kaplanco.com","PO Box 609","Lewisville","NC","27023","3367123102","3367667374","594310","Educational Materials","NULL","0","0"
"CRS Building Automation","7043337600","801 S Cedar St","Charlotte","25942000","Skip Cashion","Owner","Mal","38943","C","CRS Building Automation","Cashion@crsbuilding.com","801 S Cedar St","Charlotte","NC","28208","7043331753","7043337600","506308","Fire Alarm Systems (Wholesale)","NULL","0","0"
"B & B Produce","9198942527","2778 NC Highway 50 S","Benson","34100000","Robert Bassetti","Owner","Mal","41670","B","B & B Produce","B.Robert@bbproduce.com","2778 NC Highway 50 S","Benson","NC","27504","9198942127","9198942527","514801","Fruits & Vegetables-Wholesale","NULL","0","0"
"Handcrafted Homes","2524360001","101 Eastern Minerals Rd","Henderson","45150000","Harry Hunt","CEO","Mal","44742","H","Handcrafted Homes","BillM@handcraftedhomes.com","101 Eastern Minerals Rd","Henderson","NC","27537","2524306662","2524360001","521156","Modular Homes-Dealers","NULL","0","0"
"Michael Weinig Inc","7047990100","124 Crosslake Park Dr","Mooresville","31400000","Jeffrey Davidson","President","Mal","45088","M","Michael Weinig Inc","jeffd@weinigusa.com","PO Box 3158","Mooresville","NC","28117","7047997400","7047990100","359998","Indstrl/Coml Machinery/Equip Nec (Mfrs)","NULL","0","0"
"Power Personnel","9198284110","219 S Wilmington St","Raleigh","30600000","Eric Feinstien","Owner","Mal","46341","P","Power Personnel","Eric.Feinstien@work4power.com","219 S Wilmington St","Raleigh","NC","27601","9198783654","9198284110","874203","Personnel Consultants","NULL","0","0"
"QRP Inc","9103710700","2307 Mercantile Dr NE","Leland","46620000","Tom Kievit","President","Mal","46863","Q","QRP Inc","tom.kievit@qrp-inc.com","PO Box 1958","Leland","NC","28451","9103719055","9103710700","507205","Fasteners-Industrial (Wholesale)","NULL","0","0"
"K & S Sprinkler Co Inc","8287587331","626 Nuway Cir","Lenoir","32900000","J C Knight","Owner","Mal","48479","K","K & S Sprinkler Co Inc","glendapen@kssprinkler.com","PO Box 1700","Lenoir","NC","28645","8287546463","8287587331","506315","Fire Protection Equipment & Supls (Whol)","NULL","0","0"
"Industrial Truck Sales & Svc","3362759121","PO Box 3174","Greensboro","28900000","Denny Boyce","Owner","Mal","49109","I","Industrial Truck Sales and Service","davem@industrialtruck.com","null","GREENSBORO","NC","27402","3362759121","3362747074","421304","Trucking","INDUSTRIALTRUCK.COM","0","0"
"Creative Outlet","2528083898","1600 Bridges St","Morehead City","34200000","James Garner","CEO","Mal","49435","C","Creative Outlet","James_Garner@creativeoutlet.net","1600 Bridges St","Morehead City","NC","28557","2528082188","2528083898","232604","Uniforms-Manufacturers","NULL","0","0"
"Monarch Color Corp","7043944626","5327 Brookshire Blvd","Charlotte","28820000","Greg West","President","Mal","49453","M","Monarch Color Corp","Jerry.Woodall@momar.com","5327 Brookshire Blvd","Charlotte","NC","28216","7043944042","7043944626","289301","Inks-Printing & Lithographing (Mfrs)","NULL","0","0"
"MTS Sensors","9196770100","3001 Sheldon Dr","Cary","44880000","Joachim Hellwig","VP","Mal","54977","M","Mts Systems; Sensors Division","eric.heise@mts.com","3001 Sheldon Drive","CARY","NC","27513","9196770100","9196770200","8999","Services NEC","MAGNETOSTRICTION.COM^^MAGNETOSTRICTION.NET^^MAGNETOSTRICTION.ORG^^MTSLEVEL.COM^^MTSMSERIES.COM^^MTSS","0","0"
"Dealers Supply Co","9193837451","112 S Duke St","Durham","27700000","Russell Berringer","Owner","Mal","56167","D","Dealers Supply Co","rLaurens@dealerssupply.net","112 S Duke St","Durham","NC","27701","NULL","9193837451","571306","Floor Materials","NULL","0","0"
"Advanced Interiors","7048959498","18627 Northline Dr # C","Cornelius","32634000","Steven Cuff","Owner","Mal","60614","A","Advanced Interiors","Steven@advancedinteriors.com","PO Box 2715","Cornelius","NC","28031","7048952231","7048959498","508206","Contractors-Equip/Supls-Dlrs/Svc (Whol)","NULL","0","0"
"Holmes Electric Security Systs","9104836922","127 Hay St","Fayetteville","26320000","Stephen Wheeler","Owner","Mal","61037","H","Holmes Electric Security Systs","WheelerS@holmeselectricnc.com","127 Hay St","Fayetteville","NC","28301","9104831181","9104836922","506304","Security Control Equip & Systems-Whol","NULL","0","0"
"Senator Pen Corp","3368560607","4215 Tudor Ln","Greensboro","34200000","Jeff Werner","President","Mal","61496","S","Senator Pen Corp","jWerner@senatorpen.com","4215 Tudor Ln","Greensboro","NC","27410","3368560709","3368560607","511208","Pens & Pencils-Wholesale","NULL","0","0"
"WITN","2529463131","PO Box 468","Washington","32240000","Michael Weeks","President","Mal","62061","W","WITN (NBC-7)","witn@witntv.com","PO Box 468","Washington","NC","27889","2529463131","2529469265","483301","Television Stations & Broadcasting Co","www.witntv.com","0","0"
"Hamlin Companies","9197794000","1411 W Garner Rd","Garner","39750000","Bill Hamlin","President","Mal","62855","H","Hamlin Companies","B-Hamlin@hamlincos.com","1411 W Garner Rd","Garner","NC","27529","9197795768","9197794000","176109","Roofing Contractors","NULL","0","0"
"J R Tobacco Discount Outlet","7048725300","1515 E Broad St","Statesville","26900000","Lew Rothman","President","Fem","63969","J","J R Tobacco Discount Outlet","Lew.Rothman@jrtobacco.com","1515 E Broad St","Statesville","NC","28625","7048728333","7048725300","599301","Cigar Cigarette & Tobacco Dealers-Retail","NULL","0","0"
"Resinart-East","8286870215","201 Old Airport Rd","Fletcher","33880000","Thomas Trombatore","Owner","Mal","64044","R","Resinart-East","Thomas.Trombatore@resinart.com","201 Old Airport Rd","Fletcher","NC","28732","NULL","8286870215","503112","Moldings (Wholesale)","NULL","0","0"
"Technibilt Carry-All","8284647388","309 E P St","Newton","28000000","Pierre Lafleur","President","Mal","64270","T","Technibilt Carry-All","PL@technibilt.com","PO Box 309","Newton","NC","28658","8284647603","8284647388","349602","Shopping Carts, Baskets, & Bags-Mfrs","Baskets","0","0"
"R L Stowe Mills Inc","7048256644","1 Belmont Ave","Belmont","32996000","Stevve Messer","Plant Mgr","Mal","72122","R","R L Stowe Mills Inc","wrlstowe.com@rlstowe.com","85 Catawba St","Belmont","NC","28012","7048256624","7048256636","229998","Textile Goods Nec (Manufacturers)","NULL","0","0"
"Garland C Norris Co","9193871059","1101 Perry Rd","Apex","35140000","James A King Jr","President","Mal","72858","G","Garland C Norris Co","jimmy@gcnorris.com","PO Box 28","Apex","NC","27502","9193871325","9193871059","262101","Paper-Manufacturers","NULL","0","0"
"Omnisolv","7042950006","1920 Starita Rd # B","Charlotte","40797000","Robert Spence","Owner","Mal","74097","O","Omnisolv","RobertSpence@omnisolv.net","1920 Starita Rd # B","Charlotte","NC","28206","7042950007","7042950006","511101","Paper Products (Wholesale)","NULL","0","0"
"Asheville Maintenance & Constr","8286872584","196 Glenn Bridge Rd","Arden","39600000","Robert Mason","President","Mal","74788","A","Asheville Maintenance & Constr","MR@amcincorp.com","196 Glenn Bridge Rd","Arden","NC","28704","8286870284","8286872584","154227","Maintenance Contractors","NULL","0","0"
"Ranger American","7043578707","1624 Crossbeam Dr","Charlotte","38150000","Frank Garcia","President","Mal","75373","R","Ranger American","Garcia@rangeramerican.net","1624 Crossbeam Dr","Charlotte","NC","28217","7043578017","7043578707","506324","Burglar Alarm Systems (Wholesale)","NULL","0","0"
"Inspirational Networks","7045259800","9710 Crescent Exec Dr # 500","Charlotte","31600000","David Cerullo","President","Mal","76050","I","Inspirational Networks","D-Cerullo@insp.com","9710 Crescent Exec Dr # 500","Charlotte","NC","28217","7045617971","7045259800","483301","Television Stations & Broadcasting CO","NULL","0","0"
"Catawissa Lumber & Specialty","3362467121","301 Locust St","West Jefferson","28140000","Roy Hoffman","Plant Mgr","Mal","76379","C","Catawissa Lumber & Specialty","John.Gittler@catlmbr.com","301 Locust St","West Jefferson","NC","28694","3362465180","336-246-7121","2511","Wood Household Furniture","Except Upholstered (except wood box spring frames)","0","0"
"Eastern Skateboard Supply Inc","9107918240","6612 Amsterdam Way","Wilmington","33500000","Reggie Barnes","Owner","Mal","78371","E","Eastern Skateboard Supply Inc","RBarnes@easternskatesupply.com","6612 Amsterdam Way","Wilmington","NC","28405","9107910609","9107918240","509157","Skateboards & Equipment-Wholesale","NULL","0","0"
"Label Line LTD","3368573115","5356 NC Highway 49 S","Asheboro","40248000","Bill Lineberry","President","Mal","78968","L","Label Line LTD","GordonCoburn@label-line.com","5356 NC Highway 49 S","Asheboro","NC","27205","3368573107","3368573115","267201","Labels-Paper (Manufacturers)","NULL","0","0"
"Univar USA","7045874575","2001 Continental Blvd","Charlotte","35035000","Marshall Gore","Manager","Mal","81096","U","Univar USA","corporate.accounts@univarusa.com","2001 Continental Blvd","Charlotte","NC","28273","5594867206","7045874575","516916","Chemicals (Wholesale)","www.univarusa.com","0","0"
"Robinson Lumber Co Inc","8287282902","2402 Norwood St SW","Lenoir","25410000","George Robinson","Owner","Mal","81191","R","Robinson Lumber Co Inc","george@robinsonlumbersales.com","2402 Norwood St SW","Lenoir","NC","28645","8287282906","8287282902","503109","Lumber-Wholesale","NULL","0","0"
"Family Auto Ctr","8282520000","252 Patton Ave","Asheville","40260000","Jake Lowe","Owner","Mal","81727","F","Family Auto Ctr","JakeLowe@familyac.com","252 Patton Ave","Asheville","NC","28801","8282552910","8282520000","551103","Automobile Dealers-Used Cars","NULL","0","1"
"WXLV","3367224545","3500 Myer Lee Dr","Winston Salem","40300000","Ron Inman","CEO","Mal","83722","W","WXLV","rinman@wxlv.sbgnet.com","3500 Myer Lee Dr","Winston Salem","NC","27101","3367238217","336-722-4545","483301","Television Stations & Broadcasting CO","NULL","0","0"
"Allen Companies","9103238509","1108 Ramsey St","Fayetteville","48000000","Bob Allen","Owner","Mal","85641","A","Allen Companies","Bob@allencompanies.com","1108 Ramsey St","Fayetteville","NC","28301","9103239379","9103238509","503208","Concrete Products (Wholesale)","NULL","0","0"
"Roush Racing","7047204100","4101 Roush Pl NW","Concord","26840000","Harry Mc Mullen","Manager","Mal","86009","R","Roush Racing","SmithG@roushind.com","4600 Roush Pl NW","Concord","NC","28027","7047204605","7047204600","552103","Automobile Dealers Performance & Race","NULL","0","0"
"Amital Spinning Corp","2526363435","197 Bosch Blvd","New Bern","43900000","Milton Gold","President","Mal","86170","A","Amital Spinning Corp","renee.jones@amital.net","197 Bosch Blvd","New Bern","NC","28562","2526378043","2526363435","228102","Yarn-Spinning Mills","NULL","0","0"
"Kimley-Horn & Assoc","9196772000","3001 Weston Pkwy","Cary","38000000","Bob Wright","CEO","Mal","89892","K","KIMLEY-HORN & ASSOCIATES","steven.read@kimley-horn.com","3001 WESTON PARKWAY","CARY","NC","27513","9196772000","null","8999","Services NEC","JKHMOBILITYSERVICES.COM^^KIMLEY-HORN.BIZ","0","0"
"Bollag International Corp","7045962932","6924 Orr Rd","Charlotte","42900000","Mitchel Bollag","President","Mal","92260","B","Bollag International Corp","mitchell.bollag@textilefiberspace.com","6924 Orr Rd","Charlotte","NC","28213","7045988478","7045962932","229901","Textile Fibers (Manufacturers)","NULL","0","0"
"Southern Steel Co","7043998331","12933 Sam Neely Rd","Charlotte","26280000","Charles Saleh","Owner","Mal","92754","S","Southern Steel Co","cSaleh@betainternational.com","12933 Sam Neely Rd","Charlotte","NC","28273","7043980018","7043998331","344106","Steel-Structural (Manufacturers)","NULL","0","0"
"Kennedy Office Supply Co","9198785400","4211 Atlantic Ave # A","Raleigh","35896000","Mary C Sigman","CEO","Fem","93443","K","Kennedy Office Supply Co","mary.sigmon@kennedyofficesupply.com","4211 Atlantic Ave # A","Raleigh","NC","27604","9197909649","9198785400","502112","Office Furniture & Equip-Dealers (Whol)","NULL","0","0"
"Ifco Systems","7043912227","4101 S Interstate 85 Service","Charlotte","35300000","Brad Blackburn","Manager","Mal","93751","I","IFCO Systems","Larry.Stephens@ifcosystems.com","2810 W Trade St","Charlotte","NC","28208","7043925486","704-392-5386","3412","Metal Shipping Barrels","Drums","0","0"
"Streuli Sales Inc","3369311080","8221 Tyner Rd","Colfax","43424000","Walter Streuli","Owner","Mal","95622","S","Streuli Sales Inc","streuli@wooddoors.com","8221 Tyner Rd","Colfax","NC","27235","3369310397","3369311080","509908","Manufacturers-Agents & Representatives","www.wooddoors.com","0","0"
"Smith & Stevenson","7045253388","4935 Chastain Ave","Charlotte","37760000","Alan Tingler","President","Mal","96617","S","Smith & Stevenson","ron.craft@smithandstevenson.com","4935 Chastain Ave","Charlotte","NC","28217","7045270539","7045253388","509908","Manufacturers-Agents & Representatives","NULL","0","0"
"CLARCOR Air Filtration Prods","2524921141","880 Facet Rd","Henderson","46740000","Jeff Tumin","President","Mal","97797","C","CLARCOR Air Filtration Prods","Jeff-Tumin@purolatorair.com","PO Box 1637","Henderson","NC","27536","2524926672","2524921141","359901","Filters (Manufacturers)","NULL","0","0"
"Jay Group","2524422139","436 N Pearl St","Rocky Mount","33600000","David Jay","Owner","Mal","98133","J","Jay Group","D_J@thejaygroupltd.com","436 N Pearl St","Rocky Mount","NC","27804","NULL","2524422139","513902","Shoes-Wholesale","NULL","0","0"
"Turbo Systems Inc","7047397111","203 Turbo Dr","Kings Mountain","34710000","Terry Dunn","CEO","Mal","99165","T","Turbo Systems Inc","dunn@turbosystemsinc.com","203 Turbo Dr","Kings Mountain","NC","28086","7047396039","7047397111","354998","Metalworking Machinery Nec (Mfrs)","NULL","0","0"
"Mom N Pops Country Ham","8284593126","3445 E Main St","Claremont","29441000","Eugene Houston","President","Mal","99612","M","Mom N Pops Country Ham","HoustonE@momnpops.net","3445 E Main St","Claremont","NC","28610","8284593138","8284593126","201104","Meat Products","NULL","0","0"
"Southeastern Fire Control Inc","7043723006","2745 Whitehall Park Dr # B","Charlotte","26705000","George Wagner","Manager","Mal","99725","S","Southeastern Fire Control Inc","klewis@southeasternfire.com","2745b Whitehall Park Dr","Charlotte","NC","28273","7043776131","7043723006","506315","Fire Protection Equipment & Supls (Whol)","NULL","0","0"
"Evans Seafood","2529467173","160 Linnie Perry Rd","Washington","25080000","Thomas Perry","President","Mal","99892","E","Evans Seafood","Perry@evansseafood.com","PO Box 534","Washington","NC","27889","2529460114","2529467173","514601","Seafood-Wholesale","NULL","0","0"
"Darryl Burke Chevrolet Pontiac","9195524944","3100 N Main St","Fuquay Varina","25880000","Linda Burke","Owner","Fem","102269","D","Darryl Burke Chevrolet Pontiac","Burke@pawpaw.com","PO Box 39","Fuquay Varina","NC","27526","9195522579","9195524944","551103","Automobile Dealers-Used Cars","NULL","0","1"
"Valdese Manufacturing Co","8288742151","312 Colombo St SW","Valdese","35250000","Rob Setliff","President","Mal","102317","V","Valdese Manufacturing Co","rsetliff@meridiandyedyarn.com","PO Box 10","Valdese","NC","28690","8288741555","8288742151","226902","Dyers-Industrial (Manufacturers)","NULL","0","0"
"Classic Dyestuffs Inc","3368412346","301 Brentwood St","High Point","36036000","Jack Humble","President","Mal","103105","C","Classic Dyestuffs Inc","tina.fowler@classicdye.com","301 Brentwood St","High Point","NC","27260","3368415463","3368412346","516936","Dyes & Dyestuffs (Wholesale)","NULL","0","0"
"Packaging Services Of Carolina","7042795650","729 Palmer Rd","Rockwell","26700000","George Ruth","Plant Mgr","Mal","108807","P","Packaging Services Of Carolina","Forrest.Hammer@packserv-nc.com","PO Box 1469","Rockwell","NC","28138","7042795525","704-279-5650","2653","Corrugated and Solid Fiber Boxes","NULL","0","0"
"Jackson Beverage Co","9107636216","805 N 23rd St","Wilmington","29000000","Frank Duch","President","Mal","109085","J","Jackson Beverage Co","frank.duch@jbc-budweiser.com","805 N 23rd St","Wilmington","NC","28405","9107625549","9107636216","518101","Beer & Ale-Wholesale","NULL","0","0"
"Midstate Mills Inc","8284641611","11 N Brady Ave","Newton","36000000","Boyd H Drum","President","Mal","109161","M","Midstate Mills Inc","bDrum@midstatemills.com","PO Box 350","Newton","NC","28658","8284655139","8284641611","204102","Milling","NULL","0","0"
"Renaissance Stone","8286518200","6 Business Park Cir","Arden","46475000","Keith Klein","Owner","Mal","109566","R","Renaissance Stone","Keith-Klein@biltmoretile.com","6 Business Park Cir","Arden","NC","28704","8286518201","8286518200","571213","Counter Tops","NULL","0","0"
"Steelfab Inc","7043945376","8623 Old Dowd Rd","Charlotte","36000000","Don Sherrill","President","Mal","112679","S","Steelfab Inc","mspencer@steelfab-inc.com","8623 Old Dowd Rd","Charlotte","NC","28214","4343480106","7043945376","344106","Steel-Structural (Manufacturers)","www.steelfab-inc.com","0","0"
"CHT","7045234242","5046 Old Pineville Rd","Charlotte","26600000","Ted Dixon","President","Mal","113917","C","CHT","Ted@cht.com","5046 Old Pineville Rd","Charlotte","NC","28217","7045228142","7045234242","289905","Chemicals-Manufacturers","NULL","0","0"
"Carotek Inc","7048474406","700 Sam Newell Rd","Matthews","41600000","Deryl Bell","CEO","Mal","114421","C","Carotek Inc","carotek@carotek.com","700 Sam Newell Rd","Matthews","NC","28105","7048442755","7048474406","509908","Manufacturers-Agents & Representatives","www.carotek.com","0","0"
"Kvaerner Pulping Inc","7045411453","3430 Toringdon Way # 201","Charlotte","34640000","Cindy Dore","President","Fem","115222","K","Kvaerner Pulping Inc","Cindy.Dore@akerkvaerner.com","3430 Toringdon Way # 201","Charlotte","NC","28277","7045425969","7045411453","504904","Engineering Equipment & Supplies (Whol)","NULL","0","0"
"Mack Molding Co","7048789641","149 Water Tank Rd","Statesville","31160000","Joe Carinci","Plant Mgr","Mal","117488","M","Mack Molding Co","sales.south@mackmolding.com","149 Water Tank Rd","Statesville","NC","28677","7048789641","7048731966","308901","Mold Makers","www.mack.com","0","0"
"Meineke Car Care Ctr Inc","7043778855","128 S Tryon St # 9","Charlotte","34600000","Kenneth D Walker","CEO","Mal","117511","M","Meineke Car Care Ctr Inc","web.adminstrator@meineke.com","128 S Tryon St # 9","Charlotte","NC","28202","2812526811","7043778855","753301","Mufflers & Exhaust Systems-Engine","www.meineke.com","0","0"
"Elastic Products Div","8283214754","2586 Business 19","Andrews","25530000","Thomas O'Brien","President","Mal","117773","E","Elastic Products Div","ThomasO''Brien@elasticproducts.com","PO Box 1649","Andrews","NC","28901","8283214784","8283214754","224101","Elastic Goods (Manufacturers)","NULL","0","0"
"Pepsi-Cola Bottling Co","7045236761","2820 South Blvd","Charlotte","49700000","Dale F Halton","CEO","Fem","120581","P","Pepsi Cola Bottling Co. of Charlotte","cgolian@pepsicharlotte.com","2820 South Blvd","CHARLOTTE","NC","28209","7045236761","null","208601","Bottlers","PEPSICHARLOTTE.COM","0","0"
"Southern Metals Co Inc","7043943161","2200 Donald Ross Rd","Charlotte","31380000","Robert Helbein","President","Mal","122438","S","Southern Metals Co Inc","robert.helbein@recycle.net","2200 Donald Ross Rd","Charlotte","NC","28208","7043943163","7043943161","509312","Recycling Centers (Wholesale)","NULL","0","0"
"J & H Machine Tools","7045457362","4345 Morris Park Dr","Charlotte","30200000","Bob Johnson","CEO","Mal","124156","J","J & H Machine Tools","H.John@jhmachinetools.com","4345 Morris Park Dr","Charlotte","NC","28227","7045450073","7045457362","508425","Machine Tools (Wholesale)","NULL","0","0"
"Max Daetwyler Corp","7048751200","13420 Reese Blvd W","Huntersville","37065000","Peter Daetwyler","President","Mal","126114","M","Max Daetwyler Corp","twillis@daetwyler.com","13420 Reese Blvd W","Huntersville","NC","28078","7048750781","7048751200","509905","Importers","NULL","0","0"
"Industries Of The Blind Inc","3362741591","PO Box 3544","Greensboro","29640000","Glenn D Rainey","President","Mal","126474","R","Rockin Dolphin Products","rockindolphin@zdnetmail.com","1308 Grove Street","GREENSBORO","NC","27402","3362741591","3362749207","738999","Business Services Nec","ROCKINDOLPHIN.COM^^ROCKINDOLPHINS.COM","0","0"
"Philips","8282542353","150 Westside Dr","Asheville","41280000","Dan Dippel","Plant Mgr","Mal","127253","P","Philips","scott.alwine@philipsproducts.com","150 Westside Dr","Asheville","NC","28806","5037691801","8282542353","521107","Windows","www.philipsproducts.com","0","0"
"Campbell Oil & Gas Co","9108624107","1106 W Broad St","Elizabethtown","39400000","Brian Campbell","Owner","Mal","128034","C","Campbell Oil & Gas Co","brianc@campbelloil.net","PO Box 637","Elizabethtown","NC","28337","9108624344","9108624107","517208","Gas-Liquefied Petro-Bttld/Bulk (Whol)","NULL","0","0"
"Southeastern Freight Lines","3366320292","8718 Us Highway 421 W","Greensboro","30200000","Marty Coleman","President","Mal","128851","S","Southeastern Freight Lines","Marty@sefl.com","8718 Us Highway 421 W","Greensboro","NC","27409","3366051751","3363930279","421309","Trucking-Motor Freight","NULL","0","0"
"Dixon Marketing Inc","2525222029","301 Darby Ave","Kinston","45480000","Laura Dixon","CEO","Fem","129750","D","Dixon Marketing Inc","ldixon@dixonmkt.com","301 Darby Ave","Kinston","NC","28501","2525273967","2525222029","514102","Food Brokers","NULL","0","0"
"Interroll Corp","9107991100","3000 Corporate Dr","Wilmington","34000000","Thorsten Wartemann","CEO","Mal","130638","I","Interroll Corp","randy.reeves@interroll.com","3000 Corporate Dr","Wilmington","NC","28405","9103923822","9107991100","353501","Conveyors & Conveying Equipment-Mfrs","NULL","0","0"
"Haht Software","9197865100","4200 Six Forks Rd","Raleigh","42500000","Rowland Archer","President","Mal","131059","H","Haht Software","Archer@haht.com","4200 Six Forks Rd","Raleigh","NC","27609","9197865251","9197865100","874213","Marketing Programs & Services","NULL","0","0"
"Fox Apparel","3366297641","414 E Dixie Dr","Asheboro","25270000","Wally Thompson","President","Mal","131508","F","Fox Apparel","WallyThompson@texasjeans.com","414 E Dixie Dr","Asheboro","NC","27203","3366293685","3366297641","569947","Apparel & Garments-Retail","NULL","0","0"
"RBI","7048470050","640 Matthews Mint Hill Rd # E","Matthews","32046000","Richard Boone","Owner","Mal","131694","R","RBI","R.Boone@rbiwoodtools.com","640 Matthews Mint Hill Rd # E","Matthews","NC","28105","7048497011","7048470050","506338","Electronic Parts Assemblers (Wholesale)","NULL","0","0"
"Columbina Hi-Tech","3368525679","1802 Fairfax Rd","Greensboro","25149000","Don Olson","President","Mal","132069","C","Columbina Hi-Tech","DonOlson@hitechmfg.com","1802 Fairfax Rd","Greensboro","NC","27407","3368526149","3368525679","349903","Metal Goods-Manufacturers","NULL","0","0"
"Medical Modalities","7049328885","122 S Main St","Kannapolis","26910000","Howie Morrison","Owner","Mal","132457","M","Medical Modalities","HowieM@medicalmodalities.com","122 S Main St","Kannapolis","NC","28081","NULL","7049328885","504704","Physicians & Surgeons Equip & Supls-Whol","NULL","0","0"
"INC Research Inc","9198769300","4700 Falls Of Neuse Rd # 400","Raleigh","48300000","Jim Ogle","CEO","Mal","132681","I","INC Research Inc","jOgle@incresearch.com","4700 Falls Of Neuse Rd # 400","Raleigh","NC","27609","9198769360","9198769300","384104","Physicians & Surgeons Equip & Supls-Mfrs","NULL","0","0"
"Excopack","3364763131","1308 Blair St","Thomasville","43000000","Dan Jones","Plant Mgr","Mal","132904","E","Excopack","flex.pack@exopack.com","1308 Blair St","Thomasville","NC","27360","8703677436","3364763131","267301","Bags-Plastic (Manufacturers)","www.exopack.com","0","0"
"Monrovia Nursery Of Nc","2525669784","4588 Brothers Rd","La Grange","25116000","Chris Brown","Manager","Mal","133817","M","Monrovia Nursery Of Nc","nstaddon@monrovia.com","4588 Brothers Rd","La Grange","NC","28551","5038687352","2525669784","526108","Nurserymen","www.monrovia.com","0","0"
"Caroplast Inc","7043944191","8912 Wilkinson Blvd","Charlotte","34200000","Lou Raymond","President","Mal","135713","C","Caroplast Inc","judy.raymond@caroplast.com","8912 Wilkinson Blvd","Charlotte","NC","28214","7043942201","7043944191","505107","Pipe-Wholesale","NULL","0","0"
"Williams Printing","3369853357","985 Meadowbrook Dr # A","King","38709000","Kevin Williams","Manager","Mal","135872","W","Williams Printing","Kevin@wpcatlanta.com","985 Meadowbrook Dr # A","King","NC","27021","NULL","3369853357","275202","Printers","NULL","0","0"
"Media Communications","7045278853","9700 Southern Pine Blvd","Charlotte","31086000","Chris Cates","President","Mal","137691","M","Media Communications","CChris@media-comm.com","9700 Southern Pine Blvd","Charlotte","NC","28273","7045259899","7045278853","781211","Video Production & Taping Service","NULL","0","1"
"Royale Comfort Seating","8286322865","140 Alspaugh Dam Rd","Taylorsville","25480000","Clyde Goble","Owner","Mal","139215","R","Royale Comfort Seating","Goble@royalecomfort.com","PO Box 235","Taylorsville","NC","28681","8286327067","8286322865","239202","Pillows-Manufacturers","NULL","0","0"
"Flanders Filters Inc","2529468081","531 Flanders Filters Rd","Washington","48750000","Steve Clark","President","Mal","140245","F","Flanders Filters Inc","eharrison@ffi.flanderscorp.com","531 Flanders Filters Rd","Washington","NC","27889","2529464738","2529468081","553102","Filters-Air & Gas","NULL","0","0"
"Dillon Supply Co","9198384302","216 S West St","Raleigh","48960000","Gene Wagoner","CEO","Mal","143251","D","Dillon Supply Co","mosborn@dillonsupply.com","216 S West St","Raleigh","NC","27603","9198384352","9198384302","508457","Trucks-Industrial (Wholesale)","NULL","0","0"
"Twin City Knitting","8284640128","107 6th Ave NE","Conover","34700000","Francis Davis","Owner","Mal","144167","T","Twin City Knitting","DavisF@twincityknitting.com","PO Box 1179","Conover","NC","28613","8284653209","8284640128","513715","Hosiery-Wholesale","NULL","0","0"
"UNX Inc","2527568616","707 E Arlington Blvd","Greenville","26390000","Robert J Stell","Owner","Mal","144510","U","UNX Inc","armstrong@unxinc.com","707 E Arlington Blvd","Greenville","NC","27858","2527562764","2527568616","284101","Soaps & Detergents-Manufacturers","www.unxinc.com","0","0"
"W E Bailey & Son","9106545163","210 Mills St","Chadbourn","49590000","George Wooten","Owner","Mal","146804","W","W E Bailey & Son","George@sweetpotatoes.com","210 Mills St","Chadbourn","NC","28431","9106544734","9106545163","514805","Fruits & Vegetables-Growers & Shippers","NULL","0","2"
"Viking Technology","7047353754","115 Industrial Park Rd","Lincolnton","44950000","Arthur Lavitt","Owner","Mal","150214","V","Viking Technology","Arthur@viking-tech.com","115 Industrial Park Rd","Lincolnton","NC","28092","7047326119","7047353754","513715","Hosiery-Wholesale","NULL","0","0"
"Urethane Innovators","2526377110","403 Industrial Dr","New Bern","27600000","Robert Liland","Owner","Mal","150944","U","Urethane Innovators","ui@urethaneusa.com","403 Industrial Dr","New Bern","NC","28562","2526372077","2526377110","282202","Urethane & Urethane Products-Mfrs","www.urethaneusa.com","0","0"
"Fort Bragg Commissary Store","9103962428","Butner Rd Bldg 8-5476a","Fort Bragg","25935000","Gale Van Hull","Executive Director","Mal","151129","F","Fort Bragg Commissary Store","john@doe.com","Butner Rd Bldg 8-5476a","Fort Bragg","NC","28307","7136735132","9103962428","541105","Grocers-Retail","www.gorlc.com","0","0"
"Asheboro Paper & Packaging Inc","3366830200","4441 N Fayetteville St","Asheboro","25272000","Joanne O'Grady","Owner","Fem","151187","A","Asheboro Paper & Packaging Inc","jogrady@asheboropaper.com","4441 N Fayetteville St","Asheboro","NC","27203","NULL","3366830200","511308","Packaging Materials-Wholesale","NULL","0","0"
"Smith Turf & Irrigation Co","7043938873","4355 Golf Acres Dr","Charlotte","28800000","Wayne B Smith Jr","President","Mal","152899","S","Smith Turf & Irrigation Co","ue@smithturf.com","4355 Golf Acres Dr","Charlotte","NC","28208","7043981428","7043938873","508305","Irrigation Systems & Equipment (Whol)","www.smithturf.com","0","0"
"Carolina Mirror Co","3368382151","201 Elkin Hwy","North Wilkesboro","47785000","Tommy Huskey","CEO","Mal","153749","C","Carolina Mirror Co","tHuskey@carolinamirror.com","PO Box 548","North Wilkesboro","NC","28659","3368389734","3368382151","323104","Mirrors-Manufacturers","NULL","0","0"
"Councill Craftsmen","3368592155","1156 N Main St","Denton","31302000","Carlton Mallory","President","Mal","154216","C","Councill Craftsmen","CarltonMallory@councill.com","1156 N Main St","Denton","NC","27239","3368595289","3368592155","259901","Furniture-Manufacturers","NULL","0","0"
"Ametek Rotron Technical Motor","3364493400","1210 NC Highway 61","Whitsett","33150000","Jim Liddle","Plant Mgr","Mal","154576","A","Ametek Rotron Technical Motor","info.webmaster@ametek.com","1210 NC Highway 61","Whitsett","NC","27377","3306773736","3364493400","362102","Electric Motors-Manufacturers","www.ametek.com","0","0"
"Mobay Sportswear Inc","7047842704","244 Manor Ave SW","Concord","46860000","Robert Kalina","Owner","Mal","155313","M","Mobay Sportswear Inc","rKalina@crtpr.com","244 Manor Ave SW","Concord","NC","28025","7047842708","7047842704","513609","Sportswear-Wholesale","NULL","0","0"
"Transformer Maintenance Svc","9105941495","1392 Massey Rd","Newton Grove","39480000","William Outlaw","President","Mal","155664","T","Transformer Maintenance Svc","William@transmaint.com","PO Box 189","Newton Grove","NC","28366","9105940297","9105941495","506311","Transformers-Wholesale","NULL","0","0"
"Leonard Buildings","3367895018","566 Holly Springs Rd","Mt Airy","42200000","David O'Neal","CEO","Mal","156364","L","Leonard Buildings","doneal@leonardusa.com","566 Holly Springs Rd","Mt Airy","NC","27030","3367897314","336-789-5018","344898","Prefabricated Metal Buildings and Components","NULL","0","0"
"Greenwood Motor Lines Inc","7048554211","175 Pine Ridge Rd","China Grove","27180000","Steve Ford","Manager","Mal","160593","G","Greenwood Motor Lines Inc","jobopps@rlcarriers.com","175 Pine Ridge Rd","China Grove","NC","28023","3165298909","7048554211","421309","Trucking-Motor Freight","www.gorlc.com","0","0"
"Corrugated Container Corp","9195670800","301 Thomas Mill Rd","Holly Springs","28431000","Tim Schwoyer","Manager","Mal","160707","C","Corrugated Container Corp","tennessee@cccbox.com","301 Thomas Mill Rd","Holly Springs","NC","27540","5408699813","9195670800","511318","Boxes-Corrugated & Fiber (Wholesale)","www.cccbox.com","0","0"
"Owens-Corning Inc","8284592200","2651 Penny Rd","Claremont","41000000","Paul Borders","Plant Mgr","Mal","161816","O","Owens-Corning Inc","answers@answers.owenscorning.com","2651 Penny Rd","Claremont","NC","28610","4046999520","8284592200","308902","Plastics & Plastic Products (Mfrs)","www.owenscorning.com","0","0"
"TTC Research","3365743000","1204 Oakland Ave","Greensboro","33750000","Liz Winter","President","Fem","162044","T","TTC Research","mfoust@telectr.com","1204 Oakland Ave","Greensboro","NC","27403","3365743007","3365743000","873204","Market Research & Analysis","www.telectr.com","0","0"
"Long Agribusiness","2528234151","111 W Fairview St","Tarboro","32600000","Vijay Raina","President","Mal","162720","L","Long Agribusiness","vijay_raina@longagri.com","PO Box 1139","Tarboro","NC","27886","2528234576","2528234151","874213","Marketing Programs & Services","NULL","0","0"
"Keystone Imports","9198541100","1130 Situs Ct","Raleigh","25488000","Patrick Gavaghan","Owner","Mal","163264","K","Keystone Imports","PGavaghan@keystonecorporation.com","1130 Situs Ct","Raleigh","NC","27606","9192810310","9198541100","509905","Importers","NULL","0","0"
"Southern States Cooperative","7042782941","9150 Statesville Blvd","Cleveland","29925000","Mark Whittaker","President","Mal","164148","S","Southern States Cooperative","Mark@southernstates.com","9150 Statesville Blvd","Cleveland","NC","27013","7042780020","7042782941","519102","Farm Supplies (Wholesale)","NULL","0","0"
"Metaldyne Corp","2527582526","220 Industrial Blvd","Greenville","43014000","Mark Gerlach","Plant Mgr","Mal","164949","M","Metaldyne Corp","suggestions@metaldyne.com","220 Industrial Blvd","Greenville","NC","27834","2484423930","2527582526","371424","Engines-Supplies-Equipment & Parts-Mfrs","www.metaldyne.com","0","0"
"Sara Lee Hosiery","3365192369","401 W Hanes Mill Rd","Winston Salem","47200000","Dennis Ward","Plant Mgr","Mal","165977","S","Sara Lee Hosiery","ChuckNesbit@saralee.com","5660 University Pkwy # 3","Winston Salem","NC","27105","3365193654","3365193241","225198","Womens Full-Length/Knee-Lnth Hsry (Mfrs)","NULL","0","0"
"Steele Rubber Products Inc","7044839343","1601 E NC Highway 150","Denver","42480000","Matt Agosta","President","Mal","168923","S","Steele Rubber Products Inc","magosta@steelerubber.com","1601 E NC Highway 150","Denver","NC","28037","7044836650","7044839343","509905","Importers","NULL","0","0"
"A M Haire Body Co","3364724444","516 Pineywood Rd","Thomasville","29600000","Darrell Haire","Owner","Mal","171623","A","A M Haire Body Co","jnewton@amhaire.com","516 Pineywood Rd","Thomasville","NC","27360","3364768855","3364724444","371303","Truck Bodies-Manufacturers","NULL","0","0"
"Mammoth Grating Inc","9198481010","1108 Nowell Rd # B","Raleigh","39130000","Paul Mascia","Owner","Mal","172458","M","Mammoth Grating Inc","Pmascia@mammothgrading.com","1108 Nowell Rd # B","Raleigh","NC","27607","9198484240","9198481010","161103","Grading Contractors","NULL","0","0"
"Brady Distributing Co","7043576284","2708 Yorkmont Rd","Charlotte","47200000","Jon P Brady","Owner","Mal","173057","B","Brady Distributing Co","arcadesales@bradydist.com","2708 Yorkmont Rd","Charlotte","NC","28208","4078721667","7043576284","509920","Amusement Devices-Wholesale","www.bradydist.com","0","0"
"Catawba Rental","8284593200","3350 N Oxford St","Claremont","25800000","John Pope","CEO","Mal","173968","C","Catawba Rental","John@ctgrp.com","PO Box 339","Claremont","NC","28610","8284593291","8284593200","751303","Truck Renting & Leasing","NULL","0","0"
"Foamex LP","7048928081","18801 Old Statesville Rd","Cornelius","49552000","Pete Barr","Plant Mgr","Mal","175305","F","Foamex LP","carpetcushioninfo@foamex.com","18801 Old Statesville Rd","Cornelius","NC","28031","7048920409","7048928081","308601","Plastics-Foam (Manufacturers)","www.foamex.com","0","0"
"G & G Lumber Co","7045395272","179 Lumber Dr","Union Grove","25800000","Cecil Gregory","Owner","Mal","176561","G","G & G Lumber Co","gandglumber@wadtel.net","PO Box 53","Union Grove","NC","28689","7045395296","7045395272","521142","Lumber-Retail","NULL","0","0"
"Blue Ridge Propane Inc","8287333603","14 Turbyfill Rd","Newland","30186000","Jack Howard","Owner","Mal","176813","B","Blue Ridge Propane Inc","brpropane@naxs.net","PO Box 789","Newland","NC","28657","NULL","8287333603","517208","Gas-Liquefied Petro-Bttld/Bulk (Whol)","NULL","0","0"
"Arcadis Geraghty & Miller Inc","9195444535","4915 Prospectus Dr # F","Durham","26910000","Andy Murphy","VP","Mal","177583","A","Arcadis Geraghty & Miller Inc","enyer@arcadis-us.com","4915 Prospectus Dr # F","Durham","NC","27713","9186649925","9195444535","871111","Engineers-Consulting","www.arcadis-us.com","0","0"
"Warvel Products Inc","3369563004","125 Linwood Veneer Rd","Linwood","30960000","Cindy Crissman","Plant Mgr","Fem","179509","W","Warvel Products Inc","dzook@warvel.com","125 Linwood Veneer Rd","Linwood","NC","27299","3369562175","3369563004","521112","Plywood & Veneers","www.warvel.com","0","0"
"Funder America Inc","3367513501","200 Funder Dr","Mocksville","26200000","Peter Funder","President","Mal","180010","F","Funder America Inc","lhockenberry@funderamerica.com","PO Box 729","Mocksville","NC","27028","3367515623","3367513501","399903","Manufacturers","NULL","0","0"
"NWL Capacitors","2527475943","204 Carolina Dr","Snow Hill","29610000","James Seitz","Owner","Mal","180089","N","NWL Capacitors","James-Seitz@nwl.com","PO Box 97","Snow Hill","NC","28580","2527478979","2527475943","506348","Capacitors (Wholesale)","NULL","0","0"
"Clarkston Consulting","9194844400","1007 Slater Rd # 400","Durham","40250000","Tom Finegan","CEO","Mal","180519","C","Clarkston Consulting","tfinegan@clarkstonconsulting.com","1007 Slater Rd.","Durham","NC","27703","9194844450","919-484-4400","737905","Computer Consultants","NULL","0","0"
"Clientlogic","8282774900","1636 Hendersonville Rd # 16","Asheville","47000000","Betty Cutting","Manager","Fem","185514","C","Clientlogic","nashvillejobs@clientlogic.com","1636 Hendersonville Rd # 16","Asheville","NC","28803","6623208601","8282774900","738912","Telemarketing Services","www.clientlogic.com","0","0"
"Rush Industries Inc","3368867700","118 N Wrenn St","High Point","34000000","","","","185564","R","Rush Industries Inc","rush@rushfurniture.com","118 N Wrenn St","High Point","NC","27260","3183353800","3368867700","259901","Furniture-Manufacturers","www.rushfurniture.com","0","0"
"Tidewater Fibre Corp","9199578803","1017 S Hoover Rd","Durham","26340000","Waylon Lynch","Manager","Mal","186376","T","Tidewater Fibre Corp","recycle@tfcrecycling.com","1017 S Hoover Rd","Durham","NC","27703","9199570704","9199578803","509305","Waste Rdctn Dspsl/Recycle Svc-Ind (Whol)","www.tfccorp.com","0","0"
"Relizon Co","7043985100","4001 Performance Rd","Charlotte","30875000","Allan Rigdon","Plant Mgr","Mal","187162","R","Relizon Co","helpdesk@workflowone.com","4001 Performance Rd","Charlotte","NC","28214","9792777748","7043985100","276103","Business Forms & Systems-Manufacturers","www.relizon.com","0","0"
"Tamsco","2523380288","905 Halstead Blvd # 22","Elizabeth City","25425000","Jeff Berry","Manager","Mal","187595","T","Tamsco","jberry@tamsco.com","905 Halstead Blvd # 22","Elizabeth City","NC","27909","7322293113","2523380288","874822","Aviation Consultants","www.tamsco.com","0","0"
"York Oil Co","3367895561","1314 Old Highway 601 S","White Plains","27900000","Gary York","CEO","Mal","188306","Y","York Oil Co","internet@bordercity.com","1314 Old Highway 601 S","White Plains","NC","27031","3367897067","3367895561","517206","Oils-Fuel (Wholesale)","www.yorkoil.com","0","0"
"WECT-TV","9107918070","322 Shipyard Blvd","Wilmington","28440000","John Shine","Manager","Mal","188313","W","WECT-TV","bbonner@wect.com","322 Shipyard Blvd","Wilmington","NC","28412","9103506790","9107918070","483301","Television Stations & Broadcasting CO","www.wect.com","0","0"
"Emerson Network Power","3367315000","325 Welcome Center Blvd","Welcome","47040000","Steve Crisler","Plant Mgr","Mal","188758","E","Emerson Network Power","kevin.hankins@marconi.com","325 Welcome Center Blvd","Welcome","NC","27374","7032454600","3367315000","179104","Metal Fabricators","www.marconi.com","0","0"
"West 1 Catv Supplies","8284522255","202 Lea Plant Rd","Waynesville","37430000","Kelley West","Owner","Mal","188851","W","West 1 Catv Supplies","ed@west1catv.com","202 Lea Plant Rd","Waynesville","NC","28786","8284522255","8284522255","484101","Television-Cable & Catv","www.west1catv.com","0","0"
"Nypro Carolina","3362271470","3260 Nova Ln","Burlington","34277000","Kris Neilsen","Manager","Mal","189213","N","Nypro Carolina","staffing@nypro.com","3260 Nova Ln","Burlington","NC","27215","3037724753","3362271470","308901","Mold Makers","www.nypro.com","0","0"
"Bill Plemmons Rv World Svc","3363772153","6725 University Pkwy","Winston Salem","39680000","Steve Plemmons","Owner","Mal","189493","B","Bill Plemmons Rv World Svc","Steve@billplemmonsrv.com","6725 University Pkwy","Winston Salem","NC","27105","3363772381","3363772153","556103","Recreational Vehicles","NULL","0","0"
"W M Cramer Lumber Co","8283977481","3486 Texs Fish Camp Rd","Connellys Spgs","31300000","Wendell M Cramer","President","Mal","189576","W","W M Cramer Lumber Co","gailg@cramerlumber.com","3486 Texs Fish Camp Rd","Connellys Spgs","NC","28612","8283973763","8283977481","521142","Lumber-Retail","www.cramerlumber.com","0","0"
"Lenox China Mfg","2525235555","1800 Dobbs Farm Rd","Kinston","43520000","Paul Leichtnam","Plant Mgr","Mal","189682","L","Lenox China Mfg","lenox@lenox.com","1800 Dobbs Farm Rd","Kinston","NC","28504","6313696953","2525235555","326298","Vitreous China-Tbl/Ktchn Articles (Mfrs)","www.lenox.com","0","0"
"Metro Lift Propane","7046631918","201 N Church St # I","Mooresville","38952000","Kendall Rhine","Manager","Mal","190959","M","Metro Lift Propane","chrisb@metrolift.com","201 N Church St # I","Mooresville","NC","28115","6304663650","7046631918","517208","Gas-Liquefied Petro-Bttld/Bulk (Whol)","www.metrolift.com","0","0"
"Sullivan Wholesale Inc","9104886126","3701 Distribution Dr","Fayetteville","35550000","Lloyd Sullivan","Owner","Mal","191193","S","Sullivan Wholesale Inc","lloyd@sullivanwholesale.net","3701 Distribution Dr","Fayetteville","NC","28311","9104880547","9104886126","518101","Beer & Ale-Wholesale","NULL","0","0"
"Plastic Ingenuity","9196932009","113 Certainteed Dr","Oxford","31900000","Charlie Polichnowski","Plant Mgr","Mal","191194","P","Plastic Ingenuity","cathy@plasticingenuity.com","113 Certainteed Dr","Oxford","NC","27565","9196934850","9196932009","267101","Packaging Materials-Manufacturers","www.plasticingenuity.com","0","0"
"Columbia Beauty Supply Equip","7048452888","8001 Tower Point Dr","Charlotte","25000000","J Donald Anderson","President","Mal","192350","C","Columbia Beauty Supply Equip","J_Anderson@cbslink.com","8001 Tower Point Dr","Charlotte","NC","28227","7048451405","7048452888","508702","Beauty Salons-Equipment & Supls (Whol)","NULL","0","0"
"Sonitrol Security Svc","7048611111","915 E 4th Ave","Gastonia","32242000","Bill Price","Owner","Mal","192664","S","Sonitrol Security Svc","bPrice@sonitrolcarolinas.com","915 E 4th Ave","Gastonia","NC","28054","7044233439","7048611111","506324","Burglar Alarm Systems (Wholesale)","NULL","0","0"
"Royal Patina","3368897305","1008 Hutton Ln # 111","High Point","30208000","William Rogers","CEO","Mal","194512","B","Brestl; Inc.","tdooley@brestl.com","211 Fraley Road","HIGH POINT","NC","27262","3368897305","3368997359","571216","Furniture","BRESTL.COM^^PACIFICCONCEPTSLTD.COM^^ROYALPATINA.COM^^TIMBERWOODFURNITURE.COM","0","0"
"Quintiles Inc","9199412888","5927 S Miami Blvd","Morrisville","45000000","","","","194577","Q","Quintiles Inc","martial.tardy@solvay.com","5927 S Miami Blvd","Morrisville","NC","27560","2483919530","9199412888","873206","Research Service","www.solvay.com","0","0"
"Wells & West","8288372437","1268 Andrews Rd","Murphy","26280000","Charles West","President","Mal","194858","W","Wells & West","Charles.West@wellsandwest.com","PO Box 129","Murphy","NC","28906","8288373152","8288372437","154210","Buildings-Metal","NULL","0","0"
"Bay State Milling Co","7046644873","448 N Main St","Mooresville","32800000","L A Lovett","Plant Mgr","Mal","195853","B","Bay State Milling Co","productdevelopment@bsm.com","448 N Main St","Mooresville","NC","28115","6174798910","7046644873","204102","Milling","www.bsm.com","0","0"
"WXII","3367219944","700 Coliseum Dr","Winston Salem","44733000","Henry E Price","President","Mal","197188","W","WXII","tvsales@wxii12.com","700 Coliseum Dr","Winston Salem","NC","27106","3367036301","3367219944","483301","Television Stations & Broadcasting CO","www.wxii12.com","0","0"
"Xerox Corp","7045512000","4201 Congress St # 250","Charlotte","36630000","Marlene Williams","VP","Fem","197309","X","Xerox Corp","ggades@blitzprint.com","4201 Congress St # 250","Charlotte","NC","28209","9165610462","7045512000","504403","Copying & Duplicating Machines & Supls","www.xerox.com","0","0"
"Americap","2524452388","276 Daniels Bridge Rd","Enfield","28720000","Carl Qualls","Owner","Mal","197400","A","Americap","Carl@americap.net","276 Daniels Bridge Rd","Enfield","NC","27823","2524452670","2524452388","519917","Advertising-Specialties (Wholesale)","NULL","0","0"
