"BUDGET BLINDS","7756266667","PO BOX 33995","RENO","5300000","MARIESA WETZEL","Manager","F","1163","B","Budget Blinds","David@coolwindowshades.com","PO Box 33995","Reno","NV","89533","NULL","7752675547","521119","Shutters","NULL","0","0"
"INVESTMENT EQUITY BUILDERS","7028714545","4560 S DECATUR BLVD STE 200","LAS VEGAS","5100000","DAVID INMAN","Owner","M","1870","I","Investment Equity Builders","dale@iebuilders.com","4270 South Decatur  Suite A7","LAS VEGAS","NV","89103","7028714545","null","152101","Single","IEBUILDERS.COM","0","0"
"T Brothers Tile","7022218453","3450 Polaris Ave","Las Vegas","9860000","Bill Tsagrinos","Owner","Mal","3314","T","T Brothers Tile","BillTsagrinos@tbrotherstile.com","3450 Polaris Ave","Las Vegas","NV","89102","7024578453","7022218453","174301","Tile-Ceramic-Contractors & Dealers","NULL","0","0"
"Roberts Roof & Floor Inc","7028764880","4801 W Bell Dr","Las Vegas","5580000","Robert Freeman","Owner","Mal","3553","R","Roberts Roof & Floor Inc","phil@robertsroofandfloor.com","4801 W Bell Dr","Las Vegas","NV","89118","7028761868","7028764880","176109","Roofing Contractors","www.robertsroofandfloor.com","0","0"
"Bobby Stephens Masonry Inc","7026451497","4045 W Quail Ave # 2","Las Vegas","8820000","Bobby Stevens","President","Mal","3799","B","Bobby Stephens Masonry Inc","bobby@ebby.com","4045 W Quail Ave # 2","Las Vegas","NV","89118","7026458998","7026451497","174101","Masonry Contractors","www.bobbystephens.com","0","0"
"SIGNS TODAY","7027351544","3132 S HIGHLAND DR","LAS VEGAS","7500000","DAN HUGHES","Owner","M","3800","S","Signs Today","HughesDan@signs-today.com","3132 S Highland Dr","Las Vegas","NV","89109","7027351510","7027351544","399398","Signs & Advertising Specialties (Mfrs)","NULL","0","0"
"PLANT WORLD NURSERY","7028789485","5301 W CHARLESTON BLVD","LAS VEGAS","8800000","JAY HARRISON","Owner","M","5075","P","Plant World Nursery","JayH@plantworldnursery.com","5301 W Charleston Blvd","Las Vegas","NV","89146","7028773714","7028789485","526108","Nurserymen","NULL","0","0"
"College Network Inc","7022144444","4880 W University Ave # B4","Las Vegas","8150000","John Bruno","VP","Mal","5931","C","College Network Inc","dbrannon@college-net.com","4880 W University Ave # B4","Las Vegas","NV","89103","3178763276","7022144444","273101","Publishers-Book","www.college-net.com","0","0"
"Larry Wood Productions","7028971010","PO Box 11291","Las Vegas","5024000","Larry Wood","Owner","Mal","6073","L","Larry Wood Productions","Wood.Larry@larrywoodproductions.com","PO Box 11291","Las Vegas","NV","89111","NULL","7028971010","781211","Video Production & Taping Service","NULL","0","1"
"A-1 SECURITY","7024746667","917 S 1ST ST","LAS VEGAS","5400000","BUD WULFURST","Owner","M","6819","A","A- Security","bud@imediaconsultants.com","917 S 1st St","LAS VEGAS","NV","89101","7024746667","7024746667","506324","Burglar Alarm Systems (Wholesale)","ALARMSRENO.COM;RENOALARMS.COM;RENOLOCKS.COM;RENOSECURITY.COM;VEGASALARMS.COM","0","0"
"Emerald Island Casino","7025679160","120 Market St","Henderson","9600000","Mike Brooks","Owner","Mal","7435","E","Emerald Island Casino","Mike.Brooks@emeraldislandcasino.net","120 Market St","Henderson","NV","89015","7025679821","7025679160","799302","Casinos","NULL","0","0"
"Fire Extinguisher Svc Ctr","7753240117","435 Spokane St","Reno","9440000","Rick Martinez","Owner","Mal","9982","F","Fire Extinguisher Svc Ctr","Rick@fireextinguisher.com","435 Spokane St","Reno","NV","89512","NULL","7753240117","509903","Fire Extinguishers (Wholesale)","NULL","0","0"
"SOURCENET","7753323200","200 S VIRGINIA ST","RENO","5400000","","Unknown","","10086","S","Sourcenet","Tony@sourcenet-usa.com","200 S Virginia St # 103","Reno","NV","89501","7753323210","7753323200","596104","E-Commerce","NULL","0","0"
"SPECTRUM SURVEYING & ENGNRNG","7023677705","7351 W CHARLESTON BLVD STE 120","LAS VEGAS","6500000","CHRIS WENER","President","M","13355","S","Spectrum Surveying & Engnrng","ChrisWener@spectrumse.com","7351 W Charleston Blvd # 120","Las Vegas","NV","89117","7023678733","7023677705","871301","Surveyors-Land","NULL","0","1"
"North Valley Precision","7758292566","4750 Turbo Cir","Reno","8820000","William Sickmiller","Manager","Mal","13925","N","North Valley Precision","danas@boardwalk.net","4750 Turbo Cir","Reno","NV","89502","3232625145","7758292566","179104","Metal Fabricators","www.cpareferralservice.com","0","0"
"Independent Inc","7753580263","191 Coney Island Dr","Sparks","5000000","Steve Williams","President","Mal","14669","I","Independent Inc","independent@kitchenhood.com","191 Coney Island Dr","Sparks","NV","89431","7753580288","7753580263","571211","Kitchen Cabinets & Equipment-Household","www.kitchenhood.com","0","0"
"SEPHORA","7027353896","3377 LAS VEGAS BLVD S","LAS VEGAS","8800000","DANIEL SHOEMAKER","Manager","M","14787","S","Sephora","affiliates@sephora.com","3663 Las Vegas Blvd S # 140","Las Vegas","NV","89109","2105410036","7027370550","599992","Cosmetics & Perfumes-Retail","www.sephora.com","0","0"
"SYNLAWN","7023658873","5075 CAMERON ST STE C","LAS VEGAS","5400000","GEORGE NEAGLE","Owner","M","14866","S","Synlawn","Nagle_George@synlawn.com","5550 Cameron St # H","Las Vegas","NV","89118","7028628873","7023658873","078204","Landscape Contractors","NULL","0","1"
"Trimline","7753223181","1660 Greg St","Sparks","8064000","Eric Nagy","Owner","Mal","14912","T","Trimline","EricN@plyco.com","1660 Greg St","Sparks","NV","89431","7753223297","7753223181","501373","Truck Accessories (Wholesale)","NULL","0","0"
"Showcase Slots","7027405722","4305 Industrial Rd # B110","Las Vegas","7552000","Peter Castiglia","Owner","Mal","16469","S","Showcase Slots","P.Castiglia@showcaseslots.com","4305 Industrial Rd # B110","Las Vegas","NV","89103","7027405733","7027405722","509934","Gaming Equipment & Supplies (Wholesale)","NULL","0","0"
"CASINO TRAVEL & TOURS","7029465075","6185 S VALLEY VIEW BLVD STE R","LAS VEGAS","7100000","ADAM WHITE","Manager","M","16756","C","Casino Travel & Tours","M-Kritzler@casinotravel.com","6185 S Valley View Blvd","Las Vegas","NV","89118","7028666006","7029465075","411903","Limousine Service","NULL","0","0"
"Tricom Communications","7023832800","1541 Camarillo Dr # 103","North Las Vegas","5264000","John Barlow","CEO","Mal","16841","T","Tricom Communications","John.Barlow@tricom1.com","1541 Camarillo Dr # 103","North Las Vegas","NV","89031","NULL","7023832800","506308","Fire Alarm Systems (Wholesale)","NULL","0","0"
"Las Vegas Ski & Snowboard Rsrt","7028725462","3620 N Rancho Dr # 101","Las Vegas","7500000","Brian Strait","Manager","Mal","17923","L","Las Vegas Ski & Snowboard Rsrt","groupsales@lvssr.com","3620 N Rancho Dr # 101","Las Vegas","NV","89130","7026453391","7028725462","701110","Skiing Centers & Resorts","www.skilasvegas.com","0","1"
"Manufacturing Design Corp","7023673429","3855 W Harmon Ave","Las Vegas","5904000","Juan Guzman","Owner","Mal","18559","M","Manufacturing Design Inc","jgpilot2@worldnet.att.net","3855 W Harmon Ave","LAS VEGAS","NV","89103","7023673429","7023651362","152106","Designers","MDILV.COM","0","0"
"MOUNTAIN FAMILY RV","7758491005","16300 S VIRGINIA ST","RENO","8400000","TOM BORDIGIONI","Owner","M","19597","M","Mountain Family Rv","Tom.Bordigioni@mountainfamilyrv.com","16300 S Virginia St","Reno","NV","89521","7758492528","7758491005","556103","Recreational Vehicles","NULL","0","0"
"Signs West Inc","7023681711","4970 Arville St # 101","Las Vegas","5170000","John Yurik","Owner","Mal","19981","S","Signs West Inc","webinfo@signswest.com","4970 Arville St # 101","Las Vegas","NV","89118","7023687553","7023681711","738905","Sign Painters","www.signswest.com","0","0"
"ADDISON CONSTRUCTION SUPPLY","7028769800","5685 CAMERON ST","LAS VEGAS","6400000","STEVEN E VAN MEETREN","Owner","M","20597","A","Addison Construction Supply","brad@addisonsupply.com","5685 Cameron St","Las Vegas","NV","89118","7023678807","7028769800","507207","Hardware-Wholesale","NULL","0","0"
"A Carlisle & Co Of Nv","7753235163","1080 Bible Way","Reno","6149000","Alan Krogness","Manager","Mal","20770","A","A Carlisle & Co Of Nv","printers@acarlisle.com","1080 Bible Way","Reno","NV","89502","7753237181","7753235163","275998","Commercial Printing Nec","www.acarlisle.com","0","0"
"Tachikara USA","7753523500","958 United Cir","Sparks","5535000","Dann Burke","President","Mal","21278","T","Tachikara USA","Dann@tachikara.com","958 United Cir","Sparks","NV","89431","7753523518","7753523500","509111","Sporting Goods-Wholesale","NULL","0","0"
"USF Bestway Inc","7027981708","4650 E Cheyenne Ave","Las Vegas","7550000","Kevin Rydell","Manager","Mal","22609","U","USF Bestway Inc","ivillagelivetickets@nbcuni.com","4650 E Cheyenne Ave","Las Vegas","NV","89115","4078393965","7027981708","421309","Trucking-Motor Freight","www.usf.com","0","0"
"Unifirst Uniforms","7025658791","568 Parkson Rd","Henderson","8000000","Norm Zohner","Plant Mgr","Mal","22827","U","Unifirst Uniforms","ufirst@unifirst.com","568 Parkson Rd","Henderson","NV","89015","8036951450","7025658791","721803","Uniform Rental Service","www.unifirst.com","0","0"
"PRIDE WEST INC","7026510110","3200 E GOWAN RD STE 101","N LAS VEGAS","6700000","MARK RAY","Manager","M","22894","P","Pride West Inc","clewis@pridemobility.com","3200 E Gowan Rd # 101","North Las Vegas","NV","89030","9724063244","7026510110","411901","Handicapped Transportation Service","www.pridemobility.com","0","0"
"FRONTIER FOTO","7758822133","7200 US HIGHWAY 50 E","CARSON CITY","7500000","JOHN KREBBS","President","M","22920","F","Frontier Foto","parker@parkeralbumco.com","7200 Us Highway 50 E","Carson City","NV","89701","7758822301","7758822133","599944","Photo Albums & Frames","www.parkeralbumco.com","0","0"
"Cavonier Management Co Inc","7029148244","4050 W Sunset Rd # H","Las Vegas","5670000","Richard Scaglioine","Owner","Mal","22922","C","Cavonier Management","rscaglione_las@airgroup.com","90 Gault Way","North Las Vegas","NV","89118","7029148244","7029140453","874198","Fuel Management","accuratelv.com","0","0"
"Turf Equipment Supply Co","7028732468","3558 Procyon St","Las Vegas","5400000","Larry Kennedy","President","Mal","23606","T","Turf Equipment Supply Co","philip.kennedy@turf-equipment.com","3558 Procyon St","Las Vegas","NV","89103","7028737548","7028732468","526136","Sprinklers-Garden & Lawn-Retail","NULL","0","0"
"INTERNATIONAL MINUTE PRESS","7024510028","2585 E FLAMINGO RD","LAS VEGAS","8600000","GARY GOLDBERG","Owner","M","23763","I","International Minute Press","G_G@impgilbert.net","2585 E Flamingo Rd","Las Vegas","NV","89121","7024510097","7024510028","275202","Printers","NULL","0","0"
"Payroll Solutions","7022563748","3985 W Cheyenne Ave # 306","North Las Vegas","6800000","Howard Winters","Owner","Mal","24318","P","Payroll Solutions","HowardW@payrollmadeeasy.com","3985 W Cheyenne Ave # 306","North Las Vegas","NV","89032","7023093459","7022563748","874216","Employee Benefit Consultants","NULL","0","0"
"GLASFLOSS INDUSTRIES INC","7753229190","300 PARR CIR","RENO","6400000","EFRAIN MONDRAGON","Manager","M","25137","G","Glasfloss Industries Inc","inquiry@glasfloss.com","300 Parr Cir","Reno","NV","89512","2147414556","7753229190","507501","Air Cleaning & Purifying Equip (Whol)","www.glasfloss.com","0","0"
"TUXEDO JUNCTION","7028738830","3540 W SAHARA AVE STE E3","LAS VEGAS","9000000","MIKKA MOON","Owner","F","26741","T","Tuxedo Junction","RM@tuxjunction.com","3540 W Sahara Ave # E3","Las Vegas","NV","89102","7028765231","7028738830","729908","Formal Wear-Rental","NULL","0","0"
"REBEL OIL CO","7027985221","3785 W TROPICANA AVE","LAS VEGAS","9000000","REBECCA ZAFRA","Manager","F","26816","R","Rebel Oil Co","rec@rebeloil.com","3785 W Tropicana Ave","Las Vegas","NV","89103","9287534986","7027985221","286598","Cyclic Organic Crudes/Dyes/Pgmnts (Mfrs)","www.rebeloil.com","0","0"
"CARSON RV SALES & SVC","7758828333","4550 N CARSON ST","CARSON CITY","8400000","KEVIN JOHNSON","Owner","M","28749","C","Carson Rv Sales & Svc","help@interactrv.com","4550 N Carson St","Carson City","NV","89706","8175172217","7758828333","556103","Recreational Vehicles","www.funtimerv.com","0","0"
"E J MC KERNAN CO","7753566111","800 S ROCK BLVD","RENO","6700000","TIMOTHY MC KERNAN","President","M","29899","E","E J Mc Kernan Co","steve.mead@mckernan.com","800 S Rock Blvd","Reno","NV","89502","7753562181","7753566111","511308","Packaging Materials-Wholesale","NULL","0","0"
"AMERICAN MEDICAL RESPONSE","7026716975","1130 S MARTIN L KING BLVD","LAS VEGAS","5100000","KURT WILLIAMS","Chief Executive Office","M","30790","A","American Medical Response","Kurt@amr.net","1200 S Martin L King Blvd","Las Vegas","NV","89102","7026716710","7023843400","411902","Ambulance Service","NULL","0","0"
"NEVADA KANKO SVC","7027315403","2225 E FLAMINGO RD STE 200","LAS VEGAS","6300000","JAKE SAKURI","Owner","M","31523","N","Nevada Kanko Svc","SakuriJ@nevakan.com","2225 E Flamingo Rd # 200","Las Vegas","NV","89119","7027315413","7027315403","472402","Travel Agencies & Bureaus","NULL","0","0"
"Traffic Control Svc Inc","7022276667","175 Pacific Center Dr","Henderson","6110000","Jim Westfall","Owner","Mal","32929","T","Traffic Control Svc Inc","jim.westfall@tcsi.biz","175 Pacific Center Dr","Henderson","NV","89074","7022279592","7022276667","738905","Sign Painters","NULL","0","0"
"Liberty Lock & Key","7028715397","5470 W Sahara Ave # A","Las Vegas","6100000","Joe Esposito","Owner","Mal","33500","L","Liberty Lock & Key","E.Joe@libertylock.com","5470 W Sahara Ave # A","Las Vegas","NV","89146","7028765470","7028715397","769962","Locks & Locksmiths","NULL","0","1"
"Inland Supply Co","7753238605","2820 Mill St","Reno","7958000","Gordon Elliott","President","Mal","33988","I","Inland Supply Co","victor@gbiswebdesign.com","2820 Mill St","Reno","NV","89502","7753234425","7753238605","508724","Janitors Equipment/Supplies (Wholesale)","www.inlandreno.com","0","0"
"Pump It Up Of Henderson","7025685204","7685 Commercial Way","Henderson","5060000","Larry Allen","Owner","Mal","34069","P","Pump It Up Of Henderson","mlosson@piuparty.com","7685 Commercial Way","Henderson","NV","89015","2513423940","7025685204","792905","Entertainment Bureaus","www.pumpitupparty.com","0","0"
"MORREY DISTRIBUTING CO","7753526000","1850 E LINCOLN WAY","SPARKS","9200000","JOHN MORREY","President","M","34270","M","Morrey Distributing Co","john.morrey@nevadanet.com","1850 E Lincoln Way","Sparks","NV","89434","7753526010","7753526000","518101","Beer & Ale-Wholesale","NULL","0","0"
"SOURCE REFRIGERATION HVAC","7024532424","3655 E PATRICK LN STE 1200","LAS VEGAS","8800000","MIKE ILES","Manager","M","34571","S","Source Refrigeration HVAC","azservice@sourcerefrigeration.com","3655 E Patrick Ln # 1200","Las Vegas","NV","89120","2083810600","7024532424","507804","Refrigerating Equip-Coml (Wholesale)","www.sourcerefrigeration.com","0","0"
"Mc2 Exhibit Svc","7027950500","5845 Wynn Rd","Las Vegas","9400000","Michael Garrity","President","Mal","34602","M","Mc2 Exhibit Svc","MichaelG@mc-2online.com","5845 Wynn Rd","Las Vegas","NV","89118","7022622012","7027950500","738931","Convention & Meeting Facilities & Svc","NULL","0","0"
"SIGN-A-RAMA","7022577446","885 S RAINBOW BLVD","LAS VEGAS","7500000","","Unknown","","35219","S","Sign-A-Rama","Walker_David@sign-a-rama.com","885 S Rainbow Blvd","Las Vegas","NV","89145","NULL","7028783277","738905","Sign Painters","NULL","0","0"
"Tec","7753527800","500 Damonte Ranch Pkwy # 1056","Reno","5530000","George Thiel","Owner","Mal","35430","T","Tec","Thiel@tecincorporated.com","500 Damonte Ranch Pkwy # 1056","Reno","NV","89521","7753527929","7753527800","871110","Engineers-Civil","NULL","0","0"
"Western Union","7755772295","1190 Us Highway 50","Silver Springs","8360000","Diannia Piper","Owner","Fem","36276","W","Western Union","PDiannia@payment-solutions.com","PO Box 329","Silver Springs","NV","89429","7755772506","7755772295","609910","Money Transfer Service","NULL","0","0"
"White Cap","7022220466","4205 W Tompkins Ave # 4","Las Vegas","7770000","Monte Clayton","Owner","Mal","37980","W","White Cap","Monte@whitecap.net","4205 W Tompkins Ave # 4","Las Vegas","NV","89103","7022220569","7022220466","507205","Fasteners-Industrial (Wholesale)","NULL","0","0"
"Frontier Mobile Village","7758822100","1923 N Carson St # 105","Carson City","5640000","David Lippincott","Owner","Mal","38288","F","Frontier Mobile Village","David-Lippincott@frontiertours.com","1923 N Carson St # 105","Carson City","NV","89701","7758820208","7758822100","651501","Mobile Homes-Parks & Communities","NULL","0","0"
"Nevada Compressed Gas & Equip","7023822334","11820 Western Ave","Las Vegas","7072000","Judy Guidotti","Owner","Fem","38922","N","Nevada Compressed Gas & Equip","Guidotti.Judy@nvcompgas.com","11820 Western Ave","Las Vegas","NV","89101","7023821347","7023822334","508435","Welding Equipment & Supplies (Wholesale)","NULL","0","0"
"Big Root Warehouse","7028949340","3905 W Diablo Dr # 100","Las Vegas","8160000","Pete Barnhizer","Owner","Mal","39906","B","Big Root Warehouse","Barnhizer-Pete@islandsbbq.com","3905 W Diablo Dr # 100","Las Vegas","NV","89118","7028949886","7028949340","508406","Barbecue Equipment & Supplies (Whol)","NULL","0","0"
"LA-Z-Boy Furntiure Galleries","7029325730","10012 W Flamingo Rd","Las Vegas","6580000","Steve Huefltl","President","Mal","42071","L","LA-Z-Boy Furntiure Galleries","SteveHuefltl@la-z-boy.com","10012 W Flamingo Rd","Las Vegas","NV","89147","7026439731","7029325730","738902","Interior Decorators Design & Consultants","NULL","0","0"
"TAYLOR INTERNATIONAL CORP","7027346871","4040 DEAN MARTIN DR","LAS VEGAS","6800000","JIM MASON","Owner","M","43751","T","Taylor International Corp","oms@pclv.com","4040 Industrial Rd","LAS VEGAS","NV","89103","null","null","359915","Industrial Equipment & Supplies","taylorintlcorp.com","0","0"
"PETLAND","7029497387","8800 W CHARLESTON BLVD STE 3","LAS VEGAS","7000000","BRAD LOGAN","Owner","M","44430","P","Petland","BradLogan@petland.com","8800 W Charleston Blvd # 3","Las Vegas","NV","89117","7029491195","7029497387","599930","Pet Shops","NULL","0","0"
"CRAFTSMEN PRESS WEST","7759718000","11005 STEAD BLVD","RENO","6900000","GEORGE PRUE","President","M","46407","C","Craftsmen Press West","Prue@craftsmanpresswest.com","11005 Stead Blvd","Reno","NV","89506","7759718010","7759718000","275202","Printers","NULL","0","0"
"Plantasia","7023628616","","Las Vegas","6300000","Alex Colovic","President","Mal","46747","P","Plantasia","AlexColovic@plantasia.com","NULL","Las Vegas","NV","89102","NULL","7023628616","078204","Landscape Contractors","NULL","0","1"
"PROGRESSIVE HOME","7022637357","7181 AMIGO ST STE 140","LAS VEGAS","7200000","MICHAEL LEMKE","Owner","M","46845","P","Progressive Home","Michael-Lemke@progressivehome.com","7181 Amigo St # 140","Las Vegas","NV","89119","7022639673","7022637357","506324","Burglar Alarm Systems (Wholesale)","NULL","0","0"
"Central Valley Masonry","7755881920","278 Cheyenne Way","Zephyr Cove","6660000","Kim Willcox","Owner","Mal","46941","C","Central Valley Masonry","KimWillcox@centralvalleymasonryinc.com","278 Cheyenne Way","Zephyr Cove","NV","89448","7755881921","7755881920","508209","Mason Contractors Equip & Supls (Whol)","NULL","0","0"
"Themeing Solutions","7026334950","2629 E Craig Rd # C","North Las Vegas","8500000","Peter Mensching","Owner","Mal","47018","T","Themeing Solutions","Peter@themeingsolutions.com","2629 E Craig Rd # C","North Las Vegas","NV","89030","7026334957","7026334950","243102","Millwork (Manufacturers)","NULL","0","0"
"JUNIPER HILL FURN & ACCESSORY","7758538300","850 E PATRIOT BLVD STE B","RENO","5600000","TRISH DIETZE","Owner","F","48237","J","Juniper Hill Furn & Accessory","Dietze@juniperhillfurniture.com","850 E Patriot Blvd # B","Reno","NV","89511","7758538306","7758538300","571216","Furniture-Dealers-Retail","NULL","0","0"
"Sports West Yamaha","7022219762","6545 W Sahara Ave","Las Vegas","7613000","Roman Calczynski","Owner","Mal","48383","S","Sports West Yamaha","RomanCalczynski@sportswestlv.com","6545 W Sahara Ave","Las Vegas","NV","89146","7022203029","7022219762","557106","Motorcycles & Motor Scooters-Dealers","NULL","0","0"
"Davante","7027988638","7866 W Sahara Ave","Las Vegas","7475000","Marvin Freeman","Owner","Mal","49154","D","Davante","FM@davante.com","7866 W Sahara Ave","Las Vegas","NV","89117","7027981990","7027988638","599502","Optical Goods-Retail","NULL","0","0"
"M & M Electric","7027981077","3655 W Dewey Dr","Las Vegas","7920000","Steven Wadsworth","Owner","Mal","49435","M","M & M Electric","S_Wadsworth@mmelectricconst.com","3655 W Dewey Dr","Las Vegas","NV","89118","7027986685","7027981077","173101","Electric Contractors","NULL","0","2"
"ENVIRONMENTAL WATERSCAPES","7023671260","500 N RAINBOW BLVD STE 300","LAS VEGAS","9700000","","Unknown","","49902","E","Environmental Landscape Inc","taylor@wired.com","500 N Rainbow Blvd # 300","Las Vegas","NV","89107","7023671260","7028044961","078103","Landscape Designers","www.environmentallandscape.com","0","1"
"LABOR NEVADA","7023659675","5083 ARVILLE ST","LAS VEGAS","5700000","RENA DAU","Owner","F","50332","L","Labor Nevada","Rena_Dau@labornevada.com","5083 Arville St","Las Vegas","NV","89118","7022486313","7023659675","736304","Employment Contractors-Temporary Help","NULL","0","0"
"Augustine & Assoc","7027980677","6000 S Eastern Ave # 14j","Las Vegas","5980000","Tim Augustine","Owner","Mal","50487","A","Augustine & Assoc","Tim@pantigram.com","6000 S Eastern Ave # 14j","Las Vegas","NV","89119","7027980207","7027980677","504704","Physicians & Surgeons Equip & Supls-Whol","NULL","0","0"
"DURA-KOOL ALUMINUM PRODUCTS","7028765550","5325 POLARIS AVE STE 400","LAS VEGAS","8000000","JACK COHEN","Owner","M","50608","D","Dura-KOOL Aluminum Products","Jack@durakool.com","5325 Polaris Ave # 400","Las Vegas","NV","89118","7028760791","7028765550","599961","Awnings & Canopies","NULL","0","0"
"Kaminari Body Kits","7753512240","750 Spice Islands Dr","Sparks","5320000","Pete Morley","Owner","Mal","51476","K","Kaminari Body Kits","Pete@kaminari.com","750 Spice Islands Dr","Sparks","NV","89431","7753512243","7753512240","553113","Automobile Racing Car Equipment","NULL","0","0"
"RENO AGRICULTURE & ELECTRONICS","7758262020","4655 AIRCENTER CIR","RENO","8700000","TOM POTTER","Owner","M","52031","R","Reno Agriculture & Electronics","tom.potter@renoae.com","4655 Aircenter Cir","Reno","NV","89502","7758269191","7758262020","509908","Manufacturers-Agents & Representatives","NULL","0","0"
"Calply","7753558255","333 Glendale Ave","Sparks","7992000","Joe Zuchuro","Owner","Mal","53204","C","Calply","JoeZ@calply.com","333 Glendale Ave","Sparks","NV","89431","7753559348","7753558255","508205","Dry Wall Contractors Equip/Supls (Whol)","NULL","0","0"
"Entertainment Designs & Elecs","7758290999","1320 E Plumb Ln","Reno","7182000","Ted Heims","Owner","Mal","53478","E","Entertainment Designs & Elecs","Ted.Heims@entertainmentdesigns.com","1320 E Plumb Ln","Reno","NV","89502","7758299994","7758290999","504301","Audio-Visual Equipment & Supls (Whol)","NULL","0","0"
"J & T Inc","7027324712","3044 S Highland Dr","Las Vegas","7552000","David Johnson","Manager","Mal","53740","J","J & T Inc","gjohnson@jandtslots.com","3044 S Highland Dr","Las Vegas","NV","89109","7027327447","7027324712","509934","Gaming Equipment & Supplies (Wholesale)","www.jandtslots.com","0","0"
"STATE RESTAURANT EQUIPMENT CO","7027331515","3163 S HIGHLAND DR","LAS VEGAS","5700000","SCOTT MILLER","Manager","M","53868","S","State Restaurant Equipment Co","nfo@staterestaurant.com","3163 S Highland Dr","Las Vegas","NV","89109","7027330814","7027331515","504604","Restaurant Equipment & Supplies (Whol)","www.staterestaurant.com","0","0"
"Nevada Installation","7023997102","2711 E Craig Rd # G","North Las Vegas","7994000","John Bacchini","Owner","Mal","54274","N","Nevada Installation","B_John@nis1.net","2711 E Craig Rd # G","North Las Vegas","NV","89030","7023997105","7023997102","502122","Office Furniture & Equip-Instltn (Whol)","NULL","0","0"
"MOUNT ROSE HEATING & AIR COND","7753298384","310 SUNSHINE LN","RENO","6100000","KAREN BINGHAM","Owner","F","54293","M","Mount Rose Heating & Air Cond","Bingham@mtrosehvac.com","310 Sunshine Ln","Reno","NV","89502","7753298502","7753298384","171102","Heating Contractors","NULL","0","0"
"Hogue & Huff","7027371005","4077 Industrial Rd","Las Vegas","6852000","David Huff","Owner","Mal","54977","H","Hogue & Huff","David_Huff@hoguenv.com","4077 Industrial Rd","Las Vegas","NV","89103","7027375434","7027371005","502112","Office Furniture & Equip-Dealers (Whol)","NULL","0","0"
"Golden State Medical Supply","7752830210","5605 Meacham St","Washoe Valley","5980000","Jim Grimes","Owner","Mal","55157","G","Golden State Medical Supply","J-G@gsmsinc.com","5605 Meacham St","Washoe Valley","NV","89704","NULL","7752830210","504704","Physicians & Surgeons Equip & Supls-Whol","NULL","0","0"
"Imperial Plumbing Svc Inc","7028765969","2882 Meade Ave # 101","Las Vegas","7300000","Michael J Stokely","Owner","Mal","55547","I","Imperial Plumbing Svc Inc","imperial@imperialplumbing.com","2882 Meade Ave # 101","Las Vegas","NV","89102","7028760937","7028765969","171105","Plumbing Contractors","www.imperialplumbing.com","0","0"
"IMV","7753725341","498 E Imvite Rd","Amargosa Valley","7917000","William Wahl","President","Mal","55579","I","IMV","William-Wahl@imvnevada.com","498 E Imvite Rd","Amargosa Valley","NV","89020","7753725640","7753725341","149901","Mining Companies","NULL","0","0"
"REVA INTERNATIONAL LTD","7753559911","4855 LONGLEY LN","RENO","5400000","TILLMAN FRICK","Manager","M","56260","R","Reva International LTD","lholder@revainternational.com","4750 Longley Ln # 209","Reno","NV","89502","7753559922","7753559911","571979","Lighting","www.revainternational.com","0","0"
"KASSBOHRER ALL TERRAIN VEHICLE","7758575000","750 S ROCK BLVD # A","RENO","6800000","JOHN GILBERT","President","M","56311","K","Kassbohrer All Terrain Vehicle","JG@pistenbullyusa.com","750 S Rock Blvd","Reno","NV","89502","7758575010","7758575000","594115","Skiing Equipment-Retail","NULL","0","0"
"Sunkist Graphics Inc","7025669008","401 E Sunset Rd","Henderson","9432000","Steven A Black","Owner","Mal","56545","S","Sunkist Graphics Inc","mike@casinonetworkinc.com","401 E Sunset Rd","Henderson","NV","89015","7025666627","7025669008","399955","Gaming Equipment & Supplies-Mfrs","www.sunkistgrfx.com","0","0"
"Tacki-Mac Grips Inc","7022524799","3300 W Desert Inn Rd","Las Vegas","6138000","Joe Kulisek Jr","Manager","Mal","56886","T","Tacki-Mac Grips Inc","debbie@tackimac.com","3300 W Desert Inn Rd","Las Vegas","NV","89102","7022524763","7022524799","394923","Sporting Goods-Manufacturers","www.tackimac.com","0","0"
"SIERRA ELECTRONICS","7753591121","690 E GLENDALE AVE # 9B","SPARKS","6000000","EUCKE WARREN","President","","56913","S","Sierra Electronics","installers@sierraelectronics.com","690 E Glendale Ave # 9b","Sparks","NV","89431","7753589309","7753591121","506504","Radio Communication Equip & Systems-Whol","www.sierraelectronics.com","0","0"
"Tru-Tronics Inc","7026563974","3620 N Rancho Dr # 107","Las Vegas","9090000","Walter Stoklosa","Owner","Mal","57233","T","Tru-Tronics Inc","walter@trutronics.com","3620 N Rancho Dr # 107","Las Vegas","NV","89130","7026453174","7026563974","506519","Electronic Equipment & Supplies-Whol","NULL","0","0"
"SAGE CONSTRUCTION","7024592992","3112 N NELLIS BLVD","LAS VEGAS","6400000","ED NEAL","Owner","M","57425","S","Sage Construction","N.Ed@sageconstruction.net","3112 N Nellis Blvd","Las Vegas","NV","89115","7026432796","7024592992","161101","Paving Contractors","NULL","0","1"
"HOOD MACHINE INC","7753317300","1055 GREG ST","SPARKS","8700000","C K HOOD","Owner","M","57737","H","Hood Machine Inc","charles.hood@ubmachine.com","1055 Greg St","Sparks","NV","89431","7753318187","7753317300","359903","Machine Shops","NULL","0","0"
"Big Dog Satellite","7028929392","2987 Las Vegas Blvd S","Las Vegas","5085000","Jacob Smith","Owner","Mal","57876","B","Big Dog Satellite","Jacob@bigdogsatellite.com","2987 Las Vegas Blvd S","Las Vegas","NV","89109","NULL","7028929392","484101","Television-Cable & Catv","NULL","0","0"
"G & K Svc","7026392650","1001 S 1st St","Las Vegas","9200000","Tony Acevedo","Plant Mgr","Mal","57963","G","G & K Svc","gkcares@gkservices.com","1001 S 1st St","Las Vegas","NV","89101","7706140229","7026392650","721803","Uniform Rental Service","www.gkservices.com","0","0"
"NATIONWIDE TRANSPORT FINANCE","7022401099","2650 LAKE SAHARA DR STE 200","LAS VEGAS","6800000","DAVE CARNEY","Owner","M","58170","N","Nationwide Transport Finance","justin@ntf-us.com","2650 Lake Sahara Drive Ste;200","LAS VEGAS","NV","89117","7012232970","7022401095","628205","Financial Planning Consultants","NTFUSA.COM","0","0"
"PIPES PAVING","7026471162","3529 CLAYTON ST","N LAS VEGAS","8300000","RON FOWLER","Vice-President","M","58234","P","Pipes Paving","don@pipespaving.com","3529 Clayton St","North Las Vegas","NV","89032","7026472387","7026471162","161101","Paving Contractors","www.pipespaving.com","0","1"
"BSI Inspectorate","7753596311","840 Greg St","Sparks","5100000","Doug Hensen","Manager","Mal","58263","B","BSI Inspectorate","foodsafety@inspectorate.com","840 Greg St","Sparks","NV","89431","7753592944","7753596311","873414","Laboratories-Analytical","www.inspectorate.com","0","0"
"LOMBARDO IMPORTS INC","7028958484","3250 W ALI BABA LN STE J","LAS VEGAS","6300000","TOMMY LOMBARDO","Owner","M","58627","L","Lombardo Imports Inc","lisa@lombardoproduce.com","3250 W Ali Baba Ln # J","Las Vegas","NV","89118","7028959025","7028958484","209903","Food Products & Manufacturers","www.lombardoimports.com","0","0"
"Nexxus","7752670464","2561 Business Pkwy # B","Minden","6228000","Ron Wilson","Owner","Mal","58703","N","Nexxus","RonW@ronwilson.com","2561 Business Pkwy # B","Minden","NV","89423","7752670474","7752670464","508702","Beauty Salons-Equipment & Supls (Whol)","NULL","0","0"
"Applegate Logistics","7753558723","260 Wolverine Way","Sparks","7550000","Mike Applegate","Owner","Mal","59198","A","Applegate Logistics","Mike@applegatelogistics.com","260 Wolverine Way","Sparks","NV","89431","NULL","7753558723","421304","Trucking","NULL","0","0"
"ABA AVERY BROOKS & ASSOC","7022631330","680 PILOT RD STE A","LAS VEGAS","5200000","TODD AVERY","Owner","M","59540","A","Aba Avery Brooks & Assoc","Todd_Avery@abalv.com","680 Pilot Rd # A","Las Vegas","NV","89119","7023640503","7022631330","738902","Interior Decorators Design & Consultants","NULL","0","0"
"ATA BLACK BELT ACADEMY","7026455425","3270 N BUFFALO DR","LAS VEGAS","5000000","","Unknown","","59935","K","Karate For Kids","nwschool@berrysata.com","3270 N Buffalo Dr","Las Vegas","NV","89129","7026455425","7026455425","799945","Martial Arts Instruction","www.berrysata.com","0","1"
"WHOLESALE BUILDERS SUPPLY","7027368983","5625 S VALLEY VIEW BLVD","LAS VEGAS","8300000","JOHN ABERCROMBIE","Owner","M","60011","W","Wholesale Builders Supply","J-A@thestandard.com","5625 S Valley View Blvd","Las Vegas","NV","89118","7027368987","7027368983","521131","Doors","NULL","0","0"
"Ponderosa Ranch","7758310691","100 Ponderosa Ranch Rd","Incline Village","6720000","David Geddes","Owner","Mal","60279","P","Ponderosa Ranch","David.Geddes@ponderosaranch.com","100 Ponderosa Ranch Rd","Incline Village","NV","89451","7758310113","7758310691","799601","Amusement Places","NULL","0","1"
"SAV-MOR RENT-A-CAR","7027361234","7135 GILESPIE ST","LAS VEGAS","6000000","JENNIFER JENKINS","Owner","F","60386","S","Sav-Mor Rent-A-Car","Jenkins@savmorrac.com","5101 Rent A Car Rd","Las Vegas","NV","89119","7027364031","7027361234","751401","Automobile Renting","NULL","0","0"
"VIRGEN ADVERTISING INC","7026160624","151 E WARM SPRINGS RD","LAS VEGAS","7500000","MERRELL VIRGEN","Owner","M","61597","V","Virgen Advertising Inc","mvirgen@virgenad.com","151 E Warm Spgs Rd","Las Vegas","NV","89119","7026160644","7026160624","731101","Advertising-Agencies & Counselors","NULL","0","0"
"SIERRA TRUSS","7752461818","85 INDUSTRIAL PKWY","MOUND HOUSE","8900000","REX MARTIN","Owner","M","61665","S","Sierra Truss","Rex@sierratruss.com","85 Industrial Pkwy","Mound House","NV","89706","7752461882","7752461818","243901","Trusses (Manufacturers)","NULL","0","0"
"Martin & Martin Civil Engrs","7022488000","2101 S Jones Blvd # 120","Las Vegas","5688000","James R Davis","President","Mal","61991","M","Martin & Martin Civil Engrs","DavisJ@martinandmartincivilengineers.com","2101 S Jones Blvd # 120","Las Vegas","NV","89146","7022488070","7022488000","871110","Engineers-Civil","NULL","0","0"
"FASCO","7022486000","4315 W TOMPKINS AVE","LAS VEGAS","5900000","SCOTT CROSS","President","M","62172","F","Fasco","Cross@fascofasteners.com","4315 W Tompkins Ave","Las Vegas","NV","89103","7022486700","7022486000","507205","Fasteners-Industrial (Wholesale)","NULL","0","0"
"Bristlecone Family Resources","7753294047","480 Galletti Way","Sparks","5375000","Tom Murtha","CEO","Mal","62246","B","Bristlecone Family Resources","Tom@bristleconereno.com","480 Galletti Way","Sparks","NV","89431","7753296322","775-329-4047","806301","Mental Health Services","NULL","0","0"
"Future Medical Group","7758319318","226 E Enterprise St","Incline Village","6752000","Clint Dewitt","Owner","Mal","63277","F","Future Medical Group","DewittC@coralcalcium.com","226 E Enterprise St","Incline Village","NV","89451","7758315775","7758319318","514914","Health Food Products-Wholesale","NULL","0","0"
"VIA","7753316001","205 VISTA BLVD STE 101","SPARKS","5400000","THOMAS SORENSEN","Chief Executive Office","M","63335","V","Via","trobinson@viaseating.com","205 Vista Blvd # 101","Sparks","NV","89434","7753319060","7753316001","259901","Furniture-Manufacturers","www.viaseating.com","0","0"
"Aztec Industrial Bearing","7023847241","1406 S Main St","Las Vegas","5700000","Bob Roland","Owner","Mal","63466","A","Aztec Industrial Bearing","Bob@aztecnv.com","1406 S Main St","Las Vegas","NV","89104","7023848975","7023847241","508525","Bearings (Wholesale)","NULL","0","0"
"DESERT DESIGN","7756252323","38 E WINNEMUCCA BLVD","WINNEMUCCA","5000000","DEMETRIA GORDON","Owner","F","64697","D","Desert Design","Demetria@desertdesignnv.com","38 E Winnemucca Blvd","Winnemucca","NV","89445","NULL","7756252323","571305","Carpet & Rug Dealers-New","NULL","0","0"
"TRAVELNICE.COM","7022539960","4325 DEAN MARTIN DR STE 300","LAS VEGAS","7900000","SCOTT PETWAY","Chief Executive Office","M","64920","T","TRAVELNICE.COM","nothing@nothing.net","4325 Industrial Rd # 300","Las Vegas","NV","89103","7022539330","7022539960","472402","Travel Agencies & Bureaus","www.travelnice.com","0","0"
"SENIOR SUPPORT SVC","7026174470","7975 W SAHARA AVE STE 101","LAS VEGAS","8600000","JAMES BERNARDO","President","M","65902","S","Senior Support Svc","BernardoJ@senior-support-services.com","7975 W Sahara Ave # 101","Las Vegas","NV","89117","7026174471","7026174470","836105","Residential Care Homes","NULL","0","0"
"B & H Construction","7025648484","240 E Horizon Dr # A","Henderson","8760000","Ray Hoffman","President","Mal","66103","B","B & H Construction","HRay@blanchardhoffman.com","240 E Horizon Dr # A","Henderson","NV","89015","7025648847","7025648484","154210","Buildings-Metal","NULL","0","0"
"Allied Collection Svc","7027375506","3080 S Durango Dr","Las Vegas","5135000","Mike Feeney","Owner","Mal","66227","A","Allied Collection Svc","acsinfo@acsnv.com","3080 S Durango Dr","Las Vegas","NV","89117","7027375507","7027375506","732201","Collection Agencies","www.acsnv.com","0","0"
"I T STRATEGIES INTL","7028783828","4550 W OAKEY BLVD STE 101","LAS VEGAS","5700000","MICHAEL BEARDSLEE","Owner","M","66672","I","I T Strategies Intl","nrasmussen@itstrategiesint.com","4550 W Oakey Blvd # 101","Las Vegas","NV","89102","7028784782","7028783828","737701","Computers-Renting & Leasing","www.itstrategiesint.com","0","0"
"WILD BIRDS UNLIMITED","7753229453","299 E PLUMB LN","RENO","7000000","JACKIE LOWERY","Owner","F","67037","W","Wild Birds Unlimited","Lowery@wbu.com","299 E Plumb Ln","Reno","NV","89502","NULL","7753229453","526120","Bird Feeders & Houses","NULL","0","0"
"Quality Bearing Svc","7753313633","1415 Greg St # 103","Sparks","6264000","","","","67342","Q","Quality Bearing Svc","laser@brenco.com","1415 Greg St # 103","Sparks","NV","89431","7753314495","7753313633","356298","Ball & Roller Bearing (Manufacturers)","www.brenco.com","0","0"
"BARAJAS & ASSOC INC","7023604477","7373 PEAK DR STE 170","LAS VEGAS","5000000","TONY BARAJAS","Owner","M","67874","B","Barajas & Assoc Inc","teresarabe@bai.cc","7373 Peak Dr # 170","Las Vegas","NV","89128","7023604480","7023604477","871110","Engineers-Civil","www.bai.cc","0","0"
"Cool Zone","7028891420","4350 Arville St # 39b","Las Vegas","6958000","Bill Falkenstein","Manager","Mal","68577","C","Cool Zone","cool@coolzoneusa.com","4350 Arville St # 39b","Las Vegas","NV","89103","7028891349","7028891420","507444","Misting Systems-Outdoor (Wholesale)","www.coolzoneusa.com","0","0"
"DESERT BOILERS & CONTROLS INC","7026317780","305 W SAINT LOUIS AVE","LAS VEGAS","5300000","JASON HANSEN","Owner","M","69467","D","Desert Boilers & Controls Inc","jasonhansen@desertboilers.com","305 W Saint Louis Ave","Las Vegas","NV","89102","7026467512","7026317780","171118","Boilers-Repairing & Cleaning","www.desertboilers.com","0","0"
"Pre-Mix Products","7025675196","1549 Athol Ave","Henderson","7028000","","","","69647","P","Pre-Mix Products","eltlic@overwatch.com","1549 Athol Ave","Henderson","NV","89015","9164413040","7025675196","324101","Cement-Manufacturers","www.paragon.com","0","0"
"MAX PACKAGING","7756779392","6990 RESOURCE DR","RENO","6800000","STEVE SNOW","Manager","M","70801","M","Max Packaging","mmutz@maxpackaging.com","6990 Resource Dr","Reno","NV","89506","7756779488","7756779392","738988","Packaging Service","www.maxpackaging.com","0","0"
"Wilden's Auto & Truck Ctr","7022153888","4645 W Tropicana Ave","Las Vegas","6470000","Nick Wilden","Owner","Mal","71171","W","Wilden's Auto & Truck Ctr","Nick-Wilden@willdensauto.com","4645 W Tropicana Ave","Las Vegas","NV","89103","NULL","7022153888","551103","Automobile Dealers-Used Cars","NULL","0","1"
"OFFICE PLUS","7024573636","3201 BUILDERS AVE","LAS VEGAS","9000000","TRACE MARRS","President","M","71293","O","Office Plus","officeplus@officepluslv.com","3201 Builders Ave","Las Vegas","NV","89101","7024574422","7024573636","502112","Office Furniture & Equip-Dealers (Whol)","www.officepluslv.com","0","0"
"Polyglass","7755756007","150 Lyon Dr","Fernley","5100000","Natalino Zanchetta","CEO","Mal","71563","P","Polyglass","Natalino@polyglass.com","150 Lyon Dr","Fernley","NV","89408","7755757132","7755756007","521114","Roofing Materials","NULL","0","0"
"Quality Control Systems","7024515355","3625 W Teco Ave # 8","Las Vegas","5264000","Carl Keller","Owner","Mal","72567","Q","Quality Control Systems","Carl@qualitycontrolsystems.com","3625 W Teco Ave # 8","Las Vegas","NV","89118","NULL","7024515355","506328","Controls Control Systs/Regulators (Whol)","NULL","0","0"
"M J Christensen Jewelers","7027320136","856 E Sahara Ave","Las Vegas","7800000","Clifford Miller","Owner","Mal","72575","M","M J Christensen Jewelers","CMiller@mjchristensen.com","856 E Sahara Ave","Las Vegas","NV","89104","NULL","7027320136","594409","Jewelers-Retail","NULL","0","0"
"Gill's Printing & Color Grphcs","7023622100","6800 Paradise Rd","Las Vegas","7600000","Victor Gill","Owner","Mal","72764","G","Gill's Printing & Color Grphcs","jwoodard@gillsprinting.com","6800 Paradise Rd","Las Vegas","NV","89119","7023626202","7023626202","275202","Printers","www.gillsprinting.com","0","0"
"CMX Century Productions","7025971969","5320 Procyon St","Las Vegas","9420000","Michael Levy","Owner","Mal","72873","C","CMX Century Productions","MichaelLevy@centurylv.com","5320 Procyon St","Las Vegas","NV","89118","7025971009","7025971969","781211","Video Production & Taping Service","NULL","0","1"
"FSI INC OF NEVADA","7023999003","2829 SYNERGY ST","N LAS VEGAS","5000000","BRYAN PRICE","Owner","M","73015","F","FSI Inc Of Nevada","bryan@flooring-solutions.com","2829 Synergy St","North Las Vegas","NV","89030","7023999003","7023999003","571305","Carpet & Rug Dealers-New","www.flooring-solutions.com","0","0"
"AIRE SERV HEATING & AIR COND","7027378883","3375 PINKS PL","LAS VEGAS","8400000","BEN ROBINSON","Manager","M","73030","A","Aire Serv Heating & Air Cond","GarryW@aireserv.com","3375 Pinks Pl","Las Vegas","NV","89102","NULL","7027378883","171117","Air Conditioning Contractors & Systems","NULL","0","0"
"Pueblo Electrical Svc","7022697860","2655 Western Ave","Las Vegas","5280000","Shawn Gutierrez","Owner","Mal","73388","P","Pueblo Electrical Svc","sharla@puebloesi.com","2655 Western Ave","Las Vegas","NV","89109","7022697852","7022697860","173101","Electric Contractors","www.puebloesi.com","0","2"
"HYGENIC CONTROL MODULE LLC","7027366536","241 ARBOUR GARDEN AVE","LAS VEGAS","5800000","BILL DENDIU","Owner","M","73717","H","Hygenic Control Module LLC","warranty@hydrabrush.com","241 Arbour Garden Ave","Las Vegas","NV","89148","7027362645","7027366536","874214","Marketing Consultants","www.hydrabrush.com","0","0"
"HIS TOURS","7027983777","2875 E PATRICK LN","LAS VEGAS","6000000","HIROSHI JITSUMASA","Manager","M","74111","H","His Tours","saiyo@histours.com","6363 S Pecos Rd # 211","Las Vegas","NV","89120","7027987792","7027983777","472501","Tours-Operators & Promoters","www.histours.com","0","0"
"Projectors On Call","7753295722","9738 S Virginia St # D","Reno","5124000","Judy Brooks","Owner","Fem","74325","P","Projectors On Call","JudyBrooks@nvblue.com","9738 S Virginia St # D","Reno","NV","89511","7758274576","7753295722","735904","Audio-Visual Equipment-Renting & Leasing","NULL","0","0"
"FLEET FEET SPORTS","7758833361","3246 N CARSON ST UNIT 121","CARSON CITY","8800000","TIM TETZ","Owner","M","74477","F","Fleet Feet Sports","TTetz@fleetfeetfayetteville.com","3246 N Carson St # 121","Carson City","NV","89706","NULL","7758833361","566101","Shoes-Retail","NULL","0","0"
"Drive Line Svc","7028763100","3852 Pioneer Ave","Las Vegas","5824000","Brent Barton","Owner","Mal","74602","D","Drive Line Svc","ujoint@drivetrain.com","3852 Pioneer Ave","Las Vegas","NV","89102","7028767696","7028763100","501321","Drive Shafts (Wholesale)","www.drivetrain.com","0","0"
"PLUMBER INC","7027348805","59 N 30TH ST","LAS VEGAS","6100000","DOUG WILLIAMS","Owner","M","74692","P","Plumber Inc","jessica@theplumberinc.com","59 N 30th St","Las Vegas","NV","89101","7023882982","7027348805","171105","Plumbing Contractors","www.theplumberinc.com","0","0"
"Fisk Electric Co","7024355053","3265 Palm Center Dr","Las Vegas","5280000","John Dwyer","VP","Mal","74862","F","Fisk Electric Co","dkazanecki@fiskcorp.com","3265 Palm Center Dr","Las Vegas","NV","89103","7024355053","7024355053","173101","Electric Contractors","www.fiskcorp.com","0","2"
"ALPINE WATER SYSTEMS","7027986395","6351 HINSON ST STE A","LAS VEGAS","8800000","ANDY ANDERSON","Owner","M","74971","A","Alpine Water Systems","aanderson@alpinewater.biz","6351 Hinson St # A","Las Vegas","NV","89118","7027987267","7027986395","738984","Water Treatment Equip Svc & Supls","NULL","0","0"
"U S Rent A Car","7027986100","4700 Paradise Rd","Las Vegas","8084000","Maria Romano","Owner","Fem","75726","U","U S Rent A Car","Maria-Romano@us-rent-a-car.com","4700 Paradise Rd","Las Vegas","NV","89109","7027390427","7027986100","751401","Automobile Renting","NULL","0","0"
"NASSIRI","7028973500","6590 BERMUDA RD","LAS VEGAS","5000000","FRED NASSIRI","Owner","M","75772","N","Nassiri","warren@nassirimusic.com","6590 Bermuda Rd","Las Vegas","NV","89119","7028973510","7028973500","513603","Apparel-Mens-Wholesale","www.nassiri.com","0","0"
"COLOR REFLECTIONS","7022629300","3560 S VALLEY VIEW BLVD","LAS VEGAS","5400000","JOE CASTELLANO","Owner","M","76297","C","Color Reflections","Castellano_Joe@color-reflectionslv.com","4600 Polaris Ave","Las Vegas","NV","89103","7022622088","7022629300","738403","Photo-Retouching","NULL","0","0"
"NEVADA STAIRS","7027393481","6038 TOPAZ ST STE 8","LAS VEGAS","5400000","RUSSELL EMERICH","Owner","M","76356","N","Nevada Stairs","pete@nevadastairs.com","6038 Topaz St # 8","Las Vegas","NV","89120","7027393480","7027393481","179918","Stair Builders","www.nevadastairs.com","0","0"
"M J Schiff & Assoc","7028694501","7881 W Charleston Blvd # 155","Las Vegas","6680000","Graham Bell","Owner","Mal","76540","M","M J Schiff & Assoc","GrahamBell@mjschiff.com","7881 W Charleston Blvd # 155","Las Vegas","NV","89117","7028614501","7028694501","162325","Corrosion Control","NULL","0","0"
"EL JEN CONVALESCENT HOSPITAL","7026452606","5538 DUNCAN DR","LAS VEGAS","5700000","JAMES TOOMEY","Administrator","M","76738","E","El Jen Convalescent Hospital","suzie@eljenhealthcare.com","5538 Duncan Dr","Las Vegas","NV","89130","7026451478","7026452606","805101","Nursing & Convalescent Homes","www.eljenhealthcare.com","0","0"
"Sullivans Inc","7753594448","1802a Brierley Way # 104","Sparks","6272000","Janeen Kitchen","Manager","Fem","76808","S","Sullivans Inc","reno@sullivansusa.com","1802a Brierley Way # 104","Sparks","NV","89434","7753594449","7753594448","501308","Motorcycles-Supls & Parts-Wholesale","www.sullivansinc.com","0","0"
"Bulloch Brothers Engineering","7023465101","750 W Pioneer Blvd","Mesquite","7900000","Greg Bulloch","Owner","Mal","76873","B","Bulloch Brothers Engineering","G_Bulloch@bullochbrothers.com","750 W Pioneer Blvd","Mesquite","NV","89027","7023465100","7023465101","871110","Engineers-Civil","NULL","0","0"
"WESTERN CASEWORK CORP","7023998794","2720 E LONE MOUNTAIN RD","N LAS VEGAS","5000000","BRENT STEWARD","Chief Executive Office","M","77013","W","Western Casework Corp","steveb@westerncasework.com","2720 E Lone Mountain Rd","North Las Vegas","NV","89081","7023996636","7023998794","175103","Cabinet Makers","www.westerncasework.com","0","0"
"D & D PLUMBING","7753582378","1655 GREG ST","SPARKS","8800000","DALE LOWREY","Owner","M","77167","D","D & D Plumbing","DaleL@ddplumbing.com","1655 Greg St","Sparks","NV","89431","7753588135","7753582378","171105","Plumbing Contractors","NULL","0","0"
"Step 2","7757879411","3695 Kings Row","Reno","6020000","Diaz Dixon","CEO","Mal","77454","S","Step 2","Diaz-Dixon@step2.com","3695 Kings Row","Reno","NV","89503","7757879445","7757879411","839902","Alcoholism Information & Treatment Ctrs","NULL","0","0"
"VEGAS FASTENERS MFG","7026519222","4315 W OQUENDO RD","LAS VEGAS","6700000","RICHARD LASSITER","President","M","77510","V","Vegas Fasteners Mfg","davidm@vegasfastener.com","4315 W Oquendo Rd","Las Vegas","NV","89118","7026519453","7026519222","347918","Fasteners-Industrial-Painting (Mfrs)","www.vegasfastener.com","0","0"
"HALLOWEEN EXPERIENCE","7027404224","6230 S DECATUR BLVD","LAS VEGAS","7500000","RICHARD SIEGEL","Chief Executive Office","M","77780","H","Halloween Experience","RichardS@halloweenmart.com","5800 S Valley View Blvd # 112","Las Vegas","NV","89118","7027404498","7027404224","569905","Costumes-Masquerade & Theatrical","NULL","0","0"
"TRICON METALS & SVC INC","7757381242","1355 W IDAHO ST","ELKO","5600000","RICH PALLACH","Manager","M","78144","T","Tricon Metals & Svc Inc","elko@triconmetals.com","1355 W Idaho St","Elko","NV","89801","7757537922","7757381242","505106","Steel-Distributors & Warehouses","www.triconmetals.com","0","0"
"Custom Furniture Rental","7023846996","273 S Martin L King Blvd","Las Vegas","5490000","Michael Kreamer","Owner","Mal","78771","C","Custom Furniture Rental","Michael@customfurniturerental.com","273 S Martin L King Blvd","Las Vegas","NV","89106","7023846813","7023846996","735930","Furniture-Renting & Leasing","NULL","0","0"
"Southern Nevada Micrographics","7023563967","2941 Brooks Park Dr","North Las Vegas","5640000","Bo Fields","Owner","Mal","78790","S","Southern Nevada Micrographics","B-Fields@convergenceimaging.com","2941 Brooks Park Dr","North Las Vegas","NV","89030","NULL","7023563967","738976","Microfilming Service Equipment & Supls","NULL","0","0"
"Mars Environmental & Restortn","7022573955","2901 S Highland Dr # 13c","Las Vegas","5900000","Tom Wideen","President","Mal","78866","M","Mars Environmental & Restortn","T_W@marsrestoration.com","2901 S Highland Dr # 13c","Las Vegas","NV","89109","7028716079","7022573955","152114","Fire Damage Restoration","NULL","0","0"
"MOUNTAIN BUSINESS PRODUCTS","7026175400","6747 SPENCER ST","LAS VEGAS","8700000","TOM MASTERSON","Manager","M","79035","M","Mountain Business Products","susan.barker@imagistics.com","6747 Spencer St","Las Vegas","NV","89119","3238574600","7024364434","504403","Copying & Duplicating Machines & Supls","www.imagistics.com","0","0"
"Printright Group","7026399777","106 W Mayflower Ave","North Las Vegas","5928000","Michael Abdoulah","Owner","Mal","79040","P","Printright Group","stuart@printrg.com","106 W Mayflower Ave","North Las Vegas","NV","89030","7026396677","7026399777","275202","Printers","www.printrightgroup.com","0","0"
"PACIFIC COAST FLANGE","7752468440","45 STOKES DR","MOUND HOUSE","5200000","MIKE FITE","President","M","79413","P","Pacific Coast Flange","pacificflange@pacific.net","45 Stokes Dr","Mound House","NV","89706","7074638998","7752468440","508503","Pipe Fittings (Wholesale)","www.pacificflange.com","0","0"
"Eberhard Southwest Roofing","7028732212","3995 W Dewey Dr","Las Vegas","6200000","Dave Stefko","President","Mal","79500","E","Eberhard Southwest Roofing","jlifgren@eberhardco.com","3995 W Dewey Dr","Las Vegas","NV","89118","8187825099","7028732212","176109","Roofing Contractors","www.eberhardco.com","0","0"
"CZARNOWSKI EXHIBIT SVC SPEC","7028910181","3165 W SUNSET RD","LAS VEGAS","6500000","SAM PANICE","Manager","M","79857","C","Czarnowski Exhibit Svc Spec","kcnagle@czarnowski.com","3165 W Sunset Rd","Las Vegas","NV","89118","5045939005","7028910181","731901","Display Designers & Producers","www.czarnowski.com","0","0"
"Omega Pharmaceutical Cnsltng","7029140798","","Las Vegas","8358000","","","","79863","O","Omega Pharmaceutical Cnsltng","carter@omegapharm.com","NULL","Las Vegas","NV","89123","7029140798","7029140798","512203","Pharmaceutical Products-Wholesale","www.omegapharm.com","0","0"
"JBA Consulting Engineers","7023629200","5155 W Patrick Ln # 100","Las Vegas","7900000","Ed Butera","VP","Mal","80057","J","JBA Consulting Engineers","hpoe@jbace.com","5155 W Patrick Ln # 100","Las Vegas","NV","89118","7023629862","7023629200","871111","Engineers-Consulting","www.jbace.com","0","0"
"Elko Public Works Dept","7757777230","1751 College Ave","Elko","9400000","Charles Williams","Manager","Mal","80334","E","Elko Public Works Dept","jim@jimconner.com","1751 College Ave","Elko","NV","89801","7757777119","7757777230","161104","Parking Area/Lots Maintenance & Marking","www.elkocity.com","0","0"
"TAKE IT FOR GRANITE","7758562080","125 N EDISON WAY STE 9","RENO","8000000","KEN DIXON","President","M","80601","T","Take It For Granite","roger@agi-graphics.com","125 N Edison Way # 2","Reno","NV","89502","7758563407","7758562080","571213","Counter Tops","www.ti4g.com","0","0"
"Arnold Machinery Co","7753561511","1650 E Greg St","Sparks","9990000","Denny Tallman","Manager","Mal","80839","A","Arnold Machinery Co","dgrebb@arnoldmachinerycme.com","1650 E Greg St","Sparks","NV","89431","8019744094","7753561511","508206","Contractors-Equip/Supls-Dlrs/Svc (Whol)","www.arnoldmachinery.com","0","0"
"DURO MANUFACTURING INC","7756878866","3505 ARROWHEAD DR","CARSON CITY","6100000","DESMOND LEMOTTE","President","M","80913","D","Duro Manufacturing Inc","Edward.LaMotte@duromanufacturing.com","3505 Arrowhead Dr","Carson City","NV","89706","7756878877","7756878866","508519","Hose Couplings & Fittings (Wholesale)","NULL","0","0"
"Harber Co Inc","7027368802","4615 N Lamb Blvd","Las Vegas","5010000","Paul Harber","Owner","Mal","81136","H","Harber Co Inc","kthompson@harberco.com","4615 N Lamb Blvd","Las Vegas","NV","89115","7027368958","7027368802","162308","Utility Contractors","www.harberco.com","0","0"
"GREATBATCH-SIERRA INC","7758875700","2701 CONESTOGA DR STE 115","CARSON CITY","9300000","MAURICO ARELLANO","Manager","M","81500","G","Greatbatch-Sierra Inc","drobbins@greatbatch.com","5200 Sigstrom Dr","Carson City","NV","89706","6123314742","7758875700","367501","Electronic Capacitor (Manufacturers)","www.greatbatch.com","0","0"
"Estate Plan","7758284400","1140 Financial Blvd # 100","Reno","5395000","Charles Matthews","President","Mal","81674","E","Estate Plan","Charles@theestateplan.com","1140 Financial Blvd # 100","Reno","NV","89502","7758284427","7758284400","628201","Retirement Planning Services","NULL","0","0"
"SILVERADO CASINO & RESTAURANT","7755752222","1380 NEWLANDS DR W","FERNLEY","5000000","GREG BERRY","Owner","M","81835","S","Silverado Casino & Restaurant","Greg@silveradocasino.net","PO Box 1769","Fernley","NV","89408","7755752511","7755752222","799302","Casinos","NULL","0","0"
"Orion Engineering","7027395921","7391 Prairie Falcon Rd # 150","Las Vegas","7900000","Dean Rasmuson","Owner","Mal","82675","O","Orion Engineering","RasmusonD@orionengineering.com","7391 Prairie Falcon Rd # 150","Las Vegas","NV","89128","7027395929","7027395921","871111","Engineers-Consulting","NULL","0","0"
"QUALITY WOOD PRODUCTS","7023693008","3001 N NELLIS BLVD","LAS VEGAS","8600000","JAKE HALEVA","Owner","M","82984","Q","Quality Wood Products","christine@qwpi.com","3001 N Nellis Blvd","Las Vegas","NV","89115","7023696382","7023693008","239210","Closet Accessories-Manufacturers","NULL","0","0"
"KWYL","7757931029","595 E PLUMB LN","RENO","5700000","MARTIN STABBERT","Manager","M","83401","K","KWYL","angela.brooks@citcomm.com","595 E Plumb Ln","Reno","NV","89502","7757896767","7757931029","483201","Radio Stations & Broadcasting Companies","www.wild1029.com","0","0"
"EAGLE PROMOTIONS","7023887100","4575 W POST RD STE 100","LAS VEGAS","6000000","SEAN ONO","Owner","M","83445","E","Eagle Promotions","Stadtlander-Mario@eaglepromotions.com","6280 S Valley View Blvd # F624","Las Vegas","NV","89118","7023887400","7023887100","738942","Embroidery","NULL","0","0"
"Shred-It","7022574733","7180 Placid St # A","Las Vegas","7994000","Bob Linden","Owner","Mal","83791","S","Shred-It","Bob@shreditinc.com","7180 Placid St # A","Las Vegas","NV","89119","7022514400","7022574733","502112","Office Furniture & Equip-Dealers (Whol)","NULL","0","0"
"Tetra Tech Inc","7022424200","401 N Buffalo Dr # 100","Las Vegas","6160000","Donald Hotchkiss","Executive Director","Mal","84011","T","Tetra Tech Inc","sortego@tetratec.com","401 N Buffalo Dr # 100","Las Vegas","NV","89145","9858510823","7022424200","873111","Environmental & Ecological Services","www.tetratec.com","0","0"
"LAS VEGAS COLOR GRAPHICS","7026179000","4265 W SUNSET RD","LAS VEGAS","9000000","LARRY SCHEFFLER","Owner","M","84166","L","Las Vegas Color Graphics","Heidi@lasvegascolor.com","4265 W Sunset Rd","Las Vegas","NV","89118","7029146236","7026179000","275998","Commercial Printing Nec","NULL","0","0"
"DEAN KENTRIS RV CTR","7024363578","3675 BOULDER HWY","LAS VEGAS","7000000","DEAN KENTRIS","Owner","M","84278","D","Dean Kentris Rv Ctr","fredck@fckeditor.net","3675 Boulder Hwy","Las Vegas","NV","89121","5025899401","7024363578","556108","Motor Homes-Retail","www.awomanschoice.com","0","0"
"BIG TOWN MECHANICAL","7023823520","2000 WESTERN AVE","LAS VEGAS","6100000","DENNIS K BARTON","Owner","M","84387","B","Big Town Mechanical","mechanical@bigtownmechanical.com","2000 Western Ave","Las Vegas","NV","89102","7023824077","7023823520","171105","Plumbing Contractors","www.bigtownmechanical.com","0","0"
"Labrum Landscape","7022270414","5380 Cameron St # 1","Las Vegas","6720000","Steve Singer","Owner","Mal","84546","L","Labrum Landscape","Steve@labrumlandscape.com","5380 Cameron St # 1","Las Vegas","NV","89118","7022276415","7022270414","078204","Landscape Contractors","NULL","0","1"
"Allied Innovations","7023610600","7215 Bermuda Rd","Las Vegas","8900000","R Clark","Owner","Mal","84750","A","Allied Innovations","materialcontrol@lengordon.com","7215 Bermuda Rd","Las Vegas","NV","89119","7023610613","7023610600","382204","Controls Control Systems/Regulators-Mfrs","www.alliedinnovations.com","0","0"
"Easy Living Homes","7024541050","4685 Boulder Hwy # 3","Las Vegas","6465000","James Blackwell","Owner","Mal","85039","E","Easy Living Homes","test@test.com","4685 Boulder Hwy # 3","Las Vegas","NV","89121","6109950300","7024541050","527102","Mobile Homes-Dealers","www.directresponsemedia.com","0","0"
"INTERNATIONAL MINUTE PRESS","7753558866","1380 GREG ST STE 205","SPARKS","8600000","CAROL HARMON","Owner","F","85351","I","International Minute Press","H-Carol@impchandler.com","1360 Greg St # 105","Sparks","NV","89431","7753558890","7753558866","275202","Printers","NULL","0","0"
"Challenge Electric","7023660220","1421 S Commerce St","Las Vegas","6600000","Richard Carsello","Owner","Mal","85393","C","Challenge Electric","C-Richard@challengeelectric.biz","1421 S Commerce St","Las Vegas","NV","89102","7023660091","7023660220","173101","Electric Contractors","NULL","0","2"
"Heli USA Inc","7027368787","275 E Tropicana Ave","Las Vegas","6580000","Nigel Turner","Owner","Mal","85402","H","Heli USA Inc","rich@heliusakauai.net","275 E Tropicana Ave","Las Vegas","NV","89109","8088335595","7027368787","472501","Tours-Operators & Promoters","www.heliusa.com","0","0"
"H20 Environmental Inc","7023964148","4280 N Pecos Rd","Las Vegas","5280000","John Bradley","President","Mal","85459","H","H20 Environmental Inc","john.bradley@h2onevada.com","4280 N Pecos Rd","Las Vegas","NV","89115","7026438635","7023964148","873111","Environmental & Ecological Services","NULL","0","0"
"Normandie Country Bakery","7027950021","4575 Procyon St # G","Las Vegas","7650000","Josette Leblond","Owner","Fem","85467","N","Normandie Country Bakery","LeblondJ@normandieusa.com","4575 Procyon St # G","Las Vegas","NV","89103","7027950666","7027950021","205198","Bread/Other Bakery Prod-Ex Cookies (Mfr)","NULL","0","0"
"CONSUMER CREDIT COUNSELING SVC","7023640344","2650 S JONES BLVD","LAS VEGAS","5000000","MICHELE JOHNSON","Chief Executive Office","F","85691","C","Consumer Credit Counseling Svc","Johnson.Michele@cccsnj.com","2650 S Jones Blvd","Las Vegas","NV","89146","7023645836","7023640344","729924","Credit & Debt Counseling Services","NULL","0","0"
"AGAPE TELECOM","7022514444","3375 ALDEBARAN AVE","LAS VEGAS","6100000","KATHLEEN REED","Owner","F","86028","A","Agape Telecom","newjobs@apapetel.com","3375 Aldebaran Ave","Las Vegas","NV","89102","7022519091","7022514444","599904","Telephone Equipment & Supplies","www.agapetel.com","0","0"
"CAREY TRANSPORT","7758672813","3939 RENO HWY","FALLON","7500000","ALAN CAREY","Owner","M","86094","C","Carey Transport","AlanCarey@careytransport.com","3939 Reno Hwy","Fallon","NV","89406","7754230302","7758672813","519115","Hay & Alfalfa (Wholesale)","NULL","0","0"
"Evco Plastics-Reno","7758561010","4902 Ampere Dr","Reno","9840000","Dan Keehan","Plant Mgr","Mal","86305","E","Evco Plastics-Reno","cs@evcoplastics.com","4902 Ampere Dr","Reno","NV","89502","6088466050","7758561010","308901","Mold Makers","www.evcoplastics.com","0","0"
"Calnev Pipelines","7026443943","5049 N Sloan Ln","Las Vegas","9540000","Ed Day","Manager","Mal","86481","C","Calnev Pipelines","brad_van_dyke@kindermorgan.com","5049 N Sloan Ln","Las Vegas","NV","89115","7603524358","7026443943","461398","Refined Petroleum Pipelines","www.kindermorgan.com","0","0"
"Rfi Electornics","7758523555","5475 Louie Ln","Reno","7238000","Dave Gish","Manager","Mal","86546","R","Rfi Electornics","unsubsribe@rfi.com","5475 Louie Ln","Reno","NV","89511","7758526633","7758523555","506304","Security Control Equip & Systems-Whol","www.rfi.com","0","0"
"Las Vegas Recovery Ctr","7025151373","3371 N Buffalo Dr","Las Vegas","8600000","Stuart Smith","CEO","Mal","86925","L","Las Vegas Recovery Ctr","Smith@lasvegasrecovery.com","3371 N Buffalo Dr","Las Vegas","NV","89129","7025151379","7025151373","839902","Alcoholism Information & Treatment Ctrs","NULL","0","0"
"CREDIT BUREAU CENTRAL","7028716122","2355 RED ROCK ST STE 200","LAS VEGAS","7000000","MAREL GIOLITO","President","F","87012","C","Credit Bureau Central","anneb@cbcnv.com","2355 Red Rock St # 200","Las Vegas","NV","89146","7028716031","7028716122","732201","Collection Agencies","www.cbcnv.com","0","0"
"Mactec Engineering & Cnsltng","7753296123","961 Matley Ln # 110","Reno","5372000","Stuart Dykins","VP","Mal","87152","M","Mactec Engineering & Cnsltng","biz@martian.com","961 Matley Ln # 110","Reno","NV","89502","7753229380","7753296123","871111","Engineers-Consulting","www.mactech.com","0","0"
"NORTH LAS VEGAS PUBLIC WORKS","7026331200","2266 CIVIC CENTER DR","N LAS VEGAS","6400000","QIONG LIU","Executive Director","M","87305","N","North Las Vegas Public Works","vision2025@cityofnorthlasvegas.com","2266 Civic Center Dr","North Las Vegas","NV","89030","7026494696","7026331200","161104","Parking Area/Lots Maintenance & Marking","www.cityofnorthlasvegas.com","0","0"
"HEINAMAN CONTRACT GLAZING","7022608466","3528 W POST RD","LAS VEGAS","9600000","MARK HEINAMAN","Vice-President","M","87429","H","Heinaman Contract Glazing","john@heinaman.net","3528 W Post Rd","Las Vegas","NV","89118","9495870267","7022608466","179302","Glaziers","www.heinaman.net","0","0"
"Multiplexer Technology Inc","7023410333","3855 W Diablo Dr # 11","Las Vegas","6570000","Jay Doyharzabal","President","Mal","87713","M","Multiplexer Technology Inc","mti@multiplexertechnology.com","3855 W Diablo Dr # 11","Las Vegas","NV","89118","7023410334","7023410333","366902","Security Control Equip & Systems-Mfrs","www.multiplexertechnology.com","0","0"
"Viking Builders Inc","7026440301","3200 E Gowan Rd","North Las Vegas","5120000","Bob Haynie","Manager","Mal","88377","V","Viking Builders Inc","robertmcpherson@metalsusa.com","3200 E Gowan Rd","North Las Vegas","NV","89030","7026440301","7026442205","344403","Sheet Metal Fabricators","www.metalsusa.com","0","0"
"UNIVERSAL URETHANE CORP","7026433626","4201 E LONE MOUNTAIN RD","N LAS VEGAS","6800000","JIM HILDRETH","President","M","88624","U","Universal Urethane Corp","dept170@sosstaffing.com","4201 E Lone Mountain Rd","North Las Vegas","NV","89081","7026438470","7026433626","308601","Plastics-Foam (Manufacturers)","www.universalurethaneinc.com","0","0"
"APCO EQUIPMENT","7028717474","3432 N 5TH ST","N LAS VEGAS","7100000","DALLAS MOYER","President","M","88705","A","Apco Equipment","Dallas-Moyer@apcoequipment.com","3432 N 5th St","North Las Vegas","NV","89032","7023680871","7028717474","735910","Rental Service-Stores & Yards","NULL","0","0"
"West Coast Property Conslnt","7027390359","2700 E Sunset Rd # C22","Las Vegas","6570000","Jane Mello","Manager","Fem","88889","W","West Coast Property Conslnt","askme@wcpc.com","2700 E Sunset Rd # C22","Las Vegas","NV","89120","5097476345","7027390359","154222","Construction Site Clean-Up Services","www.wcpc.com","0","0"
"DAV Productions","7022124941","711 Pilot Rd # F","Las Vegas","6850000","Dave Schwarz","President","Mal","88896","D","DAV Productions","tom.roland@davproductions.com","711 Pilot Rd # F","Las Vegas","NV","89119","7027958806","7022124941","274119","Multimedia (Manufacturers)","www.davproductions.com","0","0"
"Center For Polling & Research","7027352460","3720 Howard Hughes Pkwy","Las Vegas","6180000","Kara Kelley","President","Fem","88936","C","Center For Polling & Research","Kara@lvchamber.com","3720 Howard Hughes Pkwy","Las Vegas","NV","89109","7027350413","7027352460","873204","Market Research & Analysis","NULL","0","0"
"Tool Shack","7028717178","4730 Spring Mountain Rd","Las Vegas","8806000","David Pearce","Manager","Mal","89204","T","Tool Shack","david@mytoolstore.com","4730 Spring Mountain Rd","Las Vegas","NV","89102","7028712815","7028717178","507213","Tools (Wholesale)","www.mytoolstore.com","0","0"
"Swift Newspapers Inc","7758507676","500 Double Eagle Ct","Reno","5480000","Arne L Hoel","President","Mal","89408","S","Swift Newspapers Inc","ira@swiftnews.com","500 Double Eagle Ct","Reno","NV","89521","7758507677","7758507676","274105","Publishers","NULL","0","0"
"CINELEASE INC","7022480594","4235 W POST RD","LAS VEGAS","5400000","SCOTT JEVONS","Manager","M","89580","C","Cinelease Inc","denac@cinelease.com","4235 W Post Rd","Las Vegas","NV","89118","8189549641","7022480594","504304","Motion Picture Equip & Supplies (Whol)","www.cinelease.com","0","0"
"Papillon Grand Canyon Hlcptrs","7027367243","275 E Tropicana Ave # 155","Las Vegas","8400000","Brenda Halvorson","President","Fem","89644","P","Papillon Grand Canyon Hlcptrs","Brenda.Halvorson@grandcanyonscenicflights.com","275 E Tropicana Ave # 155","Las Vegas","NV","89109","7027360099","7027367243","452201","Helicopter-Charter & Rental Service","NULL","0","0"
"Maytan Music Ctr","7753235443","777 S Center St","Reno","6680000","Iris Maytan","Owner","Fem","89668","M","Maytan Music Ctr","marianne@maytan.com","777 S Center St","Reno","NV","89501","7753235461","7753235443","573608","Musical Instruments-Dealers","www.maytan.com","0","0"
"International Canine Semen Bnk","7027322210","3065 E Desert Inn Rd","Las Vegas","5376000","Dennis Arn","Partner","Mal","89716","I","International Canine Semen Bnk","icsbnv@diah.com","3065 E Desert Inn Rd","Las Vegas","NV","89121","7027323566","7027322210","074201","Veterinarians","www.diah.com","0","2"
"GLASS DOCTOR","7029335656","1125 AMERICAN PACIFIC DR","HENDERSON","8400000","JANIAN DEVILLA","Owner","F","89767","G","Glass Doctor","JaneenD@glassdoctor.com","1125 American Pacific Dr # D","Henderson","NV","89074","7029909506","7029335656","523110","Glass-Auto Plate & Window & Etc","NULL","0","0"
"LONG BUILDING TECHNOLOGIES INC","7028716660","5325 POLARIS AVE","LAS VEGAS","7000000","MIKE ROBINSON","Manager","M","89793","L","Long Building Technologies Inc","supportteam@long.com","5325 Polaris Ave # 500","Las Vegas","NV","89118","3039362755","7028716660","171117","Air Conditioning Contractors & Systems","www.long.com","0","0"
"APEX BULK COMMODITIES","7026491663","3814 DONNA ST","N LAS VEGAS","8300000","JACK LONG","Manager","M","89804","A","Apex Bulk Commodities","gwarner@cst.com","3814 Donna St","North Las Vegas","NV","89030","7026493458","7026491663","421304","Trucking","www.apexbulk.com","0","0"
"Intermec Media Products","7026445022","4101 E Lone Mountain Rd","North Las Vegas","7840000","David Murphy","Manager","Mal","89900","I","Intermec Media Products","edservices@intermec.com","4101 E Lone Mountain Rd","North Las Vegas","NV","89081","7065633109","7026445022","267201","Labels-Paper (Manufacturers)","www.intermec.com","0","0"
"MEDITERRANEAN GOURMET MARKET","7029900235","4147 S MARYLAND PKWY","LAS VEGAS","7100000","PAYMON RAOUF","Owner","M","90076","M","Mediterranean Gourmet Market","Paymon@paymons.com","4147 S Maryland Pkwy","Las Vegas","NV","89119","7027312220","7027316030","541101","Food Markets","NULL","0","0"
"JULIET PROPERTY CO","7023685800","8375 W FLAMINGO RD STE 200","LAS VEGAS","5300000","FRED AHLSTROM","Owner","M","90271","D","Diamond Property Company","justin@julietlasvegas.com","8375 W Flamingo Rd #200","Las Vegas","NV","89147","7023685800","-","522310","BUILDING MATERIALS, HARDWARE, GARDEN SUPPLY, AND MOBILE HOME DEALERS","NAMB","0","0"
"E T & M Refrigeration","7025643511","1620 Rocking Horse Dr","Henderson","5232000","Tom Tannehill","Owner","Mal","90278","E","E T & M Refrigeration","brianmiller@etmrefrigeration.com","1620 Rocking Horse Dr","Henderson","NV","89015","7025643547","7025643511","572212","Air Conditioning Equipment-Room Units","www.etmrefrigeration.com","0","0"
"SOUND & SECURE INC","7028967440","955 GRIER DR STE B","LAS VEGAS","9000000","RAY LADESIC","President","M","90509","S","Sound & Secure Inc","creif@eaglesentry.com","955 Grier Dr # B","Las Vegas","NV","89119","7028967449","7028967440","506304","Security Control Equip & Systems-Whol","www.eaglesentry.com","0","0"
"Parsons","7024352116","840 Grier Dr","Las Vegas","6320000","Jim Caviola","Manager","Mal","90564","P","Parsons","contact.parcomm@parsons.com","840 Grier Dr","Las Vegas","NV","89119","7868457119","7024352116","871110","Engineers-Civil","www.parsons.com","0","0"
"Owens Precision Fabricators","7024388584","3120 Sunrise Ave","Las Vegas","8000000","Robert Dixon","Manager","Mal","90843","O","Owens Precision Fabricators","bschoudel@owenspf.com","3120 Sunrise Ave","Las Vegas","NV","89101","7024383988","7024388584","344403","Sheet Metal Fabricators","www.owenspf.com","0","0"
"LEVITZ FURNITURE","7024358439","1235 W WARM SPRINGS RD","HENDERSON","5300000","HOMY FATOUILI","Manager","M","90931","L","Levitz Furniture","dgoncalves@tizinc.com","1235 W Warm Springs Rd","Henderson","NV","89014","6514811459","7024358439","571216","Furniture-Dealers-Retail","www.furniture.com","0","0"
"PIONEER PLUMBING","7028762933","3017 SHERIDAN ST STE 6","LAS VEGAS","7000000","GENE GORLICK","Owner","M","91213","P","Pioneer Plumbing","G-Gene@pioneerplumbing.net","3017 Sheridan St # 6","Las Vegas","NV","89102","7028762195","7028762933","171105","Plumbing Contractors","NULL","0","0"
"B & J MACHINE & TOOL INC","7753583663","599 E NUGGET AVE","SPARKS","7900000","JAY THIESSENS","Owner","M","91461","B","B&J Machine & Tool; Inc","bonnie@grapplersinc.com","599 Nugget Ave","SPARKS","NV","89431","7753583663","7753316312","5251","Tools","GRAPPLERSINC.COM","0","0"
