mail id,company,email,address,phone,fax,sic,sic description,web,,revenue id,company,address,city,state,zip,	metro,web,phone,fax,contact,position,gender,sales,# of employee,sic,sic_descrpiton,	,,
"179416","Tamco Inc","alanc@tamcotools.com","PO Box 371","7242586692","7242586622","508522","Industrial Equipment & Supplies (Whol)","NULL"," Email <---> Revenue ","413523","Tamco Inc","1466 Delberts Dr","Monongahela","PA","15063","Washington","www.tamcotools.com","7242586622","7242586692","Alan Citron","President","Mal","28500000","50","508522","Industrial E","5","0","1"
"256189","ARL Inc","alanl@haldanestl.com","PO Box 836","4122643110","4122646996","421304","Trucking","NULL"," Email <---> Revenue ","7114","ARL Inc","238 Moon Clinton Rd","Coraopolis","PA","15108","Allegheny","www.arlnetwork.com","4122646996","4122643110","Ronald K Faherty","President","Mal","37100000","60","421304","Trucking","5","0","1"
"234513","EUR Data Systems","askintec@intecbilling.com","5040 Ritter Rd","4047052805","7176976800","737401","Data Processing Service","www.intec-telecom-systems.com"," Email <---> Revenue ","130694","EUR Data Systems","5040 Ritter Rd","Mechanicsburg","PA","17055","Cumberland","www.eursystems.com","7176976800","7176976550","John Boyd","President","Mal","35190000","230","737401","Data Process","5","0","1"
"280060","Sentinel Svc","Ausmus@femoran.com","1765 Woodhaven Dr","2156337406","2156337400","508734","Sprinklers-Automatic-Fire (Wholesale)","NULL"," Email <---> Revenue ","377776","Sentinel Svc","1765 Woodhaven Dr","Bensalem","PA","19020","Bucks","www.femoran.com","2156337400","2156337406","Ausmus Marburger","President","Mal","44980000","130","508734","Sprinklers-A","5","0","1"
"255561","Industrial Scientific Corp","australia@indsci.com","1001 Oakdale Rd","4127888353","4129225100","382398","Industrial Measuring/Cntrl Instr (Mfrs)","www.indsci.com"," Email <---> Revenue ","204501","Industrial Scientific Corp","1001 Oakdale Rd","Oakdale","PA","15071","Allegheny","www.indsci.com","4129225100","4127888353","Kent D Mcelhattan","CEO","Mal","40865000","225","382398","Industrial M","5","0","1"
"166530","Arbill","B.Bickman@arbill.com","10450 Drummond Rd","2155018121","2156322000","873111","Environmental & Ecological Services","NULL"," Email <---> Revenue ","29126","Arbill","10450 Drummond Rd","Philadelphia","PA","19154","Philadelphia","www.arbill.com","2156322000","2155018121","Barry Bickman","Owner","Mal","25000000","80","873111","Environmenta","5","0","1"
"58838","Oil Man","barry@theoilmaninc.com","518 Main Street","6108386501","6108386502","131103","Oil Companies","ltheoilmaninc.com"," Email <---> Revenue ","306891","Oil Man","518 Main St","Hellertown","PA","18055","Northampton","","6108386501","6108386502","Barry Fahringer","Owner","Mal","26832000","8","517206","Oils-Fuel (W","5","0","1"
"255133","Dale Oxygen & Acetylene Svc","bbaumgardner@daleoxygen.com","146 Horner St","8145366929","8145353594","516920","Oxygen (Wholesale)","www.daleoxygen.com"," Email <---> Revenue ","110547","Dale Oxygen & Acetylene Svc","146 Horner St","Johnstown","PA","15902","Cambria","www.daleoxygen.com","8145353594","8145366929","Harry D Bennear","President","Mal","25025000","25","516920","Oxygen (Whol","5","0","1"
"157257","Tri County Industries Inc","bcogdell@tciworks.com","PO Box 669","NULL","7246622510","495302","Garbage Collection","NULL"," Email <---> Revenue ","425711","Tri County Industries Inc","159 Tci Park Dr","Grove City","PA","16127","Mercer","","7246622510","","Edward Vogel","President","Mal","43400000","200","495302","Garbage Coll","5","0","1"
"28508","Stoudt Brewing Co","beernet@stoudtsbeer.com","Route 272","7174844182","7174844387","208201","Brewers","www.stoudtsbeer.com"," Email <---> Revenue ","403638","Stoudt Brewing Co","Route 272","Adamstown","PA","19501","Lancaster","www.stoudtsbeer.com","7174844387","7174844182","Carol Stoudt","Owner","Fem","41580000","60","208201","Brewers","5","0","1"
"99839","Packaging Corp Of America","bill.harp@packagingcorp.com","1530 Fruitville Pike","7173973242","717-397-3591","2653","Corrugated and Solid Fiber Boxes","NULL"," Email <---> Revenue ","313493","Packaging Corp Of America","1530 Fruitville Pike","Lancaster","PA","17601","Lancaster","www.packagingcorp.com","7173973591","7173973242","Dale Works","Plant Mgr","Mal","37380000","140","265301","Corrugated &","5","0","1"
"286765","Safeguard Business Systems","bjones@gosafeguard.com","455 Maryland Dr","8648779818","2156415000","511207","Business Forms & Systems (Wholesale)","www.gosafeguard.com"," Email <---> Revenue ","369420","Safeguard Business Systems","455 Maryland Dr","Fort Washington","PA","19034","Montgomery","www.gosafeguard.com","2156415000","2156416704","Dave Hebda","Plant Mgr","Mal","37620000","110","511207","Business For","5","0","1"
"216635","Whitford Corp","bkilty@whitfordww.com","33 Sproul Rd","6106474849","6102963200","289198","Adhesives & Sealants (Manufacturers)","NULL"," Email <---> Revenue ","455624","Whitford Corp","33 Sproul Rd","Frazer","PA","19355","Chester","www.whitfordww.com","6102963200","6106474849","David Willis Jr","President","Mal","28470000","65","289198","Adhesives & ","5","0","1"
"283178","Highway Equipment Co","bmckinney@highway-equipment.com","22035 Perry Hwy","7244527800","7244527800","508206","Contractors-Equip/Supls-Dlrs/Svc (Whol)","www.highway-equipment.com"," Email <---> Revenue ","193270","Highway Equipment Co","22035 Perry Hwy","Zelienople","PA","16063","Butler","www.highway-equipment.com","7244527800","","Daniel Reynolds","Owner","Mal","33300000","50","508206","Contractors-","5","0","1"
"93820","Erie Petroleum","Callahan@eriepetroleum.com","1502 Greengarden Rd","8144565818","8144567516","517206","Oils-Fuel (Wholesale)","NULL"," Email <---> Revenue ","141749","Erie Petroleum","1502 Greengarden Rd","Erie","PA","16501","Erie","www.eriepetroleum.com","8144567516","8144565818","Pat Callahan","Owner","Mal","40000000","50","517206","Oils-Fuel (W","5","0","1"
"282872","Mc Kesson Automation","caren.tobin@mckesson.com","700 Waterfront Dr","4122091414","4122091400","384103","Hospital Equipment & Supplies-Mfrs","NULL"," Email <---> Revenue ","273545","Mc Kesson Automation","700 Waterfront Dr","Pittsburgh","PA","15222","Allegheny","www.mckesson.com","4122091400","4122091414","Rich Lunak","President","Mal","44800000","200","384103","Hospital Equ","5","0","1"
"165497","Chapel Steel","chapel@chapelsteel.com","414 Commerce Drive #150","2157930899","2157930919","1099","Metal ores","null"," Email <---> Revenue ","79860","Chapel Steel Co","414 Commerce Dr","Fort Washington","PA","19034","Montgomery","","2157930899","2157930919","Jerry Sutow","Owner","Mal","48162000","46","505106","Steel-Distri","5","0","1"
"286149","Tri-Boro Mini Storage","cheryl@tri-borosupplies.com","435 E Locust St","7172463506","7172463095","508206","Contractors-Equip/Supls-Dlrs/Svc (Whol)","www.tri-borosupplies.com"," Email <---> Revenue ","425951","Tri-Boro Mini Storage","435 E Locust St","Dallastown","PA","17313","York","www.tri-borosupplies.com","7172463095","7172463506","Glenn Rexroth","President","Mal","49950000","75","508206","Contractors-","5","0","1"
"277177","Dana Corp-Parish Div","chuck.hartlage@dana.com","1100 Weimer St","2607863443","6103717000","346904","Metal Stamping (Manufacturers)","www.dana.com"," Email <---> Revenue ","111190","Dana Corp-Parish Div","1100 Weimer St","Reading","PA","19602","Berks","www.dana.com","6103717000","6103717122","Ron Thomasello","Plant Mgr","Mal","34600000","200","346904","Metal Stampi","5","0","1"
"113998","Carlisle Carrier Corp","cmetzler@carlislecc.com","6380 Brackbill Blvd","7176918559","7176918600","421304","Trucking","NULL"," Email <---> Revenue ","73390","Carlisle Carrier Corp","6380 Brackbill Blvd","Mechanicsburg","PA","17050","Cumberland","www.carlislecarrier.com","7176918600","7176918559","David Metzler","Owner","Mal","37750000","250","421304","Trucking","5","0","1"
"206830","County Electric Supply Co","conrad@countyelectric.com","1111 N Broad St","2153682118","2153681960","506330","Electric Equipment & Supplies-Wholesale","www.countyelectric.com"," Email <---> Revenue ","101612","County Electric Supply Co","1111 N Broad St","Lansdale","PA","19446","Montgomery","www.countyelectric.com","2153681960","2153682118","Robert Hafter","Owner","Mal","32900000","50","506330","Electric Equ","5","0","1"
"38393","George Krapf & Sons","Dallas@krapfbus.com","120 Springton Rd","6105945001","6102693897","413101","Bus Lines","NULL"," Email <---> Revenue ","169677","George Krapf & Sons","120 Springton Rd","Glenmoore","PA","19343","Chester","www.krapfbus.com","6102693897","6105945001","Dallas Krapf","Owner","Mal","45000000","600","413101","Bus Lines","5","0","1"
"227119","Master Lee Energy","damico-mb@masterlee.com","1639 Clearview Dr","8154160134","7245398060","171131","Energy Management Systems & Products","www.masterlee.com"," Email <---> Revenue ","270030","Master Lee Energy","1639 Clearview Dr","Latrobe","PA","15650","Westmoreland","www.masterlee.com","7245398060","7245379285","Rich Douds","Owner","Mal","36500000","250","171131","Energy Manag","5","0","1"
"48514","Threaded Screw Products Co Inc","dan@threadedscrewproducts.com","230 Barley Sheaf Rd","6103839280","6103834500","507201","Bolts & Nuts (Wholesale)","www.threadedscrewproducts.com"," Email <---> Revenue ","418879","Threaded Screw Products Co Inc","230 Barley Sheaf Rd","Thorndale","PA","19372","Chester","www.threadedscrewproducts.com","6103834500","6103839280","Daniel Phipps","Owner","Mal","31080000","60","507201","Bolts & Nuts","5","0","1"
"180989","Robbins Diamonds","david@insanity.net","801 Walnut St","null","null","594409","Jewelers","ROBBINSROCKS.COM"," Email <---> Revenue ","359176","Robbins Diamonds","801 Walnut St","Philadelphia","PA","19107","Philadelphia","www.robbinsdiamonds.com","2159251877","2159230662","Jerry Robbins","Owner","Mal","29680000","35","509413","Diamond Buye","5","0","1"
"134840","Folexco Inc","davidwilson@amtodd.com","150 Domorah Dr","2156288651","2156288895","208701","Flavoring Extracts-Manufacturers","NULL"," Email <---> Revenue ","156235","Folexco Inc","150 Domorah Dr","Montgomeryville","PA","18936","Montgomery","","2156288895","2156288651","David Wilson","President","Mal","46000000","50","208701","Flavoring Ex","5","0","1"
"88657","Don Cotner Farms","DCotner@cotnerfarms.com","127 Rushtown Rd","5702755702","5702752939","514403","Eggs (Wholesale)","NULL"," Email <---> Revenue ","123949","Don Cotner Farms","127 Rushtown Rd","Danville","PA","17821","Montour","","5702752939","5702755702","Donald Cotner","Owner","Mal","25300000","25","514403","Eggs (Wholes","5","0","1"
"195085","Chestner Ridge Communication","Dean_Miller@crcsinc.com","890 Old William Penn Hwy","7244590916","7244590910","506563","Telecommunication Equip/Syst-Whol/Mfrs","NULL"," Email <---> Revenue ","82501","Chestner Ridge Communication","890 Old William Penn Hwy","Blairsville","PA","15717","Indiana","www.crcsinc.com","7244590910","7244590916","Dean Miller","Owner","Mal","40400000","40","506563","Telecommunic","5","0","1"
"245715","Pecora Corp","dellaquilak@pecora.com","165 Wambold Rd","2143485421","2157236051","289198","Adhesives & Sealants (Manufacturers)","www.pecora.com"," Email <---> Revenue ","319838","Pecora Corp","165 Wambold Rd","Harleysville","PA","19438","Montgomery","www.pecora.com","2157236051","2157210286","Kevin Cummings","President","Mal","35040000","80","289198","Adhesives & ","5","0","1"
"287203","Triumph Controls Inc","dgiles@triumphgroup.com","205 Church Rd","2156992595","2156994861","372801","Aircraft Components-Manufacturers","www.triumph-controls.com"," Email <---> Revenue ","427340","Triumph Controls Inc","205 Church Rd","North Wales","PA","19454","Montgomery","www.triumph-controls.com","2156994861","2156992595","Bill Bernardo","President","Mal","39000000","288","372801","Aircraft Com","5","0","1"
"278877","VITAC Caption America","diane-l@vitac.com","101 Hillpointe Dr # 200","7245144111","7245144000","781211","Video Production & Taping Service","www.vitac.com"," Email <---> Revenue ","437916","VITAC Caption America","101 Hillpointe Dr # 200","Canonsburg","PA","15317","Washington","www.vitac.com","7245144000","7245144111","Pat Prozzi","President","Fem","36110000","115","781211","Video Produc","5","1","1"
"167331","WBRE-TV Television Station","Dittmeier@wbre.com","62 S Franklin St","5708234523","5708232828","483301","Television Stations & Broadcasting CO","NULL"," Email <---> Revenue ","445029","WBRE-TV Television Station","62 S Franklin St","Wilkes Barre","PA","18701","Luzerne","www.wbre.com","5708232828","5708234523","John Dittmeier","CEO","Mal","47400000","150","483301","Television S","5","0","1"
"93286","Jay Group","djay@thejaygroupltd.com","60 N Ronks Rd","7176876987","7176878641","874213","Marketing Programs & Services","NULL"," Email <---> Revenue ","215847","Jay Group","60 N Ronks Rd","Ronks","PA","17572","Lancaster","www.jaygroup.com","7176878641","7176876987","Dana Chryst","CEO","Fem","42500000","250","874213","Marketing Pr","5","0","1"
"286152","Envirite Corp","dlobbe@envirite.com","620 W Germantown Pike # 250","6108288892","6108288655","495305","Waste Disposal-Hazardous","www.envirite.com"," Email <---> Revenue ","140427","Envirite Corp","620 W Germantown Pike # 250","Plymouth Meeting","PA","19462","Montgomery","www.envirite.com","6108288655","6108288892","Geoffrey Stengel","President","Mal","29500000","200","495305","Waste Dispos","5","0","1"
"248818","Express Mail","dmmadvisory@usps.com","435 S Cascade St","2567284493","7246567214","733101","Mailing & Shipping Services","www.usps.com"," Email <---> Revenue ","144334","Express Mail","435 S Cascade St","New Castle","PA","16108","Lawrence","www.usps.com","7246567214","7246567205","Dave Shaner","Exec VP","Mal","41400000","300","733101","Mailing & Sh","5","0","1"
"35467","Keystone Helicopter Corp","dmoore@keystonehelicopter.com","1420 Phoenixville Pike","6106447681","6106444430","458104","Aircraft Servicing & Maintenance","NULL"," Email <---> Revenue ","233237","Keystone Helicopter Corp","1420 Phoenixville Pike","West Chester","PA","19380","Chester","","6106444430","6106447681","Dave Ford","Owner","Mal","40400000","400","458104","Aircraft Ser","5","0","1"
"285106","St Marys Carbon Co","dms@stmaryscarbon.com","259 Eberl St","8148349201","8147817333","362498","Carbon & Graphite Products (Mfrs)","www.stmaryscarbon.com"," Email <---> Revenue ","396076","St Marys Carbon Co","259 Eberl St","St Marys","PA","15857","Elk","www.stmaryscarbon.com","8147817333","8148349201","J E Lanzel Jr","President","Mal","27000000","140","362498","Carbon & Gra","5","0","1"
"132556","Ketchum Inc","dns.services@ketchum.com","Six PPG Place","8006422161","null","8999","Services NEC","VIVANUVIVA.COM"," Email <---> Revenue ","232366","Ketchum Inc","1 Ppg Pl # 6","Pittsburgh","PA","15222","Allegheny","","4124563500","4124563834","","","","30020000","190","731101","Advertising-","5","0","1"
"259273","Simon Miller Sales","dns@ilos.net","1218 Chestnut St.","2159233600","null","5311","Retail shops","simonmiller.com"," Email <---> Revenue ","384611","Simon Miller Sales Co","1218 Chestnut St # 802","Philadelphia","PA","19107","Philadelphia","","2159233600","2159231173","Henri Levit","VP","Mal","45330000","30","511101","Paper Produc","5","0","1"
"287069","Say-Core Inc","drafting@saycore.com","132 Block Rd","8147368485","8147368018","503208","Concrete Products (Wholesale)","www.saycore.com"," Email <---> Revenue ","373164","Say-Core Inc","132 Block Rd","Portage","PA","15946","Cambria","www.saycore.com","8147368018","8147368485","Barry Saylor","Owner","Mal","32640000","68","503208","Concrete Pro","5","0","1"
"247794","Associated Production Svc Inc","droth@apspackage.com","325 Andrews Rd","2153642865","2153641594","384104","Physicians & Surgeons Equip & Supls-Mfrs","NULL"," Email <---> Revenue ","32508","Associated Production Svc Inc","325 Andrews Rd","Langhorne","PA","19053","Bucks","","2153641594","2153642865","Jay Belding","CEO","Mal","40320000","180","384104","Physicians &","5","0","1"
"156644","Berkey's Nursery","Duane@berkeysnursery.com","PO Box 215","8146547520","8146547043","519306","Nurseries","NULL"," Email <---> Revenue ","46336","Berkey's Nursery","138 Jefferson St","Spartansburg","PA","16434","Crawford","www.berkeysnursery.com","8146547043","8146547520","Duane Berkey","Owner","Mal","27813000","127","519306","Nurseries-Pl","5","0","1"
"139892","Reynolds Services","edfox@fox-engineering.com","860BrentwoodDrive","7246462600","7246462604","871106","Engineers","I-ROCKONLINE.COM"," Email <---> Revenue ","354545","Reynolds Services Inc","860 Brentwood Dr","Greenville","PA","16125","Mercer","www.reynoldsservices.com","7246462600","7246462604","F John Frangakis","President","Mal","43180000","85","331204","Steel Proces","5","0","1"
"159325","Penco Products Inc","eleanor.gardner@pencoproducts.com","PO Box 378","6106667561","6106660500","349903","Metal Goods-Manufacturers","NULL"," Email <---> Revenue ","320399","Penco Products Inc","99 Brower Ave","Oaks","PA","19456","Montgomery","www.pencoproducts.com","6106660500","6106667561","Bob Heffernan","President","Mal","49320000","360","349903","Metal Goods-","5","0","1"
"22463","New Era Building Systems","Elliot.Fabri@new-era-homes.com","PO Box 269","8147645658","8147645581","344898","Prefabricated Metal Buildings (Mfrs)","NULL"," Email <---> Revenue ","297703","New Era Building Systems","451 Southern Ave","Strattanville","PA","16258","Clarion","www.new-era-homes.com","8147645581","8147645658","Elliot Fabri","President","Mal","47475000","225","344898","Prefabricate","5","0","1"
"272879","Cornell Iron Works Inc","engserv@cornelliron.com","100 Elmwood Rd","5704749973","5704746773","344298","Metal Doors Sash Frames & Trim (Mfrs)","www.cornelliron.com"," Email <---> Revenue ","99371","Cornell Iron Works Inc","100 Elmwood Rd","Mountain Top","PA","18707","Luzerne","www.cornelliron.com","5704746773","5704749973","Andrew Cornell","CEO","Mal","35200000","200","344298","Metal Doors ","5","0","1"
"121841","MCS Industries Inc","epurdy@mcsframe.com","2280 Newlins Mill Rd","6102533039","6102536268","502317","Picture Frames-Wholesale","NULL"," Email <---> Revenue ","260772","MCS Industries Inc","2280 Newlins Mill Rd","Easton","PA","18045","Northampton","www.mcsframes.com","6102536268","6102533039","Richard Master","Owner","Mal","44600000","175","502317","Picture Fram","5","0","1"
"118040","Dunmore Corporation","film@dunmore.com","145 Wharton Rd","2157819293","2159680442","347998","Coating Engraving/Allied Svcs Nec (Mfrs)","www.dunmore.com"," Email <---> Revenue ","128396","Dunmore Corporation","145 Wharton Rd","Bristol","PA","19007","Bucks","www.dunmore.com","2159680442","2157819293","Matthew Sullivan","Owner","Mal","34000000","75","347998","Coating Engr","5","0","1"
"255982","Anthracite Industries","florea@consolidated.net","Anthracite Rd","3377865907","5702869721","299998","Products Of Petroleum & Coal Nec (Mfrs)","www.asbury.com"," Email <---> Revenue ","27386","Anthracite Industries","Anthracite Rd","Sunbury","PA","17801","Northumberland","www.asbury.com","5702869721","5702862329","Timothy Hendricks","Manager","Mal","34560000","40","299998","Products Of ","5","0","1"
"7543","Welex Inc","frank@welex.com","850 Jolly Rd","2155429841","2155428000","308904","Plastics-Extruders (Manufacturers)","NULL"," Email <---> Revenue ","451300","Welex Inc","850 Jolly Rd","Blue Bell","PA","19422","Montgomery","www.welex.com","2155428000","2155429841","Frank R Nissel","President","Mal","30000000","70","308904","Plastics-Ext","5","0","1"
"228098","Backbone Security","G.Watt@backbonesecurity.com","701 Main St # 300","5704227940","5704227900","506304","Security Control Equip & Systems-Whol","NULL"," Email <---> Revenue ","38191","Backbone Security","701 Main St # 300","Stroudsburg","PA","18360","Monroe","www.backbonesecurity.com","5704227900","5704227940","Glenn Watt","Owner","Mal","26320000","40","506304","Security Con","5","0","1"
"190138","Quality Custom Cabinetry","G_Good@qcc.com","PO Box 189","7176560607","7176616900","243401","Cabinets-Manufacturers","NULL"," Email <---> Revenue ","342441","Quality Custom Cabinetry","125 Peters Rd","New Holland","PA","17557","Lancaster","www.qcc.com","7176616900","7176560607","Glenn Good","President","Mal","33210000","270","243401","Cabinets-Man","5","0","1"
"208463","Aaron E Enterprises Inc","gaaron@aaronent.com","630 W Germantown Pike # 385","6109400132","6109400800","511101","Paper Products (Wholesale)","NULL"," Email <---> Revenue ","7534","Aaron E Enterprises Inc","630 W Germantown Pike # 385","Plymouth Meeting","PA","19462","Montgomery","www.aaronent.com","6109400800","6109400132","Gene Aaron","Owner","Mal","45330000","30","511101","Paper Produc","5","0","1"
"239086","Novick Brothers Corp","garynovick@novickbrothers.com","3660 S Lawrence St","2154673357","2154671400","514102","Food Brokers","NULL"," Email <---> Revenue ","304688","Novick Brothers Corp","3660 S Lawrence St","Philadelphia","PA","19148","Philadelphia","www.novickbrothers.com","2154671400","2154673357","Gary Novick","President","Mal","45480000","40","514102","Food Brokers","5","0","1"
"276456","Apex Homes Inc","gclark@apexhomes.net","247 US Highway 522N","5708372333","5708372346","738999","Business Services Nec","APEXHOMESINC.COM"," Email <---> Revenue ","27896","Apex Homes Inc","247 Us Highway 522 N","Middleburg","PA","17842","Snyder","www.apexhomesinc.com","5708372333","5708372346","Sue Nerhood","Manager","Fem","34800000","200","154212","Buildings-Pr","5","0","1"
"135525","Omnilift Inc","gina.coyle@omnilift-inc.com","1938 Stout Dr","2154439849","2154439090","508426","Material Handling Equipment (Wholesale)","www.omnilift-inc.com"," Email <---> Revenue ","308287","Omnilift Inc","1938 Stout Dr","Warminster","PA","18974","Bucks","www.omnilift-inc.com","2154439090","2154439849","Bill Boyle","President","Mal","27200000","50","508426","Material Han","5","0","1"
"9209","Precision Technology","Gregory@ptiassembly.com","PO Box 185","6103856959","6103856091","505117","Alloys (Wholesale)","NULL"," Email <---> Revenue ","336430","Precision Technology","551 Old Swede Rd","Douglassville","PA","19518","Berks","www.prectech.com","6103856091","6103856959","Gregory Wolf","Owner","Mal","26175000","25","505117","Alloys (Whol","5","0","1"
"263593","Rettew Associates Inc","grettew@rettew.com","3020 Columbia Ave","6107589255","7173943721","871111","Engineers-Consulting","www.rettew.com"," Email <---> Revenue ","354250","Rettew Associates Inc","3020 Columbia Ave","Lancaster","PA","17603","Lancaster","www.rettew.com","7173943721","7173941063","Mark Lauriello","President","Mal","35550000","225","871111","Engineers-Co","5","0","1"
"167359","Sherwood Groves","Groves@sherwoodgroves.com","RR 6 Box 6030","5702654461","5702656187","551103","Automobile Dealers-Used Cars","NULL"," Email <---> Revenue ","381992","Sherwood Groves","RR 6 Box 6030","Towanda","PA","18848","Bradford","www.sherwoodgroves.com","5702656187","5702654461","Brandon Groves","Owner","Mal","48525000","75","551103","Automobile D","5","1","1"
"257158","Johns Manville Intl","gsu@jm.com","600 Jaycee Dr","5704555340","5704555687","329603","Insulation-Manufacturers","www.jm.com"," Email <---> Revenue ","222862","Johns Manville Intl","600 Jaycee Dr","West Hazleton","PA","18202","Luzerne","www.jm.com","5704555340","5704555687","Steve Allaire","Plant Mgr","Mal","25000000","60","329603","Insulation-M","5","0","1"
"252678","Vincent Giordano Prosciutto","guyg@vgiordano.com","2600 Washington Ave","2154676339","2154676629","201398","Sausages/Other Prepared Meat Prod (Mfrs)","NULL"," Email <---> Revenue ","442872","Vincent Giordano Prosciutto","2600 Washington Ave","Philadelphia","PA","19146","Philadelphia","","2154676629","2154676339","Guy Giordano","Owner","Mal","40100000","54","201398","Sausages/Oth","5","0","1"
"265714","Chelsea Building Products","H.Spijkman@chelseabuildingproducts.com","565 Cedar Way","4128261598","4128268077","308902","Plastics & Plastic Products (Mfrs)","NULL"," Email <---> Revenue ","81434","Chelsea Building Products","565 Cedar Way","Oakmont","PA","15139","Allegheny","www.chelseabuildingproducts.com","4128268077","4128261598","H Spijkman","President","Mal","32800000","200","308902","Plastics & P","5","0","1"
"286794","ABB Inc","hans.krattiger@us.abb.com","2 Acee Dr","5852737010","7242956000","506336","Electronic Instruments (Wholesale)","www.abb.com"," Email <---> Revenue ","5783","ABB Inc","2 Acee Dr","Natrona Heights","PA","15065","Allegheny","www.abb.com","7242956000","7242956560","David Frimpter","President","Mal","39480000","60","506336","Electronic I","5","0","1"
"227763","Harvel Plastics Inc","harvel@harvel.com","300 Kuebler Rd","6102534436","6102527355","308401","Pipe-Plastic (Manufacturers)","www.harvel.com"," Email <---> Revenue ","187109","Harvel Plastics Inc","300 Kuebler Rd","Easton","PA","18040","Northampton","www.harvel.com","6102527355","6102534436","Earl Wismer","CEO","Mal","47000000","0","308401","Pipe-Plastic","5","0","1"
"250626","Excel Homes Inc","hrdept@excelhomes.com","RR 2 Box 683","7174447577","7174443395","245202","Buildings-Pre-Cut Prefab & Modlr-Mfrs","www.excelhomes.com"," Email <---> Revenue ","143622","Excel Homes Inc","RR 2 Box 683","Liverpool","PA","17045","Perry","www.excelhomes.com","7174443395","7174447577","Ed Langley","President","Mal","27360000","160","245202","Buildings-Pr","5","0","1"
"103478","Unique Industries Inc","inquiries@favors.com","2400 Weccacoe Ave","2153347869","2153364300","267998","Converted Paper/Paperbrd Prod Nec (Mfrs)","www.favors.com"," Email <---> Revenue ","434669","Unique Industries Inc","2400 Weccacoe Ave","Philadelphia","PA","19148","Philadelphia","www.favors.com","2153364300","2153347869","Everett Novak","President","Mal","31359000","200","267998","Converted Pa","5","0","1"
"205603","Paxar Corp","investorel@paxar.com","1 Wilcox St","9727267122","5708886641","267902","Tags-Manufacturers","www.paxar.com"," Email <---> Revenue ","319082","Paxar Corp","1 Wilcox St","Sayre","PA","18840","Bradford","www.paxar.com","5708886641","5708884080","Bruce Lessard","VP","Mal","35550000","150","267902","Tags-Manufac","5","0","1"
"162752","Hussey Copper Ltd","is@husseycopper.com","100 Washington St","7242514200","7242514422","1099","Metal ores","HUSSEYCOPPER.COM"," Email <---> Revenue ","201294","Hussey Copper LTD","100 Washington St","Leetsdale","PA","15056","Allegheny","www.husseycopper.com","7242668430","7242514243","Roy D Allen","Owner","Mal","25000000","380","336698","Copper Found","5","0","1"
"32605","Crest Homes","James.Jones@schulthomes.com","30 Industrial Park Rd","5707423842","570-742-8521","2452","Prefabricated Wood Buildings and Components","NULL"," Email <---> Revenue ","104098","Crest Homes","201 N Industrial Park Rd","Milton","PA","17847","Northumberland","","5707428521","5707423842","Tim Reed","Manager","Mal","45666000","177","521156","Modular Home","5","0","1"
"270214","Quality Rolls","james@qrolls.com","1101 Muriel St","4124311177","4124318250","354702","Rolling Mill Machinery (Manufacturers)","NULL"," Email <---> Revenue ","342701","Quality Rolls","1101 Muriel St","Pittsburgh","PA","15203","Allegheny","","4124318250","4124311177","James Markovitz","CEO","Mal","44000000","200","354702","Rolling Mill","5","0","1"
"156943","Yale Industrial Trucks","jbloch@yalepittsburgh.com","1050 Rico Rd","4122422800","4122422800","508426","Material Handling Equipment (Wholesale)","www.yalepittsburgh.com"," Email <---> Revenue ","463397","Yale Industrial Trucks","1050 Rico Rd","Monroeville","PA","15146","Allegheny","www.yalepittsburgh.com","4122422800","","Chris Burns","President","Mal","43520000","80","508426","Material Han","5","0","1"
"236059","Niagara Cutter Svc Ctr Inc","jcovert@niagaracutter.com","1 Niagara Cutter Park","7166898485","8146538211","354107","Machine Tools-Manufacturers","www.niagaracutter.com"," Email <---> Revenue ","299792","Niagara Cutter Svc Ctr Inc","1 Niagara Cutter Park","Reynoldsville","PA","15851","Jefferson","www.niagaracutter.com","8146538211","8146538433","David Reiter","Manager","Mal","32760000","140","354107","Machine Tool","5","0","1"
"285156","Port Erie Plastics","jdeutsch@porterie.com","909 Troupe Rd","8148997854","8148997602","308901","Mold Makers","www.porterie.com"," Email <---> Revenue ","334793","Port Erie Plastics","909 Troupe Rd","Harborcreek","PA","16421","Erie","www.porterie.com","8148997602","8148997854","William C Witkowski","CEO","Mal","49200000","300","308901","Plastics-Mol","5","0","1"
"233116","Ampro Sports","JeffTraub@amprosports.com","30 Bunting Ln","6106231300","6106239000","275902","Screen Printing","NULL"," Email <---> Revenue ","24583","Ampro Sports","30 Bunting Ln","Primos","PA","19018","Delaware","www.amprosports.com","6106239000","6106231300","Jeff Traub","Owner","Mal","25025000","175","275902","Screen Print","5","0","1"
"120770","World Flavors Inc","jim_kearns@worldflavors.com","76 Louise Dr","2156724405","2156724400","208798","Flavoring Extracts & Syrups Nec (Mfrs)","NULL"," Email <---> Revenue ","461832","World Flavors Inc","76 Louise Dr","Warminster","PA","18974","Bucks","","2156724400","2156724405","Robert Holmquist","President","Mal","47840000","52","208798","Flavoring Ex","5","0","1"
"279102","Zacherl Motor Truck Sales Inc","jimdunsmore@zacherlmotors.com","795 Greenville Pike","8142266772","8142268580","551105","Truck-Dealers","www.zacherlmotors.com"," Email <---> Revenue ","465631","Zacherl Motor Truck Sales Inc","795 Greenville Pike","Clarion","PA","16214","Clarion","www.zacherlmotors.com","8142268580","8142266772","Don Kahle","Owner","Mal","25880000","40","551105","Truck-Dealer","5","2","1"
"272135","Asgco Manufacturing Inc","jjurasits@asgco.com","301 W Gordon St","6107788991","6108210210","508410","Conveyors & Conveying Equipment (Whol)","www.asgco.com"," Email <---> Revenue ","31749","Asgco Manufacturing Inc","301 W Gordon St","Allentown","PA","18102","Lehigh","www.asgco.com","6108210210","6107788991","A Todd Gibbs","President","Mal","29920000","55","508410","Conveyors & ","5","0","1"
"192701","Zober Industries Inc","jmclean@zober.com","500 Coventry Ln","2157882618","2157885523","367901","Electronic Equipment & Supplies-Mfrs","NULL"," Email <---> Revenue ","466669","Zober Industries Inc","500 Coventry Ln","Croydon","PA","19021","Bucks","","2157885523","2157882618","Joel Zober","President","Mal","40320000","180","367901","Electronic E","5","0","1"
"187744","Graham Engineering Corp","jmolison@grahamengineering.com","1203 Eden Rd","7178461931","7178483755","308902","Plastics & Plastic Products (Mfrs)","www.grahammachinerygroup.com"," Email <---> Revenue ","176232","Graham Engineering Corp","1203 Eden Rd","York","PA","17402","York","www.grahammachinerygroup.com","7178483755","7178461931","Joe Spohr","VP","Mal","25000000","170","308902","Plastics & P","5","0","1"
"208395","Fromm Electric Supply Corporation","jmutchler@fromm.com","826 Monocacy Street","6108655501","6108655837","173101","Electric Contractors","FROMMAUTOMATION.COM;FROMMBIZ.COM;FROMMCOMM.COM;FROMMELECTRICAUTOMATION.COM;FROMMELECTRICBIZ.COM;FROM"," Email <---> Revenue ","162575","Fromm Electric Supply Corp","945 Bethlehem Dr","Bethlehem","PA","18017","Northampton","","6108655501","6108656171","Jules Fromm","President","Mal","28952000","44","506330","Electric Equ","5","0","1"
"256711","Professional Pharmacy","John@greyhoundrx.com","920 N Charlotte St","6103234710","6103232115","504712","Hospital Equipment & Supplies (Whol)","NULL"," Email <---> Revenue ","339560","Professional Pharmacy","920 N Charlotte St","Pottstown","PA","19464","Montgomery","www.professional-pharmacy.com","6103232115","6103234710","John Mccullough","Owner","Mal","35880000","60","504712","Hospital Equ","5","0","1"
"261845","Bliley Technologies Inc","johnd@atm-ma.com","2545 W Grandview Blvd","8148332712","8148383571","367901","Electronic Equipment & Supplies-Mfrs","www.bliley.com"," Email <---> Revenue ","52138","Bliley Technologies Inc","2545 W Grandview Blvd","Erie","PA","16506","Erie","www.bliley.com","8148383571","8148332712","Roger W Richards","CEO","Mal","33600000","150","367901","Electronic E","5","0","1"
"232193","Thayer Power & Communication","josephthayer@thayerpc.com","7400 Market Rd","8144742233","8144741174","162308","Utility Contractors","www.thayerpc.com"," Email <---> Revenue ","416975","Thayer Power & Communication","7400 Market Rd","Fairview","PA","16415","Erie","www.thayerpc.com","8144741174","8144742233","David Thayer","Owner","Mal","33400000","200","162308","Utility Cont","5","0","1"
"85077","Good Food Inc","jsensenig@goldenbarrel.com","4960 Horseshoe Pike","6102732087","6102733776","209907","Syrups-Manufacturers","www.goldenbarrel.com"," Email <---> Revenue ","174604","Good Food Inc","4960 Horseshoe Pike","Honey Brook","PA","19344","Chester","www.goldenbarrel.com","6102733776","6102732087","Larry Martin","President","Mal","27600000","100","209907","Syrups-Manuf","5","0","1"
"55436","Amplifier Research Corp","jsuelke@amplifiers.com","160 Schoolhouse Rd","2157235688","2157238181","366398","Radio/Tv Broadcasting/Comm Equip (Mfrs)","NULL"," Email <---> Revenue ","24576","Amplifier Research Corp","160 Schoolhouse Rd","Souderton","PA","18964","Montgomery","www.ar-amps.com","2157238181","2157235688","Donald Shepherd","CEO","Mal","37490000","115","366398","Radio/Tv Bro","5","0","1"
"263653","David J Thompson Mailing Corp","jwillhoit@thompsonmailing.com","6947 Naus Way","5707597160","5707596690","733105","Advertising-Direct Mail","www.thompsonmailing.com"," Email <---> Revenue ","113649","David J Thompson Mailing Corp","6947 Naus Way","Bloomsburg","PA","17815","Columbia","www.thompsonmailing.com","5707596690","5707597160","David J Thompson","Owner","Mal","27600000","200","733105","Advertising-","5","0","1"
"12835","All Size Corrugated Products","kbunner@allsizebox.com","1060 Prospect Rd","7176840543","7176846921","511318","Boxes-Corrugated & Fiber (Wholesale)","www.allsizebox.com"," Email <---> Revenue ","16802","All Size Corrugated Products","1060 Prospect Rd","Columbia","PA","17512","Lancaster","www.allsizebox.com","7176846921","7176840543","Jeffery Gisslin","President","Mal","33120000","40","511318","Boxes-Corrug","5","0","1"
"268091","Symbol Mattress Of Pa","kbuske@symbolmattress.com","71 Vanguard Dr","8042542119","6105827228","508554","Mattress Makers Supplies (Wholesale)","www.symbolmattress.com"," Email <---> Revenue ","410891","Symbol Mattress Of Pa","71 Vanguard Dr","Reading","PA","19606","Berks","www.symbolmattress.com","6105827228","6105827232","Doug Wilcox","Manager","Mal","28500000","50","508554","Mattress Mak","5","0","1"
"274647","J J Haines & Co","kcollier@jjhaines.com","422 Business Ctr # Z","4107604045","6106661007","502307","Carpet & Rug-Distributors","www.jjhaines.com"," Email <---> Revenue ","210512","J J Haines & Co","422 Business Ctr # Z","Oaks","PA","19456","Montgomery","www.jjhaines.com","6106661007","6106660994","Thomas Hubbard","Manager","Mal","27850000","50","502307","Carpet & Rug","5","0","1"
"97712","B S Cable Co","ken.lyle@bscable.com","805 W 5th St # 14","2153617669","2153616999","357701","Computer Supplies & Parts-Manufacturers","NULL"," Email <---> Revenue ","37121","B S Cable Co","805 W 5th St # 14","Lansdale","PA","19446","Montgomery","www.bscable.com","2153616999","2153617669","Sue Gorman","President","Fem","30080000","80","357701","Computer Sup","5","0","1"
"186263","Furman Foods Inc","kermit.kohl@furmanos.com","770 Cannery Rd","5704737367","5704733516","203302","Canning (Manufacturers)","www.furmanos.com"," Email <---> Revenue ","163436","Furman Foods Inc","770 Cannery Rd","Northumberland","PA","17857","Northumberland","www.furmanos.com","5704733516","5704737367","David Geise","President","Mal","49900000","700","203302","Canning (Man","5","0","1"
"253466","Whiteman Tower Inc","kimberlyg@whitemantower.com","1100 Hanover St","5708296354","5708223158","511308","Packaging Materials-Wholesale","www.whitemantower.com"," Email <---> Revenue ","455528","Whiteman Tower Inc","1100 Hanover St","Sugar Notch","PA","18706","Luzerne","www.whitemantower.com","5708223158","5708296354","Gene Pirolli","Manager","Mal","41400000","50","511308","Packaging Ma","5","0","1"
"218149","Dansko Inc","lars@dansko.com","8 Federal Rd","6108690453","6108698335","513902","Shoes-Wholesale","NULL"," Email <---> Revenue ","111951","Dansko Inc","8 Federal Rd","West Grove","PA","19390","Chester","www.dansko.com","6108698335","6108690453","Amanda Cabot","Owner","Fem","26880000","20","513902","Shoes-Wholes","5","0","1"
"259079","Hoober Inc","lgroff@hoober.com","PO Box 518","7177683005","7177688231","508310","Farm Equipment (Wholesale)","NULL"," Email <---> Revenue ","197847","Hoober Inc","3452 Old Philadelphia Pike","Intercourse","PA","17534","Lancaster","www.hoober.com","7177688231","7177683005","Charles Hoober","Owner","Mal","32000000","100","508310","Farm Equipme","5","0","1"
"236535","Essex Grain Products Inc","lpallante@essexgrain.com","9 Lee Blvd","6106474990","6106473800","514927","Sugar-Brokers & Wholesalers","www.essexgrain.com"," Email <---> Revenue ","142297","Essex Grain Products Inc","9 Lee Blvd","Frazer","PA","19355","Chester","www.essexgrain.com","6106473800","6106474990","William Bierer","Owner","Mal","30000000","12","514927","Sugar-Broker","5","0","1"
"204479","Lowes's Of Latrobe","manager@lowes.com","200 Colony Ln","7245328361","7245328360","571216","Furniture","www.lowes.com"," Email <---> Revenue ","257362","Lowes's Of Latrobe","200 Colony Ln","Latrobe","PA","15650","Westmoreland","www.lowes.com","7245328360","7245328361","Paul Samolovitch","Plant Mgr","Mal","28400000","142","571216","Furniture-De","5","0","1"
"115981","Alltec Lansing Technologies","Mark@alteclansing.com","PO Box 277","5702966887","5702964434","367901","Electronic Equipment & Supplies-Mfrs","NULL"," Email <---> Revenue ","19647","Alltec Lansing Technologies","535 Route 6 And 209","Milford","PA","18337","Pike","www.alteclansing.com","5702964434","5702966887","Mark Lucas","President","Mal","33600000","150","367901","Electronic E","5","0","1"
"174328","Edon Corp","matt@edon.com","1160 Easton Rd","2156729014","2156728050","282102","Fiber Glass Products-Manufacturers","NULL"," Email <---> Revenue ","134915","Edon Corp","1160 Easton Rd","Horsham","PA","19044","Montgomery","www.edon.com","2156728050","2156729014","Matt Axel","Owner","Mal","33425000","35","282102","Fiber Glass ","5","0","1"
"232589","Frankford Candy & Chocolate Co","mhastings@frankfordcandy.com","2101 Washington Ave","2157350721","2157355200","206401","Candy & Confectionery-Manufacturers","NULL"," Email <---> Revenue ","160015","Frankford Candy & Chocolate Co","2101 Washington Ave","Philadelphia","PA","19146","Philadelphia","","2157355200","2157350721","Stuart Selarnick","CEO","Mal","30000000","300","206401","Candy & Conf","5","0","1"
"173403","Heraus Electro-Nite Co","michael.saracino@heraeus.com","1 Summit Sq # Ist","2158606657","2154644200","382203","Thermocouples (Manufacturers)","NULL"," Email <---> Revenue ","191048","Heraus Electro-Nite Co","1 Summit Sq # Ist","Langhorne","PA","19047","Bucks","www.heraeus.com","2154644200","2158606657","Michael Midash","President","Mal","33500000","40","382203","Thermocouple","5","0","1"
"220869","Basciani Foods Inc","michael@bascianifoods.com","944 Penn Green Rd","6123794044","6102683610","018201","Mushrooms","www.bascianifoods.com"," Email <---> Revenue ","41420","Basciani Foods Inc","944 Penn Green Rd","Avondale","PA","19311","Chester","www.bascianifoods.com","6102683610","6102682186","Michael Basciani","Owner","Mal","35600000","200","018201","Mushrooms","5","0","1"
"259234","Composiflex Inc","michaelc@composiflex.com","8100 Hawthorne Dr","8148660563","8148668616","287502","Composites (Manufacturers)","www.composiflex.com"," Email <---> Revenue ","95635","Composiflex Inc","8100 Hawthorne Dr","Erie","PA","16509","Erie","www.composiflex.com","8148668616","8148660563","Alan J Hannibal","President","Mal","33388000","68","287502","Composites (","5","0","1"
"40767","FMC Material Handling","michelle_eggert@fmc.com","400 Highpoint Drive","2158224300","2158224539","769976","Material Handling Service","ROTOFIN.COM^^ROTOLOUVRE.COM^^ROTOSHELL.COM"," Email <---> Revenue ","145491","FMC Technologies Inc","400 Highpoint Dr","Chalfont","PA","18914","Bucks","www.fmcagv.com","2158224300","2158224553","Barry Douglas","Manager","Mal","28485000","135","353501","Conveyors & ","5","0","1"
"83696","Hanover Lantern","mike.hoffman@hanoverlantern.com","NULL","7176325039","717-632-6464","3645","Residential Electric Lighting Fixtures","NULL"," Email <---> Revenue ","184972","Hanover Lantern","350 Kindig Ln","Hanover","PA","17331","York","","7176326464","7176321903","Bob Baker","President","Mal","25950000","150","364504","Lighting Fix","5","0","1"
"243872","Edgewood Paper","mike@msolomon.com","708 Floral Vale Blvd","2159681805","2159686900","511312","Paper Brokers & Mill Representatives","www.msolomon.com"," Email <---> Revenue ","134737","Edgewood Paper","708 Floral Vale Blvd","Yardley","PA","19067","Bucks","www.msolomon.com","2159686900","2159681805","Ron Check","Owner","Mal","30300000","10","511312","Paper Broker","5","0","1"
"240765","Safe Harbor Water Power Corp","mkaiser@shwpc.com","1 Powerhouse Dr","7178720221","7178725441","494102","Water & Sewage Companies-Utility","NULL"," Email <---> Revenue ","369357","Safe Harbor Water Power Corp","1 Powerhouse Dr","Conestoga","PA","17516","Lancaster","www.shwpc.com","7178725441","7178720221","Marshall Kaiser","President","Mal","28794000","86","494102","Water & Sewa","5","0","1"
"164789","Mayer Pollock Steel Corp","mlr@mayerpollock.com","PO Box 759","6103235506","6103235500","509313","Scrap Metals & Iron (Wholesale)","NULL"," Email <---> Revenue ","271388","Mayer Pollock Steel Corp","S Keim St","Pottstown","PA","19464","Montgomery","www.mayerpollock.com","6103235500","6103235506","Mayer Pollock Ii","Owner","Mal","26340000","60","509313","Scrap Metals","5","0","1"
"280156","Craftex Mills Inc","mmarcus@craftex.com","450 Sentry Pkwy E # 201","6109417171","6109411212","222105","Synthetic & Blended Fabrics-Mfrs","www.craftex.com"," Email <---> Revenue ","102559","Craftex Mills Inc","450 Sentry Pkwy E # 201","Blue Bell","PA","19422","Montgomery","www.craftex.com","6109411212","6109417171","Robert Blum","Owner","Mal","26500000","40","222105","Synthetic & ","5","0","1"
"127527","Riley Sales Inc","mriley@rileysales.com","1719 Romano Dr","6102794558","6102794500","507510","Heating Equipment & Systems (Wholesale)","NULL"," Email <---> Revenue ","357272","Riley Sales Inc","1719 Romano Dr","Plymouth Meeting","PA","19462","Montgomery","","6102794500","6102794558","Michael Riley","Owner","Mal","35700000","70","507510","Heating Equi","5","0","1"
"285729","Case Paper Co Inc","mrubenstein@casepaper.com","499 E Tioga St","7739277281","2156346500","262101","Paper-Manufacturers","www.casepaper.com"," Email <---> Revenue ","75238","Case Paper Co Inc","499 E Tioga St","Philadelphia","PA","19134","Philadelphia","www.casepaper.com","2156346500","2156344666","Aaron Green","VP","Mal","43100000","100","262101","Paper-Manufa","5","0","1"
"212703","Apple Vacations","Mullen@applevacations.com","7 Campus Blvd # 100","6103596519","6103596500","472402","Travel Agencies & Bureaus","NULL"," Email <---> Revenue ","28357","Apple Vacations","7 Campus Blvd # 100","Newtown Square","PA","19073","Delaware","www.applevacations.com","6103596500","6103596519","John Mullen","CEO","Mal","35500000","500","472402","Travel Agenc","5","0","1"
"50532","Acton Technologies; Inc","mungvars@actontech.com","100 Thompson St","5706540612","5706542810","8999","Services NEC","ACTONTECH.COM"," Email <---> Revenue ","10356","Acton Technologies Inc","100 Thompson St","Pittston","PA","18640","Luzerne","www.actontech.com","5706540612","5706542810","Kevin G Nelson","President","Mal","29680000","40","286998","Industrial O","5","0","1"
"262406","WTAJ TV","murgo@wtajtv.com","5000 6th Ave","8149468746","8149421010","483301","Television Stations & Broadcasting CO","www.wtajtv.com"," Email <---> Revenue ","445675","WTAJ TV","5000 6th Ave","Altoona","PA","16602","Blair","www.wtajtv.com","8149421010","8149468746","Marty Ostrow","CEO","Mal","33180000","105","483301","Television S","5","0","1"
"274469","Best Buy","newscenter@bestbuy.com","4801 Mcknight Rd","6184573903","4126356110","573117","Electronic Equipment & Supplies-Retail","www.bestbuy.com"," Email <---> Revenue ","47406","Best Buy","4801 Mcknight Rd","Pittsburgh","PA","15237","Allegheny","www.bestbuy.com","4126356110","4126356180","","","","48400000","200","573117","Electronic E","5","0","1"
"165205","Milco Industries Inc","norman.belmonte@bfia.com","550 E 5th St","5703878433","5707840400","225498","Knit Underwear & Nightwear Mills","NULL"," Email <---> Revenue ","281551","Milco Industries Inc","550 E 5th St","Bloomsburg","PA","17815","Columbia","www.milcoind.com","5707840400","5703878433","Lenny Comerchero","Owner","Mal","34000000","180","225498","Knit Underwe","5","0","1"
"183318","Box USA","pad-service@ip.com","10 Wilson Rd","5854278180","7247452288","265301","Corrugated & Solid Fiber Boxes (Mfrs)","www.ip.com"," Email <---> Revenue ","56741","Box USA","10 Wilson Rd","Eighty Four","PA","15330","Washington","www.ip.com","7247452288","7247452268","Tom Jenkins","Plant Mgr","Mal","26700000","100","265301","Corrugated &","5","0","1"
"122610","Cavanaugh Promotions","Pat-Cavanaugh@cavanaugh.com","101 Bellevue Rd","4129392829","4129393399","519917","Advertising-Specialties (Wholesale)","NULL"," Email <---> Revenue ","76380","Cavanaugh Promotions","101 Bellevue Rd","West View","PA","15229","Allegheny","www.cavanaugh.com","4129393399","4129392829","Pat Cavanaugh","Owner","Fem","32310000","45","519917","Advertising-","5","0","1"
"78274","Dubbs Co","pbarone@targetlogos.com","3900 Hamilton Blvd # 10","6103919779","6103919777","519917","Advertising-Specialties (Wholesale)","www.dubbs.com"," Email <---> Revenue ","127580","Dubbs Co","3900 Hamilton Blvd # 10","Allentown","PA","18103","Lehigh","www.dubbs.com","6103919777","6103919779","","","","28720000","40","519917","Advertising-","5","0","1"
"172580","Penn Line Svc","PMongell@pennline.com","300 Scottdale Ave","7248870545","7248879110","162305","Pole Line Contractors","NULL"," Email <---> Revenue ","320953","Penn Line Svc","300 Scottdale Ave","Scottdale","PA","15683","Westmoreland","www.pennline.com","7248879110","7248870545","Paul Mongell","President","Mal","44900000","75","162305","Pole Line Co","5","0","1"
"193271","Rockland Manufacturing","PrattS@rocklandmfg.com","PO Box 5","8146237214","8146231115","353198","Construction Machinery & Equip (Mfrs)","NULL"," Email <---> Revenue ","361700","Rockland Manufacturing","152 Weber Ln","Bedford","PA","15522","Bedford","","8146231115","8146237214","Samuel Pratt","President","Mal","34464000","96","353198","Construction","5","0","1"
"278953","Valley Forge Tape & Label","prmyers@vftl.com","119 Summit Dr","6105248906","6105248901","267201","Labels-Paper (Manufacturers)","www.vftl.com"," Email <---> Revenue ","438611","Valley Forge Tape & Label","119 Summit Dr","Exton","PA","19341","Chester","www.vftl.com","6105248901","6105248906","Paul Myers","Owner","Mal","27440000","70","267201","Labels-Paper","5","0","1"
"32180","Neptune Chemical Pump Co","pump@neptune1.com","204 Dekalb Pike","2156990370","2156998701","356198","Pumps & Pumping Equipment (Mfrs)","www.neptune1.com"," Email <---> Revenue ","296578","Neptune Chemical Pump Co","204 Dekalb Pike","Lansdale","PA","19446","Montgomery","www.neptune1.com","2156998701","2156990370","Allen Apter","Owner","Mal","29768000","122","356198","Pumps & Pump","5","0","1"
"201966","Plymouth Yarns Co","pyc@plymouthyarn.com","500 Lafayette St","2157882269","2157880459","519940","Yarn-Wholesale","www.plymouthyarn.com"," Email <---> Revenue ","332967","Plymouth Yarns Co","500 Lafayette St","Bristol","PA","19007","Bucks","www.plymouthyarn.com","2157880459","2157882269","Richard Power Jr","Owner","Mal","28720000","40","519940","Yarn-Wholesa","5","0","1"
"206760","Hartstrings Inc","resumes@hartstrings.com","270 E Conestoga Rd","6234659535","6106876900","236901","Clothes & Accessories-Childrens-Mfrs","www.hartstrings.com"," Email <---> Revenue ","187055","Hartstrings Inc","270 E Conestoga Rd","Wayne","PA","19087","Delaware","www.hartstrings.com","6106876900","6109959125","Margaret Earle","Owner","Fem","28300000","100","236901","Clothes & Ac","5","0","1"
"76597","Bigbee Steel","rfrey@highlandtank.com","99 West Elizabethtown Road","7176640600","7176640631","131103","Oil Companies","AAASEPARATORS.COM;AAATANKS.COM;ABOVEGROUNDTANK.NET;ACT-100-U.COM;ACT-100.COM;ASEPARATOR4U.COM;ATANK4"," Email <---> Revenue ","193111","Highland Tank","99 W Elizabethtown Rd","Manheim","PA","17545","Lancaster","www.highlandtank.com","7176640600","7176640617","Charles Frey Jr","VP","Mal","25800000","150","344305","Tanks-Manufa","5","0","1"
"73036","Bulova Technologies LLC","rjuliano@bulovatech.com","101 N Queen St","7173970525","7172992581","384104","Physicians & Surgeons Equip & Supls-Mfrs","NULL"," Email <---> Revenue ","63728","Bulova Technologies LLC","101 N Queen St","Lancaster","PA","17603","Lancaster","www.bulovatech.com","7172992581","7173970525","Stephen L Gurba","CEO","Mal","44800000","200","384104","Physicians &","5","0","1"
"279254","Sher-Rockee Mushroom Farms","rockee@sherrockmush.com","170 Sherrockee Lane","6108698048","6108694758","019101","FARMS","sherrockmush.com"," Email <---> Revenue ","381629","Sher-Rockee Mushroom Farms","170 Sherrockee Ln","Lincoln Univ","PA","19352","Chester","www.sherrockmush.com","6108698048","","James Ciarrocchi","Owner","Mal","46835000","85","514804","Fruits & Veg","5","0","1"
"280848","Megger","rusales@megger.com","2621 Van Buren Ave","2143303511","6106768500","384104","Physicians & Surgeons Equip & Supls-Mfrs","www.megger.com"," Email <---> Revenue ","275636","Megger","2621 Van Buren Ave","Norristown","PA","19403","Montgomery","www.megger.com","6106768500","6106768582","Greg Wolfe","Manager","Mal","25000000","110","384104","Physicians &","5","0","1"
"195911","Systems Solution; Inc.","rwein@ssi-net.com","376 Crooked Ln.","6102724884","null","8999","Services NEC","ENTER-WORX.COM^^ENTER-WORX.NET^^ENTERWORKS.NET^^LAWRENTAL.COM^^LAWRENTAL.NET^^LAWRENTALS.COM^^SSI-DI"," Email <---> Revenue ","411128","Systems Solution Inc","376 Crooked Ln","King Of Prussia","PA","19406","Montgomery","www.ssi-net.com","6102724884","6102729623","Steve Oliver","Owner","Mal","41100000","50","737701","Computers-Re","5","0","1"
"262321","Leech Tool & Die Works Inc","rwilcox@leechind.com","13144 Dickson Rd","8143370354","8143362141","346904","Metal Stamping (Manufacturers)","www.leechind.com"," Email <---> Revenue ","247640","Leech Tool & Die Works Inc","13144 Dickson Rd","Meadville","PA","16335","Crawford","www.leechind.com","8143362141","8143370354","Dean R Leech","President","Mal","25950000","150","346904","Metal Stampi","5","0","1"
"136231","United Packaging Supply Co","sales.dept@unitedpkg.com","727 Wicker Ave","2156339337","2156330700","511308","Packaging Materials-Wholesale","www.unitedpkg.com"," Email <---> Revenue ","435414","United Packaging Supply Co","727 Wicker Ave","Bensalem","PA","19020","Bucks","www.unitedpkg.com","2156330700","2156339337","Jeff Seidel","Owner","Mal","28980000","35","511308","Packaging Ma","5","0","1"
"272415","Bullen Chemical Co","satcopy@bullenairx.com","1640 Delmar Dr","2157248100","2157248100","284298","Specialty Clng Plshng/Sanitation (Mfr)","www.bullenairx.com"," Email <---> Revenue ","63693","Bullen Chemical Co","1640 Delmar Dr","Folcroft","PA","19032","Delaware","www.bullenairx.com","2157248100","","F Scott Jarden","President","Mal","29760000","60","284298","Specialty Cl","5","0","1"
"164760","Purolite Co","sbrodie@puroliteusa.com","150 Monument Rd # 202","6106688139","6106689090","282101","Plastics-Raw Mtrls/Powder/Resin-Mfrs","NULL"," Email <---> Revenue ","341676","Purolite Co","150 Monument Rd # 202","Bala Cynwyd","PA","19004","Montgomery","www.puroliteusa.com","6106689090","6106688139","Stefan Brodie","President","Mal","40000000","30","282101","Plastics-Raw","5","0","1"
"204861","Philips Products Co","scott.alwine@philipsproducts.com","499 W Sassafras St","5037691801","5703748163","344298","Metal Doors Sash Frames & Trim (Mfrs)","www.philipsproducts.com"," Email <---> Revenue ","327635","Philips Products Co","499 W Sassafras St","Selinsgrove","PA","17870","Snyder","www.philipsproducts.com","5703748163","5703746021","Matt Hetherington","Plant Mgr","Mal","49280000","280","344298","Metal Doors ","5","0","1"
"231682","W Atlee Burpee Co","seed-displays@burpee.com","300 Park Ave","2156744170","2156744900","342198","Cutlery-Manufacturers","www.burpee.com"," Email <---> Revenue ","444430","W Atlee Burpee Co","300 Park Ave","Warminster","PA","18974","Bucks","www.burpee.com","2156744900","2156744170","George J Ball Jr","CEO","Mal","30000000","200","342198","Cutlery-Manu","5","0","1"
"286421","Apollo Metals Co","shareholder@corusgroup.com","1001 14th Ave","8476190468","6108675826","347105","Plating (Manufacturers)","www.corusgroup.com"," Email <---> Revenue ","28013","Apollo Metals Co","1001 14th Ave","Bethlehem","PA","18018","Northampton","www.corusgroup.com","6108675826","6108677594","Remco Blaauw","President","Mal","25000000","120","347105","Plating (Man","5","0","1"
"61854","Lehigh Coal & Navigation","shipcoal@oldcompanyslehigh.com","RD#1 Box 399  Pine Grove","5706280654","null","175299","Floor Laying Contractor","null"," Email <---> Revenue ","248075","Lehigh Coal & Navigation Co","101 N Centre St","Pottsville","PA","17901","Schuylkill","","5706280654","","","","","26593000","7","505201","Coal & Coke-","5","0","1"
"250578","Allen-Sherman-Hoff","slkochert@a-s-h.com","185 Great Valley Pkwy","2538723699","6106479900","508426","Material Handling Equipment (Wholesale)","www.diamondpower.com"," Email <---> Revenue ","18383","Allen-Sherman-Hoff","185 Great Valley Pkwy","Malvern","PA","19355","Chester","www.a-s-h.com","6106479900","6106488679","Arthur Boone","Plant Mgr","Mal","38080000","70","508426","Material Han","5","0","1"
"226968","Consumers Produce Co","sn@consumersproduce.com","1 21st St","4122816541","4122810722","514801","Fruits & Vegetables-Wholesale","NULL"," Email <---> Revenue ","97894","Consumers Produce Co","1 21st St","Pittsburgh","PA","15222","Allegheny","","4122810722","4122816541","Alan Siger","President","Mal","42000000","101","514801","Fruits & Veg","5","0","1"
"85716","York Container","snorbeck@yorkcontainer.com","138 Mount Zion Road","7177577611","null","422512","Storage Container","null"," Email <---> Revenue ","464299","York Container Co","138 Mount Zion Rd","York","PA","17402","York","www.yorkcontainer.com","7177577611","7177558090","Chuck Wolf","President","Mal","26300000","200","265301","Corrugated &","5","0","1"
"53647","Impress Packaging","solutions@impresspkg.com","726 Broad St","6109652852","6109676027","265301","Corrugated & Solid Fiber Boxes (Mfrs)","www.impresspkg.com"," Email <---> Revenue ","203430","Impress Packaging","726 Broad St","Emmaus","PA","18049","Lehigh","www.impresspkg.com","6109676027","6109652852","Thomas Galiardo","President","Mal","29370000","110","265301","Corrugated &","5","0","1"
"117695","Vigon International Inc","ssomers@vigoninternational.com","RR 2 Box 2093","5704761110","5704764711","208701","Flavoring Extracts-Manufacturers","NULL"," Email <---> Revenue ","442106","Vigon International Inc","Airport Rd","East Stroudsburg","PA","18301","Monroe","www.vigoninternational.com","5704764711","5704761110","Steven Somers","Owner","Mal","36800000","40","208701","Flavoring Ex","5","0","1"
"153273","Delaware Valley Packaging Grp","Stephen@dvpg.com","1425 Wells Dr","2156380501","2156388900","511306","Shipping Room Supplies (Wholesale)","NULL"," Email <---> Revenue ","116756","Delaware Valley Packaging Grp","1425 Wells Dr","Bensalem","PA","19020","Bucks","","2156388900","2156380501","Stephen Kiszely Sr","Owner","Mal","27324000","33","511306","Shipping Roo","5","0","1"
"205285","PEI Genesis","Steven@peigenesis.com","2180 Hornig Rd","2155528022","2156730400","361298","Power Distr/Specialty Transformer (Mfrs)","NULL"," Email <---> Revenue ","312558","PEI Genesis","2180 Hornig Rd","Philadelphia","PA","19116","Philadelphia","www.peigenesis.com","2156730400","2155528022","Steven Fisher","President","Mal","28400000","57","361298","Power Distr/","5","0","1"
"95455","Superior Builders","superior@superiorbuilders.com","1565 State Route 442","5705462266","5705462264","521156","Modular Homes-Dealers","www.superiorbuilders.com"," Email <---> Revenue ","408518","Superior Builders","1565 State Route 442","Muncy","PA","17756","Lycoming","www.superiorbuilders.com","5705462264","5705462266","Tom Saltsgiver","Owner","Mal","32250000","125","521156","Modular Home","5","0","1"
"248705","Surewood Forest Products Inc","surewoodforest@surewoodforest.com","65 E Hillis St","4354385702","7249258967","503109","Lumber-Wholesale","www.surewoodforest.com"," Email <---> Revenue ","408956","Surewood Forest Products Inc","65 E Hillis St","Youngwood","PA","15697","Westmoreland","www.surewoodforest.com","7249258967","7249258970","Ed Gadonniex","Manager","Mal","35300000","50","503109","Lumber-Whole","5","0","1"
"155686","Precision Medical Products Inc","t.kubacki@precmed.net","12 Industrial Way","7173350007","7173353700","384104","Physicians & Surgeons Equip & Supls-Mfrs","www.pmp.net"," Email <---> Revenue ","336333","Precision Medical Products Inc","12 Industrial Way","Denver","PA","17517","Lancaster","www.pmp.net","7173353700","7173350007","Doug Yocum","President","Mal","33600000","150","384104","Physicians &","5","0","1"
"126325","Collinson Inc","tcollinson@collinsoninc.com","1773 Pottstown Pike","6104690892","6104699677","503903","Fence (Wholesale)","NULL"," Email <---> Revenue ","92838","Collinson Inc","1773 Pottstown Pike","Glenmoore","PA","19343","Chester","","6104699677","6104690892","Thomas Collinson","Owner","Mal","32400000","90","503903","Fence (Whole","5","0","1"
"155296","Calltech Communications Inc","tferger@calltech.com","111 Roberts Rd","4126902001","7244895200","737911","Computers-Support Services","www.calltech.com"," Email <---> Revenue ","69714","Calltech Communications Inc","111 Roberts Rd","Grindstone","PA","15442","Fayette","www.calltech.com","7244895200","4126902001","Brian Sheridan","Manager","Mal","48300000","300","737911","Computers-Su","5","0","1"
"158502","Allied Wire & Cable","tflynn@awcwire.com","500 Schell Ln","6102729473","6109339400","506312","Wire & Cable-Electric (Wholesale)","NULL"," Email <---> Revenue ","19097","Allied Wire & Cable","500 Schell Ln","Phoenixville","PA","19460","Chester","","6109339400","6102729473","Tim Flynn","President","Mal","29610000","45","506312","Wire & Cable","5","0","1"
"38402","Banko Beverage Co","timp@bankobeverage.com","2124 Hanover Ave","6104342348","6104340147","518101","Beer & Ale-Wholesale","NULL"," Email <---> Revenue ","39657","Banko Beverage Co","2124 Hanover Ave","Allentown","PA","18109","Lehigh","www.bankobeverage.com","6104340147","6104342348","Mary Ellen Racz","President","Fem","45030000","95","518101","Beer & Ale-W","5","0","1"
"79408","Engle-Hambright & Davies Inc","tMoyer@ehd-ins.com","115 E King St","7173940842","7173945681","628205","Financial Planning Consultants","NULL"," Email <---> Revenue ","139850","Engle-Hambright & Davies Inc","115 E King St","Lancaster","PA","17602","Lancaster","","7173945681","7173940842","Jeffrey Tompkins","President","Mal","29050000","70","628205","Financial Pl","5","0","1"
"264736","Atlantic Paper","Tom@atlanticpaperco.com","430 Feheley Dr","6102775103","6102777200","511101","Paper Products (Wholesale)","NULL"," Email <---> Revenue ","33304","Atlantic Paper","430 Feheley Dr","King Of Prussia","PA","19406","Montgomery","","6102777200","6102775103","Tom Hare","CEO","Mal","39400000","15","511101","Paper Produc","5","0","1"
"31865","Lady Moon Farms","Tom@ladymoonfarms.com","1795 Criders Church Rd","7173695953","7173695636","514801","Fruits & Vegetables-Wholesale","NULL"," Email <---> Revenue ","241807","Lady Moon Farms","1795 Criders Church Rd","Chambersburg","PA","17201","Franklin","www.ladymoonfarms.com","7173695636","7173695953","Tom Beddard","Owner","Mal","38570000","70","514801","Fruits & Veg","5","0","1"
"107229","Longeneckers Hatchery; Inc.","tom@lh-inc.com","1110 SO Market St","7173671545","null","5999","Marketing NEC","lh-inc.com"," Email <---> Revenue ","255915","Longenecker's Hatchery Inc","1110 S Market St","Elizabethtown","PA","17022","Lancaster","","7173671545","7173676510","John Martin","President","Mal","25172000","62","025401","Poultry Farm","5","0","1"
"284993","Pennsylvania Machine Works","tony@pennusa.com","201 Bethel Rd","6104973325","6104973300","349498","Valves & Pipe Fittings Nec (Mfrs)","www.pennmachine.com"," Email <---> Revenue ","322725","Pennsylvania Machine Works","201 Bethel Rd","Aston","PA","19014","Delaware","www.pennmachine.com","6104973300","6104973325","Ronald Lafferty","President","Mal","48884000","242","349498","Valves & Pip","5","0","1"
"279347","Therm-O-Rock East Inc","tothk@therm-o-rock.com","1 Pine St","7242582595","7242583309","329508","Vermiculite (Manufacturers)","www.therm-o-rock.com"," Email <---> Revenue ","417218","Therm-O-Rock East Inc","1 Pine St","New Eagle","PA","15067","Washington","www.therm-o-rock.com","7242583309","7242582595","Edward Dobkin","President","Mal","33550000","110","329508","Vermiculite ","5","0","1"
"149334","VENTANA USA","tpauly@ventanapa.com","6001 ENTERPRISE DRIVE","7243256750","7243256685","738999","Business Services Nec","VENTANAFRANCE.COM^^VENTANAINTERNATIONAL.NET^^VENTANAINTERNATIONAL.ORG^^VENTANAUSA.NET^^VENTANAUSA.OR"," Email <---> Revenue ","440173","Ventana USA","6001 Enterprise Dr","Export","PA","15632","Westmoreland","www.ventanainternational.com","7243253400","7243274540","Tony Pauly","VP","Mal","40764000","158","521107","Windows","5","0","1"
"281961","Canac Remote Control Tech Inc","traininginfo@canac.com","105 Delta Dr","4129679029","4129679028","506328","Controls Control Systs/Regulators (Whol)","www.canac.com"," Email <---> Revenue ","70945","Canac Remote Control Tech Inc","105 Delta Dr","Pittsburgh","PA","15238","Allegheny","www.canac.com","4129679028","4129679029","Claude Bellware","Manager","Mal","39480000","60","506328","Controls Con","5","0","1"
"183340","Shawnee Mountain Ski Area","tstomp@shawneemt.com","PO Box 339","5704214795","5704217231","701110","Skiing Centers & Resorts","NULL"," Email <---> Revenue ","380371","Shawnee Mountain Ski Area","Hollow Rd","Shawnee Delaware","PA","18356","Monroe","www.shawneemt.com","5704217231","5704214795","Nicholas Fredericks","President","Mal","45000000","600","701110","Skiing Cente","5","1","1"
"43219","Astra Distributors","V.Demo@astrafoods.com","6430 Market St","6103521296","6103524400","201104","Meat Products","NULL"," Email <---> Revenue ","32870","Astra Distributors","6430 Market St","Upper Darby","PA","19082","Delaware","","6103524400","6103521296","Demo Vasiliou","Owner","Mal","37425000","75","201104","Meat Product","5","0","1"
"191066","Paper Magic Group Inc","valentines@papermagic.com","1 Eureka Dr","5702974861","5702972135","267898","Stationery-Tablets/Related Prods (Mfrs)","www.papermagic.com"," Email <---> Revenue ","315120","Paper Magic Group Inc","1 Eureka Dr","Troy","PA","16947","Bradford","www.papermagic.com","5702972135","5702974861","Steve Coyle","Plant Mgr","Mal","39750000","150","267898","Stationery-T","5","0","1"
"253990","Interform Solutions","valentino@interformsolutions.com","1901 Mayview Rd","4122216585","4122213300","733101","Mailing & Shipping Services","www.interformsolutions.com"," Email <---> Revenue ","206232","Interform Solutions","1901 Mayview Rd","Bridgeville","PA","15017","Allegheny","www.interformsolutions.com","4122213300","4122216585","Theodore J Nowlen","President","Mal","35400000","275","733101","Mailing & Sh","5","0","1"
"221452","Perfection Foods Inc","vtran@perfectionfoods.com","3901 Old York Rd","2154558641","2154555400","209903","Food Products & Manufacturers","NULL"," Email <---> Revenue ","324012","Perfection Foods Inc","3901 Old York Rd","Philadelphia","PA","19140","Philadelphia","www.perfectionfoods.com","2154555400","2154558641","Hahn Tran","Owner","Mal","27600000","100","209903","Food Product","5","0","1"
"276288","WGAL","weather@wgal.com","1300 Columbia Ave","7172957457","7173935851","483301","Television Stations & Broadcasting CO","www.thewgalchannel.com"," Email <---> Revenue ","445302","WGAL","1300 Columbia Ave","Lancaster","PA","17603","Lancaster","www.thewgalchannel.com","7173935851","7172957457","Paul Quinn","Manager","Mal","43608000","138","483301","Television S","5","0","1"
"41299","Federal Business Products","webinquiry@feddirect.com","150 Jaycee Dr","9736671677","5704542451","511207","Business Forms & Systems (Wholesale)","www.feddirect.com"," Email <---> Revenue ","149772","Federal Business Products","150 Jaycee Dr","West Hazleton","PA","18202","Luzerne","www.feddirect.com","5704542451","5704591292","William Shannon","Manager","Mal","29070000","85","511207","Business For","5","0","1"
"277797","West Pharmaceutical Svc","westpharma@schwartz-pr.com","347 Oliver St","8148980986","5703981133","306904","Rubber (Manufacturers)","www.westpharma.com"," Email <---> Revenue ","453332","West Pharmaceutical Svc","347 Oliver St","Jersey Shore","PA","17740","Lycoming","www.westpharma.com","5703981133","5703981671","David Bergerstock","Plant Mgr","Mal","48600000","225","306904","Rubber (Manu","5","0","1"
"130291","Willow Grove Day Camp","wgcamp@willowgrovedaycamp.com","3400 Davisville Rd","2156595187","2156594393","703203","Camps","www.wgcamp.com"," Email <---> Revenue ","458476","Willow Grove Day Camp","3400 Davisville Rd","Willow Grove","PA","19090","Montgomery","www.wgcamp.com","2156594393","2156595187","Larry Zeitz","Manager","Mal","26400000","150","703203","Camps","5","1","1"
"160422","Engineered Systems Inc","wnewell@esco-usa.com","2550 Market St","6104948989","6104948000","355909","Special Industry Machinery Nec (Mfrs)","NULL"," Email <---> Revenue ","139770","Engineered Systems Inc","2550 Market St","Aston","PA","19014","Delaware","www.esco.zodiac.com","6104948000","6104948989","Spencer Hoos","President","Mal","30996000","164","355909","Special Indu","5","0","1"
"69917","FES Inc","wparshall@fessystems.com","3475 Board Rd","7177643627","7177676411","358598","Air Conditioning/Htg/Refrig Equip (Mfrs)","www.fessystems.com"," Email <---> Revenue ","145414","FES Inc","3475 Board Rd","York","PA","17402","York","www.fessystems.com","7177676411","7177643627","Ronald Eberhard","President","Mal","49120000","270","358598","Air Conditio","5","0","1"
"40177","Veka Inc","wstucky@vekainc.com","100 Veka Dr","NULL","7244521000","308902","Plastics & Plastic Products (Mfrs)","NULL"," Email <---> Revenue ","439983","Veka Inc","100 Veka Dr","Fombell","PA","16123","Beaver","www.vekainc.com","7244521000","","Walter Stucky","President","Mal","45500000","550","308902","Plastics & P","5","0","1"
"72069","Cardiac Assist Technologies","zaf.zafirelis@cardiacassist.com","NULL","4129630800","412-963-7770","8731","Commercial Physical and Biological Research","NULL"," Email <---> Revenue ","72463","Cardiac Assist Technologies","240 Alpha Dr","Pittsburgh","PA","15238","Allegheny","www.cardiacassist.com","4129637770","4129630800","","","","32890000","55","504712","Hospital Equ","5","0","1"
