"WYESCO Inc","2256545654","222 Highway 19","Slaughter","4920000","Claud Dubois","President","Mal","1175","W","WYESCO Inc","sales@wyesco.com","222 Highway 19","Slaughter","LA","70777","2256543684","2256545654","359903","Machine Shops","www.wyesco.com","11","0"
"Horizon Fleet Svc","2259263366","2645 Rome Dr","Baton Rouge","3420000","Sonny Hendon","Manager","Mal","1573","S","Style Craft","sales@horizonfleet.com","2645 Rome Drive","Baton Rouge","LA","70814","2259263366","2259264044","5311","Retail shops","null","11","0"
"Aeropostale Inc","5044660828","1401 W Esplanade Ave","Kenner","2980000","Tammy Davis","Manager","Fem","1941","A","Aeropostale Inc","customerservice@aeropostale.com","1401 W Esplanade Ave","Kenner","LA","70065","2519712834","5044660828","565101","Clothing-Retail","www.aeropostale.com","11","0"
"Steve Madden","5042199161","3301 Veterans Memorial Blvd","Metairie","1872000","Julio Berrios","Manager","Mal","2461","S","Steve Madden","info@stevemaddendirect.com","3301 Veterans Memorial Blvd","Metairie","LA","70002","3057745949","5042199161","566101","Shoes-Retail","www.stevemadden.com","11","0"
"Back & Neck Clinic Of LA","2259272225","8754 Goodwood Blvd","Baton Rouge","1116000","William M Dear","Owner","Mal","4104","B","Back & Neck Clinic Of LA","info@backandneckclinicofla.com","8754 Goodwood Blvd","Baton Rouge","LA","70806","2259231742","2259272225","804101","Chiropractors DC","www.backandneckclinicofla.com","11","0"
"Myers Tire Supply Co","5044641173","2501 Bainbridge St # A","Kenner","3136000","Ron Michel","Manager","Mal","6190","B","Baker & Associates","sales@myerstiresupply.com","2501 Bainbridge Street #A","Kenner","LA","70062","5044641173","5044641190","5311","Retail shops","myerstiresupply.com","11","0"
"Ceramics Treasures Inc","3373650741","320 E Washington St","New Iberia","4308000","Marilyn De Buse","Owner","Fem","6762","C","Ceramic Treasures","admin@faustheirlooms.com","po box 9586","NEW IBERIA","LA","70560","3373650741","null","594515","Baskets","FAUSTHEIRLOOMS.COM","11","0"
"Takeout Taxi","5044665554","4409 Zenith St","Metairie","1280000","Mark Boutwell","Manager","Mal","6897","T","Takeout Taxi","info@takeout2u.com","4409 Zenith St","Metairie","LA","70001","5044665554","5044665554","581230","Restaurants-Food Delivery","www.takeout2u.com","11","0"
"A-1 Signs Inc","5049478381","3950 Metropolitan St","New Orleans","2728000","Lloyd Blauvelt","President","Mal","8324","A","A-1 Signs Inc","sales@a-1signsinc.com","3950 Metropolitan St","New Orleans","LA","70126","5049478790","5049478381","399302","Signs (Manufacturers)","www.a-1signsinc.com","11","0"
"Hurrelbrink Advertising Inc","2252925555","5714 Superior Dr","Baton Rouge","2686000","Tim Hurrelbrink","Owner","Mal","8919","H","Hurrelbrink Advertising","info@eliaspromos.com","5714 Superior Drive","Baton Rouge","LA","70816","2252925555","225.293-6206","731101","Advertising-Agencies & Counselors","www.eliaspromos.com","11","0"
"Perino's Garden Ctr Inc","5048347888","3100 Veterans Memorial Blvd","Metairie","4185000","Sal Perino","Manager","Mal","11521","P","Perino''s Garden Ctr Inc","info@perinos.com","3100 Veterans Memorial Blvd","Metairie","LA","70002","5048347888","5048347888","526104","Garden Centers","www.perinos.com","11","0"
"Guess Inc","2256478399","2400 Tanger Blvd # 159","Gonzales","1490000","Allison Falanga","Manager","Fem","11782","G","Guess Inc","customerservice@guess.com","2400 Tanger Blvd # 159","Gonzales","LA","70737","9566877337","2256478399","565101","Clothing-Retail","www.guess.com","11","0"
"High Tech Components LLC","3378375047","100 Easement Dr","Broussard","3690000","Joseph Le Rouge","Owner","Mal","16793","H","High Tech Components LLC","mail@hightechcomp.com","100 Easement Dr","Broussard","LA","70518","3378373822","3378375047","359903","Machine Shops","NULL","11","0"
"L-H Printing & Office Supplies","9853852137","1209 Victor Ii Blvd","Morgan City","1482000","Damon Robison","VP","Mal","17021","L","L-H Printing & Office Supplies","info@lhprinting.com","205 Railroad Ave","Morgan City","LA","70380","9853852934","9853848891","594301","Office Supplies","www.lhprinting.com","11","0"
"Dufour Laskay & Strouse Inc","5048358505","3939 N Causeway Blvd # 300","Metairie","3502000","Norman J Dufour","Owner","Mal","17738","D","Dufour Laskay & Strouse Inc","info@portlite.com","3939 N Causeway Blvd # 300","Metairie","LA","70002","5048359901","5048358505","449901","Surveyors-Marine","www.portlite.com","11","0"
"Brooks Brothers","5045224200","365 Canal St","New Orleans","2533000","Greg Blackwell","Manager","Mal","17805","B","Brooks Brothers","service@brooksbrothers.com","365 Canal St","New Orleans","LA","70130","8132512041","5045224200","565101","Clothing-Retail","www.brooksbrothers.com","11","0"
"Simon Roofing & Sheet Metal","2256478407","2828 Ruby St","Gonzales","2480000","","","","17820","S","Simon Roofing & Sheet Metal","info@simonroofing.com","2828 Ruby St","Gonzales","LA","70737","9197730628","2256478407","176109","Roofing Contractors","www.simonroofing.com","11","0"
"Tubbs Hardware & Rental","3187460311","615 Benton Rd","Bossier City","2580000","Don Tubbs","President","Mal","18717","T","Tubbs Hardware & Rental","sales@tubbshardware.com","615 Benton Rd","Bossier City","LA","71111","3187424516","3187460311","525104","Hardware-Retail","www.tubbshardware.com","11","0"
"Johnson's Furniture Inc","3187421621","921 Westgate Ln","Bossier City","4400000","Richard Johnson","President","Mal","18957","J","Johnson's Furniture Inc","sales@dontmarkitup.com","921 Westgate Ln","Bossier City","LA","71112","3187464224","3187464224","571216","Furniture","www.dontmarkitup.com","11","0"
"Thraco Inc","2257533680","9430 Conti Dr","Baton Rouge","2280000","Donald Kring","Manager","Mal","21215","T","Thraco Inc","webmaster@thraco.com","9430 Conti Dr","Baton Rouge","LA","70810","2257533680","2257533680","508513","Valves-Wholesale","www.thraco.com","11","0"
"ECM Consultants Inc","5048854080","4409 Utica St","Metairie","4424000","Ujjal Dasgupta","Owner","Mal","21499","E","ECM Consultants Inc","mail@ecmconsultants.com","4409 Utica St","Metairie","LA","70006","5048851439","5048854080","871111","Engineers-Consulting","NULL","11","0"
"Berg Service","3375930200","301 Breakwater Dr","Lafayette","4380000","Dave Grice","Manager","Mal","21675","B","Berg Service","info@berginc.com","301 Breakwater Dr","Lafayette","LA","70507","3375930400","3375930200","171117","Air Conditioning Contractors & Systems","www.berginc.com","11","0"
"Tech Oil Products Inc","3373676165","4308 W Admiral Doyle Dr","New Iberia","4704000","John Zimmer","President","Mal","21910","T","Technology Oil Products","info@techoil.com","4308 W Admiral Doyle Drive","New Iberia","LA","70560","3373676165","3373679956","131103","Oil Companies","enviro-pak.net","11","0"
"Coach USA","3372378363","958 Birdsong Rd","Lafayette","3375000","Marvin Manuel","Manager","Mal","23074","C","Coach USA","privacyofficer@coachusa.com","958 Birdsong Rd","Lafayette","LA","70507","3372374488","3372378363","414201","Buses-Charter & Rental","www.coachusa.com","11","0"
"Ace Plumbing","3378968155","105 Four Park Rd","Lafayette","2044000","Bryan Tabor","President","Mal","23115","A","Ace Plumbing","service@aceplumbinginc.com","105 Four Park Rd","Lafayette","LA","70507","3378960058","3378968155","171105","Plumbing Contractors","www.aceplumbinginc.com","11","0"
"Dresser-Rand","2252756550","2444 Dumont Dr","Baton Rouge","4880000","Mike J Bruton","Plant Mgr","Mal","23209","D","Dresser-Rand","webmaster@dresser-rand.com","2444 Dumont Dr","Baton Rouge","LA","70815","7574879450","2252756550","769978","Compressors-Air & Gas-Repairing","www.dresser-rand.com","11","0"
"Abita Brewing Co LLC","9858933143","21084 Highway 36","Covington","3290000","Jim Patton","Owner","Mal","23226","A","Abita Brewing Co LLC","contact@abita.com","21084 Highway 36","Covington","LA","70433","9858983546","9858933143","472501","Tours-Operators & Promoters","www.abita.com","11","0"
"Smoke Laval Baseball Camp Inc","2257669976","10719 Hillwood Ave","Baton Rouge","2320000","Smoke Laval","Owner","Mal","23371","S","Smoke Laval Baseball Camp Inc","info@tigerbaseballcamp.com","10719 Hillwood Ave","Baton Rouge","LA","70810","2255784066","2257669976","799708","Baseball Clubs","www.tigerbaseballcamp.com","11","0"
"Winners Circle Car Care Ctr","2257675008","1015 W Lee Dr","Baton Rouge","2432000","Greg Didrine","Owner","Mal","23443","W","Winners Circle Car Care Ctr","info@winnerscirclecarcare.com","1015 W Lee Dr","Baton Rouge","LA","70820","2257612791","2257675008","553123","Tire-Dealers-Retail","www.winnerscirclecarcare.com","11","0"
"Home Creations Inc","5043911815","129 Keating Dr","Belle Chasse","2360000","James Quinn","Owner","Mal","23982","H","Home Creations","admin@homecreations.com","129 Keating Dr","BELLE CHASSE","LA","70037","5043911815","null","509210","Arts & Crafts","HOMECREATIONSLA.COM","11","0"
"Newton Boats","9856433258","56181 Beach St","Slidell","2310000","Larry Newton","Owner","Mal","24053","N","Newton Boats","info@newtonboats.com","56181 Beach St","Slidell","LA","70458","9856463425","9856433258","373201","Boats-Manufacturers","www.newtonboats.com","11","0"
"Journey Home","2256673933","10875 Fontenot Rd","Denham Springs","2150000","Brenda Camp","Owner","Fem","24068","J","Journey Home","info@thejourneyhome.com","10875 Fontenot Rd","Denham Springs","LA","70726","2256679667","2256673933","839902","Alcoholism Information & Treatment Ctrs","www.thejourneyhome.com","11","0"
"St Joseph Hospice","2257694810","5215 Essen Ln","Baton Rouge","1960000","Carmel Drago","Administrator","Fem","24362","S","St Joseph Hospice","administration@stjosephhospice.com","5215 Essen Ln","Baton Rouge","LA","70809","2257698875","2257694810","805908","Hospices","www.stjosephhospice.com","11","0"
"Gulf Instrument Svc Inc","5047334853","6613 Airline Dr","Metairie","3996000","Allen Dunn","Manager","Mal","24580","G","Gulf Instrument Svc Inc","sales@gulfis.com","6613 Airline Dr","Metairie","LA","70003","5047334957","5047334853","508214","Surveying Instruments (Wholesale)","www.gulfis.com","11","0"
"Service Master Co","9856249720","2028 Spartan Dr","Mandeville","2360000","Mark Bertuccini","Owner","Mal","25478","S","Service Master Co","feedback@servicemaster.com","2028 Spartan Dr","Mandeville","LA","70448","8504775162","9856249720","152114","Fire Damage Restoration","www.servicemaster.com","11","0"
"Neel-Schaffer Inc","2259240235","12021 Bricksome Ave","Baton Rouge","3318000","Jerry Trumps","Manager","Mal","26480","N","Neel-Schaffer Inc","humanresources@neel-schaffer.com","12021 Bricksome Ave","Baton Rouge","LA","70816","6015452267","2259240235","871129","Engineers-Traffic & Transportation","www.neel-schaffer.com","11","0"
"ACTS Home Health Care","5043622030","3201 General Degaulle Dr # 210","New Orleans","1715000","Alan Tucker","Owner","Mal","27137","A","ACTS Home Health Care","info@actshomehealth.com","3201 General Degaulle Dr # 210","New Orleans","LA","70114","5043628574","5043622030","808201","Home Health Service","www.actshomehealth.com","11","0"
"Air Reldan Inc","5042419400","8219 Lloyd Stearman Dr","New Orleans","1464000","Neil Nadler","President","Mal","27239","A","Air Reldan Inc","info@airreldan.com","8219 Lloyd Stearman Dr","New Orleans","LA","70126","5042419449","5042419400","735939","Aircraft Charter Rental & Leasing Svc","www.airreldan.com","11","0"
"R & H Supply Inc","3378398525","107 Balboa Dr # A","Broussard","3264000","Mike Richardson","Owner","Mal","27262","R","R & H Supply Inc","sales@randhsupply.com","107 Balboa Dr # A","Broussard","LA","70518","3378398529","3378398525","508429","Oil Field Supplies (Wholesale)","www.randhsupply.com","11","0"
"Seal Tite","9858751292","500 Deer Cross Rd","Madisonville","2860000","Barry Ellis","Owner","Mal","27880","S","Seal Tite","sales@sealtite.com","500 Deer Cross Rd","Madisonville","LA","70447","5138745903","9858751292","138905","Oil Field Service","www.sealtite.com","11","0"
"German Coast Federal CU","9857850313","149 Hall St","Luling","1398000","","","","28177","G","German Coast Federal CU","info@germancoast.com","149 Hall St","Luling","LA","70070","9857856945","9857850313","606102","Federally Chartered Credit Unions","www.germancoast.com","11","0"
"Modern Engineered Products Inc","9858930909","23400 Highway 435","Abita Springs","2832000","","","","29481","M","Modern Engineered Products Inc","sales@mepinc.net","72731 5th Ave","Abita Springs","LA","70420","9858930807","9858930909","509908","Manufacturers-Agents & Representatives","www.mepinc.net","11","0"
"H2O Inc","3372348017","841 Vincent Rd","Lafayette","1323000","Jesse Fike","Owner","Mal","30312","H","H2O Inc","info@watermaker.com","841 Vincent Rd","Lafayette","LA","70508","3372333919","3372348017","355909","Special Industry Machinery Nec (Mfrs)","www.watermaker.com","11","0"
"Compu Steel Detailing Inc","2252751752","15855 Greenwell Springs Rd","Greenwell Spgs","1764000","Rob Collins","Owner","Mal","30595","C","Compu Steel Detailing Inc","info@steeldetailer.com","15855 Greenwell Springs Rd","Greenwell Spgs","LA","70739","2252751762","2252751752","179101","Steel Detailers-Structural","www.steeldetailer.com","11","0"
"John Croswell Equipment Sales","3182813685","7603 Old Monroe Rd","Bastrop","2988000","John Croswell","Owner","Mal","31317","J","John Croswell Equipment Sales","sales@johncroswell.com","7603 Old Monroe Rd","Bastrop","LA","71220","3182813685","3182813685","508310","Farm Equipment (Wholesale)","www.johncroswell.com","11","0"
"Transtar Industries","5047330731","1528 River Oaks Rd W","New Orleans","1296000","Scott Hopkins","Manager","Mal","32048","T","Transtar Industries","hr@transtarindustries.com","1528 River Oaks Rd W","New Orleans","LA","70123","3146473904","5047330731","753701","Transmissions-Automobile","www.transtarindustries.com","11","0"
"Sherwin-Williams Paints","3379811292","4307 Johnston St","Lafayette","2010000","Pat Zaunbrecher","Manager","Mal","32274","S","Sherwin-Williams Paints","webmaster@sherwin.com","4307 Johnston St","Lafayette","LA","70503","9047771712","3379811292","523107","Paint-Retail","www.sherwin-williams.com","11","0"
"Morrison's Ostomy & Medical","5048378069","110 Rosa Ave","Metairie","1794000","Jon Johnston","Owner","Mal","33013","M","Morrison''s Ostomy & Medical","info@morrisonsostomy.com","110 Rosa Ave","Metairie","LA","70005","5048378069","5048378069","504704","Physicians & Surgeons Equip & Supls-Whol","www.morrisonsostomy.com","11","0"
"Mobile & Modular Consultants","2256675062","25622 Colonial Pl","Denham Springs","1293000","Paul Bernacchio","VP","Mal","34172","M","Mobile & Modular Consultants","info@spaceneeds.com","25622 Colonial Pl","Denham Springs","LA","70726","2256675062","2256675062","527104","Mobile Offices & Commercial Units","www.spaceneeds.com","11","0"
"Louisiana Laboratory Repair","5044691772","1314 24th St","Kenner","1056000","","","","34182","L","Louisiana Laboratory Repair","info@lalab.com","930 Kenner Ave # E","Kenner","LA","70062","5044691338","5044691338","769999","Repair Shops & Related Services Nec","www.lalab.com","11","0"
"Tempco Insulation Inc","3183251485","901 Wood St","West Monroe","2220000","Chuck Adams","Owner","Mal","34733","T","Tempco Insulation Inc","info@tempcoinsulation.com","901 Wood St","West Monroe","LA","71291","3183239200","3183251485","174205","Insulation Contractors-Cold & Heat","www.tempcoinsulation.com","11","0"
"Flowmaster Inc","2257537315","11529 Investor Dr","Baton Rouge","3990000","Dick Whitlow","Owner","Mal","34900","F","Flowmaster Inc","info@flowmastermufflers.com","11529 Investor Dr","Baton Rouge","LA","70809","2257537317","2257537315","508513","Valves-Wholesale","NULL","11","0"
"Kidder Inc","9853954957","1208 Highway 182 E","Morgan City","2400000","Stacy Kidder","Owner","Mal","35307","K","Kidder Inc","sales@kidderinc.com","1208 Highway 182 E","Morgan City","LA","70380","9853951940","9853954957","769203","Welding","www.kidderinc.com","11","0"
"Hunter Building LLC","2252939678","9557 E Cottage Hill Ct","Baton Rouge","1752000","","","","36533","H","Hunter Building LLC","info@hunterbuildings.com","9557 E Cottage Hill Ct","Baton Rouge","LA","70809","2252939678","2252939678","154212","Buildings-Pre-Cut Prefabricated/Modular","www.hunterbuildings.com","11","0"
"Menzie Stone Co Inc","2252757819","11145 Darryl Dr","Baton Rouge","2600000","Raymond Woolie","Owner","Mal","36605","M","Menzie Stone Co","admin@menziestone.com","4117 Rhoda Dr","BATON ROUGE","LA","70815","2252757819","null","174108","Stone Contractors","MENZIESTONE.COM","11","0"
"Bennett & Peters Inc","2259273500","8313 Ohara Ct","Baton Rouge","3000000","Barton Bennett","Owner","Mal","36632","B","Bennett & Peters Inc","info@southerntrees.com","8313 Ohara Ct","Baton Rouge","LA","70806","2259272017","2259273500","085102","Foresters-Consulting","www.southerntrees.com","11","0"
"R K Pipe & Supply Inc","3373679224","4115 S Lewis St","New Iberia","2002000","Russell Sandridge","Owner","Mal","37325","R","R K Pipe & Supply Inc","sales@rkpipe.com","4115 S Lewis St","New Iberia","LA","70560","3373657083","3373679224","138905","Oil Field Service","www.rkpipe.com","11","0"
"F J Brodmann & Co","5043409579","2072 Sussex St","Harvey","2364000","Franz Brodmann","Owner","Mal","37693","F","F J Brodmann & Co","info@fjbco.com","2072 Sussex St","Harvey","LA","70058","5043409579","5043409579","347904","Coatings-Protective-Manufacturers","www.fjbco.com","11","0"
"St Paul's Trophies & Uniforms","5043622727","349 1/2 Hamilton St","Gretna","2948000","Randy Michel","Owner","Mal","38151","S","St Paul's Trophies & Uniforms","customer.service@autozone.com","349 1/2 Hamilton St","Gretna","LA","70053","NULL","5043622727","599909","Trophies Awards & Medals","www.autozone.com","11","0"
"Hospice Of Greater New Orleans","5048388944","3616 S I 10 Service Rd W # 109","Metairie","1225000","Velvet Watkins","Manager","Fem","39658","H","Hospice Of Greater New Orleans","support@trinityhospice.com","3616 S I 10 Service Rd W # 109","Metairie","LA","70001","3166865999","5048388944","805908","Hospices","www.trinityhospice.com","11","0"
"Oasis Car Wash & Lube Ctr","5043913060","569 Behrman Hwy","Terrytown","1230000","Jeremy Stallings","Manager","Mal","39809","O","Oasis Car Wash & Lube Ctr","info@aquazoomcarwash.com","569 Behrman Hwy","Terrytown","LA","70056","9726125203","5043913060","754201","Car Washing & Polishing","www.oasiscarwash.com","11","0"
"Southern Plantation Shutters","2252922278","6032 Crestmount Dr # 292","Baton Rouge","1032000","Bart Talbot","Owner","Mal","41287","S","Southern Plantation Shutters","info@spshutters.com","6032 Crestmount Dr # 292","Baton Rouge","LA","70809","2252922900","2252922278","521119","Shutters","www.spshutters.com","11","0"
"K-B Toys","2257688806","6401 Bluebonnet Blvd","Baton Rouge","2016000","Derrick Arnold","Manager","Mal","41348","K","K-B Toys","copyright@etoys.com","6401 Bluebonnet Blvd","Baton Rouge","LA","70836","4807266852","2257688806","594517","Toys-Retail","www.kbtoys.com","11","0"
"Service Glass Works","2252935405","11534 Airline Hwy","Baton Rouge","1809000","Doug Guilliams","Owner","Mal","41552","S","Service Glass Works","service@serviceglassworks.com","11534 Airline Hwy","Baton Rouge","LA","70816","2252965333","2252935405","523110","Glass-Auto Plate & Window & Etc","www.serviceglassworks.com","11","0"
"Strong Built Inc","3187493865","Highway 568","Waterproof","2740000","Ken Kellen","President","Mal","41723","S","Strong Built Inc","info@koreainc-news.com","PO Box 157","Waterproof","LA","71375","3187495475","3187493865","349903","Metal Goods-Manufacturers","NULL","11","0"
"Red-D-Arc Inc","2256777676","18180 Swamp Rd","Prairieville","1830000","Jack Switzer","Manager","Mal","42017","R","Red-D-Arc Inc","info@red-d-arc.com","18180 Swamp Rd","Prairieville","LA","70769","2056644936","2256777676","735926","Welding Equipment-Renting","www.red-d-arc.com","11","0"
"Rosemont Assisted Living Cmnty","3183291021","110 Regency Pl","West Monroe","1581000","Marijon Echols","Executive Director","Fem","42116","R","Rosemont Assisted Living Cmnty","admin@therosemont.com","110 Regency Pl","West Monroe","LA","71291","3183293964","3183291021","836105","Residential Care Homes","www.therosemont.com","11","0"
"Cornerstone Village Inc","3379815335","103 W Martial Ave","Lafayette","4900000","Lance Linscombe","Administrator","Mal","42604","C","Cornerstone Village Inc","info@cornerstone.com","103 W Martial Ave","Lafayette","LA","70508","9166450722","3379815335","805101","Nursing & Convalescent Homes","www.cornerstone.com","11","0"
"Industrial Valve Sales & Svc","3182831004","9045 Industrial Dr","Bastrop","4270000","Clyde Collins","Executive Director","Mal","44185","I","Industrial Valve Sales & Svc","info@indvalve.com","9045 Industrial Dr","Bastrop","LA","71220","4235598073","3182831004","769943","Valves-Repairing","www.indvalve.com","11","0"
"Kinder Care Learning Ctr","2253877095","3954 Florida Blvd","Baton Rouge","1302000","Michelle De Meulenaere","Executive Director","Fem","44478","K","Kinder Care Learning Ctr","customercare@klcorp.com","3954 Florida Blvd","Baton Rouge","LA","70806","7037298032","2253877095","835101","Child Care Service","www.kindercare.com","11","0"
"J B Conversions Inc","3376252379","","Sulphur","1941000","","","","45102","J","J B Conversions Inc","sales@jbconversions.com","","Sulphur","LA","70663","3376252379","","551104","Four Wheel Drive Vehicles","www.jbconversions.com","11","0"
"Tempco Supplies Inc","2256473330","2034 S Southland Ave","Gonzales","2550000","Brian Lambert","Owner","Mal","45206","B","BINARY TECHNOLOGIES;  INC","info@tempcosupplies.com","2034 S. Southland Ave.","GONZALES","LA","70737","2256473330","2256474723","8999","Services NEC","tempcosupplies.com","11","0"
"Stokes & Spiehler Inc","3372336871","111 Rue Jean Lafitte # 202","Lafayette","4500000","Bruce Jordan","President","Mal","45228","S","Stokes & Spiehler Inc","mail@stokesandspiehler.com","111 Rue Jean Lafitte # 202","Lafayette","LA","70508","3372337198","3372336871","874846","Oil Field Consultants","www.stokesandspiehler.com","11","0"
"Liz Claiborne Outlet Store","2256474550","2100 Tanger Blvd # 101","Gonzales","2278000","Donna Montaldo","Manager","Fem","46130","L","Liz Claiborne Outlet Store","customersupport@lizclaiborne.com","2100 Tanger Blvd # 101","Gonzales","LA","70737","5596883608","2256474550","599931","Factory Outlets","www.liz.com","11","0"
"Bay-Tech Industries Inc","5043286456","1253 1st Ave","Harvey","4920000","William Wills","President","Mal","46920","B","Bay-Tech Industries Inc","sales@baytechrentals.com","1253 1st Ave","Harvey","LA","70058","5043286458","5043286456","509146","Divers Equipment & Supplies-Wholesale","www.baytechrentals.com","11","0"
"Advanced Sealing Intl","2252722155","16384 Strain Rd","Baton Rouge","4075000","Thomas Brown","Owner","Mal","47994","A","Advanced Sealing Intl","sales@advancedsealing.com","16384 Strain Rd","Baton Rouge","LA","70816","2252722163","2252722155","305301","Seals-Oil, Grease, Etc (Manufacturers)","Grease","11","0"
"Industrial Filter Svc & Supl","2256778811","17014 Airline Hwy","Prairieville","1824000","Mark Crain","Owner","Mal","48097","I","Industrial Filter Svc & Supl","webmaster@filterfinder.com","17014 Airline Hwy","Prairieville","LA","70769","2256739225","2256778811","553102","Filters-Air & Gas","www.filterfinder.com","11","0"
"Diamond Paint Supply","3378829893","104 Dennis Rd","Sulphur","1890000","Steve Diamond","Owner","Mal","48165","D","Diamond Paint Supply","info@diamondpaint.com","104 Dennis Rd","Sulphur","LA","70665","3378829890","3378829893","355904","Automobile Body Shop Equipment-Mfrs","www.diamondpaint.com","11","0"
"Alpha Process Sales Inc","2257560976","7011 Exchequer Dr","Baton Rouge","1246000","John Boudreaux","Owner","Mal","48229","A","Alpha Process Sales Inc","info@alphaprocesssales.com","7011 Exchequer Dr","Baton Rouge","LA","70809","3039878989","2257560976","382204","Controls Control Systems/Regulators-Mfrs","www.mesalabs.com","11","0"
"Baker-Lyman & Co Inc","5048313685","3220 S I 10 Service Rd W","Metairie","2782000","Corinne Titus","Owner","Fem","48401","B","Baker-Lyman & Co Inc","sales@bakerlyman.com","3220 S I 10 Service Rd W","Metairie","LA","70001","5048313786","5048313685","508813","Nautical Instruments (Wholesale)","www.bakerlyman.com","11","0"
"Faux Pas Prints","5048348342","620 Papworth Ave","Metairie","1632000","Johnny Blue","Owner","Mal","49201","F","Faux Pas Prints","sales@fauxpasprints.com","620 Papworth Ave","Metairie","LA","70005","5048388952","5048348342","569917","T-Shirts-Retail","www.fauxpasprints.com","11","0"
"IPC Printing Inc","2257514500","11632 Industriplex Blvd","Baton Rouge","3575000","David Doucet","President","Mal","49583","I","IPC Printing Inc","marketing@ipcsite.com","11632 Industriplex Blvd","Baton Rouge","LA","70809","2257514001","2257514500","275998","Commercial Printing Nec","www.ipcsite.com","11","0"
"Champs Sports","5044671266","1401 W Esplanade Ave","Kenner","2312000","Travi Towery","Manager","Mal","49655","C","Champs Sports","customer_service@champssports.com","1401 W Esplanade Ave","Kenner","LA","70065","2055923408","5044671266","569913","Sportswear-Retail","www.champssports.com","11","0"
"Gorman Brothers","2257550741","17515 Airline Hwy","Prairieville","1298000","Michael Gorman","Owner","Mal","49889","G","Gorman Brothers","service@gormanappliance.com","17515 Airline Hwy","Prairieville","LA","70769","2257550741","2257550741","762902","Appliances-Household-Major-Repairing","www.appliance-depot.com","11","0"
"Hebert Cycles Inc","2252936691","11060 Cloverland Ave","Baton Rouge","1324000","Lisa Hebert","Owner","Fem","50494","H","Hebert Cycles Inc","sales@hebertcycles.com","11060 Cloverland Ave","Baton Rouge","LA","70809","2252936691","2252936691","557106","Motorcycles & Motor Scooters-Dealers","www.hebertcycles.com","11","0"
"Animal Care Ctr Veterinary","5047336677","313 David Dr","Metairie","1344000","Scott F Griffith","Owner","Mal","51319","A","Animal Care Ctr Veterinary","info@welovepetstoo.net","313 David Dr","Metairie","LA","70003","5047336738","5047336677","074203","Animal Hospitals","www.welovepetstoo.net","11","0"
"David Moving Co","2257533240","13455 S Harrells Ferry Rd","Baton Rouge","2850000","Jennifer Matherne","President","Fem","51353","D","David Moving Co","info@davidmovingco.com","13455 S Harrells Ferry Rd","Baton Rouge","LA","70816","2257551977","2257533240","421401","Movers","www.davidmovingco.com","11","0"
"Total Graphics","5044641075","2531 Florida Ave","Kenner","2288000","Greg Morris","Owner","Mal","51474","T","Total Graphics","info@totalgraphicsinc.net","2531 Florida Ave","Kenner","LA","70062","5044649197","5044641075","275998","Commercial Printing Nec","www.totalgraphicsinc.com","11","0"
"Classic Cupboards Inc","5047349088","5809 River Oaks Rd S","Harahan","1416000","","","","51623","A","Armstrong Baseball","info@classiccupboards.com","5809 River Oaks Road S","New Orleans","LA","70123","5047349088","null","794198","Professional Sports Clubs & Promoters","classiccupboards.com","11","0"
"Dollar Tree","3182530857","7150 Highway 1 # C","Mansura","1782000","Bobette Sigler","Manager","Fem","51650","D","Dollar Tree","info@dollartree.com","7150 Highway 1 # C","Mansura","LA","71350","2053455473","3182530857","531104","Retail Shops","www.dollartree.com","11","0"
"G O Corp","9858098085","70161 Highway 59 # E","Abita Springs","2850000","Charles Finley","Owner","Mal","51733","G","G O Corp","sales@gocorp.com","70161 Highway 59 # E","Abita Springs","LA","70420","9858098085","9858098085","508522","Industrial Equipment & Supplies (Whol)","www.gocorp.com","11","0"
"Nolatek","9858765133","201 N Hollywood Rd","Houma","2771000","Gillas Casse","Owner","Mal","51871","N","Nolatek","info@nolatek.com","201 N Hollywood Rd","Houma","LA","70364","9858579327","9858765133","737801","Computers-Service & Repair","www.nolatek.com","11","0"
"Harley Crane Svc Inc","9857813567","37362 Brownsvillage Rd","Slidell","3740000","Michael Reine","President","Mal","51960","H","Harley Crane Svc Inc","info@excel-west.com","37362 Brownsvillage Rd","Slidell","LA","70460","9857813570","9857813567","735301","Crane Service","www.wadleighcompanies.com","11","0"
"Amware Logistics","9854191312","1500 Industrial Park Rd","Hammond","4530000","Paul Triay","Manager","Mal","52809","A","Amware Logistics","sales@amwarelogistics.com","1500 Industrial Park Rd","Hammond","LA","70401","9707486750","9854191312","421303","Trucking-Transportation Brokers","www.amwarelogistics.com","11","0"
"Venice Marina Inc","9855349357","237 Sports Marina Rd","Venice","1460000","Mike Butler","Owner","Mal","53145","V","Venice Marina Inc","contactus@venicemarina.com","237 Sports Marina Rd","Venice","LA","70091","9855349323","9855349357","449306","Marinas","www.venicemarina.com","11","0"
"Paradigm Services","2257525600","11923 Cloverland Ave","Baton Rouge","1342000","Brian Autin","Manager","Mal","53301","P","Paradigm Services","contact@paradigmsecure.com","11923 Cloverland Ave","Baton Rouge","LA","70809","2257525400","2257525600","769943","Valves-Repairing","www.paradigmservices.com","11","0"
"Petro Rentals Inc","9858723870","2134 Bayou Blue Rd","Houma","1830000","Randy Hebert","Owner","Mal","53396","P","Petro Rentals Inc","sales@petrorentals.com","2134 Bayou Blue Rd","Houma","LA","70364","9858725763","9858723870","735937","Oil Well Equipment & Supplies-Renting","www.petrorentals.com","11","0"
"Picciola & Assoc","9856325786","115 Picciola Pkwy","Cut Off","3160000","Joe Picciola","Owner","Mal","53792","P","Picciola & Assoc","info@picciola.com","115 Picciola Pkwy","Cut Off","LA","70345","9856322407","9856325786","871111","Engineers-Consulting","www.picciola.com","11","0"
"Mc Lavy Limited","2259278820","7665 Jefferson Hwy","Baton Rouge","1540000","Frank Mc Lavy Jr","Owner","Mal","54471","M","Mc Lavy Limited","info@bignetworks.com","7665 Jefferson Hwy","Baton Rouge","LA","70809","2259229368","2259278820","561101","Men's Clothing & Furnishings-Retail","www.mclavy.com","11","0"
"S & E Fabrication Inc","3187778221","7065 Highway 545","Arcadia","2847000","Robert Cedotal","Owner","Mal","54667","S","S & E Fabrication Inc","sales@sefab.net","7065 Highway 545","Arcadia","LA","71001","3187778223","3187778221","344106","Steel-Structural (Manufacturers)","www.sefab.net","11","0"
"Mayer Co Clothiers","2252935180","5830 S Sherwood Forest Blvd #8","Baton Rouge","1694000","James Mayer","Owner","Mal","56098","M","Mayer Co Clothiers","info@mayerco.com","5830 S Sherwood Forest Blvd #8","Baton Rouge","LA","70816","2252935140","2252935180","561101","Men's Clothing & Furnishings-Retail","NULL","11","0"
"Seagull Marine Inc","5044651017","32 E Airline Hwy","Kenner","3915000","David L Thomas","VP","Mal","56342","S","Seagull Marine Inc","info@seagullmarine.com","32 E Airline Hwy","Kenner","LA","70062","5044651073","5044651017","472904","Steamship Agencies","www.seagullmarine.com","11","0"
"French Market Collections","9856740087","98 Laurel St","Mandeville","1015000","Peggy Richardson","Owner","Fem","56931","F","French Market Collections","info@frenchmarketcollection.com","98 Laurel St","Mandeville","LA","70448","9856740087","9856740087","571305","Carpet & Rug Dealers-New","www.frenchmarketcollection.com","11","0"
"Patterson Rental Tools","9858791593","2000 Industrial Blvd","Houma","3111000","Steve Marcel","Manager","Mal","57480","P","Patterson Rental Tools","info@pattersonservices.com","2000 Industrial Blvd","Houma","LA","70363","9858536591","9858791593","735921","Tools-Renting","www.pattersonservices.com","11","0"
"Moulis Plumbing Inc","3372346431","105 Pod St","Lafayette","2920000","David Moulis","Owner","Mal","57731","M","Moulis Plumbing","admin@moulisplumbinginc.com","105 POD St","LAFAYETTE","LA","70507","3372346431","null","171198","Plumbing Heating & Air Conditioning","null","11","0"
"Best Value Furniture Inc","5048851845","3100 Transcontinental Dr","Metairie","1000000","","","","58156","B","Best Value Furniture Inc","info@bestvaluefurniture.com","3100 Transcontinental Dr","Metairie","LA","70006","5048851845","5048851845","571216","Furniture-Dealers-Retail","www.bestvaluefurniture.com","11","0"
"Savant Manufacturing & Machine","3377385896","2930 Highway 383","Kinder","2706000","Kevin Savant","Owner","Mal","58224","S","Savant Manufacturing & Machine","info@savantmfg.com","2930 Highway 383","Kinder","LA","70648","3377383215","3377385896","359998","Indstrl/Coml Machinery/Equip Nec (Mfrs)","www.savantmfg.com","11","0"
"Acadiana Computer Systems","3372355858","2600 Johnston St # 110","Lafayette","4120000","Tina Burley","Manager","Fem","58532","A","Acadiana Computer Systems","info@acsmd.net","2600 Johnston St # 110","Lafayette","LA","70503","3372612697","3372355858","872103","Billing Service","www.acsmd.net","11","0"
"Health & Beauty Depot","3188696200","1119 Shreveport Barksdale Hwy","Shreveport","1340000","Sue Burch","Owner","Fem","58548","H","Health and Beauty Depot","webmaster@healthandbeautydepot.com","3954 Youree Drive","SHREVEPORT","LA","71105","3188696200","null","805102","Health Care Facilities","GRAHAM-WEBB.COM","11","0"
"General Biomedical Svc","5044688597","1900 25th St","Kenner","4784000","Steve Saladino","President","Mal","60132","G","General Biomedical Svc","info@generalbiomedical.com","1900 25th St","Kenner","LA","70062","5044693723","5044688597","504704","Physicians & Surgeons Equip & Supls-Whol","www.generalbiomedical.com","11","0"
"Taylor-Made Communications","3184422230","703 Versailles Blvd # D","Alexandria","1264000","Parrish Taylor","Owner","Mal","60524","T","Taylor-Made Communications","sales@taylormadecom.com","703 Versailles Blvd # D","Alexandria","LA","71303","3184427717","3184422230","731101","Advertising-Agencies & Counselors","www.biz-assist.com","11","0"
"Quality Metal Works","5047347216","5622 Powell St","Harahan","2940000","Dale Le Brun","President","Mal","61271","Q","Quality Metal Works","contact@qualitymetalworks.net","5622 Powell St","Harahan","LA","70123","5047347219","5047347216","179104","Metal Fabricators","www.qualitymetalworks.net","11","0"
"Balentine Ambulance Svc","3182225358","3516 Mansfield Rd","Shreveport","4720000","Ralph Balentine","Owner","Mal","61453","B","Balentine Ambulance Svc","mail@balentineambulance.com","3516 Mansfield Rd","Shreveport","LA","71103","3182212340","3182225358","411902","Ambulance Service","www.balentineambulance.com","11","0"
"Sidewinder Pumps Inc","3372359838","2108 SW Evangeline Trwy","Lafayette","1464000","Paul George","VP","Mal","62900","S","Sidewinder Pumps Inc","sales@sidewinderpumps.com","2108 SW Evangeline Trwy","Lafayette","LA","70508","3372359852","3372359838","356101","Pumps-Manufacturers","www.sidewinderpumps.com","11","0"
"Tiger Storage Trailer","5042463600","4049 Read Blvd","New Orleans","2850000","Johnny Sens","Owner","Mal","63123","T","Tiger Storage Trailer","sales@tigerstorage.com","4049 Read Blvd","New Orleans","LA","70127","5042462001","5042463600","508545","Cargo & Freight Containers (Wholesale)","www.tigerstorage.com","11","0"
"Momentum","2252954130","5536 Superior Dr","Baton Rouge","3900000","Savern Varnado","VP","","63257","M","Momentum","info@teammomentum.com","5536 Superior Dr","Baton Rouge","LA","70816","2252935560","2252954130","824301","Computer Training","www.teammomentum.com","11","0"
"Chauvin Brothers Tractor Inc","5043941095","105 Engineers Rd","Belle Chasse","1332000","Gary Chauvin","Owner","Mal","64515","C","Chauvin BROS Tractor","info@chauvintractor.com","36 Belle Grove Dr","DESTREHAN","LA","70037","5043941095","null","352304","Mfg Farm Machinery/equipment","null","11","0"
"Conn Appliance","3372336393","221 W Willow St # B","Lafayette","3488000","Corey Dixon","Manager","Mal","64638","C","Conn Appliance","customerservice@conns.com","221 W Willow St # B","Lafayette","LA","70501","5123351351","3372336393","572202","Appliances-Household-Major-Dealers","www.conns.com","11","0"
"Technical Environmental Svc","5043483098","5133 Taravella Rd","Marrero","3520000","Danny Joyce","President","Mal","64771","T","Technical Environmental Svc","contact@tesconsult.com","5133 Taravella Rd","Marrero","LA","70072","5043483043","5043483098","873111","Environmental & Ecological Services","www.tesconsult.com","11","0"
"Pattons Fine Jewelry","2252927482","11740 Coursey Blvd # A","Baton Rouge","1560000","Kevin Patton","Manager","Mal","64927","P","Pattons Fine Jewelry","info@pattonsjewelry.com","11740 Coursey Boulevard #A","Baton Rouge","LA","70816","2252927482","null","594409","Jewelers","pattonsjewelry.com^^pattonsjewerly.com","11","0"
"Oak Hill Ranch","9857963650","79234 Highway 25","Folsom","1455000","Richard Freeman","Owner","Mal","65446","O","Oak Hill Ranch","info@oakhillranch.com","79234 Highway 25","Folsom","LA","70437","9857969459","9857963650","029101","Ranches","www.oakhillranch.com","11","0"
"Berendsen Fluid Power Inc","5047340271","404 Commerce Pt","Harahan","3860000","","","","65561","B","Berendsen Fluid Power Inc","info@bfpna.com","404 Commerce Pt","Harahan","LA","70123","5047341510","5047340271","351103","Hydraulic Equipment-Manufacturers","www.bfpna.com","11","0"
"Louisiana Custom Cote Co","9853850073","1405 Siracusa Rd","Morgan City","2480000","Diana Daigle","President","Fem","65794","L","Louisiana Custom Cote Co","info@louisianacustomcote.com","1405 Siracusa Rd","Morgan City","LA","70380","9853847234","9853850073","179911","Sandblasting","www.louisianacustomcote.com","11","0"
"Gonzales Interior Specialties","2256476463","13161 Highway 44","Gonzales","1421000","Evan Gonzales","Manager","Mal","66034","G","Gonzales Interior Specialties","info@ergocomfort.net","13161 Highway 44","Gonzales","LA","70737","2256476463","225.644-6557","738902","Interior Decorators Design & Consultants","www.ergobeds.com","11","0"
"Gulf Coast Vinyl Fence","5044677988","325 Diane Ave","Harahan","1080000","Randy Le Blanc","Owner","Mal","66144","M","Madden Funds Management","postmaster@gulfcoastvinylfence.com","325 Diane Ave","NEW ORLEANS","LA","70123","5044677988","null","8999","Services NEC","GULFCOASTVINYLFENCE.COM","11","0"
"Washington Inventory Svc","2259289543","4874 Constitution Ave # B","Baton Rouge","2444000","Dee Teller","Manager","Fem","66280","W","Washington Inventory Svc","info@wisintl.com","4874 Constitution Ave # B","Baton Rouge","LA","70808","7074250932","2259289543","738962","Inventory Service","www.wisusa.com","11","0"
"Le Blanc Air Conditioning","5043411355","1908 Commercial Dr","Harvey","2336000","Michael Le Blanc","Owner","Mal","66953","L","Leblancs Air Conditioning Heating","info@leblancsac.com","1908 Commericial Drive","HARVEY","LA","70058","5043411355","null","171198","Plumbing Heating & Air Conditioning","null","11","0"
"Cox Media","3372375323","221 Rue DE Jean # 200","Lafayette","4890000","Gwen Cook","Manager","Fem","66984","C","Cox Media","support@coxmedia.com","221 Rue DE Jean # 200","Lafayette","LA","70508","7074623820","3372375323","731305","Advertising-Television","www.coxmedia.com","11","0"
"BSI Inspectorate","5043927660","101 Woodland Hwy","Belle Chasse","1128000","Vic King","Manager","Mal","67004","B","BSI Inspectorate","support@bsi.com","101 Woodland Hwy","Belle Chasse","LA","70037","3104795771","5043927660","738996","Inspection Service","www.bsi.com","11","0"
"Rieth Corp","5043627604","600 Amelia St","Gretna","3420000","Pat Rieth","Owner","Mal","67620","R","Rieth Corp","support@cims-inc.com","600 Amelia St","Gretna","LA","70053","5043627604","5043627604","508513","Valves-Wholesale","www.riethcorp.com","11","0"
"Frogco Amphibious Equipment","9858532200","2280 Coteau Rd","Houma","1992000","Garrett Naquin","President","Mal","67744","F","Frogco Amphibious Equipment","sales@frogco-amphibious.com","2280 Coteau Rd","Houma","LA","70364","9858532727","9858532200","555113","Marine Equipment & Supplies","www.frogco-amphibious.com","11","0"
"Community Construction","9858685239","277 S Hollywood Rd","Houma","4290000","James Stewart","Owner","Mal","68601","C","Community Construction","info@ccihouma.com","277 S Hollywood Rd","Houma","LA","70360","9858792673","9858685239","138905","Oil Field Service","www.ccihouma.com","11","0"
"Safe Planning Inc","3188693133","920 Pierremont Rd","Shreveport","2075000","Steve Rainey","Owner","Mal","68909","S","Safe Planning Inc","webmaster@safeplanning.net","920 Pierremont Rd","Shreveport","LA","71106","3188693133","3188693133","628205","Financial Planning Consultants","www.safeplanning.net","11","0"
"Pinnacle Oilfield Svc","3373658753","1469 Old Spanish Trail Hwy","Broussard","4290000","Ricky Suire","Owner","Mal","68959","P","Pinnacle Oilfield Svc","info@pinnacle-oilfield.com","1469 Old Spanish Trail Hwy","Broussard","LA","70518","3373656148","3373658753","138905","Oil Field Service","www.pinnacle-oilfield.com","11","0"
"Onsite PC Consulting","3187981868","1790 E Bert Kouns Loop","Shreveport","1141000","William Armstrong","Owner","Mal","69582","O","OnSite PC Consulting","info@onsitepcconsulting.com","900 Pierremont Suite 221","SHREVEPORT","LA","71105","3187981868","null","871111","Engineers","cmoh2002.com","11","0"
"Kitchen Collection","2256479861","2200 Tanger Blvd # 137a","Gonzales","1608000","Angela Cayette","Manager","Fem","69710","K","Kitchen Collection","customer.service@kitcol.com","2200 Tanger Blvd # 137a","Gonzales","LA","70737","4803735880","2256479861","599931","Factory Outlets","www.kitchencollection.com","11","0"
"Bradco Supply Corp","3184423944","1411 Lee St","Alexandria","1290000","Edith Gill","Manager","Fem","70397","B","Bradco Supply Corp","info@bradcosupply.com","1411 Lee St","Alexandria","LA","71301","7578746500","3184423944","521114","Roofing Materials","www.bradcosupply.com","11","0"
"Norfolk Southern Railway Co","5049492756","2900 Florida Ave","New Orleans","3624000","Ken Otillio","Manager","Mal","71105","N","Norfolk Southern Railway Co","webmaster@nscorp.com","2900 Florida Ave","New Orleans","LA","70117","2563868859","5049492756","401101","Railroads","www.nscorp.com","11","0"
"Silver Dollar Collectibles","3184434834","2417 Lee St","Alexandria","2352000","Jimmie Deramus","Owner","Mal","71209","S","Silver Dollar Collectibles","customer.service@silverdollar-alexandria.com","2417 Lee St","Alexandria","LA","71301","3184439938","3184434834","594510","Dolls-Retail","www.silverdollar-alexandria.com","11","0"
"Ship To Shore Co","3374740730","4313 Lake St","Lake Charles","1660000","Sheron Faulk","Owner","Fem","71626","S","Ship To Shore Co","info@shiptoshoreco.com","4313 Lake St","Lake Charles","LA","70605","3374740730","3374740730","555104","Boat Dealers Sales & Service","www.shiptoshoreco.com","11","0"
"General Engineering Co Inc","2257693431","1926 Ryder Dr","Baton Rouge","1580000","Harrison Farrar","President","Mal","72456","G","General Engineering Co Inc","info@genheat.com","1926 Ryder Dr","Baton Rouge","LA","70808","2257690416","2257693431","871111","Engineers-Consulting","NULL","11","0"
"Keystone Automotive","2252736444","11614 Richcroft Ave","Baton Rouge","2268000","Doug White","Manager","Mal","73577","K","Keystone Automotive","privacypolicy@keystone-auto.com","11614 Richcroft Ave","Baton Rouge","LA","70814","8067456636","2252736444","355904","Automobile Body Shop Equipment-Mfrs","www.keystone-auto.com","11","0"
"Gulf Coast Aerial Mapping Co","2253559722","4242 Harding Blvd","Baton Rouge","1572000","Ed Foster","President","Mal","74058","G","Gulf Coast Aerial Mapping Co","webmaster@gcam-maps.com","4242 Harding Blvd","Baton Rouge","LA","70807","2253559734","2253559722","733502","Photographers-Aerial","www.gcam-maps.com","11","0"
"Family Christian Book Store","3379899790","103 Acadiana Mall Cir","Lafayette","1995000","Charlie Visquain","Manager","Mal","75598","F","Family Christian Book Store","info@fcsdirect.familychristian.com","103 Acadiana Mall Cir","Lafayette","LA","70503","3379899798","3379899790","594201","Book Dealers-Retail","www.familychristian.com","11","0"
"Sample Brothers Inc","2257530180","5917 Jones Creek Rd # 200b","Baton Rouge","1888000","Chuck Anderson","Manager","Mal","75725","S","Sample Brothers Inc","sales@samplebrothers.com","5917 Jones Creek Rd # 200b","Baton Rouge","LA","70817","2257530180","2257530180","509908","Manufacturers-Agents & Representatives","www.samplebrothers.com","11","0"
"Southland Air Conditioning Inc","5044693132","2409 Greenwood St","Kenner","2190000","L J Martino","President","Mal","76086","S","Southland Air Conditioning Inc","webmaster@southlandach.com","2409 Greenwood St","Kenner","LA","70062","5044693888","5044693132","171117","Air Conditioning Contractors & Systems","www.southlandach.com","11","0"
"Applied Technical Systems","3187977508","849 King Pl","Shreveport","1826000","James N Reccelli","President","Mal","76488","A","Applied Technical Systems","sales@ats-usa.com","849 King Pl","Shreveport","LA","71115","3187974864","3187977508","387301","Clocks-Manufacturers","www.ats-usa.com","11","0"
"PEK Inc","2252618544","8628 Sully Dr","Baton Rouge","1020000","Paul Kennedy","Owner","Mal","76541","P","PEK Inc","sales@pekinc.com","8628 Sully Dr","Baton Rouge","LA","70818","2252618544","2252618544","874208","Safety Consultants","www.pekinc.com","11","0"
"Northwest Airlink","3184879819","1303 Billy Mitchell Blvd # 3","Alexandria","3864000","Rodney Rachal","Manager","Mal","76663","N","Northwest Airlink","info@mesaba.com","1303 Billy Mitchell Blvd # 3","Alexandria","LA","71303","9064952524","3184879819","451201","Airline Companies","www.mesaba.com","11","0"
"Deligans Valves Inc","9858792358","1013 East St","Houma","1220000","Billy Deligans","Owner","Mal","76665","D","Deligans Valves Inc","info@deligans.com","1013 East St","Houma","LA","70363","9858792359","9858792358","769943","Valves-Repairing","www.deligans.com","11","0"
"Nutemp Inc","2257440010","6282 Highway 73","Geismar","1644000","Mark Wright","Manager","Mal","76964","N","Nutemp Inc","info@nutemp.com","6282 Highway 73","Geismar","LA","70734","2256474846","2257440010","762304","Air Conditioning Equipment-Repair","www.nutemp.com","11","0"
"Marketing Creators","5047332402","1520 Kuebel St # 4","New Orleans","1700000","Walter Sabrier","Owner","Mal","77018","M","Marketing Creators","info@peppersunlimitedofla.com","1520 Kuebel St # 4","New Orleans","LA","70123","5047332409","5047332402","874213","Marketing Programs & Services","www.hotsauceusa.com","11","0"
"Custom Fabrication Inc","5044696852","2611 Sharon St","Kenner","2560000","Bill Tillinghast","Owner","Mal","77395","A","AV MACHINE TOOLS;  INC","contact@custom-fab.com","2611 Sharon Street","Kenner","LA","70062","5044696852","5044662046","5251","Tools-new & used","custom-fab.com","11","0"
"Premier Mechanical Svc Inc","2257539902","11063 Cloverland Ave","Baton Rouge","1606000","Lisa Marie Bambarger","Owner","Fem","78008","P","Premier Mechanical Svc Inc","admin@scriptbreaker.com","11063 Cloverland Ave","Baton Rouge","LA","70809","2087723138","2257539902","171114","Mechanical Contractors","www.mid-mtndevelopment.com","11","0"
"Southern Sheet Metal Inc","9858689316","3517 Industrial Avenue A","Houma","2400000","Benny Rhodes","Owner","Mal","78352","S","Southern Sheet Metal Inc","engineering@ssmetalhouma.com","3517 Industrial Avenue A","Houma","LA","70363","9858684249","9858689316","344403","Sheet Metal Fabricators","www.ssmetalhouma.com","11","0"
"Azalea Fleet Inc","5044317368","9600 River Rd","Westwego","1660000","Larry Childress","Manager","Mal","78754","A","Azalea Fleet Inc","webmaster@azaleafleet.com","9600 River Rd","Westwego","LA","70094","5044319266","5044317368","449202","Towing-Marine","www.azaleafleet.com","11","0"
"Forest Oil Corp","5048387022","3838 N Causeway Blvd # 2300","Metairie","3040000","Bill Stiles","Manager","Mal","78840","F","Forest Oil Corp","investorrelations@forestoil.com","3838 N Causeway Blvd # 2300","Metairie","LA","70002","9072588601","5048387022","138203","Oil & Gas Exploration & Development","www.forestoil.com","11","0"
"Fabricated Filters Inc","5047333235","5630 Powell St","New Orleans","3075000","Wayne Mediamolle","Owner","Mal","78913","F","Fabricated Filters Inc","info@fabricatedfilters.com","5630 Powell St","New Orleans","LA","70123","5047345621","5047333235","359998","Indstrl/Coml Machinery/Equip Nec (Mfrs)","www.fabricatedfilters.com","11","0"
"Slidell Athletic Club","9856497357","550 Gause Blvd","Slidell","1170000","Bob Thirstrup","Owner","Mal","79782","S","Slidell Athletic Club","info@slidellathleticclub.com","550 Gause Blvd","Slidell","LA","70458","9856497357","9856497615","799101","Health Clubs Studios & Gymnasiums","www.slidellathleticclub.com","11","0"
"Panel Specialist Inc","9858766715","804 Blimp Rd","Houma","4450000","Earl Bergeron","Owner","Mal","79791","P","Panel Specialist Inc","service@panelspecialists.com","804 Blimp Rd","Houma","LA","70363","9858765005","9858766715","382204","Controls Control Systems/Regulators-Mfrs","www.panelspecialists.com","11","0"
"Ductbusters","3372379608","313 Wall St","Lafayette","2640000","Keith Blanchard","Owner","Mal","79818","D","Ductbusters","info@ductbusters.com","313 Wall St","Lafayette","LA","70506","3372371723","3372379608","873111","Environmental & Ecological Services","www.ductbusters.com","11","0"
"Service Machine Specialties","3374578712","1519 Aymond St","Eunice","3690000","Brett Soileau","President","Mal","80313","S","Service Machine Specialties","info@broachingmachine.com","PO Box 828","Eunice","LA","70535","3374578764","337-457-8712","3599","Industrial and Commercial Machinery and Equipment","NEC (machine shops)","11","0"
"Kingsley Place","3185242100","7110 University Dr","Shreveport","2295000","Bridget Lyman","Executive Director","Fem","80845","K","Kingsley Place","employment@emeritus.com","7110 University Dr","Shreveport","LA","71105","3026743341","3185242100","836105","Residential Care Homes","www.emeritus.com","11","0"
"Home Instead Senior Care","3372957990","514 Guilbeau Rd # A2","Lafayette","1960000","Carol Martin","Owner","Fem","81125","H","Home Instead Senior Care","info@homeinstead.com","514 Guilbeau Rd # A2","Lafayette","LA","70506","2565340386","3372957990","808201","Home Health Service","www.homeinstead.com","11","0"
"Motors & Controls Inc","5044678986","2440 Delaware Ave # A","Kenner","3290000","Richard Vairin","Owner","Mal","81969","M","Motors And Controls","postmaster@motorsandcontrols.net","2440 Delaware Ave","KENNER","LA","70062","5044678986","null","559999","Ret Misc Vehicles Repair Services Plumbing/heating/air","MOTORSANDCONTROLS.NET","11","0"
"TDW Svc Inc","2252723021","13419 S Choctaw Dr","Baton Rouge","1837000","Randy Miley","Manager","Mal","82312","T","TDW Svc Inc","webmaster@tdwilliamson.com","13419 S Choctaw Dr","Baton Rouge","LA","70815","9184475050","2252723021","162301","Pipe Line Contractors","www.tdwilliamson.com","11","0"
"Roco Rescue","2257557626","7077 Exchequer Dr","Baton Rouge","1700000","Kay Goodwyn","President","Fem","83497","R","Roco Rescue","info@rocorescue.com","7077 Exchequer Dr","Baton Rouge","LA","70809","2257547626","2257557626","874208","Safety Consultants","www.rocorescue.com","11","0"
"Grey Wolf Drilling Co","3374570500","254 Stanford Rd","Eunice","3014000","Dale Love","Manager","Mal","83912","G","Grey Wolf Drilling Co","jobs@gwdrilling.com","254 Stanford Rd","Eunice","LA","70535","7134356170","3374570500","178102","Drilling & Boring Contractors","www.greywolfdrilling.com","11","0"
"Southern Seaplane Inc","5043945633","1 Coquille Rd","Belle Chasse","4575000","Lyle Panepinto","President","Mal","83987","S","Southern Seaplane Inc","info@southernseaplane.com","1 Coquille Rd","Belle Chasse","LA","70037","5043948458","5043945633","735939","Aircraft Charter Rental & Leasing Svc","www.southernseaplane.com","11","0"
"Waddell & Reed Financial Svc","2258192983","11960 Bricksome Ave # A","Baton Rouge","1245000","George Thompson","Manager","Mal","84013","W","Waddell & Reed Financial Svc","mail@wadell.com","11960 Bricksome Ave # A","Baton Rouge","LA","70816","2032348965","2258192983","628205","Financial Planning Consultants","www.wadell.com","11","0"
"Service Experts Of Ne LA","3187280100","6611 Cypress St","West Monroe","3650000","Randy Gilley","Manager","Mal","84201","S","Service Experts Of Ne LA","copyright@svcx.com","6611 Cypress St","West Monroe","LA","71291","3187280100","3187280100","171117","Air Conditioning Contractors & Systems","www.servicex.com","11","0"
"Harvey Gulf Intl Marine Inc","5043482466","3817 Spencer St","Harvey","2324000","Shane J Guidry","President","Mal","84341","H","Harvey Gulf Intl Marine Inc","info@harveygulf.com","3817 Spencer St","Harvey","LA","70058","5043488060","5043482466","449202","Towing-Marine","www.harveygulf.com","11","0"
"Fiba Testing Gulf Inc","3378734639","245 Lexington Dr","Rayne","3344000","Mack Mc Coy","Manager","Mal","84752","F","Fiba Testing Gulf Inc","info@fibatech.com","245 Lexington Dr","Rayne","LA","70578","5083661915","3378734639","873109","Testing","www.fibatech.com","11","0"
"Retriever Payment Systems","5044889898","3839 Ulloa St # 204","New Orleans","1998000","James Hotard","Manager","Mal","84936","R","Retriever Payment Systems","sales@villavici.com","3839 Ulloa St # 204","New Orleans","LA","70119","5044889830","5044889898","504428","Credit Card/Credit Plns Eqpt/Supl (Whol)","www.villavici.com","11","0"
"Odyssey Healthcare Inc","2252169500","7905 Wrenwood Blvd","Baton Rouge","1225000","Beth Conrad","Manager","Fem","85101","O","Odyssey Healthcare Inc","info@odsyhealth.com","7905 Wrenwood Blvd","Baton Rouge","LA","70809","6019733551","2252169500","805908","Hospices","www.odsyhealth.com","11","0"
"Flowserve Corp","2257524320","11637 Industriplex Blvd # 8","Baton Rouge","3586000","Jamie Bourgoif","Manager","Mal","86013","F","Flowserve Corp","privacy@flowserve.com","12134 Industriplex Blvd","Baton Rouge","LA","70809","7043937296","2257560080","356101","Pumps-Manufacturers","www.flowserve.com","11","0"
"Unicco Integrated Facilities","2253833303","525 Elevator Rd","Port Allen","1638000","Larry Rachal","Manager","Mal","86552","U","Unicco Integrated Facilities","webmaster@unicco.com","525 Elevator Rd","Port Allen","LA","70767","6179510505","2253833303","422502","Warehousing-Field","www.unicco.com","11","0"
"Huntington Place Senior Commun","5042794461","3819 DE LA Ronde Dr","Chalmette","4410000","Anthony Mendoza","Administrator","Mal","87118","H","Huntington Place Senior Commun","sales@hpsc.com","3819 DE LA Ronde Dr","Chalmette","LA","70043","5042793807","5042794461","805101","Nursing & Convalescent Homes","www.hpsc.com","11","0"
"Automatic Power Inc","5043472384","1340 Westbank Expy","Westwego","3984000","Dave Cummiskey","VP","Mal","87369","A","Automatic Power Inc","sales@automaticpower.com","1340 Westbank Expy","Westwego","LA","70094","5043482306","5043472384","555113","Marine Equipment & Supplies","www.automaticpower.com","11","0"
"Sea Horse Marine Inc","9855326759","9712 Highway 1","Lockport","2016000","Phillip Plaisance","Owner","Mal","87626","S","Sea Horse Marine Inc","info@seahorse-marine.com","9712 Highway 1","Lockport","LA","70374","9855326934","9855326759","799913","Boats-Rental & Charter","www.seahorse-marine.com","11","0"
"Techcrane International","9858710056","17639 Hard Hat Dr","Covington","2872000","Sarhad Shad","Owner","Mal","88380","T","Techcrane International","sales@techcraneglobal.com","17639 Hard Hat Dr","Covington","LA","70435","9858710056","9858710056","353109","Cranes-Manufacturers","www.techcrane.net","11","0"
"Port Ship Svc Inc","5042716391","7121 N Peters St","Arabi","2940000","Ray Willhost","Manager","Mal","88673","P","Port Ship Svc Inc","info@portshipservice.com","7121 N Peters St","Arabi","LA","70032","5042719337","5042716391","799913","Boats-Rental & Charter","www.portshipservice.com","11","0"
"ELCO Forest Products","3379483601","4546 Highway 357","Opelousas","2064000","Michael J Higginbotham","Owner","Mal","88687","N","New Salem Enterprises","sales@mcmlumber.com","PO Box 976","OPELOUSAS","LA","70570","3379483601","3379428208","521142","Lumber","MCMLUMBER.COM","11","0"
"Fast & Affordable Moving Svc","5043930124","8200 Chef Hwy","New Orleans","4750000","Louis Deberg","Manager","Mal","88725","F","Fast & Affordable Moving Svc","webmaster@movers.com","8200 Chef Hwy","New Orleans","LA","70126","9072721993","5043930124","421401","Movers","www.movers.com","11","0"
"Automotive Machine Shop Inc","3182221915","1020 Barksdale Blvd","Bossier City","1476000","A M Kittler Jr","President","Mal","88796","A","Automotive Machine Shop Inc","marketing@ams.net","1020 Barksdale Blvd","Bossier City","LA","71111","9252450053","3182221915","359903","Machine Shops","www.ams.net","11","0"
"Designers Business Cards Inc","9853843323","908 Front St","Morgan City","1144000","Ed Billiot","Owner","Mal","89064","D","Designers Business Cards Inc","sales@designercard.com","908 Front St","Morgan City","LA","70380","9853843341","9853843323","275998","Commercial Printing Nec","www.designercard.com","11","0"
"MARTIN Transport","2253551342","1616 Mengel Rd","Baton Rouge","4530000","","","","89282","M","MARTIN Transport","webmaster@martinhearthandheating.com","1616 Mengel Rd","Baton Rouge","LA","70807","4323812460","2253551342","421306","Trucking-Liquid & Dry Bulk","www.martingas.com","11","0"
"Scientific Fabrication Svc Inc","2256878209","58065 Highway 1148","Plaquemine","2091000","Danny Sprunk","Manager","Mal","89342","S","Scientific Fabrication Svc Inc","info@scientificfabrication.com","58065 Highway 1148","Plaquemine","LA","70764","2256878244","2256878209","359903","Machine Shops","www.scientificfabrication.com","11","0"
"ASAP Print & Digital Imgng","5047347774","5732 Salmen St # A","Harahan","1530000","Margaret Pineda","Owner","Fem","89697","A","ASAP Print & Digital Imgng","webmaster@ebaseweb.com","5732 Salmen St # A","Harahan","LA","70123","5047121155","5047347774","737405","Scanning Service","www.tempstodayinc.com","11","0"
"Lawyers Title Of Baton Rouge","2257674001","8352 Bluebonnet Blvd","Baton Rouge","1455000","John Morganti","President","Mal","90045","L","Lawyers Title Of Baton Rouge","international@landam.com","8352 Bluebonnet Blvd","Baton Rouge","LA","70810","7603276748","2257674001","654102","Title Companies","www.landam.com","11","0"
"Maxim Technologies Inc","3186363673","7222 Greenwood Rd","Shreveport","2040000","Lloyd G Hoover","Manager","Mal","90093","M","Maxim Technologies Inc","webmaster@maximusa.com","7222 Greenwood Rd","Shreveport","LA","71119","3186363723","3186363673","873402","Laboratories-Testing","www.maximusa.com","11","0"
"Traco Production Svc Inc","3378562848","425 Griffin Rd","Youngsville","3575000","Tommy Allen","Owner","Mal","90136","T","Traco Production Svc Inc","support@menardinfosystems.com","425 Griffin Rd","Youngsville","LA","70592","3378562837","3378562848","138901","Oil Field Equipment-Repairing","www.tracoproduction.com","11","0"
"Frost-Arnett Co","5048336336","2450 Severn Ave # 218","Metairie","1106000","Ken Ormsbee","Manager","Mal","90196","F","Frost-Arnett Co","webmaster@icglink.com","2450 Severn Ave # 218","Metairie","LA","70001","6152560921","5048336336","732201","Collection Agencies","www.frost-arnett.com","11","0"
"WCCH Home Health Agency","3375274362","701 Cypress St","Sulphur","1225000","Sharon Baker","Executive Director","Fem","90209","W","WCCH Home Health Agency","info@wcch.com","701 Cypress St","Sulphur","LA","70663","3375274362","3375274362","808201","Home Health Service","www.wcch.com","11","0"
"Strongbuilt","3187493010","Highway 568","Waterproof","4400000","Kenneth Killen","Owner","Mal","90847","S","Strongbuilt","support@strongbuiltinc.com","Highway 568","Waterproof","LA","71375","3187495475","3187493010","394923","Sporting Goods-Manufacturers","www.strongbuiltoutdoors.com","11","0"
"Thyssen Krupp Elevator","2259281120","10237 Mammoth Ave","Baton Rouge","1610000","","","","90884","T","Thyssen Krupp Elevator","press@thyssenkrupp.com","10237 Mammoth Ave","Baton Rouge","LA","70814","7727785220","2259281120","179605","Elevators-Sales & Service","www.thyssenkruppelevator.com","11","0"
"Signature Flight Support","5044687722","2200 Aberdeen St","Kenner","1212000","Buddy Low","Manager","Mal","91134","S","Signature Flight Support","support@bba-aviation.com","2200 Aberdeen St","Kenner","LA","70062","3172484924","5044687722","458104","Aircraft Servicing & Maintenance","www.signatureflight.com","11","0"
"Runyon Products","3379486252","1212 S Bullard St","Opelousas","1056000","Shirley Runyon","Owner","Fem","91148","R","Runyon Products","sales@runyonproducts.com","1212 S Bullard St","Opelousas","LA","70570","3379483308","3379486252","393101","Musical Instruments-Supls & Acces-Mfrs","www.runyonproducts.com","11","0"
"Atlantic Scaffolding Co","2257685304","4949 Essen Ln # G53","Baton Rouge","1830000","Joe Williams","VP","Mal","91520","A","Atlantic Scaffolding Co","jobs@atscaf.com","4949 Essen Ln # G53","Baton Rouge","LA","70809","8157732278","2257685304","735915","Scaffolding-Renting","www.insulco.biz","11","0"
"San Francisco Plantation","9855352341","2646 Highway 44","Garyville","1680000","Kim Sontenot","Manager","Fem","91647","S","San Francisco Plantation","info@plantationadventure.com","2646 Highway 44","Garyville","LA","70051","9855352341","9855355450","799972","Tourist Attractions","www.sanfranciscoplantation.org","11","0"
"Sound Fighter Systems Inc","3188616640","6135 Linwood Ave","Shreveport","2136000","Patrick Harrison","Owner","Mal","91857","S","Sound Fighter Systems Inc","info@soundfighter.com","6135 Linwood Ave","Shreveport","LA","71106","3188657373","3188616640","356401","Fans-Industrial & Commercial-Mfrs","www.soundfighter.com","11","0"
"Party Central","3372613378","408 Maurice St","Lafayette","2745000","Frank Gerami","Owner","Mal","92126","P","Party Central","info@partycentralweb.com","408 Maurice St","Lafayette","LA","70506","3372613391","3372613378","735910","Rental Service-Stores & Yards","www.partycentralweb.com","11","0"
"Accurate Concrete Inc","5042700041","321 Magistrate St","Chalmette","1548000","","","","92664","A","Accurate Concrete Inc","postmaster@accurateconcretenola.com","321 Magistrate St","CHALMETTE","LA","70043","5042700041","null","177105","Concrete Contractors","accurateconcretenola.com","11","0"
"Men's Wearhouse","5048374295","3033 N Causeway Blvd","Metairie","2156000","George Dandredge","Manager","Mal","93162","M","Men''s Wearhouse","info@coolclothings.com","3033 N Causeway Blvd","Metairie","LA","70002","5048374295","5048374295","561101","Men's Clothing & Furnishings-Retail","www.wearhouse.com","11","0"
"Three Fold Consultants LLC","5047993653","1515 Poydras St # 1875","New Orleans","1580000","Rodney Williams","President","Mal","93930","T","Three Fold Consultants LLC","webmaster@midnighttechnologies.com","1515 Poydras St # 1875","New Orleans","LA","70112","5047993654","5047993653","871133","Engineers-Professional","www.threefoldllc.com","11","0"
"Hunt Brothers Of Louisiana LLC","9857950025","943 Washington St","Franklinton","1956000","Jason Hunt","Owner","Mal","94015","H","Hunt Brothers Of Louisiana LLC","info@huntbrothers.com","943 Washington St","Franklinton","LA","70438","9857952168","9857950025","737801","Computers-Service & Repair","www.huntbrothers.com","11","0"
"Decatur Espresso","5047339881","5604 Crawford St","Harahan","3184000","Eileen Cox","Owner","Fem","94136","D","Decatur Espresso","info@decaturespresso.com","5604 Crawford St","Harahan","LA","70123","5047348943","5047339881","504604","Restaurant Equipment & Supplies (Whol)","www.decaturespresso.com","11","0"
"Omni Technologies Inc","5042888211","7412 Lakeshore Dr","New Orleans","1896000","Kim Jovanovich","President","Mal","94357","O","Omni Technologies Inc","sales@otiengineering.com","7412 Lakeshore Dr","New Orleans","LA","70124","5042882899","5042888211","871111","Engineers-Consulting","www.otiengineering.com","11","0"
"Penta Corp","5047331700","325 Edwards Ave","New Orleans","4500000","Rawley Penick","President","Mal","94541","P","Penta Corp","sales@penta-corp.com","325 Edwards Ave","New Orleans","LA","70123","5047345041","5047331700","873106","Electronic Research & Development","www.penta-corp.com","11","0"
