"SIERRA CHEVROLET-BUICK","6263598291","1450 S SHAMROCK AVE","MONROVIA","59400000","PETER HOFFMAN","President","M","5401","S","Sierra Autocars","sales@sierracars.com","1450 South Shamrock Ave","Monrovia","CA","91016","6263598291","6269325642","5311","Retail shops","null","11","0"
"Deluxe Check Printing","6619421144","42933 Business Center Pkwy","Lancaster","57200000","Shanon Holcomb","Manager","Fem","48701","D","Deluxe Check Printing","feedback@deluxe.com","42933 Business Center Pkwy","Lancaster","CA","93535","6024312514","6619421144","275998","Commercial Printing Nec","www.deluxe.com","11","0"
"OLD REPUBLIC","9258661500","P.O. BOX 5017","San Ramon","74007983","Gwen Gallagher","President","fem","188766","S","Salo Productions","webmaster@saloproductions.com","550 Canyon Woods Circle #203","SAN RAMON","CA","94583","9258661500","null","738999","Business Services Nec","null","11","0"
"Sun Trips Inc","4084320700","2350 Paragon Dr","San Jose","70000000","Scott Mc Dougall","Manager","Mal","214908","S","Sun Trips Inc","info@trvlhouse.com","2350 Paragon Dr","San Jose","CA","95131","4084379275","4084320700","472501","Tours-Operators & Promoters","www.suntrips.com","11","0"
"Southwest Gas Corp","7602419321","13471 Mariposa Rd","Victorville","93520000","Anita Romero","VP","Fem","242380","S","Southwest Gas Corp","webmaster@swgas.com","13471 Mariposa Rd","Victorville","CA","92395","7609514081","7602419321","492501","Gas Companies","www.southwestgas.com","11","0"
"Tool Components Inc","3103235613","240 E Rosecrans Ave","Gardena","61404000","John D Belzer","President","Mal","277827","T","Tool Components Inc","hr@tciprecision.com","240 E Rosecrans Ave","Gardena","CA","90248","3103231255","3103235613","335301","Aluminum Sheet Plate & Foil (Mfrs)","www.tciprecision.com","11","0"
"Control Components Inc","9498581877","22591 Avenida Empresa","Rancho Santa Margarita","95400000","Stuart Carson","President","mal","310623","C","Control Components Inc","info@ccivalve.com","22591 Avenida Empresa","Rcho Sta Marg","CA","92688","7138695290","9498581877","349498","Valves & Pipe Fittings Nec (Mfrs)","www.ccivalve.com","11","0"
"Pitco Wholesale Grocery","4158650404","255 Channel St","San Francisco","56850000","Mike Ashtiani","Manager","Mal","437764","P","Pitco Wholesale Grocery","purchasing@pgi-pitco.com","255 Channel St","San Francisco","CA","94158","4158652848","4158650404","514105","Grocers-Wholesale","www.pitcofoods.com","11","0"
"STAR FORD","8189560977","900 S BRAND BLVD","GLENDALE","80800000","STEVE BUSSJAEGER","Owner","M","463367","S","Star Ford","sales@starford.com","900 s. brand blvd","GLENDALE","CA","91204","8183781333","null","5311","Retail shops","null","11","0"
"VILLA FORD","7146378222","2550 N TUSTIN ST","ORANGE","72700000","BRIAN BUTLER","Owner","M","478227","V","Villa Ford Incorporated","sales@villaford.dealerspace.com","2550 North Tustin Ave","Orange","CA","92865","7146378222","7149219103","5311","Retail shops","null","11","0"
"Up Right Inc","5596623900","801 S Pine St","Madera","50000000","John Caughlan","President","Mal","488578","U","Up Right Inc","webmaster@tanfieldgroup.com","801 S Pine St","Madera","CA","93637","5596736184","5596623900","359915","Industrial Equipment & Supplies-Mfrs","www.upright.com","11","0"
"LOUISVILLE LADDER CO","5629039447","12448 BELL RANCH DR","SANTA FE SPGS","62000000","","Unknown","","497415","L","Louisville Ladder Co","info@louisvilleladder.com","12448 Bell Ranch Dr","Santa Fe Springs","CA","90670","5026361014","9099478887","508422","Ladders (Wholesale)","www.louisvilleladder.com","11","0"
"EI SOLUTIONS","4157210123","2171 FRANCISCO BLVD E STE H","SAN RAFAEL","52500000","JOE BENGA","Vice-President","M","509285","L","Luong Tam Design","webmaster@protelligence.net","875 4th Street Suite #240","SAN RAFAEL","CA","94901","4157210123","null","7389","Business Services NEC","null","11","0"
"BRIDALINK.COM","5302421621","1628 CAYMUS BAY CT","REDDING","51400000","","Unknown","","533230","B","BRIDALINK.COM","customerservice@shopforweddings.com","1628 Caymus Bay Ct","Redding","CA","96003","5302421621","5302421621","599940","Wedding Supplies & Services","www.bridalink.com","11","0"
"PERRY FORD OF NATIONAL CITY","6194772711","2050 NATIONAL CITY BLVD","NATIONAL CITY","52500000","PERRY FALK","Owner","M","536667","P","Perry Ford of National City","sales@perryauto.com","2050 National City Blvd","National City","CA","91950","6194772711","6194777939","5311","Retail shops","null","11","0"
"COASTAL TRANSPORT CO","7603534330","684 S 2ND ST","EL CENTRO","55200000","ALLAN DAILEY","Manager","M","552346","C","Coastal Transport Co","service@chauffeuredservicesintl.com","651 E Ross Ave","El Centro","CA","92243","5058774868","7603534330","421306","Trucking-Liquid & Dry Bulk","www.coastaltransport.com","11","0"
"TRL Systems Inc","9093908392","4405 E Airport Dr # 106","Ontario","78960000","Mark Purdy","President","Mal","665442","T","TRL Systems Inc","info@trlsystems.com","4405 E Airport Dr # 106","Ontario","CA","91761","9093908397","9093908392","506308","Fire Alarm Systems (Wholesale)","www.trlsystems.com","11","0"
"Seven-Up Bottling Co","7076447477","425 Chestnut St","Vallejo","67520000","Rob Love","Manager","Mal","682975","S","Seven-Up Bottling Co","webmaster@dp7upbg.com","425 Chestnut St","Vallejo","CA","94590","7076446318","7076447477","514937","Beverages (Wholesale)","www.7upcal.com","11","0"
"Frank-Lin Beverage Group","9099231300","1960 S Carlos Ave","Ontario","52950000","Mark Pechusick","Exec VP","Mal","690887","F","Frank-Lin Beverage Group","sales@frank-lin.com","1960 S Carlos Ave","Ontario","CA","91761","9099231092","9099231300","514202","Fruit Juices (Wholesale)","www.frank-lin.com","11","0"
"DIAMOND COMIC DISTRIBUTORS","3103810165","2012 ABALONE AVE STE B","TORRANCE","70000000","JAMES NASH","Manager","M","695319","D","Diamond Comic Distributors","webmaster@diamondcomics.com","2012 Abalone Ave # B","Torrance","CA","90501","4105607148","3103810165","731908","Distribution Services","www.diamondcomics.com","11","0"
"Race Street Foods Inc","4082946161","1130 Olinder Ct","San Jose","50000000","","","","716724","R","Race Street Foods","sales@racestreetfoods.com","1130 Olinder Court","San Jose","CA","95122","4082946161","4082942080","5411","Food products","null","11","0"
"Melles Griot Inc","7604382254","2051 Palomar Airport Rd # 200","Carlsbad","54000000","Blake Fennell","CEO","Mal","736172","M","Melles Griot Inc","techsupport@catalog.mellesgriot.com","2051 Palomar Airport Rd # 200","Carlsbad","CA","92011","7204949432","7604382254","369902","Electric Equipment-Manufacturers","www.mellesgriot.com","11","0"
"Axygen Inc","5104948900","33170 Central Ave","Union City","86600000","Hemant Gupta","Owner","Mal","767181","A","Axygen Inc","info@axygen.com","33170 Central Ave","Union City","CA","94587","5104940700","5104948900","504906","Laboratory Equipment & Supplies (Whol)","www.axygen.com","11","0"
"POLARIS POOL SYSTEMS INC","7605999600","2620 COMMERCE WAY","VISTA","87500000","KATE THIELSCHER","Chief Executive Office","F","794090","P","Polaris Pool Systems Inc","sales@polarispool.com","2620 Commerce Way","Vista","CA","92081","7605971235","7605999600","509118","Swimming Pool Equipment & Supls (Whol)","www.polarispool.com","11","0"
"Grover Products Co","3232639981","3424 E Olympic Blvd","Los Angeles","50922000","John Roesch","President","Mal","801457","G","Grover Products Co","purchasing@groverproducts.com","3424 E Olympic Blvd","Los Angeles","CA","90023","3232688555","3232639981","347104","Metal Polishing (Manufacturers)","www.airhorns.com","11","0"
"CONNELL CHEVROLET","7145461200","2828 HARBOR BLVD","COSTA MESA","80800000","PAUL DODDRIDGE","Owner","M","820086","C","Connell Chevrolet","info@connellchevrolet.com","2828 Harbor Boulevard","Costa Mesa","CA","92626","7146224434","714-546-1200","5511","Motor Vehicle Dealers (New and Used)","NULL","11","0"
"Ditech Communications Corp","6506231300","825 E Middlefield Rd","Mountain View","69590000","Timothy Montgomery","Chairman of the Board","mal","820491","D","Ditech Communications Corp","webmaster@ditechnetworks.com","825 E Middlefield Rd","Mountain View","CA","94043","6505649599","6506231300","506563","Telecommunication Equip/Syst-Whol/Mfrs","www.ditechcom.com","11","0"
"Dantel Inc","5592921111","2991 N Argyle Ave","Fresno","63315000","Anan G Hutcheson","CEO","Mal","829148","D","Dantel Inc","marketing@dantel.com","2991 N Argyle Ave","Fresno","CA","93727","5592929355","5592921111","366198","Telephone & Telegraph Apparatus (Mfrs)","www.dantel.com","11","0"
"PETER RABBIT FARMS","7603980151","85810 PETER RABBIT LN","COACHELLA","62700000","JOHN POWELL JR","Chief Executive Office","M","829455","P","Peter Rabbit Farms - Growers & Shippers","sales@peterrabbitfarms.com","85810 Grapefruit Boulevard","Coachella","CA","92236","7603980151","7603980972","5311","Retail shops","null","11","0"
"Far West Distributors Inc","9254558000","6818 Patterson Pass Rd # D","Livermore","66000000","Glen Allen","President","Mal","834963","F","Far West Distributors Inc","info@dairyplus.com","6818 Patterson Pass Rd # D","Livermore","CA","94550","9254558000","9254558000","514103","Foods-Dehydrated (Wholesale)","www.dairyplus.com","11","0"
"All Quality & Svc Inc","4084328300","3040 N 1st St","San Jose","85540000","John Lee","CEO","Mal","836917","A","All Quality & Svc Inc","info@aqs-inc.com","3040 N 1st St","San Jose","CA","95134","4084326090","4084328300","506338","Electronic Parts Assemblers (Wholesale)","www.aqs-inc.com","11","0"
"Ridglass Shingle Mfg Co","5594992222","3441 S Willow Ave","Fresno","77400000","Joe Presutti","CEO","Mal","847534","R","Ridglass Shingle Mfg Co","jobs@ridglass.com","3441 S Willow Ave","Fresno","CA","93725","5594992223","5594992222","521114","Roofing Materials","www.rgmproducts.com","11","0"
"SANTA MARGARITA FORD","9494596800","30031 SANTA MARGARITA PKWY","RCHO STA MARG","60600000","JIM GRAHAM","Owner","M","873869","S","Santa Margarita Ford","sales@santamargaritaford.com","30031 St Margarita Pkwy","Rancho Santa Margarita","CA","92688","null","9494596777","5311","Retail shops","null","11","0"
"Global Auto","5102769797","19895 Mission Blvd","Hayward","55500000","Medina Ebrat","President","Fem","884716","G","Global Auto","sales@globalautoz.com","19895 Mission Blvd","Hayward","CA","94541","5102769798","5102769797","501206","Automobile-Buyers","www.globalautoz.com","11","0"
"FRONTIER FORD","4082411800","3701 STEVENS CREEK BLVD","SANTA CLARA","52500000","JIM LANDES","Owner","M","907512","F","Frontier Ford","sales@frontierford.com","3701 Stevens Creek Blvd","Santa Clara","CA","95051","null","4082414643","5311","Retail shops","null","11","0"
"NKOK Inc","2132399488","1219 Wholesale St","Los Angeles","72400000","K Koh","President","Mal","922561","N","NKOK Inc","webmaster@nkok.com","1219 Wholesale St","Los Angeles","CA","90021","2136239384","2132399488","509209","Toys-Wholesale","www.nkok.com","11","0"
"Sacramento Regional Transit","9163212800","1400 29th St","Sacramento","62700000","Beverly Scott","CEO","Fem","959128","S","Sacramento Regional Transit","webmaster@sacrt.com","1400 29th St","Sacramento","CA","95816","9164468946","9163212877","411102","Transit Lines","www.sacrt.com","11","0"
"Pacific American Fish Co Inc","2136233433","620 Gladys Ave","Los Angeles","50000000","Peter Huh","Owner","Mal","962522","P","Pacific American Fish Co Inc","info@pacfco.net","620 Gladys Ave","Los Angeles","CA","90021","2136140427","2136233433","542101","Seafood-Retail","www.pafco.net","11","0"
"Cox Cable","8056837751","22 S Fairview Ave","Goleta","54240000","Julie Mc Govern","VP","Fem","964711","C","Cox Cable","privacy@cox.com","22 S Fairview Ave","Goleta","CA","93117","8066988018","8056837751","484101","Television-Cable & Catv","www.cox.com","11","0"
"EDWARD DON & CO","9513613500","11145 INLAND AVE","MIRA LOMA","95400000","DAN GILBERT","Manager","M","979645","E","Edward Don & Co","customerservice@don.com","11145 Inland Ave","Mira Loma","CA","91752","7702395029","9513613500","504604","Restaurant Equipment & Supplies (Whol)","www.don.com","11","0"
"Websense Inc","8583208000","10240 Sorrento Valley Rd","San Diego","81734000","John Carrington","Chairman of the Board","mal","979683","P","PICTURE ART","operations@websense.com","9839 Genesee Ave","SAN DIEGO","CA","92121","8583208000","8584582950","599969","Art Galleries & Dealers","null","11","0"
"ACME & Sons Sanitation","4083795811","3408 Hillcap Ave","San Jose","65700000","Frankie Youngblood","Owner","Mal","992560","A","ACME & Sons Sanitation","sales@acmeandsons.com","3408 Hillcap Ave","San Jose","CA","95136","NULL","4083795811","154215","Buildings-Portable","NULL","11","0"
"Leadman Electronic","4087381751","2980 Corvin Dr","Santa Clara","50000000","Glen Shih","Owner","Mal","1006295","L","Leadman Electronic","sales@leadmannj.com","2980 Corvin Dr","Santa Clara","CA","95051","4087382620","4087381751","504503","Computers-Wholesale","www.mobileracks.com","11","0"
"Ultra Clean Technology","6503234100","150 Independence Dr","Menlo Park","77500000","Clarence L Granger","CEO","Mal","1029992","U","Ultra Clean Technology","jobs@uct.com","150 Independence Dr","Menlo Park","CA","94025","5126700276","6503234100","367498","Semiconductors & Related Devices (Mfrs)","www.uct.com","11","0"
"CHANNEL ONE NETWORK","3238601200","5300 MELROSE AVE # 400E","LOS ANGELES","93000000","JIM MORRIS","Executive Director","M","1031644","C","Channel One Network","privacypolicy@primedia.com","5300 Melrose Ave # 400e","Los Angeles","CA","90038","3238601450","3238601200","483301","Television Stations & Broadcasting CO","www.channelone.com","11","0"
"Beech Street Corp","9496721000","25500 Commercentre Dr","Lake Forest","51060000","William E Hale","CEO","Mal","1035214","B","Beech Street Corp","marketing@beechstreet.com","25500 Commercentre Dr","Lake Forest","CA","92630","6307051414","9496721000","641110","Insurance-Claim Processing Services","www.beechstreet.com","11","0"
"Pacific Consolidated Ind LLP","7149799200","12201 Magnolia Ave","Riverside","52875000","Lee Smith","CEO","Mal","1050013","P","Pacific Consolidated Ind LLP","info@pci-intl.com","12201 Magnolia Ave","Riverside","CA","92503","7149799200","7144369150","496101","Cryogenic Processing","www.pci-intl.com","11","0"
"J C Produce","9163724050","3880 Seaport Blvd","West Sacramento","93670000","John Tedesco","CEO","Mal","1068590","J","J C Produce","jobs@jcproduce.com","3880 Seaport Blvd","West Sacramento","CA","95691","9163726325","9163724050","514801","Fruits & Vegetables-Wholesale","www.jcproduce.com","11","0"
"SUNNY EXPRESS","5102643980","19554 CABOT BLVD","HAYWARD","60000000","JOEL RICH","President","M","1089161","S","Sunny Express","info@sunnyexpress.com","19554 Cabot Blvd","Hayward","CA","94545","5102643989","5102643980","421205","Delivery Service","www.sunnyexpress.com","11","0"
"NATROL INC","8187396000","21411 PRAIRIE ST","CHATSWORTH","65500000","WAYNE M BOS","Chief Executive Office","M","1113932","N","Natrol Inc","customer-service@natrol.com","21411 Prairie St","Chatsworth","CA","91311","8187396001","8187396000","514914","Health Food Products-Wholesale","www.natrolkids.com","11","0"
"Vitria Technology Inc","4082122700","945 Stewart Dr","Sunnyvale","80719000","Dale Skeen","Chief Executive Office","","1122226","V","Vitria Technology Inc","webmaster@vitria.com","945 Stewart Dr","Sunnyvale","CA","94085","4082122720","4082122700","274121","Publishers-Computer Software","www.vitria.com","11","0"
"KSEE","5594542424","5035 E MCKINLEY AVE","FRESNO","86100000","TODD MCWILLIAMS","Manager","M","1122945","K","KSEE","webmaster@wkbw.com","5035 E Mckinley Ave","Fresno","CA","93727","2483550368","5594542424","483301","Television Stations & Broadcasting CO","www.wb20detroit.com","11","0"
"Bei Duncan Electronics Div","7142587500","15771 Red Hill Ave","Tustin","51520000","Mike Lopez","Manager","Mal","1127021","B","Bei Duncan Electronics Div","sales@beiduncan.com","15771 Red Hill Ave","Tustin","CA","92780","7142588120","7142587500","384104","Mfg Surgical/medical Instruments Whol Homefurnishings","www.beiduncan.com","11","0"
"IN TEST SILICON VALLEY CORP","4086789123","101 NICHOLSON LN","SAN JOSE","62300000","DALE CHRISTMAN","Manager","M","1133504","I","In Test Silicon Valley Corp","info@temptronic.com","101 Nicholson Ln","San Jose","CA","95134","4086789101","4086799123","367401","Semiconductor Devices (Manufacturers)","www.intest.com","11","0"
"ILLUMINA INC","8582024500","9885 TOWNE CENTRE DR","SAN DIEGO","73500000","JAY T FLATLEY","Chief Executive Office","M","1137999","I","Illumina Inc","info@illumina.com","9885 Towne Centre Dr","San Diego","CA","92121","8582024545","8582024500","873126","Biotechnology Products & Services","www.illumina.com","11","0"
"T W METALS CO","3237289101","2211 S TUBEWAY AVE","COMMERCE","79600000","WENDE DAVIS","Manager","F","1138142","T","T W Metals Co","webmaster@twmetals.com","2211 S Tubeway Ave","Los Angeles","CA","90040","4072405704","3237289101","505110","Tubing-Metal (Wholesale)","www.twmetals.com","11","0"
"Alltrade Inc","3105228922","1431 W Via Plata St","Long Beach","75000000","Andy Livian","President","Mal","1138511","A","Alltrade","info@alltradetools.com","1431 W Via Plata Street","Long Beach","CA","90810","3105228922","3105228944","5251","Tools","null","11","0"
"MARINELLO SCHOOLS OF BEAUTY","3232546226","2700 COLORADO BLVD STE 266","LOS ANGELES","81300000","MARIA LEON","Manager","F","1161680","M","Marinello Schools Of Beauty","info@marinello.com","2700 Colorado Blvd # 266","Los Angeles","CA","90041","5626930752","3232546226","723105","Beauty Schools","www.marinello.com","11","0"
"STACEYS BOOKSTORE","4154214687","581 MARKET ST","SAN FRANCISCO","65800000","TOM ALLAN","Manager","M","1169012","S","Stacey's Bookstore","webmaster@staceys.com","581 Market St","San Francisco","CA","94105","4154214687","","594201","Book Dealers-Retail","www.staceys.com","11","0"
"Z-World Inc","5307574616","2900 Spafford St","Davis","56400000","Norman Rogers","Owner","Mal","1179631","Z","Z-World Inc","press@rabbitsemiconductor.com","2900 Spafford St","Davis","CA","95616","5307539366","5307574616","357701","Computer Supplies & Parts-Manufacturers","www.zworld.net","11","0"
"NATIONWIDE AUCTION SYSTEMS","7077450119","1 OAK RD","BENICIA","56300000","RELY PIORODA","Manager","M","1179810","N","Nationwide Auction Systems","sales@nationwideauction.com","1 Oak Rd","Benicia","CA","94510","6269687703","7077450119","738901","Auctioneers","www.nationwideauction.com","11","0"
"Salesforce.Com Inc","4159017000","1 Market St # 300","San Francisco","50991000","Marc Benioff","CEO","Mal","1180014","S","Salesforce.Com Inc","info@emea.salesforce.com","1 Market St # 300","San Francisco","CA","94105","4159017040","4159017000","596104","E-Commerce","www.salesforce.com","11","0"
"Diageo","4158357300","1160 Battery St # 400","San Francisco","53922000","Jessica Roden","Manager","Fem","1180566","D","Diageo","media@diageo.com","1160 Battery St # 400","San Francisco","CA","94111","4158357300","4158357300","518201","Liquors-Wholesale","www.diageo.com","11","0"
"BOB BAKER AUTO GROUP","6194405398","1000 ARNELE AVE","EL CAJON","60600000","DAVE EZRATTY","Manager","M","1185778","B","Bob Baker Auto Group","sales@bobbakerlexus.dealerspace.com","1000 Arnele Ave","El Cajon","CA","92020","6194402981","6194405398","551103","Automobile Dealers-Used Cars","www.bakerlexus.com","11","0"
"Circle Seal Controls Inc","9512706200","2301 Wardlow Rd","Corona","51250000","Carl Nasca","President","Mal","1186911","C","Circle Seal Controls Inc","marketing@circleseal.com","2301 Wardlow Rd","Corona","CA","92880","9512706378","9512706200","372801","Aircraft Components-Manufacturers","www.circleseal.com","11","0"
"Sierra Springs Water Co","3232550106","4414 York Blvd","Los Angeles","53700000","Nick Madren","Plant Mgr","Mal","1192124","S","Sierra Springs Water Co","customerservice@water.com","4414 York Blvd","Los Angeles","CA","90041","2197643326","3232550106","208601","Bottlers","www.water.com","11","0"
"RUSNAK-WESTLAKE","8189916340","3832 E THOUSAND OAKS BLVD","WESTLAKE VILLAGE","60600000","DAVID PIERCE","Manager","M","1193995","R","Rusnak-Westlake","sales@rusnakwestlake.dealerspace.com","3832 Thousand Oaks Boulevard","Thousand Oaks","CA","91362","8664397999","null","5311","Retail shops","null","11","0"
"CENTILLIUM COMMUNICATIONS INC","5106871053","255 FOURIER AVE","FREMONT","64500000","","Unknown","","1195345","C","Centillium Communications Inc","webmaster@centillium.com","215 Fourier Ave","Fremont","CA","94539","5107713500","5107713700","367401","Semiconductor Devices (Manufacturers)","www.centillium.com","11","0"
"Kenwood Technologies USA Inc","4084677900","1701 Junction Ct # 100","San Jose","51000000","","","","1195778","K","Kenwood Technologies USA Inc","sales@kenwoodtech.com","1701 Junction Ct # 100","San Jose","CA","95112","4084511150","4084677900","874213","Marketing Programs & Services","www.kenwoodtech.com","11","0"
