mail id,company,email,address,phone,fax,sic,sic description,web,,revenue id,company,address,city,state,zip,	metro,web,phone,fax,contact,position,gender,sales,# of employee,sic,sic_descrpiton,	,,
"163778","Kenny Bland Auctions","1stbooks@1stbooks.com","3230 S. Rogers St","8123396000","8123396554","738901","Auctioneers","1STBOOKS.COM^^1STGAMES.COM^^1STLIBRARY.COM^^1STMOVIES.COM^^1STMUSIC.COM^^1STSOFTWARE.COM^^FIRSTBOOK."," Email <---> Revenue ","15673","AUTHOR SOLUTIONS INC","1663 S LIBERTY DR","BLOOMINGTON","IN","47403","Monroe","","8123396000","","BRYAN S SMITH","Chief Executive Office","M","14200000","200","737400","Data Proc & ","4","0","1"
"163826","Bremen Technologies","A-Edwardo@brementechnologies.com","425 Industrial Dr","5745463950","5745463791","308902","Plastics & Plastic Products (Mfrs)","NULL"," Email <---> Revenue ","243198","Bremen Technologies","425 Industrial Dr","Bremen","IN","46506","Marshall","www.brementechnologies.com","5745463791","5745463950","Edwardo Alverez","CEO","Mal","16400000","100","308902","Plastics & P","4","0","1"
"65906","Rent-A-Wreck","Abe@wreckrent.com","4225 Central Ave","NULL","2199628341","751401","Automobile Renting","NULL"," Email <---> Revenue ","161121","RENT-A-WRECK","4225 CENTRAL AVE","LAKE STATION","IN","46405","Lake","","2199628517","","","Unknown","","20000000","1398","751300","Truck Rental","4","0","1"
"133119","G & G Marketing","Adam_Gonzalez@ggmarketing-slc.com","8501 Bash St # 600","3175782319","3175781334","514102","Food Brokers","NULL"," Email <---> Revenue ","306603","G & G Marketing","8501 Bash St # 600","Indianapolis","IN","46250","Marion","","3175781334","3175782319","Adam Gonzalez","President","Mal","12507000","11","514102","Food Brokers","4","0","1"
"188385","Wise Idealease","address@provider.com","4849 W Western Ave","2169016200","5742895531","751303","Truck Renting & Leasing","www.eventsource.net"," Email <---> Revenue ","478469","Wise Idealease","4849 W Western Ave","South Bend","IN","46619","St Joseph","www.wiseinternational.com","5742895531","5742890349","Scott Mc Intyre","Manager","Mal","13095000","45","751303","Truck Rentin","4","0","1"
"22060","Munster Med-Inn","admissions@munstermed-inn.com","7935 Calumet Ave","2198361814","2198368300","805101","Nursing & Convalescent Homes","www.munstermed-inn.com"," Email <---> Revenue ","135069","MUNSTER MED-INN","7935 CALUMET AVE","MUNSTER","IN","46321","Lake","","2198368300","","JULIAN ROBINSON","Administrator","M","12200000","320","805101","Nursing Home","4","0","1"
"135256","Sportmart","affiliates@thesportsauthority.com","3201 E Lincoln Hwy","8562323296","2199423500","594113","Sporting Goods-Retail","www.thesportsauthority.com"," Email <---> Revenue ","440129","Sportmart","3201 E Lincoln Hwy","Merrillville","IN","46410","Lake","www.sportsauthority.com","2199423500","2199420152","Mike Gadzala","Manager","Mal","11248000","76","594113","Sporting Goo","4","0","1"
"43396","Pierce Co","alan.kovach@piercenet.com","PO Box 2000","7659983348","7659982712","371406","Fuel Injection Equipment & Service-Mfrs","NULL"," Email <---> Revenue ","150252","PIERCE CO","PO BOX 2000","UPLAND","IN","46989","Grant","","7659982712","","LISA LOWE","Manager","F","19300000","110","599900","Misc Retail ","4","0","1"
"172910","Wabash Valley Asphalt Co","alanw@csnetwork.net","400 N 10th St","8122326413","8122326094","295101","Asphalt & Asphalt Products-Manufacturers","www.wabashvalleyasphalt.com"," Email <---> Revenue ","201386","WABASH VALLEY ASPHALT CO","400 N 10TH ST","TERRE HAUTE","IN","47807","Vigo","","8122326094","8122326413","JIM BURDICK","President","M","10700000","72","295100","Asphalt Pavi","4","0","1"
"144432","Tara Treatment Ctr","AnnDaugherty@taracenter.com","77 W Monroe St","3179332945","3173460006","839901","Drug Abuse & Addiction Info & Treatment","NULL"," Email <---> Revenue ","452080","Tara Treatment Ctr","77 W Monroe St","Franklin","IN","46131","Johnson","www.taracenter.com","3173460006","3179332945","Ann Daugherty","CEO","Fem","10750000","50","839901","Drug Abuse &","4","0","1"
"299","Reliable Tool & Machine Co","arthur@reliabletool.com","PO Box 757","2603475552","2603474000","371419","Axles-Manufacturers","NULL"," Email <---> Revenue ","417426","Reliable Tool & Machine Co","300 W Ohio St","Kendallville","IN","46755","Noble","www.reliabletool.com","2603474000","2603475552","Arthur Charles","President","Mal","13000000","130","371419","Axles-Manufa","4","0","1"
"164434","Topeka Livestock Draft Horse","auction@topekanet.com","PO Box 279","2605932258","2605932522","515402","Livestock Auction Markets","NULL"," Email <---> Revenue ","191197","TOPEKA LIVESTOCK DRAFT HORSE","601 E LAKE ST","TOPEKA","IN","46571","","","2605932522","2605932258","ROBERT BALE","President","M","20000000","75","515400","Whl Livestoc","4","0","1"
"107496","L-A Electric","B.Arnold@l-aelectric.com","1730 W Till Rd","2604970816","2604970520","173101","Electric Contractors","NULL"," Email <---> Revenue ","354769","L-A Electric","1730 W Till Rd","Fort Wayne","IN","46818","Allen","www.l-aelectric.com","2604970520","2604970816","Bill Arnold","Owner","Mal","11880000","90","173101","Electric Con","4","2","1"
"121243","Four Seasons","BaidasA@durajoint.com","11333 County Road 2","5748256716","5748259999","245101","Mobile Homes-Manufacturers","NULL"," Email <---> Revenue ","74014","FOUR SEASONS","11333 COUNTY ROAD 2","MIDDLEBURY","IN","46540","Elkhart","","5748259999","","AUSTIN BAIDAS","President","M","15300000","250","245100","Mobile Homes","4","0","1"
"153611","Kentucky Truck Sales Inc","bcarnes@trucktoday.com","1403 Truckers Blvd","8122848364","8122837172","551105","Truck-Dealers","www.kentuckytrucksales.com"," Email <---> Revenue ","350208","Kentucky Truck Sales Inc","1403 Truckers Blvd","Jeffersonville","IN","47130","Clark","www.kentuckytrucksales.com","8122837172","8122848364","","","","14600000","56","551105","Truck-Dealer","4","2","1"
"194046","Re-Member Data Processing Svc","Becker@remember.com","7820 Innovation Blvd # 100","3176103502","3176103500","737401","Data Processing Service","NULL"," Email <---> Revenue ","415675","Re-Member Data Processing Svc","7820 Innovation Blvd # 100","Indianapolis","IN","46278","Marion","www.remember.com","3176103500","3176103502","David Becker","Owner","Mal","20655000","135","737401","Data Process","4","0","1"
"191522","Reddinger Constructors Inc","billfenet@reddinger.com","6301 Old Boonville Hwy","8124744692","8124791171","173101","Electric Contractors","www.reddinger.com"," Email <---> Revenue ","159963","REDDINGER CONSTRUCTORS INC","6301 OLD BOONVILLE HWY","EVANSVILLE","IN","47715","Vanderburgh","","8124791171","8124744692","RICHARD LAMB","President","M","10500000","60","399300","Signs & Advg","4","0","1"
"32800","Globe Asphalt Paving","BillShumaker@globeasphalt.com","PO Box 19168","3175684277","3175684344","161106","Asphalt & Asphalt Products","NULL"," Email <---> Revenue ","311618","Globe Asphalt Paving","6445 E 30th St","Indianapolis","IN","46219","Marion","www.globeasphalt.com","3175684344","3175684277","Bill Shumaker","Owner","Mal","12690000","54","161106","Asphalt & As","4","0","1"
"151747","Kipp Brothers","BobG@kippbro.com","9760 Mayflower Park Dr","3178141480","3178141475","594716","Party Supplies","NULL"," Email <---> Revenue ","351931","Kipp Brothers","9760 Mayflower Park Dr","Carmel","IN","46032","Hamilton","www.kippbro.com","3178141475","3178141480","Bob Glenn","President","Mal","12400000","47","594716","Party Suppli","4","0","1"
"60098","Brad Snodgrass Inc","brad@snodgrassinc.com","1930 S State Ave","3177836022","3177833181","344403","Sheet Metal Fabricators","www.snodgrassinc.com"," Email <---> Revenue ","25650","BRAD SNODGRASS INC","1930 S STATE AVE","INDIANAPOLIS","IN","46203","Marion","","3177833181","","BRAD SNODGRASS","President","M","12500000","160","344400","Sheet Metal ","4","0","1"
"124904","Half Price Fireworks","BrianLynch@halfpricefireworks.com","2533 Harrison Brookville Rd","NULL","8126370755","509202","Fireworks (Wholesale)","NULL"," Email <---> Revenue ","318625","Half Price Fireworks","2533 Harrison Brookville Rd","West Harrison","IN","47060","Dearborn","","8126370755","","Brian Lynch","Owner","Mal","18100000","25","509202","Fireworks (W","4","0","1"
"171542","Biddle Precision Components","BrianM@biddleprecision.com","701 S Main St","3177585260","3177584451","345101","Screw Machine Products (Manufacturers)","NULL"," Email <---> Revenue ","21822","BIDDLE PRECISION COMPONENTS","701 S MAIN ST","SHERIDAN","IN","46069","Hamilton","","3177584451","","BRIAN MYERS","President","M","12200000","180","345100","Screw Machin","4","0","1"
"160058","Bobcat Of Indy","BrightS@bobcatofindy.com","2935 Bluff Rd","3177872202","3177872201","508206","Contractors-Equip/Supls-Dlrs/Svc (Whol)","NULL"," Email <---> Revenue ","240984","Bobcat Of Indy","2935 Bluff Rd","Indianapolis","IN","46225","Marion","www.bobcatofindy.com","3177872201","3177872202","Steven R Bright","Owner","Mal","14652000","22","508206","Contractors-","4","0","1"
"144565","Brulin & Co","brucleantbc@brulin.com","2920 Dr Andrew J Brown Ave","3179254596","3179233211","284101","Soaps & Detergents-Manufacturers","www.brulin.com"," Email <---> Revenue ","245303","Brulin & Co","2920 Dr Andrew J Brown Ave","Indianapolis","IN","46205","Marion","www.brulin.com","3179233211","3179254596","Charles Pollnow","President","Mal","20000000","150","284101","Soaps & Dete","4","0","1"
"155822","Blue Grass Farms","BSchalk@walkerfoods.com","1915 W 53rd St","7656402006","7656491012","519306","Nurseries-Plants Trees & Etc-Wholesale","NULL"," Email <---> Revenue ","240148","Blue Grass Farms","1915 W 53rd St","Anderson","IN","46013","Madison","","7656491012","7656402006","Brent Schalk","Owner","Mal","10950000","50","519306","Nurseries-Pl","4","0","1"
"171318","Newman Equipment Inc","carlotta.newman@newmanequip.com","1315 Terminal Rd","3177818720","3177818100","353105","Contractors-Equipment-Manufacturers","NULL"," Email <---> Revenue ","389470","Newman Equipment Inc","1315 Terminal Rd","Indianapolis","IN","46217","Marion","www.newmanequip.com","3177818100","3177818720","Jeff Newman","Owner","Mal","11488000","32","353105","Contractors-","4","0","1"
"183768","C C Electro Sales Inc","carol_cohen@ccrep.com","715 N Senate Ave","3176125005","3176125000","509908","Manufacturers-Agents & Representatives","www.ccrep.com"," Email <---> Revenue ","248201","C C Electro Sales Inc","715 N Senate Ave","Indianapolis","IN","46202","Marion","www.ccrep.com","3176125000","3176125005","Carol Cohen","Owner","Fem","14160000","15","509908","Manufacturer","4","0","1"
"163893","Coffee Beanery LTD","catering@ggbllc.com","425 Joliet St","2198652530","2198652240","549915","Coffee & Tea","www.ggbllc.com"," Email <---> Revenue ","42155","COFFEE BEANERY LTD","425 JOLIET ST","DYER","IN","46311","Lake","","2198652240","","ANDY PFIFFER","Owner","M","14800000","837","549902","Beverage Sto","4","0","1"
"28597","LA-Z-Boy Furntiure Galleries","CharlesForcey@la-z-boy.com","724 E Hoffman St","2199376315","2199373360","571216","Furniture-Dealers-Retail","NULL"," Email <---> Revenue ","355167","LA-Z-Boy Furntiure Galleries","724 E Hoffman St","Hammond","IN","46327","Lake","","2199373360","2199376315","Charles Forcey","CEO","Mal","24000000","50","571216","Furniture-De","4","0","1"
"62964","Rem Indiana Inc","cheryl.meal@thementornetwork.com","5201 Fountain Dr # I","2197369885","2197369884","839909","Handicapped Services & Organizations","NULL"," Email <---> Revenue ","417461","Rem Indiana Inc","5201 Fountain Dr # I","Crown Point","IN","46307","Lake","www.mentornetwork.com","2197369884","2197369885","Kerrie Panagiotidis","President","Fem","21500000","100","839909","Handicapped ","4","0","1"
"73636","Artistic Carton","Chris.Swim@artisticcarton.com","1201 S Grandstaff Dr","2609251762","2609256060","265701","Boxes-Folding-Manufacturers","NULL"," Email <---> Revenue ","227717","Artistic Carton","1201 S Grandstaff Dr","Auburn","IN","46706","De Kalb","","2609256060","2609251762","Chris Swim","President","Mal","16170000","70","265701","Boxes-Foldin","4","0","1"
"4854","Doors Plus","chriss@doorsplus.com","1000 N Main St","5742643740","5742641230","521126","Building Materials","www.doorsplusinc.com"," Email <---> Revenue ","284377","Doors Plus","1000 N Main St","Elkhart","IN","46514","Elkhart","www.doorsplusinc.com","5742641230","5742643740","Cindy Smartt","Manager","Fem","18060000","70","521126","Building Mat","4","0","1"
"171735","Patriot Steel","CJack@patriotsteel.com","3350 Claremont Ave","8124285494","8124285490","505128","Aluminum (Wholesale)","NULL"," Email <---> Revenue ","147061","PATRIOT STEEL","3350 CLAREMONT AVE","EVANSVILLE","IN","47712","Vanderburgh","","8124285490","","JACK COOK","Owner","M","13500000","60","505102","Iron,Steel,F","4","0","1"
"89648","Central Indiana Hardware Co","consult@cih-indy.com","5322 Keystone Dr","2604832364","2604837168","521102","Door & Gate Operating Devices","www.centralindianahardware.com"," Email <---> Revenue ","255394","Central Indiana Hardware Co","5322 Keystone Dr","Fort Wayne","IN","46825","Allen","www.centralindianahardware.com","2604837168","2604832364","Gary Wilson","Manager","Mal","10320000","40","521102","Door & Gate ","4","0","1"
"150635","Carson Pirie Scott","cpsgift@saksinc.com","6600 S Indianapolis Blvd","5635842979","2198442525","531102","Department Stores","www.younkers.com"," Email <---> Revenue ","253166","Carson Pirie Scott","6600 S Indianapolis Blvd","Hammond","IN","46320","Lake","www.carsons.com","2198442525","2198442525","Pat Ehrler","Manager","","20250000","125","531102","Department S","4","1","1"
"144485","Muncie Bread Co","cthompson@perfectionbakeries.com","15201 W State Road 28","5178864276","7653583315","514902","Bakers-Wholesale","www.perfectionbakeries.com"," Email <---> Revenue ","384603","Muncie Bread Co","15201 W State Road 28","Alexandria","IN","46001","Madison","www.perfectionbakeries.com","7653583315","7653583545","John Popp","Owner","Mal","19412000","23","514902","Bakers-Whole","4","0","1"
"183440","Team Quality Svc","C_S@teamqualityservices.com","4483 County Road 19 # B","2605720067","2605720060","874230","Quality Control Consultants","NULL"," Email <---> Revenue ","452701","Team Quality Svc","4483 County Road 19 # B","Auburn","IN","46706","De Kalb","www.teamqualityservices.com","2605720060","2605720067","Chris Straw","Owner","Mal","18700000","110","874230","Quality Cont","4","0","1"
"25735","Aqua Systems","D.L@aquasystemsinc.com","7785 E Us Highway 36","3172725000","3172723000","738984","Water Treatment Equip Svc & Supls","NULL"," Email <---> Revenue ","13073","AQUA SYSTEMS","7785 E US HIGHWAY 36","AVON","IN","46123","Hendricks","","3172723000","","DON LINE","President","M","17500000","100","599921","Water Purifi","4","0","1"
"42645","Hilltop Press","D.Stephenson@hilltoppress.com","2020 Production Dr","3172264424","3172412020","275998","Commercial Printing Nec","NULL"," Email <---> Revenue ","325222","Hilltop Press","2020 Production Dr","Indianapolis","IN","46241","Marion","www.hilltoppress.com","3172412020","3172264424","Dennis Stephenson","Owner","Mal","14300000","100","275998","Commercial P","4","0","1"
"110354","Ropkey Graphics","Dave-Harding@ropkey.com","4923 W 78th St","3178763398","3178763398","733603","Graphic Designers","NULL"," Email <---> Revenue ","165008","ROPKEY GRAPHICS","4923 W 78TH ST","INDIANAPOLIS","IN","46268","Marion","","3178763398","","DAVE HARDING","President","M","17700000","289","733601","Art Design S","4","0","1"
"185604","Freda Inc","Dave.Harmon@fredas.com","401 Growth Pkwy","2606655829","2606658431","289905","Chemicals-Manufacturers","NULL"," Email <---> Revenue ","304967","Freda Inc","401 Growth Pkwy","Angola","IN","46703","Steuben","www.fredainc.com","2606658431","2606655829","David Harmon Sr","President","Mal","10980000","30","289905","Chemicals-Ma","4","0","1"
"193063","Service Engineering Inc","davem@serviceengineering.com","2190 W Main St","3174672001","3174672000","356998","General Ind Machinery/Equip Nec (Mfrs)","www.serviceengineering.com"," Email <---> Revenue ","431336","Service Engineering Inc","2190 W Main St","Greenfield","IN","46140","Hancock","www.serviceengineering.com","3174672000","3174672001","Robert Jennings","Owner","Mal","10500000","100","356998","General Ind ","4","0","1"
"111613","Jordan Shorescape","David@jordanmanufacturing.com","721 N 1st St","5745836675","5745836008","259901","Furniture-Manufacturers","NULL"," Email <---> Revenue ","105562","JORDAN SHORESCAPE","1200 S 6TH ST","MONTICELLO","IN","47960","","","5745836008","","DAVID JORDAN","President","M","19300000","250","259900","Frn & Fixtur","4","0","1"
"166321","Kamaya Inc","dcorbin@mmea.com","6407 Cross Creek Blvd","2604892261","2604891533","509905","Importers","www.kamaya.com"," Email <---> Revenue ","348063","Kamaya Inc","6407 Cross Creek Blvd","Fort Wayne","IN","46818","Allen","www.kamaya.com","2604891533","2604892261","Doug Corbin","Manager","Mal","15104000","16","509905","Importers","4","0","1"
"126877","Bunzl Indianapolis","donna.robinson@bunzlusa.com","7034 Brookville Rd","9548859488","3173511548","514102","Food Brokers","www.bunzldistribution.com"," Email <---> Revenue ","28641","BUNZL INDIANAPOLIS","7034 BROOKVILLE RD","INDIANAPOLIS","IN","46239","Marion","","3173511548","","BILL GOETZ","Manager","M","11000000","80","511100","Prtg & Writi","4","0","1"
"119155","B & W Equipment Co","doug@bandwequipment.com","3520 Meyer Rd","2604234535","2604220945","508206","Contractors-Equip/Supls-Dlrs/Svc (Whol)","www.bandwequipment.com"," Email <---> Revenue ","231064","B & W Equipment Co","3520 Meyer Rd","Fort Wayne","IN","46806","Allen","www.bandwequipment.com","2604220945","2604234535","Gene Bock","Owner","Mal","12654000","19","508206","Contractors-","4","0","1"
"161613","D S Alternatives","DouglasDugger@dsalternatives.com","225 Gaslite Ln","3174621250","3174621222","874198","Management Services","NULL"," Email <---> Revenue ","274244","D S Alternatives","225 Gaslite Ln","Greenfield","IN","46140","Hancock","","3174621222","3174621250","Douglas Dugger","Owner","Mal","18900000","150","874198","Fuel Managem","4","0","1"
"144697","Dial One Magna-Dry","DPoske@dialonemagnadry.com","4180 Elmhurst Dr # 7","3175498440","3178424454","152114","Fire Damage Restoration","NULL"," Email <---> Revenue ","281050","Dial One Magna-Dry","4180 Elmhurst Dr # 7","Indianapolis","IN","46226","Marion","www.dialonemagnadry.com","3178424454","3175498440","Dan Poske","Owner","Mal","11800000","50","152114","Fire Damage ","4","0","1"
"81981","Romweber Co","drathburn@romweber.com","4 S Park Ave","8129345042","8129343485","251198","Wood-Household Furn-Ex Upholstered (Mfr)","www.romweber.com"," Email <---> Revenue ","164722","ROMWEBER CO","4 S PARK AVE","BATESVILLE","IN","47006","","","8129343485","8129345042","BRUCE RIPPE","President","M","10400000","180","251100","Wood Hhl Fur","4","0","1"
"144556","Harvest Scents","Durham_Jeff@harvest-scents.com","9900 Westpoint Dr","3175980003","3175980002","519910","Giftwares-Wholesale","NULL"," Email <---> Revenue ","321182","Harvest Scents","9900 Westpoint Dr","Indianapolis","IN","46256","Marion","www.harvest-scents.com","3175980002","3175980003","Jeff Durham","Owner","Mal","10770000","15","519910","Giftwares-Wh","4","0","1"
"191154","KIB Enterprises","dwight@kibenterprises.com","53402 County Road 13","5742625172","5742620518","367901","Electronic Equipment & Supplies-Mfrs","www.kibenterprises.com"," Email <---> Revenue ","347611","KIB Enterprises","53402 County Road 13","Elkhart","IN","46514","Elkhart","www.kibenterprises.com","5742620518","5742625172","Mike Hoover","Owner","Mal","20160000","90","367901","Electronic E","4","0","1"
"160385","Dugdale Communications Inc","eadie@dugdale.com","7901 E 88th St","3175853111","3178065905","599904","Telephone Equipment & Supplies","NULL"," Email <---> Revenue ","59430","DUGDALE COMMUNICATIONS INC","7901 E 88TH ST","INDIANAPOLIS","IN","46256","Marion","","3178065905","","WILLIAM DUGDALE","Owner","M","10500000","60","599906","Telephone,Co","4","0","1"
"160223","Eddie Gilstrap Motors","egmotors@bkueriver.net","207 South Main St","8128833481","8128832157","559999","Ret Misc Vehicles Repair Services Plumbing/heating/air","null"," Email <---> Revenue ","61744","EDDIE GILSTRAP MOTORS INC","207 S MAIN ST","SALEM","IN","47167","Washington","","8128833481","","STEVE MOTSINGER","Owner","M","24200000","60","551100","New & Used C","4","0","1"
"177542","Ellison Bakery","Ellis@ellisonbakery.com","4108 W Ferguson Rd","2607471954","2607476136","546102","Bakers-Retail","NULL"," Email <---> Revenue ","63677","ELLISON BAKERY","4108 W FERGUSON RD","FORT WAYNE","IN","46809","Allen","","2607476136","","ROB ELLIS","President","M","11000000","75","514907","Bakery Produ","4","0","1"
"195646","Ball Brass & Aluminum Foundry","eric.forst@ballbrass.com","Po Box 110","2199253517","2199253515","3365","Aluminum Foundries","NULL"," Email <---> Revenue ","17810","BALL BRASS & ALUMINUM FOUNDRY","525 HAZEL ST","AUBURN","IN","46706","DeKalb","","2609253515","2609253517","GERALD MCCLURE","President","M","10200000","150","336500","Aluminum Fou","4","0","1"
"58612","Yorktown Christian Church(DOC","eric@digitalvision.net","102 Highway 212","2198798000","2198729057","8661","Religious organizations","null"," Email <---> Revenue ","59962","DWYER INSTRUMENTS INC","102 INDIANA HIGHWAY 212","MICHIGAN CITY","IN","46360","LaPorte","","2198798000","2198729057","STEPHEN CLARK","President","M","13000000","200","382400","Fluid Meters","4","0","1"
"89091","Fred Gutwein & Sons Hybrid","EricGutwein@gutwein.com","15691 W 600 S","2195672645","2195679141","519105","Seeds & Bulbs-Wholesale","NULL"," Email <---> Revenue ","74873","FRED GUTWEIN & SONS HYBRID","15691 W 600 S","FRANCESVILLE","IN","47946","","","2195679141","","FRED GUTWEIN","President","M","12000000","40","519103","Seeds And Bu","4","0","1"
"178880","Reliable Propane","EricSmall@reliablepropanecorp.com","8949 S 75 E","NULL","8123672724","517208","Gas-Liquefied Petro-Bttld/Bulk (Whol)","NULL"," Email <---> Revenue ","417407","Reliable Propane","8949 S 75 E","Ferdinand","IN","47532","Dubois","","8123672724","","Eric Small","Owner","Mal","10062000","3","517208","Gas-Liquefie","4","0","1"
"28810","W M Leman Inc","ezimmer@wmleman.com","114 N Center St","5745465762","5745462371","516933","Oils-Essential (Wholesale)","NULL"," Email <---> Revenue ","469554","W M Leman Inc","114 N Center St","Bremen","IN","46506","Marshall","www.wmleman.com","5745462371","5745465762","Eugene I Zimmer","President","Mal","10010000","10","516933","Oils-Essenti","4","0","1"
"148850","Capitol Technologies Inc","fas@capitoltech.com","3615 Voorde Dr","5742337082","5742323311","354407","Tool & Die Makers","www.capitoltech.com"," Email <---> Revenue ","251314","Capitol Technologies Inc","3615 Voorde Dr","South Bend","IN","46628","St Joseph","www.capitoltech.com","5742323311","5742337082","Tony Hess","Owner","Mal","17000000","111","354407","Tool & Die M","4","0","1"
"51769","Holm Industries Inc","fberry@holmindustries.com","PO Box 450","8127523563","8127522526","305398","Gaskets-Packing & Sealing Devices (Mfrs)","NULL"," Email <---> Revenue ","91135","HOLM INDUSTRIES INC","745 S GARDNER ST","SCOTTSBURG","IN","47170","Scott","","6305841880","","TOM CAGNEY","Manager","M","14800000","384","305300","Gaskets,Pkg,","4","0","1"
"171845","Infinite Graphics Tech Inc","files@infinitegraphics.com","1919 S Girls School Rd","3172278771","3172278770","731201","Advertising-Outdoor","www.infinitegraphics.com"," Email <---> Revenue ","334703","Infinite Graphics Tech Inc","1919 S Girls School Rd","Indianapolis","IN","46241","Marion","www.infinitegraphics.com","3172278770","3172278771","Damon Davis","Owner","Mal","10450000","50","731201","Advertising-","4","0","1"
"80732","Speedway Redimix","Frederick@speedwayredimix.com","1201 N Taylor Rd","2603570238","2603576885","521128","Concrete-Ready Mixed","NULL"," Email <---> Revenue ","439445","Speedway Redimix","1201 N Taylor Rd","Garrett","IN","46738","De Kalb","www.speedwayredimix.com","2603576885","2603570238","Becky Frederick","Owner","Fem","12900000","50","521128","Concrete-Rea","4","0","1"
"175148","Best Buy Rvs Inc","fschwartzel@bestbuyrvs.com","3250 Chester Blvd","7659651965","7659657589","556103","Recreational Vehicles","www.bestbuyrvs.com"," Email <---> Revenue ","21008","BEST BUY RVS INC","3250 CHESTER BLVD","RICHMOND","IN","47374","Wayne","","7659657589","","DENNIS RUNZER","President","M","16800000","60","556100","Recreational","4","0","1"
"48506","Beaty Construction Inc","fweatherford@beatyinc.com","5292 W 100 N","3178352913","3178352254","162203","Bridge Builders","www.beatyinc.com"," Email <---> Revenue ","234727","Beaty Construction Inc","5292 W 100 N","Boggstown","IN","46110","Shelby","www.beatyinc.com","3178352254","3178352913","Leon Beaty","CEO","Mal","14200000","75","162203","Bridge Build","4","0","1"
"31407","AMT","F_B@amt1st.com","3706 Transportation Dr","2604896923","2604893572","359903","Machine Shops","NULL"," Email <---> Revenue ","214407","AMT","3706 Transportation Dr","Fort Wayne","IN","46818","Allen","","2604893572","2604896923","Fred Burke","CEO","Mal","12300000","100","359903","Machine Shop","4","0","1"
"137703","Creative Press Inc","Gary.Ritchell@C-press-inc.Com","419 S Fulton Ave","8124291501","8124224104","275998","Commercial Printing Nec","NULL"," Email <---> Revenue ","270538","Creative Press Inc","419 S Fulton Ave","Evansville","IN","47708","Vanderburgh","","8124224104","8124291501","Keith Stuckert","President","Mal","18200000","99","275998","Commercial P","4","0","1"
"88154","Nachi America","general@nachi-ind.com","5002 W 79th St","3172289986","3172282378","508522","Industrial Equipment & Supplies (Whol)","www.nachiamerica.com"," Email <---> Revenue ","385888","Nachi America","5002 W 79th St","Indianapolis","IN","46268","Marion","www.nachiamerica.com","3172282378","3172289986","Sam Matsuda","Manager","Mal","14250000","25","508522","Industrial E","4","0","1"
"111524","Thorgren Tool Molding","george@thorgren.com","1100 Evans Ave  Valparaiso","2194621801","null","5251","Tools","thorgren.com"," Email <---> Revenue ","189150","THORGREN TOOL & MOLDING INC","1100 EVANS AVE","VALPARAISO","IN","46383","Porter","","2194621801","2194627941","ROBERT THORGREN JR","President","M","17800000","85","254200","Met Partitio","4","0","1"
"99329","Travel Supreme Inc","glen.troyer@travelsupreme.com","66149 State Road 19","5748622065","5748624484","379202","Trailers-Camping & Travel-Manufacturers","NULL"," Email <---> Revenue ","192320","TRAVEL SUPREME INC","66149 STATE ROAD 19","WAKARUSA","IN","46573","Elkhart","","5748624484","","GLENN TROYER","President","M","10100000","150","379200","Tvl Trailers","4","0","1"
"98471","Glenburn Home","glenburn@rbcreations.com","5th Street NW & Glenburn Road","8128472221","8128472833","509210","Arts & Crafts","null"," Email <---> Revenue ","79359","GLENBURN HOME","RR 2 BOX 208","LINTON","IN","47441","Greene","","8128472221","","NORMA LESHER","Administrator","F","23500000","220","839900","Social Servi","4","0","1"
"135371","Grandview Pharmacy","glenn@grandviewpharmacy.com","2230 North Park Road","7658270847","7658271717","591205","Pharmacies","ASKYOURNURSE.ORG^^ASKYOURPHARMACY.ORG^^GRANDVIEWPHARMACY.COM"," Email <---> Revenue ","313711","Grandview Pharmacy","2230 N Park Rd","Connersville","IN","47331","Fayette","www.grandviewpharmacy.com","7658270847","7658271717","Howard Eldridge","Owner","Mal","18300000","100","591205","Pharmacies","4","2","1"
"10180","Gray Auto Brokers","GrayB@grayauto.com","2260 W Main St","3174671980","3174671555","551103","Automobile Dealers-Used Cars","NULL"," Email <---> Revenue ","314103","Gray Auto Brokers","2260 W Main St","Greenfield","IN","46140","Hancock","www.grayauto.com","3174671555","3174671980","Brad Gray","Owner","Mal","12940000","20","551103","Automobile D","4","1","1"
"4491","Kramer & Leonard Office Prods","Greg@kramerleonard.com","312 Roberts Rd","2199294686","2199261171","502112","Office Furniture & Equip-Dealers (Whol)","NULL"," Email <---> Revenue ","111154","KRAMER & LEONARD OFFICE PRODS","312 ROBERTS RD","CHESTERTON","IN","46304","Porter","","2199261171","","GREG FOX","President","M","12800000","60","502101","Off,Public B","4","0","1"
"188060","Bennett's Greenhouse","gretchen@bennettsgreenhouse.com","3651 Mccarty Ln","7654473464","7654477636","018101","Greenhouses","NULL"," Email <---> Revenue ","236160","Bennett's Greenhouse","3651 Mccarty Ln","Lafayette","IN","47905","Tippecanoe","","7654477636","7654473464","Ellen Kaizer","Owner","Fem","18600000","100","18101","Greenhouses","4","0","1"
"166133","Challenge Tool & Mfg","gswift@ctm-inc.com","11725 Lincoln Hwy E","2607499558","2607496724","359903","Machine Shops","www.ctm-inc.com"," Email <---> Revenue ","35650","CHALLENGE TOOL & MFG","11725 LINCOLN HWY E","NEW HAVEN","IN","46774","Allen","","2607499558","2607496724","LARRY REDMON","President","M","10000000","120","359900","Industrial M","4","0","1"
"185980","Strahm Contract Interiors","G_Jeff@sgiinc.com","6321 Huguenard Rd","2604891813","2604892537","738902","Interior Decorators Design & Consultants","NULL"," Email <---> Revenue ","446058","Strahm Contract Interiors","6321 Huguenard Rd","Fort Wayne","IN","46818","Allen","www.sgiinc.com","2604892537","2604891813","Jeff Graves","Owner","Mal","14100000","150","738902","Interior Dec","4","0","1"
"89058","B & H Electric","H-Greg@bandhelectric.com","PO Box 1005","8125225313","8125225607","506333","Electric Motors-Dlrs/Repairing (Whol)","NULL"," Email <---> Revenue ","230833","B & H Electric","740 C Ave E","Seymour","IN","47274","Jackson","","8125225607","8125225313","Greg Hunt","Owner","Mal","18424000","28","506333","Electric Mot","4","0","1"
"73410","Cornerstone Systems","H-Hill@csihome.com","3510 S Keystone Ave # D","NULL","3177836800","509223","Wholesalers","NULL"," Email <---> Revenue ","268048","Cornerstone Systems","3510 S Keystone Ave # D","Indianapolis","IN","46227","Marion","","3177836800","","Howard Hill","Owner","Mal","13032000","18","509223","Wholesalers","4","0","1"
"132748","yoyobarn productions","HAGGARD@STOCKING.COM","5318 Victory Drive","3177884661","null","8999","Services NEC","haggard-stocking.com"," Email <---> Revenue ","84614","HAGGARD-STOCKING COMPUTER","5318 VICTORY DR","INDIANAPOLIS","IN","46203","Marion","","3177884661","3177881645","HERBERT HAGGARD","President","M","10400000","60","329100","Mfg Abrasive","4","0","1"
"168490","Sanders Office Products","HarryS@sandersop.com","3902 Madison Ave # A","3177883934","3177876393","594301","Office Supplies","NULL"," Email <---> Revenue ","427950","Sanders Office Products","3902 Madison Ave # A","Indianapolis","IN","46227","Marion","www.sandersop.com","3177876393","3177883934","Harry Sanders","President","Mal","11000000","57","594301","Office Suppl","4","0","1"
"189355","Cable Plastics Reclaiming","Henry@cableplasticsreclaiming.net","755 S 500 W","2193247821","2193265500","509312","Recycling Centers (Wholesale)","NULL"," Email <---> Revenue ","249755","Cable Plastics Reclaiming","755 S 500 W","Laporte","IN","46350","La Porte","www.cableplasticsreclaiming.net","2193265500","2193247821","Henry Boch","Owner","Mal","17560000","40","509312","Recycling Ce","4","0","1"
"192876","Aloette Cosmetics","HornerShirley@aloettecosmetics.com","242 Crabapple Ln","NULL","2194767017","599992","Cosmetics & Perfumes-Retail","NULL"," Email <---> Revenue ","8755","ALOETTE COSMETICS","242 CRABAPPLE LN","VALPARAISO","IN","46383","Porter","","2194767017","","SHIRLEY HORNER","President","F","14900000","100","599913","Toiletries,C","4","0","1"
"91444","Hinshaw Roofing & Sheet Metal","HRCROOF@HONSLINE.NET","2845 Roadway Drive","8123728409","null","176109","Roofing Contractors","null"," Email <---> Revenue ","93408","HRC ROOFING & SHEET METAL CO","2845 ROADWAY DR","COLUMBUS","IN","47201","Bartholomew","","8123728409","8123726836","THOMAS HINSHAW","Vice-President","M","11400000","65","344400","Sheet Metal ","4","0","1"
"187724","Heckman Bindery","HS@boundtoplease.com","1010 N Sycamore St","2609821104","2609822107","278902","Bookbinders","NULL"," Email <---> Revenue ","88363","HECKMAN BINDERY","1010 N SYCAMORE ST","N MANCHESTER","IN","46962","Wabash","","2609822107","","JAY FAIRFIELD","President","M","20800000","400","278900","Bookbinding,","4","0","1"
"177012","Mark's Rv Sales","internetsales@marksrv.net","5935 W 225 N","3178986718","3178986718","556101","Recreational Vehicles-Equip/Parts/Svc","www.marksrv.net"," Email <---> Revenue ","370172","Mark's Rv Sales","5935 W 225 N","Greenfield","IN","46140","Hancock","www.marksrv.net","3178986676","3178986718","Mark Stout","Owner","Mal","17840000","40","556101","Recreational","4","0","1"
"39895","Ineman Associates Ltd","jack@shadelanddodge.com","null","3173578001","3173512652","8999","Services NEC","shadelanddodge.com"," Email <---> Revenue ","77816","GENE BELTZ SHADELAND DODGE INC","1630 N SHADELAND AVE","INDIANAPOLIS","IN","46219","Marion","","3173578001","","KEVIN BELTZ","Owner","M","19400000","48","551100","New & Used C","4","0","1"
"184468","Elkhart Park & Recreation","jamie.kochanowski@coei.net","131 Tyler St","5745227808","5742957275","799951","Provincial Parks","www.elkhartindiana.org"," Email <---> Revenue ","291089","Elkhart Park & Recreation","131 Tyler St","Elkhart","IN","46516","Elkhart","www.elkhartindiana.org","5742957275","5745227808","Bob Edel","Administrator","Mal","10332000","123","799951","Parks","4","0","1"
"80673","Mid-West Correct Craft Inc","jeff@nautique.com","4340 W Orland Rd","2608332190","2608332226","555104","Boat Dealers Sales & Service","www.nautique.com"," Email <---> Revenue ","378241","Mid-West Correct Craft Inc","4340 W Orland Rd","Angola","IN","46703","Steuben","www.nautique.com","2608332226","2608332190","Ken Meloon","President","Mal","14000000","20","555104","Boat Dealers","4","0","1"
"132343","Butler-Fairman & Seufert Inc","jeffersonville@bfsengr.com","8450 Westfield Rd # 300","3177134616","3177134615","871111","Engineers-Consulting","www.bfsengr.com"," Email <---> Revenue ","247478","Butler-Fairman & Seufert Inc","8450 Westfield Rd # 300","Indianapolis","IN","46240","Marion","www.bfsengr.com","3177134615","3177134616","John W Brand","President","Mal","15800000","100","871111","Engineers-Co","4","0","1"
"115465","Corporate Finance Assoc","JennyW@cfaw.com","2368 Woods Edge Dr","NULL","8125741051","738995","Merchandise Brokers","NULL"," Email <---> Revenue ","45861","CORPORATE FINANCE ASSOC","2368 WOODS EDGE DR","MADISON","IN","47250","Jefferson","","8125741051","","JENNY WENDEL","President","F","11300000","122","738901","Pers Svc Agt","4","1","1"
"126061","B & W Plumbing Heating & AC","Jerry@bplusw.com","2101 Cunningham Rd","3172434444","3172433581","171117","Air Conditioning Contractors & Systems","NULL"," Email <---> Revenue ","231071","B & W Plumbing Heating & AC","2101 Cunningham Rd","Speedway","IN","46224","Marion","www.bplusw.com","3172433581","3172434444","Jerry Bratton","Owner","Mal","17520000","120","171117","Air Conditio","4","0","1"
"169704","Koetter & Smith Inc","jerry@browseryshop.com","8991 Louis Smith Rd","8129236422","8129235111","599990","Wood Products","www.koettersmith.com"," Email <---> Revenue ","110645","KOETTER & SMITH INC","8991 LOUIS SMITH RD","BORDEN","IN","47106","Clark","","8129235111","","MATT SMITH","Manager","M","10500000","60","599900","Misc Retail ","4","0","1"
"114715","Harcourt Outlines Inc","jharcourt@harcourtoutlines.com","7765 S 175 W","7656292849","7656292675","358101","Vending Machines-Manufacturers","NULL"," Email <---> Revenue ","86199","HARCOURT OUTLINES INC","7765 S 175 W","MILROY","IN","46156","","","7656292675","","JEAN ANN HARCOURT","President","F","13400000","150","358100","Automatic Ve","4","0","1"
"179242","Core-Tech Inc","jim.corbett@core-tech-inc.com","6000 Maumee Rd","2607484478","2607484477","508485","Foundry Equipment & Supplies (Wholesale)","NULL"," Email <---> Revenue ","45546","CORE-TECH INC","6000 MAUMEE RD","FORT WAYNE","IN","46803","Allen","","2607484477","","MIKE ROSELLE","Owner","M","12200000","72","508400","Indus Mchy &","4","0","1"
"116268","CSO Interiors","Jim.Schellinger@cso-arch.com","9100 Keystone Xing","3175780959","317-848-2800","7389","Business Services","NEC (radio transcription services)"," Email <---> Revenue ","49330","CSO INTERIORS","280 E 96TH ST STE 200","INDIANAPOLIS","IN","46240","Hamilton","","3178482800","","JIM SCHELLINGER","President","M","20700000","92","738906","Interior Des","4","0","1"
"89848","Impressions","Jim.Siegmann@hotimpressions.com","1227 W Beardsley Ave","5745220945","5742956500","275998","Commercial Printing Nec","NULL"," Email <---> Revenue ","331810","Impressions","1227 W Beardsley Ave","Elkhart","IN","46514","Elkhart","","5742956500","5745220945","Jim Siegmann","Owner","Mal","10582000","74","275998","Commercial P","4","0","1"
"171804","Morris Sheet Metal Corp","jim@morrissheetmetal.com","6212 Highview Dr","2604895227","2604971300","171103","Sheet Metal Work Contractors","www.morrissheetmetal.com"," Email <---> Revenue ","133567","MORRIS SHEET METAL CORP","6212 HIGHVIEW DR","FORT WAYNE","IN","46818","Allen","","2604971300","2604895227","JIM MORRIS","President","M","17500000","100","176105","Sheet Metal ","4","0","1"
"114626","River Bend Hose Specialty","Jim@riverbendhose.com","1111 S Main St","5742822244","5742331133","508518","Hose & Tubing-Rubber & Plastic (Whol)","NULL"," Email <---> Revenue ","420607","River Bend Hose Specialty","1111 S Main St","South Bend","IN","46601","St Joseph","www.riverbendhose.com","5742331133","5742822244","Jim Betz","Owner","Mal","19950000","35","508518","Hose & Tubin","4","0","1"
"113335","TMI Mechanical Contractors","Jim@tmicontractors.com","331 W 2nd St","8128381461","8128384715","344106","Steel-Structural (Manufacturers)","NULL"," Email <---> Revenue ","451152","TMI Mechanical Contractors","331 W 2nd St","Mt Vernon","IN","47620","Posey","","8128384715","8128381461","Jim Tron","President","Mal","10950000","50","344106","Steel-Struct","4","0","1"
"130633","White County Remc","jlandrum@whitecountyremc.com","302 N 6th St","5745834156","574-583-7161","491101","Electric Companies","NULL"," Email <---> Revenue ","475659","White County REMC","302 N 6th St","Monticello","IN","47960","White","www.whitecountyremc.com","5745837161","5745834156","Jack Landrum","CEO","Mal","17248000","28","491101","Electric Com","4","0","1"
"67417","Indiana Sugars Inc","john.whitt@buysugar.com","911 Virginia St","2198865124","2198869151","514101","Food Products (Wholesale)","NULL"," Email <---> Revenue ","96770","INDIANA SUGARS INC","911 VIRGINIA ST","GARY","IN","46402","Lake","","2198869151","","RON YONOVER","Owner","M","13400000","75","514100","Whl Gen Groc","4","0","1"
"136134","Equalizer Systems","John.Woodhull@equalizersystems.com","PO Box 668","5742666083","5742643437","508520","Hydraulic Equipment & Supplies (Whol)","NULL"," Email <---> Revenue ","64937","EQUALIZER SYSTEMS","PO BOX 668","ELKHART","IN","46515","Elkhart","","5742643437","","JOHN WOODHULL","President","M","15600000","90","351100","Turbines,Gen","4","0","1"
"179987","Hamilton Graphics","John@hamilton-graphics.com","9150 E 33rd St","3178989353","3178972480","733603","Graphic Designers","NULL"," Email <---> Revenue ","85400","HAMILTON GRAPHICS","9150 E 33RD ST","INDIANAPOLIS","IN","46235","Marion","","3178972480","","JOHN PATTEN","President","M","12300000","70","733601","Art Design S","4","0","1"
"139947","Rowe Truck Equipment","John@rowetruck.com","PO Box 386","7655832907","7655834461","526132","Snow Removal Equipment-Retail","NULL"," Email <---> Revenue ","165457","ROWE TRUCK EQUIPMENT","PO BOX 386","OTTERBEIN","IN","47970","Benton","","7655834461","","JOHN ROWE","Owner","M","17500000","100","526101","Lawn,Garden ","4","0","1"
"174717","Fabric Services","JohnRegan@fabserv.com","103 Hinsdale Farm Rd","5748481776","5748485100","229598","Coated Fabrics-Not Rubberized (Mfrs)","NULL"," Email <---> Revenue ","295369","Fabric Services","103 Hinsdale Farm Rd","Bristol","IN","46507","Elkhart","www.fabserv.com","5748485100","5748481776","John Regan","CEO","Mal","17430000","70","229598","Coated Fabri","4","0","1"
"160690","Star Case Mfg Co","jsfader@warpgear.com","648 Superior Ave","7032578615","2199224440","509906","Luggage-Wholesale","www.manassas.k12.va.us"," Email <---> Revenue ","442753","Star Case Mfg Co","648 Superior Ave","Munster","IN","46321","Lake","www.starcase.com","2199224440","2199224442","Dennis Toma","Owner","Mal","18880000","20","509906","Luggage-Whol","4","0","1"
"134281","Drexel Interiors","jthimmesch@homevalu.com","3217 N Shadeland Ave","2627869787","3175452174","571211","Kitchen Cabinets & Equipment-Household","www.drexelinteriors.com"," Email <---> Revenue ","59100","DREXEL INTERIORS","3217 N SHADELAND AVE","INDIANAPOLIS","IN","46226","Marion","","3175452174","","ALLEN WEISENBURGER","Manager","M","24000000","150","571203","Cabinets Ex ","4","0","1"
"121465","Advanced Services LLC","julie@rnthompson.com","234 South Franklin Road","3173562451","3173530684","8999","Services NEC","RNTHOMPSON.COM"," Email <---> Revenue ","157735","R N THOMPSON & ASSOC CONTRS","234 S FRANKLIN RD","INDIANAPOLIS","IN","46219","Marion","","3173562451","","R N THOMPSON","Owner","M","16900000","80","655200","Subdividers ","4","0","1"
"188415","CED Evansville Supply Co","jwarren@cedevansville.com","4720 N Spring St","8124248779","8124247541","506330","Electric Equipment & Supplies-Wholesale","www.cedevsupply.com"," Email <---> Revenue ","248933","CED Evansville Supply Co","4720 N Spring St","Evansville","IN","47711","Vanderburgh","www.cedevsupply.com","8124247541","8124248779","Greg Evard","Manager","Mal","19740000","30","506330","Electric Equ","4","0","1"
"133796","J D Byrider Systems","K.Brooks@jdbyridercarsales.com","3521 Grape Rd","5742521012","5742521000","551103","Automobile Dealers-Used Cars","NULL"," Email <---> Revenue ","337765","J D Byrider Systems","3521 Grape Rd","Mishawaka","IN","46545","St Joseph","","5742521000","5742521012","Kevin Brooks","Owner","Mal","14881000","23","551103","Automobile D","4","1","1"
"88749","Acra-Line Products Inc","kdavis@acraline.com","PO Box 417","7656756150","7656758841","351101","Turbines-Manufacturers","NULL"," Email <---> Revenue ","215996","Acra-Line Products Inc","641 Cleveland St","Tipton","IN","46072","Tipton","","7656758841","7656756150","Kevin Davis","Owner","Mal","18000000","130","351101","Turbines-Man","4","0","1"
"125080","Alliance Winding Equipment Inc","keith.moser@alliance-winding.com","3939 Vanguard Dr","2604781846","2604782200","359905","Machinery-Specially Designed & Built","NULL"," Email <---> Revenue ","8285","ALLIANCE WINDING EQUIPMENT INC","3939 VANGUARD DR","FORT WAYNE","IN","46809","Allen","","2604782200","","KEITH MOSER","President","M","12800000","75","354400","Spc Dies, Tl","4","0","1"
"100843","Performance Solutions","kelly.andersen@perfval.com","2601 Fortune Cir E # 200c","3172480464","3172488848","871133","Engineers-Professional","www.perfval.com"," Email <---> Revenue ","148802","PERFORMANCE SOLUTIONS","2601 FORTUNE CIR E STE 200C","INDIANAPOLIS","IN","46241","Marion","","3172488848","","PHILLIP BURNS","Manager","M","10000000","100","871100","Engineering ","4","0","1"
"81542","Haverstick Consulting Inc","ken.stoughton@haverstickconsulting.com","11405 N Pennsylvania St # 210","3172181701","3172181700","737108","Computer-Software Developers","NULL"," Email <---> Revenue ","321486","Haverstick Consulting Inc","11405 N Pennsylvania St # 210","Carmel","IN","46032","Hamilton","www.haverstickconsulting.com","3172181700","3172181701","Howard Bates","Owner","Mal","14130000","90","737108","Computer-Sof","4","0","1"
"168441","Just Desserts","Kevin.Goudie@justdesserts.com","7768 Zionsville Rd # 300","3178705620","3178722253","514902","Bakers-Wholesale","NULL"," Email <---> Revenue ","106182","JUST DESSERTS","7768 ZIONSVILLE RD STE 300","INDIANAPOLIS","IN","46268","Marion","","3178722253","","KEVIN GOUDIE","President","M","17200000","330","205100","Bread,Rel Ba","4","0","1"
"194810","Shipshewana Auction & Flea Mkt","KevinL@tradingplaceamerica.com","PO Box 185","2607687041","2607684120","738901","Auctioneers","NULL"," Email <---> Revenue ","172298","SHIPSHEWANA AUCTION & FLEA MKT","345 S VAN BUREN ST","SHIPSHEWANA","IN","46565","","","2607684120","2607687041","KEVIN LAMBRIGHT","President","M","20300000","90","738914","Auction Appr","4","0","1"
"177378","Larry Robertson Associates; Inc","kidglove@on-net.net","3185 N Shadeland Ave","3178997475","3178997484","7389","Business Services NEC","kidglove.com"," Email <---> Revenue ","350881","Kid Glove Warehouse","3049 N Post Rd","Indianapolis","IN","46226","Marion","www.kidglove.com","3178997475","3178997484","Marc Anness","Manager","Mal","11985000","85","421212","Trucking-Loc","4","0","1"
"131277","Corporate Design Inc","kmccombs@cdi-ofusa.com","1419 W Lloyd Expy # 400","8124223413","8124223000","502112","Office Furniture & Equip-Dealers (Whol)","www.cdi-ofusa.com"," Email <---> Revenue ","268111","Corporate Design Inc","1419 W Lloyd Expy # 400","Evansville","IN","47710","Vanderburgh","www.cdi-ofusa.com","8124223000","8124223413","Mike Small","President","Mal","17130000","30","502112","Office Furni","4","0","1"
"31760","United Remc","kquickery@unitedremc.com","4563 E Markle Rd","2607583157","260-758-3155","491101","Electric Companies","NULL"," Email <---> Revenue ","464790","United REMC","4563 E Markle Rd","Huntington","IN","46750","Huntington","www.unitedremc.com","2607583155","2607583157","Kevin Quickery","CEO","Mal","19096000","31","491101","Electric Com","4","0","1"
"87207","American Models Intl Modeling","K_Nance@kraignance.com","PO Box 6474","NULL","8124225064","736301","Modeling Agencies","NULL"," Email <---> Revenue ","223101","American Models Intl Modeling","PO Box 6474","Evansville","IN","47719","Vanderburgh","www.kraignance.com","8124225064","","Kraig Nance","Owner","Mal","15000000","500","736301","Modeling Age","4","1","1"
"185195","Estes Design & Mfg Inc","laestes@estesdm.com","470 S Mitthoeffer Rd","3178982034","3178992203","344198","Fabricated Structural Metal (Mfrs)","NULL"," Email <---> Revenue ","293430","Estes Design & Mfg Inc","470 S Mitthoeffer Rd","Indianapolis","IN","46229","Marion","www.estesdm.com","3178992203","3178982034","Larry A Estes","President","Mal","18396000","84","344198","Fabricated S","4","0","1"
"9615","Top Shelf","LingerichGreg@topshelfinc.com","550 N Line St","2602444643","2602447858","554101","Service Stations-Gasoline & Oil","NULL"," Email <---> Revenue ","457665","Top Shelf","550 N Line St","Columbia City","IN","46725","Whitley","","2602447858","2602444643","Greg Lingerich","Owner","Mal","13500000","45","554101","Service Stat","4","0","1"
"83767","Weiss Prestaining Co","Matt.Weiss@weissinc.net","3522 S State Road 104","2193699106","2193699111","521118","Siding Materials","NULL"," Email <---> Revenue ","473523","Weiss Prestaining Co","3522 S State Road 104","Laporte","IN","46350","La Porte","www.weissinc.net","2193699111","2193699106","Matt Weiss","Owner","Mal","12900000","50","521118","Siding Mater","4","0","1"
"173409","Browning Investments","MBrowning@browninginvestments.com","6100 W 96th St # 250","3173447400","3173447300","651202","Office Buildings & Parks","NULL"," Email <---> Revenue ","244977","Browning Investments","6100 W 96th St # 250","Indianapolis","IN","46278","Marion","www.browninginvestments.com","3173447300","3173447400","Michael Browning","Owner","Mal","13080000","40","651202","Office Build","4","0","1"
"17575","Grassroots Productions","mdavis@ctigroup.com","333 North Alabama Street Suite 240","3172624666","null","8999","Services NEC","http://www.ctigroup.com"," Email <---> Revenue ","118312","LOCKERBIE MARKET PLACE","333 N ALABAMA ST STE 240","INDIANAPOLIS","IN","46204","Marion","","3172624666","","JOHN BIRBECK","Chief Executive Office","M","12800000","146","874203","Mrkting Cons","4","0","1"
"167637","Tri County Communications","michael.ogden@tdstelecom.com","117 E Washington St","7653397999","7655383311","484101","Television-Cable & Catv","www.tdstelecom.com"," Email <---> Revenue ","459405","Tri County Communications","117 E Washington St","New Richmond","IN","47967","Montgomery","www.tdstelecom.com","7655383311","7653397999","Robert Warnick","Manager","Mal","10170000","30","484101","Television-C","4","0","1"
"103470","JSI","Mike@jsiwatertreatment.com","8084 W County Road 25 S","8129369979","8129369977","252198","Wood-Office Furniture (Manufacturers)","NULL"," Email <---> Revenue ","338851","JSI","8084 W County Road 25 S","French Lick","IN","47432","Orange","","8129369977","8129369979","Mike Elliott","President","Mal","14520000","110","252198","Wood-Office ","4","0","1"
"71372","United Security Alarms","Mike@unitedsecurityalarmsgps.com","415 N Earl Ave # 2","8122429121","8122328977","506324","Burglar Alarm Systems (Wholesale)","NULL"," Email <---> Revenue ","464832","United Security Alarms","415 N Earl Ave # 2","Lafayette","IN","47904","Tippecanoe","","8122328977","8122429121","Mike Craft","President","Mal","16450000","25","506324","Burglar Alar","4","0","1"
"133474","Hinsdale Farms","MiltSmith@fdreports.com","605 Kesco Dr","5748480355","5748480344","209903","Food Products & Manufacturers","NULL"," Email <---> Revenue ","90258","HINSDALE FARMS","605 KESCO DR","BRISTOL","IN","46507","Elkhart","","5748480344","","PHIL SMITH","Owner","M","23100000","300","209900","Food Prepara","4","0","1"
"136168","Georgetown Market","Montieth@georgetownmarket.com","4375 Georgetown Rd","3172167479","3172939525","549901","Health & Diet Foods-Retail","NULL"," Email <---> Revenue ","78357","GEORGETOWN MARKET","4375 GEORGETOWN RD","INDIANAPOLIS","IN","46254","Marion","","3172939525","","RICHARD MONTIETH","Owner","M","10500000","60","549901","Health & Die","4","0","1"
"132906","Carbolite Foods","Morrison@carbolitedirect.com","1325 Newton Ave","8124850006","8124850002","209903","Food Products & Manufacturers","NULL"," Email <---> Revenue ","251536","Carbolite Foods","1325 Newton Ave","Evansville","IN","47715","Vanderburgh","www.carbolitedirect.com","8124850002","8124850006","Gerry Morrison","Owner","Mal","11040000","40","209903","Food Product","4","0","1"
"114989","Valley Research Inc","msegraves@e-vr.com","3502 N Olive Rd","5742322468","5742325000","289905","Chemicals-Manufacturers","www.valleyenzymes.com"," Email <---> Revenue ","466200","Valley Research Inc","3502 N Olive Rd","South Bend","IN","46628","St Joseph","www.valleyenzymes.com","5742325000","5742322468","Art Sears","President","Mal","14640000","40","289905","Chemicals-Ma","4","0","1"
"176198","Aqua Marine","N.Joe@tedsaquamarine.com","4600 Bluff Rd","3177823075","3177862254","555104","Boat Dealers Sales & Service","NULL"," Email <---> Revenue ","226204","Aqua Marine","4600 Bluff Rd","Indianapolis","IN","46217","Marion","www.tedsaquamarine.com","3177862254","3177823075","Joe Novicky","Owner","Mal","12200000","33","555104","Boat Dealers","4","0","1"
"174289","Orion America Inc","nelda.chestnut@orionamerica.com","PO Box 1129","8123855200","8123863000","365111","Television-Manufacturers","NULL"," Email <---> Revenue ","143843","ORION AMERICA INC","PO BOX 1129","PRINCETON","IN","47670","Gibson","","8123863000","","F OTAKE","President","M","14000000","200","365100","Hhl Audio,Vi","4","0","1"
"185114","Pool City","NewettC@shoppoolcity.com","940 Fry Rd","3178857013","3178883933","508406","Barbecue Equipment & Supplies (Whol)","NULL"," Email <---> Revenue ","406659","Pool City","940 Fry Rd","Greenwood","IN","46142","Johnson","www.poolcityusa.net","3178883933","3178857013","Chris Newett","President","Mal","10880000","20","508406","Barbecue Equ","4","0","1"
"194362","Auntie Anne's Hand Rolled Soft","nutrition@auntieannesinc.com","4201 Coldwater Rd","2604827601","2604869894","514507","Pretzels (Wholesale)","www.auntieannes.com"," Email <---> Revenue ","229213","Auntie Anne's Hand Rolled Soft","4201 Coldwater Rd","Fort Wayne","IN","46805","Allen","www.auntieannes.com","2604827601","2604869894","Kermit Byler","Owner","Mal","16520000","28","514507","Pretzels (Wh","4","0","1"
"191080","OKI Systems Inc","okiweb06@okisys.com","7640 Moller Rd","7409284232","3178757233","508457","Trucks-Industrial (Wholesale)","www.okisys.com"," Email <---> Revenue ","142372","OKI SYSTEMS INC","7640 MOLLER RD","INDIANAPOLIS","IN","46268","Marion","","3178757233","","STEVEN PANNEOZ","Manager","M","14100000","83","508408","Mats Handlin","4","0","1"
"137899","Maid Brigade","Pagel@maidbrigade.com","5230 Madison Ave # B","NULL","3177816243","734922","House Cleaning","NULL"," Email <---> Revenue ","121310","MAID BRIGADE","5230 MADISON AVE STE B","INDIANAPOLIS","IN","46227","Marion","","3177816243","","LINCOLN PAGEL","Owner","M","23400000","2112","736303","Maid & Butle","4","0","1"
"118627","Club Rio","Paskins_Don@clubrioindy.com","5054 W 38th St","3172974205","3172916818","792227","Entertainers-Adult","NULL"," Email <---> Revenue ","263272","Club Rio","5054 W 38th St","Indianapolis","IN","46254","Marion","www.clubrioindy.com","3172916818","3172974205","Don Paskins","Owner","Mal","14100000","100","792227","Entertainers","4","0","1"
"98472","Mobel Inc","paul.ruhe@mobel.com","2130 Industrial Park Rd","8123672714","8123671214","259901","Furniture-Manufacturers","NULL"," Email <---> Revenue ","132285","MOBEL INC","2130 INDUSTRIAL PARK RD","FERDINAND","IN","47532","Dubois","","8123671214","","KEN LAMKIN","President","M","11600000","247","259900","Frn & Fixtur","4","0","1"
"82739","Consolidated Fabrications","paul@consfab.com","3851 Ellsworth St","2198846652","2198846150","399906","Assembly & Fabricating Service","www.consfab.com"," Email <---> Revenue ","266807","Consolidated Fabrications","3851 Ellsworth St","Gary","IN","46408","Lake","www.consfab.com","2198846150","2198846652","Ron Spork","President","Mal","14410000","110","399906","Assembly & F","4","0","1"
"142368","Protection One Inc","paulpatterson@protectionone.com","62 S Park Blvd","6022541151","3172641815","506324","Burglar Alarm Systems (Wholesale)","www.ProtectionOne.com"," Email <---> Revenue ","410371","Protection One Inc","62 S Park Blvd","Greenwood","IN","46143","Johnson","www.protectionone.com","3172641815","","Ted Mc Kay","Manager","Mal","13160000","20","506324","Burglar Alar","4","0","1"
"194647","Centennial Communications","phillip.mayberry@centennialcom.com","6302 Constitution Dr","2604369472","2604369890","599902","Cellular Telephones-Equipment & Supls","NULL"," Email <---> Revenue ","254754","Centennial Communications","6302 Constitution Dr","Fort Wayne","IN","46804","Allen","www.centennial.com","2604369890","2604369472","Phil Mayberry","President","Mal","16750000","125","599902","Cellular Tel","4","0","1"
"117515","Bright Sheet Metal","PhilMeyers@goldstarkr.com","4212 W 71st St","3172917604","3172917600","344403","Sheet Metal Fabricators","NULL"," Email <---> Revenue ","26652","BRIGHT SHEET METAL","4212 W 71ST ST","INDIANAPOLIS","IN","46268","Marion","","3172917600","","PHILIP MEYERS","President","M","15600000","200","344400","Sheet Metal ","4","0","1"
"186842","Champion Manufacturing","Promanetz@championchair.com","2601 Industrial Pkwy","5742935760","5742956893","384104","Physicians & Surgeons Equip & Supls-Mfrs","NULL"," Email <---> Revenue ","256078","Champion Manufacturing","2601 Industrial Pkwy","Elkhart","IN","46516","Elkhart","www.championchair.com","5742956893","5742935760","Paul Romanetz","Owner","Mal","11200000","50","384104","Physicians &","4","0","1"
"195979","Simplex Grinnell","ptately@tycoint.com","2451 N Cullen Ave","8012629423","8124239000","506308","Fire Alarm Systems (Wholesale)","www.simplexgrinnell.com"," Email <---> Revenue ","435071","Simplex Grinnell","2451 N Cullen Ave","Evansville","IN","47715","Vanderburgh","www.simplexgrinnell.com","8124239000","8124239224","Keenan Carver","President","Mal","22372000","34","506308","Fire Alarm S","4","0","1"
"56574","Paoli Peaks Inc","rbarcroft@paolipeaks.com","2798 W County Road 25 S","8127232300","8127234696","701111","Resorts","www.paolipeaks.com"," Email <---> Revenue ","398259","Paoli Peaks Inc","2798 W County Road 25 S","Paoli","IN","47454","Orange","www.paolipeaks.com","8127234696","8127232300","Jody Ream","Plant Mgr","Mal","22500000","300","701111","Resorts","4","1","1"
"31361","Saco Industries Inc","reel@sacoindustries.com","PO Box 342","2196962232","2196962800","243401","Cabinets-Manufacturers","NULL"," Email <---> Revenue ","166881","SACO INDUSTRIES INC","17151 MORSE ST","LOWELL","IN","46356","Lake","","2196962800","2196962232","RON BERGSTROM","President","M","14000000","200","243400","Wd Kitchen C","4","0","1"
"128274","Dugan Ford","Rex-Dugan@autobydugan.com","PO Box 168","3177452542","3177454421","551105","Truck-Dealers","NULL"," Email <---> Revenue ","285849","Dugan Ford","1475 E Main St","Danville","IN","46122","Hendricks","www.autobydugan.com","3177454421","3177452542","Rex Dugan","Owner","Mal","12940000","20","551105","Truck-Dealer","4","2","1"
"95397","Hessville Cable & Slings","RGeorge@hessvillecable.com","1601 Cline Ave","2199448224","2199447200","349603","Slings (Manufacturers)","NULL"," Email <---> Revenue ","89373","HESSVILLE CABLE & SLINGS","1601 CLINE AVE","GARY","IN","46406","Lake","","2199447200","","GEORGE RANDALL","President","M","10100000","45","349600","Misc Fab Wir","4","0","1"
"39378","Frontier Kemper Construction","RippentropGalyn@frontierkemper.com","1695 Allen Rd","8124280337","8124262741","162932","Abrasive Cutting","NULL"," Email <---> Revenue ","305840","Frontier Kemper Construction","1695 Allen Rd","Evansville","IN","47710","Vanderburgh","www.frontierkemper.com","8124262741","8124280337","Galyn Rippentrop","President","Mal","16700000","100","162932","Abrasive Cut","4","0","1"
"78104","Futurex","rkremer@formflexproducts.com","Po Box 158","7654983979","765-498-3900","2821","Plastics Materials","Synthetic and Resins"," Email <---> Revenue ","76040","FUTUREX","PO BOX 158","BLOOMINGDALE","IN","47832","","","7654983900","","BRENT THOMPSON","Vice-President","M","11600000","150","308100","Unsupported ","4","0","1"
"53282","Knauf Fiber Glass Gmbh","RobertBritton@kfgonline.com","1 Knauf Dr","3173983675","3173984434","321101","Glass-Manufacturers","NULL"," Email <---> Revenue ","110256","KNAUF FIBER GLASS GMBH","1 KNAUF DR","SHELBYVILLE","IN","46176","Shelby","","3173984434","","ROBERT CLAXTON","Chief Executive Office","M","20700000","900","321100","Mfg Flat Gla","4","0","1"
"128749","Johns Manville Intl","robinsonb@jm.com","1215 W Dewey St","4198781297","5745464666","329603","Insulation-Manufacturers","www.jm.com"," Email <---> Revenue ","345132","Johns Manville Intl","1215 W Dewey St","Bremen","IN","46506","Marshall","www.jm.com","5745464666","5745462982","Ray Darmer","Plant Mgr","Mal","18156000","68","329603","Insulation-M","4","0","1"
"154052","Sroufe Healthcare Products Inc","roger@sroufe.com","601 Sroufe St","2608944092","2608944171","384298","Orthopedic Prosthetic/Srgcl Appl (Mfrs)","www.sroufe.com"," Email <---> Revenue ","440612","Sroufe Healthcare Products Inc","601 Sroufe St","Ligonier","IN","46767","Noble","www.sroufe.com","2608944171","2608944092","","","","19012000","97","384298","Orthopedic P","4","0","1"
"192027","Grimmerschmidt Corp","rokraphics@millartinc.com","1015 Hurricane Rd","3177363831","3177368416","356398","Air & Gas Compressors (Manufacturers)","www.grimmerschmidt.com"," Email <---> Revenue ","315963","Grimmerschmidt Corp","1015 Hurricane Rd","Franklin","IN","46131","Johnson","www.grimmerschmidt.com","3177368416","3177363831","Curt Grimmer","Manager","Mal","11000000","35","356398","Air & Gas Co","4","0","1"
"185891","RSC Quality Measurement Co","romi@arsrsc.com","110 Walnut St","8124252844","8124254562","873204","Market Research & Analysis","www.ars-group.com"," Email <---> Revenue ","165708","RSC QUALITY MEASUREMENT CO","110 WALNUT ST","EVANSVILLE","IN","47708","Vanderburgh","","8124254562","","JEFF COX","President","M","22200000","200","873201","Mrkt Anal,Ec","4","0","1"
"102940","South Bend Lathe","rosem@southbendlathe.com","3300 W Sample St","5742361210","5742897771","354107","Machine Tools-Manufacturers","www.southbendlathe.com"," Email <---> Revenue ","437711","South Bend Lathe","3300 W Sample St","South Bend","IN","46619","St Joseph","www.southbendlathe.com","5742897771","5742361210","Carmine Martino","President","Mal","12510000","20","354107","Machine Tool","4","0","1"
"48746","RMC Specialties","Roy@pickrmc.com","400 Fisher St # A","2198362032","2198361222","508508","Spraying Equipment-Wholesale","NULL"," Email <---> Revenue ","413544","RMC Specialties","400 Fisher St # A","Munster","IN","46321","Lake","www.pickrmc.com","2198361222","2198362032","Roy Beck","CEO","Mal","12540000","22","508508","Spraying Equ","4","0","1"
"6668","Morris Mfg & Sales Corp","rshepherd@morrismfg.com","1015 E Mechanic St","8124482892","8124466141","359903","Machine Shops","www.morrismfg.com"," Email <---> Revenue ","133549","MORRIS MFG & SALES CORP","1015 E MECHANIC ST","BRAZIL","IN","47834","Clay","","8124466141","","MIKE MORRIS","Owner","M","12000000","145","359900","Industrial M","4","0","1"
"126238","Wabash Foodservice","R_B@wabashfoodservice.com","PO Box 576","8128828371","8128826066","514501","Candy & Confectionery-Wholesale","NULL"," Email <---> Revenue ","201316","WABASH FOODSERVICE","1075 E RAMSEY RD","VINCENNES","IN","47591","Knox","","8128826066","8128828371","JAYNE YOUNG","Chief Executive Office","F","20900000","115","514500","Whl Confecti","4","0","1"
"64194","Bennington Marine","S-Vogel@benningtonmarine.com","52791 County Road 113","5742661820","5742646336","249902","Wood Products-Manufacturers","NULL"," Email <---> Revenue ","20667","BENNINGTON MARINE","2805 DECIO DR","ELKHART","IN","46514","Elkhart","","5742646336","","STEVE VOGEL","President","M","12100000","170","249900","Wood Product","4","0","1"
"71872","Omnicronix Inc","safreeman@OmniCronix.com","1200 Kitty Hawk","7656890053","7656890052","506519","Electronic Equipment & Supplies-Whol","NULL"," Email <---> Revenue ","394709","Omnicronix Inc","1200 Kitty Hawk","Peru","IN","46970","Miami","www.omnicronix.com","7656890052","7656890053","Scott Freeman","Owner","Mal","15150000","15","506519","Electronic E","4","0","1"
"58523","Paul Harris Stores Inc","saraevans@paulharris.com","5840 Crawfordsville Rd # C","3172475154","3172475136","562101","Women's Apparel-Retail","www.paulharris.com"," Email <---> Revenue ","400266","Paul Harris Stores Inc","5840 Crawfordsville Rd # C","Indianapolis","IN","46224","Marion","www.paulharris.com","3172475136","3172475154","Charlotte Fischer","CEO","Fem","23200000","200","562101","Women's Appa","4","0","1"
"59911","Shaver Motors","save@shavermotors.com","1550 East 61st Ave","2199474151","2199420499","559999","Ret Misc Vehicles Repair Services Plumbing/heating/air","shavermotors.com"," Email <---> Revenue ","130694","MIKE ANDERSON CHEVROLET","1550 E 61ST AVE","MERRILLVILLE","IN","46410","Lake","","2199474151","","MIKE ANDERSON","Owner","M","18200000","45","551100","New & Used C","4","0","1"
"75285","XIOMARA SOLER","scottservices@sisna.com","2000 N Main Street","2196611234","2196612090","8999","Services NEC","null"," Email <---> Revenue ","157088","QUIZNOS","1234 N MAIN ST","CROWN POINT","IN","46307","Lake","","2196611234","","JOHN IATRIDES","Owner","M","21000000","44012","581244","Quick Serv S","4","0","1"
"183180","Pyromation Inc","shannon@pyromation.com","5211 Industrial Rd","2604826805","2604842580","382203","Thermocouples (Manufacturers)","www.pyromation.com"," Email <---> Revenue ","411210","Pyromation Inc","5211 Industrial Rd","Fort Wayne","IN","46825","Allen","www.pyromation.com","2604842580","2604826805","Peter Wilson","President","Mal","14500000","135","382203","Thermocouple","4","0","1"
"176419","Intelex","SkipKaub@ntlx.com","1001 3rd Ave SW","3178166906","3178166900","599904","Telephone Equipment & Supplies","NULL"," Email <---> Revenue ","98683","INTELEX","1001 3RD AVE SW","CARMEL","IN","46032","Hamilton","","3178166900","","SKIP KAUB","President","M","13100000","75","599906","Telephone,Co","4","0","1"
"143807","E B Paving","StebbinsGary@ebpaving.com","286 W 300 N","7656430699","7656435358","295101","Asphalt & Asphalt Products-Manufacturers","NULL"," Email <---> Revenue ","286855","E B Paving","286 W 300 N","Anderson","IN","46012","Madison","www.ebpaving.com","7656435358","7656430699","Gary Stebbins","President","Mal","10980000","20","295101","Asphalt & As","4","0","1"
"53982","Americold Logistics","Steve@americold.net","3320 S Arlington Ave","3173513276","3173521211","422202","Warehouses-Cold Storage","NULL"," Email <---> Revenue ","223597","Americold Logistics","3320 S Arlington Ave","Indianapolis","IN","46203","Marion","","3173521211","3173513276","Steve Coon","President","Mal","22780000","170","422202","Warehouses-C","4","0","1"
"171517","Columbus Industrial Electric","SteveD@ciemotors.com","1625 N Indianapolis Rd","8123720492","8123728414","506333","Electric Motors-Dlrs/Repairing (Whol)","NULL"," Email <---> Revenue ","264497","Columbus Industrial Electric","1625 N Indianapolis Rd","Columbus","IN","47201","Bartholomew","www.ciemotors.com","8123728414","8123720492","Steve Deppe","President","Mal","10528000","16","506333","Electric Mot","4","0","1"
"97761","National Recreation Systems","Steven.Hagan@bleachers.net","5021 Investment Dr","2604827449","2604826023","502121","Bleachers & Grandstands (Wholesale)","NULL"," Email <---> Revenue ","136723","NATIONAL RECREATION SYSTEMS","5120 INVESTMENT DR","FORT WAYNE","IN","46808","Allen","","2604826023","2604827449","STEVEN HAGAN","President","M","12800000","60","253100","Mfg Public B","4","0","1"
"45125","Buildings To Go","Sutton@buildingstogo.com","8811 Robbins Rd","3178029294","3178029293","154210","Buildings-Metal","NULL"," Email <---> Revenue ","246257","Buildings To Go","8811 Robbins Rd","Indianapolis","IN","46268","Marion","","3178029293","3178029294","J Sutton","President","Mal","14454000","33","154210","Buildings-Me","4","0","1"
"84277","Advantage Truck Accessories","T-Dickey@advantagetruckaccessories.com","640 Riverview Ave","5742969316","5745222853","308902","Plastics & Plastic Products (Mfrs)","NULL"," Email <---> Revenue ","217572","Advantage Truck Accessories","640 Riverview Ave","Elkhart","IN","46516","Elkhart","www.advantagetruckaccessories.com","5745222853","5742969316","Terry Dickey","President","Mal","11200000","50","308902","Plastics & P","4","0","1"
"185915","Bakker Produce Inc","tBakker@bakerproduce.com","211 W Main St","2199223636","2199248950","514801","Fruits & Vegetables-Wholesale","NULL"," Email <---> Revenue ","17743","BAKKER PRODUCE INC","211 W MAIN ST","GRIFFITH","IN","46319","Lake","","2199248950","","THOMAS BAKKER","Owner","M","12500000","70","514800","Fresh Fruits","4","0","1"
"169204","Park Pharmacy","tblue@parkpharmacies.com","1501 S Main St  Goshen","2195330502","2195338892","591205","Pharmacies","parkpharmacies.com"," Email <---> Revenue ","398838","Park Pharmacy","1501 S Main St","Goshen","IN","46526","Elkhart","","5745330626","5745338892","Frank Snyder","President","Mal","20020000","20","516920","Oxygen (Whol","4","0","1"
"120520","Sonitrol","thickey@sonitrol.com","219 E Saint Joseph St","9014580723","3172612600","506304","Security Control Equip & Systems-Whol","www.sonitrol.com"," Email <---> Revenue ","437330","Sonitrol","219 E Saint Joseph St","Indianapolis","IN","46202","Marion","www.sonitrol.com","3172612600","3172612609","Dan Garrity","Manager","Mal","19740000","30","506304","Security Con","4","0","1"
"129312","Industrial Steel Co","thomas.jellison@industrialsteel.net","2415 Bryant St","5742941734","5742932558","331204","Steel Processing","NULL"," Email <---> Revenue ","97634","INDUSTRIAL STEEL CO","2415 BRYANT ST","ELKHART","IN","46516","Elkhart","","5742932558","","BJ JELISON","Operations Manager","M","10900000","160","331200","Steel Works","4","0","1"
"159380","Grady Brothers Inc","Thomas.M.Grady@gradybros.com","915 S Somerset Ave","3172405958","3172443343","161101","Paving Contractors","NULL"," Email <---> Revenue ","81068","GRADY BROTHERS INC","915 S SOMERSET AVE","INDIANAPOLIS","IN","46241","Marion","","3172443343","","THOMAS M GRADY","President","M","10200000","80","295100","Asphalt Pavi","4","0","1"
"101127","Thomsons Whitley County Motor Sales","tnt@mail.thomsonsgm.com","3040 East Business 30","2602445111","2602443693","559999","Ret Misc Vehicles Repair Services Plumbing/heating/air","null"," Email <---> Revenue ","189145","THOMSON'S WHITLEY COUNTY MOTOR","3040 E BUSINESS 30","COLUMBIA CITY","IN","46725","Whitley","","2602445111","2602443693","TIM THOMSON","Manager","M","14100000","35","551100","New & Used C","4","0","1"
"68703","Allen Landscape Construction","Tom.Allen@allenlandscape.com","2539 45th St","2199223333","2199243938","526104","Garden Centers","NULL"," Email <---> Revenue ","8111","ALLEN LANDSCAPE CONSTRUCTION","2539 45TH ST","HIGHLAND","IN","46322","Lake","","2199243938","","TOM ALLEN","President","M","15800000","90","526100","Nurs & Garde","4","0","1"
"70513","Sharrett Automotive","tom@tomsharrett.com","Hwy 64 W","8123866193","8123861064","754999","Automotive Services","tomsharrett.com"," Email <---> Revenue ","154433","PRINCETON AUTO PLAZA","2843 W STATE ROAD 64","PRINCETON","IN","47670","Gibson","","8123866193","","PAT LEWIS","Manager","M","20200000","50","551100","New & Used C","4","0","1"
"73845","Saran Industries","Tony.Saran@saranindustries.com","820 S Post Rd","3178958185","3175328751","359903","Machine Shops","NULL"," Email <---> Revenue ","168122","SARAN INDUSTRIES","820 S POST RD","INDIANAPOLIS","IN","46239","Marion","","3175328751","","SAM SARAN","President","M","13300000","160","359900","Industrial M","4","0","1"
"170099","Indy Racing League","Tony_George@indyracing.com","4565 W 16th St","3174926525","3174846526","552103","Automobile Dealers Performance & Race","NULL"," Email <---> Revenue ","334546","Indy Racing League","4565 W 16th St","Indianapolis","IN","46222","Marion","www.indyracing.com","3174846526","3174926525","Tony George","CEO","Mal","21960000","45","552103","Automobile D","4","0","1"
"43993","Tredit Tire & Wheel Co","torouke@tredit.com","57941 Charlotte Ave","5742943239","5742930581","501401","Tire-Distributors","NULL"," Email <---> Revenue ","459218","Tredit Tire & Wheel Co","57941 Charlotte Ave","Elkhart","IN","46517","Elkhart","www.tredit.com","5742930581","5742943239","Terry O'Rourke","President","Mal","17280000","30","501401","Tire-Distrib","4","0","1"
"5450","Harris & Ford","T_Harris@harrisandford.com","9307 E 56th St","3175414700","3175414700","516916","Chemicals (Wholesale)","NULL"," Email <---> Revenue ","320631","Harris & Ford","9307 E 56th St","Indianapolis","IN","46216","Marion","","3175414700","3175414700","Tim Harris","Owner","Mal","20020000","20","516916","Chemicals (W","4","0","1"
"3650","Fulton County REMC","Umbarger-Eldon@fultoncountyremc.com","PO Box 230","5742234353","5742233156","491101","Electric Companies","NULL"," Email <---> Revenue ","306208","Fulton County REMC","1448 W State Road 14","Rochester","IN","46975","Fulton","www.fultoncountyremc.com","5742233156","5742234353","Eldon Umbarger","CEO","Mal","10472000","17","491101","Electric Com","4","0","1"
"175969","Derrick Walker Racing Inc","walker@walkerracing.com","4035 Championship Dr","3173871525","3173871500","552103","Automobile Dealers Performance & Race","www.walkerracing.com"," Email <---> Revenue ","280431","Derrick Walker Racing Inc","4035 Championship Dr","Indianapolis","IN","46268","Marion","www.walkerracing.com","3173871500","3173871525","Derrick Walker","Owner","Mal","19520000","40","552103","Automobile D","4","0","1"
"156814","Quality Concrete","Walter@Qualityconcrete.Com","1367 S State Road 60","8128836664","8128836644","177105","Concrete Contractors","NULL"," Email <---> Revenue ","411475","Quality Concrete","1367 S State Road 60","Salem","IN","47167","Washington","","8128836644","8128836664","Walter Temple","Owner","Mal","11610000","90","177105","Concrete Con","4","0","1"
"175659","C & A Tool Engineering Inc","ward.krause@catool.com","PO Box 94","2606933633","2606932167","738915","Tool Designers","NULL"," Email <---> Revenue ","247731","C & A Tool Engineering Inc","4100 N Us Highway 33","Churubusco","IN","46723","Whitley","www.catool.com","2606932167","2606933633","Richard Conrow","Owner","Mal","24910000","265","738915","Tool Designe","4","0","1"
"70063","Sunnybrook Rv Inc","wchumphrey@sunnybrookrv.com","11756 County Road 14","5748255433","5748255250","379202","Trailers-Camping & Travel-Manufacturers","NULL"," Email <---> Revenue ","184203","SUNNYBROOK RV INC","201 14TH AVE","MIDDLEBURY","IN","46540","Elkhart","","5748255250","","ELVIE FREY","President","F","10100000","150","379200","Tvl Trailers","4","0","1"
"168505","Leveltek Processing","wendy@leveltek.com","3236 N State Road 39","2193268536","2193268530","505111","Metal-Distributors","www.leveltek.com"," Email <---> Revenue ","360179","Leveltek Processing","3236 N State Road 39","Laporte","IN","46350","La Porte","www.leveltek.com","2193268530","2193268536","Mike Kelly","Owner","Mal","20940000","20","505111","Metal-Distri","4","0","1"
"150864","Hartson-Kennedy Cabinet Top Co","wilken@hartson-kennedy.com","PO Box 3095","7656623452","7656688144","243401","Cabinets-Manufacturers","NULL"," Email <---> Revenue ","87010","HARTSON-KENNEDY CABINET TOP CO","522 W 22ND ST","MARION","IN","46953","Grant","","7656688144","7656623452","WILLIAM KENNEDY","Chief Executive Office","M","21000000","300","243400","Wd Kitchen C","4","0","1"
"16465","Manco Products Inc","william.hatlem@mancoprod.com","4404 Engle Ridge Dr","2604327870","2604321596","375198","Motorcycle-Bicycle & Parts (Mfrs)","NULL"," Email <---> Revenue ","121971","MANCO PRODUCTS INC","4404 ENGLE RIDGE DR","FORT WAYNE","IN","46804","Allen","","2604321596","","KENT RICE","President","M","15200000","175","379900","Transportati","4","0","1"
"85374","Maxitrol Security Systems","William@sonitrolev.com","208 NW 3rd St","8124677236","8124261204","506324","Burglar Alarm Systems (Wholesale)","NULL"," Email <---> Revenue ","372940","Maxitrol Security Systems","208 NW 3rd St","Evansville","IN","47708","Vanderburgh","www.sonitrolev.com","8124261204","8124677236","William Standring","President","Mal","19740000","30","506324","Burglar Alar","4","0","1"
"7507","Premier Credit Of North","WolfeT@premiercredit.com","2002 Wellesley Blvd # 100","3178690617","3178690618","732201","Collection Agencies","NULL"," Email <---> Revenue ","153720","PREMIER CREDIT OF NORTH","2002 WELLESLEY BLVD STE 100","INDIANAPOLIS","IN","46219","Marion","","3178690618","","TODD WOLFE","President","M","14000000","100","732200","Claims Colle","4","0","1"
"42070","Wright Motors","wrightmotors@wrightmotors.com","4500 Division St","8124793131","8124744308","559999","Ret Misc Vehicles Repair Services Plumbing/heating/air","wrightmotors.com"," Email <---> Revenue ","209282","WRIGHT MOTORS","4500 E DIVISION ST","EVANSVILLE","IN","47715","Vanderburgh","","8124793131","","GEORGE WRIGHT","Owner","M","20200000","50","551100","New & Used C","4","0","1"
"149349","Genquip Corp","young.yoon@genquip.com","7202 W Mccarty St","3172417204","3172438341","508810","Loading Dock Equipment (Wholesale)","NULL"," Email <---> Revenue ","309657","Genquip Corp","7202 W Mccarty St","Indianapolis","IN","46241","Marion","www.genquip.com","3172438341","3172417204","Young Yoon","President","Mal","22650000","30","508810","Loading Dock","4","0","1"
