mail id,company,email,address,phone,fax,sic,sic description,web,,revenue id,company,address,city,state,zip,	metro,web,phone,fax,contact,position,gender,sales,# of employee,sic,sic_descrpiton,	,,
"172927","A2O Addicted To Marine","Case@a2oinc.com","2005 New Albany Charlestown Rd","8122840847","8122188933","555103","Boat Equipment & Supplies","NULL"," Email <---> Revenue ","213530","A2O Addicted To Marine","2005 New Albany Charlestown Rd","Jeffersonville","IN","47130","Clark","www.a2oinc.com","8122188933","8122840847","Garry Case","Owner","Mal","6308000","19","555103","Boat Equipme","3","0","1"
"58691","Fountain Foundry Corp","castings@fountainfoundry.com","215 W Van Buren St","7652944027","7652942244","332198","Gray & Ductile Iron Foundries","www.fountainfoundry.com"," Email <---> Revenue ","73857","FOUNTAIN FOUNDRY CORP","PO BOX 188","VEEDERSBURG","IN","47987","","","7652942244","","DONALD E CRAFT","President","M","7100000","120","332100","Gray, Ductil","3","0","1"
"145751","Young & Laramore","chadlock@yandl.com","310 E Vermont St","3172648001","3172648000","731101","Advertising-Agencies & Counselors","www.youngandlaramore.com"," Email <---> Revenue ","480816","Young & Laramore","310 E Vermont St","Indianapolis","IN","46204","Marion","www.youngandlaramore.com","3172648000","3172648001","David Young","Owner","Mal","9164000","58","731101","Advertising-","3","0","1"
"156690","Bike Line","charlie.revard@thebikeline.com","6520 Cornell Ave","3172532611","3172532611","594141","Bicycles-Dealers","www.thebikeline.com"," Email <---> Revenue ","22176","BIKE LINE","6520 CORNELL AVE","INDIANAPOLIS","IN","46220","Marion","","3172532611","","CHARLES J REVARD","Owner","M","6000000","120","594108","Bicycle,Bicy","3","0","1"
"46215","Innovative Closets Corp","Chris.Radseck@inncorp.com","833 W Carmel Dr","3175738157","3178462018","239210","Closet Accessories-Manufacturers","NULL"," Email <---> Revenue ","334970","Innovative Closets Corp","833 W Carmel Dr","Carmel","IN","46032","Hamilton","www.inncorp.com","3178462018","3175738157","Chris Radseck","Owner","Mal","5460000","30","239210","Closet Acces","3","0","1"
"178491","A-1 Production Inc","chris@a1production.com","5809 E Leighty Rd","2603474727","2603470960","359903","Machine Shops","www.a1production.com"," Email <---> Revenue ","2597","A-1 PRODUCTION INC","5809 E LEIGHTY RD","KENDALLVILLE","IN","46755","Noble","","2603470960","","MARY D SNYDER","Chief Executive Office","F","6200000","75","359900","Industrial M","3","0","1"
"180230","Medical Express Delivery","cima@medicx.com","720 Executive Park Dr","3178832702","3178832702","421205","Delivery Service","www.medicx.com"," Email <---> Revenue ","375059","Medical Express Delivery","720 Executive Park Dr","Greenwood","IN","46143","Johnson","www.medicx.com","3178832702","","James Gibson","Owner","Mal","7050000","50","421205","Delivery Ser","3","0","1"
"83351","Crown Esa Inc","cmills@crown-esa.com","5960 Southport Rd","2197621636","2197620700","382204","Controls Control Systems/Regulators-Mfrs","www.crown-esa.com"," Email <---> Revenue ","48976","CROWN ESA INC","5960 SOUTHPORT RD","PORTAGE","IN","46368","Porter","","2197620700","","TOM ADAMS","President","M","6600000","100","382200","Environmenta","3","0","1"
"84255","Todd Organization","C-Morse@toddorg.com","922 E Wayne St","5742394357","5742346363","631103","Insurance-Chartered-Life-Underwriters","NULL"," Email <---> Revenue ","456845","Todd Organization","922 E Wayne St","South Bend","IN","46617","St Joseph","","5742346363","5742394357","Charles T Morse","Owner","Mal","5950000","7","631103","Insurance-Ch","3","0","1"
"88224","Charleston Metal Products Inc","cmp@charlestonmetal.com","350 Grant St","2608378101","2608378211","345101","Screw Machine Products (Manufacturers)","www.charlestonmetal.com"," Email <---> Revenue ","36185","CHARLESTON METAL PRODUCTS INC","350 GRANT ST","WATERLOO","IN","46793","DeKalb","","2608378211","2608378101","GWILLIAM TUCKER","President","M","6800000","100","345100","Screw Machin","3","0","1"
"157141","Delta Temp Corp","cmtolson@deltatemp.com","5450 Rock Hampton Ct","3178724356","3178724300","171103","Sheet Metal Work Contractors","NULL"," Email <---> Revenue ","54862","DELTA TEMP CORP","5450 ROCK HAMPTON CT","INDIANAPOLIS","IN","46268","Marion","","3178724300","","CAROLYN M TOLSON","President","F","5100000","29","344400","Sheet Metal ","3","0","1"
"144776","Cole Hardwood Inc","colexx@colehardwood.com","1611 W Market St","5747532525","5747539834","521142","Lumber-Retail","www.colehardwood.com"," Email <---> Revenue ","42369","COLE HARDWOOD INC","1611 W MARKET ST","LOGANSPORT","IN","46947","Cass","","5747539834","5747532525","","Unknown","","9500000","75","242600","Hardwd Dim, ","3","0","1"
"81720","Construction Control Inc","construction@cc-inc.net","9602 Coldwater Rd","2604898067","2604891400","874104","Construction Management","www.cc-inc.net"," Email <---> Revenue ","266880","Construction Control Inc","9602 Coldwater Rd","Fort Wayne","IN","46825","Allen","www.cc-inc.net","2604891400","2604898067","Jack Krouse","Owner","Mal","6300000","50","874104","Construction","3","0","1"
"161578","Ehob Inc","corporate@ehob.com","250 N Belmont Ave","3179724601","3179724600","384103","Hospital Equipment & Supplies-Mfrs","www.ehob.com"," Email <---> Revenue ","62548","EHOB INC","250 N BELMONT AVE","INDIANAPOLIS","IN","46222","Marion","","3179724600","","JIM SPAHN","President","M","8600000","130","384100","Surgical,Med","3","0","1"
"195748","Max IT Healthcare","corporate@maxithc.com","121 Penn St","3178672972","3178672682","737109","Information Technology Services","www.maxithc.com"," Email <---> Revenue ","372817","Max IT Healthcare","121 Penn St","Westfield","IN","46074","Hamilton","www.maxithc.com","3178672682","3178672972","Parker Hinshaw","President","Mal","9420000","60","737109","Information ","3","0","1"
"175847","Wildman Uniform & Linen","cpatrick@wildmanuniform.com","800 S Buffalo St","5742693417","5742691552","721306","Uniform Supply Service","www.wildmanuniform.com"," Email <---> Revenue ","476602","Wildman Uniform & Linen","800 S Buffalo St","Warsaw","IN","46580","Kosciusko","www.wildmanuniform.com","5742691552","5742693417","Brent Wildman","Owner","Mal","5100000","75","721306","Uniform Supp","3","0","1"
"127930","Food & Fun Express","D_Kladis@zoobook.cc","7920 Georgetown Rd # 500","3178793958","3178767300","839907","Fund Raising Counselors & Organizations","NULL"," Email <---> Revenue ","302467","Food & Fun Express","7920 Georgetown Rd # 500","Indianapolis","IN","46268","Marion","www.zoobook.cc","3178767300","3178793958","Denny Kladis","Owner","Mal","5375000","25","839907","Fund Raising","3","0","1"
"136684","Manchester Tool & Die Inc","dabauer@manchestertoolanddie.com","601 S Wabash Rd","2609824575","2609828524","359903","Machine Shops","www.manchestertoolanddie.com"," Email <---> Revenue ","121950","MANCHESTER TOOL & DIE INC","601 S WABASH RD","N MANCHESTER","IN","46962","Wabash","","2609828524","2609824575","BARRY BLOCHER","President","M","7100000","85","359900","Industrial M","3","0","1"
"89324","Enprotech Mechanical Svc Inc","dalbert@bevcorp.com","235 45th Ave","2199248675","2199248620","508471","Machinery-Rebuilding & Repairing (Whol)","www.enprotech.com"," Email <---> Revenue ","292449","Enprotech Mechanical Svc Inc","235 45th Ave","Munster","IN","46321","Lake","www.enprotech.com","2199248620","2199248675","Steve Otsuka","Manager","Mal","6528000","12","508471","Machinery-Re","3","0","1"
"142799","ASPHALT Drum Mixers Inc","dan@ifntech.com","1 Adm Pkwy","2606373164","2606375729","295101","Asphalt & Asphalt Products-Manufacturers","www.admasphaltplants.com"," Email <---> Revenue ","14650","ASPHALT DRUM MIXERS INC","1 ADM PKWY","HUNTERTOWN","IN","46748","Allen","","2606375729","","WAYNE BOYD","Chief Executive Office","M","8500000","50","295100","Asphalt Pavi","3","0","1"
"5557","Springfield Enterprises Inc","danielmiller@springfieldenterprises.com","17402 State Road 37","2606575902","2606573351","176109","Roofing Contractors","www.springfieldenterprises.com"," Email <---> Revenue ","177590","SPRINGFIELD ENTERPRISES INC","PO BOX 300","HARLAN","IN","46743","Allen","","2606573351","","DAN MILLER","Owner","M","6100000","35","176100","Roofg, Sheet","3","0","1"
"59831","Basement Systems Of Indiana","Danny@indianafoundation.com","624 N Front St","3175354268","2604223009","152128","Basement-Repair & Restoration","NULL"," Email <---> Revenue ","233839","Basement Systems Of Indiana","624 N Front St","Whiteland","IN","46184","Johnson","www.indianafoundation.com","2604223009","3175354268","Danny Morrow","Owner","Mal","6372000","27","152128","Basement-Rep","3","0","1"
"35723","Penz Products Inc","davepenz@penzproductsinc.com","1320 S Merrifield Ave","5742567238","5742554736","344198","Fabricated Structural Metal (Mfrs)","NULL"," Email <---> Revenue ","148426","PENZ PRODUCTS INC","1320 S MERRIFIELD AVE","MISHAWAKA","IN","46544","St. Joseph","","5742554736","","DAVE PENZENIK","President","M","8700000","105","344100","Fabricated S","3","0","1"
"187844","High Performance Alloys","david@hpalloy.com","444 Wilson St","7656757051","7656758871","349903","Metal Goods-Manufacturers","www.hpalloy.com"," Email <---> Revenue ","89679","HIGH PERFORMANCE ALLOYS","444 WILSON ST","TIPTON","IN","46072","Tipton","","7656758871","7656757051","RUSSELL KIRCHNER","President","M","5600000","25","349400","Valves,Pipe ","3","0","1"
"161089","Bell Parts Supply Inc","dbell@bellparts.com","2609 45th St","2199241266","2199241200","506414","Refrigerators/Freezers-Supls/Prts (Whol)","NULL"," Email <---> Revenue ","20196","BELL PARTS SUPPLY INC","2609 45TH ST","HIGHLAND","IN","46322","Lake","","2199241200","","DAVID BELL","Owner","M","7000000","37","507500","Warm Air Htg","3","0","1"
"113461","PAR-Kan","dcaldwell@par-kan.com","PO Box 219","2603522182","2603522141","349903","Metal Goods-Manufacturers","NULL"," Email <---> Revenue ","145959","PAR-KAN","PO BOX 219","SILVER LAKE","IN","46982","Kosciusko","","2603522141","","DAVID CALDWELL","President","M","5800000","75","349900","Fab Metal Pd","3","0","1"
"165563","Diedrich Drilling Inc","ddigl@diedrichdrill.com","5 Fisher St","2193245962","2193267788","508401","Drilling & Boring Equip & Supls (Whol)","www.diedrichdrill.com"," Email <---> Revenue ","56190","DIEDRICH DRILLING INC","5 FISHER ST","LA PORTE","IN","46350","LaPorte","","2193267788","","THOMAS LE DONNE","President","M","8200000","48","353100","Construction","3","0","1"
"184834","Blacksmith Distributing Inc","ddolhon@key-stone.com","1801 Cassopolis St","5088425640","5742623558","556106","Truck Canopies, Caps & Shells","Caps & Shells"," Email <---> Revenue ","239272","Blacksmith Distributing Inc","1801 Cassopolis St","Elkhart","IN","46514","Elkhart","www.blacksmithdistributing.com","5742623558","","Tony Kobach","Owner","Mal","8920000","20","556106","Truck Canopi","3","0","1"
"69971","Dealers Engine Sales Inc","dealersengines@webyp.net","3645 Developers Rd","3177813501","3177819373","526102","Engines-Gas","NULL"," Email <---> Revenue ","53891","DEALERS ENGINE SALES INC","3645 DEVELOPERS RD","INDIANAPOLIS","IN","46227","Marion","","3177819373","","STEVE WILKERSON","President","M","5300000","30","526101","Lawn,Garden ","3","0","1"
"27408","Marten Transport","DeanShiflet@marten.com","4825 W 84th St","NULL","3172280701","421304","Trucking","NULL"," Email <---> Revenue ","370865","Marten Transport","4825 W 84th St","Indianapolis","IN","46268","Marion","","3172280701","","Dean Shiflet","Owner","Mal","6040000","40","421304","Trucking","3","0","1"
"71065","Full-O-Pep Appliances","debbie@americanrentals.com","1436 S Liberty Dr","7145271283","8123337496","735941","Appliances-Household-Major-Renting","www.americanrentals.com"," Email <---> Revenue ","75751","FULL-O-PEP APPLIANCES","1436 S LIBERTY DR","BLOOMINGTON","IN","47403","Monroe","","8123337496","","DAVID DAVID","Manager","M","8100000","45","735907","Home Appl Re","3","0","1"
"193687","River Valley Resources","debbie@worksights.com","319 E Main St","8126626205","8122652652","736106","Employment Service-Govt CO Fraternal","www.worksights.com"," Email <---> Revenue ","420760","River Valley Resources","319 E Main St","Madison","IN","47250","Jefferson","www.worksights.com","8122652652","8122652664","Don Richardson","President","Mal","5388000","75","736106","Employment S","3","0","1"
"180761","United Consulting Assoc","Dennis.Pope@lightingpro.net","PO Box 561","8125970327","8125970321","179977","Contractors","NULL"," Email <---> Revenue ","464449","United Consulting Assoc","310 E State Road 135","Morgantown","IN","46160","Morgan","www.lightingpro.net","8125970321","8125970327","Dennis Pope","Owner","Mal","7440000","60","179977","Contractors","3","0","1"
"136969","Destination Yachts","desyacht@dmrtc.net","Highway 57","8124862771","8124862628","555125","Yacht Brokers","www.destinationyachts.com"," Email <---> Revenue ","55600","DESTINATION YACHTS","5721 E US HIGHWAY 50","MONTGOMERY","IN","47558","Daviess","","8124862628","8124862771","SHELDON GRAVER","Owner","M","7200000","24","555100","Boat Dealers","3","0","1"
"55346","Imco Inc","dhawkins@imcorubber.com","PO Box 444","2603567827","2603564810","306198","Molded Extruded/Lathe Cut Rbbr Gds (Mfr)","NULL"," Email <---> Revenue ","95066","IMCO INC","1819 W PARK DR","HUNTINGTON","IN","46750","Huntington","","2603564810","2603567827","DALE HAWKINS","President","M","8600000","130","306100","Mechanical R","3","0","1"
"69801","Paramount Tube","dhooe@ppgme.com","1430 Progress Rd","2604830393","2604844111","511303","Paper Tubes & Cores (Wholesale)","www.paramounttube.com"," Email <---> Revenue ","146081","PARAMOUNT TUBE","1430 PROGRESS RD","FORT WAYNE","IN","46808","Allen","","2604844111","2604830393","JOHN KOCH","President","M","8500000","207","265500","Fiber Cans, ","3","0","1"
"190381","Heston Insurance","dianae@heston-insurance.com","2029 Washington Ave # 1","8124744549","8124744550","628205","Financial Planning Consultants","www.heston-insurance.com"," Email <---> Revenue ","324264","Heston Insurance","2029 Washington Ave # 1","Evansville","IN","47714","Vanderburgh","www.heston-insurance.com","8124744550","8124744549","David Abbott","Owner","Mal","7470000","18","628205","Financial Pl","3","0","1"
"175624","Merhow Industries","djmiller@djmiller.net","306 Depot St","5748484445","5748481112","508306","Trailers-Horse (Wholesale)","www.merhow.com"," Email <---> Revenue ","127949","MERHOW INDUSTRIES","306 DEPOT ST","BRISTOL","IN","46507","Elkhart","","5748484445","","DAVE ELCHERT","President","M","5300000","30","379200","Tvl Trailers","3","0","1"
"185101","Adaptek Systems","D-Joe@adapteksystems.com","14224 Plank St","2606378597","2606378660","359905","Machinery-Specially Designed & Built","NULL"," Email <---> Revenue ","4788","ADAPTEK SYSTEMS","14224 PLANK ST","FORT WAYNE","IN","46818","Allen","","2606378660","","JOE DEPRISCO","Owner","M","5100000","30","356900","General Indu","3","0","1"
"148037","Manufacturers Products Inc","dkuehl@portableheaterparts.com","342 N 400 E","2194627985","2194626951","343303","Heating Equipment-Manufacturers","www.portableheaterparts.com"," Email <---> Revenue ","122192","MANUFACTURERS PRODUCTS INC","342 N 400 E","VALPARAISO","IN","46383","Porter","","2194626951","","JOHN WALSH","President","M","6800000","36","343300","Mfg Heating ","3","0","1"
"101533","Art To Remember","Don@arttoremember.com","5535 Macy Dr","3178232822","3178260870","839907","Fund Raising Counselors & Organizations","NULL"," Email <---> Revenue ","227501","Art To Remember","5535 Macy Dr","Indianapolis","IN","46235","Marion","www.arttoremember.com","3178260870","3178232822","Don Brackney","Owner","Mal","5375000","25","839907","Fund Raising","3","0","1"
"108239","Viasystems","don_manuhi@ithority.com","55656 Currant Rd","3147462233","5742544015","367202","Circuit Boards-Manufacturers","www.viasystems.com"," Email <---> Revenue ","199518","VIASYSTEMS","435 PARK PLACE CIR STE 100","MISHAWAKA","IN","46545","St. Joseph","","5742476810","","","Unknown","","8200000","4115","367200","Printed Circ","3","0","1"
"78714","Greenbush Industries","donations@wabashcenter.com","2000 Greenbush St","7654234235","7654234138","733101","Mailing & Shipping Services","www.wabashcenter.com"," Email <---> Revenue ","82274","GREENBUSH INDUSTRIES","2000 GREENBUSH ST","LAFAYETTE","IN","47904","Tippecanoe","","7654234138","7654234235","JEFFERY DARLING","President","M","7700000","425","734900","Bld Maintena","3","0","1"
"190914","Zurn Pex Inc","donna.eckendorf@zurn.com","1900 W Hively Ave","3107197062","5742947541","999977","Nonclassified Establishments","www.zurn.com"," Email <---> Revenue ","210823","ZURN PEX INC","1900 W HIVELY AVE","ELKHART","IN","46517","Elkhart","","5742947541","","JAMES KONZEL","Manager","M","9000000","53","343200","Plbg Fix,Fit","3","0","1"
"150738","Jasper Equipment & Supply","dscherle@jasperequipment.com","2350 Terry Ln","8126342601","8126342501","516925","Cleaning Compounds (Wholesale)","www.jasperequipment.com"," Email <---> Revenue ","341003","Jasper Equipment & Supply","2350 Terry Ln","Jasper","IN","47546","Dubois","www.jasperequipment.com","8126342501","8126342601","Ken Otto","Owner","Mal","9009000","9","516925","Cleaning Com","3","0","1"
"193557","Ardsley Maintenance Svc","dtoon@ardsleygroup.com","5149 N Keystone Ave","3172590388","3172590392","152115","Handyman Services","www.ardsleygroup.com"," Email <---> Revenue ","13591","ARDSLEY MAINTENANCE SVC","5149 N KEYSTONE AVE","INDIANAPOLIS","IN","46205","Marion","","3172590392","","KENNETH YALE","President","M","6700000","25","152105","Handyman Ser","3","0","1"
"160980","JMS Plastics Inc","dtrevino@jmsplasticsinc.com","52275 Indiana State Route 933","5742773259","5742773228","308901","Mold Makers","www.jmsplasticsinc.com"," Email <---> Revenue ","338789","JMS Plastics Inc","52275 Indiana State Route 933","South Bend","IN","46637","St Joseph","www.jmsplasticsinc.com","5742773228","5742773259","David M Martinez","Owner","Mal","6068000","37","308901","Plastics-Mol","3","0","1"
"114445","Hooverwood Indianapolis Jewish","dwysocki@hooverwood.com","7001 Hoover Rd","3172578423","3172512261","832218","Social Service & Welfare Organizations","www.hooverwood.com"," Email <---> Revenue ","92570","HOOVERWOOD INDIANAPOLIS JEWISH","7001 HOOVER RD","INDIANAPOLIS","IN","46260","Marion","","3172512261","","MARC PENNER","Administrator","M","9100000","240","805900","Nursing & Pe","3","0","1"
"108305","Clear Channel Entertainment","edc@cce.com","9100 Keystone Xing # 175","3175691490","3172492710","792905","Entertainment Bureaus","www.cce.com"," Email <---> Revenue ","262541","Clear Channel Entertainment","9100 Keystone Xing # 175","Indianapolis","IN","46240","Marion","www.cce.com","3172492710","3175691490","Tom Mendenhall","President","Mal","8800000","40","792905","Entertainmen","3","0","1"
"194850","Safeway Moving System Inc","edhart@safewaymoving.com","2828 N Emerson Ave","3175434288","3175457533","421401","Movers","www.safewaymoving.com"," Email <---> Revenue ","167037","SAFEWAY MOVING SYSTEM INC","2828 N EMERSON AVE","INDIANAPOLIS","IN","46218","Marion","","3175457533","","ED HART","Owner","M","7600000","100","421400","Lcl Trckg Wi","3","0","1"
"118379","Kronos Inc","educate@kronos.com","5750 Castlecreek Pkwy # 300","6102380808","3172518463","573131","Time Recorders","www.kronos.com"," Email <---> Revenue ","111479","KRONOS INC","5750 CSTL CRK PRKWY NRTH DR #","INDIANAPOLIS","IN","46250","Marion","","3172518463","","DEENA KEASEY","Manager","M","6500000","3119","573100","Radio,Tv & E","3","0","1"
"178430","Quest Environmental & Safety","ellenc@questsafety.com","9892 E 121st St","3175944501","3175944500","508477","Asbestos Removal Supplies & Equip (Whol)","www.questsafety.com"," Email <---> Revenue ","156885","QUEST ENVIRONMENTAL & SAFETY","9892 E 121ST ST","FISHERS","IN","46037","Hamilton","","3175944500","","SAM YADAV","Owner","M","5100000","30","508400","Indus Mchy &","3","0","1"
"55812","American Document Management","enters@AMDOC.COM","2707 Rand Rd","3172470044","3172474400","733403","Copying & Duplicating Service","NULL"," Email <---> Revenue ","9638","AMERICAN DOCUMENT MANAGEMENT","2707 RAND RD","INDIANAPOLIS","IN","46241","Marion","","3172474400","","KRISTEN ATTERBURY","Manager","F","8000000","120","733400","Photocopying","3","0","1"
"168531","Vermeer Midwest Inc","eureka.il@vermeerdlr.com","13402 Britton Park Rd","3175771179","3178421040","352402","Tree Service Equipment & Supplies (Mfrs)","www.vermeermidwest.com"," Email <---> Revenue ","467178","Vermeer Midwest Inc","13402 Britton Park Rd","Fishers","IN","46038","Hamilton","www.vermeermidwest.com","3178421040","3175771179","Jay Van Tress","Owner","Mal","8520000","30","352402","Tree Service","3","0","1"
"79917","Ag Alumni Seed","Fayte@agalumniseed.com","702 State Road 28 E","7655383600","7655383145","519105","Seeds & Bulbs-Wholesale","NULL"," Email <---> Revenue ","6266","AG ALUMNI SEED","702 STATE ROAD 28 E","ROMNEY","IN","47981","Tippecanoe","","7655383145","","FAYTE BREWER","President","M","5400000","18","519103","Seeds And Bu","3","0","1"
"69562","Abbey Carpet & Floors","Garland@abbeycarpet.com","50760 Indiana State Route 933","5742725198","5742724500","571308","Floor Coverings-Retail","NULL"," Email <---> Revenue ","3145","ABBEY CARPET & FLOORS","50760 INDIANA STATE ROUTE 933","SOUTH BEND","IN","46637","St. Joseph","","5742724500","","GARLAND ASCHENEBRENNER","Owner","M","8000000","2000","571300","Floor Coveri","3","0","1"
"164493","Altec Engineering Inc","gary@altecengineering.com","28274 County Road 20","5742944073","5742931965","329601","Fiber Glass Fabricators","NULL"," Email <---> Revenue ","8938","ALTEC ENGINEERING INC","28274 COUNTY ROAD 20","ELKHART","IN","46517","Elkhart","","5742931965","","GARY ROBINSON","President","M","5100000","85","329600","Mfg Mineral ","3","0","1"
"187416","J T Shannon Lumber Co","garyxu@jtshannon.com","6429 W 100 N","7652452737","7652452634","503109","Lumber-Wholesale","www.jtshannon.com"," Email <---> Revenue ","100878","J T SHANNON LUMBER CO","PO BOX 406","MONTEZUMA","IN","47862","","","7652452634","","JACK T SHANNON JR","Chief Executive Office","M","8500000","115","243100","Millwork","3","0","1"
"191303","Nickell Moulding Co Inc","george@nickellmoulding.com","3015 Mobile Dr","5742643853","5742643129","503112","Moldings (Wholesale)","www.nickellmoulding.com"," Email <---> Revenue ","138981","NICKELL MOULDING CO INC","3015 MOBILE DR","ELKHART","IN","46514","Elkhart","","5742643129","","GEORGE NICKELL","Chief Executive Office","M","8900000","120","243100","Millwork","3","0","1"
"177662","Gateway Business Systems Inc","Goldsmithr@gateway-biz.com","510 Progress Ave","2199342810","2199342800","504403","Copying & Duplicating Machines & Supls","NULL"," Email <---> Revenue ","77477","GATEWAY BUSINESS SYSTEMS INC","510 PROGRESS AVE","MUNSTER","IN","46321","Lake","","2199342800","","ROBERT GOLDSMITH","Owner","M","7800000","50","504400","Whl Office E","3","0","1"
"186600","MSC Industrial Supply Co","govteam@mscdirect.com","3880 Pendleton Way # 800","2567720601","3175413764","508522","Industrial Equipment & Supplies (Whol)","www.mscdirect.com"," Email <---> Revenue ","366620","MSC Industrial Supply Co","3880 Pendleton Way # 800","Indianapolis","IN","46226","Marion","www.mscdirect.com","3175413764","3175410149","Rod Taylor","Manager","Mal","7980000","14","508522","Industrial E","3","0","1"
"67256","Harper Implement Inc","harperimpl@harperimp.com","308 S 3rd St","7659227909","7659227904","508310","Farm Equipment (Wholesale)","www.harperimp.com"," Email <---> Revenue ","86578","HARPER IMPLEMENT INC","PO BOX 277","SWAYZEE","IN","46986","Grant","","7659227904","","REX RIGGS","Owner","M","5300000","30","508302","Farm Equipme","3","0","1"
"172610","Griffin Dewatering Corp","harry.bagherzadeh@griffindewatering.com","3450 S Calumet Ave","7575458095","2199311662","356198","Pumps & Pumping Equipment (Mfrs)","www.griffindewatering.com"," Email <---> Revenue ","315821","Griffin Dewatering Corp","3450 S Calumet Ave","Hammond","IN","46320","Lake","www.griffindewatering.com","2199311662","2199317877","Tom Minihan","Manager","Mal","9760000","40","356198","Pumps & Pump","3","0","1"
"83403","Hatzel & Buehler","hb@hatzelandbuehler.com","7510 E 39th St","3175490445","3175490455","173101","Electric Contractors","www.hatzelandbuehler.com"," Email <---> Revenue ","321394","Hatzel & Buehler","7510 E 39th St","Indianapolis","IN","46226","Marion","www.hatzelandbuehler.com","3175490455","3175490445","Fred Vehorn","VP","Mal","6600000","50","173101","Electric Con","3","2","1"
"8361","ASI Modulex","Heraly-Elroy@asimodulex.com","2017 W 18th St","3172693578","3172693400","399302","Signs (Manufacturers)","NULL"," Email <---> Revenue ","214525","ASI Modulex","2017 W 18th St","Indianapolis","IN","46202","Marion","www.asimodulex.com","3172693400","3172693578","Elroy Heraly","President","Mal","6200000","50","399302","Signs (Manuf","3","0","1"
"179787","Heartland Aluminum","hla@citznet.com","706 E 9th St","2603754651","2603754650","335501","Aluminum Fabricators","www.heartlandaluminum.com"," Email <---> Revenue ","322409","Heartland Aluminum","706 E 9th St","Warren","IN","46792","Huntington","www.heartlandaluminum.com","2603754650","2603754651","Michael Haggerty","Owner","Mal","6360000","10","335501","Aluminum Fab","3","0","1"
"192001","Indiana Architectural Plywood","horst.michaelis@iaplywood.com","750 E Park St","3178784897","3178784822","2435","Hardwood Veneer and Plywood","NULL"," Email <---> Revenue ","95709","INDIANA ARCHITECTURAL PLYWOOD","750 E PARK ST","TRAFALGAR","IN","46181","Johnson","","3178784822","","JIM MORELAND","President","M","5700000","45","243500","Hardwd Venee","3","0","1"
"173880","Ronald Blue & Co","hunter.pugh@ronblue.com","9229 Delegates Row # 450","NULL","3175820700","628205","Financial Planning Consultants","NULL"," Email <---> Revenue ","423419","Ronald Blue & Co","9229 Delegates Row # 450","Indianapolis","IN","46240","Marion","","3175820700","","Mark Novotny","Owner","Mal","5810000","14","628205","Financial Pl","3","0","1"
"104610","Insulation Fabricators Inc","ifi@insulationfabricators.com","6350 Indianapolis Blvd","2199372120","2199374485","521140","Insulation Materials-Cold & Heat","www.insulationfabricators.com"," Email <---> Revenue ","98402","INSULATION FABRICATORS INC","2501 E 165TH ST STE 3","HAMMOND","IN","46320","Lake","","2199374485","","LAURENCE MC NABB","President","M","8900000","70","329200","Mfg Asbestos","3","0","1"
"153525","ABC Metals Inc","Jack.Bell@abcmetals.com","PO Box 7012","5747536110","5747530471","738972","Metal Cutting","NULL"," Email <---> Revenue ","3264","ABC METALS INC","500 W CLINTON ST","LOGANSPORT","IN","46947","Cass","","5747372400","5747536110","","Unknown","","8100000","41","738900","Business Svs","3","0","1"
"25950","Eagle Fabrication","Jacks.Dave@eaglefabrication.com","1400 American Way","3178599901","3178599930","399906","Assembly & Fabricating Service","NULL"," Email <---> Revenue ","60480","EAGLE FABRICATION","1400 AMERICAN WAY","GREENWOOD","IN","46143","Johnson","","3178599930","","DAVE JACKS","President","M","6200000","80","344400","Sheet Metal ","3","0","1"
"79782","J L Farm Equipment Co","jane@jlfarm.com","10100 Highway 165","8128743493","8128743316","508310","Farm Equipment (Wholesale)","NULL"," Email <---> Revenue ","100624","J L FARM EQUIPMENT CO","10100 HIGHWAY 165","POSEYVILLE","IN","47633","Posey","","8128743316","","JANE REISING","Owner","F","5800000","33","508302","Farm Equipme","3","0","1"
"161667","Peter Stone Co","jazz90@zoominternet.net","5660 N State Road 5","2607689125","2607689150","509209","Toys-Wholesale","www.stonehorses.com"," Email <---> Revenue ","402978","Peter Stone Co","5660 N State Road 5","Shipshewana","IN","46565","Lagrange","www.stonehorses.com","2607689150","2607689125","Peter Stone","Owner","Mal","9412000","13","509209","Toys-Wholesa","3","0","1"
"60852","Thermal Solutions Inc","jbeck@burtonmech.com","3640 179th St","7172397622","2199231105","339801","Heat Treating Metal (Manufacturers)","www.thermalsolutions.com"," Email <---> Revenue ","454276","Thermal Solutions Inc","3640 179th St","Hammond","IN","46323","Lake","www.thermalsolutions.com","2199231105","2199231047","Steve Mitcheltree","Manager","Mal","6000000","30","339801","Heat Treatin","3","0","1"
"78729","Mainscape Inc","jdenney@mainscape.com","13418 Britton Park Rd","3175773161","3175629462","078206","Lawn & Grounds Maintenance","NULL"," Email <---> Revenue ","121623","MAINSCAPE INC","13418 BRITTON PARK RD","FISHERS","IN","46038","Hamilton","","3175773155","","ZIG MAZANOWSKI JR","President","M","6000000","150","078200","Lawn & Garde","3","0","1"
"132738","Metalguard Inc","jerry.doot@metalguard.com","2043 S Bend Ave","2484776501","5742895444","154223","Buildings-Metal-Repairing","www.metalguard.com"," Email <---> Revenue ","376531","Metalguard Inc","2043 S Bend Ave","South Bend","IN","46637","St Joseph","www.metalguard.com","5742895444","","Jerry Doot","President","Mal","8760000","20","154223","Buildings-Me","3","0","1"
"193880","Leslie Coatings Inc","jerry@lesliecoatings.com","1101 E 30th St","3179237617","3179263411","161101","Paving Contractors","NULL"," Email <---> Revenue ","360038","Leslie Coatings Inc","1101 E 30th St","Indianapolis","IN","46205","Marion","www.lesliecoatings.com","3179263411","3179237617","Jerry Gray","Owner","Mal","8225000","35","161101","Paving Contr","3","1","1"
"146340","Heartland Growers Inc","jgapinski@heartlandgrowers.com","2621 E 186th St","3178962732","3178969355","344803","Greenhouses-Manufacturers","NULL"," Email <---> Revenue ","88130","HEARTLAND GROWERS INC","2621 E 186TH ST","WESTFIELD","IN","46074","Hamilton","","3178969355","","JAMES GAPINSKI","President","M","9700000","80","503900","Construction","3","0","1"
"20747","Leadership Bartholomew County","jharmon@therepublic.com","500 Franklin St","8123795601","8123799766","919903","County Government-General Offices","www.leadershipbc.org"," Email <---> Revenue ","161191","REPUBLIC","333 2ND ST","COLUMBUS","IN","47201","Bartholomew","","8123795601","","CHUCK WELLS","Publisher","M","9000000","150","279100","Typesetting","3","0","1"
"181268","FDC Graphics Films Inc","jharvel@fdcfilms.com","3820 William Richardson Dr","5742734500","5742734400","738401","Photo Finishing-Retail","www.fdcfilms.com"," Email <---> Revenue ","69261","FDC GRAPHICS FILMS INC","3820 WILLIAM RICHARDSON DR","SOUTH BEND","IN","46628","St. Joseph","","5742734400","","JUDITH ECK","Owner","F","8800000","50","738400","Photofinishi","3","0","1"
"168266","Safetytech Protection Systems","jhight@safetytech.us","30 E 7th St","7655342000","7655344309","874832","Fire Protection Consultants","www.safetytechprotection.com"," Email <---> Revenue ","167030","SAFETYTECH PROTECTION SYSTEMS","PO BOX 616","LAPEL","IN","46051","Madison","","7655344309","","GARY INGLE","Owner","M","5600000","30","399900","Mfg Industri","3","0","1"
"7508","Metal Masters","Jim.Coffey@metalmasters.com","PO Box 33001","3177807968","3177801864","344403","Sheet Metal Fabricators","NULL"," Email <---> Revenue ","128428","METAL MASTERS","2514 BETHEL AVE","INDIANAPOLIS","IN","46203","Marion","","3177801864","3177807968","JIM COFFEY","Chief Executive Office","M","5900000","75","344400","Sheet Metal ","3","0","1"
"130455","A Party Apart Events Tents","JimBrockman@apartyapart.com","200 E Superior St","2604220162","2609690999","735905","Camping Equipment-Renting","NULL"," Email <---> Revenue ","2032","A PARTY APART EVENTS TENTS","200 E SUPERIOR ST","FORT WAYNE","IN","46802","Allen","","2609690999","","JIM BROCKMAN","Owner","M","5400000","30","735900","Eqp Rental, ","3","0","1"
"150518","Tri-State Cylinder Head Inc","jimdaly@tristatecylinderhead.com","1712 Read St","8124210983","8124210095","371405","Cylinder Heads-Manufacturers","www.tristatecylinderhead.com"," Email <---> Revenue ","459696","Tri-State Cylinder Head Inc","1712 Read St","Evansville","IN","47710","Vanderburgh","www.tristatecylinderhead.com","8124210095","8124210983","Ron Schmitt","Owner","Mal","7383000","23","371405","Cylinder Hea","3","0","1"
"140625","Windows & Kitchens Of Indiana","jmoore@hineslumber.com","115 Shadowlawn Dr","3178410705","3178410663","521107","Windows","www.wandkoi.com"," Email <---> Revenue ","207649","WINDOWS & KITCHENS OF INDIANA","115 SHADOWLAWN DR","FISHERS","IN","46038","Hamilton","","3178410663","","JAMES CARRIGER","Manager","M","5100000","32","243100","Millwork","3","0","1"
"63639","Postle Distributors","John@creationwindows.com","511 Pine Creek Ct","NULL","5743890800","505128","Aluminum (Wholesale)","NULL"," Email <---> Revenue ","407305","Postle Distributors","511 Pine Creek Ct","Elkhart","IN","46516","Elkhart","www.postledistributors.com","5743890800","","John Postle","Owner","Mal","8376000","8","505128","Aluminum (Wh","3","0","1"
"85005","Curley Masonry Supply","John@curleymasonry.com","1631 Pioneer Trl","2199294236","2199294108","503212","Brick-Clay Common & Face (Wholesale)","NULL"," Email <---> Revenue ","272280","Curley Masonry Supply","1631 Pioneer Trl","Chesterton","IN","46304","Porter","www.curleymasonry.com","2199294108","2199294236","John Curley","Owner","Mal","5760000","12","503212","Brick-Clay C","3","0","1"
"120459","Roembke Manufacturing & Dsn","John@roembke.com","1580 Baker Dr","2606226967","2606224030","359903","Machine Shops","NULL"," Email <---> Revenue ","422743","Roembke Manufacturing & Dsn","1580 Baker Dr","Ossian","IN","46777","Wells","www.roembke.com","2606224030","2606226967","John Roembke","Owner","Mal","7995000","65","359903","Machine Shop","3","0","1"
"182944","Agreliant","Jounael@agreliantgenetics.com","1122 E 169th St","3178969209","3178670246","013901","Agricultural Products","NULL"," Email <---> Revenue ","218226","Agreliant","1122 E 169th St","Westfield","IN","46074","Hamilton","www.agreliantgenetics.com","3178670246","3178969209","Raphael Jounael","President","Mal","8900000","50","13901","Agricultural","3","0","1"
"190325","Gill Brothers Furniture","jpetty@gillbros.com","8300 W Vern Dr","7657599688","7657595300","571216","Furniture-Dealers-Retail","www.gillfurniture.com"," Email <---> Revenue ","78843","GILL BROTHERS FURNITURE","8300 W VERN DR","MUNCIE","IN","47304","Delaware","","7657595300","","STEVE GILL","Owner","M","6600000","41","571200","Furniture St","3","0","1"
"61229","Johnson Plastics & Supply","jps@johnsonplastic.com","1414 Baker Ave","8124211265","8124245554","511308","Packaging Materials-Wholesale","www.johnsonplastic.com"," Email <---> Revenue ","105240","JOHNSON PLASTICS & SUPPLY","1414 BAKER AVE","EVANSVILLE","IN","47710","Vanderburgh","","8124245554","","RICHIE JOHNSON","Owner","M","5100000","30","308900","Plastic Pdts","3","0","1"
"126811","Masiongale Electrical-Mech","jr@masiongale.com","1210 S Walnut St","7652848073","7652847151","171102","Heating Contractors","www.masiongale.com"," Email <---> Revenue ","371809","Masiongale Electrical-Mech","1210 S Walnut St","Muncie","IN","47302","Delaware","www.masiongale.com","7652847151","7652848073","Ken Masiongale","Owner","Mal","5840000","40","171102","Heating Cont","3","0","1"
"188884","Exhaust Productions Inc","jrd@epiflex.com","2777 E 83rd Pl","2199420700","2199420069","371407","Mufflers & Exhaust Systems-Engine-Mfrs","www.epiflex.com"," Email <---> Revenue ","294540","Exhaust Productions Inc","2777 E 83rd Pl","Merrillville","IN","46410","Lake","www.epiflex.com","2199420069","2199420700","Louis T H Pringle","President","Mal","7704000","24","371407","Mufflers & E","3","0","1"
"187096","American Oak Preserving Co","jrlong@americanoak.net","601 Mulberry St","5748963055","5748962171","399903","Manufacturers","www.americanoak.net"," Email <---> Revenue ","10510","AMERICAN OAK PRESERVING CO","601 MULBERRY ST","NORTH JUDSON","IN","46366","","","5748962171","5748963055","MONIKA SCHWARZ","Vice-President","F","7600000","100","399900","Mfg Industri","3","0","1"
"11545","W5YI Group Inc","jwatson@pickettequip.com","200 E. Earlywood Dr","3177380053","3177389911","8999","Services NEC","PICKETTEQUIP.COM"," Email <---> Revenue ","404090","Pickett Equipment Parts Inc","200 Earlywood Dr","Franklin","IN","46131","Johnson","","3177380053","3177389911","Jim Pickett","Owner","Mal","7326000","11","508206","Contractors-","3","0","1"
"133755","Warsaw Engineering & Fab","Jweaver@warsaweng.com","2780 Durbin St","5742695841","5742691804","349903","Metal Goods-Manufacturers","NULL"," Email <---> Revenue ","471901","Warsaw Engineering & Fab","2780 Durbin St","Warsaw","IN","46580","Kosciusko","www.warsaweng.com","5742691804","5742695841","Jim Weaver","Owner","Mal","6850000","50","349903","Metal Goods-","3","0","1"
"184808","Patriot Engineering & Envrnmnt","jyoung@patrioteng.com","6330 E 75th St # 216","8124770094","3175768058","871133","Engineers-Professional","www.patrioteng.com"," Email <---> Revenue ","399915","Patriot Engineering & Envrnmnt","6330 E 75th St # 216","Indianapolis","IN","46250","Marion","www.patrioteng.com","3175768058","3175761965","William Dubois","Owner","Mal","6320000","40","871133","Engineers-Pr","3","0","1"
"159303","Momper Insulation","kbennett@momper.com","2431 W Main St","2604324040","2604327543","174205","Insulation Contractors-Cold & Heat","NULL"," Email <---> Revenue ","132619","MOMPER INSULATION","2431 W MAIN ST","FORT WAYNE","IN","46808","Allen","","2604327543","","MATT MOMPER","President","M","5600000","75","174200","Plst, Drywal","3","0","1"
"180517","Cadence Environmental Energy","kderksen@cadencerecycling.com","1 Cadence Park","2198790390","2198733100","873111","Environmental & Ecological Services","www.cadencerecycling.com"," Email <---> Revenue ","249807","Cadence Environmental Energy","1 Cadence Park","Michigan City","IN","46360","La Porte","www.cadencerecycling.com","2198733100","2198790390","Theodore J Reese","Owner","Mal","7040000","40","873111","Environmenta","3","0","1"
"174728","Professional Design Insurance","ken@pdiins.com","9775 Crosspoint Blvd # 105","3175796410","3175706945","631103","Insurance-Chartered-Life-Underwriters","www.pdiins.com"," Email <---> Revenue ","409825","Professional Design Insurance","9775 Crosspoint Blvd # 105","Indianapolis","IN","46256","Marion","www.pdiins.com","3175706945","3175796410","Thomas Mc Comb","Owner","Mal","5950000","7","631103","Insurance-Ch","3","0","1"
"134142","Keter Consultants Inc","keter@keter.com","1404 119th St","2194730660","2194730600","873111","Environmental & Ecological Services","www.keter.com"," Email <---> Revenue ","350400","Keter Consultants Inc","1404 119th St","Whiting","IN","46394","Lake","www.keter.com","2194730600","2194730660","Phillip Pekron","President","Mal","5280000","30","873111","Environmenta","3","0","1"
"114519","Vincennes Steel Corp","kevin@bbfinc.com","PO Box 236","8128824525","8128824550","344198","Fabricated Structural Metal (Mfrs)","NULL"," Email <---> Revenue ","200380","VINCENNES STEEL CORP","2007 OLIPHANT DR","VINCENNES","IN","47591","Knox","","8128824550","8128824525","KEVIN DAY","President","M","6600000","80","344100","Fabricated S","3","0","1"
"141887","Contract Industrial Tooling","Kim-Wuertemberger@cit.com","433 NW L St","7659661666","7659661134","354407","Tool & Die Makers","NULL"," Email <---> Revenue ","45087","CONTRACT INDUSTRIAL TOOLING","2351 PRODUCTION CT","RICHMOND","IN","47374","Wayne","","7659661134","","KIM WUERTEMBERGER","President","M","6000000","90","354400","Spc Dies, Tl","3","0","1"
"73860","Village Pantry","kristen@sunspotgraphics.com","2021 S Goyer Rd","7074438707","7654577876","541103","Convenience Stores","www.villagepantry.com"," Email <---> Revenue ","200115","VILLAGE PANTRY","1515 W LINCOLN RD","KOKOMO","IN","46902","Howard","","7654552187","","LUANN ORGAN","Manager","F","9300000","49486","541100","Grocery Stor","3","0","1"
"80920","Brehob Nursery Inc","kstiles@brehobnursery.com","4316 Bluff Rd","3177830544","3177833233","526108","Nurserymen","NULL"," Email <---> Revenue ","243142","Brehob Nursery Inc","4316 Bluff Rd","Indianapolis","IN","46217","Marion","www.brehobnursery.com","3177833233","3177830544","John S Brehob","Owner","Mal","9450000","70","526108","Nurserymen","3","0","1"
"12174","Genesis Molding","Larry@genesismolding.com","55901 Currant Rd","5742584284","5742569271","308901","Mold Makers","NULL"," Email <---> Revenue ","309574","Genesis Molding","55901 Currant Rd","Mishawaka","IN","46545","St Joseph","www.genesismolding.com","5742569271","5742584284","Larry Geisel","Owner","Mal","9840000","60","308901","Plastics-Mol","3","0","1"
"53924","Tyson Corp","laura@tysoncorporation.com","2301 S Holt Rd","3172416892","3172418396","527104","Mobile Offices & Commercial Units","www.tysoncorporation.com"," Email <---> Revenue ","461670","Tyson Corp","2301 S Holt Rd","Indianapolis","IN","46241","Marion","www.tysoncorporation.com","3172418396","3172416892","David Wahl","President","Mal","7758000","18","527104","Mobile Offic","3","0","1"
"98679","Five Seasons Country Club","lfinn@fiveseasonscc.com","1300 E 96th St","3175820525","3175821550","799101","Health Clubs Studios & Gymnasiums","www.fiveseasonsindy.com"," Email <---> Revenue ","301341","Five Seasons Country Club","1300 E 96th St","Indianapolis","IN","46240","Marion","www.fiveseasonsindy.com","3175821550","3175820525","Gary Padjen","Manager","Mal","5070000","130","799101","Health Clubs","3","0","1"
"31024","Offisource","LGrear@offisource.com","1332 Broad St","7655298843","7655293900","502112","Office Furniture & Equip-Dealers (Whol)","NULL"," Email <---> Revenue ","393703","Offisource","1332 Broad St","New Castle","IN","47362","Henry","","7655293900","7655298843","Lee Grear","Owner","Mal","6281000","11","502112","Office Furni","3","0","1"
"182207","Technology Service Corp","lgrieco@tscwo.com","116 W 6th St # 200","5857860887","8123367576","871133","Engineers-Professional","www.tsc.com"," Email <---> Revenue ","187501","TECHNOLOGY SERVICE CORP","116 W 6TH ST STE 200","BLOOMINGTON","IN","47404","Monroe","","8123367576","","JIM SHELTON","Vice-President","M","5500000","55","871100","Engineering ","3","0","1"
"191641","Traylor Fertilizer Svc Inc","lholt@traylorfertilizer.com","600 Railroad St","8124863339","8124863285","526139","Fertilizers-Retail","www.traylorfertilizer.com"," Email <---> Revenue ","192357","TRAYLOR FERTILIZER SVC INC","PO BOX 69","MONTGOMERY","IN","47558","Daviess","","8124863285","","JOE TRAYLOR","Owner","M","6900000","23","519100","Whl Farm Sup","3","0","1"
"160041","Midwest Pipe Coating Inc","livingstond@midwest-pc.com","925 Kennedy Ave","2193222761","2193224564","347998","Coating Engraving/Allied Svcs Nec (Mfrs)","www.midwestpiperebar.com"," Email <---> Revenue ","130481","MIDWEST PIPE COATING INC","925 KENNEDY AVE","SCHERERVILLE","IN","46375","Lake","","2193224564","","RANDY VANKLEY","Manager","M","7000000","105","347900","Met Coating,","3","0","1"
"182354","Wild Birds Unlimited","louise.hadley@itt.com","801 Northcrest Shopping Ctr","2604830445","2604843000","526120","Bird Feeders & Houses","www.wbufortwayne.com"," Email <---> Revenue ","206645","WILD BIRDS UNLIMITED","801 NRTHCRST SHPPNG CTR STE 11","FORT WAYNE","IN","46805","Allen","","2604843000","","BEN ROUSH","Owner","M","7000000","1280","526100","Nurs & Garde","3","0","1"
"163567","Inertia Friction Welding In","Lowell_Tully@ifweld.com","1801 S Main St","5742396949","5742877461","354107","Machine Tools-Manufacturers","NULL"," Email <---> Revenue ","334681","Inertia Friction Welding In","1801 S Main St","South Bend","IN","46613","St Joseph","www.ifweld.com","5742877461","5742396949","Lowell Tully","Owner","Mal","7020000","30","354107","Machine Tool","3","0","1"
"190939","Anthony Travel Inc","lulumurphy@anthonytravel.com","Student Center","2143631180","5746317080","472402","Travel Agencies & Bureaus","www.anthonytravel.com"," Email <---> Revenue ","12376","ANTHONY TRAVEL INC","STUDENT CENTER","NOTRE DAME","IN","46556","St. Joseph","","5746317080","5746318504","JOHN ANTHONY","President","M","5400000","17","472400","Travel Agenc","3","0","1"
"162394","Harms Auto Supply","Marcia@harmsautosupply.com","622 E Market St","3176364233","3176327447","501313","Automobile Parts & Supplies-Wholesale","NULL"," Email <---> Revenue ","320383","Harms Auto Supply","622 E Market St","Indianapolis","IN","46202","Marion","www.harmsautosupply.com","3176327447","3176364233","Marcia Harms","Owner","Fem","5376000","12","501313","Automobile P","3","0","1"
"159177","Newton Oil Co","margie@newtonoil.com","1910 Wilson St","7654231261","7657424001","517201","Petroleum Products (Wholesale)","www.newtonoil.com"," Email <---> Revenue ","138731","NEWTON OIL CO","1910 WILSON ST","LAFAYETTE","IN","47904","Tippecanoe","","7657424001","7654231261","CHUCK NEWTON","Owner","M","5400000","20","291100","Petroleum Re","3","0","1"
"150516","Liberty Auto Salvage Inc","mark@libertyautosalvage.com","1064 E Morgan Ave","8124233103","8124236271","501501","Automobile Parts-Used & Rebuilt (Whol)","NULL"," Email <---> Revenue ","360429","Liberty Auto Salvage Inc","1064 E Morgan Ave","Evansville","IN","47711","Vanderburgh","","8124236271","8124233103","Mark Maurer","Owner","Mal","6000000","40","501501","Automobile P","3","0","1"
"100867","Arrow Security Corp","mary.debarge@arrowsecuritycorp.com","PO Box 3339","2193981236","2193971635","874813","Security Systems Consultants","NULL"," Email <---> Revenue ","227359","Arrow Security Corp","PO Box 3339","East Chicago","IN","46312","Lake","","2193971635","2193981236","M Arredondo","Owner","","6750000","30","874813","Security Sys","3","0","1"
"67136","Metzger Trucking Co","mattmetzger@metzgertrucking.com","208 S Jefferson St","2603522713","2603522381","421212","Trucking-Local Cartage","www.metzgertrucking.com"," Email <---> Revenue ","376803","Metzger Trucking Co","208 S Jefferson St","Silver Lake","IN","46982","Kosciusko","www.metzgertrucking.com","2603522381","2603522713","Mike Metzger","Owner","Mal","5640000","40","421212","Trucking-Loc","3","0","1"
"115288","Royal Crown LTD","mbickel.rcl@royplas.com","401 E Syracuse St","5746583147","5746589442","349605","Fence-Manufacturers","www.royalcrownltd.com"," Email <---> Revenue ","165550","ROYAL CROWN LTD","401 E SYRACUSE ST","MILFORD","IN","46542","Kosciusko","","5746589442","5746583147","LISA PORTER","Chief Executive Office","F","8500000","125","349600","Misc Fab Wir","3","0","1"
"194627","WLFI","mcleff@wlfi.com","2605 Yeager Rd","7654637979","7654631800","483301","Television Stations & Broadcasting CO","www.wlfi.com"," Email <---> Revenue ","208138","WLFI","2605 YEAGER RD","W LAFAYETTE","IN","47906","Tippecanoe","","7654631800","7654637979","TOM COMBS","Manager","M","8200000","4115","483300","Tv Brdcstg S","3","0","1"
"91088","Lang Co","meters@langcompany.com","1501 Allens Ln # C","5025871377","8124261496","504403","Copying & Duplicating Machines & Supls","www.langcompany.com"," Email <---> Revenue ","357185","Lang Co","1501 Allens Ln # C","Evansville","IN","47710","Vanderburgh","www.langcompany.com","8124261496","8124225014","Bill Tanner","Manager","Mal","8991000","27","504403","Copying & Du","3","0","1"
"128930","Lee & Ryan Environmental","mgrella@leeandryan.com","6971 Hillsdale Ct","3179152228","3179151845","873111","Environmental & Ecological Services","www.leeandryan.com"," Email <---> Revenue ","359132","Lee & Ryan Environmental","6971 Hillsdale Ct","Indianapolis","IN","46250","Marion","www.leeandryan.com","3179151845","3179152228","Terry Longworth","Owner","Mal","9680000","55","873111","Environmenta","3","0","1"
"138048","Hamm & Sons Plumbing Inc","mhamm@hammandsons.com","6350 Sommer Awning Blvd","3172029860","3172029854","171105","Plumbing Contractors","NULL"," Email <---> Revenue ","85484","HAMM & SONS PLUMBING INC","6350 SOMMER AWNING BLVD","INDIANAPOLIS","IN","46220","Marion","","3172029854","","MIKE HAMM","President","M","8800000","50","171102","Plumbing Con","3","0","1"
"112824","Options Treatment Ctr","michael.brooks@yfcs.com","5602 Caito Dr","5123274576","3175444340","806301","Mental Health Services","www.yfcs.com"," Email <---> Revenue ","395288","Options Treatment Ctr","5602 Caito Dr","Indianapolis","IN","46226","Marion","www.yfcs.com","3175444340","3175444350","Lorraine Hinrich","Administrator","Fem","8100000","100","806301","Mental Healt","3","0","1"
"27894","Nuell Inc","mike@nuellinc.com","PO Box 55","5744533797","5744534900","384104","Physicians & Surgeons Equip & Supls-Mfrs","NULL"," Email <---> Revenue ","141160","NUELL INC","PO BOX 55","WARSAW","IN","46581","Kosciusko","","5744534900","","DAVID HOLSCLAW","President","M","8100000","46","384100","Surgical,Med","3","0","1"
"193136","Prompt Ambulance Svc","Miller_Shar@promptambulance.com","9835 Express Dr","2199243192","2199244679","411902","Ambulance Service","NULL"," Email <---> Revenue ","155468","PROMPT AMBULANCE SVC","9835 EXPRESS DR","HIGHLAND","IN","46322","Lake","","2198384444","","SHAR MILLER","Owner","F","7400000","180","411903","Ambulance Se","3","0","1"
"64981","Dial X Inc","mkatz@dial-x.com","3903 S State Road 9","2606362586","2606367588","355909","Special Industry Machinery Nec (Mfrs)","NULL"," Email <---> Revenue ","281057","Dial X Inc","3903 S State Road 9","Albion","IN","46701","Noble","www.dialx.com","2606367588","2606362586","Michael Katz","President","Mal","5670000","30","355909","Special Indu","3","0","1"
"177319","Tri-State Aero","mkemper@tristateaero.com","6101 Flight Line Dr","8124261382","8124261221","735939","Aircraft Charter Rental & Leasing Svc","www.tristateaero.com"," Email <---> Revenue ","459672","Tri-State Aero","6101 Flight Line Dr","Evansville","IN","47725","Vanderburgh","www.tristateaero.com","8124261221","8124261382","John Zeidler","Owner","Mal","9150000","50","735939","Aircraft Cha","3","0","1"
"165515","Clark County Airport","mmcnames@hapsaerial.net","7001 Airport Dr","8122463819","8122467460","458106","Airports","www.hapsaerial.net"," Email <---> Revenue ","40562","CLARK COUNTY AIRPORT","7001 AIRPORT DR","SELLERSBURG","IN","47172","Clark","","8122467460","","WILLIAM E HAPPEL","Owner","M","5600000","50","458100","Airports & T","3","0","1"
"35154","Nelson Oil Co","mnelson@nelsonoil.com","2003 Madison Ave","3177833201","3177833165","517212","Oil Marketers & Distributors","www.nelsonoil.com"," Email <---> Revenue ","137365","NELSON OIL CO","2003 MADISON AVE","INDIANAPOLIS","IN","46225","Marion","","3177833165","","MICHAEL NELSON","President","M","5400000","20","517200","Whl Petroleu","3","0","1"
"182347","Indianapolis Signworks","mokeefe@spggraphics.com","5349 W 86th Street","3178763355","3178763398","7389","Business Services NEC","MYSPG.COM^^SPGGRAPHICS.COM"," Email <---> Revenue ","86311","HARDING POORMAN GROUP","4923 W 78TH ST","INDIANAPOLIS","IN","46268","Marion","","3178763355","","DAVID HARDING","Chief Executive Office","M","9700000","289","275200","Litho,Coml P","3","0","1"
"194864","Jobsite Supply","momara@jobsitesupply.com","624 S Missouri St","3176847484","3176847474","503207","Concrete Constr Forms & Acces (Whol)","www.jobsitesupply.com"," Email <---> Revenue ","104232","JOBSITE SUPPLY","624 S MISSOURI ST # 30","INDIANAPOLIS","IN","46225","Marion","","3176847474","","PETER MOLLOY","Owner","M","8500000","50","327200","Mfg Concrete","3","0","1"
"192091","CVS Systems Inc","msnyder@cvssystems.com","1139 S Baldwin Ave","7656629959","7656620037","573107","Satellite Equipment & Systems-Retail","www.cvssystems.com"," Email <---> Revenue ","50707","CVS SYSTEMS INC","1139 S BALDWIN AVE","MARION","IN","46953","Grant","","7656620037","","TOM COLLINS","President","M","7500000","50","573104","Consumer Ele","3","0","1"
"182324","Initial Security","nancyt@vorticom.com","6330 E 75th St # 304","5013722216","3175707905","738102","Security Guard & Patrol Service","www.initialsecurity.com"," Email <---> Revenue ","334852","Initial Security","6330 E 75th St # 304","Indianapolis","IN","46250","Marion","www.initialsecurity.com","3175707905","3175708502","Jerry Peyton","Manager","Mal","5220000","180","738102","Security Gua","3","0","1"
"28894","National Cigar Co","natcigar@accs.net","407 N Main St","7656546932","7656593326","212101","Cigar Cigarette & Tobacco-Manufacturers","www.broadleafcigars.com"," Email <---> Revenue ","386555","National Cigar Co","407 N Main St","Frankfort","IN","46041","Clinton","www.broadleafcigars.com","7656593326","7656546932","James K Pogue","President","Mal","9394000","61","212101","Cigar Cigare","3","0","1"
"134920","Nesco Sales & Rentals","nesco@nescosales.com","3112 E State Road 124","2608246350","2608246340","508206","Contractors-Equip/Supls-Dlrs/Svc (Whol)","www.nescosales.com"," Email <---> Revenue ","137463","NESCO SALES & RENTALS","3112 E STATE ROAD 124","BLUFFTON","IN","46714","Wells","","2608246340","","ROB TROXEL","President","M","7500000","50","769900","Repair Servi","3","0","1"
"154191","Norris Truck Svc","norristruck@norristruck.com","125 W Us Highway 20","2604634941","2604633211","551105","Truck-Dealers","www.norristruck.com"," Email <---> Revenue ","390898","Norris Truck Svc","125 W Us Highway 20","Lagrange","IN","46761","Lagrange","www.norristruck.com","2604633211","2604634941","Gary Timmerman","Owner","Mal","7117000","11","551105","Truck-Dealer","3","2","1"
"155408","Stoutco Inc","nteehee@ameri-kan.com","PO Box 309","5748484414","5748484411","344106","Steel-Structural (Manufacturers)","NULL"," Email <---> Revenue ","182283","STOUTCO INC","PO BOX 309","BRISTOL","IN","46507","Elkhart","","5748484411","","DENNY GILL","Chief Executive Office","M","5000000","60","344100","Fabricated S","3","0","1"
"119951","Ace Rental Place","Oday_Ron@acehardware.com","2700 Wabash Ave","8122321266","8122322333","735921","Tools-Renting","NULL"," Email <---> Revenue ","4232","ACE RENTAL PLACE","2700 WABASH AVE","TERRE HAUTE","IN","47803","Vigo","","8122322333","","RON ODAY","President","M","6800000","38","735901","Rental Ser-S","3","0","1"
"84891","Ogden Engineering Corp","ows@ogdenwelding.com","372 Division St","2198651825","2193225252","354801","Welding Equipment & Supplies-Mfrs","www.ogdenwelding.com"," Email <---> Revenue ","393714","Ogden Engineering Corp","372 Division St","Schererville","IN","46375","Lake","www.ogdenwelding.com","2193225252","2198651825","Wayne Smith","Manager","Mal","6966000","27","354801","Welding Equi","3","0","1"
"159342","Indiana Dimensional Products","P.Feccenda@indianadimensional.com","PO Box 271","5748347392","5748347681","399302","Signs (Manufacturers)","NULL"," Email <---> Revenue ","96002","INDIANA DIMENSIONAL PRODUCTS","PO BOX 271","NORTH WEBSTER","IN","46555","Kosciusko","","5748347681","","TONYA BLANCHARD","Chief Executive Office","F","5400000","72","399300","Signs & Advg","3","0","1"
"121467","Pipeline Group","Pam@pipelinegroup.com","15530 Herriman Blvd","3177761182","3177761180","461999","Pipelines Nec","NULL"," Email <---> Revenue ","404823","Pipeline Group","15530 Herriman Blvd","Noblesville","IN","46060","Hamilton","","3177761180","3177761182","Pam Taylor","Owner","Fem","6876000","6","461999","Pipelines Ne","3","0","1"
"91770","Perry Chemical & Mfg Co","perry@perryfoam.com","2335 S 30th St","7654743423","7654743404","308601","Plastics-Foam (Manufacturers)","www.perrychemical.com"," Email <---> Revenue ","148941","PERRY CHEMICAL & MFG CO","2335 S 30TH ST","LAFAYETTE","IN","47909","Tippecanoe","","7654743404","7654743423","PAUL CHISLOM","President","M","7300000","93","308600","Plastic Foam","3","0","1"
"76974","Perfecto Tool & Engineering Co","precision@perfecto.com","1124 W 53rd St","7656442881","7656442821","355909","Special Industry Machinery Nec (Mfrs)","www.perfecto.com"," Email <---> Revenue ","402159","Perfecto Tool & Engineering Co","1124 W 53rd St","Anderson","IN","46013","Madison","www.perfecto.com","7656442821","7656442881","","","","8316000","44","355909","Special Indu","3","0","1"
"193538","Interstate Rentals","pricing@interstaterentals.com","1047 N State Road 149","2197633599","2197632511","508204","Concrete Breaking Cut/Saw Eqpt (Whol)","www.interstaterentals.com"," Email <---> Revenue ","336114","Interstate Rentals","1047 N State Road 149","Valparaiso","IN","46385","Porter","www.interstaterentals.com","2197632511","2197633599","Ron Brissette","Owner","Mal","5328000","8","508204","Concrete Bre","3","0","1"
"168744","Sternberg International","pstemle@sternbergs.com","101 W Dillman Rd","8128241193","8128246669","551105","Truck-Dealers","www.sternbergs.com"," Email <---> Revenue ","181351","STERNBERG INTERNATIONAL","101 W DILLMAN RD","BLOOMINGTON","IN","47403","Monroe","","8128246669","","PAT STANLEY","Manager","M","5300000","13","551101","Truck Dealer","3","0","1"
"178064","Nachi Technology Inc","quality@nachitech.com","713 Pushville Rd","3175358484","3175355000","356201","Bearings-Manufacturers","www.nachitech.com"," Email <---> Revenue ","135819","NACHI TECHNOLOGY INC","713 PUSHVILLE RD","GREENWOOD","IN","46143","Johnson","","3175355000","","JOE SCHMIDT","Manager","M","5800000","106","356200","Ball,Roller ","3","0","1"
"180048","Perpetual Technologies","R.S@perptech.com","3500 Depauw Blvd","3178240394","3178240393","824301","Computer Training","NULL"," Email <---> Revenue ","402391","Perpetual Technologies","3500 Depauw Blvd","Indianapolis","IN","46268","Marion","www.perptech.com","3178240393","3178240394","Ryan Stephens","Owner","Mal","7020000","45","824301","Computer Tra","3","0","1"
"152631","Laserite Fabrications","R_P@pullrite.com","13790 Jefferson Blvd","5742580289","5742591520","344106","Steel-Structural (Manufacturers)","NULL"," Email <---> Revenue ","357918","Laserite Fabrications","13790 Jefferson Blvd","Mishawaka","IN","46545","St Joseph","","5742591520","5742580289","Randall Pulliam","President","Mal","7665000","35","344106","Steel-Struct","3","0","1"
"50612","Sperry Van Ness/Martin Com. Gr","randall.forster@svn.com","4004 Morgan Avenue / Suite 200","8124712500","-","7359","Audio-Visual equipment","NAMB"," Email <---> Revenue ","73699","FORTY O FOUR BLDG","4004 E MORGAN AVE STE 200","EVANSVILLE","IN","47715","Vanderburgh","","8124712500","","STEVE MARTIN","Manager","M","6700000","858","655200","Subdividers ","3","0","1"
"172825","Flair Molded Plastics Inc","rbailey@flairplastics.com","2521 Lynch Rd","8124256168","8124256155","308901","Mold Makers","www.flairplastics.com"," Email <---> Revenue ","72300","FLAIR MOLDED PLASTICS INC","2521 LYNCH RD","EVANSVILLE","IN","47711","Vanderburgh","","8124256155","","JAMES PETERS","President","M","5100000","80","308900","Plastic Pdts","3","0","1"
"146201","Meese Inc","rdunne1@usa.net","1745 Cragmont St","8122733232","8122731878","308902","Plastics & Plastic Products (Mfrs)","www.modroto.com"," Email <---> Revenue ","127304","MEESE INC","1745 CRAGMONT ST","MADISON","IN","47250","Jefferson","","8122733232","","MIKE DORSEY","Manager","M","6400000","100","308900","Plastic Pdts","3","0","1"
"176194","Covered Bridge Health Campus","recruit_india@trilogy.com","1675 W Tipton St","8125236066","8125236405","805102","Health Care Facilities","www.trilogy.com"," Email <---> Revenue ","47421","COVERED BRIDGE HEALTH CAMPUS","1675 W TIPTON ST","SEYMOUR","IN","47274","Jackson","","8125236405","","KELLY DAUGHERTY","Executive Director","M","6400000","104","836100","Residential ","3","0","1"
"133120","Bethany Pointe Health Campus","recruitment@trilogyhs.com","1707 Bethany Rd","7656221214","7656221211","836105","Residential Care Homes","www.trilogyhs.com"," Email <---> Revenue ","21277","BETHANY POINTE HEALTH CAMPUS","1707 BETHANY RD","ANDERSON","IN","46012","Madison","","7656221211","","LINDA KOCH","Executive Director","F","6200000","100","836100","Residential ","3","0","1"
"58766","Century Pipe & Supply Co","requests@townnews.com","703 Us Highway 30","5017582597","2194627500","507406","Plumbing Fixtures & Supplies-Wholesale","www.nlrtimes.com"," Email <---> Revenue ","255761","Century Pipe & Supply Co","703 Us Highway 30","Valparaiso","IN","46383","Porter","www.centurygroup.com","2194627500","2194621659","Jack Hodurek","Owner","Mal","6461000","13","507406","Plumbing Fix","3","0","1"
"152104","Hurricane Compressor","richb@gscompressors.com","1015 Hurricane Rd","3177363801","3177363800","356301","Compressors-Manufacturers","NULL"," Email <---> Revenue ","94175","HURRICANE COMPRESSOR","1015 HURRICANE RD","FRANKLIN","IN","46131","Johnson","","3177363800","","RICHARD BAKER","President","M","5400000","174","356300","Air,Gas Comp","3","0","1"
"184063","Homan Lumber Mart Inc","rmiller@homanlumber.com","1650 W Lusher Ave","5745220338","5742936595","242101","Lumber-Manufacturers","www.homanlumber.com"," Email <---> Revenue ","91311","HOMAN LUMBER MART INC","1650 W LUSHER AVE","ELKHART","IN","46517","Elkhart","","5742936595","5745220338","BOB HOMAN","Owner","M","5800000","81","242100","Sawmills, Pl","3","0","1"
"180603","Wright Entertainment","Rob.Meyer@wrightdj.com","226 E 1400 N","NULL","7657249084","792908","Music & Live Entertainment","NULL"," Email <---> Revenue ","479924","Wright Entertainment","226 E 1400 N","Summitville","IN","46070","Madison","www.wrightdj.com","7657249084","","Rob Meyer","Owner","Mal","6600000","30","792908","Music & Live","3","0","1"
"54751","Meyers Mechanical Corp","Robert.Meyers@meyersmech.com","610 NW 2nd St","7659660439","7659660541","171102","Heating Contractors","NULL"," Email <---> Revenue ","128864","MEYERS MECHANICAL CORP","610 NW 2ND ST","RICHMOND","IN","47374","Wayne","","7659660541","","ROBERT MEYERS","Owner","M","8800000","50","171104","Heating,Air ","3","0","1"
"141449","Autoform Tool & Mfg","Robert@autoformtool.com","PO Box 988","2604952724","2604959641","359903","Machine Shops","NULL"," Email <---> Revenue ","16066","AUTOFORM TOOL & MFG","605 E SWAGER ST","FREMONT","IN","46737","Steuben","","2604959641","2604952724","ROBERT JACOBY","President","M","8300000","100","359900","Industrial M","3","0","1"
"122301","Startrans","Robert-Wilson@startransinc.net","2592 Kercher Rd","5746424108","5746424730","362103","Buses-Parts & Supplies-Manufacturers","NULL"," Email <---> Revenue ","180213","STARTRANS","2592 KERCHER RD","GOSHEN","IN","46528","Elkhart","","5746424730","","KIRK WOGOMON","Manager","M","9100000","160","362100","Motors & Gen","3","0","1"
"140441","Inventure","Roger@inventureinc.com","609 N Harrison St","5745339300","5745339438","506338","Electronic Parts Assemblers (Wholesale)","NULL"," Email <---> Revenue ","336194","Inventure","609 N Harrison St","Goshen","IN","46528","Elkhart","","5745339438","5745339300","Roger Burger","Owner","Mal","6580000","10","506338","Electronic P","3","0","1"
"137700","Hittle Landscaping","Ron@hittlelandscape.com","17778 Sun Park Dr","3178962471","3178965697","078204","Landscape Contractors","NULL"," Email <---> Revenue ","325512","Hittle Landscaping","17778 Sun Park Dr","Westfield","IN","46074","Hamilton","www.hittlelandscape.com","3178965697","3178962471","Ron Hittle","Owner","Mal","7560000","90","78204","Landscape Co","3","1","1"
"176094","Midwest Concrete Pumping Inc","rpierce@midwestpumping.com","1011 E Beecher St","3177844538","3177843751","177105","Concrete Contractors","www.midwestpumping.com"," Email <---> Revenue ","378639","Midwest Concrete Pumping Inc","1011 E Beecher St","Indianapolis","IN","46203","Marion","www.midwestpumping.com","3177843751","3177844538","Glenna Davis","Owner","Fem","6450000","50","177105","Concrete Con","3","0","1"
"190695","Robinson Steel Co","rps@robinsonsteel.com","4303 Kennedy Ave","2193987735","2193984600","331204","Steel Processing","www.robinsonsteel.com"," Email <---> Revenue ","164090","ROBINSON STEEL CO","4303 KENNEDY AVE","EAST CHICAGO","IN","46312","Lake","","2193984600","","PAUL LABRIOLA","President","M","6100000","90","331200","Steel Works","3","0","1"
"123941","Turbostart Batteries","rstout@batteryxpress.com","9001 W Smith St","7657592299","7657592288","506325","Batteries-Storage-Wholesale","www.batteryxpress.com"," Email <---> Revenue ","461068","Turbostart Batteries","9001 W Smith St","Yorktown","IN","47396","Delaware","www.batteryxpress.com","7657592288","7657592299","William Stout","Owner","Mal","6580000","10","506325","Batteries-St","3","0","1"
"147619","Apple House Home & Garden","ryan@theapplehouse.com","2711 S 3rd St","8122344436","8122321495","526104","Garden Centers","www.theapplehouse.com"," Email <---> Revenue ","12764","APPLE HOUSE HOME & GARDEN","2711 S 3RD ST","TERRE HAUTE","IN","47802","Vigo","","8122321495","","TOM CUMMINS","President","M","8800000","50","526100","Nurs & Garde","3","0","1"
"187686","Kessington Machine","salesdept@kessington.com","27217 County Road 6","5742668899","5742664500","359903","Machine Shops","www.kessington.com"," Email <---> Revenue ","108485","KESSINGTON MACHINE","27217 COUNTY ROAD 6","ELKHART","IN","46514","Elkhart","","5742664500","","RUSSELL GOLDEN","President","M","6600000","79","359900","Industrial M","3","0","1"
"108993","Vidimos Inc","scottv@vidimos.com","3858 Michigan Ave","2193972728","2193972728","344403","Sheet Metal Fabricators","www.vidimos.com"," Email <---> Revenue ","199819","VIDIMOS INC","3858 INDIANA HARBOR DR","EAST CHICAGO","IN","46312","Lake","","2193972728","2192212244","SCOTT VIDIMOS","President","M","5400000","69","344400","Sheet Metal ","3","0","1"
"154088","Ace Air Inc","shawn@ace-air.com","6033 W 80th St","3173372066","3178798200","171117","Air Conditioning Contractors & Systems","www.ace-air.com"," Email <---> Revenue ","4094","ACE AIR INC","6033 W 80TH ST","INDIANAPOLIS","IN","46278","Marion","","3178798200","","DAVE ANDRESS","President","M","8800000","50","171104","Heating,Air ","3","0","1"
"194702","Clarke Detroit Diesel-Allison","short@clarkesystem.com","2610 Independence Dr","9013967224","2604829185","508414","Engines-Diesel (Wholesale)","www.clarkedda.com"," Email <---> Revenue ","261796","Clarke Detroit Diesel-Allison","2610 Independence Dr","Fort Wayne","IN","46808","Allen","www.clarkedda.com","2604829185","2604829180","Stan Klepper","Manager","Mal","6528000","12","508414","Engines-Dies","3","0","1"
"75610","Technifab Products","Short-Noel@technifab.com","10339 N Industrial Park Dr","8124420891","8124420520","179104","Metal Fabricators","NULL"," Email <---> Revenue ","452832","Technifab Products","10339 N Industrial Park Dr","Brazil","IN","47834","Clay","www.technifab.com","8124420520","8124420891","Noel Short","Owner","Mal","8379000","57","179104","Metal Fabric","3","0","1"
"64189","Zotec Solutions","SL@zotec.com","11460 N Meridian St","NULL","3178491379","839911","Medical Management Service","NULL"," Email <---> Revenue ","481711","Zotec Solutions","11460 N Meridian St","Carmel","IN","46032","Hamilton","www.zotec.com","3178491379","","Scott Law","Owner","Mal","7525000","35","839911","Medical Mana","3","0","1"
"156382","Wpm Construction","smarkovich@wpmsite.com","1000 E 80th Pl # 555n","2196417192","2196805000","152144","Construction Companies","www.wpmsite.com"," Email <---> Revenue ","479876","Wpm Construction","1000 E 80th Pl # 555n","Merrillville","IN","46410","Lake","www.wpmsite.com","2196805000","2196417192","Paul Misch","President","Mal","5900000","25","152144","Construction","3","0","1"
"144977","Foam Fabricators Inc","smorey@foamfabricatorsinc.com","950 Progress Blvd","4806077333","8129481696","308601","Plastics-Foam (Manufacturers)","www.foamfabricatorsinc.com"," Email <---> Revenue ","302304","Foam Fabricators Inc","950 Progress Blvd","New Albany","IN","47150","Floyd","www.foamfabricatorsinc.com","8129481696","8129482450","Bill Eaton","Manager","Mal","8260000","35","308601","Plastics-Foa","3","0","1"
"135747","Prosource One","smpace@prosourceone.com","12071 N State Road 37 # A","2396578374","7655522594","519104","Agricultural Chemicals (Wholesale)","www.prosourceone.com"," Email <---> Revenue ","410326","Prosource One","12071 N State Road 37 # A","Elwood","IN","46036","Madison","www.prosourceone.com","7655522594","3172906056","Mathew Foster","Manager","Mal","6650000","10","519104","Agricultural","3","0","1"
"164691","Spohn Associates","Spohn@spohnassociates.com","3935 N Meridian St","3179212454","3179212445","509908","Manufacturers-Agents & Representatives","NULL"," Email <---> Revenue ","177335","SPOHN ASSOCIATES","3935 N MERIDIAN ST","INDIANAPOLIS","IN","46208","Marion","","3179210021","","JACK SPOHN","Manager","M","6500000","50","509908","Manuf Agents","3","0","1"
"90363","Contech","spx@spx.com","1200 Power Dr","7135327204","2609254711","336401","Nonferrous Die Castings-Ex Alum (Mfrs)","www.kitba.com"," Email <---> Revenue ","267001","Contech","109 E 5th St # C","Auburn","IN","46706","De Kalb","","2609201837","","","","","7329000","7","505123","Die Castings","3","0","1"
"172973","Delta Services Inc","swerner@deltaservicesinc.com","1345 Sadlier Circle South Dr","3177919853","3177916653","179926","Asbestos Removal Service","www.deltaservicesinc.com"," Email <---> Revenue ","279627","Delta Services Inc","1345 Sadlier Circle South Dr","Indianapolis","IN","46239","Marion","www.deltaservicesinc.com","3177916653","3177919853","Mike Honan","Owner","Mal","5580000","45","179926","Asbestos Rem","3","1","1"
"100648","Dekker Vacuum Technologies Inc","swills@dekkervacuum.com","921 S Woodland Ave","2198610662","2198610661","358910","Vacuum Equipment & Systems-Mfrs","www.dekkervacuum.com"," Email <---> Revenue ","54608","DEKKER VACUUM TECHNOLOGIES INC","935 S WOODLAND AVE","MICHIGAN CITY","IN","46360","LaPorte","","2198610661","","JAN DEKKER","Owner","F","9300000","50","358900","Service Indu","3","0","1"
"26446","Tec-Hackett Inc","tammyj@tec-hackett.com","3418 Cavalier Dr","2604717309","2604717116","508530","Cylinders-Air & Hydraulic (Wholesale)","www.tec-hackett.com"," Email <---> Revenue ","187427","TEC-HACKETT INC","3418 CAVALIER DR","FORT WAYNE","IN","46808","Allen","","2604717116","2604717309","EDWARD C HUGHES III","President","M","6400000","37","362500","Relays,Ind C","3","0","1"
"150611","Firehouse Image Ctr","TCorman@fire-house.net","2000 N Illinois St","3172360464","3172361747","738402","Photo Finishing-Custom","NULL"," Email <---> Revenue ","70432","FIREHOUSE IMAGE CTR","2000 N ILLINOIS ST","INDIANAPOLIS","IN","46202","Marion","","3172361747","","TERRY CORMAN","Owner","M","7000000","40","399300","Signs & Advg","3","0","1"
"186442","C & R Racing Inc","technical@crracing.com","6950 Guion Rd","3172934110","3172934100","553113","Automobile Racing Car Equipment","www.crracing.com"," Email <---> Revenue ","248059","C & R Racing Inc","6950 Guion Rd","Indianapolis","IN","46268","Marion","www.crracing.com","3172934100","3172934110","Chris Paulsen","Owner","Mal","6080000","40","553113","Automobile R","3","0","1"
"76604","Trilogy Marketing Inc","terry.bishop@trilogyinc.com","11550 N Meridian St # 180","NULL","3175758802","509908","Manufacturers-Agents & Representatives","NULL"," Email <---> Revenue ","459917","Trilogy Marketing Inc","11550 N Meridian St # 180","Carmel","IN","46032","Hamilton","","3175758802","","John Brady","Owner","Mal","6608000","7","509908","Manufacturer","3","0","1"
"187716","Sweetlix LLC","thelm@sweetlix.com","100 S Huntington St","8176256116","5744573171","204803","Feed-Manufacturers","www.sweetlix.com"," Email <---> Revenue ","449680","Sweetlix LLC","100 S Huntington St","Syracuse","IN","46567","Kosciusko","www.sweetlix.com","5744573171","5744575039","Andy Nickels","Manager","Mal","7610000","10","204803","Feed-Manufac","3","0","1"
"152429","M A Metal Co Inc","tmeier@mametal.com","216 N Main St","8125266970","8125262666","346904","Metal Stamping (Manufacturers)","www.mametal.com"," Email <---> Revenue ","365852","M A Metal Co Inc","216 N Main St","Edinburgh","IN","46124","Johnson","www.mametal.com","8125262666","8125266970","Fred Stadler","CEO","Mal","5017000","29","346904","Metal Stampi","3","0","1"
"153289","Kentuckiana Wire Rope & Supply","todd@kwrinc.com","3335 Industrial Pkwy","8122824059","8122823667","508528","Chains (Wholesale)","www.kwrinc.com"," Email <---> Revenue ","350194","Kentuckiana Wire Rope & Supply","3335 Industrial Pkwy","Jeffersonville","IN","47130","Clark","www.kwrinc.com","8122823667","8122824059","Bob Sample","Plant Mgr","Mal","9690000","17","508528","Chains (Whol","3","0","1"
"65384","Nadapro Inc","Tom@idealofficesource.com","5020 Nob Rd","2604829676","2604829674","502112","Office Furniture & Equip-Dealers (Whol)","NULL"," Email <---> Revenue ","385892","Nadapro Inc","5020 Nob Rd","Fort Wayne","IN","46825","Allen","www.idealofficesource.com","2604829674","2604829676","Tom Williams","Owner","Mal","6281000","11","502112","Office Furni","3","0","1"
"163839","Andersons","tomdsr@ande1.com","101 Agrico Ln","8125375198","8125221786","287301","Fertilizers-Manufacturers","www.ande.com"," Email <---> Revenue ","224430","Andersons","101 Agrico Ln","Seymour","IN","47274","Jackson","www.ande.com","8125221786","8125226957","Richard Whitesell","Plant Mgr","Mal","8950000","10","287301","Fertilizers-","3","0","1"
"83400","Almco Steel Products Corp","tomschmidt@almcosteel.com","59 N Oak Street Ext","2608245472","2608241118","346904","Metal Stamping (Manufacturers)","NULL"," Email <---> Revenue ","8735","ALMCO STEEL PRODUCTS CORP","59 N OAK STREET EXT","BLUFFTON","IN","46714","Wells","","2608241118","","JIM ALMDALE","President","M","6800000","100","346900","Metal Stampi","3","0","1"
"178652","Pro Plastics Equipment Inc","tomt@ytci.com","13097 Parkside Dr","3178133056","3178133055","508480","Plastics-Machinery & Equipment (Whol)","www.proplasticsusa.com"," Email <---> Revenue ","409504","Pro Plastics Equipment Inc","13097 Parkside Dr","Fishers","IN","46038","Hamilton","www.proplasticsusa.com","3178133055","3178133056","Tom Kleck","Owner","Mal","5440000","10","508480","Plastics-Mac","3","0","1"
"123383","Dec-O-Art Inc","tony.dosmann@dec-o-art.com","3914 Lexington Park Dr","5742956534","5742946451","275209","Decals (Manufacturers)","NULL"," Email <---> Revenue ","278749","Dec-O-Art Inc","3914 Lexington Park Dr","Elkhart","IN","46514","Elkhart","www.dec-o-art.com","5742946451","5742956534","Tony Dosmann","President","Mal","8360000","55","275209","Decals (Manu","3","0","1"
"164647","Kibbi Inc","tony.smith@kibbi.com","52216 State Road 15","5748481127","5748481126","501212","Trailers-Truck (Wholesale)","NULL"," Email <---> Revenue ","108993","KIBBI INC","52216 STATE ROAD 15","BRISTOL","IN","46507","Elkhart","","5745221126","","CHUCK MC KIBBIN","President","M","7700000","101","371500","Mfg Truck Tr","3","0","1"
"165731","Topp Industries Inc","toppindustries@toppindustries.com","420 N State Road 25","5742236106","5742233681","344305","Tanks-Manufacturers","www.toppindustries.com"," Email <---> Revenue ","191216","TOPP INDUSTRIES INC","420 N STATE ROAD 25","ROCHESTER","IN","46975","","","5742233681","5742236106","KEVIN BIRCHMEIER","Owner","M","9400000","125","344300","Fabricated P","3","0","1"
"135110","L J Stone Inc","trent@ljstone.com","9100 N Wheeling Ave","7652882748","7652885044","521107","Windows","www.ljstone.com"," Email <---> Revenue ","111980","L J STONE INC","9100 N WHEELING AVE","MUNCIE","IN","47304","Delaware","","7652885044","","LARRY J STONE","Owner","M","8900000","70","521102","Door,Window ","3","0","1"
"190709","Troxel Equipment","troxel@troxelequipment.com","5068 E 100 N","2605653621","2605653659","508310","Farm Equipment (Wholesale)","www.troxelequipment.com"," Email <---> Revenue ","193433","TROXEL EQUIPMENT","5068 E 100 N","BLUFFTON","IN","46714","Wells","","2605653659","","DICK TROXEL","Owner","M","7000000","40","352300","Farm Machine","3","0","1"
"159036","Amerifab Inc","tsullivan@amerifabinc.com","2075 S Belmont Ave","3172310144","3172310100","344106","Steel-Structural (Manufacturers)","www.amerifabinc.com"," Email <---> Revenue ","10947","AMERIFAB INC","2075 S BELMONT AVE","INDIANAPOLIS","IN","46221","Marion","","3172310100","","GABE CARINCI","President","M","6000000","72","344100","Fabricated S","3","0","1"
"27466","Indiana Oxygen Co","wally@indianaoxygen.com","PO Box 78588","3173285009","3172900003","281301","Gas-Ind & Medical-Cylinder & Bulk-Mfrs","NULL"," Email <---> Revenue ","96456","INDIANA OXYGEN CO","6099 CORPORATE WAY","INDIANAPOLIS","IN","46278","Marion","","3172900003","3173285009","WALLY BRANT","President","M","9200000","82","281300","Industrial G","3","0","1"
"180185","Walnut Ridge Nursery & Garden","walnutridge@walnutridge.com","2108 Hamburg Pike","8122886691","8122881580","526108","Nurserymen","www.walnutridge.com"," Email <---> Revenue ","202302","WALNUT RIDGE NURSERY & GARDEN","2108 HAMBURG PIKE","JEFFERSONVLLE","IN","47130","Clark","","8122886691","","DAVID JULIUS","President","M","8800000","50","526103","Retail Nurse","3","0","1"
"170656","Warsaw Chemical Co","wcc@warsaw-chem.com","390 Argonne Rd","5742673884","5742673251","284101","Soaps & Detergents-Manufacturers","www.warsaw-chem.com"," Email <---> Revenue ","202738","WARSAW CHEMICAL CO","390 ARGONNE RD","WARSAW","IN","46580","Kosciusko","","5742673251","5742673884","DONALD SWEATLAND","President","M","7200000","95","284100","Soap,Rel Det","3","0","1"
"194760","Master Metal Machining","web_master@mastermetal.net","4520 S Burnette Dr","5742991187","5742990222","359903","Machine Shops","www.mastermetal.net"," Email <---> Revenue ","124646","MASTER METAL MACHINING","4520 S BURNETT DR","SOUTH BEND","IN","46614","St. Joseph","","5742990222","","BRIAN PYZSKA","Owner","M","5200000","63","359900","Industrial M","3","0","1"
"164049","Worth Collection","webmonitor@worthltd.com","10585 N Meridian St # 240","3175817378","3175817370","562101","Women's Apparel-Retail","www.worthcollection.com"," Email <---> Revenue ","479828","Worth Collection","10585 N Meridian St # 240","Indianapolis","IN","46290","Marion","www.worthcollection.com","3175817370","3175817378","Patricia Curran","VP","Fem","5336000","46","562101","Women's Appa","3","0","1"
"87049","Truss Manufacturing Co","weintroatt@thetrussco.com","PO Box 418","3178963776","3178962571","243901","Trusses (Manufacturers)","NULL"," Email <---> Revenue ","193672","TRUSS MANUFACTURING CO","PO BOX 418","WESTFIELD","IN","46074","Hamilton","","3178962571","","DWAYNE PITZER","President","M","8000000","816","243900","Structural W","3","0","1"
"167463","Willoughby Industries Inc","willoughby@willoughby-ind.com","2210 W Morris St","3176386110","3176382381","331298","Steel Works/Blast Furnaces/Rolling Mls","www.willoughby-ind.com"," Email <---> Revenue ","207271","WILLOUGHBY INDUSTRIES INC","2210 W MORRIS ST","INDIANAPOLIS","IN","46221","Marion","","3176382381","3176386110","CRAIG ALDERSON","President","M","5100000","75","331200","Steel Works","3","0","1"
"192032","ISC","win@isccorp.net","3220 S Arlington Ave # F","3173528780","3173528765","209903","Food Products & Manufacturers","NULL"," Email <---> Revenue ","331028","ISC","3220 S Arlington Ave # F","Indianapolis","IN","46203","Marion","","3173528765","3173528780","Todd Holcomb","President","Mal","5520000","20","209903","Food Product","3","0","1"
"85884","ICC Floors","Cameron@iccfloors.com","7226 E 87th St # 01","3178130930","3179170749","571305","Carpet & Rug Dealers-New","NULL"," Email <---> Revenue ","94604","ICC FLOORS","7226 E 87TH ST STE D1","INDIANAPOLIS","IN","46256","Marion","","3178130931","","CAMERON HAUGHEY","President","M","6000000","30","571300","Floor Coveri","3","0","1"
"132979","Safety Management Group","Burget.Kent@smgindy.com","1435 Chase Ct","3178480818","3178480801","874208","Safety Consultants","NULL"," Email <---> Revenue ","426695","Safety Management Group","1435 Chase Ct","Carmel","IN","46032","Hamilton","www.smgindy.com","3178480801","3178480818","Kent Burget","President","Mal","6800000","40","874208","Safety Consu","3","0","1"
"164595","Aurora","browns@reidhosp.com","1401 Chester Blvd","7659833150","7659833150","839901","Drug Abuse & Addiction Info & Treatment","www.reidhosp.com"," Email <---> Revenue ","229287","Aurora","1401 Chester Blvd","Richmond","IN","47374","Wayne","www.reidhosp.com","7659833150","7659833318","Diana Moody","Executive Director","Fem","6450000","30","839901","Drug Abuse &","3","0","1"
"135631","Kawneer Co","browna@kaynar.com","1151 Bloomingdale Dr","7578380781","5748487616","306198","Molded Extruded/Lathe Cut Rbbr Gds (Mfr)","www.alcoa.com"," Email <---> Revenue ","348664","Kawneer Co","1151 Bloomingdale Dr","Bristol","IN","46507","Elkhart","www.alcoa.com","5748487616","5748481105","Guy Harper","Manager","Mal","6510000","42","306198","Molded Extru","3","0","1"
"172406","Multinational Underwriters","Brower@mnui.com","107 S Pennsylvania St # 500","3172622140","3172622133","651202","Office Buildings & Parks","NULL"," Email <---> Revenue ","384545","Multinational Underwriters","107 S Pennsylvania St # 500","Indianapolis","IN","46204","Marion","www.mnui.com","3172622133","3172622140","Betsy Brower","President","Fem","5232000","16","651202","Office Build","3","0","1"
"173924","Ingersoll-Rand Air Ctr","brian_lashure@irco.com","2516 Industrial Park Dr # I","5745333356","5745332121","356301","Compressors-Manufacturers","www.irgoshen.com"," Email <---> Revenue ","334815","Ingersoll-Rand Air Ctr","2516 Industrial Park Dr # I","Goshen","IN","46526","Elkhart","www.irgoshen.com","5745332121","5745333356","Brian Lashure","Manager","Mal","7696000","26","356301","Compressors-","3","0","1"
"153376","Mc Govern Steel Fabricators","Brian@mcgovernsteel.com","2902 Tobey Dr","3178997660","3178997650","344106","Steel-Structural (Manufacturers)","NULL"," Email <---> Revenue ","373965","Mc Govern Steel Fabricators","2902 Tobey Dr","Indianapolis","IN","46219","Marion","www.mcgovernsteel.com","3178997650","3178997660","Brian Mc Govern","Owner","Mal","9855000","45","344106","Steel-Struct","3","0","1"
"160364","Indiana Security Systems","brad@indianasecurity.com","730 S Byrkit St","5742522758","5742525276","506324","Burglar Alarm Systems (Wholesale)","www.indianasecurity.com"," Email <---> Revenue ","333381","Indiana Security Systems","730 S Byrkit St","Mishawaka","IN","46544","St Joseph","www.indianasecurity.com","5742525276","5742522758","Bill Humphries","Owner","Mal","9870000","15","506324","Burglar Alar","3","0","1"
"192024","Pauly Jail Bldg Co","bob@ind.paulyjail.com","4000 E 96th St # 170","3175800857","3175800833","507222","Jail Equipment (Wholesale)","www.paulyjail.com"," Email <---> Revenue ","400610","Pauly Jail Bldg Co","4000 E 96th St # 170","Indianapolis","IN","46240","Marion","www.paulyjail.com","3175800833","3175800857","Joseph P Pohrer","Owner","Mal","6734000","13","507222","Jail Equipme","3","0","1"
"132811","Bloomfield Manufacturing Co","bkeith@hi-lift.com","46 W Spring St","8123844592","8123844441","509905","Importers","www.hi-lift.com"," Email <---> Revenue ","23394","BLOOMFIELD MANUFACTURING CO","46 W SPRING ST","BLOOMFIELD","IN","47424","Greene","","8123844441","8123844592","ERIC HARRAH","President","M","8700000","40","509906","Importers","3","0","1"
"169709","Oliver Winery","Bill_Oliver@oliverwinery.com","8024 N State Road 37","8128769309","8128765800","208401","Wineries","NULL"," Email <---> Revenue ","142887","OLIVER WINERY","8024 N STATE ROAD 37","BLOOMINGTON","IN","47404","Monroe","","8128765800","","BILL OLIVER","President","M","6000000","65","208400","Wine,Brandy,","3","0","1"
"28943","Russell Products Inc","bEvans@russprodco.com","17989 Commerce Dr","3304346605","5748485650","556101","Recreational Vehicles-Equip/Parts/Svc","www.russprodco.com"," Email <---> Revenue ","166180","RUSSELL PRODUCTS INC","17989 COMMERCE DR","BRISTOL","IN","46507","Elkhart","","5748485650","","TOM RUSSELL","Owner","M","6200000","22","251100","Wood Hhl Fur","3","0","1"
"157101","Escient","BernieSepaniak@escient.com","12955 Old Meridian St","3176166790","3175711111","573605","Amplifiers","NULL"," Email <---> Revenue ","65246","ESCIENT","12955 OLD MERIDIAN ST","CARMEL","IN","46032","Hamilton","","3175711111","","BERNIE SEPANIAK","Owner","M","6000000","40","573600","Musical Inst","3","0","1"
"110126","Barnhizer & Assoc Inc","banda-r@barnhizer.com","733 S 9th St","7659352492","7659669418","152114","Fire Damage Restoration","www.barnhizer.com"," Email <---> Revenue ","233535","Barnhizer & Assoc Inc","733 S 9th St","Richmond","IN","47374","Wayne","www.barnhizer.com","7659669418","7659352492","Mark K Barnhizer","Owner","Mal","7080000","30","152114","Fire Damage ","3","0","1"
"82536","Quality Impressions & Copy Inc","art@qualityimpressionsinc.com","1580 E 90th Pl","2197362600","2197361600","508443","Printing Supplies (Wholesale)","www.qualityimpressionsinc.com"," Email <---> Revenue ","411625","Quality Impressions & Copy Inc","1580 E 90th Pl","Merrillville","IN","46410","Lake","www.qualityimpressionsinc.com","2197361600","2197362600","Doug Tuft","Owner","Mal","6528000","12","508443","Printer Cart","3","0","1"
"192603","FLEX-Pac Inc","aroche@flexp.com","7113 Mayflower Park Dr","3178727872","3178720097","511308","Packaging Materials-Wholesale","www.flexp.com"," Email <---> Revenue ","72466","FLEX-PAC INC","7113 MAYFLOWER PARK DR","ZIONSVILLE","IN","46077","Boone","","3178720097","","MARK DINWIDDIE","Owner","M","5700000","34","267100","Packg Ppr Co","3","0","1"
"169541","Plastic Solutions Inc","ales@plasticsolutions.com","701 W Chippewa Ave","5742370077","5742882100","308901","Mold Makers","www.plasticsolutions.com"," Email <---> Revenue ","151467","PLASTIC SOLUTIONS INC","701 W CHIPPEWA AVE","SOUTH BEND","IN","46614","St. Joseph","","5742882100","","STEVE SALZER","President","M","6400000","100","308900","Plastic Pdts","3","0","1"
"182152","Holzmeyer Die & Mold Mfg Corp","alanh@holzmeyer.com","PO Box 610","8123866070","8123866015","308902","Plastics & Plastic Products (Mfrs)","NULL"," Email <---> Revenue ","326601","Holzmeyer Die & Mold Mfg Corp","333 S 2nd Ave","Princeton","IN","47670","Gibson","www.holzmeyer.com","8123866015","8123866070","Alan Holzmeyer","Owner","Mal","8200000","50","308902","Plastics & P","3","0","1"
"17372","Sante Fe Vans","alan@alanfore.com","21240 Protecta Dr","5742937723","5742930585","371602","Van Conversions-Manufacturers","www.santafevans.com"," Email <---> Revenue ","428191","Sante Fe Vans","21240 Protecta Dr","Elkhart","IN","46516","Elkhart","www.santafevans.com","5742930585","5742937723","Joe Smucker","Owner","Mal","5680000","20","371602","Van Conversi","3","0","1"
"78329","Lift-A-Loft Corp","aida@liftaloft.com","9501 S Center Rd","7652841023","7652883691","353698","Overhead Traveling Cranes Hoists (Mfrs)","www.liftaloft.com"," Email <---> Revenue ","116720","LIFT-A-LOFT CORP","9501 S CENTER RD","MUNCIE","IN","47302","Delaware","","7652883691","7652841023","WILLIAM K BAREFOOT","President","M","5000000","60","359900","Industrial M","3","0","1"
"62176","Eagle Magnetic Co","acoddington@eaglemagnetic.com","7417 Crawfordsville Rd","3172991323","3172971030","344403","Sheet Metal Fabricators","NULL"," Email <---> Revenue ","287547","Eagle Magnetic Co","7417 Crawfordsville Rd","Indianapolis","IN","46214","Marion","","3172971030","3172991323","Alice J Coddington","Owner","Fem","6880000","43","344403","Sheet Metal ","3","0","1"
