mail id,company,email,address,phone,fax,sic,sic description,web,,revenue id,company,address,city,state,zip,	metro,web,phone,fax,contact,position,gender,sales,# of employee,sic,sic_descrpiton,	,,
"91992","Hitachi Cable America Inc","thickman@hci-in.com","5300 Grant Line Rd","8129459006","8129459011","305298","Rubber & Plastics-Hose & Belting (Mfrs)","www.hci-in.com"," Email <---> Revenue ","325491","Hitachi Cable America Inc","5300 Grant Line Rd","New Albany","IN","47150","Floyd","www.hci-in.com","8129459011","8129459006","Makoto Tanaka","President","Mal","92880000","430","305298","Rubber & Pla","6","0","1"
"134229","Metaldyne Corp","suggestions@metaldyne.com","131 W Harvest Rd","2484423930","2608242360","371424","Engines-Supplies-Equipment & Parts-Mfrs","www.metaldyne.com"," Email <---> Revenue ","376528","Metaldyne Corp","131 W Harvest Rd","Bluffton","IN","46714","Wells","www.metaldyne.com","2608242360","2608245032","Bill Dickey","Plant Mgr","Mal","70620000","220","371424","Engines-Supp","6","0","1"
"90780","Locus Information Systems","skremer@blossomchevy.com","1850 N. Shadeland Ave","3173571121","null","8999","Services NEC","BLOSSOMCHEVY.NET"," Email <---> Revenue ","23646","BLOSSOM CHEV","1850 N SHADELAND AVE","INDIANAPOLIS","IN","46219","Marion","","3173571121","","BILL BAAS","President","M","72700000","180","551100","New & Used C","6","0","1"
"109896","Koontz-Wagner Electric Co","rocco.calderone@koontz-wagner.com","3801 Voorde Dr","5742876613","5742322051","173101","Electric Contractors","NULL"," Email <---> Revenue ","353318","Koontz-Wagner Electric Co","3801 Voorde Dr","South Bend","IN","46628","St Joseph","www.koontz-wagner.com","5742322051","5742876613","Richard J Pfeil","President","Mal","60300000","250","173101","Electric Con","6","2","1"
"32336","HENDRICKSON TRAILER SUSPENSION","rhatier@hendrickson-intl.com","180 N MOUNT ZION RD","NULL","765-482-0207","371502","Trailers-Truck-Manufacturers","NULL"," Email <---> Revenue ","323391","Hendrickson Trailer Suspension","180 N Mount Zion Rd","Lebanon","IN","46052","Boone","www.hendrickson-intl.com","7654820207","7654822982","Brian Beheydt","Plant Mgr","Mal","63180000","270","371502","Trailers-Tru","6","0","1"
"178503","Harrison Steel Casting Co","rharrison@hscast.com","PO Box 60","7657622487","7657622481","332502","Foundries-Steel","NULL"," Email <---> Revenue ","320807","Harrison Steel Casting Co","900 S Mound St","Attica","IN","47918","Fountain","www.hscast.com","7657622481","7657622487","Wade C Harrison Ii","President","Mal","59200000","738","332502","Foundries-St","6","0","1"
"123318","Hi-Tek Lighting Co","recallteam@lithonia.com","1615 Elmore St","4789349856","7653621837","364504","Lighting Fixtures-Manufacturers","www.lithonia.com"," Email <---> Revenue ","324365","Hi-Tek Lighting Co","1615 Elmore St","Crawfordsville","IN","47933","Montgomery","www.lithonia.com","7653621837","7653649067","John Galagher","Plant Mgr","Mal","77850000","450","364504","Lighting Fix","6","0","1"
"125196","Franklin Electric Gas City","pzhang@fele.com","100 Schaffer Dr","7656776939","7656744060","506331","Electric Motors-Distributors","www.franklin-electric.com"," Email <---> Revenue ","304455","Franklin Electric Gas City","100 Schaffer Dr","Gas City","IN","46933","Grant","www.franklin-electric.com","7656744060","7656776939","Chuck Bourgeois","Plant Mgr","Mal","59220000","90","506331","Electric Mot","6","0","1"
"195237","Bomarko Inc","porcutt@bomarko.com","PO Box 1510","5749365314","5749369901","267298","Coated & Laminated Paper Nec (Mfrs)","NULL"," Email <---> Revenue ","241337","Bomarko Inc","1955 N Oak Rd","Plymouth","IN","46563","Marshall","www.bomarko.com","5749369901","5749365314","Kimball Mancke","President","Mal","71676000","220","267298","Coated & Lam","6","0","1"
"100344","Market Day","password1@marketday.com","4001 W Minnesota St","5138601837","3172441065","514939","Food Service-Distributors","www.marketday.com"," Email <---> Revenue ","370210","Market Day","4001 W Minnesota St","Indianapolis","IN","46241","Marion","www.marketday.com","3172441065","3172441078","Mike Brodnik","Manager","Mal","84400000","100","514939","Food Service","6","0","1"
"193312","Family Express Corp","onlineshopping@familyexpress.com","1951 Morthland Dr","2194620144","2194620144","541103","Convenience Stores","www.family-express.com"," Email <---> Revenue ","67929","FAMILY EXPRESS CORP","1951 MORTHLAND DR","VALPARAISO","IN","46385","Porter","","2194620144","","GUS OLYMPIDIS","Chief Executive Office","M","66500000","475","541103","Conven Store","6","0","1"
"78812","Horner Electric Inc","mary.horner@hornerelectric.com","1521 E Washington St","3176394342","3176394261","506333","Electric Motors-Dlrs/Repairing (Whol)","NULL"," Email <---> Revenue ","328633","Horner Electric Inc","1521 E Washington St","Indianapolis","IN","46201","Marion","www.hornerelectric.com","3176394261","3176394342","Alan Horner","Owner","Mal","85540000","130","506333","Electric Mot","6","0","1"
"175841","Hart Housing Group Inc","kenb@harthousing.com","PO Box 406","5748624559","5748624461","521156","Modular Homes-Dealers","NULL"," Email <---> Revenue ","320948","Hart Housing Group Inc","1025 E Waterford St","Wakarusa","IN","46573","Elkhart","www.harthousing.com","5748624461","5748624559","Roger Kollat","CEO","Mal","54180000","210","521156","Modular Home","6","0","1"
"139488","Lake Park Industries-Indiana","Ken.Brown@midwayproducts.com","750 E Middlebury St","2607684746","2607687411","346598","Automotive Stampings (Manufacturers)","NULL"," Email <---> Revenue ","113242","LAKE PARK INDUSTRIES-INDIANA","750 E MIDDLEBURY ST","SHIPSHEWANA","IN","46565","","","2607687411","","RON SANDERS","Chief Executive Office","M","71900000","1503","346500","Auto Stampin","6","0","1"
"175739","Harlan Bakeries Inc","jlatouf@harlanbakeries.com","7597 E Us Highway 36","3032969450","3172723600","514902","Bakers-Wholesale","www.harlanbakeries.com"," Email <---> Revenue ","86369","HARLAN BAKERIES INC","7597 E US HIGHWAY 36","AVON","IN","46123","Hendricks","","3172723600","","HUGH HARLAN","President","M","58400000","400","514907","Bakery Produ","6","0","1"
"177550","Exide Battery Corp","jfaddams@jaddams.com","2601 W MT Pleasant Blvd","8167410004","7657479980","333902","Smelters & Refiners-Base Metals","www.exide.com"," Email <---> Revenue ","294555","Exide Battery Corp","2601 W MT Pleasant Blvd","Muncie","IN","47302","Delaware","www.exide.com","7657479980","7652825461","Scott Davis","Plant Mgr","Mal","57250000","125","333902","Smelters & R","6","0","1"
"111377","Overhead Door Corp","jbaker@ohdct.com","8811 Bash St","8162212488","3178427444","521131","Doors","www.ohd.com"," Email <---> Revenue ","396432","Overhead Door Corp","8811 Bash St","Indianapolis","IN","46256","Marion","www.ohd.com","3178427444","","Dave Young","CEO","Mal","64500000","250","521131","Doors","6","0","1"
"124155","Omni Technologies","James@omnitechnologies.com","80 Brown St","8125394437","8125394144","516202","Plastics-Products-Finished-Wholesale","NULL"," Email <---> Revenue ","394704","Omni Technologies","80 Brown St","Greendale","IN","47025","Dearborn","www.omnitechnologies.com","8125394144","8125394437","James Riddle","Owner","Mal","78825000","75","516202","Plastics-Pro","6","0","1"
"132987","Steel Dynamics Inc","investor@steeldynamics.com","2601 S 700 E","2609693590","2606258100","344106","Steel-Structural (Manufacturers)","www.steeldynamics.com"," Email <---> Revenue ","444010","Steel Dynamics Inc","2601 S 700 E","Columbia City","IN","46725","Whitley","www.steeldynamics.com","2606258100","2606258950","Richard T Teets Jr","VP","Mal","65700000","300","344106","Steel-Struct","6","0","1"
"174754","H S Processing","hsp.sales@heidtman.com","3560 S Nucor Rd","7348482519","7653619990","331204","Steel Processing","www.heidtman.com"," Email <---> Revenue ","317445","H S Processing","3560 S Nucor Rd","Crawfordsville","IN","47933","Montgomery","www.heidtman.com","7653619990","7653619891","Ron Sabo","Plant Mgr","Mal","60960000","120","331204","Steel Proces","6","0","1"
"97505","Utilimaster Corp","hogren@utilimaster.com","65906 State Road 19","5748622169","5748624561","371303","Truck Bodies-Manufacturers","NULL"," Email <---> Revenue ","465754","Utilimaster Corp","65906 State Road 19","Wakarusa","IN","46573","Elkhart","www.utilimaster.com","5748624561","5748622169","Ed Plummer","President","Mal","68500000","550","371303","Truck Bodies","6","0","1"
"183725","Z Gallerie","giftcards@zgallerie.com","14405 Clay Terrace Blvd # 100","3036159672","3178180836","521168","Home Accessories & Furnishings","www.zgallerie.com"," Email <---> Revenue ","210310","Z GALLERIE","14405 CLAY TERRAC BLVD STE 100","CARMEL","IN","46032","Hamilton","","3178180836","","ALLISON NOLAND","Manager","F","52000000","1153","571900","Misc Homefur","6","0","1"
"132098","Bee Window Inc","george.faerber@beewindow.com","1002 E 52nd St","3179213052","3172838522","521107","Windows","NULL"," Email <---> Revenue ","235235","Bee Window Inc","1002 E 52nd St","Indianapolis","IN","46205","Marion","www.beewindow.com","3172838522","3179213052","George Faerber","President","Mal","64500000","250","521107","Windows","6","0","1"
"117201","Hancor Inc","drainage@hancor.com","2340 E Us Highway 40","8124482647","8124432080","308902","Plastics & Plastic Products (Mfrs)","www.hancor.com"," Email <---> Revenue ","85782","HANCOR INC","PO BOX 367","BRAZIL","IN","47834","Clay","","8124432080","","STEVE GILLESPIE","Manager","M","70400000","1100","308900","Plastic Pdts","6","0","1"
"151529","Glenbrook Dodge/Hyundai","Doug@glenbrookdodge.com","100 W Coliseum Blvd","2604821605","2604841533","551103","Automobile Dealers-Used Cars","NULL"," Email <---> Revenue ","311330","Glenbrook Dodge/Hyundai","100 W Coliseum Blvd","Fort Wayne","IN","46805","Allen","www.glenbrookdodge.com","2604841533","2604821605","Doug Mckibben","Owner","Mal","67935000","105","551103","Automobile D","6","1","1"
"143419","Advantage Engineering Inc","doswalt@advantageengineering.com","525 E Stop 18 Rd","3178811277","3178870729","508480","Plastics-Machinery & Equipment (Whol)","www.advantageengineering.com"," Email <---> Revenue ","217468","Advantage Engineering Inc","525 E Stop 18 Rd","Greenwood","IN","46143","Johnson","www.advantageengineering.com","3178870729","3178811277","Harry Short","President","Mal","53856000","99","508480","Plastics-Mac","6","0","1"
"184901","Glacier Water Svc","dave.bornstein@glacierwater.com","5602 Elmwood Ave # 102","7605603333","3177848997","549903","Water Companies-Bottled, Bulk, Etc","Bulk"," Email <---> Revenue ","79058","GLACIER WATER SVC","5602 ELMWOOD AVE STE 102","INDIANAPOLIS","IN","46203","Marion","","3177848997","","KENNY EDWARDS","Manager","M","76200000","348","549900","Misc Food St","6","0","1"
"185228","D-A Lubricant Co","dalube@dalube.com","1340 W 29th St","2037572028","3179235321","299298","Lubricating Oils & Greases (Mfrs)","www.dalube.com"," Email <---> Revenue ","274394","D-A Lubricant Co","1340 W 29th St","Indianapolis","IN","46208","Marion","www.dalube.com","3179235321","3179233884","Bill Salmon","President","Mal","60458000","86","299298","Lubricating ","6","0","1"
"153321","SAIC","custerc@saic.com","Highway 231 S","7578270176","8123843587","737314","Internet Svcs-Network Designers/Conslnt","www.saic.com"," Email <---> Revenue ","426221","SAIC","Highway 231 S","Bloomfield","IN","47424","Greene","www.saic.com","8123843587","8123843744","Jim Lingvai","VP","Mal","53040000","240","737314","Internet Svc","6","0","1"
"152305","Henry Co","crushing@henry.com","4351 W Morris St","3172436613","3172481344","347904","Coatings-Protective-Manufacturers","www.henry.com"," Email <---> Revenue ","88853","HENRY CO","4351 W MORRIS ST","INDIANAPOLIS","IN","46241","Marion","","3172481344","","ROB FRANKLIN","Manager","M","71100000","644","347900","Met Coating,","6","0","1"
"137868","Earle M Jorgensen Co","comments@emjmetals.com","2301 Airwest Blvd","6022781007","3178388899","505106","Steel-Distributors & Warehouses","www.emjmetals.com"," Email <---> Revenue ","287775","Earle M Jorgensen Co","2301 Airwest Blvd","Plainfield","IN","46168","Hendricks","www.emjmetals.com","3178388899","3178388455","Kathy Franklin","Manager","Fem","62820000","60","505106","Steel-Distri","6","0","1"
"60249","Wellman Thermal Systems Corp","bkerr@wellmanfurnaces.com","310 S Franklin St","3173925461","3173984411","356702","Furnaces-Industrial (Manufacturers)","NULL"," Email <---> Revenue ","473692","Wellman Thermal Systems Corp","310 S Franklin St","Fairland","IN","46126","Shelby","www.wellmanfurnaces.com","3173984411","3173925461","James Cherry","CEO","Mal","68400000","19","356702","Furnaces-Ind","6","0","1"
"61143","G & G Oil","Bill.Gruppe@ggoil.com","220 E Centennial Ave","7652884504","7652887795","517214","Oils-Lubricating-Wholesale","NULL"," Email <---> Revenue ","306606","G & G Oil","220 E Centennial Ave","Muncie","IN","47303","Delaware","www.ggoil.com","7652887795","7652884504","Bill Gruppe","Owner","Mal","63000000","30","517214","Oils-Lubrica","6","0","1"
"137508","Bales Motor Company","bales@balesmotors.com","630 Broadway St","8122824356","8122836766","559999","Ret Misc Vehicles Repair Services Plumbing/heating/air","balesmotors.com"," Email <---> Revenue ","17798","BALES MOTOR","630 BROADWAY ST","JEFFERSONVLLE","IN","47130","Clark","","8122824356","","LES ALBRO","Owner","M","50500000","125","551100","New & Used C","6","0","1"
"191338","Random House","atrandompublicity@randomhouse.com","1019 N State Road 47","2123027985","7653625125","273198","Books-Publishing & Printing","www.randomhouse.com"," Email <---> Revenue ","414863","Random House","1019 N State Road 47","Crawfordsville","IN","47933","Montgomery","www.randomhouse.com","7653625125","7653612738","Jeff Rechtzigel","Manager","Mal","97800000","300","273198","Books-Publis","6","2","1"
"46723","Owens-Corning Inc","answers@answers.owenscorning.com","16710 Maple City Dr","4046999520","5745343447","508502","Fiber Glass Products (Wholesale)","www.owenscorning.com"," Email <---> Revenue ","396622","Owens-Corning Inc","16710 Maple City Dr","Goshen","IN","46526","Elkhart","www.owenscorning.com","5745343447","5745344246","Craig Ray","Plant Mgr","Mal","85500000","150","508502","Fiber Glass ","6","0","1"
