mail id,company,email,address,phone,fax,sic,sic description,web,,revenue id,company,address,city,state,zip,	metro,web,phone,fax,contact,position,gender,sales,# of employee,sic,sic_descrpiton,	,,
"145436","Atlantic Relocation Systems","la.custsvc@atlanticrelocation.com","9967 Westpoint Dr","8138866321","3175941333","421401","Movers","www.atlanticrelocation.com"," Email <---> Revenue ","15115","ATLANTIC RELOCATION SYSTEMS","9967 WESTPOINT DR","INDIANAPOLIS","IN","46256","Hamilton","","3175941333","","KEVIN MILLER","Manager","M","61100000","5279","421400","Lcl Trckg Wi","6","0","1"
"191760","Met-Pro Corp Dean Pump Div","cgriffith@met-pro.com","6040 Guion Rd","3172977028","3172932930","356101","Pumps-Manufacturers","www.met-pro.com"," Email <---> Revenue ","128398","MET-PRO CORP DEAN PUMP DIV","6040 GUION RD","INDIANAPOLIS","IN","46254","Marion","","3172932930","","","Unknown","","85100000","448","356100","Pumps & Pump","6","0","1"
"195160","WASK","michaels@wask.com","3575 Mccarty Ln","7654484452","7654472186","483201","Radio Stations & Broadcasting Companies","www.wask.com"," Email <---> Revenue ","203058","WASK","3575 MCCARTY LN","LAFAYETTE","IN","47905","Tippecanoe","","7654472186","7654484452","JOHN TRENT","Manager","M","72000000","2773","483200","Radio Brdcst","6","0","1"
"188924","R S Hughes Co","albuquerque@rshughes.com","5058 W 79th St","4087395889","3178792400","516912","Adhesives & Glues (Wholesale)","www.rshughes.com"," Email <---> Revenue ","157775","R S HUGHES CO","5058 W 79TH ST","INDIANAPOLIS","IN","46268","Marion","","3178792400","","CARSON MOUSER","Manager","M","64000000","370","516900","Chemicals, R","6","0","1"
"160981","Frank Miller Hardwood Lumber","jjohnston@frankmiller.com","1690 Frank Miller Rd","7659646618","7659643196","242102","Sawmills","NULL"," Email <---> Revenue ","304193","Frank Miller Hardwood Lumber","1690 Frank Miller Rd","Union City","IN","47390","Randolph","www.frankmiller.com","7659643196","7659646618","Martha Mathias","President","Fem","47168000","176","242102","Sawmills","5","0","1"
"195860","Home Building Bancorp Inc","depserv@fbei.net","200 E Van Trees St","8124744609","8122542641","671201","Holding Companies (Bank)","www.firstfedevansville.com"," Email <---> Revenue ","326659","Home Building Bancorp Inc","200 E Van Trees St","Washington","IN","47501","Daviess","www.homebuildingsavingsbank.com","8122542641","8122542619","John B Graham","CEO","Mal","47164000","15","671201","Holding Comp","5","0","1"
"156767","Schupan Industrial Recycling","schupanrec@schupan.com","29391 Old Us 33","2693824309","5745242100","509313","Scrap Metals & Iron (Wholesale)","www.schupan.com"," Email <---> Revenue ","429438","Schupan Industrial Recycling","29391 Old Us 33","Elkhart","IN","46516","Elkhart","www.schupan.com","5745242100","5745242199","Jeff Neidlenger","Manager","Mal","10975000","25","509313","Scrap Metals","4","0","1"
"164158","Korellis Roofing Inc","estimate@korellisroofing.com","1333 169th St","2198440500","2198441400","176109","Roofing Contractors","www.korellisroofing.com"," Email <---> Revenue ","110974","KORELLIS ROOFING INC","1333 169TH ST","HAMMOND","IN","46324","Lake","","2198441400","","PETE KORELLIS","President","M","14000000","80","176100","Roofg, Sheet","4","0","1"
"132807","Rockwell Automation","llevecke@ra.rockwell.com","600 E Carmel Dr # 200","8043304921","3175716210","874819","Automation Consultants","www.rockwellautomation.com"," Email <---> Revenue ","422556","Rockwell Automation","600 E Carmel Dr # 200","Carmel","IN","46032","Hamilton","www.rockwellautomation.com","3175716210","3175716244","Frank Gardner","Manager","Mal","20250000","90","874819","Automation C","4","0","1"
"17871","Paragon Promotions","paragon@paragon-promotions.com","1335 N Cullen Ave","8124796499","8124796911","519907","Fund Raising Merchandise (Wholesale)","www.paragon-promotions.com"," Email <---> Revenue ","146039","PARAGON PROMOTIONS","1335 N CULLEN AVE","EVANSVILLE","IN","47715","Vanderburgh","","8124796911","8124796499","TOM STONE","President","M","15000000","100","519900","Nondurable G","4","0","1"
"106478","Greiner Brothers Inc","chris@greinerbrothers.com","6161 English Ave","3173569302","3173560926","171114","Mechanical Contractors","NULL"," Email <---> Revenue ","83067","GREINER BROTHERS INC","6161 ENGLISH AVE","INDIANAPOLIS","IN","46219","Marion","","3173560926","","CHRIS GREINER JR","President","M","11200000","64","171100","Plbg, Htg, A","4","0","1"
"13813","Goshen Stamping Co","goshenstamping@goshenstamping.com","1025 S 10th St","5745344189","5745334108","346904","Metal Stamping (Manufacturers)","www.goshenstamping.com"," Email <---> Revenue ","312944","Goshen Stamping Co","1025 S 10th St","Goshen","IN","46526","Elkhart","www.goshenstamping.com","5745334108","5745344189","Gerald Trolz","President","Mal","10000000","90","346904","Metal Stampi","4","0","1"
"190433","Sanders Building & Contracting","mikec@sanderscompanies.com","6051 S Indianapolis Rd","3177693712","3177695503","177105","Concrete Contractors","www.sanderscompanies.com"," Email <---> Revenue ","427928","Sanders Building & Contracting","6051 S Indianapolis Rd","Whitestown","IN","46075","Boone","www.sanderscompanies.com","3177695503","3177693712","Mark Sanders","Owner","Mal","10000000","80","177105","Concrete Con","4","0","1"
"34073","Qualitronics Inc","results@qualitronicsinc.com","1200 NW O St","7659624807","7659662039","506346","Wire Harnesses-Electrical (Wholesale)","www.qualitronicsinc.com"," Email <---> Revenue ","156465","QUALITRONICS INC","1200 NW O ST","RICHMOND","IN","47374","Wayne","","7659662039","","CHRIS CORNETT","President","M","10800000","60","335700","Nonfer Wired","4","0","1"
"135034","Indianapolis Exec Airport","Dan@montgomeryaviation.net","11329 E State Road 32","3177693207","3177693288","874822","Aviation Consultants","NULL"," Email <---> Revenue ","97177","INDIANAPOLIS EXEC AIRPORT","11329 E STATE ROAD 32","ZIONSVILLE","IN","46077","Boone","","3177693288","","DAN MONTGOMERY","Owner","M","11300000","50","874800","Bus Consulti","4","0","1"
"181702","Banks Lumber Co Inc","jschlenk@buildingsmart.net","54693 County Road 17","5742935846","5742945673","521142","Lumber-Retail","www.bankslumber.com"," Email <---> Revenue ","232978","Banks Lumber Co Inc","54693 County Road 17","Elkhart","IN","46516","Elkhart","www.bankslumber.com","5742945673","5742935846","Matt Udell","Plant Mgr","Mal","21930000","85","521142","Lumber-Retai","4","0","1"
"65041","Jackson Oil & Solvents Co","monica.heath@jacksonoilsolvents.com","1970 Kentucky Ave","3176852403","3176364421","517206","Oils-Fuel (Wholesale)","NULL"," Email <---> Revenue ","339497","Jackson Oil & Solvents Co","1970 Kentucky Ave","Indianapolis","IN","46221","Marion","www.jacksonoilsolvents.com","3176364421","3176852403","Monica Heath","President","Fem","13100000","50","517206","Oils-Fuel (W","4","0","1"
"182883","Britt Tool Inc","darin@britttool.com","949 E National Ave","8124483572","8124460503","354407","Tool & Die Makers","www.britttool.com"," Email <---> Revenue ","26832","BRITT TOOL INC","949 E NATIONAL AVE","BRAZIL","IN","47834","Clay","","8124460503","","DARIN BRITTON","Manager","M","5400000","65","359900","Industrial M","3","0","1"
"120371","Commercial Doors Of Indiana","gdi@doorstoday.com","5041 W 96th St","3178769138","3173965817","521131","Doors","www.doorstoday.com"," Email <---> Revenue ","43260","COMMERCIAL DOORS OF INDIANA","5041 W 96TH ST","INDIANAPOLIS","IN","46268","Marion","","3178081817","","CECIL ENCORD","Owner","M","8800000","50","523101","Glass","3","0","1"
"47964","Phoenix Group-Resource","HSherman@teamprm.com","164 S Park Blvd","NULL","3178843600","873111","Environmental & Ecological Services","NULL"," Email <---> Revenue ","403757","Phoenix Group-Resource","164 S Park Blvd","Greenwood","IN","46143","Johnson","www.teamprm.com","3178843600","","Harry Sherman","Owner","Mal","5280000","30","873111","Environmenta","3","0","1"
"165306","Forms America Corp","print@formsamerica.net","1000 Bell Ln","8129491329","8129447272","276101","Printers-Business Forms","www.formsamerica.net"," Email <---> Revenue ","302881","Forms America Corp","1000 Bell Ln","New Albany","IN","47150","Floyd","www.formsamerica.net","8129447272","8129491329","Mike Morgan","Plant Mgr","Mal","8645000","35","276101","Printers-Bus","3","0","1"
"145156","Killion Plastics Co","tkillion@bentcil.com","1755 Midwest Blvd","3172714556","3172714536","308906","Plastics-Fabricating/Finish/Decor-Mfrs","NULL"," Email <---> Revenue ","109223","KILLION PLASTICS CO","1755 MIDWEST BLVD","INDIANAPOLIS","IN","46214","Marion","","3172714536","","TOM KILLION","President","M","6400000","100","308900","Plastic Pdts","3","0","1"
"189894","WTHI","bbrooks@wthitv.com","918 Ohio St","8122340089","8122329481","483301","Television Stations & Broadcasting CO","www.wthitv.com"," Email <---> Revenue ","209394","WTHI","918 OHIO ST","TERRE HAUTE","IN","47807","Vigo","","8122329481","8122340089","TODD WEBER","President","M","8800000","100","483300","Tv Brdcstg S","3","0","1"
"165547","Excel Tool Inc","design@exceleti.com","2020 1st Ave","8125226524","8125226880","354407","Tool & Die Makers","www.exceleti.com"," Email <---> Revenue ","294374","Excel Tool Inc","2020 1st Ave","Seymour","IN","47274","Jackson","www.exceleti.com","8125226880","8125226524","Richard Elmore","President","Mal","8100000","60","354407","Tool & Die M","3","0","1"
"118134","Holland Roofing","hans@hollandroofing.com","3313 S Arlington Ave","5138705791","3172403696","176109","Roofing Contractors","www.hollandroofing.com"," Email <---> Revenue ","91009","HOLLAND ROOFING","3313 S ARLINGTON AVE","INDIANAPOLIS","IN","46203","Marion","","3173758648","","BOB ROZZI","Manager","M","5300000","30","176100","Roofg, Sheet","3","0","1"
"185948","Wfft-TV","joseph.millhouse@anthem.com","3707 Hillegas Rd","2604844331","2604715555","483301","Television Stations & Broadcasting CO","www.wfft.com"," Email <---> Revenue ","475259","Wfft-TV","3707 Hillegas Rd","Fort Wayne","IN","46808","Allen","www.wfft.com","2604715555","2604844331","Bob Blacher","Manager","Mal","9480000","30","483301","Television S","3","0","1"
"153641","Nussmeier Engraving Co","snussmeier@nussmeier.com","933 Main St","8124215824","8124251339","267898","Stationery-Tablets/Related Prods (Mfrs)","www.nussmeier.com"," Email <---> Revenue ","392595","Nussmeier Engraving Co","933 Main St","Evansville","IN","47708","Vanderburgh","www.nussmeier.com","8124251339","8124215824","David R Nussmeier","President","Mal","7420000","28","267898","Stationery-T","3","0","1"
"174638","DLZ Ind LLC","bsampson@dlz.com","316 Tech Dr","2197644700","2197644700","871110","Engineers-Civil","www.dlzcorp.com"," Email <---> Revenue ","274565","DLZ Ind LLC","316 Tech Dr","Chesterton","IN","46304","Porter","www.dlzcorp.com","2197644700","2197878802","Joe C Zwierzynski","Manager","Mal","7900000","50","871110","Engineers-Ci","3","0","1"
"192686","Marine Center Of Indiana","fredb@marinecenterusa.com","5701 Elmwood Ave","3177815537","3177815535","555104","Boat Dealers Sales & Service","www.marinecenterusa.com"," Email <---> Revenue ","122738","MARINE CENTER OF INDIANA","5701 ELMWOOD AVE","INDIANAPOLIS","IN","46203","Marion","","3177815535","","MICHAEL HOFFMAN","Owner","M","9000000","30","555100","Boat Dealers","3","0","1"
"187715","Graphix Unlimited","home@graphixunlimited.com","3947 State Road 106","5745465565","5745463770","275902","Screen Printing","www.graphics-unlimited.com"," Email <---> Revenue ","81513","GRAPHIX UNLIMITED","3947 STATE ROAD 106","BREMEN","IN","46506","Marshall","","5745463770","","BERNIE ERICKSON","President","M","7200000","120","275900","Coml Printin","3","0","1"
"178985","Markleville Lumber Co","mlc@marklevillelumber.com","State Road 38","7655334312","7655334311","503105","Pallets & Skids (Wholesale)","www.marklevillelumber.com"," Email <---> Revenue ","123456","MARKLEVILLE LUMBER CO","STATE ROAD 38","MARKLEVILLE","IN","46056","Madison","","7655334311","7655334312","JOHN FREDERICKS","President","M","6300000","30","244800","Wood Pallets","3","0","1"
"194549","Griffen Plumbing-Htg-Cooling","tdies@griffenph.com","2310 Toledo Rd","5742952520","5742952440","171105","Plumbing Contractors","www.griffenph.com"," Email <---> Revenue ","83134","GRIFFEN PLUMBING-HTG-COOLING","2310 TOLEDO RD","ELKHART","IN","46516","Elkhart","","5742952440","5742952520","DENNIS MIKEL","Owner","M","8400000","48","356700","Indus Frncs ","3","0","1"
"171571","Hoosier Air Transport","wade@hoosierair.com","3010 W 650 N","8125268405","8125262683","421201","Trucking-Contract Hauling","www.hoosierair.com"," Email <---> Revenue ","245776","Bud Young Auctioneer Svc","3010 W 650 N","Columbus","IN","47201","Bartholomew","","8125268405","","","","","268000","2","899999","Services Nec","1","0","1"
