mail id,company,email,address,phone,fax,sic,sic description,web,,revenue id,company,address,city,state,zip,	metro,web,phone,fax,contact,position,gender,sales,# of employee,sic,sic_descrpiton,	,,
"203387","Crisplant","Kelly-John@crisplant.com","4612 Navistar Dr","NULL","3016638710","508426","Material Handling Equipment (Wholesale)","NULL"," Email <---> Revenue ","66189","Crisplant","4612 Navistar Dr","Frederick","MD","21703","Frederick","","3016638710","","John Kelly","President","Mal","54400000","100","508426","Material Han","6","0","1"
"172426","API Advertising Premiums","mbrown@apisource.com","4471 Nicole Dr","3017316101","3017316100","519917","Advertising-Specialties (Wholesale)","NULL"," Email <---> Revenue ","431","API Advertising Premiums","4471 Nicole Dr","Lanham","MD","20706","Prince Georges","www.apisource.com","3017316100","3017316101","Mike Brown","Owner","Mal","50260000","70","519917","Advertising-","6","0","1"
"182582","Cadmus Professional Comm","digitalads@cadmus.com","500 Cadmus Ln","8042661996","4108222870","275202","Printers","www.cadmus.com"," Email <---> Revenue ","45846","Cadmus Professional Comm","500 Cadmus Ln","Easton","MD","21601","Talbot","www.cadmus.com","4108222870","4108220438","Allen Nelson","President","Mal","53200000","350","275202","Printers","6","0","1"
"94057","Century Distributors Inc","bricketts@centurydist.com","15710 Crabbs Branch Way","3012129681","3012129100","519402","Cigar Cigarette & Tobacco Dealers-Whol","www.centurydist.com"," Email <---> Revenue ","51884","Century Distributors Inc","15710 Crabbs Branch Way","Rockville","MD","20855","Montgomery","www.centurydist.com","3012129100","3012129681","Debra Robins","Owner","Fem","53300000","150","519402","Cigar Cigare","6","0","1"
