mail id,company,email,address,phone,fax,sic,sic description,web,,revenue id,company,address,city,state,zip,	metro,web,phone,fax,contact,position,gender,sales,# of employee,sic,sic_descrpiton,	,,
"88050","Christopher Curley","wz@cowansystems.com","1910 Halethorpe Frams Rd","4102470800","4108180819","8999","Services NEC","ssldrivers.com"," Email <---> Revenue ","65123","Cowan Systems","1910 Halethorpe Farms Rd","Halethorpe","MD","21227","Baltimore","www.cowansystems.com","4102470800","4102470801","Joseph Cowan","Owner","Mal","45300000","300","421309","Trucking-Mot","5","0","1"
"203831","R W Warner Inc","wi@rwwinc.com","217 Monroe Ave","3016980451","3012936044","171102","Heating Contractors","www.rwwarner.com"," Email <---> Revenue ","188438","R W Warner Inc","217 Monroe Ave","Frederick","MD","21701","Frederick","www.rwwarner.com","3012936044","3016980451","R W Warner Jr","Owner","Mal","27448000","188","171102","Heating Cont","5","0","1"
"147647","Furst Brothers Co","wdecker@furstbros.com","PO Box 29908","4107526332","4107520325","502317","Picture Frames-Wholesale","NULL"," Email <---> Revenue ","96775","Furst Brothers Co","1215 Leadenhall St","Baltimore","MD","21230","Baltimore City","www.furstbros.com","4107520325","4107526332","Bill Decker","Owner","Mal","27850000","50","502317","Picture Fram","5","0","1"
"141486","U S Business Interiors","usbi@usbionline.com","8800 Lottsford Rd","3013509393","3013508700","502112","Office Furniture & Equip-Dealers (Whol)","www.usbionline.com"," Email <---> Revenue ","229640","U S Business Interiors","8800 Lottsford Rd","Upper Marlboro","MD","20774","Prince Georges","www.usbionline.com","3013508700","3013509393","Kurt Weiss","VP","Mal","45680000","80","502112","Office Furni","5","0","1"
"198623","Jack Kent Cooke Stadium","treanorm@redskins.com","1600 Fedex Way","3012766064","3012766000","794104","Stadiums Arenas & Athletic Fields","www.redskins.com"," Email <---> Revenue ","3656","Jack Kent Cooke Stadium","1600 Fedex Way","Landover","MD","20785","Prince Georges","www.redskins.com","3012766000","3012766064","Mike Dillow","Sr VP","Mal","45325000","175","794104","Stadiums Are","5","0","1"
"67046","Logical Ventures Inc","training@syssrc.com","338 Clubhouse Rd","4107719507","4107715544","737398","Computer Integrated Systems Design","www.syssrc.com"," Email <---> Revenue ","143090","Logical Ventures Inc","338 Clubhouse Rd","Cockysvl Hnt Vly","MD","21031","Baltimore","www.syssrc.com","4107715544","4107719507","Maury Weinstein","President","Mal","39780000","180","737398","Computer Int","5","0","1"
"70114","Fila USA INC","tjones@fila-usa.com","PO Box 3000","4107734973","4107733000","594113","Sporting Goods-Retail","NULL"," Email <---> Revenue ","90617","Fila USA INC","1 Fila Way","Sparks Glencoe","MD","21152","Baltimore","www.filausa.com","4107733000","4107734973","Thomas O'Riordan","CEO","Mal","26640000","150","594113","Sporting Goo","5","0","1"
"178426","Kirkegaard & Perry Labs Inc","techserv@kpl.com","2 Cessna Ct","3019480169","3019487755","283601","Biological Products (Manufacturers)","www.kpl.com"," Email <---> Revenue ","134934","Kirkegaard & Perry Labs Inc","2 Cessna Ct","Gaithersburg","MD","20879","Montgomery","www.kpl.com","3019487755","3019480169","Albert Perry","President","Mal","25440000","80","283601","Biological P","5","0","1"
"108347","Environmental Elements Corp","tbrown@eec1.com","3700 Koppers St","4103686896","4103687000","171116","Air Pollution Control","NULL"," Email <---> Revenue ","85345","Environmental Elements Corp","3700 Koppers St","Baltimore","MD","21227","Baltimore","","4103687000","4103686896","Donald R Hug","President","Mal","27496000","105","171116","Air Pollutio","5","0","1"
"136882","Medifast Inc","success@medifastdiet.com","11445 Cronhill Dr","4105818070","4103563752","283403","Vitamin Products-Manufacturers","www.medifast.net"," Email <---> Revenue ","154591","Medifast Inc","11445 Cronhill Dr","Owings Mills","MD","21117","Baltimore","www.medifast.net","4103563752","4105818070","Bradley T Macdonald","CEO","Mal","25379000","110","283403","Vitamin Prod","5","0","1"
"154957","SAIC","stuart.davis@saic.com","20201 Century Blvd","3037703297","3014287640","179965","Government-Contractors","www.saic.com"," Email <---> Revenue ","199871","SAIC","20201 Century Blvd","Germantown","MD","20874","Montgomery","www.saic.com","3014287640","3014280145","Mark Kerrigan","Sr VP","Mal","31000000","250","179965","Government-C","5","0","1"
"140719","Pack 737","steve@atomicweb.com","704 East Gude Drive  Suite A","3017388290","null","809907","Health Services","ACCUTECHSYSTEMS.COM^^ASHTONACRES.COM^^ATOMICWEB.COM^^CHARMINGTUDOR.COM^^CREATIVESERVICESDC.COM^^HEAL"," Email <---> Revenue ","12800","Accutech Systems","704 E Gude Dr # A","Rockville","MD","20850","Montgomery","www.accutechsystems.com","3017388290","3017388296","Tim Miller","Owner","Mal","29610000","45","506304","Security Con","5","0","1"
"190491","D-S Pipe & Supply Co","sstroud@dspipe.com","1301 Wicomico St","4105394819","4105398000","505107","Pipe-Wholesale","www.dspipe.com"," Email <---> Revenue ","68871","D-S Pipe & Supply Co","1301 Wicomico St","Baltimore","MD","21230","Baltimore City","www.dspipe.com","4105398000","4105394819","Chris Keehner","President","Mal","46068000","44","505107","Pipe-Wholesa","5","0","1"
"167513","Sisler Lumber Co","sisler@sislerlumber.com","1771 Maryland Hwy","3013341309","3013342778","503109","Lumber-Wholesale","www.sislerlumber.com"," Email <---> Revenue ","6337","Sisler Lumber Co","1771 Maryland Hwy","Mountain Lake Pk","MD","21550","Garrett","www.sislerlumber.com","3013342778","3013341309","Glenn R Sisler","Owner","Mal","39536000","56","503109","Lumber-Whole","5","0","1"
"153465","WBOC (CBS-16)","shammond@wboc.com","1729 N Salisbury Blvd","4107491111","null","483301","Television Stations & Broadcasting Co","www.wboc.com"," Email <---> Revenue ","236207","WBOC","1729 N Salisbury Blvd","Salisbury","MD","21801","Wicomico","","4107491111","4107492361","Tom Draper","Owner","Mal","39500000","125","483301","Television S","5","0","1"
"129734","Accutech Systems","secure@accutechsystems.com","704 E Gude Dr # A","3017388296","3017388290","506304","Security Control Equip & Systems-Whol","www.accutechsystems.com"," Email <---> Revenue ","12800","Accutech Systems","704 E Gude Dr # A","Rockville","MD","20850","Montgomery","www.accutechsystems.com","3017388290","3017388296","Tim Miller","Owner","Mal","29610000","45","506304","Security Con","5","0","1"
"102601","River & Trail Outfitters","sandy@thelostdog.com","604 Valley Rd","3016955177","3016955177","555106","Canoes","www.thelostdog.com"," Email <---> Revenue ","194733","River & Trail Outfitters","604 Valley Rd","Knoxville","MD","21758","Frederick","www.rivertrail.com","3016955177","3018344173","Lee Baihly","CEO","Mal","33200000","100","555106","Canoes","5","0","1"
"156861","Tecore","Salkini@tecore.com","7165 Columbia Gateway Dr","4108726010","4108726000","506563","Telecommunication Equip/Syst-Whol/Mfrs","NULL"," Email <---> Revenue ","222483","Tecore","7165 Columbia Gateway Dr","Columbia","MD","21046","Howard","www.tecore.com","4108726000","4108726010","Jay Salkini","Owner","Mal","34340000","34","506563","Telecommunic","5","0","1"
"158925","Independent Can Co","salesdept@independentcan.com","1300 Brass Mill Rd","3193723513","4102720090","341101","Can-Manufacturers","www.independentcan.com"," Email <---> Revenue ","118261","Independent Can Co","1300 Brass Mill Rd","Belcamp","MD","21017","Harford","www.independentcan.com","4102720090","4102723159","Frank Currens","Plant Mgr","Mal","28000000","200","341101","Can-Manufact","5","0","1"
"12698","Tate Access Floors","Russell@tateaccessfloors.com","PO Box 278","4107994207","4107994200","344698","Architectural/Ornamental Mtl Work (Mfrs)","NULL"," Email <---> Revenue ","221879","Tate Access Floors","7510 Montevideo Rd","Jessup","MD","20794","Howard","www.tateaccessfloor.com","4107994200","4107994207","Russell Shiels","President","Mal","44750000","70","344698","Architectura","5","0","1"
"203499","Reynolds & Reynolds Co","rru@reyrey.com","14600 York Rd # E","9374852787","4107719211","511207","Business Forms & Systems (Wholesale)","www.reyrey.com"," Email <---> Revenue ","193004","Reynolds & Reynolds Co","14600 York Rd # E","Sparks Glencoe","MD","21152","Baltimore","www.reyrey.com","4107719211","4105841898","Lynn Hilboldt","Manager","Fem","34200000","100","511207","Business For","5","0","1"
"206547","Brandt Business Products","roger@wittenbach.com","1953 Greenspring Dr","4106670479","4106676400","504407","Coin/Bill Cntng Sorting/Wrap-Mach (Whol)","www.wittenbach.com"," Email <---> Revenue ","40313","Brandt Business Products","1953 Greenspring Dr","Timonium","MD","21093","Baltimore","www.wittenbach.com","4106676400","4106670479","Roger Wittenbach","President","Mal","38295000","115","504407","Coin/Bill Cn","5","0","1"
"205184","North American Housing Corp","bmsales@northamericanhousing.com","5724 Industry Ln","5403345342","3016949100","154212","Buildings-Pre-Cut Prefabricated/Modular","www.northamericanhousing.com"," Email <---> Revenue ","168578","North American Housing Corp","5724 Industry Ln","Frederick","MD","21704","Frederick","www.northamericanhousing.com","3016949100","3016947570","R Carl Benna","President","Mal","25000000","30","154212","Buildings-Pr","5","0","1"
"155881","Price-Modern Inc","richardg@spiritwolfx.com","2604 Sisson St # 1","4102358382","4103665500","502112","Office Furniture & Equip-Dealers (Whol)","www.pricemodern.com"," Email <---> Revenue ","184044","Price-Modern Inc","2604 Sisson St # 1","Baltimore","MD","21211","Baltimore City","www.pricemodern.com","4103665500","4102358382","Bob Carpenter","President","Mal","28550000","50","502112","Office Furni","5","0","1"
"195878","Potts & Callahan Inc","richardb@pottscallahan.com","500 W 29th St","4102430041","4102359400","179403","Excavating Contractors","www.pottscallahan.com"," Email <---> Revenue ","182916","Potts & Callahan Inc","500 W 29th St","Baltimore","MD","21211","Baltimore City","www.pottscallahan.com","4102359400","4102430041","Charles Hollob","Owner","Mal","31800000","200","179403","Excavating C","5","0","1"
"129635","Stromber Metal Works;  Inc.","rce@strombergmetals.com","6701 Distribution Drive","3019311000","3019311020","1099","Metal ores","strombergmetals.com"," Email <---> Revenue ","216624","Stromberg Sheet Metal Works","6701 Distribution Dr","Beltsville","MD","20705","Prince Georges","","3019311000","3019311020","Robert Gawne","Owner","Mal","43800000","300","171103","Sheet Metal ","5","0","1"
"166073","Acme Paper & Supply Co Inc","plugh4711@mail.acme.com","8229 Sandy Ct","8565071125","3019533131","508721","Floor Machines (Wholesale)","www.acme.com"," Email <---> Revenue ","13009","Acme Paper & Supply Co Inc","8229 Sandy Ct","Savage","MD","20763","Howard","www.acme.com","3019533131","","Edward Attman","President","Mal","40000000","150","508721","Floor Machin","5","0","1"
"95875","Merkle Direct Marketing","phennessy@merklenet.com","8400 Corporate Dr # 201","3014598431","3014599700","874213","Marketing Programs & Services","NULL"," Email <---> Revenue ","4764","Merkle Direct Marketing","8400 Corporate Dr # 201","Landover","MD","20785","Prince Georges","www.merklenet.com","3014599700","3014598431","David Williams","Owner","Mal","27600000","280","874213","Marketing Pr","5","0","1"
"174172","American Wood Fibers","petspicks@awf.com","8245 Dorsey Run Rd","5307411692","4107924100","249998","Wood Products Nec (Manufacturers)","www.awf.com"," Email <---> Revenue ","20608","American Wood Fibers","8245 Dorsey Run Rd","Jessup","MD","20794","Howard","www.awf.com","4107924100","3014982512","Ed Leland","President","Mal","26000000","30","249998","Wood Product","5","0","1"
"191882","ITT Industries Inc","peter.milligan@itt.com","141 National Business Pkwy#200","2569711575","3014707030","484103","Satellite Comms Services-Common Carrier","www.itt.com"," Email <---> Revenue ","117354","ITT Industries Inc","141 National Business Pkwy#200","Annapolis Jct","MD","20701","Howard","www.itt.com","3014707030","3014970207","Chip Moses","VP","Mal","27120000","80","484103","Satellite Co","5","0","1"
"134237","WMDT (ABC-47)","news_director@wmdt.com","202 Downtown Plz","4107424747","4107425767","483301","Television Stations & Broadcasting Co","www.wmdt.com"," Email <---> Revenue ","236195","WBD","202 W Main St","Salisbury","MD","21801","Wicomico","www.wmdt.com","4107424747","4107425767","Kathleen Mc Lean","Manager","Fem","25280000","80","483301","Television S","5","0","1"
"146113","W 27aj TV Channel 27","news@wmdt.com","202 Downtown Plz","4107425767","3026742727","483301","Television Stations & Broadcasting CO","www.wmdt.com"," Email <---> Revenue ","235828","W 27aj TV Channel 27","202 Downtown Plz","Salisbury","MD","21801","Wicomico","www.wmdt.com","3026742727","4107425767","Kathleen Mc Lain","Manager","Fem","25280000","80","483301","Television S","5","0","1"
"153716","Custom Cables Inc","mspahr@customcablesinc.com","9125 Whiskey Bottom Rd # C","3014971879","3014979300","506519","Electronic Equipment & Supplies-Whol","NULL"," Email <---> Revenue ","2075","Custom Cables Inc","9125 Whiskey Bottom Rd # C","Laurel","MD","20723","Howard","www.customcablesinc.com","3014979300","3014971879","Marian Spahr","Owner","Fem","25250000","25","506519","Electronic E","5","0","1"
"161626","Baltimore Convention Ctr Food","mhusband@mcdean.com","1 W Pratt St","4106497008","4106497000","541103","Convenience Stores","www.bccenter.org"," Email <---> Revenue ","30237","Baltimore Convention Ctr Food","1 W Pratt St","Baltimore","MD","21201","Baltimore City","www.bccenter.org","4106497000","4106497008","Peggy Daidakis","Executive Director","Fem","45500000","250","541103","Convenience ","5","0","1"
"183213","SPL Integrated Solutions","mbrewer@splis.com","9180 Rumsey Rd # D4","7024507752","4109920998","365103","Sound Systems & Equipment-Manufacturers","www.splis.com"," Email <---> Revenue ","200150","SPL Integrated Solutions","9180 Rumsey Rd # D4","Columbia","MD","21045","Howard","www.splis.com","4109920998","4109920758","Chad Gillenwater","President","Mal","34700000","100","365103","Sound System","5","0","1"
"42486","HP Electronics","martinp@hpelectronics.com","2300 Sulphur Spring Rd","4102424077","null","5731","Electronics","HPELECTRONICS.COM"," Email <---> Revenue ","106737","H P Electronics","2300 Sulphur Spring Rd","Halethorpe","MD","21227","Baltimore","www.hpelectronics.com","4102424077","4102474777","Robert G Hewitt Jr","Owner","Mal","27270000","27","506507","Sound System","5","0","1"
"195793","Hydro Aluminum North America","MartinC@hydro.com","801 International Dr # 200","4104944522","4104944500","505128","Aluminum (Wholesale)","NULL"," Email <---> Revenue ","116894","Hydro Aluminum North America","801 International Dr # 200","Linthicum Hts","MD","21090","Anne Arundel","","4104944500","4104944522","Martin Carter","President","Mal","33504000","32","505128","Aluminum (Wh","5","0","1"
"204699","River & Trail Outfitters","manidokan@wildblue.net","604 Valley Rd","3018344173","3016955177","555106","Canoes","www.rivertrail.com"," Email <---> Revenue ","194733","River & Trail Outfitters","604 Valley Rd","Knoxville","MD","21758","Frederick","www.rivertrail.com","3016955177","3018344173","Lee Baihly","CEO","Mal","33200000","100","555106","Canoes","5","0","1"
"163597","Elite Spice Inc","kcook@elitespice.com","7151 Montevideo Rd","4103796933","4107961900","209916","Spices-Manufacturers","NULL"," Email <---> Revenue ","83570","Elite Spice Inc","7151 Montevideo Rd","Jessup","MD","20794","Howard","www.elitespice.com","4107961900","4103796933","Isaac Samuel","Owner","Mal","28000000","200","209916","Spices-Manuf","5","0","1"
"147960","J J Haines & Co","kcollier@jjhaines.com","6950 Aviation Blvd","4107604045","4107601900","571306","Floor Materials","www.jjhaines.com"," Email <---> Revenue ","122131","J J Haines & Co","6950 Aviation Blvd","Glen Burnie","MD","21061","Anne Arundel","www.jjhaines.com","4107601900","4107604045","Robert Thompson","President","Mal","30450000","150","571306","Floor Materi","5","0","1"
"201614","Teltronics Inc","jryan@teltronics.com","4220 Shannon Dr # L","7187673711","4104880100","506504","Radio Communication Equip & Systems-Whol","www.teltronics.com"," Email <---> Revenue ","222739","Teltronics Inc","4220 Shannon Dr # L","Baltimore","MD","21213","Baltimore City","www.teltronics.com","4104880100","4435241854","Denny Cieslak","President","Mal","35350000","35","506504","Radio Commun","5","0","1"
"200045","Ingersoll Dresser Pump Co","jrockstroh@flowserve.com","5310 Taneytown Pike","2038774260","4107562602","356198","Pumps & Pumping Equipment (Mfrs)","www.flowserve.com"," Email <---> Revenue ","118746","Ingersoll Dresser Pump Co","5310 Taneytown Pike","Taneytown","MD","21787","Carroll","www.flowserve.com","4107562602","4107562615","Todd Musso","Plant Mgr","Mal","48312000","198","356198","Pumps & Pump","5","0","1"
"151661","National Technologies Associates Inc","jjordan@ntalex.com","22738 Maple Road - Suite 105","3018636512","3018621845","8999","Services NEC","NTAPROGRAMS.COM"," Email <---> Revenue ","165155","National Technologies Assoc","22738 Maple Rd # 105","Lexington Park","MD","20653","St Marys","www.nta-online.com","3018636512","3018621845","John Kaufmann","CEO","Mal","31600000","200","871111","Engineers-Co","5","0","1"
"194390","A J Sackett & Sons Co","jimc@ajsackett.com","1701 S Highland Ave","4102760241","4102764466","344998","Structural Metal Work-Misc (Mfrs)","www.ajsackett.com"," Email <---> Revenue ","9315","A J Sackett & Sons Co","1701 S Highland Ave","Baltimore","MD","21224","Baltimore City","www.ajsackett.com","4102764466","4102760241","Larry Taylor","President","Mal","32831000","50","344998","Structural M","5","0","1"
"203274","File Tek Inc","jheadon@filetek.com","9400 Key West Ave","3012511990","3012510600","357298","Computer Storage Devices (Manufacturers)","www.filetek.com"," Email <---> Revenue ","90622","File Tek Inc","9400 Key West Ave","Rockville","MD","20850","Montgomery","www.filetek.com","3012510600","3012511990","William G Thompson","CEO","Mal","42800000","100","357298","Computer Sto","5","0","1"
"177111","Data Entry Co","jdufour@tdec.com","434 Arch St","3013341212","3013341234","737401","Data Processing Service","www.tdec.com"," Email <---> Revenue ","70398","Data Entry Co","434 Arch St","Oakland","MD","21550","Garrett","www.tdec.com","3013341234","3013341212","Karen Knox","Manager","Fem","26010000","170","737401","Data Process","5","0","1"
"185730","Fireline Corp","info-desk@fireline.com","4506 Hollins Ferry Rd","4102474676","4102724748","356910","Fire Protection Equipment & Supls-Mfrs","www.fireline.com"," Email <---> Revenue ","91111","Fireline Corp","4506 Hollins Ferry Rd","Baltimore","MD","21227","Baltimore","www.fireline.com","4102724748","4102474676","Steve Waters","Owner","Mal","33280000","160","356910","Fire Protect","5","0","1"
"206243","American Yeast Co","human@lallemand.com","8215 Beachwood Rd","4144646430","4104773700","514917","Yeast (Wholesale)","www.lallemand.com"," Email <---> Revenue ","20615","American Yeast Co","8215 Beachwood Rd","Baltimore","MD","21222","Baltimore","www.lallemand.com","4104773700","4104772438","Maryse Bourdages","Plant Mgr","Fem","25320000","30","514917","Yeast (Whole","5","0","1"
"111161","J J Mc Donnell & Co","gmcmanus@jjmcdonnell.com","7901 Oceano Ave # 26","4107998984","4107994000","514601","Seafood-Wholesale","NULL"," Email <---> Revenue ","122134","J J Mc Donnell & Co","7901 Oceano Ave # 26","Jessup","MD","20794","Howard","","4107994000","4107998984","George Mc Manus","Owner","Mal","32604000","52","514601","Seafood-Whol","5","0","1"
"202477","Smurfit Stone","gethelp@smurfit.com","725 Pittman Rd","7122778304","4107899400","265301","Corrugated & Solid Fiber Boxes (Mfrs)","www.smurfit-stone.com"," Email <---> Revenue ","209326","Smurfit Stone","725 Pittman Rd","Baltimore","MD","21226","Baltimore City","www.smurfit-stone.com","4107899400","4107891433","Jeff Gray","Plant Mgr","Mal","32040000","120","265301","Corrugated &","5","0","1"
"72871","CRW Parts Inc","geraldb@crwparts.com","1211 68th St","4108663284","4108663300","509998","Distribution Centers","NULL"," Email <---> Revenue ","45433","CRW Parts Inc","1211 68th St","Baltimore","MD","21237","Baltimore","www.crwparts.com","4108663300","4108663284","Ralph Willis","President","Mal","33040000","35","509998","Distribution","5","0","1"
"173479","Moon Nurseries Of Maryland Inc","gdahms@moonnurseries.com","145 Moon Rd","2155790147","4107556600","519306","Nurseries-Plants Trees & Etc-Wholesale","www.moonnurseries.com"," Email <---> Revenue ","160729","Moon Nurseries Of Maryland Inc","145 Moon Rd","Chesapeake City","MD","21915","Cecil","www.moonnurseries.com","4107556600","4107556152","Ruth Kurylak","Manager","Fem","32850000","150","519306","Nurseries-Pl","5","0","1"
"112233","Gamse Lithographing Co","gamse@gamse.com","7413 Pulaski Hwy","4108665672","4108664700","275202","Printers","www.gamse.com"," Email <---> Revenue ","98200","Gamse Lithographing Co","7413 Pulaski Hwy","Baltimore","MD","21237","Baltimore","www.gamse.com","4108664700","4108665672","Daniel J Canzoniero","President","Mal","27360000","180","275202","Printers","5","0","1"
"140983","United Health Care","FleschmanRobert@uhc.com","6095 Marshalee Dr","4103793480","4103793400","874242","Health Care Management","NULL"," Email <---> Revenue ","231567","United Health Care","6095 Marshalee Dr","Elkridge","MD","21075","Howard","www.unitedhealthcare.com","4103793400","4103793480","Robert Fleschman","CEO","Mal","34000000","200","874242","Health Care ","5","0","1"
"26459","Bce Emergis","Faye@emergis.com","2273 Research Blvd # 4","3015488828","3015481000","641110","Insurance-Claim Processing Services","NULL"," Email <---> Revenue ","33217","Bce Emergis","2273 Research Blvd # 4","Rockville","MD","20850","Montgomery","","3015481000","3015488828","Faye Baggiano","President","Fem","41400000","300","641110","Insurance-Cl","5","0","1"
"135859","Ecolab Inc","ecolab@ecolab.com","4400 Lottsford Vista Rd","7708590697","3017315500","516925","Cleaning Compounds (Wholesale)","www.ecolab.com"," Email <---> Revenue ","2474","Ecolab Inc","4400 Lottsford Vista Rd","Lanham","MD","20706","Prince Georges","www.ecolab.com","3017315500","3017319711","Jim Fonfara","Plant Mgr","Mal","30030000","30","516925","Cleaning Com","5","0","1"
"103741","Shelter Systems Corp-Maryland","Dwight@sheltersystems.com","633 Stone Chapel Rd","4108575754","4108763900","243999","Structural Wood Members Nec (Mfrs)","NULL"," Email <---> Revenue ","206218","Shelter Systems Corp-Maryland","633 Stone Chapel Rd","Westminster","MD","21157","Carroll","www.sheltersystems.com","4108763900","4108575754","Dwight Hikel","President","Mal","26250000","150","243999","Structural W","5","0","1"
"204984","Cowan Systems","drivers@cowansystems.com","1910 Halethorpe Farms Rd","5132721596","4102470800","421309","Trucking-Motor Freight","www.cowansystems.com"," Email <---> Revenue ","65123","Cowan Systems","1910 Halethorpe Farms Rd","Halethorpe","MD","21227","Baltimore","www.cowansystems.com","4102470800","4102470801","Joseph Cowan","Owner","Mal","45300000","300","421309","Trucking-Mot","5","0","1"
"193437","Alarm Watch","dlivsey@alarmwatchinc.com","211 Cockeysville Rd","4107851742","4107851740","506324","Burglar Alarm Systems (Wholesale)","www.alarmwatchinc.com"," Email <---> Revenue ","16076","Alarm Watch","211 Cockeysville Rd","Cockysvl Hnt Vly","MD","21030","Baltimore","www.alarmwatchinc.com","4107851740","4107851742","W Robert Lepcyzk","Owner","Mal","26320000","40","506324","Burglar Alar","5","0","1"
"103783","Editors Press Inc","dkelly@edpress.com","6200 Editors Park Dr","3018534961","3018534900","275998","Commercial Printing Nec","NULL"," Email <---> Revenue ","82078","Editors Press Inc","6200 Editors Park Dr","Hyattsville","MD","20782","Prince Georges","www.edpress.com","3018534900","3018534961","Danny Kelly","President","Mal","36000000","0","275998","Commercial P","5","0","1"
"170041","Spectera Inc","dhall@spectera.com","2811 Lord Baltimore Dr","4109445903","4102656033","384104","Physicians & Surgeons Equip & Supls-Mfrs","NULL"," Email <---> Revenue ","211438","Spectera Inc","2811 Lord Baltimore Dr","Windsor Mill","MD","21244","Baltimore","www.spectera.com","4102656033","4109445903","David Hall","CEO","Mal","41800000","600","384104","Physicians &","5","0","1"
"109089","DXP Smart Source","DavidLittle@dxp.com","Bourbon & Adams St","4109393960","4109393959","508522","Industrial Equipment & Supplies (Whol)","NULL"," Email <---> Revenue ","69225","DXP Smart Source","Bourbon & Adams St","Havre De Grace","MD","21078","Harford","www.dxp.com","4109393959","4109393960","David Little","Owner","Mal","25650000","45","508522","Industrial E","5","0","1"
"179029","Colonial Metals Inc","david.vale@btinternet.com","505 Blue Ball Rd # 20","4103982918","4103987200","281998","Industrial Inorganic Chmcls Nec (Mfrs)","www.colonialmetals.com"," Email <---> Revenue ","60600","Colonial Metals Inc","505 Blue Ball Rd # 20","Elkton","MD","21921","Cecil","www.colonialmetals.com","4103987200","4103982918","George Benvegno","President","Mal","28000000","38","281998","Industrial I","5","0","1"
"202234","Baltimore Sound Engineering","dave.soul@bseonline.com","6308 Blair Hill Ln","4105839535","4105838900","506507","Sound Systems & Equipment (Wholesale)","NULL"," Email <---> Revenue ","30738","Baltimore Sound Engineering","6308 Blair Hill Ln","Baltimore","MD","21209","Baltimore City","www.bseonline.com","4105838900","4105839535","David Soul","Owner","Mal","39390000","39","506507","Sound System","5","0","1"
"205849","Whole Foods Market","customer.questions@wholefoods.com","6015 Executive Blvd","3103150665","3019843737","541105","Grocers-Retail","www.wholefoods.com"," Email <---> Revenue ","240841","Whole Foods Market","1649 Rockville Pike","Rockville","MD","20852","Montgomery","www.wholefoods.com","3019844880","3018161897","Tim Ripley","Manager","Mal","28574000","157","541105","Grocers-Reta","5","0","1"
"204167","Fusion UV Systems","crick@alexanderjewels.com","910 Clopper Rd","3015272667","3019908700","384104","Physicians & Surgeons Equip & Supls-Mfrs","www.fusionuv.com"," Email <---> Revenue ","96795","Fusion UV Systems","910 Clopper Rd","Gaithersburg","MD","20878","Montgomery","www.fusionuv.com","3019908700","3015272667","David Harbourne","President","Mal","39200000","175","384104","Physicians &","5","0","1"
"62304","Clinton Fence Co Inc","clintonfence@chesapeake.net","2630 Old Washington Rd","3018435001","3018431108","503903","Fence (Wholesale)","www.clintonfence.com"," Email <---> Revenue ","59194","Clinton Fence Co Inc","2630 Old Washington Rd","Waldorf","MD","20601","Charles","www.clintonfence.com","3018431108","3018435001","Steven King","President","Mal","25200000","70","503903","Fence (Whole","5","0","1"
"187454","D-S Pipe & Supply Co","ckeehner@dspipe.com","1301 Wicomico St","4105398000","4105394819","505107","Pipe-Wholesale","www.dspipe.com"," Email <---> Revenue ","68871","D-S Pipe & Supply Co","1301 Wicomico St","Baltimore","MD","21230","Baltimore City","www.dspipe.com","4105398000","4105394819","Chris Keehner","President","Mal","46068000","44","505107","Pipe-Wholesa","5","0","1"
"205187","University Pharmaceuticals","cirotta@upm-inc.com","6200 Freeport Ctr","4106334438","4108433700","512203","Pharmaceutical Products-Wholesale","www.upm-inc.com"," Email <---> Revenue ","232201","University Pharmaceuticals","6200 Freeport Ctr","Baltimore","MD","21224","Baltimore City","www.upm-inc.com","4108433700","4106334438","Harold Chappelear","President","Mal","48755000","35","512203","Pharmaceutic","5","0","1"
"113615","Charlie Cockey Precision Inc","Charlie.Cockey@charliecockey.com","1875 Phylliss Reward Dr","4108710384","4108486731","509908","Manufacturers-Agents & Representatives","NULL"," Email <---> Revenue ","53127","Charlie Cockey Precision Inc","1875 Phylliss Reward Dr","Westminster","MD","21157","Carroll","www.charliecockey.com","4108486731","4108710384","Charlie Cockey","Owner","Mal","28320000","30","509908","Manufacturer","5","0","1"
"4154","Pug's Fuel Oil Svc","CaseySandridge@pugsfueloil.com","2707 Sparrows Point Rd","4104773163","4104773345","517206","Oils-Fuel (Wholesale)","NULL"," Email <---> Revenue ","186281","Pug's Fuel Oil Svc","2707 Sparrows Point Rd","Baltimore","MD","21219","Baltimore","www.pugsfueloil.com","4104773345","4104773163","Casey Sandridge","President","Mal","33540000","10","517206","Oils-Fuel (W","5","0","1"
"68251","Handy Soft Shell Crabs","Carol_Haltaman@handycrab.com","PO Box 309","4109681771","4109681772","209298","Prepared Fish & Seafood Products (Mfr)","NULL"," Email <---> Revenue ","108421","Handy Soft Shell Crabs","101 N 7th St","Crisfield","MD","21817","Somerset","www.handycrab.com","4109681772","4109681771","Carol Haltaman","President","Fem","34950000","150","209298","Prepared Fis","5","0","1"
"188171","Olson Wire Products Co","carol@olsonwireproducts.com","4100 Benson Ave","4102474206","4102424000","331209","Wire Products-Manufacturers","www.olsonwireproducts.com"," Email <---> Revenue ","171464","Olson Wire Products Co","4100 Benson Ave","Halethorpe","MD","21227","Baltimore","www.olsonwireproducts.com","4102424000","4102474206","Randy Olson","Owner","Mal","30480000","60","331209","Wire Product","5","0","1"
"195900","Willis Of Maryland Inc","careers.international@willis.com","6700 Rockledge Dr # 500","7574310562","3015305050","635102","Bonds-Surety & Fidelity","www.willis.com"," Email <---> Revenue ","242064","Willis Of Maryland Inc","6700 Rockledge Dr # 500","Bethesda","MD","20817","Montgomery","www.willis.com","3015305050","3018978506","Kirk Metcalf","President","Mal","33200000","50","635102","Bonds-Surety","5","0","1"
"157090","Taylor Oil Southeast Inc","bschwinn@tayloroilco.com","28 Thomas Ave # B","4106369001","4106317400","517206","Oils-Fuel (Wholesale)","www.tayloroilco.com"," Email <---> Revenue ","222075","Taylor Oil Southeast Inc","28 Thomas Ave # B","Baltimore","MD","21225","Baltimore City","www.tayloroilco.com","4106317400","4106369001","Sean Downey","Manager","Mal","46956000","14","517206","Oils-Fuel (W","5","0","1"
"138042","Metropolitan Poultry & Seafood","Brian@metropoultry.com","1920 Stanford Ct","3017721013","3017720060","514704","Meat-Wholesale","NULL"," Email <---> Revenue ","4793","Metropolitan Poultry & Seafood","1920 Stanford Ct","Landover","MD","20785","Prince Georges","www.metropoultry.com","3017720060","3017721013","Brian Willard","Owner","Mal","40000000","160","514704","Meat-Wholesa","5","0","1"
"163981","Pall Corp","biotech@pall.com","2118 Greenspring Dr","4107855378","4102520800","359915","Industrial Equipment & Supplies-Mfrs","www.pall.com"," Email <---> Revenue ","174450","Pall Corp","2118 Greenspring Dr","Timonium","MD","21093","Baltimore","www.pall.com","4102520800","4105602857","Ted Forman","Manager","Mal","30750000","250","359915","Industrial E","5","0","1"
"166606","ACC Telecom Corp","bhunt@acctelecom.com","6410 Dobbin Rd # A","4109950129","4109950101","506563","Telecommunication Equip/Syst-Whol/Mfrs","NULL"," Email <---> Revenue ","10705","ACC Telecom Corp","6410 Dobbin Rd # A","Columbia","MD","21045","Howard","www.acctelecom.com","4109950101","4109950129","Barry Hunt","Owner","Mal","25250000","25","506563","Telecommunic","5","0","1"
"196177","Powercon Corp","b.cohn@powerconcorp.com","1551 Florida Ave","4105518451","4105516500","369902","Electric Equipment-Manufacturers","www.powerconcorp.com"," Email <---> Revenue ","183068","Powercon Corp","1551 Florida Ave","Severn","MD","21144","Anne Arundel","www.powerconcorp.com","4105516500","4105518451","Ralph Siegel","President","Mal","30000000","380","369902","Electric Equ","5","0","1"
"163525","ARK Systems Inc","ark@arksysinc.com","9176 Red Branch Rd # B","4109971191","4109951220","506324","Burglar Alarm Systems (Wholesale)","www.arksysinc.com"," Email <---> Revenue ","11327","ARK Systems Inc","9176 Red Branch Rd # B","Columbia","MD","21045","Howard","www.arksysinc.com","4109951220","4109971191","Roy Richwein","Owner","Mal","36190000","55","506324","Burglar Alar","5","0","1"
"168198","Measurement Inc","afraser@measinc.com","746 Frederick Rd","6162577928","4107888629","874881","Educational Assessement","www.measinc.com"," Email <---> Revenue ","154209","Measurement Inc","746 Frederick Rd","Catonsville","MD","21228","Baltimore","www.measinc.com","4107888629","4107888669","Louis Allen","Manager","Mal","27000000","120","874881","Educational ","5","0","1"
"163249","Utili Quest","4info@utiliquest.com","4390 Forbes Blvd # 100","2516619208","3019180170","874853","Engineers-Communications","www.utiliquest.com"," Email <---> Revenue ","7025","Utili Quest","4390 Forbes Blvd # 100","Lanham","MD","20706","Prince Georges","www.utiliquest.com","3019180170","3019180187","Joe Feronti","Manager","Mal","33750000","150","874853","Engineers-Co","5","0","1"
