"Oil-Dri Corp Of Georgia","2295745131","28990 GA Hwy 3 N","Ochlocknee","30000000","Rolfe Hunt","Plant Mgr","Mal","133","O","Oil-Dri Corp Of Georgia","rich.johnsonbaugh@oildri.com","Po Box 200A","Ochlocknee","GA","31773","2295744148","229-574-5131","2842","Specialty Cleaning","Polishing","0","0"
"MORTENSEN WOODWORK","4047676842","2538 STONE RD","ATLANTA","48000000","FRED MORTENSEN","Owner","M","21437","M","Mortensen Woodwork","FredMortensen@mortensenwoodwork.com","2538 Stone Rd","East Point","GA","30344","7709644367","4047676842","571217","Furniture-Designers & Custom Builders","NULL","0","0"
"VALENTINE ENTERPRISES INC","7709950661","940 COLLINS HILL RD","LAWRENCEVILLE","31500000","DON MC DANIEL","Chief Executive Office","M","22512","V","Valentine Enterprises Inc","info.-sales@veiusa.com","940 Collins Hill Rd","Lawrenceville","GA","30043","7709950725","7709950661","283398","Medicinal Chem/Botanical Prods (Mfrs)","www.veiusa.com","0","0"
"Carolina Skiff Inc","9122870547","3231 Fulford Rd","Waycross","30690000","Joseph Kirkland","Owner","Mal","23335","C","Carolina Skiff Inc","beverly.jordan@carolinaskiff.com","3231 Fulford Rd","Waycross","GA","31503","9122870533","9122870547","373201","Boats-Manufacturers","NULL","0","0"
"BEASLEY FOREST PRODUCTS","9123755174","712 UVALDA HWY","HAZLEHURST","37600000","RABUN BEASLEY","Owner","M","24748","B","Beasley Forest Products","RB@beasleyforestproducts.com","712 Uvalda Hwy","Hazlehurst","GA","31539","9123759541","9123755174","242102","Sawmills","NULL","0","0"
"CKS PACKAGING INC","4043445646","PO BOX 44386","ATLANTA","28400000","EDDIE BUN","Manager","M","27952","C","CKS Packaging Inc","rbryan@crowncork.com","445 Great Southwest Pkwy SW","Atlanta","GA","30336","4046910086","4046999420","516202","Plastics-Products-Finished-Wholesale","NULL","0","0"
"Pye Barker Fire Extinguisher","7703339988","3800 S Cobb Dr SE # 200","Smyrna","26208000","Tony Beam","Manager","Mal","39757","P","Pye Barker Fire Extinguisher","paula.shiflett@pyebarkerfiresafety.com","3800 S Cobb Dr SE # 200","Smyrna","GA","30080","9043555210","7703339988","356910","Fire Protection Equipment & Supls-Mfrs","www.pyebarkerfiresafety.com","0","0"
"Stag Parkway","4043497800","7095 Trade Water Pkwy SW","Atlanta","33600000","Theodore Kaplan","Owner","Mal","40964","S","Stag Parkway","tKaplan@stagparkway.com","PO Box 43463","Atlanta","GA","30336","4043496869","4043497800","501351","Recreational Vehicles-Equip-Wholesale","NULL","0","0"
"ATHENS PAPER CO","4046968900","5255 FULTON INDUSTRIAL BLVD SW","ATLANTA","41400000","KEVIN DRAKE","Manager","M","41862","A","Athens Paper Co","comments@athenspaper.com","5255 Fulton Industrial Blvd SW","Atlanta","GA","30336","4046962914","4046968900","511101","Paper Products (Wholesale)","www.athenspaper.com","0","0"
"Southeast Trailer Mart Inc","4043616411","2301 Mabros Industrial Pkwy#A","Ellenwood","29600000","Ken Webb","Owner","Mal","42384","S","Southeast Trailer Mart Inc","ken@stmtrailers.com","2301 Mabros Industrial Pkwy#A","Ellenwood","GA","30294","4043613556","4043616411","501212","Trailers-Truck (Wholesale)","NULL","0","0"
"Zemex Corp","7703928660","1040 Crown Pointe Pkwy # 270","Atlanta","47958000","R Peter Gillin","CEO","Mal","43101","Z","Zemex Corp","pgillin@zemex.com","1040 Crown Pointe Pkwy # 270","Atlanta","GA","30338","7703928670","7703928660","108101","Metal Mining Services","NULL","0","0"
"Kroger","4046248110","1160 Moreland Ave SE","Atlanta","36400000","Mark King","President","Mal","48870","K","Kroger","MarkKing@corporate.com","1160 Moreland Ave SE","Atlanta","GA","30316","NULL","4046248110","541105","Grocers-Retail","NULL","0","0"
"KLEEN TEX INDUSTRIES INC","7068824779","101 N GREENWOOD ST STE C","LAGRANGE","35400000","BRUCE HOWARD","Chief Executive Office","M","54297","K","Kleen Tex Industries Inc","zachary.taylor@kleen-tex-usa.com","1516 Orchard Hill Rd","Lagrange","GA","30240","7068820729","7068824779","229998","Textile Goods Nec (Manufacturers)","NULL","0","0"
"FLOORING AMERICA","4784520111","50 GA HIGHWAY 22 W","MILLEDGEVILLE","26000000","DARRELL BLACK","Manager","M","56015","F","Flooring America","DarrellB@flooringamerica.com","461 E Hancock St","Milledgeville","GA","31061","4784538328","4784520111","571305","Carpet & Rug Dealers-New","NULL","0","0"
"Autry Petroleum Co","2292262680","211 Industrial Blvd","Thomasville","33000000","Daniel E Autry","President","Mal","59602","A","Autry Petroleum Co","Daniel@autrypetroleum.com","211 Industrial Blvd","Thomasville","GA","31792","2292268775","2292262680","291104","Oils-Petroleum-Manufacturers","NULL","0","0"
"EMC Engineering Svc Inc","9122326533","23 E Charlton St","Savannah","25280000","Clifton Lee Kennedy","President","Mal","63425","E","EMC Engineering Svc Inc","human_res@emc-eng.com","23 E Charlton St","Savannah","GA","31401","9122322920","9122326533","871110","Engineers-Civil","www.emc-eng.com","0","0"
"Maxell Corp Of America","7709221000","1400 Parker Rd SE","Conyers","34680000","Miguel Leal","Plant Mgr","Mal","69432","M","Maxell Corp Of America","phil.perry@maxwell.com","1400 Parker Rd SE","Conyers","GA","30094","7704835893","7709221000","3695","Magnetic and Optical Recording Media","NULL","0","0"
"SPARKS EXHIBITS & ENVIRONMENTS","7709446111","8125 TROON CIR STE D","AUSTELL","39000000","TIM OUGHGON","Manager","M","69447","S","Sparks Exhibits & Environments","michael.tompkin@sparks-exhibits.com","8125 Troon Cir","Austell","GA","30168","7709446633","770-944-6111","3993","Signs and Advertising Specialties (screen printing purchased advertising specialties)","NULL","0","0"
"Carole Fabrics Corp","7068634742","633 NW Frontage Rd","Augusta","40000000","Bill Geiger","President","Mal","74416","C","Carole Fabrics Corp","bill.geiger@carolefabrics.com","633 NW Frontage Rd","Augusta","GA","30907","7068638186","7068634742","259198","Drapery Hdwr-Window Blinds/Shades (Mfrs)","NULL","0","0"
"CLIPPER PETROLEUM INC","7705344916","2298 SKELTON RD","GAINESVILLE","34600000","TL BOWER","Chief Executive Office","M","87305","C","Clipper Petroleum Inc","shall@clipperpetroleum.com","2298 Skelton Rd","Gainesville","GA","30504","7705342183","7705344916","541103","Convenience Stores","www.clipperpetroleum.com","0","0"
"Wfi Suntech","7709775393","840 Franklin Ct SE","Marietta","39480000","David G Fichtner","President","Mal","88021","W","Wfi Suntech","D.Fichtner@suntechsystems.com","840 Franklin Ct SE","Marietta","GA","30067","7709775680","7709775393","506308","Fire Alarm Systems (Wholesale)","NULL","0","0"
"ARMED FORCES BENEFIT ASSN","7066898260","2450 S LUMPKIN RD","COLUMBUS","30000000","RON PETTIGREW","Manager","M","94636","A","Armed Forces Benefit Assn","Ron_Pettigrew@armedforcesveteran.com","2450 S Lumpkin Rd","Columbus","GA","31903","7066896281","7066898260","864102","Veterans'' & Military Organizations","NULL","0","0"
"Fox Appliance Parts Inc","7067373400","3503 Wrightsboro Rd","Augusta","35000000","Richard Fox","Owner","Mal","100066","F","Fox Appliance Parts Inc","ginger@foxaugusta.com","3503 Wrightsboro Rd","Augusta","GA","30909","7067372487","7067373400","506401","Appliances-Household-Major-Supls (Whol)","NULL","0","0"
"ENHANCEMENT SERVICES CORP","6782974350","5897 WINDWARD PKWY","ALPHARETTA","33800000","STEVE WILSON","President","M","100641","E","Enhancement Services Corp","swilson@escloyalty.com","5897 Windward Pkwy # 200","Alpharetta","GA","30005","NULL","6782974350","738967","Incentive Programs","NULL","0","0"
"CHD","4048924500","426 Marietta St NW","Atlanta","25000000","John H Drake","CEO","Mal","102879","C","CHD","jdrake@chdatlanta.com","426 Marietta St NW","Atlanta","GA","30313","4048924522","404-892-4500","731101","Advertising-Agencies & Counselors","NULL","0","0"
"Wilheit Packaging","7705324421","1527 May Dr","Gainesville","33700000","Philip Wilheit","President","Mal","103683","W","Wilheit Packaging","Wilheit@wilheit.com","1527 May Dr","Gainesville","GA","30507","7705328956","7705324421","384298","Orthopedic Prosthetic/Srgcl Appl (Mfrs)","NULL","0","0"
"Empire Wire & Cable","7708147876","2479 Ryan Leigh Rdg","Duluth","26400000","Bob Brewster","President","Mal","108512","E","Empire Wire & Cable","bharlow@empireproducts.com","2479 Ryan Leigh Rdg","Duluth","GA","30096","7708147876","7708147876","173110","Cable/Wire-Installation-Voice/Data Syst","www.empireproducts.com","0","0"
"Calsilite Insulation Products","9122646372","2100 Line St","Brunswick","28320000","Ray Gaudin","President","Mal","109022","C","Calsilite Insulation Products","Gaudin@calsilite.com","2100 Line St","Brunswick","GA","31520","9122676096","9122646372","308602","Insulation Materials-Cold & Heat-Mfrs","NULL","0","0"
"Network","7704411912","333 Research Ct","Norcross","44775000","Tony Malone","CEO","Mal","117345","N","Network","alan.fralick@tnwinc.com","333 Research Ct","Norcross","GA","30092","7704413634","7704411912","874813","Security Systems Consultants","NULL","0","0"
"BALDWIN PAVING CO","7704259191","1014 KENMILL DR NW","MARIETTA","25400000","JOHN HARRISON","Chief Executive Office","M","117593","B","Baldwin Paving Co","jharrison@baldwin-paving.com","1014 Kenmill Dr NW","Marietta","GA","30060","7704250790","7704259191","161101","Paving Contractors","NULL","0","1"
"Electric Motor Shop","4046919119","3980 Martin Luther King Jr Dr","Atlanta","32900000","Bill Cole","Owner","Mal","117794","E","Electric Motor Shop","Bill@electricmotorshop.com","3980 Martin Luther King Jr Dr","Atlanta","GA","30336","4044721205","4046919119","506333","Electric Motors-Dlrs/Repairing (Whol)","NULL","0","0"
"NAPA Distribution Ctr","2297765537","400 Industrial Blvd","Sylvester","26880000","Eric Birthisel","Manager","Mal","118146","N","NAPA Distribution Ctr","yourname@yourserver.com","400 Industrial Blvd","Sylvester","GA","31791","2696491751","2297765537","501313","Automobile Parts & Supplies-Wholesale","www.napaonline.com","0","0"
"Myers Container","7062708635","396 Callahan Rd SE","Dalton","32640000","Peter Cutt","Owner","Mal","119217","M","Myers Container","C-Peter@myerscontainer.com","396 Callahan Rd SE","Dalton","GA","30721","7062598071","7062708635","508438","Packaging Machinery-Wholesale","NULL","0","0"
"Mail Contractors Of America","4047928600","2770 Peyton Rd NW","Atlanta","44545000","Carol Harris","President","Fem","123040","M","Mail Contractors Of America","Harris@mailcontractors.com","2770 Peyton Rd NW","Atlanta","GA","30318","4047929444","4047928600","421304","Trucking","NULL","0","0"
"Horton Automotive","7704585111","5465 Peachtree Industrial Blvd","Atlanta","35800000","Kimmey Halverson","Manager","Fem","123062","H","Horton Isuzu","allens@hortonisuzu.com","5465 Peachtree Industrial Blvd","Atlanta","GA","30341","7704585111","6785971032","359915","Industrial Equipment & Supplies","hortonisuzu.com","0","0"
"Witex USA Inc","7704199558","1925 Shiloh Rd NW # 2","Kennesaw","47200000","Hartwig Siemerling","CEO","Mal","125123","W","Witex USA Inc","snewman@witexusa.com","1925 Shiloh Rd NW # 2","Kennesaw","GA","30144","7704191227","7704199558","509905","Importers","NULL","0","0"
"Emerald Pointe Resort","7709458787","6950 Holiday Rd","Buford","37500000","Ray Williams","CEO","Mal","127141","E","Emerald Pointe Resort","RW@llimail.com","6950 Holiday Rd","Buford","GA","30518","NULL","7709458787","701111","Resorts","NULL","0","1"
"JOHNSTON SEED CO","2295679615","PO BOX 2668","ASHBURN","48300000","AUBREY JOHNSTON","President","M","128807","J","Johnston Seed Co","AubreyJohnston@johnstonseed.com","PO Box 2668","Ashburn","GA","31714","2295679616","2295679615","519105","Seeds & Bulbs-Wholesale","NULL","0","0"
"SPORTS SECTION","7709478500","5040 GREYSTONE PL","DOUGLASVILLE","29600000","JEFF HALL","Owner","M","130492","S","Sports Section","Jeff@sportssection.com","5040 Greystone Pl","Douglasville","GA","30135","NULL","7709478500","722101","Photographers-Portrait","NULL","0","0"
"Grizzard","4045228330","229 Peachtree St NE # 900","Atlanta","30600000","Chip Grizzard","CEO","Mal","139742","G","Grizzard","GrizzardChip@grizzard.com","229 Peachtree St NE # 900","Atlanta","GA","30303","4046354158","4045228330","731101","Advertising-Agencies & Counselors","NULL","0","0"
"INFOMART","7709842727","1582 TERRELL MILL RD SE","MARIETTA","28100000","BLAIR COHEN","Chief Executive Office","M","140550","I","Infomart","CohenT@infomartlists.com","1582 Terrell Mill Rd SE","Marietta","GA","30067","7709848997","7709842727","874861","Employment Screening Services","NULL","0","0"
"Precision Technical Svc","7704241115","2155 Barrett Park Dr NW # 110","Kennesaw","28320000","Rich Hauschild","President","Mal","141853","P","Precision Technical Svc","R.Hauschild@superminicup.com","2155 Barrett Park Dr NW # 110","Kennesaw","GA","30144","7704246968","7704241115","509908","Manufacturers-Agents & Representatives","NULL","0","0"
"DVDT INC","4043520007","1779 MARIETTA BLVD NW","ATLANTA","30000000","MURRAY WINSHIP","Chief Executive Office","M","143306","D","DVDT Inc","japan@dvdcity.com","2135 Defoor Hills Rd NW # F","Atlanta","GA","30318","4043521970","4043520007","573113","Audio-Visual Equipment-Dealers","www.dvdcity.com","0","0"
"Masada Bakery","7704465383","1500 Oakbrook Dr","Norcross","42200000","Yakov Stein","Owner","Mal","144756","M","Masada Bakery","yakov.stein@masadabakery.com","1500 Oakbrook Dr","Norcross","GA","30093","4043777377","7704465383","514902","Bakers-Wholesale","NULL","0","0"
"SOUTHERN STAIRCASE","7708887333","6025 SHILOH RD E","ALPHARETTA","36000000","PAUL MIRO","President","M","149329","S","Southern Staircase","Vibert@southernstaircase.com","6025 Shiloh Rd # E","Alpharetta","GA","30005","7708887344","7708887333","179918","Stair Builders","NULL","0","0"
"Advanced Composite Tech Inc","7709260202","106 Bell Pkwy","Woodstock","26275000","Wayne E Bodge","President","Mal","154616","A","Advanced Composite Tech Inc","wayne@advancedcomponents.com","PO Box 2250","Woodstock","GA","30188","7705915545","7709260202","516201","Plastics-Reinforced (Wholesale)","NULL","0","0"
"Sipcam Agro USA Inc","7705871032","300 Colonial Center Pkwy # 230","Roswell","30000000","Lynn Brookhauser","Owner","Mal","160169","S","Sipcam Agro USA Inc","lbrookhauser@sipcamagrousa.com","300 Colonial Center Pkwy # 230","Roswell","GA","30076","7705871115","7705871032","516916","Chemicals (Wholesale)","NULL","0","0"
"Dixie Numerics LLC","4043667427","5286 Circle Dr","Morrow","30000000","Juan Garcia","Owner","Mal","161542","D","Dixie Numerics LLC","bobby.stalnaker@dnplastics.com","5286 Circle Dr","Morrow","GA","30260","4043662403","4043667427","346904","Metal Stamping (Manufacturers)","NULL","0","0"
"TIMBERMEN INC THE CAMAK PLANT","7064653533","PO BOX 107","CAMAK","33400000","JIM HICKS","President","M","162743","T","Timbermen Inc The Camak Plant","JimHicks@timberman.net","PO Box 107","Camak","GA","30807","7064653025","7064653533","244801","Pallets & Skids-Manufacturers","NULL","0","0"
"SOURCE ONE DIRECT","4048745578","1800 NORTHEAST EXPY NE","ATLANTA","27000000","TONY ROGER","President","M","168009","S","Source One Direct","tony@sourceonedirect.com","1800 Northeast Expy NE","Atlanta","GA","30329","6784205001","4048745578","874823","Communications Consultants","NULL","0","0"
"Jekyll Island State Park Auth","9126352236","100 James Rd","Jekyll Island","33600000","William Donohue","Executive Director","Mal","168649","J","Jekyll Island State Park Auth","jbroadwell@jekyllisland.com","100 James Rd","Jekyll Island","GA","31527","9126354004","9126352236","799951","Provincial Parks","www.jekyllislandauthority.org","0","0"
"TUMI LUGGAGE","9125377852","2501 MATHEWS INDUSTRIAL CIR","VIDALIA","39100000","MIKE RAGER","Vice-President","M","170079","T","Tumi Luggage","sharry@tumi.com","2501 Mathews Industrial Cir","Vidalia","GA","30474","9087565878","9125377852","509906","Luggage-Wholesale","www.tumi.com","0","0"
"PITT PLASTICS INC","7709684711","1101 COMMERCE DR","MORROW","25300000","JEFF TALLMAN","President","M","171118","P","Pitt Plastics Inc","pitt@pittplastics.com","1101 Commerce Dr","Morrow","GA","30260","7709686761","7709684711","267301","Bags-Plastic (Manufacturers)","www.pittplastics.com","0","0"
"Sizemore Security Intl","7067361456","2116 Walton Way","Augusta","26000000","Preston Sizemore","CEO","Mal","174713","S","Sizemore Security Intl","PrestonS@sizemoreinc.com","2116 Walton Way","Augusta","GA","30904","7067361170","7067361456","874813","Security Systems Consultants","NULL","0","0"
"Sabin Robbins Paper Co","4047679418","4601 Welcome All Rd SW","College Park","37775000","Tim Dwyer","Manager","Mal","176666","S","Sabin Robbins Paper Co","web_form_admin.srp@sabinrobbins.com","4601 Welcome All Rd SW","College Park","GA","30349","4195264270","4047679418","511101","Paper Products (Wholesale)","www.sabinrobbins.com","0","0"
"Art Plumbing Co","7704333232","1847 S Cobb Industrial Blvd SE","Smyrna","29200000","Steve Lisenby","President","Mal","177501","A","Art Plumbing Co","eric@artplumbing.com","1847 S Cobb Industrial Blvd SE","Smyrna","GA","30082","7704327105","7704333232","171105","Plumbing Contractors","NULL","0","0"
"Millard Refrigerated Svc","7708983104","200 King Mill Rd","Mcdonough","29100000","Kevin Barker","President","Mal","178550","M","Millard Refrigerated Svc","KevinB@millardref.com","200 King Mill Rd","Mcdonough","GA","30253","7709140018","7708983104","422202","Warehouses-Cold Storage","NULL","0","0"
"ORION","7066956762","2950 HIGHWAY 411 N","CHATSWORTH","30000000","BRIAN LEWIS","Chief Executive Office","M","179709","O","Orion","Brian@orioninternational.com","PO Box 1205","Chatsworth","GA","30705","7065173481","7066956762","571305","Carpet & Rug Dealers-New","NULL","0","0"
"STAINED GLASS OVERLAY","7704224600","3032 CEMETARY ST NW","KENNESAW","40200000","STEPHEN WOOLFOLK","Owner","M","182230","S","Stained Glass Overlay","Stephen.Woolfolk@stainedglassbysgo.com","3032 Cemetary St NW","Kennesaw","GA","30144","7704224600","7704224600","523103","Glass-Stained & Leaded","NULL","0","0"
"WIKA INSTRUMENT CORP","7705138200","1000 WIEGAND BLVD","LAWRENCEVILLE","38000000","MICHAEL GUSTER","President","M","186120","W","WIKA Instrument Corp","scott.burchept@wika.com","1000 Wiegand Blvd","Lawrenceville","GA","30043","7703385118","7705138200","382398","Industrial Measuring/Cntrl Instr (Mfrs)","NULL","0","0"
"Nypro Altanta","7704252704","1040 Cobb Industrial Dr","Marietta","32800000","Randall Myers","Plant Mgr","Mal","188253","N","Nypro Altanta","staffing@nypro.com","1040 Cobb Industrial Dr","Marietta","GA","30066","3037724753","7704252704","308901","Mold Makers","www.nypro.com","0","0"
"Sandwell Engineers Corp","7704339336","2300 Lake Park Dr SE","Smyrna","45000000","Mark Satterfield","Manager","Mal","190355","S","Sandwell Engineers Corp","ybobrov@sandwell.com","2300 Lake Park Dr SE","Smyrna","GA","30080","7704339518","7704339336","871111","Engineers-Consulting","www.sandwell.com","0","0"
"Harvey WT Home Ctr","7063228204","800 15th St","Columbus","25000000","Wiford Gross","Owner","Mal","191183","H","Harvey WT Home Ctr","G_Wiford@harveylumber.com","800 15th St","Columbus","GA","31901","7063232433","7063228204","521142","Lumber-Retail","NULL","0","0"
"Anning-Johnson Co","4043551680","1901 Macarthur Blvd NW","Atlanta","33300000","Tom Wall","President","Mal","193596","A","Anning-Johnson Co","twall@ansonindustries.com","1901 Macarthur Blvd NW","Atlanta","GA","30318","4043551705","4043551680","174203","Dry Wall Contractors","NULL","0","0"
"East Coast Fruit Co Inc","9129650700","701 Us Highway 80 W","Garden City","27550000","Tom Kleeman","Manager","Mal","193622","E","East Coast Fruit Co Inc","ssierra@eastcoastfruit.com","701 Us Highway 80 W","Garden City","GA","31408","9129651122","9129650700","514801","Fruits & Vegetables-Wholesale","www.eastcoastfruit.com","0","0"
"FOLEY PRODUCTS CO","7702510296","208 JEFFERSON ST","NEWNAN","27000000","FRANK FOLEY","Chief Executive Office","M","196344","F","Foley Products Co","Ffoley@foleyproducts.com","208 Jefferson St","Newnan","GA","30263","7702542223","7702510296","327301","Ready-Mixed Concrete-Manufacturers","NULL","0","0"
"SIDEL INC","7704498058","5600 SUN CT","NORCROSS","34000000","PHILIPPE BARTISSOL","President","M","196747","S","Sidel Inc","richard.edwards@usa.sidel.com","5600 Sun Ct","Norcross","GA","30092","7704470084","7704498058","355909","Special Industry Machinery Nec (Mfrs)","NULL","0","0"
"Irwin EMC","2294687415","915 W 4th St","Ocilla","27104000","Randy Crenshaw","Manager","Mal","198848","I","Irwin EMC","hpaulk@irwinemc.com","915 W 4th St","Ocilla","GA","31774","2294687009","2294687415","491101","Electric Companies","www.irwinemc.com","0","0"
"Atlanta Food Intl","4049547600","255 Spring St SW","Atlanta","25000000","Russell Mc Call","President","Mal","199189","A","Atlanta Food Intl","Russell@atlantafoods.com","255 Spring St SW","Atlanta","GA","30303","4046880611","4049547600","514101","Food Products (Wholesale)","NULL","0","0"
"TRANS POWER INC","2298836550","2702 PALMYRA RD","ALBANY","28300000","JACK ZALOMY","President","M","202648","T","Trans Power Inc","tpi-sales@attglobal.net","2702 Palmyra Rd","Albany","GA","31707","2294327663","2298836550","551105","Truck-Dealers","www.transpowertrucks.com","0","2"
"Network Communications Inc","7709627220","2305 Newpoint Pkwy","Lawrenceville","43000000","Dan Mccarthy","CEO","Mal","206044","N","Network Communications","twalker@treb.com","2305 Newpoint Parkway / Po Box 100001","Lawrencesville","GA","30043","7709627220","-","737304","Data Communications Systems","NAMB","0","0"
"Golden Stella","4045254324","250 Spring St NW # 7n103","Atlanta","42400000","Jay Eun","Owner","Mal","210225","G","Golden Stella","cc@morglo.com","Atlanta Apparel Mart 250","ATLANTA","GA","30303","6789849610","null","569947","Apparel & Garments","GOLDENSTELLA.COM^^GRANDTECHNICA.COM","0","0"
"INTERNATIONAL AUTO PROCESSING","9122648131","1 JOE FRANK HARRIS BLVD","BRUNSWICK","43400000","JIM SHOWALTER","President","M","214583","I","International Auto Processing","tyoung@goiap.com","1 Joe Frank Harris Blvd","Brunswick","GA","31523","9122644916","9122648131","509905","Importers","NULL","0","0"
"El Maizal Tortilleria Inc","7704271570","1092 Marietta Industrial Dr","Marietta","27600000","Jose Reyes","President","Mal","215401","E","El Maizal Tortilleria Inc","jreyes@elmaizal.com","1092 Marietta Industrial Dr","Marietta","GA","30062","7704242931","7704271570","209903","Food Products & Manufacturers","NULL","0","0"
"NEWELL RECYCLING OF ATLANTA","4046695005","1359 CENTRAL AVE # A","ATLANTA","43500000","CHIP SHIRLEY","Owner","M","216904","N","Newell Recycling Of Atlanta","Shirley@newellrecycling.com","1359 Central Ave","East Point","GA","30344","4047661123","4046695005","509314","Scrap Metals-Processing/Recycling (Whol)","NULL","0","0"
"EVERGREEN EAGLE","4049680921","4254 TRADEPORT DR","ATLANTA","25500000","SHAWN HANSEN","Manager","M","217421","E","Evergreen Eagle","info-or@evergreenhelicopters.com","4254 Tradeport Dr","Atlanta","GA","30354","4023410234","4049680921","451201","Airline Companies","www.evergreenaviation.com","0","0"
"R A Siegel Co","4043551880","1175 Chattahoochee Ave NW","Atlanta","47200000","Charles Siegel","Owner","Mal","219980","R","R A Siegel Co","Charless@rasiegel.com","1175 Chattahoochee Ave NW","Atlanta","GA","30318","4043552982","4043551880","509905","Importers","NULL","0","0"
"FRANK W CAWOOD & ASSOC INC","7704865637","103 CLOVER GRN","PEACHTREE CTY","37500000","FRANK W CAWOOD","President","M","221179","F","Frank W Cawood & Assoc Inc","carol_stevens@fca.com","103 Clover Grn","Peachtree City","GA","30269","7706314357","7704876307","596102","Mail Order & Catalog Shopping","www.fca.com","0","0"
"MOCK PLUMBING & MECHANICAL","9122321104","67 ROSS RD","SAVANNAH","26300000","WILLIAM H MOCK JR","Owner","M","223418","M","Mock Plumbing & Mechanical","mocksavannah@mocksavannah.com","67 Ross Rd","Savannah","GA","31405","9122326284","9122321104","171114","Mechanical Contractors","www.mocksavannah.com","0","0"
"Mc Kenney's Inc","4046225000","1056 Moreland Ind Blvd SE","Atlanta","43800000","David Mckenney","CEO","Mal","223624","M","Mc Kenney's Inc","jneeley@mckenneys.com","1056 Moreland Ind Blvd SE","Atlanta","GA","30316","4046248740","4046225000","171114","Mechanical Contractors","NULL","0","0"
"Planters Electric Membership","4789824722","1740 Highway 25","Millen","28952000","Matt Brinson","Manager","Mal","226310","P","Planters Electric Membership","roundup@plantersemc.com","1740 Highway 25","Millen","GA","30442","4789824798","4789824722","491101","Electric Companies","www.plantersemc.com","0","0"
"Onity","7704474105","2100 Nancy Hanks Dr","Norcross","41520000","Robert Aquilino","President","Mal","229504","O","Onity","RobertAquilino@onity.com","2100 Nancy Hanks Dr","Norcross","GA","30071","7704486694","7704474105","508725","Motel & Hotel Equipment & Supls (Whol)","NULL","0","0"
"ABERDEEN WOODS CONF CTR","7704872666","201 ABERDEEN PKWY","PEACHTREE CTY","45000000","MICHAEL NELSON","Manager","M","234241","A","Aberdeen Woods Conference Ctr","catering@awcc.com","201 Aberdeen Pkwy","Peachtree City","GA","30269","7704872666","7704872666","738939","Conference Centers","www.awcc.com","0","0"
"Warranty Corp Of America","7704169222","3120 Crossing Park","Norcross","33500000","Glenn Hammer","President","Mal","236729","W","Warranty Corp Of America","GlennH@waca.com","3120 Crossing Park","Norcross","GA","30071","7704419101","7704169222","899999","Services Nec","NULL","0","0"
"E R SNELL CONTRACTOR INC","7709850600","PO BOX 306","SNELLVILLE","44500000","ROBIN SNELL","Chief Executive Office","M","237474","E","E R Snell Contractor Inc","rsnell@ersnell.com","PO Box 306","Snellville","GA","30078","7709852998","7709850600","161102","Road Building Contractors","NULL","0","0"
"Amicalola Electric Membership","7062535200","544 Highway 515 S","Jasper","25300000","Robert Payne","President","Mal","238275","A","Amicalola Electric Membership","heatherf@amicalolaemc.com","544 Highway 515 S","Jasper","GA","30143","7062535251","7062535200","491101","Electric Companies","www.amicalolaemc.com","0","0"
"Paccar Parts Div","7709616060","6853 Southlake Pkwy","Morrow","26880000","Keith Rowe","Manager","Mal","239264","P","Paccar Parts Div","internetproducer@paccar.com","6853 Southlake Pkwy","Morrow","GA","30260","3607575370","7709616060","501313","Automobile Parts & Supplies-Wholesale","www.paccar.com","0","0"
"MANNINGTON COMMERCIAL INC","7066297305","1844 US 41 HWY SE","CALHOUN","42000000","RICHARD BIERIE","President","M","239441","M","Mannington Commercial Inc","betsy_amoroso@mannington.com","1844 Us 41 Hwy SE","Calhoun","GA","30701","7066292365","7066297301","227303","Carpet & Rug-Manufacturers","www.mannington.com","0","0"
"Manugistics","6785565000","2839 Paces Ferry Rd SE","Atlanta","34595000","Jenna Drake","Manager","Fem","239564","M","Manugistics","mkinny@manu.com","2839 Paces Ferry Rd SE","Atlanta","GA","30339","8188801424","6785565000","596104","E-Commerce","www.westdata.com","0","0"
"Valiant Steel & Equipment Inc","7704913330","6455 Old Peachtree Rd","Norcross","25128000","Jim Licata","Owner","Mal","240080","V","Valiant Steel & Equipment Inc","jim@valiantsteel.com","6455 Old Peachtree Rd","Norcross","GA","30071","7704171669","7704913330","505107","Pipe-Wholesale","NULL","0","0"
"MSC Industrial Supply Co","7707328650","6700 Discovery Blvd","Mableton","46350000","Mitchell Jacobsen","CEO","Mal","241797","M","MSC Industrial Supply Co","jljoinsmsc@mscdirect.com","6700 Discovery Blvd","Mableton","GA","30126","5167426777","7707328650","731908","Distribution Services","www.mscdirect.com","0","0"
"X L Adhesives","7066250025","237 Nance Rd NE","Calhoun","28470000","Tom Coffey","Owner","Mal","241925","X","X L Adhesives","T_Coffey@xlbrands.com","237 Nance Rd NE","Calhoun","GA","30701","7066250529","7066250025","289198","Adhesives & Sealants (Manufacturers)","NULL","0","0"
"GRIPTEX INDUSTRIES INC","7703864404","63 INDUSTRIAL DR","CARTERSVILLE","37300000","CHARLES PORCH","Manager","M","242836","G","Griptex Industries Inc","info4@griptex.com","63 Industrial Dr","Cartersville","GA","30120","7703862793","7703864747","502307","Carpet & Rug-Distributors","www.griptex.com","0","0"
"Besco Steel Supply","7707298200","3035 Jones Mill Rd","Atlanta","31410000","Tim Simpson","President","Mal","243623","B","Besco Steel Supply","Tim-Simpson@bescosteel.com","3035 Jones Mill Rd","Atlanta","GA","30360","7707298132","7707298200","505106","Steel-Distributors & Warehouses","NULL","0","0"
"Synovus Employment Svc","7066492605","1000 5th Ave","Columbus","28000000","Audrey Hollingsworth","President","Fem","245341","S","Synovus Employment Svc","maxbrabson@synovus.com","1000 5th Ave","Columbus","GA","31901","7066495797","7066492605","736105","Executive Search Consultants","NULL","0","2"
"SCM GROUP USA INC","7708138818","2475 SATELLITE BLVD","DULUTH","31300000","GIORDANO CHECCI","Chief Executive Office","M","249108","S","Scm Group USA Inc","gchecci@scmgroup-usa.com","2475 Satellite Blvd","Duluth","GA","30096","7708138819","7708138818","175106","Woodworkers","NULL","0","2"
"Alta Telecom","7706620540","4830 River Green Pkwy","Duluth","25000000","Ron Newitt","President","Mal","249385","A","Alta Telecom","NewittR@altatelecom.com","PO Box 100042","Duluth","GA","30096","7703257204","7706620540","173107","Telecommunications Contractors","NULL","0","0"
"FAYETTE COUNTY REAL ESTATE","7706321112","1200 COMMERCE DR STE 110","PEACHTREE CTY","25200000","MALINDA SHELLEY","Manager","F","249841","V","Visual Internet Productions","wandas@kw.com","1200 Commerce Drive; Suite 110","Peachtree City","GA","30269","7706321112","null","7359","Audio-Visual equipment","null","0","0"
"MALLORY & EVANS","4042971000","646 KENTUCKY ST BLDG A","SCOTTDALE","26300000","STEPHEN C PLANE","President","M","251532","T","Texas Sign And Graphics","ghazelwood@malloryandevans.com","4695 N Church Ln SE  Apt 12201","SCOTTDALE","GA","30079","4042971000","4042971065","733610","Slides Computer Graphics Etc","MALLORYANDEVANS.COM^^MALLORYANDEVANSSERVICE.COM^^MALLORYEVANSSERVICE.COM","0","0"
"Bobs Candies Inc","2294308300","1315 W Oakridge Dr","Albany","30700000","John Leonard","CEO","Mal","252060","B","Bobs Candies Inc","comments@farleysandsathers.com","1315 W Oakridge Dr","Albany","GA","31707","2294308331","2294308300","206401","Candy & Confectionery-Manufacturers","www.bobscandies.com","0","0"
"COMMUNITY COUNSELING CTR","7708897789","425 TRIBBLE GAP RD","CUMMING","36100000","ALAINE GLOVER","Manager","F","253226","C","Community Counseling Ctr","tschwent@cccntr.com","425 Tribble Gap Rd","Cumming","GA","30040","7708863318","7708897789","832204","Counselors-Licensed Professional","NULL","0","1"
"Reynolds & Reynolds Co","7708063300","3575 Koger Blvd # 400","Duluth","34200000","Beverly Kerr","Manager","Fem","253684","R","Reynolds & Reynolds Co","certified_interface@reyrey.com","3575 Koger Blvd # 400","Duluth","GA","30096","7708063200","7708063300","511207","Business Forms & Systems (Wholesale)","www.reyrey.com","0","0"
"Parker Young Construction Inc","7703681000","6815 Crescent Dr","Norcross","28320000","Paul Young","Owner","Mal","253785","P","Parker Young Construction Inc","atwiggs@parkeryoung.com","6815 Crescent Dr","Norcross","GA","30071","7702423879","7703681000","152114","Fire Damage Restoration","www.parkeryoung.com","0","0"
"Hershey Chocolate & CONFECTNRY","7704194622","7060 Battle Dr NW","Kennesaw","46200000","Troy Smelson","Manager","Mal","253793","H","Hershey Chocolate & CONFECTNRY","larry.beard@atlantabonded.com","7060 Battle Dr NW","Kennesaw","GA","30152","7704198041","7704194622","206401","Candy & Confectionery-Manufacturers","www.atlantabonded.com","0","0"
"CH2M Hill","7706049095","115 Perimeter Center Pl NE","Atlanta","47400000","Gerri Dickerson","Plant Mgr","Fem","254082","C","CH2M Hill","sean.flynn@shj.com","115 Perimeter Center Pl NE","Atlanta","GA","30346","2083455315","7706049095","871120","Engineers-Environmental","www.ch2m.com","0","0"
"Heely-Brown Co","4043520022","1280 Chattahoochee Ave NW","Atlanta","33200000","Bill Brown","Owner","Mal","255314","H","Heely-Brown Co","graham@heelybrown.com","1280 Chattahoochee Ave NW","Atlanta","GA","30318","8659714276","4043520022","521114","Roofing Materials","www.heelybrown.com","0","0"
"Toshiba Business Solutions","7704462009","5755 Goshen Springs Rd # A","Norcross","28971000","Brian Mould","President","Mal","256982","T","Toshiba Business Solutions","Brian@omnibusiness.com","5755 Goshen Springs Rd # A","Norcross","GA","30071","7704462583","7704462009","504403","Copying & Duplicating Machines & Supls","NULL","0","0"
"Sure Heat Manufacturing Co","7704228008","3130 Moon Station Rd NW","Kennesaw","32000000","Michael R Mulberry Sr","CEO","Mal","258366","S","Sure Heat Manufacturing Co","MICMulberry@sureheat.com","3130 Moon Station Rd NW","Kennesaw","GA","30144","7706938076","7704228008","342911","Fireplace Equipment-Manufacturers","NULL","0","0"
"Kastle Keepers Security System","4043554962","1444 Woodmont Ln NW","Atlanta","32900000","Ron Mc Daniel","Owner","Mal","259837","K","Kastle Keepers Security System","rMcDaniel@kastlekeepers.com","1444 Woodmont Ln NW","Atlanta","GA","30318","4043551220","4043554962","506324","Burglar Alarm Systems (Wholesale)","NULL","0","0"
"Kliklok-Woodman Pkgng Sol","7709815200","5224 Snapfinger Woods Dr","Decatur","45000000","Peter Black","CEO","Mal","261391","K","Kliklok-Woodman Pkgng Sol","com@matph.com","5224 Snapfinger Woods Dr","Decatur","GA","30035","7709877160","7709815200","356502","Packaging Machinery-Manufacturers","www.kliklok-woodman.com","0","0"
"Paper Stock Dealers Inc","9122324413","1926 W Gwinnett St","Savannah","45330000","John Deloach","Plant Mgr","Mal","261599","P","Paper Stock Dealers Inc","corporate.communications@sonoco.com","1926 W Gwinnett St","Savannah","GA","31415","6206627442","9122324413","511101","Paper Products (Wholesale)","www.sonoco.com","0","0"
"GRAHAM BROTHERS CONSTRUCTION","4782727591","PO BOX 13099","EAST DUBLIN","27900000","CLAUDE GRAHAM","Chief Executive Office","M","261653","G","Graham Brothers Construction","Claude.Graham@grahamcompanies.us","PO Box 13099","Dublin","GA","31027","4782754289","4782727591","161103","Grading Contractors","NULL","0","0"
"Mac Foods","4045058800","101 Great Southwest Pkwy SW","Atlanta","32580000","T J Cambias","Owner","Mal","261763","M","Mac Foods","don@masseyfair.com","101 Great Southwest Pkwy SW","Atlanta","GA","30336","4045053800","4045058800","207998","Shortening Tbl Oils Margarine Etc (Mfr)","www.masseyfair.com","0","0"
"CAPITAL CADILLAC CO","7709522277","2210 COBB PKWY SE","SMYRNA","46500000","BILLY BRIDGES","Owner","M","263022","X","XtremeHeatVBC Boys Volleyball Club","tonya.mcnabb@capitalcadillac.com","2210 Cobb Parkway SE","Smyrna","GA","30080","7709522277","7709523892","799798","Membership Sports & Recreation Clubs","capitalcadillac.com","0","0"
"FORMETCO INC","7702774077","4533 MULBERRY FIELDS LN","AUBURN","45000000","MATT XANDER","President","M","263096","F","Formetco Inc","tommyw@formetco.com","4533 Mulberry Fields Ln","Auburn","GA","30011","7702774077","7702774077","999977","Nonclassified Establishments","www.formetco.com","0","0"
"HARRY'S FARMERS MARKET","7706646300","1180 UPPER HEMBREE RD","ROSWELL","35600000","SCOTT ALLHOUSE","President","M","266132","H","Harry's Farmers Market","J-Mackey@gemproductions.com","1180 Upper Hembree Rd","Roswell","GA","30076","NULL","7706646300","541105","Grocers","NULL","0","0"
"TBA ENTERTAINMENT CORP","7706634240","1225 NORTHMEADOW PKWY","ROSWELL","29000000","CHARLIE BRUSCO","Manager","M","266476","E","EngiCom","shorrocks@tbaent.com","1225 Northmeadow Pkwy Suite 100","ROSWELL","GA","30076","7706634240","null","792217","Entertainment Producers","FLAIRROCKS.COM","0","0"
"Electronic Page Solutions","7705229866","1 Ravinia Dr # 500","Atlanta","28320000","Pete Kenning","President","Mal","267258","E","Electronic Page Solutions","PKenning@epagesolutions.com","1 Ravinia Dr # 500","Atlanta","GA","30346","7704571024","7705229866","509901","Exporters","NULL","0","0"
"Visiting Nurses","7708400609","6610 Bay Colony Dr NW # A","Norcross","49200000","Mark Osnossa","President","Mal","268110","V","Visiting Nurses","jwhite@vnakc.com","6610 Bay Colony Dr NW # A","Norcross","GA","30092","7709361052","7708400609","804908","Nurses & Nurses' Registries","NULL","0","0"
"Univar USA","7702467700","2145 Skyland Ct","Norcross","47500000","Chuck Miguel","Plant Mgr","Mal","268596","U","Univar USA","corporate.accounts@univarusa.com","2145 Skyland Ct","Norcross","GA","30071","5594867206","7702467700","516916","Chemicals (Wholesale)","www.univarusa.com","0","0"
"Jc Nationwide","7705221890","1150 Hammond Dr NE # A1200","Atlanta","45000000","William Goldstien","CEO","Mal","269451","J","Jc Nationwide","wickstrom@jacksonhealthcare.com","1150 Hammond Dr NE # A1200","Atlanta","GA","30328","9194937763","7705221890","736105","Executive Search Consultants","www.jcnationwide.com","0","2"
"FLO-PAK","7068862101","2191 AYERSVILLE RD","TOCCOA","27200000","AL HUBER","President","M","270588","P","Patterson Pump Co","wwsales@pattersonpumps.com","9201 Ayersville Rd","Toccoa","GA","30577","7068862101","7068860023","356101","Pumps-Manufacturers","www.pattersonpumps.com","0","0"
"SPECIALIZED STRUCTURES INC","9123847565","1299 THOMPSON DR","DOUGLAS","31900000","THAD CARTER","Chief Executive Office","M","272117","S","Specialized Structures Inc","johnnie.batten@csiberkeley.com","1299 Thompson Dr","Douglas","GA","31535","9123844943","9123847565","527104","Mobile Offices & Commercial Units","NULL","0","0"
"Clayton Homes","9122836400","3350 Industrial Blvd","Waycross","36860000","Gary Taylor","Plant Mgr","Mal","273928","C","Clayton Homes","scustsrv@vmf.com","3350 Industrial Blvd","Waycross","GA","31503","6154597749","9122836400","245101","Mobile Homes-Manufacturers","www.clayton.net","0","0"
"PEACH PAVING & ASPHALT","4788251236","50 LANE RD","FORT VALLEY","31800000","CONNIE HICKS","Chief Executive Office","F","273975","P","Peach Paving & Asphalt","danny.williams@lanepacking.com","PO Box 1087","Fort Valley","GA","31030","4788250015","4788251236","161101","Paving Contractors","NULL","0","1"
"HONEYBAKED HAM","6782487992","5445 TRIANGLE PKWY STE 400","NORCROSS","48000000","LINDA VAN REESE","Manager","F","274225","H","Honeybaked Ham","VLinda@honeybakedham.com","5445 Triangle Pkwy # 400","Norcross","GA","30092","6789663136","6789663100","542107","Meat-Retail","NULL","0","0"
"Professional Sales Agents","7706742900","775 Goddard Ct","Alpharetta","28320000","Cary Williams","Owner","Mal","274450","P","Professional Sales Agents","todd.windahl@prosalesagents.com","775 Goddard Ct","Alpharetta","GA","30005","7706742907","7706742900","509908","Manufacturers-Agents & Representatives","www.prosalesagents.com","0","0"
"NAZDAR ATLANTA","7704760510","4260 PEACHTREE INDUSTRIAL BLVD","NORCROSS","27200000","MIKE MENARD","Manager","M","275748","N","NAZDAR Atlanta","accessadmin@nazdar.com","4260 Peachtree Industrial Blvd","Norcross","GA","30071","8566639467","7704760510","508449","Screen Printing Equipment & Supls (Whol)","www.nazdar.com","0","0"
"Lightnin Production Rental","7709631234","2555 University Pkwy","Lawrenceville","29100000","Gary Lewis","President","Mal","277315","L","Lightnin Production Rental","csiegle@visualjava.com","2555 University Pkwy","Lawrenceville","GA","30043","7703384158","7709631234","751303","Truck Renting & Leasing","www.lightnin.net","0","0"
"SMC Corp Of America","7706241940","1440 Lakes Pkwy # 600","Lawrenceville","28320000","Paul Spence","Manager","Mal","279074","S","SMC Corp Of America","rrios@smcusa.com","1440 Lakes Pkwy # 600","Lawrenceville","GA","30043","9254561084","7706241940","509908","Manufacturers-Agents & Representatives","www.smcusa.com","0","0"
"Mitsubishi Electronics America","7709626539","4505 Newpoint Pl # A","Lawrenceville","47200000","John Gabilondo","Manager","Mal","279350","M","Mitsubishi Electronics America","hvachelpdesk@hvac.mea.com","4505 Newpoint Pl # A","Lawrenceville","GA","30043","6783763540","7709626539","509901","Exporters","www.mrslim.com","0","0"
"Multi Media Svc","7704223748","161 Austin Ave NE","Marietta","25650000","Keith Taylor","Manager","Mal","279738","M","Multi Media Svc","keitht@mmsav.com","161 Austin Ave NE","Marietta","GA","30060","8646761946","7704223748","504301","Audio-Visual Equipment & Supls (Whol)","www.mmsav.com","0","0"
"GIW INDUSTRIES INC","7068631011","5000 WRIGHTSBORO RD","GROVETOWN","26400000","DENNIS ZIGLER","Chief Executive Office","M","280145","G","GIW Industries Inc","yourname@isp.com","5000 Wrightsboro Rd","Grovetown","GA","30813","3037791277","7068631011","332502","Foundries-Steel","www.wilfley.com","0","0"
"Crisp County Power Commission","2292733811","202 S 7th St","Cordele","38808000","Steve Rentfrow","President","Mal","281017","C","Crisp County Power Commission","bfitzgibbons@crispcountypower.com","202 S 7th St","Cordele","GA","31015","2292733824","2292733811","491101","Electric Companies","www.crispcountypower.com","0","0"
"ELBERTA CRATE & BOX CO","2292431268","606 DOTHAN RD","BAINBRIDGE","32500000","TOM SIMMONS","President","M","286657","E","Elberta Crate & Box Co","ronnie.fowler@elberta.net","606 Dothan Rd","Bainbridge","GA","39817","2292460387","2292462266","244904","Boxes-Wire Bound (Manufacturers)","www.elberta.net","0","0"
"TERMINAL INVESTMENT CORP","9122322124","746 WHEATON ST","SAVANNAH","30700000","RANDY BOOKER","Chief Executive Office","M","288348","T","Terminal Investment Corp","jjordan@ticotractors.com","746 Wheaton St","Savannah","GA","31401","9122329025","9122322124","751303","Truck Renting & Leasing","www.ticotractors.com","0","0"
"Profile Extrusion Co","7062347558","Anderson Rd","Rome","31800000","David Newby","President","Mal","288365","P","Profile Extrusion Co","profile@profile-extrusion.com","Anderson Rd","Rome","GA","30161","7062347649","7062347558","335498","Aluminum Extruded Products (Mfrs)","www.profile-extrusion.com","0","0"
"Weg Motors & Drives","7703385656","1327 Northbrook Pkwy","Suwanee","42770000","Walter Janssen","President","Mal","288782","W","Weg Motors & Drives","JanssenWalter@wegelectric.com","1327 Northbrook Pkwy","Suwanee","GA","30024","7703381632","7703385656","506331","Electric Motors-Distributors","NULL","0","0"
"Carroll Electric Membership","7708323552","155 N Highway 113","Carrollton","40300000","Ernest A Jakins Iii","CEO","Mal","289511","C","Carroll Electric Membership","ernest_jakins@emc.com","155 N Highway 113","Carrollton","GA","30117","7708320240","770-832-3552","491101","Electric Companies","NULL","0","0"
"Hank Aaron Toyota/Honda","7702282888","2425 N Expressway","Griffin","29115000","Jim Jerow","Manager","Mal","290193","H","Hank Aaron Toyota/Honda","cdailey@hankaarontoyota.com","2425 N Expressway","Griffin","GA","30223","7702281883","7702282888","551105","Truck-Dealers","www.hankaarontoyota.com","0","2"
"Petro Express","7065467676","3450 Jefferson Rd","Athens","33540000","Rusty David","Owner","Mal","290423","P","Petro Express","DavidR@petroexpress.com","3450 Jefferson Rd","Athens","GA","30607","7065461453","7065467676","517215","Oils-Petroleum (Wholesale)","NULL","0","0"
"Schering-Plough Pharmaceutical","7708312900","20 Crestridge Dr","Suwanee","29253000","Thom Hayes","Manager","Mal","290721","S","Schering-Plough Pharmaceutical","privacyoffice@spcorp.com","20 Crestridge Dr","Suwanee","GA","30024","7708312910","7708312900","512203","Pharmaceutical Products-Wholesale","www.scheringplough.com","0","0"
"IEA Inc","7703584120","302 Highway 341 N","Barnesville","44940000","Jerry Littiken","President","Mal","292503","I","IEA Inc","jcochran@iea-corp.com","302 Highway 341 N","Barnesville","GA","30204","7703584119","7703584120","371403","Automobile Radiator-Manufacturers","NULL","0","0"
"THIELE KAOLIN CO","4785523951","520 KAOLIN RD","SANDERSVILLE","36000000","SAMUEL J SMITH","Chief Executive Office","M","293336","T","Thiele Kaolin Co","kenneth.trussell@thielekaolin.com","PO Box 1056","Sandersville","GA","31082","4785524131","4785523951","145901","Clay","NULL","0","0"
"Kawasaki Construction Machnry","7702185884","60 Amlajack Blvd","Newnan","40000000","Steve Hanafusa","President","Mal","293862","K","Kawasaki Construction Machnry","Steve.Hanafusa@kawasakiloaders.com","60 Amlajack Blvd","Newnan","GA","30265","7702517004","7702185884","353198","Construction Machinery & Equip (Mfrs)","NULL","0","0"
"Symbol Technologies Inc","7708500115","1125 Sanctuary Pkwy # 200","Alpharetta","46060000","","","","294999","S","Symbol Technologies Inc","ed.tan@symbol.com","1125 Sanctuary Pkwy # 200","Alpharetta","GA","30004","9783924016","7708500115","506330","Electric Equipment & Supplies-Wholesale","www.symbol.com","0","0"
"Stewart Stainless","7708310341","3660 Swiftwater Park Dr","Suwanee","31410000","Fred Stewart","Owner","Mal","295405","S","Stewart Stainless","tstewart@stewartstainless.com","3660 Swiftwater Park Dr","Suwanee","GA","30024","7703819580","7708310341","505106","Steel-Distributors & Warehouses","www.stewartstainless.com","0","0"
"Paper Chemicals Inc","9122361373","101 Owens Industrial Dr","Savannah","40040000","","","","295434","P","Paper Chemicals Inc","michaelp@paperchemicalsupply.com","101 Owens Industrial Dr","Savannah","GA","31405","9122360682","9122361373","516916","Chemicals (Wholesale)","www.paperchemicalsupply.com","0","0"
"Monarch Computers","7709396787","5242 Royal Woods Pkwy # 160","Tucker","44850000","Richard Harris","Owner","Mal","295644","M","Monarch Computers","ksundermeyer@macromedia.com","5242 Royal Woods Pkwy # 160","Tucker","GA","30084","4018471361","7709396787","504503","Computers-Wholesale","www.newportmansions.org","0","0"
"Bass Pro Shops Outdoor World","6788475500","5900 Sugarloaf Pkwy # 129","Lawrenceville","44400000","Jim Marchman","Manager","Mal","295855","B","Bass Pro Shops Outdoor World","manager_baltimore_md@basspro.com","5900 Sugarloaf Pkwy # 129","Lawrenceville","GA","30043","7578252260","6788475500","594113","Sporting Goods-Retail","www.basspro.com","0","0"
"Arch Wood Protection","4043623970","3941 Bonsal Rd","Conley","36600000","Ken Cogan","Plant Mgr","Mal","296326","A","Arch Wood Protection","cddevenzio@archchemicals.com","3941 Bonsal Rd","Conley","GA","30288","4043638585","4043623970","289905","Chemicals-Manufacturers","www.archchemicals.com","0","0"
"STEPHEN GOULD CORP","7709211111","2940 OLD NORCROSS RD","DULUTH","35000000","ROBERT SHERMAN","Manager","M","297098","S","Stephen Gould Corp","tf.sales@stephengould.com","2940 Old Norcross Rd","Duluth","GA","30096","9195473709","7709211111","511308","Packaging Materials-Wholesale","www.stephengould.com","0","0"
"Wilkes Watchman","7066784357","107 E Liberty St","Washington","49350000","George Dyson","Owner","Mal","298182","W","Wilkes Watchman","DysonGeorge@wilkestelelectco.com","107 E Liberty St","Washington","GA","30673","7066781000","7066784357","506304","Security Control Equip & Systems-Whol","NULL","0","0"
"Bus Group Inc","4047614077","2541 Camp Creek Pkwy","College Park","37000000","Doug Dunn","President","Mal","298500","B","Bus Group Inc","bcornman@premierbusparts.com","2541 Camp Creek Pkwy","College Park","GA","30337","4047652160","4047614077","501209","Buses-New & Used (Wholesale)","www.busgroup.com","0","0"
"SCOVILL FASTENERS INC","7067544181","1802 SCOVILL DR","CLARKESVILLE","34100000","STUART LITTLE","Chief Executive Office","M","299074","S","Scovill Fasteners Inc","arumack@scovill.com","1802 Scovill Dr","Clarkesville","GA","30523","7067542826","7067541000","342998","Hardware Nec (Manufacturers)","www.scovill.com","0","0"
"Optima Electronic Packging Sys","7704964000","2166 Mountain Industrial Blvd","Tucker","25950000","Joe O'Connor","President","Mal","299763","O","Optima Electronic Packging Sys","Joe.O'Connor@optimaeps.com","2166 Mountain Industrial Blvd","Tucker","GA","30084","7704964143","7704964000","346904","Metal Stamping (Manufacturers)","NULL","0","0"
"Nth Degree","4042965282","1492 Kelton Dr","Stone Mountain","31500000","John Yohe","CEO","Mal","301154","N","Nth Degree","gspear@nthdegree.com","1492 Kelton Dr","Stone Mountain","GA","30083","5167889884","4042965282","874213","Marketing Programs & Services","www.nthdegree.com","0","0"
"UCB PHARMA","7704320062","1950 LAKE PARK DR SE","SMYRNA","28400000","NADINE CRAIG","Vice-President","F","301186","U","UCB Pharma","contactbusinessdevelopment@ucb-group.com","1950 Lake Park Dr SE","Smyrna","GA","30080","7708013270","7704320062","283404","Drug Millers","www.ucb-group.com","0","0"
"HARTWELL CLASSIC APPAREL","7068564900","97 WINFIELD CIR","HARTWELL","32000000","JAY GULLY","Chief Executive Office","M","301383","H","Hartwell Classic Apparel","Gully@hartwell.com","97 Winfield Cir","Hartwell","GA","30643","7063762951","7068564900","233902","Sportswear-Womens-Manufacturers","NULL","0","0"
