mail id,company,email,address,phone,fax,sic,sic description,web,,revenue id,company,address,city,state,zip,	metro,web,phone,fax,contact,position,gender,sales,# of employee,sic,sic_descrpiton,	,,
"117661","J M Fry Co","sales.richmond@jmfryinks.com","4329 Eubank Rd","8042224994","8042368100","289301","Inks-Printing & Lithographing (Mfrs)","www.jmfryinks.com"," Email <---> Revenue ","494329","J M Fry Co","4329 Eubank Rd","Richmond","VA","23231","Henrico","www.jmfryinks.com","8042368100","8042224994","Jim Hodges","President","Mal","39330000","95","289301","Inks-Printin","5","0","1"
"235083","Creative Urethanes","solutions@charlotteswebstudios.com","310 N 21st St","5403385229","5403387139","282201","Rubber-Synthetic (Manufacturers)","www.creativeurethanes.com"," Email <---> Revenue ","374670","Creative Urethanes","310 N 21st St","Purcellville","VA","20132","Loudoun","www.creativeurethanes.com","5403387139","5403385229","Richard Heitfield","President","Mal","29745000","45","282201","Rubber-Synth","5","0","1"
"275406","Salem Health & Rehab Ctr","ernie@eglee.net","1945 Roanoke Blvd","5409821783","5403453894","805101","Nursing & Convalescent Homes","www.msa.net"," Email <---> Revenue ","657222","Salem Health & Rehab Ctr","1945 Roanoke Blvd","Salem","VA","24153","Salem City","www.msa.net","5403453894","5409821783","George Repa","Administrator","Mal","10290000","210","805101","Nursing & Co","4","0","1"
"220996","APS Inc","accouting@aps4u.com","4870 Haygood Rd # 101","7574903766","7574995922","738102","Security Guard & Patrol Service","www.aps4u.com"," Email <---> Revenue ","261592","APS Inc","4870 Haygood Rd # 101","Virginia Beach","VA","23455","Virginia Beach","www.aps4u.com","7574995922","7574903766","Wade Mc Clenny","President","Mal","10150000","350","738102","Security Gua","4","0","1"
"228464","Holtzman Oil","hoc@holtzmancorp.com","191 S Court Street","5406528185","5407436342","131103","Oil Companies","null"," Email <---> Revenue ","542177","M R Sulhvan Oil Co","710 4th St","Luray","VA","22835","Page","","5406528185","","","","","16770000","5","517206","Oils-Fuel (W","4","0","1"
"224031","Medical Automation Systems Inc","svalorz@rals.com","2000 Holiday Dr # 500","4349512995","4349717953","274121","Publishers-Computer Software","www.rals.com"," Email <---> Revenue ","558079","Medical Automation Systems Inc","2000 Holiday Dr # 500","Charlottesville","VA","22901","Albemarle","www.rals.com","4349717953","4349512995","Greg Menke","President","Mal","21920000","80","274121","Publishers-C","4","0","1"
"86","Cardinal Homes Inc","cardinal@cardinalhomes.com","525 Barnesville Hwy","4347358824","4347358111","245202","Buildings-Pre-Cut Prefab & Modlr-Mfrs","www.cardinalhomes.com"," Email <---> Revenue ","41994","CARDINAL HOMES INC","525 BARNESVILLE HWY","WYLLIESBURG","VA","23976","Charlotte","","4347358111","4347358824","SUEANNE ROBERTS","President","F","15400000","175","245200","Prefab Wood ","4","0","1"
"265884","Federal Resources Corp","sjacobs@fedresources.com","10875 Main St # 211","7039348179","7039348176","179977","Contractors","www.fedresources.com"," Email <---> Revenue ","87121","FEDERAL RESOURCES CORP","10875 MAIN ST STE 211","FAIRFAX","VA","22030","Fairfax city","","7039348176","7039348179","GEORGE JACOBS","Manager","M","11300000","45","874203","Mrkting Cons","4","0","1"
"288199","Richmond International Airport","tbell@flyrichmond.com","1 Richard E Byrd Terminal #200","8046522610","8042263000","458106","Airports","www.flyrichmond.com"," Email <---> Revenue ","641591","Richmond International Airport","1 Richard E Byrd Terminal #200","Richmond","VA","23250","Richmond City","www.flyrichmond.com","8042263000","8046522610","John Mathiasen","President","Mal","16160000","160","458106","Airports","4","0","1"
"163224","Martinair Inc","charter@flymartinair.com","5733 Huntsman Rd","8042260922","8042227401","735939","Aircraft Charter Rental & Leasing Svc","www.flymartinair.com"," Email <---> Revenue ","145278","MARTINAIR INC","5733 HUNTSMAN RD","RICHMOND","VA","23250","Henrico","","8042227401","8042260922","ALEC KEMPE","President","M","18700000","220","735904","Aircraft Ren","4","0","1"
"294656","Hutchinson Sealing Systems Inc","soke@siol.net","1150 S 3rd St","2762284455","2762286150","305302","Gaskets-Manufacturers","www.hutchinsonrubber.com"," Email <---> Revenue ","115059","HUTCHINSON SEALING SYSTEMS INC","1150 S 3RD ST","WYTHEVILLE","VA","24382","Wythe","","2762286150","2769918467","BILL PICKERING","Vice-President","M","20400000","275","305300","Gaskets,Pkg,","4","0","1"
