mail id,company,email,address,phone,fax,sic,sic description,web,,revenue id,company,address,city,state,zip,	metro,web,phone,fax,contact,position,gender,sales,# of employee,sic,sic_descrpiton,	,,
"157555","Henrico Area Mental Health Svc","cwhittington@cl-nc.com","10299 Woodman Rd","8042618480","8042618515","806301","Mental Health Services","www.co.henrico.va.us"," Email <---> Revenue ","471938","Henrico Area Mental Health Svc","10299 Woodman Rd","Glen Allen","VA","23060","Henrico","www.co.henrico.va.us","8042618515","8042618480","Mike O'Connor","Manager","Mal","16200000","200","806301","Mental Healt","4","0","1"
"224639","Home Instead Senior Care","dkirchner@homeinstead.com","158 Front Royal Pike","5702087952","5407228750","836101","Senior Citizens Service Organizations","www.homeinstead.com"," Email <---> Revenue ","112459","HOME INSTEAD SENIOR CARE","174 GARBER LN STE 3","WINCHESTER","VA","22602","Frederick","","5407228750","5407228752","ROBERT HUGHES","Owner","M","12600000","19178","836104","Geriatric Re","4","0","1"
"248404","Adult Companion Care Inc","jl@adultcompanioncare.com","1055 N Fairfax St # 202","7035198627","7035497894","808201","Home Health Service","www.adultcompanioncare.com"," Email <---> Revenue ","6422","ADULT COMPANION CARE INC","1055 N FAIRFAX ST STE 202","ALEXANDRIA","VA","22314","Alexandria city","","7035497894","7035198627","JIM LINDSAY","Owner","M","14300000","150","808200","Home Health ","4","0","1"
"199537","Woodbine Rehab/Healthcare Ctr","woodbine2@woodbinerehab.com","2729 King St","7038362965","7038368838","805903","Adult Care Facilities","www.woodbinerehab.com"," Email <---> Revenue ","755988","Woodbine Rehab/Healthcare Ctr","2729 King St","Alexandria","VA","22302","Alexandria Cty","www.woodbinerehab.com","7038368838","7038362965","Richard Heimendinger","Manager","Mal","19600000","400","805903","Adult Care F","4","0","1"
"152790","Tech Law Inc","kbills@techlawinc.com","14500 Avion Pkwy # 300","4152818735","7038181000","873111","Environmental & Ecological Services","www.techlawinc.com"," Email <---> Revenue ","702444","Tech Law Inc","14500 Avion Pkwy # 300","Chantilly","VA","20151","Fairfax","www.techlawinc.com","7038181000","7038188813","Norman Shutler","Owner","Mal","22200000","70","873111","Environmenta","4","0","1"
"277742","Turnkey Promotions","aaron@turnkeywow.com","9220 Brook Rd","8045451010","8045451000","519917","Advertising-Specialties (Wholesale)","www.turnkeywow.com"," Email <---> Revenue ","718528","Turnkey Promotions","9220 Brook Rd","Glen Allen","VA","23060","Henrico","www.turnkeywow.com","8045451000","8045451010","Katrina Vanhuss","Owner","Fem","10770000","15","519917","Advertising-","4","0","1"
"162958","INTEGRAM","agreene@integram.com","8421 Hilltop Rd","7038491700","null","152106","Designers","RENEWVERISIGN.COM"," Email <---> Revenue ","117661","INTEGRAM","8421 HILLTOP RD","FAIRFAX","VA","22031","Fairfax city","","7038491700","7038490056","ARPAD KOVACSY","Owner","M","14400000","80","733100","Direct Mail ","4","0","1"
"289759","Highway Motors Inc","ahalterman@highwaymotors.biz","3185 N Valley Pike","5404340411","5404346716","551105","Truck-Dealers","www.highwaymotorsinc.com"," Email <---> Revenue ","110781","HIGHWAY MOTORS INC","3185 N VALLEY PIKE","HARRISONBURG","VA","22802","Rockingham","","5404346716","5404340411","GRANT BODKIN","Vice-President","M","16200000","40","551101","Truck Dealer","4","0","1"
"267745","Scott Equipment Co","bbricesr@staffordequipment.com","39 Gibson Ln","5409922548","5409924026","508206","Contractors-Equip/Supls-Dlrs/Svc (Whol)","www.scott-gallaher.com"," Email <---> Revenue ","661731","Scott Equipment Co","39 Gibson Ln","Cloverdale","VA","24077","Botetourt","www.scott-gallaher.com","5409924026","5409922548","Ron Scott Sr","CEO","Mal","12654000","19","508206","Contractors-","4","0","1"
"110769","VSL","bgallagher@structural.net","8006 Haute Ct","8475511015","7034514300","505119","Concrete Reinforcements (Wholesale)","www.structural.net"," Email <---> Revenue ","241033","VSL","8006 HAUTE CT","SPRINGFIELD","VA","22150","Fairfax","","7034514300","7034510862","CLYDE ELLIS","Manager","M","12400000","55","349600","Misc Fab Wir","4","0","1"
"173933","Electronic Sound & Equipment","bhurley@electronicsound-nc.com","203 Production Dr","7575953154","7576273455","506507","Sound Systems & Equipment (Wholesale)","www.electronicsound-nc.com"," Email <---> Revenue ","411282","Electronic Sound & Equipment","203 Production Dr","Yorktown","VA","23693","York","www.electronicsound-nc.com","7576273455","7575953154","Bing Aycock","Owner","Mal","20200000","20","506507","Sound System","4","0","1"
"111464","B J Motor Company","bjmotors@bjmotorcompany.com","717 East Morgan Ave","2765461316","2765465812","559999","Ret Misc Vehicles Repair Services Plumbing/heating/air","bjmotors@naxs.net"," Email <---> Revenue ","73547","DOTSON PONTIAC BUICK GMC INC","717 E MORGAN AVE","PENNINGTN GAP","VA","24277","Lee","","2765461316","","GARY DOTSON","Manager","M","10100000","25","551100","New & Used C","4","0","1"
"244419","Better Living Components Inc","bmail@btrlvg.com","2553 Proffit Rd","4349787146","4349781666","243901","Trusses (Manufacturers)","www.btrlvg.com"," Email <---> Revenue ","309646","Better Living Components Inc","2553 Proffit Rd","Charlottesville","VA","22911","Albemarle","www.btrlvg.com","4349781666","4349787146","Jim Smith","VP","Mal","10500000","60","243901","Trusses (Man","4","0","1"
"230231","Adam wing","bwhitney@americanbackground.com","629 Cedar Creek Grade Suite C","5406658056","5406678461","8999","Services NEC","AMERICANBACKGROUND.BIZ^^AMERICANBACKGROUND.COM^^AMSEC-SOLUTIONS.COM^^AMSECINTERNATIONAL.BIZ^^AMSECIN"," Email <---> Revenue ","278109","American Background","629 Cedar Creek Grade # C","Winchester","VA","22601","Winchester","www.americanbackground.com","5406658056","5406678461","Chris Andrews","Owner","Mal","16875000","75","874861","Employment S","4","0","1"
"142631","Twin Oaks Community","chiggins@louisa.net","138 Twin Oaks Rd","5408944112","5408944112","549901","Health & Diet Foods-Retail","www.twinoaks.org"," Email <---> Revenue ","230256","TWIN OAKS COMMUNITY","138 TWIN OAKS RD","LOUISA","VA","23093","Louisa","","5408944112","5408944112","","Unknown","","12300000","70","549901","Health & Die","4","0","1"
"229224","Atkinson Truck Sales Inc","chrisa@atkinsontrucksales.com","11541 Us Highway 29","4344329774","4344329770","501213","Truck Bodies & Equipment (Wholesale)","www.atkinsontrucksales.com"," Email <---> Revenue ","19847","ATKINSON TRUCK SALES INC","11541 US HIGHWAY 29","CHATHAM","VA","24531","Pittsylvania","","4344329770","4344329774","J R ATKINSON","Owner","M","11700000","50","371300","Truck & Bus ","4","0","1"
"85368","Northside Electric Co","chuck@northsideelectric.net","2150 Magnolia St","8047839641","8046442961","173101","Electric Contractors","www.northsideelectric.net"," Email <---> Revenue ","588763","Northside Electric Co","2150 Magnolia St","Richmond","VA","23223","Richmond City","www.northsideelectric.net","8046442961","8047839641","J B Guedri Iii","President","Mal","13464000","102","173101","Electric Con","4","2","1"
"287221","Magruder's Grocery","company.information@magruders.com","2800 Graham Rd","7039381560","7039384700","541105","Grocers","www.magruders.com"," Email <---> Revenue ","544897","Magruder's Grocery","180 Maple Ave W","Vienna","VA","22180","Fairfax","www.magruders.com","7039384700","7039381560","Wally Mc Clanahan","Manager","Mal","18200000","100","541105","Grocers-Reta","4","0","1"
"242342","Cox Radio","craig.hahn@cxri.net","812 Moorefield Park Dr # 300","2038453097","8043305700","731301","Radio Station Representatives","www.thefoxonline.com"," Email <---> Revenue ","372925","Cox Radio","812 Moorefield Park Dr # 300","Richmond","VA","23236","Chesterfield","www.coxradio.com","8043305700","8043304079","Steve Mc Call","Manager","Mal","24450000","150","731301","Radio Statio","4","0","1"
"48082","Thurkelle/Consulting LLC","cusmina_tom@aepco.com","2517 Ferry Road Suite 200","7574908500","7574907175","8999","Services NEC","ABOATINGWORLD.COM"," Email <---> Revenue ","260959","AEPCO Inc","2465 Ferry Rd # 200","Virginia Beach","VA","23455","Virginia Beach","www.aepco.com","7574908500","7574907175","John Adams","Manager","Mal","10650000","75","373101","Ship Builder","4","0","1"
"107522","ServiceSource","dave@goibsdsl.com","6295 Edsall Road Suite 175 - Alexandria","7037097770","null","729922","Buyers Information Service","AMERICANPROPERTYCC.COM^^ASKTHEEXPERT.COM^^ATLAS-PLUMBING.COM^^BRANCHOFFICESUPPLY.COM^^CADRENOIR.COM^"," Email <---> Revenue ","665104","Servicesource","6295 Edsall Rd # 175","Alexandria","VA","22312","Alexandria Cty","www.fou.org","7034616000","7034613906","Janet Samuelson","President","Fem","11600000","200","833106","Career & Voc","4","0","1"
"208319","Larry's Chevrolet Buick Pntc","dbarksdale@larryschevrolet.com","310 N Main St","4342923946","4342927285","551103","Automobile Dealers-Used Cars","www.larryschevrolet.com"," Email <---> Revenue ","526025","Larry's Chevrolet Buick Pntc","310 N Main St","Blackstone","VA","23824","Nottoway","www.larryschevrolet.com","4342927285","4342923946","Lawrence B Green","Owner","Mal","14881000","23","551103","Automobile D","4","1","1"
"244439","Chesapeake Hardwood Products","dclark@chpi.com","201 Dexter St W","7575434335","7575431601","243501","Plywood & Veneers-Manufacturers","www.chpi.com"," Email <---> Revenue ","48731","CHESAPEAKE HARDWOOD PRODUCTS","201 DEXTER ST W","CHESAPEAKE","VA","23324","Chesapeake city","","7575431601","7575434335","THOMAS AHERN","Chief Executive Office","M","12000000","200","243500","Hardwd Venee","4","0","1"
"273947","Potomac Nationals Pro Baseball","dmcconnell@potomacnationals.com","7 County Complex Ct","7035905716","7035902311","799708","Baseball Clubs","www.potomacnationals.com"," Email <---> Revenue ","179169","POTOMAC NATIONALS PRO BASEBALL","7 COUNTY COMPLEX CT","WOODBRIDGE","VA","22192","Prince William","","7035902311","7035905716","ART SILBER","President","M","23800000","200","794100","Sports Clubs","4","0","1"
"112385","B W Medical Supply","dominionrehabequipment@compuserv.com","1901 Huguenot Road","8048978500","null","384104","Mfg Surgical/medical Instruments Whol Homefurnishings","DOMINIONREHAB.COM"," Email <---> Revenue ","205937","SIGNS BY TOMORROW","10807 MIDLOTHIAN TPKE","RICHMOND","VA","23235","Chesterfield","","8048978500","8048978505","JOHN DUDEK","Owner","M","13300000","768","399300","Signs & Advg","4","0","1"
"14597","Indiana district Luthern church","DUDLEY@JDMILESROOFING.COM","210 B Street","7575455912","7575454303","8661","Religious organizations","null"," Email <---> Revenue ","120030","J D MILES & SONS INC","210 B ST","CHESAPEAKE","VA","23324","Chesapeake city","","7575455912","7575454303","J DUDLEY MILES III","President","M","14000000","80","176100","Roofg, Sheet","4","0","1"
"204145","Leads Corp","ed.rinkavage@leadscorp.com","1110 N Glebe Rd # 500","7035247747","7035240099","737109","Information Technology Services","www.leadscorp.com"," Email <---> Revenue ","528178","Leads Corp","1110 N Glebe Rd # 500","Arlington","VA","22201","Arlington","www.leadscorp.com","7035240099","7035247747","Joe Tagliareni","President","Mal","10990000","70","737109","Information ","4","0","1"
"293235","Auto Haus Body Shop Inc","eric@autohausva.com","119 Greene Dr","7578987063","7578987121","551103","Automobile Dealers-Used Cars","www.autohausva.com"," Email <---> Revenue ","293990","Auto Haus Body Shop Inc","119 Greene Dr","Yorktown","VA","23692","York","www.autohausva.com","7578987121","7578987063","Hans Holdrider","Owner","Mal","11646000","18","551103","Automobile D","4","1","1"
"275740","Carrier Access Corp","federalsales@carrieraccess.com","5241 Valleypark Dr","3034425455","5405272130","506563","Telecommunication Equip/Syst-Whol/Mfrs","www.carrieraccess.com"," Email <---> Revenue ","339464","Carrier Access Corp","5241 Valleypark Dr","Roanoke","VA","24019","Roanoke","www.carrieraccess.com","5405272130","5405272160","Willis Muska","Manager","Mal","12120000","12","506563","Telecommunic","4","0","1"
"288525","G & M Sales Of Virginia","fpileski@gmsalesofva.com","4562 S Valley Pike","5404334818","5404339156","508303","Poultry Equipment & Supplies (Wholesale)","www.gmsalesofva.com"," Email <---> Revenue ","441822","G & M Sales Of Virginia","4562 S Valley Pike","Harrisonburg","VA","22801","Harrisonburg","www.gmsalesofva.com","5404339156","5404334818","Rick Reeves","Manager","Mal","14940000","30","508303","Poultry Equi","4","0","1"
"136672","Esco Limited","hrdept@shoecityonline.com","4740 N Southside Plaza St","8042300985","8042300985","999977","Nonclassified Establishments","www.shoecityonline.com"," Email <---> Revenue ","205028","SHOE CITY","4740 N SOUTHSIDE PLAZA ST","RICHMOND","VA","23224","Richmond city","","8042300985","8042300985","DAVID DUBOIS","Manager","M","12500000","499","566100","Shoe Stores","4","0","1"
"264705","Hubbard Peanut Co","hubs@hubspeanuts.com","30275 Sycamore Ave","7575622741","7575624081","515903","Peanut Products (Wholesale)","www.hubspeanuts.com"," Email <---> Revenue ","481490","Hubbard Peanut Co","30275 Sycamore Ave","Sedley","VA","23878","Southampton","www.hubspeanuts.com","7575624081","7575622741","Lynne H Rabil","President","Fem","15048000","12","515903","Peanut Produ","4","0","1"
"110698","Baird & Warner","jritenour@blueridgetruss.com","1099 Orkney Grade","5408562191","5408562908","5211","Building materials","BLUERIDGETRUSS.COM"," Email <---> Revenue ","32102","BLUE RIDGE TRUSS & SUPPLY INC","1099 ORKNEY GRADE","BASYE","VA","22810","Shenandoah","","5408562191","5408562908","VONDREA FANSLER","Owner","F","12700000","100","521100","Lumber, Rel ","4","0","1"
"256641","Duncan Automotive Network","jsperger@sedona.net","2050 Roanoke St","5206493636","null","754999","Automotive Services","sperger.org"," Email <---> Revenue ","75070","DUNCAN AUTOMOTIVE NETWORK","2040 ROANOKE ST","CHRISTIANSBRG","VA","24073","Montgomery","","5403822100","5403203229","GERALD DUNCAN","Owner","M","16200000","40","551100","New & Used C","4","0","1"
"132277","Quality Communications Of Va","kbowman@qualitycommva.com","1744 E Parham Rd","8042614131","8042613836","506563","Telecommunication Equip/Syst-Whol/Mfrs","www.qualitycommva.com"," Email <---> Revenue ","625950","Quality Communications Of Va","1744 E Parham Rd","Richmond","VA","23228","Henrico","www.qualitycommva.com","8042613836","8042614131","Kenneth Bowman","Owner","Mal","14140000","14","506563","Telecommunic","4","0","1"
"201556","US Flag and Signal Co; INC","lavianoc@1dbs.com","122 Pennsylvania Ave","7574901294","7574901295","7389","Business Services NEC","1DBS.COM"," Email <---> Revenue ","384802","Data Business Systems Inc","156 Business Park Dr","Virginia Beach","VA","23462","Virginia Beach","www.1dbs.com","7574901294","7574561115","Larry Harmon","Owner","Mal","24975000","75","504412","Cash Registe","4","0","1"
"210767","DRS Technologies Inc","lcox@drs-s3.com","251 18th St S # 1100","7034168000","7034168010","506519","Electronic Equipment & Supplies-Whol","www.drs.com"," Email <---> Revenue ","381877","DRS Technologies Inc","251 18th St S # 1100","Arlington","VA","22202","Arlington","www.drs.com","7034168000","7034168010","Mike Bowman","Sr VP","Mal","15150000","15","506519","Electronic E","4","0","1"
"145741","Bond Cote Corp","lhancock@bondcote.com","509 Burgiss Ave","5409805636","5409802640","229598","Coated Fabrics-Not Rubberized (Mfrs)","www.bondcote.com"," Email <---> Revenue ","33044","BOND COTE CORP","509 BURGIS AVE","PULASKI","VA","24301","Pulaski","","5409802640","5409805636","TED ANDERSON","Chief Executive Office","M","14400000","200","229500","Mfg Coated F","4","0","1"
"166947","Suburban Grading & Utilities","mainoffice@suburbangrading.com","1190 Harmony Rd","7574610989","7574611800","162308","Utility Contractors","www.suburbangrading.com"," Email <---> Revenue ","691102","Suburban Grading & Utilities","1190 Harmony Rd","Norfolk","VA","23502","Norfolk City","www.suburbangrading.com","7574611800","7574610989","Jerry Womack","President","Mal","20875000","125","162308","Utility Cont","4","0","1"
"290466","Billington Imports","mediarelations@billingtonwines.com","7536 Fullerton Rd # E","7034550450","7034554700","509905","Importers","www.billingtonwines.com"," Email <---> Revenue ","29941","BILLINGTON IMPORTS","7536 FULLERTON CT","SPRINGFIELD","VA","22153","Fairfax","","7034554700","7034550450","ALFREDO BARTHOLOMAUS","Owner","M","11900000","55","509906","Importers","4","0","1"
"198611","Morgan Mc Clure Motorsports","mmm@morgan-mcclure.com","26502 Newbanks Rd","2766286532","2766283683","552103","Automobile Dealers Performance & Race","www.morgan-mcclure.com"," Email <---> Revenue ","570451","Morgan Mc Clure Motorsports","26502 Newbanks Rd","Abingdon","VA","24210","Washington","www.morgan-mcclure.com","2766283683","2766286532","Larry Mc Clure","President","Mal","21960000","45","552103","Automobile D","4","0","1"
"111260","Information Systems Support","mmorein@iss-md.com","700 Independence Pkwy # 500","7573218797","7573219120","737801","Computers-Service & Repair","www.iss-md.com"," Email <---> Revenue ","487121","Information Systems Support","700 Independence Pkwy # 500","Chesapeake","VA","23320","Chesapeake","www.iss-md.com","7573219120","7573218797","Chip Wood","Manager","Mal","13040000","80","737801","Computers-Se","4","0","1"
"211274","Moran Towing Of Virginia Inc","mnesbitt@morantug.com","1901 Brown Ave","2157554709","7576256000","449202","Towing-Marine","www.morantug.com"," Email <---> Revenue ","154779","MORAN TOWING OF VIRGINIA INC","1901 BROWN AVE","NORFOLK","VA","23504","Norfolk city","","7576256000","7576400188","MARK VANTY","Vice-President","M","12000000","120","162901","Dams,Waterwa","4","0","1"
"78846","Mister Martini Enterprises","msalazar@schafercorp.com","1901 North Fort Meyer drive Suite 800","7035587900","7035252691","8999","Services NEC","SCHAFERDC.COM"," Email <---> Revenue ","660649","Schafer Corp","1560 Wilson Blvd # 1000","Arlington","VA","22209","Arlington","www.schafer.com","7035587900","7035252691","Dan Murawinski","Manager","Mal","11850000","75","871111","Engineers-Co","4","0","1"
"208698","Hartz Broadway","nsuriel@hartzco.com","241 Hartz Blvd","5408962526","5408962200","232908","Clothes & Accessories-Mens-Manufacturers","www.hartzco.com"," Email <---> Revenue ","468466","Hartz Broadway","241 Hartz Blvd","Broadway","VA","22815","Rockingham","www.hartzco.com","5408962200","5408962526","Liz Fawley","Manager","Fem","24600000","300","232908","Clothes & Ac","4","0","1"
"258782","Executaril Services Inc","patrick@series2000.com","4810 Nine Mile Road","8042223553","8047981476","8999","Services NEC","PATRICKAUTO.COM"," Email <---> Revenue ","171849","PATRICK CHEVROLET","4810 NINE MILE RD","RICHMOND","VA","23223","Richmond city","","8042223553","8042365648","WILLIAM T PATRICK JR","Owner","M","24200000","60","551100","New & Used C","4","0","1"
"275754","Engineering Groupe","pmulhern@enggroupe.com","13625 Office Pl # 101","7036707769","7036700985","871110","Engineers-Civil","www.enggroupe.com"," Email <---> Revenue ","414237","Engineering Groupe","13625 Office Pl # 101","Woodbridge","VA","22192","Prince William","www.enggroupe.com","7036700985","7036707769","John S Groupe","Owner","Mal","18960000","120","871110","Engineers-Ci","4","0","1"
"290232","Tidewater Mack Inc","regis@tidewatermac.com","301 Bulldog Dr","7574369375","7575475187","551105","Truck-Dealers","www.tidewatermac.com"," Email <---> Revenue ","708188","Tidewater Mack Inc","301 Bulldog Dr","Chesapeake","VA","23320","Chesapeake","www.tidewatermac.com","7575475187","7574369375","John Doub","Owner","Mal","11000000","35","551105","Truck-Dealer","4","2","1"
"271254","Pinkerton Computer Consultant","resumes@kforcegov.com","2750 Prosperity Ave # 300","6172270002","7032457350","737109","Information Technology Services","www.pcci.com"," Email <---> Revenue ","612947","Pinkerton Computer Consultant","2750 Prosperity Ave # 300","Fairfax","VA","22031","Fairfax City","www.pcci.com","7032457350","7032457561","William Parker","Manager","Mal","23550000","150","737109","Information ","4","0","1"
"104433","Mc Daniel Inc","rnewman@myfloorstudio.com","15386 Old Spotswood Trl","5402982740","5402989476","174203","Dry Wall Contractors","www.mcdanielgroup.com"," Email <---> Revenue ","554577","Mc Daniel Inc","15386 Old Spotswood Trl","Elkton","VA","22827","Rockingham","www.mcdanielgroup.com","5402989476","5402982740","Clyde Mc Daniel","President","Mal","11100000","100","174203","Dry Wall Con","4","0","1"
"278112","Tidewater Auto Auction","rnolan@taa.hrcoxmail.com","3316 S Military Hwy","7574852227","7574873464","738901","Auctioneers","www.twaa.com"," Email <---> Revenue ","224664","TIDEWATER AUTO AUCTION","3316 S MILITARY HWY","CHESAPEAKE","VA","23323","Chesapeake city","","7574873464","7574852227","DEAN VASSER","Manager","M","12400000","55","738914","Auction Appr","4","0","1"
"182716","Advanced Dealer Svc","rons@adschem.com","5741 Bayside Rd # 101","7574646898","7574640095","508708","Car Washing/Polishing Equip/Supls (Whol)","www.adschem.com"," Email <---> Revenue ","267456","Advanced Dealer Svc","5741 Bayside Rd # 101","Virginia Beach","VA","23455","Virginia Beach","www.adschem.com","7574640095","7574646898","Ron Swan","Owner","Mal","12110000","35","508708","Car Washing/","4","0","1"
"179570","Transprint USA","sarah@transprintusa.com","1000 Pleasant Valley Rd","5404336358","5404339101","267298","Coated & Laminated Paper Nec (Mfrs)","www.transprintusa.com"," Email <---> Revenue ","228101","TRANSPRINT USA","1000 PLEASANT VALLEY RD","HARRISONBURG","VA","22801","Harrisonburg city","","5404339101","5404336358","WILLIAM BOYD","Chief Executive Office","M","15200000","233","267200","Coated,Lamin","4","0","1"
"293049","Applied Materials Inc","support_center@appliedmaterials.com","7000 Infantry Ridge Rd # 105","4074384661","7033311476","367401","Semiconductor Devices (Manufacturers)","www.appliedmaterials.com"," Email <---> Revenue ","285846","Applied Materials Inc","7000 Infantry Ridge Rd # 105","Manassas","VA","20109","Manassas City","www.appliedmaterials.com","7033311476","7033311441","Peter Schuler","Manager","Mal","23085000","45","367401","Semiconducto","4","0","1"
"123094","Corporate Jet Sales","teh@jetbroker.com","8 N Jay St","5406873662","5406875300","508814","Aircraft Brokers","www.corporatejetsales.com"," Email <---> Revenue ","370240","Corporate Jet Sales","8 N Jay St","Middleburg","VA","20117","Loudoun","www.corporatejetsales.com","5406875300","5406873662","Pat Janas","Owner","Mal","10570000","14","508814","Aircraft Bro","4","2","1"
"290911","Robbins Gioia","tony.garbarino@robbinsgioia.com","11 Canal Center Plz","7036845189","7035487006","871111","Engineers-Consulting","www.robbinsgioia.com"," Email <---> Revenue ","645667","Robbins Gioia","11 Canal Center Plz","Alexandria","VA","22314","Alexandria Cty","www.robbinsgioia.com","7035487006","7036845189","Jim Leto","CEO","Mal","18960000","120","871111","Engineers-Co","4","0","1"
"255897","TRIAD Engineering Inc","triadeng@triadeng-mt.com","200 Aviation Dr","5406672260","5404344135","871111","Engineers-Consulting","www.triadeng.com"," Email <---> Revenue ","699336","TRIAD Engineering Inc","200 Aviation Dr","Winchester","VA","22602","Frederick","www.triadeng.com","5404344135","5406672260","Randy Moulton","VP","Mal","10270000","65","871111","Engineers-Co","4","0","1"
"254850","Stein Financial Park Ave Secur","tspeight@steinfi.com","448 Viking Dr # 350","7574986160","7574985700","628205","Financial Planning Consultants","www.steinfi.com"," Email <---> Revenue ","686594","Stein Financial Park Ave Secur","448 Viking Dr # 350","Virginia Beach","VA","23452","Virginia Beach","www.steinfi.com","7574985700","7574986160","Edward Stein","Owner","Mal","24900000","60","628205","Financial Pl","4","0","1"
"139705","William J Farley Ctr","vjthomas@farleycenter.com","5477 Mooretown Rd","7575650620","7578276688","839902","Alcoholism Information & Treatment Ctrs","www.farleycenter.com"," Email <---> Revenue ","751263","William J Farley Ctr","5477 Mooretown Rd","Williamsburg","VA","23188","Williamsburg","www.farleycenter.com","7578276688","7575650620","Penelope Ziegler","Executive Director","Fem","12900000","60","839902","Alcoholism I","4","0","1"
"212411","Vamac Inc","vtech@vamac.com","4201 Jacque St","5408983362","8043537811","507406","Plumbing Fixtures & Supplies-Wholesale","www.vamac.com"," Email <---> Revenue ","236164","VAMAC INC","4201 JACQUE ST","RICHMOND","VA","23230","Henrico","","8043537811","8043581025","CHRISTOPHER PERRY","Chief Executive Office","M","16200000","95","507400","Plbg & Heati","4","0","1"
"93705","Independent Finishing Services","wdanielczyk@mh-c.com","9108-202 Euclid Avenue - Manassas","7033356986","7038602731","729922","Buyers Information Service","ABOUTBIGDOGCAPITAL.COM^^MYBIGDOGCAPITAL.COM"," Email <---> Revenue ","182282","PROLOGIC INC","9400 INNOVATION DR","MANASSAS","VA","20110","Manassas city","","7033356986","7033310479","DAN GORDON","President","M","13000000","72","179900","Special Trad","4","0","1"
"249662","Cox Transportation Svc","website@truckingforamerica.com","10448 Dow Gil Rd","8047981299","8047981477","421309","Trucking-Motor Freight","www.truckingforamerica.com"," Email <---> Revenue ","61313","COX TRANSPORTATION SVC","10448 DOW GIL RD","ASHLAND","VA","23005","Hanover","","8047981477","8047981299","JOHN A COX","Chief Executive Office","M","13800000","150","421300","Trucking","4","0","1"
"226792","Westport Corp","westportnc@westportcorporation.com","44460 Chilum Pl","7034044484","7034041900","243102","Millwork (Manufacturers)","www.westportcorporation.com"," Email <---> Revenue ","748227","Westport Corp","44460 Chilum Pl","Ashburn","VA","20147","Loudoun","www.westportcorporation.com","7034041900","7034044484","Stephen Mullaney","Owner","Mal","17000000","100","243102","Millwork (Ma","4","0","1"
"294237","Sun Chemical","wetflex@sunchem.com","16000 Continental Blvd","4043558741","8045243888","289301","Inks-Printing & Lithographing (Mfrs)","www.sunchemical.com"," Email <---> Revenue ","692918","Sun Chemical","16000 Continental Blvd","Colonial Heights","VA","23834","Colonial Hts","www.sunchemical.com","8045243888","8045240841","Pat Polazzo","Manager","Fem","24840000","60","289301","Inks-Printin","4","0","1"
"289013","Wetsel Inc","wetselseed@alltel.net","961 N Liberty St","5404344894","5404346753","526129","Seeds & Bulbs-Retail","www.wetsel.com"," Email <---> Revenue ","748458","Wetsel Inc","961 N Liberty St","Harrisonburg","VA","22802","Harrisonburg","www.wetsel.com","5404346753","5404344894","Jon Oliver","President","Mal","13500000","100","526129","Seeds & Bulb","4","0","1"
"267597","Integrated Travel Intl Inc","wkeller@tnettravel.com","2055 15th St N # 200","7035259179","7035253605","472402","Travel Agencies & Bureaus","www.tnettravel.com"," Email <---> Revenue ","117738","INTEGRATED TRAVEL INTL INC","2055 15TH ST N STE 200","ARLINGTON","VA","22201","Arlington","","7035253605","7035259179","ROBERT W ANNAND","Chief Executive Office","M","22200000","185","472400","Travel Agenc","4","0","1"
