mail id,company,email,address,phone,fax,sic,sic description,web,,revenue id,company,address,city,state,zip,	metro,web,phone,fax,contact,position,gender,sales,# of employee,sic,sic_descrpiton,	,,
"268503","Environmental Air Systems","sizemored@tmenviro-va.com","8433 Erle Rd","8047461313","18047467248","873111","Environmental & Ecological Services","null"," Email <---> Revenue ","72369","DOMETIC ENVIRONMENTAL CORP","8433 ERLE RD","MECHANICSVLLE","VA","23116","Hanover","","8047461313","8047467248","","Unknown","","51300000","900","358500","Rfrgn & Heat","6","0","1"
"191388","Analex Corp","amber.gordon@analex.com","5904 Richmond Hwy # 300","7033298187","7033299400","737109","Information Technology Services","www.analex.com"," Email <---> Revenue ","281651","Analex Corp","5904 Richmond Hwy # 300","Alexandria","VA","22303","Fairfax","www.analex.com","7033299400","7033298187","Sterling E Phillips Jr","CEO","Mal","94417000","920","737109","Information ","6","0","1"
"276533","Musser Lumber Sales","bigal@musserlumber.com","200 Shoal Ridge Dr","2766865169","2766865113","503109","Lumber-Wholesale","www.musserlumber.com"," Email <---> Revenue ","575278","Musser Lumber Sales","200 Shoal Ridge Dr","Rural Retreat","VA","24368","Wythe","www.musserlumber.com","2766865113","2766865169","Ronald M Musser","Owner","Mal","52950000","75","503109","Lumber-Whole","6","0","1"
"258524","Graham Packaging","closures@o-i.com","291 W Wolfe St","5404342873","5405641000","308598","Plastic Bottles (Manufacturers)","www.o-i.com"," Email <---> Revenue ","454826","Graham Packaging","291 W Wolfe St","Harrisonburg","VA","22802","Harrisonburg","www.o-i.com","5405641000","5404342873","Steve Thigpen","Plant Mgr","Mal","82280000","340","308598","Plastic Bott","6","0","1"
"40309","Hopeman Brothers Marine","david.rathburn@hopemanbrothers.com","435 Essex Ave","5409499221","540-949-9200","3429","Hardware","NEC (vacuum and insulated bottles"," Email <---> Revenue ","479466","Hopeman Brothers Marine","435 Essex Ave","Waynesboro","VA","22980","Waynesboro","","5409499200","5409499259","","","","50000000","50","373101","Ship Builder","6","0","1"
"282768","Shenandoah Telecommunications","earle.mackenzie@shentelpcs.com","500 Shentel Way","5409922139","540-984-4141","4813","Telephone Communications","Except Radiotelephone (except resellers)"," Email <---> Revenue ","668148","Shenandoah Telecommunications","3075 S Ox Rd","Edinburg","VA","22824","Shenandoah","www.shentel.net","5409845252","5409844850","David Brock","Manager","Mal","99900000","300","481304","Telephone Co","6","0","1"
"292387","Sysco Food Svc Of Hampton Rds","jcurry@ibsprint.com","7000 Harbour View Blvd","7576734149","7576734000","514101","Food Products (Wholesale)","www.syscohamptonroads.com"," Email <---> Revenue ","697243","Sysco Food Svc Of Hampton Rds","7000 Harbour View Blvd","Suffolk","VA","23435","Suffolk City","www.syscohamptonroads.com","7576734000","7576734149","John Hall","President","Mal","87194000","210","514101","Food Product","6","0","1"
"134328","Curves For Women","karen@curvesofarlington.com","2772 S Arlington Mill Dr","7033790305","7033790305","799101","Health Clubs Studios & Gymnasiums","www.arlingtoncurves.com"," Email <---> Revenue ","64088","CURVES","2772 S ARLINGTON MILL DR","ARLINGTON","VA","22206","Arlington","","7033790305","","MARLA TUCKER","Manager","F","70000000","34861","799100","Physical Fit","6","0","1"
"220512","Classic Party Rentals","linda.smith@classicpartyrentalsva.com","9313 Burge Ave","8047437906","8047437980","735906","Party Supplies-Renting","www.classicpartyrentalsva.com"," Email <---> Revenue ","53083","CLASSIC PARTY RENTALS","9313 BURGE AVE","RICHMOND","VA","23237","Chesterfield","","8047437980","8047437906","JAMES WHITTLETON","Manager","M","55800000","1606","735900","Eqp Rental, ","6","0","1"
"288991","Bohler Uddeholm Spec Metals","metalgua@guate.net","2306 Eastover Dr","4345757997","4345757994","331798","Steel Pipe & Tubes (Manufacturers)","www.busmi.com"," Email <---> Revenue ","32815","BOHLER UDDEHOLM SPEC METALS","2306 EASTOVER DR","SOUTH BOSTON","VA","24592","Halifax","","4345757994","4345757997","ART SMOLJAN","President","M","61900000","275","331700","Steel Pipe &","6","0","1"
"274913","DTI","mlutz@dtihq.com","2920 S Glebe Rd","7037060474","7032991600","874876","Defense Contractors","www.dtiassociates.com"," Email <---> Revenue ","381960","DTI","2920 S Glebe Rd","Arlington","VA","22206","Arlington","www.dtiassociates.com","7032991600","7037060474","John Fedor","President","Mal","67500000","300","874876","Defense Cont","6","0","1"
"288293","Elm Street Development","ricke@ashland-community.com","7736 Lewinsville Rd","7037349730","7037340322","832229","Community Services","ASHLAND-COMMUNITY.COM"," Email <---> Revenue ","412630","Elm Street Development","6820 Elm St # 200","Mc Lean","VA","22101","Fairfax","","7037349730","7037340322","David Flanagan","President","Mal","51700000","45","871124","Engineers-La","6","0","1"
"178501","PJAX Trucking Inc","rwilson@pjax.com","1007 Cherokee St NE","5742891523","5403423619","421309","Trucking-Motor Freight","www.pjax.com"," Email <---> Revenue ","177205","PJAX TRUCKING INC","1007 CHEROKEE ST NE","ROANOKE","VA","24012","Roanoke city","","5403423619","5403428495","JIM PORTER","Manager","M","92000000","3989","421300","Trucking","6","0","1"
"226588","Norfolk International Airport","wjones@norfolkairport.com","2200 Norview Ave","7578573265","7578573200","458106","Airports","www.norfolkairport.com"," Email <---> Revenue ","163130","NORFOLK INTERNATIONAL AIRPORT","2200 NORVIEW AVE # 32","NORFOLK","VA","23518","Norfolk city","","7578530100","","HELEN LEON","President","F","67200000","225","472901","Trans Ticket","6","0","1"
"197031","Techma USA Inc","yyano@techma-usa.com","202 E Gretna Rd","4346563211","4346563311","371417","Automobile-Manufacturers Equip/Supl-Mfrs","www.techma-usa.com"," Email <---> Revenue ","702548","Techma USA Inc","202 E Gretna Rd","Gretna","VA","24557","Pittsylvania","www.techma-usa.com","4346563311","4346563211","Joey Stevens","Exec VP","Mal","64200000","200","371417","Automobile-M","6","0","1"
