mail id,company,email,address,phone,fax,sic,sic description,web,,revenue id,company,address,city,state,zip,	metro,web,phone,fax,contact,position,gender,sales,# of employee,sic,sic_descrpiton,	,,
"286473","Kysela Pere Et Fils LTD","dan@glermfarm.com","130 Windy Hill Ln # W5-12","5407229228","5407229228","518203","Wines-Wholesale","www.kysela.com"," Email <---> Revenue ","521069","Kysela Imports","130 Windy Hill Ln W5-12","Winchester","VA","22602","Frederick","","5407229228","","Francis Kysela","President","Mal","0","0","518201","Whol Wine/di","1","0","1"
"236697","Flooring America","steve@flooringamericarichmond.com","13150 Midlothian Turnpike","8047947884","8047947884","175299","Floor Laying Contractor","flooringamericarichmond.com"," Email <---> Revenue ","14107","AMERICAS CARPET GALLERY","13150 MIDLOTHIAN TPKE","MIDLOTHIAN","VA","23113","Chesterfield","","8047947884","","","Unknown","","800000","4","571301","Carpets","1","0","1"
"261753","Chesapeake City Assessor","dscwelcome@coastalguide.com","304 Cedar Rd","7573828855","7573826235","931104","City Government-Finance & Taxation","www.chesapeake.va.us"," Email <---> Revenue ","349304","Chesapeake City Assessor","304 Cedar Rd","Chesapeake","VA","23322","Chesapeake","www.cityofchesapeake.net","7573826235","7573828217","William Rice","Manager","Mal","0","32","931104","City Governm","1","0","1"
"178400","Skybuilt Power","government@skybuilt.com","4449 38th St N","7035367125","7035367866","491101","Electric Companies","www.skybuilt.com"," Email <---> Revenue ","385983","David J Muchow Attorney At Law","4449 38th St N","Arlington","VA","22207","Arlington","","7035367125","","David Muchow","Owner","Mal","0","0","811199","Legal Servic","1","0","1"
