mail id,company,email,address,phone,fax,sic,sic description,web,,revenue id,company,address,city,state,zip,	metro,web,phone,fax,contact,position,gender,sales,# of employee,sic,sic_descrpiton,	,,
"110390","Hospice Of Central Virigina","ahmap@americanhospice.com","7231 Forest Ave # 100","9738930828","8042810451","805908","Hospices","www.americanhospice.com"," Email <---> Revenue ","480117","Hospice Of Central Virigina","7231 Forest Ave # 100","Richmond","VA","23226","Richmond City","www.americanhospice.com","8042810451","8042810954","Jim Giordano","Administrator","Mal","9800000","200","805908","Hospices","3","0","1"
"251495","Techlab","bcarrig@techlab.com","2001 Kraft Dr","5402313942","5402313943","384104","Physicians & Surgeons Equip & Supls-Mfrs","www.techlabinc.com"," Email <---> Revenue ","702540","Techlab","2001 Kraft Dr","Blacksburg","VA","24060","Montgomery","www.techlabinc.com","5402313943","5402313942","Tracey Wilkins","Owner","Mal","5600000","25","384104","Physicians &","3","0","1"
"267066","Whisper Ridge Behavioral","helpdesk@psysolutions.com","2101 Arlington Blvd","4349775274","4349771523","806301","Mental Health Services","www.psysolutions.com"," Email <---> Revenue ","748803","Whisper Ridge Behavioral","2101 Arlington Blvd","Charlottesville","VA","22903","Charlottesvle","www.psysolutions.com","4349771523","4349775274","Cindy Young","CEO","Fem","9720000","120","806301","Mental Healt","3","0","1"
"69150","Beth Shalom Life Care Comm","sharlow@bethsholomcampus.com","1600 John Rolfe Pkwy","8047501078","8047502183","805101","Nursing & Convalescent Homes","www.bethsholomcampus.com"," Email <---> Revenue ","28881","BETH SHALOM LIFE CARE COMM","1600 JOHN ROLFE PKWY","RICHMOND","VA","23238","Henrico","","8047502183","8047501078","MARK FINKEL","Executive Director","M","5100000","135","805101","Nursing Home","3","0","1"
"55801","Newlife Technologies","thweattpt@cardiostacking.com","1 Parkwest Cir # 301","8043780716","8043787062","384104","Physicians & Surgeons Equip & Supls-Mfrs","www.cardiostacking.com"," Email <---> Revenue ","584553","Newlife Technologies","1 Parkwest Cir # 301","Midlothian","VA","23114","Chesterfield","www.cardiostacking.com","8043787062","8043780716","","","","5600000","25","384104","Physicians &","3","0","1"
"179578","Environ International Corporation","matayi@environcorp.com","null","7035162300","7035162345","873111","Environmental & Ecological Services","null"," Email <---> Revenue ","81161","ENVIRON INTERNATIONAL CORP","4350 FAIRFAX DR","ARLINGTON","VA","22203","Arlington","","7035162300","7035162345","ANNIE KOHAN","Manager","F","8500000","99","384100","Surgical,Med","3","0","1"
