mail id,company,email,address,phone,fax,sic,sic description,web,,revenue id,company,address,city,state,zip,	metro,web,phone,fax,contact,position,gender,sales,# of employee,sic,sic_descrpiton,	,,
"293934","SCS Engineers","lleet@scsegineers.com","6330 N Center Dr # 100","8504326220","7574663361","871120","Engineers-Environmental","www.scsengineers.com"," Email <---> Revenue ","200678","SCS ENGINEERS","6330 N CENTER DR STE 100","NORFOLK","VA","23502","Norfolk city","","7574663361","7574664344","KEITH MATTESON","Manager","M","45700000","539","871100","Engineering ","5","0","1"
"41898","American Standard Bldg Systems","awilliams@asbsystems.com","700 Commerce Ct","2766383983","2766383991","154212","Buildings-Pre-Cut Prefabricated/Modular","www.asbsystems.com"," Email <---> Revenue ","13893","AMERICAN STANDARD BLDG SYSTEMS","700 COMMERCE CT","MARTINSVILLE","VA","24112","Martinsville city","","2766383991","2766383983","JAMES LESTER","Chief Executive Office","M","37400000","110","154205","Comm/Off Bld","5","0","1"
"67479","Bontex Inc","berman@shoeasia.com","1 Bontex Dr","5402613784","5402612181","267998","Converted Paper/Paperbrd Prod Nec (Mfrs)","www.bontex.com"," Email <---> Revenue ","33164","BONTEX INC","1 BONTEX DR","BUENA VISTA","VA","24416","Buena Vista city","","5402612181","5402613784","JAMES C KOSTELNI","Chief Executive Office","M","42500000","170","229700","Nonwoven Fab","5","0","1"
"170479","People For Ethical Treatment","cccomm@churchillmb.net","501 Front St","7576220457","7576227382","874213","Marketing Programs & Services","www.peta.org"," Email <---> Revenue ","607593","People For Ethical Treatment","501 Front St","Norfolk","VA","23510","Norfolk City","www.peta.org","7576227382","7576220457","Ingrid Newrik","President","Fem","25500000","150","874213","Marketing Pr","5","0","1"
"75722","DCS Corp","contracts@dcscorp.com","1330 Braddock Pl # 700","7036847229","7036838430","871111","Engineers-Consulting","www.dcscorp.com"," Email <---> Revenue ","381557","DCS Corp","1330 Braddock Pl # 700","Alexandria","VA","22314","Alexandria Cty","www.dcscorp.com","7036838430","7036847229","Jim Wood","Owner","Mal","25000000","400","871111","Engineers-Co","5","0","1"
"281470","Xpedition Kayak","drosinski@bowditchford.com","PO Box 1548","7575952211","7575919608","555104","Boat Dealers Sales & Service","bowditchford.com"," Email <---> Revenue ","33773","BOWDITCH FORD","11076 WARWICK BLVD","NEWPORT NEWS","VA","23601","Newport News city","","7575952211","7575919608","BILL H BOWDITCH JR","Owner","M","40400000","100","551100","New & Used C","5","0","1"
"184103","Motor Mile Speedway","fastlane@cumulus.com","6749 Lee Hwy","5407314756","5406391700","794801","Race Tracks","www.motormilespeedway.com"," Email <---> Revenue ","571601","Motor Mile Speedway","6749 Lee Hwy","Fairlawn","VA","24141","Radford City","www.motormilespeedway.com","5406391700","5407314756","David Hagan","Owner","Mal","25200000","200","794801","Race Tracks","5","1","1"
"251301","Reed & Barton","internetsales@reedbarton.com","241 Fort Evans Rd NE # 1245","5088227269","7034432313","391402","Goldsmith & Silversmith Products","www.reedbarton.com"," Email <---> Revenue ","188281","REED & BARTON","241 FORT EVANS RD NE STE 1245","LEESBURG","VA","20176","Loudoun","","7034432313","","PETER PELPINSKI","Manager","M","37500000","844","391400","Silver, Plat","5","0","1"
"221506","Worldwide Equipment-Mack Trcks","judy_lusk@teamworldwide.com","18285 Lee Hwy","9013658129","2764668899","551105","Truck-Dealers","www.teamworldwide.com"," Email <---> Revenue ","757587","Worldwide Equipment-Mack Trcks","18285 Lee Hwy","Abingdon","VA","24210","Washington","www.teamworldwide.com","2764668899","2766285863","Gary Barker","Manager","Mal","48525000","75","551105","Truck-Dealer","5","2","1"
"260357","Perry Engineering Co Inc","perryeng@perryeng.com","1945 Millwood Pike","5407222505","5406674310","179403","Excavating Contractors","www.perryeng.com"," Email <---> Revenue ","608681","Perry Engineering Co Inc","1945 Millwood Pike","Winchester","VA","22602","Frederick","www.perryeng.com","5406674310","5407222505","Kathryn M Perry-Werner","Owner","Fem","31800000","200","179403","Excavating C","5","0","1"
"21179","Call Pro","projects@call-pro.com","1549 Old Bridge Rd # 210","7034943310","7034999339","738912","Telemarketing Services","www.call-pro.com"," Email <---> Revenue ","40064","CALL PRO","1549 OLD BRIDGE RD STE 210","WOODBRIDGE","VA","22192","Prince William","","7034999339","7034943310","ANTON XEROX","Owner","M","36000000","160","738900","Business Svs","5","0","1"
"189802","World Wide Automotive","rick@auto.com","4260 Entre Ct","7035020876","703-631-3900","3714","Motor Vehicle Parts and Accessories (dump truck lifting mechanisms and fifth wheels)","NULL"," Email <---> Revenue ","757490","World Wide Automotive","4260 Entre Ct","Chantilly","VA","20151","Fairfax","www.wwauto.com","7036313900","7035020876","John Stilian","Plant Mgr","Mal","38000000","250","553105","Alternators ","5","0","1"
"202725","Dynaric Inc","salp@dynaric.com","5740 Bayside Rd","7573638016","7573635851","508443","Printing Supplies (Wholesale)","www.dynaric.com"," Email <---> Revenue ","75594","DYNARIC INC","5740 BAYSIDE RD","VIRGINIA BCH","VA","23455","Virginia Beach city","","7573635851","7573638016","JOSEPH MARTINEZ","Owner","M","32600000","774","509906","Importers","5","0","1"
"225861","Sheehy Ashland Inc","sheehyfordmerc@leadcrm.com","418 S Washington Hwy","8047986311","8047984791","552101","Truck-Dealers-Used","www.sheehyfordashland.com"," Email <---> Revenue ","667059","Sheehy Ashland Inc","418 S Washington Hwy","Ashland","VA","23005","Hanover","www.sheehyfordashland.com","8047984791","8047986311","Kevin Mcleughlin","Manager","Mal","47336000","97","552101","Truck-Dealer","5","0","1"
"111072","Skyline Building Systems","skyline@skylinetruss.com","2025 Beery Rd","5404340845","5404349497","176108","Roof Structures","www.skylinetruss.com"," Email <---> Revenue ","673170","Skyline Building Systems","2025 Beery Rd","Harrisonburg","VA","22801","Harrisonburg","www.skylinetruss.com","5404349497","5404340845","John Mc Kinney","Manager","Mal","49724000","401","176108","Roof Structu","5","0","1"
"109364","Spectacle Lens Group","val.bernell@jnj.com","5568 Airport Rd NW","5403622050","5403622020","3827","Optical Instruments and Lenses","NULL"," Email <---> Revenue ","680391","Spectacle Lens Group","5568 Airport Rd NW","Roanoke","VA","24012","Roanoke City","","5403622020","5403622050","","","","33600000","150","384104","Physicians &","5","0","1"
"176471","Hello Inc","vguffy@helloinc.com","2315 W Broad St","8043537335","8043535566","738912","Telemarketing Services","www.helloinc.com"," Email <---> Revenue ","109050","HELLO INC","2315 W BROAD ST","RICHMOND","VA","23220","Richmond city","","8043535566","8043537335","RUSTY SMITH","Owner","M","27000000","120","738900","Business Svs","5","0","1"
"203516","Frank Chervan Inc","webmaser@chervan.com","412 Jackson St","5405866219","5405865600","259901","Furniture-Manufacturers","www.chervan.com"," Email <---> Revenue ","92533","FRANK CHERVAN INC","1576 DAWN DR","BEDFORD","VA","24523","Bedford city","","5405865600","","GREGORY TERRILL","President","M","27200000","160","508400","Indus Mchy &","5","0","1"
