mail id,company,email,address,phone,fax,sic,sic description,web,,revenue id,company,address,city,state,zip,	metro,web,phone,fax,contact,position,gender,sales,# of employee,sic,sic_descrpiton,	,,
"126689","Masonic Home Of Va","dalexander@mahova.com","4101 Nine Mile Rd","8042264567","804-222-1694","805101","Nursing & Convalescent Homes","NULL"," Email <---> Revenue ","551917","Masonic Home Of Va","4101 Nine Mile Rd","Richmond","VA","23223","Richmond City","","8042221694","8042264567","Donna Alexander","CEO","Fem","32186000","117","805101","Nursing & Co","5","0","1"
"293350","SCS Engineers","taverner@scsengineers.com","11260 Roger Bacon Dr # 300","9258295493","7034716150","871120","Engineers-Environmental","www.scsengineers.com"," Email <---> Revenue ","200676","SCS ENGINEERS","11260 ROGER BACON DR STE 300","RESTON","VA","20190","Fairfax","","7034716150","7034716676","TOM CONRAD","Manager","M","45700000","539","871100","Engineering ","5","0","1"
"288527","Geo Trans Inc","tcostello@geotransinc.com","46010 Manekin Plz","4808392828","7034447000","873111","Environmental & Ecological Services","www.geotransinc.com"," Email <---> Revenue ","447124","Geo Trans Inc","46010 Manekin Plz","Sterling","VA","20166","Loudoun","www.geotransinc.com","7034447000","7034441685","Charles Faust","President","Mal","35000000","0","873111","Environmenta","5","0","1"
"255249","Labat-Anderson Inc","vpenvironmental@labat.com","8000 Westpark Dr # 400","7035064646","7035069600","873111","Environmental & Ecological Services","www.labat.com"," Email <---> Revenue ","523006","Labat-Anderson Inc","8000 Westpark Dr # 400","Mc Lean","VA","22102","Fairfax","www.labat.com","7035069600","7035064646","Victor Labat","CEO","Mal","39600000","65","873111","Environmenta","5","0","1"
"92328","Cb Richard Ellis","alexander.hamilton@cbre.com","7501 Boulders View Dr #600","8043205500","-","653101","Commercial Real Estate","NAMB"," Email <---> Revenue ","194120","ROBINSON SIGMA","1001 BOULDERS PKWY","RICHMOND","VA","23225","Chesterfield","","8043205500","8043204839","SHERRI TINSLEY","Manager","F","34000000","100","154205","Comm/Off Bld","5","0","1"
"145403","Gucci","assistance@us-onlineshopping.gucci.com","8075 Leesburg Pike # 140","8088791962","7035066804","594803","Leather Goods-Dealers","www.gucci.com"," Email <---> Revenue ","103100","GUCCI","8075 LEESBURG PIKE STE 140","VIENNA","VA","22182","Fairfax","","7035066804","7035064562","MARCO CHIMILO","Manager","M","41000000","853","594800","Luggage & Le","5","0","1"
"65858","Sparta Inc","benefits@sparta.com","1911 Fort Myer Dr","7195706887","7035580036","874876","Defense Contractors","www.sparta.com"," Email <---> Revenue ","210412","SPARTA INC","1911 FORT MYER DR","ARLINGTON","VA","22209","Arlington","","7035580036","7035580045","ROBERT SEPUCHA","Chief Executive Office","M","45200000","201","874800","Bus Consulti","5","0","1"
"259529","Weston Co","billweston@westoncompany.com","6303 Vint Hill Rd","5403499164","5403491200","331298","Steel Works/Blast Furnaces/Rolling Mls","www.westoncompany.com"," Email <---> Revenue ","748129","Weston Co","6303 Vint Hill Rd","Warrenton","VA","20187","Fauquier","www.westoncompany.com","5403491200","5403499164","Thomas R Weston","President","Mal","27940000","55","331298","Steel Works/","5","0","1"
"294552","Gemini Coatings Inc","billyj@gemini-coatings.com","3333 Willow Springs Rd","5404341958","5404344201","285102","Lacquers-Manufacturers","www.gemini-coatings.com"," Email <---> Revenue ","96345","GEMINI COATINGS INC","3333 WILLOW SPRINGS RD","HARRISONBURG","VA","22801","Harrisonburg city","","5404344201","5404341958","MIKE FOWLER","Manager","M","26700000","188","285100","Paints & Rel","5","0","1"
"282593","International Auto Parts","car-gallery1@international-auto.com","4351 Seminole Trl","4349732368","4349732892","596102","Mail Order & Catalog Shopping","www.international-auto.com"," Email <---> Revenue ","489665","International Auto Parts","4351 Seminole Trl","Charlottesville","VA","22911","Albemarle","www.international-auto.com","4349732892","4349732368","Paul Opiela","Owner","Mal","28490000","70","596102","Mail Order &","5","0","1"
"165787","Potomac Management Group Inc","ccp@potomacmgmt.com","510 King St","7038361388","7038361037","874214","Marketing Consultants","www.potomacmgmt.com"," Email <---> Revenue ","179148","POTOMAC MANAGEMENT GROUP INC","510 KING ST","ALEXANDRIA","VA","22314","Alexandria city","","7038361037","7038361388","DENNIS GARCIA","President","M","43800000","175","874203","Mrkting Cons","5","0","1"
"271713","BMG Metals Inc","chesapeakeplateshop@bmgmetals.com","950 Masonic Ln","8042223693","8042261024","505106","Steel-Distributors & Warehouses","www.bmgmetals.com"," Email <---> Revenue ","32323","BMG METALS INC","950 MASONIC LN","RICHMOND","VA","23223","Richmond city","","8042261024","8042223693","KINGSBERY GAY JR","President","M","45000000","200","505102","Iron,Steel,F","5","0","1"
"229916","Virginia Quilting","chris@virginiaquilting.com","100 S Main St","4347571855","4347571809","571407","Draperies & Curtains-Retail/Custom Made","www.virginiaquilting.com"," Email <---> Revenue ","735913","Virginia Quilting","100 S Main St","La Crosse","VA","23950","Mecklenburg","www.virginiaquilting.com","4347571809","4347571855","John W Mc Aden Sr","President","Mal","26000000","250","571407","Draperies & ","5","0","1"
"250022","Fire-X Corp","dbasinger@fire-x.net","6107 Staples Mill Rd","8045150971","8042668844","506315","Fire Protection Equipment & Supls (Whol)","www.fire-x.net"," Email <---> Revenue ","429019","Fire-X Corp","6107 Staples Mill Rd","Richmond","VA","23228","Henrico","www.fire-x.net","8042668844","8045150971","Wayne Pugh","Owner","Mal","34874000","53","506315","Fire Protect","5","0","1"
"264999","Carpet One Of Alexandria","dstafford@carpetcca.com","430 S Pickett St","7038238335","7033700000","571305","Carpet & Rug Dealers-New","www.commercialcarpetsofamerica.com"," Email <---> Revenue ","43102","CARPET ONE OF ALEXANDRIA","430 S PICKETT ST","ALEXANDRIA","VA","22304","Alexandria city","","7033700000","7038238335","DARYL REINKE","Manager","M","26000000","10950","571301","Carpets","5","0","1"
"248893","Messier SERVICES","emmanuelle.perruzza@messierservices.com","45360 Severn Way","7034309060","7034508200","372801","Aircraft Components-Manufacturers","www.messierservices.com"," Email <---> Revenue ","560604","Messier SERVICES","45360 Severn Way","Sterling","VA","20166","Loudoun","www.messierservices.com","7034508200","7034309060","Robert Granger","President","Mal","30750000","150","372801","Aircraft Com","5","0","1"
"270554","Driver's World","ewilson@driversworld.com","3700 Sentara Way","7576873505","7574977777","551103","Automobile Dealers-Used Cars","www.driversworld.com"," Email <---> Revenue ","401255","Driver's World","3700 Sentara Way","Virginia Beach","VA","23452","Virginia Beach","www.driversworld.com","7574977777","7576873505","Tim Rayfield","VP","Mal","32350000","50","551103","Automobile D","5","1","1"
"266815","American Safety Razor","gandes@asrco.com","One Razor Blade","5402488000","5402489744","5251","Tools","SMARTEDGETOOL.COM;TRI-FLEX.COM;TRI-FLEXXX.COM"," Email <---> Revenue ","174592","PERSONNA MEDICAL","1 RAZOR BLADE LN","VERONA","VA","24482","Augusta","","5402488000","5402481648","DICK MUMMA","President","M","39600000","600","384100","Surgical,Med","5","0","1"
"268332","Strongwell","gsmith@strongwell.com","400 Commonwealth Ave","2766458132","2766458000","282102","Fiber Glass Products-Manufacturers","www.strongwell.com"," Email <---> Revenue ","216117","STRONGWELL","400 COMMONWEALTH AVE","BRISTOL","VA","24201","Bristol city","","2766458000","2766458132","JOHN TICKLE","President","M","32900000","450","282100","Plas Mtls & ","5","0","1"
"288073","A H Harris & Sons Inc","harrisnews@ahharris.com","1200 W Marshall St","8042575950","8043587191","282101","Plastics-Raw Mtrls/Powder/Resin-Mfrs","www.ahharris.com"," Email <---> Revenue ","2445","A H HARRIS & SONS INC","2405 HERMITAGE RD","RICHMOND","VA","23220","Richmond city","","8043587191","8042575950","KEN GOVORUHK","Manager","M","31400000","392","282100","Plas Mtls & ","5","0","1"
"292007","Ennis Business Forms Inc","hotline@ennis.com","1 Ennis Dr","9728754840","4344322121","276103","Business Forms & Systems-Manufacturers","www.ennis.com"," Email <---> Revenue ","414492","Ennis Business Forms Inc","1 Ennis Dr","Chatham","VA","24531","Pittsylvania","www.ennis.com","4344322121","4344325280","David Gusler","Plant Mgr","Mal","44460000","180","276103","Business For","5","0","1"
"141708","Liebherr Mining Equipment","info.lho@liebherr.com","4100 Chestnut Ave","7572455263","7572455251","353201","Mining Equipment & Supplies-Mfrs","www.liebherr.com"," Email <---> Revenue ","136814","LIEBHERR MINING EQUIPMENT","4100 CHESTNUT AVE","NEWPORT NEWS","VA","23607","Newport News city","","7572455251","7572455263","RONALD E JACOBSON","Chief Executive Office","M","38600000","501","353200","Mining Machi","5","0","1"
"131121","Platinum Propane","investors@ferrellgas.com","8200 Shell Rd","3106613034","8042790288","517208","Gas-Liquefied Petro-Bttld/Bulk (Whol)","www.bluerhino.com"," Email <---> Revenue ","614540","Platinum Propane","8200 Shell Rd","Richmond","VA","23237","Chesterfield","www.bluerhino.com","8042790288","8042790544","Perry Baker","Manager","Mal","33540000","10","517208","Gas-Liquefie","5","0","1"
"74635","Advanced Communication Sltns","jay@advcomsol.com","28 N 5th St","5403510447","5403510444","506563","Telecommunication Equip/Syst-Whol/Mfrs","www.advcomsol.com"," Email <---> Revenue ","267416","Advanced Communication Sltns","28 N 5th St","Warrenton","VA","20186","Fauquier","www.advcomsol.com","5403510444","5403510447","Jay Faulconer","Manager","Mal","25250000","25","506563","Telecommunic","5","0","1"
"291744","Steel Services Inc","jhedrick@steelservicesinc.com","5025 Starkey Rd","4103343895","5407744461","505106","Steel-Distributors & Warehouses","www.steelservicesinc.com"," Email <---> Revenue ","686485","Steel Services Inc","5025 Starkey Rd","Roanoke","VA","24014","Roanoke City","www.steelservicesinc.com","5407744461","5407741584","Paul Cauldwell","Manager","Mal","40833000","39","505106","Steel-Distri","5","0","1"
"224788","Columbia Forest","jjordan@cfpwood.com","100 Paul Rd SW","3047425167","4344322591","243102","Millwork (Manufacturers)","www.columbiaforestproducts.com"," Email <---> Revenue ","362750","Columbia Forest","100 Paul Rd SW","Chatham","VA","24531","Pittsylvania","www.columbiaforestproducts.com","4344322591","4344321598","Tony Marsh","Plant Mgr","Mal","42500000","250","243102","Millwork (Ma","5","0","1"
"167659","T W Perry Inc","jnugent@twperry.com","7740 Southern Dr","7034516601","7034516500","503109","Lumber-Wholesale","www.twperry.com"," Email <---> Revenue ","220585","T W PERRY INC","7740 SOUTHERN DR","SPRINGFIELD","VA","22150","Fairfax","","7034516500","7036449239","BOB FABER","Operations Manager","M","25100000","120","503100","Lumber, Plyw","5","0","1"
"19439","Mcdonald Bradley Inc","lsara@bestmarketing.net","2250 Corporate Park Dr","7033261004","7034818289","899904","Scientists-Consulting","www.mcdonaldbradley.com"," Email <---> Revenue ","557008","Mcdonald Bradley Inc","2250 Corporate Park Dr","Herndon","VA","20171","Fairfax","www.mcdonaldbradley.com","7034818289","7033261004","Kenneth Bartee","President","Mal","26800000","200","899904","Scientists-C","5","0","1"
"11701","Heavenly Ham","luvthatfeedbk1@heavenlyham.com","3700 Candlers Mountain Rd","8123330426","4348464267","542107","Meat-Retail","www.heavenlyham.com"," Email <---> Revenue ","108859","HEAVENLY HAM","3700 CANDLERS MOUNTAIN RD","LYNCHBURG","VA","24502","Lynchburg city","","4348464267","4348463615","BARBARA RAGLAND","Owner","F","48000000","4208","542103","Meat Mkts In","5","0","1"
"261249","Vector Security","makochheiser@vectorsecurity.com","10642 Wakeman Ct","3307269826","7033691444","506304","Security Control Equip & Systems-Whol","www.vectorsecurity.com"," Email <---> Revenue ","729559","Vector Security","10642 Wakeman Ct","Manassas","VA","20110","Manassas City","www.vectorsecurity.com","7033691444","7033696079","Joe English","VP","Mal","39480000","60","506304","Security Con","5","0","1"
"216201","Ontario Hardwood Co","mill@ontariohardwood.com","190 W Ontario Rd","4347368507","4347360715","503109","Lumber-Wholesale","www.ontariohardwood.com"," Email <---> Revenue ","595427","Ontario Hardwood Co","190 W Ontario Rd","Keysville","VA","23947","Charlotte","www.ontariohardwood.com","4347360715","4347368507","Holt Hogan","President","Mal","35300000","50","503109","Lumber-Whole","5","0","1"
"293420","Comsonics Inc","mobilecal@comsonics.com","1350 Port Republic Rd","5617483006","5404345965","382598","Instrs-Measuring/Testing Elec (Mfrs)","www.comsonics.com"," Email <---> Revenue ","366616","Comsonics Inc","1350 Port Republic Rd","Harrisonburg","VA","22801","Harrisonburg","www.comsonics.com","5404345965","5404349847","Dennis Zimmerman","President","Mal","42750000","150","382598","Instrs-Measu","5","0","1"
"100406","Williams Industries Inc","mpastor@wmsi.com","8624 J D Reading Dr","7032809082","7033357800","344106","Steel-Structural (Manufacturers)","www.wmsi.com"," Email <---> Revenue ","247767","WILLIAMS INDUSTRIES INC","8624 J D READING DR","MANASSAS","VA","20109","Prince William","","7033357800","7032809082","FRANK E WILLIAMS III","Chief Executive Office","M","42100000","277","344100","Fabricated S","5","0","1"
"70808","Airline Tariff","ossadmin@atpco.net","45005 Aviation Dr","7034711497","7034717510","458111","Airline Support Services","www.atpco.net"," Email <---> Revenue ","270439","Airline Tariff","45005 Aviation Dr","Sterling","VA","20166","Loudoun","www.atpco.net","7034717510","7034711497","Michael Ferrier","CEO","Mal","27800000","599","458111","Airline Supp","5","0","1"
"131823","Insteel Wire Products Co","president@insteel.com","1351 Belman Rd","5403715237","5403710400","331209","Wire Products-Manufacturers","www.insteel.com"," Email <---> Revenue ","488258","Insteel Wire Products Co","1351 Belman Rd","Fredericksburg","VA","22401","Fredericksburg","www.insteel.com","5403710400","5403715237","K Donnie Hitt","Manager","Mal","44704000","88","331209","Wire Product","5","0","1"
"236516","General Foam Plastics","productsupport@genfoam.com","3321 E Princess Anne Rd","7578570033","7578570153","308902","Plastics & Plastic Products (Mfrs)","www.genfoam.com"," Email <---> Revenue ","96511","GENERAL FOAM PLASTICS","3321 E PRINCESS ANNE RD","NORFOLK","VA","23502","Norfolk city","","7578570154","7578570033","GEORGE DIFEINBACH","President","M","32000000","500","308900","Plastic Pdts","5","0","1"
"273037","Marva Maid Dairy","R.Matson@mdvamilk.com","PO Box 5145","7579282449","757-245-3857","2026","Fluid Milk (except ultra-high temperature)","NULL"," Email <---> Revenue ","145505","MARVA MAID DAIRY","5500 CHESTNUT AVE","NEWPORT NEWS","VA","23605","Newport News city","","7572453857","","","Unknown","","30600000","200","514300","Whl Dairy Pd","5","0","1"
"130120","National Fruit Product Co Inc","recruit@nfpc.com","550 Fairmont Ave","5406654671","5406623401","017505","Apple Products","www.whitehousefoods.com"," Email <---> Revenue ","158967","NATIONAL FRUIT PRODUCT CO INC","701 FAIRMONT AVE","WINCHESTER","VA","22601","Winchester city","","5406623401","5406654671","FRANK ARMSTRONG III","Chief Executive Office","M","48400000","550","017500","Deciduous Tr","5","0","1"
"94956","Reiss Manufacturing","reissmfg@reissmfg.com","1 Polymer Pl","4342921757","4342921600","305398","Gaskets-Packing & Sealing Devices (Mfrs)","www.reissmfg.com"," Email <---> Revenue ","637084","Reiss Manufacturing","1 Polymer Pl","Blackstone","VA","23824","Nottoway","www.reissmfg.com","4342921600","4342921757","Harry Newton","CEO","Mal","35860000","220","305398","Gaskets-Pack","5","0","1"
"279429","Acme Paper","restaurantequipment@acmepaper.com","815 Perry St","8042313150","8042338336","511101","Paper Products (Wholesale)","www.acmepaper.com"," Email <---> Revenue ","264937","Acme Paper","815 Perry St","Richmond","VA","23224","Richmond City","www.acmepaper.com","8042338336","8042313150","Bobby Watson","Manager","Mal","45330000","30","511101","Paper Produc","5","0","1"
"197214","Simpson Unlimited","simpson@simpsonunlimited.com","11121 Industrial Rd","7033611341","7033610841","176109","Roofing Contractors","www.simpsonunlimited.com"," Email <---> Revenue ","206335","SIMPSON UNLIMITED","11121 INDUSTRIAL RD","MANASSAS","VA","20109","Prince William","","7033610841","7033611341","JIM DOOLEY","President","M","35000000","200","176100","Roofg, Sheet","5","0","1"
"211034","Metro Machine Corp","smiley@memach.com","200 Ligon St","7574942868","7575436801","373101","Ship Builders & Repairers","www.memach.com"," Email <---> Revenue ","150444","METRO MACHINE CORP","200 LIGON ST","NORFOLK","VA","23523","Norfolk city","","7575436801","7574942868","RICHARD A GOLDBACH","Chief Executive Office","M","34500000","500","373100","Ship Bld, Re","5","0","1"
"58886","CHEMICAL Lime","solution@chemicallime.com","2093 Big Stony Creek Rd","8172821776","5406267163","327498","Lime-Manufacturers","www.chemicallime.com"," Email <---> Revenue ","331273","CHEMICAL Lime","2093 Big Stony Creek Rd","Ripplemead","VA","24150","Giles","www.chemicallime.com","5406267163","5406267234","Rick Werner","Plant Mgr","Mal","43200000","150","327498","Lime-Manufac","5","0","1"
"218467","American College Of Medical","switz@mcn.net","1891 Preston White Dr # 1","7032956773","7036488900","822101","Schools-Universities & Colleges Academic","www.acmp.org"," Email <---> Revenue ","278399","American College Of Medical","1891 Preston White Dr # 1","Reston","VA","20191","Fairfax","www.acmp.org","7036488900","7032956773","John Curry","CEO","Mal","31349000","165","822101","Schools-Univ","5","2","1"
"290084","Telecommunications Concepts","tcimail@tcicomm.com","5554 Port Royal Rd","7033215046","7033213030","506563","Telecommunication Equip/Syst-Whol/Mfrs","www.tcicomm.com"," Email <---> Revenue ","703349","Telecommunications Concepts","5554 Port Royal Rd","Springfield","VA","22151","Fairfax","www.tcicomm.com","7033213030","7033215046","Daniel M Testa","Owner","Mal","35350000","35","506563","Telecommunic","5","0","1"
"235952","Lightburn Farms","universal@gamebit.com","6726 S Seminole Trl","5409484263","5409484263","019101","Farms","www.gamebit.com"," Email <---> Revenue ","14585","AMSOIL MOTORWORKS","6726 S SEMINOLE TRL","ROCHELLE","VA","22738","Madison","","5409484263","","","Unknown","","40500000","1733","517204","Lubric Oils,","5","0","1"
"211179","Ehrlich Distribution","vicki.peth@jcehrlich.com","1416 Kelland Dr # E","7574948854","7574948852","731908","Distribution Services","www.ehrlichdistribution.com"," Email <---> Revenue ","78592","EHRLICH DISTRIBUTION","1416 KELLAND DR","CHESAPEAKE","VA","23320","Chesapeake city","","7574948852","7574948854","WILLIAM WATTS","Manager","M","40000000","3285","731900","Advertising ","5","0","1"
"13401","Richmond Alarm Company","wboggs@richmondalarm.com","6829F Atmore Drive","8047451117","8046749054","506324","Burglar Alarm Systems (Wholesale)","censtation.com"," Email <---> Revenue ","641158","Richmond Alarm Co","6829 Atmore Dr # F","Richmond","VA","23225","Richmond City","","8047451117","8046741824","Wayne Boggs","Owner","Mal","32900000","50","506308","Fire Alarm S","5","0","1"
"278241","Fels Entertaiment Inc","webmarketing@feldinc.com","8607 Westwood Center Dr","7034484100","7034484000","792211","Theatrical Managers & Producers","www.ringling.com"," Email <---> Revenue ","427127","Fels Entertaiment Inc","8607 Westwood Center Dr","Vienna","VA","22182","Fairfax","www.ringling.com","7034484000","7034484100","Kenneth Feld","CEO","Mal","42300000","300","792211","Theatrical M","5","0","1"
"110261","American Door","wforeman@avidmedical.com","9000 Westmont Drive","7575663510","7575663598","5211","Doors & windows","AVIDMEDICALINC.COM"," Email <---> Revenue ","21770","AVID MEDICAL","9000 WESTMONT DR","TOANO","VA","23168","James City","","7575663510","7575663598","MICHAEL SAHADY","Chief Executive Office","M","30000000","300","809900","Health Servi","5","2","1"
"238300","Prospect Waterproofing Co","wproofer@pwcompany.com","118 Acacia Ln","7034502397","7034502355","179931","Caulking Contractors","www.pwcompany.com"," Email <---> Revenue ","182440","PROSPECT WATERPROOFING CO","118 ACACIA LN","STERLING","VA","20166","Loudoun","","7034502355","7034502397","JIM STAMER","President","M","36000000","200","179913","Waterproofin","5","0","1"
