mail id,company,email,address,phone,fax,sic,sic description,web,,revenue id,company,address,city,state,zip,	metro,web,phone,fax,contact,position,gender,sales,# of employee,sic,sic_descrpiton,	,,
"91044","West Home Health Care Inc","jacquim@whhci.com","2277 Dabney Rd # I","8043534371","8043537703","504712","Hospital Equipment & Supplies (Whol)","www.whhci.com"," Email <---> Revenue ","245558","WEST HOME HEALTH CARE INC","2277 DABNEY RD STE I","RICHMOND","VA","23230","Henrico","","8043537703","8043534371","STEVE ROSENBLOOM","Chief Executive Office","M","15000000","100","504700","Medical, Hos","4","0","1"
"127259","Medical Staffing Network Inc","mhightower@tilsonpr.com","2770 Electric Rd","4098339583","5407257350","804908","Nurses & Nurses' Registries","www.msnhealth.com"," Email <---> Revenue ","558363","Medical Staffing Network Inc","2770 Electric Rd","Roanoke","VA","24018","Roanoke","www.msnhealth.com","5407257350","5407257351","Adean Holloway","Manager","Fem","12300000","150","804908","Nurses & Nur","4","0","1"
"222670","National Alliance-Mentally Ill","myaccount@myprovider.com","2107 Wilson Blvd # 300","3019495853","7035247600","806301","Mental Health Services","www.nami.org"," Email <---> Revenue ","158608","NATIONAL ALLIANCE-MENTALLY ILL","2107 WILSON BLVD STE 300","ARLINGTON","VA","22201","Arlington","","7035247600","7035249094","SUZANNE VOGEL-SCIBILIA","President","F","12000000","3217","283400","Pharmaceutic","4","0","1"
"261490","Care Advantage Inc","nurseadvantage@nurseadvantage.com","798 Southpark Blvd # 14","8045206813","8045205454","808201","Home Health Service","www.careadvantage.org"," Email <---> Revenue ","42153","CARE ADVANTAGE INC","1617 BOULEVARD","COLONIAL HGTS","VA","23834","Colonial Heights city","","8045205454","8045206813","OLIVIA JONES","Vice-President","F","16200000","170","808200","Home Health ","4","0","1"
"213609","Nursefinders","travelservices2@nursefinders.com","10762 Sudley Manor Dr","6192934600","7033351088","804908","Nurses & Nurses' Registries","www.nursefinders.com"," Email <---> Revenue ","164883","NURSEFINDERS","10762 SUDLEY MANOR DR","MANASSAS","VA","20109","Prince William","","7033351088","7033696221","CHRISTOPHER LLOYD","Manager","F","11400000","4193","736300","Help Supply ","4","0","1"
"269930","Addiction Treatment Ctr 24 Hr","vmilman@thewatershed.com","200 Congress Park Rd","2568950206","8043444402","806301","Mental Health Services","www.thewatershed.com"," Email <---> Revenue ","266060","Addiction Treatment Ctr 24 Hr","200 Congress Park Rd","Richmond","VA","23219","Richmond City","www.thewatershed.com","8043444402","","Chris Crosby","Sr VP","Mal","24300000","300","806301","Mental Healt","4","0","1"
"178334","Eastern Isotopes Inc","wim.lewi@fortisbank.com","100 Executive Dr # 3","7034780499","7037877900","504704","Physicians & Surgeons Equip & Supls-Whol","www.easternisotopes.com"," Email <---> Revenue ","406867","Eastern Isotopes Inc","100 Executive Dr # 3","Sterling","VA","20166","Loudoun","www.easternisotopes.com","7037877900","7034780499","John Thomas","Manager","Mal","20930000","35","504704","Physicians &","4","0","1"
"260233","Eastern Isotopes","xxx@iba-group.com","136 Musket Dr","5408681399","5408681398","512203","Pharmaceutical Products-Wholesale","www.easternisotopes.com"," Email <---> Revenue ","406870","Eastern Isotopes","136 Musket Dr","Winchester","VA","22602","Frederick","www.easternisotopes.com","5408681398","5408681399","Jeff Brannock","Manager","Mal","15323000","11","512203","Pharmaceutic","4","0","1"
"41393","Cadmus Group Inc","cadmus-gsa@cadmusgroup.com","1901 Fort Myer Dr","7032476004","7032476000","873111","Environmental & Ecological Services","www.cadmusgroup.com"," Email <---> Revenue ","332862","Cadmus Group Inc","1901 Fort Myer Dr","Arlington","VA","22209","Arlington","www.cadmusgroup.com","7032476000","7032476004","Ed Miller","Manager","Mal","12320000","70","873111","Environmenta","4","0","1"
"171828","Net 100","acareer@net100ltd.com","14120 Sullyfield Cir # H","7038181955","7038188606","173110","Cable/Wire-Installation-Voice/Data Syst","www.net100ltd.com"," Email <---> Revenue ","581663","Net 100","14120 Sullyfield Cir # H","Chantilly","VA","20151","Fairfax","www.net100ltd.com","7038188606","7038181955","Rod Cannon","Owner","Mal","15840000","120","173110","Cable/Wire-I","4","0","1"
"251121","Goodpasture Motor Co","ahubbard@goodpasturemotor.com","3415 Lee Hwy","2766690393","2766690311","551105","Truck-Dealers","www.goodpasturemotor.com"," Email <---> Revenue ","453412","Goodpasture Motor Co","3415 Lee Hwy","Bristol","VA","24202","Bristol City","www.goodpasturemotor.com","2766690311","2766690393","Frank Goodpasture","President","Mal","22645000","35","551105","Truck-Dealer","4","2","1"
"233315","Home-Kim Contractors","amar@homekim.com","10103 Residency Rd","7033300013","7033303300","176111","Siding Contractors","www.homekim.com"," Email <---> Revenue ","478295","Home-Kim Contractors","10103 Residency Rd","Manassas","VA","20110","Manassas City","www.homekim.com","7033303300","7033300013","Jontil Kim","Owner","Mal","24800000","200","176111","Siding Contr","4","0","1"
"266711","S L Nusbaum Realty Co","amyers@slnusbaum.com","1 Commercial Pl","7576402207","7578773951","653117","Real Estate Consultants","www.slnusbaum.com"," Email <---> Revenue ","654612","S L Nusbaum Realty Co","1 Commercial Pl","Newport News","VA","23606","Newport News","www.slnusbaum.com","7578773951","7576402207","Miles Leon","President","Mal","13400000","100","653117","Real Estate ","4","0","1"
"293463","Cycle Systems Inc","apannick@cyclesystems.com","991 Lawyers Rd","4342370001","4342376666","509312","Recycling Centers (Wholesale)","www.cyclesystems.com"," Email <---> Revenue ","379578","Cycle Systems Inc","991 Lawyers Rd","Lynchburg","VA","24501","Lynchburg City","www.cyclesystems.com","4342376666","4342370001","Richard Lerner","Manager","Mal","17560000","40","509312","Recycling Ce","4","0","1"
"269698","Old Dominion Brush Co","aprilc@odbco.com","5118 Glen Alden Dr","8162416765","8042264433","399102","Brush-Manufacturers","www.theodbco.com"," Email <---> Revenue ","592993","Old Dominion Brush Co","5118 Glen Alden Dr","Richmond","VA","23231","Henrico","www.odbco.com","8042264433","8042266914","Tim Brizzolara","Owner","Mal","16000000","100","399102","Brush-Manufa","4","0","1"
"159317","Alpine Armoring Inc","armor@alpineco.com","570 Herndon Pkwy","7034710202","7034710002","509901","Exporters","www.alpineco.com"," Email <---> Revenue ","11931","ALPINE ARMORING INC","570 HERNDON PKWY","HERNDON","VA","20170","Fairfax","","7034710002","7036501020","FRED KHOROUSHI","President","M","14100000","65","509907","Exporters","4","0","1"
"245222","Fireline Co","baltimore@fireline.com","12 Cardinal Park Dr SE # 103","4102474676","7037798728","509903","Fire Extinguishers (Wholesale)","www.fireline.com"," Email <---> Revenue ","429068","Fireline Co","12 Cardinal Park Dr SE # 103","Leesburg","VA","20175","Loudoun","www.fireline.com","7037798728","7037790112","Tom Smallwood","Manager","Mal","14160000","15","509903","Fire Extingu","4","0","1"
"289748","E Dillon & Co","barryl@edillon.com","RR 1 Box 800","2768734208","2768736816","142298","Crushed & Broken Limestone","www.edillon.com"," Email <---> Revenue ","75827","E DILLON & CO","2522 SWORDS CREEK RD","SWORDS CREEK","VA","24649","Russell","","2768736816","2768734208","DAVID SKIDMORE","President","M","12500000","120","142200","Crushed,Brkn","4","0","1"
"284275","Corrpro Co Inc","basecoat@corrpro.com","1160 Pickett Rd","6036440887","7578574900","162325","Corrosion Control","www.corrpro.com"," Email <---> Revenue ","370441","Corrpro Co Inc","1160 Pickett Rd","Norfolk","VA","23502","Norfolk City","www.corrpro.com","7578574900","","Ken Koch","Manager","Mal","11690000","70","162325","Corrosion Co","4","0","1"
"260466","Monette Information Systems","basse@smithfieldhams.com","1 Monette Pkwy","7573570562","7573579222","596102","Mail Order & Catalog Shopping","www.basseschoice.com"," Email <---> Revenue ","568725","Monette Information Systems","1 Monette Pkwy","Smithfield","VA","23430","Isle Of Wight","www.basseschoice.com","7573579222","7573570562","Alan V Monette","CEO","Mal","20350000","50","596102","Mail Order &","4","0","1"
"271765","Bass Pro Shops Outdoor World","beckyhood@trackermarine.com","1972 Power Plant Pkwy","2483332038","7572625200","594113","Sporting Goods-Retail","www.basspro.com"," Email <---> Revenue ","302732","Bass Pro Shops Outdoor World","1972 Power Plant Pkwy","Hampton","VA","23666","Hampton City","www.basspro.com","7572625200","7578252260","John Meyers","Manager","Mal","14800000","100","594113","Sporting Goo","4","0","1"
"271443","Betty''s Azalea Ranch","bettys@bettysazalearanch.com","12507 Lee Hwy","7038308687","7038308687","526108","Nurserymen","www.bettysazalearanch.com"," Email <---> Revenue ","29211","BETTYS AZALEA RANCH","12507 LEE HWY","FAIRFAX","VA","22030","Fairfax city","","7038308687","","STEPHEN COCKERHAM","Owner","M","12300000","70","249900","Wood Product","4","0","1"
"65098","Baskervill & Son","bfarmer@baskervill.com","null","null","8046485518","019101","FARMS","http://www.baskervill.com"," Email <---> Revenue ","25378","BASKERVILL & SON","101 S 15TH ST STE 200","RICHMOND","VA","23219","Richmond city","","8043431010","8043430909","BOB CLARK","President","M","11100000","100","871200","Architectura","4","0","1"
"229062","Basnight Land & Lawn Inc","billd@basnightlandandlawn.com","1401 Precon Dr # 105","7574360112","7574369617","078204","Landscape Contractors","www.basnightlandandlawn.com"," Email <---> Revenue ","302701","Basnight Land & Lawn Inc","1401 Precon Dr # 105","Chesapeake","VA","23320","Chesapeake","www.basnightlandandlawn.com","7574369617","7574360112","Kent Basnight","Owner","Mal","16800000","200","78204","Landscape Co","4","1","1"
"289091","Damuth Services","bmitchell@trane.com","1100 Cavalier Blvd","7575589715","7575580200","171117","Air Conditioning Contractors & Systems","www.damuth.com"," Email <---> Revenue ","383063","Damuth Services","1100 Cavalier Blvd","Chesapeake","VA","23323","Chesapeake","www.damuth.com","7575580200","7575589715","Don Damuth","Owner","Mal","18980000","130","171117","Air Conditio","4","0","1"
"268835","Ellwood Thompsons Natural Mrkt","bmurchison@ellwoodthompsons.com","4 N Thompson St","8043598529","8043597525","549901","Health & Diet Foods-Retail","www.ellwoodthompsons.com"," Email <---> Revenue ","412608","Ellwood Thompsons Natural Mrkt","4 N Thompson St","Richmond","VA","23221","Richmond City","www.ellwoodthompsons.com","8043597525","8043598529","Nina Marino","Manager","Fem","11110000","101","549901","Health & Die","4","0","1"
"284490","Colgan Air Inc","bobcolgan@colganair.com","10677 Aviation Ln","5083258848","7033688880","451201","Airline Companies","www.colganair.com"," Email <---> Revenue ","55047","COLGAN AIR INC","10660 AVIATION LN","MANASSAS","VA","20110","Manassas city","","7033687136","","MICHAEL J COLGAN","President","M","23800000","378","451200","Scheduled Ai","4","0","1"
"217476","RST Marketing Assoc Inc","bon@aweber.com","1272 Corporate Park Dr","4345252254","4345251027","733101","Mailing & Shipping Services","www.rstmkt.com"," Email <---> Revenue ","630247","RST Marketing Assoc Inc","1272 Corporate Park Dr","Forest","VA","24551","Bedford","www.rstmkt.com","4345251027","4345252254","Glen Thomas","Owner","Mal","10350000","75","733101","Mailing & Sh","4","0","1"
"249395","Williams Gas Pipeline-Transco","brian.shore@williams.com","345 Greenbrier Dr","9703853891","4349734384","461201","Pipe Line Companies","www.williams.com"," Email <---> Revenue ","752055","Williams Gas Pipeline-Transco","345 Greenbrier Dr","Charlottesville","VA","22901","Albemarle","www.williams.com","4349734384","4349642130","James Shannon","Executive Director","Mal","11440000","16","461201","Pipe Line Co","4","0","1"
"34302","Progress Press Inc Of Roanoke","brianw@progresspress.com","2922 Nicholas Ave NE","5403426526","5403451820","275998","Commercial Printing Nec","www.progresspress.com"," Email <---> Revenue ","622849","Progress Press Inc Of Roanoke","2922 Nicholas Ave NE","Roanoke","VA","24012","Roanoke City","www.progresspress.com","5403451820","5403426526","Robert Chocklett","President","Mal","14729000","103","275998","Commercial P","4","0","1"
"287681","Motley Fool Inc","brichards@fool.com","123 N Pitt St","7036843603","7038383665","874213","Marketing Programs & Services","www.fool.com"," Email <---> Revenue ","571528","Motley Fool Inc","123 N Pitt St","Alexandria","VA","22314","Alexandria Cty","www.fool.com","7038383665","7036843603","Scott Schedler","CEO","Mal","17000000","100","874213","Marketing Pr","4","0","1"
"238065","Lester Building Supply","bwhitlow@lestergroup.com","14 Liberty Street Ext","2766563259","2766388834","521126","Building Materials","www.lestergroup.com"," Email <---> Revenue ","136020","LESTER BUILDING SUPPLY","14 LIBERTY ST","MARTINSVILLE","VA","24112","Henry","","2766388834","2766322117","GEORGE W LESTER II","Chief Executive Office","M","17500000","199","523102","Paint,Painti","4","0","1"
"29048","ASTA","cahearn@astahq.com","1101 King Street","null","7037397642","472402","Travel Agencies & Bureaus","null"," Email <---> Revenue ","261849","ASTA","1101 King St # 200","Alexandria","VA","22314","Alexandria Cty","","7037392782","7036848319","Bill Maloney","Manager","Mal","17000000","100","874213","Marketing Pr","4","0","1"
"286036","Daily News Record","caldwell@dnronline.com","231 S Liberty St","5404339112","5405746230","731106","Advertising-Newspaper","www.dnronline.com"," Email <---> Revenue ","65964","DAILY NEWS RECORD","231 S LIBERTY ST","HARRISONBURG","VA","22801","Harrisonburg city","","5405746230","5404339112","PETER YATES","Manager","M","16300000","125","731300","Radio, Tv, P","4","0","1"
"283607","Progress Printing Co","campaign04@progpress.com","2677 Waterlick Rd","4348327566","4342399213","275202","Printers","www.progpress.com"," Email <---> Revenue ","182147","PROGRESS PRINTING CO","2677 WATERLICK RD","LYNCHBURG","VA","24502","Lynchburg city","","4342399213","4342371618","MICHAEL A THORNTON","President","M","22100000","320","275200","Litho,Coml P","4","0","1"
"269701","EIT Inc","carop2@eitinc.com","108 Carpenter Dr","7034780291","7034780700","367203","Circuit Board Assembly & Repairs (Mfrs)","www.eitinc.com"," Email <---> Revenue ","78688","EIT INC","108 CARPENTER DR","STERLING","VA","20164","Loudoun","","7034780700","7034780291","JOE MAY","President","M","11000000","160","367200","Printed Circ","4","0","1"
"138992","American Builders Of Virginia","cawthons@thecancercrusade.com","1 Felton Pl","7578255799","7578251504","521107","Windows","www.thecancercrusade.com"," Email <---> Revenue ","278186","American Builders Of Virginia","1 Felton Pl","Hampton","VA","23666","Hampton City","www.thecancercrusade.com","7578251504","7578255799","Roger Cawthon","Owner","Mal","15480000","60","521107","Windows","4","0","1"
"132238","Lynnhaven Marine","cguthrie@lynnhavenmarine.com","2150 W Great Neck Rd","7574817124","7574810700","3732","Boat Building and Repairing (boat building)","NULL"," Email <---> Revenue ","141255","LYNNHAVEN MARINE","2150 W GREAT NECK RD","VIRGINIA BCH","VA","23451","Virginia Beach city","","7574810700","7574817124","CHARLES GUTHRIE","Chief Executive Office","M","10900000","65","449300","Marinas","4","0","1"
"284269","Comprehensive Heatlh Svc Inc","chsupdates@keenanpr.com","8229 Boone Blvd # 700","7037600894","7032885440","809905","Health & Welfare Agencies","www.chsmedical.com"," Email <---> Revenue ","365833","Comprehensive Heatlh Svc Inc","8229 Boone Blvd # 700","Vienna","VA","22182","Fairfax","www.chsmedical.com","7032885440","7037600894","Mel Hall","Owner","Mal","11200000","100","809905","Health & Wel","4","2","1"
"227942","Catalina Cylinders","cliffsales@catalinacylinders.com","2400 Aluminum Ave","7578960206","7578969100","281301","Gas-Ind & Medical-Cylinder & Bulk-Mfrs","www.catalinacylinders.com"," Email <---> Revenue ","44309","CATALINA CYLINDERS","2400 ALUMINUM AVE","HAMPTON","VA","23661","Hampton city","","7578969100","7578960206","JEFF CUNNINGHAM","Vice-President","M","19700000","176","281300","Industrial G","4","0","1"
"277132","Compuware Corp","compuware.recruiting@compuware.com","8201 Greensboro Dr # 400","6157428404","7037498555","737401","Data Processing Service","www.compuware.com"," Email <---> Revenue ","366592","Compuware Corp","8201 Greensboro Dr # 400","Mc Lean","VA","22102","Fairfax","www.compuware.com","7037498555","7037493601","Jim Bruning","Manager","Mal","10710000","70","737401","Data Process","4","0","1"
"168520","Zeta Associates Inc","contact.zeta@zai.com","10302 Eaton Pl # 500","7033598686","7033857050","873106","Electronic Research & Development","www.zai.com"," Email <---> Revenue ","761382","Zeta Associates Inc","10302 Eaton Pl # 500","Fairfax","VA","22030","Fairfax City","www.zai.com","7033857050","7033598686","John Nelson","President","Mal","17200000","69","873106","Electronic R","4","0","1"
"270889","Atlantic Diving Supply","cs@ads-primevendor.com","1413 N Great Neck Rd","7574812039","7574817758","594137","Divers Equipment & Supplies","www.ads-primevendor.com"," Email <---> Revenue ","292019","Atlantic Diving Supply","1413 N Great Neck Rd","Virginia Beach","VA","23454","Virginia Beach","www.ads-primevendor.com","7574817758","7574812039","Dan Clarkson","Owner","Mal","10360000","70","594137","Divers Equip","4","0","1"
"135203","Capitol Securities Group","csic@capitalsecurities.com","7918 Jones Branch Dr # 800","6307051660","7038212010","622104","Commodity Brokers","www.capitalsecurities.com"," Email <---> Revenue ","336196","Capitol Securities Group","7918 Jones Branch Dr # 800","Mc Lean","VA","22102","Fairfax","www.capitalsecurities.com","7038212010","7038217586","Pat Ross","Owner","Mal","14680000","40","622104","Commodity Br","4","0","1"
"258416","Sharp Shopper","customercomments@sharpshopper.net","2475 S Main St # A","5405640432","5404348848","541105","Grocers-Retail","www.sharpshopper.net"," Email <---> Revenue ","203561","SHARP SHOPPER","2475 S MAIN ST STE A","HARRISONBURG","VA","22801","Harrisonburg city","","5404348848","5405640432","LEONARD CLYMER","Manager","M","10700000","60","541100","Grocery Stor","4","0","1"
"279946","Hampton Roads Sanitation Distr","customerinquiry@hrsd.com","1436 Air Rail Ave","7574602372","7574602491","495307","Sanitation Services","www.hrsd.com"," Email <---> Revenue ","464889","Hampton Roads Sanitation Distr","1436 Air Rail Ave","Virginia Beach","VA","23455","Virginia Beach","www.hrsd.com","7574602491","7574602372","D R Wheeler","Manager","Mal","16275000","75","495307","Sanitation S","4","0","1"
"270286","Invensys Control Systems","dan.griffiths@invensys.com","1701 Byrd Ave","2609823537","8047566500","382204","Controls Control Systems/Regulators-Mfrs","www.invensys.com"," Email <---> Revenue ","490743","Invensys Control Systems","1701 Byrd Ave","Richmond","VA","23230","Henrico","www.invensys.com","8047566500","8047566565","Rod Powell","President","Mal","10680000","60","382204","Controls Con","4","0","1"
"104035","Craft Machine Works","dano@craftmachine.com","2506 58th St","6102409470","7578388910","349903","Metal Goods-Manufacturers","www.craftmachine.com"," Email <---> Revenue ","61497","CRAFT MACHINE WORKS","2102 48TH ST","HAMPTON","VA","23661","Hampton city","","7573808615","7573809120","DANNY SCHRUM","President","M","12500000","150","359900","Industrial M","4","0","1"
"291394","Augusta Co-Op Farm Bureau Inc","dcraig@augustacoop.com","1340 New Hope Rd","5409490248","5409435571","519102","Farm Supplies (Wholesale)","www.augustacoop.com"," Email <---> Revenue ","293251","Augusta Co-Op Farm Bureau Inc","1340 New Hope Rd","Waynesboro","VA","22980","Waynesboro","www.augustacoop.com","5409435571","5409490248","Todd Jones","Manager","Mal","14630000","22","519102","Farm Supplie","4","0","1"
"197717","Cruise Planners","deborah@deepbluecozumel.com","21519 Trowbridge Sq","7038589898","7038589898","472406","Cruises","www.storybookcruises.com"," Email <---> Revenue ","63132","CRUISE PLANNERS","21519 TROWBRIDGE SQ","ASHBURN","VA","20147","Loudoun","","7038589898","","PETE PETERSON","Manager","M","10100000","819","472400","Travel Agenc","4","0","1"
"278790","Sutron Corp","dfarrell@sutron.com","21300 Ridgetop Cir","8136578933","7034062800","382998","Measuring/Controlling Devices Nec (Mfrs)","www.sutron.com"," Email <---> Revenue ","219474","SUTRON CORP","21300 RIDGETOP CIR","STERLING","VA","20166","Loudoun","","7034062800","7034062801","RAUL S MCQUIVEY","Chief Executive Office","M","15400000","78","382900","Measur, Ctrl","4","0","1"
"30355","Tysinger Motor Company","diana@tysinger.com","2712 Magruder Blvd","7578656882","7577662661","559999","Ret Misc Vehicles Repair Services Plumbing/heating/air","sales@tysinger.dealerspace.com"," Email <---> Revenue ","230499","TYSINGER MOTOR COMPANY","2712 MAGRUDER BLVD","HAMPTON","VA","23666","Hampton city","","7578658000","","","Unknown","","18200000","45","551100","New & Used C","4","0","1"
"292810","Bennett's Creek Whole Nursery","diane@bcnursery.com","3613 Bridge Rd","7574839058","7574831425","519306","Nurseries","www.bcnursery.com"," Email <---> Revenue ","307602","Bennett's Creek Whole Nursery","3613 Bridge Rd","Suffolk","VA","23435","Suffolk City","www.bcnursery.com","7574831425","7574839058","Wayne K Sawyer","Owner","Mal","14235000","65","519306","Nurseries-Pl","4","0","1"
"282743","Commonwealth/Martin","dmas@cms-mpc.com","1700 Venable St","8047801700","8047829876","733105","Advertising-Direct Mail","www.cms-mpc.com"," Email <---> Revenue ","57115","COMMONWEALTH/MARTIN","1700 VENABLE ST","RICHMOND","VA","23223","Richmond city","","8047801700","8047829876","DAVID CAMPBELL","President","M","13500000","75","275900","Coml Printin","4","0","1"
"126722","Packaging Corp Of America","donald.woodward@packagingcorp.com","1005 Industry Cir Se","5404273102","540-427-3164","2653","Corrugated and Solid Fiber Boxes","NULL"," Email <---> Revenue ","599601","Packaging Corp Of America","1005 Industry Cir SE","Roanoke","VA","24013","Roanoke City","www.packagingcorp.com","5404273164","5404273102","Don Woodward","Manager","Mal","13083000","49","265301","Corrugated &","4","0","1"
"241020","Infoseal","dooley@infoseal.com","1825 Blue Hills Cir NE","5409811021","5409811021","276101","Printers-Business Forms","www.infoseal.com"," Email <---> Revenue ","487179","Infoseal","1825 Blue Hills Cir NE","Roanoke","VA","24012","Roanoke City","www.infoseal.com","5409811021","","David Yost","Manager","Mal","11115000","45","276101","Printers-Bus","4","0","1"
"236660","WVIR","drmorin@morinandbarkley.com","503 E Market St","4342202904","4342202900","731305","Advertising-Television","www.nbc29.com"," Email <---> Revenue ","251238","WVIR","503 EAST MARKET ST","CHARLOTTESVLE","VA","22902","Charlottesville city","","4342202900","4342202904","HAROLD WRIGHT","President","M","13000000","100","731300","Radio, Tv, P","4","0","1"
"249688","MCL Corp General Ofc","eking@foodsofallnations.com","2121 Ivy Rd","4342964788","4342962000","541105","Grocers-Retail","www.foodsofallnations.com"," Email <---> Revenue ","148380","MCL CORP GENERAL OFC","2121 IVY RD","CHARLOTTESVLE","VA","22903","Charlottesville city","","4342962000","4342964788","JAMES K BROWN","President","M","14200000","80","541100","Grocery Stor","4","0","1"
"47063","Springfield Nursery","enquiry@springfieldnursery.com","6705 Electronic Dr # B","7039141227","7039141225","078204","Landscape Contractors","www.springfieldnursery.com"," Email <---> Revenue ","682021","Springfield Nursery","6705 Electronic Dr # B","Springfield","VA","22151","Fairfax","www.springfieldnursery.com","7039141225","7039141227","Jeff Lichtensles","President","Mal","12600000","150","78204","Landscape Co","4","1","1"
"257756","MPR Assoc Inc","erunnerstrom@mpr.com","320 King St # 400","7035190224","7035190200","871111","Engineers-Consulting","www.mpra.com"," Email <---> Revenue ","543192","MPR Assoc Inc","320 King St # 400","Alexandria","VA","22314","Alexandria Cty","www.mpra.com","7035190200","7035190224","Doug Chapin","Partner","Mal","18960000","120","871111","Engineers-Co","4","0","1"
"131437","Explosive Counter Measures","eseuter@nobombs.net","10471 Warland Rd # 100","5403646900","5403646900","516903","Explosives (Wholesale)","www.explosivecountermeasures.com"," Email <---> Revenue ","419206","Explosive Counter Measures","10471 Warland Rd # 100","Marshall","VA","20115","Fauquier","www.explosivecountermeasures.com","5403646900","","Ed Seuter","Owner","Mal","20020000","20","516903","Explosives (","4","0","1"
"184967","Greenway Engineering","everyone@greenway.com","151 Windy Hill Ln","5407229528","5406624185","871110","Engineers-Civil","www.greenwayeng.com"," Email <---> Revenue ","457602","Greenway Engineering","151 Windy Hill Ln","Winchester","VA","22602","Frederick","www.greenwayeng.com","5406624185","5407229528","Mark Smith","Owner","Mal","12640000","80","871110","Engineers-Ci","4","0","1"
"276049","Communications Engineering Inc","fgiliotti@commeng.com","8500 Cinder Bed Rd # 100","7035505180","7035505800","874823","Communications Consultants","www.commeng.com"," Email <---> Revenue ","364762","Communications Engineering Inc","8500 Cinder Bed Rd # 100","Newington","VA","22122","Fairfax","www.commeng.com","7035505800","7035505180","Larry Brody","President","Mal","13500000","60","874823","Communicatio","4","0","1"
"100365","Wanchese Fish Co","fishco@wanchese.com","48 Water St","7576734536","7577221443","514601","Seafood-Wholesale","www.wanchese.com"," Email <---> Revenue ","242836","WANCHESE FISH CO","48 WATER ST","HAMPTON","VA","23663","Hampton city","","7577221443","7576734536","SAMUEL DANIEL","Manager","M","10000000","234","027300","Animal Aquac","4","0","1"
"269417","Earth Tech Inc","frank.pollare@earthtech.com","675 N Washington St # 300","9042797230","7035498728","871120","Engineers-Environmental","www.earthtech.com"," Email <---> Revenue ","406057","Earth Tech Inc","675 N Washington St # 300","Alexandria","VA","22314","Alexandria Cty","www.earthtech.com","7035498728","7035499134","Brian Burgher","VP","Mal","15800000","100","871120","Engineers-En","4","0","1"
"43613","Valley Industrial Plastics Inc","froggoman@homestead.com","480 Shady Elm Rd","5408693787","5408696828","308901","Mold Makers","www.vipva.com"," Email <---> Revenue ","235687","VALLEY INDUSTRIAL PLASTICS INC","3199 VALLEY PIKE","WINCHESTER","VA","22602","Frederick","","5407238855","5407230877","JAMES LANTZ","President","M","10900000","75","509300","Scrap & Wast","4","0","1"
"137663","Waynesboro Nurseries Inc","frontdesk@waynesboronurseries.com","2597 Lyndhurst Rd","5409463814","5409463800","526108","Nurserymen","www.waynesboronurseries.com"," Email <---> Revenue ","744889","Waynesboro Nurseries Inc","2597 Lyndhurst Rd","Waynesboro","VA","22980","Waynesboro","www.waynesboronurseries.com","5409463800","5409463814","Ed Quillen","President","Mal","13500000","100","526108","Nurserymen","4","0","1"
"265973","Symbol Mattress Co","ftrice@symbolmattress.com","1814 High Point Ave","4072405368","8043538965","251598","Mattresses/Foundations/Conv Beds (Mfrs)","www.symbolmattress.com"," Email <---> Revenue ","219938","SYMBOL MATTRESS CO","4901 FITZHUGH AVE STE 300","RICHMOND","VA","23230","Henrico","","8042541711","8042542119","CHARLES H NEAL","Chief Executive Office","M","11300000","150","571905","Beddings And","4","0","1"
"139611","Harrison''s Moving & Storage","ggompers@harrisonsmoving.com","1010 Cavalier Blvd","7573971248","7573971248","473102","Freight-Consolidating","www.harrisonsmoving.com"," Email <---> Revenue ","107365","HARRISONS MOVING & STORAGE","1010 CAVALIER BLVD","CHESAPEAKE","VA","23323","Chesapeake city","","7573971248","7573975405","JOHN MULLEN","President","M","17300000","100","473100","Frt Transp A","4","0","1"
"256549","Advex Corp","ghill@advex.net","121 Floyd Thompson Blvd","7578651328","7578650920","349903","Metal Goods-Manufacturers","www.advex.net"," Email <---> Revenue ","268287","Advex Corp","121 Floyd Thompson Blvd","Hampton","VA","23666","Hampton City","www.advex.net","7578650920","7578651328","George Hill Jr","President","Mal","17810000","130","349903","Metal Goods-","4","0","1"
"267643","New Skies Network Inc","glen.tindall@ses-newskies.com","8000 Gainsford Ct","7033304934","7033305727","484103","Satellite Comms Services-Common Carrier","www.newskies.com"," Email <---> Revenue ","583997","New Skies Network Inc","8000 Gainsford Ct","Bristow","VA","20136","Prince William","www.newskies.com","7033305727","7033304934","Gary Cruickshank","Manager","Mal","10848000","32","484103","Satellite Co","4","0","1"
"229545","Nomadic Display","hlenze@nomadicdisplay.com","5617 Industrial Dr # E","9738129835","7033332022","731901","Display Designers & Producers","www.nomadicdisplay.com"," Email <---> Revenue ","162884","NOMADIC DISPLAY","5617 INDUSTRIAL DR","SPRINGFIELD","VA","22151","Fairfax","","7033332022","7038661869","JUDY WATSON","Chief Executive Office","F","19500000","150","731900","Advertising ","4","0","1"
"280669","Rehau Inc","hr.leesburg@rehau.com","1501 Edwards Ferry Rd NE","7037773053","7037775255","308904","Plastics-Extruders (Manufacturers)","www.rehau-na.com"," Email <---> Revenue ","188905","REHAU INC","1501 EDWARDS FERRY RD NE","LEESBURG","VA","20176","Loudoun","","7037775255","7037773053","KATHLEEN SAYLOR","Chief Executive Office","M","11800000","185","308900","Plastic Pdts","4","0","1"
"289350","International Veneer","humanhr@ivcusa.com","1551 Montgomery St","4344472895","4344477100","243501","Plywood & Veneers-Manufacturers","www.ivcusa.com"," Email <---> Revenue ","118384","INTERNATIONAL VENEER","1551 MONTGOMERY ST","SOUTH HILL","VA","23970","Mecklenburg","","4344477100","4344472895","SCOTT EDWARDS","Chief Executive Office","M","12000000","200","243500","Hardwd Venee","4","0","1"
"129591","Healthy Back Store","humanres@healthyback.com","8245 Backlick Rd # B","7033394288","7033397100","571209","Beds-Retail","www.healthyback.com"," Email <---> Revenue ","108574","HEALTHY BACK STORE","8245 BACKLICK RD STE B","LORTON","VA","22079","Fairfax","","7033397100","7033394288","JOSEPH LILLI","Manager","M","16000000","122","571201","Beds And Acc","4","0","1"
"247556","UTD Inc","iiscommunications@raytheon.com","8350 Alban Rd","7034554675","7034408834","871106","Engineers","www.utdinc.com"," Email <---> Revenue ","234827","UTD INC","8350 ALBAN RD","SPRINGFIELD","VA","22150","Fairfax","","7034408834","7034554675","JOHN HILL","Owner","M","14000000","140","871100","Engineering ","4","0","1"
"201095","Designers & Planners Inc","inquiries@dandp.com","2120 Washington Blvd # 200","7039207177","7039207070","871126","Engineers-Marine","www.dandp.com"," Email <---> Revenue ","391449","Designers & Planners Inc","2120 Washington Blvd # 200","Arlington","VA","22204","Arlington","www.dandp.com","7039207070","7039207177","Joe Salsich","President","Mal","12640000","80","871126","Engineers-Ma","4","0","1"
"259139","INTERSTATE VAN LINES","interstate@invan.com","1960 Greenwood Glen Drive","null","null","421401","Movers","CHOOSEINTERSTATE.COM;DODMOVE.COM;FSMPMOVE.COM;FSMPMOVER.COM;FULLSERVICEMOVE.COM;FULLSERVICEMOVER.COM"," Email <---> Revenue ","118509","INTERSTATE VAN LINES","5801 ROLLING RD","SPRINGFIELD","VA","22152","Fairfax","","7035694200","7035693006","ARTHUR MORRISSETTE","President","M","22800000","300","421401","Furn Move,St","4","0","1"
"275549","Proforma Mid Atlantic","jackied@pmava.com","2121 Rosalind Ave SW","5403431076","5403431076","511207","Business Forms & Systems (Wholesale)","www.pmava.com"," Email <---> Revenue ","182123","PROFORMA MID ATLANTIC","2121 ROSALIND AVE SW","ROANOKE","VA","24014","Roanoke city","","5403431076","","","Unknown","","14000000","1010","511206","Business For","4","0","1"
"100675","Jared Galleria Of Jewelry","jandraffiliates@linkshare.com","11724 W Broad St","8043646382","8043644915","594409","Jewelers-Retail","www.jr.com"," Email <---> Revenue ","122290","JARED GALLERIA OF JEWELRY","11724 W BROAD ST","RICHMOND","VA","23233","Henrico","","8043644915","8043646382","KELLY WILEY","Manager","M","11700000","12379","594402","Jewel,Prec S","4","0","1"
"256571","ABR Svc Inc","janet@abrservices.com","7400 Lockport Pl","7035500247","7035507310","733108","Letter Shop Service","www.abrservices.com"," Email <---> Revenue ","260628","ABR Svc Inc","7400 Lockport Pl","Lorton","VA","22079","Fairfax","www.abrservices.com","7035507310","7035500247","Mark Thompson","Owner","Mal","13800000","100","733108","Letter Shop ","4","0","1"
"278778","Richmond Ballet","jbachman@richmondballet.com","407 E Canal St","8043440902","8043440906","792215","Dance Companies","www.richmondballet.com"," Email <---> Revenue ","641234","Richmond Ballet","407 E Canal St","Richmond","VA","23219","Richmond City","www.richmondballet.com","8043440906","8043440902","Stoner Winslett","Manager","Fem","14100000","100","792215","Dance Compan","4","1","1"
"269553","Tax Analysts","jbeezer@stelron.com","6830 Fairfax Dr","7035334444","703-533-4400","3545","Cutting Tools","Machine Tool Accessories"," Email <---> Revenue ","701408","Tax Analysts","6830 Fairfax Dr","Arlington","VA","22213","Arlington","www.taxanalysts.com","7035334400","7035334444","Chris Bergin","CEO","Mal","10700000","250","273101","Publishers-B","4","0","1"
"183054","Latino Roofing & Repair","jblanks@roofsys.com","5739 Hull Street Road #12","8042312875","8042316326","176109","Roofing Contractors","ROOFSYS.COM;ROOFSYSTEMS.COM"," Email <---> Revenue ","195138","ROOF SYSTEMS-VIRGINIA","501 JEFFERSON DAVIS HWY","RICHMOND","VA","23224","Richmond city","","8042312875","8042316326","MALCOLM NUNN JR","Owner","M","21000000","120","176100","Roofg, Sheet","4","0","1"
"256961","Virginia Beach Public Works","jchapman@oca.vbgov.com","2405 Courthouse Dr # 2","7574375677","7574274167","161104","Parking Area/Lots Maintenance & Marking","www.vbgov.com"," Email <---> Revenue ","238568","VIRGINIA BEACH PUBLIC WORKS","2633 LEROY RD","VIRGINIA BCH","VA","23456","Virginia Beach city","","7573854661","7573851889","REGGIE PADGETT","Manager","M","10300000","81","161100","Highway & St","4","0","1"
"293121","Old Dominion Truck Leasing","jcongdon@odleasing.com","7511 Whitepine Rd","8042757847","8042757832","751303","Truck Renting & Leasing","www.odleasing.com"," Email <---> Revenue ","593282","Old Dominion Truck Leasing","7511 Whitepine Rd","Richmond","VA","23237","Chesterfield","www.odleasing.com","8042757832","8042757847","Jeff Congdon","President","Mal","14000000","25","751303","Truck Rentin","4","0","1"
"5490","Herbalife","jcossaboon@hohnerusa.com","1000 Technology Park Drive","8045151900","null","8999","Services NEC","HOHNERDEALERS.COM^^MELODYBYMAIL.COM^^ROCKBAG.COM^^SONORDEALERS.COM"," Email <---> Revenue ","111599","HOHNER INC","1000 TECHNOLOGY PARK DR","GLEN ALLEN","VA","23059","Henrico","","8045151900","","CAREY LOCKHART","Chief Executive Office","M","13800000","55","874203","Mrkting Cons","4","0","1"
"275841","Crofton Diving Corp","jdavis@croftondiving.com","16 Harper Rd","7573978693","7573971131","162903","Marine Contractors & Designers","www.croftondiving.com"," Email <---> Revenue ","62602","CROFTON DIVING CORP","16 HARPER RD","PORTSMOUTH","VA","23707","Portsmouth city","","7573971131","7573978693","KENNETH J CROFTON","Vice-President","M","18000000","80","738900","Business Svs","4","0","1"
"193597","Town & Country Landscaping Inc","jds@tnc.com","8906 Telegraph Rd","6142285341","7035508022","078204","Landscape Contractors","www.tnc.com"," Email <---> Revenue ","712818","Town & Country Landscaping Inc","8906 Telegraph Rd","Lorton","VA","22079","Fairfax","www.tnc.com","7035508022","7035506040","Harold Aderholt","Owner","Mal","10500000","125","78204","Landscape Co","4","1","1"
"20635","United Sprinkler Co","jgallagher@unitedsprinkler.com","80 Potomac Creek Dr","5406594675","5406594675","508734","Sprinklers-Automatic-Fire (Wholesale)","www.unitedsprinkler.com"," Email <---> Revenue ","232804","UNITED SPRINKLER CO","80 POTOMAC CREEK DR","FREDERICKSBRG","VA","22405","Stafford","","5406594675","5406597575","JOE SULLIVAN","President","M","11200000","60","356900","General Indu","4","0","1"
"127871","Communications Electronics-Va","jsluyter@cevinc.com","2740 Gallows Rd # A","7038498104","7036981222","506504","Radio Communication Equip & Systems-Whol","www.cevinc.com"," Email <---> Revenue ","364761","Communications Electronics-Va","2740 Gallows Rd # A","Vienna","VA","22180","Fairfax","www.cevinc.com","7036981222","7038498104","Terry Zaccarino","Owner","Mal","15150000","15","506504","Radio Commun","4","0","1"
"195980","Floor Studio","julie@mcdanielinc.com","15388 Old Spotswood Trl","5402982740","5402988147","571306","Floor Materials","www.mcdanielinc.com"," Email <---> Revenue ","432697","Floor Studio","15388 Old Spotswood Trl","Elkton","VA","22827","Rockingham","www.mcdanielinc.com","5402988147","5402982740","Clyde Mc Daniel","President","Mal","24360000","120","571306","Floor Materi","4","0","1"
"292278","Commonwealth Digital Office","karen@comdos.com","21205 Ridgetop Cir","7034505781","7034507171","504403","Copying & Duplicating Machines & Supls","www.commonwealthdigital.com"," Email <---> Revenue ","56813","COMMONWEALTH DIGITAL OFFICE","21205 RIDGETOP CIR","STERLING","VA","20166","Loudoun","","7034507171","7034505781","MICHAEL SARELSON","Owner","M","15500000","100","504400","Whl Office E","4","0","1"
"227984","Ki LLC","ki@kicompany.com","535 Independence Pkwy","7575472317","7575472300","737301","Engineers-Systems","www.kicompany.com"," Email <---> Revenue ","129065","KI LLC","535 INDEPENDENCE PKWY STE B","CHESAPEAKE","VA","23320","Chesapeake city","","7575472300","7575472317","WAYNE STARNES","President","M","18200000","150","737301","Sys Software","4","0","1"
"223537","Mc Elroy Metal Inc","kmole@mcelroy.com","325 Mcghee Rd","5406673440","5406672500","344411","Siding Materials-Manufacturers","www.mcelroy.com"," Email <---> Revenue ","147799","MC ELROY METAL INC","325 MCGHEE RD","WINCHESTER","VA","22603","Frederick","","5406672500","5406673440","TERESA TAYLOR","President","F","15600000","899","331600","Cold Finshg ","4","0","1"
"284597","Commercial Steel Erection Inc","krind@cseonline.net","153 Ragland Rd","4345285739","4348457536","179102","Steel Erectors","www.cseonline.net"," Email <---> Revenue ","56542","COMMERCIAL STEEL ERECTION INC","153 RAGLAND RD","MADISON HTS","VA","24572","Amherst","","4348457536","4345285739","DANNY R MOON","President","M","18800000","200","179100","Strl Steel E","4","0","1"
"287792","Empire Machinery & Supply Corp","ksweeney@empiremachinery.com","3550 E Virginia Beach Blvd","7578554496","7572229200","508206","Contractors-Equip/Supls-Dlrs/Svc (Whol)","www.empiremachinery.com"," Email <---> Revenue ","413531","Empire Machinery & Supply Corp","3550 E Virginia Beach Blvd","Norfolk","VA","23502","Norfolk City","www.empiremachinery.com","7572229200","7578554496","Hank Turner","President","Mal","19800000","88","508206","Contractors-","4","0","1"
"254467","Hutchens Petroleum","lisa@hutchenspetro.com","22 Performance Dr","2766943382","2766947000","517215","Oils-Petroleum (Wholesale)","www.hutchenspetro.com"," Email <---> Revenue ","115043","HUTCHENS PETROLEUM","PO BOX 272","STUART","VA","24171","Patrick","","2766947000","2766943382","TIM HUTCHENS","Chief Executive Office","M","13500000","50","286500","Cyclic Crude","4","0","1"
"165445","Emats Inc","losborne@emats-inc.com","480 Claypool Hill Mall Rd","2765969809","2769638888","871150","Engineers-Energy Management","www.emats-inc.com"," Email <---> Revenue ","79829","EMATS INC","480 CLAYPOOL HILL MALL RD","CEDAR BLUFF","VA","24609","Tazewell","","2769638888","2765969809","JON BOWERBANK","President","M","13200000","132","871100","Engineering ","4","0","1"
"270078","Print South Corp","lrogge@printsouth.com","2840 Sprouse Dr","8042404699","8042262377","511207","Business Forms & Systems (Wholesale)","www.printsouth.com"," Email <---> Revenue ","621111","Print South Corp","2840 Sprouse Dr","Richmond","VA","23231","Henrico","www.printsouth.com","8042262377","8042404699","Giles Kendrick","Plant Mgr","Mal","14364000","42","511207","Business For","4","0","1"
"101535","RAZZAQUE;RAKIB","lv@lynchval.com","14000 Thunderbolt Place Suite R","7037091000","7037098704","8999","Services NEC","LYNCHVAL.COM^^LYNCHVALSYSTEMS.COM"," Email <---> Revenue ","141037","LYNCHVAL SYSTEMS INC","4170 LAFAYETTE CENTER DR STE 5","CHANTILLY","VA","20151","Fairfax","","7037091000","7037098704","RICHARD FELLER","President","M","11300000","50","874800","Bus Consulti","4","0","1"
"289231","Xaloy Inc","m.sanghvi@th.xaloy.com","102 Xaloy Way","7246565620","5409807560","347915","Metals-Pre-Coated (Manufacturers)","www.newcas.com"," Email <---> Revenue ","251562","XALOY INC","102 XALOY WAY","PULASKI","VA","24301","Pulaski","","5409807560","5409805670","WALTER COX","Chief Executive Office","M","16800000","399","347900","Met Coating,","4","0","1"
"168769","Contemporary Cybernetics Group","maintenance@cybernetics.com","111 Cybernetics Way","7578339300","7578339000","357101","Computers-Electronic-Manufacturers","www.cybernetics.com"," Email <---> Revenue ","58775","CONTEMPORARY CYBERNETICS GROUP","111 CYBERNETICS WAY","YORKTOWN","VA","23693","York","","7578339000","7578339300","NANCY BROWN","Manager","F","11900000","150","357100","Electronic C","4","0","1"
"266839","New Ravenna","marcia@tilesource.us","3268 Broad St","7574423580","7574423379","174301","Tile-Ceramic-Contractors & Dealers","www.newravenna.com"," Email <---> Revenue ","161460","NEW RAVENNA","PO BOX 1000","EXMORE","VA","23350","Northampton","","7574423379","7574423580","SARA BALDWIN","Chief Executive Office","F","15200000","101","174300","Terrazzo, Ti","4","0","1"
"78100","Marina Power & Lighting","marinasales@eaton.com","149 Warwick Ct","7572588805","7572588800","555113","Marine Equipment & Supplies","www.marinapower.com"," Email <---> Revenue ","548140","Marina Power & Lighting","149 Warwick Ct","Williamsburg","VA","23185","Williamsburg","www.marinapower.com","7572588800","7572588805","Bob Dively","Owner","Mal","10956000","33","555113","Marine Equip","4","0","1"
"286382","Marshall Miller Assoc","mark.smith@mma1.com","11277 Air Park Rd","8592632839","8047986525","871120","Engineers-Environmental","www.mma1.com"," Email <---> Revenue ","145003","MARSHALL MILLER ASSOC","11277 AIR PARK RD","ASHLAND","VA","23005","Hanover","","8047986525","8047985907","JOE VANCE PE","Senior Vice-President","M","17000000","217","871100","Engineering ","4","0","1"
"41621","Clark-Whitehill Enterprises","mdnewsome@clark-whitehill.com","4224 Holland Road #102","null","null","738999","Business Services Nec","null"," Email <---> Revenue ","52808","CLARK-WHITEHILL ENTERPRISES","4224 HOLLAND RD STE 104","VIRGINIA BCH","VA","23452","Virginia Beach city","","7573405300","7574980529","NANCY CLARK","Owner","F","15800000","75","655200","Subdividers ","4","0","1"
"211459","George Washington Memorial Pky","melcassio@cassiogroup.com","700 George Washington Memorial","9286437105","7032892502","799951","Provincial Parks","www.nps.gov"," Email <---> Revenue ","447747","George Washington Memorial Pky","700 George Washington Memorial","Mc Lean","VA","22101","Fairfax","www.nps.gov","7032892502","7032892598","Audrey Calhoun","President","Fem","12768000","152","799951","Parks","4","0","1"
"293070","Marketing General Inc","mgilists@mgilists.com","209 Madison St # 300","7035496057","7037391000","874214","Marketing Consultants","www.mgilists.com"," Email <---> Revenue ","144728","MARKETING GENERAL INC","209 MADISON ST STE 300","ALEXANDRIA","VA","22314","Alexandria city","","7037391000","7035496057","RICHARD WHELAN","President","M","13800000","55","874203","Mrkting Cons","4","0","1"
"216480","BIBY ENGINEERING SERVICES","mhf@netins.net","200 North Glebe Road Suite 1000","7035580500","7032761169","871106","Engineers","MHFENG.COM"," Email <---> Revenue ","672633","Sitesafe","200 N Glebe Rd # 1000","Arlington","VA","22203","Arlington","","7035580500","7032761169","Wes Mc Gee","CEO","Mal","15300000","68","874893","Energy Code ","4","0","1"
"287270","Abilene Motor Express","michael@abilenemotor.com","1700 Willis Rd","8042710596","8042750224","421309","Trucking-Motor Freight","www.abilenemotor.com"," Email <---> Revenue ","4352","ABILENE MOTOR EXPRESS","1700 WILLIS RD","RICHMOND","VA","23237","Chesterfield","","8042750224","8042710596","KEITH JONES","Owner","M","13800000","150","421300","Trucking","4","0","1"
"247080","Fischer Hardware Corp","michael_sugar@inliten.com","6129 Backlick Rd","6108280813","7034513700","525104","Hardware-Retail","www.truevalue.com"," Email <---> Revenue ","89432","FISCHER HARDWARE CORP","6129 BACKLICK RD","SPRINGFIELD","VA","22150","Fairfax","","7034513700","7035693356","DAVID FISCHER","Owner","M","10400000","65","525100","Hardware Sto","4","0","1"
"241637","Va Abrasive Corp","mis@barton.com","2851 Service Rd","8047325336","8047320058","329102","Abrasive Products (Manufacturers)","www.vaabrasives.com"," Email <---> Revenue ","727274","Va Abrasive Corp","2851 Service Rd","Petersburg","VA","23805","Petersburg","www.vaabrasives.com","8047320058","8047325336","Spencer Perkins","President","Mal","19110000","70","329102","Abrasive Pro","4","0","1"
"272131","Inter Voice-Brite Inc","mynes@arpartners.com","1905 Westfield St","7036191300","7036191600","481304","Telephone Companies","www.intervoice.com"," Email <---> Revenue ","489134","Inter Voice-Brite Inc","1905 Westfield St","Alexandria","VA","22308","Fairfax","www.intervoice.com","7036191600","7036191300","Stan Naqvi","Manager","Mal","16317000","49","481304","Telephone Co","4","0","1"
"91096","Pembroke Stone Mart","nfo@pembrokeconstruction.com","802 W Pembroke Ave","7577280135","7577222591","327209","Concrete Prods-Ex Block & Brick (Mfrs)","www.pembrokeconstruction.com"," Email <---> Revenue ","606836","Pembroke Stone Mart","802 W Pembroke Ave","Hampton","VA","23669","Hampton City","www.pembrokeconstruction.com","7577222591","7577280135","Thomas Hunnicutt","Owner","Mal","11340000","70","327209","Concrete Pro","4","0","1"
"249219","Potomac Valley Brick & Supply","no_reply@pvbrick.com","8306 Cinderbed Rd","3013090929","7035509013","503212","Brick-Clay Common & Face (Wholesale)","www.pvbrick.com"," Email <---> Revenue ","179253","POTOMAC VALLEY BRICK & SUPPLY","8306 CINDERBED RD","LORTON","VA","22079","Fairfax","","7035509013","7035501287","BOB DOLIN","Manager","M","10000000","86","503200","Brick,Stone,","4","0","1"
"159945","Springfield Roofing & Sheet","numerouno@willetts.com","5605 General Washington Dr # A","3017465137","7033543229","176109","Roofing Contractors","www.tri-statemachining.com"," Email <---> Revenue ","211509","SPRINGFIELD ROOFING & SHEET","5605 GENERAL WASHINGTON DR","ALEXANDRIA","VA","22312","Alexandria city","","7033543229","7032568657","JOHN POLLOCK","Owner","M","10500000","60","176100","Roofg, Sheet","4","0","1"
"260074","Mac Nair Travel Management","omar@macnairtravel.com","1703 Duke St","7038362078","7035185168","472402","Travel Agencies & Bureaus","www.macnairtravel.com"," Email <---> Revenue ","142070","MAC NAIR TRAVEL MANAGEMENT","1101 KING ST STE 190","ALEXANDRIA","VA","22314","Alexandria city","","7038361100","7038362078","MICHAEL MAC NAIR","Owner","M","12700000","40","472400","Travel Agenc","4","0","1"
"279625","Houff Transfer Inc","patt@houff.com","46 Houff Rd","7576226217","5402349233","421309","Trucking-Motor Freight","www.houff.com"," Email <---> Revenue ","113846","HOUFF TRANSFER INC","46 HOUFF RD","WEYERS CAVE","VA","24486","Augusta","","5402349233","5402349011","DOUGLAS HOUFF","President","M","23000000","250","421300","Trucking","4","0","1"
"144464","Davis Auto Ctr Inc","payments@davisautocenter.com","5007 Lankford Hwy","7578243350","7578245611","551103","Automobile Dealers-Used Cars","www.davisautocenter.com"," Email <---> Revenue ","386852","Davis Auto Ctr Inc","5007 Lankford Hwy","New Church","VA","23415","Accomack","www.davisautocenter.com","7578245611","7578243350","M Carter Davis","Owner","Mal","12940000","20","551103","Automobile D","4","1","1"
"55166","Michelle Cundiff","penny@marblesystems.com","2737 Dorr Ave","7032041818","7032041888","5211","Building materials","PIETRALUNA.COM"," Email <---> Revenue ","144054","MARBLE SYSTEMS","2737 DORR AVE","FAIRFAX","VA","22031","Fairfax","","7032041818","7032041888","ZUHTU AKYATAN","Owner","M","10900000","50","509906","Importers","4","0","1"
"283646","Staunton Public Works Dept","pete@halyardsystems.com","Englewood Dr","5403323906","5403323892","161104","Parking Area/Lots Maintenance & Marking","www.talkingbookcenter.org"," Email <---> Revenue ","686254","Staunton Public Works Dept","Englewood Dr","Staunton","VA","24401","Staunton City","www.staunton.va.us","5403323892","5403323894","Thomas C Sliwoski","President","Mal","23500000","100","161104","Parking Area","4","0","1"
"281124","Patient First","pfphysician.relations@patientfirst.com","5000 Cox Rd # 100","3014971820","8049685700","874213","Marketing Programs & Services","www.patientfirst.com"," Email <---> Revenue ","171764","PATIENT FIRST","5000 COX RD STE 100","GLEN ALLEN","VA","23060","Henrico","","8049685700","8049685725","CHARLIE HAGUE","Vice-President","M","18800000","75","874203","Mrkting Cons","4","0","1"
"251261","Not Listed","pinkerton@pinkertonchevy.com","925 North Electric Rd","5405621337","5405623211","4931","Electric services","pinkertonchevy.com"," Email <---> Revenue ","176622","PINKERTON CHEVROLET","925 N ELECTRIC RD","SALEM","VA","24153","Salem city","","5405621337","5405623211","WILLIAM PINKERTON","Owner","M","12100000","30","551100","New & Used C","4","0","1"
"268797","Stage Sound","production@stagesound.com","103 8th St SE","5403455158","5403422040","506507","Sound Systems & Equipment (Wholesale)","www.stagesound.com"," Email <---> Revenue ","683968","Stage Sound","103 8th St SE","Roanoke","VA","24013","Roanoke City","www.stagesound.com","5403422040","5403455158","Reid Henion","Owner","Mal","18180000","18","506507","Sound System","4","0","1"
"268936","EEI Communications","publications@eeicommunications.com","66 Canal Center Plz # 200","7036834915","7036830683","899913","Editorial Services","www.eeicommunications.com"," Email <---> Revenue ","78496","EEI COMMUNICATIONS","66 CANAL CENTER PLZ STE 200","ALEXANDRIA","VA","22314","Alexandria city","","7036830683","7036834915","JAMES T DEGRAFFEREI","Chief Executive Office","M","17500000","350","899900","Misc Service","4","0","1"
"56882","Capitol Exhibit Services","Ray.Dehart@capitolexhibit.com","12299 Livingston Rd","7033305551","703-330-9000","7389","Business Services","NEC (radio transcription services)"," Email <---> Revenue ","41477","CAPITOL EXHIBIT","12299 LIVINGSTON RD","MANASSAS","VA","20109","Prince William","","7033305551","7033305551","RAY DE HART","President","M","10500000","60","733601","Art Design S","4","0","1"
"55349","Superior Marble & Stone Inc","reception@superiorstone.net","3100 Frederick Blvd","7573930039","7573937785","328103","Stone Products-Natural-Manufacturers","www.superiorstone.net"," Email <---> Revenue ","695030","Superior Marble & Stone Inc","3100 Frederick Blvd","Portsmouth","VA","23704","Portsmouth","www.superiorstone.net","7573937785","7573930039","Grady Sims","Owner","Mal","12400000","100","328103","Stone Produc","4","0","1"
"117645","Tower Davis Electric Co","recruiter@towerdavis.com","5265 Port Royal Rd","7035508673","7035507620","173101","Electric Contractors","www.towerdavis.com"," Email <---> Revenue ","712685","Tower Davis Electric Co","5265 Port Royal Rd","Springfield","VA","22151","Fairfax","www.towerdavis.com","7035507620","7035508673","David Disanto","President","Mal","18480000","140","173101","Electric Con","4","2","1"
"35566","Impressions Marketing Group","rgerber@impressionsmkt.com","7951 Angleton Ct","7035505445","703-550-2211","3993","Signs and Advertising Specialties (screen printing purchased advertising specialties)","NULL"," Email <---> Revenue ","116224","IMPRESSIONS MARKETING GROUP","7951 ANGLETON CT","LORTON","VA","22079","Fairfax","","7035502211","7035505445","ERIC GERBER","President","M","10700000","150","254200","Met Partitio","4","0","1"
"232877","Meridian KSI","rhaythorn@meridianksi.com","4465 Brookfield Corporate Dr","7033229568","7033229565","874802","Training Consultants","www.meridianksi.com"," Email <---> Revenue ","560077","Meridian KSI","4465 Brookfield Corporate Dr","Chantilly","VA","20151","Fairfax","www.meridianksi.com","7033229565","7033229568","Dave Hoffman","Manager","Mal","20250000","90","874802","Training Con","4","0","1"
"210120","Volkert & Assoc Inc","rjones@volkert.com","5400 Shawnee Rd # 301","2513427962","7036428100","871111","Engineers-Consulting","www.volkert.com"," Email <---> Revenue ","240874","VOLKERT & ASSOC INC","5400 SHAWNEE RD STE 301","ALEXANDRIA","VA","22312","Alexandria city","","7036428100","7036428106","JAMES SPENCER","Vice-President","M","15000000","500","871100","Engineering ","4","0","1"
"144002","Reston Limousine & Travel Svc","rls@restonlimo.com","22900 Shaw Rd # 112-2","7034710184","7034780500","799963","Sightseeing Tours","www.restonlimo.com"," Email <---> Revenue ","638862","Reston Limousine & Travel Svc","22900 Shaw Rd # 112-2","Sterling","VA","20166","Loudoun","www.restonlimo.com","7034780500","7034710184","Kristina Bouweiri","VP","Fem","16884000","201","799963","Sightseeing ","4","0","1"
"282987","Wyle Laboratories","robert.francis@wylelabs.com","3200 Magruder Blvd","3192779084","7578650000","762908","Electronic Equipment & Supplies-Repair","www.wylelabs.com"," Email <---> Revenue ","758371","Wyle Laboratories","3200 Magruder Blvd","Hampton","VA","23666","Hampton City","www.wylelabs.com","7578650000","7578650085","Dom Mullori","VP","Mal","14750000","125","762908","Electronic E","4","0","1"
"247854","DMI Norshipco USA","ronnie.swain@baesystems.com","750 W Berkley Ave","7574944761","7574942963","509905","Importers","www.dmi.norshipco.com"," Email <---> Revenue ","381757","DMI Norshipco USA","750 W Berkley Ave","Norfolk","VA","23523","Norfolk City","www.dmi.norshipco.com","7574942963","7574944761","Ronnie Swain","Manager","Mal","18880000","20","509905","Importers","4","0","1"
"293506","Hauni Richmond Inc","sales.moscow@hauni.com","2800 Charles City Rd","8042365212","8042225259","355909","Special Industry Machinery Nec (Mfrs)","www.haunirichmond.com"," Email <---> Revenue ","107719","HAUNI RICHMOND INC","2800 CHARLES CITY RD","RICHMOND","VA","23231","Henrico","","8042225259","8042365212","JOHN MILLER","President","M","16600000","205","355900","Special Indu","4","0","1"
"127243","Coinmach","servicecallrequest@coinmachcorp.com","11104 Air Park Rd","9524039776","8047985300","508726","Laundry Equipment (Wholesale)","www.coinmach.com"," Email <---> Revenue ","360670","Coinmach","11104 Air Park Rd","Ashland","VA","23005","Hanover","www.coinmach.com","8047985300","8047985374","Dan Osborne","VP","Mal","17300000","50","508726","Laundry Equi","4","0","1"
"179398","Lee Hartman & Sons Sound Equip","shartman@leehartman.com","3236 Cove Rd NW","5403624659","5403663493","573113","Audio-Visual Equipment-Dealers","www.leehartman.com"," Email <---> Revenue ","528864","Lee Hartman & Sons Sound Equip","3236 Cove Rd NW","Roanoke","VA","24017","Roanoke City","www.leehartman.com","5403663493","5403624659","Lee Hartman Jr","President","Mal","10200000","57","573113","Audio-Visual","4","0","1"
"257696","Meridian One Corp","shipready@1800members.com","4601 Eisenhower Ave","7034615222","7034615200","504403","Copying & Duplicating Machines & Supls","www.membersales.com"," Email <---> Revenue ","149986","MERIDIAN ONE CORP","4601 EISENHOWER AVE","ALEXANDRIA","VA","22304","Alexandria city","","7034615200","7034615222","RICHARD SULLIVAN","Owner","M","18800000","75","874203","Mrkting Cons","4","0","1"
"81051","American Cancer Society","sholland@acsconveyor.com","PO Box 4499 6 Millrace Dr","4343856699","4343859404","8999","Services NEC","UNITED-PENTEK.COM"," Email <---> Revenue ","21397","AUTOMATED CONVEYOR SYSTEMS INC","6 MILLRACE DR","LYNCHBURG","VA","24502","Lynchburg city","","4343856699","4343859404","BILLY TOMS","Chief Executive Office","M","11900000","147","353500","Conveyors,Re","4","0","1"
"168355","Information Management Cnsltnt","solutions@imc.com","11480 Commerce Park Dr","7195220870","7038718700","737401","Data Processing Service","www.imc.com"," Email <---> Revenue ","487056","Information Management Cnsltnt","11480 Commerce Park Dr","Reston","VA","20191","Fairfax","www.imc.com","7038718700","7038718900","Sudhakar V Shenoy","CEO","Mal","18400000","305","737401","Data Process","4","0","1"
"253261","WAKO Chemicals USA Inc","specialtychemicals@wakousa.com","1600 Bellwood Rd","8042717791","8042718579","289905","Chemicals-Manufacturers","www.wakousa.com"," Email <---> Revenue ","739229","WAKO Chemicals USA Inc","1600 Bellwood Rd","Richmond","VA","23237","Chesterfield","www.wakousa.com","8042718579","8042717791","T Miyagawa","President","","20130000","55","289905","Chemicals-Ma","4","0","1"
"261783","Input Inc","sponsorships@input.com","11951 Freedom Dr","7037076201","7037073500","873204","Market Research & Analysis","www.input.com"," Email <---> Revenue ","488023","Input Inc","11951 Freedom Dr","Reston","VA","20190","Fairfax","www.input.com","7037073500","7037076201","Peter Cunningham","Owner","Mal","15450000","150","873204","Market Resea","4","0","1"
"202186","Dibert Valve & Fitting Co","swagelokqa@swagelok.com","6606 Jefferson Davis Hwy","7758560650","8042757871","508513","Valves-Wholesale","www.swagelok.com"," Email <---> Revenue ","392628","Dibert Valve & Fitting Co","6606 Jefferson Davis Hwy","Richmond","VA","23237","Chesterfield","www.swagelok.com","8042757871","8042752739","Hugh Dibert","Owner","Mal","11400000","20","508513","Valves-Whole","4","0","1"
"252183","Jewell Cleaning Svc Inc","syeager@jewell-industries.com","3139 Mount Vernon Ave","7036833353","7036833300","734909","Building Cleaning-Exterior","www.jewell-industries.com"," Email <---> Revenue ","502932","Jewell Cleaning Svc Inc","3139 Mount Vernon Ave","Alexandria","VA","22305","Alexandria Cty","www.jewell-industries.com","7036833300","7036833353","Ronald Jewell","Owner","Mal","11000000","18","734909","Building Cle","4","0","1"
"181574","Fast Comm Communications Corp","tcrane@encorenetworks.com","45472 Holiday Dr","7037874625","7033187750","366302","Communication Equipment-Manufacturers","www.encorenetworks.com"," Email <---> Revenue ","425834","Fast Comm Communications Corp","45472 Holiday Dr","Sterling","VA","20166","Loudoun","www.encorenetworks.com","7033187750","7037874625","Peter C Madsen","CEO","Mal","16300000","50","366302","Communicatio","4","0","1"
"118694","Taylor Brothers Inc","tlange@taylorbrothers.com","905 Graves Mill Rd","4342374227","4342378100","521126","Building Materials","www.taylorbrothers.com"," Email <---> Revenue ","221842","TAYLOR BROTHERS INC","905 GRAVES MILL RD","LYNCHBURG","VA","24502","Lynchburg city","","4342378100","4342374227","ROBERT TAYLOR SR","Chief Executive Office","M","11600000","91","521100","Lumber, Rel ","4","0","1"
"184965","Mindwrap Inc","training@mindwrap.com","664 Zachary Taylor Hwy # H","5406753130","5406753015","737298","Prepackaged Software","www.optix.com"," Email <---> Revenue ","152885","MINDWRAP INC","PO BOX 430","FLINT HILL","VA","22627","Rappahannock","","5406753015","5406753130","JOHN JAMIESON","Chief Executive Office","M","18500000","185","737200","Prepackaged ","4","0","1"
"277163","Infra-Metals Virginia Co","va@infra-metals.com","1900 Bessemer Rd","8157955041","8049575900","505106","Steel-Distributors & Warehouses","www.infra-metals.com"," Email <---> Revenue ","116961","INFRA-METALS VIRGINIA CO","1900 BESSEMER RD","PETERSBURG","VA","23805","Petersburg city","","8049575900","","JOHN BENEDICT","Manager","M","18300000","1040","505102","Iron,Steel,F","4","0","1"
"275419","Mc Crea Equipment Co Inc","va@mccreaway.com","5083 Lee Hwy","3018999476","5403418812","171117","Air Conditioning Contractors & Systems","www.mccreaway.com"," Email <---> Revenue ","147346","MC CREA EQUIPMENT CO INC","5083 LEE HWY","WARRENTON","VA","20187","Fauquier","","5403418812","5403418818","SHANE LANDHART","Manager","M","21000000","120","171104","Heating,Air ","4","0","1"
"152962","Dominion Aviation Svc Inc","vdowdy@dominionaviation.com","7511 Airfield Dr","8042752783","8042717793","735939","Aircraft Charter Rental & Leasing Svc","www.dominionaviation.com"," Email <---> Revenue ","72423","DOMINION AVIATION SVC INC","7511 AIRFIELD DR","RICHMOND","VA","23237","Chesterfield","","8042717793","8042752783","MIKE MICKEL","President","M","10600000","59","735904","Aircraft Ren","4","0","1"
"74797","Worth Higgins & Assocs Inc","wha@whaprint.com","8770 Park Central Dr","8042645733","8042642304","275998","Commercial Printing Nec","www.whaprint.com"," Email <---> Revenue ","757682","Worth Higgins & Assocs Inc","8770 Park Central Dr","Richmond","VA","23227","Henrico","www.whaprint.com","8042642304","8042645733","Rick Lareau","President","Mal","17017000","119","275998","Commercial P","4","0","1"
"219580","TMS Corp","woodworking@tmsmillwork.com","3001 E Parham Rd","8042660258","8042629296","243102","Millwork (Manufacturers)","www.tmsmillwork.com"," Email <---> Revenue ","699207","TMS Corp","3001 E Parham Rd","Richmond","VA","23228","Henrico","www.tmsmillwork.com","8042629296","8042660258","Mike Karn","Owner","Mal","16150000","95","243102","Millwork (Ma","4","0","1"
