mail id,company,email,address,phone,fax,sic,sic description,web,,revenue id,company,address,city,state,zip,	metro,web,phone,fax,contact,position,gender,sales,# of employee,sic,sic_descrpiton,	,,
"285885","National Optronics Inc","nopsales2@nationaloptronics.com","100 Avon St","4342957799","4342959126","384104","Physicians & Surgeons Equip & Supls-Mfrs","www.nationaloptronics.com"," Email <---> Revenue ","159145","NATIONAL OPTRONICS INC","100 AVON ST","CHARLOTTESVLE","VA","22902","Charlottesville city","","4342959126","4342957799","ROGER DURANTIS","President","M","6300000","95","384100","Surgical,Med","3","0","1"
"145538","Modern Environments","davidh@saltydog.net","370 Cleveland Place","8509269339","8509269359","873111","Environmental & Ecological Services","null"," Email <---> Revenue ","153742","MODERN ENVIRONMENTS","370 CLEVELAND PL","VIRGINIA BCH","VA","23462","Virginia Beach city","","7574979577","7574907561","LEWIS HARRISON","President","M","9600000","45","502101","Off,Public B","3","0","1"
"213952","LCM Corp","lew.midlam@lcm.com","3321 Shenandoah Ave NW","2392838242","5403445583","873111","Environmental & Ecological Services","www.lcm.com"," Email <---> Revenue ","522510","LCM Corp","3321 Shenandoah Ave NW","Roanoke","VA","24017","Roanoke City","www.lcm.com","5403445583","5403429438","Lawrence C Musgrove Iii","Owner","Mal","5104000","29","873111","Environmenta","3","0","1"
"65817","Virginia Industrial Sales","solutions@virginiaindustrial.com","1146 Tricounty Dr","8047849885","8047849880","509942","Environmental & Ecological Prods (Whol)","www.virginiaindustrial.com"," Email <---> Revenue ","735043","Virginia Industrial Sales","1146 Tricounty Dr","Oilville","VA","23129","Goochland","www.virginiaindustrial.com","8047849880","8047849885","Brian Faison","Owner","Mal","9440000","10","509942","Environmenta","3","0","1"
