mail id,company,email,address,phone,fax,sic,sic description,web,,revenue id,company,address,city,state,zip,	metro,web,phone,fax,contact,position,gender,sales,# of employee,sic,sic_descrpiton,	,,
"262274","Synagro Technologies Inc","agobea@synagro.com","10647 Tidewater Trl","2037549475","8044432170","519114","Fertilizers (Wholesale)","www.synagro.com"," Email <---> Revenue ","219959","SYNAGRO TECHNOLOGIES INC","10647 TIDEWATER TRL","CHAMPLAIN","VA","22438","Essex","","8044432170","8044432214","STEVE MC MAN","Manager","M","79500000","982","519100","Whl Farm Sup","6","0","1"
"280276","WDBJ 7 TV","blee@wdbj7.com","700 E Main St # 1304","8046433636","8046433636","483301","Television Stations & Broadcasting CO","www.wdbj7.com"," Email <---> Revenue ","1152","700 BLDG","700 E MAIN ST STE 1304","RICHMOND","VA","23219","Richmond city","","8046433636","","JENNIFER WISHON","Manager","F","72000000","2773","483300","Tv Brdcstg S","6","0","1"
"258351","Online Resources Corp","cgraham@orcc.com","4795 Meadow Wood Ln # 300","7036533105","7036533100","609915","Banking Systems & Service-Electronic","www.orcc.com"," Email <---> Revenue ","167862","ONLINE RESOURCES CORP","4795 MEADOW WOOD LN STE 300","CHANTILLY","VA","20151","Fairfax","","7036533100","7036533105","MATTHEW P LAWLOR","Chief Executive Office","M","60500000","421","609900","Functions Re","6","0","1"
"242568","Handy Mart","cgreen@hnfunkhouser.com","2605 Valley Avenue","5406622280","5406621661","738999","Business Services Nec","null"," Email <---> Revenue ","106022","HANDY MART","1208 BERRYVILLE AVE","WINCHESTER","VA","22601","Winchester city","","5406677456","","","Unknown","","74300000","275","541103","Conven Store","6","0","1"
"203228","HORNE ENGINEERING SERVICES","chopkins@harperpearson.com","2750ProsperityAve","7036411100","null","871106","Engineers","ESI-GULFCOAST.COM"," Email <---> Revenue ","113597","HORNE ENGINEERING SVC LLC","2677 PROSPERITY AVE STE 300","FAIRFAX","VA","22031","Fairfax city","","7036411100","7036410440","CHARLES S MAHAN JR","Chief Executive Office","M","53600000","263","871100","Engineering ","6","0","1"
"289685","Greif Brothers Corp","chris.sales@greif.com","861 Fibre Plant Rd","6367459252","4349334100","341201","Barrels & Drums (Manufacturers)","www.greif.com"," Email <---> Revenue ","458063","Greif Brothers Corp","861 Fibre Plant Rd","Gladstone","VA","24553","Nelson","www.greif.com","4349334100","4349334175","Dick Ward","Plant Mgr","Mal","88075000","325","341201","Barrels & Dr","6","0","1"
"258360","TDS Inc","contracts@centurum.com","1501 Crossways Blvd # A","7574242488","7574242482","179965","Government-Contractors","www.centurum.com"," Email <---> Revenue ","222138","TDS INC","1501 CROSSWAYS BLVD STE A","CHESAPEAKE","VA","23320","Chesapeake city","","7574242482","7574242488","AL HITCHINGS","Manager","M","54000000","300","179900","Special Trad","6","0","1"
"224784","Mid-Atlantic Business Comms","csc@mabc.com","701 Port Centre Pkwy","7576732299","7576732200","506563","Telecommunication Equip/Syst-Whol/Mfrs","www.mabc.com"," Email <---> Revenue ","563479","Mid-Atlantic Business Comms","701 Port Centre Pkwy","Portsmouth","VA","23704","Portsmouth","www.mabc.com","7576732200","7576732299","Steve Mobley","President","Mal","70700000","70","506563","Telecommunic","6","0","1"
"198098","Swift Transportation Co","edisupport@swifttrans.com","2841 Charles City Rd","9088222010","8042228579","421309","Trucking-Motor Freight","www.swifttrans.com"," Email <---> Revenue ","696653","Swift Transportation Co","2841 Charles City Rd","Richmond","VA","23231","Henrico","www.swifttrans.com","8042228579","8042224265","Greg Wolverton","Manager","Mal","52850000","350","421309","Trucking-Mot","6","0","1"
"240548","Clinch River Corp","elginhistory@foxvalley.net","521 Claypool Hill Mall Rd","2769635742","2769635271","353201","Mining Equipment & Supplies-Mfrs","www.eni.com"," Email <---> Revenue ","53739","CLINCH RIVER CORP","521 CLAYPOOL HILL MALL RD","CEDAR BLUFF","VA","24609","Tazewell","","2769635271","2769635742","SAM KINDER","President","M","64000000","893","353200","Mining Machi","6","0","1"
"204603","Howell Metal Co","jeff.litten@cmc.com","574 New Market Depot Rd","5407409568","5408968600","331202","Tubing (Manufacturers)","www.howellmetal.com"," Email <---> Revenue ","481185","Howell Metal Co","574 New Market Depot Rd","New Market","VA","22844","Shenandoah","www.howellmetal.com","5408968600","5407409568","A Leo Howell","President","Mal","75000000","0","331202","Tubing (Manu","6","0","1"
"264216","J J Haines & Co Inc","kcollier@jjhaines.com","160 George James Dr","4107604045","2762231711","571306","Floor Materials","www.jjhaines.com"," Email <---> Revenue ","120216","J J HAINES & CO INC","160 GEORGE JAMES DR","WYTHEVILLE","VA","24382","Wythe","","2762231711","2762230404","DONNY PUCKETT","Manager","M","94000000","667","571300","Floor Coveri","6","0","1"
"93670","Magic Mart","magicmart@magicmartstores.com","Route 460 E","2763261060","2769352721","531102","Department Stores","www.magicmartstores.com"," Email <---> Revenue ","142561","MAGIC MART","19407 RIVERSIDE DR","GRUNDY","VA","24614","Buchanan","","2769352721","2769357112","JOHN KING","Manager","M","99900000","1133","531100","Department S","6","0","1"
"241411","Mail America Communications","robert.smith@mail-america.com","NULL","4345259327","434-525-2312","4311","United States Postal Service","NULL"," Email <---> Revenue ","142819","MAIL AMERICA COMMUNICATIONS","1174 ELKTON FARM RD","FOREST","VA","24551","Bedford","","4345252312","4345259327","DAN REBER","President","M","54000000","300","733100","Direct Mail ","6","0","1"
"256460","Medical Temporaries Inc","tbassing@medtemps.com","933 First Colonial Rd # 203","7574379651","7574917766","736304","Employment Contractors-Temporary Help","www.medtemps.com"," Email <---> Revenue ","149189","MEDICAL TEMPORARIES INC","933 FIRST COLONIAL RD STE 203","VIRGINIA BCH","VA","23454","Virginia Beach city","","7574917766","7574379651","THERESA DAVIS","Owner","F","57000000","500","736301","Temp Supply ","6","1","1"
"264745","Metrolina Plastic Inc","web-legal@cfsauer.com","1800 W Marshall St","8642884933","8043538990","308598","Plastic Bottles (Manufacturers)","www.cfsauer.com"," Email <---> Revenue ","150524","METROLINA PLASTIC INC","1800 W MARSHALL ST","RICHMOND","VA","23220","Richmond city","","8043538990","8043548866","RICHARD BRISSON","Manager","M","70100000","910","308500","Mfg Plastic ","6","0","1"
"238990","Zero Products","zero@zzzeroproducts.com","PO Box 65007","7574302085","7574300922","516925","Cleaning Compounds (Wholesale)","www.zzzeroproducts.com"," Email <---> Revenue ","761297","Zero Products","PO Box 65007","Virginia Beach","VA","23467","Virginia Beach","www.zzzeroproducts.com","7574300922","7574302085","Gene Markland","Owner","Mal","50050000","50","516925","Cleaning Com","6","0","1"
