mail id,company,email,address,phone,fax,sic,sic description,web,,revenue id,company,address,city,state,zip,	metro,web,phone,fax,contact,position,gender,sales,# of employee,sic,sic_descrpiton,	,,
"292023","Apria Healthcare","jlarge@seattletimes.com","7401 Whitepine Rd","8042718171","8042718126","504704","Physicians & Surgeons Equip & Supls-Whol","www.apria.com"," Email <---> Revenue ","286177","Apria Healthcare Inc","7401 Whitepine Rd","Richmond","VA","23237","Chesterfield","","8042718171","","Todd Nugent","Branch Manager","Mal","0","0","504701","Whol Medical","1","0","1"
"252821","ASA","alexsan@alexsan.com","1500 Eisenhower Ave","NULL","7032999284","999977","Nonclassified Establishments","www.alexsan.com"," Email <---> Revenue ","18784","ASA","1500 EISENHOWER AVE","ALEXANDRIA","VA","22314","Alexandria city","","7032999284","","","Unknown","","0","3","999900","Nclassifiabl","1","0","1"
"256611","Carolina Carpets","bruce@carolina-furniture.com","5425 Richmond Rd","7575653006","7575654476","571305","Carpet & Rug Dealers-New","www.carolina-furniture.com"," Email <---> Revenue ","338563","Carolina Carpets Inc","5421 Richmond Rd","Williamsburg","VA","23188","James City","","7575653006","","J Steele","President","","0","0","571399","Retail Carpe","1","0","1"
"178433","Century Concrete Inc.","kbowab@centuryconcreteinc.com","1364 Air Rail Avenue","7574605366","7574603296","177105","Concrete Contractors","centuryconcreteinc.com"," Email <---> Revenue ","270194","Air Rail Properties Inc","1364 Air Rail Ave","Virginia Beach","VA","23455","Virginia Beach (City","","7574605366","","James Woodard","Chief Executive Office","Mal","0","0","651900","Real Propert","1","0","1"
"268317","Atlantic Marine Construction","mcgrathc@amccinc.com","567 Central Dr # 106","7573620023","7573620023","162903","Marine Contractors & Designers","www.amccinc.com"," Email <---> Revenue ","261327","AMC","567 Central Dr Ste 106","Virginia Beach","VA","23454","Virginia Beach (City","","7573620023","","Bruce Exum","President","Mal","0","0","162901","Heavy Buildi","1","0","1"
"210724","Chateau Morrisette","restaurant@thedogs.com","Blue Ridge Pkwy","5405932865","5405932865","208401","Wineries","www.chateaumorrisette.com"," Email <---> Revenue ","347936","Chateau Morrisette Inc","P.O. BOX 766","Meadows Of Dan","VA","24120","Patrick","","5405932865","","David Morrisette","President","Mal","0","0","208401","Mfg Wines/br","1","0","1"
