mail id,company,email,address,phone,fax,sic,sic description,web,,revenue id,company,address,city,state,zip,	metro,web,phone,fax,contact,position,gender,sales,# of employee,sic,sic_descrpiton,	,,
"89395","Thomasville Home Furnishings","maillist@thomasville.com","3985 Deep Rock Rd","5862744447","8049340212","571216","Furniture-Dealers-Retail","www.thomasville.com"," Email <---> Revenue ","224166","THOMASVILLE HOME FURNISHINGS","3985 DEEP ROCK RD","RICHMOND","VA","23233","Henrico","","8049340212","8049340517","JIM KEIFFER","Manager","M","2386800000","2101","252200","Office Frn E","8","0","1"
"278882","Univar USA","ebusiness.messages@univarusa.com","1001 Old Bermuda Hundred Rd","5742890823","8047488100","516916","Chemicals (Wholesale)","www.univarusa.com"," Email <---> Revenue ","232985","UNIVAR USA","1001 OLD BERMUDA HUNDRED RD","CHESTER","VA","23836","Chesterfield","","8047488100","8047482904","DAVID CHATHAM","Manager","M","620300000","3654","286900","Indus Organi","8","0","1"
"186083","Hooker Furniture Corp","kshaver@hookerfurniture.com","440 Commonwealth Blvd W","2766320026","2766320459","259901","Furniture-Manufacturers","www.hookerfurniture.com"," Email <---> Revenue ","113223","HOOKER FURNITURE CORP","105 E CHURCH ST","MARTINSVILLE","VA","24112","Henry","","2766382040","","TIM MARTIN","Manager","M","350000000","1591","259900","Frn & Fixtur","8","0","1"
"122475","Whole Foods Market","customer.questions@wholefoods.com","300 Shoppers World Ct","3103150665","4349734900","549901","Health & Diet Foods-Retail","www.wholefoods.com"," Email <---> Revenue ","246920","WHOLE FOODS MARKET","300 SHOPPERS WORLD CT","CHARLOTTESVLE","VA","22901","Albemarle","","4349734900","4349734650","JOHN ROBERTSON","Manager","M","4701300000","11997","541100","Grocery Stor","8","0","1"
"129661","Weyerhaeuser Co","realestateservices@weyerhaeuser.com","1308 Jefferson Davis Hwy","7123664302","8042322386","509312","Recycling Centers (Wholesale)","www.weyerhaeuser.com"," Email <---> Revenue ","246311","WEYERHAEUSER CO","1308 JEFFERSON DAVIS HWY","RICHMOND","VA","23224","Richmond city","","8042322386","8042311231","ASHLEY WEATHERFORD","Manager","F","23000000000","53600","358900","Service Indu","8","0","1"
