mail id,company,email,address,phone,fax,sic,sic description,web,,revenue id,company,address,city,state,zip,	metro,web,phone,fax,contact,position,gender,sales,# of employee,sic,sic_descrpiton,	,,
"147778","Realtec","aki@realtec.com","255 E. Monroe Ave. #4","9702299900","-","653101","Real Estate Broker","NAMB"," Email <---> Revenue ","154972","REALTEC INC","255 E MONROE DR STE 4","FORT COLLINS","CO","80525","Larimer","","9702299900","","MICHAEL EHLER","Partner","M","6200000","22","679800","Real Estate ","3","0","1"
"96611","R & A Enterprises","Al@raelectric.com","5317 County Road 154 # 201","9709450500","9709456500","173101","Electric Contractors","NULL"," Email <---> Revenue ","459388","R & A Enterprises","5317 County Road 154 # 201","Glenwood Springs","CO","81601","Garfield","www.raelectric.com","9709456500","9709450500","Al Amsden","President","Mal","6600000","50","173101","Electric Con","3","2","1"
"87441","City Auto Sale II","Alan.Galati@cityautosalesonline.com","1492 W Alameda Ave","NULL","3037651492","551103","Automobile Dealers-Used Cars","NULL"," Email <---> Revenue ","274983","City Auto Sale II","1492 W Alameda Ave","Denver","CO","80223","Denver","www.cityautosalesonline.com","3037651492","","Alan Galati","President","Mal","5176000","8","551103","Automobile D","3","1","1"
"137033","Fort Collins Club","alan@bdrmarketing.com","1307 E Prospect Rd","9702245812","9702242582","799101","Health Clubs Studios & Gymnasiums","www.fortcollinsclub.net"," Email <---> Revenue ","78034","FORT COLLINS CLUB","1307 E PROSPECT RD","FORT COLLINS","CO","80525","Larimer","","9702242582","","TODD HEENAN","President","M","7000000","100","799100","Physical Fit","3","0","1"
"105404","International Governor Svc","Ankarlo@internationalgovernor.com","7290 W 118th Pl","3034640044","3034640043","559908","Aircraft Equipment Parts & Supplies","NULL"," Email <---> Revenue ","99412","INTERNATIONAL GOVERNOR SVC","7290 W 118TH PL","BROOMFIELD","CO","80020","Broomfield","","3034640043","","DAN ANKARLO","Owner","M","5000000","20","559903","Aircraft Eqp","3","0","1"
"80984","Element","Anthony@elementllc.com","216 16th St # 630","NULL","3038931281","738999","Business Services Nec","NULL"," Email <---> Revenue ","68392","ELEMENT","216 16TH ST STE 650","DENVER","CO","80202","Denver","","3038931281","","JANE PACE","Owner","M","9000000","40","738900","Business Svs","3","0","1"
"117333","Orange Glo","Appel-Joel@greatcleaners.com","8200 E Maplewood Ave # 200","3037408622","3037401909","874213","Marketing Programs & Services","NULL"," Email <---> Revenue ","436805","Orange Glo","8200 E Maplewood Ave # 200","Greenwood Vlg","CO","80111","Arapahoe","www.greatcleaners.com","3037401909","3037408622","Joel Appel","President","Mal","5100000","30","874213","Marketing Pr","3","0","1"
"67828","Georgetown Loop Railroad","Ashby@georgetownloop.com","PO Box 217","3035693952","3035693200","401101","Railroads","NULL"," Email <---> Revenue ","82806","GEORGETOWN LOOP RAILROAD","PO BOX 217","GEORGETOWN","CO","80444","Clear Creek","","3035693200","","LINDSEY ASHBY","President","M","5200000","50","401100","Line-Haul Rr","3","0","1"
"132944","Denver Intermodal Express Inc","aspadafora@dixtrucking.com","10700 E 40th Ave","3033712160","3033711500","421318","Trucking-Containerized Freight","www.dix-trucking.com"," Email <---> Revenue ","59666","DENVER INTERMODAL EXPRESS INC","10700 E 40TH AVE","DENVER","CO","80239","Denver","","3033711500","","ROBERT SHULL","President","M","5500000","60","421300","Trucking","3","0","1"
"124221","Chenoweth & Assoc Inc","bcovillo@wsreclamation.com","3756 Imperial St","3038334447","3034691986","873111","Environmental & Ecological Services","www.wsreclamation.com"," Email <---> Revenue ","271077","Chenoweth & Assoc Inc","3756 Imperial St","Erie","CO","80516","Weld","www.wsreclamation.com","3034691986","3038334447","Dave Chenoweth","Owner","Mal","7920000","45","873111","Environmenta","3","0","1"
"144004","Continental Partition Systems","Bell@cps-partitions.com","3705 W 73rd Ave","3034307506","3034307501","504603","Partitions (Wholesale)","NULL"," Email <---> Revenue ","50540","CONTINENTAL PARTITION SYSTEMS","3705 W 73RD AVE","WESTMINSTER","CO","80030","Adams","","3034307501","","STEVE BELL","Owner","M","5300000","25","502101","Off,Public B","3","0","1"
"124518","Sam Hill Oil Inc","bhohnstein@samhilloil.com","725 S Main St","3036595696","3036595610","517206","Oils-Fuel (Wholesale)","www.samhilloil.com"," Email <---> Revenue ","164006","SAM HILL OIL INC","725 S MAIN ST","BRIGHTON","CO","80601","Adams","","3036595610","3036595696","SAM HILL","Owner","M","5700000","21","517200","Whl Petroleu","3","0","1"
"39141","Jonas Supply Co","bill@jonastaxidermy.com","1850 Dogwood St","3034661111","3034663377","769904","Taxidermists","www.jonastaxidermy.com"," Email <---> Revenue ","105005","JONAS SUPPLY CO","1850 DOGWOOD ST","LOUISVILLE","CO","80027","Boulder","","3034663377","","CINNAMON DANIELS","Manager","F","6000000","40","769900","Repair Servi","3","0","1"
"76001","Planted Earth","BillHawkins@plantedearth.net","12744 Highway 82","9709630368","9709631731","526104","Garden Centers","NULL"," Email <---> Revenue ","146941","PLANTED EARTH","12744 HIGHWAY 82","CARBONDALE","CO","81623","","","9709631731","","BILL HAWKINS","Owner","M","7000000","40","526100","Nurs & Garde","3","0","1"
"77341","White Roofing","BillWhite@whiteroofing.com","1408 W Quincy Ave","3037616115","3037612255","176109","Roofing Contractors","NULL"," Email <---> Revenue ","200559","WHITE ROOFING","1408 W QUINCY AVE","ENGLEWOOD","CO","80110","Arapahoe","","3037612255","","BILL WHITE","Owner","M","7000000","40","176100","Roofg, Sheet","3","0","1"
"97550","Teammates Commercial Interior","BM@team-mates.com","700 Kalamath St","3036395888","3036395885","502112","Office Furniture & Equip-Dealers (Whol)","NULL"," Email <---> Revenue ","510068","Teammates Commercial Interior","700 Kalamath St","Denver","CO","80204","Denver","www.team-mates.com","3036395885","3036395888","Michael Berkey","Owner","Mal","8565000","15","502112","Office Furni","3","0","1"
"141408","Norton Advanced Ceramics","Bob.Cravens@Nortonmg.Com","1225 Aeroplaza Dr","7195968687","719-596-2484","3264","Porcelain Electrical Supplies","NULL"," Email <---> Revenue ","433055","Norton Advanced Ceramics","1225 Aeroplaza Dr","Colorado Springs","CO","80916","El Paso","","7195962484","","Jim Mc Hugh","General Manager","mal","8800000","80","357799","Mfg Computer","3","0","1"
"132316","St Andrews Electric Corp","bob@sacscolorado.com","12520 1st St","3034397973","3034397999","173101","Electric Contractors","www.standrewselectric.com"," Email <---> Revenue ","496300","St Andrews Electric Corp","12520 1st St","Eastlake","CO","80614","Adams","www.standrewselectric.com","3034397999","3034397973","Rusty Gonzales","Owner","Mal","7920000","60","173101","Electric Con","3","2","1"
"113614","Mountain Whitewater Descents","BradM@mountainwhitewaterdescents.com","1329 N Us Highway 287","9704940695","9704190917","555111","Rafts-Dealers","NULL"," Email <---> Revenue ","131243","MOUNTAIN WHITEWATER DESCENTS","1329 N US HIGHWAY 287","FORT COLLINS","CO","80524","Larimer","","9704190917","","BRAD MODESITT","Owner","M","7500000","25","555100","Boat Dealers","3","0","1"
"64266","Minuteman Press","BruceHieb@minutemanpress.com","504 Garfield Ave","9706637018","9706637015","275202","Printers","NULL"," Email <---> Revenue ","127834","MINUTEMAN PRESS","639 N CLEVELAND AVE UNIT B","LOVELAND","CO","80537","Larimer","","9706637015","","TERRY HANES","Owner","F","8600000","3856","482203","Electronic M","3","0","1"
"156320","California Creations","buncha@californiacreations.com","6982 S Quentin St","3037922480","3037922424","509905","Importers","www.californiacreations.com"," Email <---> Revenue ","262221","California Creations","6982 S Quentin St","Englewood","CO","80112","Arapahoe","www.californiacreations.com","3037922424","3037922480","Robert Bowman","President","mal","6061927","35","329904","Mfg Art Good","3","0","1"
"81310","Rocky Mountain Adhesives","Buron@rockymountainadhesives.com","1416 Park St","NULL","3036609247","516912","Adhesives & Glues (Wholesale)","NULL"," Email <---> Revenue ","471668","Rocky Mountain Adhesives","1416 Park St","Castle Rock","CO","80109","Douglas","","3036609247","","Dennis Buron","Owner","Mal","5005000","5","516912","Adhesives & ","3","0","1"
"115681","Colorado Golf & Turf","B_Tom@colorado-golf-turf.com","11757 S Wadsworth Blvd","3037813372","3037613332","352403","Garden & Lawn Equipment & Supls-Mfrs","NULL"," Email <---> Revenue ","280969","Colorado Golf & Turf","11757 S Wadsworth Blvd","Littleton","CO","80125","Douglas","www.colorado-golf-turf.com","3037613332","3037813372","Tom Bauerle","Owner","Mal","8520000","30","352403","Garden & Law","3","0","1"
"1797","SYNERGY","Carl@synergy.com","21000 E 32nd Pkwy","3037909202","3037909200","344403","Sheet Metal Fabricators","NULL"," Email <---> Revenue ","478039","SYNERGY","21000 E 32nd Pkwy","Aurora","CO","80011","Adams","","3037909200","3037909202","Carl Hicks","CEO","Mal","9600000","60","344403","Sheet Metal ","3","0","1"
"149902","Palisade Greenhouse","carolyn@palisadegreenhouse.com","3895 N River Rd","9704640842","9704645133","519306","Nurseries-Plants Trees & Etc-Wholesale","www.palisadegreenhouse.com"," Email <---> Revenue ","140483","PALISADE GREENHOUSE","3895 N RIVER RD","PALISADE","CO","81526","Mesa","","9704645133","","TOM MCKEE","Manager","M","5000000","50","519302","Flowers,Nurs","3","0","1"
"138329","Colorado Spas & Billiards","Carter@aurorabilliards.com","1555 S Havana St","NULL","3033371818","509101","Billiard Equipment & Supplies (Whol)","NULL"," Email <---> Revenue ","282688","Colorado Spas & Billiards","1555 S Havana St","Aurora","CO","80012","Arapahoe","www.aurorabilliards.com","3033371818","","Bruce Carter","Owner","Mal","9225000","15","509101","Billiard Equ","3","0","1"
"4793","Pikes Peak Traveland Inc","cbiles@codegrunts.com","4815 E Platte Ave","7195967905","7195962716","556103","Recreational Vehicles","NULL"," Email <---> Revenue ","448678","Pikes Peak Traveland Inc","4815 E Platte Ave","Colorado Springs","CO","80915","El Paso","","7195962716","7195967905","Randy Biles","President","Mal","9812000","22","556103","Recreational","3","0","1"
"140880","Royal Prestige Of Colorado","cccsupervisor@hycite.com","7135 Federal Blvd","6154670312","3036508524","571919","Cooking Utensils","www.royalprestige.com"," Email <---> Revenue ","475775","Royal Prestige Of Colorado","7135 Federal Blvd","Westminster","CO","80030","Adams","www.royalprestige.com","3036508524","3034301387","Ascenzion Saucedo","Owner","Fem","6900000","50","571919","Cooking Uten","3","0","1"
"122800","Qube Visual","Chad.Harr@qubevisual.com","PO Box 40392","3036056101","3036056100","399302","Signs (Manufacturers)","NULL"," Email <---> Revenue ","152291","QUBE VISUAL","1247 SANTA FE DR","DENVER","CO","80204","Denver","","3036056100","3036056101","JIM SCOTT","Owner","M","7900000","35","738915","Letter,Sign ","3","0","1"
"141767","Micro Express","Chen@microexpressservice.com","7076 S Alton Way # G","3036940681","3036941598","357101","Computers-Electronic-Manufacturers","NULL"," Email <---> Revenue ","416457","Micro Express","7076 S Alton Way # G","Centennial","CO","80112","Arapahoe","","3036941598","3036940681","Emily Chen","Owner","Fem","8640000","10","357101","Computers-El","3","0","1"
"144382","Engineering Environmental","ckoehler@etm-inc.com","9563 S Kingston Ct # 200","3037219202","3037219219","871120","Engineers-Environmental","www.etm-inc.com"," Email <---> Revenue ","69730","ENGINEERING ENVIRONMENTAL","9563 S KINGSTON CT # 200","ENGLEWOOD","CO","80112","Douglas","","3037219219","","MIKE CASSIO","President","M","5000000","50","871100","Engineering ","3","0","1"
"50290","Colorado Cinema Group","Cliff.Godfrey@coloradocinemas.net","6696 S Parker Rd","3037669865","3037667900","671901","Holding Companies (Non-Bank)","NULL"," Email <---> Revenue ","279911","Colorado Cinema Group","6696 S Parker Rd","Aurora","CO","80016","Arapahoe","www.coloradocinemas.net","3037667900","3037669865","Cliff Godfrey","President","Mal","8424000","13","671901","Holding Comp","3","2","1"
"141575","Sanborn Colorado","coloradosprings@sanborn.com","1935 Jamboree Dr # 100","7043474515","7195930093","871302","Surveyors-Aerial","www.sanborn.com"," Email <---> Revenue ","480156","Sanborn Colorado","1935 Jamboree Dr # 100","Colorado Springs","CO","80920","El Paso","www.sanborn.com","7195930093","","John Copple","CEO","Mal","7900000","100","871302","Surveyors-Ae","3","0","1"
"109516","Red Creek Ranch","connie@redcreekranch.net","7600 S Interstate 25","7196767338","7196766367","655201","Land Companies","www.redcreekranch.net"," Email <---> Revenue ","464237","Red Creek Ranch","7600 S Interstate 25","Pueblo","CO","81004","Pueblo","www.redcreekranch.net","7196766367","7196767338","Joseph O'Brien","Owner","Mal","5388000","12","655201","Land Compani","3","0","1"
"152857","Premier Events Svc","Cox@winterdrive.com","PO Box 774732","9708796105","9708708216","738944","Events-Special","NULL"," Email <---> Revenue ","148929","PREMIER EVENTS SVC","PO BOX 774732","STEAMBOAT SPR","CO","80477","","","9708708216","","MARK COX","Owner","M","9000000","40","738900","Business Svs","3","0","1"
"131287","Brannan Construction","Curt@brannan1.com","2500 Brannan Way","3035341236","3032739382","178102","Drilling & Boring Contractors","NULL"," Email <---> Revenue ","253880","Brannan Construction","2500 Brannan Way","Denver","CO","80229","Adams","www.brannan1.com","3032739382","3035341236","Curt Marvel","Owner","Mal","7809000","57","178102","Drilling & B","3","0","1"
"137127","Sage Hospitality Resources","cwalker@sagehospitality.com","1512 Larimer St.","3035957219","303-595-7200","701103","Hotel & Motel Management","NULL"," Email <---> Revenue ","478605","Sage Hospitality Resources","1512 Larimer St # 800","Denver","CO","80202","Denver","www.sagehospitality.com","3035957200","3035957219","Walter Isenberg","President","Mal","5625000","75","701103","Hotel & Mote","3","1","1"
"149869","Nest Fresh Eggs Inc","cyd@nestfresh.com","3301 Lawrence St","3032949747","3032949740","514403","Eggs (Wholesale)","www.nestfresh.com"," Email <---> Revenue ","429063","Nest Fresh Eggs Inc","3301 Lawrence St","Denver","CO","80205","Denver","www.nestfresh.com","3032949740","3032949747","Synthia Szymanski","Chief Executive Office","fem","5700000","23","514499","Whol Poultry","3","0","1"
"145381","Kennedy & Coe LLC","czapp@kcoe.com","1901 56th Ave # 200","3166851868","9703308860","874842","Medical Management Consultants","www.kcoe.com"," Email <---> Revenue ","384875","Kennedy & Coe LLC","1901 56th Ave # 200","Greeley","CO","80634","Weld","www.kcoe.com","9703308860","9703306680","John C Dollarhide","Manager","Mal","5625000","25","874842","Medical Mana","3","0","1"
"118753","Adventures In Advertising","D-Gereaux@aia-cs.com","12435 N Mead Way","NULL","3034741356","731999","Advertising Nec","NULL"," Email <---> Revenue ","6902","ADVENTURES IN ADVERTISING","12435 N MEAD WAY","LITTLETON","CO","80125","Douglas","","3034741356","","DENNIS GEREAUX","Owner","M","7800000","531","731900","Advertising ","3","0","1"
"96016","Flint Personnel Svc","D-Nancy@flintpersonnel.com","469 Yampa Ave","9708248145","9708248822","736304","Employment Contractors-Temporary Help","NULL"," Email <---> Revenue ","77025","FLINT PERSONNEL SVC","469 YAMPA AVE","CRAIG","CO","81625","","","9708248822","","JOHN DOANE","Owner","M","5700000","50","736301","Temp Supply ","3","1","1"
"19833","Tele Matrix","Dale@telematrixusa.com","5025 Galley Rd","7196388815","7196388821","599904","Telephone Equipment & Supplies","NULL"," Email <---> Revenue ","183440","TELE MATRIX","5025 GALLEY RD","COLORADO SPGS","CO","80915","El Paso","","7196388821","","DALE PELLETIER","President","M","6100000","35","599906","Telephone,Co","3","0","1"
"66757","Bead Haven","Damm_Terri@beadhavenbeads.com","7705 Wadsworth Blvd","NULL","3034209014","509410","Beads (Wholesale)","NULL"," Email <---> Revenue ","242950","Bead Haven","7705 Wadsworth Blvd","Arvada","CO","80003","Jefferson","","3034209014","","Terri Damm","Owner","Fem","5088000","6","509410","Beads (Whole","3","0","1"
"149066","Electro-Mechanical Products","David-Morris@emp-products.com","1100 W Louisiana Ave","3036982701","3036981222","359903","Machine Shops","NULL"," Email <---> Revenue ","68313","ELECTRO-MECHANICAL PRODUCTS","1100 W LOUISIANA AVE","DENVER","CO","80223","Denver","","3036981222","","DAVID MORRIS","President","M","7500000","90","359900","Industrial M","3","0","1"
"103073","Artcraft Sign Co","david.gamel@sachs-lawlor.com","1717 S Acoma St","3037787175","3037777771","399302","Signs (Manufacturers)","NULL"," Email <---> Revenue ","16624","ARTCRAFT SIGN CO","1717 S ACOMA ST","DENVER","CO","80223","Denver","","3037777771","","DAVID GAMEL","Owner","M","6800000","30","347900","Met Coating,","3","0","1"
"51644","Baker Instrument Co","david.schump@bakerinst.com","2310 E Prospect Rd","9702213013","9702821200","382998","Measuring/Controlling Devices Nec (Mfrs)","NULL"," Email <---> Revenue ","240237","Baker Instrument Co","2310 E Prospect Rd","Fort Collins","CO","80525","Larimer","","9702821200","9702213013","David Schump","President","Mal","8820000","45","382998","Measuring/Co","3","0","1"
"101261","Safety & Construction Supply","DavidOrtiz@scs-denver.com","5590 Joliet St","3033718815","3033718805","508206","Contractors-Equip/Supls-Dlrs/Svc (Whol)","NULL"," Email <---> Revenue ","478357","Safety & Construction Supply","5590 Joliet St","Denver","CO","80239","Denver","www.scs-denver.com","3033718805","3033718815","David Ortiz","President","Mal","5328000","8","508206","Contractors-","3","0","1"
"115837","AAA Medical Supply Inc","dbitz@aaamedical.com","2095 W Hampden Ave","3037629612","3037811474","384104","Physicians & Surgeons Equip & Supls-Mfrs","www.aaamedical.com"," Email <---> Revenue ","210552","AAA Medical Supply Inc","2095 W Hampden Ave","Englewood","CO","80110","Arapahoe","www.aaamedical.com","3037811474","3037629612","Michelle Longo","President","Fem","7840000","35","384104","Physicians &","3","0","1"
"22500","At Contact Spaceport","DDavid@download-now.net","PO Box 348","3036604930","3036885162","484103","Satellite Comms Services-Common Carrier","NULL"," Email <---> Revenue ","235226","At Contact Spaceport","2539 N Highway 67","Sedalia","CO","80135","Douglas","www.download-now.net","3036885162","3036604930","David Drucker","Owner","Mal","5085000","15","484103","Satellite Co","3","0","1"
"59419","Bonham Group Market Research","Dean.Bonham@bonham.com","6400 S Fiddlers Green Cir","3035924293","3035924290","874214","Marketing Consultants","NULL"," Email <---> Revenue ","27866","BONHAM GROUP MARKET RESEARCH","6400 S FDDLRS GRN CIR STE 1600","GREENWOOD VLG","CO","80111","Arapahoe","","3035924290","","DEAN BONHAM","Chief Executive Office","M","5500000","22","874203","Mrkting Cons","3","0","1"
"147274","CBW Automation","dhass@cbwautomation.com","3939 Automation Way","9702299600","9702299500","355909","Special Industry Machinery Nec (Mfrs)","www.cbwautomation.com"," Email <---> Revenue ","37159","CBW AUTOMATION","3939 AUTOMATION WAY","FORT COLLINS","CO","80525","Larimer","","9702299500","","DAVE CARSON","Chief Executive Office","M","8900000","110","355900","Special Indu","3","0","1"
"153809","Skyline Business Forms Inc","dobar@skyline2000.com","8075 E 40th Ave","3033771430","3033775000","276103","Business Forms & Systems-Manufacturers","www.skyline2000.com"," Email <---> Revenue ","490044","Skyline Business Forms Inc","8075 E 40th Ave","Denver","CO","80207","Denver","www.skyline2000.com","3033775000","3033771430","Kerry Kennedy","Owner","Mal","7410000","30","276103","Business For","3","0","1"
"101287","Bunzl Papercraft Saxton","donna.robinson@bunzlusa.com","16303 E 32nd Ave # 20","9548859488","3033400222","509908","Manufacturers-Agents & Representatives","www.bunzldistribution.com"," Email <---> Revenue ","32147","BUNZL PAPERCRAFT SAXTON","16303 E 32ND AVE STE 20","AURORA","CO","80011","Adams","","3033400222","","BILL CIRA","Manager","M","6500000","30","509908","Manuf Agents","3","0","1"
"133116","C W Industries","donnahammond@cwindustgries.com","1615 Reed St","3032336917","3032338653","506328","Controls Control Systs/Regulators (Whol)","www.cwindustries.com"," Email <---> Revenue ","260440","C W Industries","1615 Reed St","Lakewood","CO","80214","Jefferson","www.cwindustries.com","3032338653","3032336917","Steven Frederickson","Owner","Mal","7896000","12","506328","Controls Con","3","0","1"
"55427","Creekside Cellars","DonoahueW@creeksidecellars.com","28036 Highway 74","3036740222","3036745460","208401","Wineries","NULL"," Email <---> Revenue ","292854","Creekside Cellars","28036 Highway 74","Evergreen","CO","80439","Jefferson","www.creeksidecellars.net","3036745460","3036740222","William Donoahue","Owner","Mal","6660000","15","208401","Wineries","3","0","1"
"118459","Dolores State Bank","doug@doloresstatebank.com","101 S 6th St","9708824721","9708827600","602201","State Commercial Banks","www.doloresstatebank.com"," Email <---> Revenue ","308658","Dolores State Bank","101 S 6th St","Dolores","CO","81323","Montezuma","www.doloresstatebank.com","9708827600","9708824721","Donald K Majors","President","Mal","8425000","25","602201","State Commer","3","0","1"
"87240","Used Car Warehouse","DougPenner@theusedcarwarehouse.com","300 Vallejo St","3037338937","3037338825","551103","Automobile Dealers-Used Cars","NULL"," Email <---> Revenue ","525980","Used Car Warehouse","300 Vallejo St","Denver","CO","80223","Denver","www.theusedcarwarehouse.com","3037338825","3037338937","Doug Penner","Owner","Mal","6470000","10","551103","Automobile D","3","1","1"
"102857","Winter Park Vacations","Dybicz-Michael@winterpark-ski.com","PO Box 3095","9707268004","9707269421","651301","Condominiums","NULL"," Email <---> Revenue ","541504","Winter Park Vacations","78415 Us Highway 40","Winter Park","CO","80482","Grand","www.winterpark-ski.com","9707269421","9707268004","Michael Dybicz","Owner","Mal","9900000","50","651301","Condominiums","3","0","1"
"155538","Valley Grown Nursery","D_A@valleygrown.com","680 24 1/2 Rd","9702420389","9702452634","526108","Nurserymen","NULL"," Email <---> Revenue ","193507","VALLEY GROWN NURSERY","680 24 1/2 RD","GRAND JCT","CO","81505","Mesa","","9702452634","","DEL ADOLF","Owner","M","6100000","35","526103","Retail Nurse","3","0","1"
"108933","Leroux Creek","E-T@lerouxcreek.com","9754 3100 Rd","9708722250","9708722256","203302","Canning (Manufacturers)","NULL"," Email <---> Revenue ","396324","Leroux Creek","9754 3100 Rd","Hotchkiss","CO","81419","Delta","www.lerouxcreek.com","9708722256","9708722250","Edward Tuft","Owner","Mal","6740000","20","203302","Canning (Man","3","0","1"
"13969","Rural Metro Ambulance","Ed@ruralmetrotn.com","3350 Peoria St # 100","NULL","3033437098","411902","Ambulance Service","NULL"," Email <---> Revenue ","476339","Rural Metro Ambulance","3350 Peoria St # 100","Aurora","CO","80010","Arapahoe","","3033437098","","Ed Jankowski","President","Mal","5900000","100","411902","Ambulance Se","3","0","1"
"142596","Energy Velocity","eding@globalenergy.com","1495 Canyon Blvd","7202402111","7202405500","171131","Energy Management Systems & Products","www.globalenergydecisions.com"," Email <---> Revenue ","69667","ENERGY VELOCITY","1495 CANYON BLVD STE 100","BOULDER","CO","80302","Boulder","","7202405500","","JON ECKER","President","M","8800000","50","171100","Plbg, Htg, A","3","0","1"
"60845","Flower Aviation","Eldon@floweraviation.com","31000 Bryan Cir","7199484112","7199483357","458104","Aircraft Servicing & Maintenance","NULL"," Email <---> Revenue ","77186","FLOWER AVIATION","31000 BRYAN CIR","PUEBLO","CO","81001","Pueblo","","7199483357","","ELDON ENGLE","Owner","M","5400000","20","517200","Whl Petroleu","3","0","1"
"124874","Paulino Gardens","ElizabethPaulino@paulinogardens.com","6280 Broadway","3034275349","3034298062","526104","Garden Centers","NULL"," Email <---> Revenue ","142793","PAULINO GARDENS","6280 BROADWAY","DENVER","CO","80216","Adams","","3034298062","","ELIZABETH PAULINO","Owner","F","7900000","45","526100","Nurs & Garde","3","0","1"
"129611","T W Stucco Inc","email-info@twstucco.com","3325 Astrozon Blvd","7195788307","7195788115","177104","Stucco Contractors","www.twstucco.com"," Email <---> Revenue ","507481","T W Stucco Inc","3325 Astrozon Blvd","Colorado Springs","CO","80910","El Paso","www.twstucco.com","7195788115","7195788307","Tom Ware","Owner","Mal","6450000","50","177104","Stucco Contr","3","0","1"
"136282","Auto Connection","Eric-Melton@autoconnectionny.com","125 S Main St","NULL","3037767371","551103","Automobile Dealers-Used Cars","NULL"," Email <---> Revenue ","236653","Auto Connection","125 S Main St","Longmont","CO","80501","Boulder","","3037767371","","Eric Melton","Owner","Mal","7117000","11","551103","Automobile D","3","1","1"
"84201","ERO Resources Corp","ero@eroresources.com","1842 Clarkson St","3038301199","3038301188","873111","Environmental & Ecological Services","www.eroresources.com"," Email <---> Revenue ","313878","ERO Resources Corp","1842 Clarkson St","Denver","CO","80218","Denver","www.eroresources.com","3038301188","3038301199","Richard Trenholme","VP","Mal","5280000","30","873111","Environmenta","3","0","1"
"129524","All City Floor Co","estimates@allcityfloors.com","4780 Oakland St","3033711135","3033710400","175203","Floor Laying Refinishing & Resurfacing","www.allcityfloors.com"," Email <---> Revenue ","9151","ALL CITY FLOOR CO","4780 OAKLAND ST","DENVER","CO","80239","Denver","","3033710400","","RICHARD HOFFMAN","President","M","5000000","100","175200","Floor Laying","3","0","1"
"33336","Aire Serv Heating & Air Cond","F-S@aireserv.com","953 Pitkin Ave","NULL","9702577300","171117","Air Conditioning Contractors & Systems","NULL"," Email <---> Revenue ","7930","AIRE SERV HEATING & AIR COND","953 PITKIN AVE","GRAND JCT","CO","81501","Mesa","","9702577300","","FRED SHURTLEFF","Owner","M","8400000","25105","171104","Heating,Air ","3","0","1"
"131913","International Channel Network","gary.wallace@i-channel.com","8900 Liberty Cir","3032685465","3032685455","484101","Television-Cable & Catv","www.internationalchannel.com"," Email <---> Revenue ","369403","International Channel Network","8900 Liberty Cir","Englewood","CO","80112","Arapahoe","www.internationalchannel.com","3032685455","3032685465","Kent Rice","CEO","Mal","6780000","20","484101","Television-C","3","0","1"
"86578","White Moving & Storage","Gary.White@whitemoving.com","4760 Holly St","3033299003","3033884114","422503","Storage-Household & Commercial","NULL"," Email <---> Revenue ","538556","White Moving & Storage","4760 Holly St","Denver","CO","80216","Denver","www.whitemoving.com","3033884114","3033299003","Gary White","Owner","Mal","6930000","55","422503","Storage-Hous","3","0","1"
"92099","Knudson Manufacturing","GaryK@knudsonmfg.com","10401 W 120th Ave","3034697994","3034692106","354207","Metal Forming Machinery (Manufacturers)","NULL"," Email <---> Revenue ","388199","Knudson Manufacturing","10401 W 120th Ave","Broomfield","CO","80021","Broomfield","www.knudsonmfg.com","3034692106","3034697994","Gary Knudson","Owner","Mal","6210000","30","354207","Metal Formin","3","0","1"
"136972","Rental City Special Events","gayle@rentalcityevents.com","6330 Gunpark Dr","3035272805","3035272905","735910","Rental Service-Stores & Yards","www.rentalcityevents.com"," Email <---> Revenue ","156484","RENTAL CITY SPECIAL EVENTS","6330 GUNPARK DR","BOULDER","CO","80301","Boulder","","3034495950","","JIM ZIGGLER","Owner","M","8100000","45","735901","Rental Ser-S","3","0","1"
"151149","Pioneer Sand Co Inc","german.mejia@col.dupont.com","11731 N Highway 83","3038413737","3038413737","503211","Sand & Gravel (Wholesale)","www.pioneer.com"," Email <---> Revenue ","146401","PIONEER SAND CO INC","11731 N HIGHWAY 83","PARKER","CO","80134","Douglas","","3038413737","","MIKE SCOTT","Manager","M","6000000","30","503200","Brick,Stone,","3","0","1"
"131084","Carrio Cabling Corp","glen.carrio@carriocabling.com","2455 Executive Cir","7195765640","7195764571","737804","Computer Wiring","NULL"," Email <---> Revenue ","36073","CARRIO CABLING CORP","2455 EXECUTIVE CIR","COLORADO SPGS","CO","80906","El Paso","","7195764571","","GLEN CARRIO","Owner","M","7700000","48","525100","Hardware Sto","3","0","1"
"88496","Davis Service Ctr","Glen@davisservicecenter.com","2380 E Main St","9702498430","9702498161","557106","Motorcycles & Motor Scooters-Dealers","NULL"," Email <---> Revenue ","300446","Davis Service Ctr","2380 E Main St","Montrose","CO","81401","Montrose","www.davisservicecenter.com","9702498161","9702498430","Glen Davis","Owner","Mal","7944000","24","557106","Motorcycles ","3","0","1"
"137436","Viewmark","Glenn@viewmetrix.com","4601 Dtc Blvd","3037712398","3037712575","274119","Multimedia (Manufacturers)","NULL"," Email <---> Revenue ","529524","Viewmark","4601 Dtc Blvd","Denver","CO","80237","Arapahoe","www.viewmetrix.com","3037712575","3037712398","Glenn Alsup","Owner","Mal","5480000","20","274119","Multimedia (","3","0","1"
"65161","Graham Advertising","Graham@grahamadvertising.com","525 Communication Cir","7196351143","7196357335","731101","Advertising-Agencies & Counselors","NULL"," Email <---> Revenue ","85532","GRAHAM ADVERTISING","525 COMMUNICATION CIR","COLORADO SPGS","CO","80905","El Paso","","7196357335","","JERRY GRAHAM","Owner","M","6500000","60","731100","Advertising ","3","0","1"
"40941","Elite Drywallers Inc-Plstrng","Greg.Coon@elitedrywall.com","3762 Highway 82 # 1","9709456306","9709453949","174203","Dry Wall Contractors","NULL"," Email <---> Revenue ","318545","Elite Drywallers Inc-Plstrng","3762 Highway 82 # 1","Glenwood Springs","CO","81601","Garfield","www.elitedrywall.com","9709453949","9709456306","Greg Coon","Owner","Mal","5550000","50","174203","Dry Wall Con","3","0","1"
"47133","Davis & Davis","Greg@daviscpa.com","2249 W College Ave","3039351762","3039354694","506328","Controls Control Systs/Regulators (Whol)","NULL"," Email <---> Revenue ","300326","Davis & Davis","2249 W College Ave","Englewood","CO","80110","Arapahoe","","3039354694","3039351762","Greg Stephens","Owner","Mal","5264000","8","506328","Controls Con","3","0","1"
"150146","Hardy Boy Bedding Plants","hardyboy@hardyboyplant.com","2761 E 74th Ave","3032879316","3032883398","571210","Bedding","www.hardyboyplant.com"," Email <---> Revenue ","89861","HARDY BOY BEDDING PLANTS","2761 E 74TH AVE","DENVER","CO","80229","Adams","","3032883398","","AL GERACE","President","M","7500000","100","571905","Beddings And","3","0","1"
"55393","Harmony Foundation Inc","harmony@oneimage.com","1600 Fish Hatchery Rd","9705770392","9705864491","839902","Alcoholism Information & Treatment Ctrs","www.harmonyfoundationinc.com"," Email <---> Revenue ","354213","Harmony Foundation Inc","1600 Fish Hatchery Rd","Estes Park","CO","80517","Larimer","www.harmonyfoundationinc.com","9705864491","9705770392","Jack Colmore","Executive Director","Mal","7525000","35","839902","Alcoholism I","3","0","1"
"55608","Horizon Home Care","HayesA@horizon-homecare.com","2170 S Parker Rd # 125","3036951464","3036951460","808201","Home Health Service","NULL"," Email <---> Revenue ","95203","HORIZON HOME CARE","2170 S PARKER RD STE 125","DENVER","CO","80231","Arapahoe","","3036951460","","JILL MC CORMICK","Owner","F","9500000","100","808200","Home Health ","3","0","1"
"121581","EMW Carpets & Furniture","Helmstaedter@emwfurniture.com","2141 S Broadway","3037449276","3037442754","571219","House Furnishings-Retail","NULL"," Email <---> Revenue ","69479","EMW CARPETS & FURNITURE","2141 S BROADWAY","DENVER","CO","80210","Denver","","3037442754","","CARL HELMSTAEDTER","President","M","8000000","50","571200","Furniture St","3","0","1"
"127732","Communication Solutions","Henderson_Larry@comsol-inc.com","4602 N Elizabeth St","7195472761","7195472707","506504","Radio Communication Equip & Systems-Whol","NULL"," Email <---> Revenue ","48983","COMMUNICATION SOLUTIONS","4602 N ELIZABETH ST","PUEBLO","CO","81008","Pueblo","","7195472707","","LARRY HENDERSON","Owner","M","6800000","40","506502","Radio Comm E","3","0","1"
"156602","Dingo Maintenance Systems","Higgins@dingo.com","6970 S Holly Cir # 200","3036629269","3036629103","506324","Burglar Alarm Systems (Wholesale)","NULL"," Email <---> Revenue ","306609","Dingo Maintenance Systems","6970 S Holly Cir # 200","Centennial","CO","80112","Arapahoe","www.dingo.com","3036629103","3036629269","Paul Higgins","Owner","Mal","6580000","10","506324","Burglar Alar","3","0","1"
"67639","Kleen-Tech Building Svc","Hughes@ktservices.com","7100 Broadway","3034282083","3034281873","734902","Janitor Service","NULL"," Email <---> Revenue ","109489","KLEEN-TECH BUILDING SVC","7100 BROADWAY","DENVER","CO","80221","Adams","","3034281873","","KATY HUGHES","Owner","F","5400000","300","734900","Bld Maintena","3","0","1"
"88227","Med Efficiency","inquiry@medefficiency.com","8620 Wolff Ct # 120","3033216081","3033217755","504704","Physicians & Surgeons Equip & Supls-Whol","www.medefficiency.com"," Email <---> Revenue ","412908","Med Efficiency","8620 Wolff Ct # 120","Westminster","CO","80031","Adams","www.medefficiency.com","3033217755","3033216081","John Atanasoff","CEO","Mal","5980000","10","504704","Physicians &","3","0","1"
"102371","Decor","J-Demmitt@ecodecotech.com","2985 W 29th St","NULL","9703307774","174301","Tile-Ceramic-Contractors & Dealers","NULL"," Email <---> Revenue ","301493","Decor","2985 W 29th St Ste D&e","Greeley","CO","80631","Weld","","9703307774","","John Demmitt","President","mal","5400000","40","175200","Flooring Con","3","0","1"
"69639","C A Technologies","J-Jacquemard@spraycat.com","6850 W 116th Ave # D","3034385708","3034385653","285114","Painters Equipment & Supplies-Mfrs","NULL"," Email <---> Revenue ","259819","C A Technologies","6850 W 116th Ave # D","Broomfield","CO","80020","Broomfield","www.spraycat.com","3034385653","3034385708","Jim Jacquemard","President","Mal","6149000","13","285114","Painters Equ","3","0","1"
"2549","Conundrum Technologies","J-Perez@conundrumtechnologies.com","PO Box 7327","NULL","9707484500","506304","Security Control Equip & Systems-Whol","NULL"," Email <---> Revenue ","287992","Conundrum Technologies","40690 Us Highway 6 & 24 # D1","Avon","CO","81620","Eagle","www.conundrumtechnologies.com","9707484500","","Jason S Perez","Owner","Mal","9870000","15","506304","Security Con","3","0","1"
"53521","Trinity Petroleum Management","J.Butler@trinitymgt.com","1801 Broadway # 600","3032960329","3032961908","651902","Oil Property Management","NULL"," Email <---> Revenue ","519758","Trinity Petroleum Management","1801 Broadway # 600","Denver","CO","80202","Denver","www.trinitymgt.com","3032961908","3032960329","J Samuel Butler","President","Mal","5125000","25","651902","Oil Property","3","0","1"
"151689","Digital Retirement Solutions","J.C@drs401k.com","2420 Trade Center Ave","3034859009","3034859000","628201","Retirement Planning Services","NULL"," Email <---> Revenue ","306348","Digital Retirement Solutions","2420 Trade Center Ave","Longmont","CO","80503","Boulder","www.drs401k.com","3034859000","3034859009","Jennifer Corbaley","President","Fem","5395000","13","628201","Retirement P","3","0","1"
"130627","T Michael Installation","J.Henderson@tmichael.net","5935 Broadway","3032449991","3032449990","502122","Office Furniture & Equip-Instltn (Whol)","NULL"," Email <---> Revenue ","181831","T MICHAEL INSTALLATION","5055 E 48TH AVE","DENVER","CO","80216","Denver","","3032449990","","JEFF HENDERSON","Owner","M","6400000","30","502100","Whl Furnitur","3","0","1"
"95019","Diploma Mill","Jack@diplomamill.com","11585 E 53rd Ave # D","3033074994","3033074224","519910","Giftwares-Wholesale","NULL"," Email <---> Revenue ","61683","DIPLOMA MILL","11585 E 53RD AVE STE D","DENVER","CO","80239","Denver","","3033074224","","JACK COHN","Owner","M","7500000","50","326900","Pottery Pdts","3","0","1"
"111620","Fossil Creek Nursery","Jack@fossilcreek.com","7029 S College Ave","9702236348","9702264924","526108","Nurserymen","NULL"," Email <---> Revenue ","78306","FOSSIL CREEK NURSERY","7029 S COLLEGE AVE","FORT COLLINS","CO","80525","Larimer","","9702264924","","JACK FETIG","Owner","M","5300000","30","526100","Nurs & Garde","3","0","1"
"153659","Annex Printing & Mailing Svc","James.Albany@annexmail.com","4721 Ironton St # A","3033936374","3033931883","733101","Mailing & Shipping Services","NULL"," Email <---> Revenue ","14170","ANNEX PRINTING & MAILING SVC","4721 IRONTON ST UNIT A","DENVER","CO","80239","Denver","","3033931883","","JAMES ALBANY","Owner","M","8100000","45","275200","Litho,Coml P","3","0","1"
"57692","Gordon Sign","james.skagen@gordonsign.com","Po Box 40311","3036291024","303-629-6121","3993","Signs and Advertising Specialties (screen printing purchased advertising specialties)","NULL"," Email <---> Revenue ","346055","Gordon Sign","P.O. BOX 40311","Denver","CO","80204","Denver","","3036296121","","James Skagen","President","mal","8700000","137","399301","Mfg Electric","3","0","1"
"138784","Mountain STATES Rv","Jamie@mountainstatesrv.com","14300 E Colfax Ave","NULL","3033600252","556103","Recreational Vehicles","NULL"," Email <---> Revenue ","130837","MOUNTAIN STATES RV","14300 E COLFAX AVE","AURORA","CO","80011","Arapahoe","","3033600252","","JAMIE CLAXON","Owner","M","5600000","20","556100","Recreational","3","0","1"
"107993","Faison Office Products Co","jared.casey@faisonopc.com","3251 Revere St # 200","3033401905","3033403672","594301","Office Supplies","NULL"," Email <---> Revenue ","72841","FAISON OFFICE PRODUCTS CO","3251 REVERE ST STE 200","AURORA","CO","80011","Adams","","3033403672","","JARED CASEY","Owner","M","7700000","43","594301","Office Forms","3","0","1"
"125070","Rocky Mountain Packaging Prods","Jay@rockymountainpackaging.com","10665 E 51st Ave","3033732030","3033732022","511308","Packaging Materials-Wholesale","NULL"," Email <---> Revenue ","472776","Rocky Mountain Packaging Prods","10665 E 51st Ave","Denver","CO","80239","Denver","www.rockymountainpackaging.com","3033732022","3033732030","Jay Barrett","Owner","Mal","6624000","8","511308","Packaging Ma","3","0","1"
"61282","Linear Manufacturing","JayP@linearmfg.com","1096 Elkton Dr # 200","7195288088","7195281455","506338","Electronic Parts Assemblers (Wholesale)","NULL"," Email <---> Revenue ","115819","LINEAR MANUFACTURING","1096 ELKTON DR STE 200","COLORADO SPGS","CO","80907","El Paso","","7195281455","","JAY PALACE","President","M","6800000","40","367200","Printed Circ","3","0","1"
"127673","Performance Wheel & Tire","jbarlau@performancewheel.com","4095 S Santa Fe Dr","3037614957","3039342929","553123","Tire-Dealers-Retail","www.performancewheel.com"," Email <---> Revenue ","446048","Performance Wheel & Tire","4095 S Santa Fe Dr","Sheridan","CO","80110","Arapahoe","www.performancewheel.com","3039342929","3037614957","Lee Needham","President","Mal","5320000","35","553123","Tire-Dealers","3","0","1"
"154194","Grand Junction Steel","jbishop@gj-steel.com","1101 3rd Ave","9702431460","9702424015","344106","Steel-Structural (Manufacturers)","www.gj-steel.com"," Email <---> Revenue ","85779","GRAND JUNCTION STEEL","1101 3RD AVE","GRAND JCT","CO","81501","Mesa","","9702424015","","JAMES R MC CONNELL","President","M","8200000","120","331200","Steel Works","3","0","1"
"4822","Industrial Specialties Mfg Inc","jcurzon@industrialspec.com","2741 W Oxford Ave # 6","3037617939","3037818486","505108","Tube Fittings (Wholesale)","NULL"," Email <---> Revenue ","367293","Industrial Specialties Mfg Inc","2741 W Oxford Ave # 6","Sheridan","CO","80110","Arapahoe","","3037818486","3037617939","John Curzon","President","Mal","6282000","6","505108","Tube Fitting","3","0","1"
"78548","Dry-B-Lo","Jeff@dryblo.com","PO Box 422","NULL","9704680266","152138","Deck Builders","NULL"," Email <---> Revenue ","311742","Dry-B-Lo","400 Clayton St","Silverthorne","CO","80498","Summit","www.dryblo.com","9704680266","","Jeff Yates","Owner","Mal","5900000","25","152138","Deck Builder","3","0","1"
"111580","Work Out West Fitness & Tennis","Jeff_O''Connell@workoutwest.com","PO Box 5293","9703309696","9703306707","799703","Tennis Courts-Private","NULL"," Email <---> Revenue ","203082","WORK OUT WEST FITNESS & TENNIS","5699 W 20TH ST","GREELEY","CO","80634","Weld","","9703309691","9703309696","JEFF O'CONNELL","President","M","7700000","110","799100","Physical Fit","3","0","1"
"31499","Craftmatic Of Denver Adjustble","JerryCantrell@craftmatic.com","1330 S Potomac St","3033027170","3033027154","571209","Beds-Retail","NULL"," Email <---> Revenue ","291783","Craftmatic Of Denver Adjustble","1330 S Potomac St","Aurora","CO","80012","Arapahoe","www.craftmatic.com","3033027154","3033027170","Jerry Cantrell","President","Mal","6000000","30","571209","Beds-Retail","3","0","1"
"25694","Winning Solutions","Jess@winningsolutionsinc.com","PO Box 5230","NULL","9707316711","512204","Cosmetics-Wholesale","NULL"," Email <---> Revenue ","541389","Winning Solutions","600 Cloman Blvd","Pagosa Springs","CO","81147","Archuleta","","9707316711","","Jess Clarke Iii","Owner","Mal","9751000","7","512204","Cosmetics-Wh","3","0","1"
"149008","Reynolds Polymer Technology","jfritz@reynoldspolymer.com","607 Hollingsworth Ave","9702414747","9702414700","323106","Aquariums & Aquarium Supls-Mfrs","www.reynoldspolymer.com"," Email <---> Revenue ","157104","REYNOLDS POLYMER TECHNOLOGY","607 HOLLINGSWORTH ST","GRAND JCT","CO","81505","Mesa","","9702414700","","ROGER R REYNOLDS III","Chief Executive Office","M","6600000","100","384100","Surgical,Med","3","0","1"
"138067","Rowman & Littlefield Pub Group","jgribble@rowman.com","5360 Manhattan Cir # 101","3035430043","3035437835","273101","Publishers-Book","www.rowmanlittlefield.com"," Email <---> Revenue ","475536","Rowman & Littlefield Pub Group","5360 Manhattan Cir # 101","Boulder","CO","80303","Boulder","www.rowmanlittlefield.com","3035437835","3035430043","Susan Mc Eachern","Executive Director","Fem","6194000","19","273101","Publishers-B","3","0","1"
"88098","Colorado Time Systems","Jim@coloradotime.com","1551 E 11th St","9706670988","9706671000","504618","Scoreboards (Wholesale)","NULL"," Email <---> Revenue ","47951","COLORADO TIME SYSTEMS","1551 E 11TH ST","LOVELAND","CO","80537","Larimer","","9706671000","","ANITA SAYED","Chief Executive Office","F","7500000","50","504600","Commercial E","3","0","1"
"92114","Comfort Air Distributing","JimO''Mara@comfortairdistributing.com","5757 E 42nd Ave","3033991839","3033991752","507510","Heating Equipment & Systems (Wholesale)","NULL"," Email <---> Revenue ","48607","COMFORT AIR DISTRIBUTING","5757 E 42ND AVE","DENVER","CO","80216","Denver","","3033332289","","JIM O'MARA","President","M","5300000","30","171104","Heating,Air ","3","0","1"
"94632","Mattress Firm","JimRiedemann@mattressfirm.com","8223 S Quebec St # R","NULL","3037210712","571220","Mattresses","NULL"," Email <---> Revenue ","122560","MATTRESS FIRM","8223 S QUEBEC ST STE D","ENGLEWOOD","CO","80112","Arapahoe","","3037210712","","JIM RIEDEMANN","President","M","9300000","49486","571905","Beddings And","3","0","1"
"139456","Electrical Systems Consultants","JimS@electsys.com","212 W Mulberry St","9702249137","9702249100","871115","Engineers-Electrical","NULL"," Email <---> Revenue ","68297","ELECTRICAL SYSTEMS CONSULTANTS","212 W MULBERRY ST","FORT COLLINS","CO","80521","Larimer","","9702249100","","JIM SIANO PE","President","M","6000000","60","871106","Electrical,E","3","0","1"
"64513","Evergreen Fitness & Tennis Ctr","jm@ezlivingsystems.com","2932 Evergreen Pkwy","3036744854","3036746902","799703","Tennis Courts-Private","www.evergreenfitness.com"," Email <---> Revenue ","71416","EVERGREEN FITNESS & TENNIS CTR","2932 EVERGREEN PKWY","EVERGREEN","CO","80439","Jefferson","","3036746902","","SHERMAN WENGER","President","M","5900000","75","799700","Membership S","3","0","1"
"130230","Delta Rocky Mountain Petroleum","jodi.orgeron@deltapetrochem.com","9155 Boston St","3032872541","3032894483","517201","Petroleum Products (Wholesale)","www.deltacompanies.net"," Email <---> Revenue ","302247","Delta Rocky Mountain Petroleum","9155 Boston St","Henderson","CO","80640","Adams","www.deltacompanies.net","3032894483","3032872541","G Lapeyre","President","","7200000","42","299299","Mfg Lubricat","3","0","1"
"14701","Nichols Tillage Tools","Joe@nicholstillage.com","312 Hereford St","9705229756","9705228676","352304","Farm Equipment-Manufacturers","NULL"," Email <---> Revenue ","134919","NICHOLS TILLAGE TOOLS","312 HEREFORD ST","STERLING","CO","80751","Logan","","9705228676","","JOE NICHOLS","President","M","7100000","105","346900","Metal Stampi","3","0","1"
"150933","Retail Store Fixtures","John.Rilko@mfried.com","1475 S Acoma St","3037448550","3037772107","254206","Store Fixtures-Manufacturers","NULL"," Email <---> Revenue ","156917","RETAIL STORE FIXTURES","1475 S ACOMA ST","DENVER","CO","80223","Denver","","3037772107","","JOHN RILKO","Chief Executive Office","M","7100000","100","254200","Met Partitio","3","0","1"
"7081","Wasson-Ece Instrumentation","john.wasson@wasson-ece.com","NULL","9702219364","970-221-9179","3826","Laboratory Analytical Instruments","NULL"," Email <---> Revenue ","533483","Wasson-Ece Instrumentation","101 Rome CT","Fort Collins","CO","80524","Larimer","","9702219179","","John Wasson","President","mal","5000000","26","382600","Mfg Analytic","3","0","1"
"124646","Golden Neo-Life Diamite Intl","John@gnld.com","619 Columbia Rd","NULL","7196320421","549904","Vitamins","NULL"," Email <---> Revenue ","84614","GOLDEN NEO-LIFE DIAMITE INTL","619 COLUMBIA RD","COLORADO SPGS","CO","80904","El Paso","","7196320421","","JOHN LAXSON","Owner","M","8300000","273","549901","Health & Die","3","0","1"
"52350","PDQ Of The Rockies","John@truck.net","8214 Park Meadows Dr","3036621987","3036629100","358904","Car Washing & Polishing Equipment-Mfrs","NULL"," Email <---> Revenue ","439028","PDQ Of The Rockies","8214 Park Meadows Dr","Lone Tree","CO","80124","Douglas","www.pdqoftherockies.com","3036629100","3036621987","John Brinkman","President","Mal","5600000","25","358904","Car Washing ","3","0","1"
"58127","Dairy Specialists","JohnAdams@laundryspecialists.com","3309 Empire St","9703301872","9703301870","508317","Dairy Equipment & Supplies (Wholesale)","NULL"," Email <---> Revenue ","56272","DAIRY SPECIALISTS","3309 EMPIRE ST","EVANS","CO","80620","Weld","","9703301870","","JOHN ADAMS","Owner","M","5300000","30","355600","Food Product","3","0","1"
"16268","Window Center","JohnRhoades@thewindowcenter.net","6200 Washington St # 10","3032869775","3032897977","521107","Windows","NULL"," Email <---> Revenue ","540917","Window Center","6200 Washington St # 10","Denver","CO","80216","Denver","www.thewindowcenter.net","3032897977","3032869775","John Rhoades","Owner","Mal","6708000","26","521107","Windows","3","0","1"
"114659","American Industrial Mfg","Jon-Tucker@americanindustrial.us","6541 Brighton Blvd","3039910910","3039910900","344106","Steel-Structural (Manufacturers)","NULL"," Email <---> Revenue ","225930","American Industrial Mfg","6541 Brighton Blvd","Commerce City","CO","80022","Adams","www.americanindustrial.us","3039910900","3039910910","Jon Tucker","Owner","Mal","5475000","25","344106","Steel-Struct","3","0","1"
"152078","Security Central Inc","jordan@securitycentralinc.com","7100 S Clinton St","3037216490","3037210111","506324","Burglar Alarm Systems (Wholesale)","www.securitycentralinc.com"," Email <---> Revenue ","166468","SECURITY CENTRAL INC","7100 S CLINTON ST","ENGLEWOOD","CO","80112","Arapahoe","","3037210111","","JON GREEN","Owner","M","5400000","30","366900","Comm Eqp Nec","3","0","1"
"138576","Paragon Development Company","jpfroog@gobrainstorm.net","48 Cr 250","9702594001","-","655200","Subdivider/developer","NAMB"," Email <---> Revenue ","141228","PARAGON DEVELOPMENT CO","48 COUNTY ROAD 250","DURANGO","CO","81301","La Plata","","9702594001","","JIM KREUTZER","Owner","M","6300000","30","655200","Subdividers ","3","0","1"
"136515","Aim Nationalease","jsaylor@aimntls.com","5151 York St","4122613591","3032938717","751303","Truck Renting & Leasing","www.aimntls.com"," Email <---> Revenue ","7753","AIM NATIONALEASE","5151 YORK ST","DENVER","CO","80216","Denver","","3032938717","","VINCE HELLEM","Vice-President","M","6500000","2205","751300","Truck Rental","3","0","1"
"26515","Shred-It","jthomson@shredit.com","1791 E 58th Ave","9732448160","3032939170","738990","Paper-Shredded","www.shredit.com"," Email <---> Revenue ","169335","SHRED-IT","1791 E 58TH AVE","DENVER","CO","80216","Adams","","3032939170","","CLAUDE FRANCE","Manager","M","5600000","1598","738900","Business Svs","3","0","1"
"10101","WACO Scaffolding & Equipment","JTrotsky@wacoscaf.com","121 E 58th Ave","3032973730","3032979226","735915","Scaffolding-Renting","NULL"," Email <---> Revenue ","196270","WACO SCAFFOLDING & EQUIPMENT","121 E 58TH AVE","DENVER","CO","80216","Adams","","3032979226","","JIM TROTSKY","President","M","5300000","45","735300","Hv Constr Eq","3","0","1"
"134369","Industrial Manufacturing Inc","justin@portluck.com","3761 Norwood Dr","3037913678","3037914455","344198","Fabricated Structural Metal (Mfrs)","www.imiincorporated.com"," Email <---> Revenue ","367269","Industrial Manufacturing Inc","3761 Norwood Dr","Littleton","CO","80125","Douglas","www.imiincorporated.com","3037914455","3037913678","David Stark","President","Mal","7665000","35","344198","Fabricated S","3","0","1"
"126424","Budget Blinds","JYoungblood@budgetblinds.com","2842 Deliverance Dr","NULL","7195930429","571916","Window Coverings-Dealers","NULL"," Email <---> Revenue ","31639","BUDGET BLINDS","6547 N ACADEMY BLVD # 579","COLORADO SPGS","CO","80918","El Paso","","7194880468","7194885604","ROY WAGNER","Owner","M","5300000","2535","571909","Blinds & Sha","3","0","1"
"18100","Eastside Heating & Air Cond","Kampbel@eastsidehtg-ac.com","10381 E 106th Ave","3032867646","3032867644","171102","Heating Contractors","NULL"," Email <---> Revenue ","66515","EASTSIDE HEATING & AIR COND","10381 E 106TH AVE","BRIGHTON","CO","80601","Adams","","3032867644","","PAUL KAMPBEL","Owner","M","7000000","40","171100","Plbg, Htg, A","3","0","1"
"133311","Techlaw Inc","kbills@techlawinc.com","560 Golden Ridge Rd # 130","4152818735","3037637188","873111","Environmental & Ecological Services","www.techlawinc.com"," Email <---> Revenue ","510174","Techlaw Inc","560 Golden Ridge Rd # 130","Golden","CO","80401","Jefferson","www.techlawinc.com","3037637188","3037634896","George Duba","VP","Mal","7920000","45","873111","Environmenta","3","0","1"
"150694","COLSA Corp","kdb@digwiz.com","1728 Paonia St","7196387923","7196387921","874876","Defense Contractors","www.colsa.com"," Email <---> Revenue ","48263","COLSA CORP","1722 PAONIA ST","COLORADO SPGS","CO","80915","El Paso","","7196387921","","JEFF PERKINS","Manager","M","5900000","26","874800","Bus Consulti","3","0","1"
"92530","Sierra Truss","Keeler@sierratruss.com","14282 Mead St","9705354029","3037724646","521124","Trusses-Construction Whol & Mfrs","NULL"," Email <---> Revenue ","487989","Sierra Truss","14282 Mead St","Longmont","CO","80504","Boulder","","3037724646","9705354029","Jack Keeler","Owner","Mal","5160000","20","521124","Trusses-Cons","3","0","1"
"143135","Platte Valley Lumber","keith.gressman@trib.com","720 E Vine Dr","9702240044","970-224-5952","2431","Millwork (wood windows and doors)","NULL"," Email <---> Revenue ","450600","Platte Valley Lumber","720 E Vine Dr","Fort Collins","CO","80524","Larimer","","9702245952","","Keith Gressman","President","mal","6500000","80","243101","Mfg Wooden D","3","0","1"
"45635","Barvista Home Ctr","Ken-Correi@barvistahomecenter.com","6001 Federal Blvd","3036570409","3036571500","154212","Buildings-Pre-Cut Prefabricated/Modular","NULL"," Email <---> Revenue ","241999","Barvista Home Ctr","6001 Federal Blvd","Denver","CO","80221","Adams","www.barvistahomecenter.com","3036571500","3036570409","Ken Correi","President","Mal","5256000","12","154212","Buildings-Pr","3","0","1"
"31742","Sprint Press Denver","Kent@sprintdenver.com","4999 Kingston St","3033712341","3033710566","275998","Commercial Printing Nec","NULL"," Email <---> Revenue ","174600","SPRINT PRESS DENVER","4999 KINGSTON ST","DENVER","CO","80239","Denver","","3033710566","","KENT ZWINGELBERG","President","M","6000000","100","275900","Coml Printin","3","0","1"
"14418","Leisure Time Products","Kevin@bait-up.net","1709 Heath Pkwy","9702249935","9702245398","599505","Sunglasses & Sun Goggles","NULL"," Email <---> Revenue ","395904","Leisure Time Products","1709 Heath Pkwy","Fort Collins","CO","80524","Larimer","","9702245398","9702249935","Kevin Soukup","President","Mal","6900000","60","599505","Sunglasses &","3","0","1"
"106474","Rocky Mountain Metalcraft","Kevin@rockymountainmetalcraft.com","117 W Vermijo Ave","7195730536","7195742232","344106","Steel-Structural (Manufacturers)","NULL"," Email <---> Revenue ","160354","ROCKY MOUNTAIN METALCRAFT","117 W VERMIJO AVE","COLORADO SPGS","CO","80903","El Paso","","7195742232","","KEVIN CRAFT","Owner","M","5400000","30","179910","Ornamental M","3","0","1"
"113287","Wireless System Inc","kgarrod@wirelessystems.com","700 Corporate Cir # M","3036799595","3036799666","506563","Telecommunication Equip/Syst-Whol/Mfrs","NULL"," Email <---> Revenue ","541640","Wireless System Inc","700 Corporate Cir # M","Golden","CO","80401","Jefferson","www.wirelessystems.com","3036799666","3036799595","Kelly Garrod","Owner","Mal","8080000","8","506563","Telecommunic","3","0","1"
"107420","Intertech Plastics Inc","khamilton@intertechplastics.com","12850 E 40th Ave","3033714901","3033714270","308901","Mold Makers","www.intertechplastics.com"," Email <---> Revenue ","99588","INTERTECH PLASTICS INC","12850 E 40TH AVE","DENVER","CO","80239","Denver","","3033714270","","NOEL GINSBURG","President","M","6400000","100","308900","Plastic Pdts","3","0","1"
"154270","DTS","kubitschek@directtransport.com","5590 E 55th Ave","3032888404","3032888188","421309","Trucking-Motor Freight","www.directtransport.com"," Email <---> Revenue ","64689","DTS","5590 E 55TH AVE","COMMERCE CITY","CO","80022","Adams","","3032888188","","CHERYL ADINOLFE","Chief Executive Office","F","9200000","100","421300","Trucking","3","0","1"
"48570","Epicurean Catering/Pantry","L.D@epicureancatering.com","6022 S Holly St","3037700711","3037700877","581212","Caterers","NULL"," Email <---> Revenue ","70295","EPICUREAN CATERING/PANTRY","6022 S HOLLY ST","GREENWOOD VLG","CO","80111","Arapahoe","","3037700877","","LARRY DI PASQUALE","Owner","M","5500000","110","581266","Caterer/Cont","3","0","1"
"61452","Fire Detection Systems","Larry@cebula.com","1351 W 121st Ave","NULL","3034388088","506308","Fire Alarm Systems (Wholesale)","NULL"," Email <---> Revenue ","329343","Fire Detection Systems","1351 W 121st Ave","Denver","CO","80234","Adams","","3034388088","","Larry Cleveland","Owner","Mal","5922000","9","506308","Fire Alarm S","3","0","1"
"104076","Cornerstone Security","Larry@sonitrol.com","8775 E Orchard Rd # 814","3037628335","7204826715","506324","Burglar Alarm Systems (Wholesale)","NULL"," Email <---> Revenue ","289187","Cornerstone Security","8775 E Orchard Rd # 814","Greenwood Vlg","CO","80111","Arapahoe","www.sonitrol.com","7204826715","3037628335","Larry Giuliani","Owner","Mal","7238000","11","506324","Burglar Alar","3","0","1"
"146032","Tundra Specialties","LMichael@tundraspecialties.com","6390 Gunpark Dr # A","3034403920","3034404142","504604","Restaurant Equipment & Supplies (Whol)","NULL"," Email <---> Revenue ","189348","TUNDRA SPECIALTIES","6390 GUNPARK DR","BOULDER","CO","80301","Boulder","","3035451350","","MICHAEL LEWIS","President","M","7500000","50","504604","Restaurant E","3","0","1"
"85887","Telluride Ski & Golf Co","lwilhoit@tellurideskiresort.com","565 Mountain Village Blvd","9707287368","9707286900","701110","Skiing Centers & Resorts","www.tellurideskiresort.com"," Email <---> Revenue ","510942","Telluride Ski & Golf Co","565 Mountain Village Blvd","Telluride","CO","81435","San Miguel","www.tellurideskiresort.com","9707286900","9707287368","Jeff Proteau","Plant Mgr","Mal","7500000","100","701110","Skiing Cente","3","1","1"
"105460","Western Fireplace Supply","L_Bob@westernfireplace.com","1685 Paonia St","7195910447","7195910020","571932","Fireplaces","NULL"," Email <---> Revenue ","536697","Western Fireplace Supply","1685 Paonia St","Colorado Springs","CO","80915","El Paso","","7195910020","7195910447","Bob Le Brun","Owner","Mal","6900000","50","571932","Fireplaces","3","0","1"
"18361","Pacific Industrial Electric","Mack@electricconstruction.com","1560 River Rd","9708584432","9708587148","362998","Electrical Indstrl Apparatus Nec (Mfrs)","NULL"," Email <---> Revenue ","439405","Pacific Industrial Electric","1560 River Rd","Fruita","CO","81521","Mesa","www.electricconstruction.com","9708587148","9708584432","G Roberts","President","","5000000","65","173199","Industrial E","3","0","1"
"136991","Mattress Firm","mailtwebmaster@mattfirm.com","7784 N Academy Blvd","6022160555","7192664310","571209","Beds-Retail","www.mattressfirm.com"," Email <---> Revenue ","122559","MATTRESS FIRM","7784 N ACADEMY BLVD","COLORADO SPGS","CO","80920","El Paso","","7192664310","","NORMAN CASELL","Manager","M","9300000","49486","571905","Beddings And","3","0","1"
"114073","Bookcliff Gardens","maintenance@bookcliffgardens.com","755 26 Rd","9702420941","9702427766","526108","Nurserymen","www.bookcliffgardens.com"," Email <---> Revenue ","27995","BOOKCLIFF GARDENS","755 26 RD","GRAND JCT","CO","81506","Mesa","","9702427766","","DENNIS HILL","Owner","M","9800000","56","526103","Retail Nurse","3","0","1"
"119951","Companion Habitat","margis@companionhabitats.com","2855 S Academy Blvd","7195408885","7195408884","519932","Pet Supplies-Wholesale","www.companionhabitats.com"," Email <---> Revenue ","285558","Companion Habitat","2855 S Academy Blvd","Colorado Springs","CO","80916","El Paso","www.companionhabitats.com","7195408884","7195408885","Kevin Kvols","President","mal","5900000","40","504601","Whol Commerc","3","0","1"
"38834","American Modular","Mark-Jespersen@amermod.com","7367 S Revere Pkwy","3037081771","3037081777","502122","Office Furniture & Equip-Instltn (Whol)","NULL"," Email <---> Revenue ","12544","AMERICAN MODULAR","7367 S REVERE PKWY","CENTENNIAL","CO","80112","Arapahoe","","3037081777","","MARK JESPERSEN","Owner","M","5300000","25","502100","Whl Furnitur","3","0","1"
"99137","Vertec Tool Inc","mark.weeks@vertectool.com","1123 Elkton Dr","7195986002","7195986300","344403","Sheet Metal Fabricators","NULL"," Email <---> Revenue ","528781","Vertec Tool Inc","1123 Elkton Dr","Colorado Springs","CO","80907","El Paso","www.vertectool.com","7195986300","7195986002","Dennis Chambon","President","mal","8631170","95","359903","Mfg Industri","3","0","1"
"40970","Marks Oil","Marks@tkmogp.com","1775 Sherman St # 2990","3038630616","3038611974","131101","Oil & Gas Producers","NULL"," Email <---> Revenue ","408330","Marks Oil","1775 Sherman St # 2990","Denver","CO","80203","Denver","www.tkmogp.com","3038611974","3038630616","Steven K Marks","President","Mal","5070000","5","131101","Oil & Gas Pr","3","0","1"
"1361","Zimmerman Metals Inc","markz@zimmerman-metals.com","201 E 58th Ave","3032925013","3032940180","344198","Fabricated Structural Metal (Mfrs)","NULL"," Email <---> Revenue ","204852","ZIMMERMAN METALS INC","201 E 58TH AVE","DENVER","CO","80216","Adams","","3032940180","","MARK ZIMMERMAN","President","M","8300000","100","344100","Fabricated S","3","0","1"
"33078","Aca Products","Matt@acaproducts.com","PO Box 1887","7193953794","7193953790","161106","Asphalt & Asphalt Products","NULL"," Email <---> Revenue ","4178","ACA PRODUCTS","PO BOX 1887","BUENA VISTA","CO","81211","","","7193953790","","JOHN HOLLENBECK","President","M","5700000","45","161100","Highway & St","3","0","1"
"141063","Five Star Affiliates","matt@fivestarchemicals.com","6735 E 50th Ave","3032870391","3032870186","284203","Cleaning Compounds-Manufacturers","www.fivestarchemicals.com"," Email <---> Revenue ","331311","Five Star Affiliates","6735 E 50th Ave","Commerce City","CO","80022","Adams","www.fivestarchemicals.com","3032870186","3032870391","David Herskowitz","Owner","Mal","5456000","11","284203","Cleaning Com","3","0","1"
"153748","Clear Channel Radio","mdibrell@inhousepublicrelations.com","1612 LA Porte Ave","7146470925","9704825991","483201","Radio Stations & Broadcasting Companies","www.clearchannel.com"," Email <---> Revenue ","276544","Clear Channel Radio","1612 LA Porte Ave","Fort Collins","CO","80521","Larimer","www.clearchannel.com","9704825991","9704825994","Stu Haskell","Manager","Mal","5500000","50","483201","Radio Statio","3","0","1"
"59985","Mill Brothers Landscape","me@mydomain.com","6121 E Harmony Rd","5018421187","9704933883","078204","Landscape Contractors","www.valleydeals.com"," Email <---> Revenue ","417897","Mill Brothers Landscape","6121 E Harmony Rd","Fort Collins","CO","80528","Larimer","www.millbrothers.com","9704933883","9704934943","Kevin Mill","President","Mal","6720000","80","78204","Landscape Co","3","1","1"
"48271","Natural Resources Consulting","Mesghinna@nrce.com","131 E Lincoln Ave # 300","9702241885","9702241851","871111","Engineers-Consulting","NULL"," Email <---> Revenue ","428164","Natural Resources Consulting","131 E Lincoln Ave # 300","Fort Collins","CO","80524","Larimer","www.nrce.com","9702241851","9702241885","Woldezion Mesghinna","Owner","Mal","5530000","35","871111","Engineers-Co","3","0","1"
"77466","Unaxis Optics USA Inc","michael.cusick@unaxis.com","16080 Table Mountain Pkwy","3032732995","3032739700","504801","Optical Goods-Wholesale","NULL"," Email <---> Revenue ","190632","UNAXIS OPTICS USA INC","16080 TABLE MOUNTAIN PKWY","GOLDEN","CO","80403","Jefferson","","3032739700","","MICHAEL CUSICK","President","M","9200000","81","385100","Ophthalmic G","3","0","1"
"145997","Colorado Natural Gas","Michael@coloradonaturalgas.com","7810 Shaffer Pkwy # 120","3039797892","3039797680","492501","Gas Companies","NULL"," Email <---> Revenue ","46909","COLORADO NATURAL GAS","7810 SHAFFER PKWY","LITTLETON","CO","80127","Jefferson","","3039797680","","MICHAEL EARNEST","Chief Executive Office","M","6100000","20","492500","Gas Prodn & ","3","0","1"
"112242","Wyse Financial Svc Inc","michael@phorium.com","3410 S Galena St # 250","3038131609","3038131601","732201","Collection Agencies","www.wysefinancial.com"," Email <---> Revenue ","203687","WYSE FINANCIAL SVC INC","3410 S GALENA ST STE 250","DENVER","CO","80231","Denver","","3038131601","","RON WALKER","Owner","M","5600000","40","732200","Claims Colle","3","0","1"
"107381","Maximum Comfort Pool & Spa","MichaelCharles@maximum-fitness.com","PO Box 2670","9709496113","9709496339","599917","Hot Tubs & Spas","NULL"," Email <---> Revenue ","122772","MAXIMUM COMFORT POOL & SPA","PO BOX 2670","VAIL","CO","81658","Eagle","","9709496339","","MICHAEL CHARLES","Chief Executive Office","M","8800000","50","599912","Swim Pools H","3","0","1"
"149584","Teledyne Brown Engineering","mike.scherer@tbe.com","1330 Inverness Dr # 350","7195746329","7195747270","381201","Aerospace Industries","www.tbe.com"," Email <---> Revenue ","510656","Teledyne Brown Engineering","1330 Inverness Dr # 350","Colorado Springs","CO","80910","El Paso","www.tbe.com","7195747270","7195746329","Gordon Bate","Manager","Mal","9266000","41","381201","Aerospace In","3","0","1"
"136775","Mac-Bestos Inc","mike@macbestos.com","1235 Delaware St","3035347034","3035342757","873111","Environmental & Ecological Services","www.macbestos.com"," Email <---> Revenue ","404859","Mac-Bestos Inc","1235 Delaware St","Denver","CO","80204","Denver","www.macbestos.com","3035342757","3035347034","Jim Rivas","President","mal","7888017","65","174202","Asbestos Aba","3","0","1"
"135575","Pioneer Manufacturing Co","mike@pioneermfg.com","3410 N Prospect St","7194734189","7194734186","344198","Fabricated Structural Metal (Mfrs)","www.pioneermfg.com"," Email <---> Revenue ","449390","Pioneer Manufacturing Co","3410 N Prospect St","Colorado Springs","CO","80907","El Paso","www.pioneermfg.com","7194734186","7194734189","Dan League Jr","President","Mal","6570000","30","344198","Fabricated S","3","0","1"
"95133","Frontier Mechanical Systems","MKent@frontiermechanical.com","1165 Garden Of The Gods Rd","7195994083","7195990616","171105","Plumbing Contractors","NULL"," Email <---> Revenue ","80228","FRONTIER MECHANICAL SYSTEMS","1165 GARDEN OF THE GODS RD","COLORADO SPGS","CO","80907","El Paso","","7195990616","","KENT MILLER","President","M","6300000","36","171102","Plumbing Con","3","0","1"
"47359","Rentech Inc","mkir@rentk.com","1331 17th St # 720","3032988010","3032988008","359202","Gas-Liquid Petro-Carburetion Syst (Mfr)","www.rentechinc.com"," Email <---> Revenue ","156493","RENTECH INC","1331 17TH ST STE 720","DENVER","CO","80202","Denver","","3032988008","","","Unknown","","7100000","258","359200","Carbtr, Pist","3","0","1"
"78998","Custom Blending Inc","mmarx@customblendinginc.com","307 N Link Ln","9704824236","9704828845","549902","Spices","NULL"," Email <---> Revenue ","54969","CUSTOM BLENDING INC","307 N LINK LN","FORT COLLINS","CO","80524","Larimer","","9704828845","","JOHN CONWAY","Owner","M","5300000","30","208700","Flvr Extract","3","0","1"
"67543","Laser Technology;  Inc.","mphillips@lti.lasertech.com","7070 South Tucson Way","3036491000","3036499710","8999","Services NEC","http://www.lasertech.com"," Email <---> Revenue ","113104","LASER TECHNOLOGY INC","7070 S TUCSON WAY","CENTENNIAL","CO","80112","Arapahoe","","3036491000","","DAVID WILLIAMS","Chief Executive Office","M","5000000","65","382900","Measur, Ctrl","3","0","1"
"23946","Accustaff","Neely@accustaff-albany.com","503 N Main St # 718","7195456402","7195458148","736304","Employment Contractors-Temporary Help","NULL"," Email <---> Revenue ","214179","Accustaff","503 N Main St # 718","Pueblo","CO","81003","Pueblo","","7195458148","7195456402","Sheila Neely","President","Fem","6000000","200","736304","Employment C","3","0","1"
"156570","Joseph A Cesare & Assoc Inc","nlewis@jacesare.com","7108 S Alton Way # B","3032200442","3032200300","871119","Engineers-Geotechnical","www.jacesare.com"," Email <---> Revenue ","105214","JOSEPH A CESARE & ASSOC INC","7108 S ALTON WAY STE B1","CENTENNIAL","CO","80112","Arapahoe","","3032200300","","JOSEPH A CESARE","President","M","5000000","50","871100","Engineering ","3","0","1"
"22602","Paragon Sight & Sound","nospam@paragon-usa.com","20 Sunset Dr # 8","9705448488","9705448494","573105","Stereophonic & High Fidelity Equip-Dlrs","www.paragon-usa.com"," Email <---> Revenue ","441375","Paragon Sight & Sound","20 Sunset Dr # 8","Basalt","CO","81621","Eagle","www.paragon-usa.com","9705448494","9705448488","Dave Raife","Owner","Mal","5324000","22","573105","Stereophonic","3","0","1"
"140328","Broomfield Rehab & Nursing Ctr","nursing@broomfieldnursingcenter.com","12975 Sheridan Blvd","3037855801","3037855800","805101","Nursing & Convalescent Homes","www.broomfieldnursingcenter.com"," Email <---> Revenue ","30921","BROOMFIELD REHAB & NURSING CTR","12975 SHERIDAN BLVD","BROOMFIELD","CO","80020","Broomfield","","3037855800","","TIM HERONIMUS","Administrator","M","6100000","160","805101","Nursing Home","3","0","1"
"140739","Merilab Inc","o.geiseman@merilab.com","2390 S Tejon St","3039361480","3039223775","358998","Service Industry Machinery Nec (Mfrs)","NULL"," Email <---> Revenue ","414316","Merilab Inc","2390 S Tejon St","Englewood","CO","80110","Arapahoe","www.merilab.com","3039223775","3039361480","Stan Merrill","President","Mal","8288000","37","358998","Service Indu","3","0","1"
"94318","Maharishi Ayur-Products Intl","orderprocessing@mapi.com","1068 Elkton Dr","7192607400","7192605500","209910","Health Food Products-Manufacturers","www.mapi.com"," Email <---> Revenue ","119724","MAHARISHI AYUR-PRODUCTS INTL","3310 ADOBE CT","COLORADO SPRINGS","CO","80907","El Paso","","7192605500","","","Unknown","","5000000","65","209900","Food Prepara","3","0","1"
"123317","Select Contract Svc","pamelah@therightselection.com","1285 W Byers Pl","3037337442","3037335300","734902","Janitor Service","www.therightselection.com"," Email <---> Revenue ","484075","Select Contract Svc","1285 W Byers Pl","Denver","CO","80223","Denver","www.therightselection.com","3037335300","3037337442","Debra Lowery","President","Fem","7750000","250","734902","Janitor Serv","3","0","1"
"145489","Foreignexchange Translations","partners@fxtrans.com","500 S Arthur Ave # 700","3039267123","3039267177","738999","Business Services Nec","www.fxtrans.com"," Email <---> Revenue ","77815","FOREIGNEXCHANGE TRANSLATIONS","500 S ARTHUR AVE STE 700","LOUISVILLE","CO","80027","Boulder","","3039267177","","ANDRES ATUBERGER","President","M","6800000","30","738900","Business Svs","3","0","1"
"78821","Grady's Restaurant & Bar Spply","PaulGradishar@pueblohotelsupply.com","430 W 4th St","7195428857","7195428853","504604","Restaurant Equipment & Supplies (Whol)","NULL"," Email <---> Revenue ","346546","Grady's Restaurant & Bar Spply","430 W 4th St","Pueblo","CO","81003","Pueblo","www.pueblohotelsupply.com","7195428853","7195428857","Paul Gradishar","Owner","Mal","5572000","14","504604","Restaurant E","3","0","1"
"142016","Honeywell PAI","PerrinS@honeywellpai.com","555 Zang St # 200","3039876150","3039876100","871147","Engineering","NULL"," Email <---> Revenue ","362421","Honeywell PAI","555 Zang St # 200","Lakewood","CO","80228","Jefferson","www.honeywellpai.com","3039876100","3039876150","Scott Perrin","President","Mal","7900000","50","871147","Engineering","3","0","1"
"146390","Central Motive Power Inc","pharcourt@centralmotivepower.com","6301 Broadway","3034286785","3034283611","753807","Engines-Diesel-Fuel Injection-Svc & Rpr","www.centralmotivepower.com"," Email <---> Revenue ","268656","Central Motive Power Inc","6301 Broadway","Denver","CO","80216","Denver","www.centralmotivepower.com","3034283611","3034286785","Harry Ellison","Manager","Mal","5060000","44","753807","Engines-Dies","3","0","1"
"136956","Equitable Savings &Amp; Loan","pjames@equitable-savings.com","3050 S. College","9702231963","-","522310","BUILDING MATERIALS, HARDWARE, GARDEN SUPPLY, AND MOBILE HOME DEALERS","NAMB"," Email <---> Revenue ","70429","EQUITABLE SAVINGS & LOAN ASSN","300 E HORSETOOTH RD STE 102","FORT COLLINS","CO","80525","Larimer","","9702231963","","PAM JAMES","Manager","F","9300000","90","603600","Non Fed Savi","3","0","1"
"154942","Family Auto Ctr","Ponesse.Tom@familyac.com","1 S Main St","3037721596","3036513551","551103","Automobile Dealers-Used Cars","NULL"," Email <---> Revenue ","325655","Family Auto Ctr","1 S Main St","Longmont","CO","80501","Boulder","","3036513551","3037721596","Tom Ponesse","Owner","Mal","7117000","11","551103","Automobile D","3","1","1"
"95110","Camping Country Rv","R.H@campingcountryrv.com","9439 Bandley Dr","7196359586","7196354656","556103","Recreational Vehicles","NULL"," Email <---> Revenue ","262860","Camping Country Rv","9439 Bandley Dr","Fountain","CO","80817","El Paso","www.campingcountryrv.com","7196354656","7196359586","Ron Hillested","Owner","Mal","8474000","19","556103","Recreational","3","0","1"
"8944","Tel West Communications","Ray@telwestservices.com","809 Desert Flower Blvd","7195428535","7195951999","506563","Telecommunication Equip/Syst-Whol/Mfrs","NULL"," Email <---> Revenue ","510555","Tel West Communications","809 Desert Flower Blvd","Pueblo","CO","81001","Pueblo","","7195951999","7195428535","Ray Baum","Owner","Mal","9090000","9","506563","Telecommunic","3","0","1"
"134240","Darant Distributing Corp","rburns@darant.com","1832 E 68th Ave","3032892225","3032892220","308902","Plastics & Plastic Products (Mfrs)","www.darant.com"," Email <---> Revenue ","299024","Darant Distributing Corp","1832 E 68th Ave","Denver","CO","80229","Adams","www.darant.com","3032892220","3032892225","Robert C Grant","President","Mal","6560000","40","308902","Plastics & P","3","0","1"
"145792","Juniper Networks Inc","rfortier@juniper.net","1550 17th St # 200","5712031790","7209325700","737314","Internet Svcs-Network Designers/Conslnt","www.juniper.net"," Email <---> Revenue ","381042","Juniper Networks Inc","1550 17th St # 200","Denver","CO","80202","Denver","www.juniper.net","7209325700","","Jim Labovites","Manager","Mal","6188000","28","737314","Internet Svc","3","0","1"
"26001","All-State Fire Protection","RG@allstatefireprotection.com","6045 E 76th Ave # 12","3032881936","3032883901","508734","Sprinklers-Automatic-Fire (Wholesale)","NULL"," Email <---> Revenue ","9688","ALL-STATE FIRE PROTECTION","6045 E 76TH AVE STE 12","COMMERCE CITY","CO","80022","Adams","","3032883901","","RAY GIBLER","President","M","9300000","50","356900","General Indu","3","0","1"
"77876","CTI Communications","Rich@fastsync.com","2649 E Mulberry St","NULL","9702219119","506563","Telecommunication Equip/Syst-Whol/Mfrs","NULL"," Email <---> Revenue ","261444","CTI Communications","2649 E Mulberry St","Fort Collins","CO","80524","Larimer","","9702219119","","Rich Browne","Owner","Mal","6060000","6","506563","Telecommunic","3","0","1"
"144655","Denver Concrete Svc","Richard@denverconcreteservices.com","8110 E 86th Ave","3032873964","3032873951","177105","Concrete Contractors","NULL"," Email <---> Revenue ","303167","Denver Concrete Svc","8110 E 86th Ave","Commerce City","CO","80022","Adams","www.denverconcreteservices.com","3032873951","3032873964","Richard Edelen","President","Mal","9675000","75","177105","Concrete Con","3","0","1"
"47332","Gordon Gumeson & Assoc","Richard@ggaengrs.com","4725 S Monaco St # 200","3036949144","3037791222","871111","Engineers-Consulting","NULL"," Email <---> Revenue ","346010","Gordon Gumeson & Assoc","4725 S Monaco St # 200","Denver","CO","80237","Arapahoe","www.ggaengrs.com","3037791222","3036949144","Richard Gordon","Owner","Mal","5530000","35","871111","Engineers-Co","3","0","1"
"152776","Budget Blinds","RichardMahoney@budget-blinds.com","4110 S Evanston Cir","NULL","3033938300","571407","Draperies & Curtains-Retail/Custom Made","NULL"," Email <---> Revenue ","31636","BUDGET BLINDS","4110 S EVANSTON CIR","AURORA","CO","80014","Arapahoe","","3033938300","","RICHARD MAHONEY","Owner","M","5300000","2535","571401","Draperies","3","0","1"
"88413","Promark","Rick@promarkin.com","1219 Rock Creek Cir","3039261450","3039261328","509908","Manufacturers-Agents & Representatives","NULL"," Email <---> Revenue ","455870","Promark","1219 Rock Creek Cir","Lafayette","CO","80026","Boulder","www.autoemblem.com","3039261328","3039261450","Rick Taylor","President","Mal","6608000","7","509908","Manufacturer","3","0","1"
"128785","Magnum Manufacturing Center","Ricky.Campbell@smccorporation.com","55 Mount View Ln","7195901280","719-590-7575","3599","Industrial and Commercial Machinery and Equipment","NEC (machine shops)"," Email <---> Revenue ","405518","Magnum Manufacturing Center","55 Mount View Ln","Colorado Springs","CO","80907","El Paso","","7195907575","","Ricky Campbell","President","","7300000","104","359903","Complex Prec","3","0","1"
"13528","Direct Data Storage","RMichael@directdatastorage.com","11475 Dallas Rd","7194956101","7194956100","738999","Business Services Nec","NULL"," Email <---> Revenue ","61704","DIRECT DATA STORAGE","11475 DALLAS RD","PEYTON","CO","80831","El Paso","","7194956100","","MICHAEL RESNIK","President","M","5600000","25","738900","Business Svs","3","0","1"
"82080","Lind's Plumbing & Heating","Robert@lindsph.com","1414 Blue Spruce Dr # A","9702211452","9702211735","171105","Plumbing Contractors","NULL"," Email <---> Revenue ","115680","LIND'S PLUMBING & HEATING","1414 BLUE SPRUCE DR STE A","FORT COLLINS","CO","80524","Larimer","","9702211735","","JESS MAKEPEACE","Owner","M","7000000","40","171102","Plumbing Con","3","0","1"
"84246","Borders Books Music & Cafe","Rogers-Chris@borders.com","6606 S Parker Rd","NULL","3036804023","594201","Book Dealers-Retail","NULL"," Email <---> Revenue ","251786","Borders Books Music & Cafe","6606 S Parker Rd","Aurora","CO","80016","Arapahoe","","3036804023","","Chris Rogers","President","Mal","6650000","50","594201","Book Dealers","3","0","1"
"143815","Alpine Research Optic Corp","rschuster@arocorp.com","6810 Winchester Cir","3034441686","3034443420","385103","Optical Goods-Manufacturers","www.arocorp.com"," Email <---> Revenue ","223789","Alpine Research Optic Corp","6810 Winchester Cir","Boulder","CO","80301","Boulder","www.arocorp.com","3034443420","3034441686","David Collier","Owner","Mal","8900000","50","385103","Optical Good","3","0","1"
"150093","Peak Contract Mfg Inc","rtunehorst@peakcontractmfg.com","6113 Constitution Ave","7195741157","7195741135","506338","Electronic Parts Assemblers (Wholesale)","NULL"," Email <---> Revenue ","143196","PEAK CONTRACT MFG INC","6113 CONSTITUTION AVE","COLORADO SPGS","CO","80915","El Paso","","7195741135","","BOB CROW","Owner","M","7700000","45","367200","Printed Circ","3","0","1"
"10584","L & R Pallet","Ruder@palletsnow.com","PO Box 392001","3033712038","3033555083","244801","Pallets & Skids-Manufacturers","NULL"," Email <---> Revenue ","110735","L & R PALLET","3855 LIMA ST","DENVER","CO","80239","Denver","","3033555083","3033712038","LARRY RUDER","Owner","M","9400000","115","244800","Wood Pallets","3","0","1"
"56815","Transportation Management Svc","R_Butts@tmsidenver.com","7725 E 88th Ave","3033993921","3032878600","422503","Storage-Household & Commercial","NULL"," Email <---> Revenue ","187905","TRANSPORTATION MANAGEMENT SVC","7725 E 88TH AVE","HENDERSON","CO","80640","Adams","","3032878600","","ROBERT BUTTS","Owner","M","5100000","60","422501","General Ware","3","0","1"
"133668","Base Electronics","S-B@baseelectronics.com","2856 Janitell Rd # C","7195409698","7195409697","506338","Electronic Parts Assemblers (Wholesale)","NULL"," Email <---> Revenue ","242063","Base Electronics","2856 Janitell Rd # C","Colorado Springs","CO","80906","El Paso","www.baseelectronics.com","7195409697","7195409698","Scott Brown","President","Mal","6580000","10","506338","Electronic P","3","0","1"
"124358","Precision Air Cargo","S.Joe@precisionaircargo.com","14155 E 42nd Ave","3035760214","3035760020","451202","Air Cargo Service","NULL"," Email <---> Revenue ","452802","Precision Air Cargo","14155 E 42nd Ave","Denver","CO","80127","Jefferson","www.precisionaircargo.com","3035760020","3035760214","Joe Stremel","President","Mal","6440000","20","451202","Air Cargo Se","3","0","1"
"128362","Longmont Auto Sales North","S.John@longmontautosales.com","10400 E I25 Frontage Rd","3037769144","3036849460","551103","Automobile Dealers-Used Cars","NULL"," Email <---> Revenue ","400868","Longmont Auto Sales North","10400 E I25 Frontage Rd","Longmont","CO","80504","Boulder","www.longmontautosales.com","3036849460","3037769144","John Santeramo","Owner","Mal","7764000","12","551103","Automobile D","3","1","1"
"60867","American Events & Promotions","S.Mesco@amerevents.com","1641 Parkside Cir","NULL","3036658280","874879","Meeting & Conference Consultants","NULL"," Email <---> Revenue ","12022","AMERICAN EVENTS & PROMOTIONS","1641 PARKSIDE CIR","LAFAYETTE","CO","80026","Boulder","","3036658280","","SUSEN MESCO","President","F","5900000","26","738900","Business Svs","3","0","1"
"112291","Adams Wood Design","Salvato-Bob@adamswooddesign.com","13100 W 43rd Dr","3039898744","3039861409","571217","Furniture-Designers & Custom Builders","NULL"," Email <---> Revenue ","215625","Adams Wood Design","13100 W 43rd Dr","Golden","CO","80403","Jefferson","www.adamswooddesign.com","3039861409","3039898744","Bob Salvato","President","Mal","5000000","25","571217","Furniture-De","3","0","1"
"22836","Fast-Trac Buildings","Schamel@fasttracbuildings.com","65 Inverness Dr E # 300","3037982799","3037970991","154210","Buildings-Metal","NULL"," Email <---> Revenue ","327485","Fast-Trac Buildings","65 Inverness Dr E # 300","Englewood","CO","80112","Arapahoe","www.fasttracbuildings.com","3037970991","3037982799","Dale Schamel","Owner","Mal","6132000","14","154210","Buildings-Me","3","0","1"
"38","Denver Lumber Co","scott@denverlumber.com","1490 S Cherokee St","3038719028","3037335543","521142","Lumber-Retail","www.denverlumber.com"," Email <---> Revenue ","59705","DENVER LUMBER CO","1490 S CHEROKEE ST","DENVER","CO","80223","Denver","","3037335543","","SCOTT YATES","President","M","5100000","40","521100","Lumber, Rel ","3","0","1"
"17485","Smalley & Co","scott@vid-online.com","861 S Jason St","3037773010","3037773435","503210","Caulking Materials & Equipment (Whol)","www.smalleyandcompany.com"," Email <---> Revenue ","171083","SMALLEY & CO","861 S JASON ST","DENVER","CO","80223","Denver","","3037773435","","BRUCE COY","President","M","9000000","50","347900","Met Coating,","3","0","1"
"50799","Classic Wines","Scott@wineselectors.com","445 Bryant St # 8","3038251361","3038251360","518203","Wines-Wholesale","NULL"," Email <---> Revenue ","43201","CLASSIC WINES","445 BRYANT ST STE 8","DENVER","CO","80204","Denver","","3038251360","","SCOTT HIGH","Owner","M","5500000","42","208400","Wine,Brandy,","3","0","1"
"129463","Lemstone Christian Stores","ScottJerlow@lemstone.com","19190 E Main St","3038415055","3038418828","594201","Book Dealers-Retail","NULL"," Email <---> Revenue ","114326","LEMSTONE CHRISTIAN STORES","19190 E MAIN ST","PARKER","CO","80134","Douglas","","3038418828","","SCOTT JERLOW","Owner","M","7500000","205","594200","Book Stores","3","0","1"
"139412","Health Choice One","ScottS@healthchoiceone.com","5950 S Willow Dr # 310","3033504724","7202002825","809907","Health Services","NULL"," Email <---> Revenue ","355799","Health Choice One","5950 S Willow Dr # 310","Greenwood Vlg","CO","80111","Arapahoe","www.healthchoiceone.com","7202002825","3033504724","Scott Slutzker","Owner","Mal","7392000","66","809907","Health Servi","3","2","1"
"96304","Keesen Enterprises Inc","sgenders@keesenent.com","3355 S Umatilla St","3037613466","3037610444","078204","Landscape Contractors","www.keesenent.com"," Email <---> Revenue ","384082","Keesen Enterprises Inc","3355 S Umatilla St","Englewood","CO","80110","Arapahoe","www.keesenent.com","3037610444","3037613466","Duane Keesen","President","mal","5500000","75","78299","Landscape Co","3","0","1"
"124077","Appliance Parts Ctr","Shawn@appliance-parts-center.com","2509 1/2 Weslo Ave","9702411553","9702413163","506401","Appliances-Household-Major-Supls (Whol)","NULL"," Email <---> Revenue ","230077","Appliance Parts Ctr","2509 1/2 Weslo Ave","Grand Junction","CO","81505","Mesa","","9702413163","9702411553","Shawn Cwalinski","Owner","Mal","7000000","5","506401","Appliances-H","3","0","1"
"131288","Golden Villa Homes","Shawn@goldenvilla.com","2541 Highway 6 And 50","NULL","9702577564","527103","Mobile Homes-Equipment & Parts","NULL"," Email <---> Revenue ","345172","Golden Villa Homes","2541 Highway 6 And 50","Grand Junction","CO","81505","Mesa","","9702577564","","Shawn Ruse","Owner","Mal","8620000","20","527103","Mobile Homes","3","0","1"
"135819","American Medical Response","shelli_field@amr-ems.com","2370 N Powers Blvd","7195979703","7195971277","411902","Ambulance Service","www.amr.net"," Email <---> Revenue ","12531","AMERICAN MEDICAL RESPONSE","2370 N POWERS BLVD","COLORADO SPGS","CO","80915","El Paso","","7195971277","","MARK BRUNING","Vice-President","M","8600000","21333","411903","Ambulance Se","3","0","1"
"26177","American Travel Intl","Sher@americantravel-llc.com","2220 E Bijou St # 222","7195780008","7195780011","472402","Travel Agencies & Bureaus","NULL"," Email <---> Revenue ","12838","AMERICAN TRAVEL INTL","2220 E BIJOU ST STE 222","COLORADO SPGS","CO","80909","El Paso","","7195780011","","AHMAD SHER","Owner","M","7000000","22","472400","Travel Agenc","3","0","1"
"104850","Sartomer Co","sin.team@sartomer.com","569 24 1/4 Rd","6103634140","9702458148","282101","Plastics-Raw Mtrls/Powder/Resin-Mfrs","www.sartomer.com"," Email <---> Revenue ","164899","SARTOMER CO","569 24 1/4 RD","GRAND JCT","CO","81505","Mesa","","9702458148","","","Unknown","","7300000","261","282100","Plas Mtls & ","3","0","1"
"147482","CLC Assoc Inc","slynch@clcassoc.com","8480 E Orchard Rd # 2000","3037702349","3037705600","871110","Engineers-Civil","www.clcassoc.com"," Email <---> Revenue ","43292","CLC ASSOC INC","8480 E ORCHARD RD STE 2000","GREENWOOD VLG","CO","80111","Arapahoe","","3037705600","","STEVEN E WILSON","Chief Executive Office","M","5200000","52","871100","Engineering ","3","0","1"
"16287","Alternatives Access","Smith@alternativeaccess.com","825 Marble Dr","NULL","9706867011","839905","Disability Services","NULL"," Email <---> Revenue ","224273","Alternatives Access","825 Marble Dr","Fort Collins","CO","80526","Larimer","www.alternativeaccess.com","9706867011","","Gaye Smith","Owner","Fem","5375000","25","839905","Disability S","3","0","1"
"56247","Front Range Seamless Gutters","Smith@frontrangeseamlessgutters.com","4871 Weld County Rd # 7","NULL","9703524110","176103","Gutters & Downspouts","NULL"," Email <---> Revenue ","337064","Front Range Seamless Gutters","4871 Weld County Rd # 7","Greeley","CO","80631","Weld","","9703524110","","Dean Smith","Owner","Mal","5580000","45","176103","Gutters & Do","3","0","1"
"86429","Speeco Special Products Co","speeco@speeco.com","15000 W 44th Ave # C","3032783432","3032795544","509905","Importers","www.speeco.com"," Email <---> Revenue ","494780","Speeco Special Products Co","15000 W 44th Ave # C","Golden","CO","80403","Jefferson","www.speeco.com","3032795544","3032783432","Steve Rolin","President","Mal","6900000","95","509905","Importers","3","0","1"
"124758","Steamway International Inc","steamway@steamway.com","4550 Jackson St","3033553516","3033553566","358998","Service Industry Machinery Nec (Mfrs)","www.steamway.com"," Email <---> Revenue ","498972","Steamway International Inc","4550 Jackson St","Denver","CO","80216","Denver","www.steamway.com","3033553566","3033553516","Jack Daley","Owner","Mal","9350000","15","358998","Service Indu","3","0","1"
"69405","Inioy Productions","Stein@injoyvideos.com","1435 Yarmouth Ave","NULL","3034472082","781203","Audio-Visual Production Service","NULL"," Email <---> Revenue ","367645","Inioy Productions","1435 Yarmouth Ave","Boulder","CO","80304","Boulder","","3034472082","","Charlie Stein","Owner","Mal","5338000","17","781203","Audio-Visual","3","0","1"
"129021","Controlling Systems","Steve@controllingsystems.com","2901 S Shoshone St","3037621429","3037621421","171102","Heating Contractors","NULL"," Email <---> Revenue ","50674","CONTROLLING SYSTEMS","2901 S SHOSHONE ST","ENGLEWOOD","CO","80110","Arapahoe","","3037621421","","STEVE DAVIDSON","President","M","7000000","40","171104","Heating,Air ","3","0","1"
"44700","Fine Line Signs Graphics","Steve@finelineonestop.com","601 W 48th Ave","3032939217","3032921660","733603","Graphic Designers","NULL"," Email <---> Revenue ","75142","FINE LINE SIGNS GRAPHICS","601 W 48TH AVE","DENVER","CO","80216","Denver","","3032921660","","STEVE JOHNSON","Owner","M","6700000","38","733601","Art Design S","3","0","1"
"7573","St Nicks Christmas Collectible","SueS@stnicks.com","5221 S Santa Fe Dr","3037982450","3037988087","599951","Christmas Lights & Decorations","NULL"," Email <---> Revenue ","175121","ST NICKS CHRISTMAS COLLECTIBLE","5221 S SANTA FE DR","LITTLETON","CO","80120","Arapahoe","","3037988087","","SUE SEALY","Owner","F","7000000","40","599900","Misc Retail ","3","0","1"
"150370","Circle Graphics","suggestions@circlegraphicsonline.com","120 9th Ave # B","3035322383","3035322370","737405","Scanning Service","www.circlegraphicsonline.com"," Email <---> Revenue ","42218","CIRCLE GRAPHICS","120 9TH AVE STE B","LONGMONT","CO","80501","Boulder","","3035322370","","HANK RIDLESS","President","M","8800000","127","275200","Litho,Coml P","3","0","1"
"141251","Polycom Development Corp","support2@wooshcom.com","16095 Ridge Tee Dr","3036971577","3036971577","506551","Communications Equipment (Wholesale)","www.wooshcom.com"," Email <---> Revenue ","451374","Polycom Development Corp","16095 Ridge Tee Dr","Morrison","CO","80465","Jefferson","www.wooshcom.com","3036971577","","","","","5050000","5","506551","Communicatio","3","0","1"
"143296","AEI Office Furniture Plan","survey@activeendeavors.com","10715 E 51st Ave","8478696658","3033711197","502122","Office Furniture & Equip-Instltn (Whol)","www.activeendeavors.com"," Email <---> Revenue ","6986","AEI OFFICE FURNITURE PLAN","10715 E 51ST AVE","DENVER","CO","80239","Denver","","3033711197","","REGGIE MORTON","President","M","7500000","35","502100","Whl Furnitur","3","0","1"
"72423","Envision Telecom","Tarah@envisiontelecom.com","4570 Hilton Pkwy # 106","NULL","7195331092","506563","Telecommunication Equip/Syst-Whol/Mfrs","NULL"," Email <---> Revenue ","321164","Envision Telecom","4570 Hilton Pkwy # 106","Colorado Springs","CO","80907","El Paso","","7195331092","","Tarah Shelby","Owner","Fem","5050000","5","506563","Telecommunic","3","0","1"
"100862","Wodehouse Builders","telluride@wodehousebuilders.com","307 Aabc # L","9709209779","9709200039","473113","Customs Brokers","www.wodehousebuilders.com"," Email <---> Revenue ","202411","WODEHOUSE BUILDERS","307 AABC","ASPEN","CO","81611","","","9709200039","","MICHAEL AUGELLO","President","M","6800000","20","154205","Comm/Off Bld","3","0","1"
"152022","Wadsworth Control Systems Inc","tenel@wadsworthcontrols.com","5541 Marshall St","3034246012","3034244461","519113","Greenhouse Equipment & Supplies (Whol)","www.wadsworthcontrols.com"," Email <---> Revenue ","196328","WADSWORTH CONTROL SYSTEMS INC","5541 MARSHALL ST","ARVADA","CO","80002","Jefferson","","3034244461","","GARY DEAN","President","M","9000000","30","239200","Housefurnish","3","0","1"
"147879","Electric Supply Co","theresa@electricsupplydenver.com","1870 S Acoma St","3037781939","3037772428","506330","Electric Equipment & Supplies-Wholesale","www.electricsupplydenver.com"," Email <---> Revenue ","318109","Electric Supply Co","1870 S Acoma St","Denver","CO","80223","Denver","www.electricsupplydenver.com","3037772428","3037781939","Dave Rasmussen","Owner","Mal","6580000","10","506330","Electric Equ","3","0","1"
"55542","Colorado Petroleum","Thompson@colopetro.com","4080 Globeville Rd","3032949128","3032940302","299298","Lubricating Oils & Greases (Mfrs)","NULL"," Email <---> Revenue ","47052","COLORADO PETROLEUM","4080 GLOBEVILLE RD","DENVER","CO","80216","Denver","","3032940302","","LOHREN THOMPSON","Owner","M","6700000","60","299200","Lubr Oils & ","3","0","1"
"130191","High Plains Livestock Exchange","Tim@hplivestock.com","28601 Us Highway 34","9708425088","9708425115","515402","Livestock Auction Markets","NULL"," Email <---> Revenue ","92841","HIGH PLAINS LIVESTOCK EXCHANGE","28601 US HIGHWAY 34","BRUSH","CO","80723","Morgan","","9708425115","","ALLEN WALKER","Chief Financial Office","M","8000000","30","515400","Whl Livestoc","3","0","1"
"117625","Breckenridge Mountain Lodge","tj@tjpower.com","600 S Ridge Street","null","null","701107","Bed & Breakfast Accommodations","null"," Email <---> Revenue ","254226","Breckenridge Mountain Lodge","P.O. BOX 8329","Breckenridge","CO","80424","Summit","","9704532000","","Adam Aron","Chairman of the Board","mal","5500000","250","653101","Real Estate ","3","0","1"
"27390","Easter-Owens Electric Co","TJaqua@easter-owens.com","6692 Fig St","3034242040","3034310111","346904","Metal Stamping (Manufacturers)","NULL"," Email <---> Revenue ","315216","Easter-Owens Electric Co","6692 Fig St","Arvada","CO","80004","Jefferson","","3034310111","3034242040","David Easter","Owner","Mal","6574000","38","346904","Metal Stampi","3","0","1"
"136558","Manitou Cliff Dwellings","Tom.Rogers@cliffdwellingsmuseum.com","PO Box 272","7196851562","7196855242","799940","Historical Places","NULL"," Email <---> Revenue ","120397","MANITOU CLIFF DWELLINGS","W US HIGHWAY 24","MANITOU SPRINGS","CO","80829","El Paso","","7196855242","7196851562","TOM ROGERS","Owner","M","9000000","40","738903","Adv,Promo,Sh","3","0","1"
"155951","Innovative Mechanical Systems","tomc@innmechsys.com","1500 Cherry St # A","7208901780","3038901080","171114","Mechanical Contractors","www.innovativemechanicalsystems.com"," Email <---> Revenue ","98423","INNOVATIVE MECHANICAL SYSTEMS","1500 CHERRY ST","LOUISVILLE","CO","80027","Boulder","","7208901080","","DAVID DUVAL","President","M","7000000","40","171104","Heating,Air ","3","0","1"
"37798","ATA Black Belt Academy","Tracey@atatulsa.com","324 E Miller Ct","NULL","3036639822","799945","Martial Arts Instruction","NULL"," Email <---> Revenue ","18364","ATA BLACK BELT ACADEMY","324 E MILLER CT","CASTLE ROCK","CO","80104","Douglas","","3036639822","","TRACEY HUTCHISON","Owner","F","5000000","1083","799920","Martial Arts","3","0","1"
"14205","Touch Of Care","Tracy_Martinez@touchofcare.net","108 W 2nd St","9708746979","9708746115","734922","House Cleaning","NULL"," Email <---> Revenue ","187117","TOUCH OF CARE","108 W 2ND ST","DELTA","CO","81416","","","9708746115","","TRACY MARTINEZ","Owner","F","8600000","75","736303","Maid & Butle","3","0","1"
"156026","Lattice Semiconductor Corp","troy.collins@arrowasia.com","10901 W 120th Ave # 150","3034387321","3034387300","367401","Semiconductor Devices (Manufacturers)","www.latticesemi.com"," Email <---> Revenue ","394011","Lattice Semiconductor Corp","10901 W 120th Ave # 150","Broomfield","CO","80021","Broomfield","www.latticesemi.com","3034387300","3034387321","Anthony Reeves","Manager","Mal","6156000","12","367401","Semiconducto","3","0","1"
"16280","Wood Products","Troy@woodproductsinc.net","920 E Collins St","9704543286","9703535311","244801","Pallets & Skids-Manufacturers","NULL"," Email <---> Revenue ","542349","Wood Products","920 E Collins St","Eaton","CO","80615","Weld","","9703535311","9704543286","Troy Kyne","Owner","Mal","5750000","50","244801","Pallets & Sk","3","0","1"
"10578","Turner Group","TurnerG@turnermediagroup.com","4100 E Mississippi Ave # 1700","3033025996","3038395303","731305","Advertising-Television","NULL"," Email <---> Revenue ","520945","Turner Group","4100 E Mississippi Ave # 1700","Denver","CO","80246","Denver","www.turnermediagroup.com","3038395303","3033025996","Gary Turner","Owner","Mal","8150000","50","731305","Advertising-","3","0","1"
"86267","Wembley Park","tyhoward@wembleyusa.com","6200 Dahlia St","3032866549","303-288-1591","7948","Racing","Including Track Operations (track operations)"," Email <---> Revenue ","535482","Wembley Park","6200 DAHLIA ST","Commerce City","CO","80022","Adams","","3032274726","","Sherman Francis","President","mal","6300000","60","794802","Operates As ","3","0","1"
"101038","Estes Industries","vemc@planet.eon.net","1295 H St","7193723419","7193726565","394498","Games Toys & Children''s Vehicles (Mfrs)","www.esteseducator.com"," Email <---> Revenue ","70914","ESTES INDUSTRIES","1295 H ST","PENROSE","CO","81240","Fremont","","7193726565","7193723419","BARRY TUNICK","President","M","7300000","100","394400","Games,Toys,C","3","0","1"
"82693","All My Sons Moving Storage","VictorDevanzo@allmysons.com","4330 E 48th Ave","3033984988","3036239200","421401","Movers","NULL"," Email <---> Revenue ","221028","All My Sons Moving Storage","4330 E 48th Ave","Denver","CO","80216","Denver","www.allmysons.com/denver","3036239200","3033984988","Victor Devanzo","Owner","Mal","5700000","60","421401","Movers","3","0","1"
"61586","Precision Industrial Contrs","W-Dale@precisionindustrial.net","10275 E 106th Ave","3032874464","3032874400","179606","Millwrights","NULL"," Email <---> Revenue ","148686","PRECISION INDUSTRIAL CONTRS","10275 E 106TH AVE","BRIGHTON","CO","80601","Adams","","3032874400","","DALE WESTBROOK","President","M","8800000","100","179600","Bld Eqp Inst","3","0","1"
"51089","Howard Lorton Galleries","WCook@howardlorton.com","12 E 12th Ave","3038311572","3038311212","571216","Furniture-Dealers-Retail","NULL"," Email <---> Revenue ","95788","HOWARD LORTON GALLERIES","12 E 12TH AVE","DENVER","CO","80203","Denver","","3038311212","","WILLIAM L COOK","President","M","6100000","38","571200","Furniture St","3","0","1"
"69099","Midwest Wholesale Supply","Weaver@midwestfloors.com","1075 S Yukon St # Ll","3039867754","3039868455","152105","Home Improvements","NULL"," Email <---> Revenue ","416934","Midwest Wholesale Supply","1075 S Yukon St # Ll","Lakewood","CO","80226","Jefferson","","3039868455","3039867754","Charles Weaver","President","Mal","5900000","25","152105","Home Improve","3","0","1"
"57494","World Outside","William@worldoutdoors.net","2840 Wilderness Pl # D","3034130926","3034130938","472507","Bicycle Tours","NULL"," Email <---> Revenue ","203210","WORLD OUTSIDE","2840 WILDERNESS PL STE D","BOULDER","CO","80301","Boulder","","3034130938","","WILLIAM MARRINER","Owner","M","5700000","18","472500","Tour Operato","3","0","1"
"17684","Equitable Savings & Loan Assn","WilliamFurbee@equitablesavings.com","PO Box 1726","9705223917","9705226522","603501","Savings & Loan Associations","NULL"," Email <---> Revenue ","70426","EQUITABLE SAVINGS & LOAN ASSN","221 N 3RD ST","STERLING","CO","80751","Logan","","9705226522","9705223917","DONALD KOENIG","President","M","9300000","90","603600","Non Fed Savi","3","0","1"
"156154","Graphic Elements","Winters@graphic-elements.com","13100 E 39th Ave # X","3035740479","3035749191","569917","T-Shirts-Retail","NULL"," Email <---> Revenue ","347579","Graphic Elements","13100 E 39th Ave # X","Denver","CO","80239","Denver","www.graphic-elements.com","3035749191","3035740479","Lon Winters","President","Mal","7752000","57","569917","T-Shirts-Ret","3","0","1"
"104189","Conerstone Masonry","Wurtsbaugh@legacystone.com","2531 W 62nd Ct","3034566206","3034328683","174101","Masonry Contractors","NULL"," Email <---> Revenue ","49924","CONERSTONE MASONRY","2531 W 62ND CT","DENVER","CO","80221","Adams","","3034328683","","JACOB WURTSBAUGH","President","M","8300000","55","174100","Masonry,Rel ","3","0","1"
"133644","Flatirons Surveying","wwerner@flatsurv.com","5717 Arapahoe Ave","3039346336","3039346336","871110","Engineers-Civil","www.flatsurv.com"," Email <---> Revenue ","331700","Flatirons Surveying","5717 Arapahoe Ave","Boulder","CO","80303","Boulder","www.flatsurv.com","3039346336","","J B Guyton","Owner","Mal","7900000","50","871110","Engineers-Ci","3","0","1"
"121521","Daily Planet","W_Rodriguez@dailyplanetltd.com","PO Box 2315","9707289793","9707289788","273101","Publishers-Book","NULL"," Email <---> Revenue ","297835","Daily Planet","283 S Fir St","Telluride","CO","81435","San Miguel","","9707289788","9707289793","Wendy Rodriguez","President","Fem","5216000","16","273101","Publishers-B","3","0","1"
