mail id,company,email,address,phone,fax,sic,sic description,web,,revenue id,company,address,city,state,zip,	metro,web,phone,fax,contact,position,gender,sales,# of employee,sic,sic_descrpiton,	,,
"13125","Windish RV Ctr","Windish.Carolyn@windish-rv.com","11225 W 6th Ave","3032741156","3032749009","556103","Recreational Vehicles","NULL"," Email <---> Revenue ","201845","WINDISH RV CTR","11225 W 6TH AVE","DENVER","CO","80215","Jefferson","","3032749009","","CAROLYN WINDISH IRWIN","President","F","14000000","50","556100","Recreational","4","0","1"
"97142","Horizon Glass Co","websales@horizonglass.net","1855 29th St","3032932077","3032939377","523110","Glass-Auto Plate & Window & Etc","www.horizonglass.net"," Email <---> Revenue ","95201","HORIZON GLASS CO","1855 29TH ST","DENVER","CO","80216","Denver","","3032939377","","LOU SIGMAN","President","M","10000000","57","523101","Glass","4","0","1"
"103349","Wayne's Electric","Wayne@waynes-electric.com","130 S Main St","3036540877","3036597481","173101","Electric Contractors","NULL"," Email <---> Revenue ","534191","Wayne's Electric","130 S Main St","Brighton","CO","80601","Adams","www.waynes-electric.com","3036597481","3036540877","Wayne Medlin","President","Mal","13200000","100","173101","Electric Con","4","2","1"
"144327","Graphic Arts IT","vincent.lawrence@graphicartsit.com","NULL","3037929786","303-792-9779","7373","Computer Integrated Systems Design","NULL"," Email <---> Revenue ","347569","Graphic Arts It","6890 S Tucson Way # 205","Englewood","CO","80112","Arapahoe","www.graphicartsit.com","3037929779","3037929786","Vincent Lawrence","President","Mal","19008000","22","357103","Data Process","4","0","1"
"96836","Budget Home Ctr Door Wndw","Vernon@budgethomecenter.com","780 Boston Ave","3037769644","3036788800","521126","Building Materials","NULL"," Email <---> Revenue ","257335","Budget Home Ctr Door Wndw","780 Boston Ave","Longmont","CO","80501","Boulder","www.budgethomecenter.com","3036788800","3037769644","Butch Vernon","Owner","Mal","14190000","55","521126","Building Mat","4","0","1"
"154351","Compusa","user_522676734@compusa.com","4100 E Mexico Ave","9738903798","3037583313","573117","Electronic Equipment & Supplies-Retail","www.compusa.com"," Email <---> Revenue ","285975","Compusa","4100 E Mexico Ave","Denver","CO","80222","Denver","www.compusa.com","3037583313","3035842470","Scott Jones","Manager","Mal","16940000","70","573117","Electronic E","4","0","1"
"134184","Arvada Excavating Inc","user@arvadaexcavating.com","6205 W 52nd Ave","3034221933","3034221822","179403","Excavating Contractors","www.arvadaexcavating.com"," Email <---> Revenue ","233146","Arvada Excavating Inc","6205 W 52nd Ave","Arvada","CO","80002","Jefferson","www.arvadaexcavating.com","3034221822","3034221933","Mike Ursetta","Owner","Mal","15900000","100","179403","Excavating C","4","0","1"
"129419","Metro Brokers Arabian Horse","TruaxB@bobtruax.com","12000 Zuni St","3032524664","3033017142","653117","Real Estate Consultants","NULL"," Email <---> Revenue ","415142","Metro Brokers Arabian Horse","12000 Zuni St","Denver","CO","80234","Adams","www.bobtruax.com","3033017142","3032524664","Bob Truax","Owner","Mal","12060000","90","653117","Real Estate ","4","0","1"
"43179","Lightning Ventures","Tony@lightningventures.com","7955 Dahlia St","3032872561","3032891440","179403","Excavating Contractors","NULL"," Email <---> Revenue ","397725","Lightning Ventures","7955 Dahlia St","Henderson","CO","80640","Adams","","3032891440","3032872561","Tony Falcone","Owner","Mal","15900000","100","179403","Excavating C","4","0","1"
"154569","Western Aggregates Inc","tlacaze@txi.com","11728 Highway 93","9039654368","3034991010","503251","Rock (Wholesale)","www.txi.com"," Email <---> Revenue ","536366","Western Aggregates Inc","11728 Highway 93","Boulder","CO","80303","Boulder","www.txi.com","3034991010","3034945464","Randy Moulton","Manager","Mal","22560000","47","503251","Rock (Wholes","4","0","1"
"22494","Aspen Tile & Bath Gallery","Tim@aspentile.com","465 N Mill St # 15","NULL","9709258453","571305","Carpet & Rug Dealers-New","NULL"," Email <---> Revenue ","17840","ASPEN TILE & BATH GALLERY","465 N MILL ST STE 15","ASPEN","CO","81611","","","9709258453","","TIM FORTIER","President","M","10000000","50","571301","Carpets","4","0","1"
"139306","Colorado Precast Concrete Inc","terri@coloprecast.com","1820 14th St SE","9706690674","9706690535","503208","Concrete Products (Wholesale)","www.coloprecast.com"," Email <---> Revenue ","47113","COLORADO PRECAST CONCRETE INC","1820 14TH ST SE","LOVELAND","CO","80537","Larimer","","9706690535","","K SCOTT HAYWARD","President","M","11800000","70","327200","Mfg Concrete","4","0","1"
"23857","Rocky Mountain Mtrls & Asplt","S_Steve@rmmaterials.com","1910 Rand Ave","7194733109","7194733100","161106","Asphalt & Asphalt Products","NULL"," Email <---> Revenue ","472691","Rocky Mountain Mtrls & Asplt","1910 Rand Ave","Colorado Springs","CO","80906","El Paso","www.rmmaterials.com","7194733100","7194733109","Steve Scnurr","CEO","Mal","23500000","100","161106","Asphalt & As","4","0","1"
"153048","Black & Veatch","supplierinfo@bv.com","6300 S Syracuse Way # 300","6365321465","7208344200","871110","Engineers-Civil","www.bv.com"," Email <---> Revenue ","248274","Black & Veatch","6300 S Syracuse Way # 300","Centennial","CO","80111","Arapahoe","www.bv.com","7208344200","7208344285","Dick Kuchenrither","Manager","Mal","15800000","100","871110","Engineers-Ci","4","0","1"
"144547","Security Store","Steve-Cochran@123cctv.com","10027 W Remington Ave # A","3039723847","3039721690","506304","Security Control Equip & Systems-Whol","NULL"," Email <---> Revenue ","483745","Security Store","10027 W Remington Ave # A","Littleton","CO","80127","Jefferson","www.123cctv.com","3039721690","3039723847","Steve Cochran","Owner","Mal","11186000","17","506304","Security Con","4","0","1"
"106931","Aurora Public Schls Trans Dept","stefoe@bordersstores.com","160 Airport Blvd","3033261252","3033640206","478977","Transportation","www.aps.k12.co.us"," Email <---> Revenue ","236346","Aurora Public Schls Trans Dept","160 Airport Blvd","Aurora","CO","80011","Adams","www.aps.k12.co.us","3033640206","3033261976","Scott French","Executive Director","Mal","20608000","161","478977","Transportati","4","0","1"
"100298","Osmotics","SPorter@osmotics.com","1444 Wazee St # 210","3035341860","3035341800","512203","Pharmaceutical Products-Wholesale","NULL"," Email <---> Revenue ","437487","Osmotics","1444 Wazee St # 210","Denver","CO","80202","Denver","www.osmotics.com","3035341800","3035341860","Steven Porter","Owner","Mal","16716000","12","512203","Pharmaceutic","4","0","1"
"92931","Powell Products Inc","smr@powellproducts.com","4940 Northpark Dr","7192607887","7192607885","308906","Plastics-Fabricating/Finish/Decor-Mfrs","www.powellproducts.com"," Email <---> Revenue ","452280","Powell Products Inc","4940 Northpark Dr","Colorado Springs","CO","80918","El Paso","www.powellproducts.com","7192607887","7192607885","Stephen Robards","President","mal","10000000","80","308999","Mfg Plastic ","4","0","1"
"96574","Mountain Home Health Care","sjones@mountainhomehealthcare.com","1300 Carr St","3034242403","3034242420","808201","Home Health Service","www.mountainhomehealthcare.com"," Email <---> Revenue ","130377","MOUNTAIN HOME HEALTH CARE","1455 AMMONS ST","LAKEWOOD","CO","80214","Jefferson","","3034242420","","LOUIS COLAIANNIA","Owner","M","13800000","145","808200","Home Health ","4","0","1"
"136785","Teleco","service_tbcteleco@worldsites.net","10621 Irma Dr # E","3034570120","3034571103","506563","Telecommunication Equip/Syst-Whol/Mfrs","www.tbcteleco.com"," Email <---> Revenue ","510607","Teleco","10621 Irma Dr # E","Northglenn","CO","80233","Adams","www.tbcteleco.com","3034571103","3034570120","Deon Jachetta","Manager","Mal","13130000","13","506563","Telecommunic","4","0","1"
"156348","Walker Manufacturing Co","scottde@walkermowers.com","5925 E Harmony Rd","2486735457","9702215614","352403","Garden & Lawn Equipment & Supls-Mfrs","www.walkermowers.com"," Email <---> Revenue ","196771","WALKER MANUFACTURING CO","5925 E HARMONY RD","FORT COLLINS","CO","80528","Larimer","","9702215614","","ROBERT WALKER","President","M","10500000","150","352400","Lawn & Garde","4","0","1"
"98134","Time Centre","RussChandler@timecentre.net","11400 Westmoor Cir","3034426286","3034448771","573131","Time Recorders","NULL"," Email <---> Revenue ","514688","Time Centre","11400 Westmoor Cir","Westminster","CO","80021","Broomfield","www.timecentre.net","3034448771","3034426286","Russ Chandler","CEO","Mal","12100000","50","573131","Time Recorde","4","0","1"
"77709","Rusler Produce","Rusler-Tom@rusler.com","PO Box 69","7199473364","7199473361","543101","Fruits & Vegetables & Produce-Retail","NULL"," Email <---> Revenue ","162538","RUSLER PRODUCE","47762 E STATE HIGHWAY 96","AVONDALE","CO","81022","Pueblo","","7199473361","7199473364","TOM RUSLER","President","M","10000000","50","543100","Fruit & Veg ","4","0","1"
"12662","Kitchen Tune-Up","Roger@kitchentuneup-cnj.com","1529 W 31st St","NULL","9706632552","571236","Cabinets","NULL"," Email <---> Revenue ","109349","KITCHEN TUNE-UP","1529 W 31ST ST","LOVELAND","CO","80538","Larimer","","9706632552","","ROGER SIZEMORE","Owner","M","19800000","600","571200","Furniture St","4","0","1"
"148856","Kitchen Solvers","Rod@kitchensolvers.com","PO Box 261808","NULL","7202220346","571211","Kitchen Cabinets & Equipment-Household","NULL"," Email <---> Revenue ","109347","KITCHEN SOLVERS","PO BOX 261808","LITTLETON","CO","80163","Douglas","","7202220346","","ROD MAYNARD","Owner","M","16600000","281","571203","Cabinets Ex ","4","0","1"
"28085","Monte Vista Cooperative","Robert@mvcoop.com","PO Box 111","NULL","7198525565","508310","Farm Equipment (Wholesale)","NULL"," Email <---> Revenue ","420522","Monte Vista Cooperative","2490 E County Road 3 N","Monte Vista","CO","81144","Rio Grande","www.mvcoop.com","7198525181","7198522577","Paul Pacheco","Manager","Mal","13300000","20","519114","Fertilizers ","4","0","1"
"142248","Chavez Sheet Metal","Robert@chavezsm.com","1001 W 42nd Ave","3034550527","3034559387","344403","Sheet Metal Fabricators","NULL"," Email <---> Revenue ","39467","CHAVEZ SHEET METAL","1001 W 42ND AVE","DENVER","CO","80211","Denver","","3034559387","","DANA CHAVEZ","Owner","F","11700000","150","344400","Sheet Metal ","4","0","1"
"28735","Bioelements","Robert@bioelements.com","4955 Northpark Dr","7192607138","7192600297","284406","Health & Beauty Aids-Manufacturers","NULL"," Email <---> Revenue ","247911","Bioelements","4955 Northpark Dr","Colorado Springs","CO","80918","El Paso","www.bioelements.com","7195330201","7192607138","Barbara Salomone","President","fem","12000000","70","284405","Skincare Cos","4","0","1"
"107747","Colorado Rockies","Richard.Monfort@coloradorockies.com","2001 Blake St","3033122115","3032920200","799708","Baseball Clubs","NULL"," Email <---> Revenue ","47304","COLORADO ROCKIES","2001 BLAKE ST","DENVER","CO","80205","Denver","","3032920200","","CHARLES K MONFORT","Chief Executive Office","M","11900000","100","794100","Sports Clubs","4","0","1"
"93561","Aspen Pet Products Inc","richard.kraver@aspenpet.com","4735 Florence St","3033757592","3033751001","519932","Pet Supplies-Wholesale","NULL"," Email <---> Revenue ","17722","ASPEN PET PRODUCTS INC","4735 FLORENCE ST","DENVER","CO","80238","Denver","","3033751001","","NEIL WERDE","Chief Executive Office","M","22500000","150","519903","Pets,Pet Sup","4","0","1"
"100212","Automotive Warranty Network","ReinickeL@awninc.com","6845 S Elati St","NULL","3037039107","635109","Warranty Programs-Extended","NULL"," Email <---> Revenue ","237052","Automotive Warranty Network","6845 S Elati St","Littleton","CO","80120","Arapahoe","www.awninc.com","3037039107","","Lisa Reinicke","President","Fem","13280000","20","635109","Warranty Pro","4","0","1"
"129359","American Web","print@americanwebinc.com","4040 Dahlia St","3033216636","3033212422","275202","Printers","www.americanwebinc.com"," Email <---> Revenue ","226700","American Web","4040 Dahlia St","Denver","CO","80216","Denver","www.americanwebinc.com","3033212422","3033216636","Don Hansen","President","Mal","15504000","102","275202","Printers","4","0","1"
"37180","Liberty Tax Svc","PJeremy@libertytax.com","2287 W Eisenhower Blvd","9706350251","9706350089","729101","Tax Return Preparation & Filing","NULL"," Email <---> Revenue ","114924","LIBERTY TAX SVC","2287 W EISENHOWER BLVD","LOVELAND","CO","80537","Larimer","","9706350089","","JEREMY POURBAIX","Manager","M","17500000","10763","729100","Tax Return P","4","0","1"
"119873","Mountain State Ford & Isuzu","Pete@mtnstate.com","5025 Vasquez Blvd","NULL","3032973673","551105","Truck-Dealers","NULL"," Email <---> Revenue ","423637","Mountain State Ford & Isuzu","5025 Vasquez Blvd","Denver","CO","80216","Denver","www.mtnstate.com","3032973673","","Pete O'Meara","Owner","Mal","23500000","65","551105","Truck-Dealer","4","2","1"
"154761","Protection One","paulpatterson@protectionone.com","7000 Broadway # 106","6022541151","3036233118","506324","Burglar Alarm Systems (Wholesale)","www.ProtectionOne.com"," Email <---> Revenue ","456198","Protection One","7000 Broadway # 106","Denver","CO","80221","Adams","www.protectionone.com","3036233118","","Ron Davies","Manager","Mal","11186000","17","506324","Burglar Alar","4","0","1"
"143326","Denver Broncos Football Club","PatrickBowlen@denverbroncos.com","13655 Broncos Pkwy","3036499354","3036499000","794105","Football Clubs","NULL"," Email <---> Revenue ","303007","Denver Broncos Football Club","13655 Broncos Pkwy","Englewood","CO","80112","Arapahoe","","3036499000","3036499354","Patrick Bowlen","CEO","Mal","14245000","55","794105","Football Clu","4","0","1"
"154164","Ricochet","partners@ricochet.com","1400 Glenarm Pl","3035721300","3035721200","481304","Telephone Companies","www.ricochet.com"," Email <---> Revenue ","468399","Ricochet","1400 Glenarm Pl","Denver","CO","80202","Denver","www.ricochet.com","3035721200","3035721300","Andrew Henkart","Manager","Mal","13986000","42","481304","Telephone Co","4","0","1"
"124385","Mile Hi Tours","Pamela-Murdock@milehitours.com","2160 S Clermont St","3037568166","3037588246","472402","Travel Agencies & Bureaus","NULL"," Email <---> Revenue ","127075","MILE HI TOURS","5565 E VASSAR AVE","DENVER","CO","80222","Arapahoe","","3037588246","","PAMELA MURDOCK","Owner","F","11400000","36","472400","Travel Agenc","4","0","1"
"50146","QED Inc","orderonline@qedelectric.com","1661 W 3rd Ave","7028710132","3038255011","506330","Electric Equipment & Supplies-Wholesale","www.qedelectric.com"," Email <---> Revenue ","151886","QED INC","1661 W 3RD AVE","DENVER","CO","80223","Denver","","3038255011","","DEAN STAUFFER","Chief Executive Office","M","10800000","60","362500","Relays,Ind C","4","0","1"
"114905","Point Technologies","O''Brien@pointtech.com","6859 N Foothills Hwy","3034159866","3034159865","384104","Physicians & Surgeons Equip & Supls-Mfrs","NULL"," Email <---> Revenue ","451117","Point Technologies","6859 N Foothills Hwy","Boulder","CO","80302","Boulder","www.pointtech.com","3034159865","3034159866","Kirk O'Brien","President","Mal","11200000","50","384104","Physicians &","4","0","1"
"4637","City Market Floral & Gifts","NP@citymarket.com","6 Camino Del Rio","9703857926","9702471276","594701","Balloon Artists","NULL"," Email <---> Revenue ","275148","City Market Floral & Gifts","6 Camino Del Rio","Durango","CO","81301","La Plata","","9702471276","9703857926","Phyllis Norris","President","Fem","13650000","150","594701","Balloon Arti","4","0","1"
"141761","Mc Clain Finion Advertising","newbusiness@mcclainfinlon.com","2340 Blake St","3034369600","3034369400","731101","Advertising-Agencies & Counselors","www.mcclainfinlon.com"," Email <---> Revenue ","123029","MC CLAIN FINION ADVERTISING","2340 BLAKE ST","DENVER","CO","80205","Denver","","3034369400","","CATHEY MCCLAIN FINLON","Chief Executive Office","F","10900000","100","731100","Advertising ","4","0","1"
"1681","Trigon Epc","M_Smith@trigon-epc.com","34 Van Gordon St # 200","3032960117","3032969645","871111","Engineers-Consulting","NULL"," Email <---> Revenue ","519442","Trigon EPC","34 Van Gordon St Ste 200","Denver","CO","80228","Jefferson","","3032969645","","Mark Smith","President","mal","12519607","150","871199","Consulting E","4","0","1"
"51044","Myers & Co Custom Ski Racks","Myers.Robert@ironart.com","PO Box 2570","9709274610","9709274761","344106","Steel-Structural (Manufacturers)","NULL"," Email <---> Revenue ","426127","Myers & Co Custom Ski Racks","555 Basalt Ave","Basalt","CO","81621","Eagle","www.ironart.com","9709274761","9709274610","Robert Myers","Owner","Mal","17520000","80","344106","Steel-Struct","4","0","1"
"68355","Thul Electronics Inc","mthul@thulelectronics.com","730 Nottingham Rd","9709491928","9709494638","506324","Burglar Alarm Systems (Wholesale)","www.thulelectronics.com"," Email <---> Revenue ","513720","Thul Electronics Inc","730 Nottingham Rd","Avon","CO","81620","Eagle","www.thulelectronics.com","9709494638","9709491928","Mike Thul","Owner","Mal","16450000","25","506324","Burglar Alar","4","0","1"
"146531","Tamarron Resort","mslone@alinteractive.com","40292 Highway 550","3037151010","9702592000","701111","Resorts","www.voc.org"," Email <---> Revenue ","508929","Tamarron Resort","40292 Highway 550","Durango","CO","81301","La Plata","www.durangomountainresort.com","9702592000","9703827822","E J Schanfarber","Manager","Mal","22050000","368","701111","Resorts","4","1","1"
"44381","Crown Trophy","MoviusJ@crownstores.com","1500 W Littleton Blvd","3037301711","3037301711","731919","Advertising-Promotional","NULL"," Email <---> Revenue ","202834","WOODLAWN PLAZA","1500 W LITTLETON BLVD","LITTLETON","CO","80120","Arapahoe","","3037301711","","JOHN MOVIUS","Owner","M","14200000","505","731900","Advertising ","4","0","1"
"34706","American Exteriors Inc","mmclenahan@americanexteriors.com","1169 W Littleton Blvd","3037305744","3037946369","176111","Siding Contractors","NULL"," Email <---> Revenue ","225471","American Exteriors Inc","1169 W Littleton Blvd","Littleton","CO","80120","Arapahoe","","3037946369","3037305744","Larry Meadows","President","mal","10622907","100","176199","Roofing/sidi","4","0","1"
"104596","Warren Miller Entertainment","MillerK@undeclaredfilmtour.com","2540 Frontier Ave # 104","3034423402","3034423430","781205","Motion Picture Producers & Studios","NULL"," Email <---> Revenue ","533236","Warren Miller Entertainment","2540 Frontier Ave # 104","Boulder","CO","80301","Boulder","www.undeclaredfilmtour.com","3034423430","3034423402","Kurt Miller","Owner","Mal","15700000","50","781205","Motion Pictu","4","0","1"
"151079","LA Junta Livestock Commission","Don@lajuntalivestock.com","PO Box 69","7193848521","7193847781","515402","Livestock Auction Markets","NULL"," Email <---> Revenue ","111105","LA JUNTA LIVESTOCK COMMISSION","PO BOX 69","LA JUNTA","CO","81050","","","7193847781","","DON HONEY","Owner","M","12000000","45","515400","Whl Livestoc","4","0","1"
"136714","Design Works","MikeRoffino@thedesignworks.com","3869 Steele St # D","7209417443","7209417440","738935","Decorating Contractors-Party/Convention","NULL"," Email <---> Revenue ","60564","DESIGN WORKS","3869 STEELE ST STE D","DENVER","CO","80205","Denver","","7209417440","","MICHAEL ROFFINO","Chief Executive Office","M","13500000","60","738906","Interior Des","4","0","1"
"55781","AMG Guaranty Trust","Earl@amg-trust.com","6501 E Belleview Ave # 400","3036949242","3036942190","628205","Financial Planning Consultants","NULL"," Email <---> Revenue ","211768","AMG Guaranty Trust","6501 E Belleview Ave # 400","Englewood","CO","80111","Arapahoe","www.amg-trust.com","3036942190","3036949242","Earl Wright","Owner","Mal","20750000","50","628205","Financial Pl","4","0","1"
"94591","Ovation Plumbing","Ed@ovationplumbing.com","1980 W 64th Ln","3034276232","3034276230","171105","Plumbing Contractors","NULL"," Email <---> Revenue ","139645","OVATION PLUMBING","1980 W 64TH LN","DENVER","CO","80221","Adams","","3034276230","","ED MC MILLAN","President","M","14000000","80","171102","Plumbing Con","4","0","1"
"156606","Maxam Packaging","emoeller@maxampackaging.com","1204 Rmb Ct","7193220680","7192260012","511308","Packaging Materials-Wholesale","www.maxampackaging.com"," Email <---> Revenue ","410756","Maxam Packaging","1204 Rmb Ct","Fountain","CO","80817","El Paso","www.maxampackaging.com","7192260012","7193220680","Angela Oconnor","Owner","Fem","16560000","20","511308","Packaging Ma","4","0","1"
"132815","Eog Resources Inc","eogr_webmaster@eogresources.com","600 17th St # 1100n","7243495323","3035729000","138203","Oil & Gas Exploration & Development","www.eogresources.com"," Email <---> Revenue ","321181","Eog Resources Inc","600 17th St # 1100n","Denver","CO","80202","Denver","www.eogresources.com","3035729000","3038245400","Kurt Doerr","VP","Mal","10184000","67","138203","Oil & Gas Ex","4","0","1"
"68737","New World Millworks","Eric@newworldmill.com","7128 Reynolds Dr","3037919013","3037919003","243102","Millwork (Manufacturers)","NULL"," Email <---> Revenue ","430137","New World Millworks","7128 Reynolds Dr","Sedalia","CO","80135","Douglas","www.newworldmill.com","3037919003","3037919013","Eric Peterson","President","Mal","11560000","68","243102","Millwork (Ma","4","0","1"
"125390","FMH Material Handling Sltns","Faulkner@fmhsolutions.com","4105 Globeville Rd","3032973426","3032925438","508457","Trucks-Industrial (Wholesale)","NULL"," Email <---> Revenue ","77363","FMH MATERIAL HANDLING SLTNS","4105 GLOBEVILLE RD","DENVER","CO","80216","Denver","","3032925438","","JOHN FAULKNER","President","M","12800000","75","254200","Met Partitio","4","0","1"
"135463","Merit Electric Inc","frank.baker@meritelectric.net","4700 Innovation Dr # D1","9702661640","9702668100","173101","Electric Contractors","NULL"," Email <---> Revenue ","414334","Merit Electric Inc","4700 Innovation Dr # D1","Fort Collins","CO","80525","Larimer","www.meritelec.com","9702668100","9702661640","Royce Glader","Owner","Mal","18216000","138","173101","Electric Con","4","2","1"
"147173","Wright Plumbing & Heating","F_J@wrightplumbing.com","525 E Fountain Blvd","7196347474","7196343738","171105","Plumbing Contractors","NULL"," Email <---> Revenue ","203402","WRIGHT PLUMBING & HEATING","525 E FOUNTAIN BLVD STE 130","COLORADO SPGS","CO","80903","El Paso","","7196343738","","FRANK JOHNSON","Owner","M","14000000","80","171102","Plumbing Con","4","0","1"
"153373","Maid Brigade","G-Hale@maidbrigade.com","7100 Broadway","NULL","3032888464","734922","House Cleaning","NULL"," Email <---> Revenue ","119754","MAID BRIGADE","7100 BROADWAY","DENVER","CO","80221","Adams","","3032888464","","GLORIA HALE","Owner","F","23400000","2112","736303","Maid & Butle","4","0","1"
"99348","Cap Air Courier","G.Dendinger@caplogistics.com","4120 Jackson St","3033333802","3033333801","738970","Messenger Service","NULL"," Email <---> Revenue ","34708","CAP AIR COURIER","4120 JACKSON ST","DENVER","CO","80216","Denver","","3033333801","","GAYLE DENDINGER","Owner","M","10100000","45","738916","Mail, Messen","4","0","1"
"94494","T K Distributors","Gene@tkdistributors.com","4915 E 52nd Ave","3032896873","3032883394","501313","Automobile Parts & Supplies-Wholesale","NULL"," Email <---> Revenue ","507258","T K Distributors","4915 E 52nd Ave","Commerce City","CO","80022","Adams","www.tkdistributors.com","3032883394","3032896873","Gene Edwards","President","Mal","15680000","35","501313","Automobile P","4","0","1"
"138605","Good Fundraising Svc","gfsoc@goodfundraisingservices.com","2710 W Mansfield Ave","3037832288","3037839545","519907","Fund Raising Merchandise (Wholesale)","www.goodfundraisingservices.com"," Email <---> Revenue ","345560","Good Fundraising Svc","2710 W Mansfield Ave","Sheridan","CO","80110","Arapahoe","www.goodfundraisingservices.com","3037839545","3037832288","Bill Wilson","Owner","Mal","14360000","20","519907","Fund Raising","4","0","1"
"140077","Vantage Bowling Corp","gkeslar@vantagebowling.com","870 Parfet St","3032328241","3032327322","594139","Bowling Apparel & Accessories","www.vantagebowling.com"," Email <---> Revenue ","194013","VANTAGE BOWLING CORP","870 PARFET ST","LAKEWOOD","CO","80215","Jefferson","","3032327322","","DAVE ESCHETE","Manager","M","11300000","295","179900","Special Trad","4","0","1"
"98676","Materials Handling Equipment","gmoore@mheco.com","1740 W 13th Avenue","3035735333","3038933854","353401","Mfg Elevators/escalators Building Equipment Installatio","mheco.com;mheco.org"," Email <---> Revenue ","122398","MATERIALS HANDLING EQUIPMENT","1740 W 13TH AVE","DENVER","CO","80204","Denver","","3035735333","","JOHN MURRAY","Vice-President","M","22100000","130","508408","Mats Handlin","4","0","1"
"105119","Greiner Electric","Greiner@greinerelectric.com","12456 N Dumont Way","3034709810","3034709702","173101","Electric Contractors","NULL"," Email <---> Revenue ","349500","Greiner Electric","12456 N Dumont Way","Littleton","CO","80125","Douglas","","3034709702","3034709810","David Greiner","Owner","Mal","12540000","95","173101","Electric Con","4","2","1"
"29717","Boulder's Dinner Theatre","Haley@theatreinboulder.com","5501 Arapahoe Ave","NULL","3034496000","792207","Theatres-Live","NULL"," Email <---> Revenue ","252833","Boulder's Dinner Theatre","5501 Arapahoe Ave","Boulder","CO","80303","Boulder","www.theatreinboulder.com","3034496000","","Ross Haley","Owner","Mal","13536000","96","792207","Theatres-Liv","4","1","1"
"70314","Mohrlang Mfg","Harry_Mohrlang@mixerfeeders.com","PO Box 544","9708423111","9708425161","352304","Farm Equipment-Manufacturers","NULL"," Email <---> Revenue ","419863","Mohrlang Mfg","1110 N Cameron St","Brush","CO","80723","Morgan","www.mixerfeeders.com","9708425161","9708423111","Harry Mohrlang","President","Mal","19260000","90","352304","Farm Equipme","4","0","1"
"98543","Hill Petroleum","Hill@hillpet.com","6301 Ralston Rd","3034240442","3034246262","517210","Gasoline & Oil-Wholesale","NULL"," Email <---> Revenue ","93330","HILL PETROLEUM","6301 RALSTON RD","ARVADA","CO","80002","Jefferson","","3034246262","","TOM HILL","Chief Executive Office","M","13500000","50","517203","Gasoline","4","0","1"
"143314","Navpress","insight@lists.navpress.com","3820 N 30th St","7192607223","7195489222","273101","Publishers-Book","www.navpress.com"," Email <---> Revenue ","428437","Navpress","3820 N 30th St","Colorado Springs","CO","80904","El Paso","www.navpress.com","7195489222","7192607223","Kent Wilson","Publisher","Mal","17280000","280","273101","Publishers-B","4","0","1"
"116421","HealtheTech; Inc.","investor@healthetech.com","523 Park Point Drive; 3rd Fl.","3035265085","3035265186","809907","Health Services","http://www.healthetech.com"," Email <---> Revenue ","356011","Healthe Tech Inc","523 Park Point Dr # 3","Golden","CO","80401","Jefferson","","3035265085","3035265186","James W Dennis","CEO","Mal","10196000","0","384198","Surgical/Med","4","0","1"
"132027","Four Corners Expeditions","James@fourcornersrafting.com","PO Box 219","7193954130","7193954137","555111","Rafts-Dealers","NULL"," Email <---> Revenue ","78505","FOUR CORNERS EXPEDITIONS","PO BOX 219","NATHROP","CO","81236","","","7193954137","","ANDY NEINAS","Owner","M","10800000","36","555100","Boat Dealers","4","0","1"
"88398","Vexcel Corp","jcurlander@vexcel.com","1690 38th St","3035830246","3035830200","871111","Engineers-Consulting","NULL"," Email <---> Revenue ","528994","Vexcel Corp","1690 38th St","Boulder","CO","80301","Boulder","www.vexcel.com","3035830200","3035830246","John Curlander","President","Mal","10744000","68","871111","Engineers-Co","4","0","1"
"35130","Mountain States Employers Inc","jdoe@company.com","1799 Pennsylvania St","3038638956","3038395177","829911","Management Training","www.msec.org"," Email <---> Revenue ","423685","Mountain States Employers Inc","1799 Pennsylvania St","Denver","CO","80203","Denver","www.msec.org","3038395177","3038638956","Michael G Severns","President","Mal","10384000","118","829911","Management T","4","0","1"
"130980","Quadna","Jeff@quadpsi.com","9146 Marshall Pl","3034300851","3034300521","508444","Pumps (Wholesale)","NULL"," Email <---> Revenue ","458041","Quadna","9146 Marshall Pl","Westminster","CO","80031","Adams","www.quadna.com","3034300521","3034300851","Jeff Wright","President","Mal","14144000","26","508444","Pumps (Whole","4","0","1"
"104976","Ameri Quest Staffing","JensenD@ameriquest.com","6045 W Alameda Ave # 206","3032372336","3032372777","804908","Nurses & Nurses' Registries","NULL"," Email <---> Revenue ","224868","Ameri Quest Staffing","6045 W Alameda Ave # 206","Lakewood","CO","80226","Jefferson","www.ameriquest.com","3032372777","3032372336","David Jensen","Owner","Mal","14350000","175","804908","Nurses & Nur","4","0","1"
"113972","ALICE","jerry@alice1059.com","4700 S Syracuse St # 1050","3039672747","3039672700","483201","Radio Stations & Broadcasting Companies","NULL"," Email <---> Revenue ","211672","ALICE","4700 S Syracuse St # 1050","Denver","CO","80237","Arapahoe","www.alice1059.com","3039672700","3039672747","Jerry Mc Kenna","President","Mal","13200000","120","483201","Radio Statio","4","0","1"
"135267","Ultimate Support Systems Inc","jimd@ultimatesupport.com","PO Box 470","9702212274","9704932535","393101","Musical Instruments-Supls & Acces-Mfrs","NULL"," Email <---> Revenue ","523804","Ultimate Support Systems Inc","P.O. BOX 470","Fort Collins","CO","80522","Larimer","","9704934488","","James Dismore","Chairman of the Board","mal","12700000","55","393199","Mfg And Dist","4","0","1"
"129863","Sterling Marine","John_White@sterlingmarineboats.com","5800 Federal Blvd","3034330605","3034330201","555104","Boat Dealers Sales & Service","NULL"," Email <---> Revenue ","177148","STERLING MARINE","5800 FEDERAL BLVD","DENVER","CO","80221","Adams","","3034330201","","JOHN WHITE","Owner","M","18000000","60","555100","Boat Dealers","4","0","1"
"52940","Berwick Electric Co","jpeterson@berwickelect.com","3450 N Nevada Ave # 100","7194719660","7196327683","173101","Electric Contractors","NULL"," Email <---> Revenue ","245545","Berwick Electric Co","3450 N Nevada Ave # 100","Colorado Springs","CO","80907","El Paso","www.berwickelectric.com","7196327683","7194719660","James L Peterson","President","Mal","20000000","100","173101","Electric Con","4","2","1"
"138399","Frontier Mechanical Inc","jskinner@fmi.cncdsl.com","2771 W Mansfield Ave","3038068060","3038065400","171117","Air Conditioning Contractors & Systems","www.frontiermechanicalinc.com"," Email <---> Revenue ","80226","FRONTIER MECHANICAL INC","2771 W MANSFIELD AVE","ENGLEWOOD","CO","80110","Arapahoe","","3038065400","","MIKE MORRIS","Owner","M","17500000","100","171104","Heating,Air ","4","0","1"
"147672","Fat City","jwolters@firstcommercial.com","9670 W Coal Mine Ave","3039724970","3039724344","799601","Amusement Places","www.fatcityinfo.com"," Email <---> Revenue ","74261","FAT CITY","9670 W COAL MINE AVE","LITTLETON","CO","80123","Jefferson","","3039724344","","PAUL KUHNS","Manager","M","13900000","167","799600","Amusement Pa","4","0","1"
"102413","Artistic Iron","J_Daniel@artisticirononline.com","700 S Santa Fe Dr","3037441129","3037448444","503903","Fence (Wholesale)","NULL"," Email <---> Revenue ","16773","ARTISTIC IRON","700 S SANTA FE DR","DENVER","CO","80223","Denver","","3037448444","","JOHN DANIEL","Owner","M","10500000","50","503101","Bldg Materia","4","0","1"
"87859","Centennial Developmental Svc","kwells@cdsiweld.com","PO Box 200069","9703302261","9703395360","832218","Social Service & Welfare Organizations","NULL"," Email <---> Revenue ","37616","CENTENNIAL DEVELOPMENTAL SVC","1050 37TH ST","EVANS","CO","80620","Weld","","9703395360","9703302261","MARY LU WALTON","Chief Executive Office","F","15000000","200","832200","Social Servi","4","1","1"
"147152","Kimsey Guarantee","K_Steve@kgec.com","21250 E 31st Cir","3033734722","3033732400","173101","Electric Contractors","NULL"," Email <---> Revenue ","386406","Kimsey Guarantee","21250 E 31st Cir","Aurora","CO","80011","Adams","www.kgec.com","3033732400","3033734722","Steve Kimsey","President","Mal","16500000","125","173101","Electric Con","4","2","1"
"31323","Digi Colorado","Lange@langegraphics.com","1360 S Lipan St","3037446411","3037774648","573403","Publishing-Desktop","NULL"," Email <---> Revenue ","306236","Digi Colorado","1360 S Lipan St","Denver","CO","80223","Denver","www.langegraphics.com","3037774648","3037446411","George Lange","Owner","Mal","19910000","55","573403","Publishing-D","4","0","1"
"4550","L & L Implement","Larry_Pounds@landimplement.com","704 E 8th Ave","9708485143","9708485482","508304","Tractor-Dealers (Wholesale)","NULL"," Email <---> Revenue ","389756","L & L Implement","704 E 8th Ave","Yuma","CO","80759","Yuma","www.landimplement.com","9708485482","9708485143","Larry Pounds","Owner","Mal","15438000","31","508304","Tractor-Deal","4","0","1"
"63928","China Products Inc","Lee.Yu@chinaimporters.com","2601 S Lemay Ave # 7-417","9702299286","9702291842","509905","Importers","NULL"," Email <---> Revenue ","40814","CHINA PRODUCTS INC","2601 S LEMAY AVE # 7-41","FORT COLLINS","CO","80525","Larimer","","9702291842","","LEE YU","President","M","10900000","50","509906","Importers","4","0","1"
"35035","Closet Factory","LestikowM@closetfactory.com","14580 E Fremont Ave","NULL","3036906901","502309","Closets & Closet Accessories (Whol)","NULL"," Email <---> Revenue ","43836","CLOSET FACTORY","8480 UPLAND DR STE 200","ENGLEWOOD","CO","80112","Douglas","","3036906901","","MARK LESTIKOW","Owner","M","10500000","1043","239200","Housefurnish","4","0","1"
"142956","Landmark Graphics Corp","linda.holloway@halliburton.com","1125 17th St # 1900","3373736881","3036070045","138203","Oil & Gas Exploration & Development","www.halliburton.com"," Email <---> Revenue ","392698","Landmark Graphics Corp","1125 17th St # 1900","Denver","CO","80202","Denver","www.halliburton.com","3036070045","3033084238","Jim Brown","President","Mal","15200000","100","138203","Oil & Gas Ex","4","0","1"
"120197","Veco USA Inc","mark.christenson@veco.com","9000 E Nichols Ave # 250","3037922212","3037922211","871111","Engineers-Consulting","www.veco.com"," Email <---> Revenue ","528174","Veco USA Inc","9000 E Nichols Ave # 250","Centennial","CO","80112","Arapahoe","www.veco.com","3037922211","3037922212","Bill Harrington","Manager","Mal","23700000","150","871111","Engineers-Co","4","0","1"
"28713","Aim Technologies","Mark@aim-technologies.com","1925 S Rosemary St # H","3036951559","3037514173","506338","Electronic Parts Assemblers (Wholesale)","NULL"," Email <---> Revenue ","218515","Aim Technologies","1925 S Rosemary St # H","Denver","CO","80231","Denver","","3037514173","3036951559","Mark Bennett","Owner","Mal","13160000","20","506338","Electronic P","4","0","1"
"78497","Mountain City Meat Co","mharold@mountaincitymeat.com","5905 E 42nd Ave","3033200449","3033201116","201104","Meat Products","NULL"," Email <---> Revenue ","130186","MOUNTAIN CITY MEAT CO","5905 E 42ND AVE","DENVER","CO","80216","Denver","","3033201116","","PAT BOYER","Chief Executive Office","M","17500000","250","201100","Meat Packing","4","0","1"
"106296","Classic Bakery","mhc@orci.com","4990 Oakland St","3033759953","3033759925","514902","Bakers-Wholesale","www.steven-robert.com"," Email <---> Revenue ","275950","Classic Bakery","4990 Oakland St","Denver","CO","80239","Denver","www.steven-robert.com","3033759925","3033759953","Steven Sabos","Owner","Mal","15192000","18","514902","Bakers-Whole","4","0","1"
"33544","PDS Instrumentation","MichaelS@ferrarisrespiratory.com","908 Main St","3036665588","3036665555","384104","Physicians & Surgeons Equip & Supls-Mfrs","NULL"," Email <---> Revenue ","439034","PDS Instrumentation","908 Main St","Louisville","CO","80027","Boulder","www.ferrarisrespiratory.com","3036665555","3036665588","Michael Sims","President","Mal","22400000","100","384104","Physicians &","4","0","1"
"126406","Vista Tile","Michael_Hamrick@vistatile.com","PO Box 4330","9703283801","9703283800","503202","Marble-Natural (Wholesale)","NULL"," Email <---> Revenue ","530646","Vista Tile","1210 Chambers Ave","Eagle","CO","81631","Eagle","www.vistatile.com","9703283800","9703283801","Michael Hamrick","Owner","Mal","19200000","40","503202","Marble-Natur","4","0","1"
"73098","Cactus Coatings","MickEminger@cactusmugs.com","463 28 1/2 Rd","9702412291","9702413011","509905","Importers","NULL"," Email <---> Revenue ","261716","Cactus Coatings","463 28 1/2 Rd","Grand Junction","CO","81501","Mesa","www.cactusmugs.com","9702413011","9702412291","Mick Eminger","Owner","Mal","12272000","13","509905","Importers","4","0","1"
"59823","Sunflower Market","Mike@sunflowermarkets.com","2880 S Colorado Blvd","3037584406","3037584400","541105","Grocers-Retail","NULL"," Email <---> Revenue ","179849","SUNFLOWER MARKET","2880 S COLORADO BLVD","DENVER","CO","80222","Denver","","3037584400","","MIKE GILLILAND","Owner","M","13400000","75","541100","Grocery Stor","4","0","1"
"151164","Continental Divide Liquors Inc","mikec@continentaldividewines.com","577 Osage St","3032331850","3032331416","518203","Wines-Wholesale","www.continentaldividewines.com"," Email <---> Revenue ","287750","Continental Divide Liquors Inc","577 Osage St","Denver","CO","80204","Denver","www.continentaldividewines.com","3032331416","3032331850","Mike Chiclacos","Owner","Mal","24510000","30","518203","Wines-Wholes","4","0","1"
"155963","New England Financial","D_Ceschin@pittsburgh.nefn.com","7350 Campus Dr # 300","7195937731","7196328864","628205","Financial Planning Consultants","NULL"," Email <---> Revenue ","429636","New England Financial","7350 Campus Dr # 300","Colorado Springs","CO","80920","El Paso","","7196328864","7195937731","Dan Ceschin","President","Mal","24900000","60","628205","Financial Pl","4","0","1"
"22486","Apex Sports","D_Bruner@apexsportsinc.com","327 S Weber St","7194750543","7194752437","557105","Motorcycles & Motor Scooters-Accessories","NULL"," Email <---> Revenue ","229636","Apex Sports","327 S Weber St","Colorado Springs","CO","80903","El Paso","www.apexsportsinc.com","7194752437","7194750543","Doyne Bruner","Owner","Mal","10592000","32","557105","Motorcycles ","4","0","1"
"141056","Recycle America","dsoriano@recycleamerica.com","602 4th St","7196331047","7196330426","509312","Recycling Centers (Wholesale)","www.recycleamerica.com"," Email <---> Revenue ","464127","Recycle America","602 4th St","Colorado Springs","CO","80907","El Paso","www.recycleamerica.com","7196330426","7196331047","Clint Morford","Plant Mgr","Mal","10975000","25","509312","Recycling Ce","4","0","1"
"41290","RMD Signs","doug.kimpton@rmdsigns.com","601 Bryant St","3035731300","3035735500","399302","Signs (Manufacturers)","NULL"," Email <---> Revenue ","158577","RMD SIGNS","601 BRYANT ST","DENVER","CO","80204","Denver","","3035735500","","DOUG KIMPTON","Owner","M","12400000","55","738915","Letter,Sign ","4","0","1"
"148935","Rocky Mountain Collegian","development@collegian.com","Lory Student Ctr # 13","9704911690","9704911686","731106","Advertising-Newspaper","www.collegian.com"," Email <---> Revenue ","159883","ROCKY MOUNTAIN COLLEGIAN","LORY STUDENT CTR 13","FORT COLLINS","CO","80523","Larimer","","9704911686","","JEFF BROWNE","Publisher","M","13000000","100","731300","Radio, Tv, P","4","0","1"
"114834","Trojan Labor","Denise.Martinez@trojanlabor.com","2307 Champa St","NULL","3032963332","736304","Employment Contractors-Temporary Help","NULL"," Email <---> Revenue ","188938","TROJAN LABOR","2353 CURTIS ST","DENVER","CO","80205","Denver","","3032963332","","DENISE MARTINEZ","Owner","F","20000000","175","736301","Temp Supply ","4","1","1"
"145677","M & M Coop","DCron@mmcoop.com","PO Box 184","9708483359","9708485432","287301","Fertilizers-Manufacturers","NULL"," Email <---> Revenue ","403442","M & M Coop","101 S Detroit St","Yuma","CO","80759","Yuma","www.mmcoop.com","9708485432","9708483359","David Cron","Owner","Mal","17700000","100","287301","Fertilizers-","4","0","1"
"134339","Telluride Gravel Inc","david.ballode@telluride2.com","270 Highway 625","9707283015","9707283775","521128","Concrete-Ready Mixed","NULL"," Email <---> Revenue ","183620","TELLURIDE GRAVEL INC","270 HIGHWAY 625","TELLURIDE","CO","81435","","","9707283775","","GREG HOMAN","Manager","M","24000000","120","503200","Brick,Stone,","4","0","1"
"100149","Urban Farmer","Dave@urbanfarmerinc.com","3431 E 86th Ave","3038538584","3038538585","078204","Landscape Contractors","NULL"," Email <---> Revenue ","525691","Urban Farmer","3431 E 86th Ave","Thornton","CO","80229","Adams","","3038538585","3038538584","Dave Tollesson","President","Mal","12600000","150","78204","Landscape Co","4","1","1"
"141330","Stylelines","Danny@beautygifts.com","1401 W Bayaud Ave # 318","NULL","3037222040","508702","Beauty Salons-Equipment & Supls (Whol)","NULL"," Email <---> Revenue ","502197","Stylelines","1401 W Bayaud Ave # 318","Denver","CO","80223","Denver","www.beautygifts.com","3037222040","","Danny Mostajo","Owner","Mal","13840000","40","508702","Beauty Salon","4","0","1"
"48127","Bar D Chuckwagon Suppers","C_Scarborough@bardchuckwagon.com","8080 County Road 250","9702472010","9702475753","792905","Entertainment Bureaus","NULL"," Email <---> Revenue ","241070","Bar D Chuckwagon Suppers","8080 County Road 250","Durango","CO","81301","La Plata","www.bardchuckwagon.com","9702475753","9702472010","Cy Scarborough","President","Mal","13200000","60","792905","Entertainmen","4","0","1"
"139389","Eaton Corp","customer@eaton.com","8022 Southpark Cir","8286845338","3037382300","506330","Electric Equipment & Supplies-Wholesale","www.eaton.com"," Email <---> Revenue ","315467","Eaton Corp","8022 Southpark Cir","Littleton","CO","80120","Arapahoe","www.eaton.com","3037382300","3037382324","John Cohen","President","Mal","13160000","20","506330","Electric Equ","4","0","1"
"155248","Rallysport Health & Fitness","clubinfo@rallysportboulder.com","2727 29th St","3039388718","3034494800","799101","Health Clubs Studios & Gymnasiums","www.rallysportboulder.com"," Email <---> Revenue ","153773","RALLYSPORT HEALTH & FITNESS","2727 29TH ST","BOULDER","CO","80301","Boulder","","3034494800","","DENNY DIPAULA","President","M","12600000","180","799100","Physical Fit","4","0","1"
"42262","Mays Construction Specialties","Cliff-Mays@mays-mcsi.com","2399 River Rd","9702452661","9702450834","177106","Concrete Restoration Repair & Cleaning","NULL"," Email <---> Revenue ","411057","Mays Construction Specialties","2399 River Rd","Grand Junction","CO","81505","Mesa","www.mays-mcsi.com","9702450834","9702452661","Cliff Mays","President","Mal","12900000","100","177106","Concrete Res","4","0","1"
"2605","Cochlear Americas","ChrisSmith@cochlear.com","400 Inverness Pkwy # 400","3037929025","3037909010","384104","Physicians & Surgeons Equip & Supls-Mfrs","NULL"," Email <---> Revenue ","278040","Cochlear Americas","400 Inverness Pkwy # 400","Englewood","CO","80112","Arapahoe","www.cochlear.com","3037909010","3037929025","Chris Smith","CEO","Mal","22400000","100","384104","Physicians &","4","0","1"
"110536","Adam Aircraft Industries","chris.naro@adamaircraft.com","12876 E Jamison Cir","3034065950","3034065900","372101","Aircraft-Manufacturers","www.adamaircraft.net"," Email <---> Revenue ","5591","ADAM AIRCRAFT INDUSTRIES","12876 E ADAM AIRCRAFT CIR","ENGLEWOOD","CO","80112","Arapahoe","","7199485515","","SCOTT BRYAN","Manager","M","12500000","50","559902","Aircraft Dea","4","0","1"
"139575","Mountain States Administration","cgray@msaclaims.com","13901 E Exposition Ave","8013520303","3033609600","641102","Insurance Adjusters","www.msaclaims.com"," Email <---> Revenue ","130773","MOUNTAIN STATES ADMINISTRATION","13901 E EXPOSITION AVE","AURORA","CO","80012","Arapahoe","","3033609600","","CLARENCE GRAY","Owner","M","12300000","53","641102","Insurance Ad","4","0","1"
"34498","WestAmerica Mortgage Company","ccarr@onstaff.com","560 W LAKE STREET","8883988648","null","6163","Mortgage brokers","null"," Email <---> Revenue ","536258","Westamerica Mortgage Company","5655 S Yosemite St # 460","Englewood","CO","80111","Arapahoe","","3037712800","","Richard George","Chief Executive Office","mal","24695415","190","616299","Urban Mortga","4","0","1"
"114872","Bobcat Of The Rockies","C.Alan@bobcatoftherockies.com","7000 E 56th Ave","3032883269","3032886603","508206","Contractors-Equip/Supls-Dlrs/Svc (Whol)","NULL"," Email <---> Revenue ","250672","Bobcat Of The Rockies","7000 E 56th Ave","Commerce City","CO","80022","Adams","www.bobcatoftherockies.com","3032886603","3032883269","Alan Coffman","President","Mal","19980000","30","508206","Contractors-","4","0","1"
"147346","Caroba Plastics","B_H@caroba.com","3219 S Platte River Dr","3037618625","3037816286","308901","Mold Makers","NULL"," Email <---> Revenue ","264990","Caroba Plastics","3219 S Platte River Dr","Englewood","CO","80110","Arapahoe","www.caroba.com","3037816286","3037618625","Barry Hart","President","Mal","11480000","70","308901","Plastics-Mol","4","0","1"
"150576","Colorado Sweet Gold","bwright@bwright-online.com","8714 State Highway 60","9705876536","9705875131","204698","Wet Corn Milling","www.coloradosweetgold.com"," Email <---> Revenue ","283337","Colorado Sweet Gold","8714 State Highway 60","Johnstown","CO","80534","Weld","www.coloradosweetgold.com","9705875131","9705876536","Charles Gilbert","VP","Mal","23920000","20","204698","Wet Corn Mil","4","0","1"
"41323","D & D Roofing","bwalterss@danddroofing.com","6270 E 50th Ave","3032873391","3032873043","176109","Roofing Contractors","NULL"," Email <---> Revenue ","55558","D & D ROOFING","6270 E 50TH AVE","COMMERCE CITY","CO","80022","Adams","","3032873043","","ROBERT MC REYNOLDS","Owner","M","17500000","100","176100","Roofg, Sheet","4","0","1"
"74585","Cruise Planners","BS@cruisebyweb.com","63 N Pagosa Blvd # B3","NULL","9707315338","472402","Travel Agencies & Bureaus","NULL"," Email <---> Revenue ","54229","CRUISE PLANNERS","175 HALEY PL","PAGOSA SPGS","CO","81147","","","9707315338","","SALLY BISH","Manager","F","10100000","819","472400","Travel Agenc","4","0","1"
"3130","Columbine Beverage Co","bobm@columbinebeverage.com","4301 Broadway","3032951270","3032940315","208601","Bottlers","www.columbinebeverage.com"," Email <---> Revenue ","284011","Columbine Beverage Co","4301 Broadway","Denver","CO","80216","Denver","www.columbinebeverage.com","3032940315","3032951270","Bob Mc Namara","President","Mal","13425000","25","208601","Bottlers","4","0","1"
"33444","X P Apparel","Bill@xpapparel.com","400 Quivas St","3037627900","3037621900","513609","Sportswear-Wholesale","NULL"," Email <---> Revenue ","543871","X P Apparel","400 Quivas St","Denver","CO","80204","Denver","www.xpapparel.com","3037621900","3037627900","Bill Wall","Owner","Mal","20970000","30","513609","Sportswear-W","4","0","1"
"134375","Mile High Health Team","BethM@milehighhealthteam.com","3600 S Logan St # 210","3036920541","3036928500","804908","Nurses & Nurses' Registries","NULL"," Email <---> Revenue ","417604","Mile High Health Team","3600 S Logan St # 210","Englewood","CO","80113","Arapahoe","www.milehighhealthteam.com","3036928500","3036920541","Beth Mann","Owner","Fem","24600000","300","804908","Nurses & Nur","4","0","1"
"81369","United Roofing","BethGloss@unitedroofingco.com","1777 W 13th Ave","NULL","3036297663","176109","Roofing Contractors","NULL"," Email <---> Revenue ","191214","UNITED ROOFING","1777 W 13TH AVE","DENVER","CO","80204","Denver","","3036297663","","BETH GLOSS","President","F","10500000","60","176100","Roofg, Sheet","4","0","1"
"9435","Listenup Commercial Div","ben@joltcountry.com","5295 E Evans Ave","3037441179","","573121","Television-Giant Screen","www.listenup.com"," Email <---> Revenue ","116094","LISTEN UP","5295 E EVANS AVE","DENVER","CO","80222","Denver","","3037441179","","WALT STENSON","President","M","15000000","100","573100","Radio,Tv & E","4","0","1"
"94087","National Printing & Packaging","bbirky@nppnet.com","3800 Quentin St","3033713457","303-371-3777","2752","Commercial Printing","Lithographic (except quick printing)"," Email <---> Revenue ","427645","National Printing & Packaging","3800 Quentin St","Denver","CO","80239","Denver","www.nppnet.com","3033713777","","Richard Stein","President","mal","10500000","120","275200","Lithographic","4","0","1"
"127441","PSA Intl","BBill@psasecurity.com","12011 Tejon St","3032521741","3032528607","506304","Security Control Equip & Systems-Whol","NULL"," Email <---> Revenue ","439223","PSA Intl","12011 Tejon St","Denver","CO","80234","Adams","www.psasecurity.com","3032528607","3032521741","Bill Bozeman","President","Mal","16450000","25","506304","Security Con","4","0","1"
"136052","Dcb Construction Company","barrysherman@dcbl.com","909 E. 62Nd Avenue","3032875525","-","522310","BUILDING MATERIALS, HARDWARE, GARDEN SUPPLY, AND MOBILE HOME DEALERS","NAMB"," Email <---> Revenue ","297246","DCB Construction Inc","909 E 62nd Ave","Denver","CO","80216","Denver","","3032875525","","John Barna","Chairman of the Board","mal","19225903","40","154201","New Construc","4","0","1"
"114614","Aspen Ski Tours","Barry-Lefkowitz@aspenabc.com","210 Aspen Airport Business Ctr","9709252330","9709259500","472501","Tours-Operators & Promoters","NULL"," Email <---> Revenue ","234436","Aspen Ski Tours","210 Aabc AA","Aspen","CO","81611","Pitkin","","9705555500","","Samuel Strasbourger","President","mal","10500000","42","472400","Travel Agenc","4","0","1"
"62454","Tattered Cover Book Store","barbb@tatteredcover.com","1628 16Th St.","3036291704","303-322-1965","594205","Comic Books","NULL"," Email <---> Revenue ","182797","TATTERED COVER BOOK STORE","1628 16TH ST","DENVER","CO","80202","Denver","","3034361070","","JOYCE MESKIS","Manager","F","15000000","450","594200","Book Stores","4","0","1"
"142228","Sloans Lake Managed Care","B.Tikker@sloanslake.com","6501 S Fiddlers Green Cir #300","3035045401","3036912200","632403","Preferred Provider Organizations","NULL"," Email <---> Revenue ","170992","SLOANS LAKE MANAGED CARE","6501 S FIDDLRS GRN CIR STE 300","GREENWOOD VLG","CO","80111","Arapahoe","","3036912200","","BLAIR TIKKER","Chief Executive Office","M","16800000","120","632400","Hosp, Med Sv","4","0","1"
"145356","Avedon Engineering","avedon@avedon.com","811SShermanStreet","3037722633","3037728276","871106","Engineers","avedon.com"," Email <---> Revenue ","19799","AVEDON ENGINEERING INC","811 S SHERMAN ST","LONGMONT","CO","80501","Boulder","","3037722633","","RAY AVEDON","Chief Executive Office","M","12800000","200","308900","Plastic Pdts","4","0","1"
"152233","Waste Not Recycling","AnitaComer@waste-not.com","1065 Poplar St","9706699926","9706699912","509312","Recycling Centers (Wholesale)","NULL"," Email <---> Revenue ","533559","Waste Not Recycling","1065 Poplar St","Loveland","CO","80537","Larimer","www.waste-not.com","9706699912","9706699926","Anita Comer","Owner","Fem","15365000","35","509312","Recycling Ce","4","0","1"
"90908","Analex","amber.gordon@analex.com","7901 Southpark Plz # 110","7033298187","3037300302","381201","Aerospace Industries","www.analex.com"," Email <---> Revenue ","227413","Analex","7901 Southpark Plz # 110","Littleton","CO","80120","Arapahoe","www.analex.com","3037300302","3037302057","D Dolvey","President","Mal","10170000","45","381201","Aerospace In","4","0","1"
