mail id,company,email,address,phone,fax,sic,sic description,web,,revenue id,company,address,city,state,zip,	metro,web,phone,fax,contact,position,gender,sales,# of employee,sic,sic_descrpiton,	,,
"57943","Beltone Audiology & Hearing","William.Hearholtz@beltone.com","7150 Leetsdale Dr # 408","NULL","3032358663","599979","Hearing Impaired Equipment & Supplies","NULL"," Email <---> Revenue ","23759","BELTONE AUDIOLOGY & HEARING","7150 LEETSDALE DR UNIT 408","DENVER","CO","80224","Denver","","3032358663","","WILLIAM HEARHOLTZ","President","M","52500000","4502","599922","Hearing Aid ","6","0","1"
"43516","Centennial Livestock Auction","WayneKruse@claauction.com","113 NW Frontage Rd","9704167302","9704826207","515402","Livestock Auction Markets","NULL"," Email <---> Revenue ","268019","Centennial Livestock Auction","113 NW Frontage Rd","Fort Collins","CO","80524","Larimer","www.claauction.com","9704826207","9704167302","Wayne Kruse","Owner","Mal","58406000","38","515402","Livestock Au","6","0","1"
"100306","Managed Storage Intl","TS@managedstorage.com","12303 Airport Way # 250","7205665001","7205665000","422501","Storage","NULL"," Email <---> Revenue ","120244","MANAGED STORAGE INTL","12303 AIRPORT WAY STE 250","BROOMFIELD","CO","80021","Broomfield","","7205665000","","THOMAS P SWEENEY III","Chief Executive Office","M","50800000","175","422500","Genl Whsg, S","6","0","1"
"37294","Argus Corporate Security","Tom@denvereventstaff.com","6595 S Dayton St # 2200","3037991421","3037991140","736304","Employment Contractors-Temporary Help","NULL"," Email <---> Revenue ","16043","ARGUS CORPORATE SECURITY","6595 S DAYTON ST STE 2200","GREENWOOD VLG","CO","80111","Arapahoe","","3037991140","","THOMPSON C SMITH","Owner","M","68400000","600","736301","Temp Supply ","6","1","1"
"77838","King Soopers","tmorrow@kingsoopers.com","3817 Sheridan Blvd","3034216561","3034257356","541105","Grocers-Retail","NULL"," Email <---> Revenue ","386780","King Soopers","3817 Sheridan Blvd","Wheat Ridge","CO","80212","Denver","","3034257356","3034216561","Russ Dispence","President","Mal","72800000","400","541105","Grocers-Reta","6","0","1"
"55833","Bi Inc","tchase@bi.com","6400 Lookout Rd","3032181250","3032181000","367901","Electronic Equipment & Supplies-Mfrs","NULL"," Email <---> Revenue ","246557","Bi Inc","6400 Lookout Rd","Boulder","CO","80301","Boulder","www.bi.com","3032181000","3032181250","George Dehuff","CEO","Mal","72081000","970","367901","Electronic E","6","0","1"
"112680","Sterling Construction Co","ssimpson@sterlingconstruction.net","PO Box 792","9706258608","9706258606","162301","Pipe Line Contractors","NULL"," Email <---> Revenue ","499559","Sterling Construction Co","3158 Baron Ln","Rifle","CO","81650","Garfield","www.sterlingconstruction.net","9706258606","9706258608","Stephen P Simpson","President","Mal","75150000","450","162301","Pipe Line Co","6","0","1"
"20076","Safeway","Scott@safeway.com","6900 S Yosemite St","3038437954","3038437600","541105","Grocers-Retail","NULL"," Email <---> Revenue ","478523","Safeway","6900 S Yosemite St","Centennial","CO","80112","Arapahoe","","3038437600","3038437954","Scott Grimmett","President","Mal","54600000","300","541105","Grocers-Reta","6","0","1"
"115022","Curves For Women","S-O''Rourke@curvesforwomen.com","4550 Wadsworth Blvd # F","3039403911","3039403911","729906","Exercise & Physical Fitness Programs","NULL"," Email <---> Revenue ","54873","CURVES","4550 WADSWORTH BLVD STE F","WHEAT RIDGE","CO","80033","Jefferson","","3039403911","","SANDY O'ROURKE","Owner","F","70000000","34861","799100","Physical Fit","6","0","1"
"141585","Land Title Guarantee Co","rslaybaugh@ltg.com","1745 Shea Center Dr","7203449050","7203449055","654102","Title Companies","www.ltgc.com"," Email <---> Revenue ","112356","LAND TITLE GUARANTEE CO","1745 SHEA CENTER DR","LITTLETON","CO","80129","Douglas","","7203449050","","MARY JANE MC CATHRON","Manager","F","57900000","784","654100","Title Abstra","6","0","1"
"86645","R & S Steel","RMike@rssteel.com","9520 E 104th Ave","3032273468","3033219660","505107","Pipe-Wholesale","NULL"," Email <---> Revenue ","459703","R & S Steel","9520 E 104th Ave","Henderson","CO","80640","Adams","www.rssteel.com","3033219660","3032273468","Mike Rolnick","Owner","Mal","78525000","75","505107","Pipe-Wholesa","6","0","1"
"114142","Prima Energy Corp","rlewis@primeenergy.com","1099 18th St # 400","3032977708","3032972100","131101","Oil & Gas Producers","NULL"," Email <---> Revenue ","454093","Prima Energy Corp","1099 18th St # 400","Denver","CO","80202","Denver","www.primaenergy.com","3032972100","3032977708","Richard H Lewis","CEO","Mal","70154000","146","131101","Oil & Gas Pr","6","0","1"
"135350","Carlin Dodge Superstore","RickCarlin@carlindodge.com","7455 Austin Bluffs Pkwy","7193297530","7194758550","551105","Truck-Dealers","NULL"," Email <---> Revenue ","264670","Carlin Dodge Superstore","7455 Austin Bluffs Pkwy","Colorado Springs","CO","80918","El Paso","www.carlindodge.com","7194758550","7193297530","Rick Carlin","Owner","Mal","64700000","100","551105","Truck-Dealer","6","2","1"
"49988","Reliant Manufacturing","Rick@reliantmanufacturing.com","455 Weaver Park Rd","3036824080","3036821000","506338","Electronic Parts Assemblers (Wholesale)","NULL"," Email <---> Revenue ","465816","Reliant Manufacturing","455 Weaver Park Rd","Longmont","CO","80501","Boulder","","3036821000","3036824080","Rick Glassman","President","Mal","65800000","100","506338","Electronic P","6","0","1"
"40695","Octel","PWilliams@octel-starreon.com","8375 S Willow St # 500","3037925668","3037925554","517211","Lubricants (Wholesale)","NULL"," Email <---> Revenue ","434511","Octel","8375 S Willow St # 500","Lone Tree","CO","80124","Douglas","www.octel-starreon.com","3037925554","3037925668","Pat Williams","Owner","Mal","83850000","25","517211","Lubricants (","6","0","1"
"89094","Millennium Autosport","Oltmann@millenniumautosport.us","63 Inverness Dr E # 200","7202004434","7202004004","501208","Automobile & Truck Brokers","NULL"," Email <---> Revenue ","417977","Millennium Autosport","63 Inverness Dr E # 200","Englewood","CO","80112","Arapahoe","www.millenniumautosport.us","7202004004","7202004434","Joe Oltmann","President","Mal","66600000","18","501208","Automobile &","6","0","1"
"93404","Cielo Communications","Olbright.Greg@cieloinc.com","325 Interlocken Pkwy # A","3034660290","3034600700","367498","Semiconductors & Related Devices (Mfrs)","NULL"," Email <---> Revenue ","274256","Cielo Communications","325 Interlocken Pkwy # A","Broomfield","CO","80021","Broomfield","www.cieloinc.com","3034600700","3034660290","Greg Olbright","Owner","Mal","52326000","102","367498","Semiconducto","6","0","1"
"143447","Poudre Valley REA Inc","november2006@nucom.com","7649 Rea Pkwy","9072358972","9702261234","491101","Electric Companies","www.lrsd.com"," Email <---> Revenue ","452185","Poudre Valley REA Inc","7649 Rea Pkwy","Fort Collins","CO","80528","Larimer","www.pdra.com","9702261234","9702262123","Ron Carey","President","Mal","51744000","84","491101","Electric Com","6","0","1"
"72753","Unishippers Association","Norm@unishippers.com","404 State Hwy 67","NULL","7196878001","421309","Trucking-Motor Freight","NULL"," Email <---> Revenue ","190902","UNISHIPPERS ASSOCIATION","404 STATE HIGHWAY 67","WOODLAND PARK","CO","80863","Teller","","7196878001","","NORM STEEN","Owner","M","80000000","895","421205","Delivery Sv,","6","0","1"
"95492","Pro Golf Discount","Lexi.Adamson@progolf.com","2740 Commercial Way","NULL","9702408726","594130","Golf Equipment & Supplies-Retail","NULL"," Email <---> Revenue ","149785","PRO GOLF DISCOUNT","2740 COMMERCIAL WAY","MONTROSE","CO","81401","Montrose","","9702408726","","LEXI ADAMSON","President","M","90000000","1200","594103","Tennis Shops","6","0","1"
"80281","Douglass Roofing Co","ken.wickwar@douglassroofing.com","7281 E 54th Pl","3032888602","3032882635","176109","Roofing Contractors","NULL"," Email <---> Revenue ","63847","DOUGLASS ROOFING CO","7281 E 54TH PL","COMMERCE CITY","CO","80022","Adams","","3032882635","","ROBERT BECHTHOLDT","President","M","52500000","300","176100","Roofg, Sheet","6","0","1"
"10791","Summit Marketing","KCark@brunico.com","48 W Ranch Trl","NULL","3036972999","731101","Advertising-Agencies & Counselors","NULL"," Email <---> Revenue ","179426","SUMMIT MARKETING","48 W RANCH TRL","MORRISON","CO","80465","Jefferson","","3036972999","","CARL KIMBALL","President","M","75000000","461","731100","Advertising ","6","0","1"
"153777","March Of Dimes","kbellew@marchofdimes.com","421 S Tejon St # 236","3347920149","7194739981","832218","Social Service & Welfare Organizations","www.marchofdimes.com"," Email <---> Revenue ","120730","MARCH OF DIMES","421 S TEJON ST STE 311","COLORADO SPGS","CO","80903","El Paso","","7194739981","","SHONA FLEMING","Manager","F","96000000","1689","832200","Social Servi","6","1","1"
"142194","Budget Truck Rental","J_Riordan@budget.com","1560 Broadway","3033767050","3033760040","751303","Truck Renting & Leasing","NULL"," Email <---> Revenue ","257451","Budget Truck Rental","1560 Broadway","Denver","CO","80202","Denver","www.budgettruck.com","3033760040","3033767050","Jerry Riordan","CEO","Mal","72750000","250","751303","Truck Rentin","6","0","1"
"15986","E Fillment","J_Grunwald@acmedistribution.com","18101 E Colfax Ave","3033402424","3033673333","738999","Business Services Nec","NULL"," Email <---> Revenue ","65540","E FILLMENT","18101 E COLFAX AVE","AURORA","CO","80011","Adams","","3033673333","","JACK GRUNWALD","Owner","M","67500000","300","738900","Business Svs","6","0","1"
"152910","Simplex Grinnell","jokinsey@tycoint.com","915 Valley St","3342727871","7195744215","506308","Fire Alarm Systems (Wholesale)","www.simplexgrinnell.com"," Email <---> Revenue ","489028","Simplex Grinnell","915 Valley St","Colorado Springs","CO","80915","El Paso","www.simplexgrinnell.com","7195744215","7195741253","Bob Kehrer","Manager","Mal","51324000","78","506308","Fire Alarm S","6","0","1"
"101680","RMES Communications Inc","jndesign@bwn.net","3840 York St # 200b","3038395232","3038395200","506534","Telephone-Coin & Card Operated (Whol)","www.rmes.com"," Email <---> Revenue ","460824","RMES Communications Inc","3840 York St # 200b","Denver","CO","80205","Denver","www.rmes.com","3038395200","3038395232","Herman Malone","Owner","Mal","50500000","50","506534","Telephone-Co","6","0","1"
"135887","Johnson Controls Inc","jens@powermenu.com","10289 W Centennial Rd","2482766001","3039735930","506328","Controls Control Systs/Regulators (Whol)","www.jci.com"," Email <---> Revenue ","379220","Johnson Controls Inc","10289 W Centennial Rd","Littleton","CO","80127","Jefferson","www.jci.com","3039735930","3039796847","Gary Kummer","Manager","Mal","65800000","100","506328","Controls Con","6","0","1"
"150805","Carrier Access Corp","inside-sales@carrieraccess.com","6837 Winchester Cir","3034425455","3034425455","366998","Communications Equipment Nec (Mfrs)","www.carrieraccess.com"," Email <---> Revenue ","36060","CARRIER ACCESS CORP","5395 PEARL PKWY","BOULDER","CO","80301","Boulder","","3034425455","","ALLEN SNYDER","Chief Executive Office","M","75600000","252","366900","Comm Eqp Nec","6","0","1"
"67683","Stanley Consultants Inc","haskinrobert@stanleygroup.com","9200 E Mineral Ave # 400","3037998107","3037996806","871106","Engineers","NULL"," Email <---> Revenue ","175533","STANLEY CONSULTANTS INC","9200 E MINERAL AVE STE 400","CENTENNIAL","CO","80112","Arapahoe","","3037996806","","WALTER JONES","Vice-President","M","83300000","1290","871100","Engineering ","6","0","1"
"2295","Pioneer Steel & Tube Distr","Harris@pioneerpipe.com","1660 Lincoln St # 2300","3032896381","3032893201","505107","Pipe-Wholesale","NULL"," Email <---> Revenue ","449477","Pioneer Steel & Tube Distr","1660 Lincoln St # 2300","Denver","CO","80264","Denver","www.pioneerpipe.com","3032893201","3032896381","Michael Harris","President","Mal","75000000","36","505107","Pipe-Wholesa","6","0","1"
"27592","Indoff Inc","gjohnsonjr@indoff1.com","10711 Kipling Way","5012242624","3034696377","504613","Shelving (Wholesale)","www.indoff.com"," Email <---> Revenue ","97916","INDOFF INC","10711 KIPLING WAY","BROOMFIELD","CO","80021","Jefferson","","3034696377","3034692297","VICKIE HICKS","Manager","F","75000000","1126","504601","Shelving","6","0","1"
"55908","Lexis-Nexis Group","Gary@lexis-nexis-group.com","555 Middle Creek Pkwy","7194817431","7194883000","272198","Periodicals-Publishing & Printing","NULL"," Email <---> Revenue ","396802","Lexis-Nexis Group","555 Middle Creek Pkwy","Colorado Springs","CO","80921","El Paso","","7194883000","7194817431","Gary Pollard","CEO","Mal","84900000","300","272198","Periodicals-","6","2","1"
"123698","General Air Svc & Supply Co","garmstrong@generalair.com","1105 Zuni St","3035959036","3038927003","516907","Helium (Wholesale)","NULL"," Email <---> Revenue ","341402","General Air Svc & Supply Co","1105 Zuni St","Denver","CO","80204","Denver","www.generalair.com","3038927003","3035959036","Gary Armstrong","Owner","Mal","50050000","50","516907","Helium (Whol","6","0","1"
"73579","Forney Industries Inc","forney@cableregina.com","1830 LA Porte Ave","9704989505","9704827271","354801","Welding Equipment & Supplies-Mfrs","www.forneyind.com"," Email <---> Revenue ","333581","Forney Industries Inc","1830 LA Porte Ave","Fort Collins","CO","80521","Larimer","www.forneyind.com","9704827271","9704989505","Jack Forney","CEO","Mal","51600000","200","354801","Welding Equi","6","0","1"
"4760","Ehrlich","Ehrlich@ehrlichmotors.com","843 27th Street Pl","9703536114","9703537707","551103","Automobile Dealers-Used Cars","NULL"," Email <---> Revenue ","317137","Ehrlich","2733 8th Ave","Greeley","CO","80631","Weld","www.ehrlichmotors.com","9703537707","9703536114","Scott Ehrlich","Owner","Mal","90580000","140","551103","Automobile D","6","1","1"
"28267","ECOLLEGE.COM","Doug.Kelsal@ecollege.com","4900 S Monaco St # 200","3038737449","3038737400","821108","Educational Programs","NULL"," Email <---> Revenue ","66824","ECOLLEGE.COM","4900 S MONACO ST STE 200","DENVER","CO","80237","Denver","","3038737400","","DOUGLAS H KELSALL","President","M","51900000","1363","874203","Mrkting Cons","6","0","1"
"10901","Colorado Container Corp","denise.mcwilliams@coloradocontainer.com","4221 Monaco St","3033319455","3033310400","265301","Corrugated & Solid Fiber Boxes (Mfrs)","NULL"," Email <---> Revenue ","280171","Colorado Container Corp","4221 Monaco St","Denver","CO","80216","Denver","","3033310400","3033319455","Bruce Kelley","CEO","Mal","81000000","200","265301","Corrugated &","6","0","1"
"35817","Smoker Friendly Intl","David.Bershof@sf-smokerfriendly.com","1201 S Parker Rd # 104","3037512789","3037512785","599301","Cigar Cigarette & Tobacco Dealers-Retail","NULL"," Email <---> Revenue ","171335","SMOKER FRIENDLY INTL","1602 S PARKER RD STE 308","DENVER","CO","80231","Arapahoe","","3034422520","","DAVID BERSHOF","Chief Executive Office","M","50100000","1001","267300","Plas, Foil, ","6","0","1"
"151925","Document Technologies Inc","corporate@dtiglobal.com","621 17th St # 500","4048732282","7209041250","733403","Copying & Duplicating Service","www.dtiglobal.com"," Email <---> Revenue ","62522","DOCUMENT TECHNOLOGIES INC","621 17TH ST STE 500","DENVER","CO","80293","Denver","","7209041250","","SUSAN BARVINCHAK","Chief Executive Office","F","55200000","800","733400","Photocopying","6","0","1"
"2155","Carpet Exchange","BruceOdette@carpetexchange.com","5450 Wadsworth Byp","NULL","3034221406","571305","Carpet & Rug Dealers-New","NULL"," Email <---> Revenue ","35847","CARPET EXCHANGE","5450 WADSWORTH BYP","ARVADA","CO","80002","Jefferson","","3034221406","","BRUCE ODETTE","Manager","M","60000000","551","571301","Carpets","6","0","1"
"106311","Carpet Exchange","Bruce@carpetexchangetexas.com","1133 S Platte River Dr","NULL","3037443300","571305","Carpet & Rug Dealers-New","NULL"," Email <---> Revenue ","35840","CARPET EXCHANGE","1133 S PLATTE RIVER DR","DENVER","CO","80223","Denver","","3037443300","","BRUCE ODETTE","President","M","60000000","551","571301","Carpets","6","0","1"
"39529","Vanity","bizdev@vanity.com","2424 Highway 6 And 50 # 110","9702458505","9702458505","562101","Women's Apparel-Retail","www.vanity.com"," Email <---> Revenue ","125280","MESA MALL","2424 HIGHWAY 6 AND 50","GRAND JCT","CO","81505","Mesa","","9702458505","","CHRISTINA MILLEDGE","Manager","F","70000000","1678","562100","Women'S Cl S","6","0","1"
"156820","Agland Inc","bean@www.prairieweb.com","155 Oak Ave","9704542144","9704544004","519114","Fertilizers (Wholesale)","www.aglandinc.com"," Email <---> Revenue ","7583","AGLAND INC","260 FACTORY RD","EATON","CO","80615","Weld","","9704544000","9704542144","MITCH ANDERSON","Chief Executive Office","M","63800000","198","204800","Mfg Prepared","6","0","1"
"153535","Exabyte Corp","andrew.childs@stme.com","2108 55th St","3034177170","3034424333","357298","Computer Storage Devices (Manufacturers)","www.exabyte.com"," Email <---> Revenue ","323355","Exabyte Corp","2108 55th St","Boulder","CO","80301","Boulder","www.exabyte.com","3034424333","3034177170","Tom Ward","CEO","Mal","94169000","183","357298","Computer Sto","6","0","1"
