mail id,company,email,address,phone,fax,sic,sic description,web,,revenue id,company,address,city,state,zip,	metro,web,phone,fax,contact,position,gender,sales,# of employee,sic,sic_descrpiton,	,,
"33205","ADT Alert Security","mark@alertsecurityusa.com","9894 Rosemont Ave # 201","7194737397","3032209750","506304","Security Control Equip & Systems-Whol","www.alertsecurityusa.com"," Email <---> Revenue ","6111","ADT ALERT SECURITY","9894 ROSEMONT AVE STE 201","LONE TREE","CO","80124","Douglas","","3032209750","","MIKE BLAKE","President","M","17054400000","258400","366900","Comm Eqp Nec","8","0","1"
"156549","Utility Trailer Sales-Colorado","acaywood@utilitytrailer.net","5100 Cook St","3032951197","3032953757","501212","Trailers-Truck (Wholesale)","www.utilitytrailer.net"," Email <---> Revenue ","526180","Utility Trailer Sales Of Co","5075 Vasquez Blvd","Denver","CO","80216","Denver","www.utilitytrailer.net","3032951197","","Jeff Martin","President","Mal","214600000","58","501212","Trailers-Tru","7","0","1"
"149764","Stephen Gould Of Colorado Inc","o.sales@stephengould.com","12150 E Briarwood Ave # 200","3036621900","3036621530","733601","Package Designing & Development","www.stephengould.com"," Email <---> Revenue ","176967","STEPHEN GOULD CORP","12150 E BRIARWOOD AVE STE 200","CENTENNIAL","CO","80112","Arapahoe","","3036621900","","MICHAEL GOLDEN","President","M","35000000","816","267100","Packg Ppr Co","5","0","1"
"156161","CBIZ Mayer Hoffman Mc Cann","webprivacy@cbiz.com","8181 E Tufts Ave # 600","4074231755","3037962600","621109","Investment Bankers","www.cbiz.com"," Email <---> Revenue ","260707","CBIZ Mayer Hoffman Mc Cann","8181 E Tufts Ave # 600","Denver","CO","80237","Arapahoe","www.cbiz.com","3037962600","3037962612","Rick Angell","Partner","Mal","39798000","99","621109","Investment B","5","0","1"
"9168","Quality Quick Print","Debbie@mqprint.com","PO Box 2098","9706685785","9706683860","275202","Printers","NULL"," Email <---> Revenue ","152176","QUALITY QUICK PRINT","PO BOX 2098","FRISCO","CO","80443","Summit","","9706683860","","DEBBIE BLACK","Manager","F","48100000","275","275200","Litho,Coml P","5","0","1"
"89951","Sun Mountain Door","thad@sunmountaindoor.com","140 Commerce Rd","9705322208","9705322105","521102","Door & Gate Operating Devices","www.sunmountaindoor.com"," Email <---> Revenue ","179634","SUN MOUNTAIN DOOR","140 COMMERCE RD","BERTHOUD","CO","80513","Larimer","","9705322105","","THAD WALTON","President","M","13000000","102","521102","Door,Window ","4","0","1"
"99441","Courtesy Electric","lwilson@courtesyelectric.com","1356 S Jason Street","3037771593","3037771593","173101","Electric Contractors","null"," Email <---> Revenue ","291164","Courtesy Electric","1356 S Jason St","Denver","CO","80223","Denver","","3037788180","3037771593","Larry W Curtis","President","Mal","12540000","95","173101","Electric Con","4","2","1"
"133745","R W Beck Inc","website_feedback@rwbeck.com","1801 California St # 2800","3032972811","3032995200","871111","Engineers-Consulting","www.rwbeck.com"," Email <---> Revenue ","460358","R W Beck Inc","1801 California St # 2800","Denver","CO","80202","Denver","www.rwbeck.com","3032995200","3032972811","Tim Corrigan","Manager","Mal","11850000","75","871111","Engineers-Co","4","0","1"
"114980","Bell Plumbing & Heating Co","l.arnett@bellplumbing.com","2150 S Abilene St","3037585104","3037575661","171105","Plumbing Contractors","www.bellplumbing.com"," Email <---> Revenue ","23583","BELL PLUMBING & HEATING CO","2150 S ABILENE ST","AURORA","CO","80014","Arapahoe","","3037575661","","LARRY BELL","Owner","M","15600000","89","171102","Plumbing Con","4","0","1"
"152681","College Pharmacy","nikki@collegepharmacy.com","3505 Austin Bluffs Pkwy # 101","7196344513","7192620022","591205","Pharmacies","www.collegepharmacy.com"," Email <---> Revenue ","278828","College Pharmacy","3505 Austin Bluffs Pkwy # 101","Colorado Springs","CO","80918","El Paso","www.collegepharmacy.com","7192620022","7196344513","Tom Bader","Owner","Mal","7869000","43","591205","Pharmacies","3","2","1"
"142236","AVX Corp","gib@sccoast.net","2435 Executive Cir","9198786470","7195763510","367501","Electronic Capacitor (Manufacturers)","www.avxcorp.com"," Email <---> Revenue ","212255","AVX Corp","2435 Executive Cir","Colorado Springs","CO","80906","El Paso","www.avxcorp.com","7195763510","7195763814","Phil Troup","Manager","Mal","6327000","37","367501","Electronic C","3","0","1"
"128935","Point Athletic Club","julieleins@pointathleticclub.net","533 Van Gordon St","3039881301","3039881300","799101","Health Clubs Studios & Gymnasiums","www.pointathleticclub.com"," Email <---> Revenue ","147488","POINT ATHLETIC CLUB","533 VAN GORDON ST","LAKEWOOD","CO","80228","Jefferson","","3039881300","","JULIE LEINS","President","F","7000000","100","799100","Physical Fit","3","0","1"
"83736","Mountain Shades Distributing","BillCotton@mountainshades.com","2480 Gray St","3034620425","3034620444","504801","Optical Goods-Wholesale","NULL"," Email <---> Revenue ","423535","Mountain Shades Distributing","2480 Gray St","Edgewater","CO","80214","Jefferson","www.mountainshades.com","3034620444","3034620425","Bill Cotton","Owner","Mal","6340000","20","504801","Optical Good","3","0","1"
"23651","Tyler &Amp; Tyler Inc.","ty@thomasandtyler.com","822 7Th St.","9703518888","-","522310","BUILDING MATERIALS, HARDWARE, GARDEN SUPPLY, AND MOBILE HOME DEALERS","NAMB"," Email <---> Revenue ","21598","BANK ONE PLAZA","822 7TH ST","GREELEY","CO","80631","Weld","","9703518888","9703788708","TY NOTESTINE","Manager","M","5300000","19","679800","Real Estate ","3","0","1"
"153823","Agri-Inject Inc","inject@agri-inject.com","5500 Us Highway 34","9708485338","9708485336","355909","Special Industry Machinery Nec (Mfrs)","www.agri-inject.com"," Email <---> Revenue ","7611","AGRI-INJECT INC","5500 US HIGHWAY 34","YUMA","CO","80759","","","9708485336","9708485338","GARY NEWTON","Chief Executive Office","M","6000000","20","355900","Special Indu","3","0","1"
