mail id,company,email,address,phone,fax,sic,sic description,web,,revenue id,company,address,city,state,zip,	metro,web,phone,fax,contact,position,gender,sales,# of employee,sic,sic_descrpiton,	,,
"126715","Wellington Management","asokol@wellington.com","75 State St","6179515250","6179515000","637198","Pension Health & Welfare Funds","NULL"," Email <---> Revenue ","324910","Wellington Management","75 State St","Boston","MA","02109","Suffolk","www.wellingtonmanagement.com","6179515000","6179515250","Perry Traquina","CEO","Mal","91200000","950","637198","Pension Heal","6","0","1"
"124303","Party Time Entertainment","BarryAleo@partytimeevents.com","196 Lincoln St","NULL","7812861000","792908","Music & Live Entertainment","NULL"," Email <---> Revenue ","237916","Party Time Entertainment","196 Lincoln St","Revere","MA","02151","Suffolk","www.partytimeevents.com","7812861000","","Barry Aleo","CEO","Mal","81400000","370","792908","Music & Live","6","0","1"
"50563","Northern Palegic Group","billie@norpel.com","4 Fish Is","5089795601","5089791171","514601","Seafood-Wholesale","www.norpel.com"," Email <---> Revenue ","228080","Northern Palegic Group","4 Fish Is","New Bedford","MA","02740","Bristol","www.norpel.com","5089791171","5089795601","Billie Schofield","Owner","Mal","50160000","80","514601","Seafood-Whol","6","0","1"
"204458","ADC","Boyle_Jack@adc.com","1 Van DE Graaff Dr","7812706501","7812706500","506510","Telephone Equipment & Systems-Wholesale","NULL"," Email <---> Revenue ","8813","ADC","1 Van DE Graaff Dr","Burlington","MA","01803","Middlesex","www.adc-oss.com","7812706500","7812706501","Jack Boyle","CEO","Mal","50500000","50","506510","Telephone Eq","6","0","1"
"247248","Babson College","Brian@babsonbaseball.com","231 Forest St","7812395497","7812396020","799970","Tennis Instruction","NULL"," Email <---> Revenue ","33446","Babson College","231 Forest St","Wellesley","MA","02481","Norfolk","www.babsonbaseball.com","7812396020","7812395497","Brian Barefoot","President","Mal","58800000","700","799970","Tennis Instr","6","0","1"
"157307","New England Ice Cream","BruceG@newenglandicecream.com","555 Constitution Dr","7749612090","5088240500","514304","Ice Cream & Frozen Desserts-Distributors","NULL"," Email <---> Revenue ","222027","New England Ice Cream","555 Constitution Dr","Taunton","MA","02780","Bristol","www.newenglandicecream.com","5088240500","7749612090","Bruce Ginsberg","Owner","Mal","57600000","60","514304","Ice Cream & ","6","0","1"
"143591","MTI","Bryan@mtiinc.com","2 New Pasture Rd # 10","9784656637","9784656064","506524","Microwave Comm Equip & Systems (Whol)","NULL"," Email <---> Revenue ","193007","MTI","2 New Pasture Rd # 10","Newburyport","MA","01950","Essex","www.mti-milliren.com","9784656064","9784656637","Bryan Milliren","Owner","Mal","50500000","50","506524","Microwave Co","6","0","1"
"115682","Hyster New England","CharlesH@hysterneweng.com","PO Box 2002","9786703030","9786703000","508457","Trucks-Industrial (Wholesale)","NULL"," Email <---> Revenue ","153233","Hyster New England","159 Rangeway Rd","North Billerica","MA","01862","Middlesex","www.hysterneweng.com","9786703000","9786703030","Charles Haywood","CEO","Mal","54400000","100","508457","Trucks-Indus","6","0","1"
"107351","Progressive Gourmet","Collias@progressivegourmet.com","330 Ballardvale St","6173890697","9782536400","514102","Food Brokers","NULL"," Email <---> Revenue ","251822","Progressive Gourmet","330 Ballardvale St","Wilmington","MA","01887","Middlesex","www.progressivegourmet.com","9782536400","6173890697","Chris Collias","Owner","Mal","56850000","50","514102","Food Brokers","6","0","1"
"226370","Performance Polymers Inc","contactperformancepolymers@univarusa.com","803 Lancaster St # R","9785348590","9785348000","282101","Plastics-Raw Mtrls/Powder/Resin-Mfrs","www.performancepolymers.com"," Email <---> Revenue ","242022","Performance Polymers Inc","803 Lancaster St # R","Leominster","MA","01453","Worcester","www.performancepolymers.com","9785348000","9785348590","John Hulsey","President","Mal","58900000","40","282101","Plastics-Raw","6","0","1"
"127366","Insurance Auto Auctions","cservice@iaai.com","1424 Lunenburg Rd","7045967492","9789487362","501208","Automobile & Truck Brokers","www.iaai.com"," Email <---> Revenue ","1686","Insurance Auto Auctions","1424 Lunenburg Rd","Lancaster","MA","01523","Worcester","www.iaai.com","9789487362","9784666999","Dan Oleary","Manager","Mal","55500000","15","501208","Automobile &","6","0","1"
"226196","Teknor Apex Co","cservice@teknorapex.com","330 Oakhill Ave","3309484344","5082222700","286998","Industrial Organic Chemicals Nec (Mfrs)","www.teknorapex.com"," Email <---> Revenue ","302549","Teknor Apex Co","330 Oakhill Ave","Attleboro","MA","02703","Bristol","www.teknorapex.com","5082222700","5082222850","Tony Catalfomo","Plant Mgr","Mal","66780000","90","286998","Industrial O","6","0","1"
"230041","Schultz Lubricants Inc","custsvc@schultzlubricants.com","164 Shrewsbury St","5088354134","5088354446","517211","Lubricants (Wholesale)","www.schultzlubricants.com"," Email <---> Revenue ","275802","Schultz Lubricants Inc","164 Shrewsbury St","West Boylston","MA","01583","Worcester","www.schultzlubricants.com","5088354446","5088354134","Bud Schultz","Manager","Mal","83850000","25","517211","Lubricants (","6","0","1"
"98713","Home Care Supply/Medi-Rents","Dennis.Lydick@homecaresupply.com","103 4th Ave","6172474013","7819021800","504712","Hospital Equipment & Supplies (Whol)","NULL"," Email <---> Revenue ","150043","Home Care Supply/Medi-Rents","103 4th Ave","Waltham","MA","02451","Middlesex","www.homecaresupply.com","7819021800","6172474013","Dennis Lydick","Owner","Mal","89700000","150","504712","Hospital Equ","6","0","1"
"166001","Foxboro Federal Savings & Loan","dp@foxfed.com","PO Box 373","5086981802","5085435321","603501","Savings & Loan Associations","NULL"," Email <---> Revenue ","124640","Foxboro Federal Savings & Loan","1 Central St","Foxboro","MA","02035","Norfolk","www.foxfed.com","5085435321","5086981802","Dennis Parente","President","Mal","69023000","25","603501","Savings & Lo","6","0","1"
"61528","DSM Thermoplastics","DTony@dsm.com","31 Fuller St","9785341005","9785341010","282101","Plastics-Raw Mtrls/Powder/Resin-Mfrs","NULL"," Email <---> Revenue ","90036","DSM Thermoplastics","31 Fuller St","Leominster","MA","01453","Worcester","","9785341010","9785341005","Tony De Vrught","President","Mal","57300000","60","282101","Plastics-Raw","6","0","1"
"125900","Resin Technology Group Inc","eileen_conroy@loctite.com","28 Norfolk Ave","5082302318","5082308070","516912","Adhesives & Glues (Wholesale)","www.resintechnologygroup.com"," Email <---> Revenue ","261483","Resin Technology Group Inc","28 Norfolk Ave","South Easton","MA","02375","Bristol","www.resintechnologygroup.com","5082308070","5082302318","Tim Desmond","President","Mal","60060000","60","516912","Adhesives & ","6","0","1"
"197933","Cranston Print Works Co","fabricdonations@cranstonvillage.com","2 Worcester Rd","5089497113","5089430520","226101","Textile Finishing (Manufacturers)","www.cranstonvillage.com"," Email <---> Revenue ","84852","Cranston Print Works Co","2 Worcester Rd","Webster","MA","01570","Worcester","www.cranstonvillage.com","5089430520","5089497113","Andrew Sylvia","CEO","Mal","59475000","325","226101","Textile Fini","6","0","1"
"14287","Health Alliance","Fairfax@health-alliance.com","275 Nichols Rd","9784662200","9783435005","804925","Speech Pathologists","NULL"," Email <---> Revenue ","145309","Health Alliance","275 Nichols Rd","Fitchburg","MA","01420","Worcester","","9783435005","9784662200","Douglas Fairfax","CEO","Mal","65600000","800","804925","Speech Patho","6","0","1"
"146603","Stavis Seafood","fish@stavis.com","212 Northern Ave","6174821340","6174826349","514601","Seafood-Wholesale","www.stavis.com"," Email <---> Revenue ","290828","Stavis Seafood","212 Northern Ave","Boston","MA","02210","Suffolk","www.stavis.com","6174826349","6174821340","Richard Stavis","Owner","Mal","75900000","150","514601","Seafood-Whol","6","0","1"
"166607","Occupational Health & Rehab","GarbarinoJ@ohplus.com","175 Derby St # 36","7817415499","7817415175","804910","Occupational Health & Safety Services","NULL"," Email <---> Revenue ","230226","Occupational Health & Rehab","175 Derby St # 36","Hingham","MA","02043","Plymouth","www.ohplus.com","7817415175","7817415499","John C Garbarino","CEO","Mal","57088000","530","804910","Occupational","6","0","1"
"189009","GE Co","gina.derossi@mastopr.com","3960 Mystic Valley Pkwy","3036350510","7813969600","506333","Electric Motors-Dlrs/Repairing (Whol)","www.gepower.com"," Email <---> Revenue ","128490","GE Co","3960 Mystic Valley Pkwy","Medford","MA","02155","Middlesex","www.gepower.com","7813969600","7813935291","Tom Gaudet","Plant Mgr","Mal","82250000","125","506333","Electric Mot","6","0","1"
"215859","Aspect Medical Systems Inc","gpamitrou@aspectms.com","141 Needham St","6175597400","6175597000","384104","Physicians & Surgeons Equip & Supls-Mfrs","NULL"," Email <---> Revenue ","28143","Aspect Medical Systems Inc","141 Needham St","Newton","MA","02464","Middlesex","www.aspectms.com","6175597000","6175597400","Nassib G Chamoun","CEO","Mal","55564000","208","384104","Physicians &","6","0","1"
"220593","Aslanis Seafoods","Gus@aslanis.com","10 Granite St # M","6174790430","6174790500","514601","Seafood-Wholesale","NULL"," Email <---> Revenue ","28121","Aslanis Seafoods","10 Granite St # M","Quincy","MA","02169","Norfolk","www.aslanis.com","6174790500","6174790430","Gus Aslanis","President","Mal","70000000","60","514601","Seafood-Whol","6","0","1"
"174719","Houghton Chemical Corp","h.kincade@houghtonchemical.com","PO Box 307","6172542713","6172541010","286998","Industrial Organic Chemicals Nec (Mfrs)","NULL"," Email <---> Revenue ","151504","Houghton Chemical Corp","52 Cambridge St","Allston","MA","02134","Suffolk","www.houghtonchemical.com","6172541010","6172542713","Bruce E Houghton","CEO","Mal","51940000","70","286998","Industrial O","6","0","1"
"76132","Draeger Medical","henning.lohsa@hill-rom.com","16 Electronics Ave","9787773398","9789077500","384104","Physicians & Surgeons Equip & Supls-Mfrs","NULL"," Email <---> Revenue ","101947","Draeger Medical","16 Electronics Ave","Danvers","MA","01923","Essex","","9789077500","9787773398","Bill Isenberg","CEO","Mal","96026000","361","384104","Physicians &","6","0","1"
"111461","James A Kiley Co","jack@jakiley.com","15 Linwood St","6177766261","6177760344","501213","Truck Bodies & Equipment (Wholesale)","NULL"," Email <---> Revenue ","162592","James A Kiley Co","15 Linwood St","Somerville","MA","02143","Middlesex","www.jakiley.com","6177760344","6177766261","John Kiley","President","Mal","92500000","25","501213","Truck Bodies","6","0","1"
"214024","Freudenberg Nonwovens","James@freudenbergnonwovensgroup.com","221 Jackson St","9784546132","9784540461","229701","Nonwoven Fabrics (Manufacturers)","NULL"," Email <---> Revenue ","126713","Freudenberg Nonwovens","221 Jackson St","Lowell","MA","01852","Middlesex","","9784540461","9784546132","James Frasch","President","Mal","57600000","200","229701","Nonwoven Fab","6","0","1"
"70957","Special Occasions-Saugus Shoe","jerry.brenner@saugusshoe.com","31 Osprey Rd","7812334999","7812312865","513902","Shoes-Wholesale","NULL"," Email <---> Revenue ","286407","Special Occasions-Saugus Shoe","31 Osprey Rd","Saugus","MA","01906","Essex","www.saugusshoe.com","7812312865","7812334999","Jerry Brenner","Owner","Mal","60480000","45","513902","Shoes-Wholes","6","0","1"
"212569","ITW Foilmark Inc","jessica_hogg@foilmark.com","5 Malcolm Hoyt Dr","9784620831","9784627300","399956","Stamping-Cold","Gold"," Email <---> Revenue ","153795","ITW Foilmark Inc","5 Malcolm Hoyt Dr","Newburyport","MA","01950","Essex","","9784627300","9784620831","Joe Olsen","CEO","Mal","66736000","435","399956","Stamping-Col","6","0","1"
"149457","Slade Gorton & Co","jim.stauffer@sladegorton.com","225 Southampton St","6174429090","6174425800","514601","Seafood-Wholesale","NULL"," Email <---> Revenue ","282569","Slade Gorton & Co","225 Southampton St","Boston","MA","02118","Suffolk","www.sladegorton.net","6174425800","6174429090","Michael Gorton Sr","CEO","Mal","62700000","100","514601","Seafood-Whol","6","0","1"
"67584","Office Environment-New England","jmitton@oene.com","280 Summer St # 10","6174394131","6174394900","502112","Office Furniture & Equip-Dealers (Whol)","NULL"," Email <---> Revenue ","230694","Office Environment-New England","280 Summer St # 10","Boston","MA","02210","Suffolk","www.oene.com","6174394900","6174394131","Robert Kelly","Owner","Mal","85650000","150","502112","Office Furni","6","0","1"
"13094","COD","Joseph@codcompany.com","120 Banks St","6178460894","7812842157","517206","Oils-Fuel (Wholesale)","NULL"," Email <---> Revenue ","57756","COD","120 Banks St","Winthrop","MA","02152","Suffolk","","7812842157","6178460894","Joseph Podoto","Owner","Mal","50310000","15","517206","Oils-Fuel (W","6","0","1"
"133593","Safeway Transportation","K-Lewis@safeway.com","9 Mear Rd","7819864477","7819860400","501213","Truck Bodies & Equipment (Wholesale)","NULL"," Email <---> Revenue ","272074","Safeway Transportation","9 Mear Rd","Holbrook","MA","02343","Norfolk","","7819860400","7819864477","Kenneth Lewis","Owner","Mal","74000000","20","501213","Truck Bodies","6","0","1"
"3977","Danaher Motion","Kenneth@thomsonind.com","110 Fordham Rd","9789889940","9789889800","506332","Electric Motors-Controls-Wholesale","NULL"," Email <---> Revenue ","90911","Danaher Motion","110 Fordham Rd","Wilmington","MA","01887","Middlesex","","9789889800","9789889940","Kenneth Owens","President","Mal","85540000","130","506332","Electric Mot","6","0","1"
"97328","Munro Distributing Co","kevin@munro.com","115 N 7th St","NULL","5086798106","506319","Lighting Fixtures-Wholesale","NULL"," Email <---> Revenue ","215660","Munro Distributing Co","115 N 7th St","Fall River","MA","02720","Bristol","www.munro.com","5086798106","","Scott Munro","Owner","Mal","65800000","100","506319","Lighting Fix","6","0","1"
"186193","Macomber Builders","kl@gbhmacomber.com","1 Design Center Pl # 600","6174782123","6174786200","871208","Construction Estimates","NULL"," Email <---> Revenue ","193594","Macomber BUILDERS","1 Design Center Pl # 600","Boston","MA","02210","Suffolk","www.macbm.com","6174786200","6174782123","Gordon Knapp","CEO","Mal","81000000","130","871208","Construction","6","0","1"
"122219","Eastern Acoustic Works Inc","kyle.ritland@eaw.com","1 Main St","5082348251","5082346158","365103","Sound Systems & Equipment-Manufacturers","www.eaw.com"," Email <---> Revenue ","106561","Eastern Acoustic Works Inc","1 Main St","Whitinsville","MA","01588","Worcester","www.eaw.com","5082346158","5082348251","Jeffrey Rocha","Manager","Mal","69400000","200","365103","Sound System","6","0","1"
"24841","Shattuck Oil","L.Berube@shattuckoil.com","PO Box 273","9784339690","9784336701","517206","Oils-Fuel (Wholesale)","NULL"," Email <---> Revenue ","279220","Shattuck Oil","16 Groton St","Pepperell","MA","01463","Middlesex","www.shattuckoil.com","9784336701","9784339690","Lou Berube","Owner","Mal","50310000","15","517206","Oils-Fuel (W","6","0","1"
"40781","Simonds Industries Inc","laurie.knapp@sawbits.com","PO Box 500","9784242212","9783433731","342302","Tools-Manufacturers","NULL"," Email <---> Revenue ","281723","Simonds Industries Inc","135 Intervale Rd","Fitchburg","MA","01420","Worcester","www.simondsindustries.com","9783433731","9784242212","Ray Martino","President","Mal","95200000","400","342302","Tools-Manufa","6","0","1"
"176099","Best Oil","LeonardB@bestoilcompany.com","PO Box 581","NULL","4137316853","517206","Oils-Fuel (Wholesale)","NULL"," Email <---> Revenue ","41464","Best Oil","PO Box 581","Westfield","MA","01086","Hampden","","4137316853","","Leonard Bruso Jr","Owner","Mal","50310000","15","517206","Oils-Fuel (W","6","0","1"
"227900","WGI Inc","lfilios@worldgamesinc.com","PO Box 1130","4135699449","4135699444","372498","Aircraft Engines & Engine Parts-Mfrs","NULL"," Email <---> Revenue ","320826","WGI Inc","34 Hudson Dr","Southwick","MA","01077","Hampden","www.wgi.us","4135699444","4135699449","Fred Filios","Owner","Mal","53550000","150","372498","Aircraft Eng","6","0","1"
"7957","City Stamp Works Inc","marks@cswgraphics.com","45 Tyburski Rd","4135891319","4135891311","508441","Printing Plates (Wholesale)","NULL"," Email <---> Revenue ","73819","City Stamp Works Inc","45 Tyburski Rd","Ludlow","MA","01056","Hampden","www.cswgraphics.com","4135891311","4135891319","Laura Wright","Owner","Fem","54400000","100","508441","Printing Pla","6","0","1"
"152570","Capstan Atlantic","mexico@ecapstan.com","10 Cushing Dr","5083843196","5083843100","289903","Metal-Powder-Fabricators","www.capstan.cc"," Email <---> Revenue ","62183","Capstan Atlantic","10 Cushing Dr","Wrentham","MA","02093","Norfolk","www.capstan.cc","5083843100","5083843196","Chris Doughty","Manager","Mal","67710000","185","289903","Metal-Powder","6","0","1"
"176502","ARC Technologies Inc","mstevens@arc-tech.com","11 Chestnut St","9783886866","9783882993","506524","Microwave Comm Equip & Systems (Whol)","www.arc-tech.com"," Email <---> Revenue ","9379","ARC Technologies Inc","11 Chestnut St","Amesbury","MA","01913","Essex","www.arc-tech.com","9783882993","9783886866","Daniel Healey Iii","President","Mal","60600000","60","506524","Microwave Co","6","0","1"
"86530","O'Connell Oil Assoc Inc","m_harford@oconnelloil.com","545 Merrill Rd","4134996072","4134996072","517206","Oils-Fuel (Wholesale)","www.oconnelloil.com"," Email <---> Revenue ","229486","O'Connell Oil Assoc Inc","545 Merrill Rd","Pittsfield","MA","01201","Berkshire","www.oconnelloil.com","4134994800","4134996072","Michael Sobon","Owner","Mal","55000000","50","517206","Oils-Fuel (W","6","0","1"
"218952","ABT Associates Inc","newsroom@abtassociates.com","55 Wheeler St","3019139061","6174927100","873204","Market Research & Analysis","www.abtassociates.com"," Email <---> Revenue ","8696","ABT Associates Inc","55 Wheeler St","Cambridge","MA","02138","Middlesex","www.abtassociates.com","6174927100","6174925219","Wendell J Knox","CEO","Mal","86100000","500","873204","Market Resea","6","0","1"
"71743","Moroney Body Works Inc","norman.quinton@moroneybookmobiles.com","20 Eskow Rd","5087979388","5087922878","501213","Truck Bodies & Equipment (Wholesale)","NULL"," Email <---> Revenue ","213823","Moroney Body Works Inc","20 Eskow Rd","Worcester","MA","01604","Worcester","www.moroneybody.com","5087922878","5087979388","Norman Quinton Jr","President","Mal","81400000","22","501213","Truck Bodies","6","0","1"
"43557","North Coast Seafoods","Norman@redwood-country.com","5 Drydock Ave","6173454415","6173454400","514601","Seafood-Wholesale","NULL"," Email <---> Revenue ","226300","North Coast Seafoods","5 Drydock Ave","Boston","MA","02210","Suffolk","","6173454400","6173454415","Norman Stavies","Owner","Mal","50000000","200","514601","Seafood-Whol","6","0","1"
"110399","Arichell Technologies","Parsons@arichell.com","55 Border St","6177969005","6177969001","506328","Controls Control Systs/Regulators (Whol)","NULL"," Email <---> Revenue ","26148","Arichell Technologies","55 Border St","West Newton","MA","02465","Middlesex","","6177969001","6177969005","Natan Parsons","Owner","Mal","65800000","100","506328","Controls Con","6","0","1"
"249407","Saint-Gobain Containers","rdsec@saint-gobain.com","1 National St","7078634025","5084782500","322198","Glass Containers (Manufacturers)","www.saint-gobain.com"," Email <---> Revenue ","272332","Saint-Gobain Containers","1 National St","Milford","MA","01757","Worcester","www.saint-gobain.com","5084782500","5086347209","Brian Jaggernauth","Plant Mgr","Mal","64242000","249","322198","Glass Contai","6","0","1"
"218742","Ocean Fresh Seafood Inc","retail@oceanfresh.com","473 E Washington St","5086996970","5086957087","514601","Seafood-Wholesale","www.oceanfresh.com"," Email <---> Revenue ","230298","Ocean Fresh Seafood Inc","473 E Washington St","North Attleboro","MA","02760","Bristol","www.oceanfresh.com","5086957087","5086996970","Robert Coutu","President","Mal","50000000","100","514601","Seafood-Whol","6","0","1"
"248872","Wb56","sratner@tribune.com","75 William T Morrissey Blvd","6172652538","6172655656","483301","Television Stations & Broadcasting CO","www.wb56.com"," Email <---> Revenue ","323952","Wb56","75 William T Morrissey Blvd","Dorchester","MA","02125","Suffolk","www.wb56.com","6172655656","6172652538","Vincent Manzi","Manager","Mal","63200000","200","483301","Television S","6","0","1"
"169449","Ludlow Coated Products","TE@kendall-ltp.com","2 Ludlow Park Dr","4135936114","4135936400","267998","Converted Paper/Paperbrd Prod Nec (Mfrs)","NULL"," Email <---> Revenue ","190306","Ludlow Coated Products","2 Ludlow Park Dr","Chicopee","MA","01022","Hampden","www.kendall-ltp.com","4135936400","4135936114","Elise Tordella","CEO","Fem","51450000","600","267998","Converted Pa","6","0","1"
"141086","Merrimac Paper","trademarkfreezone@networksolutions.com","9 S Canal St","6022547341","9786832754","262101","Paper-Manufacturers","www.pcparlor.com"," Email <---> Revenue ","2382","Merrimac Paper","9 S Canal St","Lawrence","MA","01843","Essex","www.merrimacpaper.com","9786832754","9789752708","Don Plummer","President","Mal","56000000","105","262101","Paper-Manufa","6","0","1"
"166347","Idenix Pharmaceuticals Inc","treynolds@idenix.com","60 Hampshire St","6179959801","6179959800","512203","Pharmaceutical Products-Wholesale","NULL"," Email <---> Revenue ","154102","Idenix Pharmaceuticals Inc","60 Hampshire St","Cambridge","MA","02139","Middlesex","","6179959800","6179959801","Jean-Pierre Sommadossi","CEO","Mal","95389000","125","512203","Pharmaceutic","6","0","1"
"112679","Harvard Bioscience Inc","vverbiski@harvardbioscience.com","84 October Hill Rd","5084295732","5088938999","323112","Scientific Apparatus & Instruments-Mfrs","NULL"," Email <---> Revenue ","143960","Harvard Bioscience Inc","84 October Hill Rd","Holliston","MA","01746","Middlesex","www.harvardbioscience.net","5088938999","5084295732","Chane Graziano","CEO","Mal","92597000","432","323112","Scientific A","6","0","1"
"249610","Needham Oil & Air","Woodcock@needhamoil.com","PO Box 920352","7814443608","7814443600","517206","Oils-Fuel (Wholesale)","NULL"," Email <---> Revenue ","219906","Needham Oil & Air","355 Chestnut St","Needham","MA","02492","Norfolk","www.needhamoil.com","7814443600","7814443608","William Woodcock","Owner","Mal","77142000","23","517206","Oils-Fuel (W","6","0","1"
"251158","Eastern Bearings Inc","wor01@ebearings.com","158 Lexington St","7818932923","7818993554","508525","Bearings (Wholesale)","www.ebearings.com"," Email <---> Revenue ","106651","Eastern Bearings Inc","158 Lexington St","Waltham","MA","02452","Middlesex","www.ebearings.com","7818993554","7818932923","Richard Gorsey","President","Mal","51300000","90","508525","Bearings (Wh","6","0","1"
