mail id,company,email,address,phone,fax,sic,sic description,web,,revenue id,company,address,city,state,zip,	metro,web,phone,fax,contact,position,gender,sales,# of employee,sic,sic_descrpiton,	,,
"198780","Upromise","AndersonT@uponor.com","117 Kendrick St # 200","7817078401","7817078400","874214","Marketing Consultants","NULL"," Email <---> Revenue ","315348","Upromise","117 Kendrick St # 200","Needham Heights","MA","02494","Norfolk","www.upromise.com","7817078400","7817078401","Thomas Anderson","CEO","Mal","34000000","200","874214","Marketing Co","5","0","1"
"117996","Sea Star Seafood Corp","anthony_woodward@mail.seastar.com","128 Bartlett St","5084297662","5084296860","514601","Seafood-Wholesale","NULL"," Email <---> Revenue ","276635","Sea Star Seafood Corp","128 Bartlett St","Marlborough","MA","01752","Middlesex","www.seastar.cc","5084296860","5084297662","James R Faro","Owner","Mal","25080000","40","514601","Seafood-Whol","5","0","1"
"233808","Surveillance Specialties","Arthur-Bourque@eyespy4u.com","600 Research Dr","9786889119","9786884444","506515","Television Systs/Eqpt-Clsd Crct (Whol)","NULL"," Email <---> Revenue ","297430","Surveillance Specialties","600 Research Dr","Wilmington","MA","01887","Middlesex","www.eyespy4u.com","9786884444","9786889119","Arthur Bourque","Owner","Mal","32320000","32","506515","Television S","5","0","1"
"185772","Alcoa Fastening Systems","A_R@marsoncorp.com","44 Campanelli Pkwy","NULL","7813444464","345298","Bolts Nuts Screws Rivets/Washers (Mfrs)","NULL"," Email <---> Revenue ","16097","Alcoa Fastening Systems","44 Campanelli Pkwy","Stoughton","MA","02072","Norfolk","www.marsoncorp.com","7813444464","","Alan Ritchie","CEO","Mal","30000000","150","345298","Bolts Nuts S","5","0","1"
"181346","Giant RV World","BBarboza@giantrvworld.com","1110 New State Hwy","5088241313","5088243338","556103","Recreational Vehicles","NULL"," Email <---> Revenue ","132620","Giant RV World","1110 New State Hwy","Raynham","MA","02767","Bristol","www.giantrvworld.com","5088243338","5088241313","Bob Barboza","Owner","Mal","33450000","75","556103","Recreational","5","0","1"
"247939","Boyd Converting Co","bbboyd@boydconverting.com","501 Pleasant St","4132434460","4132432200","261101","Paper Converters (Manufacturers)","www.boydconverting.com"," Email <---> Revenue ","49417","Boyd Converting Co","501 Pleasant St","South Lee","MA","01260","Berkshire","www.boydconverting.com","4132432200","4132434460","Bronly S Boyd","President","Mal","41440000","80","261101","Paper Conver","5","0","1"
"155190","Heilind Electronics Inc","bclapp@heilind.com","58 Jonspin Rd","9786577905","9786574871","506519","Electronic Equipment & Supplies-Whol","NULL"," Email <---> Revenue ","146105","Heilind Electronics Inc","58 Jonspin Rd","Wilmington","MA","01887","Middlesex","","9786574871","9786577905","Bob Clapp","Owner","Mal","40000000","134","506519","Electronic E","5","0","1"
"206098","Delta Dental Plan","bhunter@deltamass.com","465 Medford St","6178861199","6178861000","809903","Dentists Service Organizations","NULL"," Email <---> Revenue ","95460","Delta Dental Plan","465 Medford St","Charlestown","MA","02129","Suffolk","www.deltamass.com","6178861000","6178861199","Fay Donahue","CEO","Fem","40544000","362","809903","Dentists Ser","5","2","1"
"208289","Hotwatt Inc","bob@buschelectronics.com","128 Maple St","9787742409","9787770070","367901","Electronic Equipment & Supplies-Mfrs","www.hotwatt.com"," Email <---> Revenue ","151493","Hotwatt Inc","128 Maple St","Danvers","MA","01923","Essex","www.hotwatt.com","9787770070","9787742409","William Lee","CEO","Mal","44800000","200","367901","Electronic E","5","0","1"
"154044","Butler-Dearden Paper Svc","Butler_George@bdpaper.com","80 Shrewsbury St","5088690211","5088699000","511101","Paper Products (Wholesale)","NULL"," Email <---> Revenue ","55635","Butler-Dearden Paper Svc","80 Shrewsbury St","Boylston","MA","01505","Worcester","www.bdpaper.com","5088699000","5088690211","George Butler","Owner","Mal","40797000","27","511101","Paper Produc","5","0","1"
"256459","PHC Inc","bweeks@pioneercounseling.com","200 Lake St # 102","9785362677","9785362777","839902","Alcoholism Information & Treatment Ctrs","www.phc-inc.com"," Email <---> Revenue ","235151","PHC Inc","200 Lake St # 102","Peabody","MA","01960","Essex","www.phc-inc.com","9785362777","9785362677","Bruce A Shear","CEO","Mal","26649000","404","839902","Alcoholism I","5","0","1"
"255450","Bertera Automobile & Truck","B_Aldo@berteralincolnmercury.com","499 Riverdale St","4137395380","4137327199","551103","Automobile Dealers-Used Cars","NULL"," Email <---> Revenue ","41158","Bertera Automobile & Truck","499 Riverdale St","West Springfield","MA","01089","Hampden","www.berteralincolnmercury.com","4137327199","4137395380","Aldo Bertera","Owner","Mal","25880000","40","551103","Automobile D","5","1","1"
"85883","Esleeck Manufacturing Co","charlie.blanker@esleeck.com","PO Box 717","4138633196","4138634326","262101","Paper-Manufacturers","NULL"," Email <---> Revenue ","113199","Esleeck Manufacturing Co","36 Canal St","Turners Falls","MA","01376","Franklin","www.esleeck.com","4138634326","4138633196","Charles H Blanker","President","Mal","43100000","100","262101","Paper-Manufa","5","0","1"
"200280","Classic Elite Yarns","Chew@classicelite.com","122 Western Ave","9784523085","9784532837","519940","Yarn-Wholesale","NULL"," Email <---> Revenue ","74462","Classic Elite Yarns","122 Western Ave","Lowell","MA","01851","Middlesex","www.classicelite.com","9784532837","9784523085","Pat Chew","Owner","Fem","28720000","40","519940","Yarn-Wholesa","5","0","1"
"194619","North American Site Developers","Chris.Berardi@gldd.com","PO Box 326","6172543069","6172543140","179502","Demolition Contractors","NULL"," Email <---> Revenue ","226062","North American Site Developers","218 Lincoln St","Allston","MA","02134","Suffolk","","6172543140","6172543069","Chris Berardi","President","Mal","40000000","0","179502","Demolition C","5","0","1"
"246278","Cavicchio Greenhouses Inc","claudia@cavicchio.com","110 Codjer Ln","9784435440","9784437177","519304","Florists-Wholesale","www.cavicchio.com"," Email <---> Revenue ","65546","Cavicchio Greenhouses Inc","110 Codjer Ln","Sudbury","MA","01776","Middlesex","www.cavicchio.com","9784437177","9784435440","Paul Cavicchio","Owner","Mal","43800000","200","519304","Florists-Who","5","0","1"
"248623","Nichols & Stone Co","college@nicholsandstone.com","232 Sherman St","9786322623","9786322770","259901","Furniture-Manufacturers","www.nicholsandstone.com"," Email <---> Revenue ","224541","Nichols & Stone Co","232 Sherman St","Gardner","MA","01440","Worcester","www.nicholsandstone.com","9786322770","9786322623","Carlton Nichols Jr","President","Mal","41800000","275","259901","Furniture-Ma","5","0","1"
"61499","New England Biolabs","CombD@neb.com","240 County Rd","9789211350","9789275054","384104","Physicians & Surgeons Equip & Supls-Mfrs","NULL"," Email <---> Revenue ","221432","New England Biolabs","240 County Rd","Ipswich","MA","01938","Essex","www.neb.com","9789275054","9789211350","Donald Comb","President","Mal","49280000","220","384104","Physicians &","5","0","1"
"172039","Brox Industries Inc","construction@broxindustries.com","1471 Methuen St","6035988835","9784549105","328198","Cut Stone & Stone Products (Mfrs)","www.broxindustries.com"," Email <---> Revenue ","53365","Brox Industries Inc","1471 Methuen St","Dracut","MA","01826","Middlesex","www.broxindustries.com","9784549105","9788059720","Stephen Brox","President","Mal","42000000","150","328198","Cut Stone & ","5","0","1"
"205975","American International Chmcl","cp@aicma.com","17 Strathmore Rd","5086550927","5086511133","509905","Importers","www.aicma.com"," Email <---> Revenue ","20518","American International Chmcl","17 Strathmore Rd","Natick","MA","01760","Middlesex","www.aicma.com","5086511133","5086550927","","","","33040000","35","509905","Importers","5","0","1"
"79188","Dennis East Intl","Dale.Endris@denniseast.com","17 Shad Hole Rd","5084321998","5087604545","509905","Importers","NULL"," Email <---> Revenue ","95908","Dennis East Intl","17 Shad Hole Rd","Dennis Port","MA","02639","Barnstable","www.denniseast.com","5087604545","5084321998","Dale Endris","Owner","Mal","28320000","30","509905","Importers","5","0","1"
"158303","Globe Specialty Products","david.dickerson@glo-brite.com","27 Otis St","5088711999","5088711900","274109","Shoppers'' News Publications","NULL"," Email <---> Revenue ","134122","Globe Specialty Products","27 Otis St","Westborough","MA","01581","Worcester","","5088711900","5088711999","David Dickerson","President","Mal","27400000","100","274109","Shoppers' Ne","5","0","1"
"143301","Industrial Communications","David@induscom.com","40 Lone St","7818374000","7818377000","366398","Radio/Tv Broadcasting/Comm Equip (Mfrs)","NULL"," Email <---> Revenue ","155369","Industrial Communications","40 Lone St","Marshfield","MA","02050","Plymouth","www.induscom.com","7818377000","7818374000","David Fenton","President","Mal","26080000","80","366398","Radio/Tv Bro","5","0","1"
"138669","Biga Breads","DeanaMartin@bigabreads.com","50 Terminal St","6172428884","6172421001","514902","Bakers-Wholesale","NULL"," Email <---> Revenue ","42681","Biga Breads","50 Terminal St","Charlestown","MA","02129","Suffolk","www.bigabreads.com","6172421001","6172428884","Deana Martin","Owner","Fem","42200000","50","514902","Bakers-Whole","5","0","1"
"25715","United Liquors","DickK@unitedliquorscorp.com","PO Box 187","9786641446","9786641699","518101","Beer & Ale-Wholesale","NULL"," Email <---> Revenue ","314568","United Liquors","84 Concord St","North Reading","MA","01864","Middlesex","www.unitedliquors.com","9786641699","9786641446","Dick Kellett","Owner","Mal","47400000","100","518101","Beer & Ale-W","5","0","1"
"136820","Wholesale Auto","Domingos_Pereira@wholesaleautoco.com","415 Hyde Park Ave","NULL","6173258800","501205","Automobile Dealers-Used Cars-Wholesale","NULL"," Email <---> Revenue ","327926","Wholesale Auto","415 Hyde Park Ave","Roslindale","MA","02131","Suffolk","","6173258800","","Domingos Pereira","Owner","Mal","25900000","7","501205","Automobile D","5","0","1"
"150606","Lexington Alarm Systems","Don@lexingtonalarmsystems.com","9 Alfred Cir","7812753141","7812754200","506324","Burglar Alarm Systems (Wholesale)","NULL"," Email <---> Revenue ","185132","Lexington Alarm Systems","9 Alfred Cir","Bedford","MA","01730","Middlesex","www.lexingtonalarmsystems.com","7812754200","7812753141","Don Martini","Owner","Mal","26320000","40","506324","Burglar Alar","5","0","1"
"208266","Bunzl Distribution Inc","donna.robinson@bunzlusa.com","180 Shrewsbury St","9548859488","5088356021","308902","Plastics & Plastic Products (Mfrs)","www.bunzldistribution.com"," Email <---> Revenue ","54644","Bunzl Distribution Inc","180 Shrewsbury St","West Boylston","MA","01583","Worcester","www.bunzldistribution.com","5088356021","5088352420","Jim Coway","Plant Mgr","Mal","30340000","185","308902","Plastics & P","5","0","1"
"205473","D T Packaging Systems","D_Fischer@dtindustries.com","7 New Lancaster Rd","9788400730","9785378534","356502","Packaging Machinery-Manufacturers","NULL"," Email <---> Revenue ","89311","D T Packaging Systems","7 New Lancaster Rd","Leominster","MA","01453","Worcester","www.dtindustries.com","9785378534","9788400730","Dave Fischer","President","Mal","27537000","137","356502","Packaging Ma","5","0","1"
"150666","Cains Foods LP","D_K@cainsfoods.com","PO Box 347","9787729254","9787720300","203598","Pickled Fruits/Vegs & Dressings (Mfrs)","NULL"," Email <---> Revenue ","58876","Cains Foods LP","114 E Main St","Ayer","MA","01432","Middlesex","www.cainsfoods.com","9787720300","9787729254","Denis Keaveny","CEO","Mal","35680000","80","203598","Pickled Frui","5","0","1"
"68440","Wrobel Engineering Co","edward.wrobel@wrobeleng.com","154 Bodwell St","5085868466","5085868338","344403","Sheet Metal Fabricators","NULL"," Email <---> Revenue ","332835","Wrobel Engineering Co","154 Bodwell St","Avon","MA","02322","Norfolk","","5085868338","5085868466","Elizabeth Wrobel","President","Fem","32000000","200","344403","Sheet Metal ","5","0","1"
"26221","Brainin Advance Industries","estelle.golick@brainin.com","48 Frank Mossberg Dr","5082268703","5082260050","346904","Metal Stamping (Manufacturers)","NULL"," Email <---> Revenue ","49870","Brainin Advance Industries","48 Frank Mossberg Dr","Attleboro","MA","02703","Bristol","www.brainin.com","5082260050","5082268703","Alan Huffenus","President","Mal","32000000","154","346904","Metal Stampi","5","0","1"
"81725","Boston Warehouse Co","eyavner@bwtc.com","59 Davis Ave","7817699468","7817698550","502314","Housewares-Wholesale","NULL"," Email <---> Revenue ","48692","Boston Warehouse Co","59 Davis Ave","Norwood","MA","02062","Norfolk","www.bwtc.com","7817698550","7817699468","Peter Jenkins","Owner","Mal","33420000","60","502314","Housewares-W","5","0","1"
"220229","Metal Bellows Div","FPeter@metalbellows.com","1075 Providence Hwy","7817841405","7817841400","382103","Laboratory Furniture (Manufacturers)","NULL"," Email <---> Revenue ","206936","Metal Bellows Div","1075 Providence Hwy","Sharon","MA","02067","Norfolk","www.metalbellows.com","7817841400","7817841405","Peter Fontecchio","President","Mal","37170000","210","382103","Laboratory F","5","0","1"
"220008","Gillette Stadium","fredkirsch@patriots.com","1 Patriot Pl","5085431409","5085430350","794104","Stadiums Arenas & Athletic Fields","www.patriots.com"," Email <---> Revenue ","133025","Gillette Stadium","1 Patriot Pl","Foxboro","MA","02035","Norfolk","www.patriots.com","5085430350","5085431409","Robert Kraft","Owner","Mal","25900000","100","794104","Stadiums Are","5","0","1"
"199441","Hardigg Industries Inc","gail@hardiggeurope.com","PO Box 201","4136654801","4136652163","308901","Mold Makers","NULL"," Email <---> Revenue ","143141","Hardigg Industries Inc","147 N Main St","South Deerfield","MA","01373","Franklin","www.hardiggeurope.com","4136652163","4136654801","James S Hardigg","CEO","Mal","38000000","267","308901","Plastics-Mol","5","0","1"
"239842","Praxair Inc","gary_gillum@praxair.com","1685 Shawsheen St","6613273669","9788513506","517205","Gas-Indstrl/Med-Cylinder & Bulk (Whol)","www.praxair.com"," Email <---> Revenue ","249303","Praxair Inc","1685 Shawsheen St","Tewksbury","MA","01876","Middlesex","www.praxair.com","9788513506","9788580797","Dave Hoffman","Manager","Mal","30186000","9","517205","Gas-Indstrl/","5","0","1"
"95071","All States Asphalt Inc","hank1@javanet.com","325 Amherst Rd","4136657171","4136657021","161106","Asphalt & Asphalt Products","www.allstatesasphalt.com"," Email <---> Revenue ","17532","All States Asphalt Inc","325 Amherst Rd","Sunderland","MA","01375","Franklin","www.allstatesasphalt.com","4136657021","4136657171","Dave Hankowski","President","Mal","30550000","130","161106","Asphalt & As","5","0","1"
"114546","Winthrop Printing","J.Orrall@winprint.com","235 Old Colony Ave","6172686735","6172689660","275202","Printers","NULL"," Email <---> Revenue ","330685","Winthrop Printing","235 Old Colony Ave","South Boston","MA","02127","Suffolk","www.winthropprintingco.com","6172689660","6172686735","John Orrall","President","Mal","26000000","230","275202","Printers","5","0","1"
"98016","Abiomed Inc","j.thero@abiomed.com","22 Cherry Hill Dr","9787778411","9787775410","384598","Electromedical/Therapeutic Apprts (Mfrs)","NULL"," Email <---> Revenue ","10167","Abiomed Inc","22 Cherry Hill Dr","Danvers","MA","01923","Essex","www.abiomed.org","9787775410","9787778411","Michael R Minogue","CEO","Mal","38216000","239","384598","Electromedic","5","0","1"
"127765","Universal","JaimeF@universalcorp.com","34 Broadway St","7812950051","7812950046","179977","Contractors","NULL"," Email <---> Revenue ","315027","Universal","34 Broadway St","Wakefield","MA","01880","Middlesex","","7812950046","7812950051","Jaime Ford","Owner","Mal","37200000","300","179977","Contractors","5","0","1"
"184511","Modern Dispersions","JanosK@moderndispersions.com","22 Marguerite Ave","9785376065","9785343370","282103","Plastics-Manufacturers","NULL"," Email <---> Revenue ","212278","Modern Dispersions","22 Marguerite Ave","Leominster","MA","01453","Worcester","www.moderndispersions.com","9785343370","9785376065","Janos Kozma","Owner","Mal","26600000","65","282103","Plastics-Man","5","0","1"
"170901","Kamco Supply Corp Of Boston","Jim@kamcoboston.com","181 New Boston St","7819351696","7819380909","521125","Ceiling Materials","NULL"," Email <---> Revenue ","172741","Kamco Supply Corp Of Boston","181 New Boston St","Woburn","MA","01801","Middlesex","www.kamcoboston.com","7819380909","7819351696","Jim Scaia","Owner","Mal","30000000","100","521125","Ceiling Mate","5","0","1"
"84756","Hebert Candies Inc","jjohnson@hebertcandies.com","575 Hartford Tpke","5083475028","5088458051","206401","Candy & Confectionery-Manufacturers","www.hebertcandies.com"," Email <---> Revenue ","145977","Hebert Candies Inc","575 Hartford Tpke","Shrewsbury","MA","01545","Worcester","www.hebertcandies.com","5088458051","5088423065","Pete Perkins","President","Mal","26180000","85","206401","Candy & Conf","5","0","1"
"171580","Bayer Diagnostics","joe.erickson@bayer.com","115 Norwood Park S","7815517779","7815517700","384104","Physicians & Surgeons Equip & Supls-Mfrs","NULL"," Email <---> Revenue ","37240","Bayer Diagnostics","115 Norwood Park S","Norwood","MA","02062","Norfolk","","7815517700","7815517779","Ken Conway","President","Mal","33600000","150","384104","Physicians &","5","0","1"
"226561","Autoroll Print Technology","joe_shairs@autoroll.com","11 River St","9787777940","9787772160","355502","Printing Equipment-Manufacturers","www.autoroll.net"," Email <---> Revenue ","31203","Autoroll Print Technology","11 River St","Middleton","MA","01949","Essex","www.autoroll.net","9787772160","9787777940","Donna Cannatelli","Owner","Fem","30000000","130","355502","Printing Equ","5","0","1"
"154955","Intercity Alarms","John-Davenport@intercityalarms.com","22 Whites Path","5083982901","5083948900","506304","Security Control Equip & Systems-Whol","NULL"," Email <---> Revenue ","156817","Intercity Alarms","22 Whites Path","South Yarmouth","MA","02664","Barnstable","www.intercityalarms.com","5083948900","5083982901","John Davenport","Owner","Mal","32900000","50","506304","Security Con","5","0","1"
"233298","Malden International Designs","John.Aucello@Malden.Com","20 Kendrick Rd","5082959633","508-291-1104","3444","Sheet Metal Work (stamped metal skylights)","NULL"," Email <---> Revenue ","195029","Malden International Designs","20 Kendrick Rd","Wareham","MA","02571","Plymouth","","5082911104","5082959633","John Aucello","President","Mal","25000000","20","502317","Picture Fram","5","0","1"
"218838","Alcatel Vacuum Products","john.higgins@avp.aclcatel.com","67 Sharp St","7813314230","7813314280","508744","Vacuum Equipment & Systems (Wholesale)","NULL"," Email <---> Revenue ","16069","Alcatel Vacuum Products","67 Sharp St","Hingham","MA","02043","Plymouth","www.alcatelvacuumus.com","7813314280","7813314230","Patrick Byrnes","President","Mal","33000000","80","508744","Vacuum Equip","5","0","1"
"125781","Union Specialties Inc","john.sullivan@unionspecialtiesinc.com","3 Malcolm Hoyt Dr","9784654194","9784651717","284398","Surface Active Agents (Manufacturers)","NULL"," Email <---> Revenue ","314101","Union Specialties Inc","3 Malcolm Hoyt Dr","Newburyport","MA","01950","Essex","","9784651717","9784654194","Peter Alford","President","Mal","35631000","37","284398","Surface Acti","5","0","1"
"156377","Car Cross Calender & Business","John@carcross.com","5 3rd St","NULL","5088247568","519917","Advertising-Specialties (Wholesale)","NULL"," Email <---> Revenue ","62372","Car Cross Calender & Business","5 3rd St","Taunton","MA","02780","Bristol","www.carcross.com","5088247568","","John Da Silva","Owner","Mal","35900000","50","519917","Advertising-","5","0","1"
"255461","Fulfillment America","JohnB@faicentral.com","17 Progress Rd","9789887574","9789887576","596103","Mail Order Fulfillment Service","NULL"," Email <---> Revenue ","127347","Fulfillment America","17 Progress Rd","Billerica","MA","01821","Middlesex","www.faicentral.com","9789887576","9789887574","John Barry","President","Mal","30525000","75","596103","Mail Order F","5","0","1"
"166900","Chinese Spaghetti Factory","JohnnySou@chinesespaghetti.com","83 Newmarket Sq","6174275918","6175419823","514101","Food Products (Wholesale)","NULL"," Email <---> Revenue ","71209","Chinese Spaghetti Factory","48 Newmarket Sq","Roxbury","MA","02118","Suffolk","","6175419823","6174275918","Johnny Sou","Owner","Mal","25014000","22","514101","Food Product","5","0","1"
"11905","Butcher Block Meat Co","joseph.frazzica@butcherblockinc.com","14 Food Mart Rd","6172695244","6172691470","201101","Meat Packers","NULL"," Email <---> Revenue ","55561","Butcher Block Meat Co","14 Food Mart Rd","Boston","MA","02118","Suffolk","www.butcherblockinc.com","6172691470","6172695244","Joseph Frazzica","Owner","Mal","39920000","80","201101","Meat Packers","5","0","1"
"58314","Bandwagon Inc","jsartori@bwagon.com","54 Industrial Way","9786577023","9786586252","509905","Importers","NULL"," Email <---> Revenue ","34525","Bandwagon Inc","54 Industrial Way","Wilmington","MA","01887","Middlesex","","9786586252","9786577023","John B Crawford","Owner","Mal","33040000","35","509905","Importers","5","0","1"
"189500","William A Berry & Son","J_Kavanagh@waberry.com","100 Conifer Hill Dr","9787778217","9787741057","874104","Construction Management","NULL"," Email <---> Revenue ","328455","William A Berry & Son","100 Conifer Hill Dr","Danvers","MA","01923","Essex","www.waberry.com","9787741057","9787778217","John Kavanagh","President","Mal","25200000","200","874104","Construction","5","0","1"
"72433","E F Education","J_Louise@ef.com","1 Education St","6176191001","6176191000","472402","Travel Agencies & Bureaus","NULL"," Email <---> Revenue ","104633","E F Education","1 Education St","Cambridge","MA","02141","Middlesex","www.ef.com","6176191000","6176191001","Louise Julian","CEO","Fem","35571000","501","472402","Travel Agenc","5","0","1"
"68539","Gcc Technologies","Kevin@gibsonclone.com","209 Burlington Rd # 7","7812751115","7812755800","874213","Marketing Programs & Services","NULL"," Email <---> Revenue ","130613","Gcc Technologies","209 Burlington Rd # 7","Bedford","MA","01730","Middlesex","www.gcctechnologies.com","7812755800","7812751115","Kevin Curran","President","Mal","33400000","80","874213","Marketing Pr","5","0","1"
"101278","Glynn Electronics Inc","kglynn@glynn-elec.com","9 Clayton Rd","5089478690","5089474262","367901","Electronic Equipment & Supplies-Mfrs","NULL"," Email <---> Revenue ","134338","Glynn Electronics Inc","9 Clayton Rd","Middleboro","MA","02346","Plymouth","www.glynn-elec.com","5089474262","5089478690","Kevin Glynn","President","Mal","33600000","150","367901","Electronic E","5","0","1"
"14686","Freedom Drug","Kim_Rondeau@fredomdrug.com","12 Kent Way # 12","9784991500","9784994500","591205","Pharmacies","NULL"," Email <---> Revenue ","126397","Freedom Drug","12 Kent Way # 12","Byfield","MA","01922","Essex","www.fredomdrug.com","9784994500","9784991500","Kim Rondeau","President","Fem","27450000","150","591205","Pharmacies","5","2","1"
"253066","Ames Safety Envelope Co","kramsauer@amespage.com","12 Tyler St","6176237347","6177763360","267701","Envelopes-Manufacturers","NULL"," Email <---> Revenue ","21310","Ames Safety Envelope Co","12 Tyler St","Somerville","MA","02143","Middlesex","www.amespage.com","6177763360","6176237347","Kirk Ramsauer","CEO","Mal","47900000","500","267701","Envelopes-Ma","5","0","1"
"181362","Omniglow Corp","ktreeger@omniglow.com","96 Windsor St","4137378636","4137398252","364101","Lamp Bulbs-Manufacturers","NULL"," Email <---> Revenue ","231852","Omniglow Corp","96 Windsor St","West Springfield","MA","01089","Hampden","www.glo-flex.com","4137398252","4137378636","Fred Kaplan","Owner","Mal","27100000","100","364101","Lamp Bulbs-M","5","0","1"
"245528","IBC USA Conferences","kwame.wallace@ibc-group.com","1 Research Dr # 400a","5086165533","5086165550","999977","Nonclassified Establishments","www.ibcusa.com"," Email <---> Revenue ","153465","IBC USA Conferences","1 Research Dr # 400a","Westborough","MA","01581","Worcester","www.ibcusa.com","5086165550","5086165533","Kirstie Miller","President","Fem","25500000","150","874213","Marketing Pr","5","0","1"
"189610","Randolph Paper","LappenMark@rpcpackaging.com","45 Independence Dr","5088289600","5088289500","511101","Paper Products (Wholesale)","NULL"," Email <---> Revenue ","257757","Randolph Paper","45 Independence Dr","Taunton","MA","02780","Bristol","www.rpcpackaging.com","5088289500","5088289600","Mark Lappen","President","Mal","27198000","18","511101","Paper Produc","5","0","1"
"219951","Pixley Richards Inc","lduquette@pixley.com","32 Aldrin Rd","5087469317","5087466082","367901","Electronic Equipment & Supplies-Mfrs","www.pixley.com"," Email <---> Revenue ","246267","Pixley Richards Inc","32 Aldrin Rd","Plymouth","MA","02360","Plymouth","www.pixley.com","5087466082","5087469317","Peter Arentzen","President","Mal","27500000","180","367901","Electronic E","5","0","1"
"30598","F M & D Inc","lydia@melia.com","74 Rowe St","6173329460","6173329968","502107","Furniture-Dealers-Wholesale","www.workspacedesigns.com"," Email <---> Revenue ","115763","F M & D Inc","74 Rowe St","Auburndale","MA","02466","Middlesex","www.workspacedesigns.com","6173329968","6173329460","Bob Murray","President","Mal","45680000","80","502107","Furniture-De","5","0","1"
"212165","Alperts Furniture Warehouse","mark@alperts.com","100 Highland Ave","5083363325","5083366400","571216","Furniture-Dealers-Retail","www.alperts.com"," Email <---> Revenue ","18685","Alperts Furniture Warehouse","100 Highland Ave","Seekonk","MA","02771","Bristol","www.alperts.com","5083366400","5083363325","Hershel Alpert","President","Mal","27000000","135","571216","Furniture-De","5","0","1"
"41078","Ozer Group","MarkStein@ozergroup.com","75 2nd Ave # 610","7817074201","7817074200","671901","Holding Companies (Non-Bank)","NULL"," Email <---> Revenue ","234305","Ozer Group","75 2nd Ave # 610","Needham","MA","02494","Norfolk","www.ozer.com","7817074200","7817074201","Mark Stein","Owner","Mal","32400000","50","671901","Holding Comp","5","2","1"
"214752","BAX Global Inc","mconnell@baxglobal.com","290 William F Mcclellan Hwy","9157788232","6175695010","451202","Air Cargo Service","www.baxglobal.com"," Email <---> Revenue ","32947","BAX Global Inc","290 William F Mcclellan Hwy","East Boston","MA","02128","Suffolk","www.baxglobal.com","6175695010","6175671166","Fred Mackay","Manager","Mal","25760000","80","451202","Air Cargo Se","5","0","1"
"175415","Sycamore Networks Inc","media.info@sycamorenet.com","220 Mill Rd","9782563434","9782502900","366102","Telephone Equipment & Systems-Mfrs","www.sycamorenetworks.com"," Email <---> Revenue ","298594","Sycamore Networks Inc","220 Mill Rd","Chelmsford","MA","01824","Middlesex","www.sycamorenetworks.com","9782502900","9782563434","Daniel E Smith","CEO","Mal","44547000","353","366102","Telephone Eq","5","0","1"
"165639","Berkshire Westwood Graphics","michael.sullivan@bwgg.com","20 Hadley Mill Rd # 2","4135326508","4135321735","508443","Printing Supplies (Wholesale)","NULL"," Email <---> Revenue ","40851","Berkshire Westwood Graphics","20 Hadley Mill Rd # 2","Holyoke","MA","01040","Hampden","","4135321735","4135326508","Michael Sullivan","Owner","Mal","26112000","48","508443","Printer Cart","5","0","1"
"246687","Semi Conductor Processing Co","nick.sink@umicore.com","12 Channel St # 702","6173459271","6173459936","367401","Semiconductor Devices (Manufacturers)","NULL"," Email <---> Revenue ","277809","Semi Conductor Processing Co","12 Channel St # 702","Boston","MA","02210","Suffolk","","6173459936","6173459271","Nick Sink","Owner","Mal","30780000","60","367401","Semiconducto","5","0","1"
"32320","Catania-Spagna Corp","oils@cataniausa.com","1 Nemco Way","9787727970","9787727900","509905","Importers","www.cataniausa.com"," Email <---> Revenue ","65176","Catania-Spagna Corp","1 Nemco Way","Ayer","MA","01432","Middlesex","www.cataniausa.com","9787727900","9787727970","Anthony Basile","President","Mal","34900000","60","509905","Importers","5","0","1"
"22769","Graphic Paper","P.Pietrafetta@graphicpaper.com","145 Plymouth St","5083399926","5082618866","511101","Paper Products (Wholesale)","NULL"," Email <---> Revenue ","136694","Graphic Paper","145 Plymouth St","Mansfield","MA","02048","Bristol","www.graphicpaper.com","5082618866","5083399926","Phil Pietrafetta","President","Mal","36264000","24","511101","Paper Produc","5","0","1"
"252028","Twin Rivers Technologies Inc","paul.angelico@trtlp.com","780 Washington St","6174725460","6174729200","289905","Chemicals-Manufacturers","www.twinriverstechnologies.com"," Email <---> Revenue ","311782","Twin Rivers Technologies Inc","780 Washington St","Quincy","MA","02169","Norfolk","www.twinriverstechnologies.com","6174729200","6174725460","Paul Angelico","Owner","Mal","25000000","110","289905","Chemicals-Ma","5","0","1"
"166093","Savage Arms Inc","paul.lessard@savagearms.com","100 Springdale Rd","4135627764","4135687001","348402","Firearms-Manufacturers","NULL"," Email <---> Revenue ","274984","Savage Arms Inc","100 Springdale Rd","Westfield","MA","01085","Hampden","www.savagearms.com","4135687001","4135627764","Ronald Coburn","CEO","Mal","25800000","222","348402","Firearms-Man","5","0","1"
"118196","Brittany Dyeing & Printing Co","psilvia@brittanyusa.com","1357 E Rodney French Blvd","5089949866","5089993281","226998","Finishers Of Textiles Nec (Mfrs)","NULL"," Email <---> Revenue ","51945","Brittany Dyeing & Printing Co","1357 E Rodney French Blvd","New Bedford","MA","02744","Bristol","","5089993281","5089949866","Kenneth Joblon","President","Mal","35400000","300","226998","Finishers Of","5","0","1"
"238207","BOC Gases","qryman@boc.com","15 Colony Dr","3606963975","5086686300","517208","Gas-Liquefied Petro-Bttld/Bulk (Whol)","www.bocgases.com"," Email <---> Revenue ","33221","BOC Gases","15 Colony Dr","Walpole","MA","02081","Norfolk","www.bocgases.com","5086686300","5086684631","Jim Harris","Manager","Mal","40248000","12","517208","Gas-Liquefie","5","0","1"
"183430","Revere Copper Products Inc","rarras@reverecopper.com","24 N Front St","5089912115","5089995601","335198","Rolling Drawing/Extruding-Copper (Mfrs)","www.revereplate.com"," Email <---> Revenue ","261902","Revere Copper Products Inc","24 N Front St","New Bedford","MA","02740","Bristol","www.revereplate.com","5089995601","5089912115","John Smith","Plant Mgr","Mal","47300000","100","335198","Rolling Draw","5","0","1"
"128334","Bay Copy","Raymond_Belanger@baycopy.com","PO Box 525","7818712540","7818716670","506528","Facsimile Communication Equipment (Whol)","NULL"," Email <---> Revenue ","36713","Bay Copy","100 Reservoir Park Dr","Rockland","MA","02370","Plymouth","","7818716670","7818712540","Raymond Belanger","Owner","Mal","25250000","25","506528","Facsimile Co","5","0","1"
"252835","Assurance Technology Corp","reinkober@assurtech.com","84 South St","9783693368","9783698848","873106","Electronic Research & Development","www.assurancetechnology.com"," Email <---> Revenue ","28675","Assurance Technology Corp","84 South St","Carlisle","MA","01741","Middlesex","www.assurancetechnology.com","9783698848","9783693368","Larue Renfroe","Owner","Mal","30800000","85","873106","Electronic R","5","0","1"
"256585","Lenox-Martell Inc","rfreitas@realcitysoda.com","89 Heath St","6175229455","6174427777","208798","Flavoring Extracts & Syrups Nec (Mfrs)","www.lenoxmartell.com"," Email <---> Revenue ","184185","Lenox-Martell Inc","89 Heath St","Jamaica Plain","MA","02130","Suffolk","www.lenoxmartell.com","6174427777","6175229455","James Lerner","CEO","Mal","41400000","45","208798","Flavoring Ex","5","0","1"
"57599","Hyde Manufacturing Inc","rhardy@hydetools.com","PO Box 1875","5087655250","5087644344","342302","Tools-Manufacturers","NULL"," Email <---> Revenue ","153040","Hyde Manufacturing Inc","54 Eastford Rd","Southbridge","MA","01550","Worcester","www.hydemfgco.org","5087644344","5087655250","Richard B Hardy","CEO","Mal","37600000","300","342302","Tools-Manufa","5","0","1"
"94419","Peabody Office Furniture","Richard@peabodyoffice.com","234 Congress St # 1","6175421609","6175421902","735935","Office Furniture & Equip-Renting","NULL"," Email <---> Revenue ","240391","Peabody Office Furniture","234 Congress St # 1","Boston","MA","02110","Suffolk","www.peabodyoffice.com","6175421902","6175421609","Richard Vaughn","CEO","Mal","27000000","50","735935","Office Furni","5","0","1"
"99544","BSC Group","RichardL@terrsphere.com","15 Elkins St","6178964301","6178964300","871111","Engineers-Consulting","NULL"," Email <---> Revenue ","33300","BSC Group","15 Elkins St","South Boston","MA","02127","Suffolk","www.bscgroup.com","6178964300","6178964301","Richard Long","Owner","Mal","25280000","160","871111","Engineers-Co","5","0","1"
"220515","Boston Retail","RichardPaolino@bostonretail.com","400 Riverside Ave","7813950155","7813957417","254201","Office & Store Fixtures-Ex Wood (Mfrs)","NULL"," Email <---> Revenue ","48313","Boston Retail","400 Riverside Ave","Medford","MA","02155","Middlesex","www.bostonretail.com","7813957417","7813950155","Richard Paolino","CEO","Mal","25200000","160","254201","Office & Sto","5","0","1"
"204646","Dole & Bailey Inc","rick@doleandbailey.com","16 Conn St","7819359085","7819351234","514939","Food Service-Distributors","NULL"," Email <---> Revenue ","99629","Dole & Bailey Inc","16 Conn St","Woburn","MA","01801","Middlesex","","7819351234","7819359085","Nancy Matheson-Burns","CEO","Fem","48000000","125","514939","Food Service","5","0","1"
"101757","Maybury Material Handling","rmoriarty@maybury.com","90 Denslow Rd","4135258231","4135254216","508426","Material Handling Equipment (Wholesale)","NULL"," Email <---> Revenue ","202582","Maybury Material Handling","90 Denslow Rd","East Longmeadow","MA","01028","Hampden","www.maybury.com","4135254216","4135258231","John F Maybury","President","Mal","40800000","75","508426","Material Han","5","0","1"
"200460","Masters Of Design","Robert.Bourbeau@rahul.net","PO Box 2719","5086995996","508-695-0201","3911","Jewelry","Precious Metal"," Email <---> Revenue ","201546","Masters Of Design","81 John L Dietsch Blvd","North Attleboro","MA","02763","Bristol","","5086950201","5086995996","Marc Forbes","President","Mal","25500000","125","391101","Jewelry-Manu","5","0","1"
"216891","Great Eastern Seafood","Robert.Brandano@greateasternsfd.com","6 Fish Pier St W # 14","6174284530","6174289400","514601","Seafood-Wholesale","NULL"," Email <---> Revenue ","137006","Great Eastern Seafood","6 Fish Pier St W # 14","Boston","MA","02210","Suffolk","www.greateasternsfd.com","6174289400","6174284530","Robert Brandano","Owner","Mal","28215000","45","514601","Seafood-Whol","5","0","1"
"209851","Labor Express","Ronald.Turcotte@laborexpress.com","281 Bedford St","5086796622","5086792110","736304","Employment Contractors-Temporary Help","NULL"," Email <---> Revenue ","179774","Labor Express","281 Bedford St","Fall River","MA","02720","Bristol","www.laborexpress.com","5086792110","5086796622","Ronald Turcotte","President","Mal","30000000","1000","736304","Employment C","5","0","1"
"87641","Medsource Technologies","RonSpark@medsourcetech.com","150 California St","6179642660","6179649100","384104","Physicians & Surgeons Equip & Supls-Mfrs","NULL"," Email <---> Revenue ","205162","Medsource Technologies","150 California St","Newton","MA","02458","Middlesex","","6179649100","6179642660","Ron Spark","President","Mal","35840000","160","384104","Physicians &","5","0","1"
"197244","Orchard Foods","Rothstein@orchard-foods.com","70 Olympia Ave","7819323917","7819358400","203302","Canning (Manufacturers)","NULL"," Email <---> Revenue ","232842","Orchard Foods","70 Olympia Ave","Woburn","MA","01801","Middlesex","","7819358400","7819323917","Steven A Rothstein","President","Mal","33700000","100","203302","Canning (Man","5","0","1"
"128420","Cambridge Sheet Metal Co Inc","rraymond@cambridgestreetmetal.com","500 Lincoln St","6172543552","6172547580","505202","Copper (Wholesale)","www.csmetal.net"," Email <---> Revenue ","59740","Cambridge Sheet Metal Co Inc","500 Lincoln St","Allston","MA","02134","Suffolk","www.csmetal.net","6172547580","6172543552","Harry Indursky","Owner","Mal","45588000","12","505202","Copper (Whol","5","0","1"
"248079","IQF Custom Packing Inc","russell.young@iqfcustompacking.com","140 Waldron Rd","5086460405","5086460400","514201","Frozen Foods-Wholesale","NULL"," Email <---> Revenue ","153738","IQF Custom Packing Inc","140 Waldron Rd","Fall River","MA","02720","Bristol","www.iqfcustompacking.com","5086460400","5086460405","Russell Young","Owner","Mal","42360000","40","514201","Frozen Foods","5","0","1"
"195378","Industrial Polymers & Chemical","S-D@dupont.com","508 Boston Tpke","5088429314","5088456112","503305","Fiber Glass Materials (Wholesale)","NULL"," Email <---> Revenue ","155433","Industrial Polymers & Chemical","508 Boston Tpke","Shrewsbury","MA","01545","Worcester","","5088456112","5088429314","Susan Dacey","President","Fem","25280000","40","503305","Fiber Glass ","5","0","1"
"173299","Lantor","S-Tom@Lantorinc.Com","PO Box 191","NULL","5089661311","229998","Textile Goods Nec (Manufacturers)","NULL"," Email <---> Revenue ","181157","Lantor","125 Depot St","Bellingham","MA","02019","Norfolk","www.lantorinc.com","5089661311","","Tom Selman","President","Mal","25000000","100","229998","Textile Good","5","0","1"
"229448","Cyber Communications","Salvatore@cybercomm.cc","45 Rumford Ave","7816475943","7816471010","506504","Radio Communication Equip & Systems-Whol","NULL"," Email <---> Revenue ","88047","Cyber Communications","45 Rumford Ave","Waltham","MA","02453","Middlesex","www.cybercomm.cc","7816471010","7816475943","Robert Salvatore","Owner","Mal","40400000","40","506504","Radio Commun","5","0","1"
"54920","Oxford Foods LLC","scahillane@oxfordfoods.com","15 Jewett Ave","4136657153","4136657011","203501","Pickles & Pickle Products (Mfrs)","NULL"," Email <---> Revenue ","234200","Oxford Foods LLC","15 Jewett Ave","South Deerfield","MA","01373","Franklin","www.oxfordfoods.com","4136657011","4136657153","Jeffrey Morris","Owner","Mal","44600000","100","203501","Pickles & Pi","5","0","1"
"226507","Overlook Industries Inc","sdkuhn@overlookindustries.com","116 Pleasant St","4135274844","4135274344","509908","Manufacturers-Agents & Representatives","www.overlookindustries.com"," Email <---> Revenue ","234060","Overlook Industries Inc","116 Pleasant St","Easthampton","MA","01027","Hampshire","www.overlookindustries.com","4135274344","4135274844","John Morin","President","Mal","46256000","49","509908","Manufacturer","5","0","1"
"163536","PFG-Springfield","SeanGriffin@pfgspringfield.com","340 Taylor St","4132721183","4137333053","514102","Food Brokers","NULL"," Email <---> Revenue ","235131","PFG-Springfield","340 Taylor St","Springfield","MA","01105","Hampden","www.pfgspringfield.com","4137333053","4132721183","Sean Griffin","President","Mal","40000000","236","514102","Food Brokers","5","0","1"
"219731","Simpson Gumpertz & Heger Inc","secoyle@sgh.com","41 Seyon St # 500","4154953550","7819079000","871137","Engineers-Structural","www.sgh.com"," Email <---> Revenue ","281866","Simpson Gumpertz & Heger Inc","41 Seyon St # 500","Waltham","MA","02453","Middlesex","www.sgh.com","7819079000","7819079009","Glenn Bell","CEO","Mal","26860000","170","871137","Engineers-St","5","0","1"
"233548","Lynn Plastics Corp","sidney.goldstein@lynnplastics.com","92 Brookline St","7815988944","7815985900","308798","Custom Compounding-Purchased Resin (Mfr)","NULL"," Email <---> Revenue ","191073","Lynn Plastics Corp","92 Brookline St","Lynn","MA","01902","Essex","www.lynnplastics.com","7815985900","7815988944","Bruce Petersen","Owner","Mal","36700000","100","308798","Custom Compo","5","0","1"
"246144","Geriatric Medical & Surgical","SiegalArthur@geriatricmedical.com","404 3rd St","6173891527","6173875936","504704","Physicians & Surgeons Equip & Supls-Whol","NULL"," Email <---> Revenue ","132306","Geriatric Medical & Surgical","404 3rd St","Everett","MA","02149","Middlesex","www.geriatricmedical.com","6173875936","6173891527","Arthur Siegal","President","Mal","41860000","70","504704","Physicians &","5","0","1"
"244717","Computer Associates Intl Inc","snehama@nortel.com","600 Nickerson Rd","9256039440","5084604646","737109","Information Technology Services","www.concord.com"," Email <---> Revenue ","79687","Computer Associates Intl Inc","600 Nickerson Rd","Marlborough","MA","01752","Middlesex","www.concord.com","5084604646","5084819772","John A Blaeser","CEO","Mal","37680000","240","737109","Information ","5","0","1"
"255007","Bearing Enterprises Inc","steven.katz@emersonbearing.com","205 Brighton Ave","6177820535","6177825155","509905","Importers","NULL"," Email <---> Revenue ","38254","Bearing Enterprises Inc","205 Brighton Ave","Allston","MA","02134","Suffolk","www.emersonbearing.com","6177825155","6177820535","Steven L Katz","President","Mal","31152000","33","509905","Importers","5","0","1"
"257311","Mass Envelopes Plus","Steven@massenvplus.com","PO Box 100","6176238058","6176238000","267998","Converted Paper/Paperbrd Prod Nec (Mfrs)","NULL"," Email <---> Revenue ","200366","Mass Envelopes Plus","30 Cobble Hill Rd","Somerville","MA","02143","Middlesex","www.massenvplus.com","6176238000","6176238058","Steven Grossman","Owner","Mal","33180000","140","267998","Converted Pa","5","0","1"
"251418","Colpitts World Travel","students@colpittswt.com","875 Providence Hwy","7813262921","7813267800","472402","Travel Agencies & Bureaus","www.colpittsworldtravel.com"," Email <---> Revenue ","77715","Colpitts World Travel","875 Providence Hwy","Dedham","MA","02026","Norfolk","www.colpittsworldtravel.com","7813267800","7813262921","","","","35000000","80","472402","Travel Agenc","5","0","1"
"163325","Corporate Express","T-Ruh@corporateexpress.com","655 Andover St","9785576290","9785576000","594301","Office Supplies","NULL"," Email <---> Revenue ","942","Corporate Express","655 Andover St","Lawrence","MA","01843","Essex","www.cexp.com","9785576000","9785576290","Tim Ruh","President","Mal","30250000","250","594301","Office Suppl","5","0","1"
"151801","North American Coating Science","TedKrug@aacc-hotmelts.com","12 Osgood St","9786915015","9786915622","516912","Adhesives & Glues (Wholesale)","NULL"," Email <---> Revenue ","2617","North American Coating Science","12 Osgood St","Lawrence","MA","01843","Essex","www.aacc-hotmelts.com","9786915622","9786915015","Ted Krug","Owner","Mal","26026000","26","516912","Adhesives & ","5","0","1"
"253657","CROSSMARK","tim.hauser@crossmark.com","100 Morse St # F2a","5036571052","7812785000","514102","Food Brokers","www.crossmark.com"," Email <---> Revenue ","57848","CROSSMARK","100 Morse St # F2a","Norwood","MA","02062","Norfolk","www.crossmark.com","7812785000","7815519971","David Kerbel","President","Mal","45480000","40","514102","Food Brokers","5","0","1"
"192549","Global Insite Inc","todd.eisner@globalinsight.com","24 Hartwell Ave","6104902770","7818635105","873202","Economic Research & Analysis","www.globalinsight.com"," Email <---> Revenue ","133943","Global Insite Inc","24 Hartwell Ave","Lexington","MA","02421","Middlesex","www.globalinsight.com","7818635105","7813019407","Walter Arvin","Manager","Mal","30900000","300","873202","Economic Res","5","0","1"
"75798","Weir Valves & Controls","Twardowski.Gerry@weirvalve.com","285 Canal St","9787413626","9787445690","349498","Valves & Pipe Fittings Nec (Mfrs)","NULL"," Email <---> Revenue ","324530","Weir Valves & Controls","285 Canal St","Salem","MA","01970","Essex","","9787445690","9787413626","Gerry Twardowski","President","Mal","25300000","125","349498","Valves & Pip","5","0","1"
"223122","Yankee Group","Verge-Ayvazian@yankeegroup.com","31 Saint James Ave # 11","6179565005","6179565000","873204","Market Research & Analysis","NULL"," Email <---> Revenue ","333561","Yankee Group","31 Saint James Ave # 11","Boston","MA","02116","Suffolk","www.yankeegroup.com","6179565000","6179565005","Verge Ayvazian","CEO","Mal","43000000","0","873204","Market Resea","5","0","1"
"157401","Mason Box Co","webmonkey@giantant.com","521 Mount Hope St","2174038810","5087618576","267901","Paper-Box Board (Manufacturers)","www.ci.champaign.il.us"," Email <---> Revenue ","200017","Mason Box Co","521 Mount Hope St","North Attleboro","MA","02760","Bristol","www.masonbox.com","5087618576","5086953210","Hugh Mason","President","Mal","47400000","200","267901","Paper-Box Bo","5","0","1"
"170997","Whitney & Son Mfg & Warehouse","WhitneyDaniel@whitneyandson.com","95 Kelly Ave","9783436586","9783436353","509908","Manufacturers-Agents & Representatives","NULL"," Email <---> Revenue ","327763","Whitney & Son Mfg & Warehouse","95 Kelly Ave","Fitchburg","MA","01420","Worcester","www.whitneyandson.com","9783436353","9783436586","Daniel Whitney","Owner","Mal","28320000","30","509908","Manufacturer","5","0","1"
"143777","Horizons Technology Inc","wsontag@horizons.com","300 Concord Rd # 400","9786638357","9786636600","871111","Engineers-Consulting","NULL"," Email <---> Revenue ","151218","Horizons Technology Inc","300 Concord Rd # 400","Billerica","MA","01821","Middlesex","","9786636600","9786638357","Earl A Pontius","President","Mal","47558000","301","871111","Engineers-Co","5","0","1"
"243294","Roma Color Inc","ygcorp@chollian.net","749 Quequechan St","5086769011","5086763481","286598","Cyclic Organic Crudes/Dyes/Pgmnts (Mfrs)","www.romacolor.com"," Email <---> Revenue ","267614","Roma Color Inc","749 Quequechan St","Fall River","MA","02721","Bristol","www.romacolor.com","5086763481","5086769011","","","","42400000","50","286598","Cyclic Organ","5","0","1"
