mail id,company,email,address,phone,fax,sic,sic description,web,,revenue id,company,address,city,state,zip,	metro,web,phone,fax,contact,position,gender,sales,# of employee,sic,sic_descrpiton,	,,
"212399","Springfield Wire Inc","alanbercovici@springfield-wire.com","243 Cottage St","4137393809","4137816950","343303","Heating Equipment-Manufacturers","www.springfield-wire.com"," Email <---> Revenue ","287775","Springfield Wire Inc","243 Cottage St","Springfield","MA","01104","Hampden","www.springfield-wire.com","4137816950","4137393809","William Bradford","CEO","Mal","78400000","400","343303","Heating Equi","6","0","1"
"226741","Tasse's","askemma@tasses.com","37 Hook St","5087650841","5087650841","517206","Oils-Fuel (Wholesale)","www.tasses.com"," Email <---> Revenue ","301155","Tasse's","37 Hook St","Southbridge","MA","01550","Worcester","www.tasses.com","5087650841","5087650562","Jeff Tasse","Owner","Mal","70434000","21","517206","Oils-Fuel (W","6","0","1"
"91970","Barr Associates","barr@barrassociates.com","2 Lyberty Way","9786927443","9786927513","382798","Optical Instruments & Lenses (Mfrs)","www.barrassociates.com"," Email <---> Revenue ","35725","Barr Associates","2 Lyberty Way","Westford","MA","01886","Middlesex","www.barrassociates.com","9786927513","9786927443","Ali Smajkiewicz","Owner","Mal","55720000","280","382798","Optical Inst","6","0","1"
"189102","Caliper Life Sciences Inc","bd@caliperls.com","68 Elm St","5084353439","5084359500","382698","Laboratory Analytical Instruments (Mfrs)","www.calipertech.com"," Email <---> Revenue ","59056","Caliper Life Sciences Inc","68 Elm St","Hopkinton","MA","01748","Middlesex","www.calipertech.com","5084359500","5084353439","E Kevin Hrusovsky","CEO","Mal","80127000","454","382698","Laboratory A","6","0","1"
"216609","Paratek Pharmaceuticals Inc","beverly.armstrong@paratekpharm.com","75 Kneeland St # 4","6172750039","6172750040","512203","Pharmaceutical Products-Wholesale","NULL"," Email <---> Revenue ","237064","Paratek Pharmaceuticals Inc","75 Kneeland St # 4","Boston","MA","02111","Suffolk","www.paratekpharm.com","6172750040","6172750039","Thomas J Bigger","President","Mal","86366000","62","512203","Pharmaceutic","6","0","1"
"241123","Alkermes Inc","busdev@alkermes.com","88 Sidney St","6174949263","6174940171","384104","Physicians & Surgeons Equip & Supls-Mfrs","www.alkermes.com"," Email <---> Revenue ","16820","Alkermes Inc","88 Sidney St","Cambridge","MA","02139","Middlesex","www.alkermes.com","6174940171","6174949263","Richard F Pops","CEO","Mal","76126000","528","384104","Physicians &","6","0","1"
"221120","North Atlantic Medical Svc","cabot@northatlanticmedical.com","125 Tolman Ave","9788400115","9788400113","516920","Oxygen (Wholesale)","NULL"," Email <---> Revenue ","226145","North Atlantic Medical Svc","125 Tolman Ave","Leominster","MA","01453","Worcester","www.tolmanclinical.com","9788400113","9788400115","Cabot Carabott","President","Mal","64064000","64","516920","Oxygen (Whol","6","0","1"
"123912","Carando Foods","carandofoods@farmland.com","20 Carando Dr","4137377314","4137815620","201398","Sausages/Other Prepared Meat Prod (Mfrs)","www.carando.com"," Email <---> Revenue ","62454","Carando Foods","20 Carando Dr","Springfield","MA","01104","Hampden","www.carando.com","4137815620","4137377314","Mitch Lebrasseur","Plant Mgr","Mal","96390000","270","201398","Sausages/Oth","6","0","1"
"135009","Sonesta International Hotels","cbeggs@sonesta.com","116 Huntington Ave","6174215402","6174215400","701103","Hotel & Motel Management","except casino hotels"," Email <---> Revenue ","284174","Sonesta International Hotels","116 Huntington Ave","Boston","MA","02116","Suffolk","","6174215400","6174215402","Peter J Sonnabend","CEO","Mal","89907000","1460","701103","Hotel & Mote","6","1","1"
"244895","Microsemi Corp/Lowell Div","cmullin@microsemi.com","75 Technology Dr","4809471503","9784425600","367498","Semiconductors & Related Devices (Mfrs)","www.microsemi.com"," Email <---> Revenue ","209063","Microsemi Corp/Lowell Div","75 Technology Dr","Lowell","MA","01851","Middlesex","www.microsemi.com","9784425600","9789373748","John Caruso","VP","Mal","51300000","100","367498","Semiconducto","6","0","1"
"114803","Boston Coach","Conrad@bostoncoach.com","PO Box 1171","6173818725","6173943900","411903","Limousine Service","NULL"," Email <---> Revenue ","47135","Boston Coach","69 Norman St","Everett","MA","02149","Middlesex","www.bostoncoach.com","6173943900","6173818725","Jack Conrad","President","Mal","60000000","0","411903","Limousine Se","6","0","1"
"109516","New England Coffee Co","consumerrelations@necoffeeco.com","100 Charles St","7813977580","7813248094","346904","Metal Stamping (Manufacturers)","www.newenglandcoffee.com"," Email <---> Revenue ","221571","New England Coffee Co","100 Charles St","Malden","MA","02148","Middlesex","www.newenglandcoffee.com","7813248094","7813977580","James Kaloyanides","President","Mal","50500000","180","346904","Metal Stampi","6","0","1"
"244802","WORKSCAPE Inc","csc@workscape.com","123 Felton St","5088616200","5088615500","874222","Human Resource Consultants","www.workscape.net"," Email <---> Revenue ","320964","WORKSCAPE Inc","123 Felton St","Marlborough","MA","01752","Middlesex","www.workscape.net","5088615500","5088616200","Timothy T Clifford","CEO","Mal","51000000","300","874222","Human Resour","6","0","1"
"203000","Sterilite Corp","custsrvc@sterilite.com","30 Scales Ln","9785971195","9785978702","308901","Mold Makers","www.sterilite.com"," Email <---> Revenue ","291769","Sterilite Corp","30 Scales Ln","Townsend","MA","01469","Middlesex","www.sterilite.com","9785978702","9785971195","David Stone","CEO","Mal","98400000","600","308901","Plastics-Mol","6","0","1"
"255452","Kopin Corp","cyberdisplay@kopin.com","200 John Hancock Rd","5088246958","5088246696","367401","Semiconductor Devices (Manufacturers)","www.kopin.com"," Email <---> Revenue ","177784","Kopin Corp","200 John Hancock Rd","Taunton","MA","02780","Bristol","www.kopin.com","5088246696","5088246958","John C C Fan","CEO","Mal","87281000","379","367401","Semiconducto","6","0","1"
"252470","National Dentex Corp","dbecker@nationaldentex.com","526 Boston Post Rd","8162202632","5083584422","807201","Laboratories-Dental","www.nationaldentex.com"," Email <---> Revenue ","218869","National Dentex Corp","526 Boston Post Rd","Wayland","MA","01778","Middlesex","www.nationaldentex.com","5083584422","5083586199","David L Brown","CEO","Mal","95185000","1621","807201","Laboratories","6","0","1"
"187587","Scudder Fund Distributors Inc","deutsche.bank@db.com","2 International Pl","4108953950","6172951000","637102","Pension & Profit Sharing Plans","www.db.com"," Email <---> Revenue ","276498","Scudder Fund Distributors Inc","2 International Pl","Boston","MA","02110","Suffolk","www.db.com","6172951000","6172954010","Daniel Pierce","President","Mal","76800000","800","637102","Pension & Pr","6","0","1"
"240760","Stryker Biotech","diana.howard@stryker.com","35 South St","5084165395","5084165200","504712","Hospital Equipment & Supplies (Whol)","www.op1.com"," Email <---> Revenue ","294157","Stryker Biotech","35 South St","Hopkinton","MA","01748","Middlesex","www.op1.com","5084165200","5084165395","Mark Philip","President","Mal","71760000","120","504712","Hospital Equ","6","0","1"
"132446","Rogers Foam Corp","dmarotta@rogersfoam.com","20 Vernon St","6176292585","6176233010","308601","Plastics-Foam (Manufacturers)","NULL"," Email <---> Revenue ","267375","Rogers Foam Corp","114 Central St","Somerville","MA","02145","Middlesex","www.rogersfoam.com","6176233010","6176292585","Dave Marotta","President","Mal","70800000","300","308601","Plastics-Foa","6","0","1"
"50927","BTU International Inc","dmasson@btu.com","23 Esquire Rd","9786679068","9786674111","382307","Temperature Measuring Materials (Mfrs)","NULL"," Email <---> Revenue ","33336","BTU International Inc","23 Esquire Rd","North Billerica","MA","01862","Middlesex","www.btu.com","9786674111","9786679068","Paul J Van Der Wansem","CEO","Mal","99494000","214","382307","Temperature ","6","0","1"
"125947","Chemi-Graphic Inc","Donald.Devine@chemi-graphic.com","340 State St","4135897448","4135890151","509912","Name Plates (Wholesale)","NULL"," Email <---> Revenue ","69826","Chemi-Graphic Inc","340 State St","Ludlow","MA","01056","Hampden","www.chemi-graphic.com","4135890151","4135897448","Paul R Pohl","Owner","Mal","51920000","55","509912","Name Plates ","6","0","1"
"196967","Flir Systems","Earl@flir.com","16 Esquire Rd","9789018887","9786676503","384104","Physicians & Surgeons Equip & Supls-Mfrs","NULL"," Email <---> Revenue ","122556","Flir Systems","16 Esquire Rd","North Billerica","MA","01862","Middlesex","www.flir.com","9786676503","9789018887","Earl Lewis","President","Mal","56000000","250","384104","Physicians &","6","0","1"
"41358","Steinerfilm Inc","else.steiner@mlbind.com","987 Simonds Rd","4134582495","4134589525","367901","Electronic Equipment & Supplies-Mfrs","NULL"," Email <---> Revenue ","291030","Steinerfilm Inc","987 Simonds Rd","Williamstown","MA","01267","Berkshire","www.steinerfilm.com","4134589525","4134582495","Else Steiner","President","Fem","53760000","240","367901","Electronic E","6","0","1"
"113977","Cookson ELECTRONICS","eng@polymet.com","262 Broad St","5086957512","5086959312","509905","Importers","www.polymet.com"," Email <---> Revenue ","81805","Cookson ELECTRONICS","262 Broad St","North Attleboro","MA","02760","Bristol","www.polymet.com","5086959312","5086957512","Armen Iskenderian","President","Mal","78352000","83","509905","Importers","6","0","1"
"120729","Basic Chemical Solutions","Frans@basicchem.com","111 Boston Post Rd # 101","9784435714","9784433674","516916","Chemicals (Wholesale)","NULL"," Email <---> Revenue ","36244","Basic Chemical Solutions","111 Boston Post Rd # 101","Sudbury","MA","01776","Middlesex","","9784433674","9784435714","Frans Cramer","President","Mal","60000000","7","516916","Chemicals (W","6","0","1"
"246057","Metro Ford","G-Dominic@kcmetroford.com","1651 Route 44","5088240053","5088221000","551105","Truck-Dealers","NULL"," Email <---> Revenue ","207193","Metro Ford","1651 Route 44","Raynham","MA","02767","Bristol","www.metrofordma.com","5088221000","5088240053","Dominic Greco","Owner","Mal","51760000","80","551105","Truck-Dealer","6","2","1"
"66260","Eagle Stainless Tube Co","generalsales@eagletube.com","10 Discovery Way","5085201954","5085288650","505106","Steel-Distributors & Warehouses","www.eagletube.com"," Email <---> Revenue ","105712","Eagle Stainless Tube Co","10 Discovery Way","Franklin","MA","02038","Norfolk","www.eagletube.com","5085288650","5085201954","Robert Bubencik","President","Mal","73290000","70","505106","Steel-Distri","6","0","1"
"238753","Duro Industries Inc","getto_bob@durolink.com","110 Chace St","5086780170","5086750101","226998","Finishers Of Textiles Nec (Mfrs)","www.duroindustries.com"," Email <---> Revenue ","103994","Duro Industries Inc","110 Chace St","Fall River","MA","02724","Bristol","www.duroindustries.com","5086750101","5086780170","Larry Himes","President","Mal","60630000","430","226998","Finishers Of","6","0","1"
"222691","Blackwell Publishers","Gordan@blackwellpub.com","350 Main St # 6","7813888255","7813888250","273101","Publishers-Book","NULL"," Email <---> Revenue ","44049","Blackwell Publishers","350 Main St # 6","Malden","MA","02148","Middlesex","www.blackwellpub.com","7813888250","7813888255","Gordan Tibbitts","President","Mal","55420000","170","273101","Publishers-B","6","0","1"
"129648","Imperial Distributors Inc","hdaitch@imperialdist.com","33 Sword St","5087560085","5087565156","591205","Pharmacies","NULL"," Email <---> Revenue ","154686","Imperial Distributors Inc","33 Sword St","Auburn","MA","01501","Worcester","","5087565156","5087560085","Michael D Sleeper","CEO","Mal","65000000","180","591205","Pharmacies","6","2","1"
"246582","Potpourri Group","help@serengeticatalog.com","355 Main St","9782561961","5082344211","596102","Mail Order & Catalog Shopping","www.potpourrigroup.com"," Email <---> Revenue ","248899","Potpourri Group","355 Main St","Whitinsville","MA","01588","Worcester","www.potpourrigroup.com","5082344211","9782561961","Jack Rosenfeld","President","Mal","61050000","150","596102","Mail Order &","6","0","1"
"171843","William E Wright & Co","help@wrights.com","85 South St","4134369785","4134367732","224105","Ribbon Novelties (Manufacturers)","www.wrights.com"," Email <---> Revenue ","328701","William E Wright & Co","85 South St","West Warren","MA","01092","Worcester","www.wrights.com","4134367732","4134369785","John Anderson","Manager","Mal","66600000","600","224105","Ribbon Novel","6","0","1"
"206663","J J Wild Inc","howevent@jjwild.com","120 Royall St # 3","7815751109","7815751100","357101","Computers-Electronic-Manufacturers","www.jjwild.com"," Email <---> Revenue ","160219","J J Wild Inc","120 Royall St # 3","Canton","MA","02021","Norfolk","www.jjwild.com","7815751100","7815751109","Jim Wild","Owner","Mal","93312000","108","357101","Computers-El","6","0","1"
"142029","Applied Biosystems","hunkapillermw@appliedbiosystems.com","500 Old Connecticut Path","5083837885","5083837700","323112","Scientific Apparatus & Instruments-Mfrs","NULL"," Email <---> Revenue ","25126","Applied Biosystems","500 Old Connecticut Path","Framingham","MA","01701","Middlesex","www.appliedbiosystems.com","5083837700","5083837885","John F Smith","President","Mal","83200000","400","323112","Scientific A","6","0","1"
"223167","Hollingsworth & Vose Co","informationtechnology@hovo.com","112 Washington St","5086683057","5086680295","262101","Paper-Manufacturers","www.hollingsworth-vose.com"," Email <---> Revenue ","149364","Hollingsworth & Vose Co","112 Washington St","East Walpole","MA","02032","Norfolk","www.hollingsworth-vose.com","5086680295","5086683057","Valentine Hollingsworth","CEO","Mal","53000000","200","262101","Paper-Manufa","6","0","1"
"44673","Fresh Inc","inquiries@fresh.com","25 Drydock Ave","7026318612","6174829411","512204","Cosmetics-Wholesale","www.fresh.com"," Email <---> Revenue ","126647","Fresh Inc","25 Drydock Ave","Boston","MA","02210","Suffolk","www.fresh.com","6174829411","6174823734","Lev Glazman","Owner","Mal","69650000","50","512204","Cosmetics-Wh","6","0","1"
"137331","Valkyire","James@valkyrie.com","60 Fremont St","5087550052","5087563633","519915","Leather Goods & Clothes-Wholesale","NULL"," Email <---> Revenue ","316384","Valkyire","60 Fremont St","Worcester","MA","01603","Worcester","","5087563633","5087550052","James Devaney","Owner","Mal","71800000","100","519915","Leather Good","6","0","1"
"172366","Instrumentation Laboratory Co","jbanella@ilww.com","101 Hartwell Ave","7818611908","7818610710","382698","Laboratory Analytical Instruments (Mfrs)","NULL"," Email <---> Revenue ","156368","Instrumentation Laboratory Co","101 Hartwell Ave","Lexington","MA","02421","Middlesex","www.ilww.com","7818610710","7818611908","Jose Manent","CEO","Mal","93100000","650","382698","Laboratory A","6","0","1"
"165641","Tuthill Energy Coppus Ventilat","jbrennan@tuthill.com","PO Box 8000","5087999531","5087568391","351101","Turbines-Manufacturers","NULL"," Email <---> Revenue ","311558","Tuthill Energy Coppus Ventilat","Route 20","Millbury","MA","01527","Worcester","www.tuthill.com","5087568391","5087999531","William Jones","President","Mal","58286000","151","351101","Turbines-Man","6","0","1"
"1629","UFP Technologies Inc","jeff.bailly@ufpt.com","172 E Main St","9783525616","9783522200","267101","Packaging Materials-Manufacturers","NULL"," Email <---> Revenue ","312436","UFP Technologies Inc","172 E Main St","Georgetown","MA","01833","Essex","","9783522200","9783525616","R Jeffrey Bailly","CEO","Mal","68624000","501","267101","Packaging Ma","6","0","1"
"220228","Abbott Action","JohnA@abbottaction.com","10 Campanelli Cir","7818211919","7818218200","511318","Boxes-Corrugated & Fiber (Wholesale)","NULL"," Email <---> Revenue ","9906","Abbott Action","10 Campanelli Cir","Canton","MA","02021","Norfolk","www.abbottaction.com","7818218200","7818211919","John Abbott","Owner","Mal","57960000","70","511318","Boxes-Corrug","6","0","1"
"217230","F 1 Boston","leagues@f1boston.com","290 Wood Rd","7818482310","7818482300","559901","Carts-Motorized","www.f1boston.com"," Email <---> Revenue ","115611","F 1 Boston","290 Wood Rd","Braintree","MA","02184","Norfolk","www.f1boston.com","7818482300","7818482310","R J Valintine","Owner","Mal","53850000","150","559901","Carts-Motori","6","0","1"
"124286","ST Microelectronics","masters.stu@st.com","10 Maguire Rd # 1","5417548262","7818612650","506349","Semiconductor-Mfrs'' Equip/Supls (Whol)","www.st.com"," Email <---> Revenue ","271584","ST Microelectronics","10 Maguire Rd # 1","Lexington","MA","02421","Middlesex","www.st.com","7818612650","7818612664","John North","VP","Mal","55930000","85","506349","Semiconducto","6","0","1"
"121014","Import Products Co Inc","mbowden@ipcglobalsolutions.com","55 Scotland Blvd","5086975803","5082792770","509905","Importers","NULL"," Email <---> Revenue ","154752","Import Products Co Inc","55 Scotland Blvd","Bridgewater","MA","02324","Plymouth","www.ipcglobalsolutions.com","5082792770","5086975803","Michael Bowden","Owner","Mal","51920000","55","509905","Importers","6","0","1"
"243931","Island Oasis Frozen Cocktail","mchen@islandoasis.com","141 Norfolk St","5086601435","5086601176","203801","Frozen Food Processors","www.islandoasis.com"," Email <---> Revenue ","158412","Island Oasis Frozen Cocktail","141 Norfolk St","Walpole","MA","02081","Norfolk","www.islandoasis.com","5086601176","5086601435","Ken Venti","President","Mal","55400000","200","203801","Frozen Food ","6","0","1"
"253775","Parlex Corp","medical@parlex.com","1 Parlex Pl","4084418734","9786854341","367201","Printed & Etched Circuits-Mfrs","www.parlex.com"," Email <---> Revenue ","237616","Parlex Corp","1 Parlex Pl","Methuen","MA","01844","Essex","www.parlex.com","9786854341","9786858809","Peter J Murphy","CEO","Mal","95539000","2601","367201","Printed & Et","6","0","1"
"107928","Orbotech Inc","michelle@orbotech.com","44 Manning Rd # 3","9786679969","9786676037","506336","Electronic Instruments (Wholesale)","www.orbotech.com"," Email <---> Revenue ","232827","Orbotech Inc","44 Manning Rd # 3","Billerica","MA","01821","Middlesex","www.orbotech.com","9786676037","9786679969","Raanan Cohen","President","Mal","50000000","150","506336","Electronic I","6","0","1"
"256559","On A Roll Sales Inc","mkripke@onarollsales.com","121 Liberty St","5084275496","5085868418","514939","Food Service-Distributors","www.onarollsales.com"," Email <---> Revenue ","231882","On A Roll Sales Inc","121 Liberty St","Brockton","MA","02301","Plymouth","www.onarollsales.com","5085868418","5084275496","Alan Leppo","Owner","Mal","84400000","100","514939","Food Service","6","0","1"
"239136","Suffolk Downs","O.Robert@suffolkdowns.com","111 Waldemar Ave","6175677511","6175673900","794801","Race Tracks","NULL"," Email <---> Revenue ","295346","Suffolk Downs","111 Waldemar Ave","East Boston","MA","02128","Suffolk","www.suffolkdowns.com","6175673900","6175677511","Robert O'Malley","CEO","Mal","63000000","500","794801","Race Tracks","6","1","1"
"252832","One Source Information Svc Inc","onesource@pancomm.com","300 Baker Ave","6022731355","9783184300","738959","Information & Referral Svcs","www.onesource.com"," Email <---> Revenue ","232194","One Source Information Svc Inc","300 Baker Ave","Concord","MA","01742","Middlesex","www.onesource.com","9783184300","9783184690","Yvonne Cekel","CEO","Fem","57284000","264","738959","Information ","6","0","1"
"69046","Lily Transportation Corp","r.eld@lilytransportation.com","145 Rosemary St","7814497128","7814498811","751303","Truck Renting & Leasing","NULL"," Email <---> Revenue ","186273","Lily Transportation Corp","145 Rosemary St","Needham","MA","02494","Norfolk","","7814498811","7814497128","John A Simourian","CEO","Mal","82000000","900","751303","Truck Rentin","6","0","1"
"178940","Thomson Course Technology","reply@course.com","25 Thomson Pl","6177577900","6177577900","273101","Publishers-Book","www.course.com"," Email <---> Revenue ","305028","Thomson Course Technology","25 Thomson Pl","Boston","MA","02210","Suffolk","www.course.com","6177577900","","Joe Dougherty","President","Mal","64874000","199","273101","Publishers-B","6","0","1"
"254108","Kayem Foods Inc","rinda.ray@kayem.com","75 Arlington St","6178895931","6178891600","201301","Sausage Casings (Manufacturers)","www.kayemfoods.com"," Email <---> Revenue ","173798","Kayem Foods Inc","75 Arlington St","Chelsea","MA","02150","Suffolk","www.kayemfoods.com","6178891600","6178895931","Ray F Monkiewicz","CEO","Mal","90000000","450","201301","Sausage Casi","6","0","1"
"225598","American Science & Engineering","rsheridan@as-e.com","829 Middlesex Turnpike","9782628805","978-262-8755","384401","X-Ray Apparatus & Supplies-Manufacturers","NULL"," Email <---> Revenue ","21031","American Science & Engineering","829 Middlesex Tpke","Billerica","MA","01821","Middlesex","www.as-e.com","9782628700","9782628804","Anthony R Fabiano","CEO","Mal","88314000","324","384401","X-Ray Appara","6","0","1"
"251085","Mc Cusker Gill Inc","smccarthy@mcc-gill.com","75 Industrial Park Rd","7817405820","7817405800","344403","Sheet Metal Fabricators","NULL"," Email <---> Revenue ","203084","Mc Cusker Gill Inc","75 Industrial Park Rd","Hingham","MA","02043","Plymouth","","7817405800","7817405820","Kevin Gill","President","Mal","52000000","325","344403","Sheet Metal ","6","0","1"
"181569","Phar Merica Inc","solutions@pharmerica.com","1123 Pearl St","5865738518","5085884600","591205","Pharmacies","www.pharmerica.com"," Email <---> Revenue ","243736","Phar Merica Inc","1123 Pearl St","Brockton","MA","02301","Plymouth","www.pharmerica.com","5085884600","5085873645","George Cayer","Manager","Mal","65697000","359","591205","Pharmacies","6","2","1"
"17946","Stanmar Inc","sthompson@stanmar-inc.com","130 Boston Post Rd","9784430479","9784439922","871201","Building Designers","www.stanmar-inc.com"," Email <---> Revenue ","289916","Stanmar Inc","130 Boston Post Rd","Sudbury","MA","01776","Middlesex","www.stanmar-inc.com","9784439922","9784430479","Stanley Snider","Owner","Mal","57300000","20","871201","Building Des","6","0","1"
"218984","Kerivan Lane Inc","tankprotection@kerivanlane.com","70 Chestnut St","7814496618","7814440279","517206","Oils-Fuel (Wholesale)","www.kerivanlane.com"," Email <---> Revenue ","175275","Kerivan Lane Inc","70 Chestnut St","Needham","MA","02492","Norfolk","www.kerivanlane.com","7814440279","7814496618","Sue Lane","Manager","Fem","50310000","15","517206","Oils-Fuel (W","6","0","1"
"27248","Nye Lubricants Inc","techhelp@nyelubricants.com","12 Howland Rd","5089975285","5089966721","299298","Lubricating Oils & Greases (Mfrs)","www.nyelubricants.com"," Email <---> Revenue ","229261","Nye Lubricants Inc","12 Howland Rd","Fairhaven","MA","02719","Bristol","www.nyelubricants.com","5089966721","5089975285","George Mock Iii","President","Mal","71706000","102","299298","Lubricating ","6","0","1"
"245993","American Dryer Corp","techsupport_solaris@amdry.com","88 Currant Rd","5086789447","5086789000","384104","Physicians & Surgeons Equip & Supls-Mfrs","www.amdry.com"," Email <---> Revenue ","20096","American Dryer Corp","88 Currant Rd","Fall River","MA","02720","Bristol","www.amdry.com","5086789000","5086789447","Dennis Slutsky","CEO","Mal","62720000","280","384104","Physicians &","6","0","1"
"254849","Wachusett Mountain","temerson@wachusett.com","499 Mountain Rd","9784645462","9784642300","701110","Skiing Centers & Resorts","www.wachusett.com"," Email <---> Revenue ","321133","Wachusett Mountain","499 Mountain Rd","Princeton","MA","01541","Worcester","www.wachusett.com","9784642300","9784645462","David Crowley","Manager","Mal","75000000","1000","701110","Skiing Cente","6","1","1"
"250062","Lockheed Martin Sippican","thomas.curran@lmco.com","7 Barnabas Rd","5087489568","5087481160","367901","Electronic Equipment & Supplies-Mfrs","www.sippican.com"," Email <---> Revenue ","188241","Lockheed Martin Sippican","7 Barnabas Rd","Marion","MA","02738","Plymouth","www.sippican.com","5087481160","5087489568","William E Walsh","CEO","Mal","73000000","490","367901","Electronic E","6","0","1"
"253786","Ecm Plastics Inc","twinslow@ecmplastics.com","53 Millbrook St","5087924968","5087560002","282101","Plastics-Raw Mtrls/Powder/Resin-Mfrs","www.ecmplastics.com"," Email <---> Revenue ","107492","Ecm Plastics Inc","53 Millbrook St","Worcester","MA","01606","Worcester","www.ecmplastics.com","5087560002","5087924968","Wayne Marquis","Owner","Mal","95500000","100","282101","Plastics-Raw","6","0","1"
"203840","General Cable Corp","us-sales@draka.com","20 Forge Pkwy","5703851092","5085417100","506312","Wire & Cable-Electric (Wholesale)","www.drakausa.com"," Email <---> Revenue ","130902","General Cable Corp","20 Forge Pkwy","Franklin","MA","02038","Norfolk","www.drakausa.com","5085417100","5085418122","","","","98700000","150","506312","Wire & Cable","6","0","1"
"217453","WNA Comet Products Inc","webmail1@wna.biz","6 Stuart Rd","8592928173","9782566553","308902","Plastics & Plastic Products (Mfrs)","www.wna-inc.com"," Email <---> Revenue ","320940","WNA Comet Products Inc","6 Stuart Rd","Chelmsford","MA","01824","Middlesex","www.wna-inc.com","9782566553","9782561614","David Gordon","CEO","Mal","60000000","17","308902","Plastics & P","6","0","1"
