mail id,company,email,address,phone,fax,sic,sic description,web,,revenue id,company,address,city,state,zip,	metro,web,phone,fax,contact,position,gender,sales,# of employee,sic,sic_descrpiton,	,,
"252597","Dartmouth Building Supply Inc","3cmsantos@dartmouthbuildingsupply.com","958 Reed Rd","5089913357","5089902389","521126","Building Materials","www.dartmouthbuildingsupply.com"," Email <---> Revenue ","91858","Dartmouth Building Supply Inc","958 Reed Rd","North Dartmouth","MA","02747","Bristol","www.dartmouthbuildingsupply.com","5089902389","5089913357","Joseph Delgado","Owner","Mal","25800000","100","521126","Building Mat","5","0","1"
"141834","American Network Products","aeseast@aeseast.com","60 Prospect St","6312074407","5088673801","573404","Computer Furniture","www.americaneaglesys.com"," Email <---> Revenue ","20828","American Network Products","60 Prospect St","North Brookfield","MA","01535","Worcester","www.networkcenter.com","5088673801","5088670263","John Foss","Manager","Mal","30046000","83","573404","Computer Fur","5","0","1"
"186616","Dunn & Co","Ann.Martineau@booktrauma.com","75 Green St","9783687867","9783687238","273198","Books-Publishing & Printing","NULL"," Email <---> Revenue ","103792","Dunn & Co","75 Green St","Clinton","MA","01510","Worcester","","9783687238","9783687867","Pete Heelan","President","Mal","34230000","105","273198","Books-Publis","5","2","1"
"212450","Arthur Blank & Co","apurcell@abco.com","225 Rivermoor St","6173271235","6173259600","308902","Plastics & Plastic Products (Mfrs)","www.arthurblank.com"," Email <---> Revenue ","27190","Arthur Blank & Co","225 Rivermoor St","West Roxbury","MA","02132","Suffolk","www.arthurblank.com","6173259600","6173271235","Stuart Blank","President","Mal","32800000","200","308902","Plastics & P","5","0","1"
"247662","Arrow International Inc","arrow.iberia@arrowintl-europe.com","9 Plymouth St","6173872157","6173896400","384104","Physicians & Surgeons Equip & Supls-Mfrs","www.arrowintl.com"," Email <---> Revenue ","26787","Arrow International Inc","9 Plymouth St","Everett","MA","02149","Middlesex","www.arrowintl.com","6173896400","6173872157","Donald Kirkpatrick","Plant Mgr","Mal","29120000","130","384104","Physicians &","5","0","1"
"168947","Sears Laboratories","Barry@zonediet.com","222 Rosewood Dr # 500","9785390090","9785390100","512203","Pharmaceutical Products-Wholesale","NULL"," Email <---> Revenue ","277023","Sears Laboratories","222 Rosewood Dr # 500","Danvers","MA","01923","Essex","www.zonediet.com","9785390100","9785390090","Barry Sears","President","Mal","44576000","32","512203","Pharmaceutic","5","0","1"
"200709","Brookline Public Works Dept","betsy@betsydewitt.com","333 Washington St","6177302258","6177302156","161104","Parking Area/Lots Maintenance & Marking","www.townofbrooklinemass.com"," Email <---> Revenue ","52708","Brookline Public Works Dept","333 Washington St","Brookline","MA","02445","Norfolk","www.townofbrooklinemass.com","6177302156","6177302258","A Thomas De Maio","Manager","Mal","43475000","185","161104","Parking Area","5","0","1"
"176886","Health Enterprises Industries","bleonard@healthenterprises.com","90 George Leven Dr","5086953061","5086950727","512203","Pharmaceutical Products-Wholesale","www.healthenterprises.com"," Email <---> Revenue ","145407","Health Enterprises Industries","90 George Leven Dr","North Attleboro","MA","02760","Bristol","www.healthenterprises.com","5086950727","5086953061","Arthur Leman","CEO","Mal","34825000","25","512203","Pharmaceutic","5","0","1"
"118028","Webco Chemical Corp","bobd@webco-chemical.com","420 W Main St","5089870366","5089439500","284101","Soaps & Detergents-Manufacturers","www.webco-chemical.com"," Email <---> Revenue ","324151","Webco Chemical Corp","420 W Main St","Dudley","MA","01571","Worcester","www.webco-chemical.com","5089439500","5089870366","Mark Puliafico","Owner","Mal","37700000","50","284101","Soaps & Dete","5","0","1"
"250316","Fortifiber Corp","buildingproducts@fortifiber.com","55 Starkey Ave","7755754995","5082223500","267298","Coated & Laminated Paper Nec (Mfrs)","www.fortifiber.com"," Email <---> Revenue ","124052","Fortifiber Corp","55 Starkey Ave","Attleboro","MA","02703","Bristol","www.fortifiber.com","5082223500","5082228831","Steve Fisk","Plant Mgr","Mal","29400000","75","267298","Coated & Lam","5","0","1"
"233714","Chemineer Inc","c.tan@chemineer.com","125 Flagship Dr","9374543230","9786870101","508225","Mixing & Agitation Machinery (Wholesale)","www.chemineer.com"," Email <---> Revenue ","69837","Chemineer Inc","125 Flagship Dr","North Andover","MA","01845","Essex","www.kenics.com","9786870101","9786878500","","","","26640000","40","508225","Mixing & Agi","5","0","1"
"243601","Barker Steel Co Inc","cabell@barker.com","55 Sumner St","5084738512","5084738484","344998","Structural Metal Work-Misc (Mfrs)","www.barker.com"," Email <---> Revenue ","35361","Barker Steel Co Inc","55 Sumner St","Milford","MA","01757","Worcester","www.barker.com","5084738484","5084738512","William Brack","CEO","Mal","29500000","404","344998","Structural M","5","0","1"
"242183","Dynasty International Inc","caralyn@dynastybos.com","365 Chelsea St","6175699052","6175695969","509905","Importers","www.dynastybos.com"," Email <---> Revenue ","104366","Dynasty International Inc","365 Chelsea St","East Boston","MA","02128","Suffolk","www.dynastybos.com","6175695969","6175699052","John D Fitzpatrick","Owner","Mal","28320000","30","509905","Importers","5","0","1"
"252819","Fiba Leasing Co Inc","chrisadams@fibatech.com","97 Turnpike Rd","5029699355","5083668361","356398","Air & Gas Compressors (Manufacturers)","www.fibatech.com"," Email <---> Revenue ","119266","Fiba Leasing Co Inc","97 Turnpike Rd","Westborough","MA","01581","Worcester","www.fibatech.com","5083668361","5083661915","John F Finn","President","Mal","29600000","100","356398","Air & Gas Co","5","0","1"
"206664","Tiax","collins.j@tiaxllc.com","15 Acorn Park","6174987200","6174985000","874213","Marketing Programs & Services","www.tiaxllc.com"," Email <---> Revenue ","305354","Tiax","15 Acorn Park","Cambridge","MA","02140","Middlesex","www.tiaxllc.com","6174985000","6174987200","Keenan Sahin","Owner","Mal","34000000","200","874213","Marketing Pr","5","0","1"
"236918","EMJ","comments@emjmetals.com","59 South St","6022781007","5084356854","505106","Steel-Distributors & Warehouses","www.emjmetals.com"," Email <---> Revenue ","105349","EMJ","59 South St","Hopkinton","MA","01748","Middlesex","www.emjmetals.com","5084356854","5084352520","Jim Hoffman","Manager","Mal","36645000","35","505106","Steel-Distri","5","0","1"
"209844","Harbor Sweets","corporate@harborsweets.com","85 Leavitt St","9787417811","9787457648","206601","Chocolate & Cocoa-Manufacturers","www.harborsweets.com"," Email <---> Revenue ","142976","Harbor Sweets","85 Leavitt St","Salem","MA","01970","Essex","www.harborsweets.com","9787457648","9787417811","Phyllis Le Blanc","Owner","Fem","48700000","100","206601","Chocolate & ","5","0","1"
"242440","Horizon House Publication","csheffres@mwjournal.com","685 Canton St","7817629230","7817699750","273101","Publishers-Book","www.horizonhouse.com"," Email <---> Revenue ","151175","Horizon House Publication","685 Canton St","Norwood","MA","02062","Norfolk","www.horizonhouse.com","7817699750","7817629230","William Bazzy","Owner","Mal","39120000","120","273101","Publishers-B","5","0","1"
"31240","Channing L Bete Co","custsvcs@channing-bete.com","200 State Rd","4136657117","4136657611","273101","Publishers-Book","www.ctcsurvey.com"," Email <---> Revenue ","68040","Channing L Bete Co","200 State Rd","South Deerfield","MA","01373","Franklin","www.ctcsurvey.com","4136657611","4136657117","Michael Bete","President","Mal","30000000","300","273101","Publishers-B","5","0","1"
"250368","Advance Reproductions Corp","dans@advancerepro.com","100 Flagship Dr","9786851771","9786852911","386198","Photographic Equip & Supplies-Mfrs","www.advancerepro.com"," Email <---> Revenue ","13130","Advance Reproductions Corp","100 Flagship Dr","North Andover","MA","01845","Essex","www.advancerepro.com","9786852911","9786851771","Tom Nigrelli","President","Mal","32775000","75","386198","Photographic","5","0","1"
"231302","New England Cable News","David.Lawson@necn.com","160 Wells Ave","6176305057","6176305000","483301","Television Stations & Broadcasting CO","NULL"," Email <---> Revenue ","221476","New England Cable News","160 Wells Ave","Newton","MA","02459","Middlesex","www.necn.com","6176305000","6176305057","Phillip S Balboni","President","Mal","45820000","145","483301","Television S","5","0","1"
"147860","Earth Tech Inc","dawn.pace@earthtech.com","196 Baker Ave","2146318428","9783714000","871120","Engineers-Environmental","www.earthtech.com"," Email <---> Revenue ","105902","Earth Tech Inc","196 Baker Ave","Concord","MA","01742","Middlesex","www.earthtech.com","9783714000","9783712468","Frank Gory","VP","Mal","31600000","200","871120","Engineers-En","5","0","1"
"193016","Danafilms Inc","ehanbury@danafilms.com","PO Box 624","5088980106","5083668884","308902","Plastics & Plastic Products (Mfrs)","NULL"," Email <---> Revenue ","90910","Danafilms Inc","5 Otis St","Westborough","MA","01581","Worcester","www.danafilms.com","5083668884","5088980106","Sherman V Olson","President","Mal","25000000","76","308902","Plastics & P","5","0","1"
"17546","EMCOR Facilities Svc Inc","emcor_info@emcorgroup.com","306 Northern Ave","8132532515","6174820323","871147","Engineering","www.emcorgroup.com"," Email <---> Revenue ","105332","EMCOR Facilities Svc Inc","306 Northern Ave","Boston","MA","02210","Suffolk","www.emcorgroup.com","6174820323","6179512991","Paul Asmar","Manager","Mal","42000000","25","871147","Engineering","5","0","1"
"256972","Potpourri Group","fbarnes@potpourrigroup.com","120 N Meadows Rd # 4","5083597215","5083597702","596102","Mail Order & Catalog Shopping","NULL"," Email <---> Revenue ","248898","Potpourri Group","120 N Meadows Rd # 4","Medfield","MA","02052","Norfolk","www.potpourrigift.com","5083597702","5083597215","Jack Rosenfeld","CEO","Mal","48840000","120","596102","Mail Order &","5","0","1"
"243665","Fiske Associates","fiskeinfo@aicompanies.com","2 Technology Way","7813208181","7813205656","384104","Physicians & Surgeons Equip & Supls-Mfrs","www.aicompanies.com"," Email <---> Revenue ","121659","Fiske Associates","2 Technology Way","Norwood","MA","02062","Norfolk","www.aicompanies.com","7813205656","7813208181","John Coughlin","President","Mal","26600000","84","384104","Physicians &","5","0","1"
"152945","G L Synthesis Inc","fluorosomes@glsynthesis.com","1 Innovation Dr","5087547075","5087546700","516916","Chemicals (Wholesale)","www.glsynthesis.com"," Email <---> Revenue ","128223","G L Synthesis Inc","1 Innovation Dr","Worcester","MA","01605","Worcester","www.glsynthesis.com","5087546700","5087547075","George E Wright","President","Mal","25025000","25","516916","Chemicals (W","5","0","1"
"247469","Modu Form","furniture@moduform.com","172 Industrial Rd","9783450188","9783457942","253198","Public Building/Related Furniture (Mfrs)","www.moduform.com"," Email <---> Revenue ","212387","Modu Form","172 Industrial Rd","Fitchburg","MA","01420","Worcester","www.moduform.com","9783457942","9783450188","William L Weissman","President","Mal","27700000","100","253198","Public Build","5","0","1"
"94743","People Care","GaryLawson@peoplecare.com","950 Cambridge St","6174411858","6174411743","806301","Mental Health Services","NULL"," Email <---> Revenue ","241457","People Care","950 Cambridge St","Cambridge","MA","02141","Middlesex","www.vinfen.com","6174411743","6174411858","Gary Lawson","President","Mal","33626000","25","806301","Mental Healt","5","0","1"
"238908","One Stop Business Ctr Inc","gerrym@osbc.net","21 Ray Ave","7812723416","7812724560","504403","Copying & Duplicating Machines & Supls","www.osbc.net"," Email <---> Revenue ","232211","One Stop Business Ctr Inc","21 Ray Ave","Burlington","MA","01803","Middlesex","www.osbc.net","7812724560","7812723416","Randy Gould","CEO","Mal","33300000","100","504403","Copying & Du","5","0","1"
"253220","Cutler Associates","gjohnson@cutlerdb.com","43 Harvard St","8136378884","5087577500","871112","Engineers-Construction","www.cutlerassociatesinc.com"," Email <---> Revenue ","87891","Cutler Associates","43 Harvard St","Worcester","MA","01609","Worcester","www.cutlerassociatesinc.com","5087577500","5087992068","Melvin S Cutler","CEO","Mal","25800000","100","871112","Engineers-Co","5","0","1"
"256089","Merrill Daniels","Goodwin@merrillcorp.com","40 Commercial St","6173895520","6173897900","275998","Commercial Printing Nec","NULL"," Email <---> Revenue ","206544","Merrill Daniels","40 Commercial St","Everett","MA","02149","Middlesex","www.merrillcorp.com","6173897900","6173895520","Ray Goodwin","President","Mal","43000000","400","275998","Commercial P","5","0","1"
"74154","Spectro Coating","Hemendra@spectrocoating.com","101 Scott Dr","9785344155","9785341800","226201","Flocking (Manufacturers)","NULL"," Email <---> Revenue ","286572","Spectro Coating","101 Scott Dr","Leominster","MA","01453","Worcester","www.spectrocoating.com","9785341800","9785344155","Hemendra Shah","President","Mal","25000000","100","226201","Flocking (Ma","5","0","1"
"92640","Market Forge Industries","hhamilton@mfii.com","35 Garvey St","6173874456","6173874100","504604","Restaurant Equipment & Supplies (Whol)","NULL"," Email <---> Revenue ","198103","Market Forge Industries","35 Garvey St","Everett","MA","02149","Middlesex","www.mfii.com","6173874100","6173874456","Harold Hamilton","President","Mal","29850000","75","504604","Restaurant E","5","0","1"
"256012","Forum Corp","holly.rowland@forum.com","265 Franklin St # 4","6173713300","6175237300","829931","Training Programs & Services","www.forum.com"," Email <---> Revenue ","124110","Forum Corp","265 Franklin St # 4","Boston","MA","02110","Suffolk","www.forum.com","6175237300","6173713300","E Baswell","CEO","Mal","48600000","35","829931","Training Pro","5","0","1"
"123411","B-K Medical Systems","inquire@bkmed.com","250 Andover St","9789881478","9789881078","504720","X-Ray Apparatus & Supplies (Wholesale)","www.bkmed.com"," Email <---> Revenue ","32904","B-K Medical Systems","250 Andover St","Wilmington","MA","01887","Middlesex","www.bkmed.com","9789881078","9789881478","Bill Gregory","President","Mal","32890000","55","504720","X-Ray Appara","5","0","1"
"237211","Butcher Co","irina.klemps@johnsondiversey.com","67 Forest St # 1","5084859998","5084815700","284298","Specialty Clng Plshng/Sanitation (Mfr)","www.butchers.com"," Email <---> Revenue ","55564","Butcher Co","67 Forest St # 1","Marlborough","MA","01752","Middlesex","www.butchers.com","5084815700","5084859998","","","","40000000","75","284298","Specialty Cl","5","0","1"
"246820","Central Automotive Warehouse","iyoung@jackyoungco.com","10 Braintree St","6172545374","6172540414","501313","Automobile Parts & Supplies-Wholesale","NULL"," Email <---> Revenue ","66569","Central Automotive Warehouse","10 Braintree St","Allston","MA","02134","Suffolk","www.jackyoungco.com","6172540414","6172545374","Irwin Young","Owner","Mal","27776000","62","501313","Automobile P","5","0","1"
"238917","Rizzo Associates Inc","jadams@rizzo.com","1 Grant St","5089032001","5089032000","871120","Engineers-Environmental","www.rizzo.com"," Email <---> Revenue ","264589","Rizzo Associates Inc","1 Grant St","Framingham","MA","01702","Middlesex","www.rizzo.com","5089032000","5089032001","Bill Rizzo","CEO","Mal","25000000","0","871120","Engineers-En","5","0","1"
"204728","Circles","Janet@circles.com","300 Congress St # 6","6176226220","6176226200","874214","Marketing Consultants","NULL"," Email <---> Revenue ","73144","Circles","300 Congress St # 6","Boston","MA","02210","Suffolk","www.circles.com","6176226200","6176226220","Janet Kraus","CEO","Fem","42500000","250","874214","Marketing Co","5","0","1"
"230912","John A Penney & Co","jciampa@johnpenney.com","270 Sidney St","6175474332","6175477744","173101","Electric Contractors","NULL"," Email <---> Revenue ","166987","John A Penney & Co","270 Sidney St","Cambridge","MA","02139","Middlesex","www.viscomsystems.com","6175477744","6175474332","John Penney","CEO","Mal","39600000","300","173101","Electric Con","5","2","1"
"203680","Kirwan Surgical Products Inc","jean.kirwan@kirwans.com","PO Box 427","7818340022","7818346600","384104","Physicians & Surgeons Equip & Supls-Mfrs","NULL"," Email <---> Revenue ","176974","Kirwan Surgical Products Inc","180 Enterprise Dr","Marshfield","MA","02050","Plymouth","www.kirwansurgical.com","7818346600","7818340022","Jean Kirwan","Owner","Fem","33600000","150","384104","Physicians &","5","0","1"
"229876","New England Detroit Diesel","Jeffrey.Manning@nedda.com","90 Bay State Rd","7812461218","7812461810","508414","Engines-Diesel (Wholesale)","NULL"," Email <---> Revenue ","221719","New England Detroit Diesel","90 Bay State Rd","Wakefield","MA","01880","Middlesex","www.nedda.com","7812461810","7812461218","Jeffrey Manning","President","Mal","46240000","85","508414","Engines-Dies","5","0","1"
"25354","Andover Coated Products Inc","jgatto@andover-healthcare.com","9 Fanaras Dr","9784620003","9784650044","384104","Physicians & Surgeons Equip & Supls-Mfrs","www.andovercoated.com"," Email <---> Revenue ","22326","Andover Coated Products Inc","9 Fanaras Dr","Salisbury","MA","01952","Essex","www.andovercoated.com","9784650044","9784620003","Thomas Murphy","Owner","Mal","40320000","180","384104","Physicians &","5","0","1"
"116988","E L Harvey & Sons","J-Harvey@elharvey.com","PO Box 1243","5088363040","5088363000","495302","Garbage Collection","NULL"," Email <---> Revenue ","104765","E L Harvey & Sons","68 Hopkinton Rd","Westborough","MA","01581","Worcester","","5088363000","5088363040","James Harvey","CEO","Mal","37975000","175","495302","Garbage Coll","5","0","1"
"215665","Borden & Remington Corp","jholthaus@boremco.com","106 Ferry St","5086725670","5086750096","289198","Adhesives & Sealants (Manufacturers)","www.boremco.com"," Email <---> Revenue ","46451","Borden & Remington Corp","106 Ferry St","Fall River","MA","02721","Bristol","www.boremco.com","5086750096","5086725670","William Greenan","Manager","Mal","25842000","59","289198","Adhesives & ","5","0","1"
"25947","Financial Planning Solutions","JLombardo@financialdesign.net","25 Prescott St # 32","7819386200","7819389383","628205","Financial Planning Consultants","NULL"," Email <---> Revenue ","119782","Financial Planning Solutions","25 Prescott St # 32","Woburn","MA","01801","Middlesex","","7819389383","7819386200","Jonathon Lombardo","President","Mal","25730000","62","628205","Financial Pl","5","0","1"
"233124","Ecological Fibers Inc","jmoss@ecofibers.com","40 Pioneer Dr","9785372238","9785370003","267298","Coated & Laminated Paper Nec (Mfrs)","NULL"," Email <---> Revenue ","107532","Ecological Fibers Inc","40 Pioneer Dr","Lunenburg","MA","01462","Worcester","www.ecofibers.com","9785370003","9785372238","Stephen Quill","President","Mal","28600000","80","267298","Coated & Lam","5","0","1"
"89995","Fraen Corp","joe.biagiotti@fraen.com","80 Newcrossing Rd","7819422426","7819422223","354106","Screw Machines & Equipment (Mfrs)","NULL"," Email <---> Revenue ","124746","Fraen Corp","80 Newcrossing Rd","Reading","MA","01867","Middlesex","","7819422223","7819422426","Peter Fuller","Owner","Mal","31356000","134","354106","Screw Machin","5","0","1"
"123139","Plantation Products","Joseph@plantationproducts.com","202 S Washington St","5082857333","5082855800","519105","Seeds & Bulbs-Wholesale","NULL"," Email <---> Revenue ","246755","Plantation Products","202 S Washington St","Norton","MA","02766","Bristol","","5082855800","5082857333","Joseph Raffaele","Owner","Mal","29925000","45","519105","Seeds & Bulb","5","0","1"
"234257","Russ Electric Inc","jstark@russelectric.com","99 Industrial Park Rd","7817494205","7817496000","361398","Switchgear/Switchboard Apparatus (Mfrs)","www.russelectric.com"," Email <---> Revenue ","270009","Russ Electric Inc","99 Industrial Park Rd","Hingham","MA","02043","Plymouth","www.russelectric.com","7817496000","7817494205","George A Whittaker","CEO","Mal","48800000","300","361398","Switchgear/S","5","0","1"
"191818","Zoar Outdoor","Karen@zoaroutdoor.com","PO Box 245","4133378436","4133394010","555111","Rafts-Dealers","NULL"," Email <---> Revenue ","334982","Zoar Outdoor","7 Main St","Charlemont","MA","01339","Franklin","www.zoaroutdoor.com","4133394010","4133378436","Karen Blom","Owner","Fem","33200000","100","555111","Rafts-Dealer","5","0","1"
"251834","T F Kinnealey & Co","kevinr@kinnealey.com","1000 Massachusetts Ave","6179330257","6174421200","514704","Meat-Wholesale","www.kinnealey.com"," Email <---> Revenue ","299286","T F Kinnealey & Co","1000 Massachusetts Ave","Boston","MA","02118","Suffolk","www.kinnealey.com","6174421200","6179330257","John Kinnealey","President","Mal","25000000","100","514704","Meat-Wholesa","5","0","1"
"113604","Atex Media Command Inc","lcarey@atex.com","24 Crosby Dr","8137391700","7812752323","737999","Computer Related Services Nec","www.amc.com"," Email <---> Revenue ","28894","Atex Media Command Inc","24 Crosby Dr","Bedford","MA","01730","Middlesex","www.atex.com","7812752323","7812661654","John Hawkins","CEO","Mal","40250000","250","737999","Computer Rel","5","0","1"
"247979","Frank I Rounds Co","leee@frounds.com","65 York Ave","7819632067","7819636440","507420","Boilers-New & Used (Wholesale)","NULL"," Email <---> Revenue ","125394","Frank I Rounds Co","65 York Ave","Randolph","MA","02368","Norfolk","www.frankirounds.com","7819636440","7819632067","Lee Ehrenzeller","President","Mal","29820000","60","507420","Boilers-New ","5","0","1"
"113561","Globe Fish Co","leon.weinstein@globefishcompany.com","310 Northern Ave","6174236973","6174237195","514601","Seafood-Wholesale","NULL"," Email <---> Revenue ","134106","Globe Fish Co","310 Northern Ave","Boston","MA","02210","Suffolk","www.globefishcompany.com","6174237195","6174236973","Leon Weinstein","Owner","Mal","25080000","40","514601","Seafood-Whol","5","0","1"
"249691","Crown Linen Svc","lflanders@crownuniform.com","39 Damrell St","6172695314","6172695310","508724","Janitors Equipment/Supplies (Wholesale)","www.crownuniform.com"," Email <---> Revenue ","86140","Crown Linen Svc","39 Damrell St","South Boston","MA","02127","Suffolk","www.crownuniform.com","6172695310","6172695314","Chris Spilios","Owner","Mal","27680000","80","508724","Janitors Equ","5","0","1"
"230782","Linkage Inc","linkandlearn@linkageinc.com","16 New England Executive Park","7818622355","7818623157","874825","Educational Consultants","www.linkage-inc.com"," Email <---> Revenue ","187005","Linkage Inc","16 New England Executive Park","Burlington","MA","01803","Middlesex","www.linkage-inc.com","7818623157","7818622355","Phillip Harkins","President","Mal","29250000","130","874825","Educational ","5","2","1"
"94097","Giguere & Marchand Oil Svc","Louise@gmoil.com","25 Montcalm Ave","5088836011","5088836010","517206","Oils-Fuel (Wholesale)","NULL"," Email <---> Revenue ","132846","Giguere & Marchand Oil Svc","25 Montcalm Ave","Blackstone","MA","01504","Worcester","www.gmoil.com","5088836010","5088836011","Louise Le Blanc","President","Fem","43602000","13","517206","Oils-Fuel (W","5","0","1"
"151504","Sweatland-Payless Oil","lrsinc@vgernet.net","25 Industrial Dr","4134455845","4134436461","517206","Oils-Fuel (Wholesale)","www.sweatlandoil.com"," Email <---> Revenue ","298248","Sweatland-Payless Oil","25 Industrial Dr","Pittsfield","MA","01201","Berkshire","www.sweatlandoil.com","4134436461","4134455845","John Bates","Manager","Mal","36894000","11","517206","Oils-Fuel (W","5","0","1"
"235554","Merrimack Pharmaceuticals","M.Robert@merrimackpharma.com","101 Binney St","6174911386","6174910771","512203","Pharmaceutical Products-Wholesale","NULL"," Email <---> Revenue ","206656","Merrimack Pharmaceuticals","101 Binney St","Cambridge","MA","02142","Middlesex","www.merrimackpharma.com","6174910771","6174911386","Robert Mulroy","Owner","Mal","41790000","30","512203","Pharmaceutic","5","0","1"
"252804","Emerson & Cummings Microwave","marco@hk.eccosorb.com","28 York Ave","7819612845","7819619600","509908","Manufacturers-Agents & Representatives","www.eccosorb.com"," Email <---> Revenue ","111061","Emerson & Cummings Microwave","28 York Ave","Randolph","MA","02368","Norfolk","www.eccosorb.com","7819619600","7819612845","Michael Carpenter","President","Mal","26432000","28","509908","Manufacturer","5","0","1"
"214295","American Building Maintenance","margaret.gan-garrison@carrier.utc.com","383 Dorchester Ave # 2","5123023988","6173076284","734902","Janitor Service","www.abm.com"," Email <---> Revenue ","19889","American Building Maintenance","383 Dorchester Ave # 2","South Boston","MA","02127","Suffolk","www.abm.com","6173076284","6173076304","Jay Halloran","Manager","Mal","37200000","1200","734902","Janitor Serv","5","0","1"
"234688","Eddington Thread Mfg Co","mary@edthread.com","93 Grand St","5087577477","5087577468","513107","Thread (Wholesale)","www.eddingtonthread.com"," Email <---> Revenue ","107883","Eddington Thread Mfg Co","93 Grand St","Worcester","MA","01610","Worcester","www.eddingtonthread.com","5087577468","5087577477","Sorin Gatej","Plant Mgr","","37290000","55","513107","Thread (Whol","5","0","1"
"246714","Interstate Container","mbanks@unitedcorrstack.com","240 Industrial Ave E","9784584475","9784584555","265301","Corrugated & Solid Fiber Boxes (Mfrs)","www.iclowell.com"," Email <---> Revenue ","157483","Interstate Container","240 Industrial Ave E","Lowell","MA","01852","Middlesex","www.iclowell.com","9784584555","9784584475","Henry Faria","Plant Mgr","Mal","37380000","140","265301","Corrugated &","5","0","1"
"71935","Morgan Linen & Uniform","mcclelland@morganservices.com","941 Massachusetts Ave","6194773972","6174454800","502327","Mats & Matting (Wholesale)","www.morganservices.com"," Email <---> Revenue ","213673","Morgan Linen & Uniform","941 Massachusetts Ave","Roxbury","MA","02118","Suffolk","www.morganservices.com","6174454800","6174458807","Ron Brumbalow","Manager","Mal","44560000","80","502327","Mats & Matti","5","0","1"
"31242","DFF Corp","mcurran@dffcorp.com","79 Abrams Dr","4137860825","4137868880","359903","Machine Shops","www.dffcorp.com"," Email <---> Revenue ","89771","DFF Corp","79 Abrams Dr","Agawam","MA","01001","Hampden","www.dffcorp.com","4137868880","4137860825","Ernest Denby","CEO","Mal","33400000","100","359903","Machine Shop","5","0","1"
"44837","Lawrence R Mc Coy & Co Inc","michael.riese@lrmccoy.com","100 Front St # 700","NULL","5083687700","503109","Lumber-Wholesale","NULL"," Email <---> Revenue ","182578","Lawrence R Mc Coy & Co Inc","100 Front St # 700","Worcester","MA","01608","Worcester","www.lrmccoy.com","5083687700","","John Allen","CEO","Mal","35300000","50","503109","Lumber-Whole","5","0","1"
"102517","Electronic Fasteners Inc","miki-h@electronicfasteners.com","305 Winter St","7818902042","7818907780","507201","Bolts & Nuts (Wholesale)","www.electronicfasteners.com"," Email <---> Revenue ","109576","Electronic Fasteners Inc","305 Winter St","Waltham","MA","02451","Middlesex","www.electronicfasteners.com","7818907780","7818902042","Steven Damalas","President","Mal","25900000","50","507201","Bolts & Nuts","5","0","1"
"228419","Coghlin Electrical Contractors","missupport@coghlin.com","100 Prescott St","5087930303","5087930300","173101","Electric Contractors","www.coghlin.com"," Email <---> Revenue ","76493","Coghlin Electrical Contractors","100 Prescott St","Worcester","MA","01605","Worcester","www.coghlin.com","5087930300","5087930303","Ted Coghlin","Owner","Mal","26400000","200","173101","Electric Con","5","2","1"
"19711","Hanna Paper Recycling Inc","mmillar@hannapaper.com","31 Suffolk Rd","5083373355","5083393210","509312","Recycling Centers (Wholesale)","www.hannapaper.com"," Email <---> Revenue ","142409","Hanna Paper Recycling Inc","31 Suffolk Rd","Mansfield","MA","02048","Bristol","www.hannapaper.com","5083393210","5083373355","Joseph Jelson","VP","Mal","26340000","60","509312","Recycling Ce","5","0","1"
"224115","Newman Associates","N_Henry@newmanassoc.com","80 Hudson Rd # 200","7813264757","7813294000","507205","Fasteners-Industrial (Wholesale)","NULL"," Email <---> Revenue ","223821","Newman Associates","80 Hudson Rd # 200","Canton","MA","02021","Norfolk","www.newmanassoc.com","7813294000","7813264757","Henry Newman","Owner","Mal","31080000","60","507205","Fasteners-In","5","0","1"
"254074","Onset Computer Corp","newproducts@onsetcomp.com","470 Macarthur Blvd","5087599100","5087599500","357702","Computer Peripherals (Manufacturers)","www.onsetcomp.com"," Email <---> Revenue ","232369","Onset Computer Corp","470 Macarthur Blvd","Bourne","MA","02532","Barnstable","www.onsetcomp.com","5087599500","5087599100","Mark Mc Sherry","President","Mal","31960000","85","357702","Computer Per","5","0","1"
"193858","Hazen Paper Co","papers@hazen.com","240 S Water St","4135331420","4135388204","261101","Paper Converters (Manufacturers)","www.hazen.com"," Email <---> Revenue ","145064","Hazen Paper Co","240 S Water St","Holyoke","MA","01040","Hampden","www.hazen.com","4135388204","4135331420","John Hazen","President","Mal","47400000","185","261101","Paper Conver","5","0","1"
"220724","Tannin Corp","paul.deprimio@tannincorp.com","65 Walnut St","9785325536","9785324010","509905","Importers","NULL"," Email <---> Revenue ","300824","Tannin Corp","65 Walnut St","Peabody","MA","01960","Essex","","9785324010","9785325536","Thomas W Thompson","President","Mal","30208000","32","509905","Importers","5","0","1"
"181742","Sencorp Systems Inc","pbrown@sencorp-inc.com","400 Kidds Hill Rd","5087900002","5087719400","356502","Packaging Machinery-Manufacturers","NULL"," Email <---> Revenue ","277845","Sencorp Systems Inc","400 Kidds Hill Rd","Hyannis","MA","02601","Barnstable","www.sencorp-inc.com","5087719400","5087900002","Brian Urban","President","Mal","26130000","130","356502","Packaging Ma","5","0","1"
"245499","Lund International","piper.info@lundonline.com","571 Main St","9785624449","9785624444","342501","Blades (Manufacturers)","www.lundonline.com"," Email <---> Revenue ","190520","Lund International","571 Main St","Hudson","MA","01749","Middlesex","www.lundonline.com","9785624444","9785624449","John Schwanbeck","President","Mal","25000000","21","342501","Blades (Manu","5","0","1"
"245922","Color Kinetics Inc","pkallmes@colorkinetics.com","10 Milk St # 1100","6174239999","6174239999","364501","Lighting Equipment-Manufacturers","www.colorkinetics.net"," Email <---> Revenue ","77637","Color Kinetics Inc","10 Milk St # 1100","Boston","MA","02108","Suffolk","www.colorkinetics.net","6174239999","","George G Mueller","CEO","Mal","40150000","76","364501","Lighting Equ","5","0","1"
"143236","Irving Oil Terminals Inc","recruitment@iol.com","41 Lee Burbank Hwy","7812893229","7812894201","517206","Oils-Fuel (Wholesale)","www.irvingoil.com"," Email <---> Revenue ","158159","Irving Oil Terminals Inc","41 Lee Burbank Hwy","Revere","MA","02151","Suffolk","www.irvingoil.com","7812894201","7812893229","","","","43602000","13","517206","Oils-Fuel (W","5","0","1"
"213592","Metropolitan Telephone","richardg@spiritwolfx.com","777 Providence Hwy","4102358382","5086683200","506511","Telephone Equip/Systs-Supls/Parts (Whol)","www.pricemodern.com"," Email <---> Revenue ","207456","Metropolitan Telephone","777 Providence Hwy","Walpole","MA","02081","Norfolk","www.mettel.com","5086683200","5086687369","","","","40400000","40","506511","Telephone Eq","5","0","1"
"255285","Home Made Brand Foods Inc","rick.walters@hmbf.com","2 Opportunity Way","9784627117","9784623663","209913","Salad Products-Manufacturers","NULL"," Email <---> Revenue ","150251","Home Made Brand Foods Inc","2 Opportunity Way","Newburyport","MA","01950","Essex","www.hmbf.com","9784623663","9784627117","Rick Walters","President","Mal","41400000","150","209913","Salad Produc","5","0","1"
"165141","Perstorp Compounds Inc","rob@2disc.com","238 Nonotuck St","4135864089","4135842472","282105","Resins-Manufacturers","www.thermosets.com"," Email <---> Revenue ","242514","Perstorp Compounds Inc","238 Nonotuck St","Florence","MA","01062","Hampshire","www.thermosets.com","4135842472","4135864089","Donald Morrison","Manager","Mal","41065000","43","282105","Resins-Manuf","5","0","1"
"76141","Packaging Corp Of America","robert.park@packagingcorp.com","525 Mount Tom Rd","4135869652","413-584-6132","2653","Corrugated and Solid Fiber Boxes","NULL"," Email <---> Revenue ","235570","Packaging Corp Of America","525 Mount Tom Rd","Northampton","MA","01060","Hampshire","www.packagingcorp.com","4135846132","4135869652","Charles Hatch","Manager","Mal","32040000","120","265301","Corrugated &","5","0","1"
"164355","Metals USA","robertmcpherson@metalsusa.com","10 Tower Rd","5044313060","5083998500","505106","Steel-Distributors & Warehouses","www.metalsusa.com"," Email <---> Revenue ","206972","Metals USA","10 Tower Rd","Seekonk","MA","02771","Bristol","www.metalsusa.com","5083998500","5083996120","Ernie Lantagne","Manager","Mal","33504000","32","505106","Steel-Distri","5","0","1"
"254940","Weston Nurseries Inc","ruthg@westonnurseries.com","93 E Main St","5084353274","5084353414","526104","Garden Centers","www.westonnurseries.com"," Email <---> Revenue ","326533","Weston Nurseries Inc","93 E Main St","Hopkinton","MA","01748","Middlesex","www.westonnurseries.com","5084353414","5084353274","Wayne Mezitt","Owner","Mal","27135000","201","526104","Garden Cente","5","0","1"
"253033","C H Powell Co","rwpowell@chpowell.com","47 Harvard St","6307739357","7814103200","509901","Exporters","www.chpowell.com"," Email <---> Revenue ","56650","C H Powell Co","47 Harvard St","Westwood","MA","02090","Norfolk","www.chpowell.com","7814103200","7814103223","Peter H Powell Sr","CEO","Mal","28320000","30","509901","Exporters","5","0","1"
"38642","Battlegreen Food Svc","S-David@battlegreen.net","836 North St","9786400225","9786401112","514102","Food Brokers","NULL"," Email <---> Revenue ","36589","Battlegreen Food Svc","836 North St","Tewksbury","MA","01876","Middlesex","www.battlegreen.net","9786401112","9786400225","David Soutter","Owner","Mal","30699000","27","514102","Food Brokers","5","0","1"
"201998","Action Automation & Controls","shirleyp@actionauto.com","10 Larsen Way","5086992060","5086997411","506328","Controls Control Systs/Regulators (Whol)","www.actionauto.com"," Email <---> Revenue ","11742","Action Automation & Controls","10 Larsen Way","North Attleboro","MA","02763","Bristol","www.actionauto.com","5086997411","5086992060","Robert Pompei","Owner","Mal","46060000","70","506328","Controls Con","5","0","1"
"202706","Trubilt Truck Body Co Inc","shop@jillybeansbaby.com","105 Highland St","5084730340","5084730340","501213","Truck Bodies & Equipment (Wholesale)","www.trubiltvans.com"," Email <---> Revenue ","310743","Trubilt Truck Body Co Inc","105 Highland St","Milford","MA","01757","Worcester","www.trubiltvans.com","5084730340","","Richard E Wellman","President","Mal","29600000","8","501213","Truck Bodies","5","0","1"
"242487","Simplex Grinnell","simplex@omegascoreboard.com","63 Nahatan St","5015654944","7818285310","355909","Special Industry Machinery Nec (Mfrs)","www.simplexgrinnell.com"," Email <---> Revenue ","281795","Simplex Grinnell","63 Nahatan St","Norwood","MA","02062","Norfolk","www.simplexgrinnell.com","7818285310","6172448197","Rich Howard","Manager","Mal","37800000","200","355909","Special Indu","5","0","1"
"103849","Argotec Inc","skane@argotecinc.com","49 Greenfield St","4137722565","4137722564","282103","Plastics-Manufacturers","NULL"," Email <---> Revenue ","26112","Argotec Inc","49 Greenfield St","Greenfield","MA","01301","Franklin","www.argotecinc.com","4137722564","4137722565","Steve Wolkenbreit","Owner","Mal","47750000","50","282103","Plastics-Man","5","0","1"
"211842","Fibertec Inc","smatthews@fibertecinc.com","35 Scotland Blvd","5086977140","5086975100","282102","Fiber Glass Products-Manufacturers","www.fibertecinc.com"," Email <---> Revenue ","119301","Fibertec Inc","35 Scotland Blvd","Bridgewater","MA","02324","Plymouth","www.fibertecinc.com","5086975100","5086977140","Joseph Aten","President","Mal","33425000","35","282102","Fiber Glass ","5","0","1"
"57147","Babbitt Steam Specialty Co","sprocket@babbittsteam.com","800 Mount Pleasant St","5089952701","5089959533","508444","Pumps (Wholesale)","www.babbittsteam.com"," Email <---> Revenue ","33402","Babbitt Steam Specialty Co","800 Mount Pleasant St","New Bedford","MA","02745","Bristol","www.babbittsteam.com","5089959533","5089952701","John Babbitt","President","Mal","27200000","50","508444","Pumps (Whole","5","0","1"
"114215","Far East Enterprises Inc","steve@fareastpcb.com","1900 W Park Dr # 200","5083666400","5083666400","509905","Importers","www.fareastpcb.com"," Email <---> Revenue ","117867","Far East Enterprises Inc","1900 W Park Dr # 200","Westborough","MA","01581","Worcester","www.fareastpcb.com","5083666400","","Andrea Miller","Owner","Fem","47300000","5","509905","Importers","5","0","1"
"246699","Cabot Coach Builder Inc","steve@royalelimo.com","99 Newark St","9785215425","9783744530","371102","Automobile-Manufacturers","www.royalelimo.com"," Email <---> Revenue ","58425","Cabot Coach Builder Inc","99 Newark St","Haverhill","MA","01832","Essex","www.royalelimo.com","9783744530","9785215425","Cabot Smith","President","Mal","45600000","50","371102","Automobile-M","5","0","1"
"134672","Old Neighborhood Foods","T.D@thinntrim.com","37 Waterhill St","7815957523","7815920014","201398","Sausages/Other Prepared Meat Prod (Mfrs)","NULL"," Email <---> Revenue ","231153","Old Neighborhood Foods","37 Waterhill St","Lynn","MA","01905","Essex","","7815920014","7815957523","Thomas Demakes","President","Mal","33400000","240","201398","Sausages/Oth","5","0","1"
"257075","Comtronics Corp","techjobs@radioshop.com","1230 Furnace Brook Pkwy","6177700429","6177700212","506504","Radio Communication Equip & Systems-Whol","www.radioshop.com"," Email <---> Revenue ","79963","Comtronics Corp","1230 Furnace Brook Pkwy","Quincy","MA","02169","Norfolk","www.radioshop.com","6177700212","6177700429","Catherine Leonard","Owner","Fem","25250000","25","506504","Radio Commun","5","0","1"
"219223","Sprague Energy","tkeaveney@spragueenergy.com","728 Southern Artery","2075486592","6178470993","517206","Oils-Fuel (Wholesale)","www.spragueenergy.com"," Email <---> Revenue ","287458","Sprague Energy","728 Southern Artery","Quincy","MA","02169","Norfolk","www.spragueenergy.com","6178470993","6177709441","Steven Cipullo","Manager","Mal","33540000","10","517206","Oils-Fuel (W","5","0","1"
"238992","Tool Mex Corp Tool Div","tools@toolmex.com","1075 Worcester Rd","8569109480","5086538897","507213","Tools (Wholesale)","www.toolmex.com"," Email <---> Revenue ","307188","Tool Mex Corp Tool Div","1075 Worcester Rd","Natick","MA","01760","Middlesex","www.toolmex.com","5086538897","5086535110","Arkadiusz Kielb","President","Mal","31400000","0","507213","Tools (Whole","5","0","1"
"228887","Berkshire Corp","usa@berkshire.com","21 River St","4135282614","4135282602","267602","Sanitary Paper Products (Manufacturers)","www.berkshire.com"," Email <---> Revenue ","40502","Berkshire Corp","21 River St","Great Barrington","MA","01230","Berkshire","www.berkshire.com","4135282602","4135282614","","","","39600000","75","267602","Sanitary Pap","5","0","1"
"221166","AMICAS Inc","wburns@amicas.com","20 Guest St # 200","NULL","6177797878","384104","Physicians & Surgeons Equip & Supls-Mfrs","NULL"," Email <---> Revenue ","9224","AMICAS Inc","20 Guest St # 200","Brighton","MA","02135","Suffolk","www.vitalworks.com","6177797878","","Stephen N Kahane","CEO","Mal","42319000","687","384104","Physicians &","5","0","1"
"145961","Rolls-Royce Naval Marine Inc","yoji.ohashi@rolls-royce.com","110 Norfolk St","5086685638","5086689610","373202","Boat Equipment & Supplies-Manufacturers","NULL"," Email <---> Revenue ","267596","Rolls-Royce Naval Marine Inc","110 Norfolk St","Walpole","MA","02081","Norfolk","","5086689610","5086685638","Patrick J Marolda","President","Mal","48400000","250","373202","Boat Equipme","5","0","1"
"190928","Barry Controls","Yurovach-Daniel@bodi.com","PO Box 9105","6172547381","6177871555","349903","Metal Goods-Manufacturers","NULL"," Email <---> Revenue ","35917","Barry Controls","40 Guest St","Brighton","MA","02135","Suffolk","","6177871555","6172547381","Daniel Yurovach","President","Mal","41100000","300","349903","Metal Goods-","5","0","1"
