mail id,company,email,address,phone,fax,sic,sic description,web,,revenue id,company,address,city,state,zip,	metro,web,phone,fax,contact,position,gender,sales,# of employee,sic,sic_descrpiton,	,,
"56238","Lyne Laboratories","bwalker@lyne.com","10 Burke Dr","5085839120","5085830943","283404","Drug Millers","NULL"," Email <---> Revenue ","190935","Lyne Laboratories","10 Burke Dr","Brockton","MA","02301","Plymouth","","5085830943","5085839120","Steve Trallo","Owner","Mal","53900000","70","283404","Drug Millers","6","0","1"
"232263","Beacon Sales Co","stratford@beaconsales.com","50 Webster Ave","6036687064","6176662800","229506","Waterproofing Materials-Manufacturers","www.beaconsales.com"," Email <---> Revenue ","38044","Beacon Sales Co","50 Webster Ave","Somerville","MA","02143","Middlesex","www.beaconsales.com","6176662800","6176292939","Andrew Logie","President","Mal","56000000","10","229506","Waterproofin","6","0","1"
"101360","Haartz Corp","jgardner@haartz.com","87 Hayward Rd","9782642601","9782642600","229598","Coated Fabrics-Not Rubberized (Mfrs)","NULL"," Email <---> Revenue ","140486","Haartz Corp","87 Hayward Rd","Acton","MA","01720","Middlesex","www.haartz.com","9782642600","9782642601","Eric R Haartz","CEO","Mal","87150000","350","229598","Coated Fabri","6","0","1"
"147432","Leasecomm Corp","linda@gallerytravel.com","950 Winter St","7818901368","7818900369","735933","Leasing Service","www.gallerytravel.com"," Email <---> Revenue ","183181","Leasecomm Corp","950 Winter St","Waltham","MA","02451","Middlesex","www.gallerytravel.com","7818900369","7818901368","Peter Bleyleben","President","Mal","76700000","0","735933","Leasing Serv","6","0","1"
"257246","Northern Business Machines Inc","johnp@nbminc.com","24 Terry Ave","6036239875","7812722034","504403","Copying & Duplicating Machines & Supls","www.nbminc.com"," Email <---> Revenue ","227980","Northern Business Machines Inc","24 Terry Ave","Burlington","MA","01803","Middlesex","www.nbminc.com","7812722034","7812709799","William Tracia","Owner","Mal","26640000","80","504403","Copying & Du","5","0","1"
"92928","Global NAPS","GangiF@reverekarate.com","10 Merrymount Rd","6175015201","6176893200","481304","Telephone Companies","NULL"," Email <---> Revenue ","133984","Global NAPS","10 Merrymount Rd","Quincy","MA","02169","Norfolk","www.reverekarate.com","6176893200","6175015201","Frank Gangi","Owner","Mal","33300000","100","481304","Telephone Co","5","0","1"
"256132","Creative Office Pavilion","kbuffo@cop-inc.com","1 Design Center Pl # 734","2078540326","6179564100","502112","Office Furniture & Equip-Dealers (Whol)","www.cop-inc.com"," Email <---> Revenue ","85240","Creative Office Pavilion","1 Design Center Pl # 734","Boston","MA","02210","Suffolk","www.cop-inc.com","6179564100","6174266541","Joseph Gardner","President","Mal","45680000","80","502112","Office Furni","5","0","1"
"187880","Entwistle Co","jfield@entwistleco.com","6 Bigelow St","5084814004","5084814000","354901","Wire & Cable Machinery-Manufacturers","www.entwistleco.com"," Email <---> Revenue ","112200","Entwistle Co","6 Bigelow St","Hudson","MA","01749","Middlesex","www.entwistleco.com","5084814000","5084814004","Herbert I Corkin","CEO","Mal","36700000","200","354901","Wire & Cable","5","0","1"
"238821","Energy North Inc","smadkour@energynorthgroup.com","315 Main St","9786646815","9786649567","517210","Gasoline & Oil-Wholesale","www.energytogo.com"," Email <---> Revenue ","111688","Energy North Inc","315 Main St","North Reading","MA","01864","Middlesex","www.energytogo.com","9786649567","9786646815","Ken Black","President","Mal","33540000","10","517210","Gasoline & O","5","0","1"
"210981","Thermal Circuit Corp","808heat@thermalcircuits.com","1 Technology Way","9787413420","9787451162","358510","Electric Heating Equipment-Manufacturers","www.thermalcircuits.com"," Email <---> Revenue ","303967","Thermal Circuit Corp","1 Technology Way","Salem","MA","01970","Essex","www.thermalcircuits.com","9787451162","9787413420","","","","19725000","75","358510","Electric Hea","4","0","1"
"214580","Radant Technologies Inc","jmaciel@radanttechnologies.com","255 Hudson Rd","9785626277","9785623866","367904","Antennas-Manufacturers","www.radanttechnologies.com"," Email <---> Revenue ","256781","Radant Technologies Inc","255 Hudson Rd","Stow","MA","01775","Middlesex","www.radanttechnologies.com","9785623866","9785626277","John Sureau","President","Mal","17920000","80","367904","Antennas-Man","4","0","1"
"223451","Nichols Aircraft Div","c-parker@parker.com","14 Robbins Pond Rd","7126239056","9787841200","359401","Fluid Power Pumps & Motors (Mfrs)","www.parker.com"," Email <---> Revenue ","224542","Nichols Aircraft Div","14 Robbins Pond Rd","Devens","MA","01434","Middlesex","www.parker.com","9787841200","9787841400","Greg Crowe","Plant Mgr","Mal","15246000","130","359401","Fluid Power ","4","0","1"
"247223","Valley Communications Systems","michaelh@valleycommunications.com","20 1st Ave","4135924682","4135924136","489999","Communications Services Nec","www.valleycommunications.com"," Email <---> Revenue ","316425","Valley Communications Systems","20 1st Ave","Chicopee","MA","01020","Hampden","www.valleycommunications.com","4135924136","4135924682","James E Tremble","President","Mal","11300000","90","489999","Communicatio","4","0","1"
"186047","MIS Training Institute Inc","mis@misti.com","498 Concord St","5088721153","5088797999","737104","Data Systems Consultants & Designers","www.mis-training.com"," Email <---> Revenue ","192745","MIS Training Institute Inc","498 Concord St","Framingham","MA","01702","Middlesex","www.mis-training.com","5088797999","5088721153","Michael Sobol","Owner","Mal","12240000","60","737104","Data Systems","4","0","1"
"208156","Alpha Rho Inc","detall@alpharho.com","99 Stevens Rd","9783421443","9783456717","308907","Boxes-Plastic & Transparent (Mfrs)","www.alpharho.com"," Email <---> Revenue ","18811","Alpha Rho Inc","99 Stevens Rd","Fitchburg","MA","01420","Worcester","www.alpharho.com","9783456717","9783421443","Alvin Tall","Owner","Mal","5740000","35","308907","Boxes-Plasti","3","0","1"
"125902","Bigelow Electrical Co Inc","george@bigelowelec.com","1 Pullman St","5088532010","5088525000","506333","Electric Motors-Dlrs/Repairing (Whol)","www.bigelowelec.com"," Email <---> Revenue ","42692","Bigelow Electrical Co Inc","1 Pullman St","Worcester","MA","01606","Worcester","www.bigelowelec.com","5088525000","5088532010","Scott Bigelow","Owner","Mal","7238000","11","506333","Electric Mot","3","0","1"
"249052","St Pierre Chain & Wire Rope","Henry@stpierreusa.com","317 E Mountain St","5088533860","5088538010","508528","Chains (Wholesale)","NULL"," Email <---> Revenue ","289221","St Pierre Chain & Wire Rope","317 E Mountain St","Worcester","MA","01606","Worcester","www.stpierreusa.com","5088538010","5088533860","Henry St Pierre","President","Mal","9720000","40","346201","Forgings (Ma","3","0","1"
"26820","Seven Cycles Inc","jennifer.miller@sevencycles.com","125 Walnut St","6179237757","6179237774","375102","Bicycle Fabricators","NULL"," Email <---> Revenue ","278453","Seven Cycles Inc","125 Walnut St","Watertown","MA","02472","Middlesex","www.sevencycles.com","6179237774","6179237757","Rob Vandermark","President","Mal","8436000","37","375102","Bicycle Fabr","3","0","1"
"111646","Impact Technical Sales","jsacco@impactts.com","1 New England Executive Park","7812388886","7812388888","367401","Semiconductor Devices (Manufacturers)","NULL"," Email <---> Revenue ","154663","Impact Technical Sales","1 New England Executive Park","Burlington","MA","01803","Middlesex","","7812388888","7812388886","Jim Sacco","Owner","Mal","5130000","10","367401","Semiconducto","3","0","1"
"207947","Rockwell Automation","llevecke@ra.rockwell.com","100 Nickerson Rd","8043304921","5084854447","369902","Electric Equipment-Manufacturers","www.rockwellautomation.com"," Email <---> Revenue ","266964","Rockwell Automation","100 Nickerson Rd","Marlborough","MA","01752","Middlesex","www.rockwellautomation.com","5084854447","5084854977","Joseph Sousa","Manager","Mal","7750000","50","369902","Electric Equ","3","0","1"
"147710","P D Lazarus & Co","peter@pdlazarusco.com","3 Beacon Heights Ln","7816390217","7816390387","509908","Manufacturers-Agents & Representatives","www.pdlazarusco.com"," Email <---> Revenue ","234583","P D Lazarus & Co","3 Beacon Heights Ln","Marblehead","MA","01945","Essex","www.pdlazarusco.com","7816390387","7816390217","Peter Lazarus","Owner","Mal","5664000","6","509908","Manufacturer","3","0","1"
"108334","Reggio Register Co","reggio@reggioregister.com","20 Central Ave","9787725513","9787723493","508543","Grilles & Registers & Diffusers (Whol)","www.reggioregister.com"," Email <---> Revenue ","260184","Reggio Register Co","20 Central Ave","Ayer","MA","01432","Middlesex","www.reggioregister.com","9787723493","9787725513","Michael Reggio","Owner","Mal","7410000","13","508543","Grilles & Re","3","0","1"
"219770","ZRC Worldwide","Steele@zrcworldwide.com","145 Enterprise Dr","7813190404","7813190400","519803","Paint-Wholesale","NULL"," Email <---> Revenue ","334500","ZRC Worldwide","145 Enterprise Dr","Marshfield","MA","02050","Plymouth","www.zrcworldwide.com","7813190400","7813190404","Matthew Steele","President","Mal","6840000","15","519803","Paint-Wholes","3","0","1"
"224176","Keyes North Atlantic Co Inc","all@keyesweb.com","459 Watertown St","6179658329","6179646180","171102","Heating Contractors","www.keyesweb.com"," Email <---> Revenue ","175747","Keyes North Atlantic Co Inc","459 Watertown St","Newtonville","MA","02460","Middlesex","www.keyesweb.com","6179646180","6179658329","Susan Keyes","President","Fem","7154000","49","171102","Heating Cont","3","0","1"
"238317","Smarter Living","cruise@smartertravel.com","465 Medford St # 300","6174972505","6178865500","273101","Publishers-Book","www.smarterliving.com"," Email <---> Revenue ","282882","Smarter Living","465 Medford St # 300","Charlestown","MA","02129","Suffolk","www.smarterliving.com","6178865500","6174972505","Daniel Saul","Owner","Mal","8150000","25","273101","Publishers-B","3","0","1"
"237882","Merrimack Valley Corp","eric@mvalleycorp.com","20 Aegean Dr","9786823270","9784751967","171117","Air Conditioning Contractors & Systems","www.mvalleycorp.com"," Email <---> Revenue ","206689","Merrimack Valley Corp","20 Aegean Dr","Methuen","MA","01844","Essex","www.mvalleycorp.com","9784751967","9786823270","Leonard Thomas","Owner","Mal","5840000","40","171117","Air Conditio","3","0","1"
"242359","Exergy Inc","gmacleod@exergyllc.com","1062 Main St","7812948144","7812948838","508420","Heat Exchangers (Wholesale)","www.exergyinc.com"," Email <---> Revenue ","114849","Exergy Inc","1062 Main St","Hanson","MA","02341","Plymouth","www.exergyinc.com","7812948838","7812948144","Jack Manchester","Manager","Mal","9792000","18","508420","Heat Exchang","3","0","1"
"228865","Nes Communications","J-Foley@nescomm.com","786 Hartford Tpke","5088424857","5088424328","484103","Satellite Comms Services-Common Carrier","NULL"," Email <---> Revenue ","220457","Nes Communications","786 Hartford Tpke","Shrewsbury","MA","01545","Worcester","www.nescomm.com","5088424328","5088424857","John Foley","Owner","Mal","5085000","15","484103","Satellite Co","3","0","1"
"96038","Optim Inc","joann.sleeper@optimnet.com","64 Technology Park Rd","5083472380","5083475100","384101","Surgical Instruments-Manufacturers","NULL"," Email <---> Revenue ","232635","Optim Inc","64 Technology Park Rd","Sturbridge","MA","01566","Worcester","","5083475100","5083472380","Thomas Root","President","Mal","8960000","40","384101","Surgical Ins","3","0","1"
"227804","Klondike Sound Co","klon@klondikesound.com","Ih 91 Industrial Park","4137722199","4137722900","506507","Sound Systems & Equipment (Wholesale)","www.klondikesound.com"," Email <---> Revenue ","177261","Klondike Sound Co","Ih 91 Industrial Park","Greenfield","MA","01301","Franklin","www.klondikesound.com","4137722900","4137722199","John Koehler","Owner","Mal","7070000","7","506507","Sound System","3","0","1"
"244286","Pepperell Airport","manifest@skyjump.com","165 Nashua Rd","9784338269","9784339222","458106","Airports","www.skyjump.com"," Email <---> Revenue ","241615","Pepperell Airport","165 Nashua Rd","Pepperell","MA","01463","Middlesex","www.skyjump.com","9784339222","9784338269","Fran Strincnenos","President","Fem","7575000","75","458106","Airports","3","0","1"
"147693","Deacon Transportation","psmith@historictours.com","380 Dorchester Ave","6172698018","6172697150","799940","Historical Places","www.historictours.com"," Email <---> Revenue ","94104","Deacon Transportation","380 Dorchester Ave","Boston","MA","02127","Suffolk","www.historictours.com","6172697150","6172698018","Matthew Murphy","Manager","Mal","7560000","90","799940","Historical P","3","0","1"
"211979","State Wide Security Protection","ScottH@statewidesecurity.net","250 Hampton St","5088323022","5088322292","506324","Burglar Alarm Systems (Wholesale)","NULL"," Email <---> Revenue ","290727","State Wide Security Protection","250 Hampton St","Auburn","MA","01501","Worcester","www.statewidesecurity.net","5088322292","5088323022","Scott Hemming","President","Mal","9870000","15","506324","Burglar Alar","3","0","1"
"167346","Partners & Simons Inc","tom@partnersandsimons.com","25 Drydock Ave # 8","6173309394","6173309393","731101","Advertising-Agencies & Counselors","NULL"," Email <---> Revenue ","237761","Partners & Simons Inc","25 Drydock Ave # 8","Boston","MA","02210","Suffolk","www.partnersandsimons.com","6173309393","6173309394","Tom Simons","Owner","Mal","8374000","53","731101","Advertising-","3","0","1"
"237338","Controlled Environment Strcts","astadnicki@cesweb.com","137 High St","5083395400","5083394237","358506","Refrigeration Equipment-Truck (Mfrs)","www.cesweb.com"," Email <---> Revenue ","81584","Controlled Environment Strcts","137 High St","Mansfield","MA","02048","Bristol","www.cesweb.com","5083394237","5083395400","Robert Adams","President","Mal","9205000","35","358506","Refrigeratio","3","0","1"
"194037","L Hardy Co","david.hardyuk@btinternet.com","17 Mill St","5087531626","5087561511","342301","Knives-Machine (Manufacturers)","www.leather-knives.com"," Email <---> Revenue ","178867","L Hardy Co","17 Mill St","Worcester","MA","01603","Worcester","www.leather-knives.com","5087561511","5087531626","","","","5040000","45","342301","Knives-Machi","3","0","1"
"114304","Boston Micromachines Corp","focus@bostonmicromachines.com","108 Water St","6179268796","6179268796","367401","Semiconductor Devices (Manufacturers)","www.bostonmicromachines.com"," Email <---> Revenue ","47959","Boston Micromachines Corp","108 Water St","Watertown","MA","02472","Middlesex","www.bostonmicromachines.com","6179268796","","Paul Bierden","President","Mal","5130000","10","367401","Semiconducto","3","0","1"
"183747","MFI Engineered Components","Greg@mfieng.com","857 Union St","5085201932","5085202234","507205","Fasteners-Industrial (Wholesale)","NULL"," Email <---> Revenue ","192658","MFI Engineered Components","857 Union St","Franklin","MA","02038","Norfolk","www.mfieng.com","5085202234","5085201932","Greg Lewis","Owner","Mal","8806000","17","507205","Fasteners-In","3","0","1"
"83345","Vaughn Manufacturing","James@vaughnmfg.com","26 Old Elm St","9784626497","9784626684","599905","Water Heaters-Dealers","NULL"," Email <---> Revenue ","317030","Vaughn Manufacturing","26 Old Elm St","Salisbury","MA","01952","Essex","www.vaughncorp.com","9784626684","9784626497","James Vaughn","Owner","Mal","6700000","50","599905","Water Heater","3","0","1"
"13196","Hayden Corp","john.hayden@haydencorp.com","333 River St","4137855052","4137344981","347998","Coating Engraving/Allied Svcs Nec (Mfrs)","NULL"," Email <---> Revenue ","144923","Hayden Corp","333 River St","West Springfield","MA","01089","Hampden","","4137344981","4137855052","John O Hayden","President","Mal","5122000","26","347998","Coating Engr","3","0","1"
"224129","A K Thomas Co","lauren@akthomas.com","224 Andover St","9786233360","9786233350","502112","Office Furniture & Equip-Dealers (Whol)","www.akthomas.com"," Email <---> Revenue ","6789","A K Thomas Co","224 Andover St","Andover","MA","01810","Essex","www.akthomas.com","9786233350","9786233360","","","","5710000","10","502112","Office Furni","3","0","1"
"245315","E B Rotondi & Sons Inc","mjr@ebrotondi.com","60 Sunset Rd","7817299064","7817293330","162907","Tennis Court Construction","www.ebrotondi.com"," Email <---> Revenue ","104543","E B Rotondi & Sons Inc","60 Sunset Rd","Winchester","MA","01890","Middlesex","www.ebrotondi.com","7817293330","7817299064","Richard Gallagher","Manager","Mal","5010000","30","162907","Tennis Court","3","1","1"
"186734","Northeast Utilities","psnhreq@psnh.com","MT Tom Route 5","4137879352","4135369521","162308","Utility Contractors","www.nu.com"," Email <---> Revenue ","227859","Northeast Utilities","MT Tom Route 5","Holyoke","MA","01040","Hampden","www.nu.com","4135369521","4135369513","John Murray","Manager","Mal","9519000","57","162308","Utility Cont","3","0","1"
"235525","Custom Alarm Svc","security@customalarm.com","23 Providence St","5084731028","5084731028","506324","Burglar Alarm Systems (Wholesale)","www.customalarm.com"," Email <---> Revenue ","87434","Custom Alarm Svc","23 Providence St","Mendon","MA","01756","Worcester","www.customalarm.com","5084731028","5084782779","Roger Lavallee","Owner","Mal","9212000","14","506324","Burglar Alar","3","0","1"
"43687","De Wallace Technical Sales","twlack@tppm.com","19 Albany St","2035968041","5087524500","509908","Manufacturers-Agents & Representatives","www.qtran.com"," Email <---> Revenue ","94088","De Wallace Technical Sales","19 Albany St","Worcester","MA","01604","Worcester","www.dewallacetech.com","5087524500","5087539005","Craig De Wallace","Owner","Mal","6608000","7","509908","Manufacturer","3","0","1"
"153515","Bretts Luggage & Gifts","bretts@suitcase.com","423 Boston Post Rd","9784409200","9784409400","594801","Luggage-Retail","www.suitcase.com"," Email <---> Revenue ","50660","Bretts Luggage & Gifts","423 Boston Post Rd","Sudbury","MA","01776","Middlesex","www.suitcase.com","9784409400","9784409200","John Ebb","Owner","Mal","5635000","35","594801","Luggage-Reta","3","0","1"
"250023","Marketplace Center Security","cstevenson@northeastsecurity.com","200 State St","6174782054","6174782052","738102","Security Guard & Patrol Service","www.northeastsecurity.com"," Email <---> Revenue ","198211","Marketplace Center Security","200 State St","Boston","MA","02109","Suffolk","www.northeastsecurity.com","6174782052","6174782054","Larry Frost","Manager","Mal","551000","19","738102","Security Gua","1","0","1"
