mail id,company,email,address,phone,fax,sic,sic description,web,,revenue id,company,address,city,state,zip,	metro,web,phone,fax,contact,position,gender,sales,# of employee,sic,sic_descrpiton,	,,
"64346","Deluxe Video Svc Inc","barry.doyle@bydeluxe.com","9201 Faulkner Lake Rd","5019553071","5019552800","365203","Video Tapes & Discs-Manufacturers","www.bydeluxe.com"," Email <---> Revenue ","28348","DELUXE VIDEO SVC INC","9201 FAULKNER LAKE RD","N LITTLE ROCK","AR","72117","Pulaski","","5019552800","","MARK HAYNES","Vice-President","M","73600000","800","365200","Prerecorded ","6","0","1"
"35109","Delta Asphalt Of Arkansas Inc","chudak@deltacos.com","11719 Highway 412 W","5739869511","8705736882","161106","Asphalt & Asphalt Products","www.deltacos.com"," Email <---> Revenue ","28173","DELTA ASPHALT OF ARKANSAS INC","11719 HIGHWAY 412 W","PARAGOULD","AR","72450","Greene","","8705736882","","JOHN BENNETT","Manager","M","76200000","600","161102","Surfacing An","6","0","1"
"64306","Bemis Co","contactbemis@bemis.com","1401 W 3rd Ave","9209828060","8703641000","267401","Bags-Paper (Manufacturers)","www.bemis.com"," Email <---> Revenue ","127620","Bemis Co","1401 W 3rd Ave","Crossett","AR","71635","Ashley","www.bemis.com","8703641000","8703641080","Eric Bowles","Plant Mgr","Mal","54500000","250","267401","Bags-Paper (","6","0","1"
"1600","Alternative Designs","Eddy@altdesign.com","PO Box 6330","4795244210","4795244343","509908","Manufacturers-Agents & Representatives","NULL"," Email <---> Revenue ","112639","Alternative Designs","3055 Cheri Whitlock Dr","Siloam Springs","AR","72761","Benton","www.altdesign.com","4795244343","4795244210","Eddy Loyd","Owner","Mal","50976000","54","509908","Manufacturer","6","0","1"
"13231","R R Packaging","JohnRambadt@randr-inc.com","601 1st Ave NW","NULL","4797877005","511308","Packaging Materials-Wholesale","NULL"," Email <---> Revenue ","269431","R R Packaging","601 1st Ave NW","Gravette","AR","72736","Benton","www.randr-inc.com","4797877005","","John Rambadt","Owner","Mal","74520000","90","511308","Packaging Ma","6","0","1"
"55234","Allen Canning Co","mhubbard@allencanning.com","PO Box 250","4795243291","4795246431","203302","Canning (Manufacturers)","NULL"," Email <---> Revenue ","3324","ALLEN CANNING CO","305 E MAIN ST","SILOAM SPGS","AR","72761","Benton","","4795246431","4795243291","RODERICK L ALLEN","Chief Executive Office","M","85800000","1744","203300","Canned Fruit","6","0","1"
"50552","Wabash National Wood Products","sfine@wabashnational.com","339 Industrial Park Rd","7654479405","8707416644","371398","Truck & Bus Bodies (Manufacturers)","www.wabashnational.com"," Email <---> Revenue ","315827","Wabash National Wood Products","339 Industrial Park Rd","Harrison","AR","72601","Boone","www.wabashnational.com","8707416644","8707417033","Jim Miller","Plant Mgr","Mal","76160000","280","371398","Truck & Bus ","6","0","1"
"56344","IBT Inc","tsmith@ibtinc.com","619 Strong Hwy","8708623443","8708623443","508525","Bearings (Wholesale)","www.ibtinc.com"," Email <---> Revenue ","48467","IBT INC","619 STRONG HWY","EL DORADO","AR","71730","Union","","8708623443","","RANDALL HODGE","Manager","M","86500000","500","508505","Bearings","6","0","1"
