"Briggs Co","3023289471","3 Bellecor Dr","New Castle","19950000","William Lauer","President","Mal","558","B","Briggs Co","robert.newman@reardonbriggs.com","3 Bellecor Dr","New Castle","DE","19720","3023227707","3023289471","508518","Hose & Tubing-Rubber & Plastic (Whol)","NULL","0","0"
"HOME INSTEAD SENIOR CARE","3026976435","11550 WILLOW GROVE RD","CAMDEN","12600000","ROBERT WARE","Owner","M","751","H","Home Instead Senior Care","Robert.Ware@homeinstead.com","PO Box 39","Camden Wyoming","DE","19934","3026971797","3026976435","836101","Senior Citizens Service Organizations","NULL","0","0"
"CONCRETE SERVICE CO","3024795353","3315 COACHMAN RD","WILMINGTON","10400000","","Unknown","","1888","C","Concrete Service Co","bobby.allen@thebluebook.com","3315 Coachman Rd","Wilmington","DE","19803","NULL","3024795353","179909","Waterproofing Contractors","NULL","0","0"
"Thriftway Supermarket","3023280835","196 Penn Mart Shopping Ctr","New Castle","12740000","Tony Grisillo","Owner","Mal","3280","T","Thriftway Supermarket","Tony@thriftwaytexas.com","196 Penn Mart Shopping Ctr","New Castle","DE","19720","3023284115","3023280835","541105","Grocers-Retail","NULL","0","0"
"PAPEN FARMS INC","3026973291","847 PAPEN LN","DOVER","10500000","JOHN C PAPEN","Chief Executive Office","M","6303","P","Papen Farms","rpapen@papenfarms.com","847 Papen Lane","Dover","DE","19904","3026973291","3026972380","019101","FARMS","null","0","0"
"Connolly Bove Lodge & Hutz LLP","3026589141","P.O. BOX 2207","Wilmington","12200000","Rudolph Hutz","Partner","Mal","6462","C","Connolly Bove Lodge Hutz LLP","cblh@cblhlaw.com","1220 Market St. - P.O. Box 2207","WILMINGTON","DE","19899","3026589141","3026585614","5999","Marketing NEC","CBLH.NET^^CBLH.ORG^^CBLHLAW.NET^^CBLHLAW.ORG","0","0"
"COFFEE BEANERY LTD","3024771055","4737 CONCORD PIKE STE 620","WILMINGTON","14800000","JUDY PEDE","Owner","F","6731","C","Coffee Beanery LTD","Judy-Pede@beanerysupport.com","4737 Concord Pike # 620","Wilmington","DE","19803","3024771056","3024771055","549915","Coffee & Tea","NULL","0","0"
"ADVANCED POWER CONTROLS","3023680443","126 SANDY DR","NEWARK","21300000","PAUL CZERWIN","Owner","M","8131","A","Advanced Power Control","pbeaudett@adv-power.com","126 Sandy Drive","NEWARK","DE","19713","3023680443","3023685764","491101","ELECTRIC COMPANIES","ADV-POWER.COM","0","0"
"LIBERTY TAX SVC","3026783101","1636 S GOVERNORS AVE","DOVER","17500000","","Unknown","","9087","L","Liberty Tax Svc","D_Doyle@libertytax.com","838 Walker Rd # 22-2","Dover","DE","19904","3027341849","3027341850","729101","Tax Return Preparation & Filing","NULL","0","0"
"HANDLER CORP","3029999200","5169 W WOODMILL DR # 10","WILMINGTON","11900000","MARK HANDLER","Owner","M","9133","M","Mark L. Handler","phandler@handlerhomes.com","5169 W Woodmill Dr","Wilmington","DE","19808","3029999200","-","522310","BUILDING MATERIALS, HARDWARE, GARDEN SUPPLY, AND MOBILE HOME DEALERS","NAMB","0","0"
"Foxfire Printing & Packaging","3023689466","750 Dawson Dr","Newark","10640000","John Ferretti","Owner","Mal","9315","F","Foxfire Printing & Packaging","craigt@text100.com","750 Dawson Dr","Newark","DE","19713","2402060269","3023689466","275202","Printers","www.foxfireprinting.com","0","0"
"B & W Tek","3023687824","825 Dawson Dr # 1","Newark","22083000","Sean Wang","Owner","Mal","9743","B","B & W Tek","WSean@bwtek.com","825 Dawson Dr # 1","Newark","DE","19713","3023687830","3023687824","504908","Lasers (Wholesale)","NULL","0","0"
"J R Gettier & Assoc","3026522700","2 Centerville Rd","Wilmington","13050000","J R Gettier","Owner","Mal","10187","J","J R Gettier & Assoc","J_Gettier@gettier.com","PO Box 5251","Wilmington","DE","19808","3026528699","3026522700","738102","Security Guard & Patrol Service","NULL","0","0"
"Mid-States Sales & Marketing","3028882475","1601 Concord Pike # 46a","Wilmington","14160000","Chris Quinlan","Owner","Mal","11611","M","Mid-States Sales & Marketing","QuinlanC@rebateplus.com","1601 Concord Pike # 46a","Wilmington","DE","19803","3026551838","3028882475","509908","Manufacturers-Agents & Representatives","NULL","0","0"
"ADVO System Inc","3028613567","300 Mcintire Dr","Newark","22080000","Dick Wakefield","VP","Mal","12454","A","ADVO System Inc","webir@advo.com","300 Mcintire Dr","Newark","DE","19711","4127878104","3028613567","733105","Advertising-Direct Mail","www.advo.com","0","0"
"PARKVIEW RV CTR","3026536619","5511 DUPONT PKWY","SMYRNA","10100000","RICK HORSEY","Owner","M","13103","P","Parkview Rv Ctr","R-Horsey@parkviewrv.com","5511 Dupont Pkwy","Smyrna","DE","19977","3026536631","3026536619","556103","Recreational Vehicles","NULL","0","0"
"Safeway","3027309100","190 John Hunn Brown Rd # 1","Dover","10920000","Dave Callahan","President","Mal","14013","S","Safeway","DaveCallahan@safeway.com","190 John Hunn Brown Rd # 1","Dover","DE","19901","3027300829","3027309100","541105","Grocers-Retail","NULL","0","0"
"Hilti Inc","3022352447","4 Belmont Dr","Wilmington","10656000","Don Mc Mahon","Manager","Mal","14880","H","Hilti Inc","webcs@us.hilti.com","4 Belmont Dr","Wilmington","DE","19808","9164520277","3022352447","508206","Contractors-Equip/Supls-Dlrs/Svc (Whol)","www.us.hilti.com","0","0"
"Sweet Oil","3023689095","2604 Eastburn Ctr","Newark","12012000","Mark Greco","Owner","Mal","15253","S","Sweet Oil","Greco-Mark@sweetoil.com","2604 Eastburn Ctr","Newark","DE","19711","3023689045","3023689095","516948","Gasoline Additive-Distributors","NULL","0","0"
"Quality Carriers","3026556713","4029 New Castle Ave","New Castle","15100000","Fred Martin","Manager","Mal","15407","Q","Quality Carriers","info_qdi@qualitydistribution.com","4029 New Castle Ave","New Castle","DE","19720","3237713177","3026556713","421304","Trucking","www.qualitydistribution.com","0","0"
"I G BURTON IMPORTS","3024243042","509 BAY RD","MILFORD","16200000","PETER RENZI","Manager","M","15925","I","IG Burton & Co","importsale@igburton.com","509 Bay Road","Milford","DE","19963","3024243042","null","509905","Importers","mercedescenter.com/burton","0","0"
"BATH/KITCHEN & TILE CTR","3029929210","103 GREENBANK RD","WILMINGTON","16000000","STEVE CAMPBELL","President","M","16600","B","Bath/Kitchen & Tile Ctr","Campbell@bathkitchenandtile.com","103 Greenbank Rd","Wilmington","DE","19808","3029929207","3029929200","571211","Kitchen Cabinets & Equipment-Household","NULL","0","0"
"SEA WATCH INTL LTD","3024223400","242 S REHOBOTH BLVD","MILFORD","17500000","KENNETH CARROL","Manager","M","16663","S","Sea Watch Intl LTD","doug@seaclam.com","242 S Rehoboth Blvd","Milford","DE","19963","3024223550","3024223400","203302","Canning (Manufacturers)","www.seaclam.com","0","0"
"Sigma Industries Inc","3024369610","8 Dixon St","Selbyville","11607000","David Speier","Manager","Mal","16668","S","Sigma Industries Inc","investor_relations@valmont.com","8 Dixon St","Selbyville","DE","19975","6514633349","3024369610","344106","Steel-Structural (Manufacturers)","www.valmont.com","0","0"
"Deltronics","3023282000","1 Bassett Ave","New Castle","11110000","Cullen Edwards","Owner","Mal","17107","D","Deltronics","Edwards@deltinc.com","PO Box 990","New Castle","DE","19720","3023281451","3023282000","506563","Telecommunication Equip/Syst-Whol/Mfrs","NULL","0","0"
"Sargent & Lundy","3026227200","1313 N Market St # 2 # 2400","Wilmington","17380000","David Miller","VP","Mal","17452","S","Sargent & Lundy","thomas.j.murray@sargentlundy.com","1313 N Market St # 2 # 2400","Wilmington","DE","19801","4237524338","3026227200","871111","Engineers-Consulting","www.sargentlundy.com","0","0"
"Leon N Weiner & Associates","3027649430","4 Denny Rd Ste 1","Wilmington","12700000","Leon Weiner","Chairman of the Board","Mal","17534","L","Leon N. Weiner &Amp; Assoc Inc","aannone@lnwa.com","4 Denny Rd.","Wilmington","DE","19809","3027649430","-","522310","BUILDING MATERIALS, HARDWARE, GARDEN SUPPLY, AND MOBILE HOME DEALERS","NAMB","0","0"
