"Artesian Resources Corp","3024536900","664 Churchmans Rd","Newark","36295000","Dian C Taylor","CEO","Fem","1358","A","Artesian Resources Corp","amarvel@artesianwater.com","664 Churchmans Rd","Newark","DE","19702","3024536957","3024536900","671904","Utilities-Holding Companies","NULL","0","2"
"M Davis & Sons Inc","3029983385","200 Hadco Rd","Wilmington","45000000","Charles Davis","Chairman of the Board","Mal","5063","M","M Davis & Sons Inc","dan.milano@mdavisinc.com","200 Hadco Rd","Wilmington","DE","19804","3029984984","3029983385","171114","Mechanical Contractors","NULL","0","0"
"Incyte Corp","3024986700","Route 141 & Henry Clay Rd","Wilmington","47092000","Paul A Friedman","CEO","Mal","5605","I","Incyte Corp","kjacobsen@incyte.com","Route 141 & Henry Clay Rd","Wilmington","DE","19801","3024252750","3024986700","873105","Human Factors-Research & Development","NULL","0","0"
"CARPET ONE MILLERS","3023225452","500 W BASIN RD","NEW CASTLE","26000000","SHARON MILLER","Owner","F","7744","M","Miller's Carpet One Shop-Home","amiller@millersde.com","500 W Basin Road","New Castle","DE","19720","3023225452","3023220722^^3023224","571305","Carpet & Rug Dealers","null","0","0"
"CONVENIENT FOOD MART","3025719198","107 W 9TH ST","WILMINGTON","28000000","","Unknown","","8739","C","Convenient Food Mart","H_Patel@continucare.com","107 W 9th St","Wilmington","DE","19801","NULL","3025719198","541103","Convenience Stores","NULL","0","0"
"Shone Lumber & Building Mtls","3029983357","P.O. BOX 6007","Wilmington","38238627","John Shone","President","Mal","8950","S","Shone Lumber","sgolt@shonelumber.com","Christina Stanton Rd. Box 6007","WILMINGTON","DE","19804","3029983357","3029980517","521142","Lumber","shonelumber.com","0","0"
"MERLE NORMAN COSMETICS","3027361961","1030 FORREST AVE STE 113","DOVER","47500000","HELEN MC CUSKER","Owner","F","9347","M","Merle Norman Cosmetics","H_M@merlenormancosmetics.com","1030 Forrest Ave # 113","Dover","DE","19904","NULL","3027361961","599992","Cosmetics & Perfumes-Retail","NULL","0","0"
"Napro Biotherapeutics Inc","3022866712","1 Innovation Way # 200","Newark","30800000","Jeffrey White","President","Mal","10434","N","Napro Biotherapeutics Inc","jwhite@naprobio.com","1 Innovation Way # 200","Newark","DE","19711","NULL","3022866712","283498","Pharmaceutical Preparation","NULL","0","0"
"PLAY IT AGAIN SPORTS","3026729366","1237 N DUPONT HWY","DOVER","27300000","JIM CARPENTER","Owner","M","10763","P","Play It Again Sports","Jim@playitagainsports.com","1237 N Dupont Hwy","Dover","DE","19901","NULL","3026729366","594113","Sporting Goods-Retail","NULL","0","0"
"Prince Telecom","3023241800","34 Blevins Dr # 5","New Castle","33400000","Jon Kuhn","CEO","Mal","13903","P","Prince Telecom","KJon@princetelecom.com","34 Blevins Dr # 5","New Castle","DE","19720","3023241850","3023241800","162306","Telephone & Television Cable Contractors","NULL","0","0"
"ROCKY MOUNTAIN CHOCOLATE","3026455528","135 2ND ST","LEWES","28000000","ROBERTA WUTTKE","Owner","F","14564","R","Rocky Mountain Chocolate","Roberta@rmcfbreck.com","135 2nd St","Lewes","DE","19958","NULL","3026455528","544101","Candy & Confectionery-Retail","NULL","0","0"
"Delaware Importers Inc","3026543116","615 Lambson Ln","New Castle","25000000","Roger Hart","Owner","Mal","15632","D","Delaware Importers Inc","kadams@delimporters.com","PO Box 271","New Castle","DE","19720","3026560291","3026543116","518201","Liquors-Wholesale","NULL","0","0"
"Tri-Supply & Equipment","3028386333","831 S Dupont Hwy","New Castle","25308000","Dave Curran","President","Mal","16116","T","Tri-Supply & Equipment","mjudson@trisupplyandequipment.com","831 S Dupont Hwy","New Castle","DE","19720","3028386222","3028386333","508206","Contractors-Equip/Supls-Dlrs/Svc (Whol)","www.trisupplyandequipment.com","0","0"
"R C Fabricators","3025738989","824 N Locust St","Wilmington","30660000","Robert Suppe","President","Mal","16553","R","R C Fabricators","rcsuppe@rcfabricators.com","824 N Locust St","Wilmington","DE","19801","3025738984","3025738989","344106","Steel-Structural (Manufacturers)","NULL","0","0"
