"D & B PRODUCTS","3028550585","21649 CEDAR CREEK AVE","GEORGETOWN","5100000","DOUGLAS KINNEY","Owner","M","475","D","D & B Products","Douglas-Kinney@dbindustrialgroup.com","24 Cedar Creek Ave","Georgetown","DE","19947","3028550588","3028550585","349617","Wire Goods (Manufacturers)","NULL","0","0"
"SIGN-A-RAMA","3026789727","512 JEFFERIC BLVD","DOVER","7500000","BENJY PITMAN","Partner","M","587","S","Sign-A-Rama","Wolfensberger@signarama.com","512 Jefferic Blvd","Dover","DE","19901","3026781888","3026789727","399302","Signs (Manufacturers)","NULL","0","0"
"Dan H Beachy & Sons","3024921493","1298 Lockwood Chapel Rd","Hartly","5256000","Alva Beachy","Owner","Mal","676","D","Dan H Beachy & Sons","Alva@danhbeachy.com","1298 Lockwood Chapel Rd","Hartly","DE","19953","3024921628","3024921493","154214","Buildings-Pole","NULL","0","0"
"FIRST STATE RECYCLING","3023253700","955 RIVER RD","NEW CASTLE","5800000","PHIL CORVO","President","M","787","F","First State Recycling","BastianRichard@firststaterecycling.com","955 River Rd","New Castle","DE","19720","3027648700","3023253700","509312","Recycling Centers (Wholesale)","NULL","0","0"
"BETHANY BIKE RENTAL & REPAIR","3025396244","PO BOX 443","BETHANY BEACH","5400000","MONTHE WISBROCK","Owner","M","799","B","Bethany Bike Rental & Repair","W-Monthe@greyhound.com","PO Box 443","Bethany Beach","DE","19930","3025377085","3025396244","413101","Bus Lines","NULL","0","0"
"Microbial Id Inc","3027374297","125 Sandy Dr","Newark","5376000","Myron Sasser","President","Mal","1159","M","Microbial Id Inc","sasser@midi-inc.com","125 Sandy Dr","Newark","DE","19713","3027377781","3027374297","384104","Physicians & Surgeons Equip & Supls-Mfrs","NULL","0","0"
"Health Insurance Assoc","3022920100","260 Chapman Rd # 107","Newark","5214000","Jay Moriello","Owner","Mal","1236","H","Health Insurance Assoc","JMoriello@hia.com","260 Chapman Rd # 107","Newark","DE","19702","3022921961","3022920100","632402","Hospitalization Plans-Medical & Surgical","NULL","0","0"
"COMFORT KEEPERS","3022860100","35 SALEM CHURCH RD STE 103","NEWARK","6700000","SHARON POWELL","President","F","1710","C","Comfort Keepers","PowellSharon@comfortkeepers.com","35 Salem Church Rd # 43b","Newark","DE","19713","3022861015","3022860100","808201","Home Health Service","NULL","0","0"
"Prosort","3024528400","7025 Pencader Dr","Newark","7590000","Doug Ainsworth","Owner","Mal","2902","P","Prosort","DougA@prosortllc.com","7025 Pencader Dr","Newark","DE","19702","3024528406","3024528400","733101","Mailing & Shipping Services","NULL","0","0"
"IPI Fundraising","3023668992","4 Mill Park Ct","Newark","6450000","Justin Di Norscia","Owner","Mal","3087","I","Imprints Plus; Inc","jpack@imprints-plus.com","4 Mill Park Court","NEWARK","DE","19713","3023668992","3023668995","275202","Printers","IMPRINTS-PLUS.COM","0","0"
"CONFERENCE GROUP","3022248255","254 CHAPMAN RD STE 102","NEWARK","9000000","JOHN RIGGINS","Owner","M","3402","C","Conference Group","Riggins_John@confgroupinc.com","254 Chapman Rd # 102","Newark","DE","19702","NULL","3022248255","738973","Teleconferencing Service","NULL","0","0"
"International Market Suppliers","3024560850","820 Interchange Blvd","Newark","6006000","Francis Nuzzi","President","Mal","3620","I","International Market Suppliers","Francis@chemblend.com","820 Interchange Blvd","Newark","DE","19711","NULL","3024560850","516916","Chemicals (Wholesale)","NULL","0","0"
"TIRE KING","3026292402","513 N DUAL HWY","SEAFORD","9000000","JEFF DAVENPORT","Manager","M","4041","T","Tire King","J.Davenport@tireking.com","513 N Dual Hwy","Seaford","DE","19973","NULL","3026292402","553123","Tire-Dealers-Retail","NULL","0","0"
"Tatman & Lee Assoc Inc","3027910700","1200 Philadelphia Pike","Wilmington","8690000","Tom De Lorimier","Manager","Mal","4150","T","Tatman & Lee Assoc Inc","domain-info4@domainregistry.com","1200 Philadelphia Pike","Wilmington","DE","19809","2513420407","3027910700","871111","Engineers-Consulting","www.urs.com","0","0"
"WILD BIRDS UNLIMITED","3022399071","PO BOX 249","HOCKESSIN","7000000","KATHY SHATTUCK","Owner","F","4499","W","Wild Birds Unlimited","KathyS@wbu.com","PO Box 249","Hockessin","DE","19707","NULL","3022399071","526120","Bird Feeders & Houses","NULL","0","0"
"SUSSEX MACHINE WORKS INC","3028758015","33193 GORDY RD","LAUREL","6600000","RICHARD CARMINE","President","M","5405","S","Sussex Machine Works Inc","richard@midshoreboatsales.com","33193 Gordy Rd","Laurel","DE","19956","3028757954","3028758015","359903","Machine Shops","NULL","0","0"
"A-1 RENTALS","3023221474","1009 RIVER RD","NEW CASTLE","5300000","TONY SMIERTKA","Owner","M","5512","A","A-1 Rentals","T.Smiertka@a1rentals.com","718 Grantham Ln","New Castle","DE","19720","3023260360","3023221474","422503","Storage-Household & Commercial","NULL","0","0"
"Eastern Shore Porch & Patio","3024369520","4 Mason Dr # B","Selbyville","5400000","Robert Douglas","Owner","Mal","6441","E","Eastern Shore Porch & Patio","Douglas_Robert@esvinylproducts.com","PO Box 168","Selbyville","DE","19975","3024369525","3024369520","503903","Fence (Wholesale)","NULL","0","0"
"DU HADAWAY TOOL & DIE SHOP INC","3023660113","801 DAWSON DR","NEWARK","5400000","ROBERT W DUHADAWAY","President","M","6685","D","DuHadaway Tool & Die Shop Inc","duhadaway@eclipse.net","801 Dawson Drive  Delaware Industrial Park","NEWARK","DE","19713","3023660113","null","5251","Tools","DUHADAWAYTOOL.NET","0","0"
"Rainbow Records","3023687738","54 E Main St","Newark","5400000","Joseph Maxwell","President","Mal","7206","R","Rainbow Records","Joe.Maxwell@rainbow-online.com","54 E Main St","Newark","DE","19711","3023687792","3023687738","594712","Gift Shops","NULL","0","0"
"POLYMER TECHNOLOGIES INC","3027389001","420 CORPORATE BLVD","NEWARK","5100000","ROBERT PRYBUTOK","President","M","7430","P","Polymer Technologies Inc","nealg@polymertek.com","420 Corporate Blvd","Newark","DE","19702","3027389085","3027389001","282101","Plastics-Raw Mtrls/Powder/Resin-Mfrs","NULL","0","0"
"Byrne Millwork","3023260500","21 Bellecor Dr","New Castle","6800000","P Byrne","President","Mal","8046","B","Byrne Millwork","paidin.byrne@iswonline.com","21 Bellecor Dr","New Castle","DE","19720","3023261696","302-326-0500","2431","Millwork (wood windows and doors)","NULL","0","0"
"DOC Optics Ctr","3024772626","3501 Silverside Rd","Wilmington","6555000","Robert Able","Owner","Mal","8315","D","DOC Optics Ctr","R.A@docoptical.com","3501 Silverside Rd","Wilmington","DE","19810","3024772650","3024772626","599504","Opticians","NULL","0","0"
"O 2 Diesiel","3022666000","100 Commerce Dr # 301","Newark","8008000","Alan Rae","Owner","Mal","9678","O","O 2 Diesiel","arae@o2diesel.com","100 Commerce Dr # 301","Newark","DE","19713","NULL","3022666000","516916","Chemicals (Wholesale)","NULL","0","0"
"SIGN-A-RAMA","3024547446","307 NEWARK SHOPPING CTR","NEWARK","7500000","GARY MUNCH","Owner","M","10510","S","Sign-A-Rama","GM@signsandtrophies.com","307 E Main St","Newark","DE","19711","3024540155","3024547446","399302","Signs (Manufacturers)","NULL","0","0"
"Byler's Store","3026741689","1368 Rose Valley School Rd","Dover","9100000","Lyndon Byler","Owner","Mal","10551","B","Byler's Store","Byler@bylers.com","1368 Rose Valley School Rd","Dover","DE","19904","3026743083","3026741689","541105","Grocers","NULL","0","0"
"SAM YODER & SON INC","3023984711","9387 MEMORY RD","GREENWOOD","7900000","MAYLON MAST","Manager","M","10621","S","Sam Yoder & Son Inc","lee@samyoder.com","9387 Memory Rd","Greenwood","DE","19950","3023984831","3023984711","243901","Trusses (Manufacturers)","www.samyoder.com","0","0"
"Crystal Steel Fabricators Inc","3028460613","9317 Old Racetrack Rd","Delmar","6300000","John Lo","President","Mal","10717","C","Crystal Steel Fabricators Inc","john.lo@crystalsteel.com","N 2nd Street Ext","Delmar","DE","19940","3028463223","3028460613","344106","Steel-Structural (Manufacturers)","NULL","0","0"
"REMLINE CORP","3027377228","456 CORPORATE BLVD","NEWARK","6300000","SANDRA REARDON","Owner","F","10947","R","Remline Corp","sandra.reardon@remlinepromotions.com","456 Corporate Blvd","Newark","DE","19702","3023660907","3023660227","731101","Advertising-Agencies & Counselors","NULL","0","0"
"Perma-Flex Rollers Inc","3027317880","375 Bellevue Rd","Newark","6480000","Mike Berwick","Owner","Mal","11358","P","Perma-Flex Rollers Inc","Michael.Berwick@packaging-online.com","375 Bellevue Rd","Newark","DE","19713","3027317523","3027317880","306918","Rubber Rolls (Manufacturers)","NULL","0","0"
"BURRIS LOGISTICS","3024224531","501 SE 5TH ST","MILFORD","9000000","BOB BURRIS","Chief Executive Office","M","11473","B","Burris Logistics","ekrupka@burrislogistics.com","PO Box 219","Milford","DE","19963","3028395175","3024224531","874213","Marketing Programs & Services","NULL","0","0"
"BETHANY RESORT FURNISHINGS","3025394000","PO BOX 397","BETHANY BEACH","6800000","KIMMERLY MESSICK","Owner","F","11771","B","Bethany Resort Furnishings","Kimmerly@resort-furnishings.com","PO Box 397","Bethany Beach","DE","19930","3025394057","3025394000","571216","Furniture-Dealers-Retail","NULL","0","0"
"Smith Barney","3029946300","2751 Centerville Rd # 104","Wilmington","5395000","Clay Ludlum","Manager","Mal","12529","S","Smith Barney","pcltjobs1@citigroup.com","2751 Centerville Rd # 104","Wilmington","DE","19808","7036835940","3029946300","628205","Financial Planning Consultants","www.smithbarney.com","0","0"
"Sieck Wholesale Florist","3029999300","401 Marsh Ln","Wilmington","8760000","Don Freeburn","President","Mal","12823","S","Sieck Wholesale Florist","DonFreeburn@sieck.com","401 Marsh Ln","Wilmington","DE","19804","3029990892","3029999300","519304","Florists-Wholesale","NULL","0","0"
"Monitor For Hire Com","3027373711","22 Fairfield Dr","Newark","5000000","Louis Freedman","Chief Executive Office","Mal","13217","P","Pharma eMarket","scott.freedman@monitorforhire.com","22 Fairfield Drive","NEWARK","DE","19711","3027373711","null","5999","Marketing NEC","MONITORFORHIRELD.COM","0","0"
"Online Consulting","3026583018","300 Delaware Ave","Wilmington","7800000","Andrew Williamson","Owner","Mal","13555","O","Online Consulting","Andrew@onlc.com","300 Delaware Ave","Wilmington","DE","19801","3026584051","3026583018","824301","Computer Training","NULL","0","0"
"Clinimed Inc","3024548400","116 Sandy Dr # B","Newark","8970000","Mohammad Saber","President","Mal","13654","C","Clinimed Inc","mohammad@clinimedglobal.com","116 Sandy Dr # B","Newark","DE","19713","3027378900","3024548400","504704","Physicians & Surgeons Equip & Supls-Whol","NULL","0","0"
"WAYMAN FIRE PROTECTION INC","3029945757","403 MECO DR","WILMINGTON","7000000","DUANE L WAYMAN II","Chief Executive Office","M","13931","W","Wayman Fire Protection Inc","W.Wilson@waymanfireprotection.com","403 Meco Dr","Wilmington","DE","19804","3029945750","3029945757","349402","Pipe Fittings-Manufacturers","NULL","0","0"
"Pioneer Concrete Pumping","3026569999","101 Rogers Rd # 100","Wilmington","7740000","Michael Petrillo","Owner","Mal","13976","P","Pioneer Concrete Pumping","Petrillo@pioneerconcrete.com","101 Rogers Rd # 100","Wilmington","DE","19801","3026569963","3026569999","521128","Concrete-Ready Mixed","NULL","0","0"
"JOSEPH J SHEERAN INC","3023240200","71 SOUTHGATE BLVD","NEW CASTLE","5500000","JOSEPH SHEERAN","President","M","14064","J","Joseph J Sheeran","Don@thewebtrader.com","71 Southgate Boulevard","New Castle","DE","19720","3023240200","302.324-0213","731101","Advertising-Agencies & Counselors","null","0","0"
"Morgan Stanley","3025734000","4001 Kennett Pike # 216","Greenville","7470000","Don Didonato","Manager","Mal","14194","M","Morgan Stanley","mediainquiries@morganstanley.com","4001 Kennett Pike # 216","Greenville","DE","19807","9498302340","3025734000","628205","Financial Planning Consultants","www.morganstanley.com","0","0"
"LITTLE GYM","3029985422","4758 LIMESTONE RD STE A","WILMINGTON","5000000","AMY HANSELL","Owner","F","15368","L","Little Gym","Joe@tlggurneeil.com","4758 Limestone Rd # A","Wilmington","DE","19808","NULL","3029985422","596301","Party Planning Service","NULL","0","0"
"PRIMARY STEEL","3026523326","20 DAVIDSON LN","NEW CASTLE","7200000","BOB DEMARCO","Manager","M","15391","P","Primary Steel","jostrofsky@primarysteel.com","20 Davidson Ln","New Castle","DE","19720","3026524325","3026523326","331601","Steel-Bar, Sheet, Strip, Tube Etc (Mfrs)","Sheet","0","0"
"PEPPERS","3022274608","18701 COASTAL HWY UNIT 7","REHOBOTH BEACH","5300000","CHIP HEARN","Owner","M","15668","P","Peppers","Hearn@peppers.com","1815 Ocean Outlets # 3","Rehoboth Beach","DE","19971","3022274632","3022274608","549920","Gourmet Shops","NULL","0","0"
"NORTH STAR HEATING & AIR COND","3029341698","30968 VINES CREEK RD","DAGSBORO","5300000","HARRY JARVIS","President","M","15759","N","North Star Heating & Air Cond","H_Jarvis@northstar-hvac.com","RR 1 Box 178f","Dagsboro","DE","19939","3029345274","3029341698","171102","Heating Contractors","NULL","0","0"
"Risen Phoenix Pvt LTD","3026845144","117 Clifton St","Milton","5572000","Christopher Bucy","President","Mal","16063","R","Risen Phoenix Pvt LTD","dsv@risenphoenix.com","117 Clifton St","Milton","DE","19968","3026845144","3026845144","512213","Perfume-Wholesale","www.risenphoenix.com","0","0"
"Rexel","3023251051","1010 Contractors Way","Bear","7896000","Brian Washington","Manager","Mal","16499","R","Rexel","dchumley@rexelusa.com","1010 Contractors Way","Bear","DE","19701","6623280822","3023251051","506330","Electric Equipment & Supplies-Wholesale","www.rexelusa.com","0","0"
"TESLA INDUSTRIES INC","3023248910","109 CENTERPOINT BLVD","NEW CASTLE","7500000","DAVID MASILOTTI","Chief Executive Office","M","16584","T","Tesla Industries Inc","kellyrodgers@teslaind.com","109 Centerpoint Blvd","New Castle","DE","19720","3023248912","3023248910","559908","Aircraft Equipment Parts & Supplies","NULL","0","0"
"SQM North America Plant","3026542283","1020 Christiana Ave","Wilmington","6650000","Onie Cheng","Plant Mgr","Mal","16745","S","SQM North America Plant","ben.laidler@ubs.com","1020 Christiana Ave","Wilmington","DE","19801","3026542283","3026543631","519114","Fertilizers (Wholesale)","www.sqm.com","0","0"
"CRAIG TECHNOLOGIES","3026289022","103 DAVIS DR","SEAFORD","5200000","DONALD HOLLENBECK","Owner","M","16819","C","Craig Technologies","Hollenbeck@craigtechnologies.com","PO Box 180","Seaford","DE","19973","3026287985","3026289900","399903","Manufacturers","NULL","0","0"
"SUMMIT AVIATION","3028345400","4200 SUMMIT BRIDGE RD","MIDDLETOWN","8300000","FINN NEILSEN","President","M","17097","S","Summit Aviation","fneilsen@summit-aviation.com","4200 Summit Bridge Rd","Middletown","DE","19709","3023787035","3028345400","458106","Airports","www.summit-aviation.com","0","0"
"Back TO Basics Learning","3025940754","6 Stone Hill Rd","Wilmington","8800000","Beverly Stewart","Owner","Fem","17126","B","Back TO Basics Learning","SBeverly@backtobasicslearning.com","6 Stone Hill Rd","Wilmington","DE","19803","3024219479","3025940754","829909","Tutoring","NULL","0","0"
"Sound Of Tri-State","3027929004","333 Naamans Rd # 41","Claymont","5776000","Mehdi Narimanian","President","Mal","17213","S","Sound Of Tri-State","Mehdi@soundoftristate.com","333 Naamans Rd # 41","Claymont","DE","19703","3027929627","3027929004","553114","Automobile Radio & Stereo Systs-Sls/Svc","NULL","0","0"
"Rogers Graphics Inc","3028560028","508 N Dupont Hwy","Georgetown","5320000","Charles Rogers","President","Mal","17387","R","Rogers Graphics Inc","print@printfac.com","508 N Dupont Hwy","Georgetown","DE","19947","3028562801","3028560028","275202","Printers","www.rogersgraphics.com","0","0"
