"7-Eleven","3023226825","1600 Dupont Hwy","New Castle","1092000","Sanjay Pandya","Owner","Mal","328","7","7-Eleven","SanjayPandya@7-eleven.com","1600 Dupont Hwy","New Castle","DE","19720","NULL","3023226825","541103","Convenience Stores","NULL","0","0"
"7-Eleven","3028344927","1700 Pulaski Hwy","Bear","1638000","Sohail Quadri","Owner","Mal","8139","7","7-Eleven","Sohail@7-eleven.com","1700 Pulaski Hwy","Bear","DE","19701","NULL","3028344927","541103","Convenience Stores","NULL","0","0"
"84 Lumber Co","3025372484","Route 26","Ocean View","3096000","Bob Bossard","Manager","Mal","12087","8","84 Lumber Co","photosupport@84lumber.com","Route 26","Ocean View","DE","19970","7409640033","3025372484","521142","Lumber-Retail","www.84lumber.com","0","0"
"84 Lumber Co","3027921184","312 Ridge Rd","Claymont","2580000","David Seidel","Manager","Mal","3845","8","84 Lumber Co","pro_support@84lumber.com","312 Ridge Rd","Claymont","DE","19703","4103649844","3027921184","521142","Lumber-Retail","www.84lumber.com","0","0"
"ACTIVE CRANE RENTALS","3029981000","103 WATER ST","WILMINGTON","3300000","STEVE SCHMEUSSER","Owner","M","10685","A","Active Crane Rentals","Steve@activecrane.com","103 Water St","Newport","DE","19804","3029998789","3029981000","508412","Cranes & Derricks (Wholesale)","NULL","0","0"
"Atlantic Aluminum Products","3023499091","12144 Sussex Hwy","Greenwood","1100000","Daniel Schlabach","Owner","Mal","5611","A","Atlantic Aluminum Products","Daniel@atlanticaluminumproducts.com","12144 Sussex Hwy","Greenwood","DE","19950","3023490138","3023499091","179905","Railings","NULL","0","0"
"AVENUE MEDICAL","3026740907","1277 S GOVERNORS AVE","DOVER","1800000","MARLENE SAMUEL","Owner","F","12370","A","Avenue Medical","Samuel@avemed.com","1277 S Governors Ave","Dover","DE","19904","3026741421","3026740907","599939","Wheel Chairs & Scooters","NULL","0","0"
"BOULDEN PROPANE","3023682553","540 OLD BARKSDALE RD","NEWARK","17300000","URIE BOULDEN","Owner","M","772","B","Boulden Propane","Urie@boulden.com","540 Old Barksdale Rd","Newark","DE","19711","3023680128","3023682553","171107","Septic Tanks/Systems-Cleaning/Repairing","NULL","0","0"
"Boulden Inc","3026553386","","Wilmington","2982000","Tim Boulden","Owner","Mal","2714","B","Boulden Inc","urie.boulden@boulden.com","NULL","Wilmington","DE","19801","NULL","3026553386","507408","Oil Burners (Wholesale)","NULL","0","0"
"AIR BASE CARPET MART","3023281597","230 N DUPONT HWY","NEW CASTLE","16000000","MICHAEL LONGWILL","President","M","16610","A","Air Base Carpet Mart","contact-us@carpetmart.com","230 N Dupont Hwy","New Castle","DE","19720","3023228582","3023281597","571305","Carpet & Rug Dealers-New","www.carpetmart.com","0","0"
"Casual Marketplace","3026844500","18412 Narrow Rd","Lewes","6000000","Harold Fleischut","Owner","Mal","6782","C","Casual Marketplace","H_F@casualmarketplace.com","18412 Narrow Rd","Lewes","DE","19958","3026844554","3026844500","571201","Furniture-Outdoor","NULL","0","0"
"CASUAL MARKETPLACE","3022344800","400 HOCKESSIN CORS","HOCKESSIN","3200000","PETEY FLEISCHUT","Owner","F","16693","C","Casual Marketplace","Petey@casualmarketplace.com","400 Hockessin Cors","Hockessin","DE","19707","3022344810","3022344800","571216","Furniture-Dealers-Retail","NULL","0","0"
"West Side Auto Parts Inc","3028753252","4740 Sharptown Rd","Laurel","4480000","Bret Givens","Owner","Mal","7864","W","West Side Auto Parts Inc","westside@ce.net","4740 Sharptown Rd","Laurel","DE","19956","3028759161","3028753252","501313","Automobile Parts & Supplies-Wholesale","www.wsap.com","0","0"
"FURNITURE GALLERY","3026457043","1135 HIGHWAY ONE","LEWES","1000000","RICHARD INGRAM","Owner","M","12875","F","Furniture Gallery","furnituregal@ce.net","1135 Highway One","Lewes","DE","19958","3026457400","3026451280","738999","Business Services Nec","furnituregalleryinc.com","0","0"
"BAYSIDE HOMES","3026452030","4554 HIGHWAY ONE","REHOBOTH BEACH","1000000","RYAN CLASS","Manager","M","12306","C","Colonial East Manuf Home Sales","colonialeast@ce.net","4554 Highway One","Rehoboth Beach","DE","19971","3026452030","3026450232","5311","Retail shops","colonialeast.com","0","0"
"WRDX","3027934200","3001 Philadelphia Pike","Claymont","2200000","Joe Puglise","Manager","Mal","15607","W","WRDX","tou@clearchannel.com","3001 Philadelphia Pike","Claymont","DE","19703","5053387696","3027934200","483201","Radio Stations & Broadcasting Companies","www.1003thepeak.com","0","0"
"WILM","3026569800","1215 N French St","Wilmington","3300000","Sally V Hawkins","President","Fem","17436","W","WILM","barbaramedieros@clearchannel.com","1215 N French St","Wilmington","DE","19801","3026551450","3026569800","483201","Radio Stations & Broadcasting Companies","www.wilm.com","0","0"
"ATTORNEY SERVICE CTR","3024290657","2008 PENNSYLVANIA AVE","WILMINGTON","6800000","BILL GOLD","Owner","M","16532","A","Attorney Service Ctr","delatty@comcast.net","2008 Pennsylvania Ave","Wilmington","DE","19806","3024290656","3024290657","738994","Process Servers","www.theprocessservers.com","0","0"
"SPORTS CAR TIRE","3025718473","1203 E 13TH ST","WILMINGTON","5000000","LES TRONZO","Owner","M","8319","S","Sports Car Tire","sportscaretire@comcast.net","1203 E 13th St","Wilmington","DE","19802","3029842894","3025718473","553123","Tire-Dealers-Retail","www.sportscartire.com","0","0"
"HYMAN REIVER & CO","3027642040","4104 N MARKET ST","WILMINGTON","1300000","TED REIVER","President","M","6749","H","Hyman Reiver","hymanreiver@comcast.net","4104 N Market Street","Wilmington","DE","19802","3027642040","3027645086","5999","Marketing NEC","hymanreiver.com","0","0"
"TUPP SIGNS","3023221600","457 CHURCHMANS RD","NEW CASTLE","3800000","DOUG GOLDBERG","President","M","15232","T","Tupp Signs","tuppsigns@comcast.net","457 New Churchmans Rd","New Castle","DE","19720","3023222715","3023221600","399302","Signs (Manufacturers)","www.tuppsigns.com","0","0"
"DELAWARE ATTORNEY SVC","3026789856","2000 PENNSYLVANIA AVE STE 207","WILMINGTON","3000000","KIM RYAN","Vice-President","F","12130","D","Delaware Attorney Svc","delatty@comcast.net","2000 Pennsylvania Ave # 207","Wilmington","DE","19806","3024290656","3026789856","421205","Delivery Service","www.theprocessservers.com","0","0"
"NATIONAL MULTIMEDIA SVC","3029991110","1500 FIRST STATE BLVD","WILMINGTON","2700000","H EDWIN KENNEDY","President","M","12048","N","National Multimedia Services","nms@dca.net","First State Production Center1500 - First State Bl","WILMINGTON","DE","19804","3029991110","3029991656","7319","Media services","NMSONLINE.COM","0","0"
"Weber-Prianti Scenic Studio","3029987567","408 Meco Dr # A","Wilmington","1030000","Gary Prianti","Owner","Mal","14918","W","Weber-Prianti Scenic Studio","mlgross@dca.net","408-A Meco Drive","WILMINGTON","DE","19804","3026557037","3026584645","738991","Plants","JONATHANDRAGON.COM","0","0"
"Foxfire Printing and Packaging","3023689466","750 Dawson Dr","Newark","20000000","John Ferretti","Chief Executive Office","Mal","9033","F","FoxFire Printing and Packaging","feretti@delanet.com","750 Dawson Drive","NEWARK","DE","19713","3023689466","3023689219","275202","Printers","BARTERCOMPANY.COM;FOXFIREPRINTING.COM;HYSTER-LITERATURE.COM","0","0"
"FOXFIRE PRINTING","3023689466","750 DAWSON DR","NEWARK","4800000","JOHN FERRETTI","Chief Executive Office","M","9033","F","FoxFire Printing and Packaging","feretti@delanet.com","750 Dawson Drive","NEWARK","DE","19713","3023689466","3023689219","275202","Printers","BARTERCOMPANY.COM;FOXFIREPRINTING.COM;HYSTER-LITERATURE.COM","0","0"
"CRUISE SHOPPE LTD","3027377220","250 E CHESTNUT HILL RD # 2","NEWARK","1900000","SUZANNE PEDRICK","Manager","F","4474","C","Cruise Shoppe","cruiser@delanet.com","27 Prestbury Square","Newark","DE","19713","3027377220","3024538441","4724","Travel agents","cruiseshop.travelbyus.com","0","0"
"Jorc Industrial LLC","3023950310","RURAL ROUTE 900 CLYDESDALE D","Bear","1600000","Eugene White","President","Mal","983","J","Jorc Industrial LLC","jorc@delanet.com","900 Clydesdale Dr","BEAR","DE","19701","3028365207","3028365207","359915","Industrial Equipment & Supplies","flairindustrialair.com","0","0"
"Ion Power Inc","3028329550","102 E Scotland Dr","Bear","1500000","Steven Grot","President","Mal","15799","I","Ion Power","ionpower@delanet.com","102 East Scotland Drive","BEAR","DE","19701","3028329550","3028329551","491101","ELECTRIC COMPANIES","ION-POWER.COM","0","0"
"JANITORIAL SERVICE CTR","3029997742","204 CEDAR ST","WILMINGTON","1700000","","Unknown","","8351","D","Design-A-Study","jscinc@delanet.com","408 Victoria Avenue","WILMINGTON","DE","19804","3029997742","3029997526","7389","Business Services NEC","janitorialservicecente.com","0","0"
"Delaware Electric Co-Op","3023494571","14198 Sussex Hwy","Greenwood","54800000","E Paul Bienvenue","CEO","Mal","5862","D","Delaware Electric Co-Op","BienvenueE@dmv.com","PO Box 600","Greenwood","DE","19950","3023493139","3023494571","491101","Electric Companies","NULL","0","0"
"Service Oil Co","3024226631","Cedar Beach Rd","Milford","29200000","Don Steiner","Owner","Mal","6259","S","Service Oil Co","developer@dmv.com","Cedar Beach Rd","Milford","DE","19963","3024229655","3024226631","131101","Oil & Gas Producers","www.serviceenergy.com","0","0"
"C F SCHWARTZ MOTOR CO","3027345748","1536 N DUPONT HWY","DOVER","24200000","ROBERT SCHWARTZ","Owner","M","6878","C","C F Schwartz Motor Company","cfschry@dmv.com","1536 North Dupont Highway","Dover","DE","19901","3027345748","3027341104","559999","Ret Misc Vehicles Repair Services Plumbing/heating/air","c1hr.com/cfschwartz","0","0"
"MEGEE MOTORS","3028560064","515 N BEDFORD ST","GEORGETOWN","12500000","TERRY A MEGEE","Owner","M","7910","F","Floyd A Megee Motor Company","mmegee@dmv.com","515 North Bedford St","Georgetown","DE","19947","3028560064","3028563749","559999","Ret Misc Vehicles Repair Services Plumbing/heating/air","c1hr.com/floydamegee","0","0"
"Mohawk Electrical Systems Inc","3024222500","251 S Rehoboth Blvd","Milford","6944000","Scott Welch","President","Mal","11734","M","Mohawk Electrical Systems Inc","scott-mohawk@dmv.com","PO Box 630","Milford","DE","19963","3024220715","3024222500","367901","Electronic Equipment & Supplies-Mfrs","NULL","0","0"
"Atlantic Aluminum Products","3023499091","12144 Sussex Hwy","Greenwood","1100000","Daniel Schlabach","Owner","Mal","12255","A","Atlantic Aluminum Products; Inc","aap@dol.net","212 South First Street - PO Box 749","GREENWOOD","DE","19950","3023499091","3023490138","1099","Metal ores","ATLANTICPRODUCTS.COM","0","0"
"DUNKIN DONUTS","3026742978","206 N DUPONT HWY","DOVER","72600000","WILLIAM ASHLEY","Manager","M","16806","D","Dunkin Donuts","PatelKenny@dunkindonuts.com","470 S Dupont Hwy","Dover","DE","19901","3027366800","3027366800","546105","Doughnuts","NULL","0","0"
"DUNKIN DONUTS","3027366800","470 S DUPONT HWY","DOVER","72600000","CHRIS DOYLE","Manager","M","16806","D","Dunkin Donuts","PatelKenny@dunkindonuts.com","470 S Dupont Hwy","Dover","DE","19901","3027366800","3027366800","546105","Doughnuts","NULL","0","0"
"DUNKIN DONUTS","3026296767","500 BRIDGEVILLE HWY","SEAFORD","72600000","ANDY PATEL","Owner","M","4031","D","Dunkin Donuts","Kenny@dunkindonuts.com","1701 Middleford Rd","Seaford","DE","19973","NULL","3026296998","546105","Doughnuts","NULL","0","0"
"GARDENS AT WHITE CHAPEL","3023668100","200 E VILLAGE RD","NEWARK","2500000","DONNA WINEGAR","Executive Director","F","13264","G","Gardens At White Chapel","locations.services@emeritus.com","200 E Village Rd","Newark","DE","19713","2082376024","3023668100","836105","Residential Care Homes","www.emeritus.com","0","0"
"Food Lion","3026981445","250 Gateway South Blvd","Dover","11830000","Karen Dell","Manager","Fem","14521","F","Food Lion","flinfo@foodlion.com","250 Gateway South Blvd","Dover","DE","19901","3026742921","3026981445","541105","Grocers-Retail","www.foodlion.com","0","0"
"Food Lion","3028462701","38650 Sussex Hwy # 1","Delmar","13650000","Frank Smith","Manager","Mal","15629","F","Food Lion","asc@foodlion.com","38650 Sussex Hwy # 1","Delmar","DE","19940","3026742921","3028462701","541105","Grocers-Retail","www.foodlion.com","0","0"
"Food Lion","3026845880","110 Broadkill Rd","Milton","7280000","Ryan Horne","Manager","Mal","14870","F","Food Lion","asc@foodlion.com","110 Broadkill Rd","Milton","DE","19968","3026742921","3026845880","541105","Grocers-Retail","www.foodlion.com","0","0"
"GODDARD SCHOOL","3022350445","157 LANTANA DR","HOCKESSIN","1600000","GENELLE CRAIG","Owner","F","14047","G","Goddard School","Jean.Eason@goddardpreschool.com","157 Lantana Dr","Hockessin","DE","19707","3022350415","3022350445","835101","Child Care Service","NULL","0","0"
"GODDARD SCHOOL","3024549454","50 POLLY DRUMMOND HILL RD","NEWARK","1600000","CINDY ROWLES","Owner","F","15269","G","Goddard School","C.Rowles@goddardpreschool.com","50 Polly Drummond Hill Rd","Newark","DE","19711","3024549429","3024549454","835101","Child Care Service","NULL","0","0"
"SPORTS CAR TIRE","3025718473","1203 E 13TH ST","WILMINGTON","5000000","LES TRONZO","Owner","M","3413","S","Sports Car TireInc","sportscartire@home.com","1203 East 13th Street","WILMINGTON","DE","19802","3025718473","3029842894","7549","Automotive services","sportscartire.com","0","0"
"ALL UNITED ROOFING","3026559965","202 NEW RD","WILMINGTON","6800000","CHRIS POPCZYK","Owner","M","6160","A","All United Roofing","roofers@home.com","202 New Road","Wilmington","DE","19805","3024753300","3024752968","176109","Roofing Contractors","ROOFERSSTORE.COM","0","0"
"INVISIBLE FENCE","3024783677","3906 CONCORD PIKE STE C","WILMINGTON","8200000","JEFF BOND","President","M","7536","I","Invisible Fence","Jeff@invisiblefence.com","3906 Concord Pike # C","Wilmington","DE","19803","NULL","3024783677","503903","Fence (Wholesale)","NULL","0","0"
"INVISIBLE FENCE","3023783140","1370 SHALLCROSS LAKE RD","MIDDLETOWN","8200000","","Unknown","","10788","I","Invisible Fence","Bob.Louie@invisiblefence.com","1370 Shallcross Lake Rd","Middletown","DE","19709","NULL","3023783140","503903","Fence (Wholesale)","NULL","0","0"
"Key Advisors Group","3026454530","34385 Carpenters Way # A","Lewes","1660000","Eddie Ghabour","Owner","Mal","3278","K","Key Advisors Group","E-Ghabour@keyadvisorsgroup.com","34385 Carpenters Way # A","Lewes","DE","19958","NULL","3026454530","628205","Financial Planning Consultants","NULL","0","0"
"Key Advisors Group","3027376300","56 W Main St # 202","Newark","3320000","Curtis Macomber","Owner","Mal","9947","K","Key Advisors Group","CurtisMacomber@keyadvisorsgroup.com","56 W Main St # 202","Newark","DE","19702","NULL","3027376300","628205","Financial Planning Consultants","NULL","0","0"
"LIBERTY TAX SVC","3027624201","17 W LEA BLVD","WILMINGTON","17500000","","Unknown","","9190","L","Liberty Tax Svc","Simms@libtax.com","17 Lea Blvd","Wilmington","DE","19802","3027624202","3027624201","729101","Tax Return Preparation & Filing","NULL","0","0"
"LIBERTY TAX SVC","3026984025","4008 S DUPONT HWY","DOVER","17500000","","Unknown","","4271","L","Liberty Tax Svc","Ralph@libtax.com","2151 S Dupont Hwy","Dover","DE","19901","NULL","3026983101","729101","Tax Return Preparation & Filing","NULL","0","0"
"LOCKWOOD DESIGN & CONSTRUCTION","3026844844","26412 BROADKILL RD","MILTON","5100000","DONALD LOCKWOOD SR","Owner","M","1793","M","Meridian Consulting Engineers LLC","darina@lockwoodesign.com","RD 3 BOX 16","MILTON","DE","19968","3026844844","null","152106","Designers","MERIDIANENGINEERS.COM","0","0"
"Pinnacle Excavation","3026842669","26412 Broadkill Rd","Milton","6360000","Don Lockwood","Owner","Mal","937","P","Pinnacle Excavation","Lockwood@lockwoodesign.com","26412 Broadkill Rd","Milton","DE","19968","3026843260","3026842669","179403","Excavating Contractors","NULL","0","0"
"Anderson's Carpet One","3022273244","4286 Highway One","Rehoboth Beach","2436000","Steve Anderson","Owner","Mal","8298","A","Anderson's Carpet One","andcpt1@magpage.com","4129 Highway One","Rehoboth Beach","DE","19971","3022273244","3022273247","571305","Carpet & Rug Dealers","carpetone.com","0","0"
"FRANKLIN FIBRE-LAMITEX CORP","3026523621","PO BOX 1768","WILMINGTON","1900000","JAMES VACHRIS","President","M","2221","K","Kaufman Glass","dgood@magpage.com","1301 Northeast Boulevard","WILMINGTON","DE","19899","3026523621","3025719754","5719","Glass & mirrors","KAUFMANGLASS.COM","0","0"
"MODERN HANDLING EQUIPMENT CO","3023222999","66 SOUTHGATE BLVD # A","NEW CASTLE","5100000","BUCK ALLISON","Manager","M","14771","M","Modern Handling Equipment Co","luongod@moderngroup.com","66 Southgate Blvd # A","New Castle","DE","19720","5708232535","3023222999","508457","Trucks-Industrial (Wholesale)","www.moderngroup.com","0","0"
"MODERN EQUIPMENT SALES & RNTL","3026585257","24 BROOKSIDE DR","WILMINGTON","2600000","BOB PETRY","Manager","M","15679","M","Modern Equipment Sales & Rntl","serpinej@moderngroup.com","24 Brookside Dr","Wilmington","DE","19804","3023230810","3026585257","508402","Compressors-Air & Gas (Wholesale)","www.moderngroup.com","0","0"
"Opportunity Center Inc","3027620300","3030 Bowers St","Wilmington","9400000","Cathie F Lloyd","CEO","Fem","11277","O","Opportunity Center Inc","twynn@oppctr.com","3030 Bowers St","Wilmington","DE","19802","3027628797","3027620300","738988","Packaging Service","NULL","0","0"
"OPPORTUNITY CENTER","3027620300","3030 BOWERS ST","WILMINGTON","7600000","CATHIE F LLOYD","Executive Director","F","8588","O","Opportunity Center","sklair@oppctr.com","3030 Bowers St","WILMINGTON","DE","19802","3027620300","null","594515","Baskets","atyourservice-gifts.com","0","0"
"PREMIER GLASS & SCREEN","3027323101","33937 PREMIRE DR","FRANKFORD","3300000","JOE KAUFFMAN","President","M","11451","P","Premier Glass & Screen","KauffmanJoe@pgt277.com","RR 3 Box 265s","Frankford","DE","19945","3027323105","3027323101","523110","Glass-Auto Plate & Window & Etc","NULL","0","0"
"ROYAL FARMS","3025392077","701 COASTAL HWY","FENWICK ISLE","2000000","ALISSON REYES","Manager","F","5530","R","Royal Farms","corporate@royalfarms.com","701 Coastal Hwy","Fenwick Island","DE","19944","4103238998","3025392077","541103","Convenience Stores","www.royalfarms.com","0","0"
"CREATIVE CONCEPTS","3026456200","1055 HIGHWAY ONE","LEWES","1600000","BOBBY LEDNUM","Owner","M","16486","C","Creative Concepts","Wayne.Lednum@sabaagency.com","1055 Highway One","Lewes","DE","19958","NULL","3026456200","571216","Furniture-Dealers-Retail","NULL","0","0"
"CREATIVE CONCEPTS","3025396989","PO BOX 1250","OCEAN VIEW","1600000","WAYNE LEDNUM","Owner","M","14763","C","Creative Concepts","Lednum@sabaagency.com","PO Box 1250","Ocean View","DE","19970","3025390834","3025396989","571216","Furniture-Dealers-Retail","NULL","0","0"
"STRATEGIC DIAGNOSTICS INC","3024566789","111 PENCADER DR","NEWARK","24800000","MATTHEW H KNIGHT","Chief Executive Office","M","5130","S","Strategic Diagnostics","investor-relations@sdix.com","111 Pencader Drive","Newark","DE","19702","3024566789","3024566770","5999","Marketing NEC","http://www.sdix.com","0","0"
"Servpro","3029920104","225 N James St","Wilmington","4720000","Drew Mehan","Owner","Mal","17372","S","Servpro","jvaughn@servpronet.com","225 N James St","Wilmington","DE","19804","3105726132","3029920104","152114","Fire Damage Restoration","www.servpro.com","0","0"
"Servpro","3026979776","1488 E Lebanon Rd","Dover","1180000","Chip Nunan","Owner","Mal","6709","S","Servpro","rforster@servpronet.com","1488 E Lebanon Rd","Dover","DE","19901","NULL","302-697-9776","734916","Chimney & Fireplace Cleaning Build/Rpr","NEC (janitorial services)","0","0"
"Sir Speedy Printing Ctr","3023660848","102 Astro Shopping Ctr","Newark","3040000","John Riley","Owner","Mal","10273","S","Sir Speedy Printing Ctr","JohnR@sirspeedy.com","102 Astro Shopping Ctr","Newark","DE","19711","3023660828","3023660848","275202","Printers","NULL","0","0"
"Sir Speedy Printing Ctr","3026542498","1020 N Union St","Wilmington","1520000","Karen Nestor","Owner","Fem","11781","S","Sir Speedy Printing Ctr","Karen@sirspeedy.com","1020 N Union St","Wilmington","DE","19805","3026540852","3026542498","275202","Printers","NULL","0","0"
"STERLING OPTICAL","3022268800","19287 MILLER RD UNIT 12","REHOBOTH BEACH","21700000","MIKE DONOHOE","Owner","M","14506","S","Sterling Optical","MikeD@sterlingoptical.com","Airport Rd & Route 1","Rehoboth Beach","DE","19971","3022268840","3022268800","599502","Optical Goods-Retail","NULL","0","0"
"STERLING OPTICAL","3029984500","4520 KIRKWOOD HWY","WILMINGTON","21700000","FLORENCE ELLINGSEN","Owner","F","15723","S","Sterling Optical","Florence_Ellingsen@sterlingoptical.com","4520 Kirkwood Hwy","Wilmington","DE","19808","3029984500","3029984500","599502","Optical Goods-Retail","NULL","0","0"
"STERLING OPTICAL","3024790220","3630 CONCORD PIKE","WILMINGTON","21700000","FLORENCE ELLINGSEN","Owner","F","2199","S","Sterling Optical","FlorenceEllingsen@sterlingoptical.com","3630 Concord Pike","Wilmington","DE","19803","3024799526","3024790220","599502","Optical Goods-Retail","NULL","0","0"
"SERVICE TIRE TRUCK CTR","3024221585","871 E MASTEN CIR","MILFORD","2300000","SUSAN HOLSTEN","Manager","F","15774","S","Service Tire Truck Ctr","sknisley@sttc.com","871 E Masten Cir","Milford","DE","19963","3024221585","3024221585","553123","Tire-Dealers-Retail","www.sttc.com","0","0"
"SERVICE TIRE TRUCK CTR","3024221585","871 E MASTEN CIR","MILFORD","2300000","SUSAN HOLSTEN","Manager","F","17125","S","Service Tire Truck Ctr","smiller@sttc.com","871 E Masten Cir","Milford","DE","19963","3024221595","3024221585","553123","Tire-Dealers-Retail","www.sttc.com","0","0"
"Triangle Fasteners Corp","3023220600","243 Quigley Blvd # C","New Castle","5180000","Tony Gutowski","Manager","Mal","17358","T","Triangle Fasteners Corp","rkself@trianglefastener.com","243 Quigley Blvd # C","New Castle","DE","19720","4123217838","3023220600","507205","Fasteners-Industrial (Wholesale)","www.trianglefastener.com","0","0"
"TRIANGLE FASTENER CORP","3023220600","243 QUIGLEY BLVD STE C","NEW CASTLE","1600000","TONY GUTOWSKI","Manager","M","15738","T","Triangle Fasteners Corp","rcgarnett@trianglefastener.com","243 Quigley Blvd # C","New Castle","DE","19720","3023220600","3023220600","507205","Fasteners-Industrial (Wholesale)","www.trianglefastener.com","0","0"
"Trinity Transport","3023373900","18119 Sussex Hwy","Bridgeville","14043000","Jeff Banning","Owner","Mal","4682","T","Trinity Transport","robert.farrell@trinitytransport.com","18119 Sussex Hwy","Bridgeville","DE","19933","3023373900","3023373900","421304","Trucking","www.trinitytransport.com","0","0"
"Trinity Transport","3023373900","18119 Sussex Hwy","Bridgeville","14043000","Jeff Banning","Owner","Mal","17070","T","Trinity Transport","beth.masten@trinitytransport.com","18119 Sussex Hwy","Bridgeville","DE","19933","3026285465","3023373900","421304","Trucking","www.trinitytransport.com","0","0"
"TRINITY TRANSPORT INC","3023373900","PO BOX 1620","SEAFORD","11000000","JEFF BANNING","Chief Executive Office","M","8962","T","Trinity Distribution Svc","robert.farrell@trinitytransport.com","200 Sussex Ave","Seaford","DE","19973","3023373900","3026285460","421304","Trucking","www.trinitytransport.com","0","0"
"TRINITY DISTRIBUTION SVC","3026285460","PO BOX 1618","SEAFORD","1100000","DARREL BANNING","President","M","16689","T","Trinity Distribution Svc","chuck.thomas@trinitytransport.com","200 Sussex Ave","Seaford","DE","19973","3023373919","3026285460","421304","Trucking","www.trinitytransport.com","0","0"
"TRINITY DISTRIBUTION SVC","3026285460","PO BOX 1618","SEAFORD","1100000","DARREL BANNING","President","M","16293","T","Trinity Distribution Svc","jim.ellis@trinitytransport.com","200 Sussex Ave","Seaford","DE","19973","3026285460","3026285460","421304","Trucking","www.trinitytransport.com","0","0"
"H Tuman Recreational Vehicles","3028567233","Route 113","Georgetown","1784000","Hilda Tuman","Owner","Fem","7035","H","H Tuman Recreational Vehicles","Tuman@tuman-rv.com","PO Box 22a","Georgetown","DE","19947","3028569410","3028567233","556103","Recreational Vehicles","NULL","0","0"
"H Tuman R V's & Marine Inc","3028569410","222a Route 113","Georgetown","2230000","Hilda Tuman","Owner","Fem","7035","H","H Tuman Recreational Vehicles","Tuman@tuman-rv.com","PO Box 22a","Georgetown","DE","19947","3028569410","3028567233","556103","Recreational Vehicles","NULL","0","0"
"Simplexgrinnell","3023256300","17 Mccullough Dr","New Castle","27680000","Joe Serafino","Manager","Mal","17443","S","Simplexgrinnell","jokinsey@tycoint.com","17 Mccullough Dr","New Castle","DE","19720","3342727871","3023256300","508734","Sprinklers-Automatic-Fire (Wholesale)","www.simplexgrinnell.com","0","0"
"Grinnell Fire Protection Systs","3023244470","17 Mccullough Dr","New Castle","11250000","Joe Serasino","Manager","Mal","17427","G","Grinnell Fire Protection Systs","cdriggers@tycoint.com","17 Mccullough Dr","New Castle","DE","19720","7852171201","3023244470","874832","Fire Protection Consultants","www.simplexgrinnell.com","0","0"
"United Electric Supply Co Inc","3023223333","10 Bellecor Dr","New Castle","66000000","Thomas Cloud","President","Mal","5610","U","United Electric Supply Co Inc","lsalvadori@unitedelectric.com","10 Bellecor Dr","New Castle","DE","19720","3023243333","3023223333","506330","Electric Equipment & Supplies-Wholesale","www.unitedelectric.com","0","0"
"United Electric Supply Co","3026748351","551 S Dupont Hwy","Dover","7896000","Michael Caloway","Manager","Mal","1578","U","United Electric Supply Co","lsalvadori@unitedelectric.com","551 S Dupont Hwy","Dover","DE","19901","3023243333","3026748351","506330","Electric Equipment & Supplies-Wholesale","www.unitedelectric.com","0","0"
"United Electric Supply","3025397541","Ocean Hwy & Cannon St","Fenwick Island","4606000","Jim Mc Laughlin","Manager","Mal","2752","U","United Electric Supply","lsalvadori@unitedelectric.com","Ocean Hwy & Cannon St","Fenwick Island","DE","19944","3023243333","3025397541","506319","Lighting Fixtures-Wholesale","www.unitedelectric.com","0","0"
"ACTIVE CRANE RENTALS","3029981000","103 WATER ST","WILMINGTON","3300000","STEVE SCHMEUSSER","Owner","M","15455","O","Osier Design","sgb5150@voicenet.com","1801 West 10th St","WILMINGTON","DE","19804","3029981000","null","7389","Business Services NEC","ACTIVECRANE.COM","0","0"
"TRAVEL VISIONS","3024786512","1514 STONEY RUN DR","WILMINGTON","1000000","","Unknown","","826","T","Travel Visions","travel.visions@worldnet.att.net","1514 Stoney Run Dr.","Wilmington","DE","19803","null","null","4724","Travel agents","null","0","0"
"Seaport Antique Village Inc","3024368962","Route 54","Fenwick Island","1144000","Kit Lyman","Owner","Fem","6672","S","Seaport Antique Village Inc","seaport_antiques@worldnet.att.net","Route 54","Fenwick Island","DE","19944","3024360281","3024368962","593202","Antiques-Dealers","www.seaport-antiques.net","0","0"
"Whitman Requardt & Assoc","3025719001","3 Mill Rd","Wilmington","1896000","Jeffrey Riegner","Manager","Mal","5616","W","Whitman Requardt & Assoc","sconard@wrallp.com","3 Mill Rd","Wilmington","DE","19804","3025719001","3025719001","871111","Engineers-Consulting","www.wrallp.com","0","0"
"Whitman Requardt & Assoc","3025719001","3 Mill Rd","Wilmington","1896000","Jeffrey Riegner","Manager","Mal","15244","W","Whitman Requardt & Assoc","baltimore@wrallp.com","3 Mill Rd","Wilmington","DE","19804","8042728897","3025719001","871111","Engineers-Consulting","www.wrallp.com","0","0"
"Xonex Inc","3023239000","P.O. BOX 3043","Wilmington","24295092","Katherine Holden","President","Fem","4509","X","XONEX INCORPORATED","xonex@xonex.com","P.O. BOX 3043","WILMINGTON","DE","19804","3023239000","null","4214","Moving & storage companies","ASIMPLEMOVE.COM","0","0"
"HOLMAN MOVING SYSTEMS","3023239000","20 E COMMONS BLVD","NEW CASTLE","7600000","KATHERINE HOLDEN","President","F","7079","H","Holman Moving Systems","lryan@xonex.com","20 E Commons Blvd","New Castle","DE","19720","7136901212","3023239000","421401","Movers","www.xonex.com","0","0"
