"E F JOHNSON CO","4024744800","3900 NW 12TH ST STE 200","LINCOLN","94600000","","Unknown","","7226","N","Nebraska Center for Excellence in Electronics","jyoung@transcrypt.com","University of Nebraska Technology Park - 4701 Inno","LINCOLN","NE","68521","4024744800","null","822101","Schools","NCEELABS.COM","0","2"
"PIZZA RANCH","4022563141","PO BOX 414","LAUREL","66000000","DENNIS HART","Owner","M","12956","P","Pizza Ranch","Dennis.Hart@pizzaranch.com","PO Box 414","Laurel","NE","68745","NULL","4022563141","581222","Pizza","NULL","0","0"
"ENERGY RECOVERY INTL","4024342006","6940 CORNHUSKER HWY","LINCOLN","90000000","JENNIFER REITZ","Vice-President","F","28702","E","Energy Recovery Intl","drussnogle@neboiler.com","6940 Cornhusker Hwy","Lincoln","NE","68507","4024342066","4024342006","343301","Boilers-New & Used-Manufacturers","www.neboiler.com","0","0"
"First Nebraska Banks Inc","3082547110","809 Illinois St","Sidney","84670000","Bruce Batt","CEO","Mal","32281","F","First Nebraska Banks Inc","customerservicene@fnbancs.com","809 Illinois St","Sidney","NE","69162","3088742460","3082547110","671201","Holding Companies (Bank)","www.fnbancs.com","0","0"
"FASTSIGNS INTERNATIONAL","4024937960","751 N 114TH ST","OMAHA","50200000","BOB DANIELSON","Owner","M","32848","F","FASTSIGNS","bobd@fsomaha.com","741 North 114th Street","OMAHA","NE","68154","4024937960","4024938026","152106","Designers","FSOMAHA.COM","0","0"
"Cummins Great Plains","4025517678","5515 Center St","Omaha","56600000","Jim Czyz","President","Mal","33336","C","Cummins Great Plains","Jim@cummins.com","PO Box 6068","Omaha","NE","68106","4025511952","4025517678","508414","Engines-Diesel (Wholesale)","NULL","0","0"
"Ace Hardware Distribution Ctr","4024757021","1200 W Upland Ave","Lincoln","51800000","Larry Crawford","Manager","Mal","37429","A","Ace Hardware Distribution Ctr","asklou@acehardware.com","1200 W Upland Ave","Lincoln","NE","68521","4804960058","4024757021","507207","Hardware-Wholesale","www.acehardware.com","0","0"
"TAC AIR","4024226633","3737 ORVILLE PLZ","OMAHA","72000000","JOE MORA","Manager","M","37810","T","Tac Air","Simenek_Kip@tacair.com","3737 Orville Plz","Omaha","NE","68110","4024220106","4024226633","458105","Aircraft Storage","NULL","0","0"
"Radio Engineering Industries","4023392200","6534 L St","Omaha","79950000","Terri Jukes","CEO","Fem","39146","R","Radio Engineering Industries","druback@radioeng.com","6534 L St","Omaha","NE","68117","4023391704","4023392200","365198","Household Audio/Video Equipment (Mfrs)","NULL","0","0"
"CARLSON SYSTEMS","4029515999","7003 S 109TH ST","LA VISTA","68200000","MIKE FLETCHER","Manager","M","39197","C","Carlson Systems","mcarlson@csystems.com","7003 S 109th St","La Vista","NE","68128","7195937626","4029515999","511308","Packaging Materials-Wholesale","www.csystems.com","0","0"
"GAS N SHOP INC","4024751101","701 MARINA BAY PL","LINCOLN","70000000","LARRY COFFEY","Chief Executive Office","M","51534","G","Gas 'n Shop Inc","gasnshop@gasnshop.com","701 Marina Bay Pl","Lincoln","NE","68528","4024751101","4024751101","541103","Convenience Stores","www.gasnshop.com","0","0"
"MBA POULTRY","4023352501","333 S 3RD ST","TECUMSEH","62700000","MARK HASKIN","Chief Executive Office","M","52209","M","MBA Poultry","lauren@america.com","PO Box 257","Tecumseh","NE","68450","4023352502","4023352501","514101","Food Products (Wholesale)","NULL","0","0"
"COOPER NUCLEAR STATION","4028253811","PO BOX 98","BROWNVILLE","70200000","RANDY EDINGER","Chief Executive Office","M","52536","C","Cooper Nuclear Station","Randy@nppd.com","PO Box 98","Brownville","NE","68321","4028255211","4028253811","286905","Nuclear Fuels (Manufacturers)","NULL","0","0"
"South Central Co-Op","3089958626","310 Logan St","Holdrege","60600000","Don Lien","CEO","Mal","54604","S","South Central Co-Op","L-Don@sccoop.com","310 Logan St","Holdrege","NE","68949","3089955779","3089958626","204803","Feed-Manufacturers","NULL","0","0"
"CURVES","4024218960","5600 S 48TH ST STE 109","LINCOLN","70000000","SUE MEIS","Owner","F","54769","C","Curves For Women","S_Meis@curves.com","5608 S 48th St","Lincoln","NE","68516","4024218960","4024218960","799101","Health Clubs Studios & Gymnasiums","NULL","0","0"
"Omaha Truck Ctr Inc","4025922440","10710 I St","Omaha","74700000","James Schlarb","Owner","Mal","55092","O","Omaha Truck Ctr Inc","tac@omahatruck.com","10710 I St","Omaha","NE","68127","4023798718","4025922440","551105","Truck-Dealers","www.omahatruck.com","0","2"
"LAMARS DONUTS","4024775554","1601 Q ST STE F","LINCOLN","55300000","LARRY LAUX","Owner","M","59679","L","Lamars Donuts","franinfo@lamars.com","1601 Q St # F","Lincoln","NE","68508","3037438686","4024775554","546105","Doughnuts","www.lamars.com","0","0"
"GREAT LAKES AIRLINES","3083828718","3773 SKY PARK RD","GRAND ISLAND","76300000","","Unknown","","59959","G","Great Lakes Airlines","webadmin@greatlakesav.com","3773 Sky Park Rd","Grand Island","NE","68801","5054732681","3083828718","451202","Air Cargo Service","www.greatlakesav.com","0","0"
"Teledyne Isco","4024640231","4700 Superior St","Lincoln","60881000","Robert W Allington","CEO","Mal","61728","T","Teledyne Isco","arosselli@teledyne.com","4700 Superior St","Lincoln","NE","68504","4024653064","4024640231","382305","Analyzers-Industrial Control-Mfrs","www.isco.com","0","0"
"Olsson Associates","4024746311","1111 Lincoln Mall","Lincoln","72450000","Roger Severin","President","Mal","62471","O","Olsson Associates","RogerSeverin@oaconsulting.com","1111 Lincoln Mall","Lincoln","NE","68508","4024745160","4024746311","871111","Engineers-Consulting","NULL","0","0"
"Vishay Dale Electronics Inc","4023710080","2300 Riverside Blvd","Norfolk","60200000","Larry Naber","Manager","Mal","63018","V","Vishay Dale Electronics Inc","rftransceivers@vishay.com","2300 Riverside Blvd","Norfolk","NE","68701","6102960657","4023710080","367601","Resistors (Manufacturers)","www.vishay.com","0","0"
"Election Systems & Software","4025930101","11208 John Galt Blvd","Omaha","66068000","Aldo Tesi","CEO","Mal","63890","E","Election Systems & Software","tomb@essvote.com","NULL","Omaha","NE","68137","4025938107","402-593-0101","3559","Special Industry Machinery","NEC (nuclear control rod drive mechanisms)","0","0"
"UNITED STATES COLD STORAGE","4027319900","4302 S 30TH ST","OMAHA","72000000","TOM VAGHY","Manager","M","64042","U","United States Cold Storage","fmonroe@uscold.com","4302 S 30th St","Omaha","NE","68107","6152423273","4027319900","422202","Warehouses-Cold Storage","www.euscold.com","0","0"
