mail id,company,email,address,phone,fax,sic,sic description,web,,revenue id,company,address,city,state,zip,	metro,web,phone,fax,contact,position,gender,sales,# of employee,sic,sic_descrpiton,	,,
"128766","John Roberts Co","ahoholik@johnroberts.com","9687 E River Rd NW","7637555500","7637555500","275998","Commercial Printing Nec","www.johnroberts.com"," Email <---> Revenue ","153719","John Roberts Co","9687 E River Rd NW","Minneapolis","MN","55433","Anoka","www.johnroberts.com","7637555500","7637550394","Michael R Keene","CEO","Mal","44300000","399","275998","Commercial P","5","0","1"
"158818","Custom Products Of Litchfield","ArvidReinke@800cabline.com","PO Box 718","3206937252","3206933221","353198","Construction Machinery & Equip (Mfrs)","NULL"," Email <---> Revenue ","71782","Custom Products Of Litchfield","1715 S Sibley Ave","Litchfield","MN","55355","Meeker","www.800cabline.com","3206933221","3206937252","Arvid Reinke","President","Mal","33746000","94","353198","Construction","5","0","1"
"213213","Park Industries Inc","bemslander@parkindustries.com","6600 Saukview Dr","3202518126","3202515077","355909","Special Industry Machinery Nec (Mfrs)","www.parkindustries.com"," Email <---> Revenue ","227299","Park Industries Inc","6600 Saukview Dr","St Cloud","MN","56303","Stearns","www.parkindustries.com","3202515077","3202518126","Thomas Schlough","President","Mal","45360000","240","355909","Special Indu","5","0","1"
"173386","Optical Solutions","bob.lund@opticalsolutions.com","16305 36th Ave. North","NULL","763-268-3300","599502","Optical Goods-Retail","NULL"," Email <---> Revenue ","222747","Optical Solutions","16305 36th Ave N # 300","Minneapolis","MN","55446","Hennepin","","7632683630","7632683301","","","","39800000","200","382798","Optical Inst","5","0","1"
"190386","Northstar Financial Forms Inc","brain@genfinsup.com","2341 Saint Croix St","6516385237","6516385200","276101","Printers-Business Forms","www.nsff.com"," Email <---> Revenue ","217750","Northstar Financial Forms Inc","2341 Saint Croix St","Roseville","MN","55113","Ramsey","www.nsff.com","6516385200","6516385237","Henry Schultz","Plant Mgr","Mal","37050000","150","276101","Printers-Bus","5","0","1"
"176142","D S Brown","ccarlson@dsbrown.com","4201 Norex Dr","9524487000","9523683000","344106","Steel-Structural (Manufacturers)","NULL"," Email <---> Revenue ","73316","D S Brown","4201 Norex Dr","Chaska","MN","55318","Carver","www.dsbrown.com","9523683000","9524487000","Steve Toy","President","Mal","26280000","120","344106","Steel-Struct","5","0","1"
"191977","Twin Express","ctrude@twinexpress.com","21840 Industrial Ct # 100","7634284979","7634284969","501304","Truck Refrigeration Equipment (Whol)","www.twinexpress.com"," Email <---> Revenue ","307857","Twin Express","21840 Industrial Ct # 100","Rogers","MN","55374","Hennepin","www.twinexpress.com","7634284969","7634284979","Brad Mc Alister","Owner","Mal","33600000","75","501304","Truck Refrig","5","0","1"
"98136","Northwestern Incentive Services","cwilson@nwincentive.com","7225 Ohms Lane - Minneapolis","9529213700","null","8999","Services NEC","regquest.com"," Email <---> Revenue ","210413","Navigant Travel","7250 Metro Blvd","Minneapolis","MN","55439","Hennepin","","9529213700","9529213025","Lisa Buckner","VP","Fem","28400000","400","472402","Travel Agenc","5","0","1"
"170404","Columbia Gear Div","danal@columbiagear.com","PO Box 1000","3203562131","3203567301","359903","Machine Shops","NULL"," Email <---> Revenue ","62282","Columbia Gear Div","530 County Road 50","Avon","MN","56310","Stearns","www.columbiagear.com","3203567301","3203562131","Dana Lynch","CEO","Mal","30381000","247","359903","Machine Shop","5","0","1"
"69038","Assurance Manufacturing","DAnderson@assurancemfg.com","9010 Evergreen Blvd NW","7637808847","7637804252","349903","Metal Goods-Manufacturers","NULL"," Email <---> Revenue ","22245","Assurance Manufacturing","9010 Evergreen Blvd NW","Coon Rapids","MN","55433","Anoka","www.assurancemfg.com","7637804252","7637808847","Dallas Anderson","CEO","Mal","38060000","220","346904","Metal Stampi","5","0","1"
"37111","Genz-Ryan Plumbing & Heating","DanRyan@genzryanco.com","14745 S Robert Trl","6513226147","6514231144","171102","Heating Contractors","NULL"," Email <---> Revenue ","114758","Genz-Ryan Plumbing & Heating","14745 S Robert Trl","Rosemount","MN","55068","Dakota","www.genzryanco.com","6514231144","6513226147","Dan Ryan","President","Mal","29200000","200","171102","Heating Cont","5","0","1"
"191264","Reviva","Dave@dealersmfg.com","7120 Northland Ter N","7639716200","7635358900","501313","Automobile Parts & Supplies-Wholesale","NULL"," Email <---> Revenue ","252204","Reviva","7120 Northland Ter N","Brooklyn Park","MN","55428","Hennepin","www.dealersmfg.com","7635358900","7639716200","Dave Goodwin","Owner","Mal","26880000","60","501313","Automobile P","5","0","1"
"212831","Superior Equipment Co","deb.gorder@superior-ind.com","315 E Highway 28 # 1","3205892260","3205893876","353501","Conveyors & Conveying Equipment-Mfrs","www.superior-ind.com"," Email <---> Revenue ","291500","Superior Equipment Co","315 E Highway 28 # 1","Morris","MN","56267","Stevens","www.superior-ind.com","3205893876","3205892260","Neil Schmidgall","President","Mal","31650000","150","353501","Conveyors & ","5","0","1"
"105828","Northstar Computer Forms Inc","denniss@nsff.com","7130 Northland Cir N","7635355671","7635317340","275998","Commercial Printing Nec","www.nscf.com"," Email <---> Revenue ","217734","Northstar Computer Forms Inc","7130 Northland Cir N","Brooklyn Park","MN","55428","Hennepin","www.nscf.com","7635317340","7635355671","John Christenson","Manager","Mal","46339000","435","275998","Commercial P","5","0","1"
"158525","Premier Marine Inc","dkrueger@pontoon.com","26612 Fallbrook Ave","6514622881","6514622880","555113","Marine Equipment & Supplies","www.pontoons.com"," Email <---> Revenue ","239037","Premier Marine Inc","26612 Fallbrook Ave","Wyoming","MN","55092","Chisago","www.pontoons.com","6514622880","6514622881","Bob Menne","President","Mal","46480000","140","555113","Marine Equip","5","0","1"
"199645","Ritrama Inc","dpierce@ritrama.com","800 Kasota Ave SE","6123789327","6123782277","516912","Adhesives & Glues (Wholesale)","NULL"," Email <---> Revenue ","254534","Ritrama Inc","800 Kasota Ave SE","Minneapolis","MN","55414","Hennepin","www.ritrama.com","6123782277","6123789327","Daryl Hanzal","President","Mal","34000000","110","516912","Adhesives & ","5","0","1"
"193289","Intermet","dschellhase@intermet.com","5100 Boone Ave N","9313634127","7635365500","336398","Aluminum Die Castings (Manufacturers)","www.intermet.com"," Email <---> Revenue ","142353","Intermet","5100 Boone Ave N","New Hope","MN","55428","Hennepin","www.intermet.com","7635365500","7635358938","Matt Henken","Plant Mgr","Mal","44500000","250","336398","Aluminum Die","5","0","1"
"43563","International Multifoods","dspurgeon@multifoodsbakery.com","2828 Hedberg Drive","9525943300","null","203204","Food Specialties","MULTIFOODS.NET;MULTIFOODS.ORG;MULTIFOODSBAKERY.COM"," Email <---> Revenue ","145450","J M Smucker Co","110 Cheshire Ln # 300","Minnetonka","MN","55305","Hennepin","www.multifoods.com","9525943300","9525943304","Dan C Swander","President","Mal","27600000","100","209903","Food Product","5","0","1"
"9409","Enclos Corp","dstrayer@enclos.com","2770 Blue Waters Rd","6517966100","6519946360","154203","Store Fronts","www.enclos.com"," Email <---> Revenue ","95310","Enclos Corp","2770 Blue Waters Rd","St Paul","MN","55121","Dakota","www.enclos.com","6517966100","6519946360","","","","37230000","85","154203","Store Fronts","5","0","1"
"118139","Fallon Intersect","DuaneJ@fallon.com","50 S 6th St","6127582977","6127582900","731101","Advertising-Agencies & Counselors","NULL"," Email <---> Revenue ","100383","Fallon Intersect","50 S 6th St","Minneapolis","MN","55402","Hennepin","www.fallon.com","6127582900","6127582977","Duane Johnson","President","Mal","47400000","300","731101","Advertising-","5","0","1"
"137670","Key Sales Group","D_T@key-sales.com","11011 Smetana Rd","9529791547","9529262171","514102","Food Brokers","NULL"," Email <---> Revenue ","161856","Key Sales Group","11011 Smetana Rd","Minnetonka","MN","55343","Hennepin","www.key-sales.com","9529262171","9529791547","David Tucci","President","Mal","28425000","25","514102","Food Brokers","5","0","1"
"25858","Medallion Cabinerty","Edl@medallioncabinetry.com","10501 10th St","9524424998","9524425171","243401","Cabinets-Manufacturers","NULL"," Email <---> Revenue ","192292","Medallion Cabinerty","10501 10th St","Waconia","MN","55387","Carver","www.medallioncabinetry.com","9524425171","9524424998","Jack Edl","President","Mal","25000000","500","243401","Cabinets-Man","5","0","1"
"209087","Greatbatch Globe Tool","ehassett@greatbatch.com","730 24th Ave SE","4107307837","6123316750","346904","Metal Stamping (Manufacturers)","www.greatbatch.com"," Email <---> Revenue ","120970","Greatbatch Globe Tool","730 24th Ave SE","Minneapolis","MN","55414","Hennepin","www.greatbatch.com","6123316750","6123314742","Michael Nowaczyk","Plant Mgr","Mal","34600000","200","346904","Metal Stampi","5","0","1"
"56157","Midwest Fence & Mfg Co","evon.haugen@midwestfence.com","525 Villuame Ave","NULL","9528942060","503903","Fence (Wholesale)","NULL"," Email <---> Revenue ","197440","Midwest Fence & Mfg Co","525 Villuame Ave","South St Paul","MN","55075","Dakota","www.midwestfence.com","6514512221","6514516939","Tom Corrigan","Owner","Mal","27000000","75","503903","Fence (Whole","5","0","1"
"101161","Ault Inc","f.green@aultinc.com","7105 Northland Ter N","7635921911","7635921900","367906","Electronic Power Supplies-Manufacturers","NULL"," Email <---> Revenue ","23004","Ault Inc","7105 Northland Ter N","Minneapolis","MN","55428","Hennepin","","7635921900","7635921911","Frederick M Green","CEO","Mal","45109000","685","367906","Electronic P","5","0","1"
"122364","American Iron","FI@scrappy.com","2800 Pacific St","6125292548","6125299221","509314","Scrap Metals-Processing/Recycling (Whol)","NULL"," Email <---> Revenue ","14567","American Iron","2800 Pacific St","Minneapolis","MN","55411","Hennepin","www.scrappy.com","6125299221","6125292548","Fred Isaacs","President","Mal","30000000","90","509314","Scrap Metals","5","0","1"
"186968","Ferche Millwork Inc","gerald.grinder@ferche.com","PO Box 39","3203932545","3203935700","243102","Millwork (Manufacturers)","NULL"," Email <---> Revenue ","103139","Ferche Millwork Inc","400 Division St N","Rice","MN","56367","Benton","www.ferche.com","3203935700","3203932545","Gerald Grider","President","Mal","32640000","192","243102","Millwork (Ma","5","0","1"
"183726","Excel Systems Inc","gthompson@excelsystemsinc.com","5929 Baker Rd # 430","9529399766","9529399755","366102","Telephone Equipment & Systems-Mfrs","NULL"," Email <---> Revenue ","98323","Excel Systems Inc","5929 Baker Rd # 430","Minnetonka","MN","55345","Hennepin","www.excelsystemsinc.com","9529399755","9529399766","Greg Thompson","Owner","Mal","25250000","25","506563","Telecommunic","5","0","1"
"5382","NCS Pearson","info-ncs@pearson.com","2125 4th St NW","5163644683","5074515137","367901","Electronic Equipment & Supplies-Mfrs","www.ezdata.net"," Email <---> Revenue ","208594","NCS Pearson","2125 4th St NW","Owatonna","MN","55060","Steele","www.pearsonncs.com","5074515137","5074511560","Jeff Samples","Plant Mgr","Mal","33600000","150","367901","Electronic E","5","0","1"
"145376","Metro One","investor.info@metro1.com","2894 Centre Pointe Dr","7046970943","6516331310","481304","Telephone Companies","www.metro1.com"," Email <---> Revenue ","194802","Metro One","2894 Centre Pointe Dr","Roseville","MN","55113","Ramsey","www.metro1.com","6516331310","6516330654","Kim Carlson","President","Fem","49950000","150","481304","Telephone Co","5","0","1"
"211226","Northwestern Supply Co","jfeld@northwesternsupply.com","525 Progress Rd","3202516210","3202510812","508746","Veterinarians Equipment & Supls (Whol)","www.northwesternsupply.com"," Email <---> Revenue ","218262","Northwestern Supply Co","525 Progress Rd","Waite Park","MN","56387","Stearns","www.northwesternsupply.com","3202510812","3202516210","Herbert Jameson Jr","Owner","Mal","35000000","25","508746","Veterinarian","5","0","1"
"61067","Firstat Nursing Svc","JPeterson@firstat.com","3601 Minnesota Dr # 145","9528355676","9528353200","804908","Nurses & Nurses' Registries","NULL"," Email <---> Revenue ","105492","Firstat Nursing Svc","3601 Minnesota Dr # 145","Edina","MN","55435","Hennepin","","9528353200","9528355676","John Peterson","President","Mal","32800000","400","804908","Nurses & Nur","5","0","1"
"140466","Minnwest Bank Mv","KarskyD@minnwestbank.com","PO Box 439","5076374301","5076375731","602201","State Commercial Banks","NULL"," Email <---> Revenue ","202815","Minnwest Bank Mv","300 S Washington St","Redwood Falls","MN","56283","Redwood","www.minnwestbank.com","5076375731","5076374301","Douglas Karsky","President","Mal","26693000","0","602201","State Commer","5","0","1"
"49632","Hugo's","kristi@gohugos.com","306 14th St NE","2187734344","2187734344","541105","Grocers","www.gohugos.com"," Email <---> Revenue ","137703","Hugo's","306 14th St NE","East Grand Forks","MN","56721","Polk","www.gohugos.com","2187732418","2187734344","Jeff Westrem","Manager","Mal","25480000","140","541105","Grocers-Reta","5","0","1"
"103295","Colle & Mc Voy Fulfillment","Kushell@collemcvoy.com","8500 Normandale Lake Bl# 2400","9528528155","9528527500","731101","Advertising-Agencies & Counselors","NULL"," Email <---> Revenue ","61813","Colle & Mc Voy Fulfillment","8500 Normandale Lake Bl# 2400","Minneapolis","MN","55437","Hennepin","www.collemcvoy.com","9528527500","9528528100","John Jarvis","CEO","Mal","31000000","175","731101","Advertising-","5","0","1"
"97484","Pentax Vision","M.J@pentaxvision.com","PO Box 2300","9529353987","9529452700","504801","Optical Goods-Wholesale","NULL"," Email <---> Revenue ","230985","Pentax Vision","11545 Encore Cir","Hopkins","MN","55343","Hennepin","","9529452700","9529353987","Mike Jacobson","President","Mal","36455000","115","504801","Optical Good","5","0","1"
"185716","Minn PAR Inc","mailtosales@minnpar.com","900 6th Ave SE","6123783741","6123790606","508206","Contractors-Equip/Supls-Dlrs/Svc (Whol)","www.minnpar.com"," Email <---> Revenue ","199948","Minn PAR Inc","900 6th Ave SE","Minneapolis","MN","55414","Hennepin","www.minnpar.com","6123790606","6123783741","","","","30636000","46","508206","Contractors-","5","0","1"
"209047","T W Tan","maincontact@soltron.us","2789 Clearwater Rd","3206540681","3206548888","509114","Tanning Salons Equip & Supplies-Whol","www.twtan.com"," Email <---> Revenue ","293882","T W Tan","2789 Clearwater Rd","St Cloud","MN","56301","Stearns","www.twtan.com","3206548888","3206540681","Charlie Clour","VP","Mal","39975000","65","509114","Tanning Salo","5","0","1"
"156165","Homecrest Industries","mary@fresh-mpls.com","1250 Homecrest Ave SE","2186312609","2186311000","259901","Furniture-Manufacturers","www.homecrest.com"," Email <---> Revenue ","135544","Homecrest Industries","1250 Homecrest Ave SE","Wadena","MN","56482","Wadena","www.homecrest.com","2186311000","2186312609","John Sundet","President","Mal","31300000","300","259901","Furniture-Ma","5","0","1"
"120965","Minnwest Bank Ortonville","mchundt@nglic.com","21 2nd St SE","8452926615","3208392568","602201","State Commercial Banks","www.jeffbank.com"," Email <---> Revenue ","202818","Minnwest Bank Ortonville","21 2nd St SE","Ortonville","MN","56278","Big Stone","www.minnwestbank.com","3208392568","3208393287","Terry Gery","Manager","Mal","48000000","0","602201","State Commer","5","0","1"
"76137","Uponor Wirsbo","mdenson@wirsbo.com","5925 148th St W","9528912008","9528912000","343303","Heating Equipment-Manufacturers","NULL"," Email <---> Revenue ","312637","Uponor Wirsbo","5925 148th St W","Apple Valley","MN","55124","Dakota","www.wirsbo.net","9528912000","9528912008","Joe Pauley","President","Mal","35280000","180","343303","Heating Equi","5","0","1"
"175166","Gallipot Inc","mjones@gallipot.com","2020 Silver Bell Rd # 10","6516819001","6516819517","512203","Pharmaceutical Products-Wholesale","NULL"," Email <---> Revenue ","112208","Gallipot Inc","2020 Silver Bell Rd # 10","Eagan","MN","55122","Dakota","www.gallipot.com","6516810349","6516819001","Michael Jones","President","Mal","41790000","30","512203","Pharmaceutic","5","0","1"
"108293","Reliable Medical Supply Inc","nhulsing@reliamed.com","7111 W Broadway Ave","7635664026","7635664060","504704","Physicians & Surgeons Equip & Supls-Whol","NULL"," Email <---> Revenue ","250960","Reliable Medical Supply Inc","7111 W Broadway Ave","Brooklyn Park","MN","55428","Hennepin","www.reliamed.com","7635664060","7635664026","Jeff Hall","President","Mal","47840000","80","504704","Physicians &","5","0","1"
"184258","Bro-Tex Co","njakobe@brotex.com","800 Hampden Ave","6516461876","6516455721","509309","Wiping Cloths (Wholesale)","NULL"," Email <---> Revenue ","40340","Bro-Tex Co","800 Hampden Ave","St Paul","MN","55114","Ramsey","www.brotex.com","6516455721","6516461876","Roger Greenberg","President","Mal","43900000","100","509309","Wiping Cloth","5","0","1"
"161085","Machine Tool Supply","pjugovich@machtool.com","3150 Mike Collins Dr","6514523219","6514524400","508522","Industrial Equipment & Supplies (Whol)","www.machtool.com"," Email <---> Revenue ","182967","Machine Tool Supply","3150 Mike Collins Dr","Eagan","MN","55121","Dakota","www.machtool.com","6514524400","6514523219","Todd Kerin","President","Mal","25650000","45","508522","Industrial E","5","0","1"
"155015","Randy's Sanitation","randys@randyssanitation.com","4351 hwy 12 SE","6124793335","null","495307","Sanitation services","RANDYSSANITATION.COM"," Email <---> Revenue ","247397","Randy's Sanitation","4351 Highway 12 SE","Delano","MN","55328","Wright","www.randyssanitation.com","7639723335","7639726042","Randy Roskowariak","Owner","Mal","27125000","125","495302","Garbage Coll","5","0","1"
"92282","HEI Inc","rfidsales@heii.com","1495 Steiger Lake Ln","9524432668","9524432500","367498","Semiconductors & Related Devices (Mfrs)","www.heii.com"," Email <---> Revenue ","124139","HEI Inc","1495 Steiger Lake Ln","Victoria","MN","55386","Carver","www.heii.com","9524432500","9524432668","Mack V Traynor Iii","CEO","Mal","43320000","299","367498","Semiconducto","5","0","1"
"108451","Corporate Express","Rick.Toppin@corporateexpress.com","1233 County Road E W","6516388800","6516362250","594301","Office Supplies","NULL"," Email <---> Revenue ","66070","Corporate Express","575 Old Highway 8","New Brighton","MN","55112","Ramsey","","6512344000","6512344185","Joe Anderson","Manager","Mal","34600000","100","508724","Janitors Equ","5","0","1"
"165040","Duininck Brothers Inc","rickm@duinuinckcompanies.com","408 6th St","3209784978","3209786011","161102","Road Building Contractors","www.dbimn.com"," Email <---> Revenue ","88283","Duininck Brothers Inc","408 6th St","Prinsburg","MN","56281","Kandiyohi","www.dbimn.com","3209786011","3209784978","Norm Duininck","President","Mal","47000000","200","161102","Road Buildin","5","0","1"
"154940","Colder Products Co","ron.toensing@colder.com","1001 Westgate Dr","6516456938","6516450091","384104","Physicians & Surgeons Equip & Supls-Mfrs","NULL"," Email <---> Revenue ","61575","Colder Products Co","1001 Westgate Dr","St Paul","MN","55114","Ramsey","www.colder.com","6516450091","6516456938","Michael Lyon","Owner","Mal","45024000","201","384104","Physicians &","5","0","1"
"131010","Rochester Airport","rst@rochesterintlairport.com","7600 Helgerson Dr SW","5072822346","5072822328","458106","Airports","www.rochesterintlairport.com"," Email <---> Revenue ","257144","Rochester Airport","7600 Helgerson Dr SW","Rochester","MN","55902","Olmsted","www.rochesterintlairport.com","5072822328","5072822346","Steven W Leqve","Manager","Mal","30300000","300","458106","Airports","5","0","1"
"188656","Form-A-Feed Inc","steve.nelson@abrasive-form.com","PO Box 9","3205622125","3205622413","519112","Feed-Dealers (Wholesale)","NULL"," Email <---> Revenue ","107599","Form-A-Feed Inc","740 Bowman St","Stewart","MN","55385","Mc Leod","www.formafeed.com","3205622413","3205622125","Steve Nelson","Owner","Mal","39900000","60","519112","Feed-Dealers","5","0","1"
"131801","Brownsworth Office Furniture","Steve@brownsworth.com","161 Cheshire Ln N # 200","7637450578","7637450604","502122","Office Furniture & Equip-Instltn (Whol)","NULL"," Email <---> Revenue ","41192","Brownsworth Office Furniture","161 Cheshire Ln N # 200","Minneapolis","MN","55441","Hennepin","www.brownsworth.com","7637450604","7637450578","Steve Utne","Owner","Mal","39970000","70","502122","Office Furni","5","0","1"
"92647","L & M Supply","TerryMatteson@landmsupply.com","PO Box 280","2183261110","2183262926","525104","Hardware-Retail","NULL"," Email <---> Revenue ","166417","L & M Supply","1200 E Us Highway 169","Grand Rapids","MN","55744","Itasca","www.landmsupply.com","2183262926","2183261110","Terry Matteson","Owner","Mal","29000000","75","525104","Hardware-Ret","5","0","1"
"203390","Premier Electrical Corp","tgarmaker@premiercorp.net","4401 85th Ave N","7634245225","7634246551","173101","Electric Contractors","NULL"," Email <---> Revenue ","238974","Premier Electrical Corp","4401 85th Ave N","Brooklyn Park","MN","55443","Hennepin","","7634246551","7634245225","Fred Jahnke","CEO","Mal","33000000","250","173101","Electric Con","5","2","1"
"199031","Dooley's Petroleum","Tom@dooleypetro.com","PO Box 775","3202356163","3202355200","517206","Oils-Fuel (Wholesale)","NULL"," Email <---> Revenue ","86125","Dooley's Petroleum","1405 Highway 12 E","Willmar","MN","56201","Kandiyohi","","3202355200","3202356163","Tom Dooley","Owner","Mal","33540000","10","517206","Oils-Fuel (W","5","0","1"
"186224","Swanson Flo-Systems","TomH@swansonflosystems.com","2435 Xenium Ln N","7633834772","7633834700","506328","Controls Control Systs/Regulators (Whol)","NULL"," Email <---> Revenue ","292484","Swanson Flo-Systems","2435 Xenium Ln N","Plymouth","MN","55441","Hennepin","www.swansonflosystems.com","7633834700","7633834772","Tom Howe","President","Mal","26320000","40","506328","Controls Con","5","0","1"
"122893","Aircraft Services Intl Group","web.developer@programmer.net","7150 Humphrey Dr","6127265530","6127265800","458104","Aircraft Servicing & Maintenance","www.signatureflight.com"," Email <---> Revenue ","9286","Aircraft Services Intl Group","7150 Humphrey Dr","Minneapolis","MN","55450","Hennepin","www.signatureflight.com","6127265800","6127265530","Kent Kersten","President","Mal","30300000","300","458104","Aircraft Ser","5","0","1"
"45247","Anderson Chemical Co","wolfschiller@andersonchemco.com","325 S Davis Ave","3206938238","3206932477","284203","Cleaning Compounds-Manufacturers","www.andersonchemco.com"," Email <---> Revenue ","16314","Anderson Chemical Co","325 S Davis Ave","Litchfield","MN","55355","Meeker","www.andersonchemco.com","3206932477","3206938238","Terry Anderson","President","Mal","34720000","70","284203","Cleaning Com","5","0","1"
