mail id,company,email,address,phone,fax,sic,sic description,web,,revenue id,company,address,city,state,zip,	metro,web,phone,fax,contact,position,gender,sales,# of employee,sic,sic_descrpiton,	,,
"211707","Bobby Bead","bali@bobbybead.com","2831 Hennepin Ave","6128796712","6128798181","509410","Beads (Wholesale)","www.bobbybead.com"," Email <---> Revenue ","36147","Bobby Bead","2831 Hennepin Ave","Minneapolis","MN","55408","Hennepin","www.bobbybead.com","6128798181","6128796712","Robert Sorenson","Owner","Mal","21200000","25","509410","Beads (Whole","4","0","1"
"185183","Energy Solutions Inter","Barnett@esilighting.com","141 State St","NULL","6512686060","506319","Lighting Fixtures-Wholesale","NULL"," Email <---> Revenue ","95494","Energy Solutions Inter","141 State St","St Paul","MN","55107","Ramsey","www.esilighting.com","6512686060","","Jay Barnett","President","Mal","19740000","30","506319","Lighting Fix","4","0","1"
"164064","Bridgenet Technologies","BattistoD@bridgenetech.net","150 Eaton St","6512210272","6512210112","506563","Telecommunication Equip/Syst-Whol/Mfrs","NULL"," Email <---> Revenue ","39981","Bridgenet Technologies","150 Eaton St","St Paul","MN","55107","Ramsey","www.bridgenetech.net","6512210112","6512210272","David Battisto","Owner","Mal","13130000","13","506563","Telecommunic","4","0","1"
"171980","Apptec","benita.baskin@apptecls.com","2540 Executive Dr","6516752005","6516752000","384104","Physicians & Surgeons Equip & Supls-Mfrs","NULL"," Email <---> Revenue ","19102","Apptec","2540 Executive Dr","St Paul","MN","55120","Dakota","www.apptecls.com","6516752000","6516752005","Benita Baskin","President","Fem","11200000","50","384104","Physicians &","4","0","1"
"179714","Jubilee Foods","Bill@jubileewalker.com","701 Michigan Ave","2185471724","2185471624","541105","Grocers-Retail","NULL"," Email <---> Revenue ","155826","Jubilee Foods","701 Michigan Ave","Walker","MN","56484","Cass","www.jubileewalker.com","2185471624","2185471724","Bill Bieloh","Owner","Mal","14560000","80","541105","Grocers-Reta","4","0","1"
"158078","Mac Queen Equipment Inc","billgarber@macqueeneq.com","595 Aldine St","6516456668","6516455726","331298","Steel Works/Blast Furnaces/Rolling Mls","NULL"," Email <---> Revenue ","182834","Mac Queen Equipment Inc","595 Aldine St","St Paul","MN","55104","Ramsey","www.macqueeneq.com","6516455726","6516456668","Bill Garber","President","Mal","15240000","30","331298","Steel Works/","4","0","1"
"178889","Rosemount Office Systems Inc","bmumm@rosemount-office.com","21785 Hamburg Ave","9529856281","9529856200","252298","Office Furniture-Except Wood (Mfrs)","www.rosemount-office.net"," Email <---> Revenue ","260137","Rosemount Office Systems Inc","21785 Hamburg Ave","Lakeville","MN","55044","Dakota","www.rosemount-office.net","9529856200","9529856281","Barry Mumm","President","Mal","19440000","80","252298","Office Furni","4","0","1"
"155436","Watson Co","briannat@watsonmn.com","1555 320th Ln NE","7636895108","7636893722","514501","Candy & Confectionery-Wholesale","www.watsonmn.com"," Email <---> Revenue ","321620","Watson Co","1555 320th Ln NE","Cambridge","MN","55008","Isanti","www.watsonmn.com","7636893722","7636895108","Steve Watson","President","Mal","14750000","25","514501","Candy & Conf","4","0","1"
"85515","Brainerd Hardwoods","BrucePaine@explorebrainerdlakes.com","13844 White Pine Dr","2188280720","2188284824","503109","Lumber-Wholesale","NULL"," Email <---> Revenue ","38488","Brainerd Hardwoods","13844 White Pine Dr","Brainerd","MN","56401","Crow Wing","","2188284824","2188280720","Bruce Paine","President","Mal","21180000","30","503109","Lumber-Whole","4","0","1"
"174157","Gopher State Litho Corp","bryan@e-zone.com","3232 E 40th St","6127243600","6127243600","275998","Commercial Printing Nec","www.gopherstatelitho.com"," Email <---> Revenue ","118704","Gopher State Litho Corp","3232 E 40th St","Minneapolis","MN","55406","Hennepin","www.gopherstatelitho.com","6127243600","","William Ketz","President","Mal","10010000","70","275998","Commercial P","4","0","1"
"73517","Fleet Fueling Services","buck@fleetfuelingusa.com","800 North Grotto","6514870430","null","8999","Services NEC","FLEETFUELINGUSA.NET"," Email <---> Revenue ","106134","Fleet Fueling Svc-Minnesota","800 Grotto St N","St Paul","MN","55104","Ramsey","","6514870430","6514870434","Douglas Pardo","Owner","Mal","20124000","6","517203","Diesel Fuel ","4","0","1"
"50877","Clarity Audio Video Systems","B_Tom@clarityav.com","15831 Highway 55 # C","6125531030","7635512300","506507","Sound Systems & Equipment (Wholesale)","NULL"," Email <---> Revenue ","59443","Clarity Audio Video Systems","15831 Highway 55 # C","Minneapolis","MN","55447","Hennepin","www.clarityav.com","7635512300","6125531030","Tom Brandabur","Owner","Mal","19190000","19","506507","Sound System","4","0","1"
"190964","JMC","Camille@jmcinc.com","5402 Parkdale Dr # 160","9525950029","9525950025","509908","Manufacturers-Agents & Representatives","NULL"," Email <---> Revenue ","146286","JMC","5402 Parkdale Dr # 160","Minneapolis","MN","55416","Hennepin","www.jmcmktg.com","9525950025","9525950029","Camille Thomas","Owner","Fem","15104000","16","509908","Manufacturer","4","0","1"
"88776","Advanced Audio","Cap-Robert@advanaudio.com","PO Box 305","2187490757","2187494056","506507","Sound Systems & Equipment (Wholesale)","NULL"," Email <---> Revenue ","7325","Advanced Audio","201 S Broadway Ave","Gilbert","MN","55741","St Louis","","2187494056","2187490757","Robert Cap","Owner","Mal","22220000","22","506507","Sound System","4","0","1"
"39837","Fire Fab","CBrad@Firefabinc.Com","401 Harding St NE","6123781772","6123787999","506315","Fire Protection Equipment & Supls (Whol)","NULL"," Email <---> Revenue ","104224","Fire Fab","401 Harding St NE","Minneapolis","MN","55413","Hennepin","","6123787999","6123781772","Brad Coons","Owner","Mal","15134000","23","506315","Fire Protect","4","0","1"
"8009","Yaggy Colby Associates (YCA)","ccolby@yaggy.com","717 3rd Ave. SE","5072886464","5072885058","8999","Services NEC","http://www.yaggy.com"," Email <---> Revenue ","331688","Yaggy Colby Assoc","717 3rd Ave SE","Rochester","MN","55904","Olmsted","www.yaggy.com","5072886464","5072885058","Don Borcherding","President","Mal","15800000","100","871110","Engineers-Ci","4","0","1"
"129354","Tension Envelope Corp","cdinfo@tension.com","5401 Smetana Dr","3367602689","9529353131","267701","Envelopes-Manufacturers","www.tension.com"," Email <---> Revenue ","297132","Tension Envelope Corp","5401 Smetana Dr","Minnetonka","MN","55343","Hennepin","www.tension.com","9529353131","9529350233","Jack Gunderson","Plant Mgr","Mal","18400000","100","267701","Envelopes-Ma","4","0","1"
"206928","Healthworks Home Medical Inc","cjellum@healthworkshomemedical.com","114 5th St SE # 125","6126179466","6126179562","599920","Home Health & Health Care Equipment","NULL"," Email <---> Revenue ","129176","Healthworks Home Medical Inc","114 5th St SE # 125","Minneapolis","MN","55414","Hennepin","www.healthworkshomemedical.com","6126179562","6126179466","Chad Jellum","President","Mal","10764000","18","504704","Physicians &","4","0","1"
"202781","Technical Services-Electronics","connections@tseinc.net","108 5th Ave NW","5079642465","5079642237","367901","Electronic Equipment & Supplies-Mfrs","www.tseinc.net"," Email <---> Revenue ","296459","Technical Services-Electronics","108 5th Ave NW","Arlington","MN","55307","Sibley","www.tseinc.net","5079642237","5079642465","Lyle Fahning","President","Mal","10752000","48","367901","Electronic E","4","0","1"
"187391","Twincomm","CoppoVal@thewinstoncompany.com","2837 Anthony Ln S","6127891999","6127062200","511308","Packaging Materials-Wholesale","NULL"," Email <---> Revenue ","308047","Twincomm","2837 Anthony Ln S","Minneapolis","MN","55418","Hennepin","www.thewinstoncompany.com","6127062200","6127891999","Val Coppo","Owner","Mal","20700000","25","511308","Packaging Ma","4","0","1"
"192447","Waters Instruments Inc","corpinfo@zarebasystems.com","13705 26th Ave N # 102","7635097450","7635511125","369910","Electric Fence (Manufacturers)","www.watersinst.com"," Email <---> Revenue ","321389","Waters Instruments Inc","13705 26th Ave N # 102","Minneapolis","MN","55441","Hennepin","www.watersinst.com","7635511125","7635097450","Jerry W Grabowski","CEO","Mal","24186000","100","369910","Electric Fen","4","0","1"
"208902","Herberger's","cpsgift@saksinc.com","600 W Saint Germain St","3202515202","3206542277","531102","Department Stores","www.herbergers.com"," Email <---> Revenue ","131113","Herberger's","600 W Saint Germain St","St Cloud","MN","56301","Stearns","www.herbergers.com","3202515202","3206542277","Laurie Schwitters","Manager","Fem","12960000","80","531102","Department S","4","1","1"
"153413","Vic''s Crane & Heavy Haul Inc","cranesremovethis@vicsco.com","3000 145th St E","6514237400","6514237400","735301","Crane Service","www.vicsco.com"," Email <---> Revenue ","315874","Vic's Crane & Heavy Haul Inc","3000 145th St E","Rosemount","MN","55068","Dakota","www.vicsco.com","6514237400","","Bernice Wenzel","President","Fem","12155000","65","735301","Crane Servic","4","0","1"
"172961","Quicksilver Express Courier","Crary_Mike@qec.com","203 Little Canada Rd E","6514843214","6514841111","421205","Delivery Service","NULL"," Email <---> Revenue ","243829","Quicksilver Express Courier","203 Little Canada Rd E","Little Canada","MN","55117","Ramsey","www.qec.com","6514841111","6514946743","Mike Crary","President","Mal","16400000","300","421205","Delivery Ser","4","0","1"
"205048","Advanced Web Technologies","D.H@advancedwebtech.com","2908 Anthony Ln","7635045772","7635045700","267201","Labels-Paper (Manufacturers)","NULL"," Email <---> Revenue ","7667","Advanced Web Technologies","2908 Anthony Ln","Minneapolis","MN","55418","Hennepin","www.awtlabel.com","6127812025","6127063772","Duane Huberty","President","Mal","14130000","100","267201","Labels-Paper","4","0","1"
"101823","C & H Technology","darrick@chtechnology.com","6121 Baker Rd # 108","9529336223","9529336190","506338","Electronic Parts Assemblers (Wholesale)","www.chtechnology.com"," Email <---> Revenue ","44373","C & H Technology","6121 Baker Rd # 108","Minnetonka","MN","55345","Hennepin","www.chtechnology.com","9529336190","9529336223","Tom Heelan","President","Mal","13160000","20","506338","Electronic P","4","0","1"
"165844","Katolight Corp","davec@katolight.com","100 Power Dr","5076252968","5076257973","362104","Generators-Electric-Manufacturers","NULL"," Email <---> Revenue ","159246","Katolight Corp","100 Power Dr","Mankato","MN","56001","Blue Earth","www.katolight.com","5076257973","5076252968","Lyle Jacobson","Owner","Mal","23100000","135","362104","Generators-E","4","0","1"
"183537","Van-O-Lite","DaveM@vanolite.com","5945 University Ave NE","7635718796","7635713001","506318","Light Bulbs & Tubes (Wholesale)","NULL"," Email <---> Revenue ","314485","Van-O-Lite","5945 University Ave NE","Minneapolis","MN","55432","Anoka","www.vanolite.com","7635713001","7635718796","Dave Mc Lellan","Owner","Mal","16450000","25","506318","Light Bulbs ","4","0","1"
"96457","Fox Brothers Intl","Dave_Fox@foxbrosintl.com","PO Box 157","5076483642","5076483811","508414","Engines-Diesel (Wholesale)","NULL"," Email <---> Revenue ","108205","Fox Brothers Intl","13067 Us Highway 71","Sanborn","MN","56083","Redwood","www.foxbrosintl.com","5076483811","5076483642","Dave Fox","President","Mal","13056000","24","508414","Engines-Dies","4","0","1"
"143704","Thompson Motors Of Wykoff","Dick.Thompson@thompsontrucks.com","PO Box 38","5073524912","5073522435","552101","Truck-Dealers-Used","NULL"," Email <---> Revenue ","299317","Thompson Motors Of Wykoff","125 Gold St S","Wykoff","MN","55990","Fillmore","www.thompsontrucks.com","5073522435","5073524912","Dick Thompson","President","Mal","14152000","29","552101","Truck-Dealer","4","0","1"
"71170","Progressive Rail","dmcentee@go.amalsugar.com","21778 Highview Ave","9529857626","9529857245","401101","Railroads","www.progressiverail.com"," Email <---> Revenue ","241502","Progressive Rail","21778 Highview Ave","Lakeville","MN","55044","Dakota","www.progressiverail.com","9529857245","9529857626","Dave Fellon","Owner","Mal","12080000","40","401101","Railroads","4","0","1"
"181468","Schmitty & Sons School Buses","dmohr@schmittyandsons.com","22750 Pillsbury Ave","9529857575","9529857513","414201","Buses-Charter & Rental","www.schmittyandsons.com"," Email <---> Revenue ","267368","Schmitty & Sons School Buses","21160 Holyoke Ave","Lakeville","MN","55044","Dakota","www.grayline-mpls.com","9524692256","9524691020","Paul Leidner","Owner","Mal","18750000","250","414201","Buses-Charte","4","0","1"
"44566","Minnesota Mold & Engineering","Donald.Chlebeck@minnmold.com","1025 Kristen Ct","6514833257","651-483-0965","3544","Special Dies and Tools","Die Sets"," Email <---> Revenue ","201598","Minnesota Mold & Engineering","1025 Kristen Ct","St Paul","MN","55110","Ramsey","","6514830965","6514833257","","","","12150000","90","354405","Molds (Manuf","4","0","1"
"190065","Dombrovski Meats","DPatrick@frankhammel.com","PO Box 308","3209686490","3209686275","201101","Meat Packers","NULL"," Email <---> Revenue ","84795","Dombrovski Meats","425 Dewey St","Foley","MN","56329","Benton","","3209686275","3209686490","Patrick Dombrovski","President","Mal","17465000","35","201101","Meat Packers","4","0","1"
"160397","Cybertrol Engineering","dscott@cybertrol.com","2950XeniumLaneNSuite130","6125598660","6125197800","871106","Engineers","CYBERTROL.COM"," Email <---> Revenue ","72222","Cybertrol Engineering","2950 Xenium Ln N # 130","Plymouth","MN","55441","Hennepin","www.cybertrol.com","7635598660","7635197800","Dan Scott","President","Mal","13160000","20","506328","Controls Con","4","0","1"
"149944","Scholls Inc","dss@daserv.com","3070 Long Lake Rd","6516367086","6516367086","731908","Distribution Services","www.daserv.com"," Email <---> Revenue ","267554","Scholls Inc","3070 Long Lake Rd","Roseville","MN","55113","Ramsey","www.daserv.com","6516336868","6516367086","Tim Scholl","President","Mal","10300000","100","731908","Distribution","4","0","1"
"80736","Multi-Clean","duffy.k@minutemanintl.com","600 Cardigan Rd","6514819987","6514811900","284298","Specialty Clng Plshng/Sanitation (Mfr)","www.minutemanintl.com"," Email <---> Revenue ","207301","Multi-Clean","600 Cardigan Rd","Shoreview","MN","55126","Ramsey","www.minutemanintl.com","6514811900","6514819987","Mike Rau","VP","Mal","12400000","25","284298","Specialty Cl","4","0","1"
"163841","Stenerson Lumber","dustin@pcparts.net","PO Box 500","7012933197","7012930101","521142","Lumber","stenersonlumber.com"," Email <---> Revenue ","285748","Stenerson Lumber","1702 1st Ave N","Moorhead","MN","56560","Clay","","2182332754","2182332757","Les Stenerson","President","Mal","12000000","20","521142","Lumber-Retai","4","0","1"
"31742","Midwest Rubber Svc & Supply Co","edturk@midwestrubber.com","14307 28th Pl N","7635594429","7635592551","353501","Conveyors & Conveying Equipment-Mfrs","www.midwestrubber.com"," Email <---> Revenue ","197845","Midwest Rubber Svc & Supply Co","14307 28th Pl N","Plymouth","MN","55447","Hennepin","www.midwestrubber.com","7635592551","7635594429","Charles Anderson","CEO","Mal","10550000","50","353501","Conveyors & ","4","0","1"
"91008","Fourth Street Systems","Ehlert@fourthstreetsystems.com","1808 4th St NE","6127886849","6127899511","504704","Physicians & Surgeons Equip & Supls-Whol","NULL"," Email <---> Revenue ","108190","Fourth Street Systems","1808 4th St NE","Minneapolis","MN","55418","Hennepin","www.fourthstreetsystems.com","6127899511","6127886849","Rob Elert","CEO","Mal","13156000","22","504704","Physicians &","4","0","1"
"13011","Hardware Distributors","Erv@hdlusa.com","5 Industrial Blvd","3202551102","3202559850","342902","Hardware-Manufacturers","NULL"," Email <---> Revenue ","126743","Hardware Distributors","5 Industrial Blvd","Sauk Rapids","MN","56379","Benton","","3202559850","3202551102","Erv Sauer","Owner","Mal","13600000","85","342902","Hardware-Man","4","0","1"
"58712","Silent Knight Security Group","Eskew.Wayne@silent-knight.com","9057 Lyndale Ave S","9528811055","9528810038","506304","Security Control Equip & Systems-Whol","NULL"," Email <---> Revenue ","274169","Silent Knight Security Group","9057 Lyndale Ave S","Bloomington","MN","55420","Hennepin","www.silent-knight.com","9528810038","9528811055","Chuck Pelzel","Manager","Mal","22372000","34","506304","Security Con","4","0","1"
"112870","Granite Electronics","F.Andy@graniteelectronics.com","535 31st Ave N","3202595997","3202521651","506504","Radio Communication Equip & Systems-Whol","NULL"," Email <---> Revenue ","119963","Granite Electronics","535 31st Ave N","St Cloud","MN","56303","Stearns","www.graniteelectronics.com","3202586398","3202595997","Andy Faith","Owner","Mal","20200000","20","506504","Radio Commun","4","0","1"
"157136","Coopers Super Value","GaryCooper@coopersmarkets.com","PO Box 16316","6516989875","6516993530","541105","Grocers-Retail","NULL"," Email <---> Revenue ","65411","Coopers Super Value","2481 7th St W","St Paul","MN","55116","Ramsey","","6516993530","6516989875","Gary Cooper","Owner","Mal","10920000","60","541105","Grocers-Reta","4","0","1"
"186508","Universal Promotions","George@universalpromo.com","19875 S Diamond Lake Rd # 100","7634284417","7634288800","504704","Physicians & Surgeons Equip & Supls-Whol","NULL"," Email <---> Revenue ","312129","Universal Promotions","19875 S Diamond Lake Rd # 100","Rogers","MN","55374","Hennepin","","7634288800","7634284417","George Will","Owner","Mal","17940000","30","504704","Physicians &","4","0","1"
"194294","Mann Lake Supply","getridofbees@williethebeeman.com","501 1st St S","2186756156","2186756688","519107","Beekeepers Supplies (Wholesale)","www.mannlakeltd.com"," Email <---> Revenue ","184981","Mann Lake Supply","501 1st St S","Hackensack","MN","56452","Cass","www.mannlakeltd.com","2186756688","2186756156","Jack Thomas","Owner","Mal","23275000","35","519107","Beekeepers S","4","0","1"
"97713","Universal Enterprises","GJohnson@ueitest.com","1200 29th Ave NE","3202529465","3202528817","161101","Paving Contractors","NULL"," Email <---> Revenue ","312082","Universal Enterprises","1200 29th Ave NE","Sauk Rapids","MN","56379","Benton","","3202528817","3202529465","Glen Johnson","Owner","Mal","21150000","90","161101","Paving Contr","4","1","1"
"199236","Aerostich Riderwear","GoldfineA@aerostich.com","8 S 18th Ave W","2187203610","2187221927","399903","Manufacturers","NULL"," Email <---> Revenue ","8068","Aerostich Riderwear","8 S 18th Ave W","Duluth","MN","55806","St Louis","www.aerostich.com","2187221927","2187203610","Andrew Goldfine","Owner","Mal","13100000","100","399903","Manufacturer","4","0","1"
"197480","Foursome Clothing Store","Gordon@thefoursome.com","841 Lake St E","NULL","9524734667","561101","Men's Clothing & Furnishings-Retail","NULL"," Email <---> Revenue ","108168","Foursome Clothing Store","841 Lake St E","Wayzata","MN","55391","Hennepin","","9524734667","","Gordon Engel","President","Mal","11200000","100","561101","Men's Clothi","4","0","1"
"182904","Wellington Window & Door Co","heidi.holkestad@wellingtonwindow.com","3938 Meadowbrook Rd","9529331403","9529336300","521107","Windows","NULL"," Email <---> Revenue ","322999","Wellington Window & Door Co","3938 Meadowbrook Rd","St Louis Park","MN","55426","Hennepin","www.wellingtonwindow.com","9529336300","9529331403","Libby Woods","Owner","Fem","12900000","50","521107","Windows","4","0","1"
"174556","Heigl Technologies","Heigl@heigltech.com","7736 W 78th St","9529431255","9529431441","516912","Adhesives & Glues (Wholesale)","NULL"," Email <---> Revenue ","130052","Heigl Technologies","7736 W 78th St","Minneapolis","MN","55439","Hennepin","www.heigltech.com","9529431441","9529431255","Mark Heigl","CEO","Mal","10010000","10","516912","Adhesives & ","4","0","1"
"166227","Kmart","help@kmart.com","1605 1st St S # 8","6194426827","3202359501","531102","Department Stores","www.kmart.com"," Email <---> Revenue ","163767","Kmart","1605 1st St S # 8","Willmar","MN","56201","Kandiyohi","www.kmart.com","3202359501","3202354034","Dan Page","Manager","Mal","12960000","80","531102","Department S","4","1","1"
"79762","Trimodal Inc","helpdesk@trimodalinc.com","8009 34th Ave S # 300","7123239080","9522536900","473107","Containerized Freight & Cargo Service","www.trimodalinc.com"," Email <---> Revenue ","305708","Trimodal Inc","8009 34th Ave S # 300","Bloomington","MN","55425","Hennepin","www.trimodalinc.com","9522536900","9522536091","Nick Rogge","CEO","Mal","21700000","0","473107","Containerize","4","0","1"
"163377","Ted's Rv Land","Hoekstra@tedsrv.com","28501 E Highway 55","3202433688","3202433288","556101","Recreational Vehicles-Equip/Parts/Svc","NULL"," Email <---> Revenue ","296666","Ted's Rv Land","28501 E Highway 55","Paynesville","MN","56362","Stearns","www.tedsrv.com","3202433288","3202433688","Ted Hoekstra","Owner","Mal","10704000","24","556101","Recreational","4","0","1"
"48476","Loucks & Assoc Inc","home@loucksassociates.com","7200 Hemlock Ln N # 300","6514578642","7634245505","874824","City Regional & Town Planners","www.loucksmclagan.com"," Email <---> Revenue ","179012","Loucks & Assoc Inc","7200 Hemlock Ln N # 300","Maple Grove","MN","55369","Hennepin","www.loucksmclagan.com","7634245505","7634245822","Tom Loucks","President","Mal","11700000","52","874824","City Regiona","4","0","1"
"61695","Web Label LTD","hradmin@awtlabel.com","2518 N 2nd St","4809686558","6125880737","267201","Labels-Paper (Manufacturers)","www.advancedwebtech.com"," Email <---> Revenue ","322374","Web Label LTD","2518 N 2nd St","Minneapolis","MN","55411","Hennepin","www.weblabel.com","6125880737","6122878657","John Colwell","President","Mal","15680000","40","267201","Labels-Paper","4","0","1"
"113786","Midwest Commercial Exteriors","hrdepartment@mnext.com","8610 Jefferson Hwy","7634938980","7634245003","176111","Siding Contractors","www.minnesotaexteriors.com"," Email <---> Revenue ","197298","Midwest Commercial Exteriors","8610 Jefferson Hwy","Osseo","MN","55369","Hennepin","www.minnesotaexteriors.com","7634245003","7633915599","Steve Schiltz","President","Mal","12400000","100","176111","Siding Contr","4","0","1"
"157533","DCM Tech Inc","interest@dcm-tech.com","4455 Theurer Blvd","5074527970","5074524043","355904","Automobile Body Shop Equipment-Mfrs","www.dcm-tech.com"," Email <---> Revenue ","73648","DCM Tech Inc","4455 Theurer Blvd","Winona","MN","55987","Winona","www.dcm-tech.com","5074524043","5074527970","Dave Arnold","President","Mal","11340000","60","355904","Automobile B","4","0","1"
"133174","SECOA","James@secoa.com","8650 109th Ave N","7635068844","7635068800","792212","Theatrical Equipment & Supplies","NULL"," Email <---> Revenue ","263163","SECOA","8650 109th Ave N","Champlin","MN","55316","Hennepin","www.secoa.com","7635068800","7635068844","James Kunz","Owner","Mal","10600000","60","735982","Stages","4","0","1"
"94421","Dynamics Design & Land","jay@nplhomesales.com","207 Jefferson Blvd # 201","7632622123","7632622125","655201","Land Companies","www.dynamicsrealestate.com"," Email <---> Revenue ","89097","Dynamics Design & Land","207 Jefferson Blvd # 201","Big Lake","MN","55309","Sherburne","www.dynamicsrealestate.com","7632622125","7632622123","Marly Glines","Owner","Fem","13470000","30","655201","Land Compani","4","0","1"
"61132","Designed Cabinets","JeffB@honeybrookcabinets.com","7965 215th St W","9524696995","9524692700","571236","Cabinets","NULL"," Email <---> Revenue ","81642","Designed Cabinets","7965 215th St W","Lakeville","MN","55044","Dakota","","9524692700","9524696995","Jeff Barum","President","Mal","10000000","50","571236","Cabinets","4","0","1"
"59069","Pipe Fabricators","Jerry.Fritz@spspipefab.com","8580 Valley Forge Ln N","NULL","763-488-8100","3498","Fabricated Pipe and Pipe Fittings","NULL"," Email <---> Revenue ","235221","Pipe Fabricators","8580 Valley Forge Ln N","Maple Grove","MN","55369","Hennepin","www.pipefabricatorsps.com","7634888100","7634888140","Jerry Fritz","Manager","Mal","11635000","65","349898","Fabricated P","4","0","1"
"69123","Image Arrangers Inc","jerryk@imagearrangers.com","2515 E 26th St","9528316802","9528311444","508442","Printing Equipment (Wholesale)","NULL"," Email <---> Revenue ","139486","Image Arrangers Inc","2515 E 26th St","Minneapolis","MN","55406","Hennepin","www.imagearrangers.com","9528311444","9528316802","Tom Austin","CEO","Mal","16320000","30","508442","Printing Equ","4","0","1"
"120110","St Peter Woolen Mill","jessed@bewisetech.com","101 W Broadway Ave","5079349040","5079343734","515905","Wool (Wholesale)","www.woolenmill.com"," Email <---> Revenue ","283393","St Peter Woolen Mill","101 W Broadway Ave","St Peter","MN","56082","Nicollet","www.woolenmill.com","5079343734","5079349040","Peggy Grey","Owner","Fem","22750000","10","515905","Wool (Wholes","4","0","1"
"183547","Woodruff Co","jigou@livewire-pilot.com","1524 3rd Ave SE","5072859819","5072852500","507406","Plumbing Fixtures & Supplies-Wholesale","www.woodruffcompany.com"," Email <---> Revenue ","330093","Woodruff Co","1524 3rd Ave SE","Rochester","MN","55904","Olmsted","www.woodruffcompany.com","5072852500","5072859819","Jim Woodruff","President","Mal","17395000","35","507406","Plumbing Fix","4","0","1"
"128033","Tenere Inc Stillwater Div","jim.martius@tenere.com","10860 60th St N","3039858261","6514397202","344403","Sheet Metal Fabricators","www.tenere.com"," Email <---> Revenue ","297094","Tenere Inc Stillwater Div","10860 60th St N","Stillwater","MN","55082","Washington","www.tenere.com","6514397202","6514391668","John Wikre","Manager","Mal","19200000","120","344403","Sheet Metal ","4","0","1"
"66337","Vogt Heating & Air Cond","jim@vogtheating.com","3260 Gorham Ave","9529291764","9529296767","171102","Heating Contractors","www.vogtheating.com"," Email <---> Revenue ","317816","Vogt Heating & Air Cond","3260 Gorham Ave","St Louis Park","MN","55426","Hennepin","www.vogtheating.com","9529296767","9529291764","Bob Winder","Manager","Mal","10950000","75","171102","Heating Cont","4","0","1"
"129746","Crysteel Truck Equipment","jjacob@crysteeltruckequipment.com","PO Box 733","5077262984","5077266041","556106","Truck Canopies, Caps & Shells","Caps & Shells"," Email <---> Revenue ","70397","Crysteel Truck Equipment","52248 Ember Rd","Lake Crystal","MN","56055","Blue Earth","www.crysteeltruckequipment.com","5077266041","5077262984","Glen Wiens","Owner","Mal","17840000","40","556106","Truck Canopi","4","0","1"
"49626","Enggren's Supervalu Foods","Jody@enggrensmarket.com","20775 Holt Ave","9524694622","9524694421","541105","Grocers","NULL"," Email <---> Revenue ","95592","Enggren's Supervalu Foods","20775 Holt Ave","Lakeville","MN","55044","Dakota","www.enggrensmarket.com","9524694421","9524694622","Jody Braun","Owner","Fem","14560000","80","541105","Grocers-Reta","4","0","1"
"139959","Jonti-Craft Inc","john.krohn@jonti-craft.com","PO Box 30","5073425617","5073425169","249998","Wood Products Nec (Manufacturers)","NULL"," Email <---> Revenue ","155069","Jonti-Craft Inc","171 State Highway 68","Wabasso","MN","56293","Redwood","www.jonti-craft.com","5073425169","5073425617","Donald F Schwarz","President","Mal","17550000","150","249998","Wood Product","4","0","1"
"207922","Jayen Of Duluth Inc","john@jayen.com","5051 Miller Trunk Hwy","2187295366","2187299300","506504","Radio Communication Equip & Systems-Whol","www.jayen.com"," Email <---> Revenue ","149090","Jayen Of Duluth Inc","5051 Miller Trunk Hwy","Hermantown","MN","55811","St Louis","www.jayen.com","2187299300","2187295366","John Krautbauer","President","Mal","22220000","22","506504","Radio Commun","4","0","1"
"194931","Gilbert Mechanical Contractors","JohnG@gilbertmech.com","4451 W 76th St","9528932156","9528353810","173101","Electric Contractors","NULL"," Email <---> Revenue ","115943","Gilbert Mechanical Contractors","4451 W 76th St","Edina","MN","55435","Hennepin","www.gilbertmech.com","9528353810","9528932156","John Gorman","Owner","Mal","14520000","110","173101","Electric Con","4","2","1"
"9206","Lovegreen Industrial Svc","Johnson@lovegreen.com","2280 Sibley Ct","6518908370","6518901166","344106","Steel-Structural (Manufacturers)","NULL"," Email <---> Revenue ","179191","Lovegreen Industrial Svc","2280 Sibley Ct","Eagan","MN","55122","Dakota","www.lovegreen.com","6518901166","6518908370","Jerry Johnson","Owner","Mal","13140000","60","344106","Steel-Struct","4","0","1"
"90776","Tri-State Bobcat","jraygor@globaltier.com","2209 Phelps Rd","9528945759","6514073727","508206","Contractors-Equip/Supls-Dlrs/Svc (Whol)","www.tristatebobcat.com"," Email <---> Revenue ","305486","Tri-State Bobcat","2209 Phelps Rd","Lino Lakes","MN","55038","Washington","www.tristatebobcat.com","6514073727","6514077345","Jim Skogstad","President","Mal","16650000","25","508206","Contractors-","4","0","1"
"195421","Ciprico Inc","jslawinski@ciprico.com","17400 Medina Rd # 800","7635514002","7635514000","357298","Computer Storage Devices (Manufacturers)","www.ciprico.com"," Email <---> Revenue ","58017","Ciprico Inc","17400 Medina Rd # 800","Plymouth","MN","55447","Hennepin","www.ciprico.com","7635514000","7635514002","James W Hansen","CEO","Mal","18081000","43","357298","Computer Sto","4","0","1"
"193589","Willi Hahn Corp","judys@wihatools.com","1348 Dundas Cir","7632956598","7632950666","507213","Tools (Wholesale)","www.wihatools.com"," Email <---> Revenue ","326856","Willi Hahn Corp","1348 Dundas Cir","Monticello","MN","55362","Wright","www.wihatools.com","7632950666","7632956598","Paul Allen","Manager","Mal","10360000","20","507213","Tools (Whole","4","0","1"
"190665","Central Container","J_Haglund@centralcontainer.com","PO Box 43310","7634258008","7634257444","265201","Boxes-Paper (Manufacturers)","NULL"," Email <---> Revenue ","52531","Central Container","3901 85th Ave N","Minneapolis","MN","55443","Hennepin","www.centralcontainer.com","7634257444","7634258008","","","","10300000","90","511318","Boxes-Corrug","4","0","1"
"188735","Meta-Chem Products","K.B@metachem.com","11503 K Tel Dr","NULL","9522240323","516916","Chemicals (Wholesale)","NULL"," Email <---> Revenue ","194396","Meta-Chem Products","11503 K Tel Dr","Hopkins","MN","55343","Hennepin","","9522240323","","Kirk W Berg","President","Mal","10010000","10","516916","Chemicals (W","4","0","1"
"107514","Sten Corp","kbrimmer@sterion.com","13828 Lincoln St NE","7637559466","7637677217","735206","Medical Equipment-Rentals","NULL"," Email <---> Revenue ","285726","Sten Corp","13828 Lincoln St NE","Ham Lake","MN","55304","Anoka","www.sterion.com","7637677217","7637559466","Kenneth W Brimmer","CEO","Mal","12141000","313","735206","Medical Equi","4","0","1"
"81265","Sun Turf Inc","kburmeister@turfwerks.com","3080 Centerville Rd","4023310767","6514848411","509116","Golf Course Equipment (Wholesale)","www.sunturf.com"," Email <---> Revenue ","290335","Sun Turf Inc","3080 Centerville Rd","Little Canada","MN","55117","Ramsey","www.sunturf.com","6514848411","6514848257","Kirby Burmeister","Manager","Mal","15375000","25","509116","Golf Course ","4","0","1"
"23685","CMI Refrigeration","KDavid@shamrockgroup.net","2900 5th Ave S","6128241974","6128244664","507804","Refrigerating Equip-Coml (Wholesale)","NULL"," Email <---> Revenue ","45703","CMI Refrigeration","2900 5th Ave S","Minneapolis","MN","55408","Hennepin","www.shamrockgroup.net","6128244664","6128241974","David Kelly","Owner","Mal","20400000","40","507804","Refrigeratin","4","0","1"
"200514","Siemon Implement","keith_siemon@siemon.com","10935 Old Highway 169 Blvd","9528734227","9528732224","352304","Farm Equipment-Manufacturers","NULL"," Email <---> Revenue ","273844","Siemon Implement","10935 Old Highway 169 Blvd","Belle Plaine","MN","56011","Scott","www.jddealer.deere.com/siemon","9528732224","9528734227","Keith Siemon","Owner","Mal","10956000","22","508304","Tractor-Deal","4","0","1"
"210862","I C Svc","Koch@integratedcircuitservices.com","2976 Cleveland Ave N","6516040150","6516399516","367401","Semiconductor Devices (Manufacturers)","NULL"," Email <---> Revenue ","138630","I C Svc","2976 Cleveland Ave N","St Paul","MN","55113","Ramsey","www.integratedcircuitservices.com","6516399516","6516040150","John Koch","Owner","Mal","15390000","30","367401","Semiconducto","4","0","1"
"163441","Hutchinson Manufacturing Inc","krigenhagen@hutchmfg.com","720 Highway 7 W","3205873620","3205874653","349903","Metal Goods-Manufacturers","www.hutchmfg.com"," Email <---> Revenue ","138289","Hutchinson Manufacturing Inc","720 Highway 7 W","Hutchinson","MN","55350","Mc Leod","www.hutchmfg.com","3205874653","3205873620","Tom Daggett","President","Mal","10412000","76","349903","Metal Goods-","4","0","1"
"95245","Modernistic","kwilson@modernisticinc.com","169 Jenks Ave","6512912571","651-291-7650","2675","Die-Cut Paper and Paperboard and Cardboard (pasted","lined"," Email <---> Revenue ","203933","Modernistic","169 Jenks Ave","St Paul","MN","55117","Ramsey","www.modernisticinc.com","6512293748","6512912571","Scott Schulte","President","Mal","20250000","150","354403","Die Cutting ","4","0","1"
"79905","Agency 128","LarryMeyer@meyer-telemarketing.com","14 7th Ave N","3202594044","3206564128","731101","Advertising-Agencies & Counselors","NULL"," Email <---> Revenue ","8633","Agency 128","14 7th Ave N","St Cloud","MN","56303","Stearns","www.meyer-telemarketing.com","3206564128","3202594044","Larry Meyer","Owner","Mal","15800000","100","731101","Advertising-","4","0","1"
"204699","Gambler","ldolash@gambler2.com","8421 University Ave NE","7637831575","7637831606","509939","Casino Equipment & Supplies (Wholesale)","www.gambler2.com"," Email <---> Revenue ","112257","Gambler","8421 University Ave NE","Spring Lake Park","MN","55432","Anoka","www.gambler2.com","7637831606","7637831575","Loren Dolash","Owner","Mal","10384000","11","509939","Casino Equip","4","0","1"
"195095","Royal Products","lee.platt@royalprod.com","6875 Washington Ave S","9522538003","9522538000","519910","Giftwares-Wholesale","NULL"," Email <---> Revenue ","260995","Royal Products","6875 Washington Ave S","Edina","MN","55439","Hennepin","","9522538000","9522538003","David Werner","Owner","Mal","17950000","25","519910","Giftwares-Wh","4","0","1"
"208397","W W Thompson Concrete","lori@wwthompson.com","702 Industrial Park Rd SW","2188281161","2188299674","503206","Concrete Blocks & Shapes (Wholesale)","www.wwthompson.com"," Email <---> Revenue ","318499","W W Thompson Concrete","702 Industrial Park Rd SW","Brainerd","MN","56401","Crow Wing","www.wwthompson.com","2188299674","2188281161","Todd W Thompson","Owner","Mal","16320000","34","503206","Concrete Blo","4","0","1"
"130212","Scott Equipment","LRichard@scottnashville.com","605 4th Ave NW","9527584377","9527582591","287598","Fertilizer Mixing Only (Manufacturers)","NULL"," Email <---> Revenue ","268449","Scott Equipment","605 4th Ave NW","New Prague","MN","56071","Le Sueur","www.scottequipment.com","9527582591","9527584377","Richard Lucas","Owner","Mal","22000000","75","287598","Fertilizer M","4","0","1"
"7413","Central Motors","M-Bermillion@teamcentralmotors.com","PO Box 9","6516740998","6516747017","551105","Truck-Dealers","NULL"," Email <---> Revenue ","52854","Central Motors","5660 392nd St","North Branch","MN","55056","Chisago","www.teamcentralmotors.com","6516747017","6516740998","Skip Christenson","Manager","Mal","21998000","34","551105","Truck-Dealer","4","2","1"
"96796","Quality One Woodwork Inc","Mark.Prettyman@qualityonewoodwork.com","3005 Millard Ave","6514803235","6514808351","175106","Woodworkers","NULL"," Email <---> Revenue ","243329","Quality One Woodwork Inc","3005 Millard Ave","Hastings","MN","55033","Dakota","www.qualityonewoodwork.com","6514808351","6514803235","Mark Prettyman","Owner","Mal","11700000","100","175106","Woodworkers","4","2","1"
"37226","Lacek Group","mark.weninger@lacek.com","900 2nd Ave S # 1800","NULL","612-359-3700","731101","Advertising-Agencies & Counselors","NULL"," Email <---> Revenue ","167468","Lacek Group","900 2nd Ave S # 1800","Minneapolis","MN","55402","Hennepin","www.lacek.com","6123593700","6123599395","Bill Baker","Manager","Mal","15800000","100","731101","Advertising-","4","0","1"
"159530","W W Constructors Inc","Mark.Whims@wwconstructors.com","PO Box 231","7634204350","7634204177","154210","Buildings-Metal","NULL"," Email <---> Revenue ","318483","W W Constructors Inc","20095 75th Ave N","Hamel","MN","55340","Hennepin","www.wwconstructors.com","7634204177","7634204350","Mark Whims","President","Mal","10950000","25","154210","Buildings-Me","4","0","1"
"17219","Control Services Of Minnesota","Mark@controlservicesmn.com","2963 Yorkton Blvd","6517659001","6517659000","506328","Controls Control Systs/Regulators (Whol)","NULL"," Email <---> Revenue ","65024","Control Services Of Minnesota","2963 Yorkton Blvd","Little Canada","MN","55117","Ramsey","www.controlservicesmn.com","6517659000","6517659001","Mark Rammer","Owner","Mal","13160000","20","506328","Controls Con","4","0","1"
"52677","Star Exhibits","Mark@starexhibits.com","6920 93rd Ave N","7635614688","7635614655","731901","Display Designers & Producers","NULL"," Email <---> Revenue ","284271","Star Exhibits","6920 93rd Ave N","Minneapolis","MN","55445","Hennepin","www.starexhibits.com","7635614655","7635614688","Mark Johnson","CEO","Mal","10300000","100","731901","Display Desi","4","0","1"
"26392","Coon Rapids Public Works Dept","menu3@milonic.com","1831 111th Ave NW","9096253837","7637676462","161104","Parking Area/Lots Maintenance & Marking","www.tbipomona.org"," Email <---> Revenue ","65310","Coon Rapids Public Works Dept","1831 111th Ave NW","Coon Rapids","MN","55433","Anoka","www.ci.coon-rapids.mn.us","7637676462","7637676540","Bruce Thielen","Manager","Mal","12925000","55","161104","Parking Area","4","0","1"
"96685","KAS Investment","mhoward@kasinvestment.com","3121 40th Avenue NW Suite 100","5072804314","null","5719","Glass & mirrors","AR-PRO.COM^^KASINVESTMENT.COM^^SWANSONGLASS.COM"," Email <---> Revenue ","157282","KAS Investments Co","3121 40th Ave NW","Rochester","MN","55901","Olmsted","","5072804314","5072804316","Kevin Swanson","Owner","Mal","12200000","4","503906","Glass-Wholes","4","0","1"
"189587","Micro-Fab","microinfo@microfab.com","9020 Wyoming Ave N","7634247591","7634247596","509908","Manufacturers-Agents & Representatives","www.microfab.com"," Email <---> Revenue ","196347","Micro-Fab","9020 Wyoming Ave N","Brooklyn Park","MN","55445","Hennepin","www.microfab.com","7634247596","7634247591","Robert Past","Owner","Mal","16048000","17","509908","Manufacturer","4","0","1"
"132046","Technipac","mike@canonigo.com","31515 Cambria Ave","9132996792","5076656658","267301","Bags-Plastic (Manufacturers)","www.manions.com"," Email <---> Revenue ","296481","Technipac","31515 Cambria Ave","Le Sueur","MN","56058","Le Sueur","www.technipacinc.com","5076656658","5076652870","Bonnie Dahn","Manager","Fem","10440000","45","267301","Bags-Plastic","4","0","1"
"204540","Schawk Minneapolis","Moen@schawk.com","2626 2nd St NE","6127895424","6127898514","275207","Color Sprtns-Offset Photo Engrave (Mfrs)","NULL"," Email <---> Revenue ","266944","Schawk Minneapolis","2626 2nd St NE","Minneapolis","MN","55418","Hennepin","www.schawk.com","6127898514","6127895424","Jim Moen","President","Mal","17024000","112","275207","Color Sprtns","4","0","1"
"70627","RJM Discount Dental Supply","MRichard@dentalonsale.com","452 Northco Dr # 180","7635029455","7633983300","504704","Physicians & Surgeons Equip & Supls-Whol","NULL"," Email <---> Revenue ","245622","RJM Discount Dental Supply","452 Northco Dr # 180","Minneapolis","MN","55432","Anoka","www.dentalonsale.com","7633983300","7635029455","Richard Mrocek","Owner","Mal","11960000","20","504719","Dental Equip","4","0","1"
"187758","Century Circuits & Electronics","mwertish@centurycircuits.com","155 Eaton St","6512900779","6512225833","367201","Printed & Etched Circuits-Mfrs","NULL"," Email <---> Revenue ","53134","Century Circuits & Electronics","155 Eaton St","St Paul","MN","55107","Ramsey","","6512225833","6512900779","Mike Wertish","President","Mal","14940000","90","367201","Printed & Et","4","0","1"
"74620","Techpower Inc","neil@techpower.com","9340 James Ave S","9528318621","9528317444","736304","Employment Contractors-Temporary Help","NULL"," Email <---> Revenue ","296552","Techpower Inc","9340 James Ave S","Minneapolis","MN","55431","Hennepin","www.techpower.com","9528317444","9528318621","Kent Mueller","Owner","Mal","10020000","60","162306","Telephone & ","4","0","1"
"65063","Rubber Industries Inc","pat.fischer@rubberindustries.com","PO Box 128","9524457934","9524451320","306198","Molded Extruded/Lathe Cut Rbbr Gds (Mfr)","NULL"," Email <---> Revenue ","261228","Rubber Industries Inc","200 Cavanaugh Dr","Shakopee","MN","55379","Scott","www.rubberindustries.com","9524451320","9524457934","Arthur J Hatch","President","Mal","11880000","55","305201","Rubber Produ","4","0","1"
"29427","Central Minnesota Fab","Pattison@cmf-inc.com","PO Box 1178","3202351816","3202354181","344106","Steel-Structural (Manufacturers)","NULL"," Email <---> Revenue ","52768","Central Minnesota Fab","2725 Gorton Ave NW","Willmar","MN","56201","Kandiyohi","www.cmf-inc.com","3202354181","3202351816","Jeff Pattison","President","Mal","13140000","60","344106","Steel-Struct","4","0","1"
"197992","Poquet Auto Sales","paulson@poquetauto.com","800 Lilac Dr N","7635226197","7635222000","551103","Automobile Dealers-Used Cars","www.poquetauto.com"," Email <---> Revenue ","237278","Poquet Auto Sales","800 Lilac Dr N","Golden Valley","MN","55422","Hennepin","www.poquetauto.com","7635222000","7635226197","Peter Paulson","Owner","Mal","12940000","20","551103","Automobile D","4","1","1"
"169700","Plato Woodwork","Pinske.Karl@platowoodwork.com","PO Box 98","3202382131","3202382193","243401","Cabinets-Manufacturers","NULL"," Email <---> Revenue ","236085","Plato Woodwork","200 3rd St SW","Plato","MN","55370","Mc Leod","www.platowoodwork.com","3202382193","3202382131","Karl Pinske","President","Mal","19680000","160","243401","Cabinets-Man","4","0","1"
"212355","Pioneer Packaging & Printing","pioneer@pioneerpack.com","1220 Lund Blvd","7633238207","7633238308","275202","Printers","www.pioneerpack.com"," Email <---> Revenue ","235152","Pioneer Packaging & Printing","1220 Lund Blvd","Anoka","MN","55303","Anoka","www.pioneerpack.com","7633238308","7633238207","Leo Polack","Owner","Mal","19760000","130","275202","Printers","4","0","1"
"48042","Bethesda Willmar","pvinfo@bethesdawillmar.com","901 Willmar Ave SE","3202351353","3202357909","836105","Residential Care Homes","www.bethesdawillmar.com"," Email <---> Revenue ","31870","Bethesda Willmar","901 Willmar Ave SE","Willmar","MN","56201","Kandiyohi","www.bethesdawillmar.com","3202351353","3202357909","Doug Dewane","Manager","Mal","22950000","450","836105","Residential ","4","0","1"
"140444","Twin City Supply","Raoul_Heifetz@twincitysupply.com","2230 Edgewood Ave S","7635454715","7635452725","509417","Watchmakers'' Equipment & Supls (Whol)","NULL"," Email <---> Revenue ","307785","Twin City Supply","2230 Edgewood Ave S","St Louis Park","MN","55426","Hennepin","","9525452725","7635454715","","","","19504000","23","509417","Watchmakers'","4","0","1"
"5934","Carlson JPM Store Fixtures","rbelbeck@carlson-store-fixtures.com","7147 Northland Dr N","7635318384","7635043547","504610","Store Fixtures (Wholesale)","www.carlson-store-fixtures.com"," Email <---> Revenue ","48935","Carlson JPM Store Fixtures","7147 Northland Dr N","Brooklyn Park","MN","55428","Hennepin","www.carlson-store-fixtures.com","7635043547","7635318384","Michael Stein","Owner","Mal","11940000","30","504610","Store Fixtur","4","0","1"
"206838","Piper Jaffray Co","rebecca.a.john@pjc.com","4999 France Ave S # 200","5097831715","9528488040","628205","Financial Planning Consultants","www.piperjaffray.com"," Email <---> Revenue ","235257","Piper Jaffray Co","4999 France Ave S # 200","Edina","MN","55410","Hennepin","www.piperjaffray.com","9528488040","9528480777","P Bordonaro","Manager","Mal","12450000","30","628205","Financial Pl","4","0","1"
"141846","Powell Communications Inc","rick@powellcom.com","406 W 78th St","9529375470","9529378907","506563","Telecommunication Equip/Syst-Whol/Mfrs","www.powellcom.com"," Email <---> Revenue ","237746","Powell Communications Inc","406 W 78th St","Chanhassen","MN","55317","Carver","www.powellcom.com","9529378907","9529375470","Richard Powell","Owner","Mal","12120000","12","506563","Telecommunic","4","0","1"
"154978","Ditch Witch Of Minn Inc","rnoska@dwmn.com","12826 Emery Way","9524450035","9524453066","508206","Contractors-Equip/Supls-Dlrs/Svc (Whol)","www.ditchwitchmn.com"," Email <---> Revenue ","83768","Ditch Witch Of Minn Inc","12826 Emery Way","Shakopee","MN","55379","Scott","www.ditchwitchmn.com","9524453066","9524450035","Warren Peiffer","Owner","Mal","15984000","24","508206","Contractors-","4","0","1"
"207157","St Cloud Overhead Door Co","rogerb@scohd.com","2150 W Division St","3202530649","3202531310","521101","Doors-Garage","NULL"," Email <---> Revenue ","281390","St Cloud Overhead Door Co","2150 W Division St","St Cloud","MN","56301","Stearns","www.scohd.com","3202531310","3202530649","Roger Bechtold","President","Mal","10578000","41","521101","Doors-Garage","4","0","1"
"73381","Rollies Sales and Service","rollies@midmistinfo.com","13790 Hwy 27 PO Box E","3208594811","null","5311","Retail shops","ROLLIESSALES.COM"," Email <---> Revenue ","258752","Rollie's Sales & Svc","13790 State Highway 27 E","Osakis","MN","56360","Douglas","","3208594811","3208593585","Dale Walsh","President","Mal","10160000","20","331298","Steel Works/","4","0","1"
"201681","Phillips Recycling","RothM@phillipsrecycling.com","119 6th Ave NE","3202514711","3202515980","509314","Scrap Metals-Processing/Recycling (Whol)","NULL"," Email <---> Revenue ","233494","Phillips Recycling","119 6th Ave NE","St Cloud","MN","56304","Stearns","www.phillipsrecycling.com","3202515980","3202514711","Michael Roth","President","Mal","19755000","45","509314","Scrap Metals","4","0","1"
"99762","Rouse Ridgedale Mgmt. Corp.","rpeterso@therousecompany.com","12401 Wayzata Blvd.","9525414864","-","522310","BUILDING MATERIALS, HARDWARE, GARDEN SUPPLY, AND MOBILE HOME DEALERS","NAMB"," Email <---> Revenue ","253969","Ridgedale Shopping Ctr","12401 Wayzata Blvd","Minnetonka","MN","55305","Hennepin","","9525414864","9525400154","","","","17985000","55","651201","Shopping Cen","4","0","1"
"190790","Superior Pool Products","S-Bill@superiorpool.com","8555 Revere Ln N # 300","7634252625","7634252515","509112","Swimming Pool-Distributors","NULL"," Email <---> Revenue ","291612","Superior Pool Products","8555 Revere Ln N # 300","Maple Grove","MN","55369","Hennepin","","7634252515","7634252625","Bill Shuherk","President","Mal","14145000","23","509118","Swimming Poo","4","0","1"
"128117","AAA Piano Movers","S.John@aaamovers.com","8370 89th Ave N","NULL","6125885753","422503","Storage-Household & Commercial","NULL"," Email <---> Revenue ","3402","AAA Piano Movers","8370 89th Ave N","Brooklyn Park","MN","55445","Hennepin","www.aaamovers.com","6125885753","","John Schwartz","President","Mal","17640000","140","422503","Storage-Hous","4","0","1"
"29810","Radiosale Biz","sale@radiosale.biz","7351 Kirkwood Ln N # 134","7634881555","7634881555","506504","Radio Communication Equip & Systems-Whol","www.radiosale.biz"," Email <---> Revenue ","246099","Radiosale Biz","7351 Kirkwood Ln N # 134","Maple Grove","MN","55369","Hennepin","www.radiosale.biz","7634881555","7634881555","Mike Dyer","Manager","Mal","10100000","10","506504","Radio Commun","4","0","1"
"85263","Thriftway Supermarket","Salsberg@thriftwaytexas.com","5715 W Broadway Ave","7635330106","7635333733","541105","Grocers-Retail","NULL"," Email <---> Revenue ","299650","Thriftway Supermarket","5715 W Broadway Ave","Minneapolis","MN","55428","Hennepin","","7635333733","7635330106","Joel Salsberg","Owner","Mal","10010000","55","541105","Grocers-Reta","4","0","1"
"191095","Industrial Spring Co","sara@inddoor.com","9365 Holly St NW","7637865901","7637866527","521102","Door & Gate Operating Devices","www.industrialspring.com"," Email <---> Revenue ","140662","Industrial Spring Co","9365 Holly St NW","Minneapolis","MN","55433","Anoka","www.industrialspring.com","7637866527","7637865901","Jodi Boldenow","Owner","Fem","10836000","42","521102","Door & Gate ","4","0","1"
"175747","Ace Communications","SchroederD@ace1.com","PO Box 360","5078962149","5078963107","599902","Cellular Telephones-Equipment & Supls","NULL"," Email <---> Revenue ","5954","Ace Communications","207 E Cedar St","Houston","MN","55943","Houston","www.acegroup.cc","5078963107","5078962149","David Schroeder","CEO","Mal","12060000","90","599902","Cellular Tel","4","0","1"
"168726","Mid-America Cedar","steve_bush@midamericacedar.com","10285 89th Ave N","7048216077","7634250125","503109","Lumber-Wholesale","www.midamericacedar.com"," Email <---> Revenue ","196591","Mid-America Cedar","10285 89th Ave N","Osseo","MN","55369","Hennepin","www.midamericacedar.com","7634250125","7634249593","Steve Bush","Manager","Mal","21180000","30","503109","Lumber-Whole","4","0","1"
"195390","Accurate Wire","Stoick.Roger@accuratewire.com","2917 Anthony Ln","6127881926","6127882397","331209","Wire Products-Manufacturers","NULL"," Email <---> Revenue ","5903","Accurate Wire","2917 Anthony Ln","Minneapolis","MN","55418","Hennepin","www.accuratewire.com","6127882397","6127881926","Roger Stoick","President","Mal","15240000","30","331209","Wire Product","4","0","1"
"208447","Barnes & Noble Booksellers","sydney@bnm.com","2100 Snelling Ave N","6516399973","6516399256","594201","Book Dealers-Retail","www.bnm.com"," Email <---> Revenue ","27390","Barnes & Noble Booksellers","2100 Snelling Ave N","St Paul","MN","55113","Ramsey","www.bnm.com","6516399256","6516399973","Gary Peterson","Manager","Mal","19950000","150","594201","Book Dealers","4","0","1"
"34227","Farnam Street Financial","S_Morgan@farnamstreet.net","5850 Opus Pkwy # 240","NULL","9529080850","737701","Computers-Renting & Leasing","NULL"," Email <---> Revenue ","102239","Farnam Street Financial","5850 Opus Pkwy # 240","Minnetonka","MN","55343","Hennepin","www.farnamstreet.net","9529080850","9529080796","Steve Morgan","Owner","Mal","12330000","15","737701","Computers-Re","4","0","1"
"92362","T C Tech Corp","tctech@tc-tech.com","5475 Pioneer Creek Dr","7634790862","7634790799","512203","Pharmaceutical Products-Wholesale","www.tc-tech.com"," Email <---> Revenue ","293463","T C Tech Corp","5475 Pioneer Creek Dr","Maple Plain","MN","55359","Hennepin","www.tc-tech.com","7634790799","7634790862","Greg Buckley","Owner","Mal","16716000","12","512203","Pharmaceutic","4","0","1"
"110074","Rum River Door Mill Work","ThomOkoneski@rumriverdoors.com","5201 260th St","6514623205","6514086000","243102","Millwork (Manufacturers)","NULL"," Email <---> Revenue ","261493","Rum River Door Mill Work","5201 260th St","Wyoming","MN","55092","Chisago","www.rumriverdoors.com","6514086000","6514623205","Thom Okoneski","Owner","Mal","17000000","100","243102","Millwork (Ma","4","0","1"
"171854","MBI Publishing Co","Tim.Parker@motorbooks.com","380 Jackson St # 200","NULL","6512875000","273101","Publishers-Book","NULL"," Email <---> Revenue ","182134","MBI Publishing Co","380 Jackson St # 200","St Paul","MN","55101","Ramsey","www.motorbooks.com","6512875000","","Randy Roland","CEO","Mal","16300000","50","273101","Publishers-B","4","0","1"
"200419","Atlantis Plastic Films","tom.gifford@atlantisplastics.com","1970 Excel Dr","9513606087","5073864420","308902","Plastics & Plastic Products (Mfrs)","www.atlantisplastics.com"," Email <---> Revenue ","22493","Atlantis Plastic Films","1970 Excel Dr","Mankato","MN","56001","Blue Earth","www.atlantisplastics.com","5073864420","5073884420","Jenny Pherson","Manager","Fem","16400000","100","308902","Plastics & P","4","0","1"
"91877","Mathias Die Co Inc","tom.mathias@mathias-die.com","391 Malden St","6514511943","6514510105","267598","Die-Cut Paper & Paperboard (Mfrs)","NULL"," Email <---> Revenue ","189559","Mathias Die Co Inc","391 Malden St","South St Paul","MN","55075","Dakota","www.mathias-die.com","6514510105","6514511943","Thomas Mathias","President","Mal","15275000","65","267598","Die-Cut Pape","4","0","1"
"197490","Hoffco Inc","tommaxwell@hoffcoinc.com","N State Hwy 274","5074853533","5074853131","259998","Furniture & Fixtures Nec (Mfrs)","www.hoffcoinc.com"," Email <---> Revenue ","133670","Hoffco Inc","N State Hwy 274","Wood Lake","MN","56297","Yellow Med","www.hoffcoinc.com","5074853131","5074853533","Andy Schmidt","President","Mal","22800000","150","259998","Furniture & ","4","0","1"
"145584","Burnsville Heating & Air Cond","troy@burnsvilleheating.com","3451 W Burnsville Pkwy # 120","9528940925","9528940005","171102","Heating Contractors","www.burnsvilleheating.com"," Email <---> Revenue ","43438","Burnsville Heating & Air Cond","3451 W Burnsville Pkwy # 120","Burnsville","MN","55337","Dakota","www.burnsvilleheating.com","9528940005","9528940925","Mike Carney","Owner","Mal","10220000","70","171102","Heating Cont","4","0","1"
"131683","Antioch Co","ttrexler@antioch.com","PO Box 767","3202516997","3202513822","278298","Blankbooks Looseleaf Bndrs/Devices (Mfr)","NULL"," Email <---> Revenue ","12","ANTIOCH CO","PO BOX 1839","SAINT CLOUD","MN","56302","Stearns","","7753313739","7753317985","JULIA GONZALES","Vice-President","F","10200000","200","278200","Notebook,Lle","4","0","1"
"195995","IAC Intl","Umesh@iacintl.com","4001 Hiawatha Ave","6127241238","6127247244","509905","Importers","NULL"," Email <---> Revenue ","138773","IAC Intl","4001 Hiawatha Ave","Minneapolis","MN","55406","Hennepin","www.iacintl.com","6127247244","6127241238","Umesh Mangalick","Owner","Mal","14160000","15","509905","Importers","4","0","1"
"169530","Costco","username@domain.com","5801 W 16th St","7027358505","7635829600","531102","Department Stores","www.jerrystuxshop.com"," Email <---> Revenue ","66508","Costco","5801 W 16th St","St Louis Park","MN","55416","Hennepin","www.costco.com","7635829600","7635829605","Jeff Goto","Manager","Mal","24300000","150","531102","Department S","4","1","1"
"159249","Smyth Co Inc","username@ftp.smythco.com","2300 E 26th St","5405860549","6127221143","275998","Commercial Printing Nec","www.smythco.com"," Email <---> Revenue ","276462","Smyth Co Inc","2300 E 26th St","Minneapolis","MN","55406","Hennepin","www.smythco.com","6127221143","6127229456","Bill Weernink","Manager","Mal","14300000","100","275998","Commercial P","4","0","1"
"69242","Digital Green","W.Justin@digitalgreen.com","320 1st Ave NE","3202408813","3202408812","737416","Internet Home Page Dev Consulting","NULL"," Email <---> Revenue ","82985","Digital Green","320 1st Ave NE","Waite Park","MN","56387","Stearns","www.digitalgreen.com","3202408812","3202408813","Justin Wampach","President","Mal","13005000","85","737416","Internet Hom","4","0","1"
"188551","Twin City WIRE-Mfi","wasatchwire@access4less.net","3350 Dodd Rd","6514547073","6514548835","349601","Wire Cloth (Manufacturers)","www.twincitywire.com"," Email <---> Revenue ","307825","Twin City WIRE-Mfi","3350 Dodd Rd","Eagan","MN","55121","Dakota","www.twincitywire.com","6514548835","6514547073","David Lentsch","Manager","Mal","11440000","80","349601","Wire Cloth (","4","0","1"
"9459","Silver Lake Foods & Liquors","webadmin@silverlakefoods.com","1402 N Broadway","5072823911","5072823414","541105","Grocers-Retail","www.silverlakefoods.com"," Email <---> Revenue ","274355","Silver Lake Foods & Liquors","1402 N Broadway","Rochester","MN","55906","Olmsted","www.silverlakefoods.com","5072823414","5072823911","Larry Mc Conaghey","Owner","Mal","10010000","55","541105","Grocers-Reta","4","0","1"
"2906","Radio City Inc","webmail@radioinc.com","2663 County Road I","7637866513","7637864475","506504","Radio Communication Equip & Systems-Whol","www.radioinc.com"," Email <---> Revenue ","245976","Radio City Inc","2663 County Road I","St Paul","MN","55112","Ramsey","www.radioinc.com","7637864475","7637866513","Maline Fish","Owner","Fem","18180000","18","506504","Radio Commun","4","0","1"
"120747","Westmor Industries","westmor@westmor.biz","3 Development Dr","3205892206","3205892100","517202","Service Station Equipment (Wholesale)","www.westmor.biz"," Email <---> Revenue ","324810","Westmor Industries","3 Development Dr","Morris","MN","56267","Stevens","www.westmor.biz","3205892100","3205892206","Paul Olson","President","Mal","19000000","100","517202","Service Stat","4","0","1"
"96059","Signation Sign Group Inc","whagemeyer@ssgix.com","1300 Old Highway 8 # 100","6516368902","6516349100","399302","Signs (Manufacturers)","NULL"," Email <---> Revenue ","274000","Signation Sign Group Inc","1300 Old Highway 8 # 100","New Brighton","MN","55112","Ramsey","www.ssgix.com","6516349100","6516368902","Matt Bellin","CEO","Mal","12400000","100","399302","Signs (Manuf","4","0","1"
"117092","Lift Stak & Stor","wingatejim@liftstakstor.com","860 Vandalia St","6516454507","6516458668","508457","Trucks-Industrial (Wholesale)","NULL"," Email <---> Revenue ","175172","Lift Stak & Stor","860 Vandalia St","St Paul","MN","55114","Ramsey","www.liftstakstor.com","6516458668","6516454507","James Wingate","Owner","Mal","17000000","100","508457","Trucks-Indus","4","0","1"
"211060","Dalco Roofing","yourname@website.com","15525 32nd Ave N","7635593783","7635590222","176109","Roofing Contractors","www.dalcorfng.com"," Email <---> Revenue ","74764","Dalco Roofing","15525 32nd Ave N","Plymouth","MN","55447","Hennepin","www.dalcorfng.com","7635590222","7635593783","David Dalbec","Owner","Mal","13640000","110","176109","Roofing Cont","4","0","1"
