mail id,company,email,address,phone,fax,sic,sic description,web,,revenue id,company,address,city,state,zip,	metro,web,phone,fax,contact,position,gender,sales,# of employee,sic,sic_descrpiton,	,,
"194744","Twin City Fan & Blower","Barry@tcf.com","5959 Trenton Ln N","7635517501","7635517600","356498","Industrial & Coml Fans & Blowers (Mfrs)","NULL"," Email <---> Revenue ","307604","Twin City Fan & Blower","5959 Trenton Ln N","Plymouth","MN","55442","Hennepin","www.tcf.com","7635517600","7635517501","Chuck Barry","CEO","Mal","70000000","125","356498","Industrial &","6","0","1"
"181768","General PUMP","Bill_Brown@generalpump.com","1174 Northland Dr","6514548015","6514546500","508444","Pumps (Wholesale)","NULL"," Email <---> Revenue ","114388","General PUMP","1174 Northland Dr","Eagan","MN","55120","Dakota","www.generalpump.com","6514546500","6514548015","Bill Brown","President","Mal","54400000","100","508444","Pumps (Whole","6","0","1"
"150155","Pipestone Livestock Auction","Brian@pipestonelivestock.com","PO Box 185","5078253308","5078253306","515402","Livestock Auction Markets","NULL"," Email <---> Revenue ","235328","Pipestone Livestock Auction","1500 7th St SE","Pipestone","MN","56164","Pipestone","www.pipestonelivestock.com","5078253306","5078253308","Brian Schneider","Owner","Mal","61480000","40","515402","Livestock Au","6","0","1"
"52543","Control Products","Chris@cpi-nj.com","1724 Lake Dr W","9524481606","9524482217","506338","Electronic Parts Assemblers (Wholesale)","NULL"," Email <---> Revenue ","65023","Control Products","1724 Lake Dr W","Chanhassen","MN","55317","Carver","www.controlproductsinc.com","9524482217","9524481606","Chris Berghoff","Owner","Mal","85540000","130","506338","Electronic P","6","0","1"
"138353","Hanson Pipe & Products","Christianson@supportcompanies.com","6055 150th St W","9528918890","9524326050","327209","Concrete Prods-Ex Block & Brick (Mfrs)","NULL"," Email <---> Revenue ","126299","Hanson Pipe & Products","6055 150th St W","Apple Valley","MN","55124","Dakota","","9524326050","9528918890","Bob Christianson","President","Mal","65000000","15","327209","Concrete Pro","6","0","1"
"196697","Factory Motor Parts Co","d.pederson@factorymotorparts.com","2855 Eagandale Blvd","6514053569","6514544100","501313","Automobile Parts & Supplies-Wholesale","NULL"," Email <---> Revenue ","99625","Factory Motor Parts Co","2855 Eagandale Blvd","Eagan","MN","55121","Dakota","","6514544100","6514053569","Elliott Badzin","President","Mal","89600000","200","501313","Automobile P","6","0","1"
"212682","CROSSMARK","david.peet@exchangebridge.com","10273 Yellow Circle Dr","9013629627","9529332263","514102","Food Brokers","www.crossmark.com"," Email <---> Revenue ","45835","CROSSMARK","10273 Yellow Circle Dr","Hopkins","MN","55343","Hennepin","www.crossmark.com","9529332263","9529330179","Bruce Obrien","Manager","Mal","79590000","70","514102","Food Brokers","6","0","1"
"210782","Meyers Label","David@meyers.com","7277 Boone Ave N","7635315771","7635339730","267201","Labels-Paper (Manufacturers)","NULL"," Email <---> Revenue ","195336","Meyers Label","7277 Boone Ave N","Minneapolis","MN","55428","Hennepin","www.meyers.com","7635339730","7635315771","David Dillon","CEO","Mal","50000000","400","267201","Labels-Paper","6","0","1"
"139886","Sandstrom''s","DavidSandstrom@sandstroms.com","2057 E Highway 2","2183260567","2183260567","514105","Grocers-Wholesale","NULL"," Email <---> Revenue ","265732","Sandstrom's","2057 E Highway 2","Grand Rapids","MN","55744","Itasca","www.sandstroms.com","2183260567","2183260567","David Sandstrom","Owner","Mal","68220000","60","514105","Grocers-Whol","6","0","1"
"197157","Discount Steel Co","dawn.skifstrom@discountsteel.com","216 27th Ave N","6125225929","6125225956","505115","Metals-Base (Wholesale)","NULL"," Email <---> Revenue ","83460","Discount Steel Co","216 27th Ave N","Minneapolis","MN","55411","Hennepin","www.discountsteel.com","6125225956","6125225929","John Dormanen","Owner","Mal","88995000","85","505128","Aluminum (Wh","6","0","1"
"36116","NATIVE TOURS","dgerts@jackpotjunction.com","39575 CO HWY 24","5076443000","null","4724","Travel agents","LOWERSIOUX.COM;LOWERSIOUX.ORG"," Email <---> Revenue ","146703","Jackpot Junction Casino-Tour/","39375 County Highway 24","Morton","MN","56270","Renville","","5076443000","5076442645","Becky Kougaline","Manager","Fem","91200000","950","799302","Casinos","6","0","1"
"147757","First Fuel Banks","Feneis@firstfuelbank.com","625 Lincoln Ave SE","3202520653","3202522265","517206","Oils-Fuel (Wholesale)","NULL"," Email <---> Revenue ","104904","First Fuel Banks","625 Lincoln Ave SE","St Cloud","MN","56304","Stearns","www.firstfuelbank.com","3202522265","3202520653","Jim Feneis","Owner","Mal","50310000","15","517206","Oils-Fuel (W","6","0","1"
"133526","POLARFAB","gregp@polarfab.com","2800 E Old Shakopee Rd","9528762350","9528763000","367401","Semiconductor Devices (Manufacturers)","NULL"," Email <---> Revenue ","225549","POLARFAB","2800 E Old Shakopee Rd","Bloomington","MN","55425","Hennepin","www.servisil.com","9528763000","9528762350","Greg Peterson","CEO","Mal","75000000","700","367401","Semiconducto","6","0","1"
"79300","Kemps Dairy Products","Grren@kemps.com","1055 10th Ave SE","6123788592","6123316691","514303","Dairy Products-Wholesale","NULL"," Email <---> Revenue ","160263","Kemps Dairy Products","1055 10th Ave SE","Minneapolis","MN","55414","Hennepin","www.kemps.com","6123316691","6123788592","Jim Grren","President","Mal","57600000","60","514303","Dairy Produc","6","0","1"
"204234","Rihm Kenworth","J-Rihm@rihmkenworth.com","2108 University Ave W","6516460630","6516467833","551105","Truck-Dealers","NULL"," Email <---> Revenue ","254216","Rihm Kenworth","2108 University Ave W","St Paul","MN","55114","Ramsey","www.rihmkenworth.com","6516467833","6516460630","John Rihm","President","Mal","72400000","85","551105","Truck-Dealer","6","2","1"
"99457","Home Valu Interiors","jzey@homevalu.com","5401 E River Rd","7635713411","7635022646","738902","Interior Decorators Design & Consultants","NULL"," Email <---> Revenue ","135460","Home Valu Interiors","5401 E River Rd","Fridley","MN","55421","Anoka","www.homevaluinteriors.com","7635716100","7635713411","Gerry Boschwitz","Owner","Mal","68000000","100","738902","Interior Dec","6","0","1"
"59742","Arrowhead Promotion","Keith.Arnold@apfco.com","1105 SE 8th St","2183272576","2183271165","874214","Marketing Consultants","NULL"," Email <---> Revenue ","20759","Arrowhead Promotion","1105 SE 8th St","Grand Rapids","MN","55744","Itasca","www.apfco.com","2183271165","2183272576","Keith Arnold","Owner","Mal","51000000","300","874214","Marketing Co","6","0","1"
"132339","Iten Commercial Truck Ctr","MartyIten@itenchev.com","6701 Brooklyn Blvd","7635607689","7635619220","551105","Truck-Dealers","NULL"," Email <---> Revenue ","144104","Iten Commercial Truck Ctr","6701 Brooklyn Blvd","Brooklyn Center","MN","55429","Hennepin","www.itenchev.com","7635619220","7635607689","Marty Iten","Owner","Mal","84110000","130","551105","Truck-Dealer","6","2","1"
"29463","Mason Brothers","mbc@masonbros.com","222 4th St. NE","2186312220","null","5411","Food products","vikingfoods.com"," Email <---> Revenue ","189025","Mason Brothers Co","222 4th St NE","Wadena","MN","56482","Wadena","www.masonbrothers.com","2186312220","2186311167","Jeff Harrison","President","Mal","96645000","85","514105","Grocers-Whol","6","0","1"
"203233","Clariant Corp","media-relations@clariant.com","9101 International Pkwy","7635350822","7635354511","282101","Plastics-Raw Mtrls/Powder/Resin-Mfrs","www.clariant.com"," Email <---> Revenue ","59420","Clariant Corp","9101 International Pkwy","New Hope","MN","55428","Hennepin","www.clariant.com","7635354511","7635350822","Jim Brinks","Manager","Mal","95500000","100","282101","Plastics-Raw","6","0","1"
"194231","Loram Maintenance","password1@loram.com","3900 Arrowhead Dr","7634786916","7634786014","374304","Railroad Equipment (Manufacturers)","www.loram.com"," Email <---> Revenue ","178519","Loram Maintenance","3900 Arrowhead Dr","Hamel","MN","55340","Hennepin","www.loram.com","7634786014","7634786916","Paul Wilson","President","Mal","80000000","400","374304","Railroad Equ","6","0","1"
"155411","PALS","RayNorling@palsintl.com","PO Box 753","3202358869","3202358860","025401","Poultry Farms","NULL"," Email <---> Revenue ","225280","PALS","3735 County Road 5 SW","Willmar","MN","56201","Kandiyohi","www.palsusa.com","3202358860","3202358869","Ray Norling","Owner","Mal","81200000","200","25401","Poultry Farm","6","0","1"
"28301","Dichtomatik","RiceJohn@dichtomatikusa.com","1087 Park Pl","9528941588","9528948400","509905","Importers","NULL"," Email <---> Revenue ","82554","Dichtomatik","1087 Park Pl","Shakopee","MN","55379","Scott","www.tcmseals.com","9528948400","9528941588","John Rice","President","Mal","56640000","60","509905","Importers","6","0","1"
"169111","Tapemark Med Products","RKlas@tapemark.com","1685 Marthaler Ln","6514508403","6514508441","384104","Physicians & Surgeons Equip & Supls-Mfrs","NULL"," Email <---> Revenue ","295429","Tapemark Med Products","1685 Marthaler Ln","St Paul","MN","55118","Dakota","www.tapemark.com","6514508441","6514508403","Robert Klas","Owner","Mal","67200000","300","384104","Physicians &","6","0","1"
"71304","Stellent Inc","vernon.hanzlik@stellent.com","7777 Golden Triangle Dr","9528295424","9529032000","737417","Internet Hardware & Software Providers","NULL"," Email <---> Revenue ","285687","Stellent Inc","7777 Golden Triangle Dr","Eden Prairie","MN","55344","Hennepin","www.stellent.com","9529032000","9528295424","Robert F Olson","CEO","Mal","75774000","392","737417","Internet Har","6","0","1"
"210014","Nu Aire Inc","vjohnson@nuaire.com","2100 Fernbrook Ln N","7635530459","7635531270","283601","Biological Products (Manufacturers)","NULL"," Email <---> Revenue ","218926","Nu Aire Inc","2100 Fernbrook Ln N","Plymouth","MN","55447","Hennepin","www.nuaire.com","7635531270","7635530459","Richard Peters","President","Mal","63600000","200","283601","Biological P","6","0","1"
"176729","Veit Disposal Systems","VV@veitcompanies.com","14000 Veit Pl","7634286779","6516453867","495302","Garbage Collection","NULL"," Email <---> Revenue ","314917","Veit Disposal Systems","14000 Veit Pl","Rogers","MN","55374","Hennepin","www.veitcompanies.com","7634223867","","Vaughn Veit","Owner","Mal","65100000","300","495304","Waste Dispos","6","0","1"
"179099","HOM Furniture","W.Johansen@homfurniture.com","10301 Woodcrest Dr NW","7637673765","7637673700","571216","Furniture-Dealers-Retail","NULL"," Email <---> Revenue ","124236","HOM Furniture","10301 Woodcrest Dr NW","Coon Rapids","MN","55433","Anoka","www.homfurniture.com","7637673700","7637673760","Wayne Johansen","Owner","Mal","90000000","880","571223","Futons","6","0","1"
"122156","Abel Conn","webmail@abelconn.com","9210 Science Center Dr","7635360349","7635333533","506338","Electronic Parts Assemblers (Wholesale)","www.abelconn.com"," Email <---> Revenue ","5018","Abel Conn","9210 Science Center Dr","New Hope","MN","55428","Hennepin","www.abelconn.com","7635333533","7635360349","Wally Olson","President","Mal","82250000","125","506338","Electronic P","6","0","1"
"174575","C S Mc Crossan Inc","yvettek@mccrossan.com","7865 Jefferson Hwy","7634251255","7634254167","161102","Road Building Contractors","NULL"," Email <---> Revenue ","45113","C S Mc Crossan Inc","7865 Jefferson Hwy","Maple Grove","MN","55369","Hennepin","","7634254167","7634251255","Charles S Mc Crossan","President","Mal","70500000","300","161102","Road Buildin","6","0","1"
