mail id,company,email,address,phone,fax,sic,sic description,web,,revenue id,company,address,city,state,zip,	metro,web,phone,fax,contact,position,gender,sales,# of employee,sic,sic_descrpiton,	,,
"149075","World Wide Tile Imports","B_Rucker@tileshopsuperstore.com","14000 Carlson Pkwy","7635411411","7635461487","509905","Importers","NULL"," Email <---> Revenue ","330599","World Wide Tile Imports","14000 Carlson Pkwy","Plymouth","MN","55441","Hennepin","www.tileshopsuperstore.com","7635461487","7635411411","Bob Rucker","Owner","Mal","37760000","40","509905","Importers","5","0","1"
"183625","Baldwin Supply","baldwin@baldwinsupply.com","601 11th Avenue S","6123386911","6123388247","5311","Retail shops","null"," Email <---> Revenue ","26397","Baldwin Supply Co","601 11th Ave S","Minneapolis","MN","55415","Hennepin","www.baldwinsupply.com","6123386911","6123388247","Dave La Rue","Owner","Mal","36190000","55","506331","Electric Mot","5","0","1"
"210513","Indelco Plastics Corp","beaus@indelco.com","6530 Cambridge St","9529251758","9529255075","516203","Plastics-Rods, Tubes, Sheets Etc (Whol)","Tubes"," Email <---> Revenue ","140213","Indelco Plastics Corp","6530 Cambridge St","St Louis Park","MN","55426","Hennepin","www.indelco.com","9529255075","9529251758","Trent Dore","Owner","Mal","47295000","45","516203","Plastics-Rod","5","0","1"
"210245","Bio-Tec Emergency Svc","bennie@webpro.com","29679 295th Ln","6512571961","6513658192","594201","Book Dealers-Retail","www.crimeclean-up.com"," Email <---> Revenue ","33512","Bio-Tec Emergency Svc","29679 295th Ln","Lindstrom","MN","55045","Chisago","www.crimeclean-up.com","6512571961","6513658192","Mark Kropidlowski","President","Mal","26600000","200","594201","Book Dealers","5","0","1"
"14012","Btw Inc","bill.bartley@btw-inc.com","11551 Eagle St NW","7637674635","7637674625","506338","Electronic Parts Assemblers (Wholesale)","NULL"," Email <---> Revenue ","41899","Btw Inc","11551 Eagle St NW","Coon Rapids","MN","55448","Anoka","","7637674625","7637674635","Bill Bartley","Owner","Mal","42770000","65","506338","Electronic P","5","0","1"
"135871","Silent Knight Security System","bill.root@honeywell.com","7550 Meridian Cir N # 100","7634936475","7634936400","366902","Security Control Equip & Systems-Mfrs","www.silentknight.com"," Email <---> Revenue ","274170","Silent Knight Security System","7550 Meridian Cir N # 100","Maple Grove","MN","55369","Hennepin","www.silentknight.com","7634936400","7634936475","John Ellis","President","Mal","26280000","120","366902","Security Con","5","0","1"
"203803","Palm Attachments","bobcat_europe@eu.bobcat.com","53800 Csah 16","7012225912","3208572874","371429","Steering Systems & Equipment-Mfrs","www.bobcat.com"," Email <---> Revenue ","226175","Palm Attachments","53800 Csah 16","Grove City","MN","56243","Meeker","www.bobcat.com","3208572874","","Dan Thielen","Manager","Mal","32742000","102","371429","Steering Sys","5","0","1"
"169684","Amex","businessdevelopment@amexinc.com","2724 Summer St NE","6123313180","6123313063","874102","Export Management","www.amexinc.com"," Email <---> Revenue ","15547","Amex","2724 Summer St NE","Minneapolis","MN","55413","Hennepin","www.amexinc.com","6123313063","6123313180","Mohamed Nouri","Owner","Mal","40800000","20","874102","Export Manag","5","0","1"
"199507","Copart Auto Auctions","buyer.license@copart.com","200 County Road 159","9158866113","3203562299","501204","Automobile Auctions (Wholesale)","www.copart.com"," Email <---> Revenue ","65432","Copart Auto Auctions","200 County Road 159","Avon","MN","56310","Stearns","www.copart.com","3203562299","3203567456","Sharon Richter","Manager","Fem","29600000","8","501204","Automobile A","5","1","1"
"55055","Clarity Coverdale & Fury Advg","clarity@ccf-ideas.com","120 S 6th St # 1300","6123594399","612-339-3902","731101","Advertising-Agencies & Counselors","NULL"," Email <---> Revenue ","59445","Clarity Coverdale & Fury Advg","120 S 6th St # 1300","Minneapolis","MN","55402","Hennepin","www.claritycoverdalefury.com","6123393902","6123594399","Tim Clarity","CEO","Mal","34000000","40","731101","Advertising-","5","0","1"
"107041","Gopher State One Call","corey@bigfoothydrovac.com","2020 Centre Pointe Blvd","6514540170","6510001111","493903","Utilities-Underground-Cable Locating Svc","www.gopherstateonecall.org"," Email <---> Revenue ","118709","Gopher State One Call","2020 Centre Pointe Blvd","Mendota Heights","MN","55120","Dakota","www.gopherstateonecall.org","6510001111","6514540170","Susan Volkman","President","Fem","37350000","90","493903","Utilities-Un","5","0","1"
"25446","REI-Recreational Equipment Inc","corporate-sales@rei.com","750 American Blvd W","9528842887","9528844315","594113","Sporting Goods-Retail","www.rei.com"," Email <---> Revenue ","245450","REI-Recreational Equipment Inc","750 American Blvd W","Bloomington","MN","55420","Hennepin","www.rei.com","9528844315","9528842887","Barb Eytinge","Manager","Fem","29600000","200","594113","Sporting Goo","5","0","1"
"212045","Fair Isaac","craigwatts@fairisaac.com","4295 Lexington Ave N","6056965555","6514828593","874213","Marketing Programs & Services","www.fairisaac.com"," Email <---> Revenue ","99696","Fair Isaac","4295 Lexington Ave N","St Paul","MN","55126","Ramsey","www.fairisaac.com","6514828593","6517653505","Brian Durand","Manager","Mal","25500000","150","874213","Marketing Pr","5","0","1"
"63342","Grain Millers Inc","Darren.Schubert@grainmillers.com","9531 W 78th St # 400","NULL","9528298821","204102","Milling","NULL"," Email <---> Revenue ","119454","Grain Millers Inc","9531 W 78th St # 400","Eden Prairie","MN","55344","Hennepin","www.grainmillers.com","9528298821","","Steven Eilertson","President","Mal","26240000","32","204102","Milling","5","0","1"
"205532","J & R Schugel Trucking Inc","debraw@jrschugel.com","PO Box 278","5073544366","5073592037","421309","Trucking-Motor Freight","NULL"," Email <---> Revenue ","144708","J & R Schugel Trucking Inc","2026 N Broadway St","New Ulm","MN","56073","Brown","www.jrschugel.com","5073592037","5073544366","Jerry Schugel","President","Mal","40600000","450","421309","Trucking-Mot","5","0","1"
"202845","Univar USA","deliveringanswers@univarusa.com","845 Terrace Ct","7045888050","6517749400","516916","Chemicals (Wholesale)","www.univarusa.com"," Email <---> Revenue ","312041","Univar USA","845 Terrace Ct","St Paul","MN","55101","Ramsey","www.univarusa.com","6517749400","6517740850","Don Wozniak","Manager","Mal","35035000","35","516916","Chemicals (W","5","0","1"
"158060","Two Harbors Machine Shop","dkallsen@aspeneq.com","611 2nd Ave","2188342498","2188345118","353198","Construction Machinery & Equip (Mfrs)","www.sercoloaders.com"," Email <---> Revenue ","308144","Two Harbors Machine Shop","611 2nd Ave","Two Harbors","MN","55616","Lake","www.sercoloaders.com","2188345118","2188342498","Dave Coolidge","Owner","Mal","35900000","100","353198","Construction","5","0","1"
"181003","Intelligent Nutrients","edahlberg@intelligentnutrients.com","321 Lincoln St NE","6126172005","6126172000","514914","Health Food Products-Wholesale","www.intelligentnutrients.com"," Email <---> Revenue ","142053","Intelligent Nutrients","321 Lincoln St NE","Minneapolis","MN","55413","Hennepin","www.intelligentnutrients.com","6126172000","6126172005","Horst Rechelbacher","Owner","Mal","25320000","30","514914","Health Food ","5","0","1"
"177969","Reynolds Foods","editor@alcoa.com","21925 Industrial Blvd","6056682362","7634288340","308905","Plastics-Vacuum/Pressure Forming (Mfrs)","www.alcoa.com"," Email <---> Revenue ","252271","Reynolds Foods","21925 Industrial Blvd","Rogers","MN","55374","Hennepin","www.alcoa.com","7634288340","7634282754","Rob Davis","Plant Mgr","Mal","29520000","180","308905","Plastics-Vac","5","0","1"
"209212","Adams Nut & Bolt","Gary_Huck@adamsnutandbolt.com","PO Box 207","7634930800","7634243374","507201","Bolts & Nuts (Wholesale)","NULL"," Email <---> Revenue ","6779","Adams Nut & Bolt","10100 85th Ave N","Maple Grove","MN","55369","Hennepin","","7634243374","7634930800","Gary Huck","President","Mal","31080000","60","507201","Bolts & Nuts","5","0","1"
"205543","GE Security","ge-shareowners@bankofny.com","1275 Red Fox Rd","6517794890","6517772690","366902","Security Control Equip & Systems-Mfrs","www.gesecurity.com"," Email <---> Revenue ","111556","GE Security","1275 Red Fox Rd","Arden Hills","MN","55112","Ramsey","www.gesecurity.com","6517772690","6517794890","Chuck Durant","CEO","Mal","43800000","200","366902","Security Con","5","0","1"
"202134","Johnson Controls Inc","glen.l.ponczak@jci.com","1801 67th Ave N","9254479200","7635667650","506328","Controls Control Systs/Regulators (Whol)","www.johnsoncontrols.com"," Email <---> Revenue ","154229","Johnson Controls Inc","1801 67th Ave N","Minneapolis","MN","55430","Hennepin","www.johnsoncontrols.com","7635667650","7635662208","Dave Werts","Manager","Mal","34046000","90","506328","Controls Con","5","0","1"
"152590","Financial Network Investment","handyj@financialnetwork.com","1221 Nicollet Ave # 400","NULL","6123478676","628205","Financial Planning Consultants","NULL"," Email <---> Revenue ","103834","Financial Network Investment","1221 Nicollet Ave # 400","Minneapolis","MN","55403","Hennepin","www.financialtown.com","6123478676","","Wayne Swenson","CEO","Mal","37350000","90","628205","Financial Pl","5","0","1"
"188078","St Jude Medical Inc","heartvalves@sjm.com","6500 Wedgwood Rd","8436812003","7633830900","504704","Physicians & Surgeons Equip & Supls-Whol","www.sjm.com"," Email <---> Revenue ","282199","St Jude Medical Inc","6500 Wedgwood Rd","Maple Grove","MN","55311","Hennepin","www.sjm.com","7633830900","7635531214","Will Sutton","Manager","Mal","34086000","57","504704","Physicians &","5","0","1"
"174745","All Safe Fire & Security","ian@all-safe.net","915 Washington Ave N","6123219177","6123323473","509903","Fire Extinguishers (Wholesale)","www.all-safe.net"," Email <---> Revenue ","11128","All Safe Fire & Security","915 Washington Ave N","Minneapolis","MN","55401","Hennepin","www.all-safe.net","6123323473","6123219177","Joe Boettner","Owner","Mal","37760000","40","509903","Fire Extingu","5","0","1"
"196053","Adcom Express Worldwide","intl@adcomworldwide.com","7424 W 78th St","5032529283","9528297990","451202","Air Cargo Service","www.adcomworldwide.com"," Email <---> Revenue ","6841","Adcom Express Worldwide","7424 W 78th St","Minneapolis","MN","55439","Hennepin","www.adcomworldwide.com","9528297990","9528297995","Robert Friedman","CEO","Mal","36000000","0","451202","Air Cargo Se","5","0","1"
"197763","Jostens Diploma Div","james.calams@jostens.com","3849 Vermillion St","9038851353","6513886771","275998","Commercial Printing Nec","www.jostens.com"," Email <---> Revenue ","155486","Jostens Diploma Div","3849 Vermillion St","Red Wing","MN","55066","Goodhue","www.jostens.com","6513886771","6513882012","Dan Vonch","Plant Mgr","Mal","39325000","275","275998","Commercial P","5","0","1"
"213215","J & D Construction Inc","jamiep@jdconstinc.com","1100 W Highway 212","3202696253","3202692101","154210","Buildings-Metal","www.jdconstinc.com"," Email <---> Revenue ","144399","J & D Construction Inc","1100 W Highway 212","Montevideo","MN","56265","Chippewa","www.jdconstinc.com","3202692101","3202696253","Jerry Pauling","Owner","Mal","30660000","70","154210","Buildings-Me","5","0","1"
"111522","PGI Co","jduda@pgicompanies.com","11354 K Tel Dr","9529335864","9529335745","275202","Printers","www.pgicompanies.com"," Email <---> Revenue ","225442","PGI Co","11354 K Tel Dr","Minnetonka","MN","55343","Hennepin","www.pgicompanies.com","9529335745","9529335864","Jeff Brower","Owner","Mal","49400000","325","275202","Printers","5","0","1"
"83925","Jesco Industrial Supplies Inc","jesco@jescoinc.com","6200 Lakeland Ave N","7635368909","7635361288","511308","Packaging Materials-Wholesale","www.jescoinc.com"," Email <---> Revenue ","151033","Jesco Industrial Supplies Inc","6200 Lakeland Ave N","Brooklyn Park","MN","55428","Hennepin","www.jescoinc.com","7635361288","7635368909","Stephen Saltzman","President","Mal","31464000","38","511308","Packaging Ma","5","0","1"
"148477","National Mower Co","john.kinkead@nationalmower.com","700 Raymond Ave","6516462887","6516464079","526109","Lawn Mowers","NULL"," Email <---> Revenue ","209763","National Mower Co","700 Raymond Ave","St Paul","MN","55114","Ramsey","www.nationalmower.com","6516464079","6516462887","Stan Kinkead","Owner","Mal","40592000","43","509901","Exporters","5","0","1"
"184412","Lindy Little Joe Inc","join-newsline@lists.pleinconsulting.com","1110 Wright St","2188295426","2188291714","509107","Fishing Tackle-Wholesale","www.lindyfishingtackle.com"," Email <---> Revenue ","176121","Lindy Little Joe Inc","1110 Wright St","Brainerd","MN","56401","Crow Wing","www.lindyfishingtackle.com","2188291714","2188295426","Ted Takasaki","President","Mal","30750000","50","509107","Fishing Tack","5","0","1"
"156353","West Central Steel Inc","jpattison@wcsteel.com","2011 Gorton Ave NW","3202351816","3202354070","505106","Steel-Distributors & Warehouses","NULL"," Email <---> Revenue ","324149","West Central Steel Inc","2011 Gorton Ave NW","Willmar","MN","56201","Kandiyohi","www.wcsteel.com","3202354070","3202351816","Jeff Pattison","President","Mal","25000000","80","505106","Steel-Distri","5","0","1"
"211354","Midway Chevrolet","jritenour@midwaychevy.com","1389 University Ave W","6516375215","6516462561","551105","Truck-Dealers","www.midwaychevy.com"," Email <---> Revenue ","197046","Midway Chevrolet","1389 University Ave W","St Paul","MN","55104","Ramsey","www.midwaychevy.com","6516462561","6516375215","Tom Krebsbach","Owner","Mal","44700000","50","551105","Truck-Dealer","5","2","1"
"181319","Hiniker Co","kalahar@hiniker.com","58766 240th St","5076255883","5076256621","352304","Farm Equipment-Manufacturers","www.hiniker.com"," Email <---> Revenue ","133084","Hiniker Co","58766 240th St","Mankato","MN","56001","Blue Earth","www.hiniker.com","5076256621","5076255883","Jim Judd","Plant Mgr","Mal","30816000","144","352304","Farm Equipme","5","0","1"
"169085","Ameri Gas Inc","kaminskij@amerigas.com","700 N Elm Ave","5306222864","5074516153","517208","Gas-Liquefied Petro-Bttld/Bulk (Whol)","www.amerigas.com"," Email <---> Revenue ","13404","Ameri Gas Inc","700 N Elm Ave","Owatonna","MN","55060","Steele","www.amerigas.com","5074516153","5074516154","Lee Schmidt","Manager","Mal","33540000","10","517208","Gas-Liquefie","5","0","1"
"67907","LBL Technology Partners","kburgeson@lblco.com","2501 Wayzata Blvd","6123818939","6123818939","737305","Computer Disaster Planning","www.lblco.com"," Email <---> Revenue ","167057","LBL Technology Partners","2501 Wayzata Blvd","Minneapolis","MN","55405","Hennepin","www.lblco.com","6123818939","6123771325","Jeff Wold","Executive Director","Mal","26520000","120","737305","Computer Dis","5","0","1"
"145189","American Solutions-Business","Larry@americanbus.com","31 Minnesota Ave E","3206345265","3206345471","511207","Business Forms & Systems (Wholesale)","NULL"," Email <---> Revenue ","15227","American Solutions-Business","31 Minnesota Ave E","Glenwood","MN","56334","Pope","www.americanbus.com","3206345471","3206345265","Larry Zavadil","CEO","Mal","36800000","200","511207","Business For","5","0","1"
"165176","Mueller & Pribyl Inc","lcarlson@mpnexlevel.com","500 County Road 37 E","3209632436","3209632499","173101","Electric Contractors","www.mp-utilities.com"," Email <---> Revenue ","207095","Mueller & Pribyl Inc","500 County Road 37 E","Maple Lake","MN","55358","Wright","www.mp-utilities.com","3209632499","3209632436","Larry Pribyl","President","Mal","39600000","300","173101","Electric Con","5","2","1"
"185618","AQE Inc","links@mannixmarketing.com","7140 Northland Dr N","4806550073","7635319823","507505","Air Conditioning Supplies & Parts (Whol)","www.iplawusa.com"," Email <---> Revenue ","4448","AQE Inc","7140 Northland Dr N","Brooklyn Park","MN","55428","Hennepin","www.air-quality-eng.com","7635319823","7635319900","Heidi Oas","President","Fem","38250000","75","507505","Air Conditio","5","0","1"
"210931","Kate-Lo Tile & Stone","marilynj@katelotile.com","701 Berkshire Ln N","7635429830","7635455455","503219","Tile-Ceramic-Distributors","www.katelotile.com"," Email <---> Revenue ","158950","Kate-Lo Tile & Stone","701 Berkshire Ln N","Plymouth","MN","55441","Hennepin","www.katelotile.com","7635455455","7635429830","Tim Beaupre","VP","Mal","40000000","50","503219","Tile-Ceramic","5","0","1"
"153064","East Central Electric Assn","mark.nelson@ecemn.com","412 N Main St","3203964114","3203963351","491101","Electric Companies","www.eastcentralenergy.com"," Email <---> Revenue ","90524","East Central Electric Assn","412 N Main St","Braham","MN","55006","Isanti","www.eastcentralenergy.com","3203963351","3203964114","Garry Bye","CEO","Mal","32800000","150","491101","Electric Com","5","0","1"
"192009","Comtrol Corp","mark.pikkarainen@comtrol.com","6655 Wedgwood Rd # 120","7634944199","7634944100","357702","Computer Peripherals (Manufacturers)","www.comtrol.com"," Email <---> Revenue ","63977","Comtrol Corp","6655 Wedgwood Rd # 120","Maple Grove","MN","55311","Hennepin","www.comtrol.com","7634944100","7634944199","Bob Beale","Owner","Mal","26320000","70","357702","Computer Per","5","0","1"
"202011","Seeds 2000","mfsl@mts.net","115 3rd St N","2186431208","2186432410","519105","Seeds & Bulbs-Wholesale","www.seeds2000.net"," Email <---> Revenue ","269652","Seeds 2000","115 3rd St N","Breckenridge","MN","56520","Wilkin","www.seeds2000.net","2186432410","2186431208","Gary Fick","Owner","Mal","26600000","40","519105","Seeds & Bulb","5","0","1"
"203146","Ironwood Electronic Inc","mikef@ironwoodelectronics.com","990 Lone Oak Rd # 120","6514528400","6514528100","506519","Electronic Equipment & Supplies-Whol","NULL"," Email <---> Revenue ","143496","Ironwood Electronic Inc","990 Lone Oak Rd # 120","Eagan","MN","55121","Dakota","www.ironwoodelectronics.com","6514528100","6514528400","Mike Fedde","President","Mal","27270000","27","506519","Electronic E","5","0","1"
"158085","Manion's Wholesale Building","mikemanion@manionswholesale.com","7705 305th St","3203634880","3203634804","503114","Building Materials-Wholesale","www.manionswholesale.com"," Email <---> Revenue ","184774","Manion's Wholesale Building","7705 305th St","St Cloud","MN","56303","Stearns","www.manionswholesale.com","3203634880","3203634804","Dave Weihrauch","President","Mal","42360000","60","503114","Building Mat","5","0","1"
"186917","Grainger Inc","nancy.conner@grainger.com","2450 Annapolis Ln N","3033750864","7635310300","508522","Industrial Equipment & Supplies (Whol)","www.grainger.com"," Email <---> Revenue ","119457","Grainger Inc","2450 Annapolis Ln N","Plymouth","MN","55441","Hennepin","www.grainger.com","7635310300","7635317660","","","","28500000","50","508522","Industrial E","5","0","1"
"211753","Hubbard Feeds Inc","nancy.cushman@hubbardfeeds.com","424 N Riverfront Dr","4025644677","5073889400","021101","Livestock Feeding","www.hubbardfeeds.com"," Email <---> Revenue ","137471","Hubbard Feeds Inc","2015 3rd Ave","Mankato","MN","56001","Blue Earth","www.hubbardfeeds.com","5073889400","5073889487","Loren Johnson","Manager","Mal","30440000","40","204803","Feed-Manufac","5","0","1"
"201312","Best Buy","newscenter@bestbuy.com","12905 Elm Creek Blvd N","6184573903","7634166300","573117","Electronic Equipment & Supplies-Retail","www.bestbuy.com"," Email <---> Revenue ","31381","Best Buy","12905 Elm Creek Blvd N","Maple Grove","MN","55369","Hennepin","www.bestbuy.com","7634166300","7634166311","Blane Beebe","Manager","Mal","39930000","165","573117","Electronic E","5","0","1"
"109362","St Paul Harley-Davidson","njohnson@stpaulhd.com","2899 Hudson Rd","6517396185","6517382168","557106","Motorcycles & Motor Scooters-Dealers","www.stpaulhd.com"," Email <---> Revenue ","282974","St Paul Harley-Davidson","2899 Hudson Rd","St Paul","MN","55128","Washington","www.stpaulhd.com","6517382168","6517396185","Tom Giannetti","Manager","Mal","36410000","110","557106","Motorcycles ","5","0","1"
"206991","Kyocera Tycom Corp","pcb.cs@kyocera.com","3764 Dunlap St N","6517663666","6517663600","508453","Tools-Cutting (Wholesale)","www.kyoceratycom.com"," Email <---> Revenue ","166285","Kyocera Tycom Corp","3764 Dunlap St N","St Paul","MN","55112","Ramsey","www.kyoceratycom.com","6517663600","6517663666","Tom Krueger","Manager","Mal","40800000","75","508453","Tools-Cuttin","5","0","1"
"137687","Crysteel Manufacturing Inc","pete@crysteel.com","PO Box 178","5077262559","5077262728","353604","Hoists-Manufacturers","NULL"," Email <---> Revenue ","70393","Crysteel Manufacturing Inc","52182 Ember Rd","Lake Crystal","MN","56055","Blue Earth","www.crysteel.com","5077262728","5077262559","Peter Jones","CEO","Mal","33900000","150","353604","Hoists-Manuf","5","0","1"
"195940","Popp Telecom","PoppBill@popp.com","620 Mendelssohn Ave N # 111","7635449798","7637977900","481304","Telephone Companies","NULL"," Email <---> Revenue ","237244","Popp Telecom","620 Mendelssohn Ave N # 111","Minneapolis","MN","55427","Hennepin","www.popp.com","7637977900","7635449798","Bill Popp","Owner","Mal","30000000","80","481304","Telephone Co","5","0","1"
"169821","Xerxes Computer Corp","posperipherals@xcc.com","5735 W Old Shakopee Rd","9529369701","9529369280","504509","Computer Software-Wholesale","www.xcc.com"," Email <---> Revenue ","331448","Xerxes Computer Corp","5735 W Old Shakopee Rd","Bloomington","MN","55437","Hennepin","www.xcc.com","9529369280","9529369701","David Duhaime","Owner","Mal","44850000","50","504509","Computer Sof","5","0","1"
"164417","H D Hudson Mfg Co","professional@hdhudson.com","200 2nd St W","3126447989","6514374121","352304","Farm Equipment-Manufacturers","www.hdhudson.com"," Email <---> Revenue ","123896","H D Hudson Mfg Co","200 2nd St W","Hastings","MN","55033","Dakota","www.hdhudson.com","6514374121","6514382999","Wayne Beissel","Plant Mgr","Mal","25680000","120","352304","Farm Equipme","5","0","1"
"71178","Ry Krisp","ralcorpwebpage@ralcorp.com","824 6th Ave SE","6123313212","6123315908","514902","Bakers-Wholesale","www.ralcorp.com"," Email <---> Revenue ","262217","Ry Krisp","824 6th Ave SE","Minneapolis","MN","55414","Hennepin","www.ralcorp.com","6123315908","6123313212","Mark Hedlund","Manager","Mal","27008000","32","514902","Bakers-Whole","5","0","1"
"169181","Freightmasters Inc","ron_have@freightmasters.com","3703 Kennebec Dr","6516817556","6516886800","421309","Trucking-Motor Freight","www.freightmasters.com"," Email <---> Revenue ","109628","Freightmasters Inc","3703 Kennebec Dr","Eagan","MN","55122","Dakota","www.freightmasters.com","6516886800","6516817556","Ronald Have","Owner","Mal","45300000","300","421309","Trucking-Mot","5","0","1"
"69584","Miller Waste Mills","rtp@rtpcompany.com","140 Broad Street","5074546900","5074542041","874213","Marketing Programs & Services","MILLERWASTEMILLS.COM"," Email <---> Revenue ","199423","Miller Waste Mills","580 E Front St","Winona","MN","55987","Winona","www.millerwastemills.com","5074546906","5074548681","Hugh Miller","CEO","Mal","48425000","325","229998","Textile Good","5","0","1"
"206223","Ritchie Engineering Co","rwood@yellowjacket.com","10950 Hampshire Ave S","9529431605","9529431300","358598","Air Conditioning/Htg/Refrig Equip (Mfrs)","www.yellowjacket.com"," Email <---> Revenue ","254477","Ritchie Engineering Co","10950 Hampshire Ave S","Bloomington","MN","55438","Hennepin","www.yellowjacket.com","9529431300","9529431605","Stephen Ritchie","Owner","Mal","26300000","100","358598","Air Conditio","5","0","1"
"113143","Metrodome","seemand@msfc.com","900 S 5th St","6123328334","6123320386","794104","Stadiums Arenas & Athletic Fields","www.msfc.com"," Email <---> Revenue ","194953","Metrodome","900 S 5th St","Minneapolis","MN","55415","Hennepin","www.msfc.com","6123320386","6123328334","Bill Lester","Executive Director","Mal","34965000","135","794104","Stadiums Are","5","0","1"
"182550","Endres Processing LTD","shannons@endresprocessing.com","13420 Court House Blvd","6514383011","6514383113","204803","Feed-Manufacturers","www.endresprocessing.com"," Email <---> Revenue ","95410","Endres Processing LTD","13420 Court House Blvd","Rosemount","MN","55068","Dakota","www.endresprocessing.com","6514383113","6514383011","Leon Endres","President","Mal","41855000","55","204803","Feed-Manufac","5","0","1"
"150095","S J Electro Systems Inc","sje@sjerhombus.com","22650 County Highway 6","2188474617","2188471317","382998","Measuring/Controlling Devices Nec (Mfrs)","www.sjerhombus.com"," Email <---> Revenue ","262806","S J Electro Systems Inc","22650 County Highway 6","Detroit Lakes","MN","56501","Becker","www.sjerhombus.com","2188471317","2188474617","John Fuglesten","VP","Mal","42140000","215","382998","Measuring/Co","5","0","1"
"209100","Snell Motors Inc","tmenk@snellmotors.com","1900 E Madison Ave","5073885427","5073454626","551103","Automobile Dealers-Used Cars","www.snellmotors.com"," Email <---> Revenue ","276543","Snell Motors Inc","1900 E Madison Ave","Mankato","MN","56001","Blue Earth","www.snellmotors.com","5073454626","5073885427","Sandi Merriman","President","Fem","45290000","70","551103","Automobile D","5","1","1"
"207805","Astleford International Trucks","tmike@astleford.com","3000 Broadway St NE","9528905801","6123781660","551105","Truck-Dealers","www.astleford.com"," Email <---> Revenue ","22304","Astleford International Trucks","3000 Broadway St NE","Minneapolis","MN","55413","Hennepin","www.astleford.com","6123781660","6123782646","Scott Dawson","Owner","Mal","43600000","70","551105","Truck-Dealer","5","2","1"
"176696","Hoglund Bus Co","trucks@hoglundbus.com","116 Oakwood Dr E","7632954992","7632955119","501209","Buses-New & Used (Wholesale)","www.hoglundbus.com"," Email <---> Revenue ","133840","Hoglund Bus Co","116 Oakwood Dr E","Monticello","MN","55362","Wright","www.hoglundbus.com","7632955119","7632954992","Wayne Hoglund","Owner","Mal","28000000","39","501209","Buses-New & ","5","0","1"
"129984","Merit Chevrolet","tsanford@meritchev.com","2695 Brookview Dr E","6517029230","6517394400","551103","Automobile Dealers-Used Cars","www.meritchev.com"," Email <---> Revenue ","193880","Merit Chevrolet","2695 Brookview Dr E","Maplewood","MN","55119","Ramsey","www.meritchev.com","6517394400","6517029230","Bruce Rinkel","Owner","Mal","35000000","100","551103","Automobile D","5","1","1"
"154262","Nations Care Link","uwinfo@ncl-link.com","5701 Shingle Creek Pkwy","7633980290","7635854545","874242","Health Care Management","www.nationscarelink.com"," Email <---> Revenue ","209925","Nations Care Link","5701 Shingle Creek Pkwy","Brooklyn Center","MN","55430","Hennepin","www.nationscarelink.com","7635854545","7633980290","Kim Lamere","Exec VP","Fem","34170000","201","874242","Health Care ","5","0","1"
"99418","Dri-Steem Humidifier Co","william.johnson@dristeem.com","14949 Technology Dr","NULL","9529492415","358511","Humidifying Apparatus-Manufacturers","NULL"," Email <---> Revenue ","87564","Dri-Steem Humidifier Co","14949 Technology Dr","Eden Prairie","MN","55344","Hennepin","www.dristeem.com","9529492415","","Roger Pasch","CEO","Mal","32875000","125","358511","Humidifying ","5","0","1"
"70088","Northstar International","worldtradefax@strtrade.com","1060 Lone Oak Rd # 112","6513795031","6513795030","509905","Importers","www.shipnorthstar.com"," Email <---> Revenue ","217766","Northstar International","1060 Lone Oak Rd # 112","St Paul","MN","55121","Dakota","www.shipnorthstar.com","6513795030","6513795031","Ken Schumacher","Owner","Mal","28320000","30","509905","Importers","5","0","1"
"184487","Smith Micro Technologies Inc","zylla_n@smithmicrotech.com","3435 Labore Rd","6514829727","6514828718","737801","Computers-Service & Repair","NULL"," Email <---> Revenue ","276256","Smith Micro Technologies Inc","3435 Labore Rd","St Paul","MN","55110","Ramsey","www.smithmicrotech.com","6514828718","6514829727","Pat Smith","Owner","Mal","27710000","170","737801","Computers-Se","5","0","1"
