mail id,company,email,address,phone,fax,sic,sic description,web,,revenue id,company,address,city,state,zip,	metro,web,phone,fax,contact,position,gender,sales,# of employee,sic,sic_descrpiton,	,,
"8122","Allied Vaughn Inc","advantage@alliedvaughn.com","7951 Computer Ave","5032242703","9528323100","781902","Video Tape Duplication Service","www.alliedvaughn.com"," Email <---> Revenue ","12054","Allied Vaughn Inc","7951 Computer Ave","Minneapolis","MN","55435","Hennepin","www.alliedvaughn.com","9528323100","9528323179","E David Willette","CEO","Mal","74488000","1400","781902","Video Tape D","6","0","1"
"186892","International Paper Co","amy.sawyer@ipaper.com","1300 Red Fox Rd","7703891382","6516363300","262101","Paper-Manufacturers","www.internationalpaper.com"," Email <---> Revenue ","142567","International Paper Co","1300 Red Fox Rd","Arden Hills","MN","55112","Ramsey","www.internationalpaper.com","6516363300","6516361464","Wayne Larson","Manager","Mal","56030000","130","262101","Paper-Manufa","6","0","1"
"210008","Progressive Contractors Inc","bpriebe@pciroads.com","14123 42nd St NE","7634976101","7634976100","871111","Engineers-Consulting","www.progressivecontractors.com"," Email <---> Revenue ","241456","Progressive Contractors Inc","14123 42nd St NE","St Michael","MN","55376","Wright","www.progressivecontractors.com","7634976100","7634976101","M S Mc Gray","President","Mal","72000000","35","871111","Engineers-Co","6","0","1"
"191345","OCE Metro Sales Inc","bwerner@metrosales.com","1640 E 78th St","6128612395","6128614000","504403","Copying & Duplicating Machines & Supls","www.metrosales.com"," Email <---> Revenue ","219536","OCE Metro Sales Inc","1640 E 78th St","Minneapolis","MN","55423","Hennepin","www.metrosales.com","6128614000","6128612395","Jerry Mathwig","Owner","Mal","83250000","250","504403","Copying & Du","6","0","1"
"176576","Smarte Carte Inc","carte@smartecarte.com","4455 White Bear Pkwy","6175614017","6514293614","361207","Airport Equipment & Supplies (Mfrs)","www.smartecarte.com"," Email <---> Revenue ","276049","Smarte Carte Inc","4455 White Bear Pkwy","White Bear Lake","MN","55110","Ramsey","www.smartecarte.com","6514293614","6514260927","Edward D Rudis","CEO","Mal","73000000","1000","361207","Airport Equi","6","0","1"
"195229","Clark Consulting","dan.fairley@clarkconsulting.com","3600 American Blvd W # 200","3015304852","9528936767","628205","Financial Planning Consultants","www.clarkconsulting.com"," Email <---> Revenue ","59478","Clark Consulting","3600 American Blvd W # 200","Minneapolis","MN","55431","Hennepin","www.clarkconsulting.com","9528936767","9528936797","Jim Bean","President","Mal","70550000","170","628205","Financial Pl","6","0","1"
"192065","Sioux Valley Energy","dave.ossefoort@siouxvalleyenergy.com","1102 7th St SE","5078254835","5078253341","491101","Electric Companies","www.svswe.com"," Email <---> Revenue ","274858","Sioux Valley Energy","1102 7th St SE","Pipestone","MN","56164","Pipestone","www.svswe.com","5078253341","5078254835","Don Marker","Manager","Mal","61600000","100","491101","Electric Com","6","0","1"
"87873","Farmers Co-Operative Assn","dfaber@fcajackson.com","127 County Road 23","5078472521","5078475882","519112","Feed-Dealers (Wholesale)","www.fcajackson.com"," Email <---> Revenue ","101649","Farmers Co-Operative Assn","127 County Road 23","Jackson","MN","56143","Jackson","www.fcajackson.com","5078475882","5078472521","Dennis Hunwardsen","Manager","Mal","66500000","100","519112","Feed-Dealers","6","0","1"
"124113","Clow Stamping Inc","eclow@clowstamping.com","23103 County Road 3","2187653904","2187653111","346904","Metal Stamping (Manufacturers)","NULL"," Email <---> Revenue ","60828","Clow Stamping Inc","23103 County Road 3","Merrifield","MN","56465","Crow Wing","www.clowstamping.com","2187653111","2187653904","Reggie Clow","CEO","Mal","58820000","340","346904","Metal Stampi","6","0","1"
"165351","CBCA","fsa_memberservices@cbca.com","10900 Hampshire Ave S","9123558723","9528293500","874242","Health Care Management","www.cbca.com"," Email <---> Revenue ","45369","CBCA","10900 Hampshire Ave S","Minneapolis","MN","55438","Hennepin","www.cbca.com","9528293500","9529467694","Harriet Witt","Sr VP","Fem","98600000","580","874242","Health Care ","6","0","1"
"192162","Black Bear Casino & Hotel","hotelemployment@fdlrez.com","1785 Highway 210","2188782414","2188782327","799302","Casinos","www.blackbearcasinohotel.com"," Email <---> Revenue ","34057","Black Bear Casino & Hotel","1785 Highway 210","Carlton","MN","55718","Carlton","www.blackbearcasinohotel.com","2188782327","2188782414","Michael Himango","President","Mal","50208000","523","799302","Casinos","6","0","1"
"110680","LA Bounty Mfg Inc","hydrlwebmail@stanleyworks.com","1538 Highway 2","5036521780","2188342123","353198","Construction Machinery & Equip (Mfrs)","www.stanley-hydraulic-tools.com"," Email <---> Revenue ","166863","LA Bounty Mfg Inc","1538 Highway 2","Two Harbors","MN","55616","Lake","www.stanley-hydraulic-tools.com","2188342123","2188343879","Dave Dickson","Plant Mgr","Mal","57440000","160","353198","Construction","6","0","1"
"65630","Faribault Foods Inc","jdykstra@faribaultfoods.com","222 S 9th St # 3380","6123422908","6123336461","203302","Canning (Manufacturers)","NULL"," Email <---> Revenue ","101258","Faribault Foods Inc","222 S 9th St # 3380","Minneapolis","MN","55402","Hennepin","www.faribaultfoods.com","6123336461","6123422908","Reid V Mac Donald","President","Mal","60000000","7","203302","Canning (Man","6","0","1"
"211852","Wadena Bankshares Inc","jfietek@wadenastatebank.com","304 1st St SE","2186312319","2186311860","671201","Holding Companies (Bank)","www.wadenastatebank.com"," Email <---> Revenue ","319020","Wadena Bankshares Inc","304 1st St SE","Wadena","MN","56482","Wadena","www.wadenastatebank.com","2186311860","2186312319","Kip Brown","President","Mal","97707000","35","671201","Holding Comp","6","0","1"
"154293","Douglas Corp","jim.mccannon@douglascorp.com","9650 Valley View Rd","9529423124","9529412944","308902","Plastics & Plastic Products (Mfrs)","NULL"," Email <---> Revenue ","86693","Douglas Corp","9650 Valley View Rd","Eden Prairie","MN","55344","Hennepin","www.douglascorp.com","9529412944","9529423124","Doug Skanse","President","Mal","59000000","500","308902","Plastics & P","6","0","1"
"181378","Ricoh Business Systems","jkuhl@peppercom.com","1110 Centre Pointe Curv # 102","5036970298","6512942600","506528","Facsimile Communication Equipment (Whol)","www.ricoh-usa.com"," Email <---> Revenue ","253905","Ricoh Business Systems","1110 Centre Pointe Curv # 102","Mendota Heights","MN","55120","Dakota","www.ricoh-usa.com","6512942600","6512942660","Peter Dahlin","Manager","Mal","50500000","50","506528","Facsimile Co","6","0","1"
"41209","Quality Metals","John@qualitymetalsinc.com","2575 Doswell Ave","6516452877","6516455875","505106","Steel-Distributors & Warehouses","NULL"," Email <---> Revenue ","243306","Quality Metals","2575 Doswell Ave","St Paul","MN","55108","Ramsey","www.qualitymetalsinc.com","6516455875","6516452877","John Oertel","President","Mal","62820000","60","505128","Aluminum (Wh","6","0","1"
"204835","Central Livestock","jshanks@crinet.com","310 Market Ln","6514511774","6514511844","515404","Livestock Commission","www.centrallivestock.com"," Email <---> Revenue ","52650","Central Livestock","310 Market Ln","South St Paul","MN","55075","Dakota","www.centrallivestock.com","6514511844","6514511774","Jeff Reed","President","Mal","99905000","65","515404","Livestock Co","6","1","1"
"166121","Belair Excavating","Mark.Murlowski@belairexcavating.com","2200 Old Highway 8 NW","6517860769","6517861300","179403","Excavating Contractors","NULL"," Email <---> Revenue ","29605","Belair Excavating","2200 Old Highway 8 NW","New Brighton","MN","55112","Ramsey","www.belairexcavating.com","6517861300","6517860769","Mark Murlowski","Owner","Mal","55650000","350","179403","Excavating C","6","0","1"
"209813","Avnet Electronics","mchapman@brodeur.com","9401 James Ave S # 140","7707994945","9528812600","506519","Electronic Equipment & Supplies-Whol","www.avnet.com"," Email <---> Revenue ","24120","Avnet Electronics","9401 James Ave S # 140","Bloomington","MN","55431","Hennepin","www.avnet.com","9528812600","9528819461","John Hunter","Manager","Mal","50500000","50","506519","Electronic E","6","0","1"
"126989","Multek Flexible Circuits","nfdhumanresources@multek.com","1150 Sheldahl Rd","5076638545","5076638000","308398","Laminated Plstcs-Plate Sht/Profile (Mfr)","www.sheldahl.com"," Email <---> Revenue ","207269","Multek Flexible Circuits","1150 Sheldahl Rd","Northfield","MN","55057","Rice","www.sheldahl.com","5076638000","5076638545","Benoit Pouliquen","CEO","Mal","75300000","300","308398","Laminated Pl","6","0","1"
"92603","Dan & Jerry's Greenhouses","pete@djgreen.com","2121 90th St NE","7632716570","7632716594","018101","Greenhouses","DJGREEN.COM"," Email <---> Revenue ","75327","Dan & Jerry's Greenhouses","2120 90th St NE","Monticello","MN","55362","Wright","www.djgreen.com","7632716570","7632716594","Jerry Quual","Owner","Mal","54000000","150","503924","Greenhouses-","6","0","1"
"50525","Minneapolis Sports Ctr YMCA","raceinfo@mntriclub.com","2121 E Lake St","6122154334","6122154321","794104","Stadiums Arenas & Athletic Fields","www.ywca-minneapolis.org"," Email <---> Revenue ","200322","Minneapolis Sports Ctr YMCA","2121 E Lake St","Minneapolis","MN","55407","Hennepin","www.ywca-minneapolis.org","6122154321","6122154334","Nancy Hite","CEO","Fem","64750000","250","794104","Stadiums Are","6","0","1"
"208539","Data Recognition Group","scandocs@datarecognitioncorp.com","13490 Bass Lake Rd","6517028970","7632682000","737401","Data Processing Service","www.datarecognitioncorp.com"," Email <---> Revenue ","76815","Data Recognition Group","13490 Bass Lake Rd","Maple Grove","MN","55311","Hennepin","www.datarecognitioncorp.com","7632682000","7632683000","Russ Hagen","Owner","Mal","68850000","450","737401","Data Process","6","0","1"
"142632","Marathon-Sipe Brothers Inc","sipebros@mechanicnet.com","408 3rd St SE","7634251392","7634252524","517208","Gas-Liquefied Petro-Bttld/Bulk (Whol)","www.sipebros.com"," Email <---> Revenue ","185706","Marathon-Sipe Brothers Inc","408 3rd St SE","Osseo","MN","55369","Hennepin","www.sipebros.com","7634252524","7634251392","Pete Sipe","Owner","Mal","77142000","23","517208","Gas-Liquefie","6","0","1"
"163338","Wilson Trailer Sales","steve@wilsontrailersales.com","1294 N River Dr","5076256013","5073882907","501212","Trailers-Truck (Wholesale)","www.wilsontrailersales.com"," Email <---> Revenue ","327794","Wilson Trailer Sales","1294 N River Dr","Mankato","MN","56001","Blue Earth","www.wilsontrailersales.com","5073882907","5076256013","Todd Perkins","Manager","Mal","77700000","21","501212","Trailers-Tru","6","0","1"
"108869","Tyco Plastics","steven.anreder@anreder.com","8235 220th St W","2129813212","9524695461","308102","Plastics-Fabrics,Film-Etc Producer (Mfr)","Film-Etc Producer (Mfr)"," Email <---> Revenue ","308247","Tyco Plastics","8235 220th St W","Lakeville","MN","55044","Dakota","www.tycoplastics.com","9524695461","9524695337","Jeff Kolne","Manager","Mal","52960000","160","308102","Plastics-Fab","6","0","1"
"12437","Weekes Forest Products","stpsales@weekesforest.com","2600 Como Ave","6516449520","6516449807","503109","Lumber-Wholesale","www.weekesforest.com"," Email <---> Revenue ","322688","Weekes Forest Products","2600 Como Ave","St Paul","MN","55108","Ramsey","www.weekesforest.com","6516449807","6516449520","Steve Weekes","Owner","Mal","90000000","65","503109","Lumber-Whole","6","0","1"
"158238","Gross Given","Sutter@automaticproducts.com","75 Plato Blvd W","6512243609","6512244391","358101","Vending Machines-Manufacturers","NULL"," Email <---> Revenue ","122410","Gross Given","75 Plato Blvd W","St Paul","MN","55107","Ramsey","www.automaticproducts.com","6512244391","6512243609","Robert J Sutter","CEO","Mal","85000000","325","358101","Vending Mach","6","0","1"
"31124","Twin City Oxygen","tcoorders@vngas.com","305 2nd St NW # 125","6516284869","6516284848","517205","Gas-Indstrl/Med-Cylinder & Bulk (Whol)","www.twincityoxygen.com"," Email <---> Revenue ","307722","Twin City Oxygen","305 2nd St NW # 125","New Brighton","MN","55112","Ramsey","www.twincityoxygen.com","6516284848","6516284869","Jerry Castner","Executive Director","Mal","90558000","27","517205","Gas-Indstrl/","6","0","1"
"135980","Deli Express Fast Food","Tom.Sween@deliexpress.com","16101 W 78th St","9529370186","9529379440","581219","Sandwiches","NULL"," Email <---> Revenue ","80190","Deli Express Fast Food","16101 W 78th St","Eden Prairie","MN","55344","Hennepin","www.deliexpress.com","9529379440","9529370186","Tom Sween","Owner","Mal","50000000","300","581219","Sandwiches","6","0","1"
"151794","Finlayson Bancshares Inc","tom@northviewbank.com","2203 Finland Ave","3202336335","3202337575","671201","Holding Companies (Bank)","www.northviewbank.com"," Email <---> Revenue ","104090","Finlayson Bancshares Inc","2203 Finland Ave","Finlayson","MN","55735","Pine","www.northviewbank.com","3202337575","3202336335","Bruce Pogatchnik","President","Mal","59132000","30","671201","Holding Comp","6","0","1"
"203878","V-Tek Inc","website@vtekusa.com","751 Summit Ave","9724791630","5073872039","506341","Electronic Testing Equipment (Wholesale)","www.vtekusa.com"," Email <---> Revenue ","313347","V-Tek Inc","751 Summit Ave","Mankato","MN","56001","Blue Earth","www.vtekusa.com","5073872039","5073872257","Dennis Siemer","Owner","Mal","65142000","99","506341","Electronic T","6","0","1"
"129552","Black Box Network Svc","webtech@blackbox-vs.com","5101 Shady Oak Rd # 3","4408387984","9523524000","737109","Information Technology Services","www.norstan.com"," Email <---> Revenue ","34080","Black Box Network Svc","5101 Shady Oak Rd # 3","Minnetonka","MN","55343","Hennepin","www.norstan.com","9523524000","9523524461","Scott G Christian","CEO","Mal","62800000","400","737109","Information ","6","0","1"
"83868","Brown & Bigelow Inc","william.smith@brownandbigelow.com","345 Plato Blvd E","6512937213","6512937000","731919","Advertising-Promotional","NULL"," Email <---> Revenue ","40965","Brown & Bigelow Inc","345 Plato Blvd E","St Paul","MN","55107","Ramsey","","6512937000","6512937213","William D Smith Sr","Owner","Mal","73100000","0","731919","Advertising-","6","0","1"
