mail id,company,email,address,phone,fax,sic,sic description,web,,revenue id,company,address,city,state,zip,	metro,web,phone,fax,contact,position,gender,sales,# of employee,sic,sic_descrpiton,	,,
"209378","New Horizon Kids Quest Inc","78@nhacademy.net","16355 36th Ave N # 700","2083230348","7635571111","835101","Child Care Service","www.newhorizonchildcare.com"," Email <---> Revenue ","212140","New Horizon Kids Quest Inc","16355 36th Ave N # 700","Minneapolis","MN","55446","Hennepin","www.newhorizonchildcare.com","7635571111","7633836101","William M Dunkley","CEO","Mal","17326000","550","835101","Child Care S","4","0","1"
"156128","Independent Millwright Contr","akauth@alltechengineering.com","2515 Pilot Knob Rd","6514525592","6514527893","179606","Millwrights","www.alltechengineering.com"," Email <---> Revenue ","140337","Independent Millwright Contr","2515 Pilot Knob Rd","Mendota Heights","MN","55120","Dakota","www.alltechengineering.com","6514527893","6514525592","Robert D Lawrence","Owner","Mal","11270000","70","179606","Millwrights","4","0","1"
"147425","Mayflower Distributing Co Inc","allen@mayflowerdistributing.com","1155 Medallion Dr","6514529257","6514524892","594716","Party Supplies","NULL"," Email <---> Revenue ","190339","Mayflower Distributing Co Inc","1155 Medallion Dr","Mendota Heights","MN","55120","Dakota","","6514524892","6514529257","Marty Abelovitz","Owner","Mal","11830000","130","594716","Party Suppli","4","0","1"
"123224","Hydro Engineering Inc","anatolyk@dakotagraintech.com","115 Main St E","9524674000","9524673100","508305","Irrigation Systems & Equipment (Whol)","www.hydro-eng.com"," Email <---> Revenue ","138474","Hydro Engineering Inc","115 Main St E","Young America","MN","55397","Carver","www.hydro-eng.com","9524673100","9524674000","Austin G Huffman","President","Mal","12450000","25","508305","Irrigation S","4","0","1"
"199294","Chem Serv Inc","andin@chemserv.com","715 8th St SE","6123798244","6123794411","516916","Chemicals (Wholesale)","www.chemserv.com"," Email <---> Revenue ","54961","Chem Serv Inc","715 8th St SE","Minneapolis","MN","55414","Hennepin","www.chemserv.com","6123794411","6123798244","Harry Fischman","President","Mal","13013000","13","516916","Chemicals (W","4","0","1"
"60695","Fortune Bay Resort & Casino","Andy.Datko@fortunebay.com","1430 Bois Forte Rd","2187536404","2187536400","799302","Casinos","NULL"," Email <---> Revenue ","107802","Fortune Bay Resort & Casino","1430 Bois Forte Rd","Tower","MN","55790","St Louis","www.fortunebay.com","2187536400","2187536404","Andy Datko","CEO","Mal","10374000","460","799302","Casinos","4","0","1"
"163572","Twin Cities Harley-Davidson","andy@tchd.com","10770 165th St W","9528982529","9528984515","557106","Motorcycles & Motor Scooters-Dealers","www.tchd.com"," Email <---> Revenue ","307366","Twin Cities Harley-Davidson","10770 165th St W","Lakeville","MN","55044","Dakota","www.tchd.com","9528984515","9528982529","Joe Kuelbs","Manager","Mal","16550000","50","557106","Motorcycles ","4","0","1"
"117488","Minnesota Vinyl & Aluminum Sys","AW@mvas.com","12820 Emery Way","9524030822","9524030805","503903","Fence (Wholesale)","NULL"," Email <---> Revenue ","202388","Minnesota Vinyl & Aluminum Sys","12820 Emery Way","Shakopee","MN","55379","Scott","www.mvas.com","9524030805","9524030822","Wendy Anderson","Owner","Fem","10080000","28","503903","Fence (Whole","4","0","1"
"205702","Halstad Elevator Co","bdickhoff@halstadelevator.com","Highway 75 N","2184562145","2184562135","422101","Grain Elevators","www.halstadelevator.com"," Email <---> Revenue ","125356","Halstad Elevator Co","Highway 75 N","Halstad","MN","56548","Norman","www.halstadelevator.com","2184562135","2184562145","Robin Stene","Manager","Mal","18400000","10","422101","Grain Elevat","4","0","1"
"176246","Federal Crane & Hoist","bdowns@ccsharrow.com","825 Pierce Butler Rte","6517305166","6514891534","508412","Cranes & Derricks (Wholesale)","www.ccsharrow.com"," Email <---> Revenue ","102788","Federal Crane & Hoist","825 Pierce Butler Rte","St Paul","MN","55104","Ramsey","www.ccsharrow.com","6517305166","6514891534","Bob Downs","Owner","Mal","10880000","20","508412","Cranes & Der","4","0","1"
"151116","Cooperative Printing","bf@coopprint.com","1225 N 7th St","6127215734","6127215731","275998","Commercial Printing Nec","www.cooperativeprinting.com"," Email <---> Revenue ","65390","Cooperative Printing","1225 N 7th St","Minneapolis","MN","55411","Hennepin","www.cooperativeprinting.com","6127215731","6127215734","Dennis Hanson","President","Mal","11440000","80","275998","Commercial P","4","0","1"
"165261","Lancer Food Svc","BG@lancercatering.com","1255 Kaufman Dr N","6512909442","6512909864","596305","Food Service-Management","NULL"," Email <---> Revenue ","169615","Lancer Food Svc","1255 Kaufman Dr N","St Paul","MN","55103","Ramsey","www.lancercatering.com","6512909864","6512909442","Glen Barron","Owner","Mal","12480000","80","596305","Food Service","4","0","1"
"103861","Ban-Koe Systems","BillBangtson@bankoe.com","9100 W Bloomington Fwy # 105","9528883344","9528886688","573131","Time Recorders","NULL"," Email <---> Revenue ","26586","Ban-Koe Systems","9100 W Bloomington Fwy # 105","Bloomington","MN","55431","Hennepin","www.bankoe.net","9528886688","9528883344","Bill Bangtson","President","Mal","20570000","85","573131","Time Recorde","4","0","1"
"126197","Periscope","BillS@periscope.com","921 Washington Ave S","6123391700","6123990500","731101","Advertising-Agencies & Counselors","NULL"," Email <---> Revenue ","231605","Periscope","921 Washington Ave S","Minneapolis","MN","55415","Hennepin","www.periscope.com","6123990500","6123391700","Bill Simpson","CEO","Mal","20540000","130","731101","Advertising-","4","0","1"
"202222","Commercial Supply","billsoukup@commercialpool.com","1167 Highway 36 E","6517659924","6517666666","599924","Swimming Pool Equipment & Supls-Retail","NULL"," Email <---> Revenue ","62713","Commercial Supply","1167 Highway 36 E","Maplewood","MN","55109","Ramsey","www.commercialpool.com","6517666666","6517659924","Bill Soukup","Owner","Mal","10010000","10","516916","Chemicals (W","4","0","1"
"61878","Acrylic Design Assoc","bmcneely@acrylicdesign.com","6050 Nathan Ln N","7635592589","7635598392","308906","Plastics-Fabricating/Finish/Decor-Mfrs","www.acrylicdesign.com"," Email <---> Revenue ","6364","Acrylic Design Assoc","6050 Nathan Ln N","Plymouth","MN","55442","Hennepin","www.acrylicdesign.com","7635598392","7635592589","Bill Mc Neely","Owner","Mal","16400000","100","308906","Plastics-Fab","4","0","1"
"206130","Moline Machinery LTD","braunio@moline.com","114 S Central Ave","2186283853","2186245734","355698","Food Products-Machinery (Manufacturers)","www.moline.com"," Email <---> Revenue ","204157","Moline Machinery LTD","114 S Central Ave","Duluth","MN","55807","St Louis","www.moline.com","2186245734","2186283853","Gary Moline","President","Mal","19700000","100","355698","Food Product","4","0","1"
"122579","Technigraph Corp","brendaanderson@technigraph.net","850 W 3rd St","5074546470","5074543830","275902","Screen Printing","www.technigraph.net"," Email <---> Revenue ","296479","Technigraph Corp","850 W 3rd St","Winona","MN","55987","Winona","www.technigraph.net","5074543830","5074546470","John Eddy","President","Mal","15730000","110","275902","Screen Print","4","0","1"
"182409","Habilitative Services Inc","brendab@habsvinc.com","104 S Cedar St","5076625364","5072831859","899999","Services Nec","www.habsvinc.com"," Email <---> Revenue ","124384","Habilitative Services Inc","104 S Cedar St","Luverne","MN","56156","Rock","www.habsvinc.com","5072831859","5072834527","Shirley Wentler","Manager","Fem","13400000","100","899999","Services Nec","4","0","1"
"210966","Ultimate Technology Inc","briank@ellisonmeatcompany.com","1401 Sioux Dr","5078252304","5078255486","738988","Packaging Service","www.ellisonmeatcompany.com"," Email <---> Revenue ","310541","Ultimate Technology Inc","1401 Sioux Dr","Pipestone","MN","56164","Pipestone","www.ellisonmeatcompany.com","5078255486","5078252304","Brian Carls","President","Mal","14100000","150","738988","Packaging Se","4","0","1"
"151889","Sunrise Fiberglass Corp","brieck@sunrisefiberglass.com","5175 260th St","6514625107","6514625313","329601","Fiber Glass Fabricators","www.sunrisefiberglass.com"," Email <---> Revenue ","290741","Sunrise Fiberglass Corp","5175 260th St","Wyoming","MN","55092","Chisago","www.sunrisefiberglass.com","6514625313","6514625107","Byron Rieck","President","Mal","10680000","40","329601","Fiber Glass ","4","0","1"
"158769","Cabinet Components","bwanderscheid@cabinetcomponents.com","760 Beltline Rd","3203525736","3203525404","243401","Cabinets-Manufacturers","www.cabinetcomponents.com"," Email <---> Revenue ","46021","Cabinet Components","760 Beltline Rd","Sauk Centre","MN","56378","Stearns","www.cabinetcomponents.com","3203525404","3203525736","Brian Bayer","Owner","Mal","15990000","130","243401","Cabinets-Man","4","0","1"
"112561","Circuit Science Inc","cam@circuitscience.com","15831 Highway 55","7635592569","7635599515","399906","Assembly & Fabricating Service","www.circuitscience.com"," Email <---> Revenue ","58129","Circuit Science Inc","15831 Highway 55","Plymouth","MN","55447","Hennepin","www.circuitscience.com","7635599515","7635592569","Terry Lutts","President","Mal","10400000","80","399906","Assembly & F","4","0","1"
"584","RTD Co","carrol.johnson@rtdco.com","15825 Central Ave NE","7636895033","7636894870","382501","Recording Instruments Ind/Scientfc-Mfrs","NULL"," Email <---> Revenue ","245776","RTD Co","15825 Central Ave NE","Ham Lake","MN","55304","Anoka","www.rtdcompany.com","7636894870","7636895033","James Sulciner","President","Mal","14250000","50","382501","Recording In","4","0","1"
"193877","Harvey Vogel Mfg Co","caugheyt@harveyvogel.com","425 Weir Dr","6517398666","6517397373","346904","Metal Stamping (Manufacturers)","www.harveyvogel.com"," Email <---> Revenue ","127772","Harvey Vogel Mfg Co","425 Weir Dr","Woodbury","MN","55125","Washington","www.harveyvogel.com","6517397373","6517398666","Harvey Vogel","Owner","Mal","23355000","135","346904","Metal Stampi","4","0","1"
"147012","Full Circle Image","cbenson@fullcircleimage.com","6256 34th Ave NW","5072804425","5072800136","509312","Recycling Centers (Wholesale)","www.fullcircleimage.com"," Email <---> Revenue ","110537","Full Circle Image","6256 34th Ave NW","Rochester","MN","55901","Olmsted","www.fullcircleimage.com","5072800136","5072804425","Charlie Benson","President","Mal","14048000","32","509312","Recycling Ce","4","0","1"
"198808","L & M Radiator Inc","chisholmd@mesabi.com","1414 E 37th St","2182638234","2182638993","753901","Automobile Radiator Repairing","NULL"," Email <---> Revenue ","166407","L & M Radiator Inc","1414 E 37th St","Hibbing","MN","55746","St Louis","www.mesabi.com","2182638993","2182638234","Dan Chisholm","President","Mal","18360000","170","753901","Automobile R","4","0","1"
"87","Deco Pac","Christine@decopac.com","5736 Main St NE","7635741060","7635740091","599954","Cake Decorating Equipment & Supplies","NULL"," Email <---> Revenue ","79663","Deco Pac","5736 Main St NE","Fridley","MN","55432","Anoka","www.decopac.com","7635740091","7635741060","Christine Mc Kenna","President","Fem","20100000","150","599954","Cake Decorat","4","0","1"
"156609","Mid-Continent Engineering Inc","chuck.marvin@mid-continent.com","405 35th Ave NE","6127821320","6127810260","359903","Machine Shops","www.mid-continent.com"," Email <---> Revenue ","196624","Mid-Continent Engineering Inc","405 35th Ave NE","Minneapolis","MN","55418","Hennepin","www.mid-continent.com","6127810260","6127821320","","","","12500000","5","359903","Machine Shop","4","0","1"
"154226","Clayhill 2","citydesk@airus.com","141 S Lafayette Rd W","7012351214","6512900000","508402","Compressors-Air & Gas (Wholesale)","www.airus.com"," Email <---> Revenue ","59966","Clayhill 2","141 S Lafayette Rd W","St Paul","MN","55107","Ramsey","www.airus.com","6512900000","6518480205","Bob Simmer","Owner","Mal","10880000","20","508402","Compressors-","4","0","1"
"208195","Gausman & Moore Assoc","cluedtke@gausman.com","1700 Highway 36 W # 700","6516399618","6516399606","871111","Engineers-Consulting","www.gausman.com"," Email <---> Revenue ","113735","Gausman & Moore Assoc","1700 Highway 36 W # 700","Roseville","MN","55113","Ramsey","www.gausman.com","6516399606","6516399618","James Giefer","Partner","Mal","10270000","65","871111","Engineers-Co","4","0","1"
"137499","Chappell Central Inc","cmeyer@chappellcentral.com","2101 Gorton Ave NW","3202355874","3202352151","171117","Air Conditioning Contractors & Systems","www.chappellcentral.com"," Email <---> Revenue ","53944","Chappell Central Inc","2101 Gorton Ave NW","Willmar","MN","56201","Kandiyohi","www.chappellcentral.com","3202352151","3202355874","Lon Chappell","President","Mal","12702000","87","171117","Air Conditio","4","0","1"
"168331","Hauser Art Glass Co.; Inc","cmurphy@hauserglass.com","4046 West 4th Street","5074573500","5074570554","841210","Art","WILLETSTUDIOS.COM"," Email <---> Revenue ","128127","Hauser Art Glass Co","1685 Wilkie Dr","Winona","MN","55987","Winona","","5074573500","5074570554","Michael Hauser","Manager","Mal","20100000","100","523103","Glass-Staine","4","0","1"
"153890","Kambium Garage Systems","components@kambium.com","21475 Holyoke Ave","9524692477","9524692400","503155","Garage Cabinets & Organizers","www.kambium.com"," Email <---> Revenue ","158081","Kambium Garage Systems","21475 Holyoke Ave","Lakeville","MN","55044","Dakota","www.kambium.com","9524692400","9524692477","Michael Curry","Owner","Mal","10590000","15","503155","Garage Cabin","4","0","1"
"90545","Geneva Group","craig@genevagroup.com","7109 31st Ave N","7635460933","7635465620","365112","Video Equipment-Manufacturers","www.genevagroup.com"," Email <---> Revenue ","114629","Geneva Group","7109 31st Ave N","Minneapolis","MN","55427","Hennepin","www.genevagroup.com","7635465620","7635460933","Bob Potts","President","Mal","17350000","50","365112","Video Equipm","4","0","1"
"142706","American Bottling Co","csab.media@cs-americas.com","1328 60th Ave NW # C","5072806387","5072805951","514202","Fruit Juices (Wholesale)","www.dpsu.com"," Email <---> Revenue ","13670","American Bottling Co","1328 60th Ave NW # C","Rochester","MN","55901","Olmsted","www.dpsu.com","5072805951","5072806387","Don Quimby","Manager","Mal","22239000","21","514202","Fruit Juices","4","0","1"
"124424","Peerless Plastics","csnitker@peerlessplastics.com","510 Willow St","6514638074","6514637147","308906","Plastics-Fabricating/Finish/Decor-Mfrs","www.peerlessplastics.com"," Email <---> Revenue ","230456","Peerless Plastics","510 Willow St","Farmington","MN","55024","Dakota","www.peerlessplastics.com","6514637147","6514638074","","","","12300000","75","308906","Plastics-Fab","4","0","1"
"179125","Nikola''s Biscotti & European","csr@nikolasbakery.com","8300 Grand Ave S","9522535991","9522535991","514902","Bakers-Wholesale","www.nikolasbiscotti.com"," Email <---> Revenue ","213615","Nikola's Biscotti & European","8300 Grand Ave S","Minneapolis","MN","55420","Hennepin","www.nikolasbiscotti.com","9522535991","","Michael Itskovich","Owner","Mal","10128000","12","514902","Bakers-Whole","4","0","1"
"76527","Valley Craft","customer@valleycraft.com","2001 S Highway 61","6513453606","6513453386","508426","Material Handling Equipment (Wholesale)","www.valleycraft.com"," Email <---> Revenue ","313819","Valley Craft","2001 S Highway 61","Lake City","MN","55041","Wabasha","www.valleycraft.com","6513453386","6513453606","Roger Goff","Manager","Mal","18900000","140","508426","Material Han","4","0","1"
"196588","Red River Valley & Western","cynthia.olson@rrvw.net","501 Minnesota Ave","2186434980","2186435006","401101","Railroads","www.rrvw.net"," Email <---> Revenue ","249565","Red River Valley & Western","501 Minnesota Ave","Breckenridge","MN","56520","Wilkin","www.rrvw.net","2186435006","2186434980","Sharon Trudell","Manager","Fem","10570000","35","401101","Railroads","4","0","1"
"49606","Allied Blacktop Co","dan@alliedblacktopmn.com","10503 89th Ave N","7634251046","7634250575","161104","Parking Area/Lots Maintenance & Marking","www.alliedblacktopmn.com"," Email <---> Revenue ","11944","Allied Blacktop Co","10503 89th Ave N","Maple Grove","MN","55369","Hennepin","www.alliedblacktopmn.com","7634250575","7634251046","Dan Smith","Owner","Mal","17625000","75","161104","Parking Area","4","0","1"
"155940","Tile By Design","DanEmmel@tile-by-design.com","1720 Annapolis Ln N","7635515999","7635515900","503219","Tile-Ceramic-Distributors","NULL"," Email <---> Revenue ","300197","Tile By Design","1720 Annapolis Ln N","Plymouth","MN","55441","Hennepin","www.tilexdesign.com","7635515900","7635515999","Dan Emmel","Owner","Mal","14400000","30","503219","Tile-Ceramic","4","0","1"
"174047","Independent Pinnacle Svc LLC","darrenk@pinnaclepub.com","4030 Technology Dr NW","2184445906","2184442180","731103","Advertising-Directory & Guide","www.pinnaclepub.com"," Email <---> Revenue ","140356","Independent Pinnacle Svc LLC","4030 Technology Dr NW","Bemidji","MN","56601","Beltrami","www.pinnaclepub.com","2184442180","2184445906","Shelly Geerdes","Manager","Fem","11060000","70","731103","Advertising-","4","0","1"
"203494","AAA Wicks Furnace","Dave.Regan@aaawicks.com","102 County Road C W","6514849369","6517701263","171110","Furnaces-Repairing & Cleaning","NULL"," Email <---> Revenue ","3453","AAA Wicks Furnace","102 County Road C W","St Paul","MN","55117","Ramsey","www.aaawicks.com","6517701263","6514849369","Dave Regan","Finance Exec","Mal","12410000","85","171110","Furnaces-Rep","4","0","1"
"80602","Millerbernd Manufacturing Co","dclark@millerberndmfg.com","622 6th St S","3204854420","3204852111","349903","Metal Goods-Manufacturers","www.millerberndmfg.com"," Email <---> Revenue ","199469","Millerbernd Manufacturing Co","622 6th St S","Winsted","MN","55395","Mc Leod","www.millerberndmfg.com","3204852111","3204854420","David Millerbernd","President","Mal","12900000","150","349903","Metal Goods-","4","0","1"
"133228","American Council of Engineering Companies of Minnesota","dcooley@michaudcooley.com","333S7thStreet1200","6123394941","6123398354","871106","Engineers","null"," Email <---> Revenue ","196126","Michaud Cooley Erickson Inc","333 S 7th St # 1200","Minneapolis","MN","55402","Hennepin","","6123394941","6123398354","Dean Rafferty","President","Mal","17696000","112","871111","Engineers-Co","4","0","1"
"55876","Michel Sales Co","deckoinfo@mico-usa.com","501 Lawson Ave W","6514877279","6514877272","509908","Manufacturers-Agents & Representatives","www.decko-usa.com"," Email <---> Revenue ","196137","Michel Sales Co","501 Lawson Ave W","St Paul","MN","55117","Ramsey","www.decko-usa.com","6514877272","6514877279","Charles Michel","Owner","Mal","18880000","20","509908","Manufacturer","4","0","1"
"176302","Daggett Truck Lines","Delta-Daggett@daggetttruck.com","PO Box 158","2183342566","2183343711","421309","Trucking-Motor Freight","NULL"," Email <---> Revenue ","74001","Daggett Truck Lines","32717 County Highway 10","Frazee","MN","56544","Becker","www.daggetttruck.com","2183343711","2183342566","Delta Daggett","President","Mal","10500000","100","421309","Trucking-Mot","4","0","1"
"211887","Tierney Brothers Inc","derekburns@tierneybros.com","3300 University Ave SE","6123313424","6123315500","573113","Audio-Visual Equipment-Dealers","www.tierneybrothers.com"," Email <---> Revenue ","300103","Tierney Brothers Inc","3300 University Ave SE","Minneapolis","MN","55414","Hennepin","www.tierneybrothers.com","6123315500","6123313424","Tom Tierney","Owner","Mal","18150000","75","573113","Audio-Visual","4","0","1"
"70045","Levitz Furniture","dgoncalves@tizinc.com","3201 Country Dr","6514811459","6514834511","571216","Furniture-Dealers-Retail","www.furniture.com"," Email <---> Revenue ","174349","Levitz Furniture","3201 Country Dr","Little Canada","MN","55117","Ramsey","www.furniture.com","6514834511","6514811459","Rick Jorgensen","Manager","Mal","20000000","100","571216","Furniture-De","4","0","1"
"122954","Hudalla Associates Inc","dkarjala@hudallaassociates.com","801 Jenney Ave SW # 8","2183462741","2183462734","509111","Sporting Goods-Wholesale","www.hudallaassociates.com"," Email <---> Revenue ","137559","Hudalla Associates Inc","801 Jenney Ave SW # 8","Perham","MN","56573","Otter Tail","www.hudallaassociates.com","2183462734","2183462741","Bruce Hudalla","Owner","Mal","17220000","28","509111","Sporting Goo","4","0","1"
"84242","Adapt Inc","dkoch@adaptdata.com","5610 Rowland Rd # 160","9529390361","9529390538","737401","Data Processing Service","www.adaptdata.com"," Email <---> Revenue ","6809","Adapt Inc","5610 Rowland Rd # 160","Minnetonka","MN","55343","Hennepin","www.adaptdata.com","9529390538","9529390361","David Koch","President","Mal","11475000","75","737401","Data Process","4","0","1"
"201911","Haug Implement","Donald@haugimp.com","PO Box 1055","3202149824","3202358115","508310","Farm Equipment (Wholesale)","NULL"," Email <---> Revenue ","128035","Haug Implement","3711 Highway 12 E","Willmar","MN","56201","Kandiyohi","","3202358115","3202149824","Donald Haug Jr","Owner","Mal","20418000","41","508310","Farm Equipme","4","0","1"
"177197","J & K Marine","doug@jkmarine.com","24147 Wine Lake Rd","2188478949","2188470324","555104","Boat Dealers Sales & Service","www.jkmarine.com"," Email <---> Revenue ","144569","J & K Marine","24147 Wine Lake Rd","Detroit Lakes","MN","56501","Becker","www.jkmarine.com","2188470324","2188478949","Kevin Tinjum","Owner","Mal","16600000","50","555104","Boat Dealers","4","0","1"
"202981","Advance Equipment Co","drafting@advancecos.com","1400 Jackson St","6514899416","6514898881","503207","Concrete Constr Forms & Acces (Whol)","www.advancecos.com"," Email <---> Revenue ","7255","Advance Equipment Co","1400 Jackson St","St Paul","MN","55117","Ramsey","www.advancecos.com","6514898881","6514899416","Terry Haug","Owner","Mal","24000000","50","503207","Concrete Con","4","0","1"
"33706","Minuti-Ogle Co","drew@netman.com","7030 6th St N","3123247820","6517355800","174203","Dry Wall Contractors","www.olympicwall.com"," Email <---> Revenue ","202891","Minuti-Ogle Co","7030 6th St N","Oakdale","MN","55128","Washington","www.minuti-ogle.com","6517355800","6517357053","Tom Panek","President","Mal","22200000","200","174203","Dry Wall Con","4","0","1"
"146870","Acme Alternate Fuel Systems","drhudson@acmecarb.com","110 Butterworth N","5073454100","5073454000","517208","Gas-Liquefied Petro-Bttld/Bulk (Whol)","www.acmecarb.com"," Email <---> Revenue ","6226","Acme Alternate Fuel Systems","110 Butterworth N","Mankato","MN","56001","Blue Earth","www.acmecarb.com","5073454000","5073454100","Dale Hudson","Owner","Mal","20124000","6","517208","Gas-Liquefie","4","0","1"
"40086","Anderson Seed Co Inc","dtanderson@diodecom.net","County Rd 12 N","2186372179","2186378204","514510","Nuts-Edible-Wholesale & Processing","www.andersonseed.com"," Email <---> Revenue ","16647","Anderson Seed Co Inc","County Rd 12 N","Mentor","MN","56736","Polk","www.andersonseed.com","2186378204","2186372179","Danny Dale","Manager","Mal","14160000","24","514510","Nuts-Edible-","4","0","1"
"182790","Ebert Construction","EbertGregory@ebertconst.com","PO Box 97","7634989951","7634987844","154210","Buildings-Metal","NULL"," Email <---> Revenue ","91061","Ebert Construction","23350 County Road 10","Loretto","MN","55357","Hennepin","www.ebertconst.com","7634987844","7634989951","Gregory Ebert","Owner","Mal","17520000","40","154210","Buildings-Me","4","0","1"
"200110","J R Jones Fixture Co","ejones@jonesfixture.com","3216 Winnetka Ave N","7635443106","7635444239","254198","Office & Store Fixtures-Wood (Mfrs)","www.jonesfixture.com"," Email <---> Revenue ","145633","J R Jones Fixture Co","3216 Winnetka Ave N","Minneapolis","MN","55427","Hennepin","www.jonesfixture.com","7635444239","7635443106","Douglas Jones","Owner","Mal","15600000","50","254198","Office & Sto","4","0","1"
"195911","Mille Lacs Electric Co-Op","elainem@mlecmn.com","36559 Us Highway 169","2189276822","2189272191","491101","Electric Companies","www.mlecmn.net"," Email <---> Revenue ","199103","Mille Lacs Electric Co-Op","36559 Us Highway 169","Aitkin","MN","56431","Aitkin","www.mlecmn.net","2189272191","2189276822","Ralph Mykkanen","Manager","Mal","14440000","50","491101","Electric Com","4","0","1"
"101159","Christians Inc Insurance","emergency@christiansinc.com","1480 Park Rd","9524702024","9524702001","152114","Fire Damage Restoration","www.christiansinc.com"," Email <---> Revenue ","56979","Christians Inc Insurance","1480 Park Rd","Chanhassen","MN","55317","Carver","www.christiansinc.com","9524702001","9524702024","Bob Christians","Owner","Mal","10620000","45","152114","Fire Damage ","4","0","1"
"186055","Polar Plastics Inc","eric@polar-plastics.com","6959 55th St N","6517707578","6517702925","267301","Bags-Plastic (Manufacturers)","www.polar-plastics.com"," Email <---> Revenue ","236755","Polar Plastics Inc","6959 55th St N","Oakdale","MN","55128","Washington","www.polar-plastics.com","6517702925","6517707578","Andrew Ave Lallemant","President","Mal","17800000","50","267301","Bags-Plastic","4","0","1"
"199521","Street Fleet","erich@streetfleet.com","1122 16th Ave SE","6126230328","6126239999","421205","Delivery Service","www.streetfleet.com"," Email <---> Revenue ","288306","Street Fleet","1122 16th Ave SE","Minneapolis","MN","55414","Hennepin","www.streetfleet.com","6126239999","6126230328","Joe Mc Graw","Owner","Mal","16920000","120","421205","Delivery Ser","4","0","1"
"90117","Bibelot Shop","Freese@bibelotshops.com","1082 Grand Ave","6512930085","6512220321","594712","Gift Shops","NULL"," Email <---> Revenue ","32354","Bibelot Shop","1082 Grand Ave","St Paul","MN","55105","Ramsey","www.bibelotshops.com","6512220321","6512930085","Roxanna Freese","President","Fem","22750000","250","594712","Gift Shops","4","0","1"
"151736","R C Consultants Inc","gary@rcc-inc.com","2520 Larpenteur Ave W # 201","6516455237","6516458576","871111","Engineers-Consulting","www.rcc-inc.com"," Email <---> Revenue ","244542","R C Consultants Inc","2520 Larpenteur Ave W # 201","Lauderdale","MN","55113","Ramsey","www.rcc-inc.com","6516458576","6516455237","","","","12640000","80","871111","Engineers-Co","4","0","1"
"191325","DMR Electronics Inc","garyg@dmrelectronics.com","1111 7th Ave E","2182626273","2182626693","573117","Electronic Equipment & Supplies-Retail","www.dmrelectronics.com"," Email <---> Revenue ","73772","DMR Electronics Inc","1111 7th Ave E","Hibbing","MN","55746","St Louis","www.dmrelectronics.com","2182626693","2182626273","Hugh Vidovic","President","Mal","12100000","50","573117","Electronic E","4","0","1"
"211122","Spee Dee Delivery Svc","greg.billinghurst@smartlinc.net","4101 Clearwater Rd","7153415833","3202516697","421205","Delivery Service","www.speedeedelivery.com"," Email <---> Revenue ","279593","Spee Dee Delivery Svc","4101 Clearwater Rd","St Cloud","MN","56301","Stearns","www.speedeedelivery.com","3202516697","3202511846","Donald Weeres","Owner","Mal","22800000","400","421205","Delivery Ser","4","0","1"
"64386","Rouzer Sales Co","greg@rouzer.com","2738 Winnetka Ave N","7635445718","7635443145","509908","Manufacturers-Agents & Representatives","www.rouzer.com"," Email <---> Revenue ","260686","Rouzer Sales Co","2738 Winnetka Ave N","Minneapolis","MN","55427","Hennepin","www.rouzer.com","7635443145","7635445718","Dean Olson","Owner","Mal","13216000","14","509908","Manufacturer","4","0","1"
"119425","Creative Memories Inc","gscuteri@creativememories.com","3001 Clearwater Rd","3205295863","3202517524","594316","Scrapbook Albums & Supplies","NULL"," Email <---> Revenue ","68896","Creative Memories Inc","3001 Clearwater Rd","St Cloud","MN","56301","Stearns","www.creative-memories.com","3202517524","3205295863","Lee Morgan","CEO","Mal","24200000","200","594316","Scrapbook Al","4","0","1"
"124765","As Soon As Possible Inc","gWEST@asap.net","3000 France Ave S","9529269814","9529262727","275998","Commercial Printing Nec","NULL"," Email <---> Revenue ","21347","As Soon As Possible Inc","3000 France Ave S","St Louis Park","MN","55416","Hennepin","www.asap.net","9529262727","9525642720","Ted Politis","Owner","Mal","11297000","79","275998","Commercial P","4","0","1"
"196750","SATA Spray Equipment","Hans-Jorgensen@satausa.com","PO Box 46","5073467481","5073467102","508508","Spraying Equipment-Wholesale","NULL"," Email <---> Revenue ","263077","SATA Spray Equipment","1 Sata Dr","Spring Valley","MN","55975","Fillmore","www.satausa.com","5073467102","5073467481","Hans Jorgensen","Owner","Mal","10260000","18","508508","Spraying Equ","4","0","1"
"141265","Jefferson Partners LP","heidis@jeffersonlines.com","2100 E 26th St","4797831181","6123593400","413101","Bus Lines","www.jeffersonlines.com"," Email <---> Revenue ","149733","Jefferson Partners LP","2100 E 26th St","Minneapolis","MN","55404","Hennepin","www.jeffersonlines.com","6123593400","6123593437","Charles A Zelle","President","Mal","17400000","265","413101","Bus Lines","4","0","1"
"211409","Relizon","helpdesk@workflowone.com","316 Lake Hazeltine Dr","9792777748","9524487503","276104","Manifold Business Forms (Mfrs)","www.relizon.com"," Email <---> Revenue ","251060","Relizon","316 Lake Hazeltine Dr","Chaska","MN","55318","Carver","www.relizon.com","9524487503","9524483552","Doug Hammerseng","President","Mal","17290000","70","276104","Manifold Bus","4","0","1"
"211926","Hanson Silo Co","hscinfo@hansonsilo.com","11587 County Road 8 SE","3206644140","3206644171","327209","Concrete Prods-Ex Block & Brick (Mfrs)","www.hansonsilo.com"," Email <---> Revenue ","126313","Hanson Silo Co","11587 County Road 8 SE","Lake Lillian","MN","56253","Kandiyohi","www.hansonsilo.com","3206644171","3206644140","Gregg Hanson","President","Mal","12150000","75","327209","Concrete Pro","4","0","1"
"212862","Apria Healthcare","iandruch@cpronline.com","1501 Northway Dr","5308915435","3202520655","504712","Hospital Equipment & Supplies (Whol)","www.apria.com"," Email <---> Revenue ","19115","Apria Healthcare","1501 Northway Dr","St Cloud","MN","56303","Stearns","www.apria.com","3202520655","3202520380","Bruce Minkkinen","Manager","Mal","11960000","20","504712","Hospital Equ","4","0","1"
"205633","Twin City Optical Safety","invest@essilor.com","5205 Highway 169 N","6019332484","7635512000","385103","Optical Goods-Manufacturers","www.essilor.com"," Email <---> Revenue ","307713","Twin City Optical Safety","5205 Highway 169 N","Minneapolis","MN","55442","Hennepin","www.essilor.com","7635512000","7635512050","Dean Clause","Plant Mgr","Mal","24920000","140","385103","Optical Good","4","0","1"
"211208","Herc-U-Lift Inc","iowa@herculift.com","5655 Highway 12","7634792296","7634792501","735959","Leasing Equipment","www.herc-u-lift.com"," Email <---> Revenue ","131181","Herc-U-Lift Inc","5655 Highway 12","Maple Plain","MN","55359","Hennepin","www.herc-u-lift.com","7634792501","7634792296","Les Nielsen","CEO","Mal","18100000","120","735959","Leasing Equi","4","0","1"
"177776","Smith Foundry Co","iron@smithfoundry.com","1855 E 28th St","6127292519","6127299395","332198","Gray & Ductile Iron Foundries","www.smithfoundry.com"," Email <---> Revenue ","276218","Smith Foundry Co","1855 E 28th St","Minneapolis","MN","55407","Hennepin","www.smithfoundry.com","6127299395","6127292519","Neil C Ahlstrom","President","Mal","11160000","60","332198","Gray & Ducti","4","0","1"
"148544","Itasca Mantrap Co-Op Elec Assn","itasca@itasca-mantrap.com","16930 County 6","2187325890","2187323377","491101","Electric Companies","www.itasca-mantrap.com"," Email <---> Revenue ","144052","Itasca Mantrap Co-Op Elec Assn","16930 County 6","Park Rapids","MN","56470","Hubbard","www.itasca-mantrap.com","2187323377","2187325890","Patrick O'Brien","Manager","Mal","14784000","24","491101","Electric Com","4","0","1"
"177106","PFC Equipment Inc","j.arenkiel@pfcequip.com","9366 Deerwood Ln N","7634251132","7634257890","508444","Pumps (Wholesale)","www.pfcequip.com"," Email <---> Revenue ","225433","PFC Equipment Inc","9366 Deerwood Ln N","Maple Grove","MN","55369","Hennepin","www.pfcequip.com","7634257890","7634251132","Mike Woods","Owner","Mal","10880000","20","508444","Pumps (Whole","4","0","1"
"169735","Stone Fabrics","J_Greenfield@millendtextiles.com","10100 Crosstown Cir","9529412304","9529412303","513119","Fabrics-Wholesale","NULL"," Email <---> Revenue ","287599","Stone Fabrics","10100 Crosstown Cir","Eden Prairie","MN","55344","Hennepin","www.millendtextiles.com","9529412303","9529412304","Jim Greenfield","President","Mal","20340000","30","513119","Fabrics-Whol","4","0","1"
"166220","Twinco Romax Automotive Wrhse","jacks@twincoromax.com","4635 Willow Dr","7634783411","7634782360","501313","Automobile Parts & Supplies-Wholesale","www.twincoromax.com"," Email <---> Revenue ","308044","Twinco Romax Automotive Wrhse","4635 Willow Dr","Hamel","MN","55340","Hennepin","www.twincoromax.com","7634782360","7634783411","Harold Scherling","Owner","Mal","17750000","50","501313","Automobile P","4","0","1"
"110175","Multiband Corp","james.mandel@multibandusa.com","9449 Science Center Dr","7635043079","7635043000","366198","Telephone & Telegraph Apparatus (Mfrs)","NULL"," Email <---> Revenue ","207313","Multiband Corp","9449 Science Center Dr","New Hope","MN","55428","Hennepin","www.multibandusa.com","7635043000","7635043060","James L Mandel","CEO","Mal","11068000","100","481304","Telephone Co","4","0","1"
"204808","Aramark Refreshment Svc","jarvis-sarah@aramark.com","2830 Fairview Ave N","8453319021","6516364450","596307","Coffee Break Service & Supplies","www.aramark.com"," Email <---> Revenue ","19280","Aramark Refreshment Svc","2830 Fairview Ave N","Roseville","MN","55113","Ramsey","www.aramark.com","6516364450","6516367737","Bill Budzyn","Manager","Mal","10920000","70","596307","Coffee Break","4","0","1"
"167871","J & L Wire Cloth","jason@jlwire.com","268 Water St W","6512271565","6512273099","349601","Wire Cloth (Manufacturers)","www.jlwire.com"," Email <---> Revenue ","144615","J & L Wire Cloth","268 Water St W","St Paul","MN","55107","Ramsey","www.jlwire.com","6512273099","6512271565","","","","14300000","100","349601","Wire Cloth (","4","0","1"
"178962","Kinetic Solutions Inc","jbrown@kinetic-si.com","2485 S Shore Blvd","6516340880","6516340800","871111","Engineers-Consulting","www.kinetic-si.com"," Email <---> Revenue ","162711","Kinetic Solutions Inc","2485 S Shore Blvd","St Paul","MN","55110","Ramsey","www.kinetic-si.com","6516340800","6516340880","Paul Wax","Owner","Mal","14220000","90","871111","Engineers-Co","4","0","1"
"175175","Envirobate","Jerry@envirobate.com","3301 E 26th St","6127291021","6127291080","873111","Environmental & Ecological Services","NULL"," Email <---> Revenue ","96020","Envirobate","3301 E 26th St","Minneapolis","MN","55406","Hennepin","www.envirobate.com","6127291080","6127291021","Jerry Larson","CEO","Mal","11780000","95","179926","Asbestos Rem","4","1","1"
"123630","Road Machinery & Supplies Co","jfurman@rmsnt.com","315 Hoover Rd N","9528959564","2187419011","508206","Contractors-Equip/Supls-Dlrs/Svc (Whol)","www.rmsequipment.com"," Email <---> Revenue ","255719","Road Machinery & Supplies Co","315 Hoover Rd N","Virginia","MN","55792","St Louis","www.rmsequipment.com","2187419011","2187419465","John Ruud","Manager","Mal","13986000","21","508206","Contractors-","4","0","1"
"174237","Automated Building Components","jim.stensvold@abctruss.com","NULL","9529371909","952-937-9060","2431","Millwork (wood windows and doors)","NULL"," Email <---> Revenue ","23661","Automated Building Components","18400 W 77th St","Chanhassen","MN","55317","Carver","www.abcmillwork.com","9529379060","9529371909","Jim Stensvold","Manager","Mal","13600000","80","243102","Millwork (Ma","4","0","1"
"187160","Midwest Surgical Svc","Jim.Tiffany@ms-services.com","5775 W Old Shakopee Rd # 80","9528811700","9528812500","504704","Physicians & Surgeons Equip & Supls-Whol","NULL"," Email <---> Revenue ","197947","Midwest Surgical Svc","5775 W Old Shakopee Rd # 80","Minneapolis","MN","55437","Hennepin","www.ms-services.com","9528812500","9528811700","Jim Tiffany","President","Mal","13440000","60","384101","Surgical Ins","4","0","1"
"175378","Rochford Supply Inc","jjohnson@rochfordsupply.com","1500 Washington Ave N","6125883000","6125889000","513119","Fabrics-Wholesale","www.rochfordsupply.com"," Email <---> Revenue ","257444","Rochford Supply Inc","1500 Washington Ave N","Minneapolis","MN","55411","Hennepin","www.rochfordsupply.com","6125889000","6125883000","Deborah Rochford","Owner","Fem","20340000","30","513119","Fabrics-Whol","4","0","1"
"172960","Minnesota Chemical Co","jkarll@minnesotachemical.com","2285 Hampden Ave","6516491101","6516467521","284101","Soaps & Detergents-Manufacturers","www.minnesotachemical.com"," Email <---> Revenue ","200762","Minnesota Chemical Co","2285 Hampden Ave","St Paul","MN","55114","Ramsey","www.minnesotachemical.com","6516467521","6516491101","Michael F Baker","President","Mal","24882000","33","284101","Soaps & Dete","4","0","1"
"195150","Motivaction","jnorth@motivaction.com","16355 36th Ave N # 100","7635255300","7635447200","738967","Incentive Programs","www.motivaction.com"," Email <---> Revenue ","206164","Motivaction","16355 36th Ave N # 100","Minneapolis","MN","55446","Hennepin","www.motivaction.com","7635447200","7635255300","Bill Bryson","President","Mal","24000000","150","738967","Incentive Pr","4","0","1"
"212428","Performark","Joe@performark.com","10701 Hampshire Ave S","9529426940","9529467300","874213","Marketing Programs & Services","NULL"," Email <---> Revenue ","231499","Performark","10701 Hampshire Ave S","Bloomington","MN","55438","Hennepin","www.performark.com","9529467300","9529426940","Joe Lethert","Owner","Mal","11900000","70","874213","Marketing Pr","4","0","1"
"29934","Electric Pump","johnm@electricpump.com","200 W 88th St # 1","9528843239","9528845394","508444","Pumps (Wholesale)","www.electricpump.com"," Email <---> Revenue ","93576","Electric Pump","200 W 88th St # 1","Minneapolis","MN","55420","Hennepin","www.electricpump.com","9528845394","9528843239","Richard Miller","Owner","Mal","13600000","25","508444","Pumps (Whole","4","0","1"
"35054","National Checking Co","johno@nationalchecking.com","899 Montreal Way","6512511501","6512511500","399903","Manufacturers","www.nationalchecking.com"," Email <---> Revenue ","209541","National Checking Co","899 Montreal Way","St Paul","MN","55102","Ramsey","www.nationalchecking.com","6512511500","6512511501","Benedict A Olk","President","Mal","14410000","110","399903","Manufacturer","4","0","1"
"117301","Olympac","Jon@minergroup.com","3440 Winnetka Ave N","7635045493","7635046300","275202","Printers","NULL"," Email <---> Revenue ","221891","Olympac","3440 Winnetka Ave N","Minneapolis","MN","55427","Hennepin","www.minergroup.com","7635046300","7635045493","Jon Miner","Owner","Mal","15200000","100","275202","Printers","4","0","1"
"123226","Engineering Unlimited Inc","jringram@engunl.com","1320 12th Ave N","6125222829","6125224040","506328","Controls Control Systs/Regulators (Whol)","www.engunl.com"," Email <---> Revenue ","95664","Engineering Unlimited Inc","1320 12th Ave N","Minneapolis","MN","55411","Hennepin","www.engunl.com","6125224040","6125222829","Joe Werner","Owner","Mal","19740000","30","506328","Controls Con","4","0","1"
"196899","LSI Corp Of America","jstephenson@lsi-casework.com","2100 Xenium Ln N","7635594395","7635594664","243401","Cabinets-Manufacturers","www.lsi-casework.com"," Email <---> Revenue ","167177","LSI Corp Of America","2100 Xenium Ln N","Plymouth","MN","55441","Hennepin","www.lsi-casework.com","7635594664","7635594395","Gary Taylor","President","Mal","21500000","250","243401","Cabinets-Man","4","0","1"
"172729","Thiele Technologies Inc","julie.boreen@thieletech.com","810 Industrial Park Blvd","2187399370","2187393321","356502","Packaging Machinery-Manufacturers","www.thieletech.com"," Email <---> Revenue ","298419","Thiele Technologies Inc","810 Industrial Park Blvd","Fergus Falls","MN","56537","Otter Tail","www.thieletech.com","2187393321","2187399370","Art Devries","Manager","Mal","12060000","60","356502","Packaging Ma","4","0","1"
"181813","Tri Country Livestock Auction","J-Varner@tcla.com","PO Box B","2183526126","2183526546","515402","Livestock Auction Markets","NULL"," Email <---> Revenue ","305274","Tri Country Livestock Auction","Highway 210 W","Motley","MN","56466","Morrison","www.tcla.com","2183526546","2183526126","Joe Varner","Owner","Mal","15370000","10","515402","Livestock Au","4","0","1"
"200322","Simplexgrinnell","kdean@simplexgrinnell.com","5400 Nathan Ln N # 100","7633675002","7633675000","509903","Fire Extinguishers (Wholesale)","NULL"," Email <---> Revenue ","274648","Simplexgrinnell","5400 Nathan Ln N # 100","Minneapolis","MN","55442","Hennepin","","7633675000","7633675002","Dan Rasmussen","Owner","Mal","20760000","60","508734","Sprinklers-A","4","0","1"
"194942","Protient Inc","khanson@protient.com","1751 County Road B W # 200","6516970997","6516382600","514101","Food Products (Wholesale)","www.protient.com"," Email <---> Revenue ","241928","Protient Inc","1751 County Road B W # 200","Roseville","MN","55113","Ramsey","www.protient.com","6516382600","6516970997","David Lenzmeier","VP","Mal","20466000","18","514101","Food Product","4","0","1"
"173265","Us Commodities LLC","kmartin@agmotion.com","444 Cedar St # 1000","6512931721","6512931640","519111","Feed-Wholesale","www.agmotion.com"," Email <---> Revenue ","313013","Us Commodities LLC","444 Cedar St # 1000","St Paul","MN","55101","Ramsey","www.agmotion.com","6512931640","6512931721","Rolf Peters","Owner","Mal","23275000","35","519111","Feed-Wholesa","4","0","1"
"155145","Waymar Industries","kraigv@waymar.com","14400 Southcross Dr W","9524352900","9524357100","259903","Restaurant Equipment & Supplies-Mfrs","www.waymar.com"," Email <---> Revenue ","321757","Waymar Industries","14400 Southcross Dr W","Burnsville","MN","55306","Dakota","www.waymar.com","9524357100","9524352900","Bill Ziegler","President","Mal","12920000","85","259903","Restaurant E","4","0","1"
"146343","Advanced Masonry Restoration","Kromroy@advancedmasonry.com","2960 Yorkton Blvd","6517668016","6517668080","154101","Building Restoration & Preservation","NULL"," Email <---> Revenue ","7545","Advanced Masonry Restoration","2960 Yorkton Blvd","St Paul","MN","55117","Ramsey","www.advancedmasonry.com","6517668080","6517668016","Thomas Kromroy","President","Mal","15750000","50","154101","Building Res","4","0","1"
"141114","Lakeland Inc","lakeland@lakelandinc.com","1 Lakeland Dr","3206763400","3206763666","509107","Fishing Tackle-Wholesale","www.lakelandinc.com"," Email <---> Revenue ","168583","Lakeland Inc","1 Lakeland Dr","Isle","MN","56342","Mille Lacs","www.lakelandinc.com","3206763666","3206763400","La Roy A Luther","President","Mal","18450000","30","509107","Fishing Tack","4","0","1"
"82523","International Packaging Inc","leeh@internationalpackaging.com","8921 Wyoming Ave N","7633156201","7633156200","738988","Packaging Service","www.internationalpackaging.com"," Email <---> Revenue ","142564","International Packaging Inc","8921 Wyoming Ave N","Minneapolis","MN","55445","Hennepin","www.internationalpackaging.com","7633156200","7633156201","Jon Butkovich","CEO","Mal","11750000","125","738988","Packaging Se","4","0","1"
"212712","Sunday Reminder","letters@wctrib.com","2208 Trott Ave SW","3202356769","3202351150","731106","Advertising-Newspaper","www.wctrib.com"," Email <---> Revenue ","290450","Sunday Reminder","2208 Trott Ave SW","Willmar","MN","56201","Kandiyohi","www.wctrib.com","3202351150","3202356769","Steve Ammermann","Publisher","Mal","18170000","115","731106","Advertising-","4","0","1"
"156695","CRS Lawrence Svc","Levine@crslawrence.com","3555 Holly Ln N","NULL","7635096180","509908","Manufacturers-Agents & Representatives","NULL"," Email <---> Revenue ","45839","CRS Lawrence Svc","3555 Holly Ln N","Plymouth","MN","55447","Hennepin","www.crslawrence.com","7635096180","","Joel Levine","Owner","Mal","21712000","23","509908","Manufacturer","4","0","1"
"101567","Collins Electrical Systems Inc","lknutson@collisys.com","4990 Highway 169 N","7635356961","7635356000","173101","Electric Contractors","NULL"," Email <---> Revenue ","62017","Collins Electrical Systems Inc","4990 Highway 169 N","New Hope","MN","55428","Hennepin","www.collisys.com","7635356000","7635356961","Robert Gorg","President","Mal","15840000","120","173101","Electric Con","4","2","1"
"133524","Relco Unisystems Corp","lorencorle@relcounisystems.com","2281 3rd Ave SW","3202312282","3202312210","331212","Stainless Steel (Manufacturers)","www.relcounisystems.com"," Email <---> Revenue ","250913","Relco Unisystems Corp","2281 3rd Ave SW","Willmar","MN","56201","Kandiyohi","www.relcounisystems.com","3202312210","3202312282","Loren Corle","President","Mal","22860000","45","331212","Stainless St","4","0","1"
"205212","Loretel Systems","loretel@loretel.net","20 W Mill St","2188632552","2188636451","506516","Mobile Telephone Equip & Supls (Whol)","www.loretel.com"," Email <---> Revenue ","178682","Loretel Systems","20 W Mill St","Pelican Rapids","MN","56572","Otter Tail","www.loretel.com","2188636451","2188632552","Steve Katka","Manager","Mal","18180000","18","506516","Mobile Telep","4","0","1"
"66830","Tandem Products Inc","lyoung@tandemproducts.com","3444 Dight Ave","6127211009","6127212911","509905","Importers","NULL"," Email <---> Revenue ","295308","Tandem Products Inc","3444 Dight Ave","Minneapolis","MN","55406","Hennepin","www.tandemproducts.com","6127212911","6127211009","Nash Helmy","President","Mal","12000000","18","509905","Importers","4","0","1"
"167625","TLC Electronics","m.graber@tlcelectronics.com","18 Long Lake Rd","6514883246","6514882933","367901","Electronic Equipment & Supplies-Mfrs","www.tlcelectronics.com"," Email <---> Revenue ","294355","TLC Electronics","18 Long Lake Rd","St Paul","MN","55115","Washington","www.tlcelectronics.com","6514882933","6514883246","Rich Crofford","Owner","Mal","13440000","60","367901","Electronic E","4","0","1"
"139488","Impact Mailing & Fulfillment","Mark.Anderson@impactmailing.com","4600 Lyndale Ave N","6125211349","6125216245","733101","Mailing & Shipping Services","NULL"," Email <---> Revenue ","139841","Impact Mailing & Fulfillment","4600 Lyndale Ave N","Minneapolis","MN","55412","Hennepin","www.impactmailing.com","6125216245","6125211349","Mark Anderson","Owner","Mal","12420000","90","733101","Mailing & Sh","4","0","1"
"188446","Millar Co","mark.erickson@millarcompany.com","7300 Metro Blvd","9528380159","9528380159","509908","Manufacturers-Agents & Representatives","www.millarcompany.com"," Email <---> Revenue ","199028","Millar Co","7300 Metro Blvd","Minneapolis","MN","55439","Hennepin","www.millarcompany.com","9528380159","9528380159","Robert Bossman","Owner","Mal","11328000","12","509908","Manufacturer","4","0","1"
"192124","Foam Fabricators Of Minnesota","Mark@foamfabmn.net","3131 Fernbrook Ln N # 223","7635579701","7635578987","511308","Packaging Materials-Wholesale","NULL"," Email <---> Revenue ","106827","Foam Fabricators Of Minnesota","3131 Fernbrook Ln N # 223","Plymouth","MN","55447","Hennepin","www.foamfabmn.net","7635578987","7635579701","Mark Somers","President","Mal","24840000","30","511308","Packaging Ma","4","0","1"
"168462","Ni Co Plating","Mark@nico.com","PO Box 8209","6128224580","6128222185","347105","Plating (Manufacturers)","NULL"," Email <---> Revenue ","213135","Ni Co Plating","2929 1st Ave S","Minneapolis","MN","55408","Hennepin","www.nico.com","6128222185","6128224580","Mark Hawkley","President","Mal","12480000","120","347105","Plating (Man","4","0","1"
"75448","Vomela-Rainbow Division","MarkA@vomela.com","274 Fillmore Ave E","6512282295","6512282200","399302","Signs (Manufacturers)","NULL"," Email <---> Revenue ","317984","Vomela-Rainbow Division","274 Fillmore Ave E","St Paul","MN","55107","Ramsey","www.vomela.com","6512282200","6512282295","Mark Auth","Owner","Mal","22320000","180","399302","Signs (Manuf","4","0","1"
"191361","Sunrise Packaging Inc","martin@sunpack.com","9937 Goodhue St NE","7637852210","7637852505","308902","Plastics & Plastic Products (Mfrs)","www.sunpack.com"," Email <---> Revenue ","290786","Sunrise Packaging Inc","9937 Goodhue St NE","Blaine","MN","55449","Anoka","www.sunpack.com","7637852505","7637852210","Mark Hector","President","Mal","16400000","100","308902","Plastics & P","4","0","1"
"201064","Marketing Concepts","mary@marketingconcepts.com","506 James St.","3207966245","3207966036","874213","Marketing Programs & Services","chatforhelp.com"," Email <---> Revenue ","187209","Marketing Concepts","130 Lake Ave N","Spicer","MN","56288","Kandiyohi","www.marketingconcepts.com","3207966245","3207966036","Diane Buzzeo","Owner","Fem","13600000","80","874213","Marketing Pr","4","0","1"
"208953","Raydot Inc","maryr@raydot.com","145 Jackson Ave S","3202862104","3202862103","507514","Ventilating Equipment (Wholesale)","www.raydot.com"," Email <---> Revenue ","248128","Raydot Inc","145 Jackson Ave S","Cokato","MN","55321","Wright","www.raydot.com","3202862103","3202862104","Jon Nordman","Manager","Mal","15300000","30","507514","Ventilating ","4","0","1"
"151989","Town & Country Fence","MB@townandcountryfence.net","8511 Xylon Ave N","7634259006","7634255050","503903","Fence (Wholesale)","NULL"," Email <---> Revenue ","303672","Town & Country Fence","8511 Xylon Ave N","Brooklyn Park","MN","55445","Hennepin","www.townandcountryfence.com","7634255050","7634259006","Mike Bistodeau","Owner","Mal","10800000","30","503903","Fence (Whole","4","0","1"
"213128","Minneapolis Grain Exchange","mbagan@mgex.com","400 S 4th St # 130","6123391155","6123217101","622104","Commodity Brokers","www.mgex.com"," Email <---> Revenue ","200165","Minneapolis Grain Exchange","400 S 4th St # 130","Minneapolis","MN","55415","Hennepin","www.mgex.com","6123217101","6123391155","Mark Bagan","President","Mal","12845000","35","622104","Commodity Br","4","0","1"
"98702","Otter Sled","mdettwiler@otteroutdoors.com","411 Congress St W","3209636192","3209636480","594131","Fishing Tackle-Dealers","www.otteroutdoors.com"," Email <---> Revenue ","223870","Otter Sled","411 Congress St W","Maple Lake","MN","55358","Wright","www.otteroutdoors.com","3209636480","3209636192","Rick Johanneck","Owner","Mal","11840000","80","594131","Fishing Tack","4","0","1"
"210093","Soderholm & Assoc Inc","mhall@soderholmrep.com","7150 143rd Ave NW","7634275665","7634279635","509908","Manufacturers-Agents & Representatives","www.soderholmrep.com"," Email <---> Revenue ","277007","Soderholm & Assoc Inc","7150 143rd Ave NW","Anoka","MN","55303","Anoka","www.soderholmrep.com","7634279635","7634275665","Christopher Soderholm","President","Mal","12272000","13","509908","Manufacturer","4","0","1"
"203377","J & E/EARLL Manufacturing Co","mhansen@jeearllmfg.com","7925 215th St W","9524693950","9524693933","344403","Sheet Metal Fabricators","NULL"," Email <---> Revenue ","144437","J & E/EARLL Manufacturing Co","7925 215th St W","Lakeville","MN","55044","Dakota","www.jeearllmfg.com","9524693933","9524693950","Mike Hansen","President","Mal","13600000","85","344403","Sheet Metal ","4","0","1"
"144463","Mental Health Resources Inc","mhmail@mhresources.com","1821 University Ave W # N464","6516457307","6516592900","806301","Mental Health Services","www.mhresources.com"," Email <---> Revenue ","193625","Mental Health Resources Inc","1821 University Ave W # N464","St Paul","MN","55104","Ramsey","www.mhresources.com","6516592900","6516457307","Nancy Abramson","Executive Director","Fem","12150000","150","806301","Mental Healt","4","0","1"
"208909","Cash Register Sales Inc","moreinfo@crs-usa.com","4851 White Bear Pkwy","6127819418","6512942940","504412","Cash Registers & Supplies (Wholesale)","www.crs-usa.com"," Email <---> Revenue ","50361","Cash Register Sales Inc","4851 White Bear Pkwy","St Paul","MN","55110","Ramsey","www.crs-usa.com","6512942940","6127819418","David Sanders","Owner","Mal","16650000","50","504412","Cash Registe","4","0","1"
"128401","Security Products Co","mrafferty@securityproductscompany.com","4005 Pheasant Ridge Dr NE","7637842306","7637846504","506304","Security Control Equip & Systems-Whol","www.securityproductscompany.com"," Email <---> Revenue ","269542","Security Products Co","4005 Pheasant Ridge Dr NE","Minneapolis","MN","55449","Anoka","www.securityproductscompany.com","7637846504","7637842306","Dan Chastanet","President","Mal","11844000","18","506304","Security Con","4","0","1"
"38101","Cortec Corp","mrvic@cortecvci.com","4119 White Bear Pkwy","6514291122","6514291100","281998","Industrial Inorganic Chmcls Nec (Mfrs)","www.corteccorp.com"," Email <---> Revenue ","66263","Cortec Corp","4119 White Bear Pkwy","St Paul","MN","55110","Ramsey","www.corteccorp.com","6514291100","6514291122","","","","18900000","60","281998","Industrial I","4","0","1"
"180970","Pequot Tool & Mfg Inc","mshervey@pequottool.com","3457 Veterans St","2185684049","2185688069","359903","Machine Shops","www.pequottool.com"," Email <---> Revenue ","231241","Pequot Tool & Mfg Inc","3457 Veterans St","Jenkins","MN","56456","Crow Wing","www.pequottool.com","2185688069","2185684049","Karlo Goerges","President","Mal","11685000","95","359903","Machine Shop","4","0","1"
"147977","TALBERG LAWN LANDSCAPE INC.","mtalberg@talberg-lawn.com","11770 JUSTEN CIR","7634283550","7634283419","078204","Landscaping","septicsolutions.org"," Email <---> Revenue ","295045","Talberg Lawn & Landscape Inc","11770 Justen Cir","Maple Grove","MN","55369","Hennepin","","7634283550","7634283419","Mark Talberg","President","Mal","10500000","125","78206","Lawn & Groun","4","0","1"
"108352","North Central Door Co Corp","ncdsales@northcentraldoor.com","955 1st St E","2187510020","2187516962","243104","Doors-Manufacturers","www.northcentraldoor.com"," Email <---> Revenue ","215045","North Central Door Co Corp","955 1st St E","Bemidji","MN","56601","Beltrami","www.northcentraldoor.com","2187516962","2187510020","Steve Holley","Owner","Mal","13770000","81","243104","Doors-Manufa","4","0","1"
"209113","Nobles Cooperative Electric","nce@noblesce.com","22636 Us Highway 59","5073727331","5073727331","491101","Electric Companies","www.noblesce.com"," Email <---> Revenue ","213929","Nobles Cooperative Electric","22636 Us Highway 59","Worthington","MN","56187","Nobles","www.noblesce.com","5073727331","","Richard Burud","Manager","Mal","16016000","26","491101","Electric Com","4","0","1"
"184761","Institute For Environmental","NephewJ@ieainstitute.com","9201 W Broadway Ave # 600","7633157920","7635357721","873111","Environmental & Ecological Services","NULL"," Email <---> Revenue ","141565","Institute For Environmental","9201 W Broadway Ave # 600","Brooklyn Park","MN","55445","Hennepin","www.ieainstitute.com","7633157900","7633157920","Joan Nephew","President","Fem","14960000","85","873111","Environmenta","4","0","1"
"196207","Gage Marketing Group","netadmin@gage.com","10000 Hwy 55","6125953800","6125953863","5999","Marketing NEC","THELEEDEGROUP.COM^^TRAVELINGSPORTSMAN-HUNTING-FLY-FISHING-DEER-TURKEY^^TRAVELINGSPORTSMAN.COM^^TRAVE"," Email <---> Revenue ","111944","Gage Marketing Group","10000 Highway 55 # 100","Plymouth","MN","55441","Hennepin","","7635044600","7635404700","Skip Gage","Owner","Mal","20400000","120","874214","Marketing Co","4","0","1"
"199137","Citizens State Bank","onlinebanking@valleybank.net","320 Main St E","5073456996","5073624251","602201","State Commercial Banks","www.valleybanknorthmankato.com"," Email <---> Revenue ","58345","Citizens State Bank","320 Main St E","Waterville","MN","56096","Le Sueur","www.watervillebank.com","5073624251","5073628538","Thomas G Gross","President","Mal","24459000","12","602201","State Commer","4","0","1"
"212952","Service Lighting","order_support@servicelighting.com","11621 95th Ave N","7635718796","7635713001","506318","Light Bulbs & Tubes (Wholesale)","www.servicelighting.com"," Email <---> Revenue ","270647","Service Lighting","11621 95th Ave N","Maple Grove","MN","55369","Hennepin","www.servicelighting.com","7635713001","7635718796","Dave Mc Lellan","President","Mal","16450000","25","506318","Light Bulbs ","4","0","1"
"202766","Illbruck Acoustical Products","p.born@illbruck-elements.com","3800 Washington Ave N","6125888396","7635203620","174201","Acoustical Materials","www.illbruck-sonex.com"," Email <---> Revenue ","139435","Illbruck Acoustical Products","3800 Washington Ave N","Minneapolis","MN","55412","Hennepin","www.illbruck-sonex.com","7635203620","6125888396","Rob Huebsch","Owner","Mal","19980000","180","174201","Acoustical M","4","0","1"
"169553","Ness Electronics Inc","partsinfo@nesselectronics.com","2135 Energy Park Dr","5152655033","6516323920","506519","Electronic Equipment & Supplies-Whol","www.nesselectronics.com"," Email <---> Revenue ","211323","Ness Electronics Inc","2135 Energy Park Dr","St Paul","MN","55108","Ramsey","www.nesselectronics.com","6516323920","6516323931","Mike Ness","Owner","Mal","20200000","20","506519","Electronic E","4","0","1"
"30135","Teigen Paper & Supply","paulette@teigenpaper.com","113 S Main St","5075338943","5072889595","511101","Paper Products (Wholesale)","www.teigenpaper.com"," Email <---> Revenue ","296779","Teigen Paper & Supply","113 S Main St","Stewartville","MN","55976","Olmsted","www.teigenpaper.com","5072889595","5075338943","Bruce Teigen","Owner","Mal","18132000","12","511101","Paper Produc","4","0","1"
"89605","Northern Technologies Intl","pchenu@ntic.com","PO Box 69","6517842902","6517841250","289916","Rust Preventives-Manufacturers","NULL"," Email <---> Revenue ","216911","Northern Technologies Intl","6680 N Highway 49","Lino Lakes","MN","55014","Anoka","www.ntic.com","6517841250","6517842902","Philip M Lynch","CEO","Mal","10916000","46","289916","Rust Prevent","4","0","1"
"209574","Central-Mc Gowan Inc","peteb@centralmcgowan.com","123 Roosevelt Rd","3202527807","3202525292","508435","Welding Equipment & Supplies (Wholesale)","www.centralmcgowan.com"," Email <---> Revenue ","52967","Central-Mc Gowan Inc","123 Roosevelt Rd","St Cloud","MN","56301","Stearns","www.centralmcgowan.com","3202525292","3202527807","Jeff Skumautz","VP","Mal","21760000","40","508435","Welding Equi","4","0","1"
"199565","Minnesota Valley Testing Labs","potterness@mvtl.com","1126 N Front St","5153825486","5073548517","873402","Laboratories-Testing","www.mvtl.com"," Email <---> Revenue ","202361","Minnesota Valley Testing Labs","1126 N Front St","New Ulm","MN","56073","Brown","www.mvtl.com","5073548517","5073592890","Tom Berg","Owner","Mal","10200000","100","873402","Laboratories","4","0","1"
"207607","Ziegenbein Associate","pradcliff@ziegenbein.com","7200 Hudson Blvd N # 200","2483639501","6517394459","509908","Manufacturers-Agents & Representatives","www.ziegenbein.com"," Email <---> Revenue ","332875","Ziegenbein Associate","7200 Hudson Blvd N # 200","St Paul","MN","55128","Washington","www.ziegenbein.com","6517394459","6517394456","Mike Perry","VP","Mal","11328000","12","509908","Manufacturer","4","0","1"
"988","Minneapolis Ragstock Co Inc","ragstock@ragstock.com","830 N 7th St","6123338520","6123338520","593226","Second Hand Stores","www.ragstock.com"," Email <---> Revenue ","200296","Minneapolis Ragstock Co Inc","830 N 7th St","Minneapolis","MN","55411","Hennepin","www.ragstock.com","6123338520","6123333467","Mike Finn","President","Mal","10678000","87","593226","Second Hand ","4","0","1"
"206768","Irresistible Inc","rchampaigne@irresistibleink.com","1313 Fairgrounds Rd","2188345477","2188346077","733101","Mailing & Shipping Services","www.irresistibleink.com"," Email <---> Revenue ","143509","Irresistible Inc","1313 Fairgrounds Rd","Two Harbors","MN","55616","Lake","www.irresistibleink.com","2188346077","2188345477","","","","10350000","75","733101","Mailing & Sh","4","0","1"
"65830","RFA Mn Engineering","reserve@rfamec.com","11495 Valley View Rd","9529412995","9528432700","871125","Engineers-Mechanical","www.rfamec.com"," Email <---> Revenue ","245554","RFA Mn Engineering","11495 Valley View Rd","Eden Prairie","MN","55344","Hennepin","www.rfamec.com","9528432700","9529412995","Jon Ness","Manager","Mal","15800000","100","871125","Engineers-Me","4","0","1"
"178343","Hermes Wholesale","retail@hermesfloral.com","1790 Larpenteur Ave W","6516464890","6516466344","519304","Florists-Wholesale","www.hermesfloral.com"," Email <---> Revenue ","131531","Hermes Wholesale","1790 Larpenteur Ave W","St Paul","MN","55113","Ramsey","www.hermesfloral.com","6516466344","6516464890","Donald Hermes","Owner","Mal","21900000","100","519304","Florists-Who","4","0","1"
"193311","Mycogen Seeds","rheine@dow.com","2220 W Lincoln Ave","6086352206","3205231331","526129","Seeds & Bulbs-Retail","www.mycogen.com"," Email <---> Revenue ","208020","Mycogen Seeds","2220 W Lincoln Ave","Olivia","MN","56277","Renville","www.mycogen.com","3205231331","3205235486","Richard Larsen","Manager","Mal","10665000","79","526129","Seeds & Bulb","4","0","1"
"58154","H & F Mfg","richf@hfmfg.com","8949 Zachary Ln N","7634939182","7634935606","344403","Sheet Metal Fabricators","NULL"," Email <---> Revenue ","123490","H & F Mfg","8949 Zachary Ln N","Maple Grove","MN","55369","Hennepin","www.hfmfg.com","7634935606","7634939182","Rich Farniok Sr","Owner","Mal","10950000","75","171103","Sheet Metal ","4","0","1"
"136794","Minnesota Supply Co","rmorris@mnsupply.com","6470 Flying Cloud Dr","9528287301","9528287300","508457","Trucks-Industrial (Wholesale)","www.mnsupply.com"," Email <---> Revenue ","202168","Minnesota Supply Co","6470 Flying Cloud Dr","Eden Prairie","MN","55344","Hennepin","www.mnsupply.com","9528287300","9528287301","John Stromsness","President","Mal","19500000","120","508457","Trucks-Indus","4","0","1"
"7802","Rolco Inc","rolco@rolcoinc.com","946 Hill St","5079316264","5079314525","308901","Mold Makers","www.rolcoinc.com"," Email <---> Revenue ","258695","Rolco Inc","946 Hill St","Kasota","MN","56050","Le Sueur","www.rolcoinc.com","5079314525","5079316264","Helen Olson","President","Fem","16400000","100","308901","Plastics-Mol","4","0","1"
"81445","Klesk Metal Stamping Co","ronk@kleskmetalstamping.com","1124 Stinson Blvd","6123313022","6123318792","346904","Metal Stamping (Manufacturers)","www.kleskmetalstamping.com"," Email <---> Revenue ","163580","Klesk Metal Stamping Co","1124 Stinson Blvd","Minneapolis","MN","55413","Hennepin","www.kleskmetalstamping.com","6123318792","6123313022","Dick Klesk","Owner","Mal","17300000","100","346904","Metal Stampi","4","0","1"
"20240","Mikros Engineering Inc","ross@mikros.com","8755 Wyoming Ave N","7634243913","7634244642","308901","Mold Makers","www.mikros.com"," Email <---> Revenue ","198725","Mikros Engineering Inc","8755 Wyoming Ave N","Brooklyn Park","MN","55445","Hennepin","www.mikros.com","7634244642","7634243913","James Talmage","Owner","Mal","16400000","100","308901","Plastics-Mol","4","0","1"
"160007","RDM Of Minnesota","Ross@rdmofminnesota.com","PO Box 669","5073742641","5073742670","179104","Metal Fabricators","NULL"," Email <---> Revenue ","245394","RDM Of Minnesota","703 1st Ave SE","Dodge Center","MN","55927","Dodge","","5073742670","5076339393","Dennis Ross","Owner","Mal","13230000","90","179104","Metal Fabric","4","0","1"
"201918","Sparboe Summit Farms","R-Sparboe@sparboe.com","PO Box 961","3206938594","3206932431","514403","Eggs (Wholesale)","NULL"," Email <---> Revenue ","279117","Sparboe Summit Farms","35 E 4th St","Litchfield","MN","55355","Meeker","www.sparboe.com","3206932431","3206938594","Robert Sparboe","Owner","Mal","20240000","20","514403","Eggs (Wholes","4","0","1"
"179477","Crown Extrusions","Russ@crownextrusions.com","122 Columbia Ct","9524485328","9524483533","335498","Aluminum Extruded Products (Mfrs)","NULL"," Email <---> Revenue ","70024","Crown Extrusions","122 Columbia Ct","Chaska","MN","55318","Carver","www.crownextrusions.com","9524483533","9524485328","Russ Schumer","President","Mal","13250000","50","335498","Aluminum Ext","4","0","1"
"3070","Leaders Manufacturing Inc","sailaway@centurytel.net","800 19th Ave SW","3202313863","3202313897","329102","Abrasive Products (Manufacturers)","www.animaashi.com"," Email <---> Revenue ","172265","Leaders Manufacturing Inc","800 19th Ave SW","Willmar","MN","56201","Kandiyohi","www.animaashi.com","3202313897","3202313863","Bruce Torell","Owner","Mal","20475000","75","329102","Abrasive Pro","4","0","1"
"201058","Midwest Wireless Civic Ctr","sanderson@midwestwirelessciviccenter.com","1 Civic Center Plz","5073893000","5073893000","799701","Recreation Centers","www.midwestwirelessciviccenter.com"," Email <---> Revenue ","198044","Midwest Wireless Civic Ctr","1 Civic Center Plz","Mankato","MN","56001","Blue Earth","www.midwestwirelessciviccenter.com","5073893000","5073451627","Burt Lyman","CEO","Mal","20300000","350","799701","Recreation C","4","0","1"
"143507","Goldleaf Plastics","SandyB@goldleafplastics.com","PO Box 310","3202539607","3202528810","308906","Plastics-Fabricating/Finish/Decor-Mfrs","NULL"," Email <---> Revenue ","118008","Goldleaf Plastics","2330 County Road 137","Waite Park","MN","56387","Stearns","www.goldleafplastics.com","3202528810","3202539607","Dan Berling","Owner","Fem","11480000","70","308906","Plastics-Fab","4","0","1"
"206097","Ag Partners Co-Op","sbellcock@agpartners.com","101 Broadway","7122886131","6519234496","422101","Grain Elevators","www.agpartners.com"," Email <---> Revenue ","8540","Ag Partners Co-Op","101 Broadway","Goodhue","MN","55027","Goodhue","www.agpartners.com","6519234496","6519234064","Greg Schwanbeck","Manager","Mal","17600000","100","422101","Grain Elevat","4","0","1"
"178956","National Polymers","scoops@nationalmeasures.com","7920 215th St W","9524692051","9524694977","308902","Plastics & Plastic Products (Mfrs)","www.nationalmeasures.com"," Email <---> Revenue ","209792","National Polymers","7920 215th St W","Lakeville","MN","55044","Dakota","www.nationalmeasures.com","9524694977","9524692051","Dennis Anderson","President","Mal","24600000","150","308902","Plastics & P","4","0","1"
"183753","House of Print","scott@4hop.com","RR 9 Box 242","5076423297","5076423192","275998","Commercial Printing Nec","4HOP.COM;4HOP.NET"," Email <---> Revenue ","136925","House Of Print","322 Benzel Ave SW","Madelia","MN","56062","Watonwan","www.4hop.net","5076423297","5076423192","Dave Mc Clellan","Manager","Mal","15960000","105","275202","Printers","4","0","1"
"19993","Ace Electrical Contractors Inc","servicemanager-mn@aceelectrical.net","5465 Highway 169 N","7636948888","7636948800","173101","Electric Contractors","www.aceelectrical.net"," Email <---> Revenue ","5969","Ace Electrical Contractors Inc","5465 Highway 169 N","Plymouth","MN","55442","Hennepin","www.aceelectrical.net","7636948800","7636948888","Gary Gniffke","Owner","Mal","10560000","80","173101","Electric Con","4","2","1"
"189904","Pioneer Rim & Wheel Co","shannon.myogeto@pioneerwheel.com","2500 Kennedy St NE","6123314159","6123311311","501313","Automobile Parts & Supplies-Wholesale","www.pioneerwheel.com"," Email <---> Revenue ","235173","Pioneer Rim & Wheel Co","2500 Kennedy St NE","Minneapolis","MN","55413","Hennepin","www.pioneerwheel.com","6123311311","6123314159","John Cousins","President","Mal","15680000","35","501313","Automobile P","4","0","1"
"129130","Sis Enterprises","ShariH@dap-inc.com","6707 Shingle Creek Pkwy # 100","7637891170","7637890956","239902","Sewing Contractors","NULL"," Email <---> Revenue ","274939","Sis Enterprises","6707 Shingle Creek Pkwy # 100","Minneapolis","MN","55430","Hennepin","","7637890956","7637891170","Shari Hammer","Owner","Fem","10570000","70","239902","Sewing Contr","4","0","1"
"153358","Sia CAPCO","sia.capco@sia-abrasives.com","900 Lund Blvd","7634273127","7634272468","329102","Abrasive Products (Manufacturers)","www.capco-abr.com"," Email <---> Revenue ","273661","Sia CAPCO","900 Lund Blvd","Anoka","MN","55303","Anoka","www.capco-abr.com","7634272468","7634273127","Guy Hebert","Manager","Mal","10920000","40","329102","Abrasive Pro","4","0","1"
"119370","Sil-Pro","silpro@andersonmadisonadvertising.com","740 7th St S # 2","7639722096","7639729206","384101","Surgical Instruments-Manufacturers","www.sil-pro.com"," Email <---> Revenue ","274152","Sil-Pro","740 7th St S # 2","Delano","MN","55328","Wright","www.sil-pro.com","7639729206","7639722096","Lee Carver","Owner","Mal","15680000","70","384101","Surgical Ins","4","0","1"
"170055","Phar Merica Inc","solutions@pharmerica.com","5255 E River Rd # 201","5865738518","7635712220","591205","Pharmacies","www.pharmerica.com"," Email <---> Revenue ","233153","Phar Merica Inc","5255 E River Rd # 201","Fridley","MN","55421","Anoka","www.pharmerica.com","7635712220","7635728011","Jeff Benson","Manager","Mal","21960000","120","591205","Pharmacies","4","2","1"
"146293","Glewwe Doors Inc","spec@glewwedoors.com","935 Apollo Rd","6514569956","6514569194","503117","Door Frames (Wholesale)","www.glewwedoors.com"," Email <---> Revenue ","116906","Glewwe Doors Inc","935 Apollo Rd","Eagan","MN","55121","Dakota","www.glewwedoors.com","6514569194","6514569956","Dave Dirtzu","President","Mal","21180000","30","503117","Door Frames ","4","0","1"
"212218","Professional Instruments Co","ssanner@airbearings.com","7800 Powell Rd","9529333315","9529331222","508525","Bearings (Wholesale)","www.airbearings.com"," Email <---> Revenue ","241188","Professional Instruments Co","7800 Powell Rd","Minnetonka","MN","55343","Hennepin","www.airbearings.com","9529331222","9529333315","James Arneson","President","Mal","17100000","30","508525","Bearings (Wh","4","0","1"
"151537","Quantum Labs Inc","stef@quantumlabs.com","452 Northco Dr # 180","7635713299","7635451984","504719","Dental Equipment & Supplies-Wholesale","www.quantumlabs.com"," Email <---> Revenue ","243560","Quantum Labs Inc","452 Northco Dr # 180","Minneapolis","MN","55432","Anoka","www.quantumlabs.com","7635451984","7635713299","Michael Stefanson","President","Mal","17940000","30","504719","Dental Equip","4","0","1"
"111401","Floe International","steve@floeintl.com","HC 4 Box 131 - Hwy 65 North","2184351525","null","738999","Business Services Nec","FLOEINTL.COM"," Email <---> Revenue ","106326","Floe International","48473 State Highway 65","Mcgregor","MN","55760","Aitkin","","2184263563","2184264355","Wayne Floe","Owner","Mal","15920000","80","379201","Trailer-Manu","4","0","1"
"132974","ICA","Steve@icacorp.com","12130 Brockton Ln N","7634284230","7634282800","344403","Sheet Metal Fabricators","NULL"," Email <---> Revenue ","138823","ICA","12130 Brockton Ln N","Maple Grove","MN","55369","Hennepin","www.icacorp.com","7634282800","7634284230","Steve Hoaglund","President","Mal","10950000","75","171103","Sheet Metal ","4","0","1"
"201220","Drew Pearson Marketing","Steve-Enquist@drewpearson.com","11199 Excelsior Blvd","9529336232","9529394900","235303","Hats Caps & Millinery (Manufacturers)","NULL"," Email <---> Revenue ","87539","Drew Pearson Marketing","11199 Excelsior Blvd","Hopkins","MN","55343","Hennepin","www.drewpearson.com","9529394900","9529336232","Steve Enquist","Owner","Mal","10950000","150","235303","Hats Caps & ","4","0","1"
"142872","Thorud Inc","stevet@thorudinc.com","10501 Hampshire Ave S","9529969021","9529969020","359903","Machine Shops","www.thorudinc.com"," Email <---> Revenue ","299503","Thorud Inc","10501 Hampshire Ave S","Bloomington","MN","55438","Hennepin","www.thorudinc.com","9529969020","9529969021","Steve Thorud","President","Mal","10455000","85","359903","Machine Shop","4","0","1"
"91411","Sunopta Aseptic","susan.wiekenkamp@sunopta.com","3915 Minnesota St","3207627916","3207639822","204105","Food Products-Reconditioning","www.sunopta.com"," Email <---> Revenue ","290677","Sunopta Aseptic","3915 Minnesota St","Alexandria","MN","56308","Douglas","www.sunopta.com","3207639822","3207627916","Paul Empanger","VP","Mal","24600000","30","204105","Food Product","4","0","1"
"198963","Northern Air Corp","swhitfield@northernaircorp.com","75 S Owasso Blvd W","6514901636","6514909868","171102","Heating Contractors","NULL"," Email <---> Revenue ","216189","Northern Air Corp","75 S Owasso Blvd W","Little Canada","MN","55117","Ramsey","","6514909868","6514901636","Terry Gaetke","Owner","Mal","16060000","110","171102","Heating Cont","4","0","1"
"11669","Morrissey Inc","tanderson@morrisseyinc.com","9304 Bryant Ave S","9528883915","9528884675","346904","Metal Stamping (Manufacturers)","www.morrisseyinc.com"," Email <---> Revenue ","205731","Morrissey Inc","9304 Bryant Ave S","Bloomington","MN","55420","Hennepin","www.morrisseyinc.com","9528884675","9528883915","Dave Mealman","Owner","Mal","17300000","100","346904","Metal Stampi","4","0","1"
"167655","Hallmark Building Supplies Inc","taz@blastradius.com","640 Taft St NE","7063534767","6123624555","503114","Building Materials-Wholesale","www.nucraftdental.com"," Email <---> Revenue ","125282","Hallmark Building Supplies Inc","640 Taft St NE","Minneapolis","MN","55413","Hennepin","www.hllmark.com","6123624555","6123624501","Brian Lienke","Manager","Mal","14120000","20","503114","Building Mat","4","0","1"
"178840","Electric Motor Supply Co-Emsco","tbullock@emscomn.com","4650 Main St NE","7635719184","7635719005","506329","Electric Equipment-Used (Wholesale)","www.emscomn.com"," Email <---> Revenue ","93562","Electric Motor Supply Co-Emsco","4650 Main St NE","Fridley","MN","55421","Anoka","www.emscomn.com","7635719005","7635719184","Scott Bullock","Owner","Mal","16450000","25","506329","Electric Equ","4","0","1"
"156986","Skyway Event Svc","Ted.Ewing@skywayevents.com","1809 E Hennepin Ave","6127895271","6127895152","735905","Camping Equipment-Renting","NULL"," Email <---> Revenue ","275610","Skyway Event Svc","1809 E Hennepin Ave","Minneapolis","MN","55413","Hennepin","www.skywayevents.com","6127895152","6127895271","Ted Ewing","President","Mal","13542000","74","735905","Camping Equi","4","0","1"
"148578","Minnesota Power","ternst@mnpower.com","5699 Colby Lake Rd","2182252428","2182252428","491101","Electric Companies","www.mnpower.com"," Email <---> Revenue ","201844","Minnesota Power","5699 Colby Lake Rd","Hoyt Lakes","MN","55750","St Louis","www.mnpower.com","2182252154","2182252428","Jay Shaw","Manager","Mal","24640000","40","491101","Electric Com","4","0","1"
"211406","Bennerotte Marketing Agency","terri@bmarep.com","14332 21st Ave N # 200","7635447084","7635448611","505107","Pipe-Wholesale","www.bmarep.com"," Email <---> Revenue ","30341","Bennerotte Marketing Agency","14332 21st Ave N # 200","Minneapolis","MN","55447","Hennepin","www.bmarep.com","7635448611","7635447084","Stuart Bennerotte","Owner","Mal","10470000","10","505107","Pipe-Wholesa","4","0","1"
"139884","Rick's Towing & Auto Sales Inc","terry@littlefalls.net","124 Us Highway 10 # 92","3205848040","3205845586","551103","Automobile Dealers-Used Cars","www.ricksrepairables.com"," Email <---> Revenue ","253805","Rick's Towing & Auto Sales Inc","124 Us Highway 10 # 92","Royalton","MN","56373","Morrison","www.ricksrepairables.com","3205845586","3205848040","Rick Kowalczyk","Owner","Mal","10352000","16","551103","Automobile D","4","1","1"
"204536","R E Purvis & Assoc","tfudally@repurvis.com","6667 W Old Shakopee Rd # 107","9528295838","9528295532","507211","Seals-O-Ring (Wholesale)","www.repurvis.com"," Email <---> Revenue ","244680","R E Purvis & Assoc","6667 W Old Shakopee Rd # 107","Bloomington","MN","55438","Hennepin","www.repurvis.com","9528295532","9528295838","Robert E Purvis","Owner","Mal","14504000","28","507211","Seals-O-Ring","4","0","1"
"18324","Acrotech Midwest","thoudeshell@acrotechplastics.com","21297 County Road 59","2185465115","2185465115","308902","Plastics & Plastic Products (Mfrs)","www.acrotechplastics.com"," Email <---> Revenue ","6361","Acrotech Midwest","21297 County Road 59","Riverton","MN","56455","Crow Wing","www.acrotechplastics.com","2185465115","2185461200","Bob Levy","President","Mal","24600000","150","308902","Plastics & P","4","0","1"
"209341","KGP Telecommunications","tjputrah@kgptel.com","2501 Morristown Blvd","9135991700","5073342268","599904","Telephone Equipment & Supplies","www.kgptel.com"," Email <---> Revenue ","157512","KGP Telecommunications","2501 Morristown Blvd","Faribault","MN","55021","Rice","www.kgptel.com","5073342268","5073342177","Kathleen G Putrah","Owner","Fem","10050000","75","599904","Telephone Eq","4","0","1"
"185626","PAR Systems","tmaroushek@par.com","899 Highway 96 W","6514832689","6514847261","359998","Indstrl/Coml Machinery/Equip Nec (Mfrs)","www.par.com"," Email <---> Revenue ","225290","PAR Systems","899 Highway 96 W","Shoreview","MN","55126","Ramsey","www.par.com","6514847261","6514832689","Mark Wrightsman","President","Mal","23370000","190","359998","Indstrl/Coml","4","0","1"
"206068","Power Electric","tpula@powerelectric.com","2950 Niagara Ln N","7635531242","7635531242","506331","Electric Motors-Distributors","www.powerelectric.com"," Email <---> Revenue ","237782","Power Electric","2950 Niagara Ln N","Plymouth","MN","55447","Hennepin","www.powerelectric.com","7635531090","7635531242","Richard Pula","Owner","Mal","13160000","20","506331","Electric Mot","4","0","1"
"159961","Cardiac Science Corp","training@cardiacscience.com","5474 Feltl Rd","9499517315","9529394181","384598","Electromedical/Therapeutic Apprts (Mfrs)","www.cardiacscience.com"," Email <---> Revenue ","48059","Cardiac Science Corp","5474 Feltl Rd","Hopkins","MN","55343","Hennepin","www.cardiacscience.com","9529394181","9529394191","Mike Kenison","Manager","Mal","17520000","60","384598","Electromedic","4","0","1"
"114569","Mattracks","twollin@mattracks.com","202 Cleveland Ave E","2184367500","2184367000","501302","Truck Equipment & Parts-Wholesale","www.mattracks.com"," Email <---> Revenue ","189820","Mattracks","202 Cleveland Ave E","Karlstad","MN","56732","Kittson","www.mattracks.com","2184367000","2184367500","Glen Brazier","Owner","Mal","13440000","30","501302","Truck Equipm","4","0","1"
"94950","Hyde Oil Co","unitedlubesweb@growmark.com","317 5th St SE","5078255205","5078255225","517214","Oils-Lubricating-Wholesale","www.unitedlubes.com"," Email <---> Revenue ","138453","Hyde Oil Co","317 5th St SE","Pipestone","MN","56164","Pipestone","www.unitedlubes.com","5078255225","5078255205","Dave Hoss","Manager","Mal","20124000","6","517214","Oils-Lubrica","4","0","1"
"164618","Johnson Radio Communications","username@tmail.com","660 Transfer Rd","9528080087","6516456471","506504","Radio Communication Equip & Systems-Whol","www.allstarwireless.com"," Email <---> Revenue ","154478","Johnson Radio Communications","660 Transfer Rd","St Paul","MN","55114","Ramsey","www.johnsonradio.com","6516456471","6519174262","Larry Sedgewick","Owner","Mal","10100000","10","506504","Radio Commun","4","0","1"
"138994","Total Tool Supply Inc","wausau@totaltool.com","315 Pierce St N","6516464055","6516464055","335706","Wire Rope-Manufacturers","www.totaltool.com"," Email <---> Revenue ","303359","Total Tool Supply Inc","315 Pierce St N","St Paul","MN","55104","Ramsey","www.totaltool.com","6516464055","6516468610","Doug Jordan","Owner","Mal","12700000","100","335706","Wire Rope-Ma","4","0","1"
"204390","Creative Banner Assemblies","webdeveloper@creativebanner.com","2730 Nevada Ave N","7635668031","7635661118","599906","Banners","www.creativebanner.com"," Email <---> Revenue ","68638","Creative Banner Assemblies","2730 Nevada Ave N","Minneapolis","MN","55427","Hennepin","www.creativebanner.com","7635661118","7635668031","Dennis Flaherty","Owner","Mal","10050000","75","599906","Banners","4","0","1"
"47679","Hayfield Window & Door Co","websitecontactform@hayfieldwindows.com","1 Industrial Rd","5074773605","5074773224","344202","Windows-Manufacturers","www.hayfieldwindows.com"," Email <---> Revenue ","128394","Hayfield Window & Door Co","1 Industrial Rd","Hayfield","MN","55940","Dodge","www.hayfieldwindows.com","5074773224","5074773605","Richard Rouhoff","Owner","Mal","24640000","140","344202","Windows-Manu","4","0","1"
"138946","E Weinberg Supply & Equipment","Weinberg@weinbergsupply.com","7434 W 27th St","9529202911","9529200888","508726","Laundry Equipment (Wholesale)","NULL"," Email <---> Revenue ","89455","E Weinberg Supply & Equipment","7434 W 27th St","St Louis Park","MN","55426","Hennepin","www.weinbergsupply.com","9529200888","9529202911","David Weinberg","President","Mal","10380000","30","508726","Laundry Equi","4","0","1"
"129553","Wenck Assoc","wenckmp@wenck.com","1800 Pioneer Creek Ctr","7634794242","7634794200","871120","Engineers-Environmental","www.wenck.com"," Email <---> Revenue ","323546","Wenck Assoc","1800 Pioneer Creek Ctr","Maple Plain","MN","55359","Hennepin","www.wenck.com","7634794200","7634794242","Norman Wenck","Manager","Mal","12956000","82","871120","Engineers-En","4","0","1"
"207768","Biotest Laboratory","wendy@biotestlabs.com","8990 Springbrook Dr NW # 100","7637859054","7637852414","384104","Physicians & Surgeons Equip & Supls-Mfrs","www.biotestlabs.com"," Email <---> Revenue ","33567","Biotest Laboratory","8990 Springbrook Dr NW # 100","Coon Rapids","MN","55433","Anoka","www.biotestlabs.com","7637852414","7637859054","Gregg Mosley","President","Mal","12320000","55","384104","Physicians &","4","0","1"
"133247","Midwest Medical Equipment","Wendy@medequip.com","4418 Haines Rd # 1200","2187206158","2187223420","504712","Hospital Equipment & Supplies (Whol)","NULL"," Email <---> Revenue ","197663","Midwest Medical Equipment","4418 Haines Rd # 1200","Duluth","MN","55811","St Louis","","2187223420","2187206158","Wendy Purdiak","Owner","Fem","17940000","30","504712","Hospital Equ","4","0","1"
"40037","Whirl Air Flow","whirlair@whirlair.com","20055 177th St","7632621212","7632621200","508456","Tools-Pneumatic (Wholesale)","www.whirlair.com"," Email <---> Revenue ","325344","Whirl Air Flow","20055 177th St","Big Lake","MN","55309","Sherburne","www.whirlair.com","7632621200","7632621212","E Mueller","President","Mal","16320000","30","508456","Tools-Pneuma","4","0","1"
"204087","Kruger Inc","wkruger@kruger.com","2366 7th St W","6516999577","6516991356","514802","Potatoes-Wholesale","NULL"," Email <---> Revenue ","165687","Kruger Inc","2366 7th St W","St Paul","MN","55116","Ramsey","","6516991356","6516999577","William J Kruger","President","Mal","11020000","20","514802","Potatoes-Who","4","0","1"
"204426","Tea Source","WWaddington@teasource.com","2908 Pentagon Dr # St","NULL","6127884842","549915","Coffee & Tea","NULL"," Email <---> Revenue ","296120","Tea Source","2908 Pentagon Dr # St","Minneapolis","MN","55418","Hennepin","www.teasource.com","6127884842","6127881782","William Waddington","Owner","Mal","12660000","15","514926","Tea-Wholesal","4","0","1"
