mail id,company,email,address,phone,fax,sic,sic description,web,,revenue id,company,address,city,state,zip,	metro,web,phone,fax,contact,position,gender,sales,# of employee,sic,sic_descrpiton,	,,
"126353","Minnwest Bank Central","mvbcustservice@minnwestbankgroup.com","107 N 1st St","3208393287","3202696565","602201","State Commercial Banks","www.minnwestbank.com"," Email <---> Revenue ","202803","Minnwest Bank Central","107 N 1st St","Montevideo","MN","56265","Chippewa","www.minnwestbank.com","3202696565","3202692532","Scot Nelson","President","Mal","84382000","0","602201","State Commer","6","0","1"
"101164","Sick Inc","rolf.agner@sick.com","6900 W 110th St","9529419287","9529416780","508522","Industrial Equipment & Supplies (Whol)","www.sickusa.com"," Email <---> Revenue ","273703","Sick Inc","6900 W 110th St","Bloomington","MN","55438","Hennepin","www.sickusa.com","9529416780","9529419287","Alberto Bertomeu","President","Mal","91200000","160","508522","Industrial E","6","0","1"
"195163","Avery Weigh-Tronix Inc","usinfo@awtxglobal.com","1000 Armstrong Dr","5072384195","5072384461","359601","Scales-Manufacturers","www.weigh-tronix.com"," Email <---> Revenue ","24034","Avery Weigh-Tronix Inc","1000 Armstrong Dr","Fairmont","MN","56031","Martin","www.weigh-tronix.com","5072384461","5072384195","Gene Tonne","Plant Mgr","Mal","73200000","400","359601","Scales-Manuf","6","0","1"
"108331","Fabcon Inc","michael.lejeune@fabcon-usa.com","6111 Highway 13 W","9528906657","9528904444","327201","Concrete-Prestressed (Manufacturers)","NULL"," Email <---> Revenue ","99488","Fabcon Inc","6111 Highway 13 W","Savage","MN","55378","Scott","www.fabcon-usa.com","9528904444","9528906657","Michael Lejeune","CEO","Mal","39800000","275","327201","Concrete-Pre","5","0","1"
"130460","Ameri-Star Lighting","sborder@netins.net","15265 Minnetonka Blvd","3196472776","9529448387","506318","Light Bulbs & Tubes (Wholesale)","www.budgetlighting.com"," Email <---> Revenue ","13428","Ameri-Star Lighting","15265 Minnetonka Blvd","Minnetonka","MN","55345","Hennepin","www.budgetlighting.com","9529448387","","Mike Tompkins","Owner","Mal","39480000","60","506318","Light Bulbs ","5","0","1"
"143455","REGULUS","web.mail@regulusgroup.com","1350 Energy Ln # 200","5152701710","6519175440","609910","Money Transfer Service","www.regulusgroup.com"," Email <---> Revenue ","245445","REGULUS","1350 Energy Ln # 200","St Paul","MN","55108","Ramsey","www.regulusgroup.com","6519175440","6519175499","Debbie Entglemeier","Manager","Fem","36575000","175","609910","Money Transf","5","0","1"
"167471","Print Craft","comments@printcraft.com","315 5th Ave NW","6516331862","6516338122","275998","Commercial Printing Nec","www.printcraft.com"," Email <---> Revenue ","240112","Print Craft","315 5th Ave NW","New Brighton","MN","55112","Ramsey","www.printcraft.com","6516338122","6516331862","Bill Calengor","President","Mal","25025000","175","275998","Commercial P","5","0","1"
"132077","Moorhead Public Svc","mps@mpsutility.com","500 Center Ave # 2","2182995193","2182995400","491101","Electric Companies","www.mpsutility.com"," Email <---> Revenue ","205065","Moorhead Public Svc","500 Center Ave # 2","Moorhead","MN","56560","Clay","www.mpsutility.com","2182995400","2182995193","David Kahly","Manager","Mal","32032000","52","491101","Electric Com","5","0","1"
"7970","Meridan Behavioral Health Ntwk","susan@katzandmaus.com","1706 University Ave W","6516450959","6516453661","839901","Drug Abuse & Addiction Info & Treatment","www.meridiannetwork.com"," Email <---> Revenue ","193814","Meridan Behavioral Health Ntwk","1706 University Ave W","St Paul","MN","55104","Ramsey","www.meridiannetwork.com","6516453661","6516450959","Michael Bundy","Manager","Mal","32250000","150","839901","Drug Abuse &","5","0","1"
"203598","Atlas Manufacturing","jayson.olson@atlasmfg.com","2950 Weeks Ave SE","6123311295","6123312566","344403","Sheet Metal Fabricators","www.atlasmfg.com"," Email <---> Revenue ","22531","Atlas Manufacturing","2950 Weeks Ave SE","Minneapolis","MN","55414","Hennepin","www.atlasmfg.com","6123312566","6123311295","Mark Engel","President","Mal","44100000","100","344403","Sheet Metal ","5","0","1"
"48468","Winona Lighting Custom Div","SBiesanz@winonalighting.com","PO Box 1205","5074544806","5074545113","364504","Lighting Fixtures-Manufacturers","NULL"," Email <---> Revenue ","328546","Winona Lighting Custom Div","3760 W 4th St","Winona","MN","55987","Winona","www.winonalighting.com","5074545113","5074544806","Steve Biesanz","President","Mal","25950000","150","364504","Lighting Fix","5","0","1"
"122231","Upsher-Smith Laboratories Inc","uslinfo@upsher-smith.com","14905 23rd Ave N","7633152001","7634734412","283404","Drug Millers","www.upsher-smith.com"," Email <---> Revenue ","312741","Upsher-Smith Laboratories Inc","14905 23rd Ave N","Plymouth","MN","55447","Hennepin","www.upsher-smith.com","7634734412","7633152001","Bob Clark","Plant Mgr","Mal","35000000","250","283404","Drug Millers","5","0","1"
"196036","WLTE","chris.kalis@cbsradio.com","625 2nd Ave S # 550","6123395653","6123391029","483201","Radio Stations & Broadcasting Companies","www.wlte.com"," Email <---> Revenue ","318660","WLTE","625 2nd Ave S # 550","Minneapolis","MN","55402","Hennepin","www.wlte.com","6123391029","6123395653","Dick Carlson","President","Mal","11000000","100","483201","Radio Statio","4","0","1"
"196701","Natural Fertilizer","help@sustane.com","310 Holiday Ave E","5072633029","5072633003","287301","Fertilizers-Manufacturers","www.sustane.com"," Email <---> Revenue ","210042","Natural Fertilizer","310 Holiday Ave E","Cannon Falls","MN","55009","Goodhue","www.sustane.com","5072633003","5072633029","Craig Holden","President","Mal","12530000","14","287301","Fertilizers-","4","0","1"
"189507","Huot Manufacturing Co","huotmfg@huot.com","550 Wheeler St N","6516460457","6516461869","344403","Sheet Metal Fabricators","www.huot.com"," Email <---> Revenue ","138095","Huot Manufacturing Co","550 Wheeler St N","St Paul","MN","55104","Ramsey","www.huot.com","6516461869","6516460457","","","","13600000","85","344403","Sheet Metal ","4","0","1"
"202776","J L Buchanan Inc","ssunberg@jlbuchanan.com","50 S 10th St # 440","6123382661","6123341710","509908","Manufacturers-Agents & Representatives","www.jlbuchanan.com"," Email <---> Revenue ","145341","J L Buchanan Inc","50 S 10th St # 440","Minneapolis","MN","55403","Hennepin","www.jlbuchanan.com","6123341710","6123327154","Jeff Buchanan","President","Mal","18880000","20","509908","Manufacturer","4","0","1"
"187488","Applied Communications Inc","techsrv@acmn.com","3496 Shoreline Dr","9524710409","9524718558","504506","Data Communications Equip/Systems (Whol)","www.acmn.com"," Email <---> Revenue ","18967","Applied Communications Inc","3496 Shoreline Dr","Wayzata","MN","55391","Hennepin","www.acmn.com","9524718558","9524710409","Tom Frahm","President","Mal","10764000","12","504506","Data Communi","4","0","1"
"145729","Technical Die Casting","berniem@tech-die-casting.com","Highway 14","5076892197","5076892194","336398","Aluminum Die Castings (Manufacturers)","www.tech-die-casting.com"," Email <---> Revenue ","296432","Technical Die Casting","Highway 14","Stockton","MN","55988","Winona","www.tech-die-casting.com","5076892194","5076892197","Greg King","President","Mal","11570000","65","336398","Aluminum Die","4","0","1"
"171009","Abraham Technical Svc","clientcare@abetech.com","18071 Territorial Rd","7634283166","7634283170","384104","Physicians & Surgeons Equip & Supls-Mfrs","www.abetech.com"," Email <---> Revenue ","5276","Abraham Technical Svc","18071 Territorial Rd","Maple Grove","MN","55369","Hennepin","www.abetech.com","7634283170","7634283166","Steve Schmidt","Owner","Mal","12320000","55","384104","Physicians &","4","0","1"
"211693","Stellar Technologies Inc","hrdept@stellar-technologies.com","6800 Shingle Creek Pkwy # 100","7635608978","7635667827","359903","Machine Shops","www.stellar-technologies.com"," Email <---> Revenue ","285684","Stellar Technologies Inc","6800 Shingle Creek Pkwy # 100","Brooklyn Center","MN","55430","Hennepin","www.stellar-technologies.com","7635667827","7635608978","Jim Tadych","Plant Mgr","Mal","15375000","125","359903","Machine Shop","4","0","1"
"105376","Micom Corp","micom@micomcircuits.com","475 8th Ave NW","6516361352","6516365616","367201","Printed & Etched Circuits-Mfrs","www.micomcircuits.com"," Email <---> Revenue ","196314","Micom Corp","475 8th Ave NW","New Brighton","MN","55112","Ramsey","www.micomcircuits.com","6516365616","6516361352","","","","21580000","130","367201","Printed & Et","4","0","1"
"86093","Cass Screw Machine Products Co","steve@csmp.com","4800 Lilac Dr N","7635359238","7635350501","345101","Screw Machine Products (Manufacturers)","www.csmp.com"," Email <---> Revenue ","50555","Cass Screw Machine Products Co","4800 Lilac Dr N","Brooklyn Center","MN","55429","Hennepin","www.csmp.com","7635350501","7635359238","Dale Greenwald","President","Mal","12600000","120","345101","Screw Machin","4","0","1"
"207335","Brings Co","beth.arel@bringsco.com","2870 Centerville Rd","6514848857","6514842666","514801","Fruits & Vegetables-Wholesale","www.bringsco.com"," Email <---> Revenue ","40221","Brings Co","2870 Centerville Rd","St Paul","MN","55117","Ramsey","www.bringsco.com","6514842666","6514848857","Patricia Coan","Owner","Fem","12673000","23","514801","Fruits & Veg","4","0","1"
"207364","Quantronic Corp","delmoral@quantronic.net","8300 89th Ave N","7634252248","7634252602","367905","Electronic Instruments-Manufacturers","NULL"," Email <---> Revenue ","243537","Quantronic Corp","8300 89th Ave N","Brooklyn Park","MN","55445","Hennepin","www.quantronic.net","7634252602","7634252248","Rafael Delmoral","Owner","Mal","11200000","50","367905","Electronic I","4","0","1"
"138836","Transport Designs Inc","hritter@transportdesigninc.com","12400 Princeton Ave # Chi","9528949371","9528948242","244801","Pallets & Skids-Manufacturers","www.transportdesigninc.com"," Email <---> Revenue ","304618","Transport Designs Inc","12400 Princeton Ave # Chi","Savage","MN","55378","Scott","www.transportdesigninc.com","9528948242","9528949371","Leonard Korbel","Owner","Mal","14300000","25","244801","Pallets & Sk","4","0","1"
"140337","Inspec Inc","minneapolisinfo@inspec.com","5801 Duluth St # 2","7635468669","7635463434","874809","Roofing Service Consultants","www.inspec.com"," Email <---> Revenue ","141423","Inspec Inc","5801 Duluth St # 2","Golden Valley","MN","55422","Hennepin","www.inspec.com","7635463434","7635468669","Dwight Benoy","Owner","Mal","16875000","75","874809","Roofing Serv","4","0","1"
"153884","Granite City Tool Co","sykes@wildfire.net","247 28th Ave S","5084953535","3202518600","508523","Abrasives (Wholesale)","www.granitecity.com"," Email <---> Revenue ","119950","Granite City Tool Co","247 28th Ave S","Waite Park","MN","56387","Stearns","www.granitecity.com","3202518600","3202591817","Will Sanvik","Owner","Mal","22800000","40","508523","Abrasives (W","4","0","1"
"143667","Caribou Coffee Co","foggymtn@alaska.net","4717 County Road 101","3126095108","9529398108","549915","Coffee & Tea","www.caribou.com"," Email <---> Revenue ","48463","Caribou Coffee Co","4717 County Road 101","Minnetonka","MN","55345","Hennepin","www.caribou.com","9529398108","","Ken Sutherland","Manager","Mal","1650000","15","549915","Coffee & Tea","2","0","1"
"98489","Mc Fee Financial Group","Wade@mcfeefinancial.com","7040 Lakeland Ave N # 110","NULL","7635609500","628205","Financial Planning Consultants","NULL"," Email <---> Revenue ","190943","Mc Fee Financial Group","7040 Lakeland Ave N # 110","Minneapolis","MN","55428","Hennepin","www.mcfeefinancial.com","7635609500","","Wade Mc Fee","Owner","Mal","1245000","3","628205","Financial Pl","2","0","1"
"71041","Arnolds Supply","mkanz@arnolds-supply.com","835 38th St NW","5072892393","null","5311","Retail shops","ARNOLDS-SUPPLY.COM"," Email <---> Revenue ","20489","Arnold's Supply & Kleenit Co","835 38th St NW","Rochester","MN","55901","Olmsted","","5072892393","5072892318","Mike Kanz","Owner","Mal","3720000","120","734902","Janitor Serv","2","0","1"
"206827","Suel Printing Co","news@newpraguetimes.com","200 Main St E","9527584135","9527584435","275202","Printers","www.newpraguetimes.com"," Email <---> Revenue ","289801","Suel Printing Co","200 Main St E","New Prague","MN","56071","Le Sueur","www.newpraguetimes.com","9527584435","9527584135","E Charles Wann","President","Mal","3800000","25","275202","Printers","2","0","1"
"171166","Power Block","greg@powerblock.com","1819 S Cedar Ave","5074515278","507-451-5152","3949","Sporting and Athletic Goods","NEC"," Email <---> Revenue ","237769","Power Block","1071 32nd Ave NW","Owatonna","MN","55060","Steele","www.powerblock.com","5074515152","5074515278","Carl Towley","Owner","Mal","1300000","50","394917","Health Equip","2","0","1"
"148382","Zales Jewelers","zalesaffiliates@zales.com","915 County Road 42 W # 2018","3014696302","9524357883","594409","Jewelers-Retail","www.zales.com"," Email <---> Revenue ","332559","Zales Jewelers","915 County Road 42 W # 2018","Burnsville","MN","55306","Dakota","www.zales.com","9524357883","9524356992","Kae Murphy","Manager","Fem","2496000","16","594409","Jewelers-Ret","2","0","1"
"203645","Logistics Unlimited Inc","ord-ops@shiplui.com","2648 E 81st St","9528588650","9528588559","451202","Air Cargo Service","www.shiplui.com"," Email <---> Revenue ","177857","Logistics Unlimited Inc","2648 E 81st St","Bloomington","MN","55425","Hennepin","www.shiplui.com","9528588559","9528588650","Richard Wagoner","Manager","Fem","3220000","10","451202","Air Cargo Se","2","0","1"
"128896","Itasca Consulting Group","icg@itascacg.com","111 3rd Ave S # 450","6123714717","6123714717","871111","Engineers-Consulting","www.hcitasca.com"," Email <---> Revenue ","143986","Itasca Consulting Group","111 3rd Ave S # 450","Minneapolis","MN","55401","Hennepin","www.hcitasca.com","6123714717","6123714717","John Markham","Manager","Mal","3950000","25","871111","Engineers-Co","2","0","1"
"144684","Packaging Sales & Svc","paul@packagingsales.com","2719 Patton Rd","6516391116","6516390569","508438","Packaging Machinery-Wholesale","www.packagingsales.com"," Email <---> Revenue ","225792","Packaging Sales & Svc","2719 Patton Rd","Roseville","MN","55113","Ramsey","www.packagingsales.com","6516390569","6516391116","Roger Adams","Manager","Mal","4352000","8","508438","Packaging Ma","2","0","1"
"145108","Greenhaven Printing","Jeff@greenhavenprtg.com","1995 County Road B2 W","6516399827","6516399822","275998","Commercial Printing Nec","NULL"," Email <---> Revenue ","121401","Greenhaven Printing","1995 County Road B2 W","Roseville","MN","55113","Ramsey","","6516399822","6516399827","Jeff Hyer","Owner","Mal","2574000","18","275998","Commercial P","2","0","1"
"193155","Peltsman Corp","rama@smahtcer.com","PO Box 27484","7635445915","7635445915","359905","Machinery-Specially Designed & Built","www.pelcor.com"," Email <---> Revenue ","230694","Peltsman Corp","PO Box 27484","Minneapolis","MN","55427","Hennepin","www.pelcor.com","7635445915","","Michael Peltsman","Owner","Mal","1230000","10","359905","Machinery-Sp","2","0","1"
"156058","Van Iwaarden & Assoc","jimvi@vaniwaarden.com","10 S 5th St # 840","6125965960","6125965960","899910","Actuaries","www.vaniwaarden.com"," Email <---> Revenue ","314416","Van Iwaarden & Assoc","10 S 5th St # 840","Minneapolis","MN","55402","Hennepin","www.vaniwaarden.com","6125965960","","Jim Van Iwaarden","Owner","Mal","1072000","8","899910","Actuaries","2","1","1"
"141916","Hiawatha Reddy Rents Inc","reddy10@reddyrents.com","4411 Hiawatha Ave","6127229516","6127229516","735949","Contractors-Equipment & Supls-Renting","www.reddyrents.com"," Email <---> Revenue ","131896","Hiawatha Reddy Rents Inc","4411 Hiawatha Ave","Minneapolis","MN","55406","Hennepin","www.reddyrents.com","6127229516","6127229516","Brian Fitzgerald","Owner","Mal","3294000","18","735949","Contractors-","2","0","1"
"131940","Sun Control Of Minnesota","Johnson@suncontrolmn.com","2604 Rice St","6514949697","6514901060","753601","Glass Coating & Tinting","NULL"," Email <---> Revenue ","290224","Sun Control Of Minnesota","2604 Rice St","St Paul","MN","55113","Ramsey","www.suncontrolmn.com","6514901060","6514949697","Randy Johnson","Owner","Mal","2820000","20","753601","Glass Coatin","2","0","1"
"62189","Valley Limousine","reservations@corpcarandcoach.com","362 Toronto St","6512910223","9524455280","411903","Limousine Service","www.corpcar-valleylimo.com"," Email <---> Revenue ","313934","Valley Limousine","362 Toronto St","St Paul","MN","55102","Ramsey","www.corpcar-valleylimo.com","9524455280","6512910223","Curtis Waters","Owner","Mal","1062000","18","411903","Limousine Se","2","0","1"
"101174","Zimmer-Madich","Karen@zimmermadich.com","7685 Parklawn Ave # 200","NULL","6122772900","731101","Advertising-Agencies & Counselors","NULL"," Email <---> Revenue ","332965","Zimmer-Madich","7685 Parklawn Ave # 200","Minneapolis","MN","55435","Hennepin","www.zimmermadich.com","9522772900","","Karen Madich","Owner","Fem","1106000","7","731101","Advertising-","2","0","1"
"211214","Bilken Ind Fabricators","bill@bilkenindfab.com","PO Box 277","5076454539","5076458388","308902","Plastics & Plastic Products (Mfrs)","www.bilkenindfab.com"," Email <---> Revenue ","32994","Bilken Ind Fabricators","400 Water St N","Northfield","MN","55057","Rice","www.bilkenindfab.com","5076458388","5076454539","William Hochschild","President","Mal","1968000","12","308902","Plastics & P","2","0","1"
"53909","Swine Vet Ctr","business@swinevetcenter.com","1608 S Minnesota Ave","5079343968","5079343970","074201","Veterinarians","www.swinevetcenter.com"," Email <---> Revenue ","292858","Swine Vet Ctr","1608 S Minnesota Ave","St Peter","MN","56082","Nicollet","www.swinevetcenter.com","5079343970","5079343968","Paul Yeske","Partner","Mal","1512000","18","74201","Veterinarian","2","2","1"
"205195","Ruehling & Assoc","Ron@ruehlingassoc.com","9160 Zachary Ln N","NULL","7634207778","792212","Theatrical Equipment & Supplies","NULL"," Email <---> Revenue ","261403","Ruehling & Assoc","9160 Zachary Ln N","Maple Grove","MN","55369","Hennepin","www.ruehlingassoc.com","7634207778","","Ron Ruehling","Owner","Mal","1974000","3","506368","Lighting Sys","2","0","1"
"195432","Korsmo Funeral Svc","kfs@moorheadcity.com","409 8th St S","2182873983","2182331533","726103","Funeral Directors","www.korsmofuneralservice.com"," Email <---> Revenue ","164849","Korsmo Funeral Svc","409 8th St S","Moorhead","MN","56560","Clay","www.korsmofuneralservice.com","2182331533","2182873983","George Korsmo","Owner","Mal","1190000","10","726103","Funeral Dire","2","0","1"
"199319","Brodin Sheet Metal Inc","comfort@brodins.com","1902 Highway 32 S","2186814443","2186814433","171117","Air Conditioning Contractors & Systems","www.brodins.com"," Email <---> Revenue ","40526","Brodin Sheet Metal Inc","1902 Highway 32 S","Thief River Fls","MN","56701","Pennington","www.brodins.com","2186814433","2186814443","John Tofte","Owner","Mal","1898000","13","171117","Air Conditio","2","0","1"
"71831","Smart Legal Svc","smart@smart-associates.com","119 N 4th St # 500","6123400019","6123401030","738953","Paralegals","www.smart-associates.com"," Email <---> Revenue ","276015","Smart Legal Svc","119 N 4th St # 500","Minneapolis","MN","55401","Hennepin","www.smart-associates.com","6123401030","6123400019","Cindie Smart","Owner","Fem","3572000","38","738953","Paralegals","2","0","1"
"184212","Troupe America Inc","ltwiss@troupeamerica.com","528 Hennepin Ave # 206","6123334337","6123333302","792211","Theatrical Managers & Producers","www.troupeamerica.com"," Email <---> Revenue ","306243","Troupe America Inc","528 Hennepin Ave # 206","Minneapolis","MN","55403","Hennepin","www.troupeamerica.com","6123333302","6123334337","Curt Wollan","President","Mal","2538000","18","792211","Theatrical M","2","0","1"
"92496","Friendship Academy-Fine Arts","cw@easypiano.com","310 E 38th St","6128796707","6128796703","899912","Artists-Fine Arts","www.friendshipacademy.org"," Email <---> Revenue ","110032","Friendship Academy-Fine Arts","310 E 38th St","Minneapolis","MN","55409","Hennepin","www.friendshipacademy.org","6128796703","6128796707","Ethel Norwood","Administrator","Fem","1742000","13","899912","Artists-Fine","2","0","1"
"162177","Swift Transportation Co","swiftsolutions@swifttrans.com","3134 117th St E","9088222010","6514807850","421309","Trucking-Motor Freight","www.swifttrans.com"," Email <---> Revenue ","292837","Swift Transportation Co","3134 117th St E","Inver Grove Hts","MN","55077","Dakota","www.swifttrans.com","6514807850","6514807857","Ken Runnels","Manager","Mal","1661000","11","421309","Trucking-Mot","2","0","1"
"165979","Safway Services Inc","mark.sawka@safway.com","1994 County Road C W","2393348112","6516363212","735949","Contractors-Equipment & Supls-Renting","www.safway.com"," Email <---> Revenue ","263840","Safway Services Inc","1994 County Road C W","Roseville","MN","55113","Ramsey","www.safway.com","6516363212","6516367398","Richard Casper","Manager","Mal","1830000","10","735949","Contractors-","2","0","1"
"200533","Sales Board","DSparks@thesalesboard.com","15200 25th Ave N","7634730109","7634732540","874811","Sales Training","NULL"," Email <---> Revenue ","264779","Sales Board","15200 25th Ave N","Plymouth","MN","55447","Hennepin","www.thesalesboard.com","7634732540","7634730109","Duane Sparks","Owner","Mal","3600000","16","874811","Sales Traini","2","0","1"
"124242","Affiliated Group","tim@creativemarket.com","316 1st Ave SW","5072807100","5072807000","732201","Collection Agencies","www.theaffiliatedgroup.com"," Email <---> Revenue ","8152","Affiliated Group","316 1st Ave SW","Rochester","MN","55902","Olmsted","www.theaffiliatedgroup.com","5072807000","5072807100","Mark Neeb","President","Mal","2765000","35","732201","Collection A","2","0","1"
"6131","Disc Information Svc Corp","mike@discinfo.com","25 7th Ave S # 240","3202538548","3202539195","871301","Surveyors-Land","www.discinfo.com"," Email <---> Revenue ","83419","Disc Information Svc Corp","25 7th Ave S # 240","St Cloud","MN","56301","Stearns","www.discinfo.com","3202539195","3202538548","Mike Ames","Owner","Mal","2133000","27","871301","Surveyors-La","2","1","1"
"195339","Fun Jumps Entertainment Inc","funjumps@funjumpsent.com","3704 Cardinal Way","6516879959","6516879959","594716","Party Supplies","www.funjumpsent.com"," Email <---> Revenue ","110645","Fun Jumps Entertainment Inc","3704 Cardinal Way","St Paul","MN","55123","Dakota","www.funjumpsent.com","6516879959","","Fred Ruppe","Manager","Mal","1274000","14","594716","Party Suppli","2","0","1"
"170291","Netbriefings Inc","webcast06@netbriefings.com","421 Wabasha St N","6512251533","6512251532","874879","Meeting & Conference Consultants","www.netbriefings.com"," Email <---> Revenue ","211401","Netbriefings Inc","421 Wabasha St N","St Paul","MN","55102","Ramsey","www.netbriefings.com","6512251532","6512251533","Gary Anderson","President","Mal","3375000","15","874879","Meeting & Co","2","0","1"
"189924","Delia's","myinfo@deliasmerch.com","12621 Wayzata Blvd","9525450806","9525450805","565101","Clothing-Retail","www.delias.com"," Email <---> Revenue ","80198","Delia's","12621 Wayzata Blvd","Minnetonka","MN","55305","Hennepin","www.delias.com","9525450805","9525450806","Steve Halter","Manager","Mal","2235000","15","565101","Clothing-Ret","2","0","1"
"209579","Robert B Hill Co Inc","norajones@hillwater.com","7101 Oxford St # B","9529251471","9529251444","762928","Water Softening Equipment Svc & Supls","www.hillwater.com"," Email <---> Revenue ","255970","Robert B Hill Co Inc","7101 Oxford St # B","St Louis Park","MN","55426","Hennepin","www.hillwater.com","9529251444","9529251471","Jeff Hill","President","Mal","4130000","35","762928","Water Soften","2","0","1"
"109116","Materials Evaluation and Engineering Inc","hanke@mee-inc.com","138051stAveNSuite400","7634498870","null","871106","Engineers","MNASM.ORG"," Email <---> Revenue ","189503","Materials Evaluation & Engrgng","13805 1st Ave N # 400","Plymouth","MN","55441","Hennepin","www.mee-inc.com","7634498870","","Larry Hanke","CEO","Mal","1106000","7","871128","Engineers-Me","2","0","1"
"201817","Dale Carnegie Training","pat_robles@dalecarnegie.com","4938 Lincoln Dr","9529350117","9529350515","829931","Training Programs & Services","www.minnesota.dalecarnegie.com"," Email <---> Revenue ","74816","Dale Carnegie Training","4938 Lincoln Dr","Minneapolis","MN","55436","Hennepin","www.minnesota.dalecarnegie.com","9529350515","9529350117","Michael D Norman","President","Mal","1760000","20","829931","Training Pro","2","0","1"
"38898","Nelson Henry Inc","pnelson@nelsonhenry.com","18281 Minnetonka Blvd # E","9524768890","9524768890","731101","Advertising-Agencies & Counselors","www.nelsonhenry.com"," Email <---> Revenue ","211003","Nelson Henry Inc","18281 Minnetonka Blvd # E","Wayzata","MN","55391","Hennepin","www.nelsonhenry.com","9524768890","","Paul Nelson","Owner","Mal","1738000","11","731101","Advertising-","2","0","1"
"40442","Video Magic","Jim@myvideostore.com","1763 Commerce Dr","NULL","5073874080","573502","Video Tapes Discs & Cassettes","NULL"," Email <---> Revenue ","316259","Video Magic","1763 Commerce Dr","North Mankato","MN","56003","Blue Earth","","5073874080","","Jim Kotewa","Owner","Mal","1296000","9","573502","Video Tapes ","2","0","1"
"136817","Municipal Parking Inc","rampc@mplsparking.com","101 N 9th St","6123339106","6123339031","752102","Parking Stations & Garages","www.abc-ramps.com"," Email <---> Revenue ","207421","Municipal Parking Inc","101 N 9th St","Minneapolis","MN","55403","Hennepin","www.abc-ramps.com","6123339031","6123339106","Jason Lodolo","Manager","Mal","3827000","43","752102","Parking Stat","2","0","1"
"177940","SEACOLE-Crc","john.bell@seacole.com","702 7th St S","7634793662","7634796525","873402","Laboratories-Testing","www.seacole.com"," Email <---> Revenue ","263161","SEACOLE-Crc","702 7th St S","Delano","MN","55328","Wright","www.seacole.com","7634796525","7634793662","Gregg Elliott","President","Mal","2040000","20","873402","Laboratories","2","0","1"
"203809","Regal Machine Inc","regal@regalmachineinc.com","5103 273rd St","6514088946","6514088940","359903","Machine Shops","www.regalmachineinc.com"," Email <---> Revenue ","250315","Regal Machine Inc","5103 273rd St","Wyoming","MN","55092","Chisago","www.regalmachineinc.com","6514088940","6514088946","Greg Evgen","President","Mal","3690000","30","359903","Machine Shop","2","0","1"
"33375","Be Gan Ik Design","JustinB@beganik.com","308 Prince St","6512098060","6514887900","733603","Graphic Designers","NULL"," Email <---> Revenue ","28536","Be Gan Ik Design","308 Prince St","St Paul","MN","55101","Ramsey","www.beganik.com","6514887900","6512098060","Justin Bieganeke","Owner","Mal","1920000","12","733603","Graphic Desi","2","0","1"
"145793","Pierce Skate & Ski","Bart@pierceskateandski.com","208 W 98th St","9528846932","9528841990","594117","Skating Equipment & Supplies","NULL"," Email <---> Revenue ","234125","Pierce Skate & Ski","208 W 98th St","Bloomington","MN","55420","Hennepin","www.pierceskateandski.com","9528841990","9528846932","Bart Pierce","Owner","Mal","4440000","30","594117","Skating Equi","2","0","1"
"111742","KXRA","bmckirdy@kxra.com","1312 Broadway St","3207635641","3207633131","483201","Radio Stations & Broadcasting Companies","www.kxra.com"," Email <---> Revenue ","157821","KXRA","1312 Broadway St","Alexandria","MN","56308","Douglas","www.kxra.com","3207633131","3207635641","Brett Paradis","Owner","Mal","2200000","20","483201","Radio Statio","2","0","1"
"199960","Minco Technology Ctr","retail@mincopc.com","3333 W Division St # 107","3202551484","3202551484","737801","Computers-Service & Repair","www.mincopc.com"," Email <---> Revenue ","199724","Minco Technology Ctr","3333 W Division St # 107","St Cloud","MN","56301","Stearns","www.mincopc.com","3202551484","","Russ Windahl","Owner","Mal","3260000","20","737801","Computers-Se","2","0","1"
"198558","Ebels Voyageur Houseboats","Katy@ebels.com","10326 Ash River Trl","NULL","2183743571","799913","Boats-Rental & Charter","NULL"," Email <---> Revenue ","91026","Ebels Voyageur Houseboats","10326 Ash River Trl","Orr","MN","55771","St Louis","www.ebels.com","2183743571","","Katy Ebel","Owner","Fem","1008000","12","799913","Boats-Rental","2","0","1"
"91799","Object Partners","Chris@objectpartners.com","333 Washington Ave N","6123739471","6123739464","737999","Computer Related Services Nec","NULL"," Email <---> Revenue ","220352","Object Partners","333 Washington Ave N","Minneapolis","MN","55401","Hennepin","","6123739464","6123739471","Chris Spurgat","Owner","Mal","3542000","22","737999","Computer Rel","2","0","1"
"159176","Northcott Banners","sherri@northcottbanner.com","3020 E 28th St","6127225622","6127221733","599906","Banners","www.northcottbanner.com"," Email <---> Revenue ","216071","Northcott Banners","3020 E 28th St","Minneapolis","MN","55406","Hennepin","www.northcottbanner.com","6127221733","6127225622","Millie Northcott","Owner","Fem","1608000","12","599906","Banners","2","0","1"
"148800","LCL Electronics","lclelex@lclelex.com","8148 Industrial Park Rd","2188296557","2188292990","367901","Electronic Equipment & Supplies-Mfrs","www.lclelex.com"," Email <---> Revenue ","167063","LCL Electronics","8148 Industrial Park Rd","Baxter","MN","56425","Crow Wing","www.lclelex.com","2188292990","2188296557","Joe Loney","President","Mal","2240000","10","367901","Electronic E","2","0","1"
"195998","LA Canne's Marine","cory@lacannesmarine.com","19860 Roberds Lake Blvd","5073346415","5073346415","555104","Boat Dealers Sales & Service","www.lacannesmarine.com"," Email <---> Revenue ","166867","LA Canne's Marine","19860 Roberds Lake Blvd","Faribault","MN","55021","Rice","www.lacannesmarine.com","5073346415","5073343371","Butch La Canne","Owner","Mal","4980000","15","555104","Boat Dealers","2","0","1"
"209079","Wencl Services Inc","sschultze@wenclservices.com","8148 Pillsbury Ave S","9528811558","9528811557","171117","Air Conditioning Contractors & Systems","www.wenclservices.com"," Email <---> Revenue ","323554","Wencl Services Inc","8148 Pillsbury Ave S","Bloomington","MN","55420","Hennepin","www.wenclservices.com","9528811557","9528811558","Ken Wencl","Owner","Mal","1168000","8","171117","Air Conditio","2","0","1"
"142495","Film Drop","Lynn_Jermiason@filmdrop.com","912 1st St S","3202357640","3202357710","738401","Photo Finishing-Retail","NULL"," Email <---> Revenue ","103712","Film Drop","912 1st St S","Willmar","MN","56201","Kandiyohi","www.filmdrop.com","3202357710","3202357640","Lynn Jermiason","Owner","Mal","1200000","12","738401","Photo Finish","2","0","1"
"115410","Harris & Assoc","dave@harrisadvisory.com","10301 Bren Rd W # Blue15","NULL","9529327162","519910","Giftwares-Wholesale","NULL"," Email <---> Revenue ","127331","Harris & Assoc","10301 Bren Rd W # Blue15","Hopkins","MN","55343","Hennepin","","9529327162","","Dave Harris","Owner","Mal","2154000","3","519910","Giftwares-Wh","2","0","1"
"211082","Big Lots","talk2us@biglots.com","5930 Earle Brown Dr","2514500205","7635039833","531104","Retail Shops","www.biglots.com"," Email <---> Revenue ","32755","Big Lots","5930 Earle Brown Dr","Minneapolis","MN","55430","Hennepin","www.biglots.com","7635039833","","Ron Lunstrom","Manager","Mal","3240000","20","531104","Retail Shops","2","0","1"
"153724","Superior Iron","mcarlson@superioriron.com","12015 Brockton Lane North","7634282211","7634284693","1099","Metal ores","superioriron.com"," Email <---> Revenue ","291543","Superior Iron Inc","12015 Brockton Ln N","Maple Grove","MN","55369","Hennepin","","7634282211","7634284693","Jeff Palkovich","President","Mal","2384000","16","344698","Architectura","2","0","1"
"108421","Display Arts","exhibit@displayarts.com","7839 Elm St NE","7635711530","7635710260","731901","Display Designers & Producers","www.displayarts.com"," Email <---> Revenue ","83603","Display Arts","7839 Elm St NE","Fridley","MN","55432","Anoka","www.displayarts.com","7635710260","7635711530","Alice Junes","President","Fem","1339000","13","731901","Display Desi","2","0","1"
"38619","Minnesota Wanner Co","tjw@minnesotawanner.com","5145 Eden Ave","9529295933","9529291070","356198","Pumps & Pumping Equipment (Mfrs)","NULL"," Email <---> Revenue ","202422","Minnesota Wanner Co","5145 Eden Ave","Minneapolis","MN","55436","Hennepin","www.mnwanner.com","9529291070","9529295933","Tom Wanner","President","Mal","3416000","14","356198","Pumps & Pump","2","0","1"
"201082","Rainy Lake Communications","mjshermoen@rainylakecom.com","1200 3rd Ave","2182833019","2182833018","573117","Electronic Equipment & Supplies-Retail","www.rainylakecom.com"," Email <---> Revenue ","246555","Rainy Lake Communications","1200 3rd Ave","Internatl Falls","MN","56649","Koochiching","www.rainylakecom.com","2182833018","2182833019","Michael Shermoen","Manager","Mal","1452000","6","573117","Electronic E","2","0","1"
"172575","First Republic Title LLC","greg@bluemarlinpartners.com","9950 Wayzata Blvd","3102880777","9525460060","654102","Title Companies","www.casecentral.com"," Email <---> Revenue ","105298","First Republic Title LLC","9950 Wayzata Blvd","St Louis Park","MN","55426","Hennepin","www.firstrepublic.com","9525460060","","Jerry Anderson","Owner","Mal","2910000","30","654102","Title Compan","2","0","1"
"197537","Wine Haven Winery","wines@winehaven.com","9757 292nd St","6512571017","6512571017","208401","Wineries","www.winehaven.com"," Email <---> Revenue ","328190","Wine Haven Winery","9757 292nd St","Chisago City","MN","55013","Chisago","www.winehaven.com","6512571017","","Kevin Peterson","Owner","Mal","2220000","5","208401","Wineries","2","0","1"
"204736","Pearson Arnold Tech","neil@pearson-arnold.com","2849 Louisiana Ave N","7635442111","7635446016","399903","Manufacturers","www.pearson-arnold.com"," Email <---> Revenue ","230202","Pearson Arnold Tech","2849 Louisiana Ave N","New Hope","MN","55427","Hennepin","www.pearson-arnold.com","7635446016","7635442111","Neil Goodwin","Owner","Mal","1441000","11","399903","Manufacturer","2","0","1"
"210439","Oce North America","ona-bic@oce.com","8011 34th Ave S # 116","8186101680","9528147100","275202","Printers","www.oceusa.com"," Email <---> Revenue ","220421","Oce North America","8011 34th Ave S # 116","Minneapolis","MN","55425","Hennepin","www.oceusa.com","9528147100","9528147121","Kevin Dewitt","Manager","Mal","3496000","23","275202","Printers","2","0","1"
"183699","KARP","hut.hr@hti.htch.com","20132 Highway 15 N","3205875158","3205872140","483201","Radio Stations & Broadcasting Companies","www.karpradio.com"," Email <---> Revenue ","157278","KARP","20132 Highway 15 N","Hutchinson","MN","55350","Mc Leod","www.karpradio.com","3205872140","3205875158","Jim Bartels","Manager","Mal","2200000","20","483201","Radio Statio","2","0","1"
"139527","Temco LLC","patwell@temcoaitkin.com","1038 Air Park Dr","2189276244","2189273327","349903","Metal Goods-Manufacturers","www.temcoaitkin.com"," Email <---> Revenue ","296960","Temco LLC","1038 Air Park Dr","Aitkin","MN","56431","Aitkin","www.temcoaitkin.com","2189273327","2189276244","","","","1233000","9","349903","Metal Goods-","2","0","1"
"13351","Diversified Coatings Inc","jbalthazor@divcoatings.com","7594 Highway 65 NE","7637809727","7637803273","175203","Floor Laying Refinishing & Resurfacing","www.diversifiedcoatingsinc.com"," Email <---> Revenue ","83839","Diversified Coatings Inc","7594 Highway 65 NE","Fridley","MN","55432","Anoka","www.diversifiedcoatingsinc.com","7637803273","7637809727","James Balthazor","Owner","Mal","2205000","15","175203","Floor Laying","2","1","1"
"199135","College Press","print@college-press.com","635 Prior Ave N","6516410053","6516457588","275202","Printers","www.college-press.com"," Email <---> Revenue ","61938","College Press","635 Prior Ave N","St Paul","MN","55104","Ramsey","www.college-press.com","6516457588","6516410053","Harley Howland","Owner","Mal","1824000","12","275202","Printers","2","0","1"
"166761","Tartan Marketing","Jim@tartanmarketing.com","10467 93rd Ave N","7633917576","7633917575","731101","Advertising-Agencies & Counselors","NULL"," Email <---> Revenue ","295666","Tartan Marketing","10467 93rd Ave N","Maple Grove","MN","55369","Hennepin","www.tartanmarketing.com","7633917575","7633917576","Jim Maclachlan","Owner","Mal","1738000","11","731101","Advertising-","2","0","1"
"136166","Comlink Midwest Inc","rbundy@comlinksw.com","10200 73rd Ave N # 100","7633917489","7633917483","737804","Computer Wiring","www.comlink-usa.com"," Email <---> Revenue ","62517","Comlink Midwest Inc","10200 73rd Ave N # 100","Maple Grove","MN","55369","Hennepin","www.comlink-usa.com","7633917483","7633917489","Jim Galloway","Owner","Mal","2445000","15","737804","Computer Wir","2","0","1"
"87267","State Bank Of Danvers","john@sbdanvers.com","1 Bank Plz","3205672110","3205672111","602201","State Commercial Banks","www.sbdanvers.com"," Email <---> Revenue ","284683","State Bank Of Danvers","1 Bank Plz","Danvers","MN","56231","Swift","www.sbdanvers.com","3205672111","3205672110","John Connolly","President","Mal","3370000","10","602201","State Commer","2","0","1"
"143805","Rental Depot Inc & Party Sta","rent-it@rentaldepot.com","1802 7th St NW","5072883251","5072882741","735910","Rental Service-Stores & Yards","www.rentaldepot.com"," Email <---> Revenue ","251483","Rental Depot Inc & Party Sta","1802 7th St NW","Rochester","MN","55901","Olmsted","www.rentaldepot.com","5072882741","5072883251","Gail Howard","Owner","Fem","2562000","14","735910","Rental Servi","2","0","1"
"188724","Just Saw","justsaw@justsaw.com","5168 Central Ave NE","7637820877","7637820877","508538","Sawmill Equipment & Supplies (Wholesale)","www.justsaw.com"," Email <---> Revenue ","156467","Just Saw","5168 Central Ave NE","Columbia Heights","MN","55421","Anoka","www.justsaw.com","7637820877","","Preston Ortman","Owner","Mal","2280000","4","508538","Sawmill Equi","2","0","1"
"202732","Nokomis Shoe Shop","bocel@nokomisshoes.com","4950 34th Ave S","6127249093","6127241406","566101","Shoes-Retail","www.nokomisshoes.com"," Email <---> Revenue ","214076","Nokomis Shoe Shop","4950 34th Ave S","Minneapolis","MN","55417","Hennepin","www.nokomisshoes.com","6127241406","6127249093","Fred Negaard","Owner","Mal","2160000","15","566101","Shoes-Retail","2","0","1"
"138776","Jnr Adjustment Co","ron@jnrcollects.com","2905 Xenium Ln N # 220","7637441480","7635192722","732201","Collection Agencies","www.jnrcollects.com"," Email <---> Revenue ","146320","JNR Adjustment Co","2905 Northwest Blvd # 220","Minneapolis","MN","55441","Hennepin","","7635192710","7635192722","Robert Juve","Owner","Mal","3500000","54","732201","Collection A","2","0","1"
"35076","Academy Of Film & Television","Chuck@caryninternational.com","6651 Highway 7","9529159181","9529159132","829925","Dramatic Instruction","NULL"," Email <---> Revenue ","5515","Academy Of Film & Television","6651 Highway 7","Minneapolis","MN","55426","Hennepin","www.caryninternational.com","9529159132","9529159181","Chuck Rosenberg","Owner","Mal","1056000","12","829925","Dramatic Ins","2","0","1"
"147768","Checker Machine","slipinski@checkermachine.com","2701 Nevada Ave N","7635441272","763-544-5000","359903","Machine Shops","NEC (machine shops)"," Email <---> Revenue ","54857","Checker Machine","2701 Nevada Ave N","New Hope","MN","55427","Hennepin","www.checkermachine.com","7635445000","7635441272","Steve Lipinski","CEO","Mal","4920000","40","359903","Machine Shop","2","0","1"
"167672","Picture Place Inc","lee@pictureplace.com","4971 Long Ave","6514263536","6514261487","722101","Photographers-Portrait","www.pictureplace.com"," Email <---> Revenue ","233961","Picture Place Inc","4971 Long Ave","St Paul","MN","55110","Ramsey","www.pictureplace.com","6514261487","6514263536","Barry Howell","Owner","Mal","1480000","20","722101","Photographer","2","0","1"
"89972","Goodell Inc","custrelations@hydetools.com","9440 Science Center Dr","7635310252","7635310053","399103","Paint Rollers-Manufacturers","www.goodelltools.com"," Email <---> Revenue ","118361","Goodell Inc","9440 Science Center Dr","New Hope","MN","55428","Hennepin","www.goodelltools.com","7635310053","7635310252","Rick Garon","Owner","Mal","4800000","30","399103","Paint Roller","2","0","1"
"22534","St Croix Marine Products Inc","stcroix@davit.com","7870 12th Ave S","4803912241","9528588393","179104","Metal Fabricators","www.davit.com"," Email <---> Revenue ","281511","St Croix Marine Products Inc","7870 12th Ave S","Bloomington","MN","55425","Hennepin","www.davit.com","9528588393","","Bill Blackmore","President","Mal","1470000","10","179104","Metal Fabric","2","0","1"
"155549","Ramy Seed Co","margo@superseed.com","1329 N Riverfront Dr","5073877033","5073874091","519105","Seeds & Bulbs-Wholesale","www.superseed.com"," Email <---> Revenue ","247013","Ramy Seed Co","1329 N Riverfront Dr","Mankato","MN","56001","Blue Earth","www.superseed.com","5073874091","5073877033","Mike Ramy","Owner","Mal","2829000","7","519105","Seeds & Bulb","2","0","1"
"209872","Transport Inc","diane@transport-inc.com","2225 SE Main Ave","2182360352","2182366300","421306","Trucking-Liquid & Dry Bulk","www.transport-inc.com"," Email <---> Revenue ","304625","Transport Inc","2225 SE Main Ave","Moorhead","MN","56560","Clay","www.transport-inc.com","2182366300","2182360352","Jeff Pittsenbarger","President","Mal","3020000","20","421306","Trucking-Liq","2","0","1"
"179745","Woodcraft Supply","tech@woodcraft.com","9741 Lyndale Ave S","9207398327","9528843634","175106","Woodworkers","www.woodcraft.com"," Email <---> Revenue ","329812","Woodcraft Supply","9741 Lyndale Ave S","Bloomington","MN","55420","Hennepin","www.woodcraft.com","9528843634","9528849657","Ron Hoogenaker","Owner","Mal","1053000","9","175106","Woodworkers","2","2","1"
"108583","Mico Inc","micowest@mico.com","1911 Lee Blvd","9099476054","5076256426","731101","Advertising-Agencies & Counselors","www.mico.com"," Email <---> Revenue ","196311","Mico Inc","1911 Lee Blvd","North Mankato","MN","56003","Blue Earth","www.mico.com","5076256426","5076253212","Brent Mc Grath","Owner","Mal","1598000","300","731101","Advertising-","2","0","1"
"72999","Walker In Store","answers@walker-instore.com","6551 Jansen Ave NE # 208","7634978600","7634978600","731101","Advertising-Agencies & Counselors","www.walker-instore.com"," Email <---> Revenue ","319699","Walker Design Express Inc","6551 Jansen Ave Ne 20","Albertville","MN","55301","Wright","","7634978600","","Brian Walker","President","Mal","0","0","733600","Commercial A","1","0","1"
"168113","Squid Ink Mfg Inc","info1@squidink.com","1173 Osborne Rd NE","7637958856","7637958867","395303","Marking Devices (Manufacturers)","www.squidink.com"," Email <---> Revenue ","280848","Squid Ink Manufacturing Inc","1173 Osborne Rd Ne","Minneapolis","MN","55432","Anoka","","7637958856","","William Hoagland","President","Mal","0","0","289999","Mfg Chemical","1","0","1"
"112202","Harley Interprises","beaches@cherrington.net","W Highway 19","5074267261","5074267263","358998","Service Industry Machinery Nec (Mfrs)","www.cherrington.net"," Email <---> Revenue ","126926","Harley Enterprises Inc","P.O. BOX V","Fairfax","MN","55332","Renville","","5074267261","","Mike Mc Pherson","President","Mal","0","0","358902","Manufacture ","1","0","1"
"18634","Sage Software Consulting","kburns@sagesw.com","5080MeadvilleSt.","6123967724","null","871111","Engineers","MEWIT.ORG^^RPCV.COM^^RPCVMARKET.COM"," Email <---> Revenue ","91123","Echo Field","6070 Lake Linden Dr","Excelsior","MN","55331","Hennepin","","6123967724","","Kevin Burns","President","Mal","0","0","737200","Prepackaged ","1","0","1"
