"Tech Aire Instruments Inc","3162624020","1326 S Walnut St","Wichita","9060000","E L Yost","Owner","Mal","1085","T","Tech Aire Instruments Inc","sales@beachcomber.net","1326 S Walnut St","Wichita","KS","67213","3162624921","3162624020","508817","Aircraft Avionics-Sales & Service (Whol)","www.tech-aire.com","11","0"
"B & K Prescription Shop","7858274455","601 E Iron Ave","Salina","6405000","Jeff Denton","Owner","Mal","2306","B","B & K Prescription Shop","mail@bkrx.com","601 E Iron Ave","Salina","KS","67401","7858275847","7858274455","591205","Pharmacies","www.bkrx.com","11","0"
"ENTERPRISE BUSINESS SOLUTIONS","9135294350","11320 W 79TH ST","OVERLAND PARK","6300000","SCOTT JENKINS","Chief Executive Office","M","2849","U","UniComp;  Inc","webmaster@ebsportals.com","8326 Melrose Drive","OVERLAND PARK","KS","66214","9135294350","null","8999","Services NEC","AMHERSTCOOP.COM^^ATEAMAGRI.COM^^CHULACOOP.COM^^EVENTSYSTEMS.NET^^GARDENPLAINCOOP.COM^^GOASSIST.ORG^^","11","0"
"Pantry Shelf Co","6206629342","401 S Adams St","Hutchinson","5100000","Patricia Capstick","Owner","Fem","5258","P","Pantry Shelf Co","info@pantryshelfco.com","401 S Adams St","Hutchinson","KS","67501","6206629306","6206629342","205198","Bread/Other Bakery Prod-Ex Cookies (Mfr)","www.pantryshelfco.com","11","0"
"Thermal Trade Inc","3169450305","1714 S Baehr St","Wichita","5400000","Roger Bowles","Owner","Mal","5437","T","Thermal Trade Inc","info@thermaltrade.com","1714 S Baehr St","Wichita","KS","67209","3169450132","3169450305","354403","Die Cutting (Manufacturers)","www.thermaltrade.com","11","0"
"Thomas Implement Inc","6207845331","14015 Us Highway 59","Altamont","6972000","Charles Thomas","Owner","Mal","5698","T","Thomas Implement Inc","info@thomasimplement.com","14015 Us Highway 59","Altamont","KS","67330","6207845622","6207845331","508310","Farm Equipment (Wholesale)","www.thomasimplement.com","11","0"
"Disposable Instrument Co","9134926492","14248 Santa Fe Trail Dr","Shawnee Mission","5600000","Robert B Clipsham","President","Mal","5947","D","Disposable Instrument Co","mail@disposableinstrument.com","14248 Santa Fe Trail Dr","Shawnee Mission","KS","66215","9138881762","9134926492","384104","Physicians & Surgeons Equip & Supls-Mfrs","www.disposableinstrument.com","11","0"
"Phelps Engineering Inc","9133931155","1270 N Winchester St","Olathe","6004000","Harold Phelps","Owner","Mal","9872","P","Phelps Engineering Inc","info@phelpsengineering.com","1270 N Winchester St","Olathe","KS","66061","9133931166","9133931155","871133","Engineers-Professional","www.phelpsengineering.com","11","0"
"Wamego Telephone Co Inc","7854561000","1009 Lincoln St","Wamego","8991000","Steve Sackrider","Manager","Mal","14407","W","Wamego Telephone Co Inc","webmaster@wamtelco.com","1009 Lincoln St","Wamego","KS","66547","7854569903","7854561000","481304","Telephone Companies","www.wamtelco.com","11","0"
"Norvell Co","6202233110","4002 Liberty Bell Rd","Fort Scott","5910000","Alan Hale","President","Mal","19175","N","Norvell Co","sales@norvellco.com","4002 Liberty Bell Rd","Fort Scott","KS","66701","6202233115","6202233110","355698","Food Products-Machinery (Manufacturers)","www.norvellco.com","11","0"
"Morrill Hay Co","6202856941","1175 Morris Ave","Larned","7980000","George Morrill","Owner","Mal","19673","M","Morrill Hay Co","sales@morrillhay.com","1175 Morris Ave","Larned","KS","67550","6202852773","6202856941","519115","Hay & Alfalfa (Wholesale)","www.morrillhay.com","11","0"
"PREROGATIVE","7858383433","805 NEW HAMPSHIRE ST","LAWRENCE","9000000","CINDY MAUDE","Owner","F","22303","P","Prerogative","info@customcreationsprintedproducts.com","805 New Hampshire","Lawrence","KS","66044","8005400647","785.838-4033","731101","Advertising Agencies and Consultants^^Business Consultants and Advisors^^Management Consultants^^Mar","www.customcreationsprintedproducts.com","11","0"
"Kropf Lumber Inc","6203274951","400 N Lancaster Ave","Hesston","9546000","Kerry Krehbiel","President","Mal","23869","K","Kropf Lumber Inc","webmaster@kropflumber.com","400 N Lancaster Ave","Hesston","KS","67062","6203274904","6203274951","521142","Lumber-Retail","www.kropflumber.com","11","0"
"Burge Fence & Iron Inc","9136817600","6770 W 152nd Ter","Overland Park","5005000","Tom S Burge Sr","Owner","Mal","30512","B","Burge Fence & Iron Inc","sales@burgefence.com","6770 W 152nd Ter","Overland Park","KS","66223","9136817772","9136817600","349604","Chain Link Fences-Manufacturers","www.burgefence.com","11","0"
"Reed Co LLC","7854567333","4455 Highway 99","Wamego","7410000","Jim Ebert","Manager","Mal","32300","R","Reed Co LLC","info@reedsales.com","4455 Highway 99","Wamego","KS","66547","7854566714","7854567333","508522","Industrial Equipment & Supplies (Whol)","www.reedsales.com","11","0"
"Reliable Cap & Closure","9137642277","1001 W Highway 56","Olathe","6750000","","","","35908","R","Reliable Cap & Closure","info@reliablecaps.com","1001 W Highway 56","Olathe","KS","66061","9137640494","9137642277","346601","Bottle Caps & Seals (Manufacturers)","www.reliablecap.com","11","0"
"Mc Cray Lumber Co","9137644243","2210 E Kansas City Rd","Olathe","7740000","Mark Young","Manager","Mal","43148","M","Mc Cray Lumber Co","contactus@mccraylumber.com","2210 E Kansas City Rd","Olathe","KS","66061","8167413439","9137644243","521142","Lumber-Retail","www.mccraylumber.com","11","0"
"Fry-Wagner Moving & Storage Co","9135411981","15850 Santa Fe Dr","Lenexa","9500000","Larry Fry","Owner","Mal","44773","F","Fry-Wagner Moving & Storage Co","info@fry-wagner.com","15850 Santa Fe Dr","Lenexa","KS","66219","3142911263","9135411981","421401","Movers","www.fry-wagner.com","11","0"
"Hog Slat Inc","6206244410","1000 W Pancake Blvd","Liberal","7980000","Kevin Braden","Manager","Mal","50313","H","Hog Slat Inc","webmaster@hogslat.com","1000 W Pancake Blvd","Liberal","KS","67901","9105901053","6206244410","519119","Livestock Equipment & Supplies (Whol)","www.hogslat.com","11","0"
"Akro Fireguard Products Inc","9138887172","9001 Rosehill Rd","Shawnee Mission","7320000","Tim Roudebush","Owner","Mal","50695","A","Akro Fireguard Products Inc","sales@akrofire.com","9001 Rosehill Rd","Shawnee Mission","KS","66215","9138887372","9138887172","289901","Fireproofing Materials (Manufacturers)","www.akrofire.com","11","0"
"Linn Post & Pipe","7853485526","711 Horizon Cir","Linn","9000000","Mike Peters","Manager","Mal","53031","L","Linn Post & Pipe","sales@linnpost.com","711 Horizon Cir","Linn","KS","66953","7853485813","7853485526","503903","Fence (Wholesale)","www.linnpost.com","11","0"
"IMC Kansas Inc","7853360123","W Highway 36","Seneca","7650000","Ken Hermesch","President","Mal","53962","I","IMC Kansas Inc","sales@lagdesigh.com","W Highway 36","Seneca","KS","66538","7853366206","7853360123","243102","Millwork (Manufacturers)","www.lagdesign.com","11","0"
"Dirks Copy Products","6208869883","116 N Main St","Medicine Lodge","5328000","Rick Dirks","Owner","Mal","54884","D","Dirks Copy Products","info@dirkscopy.com","116 N Main St","Medicine Lodge","KS","67104","6208863008","6208869883","504403","Copying & Duplicating Machines & Supls","www.dirkscopy.com","11","0"
"Allsecure Inc","3166120100","2515 E Lincoln St","Wichita","6580000","David Taylor","President","Mal","55962","A","Allsecure Inc","info@allsecurealarms.net","2515 E Lincoln St","Wichita","KS","67211","3166120111","3166120100","506324","Burglar Alarm Systems (Wholesale)","www.allsecurealarms.net","11","0"
"KANSAS CITY FREIGHTLINER","9137806606","15580 S HIGHWAY 169","OLATHE","8100000","WALLY BAUER","Manager","M","56726","K","Kansas City Freightliner","info@kcfreightliner.com","15580 S Highway 169","Olathe","KS","66062","8164538470","9137806606","753812","Truck-Repairing & Service","www.kcfreightliner.com","11","0"
"Carefore Medical","9133275445","11605 S Alden St","Olathe","7774000","Sean Squire","Owner","Mal","57075","C","Carefore Medical","webmaster@careforemedical.com","11605 S Alden St","Olathe","KS","66062","9133275450","9133275445","504704","Physicians & Surgeons Equip & Supls-Whol","www.careforemedical.com","11","0"
"Wheel Technologies","9136488324","9444 Nall Ave","Overland Park","7600000","Danny Blaser","Owner","Mal","60117","W","Wheel Technologies","orders@wheeltechnologies.com","9444 Nall Ave","Overland Park","KS","66207","9136488324","9136488324","553117","Wheels & Wheel Covers","www.wheeltechnologies.com","11","0"
"Lynn Electric","7858435079","2415 Ponderosa Dr","Lawrence","5280000","George Grieb","Owner","Mal","61127","L","Lynn Electric","info@lynnelectric.com","2415 Ponderosa Drive","Lawrence","KS","66046","7858435079","null","173101","Electric Contractors","lynnelectric.com","11","0"
"Dauer Implement Co Inc","7858252141","S Highway 81","Salina","8466000","Steve Dauer","Owner","Mal","62040","D","Dauer Implement Co Inc","mail@dauerimplement.com","S Highway 81","Salina","KS","67401","7858258742","7858252141","508310","Farm Equipment (Wholesale)","www.dauerimplement.com","11","0"
"Buckley Roofing Co Inc","3168389321","3601 N Hydraulic St","Wichita","7440000","Ed Frederick","President","Mal","63768","B","Buckley Roofing Co Inc","info@buckleyroofing.com","3601 N Hydraulic St","Wichita","KS","67219","3168389323","3168389321","176109","Roofing Contractors","www.buckleyroofing.com","11","0"
"ICF Solutions","3169442131","826 E Lincoln St","Wichita","6660000","Tom Reives","President","Mal","63898","I","ICF Solutions","info@icfbuild.com","826 E Lincoln St","Wichita","KS","67211","3169440354","3169442131","508221","Concrete Equipment & Supplies (Whol)","www.icfbuild.com","11","0"
"Long Shots Enterprises","7854930171","825 N 8th St","Salina","7552000","Doug Long","Owner","Mal","63917","L","Long Shots Enterprises","info@kansastarps.com","825 N 8th St","Salina","KS","67401","7854930805","7854930171","509911","Tarpaulins-Wholesale","www.longshotenterprises.com","11","0"
"Carhop","7852665500","3225 SW Topeka Blvd","Topeka","5823000","Jeff Hofer","Manager","Mal","68160","C","Carhop","info@uaconline.com","3225 SW Topeka Blvd","Topeka","KS","66611","4024779838","7852665500","551103","Automobile Dealers-Used Cars","www.ecarhop.com","11","0"
"Western Hydro Corp","6202772132","3420 Jones Ave","Garden City","6528000","Gary Elliott","Manager","Mal","68737","W","Western Hydro Corp","info@westernhydro.com","3420 Jones Ave","Garden City","KS","67846","5107320250","6202772132","508444","Pumps (Wholesale)","www.westernhydro.com","11","0"
"Universal Engraving Inc","9135410503","9090 Nieman Rd","Overland Park","5000000","Glenn Hutchinson","CEO","Mal","69800","U","Universal Engraving Inc","info@ueigroup.com","9090 Nieman Rd","Overland Park","KS","66214","9135418172","9135410503","738955","Engravers-General","www.universalengraving.com","11","0"
"ADVENTURES IN ADVERTISING","9134028000","3445 W 143RD TER","OVERLAND PARK","7800000","DEANNA KEITH","President","F","72018","A","Adventures In Advertising","sales@makingthemark.com","3445 W 143rd Ter","Stanley","KS","66224","9138514249","9134028000","731919","Advertising-Promotional","www.makingthemark.com","11","0"
"Alaskan Fur Co","9136494000","9029 Metcalf Ave","Overland Park","6300000","Missy Smart","President","Fem","72159","A","Alaskan Fur Co","info@alaskanfur.com","9029 Metcalf Ave","Overland Park","KS","66212","9136491272","9136494000","563202","Fur Business-Retail","www.alaskanfur.com","11","0"
"B C Electronic Sales Pro Audio","9139621990","11005 W 59th Ter","Shawnee Mission","7552000","Rick Hanson","Owner","Mal","75544","B","B C Electronic Sales Pro Audio","info@bcelectronics.com","11005 W 59th Ter","Shawnee Mission","KS","66203","9139621990","9139621990","509908","Manufacturers-Agents & Representatives","www.bcelectronics.com","11","0"
"Morton Buildings","6202214180","7748 7th Ave","Winfield","5256000","Elmer Moore","Plant Mgr","Mal","76484","M","Morton Buildings","info@mortonbuildings.com","7866 7th St","Winfield","KS","67156","7018454464","6202213265","154210","Buildings-Metal","www.mortonbuildings.com","11","0"
"Capps Manufacturing Inc","3169429351","2121 S Edwards St","Wichita","6150000","Barney Capps","Owner","Mal","77433","C","Capps Manufacturing Inc","info@cappsmanufacturing.com","2121 S Edwards St","Wichita","KS","67213","3169426771","3169429351","359998","Indstrl/Coml Machinery/Equip Nec (Mfrs)","www.cappsmanufacturing.com","11","0"
"LTM Mfg","7852826366","Us Highway 281","Smith Center","5475000","Michael Nebel","Manager","Mal","77561","L","LTM Manufacturing","info@ltmmfg.com","Route 3 Box 6A","Smith Center","KS","66967","7852826366","7852823786","738999","Business Services Nec","ltmmfg.com^^quickdrawproducts.com","11","0"
"Moly Manufacturing Inc","7854723388","2435 10th Rd","Lorraine","5350000","Jon Mollhagen","Owner","Mal","78009","M","Moly Manufacturing Inc","support@molysilencerchutes.com","2435 10th Rd","Lorraine","KS","67459","7854722530","7854723388","352319","Livestock Equipment & Supplies-Mfrs","www.molysilencerchutes.com","11","0"
"Triangle Sales Inc","9135411800","15300 W 110th St","Lenexa","9792000","Glenn Zumbehl","Owner","Mal","78367","T","Triangle Sales Inc","webmaster@entersource.net","15300 W 110th St","Lenexa","KS","66219","9135410011","9135411800","508417","Fans-Industrial & Commercial (Wholesale)","www.trianglesales.com","11","0"
"Elevator Solutions Intl Inc","6204422510","7702 Fifth Av-Strother Field","Winfield","6440000","John Mann","Owner","Mal","78700","E","Elevator Solutions Intl Inc","webmaster@elevsol.com","7702 Fifth Av-Strother Field","Winfield","KS","67156","6204421599","6204422510","179605","Elevators-Sales & Service","www.elevsol.com","11","0"
"Marshalls","9134327765","5840 Antioch Rd","Shawnee Mission","5994000","Renae Henning","Manager","Fem","79518","M","Marshalls","corporaterewards@tjx.com","5840 Antioch Rd","Shawnee Mission","KS","66202","2568818131","9134327765","531102","Department Stores","www.marshallsonline.com","11","0"
"Agtech","7857763863","805 Carlson St","Manhattan","5985000","John Curtis","Owner","Mal","79586","A","Agtech","info@craigworks.com","805 Carlson Street","Manhattan","KS","66502","7857763863","785.776-4295","519119","Livestock Equipment & Supplies (Whol)","null","11","0"
"Demarche Associates","9133844994","6320 Lamar Ave","Shawnee Mission","6240000","Bob Marchesi","President","Mal","80805","D","Demarche Associates","hr@demarche.com","6320 Lamar Ave","Shawnee Mission","KS","66202","9133843135","9133844994","637102","Pension & Profit Sharing Plans","www.demarche.com","11","0"
"Wheat State Telecable Inc","6207823341","106 W 1st St","Udall","8325000","Greg Reed","President","Mal","82226","W","Wheat State Telecable Inc","support@wheatstate.com","106 W 1st St","Udall","KS","67146","6207823302","6207823341","481304","Telephone Companies","www.wheatstate.com","11","0"
"Beaver Drill & Tool Co","9133842400","3995 Mission Rd","Kansas City","6840000","Robert Vielhauer","Owner","Mal","82487","B","Beaver Drill & Tool Co","sales@beaverdrill.com","3995 Mission Rd","Kansas City","KS","66103","9133844718","9133842400","508522","Industrial Equipment & Supplies (Whol)","www.beaverdrill.com","11","0"
"Precision Pump","6204733824","1401 N 9th St","Humboldt","6344000","Mark Burris","Owner","Mal","82613","P","Precision Pump","info@precisiondhpumps.com","1401 N 9th St","Humboldt","KS","66748","6204732730","6204733824","356198","Pumps & Pumping Equipment (Mfrs)","www.precisiondhpumps.com","11","0"
"Hub International Inc","9133831340","5360 W 95th St","Prairie Village","6624000","Ron Padley","President","Mal","83165","H","Hub International Inc","info@hubpack.com","5360 W 95th St","Prairie Village","KS","66207","9133832023","9133831340","511308","Packaging Materials-Wholesale","www.hubpack.com","11","0"
"Kaylor Dental Laboratory Inc","3169433226","619 N Florence St","Wichita","7125000","Dennis Kaylor","President","Mal","85084","K","Kaylor Dental Laboratory Inc","service@kaylordental.com","619 N Florence St","Wichita","KS","67212","3169435729","3169433226","807201","Laboratories-Dental","www.kaylordental.net","11","0"
"Flo-Products Co","9138295900","14802 W 117th St","Olathe","8550000","Bill Morse","President","Mal","86391","F","Flo-Products Co","sales@flo-products.com","14802 W 117th St","Olathe","KS","66062","3144284097","9138295900","508520","Hydraulic Equipment & Supplies (Whol)","www.flo-products.com","11","0"
"Bearing Headquarters Co","9138311444","3010 S 24th St","Kansas City","7410000","Robert Sullivan","VP","Mal","87184","B","Bearing Headquarters Co","info@headco.com","3010 S 24th St","Kansas City","KS","66106","5742888938","9138311444","508525","Bearings (Wholesale)","www.bearingheadquarters.com","11","0"
"Scriptpro LLC","9133841008","5828 Reeds Rd","Shawnee Mission","5103000","Sherry Coughlin","Owner","Fem","87201","S","Scriptpro LLC","webmaster@scriptpro.com","5828 Reeds Rd","Shawnee Mission","KS","66202","9134324735","9133841008","355913","Pharmaceutical Machinery (Manufacturers)","www.scriptpro.com","11","0"
"Electrolux","3167299500","2233 N Ridge Rd # 105","Wichita","5643000","Wil Kiley","Manager","Mal","87203","E","Electrolux","customerservice@aerusonline.com","2233 N Ridge Rd # 105","Wichita","KS","67205","3167295544","3167299500","363501","Household Vacuum Cleaners (Mfrs)","www.aerusonline.com","11","0"
"Westheffer Co","7858431633","921 N 1st St","Lawrence","8520000","Samih Staitieh","Owner","Mal","87572","W","Westheffer Co","info@westheffer.com","921 N 1st St","Lawrence","KS","66044","7858434486","7858431633","352498","Lawn/Grdn Tractors/Home Lawn Eqpt (Mfrs)","www.westheffer.com","11","0"
"Oakley Motors","7856723102","611 S Freeman Ave","Oakley","5823000","Jim Robin Jr","Owner","Mal","88926","O","Oakley Motors","mail@oakleymotors.com","118 West 2nd","Oakley","KS","67748","7856723238","7856724482","559999","Ret Misc Vehicles Repair Services Plumbing/heating/air","c1hr.com/oakley","11","0"
"R C Sports Inc","9138945177","9910 Lakeview Ave","Shawnee Mission","9840000","Dale Hanson","President","Mal","89915","R","R C Sports Inc","info@rcsports.com","9910 Lakeview Ave","Shawnee Mission","KS","66219","9138945179","9138945177","509111","Sporting Goods-Wholesale","www.rcsports.com","11","0"
"Geiger Ready-Mix Co","9137724010","1333 S 2nd St","Leavenworth","7740000","Edward W Geiger Iii","Owner","Mal","90943","G","Geiger Ready-Mix Co","customerservice@geigerreadymix.com","1333 S 2nd St","Leavenworth","KS","66048","8167819645","9137724010","521128","Concrete-Ready Mixed","www.geigerreadymix.com","11","0"
"Examination Management Svc","3166856200","400 N Woodlawn St # 2","Wichita","5600000","Carolyn Greene","Manager","Fem","91065","E","Examination Management Svc","info@icsmerrill.com","400 N Woodlawn St # 2","Wichita","KS","67208","8172816595","3166856200","809913","Medical & Surgical Svc Organizations","www.emsinet.com","11","0"
"Alternative Sources","3162628143","438 N Ohio Ave","Wichita","6200000","Rod Minner","Owner","Mal","91669","A","Alternative Sources","webmaster@visionsmm.com","438 N Ohio Ave","Wichita","KS","67214","3162628144","3162628143","734902","Janitor Service","www.altsourcesonline.com","11","0"
"STRASBURG CHILDREN","9138881115","9810 INDUSTRIAL BLVD","LENEXA","5100000","STRASBURG JARVIS","Owner","","93007","S","Strasburg Jarvis","customerservice@strasburgchildren.net","9810 Industrial Boulevard","Lenexa","KS","66215","9138881115","9138883802","359915","Industrial Equipment & Supplies","null","11","0"
"National-Spencer Inc","3162655601","9021 W Kellogg Dr","Wichita","9000000","Sam Goode","President","Mal","95134","N","National-Spencer Inc","webmaster@zeeline.com","9021 W Kellogg Dr","Wichita","KS","67209","3162672722","3162655601","358698","Measuring & Dispensing Pumps (Mfrs)","www.zeeline.com","11","0"
"A G Power Inc","6209473182","603 N Ash St","Hillsboro","7470000","Gerald Funk","Manager","Mal","95442","A","A G Power Inc","sales@agpowerinc.net","603 N Ash St","Hillsboro","KS","67063","6209472476","6209473182","508310","Farm Equipment (Wholesale)","www.agpowerinc.com","11","0"
"Kendall Packaging Corp","6202319804","1901 E 27th Ter","Pittsburg","5720000","Robert Bean","Plant Mgr","Mal","96126","K","Kendall Packaging Corp","sales@kendallpkg.com","1901 E 27th Ter","Pittsburg","KS","66762","6202319808","6202319804","275998","Commercial Printing Nec","www.kendallpkg.com","11","0"
"Aero-Mach Labs Inc","3166827707","7707 E Funston St","Wichita","5000000","Donnie Bolain","President","Mal","96192","A","Aero-Mach Labs Inc","sales@aeromach.com","7707 E Funston St","Wichita","KS","67207","3166823418","3166827707","372802","Aircraft Equipment Parts & Supls-Mfrs","www.aeromach.com","11","0"
"XENO TECH LLC","9134387450","16825 W 116TH ST","LENEXA","8900000","ANDREW PARKINSON","Chief Executive Office","M","96922","X","Xeno Tech LLC","information@xenotech.com","16825 W 116th St","Shawnee Mission","KS","66219","9132277100","9134387450","873204","Market Research & Analysis","www.xenotech.com","11","0"
"PARKER OIL CO INC","9135962222","6601 KANSAS AVE","KANSAS CITY","5400000","PAT CLUB","Manager","M","97667","P","Parker Oil Co Inc","info@parkeroil.com","6601 Kansas Ave","Kansas City","KS","66111","9135962226","9135962222","517212","Oil Marketers & Distributors","www.parkeroil.com","11","0"
"Computerwise Inc","9138290600","302 N Winchester St","Olathe","9400000","William Brown","Manager","Mal","97669","C","Computerwise Inc","sales@computerwise.com","302 N Winchester St","Olathe","KS","66062","9138290810","9138290600","357702","Computer Peripherals (Manufacturers)","www.computerwise.com","11","0"
"Applied Industrial Tech Inc","7852325508","115 N Jackson St","Topeka","5700000","R E Henley","Manager","Mal","98196","A","Applied Industrial Tech Inc","techsupport@applied.com","115 N Jackson St","Topeka","KS","66603","9037536028","7852325508","508525","Bearings (Wholesale)","www.applied.com","11","0"
"Everbrite Electronics","6204317383","720 W Cherry St","Chanute","6798000","Steve Small","Manager","Mal","101105","E","Everbrite Electronics","webmaster@everbrite.com","720 W Cherry St","Chanute","KS","66720","6204316400","6204317383","367798","Electronic Coil & Transformers (Mfrs)","www.everbrite.com","11","0"
"William F Hurst Co Inc","3169427474","2121 Southwest Blvd","Wichita","7410000","William Hurst","Owner","Mal","103150","W","William F Hurst Co Inc","info@wmhurst.com","2121 Southwest Blvd","Wichita","KS","67213","2604821881","3169427474","508522","Industrial Equipment & Supplies (Whol)","www.kaisertool.com","11","0"
"Kansas Valve & Fitting","9134324884","4707 Roe Pkwy","Shawnee Mission","7980000","Bruce Pendleton","Owner","Mal","103264","K","Kansas Valve & Fitting","marketing@swagelok.com","4707 Roe Pkwy","Shawnee Mission","KS","66205","4403495843","9134324884","508503","Pipe Fittings (Wholesale)","www.swagelok.com","11","0"
"Jordan Wholesale","3169438860","1133 S Gordon St","Wichita","7740000","Steve Jordan","Owner","Mal","105114","J","Jordan Wholesale","sales@jordaninc.com","1133 S Gordon St","Wichita","KS","67213","3169433238","3169438860","521140","Insulation Materials-Cold & Heat","www.jordaninc.com","11","0"
"Mid-Continent Thermal-Guard","3168384044","1516 W 29th St N","Wichita","5418000","Doran Wulf","Owner","Mal","106109","M","Mid-Continent Thermal-Guard","admin@mctgwindows.com","1516 W 29th St N","Wichita","KS","67204","3168385430","3168384044","521131","Doors","www.mctgwindows.com","11","0"
"Graybar Electric Co","3162658964","3609 W Pawnee St","Wichita","8554000","Nate Decker","Manager","Mal","106733","G","Graybar Electric Co","media@gbe.com","3609 W Pawnee St","Wichita","KS","67213","9107621237","3162658964","506330","Electric Equipment & Supplies-Wholesale","www.graybar.com","11","0"
"Waffle-Crete Internatl Inc","7856253486","2500 E 9th St","Hays","7560000","Jerry Kramer","President","Mal","106925","W","Waffle-Crete Internatl Inc","info@waffle-crete.com","2500 E 9th St","Hays","KS","67601","7856258542","7856253486","355916","Concrete-Block/Prod-Molding Mach (Mfrs)","www.waffle-crete.com","11","0"
"Hansen Mueller Co","7858261801","1700 E Iron Ave","Salina","8349000","J P Worcester","Manager","Mal","107048","Y","Yucatan Web","info@hmgrain.com","1700 E Iron Avenue","Salina","KS","67401","7858261801","7858261803","1099","Metal ores","null","11","0"
"Don Dye Co","6205323131","524 NW 20th Ave","Kingman","6480000","Don Dye","Owner","Mal","107380","D","Don Dye Co","info@dondyeco.com","524 NW 20th Ave","Kingman","KS","67068","6205322141","6205323131","356298","Ball & Roller Bearing (Manufacturers)","www.dondyeco.com","11","0"
"California Closet Co","9138881199","8325 Melrose Dr","Lenexa","6684000","Keith Osborne","Manager","Mal","107984","C","California Closet Co","customer-service@calclosets.com","8325 Melrose Dr","Lenexa","KS","66214","9547823168","9138881199","502309","Closets & Closet Accessories (Whol)","www.calclosets.com","11","0"
"Gaeddert Farms Sweet Corn Inc","6205432473","13209 E 82nd Ave","Buhler","8265000","Julie Gaeddert","Owner","Fem","108028","G","Gaeddert Farms Sweet Corn Inc","info@kansasmaze.com","13209 E 82nd Ave","Buhler","KS","67522","6205433073","6205432473","514805","Fruits & Vegetables-Growers & Shippers","www.kansasmaze.com","11","0"
"Kid Stuff","7858623707","2704 E University St # B-1","Topeka","6800000","Joe Tindall","Owner","Mal","108105","K","Kid Stuff","info@kidstuff.com","2704 E University St # B-1","Topeka","KS","66619","7858620070","7858623707","874213","Marketing Programs & Services","www.kidstuff.com","11","0"
"Kaiser Aluminum Extrusion Div","9134382514","8206 Parkhill Cir","Shawnee Mission","8376000","","","","108460","K","Kitchtenshop Com LLC","sales@kitchenshop.com","9866 Pflumm Rd","Shawnee Mission","KS","66215","9134382514","9134382511","571928","Kitchen Accessories","www.kitchenshop.com","11","0"
"Lewis & Ellis Inc","9134913388","10561 Barkley St # 470","Overland Park","6030000","Leon Langlitz","Owner","Mal","109633","L","Lewis & Ellis Inc","contact@lewisellis.com","10561 Barkley St # 470","Overland Park","KS","66212","9136429777","9134913388","899910","Actuaries","www.lewisellis.com","11","0"
"Family Tree Nursery","9136426503","8424 Farley St","Overland Park","8100000","Ron Nelson","Owner","Mal","111531","F","Family Tree Nursery","webmaster@familytreenursery.com","8424 Farley St","Overland Park","KS","66212","8167923339","9136426503","526104","Garden Centers","www.familytreenursery.com","11","0"
"Swift Transportation Co","9134411882","9000 Woodend Rd","Kansas City","9815000","Dan Johnson","Manager","Mal","111907","S","Swift Transportation Co","info@swifttrans.com","9000 Woodend Rd","Kansas City","KS","66111","6514807857","9134411882","421309","Trucking-Motor Freight","www.swifttrans.com","11","0"
"Docuplex Printing","3162622662","216 N Waco St # B","Wichita","5994000","Jerry Ewy","Owner","Mal","113624","D","Docuplex Printing","info@docuplex.com","216 N Waco St # B","Wichita","KS","67202","3162622805","3162622662","504403","Copying & Duplicating Machines & Supls","www.docuplex.com","11","0"
"Triple C Mfg","7852843674","902 Highway K246","Sabetha","5136000","Galen Ackerman","Owner","Mal","114199","T","Triple C Mfg","info@triple-c-inc.com","902 Highway K246","Sabetha","KS","66534","7852843931","7852843674","352304","Farm Equipment-Manufacturers","www.triple-c-inc.com","11","0"
"Plaza West Regional Health Ctr","7852716700","1570 SW Westport Dr","Topeka","6125000","Nancy Benney","Administrator","Fem","114411","P","Plaza West Regional Health Ctr","info@plazawestcenter.com","1570 SW Westport Dr","Topeka","KS","66604","7852716709","7852716700","805101","Nursing & Convalescent Homes","www.plazawestcare.com","11","0"
"Aerocomm","9134922320","11160 Thompson Ave","Lenexa","9090000","","","","114602","A","Aerocomm","sales@aerocomm.com","11160 Thompson Ave","Lenexa","KS","66219","9134921243","9134922320","506519","Electronic Equipment & Supplies-Whol","www.aerocomm.com","11","0"
"PERFECT OUTPUT","9134516041","4860 COLLEGE BLVD STE 217","LEAWOOD","6200000","JOHN WALKER","Chief Executive Office","M","114912","P","Perfect Output","info@perfectoutput.com","4860 College Blvd","Shawnee Mission","KS","66211","9133178489","9134516041","504403","Copying & Duplicating Machines & Supls","www.perfectoutput.com","11","0"
"Timken Rail Bearing","9134924848","14409 W 106th St","Shawnee Mission","7498000","Greg Hampton","Plant Mgr","Mal","115480","T","Timken Rail Bearing","webmaster@timken.com","14409 W 106th St","Shawnee Mission","KS","66215","3364952661","9134924848","374304","Railroad Equipment (Manufacturers)","www.timken.com","11","0"
"Polaris Electronics Corp","9133931684","630 S Rogers Rd","Olathe","5600000","Jack Kay","Owner","Mal","115890","P","Polaris Electronics Corp","engineering@polariselectronics.com","630 S Rogers Rd","Olathe","KS","66062","9137645045","9133931684","367910","Seals-Hermetic-Manufacturers","www.polariselectronics.com","11","0"
"Cloud Heating & Air Cond Co","7858422258","920 E 28th St","Lawrence","8030000","Doug Cloud","Owner","Mal","116248","C","Cloud Heating & Air Cond Co","info@cloudhvac.com","920 E 28th St","Lawrence","KS","66046","7858422267","7858422258","171102","Heating Contractors","www.cloudhvac.com","11","0"
"Tiede's Line Construction","3165292937","1939 Emmett St","Haysville","6680000","Gene Tiede","Owner","Mal","116617","T","Tiede's Line Construction","info@tiedesline.com","1939 Emmett St","Haysville","KS","67060","3165293096","3165293096","162305","Pole Line Contractors","www.tiedesline.com","11","0"
"Kronos Inc","9134915596","7101 College Blvd # 330","Shawnee Mission","5808000","Bill Laird","Manager","Mal","117155","K","Kronos Inc","support@kronos.com","7101 College Blvd # 330","Shawnee Mission","KS","66210","6102380808","9134915596","573131","Time Recorders","www.kronos.com","11","0"
