"Pier 1 Imports","4066527756","2395 Rosebud Dr","Billings","1620000","Renee Manzer","Manager","Fem","982","P","Pier 1 Imports","customer_service@pier1.com","2395 Rosebud Dr","Billings","MT","59102","4232823249","4066527756","531104","Retail Shops","www.pier1.com","11","0"
"Timberweld Manufacturing","4066523600","1643 24th St W # 308","Billings","2210000","Joseph Hucke","President","Mal","1158","T","Timberweld Manufacturing","sales@timberweld.com","1643 24th St W # 308","Billings","MT","59102","4066523668","4066523600","243103","Building Materials-Manufacturers","www.timberweld.com","11","0"
"Holiday Station Store","4062597361","105 Broadwater Ave","Billings","1638000","Stan Sauer","Manager","Mal","1290","H","Holiday Station Store","customerservice@holidaystationstores.com","105 Broadwater Avenue","Billings","MT","59101","null","4062487037^^4062487","872103","Billing Service","null","11","0"
"WHITEFISH LAKE GOLF CLUB","4068625960","1200 US HIGHWAY 93 W","WHITEFISH","2300000","TIM OLSON","Manager","M","2443","W","Whitefish Lake Golf Club","info@golfwhitefish.com","1200 US Highway 93 N","Whitefish","MT","59937","4067829673","4068625290","5941","Golf equipment","golfwhitefish.com","11","0"
"Reliable Distributing Inc","4062594786","811 2nd Ave N","Billings","1632000","Terry Rice","Owner","Mal","3469","R","Reliable Distributing Inc","sales@reliabledistributing.com","811 2nd Ave N","Billings","MT","59101","4062594855","4062594786","508416","Gauges & Gages (Wholesale)","www.reliabledistributing.com","11","0"
"Northwest Scientific Inc","4062523269","421 N 24th St","Billings","3897000","Rick Imlay","Manager","Mal","3773","N","Northwest Scientific Inc","mail@nwsci.com","421 N 24th St","Billings","MT","59101","4062523269","4062523269","504906","Laboratory Equipment & Supplies (Whol)","www.nwsci.com","11","0"
"GOBUILD","4065229644","6730 TAWNEY BROWN LN","BOZEMAN","1300000","MATTHEW CROCKER","Owner","M","3849","G","Gobuild","sales@newcreationcabinetry.com","6730 Tawney Brown Lane","Bozeman","MT","59718","4065220333","4065229646","509210","Arts & Crafts","gobuild.com","11","0"
"Ironwood Manufacturing Inc","4067214747","1700 Turner St # 1","Missoula","3960000","Brandon Knudson","President","Mal","5118","I","Ironwood Manufacturing Inc","info@ironwoodmfg.com","1700 Turner St # 1","Missoula","MT","59802","4067218424","4067214747","252198","Wood-Office Furniture (Manufacturers)","www.ironwoodmfg.com","11","0"
"A & H Turf & Specialities Inc","4062458466","468 Moore Ln","Billings","1935000","Dave Anderson","President","Mal","5744","A","A & H Turf & Specialities Inc","customerservice@ahturf.com","468 Moore Ln","Billings","MT","59101","4062450108","4062458466","525104","Hardware-Retail","www.ahturf.com","11","0"
"R & T Svc Inc","4066522849","2494 Enterprise Ave","Billings","1898000","Bob Repnak","Owner","Mal","9307","R","R & T Svc Inc","info@randtservices.com","2494 Enterprise Ave","Billings","MT","59102","4066550600","4066522849","171117","Air Conditioning Contractors & Systems","www.randtservices.com","11","0"
"Grand Park Vintage Suites","4066526989","1221 28th St W","Billings","1785000","Judy Annin","Manager","Fem","9449","G","Grand Park Vintage Suites","info@marquiscompanies.com","1221 28th St W","Billings","MT","59102","2083364629","4066526989","836105","Residential Care Homes","www.marquiscompanies.com","11","0"
"LODGECRAFT FURNITURE","4062972547","PO BOX 1303","EUREKA","1600000","TOM KINCHELOE","President","M","10202","L","Lodgecraft Furniture","info@lodgecraft.com","150 Cliff Avenue","EUREKA","MT","59917","4024835000","null","571216","Furniture","lodgecraft.com","11","0"
"Value Added Ctr LTD","4063630662","128 Elk Haven Rd","Hamilton","1316000","Richard O'Brien","Owner","Mal","10767","V","Value Added Ctr LTD","info@valueaddedcentre.com","128 Elk Haven Rd","Hamilton","MT","59840","4063630662","4063630662","506328","Controls Control Systs/Regulators (Whol)","www.valueaddedcentre.com","11","0"
"Quality Supply Inc","4063637644","1189 S 1st St","Hamilton","2838000","Chris Peterson","Manager","Mal","11222","Q","Quality Supply Inc","info@qualitysupply.com","1189 S 1st St","Hamilton","MT","59840","4063637662","4063637644","525104","Hardware-Retail","www.qualitysupply.com","11","0"
"Fisher Radio","4066528400","2075 Central Ave","Billings","3300000","Mark Byford","Manager","Mal","11294","F","Fisher Radio","webmaster@fisherradioregionalgroup.com","2075 Central Ave","Billings","MT","59102","4066524899","4066528400","483201","Radio Stations & Broadcasting Companies","www.krkx.com","11","0"
"Wilson Cabinetry Inc","4066524671","5046 Danford Dr","Billings","3000000","Mark Wilson","Owner","Mal","12025","W","Wilson Cabinetry Inc","sales@wilsoncabinetry.com","5046 Danford Dr","Billings","MT","59106","4066521260","4066524671","571211","Kitchen Cabinets & Equipment-Household","www.wilsoncabinetry.com","11","0"
"Kandahar Lodge","4068626098","3824 Big Mountain Rd","Whitefish","1000000","Robert Love","President","Mal","12872","K","Kandahar Lodge","admin@kandaharlodge.com","3824 Big Mountain Rd","Whitefish","MT","59937","4068626095","4068626098","701110","Skiing Centers & Resorts","www.kandaharlodge.com","11","0"
"Safway Supply Inc","4062487196","120 Moore Ln","Billings","2562000","Larry Sokoloski","Manager","Mal","13117","S","Safway Supply Inc","hostmaster@safwaysupply.com","120 Moore Ln","Billings","MT","59101","4062487269","4062487196","735915","Scaffolding-Renting","www.safwaysupply.com","11","0"
"M & S Meats & Sausage","4068443414","86755 Us Highway 93","Rollins","4990000","Lucy Carlson","Owner","Fem","14528","M","M & S Meats & Sausage","info@msmeats.com","86755 Us Highway 93","Rollins","MT","59931","4068443497","4068443414","201101","Meat Packers","www.msmeats.com","11","0"
"Red Oxx Mfg Inc","4062455847","310 N 13th St","Billings","1127000","Jim Markel","Owner","Mal","15145","R","Red Oxx Mfg Inc","info@redoxx.com","310 N 13th St","Billings","MT","59101","4062455847","4062455847","594801","Luggage-Retail","www.redoxx.com","11","0"
"Kleen King IAQ Duct Cleaning","4064430964","1820 E Lyndale Ave","Helena","4200000","Dan Prebil","Owner","Mal","15363","K","Kleen King IAQ Duct Cleaning","info@kleen-king.com","1820 E Lyndale Ave","Helena","MT","59601","4064434110","4064430964","721704","Carpet & Rug Cleaners","www.kleen-king.com","11","0"
"UPS","4065253204","6452 Us Highway 2","Wolf Point","3036000","Cindy Hanks","Manager","Fem","15670","U","UPS","webmaster@ups.com","6452 Us Highway 2","Wolf Point","MT","59201","3154318339","4065253204","733101","Mailing & Shipping Services","www.ups.com","11","0"
"Fire Master","4062459666","455 Moore Ln # 5","Billings","4720000","Chris Mota","Owner","Mal","16375","F","Fire Master","info@aonefloodtech.com","455 Moore Ln # 5","Billings","MT","59101","NULL","4062459666","509903","Fire Extinguishers (Wholesale)","NULL","11","0"
"King Tool Inc","4065861541","5350 Love Ln","Bozeman","2580000","Casey Emerson","President","Mal","16756","K","King Tool Inc","sales@king-tool.com","5350 Love Ln","Bozeman","MT","59718","4065859028","4065861541","342302","Tools-Manufacturers","www.king-tool.com","11","0"
"Liberty & Rocky Mountain Pipe","4067279062","1321 8th Ave N # 207","Great Falls","3141000","F C Hobbs","CEO","Mal","16785","L","Liberty & Rocky Mountain Pipe","Sales@libertypipe.com","1321 8th Avenue N #207","Great Falls","MT","59401","4066773109","4067279973","5311","Retail shops","libertypipe.com","11","0"
"CONTENENTIAL LINE BUILDERS INC","4063882590","281 ARDEN DR","BELGRADE","1400000","","Unknown","","17220","B","Bridger Mountain Log Homes","info@bridgermtnloghomes.com","PO Box 88","BELGRADE","MT","59714","4063882590","4063882590","738999","Business Services Nec","bridgermtnloghomes.com","11","0"
"Kum & Go","4062324549","1321 S Haynes Ave","Miles City","2184000","","","","17813","K","Kum & Go","jobs@kumandgo.com","1321 S Haynes Ave","Miles City","MT","59301","9709287843","4062324549","541103","Convenience Stores","www.kumandgo.com","11","0"
"Montana-Idaho Log&Timber","4069613092","1069 Us Highway 93 N","Victor","3933000","Jim Cain","Owner","Mal","17988","M","Montana-Idaho Log&Timber","info@mtidlog.com","1069 Us Highway 93 N","Victor","MT","59875","4069613093","4069613092","245201","Log Cabins Homes & Buildings (Mfrs)","www.mtidlog.com","11","0"
"FEI","4062593966","237 ORCHARD LN","BILLINGS","1600000","PETE SEILSTAD","Manager","M","18152","F","FEI","custserv@feiinc.com","237 Orchard Ln","Billings","MT","59101","7018450298","4062593966","517207","Gas (Lpg) Bottled Bulk Equip/Supl (Whol)","www.feiinc.com","11","0"
"HCL Equipment Inc","4062525154","233 Orchard Ln","Billings","4460000","Mel Huschka","Owner","Mal","18317","H","HCL Equipment Inc","administrator@hclequipment.com","233 Orchard Ln","Billings","MT","59101","4062455169","4062525154","556106","Truck Canopies, Caps & Shells","Caps & Shells","11","0"
"Simplot Soilbuilders","4063425660","25 Sugar Rd","Hysham","1330000","Pat Zent","Manager","Mal","18508","S","Simplot Soilbuilders","webmaster@simplot.com","25 Sugar Rd","Hysham","MT","59038","5032865184","4063425660","519114","Fertilizers (Wholesale)","www.simplot.com","11","0"
"M W Mc Coy Cattle Co","4062487331","1802 Minnesota Ave","Billings","3074000","Mike Mc Coy","Owner","Mal","18657","M","M W Mc Coy Cattle Co","info@breakawaystirrups.com","1802 Minnesota Ave","Billings","MT","59101","4062487331","4062487331","515401","Livestock Buyers","www.breakawaystirrups.com","11","0"
"Lake Cnty Abstract & Title Co","4068836226","314 1st St E # 101","Polson","1261000","Rod Johnson","Owner","Mal","18696","L","Lake Cnty Abstract & Title Co","orders@lctitles.com","314 1st St E # 101","Polson","MT","59860","4068832586","4068836226","654102","Title Companies","www.lctitles.com","11","0"
"Triple Creek Ranch","4068214600","5551 W Fork Rd","Darby","3880000","Wayne Kilpatrick","Manager","Mal","18938","T","Triple Creek Ranch","info@triplecreekranch.com","5551 W Fork Rd","Darby","MT","59829","4068214600","4068214666","029101","Ranches","www.triplecreekranch.com","11","0"
"NORTHERN LIGHTS TRADING","4065862225","1716 W BABCOCK ST","BOZEMAN","1300000","MIKE GARCIA","Owner","M","19026","N","Northern Lights Trading","info@nltcoutdoors.com","1716 W Babcock Street","Bozeman","MT","59715","4065862225","4065867544","533102","Trading Posts","nitcountdoors.com;northernlightstrading.com","11","0"
"Kettlehouse Brewing Co","4067281660","602 Myrtle St","Missoula","4851000","Timothy O'Leary","Owner","Mal","19352","K","Kettlehouse Brewing Co","info@twilightgraphic.com","602 Myrtle St","Missoula","MT","59801","4067281660","4067281660","208201","Brewers","www.kettlehouse.com","11","0"
"EAGLE BUSINESS FORMS","4062595432","4148 1ST AVE S","BILLINGS","2800000","TERRY KENNEDY","Manager","M","19865","E","Eagle Business Forms","sales@eagleforms.net","4148 1st Ave S","Billings","MT","59101","4062593965","4062595432","511207","Business Forms & Systems (Wholesale)","www.eagleforms.net","11","0"
"Teppco Crude Oil","4062488888","490 N 31st St # 210","Billings","2103000","","","","20011","T","Teppco Crude Oil","info@teppco.com","490 N 31st St #210","Billings","MT","59101","4062488888","4062488416","131103","Oil Companies","null","11","0"
"Pharmacy 1","4062456717","2900 12th Ave N","Billings","1098000","Jarrod Willems","Owner","Mal","20331","P","Pharmacy 1","contactus@billingspharmacy1.com","2900 12th Ave N","Billings","MT","59101","4062524078","4062456717","591205","Pharmacies","www.billingspharmacy1.com","11","0"
"Montana Leather Co","4062451660","2015 1st Ave N","Billings","1036000","Doug Mac Pherson","Owner","Mal","20653","M","Montana Leather Co","mail@montanaleather.com","2015 1st Ave N","Billings","MT","59101","4062454109","4062451660","594120","Saddlery & Harness","www.montanaleather.com","11","0"
"Buckle","4066520525","300 S 24th St W # 6-80","Billings","2831000","Sean Robinson","Manager","Mal","20753","B","Buckle","customerservice@buckle.com","300 S 24th St W # 6-80","Billings","MT","59102","3343562205","4066520525","565101","Clothing-Retail","www.buckle.com","11","0"
"CENTENNIAL HOMES INC","4062561100","5082 LAUREL RD","BILLINGS","3800000","GUY MAUERHAN","Manager","M","20907","C","Centennial Homes Inc","info@centennial-homes.com","5082 Laurel Rd","Billings","MT","59101","6052255510","4062561100","527102","Mobile Homes-Dealers","www.centennial-homes.com","11","0"
"ILX Lightwave Corp","4065861244","31950 Frontage Rd","Bozeman","3100000","Lawrence Johnson","President","Mal","20931","I","ILX Lightwave Corp","sales@rsaus.rohde-schwarz.com","31950 Frontage Rd","Bozeman","MT","59715","4065869405","4065861244","382798","Optical Instruments & Lenses (Mfrs)","www.ilxlightwave.com","11","0"
"INDUSTRIAL PIPE FITTINGS","4067215550","9400 CARTAGE RD","MISSOULA","1700000","TONY JONES","Manager","M","21410","I","Industrial Pipe Fittings","sales@plasticpipe.com","9400 Cartage Road","Missoula","MT","59808","4066560510","4067216119","5311","Retail shops","plasticpipe.com","11","0"
"MCS Environmental Inc","4067287755","5562 Alloy S","Missoula","4400000","Wade Johnston","President","Mal","21593","M","MCS Environmental Inc","hr@mcs-environmental.com","5562 Alloy S","Missoula","MT","59808","5099242287","4067287755","873111","Environmental & Ecological Services","www.mcs-environmental.com","11","0"
"Mechanical Technology Inc","4062458340","1041 4th Ave N","Billings","2640000","Rich Rose","President","Mal","21987","M","Mechanical Technology Inc","support@mticontrols.com","1041 4th Ave N","Billings","MT","59101","4062450114","4062458340","173101","Electric Contractors","www.mticontrols.com","11","0"
"Kalispell Toppers","4062570247","1111 Rose Xing","Kalispell","2240000","Jim Braaten","Owner","Mal","22558","K","Kalispell Toppers","sales@kalispelltoppers.com","1111 Rose Xing","Kalispell","MT","59901","4062578077","4062570247","501373","Truck Accessories (Wholesale)","www.kalispelltoppers.com","11","0"
"EDGEWOOD VISTA","4062565398","1225 WICKS LN","BILLINGS","1100000","COLLEEN BENJAMIN","Manager","F","22809","E","Edgewood Vista","info@edgewood-village.com","1225 Wicks Ln","Billings","MT","59105","3083840728","4062565398","836105","Residential Care Homes","www.edgewoodvista.com","11","0"
"Home Training Tools LTD","4062560990","546 S 18th St W","Billings","3588000","","","","23180","H","Home Training Tools LTD","service@hometrainingtools.com","546 S 18th St W","Billings","MT","59102","4062560990","4062560990","504713","Microscopes (Wholesale)","www.hometrainingtools.com","11","0"
"Retec Group Inc","4066527481","2048 Overland Ave # 101","Billings","1106000","Karen Sable","Manager","Fem","23554","R","Retec Group Inc","info@retec.com","2048 Overland Ave # 101","Billings","MT","59102","6512228914","4066527481","871120","Engineers-Environmental","www.retec.com","11","0"
"Montana Radiator Works","4066569660","536 S 18th St W","Billings","1188000","John Halstvedt","President","Mal","23564","M","Montana Radiator Works","info@montanaradiatorworks.com","536 S 18th St W","Billings","MT","59102","4066569660","4066569660","753901","Automobile Radiator Repairing","www.montanaradiatorworks.com","11","0"
"Insured Titles","4067287900","1724 Fairview Ave # C","Missoula","1649000","Kate Joyce","Manager","Fem","24141","I","Insured Titles","info@insuredtitles.com","1724 Fairview Ave # C","Missoula","MT","59801","4067285892","4067287900","654102","Title Companies","www.insuredtitles.com","11","0"
"Lang Creek Brewery","4068582200","655 Lang Creek Rd","Marion","3318000","John Campbell","Owner","Mal","24278","L","Lang Creek Brewery","info@langcreekbrewery.com","655 Lang Creek Rd","Marion","MT","59925","4068582499","4068582200","518101","Beer & Ale-Wholesale","www.langcreekbrewery.com","11","0"
"Pioneer Equipment & Supply Co","4067239500","215 Centennial Ave","Butte","4662000","John Eyde","Owner","Mal","24831","P","Pioneer Equipment & Supply Co","info@pioneereq.com","215 Centennial Ave","Butte","MT","59701","4067238579","4067239500","508206","Contractors-Equip/Supls-Dlrs/Svc (Whol)","www.pioneereq.com","11","0"
