"Littleford Day Inc","8595257600","7451 Empire Dr","Florence","65625000","Donald L Steedman","President","Mal","2764","L","Littleford Day Inc","info@littleford.com","7451 Empire Dr","Florence","KY","41042","8595251446","8595257600","355698","Food Products-Machinery (Manufacturers)","www.littleford.com","11","0"
"INVESTORS HERITAGE LIFE INS CO","5022232361","200 CAPITOL AVE","FRANKFORT","55400000","HARRY LEE WATERFIELD II","Chief Executive Office","M","8481","T","Town of Woodstock; Virginia","hostmaster@leather-clothing-site.com","407 N Virginia St","FRANKFORT","KY","40601","5022232361","5022232316","569947","Apparel & Garments","leather-clothing-site.com","11","0"
"LOUISVILLE LADDER INC","5026362811","7765 NATIONAL TPKE # 190","LOUISVILLE","62000000","DAVID HALE","President","M","9008","L","Louisville Ladder Inc","info@louisvilleladder.com","7719 National Tpke # A","Louisville","KY","40214","5026361014","5023687926","508422","Ladders (Wholesale)","www.louisvilleladder.com","11","0"
"Queen City Paper Co","8595780800","5 Floridian Dr","Erlanger","90660000","Ray Huelskamp","President","Mal","44260","Q","Queen City Paper Co","info@queencitymatboard.com","5 Floridian Dr","Erlanger","KY","41018","8594862030","8595780800","511101","Paper Products (Wholesale)","www.queencitymatboard.com","11","0"
"Cta Acoustics Inc","6065288050","100 Cta Blvd","Corbin","50000000","William Woolery","Plant Mgr","Mal","46302","C","Cta Acoustics Inc","info@ctaacoustics.com","100 Cta Blvd","Corbin","KY","40701","6065288074","6065288050","329698","Mineral Wool (Manufacturers)","www.ctaacoustics.com","11","0"
"Martco","5026351600","337 Byrne Ave","Louisville","64484000","Robert Martin","Owner","Mal","49826","M","Martco","sales@martcoinc.com","337 Byrne Ave","Louisville","KY","40209","5026376430","5026351600","506304","Security Control Equip & Systems-Whol","www.martcoinc.com","11","0"
"Louis Trauth Dairy Inc","8594317553","16 E 11th St","Newport","90000000","Gary Sparks","President","Mal","79088","L","Louis Trauth Dairy Inc","info@trauthdairy.com","16 E 11th St","Newport","KY","41071","8594310349","8594317553","202498","Ice Cream & Frozen Desserts (Mfrs)","www.trauthdairy.com","11","0"
"KEITH MONUMENT CO LLC","2707655216","1407 N DIXIE HWY","ELIZABETHTOWN","89500000","","Unknown","","82292","K","Keith Monument Co LLC","info@rockofages.com","1024 N Dixie Ave","Elizabethtown","KY","42701","2703608206","2707655216","328198","Cut Stone & Stone Products (Mfrs)","www.rockofages.com","11","0"
"Affiliated Computer Svc","6068787900","1084 S Laurel Rd","London","78200000","Rick Mills","Manager","Mal","84466","A","Affiliated Computer Svc","info@acs-inc.com","1084 S Laurel Rd","London","KY","40744","2154123007","6068787900","737401","Data Processing Service","www.acs-inc.com","11","0"
"RUE 21","5028634629","401 OUTLET CENTER DR STE 150","GEORGETOWN","60000000","LEAH WOODALL","Manager","F","103835","R","Rue 21","customerservice@rue21.com","401 Outlet Center Dr # 150","Georgetown","KY","40324","6234659750","5028634629","562101","Women's Apparel-Retail","www.rue21.com","11","0"
