"Young Brothers","8089358903","99 Kuhio St","Hilo","2820000","Steve Renstrom","Manager","Mal","1220","Y","Young Brothers","info@htbyb.com","99 Kuhio St","Hilo","HI","96720","8089358761","8089358903","421212","Trucking-Local Cartage","www.youngbrothershawaii.com","11","0"
"KLEENCO CORP","8088317600","3015 KOAPAKA ST","HONOLULU","3600000","DAN PERRY","President","M","1757","K","Kleenco Corp","info@kleenco.net","3015 Koapaka St","Honolulu","HI","96819","8088317606","8088317600","734902","Janitor Service","www.kleenco.net","11","0"
"VACATION MARKETING GROUP","8089446047","4224 WAIALAE AVE STE 5","HONOLULU","4400000","DAVE MARSHALL","President","M","2058","V","Vacation Marketing Group","info@discounthawaii.com","3465 Waialae Ave # 395","Honolulu","HI","96816","8089554649","8089446047","472402","Travel Agencies & Bureaus","www.discounthawaii.com","11","0"
"PARADISE HAWAII COUNTERTOPS","8088487007","1728 HOMERULE ST","HONOLULU","1800000","BRIAN ADACHI","Owner","M","3302","P","Paradise Hawaii Countertops","webmaster@centuryc.com","1728 Homerule St","Honolulu","HI","96819","8088482659","8088487007","571213","Counter Tops","www.bkabuilders.com","11","0"
"York International Corp","8085960761","851 Pohukaina St # D","Honolulu","2630000","Nicholas Navarre","Manager","Mal","3942","Y","York International Corp","webmaster@york.com","851 Pohukaina St # D","Honolulu","HI","96813","7208891515","8085960761","358507","Refrigerating Equip Supls & Parts-Mfrs","www.york.com","11","0"
"Hawaiian Brian's Billiards Pro","8089463741","1680 Kapiolani Blvd","Honolulu","1680000","Richard Akimoto","Owner","Mal","4566","H","Hawaiian Brian''s Billiards Pro","info@hawaiianbrians.com","1680 Kapiolani Blvd","Honolulu","HI","96814","8089463741","8089463741","799912","Billiard Parlors","www.hawaiianbrians.com","11","0"
"KILOHANA","8082455608","3-2243 KAUMUALII HWY","LIHUE","1200000","","Unknown","","6080","R","Roland Curtains","sales@clayworksatkilohana.com","32087 Kaumualii Highway","Lihue","HI","96766","8082455608","8082457818;80824625","5311","Retail shops","clayworksatkilohana.com;kilohanakauai.com","11","0"
"OILS OF ALOHA","8086375620","66-935 KAUKONAHUA RD","WAIALUA","1500000","DANA G GRAY","Manager","M","6424","O","Oils Of Aloha","info@oilsofaloha.com","66-935 Kaukonahua Rd","Waialua","HI","96791","8086376194","8086375620","284498","Perfumes Cosmetics/Toilet Preps (Mfrs)","www.oilsofaloha.com","11","0"
"PLANTATION HOUSE RESTAURANT","8086696299","2000 PLANTATION CLUB DR","LAHAINA","3300000","ROY DUNN","Owner","M","6949","O","ORS Bearings; Inc","info@theplantationhouse.com","2000 Plantation Club Drive","Lahaina","HI","96761","8086696299","8086691222","799798","Membership Sports & Recreation Clubs","null","11","0"
"PACIFIC REFRIGERATION & MARKET","8084885244","99-1225 WAIUA PL","AIEA","2200000","CHUCK VOWELL","President","M","7906","P","Pacific Refrigeration & Market","mail@pac-refrig.com","99-1225 Waiua Pl # E","Aiea","HI","96701","8084883845","8084885244","507804","Refrigerating Equip-Coml (Wholesale)","www.pac-refrig.com","11","0"
"MC COY CUSTOMER TRAVEL","8088930388","355 HUKILIKE ST STE 108","KAHULUI","4800000","MELISSA MCCOY","Owner","F","8303","N","Not Listed","marketing@mccoytravel.com","Suite 207; 355 Hukilike St","Kahului","HI","96732","8088930388","8088930138","5999","Marketing NEC","www.alohadestinations.com","11","0"
"Petrospect Inc","8085366626","499 N Nimitz Hwy # 21","Honolulu","1034000","David Harrington","Owner","Mal","9079","P","Petrospect Inc","jobs@petrospect.net","499 N Nimitz Hwy # 21","Honolulu","HI","96817","8085311359","8085366626","738992","Petroleum Consultants","www.petrospect.net","11","0"
"Waikiki Beach Activities Inc","8089514088","2005 Kalia Rd","Honolulu","1680000","Robert Hampton","President","Mal","9848","W","Waikiki Beach Activities Inc","webmaster@waikikibeachactivities.com","2005 Kalia Rd","Honolulu","HI","96815","8089514089","8089514088","799980","Water Sports Equipment-Rental","www.waikikibeachactivities.com","11","0"
"ISLAND PRINCESS CANDIES","8088395222","2846 UALENA ST","HONOLULU","3700000","GWEN PURDY","Owner","F","9976","I","Island Princess Candies","info@islandprincesshawaii.com","2846 Ualena St","Honolulu","HI","96819","8088362019","8088395222","206401","Candy & Confectionery-Manufacturers","www.islandprincesshawaii.com","11","0"
"Laser Eye Ctr Of Hawaii LLC","8089466000","1600 Kapiolani Blvd # 105","Honolulu","1148000","Susan Nelson","Manager","Fem","10413","L","Laser Eye Ctr Of Hawaii LLC","information@lasereyehawaii.com","1600 Kapiolani Blvd # 105","Honolulu","HI","96814","8089466000","8089466000","804957","Laser Surgery","www.lasereyehawaii.com","11","0"
"Paradise Helicopters","8089697392","Hilo International Airport","Hilo","2520000","Cal Dorn","Owner","Mal","10603","P","Paradise Helicopters","info@tropicalhelicopters.com","Hilo International Airport","Hilo","HI","96720","8089691632","8089697392","452204","Helicopter Charter & Tours","www.tropicalhelicopters.com","11","0"
"MARMOL HI NATURAL STONES LTD","8088480842","759 PUULOA RD","HONOLULU","2500000","ADRIANO FERRAZ","Owner","M","13339","M","Marmol Hi NATURAL Stones LTD","sales@marmolhi.com","759 Puuloa Rd","Honolulu","HI","96819","8088480842","8088480842","503204","Granite (Wholesale)","www.marmolhi.com","11","0"
"ROYAL HAWAIIAN SHOPPING CTR","8089220588","2201 KALAKAUA AVE STE 500","HONOLULU","3000000","MARLENE AKAU","Manager","F","13726","R","Royal Hawaiian Shopping Ctr","info@royalhawaiianshoppingcenter.com","2201 Kalakaua Ave # A500","Honolulu","HI","96815","8089220961","8089220588","651201","Shopping Centers & Malls","www.shopwaikiki.com","11","0"
"Paradise Service","8082469474","3155 Kuhio Hwy","Lihue","2100000","Steve Victorino","Manager","Mal","14205","P","Paradise Service","info@paradiseservices.com","3155 Kuhio Hwy","Lihue","HI","96766","8082469474","8082469474","554101","Service Stations-Gasoline & Oil","www.paradiseservices.com","11","0"
"HAWAII CHINA TRAVEL SVC","8089517778","1631 KAPIOLANI BLVD","HONOLULU","2200000","HONG OU","Owner","M","14276","H","Hawaii China Travel Svc","info@ctshawaii.com","1631 Kapiolani Blvd","Honolulu","HI","96814","8089517778","8089517778","472501","Tours-Operators & Promoters","www.ctshawaii.com","11","0"
"A'a Party Supplies","8086771964","94-078 Leokane St","Waipahu","1647000","Leonard Sabro","President","Mal","14628","A","A'a Party Supplies","sales@aapartysupplies.com","94-078 Leokane St","Waipahu","HI","96797","8086781958","8086781958","735906","Party Supplies","www.aapartysupplies.com","11","0"
"MOBILE CAR AUDIO","8084842886","98-265 KAMEHAMEHA HWY","AIEA","1500000","RYAN LUNG","Owner","M","14895","M","Mobile Car Audio","info@mobilecaraudio.com","98-265 Kamehameha Hwy","Aiea","HI","96701","8084842651","8084842886","553107","Automobile Alarms","www.mobilecaraudio.com","11","0"
"BANYAN HARBOR RESORT","8082457333","3411 WILCOX RD","LIHUE","1500000","CHRISTOPHER GAMPON","Manager","M","15647","B","Banyan Harbor Resort","webmaster@banyanharbor.net","3411 Wilcox Rd","Lihue","HI","96766","8082464776","8082457333","651301","Condominiums","www.vacation-kauai.com","11","0"
"MULLIGANS ON THE BLUE","8088741131","100 KAUKAHI ST","KIHEI","1300000","BILLY PRENDERGAST","Manager","M","15984","o","office support services","info@mulligansonthebluemaui.com","100 Kaukahi Street","Kihei","HI","96753","8088741131","8088741822","8999","Services NEC","mulligansonthebluemaui.com","11","0"
"RAINBOW SALES & MARKETING","8084876455","98-715 KUAHAO PL","PEARL CITY","3600000","WILLIAM PRIDEAUX","Chief Executive Office","M","16134","R","Rainbow Sales & Marketing","info@rsmhawaii.net","98-715 Kuahao Pl","Pearl City","HI","96782","8084870888","8084876455","514102","Food Brokers","www.rsmhawaii.net","11","0"
"PARTY CITY","8086713133","94-799 LUMIAINA ST STE C","WAIPAHU","2700000","KWOK-WING SHUM","Owner","M","16383","P","Party City","webmaster@partycity.com","94-799 Lumiaina St # C","Waipahu","HI","96797","4326998140","8086713133","594716","Party Supplies","www.partycity.com","11","0"
"GUIDE.NET INC","8085393631","2800 WOODLAWN DR STE 128","HONOLULU","1400000","RICHARD HALVERSON","Owner","M","16753","G","Guide.Net Inc","info@guide.net","2800 Woodlawn Dr # 128","Honolulu","HI","96822","8085393728","8085393631","737416","Internet Home Page Dev Consulting","www.guide.net","11","0"
"South Point Designs Inc","8088416724","819 Moowaa St # 110","Honolulu","2860000","Robert Miura","President","Mal","18421","S","South Point Designs Inc","info@202south.com","819 Moowaa St # 110","Honolulu","HI","96817","8088416729","8088416724","275902","Screen Printing","NULL","11","0"
"BLUE PRINT CO","8085366148","820 S BERETANIA ST STE 200","HONOLULU","1300000","ALLAN DOWSETT","Owner","M","18584","B","Blue Print Co","info@pacificwebmail.com","820 S Beretania St # 200","Honolulu","HI","96813","8085366151","8085366148","733401","Blueprinting","www.theblueprintcompany.com","11","0"
"DONALDSON ENTERPRISES INC","8082352662","2969 MAPUNAPUNA PL STE 111","HONOLULU","1200000","MICHELLE DONALDSON","Vice-President","F","19947","D","Donaldson Enterprises Inc","info@deiuxo.com","2969 Mapunapuna Pl # 111","Honolulu","HI","96819","8088401991","8082352662","495319","Bomb Disposal","www.deiuxo.com","11","0"
"Kenner Wire & Cable System","8088364585","3375 Koapaka St # 250","Honolulu","3290000","Debbi Kenner","Owner","Fem","20756","K","Kenner Wire & Cable System","sales@kenner-cable.com","3375 Koapaka St # 250","Honolulu","HI","96819","8088364585","","506312","Wire & Cable-Electric (Wholesale)","www.kenner-cable.com","11","0"
"HONOLULU SIGN CO LTD","8088474047","1353 MOONUI ST","HONOLULU","2300000","WILLIAM T ROTZ","President","M","20827","H","Honolulu Sign Co LTD","info@honolulusign.com","1353 Moonui St","Honolulu","HI","96817","8088425796","8088474047","399302","Signs (Manufacturers)","www.honolulusign.com","11","0"
"BANANA PATCH STUDIO","8083355944","PO BOX 950","HANAPEPE","1400000","JOANNA CAROLAN","Owner","F","21813","B","Banana Patch Studio","info@bananapatchstudio.com","3865 Hanapepe Rd","Hanapepe","HI","96716","8083353830","8083355944","594514","Ceramic Products-Decorative","www.bananapatchstudio.com","11","0"
"Senfu Co Hawaii Inc","8089510035","1441 Kapiolani Blvd # 207a","Honolulu","1448000","David Chen","President","Mal","22180","S","Senfu Co Hawaii Inc","sales@senfu.com","1441 Kapiolani Blvd # 207a","Honolulu","HI","96814","8089510035","8089510035","509209","Toys-Wholesale","www.senfu.com","11","0"
"Lahaina Divers Inc","8086677496","143 Dickenson St","Lahaina","1512000","Akiyo Murada","Manager","Fem","22581","L","Lahaina Divers Inc","info@lahainadivers.com","143 Dickenson St","Lahaina","HI","96761","8086615195","8086677496","799924","Diving Instruction","www.lahainadivers.com","11","0"
"NOTKIN HAWAII INC","8089416600","738 KAHEKA ST STE 301","HONOLULU","1500000","KEITH CHAN PE","Owner","M","23712","N","Notkin Hawaii Inc","careers@notkinhi.com","738 Kaheka St # 301","Honolulu","HI","96814","8089466696","8089416600","871125","Engineers-Mechanical","www.notkinhi.com","11","0"
"Center Pharmacy Inc","8086222773","302 California Ave # 105","Wahiawa","1281000","Mel Kawahara","Owner","Mal","24465","C","Center Pharmacy","info@centerpharmacyinc.com","302 California Avenue #105","Wahiawa","HI","96786","8086222773","8086227595","591205","Pharmacies","centerpharmacyinc.com","11","0"
"ARMSTRONG CONSULTING INC","8083778500","850 W HIND DR STE 208","HONOLULU","1600000","DALE ARMSTRONG","Owner","M","24927","A","Armstrong & Assoc","sales@armstrongassoc.net","850 W Hind Dr # 208","Honolulu","HI","96821","8083778500","8083778500","738919","Building Inspection Service","www.armstrongassoc.net","11","0"
"Clinical Laboratories","8088854451","67-1123 Mamalahoa Hwy","Kamuela","3384000","Brian Gallagher","Manager","Mal","25724","C","Clinical Laboratories","recruiting@hawaiilabs.com","67-1123 Mamalahoa Hwy","Kamuela","HI","96743","8088852102","8088854451","807101","Laboratories-Medical","www.clinicallabs.com","11","0"
"Gallery At Ward Centre","8085978034","1200 Ala Moana Blvd","Honolulu","2144000","Helen Iaea","President","Fem","26484","G","Gallery At Ward Centre","info@artgalleryhawaii.com","1200 Ala Moana Blvd","Honolulu","HI","96814","8085978034","8085978034","599969","Art Galleries & Dealers","www.artgalleryhawaii.com","11","0"
"HAWAII HANA TOUR & TRAVEL INC","8089518448","1481 S KING ST STE 125","HONOLULU","1300000","HANA CHOI","President","F","26719","H","Hawaii Hana Tour & Travel Inc","webmaster@hawaiihana.com","1481 S King St # 125","Honolulu","HI","96814","8089412250","8089518448","472402","Travel Agencies & Bureaus","www.hawaiihana.com","11","0"
"Wet Seal","8086679117","900 Front St # B101","Lahaina","1044000","","","","26859","W","Wet Seal","orders@wetseal.com","900 Front St # B101","Lahaina","HI","96761","4794422529","8086679117","562101","Women's Apparel-Retail","www.wetseal.com","11","0"
"KAHALA CATERERS INC","8087357775","3458 WAIALAE AVE","HONOLULU","3800000","WINSTON GAMPLE","Chief Executive Office","M","27624","K","Kahala Caterers Inc","info@kahalacaterers.com","3458 Waialae Ave","Honolulu","HI","96816","8087357776","8087357775","581212","Caterers","www.kahalacaterers.com","11","0"
"SAWAYAKA HAWAII INC","8089245511","2222 KALAKAUA AVE STE 800","HONOLULU","4400000","CATHY AIMOTO","Manager","F","28428","S","Sawayaka Hawaii Inc","info@sawayakahawaii.com","2222 Kalakaua Ave # 800","Honolulu","HI","96815","8089245511","8089245511","472402","Travel Agencies & Bureaus","www.sawayakahawaii.com","11","0"
"HAWAII FENCE SUPPLY","8086820086","91-210 OLAI ST","KAPOLEI","3100000","MICHAEL SIGNAIGO","Owner","M","28474","H","Hawaii Fence Supply","info@hawaiifencesupply.com","91-210 Olai St","Kapolei","HI","96707","8086820086","8086820086","503903","Fence (Wholesale)","www.hawaiifencesupply.com","11","0"
"PACIFIC LEGEND APPAREL","8088426019","1622 DEMOCRAT ST","HONOLULU","2300000","JERRY LIEW","President","M","28655","P","Pacific Legend Apparel","info@pacificlegend.com","1622 Democrat St","Honolulu","HI","96819","8088426077","8088426019","513628","Clothing-Wholesale","www.pacificlegend.com","11","0"
"Hawaii Digital Printing","8089556999","1668 S King St # 101","Honolulu","1000000","Tony Lam","Owner","Mal","28701","H","Hawaii Digital Printing","info@hawaiidigital.com","1668 S King St # 101","Honolulu","HI","96826","8085919701","8089556999","738401","Photo Finishing-Retail","www.hawaiidigital.net","11","0"
"Conrad Enterprises Inc","8088424467","301 Sand Island Access Rd","Honolulu","3872000","Glenn Sasaki","President","Mal","29362","C","Conrad Enterprises Inc","info@cehawaii.com","301 Sand Island Access Rd","Honolulu","HI","96819","8088488916","8088424467","594301","Office Supplies","www.cehawaii.com","11","0"
"Clarence Lee Design Inc","8089415021","2333 Kapiolani Blvd","Honolulu","1600000","Clarence Lee","Owner","Mal","29417","C","Clarence Lee Design Inc","info@clarencelee.com","2333 Kapiolani Blvd","Honolulu","HI","96826","8089490481","8089415021","733603","Graphic Designers","www.clarencelee.com","11","0"
"Jeans Warehouse","8089443777","1450 Ala Moana Blvd # 1068","Honolulu","1508000","Shelly Andrin","Manager","Fem","29423","J","Jeans Warehouse","customerservice@jeanswarehousehawaii.com","1450 Ala Moana Blvd # 1068","Honolulu","HI","96814","8089443777","8089443777","562101","Women's Apparel-Retail","www.jeanswarehousehawaii.com","11","0"
"CRACK SEED CTR","8089497200","1450 ALA MOANA BLVD STE 1044","HONOLULU","3900000","PATRICIA LI","Owner","F","29586","C","Crack Seed Ctr","info@crackseedcenter.com","1450 Ala Moana Blvd # 1044","Honolulu","HI","96814","8089517888","8089497200","549924","Seeds-Chinese Preserved","www.crackseed.com","11","0"
"KUMU AM & FM","8089471500","765 AMANA ST STE 206","HONOLULU","2300000","JOHN DETZ","Manager","M","30066","K","KUMU AM & FM","techsupport@kumu.com","765 Amana St # 206","Honolulu","HI","96814","8089471506","8089471500","483201","Radio Stations & Broadcasting Companies","www.kumu.com","11","0"
"ISLAND HOPPERS","8083290018","73-300 UU ST","KAILUA KONA","2900000","PHIL ALDRIDGE","President","M","30227","I","Island Hoppers","support@domainavenue.com","73-300 Uu St","Kailua Kona","HI","96740","8083312079","8089692000","472501","Tours-Operators & Promoters","www.hawaiiislandhoppers.com","11","0"
"PACIFICO RESTAURANT","8086674341","505 FRONT ST STE 114","LAHAINA","2500000","STEPHAN DEL ROBER","Owner","M","30641","S","System One Technical Inc","info@pacificomaui.com","505 Front Street #114","Lahaina","HI","96761","8086674341","8086618399","8999","Services NEC","pacificomaui.com","11","0"
"TRAVEL HAWAII","8087377726","4224 WAIALAE AVE STE 5 PMB 537","HONOLULU","2900000","JOHN LINDELOW","Owner","M","30911","N","Not Listed","sales@aloha-hawaii-travel.com","4224 Waialae Avenue #5 Pmb 537","Honolulu","HI","96816","8087377726","null","4724","Travel agents","null","11","0"
"GARDEN ISLAND","8082453681","3-3137 KUHIO HWY","LIHUE","1900000","","Unknown","","30950","G","Garden Island","info@kauaiworld.com","PO Box 231","Lihue","HI","96766","7865531415","3056549313","738999","Business Services Nec","www.kauaiworld.com","11","0"
"ALLTEMP INC","8088716723","269 PAPA PL STE 10","KAHULUI","3500000","STEVE HILYARD","Owner","M","31139","A","Alltemp Inc","info@alltempinc.com","269 Papa Pl # 10","Kahului","HI","96732","8088716725","8088716723","171117","Air Conditioning Contractors & Systems","www.alltempinc.com","11","0"
"HAWAII FOLIAGE EXPORTS INC","8089598966","324 PAUOPALAE ST","HILO","1400000","PAT MC GRATH","President","M","31576","H","Hawaii Foliage Exports Inc","info@perfectlyhawaiian.com","324 Pauopalae St","Hilo","HI","96720","8089593141","8089598966","519306","Nurseries-Plants Trees & Etc-Wholesale","www.perfectlyhawaiian.com","11","0"
"KHT Consulting Intl","8083298883","85-5358 Napoopoo Rd","Captain Cook","1422000","Kelvin Trewartha","President","Mal","31841","K","KHT Consulting Intl","engineering@khtci-kona.com","85-5358 Napoopoo Rd","Captain Cook","HI","96704","8083298883","8083298883","871110","Engineers-Civil","www.khtci-kona.com","11","0"
"AAA LEAK MASTER INC","8082543648","35 KAINEHE ST STE 101","KAILUA","1500000","FRANK ROGERS","Owner","M","32732","E","Estill Enterprises","sales@leakmaster.com","35 Kainehe Street #101","Kailua","HI","96734","8082543648","8082613648","5311","Retail shops","leakmaster.com","11","0"
"GREAT LIFE TOURS","8089248687","413 SEASIDE AVE # 5","HONOLULU","1000000","ANN DOWIE","Owner","F","33329","G","Great Life Tours","info@greatlifetours.com","413 Seaside Ave # 5","Honolulu","HI","96815","8089268687","8089248687","472402","Travel Agencies & Bureaus","www.greatlifetours.com","11","0"
"ATLAS SALES CO","8088411111","348 PUUHALE RD STE A","HONOLULU","3500000","ROBERT HAMADA","President","M","33427","A","Atlas Sales Co","sales@atlas-sales.com","348 Puuhale Rd # A","Honolulu","HI","96819","8088416400","8088411111","503207","Concrete Constr Forms & Acces (Whol)","www.atlas-sales.com","11","0"
"MULVADI CORP","8085373358","1321 HART ST STE 4","HONOLULU","1000000","STEVE MULGREW","Owner","M","33601","M","Mulvadi Corp","customerservice@mulvadi.com","866 Iwilei Rd","Honolulu","HI","96817","8085373358","8085373358","514905","Coffee & Tea-Wholesale","www.mulvadi.com","11","0"
"Paradise Cruise LTD","8089837700","1540 S King St","Honolulu","2650000","","","","34389","P","Paradise Cruise LTD","info@paradisecruises.com","1540 S King St","Honolulu","HI","96826","8089837783","8089837700","448902","Boats-Excursions","www.paradisecruises.com","11","0"
"Envisions Entertainment","8088741000","381 Huku Lii Pl # 3","Kihei","4400000","Wayne Hikiji","President","Mal","34996","E","Envisions Entertainment","info@envisionsentertainment.com","381 Huku Lii Pl # 3","Kihei","HI","96753","8088790720","8088741000","792905","Entertainment Bureaus","www.envisionsentertainment.com","11","0"
"DAVIS TILE & MARBLE","8083270028","74-5598 ALAPA ST","KAILUA KONA","2000000","GARY DAVIS","Owner","M","35324","D","Dixie Cut Stone & Marble","info@davistile.net","745617 Pawai Place #G","Kailua Kona","HI","96740","8083270028","8083270029","328110","Marble Contractors Equip & Supls (Mfrs)","davistile.net","11","0"
"MC CULLY SHOPPING CTR","8089557377","1960 KAPIOLANI BLVD STE B1","HONOLULU","1100000","SUSAN MAGDANGAL","Manager","F","35356","M","Mc Cully Shopping Ctr","info@mccullysc.com","1960 Kapiolani Blvd # B1","Honolulu","HI","96826","8089557380","8089557377","651201","Shopping Centers & Malls","www.mccullysc.com","11","0"
"ENPRO ENVIRONMENTAL","8082620909","629 KAILUA RD STE 204","KAILUA","2000000","RANDY HEROLD","President","M","35787","E","Enpro Environmental","info@enproenvironmental.com","629 Kailua Rd # 204","Kailua","HI","96734","8082624449","8082620909","874837","Industrial Hygiene Consultants","www.enproenvironmental.com","11","0"
"HAWAIIWEB","8086891552","91-6416 KAPOLEI PKWY","EWA BEACH","3200000","DAVID DIETERLE","Owner","M","36546","H","Hawaiiweb","info@hawaiiweb.com","91-6416 Kapolei Pkwy","Ewa Beach","HI","96706","8086891524","8086891552","472501","Tours-Operators & Promoters","www.hawaiiweb.com","11","0"
"Maui Kamaole Assn-Homeowners","8088749381","2777 S Kihei Rd","Kihei","3168000","Jeff Marsh","Manager","Mal","37403","M","Maui Kamaole Assn-Homeowners","info@mauikamaole.com","2777 S Kihei Rd","Kihei","HI","96753","8088918432","8088749381","651301","Condominiums","www.mauikamaole.com","11","0"
"BIG ISLAND CANDIES INC","8089358890","585 HINANO ST","HILO","3800000","ALLAN IKAWA","Owner","M","37520","B","Big Island Candies Inc","contactus@bigislandcandies.com","585 Hinano St","Hilo","HI","96720","8089616941","8089358890","544101","Candy & Confectionery-Retail","www.bigislandcandies.com","11","0"
"ISLAND SCREENS INC","8086715425","94-410 KOAKI ST","WAIPAHU","2300000","ART NITAHARA","Owner","M","37671","I","Island Screens Inc","info@islandscreen.com","94-410 Koaki St","Waipahu","HI","96797","8086768569","8086715425","521116","Screens-Door & Window","www.islandscreen.com","11","0"
"PARADISE LUA","8086686885","91-255 HANUA ST # B","KAPOLEI","2000000","JEANETTE GRACE","Owner","F","37837","P","Paradise Lua","info@paradiselua.com","91-255 Hanua St # B","Kapolei","HI","96707","8086908119","8086686885","735922","Toilets-Portable","www.paradiselua.com","11","0"
"Stanfast Inc","8088458876","320 Waiakamilo Rd # A","Honolulu","2223000","Dave Reid","Manager","Mal","37908","S","Stanfast Inc","webmaster@standardregister.com","320 Waiakamilo Rd # A","Honolulu","HI","96817","9163400200","8088458876","276103","Business Forms & Systems-Manufacturers","www.smartworks.com","11","0"
"Terminix International Co","8082459055","2976 Aukele St # B1","Lihue","1794000","Tom Christy","Manager","Mal","37929","T","Terminix International Co","info@terminixtr.com","2976 Aukele St # B1","Lihue","HI","96766","7707926233","8082459055","734201","Pest Control","www.terminix.com","11","0"
"LAHAINA VISITORS CTR","8086679193","648 WHARF ST","LAHAINA","3200000","THEO MORRISON","Executive Director","F","38094","L","Lahaina Visitors Ctr","info@visitlahaina.com","648 Wharf St","Lahaina","HI","96761","8086619309","8086679193","472401","Tourist Information","www.lahainarestoration.org","11","0"
"Princeville Ranch Adventures","8088267669","5-4280 Kuhio Hwy","Princeville","2162000","Denise Carswell","Owner","Fem","38413","P","Princeville Ranch Adventures","info@adventureskauai.com","5-4280 Kuhio Hwy","Princeville","HI","96722","8088267668","8088267669","472501","Tours-Operators & Promoters","www.kauai-hiking.com","11","0"
"Facts","8089443637","1110 University Ave # 204","Honolulu","1030000","Fereidun Fesharaki","President","Mal","38560","F","Facts","info@factsinc.net","1110 University Ave # 204","Honolulu","HI","96826","8089466320","8089443637","873202","Economic Research & Analysis","www.factsinc.net","11","0"
"Hawaii Embossing Svc","8084234222","4331 Lawehana St # C","Honolulu","1001000","Wayne M Sakuma","President","Mal","38748","H","Hawaii Embossing Svc","sales@hawaiiembossing.com","4331 Lawehana St # C","Honolulu","HI","96818","8084239603","8084234222","275909","Embossing","www.hawaiiembossing.com","11","0"
"DISCOUNT FABRIC WAREHOUSE","8089351234","933 KANOELEHUA AVE # 7","HILO","1000000","BILL MILLER","Owner","M","38869","D","Discount Fabric Warehouse","info@neekdesign.com","933 Kanoelehua Ave # 7","Hilo","HI","96720","7079353016","8089351234","594902","Fabric Shops","www.benziger.com","11","0"
"ALOHA TOWER MARKETPLACE","8085285700","1 ALOHA TOWER DR STE 3000","HONOLULU","3000000","","Unknown","","38970","A","Aloha Tower Marketplace","webmaster@ebizhawaii.com","1 Aloha Tower Dr # 3000","Honolulu","HI","96813","8085285700","8085285700","651201","Shopping Centers & Malls","www.uspacificconstruction.com","11","0"
"Centerscale Automation Hawaii","8088337999","2632 Kilihau St # A","Honolulu","1592000","Myles Kurashige","Owner","Mal","39006","C","Centerscale Automation Hawaii","info@centerscale.com","2632 Kilihau St # A","Honolulu","HI","96819","8088337999","8088337999","504607","Scales (Wholesale)","www.centerscale.com","11","0"
"BALDRIDGE & ASSOC STRUCTURAL","8085341300","1164 BISHOP ST","HONOLULU","1700000","STEVE BALDRIDGE PE","Owner","M","39169","B","Baldridge & Assoc Structural","info@baseengr.com","1164 Bishop St # 605","Honolulu","HI","96813","8085341301","8085341300","871137","Engineers-Structural","www.baseengr.com","11","0"
"Bob's Tropicals","8088220019","6186 Helena Ln","Kapaa","1116000","Robert M Grinpas","Owner","Mal","39578","B","Bob's Tropicals","support@bobstropicals.com","6186 Helena Ln","Kapaa","HI","96746","NULL","8088220019","018101","Greenhouses","www.bobstropicals.com","11","0"
"SUN TOURS & TRAVEL","8084887676","98-1247 KAAHUMANU ST STE 114","AIEA","1300000","NANCY EASTLUND","Owner","F","39630","D","Dick Winter","sales@suntourshawaii.com","981247 Kaahumanu St. Ste 114","AIEA","HI","96701","8084887676","8084885553","5311","Retail shops","suntourshawaii.net","11","0"
"WWWABNORMALLAB.COM","8083837001","","Honolulu","2200000","Pat Oh","Owner","Fem","39665","W","WWWABNORMALLAB.COM","info@abnormallab.com","NULL","Honolulu","HI","96825","8083837001","8083837001","792908","Music & Live Entertainment","www.abnormallab.com","11","0"
"MIN PLASTICS & SUPPLY INC","8088471511","921 KAAMAHU PL","HONOLULU","1100000","DWIGHT MIN","President","M","39782","M","Min Plastics & Supply Inc","sales@minplastics.com","921 Kaamahu Pl","Honolulu","HI","96817","8088471511","8088471511","504602","Display Fixtures & Materials (Wholesale)","www.minplastics.com","11","0"
"Hawaii Forest & Trail LTD","8083318505","74-5035 Queen Kaahumanu Hwy #B","Kailua Kona","2350000","Robert Pacheco","Owner","Mal","39832","H","Hawaii Forest & Trail LTD","info@hawaii-forest.com","74-5035 Queen Kaahumanu Hwy #B","Kailua Kona","HI","96740","4796311856","8083318505","472501","Tours-Operators & Promoters","www.aba.org","11","0"
"Brookstone Inc","8085933232","1200 Ala Moana Blvd","Honolulu","1260000","Sandra Solmiren","Manager","Fem","40841","B","Brookstone Inc","customerservice@brookstone.com","1200 Ala Moana Blvd","Honolulu","HI","96814","6029565589","8085933232","563211","Women's Specialty Shops","www.brookstone.com","11","0"
"Bug Man Termite & Pest Inc","8088711283","296 Alamaha St # C3","Kahului","1794000","Vincent Mozina","President","Mal","40934","B","Bug Man Termite & Pest Inc","webmaster@bugmanhawaii.com","296 Alamaha St # C3","Kahului","HI","96732","8088729769","8088711283","734201","Pest Control","www.bugmanhawaii.com","11","0"
"Paradise Autos Inc","8084876500","98-085 Kamehameha Hwy","Aiea","3882000","Wayne Meadows","Owner","Mal","41347","P","Paradise Autos Inc","info@paradiseautosinc.com","98-085 Kamehameha Hwy","Aiea","HI","96701","8084876500","8084876500","551103","Automobile Dealers-Used Cars","www.paradiseautosinc.com","11","0"
"CRUISER PHILS VOLCANO RIDERS","8088932332","58 AMALA PL # A","KAHULUI","4400000","PHIL FELICIANO","Owner","M","42183","C","Cruiser Phils Volcano Riders","webmaster@kenmarc.com","58 Amala Pl # A","Kahului","HI","96732","8088716262","8088932332","472507","Bicycle Tours","www.cruiserphil.com","11","0"
"MC KILLICAN AMERICAN INC","8088394404","2858 KAIHIKAPU ST","HONOLULU","2800000","PATRICK FUJIOKA","Manager","M","42355","M","Mc Killican American Inc","info@mckillican.com","2858 Kaihikapu St","Honolulu","HI","96819","5098918100","8088394404","503114","Building Materials-Wholesale","www.mckillican.com","11","0"
"Loomis Fargo & Co","8088417511","1540 Kalani St","Honolulu","2900000","Duane Pearson","Manager","Mal","42521","L","Loomis Fargo & Co","employment@loomisfargo.com","1540 Kalani St","Honolulu","HI","96817","3179551278","8088417511","738103","Armored Car Service","www.loomisfargo.com","11","0"
"WAILEA REALTY CORP","8088791991","3750 WAILEA ALANUI DR STE B51","KIHEI","2400000","HELEN MAC ARTHUR","Owner","F","42638","S","Sugar Beach Resort","info@wailearealty.com","145 North Kihei Road","KIHEI","HI","96753","8088791991","8088796481","701111","Resorts","wailearealty.com","11","0"
"KEEHI MARINE CTR","8088456465","24 SAND ISLAND ACCESS RD STE 1","HONOLULU","2800000","YOSHI MURAOKA","Manager","M","42743","K","Keehi Marine Ctr","info@keehimarine.com","24 Sand Island Access Rd # 10","Honolulu","HI","96819","8088416610","8088456465","449306","Marinas","www.keehimarine.com","11","0"
"CANOE RESTAURANT","8086610937","1450 FRONT ST","LAHAINA","2500000","SIMON VOJANI","Owner","M","42812","S","Stella''s Baseball Batting Range","info@canoesrestaurant.com","1450 Front Street","Lahaina","HI","96761","8086610937","8086614028","794198","Professional Sports Clubs & Promoters","canoesrestaurant.com","11","0"
"Firestone Tire & Auto Ctr","8082542258","1667 Mokapu Rd","Kailua","1368000","Scott Sato","Manager","Mal","42912","F","Firestone Tire & Auto Ctr","info@mastercare.com","1667 Mokapu Rd","Kailua","HI","96734","2143691315","8082542258","553123","Tire-Dealers-Retail","www.mastercare.com","11","0"
"Cor Vel Corp","8085931430","711 Kapiolani Blvd # 150","Honolulu","3340000","Kristy Kobayashi","Manager","Fem","43017","C","Cor Vel Corp","webmaster@corvel.com","711 Kapiolani Blvd # 150","Honolulu","HI","96813","5058300200","8085931430","811101","Attorneys Service Bureaus","www.corvel.com","11","0"
"Oceanic Imaging Consultants","8085393706","1144 10th Ave # 200","Honolulu","2464000","Thomas B Reed Iv","President","Mal","43073","O","Oceanic Imaging Consultants","info@oicinc.com","1144 10th Ave # 200","Honolulu","HI","96816","8087914075","8085393706","873107","Oceanographers","www.oicinc.com","11","0"
"MANDALAHOMES.NET","8085799099","29 Baldwin Ave","Paia","1314000","Bruce Douglas","Owner","Mal","43227","M","MANDALAHOMES.NET","info@mandalahomes.net","29 Baldwin Ave","Paia","HI","96779","8085799099","8085799099","154212","Buildings-Pre-Cut Prefabricated/Modular","www.mandalahomes.net","11","0"
"JOSEPH K & CO","8085932883","875 WAIMANU ST STE 601","HONOLULU","2500000","KAREN SOTOMURA","Owner","F","43700","J","Joseph K & Co","info@josephk.com","875 Waimanu St # 216","Honolulu","HI","96813","8085938082","8085932883","599951","Christmas Lights & Decorations","www.josephk.com","11","0"
"TERRITORIAL SAVINGS & LOAN","8089511254","1132 BISHOP ST STE 2200","HONOLULU","2400000","","Unknown","","44284","T","Territorial Savings & Loan","techsupport@banksite.com","1000 Bishop St","Honolulu","HI","96813","8085361354","8085361710","603501","Savings & Loan Associations","www.territorialsavings.net","11","0"
"CENTRAL PACIFIC SUPPLY CORP","8088391952","855 AHUA ST","HONOLULU","2000000","RALPH A FERGUSON III","President","M","44432","C","Central Pacific Supply Corp","sales@tilemart.com","855 Ahua St","Honolulu","HI","96819","8088340963","8088391952","174301","Tile-Ceramic-Contractors & Dealers","www.tilemart.com","11","0"
"MARIANS CATERING","8086216758","79 MANGO PL","WAHIAWA","3000000","JIM HARADA","President","M","44557","M","Marian's Island Wide Catering","info@marianscatering.com","79 Mango Place 23rd Floor","Wahiawa","HI","96786","8086216758","8086213670","581212","Caterers","marianscatering.com","11","0"
"WIL CHEE PLANNING","8085964688","1018 PALM DR","HONOLULU","4100000","WILBERT CHEE","Owner","M","44566","W","WIL Chee Planning","info@wcphawaii.com","1018 Palm Dr","Honolulu","HI","96814","8085971851","8085964688","874824","City Regional & Town Planners","www.wcphawaii.com","11","0"
"Ohana Waikiki Tower","8089226424","2375 Kuhio Ave","Honolulu","2450000","Lester Shim","Manager","Mal","44642","O","Ohana Waikiki Tower","webmaster@ohanahotels.com","2375 Kuhio Ave","Honolulu","HI","96815","8089234632","8089226424","701111","Resorts","www.ohanahotels.com","11","0"
"A FURNITURE WORLD OUTLET","8089413595","1673 KALAKAUA AVE","HONOLULU","1600000","MICHAEL ZHANG","Owner","M","44650","A","A Furniture World Outlet","customerservice@afurnitureworldoutlet.com","1673 Kalakaua Ave","Honolulu","HI","96826","8089460062","8089413595","571216","Furniture-Dealers-Retail","www.afurnitureworldoutlet.com","11","0"
"FOREVER FLORALS-NANI MAKANA","8085376937","501 SUMNER ST STE 621","HONOLULU","4100000","THOMAS W MATTHEWS","President","M","44848","T","TIM OTHY A GRAVITT","info@foreverflorals.com","501 Sumner #621","Honolulu","HI","96817","8085376937","8085376939","599202","Plants","foreverflorals.com","11","0"
"Tori Richard Image Apparel","8088477041","1334 Moonui St","Honolulu","2720000","M Feldman","Owner","Mal","44943","T","Tori Richard Image Apparel","mail@toririchard.com","1334 Moonui St","Honolulu","HI","96817","8088423615","8088477041","232901","Men's Clothing-Manufacturers","www.toririchard.com","11","0"
"Island Art & Framing","8085284232","1365 Nuuanu Ave # 4","Honolulu","1340000","Jeff Liu","Owner","Mal","45009","I","Island Art & Framing","service@iaghawaii.com","1365 Nuuanu Ave # 4","Honolulu","HI","96817","8085285880","8085284232","599969","Art Galleries & Dealers","www.iaghawaii.com","11","0"
"Hawaiian Resources Co LTD","8086362300","","Waialua","2154000","","","","45056","H","Hawaiian Resources Co LTD","customer_service@mailorderhawaii.com","NULL","Waialua","HI","96791","8086362301","8086362300","519937","Souvenirs-Wholesale","www.hawaiianresources.net","11","0"
"Southshore Charters Inc","8088718636","251 Lalo St # K1","Kahului","1092000","Edgar Kerr","Owner","Mal","45143","S","Southshore Charters Inc","info@maui-snorkeling-adventures.com","251 Lalo St # K1","Kahului","HI","96732","8088725687","8088718636","799913","Boats-Rental & Charter","www.maui-snorkeling-adventures.com","11","0"
"Altig International","8082547000","970 N Kalaheo Ave # C308","Kailua","3525000","Brian Traboulay","Executive Director","Mal","45246","A","Altig International","webmaster@altig.com","970 N Kalaheo Ave # C308","Kailua","HI","96734","9013488434","8082547000","421205","Delivery Service","www.altig.com","11","0"
"SOLAR HAWAII INC","8085230711","1357 KAPIOLANI BLVD STE 1450","HONOLULU","2600000","J Y SOTOMURA","Owner","M","45308","S","Solar Hawaii Inc","careers@cmlhawaii.com","1357 Kapiolani Blvd # 1545","Honolulu","HI","96814","8089439651","8087914846","171111","Solar Heating Contractors","www.cmlhawaii.com","11","0"
"MORIKAWA DRAPERY & CARPETS","8088416025","1258 N KING ST","HONOLULU","3000000","ALAN MORIKAWA","Owner","M","45399","M","Morikawa Drapery & Carpets","webmaster@morikawahawaii.com","1258 N King St","Honolulu","HI","96817","8088411666","8088416025","571305","Carpet & Rug Dealers-New","www.morikawahawaii.com","11","0"
"INTER-ISLAND SOLAR SUPPLY","8085230711","761 AHUA ST","HONOLULU","3800000","LAWRENCE JUDD III","Owner","M","45421","Z","Zane Financial","info@solarsupply.com","761 Ahua Street","Honolulu","HI","96819","8085230711","8085365586","628205","Financial Planning Consultants","solarsupply.com","11","0"
"HAWAII CHEMICAL & SCIENTIFIC","8088414265","2363 N KING ST","HONOLULU","1100000","JOHN MARLOWE","Owner","M","45858","H","Hawaii Chemical & Scientific","info@hawaiiscientific.com","2363 N King St","Honolulu","HI","96819","8088414265","8088414265","504906","Laboratory Equipment & Supplies (Whol)","www.hawaiiscientific.com","11","0"
"KINGS TRAVEL INC","8085934481","725 KAPIOLANI BLVD STE C103","HONOLULU","1900000","PETER WANG","Owner","M","45962","K","Kings Travel Inc","webmaster@reallycheapfares.com","725 Kapiolani Blvd # C103","Honolulu","HI","96813","8085960505","8085934481","472901","Airline Ticket Agencies","www.kingstravel.com","11","0"
"CREATIVE SIGNS & GRAPHICS LTD","8088410402","2024 HOMERULE ST","HONOLULU","2200000","DANA SHELTON","President","M","46197","C","Creative Signs & Graphics LTD","sales@mail.creativesign.com","2024 Homerule St","Honolulu","HI","96819","8088474502","8088410402","179960","Sign Contractors","www.creativesign.com","11","0"
"Radmotorsport Inc","8086809809","94-221 Leonui St","Waipahu","1520000","Rod Agcaoili","Owner","Mal","46602","R","Radmotorsport Inc","webmaster@danicaproductions.com","94-221 Leonui St","Waipahu","HI","96797","8086809809","8086809809","553113","Automobile Racing Car Equipment","www.radmotorsport.com","11","0"
"Today's Little People Inc","8089261772","2169 Kalia Rd","Honolulu","1950000","Laurie Rodriguez","Owner","Fem","46612","T","Today''s Little People Inc","info@alohakids.com","2169 Kalia Rd","Honolulu","HI","96815","8089261772","8089261772","564103","Childrens & Infants Wear-Retail","www.alohakids.com","11","0"
"POSTPI.COM INC","8084416481","1314 S KING ST STE 855","HONOLULU","2200000","","Unknown","","46873","P","Postpi.Com Inc","info@postpi.com","1314 S King St # 855","Honolulu","HI","96814","8084416481","8084416481","731917","Advertising-Computer","www.postpi.com","11","0"
"ATTENTION PLUS CARE","8087392811","1580 MAKALOA ST STE 1060","HONOLULU","2900000","KARL SAMPLES","Owner","M","47090","A","Attention Plus Care","admin@attentionplus.com","1580 Makaloa St # 1060","Honolulu","HI","96814","8087390169","8087392811","808201","Home Health Service","www.attentionplus.com","11","0"
"Pharma Care","8088360223","3375 Koapaka St # G320","Honolulu","2940000","Byron Yoshino","President","Mal","47559","P","Pharma Care","info@pharmacarehawaii.com","3375 Koapaka St # G320","Honolulu","HI","96819","8088360537","8088360223","808201","Home Health Service","www.pharmacarehawaii.com","11","0"
"DECISION RESEARCH CORP","8089498316","1600 KAPIOLANI BLVD STE 900","HONOLULU","4300000","WALT SIMMONS","President","M","47586","D","Decision Research Corp","info@decisionresearch.com","1600 Kapiolani Blvd # 900","Honolulu","HI","96814","8089424298","8089498316","737401","Data Processing Service","www.decisionresearch.com","11","0"
"STAR THEME PARTYS","8082395546","47-174 KAMEHAMEHA HWY","KANEOHE","1600000","","Unknown","","47677","S","Star Theme Partys","postmaster@starthemepartys.com","47-174 Kamehameha Hwy","Kaneohe","HI","96744","8082395546","8082395546","738931","Convention & Meeting Facilities & Svc","www.starthemepartys.com","11","0"
"UNICOLD CORP","8088362931","3140 UALENA ST","HONOLULU","3500000","DARRYL KAWANO","Manager","M","47740","U","Unicold Corp","sales@unicoldcorp.com","3140 Ualena St","Honolulu","HI","96819","5108341320","8088362931","422202","Warehouses-Cold Storage","www.unicoldcorp.com","11","0"
"Leo A Daly Co","8085218889","1357 Kapiolani Blvd # 1230","Honolulu","3950000","Edward Z Pskowski","VP","Mal","47795","L","Leo A Daly Co","info@leoadaly.com","1357 Kapiolani Blvd # 1230","Honolulu","HI","96814","4048748330","8085218889","871111","Engineers-Consulting","www.leoadaly.com","11","0"
"NAURU TOWER","8085921200","1330 ALA MOANA BLVD","HONOLULU","1200000","WEYLIN HOKUTAN","Manager","M","47929","N","Nauru Tower","webmaster@naurutower.com","1330 Ala Moana Blvd","Honolulu","HI","96814","8085921208","8085921200","651301","Condominiums","www.naurutower.com","11","0"
"Royal Mauian Resort","8088791263","2430 S Kihei Rd","Kihei","1188000","Nena Oda","Manager","Fem","48238","R","Royal Mauian Resort","info@royalmauianresort.com","2430 S Kihei Rd","Kihei","HI","96753","8088747639","8088791263","651301","Condominiums","www.royalmauianresort.com","11","0"
"SYSTEMCENTER INC","8088470911","1738 SILVA ST","HONOLULU","2300000","BILL EDWARDS","President","M","48679","S","Systemcenter Inc","contact@systemcenter.com","1738 Silva St","Honolulu","HI","96819","8088482784","8088470911","594302","Filing Equipment Systems & Supplies","www.systemcenter.com","11","0"
"Airport/Speed Shuttle","8086616667","55 Amala Pl","Kahului","4864000","Cecil Morton","Owner","Mal","48725","A","Airport/Speed Shuttle","sales@speedishuttle.com","55 Amala Pl","Kahului","HI","96732","8086610815","8086616667","411103","Shuttle Service","www.speedishuttle.com","11","0"
"Angelwear","8087355386","465 Kapahulu Ave","Honolulu","1388000","Joy Graham","Owner","Fem","48952","A","Angelwear","customerservice@hawaiiankinestuff.com","465 Kapahulu Ave","Honolulu","HI","96815","8087355386","8087355386","513705","Women's Apparel-Wholesale","www.angelwearhawaii.com","11","0"
"PONDS AT PUNALUU","8082931100","53-594 KAMEHAMEHA HWY","HAUULA","2700000","CINDY MEIERS","Administrator","F","48971","P","Ponds At Punaluu","info@pondsatpunaluu.com","53-594 Kamehameha Hwy","Hauula","HI","96717","8082932773","8082931100","805903","Adult Care Facilities","www.pondsatpunaluu.com","11","0"
"Primatech Construction Inc","8089526888","1668 S King St","Honolulu","3540000","Jack Ho","Owner","Mal","49086","P","Primatech Construction Inc","info@primatechconstruction.com","1668 S King St","Honolulu","HI","96826","8082466887","8089526888","152144","Construction Companies","www.primatechconstruction.com","11","0"
"ADP Employer Svc","8085969677","711 Kapiolani Blvd # 900","Honolulu","2575000","Jay Rueckert","Manager","Mal","49150","A","ADP Employer Svc","webmaster@adp.com","711 Kapiolani Blvd # 900","Honolulu","HI","96813","9095926529","8085969677","872106","Payroll Preparation Service","www.adp.com","11","0"
"OCEAN SPORTS WAIKOLOA","8088855555","69-275 WAIKOLOA BEACH DR","WAIKOLOA","1400000","JUDY JENNET","Owner","F","49534","O","Ocean Sports Waikoloa","sales@hawaiioceansports.com","69-275 Waikoloa Beach Dr","Waikoloa","HI","96738","8088838269","8088855555","448902","Boats-Excursions","www.hawaiioceansports.com","11","0"
"HAWAII5POINT0.COM","8085388888","","Honolulu","1224000","","","","50240","H","HAWAII5POINT0.COM","info@hawaii5point0.com","","Honolulu","HI","96813","8085388888","","737416","Internet Home Page Dev Consulting","www.hawaii5point0.com","11","0"
"ISLAND SOAP & CANDLE WORKS","8088281955","2474 KENEKE ST","KILAUEA","1100000","STEVE CANNELLA","Owner","M","50291","I","Island Soap & Candle Works","mail@islandsoap.com","2474 Keneke St","Kilauea","HI","96754","8088281955","8088281955","599953","Candles","www.islandsoap.com","11","0"
"MASON ARCHITECTS INC","8085360556","119 MERCHANT ST STE 501","HONOLULU","2200000","GLENN MASON","Owner","M","50341","Z","Zirch Technologies","info@masonarch.com","119 Merchant St.","null","HI","96813","8085360556","8085260577","8999","Services NEC","null","11","0"
"HAWAIIAN ODYSSEY HELICOPTERS","8088334354","110 KAPALULU PL","HONOLULU","1200000","RICHARD SCHUMAN","Owner","M","50416","H","Hawaiian Odyssey Helicopters","info@makanikai.com","110 Kapalulu Pl","Honolulu","HI","96819","8088377867","8088334354","452204","Helicopter Charter & Tours","www.makanikai.com","11","0"
"UESHIMA COFFEE UCC HAWAII","8083285662","82-5810 NAPOOPOO RD","CAPTAIN COOK","1900000","BENYMAR SADUMIANO","Manager","M","50420","U","Ueshima Coffee UCC Hawaii","webmaster@ucc-hawaii.com","82-5810 Napoopoo Rd","Captain Cook","HI","96704","8083285663","8083285662","549915","Coffee & Tea","www.ucc-hawaii.com","11","0"
"Lumi International LLC","8089511000","1953 S Beretania St # 3d","Honolulu","3586000","Yasuo Ogawa","Manager","Mal","50725","L","Lumi International LLC","webmaster@smartcows.com","1953 S Beretania St # 3d","Honolulu","HI","96826","8089460111","8089511000","737801","Computers-Service & Repair","www.iav.com","11","0"
"Marukai","8085891132","333 Ward Ave","Honolulu","3240000","Diana Young","Manager","Fem","50953","M","Marukai","info@marukai.com","333 Ward Ave","Honolulu","HI","96814","3106606301","8085891132","531104","Retail Shops","www.marukai.com","11","0"
"LAMERS ENTERPRISE INC","8088459365","251 PUUHALE RD","HONOLULU","2400000","HISAO NAKAMURA","Owner","M","51010","L","Lamers Enterprise Inc","customerservice@lamersenterprise.com","251 Puuhale Rd","Honolulu","HI","96819","8088455592","8088459365","508724","Janitors Equipment/Supplies (Wholesale)","www.lamersenterprise.com","11","0"
"PARADISE COVE LUAU","8088427911","1860 ALA MOANA BLVD STE 401","HONOLULU","1000000","KEITH HORITA","Owner","M","51157","P","Paradise Cove Luau","info@paradisecove.com","1860 Ala Moana Blvd # 401","Honolulu","HI","96815","8089558286","8088427911","581201","Luaus","www.paradisecove.com","11","0"
"DSI OF HAWAII INC","8089556319","738 KAHEKA ST STE 202","HONOLULU","1100000","MALCOLM CHONG","Owner","M","51397","D","DSI Of Hawaii Inc","support@dsihi.com","738 Kaheka St # 202","Honolulu","HI","96814","8089453016","8089556319","504507","Data Processing Equipment (Wholesale)","www.dsihi.com","11","0"
"XTREME FUN RENTALS INC","8086213001","75 LENA PL","WAHIAWA","1900000","CLAIRE KIM","President","F","51525","X","Xtreme Fun Rentals Inc","info@xtremefun.net","75 Lena Pl","Wahiawa","HI","96786","8086218533","8086213001","594716","Party Supplies","www.xtremefunrentals.com","11","0"
"Com Tel Inc","8085291002","1001 Bishop St # 2600","Honolulu","2412000","Lou Darnell","Owner","Mal","51679","C","Com Tel Inc","info@comtelhi.com","1001 Bishop St # 2600","Honolulu","HI","96813","8085237995","8085291002","599904","Telephone Equipment & Supplies","www.comtelhi.com","11","0"
"Tower Records/Video/Books","8084864966","98-199 Kamehameha Hwy","Aiea","3600000","Art Kusunoki","Manager","Mal","52032","T","Tower Records/Video/Books","orders@towerrecords.com","98-199 Kamehameha Hwy","Aiea","HI","96701","5165412281","8084864966","573502","Video Tapes Discs & Cassettes","www.towerrecords.com","11","0"
"Grace Pacific Corp","8088772755","Ameron Quarry Camp 10","Puunene","4700000","Norman Shinno","Manager","Mal","52169","G","Grace Pacific Corp","jobs@gracepacificcorp.com","Ameron Quarry Camp 10","Puunene","HI","96784","8088770438","8088772755","161101","Paving Contractors","www.gracepacificcorp.com","11","0"
