"SHIROKIYA","8089739234","1450 ALA MOANA BLVD STE 2250","HONOLULU","66600000","","Unknown","","25651","S","Shirokiya","sales@shirokiya.com","1450 Ala Moana Blvd # 2250","Honolulu","HI","96814","8089739160","8089739111","531102","Department Stores","www.shirokiya.com","11","0"
"COVAN WORLD-WIDE MOVING INC","8086821576","1043 OPULE ST","KAPOLEI","91200000","NEAL TAMANAHA","Manager","M","40907","C","Covan World-Wide Moving Inc","international@covan.com","91-120 Hanua St","Kapolei","HI","96707","2708866432","8086821576","421401","Movers","www.covan.com","11","0"
"Island Import Co","8086768121","94-059 Leokane St","Waipahu","53850000","Charles Clowe","Owner","Mal","41129","I","Island Import Co","information@islandwoods.com","94-059 Leokane St","Waipahu","HI","96797","8086764488","8086768121","519910","Giftwares-Wholesale","www.islandwoods.com","11","0"
"CRAZY SHIRTS INC","8084879919","99-969 IWAENA ST","AIEA","50000000","MARK HOLLANDER","Chief Executive Office","M","47371","C","Claxton Printing","info@crazyshirts.com","99969 Iwaena Street","AIEA","HI","96701","8084879919","8084832209","275202","Printers","CRAZESHIRTS.COM","11","0"
"GRACE PACIFIC CORP","8088453991","110 PUUHALE RD","HONOLULU","64000000","DWAYNE STEELE","President","M","48440","G","Grace Pacific Corp","info@hawaiisafety.com","110 Puuhale Rd","Honolulu","HI","96819","8088770438","8088453991","161101","Paving Contractors","www.gracepacificcorp.com","11","0"
