mail id,company,email,address,phone,fax,sic,sic description,web,,revenue id,company,address,city,state,zip,	metro,web,phone,fax,contact,position,gender,sales,# of employee,sic,sic_descrpiton,	,,
"59708","A G Russell Knives","A-Russell@agrussell.com","1920 N 26th St","NULL","4796310130","507203","Cutlery-Wholesale","NULL"," Email <---> Revenue ","105347","A G Russell Knives","1920 N 26th St","Lowell","AR","72745","Benton","","4796310130","","A G Russell","Owner","Mal","9842000","19","507203","Cutlery-Whol","3","0","1"
"38976","Karate For Kids","abrasive@isrv.com","5501 John F Kennedy Boulevard","5017536100","5018124100","799944","Karate Judo Jiu-Jitsu & Kung Fu Instr","www.darmann.com"," Email <---> Revenue ","7934","ATA BLACK BELT ACADEMY","5501 JOHN F KENNEDY BLVD","N LITTLE ROCK","AR","72116","Pulaski","","5017536100","","KATHY LEE","Manager","F","5000000","1083","799920","Martial Arts","3","0","1"
"29893","World Wide Travel Svc","B-C@wwtravelsource.net","2228 Cottondale Ln # 200","5013762615","5013781211","472402","Travel Agencies & Bureaus","NULL"," Email <---> Revenue ","323686","World Wide Travel Svc","2228 Cottondale Ln # 200","Little Rock","AR","72202","Pulaski","www.wwts.com","5013781211","5013762615","Betta Carney","Owner","Fem","5680000","80","472402","Travel Agenc","3","0","1"
"14458","Big Mac Mobile Home","Baker_Don@bigmachomes.com","Kiehl Ave & Jacksonville Fwy","5018346201","5018354888","527102","Mobile Homes-Dealers","NULL"," Email <---> Revenue ","129718","Big Mac Mobile Home","Kiehl Ave & Jacksonville Fwy","Sherwood","AR","72120","Pulaski","www.bigmachomes.com","5018354888","5018346201","Don Baker","Owner","Mal","6765000","15","527102","Mobile Homes","3","0","1"
"64615","Lovvorn Wholesale Lumber Corp","bradbyrd@lovvornlumber.com","515 S Phoenix St","4796465534","4796464685","503109","Lumber-Wholesale","www.lovvornlumber.com"," Email <---> Revenue ","59022","LOVVORN WHOLESALE LUMBER CORP","515 S PHOENIX AVE","FORT SMITH","AR","72916","Sebastian","","4796464685","4796465534","BILL LOVVORN","President","M","5200000","25","242100","Sawmills, Pl","3","0","1"
"57954","Boyd Metals","brenda@boydmetals.com","600 S 7th St","4797820424","4797829060","505106","Steel-Distributors & Warehouses","www.boydmetals.com"," Email <---> Revenue ","13795","BOYD METALS","600 S 7TH ST","FORT SMITH","AR","72901","Sebastian","","4797829060","","TOM KENNON","Owner","M","7900000","35","349900","Fab Metal Pd","3","0","1"
"53163","40/29 Your Hometown News","bstephens@thehometownchannel.com","2415 N Albert Pike Ave","4797855375","4797834040","483301","Television Stations & Broadcasting CO","NULL"," Email <---> Revenue ","205","40/29 YOUR HOMETOWN NEWS","2415 N ALBERT PIKE AVE","FORT SMITH","AR","72904","Sebastian","","4797834040","","JIM PRESTWOOD","Manager","M","6600000","75","483300","Tv Brdcstg S","3","0","1"
"51753","First Financial Computer Svc","B_Thomason@ffcs.com","18122 Cantrell Rd","5018684351","5018684300","504411","Bank Equipment & Supplies (Wholesale)","NULL"," Email <---> Revenue ","182143","First Financial Computer Svc","18122 Cantrell Rd","Little Rock","AR","72223","Pulaski","www.ffcs.com","5018684300","5018684351","Bob Thomason","Owner","Mal","5994000","18","504411","Bank Equipme","3","0","1"
"47220","School Partners","C.D@schoolpartnerscard.com","1523 S Bowman Rd","5012969522","5012969550","839907","Fund Raising Counselors & Organizations","NULL"," Email <---> Revenue ","283122","School Partners","1523 S Bowman Rd","Little Rock","AR","72211","Pulaski","www.schoolpartnerscard.com","5012969550","5012969522","Chuck Defede","Owner","Mal","5679000","9","839907","Fund Raising","3","0","1"
"38168","Mc Goodwin Williams & Yates","Carl-Yates@mwyusa.com","909 E Rolling Hills Dr","4794434340","4794433404","871111","Engineers-Consulting","NULL"," Email <---> Revenue ","238059","Mc Goodwin Williams & Yates","909 E Rolling Hills Dr","Fayetteville","AR","72703","Washington","www.mwyusa.com","4794433404","4794434340","Carl Yates","President","Mal","7866000","38","871111","Engineers-Co","3","0","1"
"35485","Butler & Cook Inc","chester.koprovic@tamaracook.com","7900 Ball Rd","4797824925","4797836962","508520","Hydraulic Equipment & Supplies (Whol)","NULL"," Email <---> Revenue ","15763","BUTLER & COOK INC","7900 BALL RD","FORT SMITH","AR","72908","Sebastian","","4797836962","","CHESTER KOPROVIC","Owner","M","6900000","40","344100","Fabricated S","3","0","1"
"54882","JMC Truck Accessories Inc","chris@rivermarketdistrict.com","401 Municipal Dr","5019824441","5019824441","501373","Truck Accessories (Wholesale)","www.goodselltruck.com"," Email <---> Revenue ","211147","JMC Truck Accessories Inc","401 Municipal Dr","Jacksonville","AR","72076","Pulaski","www.goodselltruck.com","5019824441","","Mark Goodsell","Owner","Mal","6720000","15","501373","Truck Access","3","0","1"
"31716","Commercial Audio Systems","Crews@commercialaudio.com","244 E Robinson Ave","4797569624","4797569623","504301","Audio-Visual Equipment & Supls (Whol)","NULL"," Email <---> Revenue ","152507","Commercial Audio Systems","1802 N Lowell Rd","Springdale","AR","72764","Washington","","4797569623","4797569624","Jim Crews","Owner","Mal","7070000","7","506507","Sound System","3","0","1"
"45425","Dale's","Dawn_Clontz@dalesrestaurant.com","5411 Dollarway Rd","8702473207","8702474411","591205","Pharmacies","NULL"," Email <---> Revenue ","160925","Dale's","5411 Dollarway Rd","White Hall","AR","71602","Jefferson","","8702474411","8702474620","Dawn Clontz","Owner","Fem","5032000","34","594113","Sporting Goo","3","0","1"
"1244","Dempsey Film Group","Demp_Dempsey@dempseyfilm.com","322 S State St","5013761300","5013763999","781211","Video Production & Taping Service","NULL"," Email <---> Revenue ","164632","Dempsey Film Group","322 S State St","Little Rock","AR","72201","Pulaski","www.dempseyfilm.com","5013763999","5013761300","Demp Dempsey","Owner","Mal","9420000","30","781211","Video Produc","3","1","1"
"48913","Southern Marketing Affiliates","dnsadmin@smalink.com","5449 Hazelwood Rd","8709353291","null","874213","Marketing Programs & Services","HURTINDUSTRIES.COM"," Email <---> Revenue ","87607","SOUTHERN MARKETING AFFILIATES","2415 INDUSTRIAL DR","JONESBORO","AR","72401","Craighead","","8709353291","8709355651","BILL HURT","Owner","M","9000000","30","519100","Whl Farm Sup","3","0","1"
"43127","Mattress King","DS@mattresskingga.com","4505 W Walnut St","4796363667","4796363300","571220","Mattresses","NULL"," Email <---> Revenue ","61421","MATTRESS KING","4505 W WALNUT ST STE 3","ROGERS","AR","72756","Benton","","4796363300","","TERRY STOWE","Manager","M","5600000","518","571201","Beds And Acc","3","0","1"
"9572","Bondol Laboratories","E-L@bondol.com","PO Box 190","8706300565","8706332231","516916","Chemicals (Wholesale)","NULL"," Email <---> Revenue ","132671","Bondol Laboratories","3518 Highway 70 E","Madison","AR","72359","St Francis","","8706332231","8706300565","Elizabeth Latimar","President","Fem","5005000","5","516916","Chemicals (W","3","0","1"
"65191","Curt Bean Treating Plant","frontdesk@riverwood-inn.com","Highway 8 Spur N","8703562012","8703562012","249101","Lumber-Treating","www.riverwood-inn.com"," Email <---> Revenue ","25810","CURT BEAN TREATING PLANT","HIGHWAY 8 SPUR N","GLENWOOD","AR","71943","","","8703562012","","CURT BEAN","Owner","M","9200000","100","249100","Wood Preserv","3","0","1"
"27214","York Gary Autoplex","Futrell-Gary@yorkgary.com","1420 Leslie St","8708455242","8708451536","551103","Automobile Dealers-Used Cars","NULL"," Email <---> Revenue ","103754","YORK GARY AUTOPLEX","1420 LESLIE ST","NASHVILLE","AR","71852","","","8708451536","","GARY FUTRELL","Owner","M","9300000","23","551100","New & Used C","3","0","1"
"7547","Sigma Imports","G-Chris@innovage.com","5606 Patterson Rd","5015620647","5015620057","509905","Importers","NULL"," Email <---> Revenue ","287730","Sigma Imports","5606 Patterson Rd","Little Rock","AR","72209","Pulaski","www.innovage.com","5015620057","5015620647","Chris Gaudet","Owner","Mal","9440000","10","509905","Importers","3","0","1"
"10916","Mr Tidy Car Wash Equipment Svc","G.Pitts@mrtidy.com","8608 Riverwood Dr","5017587318","5017581693","508708","Car Washing/Polishing Equip/Supls (Whol)","NULL"," Email <---> Revenue ","65934","MR TIDY CAR WASH EQUIPMENT SVC","8608 RIVERWOOD DR","N LITTLE ROCK","AR","72113","Pulaski","","5017581693","","GARY PITTS","Owner","M","9300000","50","508700","Sv Estab Eqp","3","0","1"
"30198","Farmers Co-Op","Gene-Bruick@farmerscoopsociety.com","417 W 6th St","4794422577","4795214144","519114","Fertilizers (Wholesale)","NULL"," Email <---> Revenue ","178967","Farmers Co-Op","417 W 6th St","Fayetteville","AR","72701","Washington","","4795214144","4794422577","Gene Bruick","CEO","Mal","7315000","11","519114","Fertilizers ","3","0","1"
"11746","Terravista","GerenW@terravistalandscapes.com","1609 SE 8th St","4792719050","4792710234","078103","Landscape Designers","NULL"," Email <---> Revenue ","93016","TERRAVISTA","803 SE PLAZA AVE STE 1","BENTONVILLE","AR","72712","Benton","","4792710234","","TODD FLEEMAN","President","M","5300000","30","526101","Lawn,Garden ","3","0","1"
"65776","Wholesale Electric Supply Co","gregg@netwes.com","132 Cracker Box Ln","8702452122","5017605551","506330","Electric Equipment & Supplies-Wholesale","www.netwes.com"," Email <---> Revenue ","320799","Wholesale Electric Supply Co","132 Cracker Box Ln","Hot Springs","AR","71913","Garland","www.netwes.com","5017605551","","Doug Grades","Manager","Mal","5341000","7","506330","Electric Equ","3","0","1"
"63398","Byrd Marine & Cycles","Harbour.Steve@byrdmarine.com","1100 E Main St","8708622235","8708621381","555104","Boat Dealers Sales & Service","NULL"," Email <---> Revenue ","137937","Byrd Marine & Cycles","1100 E Main St","El Dorado","AR","71730","Union","www.byrdmarine.com","8708621381","8708622235","Steve Harbour","Owner","Mal","5652000","12","555104","Boat Dealers","3","0","1"
"16854","Imaging Solutions","HollidayE@imagingco.com","4209 S Shackleford Rd # E","5017913906","5017913900","504704","Physicians & Surgeons Equip & Supls-Whol","NULL"," Email <---> Revenue ","207452","Imaging Solutions","4209 S Shackleford Rd # E","Little Rock","AR","72204","Pulaski","www.imagingsolutionsinc.net","5017913900","5017913906","Eugene Holliday","Owner","Mal","7176000","12","504704","Physicians &","3","0","1"
"65404","Water Dept","inspector@cityofmountainhome.com","720 Hickory St","8704255139","8704255115","494102","Water & Sewage Companies-Utility","www.cityofmountainhome.com"," Email <---> Revenue ","317635","Water Dept","720 Hickory St","Mountain Home","AR","72653","Baxter","www.cityofmountainhome.com","8704255115","8704255139","Johnny Moore","Manager","Mal","8772000","34","494102","Water & Sewa","3","0","1"
"45535","Granite Mountain Quarries","Jack.Burcham@mcgeorgecontracting.com","PO Box 138","5014901852","501-490-1535","1423","Crushed and Broken Granite","NULL"," Email <---> Revenue ","41754","GRANITE MOUNTAIN QUARRIES","PO BOX 138","SWEET HOME","AR","72164","Pulaski","","5014901535","","KENNETH GREEN","Vice-President","M","9000000","100","142900","Crushed, Brk","3","0","1"
"43843","Howco Oil Co","jAnthony@howco.com","PO Box A","NULL","8702853556","517201","Petroleum Products (Wholesale)","NULL"," Email <---> Revenue ","205682","Howco Oil Co","102 N Bass Ln","Murfreesboro","AR","71958","Pike","","8702853556","","John O Anthony","Owner","Mal","6708000","2","517201","Petroleum Pr","3","0","1"
"20385","Frank Fletcher Co LTD","jbradley@frankfletcher.com","6301 Forbing Rd","5015621395","5015621000","249903","Picture Frames-Manufacturers","NULL"," Email <---> Revenue ","38522","FRANK FLETCHER CO LTD","6301 FORBING RD","LITTLE ROCK","AR","72209","Pulaski","","5015621000","","ALLAN LONG","President","M","5300000","75","249900","Wood Product","3","0","1"
"58918","North Arkansas College","JeffOlson@northark.net","1515 Pioneer Dr","8703913250","8707433000","822101","Schools-Universities & Colleges Academic","NULL"," Email <---> Revenue ","251503","North Arkansas College","1515 Pioneer Dr","Harrison","AR","72601","Boone","www.northark.net","8703913385","8703913250","Jeff Olson","President","mal","9200000","250","822299","Two Year Com","3","0","1"
"50722","MMI Trutec","jfaulkner@nitriding.com","2609 N 12th Ave","8702408854","8702366920","738999","Business Services Nec","www.nitriding.com"," Email <---> Revenue ","64617","MMI TRUTEC","2609 N 12TH AVE","PARAGOULD","AR","72450","Greene","","8702366920","","MIKE MC MILLEN","Manager","M","6400000","210","738900","Business Svs","3","0","1"
"60302","Wild Birds Unlimited","JimAllen@wbu.com","1818 N Taylor St","NULL","5016664210","526120","Bird Feeders & Houses","NULL"," Email <---> Revenue ","102214","WILD BIRDS UNLIMITED","1818 N TAYLOR ST","LITTLE ROCK","AR","72207","Pulaski","","5016664210","","JIM ALLEN","Owner","M","7000000","1280","526100","Nurs & Garde","3","0","1"
"15302","White River Hardwoods-Woodwork","Joan@mouldings.com","1197 S Happy Hollow Rd","4794440406","4794426986","521137","Hardwoods","NULL"," Email <---> Revenue ","101952","WHITE RIVER HARDWOODS-WOODWORK","1197 S HAPPY HOLLOW RD","FAYETTEVILLE","AR","72701","Washington","","4794426986","","JOAN JOHNSON","President","F","6100000","48","242600","Hardwd Dim, ","3","0","1"
"38089","Medical Necessities","Joe-Simpson@medicalnec.com","2000 E Matthews Ave # A","8709355744","8709354825","504712","Hospital Equipment & Supplies (Whol)","NULL"," Email <---> Revenue ","62607","MEDICAL NECESSITIES","2000 E MATTHEWS AVE # A","JONESBORO","AR","72401","Craighead","","8709354825","","JOE SIMPSON","Owner","M","7500000","50","504700","Medical, Hos","3","0","1"
"34299","Eldon's Truck Parts & Sales","joedoe@mynewroads.com","2316 Taylor St","5012686753","5012687020","501302","Truck Equipment & Parts-Wholesale","www.mynewroads.com"," Email <---> Revenue ","173734","Eldon's Truck Parts & Sales","2316 Taylor St","Searcy","AR","72143","White","www.mynewroads.com","5012686753","5012687020","Eldon England","Owner","Mal","5376000","12","501302","Truck Equipm","3","0","1"
"23394","DAVIDSON Electric","John@davidsonelectricco.com","3401 W 65th St","5015653753","5015657561","173101","Electric Contractors","NULL"," Email <---> Revenue ","27314","DAVIDSON ELECTRIC","3401 W 65TH ST","LITTLE ROCK","AR","72209","Pulaski","","5015657561","","JOHN DAVIDSON","President","M","8800000","50","359900","Industrial M","3","0","1"
"57416","Raney Recording Studio","johnraney@raneyrecordingstudio.com","PO Box 17","8706683222","null","7359","Audio-Visual equipment","RANEYRECORDINGSTUDIO.COM"," Email <---> Revenue ","77971","RANEY RECORDING STUDIO","PO BOX 17","DRASCO","AR","72530","","","8706683222","","ZYNDALL RANEY","Owner","M","7400000","33","738900","Business Svs","3","0","1"
"41210","J & H Custom Furniture","J_Willis@ambrosedg.com","PO Box 200","8704392230","8704392224","502118","Church Furnishings (Wholesale)","NULL"," Email <---> Revenue ","49590","J & H CUSTOM FURNITURE","PO BOX 200","PINDALL","AR","72669","","","8704392224","","JERRY WILLIS","President","M","8500000","40","253100","Mfg Public B","3","0","1"
"52389","Protech Security","K-B@protech-security.com","4525 N Highway 71","NULL","4796323499","506304","Security Control Equip & Systems-Whol","NULL"," Email <---> Revenue ","267297","Protech Security","4525 N Highway 71","Alma","AR","72921","Crawford","www.protechsecurityinc.com","4796323499","","Kevin Bell","Owner","Mal","7630000","10","506304","Security Con","3","0","1"
"44226","Pioneer Auto Auction","LarryS@pioneerauction.com","PO Box 118","8702572500","8702577653","738901","Auctioneers","NULL"," Email <---> Revenue ","74063","PIONEER AUTO AUCTION","9 HIGHLAND COVE DR","HIGHLAND","AR","72542","","","8702577653","","KURT WEIAND","Manager","M","7000000","31","738914","Auction Appr","3","0","1"
"23486","Closet Factory","Leggett.Mark@closetfactory.com","5800 Commerce Ct","5018332106","5018332105","738936","Organizing Services-Household & Business","NULL"," Email <---> Revenue ","21939","CLOSET FACTORY","5800 COMMERCE CT","SHERWOOD","AR","72120","Pulaski","","5018332105","","MARK LEGGETT","Owner","M","6300000","1043","239200","Housefurnish","3","0","1"
"39545","Calico Trailers","LilesD@calicotrailers.com","PO Box 186","5015893322","5015892812","379912","Trailers-Horse-Manufacturers","NULL"," Email <---> Revenue ","16597","CALICO TRAILERS","PO BOX 186","QUITMAN","AR","72131","","","5015892812","","SEAN JOHNSON","President","M","6100000","70","379900","Transportati","3","0","1"
"63270","Petrus Chevrolet-Oldsmobile","lpetrus@petruschevrolet.com","1700 N Center St","5016763553","5016766420","551103","Automobile Dealers-Used Cars","www.petruschevrolet.com"," Email <---> Revenue ","261280","Petrus Chevrolet-Oldsmobile","1700 N Center St","Lonoke","AR","72086","Lonoke","www.petruschevrolet.com","5016766420","5016763553","Steve Petrus","Owner","Mal","9705000","15","551103","Automobile D","3","1","1"
"50204","Tuxedo Junction","M-Roger@tuxjunction.com","12801 Chenal Pkwy","5012284739","5012284700","729908","Formal Wear-Rental","NULL"," Email <---> Revenue ","95873","TUXEDO JUNCTION","12801 CHENAL PKWY STE F","LITTLE ROCK","AR","72211","Pulaski","","5012284700","","ROGER MARION","Owner","M","9000000","617","729909","Clothing Ren","3","0","1"
"52216","Simmons Foods","mark@fireman.simfoods.com","PO Box 5365","5015243719","null","203204","Food Specialties","SIMFOODS.COM;SIMMONSFEEDINGREDIENTS.COM;SIMMONSFOODS.COM;SIMMONSPETFOOD.COM;SIMMONSPROTEIN.COM"," Email <---> Revenue ","86115","SIMMONS FOODS","601 N HICO ST","SILOAM SPGS","AR","72761","Benton","","4795248151","4795246562","TODD SIMMONS","Chief Executive Office","M","5700000","100","201500","Plty Slaught","3","0","1"
"23867","U-Save Auto Rental","Mark@usave.net","1803 N West Ave # B","NULL","8708649761","751401","Automobile Renting","NULL"," Email <---> Revenue ","96929","U-SAVE AUTO RENTAL","418 AIRPORT DR","EL DORADO","AR","71730","Union","","8708638593","","ANITA WELCH","Manager","F","5000000","1414","751400","Passenger Ca","3","0","1"
"62119","Peerless Group Of Graphic Svc","markm@thepeerlessgroup.com","823 Main St","5013755633","5013758266","275202","Printers","www.peerlessgraphics.com"," Email <---> Revenue ","260095","Peerless Group Of Graphic Svc","823 Main St","Little Rock","AR","72201","Pulaski","www.peerlessgraphics.com","5013758266","5013755633","Patt Rudder","CEO","Mal","9500000","80","275202","Printers","3","0","1"
"64675","Arkansas Midland Railroad","marybeth_luczak@sbpub.com","314 Reynolds Rd # 41","5018444710","5018444444","401101","Railroads","www.arkmidrr.com"," Email <---> Revenue ","6454","ARKANSAS MIDLAND RAILROAD","314 REYNOLDS RD BLDG 41","MALVERN","AR","72104","","","5018444444","","CHARLES LAGGAN","Vice-President","M","5200000","133","401100","Line-Haul Rr","3","0","1"
"34408","Trusco Inc","maurice.buchanan@truscoinc.com","140 Highway 286 E","NULL","5013298611","243901","Trusses (Manufacturers)","NULL"," Email <---> Revenue ","95637","TRUSCO INC","140 HIGHWAY 286 E","CONWAY","AR","72032","Faulkner","","5013298611","","SCOTT HOELZEMAN","Manager","M","6600000","131","243900","Structural W","3","0","1"
"38298","Auntie Anne''s Hand Rolled Soft","meredith_falke@richards.com","1901 S Caraway Rd","8709359661","8709359661","205203","Pretzels-Manufacturers","www.auntieannes.com"," Email <---> Revenue ","8140","AUNTIE ANNE'S PRETZELS","3000 E HIGHLAND DR STE 1","JONESBORO","AR","72401","Craighead","","8709359661","","CHRIS MAURRAS","Owner","M","9600000","6593","205200","Cookies & Cr","3","0","1"
"53087","A & L Underground Inc","mideast@alunderground.com","4100 Highway 161","2813881109","5019552756","162301","Pipe Line Contractors","www.alunderground.com"," Email <---> Revenue ","396","A & L UNDERGROUND INC","4100 HIGHWAY 161","N LITTLE ROCK","AR","72117","Pulaski","","5019552756","","LARRY MORGAN","Manager","M","5800000","55","162304","Oil/Gas Pipe","3","0","1"
"27873","Mike Clayton Buick Pontiac GMC","Mike@mikeclayton.net","2nd St & Locust St","NULL","5013323493","551103","Automobile Dealers-Used Cars","NULL"," Email <---> Revenue ","241929","Mike Clayton Buick Pontiac GMC","2nd St & Locust St","Malvern","AR","72104","Hot Spring","","5013323493","5013323622","Randall Tarkington","Owner","Mal","9394000","14","551103","Automobile D","3","1","1"
"45033","For Mor International","mikeg@formorintl.com","PO Box 2080","5013360077","8007508155","738999","Business Services Nec","FORMORINTERNATIONAL.COM"," Email <---> Revenue ","37814","FOR MOR INTL","496 HIGHWAY 64 E","CONWAY","AR","72032","Faulkner","","5013360077","","STAN GOSS","Owner","M","6100000","35","549901","Health & Die","3","0","1"
"29154","Thriftway Foods","Miller@harvestfoods.com","8109 Interstate 30","5015625472","5015700007","541105","Grocers-Retail","NULL"," Email <---> Revenue ","93581","THRIFTWAY FOODS","8109 INTERSTATE 30","LITTLE ROCK","AR","72209","Pulaski","","5015700007","","JOHN MILLER","Owner","M","9300000","52","541100","Grocery Stor","3","0","1"
"61601","SPS MANUFACTURING","msarti@spsconway.com","655 Enterprise Ave","5013284600","5013284637","738999","Business Services Nec","spsconway.com"," Email <---> Revenue ","182775","First State Bank","719 Harkrider St","Conway","AR","72032","Faulkner","","5013284600","","Randy Simms","Principal","mal","5300000","100","737499","Bus Services","3","0","1"
"58793","Honeywell Consumer Products","mygarage@prestone.com","2106 S 54th St # 4","4792718174","4792717934","506328","Controls Control Systs/Regulators (Whol)","www.fram.com"," Email <---> Revenue ","204176","Honeywell Consumer Products","2106 S 54th St # 4","Rogers","AR","72758","Benton","www.fram.com","4792717934","4792718174","Don Russell","Manager","Mal","8393000","11","506328","Controls Con","3","0","1"
"62608","Heaven's Best Carpet Cleaning","Myna@heavensbest.com","PO Box 64","NULL","8708639665","721704","Carpet & Rug Cleaners","NULL"," Email <---> Revenue ","45022","HEAVEN'S BEST CARPET CLEANING","106 W 13TH ST","SMACKOVER","AR","71762","Union","","8708639665","","MYNA GATHRIGHT","Owner","F","8800000","662","721700","Carpet & Uph","3","0","1"
"63443","Little Rock Job Corps Ctr","ombudsman@del-jen.com","2020 Vance St","5013766152","5013764600","824903","Schools-Industrial Technical & Trade","www.del-jen.com"," Email <---> Revenue ","58286","LITTLE ROCK JOB CORPS CTR","2020 VANCE ST","LITTLE ROCK","AR","72206","Pulaski","","5013764600","","ERIC WHITE","Executive Director","M","7300000","125","824900","Vocational S","3","0","1"
"50288","Baxter Bulletin","online@baxterbulletin.com","16 W 6th St","8705088020","8705088000","731106","Advertising-Newspaper","www.baxterbulletinonline.com"," Email <---> Revenue ","126180","Baxter Bulletin","16 W 6th St","Mountain Home","AR","72653","Baxter","www.baxterbulletinonline.com","8705088000","8705088020","","","","7900000","50","731106","Advertising-","3","0","1"
"6988","River City Rv","Paul@rivercityrvsales.com","6721 Warden Rd","5018332112","5018332111","556103","Recreational Vehicles","NULL"," Email <---> Revenue ","80324","RIVER CITY RV","6721 WARDEN RD","SHERWOOD","AR","72120","Pulaski","","5018332111","","PAUL MINTON","Owner","M","5000000","18","556100","Recreational","3","0","1"
"13652","W P Malone Inc","percy@ezclick.net","518 Clay St","8702466616","8702465553","591205","Pharmacies","www.percymalone.com"," Email <---> Revenue ","315641","W P Malone Inc","518 Clay St","Arkadelphia","AR","71923","Clark","www.percymalone.com","8702465553","8702466616","W Percy Malone","CEO","Mal","5000000","75","591205","Pharmacies","3","2","1"
"57206","Prairie Farmers Assn","pfa@prairiefarmers.com","Highway 70 W","8702553770","8702554527","519114","Fertilizers (Wholesale)","www.prairiefarmers.com"," Email <---> Revenue ","75412","PRAIRIE FARMERS ASSN","PO BOX 724","HAZEN","AR","72064","","","8702554527","","DAVID CAMPBELL","Manager","M","5100000","17","519100","Whl Farm Sup","3","0","1"
"14553","Ron Sherman Advertising Telepr","R-Sherman@ronshermanadv.com","8215 Interstate 30","5015681489","5015688100","781211","Video Production & Taping Service","NULL"," Email <---> Revenue ","278324","Ron Sherman Advertising Telepr","8215 Interstate 30","Little Rock","AR","72209","Pulaski","www.ronshermanadv.com","5015688100","5015681489","Ron Sherman","Owner","Mal","7850000","25","781211","Video Produc","3","1","1"
"35105","Bass Cat Boats","R.Pierce@basscatboats.com","PO Box 1688","8704815743","8704815135","373201","Boats-Manufacturers","NULL"," Email <---> Revenue ","10045","BASS CAT BOATS","PO BOX 1688","MOUNTAIN HOME","AR","72654","Baxter","","8704815135","","RONALD E PIERCE","President","M","7300000","100","373200","Boat Bld, Re","3","0","1"
"62446","Stone Ward","rdobson@stoneward.com","225 E Markham St # 450","5013758314","5013753003","731101","Advertising-Agencies & Counselors","www.stoneward.com"," Email <---> Revenue ","90277","STONE WARD","225 E MARKHAM ST STE 450","LITTLE ROCK","AR","72201","Pulaski","","5013753003","","LARRY STONE","Owner","M","6400000","59","731100","Advertising ","3","0","1"
"14561","Richard Glatter Inc","rgi@glatter.com","1601 Westpark Dr # 7","5016638057","5016631009","391101","Jewelry-Manufacturers","www.slide-bracelets.com"," Email <---> Revenue ","274673","Richard Glatter Inc","1601 Westpark Dr # 7","Little Rock","AR","72204","Pulaski","www.slide-bracelets.com","5016631009","5016638057","Richard Glatter","Owner","Mal","5382000","18","391101","Jewelry-Manu","3","0","1"
"57539","Budget Blinds","Russell.Tony@budget-blinds.com","161 Lakeaire Ter","NULL","5015250032","571917","Venetian Blinds-Retail","NULL"," Email <---> Revenue ","15146","BUDGET BLINDS","161 LAKEAIRE TER","HOT SPRINGS","AR","71913","Garland","","5015250032","","TONY RUSSELL","Owner","M","5300000","2535","571909","Blinds & Sha","3","0","1"
"18153","Fleet Feet Sports","RussGunnell@fleetfeetfayetteville.com","1020 E Harold St","NULL","4795718786","566101","Shoes-Retail","NULL"," Email <---> Revenue ","37448","FLEET FEET SPORTS","1020 E HAROLD ST","FAYETTEVILLE","AR","72703","Washington","","4795718786","","RUSS GUNNELL","Owner","M","8800000","618","566100","Shoe Stores","3","0","1"
"23925","Crown Metal Buildings","S-Dean@crownmetalbldg.com","PO Box 1245","5018438950","5018437318","344898","Prefabricated Metal Buildings (Mfrs)","NULL"," Email <---> Revenue ","25545","CROWN METAL BUILDINGS","203 S 10TH ST","CABOT","AR","72023","Lonoke","","5018437318","","DEAN SMITH","President","M","5000000","62","344800","Prefab Metal","3","0","1"
"10356","Sam's Discount Furniture","S.Donaldson@samfurniture.com","1010 S 48th St","4797562016","4797568191","571216","Furniture","NULL"," Email <---> Revenue ","82898","SAM'S DISCOUNT FURNITURE","1010 S 48TH ST","SPRINGDALE","AR","72762","Washington","","4797568191","","SAM DONALDSON","Owner","M","7700000","48","571200","Furniture St","3","0","1"
"44428","Action Electrical Engineering","Scott@alliede-p.com","2320 Industrial Park Rd","4794740193","4794717299","871115","Engineers-Electrical","NULL"," Email <---> Revenue ","108282","Action Electrical Engineering","2320 Industrial Park Rd","Van Buren","AR","72956","Crawford","www.alliede-p.com","4794717299","4794740193","Scott Mc Brayer","President","Mal","5530000","35","871115","Engineers-El","3","0","1"
"14294","Shamrock Bolt & Screw Co","shambolt@joplinmo.com","3731 Wheeler Ave","4796489405","4796489401","507205","Fasteners-Industrial (Wholesale)","www.shamrockbolt.com"," Email <---> Revenue ","285490","Shamrock Bolt & Screw Co","3731 Wheeler Ave","Fort Smith","AR","72901","Sebastian","www.shamrockbolt.com","4796489401","4796489405","Mike Copher","Owner","Mal","7308000","12","507205","Fasteners-In","3","0","1"
"45851","The Lloyd Schuh Company; Inc.","sschuh@lschuhco.com","null","5013742332","5013726570","5999","Marketing NEC","lscmarketing.com"," Email <---> Revenue ","59109","LSC MARKETING","2207 CANTRELL RD","LITTLE ROCK","AR","72202","Pulaski","","5013742332","5013726570","SCOTT SCHUH","Owner","M","8100000","45","733100","Direct Mail ","3","0","1"
"59945","Mattress Firm","StammC@mattressfirm.com","301 S Bowman Rd","NULL","5012170230","571223","Futons","NULL"," Email <---> Revenue ","61415","MATTRESS FIRM","301 S BOWMAN RD","LITTLE ROCK","AR","72211","Pulaski","","5012170230","","","Unknown","","9300000","49486","571905","Beddings And","3","0","1"
"2427","Lumber One","SteveG@lumber-one.com","3010 Industrial Park Rd","4794102579","4794744444","521142","Lumber-Retail","NULL"," Email <---> Revenue ","231691","Lumber One","3010 Industrial Park Rd","Van Buren","AR","72956","Crawford","","4794744444","4794102579","Steve Gann","Owner","Mal","5676000","22","521142","Lumber-Retai","3","0","1"
"16721","Capital Structures","StevenS@capstructures.com","900 Atlanta St","4797836321","4797838666","521124","Trusses-Construction Whol & Mfrs","NULL"," Email <---> Revenue ","17133","CAPITAL STRUCTURES","900 ATLANTA ST","FORT SMITH","AR","72901","Sebastian","","4797838666","4797836321","STEVEN SPRADLIN","President","M","9500000","75","242100","Sawmills, Pl","3","0","1"
"43063","Sign A Rama","Subhash@sign-a-rama.com","7507 Warden Rd","5018341936","5018347446","399302","Signs (Manufacturers)","NULL"," Email <---> Revenue ","85828","SIGN A RAMA","7507 WARDEN RD","SHERWOOD","AR","72120","Pulaski","","5018347446","","PHIL SAWYER","Owner","M","7500000","2341","399300","Signs & Advg","3","0","1"
"25711","B & L Metal Products","Sue.Lamon@bandlmetal.com","1308 L E Gilliland Dr","8707727847","8707727566","154210","Buildings-Metal","NULL"," Email <---> Revenue ","122454","B & L Metal Products","1308 L E Gilliland Dr","Texarkana","AR","71854","Miller","www.bandlmetal.com","8707727566","8707727847","Sue Lamon","Owner","Fem","5280000","10","154210","Buildings-Me","3","0","1"
"54758","Hummelstein Iron & Metal Inc","swh@him.com","105 Flint St","8709354044","8709328361","509313","Scrap Metals & Iron (Wholesale)","www.him.com"," Email <---> Revenue ","48134","HUMMELSTEIN IRON & METAL INC","105 FLINT ST","JONESBORO","AR","72401","Craighead","","8709328361","8709354044","SAM HUMMELSTEIN","President","M","5400000","37","261100","Pulp Mills","3","0","1"
"63567","Wayne Smith Trucking","S_Wayne@wstrucking.com","PO Box 356","5013543807","5013540995","421309","Trucking-Motor Freight","NULL"," Email <---> Revenue ","100755","WAYNE SMITH TRUCKING","HWY 64 W","MORRILTON","AR","72110","","","5013540995","5013543807","WAYNE SMITH","President","M","9600000","104","421300","Trucking","3","0","1"
"24127","TCB","Terry@tcbinc.com","3255 Hillview Ct","NULL","4797566122","501208","Automobile & Truck Brokers","NULL"," Email <---> Revenue ","300499","TCB","3255 Hillview Ct","Springdale","AR","72762","Washington","","4797566122","","Terry Cossey","Owner","Mal","7400000","2","501208","Automobile &","3","0","1"
"59039","Sign-A-Rama","tflood@signarama.com","9807 W Markham St","5616405580","5012217477","399302","Signs (Manufacturers)","www.signarama.com"," Email <---> Revenue ","85843","SIGN-A-RAMA","9807 W MARKHAM ST","LITTLE ROCK","AR","72205","Pulaski","","5012217477","","JACK SCHOEMAKER","Owner","M","7500000","2341","399300","Signs & Advg","3","0","1"
"10004","Art-Exchange.com; Inc","tgipe@art-exchange.com","804 Central Ave","5016241044","null","841210","Art","ART-EXCHANGE.COM"," Email <---> Revenue ","119770","Art Exchange","804 Central Ave","Hot Springs","AR","71901","Garland","www.art-exchange.com","5016241044","5016242859","Richard Gipe","Owner","Mal","6446000","22","599969","Art Gallerie","3","1","1"
"40060","Gerdau Ameristeel","tlanda@gerdauameristeel.com","1301 Jones Rd","9018534177","8702395010","344106","Steel-Structural (Manufacturers)","www.gerdauameristeel.com"," Email <---> Revenue ","190530","Gerdau Ameristeel","1301 Jones Rd","Paragould","AR","72450","Greene","www.ameristeel.com","8702395010","8702390732","Richard Quenzer","Plant Mgr","Mal","9660000","35","344106","Steel-Struct","3","0","1"
"40557","Tinsley Mullen Engineers","tme@tinsleymullen.com","5800EvergreenDr","5016666776","5016638888","871106","Engineers","tinsleymullen.com"," Email <---> Revenue ","94009","TME CONSULTING ENGINEERS","5800 EVERGREEN DR STE A","LITTLE ROCK","AR","72205","Pulaski","","5016666776","","ED TINSLEY PE","Owner","M","8000000","80","871106","Electrical,E","3","0","1"
"61667","Producer's Tractor","tor.comrisp@producerstractors.com","520 Fair Oaks Circle","8703383491","8703383493","352304","Mfg Farm Machinery/equipment","producerstractor.com"," Email <---> Revenue ","76099","PRODUCER'S TRACTOR CO INC","1804 MARTIN LUTHER KING JR DR","HELENA","AR","72342","Phillips","","8703383491","","CURTIS CRISP","President","M","6700000","75","352300","Farm Machine","3","0","1"
"7374","Trendsetter International Mktg","T_Samuelson@trendsetterintl.com","2810 N 2nd St","NULL","4796217011","519908","General Merchandise-Wholesale","NULL"," Email <---> Revenue ","307294","Trendsetter International Mktg","2810 N 2nd St","Rogers","AR","72756","Benton","www.trendsetterintl.com","4796217011","","Tim Samuelson","Owner","Mal","7898000","11","519908","General Merc","3","0","1"
"60830","Coleman Dairy","W.Coleman@colemandairy.com","6901 I H 30","5015689581","5015651551","202201","Cheese Processors","NULL"," Email <---> Revenue ","22286","COLEMAN DAIRY","6901 INTERSTATE 30","LITTLE ROCK","AR","72209","Pulaski","","5015651551","","WC COLEMAN","President","M","6900000","100","202600","Fluid Milk P","3","0","1"
"64589","John Plyler Home Ctr & Plbg","W.Plyler@johnplylerhomecenter.com","PO Box 560","8703563213","8703563312","521126","Building Materials","NULL"," Email <---> Revenue ","52215","JOHN PLYLER HOME CTR & PLBG","101 W BROADWAY","GLENWOOD","AR","71943","","","8703563312","8703563213","WILLIAM PLYLER","President","M","5400000","34","525100","Hardware Sto","3","0","1"
"37311","Nebo Auto Ctr","Walden@neboauto.com","3407 Stadium Blvd","8709355877","8709356326","551103","Automobile Dealers-Used Cars","NULL"," Email <---> Revenue ","249184","Nebo Auto Ctr","3407 Stadium Blvd","Jonesboro","AR","72404","Craighead","www.neboauto.com","8709356326","8709355877","Frank Walden","Owner","Mal","6710000","10","551103","Automobile D","3","1","1"
"17616","Glass Doctor","Whipple@harmonautoglass.com","1557 W Hudson Rd","NULL","4796315808","523110","Glass-Auto Plate & Window & Etc","NULL"," Email <---> Revenue ","40828","GLASS DOCTOR","1557 W HUDSON RD","ROGERS","AR","72756","Benton","","4796315808","","BILL WHIPPLE","Owner","M","8400000","25105","523101","Glass","3","0","1"
"31362","Environmental Protection Assoc","Whiteside@epai-usa.com","220 N Knoxville Ave # 100","4799683191","4799688806","179926","Asbestos Removal Service","NULL"," Email <---> Revenue ","33049","ENVIRONMENTAL PROTECTION ASSOC","220 N KNOXVILLE AVE # 100","RUSSELLVILLE","AR","72801","Pope","","4799688806","","JOE WHITESIDE","Owner","M","8100000","45","179908","Asbestos Rem","3","0","1"
"34594","Univest Technologies","winningham@utech-lr.com","null","5012238184","null","8999","Services NEC","utech-lr.com"," Email <---> Revenue ","241682","Midland Loan Svc Inc","10809 Executive Center Dr #200","Little Rock","AR","72211","Pulaski","www.midlandls.com","5012238184","5012258990","Randy Spellins","VP","Mal","7315000","55","874130","Management S","3","0","1"
"52294","Ace Hardware","Yeager@mitchellsimon.com","1610 Main St","4794742347","4794745278","525104","Hardware-Retail","NULL"," Email <---> Revenue ","108003","Ace Hardware","1610 Main St","Van Buren","AR","72956","Crawford","www.acehardware.com","4794745278","4794742347","Ed Yeager","President","Mal","8142000","46","525104","Hardware-Ret","3","0","1"
"54082","Paul-Morrell Formalwear","ypisani@ijfootwear.com","120 S Victory St","5013748256","5013748256","561101","Men's Clothing & Furnishings-Retail","www.paulmorrell.com"," Email <---> Revenue ","72217","PAUL-MORRELL FORMALWEAR","120 S VICTORY ST","LITTLE ROCK","AR","72201","Pulaski","","5013748256","","DEAN HUGHEN","Owner","M","7000000","50","561100","Men'S, Boys'","3","0","1"
