mail id,company,email,address,phone,fax,sic,sic description,web,,revenue id,company,address,city,state,zip,	metro,web,phone,fax,contact,position,gender,sales,# of employee,sic,sic_descrpiton,	,,
"62830","Big Brothers & Big Sisters","christiwilliams@jwaluminum.com","2223 Washington Ave","5013369505","5013369505","832218","Social Service & Welfare Organizations","www.bbbsnca.com"," Email <---> Revenue ","11865","BIG BROTHERS-BIG SISTERS","1105 DEER ST STE 12","CONWAY","AR","72032","Faulkner","","5013369505","","","Unknown","","30000000","6068","832200","Social Servi","5","1","1"
"15533","C & C Market Research","CindyC@ccmarketresearch.com","1200 S Waldron Rd # 138","4797855645","4797855637","873204","Market Research & Analysis","NULL"," Email <---> Revenue ","15928","C & C MARKET RESEARCH","1200 S WALDRON RD STE 138","FORT SMITH","AR","72903","Sebastian","","4797855637","","CINDY CUNNINGHAM","President","F","27800000","250","873201","Mrkt Anal,Ec","5","0","1"
"29209","CMI Corp","cmi@cmi-international.com","13321 White Bluff Rd","4796460007","4796468590","138203","Oil & Gas Exploration & Development","www.cmi-international.com"," Email <---> Revenue ","22031","CMI CORP","13321 WHITE BLUFF RD # A","FORT SMITH","AR","72916","Sebastian","","4796468590","","JOYCE DOLAN","Chief Executive Office","F","48000000","400","138200","Oil,Gas Expl","5","0","1"
"47632","Hawker Aircraft","corporatecontributions@raytheon.com","2400 David Grundfest Jr Dr","2486198416","5013721501","458104","Aircraft Servicing & Maintenance","www.raytheon.com"," Email <---> Revenue ","199309","Hawker Aircraft","2400 David Grundfest Jr Dr","Little Rock","AR","72206","Pulaski","www.raytheon.com","5013721501","5013994555","Joe Vander Heyden","CEO","Mal","40400000","400","458104","Aircraft Ser","5","0","1"
"59843","Curt Bean Treating Plant","CurtB@curtbeanlumber.com","PO Box 9","8703425222","8703429300","242198","Sawmills & Planing Mills-General","NULL"," Email <---> Revenue ","158765","Curt Bean Treating Plant","843 S Mountain St","Amity","AR","71921","Clark","www.curtbeanlumber.com","8703429300","8703425222","Curt Bean","CEO","Mal","40200000","150","242198","Sawmills & P","5","0","1"
"47839","Exo-Pack Packaging","dave.rawden@exopack.com","1829 Highway 35 S","5595841623","8703675374","267401","Bags-Paper (Manufacturers)","www.exopack.com"," Email <---> Revenue ","176561","Exo-Pack Packaging","1829 Highway 35 S","Monticello","AR","71655","Drew","www.exopack.com","8703675374","8703677436","Johnny Walker","Manager","Mal","34880000","160","267401","Bags-Paper (","5","0","1"
"46008","Lindsey & Co","davem@lindseysoftware.com","2302 Llama Dr","5012681198","5012685324","357103","Data Processing Equipment-Manufacturers","www.lindseysoftware.com"," Email <---> Revenue ","228828","Lindsey & Co","2302 Llama Dr","Searcy","AR","72143","White","www.lindseysoftware.com","5012685324","5012681198","Carl Lindsey","Owner","Mal","35130000","30","357103","Data Process","5","0","1"
"27089","Ashland Specialty Chemical","david.humphrey@ashland.com","5106 Wheeler Avenue","5016464279","501-646-7865","2821","Plastics Materials","Synthetic and Resins"," Email <---> Revenue ","120304","Ashland Specialty Chemical","5106 Wheeler Ave","Fort Smith","AR","72901","Sebastian","","4796467865","4796464279","","","","31500000","50","285198","Paint Varnis","5","0","1"
"57122","SEA Inc","derek@seainc.net","11621 Kanis Rd","5015156212","5015683111","873111","Environmental & Ecological Services","www.seainc.net"," Email <---> Revenue ","83679","SEA INC","11621 KANIS RD","LITTLE ROCK","AR","72211","Pulaski","","5015683111","","KEINA JENNINGS","Manager","F","37000000","370","871100","Engineering ","5","0","1"
"60484","De Wafelbakkers","D_Williford@dewafelbakkers.com","PO Box 13570","5017910309","5017913320","205398","Frozen Bakery Prods-Except Bread (Mfrs)","NULL"," Email <---> Revenue ","27645","DE WAFELBAKKERS","10000 CRYSTAL HILL RD","N LITTLE ROCK","AR","72113","Pulaski","","5017913320","5017910309","DOUG WILLIFORD","President","M","31500000","500","205300","Frozen Baker","5","0","1"
"9478","Reebaire Aircraft","GeorgeR@reebaireaircraft.com","525 Airport Rd # A3","5013180487","5013180721","458104","Aircraft Servicing & Maintenance","NULL"," Email <---> Revenue ","272386","Reebaire Aircraft","525 Airport Rd # A3","Hot Springs","AR","71913","Garland","","5013180721","5013180487","George Reeb","Owner","Mal","28480000","160","458104","Aircraft Ser","5","0","1"
"12378","Xpress Boats","Herndon@xpressboats.com","199 Extrusion Pl","5012625053","5012621978","555104","Boat Dealers Sales & Service","NULL"," Email <---> Revenue ","103541","XPRESS BOATS","199 EXTRUSION PL","HOT SPRINGS","AR","71901","Garland","","5012621978","","RODNEY HERNDON","President","M","49500000","165","555100","Boat Dealers","5","0","1"
"31534","Koppers Industries","jason@walltowall.com","2201 Edmonds St","5019450597","5019454581","249101","Lumber-Treating","www.koppers.com"," Email <---> Revenue ","222746","Koppers Industries","2201 Edmonds St","N Little Rock","AR","72117","Pulaski","www.koppers.com","5019454581","5019450597","Brad Maxey","Plant Mgr","Mal","49900000","100","249101","Lumber-Treat","5","0","1"
"21425","Play It Again Sports","Jeff@playitagainsports.com","1400 SE Walton Blvd","4792549211","4792717373","594113","Sporting Goods-Retail","NULL"," Email <---> Revenue ","74425","PLAY IT AGAIN SPORTS","1400 SE WALTON BLVD","BENTONVILLE","AR","72712","Benton","","4792717373","","JEFF NEWLIN","Owner","M","27300000","6899","594100","Sporting Gds","5","0","1"
"61105","Magnetics","john.gutzlaff@mag-inc.com","PO Box 148","5016752386","5016754800","3679","Electronic Components","NEC (antennas)"," Email <---> Revenue ","233429","Magnetics","3070 E State Highway 10","Booneville","AR","72927","Logan","www.spang.com","4796754800","4796755680","Dan Campbell","Plant Mgr","Mal","26880000","120","367901","Electronic E","5","0","1"
"33132","Bestway Rent To Own","kachra@webmail.bestway.com","102 Airport Rd","8126626953","5016238002","735941","Appliances-Household-Major-Renting","www.bestway.com"," Email <---> Revenue ","11570","BESTWAY RENT TO OWN","108 AIRPORT RD","HOT SPRINGS","AR","71913","Garland","","5016238002","","KANE HENSON","Manager","M","37900000","410","735907","Home Appl Re","5","0","1"
"19276","American Tubing","LewisC@american-trouser.com","2191 Ford Ave","4797561346","4797561291","358598","Air Conditioning/Htg/Refrig Equip (Mfrs)","NULL"," Email <---> Revenue ","4414","AMERICAN TUBING","2191 FORD AVE","SPRINGDALE","AR","72764","Washington","","4797561291","","CHARLES M LEWIS","President","M","34000000","524","358500","Rfrgn & Heat","5","0","1"
"60445","Western Foods Inc","lgriebel@western-foods.com","4717 Asher Ave","5015627255","5015624646","581207","Foods-Institutional","www.western-foods.com"," Email <---> Revenue ","319478","Western Foods Inc","4717 Asher Ave","Little Rock","AR","72204","Pulaski","www.western-foods.com","5015624646","5015627255","Tony Huffman","Owner","Mal","29200000","95","581207","Foods-Instit","5","0","1"
"281","Central Flying Svc","mmcgill@flycfs.com","1501 Bond Ave","5019759597","5013725722","458104","Aircraft Servicing & Maintenance","NULL"," Email <---> Revenue ","144551","Central Flying Svc","2505 Crisp Dr","Little Rock","AR","72202","Pulaski","www.central.aero","5013725722","5019759597","Richard Holbert","President","Mal","27472000","272","458104","Aircraft Ser","5","0","1"
"35533","Saatchi & Saatchi X","MurrayAndy@saatchix.com","605 W Lakeview Dr","4797251139","4795750200","731101","Advertising-Agencies & Counselors","NULL"," Email <---> Revenue ","281085","Saatchi & Saatchi X","605 W Lakeview Dr","Springdale","AR","72764","Washington","www.saatchix.com","4795750200","4797251139","Andy Murray","CEO","Mal","26860000","170","731101","Advertising-","5","0","1"
"58417","Automated Integrations","phyllis.houser@icifirst.com","1109 E 16th St","4798903711","4799675694","506304","Security Control Equip & Systems-Whol","www.icifirst.com"," Email <---> Revenue ","121626","Automated Integrations","1109 E 16th St","Russellville","AR","72802","Pope","www.icifirst.com","4799675694","4798903711","Darryl Hawkins","Owner","Mal","30520000","40","506304","Security Con","5","0","1"
"56437","Arkansas Carwash Warehouse","pstagg@arkansascarwash.com","1309 N Hills Blvd","NULL","5017586349","516916","Chemicals (Wholesale)","NULL"," Email <---> Revenue ","116800","Arkansas Carwash Warehouse","1309 N Hills Blvd","N Little Rock","AR","72114","Pulaski","www.acs.com","5017586349","","Paul Stagg","Owner","Mal","35035000","35","516916","Chemicals (W","5","0","1"
"53052","RGB Mechanical Contractors","ronnieg@rgbmechanical.com","4221 E Johnson Ave","8709337492","8709728360","171114","Mechanical Contractors","www.rgbmechanical.com"," Email <---> Revenue ","269687","RGB Mechanical Contractors","4221 E Johnson Ave","Jonesboro","AR","72401","Craighead","www.rgbmechanical.com","8709728360","8709337492","Ralph Brasher","President","Mal","26240000","160","171114","Mechanical C","5","0","1"
"56085","Heavenly Ham","Smith-Tom@cs.com","2203 E Nettleton Ave # B","8709313838","8709313737","542107","Meat-Retail","NULL"," Email <---> Revenue ","45029","HEAVENLY HAM","2001 E NETTLETON AVE","JONESBORO","AR","72401","Craighead","","8709313737","","TOM SMITH","Manager","M","48000000","4208","542103","Meat Mkts In","5","0","1"
"50463","Olshan Foundation Repair","SteveM@olshanfoundation.com","5115 Young Rd","NULL","5012241933","179909","Waterproofing Contractors","NULL"," Email <---> Revenue ","69826","OLSHAN FOUNDATION REPAIR","5115 YOUNG RD","LITTLE ROCK","AR","72209","Pulaski","","5012241933","","STEVE MCMILLAN","Manager","M","45000000","1511","179900","Special Trad","5","0","1"
"17047","Continental Express Inc","tom.street@longhauldriving.com","2800 Cantrell Rd # 500","5016661658","5016664333","421309","Trucking-Motor Freight","NULL"," Email <---> Revenue ","153820","Continental Express Inc","2800 Cantrell Rd # 500","Little Rock","AR","72202","Pulaski","www.longhauldriving.com","5016664333","5016661658","Kelly Woolridge","President","Mal","31200000","80","421309","Trucking-Mot","5","0","1"
"20000","Southland Greyhound Park","unsubscribe-44330@emaillabs.com","1550 Ingram Blvd","8707328335","8707328350","794801","Race Tracks","www.southlandgreyhound.com"," Email <---> Revenue ","291672","Southland Greyhound Park","1550 Ingram Blvd","West Memphis","AR","72301","Crittenden","www.southlandgreyhound.com","8707328350","8707328335","Barry Baldwin","Manager","Mal","44100000","350","794801","Race Tracks","5","1","1"
"25025","Ponderosa Trailers","Wes@ponderosatrailers.com","PO Box 10","5013544314","5013544717","508308","Trailers-Livestock (Wholesale)","NULL"," Email <---> Revenue ","264479","Ponderosa Trailers","307 W Parker St","Plumerville","AR","72127","Conway","","5013544717","5013544314","Wes Camp","Owner","Mal","29880000","60","508308","Trailers-Liv","5","0","1"
"60465","Pradco","william.wilson@lurenet.com","Po Box 1587","5017830234","501-782-8971","3949","Sporting and Athletic Goods","NEC"," Email <---> Revenue ","265266","Pradco","P.O. BOX 1587","Fort Smith","AR","72902","Sebastian","","4797828971","","James Stephens","President","mal","32000000","338","394902","Manufacture ","5","0","1"
"64562","Tokusen USA Inc","wire@tokusenusa.com","1500 Amity Rd","5013270231","5013276800","331598","Steel-Wiredrawing/Stl Nails/Spikes (Mfr)","www.tokusenusa.com"," Email <---> Revenue ","305409","Tokusen USA Inc","1500 Amity Rd","Conway","AR","72032","Faulkner","www.tokusenusa.com","5013276800","5013270231","Ken Nagi","President","Mal","35000000","265","331598","Steel-Wiredr","5","0","1"
"64577","Simplex Grinnell","wpost@spectralink.com","9700 Maumelle Blvd","2564610212","5017539997","506315","Fire Protection Equipment & Supls (Whol)","www.simplexgrinnell.com"," Email <---> Revenue ","288324","Simplex Grinnell","9700 Maumelle Blvd","N Little Rock","AR","72113","Pulaski","www.simplexgrinnell.com","5017539997","5015654944","Randy Higgins","Manager","Mal","39480000","60","506315","Fire Protect","5","0","1"
"65084","Arkansas Valley Electric Co-Op","brue@avecc.com","1811 W Commercial St","4796675238","4796672176","491101","Electric Companies","www.avecc.com"," Email <---> Revenue ","119037","Arkansas Valley Electric Co-Op","1811 W Commercial St","Ozark","AR","72949","Franklin","www.avecc.com","4796672176","4796675238","Bill Peters","CEO","Mal","44500000","125","491101","Electric Com","5","0","1"
"22742","Professional Food Systems","BrevardR@conagra.com","422 N Washington Ave","8708631750","8708631773","514105","Grocers-Wholesale","NULL"," Email <---> Revenue ","266914","Professional Food Systems","422 N Washington Ave","El Dorado","AR","71730","Union","","8708631773","8708631750","Rolan Brevard","President","Mal","28425000","25","514105","Grocers-Whol","5","0","1"
"1716","KOA Campground","B.George@koa.com","838 Mcclendon Rd","NULL","5016226835","598401","Propane (Lp) Gas","NULL"," Email <---> Revenue ","54947","KOA CAMPGROUND","838 MCCLENDON RD","HOT SPRINGS","AR","71901","Garland","","5016245912","","GEORGE BARRETT","Owner","M","28100000","3853","703300","Trlr Parks,C","5","0","1"
"60597","Merle Norman Cosmetics","B-Case@rosesmnstudio.com","1150 S Rogers St","NULL","4797544022","599992","Cosmetics & Perfumes-Retail","NULL"," Email <---> Revenue ","63066","MERLE NORMAN COSMETICS","1128 S ROGERS ST","CLARKSVILLE","AR","72830","","","4797544023","","BONNIE FREEMAN","Owner","F","47500000","5567","599913","Toiletries,C","5","0","1"
"61179","Southwest Arkansas Electric","ahogue@swrea.com","2904 E 9th St","8707732408","8707722743","491101","Electric Companies","www.swrea.com"," Email <---> Revenue ","291898","Southwest Arkansas Electric","2904 E 9th St","Texarkana","AR","71854","Miller","www.swrea.com","8707722743","8707732408","Wayne Whitaker","CEO","Mal","30685000","83","491101","Electric Com","5","0","1"
"55792","Albertsons","absfeedback@eds.com","3710 N State Line Ave","6618362141","8707743146","541105","Grocers-Retail","www.albertsons.com"," Email <---> Revenue ","110575","Albertsons","3710 N State Line Ave","Texarkana","AR","71854","Miller","www.albertsons.com","8707743146","8707724896","Don Brown","Manager","Mal","49400000","200","541105","Grocers-Reta","5","0","1"
