mail id,company,email,address,phone,fax,sic,sic description,web,,revenue id,company,address,city,state,zip,	metro,web,phone,fax,contact,position,gender,sales,# of employee,sic,sic_descrpiton,	,,
"20949","Baker Refrigeration","WayneB@baker-ref.com","3931 N Arkansas Ave","4799677308","4799679850","507804","Refrigerating Equip-Coml (Wholesale)","NULL"," Email <---> Revenue ","123850","Baker Refrigeration","3931 N Arkansas Ave","Russellville","AR","72802","Pope","www.baker-ref.com","4799679850","4799677308","Wayne Baker","Owner","Mal","15300000","30","507804","Refrigeratin","4","0","1"
"2705","Glidewell Distributing Co","water@tablerockbev.com","5705 Steep Hill Rd","4796796777","4797822539","514501","Candy & Confectionery-Wholesale","www.tablerockbev.com"," Email <---> Revenue ","191517","Glidewell Distributing Co","5705 Steep Hill Rd","Fort Smith","AR","72916","Sebastian","www.tablerockbev.com","4797822539","4796796777","Jim Glidewell","Owner","Mal","11800000","20","514501","Candy & Conf","4","0","1"
"11392","Arkansas Aluminum Alloys","trusks@arkalumalloys.com","4400 Malvern Rd","5012623420","5012623555","1099","Metal ores","arkalumalloys.com"," Email <---> Revenue ","5688","ARKANSAS ALUMINUM ALLOYS INC","4400 MALVERN RD","HOT SPRINGS","AR","71901","Garland","","5012623420","","ANTHONY PULTZ","President","M","14000000","150","334100","Secondary Nf","4","0","1"
"47099","Maxwell Hardwood Flooring","tommy.maxwell@1-800-arkansas.com","190 Wilson Mill Rd","8703672968","8703672436","242698","Hardwood Dimension & Flooring Mills","NULL"," Email <---> Revenue ","61578","MAXWELL HARDWOOD FLOORING","190 WILSON MILL RD","MONTICELLO","AR","71655","","","8703672436","","THOMAS MAXWELL","President","M","10800000","150","242100","Sawmills, Pl","4","0","1"
"44407","Rainbow Cleaning Systems","Swaim@rainbowsystems.com","852 Harrison St","NULL","8707935322","572216","Vacuum Cleaners-Household-Dealers","NULL"," Email <---> Revenue ","77694","RAINBOW CLEANING SYSTEMS","610 S SAINT LOUIS ST","BATESVILLE","AR","72501","Independence","","8707935322","","TERRY SWAIM","Manager","M","11700000","280732","572203","Vacuum Clean","4","0","1"
"51896","Heartland Honda","suzi@heartlandhonda.com","2021 W Sunset Ave","4797560940","4797517022","557106","Motorcycles & Motor Scooters-Dealers","www.heartlandhonda.com"," Email <---> Revenue ","200060","Heartland Honda","2021 W Sunset Ave","Springdale","AR","72762","Washington","www.heartlandhonda.com","4797517022","4797560940","Greg Donahoe","Manager","Mal","10261000","31","557106","Motorcycles ","4","0","1"
"51454","Creative Marketing","StaffordR@egetit.com","323 W 4th St","5013726202","5017585777","514102","Food Brokers","NULL"," Email <---> Revenue ","157274","Creative Marketing","323 W 4th St","N Little Rock","AR","72114","Pulaski","","5017585777","5013726202","Robert Stafford","Owner","Mal","17055000","15","514102","Food Brokers","4","0","1"
"64540","Dogwood Homeplace","shester@homeplaceretirement.com","125 S Broadway St","4792381991","4792381991","521138","Home Centers","www.homeplaceretirement.com"," Email <---> Revenue ","167412","Dogwood Homeplace","125 S Broadway St","Siloam Springs","AR","72761","Benton","www.homeplaceretirement.com","4792381991","","Denny Nooner Jr","President","Mal","20640000","80","521138","Home Centers","4","0","1"
"64701","S & I Steel Div","rkyle@primarysteel.com","1061 Hwy 77","3026524325","8707026020","505106","Steel-Distributors & Warehouses","www.primarysteel.com"," Email <---> Revenue ","280337","S & I Steel Div","1061 Hwy 77","West Memphis","AR","72301","Crittenden","www.primarysteel.com","8707026020","8707026234","John White","Manager","Mal","14658000","14","505106","Steel-Distri","4","0","1"
"53369","Arkansas Copier Ctr Inc","ralpht@arknasascopier.com","9621 Interstate 30","5015688297","5015628297","504403","Copying & Duplicating Machines & Supls","www.arkansascopier.com"," Email <---> Revenue ","116955","Arkansas Copier Ctr Inc","9621 Interstate 30","Little Rock","AR","72209","Pulaski","www.arkansascopier.com","5015628297","5015688297","Ralph Thompson","Owner","Mal","10323000","31","504403","Copying & Du","4","0","1"
"45580","LR Natl AirportAdams Field","plaunius@lrn-airport.com","#1 Airport Drive","5013723439","null","458106","Airports","lrn-airport.com"," Email <---> Revenue ","58298","LITTLE ROCK NATL AIRPORT-LIT","1 AIRPORT RD","LITTLE ROCK","AR","72202","Pulaski","","5013723439","","DEBORAH H SCHWARTZ","Executive Director","F","14400000","130","458100","Airports & T","4","0","1"
"19087","Quality Fixture","P-Holland@innerplan.com","310 E 3rd St","5013723838","5013763106","502105","School Furniture & Equipment (Whol)","NULL"," Email <---> Revenue ","268172","Quality Fixture","310 E 3rd St","Little Rock","AR","72201","Pulaski","www.innerplan.com","5013763106","5013723838","Paul Holland","President","Mal","11420000","20","502105","School Furni","4","0","1"
"37914","Watkins Products","OlsonE@watkinsonline.com","34 Meadowbrook Cir","NULL","4792719102","549904","Vitamins","NULL"," Email <---> Revenue ","100639","WATKINS PRODUCTS","34 MEADOWBROOK CIR","BENTONVILLE","AR","72712","Benton","","4792719102","","EMILY OLSON","Owner","F","19300000","1084","514100","Whl Gen Groc","4","0","1"
"59804","Rexel Summers","moore@gtcinternet.com","5500 Wheeler Ave","8502241105","4796465500","506330","Electric Equipment & Supplies-Wholesale","www.rexelusa.com"," Email <---> Revenue ","274196","Rexel Summers","5500 Wheeler Ave","Fort Smith","AR","72901","Sebastian","www.rexelusa.com","4796465500","4796462960","Tony Crossland","Manager","Mal","13734000","18","506330","Electric Equ","4","0","1"
"63359","Bryan Foods Inc","marthaw@century21-a1.com","1913 N Walton Blvd # 2","4792739306","4792730347","201101","Meat Packers","www.century21-a1.com"," Email <---> Revenue ","135882","Bryan Foods Inc","1716 SW Commerce Dr","Bentonville","AR","72712","Benton","www.century21-a1.com","4792730347","4792737696","","","","13644000","12","514101","Food Product","4","0","1"
"34681","Arkansas Missouri Railroad","markb@arkansasmissouri-rr.com","306 E Emma Ave","4797512225","4797515763","401101","Railroads","www.arkansasmissouri-rr.com"," Email <---> Revenue ","118020","Arkansas Missouri Railroad","306 E Emma Ave","Springdale","AR","72764","Washington","www.arkansasmissouri-rr.com","4797515763","4797512225","G B Mc Cready","President","Mal","19630000","65","401101","Railroads","4","0","1"
"17902","Cold Stone Creamery","MandyJohnson@coldstonecreamery.com","12800 Chenal Pkwy","NULL","5012257000","581203","Ice Cream Parlors","NULL"," Email <---> Revenue ","22237","COLD STONE CREAMERY","12800 CHENAL PKWY STE 8","LITTLE ROCK","AR","72211","Pulaski","","5012257000","","MANDY JOHNSON","Owner","F","12500000","19173","581247","Quick Serv I","4","0","1"
"47944","Ayrshire Electronics","L_Gary@ayrshireusa.com","1101 S Beechwood Ave","4795820497","4794425356","393102","Musical Instruments-Manufacturers","NULL"," Email <---> Revenue ","8502","AYRSHIRE ELECTRONICS","1101 S BEECHWOOD AVE","FAYETTEVILLE","AR","72701","Washington","","4794425356","","GARY LEHREN","President","M","18000000","340","393100","Musical Inst","4","0","1"
"20818","Commercial Mail Svc","LGladfelter@commercial-mail.net","200 N Cross St","5013727808","5013762344","733104","Mailing Lists","NULL"," Email <---> Revenue ","152562","Commercial Mail Svc","200 N Cross St","Little Rock","AR","72201","Pulaski","www.commercial-mail.net","5013762344","5013727808","Louis Gladfelter","Owner","Mal","16422000","119","733104","Mailing List","4","0","1"
"59382","Oakdale Nursing Home","Leonard_Wiggins@seniorcare-inc.com","101 Cynthia St","5017293621","5017293823","805101","Nursing & Convalescent Homes","NULL"," Email <---> Revenue ","253447","Oakdale Nursing Home","101 Cynthia St","Judsonia","AR","72081","White","","5017293823","5017293621","Leonard Wiggins","Owner","Mal","10500000","150","805101","Nursing & Co","4","0","1"
"29712","Center Point Energy","Leollio@centerpointenergy.com","401 W Capitol Ave","5013774603","5013774859","874213","Marketing Programs & Services","NULL"," Email <---> Revenue ","144035","Center Point Energy","401 W Capitol Ave","Little Rock","AR","72201","Pulaski","www.centerpointenergy.com","5013774500","5013774603","Dean Leollio","President","Mal","18800000","100","171131","Energy Manag","4","0","1"
"32094","Eldirect In Home Senior Care","Leigh@eldirecthomecare.com","716 W Sycamore St","4794430183","4794437173","808201","Home Health Service","NULL"," Email <---> Revenue ","32352","ELDIRECT IN HOME SENIOR CARE","2662 E JOYCE BLVD STE 2","FAYETTEVILLE","AR","72703","Washington","","4794437173","","LEIGH DAVIS","Owner","F","10500000","110","808200","Home Health ","4","0","1"
"19632","Woodfield Trucking Inc","kstarr@woodfieldinc.com","1430 Woodland Dr","8702316020","null","421304","Trucking","WOODFIELDINC.COM"," Email <---> Revenue ","103070","WOODFIELD INC","3161 HIGHWAY 376 S","CAMDEN","AR","71701","Ouachita","","8702316020","","JIMMY STARR","Chief Executive Office","M","13800000","150","421300","Trucking","4","0","1"
"43271","Klaasmeyer Construction Co","kcci@klaasmeyer.com","35 Middle Rd","5013275925","5013277860","173101","Electric Contractors","www.klaasmeyer.com"," Email <---> Revenue ","222338","Klaasmeyer Construction Co","35 Middle Rd","Conway","AR","72032","Faulkner","www.klaasmeyer.com","5013277860","5013275925","Eugene R Klaasmeyer","President","Mal","10300000","12","162308","Utility Cont","4","0","1"
"30196","Peterbilt","K.L@pbtruck.com","6915 Alma Hwy","4796320066","4796329140","551105","Truck-Dealers","NULL"," Email <---> Revenue ","261144","Peterbilt","6915 Alma Hwy","Van Buren","AR","72956","Crawford","www.larsongroup.com","4796329140","4796320066","Kevin Larson","Owner","Mal","12885000","15","551105","Truck-Dealer","4","2","1"
"60507","Bridges Electric Inc","jpuckett@bridgeselectric.com","99 Bolton Sullivan Dr","5013625638","5013626266","361398","Switchgear/Switchboard Apparatus (Mfrs)","www.bridgeselectric.com"," Email <---> Revenue ","134736","Bridges Electric Inc","99 Bolton Sullivan Dr","Heber Springs","AR","72543","Cleburne","www.bridgeselectric.com","5013626266","5013625638","","","","16150000","50","361398","Switchgear/S","4","0","1"
"711","Advanced Air","Jones@cbairport.com","PO Box 520","NULL","4794448683","171117","Air Conditioning Contractors & Systems","NULL"," Email <---> Revenue ","2143","ADVANCED AIR","811 N BLOOMINGTON ST # 71B","LOWELL","AR","72745","Benton","","4796217042","4796215117","KENNY JONES","Owner","M","22800000","130","171104","Heating,Air ","4","0","1"
"5204","R P Power","John@rppower.com","7777 N Shore Pl","5016043033","5015683000","506316","Generators-Electric (Wholesale)","NULL"," Email <---> Revenue ","269419","R P Power","7777 N Shore Pl","N Little Rock","AR","72118","Pulaski","www.rppower.com","5015683000","5016043033","John Ronza","Owner","Mal","12971000","17","506316","Generators-E","4","0","1"
"58784","First Western Bank","John.Hampton@firstwesternbank.com","PO Box 547","4796318747","4799362020","602201","State Commercial Banks","NULL"," Email <---> Revenue ","183056","First Western Bank","P.O. BOX 547","Rogers","AR","72757","Benton","","4796310107","","John Hampton","Chief Executive Office","mal","10209557","28","602200","State Bank","4","0","1"
"10089","Triple M Farms","JMeeks@triplemfarms.com","2383 Highway 189 N","NULL","8708539285","019101","Farms","NULL"," Email <---> Revenue ","95407","TRIPLE M FARMS","2383 HIGHWAY 189 N","HAMBURG","AR","71646","","","8708539285","","JAMES MEEKS","Owner","M","13100000","175","019100","General Crop","4","0","1"
"64673","Mid-State Aftermarket Body","jdgoodman@actioncrash.com","25631 Interstate 30","8702689201","5018478700","501309","Automobile Body Shop Equip/Supls (Whol)","www.midstateparts.com"," Email <---> Revenue ","63742","MID-STATE AFTERMARKET BODY","25631 INTERSTATE 30","BRYANT","AR","72022","Saline","","5018478700","","TODD KNOEDL","Manager","M","16200000","90","355900","Special Indu","4","0","1"
"54737","Cjrw Northwest","JamesGardner@blackwood.com","2345 N Green Acres Rd","4794423092","4794429803","731101","Advertising-Agencies & Counselors","NULL"," Email <---> Revenue ","149531","Cjrw Northwest","2345 N Green Acres Rd","Fayetteville","AR","72703","Washington","www.blackwood.com","4794429803","4794423092","James Gardner","President","Mal","12800000","20","731101","Advertising-","4","0","1"
"45704","Blue Suede Shoes Antique Mall","James@bluesuedeshoesantiquemall.com","22460 Interstate 30","5016530992","5016532777","593202","Antiques-Dealers","NULL"," Email <---> Revenue ","12979","BLUE SUEDE SHOES ANTIQUE MALL","22460 INTERSTATE 30","BRYANT","AR","72022","Saline","","5016532777","","JAMES WILLBERN","President","M","20100000","300","593202","Antiques","4","0","1"
"54182","Steel Related Technology","JacquesM@srt-ar.com","101 Terra Rd","8707621963","8707621905","508471","Machinery-Rebuilding & Repairing (Whol)","NULL"," Email <---> Revenue ","89745","STEEL RELATED TECHNOLOGY","101 TERRA RD","BLYTHEVILLE","AR","72315","Mississippi","","8707621905","","MIKE JACQUES","Chief Executive Office","M","17000000","190","508411","Mach/Mach To","4","0","1"
"62367","Century Tel","it-privacypolicy@centurytel.com","188 Woodland Hills Rd","6082692896","8708562007","481304","Telephone Companies","www.centurytel.com"," Email <---> Revenue ","144866","Century Tel","188 Woodland Hills Rd","Hardy","AR","72542","Sharp","www.centurytel.com","8708562007","8708562222","Skip Layne","Manager","Mal","24975000","75","481304","Telephone Co","4","0","1"
"28004","Hines Wood Fiber Recovery","Hines@hineswoodfiber.com","407 Hines Blvd","8708875126","8708876320","509330","Wood-Waste & Recycling (Wholesale)","NULL"," Email <---> Revenue ","46210","HINES WOOD FIBER RECOVERY","407 HINES BLVD","PRESCOTT","AR","71857","Nevada","","8708876320","8708875126","BILLY R HINES","Chief Executive Office","M","17400000","120","509300","Scrap & Wast","4","0","1"
"10263","Jimco Lighting Factory Outlet","Harmon.Don@jimcolamp.com","PO Box 490","8709356822","8709354427","364503","Lamps-Manufacturers","NULL"," Email <---> Revenue ","51743","JIMCO LIGHTING FACTORY OUTLET","PO BOX 490","BONO","AR","72416","Craighead","","8709354427","","DON HARMON","President","M","11400000","150","364500","Residential ","4","0","1"
"9788","Global Docu Graphix","Graham@gdxinc.com","12120 Colonel Glenn Rd # 6200","5012244769","5012241992","275202","Printers","NULL"," Email <---> Revenue ","191553","Global Docu Graphix","12120 Colonel Glenn Rd # 6200","Little Rock","AR","72210","Pulaski","www.gdxinc.com","5012241992","5012244769","Alan Bratton","President","Mal","10350000","50","275202","Printers","4","0","1"
"59245","W And West Ford Sales","ford1@stert-net.com","2000 East Race Ave","5012682486","null","5311","Retail shops","null"," Email <---> Revenue ","99585","W & W FORD SALES","2000 E RACE AVE","SEARCY","AR","72143","White","","5012682486","","KEITH WEBB","Owner","M","14100000","35","551100","New & Used C","4","0","1"
"32596","Lawhon Farm Svc Inc","Dwight.Hughes@deltakingseed.com","PO Box 970","NULL","8707315484","519102","Farm Supplies (Wholesale)","NULL"," Email <---> Revenue ","56612","LAWHON FARM SVC INC","PO BOX 970","MC CRORY","AR","72101","","","8707315484","","J NOAL LAWHON","President","M","17900000","100","287500","Mixing Ferti","4","0","1"
"45051","Rent-A-Wreck","Doug.Nelson@wreckrent.com","2410 Obryant St","NULL","5013360309","751401","Automobile Renting","NULL"," Email <---> Revenue ","79328","RENT-A-WRECK","2410 OBRYANT ST","CONWAY","AR","72032","Faulkner","","5013360309","","DOUG NELSON","Owner","M","20000000","1398","751300","Truck Rental","4","0","1"
"47764","Cavenaugh Isuzu","DonaldCavenaugh@cavenaughlm.com","3311 Stadium Blvd","8709352672","8709352666","551105","Truck-Dealers","NULL"," Email <---> Revenue ","143509","Cavenaugh Isuzu","3311 Stadium Blvd","Jonesboro","AR","72404","Craighead","www.cavenaughlm.com","8709352666","8709352672","Donald Cavenaugh","Owner","Mal","22334000","26","551105","Truck-Dealer","4","2","1"
"62965","Arkansas Oklahoma Gas Corp","ddehart@aogc.com","115 N 12th St","4797842095","4797842000","492501","Gas Companies","www.aogc.com"," Email <---> Revenue ","6538","ARKANSAS OKLAHOMA GAS CORP","115 N 12TH ST","FORT SMITH","AR","72901","Sebastian","","4797842052","4797842095","MICHAEL C CARTER","President","M","21500000","70","492500","Gas Prodn & ","4","0","1"
"42506","Standard Business Systems","David@standardbus.com","PO Box 25411","5016634976","5016634414","504403","Copying & Duplicating Machines & Supls","NULL"," Email <---> Revenue ","294544","Standard Business Systems","PO Box 25411","Little Rock","AR","72221","Pulaski","www.standardbusiness.com","5016632679","5016634976","David Gulley","Owner","Mal","11396000","28","504403","Copying & Du","4","0","1"
"43530","Prairie Grove Telephone Co Inc","david@pgtc.com","PO Box 1010","4792671112","4798467200","481304","Telephone Companies","NULL"," Email <---> Revenue ","265340","Prairie Grove Telephone Co Inc","139 N Mock St","Prairie Grove","AR","72753","Washington","www.pgtc.com","4798467200","4792671112","David Parks","Owner","Mal","11655000","35","481304","Telephone Co","4","0","1"
"31135","Pipelife Jet Stream Inc","David.Jackson@granse.com","PO Box 190","4795243516","4795245151","308401","Pipe-Plastic (Manufacturers)","NULL"," Email <---> Revenue ","74098","PIPELIFE JET STREAM INC","1700 S LINCOLN ST","SILOAM SPGS","AR","72761","Benton","","4795245151","4795245464","JAMES HILL","Vice-President","M","23800000","125","507500","Warm Air Htg","4","0","1"
"63017","Howard Trucking","dana@howardtrucking.com","6309 Highway 67 N","8705236953","8705239848","421309","Trucking-Motor Freight","www.howardtrucking.com"," Email <---> Revenue ","47793","HOWARD TRUCKING","PO BOX 950","NEWPORT","AR","72112","","","8705239848","","DANNY HOWARD","President","M","13800000","150","421300","Trucking","4","0","1"
"36493","Haun Truck Brokers","Dale@hauntruck.com","1549 W Enterprise Dr","NULL","4795829100","501208","Automobile & Truck Brokers","NULL"," Email <---> Revenue ","199220","Haun Truck Brokers","1549 W Enterprise Dr","Fayetteville","AR","72704","Washington","www.hauntruck.com","4795829100","","Dale Krummel","Owner","Mal","11100000","3","501208","Automobile &","4","0","1"
"22127","Interstate Highway Sign Corp","custservice@interstatesigns.com","7415 Lindsey Rd","5014901090","5014904242","399302","Signs (Manufacturers)","www.interstatesigns.com"," Email <---> Revenue ","49299","INTERSTATE HIGHWAY SIGN CORP","7415 LINDSEY RD","LITTLE ROCK","AR","72206","Pulaski","","5014904242","","MORRIS MCLEOD","President","M","11400000","150","399900","Mfg Industri","4","0","1"
"65301","Lift Truck Svc Ctr Inc","cprichard@lifttruckservicecenter.com","7721 Distribution Dr","5015680154","5015683330","508522","Industrial Equipment & Supplies (Whol)","www.ltscforklift.com"," Email <---> Revenue ","57571","LIFT TRUCK SVC CTR INC","7721 DISTRIBUTION DR","LITTLE ROCK","AR","72209","Pulaski","","5015683330","","CARL MOREHEAD","Owner","M","12100000","70","508500","Whl Indus Su","4","0","1"
"19925","Ad Specialties Unlimited","contact-us@lscmarketing.com","2207 Cantrell Rd","5013726570","5013742332","874810","Sales Promotion Service","www.lscmarketing.com"," Email <---> Revenue ","108428","Ad Specialties Unlimited","2207 Cantrell Rd","Little Rock","AR","72202","Pulaski","www.lscmarketing.com","5013742332","5013726570","Scott Schuh","Owner","Mal","10125000","45","874810","Sales Promot","4","0","1"
"26847","Liberty Tax Svc","ChristinePavlovic@libertytax.com","300 W Main St","NULL","5018435537","729101","Tax Return Preparation & Filing","NULL"," Email <---> Revenue ","57460","LIBERTY TAX SVC","PO BOX 572","CABOT","AR","72023","Lonoke","","5018435537","","CHRISTINE PAVLOVIC","Manager","F","17500000","10763","729100","Tax Return P","4","0","1"
"59590","Star Co","carlahigdon@starcompanies.net","3201 E Highland Dr","8709322925","8709326679","541103","Convenience Stores","www.starcompanies.net"," Email <---> Revenue ","89370","STAR CO","3201 E HIGHLAND DR","JONESBORO","AR","72401","Craighead","","8709326679","8709322925","AL M HERINGER","Chief Executive Office","M","11200000","80","541103","Conven Store","4","0","1"
"3098","Conley Ford","C.Herschel@conleyford.com","Highway 62 & 412","8708562537","8708562786","551105","Truck-Dealers","NULL"," Email <---> Revenue ","153497","Conley Ford","Highway 62 & 412","Hardy","AR","72542","Sharp","","8708562786","8708562537","Herschel Conley","Owner","Mal","12940000","20","551105","Truck-Dealer","4","2","1"
"47923","Farmers & Merchants Bank","ben.loper.b3bj@statefarm.com","107 S Livermore Street","5019826541","5019826542","609915","Banking Systems & Service","null"," Email <---> Revenue ","34814","FARMERS & MERCHANTS BANK","PO BOX 440","HAZEN","AR","72064","","","8702553042","","DAVID HARDKE","Manager","M","14600000","166","602200","State Commer","4","0","1"
"56884","Stone County Ironworks","Balentine-Paul@stonehard.com","PO Box 427","8702692431","8702698108","769204","Ironwork","NULL"," Email <---> Revenue ","90232","STONE COUNTY IRONWORKS","408 IRONWORKS DR","MOUNTAIN VIEW","AR","72560","","","8702698108","8702692431","PAUL BALENTINE","Chief Executive Office","M","10800000","215","769201","Ironwork","4","0","1"
"10431","Construction Management Svc","Alley@vcc2000.com","216 Louisiana St","5013764145","5013742989","874104","Construction Management","NULL"," Email <---> Revenue ","153722","Construction Management Svc","216 Louisiana St","Little Rock","AR","72201","Pulaski","www.vcc2000.com","5013742989","5013764145","Sam K Alley","CEO","Mal","15750000","70","874104","Construction","4","0","1"
"17414","Nursing Connection","Adams_Ann@thenursingconnection.net","1701 Centerview Dr # 315","5012255070","5012255050","804908","Nurses & Nurses' Registries","NULL"," Email <---> Revenue ","252786","Nursing Connection","1701 Centerview Dr # 315","Little Rock","AR","72211","Pulaski","www.ncstaffing.com","5012255050","5012255070","Ann Adams","Owner","Fem","24200000","200","804908","Nurses & Nur","4","0","1"
