mail id,company,email,address,phone,fax,sic,sic description,web,,revenue id,company,address,city,state,zip,	metro,web,phone,fax,contact,position,gender,sales,# of employee,sic,sic_descrpiton,	,,
"37655","Stribling Packaging","BillStribling@striblingpackaging.com","1603 N 35th St","4796312324","4796360715","511318","Boxes-Corrugated & Fiber (Wholesale)","NULL"," Email <---> Revenue ","296981","Stribling Packaging","1603 N 35th St","Rogers","AR","72756","Benton","www.striblingpackaging.com","4796360715","4796312324","Bill Stribling","Owner","Mal","62100000","75","511318","Boxes-Corrug","6","0","1"
"52787","Latco Inc/Pro Ag","D.Latta@latcoinc.com","PO Box 9","4798243983","4798243282","508303","Poultry Equipment & Supplies (Wholesale)","NULL"," Email <---> Revenue ","225919","Latco Inc/Pro Ag","2509 E Pridemore St","Lincoln","AR","72744","Washington","www.latcoinc.com","4798243282","4798243983","Dick Latta","Owner","Mal","87150000","175","508303","Poultry Equi","6","0","1"
"19291","Napco","BillG@napcousa.com","2400 Cantrell Rd # 116","5013745129","5013745884","262101","Paper-Manufacturers","NULL"," Email <---> Revenue ","248102","Napco","2400 Cantrell Rd # 116","Little Rock","AR","72202","Pulaski","","5013745884","5013745129","","","","57600000","4","262101","Paper-Manufa","6","0","1"
"22550","Arkansas Steel Assoc","barry.hulett@arkansassteel.com","2803 Van Dyke Rd","8705523028","870-523-3693","3312","Steel Works","Blast Furnaces (Including Coke Ovens)"," Email <---> Revenue ","118797","Arkansas Steel Assoc","2803 Van Dyke Rd","Newport","AR","72112","Jackson","www.arkansassteel.com","8705233693","8705234619","Mike Inoue","President","Mal","50000000","162","331201","Steel Mills","6","0","1"
"10808","Century Flooring Co","tom.tomjack@centuryflooring.com","PO Box 480","8703684001","8703684000","571306","Floor Materials","NULL"," Email <---> Revenue ","144839","Century Flooring Co","Highway 9 Spur","Melbourne","AR","72556","Izard","www.centuryflooring.com","8703684000","8703684001","Steve Gates","CEO","Mal","52780000","260","571306","Floor Materi","6","0","1"
"11052","Bancroft Cap Co","Stephen.Goldman@Bancroftcaps.Com","PO Box 1207","5018438996","5018436561","513606","Caps (Wholesale)","NULL"," Email <---> Revenue ","124286","Bancroft Cap Co","1122 S 2nd St","Cabot","AR","72023","Lonoke","www.bancroftcaps.com","5018436561","5018438996","Barry Goldman","Owner","Mal","83880000","120","513606","Caps (Wholes","6","0","1"
"45005","APS Health Care Inc","sclynn@apshealthcare.com","225 S Pulaski St","5013722970","5013722970","809907","Health Services","www.apshealthcare.com"," Email <---> Revenue ","5144","APS HEALTH CARE INC","225 S PULASKI ST","LITTLE ROCK","AR","72201","Pulaski","","5013722970","","SCOTT STRANG","Manager","M","50000000","1118","809900","Health Servi","6","2","1"
"41760","Indoff Inc","gjohnsonjr@indoff1.com","2512 Millbrook Rd","5012242624","5012242624","508426","Material Handling Equipment (Wholesale)","www.indoff.com"," Email <---> Revenue ","48878","INDOFF INC","2512 MILLBROOK RD","LITTLE ROCK","AR","72227","Pulaski","","5012242624","","AL BERRY","Manager","M","75000000","1126","508408","Mats Handlin","6","0","1"
