mail id,company,email,address,phone,fax,sic,sic description,web,,revenue id,company,address,city,state,zip,	metro,web,phone,fax,contact,position,gender,sales,# of employee,sic,sic_descrpiton,	,,
"50266","Ouachita Electric Co-Op Corp","jmccarty@oecc.com","700 Bradley Ferry Rd","8708365794","8708365791","491101","Electric Companies","www.oecc.com"," Email <---> Revenue ","255424","Ouachita Electric Co-Op Corp","700 Bradley Ferry Rd","Camden","AR","71701","Ouachita","www.oecc.com","8708365791","8708365794","Mark Cayce","Manager","Mal","27720000","45","491101","Electric Com","5","0","1"
"59949","Scroll Technologies","John.Shelton@scrolltech.com","1 Scroll Dr","8702460707","8702460700","358598358598","Air-Conditioning and Warm Air Heating Equipment and Commercial and Industrial Refrigeration Equipmen","NULL"," Email <---> Revenue ","83646","SCROLL TECHNOLOGIES","1 SCROLL DR","ARKADELPHIA","AR","71923","Clark","","8702460700","","JANET SEALE","Vice-President","F","42200000","620","358500","Rfrgn & Heat","5","0","1"
"63904","Kerusso Active Wear","kerusso@kerusso.com","238 Highway 62 Spur","8704233568","8704236242","513609","Sportswear-Wholesale","www.kerusso.com"," Email <---> Revenue ","220956","Kerusso Active Wear","238 Highway 62 Spur","Berryville","AR","72616","Carroll","www.kerusso.com","8704236242","8704233568","Vic Kennett","Owner","Mal","27960000","40","513609","Sportswear-W","5","0","1"
"61682","Milbank Manufacturing Co","lcurfman@milbankmfg.com","195 Prescolite Dr","8164836357","8708626601","361398","Switchgear/Switchboard Apparatus (Mfrs)","www.milbankmfg.com"," Email <---> Revenue ","242245","Milbank Manufacturing Co","195 Prescolite Dr","El Dorado","AR","71730","Union","www.milbankmfg.com","8708626601","8708620818","Bob Brewer","Plant Mgr","Mal","36000000","150","361398","Switchgear/S","5","0","1"
"40322","Riser Ford Dealership","rsharp@riserford.com","4201 Central Ave","5015255621","5015250800","551103","Automobile Dealers-Used Cars","www.riserford.com"," Email <---> Revenue ","275629","Riser Ford Dealership","4201 Central Ave","Hot Springs","AR","71913","Garland","www.riserford.com","5015250800","5015255621","Paul Riser","Owner","Mal","48525000","75","551103","Automobile D","5","1","1"
"34265","Dillards","ruth.miller@dillards.com","2901 Pines Mall Dr","8509865500","8705350433","539901","General Merchandise-Retail","www.dillards.com"," Email <---> Revenue ","166295","Dillards","2901 Pines Mall Dr","Pine Bluff","AR","71601","Jefferson","www.dillards.com","8705350433","8705414260","Robbie David","Manager","Mal","42000000","150","539901","General Merc","5","0","1"
"52155","T H Rogers Lumber Co","showe@throgers.com","1420 E Kenwood St","4795242437","4795244136","521142","Lumber-Retail","www.throgers.com"," Email <---> Revenue ","92016","T H ROGERS LUMBER CO","PO BOX 518","SILOAM SPGS","AR","72761","Benton","","4795244136","","RED TAYLOR","Manager","M","28600000","225","521100","Lumber, Rel ","5","0","1"
"63150","Direct Buy","Smith-Jim@ucctotalhome.com","12120 Colonel Glenn Rd","5012552900","5012552822","502107","Furniture-Dealers-Wholesale","NULL"," Email <---> Revenue ","29108","DIRECT BUY","12120 COLONEL GLNN RD STE 8000","LITTLE ROCK","AR","72210","Pulaski","","5012552822","","JIM SMITH","Manager","M","40000000","1350","502100","Whl Furnitur","5","0","1"
"53010","Southern Refrigerated Transprt","srtrecruiters@southernref.com","210 Highway 71 N","8708985765","8708983337","421308","Trucking-Refrigerated","www.southernref.com"," Email <---> Revenue ","291457","Southern Refrigerated Transprt","210 Highway 71 N","Ashdown","AR","71822","Little River","www.southernref.com","8708983337","8708985765","Tony Smith","Owner","Mal","43000000","0","421308","Trucking-Ref","5","0","1"
"63480","Rineco Total Waste Management","recycle@rineco.com","819 Vulcan Rd","5017788505","5017789089","509305","Waste Rdctn Dspsl/Recycle Svc-Ind (Whol)","www.rinecodirect.com"," Email <---> Revenue ","275592","Rineco Total Waste Management","819 Vulcan Rd","Benton","AR","72015","Saline","www.rinecodirect.com","5017789089","5017788505","Jim Brown","Plant Mgr","Mal","30000000","320","509305","Waste Rdctn ","5","0","1"
"64010","Weldon Williams & Lick","pwofford@wwlinc.com","711 N A St","4797837050","4797834113","275202","Printers","www.wwlinc.com"," Email <---> Revenue ","100968","WELDON WILLIAMS & LICK","711 N A ST","FORT SMITH","AR","72901","Sebastian","","4797834113","4797837050","JAMES WALCOTT","President","M","27100000","357","399900","Mfg Industri","5","0","1"
"61328","Aromatique Inc","pharris@aromatique.com","3421 Highway 25b","2147421570","5013627511","284498","Perfumes Cosmetics/Toilet Preps (Mfrs)","www.aromatique.com"," Email <---> Revenue ","7305","AROMATIQUE INC","3421 HIGHWAY 25B","HEBER SPRINGS","AR","72543","","","5013627511","5013625361","PATRICIA P UPTON","Chief Executive Office","F","35800000","490","284400","Toilet Prepa","5","0","1"
"37046","Motor Appliance Corp","motorsales@macmc.com","4872 N County Road 779","8707622274","8707633652","369402","Battery Charging Equipment-Manufacturers","www.macmc.com"," Email <---> Revenue ","245279","Motor Appliance Corp","4872 N County Road 779","Blytheville","AR","72315","Mississippi","www.macmc.com","8707633652","8707622274","Steve Smith","Plant Mgr","Mal","29510000","130","369402","Battery Char","5","0","1"
"63698","FFB Agriculture Lending","mena.ag@ffb1.com","214 N Washington Ave","8708815394","8708815271","615901","Loans-Agricultural","www.ffb1.com"," Email <---> Revenue ","35575","FFB AGRICULTURE LENDING","214 N WASHINGTON AVE","EL DORADO","AR","71730","Union","","8708815271","","STEVE CAMERON","Chief Executive Office","M","41500000","227","615900","Misc Bus Cre","5","0","1"
"65815","KARK TV","lmalham@kark.com","1401 W Capitol Ave # 401","5013761852","5013404444","483301","Television Stations & Broadcasting CO","www.kark.com"," Email <---> Revenue ","219009","KARK TV","1401 W Capitol Ave # 401","Little Rock","AR","72201","Pulaski","www.kark.com","5013404444","5013761852","Perry Chester","President","Mal","31600000","100","483301","Television S","5","0","1"
"45739","Vermeer Sales & Svc","M-Beyer@vermeer.com","580 Jean Mary Ave","4793619120","4793619110","508206","Contractors-Equip/Supls-Dlrs/Svc (Whol)","NULL"," Email <---> Revenue ","314126","Vermeer Sales & Svc","580 Jean Mary Ave","Springdale","AR","72762","Washington","","4793619110","4793619120","Mel Beyer","Owner","Mal","48900000","60","508206","Contractors-","5","0","1"
"4011","Indiana Tube Corp","indianatube@indianatube.com","7510 Ball Rd","4796489335","4796489333","505108","Tube Fittings (Wholesale)","www.indianatube.com"," Email <---> Revenue ","207906","Indiana Tube Corp","7510 Ball Rd","Fort Smith","AR","72908","Sebastian","www.indianatube.com","4796489333","4796489335","Allen Wilkinson","Plant Mgr","Mal","34551000","33","505108","Tube Fitting","5","0","1"
"34836","Carpet One","D.R@carpetone.com","5500 Landers Rd","5018358740","5019551000","571305","Carpet & Rug Dealers-New","NULL"," Email <---> Revenue ","17685","CARPET ONE","5500 LANDERS RD","N LITTLE ROCK","AR","72117","Pulaski","","5019551000","","DAVE ROSS","Manager","M","26000000","10950","571301","Carpets","5","0","1"
"60081","Basler Electric Co","daviddenton@basler.com","801 N Missouri Ave","8708575274","8708573574","361298","Power Distr/Specialty Transformer (Mfrs)","www.basler.com"," Email <---> Revenue ","125798","Basler Electric Co","801 N Missouri Ave","Corning","AR","72422","Clay","www.basler.com","8708573574","8708575274","Fred White","Plant Mgr","Mal","27720000","120","361298","Power Distr/","5","0","1"
"14361","Copart Inc","buyer.license@copart.com","280 E James Mill Rd","9158866113","8707392323","501204","Automobile Auctions (Wholesale)","www.copart.com"," Email <---> Revenue ","154571","Copart Inc","280 E James Mill Rd","Crawfordsville","AR","72327","Crittenden","www.copart.com","8707392323","8707391661","Brad Randall","Manager","Mal","44400000","12","501204","Automobile A","5","1","1"
"60367","Priority Wire & Cable Inc","brad@prioritywire.com","1800 E Roosevelt Rd","5013723988","5013725444","506330","Electric Equipment & Supplies-Wholesale","www.prioritywire.com"," Email <---> Revenue ","266409","Priority Wire & Cable Inc","1800 E Roosevelt Rd","Little Rock","AR","72206","Pulaski","www.prioritywire.com","5013725444","5013723988","Ken Hamilton","President","Mal","49595000","65","506330","Electric Equ","5","0","1"
