mail id,company,email,address,phone,fax,sic,sic description,web,,revenue id,company,address,city,state,zip,	metro,web,phone,fax,contact,position,gender,sales,# of employee,sic,sic_descrpiton,	,,
"65970","Kennedy Air Conditioning Inc","wnail@kennedyac.com","8412 Highway 107","5018345863","5018342665","171117","Air Conditioning Contractors & Systems","www.kennedyac.com"," Email <---> Revenue ","53973","KENNEDY AIR CONDITIONING INC","8412 HIGHWAY 107","SHERWOOD","AR","72120","Pulaski","","5018342665","","JAMES KENNEDY","Owner","M","7000000","40","171104","Heating,Air ","3","0","1"
"53782","PBS & J","9324@pbsj.com","11221 Otter Creek East Blvd","8506383002","5014559909","871133","Engineers-Professional","www.pbsj.com"," Email <---> Revenue ","257081","PBS & J","11221 Otter Creek East Blvd","Mabelvale","AR","72103","Pulaski","www.pbsj.com","5014559909","5014559929","Charles E Means","Manager","Mal","8487000","41","871133","Engineers-Pr","3","0","1"
"64302","Siloam Springs Parks & Rec","animalcontrol@siloamsprings.com","120 S Mount Olive St","4795242996","4795245779","799951","Provincial Parks","www.siloamsprings.com"," Email <---> Revenue ","287954","Siloam Springs Parks & Rec","120 S Mount Olive St","Siloam Springs","AR","72761","Benton","www.siloamsprings.com","4795245779","4795243499","Mary Nolan","Administrator","Fem","6090000","70","799951","Parks","3","0","1"
"33739","Arnolds Flooring America","Arnold-Steven@flooringamerica.com","7619 Cantrell Rd","5012253679","5012253840","571305","Carpet & Rug Dealers-New","NULL"," Email <---> Revenue ","119632","Arnolds Flooring America","7619 Cantrell Rd","Little Rock","AR","72227","Pulaski","www.flooringamerica.com","5012253840","5012253679","Steven Arnold","Owner","Mal","6090000","30","571305","Carpet & Rug","3","0","1"
"65397","Acme Brick Co","bbrizendine@brick.com","2905 Dan Ave","2813461159","8709320463","325101","Brick-Clay Common & Face-Manufacturers","www.brick.com"," Email <---> Revenue ","108160","Acme Brick Co","2905 Dan Ave","Jonesboro","AR","72401","Craighead","www.brick.com","8709320463","8709359162","Greg May","Plant Mgr","Mal","6700000","50","325101","Brick-Clay C","3","0","1"
"60606","Beach Abstract & Guaranty Co","beach@beachabst.com","100 Center St","5013765603","5013763301","654103","Abstracters","www.beachabst.com"," Email <---> Revenue ","10372","BEACH ABSTRACT & GUARANTY CO","100 CENTER ST","LITTLE ROCK","AR","72201","Pulaski","","5013763301","5013765603","BRETT PITTS","Chief Executive Office","M","5300000","129","654100","Title Abstra","3","0","1"
"13025","Diocese of Little Rock","billc@wcook.com","P.O. Box 7239 - Att John Duke","5019251930","null","8661","Religious organizations","arkansasdeacon.com"," Email <---> Revenue ","166359","Diocese of Little Rock","P.O. BOX 7239","Little Rock","AR","72217","Pulaski","","5016640340","","Andrew Mc Donald","Bishop","mal","6512198","700","866101","Administrati","3","0","1"
"47000","Cedar Creek Wholesale","billyy@cedarcreek.com","1501 E 5th St","8169655575","5013752744","509223","Wholesalers","www.cedarcreek.com"," Email <---> Revenue ","18354","CEDAR CREEK WHOLESALE","1501 E 5TH ST","N LITTLE ROCK","AR","72114","Pulaski","","5013752744","","MIKE WILSON","Manager","M","5400000","25","509900","Durable Good","3","0","1"
"6431","Defiance Metal Products","bmeadors@defiancemetal.com","944 By-Pass Road","5013621919","null","1099","Metal ores","null"," Email <---> Revenue ","28079","DEFIANCE METAL PRODUCTS","944 BY PASS RD","HEBER SPRINGS","AR","72543","","","5013621919","5013622214","ROB THOMAS","Manager","M","7700000","100","349900","Fab Metal Pd","3","0","1"
"59045","Turf Catering Company","bradwolken@turfcatering.com","PO Box 639","5016240651","null","581212","Caterers","turfcatering.com"," Email <---> Revenue ","95757","TURF CATERING CO","835 CENTRAL AVE STE 403","HOT SPRINGS","AR","71901","Garland","","5016240651","5016244552","STEVE LEE","President","M","5000000","100","581266","Caterer/Cont","3","0","1"
"63007","KNWA","brussell1@knwa.com","15 S Block Ave # 101","4795718914","4796318851","731305","Advertising-Television","www.knwa.com"," Email <---> Revenue ","54944","KNWA","15 S BLOCK AVE STE 101","FAYETTEVILLE","AR","72701","Washington","","4795715100","","BLAKE RUSSELL","Manager","M","5300000","60","483300","Tv Brdcstg S","3","0","1"
"101","Professional Home Care","BSteve@neurosport.com","2010 Byers St","8706981057","8706980797","808201","Home Health Service","NULL"," Email <---> Revenue ","76199","PROFESSIONAL HOME CARE","2010 BYERS ST","BATESVILLE","AR","72501","Independence","","8706980797","","STEVE BRYANT","Owner","M","5200000","55","808200","Home Health ","3","0","1"
"11344","Bylites Inc","byl@bylites.com","712 E 11th St","5013710030","5013724488","781203","Audio-Visual Production Service","NULL"," Email <---> Revenue ","137904","Bylites Inc","712 E 11th St","Little Rock","AR","72202","Pulaski","www.bylites.com","5013724488","5013710030","Byl Harriell","Owner","Mal","9420000","30","781203","Audio-Visual","3","0","1"
"59458","Engines Inc","campbell@enginespower.com","402 S Van Buren St","8706847338","8706847361","508414","Engines-Diesel (Wholesale)","www.enginespower.com"," Email <---> Revenue ","32907","ENGINES INC","PO BOX 425","WEINER","AR","72479","Poinsett","","8706847361","","THOMAS L WOFFORD JR","President","M","6800000","40","356100","Pumps & Pump","3","0","1"
"51889","Clement Financial Svc","cfs@clementfinancial.com","3106 Moberly Ln","4794644842","4794645055","628205","Financial Planning Consultants","www.clementfinancial.com"," Email <---> Revenue ","150567","Clement Financial Svc","3106 Moberly Ln","Bentonville","AR","72712","Benton","www.clementfinancial.com","4794645055","4794644842","Roger Clement","Owner","Mal","7055000","17","628205","Financial Pl","3","0","1"
"50082","A & B Reprographics","charlene@abrepro.com","3204 Moberly Ln","4792717948","4792717922","733403","Copying & Duplicating Service","www.abrepro.com"," Email <---> Revenue ","104722","A & B Reprographics","3204 Moberly Ln","Bentonville","AR","72712","Benton","www.abrepro.com","4792717922","4792717948","Bill Augustine","Owner","Mal","6800000","50","733403","Copying & Du","3","0","1"
"11548","Russellville Steel Co","cknoles@rsvlsteel.com","280 Steel City Ln","4799683486","4799682211","344198","Fabricated Structural Metal (Mfrs)","www.rsvlsteel.com"," Email <---> Revenue ","82170","RUSSELLVILLE STEEL CO","280 STEEL CITY LN","RUSSELLVILLE","AR","72802","Pope","","4799682211","4799683486","H W MITCHENER","President","M","8300000","100","344100","Fabricated S","3","0","1"
"12402","C T & T Inc","ctt@ct-t.com","4512 Burrow Dr","5017581356","5017585698","738940","Drafting Services","www.ct-t.com"," Email <---> Revenue ","16261","C T & T INC","4512 BURROW DR","N LITTLE ROCK","AR","72116","Pulaski","","5017585698","","JOHN TARKINGTON","Owner","M","5000000","50","871100","Engineering ","3","0","1"
"65265","Hawkins Co Inc","dbarksdale@hawkinsco.com","222 Towson Ave","4797853252","4797852891","171117","Air Conditioning Contractors & Systems","www.hawkinsco.com"," Email <---> Revenue ","199320","Hawkins Co Inc","222 Towson Ave","Fort Smith","AR","72901","Sebastian","www.hawkinsco.com","4797852891","4797853252","Bob Hawkins","President","Mal","5000000","30","171117","Air Conditio","3","0","1"
"64063","Cross Oil Refining & Marketing","dconathy@crossoil.com","484 E 6th St","8707253401","870-725-3611","291101","Oil Refiners (Manufacturers)","NULL"," Email <---> Revenue ","25287","CROSS OIL REFINING & MARKETING","484 E 6TH ST","SMACKOVER","AR","71762","Union","","8708818700","","MICHAEL GARRET","President","M","8900000","100","291100","Petroleum Re","3","0","1"
"38833","Arrow Plumbing","DE@arrowplumbing.net","PO Box 861","NULL","5018355467","171105","Plumbing Contractors","NULL"," Email <---> Revenue ","119716","Arrow Plumbing","PO Box 861","N Little Rock","AR","72115","Pulaski","www.arrowplumbing.net","5017533838","","Earl Donalson","Owner","Mal","8460000","45","171105","Plumbing Con","3","0","1"
"1361","Marketing Solutions Inc","dewitt@msileads.com","1601 Westpark Dr # 3","5016635857","5016633433","731101","Advertising-Agencies & Counselors","NULL"," Email <---> Revenue ","235280","Marketing Solutions Inc","1601 Westpark Dr # 3","Little Rock","AR","72204","Pulaski","www.msileads.com","5016633433","5018015100","Dewitt Shotts","Owner","Mal","6270000","30","731101","Advertising-","3","0","1"
"65244","News Hotline","drounds@kait8.com","472 County Road 766","8709338058","8709338058","483301","Television Stations & Broadcasting Co","www.kait8.com"," Email <---> Revenue ","67936","NEWS HOTLINE","472 COUNTY ROAD 766","JONESBORO","AR","72401","Craighead","","8709314291","","TED FORTENBERRY","Manager","M","7900000","90","483300","Tv Brdcstg S","3","0","1"
"63694","Weatherford International","e.colley@weatherford.com","909 Carthage St","4797827646","4797820835","306917","Rubber-Mfrs Supplies (Manufacturers)","NULL"," Email <---> Revenue ","318217","Weatherford International","909 Carthage St","Fort Smith","AR","72901","Sebastian","","4797820835","4797827646","Mel Jacobs","Manager","Mal","5460000","20","306917","Rubber-Mfrs ","3","0","1"
"65493","Life Styles","edward.prewitt@agedwards.com","2471 W Sycamore St","4795824437","4795213581","832218","Social Service & Welfare Organizations","www.lifestylesinc.org"," Email <---> Revenue ","57517","LIFE STYLES","2471 W SYCAMORE ST","FAYETTEVILLE","AR","72703","Washington","","4795213581","4795824437","CAROL HART","Executive Director","F","9800000","130","832200","Social Servi","3","1","1"
"11377","Fire Protection-Arkansas Inc","firepro@fpoa.com","4008 Southwest Dr","8709339220","8709322643","509903","Fire Extinguishers (Wholesale)","www.fpoa.com"," Email <---> Revenue ","180904","Fire Protection-Arkansas Inc","4008 Southwest Dr","Jonesboro","AR","72404","Craighead","www.fpoa.com","8709322643","8709339220","Rusty Bradley","VP","Mal","5664000","6","509903","Fire Extingu","3","0","1"
"65671","Crockett Adjustment","fredstone@rebsamen.com","1500 Riverfront Dr # 120","4797823537","5016146000","641102","Insurance Adjusters","www.rebsamen.com"," Email <---> Revenue ","25209","CROCKETT ADJUSTMENT","1500 RIVERFRONT DR # 120","LITTLE ROCK","AR","72202","Pulaski","","5016146000","","DENVER FLETCHER","Owner","M","7500000","32","641102","Insurance Ad","3","0","1"
"48029","Gastons White River Resort","gastons@gastons.com","1777 River Rd","8704315216","8704315202","701111","Resorts","www.gastons.com"," Email <---> Revenue ","189414","Gastons White River Resort","1777 River Rd","Lakeview","AR","72642","Baxter","www.gastons.com","8704315202","8704315216","Jim Gaston","Owner","Mal","7500000","100","701111","Resorts","3","1","1"
"60612","Arkansas Precast Corp","gingerpolanco@arkansasprecast.com","2601 Cory Dr","5019821547","5019821547","327209","Concrete Prods-Ex Block & Brick (Mfrs)","www.arkansasprecast.com"," Email <---> Revenue ","6618","ARKANSAS PRECAST CORP","2601 CORY DR","JACKSONVILLE","AR","72076","Pulaski","","5019821547","","DAVID RAMM","President","M","8000000","100","327200","Mfg Concrete","3","0","1"
"23176","Good Earth Garden Ctr","GreggC@thegoodearthgarden.com","15601 Cantrell Rd","5018683158","5018684666","526108","Nurserymen","NULL"," Email <---> Revenue ","41251","GOOD EARTH GARDEN CTR","15601 CANTRELL RD","LITTLE ROCK","AR","72223","Pulaski","","5018684666","","GREGG CURTIS","Owner","M","5300000","30","526103","Retail Nurse","3","0","1"
"37918","Russell & Le May Plumbing","hayes@russellandlemay.com","8600 Cunningham Lake Rd","5012253428","5012253200","171105","Plumbing Contractors","www.russellandlemay.com"," Email <---> Revenue ","279734","Russell & Le May Plumbing","8600 Cunningham Lake Rd","Little Rock","AR","72205","Pulaski","www.russellandlemay.com","5012253200","5012253428","Marian Le May","Owner","Fem","8460000","45","171105","Plumbing Con","3","0","1"
"57629","Thermo Electron Corp","info.eid@thermo.com","203 Fir St","5122511596","4796374152","382998","Measuring/Controlling Devices Nec (Mfrs)","www.thermo.com"," Email <---> Revenue ","303374","Thermo Electron Corp","203 Fir St","Waldron","AR","72958","Scott","www.thermo.com","4796374152","4796372687","Darrell Carter","Manager","Mal","5880000","30","382998","Measuring/Co","3","0","1"
"63204","Mc Gaugh Rv Ctr","inquiry@mcgaughrv.com","2650 Wagon Wheel Rd","4797512180","4797512174","753811","Recreational Vehicles-Repairing & Svc","www.mcgaughrv.com"," Email <---> Revenue ","62100","MC GAUGH RV CTR","2650 WAGON WHEEL RD","SPRINGDALE","AR","72762","Benton","","4797512174","","JOHNIE MC GAUGH","Owner","M","8400000","30","556100","Recreational","3","0","1"
"51626","Cornerstone Steel Inc","James.Kidd@ashleysteel.com","925 Hastings Ave","5012785077","5012785070","344106","Steel-Structural (Manufacturers)","NULL"," Email <---> Revenue ","154959","Cornerstone Steel Inc","925 Hastings Ave","Searcy","AR","72143","White","","5012785070","5012785077","James Kidd","Owner","Mal","7884000","36","344106","Steel-Struct","3","0","1"
"65526","Cardinal Health","jason.strohm@cardinal.com","215 Markham Center Dr","7043671810","5012252626","512203","Pharmaceutical Products-Wholesale","www.cardinal.com"," Email <---> Revenue ","141447","Cardinal Health","215 Markham Center Dr","Little Rock","AR","72205","Pulaski","www.cardinal.com","5012252626","5012252390","Melissa Christopher","Manager","Fem","5490000","30","591205","Pharmacies","3","2","1"
"64156","Best Park LLC","jduncan@bestparkllc.com","209 W 6th St","5013726976","5013727639","752102","Parking Stations & Garages","www.bestparkllc.com"," Email <---> Revenue ","11476","BEST PARK LLC","209 W 6TH ST","LITTLE ROCK","AR","72201","Pulaski","","5013742259","","JEFF DUNCAN","Manager","M","5400000","27","752100","Automobile P","3","0","1"
"3423","USOrthopedic Surgery Center","jmeneley@nshinc.com","null","5012179007","5012210337","809907","Health Services","USORTHO.NET^^USORTHO.ORG"," Email <---> Revenue ","80496","RIVERCREST SPECIALITY SRGY CTR","8907 KANIS RD STE 100","LITTLE ROCK","AR","72205","Pulaski","","5012179007","","JOE MENELEY","Executive Director","M","7000000","40","599909","Med Apparatu","3","0","1"
"50960","P I Roofing","joel@piroof.com","6109 Remount Rd","5016876246","-","176109","Roofing Contractors","NAMB"," Email <---> Revenue ","71060","P I ROOF MAINTENANCE INC","6109 REMOUNT RD","N LITTLE ROCK","AR","72118","Pulaski","","5016876246","","JOEL JOHNSON","Owner","M","7900000","45","176100","Roofg, Sheet","3","0","1"
"61971","J W Nutt Co","jriley@jwnutt.com","2500 Crestwood Rd","5017536118","5017534844","515302","Grain Brokers","www.jwnutt.com"," Email <---> Revenue ","50167","J W NUTT CO","2500 CRESTWOOD RD","N LITTLE ROCK","AR","72116","Pulaski","","5017534844","5017536118","DAVID NUTT","Owner","M","6400000","20","515300","Grain & Fiel","3","0","1"
"15777","Flake-Wilkerson Market Insight","Karen_Flake@mktinsights.com","333 Executive Ct # 100","5012212554","5012213303","873204","Market Research & Analysis","NULL"," Email <---> Revenue ","183377","Flake-Wilkerson Market Insight","333 Executive Ct # 100","Little Rock","AR","72205","Pulaski","","5012213303","5012212554","Karen Flake","Owner","Fem","6180000","60","873204","Market Resea","3","0","1"
"61837","ARKAT Feeds","Kelly@arkat.com","800 S Main St","8703826384","8703822600","519112","Feed-Dealers (Wholesale)","NULL"," Email <---> Revenue ","7144","ARKAT FEEDS","800 S MAIN ST","DUMAS","AR","71639","","","8703822600","","KELLY FARMER","Manager","M","6000000","20","204700","Mfg Dog & Ca","3","0","1"
"65751","Air Compressor Equipment Co","kelseym@omniark.com","3401 Kelley Hwy","8703264842","4797836181","508402","Compressors-Air & Gas (Wholesale)","www.cd-post.com"," Email <---> Revenue ","109940","Air Compressor Equipment Co","3401 Kelley Hwy","Fort Smith","AR","72904","Sebastian","www.acec-ark.com","4797836181","4797828305","Jim Jones","Owner","Mal","9792000","18","508402","Compressors-","3","0","1"
"57797","Outpatient Surgery Ctr-Jnsbr","kparnell@oscj.us","1100 E Matthews Ave","8709326435","8709358500","809308","Surgical Centers","www.oscj.us"," Email <---> Revenue ","70478","OUTPATIENT SURGERY CTR-JNSBR","1100 E MATTHEWS AVE","JONESBORO","AR","72401","Craighead","","8709358500","","KERRI PARNELL","Manager","F","5900000","56","809300","Outpatient C","3","0","1"
"31753","Trinity Lighting Inc","lights@trinitylighting.com","2902 Quality Way","8709726381","8709721177","364504","Lighting Fixtures-Manufacturers","www.trinitylighting.com"," Email <---> Revenue ","95338","TRINITY LIGHTING INC","2902 QUALITY WAY","JONESBORO","AR","72401","Craighead","","8709721177","8709726381","DOUG FALLS","President","M","6100000","80","364500","Residential ","3","0","1"
"60619","North Hills Surgery Ctr","lwhiteman@wregional.com","3271 N Wimberly Dr","4797136195","4797136100","809308","Surgical Centers","www.wregional.com"," Email <---> Revenue ","68439","NORTH HILLS SURGERY CTR","3271 N WIMBERLY DR","FAYETTEVILLE","AR","72703","Washington","","4797136100","","DAWN GRELL","Manager","F","7400000","70","809300","Outpatient C","3","0","1"
"50990","Heller Co Inc","LynnHeller@repipeinc.com","228 Castleberry St","5016233036","5016237241","179403","Excavating Contractors","NULL"," Email <---> Revenue ","200600","Heller Co Inc","228 Castleberry St","Hot Springs","AR","71901","Garland","www.repipeinc.com","5016237241","5016233036","Lynn Heller","President","Mal","7473000","47","179403","Excavating C","3","0","1"
"23589","Coating Services Inc","mailbox@coatingservicesinc.com","5201 Fairfield Rd","8705348968","8705348968","347904","Coatings-Protective-Manufacturers","www.coatingservicesinc.com"," Email <---> Revenue ","151258","Coating Services Inc","5201 Fairfield Rd","Pine Bluff","AR","71601","Jefferson","www.coatingservicesinc.com","8705348968","8705348968","Tommy Doughty","Owner","Mal","6475000","25","347904","Coatings-Pro","3","0","1"
"59124","DLM Inc","mark@fabricpanels.com","10912 Highway 270","5013377750","5013326600","349903","Metal Goods-Manufacturers","NULL"," Email <---> Revenue ","29422","DLM INC","10912 HIGHWAY 270","MALVERN","AR","72104","","","5013326600","","ED MCGUIRE","Owner","M","5800000","75","349900","Fab Metal Pd","3","0","1"
"51827","POM Inc","mark@langeenterprises.com","200 S Elmira Ave","2625672822","4799682880","504630","Parking Meters (Wholesale)","www.langeenterprises.com"," Email <---> Revenue ","74910","POM INC","200 S ELMIRA AVE","RUSSELLVILLE","AR","72802","Pope","","4799682880","4799682840","SETH WARD II","President","M","7200000","110","382400","Fluid Meters","3","0","1"
"2948","Arkansas Packaging Products","marks@arkansaspackaging.com","7701 Industry Dr","5019455452","5019451400","508724","Janitors Equipment/Supplies (Wholesale)","www.arkansaspackaging.com"," Email <---> Revenue ","6575","ARKANSAS PACKAGING PRODUCTS","7701 INDUSTRY DR","N LITTLE ROCK","AR","72117","Pulaski","","5019451400","5019455452","MARK SCHAEFER","Vice-President","M","7100000","38","508703","Cleaning,Mai","3","0","1"
"62034","Artex Electric Co","mbeasley@neeleyforestryservice.com","610 Division St","8707730446","8707725026","173101","Electric Contractors","www.electricalpro.com"," Email <---> Revenue ","119824","Artex Electric Co","610 Division St","Texarkana","AR","71854","Miller","","8707725026","8707730446","David Peavy","Owner","Mal","6560000","40","173101","Electric Con","3","2","1"
"24099","Medi Sav Homecare Pharmacies","medisav1@medisav.net","8820 Rogers Avenue","null","null","738999","Business Services Nec","medisav.net"," Email <---> Revenue ","239319","Medi Sav Homecare Pharmacies","8820 Rogers Ave","Fort Smith","AR","72903","Sebastian","","4794522210","4794526633","Sue Stewart","Manager","Fem","7869000","43","591205","Pharmacies","3","2","1"
"56005","Nelson Design Group","mellissa.kirby@nelsondesigngroup.com","2200 Fowler Ave # D","8709315792","8709315777","871213","Home Design & Planning Service","www.nelsondesigngroup.com"," Email <---> Revenue ","249342","Nelson Design Group","2200 Fowler Ave # D","Jonesboro","AR","72401","Craighead","www.nelsondesigngroup.com","8709315777","8709315792","Mike Nelson","Owner","Mal","7245000","35","871213","Home Design ","3","0","1"
"62032","Airways Freight Corp","michaelb@airwaysfreight.com","3849 W Wedington Dr","4794426522","4794426301","451202","Air Cargo Service","www.airwaysfreight.com"," Email <---> Revenue ","2801","AIRWAYS FREIGHT CORP","3849 W WEDINGTON DR","FAYETTEVILLE","AR","72704","Washington","","4794428008","4794426522","DALE CAUDLE","Chief Executive Office","M","6800000","80","451201","Air Cargo Ca","3","0","1"
"54098","Advantage Steel Buildings Inc","mona@advantagesteelbuildings.com","3325 Highway 161","5017533864","5017537510","154210","Buildings-Metal","www.advantagesteelbuildings.com"," Email <---> Revenue ","109258","Advantage Steel Buildings Inc","3325 Highway 161","N Little Rock","AR","72117","Pulaski","www.advantagesteelbuildings.com","5017537510","5017533864","Wayne Miller","Owner","Mal","5280000","10","154210","Buildings-Me","3","0","1"
"43415","Fortier Inc","mwhenderson@fortierinc.com","551 Equity Ave","5013290913","5013296309","507811","Ice Making Equipment & Machines (Whol)","www.fortierinc.com"," Email <---> Revenue ","38220","FORTIER INC","551 EQUITY AVE","CONWAY","AR","72032","Faulkner","","5013296309","","RICHARD MAGUIRE","President","M","9700000","58","507800","Rfrgn Eqp, S","3","0","1"
"18417","H & H Electrical Inc","neil@hhinc.net","P O Box X","5012623320","null","173101","Electric Contractors","HHINC.NET"," Email <---> Revenue ","42871","H & H ELECTRIC INC","158 TECHNIC CIR","HOT SPRINGS","AR","71901","Garland","","5012623320","","IVAN HOLLOWAY","President","M","6100000","35","382200","Environmenta","3","0","1"
"63733","Wackenhut Corp","nuclear@wackenhut.com","7509 Cantrell Rd # 219","8123864469","5016641348","738102","Security Guard & Patrol Service","www.wackenhut.com"," Email <---> Revenue ","315849","Wackenhut Corp","7509 Cantrell Rd # 219","Little Rock","AR","72207","Pulaski","www.wackenhut.com","5016641348","5016641362","Boyd Atkinson","President","Mal","5000000","125","738102","Security Gua","3","0","1"
"14890","Professional Business Systems","order@pbsteam.com","715 S 8th St","4796193160","4796193160","504403","Copying & Duplicating Machines & Supls","www.pbsteam.com"," Email <---> Revenue ","76149","PROFESSIONAL BUSINESS SYSTEMS","715 S 8TH ST","ROGERS","AR","72756","Benton","","4794423011","","MATTHEW MAWBY","Manager","M","5900000","38","504400","Whl Office E","3","0","1"
"39989","Preferred Office Products Inc","popservice@preferred-office.com","319 S 9th St","4797823772","4797827282","594301","Office Supplies","www.preferred-office.com"," Email <---> Revenue ","75562","PREFERRED OFFICE PRODUCTS INC","319 S 9TH ST","FORT SMITH","AR","72901","Sebastian","","4797827991","","JOE DICKINSON","Owner","M","5600000","31","594301","Office Forms","3","0","1"
"50273","Time Striping Inc","rayh@timestriping.com","5439 Arkhola Rd","4794740498","4794740452","161104","Parking Area/Lots Maintenance & Marking","www.timestriping.com"," Email <---> Revenue ","93815","TIME STRIPING INC","5439 ARKHOLA RD","VAN BUREN","AR","72956","Crawford","","4794740452","4794740498","HAROLD TOWNSEND","Chief Executive Office","M","7500000","100","366900","Comm Eqp Nec","3","0","1"
"65623","KSBN","reginald@cadetsisters.com","3556 Liberty Ave","4793612323","4793612900","483301","Television Stations & Broadcasting CO","www.safetv.org"," Email <---> Revenue ","219216","KSBN","3556 Liberty Ave","Springdale","AR","72762","Washington","","4793612900","4793612323","Carlos Pardeiro","President","Mal","5239000","13","483301","Television S","3","0","1"
"58454","Mid-West Enamelers Inc","rod@copperfab.com","5510 S 66th St","4796460868","4796467815","346998","Metal Stampings Nec (Manufacturers)","www.copperfab.com"," Email <---> Revenue ","241599","Mid-West Enamelers Inc","5510 S 66th St","Fort Smith","AR","72903","Sebastian","www.copperfab.com","4796467815","4796460868","Basil C Brock","President","Mal","9540000","45","346998","Metal Stampi","3","0","1"
"55254","Southland Metals Inc","sam@smetals.com","115 Carnahan Dr","5018517071","5018511700","874213","Marketing Programs & Services","www.smetals.com"," Email <---> Revenue ","87740","SOUTHLAND METALS INC","115 CARNAHAN DR STE 2","MAUMELLE","AR","72113","Pulaski","","5018511700","","RON CRAWFORD","Owner","M","5000000","20","874203","Mrkting Cons","3","0","1"
"62205","Jimmy Sanders & Assoc","sanders@jsanders.com","17355 Highway 412 W","6622474673","8705736353","204803","Feed-Manufacturers","www.jsanders.com"," Email <---> Revenue ","215050","Jimmy Sanders & Assoc","17355 Highway 412 W","Light","AR","72439","Greene","www.jsanders.com","8705736353","8705736762","Tommy Jumper","Manager","Mal","8110000","10","204803","Feed-Manufac","3","0","1"
"62532","Allied Therapy & Consulting","sspence@allied-therapy.com","420 Chimney Rock Dr","5018341737","5018340437","804911","Occupational Therapists","www.allied-therapy.com"," Email <---> Revenue ","111800","Allied Therapy & Consulting","420 Chimney Rock Dr","N Little Rock","AR","72120","Pulaski","www.allied-therapy.com","5018340437","5018341737","Beth Stamp","Owner","Fem","5740000","70","804911","Occupational","3","0","1"
"60577","Johnson Mechanical Contractors","stan@johnsonmech.com","513 W Prairie St","4794447572","4794425287","599905","Water Heaters-Dealers","www.johnsonmechanical.com"," Email <---> Revenue ","52446","JOHNSON MECHANICAL CONTRACTORS","513 W PRAIRIE ST","FAYETTEVILLE","AR","72701","Washington","","4794425287","","STAN JOHNSON","Owner","M","6100000","35","599900","Misc Retail ","3","0","1"
"25328","Moon Distributors Inc","stan@moondist.com","2800 Vance St","5013757035","5013758291","518201","Liquors-Wholesale","www.moondist.com"," Email <---> Revenue ","65030","MOON DISTRIBUTORS INC","2800 VANCE ST","LITTLE ROCK","AR","72206","Pulaski","","5013758291","","STAN HASTING","President","M","6600000","50","518202","Liquor","3","0","1"
"24422","Back Track Trailers","starks@starkssportshop.com","200 School St","5013845511","5013842444","556102","Trailers-Boat","www.expressboats.com"," Email <---> Revenue ","123389","Back Track Trailers","200 School St","Friendship","AR","71942","Hot Spring","www.expressboats.com","5013842444","5013845511","Pete Helm","Manager","Mal","7582000","17","556102","Trailers-Boa","3","0","1"
"49691","JM ASSOCIATES","steve.dannaway@jmoutdoors.com","1302 Cumberland","5013726544","5013720431","8999","Services NEC","JMOUTDOORS.COM^^OUTDOORNEWSWIRE.COM^^SPORTINGDOGCHALLENGE.COM"," Email <---> Revenue ","210413","J M Associates Inc","1302 Cumberland St","Little Rock","AR","72202","Pulaski","","5013726544","","Jerry Mc Kinnis","President","mal","5500000","35","792204","Television P","3","0","1"
"61921","Wight Office Machines","swight@wightoffice.com","122 Towson Ave","4797820760","4797828256","504403","Copying & Duplicating Machines & Supls","www.wightoffice.com"," Email <---> Revenue ","320926","Wight Office Machines","122 Towson Ave","Fort Smith","AR","72901","Sebastian","www.wightoffice.com","4797828256","4797820760","Dorothy Wight","Owner","Fem","9253000","19","366302","Communicatio","3","0","1"
"63588","Bright Harvest Sweet Potato Co","swinter@brightharvest.com","315 W Taylor St","4797547794","4797546313","203801","Frozen Food Processors","www.brightharvest.com"," Email <---> Revenue ","14384","BRIGHT HARVEST SWEET POTATO CO","PO BOX 528","CLARKSVILLE","AR","72830","","","4797546313","","REX KING","President","M","5500000","95","203800","Frozen Speci","3","0","1"
"41856","Applied Control Technology Inc","Tburrage@appliedcontrol.com","1225 L E Gilliland Dr","8707721081","8707721193","382204","Controls Control Systems/Regulators-Mfrs","NULL"," Email <---> Revenue ","115431","Applied Control Technology Inc","1225 L E Gilliland Dr","Texarkana","AR","71854","Miller","www.appcontech.com","8707721193","8707721081","Duane Corcoran","Owner","Mal","5340000","30","382204","Controls Con","3","0","1"
"18839","Arkansas Times","tiffany@arktimes.com","P O Box 34010","5013752985","-","271199","Newspaper Publisher","NAMB"," Email <---> Revenue ","118912","Arkansas Times","P.O. BOX 34010","Little Rock","AR","72203","Pulaski","","5013752985","","Alan Leveritt","President","mal","7100000","143","271199","Newspaper Pu","3","0","1"
