mail id,company,email,address,phone,fax,sic,sic description,web,,revenue id,company,address,city,state,zip,	metro,web,phone,fax,contact,position,gender,sales,# of employee,sic,sic_descrpiton,	,,
"38724","Lenders Title Co","corporate@lenderstitle.com","102 N 37th St","5012278076","4796210003","654103","Abstracters","www.lenderstitle.com"," Email <---> Revenue ","57100","LENDERS TITLE CO","102 N 37TH ST","ROGERS","AR","72756","Benton","","4796210003","","JOHN SCHUTER","Manager","M","3203000000","1450","654100","Title Abstra","8","0","1"
"55654","Custard Insurance Adjusters","mutlak@custard.com","10201 W Markham St # 211","5012238073","5012238073","641102","Insurance Adjusters","www.custard.com"," Email <---> Revenue ","70758","OZARK LIFE BLDG","10201 W MARKHAM ST STE 211","LITTLE ROCK","AR","72205","Pulaski","","5012238073","","GORDON SPEARS","Manager","M","99000000","681","641102","Insurance Ad","6","0","1"
"60464","Building & Home Inspection","mike@inspecthome.com","PO Box 15232","8709350970","8709353661","738999","Business Services Nec","INSPECTHOME.COM"," Email <---> Revenue ","128565","Best Conveyors","PO Box 1859","Jonesboro","AR","72403","Craighead","www.bestconveyors.com","8709350970","8709353661","Jim Markley","CEO","Mal","39300000","150","353501","Conveyors & ","5","0","1"
"52989","Colgate Palmolive Co","allison_klimerman@colpal.com","5211 Village Pkwy # 201","2123103405","4794643000","519908","General Merchandise-Wholesale","www.colgate.com"," Email <---> Revenue ","151797","Colgate Palmolive Co","5211 Village Pkwy # 201","Rogers","AR","72758","Benton","","4794643000","4792731801","Louis Ruggiere","VP","Mal","26566000","37","519908","General Merc","5","0","1"
"58533","Adams Fertilizer Equipment","adams@adamsfertequip.com","1503 S Whitehead Dr","8709464396","8709462494","352308","Fertilizing Equipment-Manufacturers","www.adamspoultry.com"," Email <---> Revenue ","1927","ADAMS FERTILIZER EQUIPMENT","PO BOX 628","DE WITT","AR","72042","","","8709462494","","BILLY ADAMS","Owner","M","13400000","150","352300","Farm Machine","4","0","1"
"48112","First National Title Company","mbonds@firstnationaltitle.net","4001 Rodney Parham Rd / Bldg 1 Ste 101","5012210101","-","654199","Title Abstract Office","NAMB"," Email <---> Revenue ","36803","FIRST NATIONAL TITLE CO","4001 N RODNEY PARHM RD STE 101","LITTLE ROCK","AR","72212","Pulaski","","5012210101","","JIM PENDER","Owner","M","5300000","60","654100","Title Abstra","3","0","1"
