"Abs Gallery Inc","3034630467","116 Willow Pl N","Broomfield","7504000","Michelle Krammer","CEO","Fem","2740","A","Abs Gallery Inc","webmaster@art-novels.com","116 Willow Pl N","Broomfield","CO","80020","3034648088","3034630467","599969","Art Galleries & Dealers","www.abs-gallery.com","11","0"
"Colorado Rubber & Supply Co","3032968726","3390 Walnut St","Denver","5700000","William B Houston Sr","President","Mal","4427","C","Colorado Rubber & Supply","sales@coloradorubber.com","3390 Walnut Street","Denver","CO","80205","3032968726","3032971322","5311","Retail shops","coloradorubber.com","11","0"
"Complete Fire Protection Inc","3039221055","2111 S Jason St # A","Denver","5264000","Mitch Huyck","Owner","Mal","6150","C","Complete Fire Protection Inc","admin@completefire.com","2111 S Jason St # A","Denver","CO","80223","3039223154","3039221055","506308","Fire Alarm Systems (Wholesale)","www.completefire.com","11","0"
"Riverside Technology Inc","9704847573","2290 E Prospect Rd # 1","Fort Collins","6478000","Larry Brazil","Owner","Mal","7259","R","Riverside Technology Inc","info@riverside.com","2290 E Prospect Rd # 1","Fort Collins","CO","80525","8149448753","9704847573","871111","Engineers-Consulting","www.riverside.com","11","0"
"FUN PRODUCTIONS INC","3033448899","1670 JASPER ST UNIT B","AURORA","7200000","TIM ABBOTT","Owner","M","7656","F","Fun Productions Inc","info@funproductions.com","1660 Jasper St # G","Aurora","CO","80011","3033448889","3033448899","738944","Events-Special","www.funproductions.com","11","0"
"PRESTIGE CASTING INC","3037894446","2009 W DARTMOUTH AVE","ENGLEWOOD","6100000","PAMELA SEAGO","President","F","8112","P","Prestige Casting Inc","sales@prestigecasting.com","2009 W Dartmouth Ave","Englewood","CO","80110","3037892647","3037894446","505123","Die Castings (Wholesale)","www.prestigecasting.com","11","0"
"Pat Murphy Motors","9702475043","P.O. BOX 3330","Durango","7300000","J Murphy","President","","8240","P","Pat Murphy Motors","contact@patmurphymotors.com","30 Parker Ave","Durango","CO","81302","9702475043","9702475782","559999","Ret Misc Vehicles Repair Services Plumbing/heating/air","patmurphymotors.com","11","0"
"NATURAL HABITAT ADVENTURES","3034493711","2945 CENTER GREEN CT STE C","BOULDER","7900000","BEN BRESSLER","Executive Director","M","8314","N","Natural Habitat Adventures","info@nathab.com","2945 Center Green Ct # C","Boulder","CO","80301","3034493712","3034493711","472402","Travel Agencies & Bureaus","www.nathab.com","11","0"
"Certex Co","3037979532","1460 W Canal Ct # 100","Littleton","9990000","Steve Tierney","President","Mal","9616","C","Certex Co","sales@certexco.com","1460 W Canal Ct # 100","Littleton","CO","80120","3037976336","3037979532","504404","Check Protection Sign/Endrsng Mach (Whl)","www.certexco.com","11","0"
"PACLEASE-Mhc Truck Leasing","3033706937","7000 E 46th Avenue Dr","Denver","7857000","Matt Mc Ginley","Manager","Mal","10222","P","PACLEASE-Mhc Truck Leasing","contactus@mhctruck.com","7000 E 46th Avenue Dr","Denver","CO","80216","9722249507","3033706937","751303","Truck Renting & Leasing","www.mhctruck.com","11","0"
"VISION GRAPHICS INC","9706130608","5610 BOEING DR","LOVELAND","5500000","MARK STEPUTIS","Owner","M","13089","V","Vision Graphics Inc","employment@visiongraphics-inc.com","5610 Boeing Dr","Loveland","CO","80538","9704618073","9706130608","275202","Printers","www.visiongraphics-inc.com","11","0"
"ASPEN LEAF KITCHENS LTD","9705931950","255 42ND ST SW STE B","LOVELAND","6400000","MARK HAYNAM","Owner","M","13286","A","Aspen Leaf Kitchens LTD","sales@aspenleafkitchens.com","255 42nd St SW # B","Loveland","CO","80537","9705933275","9705931950","571236","Cabinets","www.alkl.com","11","0"
"Financial 20-20 Consulting Inc","3039389981","1208 Commerce Ct # 1","Lafayette","6592000","Tim Shea","Owner","Mal","17859","F","Financial 20-20 Consulting Inc","info@2020financial.com","1208 Commerce Ct # 1","Lafayette","CO","80026","3039389986","3039389981","872105","Tax Consultants","www.2020financial.com","11","0"
"Cnic Health Solutions","7196223300","740 Wooten Rd","Colorado Springs","5796000","Terri Miller","Manager","Fem","18363","C","Cnic Health Solutions","customerservice@cnichs.com","740 Wooten Rd","Colorado Springs","CO","80915","7195914132","7196223300","641102","Insurance Adjusters","www.cnichs.com","11","0"
"Grand Vallley Powersports","9702634600","2865 North Ave","Grand Junction","5296000","Jack Oneal","Manager","Mal","20594","G","Grand Vallley Powersports","info@gvpowersports.com","2865 North Ave","Grand Junction","CO","81501","9702434638","9702634600","557106","Motorcycles & Motor Scooters-Dealers","www.gvpowersports.com","11","0"
"Ceric Inc","3032770404","350 Indiana St # 550","Golden","5214000","Christopher Aubertot","VP","Mal","21945","C","Ceric Inc","info@cericus.com","350 Indiana St # 550","Golden","CO","80401","3032770506","3032770404","871106","Engineers","www.cericus.com","11","0"
"Military Resale Group Inc","7193914564","2180 Executive Cir","Colorado Springs","6049445","Edward Whelan","Chairman of the Board","mal","22357","M","Military Resale Group Inc","info@myrg.net","2180 Executive Cir","Colorado Springs","CO","80906","7193914565","7193914564","514105","Grocers-Wholesale","www.myrg.net","11","0"
"Williamhouse","3033731780","14101 E 33rd Pl # A","Aurora","7360000","Zephyr Cecchi","Manager","Fem","22986","W","Williamhouse","marketing@nationalenvelope.com","14101 E 33rd Pl # A","Aurora","CO","80011","9138888743","3033731780","267701","Envelopes-Manufacturers","www.nationalenvelope.com","11","0"
"ROONEY ENGINEERING INC","3037925911","12201 E ARAPAHOE RD STE C10","CENTENNIAL","7500000","DEAN SHAUERS","President","M","26913","R","Rooney Engineering Inc","careers@rooney-eng.com","12201 E Arapahoe Rd # C10","Centennial","CO","80112","3037920227","3037925911","871106","Engineers","www.rooney-eng.com","11","0"
"J R Engineering LTD","3037409393","6020 Greenwood Plaza Blvd","Greenwood Vlg","6320000","Rocky Carns","Manager","Mal","32136","C","Carns Rocky PE - J R Engineering","info@jrengineering.com","6020GreenwoodPlazaBoulevard","Englewood","CO","80111","3037409393","3037219019","871106","Engineers","jrengineering.com","11","0"
"CLIMATECH HEATING & AIR COND","9704980793","1797 S COLLEGE AVE","FORT COLLINS","5300000","ANDY SWAN","Owner","M","32597","C","Climatech Heating & Ac","service@climanet.com","1797 S College Avenue","Fort Collins","CO","80525","9704980793","9704980793","171198","Plumbing Heating & Air Conditioning","null","11","0"
"Lane Supply Co","3035345371","2050 W Barberry Pl","Denver","6270000","Charles Wernig","President","Mal","33268","L","Lane Supply Co","info@lanesupplyco.com","2050 W Barberry Pl","Denver","CO","80204","2079894625","3035345371","508523","Abrasives (Wholesale)","www.lanesupplyco.com","11","0"
"Fastlane Productions Inc","3037780045","200 W Louisiana Ave","Denver","9870000","Doug Lane","Owner","Mal","35691","F","Fastlane Productions Inc","info@fastlaneproductions.com","200 W Louisiana Ave","Denver","CO","80223","3037781361","3037780045","506368","Lighting Systems & Equipment (Wholesale)","www.fastlaneproductions.com","11","0"
"ENVIROTECH SERVICES INC","9703528845","24330 US HIGHWAY 34","GREELEY","7600000","ROGER KNOPH","Owner","M","35723","E","Envirotech Services Inc","info@envirotechservices.com","24330 Us Highway 34","Greeley","CO","80631","9703520620","9703528845","507504","Dust Control Materials (Wholesale)","www.envirotechservices.com","11","0"
"Farmstead Telephone Group","7195746960","5310 Heatherridge Ct","Colorado Springs","8325000","Gary Carlisle","Owner","Mal","37176","F","Farmstead Telephone Group","info@farmstead.com","5310 Heatherridge Ct","Colorado Springs","CO","80915","NULL","7195746960","481304","Telephone Companies","NULL","11","0"
"STARK LUMBER CO","3035348263","924 W 1ST AVE","DENVER","6300000","PEYTON GARNSEY","President","M","38000","S","Stark Lumber Co","sales@starklumber.com","924 W 1st Ave","Denver","CO","80223","3035348266","3035348263","243102","Millwork (Manufacturers)","www.starklumber.com","11","0"
"THARP CABINET CORP","9706677144","1246 DENVER AVE","LOVELAND","9600000","DON FRALEY","Owner","M","38077","T","Tharp Cabinet Corp","info@tharpcabinets.com","1246 Denver Ave","Loveland","CO","80537","9706352660","9706677144","571236","Cabinets","www.tharpcabinets.com","11","0"
"H C Peck & Assoc Inc","3036236112","2399 Blake St # 180","Denver","6513000","Lee Satterfield","Owner","Fem","42934","H","H C Peck & Assoc Inc","feedback@hcpeck.com","2399 Blake St # 180","Denver","CO","80205","3036236301","3036236112","811110","Right Of Way Acquisition Contractors","www.hcpeck.com","11","0"
"Morton Buildings","9708679454","14272 Us Highway 34","Fort Morgan","5256000","Sean Cain","Manager","Mal","43250","M","Morton Buildings","info@mortonbuildings.com","14272 Us Highway 34","Fort Morgan","CO","80701","7018454464","9708679454","154210","Buildings-Metal","www.mortonbuildings.com","11","0"
"Poudre Valley Cooperative Assn","9702215300","225 NW Frontage Rd","Fort Collins","5031000","Les Schnabel","Manager","Mal","47595","P","Poudre Valley Cooperative Assn","info@pvcoop.com","225 NW Frontage Rd","Fort Collins","CO","80524","9704935827","9702215300","525104","Hardware-Retail","www.pvcoop.com","11","0"
"REX OIL CO INC","3032868432","6395 E 80TH AVE","COMMERCE CITY","5400000","JACK BROTHERSEN","Manager","M","47692","R","Rex Oil Co Inc","careers@rexoilcompany.com","6395 E 80th Ave","Commerce City","CO","80022","3032860435","3032868432","517214","Oils-Lubricating-Wholesale","www.rexoilcompany.com","11","0"
"NDS Solution LTD","3037554411","12353 E Easter Ave","Centennial","5355000","Bob Brim","Owner","Mal","50940","N","NDS Solution LTD","support@dis-corp.com","12353 E Easter Ave","Centennial","CO","80112","3037554545","3037554411","737401","Data Processing Service","www.dis-corp.com","11","0"
"DIAPARK.COM","3033433933","17151 E 32ND AVE","AURORA","5400000","MARTY JIMENEZ","Manager","M","51974","D","DIAPARK.COM","info@diavaluepark.com","17151 E 32nd Ave","Aurora","CO","80011","3033430771","3033433933","752104","Airport Parking Service","www.diapark.com","11","0"
"WSA Fraternal Life","3034511494","9025 Grant St # 201","Denver","6800000","Shannon Mc Cauley","Manager","Fem","54709","W","WSA Fraternal Life","info@wsalife.com","9025 Grant St # 201","Denver","CO","80229","3034515112","3034511494","631198","Life Insurance (Underwriters)","www.wsa-life.com","11","0"
"ELDORADO ARTESIAN SPRINGS INC","3034991316","1783 DOGWOOD ST","LOUISVILLE","7900000","DOUGLAS A LARSON","President","M","54911","E","Eldorado Artesian Springs Inc","info@eldoradosprings.com","1783 Dogwood St","Louisville","CO","80027","3034991316","3034991316","549903","Water Companies-Bottled, Bulk, Etc","Bulk","11","0"
"DE LINE BOX CO","3033731430","3700 LIMA ST","DENVER","6400000","DAVID DELINE","President","M","57536","D","De Line Box Co","webmaster@delinebox.com","3700 Lima St","Denver","CO","80239","3033731430","3033731430","265301","Corrugated & Solid Fiber Boxes (Mfrs)","www.delinebox.com","11","0"
"Prime Systems Corp","3039855232","2600 S Lewis Way # 106","Lakewood","6060000","Don Miller","Owner","Mal","60212","P","Prime Systems Corp","info@primesystems.net","2600 S Lewis Way # 106","Lakewood","CO","80227","3039855768","3039855232","506563","Telecommunication Equip/Syst-Whol/Mfrs","www.primesystems.net","11","0"
"MOGULS MOUNTAIN TRAVEL","3034407921","6707 WINCHESTER CIR","BOULDER","9500000","","Unknown","","60770","M","Moguls Mountain Travel","info@moguls.com","6707 Winchester Cir # 100","Boulder","CO","80301","3034404160","3034407921","472502","Skiing Tours","www.moguls.com","11","0"
"FIBERLOK INC","9702211200","811 STOCKTON AVE","FORT COLLINS","7500000","BROWN ABRAMS","President","M","60895","F","Fiberlok Inc","info@fiberlok.com","811 Stockton Ave","Fort Collins","CO","80524","9702212424","9702211200","344314","Heat Transfer Materials (Manufacturers)","www.fiberlok.com","11","0"
"PRIMROSE SCHOOLS","3034315437","16395 W 64TH AVE","ARVADA","6400000","","Unknown","","61689","P","Primrose Schools","sales@primrose.com","16395 W 64th Ave","Arvada","CO","80007","7705948895","3033999306","835101","Child Care Service","www.primrose.com","11","0"
"Simplot Soilbuilders","9704844610","5701 E Harmony Rd","Fort Collins","5320000","Jeff Adler","Manager","Mal","62129","S","Simplot Soilbuilders","webmaster@simplot.com","5701 E Harmony Rd","Fort Collins","CO","80528","5032865184","9704844610","519114","Fertilizers (Wholesale)","www.simplot.com","11","0"
"FOUR WINDS TRADING CO","7208908000","1370 MINERS DR","LAFAYETTE","7200000","CAT BROTZMAN","Owner","F","64043","F","Four Winds Trading","sales@fourwinds-trading.com","1370 Miners Drive #103","Lafayette","CO","80026","7208908000","null","5311","Retail shops","null","11","0"
"Main Electric","7195425011","1115 N Erie Ave","Pueblo","7260000","Charles Trent","President","Mal","65114","M","Main Electric","info@mainelectric.com","1115 N Erie Avenue","Pueblo","CO","81001","7195424114","7195424114;71954250","173101","Electric Contractors","mainelectric.com","11","0"
"Green Acres Nursery Co","3032798204","4990 Mcintyre St","Golden","8760000","Mike Jeronimus","Owner","Mal","66044","G","Green Acres Nursery Co","webmaster@araptech.net","4990 Mcintyre St","Golden","CO","80403","3032781832","3032798204","519306","Nurseries-Plants Trees & Etc-Wholesale","www.greenacresnursery.com","11","0"
"AIM Supply","3033712800","14200 E 35th Pl # 103","Aurora","5180000","Mack Rosenquist","Manager","Mal","66284","A","AIM Supply","webmaster@acetools.com","14200 E 35th Pl # 103","Aurora","CO","80011","3033713842","3033712800","507213","Tools (Wholesale)","www.acetools.com","11","0"
"Hudson High-Tech Systems Inc","3039791980","8341 S Sangre DE Cristo Rd","Littleton","9870000","Larry Hudson","Owner","Mal","66392","H","Hudson High-Tech Systems Inc","webmaster@hudsonhightech.com","8341 S Sangre DE Cristo Rd","Littleton","CO","80127","3039730493","3039791980","506308","Fire Alarm Systems (Wholesale)","www.hudsonhightech.com","11","0"
"Wilson & Co Engineers","7195205800","455 E Pikes Peak Ave # 200","Colorado Springs","9480000","Steve Watt","Manager","Mal","66600","W","Wilson & Co Engineers","office@wilsonandcompany.com","455 E Pikes Peak Ave # 200","Colorado Springs","CO","80903","4098382656","7195205800","871111","Engineers-Consulting","www.wilsonandcompany.com","11","0"
"WAKEFIELD & ASSOC","3035372900","3091 S JAMAICA CT STE 200","AURORA","7700000","SUE WAKEFIELD","Owner","F","66996","W","Wakefield & Assoc","sales@wakeassoc.com","3091 S Jamaica Ct # 200","Aurora","CO","80014","3035372901","3035372900","732201","Collection Agencies","www.wakeassoc.com","11","0"
"Rental Service Corp","3034201212","10050 Ralston Rd # 7","Arvada","5370000","Pat Malone","Owner","Mal","67178","R","Rental Service Corp","sales@rsiscreening.com","10050 Ralston Rd # 7","Arvada","CO","80004","3034201477","3034201212","732301","Credit Reporting Agencies","www.erentalservicesinc.com","11","0"
"Accucode Inc","3036396111","6000 E Evans Ave Bldg 3","Denver","7500000","Kevin Price","President","mal","67941","A","Accucode Inc","sales@accucode.com","6000 E Evans Ave","Denver","CO","80222","3036396178","3036396111","737412","Bar Coding","www.accucode.com","11","0"
"Cabot Oil & Gas Corp","3032269400","600 17th St # 900n","Denver","5016000","Scott Butler","VP","Mal","69982","C","Cabot Oil & Gas Corp","hr@cabotog.com","600 17th St # 900n","Denver","CO","80202","2815894653","3032269400","138203","Oil & Gas Exploration & Development","www.cabotog.com","11","0"
"Cherrelyn Health Care Ctr","3037988686","5555 S Elati St","Littleton","9800000","Bob Esmas","Administrator","Mal","70343","C","Cherrelyn Health Care Ctr","info@5sqc.com","5555 S Elati St","Littleton","CO","80120","5022264367","3037988686","805101","Nursing & Convalescent Homes","www.lifetrust.com","11","0"
"STERITEC PRODUCTS MFG CO","3036604201","599 TOPEKA WAY STE 400","CASTLE ROCK","6000000","TOM ROLL","President","M","70841","S","Steritec Products Mfg Co","info@steritecproducts.com","599 Topeka Way # 700","Castle Rock","CO","80109","3036604213","3036604201","384104","Physicians & Surgeons Equip & Supls-Mfrs","www.steritecproducts.com","11","0"
"Summit Creek Inc","3032151111","10311 W Hampden Ave # A100","Lakewood","6105000","Mason Young","President","Mal","72866","S","Summit Creek Inc","customersupport@gatheringscatalog.com","10311 W Hampden Ave # A100","Lakewood","CO","80227","3032151115","3032151111","596102","Mail Order & Catalog Shopping","www.gatheringscatalog.com","11","0"
"DESIGN LINES INC","3037929019","7334 S ALTON WAY","CENTENNIAL","6300000","SANDY SAUL","Owner","F","73101","D","Design Lines Inc","info@dlinesinc.com","7334 S Alton Way","Centennial","CO","80112","3037929048","3037929019","738902","Interior Decorators Design & Consultants","www.designlinesinc.com","11","0"
"American Automation Inc","3035290764","7346 S Alton Way","Centennial","6580000","Lisa Buckley","President","Fem","73281","A","American Automation Inc","info@americasautomation.com","7346 S Alton Way","Centennial","CO","80112","7202002090","3035290764","506304","Security Control Equip & Systems-Whol","www.americasautomation.com","11","0"
"Imagetek Photography Inc","3037513686","1240 S Parker Rd # 205","Denver","7400000","Brad Peterson","Owner","Mal","73723","I","Imagetek Photography Inc","info@imagetekphoto.com","1240 S Parker Rd # 205","Denver","CO","80231","3037510839","3037513686","722101","Photographers-Portrait","NULL","11","0"
"Center Greenhouse Inc","3032881209","1550 E 73rd Ave","Denver","5600000","Frank Yantorno","President","mal","74971","C","Center Greenhouse Inc","office@centergreenhouse.com","1550 E 73rd Ave","Denver","CO","80229","3032884522","3032881209","018101","Greenhouses","www.centergreenhouse.com","11","0"
"COTTONWOOD TRAVEL CO","9703537500","1923 59TH AVE UNIT 165","GREELEY","6300000","KAY KOSMICKI","Owner","F","74975","C","Cottonwood Travel Co","info@cottonwoodtravel.com","1641 23rd Ave # 4","Greeley","CO","80634","9703530018","9703537500","472402","Travel Agencies & Bureaus","www.ctravelc.com","11","0"
"Kaylor Of Colorado","9703920370","1203 Ash Ave","Greeley","5908000","Darrell Kaylor","President","Mal","76734","K","Kaylor Of Colorado","customerservice@kaylorofcolorado.com","1203 Ash Ave","Greeley","CO","80631","9703920370","9703920370","514910","Pet Foods-Wholesale","www.kaylorofcolorado.com","11","0"
"York International Corp","7208891515","5855 E Stapleton Dr N # 155","Denver","5840000","Dave Allis","Manager","Mal","78023","Y","York International Corp","webmaster@york.com","5855 E Stapleton Dr N # 155","Denver","CO","80216","7208891515","7208891515","171117","Air Conditioning Contractors & Systems","www.york.com","11","0"
"Imperial Casino Hotel","7196897777","123 N 3rd St","Cripple Creek","8610000","Robert Brooker","Manager","Mal","78311","I","Imperial Casino Hotel","info@imperialcasinohotel.com","123 N 3rd St","Cripple Creek","CO","80813","7196891008","7196897777","799302","Casinos","www.imperialcasinohotel.com","11","0"
"STONEHOUSE SIGNS INC","3034222356","5550 W 60TH AVE","ARVADA","5600000","JEFFREY STONE","Manager","M","78590","S","Stonehouse Signs Inc","sales@stonehousesigns.com","5550 W 60th Ave","Arvada","CO","80003","3034671382","3034222356","399302","Signs (Manufacturers)","www.stonehousesigns.com","11","0"
"Stratus Consulting Inc","3033818000","1881 9th St # 201","Boulder","8800000","Bob Rowe","President","Mal","80241","S","Stratus Consulting Inc","webmaster@stratusconsulting.com","1881 9th St # 201","Boulder","CO","80302","3033818200","3033818000","873111","Environmental & Ecological Services","www.stratusconsulting.com","11","0"
"Capital Analysts Of Co","3032968201","800 18th St # 200","Denver","5810000","John S Clarke","Owner","Mal","81072","C","Capital Analysts Of Co","contactus@capitalanalysts.com","800 18th St # 200","Denver","CO","80202","6109950438","3032968201","628205","Financial Planning Consultants","www.capitalanalysts.com","11","0"
"T W Metals Co","3033640255","16303 E 32nd Ave # 12","Aurora","6282000","Kris Hutton","Manager","Fem","84963","T","T W Metals Co","sales@twmetals.com","16303 E 32nd Ave # 12","Aurora","CO","80011","3033405822","3033640255","505115","Metals-Base (Wholesale)","www.twmetals.com","11","0"
"MODULAR OFFICE RENOVATION INC","3033714049","12360 E 46TH AVE STE 500","DENVER","6000000","MICHAEL WILHELM","Owner","M","85817","M","Modular Office Renovation Inc","info@moredenver.com","4903 Nome St","Denver","CO","80239","3033714051","3033714049","502122","Office Furniture & Equip-Instltn (Whol)","www.moredenver.com","11","0"
"PROTECTO WRAP CO","3037773001","1955 S CHEROKEE ST","DENVER","8200000","JOHN R HOPKINS II","President","M","85974","P","Protecto Wrap Co","info@protectowrap.com","1955 S Cherokee St","Denver","CO","80223","3037779273","3037773001","295201","Roofing Materials-Manufacturers","www.protectowrap.com","11","0"
"Big Horn Door & Hardware LLC","3037335909","455 W Wesley Ave","Denver","7252000","Bob Eurich","Owner","Mal","86064","B","Big Horn Door & Hardware LLC","info@bighorndoor.com","455 W Wesley Ave","Denver","CO","80223","3037337407","3037335909","507207","Hardware-Wholesale","www.bighorndoor.com","11","0"
"C D Inc","3034711522","10291 S Progress Way","Parker","5040000","James Degrado","Owner","Mal","86537","C","C D Inc","sales@cdi-services.com","10291 S Progress Way","Parker","CO","80134","3034711522","3034711522","078204","Landscape Contractors","www.cdi-services.com","11","0"
"FLUID DYNAMICS","3035307300","3360 MITCHELL LN STE 100A","BOULDER","6800000","","Unknown","","88615","F","Fluid Dynamics","info@dynablend.com","6595 Odell Pl # A","Boulder","CO","80301","3035307754","3035307300","871159","Engineers-Waste Water Treatment","www.dynablend.com","11","0"
"Morning Star Automotive Inc","7195392333","1425 E St","Salida","6300000","Stephen Berkenkotter","President","mal","89616","M","Morning Star Automotive Inc","info@morningstarauto.com","1425 E St","Salida","CO","81201","7195396488","7195392333","559903","Trailers-Automobile Utility Sports Etc","www.morningstarauto.com","11","0"
"Valley Block Co","9706674480","6766 E State Highway 402","Loveland","6150000","Jerry Klein","President","Mal","89847","V","Valley Block Co","info@valleyblock.com","6766 E State Highway 402","Loveland","CO","80537","9706679961","9706674480","327101","Concrete-Block & Brick (Manufacturers)","www.valleyblock.com","11","0"
"High Country Engineering Inc","3039250544","14 Inverness Dr E # F120","Englewood","8690000","Eric Tuin","Manager","Mal","90316","H","High Country Engineering Inc","info@highcountry.com","14 Inverness Dr E # F120","Englewood","CO","80112","5057562292","3039250544","871110","Engineers-Civil","www.highcountry.com","11","0"
"Source Products Group","3032809595","16000 Huron St","Broomfield","8848000","Mark Wennstedt","Owner","Mal","91217","S","Source Products Group","sales@sourceproductsgroup.com","16000 Huron St","Broomfield","CO","80020","3032802600","3032809595","503303","Roofing Materials-Wholesale","www.sourceproductsgroup.com","11","0"
"Cardio-Optics","7204061560","2477 55th St","Boulder","5980000","David Amundson","VP","Mal","92376","C","Cardio-Optics","info@cardio-optics.com","2477 55th St","Boulder","CO","80301","7204061562","7204061560","504704","Physicians & Surgeons Equip & Supls-Whol","www.cardiooptics.com","11","0"
"Lincare/Tricare","7194731880","3334 Adobe Ct","Colorado Springs","7774000","Patricia Berg","Manager","Fem","92488","L","Lincare/Tricare","jobs@lincare.com","3334 Adobe Ct","Colorado Springs","CO","80907","6053420360","7194731880","504704","Physicians & Surgeons Equip & Supls-Whol","www.lincare.com","11","0"
"Valucomm Technologies Inc","7195201892","3315 Fillmore Ridge Hts # A","Colorado Springs","5050000","Richard Galvin","Owner","Mal","94090","V","Valucomm Technologies Inc","support@valucomm.net","3315 Fillmore Ridge Hts # A","Colorado Springs","CO","80907","7195201892","7195201892","506563","Telecommunication Equip/Syst-Whol/Mfrs","www.valucomm.net","11","0"
"Mapquest.Com Inc","3033120200","1730 Blake St # 310","Denver","5100000","Dave Shafer","Executive Director","Mal","95523","M","Mapquest.Com Inc","info@mapquest.com","1730 Blake St # 310","Denver","CO","80202","7709849446","3033120200","874213","Marketing Programs & Services","www.mapquest.com","11","0"
"Securalarm","3037952600","6834 S University Blvd","Centennial","6580000","Dave Lukenbach","Owner","Mal","95929","S","Securalarm","service@safensoundusa.com","6834 S University Blvd","Centennial","CO","80122","3037565305","3037952600","506304","Security Control Equip & Systems-Whol","www.safensoundusa.com","11","0"
"Telecrafter Products","3039860086","12687 W Cedar Dr # 100","Lakewood","6780000","Peter Mangone","Owner","Mal","96696","T","Telecrafter Products","mail@telecrafter.com","12687 W Cedar Dr # 100","Lakewood","CO","80228","3039861042","3039860086","484101","Television-Cable & Catv","www.telecrafterproducts.com","11","0"
"Symetrix Corp","7195946145","5055 Mark Dabling Blvd","Colorado Springs","5130000","Larry Mc Millan","President","Mal","99217","S","Symetrix Corp","info@symetrixcorp.com","5055 Mark Dabling Blvd","Colorado Springs","CO","80918","7195983437","7195946145","367401","Semiconductor Devices (Manufacturers)","www.symetrixcorp.com","11","0"
"Key Lime Air","3037689626","13252 E Control Tower Rd","Englewood","9150000","Cliff Honeycutt","Owner","Mal","100850","K","Key Lime Air","employment@keylimeair.com","13252 E Control Tower Rd","Englewood","CO","80112","3037688144","3037689626","735939","Aircraft Charter Rental & Leasing Svc","www.keylimeair.com","11","0"
"Colorado Telemetry Systems","3039862980","17560 S Golden Rd # 101","Golden","7238000","Mike Dorsch","President","Mal","101497","C","Colorado Telemetry Systems","admin@coloradotelemetry.com","17560 S Golden Rd # 101","Golden","CO","80401","3039862869","3039862980","506324","Burglar Alarm Systems (Wholesale)","www.coloradotelemetry.com","11","0"
"AVI INC","3032968551","1290 E 58TH AVE # A","DENVER","7000000","PETE KRUSE","Owner","M","103122","A","AVI Inc","office@aviroofing.com","1290 E 58th Ave # A","Denver","CO","80216","3032968557","3032968551","176109","Roofing Contractors","www.aviroofing.com","11","0"
"WINTER LIVESTOCK INC","7193844491","30425 E US HIGHWAY 50","LA JUNTA","6700000","JOHN CAMPBELL","Manager","M","103738","W","Winter Livestock Inc","info@winterlivestock.com","30425 E Us Highway 50","La Junta","CO","81050","7193844491","7193844491","515402","Livestock Auction Markets","www.winterlivestock.com","11","0"
"CANON POTATO CO","7197543445","PO BOX 880","CENTER","7700000","JIM TONSO","Manager","M","104365","C","Canon Potato Co","sales@canonpotato.com","687 E 9th St","Center","CO","81125","7197542227","7197543445","514802","Potatoes-Wholesale","www.canonpotato.com","11","0"
"El Paso Floor Inc","7194717600","1850 Hancock Dr","Colorado Springs","5880000","Allen Schwaln","President","Mal","104934","E","El Paso Floor Inc","info@elpasofloor.com","1850 Hancock Dr","Colorado Springs","CO","80903","7194717832","7194717600","175203","Floor Laying Refinishing & Resurfacing","www.elpasofloor.com","11","0"
"MAJESTIC METALS INC","3032886855","7770 WASHINGTON ST","DENVER","9000000","KARL D ROBERTS","President","M","105736","M","Majestic Metals Inc","info@majesticmetals.com","7770 Washington St","Denver","CO","80229","3032882880","3032886855","344403","Sheet Metal Fabricators","www.majesticmetals.com","11","0"
"Consolidated Service Group Wst","3034293603","1070 W 124th Ave # 800","Denver","7920000","Al Fisher","Manager","Mal","105882","C","Consolidated Service Group Wst","careers@ces-electric.com","1070 W 124th Ave # 800","Denver","CO","80234","7817624508","3034293603","173101","Electric Contractors","www.ces-electric.com","11","0"
"Mountain Resorts Inc","9708793700","2150 Resort Dr # 100","Steamboat Spgs","8250000","Jim Spillane","President","Mal","111025","M","Mountain Resorts Inc","info@mtn-resorts.com","2150 Resort Dr # 100","Steamboat Spgs","CO","80487","9708799129","9708793700","701111","Resorts","www.mtn-resorts.com","11","0"
"DAVID EVANS & ASSOC","7209460969","1331 17TH ST STE 900","DENVER","5200000","JOSEPH HART PE","Manager","M","111291","D","David Evans & Assoc","webmaster@deainc.com","1331 17th St # 900","Denver","CO","80202","9094815757","7209460969","871106","Engineers","www.deainc.com","11","0"
"Clinic Service Corp","3037552900","3464 S Willow St","Denver","5150000","Jim Grow","President","Mal","111897","C","Clinic Service Corp","info@clinicservice.com","3464 S Willow St","Denver","CO","80231","3037550404","3037552900","872103","Billing Service","www.clinicservice.com","11","0"
"Retec","3032712100","1726 Cole Blvd # 150","Lakewood","6004000","Don Sherman","Manager","Mal","112445","R","Retec","info@retec.com","1726 Cole Blvd # 150","Lakewood","CO","80401","6512228914","3032712100","871120","Engineers-Environmental","www.retec.com","11","0"
"Michael Ricker Pewter","9705862030","513 Big Thompson Ave","Estes Park","7800000","Michael Ricker","President","Mal","112613","M","Michael Ricker Pewter","webmaster@yourname.com","513 Big Thompson Ave","Estes Park","CO","80517","9783561573","9705862030","391101","Jewelry-Manufacturers","www.santron.com","11","0"
"ACQUIRED TASTES RAFTING","7193952992","12918 US HIGHWAY 24/285","BUENA VISTA","6600000","CHARLES HUGGS","Owner","M","113306","A","Acquired Tastes Rafting","info@atraft.com","12877 Us Highway 24/285","Buena Vista","CO","81211","3034434120","7193952992","555111","Rafts-Dealers","www.atraft.com","11","0"
"Rye Telephone Co","7196763131","60 Beckwith Dr","Colorado City","8325000","Michelle Anderson","Owner","Fem","114567","R","Rye Telephone Co","admin@ghvalley.net","60 Beckwith Dr","Colorado City","CO","81019","7196763135","7196763131","481304","Telephone Companies","www.ryetelephone.com","11","0"
"Cedar Supply Lumber Co","9706632828","7720 S College Ave","Fort Collins","5676000","Boyd Thomas","Owner","Mal","115189","C","Cedar Supply Lumber Co","info@cedarsupply.com","7720 S College Ave","Fort Collins","CO","80525","9706631001","9706632828","521142","Lumber-Retail","www.cedarsupply.com","11","0"
"Enecotech Inc","3038612200","1580 Lincoln St # 1000","Denver","9152000","Barry Stewart","Owner","Mal","115984","E","Enecotech Inc","info@live-shot.com","1580 Lincoln St # 1000","Denver","CO","80203","3038612201","3038612200","873111","Environmental & Ecological Services","www.enecotech.com","11","0"
"DESIGN MATERIALS INC","3032562800","10498 E 49TH AVE","DENVER","8700000","SUE ANN GUTH","Owner","F","116669","D","Design Materials Inc","human.resources@designmaterials.com","10498 E 49th Ave","Denver","CO","80238","3034460781","3032562800","174301","Tile-Ceramic-Contractors & Dealers","www.designmaterials.com","11","0"
"Arapahoe Douglas MH Network","3037799676","6801 S Yosemite St # 200","Centennial","8100000","Scott Thoemke","Executive Director","Mal","118529","A","Arapahoe Douglas MH Network","admin@admhn.25.websecurestores.com","6801 S Yosemite St # 200","Centennial","CO","80112","3037796038","3037799676","806301","Mental Health Services","www.admhn.com","11","0"
"CAREFREE SPAS & POOLS INC","3037302400","2030 E COUNTY LINE RD UNIT L","LITTLETON","5800000","TOM PRIDEAUX","Owner","M","119135","C","Carefree Spas & Pools Inc","sales@carefreespas.com","2030 E County Line Rd # L","Littleton","CO","80126","3037306230","3037302400","599916","Hot Tubs & Spas-Supplies & Parts","www.carefreespas.com","11","0"
"Welzig Heating & Air","3036785576","1831 Boston Ave # C","Longmont","7300000","James Welzig","Owner","Mal","119854","W","Welzig Heating & Air","info@welzig.com","1831 Boston Ave # C","Longmont","CO","80501","3034859751","3036785576","171117","Air Conditioning Contractors & Systems","www.welzig.com","11","0"
"Versar Inc","3034525700","11990 Grant St # 500","Northglenn","5372000","","","","120252","V","Versar Inc","webmaster@versardenver.com","11990 Grant St # 500","Northglenn","CO","80233","3034522336","3034525700","871120","Engineers-Environmental","www.versardenver.com","11","0"
"Information Packaging Inc","3037331000","711 Topeka Way","Castle Rock","5220000","Raul Egas","Manager","Mal","120837","I","Information Packaging Inc","service@unifiedbinders.com","711 Topeka Way","Castle Rock","CO","80109","3037336789","3037331000","278298","Blankbooks Looseleaf Bndrs/Devices (Mfr)","www.unifiedpackaginginc.com","11","0"
"CUSTOMER COMMUNICATIONS GROUP","3039863000","12600 W CEDAR DR","LAKEWOOD","6800000","SANDRA GUDAT","Chief Executive Office","F","121556","C","Customer Communications Group","postmaster@customer.com","12600 W Cedar Dr","Lakewood","CO","80228","3039894805","3039863000","874214","Marketing Consultants","www.customer.com","11","0"
"MATTAS MARINE & RV","9702418517","2308 HIGHWAY 6 AND 50","GRAND JCT","6000000","BRAD MATTAS","President","M","121879","M","Mattas Marine & Rv","service@mattasmarine.com","2308 Highway 6 And 50","Grand Junction","CO","81505","9702438128","9702418517","555104","Boat Dealers Sales & Service","www.mattasmarine.com","11","0"
"SASHCO INC","3032867271","10300 E 107TH PL","BRIGHTON","7900000","LESTER BURCH","President","M","122295","S","Sashco Inc","webmaster@sashco.com","10300 E 107th Pl","Brighton","CO","80601","3032860400","3032867271","289198","Adhesives & Sealants (Manufacturers)","www.sashco.com","11","0"
"DAWN INDUSTRIES","3032964041","5055 W 58TH AVE","ARVADA","6400000","ROD MAY","Manager","M","122530","D","Dawn Industries","sales@dawnindustries.com","5055 W 58th Avenue","Arvada","CO","80002","3032964041","3032956604","5311","Retail shops","null","11","0"
"Gateway Stable Supply","7195376961","301 S Main St","Holly","6920000","Ted Simon","Owner","Mal","122883","G","Gateway Stable Supply","webmaster@buygpdirect.com","301 S Main St","Holly","CO","81047","NULL","7195376961","508746","Veterinarians Equipment & Supls (Whol)","NULL","11","0"
"Central Admixture Pharmacy Svc","3034559490","501 W 44th Ave # A","Denver","5490000","Charles Tidwell","Executive Director","Mal","123466","C","Central Admixture Pharmacy Svc","info@bbraun.com","501 W 44th Ave # A","Denver","CO","80216","3034559465","3034559490","591205","Pharmacies","www.bbraun.com","11","0"
"Industrial Electric Motor Svc","9706696631","127 E 8th St","Loveland","9212000","Susan Bergstrom","Owner","Fem","123539","I","Industrial Electric Motor Svc","info@electrominst.com","127 E 8th St","Loveland","CO","80537","9706694728","9706696631","506334","Electric Motors-Supplies & Parts (Whol)","www.electrominst.com","11","0"
"STURMAN INDUSTRIES","7196866000","1 INNOVATION WAY","WOODLAND PARK","5300000","CAROL STURMAN","President","F","123621","S","Sturman Industries","sales@sturmanindustries.com","1 Innovation Way","Woodland Park","CO","80863","7196866050","7196866000","349403","Valves-Manufacturers","www.sturmanindustries.com","11","0"
"Construction Technology Inc","3033718097","5070 Oakland St","Denver","5744000","Pat Livingston","President","Fem","123916","C","Construction Technology Inc","webmaster@cti-products.com","5070 Oakland St","Denver","CO","80239","3033718096","3033718097","353104","Construction Equipment-Manufacturers","www.ctiattachments.com","11","0"
"GAMING LABORATORIES INTL","3032771172","4680 TABLE MOUNTAIN DR # 100","GOLDEN","5300000","ANDY COMER","Manager","M","125226","G","Gaming Laboratories Intl","webmaster@gaminglabs.com","5926 Mcintyre St","Golden","CO","80403","7029142799","3032771172","873402","Laboratories-Testing","www.gaminglabs.com","11","0"
"Metaltech Industries Inc","3036511953","20 Bowen St","Longmont","5700000","Bill Hickey","President","mal","125656","M","Metaltech Industries Inc","info@metaltech.com","20 Bowen St","Longmont","CO","80501","3058267979","3036511953","344403","Sheet Metal Fabricators","www.metaltech.com","11","0"
"Grand Prix Motor Sports Inc","3037612471","3105 W County Line Rd","Littleton","5958000","Bill Comegys","Owner","Mal","125891","G","Grand Prix Motor Sports Inc","info@grandprixmotorsports.com","3105 W County Line Rd","Littleton","CO","80129","3037612471","3037612471","557106","Motorcycles & Motor Scooters-Dealers","www.grandprixmotorsports.com","11","0"
"Physician Health Partners","3036051500","1515 Arapahoe St Ste 1300","Denver","5923949","Jay Want","President","mal","126621","P","Physician Health Partners","info@phpmcs.com","1515 Arapahoe St","Denver","CO","80202","3036051553","3036051500","874242","Health Care Management","www.phpmcs.com","11","0"
"Environmental Resource Assoc","3034318454","6000 W 54th Ave","Arvada","8800000","Terry Epstein","Manager","Mal","126657","E","Environmental Resource Assoc","hr@eraqc.com","6000 W 54th Ave","Arvada","CO","80002","3034210159","3034318454","873111","Environmental & Ecological Services","www.eraqc.com","11","0"
"A-Z PARTY RENTAL","9702244774","1588 RIVERSIDE AVE","FORT COLLINS","6500000","PHILLIP CRUZ","Manager","M","126823","A","A-Z Party Rental","info@azpartyrental.com","1588 Riverside Ave","Fort Collins","CO","80524","9702249367","9702244774","735910","Rental Service-Stores & Yards","www.azpartyrental.com","11","0"
"HOWARD BRINTON SEMINARS INC","3034494222","4772 WALNUT ST","BOULDER","5200000","HOWARD BRINTON","President","M","128447","H","Howard Brinton Seminars Inc","contactus@gostarpower.com","4772 Walnut St # 200","Boulder","CO","80301","3034494222","3034498181","738906","Lecture & Seminar Bureaus","www.gostarpower.com","11","0"
"Fountainhead Networks Inc","3037561880","1234 E Colfax Ave # 201","Denver","5050000","Stephen Crockett","President","Mal","129136","F","Fountainhead Networks Inc","employment@fninc.net","1234 E Colfax Ave # 201","Denver","CO","80218","3037561880","3037561880","506563","Telecommunication Equip/Syst-Whol/Mfrs","www.fninc.net","11","0"
"EASYLITE Llt","3037867470","5541 Central Ave # 140","Boulder","5264000","Dennis Robinson","CEO","Mal","131568","E","EASYLITE Llt","sales@easyliteils.com","5541 Central Ave # 140","Boulder","CO","80301","3037867472","3037867470","506368","Lighting Systems & Equipment (Wholesale)","www.easylite.org","11","0"
"Theisen Sprinkler","3034698279","8567 W 108th Ave","Broomfield","8100000","Gary Theisen","Owner","Mal","131933","T","Theisen Sprinkler","webmaster@theisenco.com","8567 W 108th Ave","Broomfield","CO","80021","3034043162","3034698279","526136","Sprinklers-Garden & Lawn-Retail","www.theisenco.com","11","0"
"ASPEN ALPS","9709257820","700 S UTE AVE","ASPEN","5000000","ABIGALE MC INTOSH","Vice-President","F","133024","A","Aspen Alps","info@aspenalps.com","700 S Ute Ave","Aspen","CO","81611","9709202528","9709257820","651301","Condominiums","www.aspenalps.com","11","0"
"A Gas Connection","3034664206","11975 Wadsworth Blvd","Broomfield","5520000","Greg Fanger","Owner","Mal","133814","A","A Gas Connection","email@thegasconnection.com","11975 Wadsworth Blvd","Broomfield","CO","80020","3034661810","3034664206","571933","Fireplace Equipment-Retail","www.thegasconnection.com","11","0"
"All-Phase Electric Supply Co","7196308484","760 Geiger Ct","Colorado Springs","5264000","Joe Mihelich","Manager","Mal","134174","A","All-Phase Electric Supply Co","info@allphase.com","760 Geiger Ct","Colorado Springs","CO","80915","7196300337","7196308484","506330","Electric Equipment & Supplies-Wholesale","www.allphase.com","11","0"
"ALPINE ROOFING CO","3032957769","4780 YORK ST","DENVER","7000000","ROB TICHY","President","M","136047","A","Alpine Roofing Co","sales@alpineroofingco.com","4780 York St","Denver","CO","80216","3032966803","3032957769","176109","Roofing Contractors","www.alpineroofingco.com","11","0"
"Rpm Motorsports LLC","3032327576","1251 Wadsworth Blvd","Lakewood","8275000","","","","137292","R","Rpm Motorsports LLC","info@rpmms.com","1251 Wadsworth Blvd","Lakewood","CO","80214","3032386818","3032327576","557106","Motorcycles & Motor Scooters-Dealers","www.rpmms.com","11","0"
"RV AMERICA","3034318121","11808 W 44TH AVE","WHEAT RIDGE","8400000","JOE CUCINO","Manager","M","137984","R","Rv America","rentals@rvamericainc.com","12505 W 44th Ave","Wheat Ridge","CO","80033","3034318421","7208989049","556103","Recreational Vehicles","www.rv-ameri.com","11","0"
"FENTON PLUMBING & HEATING INC","7196327775","1675 TUSKEGEE PL","COLORADO SPGS","8800000","KIMBEL FENTON","President","M","138425","F","Fenton Plumbing & Heating Inc","sales@fentonph.com","1675 Tuskegee Pl","Colorado Springs","CO","80915","7196343633","7196327775","171105","Plumbing Contractors","www.fentonph.com","11","0"
"Ens Electronic Network Systems","7195834001","317 N Main St # 1","Pueblo","9776000","Ana English","President","Fem","138800","E","Ens Electronic Network Systems","sales@enshealth.com","317 N Main St # 1","Pueblo","CO","81003","7195834046","7195834001","738999","Business Services Nec","www.enshealth.com","11","0"
"SPRINGS FABRICATION","7195968830","850 AEROPLAZA DR","COLORADO SPGS","5000000","TOM NEPPL","President","M","140277","S","Springs Fabrication","purchasing@springsfab.com","850 Aeroplaza Dr","Colorado Springs","CO","80916","7195968830","7195961836","769203","Welding","www.springsfab.com","11","0"
"Amplidyne","3033409999","16075 E 32nd Ave # A","Aurora","9090000","Adil Khan","President","Mal","140368","A","Amplidyne","sales@amplidyneco.com","16075 E 32nd Ave # A","Aurora","CO","80011","3033409999","3033409999","506563","Telecommunication Equip/Syst-Whol/Mfrs","www.amplidyneco.com","11","0"
"PLASTIC ART PRODUCTS","9703563487","1226 E 18TH ST","GREELEY","5100000","RANDY HOWE","President","M","140793","P","Plastic Art Products","customerservice@plasticart.com","1226 E 18th St","Greeley","CO","80631","9703564656","9703563487","308905","Plastics-Vacuum/Pressure Forming (Mfrs)","www.plasticart.com","11","0"
"FAGERBERG PRODUCE CO","9708341354","PO BOX 8","EATON","6000000","LYNN FAGERBERG","Owner","M","141486","F","Fagerberg Produce Co","info@fagerbergproduce.com","17673 County Road 80","Eaton","CO","80615","9708341434","9708341353","543101","Fruits & Vegetables & Produce-Retail","www.fagerbergproduce.com","11","0"
"LIONS GATE EVENTS CTR","3036656525","1055 S 112TH ST","LAFAYETTE","5300000","MARIE JENKINSON","Owner","F","143416","L","Lions Gate Events Ctr","office@lionsgatecenter.com","1055 S 112th St","Lafayette","CO","80026","3036653227","3036656525","599940","Wedding Supplies & Services","www.lionsgatecenter.com","11","0"
"SKLD Information Svc","3038200888","720 S Colorado Blvd # 1000n","Denver","5734000","David Floyd","President","Mal","143676","S","SKLD Information Svc","webmaster@skld.com","720 S Colorado Blvd # 1000n","Denver","CO","80246","3032606391","3038200888","738959","Information & Referral Svcs","www.skld.com","11","0"
"All Right/Party Time Rental","3039354545","2075 S Platte River Dr","Denver","6228000","John Taitt","Owner","Mal","144276","A","All Right/Party Time Rental","webmaster@partytimerental.com","2075 S Platte River Dr","Denver","CO","80223","3039356731","3039354545","508713","Caterers Equipment & Supplies (Whol)","www.partytimerental.com","11","0"
"Rantek","9706693700","995 N Wilson Ave","Loveland","6580000","Gary Long","Owner","Mal","144416","R","Rantek","sales@rantekonline.com","995 N Wilson Ave","Loveland","CO","80537","9706693354","9706693700","506338","Electronic Parts Assemblers (Wholesale)","www.rantekonline.com","11","0"
"Barber Nichols Inc","3034218111","6325 W 55th Ave","Arvada","5800000","Kenneth Nichols","CEO","Mal","144497","B","Barber Nichols Inc","sales@barber-nichols.com","6325 W 55th Ave","Arvada","CO","80002","3034204679","3034218111","359998","Indstrl/Coml Machinery/Equip Nec (Mfrs)","www.barber-nichols.com","11","0"
"UNITED RESOURCE SYSTEMS","3032050152","10075 W COLFAX AVE","LAKEWOOD","8400000","RICHARD LAMMERS","Owner","M","144786","U","United Resource Systems","marketing@urs-inc.com","10075 W Colfax Ave","Lakewood","CO","80215","3032050153","3032050152","732201","Collection Agencies","www.urs-inc.com","11","0"
"Kent H Landsberg Co","3032991160","16304 E 32nd Ave # 35","Aurora","8280000","Tina Rospond","Manager","Fem","145008","K","Kent H Landsberg Co","careers@landsberg.com","16304 E 32nd Ave # 35","Aurora","CO","80011","3142097918","3032991160","511308","Packaging Materials-Wholesale","www.landsberg.com","11","0"
"Kirkham Michael Consulting Eng","3036942300","5600 S Quebec St # 200d","Greenwood Vlg","7110000","Duane Johnson","VP","Mal","145207","K","Kirkham Michael Consulting Eng","webmaster@kirkham.com","5600 S Quebec St # 200d","Greenwood Vlg","CO","80111","5152701067","3036942300","871111","Engineers-Consulting","www.kirkham.com","11","0"
"Concentra Integrated Svc","3034257404","7175 W Jefferson Ave","Lakewood","5150000","Janelle Virgil","Manager","Fem","145556","C","Concentra Integrated Svc","webmaster@concentra.com","7175 W Jefferson Ave","Lakewood","CO","80235","6022562281","3034257404","872103","Billing Service","www.concentra.com","11","0"
"AIRCELL INC","3033790234","1172 W CENTURY DR","LOUISVILLE","5300000","JACK BLUMENSTEIN","Chief Executive Office","M","145692","A","Aircell Inc","customerservice@aircell.com","1172 W Century Dr","Louisville","CO","80027","3033790201","3033790234","599999","Miscellaneous Retail Stores Nec","www.aircell.com","11","0"
"BURRIS CO","9703561670","331 E 8TH ST","GREELEY","6200000","JOHN MC CARTY","President","M","145738","B","Burris Co","customerservice@burrisoptics.com","331 E 8th St","Greeley","CO","80631","9703568702","9703561670","382798","Optical Instruments & Lenses (Mfrs)","www.burrisoptics.com","11","0"
"BACKGROUNDS USA","3034558855","1760 GAYLORD ST","DENVER","7900000","ANN HARRISON","President","F","145962","B","Backgrounds USA","customerservice@backgroundsusa.com","1760 Gaylord St","Denver","CO","80206","3034554771","3034558855","874861","Employment Screening Services","www.backgroundsusa.com","11","0"
"I Cubed","9704824400","213 Linden St","Fort Collins","6102000","Russell Cowart","Owner","Mal","146189","I","I Cubed","jobs@i3.com","213 Linden St","Fort Collins","CO","80524","9704824499","9704824400","484103","Satellite Comms Services-Common Carrier","www.i3.com","11","0"
"Arch Computing Svc","7199634905","1108 Scarlet Oak Dr","Colorado Springs","9291000","Argy S Wargo","President","Fem","146339","A","Arch Computing Svc","webmaster@archcomputing.com","1108 Scarlet Oak Dr","Colorado Springs","CO","80906","7199634905","7199634905","737801","Computers-Service & Repair","www.archcomputing.com","11","0"
"ON TARGET MARKETING","3033074203","11611 E 51ST AVE","DENVER","6300000","TROY FISCHER","Owner","M","146545","O","On Target Marketing","info@ontargetmail.net","11611 E 51st Ave","Denver","CO","80239","3033074216","3033074203","733101","Mailing & Shipping Services","www.ontargetmail.net","11","0"
"Colorado Studios","3033888500","2400 Ulster St","Denver","8700000","Philip Garvin","Owner","Mal","146611","C","Colorado Studios","info@coloradostudios.com","2400 Ulster St","Denver","CO","80238","3033889600","3033888500","781901","Video Tape Editing","www.coloradostudios.com","11","0"
"RESTAURANT SOURCE","3032961684","5005 WASHINGTON ST","DENVER","5300000","ARNOLD SCHATZ","Owner","M","147242","R","Restaurant Source","returns@restaurantsource.net","5005 Washington St","Denver","CO","80216","3032961684","3032961684","504604","Restaurant Equipment & Supplies (Whol)","www.restaurantsource.net","11","0"
"A A AIRCRAFT CHARTER","3037908965","12401 AVIATOR WAY","ENGLEWOOD","9000000","BILL MILAM","Owner","M","147280","A","A A Aircraft Charter","info@internationaljet.com","12401 Aviator Way","Englewood","CO","80112","3037904144","3037908965","735939","Aircraft Charter Rental & Leasing Svc","www.internationaljet.com","11","0"
"San Miguel Power Assn Inc","9708647311","1050 Main","Nucla","9240000","","","","147302","S","San Miguel Power Assn Inc","billing@smpa.com","170 W 10th St","Nucla","CO","81424","9708647257","9708647311","491101","Electric Companies","www.smpa.com","11","0"
"Grand Junction Pipe & Supply","9709635700","740 Highway 133 # 2","Carbondale","9960000","Terry Burgess","Manager","Mal","148074","G","Grand Junction Pipe & Supply","webmaster@gjpipe.com","740 Highway 133 # 2","Carbondale","CO","81623","9709631229","9709635700","508305","Irrigation Systems & Equipment (Whol)","www.gjpipe.com","11","0"
"HARDING NURSERY","7195965712","721 N POWERS BLVD","COLORADO SPGS","5100000","DEBBIE BRADLEY","Owner","F","148275","H","Harding Nursery","service@hardingnursery.com","721 N Powers Blvd","Colorado Springs","CO","80915","7195966281","7195965712","519306","Nurseries-Plants Trees & Etc-Wholesale","www.hardingnursery.com","11","0"
"Three R Automotive","3037810774","3701 S Kalamath St","Englewood","6832000","Bob Raub","Owner","Mal","148988","T","Three R Automotive","info@3rauto.com","3701 S Kalamath St","Englewood","CO","80110","3037812801","3037810774","552103","Automobile Dealers Performance & Race","www.3r-racing.com","11","0"
"LASTING IMPRESSIONS","3037524141","14292 E EVANS AVE","AURORA","5300000","JIM ROSS","Owner","M","149235","L","Lasting Impressions","info@siding-windows.com","14292 E Evans Ave","Aurora","CO","80014","3036956860","3037524141","176111","Siding Contractors","www.siding-windows.com","11","0"
"POINT-FIVE WINDOWS INC","9704826971","1001 BUCKINGHAM ST","FORT COLLINS","7000000","DAVE B LUNDAHL","President","M","149541","P","Point-Five Windows Inc","info@point-five-windows.com","1001 Buckingham St","Fort Collins","CO","80524","9704822361","9704826971","521107","Windows","www.point-five-windows.com","11","0"
"Stone Energy Corp LLC","3036858000","950 17th St # 2600","Denver","5320000","Dave Welch","CEO","Mal","149717","S","Stone Energy Corp LLC","resume@stoneenergy.com","950 17th St # 2600","Denver","CO","80202","3032964075","3036858000","138203","Oil & Gas Exploration & Development","www.stoneenergy.com","11","0"
"Rocky Mountain Sports","3034445340","650 S Taylor Ave","Louisville","5940000","C D Bodam","Owner","Mal","150104","R","Rocky Mountain Sports","info@rmsboulder.com","650 S Taylor Ave","Louisville","CO","80027","3034447526","3034445340","394923","Sporting Goods-Manufacturers","www.rmsboulder.com","11","0"
"Air Press","7195978843","1930 Frequent Flyer Pt","Colorado Springs","9042000","Randy Petersen","Owner","Mal","150734","A","Air Press","webmaster@webflyer.com","1930 Frequent Flyer Pt","Colorado Springs","CO","80915","7195976855","7195978843","274105","Publishers","www.webflyer.com","11","0"
"Intermountain Coach Inc","7195701122","3204 E Platte Ave","Colorado Springs","6580000","Dan Meyer","Owner","Mal","150866","I","Intermountain Coach Inc","marketing@intermountaincoach.com","3204 E Platte Ave","Colorado Springs","CO","80909","7195701124","7195701122","751404","Automobile Leasing","www.intermountaincoach.com","11","0"
"Zulanas Distributors Orders","3033885751","4545 E 51st Ave","Denver","9480000","V Gains","Owner","Mal","151495","Z","Zulanas Distributors Orders","hr@westernbev.net","4545 E 51st Ave","Denver","CO","80216","3033885751","3033885751","518101","Beer & Ale-Wholesale","www.westernbev.net","11","0"
"K P KAUFFMAN CO","3038254822","1675 BROADWAY STE 2800","DENVER","9600000","KEVIN KAUFFMAN","President","M","151751","K","K P Kauffman Co","webmaster@kpk.com","1675 Broadway # 2800","Denver","CO","80202","5057463227","3038254822","651902","Oil Property Management","www.kpk.com","11","0"
"EPS SETTLEMENTS GROUP","3033370400","7100 E BELLEVIEW AVE STE 300","GREENWOOD VLG","6800000","JOSEPH COSTELLO","President","M","151827","E","EPS Settlements Group","webmaster@epssettlements.com","7100 E Belleview Ave # 300","Greenwood Vlg","CO","80111","3103420949","3033370400","672601","Insurance Annuities","www.epssettlements.com","11","0"
"Denver Valve & Fitting Co","3032328844","950 S Simms St","Lakewood","8550000","Garry Hughes","Owner","Mal","152145","D","Denver Valve & Fitting Co","humanresources@swagelok.com","950 S Simms St","Lakewood","CO","80228","6786240955","3032328844","508513","Valves-Wholesale","www.swagelok.com","11","0"
"HOLIDAY CREATIONS INC","3036941121","5161 E ARAPAHOE RD STE 400","CENTENNIAL","5000000","JOHN HAYES","Executive Director","M","152234","H","Holiday Creations Inc","info@holidaycreations.com","5161 E Arapahoe Rd # 330","Centennial","CO","80122","3037219878","3036941121","509905","Importers","www.holidaycreations.com","11","0"
"HVAC SOLUTIONS INC","7195488880","655 ELKTON DR","COLORADO SPGS","7600000","JAMES D STEWARD","Owner","M","153548","H","Hvac Solutions Inc","info@hvacsol.com","655 Elkton Dr","Colorado Springs","CO","80907","7195481853","7195488880","171117","Air Conditioning Contractors & Systems","www.hvacsol.com","11","0"
"DAIRY ENGINEERING CO","3034232332","5783 SHERIDAN BLVD","ARVADA","5900000","BILL HIRSH","Owner","M","153729","D","Dairy Engineering Co","info@dairyeng.com","5783 Sheridan Blvd","Arvada","CO","80002","3034230740","3034232332","508806","Tanks-Metal (Wholesale)","www.dairyeng.com","11","0"
"TITAN LUBRICANTS","3038933211","1380 ZUNI ST","DENVER","7000000","DON SIEGEL","Owner","M","153798","T","Titan Lubricants","info@titanlab.com","1380 Zuni St","Denver","CO","80204","3035958741","3038933211","873402","Laboratories-Testing","www.titanlab.com","11","0"
"CAST TRANSPORTATION INC","3035346376","9850 HAVANA ST","HENDERSON","9200000","RICHARD ESHE","President","M","153938","C","CAST Transportation Inc","personnel@casttrans.com","9850 Havana St","Henderson","CO","80640","3035346376","3038533377","421309","Trucking-Motor Freight","www.casttrans.com","11","0"
"Super Seer Corp","3036746663","3989 Evergreen Pkwy Access Rd","Evergreen","5544000","Steven L Smith","President","Mal","154136","S","Super Seer Corp","customerservice@superseer.com","3989 Evergreen Pkwy Access Rd","Evergreen","CO","80439","3036748540","3036746663","394923","Sporting Goods-Manufacturers","www.superseer.com","11","0"
"Spectrum Mapping","3032989847","1560 Broadway","Denver","6156000","Don Wicks","President","Mal","154366","S","Spectrum Mapping","info@specmap.com","1560 Broadway","Denver","CO","80202","3032929279","3032989847","511229","Mapping Services (Wholesale)","www.spectrummapping.com","11","0"
"Thorson Rocky Mountain Inc","3037736300","9090 Ridgeline Blvd # 230","Littleton","7238000","Rich Rust","Owner","Mal","154403","T","Thorson Rocky Mountain Inc","admin@thorsonrm.com","9090 Ridgeline Blvd # 230","Littleton","CO","80129","3037736300","3037736300","506335","Electronic-Mfrs Representatives (Whol)","www.thorsonrm.com","11","0"
"Gold Systems Inc","3034472837","1780 Conestoga St","Boulder","8855000","Terry Gold","President","Mal","154709","G","Gold Systems Inc","support@goldsys.com","1780 Conestoga St","Boulder","CO","80301","3034470814","3034472837","737910","Information Equip & Systems","www.goldsys.com","11","0"
"Outpost Harley-Davidson","7195426032","5001 N Elizabeth St","Pueblo","7613000","Russ Saputo","Manager","Mal","154731","O","Outpost Harley-Davidson","info@outposthd.com","5001 N Elizabeth St","Pueblo","CO","81008","7195423332","7195426032","557106","Motorcycles & Motor Scooters-Dealers","www.outposthd.com","11","0"
"Slifer Designs","9709268200","216 Main St # C100","Edwards","5640000","Beth Slifer","Owner","Fem","155200","S","Slifer Designs","info@sliferdesigns.com","216 Main St # C100","Edwards","CO","81632","9709268228","9709268200","738902","Interior Decorators Design & Consultants","www.sliferdesigns.com","11","0"
"COLORADO SHEET METAL","7194736873","1405 E CHEYENNE RD","COLORADO SPGS","6100000","JERRY TILTON","Owner","M","155872","C","Colorado Sheet Metal","service@csm-hvac.com","1405 E Cheyenne Rd","Colorado Springs","CO","80906","7194737150","7194736873","171103","Sheet Metal Work Contractors","www.csm-hvac.com","11","0"
"CANYON STATE OIL CO","3032861100","9052 YOSEMITE ST","HENDERSON","6800000","DAVE GEMPEL","Manager","M","156007","C","Canyon State Oil Co","sales@canyonstateoil.com","9052 Yosemite St","Henderson","CO","80640","7024740737","3032861100","517214","Oils-Lubricating-Wholesale","www.canyonstateoil.com","11","0"
"Beartooth Products","9704619923","107 W 29th St # 205","Loveland","6765000","Sean Elliott","Owner","Mal","156632","B","Beartooth Products","sales@beartoothproducts.com","107 W 29th St # 205","Loveland","CO","80538","9704619577","9704619923","509111","Sporting Goods-Wholesale","www.beartoothproducts.com","11","0"
"WESTERN AERO SVC","3033434446","1859 JASPER ST","AURORA","5500000","SCOTT BALFANZ","Owner","M","156665","W","Western Aero Svc","info@westernaero.com","1859 Jasper St","Aurora","CO","80011","3033434452","3033434446","559908","Aircraft Equipment Parts & Supplies","www.westernaero.com","11","0"
