"32nd Avenue Amoco South","7017460608","1970 32nd Ave S","Grand Forks","18560000","Loren Dusterhoft","Owner","Mal","726","3","32nd Avenue Amoco South","Loren@bpgf.com","1970 32nd Ave S","Grand Forks","ND","58201","7017460134","7017460608","554101","Service Stations-Gasoline & Oil","NULL","0","0"
"WATKINS PRODUCTS","7018385852","1208 6TH ST SW","MINOT","19300000","HELEN HELM","Owner","F","1698","W","Watkins Products","Helen@watkinsonline.com","1208 6th St SW","Minot","ND","58701","NULL","7018385852","549901","Health & Diet Foods-Retail","NULL","0","0"
"KITCHEN SOLVERS","7012326185","2219 MAIN AVE STE B","FARGO","16600000","MIKE KUSS","Owner","M","1772","K","Kitchen Solvers","M-Kuss@kitchensolvers.com","2219 Main Ave # B","Fargo","ND","58103","NULL","7012326185","571211","Kitchen Cabinets & Equipment-Household","NULL","0","0"
"Vision Ford Inc","7016425546","1688 Two Ten Dr","Wahpeton","16175000","Justin Dirkelo","Manager","Mal","1947","V","Vision Ford Inc","ken.forness@visionford.net","1688 Two Ten Dr","Wahpeton","ND","58075","7016426404","7016425546","551103","Automobile Dealers-Used Cars","www.visionford.net","0","1"
"Mc Kenzie Electric Co-Op Inc","7014449288","908 4th Ave NE","Watford City","15300000","Tom Miller","Manager","Mal","2598","M","Mc Kenzie Electric Co-Op Inc","mec@mckenzieelectric.com","908 4th Ave NE","Watford City","ND","58854","7014443002","7014449288","491101","Electric Companies","www.mckenzieelectric.com","0","0"
"Starr Fireworks","7012820388","3805 52nd Ave SW","Fargo","17080000","John Starr","Manager","Mal","3126","S","Starr Fireworks","C_Starr@starr-fireworks.com","3805 52nd Ave SW","Fargo","ND","58104","7012820714","7012820388","509202","Fireworks (Wholesale)","NULL","0","0"
"Northern Gentlemen's Club","7012375410","325 10th St N","Fargo","17500000","Tom Blair","Owner","Mal","3703","N","Northern Gentlemen's Club","S.Lee@clubnorthern.com","325 10th St N","Fargo","ND","58102","7012375443","7012375410","792227","Entertainers","NULL","0","0"
"Top Taste Inc","7015241380","206 4th St W","Finley","12595000","Wayne Fetting","President","Mal","4662","T","Top Taste Inc","Wayne.Fetting@foodbydesign.com","206 4th St W","Finley","ND","58230","7015241905","7015241380","205198","Bread/Other Bakery Prod-Ex Cookies (Mfr)","NULL","0","0"
"Prairie Supply","7012825656","460 7th Ave NE","West Fargo","16650000","Ryan Kringlie","Owner","Mal","4853","P","Prairie Supply","Ryan@prairiesupply.com","460 7th Ave NE","West Fargo","ND","58078","7012820040","7012825656","508206","Contractors-Equip/Supls-Dlrs/Svc (Whol)","NULL","0","0"
"Prairie At St John's","7014767216","510 4th St S","Fargo","12150000","Marshall Korman","CEO","Mal","5089","P","Prairie At St John's","Marshall@prairiepsych.com","510 4th St S","Fargo","ND","58103","NULL","7014767216","806301","Mental Health Services","NULL","0","0"
"CRUISE PLANNERS","7016638662","504 DIVISION ST NE","MANDAN","10100000","LINDA GEIGER","Manager","F","5352","C","Cruise Planners","Linda_Geiger@cruiseplanners.com","504 Division St NE","Mandan","ND","58554","NULL","7016638662","472402","Travel Agencies & Bureaus","NULL","0","0"
"KEM Electric Cooperative Inc","7012544666","107 S Broadway St","Linton","17195000","Michael Rudolph","Manager","Mal","5491","K","KEM Electric Cooperative Inc","kem@kemelectric.com","107 S Broadway St","Linton","ND","58552","7012544975","7012544666","491101","Electric Companies","www.kemelectric.com","0","0"
"GPK Products","7012773225","1601 43rd St N","Fargo","16912000","Spencer Hildre","President","Mal","6034","G","GPK Products","SpencerH@gpk-fargo.com","1601 43rd St N","Fargo","ND","58102","7012779286","7012773225","349898","Fabricated Pipe & Pipe Fittings (Mfrs)","NULL","0","0"
"HOTSY EQUIPMENT CO","7012223941","3625 SARATOGA AVE","BISMARCK","23000000","DALLAS SAILER","Manager","M","7421","H","Hotsy Equipment Co","dallas@hotsyeqnorthdakota.com","3625 Saratoga Ave","Bismarck","ND","58503","7012224465","7012223941","508755","Pressure Washing Equipment (Wholesale)","www.hotsyeqnorthdakota.com","0","0"
"CROSSCOUNTRY COURIER","7012228498","PO BOX 4030","BISMARCK","13000000","DUANE TIETZ","Chief Executive Office","M","7561","C","Crosscountry Courier","Duane@crosscountrycourier.com","PO Box 4030","Bismarck","ND","58502","7012238588","7012228498","421205","Delivery Service","NULL","0","0"
"FARGO FREIGHTLINER","7012939133","3440 36TH ST S","FARGO","22200000","RON RISTVEDT","Chief Executive Office","M","7655","F","Fargo Freightliner","Ron@fargofreightliner.com","3440 36th St S","Fargo","ND","58104","7012930325","7012939133","551105","Truck-Dealers","NULL","0","2"
"West Acres All Stop Repair Ctr","7012324482","3441 13th Ave S","Fargo","13920000","Clem Dauk","Owner","Mal","7726","W","West Acres All Stop Repair Ctr","Dauk_Clem@allstop.com","3441 13th Ave S","Fargo","ND","58103","7012711120","7012324482","554101","Service Stations-Gasoline & Oil","NULL","0","0"
"Cass County Electric Co-Op","7013564400","491 Elm St","Kindred","13575000","Claire Vigesaa","Manager","Fem","8509","C","Cass County Electric Co-Op","tsanden@kwh.com","491 Elm","KINDRED","ND","58051","7012774440","7012776082","173101","Electric Contractors","IDEAONE.COM","0","2"
"CROWN TROPHY","7013658330","26 UNIVERSITY DR N","FARGO","14200000","JEFF FOWLER","Owner","M","8798","C","Crown Trophy","Fowler-Jeff@crowntrophy.com","26 University Dr N","Fargo","ND","58102","NULL","7013658330","599909","Trophies Awards & Medals","NULL","0","0"
"SOUTHEASTERN NORTH DAKOTA","7012322452","3233 UNIVERSITY DR S","FARGO","10500000","JAMES KAPPEL","Executive Director","M","8876","S","Southeastern North Dakota","sendcaa.wahpeton@702com.net","3233 University Dr S","Fargo","ND","58104","7012983115","7012983115","832218","Social Service & Welfare Organizations","www.sendcaa.org","0","1"
"Kaye's Printing","7014762000","503 Broadway N","Fargo","17160000","Randy Freed","Manager","Mal","9508","K","Kaye's Printing","jmoses@forumprinting.com","503 Broadway N","Fargo","ND","58102","7014762180","7014762000","275998","Commercial Printing Nec","www.kayesprinting.com","0","0"
"Agriliance LLC","7018398905","505 55th St SE","Minot","12012000","Craig Ellsworth","Manager","Mal","9775","A","Agriliance LLC","adegnan@mbrservices.com","505 55th St SE","Minot","ND","58701","8063722344","7018398905","516916","Chemicals (Wholesale)","www.chsinc.com","0","0"
"Manning Mechanical","7012939774","2012 Great Northern Dr N","Fargo","15980000","David M Skarphol","President","Mal","10939","M","Manning Mechanical","dskarphol@manningmechanical.com","2012 Great Northern Dr N","Fargo","ND","58102","7012936863","7012939774","171117","Air Conditioning Contractors & Systems","NULL","0","0"
"Albertsons","7012278300","363 15th St W","Dickinson","19760000","Steve Ludwig","Manager","Mal","10967","A","Albertsons","absfeedback@eds.com","363 15th St W","Dickinson","ND","58601","6618362141","7012278300","541105","Grocers-Retail","www.albertsons.com","0","0"
"Fargo Harley-Davidson","7012771000","600 Main Ave W","West Fargo","14520000","Del Hofer","Manager","Mal","11084","F","Fargo Harley-Davidson","service2@fargohd.com","600 Main Ave W","West Fargo","ND","58078","7012771000","7012771000","557106","Motorcycles & Motor Scooters-Dealers","www.fargohd.com","0","0"
"Tractor & Equipment Co","7015728377","14078 W Front St","Williston","14652000","Scott Anderson","Manager","Mal","11184","T","Tractor & Equipment Co","cross@tractorandequipment.com","14078 W Front St","Williston","ND","58801","5094575107","7015728377","508206","Contractors-Equip/Supls-Dlrs/Svc (Whol)","www.ncmachinery.com","0","0"
"NORTH DAKOTA MILL & ELEVATOR","7017957000","1823 MILL RD","GRAND FORKS","11000000","VANCE TAYLOR","President","M","11451","N","North Dakota Mill & Elevator","edward.barchenger@ndmill.com","1823 Mill Rd","Grand Forks","ND","58203","7019656250","701-795-7252","2041","Flour and Other Grain Mill Products","NULL","0","0"
"West Acres Security","7012822228","3902 13th Ave S","Fargo","16350000","Rusty Pachek","Manager","Mal","11757","W","West Acres Security","jimross@westacres.com","3902 13th Ave S","Fargo","ND","58103","7012822229","7012822228","651201","Shopping Centers & Malls","www.westacres.com","0","0"
"RED RIVER COMMODITIES INC","7012822600","501 42ND ST N","FARGO","10800000","ROBERT A MAJKRZAK","President","M","12598","R","Red River Commodities Inc","webinfo@redriv.com","501 42nd St N","Fargo","ND","58102","7012825325","7012822600","206401","Candy & Confectionery-Manufacturers","www.redriv.com","0","0"
"Microsoft Business Solutions","7012816500","1 Lone Tree Rd S","Fargo","19485000","Douglas J Burgum","CEO","Mal","13536","M","Microsoft Business Solutions","D.Burgum@microsoft.com","1 Lone Tree Rd S","Fargo","ND","58104","7012816868","7012816500","384104","Physicians & Surgeons Equip & Supls-Mfrs","NULL","0","0"
"LADUCER & ASSOC INC","7016671980","201 MISSOURI DR","MANDAN","14500000","JAMES K LADUCER","Chief Executive Office","M","13714","L","Laducer Associates;  Inc.","laducer@pop.bsmr.uswest.net","201 Missouri Drive","MANDAN","ND","58554","7016671980","7016672970","8999","Services NEC","laducer.com","0","0"
"Applied Products-Retrax","7017465596","917 S 46th St","Grand Forks","19200000","Tim Mulvaney","Manager","Mal","14189","A","Applied Products-Retrax","retrax@rolltopcover.com","917 S 46th St","Grand Forks","ND","58201","7017465598","7017465596","556106","Truck Canopies, Caps & Shells","Caps & Shells","0","0"
"Moore Engineering Inc","7012824692","1042 14th Ave E # 101","West Fargo","14490000","Roger Fenstad","President","Mal","14218","M","Moore Engineering Inc","ngludt@mooreengineeringinc.com","1042 14th Ave E # 101","West Fargo","ND","58078","7012824530","7012824692","871110","Engineers-Civil","www.mooreengineeringinc.com","0","0"
"Kmart","7012271861","1761 3rd Ave W","Dickinson","11340000","Nathan Showalter","Manager","Mal","14394","K","Kmart","help@customerservice.kmart.com","1761 3rd Ave W","Dickinson","ND","58601","7323709135","7012271861","531102","Department Stores","www.kmart.com","0","1"
"DAN PORTER MOTORS","7012271272","2391 I94 BUSINESS LOOP E","DICKINSON","12100000","DAN PORTER","Owner","M","14703","D","Dan Porter Motors","dpmotors@dpmotors.com","2391 I94 Business Loop East","Dickinson","ND","58601","7012271272","7012250515","559999","Ret Misc Vehicles Repair Services Plumbing/heating/air","toyotadealer.com/porter","0","0"
"INTERIORS BY FRANCE","7012238818","322 N 26TH ST","BISMARCK","14600000","HOLLY MORRELL","Chief Executive Office","F","15053","I","Interiors By France","H_M@interiorsbyfrance.com","322 N 26th St","Bismarck","ND","58501","7012586215","7012238818","738902","Interior Decorators Design & Consultants","NULL","0","0"
"DYNAMICS MARKETING INC","7012519120","300 2ND AVE NE STE 130","JAMESTOWN","12500000","LUCINDA DECOTEAU","Manager","F","15626","D","Dynamics Marketing Inc","wserr@dynamicsmarketinginc.com","300 2nd Ave NE # 130","Jamestown","ND","58401","7012519114","7012519120","874214","Marketing Consultants","www.dynamicsmarketinginc.com","0","0"
"Krause Brothers Concrete","7016424290","520 1/2 Dakota Ave","Wahpeton","10320000","Bruce Krause","Owner","Mal","15656","K","Krause Brothers Concrete","Bruce@krausebros.com","520 1/2 Dakota Ave","Wahpeton","ND","58075","7016425526","7016424290","521128","Concrete-Ready Mixed","NULL","0","0"
"HOVERSON FARMS","7013436224","1895 37TH ST NE","LARIMORE","17900000","CARL HOVERSON","Chief Executive Office","M","15703","H","Hoverson Farms","lpietron@hoversonfarms.com","1895 37th St NE","Larimore","ND","58251","7013432265","7013436224","514802","Potatoes-Wholesale","www.hoversonfarms.com","0","0"
"VALLEY DAIRY","7017468371","1149 36TH AVE S STE C","GRAND FORKS","17500000","MONICA MUSICH","President","F","15732","V","Valley Dairy","MMusich@valleydairy.com","1149 36th Ave S # C","Grand Forks","ND","58201","7017809286","7017468371","541103","Convenience Stores","NULL","0","0"
"SPIRIT LAKE CASINO & RESORT","7017664747","7889 HIGHWAY 57","SAINT MICHAEL","19400000","MARY NICHOLSON","President","F","15874","S","Spirit Lake Casino & Resort","chalgren@spiritlakecasino.com","7889 Highway 57","St Michael","ND","58370","7017661509","7017664747","799302","Casinos","www.spiritlakecasino.com","0","0"
"Business Information Systems","7012241193","929 E Interstate Ave","Bismarck","10100000","Bill Sorensen","Owner","Mal","15878","B","Business Information Systems","psorensen@teambisi.com","929 E Interstate Ave","Bismarck","ND","58503","7012249621","7012241193","506563","Telecommunication Equip/Syst-Whol/Mfrs","www.teambisi.com","0","0"
"Killdeer Mountain Mfg","7017645651","233 Rodeo Dr","Killdeer","22400000","Don Hedger","President","Mal","15962","K","Killdeer Mountain Mfg","janh@kmmnet.com","233 Rodeo Dr","Killdeer","ND","58640","7017645427","7017645651","367901","Electronic Equipment & Supplies-Mfrs","www.kmmnet.com","0","0"
"DSI Automotive Products","7012828451","1650 Main Ave E # 2","West Fargo","13440000","Mike Thorstad","Owner","Mal","16015","D","DSI Automotive Products","Mike@zagroup.com","1650 Main Ave E # 2","West Fargo","ND","58078","7012829486","7012828451","501373","Truck Accessories (Wholesale)","NULL","0","0"
"NOVA FIRE PROTECTION LLC","7012820268","304 41ST ST SW","FARGO","11200000","LEE SHATTUCK","Manager","M","16173","N","Nova Fire Protection LLC","nova@novafire.com","304 41st St SW","Fargo","ND","58103","7012820268","7012820702","356913","Sprinklers-Automatic-Fire-Manufacturers","www.novafire.com","0","0"
"O K TIRE STORE","7012376525","2224 MAIN AVE","FARGO","10800000","JAMES OHNSTAD","President","M","16227","O","O K Tire Store","James@oktirestore.net","2224 Main Ave","Fargo","ND","58103","7012373974","7012376525","553123","Tire-Dealers-Retail","NULL","0","0"
"HOGENSON CONSTRUCTION INC","7012811742","206 12TH AVE NE","WEST FARGO","21000000","DUNNLEY MATTKE","President","M","16398","H","Hogenson Construction Inc","dmattke@hogenson.net","206 12th Ave NE","West Fargo","ND","58078","7012811700","7012811742","508314","Grain Elevators-Equip & Supplies (Whol)","www.hogenson.net","0","0"
"Gerlach Enterprises","7012812595","4141 38th St S","Fargo","19190000","","","","16526","G","Gerlach Enterprises","tiff@gchgi.com","4141 38th Street SW","FARGO","ND","58104","7012812595","7012812580","8999","Services NEC","GCHGI.COM","0","0"
"Modern Machine Electric","7015727741","2503 4th Ave W","Williston","11445000","Claudie Johnson","Owner","Fem","16586","M","Modern Machine Electric","Claudie@modernmachineworks.com","2503 4th Ave W","Williston","ND","58801","7015720423","7015725521","506333","Electric Motors-Dlrs/Repairing (Whol)","NULL","0","0"
"Capital Rv Ctr-Bismarck","7012557878","1900 N Bismarck Expy","Bismarck","15000000","Bruce Bentz","Owner","Mal","16791","C","Capital Rv Ctr-Bismarck","finance@capitalrv.com","1900 N Bismarck Expy","Bismarck","ND","58501","7012551678","7012557878","556110","Campers & Pick-Up Coaches-Dealers","www.capitalrvcenter.com","0","0"
"Wiest Truckline Inc","7012526451","8060 36th St SE","Jamestown","12080000","Jon P Wiest","President","Mal","16849","W","Wiest Truckline Inc","danpeterson@wiesttruckline.com","8060 36th St SE","Jamestown","ND","58401","7012521553","7012526451","421309","Trucking-Motor Freight","www.wiesttruckline.com","0","0"
"Midnite Express Inc Logistics","7012818823","448 7th St NW","West Fargo","14194000","Lee Skistad","President","Mal","16910","M","Midnite Express Inc Logistics","russ.forsman@mmeinc.com","448 7th St NW","West Fargo","ND","58078","7012820496","7012818823","421309","Trucking-Motor Freight","www.midnitexpress.com","0","0"
"COLE PAPERS","7012825311","1300 38TH ST N","FARGO","11000000","CHUCK PERKINS","President","M","17081","C","Cole Papers","atennison@colepapers.com","1300 38th St N","Fargo","ND","58102","7635447431","7012825311","511101","Paper Products (Wholesale)","www.colepapers.com","0","0"
"HOME INSTEAD SENIOR CARE","7014781010","320 5TH ST N STE 202","FARGO","12600000","ARLETTE PRESTON","Owner","F","17133","H","Home Instead Senior Care","kmckay@homeinstead.com","300 Np Ave N # 203","Fargo","ND","58102","3166128639","7014781010","808201","Home Health Service","www.homeinstead.com","0","0"
"WDAZ TV","7017752511","2220 S WASHINGTON ST","GRAND FORKS","15600000","ROBERT KERR","Manager","M","17519","W","WDAZ TV","sports@wdaz.com","2220 S Washington St","Grand Forks","ND","58201","7017468565","7017752511","731305","Advertising-Television","www.wdaz.com","0","0"
"Holland Enterprises","7012802634","2727 1st Ave N","Fargo","19630000","Dennis Holland","Owner","Mal","17573","H","Holland Enterprises","bradschemel@charter.net","2727 1st Ave N","Fargo","ND","58102","7012801804","7012802634","421309","Trucking-Motor Freight","www.hollandent.com","0","0"
"Capital Electric Cooperative","7012231513","4111 State St","Bismarck","19712000","Ordean Nygren","Manager","Mal","17632","C","Capital Electric Cooperative","css@capitalelec.com","4111 State St","Bismarck","ND","58503","7012231557","7012231513","491101","Electric Companies","www.capitalelec.com","0","0"
"Dan's Super Market","7012258173","302 1st St E","Dickinson","11115000","Jerry Binstock","Manager","Mal","17678","D","Dan's Super Market","dbosch@dansupermarket.com","302 1st St E","Dickinson","ND","58601","7012258174","7012258174","541105","Grocers","www.danssupermarket.com","0","0"
"Bergstrom Electric Inc","7017758897","3100 N Washington St","Grand Forks","13200000","Tim Bergstrom","Owner","Mal","17798","B","Bergstrom Electric Inc","bei@bergstromelectric.com","3100 N Washington St","Grand Forks","ND","58203","7017758897","7017724951","173101","Electric Contractors","www.bergstromelectric.com","0","2"
"LIBERTY TAX SVC","7018521040","404 20TH AVE SW","MINOT","17500000","DAVID LAKEFIELD","Manager","M","17838","L","Liberty Tax Svc","LakefieldDavid@libertytax.com","500 20th Ave SW","Minot","ND","58701","7018581820","7018528108","729101","Tax Return Preparation & Filing","NULL","0","0"
"Industrial Enterprises Inc","7012581652","120 W Sweet Ave","Bismarck","10560000","Dennis Parr","Owner","Mal","17852","I","Industrial Enterprises Inc","harvey.buhr@jmrindustrial.com","120 W Sweet Ave","Bismarck","ND","58504","NULL","7012581652","154210","Buildings-Metal","NULL","0","0"
"Midland Hospital Supply Inc","7012354451","2011 Great Northern Dr N","Fargo","10800000","Richard Larson","President","Mal","17992","M","Midland Hospital Supply Inc","aolson@midlandhs.com","2011 Great Northern Dr N","Fargo","ND","58102","7012357920","7012354451","504712","Hospital Equipment & Supplies (Whol)","www.midlandhs.com","0","0"
"D & M Industries","7012802050","2401 3rd Ave N","Fargo","14190000","Tom Boyle","Manager","Mal","17993","D","D & M Industries","darink@dmidoors.com","2401 3rd Ave N","Fargo","ND","58102","7012802065","7012802050","521102","Door & Gate Operating Devices","www.weselldoors.com","0","0"
