mail id,company,email,address,phone,fax,sic,sic description,web,,revenue id,company,address,city,state,zip,	metro,web,phone,fax,contact,position,gender,sales,# of employee,sic,sic_descrpiton,	,,
"46111","Naylor Motor Sales","abutler@naylormotors.com","2060 West Stadium Blvd","7346623175","7349300385","861103","Sales Organizations","info@naylormotors.com"," Email <---> Revenue ","235271","NAYLOR MOTOR SALES","2060 W STADIUM BLVD","ANN ARBOR","MI","48103","Washtenaw","","7346623175","7346623127","PHIL NAYLOR","Owner","M","28300000","70","551100","New & Used C","5","0","1"
"149096","Agape Plastics","AltCindi@agapeplastics.com","11474 1st Ave NW","6167354392","6167354091","308901","Mold Makers","NULL"," Email <---> Revenue ","378626","Agape Plastics","11474 1st Ave NW","Grand Rapids","MI","49544","Kent","www.agapeplastics.com","6167354091","6167354392","Cindi Alt","Owner","Fem","27880000","170","308901","Plastics-Mol","5","0","1"
"250268","Northland Area Federal CU","amp@cu-village.com","201 M 55","2699663820","9893628651","606102","Federally Chartered Credit Unions","www.postmetrocu.com"," Email <---> Revenue ","702269","Northland Area Federal CU","201 M 55","Tawas City","MI","48763","Iosco","www.northlandcu.com","9893628651","","Terrence Bigda","CEO","Mal","32232000","13","606102","Federally Ch","5","0","1"
"138214","Ludlow Coated Products","amy.stamats@covcorp.com","700 Centerville St","3189279520","2694352425","509312","Recycling Centers (Wholesale)","www.ludlowcp.com"," Email <---> Revenue ","648681","Ludlow Coated Products","700 Centerville St","Constantine","MI","49042","St Joseph","www.ludlowcp.com","2694352425","2694357510","Tracey Feller","Purchasing Agent","Fem","43900000","100","509312","Recycling Ce","5","0","1"
"35147","We Market Success Inc","andersonk@wemarketsuccess.com","255 Colrain St SW","6162412419","6162413476","514102","Food Brokers","www.wemarketsuccess.com"," Email <---> Revenue ","853929","We Market Success Inc","255 Colrain St SW","Grand Rapids","MI","49548","Kent","www.wemarketsuccess.com","6162413476","6162412419","Jay Fox","Owner","Mal","34110000","30","514102","Food Brokers","5","0","1"
"244530","Comfort Controljohn Stone Supp","andy@johnstone-westmichigan.com","1840 Industrial Blvd","2317771730","2317772727","507510","Heating Equipment & Systems (Wholesale)","www.johnstone-westmichigan.com"," Email <---> Revenue ","465348","Comfort Controljohn Stone Supp","1840 Industrial Blvd","Muskegon","MI","49442","Muskegon","www.johnstone-westmichigan.com","2317772727","2317771730","Cal Garbrecht","President","Mal","30600000","60","507510","Heating Equi","5","0","1"
"69141","Wilson Group","ARuggriello@wilsongroup.com","24565 Hallwood Ct","2484787729","2484787700","737801","Computers-Service & Repair","NULL"," Email <---> Revenue ","861980","Wilson Group","24565 Hallwood Ct","Farmington Hills","MI","48335","Oakland","www.wilsonservice.com","2484787700","2484787729","Al Ruggriello","President","Mal","35860000","220","737801","Computers-Se","5","0","1"
"145917","Total Innovative Mfg","Assink-Ken@total-innovative.com","12688 New Holland St","6167388290","6167388299","509908","Manufacturers-Agents & Representatives","NULL"," Email <---> Revenue ","826845","Total Innovative Mfg","12688 New Holland St","Holland","MI","49424","Ottawa","www.total-innovative.com","6167388299","6167388290","Ken Assink","Owner","Mal","35872000","38","509908","Manufacturer","5","0","1"
"240662","Durakon Industries Inc","bill.wade@durakon.com","2101 N Lapeer Rd # 1","8106677733","8106640851","371410","Truck Equipment & Parts-Manufacturers","NULL"," Email <---> Revenue ","103282","DURAKON INDUSTRIES INC","2101 N LAPEER RD","LAPEER","MI","48446","Lapeer","","8106640850","8106677733","EDWARD GNIEWEK","Chief Executive Office","M","41600000","1981","308900","Plastic Pdts","5","0","1"
"233751","Parish Publishing Solutions","Bill@parishnow.com","6503 19 1/2 Mile Rd","2485851252","5869974241","274105","Publishers","NULL"," Email <---> Revenue ","716382","Parish Publishing Solutions","6503 19 1/2 Mile Rd","Sterling Heights","MI","48314","Macomb","www.parishpublications.com","5869974241","2485851252","Bill Douglas","President","Mal","27400000","100","274105","Publishers","5","0","1"
"53346","Continental","BillK@contiteves.com","1 Continental Dr","2483935301","2483935300","301101","Tire-Manufacturers","NULL"," Email <---> Revenue ","77807","CONTINENTAL","1 CONTINENTAL DR","AUBURN HILLS","MI","48326","Oakland","","2483935300","2483935301","BILL KOZYRA","President","M","39000000","600","301100","Tires & Inne","5","0","1"
"240841","Somanetics Corp","bjbarrett@somanetics.com","1653 E Maple Rd","2486894272","2486893050","384104","Physicians & Surgeons Equip & Supls-Mfrs","NULL"," Email <---> Revenue ","303368","SOMANETICS CORP","1653 E MAPLE RD","TROY","MI","48083","Oakland","","2486893050","2486894272","BRUCE J BARRETT","Chief Executive Office","M","28700000","84","382600","Analytical I","5","0","1"
"70475","Town & Country Cedar Homes Hll","Bob-Kinney@michiganwhitecedar.com","4740 Skop Rd","2313477255","2313485605","503109","Lumber-Wholesale","NULL"," Email <---> Revenue ","827436","Town & Country Cedar Homes Hll","4740 Skop Rd","Boyne Falls","MI","49713","Charlevoix","www.michiganwhitecedar.com","2313485605","2313477255","Bob Kinney","Owner","Mal","35300000","50","503109","Lumber-Whole","5","0","1"
"224698","One Stop","BobP@onestopinc.com","2686 Northridge Dr NW","6167841814","6167845400","569917","T-Shirts-Retail","NULL"," Email <---> Revenue ","709105","One Stop","2686 Northridge Dr NW","Grand Rapids","MI","49544","Kent","www.onestopinc.com","6167845400","6167841814","Bob Palmatter","Owner","Mal","25300000","100","569917","T-Shirts-Ret","5","0","1"
"177024","Creative Advertising & Promotions Corp","brianl@fitnessusa.com","7091 Orchard Lake Rd #300","2487377200","null","731999","Advertising Nec","CREATIVEADVPROMO.COM"," Email <---> Revenue ","168168","J & S II","7091 ORCHARD LAKE RD STE 300","W BLOOMFIELD","MI","48322","Oakland","","2487377200","2489323300","JODI BERRY","Chief Executive Office","F","42000000","845","799100","Physical Fit","5","0","1"
"210268","Bordine Nursery","Bruce.Bordine@bordines.com","1835 S Rochester Rd","2486519009","2486519000","526108","Nurserymen","NULL"," Email <---> Revenue ","45140","BORDINE NURSERY","1835 S ROCHESTER RD","ROCHESTER HILLS","MI","48307","Oakland","","2486519000","2486519009","BRUCE BORDINE","President","M","43800000","250","526103","Retail Nurse","5","0","1"
"179980","Terumo Cardiovascular Systems Corp.","bschmid@terumo-cvs.com","6200 Jackson Road","7346634145","null","8999","Services NEC","SARNS.COM^^TERUMO-CARDIOVASCULAR.COM^^TERUMO-CVS.COM^^TERUMO-US.COM"," Email <---> Revenue ","325194","TERUMO CARDIOVASCULAR SYSTEMS","6200 JACKSON RD","ANN ARBOR","MI","48103","Washtenaw","","7346634145","7347416079","MARK SUTTER","President","M","39000000","1542","384100","Surgical,Med","5","0","1"
"156125","Tri County Petroleum","C.Oke@tri-countypetroleum.com","3525 Rochester Rd","NULL","2486800303","517206","Oils-Fuel (Wholesale)","NULL"," Email <---> Revenue ","830347","Tri County Petroleum","2359 Livernois Rd # 200","Troy","MI","48083","Oakland","","2486800303","","Charles Oke","Owner","Mal","25000000","6","517206","Oils-Fuel (W","5","0","1"
"161356","Campbell Ford Lincoln Merc Inc","campbell53@sbinet.com","2801 S 11th St","2696870131","2696848300","551103","Automobile Dealers-Used Cars","www.campbellfordl-m.com"," Email <---> Revenue ","440205","Campbell Ford Lincoln Merc Inc","2801 S 11th St","Niles","MI","49120","Berrien","www.campbellfordl-m.com","2696848300","2696870131","Ian D Campbell Jr","Owner","Mal","30409000","47","551103","Automobile D","5","1","1"
"243157","Imperial Graphics Inc","carl.schmidt@imperial-graphics.com","3100 Walkent Dr NW","6167848256","6167840100","276103","Business Forms & Systems-Manufacturers","NULL"," Email <---> Revenue ","588878","Imperial Graphics Inc","3100 Walkent Dr NW","Grand Rapids","MI","49544","Kent","www.imperialmarketplace.com","6167840100","6167848256","Matthew R Bissell","CEO","Mal","41990000","170","276103","Business For","5","0","1"
"99625","Pro Co Sound","Charles@procosound.com","131 E Kalamazoo Ave","2693889681","2693882165","573105","Stereophonic & High Fidelity Equip-Dlrs","NULL"," Email <---> Revenue ","735717","Pro Co Sound","131 E Kalamazoo Ave","Kalamazoo","MI","49007","Kalamazoo","","2693882165","2693889681","Charles Wicks","Owner","Mal","31460000","130","573105","Stereophonic","5","0","1"
"188221","Fire Control","Chuck_Hall@fire-control.com","46420 Continental Dr","5869492231","5869492222","506308","Fire Alarm Systems (Wholesale)","NULL"," Email <---> Revenue ","530652","Fire Control","46420 Continental Dr","Chesterfield","MI","48047","Macomb","www.fire-control.com","5869492222","5869492231","Chuck Hall","President","Mal","26320000","40","506308","Fire Alarm S","5","0","1"
"189262","Comtronics","CJohn@radioshop.com","1 Comtronics Pl","5177872999","5177872900","506324","Burglar Alarm Systems (Wholesale)","NULL"," Email <---> Revenue ","468191","Comtronics","1 Comtronics Pl","Jackson","MI","49203","Jackson","","5177872900","5177872999","John Compau","CEO","Mal","46060000","70","506324","Burglar Alar","5","0","1"
"229737","Owens-Illinois Glass Container","closures@o-i.com","500 Packard Hwy","5404342873","5175431400","322198","Glass Containers (Manufacturers)","www.o-i.com"," Email <---> Revenue ","712432","Owens-Illinois Glass Container","500 Packard Hwy","Charlotte","MI","48813","Eaton","www.o-i.com","5175431400","5175432793","Cam Heasley","Plant Mgr","Mal","42570000","165","322198","Glass Contai","5","0","1"
"113658","Wolverine World Wide Inc","communications@wwwinc.com","1005 Baldwin St","2317965100","2317965828","314998","Footwear Except Rubber Nec (Mfrs)","www.wolverineworldwide.com"," Email <---> Revenue ","864181","Wolverine World Wide Inc","1005 Baldwin St","Big Rapids","MI","49307","Mecosta","www.wolverineworldwide.com","2317965828","2317965100","Bill Mc Laughlin","Plant Mgr","Mal","37800000","450","314998","Footwear Exc","5","0","1"
"87365","Dee Cramer Heating & Cooling","Cramer@deecramer.com","4221 Baldwin Rd","8105792664","8102382664","507510","Heating Equipment & Systems (Wholesale)","NULL"," Email <---> Revenue ","491394","Dee Cramer Heating & Cooling","4221 Baldwin Rd","Holly","MI","48442","Oakland","www.deecramer.com","8102382664","8105792664","Matthew Cramer","Owner","Mal","25500000","50","507510","Heating Equi","5","0","1"
"118136","Trans-Industries Inc","dales.coenen@transindustries.com","1780 Opdyke Ct","2488521211","2483640400","399398","Signs & Advertising Specialties (Mfrs)","NULL"," Email <---> Revenue ","828665","Trans-Industries Inc","1780 Opdyke Ct","Auburn Hills","MI","48326","Oakland","www.transindustries.com","2483640400","2488521211","Dale S Coenen","CEO","Mal","27760000","200","399398","Signs & Adve","5","0","1"
"8372","Martinez & Assoc","Dan@martinezandassoc.cnchost.com","161 E Huron Ave","9898237056","9898230411","628205","Financial Planning Consultants","NULL"," Email <---> Revenue ","661555","Martinez & Assoc","161 E Huron Ave","Vassar","MI","48768","Tuscola","","9898230411","9898237056","Dan Martinez","Owner","Mal","41500000","100","628205","Financial Pl","5","0","1"
"160487","Rocky Mountain Chocolate","Dan@rmcfbreck.com","2121 Celebration Dr NE","NULL","6163619323","544101","Candy & Confectionery-Retail","NULL"," Email <---> Revenue ","283817","ROCKY MOUNTAIN CHOCOLATE","2121 CELEBRATION DR NE","GRAND RAPIDS","MI","49525","Kent","","6163619323","","DAN HERMEN","Owner","M","28000000","1986","544100","Candy, Nut, ","5","0","1"
"247389","Transport Service Co","deborah.meilner@transportserviceco.com","1901 Salzburg St","8654582088","9894962229","421306","Trucking-Liquid & Dry Bulk","www.transportserviceco.com"," Email <---> Revenue ","332128","TRANSPORT SERVICE CO","1901 SALZBURG ST","MIDLAND","MI","48640","Midland","","9894962229","9894969381","KEN SANDERSON","Manager","M","27300000","729","421300","Trucking","5","0","1"
"250787","Great North Foods","dianeg@greatnorthfoods.com","170 N Industrial Hwy","9893562510","9893562281","514105","Grocers-Wholesale","www.greatnorthfoods.com"," Email <---> Revenue ","560359","Great North Foods","170 N Industrial Hwy","Alpena","MI","49707","Alpena","www.greatnorthfoods.com","9893562281","9893562510","Ron Baxter","VP","Mal","34100000","120","514105","Grocers-Whol","5","0","1"
"238416","PMA Consultants","digitaljobsite@pmaconsultants.com","26555 Evergreen Rd # 1115","2483510705","2483510700","871111","Engineers-Consulting","www.pmaconsultants.com"," Email <---> Revenue ","713808","PMA Consultants","26555 Evergreen Rd # 1115","Southfield","MI","48076","Oakland","www.pmaconsultants.com","2483510700","2483510705","Jennie Dalton","Administrator","Fem","29388000","186","871111","Engineers-Co","5","0","1"
"157769","Gage Products Hotline","Dixon@gageproducts.com","821 Wanda St","2485410643","2485411390","289905","Chemicals-Manufacturers","NULL"," Email <---> Revenue ","544355","Gage Products Hotline","821 Wanda St","Ferndale","MI","48220","Oakland","www.gageproducts.com","2485411390","2485410643","Donald Dixon","President","Mal","36600000","100","289905","Chemicals-Ma","5","0","1"
"142729","Dick Blick Art Materials","donf@bfoam.com","14339 Michigan Avenue","3135817063","null","841210","Art","dickblick.com/"," Email <---> Revenue ","96431","DICK BLICK ART MATERIALS","14339 MICHIGAN AVE","DEARBORN","MI","48126","Wayne","","3135817063","","PAUL FLOWERS","Manager","M","40200000","789","594501","Hobby,Craft ","5","0","1"
"111986","IRON COUNTY MEDICAL CARE FACILITY","firefly@portup.com","1523 W. US-2","9068756671","9068756573","1099","Metal ores","IRONCOUNTYMCF.COM;IRONCOUNTYMUSEUM.COM"," Email <---> Revenue ","166701","IRON COUNTY MEDICAL CARE FCLTY","1523 US HIGHWAY 2","CRYSTAL FALLS","MI","49920","Iron","","9068756671","9068756573","CHESTER PINTARELLI","Administrator","M","32100000","300","839900","Social Servi","5","0","1"
"207704","Hoffmann Die Cast","Frank-Hoffman@hoffmanndc.com","229 Kerth St","2699832928","2699831102","505123","Die Castings (Wholesale)","NULL"," Email <---> Revenue ","155406","HOFFMANN DIE CAST","229 KERTH ST","SAINT JOSEPH","MI","49085","Berrien","","2699831102","2699832928","MIKE OROS","Owner","M","40500000","180","505102","Iron,Steel,F","5","0","1"
"97022","FEV Engine Technology Inc","gary.rogers@fev.com","4554 Glenmeade Ln","2483738084","2483736000","874819","Automation Consultants","NULL"," Email <---> Revenue ","119426","FEV ENGINE TECHNOLOGY INC","4554 GLENMEADE LN","AUBURN HILLS","MI","48326","Oakland","","2483736000","2483738084","GARY W ROGERS","Chief Executive Office","M","40500000","180","874800","Bus Consulti","5","0","1"
"160843","Radar Industries Inc","gcelstine@radarindustries.com","27101 Groesbeck Hwy","5867586445","5867790300","346598","Automotive Stampings (Manufacturers)","NULL"," Email <---> Revenue ","744891","Radar Industries Inc","27101 Groesbeck Hwy","Warren","MI","48089","Macomb","www.radarindustries.com","5867790300","5867586445","Mark Zmyslowski","Marketing Exec","Mal","30000000","160","346598","Automotive S","5","0","1"
"193616","NACHI MACHINING","gerald.ross@sedona.net","17500 23 MILE RD","9419573082","941-957-3080","8731","Commercial Physical and Biological Research","NULL"," Email <---> Revenue ","691308","Nachi Machining","17500 23 Mile Rd","Macomb","MI","48044","Macomb","www.broaches.com","5862638347","5862634571","Frances J Wisner","CEO","Mal","29643000","241","359903","Machine Shop","5","0","1"
"207591","Rocket Sports Racing","GP@rocketsportsracing.com","3400 West Rd","5173772800","5173372600","552103","Automobile Dealers Performance & Race","NULL"," Email <---> Revenue ","761547","Rocket Sports Racing","3400 West Rd","East Lansing","MI","48823","Ingham","www.rocketsportsracing.com","5173372600","5173772800","Paul Gentilozzi","Owner","Mal","36600000","75","552103","Automobile D","5","0","1"
"202880","Pet Supplies Plus","Grinenko@petssuppliesplus.com","1715 W Michigan Ave","5177870360","5177870090","599929","Pet Supplies & Foods-Retail","NULL"," Email <---> Revenue ","257268","PET SUPPLIES PLUS","1094 N WISNER ST","JACKSON","MI","49202","Jackson","","5177870090","5177870360","PATRICK GRINENKO","Owner","M","28200000","3248","599911","Pets,Pet Sup","5","0","1"
"208310","Four Star Greenhouse","gstrimpel@pwfourstar.com","1015 Indian Trail Rd","7346542795","7346546420","018101","Greenhouses","www.fourstargh.com"," Email <---> Revenue ","537705","Four Star Greenhouse","1015 Indian Trail Rd","Carleton","MI","48117","Monroe","www.fourstargh.com","7346546420","7346542795","Tom Smith","Owner","Mal","33480000","180","18101","Greenhouses","5","0","1"
"144896","Great Lakes Power Products","J.Haener@greatlakespower.com","2006 Tobsal Ct","5867590879","5867595500","508457","Trucks-Industrial (Wholesale)","NULL"," Email <---> Revenue ","559889","Great Lakes Power Products","2006 Tobsal Ct","Warren","MI","48091","Macomb","www.greatlakespower.com","5867595500","5867590879","John Haener","President","Mal","32640000","60","508457","Trucks-Indus","5","0","1"
"218541","Filtra Systems Co","Jack.Bratten@filtersystems.com","23900 Haggerty Rd","2484279895","2484279090","356904","Filters-Liquid (Manufacturers)","NULL"," Email <---> Revenue ","529911","Filtra Systems Co","23900 Haggerty Rd","Farmington Hills","MI","48335","Oakland","www.filtrasystems.com","2484279090","2484279895","Richard Lamey","Telecoms Exec","Mal","30000000","175","356904","Filters-Liqu","5","0","1"
"194439","Azon USA Inc","james.dunstan@azonusa.com","2204 Ravine Rd","2693855937","2693855942","282104","Polyurethane Products-Manufacturers","NULL"," Email <---> Revenue ","402870","Azon USA Inc","2204 Ravine Rd","Kalamazoo","MI","49004","Kalamazoo","www.azonintl.com","2693855942","2693855937","David Mills","CEO","Mal","48705000","51","282104","Polyurethane","5","0","1"
"242737","VPSI","JeffH@rideone.com","1220 Rankin Dr","2485973501","2485973500","411908","Car Pool Information Service","NULL"," Email <---> Revenue ","841640","VPSI","1220 Rankin Dr","Troy","MI","48083","Oakland","www.vanpoolusa.com","2485973500","2485973501","Jeff Henning","CEO","Mal","40300000","0","411908","Car Pool Inf","5","0","1"
"104678","BAE Industries Inc","jesse_lopez@baeind.com","24400 Sherwood","5867543007","5867543000","346598","Automotive Stampings (Manufacturers)","NULL"," Email <---> Revenue ","404528","BAE Industries Inc","24400 Sherwood","Center Line","MI","48015","Macomb","www.baeind.com","5867543000","5867543007","Jesse Lopez","Owner","Mal","28600000","200","346598","Automotive S","5","0","1"
"129258","Overland Custom Coach","Jim@overlandcustomcoach.com","6880 Maple Valley Rd","8103462024","8103463485","501207","Buses-Distributors","NULL"," Email <---> Revenue ","712261","Overland Custom Coach","6880 Maple Valley Rd","Brown City","MI","48416","Sanilac","","8103463485","8103462024","Jim Nolin","Owner","Mal","37000000","10","501207","Buses-Distri","5","0","1"
"153824","State Electronics Co","jmorgan@stateelect.com","342 Clare St","5174841066","5174845114","506504","Radio Communication Equip & Systems-Whol","NULL"," Email <---> Revenue ","800154","State Electronics Co","342 Clare St","Lansing","MI","48917","Ingham","www.stateelec.com","5174845114","5174841066","Dean Hull","Owner","Mal","30300000","30","506504","Radio Commun","5","0","1"
"178345","Soper Manufacturing Co","john.soper@hazmatmag.com","1099 Milton St","2699252002","2699255411","505123","Die Castings (Wholesale)","NULL"," Email <---> Revenue ","790558","Soper Manufacturing Co","1099 Milton St","Benton Harbor","MI","49022","Berrien","","2699255411","2699252002","John H Soper Iv","President","Mal","37692000","36","505123","Die Castings","5","0","1"
"197261","Morbark Inc","jolene.priest@morbark.com","8507 S Winn Rd","7607753110","9898662381","352304","Farm Equipment-Manufacturers","www.morbark.com"," Email <---> Revenue ","228757","MORBARK INC","PO BOX 1000","WINN","MI","48896","Isabella","","9898662381","9898662280","LON MOREY","Chief Executive Office","M","40400000","652","342500","Saw Blades,H","5","0","1"
"107459","James Cable Partners LP","kadams@netcommander.com","38710 Woodward Ave # 180","2486471321","2486471080","484101","Television-Cable & Catv","NULL"," Email <---> Revenue ","601444","James Cable Partners LP","38710 Woodward Ave # 180","Bloomfield Hills","MI","48304","Oakland","","2486471080","2486471321","Kate Adams","CEO","Fem","42312000","201","484101","Television-C","5","0","1"
"42928","Unisia North America","Kenichi@unisia-na.com","34500 Grand River Ave","2484822401","2486970000","509908","Manufacturers-Agents & Representatives","NULL"," Email <---> Revenue ","838261","Unisia North America","34500 Grand River Ave","Farmington Hills","MI","48335","Oakland","www.unisia-na.com","2486970000","2484822401","Kenichi Kusumi","President","Mal","26432000","28","509908","Manufacturer","5","0","1"
"148340","Pontiac Coil Inc","kwallace@pontiaccoil.com","5800 Moody Dr","2489221315","2489221100","769401","Coil Winding","NULL"," Email <---> Revenue ","262654","PONTIAC COIL INC","5800 MOODY DR","CLARKSTON","MI","48348","Oakland","","2489221100","2489221315","JOHN MOODY","President","M","32000000","200","769400","Armature Rew","5","0","1"
"7853","Kurdziel Industries Inc","lpickett@kurdziel.com","801 W Norton Ave # 300","2317396700","2317394349","332502","Foundries-Steel","NULL"," Email <---> Revenue ","627706","Kurdziel Industries Inc","801 W Norton Ave # 300","Muskegon","MI","49441","Muskegon","www.kurdziel.com","2317394349","2317396700","Don Huizenga","CEO","Mal","40000000","12","332502","Foundries-St","5","0","1"
"215070","Express-1","M.Welch@dasherexpress.com","PO Box 210","2696957458","2696957566","473104","Freight-Forwarding","NULL"," Email <---> Revenue ","114031","EXPRESS-1","441 POST RD","BUCHANAN","MI","49107","Berrien","","2696951458","","JEFF CURRY","Vice-President","M","42100000","129","738400","Photofinishi","5","0","1"
"176170","Unique Concepts","Marilyn@unique-concepts.com","23777 Southfield Rd","2483540412","2483549735","731101","Advertising-Agencies & Counselors","NULL"," Email <---> Revenue ","838078","Unique Concepts","23777 Southfield Rd","Southfield","MI","48075","Oakland","www.marsusa.com","2483549735","2483540412","Marilyn Barnett","President","Fem","44240000","280","731101","Advertising-","5","0","1"
"47838","Accurate Technologies Inc","mark.lauerman@accuratetechnologies.com","47199 Cartier Ct","2488489016","2488489200","506302","Power Transmission Equipment (Wholesale)","NULL"," Email <---> Revenue ","373482","Accurate Technologies Inc","47199 Cartier Ct","Wixom","MI","48393","Oakland","www.accuratetechnologies.com","2488489200","2488489016","Robert Kasprzyk","President","Mal","46060000","70","506302","Power Transm","5","0","1"
"107943","Trexel Inc","matt.pallaver@trexel.com","101 W Big Beaver Rd","NULL","2486871353","501313","Automobile Parts & Supplies-Wholesale","NULL"," Email <---> Revenue ","830124","Trexel Inc","101 W Big Beaver Rd","Troy","MI","48084","Oakland","","2486871353","","William Person","Owner","Mal","32256000","72","501313","Automobile P","5","0","1"
"241768","Motor City Stamping","mbarrett@mcstamp.com","47783 Gratiot Ave","5869492142","5869498421","346904","Metal Stamping (Manufacturers)","NULL"," Email <---> Revenue ","229662","MOTOR CITY STAMPING","47783 GRATIOT AVE","CHESTERFIELD","MI","48051","Macomb","","5869498420","5869492142","JUDY KUCWAY","President","F","27200000","400","346900","Metal Stampi","5","0","1"
"215000","M & S Mfg Co","mfg@m-smanufacturing.com","550 E Main St","5174482026","5174482026","345101","Screw Machine Products (Manufacturers)","www.m-smanufacturing.com"," Email <---> Revenue ","650343","M & S Mfg Co","550 E Main St","Hudson","MI","49247","Lenawee","www.m-smanufacturing.com","5174482026","5174487200","James D Sayre","President","Mal","27000000","200","345101","Screw Machin","5","0","1"
"229367","E.S.T. Homes","mike@showdownband.com","2622 Schippell","5176999400","5176999405","738999","Business Services Nec","ESTHOMES.COM"," Email <---> Revenue ","134692","GIRL SCOUTS","1974 CEDAR ST","HOLT","MI","48842","Ingham","","5176999400","5176999405","PAM SEIVERS","Executive Director","F","37500000","14335","832200","Social Servi","5","1","1"
"185025","Nation Wide Security","MontvilleJ@nationwidesecurity.com","23800 W 10 Mile Rd # 200","2488278710","2483550500","738102","Security Guard & Patrol Service","NULL"," Email <---> Revenue ","692477","Nation Wide Security","23800 W 10 Mile Rd # 200","Southfield","MI","48034","Oakland","","2483550500","2488278710","John Montville","Owner","Mal","34200000","35","738102","Security Gua","5","0","1"
"225144","Great Lakes Castings Corp","morticia@greatlakescastings.com","800 N Washington Ave","2318437501","2318432501","332201","Foundries-Malleable Iron","www.glccadv.com"," Email <---> Revenue ","559139","Great Lakes Castings Corp","800 N Washington Ave","Ludington","MI","49431","Mason","www.glccadv.com","2318432501","2318437501","Gerald Robertson","CEO","Mal","31000000","200","332201","Foundries-Ma","5","0","1"
"41439","Micro Heat Inc","myra.moreland@microheat.com","37525 Enterprise Ct","2484892400","2484892400","171129","Heating Systems-Cleaning & Repairing","www.microheat.com"," Email <---> Revenue ","222757","MICROHEAT","38755 HILLS TECH DR","FARMINGTON HILLS","MI","48331","Oakland","","2484892400","","GARY PILIDOSIAN","President","M","26300000","150","171100","Plbg, Htg, A","5","0","1"
"239900","De Grandchamp Farms","M_D@degrandchamps.com","76241 14th Ave","2696372531","2696373915","514804","Fruits & Vegetables-Brokers","NULL"," Email <---> Revenue ","91277","DE GRANDCHAMP FARMS","76241 14TH AVE","SOUTH HAVEN","MI","49090","Van Buren","","2696373915","2696372531","MIKE DEGRANDCHAMP","President","M","26900000","150","514800","Fresh Fruits","5","0","1"
"187406","ABC West Michigan","nseeley@auctionbroadcasting.com","4758 Division St","6168772040","6168772020","738901","Auctioneers","www.wmaa.net"," Email <---> Revenue ","370057","ABC West Michigan","4758 Division St","Wayland","MI","49348","Allegan","www.wmaa.net","6168772020","6168772040","Mark Hammonds","President","Mal","37600000","400","738901","Auctioneers","5","1","1"
"171923","Leelanau Sands Casino Mktg","Olson_Ron@casino2win.com","7741 M 72 E","2312714136","2312714104","799601","Amusement Places","NULL"," Email <---> Revenue ","638281","Leelanau Sands Casino Mktg","7741 M 72 E","Williamsburg","MI","49690","Grand Traverse","www.casino2win.com","2312714104","2312714136","Ron Olson","CEO","Mal","29400000","350","799601","Amusement Pl","5","1","1"
"145313","STS Svc","PAnson@sts-labor.com","5063 Skyway St","NULL","9897470226","874822","Aviation Consultants","NULL"," Email <---> Revenue ","315487","STS SVC","5063 SKYWAY ST","OSCODA","MI","48750","Iosco","","9897470226","9897470285","P J ANSON","President","M","45000000","200","874800","Bus Consulti","5","0","1"
"213358","Craig Richard Advertising Spec","PG@craigrichard.com","24151 Telegraph Rd # 180","2483528127","2483531811","519917","Advertising-Specialties (Wholesale)","NULL"," Email <---> Revenue ","475302","Craig Richard Advertising Spec","24151 Telegraph Rd # 180","Southfield","MI","48034","Oakland","www.craigrichard.com","2483531811","2483528127","Greg Pampagna","Owner","Mal","28720000","40","519917","Advertising-","5","0","1"
"200128","Clawson Container","rharding@clawsoncontainer.com","4545 Clawson Tank Dr","2486253066","2486258700","344305","Tanks-Manufacturers","NULL"," Email <---> Revenue ","460782","Clawson Container","4545 Clawson Tank Dr","Clarkston","MI","48346","Oakland","www.clawsoncontainer.com","2486258700","2486253066","Richard Harding Ii","Owner","Mal","28000000","25","344305","Tanks-Manufa","5","0","1"
"129202","Paramount Boring & Machine","Richard.Rossmann@Paramountboring.Com","15255 W 11 Mile Rd","2485431429","248-543-2100","3599","Industrial and Commercial Machinery and Equipment","NEC (machine shops)"," Email <---> Revenue ","716157","Paramount Boring & Machine","15255 W 11 Mile Rd","Oak Park","MI","48237","Oakland","","2485432100","2485434350","Rick Rossman","President","Mal","26910000","115","354107","Machine Tool","5","0","1"
"63087","Huron Manufacturing","RobertBales@huroninc.com","6554 Lakeshore Rd","8103597521","8103595344","345101","Screw Machine Products (Manufacturers)","NULL"," Email <---> Revenue ","586129","Huron Manufacturing","6554 Lakeshore Rd","Lexington","MI","48450","Sanilac","www.huroninc.com","8103595344","8103597521","Robert Bales","President","Mal","28350000","210","345101","Screw Machin","5","0","1"
"179592","Parker's Propane","S.Haskins@parkerspropane.com","5000 Zelle Dr","9897771831","9897775533","517208","Gas-Liquefied Petro-Bttld/Bulk (Whol)","NULL"," Email <---> Revenue ","716755","Parker's Propane","5000 Zelle Dr","Bridgeport","MI","48722","Saginaw","www.parkerspropane.com","9897775533","9897771831","Stacey Haskins","Owner","Fem","33540000","10","517208","Gas-Liquefie","5","0","1"
"92104","FCI Automotive Americas","Schilling@fciconnect.com","28100 Cabot Dr","NULL","2485922700","501313","Automobile Parts & Supplies-Wholesale","NULL"," Email <---> Revenue ","523071","FCI Automotive Americas","28100 Cabot Dr","Novi","MI","48377","Oakland","www.fciconnect.com","2485922700","","Tom Schilling","President","Mal","44800000","100","501313","Automobile P","5","0","1"
"227059","PLANNED PARENTHOOD NORTHERN MICHIGAN","scott@dancetc.com","1135 E 8TH STREET","2319291844","null","792215","Dance Companies","PPEXPRESS.ORG"," Email <---> Revenue ","260986","PLANNED PARENTHOOD","1135 E 8TH ST","TRAVERSE CITY","MI","49686","Grand Traverse","","2319291844","2319290818","KAREN GRITTES","Manager","F","29400000","10215","809900","Health Servi","5","2","1"
"101368","AlphaNet Services;  Inc","scottw@4alphanet.net","409 Airline Dr","5177828500","5177878649","8999","Services NEC","CLARKLAKEMI.NET^^GRASSLAKEMI.NET^^MICHIGANCENTERMI.NET^^SPRINGARBORMI.NET"," Email <---> Revenue ","170219","JACKSON COUNTY MEDICAL CARE","524 LANSING AVE","JACKSON","MI","49201","Jackson","","5177828500","5177835552","LAWANA PARKS","Administrator","F","26800000","250","839900","Social Servi","5","0","1"
"40286","Integrated Management Systems","skjain@izzy.net","3135 S. State Street Suite 104","3139960500","null","874198","Fuel Management","IMSI-PM.COM^^PMTOOLS.COM"," Email <---> Revenue ","165168","INTEGRATED MANAGEMENT SYSTEMS","3135 S STATE ST STE 104","ANN ARBOR","MI","48108","Washtenaw","","7349960500","7349960266","SUDHIR JAIN","Owner","M","30000000","300","871100","Engineering ","5","0","1"
"249268","Metro Specialties","skozack@metrospecialties.com","8710 N Custer Rd","7345873182","7345878675","267101","Packaging Materials-Manufacturers","www.metrospecialties.com"," Email <---> Revenue ","672135","Metro Specialties","8710 N Custer Rd","Monroe","MI","48162","Monroe","www.metrospecialties.com","7345878675","7345873182","David D Fetterly","Owner","Mal","31900000","100","267101","Packaging Ma","5","0","1"
"219090","Sohn-Clean Linen Svc","Sohn@sohnlinen.com","2900 E Grand River Ave","5174826166","5173711122","511101","Paper Products (Wholesale)","NULL"," Email <---> Revenue ","303110","SOHN-CLEAN LINEN SVC","2900 E GRAND RIVER AVE","LANSING","MI","48912","Ingham","","5173711122","5174826166","JIM SOHN","President","M","27600000","200","511100","Prtg & Writi","5","0","1"
"90547","Ldi Inc","Steve.Lankfer@ldiinc.com","4311 Patterson Ave SE","6169575011","6169572570","308901","Mold Makers","NULL"," Email <---> Revenue ","637206","Ldi Inc","4311 Patterson Ave SE","Kentwood","MI","49512","Kent","","6169572570","6169575011","Steve Lankfer","Owner","Mal","32800000","200","308901","Plastics-Mol","5","0","1"
"247574","Incoe Corp","supports@incoesing.com","1740 E Maple Rd","2486160225","2486160220","308902","Plastics & Plastic Products (Mfrs)","www.incoe.com"," Email <---> Revenue ","163156","INCOE CORP","1740 E MAPLE RD","TROY","MI","48083","Oakland","","2486160220","2486160225","ERIC SERES","President","M","38400000","600","308900","Plastic Pdts","5","0","1"
"69575","Victories Casino","swilliams@victories-casino.com","1966 S Us 131","2314396170","2314396100","799302","Casinos","www.victories-casino.com"," Email <---> Revenue ","345126","VICTORIES CASINO","911 SPRING ST","PETOSKEY","MI","49770","Emmet","","2314396100","2314396170","BARRY MILLIGAN","Manager","M","26300000","525","799300","Coin-Oper Am","5","0","1"
"96715","Tecumseh Corrugated Box Co","tcbinfo@tecumseh.tcbox.com","707 S Evans St","4196666406","5174232126","265301","Corrugated & Solid Fiber Boxes (Mfrs)","www.tcbox.com"," Email <---> Revenue ","817538","Tecumseh Corrugated Box Co","707 S Evans St","Tecumseh","MI","49286","Lenawee","www.tcbox.com","5174232126","5174237240","Jeffrey Robideau","President","Mal","28300000","167","265301","Corrugated &","5","0","1"
"142342","Ogihara America Corp","tokio.ogihara@ogihara.com","1480 Mcpherson Park Dr","5175486036","5175484900","346598","Automotive Stampings (Manufacturers)","NULL"," Email <---> Revenue ","245231","OGIHARA AMERICA CORP","1480 MCPHERSON PARK DR","HOWELL","MI","48843","Livingston","","5175484900","5175486036","OSCAR GARCIA","Vice-President","M","31000000","500","346500","Auto Stampin","5","0","1"
"145281","Shanty Creek-Schuss Mountain","Tom.Lavanway@shantycreek.net","5820 Shanty Creek Rd","2315337021","2315338621","701110","Skiing Centers & Resorts","NULL"," Email <---> Revenue ","781140","Shanty Creek-Schuss Mountain","5820 Shanty Creek Rd","Bellaire","MI","49615","Antrim","www.shantycreek.net","2315338621","2315337021","Tom Lavanway","President","Mal","29400000","705","701110","Skiing Cente","5","1","1"
"160320","Petitpren Inc","tom.snyder@premiumbeers.com","44500 N Groesbeck Hwy","5864687669","5864681402","518101","Beer & Ale-Wholesale","NULL"," Email <---> Revenue ","257742","PETITPREN INC","44500 N GROESBECK HWY","CLINTON TWP","MI","48036","Macomb","","5864681402","5864687669","DEAN S PETITPREN","President","M","26100000","185","518100","Whl Beer & A","5","0","1"
"188875","United Steel & Wire Co","uswsales@unitedsteelandwire.com","4909 Wayne Rd","2699625577","2699625571","254201","Office & Store Fixtures-Ex Wood (Mfrs)","www.unitedsteelandwire.com"," Email <---> Revenue ","839133","United Steel & Wire Co","4909 Wayne Rd","Battle Creek","MI","49015","Calhoun","www.unitedsteelandwire.com","2699625571","2699625577","Donald Carstens","CEO","Mal","27000000","300","254201","Office & Sto","5","0","1"
"250723","WZZM","weekend@wzzm13.com","645 3 Mile Rd NW","6167851301","6167851313","483301","Television Stations & Broadcasting CO","www.wzzm13.com"," Email <---> Revenue ","849672","WZZM","645 3 Mile Rd NW","Grand Rapids","MI","49544","Kent","www.wzzm13.com","6167851313","6167851301","Janet Mason","President","Fem","40448000","128","483301","Television S","5","0","1"
"61249","Care Choices Preferred Choice","William@carechoices.com","34605 W 12 Mile Rd","2484896280","2484895200","809904","Health Maintenance Organizations","NULL"," Email <---> Revenue ","56704","CARE CHOICES PREFERRED CHOICE","34605 W 12 MILE RD","FARMINGTON HILLS","MI","48331","Oakland","","2484895200","2484896280","WILLIAM ALVIN","President","M","42000000","300","632400","Hosp, Med Sv","5","0","1"
