mail id,company,email,address,phone,fax,sic,sic description,web,,revenue id,company,address,city,state,zip,	metro,web,phone,fax,contact,position,gender,sales,# of employee,sic,sic_descrpiton,	,,
"244726","Hagerty Insurance","auto@hagerty.com","141 Rivers Edge Dr # 200","2319418227","2319417477","641111","Insurance-Automobile","www.hagerty.com"," Email <---> Revenue ","566283","Hagerty Insurance","141 Rivers Edge Dr # 200","Traverse City","MI","49684","Grand Traverse","www.hagerty.com","2319417477","2319418227","Kim Hagerty","CEO","Fem","30360000","220","641111","Insurance-Au","5","0","1"
"155715","Unique Fabricating","srohelier@uniquefab.com","800 Standard Pkwy","2488537720","2488532333","305398","Gaskets-Packing & Sealing Devices (Mfrs)","www.uniquefab.com"," Email <---> Revenue ","838113","Unique Fabricating","800 Standard Pkwy","Auburn Hills","MI","48326","Oakland","www.uniquefab.com","2488532333","2488537720","Doug Stahl","President","Mal","31500000","500","305398","Gaskets-Pack","5","0","1"
"252369","Dialogue Marketing","dnsadmin@dialogue-marketing.com","20300 Superior Place - Suite 170","7343748400","7343743070","5999","Marketing NEC","DIALOGUE-MARKETING.COM^^DIGITAL-DIALOGUE.COM"," Email <---> Revenue ","96061","DIALOGUE MARKETING INC","20300 SUPERIOR RD STE 170","TAYLOR","MI","48180","Wayne","","7343748400","7342581991","CATHY OSMINSKI","Manager","F","45000000","200","738900","Business Svs","5","0","1"
"239034","Magnum Hospitality","tonyamolag@thefishrestaurant.com","1515 S Cass St","2319321619","2319321633","874198","Management Services","www.magnumhospitality.com"," Email <---> Revenue ","654683","Magnum Hospitality","1515 S Cass St","Traverse City","MI","49684","Grand Traverse","www.magnumhospitality.com","2319321633","2319321619","Fred Moore","President","Mal","25200000","200","874198","Fuel Managem","5","0","1"
"121140","Custom Promotions Inc","jchavey@signatureassociates.com","17520 W Twelve Mile Rd #210","null","null","738951","Promotions & Fund Raising","null"," Email <---> Revenue ","480380","Custom Promotions Inc","17520 W 12 Mile Rd # 200","Southfield","MI","48076","Oakland","www.custompromotions.net","2485529900","2485574315","Eric Gordan","Owner","Mal","28720000","40","519917","Advertising-","5","0","1"
"247610","Matrix System Automotive Fnshs","training@matrixsystem.com","850 Ladd Rd # E","2486688135","2486688134","285103","Paint-Manufacturers","www.matrixsystem.com"," Email <---> Revenue ","211951","MATRIX SYSTEM AUTOMOTIVE","850 LADD RD","WALLED LAKE","MI","48390","Oakland","","2486688135","2486688134","KENT GARDNER","President","M","27000000","300","285100","Paints & Rel","5","0","1"
