mail id,company,email,address,phone,fax,sic,sic description,web,,revenue id,company,address,city,state,zip,	metro,web,phone,fax,contact,position,gender,sales,# of employee,sic,sic_descrpiton,	,,
"16553","R C Fabricators","rcsuppe@rcfabricators.com","824 N Locust St","3025738984","3025738989","344106","Steel-Structural (Manufacturers)","NULL"," Email <---> Revenue ","77715","R C Fabricators","824 N Locust St","Wilmington","DE","19801","New Castle","www.rcfabricators.com","3025738989","3025738984","Robert Suppe","President","Mal","30660000","140","344106","Steel-Struct","5","0","1"
"8950","Shone Lumber","sgolt@shonelumber.com","Christina Stanton Rd. Box 6007","3029983357","3029980517","521142","Lumber","shonelumber.com"," Email <---> Revenue ","82556","Shone Lumber & Building Mtls","P.O. BOX 6007","Wilmington","DE","19804","New Castle","","3029983357","","John Shone","President","Mal","38238627","104","521100","Lumber & Bui","5","0","1"
"13903","Prince Telecom","KJon@princetelecom.com","34 Blevins Dr # 5","3023241850","3023241800","162306","Telephone & Television Cable Contractors","NULL"," Email <---> Revenue ","76895","Prince Telecom","34 Blevins Dr # 5","New Castle","DE","19720","New Castle","","3023241800","3023241850","Jon Kuhn","CEO","Mal","33400000","200","162306","Telephone & ","5","0","1"
"8739","Convenient Food Mart","H_Patel@continucare.com","107 W 9th St","NULL","3025719198","541103","Convenience Stores","NULL"," Email <---> Revenue ","7022","CONVENIENT FOOD MART","107 W 9TH ST","WILMINGTON","DE","19801","New Castle","","3025719198","","","Unknown","","28000000","2713","541103","Conven Store","5","0","1"
"5063","M Davis & Sons Inc","dan.milano@mdavisinc.com","200 Hadco Rd","3029984984","3029983385","171114","Mechanical Contractors","NULL"," Email <---> Revenue ","67571","M Davis & Sons Inc","200 Hadco Rd","Wilmington","DE","19804","New Castle","www.mdavisinc.com","3029983385","3029984984","Charles Davis","Chairman of the Board","Mal","45000000","400","171102","Industrial /","5","0","1"
"7744","Miller's Carpet One Shop-Home","amiller@millersde.com","500 W Basin Road","3023225452","3023220722^^3023224","571305","Carpet & Rug Dealers","null"," Email <---> Revenue ","5117","CARPET ONE MILLERS","500 W BASIN RD","NEW CASTLE","DE","19720","New Castle","","3023225452","","SHARON MILLER","Owner","F","26000000","10950","571301","Carpets","5","0","1"
