"Syro Inc","8012924461","950 W 400 S","Centerville","19700000","Stuart Craig","Plant Mgr","Mal","618","S","Syro Inc","product.info@trin.net","950 W 400 S","Centerville","UT","84014","2103596648","8012924461","347902","Galvanizing (Manufacturers)","www.trin.net","0","0"
"Superior Soft Water Co","8019749090","3536 S 1950 W","Salt Lake City","14300000","Gerald Lamborn","Owner","Mal","725","S","Superior Soft Water Co","scottl@superiorwaterandair.com","3536 S 1950 W","Salt Lake City","UT","84119","8019745502","8019749090","549903","Water Companies-Bottled, Bulk, Etc","Bulk","0","0"
"NPS Pharmaceuticals Inc","8015834939","383 Colorow Dr","Salt Lake City","14237000","Hunter Jackson","CEO","Mal","1434","N","NPS Pharmaceuticals Inc","webmonkey@giantant.com","383 Colorow Dr","Salt Lake City","UT","84108","2174038810","8015834939","873108","Pharmaceutical Research Laboratories","www.ci.champaign.il.us","0","0"
"G & K Svc","8019724697","1671 S 4370 W","Salt Lake City","23800000","Glen Thomas","Manager","Mal","2939","G","G & K Svc","gkcares@gkservices.com","1671 S 4370 W","Salt Lake City","UT","84104","7706140229","8019724697","569921","Uniform Supply Service","www.gkservices.com","0","0"
"DALE T SMITH & SONS MEAT CO","8015713611","12450 PONY EXPRESS RD","DRAPER","13900000","DALE E SMITH","President","M","4759","S","Stevens Enterprises;  Inc.","dtss@wolsi.com","p.o. box 479","DRAPER","UT","84020","8015713611","null","8999","Services NEC","smithmeats.com","0","0"
"LIBERTY PRESS","8018535353","1180 MOUNTAIN SPRINGS PKWY","SPRINGVILLE","13800000","MARK OLDHAM","President","M","5819","L","Liberty Press","Morlin.Oldham@ucjournal.com","481 Machinery Cir","Springville","UT","84663","8505375326","8505375333","3553","Woodworking Machinery","NULL","0","0"
"S & S Arrow","8018251611","370 S 500 E # 230","Clearfield","21300000","Carolyn Weaver","Manager","Fem","7204","B","Brass Tacks Production Company LLC","controller@arrowdynamics.com","H12 Freeport Center P.O. Box 160038","CLEARFIELD","UT","84015","8018251611","8017762671","8999","Services NEC","ARROWDYNAMICS.COM","0","0"
"University Of Utah","8012367725","555 E 200 S","Salt Lake City","10300000","Karen Wilson","Manager","Fem","7542","U","University Of Utah","mikew@dvol.com","555 E 200 S","Salt Lake City","UT","84102","7122796432","8012367725","872103","Billing Service","www.siouxcitylibrary.org","0","0"
"C & C Cast Polymers","8017968048","1525 W 285 S","Lindon","12960000","","","","7952","C","C & C Cast Polymers","greg.clements@apgate.com","1555 W 200 S","Lindon","UT","84042","8017968049","801-796-8048","3089","Plastics Products","NEC (plastics sausage casings)","0","0"
"Henderson Wheel & Warehouse","8014862073","1825 S 300 W","Salt Lake City","17750000","Michael Henderson","Manager","Mal","8580","H","Henderson Wheel & Warehouse","jeff@hendersonwheel.com","1825 S 300 W","Salt Lake City","UT","84115","8012248612","8014862073","501310","Automobile Parts-Warehouses","www.hendersonwheel.com","0","0"
"Name Tag Inc","8014330491","175 W 2700 S # 101","Salt Lake City","11024000","Gary Coller","Manager","Mal","8655","N","Name Tag Inc","aarin@nametag.com","175 W 2700 S # 101","Salt Lake City","UT","84115","8014330491","8014330491","509420","Ribbons (Wholesale)","www.nametag.com","0","0"
"Great Western Business Forms","8019725680","1857 S 3230 W","Salt Lake City","10260000","Patrick Curtin","President","Mal","9686","G","Great Western Business Forms","Kitty.Curtin@bfls.com","1857 S 3230 W","Salt Lake City","UT","84104","8019725726","801-972-5680","2752","Commercial Printing","Lithographic (except quick printing)","0","0"
"EMERY TELCOM","4357486953","PO BOX 629","ORANGEVILLE","22500000","BROCK JOHANSEN","Chief Executive Office","M","13181","E","Emery Telcom","william@wschilling.com","455 East Highway 29","ORANGEVILLE","UT","84537","null","null","729922","Buyers Information Service","DAMASCUSLODGE.ORG","0","0"
"Raging Waters","8019723300","1200 W 1700 S","Salt Lake City","14500000","","","","15039","R","Raging Waters","karen@ragingwatersutah.com","1200 W 1700 S","Salt Lake City","UT","84104","8019749686","8019723300","799701","Recreation Centers","www.ragingwatersutah.com","0","0"
"Thor Inc","8013933312","1280 W 2550 S","Ogden","12660000","Allen Glanville","Owner","Mal","16123","T","Thor Inc","inquiries@thorincorporated.com","1280 W 2550 S","Ogden","UT","84401","8016213298","8013933312","514914","Health Food Products-Wholesale","www.thorincorporated.com","0","0"
"Re Syk","4357232950","1755 N 2000 W","Brigham City","22071000","Chris Brough","Manager","Mal","16464","R","Re Syk","chris@integricollc.com","1755 N 2000 W","Brigham City","UT","84302","4357342717","4357232950","516202","Plastics-Products-Finished-Wholesale","www.resyk.net","0","0"
"Enpack","8012662280","3553 S Main St","South Salt Lake","18216000","Fernando Delgado","Owner","Mal","16774","E","Enpack","Fernando.Delgado@enpack.com","NULL","Salt Lake City","UT","84115","8012662576","801-266-2280","2752","Commercial Printing","Lithographic (except quick printing)","0","0"
"Tooele Federal Credit Union","4358337200","562 N Main St","Tooele","17475000","","","","17140","T","Tooele Federal Credit Union","emailtfcu@tfcu.net","562 N Main St","Tooele","UT","84074","4358330960","4358337200","606102","Federally Chartered Credit Unions","www.tfcu.net","0","0"
"Industrial Electric","4357482828","225 W 500 S","Orangeville","21056000","David Hinkins","Owner","Mal","21525","I","Industrial Electric","iems@etv.net","225 west 500 south","ORANGEVILLE","UT","84537","4357482828","4357482089","173101","Electric Contractors","RAINBOWGLASSRANCH.COM","0","2"
"Gardner Museum-Gardner Village","8015668903","1100 W 7800 S","West Jordan","16884000","Joe Long","President","Mal","23610","G","Gardner Museum-Gardner Village","shauna@gardnervillage.com","1100 W 7800 S","West Jordan","UT","84088","8015665390","8015668903","799940","Historical Places","www.gardnervillage.com","0","0"
"Weber Basin Water Conservancy","8017711677","2837 E Highway 193","Layton","14910000","Page Flint","Manager","Mal","23667","W","Weber Basin Water Conservancy","bhess@weberbasin.com","2837 E Highway 193","Layton","UT","84040","8015440103","8017711677","494102","Water & Sewage Companies-Utility","www.weberbasin.com","0","0"
"Bountiful Parks & Recreation","8012986220","150 W 600 N","Bountiful","16800000","Neal Jenkins","Manager","Mal","25414","B","Bountiful Parks & Recreation","cphares@davisclipper.com","150 W 600 N","Bountiful","UT","84010","8012944295","8012986220","799951","Provincial Parks","www.bountifulutah.gov","0","0"
"Pro Pac Labs","8016210900","3804 Airport Rd","Ogden","21252000","Frances Arlington","Manager","Fem","25788","P","Pro Pac Labs","general@propaclabs.com","3804 Airport Rd","Ogden","UT","84405","8016210930","8016210900","209910","Health Food Products-Manufacturers","www.propaclabs.com","0","0"
"CULLIGAN WATER CONDITIONING","8019549283","2812 S 600 W","SALT LAKE CTY","17500000","DICK VIGOS","Vice-President","M","25826","C","Culligan Water Conditioning","lisar@culliganslc.com","2812 S 600 W","Salt Lake City","UT","84115","8019548500","8019549283","762928","Water Softening Equipment Svc & Supls","www.culliganslc.com","0","0"
"Aspen Technologies Inc","8019728123","1711 S 4650 W","Salt Lake City","11200000","Jeff Brown","Owner","Mal","26477","B","Bluegrass Shrimp&Fish Farms","jeff@atidata.com","1711 S 4650 W","SALT LAKE CITY","UT","84104","8019728123","null","019101","FARMS","ATIDATA.COM","0","0"
"Lone Peak Labeling Systems","8019751818","1272 W 2240 S # B","Salt Lake City","13056000","Chris Appelbaum","Owner","Mal","35038","L","Lone Peak Labeling Systems","lpsales@lonepeaklabeling.com","1272 W 2240 S # B","Salt Lake City","UT","84119","8019751865","8019751818","508474","Labeling Equipment (Wholesale)","www.lonepeaklabeling.com","0","0"
"Powder Mountain Winter Resort","8017453772","State Road 158","Eden","15000000","Kent Matthews","Manager","Mal","35310","P","Powder Mountain Winter Resort","snowsportsschool@powdermountain.com","State Road 158","Eden","UT","84310","8015213722","8017453772","701110","Skiing Centers & Resorts","www.skiutah.com","0","1"
"Mountain States Fence Co","8012614224","3737 S 500 W","Salt Lake City","16200000","Dennis Higgins","Owner","Mal","35702","M","Mountain States Fence Co","msfence@msfence.com","3737 S 500 W","Salt Lake City","UT","84115","8012614509","8012614224","503903","Fence (Wholesale)","www.msfence.com","0","0"
"Godwin & Schultz Sales Inc","8019720659","1641 S 700 W","Salt Lake City","14160000","Bill Godwin","President","Mal","36651","G","Godwin & Schultz Sales Inc","g.rosing@gnssales.com","1641 S 700 W","Salt Lake City","UT","84104","8019720659","8019720688","509908","Manufacturers-Agents & Representatives","www.gnssales.com","0","0"
"Barclays-Lincare Oxygen","8014670108","1735 S Redwood Rd # 130","Salt Lake City","19019000","Karen Tenney","Manager","Fem","36971","B","Barclays-Lincare Oxygen","1nfo@lincare.com","1735 S Redwood Rd # 130","Salt Lake City","UT","84104","2604897588","8014670108","516920","Oxygen (Wholesale)","www.lincare.com","0","0"
"Reid-Ashman Mfg","4356281552","582 N 3050 E","St George","13100000","Steve Reid","Owner","Mal","37417","R","Reid-Ashman Mfg","steven_ho@zmc.net","582 N 3050 E","St George","UT","84790","4356528440","4356281552","399903","Manufacturers","www.reidashman.com","0","0"
"MODERN DISPLAY","8013557427","424 S 700 E","SALT LAKE CTY","17500000","SHANE ATKIN","Manager","M","37743","M","Modern Display","gold@corpuspolymedia.com","424 South 700 East","SALT LAKE CITY","UT","84102","null","null","7389","Business Services NEC","PARISLONDON.NET","0","0"
"Ameri Gas Inc","8013225878","1212 Beck St","Salt Lake City","10688000","Bruce Mau","Manager","Mal","39969","A","Ameri Gas Inc","strategicaccounts@amerigas.com","1212 Beck St","Salt Lake City","UT","84116","5618441488","8013225878","492401","Gas-Natural","www.amerigas.com","0","0"
"Graybar Electric Co","8019751115","2841 S 900 W","West Valley","19740000","Jeff Stefl","Manager","Mal","42234","G","Graybar Electric Co","retailersolutions@gbe.com","2841 S 900 W","West Valley","UT","84119","8059673753","8019751115","506330","Electric Equipment & Supplies-Wholesale","www.graybar.com","0","0"
"Bergen Distributing Co","8019723003","825 W 2400 S","Salt Lake City","11140000","Emil Langeland","President","Mal","42741","B","Bergen Distributing Co","gary@bergendistributing.com","825 W 2400 S","Salt Lake City","UT","84119","8019725156","8019723003","502307","Carpet & Rug-Distributors","www.bergendistributing.com","0","0"
"Morgan Pavement Maintenance","8015445947","625 S Main St","Clearfield","11750000","Todd Morgan","Owner","Mal","42831","M","Morgan Pavement Maintenance","dave@morganpavement.com","625 S Main St","Clearfield","UT","84015","8014168061","8015445947","161106","Asphalt & Asphalt Products","www.morganpavement.com","0","0"
"Hammond Toy & Hobby","8015613821","10450 S State St # 1220","Sandy","16800000","David Hammond","Owner","Mal","44643","H","Hammond Toy & Hobby","paul@hammondtoy.com","10450 S State St # 1220","Sandy","UT","84070","8019671709","8015613821","594517","Toys-Retail","www.hammondtoy.com","0","0"
"Great Western Leasing","8019361811","35 N 700 W","North Salt Lake","22200000","Darrin Norton","Manager","Mal","44911","G","Great Western Leasing","shopper@391739.com","35 N 700 W","North Salt Lake","UT","84054","8019362754","8019361811","501212","Trailers-Truck (Wholesale)","www.gwleasing.com","0","0"
"Office Furniture USA","8012241289","64 W Center St","Orem","14846000","","","","45461","O","Office Furniture USA","suzanne@utahoffice.com","64 W Center St","Orem","UT","84057","8014310066","8012241289","502112","Office Furniture & Equip-Dealers (Whol)","www.utahop.com","0","0"
"REI-Recreational Equipment Inc","8014862100","3285 E 3300 S","Salt Lake City","19240000","Kirk Stephens","Manager","Mal","45571","R","REI-Recreational Equipment Inc","yourname@yourdomain.com","3285 E 3300 S","Salt Lake City","UT","84109","2516538743","8014862100","594113","Sporting Goods-Retail","www.newyorkspeed.com","0","0"
"Mellor Engineering Inc","8017680658","887 N 100 E # 1","Lehi","10270000","Reed Mellor","Owner","Mal","46458","N","Not Listed","reed@melloreng.com","887 North 100 East Suite 1","LEHI","UT","84043","8017680658","8017680647","871106","Engineers","MELLORENG.COM^^MELLORENGINEERING.COM","0","0"
"Multiling Corporation","8013772000","55 N University Ave # 225","Provo","11250000","Reed Peterson","Executive Director","Mal","47692","M","Multiling Corporation","info-japan@multiling.com","55 N University Ave # 225","Provo","UT","84601","8013777085","8013772000","874857","International Business Services","www.multiling.com","0","0"
"Garkane Energy Co-Op Inc","4357354288","468 N Highway 89","Hatch","12320000","Randy Hatch","Manager","Mal","48123","G","Garkane Energy Co-Op Inc","mlewis@garkaneenergy.com","468 N Highway 89","Hatch","UT","84735","4357354312","4357354288","491101","Electric Companies","www.garkaneenergy.com","0","0"
"Megadiamond","8013773474","275 W 2230 N","Provo","23360000","Ricky Flak","Plant Mgr","Mal","49029","M","Megadiamond","megadiamondcsi@smith.com","275 W 2230 N","Provo","UT","84604","8018184549","8013773474","354598","Cutting Tools/Acces/Measuring Dvcs (Mfr)","www.megadiamond.com","0","0"
"GENEVA ROCK PRODUCTS INC","8017657800","1565 W 400 N","OREM","15200000","AL SCHELLENBERG","President","M","50637","G","Geneva Rock Products Inc","jgriener@clydeinc.com","null","OREM","UT","84057","8017659249","null","738999","Business Services Nec","GENEVAROCK.COM","0","0"
"UNITED PARK CITY MINES","4356457159","PO BOX 1450","PARK CITY","14800000","MANDY SCULLY","Chief Executive Office","F","51282","U","UNITED PARK CITY MINES","hank.rothwell@sltrib.com","P.O. Box 1450","Park City","UT","84060","6077323786","607-734-5151","6552","Land Subdividers and Developers","Except Cemeteries","0","0"
"Dollar Tree","8013337700","5995 Amelia Earhart Dr","Salt Lake City","18630000","Steve Parccaido","Manager","Mal","53214","D","Dollar Tree","shareholder.inquiries@nationalcity.com","5995 Amelia Earhart Dr","Salt Lake City","UT","84116","2153647081","8013337700","531104","Retail Shops","www.dollartree.com","0","0"
"Mountain Tech Sales","8019759771","3424 W 2400 S","West Valley","19740000","Dick Creer","President","Mal","54136","M","Mountain Tech Sales","eng@mtn-tech.com","3424 W 2400 S","West Valley","UT","84119","8019759775","8019759771","506338","Electronic Parts Assemblers (Wholesale)","www.mtn-tech.com","0","0"
"Million Air Salt Lake City","8013592085","303 N 2370 W","Salt Lake City","10100000","Bill Haberstock","President","Mal","54892","M","Million Air Salt Lake City","mmccarty@maslc.com","303 N 2370 W","Salt Lake City","UT","84116","8015390223","8013592085","458104","Aircraft Servicing & Maintenance","www.millionairslc.com","0","0"
"Formco Foundations Inc","8012828311","4128 Nike Dr","West Jordan","12900000","Kirby Justesen","Owner","Mal","57254","F","Formco Foundations Inc","jgraber@formcofoundations.com","4128 Nike Dr","West Jordan","UT","84088","8012823265","8012828311","177105","Concrete Contractors","www.formcofoundations.com","0","0"
"Utah Disaster Kleenup","8016213571","2070 Wall Ave","Ogden","17700000","Mark Jensen","Owner","Mal","57959","U","Utah Disaster Kleenup","kjones@utdk.com","2070 Wall Ave","Ogden","UT","84401","8015531719","8016213571","152114","Fire Damage Restoration","www.utdk.com","0","0"
"Diebold Inc","8019561200","2037 S 4130 W # A-B","Salt Lake City","14985000","David Beers","Manager","Mal","58691","D","Diebold Inc","productinfo@diebold.com","2037 S 4130 W # A-B","Salt Lake City","UT","84104","3014594449","8019561200","504411","Bank Equipment & Supplies (Wholesale)","www.diebold.com","0","0"
"Northwest Toxicology","8012932300","1141 E 3900 S","Salt Lake City","11280000","Sheran Smith","CEO","Fem","59622","N","Northwest Toxicology","sheran.smith@nwtox.com","1141 E 3900 S","Salt Lake City","UT","84124","8012633605","801-293-2300","807108","Drug Detection Service & Equipment","NULL","0","0"
"SUPERIOR AIR HANDLING CORP","8017761997","200 E 700 S","CLEARFIELD","15600000","ROBERT E HUEY JR","Chief Executive Office","M","59807","S","Superior Air Handling Corp","geneb@sahco.com","200 E 700 S","Clearfield","UT","84015","8017761021","8017761997","344403","Sheet Metal Fabricators","www.sahco.com","0","0"
"RSM Food Svc Inc","4357527770","647 N Main St","Logan","12660000","Bill Tippetts","Manager","Mal","59886","R","RSM Food Svc Inc","bill@rsmfoodservice.com","647 N Main St","Logan","UT","84321","4357523010","4357527770","514939","Food Service-Distributors","www.rsmfoodservice.com","0","0"
"Phonex Corp","8015660100","6952 S 185 W","Midvale","14550000","John Knab","President","Mal","60233","P","Phonex Corp","licensing@phonex.com","6952 S 185 W","Midvale","UT","84047","8015660880","8015660100","366102","Telephone Equipment & Systems-Mfrs","www.phonex.com","0","0"
"Kmart","4357529530","1750 N Main St","Logan","11340000","Marc Mochamps","Manager","Mal","60698","K","Kmart","nell@kmart.com","1750 N Main St","Logan","UT","84341","6083567888","4357529530","531102","Department Stores","www.kmart.com","0","1"
"Turn Community Svc","4355861128","295 S 200 E","Cedar City","19350000","Susan Johnson","Executive Director","Fem","61118","T","Turn Community Svc","mrpun46@htomail.com","295 S 200 E","Cedar City","UT","84720","4355868978","4355861128","839905","Disability Services","www.turn.nu","0","0"
"EVCO House Of Hose","8014875721","2375 S 300 W","South Salt Lake","11400000","Dave Adkins","Manager","Mal","62146","E","EVCO House Of Hose","shilton@houseofhose.com","2375 S 300 W","Salt Lake City","UT","84115","8014868634","8014875721","5072","Hardware (merchant wholesalers except those selling hardware via retail method)","NULL","0","0"
"Shepherd Foods","8017980344","3465 W 6400 S","Spanish Fork","12144000","Chad Shepherd","Owner","Mal","62721","S","Shepherd Foods","chad.s@shepherdfoods.com","3465 W 6400 S","Spanish Fork","UT","84660","8017940544","8017980344","514403","Eggs (Wholesale)","www.shepherdfoods.com","0","0"
"For-Shor Co","8014871656","367 W 1600 S","Salt Lake City","24000000","James Snarr","President","Mal","62836","F","For-Shor Co","mattsmith@forshor.com","367 W 1600 S","Salt Lake City","UT","84115","8014871650","8014871656","503207","Concrete Constr Forms & Acces (Whol)","www.forshor.com","0","0"
"Cambridge Collection","8019080342","3124 Davis Dr","Salt Lake City","11140000","Doug Laney","President","Mal","63813","C","Cambridge Collection","betty@cambridgecollection.net","3124 Davis Dr","Salt Lake City","UT","84115","8019757107","8019080342","502317","Picture Frames-Wholesale","www.cambridgecollection.net","0","0"
"Service Sales & Supply Inc","8014845548","157 W Burton Ave","South Salt Lake","10850000","Roger Maxfield","Manager","Mal","64059","S","Service Sales & Supply Inc","randy@paintguys.com","157 W Burton Ave","South Salt Lake","UT","84115","8014845591","8014845548","495311","Recycling Equipment & Systems","www.paintguys.com","0","0"
"Komatsu Equipment Co Rents","8018877110","2465 California Ave","Salt Lake City","13320000","Jim Slade","Manager","Mal","64393","K","Komatsu Equipment Co Rents","christineh@komatsueq.com","2465 California Ave","Salt Lake City","UT","84104","7757537561","8018877110","508206","Contractors-Equip/Supls-Dlrs/Svc (Whol)","www.komatsueq.com","0","0"
"Honda Motorcycle Auth Sales","8019728725","1379 W 3300 S","West Valley","16550000","Claud Hickin","Owner","Mal","64460","H","Honda Motorcycle Auth Sales","resumes@plazacycle.com","1379 W 3300 S","West Valley","UT","84119","8019723743","8019728725","557106","Motorcycles & Motor Scooters-Dealers","www.plazacycle.com","0","0"
"Warehouse Outlet","4355873150","333 S 200 E","Monticello","10920000","Scott Frost","Owner","Mal","64540","W","Warehouse Outlet","allenfrost@bluemountainmeats.com","333 S 200 E","Monticello","UT","84535","4355872179","4355873150","541105","Grocers-Retail","www.bluemountainmeats.com","0","0"
"Cache Valley Oxygen","4357522227","1395 N 400 E # A","Logan","12012000","Bob Stokes","Owner","Mal","64594","T","Tekk Design;  Inc","bob@o2o2.com","1395 North 400 East Suite C","LOGAN","UT","84341","4357522227","null","8999","Services NEC","CISCOPRODUCTIONS.COM^^O2O2.COM","0","0"
"Mid-State Consultants Inc","4356238601","1475 N 200 W","Nephi","22500000","Terry Brown","Owner","Mal","64832","M","MID-STATE CONSULTANTS","eizatt@mscon.com","1475N200W","NEWCASTLE","UT","84648","4356238601","4356238610","871111","Engineers","atlasmapping.com","0","0"
"Modern Display Svc","8013557427","424 S 700 E","Salt Lake City","13400000","Shane Atkin","Manager","Mal","65026","M","Modern Display Svc","decoratives@moderndisplay.com","424 S 700 E","Salt Lake City","UT","84102","8015213040","8013557427","599951","Christmas Lights & Decorations","www.moderndisplay.com","0","0"
"G & G Marketing","8012966255","724 W 500 S","Woods Cross","11370000","Lynn Brown","VP","Mal","65107","G","G & G Marketing","dick@ggmarketing-slc.com","724 W 500 S","Woods Cross","UT","84087","8012968171","8012966255","514102","Food Brokers","www.ggmarketing-slc.com","0","0"
"Wilife Inc","8015539140","132 E 13065 S # 150","Draper","12502000","Evan Tree","President","Mal","65204","W","Wilife Inc","pr@wilife.com","132 E 13065 S # 150","Draper","UT","84020","8015539011","8015539140","506304","Security Control Equip & Systems-Whol","www.wilife.com","0","0"
"A-Core Inc","8012615552","5360 Riley Ln","Murray","12900000","Jack Johnson","Owner","Mal","65328","A","A-Core Inc","spencerc@a-core.com","5360 Riley Ln","Murray","UT","84107","2083841942","8012615552","177106","Concrete Restoration Repair & Cleaning","www.a-core.com","0","0"
"ACCESS","8019743033","1012 BEARDSLEY PL","SALT LAKE CTY","11400000","LARRY MAXFIELD","Chief Executive Office","M","65830","1","1st Place Team Sales;  Inc","lynneb@memberweb.com","1012 West Beardsley","SALT LAKE CITY","UT","84119","8019743033","8019740801","5311","Retail shops","ACCESSDESTINATIONS.COM;EMPLOYEEWEB.NET;EMPLOYEEWEB.ORG;GOLFACCESS.ORG;RECREATIONACCESS.NET;RECREATIO","0","0"
"Brody Chemical Inc","8019632436","4825 S 6200 W","Salt Lake City","21960000","Jon Liddiard","Owner","Mal","65862","B","Brody Chemical Inc","collette@brodychemical.com","4825 S 6200 W","Salt Lake City","UT","84118","8019632437","8019632436","289905","Chemicals-Manufacturers","www.brodychemical.com","0","0"
"Resers Fine Food","8019725633","1811 W 1700 S","Salt Lake City","12900000","Dennis Gordon","Plant Mgr","Mal","66074","S","Sierra Forest Products","johrn@sierraforestproducts.com","1850 W 1500 S","SALT LAKE CITY","UT","84104","8019725633","8019725633","738999","Business Services Nec","SIERRAFP.COM^^SIERRAFP.NET^^SIERRAFP.ORG","0","0"
"American NDT Products Inc","8014852638","3080 S 300 W","Salt Lake City","10528000","Darwin Millet","President","Mal","66654","A","American NDT Products Inc","bobswisher@americanndt.com","3080 S 300 W","Salt Lake City","UT","84115","8014668779","8014852638","506309","Testing Apparatus-Wholesale","www.americanndt.com","0","0"
"CCI Communications","8019944100","155 N 400 W # 100","Salt Lake City","22220000","Chris Nottoli","President","Mal","66891","C","CCI Communications","ktanner@ccicom.com","155 N 400 W # 100","Salt Lake City","UT","84103","8019942960","8019944100","506534","Telephone-Coin & Card Operated (Whol)","www.ccicom.com","0","0"
"L W Miller Transportation Inc","4357538350","1050 W 200 N","Logan","16800000","Larry Miller","Owner","Mal","67181","L","L W Miller Transportation Inc","tonye@lwmiller.com","1050 W 200 N","Logan","UT","84321","4357506022","4357538350","421309","Trucking-Motor Freight","www.lwmiller.com","0","0"
"Berger Inc","8015530993","218 W 12650 S","Draper","16650000","David Berger","President","Mal","67220","p","plastic surgery associates of kc","dnasella@ebberger.com","218 West 12650 South","DRAPER","UT","84020","8015530993","8015530998","8999","Services NEC","MAGICRETE.COM","0","0"
"JORGENSEN FORD MERCURY","4358968436","1000 S COVE VIEW RD","RICHFIELD","14100000","JEFFREY BREWER","Manager","M","67459","J","Jorgensen Ford Mercury","jeff.brewer@jorgford.com","1000 S Main St","Richfield","UT","84701","4358966981","4358968436","551105","Truck-Dealers","www.jorgford.com","0","2"
"Dannon Co","8012807414","6165 Dannon Way","West Jordan","14550000","Kevin Gallagher","Plant Mgr","Mal","68211","D","Dannon Co","dannon.institute@dannon.com","6165 Dannon Way","West Jordan","UT","84088","6307786703","8012807414","545102","Yogurt","www.dannon.com","0","0"
"Wasatch Steel","8014864463","243 W 3300 S","Salt Lake City","15705000","Teresa Wu","President","Fem","68451","W","Wasatch Steel","teresa@wasatchsteel.com","243 W 3300 S","Salt Lake City","UT","84115","8014860919","8014864463","505106","Steel-Distributors & Warehouses","www.wasatchsteel.com","0","0"
"Long Building Environments","8012625664","4689 Cherry St","Salt Lake City","10880000","Lyn Felton","President","Mal","68816","L","Long Building Environments","recruit@long.com","4689 Cherry St","Salt Lake City","UT","84123","7028718136","8012625664","508417","Fans-Industrial & Commercial (Wholesale)","www.long.com","0","0"
"Hi-Valley Chemicals Inc","8012959591","1134 W 850 N","Centerville","17017000","Roy Hadley","Manager","Mal","69629","H","Hi-Valley Chemicals Inc","matt@hvchemical.com","1134 W 850 N","Centerville","UT","84014","8012959448","8012959591","516916","Chemicals (Wholesale)","www.chemshop.com","0","0"
"Lee's Marketplace","4357555100","555 E 1400 N","Logan","20930000","Lee Badger","Owner","Mal","69657","L","Lee's Marketplace","pkrusi@mail.afstores.com","850 S Main St","Smithfield","UT","84341","4357555846","4357555100","541105","Grocers","www.leesmarketplace.com","0","0"
"Wilson Audio Specialties Inc","8013772233","2233 Mountain Vista Ln","Provo","17350000","David Wilson","President","Mal","69862","W","Wilson Audio Specialties Inc","jerron@wilsonaudio.com","2233 Mountain Vista Ln","Provo","UT","84606","8013772282","8013772233","365102","Loud Speakers-Manufacturers","www.wilsonaudio.com","0","0"
"Seastone Source LC","8017620088","5152 Edgewood Dr","Provo","11328000","Warren Osborn","Owner","Mal","70193","S","SeaStone Companies; L.C","warren@seastone.com","4290 North Vintage Circle","PROVO","UT","84604","8017620088","null","738999","Business Services Nec","FAMILYFIREWALL.COM^^FAMILYFIREWALL.NET^^FAMILYFIREWALL.ORG^^WARRENOSBORN.COM^^WARRENOSBORN.ORG","0","0"
"Bullfrog Spas","8015658111","686 W 14600 S","Riverton","10720000","David Ludlow","Owner","Mal","70505","B","Bullfrog Spas","aglauser@bullfrogspas.com","686 W 14600 S","Riverton","UT","84065","8015658333","8015658111","599917","Hot Tubs & Spas","www.bullfrogspas.com","0","0"
"First Class Cars","8013280098","801 S State St","Salt Lake City","12940000","George Cassity","Owner","Mal","71461","F","First Class Cars","sondra@firstclasscars.com","801 S State St","Salt Lake City","UT","84111","8013281122","8013280098","551103","Automobile Dealers-Used Cars","www.firstclasscars.com","0","1"
"FMH Material Handling Sltns","8019727011","2560 S 3270 W","Salt Lake City","10880000","Tom Cebrowski","Manager","Mal","71602","F","FMH Material Handling Sltns","lauraverrips@fmhsolutions.com","2560 S 3270 W","Salt Lake City","UT","84119","3032973426","8019727011","508457","Trucks-Industrial (Wholesale)","www.fmhsolutions.com","0","0"
"Cordin Co","8019725272","2230 S 3270 W","Salt Lake City","10925000","","","","71736","C","Cordin Co","sam_sethi@sify.com","2230 S 3270 W","Salt Lake City","UT","84119","8019728270","8019725272","386103","Photographic Equipment-Manufacturers","www.cordin.com","0","0"
"IOMED Inc","8019751191","2441 S 3850 W # A","Salt Lake City","12189000","Robert J Lollini","CEO","Mal","72467","I","IOMED Inc","ir@iomed.com","2441 S 3850 W # A","Salt Lake City","UT","84120","8019729072","8019751191","384104","Physicians & Surgeons Equip & Supls-Mfrs","www.iomed.com","0","0"
"Mountainview Mushrooms","4357434649","400 S Park Ave","Fillmore","22250000","Loyal Adams","President","Mal","72473","M","Mountainview Mushrooms","mushrooms@mountainviewmushrooms.com","400 S Park Ave","Fillmore","UT","84631","4357434649","4357434649","018201","Mushrooms","www.mountainviewmushrooms.com","0","0"
"Applied Financial","8015669201","6975 Union Park Ctr # 2","Midvale","10980000","Dave Dicesaris","President","Mal","73221","A","Applied Financial","daved@marquette-eqfinance.com","6975 Union Park Ctr # 2","Midvale","UT","84047","8015669306","8015669201","735933","Leasing Service","www.applied-financial.com","0","0"
"AGEC-APPLIED GEOTECHNICAL","8015666399","600 SANDY PKWY","SANDY","15000000","JIM NORDQUIST PE","Owner","M","73468","A","AGEC-Applied Geotechnical","atkinson@agecinc.com","600 Sandy Pkwy","Sandy","UT","84070","8015666493","8015666399","871119","Engineers-Geotechnical","www.agecinc.com","0","0"
"Waxie Sanitary Supply","8019723295","2538 S 3850 W","West Valley","11648000","Clint Hunter","Manager","Mal","73518","W","Waxie Sanitary Supply","rcanada@waxie.com","2538 S 3850 W","West Valley","UT","84120","7022631376","8019723295","358906","Janitors Equipment & Supplies-Mfrs","www.waxie.com","0","0"
"Mountain Country Foods","8017988634","1533 N Main St","Spanish Fork","20960000","Doug Ford","Owner","Mal","73653","G","Gina Bachauer International Piano Foundation","jgurley@mcfoods.com","1533 N. Main Street","SPANISH FORK","UT","84660","8017988634","null","5411","Food products","MCFOODS.COM","0","0"
"Nelson Ricks Creamery Co","8013643607","1755 Fremont Dr","Salt Lake City","19400000","Calvin L Nelson","President","Mal","73704","N","Nelson Ricks Creamery Co","dcartter@banquetcheese.com","1755 Fremont Dr","Salt Lake City","UT","84104","8013643607","8013643607","545103","Cheese","www.banquetcheese.com","0","0"
"Advanced Marketing Inc","8012689015","1775 W 2300 S","Salt Lake City","23600000","William G Apgood","CEO","Mal","73938","A","Advanced Marketing Inc","mallory@amiusa.com","1775 W 2300 S","Salt Lake City","UT","84119","8012666823","8012689015","509908","Manufacturers-Agents & Representatives","www.amiusa.com","0","0"
"Williams Northwest Pipeline","4352597422","Lasal Route","La Sal","10010000","Todd Stubbs","Manager","Mal","73957","W","Williams Northwest Pipeline","potomac@williams.com","Lasal Route","La Sal","UT","84530","5056324780","4352597422","461201","Pipe Line Companies","www.williams.com","0","0"
"Radix Corp","8015371717","4855 Wiley Post Way","Salt Lake City","22425000","Steven I Raemer","President","Mal","74034","R","Radix Corp","jwise@radix-intl.com","4855 Wiley Post Way","Salt Lake City","UT","84116","8013283401","8015371717","504503","Computers-Wholesale","www.radix-intl.com","0","0"
"First American Realestate Tax","8012844600","6053 Fashionsquare Dr # 200","Murray","14008000","Robin Bridges","Manager","Fem","74253","F","First American Realestate Tax","ecstwmcustomerservice@aegonusa.com","6053 Fashionsquare Dr # 200","Murray","UT","84107","6262299299","8012844600","872105","Tax Consultants","www.transamerica.com","0","0"
"Peczuh Printing Co","4356370256","355 E 100 S","Price","10640000","Frank Peczuh Jr","Owner","Mal","74414","P","Peczuh Printing Co","rfqmail@peczuhprinting.com","355 E 100 S","Price","UT","84501","4356372211","4356370256","275202","Printers","www.peczuhprinting.com","0","0"
"URS Corp","8019044000","756 E Winchester St","Salt Lake City","13430000","Clive Mecham","VP","Mal","74508","U","URS Corp","investor_relations@urscorp.com","756 E Winchester St","Salt Lake City","UT","84107","6312188451","8019044000","871110","Engineers-Civil","www.urscorp.com","0","0"
"Electronic Marketing Svc","8017855069","703 S State St # 4","Orem","12100000","Ryan Poelman","Owner","Mal","74890","E","Electronic Marketing Svc","advisors@emstraffic.com","703 S State St # 4","Orem","UT","84058","8017854179","8017855069","573117","Electronic Equipment & Supplies-Retail","www.emstraffic.com","0","0"
"Lone Peak Trailers & Rv","8017688431","3851 N Frontage Rd","Lehi","11596000","Allen Gillman","Owner","Mal","74961","L","Lone Peak Trailers & Rv","lonepeak@ix.netcom.com","3851 N Frontage Rd","Lehi","UT","84043","8017688432","8017688431","556103","Recreational Vehicles","www.lonepeaktrailers.com","0","0"
"Mac Beath Hardwood Co","8014847616","1576 S 300 W","Salt Lake City","17650000","Earl Beckstead","Manager","Mal","75071","M","Mac Beath Hardwood Co","edinburgh@macbeath.com","1576 S 300 W","Salt Lake City","UT","84115","4156477766","8014847616","503109","Lumber-Wholesale","www.macbeath.com","0","0"
"Cardinal Health","8019729595","3595 Technology Dr","Salt Lake City","20930000","Brad Smith","Manager","Mal","75115","C","Cardinal Health","jason.strohm@cardinal.com","3595 Technology Dr","Salt Lake City","UT","84119","7043671810","8019729595","504704","Physicians & Surgeons Equip & Supls-Whol","www.cardinal.com","0","0"
"Rocky Mountain Fabrication","8015962400","1125 W 2300 N","Salt Lake City","19000000","Gerard Koontz","President","Mal","75175","R","Rocky Mountain Fabrication","Paul.Clayton@rmstone.com","PO Box 16409","Salt Lake City","UT","84116","8013222702","801-596-2400","3443","Fabricated Plate Work (Boiler Shops) (fabricated plate work and metal weldments)","NULL","0","0"
"Utah Medical Insurance Assn","8015310375","540 E 500 S","Salt Lake City","15792000","Martin J Oslowski","CEO","Mal","75579","U","Utah Medical Insurance Assn","jperry@umia.com","540 E 500 S","Salt Lake City","UT","84102","8015310381","8015310375","632198","Accident & Health Ins (Underwriters)","www.umia.com","0","0"
"Symantec Corp","8012245306","796 E Utah Valley Dr","American Fork","10200000","Natalie Brader","Manager","Fem","75884","S","Symantec Corp","vuldb@securityfocus.com","796 E Utah Valley Dr","American Fork","UT","84003","4082533446","8012245306","738204","Security Systs-Communications/Computer","www.symantec.com","0","0"
"Monsen Engineering","8015316505","960 S Main St","Salt Lake City","18619000","Richard Monsen","Owner","Mal","76210","M","Monsen Engineering","emily@monsenengineering.com","960 S Main St","Salt Lake City","UT","84101","8015316569","8015316505","504901","Architects Supplies (Wholesale)","www.monsenengineering.com","0","0"
"Western Interior Svc","8019738255","2438 S 2570 W","Salt Lake City","11420000","Ron Israelson","Owner","Mal","76485","W","Western Interior Svc","bob@westerninterior.com","2438 S 2570 W","Salt Lake City","UT","84119","8019738365","8019738255","502122","Office Furniture & Equip-Instltn (Whol)","www.westerninterior.com","0","0"
"Fife Rock Products & Const Co","4357233478","620 E 500 S","Brigham City","15730000","Geneva Fife","President","Fem","76532","F","Fife Rock Products & Const Co","keith@kellerits.com","620 E 500 S","Brigham City","UT","84302","4357237470","4357233478","327301","Ready-Mixed Concrete-Manufacturers","www.fiferock.com","0","0"
"Cirque Corp","8014671100","2463 S 3850 W # A","Salt Lake City","18800000","George Gerpheide","Owner","Mal","76571","C","Cirque Corp","dpolitis@politis.com","2463 S 3850 W # A","Salt Lake City","UT","84120","8014670208","8014671100","357702","Computer Peripherals (Manufacturers)","www.cirque.com","0","0"
"CRUS OIL INC","8014668783","2260 S WEST TEMPLE","SALT LAKE CTY","13500000","JACK CRUS","Owner","M","76922","C","Crus Oil Inc","kimmontgomery@crusoil.com","2260 S West Temple","South Salt Lake","UT","84115","8013930125","8014668783","517214","Oils-Lubricating-Wholesale","www.crusoil.com","0","0"
"National Laser Co","8014673391","175 W 2950 S","South Salt Lake","24346000","Jon Parberry","President","Mal","77288","N","National Laser Co","laser@nationallaser.com","175 W 2950 S","South Salt Lake","UT","84115","8014673394","8014673391","506383","Lasers-Equipment & Service (Wholesale)","www.nationallaser.com","0","0"
"TEXSCAN-Msi","8019560020","2210 Alexander St # A","Salt Lake City","16800000","Joseph Fabiano","CEO","Mal","77333","T","TEXSCAN-Msi","randy@texscan.com","2210 Alexander St # A","Salt Lake City","UT","84119","8019560750","8019560020","506437","Video Equipment-Wholesale","www.texscan-msi.com","0","0"
"IHI Environmental Inc","8014662223","640 Wilmington Ave","Salt Lake City","10560000","Donald E Marano","President","Mal","77417","I","IHI Environmental Inc","ihi@ihi-env.com","640 Wilmington Ave","Salt Lake City","UT","84106","3039892716","8014662223","873111","Environmental & Ecological Services","www.ihi-env.com","0","0"
"Reagan Outdoor Advertising Inc","8015211775","1775 Warm Springs Rd","Salt Lake City","13376000","William Reagan","Owner","Mal","77440","R","Reagan Outdoor Advertising Inc","guy@reaganadv.com","1775 Warm Springs Rd","Salt Lake City","UT","84116","8015219741","8015211775","731201","Advertising-Outdoor","www.reaganadv.com","0","0"
"Semi Services Inc","8015210360","1082 S 300 W","Salt Lake City","12000000","Cliff Wardle","VP","Mal","77754","S","Semi Services Inc","thunt@semiservice.com","1082 S 300 W","Salt Lake City","UT","84101","8015327407","8015210360","501212","Trailers-Truck (Wholesale)","www.semiservice.com","0","0"
"Intermountain Lift Inc","8014893652","1990 S State St","Springville","10293000","Ray Crandall","Owner","Mal","77790","I","Intermountain Lift Inc","cbenson@intermountainlift.com","1990 S State St","Springville","UT","84663","8014893652","8014895852","344106","Steel-Structural (Manufacturers)","www.intermountainlift.com","0","0"
"Linford Brothers Utah Glass Co","8019726161","1245 S 700 W","Salt Lake City","17100000","Paul Linford","Owner","Mal","77902","L","Linford Brothers Utah Glass Co","infodenver@linfordglass.com","1245 S 700 W","Salt Lake City","UT","84104","8019725256","8019726161","344202","Windows-Manufacturers","www.linfordglass.com","0","0"
"Royce Photographics","8019751234","2140 S 1260 W","Salt Lake City","13600000","Roger Bland","Owner","Mal","78692","R","Royce Photographics","sheslop@roycephotographics.com","2140 S 1260 W","Salt Lake City","UT","84119","8019723981","8019751234","508442","Printing Equipment (Wholesale)","www.roycephotographics.com","0","0"
"Southern Utah Fed Credit Union","4356282693","333 E Tabernacle St","St George","13980000","Muriel Blake","CEO","Fem","78695","S","Southern Utah Fed Credit Union","it-support@sufcu.com","333 E Tabernacle St","St George","UT","84770","4356282958","4356282693","606102","Federally Chartered Credit Unions","www.sufcu.org","0","0"
"Ross Equipment Co","8015661261","7285 S 700 W","Midvale","13600000","Merrill Ross","Owner","Mal","78871","R","Ross Equipment Co","ronj@rossequip.com","7285 S 700 W","Midvale","UT","84047","8015650671","8015661261","508401","Drilling & Boring Equip & Supls (Whol)","www.rossequip.com","0","0"
"Physician Sales & Svc","8019770848","3044 S 1030 W # 201","Salt Lake City","16744000","Nora Laskie","Manager","Fem","79421","P","Physician Sales & Svc","webmasterpss@pssd.com","3044 S 1030 W # 201","Salt Lake City","UT","84119","9737758520","8019770848","504704","Physicians & Surgeons Equip & Supls-Whol","www.pssd.com","0","0"
"Utah Railway Co","8013771136","1161 Colorado Ave","Provo","10570000","","","","79710","U","Utah Railway Co","dpowell@gwrr.com","1221 Colorado Ave","Provo","UT","84606","8013740646","8013731760","401101","Railroads","www.gwrr.com","0","0"
"Arlington Scientific","8014898911","1840 N Technology Dr","Springville","20930000","Ben Card","President","Mal","79946","A","Arlington Scientific","clientcare@bluestep.net","1840 N Technology Dr","Springville","UT","84663","2027450902","8014898911","504704","Physicians & Surgeons Equip & Supls-Whol","www.sout.org","0","0"
"Apria Healthcare","8019725353","1555 W 2200 S","West Valley","14950000","Randy De Clue","Manager","Mal","80013","A","Apria Healthcare","jageorge@tribune.com","1555 W 2200 S","West Valley","UT","84119","5704873877","8019725353","504704","Physicians & Surgeons Equip & Supls-Whol","www.apria.com","0","0"
"PAM Oil Inc","8019740833","950 W 2610 S","Salt Lake City","11200000","Lou Wakley","Manager","Mal","80279","P","PAM Oil Inc","rsherman@pamoil.com","950 W 2610 S","Salt Lake City","UT","84119","6053399909","8019740833","501313","Automobile Parts & Supplies-Wholesale","www.pam-companies.com","0","0"
"Team Mechanical","8019911111","151 N 600 W","Kaysville","21900000","Ted Taylor","Plant Mgr","Mal","80282","T","Team Mechanical","jcase@teammechanical.com","151 N 600 W","Kaysville","UT","84037","8019911994","8019911111","171117","Air Conditioning Contractors & Systems","www.teammechanical.com","0","0"
"Roberts & Schaefer Co","8013640900","5225 Wiley Post Way # 300","Salt Lake City","11060000","Brian Pettersen","VP","Mal","80728","R","Roberts & Schaefer Co","rs@eni.com","5225 Wiley Post Way # 300","Salt Lake City","UT","84116","8013640909","8013640900","871106","Engineers","www.r-s.com","0","0"
"Protel Networks","8014851107","1336 S 1100 E # 1","Salt Lake City","11322000","Dave Glissmeyer","Owner","Mal","80990","P","Protel Networks","travisj@protelnetworks.com","1336 S 1100 E # 1","Salt Lake City","UT","84105","8014862419","8014851107","481304","Telephone Companies","www.protelnetworks.com","0","0"
"Intermountain Concrete","8014857325","425 W 1700 S","Salt Lake City","13440000","Jim Arveseth","Owner","Mal","81225","I","Intermountain Concrete","links@ics50.com","425 W 1700 S","Salt Lake City","UT","84115","8014864520","8014857325","503207","Concrete Constr Forms & Acces (Whol)","www.ics50.com","0","0"
"BHS Marketing","8019738232","2320 Indiana Ave","Salt Lake City","13013000","Bruce Schechinger","President","Mal","81584","B","BHS Marketing","gia@bhsmarketing.com","2320 Indiana Ave","Salt Lake City","UT","84104","2084668989","8019738232","516916","Chemicals (Wholesale)","www.bhsmarketing.com","0","0"
"Livingston Food Svc","8015660664","8315 S 700 W","Midvale","21100000","Dick Livingston","Owner","Mal","81621","L","Livingston Food Svc","gbl@livingstonfoodservice.com","8315 S 700 W","Midvale","UT","84047","8015667575","8015660664","514939","Food Service-Distributors","www.livingstonfoodservice.com","0","0"
"Delta Global Svc","8015793620","3823 W 1200 N","Salt Lake City","15251000","Wayne Leystra","Manager","Mal","81768","D","Delta Global Svc","aviation@dalgs.com","3823 W 1200 N","Salt Lake City","UT","84122","8015793548","8015793620","458104","Aircraft Servicing & Maintenance","www.dalgs.com","0","0"
"Naco Industries","4357538020","395 W 1400 N","Logan","22800000","Mike Hopkins","President","Mal","81800","N","Naco Industries","nacosale1@nacopvc.com","395 W 1400 N","Logan","UT","84341","4357527041","4357538020","508503","Pipe Fittings (Wholesale)","www.nacopvc.com","0","0"
"Clark's Quality Roofing","8012669990","334 Anderson Ave","Salt Lake City","13640000","Carl Clark","Owner","Mal","81874","C","Clark's Quality Roofing","janetb@cqrinc.com","334 Anderson Ave","Salt Lake City","UT","84107","8012663692","8012669990","176109","Roofing Contractors","www.cqrinc.com","0","0"
"Sarcos Inc","8015810155","360 Wakara Way","Salt Lake City","14000000","Steve Jacobsen","President","Mal","82089","S","Sarcos Inc","sarcosinfo@sarcos.com","360 Wakara Way","Salt Lake City","UT","84108","8015811151","8015810155","356912","Robots-Manufacturers","www.sarcos.com","0","0"
"Alta View Concrete","8012553580","9547 S 500 W","Sandy","18150000","Craig Wardle","Owner","Mal","82156","A","Alta View Concrete","sreynolds@altaviewconcrete.com","9547 S 500 W","Sandy","UT","84070","8012553580","8012553580","327301","Ready-Mixed Concrete-Manufacturers","www.altaviewconcrete.com","0","0"
"Steve Regan Co","8012684500","4215 S 500 W","Murray","14100000","Steve Harmsen","Owner","Mal","82390","S","Steve Regan Co","kenashby@steveregan.com","4215 S 500 W","Murray","UT","84123","8012684596","8012684500","519102","Farm Supplies (Wholesale)","www.steveregan.com","0","0"
"Royce Industries LC Cleaning","8015671355","1355 W 8040 S","West Jordan","10380000","Elaine Fisher","President","Fem","82631","R","Royce Industries LC Cleaning","randyr@buyroyce.com","1355 W 8040 S","West Jordan","UT","84088","7026336565","8015671355","508755","Pressure Washing Equipment (Wholesale)","www.buyroyce.com","0","0"
"Xerox Corp","8015358500","675 E 500 S # 100","Salt Lake City","24975000","Jay Henderson","Manager","Mal","82983","X","Xerox Corp","ggades@blitzprint.com","675 E 500 S # 100","Salt Lake City","UT","84102","9165610462","8015358500","504403","Copying & Duplicating Machines & Supls","www.xerox.com","0","0"
"Wasatch Meats Inc","8013635747","926 Jefferson St","Salt Lake City","14300000","Richard Broadbent","President","Mal","82992","W","Wasatch Meats Inc","richb@wasatchmeats.com","926 Jefferson St","Salt Lake City","UT","84101","8013635759","8013635747","514704","Meat-Wholesale","www.wasatchmeats.com","0","0"
"Packaging Corp Of America","8013598681","460 W 500 S","Salt Lake City","13350000","Robert Spencer","Manager","Mal","83079","P","Packaging Corp Of America","toni@pa.com","460 W 500 S","Salt Lake City","UT","84101","8013557721","8013598681","265301","Corrugated & Solid Fiber Boxes (Mfrs)","www.pca.com","0","0"
"Midwest Floor Coverings Inc","8019721125","810 W 2500 S","Salt Lake City","14210000","John Parrish","Owner","Mal","83152","N","Novak Flooring","phyde@midwestfloorcoverings.com","810 West 2500 South","SALT LAKE CITY","UT","84119","8019721125","null","175299","Floor Laying Contractor","MIDWESTFLOORCOVERINGS.COM;MIDWESTFLOORS.COM;MIDWESTFLOORSLC.COM","0","0"
"Voyager Productions Inc","4357537412","690 W 200 N","Logan","16450000","Doug Walker","President","Mal","83554","C","Capitol Arts Alliance","lmiles@cache.net","43 South Main","LOGAN","UT","84321","4357537412","4357523334","738999","Business Services Nec","ELLENECCLESTHEATRE.COM^^ELLENECCLESTHEATRE.ORG","0","0"
"Boswell Olsen Enterprises","8017966950","328 S 1250 W","Lindon","12900000","Mark Olsen","Owner","Mal","83642","B","Boswell Olsen Enterprises","molsen@boswellolsen.com","328 S 1250 W","Lindon","UT","84042","8017966951","8017966950","521131","Doors","www.boswellolsen.com","0","0"
