"SQUATTERS PUB BREWERY","8013632739","147 W 300 S","SALT LAKE CTY","5000000","JEFF POLYCHRONIS","Manager","M","1176","S","Squatters Pub Brewery","Peter.Cole@squatter.com","147 W Broadway","Salt Lake City","UT","84101","8013595426","801-363-2739","2082","Malt Beverages (malt extract)","NULL","0","0"
"Summit Group Communications","8015951155","136 E South Temple # 1400","Salt Lake City","5530000","Bill Paulos","CEO","Mal","3140","S","Summit Group Communications","paulos_bill@e-tsg.com","136 E South Temple # 1400","Salt Lake City","UT","84111","8015951165","801-595-1155","731101","Advertising-Agencies & Counselors","NULL","0","0"
"Alumaline Corp Of America","8014870631","57 E Truman Ave","South Salt Lake","7740000","Lamont Tate","Owner","Mal","3536","A","Alumaline Corp Of America","deboraht@alumaline.net","57 E Truman Ave","South Salt Lake","UT","84115","8014879528","8014870631","521116","Screens-Door & Window","www.alumaline.net","0","0"
"GIBBS SMITH PUBLISHER","8015449800","1877 E GENTILE ST","LAYTON","5500000","GIBBS M SMITH","Owner","M","3966","G","Gibbs Smith Publisher","ccr@gibbs-smith.com","PO Box 667","LAYTON","UT","84040","8015449800","8015445582","273198","Books","GIBBS-SMITH.COM;GIBBSSMITH.COM","0","2"
"Penhall Co","8013557364","218 N 2200 W","Salt Lake City","6720000","Larry Henkels","Manager","Mal","6905","P","Penhall Co","mhume@penhall.com","218 N 2200 W","Salt Lake City","UT","84116","7049400369","8013557364","179504","Concrete Breaking Cutting & Sawing & Etc","www.penhall.com","0","0"
"FASHION CABINET MFG INC","8012800646","5440 AXEL PARK RD","WEST JORDAN","6900000","GARY KELSCH","President","M","7266","F","Fashion Cabinet Mfg Inc","jody@fashioncabinet.com","5440 Axel Park Rd","West Jordan","UT","84088","8012808934","8012800646","243401","Cabinets-Manufacturers","www.fashioncabinet.com","0","0"
"All West Sales & Svc","8018869100","4520 W 2100 S","Salt Lake City","6270000","Bud Miller","Owner","Mal","8768","A","All West Sales & Svc","mike@allwestsales.com","4520 W 2100 S","Salt Lake City","UT","84120","8018869300","8018869100","508519","Hose Couplings & Fittings (Wholesale)","www.allwestsales.com","0","0"
"CPS-COMPRESSOR PUMP & SVC","8019730154","3333 W 2400 S","SALT LAKE CTY","5100000","ERIC NELSON","Owner","M","11733","C","CPS-Compressor Pump & Svc","messages@compressor-pump.com","3333 W 2400 S","West Valley","UT","84119","8019739546","8019730154","508402","Compressors-Air & Gas (Wholesale)","www.compressor-pump.com","0","0"
"Transwestern Publishing","4356286286","285 W Tabernacle St # 201","St George","5530000","David Stratford","President","Mal","13185","T","Transwestern Publishing","telltoney@kiwipub.com","285 W Tabernacle St # 201","St George","UT","84770","4356286996","4356286286","731103","Advertising-Directory & Guide","www.kiwipub.com","0","0"
"Boswell & Co","8014897527","1133 N 450 W","Springville","6800000","Chris Boswell","Owner","Mal","14139","B","Boswell & Co","craig@boswellandcompany.com","1133 N 450 W","Springville","UT","84663","8014897547","8014897527","243102","Millwork (Manufacturers)","www.boswellandcompany.com","0","0"
"Gold Tip Corp","8012291666","352 Gold Tip Dr","Orem","7400000","Marvin Carlson","Owner","Mal","14262","G","Gold Tip Corp","walkerk@goldtip.com","352 Gold Tip Dr","Orem","UT","84058","8012291675","8012291666","594143","Archery Equipment & Supplies","www.goldtip.com","0","0"
"Paper Creations","8014639999","1140 Brickyard Rd # 30","Salt Lake City","9066000","Kathryn Hendrickson","Owner","Fem","14293","P","Paper Creations","paper@paper-creations.com","1140 Brickyard Rd # 30","Salt Lake City","UT","84106","8014639999","8014639999","511101","Paper Products (Wholesale)","www.paper-creations.com","0","0"
"ONE STOP CD SHOP","8013036280","2470 S REDWOOD RD","SALT LAKE CTY","5400000","KEN RASMUSSEN","Owner","M","15288","H","Hope Medical Group;  Inc","mark@ouremail.cc","2470 South Redwood Rd","SALT LAKE CITY","UT","84119","8013036280","8013036285","7319","Media services","ONEOFFCD.COM^^ONEOFFINC.COM^^ONEOFFMEDIA.COM","0","0"
"Stanfield Shutter Co Inc","8014678823","3214 S 300 W","Salt Lake City","7740000","Gary Stillman","Owner","Mal","15837","S","Stanfield Shutter Co Inc","shutters@stanfieldshutter.com","3214 S 300 W","Salt Lake City","UT","84115","8014678871","8014678823","521119","Shutters","www.stanfieldshutter.com","0","0"
"Kleins Tri-Cove Co","8019732333","1030 S 700 W","Salt Lake City","5600000","Richard Klein","Owner","Mal","21081","K","Kleins Tri-Cove Co","kleins@kitchenandbath.com","1030 S 700 W","Salt Lake City","UT","84104","8019732358","8019732333","571213","Counter Tops","www.kitchenandbath.com","0","0"
"CERTIFIED ENGINEERING SYSTEMS","8014742740","2949 S MAIN ST","SALT LAKE CTY","5300000","PAUL JONES","Owner","M","22456","C","Certified Engineering Systems","prints@crplots.com","2949 S Main St","South Salt Lake","UT","84115","8014669153","8014742740","504904","Engineering Equipment & Supplies (Whol)","www.reprographics.net","0","0"
"CODE CORP","8014952200","11814 ELECTION RD","DRAPER","6300000","GEORGE POWELL","Chief Executive Office","M","22555","N","Nebo Products","scotth@neboproducts.com","12382 Gateway Park Place Suite #300","DRAPER","UT","84020","8014952200","null","738999","Business Services Nec","NEBOPRODUCTS.COM","0","0"
"Messmers","8015692426","9500 Hawley Park Rd","West Jordan","5676000","David J Messmer","Owner","Mal","22638","M","Messmers","cs@messmers.com","9500 Hawley Park Rd","West Jordan","UT","84088","8015698511","8015692426","285103","Paint-Manufacturers","www.messmers.com","0","0"
"Tanner Group Independent","8019945000","2818 S Redwood Rd","Salt Lake City","5625000","Todd Tanner","Owner","Mal","23438","T","Tanner Group Independent","andy@loudkiap.com","2818 S Redwood Rd","Salt Lake City","UT","84119","8015382322","8019945000","874823","Communications Consultants","www.tannergroup.com","0","0"
"COOKIES BY DESIGN","8018182177","3224 N UNIVERSITY AVE","PROVO","6800000","TYLER SLUFF","Manager","M","26256","C","Cookies By Design","gifts@cookiesbydesign.com","3224 N University Ave","Provo","UT","84604","2514610900","8018182177","546107","Cookies & Crackers","www.cookiesbydesign.com","0","0"
"AIR TERMINAL GIFTS INC","8015752540","PO BOX 22031","SALT LAKE CTY","8000000","TOM CRISMON","President","M","27763","A","Air Terminal Gifts Inc","cust-service@gotoatg.com","750 N Airport Rd","Salt Lake City","UT","84122","8015752541","8015752540","594712","Gift Shops","www.gotoatg.com","0","0"
"Hercules Industries","8019779705","1830 S 3230 W","Salt Lake City","6120000","Linda Moses","Manager","Fem","27772","H","Hercules Industries","pleising@hercmail.com","1830 S 3230 W","Salt Lake City","UT","84104","7195745646","8019779705","507510","Heating Equipment & Systems (Wholesale)","www.herculesindustries.com","0","0"
"CRUMPS PONTIAC CADILLAC GMC","4352573328","655 W MAIN ST","TREMONTON","5700000","BRIAN CRUMP","Owner","M","30172","Y","Yeess Travel","brian@crumps.com","655 West Main St","Tremonton","UT","84337","4352573328","4352571809","4724","Travel agents","crumps.com","0","0"
"Star Foundry & Machine Co","8019725881","976 Pioneer Rd","Salt Lake City","7000000","William R Mc Grath","President","Mal","31048","S","Star Foundry & Machine Co","luo@starfoundry.com","976 Pioneer Rd","Salt Lake City","UT","84104","8019725996","8019725881","332502","Foundries-Steel","www.starfoundry.com","0","0"
"Air Liquide America Corp","8019725893","1676 S 700 W","Salt Lake City","5860000","Tim Dall","Manager","Mal","32122","A","Air Liquide America Corp","shareholders@airliquide.com","1676 S 700 W","Salt Lake City","UT","84104","7085797702","8019725893","281301","Gas-Ind & Medical-Cylinder & Bulk-Mfrs","www.airliquide.com","0","0"
"Rocky Mountain Composites","8017940200","301 W 3000 N","Spanish Fork","8136000","Craig Simpson","Owner","Mal","32660","R","Rocky Mountain Composites","csimpson@rockymountaincomposites.com","301 W 3000 N","Spanish Fork","UT","84660","8017940400","8017940200","381201","Aerospace Industries","www.rockymountaincomposites.com","0","0"
"ABM Janitorial Svc","8019725135","3575 W 1500 S","Salt Lake City","9300000","Richard Peden","Manager","Mal","32999","A","ABM Janitorial Svc","margaret.gan-garrison@carrier.utc.com","3575 W 1500 S","Salt Lake City","UT","84104","5123023988","8019725135","734902","Janitor Service","www.abm.com","0","0"
"Kleinfelder","8012613336","849 Levoy Dr # 200","Salt Lake City","9480000","Renee Zollinger","Manager","Fem","33684","K","Kleinfelder","arishel@kleinfelder.com","849 Levoy Dr # 200","Salt Lake City","UT","84123","4323328559","8012613336","871111","Engineers-Consulting","www.kleinfelder.com","0","0"
"Western Coating Inc","8017823769","1250 W 2350 N","Ogden","5910000","Ben Halderman","Manager","Mal","34632","W","Western Coating Inc","wcsales_au@westerncoating.com","1250 W 2350 N","Ogden","UT","84404","5416883793","8017823769","347904","Coatings-Protective-Manufacturers","www.westerncoating.com","0","0"
"Cottonwood Heights Recreation","8019433160","7500 S 2700 E","Salt Lake City","9860000","Mike Peterson","Executive Director","Mal","35850","C","Cottonwood Heights Recreation","bhopkin@cottonwoodheights.com","7500 S 2700 E","Salt Lake City","UT","84121","8019433595","8019433160","799701","Recreation Centers","www.cottonwoodheights.com","0","0"
"CIR TRAN CORP","8019635112","4125 S 6000 W","SALT LAKE CTY","8700000","IEHAB J HAWATMEH","Chief Executive Office","M","35973","C","Cir Tran Corp","trevor@cirtan.com","4125 S 6000 W","West Valley","UT","84128","8019635180","8019635112","506519","Electronic Equipment & Supplies-Whol","www.cirtran.com","0","0"
"Cedar Fort Inc","8014894084","925 N Main St","Orem","5868000","Lyle Mortimer","Owner","Mal","36219","C","Cedar Fort Inc","cfisher@cedarfort.com","925 N Main St","Orem","UT","84057","8014891097","8014894084","273101","Publishers-Book","www.cedarfort.com","0","0"
"Visage Promotionals","4358741530","825 N Maple St","Hildale","5744000","Carvel Nielsen","Manager","Mal","37773","V","Visage Promotionals","me@anywhere.com","825 N Maple St","Hildale","UT","84784","4358741530","4358741530","519914","Novelties-Wholesale","www.visagepromotionals.com","0","0"
"Seagull Printing Svc Inc","8015651393","20 W 7200 S","Midvale","8512000","Julie Potullan","President","Fem","40728","S","Seagull Printing Svc Inc","anonymous@ftp.seagullprinting.com","20 W 7200 S","Midvale","UT","84047","8015651397","8015651393","275202","Printers","www.seagullprinting.com","0","0"
"Terra Diamond Ind","8019770054","1910 Fremont Dr","Salt Lake City","6210000","Pat O'Day","President","Mal","40885","T","Terra Diamond Ind","design@fourcornered.com","1910 Fremont Dr","Salt Lake City","UT","84104","8019770056","8019770054","342501","Blades (Manufacturers)","www.terradiamond.com","0","0"
"C O Building Systems","4352834040","286 W 100 N","Ephraim","8440000","Craig Oberg","Owner","Mal","42272","C","C O Building Systems","cobuildings@cobuildings.net","286 W 100 N","Ephraim","UT","84627","4352838326","4352834040","344898","Prefabricated Metal Buildings (Mfrs)","www.cobuildings.net","0","0"
"SUNCOR DEVELOPMENT CO","4356349455","2303 N CORAL CANYON BLVD","WASHINGTON","5100000","MICHAEL GARDNER","Manager","M","42700","G","GOLDEN HERITAGE HOMES","ccharlene.king@coralcanyon.com","2303 N Coral Canyon Blvd; #200","Washington","UT","84780","4356349455","null","738999","Business Services Nec","null","0","0"
"INTERNATIONAL URANIUM","4356782221","PO BOX 809","BLANDING","5500000","RICH BARTLETT","Manager","M","43101","I","International Uranium","intluranium@namdo.com","6425 S Highway 191","Blanding","UT","84511","4356782224","4356782221","109498","Uranium Radium Vanadium Ores","www.intluranium.com","0","0"
"New Haven","8017941218","2096 E 7200 S","Spanish Fork","7980000","Mark Mc Gregor","Owner","Mal","45859","N","New Haven","admissions@newhavenrtc.com","2096 E 7200 S","Spanish Fork","UT","84660","8017949558","8017941218","832215","Marriage & Family Counselors","www.newhavenrtc.com","0","1"
"Patent Construction Systems","8015318474","204 Orange St","Salt Lake City","5760000","Alisha Dangerfield","Manager","Fem","47060","P","Patent Construction Systems","tom_a@harco.com","204 Orange St","Salt Lake City","UT","84104","8015962869","8015318474","503207","Concrete Constr Forms & Acces (Whol)","www.harco.com","0","0"
"AMERICAN Distribution Ctr Inc","8019723404","1415 S 3200 W","Salt Lake City","8820000","David Pettit","President","Mal","47833","A","AMERICAN Distribution Ctr Inc","jasonw@americandis.com","1415 S 3200 W","Salt Lake City","UT","84104","8019720346","8019723404","422505","Warehouses-Merchandise & Self Storage","www.americandis.com","0","0"
"Metropolis Design","8012980406","900 N 400 W # 13","North Salt Lake","6300000","Ron Carter","Owner","Mal","48288","M","Metropolis Design","ronc@metropolisdesign.com","900 N 400 W # 13","North Salt Lake","UT","84054","8012999942","8012980406","154102","Designers-Industrial","www.metropolisdesign.com","0","0"
"Price Motor Co Svc Towin","8012242745","744 N State St","Orem","6470000","Scott Price","Owner","Mal","48904","R","Rehm-Brandt's Design","funscott@enol.com","744 North State Street","OREM","UT","84057","8012242745","8012297974","8999","Services NEC","PRICEMOTORCOMPANY.COM","0","0"
"Quality Linen & Towel Supply","8013647786","1024 S 200 W","Salt Lake City","6800000","Lee Crayk","President","Mal","49146","Q","Quality Linen & Towel Supply","inquiries@qualitylinen.com","1024 S 200 W","Salt Lake City","UT","84101","8015218654","8013647786","721302","Linen Supply Service","www.qualitylinen.com","0","0"
"Stock Building Supply","8012258685","1640 N State St","Orem","7740000","Jason Loveless","Manager","Mal","50504","S","Stock Building Supply","portrait@stocksupply.com","1640 N State St","Orem","UT","84057","8012258723","8012258685","521142","Lumber-Retail","www.stockbuildingsupply.com","0","0"
"Keeping Memories Alive","8017983471","260 N Main St","Spanish Fork","7260000","Matt Rosenbaum","Owner","Mal","51621","K","Keeping Memories Alive","comments@scrapbooks.com","260 N Main St","Spanish Fork","UT","84660","8017983420","8017983471","594316","Scrapbook Albums & Supplies","www.scrapbooks.com","0","0"
"T J Clark & Co","4356340309","1145 N 1100 W","St George","7596000","Tom Clark","Owner","Mal","51852","T","T J Clark & Co","erina@tjclark.com","1145 N 1100 W","St George","UT","84770","4356340308","4356340309","514914","Health Food Products-Wholesale","www.tjclark.com","0","0"
"Surewood Forrest Candle Co","4354380211","31 N Main","Beaver","7180000","Cary La Spina","Owner","Mal","52287","S","Surewood Forrest Candle Co","surewoodforest@surewoodforest.com","31 N Main","Beaver","UT","84713","4354385702","4354380211","519942","Candles-Wholesale","www.surewoodforest.com","0","0"
"Holland Equipment Co","8019721601","2870 W 2100 S","Salt Lake City","8257000","Gordon Jensen","Owner","Mal","52378","H","Holland Equipment Co","awilde@hecplows.com","2870 W 2100 S","Salt Lake City","UT","84119","8019726730","8019721601","353198","Construction Machinery & Equip (Mfrs)","www.hecplows.com","0","0"
"Creative Color","8013746484","1550 Gladiola St","Salt Lake City","6000000","Kirk Green","CEO","Mal","53405","C","Creative Color","info.sf@ferraricolor.com","1550 Gladiola St","Salt Lake City","UT","84104","8013554152","8013746484","738402","Photo Finishing-Custom","www.ferraricolor.com","0","0"
"Control4","8015233100","11734 Election Rd # 200","Draper","6600000","Will West","Owner","Mal","55166","C","Control4","control4@coltrin.com","11734 Election Rd # 200","Draper","UT","84020","8015233199","8015233100","173129","Home Automation Systems","www.control4.com","0","0"
"Klas","8013568272","630 Technology Ave","Orem","5100000","Kent Gale","Owner","Mal","56114","K","Klas","klasinfo@healthcomputing.com","630 Technology Ave","Orem","UT","84097","8013776345","8013568272","874213","Marketing Programs & Services","www.healthcomputing.com","0","0"
"Transcript Bulletin Publishing","4358820050","58 N Main St","Tooele","8968000","Scott Dunn","Owner","Mal","57037","T","Transcript Bulletin Publishing","tbp@tooeletranscript.com","58 N Main St","Tooele","UT","84074","4358826123","4358820050","275202","Printers","www.tooeletranscript.com","0","0"
"Financial Network Investment","8015681970","6965 Union Park Ctr # 450","Midvale","5395000","Michael Bell","Manager","Mal","57869","F","Financial Network Investment","reps@ingadvisors.com","6965 Union Park Ctr # 450","Midvale","UT","84047","6267959075","8015681970","628205","Financial Planning Consultants","www.financialnetwork.com","0","0"
"Jedcor Development-Fabrication","8019721927","2110 W 1700 S","Salt Lake City","8000000","Ed Kossin","Owner","Mal","58353","J","Jedcor Development-Fabrication","jdm@jedcor.com","2110 W 1700 S","Salt Lake City","UT","84104","8019726653","8019721927","344403","Sheet Metal Fabricators","www.jedcor.com","0","0"
"CANYON Transportation Inc","8012551841","110 W 9400 S","Sandy","5700000","Robert Dixon","Owner","Mal","58462","C","CANYON Transportation Inc","dallen@canyontransport.com","110 W 9400 S","Sandy","UT","84070","8012551868","8012551841","411101","Airport Transportation Service","www.canyontransport.com","0","0"
"Gurney Trucking","4355293831","2250 N Hwy 260","Aurora","8460000","Scott Gurney","President","Mal","58633","G","Gurney Trucking","gurneyt@gurneytrucking.com","2250 N Hwy 260","Aurora","UT","84620","4355291006","4355293831","421203","Livestock Hauling","www.gurneytrucking.com","0","0"
"Young Living Visitors Ctr","4356237911","3700 N Highway 91","Nephi","5340000","Ruel Thompson","Manager","Mal","58695","Y","Young Living Visitors Ctr","productsupport@youngliving.com","3700 N Highway 91","Nephi","UT","84648","8014655520","4356237911","019101","Farms","www.youngliving.com","0","0"
"Terra Tek","8015842400","400 Wakara Way","Salt Lake City","7900000","Sidney Green","CEO","Mal","61089","T","Terra Tek","houston@terratek.com","400 Wakara Way","Salt Lake City","UT","84108","8015842406","8015842400","871118","Engineers-Geological","www.terratek.com","0","0"
"San Francisco Design Warehouse","8019739135","2610 S 1100 W","Salt Lake City","5710000","Andrew Wallman","Owner","Mal","61512","S","San Francisco Design Warehouse","pypernicholes@sanfrandesign.com","2610 S 1100 W","Salt Lake City","UT","84119","8019730669","8019739135","502107","Furniture-Dealers-Wholesale","www.sanfranciscodesign.biz","0","0"
"Lifetouch National Schl Studio","8015667700","462 W 9400 S","Sandy","7400000","Gil Lund","Manager","Mal","61680","S","Serveco","ty@foxcolorlab.com","9343 S. 670 West","SANDY","UT","84070","8015667700","8015667747","8999","Services NEC","FOXCOLOR.COM^^FOXCOLORLAB.COM^^FOXDIGITALPICS.COM^^FOXDIGITALPIX.COM^^FOXPROFESSIONALCOLOR.COM","0","0"
"Hiller Book Binders","8015212411","631 N 400 W","Salt Lake City","5000000","Andrew Hiller","President","Mal","61846","H","Hiller Book Binders","shannon@weronthenet.com","631 N 400 W","Salt Lake City","UT","84103","8015398000","8015212411","278902","Bookbinders","www.weronthenet.com","0","0"
"TMS Inc","8014842790","51 W Gregson Ave","Salt Lake City","5964000","Paul Burt","Owner","Mal","61860","T","TMS Inc","roger@tmsincc.com","51 W Gregson Ave","Salt Lake City","UT","84115","8014840094","8014842790","507420","Boilers-New & Used (Wholesale)","www.tmsincc.com","0","0"
"Porteous Fastener Co","8019721313","3262 W 1987 S","Salt Lake City","5698000","Bill Stone","Manager","Mal","61879","P","Porteous Fastener Co","qa@porteousfastener.com","3262 W 1987 S","Salt Lake City","UT","84104","9015661932","8019721313","507201","Bolts & Nuts (Wholesale)","www.porteousfastener.com","0","0"
"Orchard Park Care Ctr","8012240921","740 N 300 E","Orem","5145000","Justin Allen","Administrator","Mal","62225","O","Orchard Park Care Ctr","kcoulling@childrenshomeofwheeling.com","740 N 300 E","Orem","UT","84057","8012249797","8012240921","805101","Nursing & Convalescent Homes","www.orchardpark.com","0","0"
"International Down & Feather","8014677611","1455 S 1100 E","Salt Lake City","8160000","Wilford Lieber","Owner","Mal","62342","I","International Down & Feather","zjfdl@163.net","1455 S 1100 E","Salt Lake City","UT","84105","8014677711","8014677611","873402","Laboratories-Testing","www.idfl.com","0","0"
"KEPCO","8019750909","1987 S 700 W","SALT LAKE CTY","8400000","CHRIS KNAPHUS","Chief Executive Office","M","62395","K","KEPCO","Bruce.Knaphus@kepcopower.com","1626 S 700 W","Salt Lake City","UT","84104","8019759911","801-975-0909","3281","Cut Stone and Stone Products","NULL","0","0"
"Clearfield Billing Ctr","8019261322","399 S State St","Clearfield","5150000","Paul Wilder","Manager","Mal","62601","C","Clearfield Billing Ctr","corporate@rotech.com","399 S State St","Clearfield","UT","84015","5036390969","8019261322","872103","Billing Service","www.rotech.com","0","0"
"Huetter Mill & Cabinet Co","8012639437","4736 Riverside Dr","Salt Lake City","7650000","Gordon Huetter","Owner","Mal","62943","H","Huetter Mill & Cabinet Co","cabinets@huettermill.com","4736 Riverside Dr","Salt Lake City","UT","84123","8012630425","8012639437","243102","Millwork (Manufacturers)","www.huettermill.com","0","0"
"Uinta Telecommunications LLC","4356457770","2142 Belle Star Ct","Park City","5050000","Michael Amici","Owner","Mal","63529","U","Uinta Telecommunications LLC","richardg@spiritwolfx.com","2142 Belle Star Ct","Park City","UT","84060","4102358382","4356457770","506563","Telecommunication Equip/Syst-Whol/Mfrs","www.pricemodern.com","0","0"
"Corporate Office Environments","8015680088","3788 W 2270 S # D","Salt Lake City","5710000","William R Persch","President","Mal","63809","C","Corporate Office Environments","thomas@corp-office.com","3788 W 2270 S # D","Salt Lake City","UT","84120","8015680099","8015680088","502112","Office Furniture & Equip-Dealers (Whol)","www.corp-office.com","0","0"
"Peak Alarm","8014867231","1534 Gladiola St","Salt Lake City","5829000","Jerry Howe","Owner","Mal","64192","P","Peak Alarm","dispatch@peakalarm.com","1534 Gladiola St","Salt Lake City","UT","84104","8014864931","8014867231","738102","Security Guard & Patrol Service","www.peakalarm.com","0","0"
"All Resort Limousine","4356491995","1821 Sidewinder Dr","Park City","5900000","Gordon Cummins","Owner","Mal","64240","A","All Resort Limousine","lincoln@allresort.com","1821 Sidewinder Dr","Park City","UT","84060","4356494977","4356491995","411903","Limousine Service","www.allresortlimo.com","0","0"
"Cameron","4357810434","1442 E Highway 40","Vernal","6528000","Nolan Massey","Manager","Mal","64746","C","Cameron","alx@cooldev.com","1442 E Highway 40","Vernal","UT","84078","5015686000","4357810434","508428","Oil Field Equipment (Wholesale)","www.orbitvalve.com","0","0"
"Jans Mountain Recreation Eprts","4356494949","1600 Park Pl","Park City","7400000","Jake Jacobson","Manager","Mal","64976","J","Jans Mountain Recreation Eprts","jackw@jans.com","1600 Park Pl","Park City","UT","84098","4356497511","4356494949","594113","Sporting Goods-Retail","www.jans.com","0","0"
"Project Reality","8013648080","150 E 700 S","Salt Lake City","6450000","","","","65025","P","Project Reality","project@projectreality.net","150 E 700 S","Salt Lake City","UT","84111","8013648098","8013648080","839901","Drug Abuse & Addiction Info & Treatment","www.projectreality.net","0","0"
"Gritton & Assoc","8014860767","235 W 2950 S","South Salt Lake","6958000","Steve Gritton","Owner","Mal","65078","G","Gritton & Assoc","kgritton@gritton.com","235 W 2950 S","South Salt Lake","UT","84115","8014856364","8014860767","507417","Steam Traps (Wholesale)","www.gritton.com","0","0"
"Progressive Transfer","8012771400","1981 Murray Holladay Rd # 100","Salt Lake City","5005000","Kurt Hughes","VP","Mal","66165","P","Progressive Transfer","ewr@cypress.com","1981 Murray Holladay Rd # 100","Salt Lake City","UT","84117","6508544706","8012771400","628901","Stock & Bond Transfer Agents","www.interwest.com","0","0"
"Printelligent","8012262456","2607 Decker Lake Blvd # 200","Salt Lake City","9780000","Ryan Ashton","CEO","Mal","66700","P","Printelligent","inquiries@printelligent.com","2607 Decker Lake Blvd # 200","Salt Lake City","UT","84119","8012262456","8012262456","737801","Computers-Service & Repair","www.printelligent.com","0","0"
"IWI","8018862255","1515 W 2200 S","SALT LAKE CTY","9300000","SCOTT MC CLELLAN","Owner","M","66712","I","IWI","luther@iwiwitness.com","1515 W 2200 S","West Valley","UT","84119","8018862849","8018862255","641102","Insurance Adjusters","www.iwiwitness.com","0","0"
"Cole Sport Summer Furniture","4356494806","1615 Park Pl","Park City","8400000","Gary Cole","Owner","Mal","66943","C","Cole Sport Summer Furniture","best@aeoo.com","1615 Park Pl","Park City","UT","84098","2147062828","4356494806","799964","Skiing Equipment-Rental","www.addisonsecurities.com","0","0"
"Hertz Rent A Car","8017736300","1575 N Main St","Layton","6580000","David Williams","Manager","Mal","67081","H","Hertz Rent A Car","kroberts@overlandwest.com","1575 N Main St","Layton","UT","84041","8017730452","8017736300","751401","Automobile Renting","www.hertzlayton.com","0","0"
"Quality Craft Woodworks","4356231707","9010 N Rocky Ridge Rd","Mona","8610000","Darrell Allred","VP","Mal","67577","Q","Quality Craft Woodworks","Darrell.Allred@qualitycraft.com","HC 60 Box 203","Mona","UT","84645","4356231714","435-623-1707","2434","Wood Kitchen Cabinets","NULL","0","0"
"Mountain States Schoolbook","8017733200","Freeport W # N7","Clearfield","6383000","Rob Cunningham","Manager","Mal","67691","M","Mountain States Schoolbook","scott.cressall@mssd.com","Freeport W # N7","Clearfield","UT","84015","8017733265","8017733200","519202","Book Dealers-Wholesale","www.mssd.com","0","0"
"ITT Industries Inc","8019367924","450 W 100 N","North Salt Lake","6100000","Pat Raymond","Manager","Mal","67760","I","ITT Industries Inc","proleads@itt.com","450 W 100 N","North Salt Lake","UT","84054","8019365422","8019367924","769978","Compressors-Air & Gas-Repairing","www.goulds.com","0","0"
"Imagistics International Inc","8012630665","585 W 3900 S # 2","Salt Lake City","6660000","Dean Cotter","Manager","Mal","68058","I","Imagistics International Inc","susan.barker@imagistics.com","585 W 3900 S # 2","Salt Lake City","UT","84123","3238574600","8012630665","504403","Copying & Duplicating Machines & Supls","www.imagistics.com","0","0"
"Aramark Uniform Svc","8012636334","3679 S 700 W","Salt Lake City","5576000","Trent Thorn","Manager","Mal","68210","A","Aramark Uniform Svc","aus_rental@uniform.aramark.com","3679 S 700 W","Salt Lake City","UT","84119","2543999023","8012636334","569921","Uniform Supply Service","www.aramarkuniform.com","0","0"
"Central Utah Technologies","4354273900","25 N State St","Fairview","5661000","Dale Lewis","Owner","Mal","68513","C","Central Utah Technologies","msr@wrld.net","25 N State St","Fairview","UT","84629","4354273990","4354273900","481306","Long Distance Telephone Service","www.wrldalliance.com","0","0"
"Quartz International Corp","8015690440","8095 Welby Park Dr","West Jordan","5600000","Kelly Van Otten","Manager","Fem","69428","Q","Quartz International Corp","saintgobain-58056@cvmail.com","8095 Welby Park Dr","West Jordan","UT","84088","7657681273","8015690440","322905","Glassware-Manufacturers","www.saint-gobain.com","0","0"
"Press Media","8013736996","1601 W 820 N","Provo","5320000","Darren Wooden","Owner","Mal","69693","P","Press Media","tyler@press-media.com","1601 W 820 N","Provo","UT","84601","8013752147","8013736996","275202","Printers","www.press-media.com","0","0"
"Mc Farland & Hullinger","4358820103","8960 Highway 40","Tooele","5285000","Sid Hullinger","Owner","Mal","69922","M","Mc Farland & Hullinger","jbunn@brokenarrowusa.com","8960 Highway 40","Tooele","UT","84074","4358826911","4358820103","421306","Trucking-Liquid & Dry Bulk","www.brokenarrowusa.com","0","0"
"Pegus Research","8014879899","1425 S 700 E","Salt Lake City","5150000","David Mc Cammon","President","Mal","70122","P","Pegus Research","allenj@pegus.com","1425 S 700 E","Salt Lake City","UT","84105","8014879806","8014879899","873204","Market Research & Analysis","www.pegus.com","0","0"
"Mt Olympus Waters Inc","8019745000","1825 S 3730 W","Salt Lake City","9350000","William C Bailey","Owner","Mal","70696","M","Mt Olympus Waters Inc","vernal@mowi.com","1825 S 3730 W","Salt Lake City","UT","84104","8019730110","8019745000","549903","Water Companies-Bottled, Bulk, Etc","Bulk","0","0"
"Fondell Woodwork","8017684467","1657 N State St","Lehi","7650000","John Fondell","Owner","Mal","70822","F","Fondell Woodwork","hpanek@fondellwoodwork.com","1657 N State St","Lehi","UT","84043","8017684467","8017684469","243102","Millwork (Manufacturers)","www.fondellwoodwork.com","0","0"
"ZIMMERMAN EQUIPMENT CO","4357810454","275 S 800 E","VERNAL","6800000","BILL ZIMMERMAN","Owner","M","71052","Z","Zimmerman Equipment Co","wayne@zeco.biz","275 S 800 E","Vernal","UT","84078","4357890255","4357810454","138905","Oil Field Service","www.zeco.biz","0","0"
"Valley Game & Gourmet","8015212345","47 Orange St # A8","Salt Lake City","5152000","Davee Schuh","Owner","Fem","71880","V","Valley Game & Gourmet","kevin@valleygame.com","47 Orange St # A8","Salt Lake City","UT","84116","8015321935","8015212345","514704","Meat-Wholesale","www.valleygame.com","0","0"
"S & S STEEL FABRICATION","4356359801","2292 W 500 N","HURRICANE","5400000","MIKE STAPLES","Owner","M","74134","S","S & S Steel Fabrication","joel@sssteel.com","2292 W 500 N","Hurricane","UT","84737","4356359804","4356359801","344198","Fabricated Structural Metal (Mfrs)","www.sssteelfab.com","0","0"
"Scholastic Book Fairs","8015010499","12382 Gateway Park Pl","Draper","9820000","Rick Madrigal","Manager","Mal","74165","S","Scholastic Book Fairs","thescholasticstore@scholastic.com","12382 Gateway Park Pl","Draper","UT","84020","9158774974","8015010499","519202","Book Dealers-Wholesale","www.scholastic.com","0","0"
"Canyonlands Film Society","4352593456","36 S 100 E","Moab","5130000","","","","74747","M","Matthew L. Travers","gps@moab.net","3230 Rimrock Lane","MOAB","UT","84532","4352593456","null","8999","Services NEC","GRANDPRODUCTIONSERVICES.COM","0","0"
"Miller Brothers Express LC","4352456025","560 W 400 N","Hyrum","9870000","Kris Miller","Manager","Mal","75444","M","Miller Brothers Express LC","mrusch@mbexlc.com","560 W 400 N","Hyrum","UT","84319","4352454853","4352456025","421203","Livestock Hauling","www.mbexlc.com","0","0"
"Michael A Clark Trucking Inc","8019745988","1812 Empire Rd # I","Salt Lake City","5436000","Diane Clark","Owner","Fem","75502","M","Michael A Clark Trucking Inc","debbie@clarktrucking.com","1812 Empire Rd # I","Salt Lake City","UT","84104","8019732150","8019745988","421309","Trucking-Motor Freight","www.clarktrucking.com","0","0"
"Redman Van & Storage Co","8019724420","2571 W 2590 S","Salt Lake City","6175000","John Eberhardt","President","Mal","75535","R","Redman Van & Storage Co","sue@redmanvan.com","2571 W 2590 S","Salt Lake City","UT","84119","8019726598","8019724420","421401","Movers","www.redmanvan.com","0","0"
"Folsom Associates","8019724600","1815 W 2300 S","West Valley","8160000","Mike Marston","Manager","Mal","75570","F","Folsom Associates","jimf@folsomassoc.com","1815 W 2300 S","West Valley","UT","84119","8019750753","8019724600","508444","Pumps (Wholesale)","www.folsomassoc.com","0","0"
"Style Craft Frames & Wall Dcr","8019724154","1650 S Redwood Rd","Salt Lake City","6700000","Wayne Hammond","Owner","Mal","76046","S","Style Craft Frames & Wall Dcr","bob@stylecraftframes.com","1650 S Redwood Rd","Salt Lake City","UT","84104","8019740252","8019724154","599927","Picture Frames-Dealers","www.stylecraftframes.com","0","0"
"Intermountain Farmers Assn","8015710125","1045 E 12400 S","Draper","9310000","Jeff Meek","Manager","Mal","76106","I","Intermountain Farmers Assn","brendan@ifa.com","1071 Pioneer Rd","Draper","UT","84020","8015717085","8015710125","519114","Fertilizers (Wholesale)","www.ifa.com","0","0"
"TRAM Electric Inc","4356377291","2956 S Highway 10","Price","5900000","David Zaccarria","President","Mal","76994","T","TRAM Electric Inc","tony@tramelectric.com","2956 S Highway 10","Price","UT","84501","4356374663","4356377291","762999","Electrical & Electronic Repair Shops Nec","www.tramelectric.com","0","0"
"Tharco","8019730100","1471 Industrial Rd","Salt Lake City","6675000","Dan Lancaster","Manager","Mal","77029","T","Tharco","sales-pnx@tharco.com","1471 Industrial Rd","Salt Lake City","UT","84104","3033715536","8019730100","265301","Corrugated & Solid Fiber Boxes (Mfrs)","www.tharco.com","0","0"
"Critical Laser Technologies","8017853738","930 W 410 N","Lindon","5264000","Mark Petersen","Owner","Mal","77562","C","Critical Laser Technologies","nfo@criticallaser.com","930 W 410 N","Lindon","UT","84042","8017853741","8017853738","506383","Lasers-Equipment & Service (Wholesale)","www.criticallaser.com","0","0"
"Creative Custom Confections","8017334467","12577 S 265 W","Draper","5310000","Lee Sponaugle","Owner","Mal","77585","C","Creative Custom Confections","jo@jaxxi.com","12577 S 265 W","Draper","UT","84020","8017334467","8017334467","514501","Candy & Confectionery-Wholesale","www.creativeconfections.com","0","0"
"Paragon Press Inc","8019783500","2532 S 3270 W","Salt Lake City","7150000","Ken Wayman","Owner","Mal","77611","P","Paragon Press Inc","ben@paragonpress.com","2532 S 3270 W","Salt Lake City","UT","84119","8019783505","8019783500","275998","Commercial Printing Nec","www.paragonpress.com","0","0"
"PRG-Schultz Intl Inc","8012930939","6056 Fashionsquare Dr # 300","Murray","8240000","Tina Lewis","Manager","Fem","77842","P","PRG-Schultz Intl Inc","bob.schwalbe@data2logistics.com","6056 Fashionsquare Dr # 300","Murray","UT","84107","8012930626","8012930939","872102","Accounting & Bookkeeping General Svc","www.data2logistics.com","0","0"
"Sunset Rail","4356234943","1075 N 500 W","Nephi","8940000","Brian Jacobson","VP","Mal","78074","S","Sunset Rail","bryan@sunsetrail.com","1075 N 500 W","Nephi","UT","84648","4356235915","4356234943","344698","Architectural/Ornamental Mtl Work (Mfrs)","www.sunsetrail.com","0","0"
"LYON CO","8019722888","1600 S 4650 W","SALT LAKE CTY","5200000","PAUL LYON","Owner","M","78165","E","Errol Ross","sdeleeuw@stainlesssteelworks.com","1837 S 3230 W","SALT LAKE CITY","UT","84104","8019722888","8019722890","738999","Business Services Nec","stainlesssteelworks.com","0","0"
"Green River Stone","4357534069","450 W 1400 N","Logan","7240000","Greg Laco","President","Mal","78602","G","Green River Stone","enquiries@geodiscoveries.com","450 W 1400 N","Logan","UT","84341","4357134417","4357534069","509223","Wholesalers","www.greenriverstone.com","0","0"
"CDI Media","8019770077","2323 S 3600 W","Salt Lake City","9000000","Gary Jackson","Owner","Mal","78636","C","CDI Media","jsnow@cdimedia.com","2323 S 3600 W","Salt Lake City","UT","84119","8019770120","8019770077","781902","Video Tape Duplication Service","www.cdimedia.com","0","0"
"Intermountain Rigging & Hvyhl","8019725581","961 Pioneer Rd","Salt Lake City","9295000","Steve Knight","Owner","Mal","78718","I","Intermountain Rigging & Hvyhl","paula@intermountainrigging.com","961 Pioneer Rd","Salt Lake City","UT","84104","8019740834","8019725581","138914","Riggers","www.intermountainrigging.com","0","0"
"Carr Printing Co","8012952321","580 W 100 N","Bountiful","9880000","Lloyd Carr","President","Mal","78984","C","Carr Printing Co","preflight101@carrprinting.com","580 W 100 N","Bountiful","UT","84010","8012955489","8012952321","275202","Printers","www.carrprinting.com","0","0"
"Friend Tire Svc Inc","8019773788","1949 W 2300 S","West Valley","5760000","Stacey Odle","Manager","Mal","79057","F","Friend Tire Svc Inc","mo~jimbudd@friendtire.com","1949 W 2300 S","West Valley","UT","84119","4172353062","8019773788","501401","Tire-Distributors","www.friendtire.com","0","0"
"Spectrum Sports Inc","4352450587","720 W 200 S","Logan","8140000","Greg Nielson","Owner","Mal","79117","S","Spectrum Sports Inc","jripp@spectrumsports.com","720 W 200 S","Logan","UT","84321","4352450454","4352450587","594123","Backpacking & Mountaineering-Equip/Supl","www.spectrumsports.com","0","0"
"DAVIS SECURITY","8015834100","2601 SUNNYSIDE AVE","SALT LAKE CTY","6000000","JOHN DAVIS","Chief Executive Office","M","79297","D","Davis Security","john@davissecurity.net","2601 Sunnyside Ave","Salt Lake City","UT","84108","8015834161","8015834100","738102","Security Guard & Patrol Service","www.davissecurity.net","0","0"
"Anagraphica Inc","8019759900","1906 S 3850 W","Salt Lake City","7200000","Lawrence Benson","President","Mal","79454","A","Anagraphica Inc","clyons@anagraphica.com","1906 S 3850 W","Salt Lake City","UT","84104","8019759962","8019759900","733609","Silk Screen Printing","www.anagraphica.com","0","0"
"Composites One","8012665506","4026 S West Temple","Murray","5688000","Lee Pelca","Manager","Mal","79781","C","Composites One","corporatehq@compositesone.com","4026 S West Temple","Murray","UT","84107","7708221909","8012665506","503305","Fiber Glass Materials (Wholesale)","www.compositesone.com","0","0"
"PGM Inc","8012270623","1215 S 1680 W","Orem","5150000","Emilee Fyfe","Manager","Fem","80039","P","PGM Inc","laurar@pgminc.com","1680 W 1215 S","Orem","UT","84058","8012270623","8014349546","873204","Market Research & Analysis","www.pgminc.com","0","0"
"Memories","8012940430","1168 W 500 N","Centerville","7865000","Steve Ruelle","CEO","Mal","80689","M","Memories","jweston@makingmemories.com","1168 W 500 N","Centerville","UT","84014","8012940439","8012940430","594316","Scrapbook Albums & Supplies","www.makingmemories.com","0","0"
"Link Trucking Inc","8019726220","1235 S 3200 W","Salt Lake City","8305000","Bill Palmer","President","Mal","80786","L","Link Trucking Inc","bill@mail.linktrucking.com","1235 S 3200 W","Salt Lake City","UT","84104","8019726261","8019726220","421309","Trucking-Motor Freight","www.linktrucking.com","0","0"
"Parsons Infrastructure & Tech","8015725999","406 W South Jordan Pkwy # 300","South Jordan","6162000","Edward Staes","Manager","Mal","80908","P","Parsons Infrastructure & Tech","steve.puttrich@parsons.com","406 W South Jordan Pkwy # 300","South Jordan","UT","84095","2482620988","8015725999","871111","Engineers-Consulting","www.parsons.com","0","0"
"NACM Intermountain","8014878786","7410 Creek Rd # 301","Sandy","5012000","Logan Bagley","President","Mal","81051","N","NACM Intermountain","gbates@nacmint.com","7410 Creek Rd # 301","Sandy","UT","84093","8014841891","8014878786","732301","Credit Reporting Agencies","www.nacmint.com","0","0"
"Alpha Protech Inc","8013555816","236 N 2200 W","Salt Lake City","9568000","John Jensen","Plant Mgr","Mal","81147","A","Alpha Protech Inc","jbordin@alphaprotech.com","236 N 2200 W","Salt Lake City","UT","84116","6087551408","8013555816","504704","Physicians & Surgeons Equip & Supls-Whol","www.alphaprotech.com","0","0"
"Hobbytron","8017550122","1053 S 1680 W","Orem","6720000","Tim Gibson","Owner","Mal","81235","H","Hobbytron","chris@hobbytron.com","1053 S 1680 W","Orem","UT","84058","8017550122","8017550122","594508","Hobby & Model Constr Supplies-Retail","www.hobbytron.com","0","0"
"Applied Signal Technology Inc","8019087555","1128 W 2400 S # B","Salt Lake City","6520000","Jon Bohanon","Manager","Mal","81859","A","Applied Signal Technology Inc","25-publications@appsig.com","1128 W 2400 S # B","Salt Lake City","UT","84119","4087391928","8019087555","366302","Communication Equipment-Manufacturers","www.appsig.com","0","0"
"Buehner Block Co","8014675456","2800 S West Temple","Salt Lake City","9225000","Kent Mortensen","President","Mal","81965","B","Buehner Block Co","hollie@buehnerblock.com","2800 S West Temple","Salt Lake City","UT","84115","8014670866","8014675456","327101","Concrete-Block & Brick (Manufacturers)","www.buehnerblock.com","0","0"
"Michael Baker Jr Inc","8012554400","6955 Union Park Ctr # 370","Midvale","5530000","Dwight Schock","Manager","Mal","82065","M","Michael Baker Jr Inc","sallen@mbakercorp.com","6955 Union Park Ctr # 370","Midvale","UT","84047","3127078804","8012554400","871110","Engineers-Civil","www.mbakercorp.com","0","0"
"Sun Lithographing Co","8019726120","2105 W 2300 S","West Valley","7296000","Dave Cook","President","Mal","82187","S","Sun Lithographing Co","mike@sunlitho.net","2105 W 2300 S","West Valley","UT","84119","8019720351","8019726120","275202","Printers","www.sunlitho.net","0","0"
"Dessco Diesel Electric Svc","8019721836","652 W 1700 S","Salt Lake City","7616000","Chuck Harris","Owner","Mal","82295","D","Diesel Electric Service & Supply Co","cornerworks@inficad.com","652 W 1700 So","SALT LAKE CITY","UT","84104","8019721836","8019757316","173101","Electric Contractors","DESSCO.COM","0","2"
"J T Steel Inc","8012803520","9550 Hawley Park Rd","West Jordan","9855000","Jerry Taylor","Owner","Mal","82564","J","J T Steel Inc","sblakey@jtsteel.com","9550 Hawley Park Rd","West Jordan","UT","84088","8012808198","8012803520","344198","Fabricated Structural Metal (Mfrs)","www.jtsteel.com","0","0"
"Western Metals Recycling","8013734224","685 S Freedom Blvd","Provo","8780000","Jay Lamb","Plant Mgr","Mal","83028","W","Western Metals Recycling","geg@djj.com","685 S Freedom Blvd","Provo","UT","84601","8046468117","8013734224","509312","Recycling Centers (Wholesale)","www.djj.com","0","0"
"Sanpete Steel Corp","4354368310","685 E Main St","Moroni","5037000","Gary Richards","Manager","Mal","83098","S","Sanpete Steel Corp","jim@sanpetesteel.com","685 E Main St","Moroni","UT","84646","4354368340","4354368310","344198","Fabricated Structural Metal (Mfrs)","www.sanpetesteel.com","0","0"
"WHEELWRIGHT LUMBER CO","8016270850","3127 MIDLAND DR","OGDEN","6400000","PAUL WHEELWRIGHT","Owner","M","83274","W","Wheelwright Lumber Co","jim@wlcutah.com","3127 Midland Dr","Ogden","UT","84401","8016279933","8016270850","521142","Lumber-Retail","www.wheelwrightlumber.com","0","0"
"INTERMOUNTAIN CLAIMS","8014667993","1543 E 3300 S","SALT LAKE CTY","5400000","MARK INGERSOLL","Manager","M","83493","I","Intermountain Claims","claims@idahoic.com","1543 E 3300 S","Salt Lake City","UT","84106","8014661749","8014667993","641102","Insurance Adjusters","www.idahoic.com","0","0"
"Science Applications Intl Corp","8013991487","2675 Industrial Dr # 303","Ogden","6328000","Paul Geiss","Manager","Mal","83572","S","Science Applications Intl Corp","constance.a.custer@saic.com","2675 Industrial Dr # 303","Ogden","UT","84401","7173032802","8013991487","381201","Aerospace Industries","www.saic.com","0","0"
