mail id,company,email,address,phone,fax,sic,sic description,web,,revenue id,company,address,city,state,zip,	metro,web,phone,fax,contact,position,gender,sales,# of employee,sic,sic_descrpiton,	,,
"77323","Bill Whittle & Assoc","Whittle-Bill@primerica.com","3636 S Sherwood Forest Blvd","2252950385","2252931484","641109","Insurance-Life (Agents)","NULL"," Email <---> Revenue ","39908","Bill Whittle & Assoc","3636 S Sherwood Forest Blvd","Baton Rouge","LA","70816","E Baton Rouge","www.primerica.com","2252931484","2252950385","Bill Whittle","Owner","Mal","16560000","120","641109","Insurance-Li","4","0","1"
"61352","Pss World Medical","webmasterpss@pssd.com","1250 Kanvasback Dr","9737758520","3372375049","504704","Physicians & Surgeons Equip & Supls-Whol","www.pssd.com"," Email <---> Revenue ","154741","Pss World Medical","1250 Kanvasback Dr","St Rose","LA","70087","St Charles","www.pssd.com","3372375049","5044698424","Josh Horton","Manager","Mal","23920000","40","504704","Physicians &","4","0","1"
"92368","Machine Specialty & Mfg Inc","wdugas@machine-spec.com","215 Rousseau Rd","3378370062","3378370020","353301","Oil Field Equipment-Manufacturers","www.machine-specialty.com"," Email <---> Revenue ","125888","Machine Specialty & Mfg Inc","215 Rousseau Rd","Youngsville","LA","70592","Lafayette","www.machine-specialty.com","3378370020","3378370062","Andrew Vige","President","Mal","19320000","70","353301","Oil Field Eq","4","0","1"
"74756","CDI Engineering Solutions","vince.webb@cdicorp.com","2900 Westfork Dr # 100","4076481641","2252974600","871111","Engineers-Consulting","www.cdicorp.com"," Email <---> Revenue ","47040","CDI Engineering Solutions","2900 Westfork Dr # 100","Baton Rouge","LA","70827","E Baton Rouge","www.cdicorp.com","2252974600","2252974699","Paul Hough","VP","Mal","15800000","100","871111","Engineers-Co","4","0","1"
"72578","Nortrax South","usedparts@nortrax.com","6321 Masonic Dr","7158318230","3184420455","508206","Contractors-Equip/Supls-Dlrs/Svc (Whol)","www.nortrax.com"," Email <---> Revenue ","141791","Nortrax South","6321 Masonic Dr","Alexandria","LA","71301","Rapides","www.nortrax.com","3184420455","3184429929","David Breezley","Manager","Mal","13320000","20","508206","Contractors-","4","0","1"
"24800","Mountain Side Carpets","unique@i-55.com","14334 E Firestone Boulevard","2255671944","2255672757","571305","Carpet & Rug Dealers","metaldepot.net"," Email <---> Revenue ","192912","Unique Systems","19466 Florida Blvd","Albany","LA","70711","Livingston","www.metaldepot.net","2255671944","2255672757","Mary Jenkins","Owner","Fem","13140000","30","154210","Buildings-Me","4","0","1"
"31465","Sav-A-Center Store","trapmail.unprotected@apt.com","101 N Military Rd","9856398140","9856460741","541105","Grocers-Retail","www.apt.com"," Email <---> Revenue ","167551","Sav-A-Center Store","101 N Military Rd","Slidell","LA","70461","St Tammany","www.apt.com","9856460741","9856398140","Russell Veazey","Manager","Mal","18200000","100","541105","Grocers-Reta","4","0","1"
"61962","Cross Electric","Tommy@thecrossgroup.com","1116 Bayou Lacarpe Rd","NULL","9858511047","491101","Electric Companies","NULL"," Email <---> Revenue ","62604","Cross Electric","1116 Bayou Lacarpe Rd","Houma","LA","70363","Terrebonne","www.thecrossgroup.com","9858511047","","Tommy Thompson","Owner","Mal","18480000","30","491101","Electric Com","4","0","1"
"52860","General Corrugated","Tom@nationalpsg.com","6140 Jefferson Hwy","5047332360","5042422122","265301","Corrugated & Solid Fiber Boxes (Mfrs)","NULL"," Email <---> Revenue ","88023","General Corrugated","6140 Jefferson Hwy","New Orleans","LA","70123","Jefferson","www.nationalpsg.com","5042422122","5047332360","Tom Mastri","President","Mal","13350000","50","265301","Corrugated &","4","0","1"
"87302","Gulf Marine & Ind Supplies Inc","texas.service@gulfmarine.net","401 Saint Joseph St","5045254761","5045256252","509905","Importers","www.gulfmarine.net"," Email <---> Revenue ","92903","Gulf Marine & Ind Supplies Inc","401 Saint Joseph St","New Orleans","LA","70130","Orleans","www.gulfmarine.net","5045256252","5045254761","Steve Cotsoradis","Owner","Mal","14600000","56","509905","Importers","4","0","1"
"14993","Superior Fabricators Inc","superfab@cox-internet.com","155 Gordy Rd","3379237517","3379237271","344106","Steel-Structural (Manufacturers)","www.superiorfabricators.com"," Email <---> Revenue ","182127","Superior Fabricators Inc","155 Gordy Rd","Baldwin","LA","70514","St Mary","www.superiorfabricators.com","3379237271","3379237517","L J Bergeron","President","Mal","20000000","125","344106","Steel-Struct","4","0","1"
"94579","Wink Engineering","stevie@winkink.com","4949 Bullard Ave # 100","5042468759","5042467924","871111","Engineers-Consulting","www.winkink.com"," Email <---> Revenue ","201727","Wink Engineering","4949 Bullard Ave # 100","New Orleans","LA","70128","Orleans","www.winkink.com","5042467924","5042468759","Larry D Wink","Owner","Mal","13600000","385","871111","Engineers-Co","4","0","1"
"84807","Dolese Brothers Co","shuff@mmcmaterials.com","8806 S Choctaw Dr","6018984030","2259295060","327301","Ready-Mixed Concrete-Manufacturers","www.mmcmaterials.com"," Email <---> Revenue ","70416","Dolese Brothers Co","8806 S Choctaw Dr","Baton Rouge","LA","70815","E Baton Rouge","www.mmcmaterials.com","2259295060","2259295061","Rod Osburn","Manager","Mal","18150000","75","327301","Ready-Mixed ","4","0","1"
"51035","Fred Jones Mfg Co","shipping@fredjones.com","4471 Michoud Blvd","9013651981","5042549423","509908","Manufacturers-Agents & Representatives","www.fredjones.com"," Email <---> Revenue ","85099","Fred Jones Mfg Co","4471 Michoud Blvd","New Orleans","LA","70129","Orleans","www.fredjones.com","5042549423","5042543317","Marsak Chisim","Manager","Fem","10384000","11","509908","Manufacturer","4","0","1"
"20791","Bernard Productions","sherman@bernardproductions.com","2125 Highway 90 W","5044368434","5044368434","506507","Sound Systems & Equipment (Wholesale)","www.bernardproductions.com"," Email <---> Revenue ","38527","Bernard Productions","2125 Highway 90 W","Avondale","LA","70094","Jefferson","www.bernardproductions.com","5044368434","","Sherman Bernard","Owner","Mal","14140000","14","506507","Sound System","4","0","1"
"91605","Lake Charles Rubber & Gasket","shaymon@lakecharlesrubber.com","930 3rd Ave","3374368289","3374331002","508548","Rubber Products-Wholesale","www.lakecharlesrubber.com"," Email <---> Revenue ","10114","Lake Charles Rubber & Gasket","930 3rd Ave","Lake Charles","LA","70601","Calcasieu","www.lakecharlesrubber.com","3374331002","3374368289","Bryan Vincent","Manager","Mal","17100000","30","508548","Rubber Produ","4","0","1"
"87420","Satsuma Valves & Controls","sandyt@soutitle.com","9074 Florida Blvd","2256651840","2256646502","508513","Valves-Wholesale","www.satsumavalve.com"," Email <---> Revenue ","167497","Satsuma Valves & Controls","9074 Florida Blvd","Walker","LA","70785","Livingston","www.satsumavalve.com","2256646502","2256651840","Nell Faust","Owner","Mal","17100000","30","508513","Valves-Whole","4","0","1"
"91516","Waste Management Inc","sales_virginiamaryland@wm.com","6280 Millhaven Rd","7016423795","3183430765","495302","Garbage Collection","www.wastemanagement.com"," Email <---> Revenue ","198105","Waste Management Inc","6280 Millhaven Rd","Monroe","LA","71203","Ouachita","www.wastemanagement.com","3183430765","3183453140","Danny Parker","Plant Mgr","Mal","21700000","100","495302","Garbage Coll","4","0","1"
"93988","Waste Management Inc","sales_puertorico@wm.com","7170 John Brannon Rd","6062853654","3375832169","495303","Landfills-Sanitary","www.wm.com"," Email <---> Revenue ","198107","Waste Management Inc","7170 John Brannon Rd","Sulphur","LA","70665","Calcasieu","www.wm.com","3375832169","3375834615","Chuck Grant","President","Mal","21700000","100","495303","Landfills-Sa","4","0","1"
"84590","Sav-A-Center Store","sac_customer@aptea.com","110 Gause Blvd W","2252611095","9857811392","541105","Grocers-Retail","www.savacenter.com"," Email <---> Revenue ","167552","Sav-A-Center Store","110 Gause Blvd W","Slidell","LA","70460","St Tammany","www.savacenter.com","9857811392","","Kevin Leevy","Manager","Mal","10920000","60","541105","Grocers-Reta","4","0","1"
"89879","Wilco Marsh Buggies Inc","rwilson@wilcomarshbuggies.com","1304 Macarthur Ave","5043418487","5043413409","138905","Oil Field Service","www.wilcomarshbuggies.com"," Email <---> Revenue ","200671","Wilco Marsh Buggies Inc","1304 Macarthur Ave","Harvey","LA","70058","Jefferson","www.wilcomarshbuggies.com","5043413409","5043418487","John Wilson Sr","President","Mal","10010000","70","138905","Oil Field Se","4","0","1"
"69121","Austin Fire Equip","russell@stopfire.com","38027 Post Office Rd","2256775104","2256779850","506324","Burglar Alarm Systems (Wholesale)","www.stopfire.com"," Email <---> Revenue ","32055","Austin Fire Equip","38027 Post Office Rd","Prairieville","LA","70769","Ascension","www.stopfire.com","2256779850","2256775104","Russell Ritchie","Owner","Mal","11844000","18","506324","Burglar Alar","4","0","1"
"82637","Angelle Concrete Inc","ronmatt@angelleconcrete.com","1623 Highway 90 W","3378247485","3378240886","521128","Concrete-Ready Mixed","www.angelleconcrete.com"," Email <---> Revenue ","28764","Angelle Concrete Inc","1623 Highway 90 W","Jennings","LA","70546","Jefferson Dvs","www.angelleconcrete.com","3378240886","3378247485","Frank Angelle","Owner","Mal","19350000","75","521128","Concrete-Rea","4","0","1"
"6830","C & S Safety Systems","Rodney@candssafety.com","915 Granada Dr","3373673417","3373642212","506308","Fire Alarm Systems (Wholesale)","NULL"," Email <---> Revenue ","46419","C & S Safety Systems","915 Granada Dr","New Iberia","LA","70560","Iberia","www.candssafety.com","3373642212","3373673417","Rodney Comeaux","Owner","Mal","11844000","18","506308","Fire Alarm S","4","0","1"
"81945","Litton Marine Systems","Rodney.Williams@litton.com","1865 Industrial Blvd","5043289855","504-328-9171","3812","Search","Detection"," Email <---> Revenue ","121749","Litton Marine Systems","1865 Industrial Blvd","Harvey","LA","70058","Jefferson","","5043289171","5043286855","John Dufrene","Manager","Mal","21580000","65","555127","Marine Elect","4","0","1"
"94613","Wilson Warehouse Co Inc","robertb@wilsonwarehouse.com","2400 Sorrel Ave","4098865104","2253433443","422105","Warehouses-Commodity & Merchandise","www.wilsonwarehouse.com"," Email <---> Revenue ","201538","Wilson Warehouse Co Inc","2400 Sorrel Ave","Baton Rouge","LA","70802","E Baton Rouge","www.wilsonwarehouse.com","2253433443","2253448599","Robert Baldridge","President","Mal","11620000","70","422105","Warehouses-C","4","0","1"
"89741","Coburn Supply Co","rnoland@coburns.com","2005 Claiborne Ave","3372339128","3182228618","507406","Plumbing Fixtures & Supplies-Wholesale","www.coburns.com"," Email <---> Revenue ","57609","Coburn Supply Co","2005 Claiborne Ave","Shreveport","LA","71103","Caddo","www.coburns.com","3182228618","3182228610","Steve Hergenrader","Manager","Mal","10934000","22","507406","Plumbing Fix","4","0","1"
"93522","Manny's Sanitary Supplies Inc","rlantier@amsan.com","4866 Tchoupitoulas St","5048992358","5048992358","508724","Janitors Equipment/Supplies (Wholesale)","www.mannys.com"," Email <---> Revenue ","127202","Manny's Sanitary Supplies Inc","4866 Tchoupitoulas St","New Orleans","LA","70115","Orleans","www.mannys.com","5048992358","5048917924","Richard Lantier","CEO","Mal","11000000","78","508724","Janitors Equ","4","0","1"
"19444","Dupont Building Inc","RGuidry@dupontbuilding.com","PO Box 1400","3377755268","3377755928","503305","Fiber Glass Materials (Wholesale)","NULL"," Email <---> Revenue ","72906","Dupont Building Inc","141 Vejay St","Cameron","LA","70631","Cameron","www.dupontbuilding.com","3377755928","3377755268","Ricky Guidry","Owner","Mal","18960000","30","503305","Fiber Glass ","4","0","1"
"87497","Inland Seafood Inc","retailsales@inlandseafood.com","2527 Perdido St","4043505855","5048214500","514601","Seafood-Wholesale","www.inlandseafood.com"," Email <---> Revenue ","102766","Inland Seafood Inc","2527 Perdido St","New Orleans","LA","70119","Orleans","www.inlandseafood.com","5048214500","5048214540","Eddie Cochran","Manager","Mal","18810000","30","514601","Seafood-Whol","4","0","1"
"57727","Graybar Electric Co","retailersolutions@gbe.com","2536 Linwood Ave","8059673753","3184253271","506330","Electric Equipment & Supplies-Wholesale","www.graybar.com"," Email <---> Revenue ","91250","Graybar Electric Co","2536 Linwood Ave","Shreveport","LA","71103","Caddo","www.graybar.com","3184253271","3182216644","Dick Smith","Manager","Mal","10528000","16","506330","Electric Equ","4","0","1"
"35111","Sysco Food Svc Of New Orleans","resumes@corp.sysco.com","303 Christman Rd","5152895380","3374377316","514101","Food Products (Wholesale)","www.sysco.com"," Email <---> Revenue ","16091","Sysco Food Svc Of New Orleans","303 Christman Rd","Lake Charles","LA","70615","Calcasieu","www.sysco.com","3374377316","3374377994","Marty Viator","Manager","Mal","17055000","15","514101","Food Product","4","0","1"
"87405","KTVE (NBC-10) / KARD (FOX 14)","region10@bayou.com","200 Pavilion Rd","3183231972","3183258727","483301","Television Stations & Broadcasting Co","www.region10.com"," Email <---> Revenue ","111519","KARD","200 Pavilion Rd","West Monroe","LA","71292","Ouachita","www.kard.com","3183231972","","Lyida Guillory","President","Fem","10428000","33","483301","Television S","4","0","1"
"60900","Denbury Resources Inc","randy@denbury.com","71683 Riverside Dr","9858931314","9858931530","131101","Oil & Gas Producers","NULL"," Email <---> Revenue ","68015","Denbury Resources Inc","71683 Riverside Dr","Covington","LA","70433","St Tammany","","9858931530","9858931314","Robin Mingo","President","","20280000","20","131101","Oil & Gas Pr","4","0","1"
"80815","Wood Group Light Ind Turbines","press.office.americas@woodgroup.com","116 Jarrell Dr","3073823481","5043945093","351101","Turbines-Manufacturers","www.woodgroup.com"," Email <---> Revenue ","202355","Wood Group Light Ind Turbines","116 Jarrell Dr","Belle Chasse","LA","70037","Plaquemines","www.woodgroup.com","5043945093","5043931409","Mark Forsyth","President","Mal","10808000","28","351101","Turbines-Man","4","0","1"
"47898","Project Consulting Svc Inc","pcs@projectconsulting.com","3300 W Esplanade Ave S # 500","5048334940","5048335321","871111","Engineers-Consulting","www.projectconsulting.com"," Email <---> Revenue ","154429","Project Consulting Svc Inc","3300 W Esplanade Ave S # 500","Metairie","LA","70002","Jefferson","www.projectconsulting.com","5048335321","5048334940","Gary Vogt","President","Mal","11060000","70","871111","Engineers-Co","4","0","1"
"3226","Parish Truck Sales Inc","paul@parishtrucks.com","10459 Airline Hwy","5044667569","5044679630","501302","Truck Equipment & Parts-Wholesale","www.parishtruck.com"," Email <---> Revenue ","146298","Parish Truck Sales Inc","10459 Airline Hwy","St Rose","LA","70087","St Charles","www.parishtruck.com","5044679630","5044667569","Michael Whitlow","President","Mal","11648000","26","501302","Truck Equipm","4","0","1"
"7983","Gulf Coast Analytical Lab","Pat@gcal.com","7979 G S R I Rd","2257675717","2257694900","873111","Environmental & Ecological Services","NULL"," Email <---> Revenue ","92737","Gulf Coast Analytical Lab","7979 G S R I Rd","Baton Rouge","LA","70820","E Baton Rouge","www.gcal.com","2257694900","2257675717","Pat Burne","Owner","Mal","10560000","60","873111","Environmenta","4","0","1"
"73717","Poly Corr Inc","pam@polycorr.com","2201 Forsythe Ave","3183229600","3183227117","516202","Plastics-Products-Finished-Wholesale","www.polycorr.com"," Email <---> Revenue ","151762","Poly Corr Inc","2201 Forsythe Ave","Monroe","LA","71201","Ouachita","www.polycorr.com","3183227117","3183229600","Nelson Abell Iii","Owner","Mal","11561000","11","516202","Plastics-Pro","4","0","1"
"32056","Cox Media","orlofsky@orlofsky.com","7401 Florida Blvd","2259262090","2259230860","484101","Television-Cable & Catv","www.dvd-register.com"," Email <---> Revenue ","61437","Cox Media","7401 Florida Blvd","Baton Rouge","LA","70806","E Baton Rouge","www.dvd-register.com","2259230860","2259262090","Dawn Benoit","Manager","Fem","12882000","38","484101","Television-C","4","0","1"
"55834","Price Seafood Inc","norris.price@stavis.com","5737 Highway 56","9855947748","9855943067","514603","Shrimp-Wholesale","NULL"," Email <---> Revenue ","153443","Price Seafood Inc","5737 Highway 56","Chauvin","LA","70344","Terrebonne","","9855943067","9855947748","Norris Price","Owner","Mal","11913000","19","514603","Shrimp-Whole","4","0","1"
"80814","Moran Printing Inc","Nicky.Taylor@emprint.com","5425 Florida Blvd","2259231078","2259232550","275202","Printers","NULL"," Email <---> Revenue ","135031","Moran Printing Inc","5425 Florida Blvd","Baton Rouge","LA","70806","E Baton Rouge","www.moranprinting.com","2259232550","2259231078","M Moran","Owner","Mal","11400000","75","275202","Printers","4","0","1"
"22860","Murphy Cormier General Contrs","Murphy@hootsystems.com","2885 Highway 14 E","3374777904","3374742804","358916","Sewer Cleaning Equipment & Supplies-Mfrs","NULL"," Email <---> Revenue ","11965","Murphy Cormier General Contrs","2885 Highway 14 E","Lake Charles","LA","70607","Calcasieu","www.hootsystems.com","3374742804","3374777904","Murphy Cormier","Owner","Mal","13664000","61","358916","Sewer Cleani","4","0","1"
"63221","Metier","Mickey@metier.com","75 Wadley St","3184874482","3184457036","259901","Furniture-Manufacturers","NULL"," Email <---> Revenue ","131847","Metier","75 Wadley St","Pineville","LA","71360","Rapides","www.bakermanufacturing.com","3184457036","3184874482","Mickey Agee","President","Mal","15200000","100","259901","Furniture-Ma","4","0","1"
"80126","KSHV","michaelh@kshv.com","3519 Jewella Ave","3186314195","3186314545","483301","Television Stations & Broadcasting CO","www.kmsstv.com"," Email <---> Revenue ","111835","KSHV","3519 Jewella Ave","Shreveport","LA","71109","Caddo","www.kmsstv.com","3186314545","3186314195","Mark Cummings","Manager","Mal","15800000","50","483301","Television S","4","0","1"
"80489","Etheredge Electric Co","metheredge@eecmotor.com","6719 Woolworth Rd","3186879064","3186885351","362102","Electric Motors-Manufacturers","www.eecmotor.com"," Email <---> Revenue ","77555","Etheredge Electric Co","6719 Woolworth Rd","Shreveport","LA","71129","Caddo","www.eecmotor.com","3186885351","3186879064","Mike Etheredge","Owner","Mal","10368000","48","362102","Electric Mot","4","0","1"
"16182","Interco Tire Corp","meta@intercotire.com","2412 Abbeville Hwy","3373349796","3373343814","509905","Importers","www.intercotire.com"," Email <---> Revenue ","103145","Interco Tire Corp","2412 Abbeville Hwy","Rayne","LA","70578","Acadia","www.intercotire.com","3373343814","3373349796","Warren Guidry","Owner","Mal","14160000","15","509905","Importers","4","0","1"
"59814","Acadian Land Svc","meta@acadianland.com","321 Travis St # C","3372333020","3372370069","621102","Oil Land Leases","www.acadianland.com"," Email <---> Revenue ","448","Acadian Land Svc","321 Travis St # C","Lafayette","LA","70503","Lafayette","www.acadianland.com","3372370069","3372333020","Todd Fontenot","Owner","Mal","10050000","25","621102","Oil Land Lea","4","0","1"
"85964","Building Specialties Co","memberid@yourdomain.com","527 3rd St","9493670877","5048950322","503207","Concrete Constr Forms & Acces (Whol)","www.yourscrapbookheaven.com"," Email <---> Revenue ","45151","Building Specialties Co","527 3rd St","New Orleans","LA","70130","Orleans","www.buildingspecialtiesonline.net","5048950322","5048950366","Larry Hecker","Owner","Mal","10080000","21","503207","Concrete Con","4","0","1"
"86591","Rexel","mdaniel@rexelusa.com","3514 Industrial Dr","7074264361","3187419722","506330","Electric Equipment & Supplies-Wholesale","www.rexelusa.com"," Email <---> Revenue ","160479","Rexel","3514 Industrial Dr","Bossier City","LA","71112","Bossier","www.rexelusa.com","3187419722","3187419667","Hollis Jones","Manager","Mal","11844000","18","506330","Electric Equ","4","0","1"
"72269","Morris P Hebert Inc","mcapello@mphinc.com","283 Corporate Dr","9858769052","9858792731","873111","Environmental & Ecological Services","www.mphinc.com"," Email <---> Revenue ","135382","Morris P Hebert Inc","283 Corporate Dr","Houma","LA","70360","Terrebonne","www.mphinc.com","9858792731","9858769052","Morris P Hebert","Owner","Mal","10560000","60","873111","Environmenta","4","0","1"
"11576","On Time Wildlife Feeders","Marvin@ontimefeeder.com","110 E Railroad Ave","3182551101","3182551834","508312","Feeders-Industrial (Wholesale)","NULL"," Email <---> Revenue ","143664","On Time Wildlife Feeders","110 E Railroad Ave","Ruston","LA","71270","Lincoln","www.ontimefeeder.com","3182551834","3182551101","Marvin Sherrard","Owner","Mal","19920000","40","508312","Feeders-Indu","4","0","1"
"60950","Peter A Mayer Advertising","MarkMayer@peteramayer.com","324 Camp St","5045813009","5045817191","731101","Advertising-Agencies & Counselors","NULL"," Email <---> Revenue ","149065","Peter A Mayer Advertising","324 Camp St","New Orleans","LA","70130","Orleans","www.peteramayer.com","5045817191","5045813009","Mark Mayer","President","Mal","15800000","100","731101","Advertising-","4","0","1"
"92776","Gulf Crane Svc","maritza@gulfcraneservices.com","73413 Bollfield Dr","9858924061","9858920056","351103","Hydraulic Equipment-Manufacturers","www.gulfcraneservices.com"," Email <---> Revenue ","92870","Gulf Crane Svc","73413 Bollfield Dr","Covington","LA","70435","St Tammany","www.gulfcraneservices.com","9858920056","9858924061","Charlie Bollinger","Owner","Mal","11580000","30","351103","Hydraulic Eq","4","0","1"
"94227","International-Matex Tank","marc.dulude@imttque.com","11842 River Rd","7574857166","5044683997","422602","Storage-Liquid & Bulk","www.imtt.com"," Email <---> Revenue ","103446","International-Matex Tank","11842 River Rd","St Rose","LA","70087","St Charles","www.imtt.com","5044683997","5044688886","John Little","Plant Mgr","Mal","20670000","130","422602","Storage-Liqu","4","0","1"
"91247","Industrial Electric Motor Svc","manager@iemsbr.com","13930 Airline Hwy","2257562997","2257562229","362102","Electric Motors-Manufacturers","www.iemsbr.com"," Email <---> Revenue ","102500","Industrial Electric Motor Svc","13930 Airline Hwy","Baton Rouge","LA","70817","E Baton Rouge","www.iemsbr.com","2257562229","2257562997","Archie Shaw","Owner","Mal","15120000","70","362102","Electric Mot","4","0","1"
"87845","Rexel Southern","lvestal@rexelusa.com","8536 S Choctaw Dr","2149391604","2259263800","506330","Electric Equipment & Supplies-Wholesale","www.rexelusa.com"," Email <---> Revenue ","160476","Rexel Southern","8536 S Choctaw Dr","Baton Rouge","LA","70815","E Baton Rouge","www.rexelusa.com","2259263800","2259264103","Gus Richard","Manager","Mal","17108000","26","506330","Electric Equ","4","0","1"
"58251","Teche Electric Supply Inc","lhebert@teche-electric.com","410 Eraste Landry Rd","3372343105","3372347427","521135","Electric Equipment & Supplies-Retail","NULL"," Email <---> Revenue ","16250","Teche Electric Supply Inc","410 Eraste Landry Rd","Lafayette","LA","70506","Lafayette","","3372347427","3372343105","Bruin Hays","President","Mal","15480000","60","521135","Electric Equ","4","0","1"
"33966","Bernhard Mechanical Contrs Inc","laoffice@bernhardmechanical.com","10321 Airline Hwy","3372324937","2252932791","171114","Mechanical Contractors","www.bernhardmechanical.com"," Email <---> Revenue ","38560","Bernhard Mechanical Contrs Inc","10321 Airline Hwy","Baton Rouge","LA","70816","E Baton Rouge","www.bernhardmechanical.com","2252932791","2252960931","C Robert Bernhard Jr","VP","Mal","17900000","50","171114","Mechanical C","4","0","1"
"41432","Louisiana Special Systems","Kelly@lss-online.com","579 Nap Ln","3379422194","3379425522","506308","Fire Alarm Systems (Wholesale)","NULL"," Email <---> Revenue ","123942","Louisiana Special Systems","579 Nap Ln","Opelousas","LA","70570","St Landry","www.lss-online.com","3379425522","3379422194","Kelly Mayeux","Owner","Mal","10528000","16","506308","Fire Alarm S","4","0","1"
"70368","Coburn Supply Co","kbabin@coburns.com","2601 W Landry St","4098398157","3379488266","507406","Plumbing Fixtures & Supplies-Wholesale","www.coburns.com"," Email <---> Revenue ","57612","Coburn Supply Co","2601 W Landry St","Opelousas","LA","70570","St Landry","www.coburns.com","3379488266","3379488715","James Arnaud","Manager","Mal","10934000","22","507406","Plumbing Fix","4","0","1"
"91822","Brentwood","JS@brentw.com","1006 Highland Ave","3182279296","3186787500","806301","Mental Health Services","NULL"," Email <---> Revenue ","43379","Brentwood","1006 Highland Ave","Shreveport","LA","71101","Caddo","","3186787500","3182279296","J Paul Smith","CEO","Mal","22761000","281","806301","Mental Healt","4","0","1"
"79011","Riceland Foods Inc","jruff@riceland.com","613 W Mill St","3377833670","3377833372","204401","Rice Mills","www.riceland.com"," Email <---> Revenue ","160680","Riceland Foods Inc","613 W Mill St","Crowley","LA","70526","Acadia","www.riceland.com","3377833372","3377833670","Al Dore","Manager","Mal","24240000","30","204401","Rice Mills","4","0","1"
"92704","Louisiana Industries","jraab@txi.com","4919 Construction Ave","9038852125","3183875831","327301","Ready-Mixed Concrete-Manufacturers","www.txi.com"," Email <---> Revenue ","123504","Louisiana Industries","4919 Construction Ave","Monroe","LA","71203","Ouachita","www.txi.com","3183875831","3183250915","Craig Newton","Plant Mgr","Mal","12100000","50","327301","Ready-Mixed ","4","0","1"
"28136","Angelle Concrete Inc","jody.lee@angelleconcrete.com","17437 Airline Hwy","2256736181","2256735710","521128","Concrete-Ready Mixed","NULL"," Email <---> Revenue ","28765","Angelle Concrete Inc","17437 Airline Hwy","Prairieville","LA","70769","Ascension","","2256735710","2256736181","Warner Ingelle","Owner","Mal","12900000","50","521128","Concrete-Rea","4","0","1"
"79725","Universal Furniture","jlott@universalfurniture.com","1111 S Broad St","5049457224","5048225515","571216","Furniture-Dealers-Retail","NULL"," Email <---> Revenue ","193416","Universal Furniture","1111 S Broad St","New Orleans","LA","70125","Orleans","","5048225515","5049457224","C J Dawson","President","Mal","12000000","60","571216","Furniture-De","4","0","1"
"83556","Yourjewelrycatalog.com;","jjohnson@gradycrawford.com","12290 Greenwell Springs Road","2252757334","null","594409","Jewelers","null"," Email <---> Revenue ","90780","Grady Crawford Construction Co","12290 Greenwell Springs Rd","Baton Rouge","LA","70814","E Baton Rouge","","2252757334","2252757536","Grady Crawford","Owner","Mal","12800000","150","162308","Utility Cont","4","0","1"
"35678","Gaylord Chemical Co","jferguso@gaylordchem.com","106 Galeria Blvd","9856490068","9856495464","289905","Chemicals-Manufacturers","www.gaylordchemical.com"," Email <---> Revenue ","87767","Gaylord Chemical Co","106 Galeria Blvd","Slidell","LA","70458","St Tammany","www.gaylordchemical.com","9856495464","9856490068","Paul Dennis","President","Mal","20000000","46","289905","Chemicals-Ma","4","0","1"
"87611","Burk-Kleinpeter Inc","jdelaune@bkiusa.com","4176 Canal St","2057599166","5044865901","871110","Engineers-Civil","www.bkiusa.com"," Email <---> Revenue ","45582","Burk-Kleinpeter Inc","4176 Canal St","New Orleans","LA","70119","Orleans","www.bkiusa.com","5044865901","5044881714","William Burk","Partner","Mal","15642000","99","871110","Engineers-Ci","4","0","1"
"28313","Hunt Engine Inc","jbiggs@huntengine.com","1133 1st Ave","5043495785","5043407034","508414","Engines-Diesel (Wholesale)","NULL"," Email <---> Revenue ","100981","Hunt Engine Inc","1133 1st Ave","Harvey","LA","70058","Jefferson","","5043407034","5043495785","Paul Olano","President","Mal","11300000","65","508414","Engines-Dies","4","0","1"
"68394","Petro-Chem Equipment Co","janett@petrochemequipment.com","4338 S Jeffrey Dr","2252911033","2252928400","516928","Chemical Plant-Equipment & Supls (Whol)","www.petrochemequipment.com"," Email <---> Revenue ","149205","Petro-Chem Equipment Co","4338 S Jeffrey Dr","Baton Rouge","LA","70816","E Baton Rouge","www.petrochemequipment.com","2252928400","2252911033","Kevin Turner","Owner","Mal","11011000","11","516928","Chemical Pla","4","0","1"
"74180","R J Tricon Co","james.blakeney@rjtricon.com","755 Tchoupitoulas St","5045223894","5045223891","508410","Conveyors & Conveying Equipment (Whol)","www.rjtricon.com"," Email <---> Revenue ","156298","R J Tricon Co","755 Tchoupitoulas St","New Orleans","LA","70130","Orleans","www.rjtricon.com","5045223891","5045223894","Eric Groh","President","Mal","10880000","20","508410","Conveyors & ","4","0","1"
"44647","Industrial Electronic Supply","jackson@goies.com","3575 Choctaw Dr","2253574249","2253574249","506519","Electronic Equipment & Supplies-Whol","www.goies.com"," Email <---> Revenue ","102507","Industrial Electronic Supply","3575 Choctaw Dr","Baton Rouge","LA","70805","E Baton Rouge","www.goies.com","2253574249","2253559712","Steve Overlease","Manager","Mal","11110000","11","506519","Electronic E","4","0","1"
"84584","Gulf Coast Office Products Inc","infono@gcopnet.com","5801 River Oaks Rd S","5047333840","5047333830","504403","Copying & Duplicating Machines & Supls","www.gcopnet.com"," Email <---> Revenue ","92817","Gulf Coast Office Products Inc","5801 River Oaks Rd S","Harahan","LA","70123","Jefferson","www.gcopnet.com","5047333830","5047333840","Bob Walsh","Owner","Mal","12987000","39","504403","Copying & Du","4","0","1"
"13726","Healthcare Center","hrrecruiter@stjamesplace.com","333 Lee Dr","2257699641","2257691407","805102","Health Care Facilities","www.stjamesplace.com"," Email <---> Revenue ","96363","Healthcare Center","333 Lee Dr","Baton Rouge","LA","70808","E Baton Rouge","www.stjamesplace.com","2257691407","2257699641","Kenneth P Ritter","President","Mal","13230000","270","805102","Health Care ","4","0","1"
"39207","Southeast Property Advisors","groussel@sewartsupply.com","P. O. Drawer L","9853850380","9853850471","5311","Retail shops","sewartsupply.com"," Email <---> Revenue ","169546","Sewart Supply Inc","7026 Highway 182 E","Morgan City","LA","70380","St Mary","","9853850380","9853850471","Al Adams","President","Mal","13000000","20","555113","Marine Equip","4","0","1"
"92885","Tango Transport","Gorman@tangotransport.com","6009 Financial Plz","NULL","3189325792","421309","Trucking-Motor Freight","NULL"," Email <---> Revenue ","184245","Tango Transport","6009 Financial Plz","Shreveport","LA","71129","Caddo","www.tangotransport.com","3189325792","","Robert Gorman","Owner","Mal","15100000","100","421309","Trucking-Mot","4","0","1"
"33521","Southern Steel","Glasgow.Chris@betainternational.com","3725 Highway 90 E","3378375644","3378391932","505106","Steel-Distributors & Warehouses","NULL"," Email <---> Revenue ","174916","Southern Steel","3725 Highway 90 E","Broussard","LA","70518","Lafayette","","3378391932","3378375644","Chris Glasgow","Owner","Mal","10470000","10","505106","Steel-Distri","4","0","1"
"63611","Quality Truss","Gerald@qualitytruss.com","139 Ups Rd","3182559332","3182555959","503108","Timber & Timberland Companies (Whol)","NULL"," Email <---> Revenue ","155527","Quality Truss","139 Ups Rd","Ruston","LA","71270","Lincoln","","3182555959","3182559332","Gerald Rugg","President","Mal","19062000","27","503108","Timber & Tim","4","0","1"
"94318","AAA Cooper Transportation","ftm@aaacooper.com","620 Dakin St","9123677833","5048312500","421309","Trucking-Motor Freight","www.aaacooper.com"," Email <---> Revenue ","20083","AAA Cooper Transportation","620 Dakin St","Jefferson","LA","70121","Jefferson","www.aaacooper.com","5048312500","5048348260","Chad Harris","Manager","Mal","10570000","70","421309","Trucking-Mot","4","0","1"
"72080","Egan Hub Partners","ethicsofficer@duke-energy.com","401 Ida Fruge Dr","6194097000","3378246100","131101","Oil & Gas Producers","www.duke-energy.com"," Email <---> Revenue ","75398","Egan Hub Partners","401 Ida Fruge Dr","Evangeline","LA","70537","Acadia","www.duke-energy.com","3378246100","3378248020","Larry Fondon","Manager","Mal","12168000","12","131101","Oil & Gas Pr","4","0","1"
"18083","Jani-King Of New Orleans","Enmon@janikinggulfcoast.com","520 Elmwood Park Blvd","5044419709","5044419700","679401","Franchising","NULL"," Email <---> Revenue ","106555","Jani-King Of New Orleans","520 Elmwood Park Blvd","New Orleans","LA","70123","Jefferson","www.janikinggulfcoast.com","5044419700","5044419709","Tom Enmon","Owner","Mal","12460000","20","679401","Franchising","4","0","1"
"34926","MADDOX & ASSOCIATES;APC","emmita@eatel.net","1434 North Burnside Ave. Suite 30","2256473601","2256447791","5411","Food products","PAYLESSFOODSTORES.COM"," Email <---> Revenue ","147503","Pay-Less Supermarket","1434 N Burnside Ave # 30","Gonzales","LA","70737","Ascension","","2256473601","2256447791","Marcy Le Blanc","President","Mal","11500000","14","541105","Grocers-Reta","4","0","1"
"42189","Gulf States Intermodal Inc","elaviolette@boassoamerica.com","100 Intermodal Dr","5042770113","5042798544","421309","Trucking-Motor Freight","NULL"," Email <---> Revenue ","93068","Gulf States Intermodal Inc","100 Intermodal Dr","Chalmette","LA","70043","St Bernard","","5042798544","5042770113","Walter Boasso","Owner","Mal","22650000","150","421309","Trucking-Mot","4","0","1"
"86647","URS Corp","egginc@urscorp.com","3500 N Causeway Blvd # 900","2178753577","5048376326","871111","Engineers-Consulting","www.urscorp.com"," Email <---> Revenue ","191571","URS Corp","3500 N Causeway Blvd # 900","Metairie","LA","70002","Jefferson","www.urscorp.com","5048376326","5048318860","Vincent Provenza","Manager","Mal","13430000","85","871111","Engineers-Co","4","0","1"
"86710","Deep South Equipment Co","ed.sutherland@deepsouthequipment.com","4201 Michoud Blvd","9035952594","5042542700","508457","Trucks-Industrial (Wholesale)","www.deepsouthequipment.com"," Email <---> Revenue ","67270","Deep South Equipment Co","4201 Michoud Blvd","New Orleans","LA","70129","Orleans","www.deepsouthequipment.com","5042542700","5042540858","Jim Johnson","Owner","Mal","21600000","35","508457","Trucks-Indus","4","0","1"
"92988","Regional Fabricators Inc","ecomb@regionalfab.com","1905 Diver Dr","3373673482","3373673488","344198","Fabricated Structural Metal (Mfrs)","www.regionalfab.com"," Email <---> Revenue ","159323","Regional Fabricators Inc","1905 Diver Dr","New Iberia","LA","70560","Iberia","www.regionalfab.com","3373673488","3373673482","Larry Berges","President","Mal","14235000","65","344198","Fabricated S","4","0","1"
"30717","Gary's","E_Gary@garysinc.com","1071 Jackson St","NULL","9854462739","517208","Gas-Liquefied Petro-Bttld/Bulk (Whol)","NULL"," Email <---> Revenue ","87453","Gary's","1071 Jackson St","Thibodaux","LA","70301","Lafourche","","9854462739","","Gary Earlbacher","Owner","Mal","16770000","5","517208","Gas-Liquefie","4","0","1"
"60747","R & S Machines","DReppond@rs-supply.com","204 N Franklin St","3182818589","3182816568","505107","Pipe-Wholesale","NULL"," Email <---> Revenue ","156095","R & S Machines","204 N Franklin St","Bastrop","LA","71220","Morehouse","www.rs-supply.com","3182816568","3182818589","David Reppond","Owner","Mal","10470000","10","505107","Pipe-Wholesa","4","0","1"
"94206","Txi","dperkins@txi.com","1300 Ashley Ave","6612453736","3184871133","521128","Concrete-Ready Mixed","www.txi.com"," Email <---> Revenue ","191143","Txi","1300 Ashley Ave","Alexandria","LA","71301","Rapides","www.txi.com","3184871133","3184878408","Kevin Williams","Manager","Mal","14190000","55","521128","Concrete-Rea","4","0","1"
"91133","Txi","dmitteis@txi.com","1200 E Texas St","9726474907","3187423111","503208","Concrete Products (Wholesale)","www.txi.com"," Email <---> Revenue ","191142","Txi","1200 E Texas St","Bossier City","LA","71111","Bossier","www.txi.com","3187423111","3187424047","Clint Cheaney","Manager","Mal","14400000","30","503208","Concrete Pro","4","0","1"
"92414","Knight Oil Tools Inc","dkeller@knightoiltools.com","PO Box 52688","3378379181","3372336666","735937","Oil Well Equipment & Supplies-Renting","www.knightoiltools.com"," Email <---> Revenue ","9390","Knight Oil Tools Inc","PO Box 52688","Lafayette","LA","70505","Lafayette","www.knightoiltools.com","3372336666","3372336314","Ann Knight","Owner","Fem","16470000","90","735937","Oil Well Equ","4","0","1"
"67145","John N John Truck Lines","dispatch@johnnjohn.com","1213 W 2nd St","3377837607","3377833394","421307","Trucking-Heavy Hauling","www.johnnjohn.com"," Email <---> Revenue ","109423","John N John Truck Lines","1213 W 2nd St","Crowley","LA","70526","Acadia","www.johnnjohn.com","3377833394","3377837607","","","","14949000","99","421307","Trucking-Hea","4","0","1"
"75772","Huynh; Hai","dhymel@projectconsulting.com","3300 W. Esplanade Ave. Suite 500","5048335321","null","8999","Services NEC","OILFIELDCHILI.COM"," Email <---> Revenue ","154429","Project Consulting Svc Inc","3300 W Esplanade Ave S # 500","Metairie","LA","70002","Jefferson","www.projectconsulting.com","5048335321","5048334940","Gary Vogt","President","Mal","11060000","70","871111","Engineers-Co","4","0","1"
"90440","Baker Tanks","dhaas@bakertanks.com","35173 Highway 30","2518652035","2256734955","508806","Tanks-Metal (Wholesale)","www.bakertanks.com"," Email <---> Revenue ","34364","Baker Tanks","35173 Highway 30","Geismar","LA","70734","Ascension","www.bakertanks.com","2256734955","2256738001","Mark Tims","Manager","Mal","12835000","17","508806","Tanks-Metal ","4","0","1"
"30699","Alarm Monitoring Svc","Dera@monitor1.com","4821 Hearst St","5044568737","5044542163","506324","Burglar Alarm Systems (Wholesale)","NULL"," Email <---> Revenue ","24645","Alarm Monitoring Svc","4821 Hearst St","Metairie","LA","70001","Jefferson","www.monitor1.com","5044542163","5044568737","Dera De Roche","President","Fem","19082000","29","506324","Burglar Alar","4","0","1"
"78838","ADS Systems","Del_Fernadez@pomeroy.com","2816 Kingston St # C","5044710924","5044710917","506308","Fire Alarm Systems (Wholesale)","NULL"," Email <---> Revenue ","20559","ADS Systems","2816 Kingston St # C","Kenner","LA","70062","Jefferson","","5044710917","5044710924","Del Fernadez","President","Mal","16450000","25","506308","Fire Alarm S","4","0","1"
"68797","Plush Appeal","dbergeron@plushappeal.com","2812 Toulouse St","5044827167","5044826100","509209","Toys-Wholesale","www.plushappeal.com"," Email <---> Revenue ","151452","Plush Appeal","2812 Toulouse St","New Orleans","LA","70119","Orleans","www.plushappeal.com","5044826100","5044827167","Daryl Fletchinger","Owner","Mal","14480000","20","509209","Toys-Wholesa","4","0","1"
"34559","United Health Care","DavidL@uhc.com","3838 N Causeway Blvd # 2100","5048493551","5048491500","809904","Health Maintenance Organizations","NULL"," Email <---> Revenue ","193076","United Health Care","3838 N Causeway Blvd # 2100","Metairie","LA","70002","Jefferson","www.uhc.com","5048491500","5048493551","David Lewis","CEO","Mal","15680000","140","809904","Health Maint","4","2","1"
"50783","ELS Enterprises","davefig@hotconcepts.com","922 Industry Rd","5048310037","null","8999","Services NEC","FIGUEROABROTHERS.COM^^SPICE-EXCHANGE.COM"," Email <---> Revenue ","81513","Figueroa Brothers Inc","922 Industry Rd","Kenner","LA","70062","Jefferson","www.saucenetwork.com","5048310037","5048318955","Greg Figueora","Owner","Mal","10972000","13","514909","Condiments &","4","0","1"
"12581","Monroe Communications","D_Denmon@monroe-comm.com","1909 Auburn Ave","3183872845","3183236441","506504","Radio Communication Equip & Systems-Whol","NULL"," Email <---> Revenue ","134613","Monroe Communications","1909 Auburn Ave","Monroe","LA","71201","Ouachita","www.monroe-comm.com","3183236441","3183872845","Doug Denmon","Owner","Mal","13130000","13","506504","Radio Commun","4","0","1"
"83112","Blue Flash Express","d.polozola@blfe.com","5466 Telesmar Ave","2252930185","2252930185","421306","Trucking-Liquid & Dry Bulk","www.blfe.com"," Email <---> Revenue ","40858","Blue Flash Express","5466 Telesmar Ave","Baton Rouge","LA","70809","E Baton Rouge","www.blfe.com","2252930185","","Leonard Aguillard","Owner","Mal","22500000","95","421306","Trucking-Liq","4","0","1"
"49126","Wing Zone Corp","customer@wingzone.com","4250 Burbank Dr","8039339003","2257689990","509901","Exporters","www.wingzone.com"," Email <---> Revenue ","201681","Wing Zone Corp","4250 Burbank Dr","Baton Rouge","LA","70808","E Baton Rouge","www.wingzone.com","2257689990","2257689819","Arthur Moss","Owner","Mal","14160000","15","509901","Exporters","4","0","1"
"83464","KARD","ctingle@region10.com","200 Pavilion Rd","3183231972","3183231972","483301","Television Stations & Broadcasting CO","www.kard.com"," Email <---> Revenue ","111519","KARD","200 Pavilion Rd","West Monroe","LA","71292","Ouachita","www.kard.com","3183231972","","Lyida Guillory","President","Fem","10428000","33","483301","Television S","4","0","1"
"30214","Packard Truck Lines Inc","cperrilliat@packard-inc.com","806 Engineers Rd","5043943369","5043939955","421307","Trucking-Heavy Hauling","NULL"," Email <---> Revenue ","145535","Packard Truck Lines Inc","806 Engineers Rd","Belle Chasse","LA","70037","Plaquemines","","5043939955","5043943369","Claiborne Perrilliat","CEO","Mal","18875000","125","421307","Trucking-Hea","4","0","1"
"92400","Superior Supply & Steel","clarocca@supstl.com","318 S Cities Service Hwy","3376258509","3376252300","349402","Pipe Fittings-Manufacturers","www.supstl.com"," Email <---> Revenue ","182230","Superior Supply & Steel","318 S Cities Service Hwy","Sulphur","LA","70663","Calcasieu","www.supstl.com","3376252300","3376258509","Steve Mitchell","Owner","Mal","20200000","100","349402","Pipe Fitting","4","0","1"
"52724","Cheramie Brothers Inc Offshore","charlotte@cajunnet.com","18692 W Main St","9854755669","9854755733","799913","Boats-Rental & Charter","www.botruc.com"," Email <---> Revenue ","53518","Cheramie Brothers Inc Offshore","18692 W Main St","Galliano","LA","70354","Lafourche","www.botruc.com","9854755733","9854755669","Minor Cheramie Jr","President","Mal","14900000","190","799913","Boats-Rental","4","0","1"
"93376","US Filter","charles.harrison@siemens.com","14890 Intracoastal Dr","4323638884","5042549030","299298","Lubricating Oils & Greases (Mfrs)","www.usfilter.com"," Email <---> Revenue ","191842","US Filter","14890 Intracoastal Dr","New Orleans","LA","70129","Orleans","www.usfilter.com","5042549030","5042544316","Dwight Daigle","Manager","Mal","22496000","32","299298","Lubricating ","4","0","1"
"65200","Cargill Animal Nutrition","cargill_scholarships@cargill.com","16 Feed Mill Rd","2194736000","3187769361","204803","Feed-Manufacturers","www.cargill.com"," Email <---> Revenue ","49591","Cargill Animal Nutrition","16 Feed Mill Rd","Lecompte","LA","71346","Rapides","www.cargill.com","3187769361","3187769554","Lester Lucas","Manager","Mal","22830000","30","204803","Feed-Manufac","4","0","1"
"92893","Asbury Louisiana Inc","californiainfo@asbury.com","2564 Highway 12","3377865907","3377865905","329502","Graphite (Manufacturers)","www.asbury.com"," Email <---> Revenue ","30886","Asbury Louisiana Inc","2564 Highway 12","Dequincy","LA","70633","Calcasieu","www.asbury.com","3377865905","3377865907","Robert Smart","Plant Mgr","Mal","13725000","45","329502","Graphite (Ma","4","0","1"
"83175","ABMB Engineers Inc","bverret@abmb.com","500 Main St","2257657244","2257657400","871137","Engineers-Structural","www.abmb.com"," Email <---> Revenue ","20443","ABMB Engineers Inc","500 Main St","Baton Rouge","LA","70801","E Baton Rouge","www.abmb.com","2257657400","2257657244","Mike Mc Gaugh","Manager","Mal","11060000","70","871137","Engineers-St","4","0","1"
"75880","TOBIN; PATRICIA","bthrift@vbar.com","1112 Engineers Road","5043923200","null","871106","Engineers","AMRIG.COM^^VTRUSS.COM"," Email <---> Revenue ","195009","Versabar Inc","1111 Engineers Rd","Belle Chasse","LA","70037","Plaquemines","www.vbar.com","5043923200","5043923211","Jon Khachaturian","Owner","Mal","22875000","125","735937","Oil Well Equ","4","0","1"
"71258","Parish Truck Sales","bruce@parishtrucks.com","10459 Airline Highway","5044679630","5044667569","421304","Trucking","PARISHTRUCK.COM"," Email <---> Revenue ","146298","Parish Truck Sales Inc","10459 Airline Hwy","St Rose","LA","70087","St Charles","www.parishtruck.com","5044679630","5044667569","Michael Whitlow","President","Mal","11648000","26","501302","Truck Equipm","4","0","1"
"63094","Briggs Equipment","briggs@briggs.com","221 Research Dr","8059331111","5047335640","508206","Contractors-Equip/Supls-Dlrs/Svc (Whol)","www.briggs.com"," Email <---> Revenue ","43652","Briggs Equipment","221 Research Dr","New Orleans","LA","70123","Jefferson","www.briggs.com","5047335640","5047333466","Chuck Mathews","Manager","Mal","23310000","35","508206","Contractors-","4","0","1"
"76069","Bridge Foods","bridge@ashantifoods.com","13020 Carrere Ct","5042541616","5042549770","209904","Garlic (Manufacturers)","NULL"," Email <---> Revenue ","43583","Bridge Foods","13020 Carrere Ct","New Orleans","LA","70129","Orleans","www.ashantifoods.com","5042549770","5042541616","Henry Chigbu","Owner","Mal","19320000","70","209904","Garlic (Manu","4","0","1"
"91560","Grant Prideco Inc","brett.chandler@grantprideco.com","168 Garber Rd","9856310710","9856310516","331798","Steel Pipe & Tubes (Manufacturers)","www.grantprideco.com"," Email <---> Revenue ","91099","Grant Prideco Inc","168 Garber Rd","Amelia","LA","70340","St Mary","www.grantprideco.com","9856310516","9856310710","Greg Harris","Manager","Mal","12460000","35","331798","Steel Pipe &","4","0","1"
"91669","Us Liquids Of Louisiana","bobbyp@uslla.com","11031 Campbell Wells Rd","3378248593","3378247340","138905","Oil Field Service","www.uslla.com"," Email <---> Revenue ","191924","US Liquids Of Louisiana","11079 Triangle Shell Rd","Jennings","LA","70546","Jefferson Dvs","","3378243194","3378243147","Tiffany Thenussen","Manager","Fem","12012000","84","138905","Oil Field Se","4","0","1"
"87334","Nolan Power Group","bobby.nolan@nolanpower.com","6141 River Rd","5047332650","5047334300","506325","Batteries-Storage-Wholesale","www.nolanpower.com"," Email <---> Revenue ","140928","Nolan Power Group","6141 River Rd","Harahan","LA","70123","Jefferson","www.nolanpower.com","5047334300","5047332650","Bobby Nolan","Owner","Mal","21714000","33","506325","Batteries-St","4","0","1"
"8446","B & H Air Tools Inc","bhtools@tlxnet.net","6938 Exchequer Dr","2257524824","2257524884","508456","Tools-Pneumatic (Wholesale)","www.bhairtools.com"," Email <---> Revenue ","33092","B & H Air Tools Inc","6938 Exchequer Dr","Baton Rouge","LA","70809","E Baton Rouge","www.bhairtools.com","2257524884","2257524824","Grady Bullock Sr","Owner","Mal","10880000","20","508456","Tools-Pneuma","4","0","1"
"92823","FMP & Associates","bgiardina@bkiusa.com","4176 Canal St","5044865901","5044881714","8999","Services NEC","BKIUSA.COM"," Email <---> Revenue ","45582","Burk-Kleinpeter Inc","4176 Canal St","New Orleans","LA","70119","Orleans","www.bkiusa.com","5044865901","5044881714","William Burk","Partner","Mal","15642000","99","871110","Engineers-Ci","4","0","1"
"46676","Capitol Welders Supply Co Inc","betty.root@capitolwelders.com","1101 Choctaw Dr","2253839243","2253833717","508435","Welding Equipment & Supplies (Wholesale)","NULL"," Email <---> Revenue ","49218","Capitol Welders Supply Co Inc","1101 Choctaw Dr","Baton Rouge","LA","70805","E Baton Rouge","","2253833717","2253839243","Betty Root","Owner","Fem","20128000","37","508435","Welding Equi","4","0","1"
"76757","Blanchard & Co","beru@blanchardgold.com","909 Poydras St # 150","5045813617","5048373010","594411","Gold Silver & Platinum-Dealers","www.blanchardonline.com"," Email <---> Revenue ","40447","Blanchard & Co","909 Poydras St # 150","New Orleans","LA","70112","Orleans","www.blanchardonline.com","5048373010","5045813617","Donald Doyle","CEO","Mal","12480000","80","594411","Gold Silver ","4","0","1"
"90644","Blue Flash Express","b.salter@blfe.com","5466 Telesmar Ave","2814707935","2252930185","421306","Trucking-Liquid & Dry Bulk","www.blfe.com"," Email <---> Revenue ","40858","Blue Flash Express","5466 Telesmar Ave","Baton Rouge","LA","70809","E Baton Rouge","www.blfe.com","2252930185","","Leonard Aguillard","Owner","Mal","22500000","95","421306","Trucking-Liq","4","0","1"
"81156","H & E Equipment Svc","aperez@icmeq.com","3302 Industrial St","8136359459","3184437173","508206","Contractors-Equip/Supls-Dlrs/Svc (Whol)","www.he-equipment.com"," Email <---> Revenue ","93366","H & E Equipment Svc","3302 Industrial St","Alexandria","LA","71302","Rapides","www.he-equipment.com","3184437173","3184434844","C J Nichols","Manager","Mal","17316000","26","508206","Contractors-","4","0","1"
"91424","Deep South Equipment Co","april.hyder@deepsouthequipment.com","6851 Greenwood Rd","9035952594","3186219000","508457","Trucks-Industrial (Wholesale)","www.deepsouthequipment.com"," Email <---> Revenue ","67271","Deep South Equipment Co","6851 Greenwood Rd","Shreveport","LA","71119","Caddo","www.deepsouthequipment.com","3186219000","3186318303","John Parsons","Owner","Mal","21760000","40","508457","Trucks-Indus","4","0","1"
"87477","Hotard Coaches Inc","aggie@hotard.com","2838 Touro St","2283548408","5045691401","414201","Buses-Charter & Rental","www.hotard.com"," Email <---> Revenue ","100200","Hotard Coaches Inc","2838 Touro St","New Orleans","LA","70122","Orleans","www.hotard.com","5045691401","5049448650","Eva Hotard","President","Fem","15000000","200","414201","Buses-Charte","4","0","1"
"93305","LATEXCO Intl","Aaron@latexco.net","200 Mckeithen Dr","3184433863","3184424034","509307","Waste-Paper (Wholesale)","NULL"," Email <---> Revenue ","116408","LATEXCO Intl","200 Mckeithen Dr","Alexandria","LA","71303","Rapides","www.latexco.net","3184424034","3184433863","Aaron Slayter","Owner","Mal","10975000","25","509307","Waste-Paper ","4","0","1"
"77415","Cal Dive Intl Inc","a.pursell@caldive.com","3209 Moss St","3372349831","3372328714","138999","Oil & Gas-Field Services Nec","NULL"," Email <---> Revenue ","3054","Cal Dive Intl Inc","3209 Moss St","Lafayette","LA","70507","Lafayette","","3372328714","3372349831","Steve Brazda","President","Mal","17589000","123","138999","Oil & Gas-Fi","4","0","1"
"83390","Wholesale Electric Supply","7133100068@page.metrocall.com","37257 Commerce Ln","4098420347","2256777265","508206","Contractors-Equip/Supls-Dlrs/Svc (Whol)","www.wholesaleelectric.com"," Email <---> Revenue ","200547","Wholesale Electric Supply","37257 Commerce Ln","Prairieville","LA","70769","Ascension","www.wholesaleelectric.com","2256777265","2256731966","Jeff Sullivan","Owner","Mal","19314000","29","508206","Contractors-","4","0","1"
