mail id,company,email,address,phone,fax,sic,sic description,web,,revenue id,company,address,city,state,zip,	metro,web,phone,fax,contact,position,gender,sales,# of employee,sic,sic_descrpiton,	,,
"8110","Westbank Paper & Janitorial Co","basel.webmaster@roche.com","2201 Huey P Long Ave","3178457116","5043674577","511101","Paper Products (Wholesale)","www.roche.com"," Email <---> Revenue ","199724","Westbank Paper & Janitorial Co","2201 Huey P Long Ave","Gretna","LA","70053","Jefferson","www.roche.com","5043674577","","Carol Roche","Owner","Mal","6044000","4","511101","Paper Produc","3","0","1"
"43742","BOLDEN;  WARDRICK","bbruner@pecla.com","7600 G.S.R.I. Ave","2257692810","null","8999","Services NEC","EMERGESYSTEMSOFLA.COM"," Email <---> Revenue ","154115","Professional Engineering","7600 G S R I Rd","Baton Rouge","LA","70820","E Baton Rouge","","2257692810","2257692882","Kenneth Dutruch","President","Mal","7742000","49","871110","Engineers-Ci","3","0","1"
"94024","Associated Terminals","bcox@associatedterminals.com","1342 Highway 44","9855364521","9855364520","736107","Stevedoring Contractors","www.associatedterminals.com"," Email <---> Revenue ","31350","Associated Terminals","1342 Highway 44","Reserve","LA","70084","St John Baptst","www.associatedterminals.com","9855364520","9855364521","David Fennelly","Owner","Mal","7600000","95","736107","Stevedoring ","3","0","1"
"64875","New Orleans Saints Football","BensonT@neworleanssaints.com","5800 Airline Dr","5047311888","5047311700","799973","Ticket Service","NULL"," Email <---> Revenue ","139909","New Orleans Saints Football","5800 Airline Dr","Metairie","LA","70003","Jefferson","www.neworleanssaints.com","5047311700","5047311888","Thomas Benson","CEO","Mal","6468000","77","799973","Ticket Servi","3","0","1"
"26358","Industrial Instrument Works","Bernard@iiw.net","5745 Salmen St","5047339096","5047338355","506336","Electronic Instruments (Wholesale)","NULL"," Email <---> Revenue ","102533","Industrial Instrument Works","5745 Salmen St","Harahan","LA","70123","Jefferson","www.iiw.net","5047338355","5047339096","Bernard Sontag","President","Mal","6580000","10","506336","Electronic I","3","0","1"
"93823","Newsouth Communications","billingdisputes@nuvox.com","3500 N Causeway Blvd # 1240","5042071414","5042071400","481304","Telephone Companies","www.newsouth.com"," Email <---> Revenue ","140374","Newsouth Communications","3500 N Causeway Blvd # 1240","Metairie","LA","70002","Jefferson","www.newsouth.com","5042071400","5042071414","Suzanne Hite","Manager","Fem","6660000","20","481304","Telephone Co","3","0","1"
"78031","Acme Truck Line Inc","bobbsmit@acmetruck.com","121 Pailet Dr","3374395853","5043682510","421307","Trucking-Heavy Hauling","www.acmetruck.com"," Email <---> Revenue ","22510","Acme Truck Line Inc","1180 Destrehan Ave","Harvey","LA","70058","Jefferson","","5043401400","5043405400","Sal Tororich","Manager","Mal","8305000","55","421304","Trucking","3","0","1"
"77784","Bobcat Of Lake Charles","bobcat_europe@eu.bobcat.com","1801 Gertsner Memorial Dr","7012225912","3374334500","508206","Contractors-Equip/Supls-Dlrs/Svc (Whol)","www.bobcat.com"," Email <---> Revenue ","2418","Bobcat Of Lake Charles","1801 Gertsner Memorial Dr","Lake Charles","LA","70601","Calcasieu","www.bobcat.com","3374334500","3374334553","Mark Shepherd","Manager","Mal","6660000","10","508206","Contractors-","3","0","1"
"68077","Baton Rouge Duplicating Prods","Brignac@brdp.com","10995 Coursey Blvd","2252913231","2252915190","504403","Copying & Duplicating Machines & Supls","NULL"," Email <---> Revenue ","35919","Baton Rouge Duplicating Prods","10995 Coursey Blvd","Baton Rouge","LA","70816","E Baton Rouge","www.brdp.com","2252915190","2252913231","Malcolm Brignac","President","Mal","7326000","22","504403","Copying & Du","3","0","1"
"92727","Audubon Engineering","brosamond@audubon-engineering.com","401VeteransBlvdSuite204","5048335669","5048284609","871106","Engineers","AUDUBON-ENGINEERING.COM"," Email <---> Revenue ","31886","Audubon Engineering Co","110 Veterans Memorial Blvd","Metairie","LA","70005","Jefferson","www.audubon-engineering.com","5048335669","5048284609","Denis Taylor","Partner","Mal","9480000","60","871111","Engineers-Co","3","0","1"
"86593","Electronic Protection Systems","Bryan@eps-online.com","908 Ridge Rd # 2","3379932635","3379933909","506304","Security Control Equip & Systems-Whol","NULL"," Email <---> Revenue ","75709","Electronic Protection Systems","908 Ridge Rd # 2","Duson","LA","70529","Lafayette","www.eps-online.com","3379933909","3379932635","Bryan Joubert","Owner","Mal","7238000","11","506304","Security Con","3","0","1"
"18432","Paul Wall Farm Svc Ctr","B-Wall@cenlacomputer.com","PO Box 9","3189642173","3189642173","519102","Farm Supplies (Wholesale)","NULL"," Email <---> Revenue ","147310","Paul Wall Farm Svc Ctr","6835 Lemoine St","Mansura","LA","71350","Avoyelles","www.cenlacomputer.com","3189642173","3189642173","Ben Wall","Owner","Mal","7315000","11","519102","Farm Supplie","3","0","1"
"70855","Weber Marine Inc","bwooten@webermarine.com","10148 LA 44","2255627355","2255623547","799913","Boats-Rental & Charter","www.webermarine.com"," Email <---> Revenue ","198647","Weber Marine Inc","10148 LA 44","Convent","LA","70723","St James","www.webermarine.com","2255623547","2255627355","Doug Weber","President","Mal","9408000","112","799913","Boats-Rental","3","0","1"
"25745","CASAIC","C_Richard@casaic.com","1115 Pierremont Rd","3188684238","3188658418","275902","Screen Printing","NULL"," Email <---> Revenue ","46951","CASAIC","1115 Pierremont Rd","Shreveport","LA","71106","Caddo","www.casaic.com","3188658418","3188684238","Richard Connell","Owner","Mal","7150000","50","275902","Screen Print","3","0","1"
"89457","Pool & Patio Store","carl@pcxcomputers.com","1325 Gause Blvd # G","9856432100","9856494118","509118","Swimming Pool Equipment & Supls (Whol)","www.1st-title-corp.com"," Email <---> Revenue ","151924","Pool & Patio Store","1325 Gause Blvd # G","Slidell","LA","70458","St Tammany","www.pool-n-patio.com","9856494118","9856450269","John Stevenson","Owner","Mal","7380000","12","509118","Swimming Poo","3","0","1"
"35773","Laborde Products","cbradley@labordeproducts.com","74257 Highway 25","9858920107","5048927656^^9858985","738999","Business Services Nec","OARLINE.COM"," Email <---> Revenue ","116761","Laborde Products","74257 Highway 25","Covington","LA","70435","St Tammany","","9858920107","9858985824","","","","7304000","22","555113","Marine Equip","3","0","1"
"93367","Txi","ccheaney@txi.com","70164 Atlas Rd","3187424047","9858635349","503211","Sand & Gravel (Wholesale)","www.txi.com"," Email <---> Revenue ","191151","Txi","70164 Atlas Rd","Pearl River","LA","70452","St Tammany","www.txi.com","9858635349","9858636030","","","","9120000","19","503211","Sand & Grave","3","0","1"
"80599","Acme Glass & Mirror Co","ccooper@acmeglassandmirror.com","1312 Louisville Ave","3183254213","3183250777","523110","Glass-Auto Plate & Window & Etc","www.acmeglassandmirror.com"," Email <---> Revenue ","22475","Acme Glass & Mirror Co","1312 Louisville Ave","Monroe","LA","71201","Ouachita","www.acmeglassandmirror.com","3183250777","3183254213","John Cooper","Owner","Mal","6432000","32","523110","Glass-Auto P","3","0","1"
"94545","LA Dock Co","celatham@acbl.net","3232 Highway 18","2252653948","2252658191","373102","Barges (Manufacturers)","www.acbl.net"," Email <---> Revenue ","115981","LA Dock Co","3232 Highway 18","Vacherie","LA","70090","St James","www.acbl.net","2252658191","2252653948","Anthony Fletcher","Manager","Mal","5680000","40","373102","Barges (Manu","3","0","1"
"94311","Louisiana Chemical Pipe Valve","cf@lcpvf.com","2387 N Airway Dr","2259272799","2259272688","508513","Valves-Wholesale","www.lcpvf.com"," Email <---> Revenue ","123150","Louisiana Chemical Pipe Valve","2387 N Airway Dr","Baton Rouge","LA","70815","E Baton Rouge","www.lcpvf.com","2259272688","2259272799","Robert De Angelo","Owner","Mal","6840000","12","508513","Valves-Whole","3","0","1"
"32836","Diamond Oil Field Supply","cguidry@dofs.net","36 Conquille Drive","5043929699","null","131103","Oil Companies","DOFS.NET"," Email <---> Revenue ","69042","Diamond Oilfield Supply","36 Coquille Rd","Belle Chasse","LA","70037","Plaquemines","","5043929699","5043928998","Charlaine Guidry","Owner","Fem","6528000","12","508429","Oil Field Su","3","0","1"
"55785","Modern Valve Inc","chris@ilgm.com","2392 E Smiley Ave","3055571454","2259269881","508513","Valves-Wholesale","www.stampfinder.com"," Email <---> Revenue ","134267","Modern Valve Inc","2392 E Smiley Ave","Baton Rouge","LA","70806","E Baton Rouge","www.modernvalve.com","2259269881","2259269889","Donnie Moran","Manager","Mal","7410000","13","508513","Valves-Whole","3","0","1"
"83288","Total Safety Inc","csiso@totalsafety.com","5749 Highway 90 E","4097293235","3378371888","829931","Training Programs & Services","www.wellsafe.com"," Email <---> Revenue ","188622","Total Safety Inc","5749 Highway 90 E","Broussard","LA","70518","Lafayette","www.totalsafety.com","3378371888","3378371064","Larry Solis","Manager","Mal","6600000","75","829931","Training Pro","3","0","1"
"92829","Stolthaven New Orleans","customerfirst@sntg.com","2444 English Turn Rd","5046829803","5046829989","422602","Storage-Liquid & Bulk","www.sntg.com"," Email <---> Revenue ","180175","Stolthaven New Orleans","2444 English Turn Rd","Braithwaite","LA","70040","Plaquemines","www.sntg.com","5046829989","5046829803","Per Voie","Sr VP","Mal","7950000","50","422602","Storage-Liqu","3","0","1"
"92136","Seismic Exchange Inc","cwelch@seismicexchange.com","201 Saint Charles Ave # 4300","5045817153","5045817153","138201","Seismograph Service","www.seismicexchange.com"," Email <---> Revenue ","169002","Seismic Exchange Inc","201 Saint Charles Ave # 4300","New Orleans","LA","70170","Orleans","www.seismicexchange.com","5045817153","5045819591","","","","5320000","35","138201","Seismograph ","3","0","1"
"94240","Wholesale Pump & Supply Inc","cwlaborde@wpspump.com","449 Montgomery St","3184253650","3182214275","508213","Water Well Drilling Equip & Supls-Whol","www.wpspump.com"," Email <---> Revenue ","200568","Wholesale Pump & Supply Inc","449 Montgomery St","Shreveport","LA","71107","Caddo","www.wpspump.com","3182214275","3184253650","Charles R Laborde","President","Mal","9324000","14","508213","Water Well D","3","0","1"
"30629","Machine Tools Inc","darrenpeltier@machinetoolscnc.com","300 Fairlane Dr","3372341245","3372340818","508425","Machine Tools (Wholesale)","www.machinetoolscnc.com"," Email <---> Revenue ","10949","Machine Tools Inc","300 Fairlane Dr","Lafayette","LA","70507","Lafayette","www.machinetoolscnc.com","3372340818","3372341245","Pat Kane","Owner","Mal","5984000","11","508425","Machine Tool","3","0","1"
"71165","Budget Truck Rental","david_bruce@ryder.com","2510 Lakeshore Dr","4078578883","3182225899","751303","Truck Renting & Leasing","www.ryder.com"," Email <---> Revenue ","45017","Budget Truck Rental","2510 Lakeshore Dr","Shreveport","LA","71103","Caddo","www.ryder.com","3182225899","3184248443","","","","5820000","20","751303","Truck Rentin","3","0","1"
"47705","Worknet Temporary Employment","davidj@worknet2k.com","616 N Causeway Blvd","5043640633","5043682056","736304","Employment Contractors-Temporary Help","www.worknet2000.com"," Email <---> Revenue ","202748","Worknet Temporary Employment","616 N Causeway Blvd","Metairie","LA","70001","Jefferson","www.worknet2000.com","5043682056","5043640633","J Owensby","Owner","Mal","6000000","200","736304","Employment C","3","0","1"
"20244","NPC Svc Inc","dbms@npc-services.com","2401 Brooklawn Dr","2257782299","2257786200","495305","Waste Disposal-Hazardous","www.npc-services.com"," Email <---> Revenue ","137372","NPC Svc Inc","2401 Brooklawn Dr","Baton Rouge","LA","70807","E Baton Rouge","www.npc-services.com","2257786200","2257782299","Robert Bolger","President","Mal","7595000","35","495305","Waste Dispos","3","0","1"
"64752","Groendyke Transport Inc","dbuckley@groendyke.com","6273 Highway 90 E","3374396917","3374363315","421306","Trucking-Liquid & Dry Bulk","NULL"," Email <---> Revenue ","7327","Groendyke Transport Inc","6273 Highway 90 E","Lake Charles","LA","70615","Calcasieu","","3374363315","3374396917","Brad Nelson","President","Mal","6040000","40","421306","Trucking-Liq","3","0","1"
"81898","H & E Equipment Svc","dcall@he-equipment.com","125 E Airline Hwy","5015680968","5044675906","735949","Contractors-Equipment & Supls-Renting","www.he-equipment.com"," Email <---> Revenue ","93364","H & E Equipment Svc","125 E Airline Hwy","Kenner","LA","70062","Jefferson","www.he-equipment.com","5044675906","5044670409","Jim Johnson","Manager","Mal","5490000","30","735949","Contractors-","3","0","1"
"80587","Delta Inspection Co Of Houma","delta@cajun.net","2156 Denley Rd","9858517884","9858515300","138905","Oil Field Service","www.deltainspection.com"," Email <---> Revenue ","67780","Delta Inspection Co Of Houma","2156 Denley Rd","Houma","LA","70363","Terrebonne","www.deltainspection.com","9858515300","9858517884","Rick Minter","Owner","Mal","5720000","40","138905","Oil Field Se","3","0","1"
"23843","Delta Ridge Implement Inc","deltardg@bayou.com","5733 Highway 17","3188785510","3188783751","508310","Farm Equipment (Wholesale)","www.deltaridgeimplement.com"," Email <---> Revenue ","67873","Delta Ridge Implement Inc","5733 Highway 17","Delhi","LA","71232","Richland","www.deltaridgeimplement.com","3188783751","3188785510","Johnnie Burroughs","Manager","Mal","8466000","17","508310","Farm Equipme","3","0","1"
"45930","Musson Patout","DianeP@mussonpatout.com","1200 E Saint Peter St","3373645443","3373657251","754903","Automobile Lubrication Service","NULL"," Email <---> Revenue ","136965","Musson Patout","1200 E Saint Peter St","New Iberia","LA","70560","Iberia","www.mussonpatout.com","3373657251","3373645443","Diane Patout","Owner","Fem","7300000","100","754903","Automobile L","3","0","1"
"91922","Southwest Computer Bureau Inc","donalex@scbi.com","104 E Cornerview St # B","2256477891","2256475375","737401","Data Processing Service","www.scbi.com"," Email <---> Revenue ","175220","Southwest Computer Bureau Inc","104 E Cornerview St # B","Gonzales","LA","70737","Ascension","www.scbi.com","2256475375","2256477891","Chester Diez","President","Mal","6885000","45","737401","Data Process","3","0","1"
"40082","New Orleans Cold Storage","dougc@nocs.com","3401 Alvar St","2819308135","5049444400","422202","Warehouses-Cold Storage","www.nocs.com"," Email <---> Revenue ","139526","New Orleans Cold Storage","3401 Alvar St","New Orleans","LA","70126","Orleans","www.nocs.com","5049444400","5049480957","Rickey Calligan","Manager","Mal","6030000","45","422202","Warehouses-C","3","0","1"
"86628","Baton Rouge Machine Works Inc","dsaint@brmw.net","12612 Ronaldson Rd","2257745928","2257752542","359998","Indstrl/Coml Machinery/Equip Nec (Mfrs)","www.brmw.net"," Email <---> Revenue ","36005","Baton Rouge Machine Works Inc","12612 Ronaldson Rd","Baton Rouge","LA","70807","E Baton Rouge","www.brmw.net","2257752542","2257745928","Glenn Rivette","Manager","Mal","7749000","63","359998","Indstrl/Coml","3","0","1"
"24588","J & L Development","DuchesneM@alliancellc.net","3090 Stage Coach Rd","3189252221","3189258651","359903","Machine Shops","NULL"," Email <---> Revenue ","104271","J & L Development","3090 Stage Coach Rd","Keithville","LA","71047","Caddo","www.alliancellc.net","3189258651","3189252221","Mark Duchesne","President","Mal","5670000","140","359903","Machine Shop","3","0","1"
"28936","Brand Scaffold Svc","dvanleuvan@brandscaffold.com","10389 Airline Hwy","6365191505","5044649981","735915","Scaffolding-Renting","www.brandscaffold.com"," Email <---> Revenue ","42951","Brand Scaffold Svc","10389 Airline Hwy","St Rose","LA","70087","St Charles","www.brandscaffold.com","5044649981","5044688305","Marty Mc Gee","VP","Mal","7320000","40","735915","Scaffolding-","3","0","1"
"89656","Egan Healthcare Svc","EganPeter@eganhealthcare.com","3121 21st St","5048357186","5048354474","808201","Home Health Service","NULL"," Email <---> Revenue ","75394","Egan Healthcare Svc","3121 21st St","Metairie","LA","70002","Jefferson","www.eganhealthcare.com","5048354474","5048357186","Peter Egan","Owner","Mal","6615000","135","808201","Home Health ","3","0","1"
"59350","Servall Services","Ernest@servall.net","701 Poydras St # 128","NULL","5045257404","762921","Restaurant Equipment-Repairing & Svc","NULL"," Email <---> Revenue ","169296","Servall Services","701 Poydras St # 128","New Orleans","LA","70139","Orleans","","5045257404","","Ernest Johnson","Owner","Mal","9558000","81","762921","Restaurant E","3","0","1"
"94426","GHX Inc-Bayou Gasket & Hose","ghxcorpus@ghxinc.com","804 P P G Dr # C","7132289906","3378820428","508519","Hose Couplings & Fittings (Wholesale)","www.ghxinc.com"," Email <---> Revenue ","86616","GHX Inc-Bayou Gasket & Hose","804 P P G Dr # C","Westlake","LA","70669","Calcasieu","www.ghxinc.com","3378820428","3378820301","Gary Schnur","Manager","Mal","6840000","12","508519","Hose Couplin","3","0","1"
"30223","Modjeski & Masters","gjmarini@modjeski.com","1055 Saint Charles Ave # 400","5045611229","5045244344","871110","Engineers-Civil","www.modjeski.com"," Email <---> Revenue ","134289","Modjeski & Masters","1055 Saint Charles Ave # 400","New Orleans","LA","70130","Orleans","www.modjeski.com","5045244344","5045611229","William B Conway","CEO","Mal","5688000","36","871110","Engineers-Ci","3","0","1"
"84036","Turner Brothers Crane & Rig","gpounders@turnerbros.com","15089 Airline Hwy","4057458207","2256735945","735301","Crane Service","www.turnerbros.com"," Email <---> Revenue ","190871","Turner Brothers Crane & Rig","15089 Airline Hwy","Prairieville","LA","70769","Ascension","www.turnerbros.com","2256735945","2256739673","Rick Gobert","Manager","Mal","6545000","35","735301","Crane Servic","3","0","1"
"88831","Clutchco Of Louisiana","greg@allendorph.com","444 Industrial Pkwy","3372350660","3377691119","508429","Oil Field Supplies (Wholesale)","www.allendorph.com"," Email <---> Revenue ","4006","Clutchco Of Louisiana","444 Industrial Pkwy","Lafayette","LA","70508","Lafayette","www.allendorph.com","3377691119","3372350660","Todd Allendorph","Owner","Mal","5440000","10","508429","Oil Field Su","3","0","1"
"70492","Omega Protein Inc","hq@omegahouston.com","835b Pride Dr","9853455031","9853455553","207703","Fish By-Products (Manufacturers)","www.buyomegaprotein.com"," Email <---> Revenue ","143560","Omega Protein Inc","835b Pride Dr","Hammond","LA","70401","Tangipahoa","www.buyomegaprotein.com","9853455553","9853455031","Clark Haner","VP","Mal","9030000","30","207703","Fish By-Prod","3","0","1"
"78720","Stark Candy Co","in_fo@necco.com","109 Candy Ln","9854461354","9854461354","206401","Candy & Confectionery-Manufacturers","www.necco.com"," Email <---> Revenue ","178825","Stark Candy Co","109 Candy Ln","Thibodaux","LA","70301","Lafourche","www.necco.com","9854461354","9854481627","Bob Folse","Plant Mgr","Mal","8624000","28","206401","Candy & Conf","3","0","1"
"83238","Jmn Specialties Inc","inquiry@jmnspecialties.com","1100 Victory Dr","5043415868","5043413749","289905","Chemicals-Manufacturers","www.jmnspecialties.com"," Email <---> Revenue ","108637","Jmn Specialties Inc","1100 Victory Dr","Westwego","LA","70094","Jefferson","www.jmnspecialties.com","5043413749","5043415868","Joe Neathamer","Owner","Mal","7320000","20","289905","Chemicals-Ma","3","0","1"
"93316","Central Freight System","interline@centralfreight.com","163 Riverbend Dr","3372912430","5044610611","421309","Trucking-Motor Freight","www.centralfreight.com"," Email <---> Revenue ","51758","Central Freight System","163 Riverbend Dr","St Rose","LA","70087","St Charles","www.centralfreight.com","5044610611","5044610611","Chris Houlihan","Manager","Mal","5285000","35","421309","Trucking-Mot","3","0","1"
"68471","Century Tel","it-cpni@centurytel.com","504 Washington St","7158566315","3183880110","599904","Telephone Equipment & Supplies","www.centurytel.com"," Email <---> Revenue ","52042","Century Tel","504 Washington St","Monroe","LA","71201","Ouachita","www.centurytel.com","3183880110","3183273010","Stuart Keyes","Manager","Mal","8040000","60","599904","Telephone Eq","3","0","1"
"38350","Con-Fab Engineering & Welding","J.Klotzbach@lapels.com","225 W 63rd St","3188611283","318-861-1282","3441","Fabricated Structural Metal","NULL"," Email <---> Revenue ","59112","Con-Fab Engineering & Welding","225 W 63rd St","Shreveport","LA","71106","Caddo","","3188611282","3188611283","Conrad Klotzbach","Owner","Mal","5475000","25","344106","Steel-Struct","3","0","1"
"49056","Delta Compressors & Equipment","jack@deltacompression.com","160 James Ln","3375660088","3375668888","356301","Compressors-Manufacturers","www.deltacompression.com"," Email <---> Revenue ","67692","Delta Compressors & Equipment","160 James Ln","Krotz Springs","LA","70750","St Landry","www.deltacompression.com","3375668888","3375660088","Dutch Williamson","Owner","Mal","9768000","33","356301","Compressors-","3","0","1"
"21081","Scott Toyota Lift","Jack-Fendrick@scottcompanies.com","7075 Airline Hwy","2253567953","2253567975","508457","Trucks-Industrial (Wholesale)","NULL"," Email <---> Revenue ","168222","Scott Toyota Lift","7075 Airline Hwy","Baton Rouge","LA","70805","E Baton Rouge","","2253567975","2253567953","Jack Fendrick","Owner","Mal","5440000","10","508457","Trucks-Indus","3","0","1"
"88475","Frederick's Machine & Tool","JamesFrederick@fredmach.com","3903 2nd St","3373679959","3373679943","359903","Machine Shops","NULL"," Email <---> Revenue ","85230","Frederick's Machine & Tool","3903 2nd St","New Iberia","LA","70560","Iberia","www.fredmach.com","3373679943","3373679959","James Frederick","Owner","Mal","9840000","80","359903","Machine Shop","3","0","1"
"94396","Mid-South Sales Co","jch@midsouthsalesco.com","4796 Pontchartrain Dr","9856493601","9856417480","506328","Controls Control Systs/Regulators (Whol)","www.midsouthsalesco.com"," Email <---> Revenue ","132693","Mid-South Sales Co","4796 Pontchartrain Dr","Slidell","LA","70458","St Tammany","www.midsouthsalesco.com","9856417480","9856493601","Michael Thomson","Owner","Mal","5922000","9","506328","Controls Con","3","0","1"
"86088","J M Test Systems Inc","jerrykraus@jmtestsystems.com","7323 Tom Dr","2259276582","2259272737","873402","Laboratories-Testing","www.jmtestsystems.com"," Email <---> Revenue ","104835","J M Test Systems Inc","7323 Tom Dr","Baton Rouge","LA","70806","E Baton Rouge","www.jmtestsystems.com","2259272737","2259276582","","","","7140000","70","873402","Laboratories","3","0","1"
"19216","Jason Brinkman Design","jfg@jeffersonfiberglass.com","1524 MacArthur Avenue","5043476612","5043473735","5719","Glass & mirrors","JEFFERSONFIBERGLASS.NET"," Email <---> Revenue ","107233","Jefferson Fiberglass Co Inc","1524 Macarthur Ave","Harvey","LA","70058","Jefferson","www.jeffersonfiberglass.com","5043476612","5043473735","Peter J Vicari","President","Mal","5256000","36","449304","Boat Repairi","3","0","1"
"76649","BRI Incorporated","jjdescant@sunshinepages.com","null","5048329835","null","175299","Floor Laying Contractor","sunshinepages.com"," Email <---> Revenue ","181848","Sunshine Pages","3445 N Causeway Blvd","Metairie","LA","70002","Jefferson","www.sunshinepages.com","5048329835","5048329931","Jeff Beatty","Manager","Mal","9480000","60","731103","Advertising-","3","0","1"
"46102","Us Copy Inc","jkenny@uscopy.com","30 23rd St # A","5044659304","5044644147","504403","Copying & Duplicating Machines & Supls","www.uscopy.com"," Email <---> Revenue ","193828","Us Copy Inc","30 23rd St # A","Kenner","LA","70062","Jefferson","www.uscopy.com","5044644147","5044659304","Jim Kenny","Owner","Mal","8325000","25","504403","Copying & Du","3","0","1"
"94363","United Title Of LA Inc","jmcgrew@utla.com","6425 Youree Dr # 140","3187954848","3187973900","654102","Title Companies","www.utla.com"," Email <---> Revenue ","193292","United Title Of LA Inc","6425 Youree Dr # 140","Shreveport","LA","71105","Caddo","www.utla.com","3187973900","3187954848","William C Peatross","Owner","Mal","7275000","75","654102","Title Compan","3","0","1"
"86197","Kaye's Food Market","joel.kaye@kayesfoodmarket.com","511 Ee Wallace Blvd N","3187570843","3187573629","541105","Grocers","NULL"," Email <---> Revenue ","112476","Kaye's Food Market","511 Ee Wallace Blvd N","Ferriday","LA","71334","Concordia","","3187573629","3187570843","Joel Kaye","Owner","Mal","7280000","40","541105","Grocers-Reta","3","0","1"
"90520","Maritime International","John@maritime-international.com","204 Ida Rd","3378373610","3372371611","861103","Sales Organizations","NULL"," Email <---> Revenue ","127904","Maritime International","204 Ida Rd","Broussard","LA","70518","Lafayette","www.maritime-international.com","3372371611","3378373610","John Deats","Owner","Mal","5160000","30","861103","Sales Organi","3","0","1"
"20235","Evans-Graves Engineers","JohnG@evans-graves.com","9800 Airline Hwy # 200","2259289375","2259261620","871110","Engineers-Civil","NULL"," Email <---> Revenue ","77927","Evans-Graves Engineers","9800 Airline Hwy # 200","Baton Rouge","LA","70816","E Baton Rouge","","2259261620","2259289375","John Graves","President","Mal","7110000","45","871110","Engineers-Ci","3","0","1"
"56439","Darbonne Services Inc","johnny_d@darbonneonline.com","1574 Sam Houston Jones Pkwy","3378556640","3378554869","873111","Environmental & Ecological Services","www.darbonneonline.com"," Email <---> Revenue ","4822","Darbonne Services Inc","1574 Sam Houston Jones Pkwy","Lake Charles","LA","70611","Calcasieu","www.darbonneonline.com","3378554869","3378556640","Johnny Darbonne","Manager","Mal","6512000","37","873111","Environmenta","3","0","1"
"91960","Air Express","joseph@laeagle.com","11232 Cedar Park Ave","2257533302","2257533300","171117","Air Conditioning Contractors & Systems","www.rivercityair.com"," Email <---> Revenue ","24174","Air Express","11232 Cedar Park Ave","Baton Rouge","LA","70809","E Baton Rouge","www.rivercityair.com","2257533300","2257533302","Brigham Ragusa","Owner","Mal","7300000","50","171117","Air Conditio","3","0","1"
"64699","BEHAVIORAL Health Svc","josh@exciteworks.com","3600 Florida Blvd","2253877911","2253877904","806301","Mental Health Services","www.batonrouge.com"," Email <---> Revenue ","33666","BEHAVIORAL Health Svc","3600 Florida Blvd","Baton Rouge","LA","70806","E Baton Rouge","www.batonrouge.com","2253877904","2253877911","Debbie Lewis","Manager","Fem","8100000","100","806301","Mental Healt","3","0","1"
"90808","Rexel Summers","jroller@rexelusa.com","1424 Natchitoches St","3342709473","3183259696","506330","Electric Equipment & Supplies-Wholesale","www.rexelusa.com"," Email <---> Revenue ","160477","Rexel Summers","1424 Natchitoches St","West Monroe","LA","71292","Ouachita","www.rexelusa.com","3183259696","","Craig Ross","Manager","Mal","8554000","13","506330","Electric Equ","3","0","1"
"71424","Infolink USA Inc","jsimpson@infolink-usa.com","714 E Kaliste Saloom Rd # B1","3372321123","3372321123","504509","Computer Software-Wholesale","www.infolink-usa.com"," Email <---> Revenue ","8304","Infolink USA Inc","714 E Kaliste Saloom Rd # B1","Lafayette","LA","70508","Lafayette","www.infolink-usa.com","3372321123","","Larry Amy","President","Mal","7176000","8","504509","Computer Sof","3","0","1"
"86808","Lafayette Shooters Wilderness","kathy@lafayetteshooters.com","3520 Ambassador Caffery Pkwy","3379845533","3379881191","594129","Guns & Gunsmiths","www.lafayetteshooters.com"," Email <---> Revenue ","9901","Lafayette Shooters Wilderness","3520 Ambassador Caffery Pkwy","Lafayette","LA","70503","Lafayette","www.lafayetteshooters.com","3379881191","3379845533","Russell Jackson","Owner","Mal","5920000","40","594129","Guns & Gunsm","3","0","1"
"85256","Martin Wine Cellar","kcox@martinwine.com","714 Elmeer Ave","5048967340","5048967300","592103","Wines-Retail","www.martinwine.com"," Email <---> Revenue ","128550","Martin Wine Cellar","714 Elmeer Ave","Metairie","LA","70005","Jefferson","www.martinwine.com","5048967300","5048967370","Sophie Wegman","Manager","Fem","9040000","40","592103","Wines-Retail","3","0","1"
"93747","DMJM Harris","kevin.corbett@dmjmharris.com","1555 Poydras St # 1860","5106454497","5045294533","871129","Engineers-Traffic & Transportation","www.dmjmharris.com"," Email <---> Revenue ","64743","DMJM Harris","1555 Poydras St # 1860","New Orleans","LA","70112","Orleans","www.dmjmharris.com","5045294533","5045222085","Daniel Bolinger","Manager","Mal","7110000","45","871129","Engineers-Tr","3","0","1"
"39533","KLL Consultants; Inc.","kllno@neosoft.com","3013 27th Street","5048379470","5048379477","871106","Engineers","KREBS-ENGINEERS.COM^^KREBSCONSULTANTS.COM^^KREBSGROUP.COM"," Email <---> Revenue ","115127","Krebs LA Salle Lemieux Conslnt","3013 27th St","Metairie","LA","70002","Jefferson","www.kllconsultants.com","5048379470","5048379477","Shelby La Salle","President","Mal","8690000","55","871111","Engineers-Co","3","0","1"
"89040","Seafood Packaging Inc","ksharp@seafoodpackaging.com","2120 Poydras St","5045229008","5045226677","511318","Boxes-Corrugated & Fiber (Wholesale)","www.seafoodpackaging.com"," Email <---> Revenue ","168456","Seafood Packaging Inc","2120 Poydras St","New Orleans","LA","70112","Orleans","www.seafoodpackaging.com","5045226677","5045229008","Kent Sharp","Owner","Mal","9108000","11","511318","Boxes-Corrug","3","0","1"
"1997","e-Canova","ktabor@eatel.net","2487 North Flannery","2252728990","null","1099","Metal ores","FABRICATEDSTEEL.NET;FABRICATEDSTEEL.ORG"," Email <---> Revenue ","79219","Fabricated Steel Products","2487 N Flannery Rd","Baton Rouge","LA","70815","E Baton Rouge","www.fabricatedsteel.com","2252728990","2252729038","Warren G Tabor","President","Mal","8760000","40","344106","Steel-Struct","3","0","1"
"92863","BBP Sales","kwest@bbpsales.com","11842 Cloverland Ct","2257514136","2257514142","506328","Controls Control Systs/Regulators (Whol)","www.bbpsales.com"," Email <---> Revenue ","33647","BBP Sales","11842 Cloverland Ct","Baton Rouge","LA","70809","E Baton Rouge","www.bbpsales.com","2257514142","2257514136","Hal Pilcher","Owner","Mal","7238000","11","506328","Controls Con","3","0","1"
"65559","Scientific Systems Corp","ldevall@severeduty.com","9020 S Choctaw Dr","2259266973","2259266950","358501","Air Conditioning Equipment-Manufacturers","www.severeduty.com"," Email <---> Revenue ","168044","Scientific Systems Corp","9020 S Choctaw Dr","Baton Rouge","LA","70815","E Baton Rouge","www.severeduty.com","2259266950","2259266973","Henry Townley","Manager","Mal","6312000","24","358501","Air Conditio","3","0","1"
"26977","Magnum Construction Svc","lredwine@magnumconstruction.com","100 Industrial Dr","9254430654","9856492135","344106","Steel-Structural (Manufacturers)","www.magnumconstruction.com"," Email <---> Revenue ","126456","Magnum Construction Svc","100 Industrial Dr","Slidell","LA","70460","St Tammany","www.magnumconstruction.com","9856492135","9856417157","Don Arroyo","Owner","Mal","9855000","45","344106","Steel-Struct","3","0","1"
"79425","Recovery Center-Lake Charles","lsumc@lcmh.com","1701 Oak Park Blvd # 4","3107987335","3374943262","806301","Mental Health Services","www.lcmh.com"," Email <---> Revenue ","13956","Recovery Center-Lake Charles","1701 Oak Park Blvd # 4","Lake Charles","LA","70601","Calcasieu","www.lcmh.com","3374943262","3374942352","Kandy Marks","Executive Director","Fem","6075000","75","806301","Mental Healt","3","0","1"
"73462","Mc Kay Equipment","M.Mark@mcquip.com","116 Row Three","3375931170","3375930059","508428","Oil Field Equipment (Wholesale)","NULL"," Email <---> Revenue ","11292","Mc Kay Equipment","116 Row Three","Lafayette","LA","70508","Lafayette","www.mcquip.com","3375930059","3375931170","Mark Mc Kay","Owner","Mal","5440000","10","508428","Oil Field Eq","3","0","1"
"26803","Baker Valve & Machine Svc","M_Richardson@bakervalve.com","2182 E Flonacher Rd","2256547871","2256540928","349403","Valves-Manufacturers","NULL"," Email <---> Revenue ","34370","Baker Valve & Machine Svc","2182 E Flonacher Rd","Zachary","LA","70791","E Baton Rouge","www.bakervalve.com","2256540928","2256547871","Mart Richardson","Owner","Mal","5050000","25","349403","Valves-Manuf","3","0","1"
"74836","Baker & Associates","major@petronet.net","Po Box 3616  NA","9853853132","19853853137","7319","Media services","MAJOREQUIPMENTANDREMEDIATION.COM"," Email <---> Revenue ","126729","Major Equipment & Remediation","137 Stuart Rd","Morgan City","LA","70380","St Mary","","9853853132","9853853137","Bob Miller","Owner","Mal","8580000","60","138905","Oil Field Se","3","0","1"
"88804","Analytic Stress Relieving Inc","marshall@analyticstress.com","17207 Airline Hwy","2256735500","2256733012","339801","Heat Treating Metal (Manufacturers)","www.analyticstress.com"," Email <---> Revenue ","28325","Analytic Stress Relieving Inc","17207 Airline Hwy","Prairieville","LA","70769","Ascension","www.analyticstress.com","2256735500","2256733012","Ron Grasse","Manager","Mal","6000000","30","339801","Heat Treatin","3","0","1"
"87670","Ford Bacon & Davis","mdcruse@fbd.com","4001 Jackson St","3183610962","3183239000","871106","Engineers","www.fbd.com"," Email <---> Revenue ","83977","Ford Bacon & Davis","4001 Jackson St","Monroe","LA","71202","Ouachita","www.fbd.com","3183239000","3183610962","Ray Sherman","President","Mal","9480000","60","871106","Engineers","3","0","1"
"2044","Davis-Lynch Inc","media-relations@davis-lynch.com","207 Bolton Ave","3372324237","3372324230","508428","Oil Field Equipment (Wholesale)","www.davis-lynch.com"," Email <---> Revenue ","4927","Davis-Lynch Inc","207 Bolton Ave","Lafayette","LA","70508","Lafayette","www.davis-lynch.com","3372324230","3372324237","Terry Guilbeaux","Manager","Mal","9248000","17","508428","Oil Field Eq","3","0","1"
"62660","GSE Assoc Inc","metairie@gulf-south.com","991 Grand Caillou Rd","9858760621","9858766380","871110","Engineers-Civil","www.gulf-south.com"," Email <---> Revenue ","86675","GSE Assoc Inc","991 Grand Caillou Rd","Houma","LA","70363","Terrebonne","www.gulf-south.com","9858766380","9858760621","Arthur De Fraites","Owner","Mal","5214000","33","871110","Engineers-Ci","3","0","1"
"31657","Michael M Colburn & Assoc","Michael@usi.com","3900 N Causeway Blvd # 1300","5048320040","5048354200","641109","Insurance-Life (Agents)","NULL"," Email <---> Revenue ","132278","Michael M Colburn & Assoc","3900 N Causeway Blvd # 1300","Metairie","LA","70002","Jefferson","www.usi.com","5048354200","5048320040","Michael Colburn","Owner","Mal","5658000","41","641109","Insurance-Li","3","0","1"
"87585","Union Tank Car Co","mijal@utlx.com","5818 Mccann Dr","2252936303","2252919222","162908","Railroad Contractors","www.utlx.com"," Email <---> Revenue ","192832","Union Tank Car Co","5818 Mccann Dr","Baton Rouge","LA","70809","E Baton Rouge","www.utlx.com","2252919222","2252936303","Charlie Howell","Manager","Mal","6346000","38","162908","Railroad Con","3","0","1"
"67417","Industrial Maritime Carriers","mike@intermarineusa.com","365 Canal St # 3100","5045292140","5045292100","448903","Steamship Companies","www.intermarineusa.com"," Email <---> Revenue ","102541","Industrial Maritime Carriers","365 Canal St # 3100","New Orleans","LA","70130","Orleans","www.intermarineusa.com","5045292100","5045292140","Roger Kavanagh","Owner","Mal","6890000","65","448903","Steamship Co","3","0","1"
"61555","M & M Bumper Svc","MikeMazerac@mmbumperservice.com","PO Box 237","9855947145","9855944148","555113","Marine Equipment & Supplies","NULL"," Email <---> Revenue ","125103","M & M Bumper Svc","264 Company Canal Rd","Bourg","LA","70343","Terrebonne","www.mmbumperservice.com","9855944148","9855947145","Mike Mazerac","Owner","Mal","6308000","19","555113","Marine Equip","3","0","1"
"72434","Snee Chemical Co","mitchell@sneechemical.com","5565 Pepsi St","5047345221","5047347633","289905","Chemicals-Manufacturers","NULL"," Email <---> Revenue ","173126","Snee Chemical Co","5565 Pepsi St","New Orleans","LA","70123","Jefferson","www.sneechemical.com","5047347633","5047345221","Richard J Hartwell","President","Mal","9516000","26","289905","Chemicals-Ma","3","0","1"
"91887","Air & Process Systems","motackney@airandprocesssystems.com","11558 S Choctaw Dr","2252724959","2252729130","356301","Compressors-Manufacturers","www.airandprocesssystems.com"," Email <---> Revenue ","24122","Air & Process Systems","11558 S Choctaw Dr","Baton Rouge","LA","70815","E Baton Rouge","www.airandprocesssystems.com","2252729130","2252724959","Michael O Tackney","Owner","Mal","9768000","33","356301","Compressors-","3","0","1"
"91403","AAA Cooper Transportation","msp@aaacooper.com","8728 Kiowa Ave","8138991019","2259265394","421309","Trucking-Motor Freight","www.aaacooper.com"," Email <---> Revenue ","20085","AAA Cooper Transportation","8728 Kiowa Ave","Baton Rouge","LA","70815","E Baton Rouge","www.aaacooper.com","2259265394","2259262501","Steve Lowery","Manager","Mal","6040000","40","421309","Trucking-Mot","3","0","1"
"87787","New Century Fabricators Inc","nelson@newcenturyfab.com","2904 W Old Spanish Trl","3373657525","3373659408","179911","Sandblasting","www.newcenturyfab.com"," Email <---> Revenue ","138926","New Century Fabricators Inc","2904 W Old Spanish Trl","New Iberia","LA","70560","Iberia","www.newcenturyfab.com","3373659408","3373657525","Stanley Blackstone","Owner","Mal","9300000","75","179911","Sandblasting","3","0","1"
"62011","Vincent Piazza Jr & Sons Inc","nicholaspiazza@piazzaseafood.com","5736 Heebe St","5047348752","5047340012","209201","Seafood Packers","www.piazzaseafood.com"," Email <---> Revenue ","195927","Vincent Piazza Jr & Sons Inc","5736 Heebe St","Harahan","LA","70123","Jefferson","www.piazzaseafood.com","5047340012","5047348752","Vincent Piazza Jr","Owner","Mal","7456000","32","209201","Seafood Pack","3","0","1"
"77921","United Rentals","nsalas@ur.com","10385 Airline Hwy","5123350120","5044671512","735910","Rental Service-Stores & Yards","www.unitedrentals.com"," Email <---> Revenue ","193225","United Rentals","10385 Airline Hwy","St Rose","LA","70087","St Charles","www.unitedrentals.com","5044671512","5044663780","Scott Norton","Manager","Mal","5673000","31","735910","Rental Servi","3","0","1"
"65231","Vincent Piazza Jr & Sons","packages@piazzaseafood.com","921 South Dupre Street","5047340012","5047348752","203204","Food Specialties","piazzaseafood.com"," Email <---> Revenue ","195927","Vincent Piazza Jr & Sons Inc","5736 Heebe St","Harahan","LA","70123","Jefferson","www.piazzaseafood.com","5047340012","5047348752","Vincent Piazza Jr","Owner","Mal","7456000","32","209201","Seafood Pack","3","0","1"
"94506","Plains Marketing LP","pdkramer@paalp.com","7017 Highway 84","3187572122","3187574138","138905","Oil Field Service","www.paalp.com"," Email <---> Revenue ","150873","Plains Marketing LP","7017 Highway 84","Ferriday","LA","71334","Concordia","www.paalp.com","3187574138","3187572122","Mike Green","Manager","Mal","5434000","38","138905","Oil Field Se","3","0","1"
"91457","Structural Preservation Systs","pecareers@structural.net","1343 Swisco Rd","9549849559","3376255888","177105","Concrete Contractors","www.structural.net"," Email <---> Revenue ","180622","Structural Preservation Systs","1343 Swisco Rd","Sulphur","LA","70665","Calcasieu","www.structural.net","3376255888","3376252130","Charlie Koppenhagen","Manager","Mal","6450000","50","177105","Concrete Con","3","0","1"
"72155","Scafco Limited","privacy.turner@turner.com","2865 E Mason Ave","2253547160","2253570730","735915","Scaffolding-Renting","www.turner.com"," Email <---> Revenue ","167731","Scafco Limited","2865 E Mason Ave","Baton Rouge","LA","70805","E Baton Rouge","www.turner.com","2253570730","2253547160","Buthch Knight","Manager","Mal","7320000","40","735915","Scaffolding-","3","0","1"
"93892","Plant Gallery","Rabalais@theplantgallery.com","9401 Airline Hwy","5044888890","5044888887","526108","Nurserymen","NULL"," Email <---> Revenue ","151016","Plant Gallery","9401 Airline Hwy","New Orleans","LA","70118","Orleans","","5044888887","5044888890","Kenneth J Rabalais","Owner","Mal","7425000","55","526108","Nurserymen","3","0","1"
"84389","Dixie Storage","randolph.mccormick@dixiestorage.com","131 Mccormick Dr","3375857750","3375854553","422503","Storage-Household & Commercial","NULL"," Email <---> Revenue ","70101","Dixie Storage","131 Mccormick Dr","Port Barre","LA","70577","St Landry","www.dixiestorage.com","3375854553","3375857750","Randolph Mc Cormick","Owner","Mal","5040000","40","422503","Storage-Hous","3","0","1"
"93193","Red Lerille's Health & Racquet","Red_Lerille@redlerilles.com","301 Doucet Rd","NULL","3379847738","799101","Health Clubs Studios & Gymnasiums","NULL"," Email <---> Revenue ","13966","Red Lerille's Health & Racquet","301 Doucet Rd","Lafayette","LA","70503","Lafayette","www.redlerilles.com","3379847738","","Red Lerille","Owner","Mal","5850000","150","799101","Health Clubs","3","0","1"
"12715","International Sureties Ltd","rfitz@internationalsureties.com","Suite 1700","5045816404","null","738999","Business Services Nec","null"," Email <---> Revenue ","103421","International Sureties LTD","210 Baronne St # 1700","New Orleans","LA","70112","Orleans","","5045816404","5045811876","Clark Fitz-Hugh","Owner","Mal","8632000","13","635102","Bonds-Surety","3","0","1"
"83709","LAS Enterprises","RichardMaia@lasenterprises.com","2413 L And A Rd","5048320036","5048871515","521107","Windows","NULL"," Email <---> Revenue ","116406","LAS Enterprises","2413 L And A Rd","Metairie","LA","70001","Jefferson","www.lasenterprises.com","5048871515","5048320036","Richard Maia","Owner","Mal","7740000","30","521107","Windows","3","0","1"
"93599","Industrial Screw & Supply Co","ricks@indscrew.com","4535 Choctaw Dr","2253560200","2253560158","507201","Bolts & Nuts (Wholesale)","www.indscrew.com"," Email <---> Revenue ","102582","Industrial Screw & Supply Co","4535 Choctaw Dr","Baton Rouge","LA","70805","E Baton Rouge","www.indscrew.com","2253560158","2253560200","Rick Crew","President","Mal","9324000","18","507201","Bolts & Nuts","3","0","1"
"74550","Martin Marietta Aggregates","ricky.lee@martinmarietta.com","800 N Causeway Blvd","3202512336","9856742871","142201","Limestone","www.martinmarietta.com"," Email <---> Revenue ","128509","Martin Marietta Aggregates","800 N Causeway Blvd","Mandeville","LA","70448","St Tammany","www.martinmarietta.com","9856742871","9859517038","Jay Moreau","VP","Mal","5300000","25","142201","Limestone","3","0","1"
"77783","Murphy Brothers Trucking Inc","rmurphy@murphybrostrucking.com","3500 2nd St","3182633977","3182633530","421304","Trucking","www.murphybrostrucking.com"," Email <---> Revenue ","136777","Murphy Brothers Trucking Inc","3500 2nd St","Arcadia","LA","71001","Bienville","www.murphybrostrucking.com","3182633530","3182633977","Randall Murphy","Owner","Mal","9513000","63","421304","Trucking","3","0","1"
"48832","Laborde Products","rniblick@labordeproducts.com","74257 Highway 25","5048923598","null","738999","Business Services Nec","LABORDEPRODUCTS.COM^^YANMAR.NET^^YANMARPARTS.NET"," Email <---> Revenue ","116761","Laborde Products","74257 Highway 25","Covington","LA","70435","St Tammany","","9858920107","9858985824","","","","7304000","22","555113","Marine Equip","3","0","1"
"34252","Royal Furniture Company","royalfur@intersurf.com","211 East Thomas Street","2253444374","null","571216","Furniture","ROYALFURNITURECO.COM"," Email <---> Revenue ","164480","Royal Furniture Co","502 N 19th St","Baton Rouge","LA","70802","E Baton Rouge","","2253444374","2253872777","C Mike Tricou","Owner","Mal","5000000","25","571216","Furniture-De","3","0","1"
"27296","Cudd Pressure Control Inc","rtalk@cudd.com","6770 Johnston St","5043946611","3379898495","138905","Oil Field Service","www.cudd.com"," Email <---> Revenue ","4554","Cudd Pressure Control Inc","6770 Johnston St","Lafayette","LA","70503","Lafayette","www.cudd.com","3379898495","3379846069","Guy Mc Daniel","Manager","Mal","7150000","50","138905","Oil Field Se","3","0","1"
"32592","Reliant Technology Inc","rtibarry@tlxnet.net","2933 LA Highway 1 N","2253837961","2253837923","284101","Soaps & Detergents-Manufacturers","NULL"," Email <---> Revenue ","159724","Reliant Technology Inc","2933 LA Highway 1 N","Port Allen","LA","70767","W Baton Rouge","www.r-techusa.com","2253837923","2253837961","Barry Hugghins","Owner","Mal","7540000","10","284101","Soaps & Dete","3","0","1"
"72800","Horse Primitive Productions","RTSRV@EATEL.NET","6632 Airline Highway","2253554449","2253556300","8999","Services NEC","blanchardtrailer.com"," Email <---> Revenue ","40490","Blanchard Trailer Sales","6632 Airline Hwy","Baton Rouge","LA","70805","E Baton Rouge","www.blanchardtrailer.com","2253554449","2253556300","Hoytt Adcock","VP","Mal","5352000","12","556103","Recreational","3","0","1"
"56625","G & H Seed Co","russ.quinn@dtn.com","705 E 1st St","3376432324","3376432108","519112","Feed-Dealers (Wholesale)","www.ghseed.com"," Email <---> Revenue ","86227","G & H Seed Co","705 E 1st St","Kaplan","LA","70548","Vermilion","www.ghseed.com","3376432108","3376432324","Scott Trahan","Manager","Mal","6650000","10","519112","Feed-Dealers","3","0","1"
"71444","New Horizons Computer Learning","sales.neworleans@newhorizons.com","2800 Veterans Memorial Blvd","5048329932","5048496600","824301","Computer Training","www.newhorizons-no.com"," Email <---> Revenue ","139180","New Horizons Computer Learning","2800 Veterans Memorial Blvd","Metairie","LA","70002","Jefferson","www.newhorizons-no.com","5048496600","5048329932","Joe O'Leary","Owner","Mal","6864000","44","824301","Computer Tra","3","0","1"
"53475","Waste Management Inc","sales_michigan@wm.com","14061 Highway 442 W","9855422910","9855422911","495302","Garbage Collection","www.wm.com"," Email <---> Revenue ","198098","Waste Management Inc","14061 Highway 442 W","Tickfaw","LA","70466","Tangipahoa","www.wm.com","9855422910","9855422911","Roy Walters","Manager","Mal","7595000","35","495302","Garbage Coll","3","0","1"
"88238","Waste Management Inc","sales_ohio@wm.com","14061 Highway 442 W","9207323758","9855422910","495302","Garbage Collection","www.wm.com"," Email <---> Revenue ","198098","Waste Management Inc","14061 Highway 442 W","Tickfaw","LA","70466","Tangipahoa","www.wm.com","9855422910","9855422911","Roy Walters","Manager","Mal","7595000","35","495302","Garbage Coll","3","0","1"
"9633","Louisiana Chemical Dismantling","Schwall@lcdc-invirex.com","24 27th St","5044644419","5044640770","179502","Demolition Contractors","NULL"," Email <---> Revenue ","123147","Louisiana Chemical Dismantling","24 27th St","Kenner","LA","70062","Jefferson","www.lcdc-invirex.com","5044640770","5044644419","Jay Schwall","Owner","Mal","5280000","33","179502","Demolition C","3","0","1"
"83393","Mosquito Control Cntrctrs Inc","scottoffice@mcci.info","104 Park West Dr","3373656995","3373656995","509901","Exporters","www.mcci.info"," Email <---> Revenue ","135554","Mosquito Control Cntrctrs Inc","104 Park West Dr","Scott","LA","70583","Lafayette","www.mcci.info","3373656995","","Glenn Stokes Sr","Owner","Mal","7552000","8","509901","Exporters","3","0","1"
"9512","Physician Sales & Svc","seaglin@pssd.com","150 Canvasback St","5044698424","5047330223","384104","Physicians & Surgeons Equip & Supls-Mfrs","www.pssd.com"," Email <---> Revenue ","149744","Physician Sales & Svc","150 Canvasback St","St Rose","LA","70087","St Charles","www.pssd.com","5047330223","5044698424","Josh Horton","Manager","Mal","7840000","35","384104","Physicians &","3","0","1"
"87915","Sealand Mechanical Inc","sealand@sealand.chouest.com","1747 Grand Caillou Rd","9858681433","9858765199","171117","Air Conditioning Contractors & Systems","www.sealandmechanical.com"," Email <---> Revenue ","168493","Sealand Mechanical Inc","1747 Grand Caillou Rd","Houma","LA","70363","Terrebonne","www.sealandmechanical.com","9858765199","9858681433","Samuel Sanderson","Manager","Mal","6424000","44","171117","Air Conditio","3","0","1"
"92734","Continental Western Corp","seattle@cwestern.com","5980 Jefferson Hwy","2066826205","5047336057","509905","Importers","www.cwestern.com"," Email <---> Revenue ","59707","Continental Western Corp","5980 Jefferson Hwy","New Orleans","LA","70123","Jefferson","www.cwestern.com","5047336057","5047336642","Bill Gray","Manager","Mal","9440000","10","509905","Importers","3","0","1"
"86845","Risk Management","shall@ras.com","2351 Energy Dr # 2000","2253899333","2253899944","874198","Management Services","www.ras.com"," Email <---> Revenue ","161553","Risk Management","2351 Energy Dr # 2000","Baton Rouge","LA","70808","E Baton Rouge","www.ras.com","2253899944","2253899333","Chip Amundson","Manager","Mal","7560000","60","874198","Fuel Managem","3","0","1"
"28486","C S Steen Syrup Mill Inc","steens@steensyrup.com","119 N Main St","3378932478","3378931654","209907","Syrups-Manufacturers","www.steensyrup.com"," Email <---> Revenue ","46803","C S Steen Syrup Mill Inc","119 N Main St","Abbeville","LA","70510","Vermilion","www.steensyrup.com","3378931654","3378932478","Albert C Steen","President","Mal","5520000","20","209907","Syrups-Manuf","3","0","1"
"73697","Coastal Fire Protection","Stephen@coastalfire.com","8201 Peach St","5044888847","5044881212","508734","Sprinklers-Automatic-Fire (Wholesale)","NULL"," Email <---> Revenue ","57478","Coastal Fire Protection","8201 Peach St","New Orleans","LA","70118","Orleans","","5044881212","5044888847","Stephen Petagna","Owner","Mal","5190000","15","508734","Sprinklers-A","3","0","1"
"49189","JRL Interplastics Inc","sugar@sugarandpower.com","2644 S Sherwood Forest Blvd","2252930863","2252935519","509901","Exporters","www.sugarandpower.com"," Email <---> Revenue ","105342","JRL Interplastics Inc","2644 S Sherwood Forest Blvd","Baton Rouge","LA","70816","E Baton Rouge","www.sugarandpower.com","2252935519","2252930863","Jorge Lima","President","Mal","9440000","10","509901","Exporters","3","0","1"
"93011","St Martin's Episcopal School","susan.pansano@stmsaints.com","5309 Airline Dr","5047368801","5047368801","835101","Child Care Service","www.stmsaints.com"," Email <---> Revenue ","177586","St Martin's Episcopal School","5309 Airline Dr","Metairie","LA","70003","Jefferson","www.stmsaints.com","5047330353","5047368801","Barbara Ryan","Principal","Fem","6200000","200","835101","Child Care S","3","0","1"
"86940","Love's Country Store","susand@loves.com","751 Lobdell Hwy","2253899111","2253899104","541103","Convenience Stores","www.loves.com"," Email <---> Revenue ","124317","Love's Country Store","751 Lobdell Hwy","Port Allen","LA","70767","W Baton Rouge","www.loves.com","2253899111","2253899104","Joey Naquin","Manager","Mal","9100000","50","541103","Convenience ","3","0","1"
"93696","Suttles Truck Leasing Inc","suttles13@suttlestruck.com","4090 Highway 30","2256425734","2256428771","421306","Trucking-Liquid & Dry Bulk","www.suttlestruck.com"," Email <---> Revenue ","182520","Suttles Truck Leasing Inc","4090 Highway 30","St Gabriel","LA","70776","Iberville","www.suttlestruck.com","2256428771","2256425734","Jimmy Burgess","Manager","Mal","9060000","60","421306","Trucking-Liq","3","0","1"
"83731","Daily Equipment Co","tconstance@dailyeq.com","2850 Berlin Dr","3182279227","2259251435","508457","Trucks-Industrial (Wholesale)","www.dailyeq.com"," Email <---> Revenue ","64937","Daily Equipment Co","2850 Berlin Dr","Baton Rouge","LA","70814","E Baton Rouge","www.dailyeq.com","2259251435","2259251575","Krista Barbara","Manager","Fem","8160000","15","508457","Trucks-Indus","3","0","1"
"90991","Williams Field Svc","tedieck@duke-energy.com","4711 Bayou Black Dr","6168780659","9855757400","461201","Pipe Line Companies","www.williams.com"," Email <---> Revenue ","201175","Williams Field Svc","4711 Bayou Black Dr","Gibson","LA","70356","Terrebonne","www.williams.com","9855757400","9855757428","Warren Toups","Manager","Mal","8580000","12","461201","Pipe Line Co","3","0","1"
"92563","Submar Inc","teschete@submar.com","805 Dunn St","9858510108","9858680001","353301","Oil Field Equipment-Manufacturers","www.submar.com"," Email <---> Revenue ","180826","Submar Inc","805 Dunn St","Houma","LA","70360","Terrebonne","www.submar.com","9858680001","9858510108","Thomas Angel","President","Mal","7728000","28","353301","Oil Field Eq","3","0","1"
"40510","Suncoast Land Svc","ThomasJ@suncoastland.com","1003 Hugh Wallis Rd S # B","3372653953","3372321627","621102","Oil Land Leases","NULL"," Email <---> Revenue ","15974","Suncoast Land Svc","1003 Hugh Wallis Rd S # B","Lafayette","LA","70508","Lafayette","www.suncoastland.com","3372321627","3372653953","James A Thomas","Owner","Mal","8040000","20","621102","Oil Land Lea","3","0","1"
"70830","Bayou Forklift","todd@bayouforklift.com","336 Fontana Rd","3183436680","3183432840","508206","Contractors-Equip/Supls-Dlrs/Svc (Whol)","www.bayouforklift.com"," Email <---> Revenue ","36563","Bayou Forklift","336 Fontana Rd","Monroe","LA","71203","Ouachita","www.bayouforklift.com","3183432840","3183436680","Mark Felts","President","Mal","6660000","10","508206","Contractors-","3","0","1"
"72074","Quest Tru-Tec","tracerco@matthey.com","8181 G S R I Rd","2257672637","2257610621","508466","Inspection Devices-Industrial (Whol)","www.tru-tec.com"," Email <---> Revenue ","155677","Quest Tru-Tec","8181 G S R I Rd","Baton Rouge","LA","70820","E Baton Rouge","www.tru-tec.com","2257610621","2257672637","William Mixon","Manager","Mal","5440000","10","508466","Inspection D","3","0","1"
"90166","Hackbarth Delivery Svc","vdavis@hackbarthdelivery.com","180 James Dr E","2059411472","5044663111","421205","Delivery Service","www.hackbarthdelivery.com"," Email <---> Revenue ","93952","Hackbarth Delivery Svc","180 James Dr E","St Rose","LA","70087","St Charles","www.hackbarthdelivery.com","5044663111","5044669837","Jeffrey Donnes","Owner","Mal","7050000","50","421205","Delivery Ser","3","0","1"
"76555","Power-Logic Inc","wally.w@power-logic.com","11740 Airline Hwy","2252924756","2252928585","506336","Electronic Instruments (Wholesale)","www.power-logic.com"," Email <---> Revenue ","152654","Power-Logic Inc","11740 Airline Hwy","Baton Rouge","LA","70817","E Baton Rouge","www.power-logic.com","2252928585","2252924756","Walter Weselak","President","Mal","6580000","10","506336","Electronic I","3","0","1"
"91010","Western Union","WayneFreman@westernunion.com","PO Box 889","9855649139","9855649255","609910","Money Transfer Service","NULL"," Email <---> Revenue ","199812","Western Union","26277 Highway 23","Port Sulphur","LA","70083","Plaquemines","","9855649255","9855649139","Wayne Freman","President","Mal","7315000","35","609910","Money Transf","3","0","1"
"87236","A A Vending Svc","William@lyons-aav.com","2800 LA Highway 1 N","2253579384","2253561319","596201","Vending Machines","NULL"," Email <---> Revenue ","18644","A A Vending Svc","2800 LA Highway 1 N","Port Allen","LA","70767","W Baton Rouge","","2253561319","2253579384","William Davis","Owner","Mal","8100000","60","596201","Vending Mach","3","0","1"
"31660","Schumacher Group","WilliamS@schumachergroup.com","200 Corporate Blvd # 201","3372370631","3375935500","809913","Medical & Surgical Svc Organizations","NULL"," Email <---> Revenue ","14771","Schumacher Group","200 Corporate Blvd # 201","Lafayette","LA","70508","Lafayette","www.schumachergroup.com","3375935500","3372370631","William Schumacher","Owner","Mal","5600000","50","809913","Medical & Su","3","2","1"
"82288","Brookshire's","b2btechnical@brookshires.com","902 Broadway St","3189276734","3189279651","541105","Grocers","www.brookshires.com"," Email <---> Revenue ","44065","Brookshire's","902 Broadway St","Delhi","LA","71232","Richland","www.brookshires.com","3188783000","3188788745","Tim Hurt","Manager","Mal","6552000","36","541105","Grocers-Reta","3","0","1"
"60271","Label Concepts LLC","artdept@labelconcepts.com","5542 Main Hwy # 31","3378455485","3378455508","267201","Labels-Paper (Manufacturers)","www.labelconcepts.com"," Email <---> Revenue ","116678","Label Concepts LLC","5542 Main Hwy # 31","St Martinville","LA","70582","St Martin","www.labelconcepts.com","3378455508","3378455485","Jack Baudin","Owner","Mal","7840000","20","267201","Labels-Paper","3","0","1"
"89925","Arcadis Geraghty & Miller Inc","arcadisgm@arcadis-us.com","2900 Westfork Dr # 540","6147641270","2252921004","871111","Engineers-Consulting","www.arcadis-us.com"," Email <---> Revenue ","30011","Arcadis Geraghty & Miller Inc","2900 Westfork Dr # 540","Baton Rouge","LA","70827","E Baton Rouge","www.arcadis-us.com","2252921004","2252925210","Rudy Guichard","Manager","Mal","5530000","35","871111","Engineers-Co","3","0","1"
"4269","Canteen Vending Svc","A-P@exch.compass-usa.com","730 S Pierce St","NULL","5044884422","596201","Vending Machines","NULL"," Email <---> Revenue ","48989","Canteen Vending Svc","730 S Pierce St","New Orleans","LA","70119","Orleans","","5044884422","","Anthony Palermo Jr","Owner","Mal","6750000","50","596201","Vending Mach","3","0","1"
"86000","Alamo Glass Co","alamo@eatel.net","1220 Bertrand Dr","3372378633","3372338811","523110","Glass-Auto Plate & Window & Etc","www.alamoglass.com"," Email <---> Revenue ","912","Alamo Glass Co","1220 Bertrand Dr","Lafayette","LA","70506","Lafayette","www.alamoglass.com","3372338811","3372378633","Jerry Walton","Owner","Mal","7035000","35","523110","Glass-Auto P","3","0","1"
"60100","Wholesale Electric Supply Co","7133100069@page.metrocall.com","3210 E Napoleon St","4098420347","3376260500","506330","Electric Equipment & Supplies-Wholesale","www.wholesaleelectric.com"," Email <---> Revenue ","200546","Wholesale Electric Supply Co","3210 E Napoleon St","Sulphur","LA","70663","Calcasieu","www.wholesaleelectric.com","3376260500","3376260504","Mike Bradford","Manager","Mal","8554000","13","506330","Electric Equ","3","0","1"
"93931","Laboratory Corp Of America","837claims@labcorp.com","11441 Industriplex Blvd # 140","8063530246","2259269173","807101","Laboratories-Medical","www.labcorp.com"," Email <---> Revenue ","116733","Laboratory Corp Of America","11441 Industriplex Blvd # 140","Baton Rouge","LA","70809","E Baton Rouge","www.labcorp.com","2259269173","","Nancy Day","Manager","Fem","5640000","40","807101","Laboratories","3","0","1"
"88700","Oakdale Market","abryant@supermarketoperations.com","715 Highway 165 S","6014450531","3182150999","541105","Grocers-Retail","www.supermarketoperations.com"," Email <---> Revenue ","142543","Oakdale Market","715 Highway 165 S","Oakdale","LA","71463","Allen","www.supermarketoperations.com","3182150999","3182150098","Wendell Melton","Manager","Mal","6370000","35","541105","Grocers-Reta","3","0","1"
