mail id,company,email,address,phone,fax,sic,sic description,web,,revenue id,company,address,city,state,zip,	metro,web,phone,fax,contact,position,gender,sales,# of employee,sic,sic_descrpiton,	,,
"78131","Wesley Manor Retirement Cmnty","ahkuvin@insightbb.com","5012 E Manslick Rd","5029693270","5029693277","805101","Nursing & Convalescent Homes","www.wesleymanorretirement.com"," Email <---> Revenue ","131053","WESLEY MANOR RETIREMENT CMNTY","5012 E MANSLICK RD","LOUISVILLE","KY","40219","Jefferson","","5029693277","","JAN SHOAF","Administrator","F","5700000","150","805900","Nursing & Pe","3","0","1"
"101084","Johnson Industries Inc","anni@johnsonindustries.com","101 Pine Fork Rd","5594850629","6066392029","353201","Mining Equipment & Supplies-Mfrs","www.johnsonindustries.com"," Email <---> Revenue ","217093","Johnson Industries Inc","101 Pine Fork Rd","Pikeville","KY","41501","Pike","www.johnsonindustries.com","6066392029","6066396834","George Johnson","Owner","Mal","7830000","30","353201","Manufacturin","3","0","1"
"23431","Clark & Riggs Printing","ClarkGary@clarkandriggs.com","1904 Watterson Trl # 100","5024939086","5024939651","275205","Printing Brokers","NULL"," Email <---> Revenue ","25957","CLARK & RIGGS PRINTING","1904 WATTERSON TRL STE 100","LOUISVILLE","KY","40299","Jefferson","","5024939651","","GARY CLARK","Owner","M","5100000","85","275900","Coml Printin","3","0","1"
"101418","Clark; Akiva","croushornequip@attglobal.net","101 Sunshine Park","6065732454","6065735898","353401","Mfg Elevators/escalators Building Equipment Installatio","CROUSHORN.BIZ"," Email <---> Revenue ","173929","Croushorn Equipment Co","101 Sunshine Park","Harlan","KY","40831","Harlan","","6065732454","6065735898","James Croushorn","President","Mal","9990000","15","508206","Contractors-","3","0","1"
"61956","Paragon Door Designs","D_Burks@paragondoor.com","7757 National Tpke","5023634704","5023632188","521130","Doors-Metal","NULL"," Email <---> Revenue ","251430","Paragon Door Designs","7757 National Tpke","Louisville","KY","40214","Jefferson","www.paragondoor.com","5023632188","5023634704","David N Burks","Owner","Mal","8256000","32","521130","Doors-Metal","3","0","1"
"92532","YOUNG; JUDITH","fccbilling@kywirelesscollc.com","5842 Morehead Rd","6068452711","6068457121","872103","Billing Service","null"," Email <---> Revenue ","23042","CHAMPION CHRYSLER DODGE JEEP","5842 MOREHEAD RD","FLEMINGSBURG","KY","41041","","","6068452711","","RICHARD RADER","Owner","M","5700000","14","551100","New & Used C","3","0","1"
"107322","Mindel Scott & Assoc Inc","jbillharz@mindelscott.com","4545 Bishop Ln # 200","5024851606","5024851508","871111","Engineers-Consulting","www.mindelscott.com"," Email <---> Revenue ","240179","Mindel Scott & Assoc Inc","4545 Bishop Ln # 200","Louisville","KY","40218","Jefferson","www.mindelscott.com","5024851508","5024851606","Steve Scott","President","Mal","7584000","48","871111","Engineers-Co","3","0","1"
"45640","Fibreworks","natural@fibreworks.com","1729 Research Drive","5024999944","5024999880","509905","Importers","MID-AMERICAIMPORTS.COM"," Email <---> Revenue ","44900","FIBREWORKS CORP","2417 DATA DR","LOUISVILLE","KY","40299","Jefferson","","5024999944","","STEVE STOOKSBERRY","President","M","8900000","53","229800","Mfg Cordage ","3","0","1"
"44756","Borders Unlimited","Spear@bordersunlimited.com","365 Pearce Industrial Rd","5026336869","5026336866","519801","Wallpapers & Wallcoverings-Wholesale","NULL"," Email <---> Revenue ","15643","BORDERS UNLIMITED","365 PEARCE INDUSTRIAL RD","SHELBYVILLE","KY","40065","Shelby","","5026336866","","DONALD SPEAR","Owner","M","6700000","40","267900","Converted Pp","3","0","1"
"79722","Deck Aid","Wes@deckaid.com","519 Enterprise Dr","8593440111","8593441221","179942","Patio & Deck Cleaning & Restoration","NULL"," Email <---> Revenue ","34907","DECK AID","951 HELEN RUTH DR","COVINGTON","KY","41017","Kenton","","8593441221","","WES DANIELS","Owner","M","5400000","30","179916","Cleaning/Pre","3","0","1"
