mail id,company,email,address,phone,fax,sic,sic description,web,,revenue id,company,address,city,state,zip,	metro,web,phone,fax,contact,position,gender,sales,# of employee,sic,sic_descrpiton,	,,
"46263","Cruise Planners","Clark@cruiseplannersonline.com","4035 Anton Rd","NULL","2708211965","472406","Cruises","NULL"," Email <---> Revenue ","31687","CRUISE PLANNERS","365 STAGECOACH RD","MADISONVILLE","KY","42431","Hopkins","","2708211965","","RICHARD CLARK","Manager","M","10100000","819","472400","Travel Agenc","4","0","1"
"73205","Apollo Oil Group","hcombs@sdgky.com","PO Box 4060 1175 Early Drive","8597445444","null","131103","Oil Companies","APOLLOOIL.COM"," Email <---> Revenue ","6620","APOLLO OIL","1175 EARLY DR","WINCHESTER","KY","40391","Clark","","8597445444","","PHIL HOLLEY","President","M","20300000","75","517204","Lubric Oils,","4","0","1"
"77979","Woodall Construction Co Inc","jwoodall@woodallconst.com","1332 Cahill Dr","8592816259","8592332909","179403","Excavating Contractors","www.woodallconst.com"," Email <---> Revenue ","301202","Woodall Construction Co Inc","1332 Cahill Dr","Lexington","KY","40504","Fayette","www.woodallconst.com","8592332909","8592816259","Jerry Woodall","Owner","Mal","15900000","100","179403","Excavating C","4","0","1"
"38732","wrp enterprises","marcus.withers@insightbb.com","5311 dixie hwy","5024491900","15024494445","509905","Importers","bowlinggreenimports.com"," Email <---> Revenue ","20360","CARDINAL CHRYSLER DODGE INC","5311 DIXIE HWY","LOUISVILLE","KY","40216","Jefferson","","5024491900","","WINSTON PITTMAN SR","Owner","M","20200000","50","551100","New & Used C","4","0","1"
"30352","ROLL FORMING CORPORATION","ridatrom@rfcorp.com","1070 Brooks Industrial Road","5026334435","5026335824","359915","Industrial Equipment & Supplies","ROLLFORMINGCORPORATION.COM;ROLLFORMINGCORPORATION.NET;ROLLFO"," Email <---> Revenue ","106547","ROLL FORMING CORP","1070 BROOKS INDUSTRIAL RD","SHELBYVILLE","KY","40065","Shelby","","5026334435","5026335824","GUNTHER FELDERER","President","M","17000000","230","335600","Nfer Rolling","4","0","1"
"101822","Valspar Corp","webadmin@valspar.com","1630 W Hill St","3097629604","5027725660","281602","Colors & Pigments-Manufacturers","www.valspar.com"," Email <---> Revenue ","293562","Valspar Corp","1630 W Hill St","Louisville","KY","40210","Jefferson","www.valspar.com","5027725660","5027725555","Oliver Brooks","Plant Mgr","Mal","22640000","40","281602","Colors & Pig","4","0","1"
