mail id,company,email,address,phone,fax,sic,sic description,web,,revenue id,company,address,city,state,zip,	metro,web,phone,fax,contact,position,gender,sales,# of employee,sic,sic_descrpiton,	,,
"20375","Kentucky Mirror & Plate Glass","A.Spielberg@auto-glass.com","822 W Main St","5025835546","5025835541","323198","Glass Prod Made-Purchased Glass (Mfrs)","NULL"," Email <---> Revenue ","221295","Kentucky Mirror & Plate Glass","822 W Main St","Louisville","KY","40202","Jefferson","","5025835541","5025835546","Alec Spielberg","Owner","Mal","9360000","45","323198","Glass Prod M","3","0","1"
"99874","Fortune Management Group","agillum@mountaintelephone.com","P.O. Box 399","6067433121","6067433635","8999","Services NEC","ekyol.com"," Email <---> Revenue ","242374","Mountain Telephone","405 Main St","West Liberty","KY","41472","Morgan","www.mountaintelephone.com","6067433121","6067433635","Allen Gillum","Manager","Mal","8730000","73","481304","Telephone Co","3","0","1"
"80136","Integrated Sign & Graphic","AlbertOberst@isginc.net","5801 Kingpost Ct","8592631093","8592632800","399302","Signs (Manufacturers)","NULL"," Email <---> Revenue ","62251","INTEGRATED SIGN & GRAPHIC","5801 KINGPOST CT","LEXINGTON","KY","40509","Fayette","","8592632800","","ALBERT OBERST","Owner","M","7900000","35","505100","Metal Sv Cen","3","0","1"
"66772","Greenheck Fan Corp","angie.college@greenheck.com","1020 Hoover Blvd","5026955976","5026955960","399903","Manufacturers","NULL"," Email <---> Revenue ","52970","GREENHECK FAN CORP","1020 HOOVER BLVD","FRANKFORT","KY","40601","Franklin","","5026955960","","BOB GREENHECK","Owner","M","9100000","120","399900","Mfg Industri","3","0","1"
"66109","South Eastern Book Co","angie.robertson@sebook.com","PO Box 309","2707594742","2707530732","519202","Book Dealers-Wholesale","NULL"," Email <---> Revenue ","113680","SOUTH EASTERN BOOK CO","3333 US HIGHWAY 641 N","MURRAY","KY","42071","Calloway","","2707530732","2707594742","JIM SIMS","Chief Executive Office","M","8000000","80","519200","Books, Mag, ","3","0","1"
"108688","Thyssen Krupp Elevator","anja.gerber@thyssenkrupp.com","5670 Shepherdsville Rd","8655883852","5029610525","353498","Elevators & Moving Stairways (Mfrs)","www.thyssenkruppelevator.com"," Email <---> Revenue ","286317","Thyssen Krupp Elevator","5670 Shepherdsville Rd","Louisville","KY","40228","Jefferson","www.thyssenkruppelevator.com","5029610525","5029610529","Howard Perry","Manager","Mal","6660000","30","353498","Elevators & ","3","0","1"
"105846","Armatec","armortec@contech-cpi.com","301 Pascoe Blvd","2707838952","2708434659","503206","Concrete Blocks & Shapes (Wholesale)","www.armortec.com"," Email <---> Revenue ","145683","Armatec","301 Pascoe Blvd","Bowling Green","KY","42104","Warren","www.armortec.com","2708434659","2707838952","Ken Mcallister","Manager","Mal","5760000","12","503206","Concrete Blo","3","0","1"
"87166","Hopkinsville Elevator Co","ben@hop-elevator.com","1040 Skyline Dr","2708871608","2708865191","422101","Grain Elevators","www.hop-elevator.com"," Email <---> Revenue ","59831","HOPKINSVILLE ELEVATOR CO","1040 SKYLINE DR","HOPKINSVILLE","KY","42240","Christian","","2708865191","2708871608","JAMES DOSS","Manager","M","9500000","53","422100","Farm Pdts Wh","3","0","1"
"91472","Parking Solutions","bensteinm@parkingsolutionsinc.com","1 Levee Way # 1200","6144697694","8592914624","752101","Parking Attendant Service","www.parkingsolutionsinc.com"," Email <---> Revenue ","94579","PARKING SOLUTIONS","1 LEVEE WAY STE 1200","NEWPORT","KY","41071","Campbell","","8592914624","","RYAN NESTOR","Manager","M","6000000","30","752100","Automobile P","3","0","1"
"85460","A Camacho Inc","bia@biacordonblu.com","2791 Circleport Dr","8593711166","8593710937","203302","Canning (Manufacturers)","NULL"," Email <---> Revenue ","138091","A Camacho Inc","2791 Circleport Dr","Erlanger","KY","41018","Kenton","www.acamacho-usa.com","8593711166","8593710937","Pete Papucci","Plant Mgr","Mal","5055000","15","203302","Canning (Man","3","0","1"
"108112","Darcole Products Inc","billyd@darcole.com","9130 Us Highway 60 W","2708266499","2708266499","516919","Concrete Additives (Wholesale)","www.darcole.com"," Email <---> Revenue ","176826","Darcole Products Inc","9130 Us Highway 60 W","Henderson","KY","42420","Henderson","www.darcole.com","2708266499","","Billy Frields","Owner","Mal","5005000","5","516919","Concrete Add","3","0","1"
"105933","Glass Doctor","BillZiegler@glassdoctor.com","1019 5th St","NULL","2708262110","523110","Glass-Auto Plate & Window & Etc","NULL"," Email <---> Revenue ","50819","GLASS DOCTOR","2511 US HIGHWAY 41 N","HENDERSON","KY","42420","Henderson","","2708308504","","RUSS BROWN","Manager","F","8400000","25105","753600","Auto Glass R","3","0","1"
"92854","Electric Plant Board","blanton@russepb.com","165 E 4th St","2707262467","2707262466","491101","Electric Companies","www.russepb.com"," Email <---> Revenue ","184905","Electric Plant Board","165 E 4th St","Russellville","KY","42276","Logan","www.russepb.com","2707262466","2707262467","Larry Wilcutt","Manager","Mal","7392000","12","491101","Electric Com","3","0","1"
"103188","WLEX TV","bmeck@wlextv.com","1065 Russell Cave Rd","8592552418","8592591818","483301","Television Stations & Broadcasting CO","www.wlextv.com"," Email <---> Revenue ","133444","WLEX TV","1065 RUSSELL CAVE RD","LEXINGTON","KY","40505","Fayette","","8592591818","8592552418","TIM GILBERT","President","M","8800000","692","483300","Tv Brdcstg S","3","0","1"
"12821","Brantley Security","Brantley@brantleyservices.com","2429 Crittenden Dr","5026352630","5026352646","738102","Security Guard & Patrol Service","NULL"," Email <---> Revenue ","156368","Brantley Security","2429 Crittenden Dr","Louisville","KY","40217","Jefferson","www.brantleyservices.com","5026352646","5026352630","Bruce Brantley","Owner","Mal","5800000","200","738102","Security Gua","3","0","1"
"103937","Ulrich Medical Concepts","Burton-Ulrich@ulrichmedicalconcepts.com","2000 Mccracken Blvd","NULL","2707440404","504731","Medical Electronics (Wholesale)","NULL"," Email <---> Revenue ","125781","ULRICH MEDICAL CONCEPTS","1640 MCCRACKEN BLVD","PADUCAH","KY","42001","McCracken","","2707440404","","BURTON ULRICH","Owner","M","5400000","36","504700","Medical, Hos","3","0","1"
"13600","Allen County Farmer Services","charles.wagoner@sscoop.com","602 N Magnolia","2702373681","2702375628","019101","FARMS","null"," Email <---> Revenue ","4350","ALLEN COUNTY FARMERS SVC INC","512 SMITH GROVE RD","SCOTTSVILLE","KY","42164","","","2702373681","","CHARLES WAGONER","Owner","M","7800000","26","287300","Nitrogenous ","3","0","1"
"75075","Children's Home Of Northern Ky","chnkweb@fuse.net","200 Home Rd","8592912431","8592912431","832218","Social Service & Welfare Organizations","www.chnk.org"," Email <---> Revenue ","24117","CHILDREN'S HOME OF NORTHERN KY","200 HOME RD","COVINGTON","KY","41011","Kenton","","8592618768","","REGINA WARREN","Executive Director","F","8600000","115","832200","Social Servi","3","1","1"
"68763","Plumley Co Inc","chuck.hartlage@dana.com","902 Kentucky Ave","2607863443","2704720597","305201","Rubber Products-Manufacturers","www.dana.com"," Email <---> Revenue ","98020","PLUMLEY CO INC","902 KENTUCKY AVE","FULTON","KY","42041","Fulton","","2704720597","","","Unknown","","5500000","32","508511","Rubber Produ","3","0","1"
"74289","Smith Manus Agency Inc","clacrosse@smithmanus.com","2307 River Rd","5026365328","5026369191","635102","Bonds-Surety & Fidelity","www.smithmanus.com"," Email <---> Revenue ","274760","Smith Manus Agency Inc","2307 River Rd","Louisville","KY","40206","Jefferson","www.smithmanus.com","5026369191","5026365328","Brook Smith","Owner","","9960000","15","635102","Bonds-Surety","3","0","1"
"95832","Logan Corp","cmurray@logancorp.com","Us Highway 25e","6062481066","6062482054","505106","Steel-Distributors & Warehouses","www.logancorp.com"," Email <---> Revenue ","76875","LOGAN CORP","PO BOX 8","MIDDLESBORO","KY","40965","Bell","","6062482054","","BOB FLEEMAN","Manager","M","6800000","30","362100","Motors & Gen","3","0","1"
"82450","Gusher Pumps","cnc@gusher.com","26 Ruthman Dr","8598245001","8598247248","508444","Pumps (Wholesale)","www.gusher.com"," Email <---> Revenue ","53754","GUSHER PUMPS","26 RUTHMAN DR","DRY RIDGE","KY","41035","Grant","","8598245001","","THOMAS RUTHMAN","Owner","M","7500000","30","874203","Mrkting Cons","3","0","1"
"79410","Kentucky Financial Group","contactkfg@kfg.com","2225 Lexington Rd","5024731721","5024510600","628205","Financial Planning Consultants","www.kfg.com"," Email <---> Revenue ","69422","KENTUCKY FINANCIAL GROUP","2225 LEXINGTON RD","LOUISVILLE","KY","40206","Jefferson","","5024510600","","ERNIE SAMPSON","Manager","M","7300000","45","359900","Industrial M","3","0","1"
"107431","Doe Anderson Inc","cpeterson@doeanderson.com","620 W Main St","5025878349","5025891700","731101","Advertising-Agencies & Counselors","NULL"," Email <---> Revenue ","36702","DOE ANDERSON INC","620 W MAIN ST","LOUISVILLE","KY","40202","Jefferson","","5025891700","","DAVID WILKINS","President","M","9800000","90","731100","Advertising ","3","0","1"
"6486","Brecher Lighting Co","custservice@brecherslighting.com","105 S Hurstbourne Pkwy","5023276497","5024261520","571926","Lighting Fixtures-Retail","www.brecherslighting.com"," Email <---> Revenue ","156528","Brecher Lighting Co","105 S Hurstbourne Pkwy","Louisville","KY","40222","Jefferson","www.brecherslighting.com","5024261520","5023276497","Bill Branham Jr","Owner","Mal","6762000","49","571926","Lighting Fix","3","0","1"
"105076","Carrier Vibrating Equip Inc","cve@carriervibrating.com","3400 Fern Valley Rd","5029693172","5029693171","353501","Conveyors & Conveying Equipment-Mfrs","www.carriervibrating.com"," Email <---> Revenue ","21019","CARRIER VIBRATING EQUIP INC","3400 FERN VALLEY RD","LOUISVILLE","KY","40213","Jefferson","","5029693171","5029693172","BRIAN M TRUDEL","Chief Executive Office","M","8900000","110","353500","Conveyors,Re","3","0","1"
"105907","CLK Associates","czahalka@cctoolinc.com","219 Hahn Road","5022230025","null","8999","Services NEC","WEBSTERFUELPUMPS.COM"," Email <---> Revenue ","20115","CAPITAL CITY TOOL INC","219 HAHN DR","FRANKFORT","KY","40601","Franklin","","5022230025","","SCOTT HAWKINS","President","M","7100000","85","359900","Industrial M","3","0","1"
"92410","SOUTHERN Recycling Inc","David.Bradford@southerntextile.com","620 Clay St","2708428301","2707813265","509312","Recycling Centers (Wholesale)","NULL"," Email <---> Revenue ","114057","SOUTHERN RECYCLING INC","620 CLAY ST","BOWLING GREEN","KY","42101","Warren","","2707813265","","JOHN FELLONNEAU","Manager","M","5100000","35","509303","Recycling Ce","3","0","1"
"83582","Baughman Group","David@baughmangroup.com","1226 Rowan St","5025811704","5025818770","359903","Machine Shops","NULL"," Email <---> Revenue ","11156","BAUGHMAN GROUP","1226 ROWAN ST","LOUISVILLE","KY","40203","Jefferson","","5025818770","","DAVID BAUGHMAN","Chief Executive Office","M","5400000","65","359900","Industrial M","3","0","1"
"97738","Kentucky League Of Cities","dbailey@winchesterky.com","101 E Vine St # 600","5022235139","8599773700","999977","Nonclassified Establishments","www.klc.org"," Email <---> Revenue ","69612","KENTUCKY LEAGUE OF CITIES","101 E VINE ST STE 600","LEXINGTON","KY","40507","Fayette","","8599773700","","SYLVIA LOVELY","Chief Executive Office","F","9000000","84","839900","Social Servi","3","0","1"
"95986","Camco Chemicals","deerwesterr@camco-chem.com","8150 Holton Dr","8597271508","8597273200","284101","Soaps & Detergents-Manufacturers","www.camco-chem.com"," Email <---> Revenue ","19656","CAMCO CHEMICALS","8150 HOLTON DR","FLORENCE","KY","41042","Kenton","","8597273200","","RICHARD ROLFES","Chief Executive Office","M","6100000","80","284100","Soap,Rel Det","3","0","1"
"69632","D W James","djames@dwjames.com","2626 Fort Campbell Blvd","2708860276","2708867187","541105","Grocers-Retail","www.dwjames.com"," Email <---> Revenue ","175680","D W James","2626 Fort Campbell Blvd","Hopkinsville","KY","42240","Christian","www.dwjames.com","2708867187","2708860276","Scott Mc Elroy","Manager","Mal","9282000","51","541105","Grocers-Reta","3","0","1"
"107155","Gusher Pumps","djenkins@gusher.com","26 Ruthman Dr","8598247248","8598245001","508444","Pumps (Wholesale)","www.gusher.com"," Email <---> Revenue ","53754","GUSHER PUMPS","26 RUTHMAN DR","DRY RIDGE","KY","41035","Grant","","8598245001","","THOMAS RUTHMAN","Owner","M","7500000","30","874203","Mrkting Cons","3","0","1"
"74536","Boone County Public Works Dept","dmstith@fuse.net","5645 Idlewild Rd","8593342127","8593343600","161103","Grading Contractors","www.boonecountyky.org"," Email <---> Revenue ","15524","BOONE COUNTY PUBLIC WORKS DEPT","5645 IDLEWILD RD","BURLINGTON","KY","41005","Boone","","8593343600","","GREG SKETCH","Executive Director","M","5700000","45","161100","Highway & St","3","0","1"
"13448","Yang Enterprises;  Inc","dwatkins@cmwaec.com","400 East Vine St.","8592546623","8592591877","8999","Services NEC","http://www.cmwaec.com"," Email <---> Revenue ","26905","CMW INC","400 E VINE ST STE 400","LEXINGTON","KY","40507","Fayette","","8592546623","","JACK H BALLARD II","President","M","9900000","89","871200","Architectura","3","0","1"
"65812","Services Tool & Die","dwight@servicetool.com","2323 S Green Street","2708279582","2708264067","5251","Tools","null"," Email <---> Revenue ","110181","SERVICE TOOL & PLASTICS INC","2323 S GREEN ST","HENDERSON","KY","42420","Henderson","","2708279582","","DWIGHT FRUIT","President","M","6600000","80","359900","Industrial M","3","0","1"
"91738","Rural King Supply","ecooley@ruralking.com","601 Commerce Dr","6185495979","2706833488","526101","Lawn & Garden Equip & Supplies-Retail","www.ruralking.com"," Email <---> Revenue ","107374","RURAL KING SUPPLY","601 COMMERCE DR","OWENSBORO","KY","42303","Daviess","","2706833488","","GREG HOWARD","Manager","M","9600000","55","526101","Lawn,Garden ","3","0","1"
"99052","Red River Hardwoods Inc","ecsiii@redriver.com","588 Lofty Heights Rd","6034488844","6066630974","242698","Hardwood Dimension & Flooring Mills","www.redriver.com"," Email <---> Revenue ","262457","Red River Hardwoods Inc","588 Lofty Heights Rd","Clay City","KY","40312","Powell","www.redriver.com","6066630974","6066635977","Henry Pettit","President","Mal","7626000","62","242698","Hardwood Dim","3","0","1"
"68629","American Roofing & Metal Co","eddie.spalten@amerroofing.com","4610 Roofing Rd","5029662970","5029662900","176109","Roofing Contractors","NULL"," Email <---> Revenue ","5650","AMERICAN ROOFING & METAL CO","4610 ROOFING RD","LOUISVILLE","KY","40218","Jefferson","","5029662900","","RICK A STEINROCK","President","M","8800000","50","176100","Roofg, Sheet","3","0","1"
"88907","Connect Marketing;","edemar@topworx.com","3300 Fern Valley Rd. PO BOX 37290","5029698000","5029698107","5999","Marketing NEC","GOSWITCH.COM^^TOPWORKS.COM"," Email <---> Revenue ","49940","GENERAL EQUIPMENT","3300 FERN VALLEY RD","LOUISVILLE","KY","40213","Jefferson","","5029698000","","CHARLES MARCUM","President","M","7500000","99","399900","Mfg Industri","3","0","1"
"97753","WEHT","ezander@news25.us","800 Marywood Dr","2693815326","2708269566","483301","Television Stations & Broadcasting CO","www.abc25.com"," Email <---> Revenue ","130692","WEHT","800 MARYWOOD DR","HENDERSON","KY","42420","Henderson","","2708269566","","DOUG PADGETT","Manager","M","7900000","90","483300","Tv Brdcstg S","3","0","1"
"76327","Rodes","forum@rodes.com","4938 Brownsboro Rd","5027537633","5027537633","565101","Clothing-Retail","www.rodes.com"," Email <---> Revenue ","106359","RODES","4938 BROWNSBORO RD","LOUISVILLE","KY","40222","Jefferson","","5027537633","","HOWARD VOGT","President","M","5000000","100","565100","Family Cloth","3","0","1"
"73085","Cookies By Design","gifts@cookiesbydesign.com","227 Whittington Pkwy","2514610900","5024266161","546107","Cookies & Crackers","www.cookiesbydesign.com"," Email <---> Revenue ","29206","COOKIES BY DESIGN","227 WHITTINGTON PKWY","LOUISVILLE","KY","40222","Jefferson","","5024266161","","GABRIELLE KNOER","Owner","F","6800000","1402","581249","Quick Serv S","3","0","1"
"10561","Raque Food Systems Inc","glen.raque@raque.com","PO Box 99594","5022672352","5022679641","355698","Food Products-Machinery (Manufacturers)","NULL"," Email <---> Revenue ","102880","RAQUE FOOD SYSTEMS INC","PO BOX 99594","LOUISVILLE","KY","40269","Jefferson","","5022679641","","GLEN RAQUE","President","M","6300000","80","355600","Food Product","3","0","1"
"87564","Starks Brothers Mobile Home","glen@starksbros.com","1694 Us Highway 641 N","2705271230","2705271451","527102","Mobile Homes-Dealers","www.starksbros.com"," Email <---> Revenue ","116286","STARKS BROTHERS MOBILE HOME","1694 US HIGHWAY 641 N","BENTON","KY","42025","","","2705271451","","KENNETH STARKS","President","M","9800000","26","245200","Prefab Wood ","3","0","1"
"103212","Boneal Inc","gminton@boneal.com","PO Box 49","6067683610","6067683620","359915","Industrial Equipment & Supplies-Mfrs","NULL"," Email <---> Revenue ","15378","BONEAL INC","US HIGHWAY 460","MEANS","KY","40346","Menifee","","6067683620","6067683610","KEITH GANNON","Chief Executive Office","M","6600000","80","359900","Industrial M","3","0","1"
"89949","Murphy Elevator Co Inc","greg@murphyelevator.com","128 E Main St","5025872309","5025871225","179605","Elevators-Sales & Service","NULL"," Email <---> Revenue ","243315","Murphy Elevator Co Inc","128 E Main St","Louisville","KY","40202","Jefferson","www.murphyelevator.com","5025871225","5025872309","D Gregory Carlisle","President","Mal","7245000","45","179605","Elevators-Sa","3","0","1"
"42410","Surplus Sales","hudson@surplussalesinc.com","3369 N Highway 1223","6065238300","6065239166","509318","Surplus & Salvage Merchandise-Wholesale","www.surplussalesinc.com"," Email <---> Revenue ","282532","Surplus Sales","3369 N Highway 1223","Corbin","KY","40701","Whitley","www.surplussalesinc.com","6065239166","6065238300","Mark Hensley","Manager","Mal","6146000","14","509318","Surplus & Sa","3","0","1"
"66236","London Church Furniture Inc","info1@londonchurchfurniture.com","W Highway 80","6068781936","6068642230","253102","Church Furniture-Manufacturers","www.londonchurchfurniture.com"," Email <---> Revenue ","77002","LONDON CHURCH FURNITURE INC","W HIGHWAY 80","LONDON","KY","40741","Laurel","","6068642230","6068781936","DAVID ABBOTT","President","M","5300000","25","253100","Mfg Public B","3","0","1"
"101370","Cardinal Systems","Jack@cicinfo.com","1941 Bishop Ln # 705","NULL","5024589900","509901","Exporters","NULL"," Email <---> Revenue ","161644","Cardinal Systems","1941 Bishop Ln # 705","Louisville","KY","40218","Jefferson","","5024589900","","Jack Collins","Owner","Mal","8496000","9","509901","Exporters","3","0","1"
"80034","Imagistics International Inc","james.magrone@imagistics.com","10170 Linn Station Rd # 505","9727140351","5024932000","504403","Copying & Duplicating Machines & Supls","www.imagistics.com"," Email <---> Revenue ","209936","Imagistics International Inc","10170 Linn Station Rd # 505","Louisville","KY","40223","Jefferson","www.imagistics.com","5024932000","5024996897","Darrin Mc Carthy","Manager","Mal","7326000","22","504403","Copying & Du","3","0","1"
"85046","Dulworth Office Furniture","J-D@dulworth.com","120 S Brook St","NULL","5025876656","509901","Exporters","NULL"," Email <---> Revenue ","38365","DULWORTH OFFICE FURNITURE","204 E MARKET ST","LOUISVILLE","KY","40202","Jefferson","","5025876656","","JACK DULWORTH","Owner","M","7500000","35","502101","Off,Public B","3","0","1"
"92580","Meredith Machinery","jeff.dehart@meredithmachinery.com","10340 Bluegrass Pkwy","5024999901","5024991090","508425","Machine Tools (Wholesale)","www.meredithmachinery.com"," Email <---> Revenue ","238175","Meredith Machinery","10340 Bluegrass Pkwy","Jeffersontown","KY","40299","Jefferson","www.meredithmachinery.com","5024999901","5024991090","David Meredith","Owner","Mal","8704000","16","508425","Machine Tool","3","0","1"
"82193","Anderson Forest Products Inc","jeffs@afp-usa.com","1246 Old Edmonton Rd","2704878953","2704876778","244801","Pallets & Skids-Manufacturers","www.afp-reelsandpallets.com"," Email <---> Revenue ","6028","ANDERSON FOREST PRODUCTS INC","1246 OLD EDMONTON RD","TOMPKINSVILLE","KY","42167","","","2704876778","2704878953","BILLY JOE ANDERSON","President","M","8600000","105","244800","Wood Pallets","3","0","1"
"84027","All American Advg Specialties","jennie.clemens@trophyhouseusa.com","511 Frederica St","2706842306","2706832664","519917","Advertising-Specialties (Wholesale)","NULL"," Email <---> Revenue ","141991","All American Advg Specialties","511 Frederica St","Owensboro","KY","42301","Daviess","www.trophyhouseusa.com","2706832664","2706842306","Jennie Clemens","Owner","Fem","7180000","10","519917","Advertising-","3","0","1"
"101044","W J Baker Co","jferguson@acreps.com","120 South St","8592617474","8592618482","349903","Metal Goods-Manufacturers","www.bakertubular.com"," Email <---> Revenue ","129057","W J BAKER CO","120 SOUTH ST","WILDER","KY","41071","Campbell","","8592618482","","E J HENGELBROK","President","M","5000000","22","339900","Primary Meta","3","0","1"
"77391","Renaissance Medical","jgraham@renmed.net","3865 Produce Rd # 207","5029619807","5029618560","504712","Hospital Equipment & Supplies (Whol)","www.renaissance-medical.com"," Email <---> Revenue ","263146","Renaissance Medical","3865 Produce Rd # 207","Louisville","KY","40218","Jefferson","www.renaissance-medical.com","5029618560","5029619807","Betty Richards","VP","Fem","8970000","15","504712","Hospital Equ","3","0","1"
"80423","Van Dyke Inc","jill.christian@vandyke.com","2548 Greenup Ave","6063290989","6063275536","504403","Copying & Duplicating Machines & Supls","www.vandyke.com"," Email <---> Revenue ","293662","Van Dyke Inc","2548 Greenup Ave","Ashland","KY","41101","Boyd","www.vandyke.com","6063275536","6063290989","Gary Vandyke","Owner","Mal","6327000","19","504403","Copying & Du","3","0","1"
"57040","Parkway Products Inc","jklunk@parkwayproducts.com","1400 Jamike Ave","8595250827","8595258040","308902","Plastics & Plastic Products (Mfrs)","www.parkwayproducts.com"," Email <---> Revenue ","94690","PARKWAY PRODUCTS INC","1400 JAMIKE AVE","ERLANGER","KY","41018","Boone","","8595258040","","GARY WILLIG","President","M","7700000","120","308900","Plastic Pdts","3","0","1"
"91713","Ledco Inc","joe.soloman@ledcoinc.com","801 Commerce Cir","5026336461","5026336304","243104","Doors-Manufacturers","NULL"," Email <---> Revenue ","74261","LEDCO INC","801 COMMERCE CIR","SHELBYVILLE","KY","40065","Shelby","","5026336304","","STEPHEN SOLOMON","President","M","8900000","120","243100","Millwork","3","0","1"
"50705","AST Ind & Environmental Svc","JoeHenehan@astl.com","118 Rochester Dr","5024586894","5024581899","327209","Concrete Prods-Ex Block & Brick (Mfrs)","NULL"," Email <---> Revenue ","139290","AST Ind & Environmental Svc","118 Rochester Dr","Louisville","KY","40214","Jefferson","www.astl.com","5024581899","5024586894","Joe Henehan","President","Mal","8100000","50","327209","Concrete Pro","3","0","1"
"77531","Ideal Supplies Inc","john.gaiser@idealsteel.com","512 Adela Ave","8594916647","8594916666","521128","Concrete-Ready Mixed","NULL"," Email <---> Revenue ","209789","Ideal Supplies Inc","512 Adela Ave","Ludlow","KY","41016","Kenton","","8594916666","8594916647","John Gaiser","Owner","Mal","5676000","22","521128","Concrete-Rea","3","0","1"
"99913","Howard K Bell Consulting Inc","jroberts@hkbell.com","354 Waller Ave","8592782911","8592785412","871111","Engineers-Consulting","www.hkbell.com"," Email <---> Revenue ","208644","Howard K Bell Consulting Inc","354 Waller Ave","Lexington","KY","40504","Fayette","www.hkbell.com","8592785412","8592782911","Roy L Bohon","Manager","Mal","7900000","50","871111","Engineers-Co","3","0","1"
"8941","Wilson Equipment Co","jrodes@wilsonequipment.com","2180 Old Frankfort Pike","8592546443","8592546443","508206","Contractors-Equip/Supls-Dlrs/Svc (Whol)","www.kentuckycoal.org"," Email <---> Revenue ","132960","WILSON EQUIPMENT CO","2180 OLD FRANKFORT PIKE","LEXINGTON","KY","40510","Fayette","","8592546443","8592549099","DAVE PREWITT","Manager","M","5400000","30","735901","Rental Ser-S","3","0","1"
"102338","Compact Excavator Sales","jsmith@ihicompactexcavator.com","202 Production Dr","2707371857","2707371447","508208","Excavating Equipment (Wholesale)","www.ihicompactexcavator.com"," Email <---> Revenue ","170488","Compact Excavator Sales","202 Production Dr","Elizabethtown","KY","42701","Hardin","www.ihicompactexcavator.com","2707371447","2707371857","Michael R Smith","Owner","Mal","9324000","14","508208","Excavating E","3","0","1"
"105451","WYNN Fire Equipment","jsmith@wynnfire.com","326 Lynn Camp School Rd","6065230591","6065283091","509903","Fire Extinguishers (Wholesale)","www.wynnfire.com"," Email <---> Revenue ","134431","WYNN FIRE EQUIPMENT","326 LYNN CAMP SCHOOL RD","CORBIN","KY","40701","","","6065283091","6065230591","CHARLES WYNN","Owner","M","5600000","30","508705","Firefighting","3","0","1"
"58594","Western Kentucky Sprinkler Co","jumfleet@premierfire.net","1251 N 6th St","2704437060","2704438048","508734","Sprinklers-Automatic-Fire (Wholesale)","www.premierfire.net"," Email <---> Revenue ","99600","PREMIER FIRE & SECURITY INC","1251 N 6TH ST","PADUCAH","KY","42001","McCracken","","2704437060","2704438048","LARRY HICKEY","Owner","M","9300000","50","356900","General Indu","3","0","1"
"93479","LA Grange Elementry","kathy.lindemier@oldham.kyschools.us","500 W Jefferson St","5022223733","5022224059","829972","Education Centers","www.lagrangeelementary.com"," Email <---> Revenue ","136284","LA Grange Elementry","500 W Jefferson St","La Grange","KY","40031","Oldham","www.lagrangeelementary.com","5022224059","5022223733","Graham Reynolds","Administrator","Mal","7920000","90","829972","Education Ce","3","0","1"
"19","Strategic Communication","Kathy.Mills@strategiccommunication.net","2500 Technology Dr","5026573444","5024937234","874823","Communications Consultants","NULL"," Email <---> Revenue ","280659","Strategic Communication","2500 Technology Dr","Louisville","KY","40299","Jefferson","www.strategiccommunication.net","5024937234","5026573444","Kathy Mills","Owner","Fem","8100000","36","874823","Communicatio","3","0","1"
"82198","Med Venture Technology Corp","kbramer@medventure.com","2400 Crittenden Dr","5026345959","5026345900","308901","Mold Makers","NULL"," Email <---> Revenue ","82741","MED VENTURE TECHNOLOGY CORP","2400 CRITTENDEN DR","LOUISVILLE","KY","40217","Jefferson","","5026345900","","KEVIN BRAMER","Chief Executive Office","M","9000000","60","504703","Medical Equi","3","0","1"
"79715","Restauranteers","Keith@fetzerfoodservice.com","209 E Main St","5025832747","5025830105","154202","Restaurant Design & Planning Service","NULL"," Email <---> Revenue ","263533","Restauranteers","209 E Main St","Louisville","KY","40202","Jefferson","www.fetzerfoodservice.com","5025830105","5025832747","Keith Fetzer","Owner","Mal","8760000","20","154202","Restaurant D","3","0","1"
"53729","Kimco Corp","kimco@kimcocorp.com","2801 S Floyd St","5152444020","5026356884","734902","Janitor Service","www.kimcocorp.com"," Email <---> Revenue ","70764","KIMCO CORP","2801 S FLOYD ST","LOUISVILLE","KY","40209","Jefferson","","5026356884","","SANDRA MELTON","Senior Vice-President","F","8100000","450","734900","Bld Maintena","3","0","1"
"71194","KLH Engineers","klhengrs@klhengrs.com","1538 Alexandria Pike","8594428058","8594428050","871125","Engineers-Mechanical","www.klhengrs.com"," Email <---> Revenue ","71285","KLH ENGINEERS","1538 ALEXANDRIA PIKE","FORT THOMAS","KY","41075","Campbell","","8594428050","","JOSEPH KOHRS PE","Owner","M","8000000","80","871100","Engineering ","3","0","1"
"104441","Kentucky Machine & Engineering","kme@kymachine.com","590 Glenwood Mill Rd","2705228097","2705226337","344106","Steel-Structural (Manufacturers)","www.kymachine.com"," Email <---> Revenue ","69638","KENTUCKY MACHINE & ENGINEERING","PO BOX 619","CADIZ","KY","42211","Trigg","","2705226061","","CHAPPEL ALLEN","Chief Executive Office","M","5800000","70","344100","Fabricated S","3","0","1"
"103261","Environmental Solutions","ksmith@evgusa.com","212 Normandy Ct","5022414347","8598811466","873111","Environmental & Ecological Services","www.evgusa.com"," Email <---> Revenue ","186174","Environmental Solutions","212 Normandy Ct","Nicholasville","KY","40356","Jessamine","www.evgusa.com","8598811466","8598819778","Greg Humes","Manager","Mal","5280000","30","873111","Environmenta","3","0","1"
"75940","Con-Way Central Express","laura.lyne@conway.com","10775 Dixie Hwy","8454574342","8592831126","421309","Trucking-Motor Freight","www.conway.com"," Email <---> Revenue ","170792","Con-Way Central Express","10775 Dixie Hwy","Walton","KY","41094","Boone","www.conway.com","8592831126","8592831718","Rick Benedic","Manager","Mal","6795000","45","421309","Trucking-Mot","3","0","1"
"72048","Mountain Enterprises","Leonard_Lawson@mtent.com","1054 KY Route 2381","6067899111","6067894784","161102","Road Building Contractors","NULL"," Email <---> Revenue ","86779","MOUNTAIN ENTERPRISES","1054 KY ROUTE 2381","VAN LEAR","KY","41265","","","6067894784","","LEONARD LAWSON","Owner","M","7600000","60","161100","Highway & St","3","0","1"
"82086","A Arnold World Class Relocaton","lexingtonoperations@a-arnold.com","5200 Interchange Way","5024269604","5024267050","421401","Movers","www.aarnold.net"," Email <---> Revenue ","138017","A Arnold World Class Relocaton","5200 Interchange Way","Louisville","KY","40229","Jefferson","www.aarnold.net","5024267050","5024269604","Rick Russell","Owner","Mal","9500000","100","421401","Movers","3","0","1"
"89875","Lumber King Inc","lkmgr@highland.net","Highway 27","6062564699","6063765096","521126","Building Materials","www.lumberking.com"," Email <---> Revenue ","231475","Lumber King Inc","Highway 27","Whitley City","KY","42653","Mc Creary","www.lumberking.com","6063765096","6063765098","Bill Singleton","President","Mal","5160000","20","521126","Building Mat","3","0","1"
"56800","Cumberland Products","lvgraphics@twlakes.net","50 Commerce Pkwy","2703580422","2703580261","738988","Packaging Service","www.cumberlandproductsinc.com"," Email <---> Revenue ","32039","CUMBERLAND PRODUCTS","50 COMMERCE PKWY","HODGENVILLE","KY","42748","Larue","","2703580261","","F WAYNE MOORE","Owner","M","5200000","23","738912","Packaging Sy","3","0","1"
"47912","Kenmark Group","M_K@kenmarkopt.com","11851 Plantside Dr","5022676161","5022674486","504801","Optical Goods-Wholesale","NULL"," Email <---> Revenue ","68612","KENMARK GROUP","11851 PLANTSIDE DR","LOUISVILLE","KY","40299","Jefferson","","5022674486","","MARK KERMAN","Chief Executive Office","M","8400000","120","385100","Ophthalmic G","3","0","1"
"99857","Mactec Engineering & Cnsltng","mactec@mactec.com","13425 Eastpoint Centre Dr","8282519690","5022532500","871111","Engineers-Consulting","www.mactec.com"," Email <---> Revenue ","232550","Mactec Engineering & Cnsltng","13425 Eastpoint Centre Dr","Louisville","KY","40223","Jefferson","www.mactec.com","5022532500","5022532501","Wade Turner","Manager","Mal","5530000","35","871111","Engineers-Co","3","0","1"
"98362","Eddy Creek Marina Resort","mandy@eddycreek.com","7612 State Route 93 S","2703889020","2703882271","449306","Marinas","www.eddycreek.com"," Email <---> Revenue ","184232","Eddy Creek Marina Resort","7612 State Route 93 S","Eddyville","KY","42038","Lyon","www.eddycreek.com","2703882271","2703889020","Bob Harbison","Manager","Mal","7300000","50","449306","Marinas","3","0","1"
"94633","Appalachian Regional Mfg","MarkS@kychamber.com","1140 Lakeside Dr","6066664750","6066667903","342923","Locks-Mfrs-Except Safe Vault Coin","NULL"," Email <---> Revenue ","6711","APPALACHIAN REGIONAL MFG","1140 LAKESIDE DR","JACKSON","KY","41339","","","6066667903","","MARK STANLEY","President","M","5400000","60","357700","Cmp Peripher","3","0","1"
"91968","IGA","MartinCox@igainc.com","414 Manchester Square Shpg Ctr","6065983602","6065986232","541105","Grocers-Retail","NULL"," Email <---> Revenue ","209651","IGA","414 Manchester Square Shpg Ctr","Manchester","KY","40962","Clay","www.winn-dixie.com","6065986232","6065983602","Martin Cox","Owner","Mal","7280000","40","541105","Grocers-Reta","3","0","1"
"99516","Martin Machine & Tool","martinmachine@myexcel.com","409 E State Line","7314791638","7314792270","508524","Machinery-Used (Wholesale)","www.800findnow.com"," Email <---> Revenue ","234758","Martin Machine & Tool","409 E State Line","Fulton","KY","42041","Fulton","www.800findnow.com","7314792270","7314791638","Greg Davison","Owner","Mal","5130000","9","508524","Machinery-Us","3","0","1"
"85087","Xerographic Business Equipment","michael@xbe-inc.com","2119 Frankfort Ave","5028991966","5028991969","506528","Facsimile Communication Equipment (Whol)","www.xbe-inc.com"," Email <---> Revenue ","302036","Xerographic Business Equipment","2119 Frankfort Ave","Louisville","KY","40206","Jefferson","www.xbe-inc.com","5028991969","5028991966","Brad Robison","VP","Mal","6060000","6","506528","Facsimile Co","3","0","1"
"109483","Dreisbach Wholesale Florist","miketerry@dreisbachs.com","8021 Warwick Ave","5024262032","5024255842","519304","Florists-Wholesale","www.dreisbachs.com"," Email <---> Revenue ","182106","Dreisbach Wholesale Florist","8021 Warwick Ave","Louisville","KY","40222","Jefferson","www.dreisbachs.com","5024255842","5024262032","Steve Dreisbach","Owner","Mal","9417000","43","519304","Florists-Who","3","0","1"
"84477","Strand Associates","MikeWoolum@strand.com","1525 Bull Lea Rd # 100","8592258501","8592258500","871111","Engineers-Consulting","NULL"," Email <---> Revenue ","280646","Strand Associates","1525 Bull Lea Rd # 100","Lexington","KY","40511","Fayette","www.strand.com","8592258500","8592258501","Mike Woolum","President","Mal","7900000","50","871111","Engineers-Co","3","0","1"
"53454","Stein Inc","millservices@steininc.com","69 Armco Rd","6063259828","6063292933","329501","Slag (Manufacturers)","www.steininc.com"," Email <---> Revenue ","279574","Stein Inc","69 Armco Rd","Ashland","KY","41101","Boyd","www.steininc.com","6063292933","6063259828","Doug Huffnadel","Manager","Mal","9150000","30","329501","Slag (Manufa","3","0","1"
"105006","Stone Plastics Inc","mitzi@stoneplastics.com","134 Roger Thomas Rd","2705226293","2705226653","308902","Plastics & Plastic Products (Mfrs)","www.stoneplastics.com"," Email <---> Revenue ","117415","STONE PLASTICS INC","PO BOX 1340","CADIZ","KY","42211","Trigg","","2705226653","","JOE STONE","Chief Executive Office","M","6400000","100","308900","Plastic Pdts","3","0","1"
"52150","Axxis Inc","msmith@axxisinc.com","845 S 9th St","5025686204","5025686030","735904","Audio-Visual Equipment-Renting & Leasing","NULL"," Email <---> Revenue ","9072","AXXIS INC","845 S 9TH ST","LOUISVILLE","KY","40203","Jefferson","","5025686030","","MIKE SMITH","Owner","M","7600000","42","735906","Video Record","3","0","1"
"88546","Grainger Inc","nancy.conner@grainger.com","1351 Georgetown Rd","3033750864","8592522302","508522","Industrial Equipment & Supplies (Whol)","www.grainger.com"," Email <---> Revenue ","198207","Grainger Inc","1351 Georgetown Rd","Lexington","KY","40511","Fayette","www.grainger.com","8592522302","8592533063","Penny Dever","Manager","Fem","6840000","12","508522","Industrial E","3","0","1"
"94883","Gainesway Farm","nancy.jones@gainesway.com","3750 Paris Pike","8592999371","8592932676","075208","Horse Breeders","www.gainesway.com"," Email <---> Revenue ","194499","Gainesway Farm","3750 Paris Pike","Lexington","KY","40511","Fayette","www.gainesway.com","8592932676","8592999371","Charles Aker","Manager","Mal","6468000","77","75208","Horse Breede","3","0","1"
"28253","Kentucky Equine Research Order","PaganJoe@ker.com","2565 Delaney Ferry Rd","8598790770","8598737544","874820","Agricultural Consultants","NULL"," Email <---> Revenue ","220863","Kentucky Equine Research Order","2565 Delaney Ferry Rd","Versailles","KY","40383","Woodford","www.ker.com","8598737544","8598790770","Joe Pagan","Owner","Mal","5625000","25","874820","Agricultural","3","0","1"
"80642","Wholesale Electric Supply Co","paul@wesc.net","2309 Scottsville Rd","2708425055","2708420156","506330","Electric Equipment & Supplies-Wholesale","www.wesc.net"," Email <---> Revenue ","299209","Wholesale Electric Supply Co","2309 Scottsville Rd","Bowling Green","KY","42104","Warren","www.wesc.net","2708420156","2708425055","John Bettersworth","President","Mal","8554000","13","506330","Electric Equ","3","0","1"
"44315","Kentuckiana Material Handling","pauly@kentuckianamathdlg.cc","836 S 6th St","5025811553","5025842223","508522","Industrial Equipment & Supplies (Whol)","www.kentuckianamathdlg.cc"," Email <---> Revenue ","220348","Kentuckiana Material Handling","836 S 6th St","Louisville","KY","40203","Jefferson","www.kentuckianamathdlg.cc","5025842223","5025811553","David Yeary","Owner","Mal","6270000","11","508522","Industrial E","3","0","1"
"77388","West Kentucky Rural Telephone","pcc@wk.net","1013 Cuba Rd","2708561035","2708561046","481304","Telephone Companies","www.wk.net"," Email <---> Revenue ","131201","WEST KENTUCKY RURAL TELEPHONE","237 N 8TH ST","MAYFIELD","KY","42066","Graves","","2702474350","","TREVOR BONNSTETTER","Chief Executive Office","M","5300000","75","737400","Data Proc & ","3","0","1"
"73710","A G Connection Inc","pete.clark@agconnections.com","1576 Killdeer Trl","2704354369","2704354369","874820","Agricultural Consultants","www.agconnections.com"," Email <---> Revenue ","892","A G CONNECTION INC","1576 KILLDEER TRL","MURRAY","KY","42071","Calloway","","2704354369","","PETE CLARK","Owner","M","5600000","25","874800","Bus Consulti","3","0","1"
"105472","Culinary Standards Corp","phiggs@culinarystandards.com","1101 E Washington St","5025870150","5025878877","209903","Food Products & Manufacturers","www.culinarystandards.com"," Email <---> Revenue ","31850","CULINARY STANDARDS CORP","1101 E WASHINGTON ST","LOUISVILLE","KY","40206","Jefferson","","5025878877","5025870150","JOE STEFANUTTI","President","M","8500000","110","209900","Food Prepara","3","0","1"
"98539","Wellington Parc Of Owensboro","philip@wellingtonparc.com","2885 New Hartford Rd","2705340312","2706852374","805101","Nursing & Convalescent Homes","www.wellingtonparc.com"," Email <---> Revenue ","130769","WELLINGTON PARC OF OWENSBORO","2885 NEW HARTFORD RD","OWENSBORO","KY","42303","Daviess","","2706852374","","PHILIP TRAVIS","Administrator","M","7700000","102","832200","Social Servi","3","1","1"
"101957","WPSD TV","pumpedup@wpsdtv.com","100 Television Ln","2704151995","2704151900","731305","Advertising-Television","www.wpsdtv.com"," Email <---> Revenue ","134224","WPSD TV","100 TELEVISION LN","PADUCAH","KY","42003","McCracken","","2704151900","","RICHARD PAXTON","Manager","M","9200000","105","483300","Tv Brdcstg S","3","0","1"
"94425","Hardin Delivery Svc Inc","rcarlton@hardindelivery.com","6269 N Dixie Hwy","2707351701","2707654909","421205","Delivery Service","www.hardindelivery.com"," Email <---> Revenue ","202411","Hardin Delivery Svc Inc","6269 N Dixie Hwy","Elizabethtown","KY","42701","Hardin","www.hardindelivery.com","2707654909","2707351701","","","","9306000","66","421205","Delivery Ser","3","0","1"
"95060","Louisville Tractor Inc","rclark@louisvilletractor.com","1675 Watterson Trl","5022665462","5022678237","508304","Tractor-Dealers (Wholesale)","www.louisvilletractor.com"," Email <---> Revenue ","77937","LOUISVILLE TRACTOR INC","1675 WATTERSON TRL","LOUISVILLE","KY","40299","Jefferson","","5022678237","","JAY M BUCY","President","M","5600000","32","508300","Farm & Garde","3","0","1"
"91546","Louisville Tile Distributors","rdeangelis@louisville-tile.com","4520 Bishop Ln","5139365273","5024522037","174301","Tile-Ceramic-Contractors & Dealers","www.louisville-tile.com"," Email <---> Revenue ","77931","LOUISVILLE TILE DISTRIBUTORS","4520 BISHOP LN","LOUISVILLE","KY","40218","Jefferson","","5024522037","","MIKE MATTHEWS","Manager","M","5300000","35","325300","Crmic Wall,F","3","0","1"
"8592","ERB Ind Equipment Co","reach.us@erbequipment.com","6115 Us Highway 45 S","5733347612","2705541131","508206","Contractors-Equip/Supls-Dlrs/Svc (Whol)","www.erbequipment.com"," Email <---> Revenue ","183168","ERB Ind Equipment Co","6115 Us Highway 45 S","Paducah","KY","42001","Mc Cracken","www.erbequipment.com","2705541131","2705541868","Ralph Bucher","Manager","Mal","7992000","12","508206","Contractors-","3","0","1"
"89114","Harpers Country Hams","recipes@hamtastic.com","2955 Us Highway 51 N","2706532409","2706532081","201104","Meat Products","www.hamtastic.com"," Email <---> Revenue ","55749","HARPERS COUNTRY HAMS","2955 US HIGHWAY 51 N","CLINTON","KY","42031","","","2706532081","2706532409","GARY HARPER","President","M","8400000","120","201100","Meat Packing","3","0","1"
"107413","Prudential As De Movellan","relocation@demovellan.com","620 Perimeter Dr # 107","8592682636","8592660451","653144","Real Estate Buyers Representatives","www.demovellan.com"," Email <---> Revenue ","258853","Prudential As De Movellan","620 Perimeter Dr # 107","Lexington","KY","40517","Fayette","www.demovellan.com","8592660451","8592682636","Anthony S De Movellan","Manager","Mal","8040000","60","653144","Real Estate ","3","0","1"
"97865","Ware Boilers Burners Chillers","richard.ware@wareinc.com","4005 Produce Rd","5029682216","5029682211","735942","Boilers-Renting","www.wareinc.com"," Email <---> Revenue ","296495","Ware Boilers Burners Chillers","4005 Produce Rd","Louisville","KY","40218","Jefferson","www.wareinc.com","5029682211","5029682216","Richard L Ware Sr","Owner","Mal","9516000","52","735942","Boilers-Rent","3","0","1"
"107843","Thermal Equipment Sales Co Inc","rick@thermaleq.com","612 Bizzell Dr","8592316105","8592559665","509908","Manufacturers-Agents & Representatives","www.thermaleq.com"," Email <---> Revenue ","121310","THERMAL EQUIPMENT SALES CO INC","612 BIZZELL DR","LEXINGTON","KY","40510","Fayette","","8592559665","","DAN ADAMS","Owner","M","6500000","30","509908","Manuf Agents","3","0","1"
"107187","Richard Reynolds","rkemper@demovellan.com","620 Perimeter Drive #107","8592660451","null","4214","Moving & storage companies","null"," Email <---> Revenue ","258853","Prudential As De Movellan","620 Perimeter Dr # 107","Lexington","KY","40517","Fayette","www.demovellan.com","8592660451","8592682636","Anthony S De Movellan","Manager","Mal","8040000","60","653144","Real Estate ","3","0","1"
"53051","P & A Engineers & Consultants","RMartin@pandaengineers.com","PO Box 279","6066734415","6066734413","871110","Engineers-Civil","NULL"," Email <---> Revenue ","250140","P & A Engineers & Consultants","RR 1","Louisa","KY","41230","Lawrence","www.pandaengineers.com","6066734413","6066734415","Robert S Martin","Owner","Mal","7110000","45","871110","Engineers-Ci","3","0","1"
"89895","Vulcan Fire Systems Inc","Roger@Vulcanfiresystems.com","3330 Gilmore Industrial Blvd","5029686903","5029687714","506315","Fire Protection Equipment & Supls (Whol)","NULL"," Email <---> Revenue ","295203","Vulcan Fire Systems Inc","3330 Gilmore Industrial Blvd","Louisville","KY","40213","Jefferson","www.vulcanfiresystems.com","5029687714","5029686903","Roger Pottlitzer","Owner","Mal","7896000","12","506315","Fire Protect","3","0","1"
"105462","Overhead Door Corp","rollingdoors@overheaddoor.com","105 Cisco Rd","8179213649","8592546606","521131","Doors","www.overheaddoor.com"," Email <---> Revenue ","249717","Overhead Door Corp","105 Cisco Rd","Lexington","KY","40504","Fayette","www.overheaddoor.com","8592546606","8592546608","Bill Gibson","Manager","Mal","7482000","29","521131","Doors","3","0","1"
"21460","R & P Ind Chimney Inc","rpind@mis.net","244 Industry Pkwy","8598871459","8598872265","174107","Chimney Builders & Repairers","www.randpindchimney.com"," Email <---> Revenue ","101898","R & P IND CHIMNEY INC","244 INDUSTRY PKWY","NICHOLASVILLE","KY","40356","Jessamine","","8598872265","","DANNY PRESTON","Owner","M","5300000","35","174100","Masonry,Rel ","3","0","1"
"88011","Randy Thornton Heating & AC","rtcrobert@murray-ky.net","802 Chestnut St","2707532130","2707538181","171102","Heating Contractors","www.randythornton.com"," Email <---> Revenue ","102818","RANDY THORNTON HEATING & AC","802 CHESTNUT ST","MURRAY","KY","42071","Calloway","","2707538181","","RANDY THORNTON","Owner","M","5300000","30","171104","Heating,Air ","3","0","1"
"81975","Mercury Logistics & Courier","S.Tom@mercury-logistics.com","4617 Allmond Ave","5023674589","5023674030","451202","Air Cargo Service","NULL"," Email <---> Revenue ","238145","Mercury Logistics & Courier","4617 Allmond Ave","Louisville","KY","40209","Jefferson","www.mercury-logistics.com","5023674030","5023674589","Tom Sanders","Owner","Mal","9660000","30","451202","Air Cargo Se","3","0","1"
"109464","Waste Management Inc","sales_michigan@wm.com","27 Shanes Ln","8144792708","6068644391","495302","Garbage Collection","www.wm.com"," Email <---> Revenue ","296766","Waste Management Inc","27 Shanes Ln","Somerset","KY","42501","Pulaski","www.wm.com","6068644391","","Beverly Parsons","Manager","Fem","5425000","25","495302","Garbage Coll","3","0","1"
"106038","Comp Air Parts","sales3@compressedairparts.com","1209 Compressor Dr","2702471016","2702478704","508402","Compressors-Air & Gas (Wholesale)","www.turbocompressorservices.com"," Email <---> Revenue ","28438","COMP AIR PARTS","1209 COMPRESSOR DR","MAYFIELD","KY","42066","Graves","","2702478704","","PATRICK HIRSCH","Manager","M","5100000","30","508400","Indus Mchy &","3","0","1"
"59253","Scott Industries Inc","scottindustries@scottindustries.com","6701 Cane Run Rd","5029335991","5029336060","308901","Mold Makers","www.scottindustries.com"," Email <---> Revenue ","109442","SCOTT INDUSTRIES INC","6701 CANE RUN RD","LOUISVILLE","KY","40258","Jefferson","","5029336060","","MARCO MACAFERRI","Chief Executive Office","M","5100000","80","308900","Plastic Pdts","3","0","1"
"63111","Scheu & Kniss","sksales@scheu-kniss.com","1500 W Ormsby Ave","5026357850","5026356303","359903","Machine Shops","www.tabletpress.com"," Email <---> Revenue ","270270","Scheu & Kniss","1500 W Ormsby Ave","Louisville","KY","40210","Jefferson","www.tabletpress.com","5026356303","5026357850","David Risinger","Manager","Mal","7380000","60","359903","Machine Shop","3","0","1"
"99201","Kentucky Elite North Training","spike@kyelitenorth.com","1610 Dixie Hwy","8594317190","8594317190","874802","Training Consultants","www.kyelitenorth.com"," Email <---> Revenue ","25165","CINCINNATI ELITE","1610 DIXIE HWY","PARK HILLS","KY","41011","Kenton","","8594317190","","STACEY MARSHALL","Manager","F","5000000","20","874202","Hum Res Cons","3","0","1"
"65180","Signature Professional Clean","Stephen@pdrestoration.com","4395 Boron Dr","8596558313","8596558310","152108","Water Damage Restoration-Residential","NULL"," Email <---> Revenue ","111842","SIGNATURE PROFESSIONAL CLEAN","4395 BORON DR","COVINGTON","KY","41015","Kenton","","8596558310","","STEPHEN RIGSBY","Owner","M","6700000","25","152104","H2o Damage R","3","0","1"
"56021","AA Payroll Services","store@ale-8-one.com","P.O. Box 645","8597443484","null","8999","Services NEC","DIET-ALE-8-ONE.COM"," Email <---> Revenue ","3900","ALE-8-ONE BOTTLING","25 CAROL RD","WINCHESTER","KY","40391","Clark","","8597443484","8597447950","FRANK A ROGERS III","President","M","5400000","76","208600","Bot,Can Soft","3","0","1"
"99567","Aramark Refreshment Svc","submitproduct@aramark.com","3600 Chamberlain Ln # 202","6106508272","5024239700","596307","Coffee Break Service & Supplies","www.aramark.com"," Email <---> Revenue ","145328","Aramark Refreshment Svc","3600 Chamberlain Ln # 202","Louisville","KY","40241","Jefferson","www.aramark.com","5024239700","5024257240","Laura Webb","Manager","Fem","5460000","35","596307","Coffee Break","3","0","1"
"100954","Pharma Center","sustainability@alcan.com","6850 Midland Industrial Dr","6308518097","5026472300","384104","Physicians & Surgeons Equip & Supls-Mfrs","www.alcan.com"," Email <---> Revenue ","96599","PHARMA CENTER","6850 MIDLAND INDUSTRIAL DR","SHELBYVILLE","KY","40065","Shelby","","5026472300","","KEVIN DERBIN","Vice-President","M","6700000","102","384100","Surgical,Med","3","0","1"
"85560","Tom Rechtin Heating Air Cond","tbrechtin@tomrechtin.com","640 Colfax Ave","8592618389","8592618269","171117","Air Conditioning Contractors & Systems","www.tomrechtin.com"," Email <---> Revenue ","287220","Tom Rechtin Heating Air Cond","640 Colfax Ave","Bellevue","KY","41073","Campbell","www.tomrechtin.com","8592618269","8592618389","Thomas C Rechtin","Owner","Mal","9490000","65","171117","Air Conditio","3","0","1"
"63696","James Sanders Implement","theplantdoctor@sandersnursery.com","4123 Schneidman Rd","2704447850","2704438851","526104","Garden Centers","www.sandersnursery.com"," Email <---> Revenue ","213934","James Sanders Implement","4123 Schneidman Rd","Paducah","KY","42003","Mc Cracken","www.sandersnursery.com","2704438851","2704447850","Larry Sanders","Owner","Mal","5400000","40","526104","Garden Cente","3","0","1"
"101598","Wayne Feeds","timc@hubbardfeeds.com","130 Bill Bryan Blvd","6053483910","2708851182","204803","Feed-Manufacturers","www.hubbardfeeds.com"," Email <---> Revenue ","297108","Wayne Feeds","130 Bill Bryan Blvd","Hopkinsville","KY","42240","Christian","www.hubbardfeeds.com","2708851182","2708899483","Roger Allen","Manager","Mal","9132000","12","204803","Feed-Manufac","3","0","1"
"81605","Hack Estep Home For Boys","vanderson@rameyestep.com","2901 Pigeon Roost Rd","6069288113","6069288113","835101","Child Care Service","www.rameyestep.com"," Email <---> Revenue ","200949","Hack Estep Home For Boys","2901 Pigeon Roost Rd","Rush","KY","41168","Boyd","www.rameyestep.com","6069288113","6069281056","Kathy Cook","CEO","Fem","5890000","190","835101","Child Care S","3","0","1"
"87307","Doo-Wop Shop","Victor@doowop.com","1587 Bardstown Rd","5024564254","5024565250","573608","Musical Instruments-Dealers","NULL"," Email <---> Revenue ","181402","Doo-Wop Shop","1587 Bardstown Rd","Louisville","KY","40205","Jefferson","www.doowop.com","5024565250","5024564254","Victor Himbaugh","Owner","Mal","5010000","30","573608","Musical Inst","3","0","1"
"74897","Silent Guard Security Inc","visions@visionsweb.com","220 Enterprise Dr","5738740400","6066771977","506324","Burglar Alarm Systems (Wholesale)","www.alarmcomm.com"," Email <---> Revenue ","273680","Silent Guard Security Inc","220 Enterprise Dr","Somerset","KY","42501","Pulaski","www.silentguard.net","6066771977","6066769254","Dwight Sears","Owner","Mal","7896000","12","506324","Burglar Alar","3","0","1"
"12280","Sterett Crane & Rigging","WilliamSterett@sterettcrane.com","34 Booth Field Rd","2709261657","2709261646","735301","Crane Service","NULL"," Email <---> Revenue ","116991","STERETT CRANE & RIGGING","34 BOOTH FIELD RD","OWENSBORO","KY","42301","Daviess","","2709261646","","WILLIAM STERETT III","President","M","7100000","60","735301","Crane Rental","3","0","1"
