mail id,company,email,address,phone,fax,sic,sic description,web,,revenue id,company,address,city,state,zip,	metro,web,phone,fax,contact,position,gender,sales,# of employee,sic,sic_descrpiton,	,,
"40316","FASTSIGNS","203@fastsigns.com","2136 S Hurstbourne Parkway","5024950504","null","152106","Designers","fastsigns.com"," Email <---> Revenue ","44289","FASTSIGNS INTERNATIONAL","2136 S HURSTBOURNE PKWY","LOUISVILLE","KY","40220","Jefferson","","5024950504","","BRENDA HOGAN","Manager","F","50200000","16144","399300","Signs & Advg","6","0","1"
"86861","Laboratory Corp Of America","837claims@labcorp.com","4500 Conaem Dr","8063530246","5024564700","807101","Laboratories-Medical","www.labcorp.com"," Email <---> Revenue ","224668","Laboratory Corp Of America","4500 Conaem Dr","Louisville","KY","40213","Jefferson","www.labcorp.com","5024564700","5024594413","Woody Cook","Executive Director","Mal","84600000","600","807101","Laboratories","6","0","1"
"106878","Airgas Mid-America","christine.bond@airgas.com","2950 Industrial Dr","4179266480","2708429486","517205","Gas-Indstrl/Med-Cylinder & Bulk (Whol)","www.airgas.com"," Email <---> Revenue ","141436","Airgas Mid-America","2950 Industrial Dr","Bowling Green","KY","42101","Warren","www.airgas.com","2708429486","2708430413","Bob Hilliard","President","Mal","87000000","250","517205","Gas-Indstrl/","6","0","1"
"101631","Alcan Ingot-Sebree Aluminum","corporate.website@alcan.com","9404 State Route 2096","4022693481","2705217811","333998","Primary Smelting/Refining-Nonferrous Mtl","www.alcan.com"," Email <---> Revenue ","3856","ALCAN INGOT-SEBREE ALUMINUM","9404 STATE ROUTE 2096","ROBARDS","KY","42452","Henderson","","2705217812","2705217320","OLAF WIGSTOLL","Manager","M","60500000","650","333900","Primary Nfer","6","0","1"
"37238","Terracon Consultants Inc","corporate@terracon.com","4545 Bishop Ln # 101","3037764041","5024561256","871119","Engineers-Geotechnical","www.terracon.com"," Email <---> Revenue ","120983","TERRACON CONSULTANTS INC","4545 BISHOP LN UNIT 101","LOUISVILLE","KY","40218","Jefferson","","5024561256","","ERICH HOEHLER","Manager","M","80000000","1820","871100","Engineering ","6","0","1"
"23118","Lyons-Magnus Co","cwilmoth@lyonsmagnus.com","95 Richwood Rd","8594857546","8594856700","514101","Food Products (Wholesale)","www.lyonsmagnus.com"," Email <---> Revenue ","231814","Lyons-Magnus Co","95 Richwood Rd","Walton","KY","41094","Boone","www.lyonsmagnus.com","8594856700","8594857546","Gary Tandy","Plant Mgr","Mal","56850000","50","514101","Food Product","6","0","1"
"107459","Nor-Com","DanV@nor-com.com","2126 Petersburg Rd","8596897483","8596897451","504301","Audio-Visual Equipment & Supls (Whol)","NULL"," Email <---> Revenue ","246711","Nor-Com","2126 Petersburg Rd","Hebron","KY","41048","Boone","www.nor-com.com","8596897451","8596897483","Dan Van Meter","Owner","Mal","51300000","50","504301","Audio-Visual","6","0","1"
"30124","Outokumpu Copper Franklin Inc","geoff.palmer@outokumpu.com","4720 Bowling Green Rd","2705867404","2705868201","335104","Copper Fabricators","NULL"," Email <---> Revenue ","249657","Outokumpu Copper Franklin Inc","4720 Bowling Green Rd","Franklin","KY","42134","Simpson","","2705868201","2705867404","Ron Beal","President","Mal","70000000","300","335104","Copper Fabri","6","0","1"
"89854","Transfreight","is_support_team@transfreight.com","1101 Cherry Blossom Way","5028677072","5028677040","473101","Transportation Consultants","www.transfreight.com"," Email <---> Revenue ","123611","TRANSFREIGHT","1101 CHERRY BLOSSOM WAY","GEORGETOWN","KY","40324","Scott","","5028677040","","DAVID LACY","Manager","M","95100000","300","472400","Travel Agenc","6","0","1"
"72839","Delta Natural Gas Co Inc","john.hall@deltagas.com","3617 Lexington Rd","8597446552","8597446171","492501","Gas Companies","NULL"," Email <---> Revenue ","178476","Delta Natural Gas Co Inc","3617 Lexington Rd","Winchester","KY","40391","Clark","www.deltagas.com","8597446171","8597446552","Glenn R Jennings","CEO","Mal","79194000","156","492501","Gas Companie","6","0","1"
"67184","Grupo Antolin Kentucky","judy.tyner@grupoantolin-usa.com","208 Commerce Ct","2708895186","2708852703","753207","Automobile Seatcovers Tops & Upholstery","NULL"," Email <---> Revenue ","199993","Grupo Antolin Kentucky","208 Commerce Ct","Hopkinsville","KY","42240","Christian","www.grupoantolin.com","2708852703","2708895186","Alfred Richter","Owner","Mal","64410000","570","753207","Automobile S","6","0","1"
"56495","Kenergy Corporation","kellis@kenergycorp.com","6402 Old Corydon Rd","2708263999","2708263991","491101","Electric Companies","NULL"," Email <---> Revenue ","219941","Kenergy Corporation","6402 Old Corydon Rd","Henderson","KY","42420","Henderson","","2708263991","2708263999","Mark Bailey","CEO","Mal","51128000","83","491101","Electric Com","6","0","1"
"55221","Medastat USALLC","Kevin@medastat.com","1920 Stanley Gault Pkwy # 100","5024899401","5024899449","504704","Physicians & Surgeons Equip & Supls-Whol","NULL"," Email <---> Revenue ","237418","Medastat USALLC","1920 Stanley Gault Pkwy # 100","Louisville","KY","40223","Jefferson","www.medastat.com","5024899449","5024899401","Kevin Mc Kim","Owner","Mal","68770000","115","504704","Physicians &","6","0","1"
"108820","March Of Dimes","ks632@marchofdimes.com","156 Southport Dr","8656946066","6066796514","832218","Social Service & Welfare Organizations","www.marchofdimes.com"," Email <---> Revenue ","79964","MARCH OF DIMES","44 OFFICE PARK DR STE 1","SOMERSET","KY","42501","Pulaski","","6066796514","","LINDA NEWMAN","Manager","F","96000000","1689","832200","Social Servi","6","1","1"
"84849","Stamler Corp","mininginfo@oldenburggroup.com","100 Main St","8594843336","8594843431","353201","Mining Equipment & Supplies-Mfrs","www.oldenburggroup.com"," Email <---> Revenue ","278641","Stamler Corp","100 Main St","Millersburg","KY","40348","Bourbon","www.oldenburggroup.com","8594843431","8594843336","Don Williams","President","Mal","56115000","215","353201","Manufacturin","6","0","1"
"57222","Hoskin & Muir Cardinal","mkinser@hoskinmuir.com","5690 Shepherdsville Rd","5029698417","5029694059","505128","Aluminum (Wholesale)","www.hoskinmuir.com"," Email <---> Revenue ","208172","Hoskin & Muir Cardinal","5690 Shepherdsville Rd","Louisville","KY","40228","Jefferson","www.hoskinmuir.com","5029694059","5029698417","Don Roff","Owner","Mal","52350000","50","505128","Aluminum (Wh","6","0","1"
"78126","Neogen Corp","neogen-info@neogen.com","944 Nandino Blvd","8592541221","8592541221","283601","Biological Products (Manufacturers)","www.neogen.com"," Email <---> Revenue ","89157","NEOGEN'S ANIMAL SAFETY DIV","944 NANDINO BLVD","LEXINGTON","KY","40511","Fayette","","8592541221","","TERRI MORRICAL","Vice-President","F","72400000","393","283600","Biological P","6","0","1"
"106985","NGAS Resources Inc","ngas@ngas.com","120 Prosperous Pl # 201","8592634228","8592633948","131101","Oil & Gas Producers","www.ngas.com"," Email <---> Revenue ","90014","NGAS RESOURCES INC","120 PROSPEROUS PL STE 201","LEXINGTON","KY","40509","Fayette","","8592633948","","WILLIAM S DAUGHERTY","Chief Executive Office","M","79800000","106","138200","Oil,Gas Expl","6","0","1"
"87200","R R Donnelley & Sons Co","peter.tiemeyer@rrd.com","3201 Lebanon Rd","5629261163","8592387910","275202","Printers","www.wallace.com"," Email <---> Revenue ","260476","R R Donnelley & Sons Co","3201 Lebanon Rd","Danville","KY","40422","Boyle","www.rrd.com","8592387910","8592382463","Wayne Gordon","VP","Mal","93600000","1000","275202","Printers","6","0","1"
"24507","Rocky Rococo Pizza & Pasta","president@rockyrococo.com","411 S 4th St","5025957510","5025957510","581222","Pizza","www.rockyrococo.com"," Email <---> Revenue ","315","4TH STREET LIVE","411 S 4TH ST","LOUISVILLE","KY","40202","Jefferson","","5025957510","","","Unknown","","60000000","1200","581243","Quick Serv P","6","0","1"
"104024","Packaging Unlimited Inc","pwinspear@pkgunltd.com","1729 Mccloskey Ave","5025153939","5027760110","738988","Packaging Service","www.packagingunlimited.com"," Email <---> Revenue ","93620","PACKAGING UNLIMITED INC","1729 MCCLOSKEY AVE","LOUISVILLE","KY","40210","Jefferson","","5025152770","","BOB HANEKAMP","Chief Executive Office","M","78800000","460","267100","Packg Ppr Co","6","0","1"
"101204","Neill-Lavielle Inc","sherry1414@neill-lavielle.com","1711 S Floyd St","5026375450","5026375401","508525","Bearings (Wholesale)","www.neill-lavielle.com"," Email <---> Revenue ","245088","Neill-Lavielle Inc","1711 S Floyd St","Louisville","KY","40208","Jefferson","www.neill-lavielle.com","5026375401","5026375450","Robert G Pfeiffer","CEO","Mal","57000000","100","508525","Bearings (Wh","6","0","1"
"79729","Half Price Books Records Mags","sleach@halfpricebooks.com","2025 S Hurstbourne Pkwy","2534741997","5024914310","594201","Book Dealers-Retail","www.halfpricebooks.com"," Email <---> Revenue ","54691","HALF PRICE BOOKS RECORDS MAGS","2025 S HURSTBOURNE PKWY","LOUISVILLE","KY","40220","Jefferson","","5024914310","","TORY HERRON","Manager","F","75000000","1660","594200","Book Stores","6","0","1"
"102728","DJ/Nypro Kentucky","staffing@nypro.com","7301 Distribution Dr","3037724753","5029332525","308901","Mold Makers","www.nypro.com"," Email <---> Revenue ","175785","DJ/Nypro Kentucky","7301 Distribution Dr","Pleasure Rdg Pk","KY","40258","Jefferson","www.nypro.com","5029332525","5029370104","Scott Walton","President","Mal","57000000","320","308901","Plastics-Mol","6","0","1"
"841","Sensus","StephenLarkin@sensuspdc.com","232 Hopkinsville Rd","2707266468","2707262441","336398","Aluminum Die Castings (Manufacturers)","NULL"," Email <---> Revenue ","271459","Sensus","232 Hopkinsville Rd","Russellville","KY","42276","Logan","www.sensuspdc.com","2707262441","2707266468","Stephen Larkin","President","Mal","62300000","350","336398","Aluminum Die","6","0","1"
"79750","Carmuese","technology@carmeusena.com","Highway 8","8594728100","8594728110","327498","Lime-Manufacturers","www.carmeusena.com"," Email <---> Revenue ","162050","Carmuese","Highway 8","Butler","KY","41006","Pendleton","www.carmeusena.com","8594728100","8594728110","Ernie Meyer","Plant Mgr","Mal","57600000","200","327498","Lime-Manufac","6","0","1"
"102227","Aleris International","william.witherspoon@aleris.com","500 W Jefferson St # 19","5025898158","5025898100","335301","Aluminum Sheet Plate & Foil (Mfrs)","NULL"," Email <---> Revenue ","141808","Aleris International","500 W Jefferson St # 19","Louisville","KY","40202","Jefferson","","5025898100","5025898158","Mark V Kaminski","CEO","Mal","60690000","85","335301","Aluminum She","6","0","1"
"100718","Algood Food Co","wphilpot@algoodfood.com","7401 Trade Port Dr","5026371502","5026373631","209903","Food Products & Manufacturers","www.algoodfood.com"," Email <---> Revenue ","141916","Algood Food Co","7401 Trade Port Dr","Louisville","KY","40258","Jefferson","www.algoodfood.com","5026373631","5026371502","Kathy Powell","CEO","Fem","60000000","100","209903","Food Product","6","0","1"
