mail id,company,email,address,phone,fax,sic,sic description,web,,revenue id,company,address,city,state,zip,	metro,web,phone,fax,contact,position,gender,sales,# of employee,sic,sic_descrpiton,	,,
"85603","Blue Grass Energy","directors@bgenergy.com","1200 Versailles Rd","5028395051","5028393442","491101","Electric Companies","www.bgenergy.com"," Email <---> Revenue ","135352","Blue Grass Energy","1200 Versailles Rd","Lawrenceburg","KY","40342","Anderson","www.bgenergy.com","5028393442","5028395051","Barry Drury","Manager","Mal","49280000","80","491101","Electric Com","5","0","1"
"81365","Distributors Warehouse Inc","tpawzun@alliance1.com","1900 N 10th St","6082417605","2704428201","509998","Distribution Centers","www.800autotalk.com"," Email <---> Revenue ","179872","Distributors Warehouse Inc","1900 N 10th St","Paducah","KY","42001","Mc Cracken","www.800autotalk.com","2704428201","2704424914","Steve Korte","President","Mal","33040000","35","509998","Distribution","5","0","1"
"86576","Somerset Food Svc","donr@somersetfoods.com","910 Highway 461","6062745141","6062744858","514201","Frozen Foods-Wholesale","www.somersetfoods.com"," Email <---> Revenue ","113306","SOMERSET FOOD SVC","910 HIGHWAY 461","SOMERSET","KY","42503","Pulaski","","6062744858","6062745141","TIM WILLIAMS","Chief Executive Office","M","25100000","140","514100","Whl Gen Groc","5","0","1"
"46637","Snider Bolt & Screw Inc","ghuff@sniderbolt.com","11503 Champions Way","5029682278","5029682250","507201","Bolts & Nuts (Wholesale)","www.sniderbolt.com"," Email <---> Revenue ","275098","Snider Bolt & Screw Inc","11503 Champions Way","Louisville","KY","40299","Jefferson","www.sniderbolt.com","5029682250","5029682278","Mark Cunningham","President","Mal","25900000","50","507201","Bolts & Nuts","5","0","1"
"33668","Rev-A-Shelf Inc","rasmarketing@rev-a-shelf.com","2409 Plantside Dr","5024912215","5024995835","308902","Plastics & Plastic Products (Mfrs)","www.rev-a-shelf.com"," Email <---> Revenue ","263604","Rev-A-Shelf Inc","2409 Plantside Dr","Jeffersontown","KY","40299","Jefferson","www.rev-a-shelf.com","5024995835","5024912215","Craig Jones","President","Mal","22400000","250","308902","Plastics & P","4","0","1"
"17508","Jones Plastic & Engineering Corp","erouch@jonesplastic.com","2410PlantsideDr","5024913785","null","871106","Engineers","null"," Email <---> Revenue ","66941","JONES PLASTIC","2410 PLANTSIDE DR","LOUISVILLE","KY","40299","Jefferson","","5024913785","","HARRY JONES","President","M","19200000","300","308900","Plastic Pdts","4","0","1"
"105468","KI Corp","scaldwell@kiusa.com","501 Mayde Rd","8599861485","8599861420","346598","Automotive Stampings (Manufacturers)","www.kiusa.com"," Email <---> Revenue ","70523","KI CORP","501 MAYDE RD","BEREA","KY","40403","Madison","","8599861420","","JOE HOSLOW","Chief Executive Office","M","24800000","400","346500","Auto Stampin","4","0","1"
"88182","Munson Business Interiors","mindy@mbifurniture.com","2307 River Rd","5025891317","5025891236","502112","Office Furniture & Equip-Dealers (Whol)","NULL"," Email <---> Revenue ","243283","Munson Business Interiors","2307 River Rd","Louisville","KY","40206","Jefferson","www.mbifurniture.com","5025891236","5025891317","Mindy Munson","President","Fem","11420000","20","502112","Office Furni","4","0","1"
"58034","Budget Blinds","dhomstad@budgetblinds.com","13122 Willow Forest Dr","2053491987","5022433434","571917","Venetian Blinds-Retail","www.budgetblinds.com"," Email <---> Revenue ","17737","BUDGET BLINDS","13122 WILLOW FOREST DR","LOUISVILLE","KY","40245","Jefferson","","5024562200","","JOHN DOYLE","Owner","M","5300000","2535","571909","Blinds & Sha","3","0","1"
"46801","Power TRAIN-Kentucky/Hda","scherrerm@pwrtrain.com","701 E Main St","3172431433","5025822412","501302","Truck Equipment & Parts-Wholesale","www.pwrtrain.com"," Email <---> Revenue ","257024","Power TRAIN-Kentucky/Hda","701 E Main St","Louisville","KY","40202","Jefferson","www.pwrtrain.com","5025822412","5025849813","Brad Jackson","Manager","Mal","8960000","20","501302","Truck Equipm","3","0","1"
"109280","Rudy Quest Engineers","eivanovich@questeng.com","401 W Main St # 500","5025893009","5025844118","871111","Engineers-Consulting","www.questeng.com"," Email <---> Revenue ","267649","Rudy Quest Engineers","401 W Main St # 500","Louisville","KY","40202","Jefferson","www.questeng.com","5025844118","5025893009","Norman J Barker Jr","Owner","Mal","5846000","37","871111","Engineers-Co","3","0","1"
"106306","Hosea Office & Ind Svc Inc","scott@hosea.com","241 Grandview Ave","8592916413","8592917070","502112","Office Furniture & Equip-Dealers (Whol)","www.hosea.com"," Email <---> Revenue ","208169","Hosea Office & Ind Svc Inc","241 Grandview Ave","Bellevue","KY","41073","Campbell","www.hosea.com","8592917070","8592916413","Earl Flummer","Manager","Mal","8565000","15","502112","Office Furni","3","0","1"
"100832","Lexington Convention Bureau","bjacobs@visitlex.com","301 E Vine St","8592544555","8592331221","472401","Tourist Information","www.visitlex.com"," Email <---> Revenue ","75215","LEXINGTON CONVENTION BUREAU","301 E VINE ST","LEXINGTON","KY","40507","Fayette","","8592331221","","DAVID LORD","President","M","7900000","25","472400","Travel Agenc","3","0","1"
"52759","Kelcas Well Svc LTD","lilliehook@kelcas.com","2130 E 4th St","2706831613","2706831322","131105","Oil Operators","www.kelcas.com"," Email <---> Revenue ","219560","Kelcas Well Svc LTD","2130 E 4th St","Owensboro","KY","42303","Daviess","www.kelcas.com","2706831322","2706831613","Randy Moesner","Manager","Mal","8112000","8","131105","Oil Operator","3","0","1"
"107518","WDDJ Electric","traffic@wkyq.com","6000 Wkyx Wkyq Rd","2705545468","2705349690","483201","Radio Stations & Broadcasting Companies","www.wkyq.com"," Email <---> Revenue ","295459","WDDJ Electric","6000 Wkyx Wkyq Rd","Paducah","KY","42003","Mc Cracken","www.wkyq.com","2705349690","2705545468","Gary Morse","Manager","Mal","8250000","75","483201","Radio Statio","3","0","1"
