"Robins Co","3044655880","98 Lamplighter St","Oak Hill","8160000","Dean Workman","Manager","Mal","453","R","Robins Co","salesdept@robbinstbm.com","98 Lamplighter St","Oak Hill","WV","25901","3044655886","3044655880","508410","Conveyors & Conveying Equipment (Whol)","www.robbinstbm.com","0","0"
"REIC Laboratory","3042552500","225 Industrial Park Rd","Beaver","7140000","James Hern","Owner","Mal","779","Q","Quality Environmental Containers","arobertson@reiclabs.com","PO BOx 1160","BEAVER","WV","25813","3042552500","null","873111","Environmental & Ecological Services","QECUSA.COM^^REICLABS.COM","0","0"
"CLINE RESOURCE & DEVELOPMENT","3042557458","430 HARPER PARK DR","BECKLEY","5000000","CHRIS CLINE","Owner","M","931","C","Cline Resource & Development","Chris.Cline@clineit.com","430 Harper Park Dr # A","Beckley","WV","25801","NULL","304-255-7458","1222","Bituminous Coal Underground Mining","NULL","0","0"
"CHARLES RYAN ASSOC INC","3043420161","300 SUMMERS ST STE 1100","CHARLESTON","7100000","PATRICK M GALLAGHER","Chief Executive Office","M","1495","C","Charles Ryan Associates","khall@cryanassoc.com","1100 One Valley Square","CHARLESTON","WV","25301","3043420161","3043421941","421304","Trucking","CHARLESRYAN.COM;CHARLESRYANASSOCIATES.COM;CLARKTRUCK.COM","0","0"
"S & E PRINTING","3047559200","5 MCJUNKIN RD","NITRO","6100000","SCOTT CABLE","Owner","M","2030","B","Balzout; Inc. d/b/a S&E Printing","dave@balzout.com","null","NITRO","WV","25143","3047559200","3047551019","275202","Printers","BALZOUT.COM","0","0"
"Lignetics Of West Virginia Inc","3044624848","Route 5 Gilmer Ind Pkwy","Sand Fork","6520000","Tom Crews","Plant Mgr","Mal","3309","L","Lignetics Of West Virginia Inc","pelletbroker@lignetics.com","Route 5 Gilmer Ind Pkwy","Sand Fork","WV","26430","2082639292","3044624848","598903","Firewood","www.lignetics.com","0","0"
"CAPON SPRINGS & FARMS","3048743695","PO BOX O","CAPON SPRINGS","7500000","THOMAS W AUSTIN","Owner","M","3498","C","Capon Springs and Farms","caponsf@mountain.net","PO Box 0","ONEGO","WV","26823","3048743695","null","019101","FARMS","26823.COM","0","0"
"CORWIN FORD SALES INC","3049861111","PO BOX 427","MANNINGTON","7300000","RICK CORWIN","Owner","M","3723","C","Corwin Ford Sales","corwinford@iname.com","4611 S. University Dr. #302 - Davie","null","WV","26582","3049861111","3049861652","861103","Sales Organizations","richard.corwin@corwinford.com","0","0"
"Ryan Environmental Contractor","3048425578","RR 4 Box 260","Bridgeport","8800000","Jonathon Marks","President","Mal","4228","R","Ryan Claude III","aanderson@ryanenviro.com","Route 4 Box 260","Bridgeport","WV","26330","3048425578","3048425131","873111","Environmental & Ecological Services","null","0","0"
"MATTRESS WAREHOUSE INC","3045862863","2982 WINFIELD RD","WINFIELD","6000000","KIM BROWN-KNOPF","Chief Executive Office","F","5504","K","K.B & Associates","alohmann@sleeponthebest.com","2982 Winfield Road","WINFIELD","WV","25213","3045862863","3045860918","8999","Services NEC","MATTRESSOUTFITTERS.COM^^SLEEPOUTFITTERS.COM","0","0"
"Aurora Flight Sciences Of WV","3048428100","3000 E Benedum Industrial Dr","Bridgeport","7300000","","","","5633","A","Aurora Flight Sciences Of WV","Robb.Lenhart@hiflight.com","3000 E Benedum Industrial Dr","Bridgeport","WV","26330","3048428116","304-842-8100","3721","Aircraft (except research and development not producing prototypes)","NULL","0","0"
"Aramark Dining Svc","3043845313","Vermillion St","Athens","9360000","Randy Keaton","Manager","Mal","8606","A","Aramark Dining Svc","submitproduct@aramark.com","Vermillion St","Athens","WV","24712","6106508272","3043845313","596305","Food Service-Management","www.aramark.com","0","0"
"PEPSI-COLA CO","3044893720","500 SOUTHERN HWY","MINERAL WELLS","7900000","G BART","Manager","F","9748","P","Pepsi-Cola Co","shareholder.relations@pepsi.com","500 Southern Hwy","Mineral Wells","WV","26150","6268143079","3044893720","514937","Beverages (Wholesale)","www.pbg.com","0","0"
"PYRAMID MARBLE","3045291422","914 ADAMS AVE","HUNTINGTON","5000000","LANLEY CABELL","Owner","M","9913","P","Pyramid Marble","Lanley.Cabell@bisa-awards.com","914 Adams Ave","Huntington","WV","25704","3045291424","304-529-1447","3088","Plastics Plumbing Fixtures","NULL","0","0"
"Magic Mart","3049492625","2700 E Dupont Ave","Belle","6318000","Gary Harrah","Manager","Mal","10033","M","Magic Mart","magicmart@magicmart.com","2700 E Dupont Ave","Belle","WV","25015","2769357112","3049492625","531102","Department Stores","www.magicmartstores.com","0","1"
"EASTERN ISOTOPES","3042922240","3601 MRGNTOWN IND PARK","MORGANTOWN","6800000","MARK MC INTYRE","Manager","M","11164","E","Eastern Isotopes","olivier_colsoul@dlsecurities.com","3601 Morgantown Ind Park","Morgantown","WV","26501","5408681399","3042922240","738999","Business Services Nec","www.easternisotopes.com","0","0"
"Augusta Engineering & Design","3047449000","318 4th Ave # 24s","South Charleston","7900000","Ed Schaefer","Manager","Mal","11300","A","Augusta Engineering & Design","eschaefer@augustaeng.com","31824 Fourth Ave","CHARLESTON","WV","25303","3047449000","3047446000","152106","Designers","AE-REPRO.COM;AUGUSTAENG.COM","0","0"
"Star City Foodland","3045980089","1118 Patton Dr","Morgantown","7280000","Richard Bell","Owner","Mal","11342","S","Star City Foodland","services@foodland.com","1118 Patton Dr","Morgantown","WV","26505","8089495044","3045980089","541105","Grocers-Retail","www.foodland.com","0","0"
"POTOMAC CONSTRUCTION INDSTRS","3042631500","411 AUBURN ST","MARTINSBURG","5900000","JOHN ABBRUZZESE","Owner","M","11394","P","PotomacConstructionIndustries-ConcreteDivision","dannetta@pci-potomac.com","411 Auburn Street","Martinsburg","WV","25401","3042631500","3042630142","177105","Concrete Contractors","pci-potomac.com","0","0"
"WRZZ","3042956070","6006 Grand Central Ave","Parkersburg","5500000","Chuck Poet","Manager","Mal","12760","W","WRZZ","bobcohen@clearchannel.com","6006 Grand Central Ave","Parkersburg","WV","26105","7074434435","3042956070","483201","Radio Stations & Broadcasting Companies","www.clearchannel.com","0","0"
"TRUCK ENTERPRISES","3042893518","HC 84 BOX 89B","KEYSER","8900000","BOB GORDON","Manager","M","12810","T","Truck Enterprises","dviers@truckenterprises.com","HC 84 Box 89B","Keyser","WV","26726","3042893518","3042893347","421304","Trucking","null","0","0"
"CTL Engineering Inc","3042921135","733 Fairmont Rd","Morgantown","6320000","Pat Gallagher","President","Mal","12827","C","CTL Engineering Inc","ctlwvc@ctleng.com","733 Fairmont Rd","Morgantown","WV","26501","6142766377","3042921135","871111","Engineers-Consulting","www.ctleng.com","0","0"
"Michael Baker Jr Inc","3047690821","5088 Washington St W # 2","Cross Lanes","6320000","Gary Reed","Manager","Mal","13132","M","Michael Baker Jr Inc","kweaver@mbakercorp.com","5088 Washington St W # 2","Cross Lanes","WV","25313","3047690822","3047690821","871111","Engineers-Consulting","www.mbakercorp.com","0","0"
"R & L Transfer Inc","3046751809","RR 1 Box 446","Gallipolis Ferry","7550000","Mark Steele","Manager","Mal","13250","R","R & L Transfer Inc","rates@rlcarriers.com","RR 1 Box 446","Gallipolis Ferry","WV","25515","3342811488","3046751809","421309","Trucking-Motor Freight","www.gorlc.com","0","0"
"Quality Carriers","3047221109","Route 25","Institute","6493000","Scott Adkins","Manager","Mal","13801","Q","Quality Carriers","info_qdi@qualitydistribution.com","Route 25","Institute","WV","25112","3237713177","3047221109","421306","Trucking-Liquid & Dry Bulk","www.qualitydistribution.com","0","0"
"A & R TRANSPORT INC","3044209099","77 8TH AVE","PARKERSBURG","6900000","KEVIN HEDGEPATH","President","M","14188","A","A & R Transport Inc","kkleinpeter@artransport.com","701 Depot St","Parkersburg","WV","26101","4047611060","3044228936","421306","Trucking-Liquid & Dry Bulk","www.artransport.com","0","0"
