"KYKK","5053974969","619 N Turner St","Hobbs","1650000","Paul Starr","VP","Mal","53427","K","KYKK","kix103@1radiosquare.com","619 N Turner St","Hobbs","NM","88240","5053934310","5053974969","483201","Radio Stations & Broadcasting Companies","www.1radiosquare.com","0","0"
"KYKK","5053974969","619 N Turner St","Hobbs","1650000","Paul Starr","VP","Mal","112","N","Noalmark Broadcasting","production@1radiosquare.com","619 N. Turner","HOBBS","NM","88240","5053974969","5053934310","8999","Services NEC","HOBBSAMERICA.COM","0","0"
"Ward Brothers Tractor Inc","5057622612","1315 Sr 209","Clovis","1992000","Mike Ward","Owner","Mal","20030","W","Ward Brothers Tractor Inc","wardbros@3leftes.com","1315 Sr 209","Clovis","NM","88101","5057692553","5057622612","508329","Farm Equipment-Used (Wholesale)","www.wardbrostractor.com","0","0"
"Clovis Auto Mart","5057622111","901 E 1st St","Clovis","1342000","Jim Smith","Owner","Mal","7653","C","Clovis Auto Mart","smithrvandmarine@3lefties.com","901 E 1st St","Clovis","NM","88101","5057622111","5057622111","551103","Automobile Dealers-Used Cars","www.smithrvandmarine.com","0","1"
"Copier Supply Co","5057627349","314 N Main St","Clovis","1998000","Craig Ham","Owner","Mal","16320","T","The Copier Supply Company","4oinks@3lefties.com","314 N. Main St.","CLOVIS","NM","88101","5057627349","5057627350","5311","Retail shops","laser-ink.com","0","0"
"Clovis-Community Homecare","5057692243","1944 W 21st St","Clovis","1566000","Art Garrett","Executive Director","Mal","5176","C","Clovis-Community Homecare","howard.blake@3lefties.com","208 June Ave","CLOVIS","NM","88101","5057692243","5057626452","832229","Community Services","CHOMECARE.COM","0","1"
"Ward Brothers Tractor Inc","5057622612","1315 Sr 209","Clovis","1992000","Mike Ward","Owner","Mal","30730","W","Ward Bros Tractor","wardbros@3lefties.com","7450 Campus Drive","CLOVIS","NM","88101","5057622612","5057692553","352304","Mfg Farm Machinery/equipment","null","0","0"
"An Exit Bail Bonds","5055464914","","Deming","9170000","Leonard Martinez","Owner","Mal","41437","A","An Exit Bail Bonds","ut.bonds@a-affordablebailbonds.com","NULL","Deming","NM","88030","5055464914","5055464914","635101","Bonds-Bail","www.anexit.com","0","0"
"ABC Door Co","5058841166","2915 Richmond Dr NE","Albuquerque","4902000","Tom Schafer","VP","Mal","47118","A","ABC Door Co","abqservice@abcdoor.com","2915 Richmond Dr NE","Albuquerque","NM","87107","5058842270","5058841166","521101","Doors-Garage","www.abcdoor.com","0","0"
"ABC Door Co","5054719620","3221 Richards Ln # A","Santa Fe","1806000","Chris Ramoz","Manager","Mal","31976","A","ABC Door Co","farmservice@abcdoor.com","3221 Richards Ln # A","Santa Fe","NM","87507","5058842270","5054719620","521102","Door & Gate Operating Devices","www.abcdoor.com","0","0"
"Journal North Advertising","5059889249","328 Galisteo St","Santa Fe","12540000","Matt Gantner","Manager","Mal","20939","J","Journal North Advertising","dsteinberg@abqjournal.com","328 Galisteo St","Santa Fe","NM","87501","5059889249","5059889249","731106","Advertising-Newspaper","www.dgbrecords.com","0","0"
"Journal North Advertising","5059889249","328 Galisteo St","Santa Fe","12540000","Matt Gantner","Manager","Mal","55867","J","Journal North Advertising","mkskeean@abqpubco.com","328 Galisteo St","Santa Fe","NM","87501","5059893665","5059889249","731106","Advertising-Newspaper","www.abqjournal.com","0","0"
"Airgas Southwest","5053256660","1800 E 20th St","Farmington","2344000","Bret Bradshaw","Manager","Mal","55054","A","Airgas Southwest","bert.walker@airgas.com","1800 E 20th St","Farmington","NM","87401","2622557307","5053256660","281301","Gas-Ind & Medical-Cylinder & Bulk-Mfrs","www.airgas.com","0","0"
"Airgas Southwest","5058818813","3502 Pan American Fwy NE","Albuquerque","4352000","Stan Svensrud","Manager","Mal","56117","A","Airgas Southwest","bert.walker@airgas.com","3502 Pan American Fwy NE","Albuquerque","NM","87107","2622557307","5058818813","508435","Welding Equipment & Supplies (Wholesale)","www.airgas.com","0","0"
"Alamo Auto Glass","5055271269","","Las Cruces","4020000","John Munoz","Owner","Mal","4872","A","Alamo Auto Glass","John@alamoautoglass.net","NULL","Las Cruces","NM","88005","9155909933","5055271269","523110","Glass-Auto Plate & Window & Etc","NULL","0","0"
"Alamo Auto Glass","5054398320","2617 N White Sands Blvd","Alamogordo","1206000","Humberto Munuz","Owner","Mal","56022","A","Alamo Auto Glass","H_M@alamoautoglass.net","2617 N White Sands Blvd","Alamogordo","NM","88310","NULL","5054398320","523110","Glass-Auto Plate & Window & Etc","NULL","0","0"
"Albertsons","5054711058","3542 Zafarano Dr","Santa Fe","37050000","Adrian Gallegos","Manager","Mal","21805","A","Albertsons","albertsonscustomercare@albertsons.com","3542 Zafarano Dr","Santa Fe","NM","87507","2062435188","5054711058","541105","Grocers-Retail","www.albertsons.com","0","0"
"Albertsons","5055219837","2551 E Lohman Ave","Las Cruces","37050000","Bill Allen","Manager","Mal","51279","A","Albertsons","albertsonscustomercare@albertsons.com","2551 E Lohman Ave","Las Cruces","NM","88011","2062435188","5055219837","541105","Grocers-Retail","www.albertsons.com","0","0"
"Albertsons","5052757000","12201 Academy Rd NE","Albuquerque","28405000","Teresa Hererra","Manager","Fem","15382","A","Albertsons","albertsonscustomercare@albertsons.com","12201 Academy Rd NE","Albuquerque","NM","87111","2062435188","5052757000","541105","Grocers-Retail","www.albertsons.com","0","0"
"Aldershot Of New Mexico Inc","5055238621","3905 Meadow Lark Ln","Mesilla Park","27375000","Peter Vanderlugt","Owner","Mal","8319","A","Aldershot Of New Mexico Inc","cynthia.anderson@albertsons.com","4884 S Main St","Mesilla Park","NM","88047","5055238688","5055238621","519304","Florists-Wholesale","NULL","0","0"
"Albertsons","5052939280","11825 Lomas Blvd NE","Albuquerque","37050000","Darrell Worley","Manager","Mal","14912","A","Albertsons","albertsonscustomercare@albertsons.com","2801 Eubank Blvd NE","Albuquerque","NM","87112","2062435188","5052987571","541105","Grocers-Retail","www.albertsons.com","0","0"
"Albertsons","5058732758","1625 Rio Bravo Blvd SW","Albuquerque","18200000","Billy Kimbrough","Executive Director","Mal","27307","A","Albertsons","albertsonscustomercare@albertsons.com","1625 Rio Bravo Blvd SW","Albuquerque","NM","87105","2062435188","5058732758","541105","Grocers-Retail","www.albertsons.com","0","0"
"Sav-On-Drugs","5053924505","2402 N Grimes St","Hobbs","1647000","Kent Shelton","Manager","Mal","47131","S","Sav-On-Drugs","albertsonscustomercare@albertsons.com","2402 N Grimes St","Hobbs","NM","88240","2062435188","5053924505","591205","Pharmacies","www.albertsons.com","0","2"
"Albuquerque Counter Top","5053449244","3874 Hawkins St NE","Albuquerque","3200000","Tom Edmondson","Owner","Mal","55886","A","Albuquerque Counter Top","T.Edmondson@albuquerquecountertops.com","3874 Hawkins St NE","Albuquerque","NM","87109","5053455579","5053449244","571213","Counter Tops","NULL","0","0"
"Albuquerque Counter Top","5053449244","3874 Hawkins St NE","Albuquerque","3200000","Tom Edmondson","Owner","Mal","45182","A","ALBUQUERQUE COUNTER TOPS","tom@albuquerquecountertops.com","6609 Menaul Blvd NE","ALBUQUERQUE","NM","87109","5053449244","null","571213","Counter Tops","ALBUQUERQUECOUNTERTOPS.COM","0","0"
"American Moving & Storage","5056223050","901 E 19th St","Roswell","1710000","Michael Woods","President","Mal","52183","A","American Moving & Storage","MichaelWoods@american-moving.com","901 E 19th St","Roswell","NM","88201","5056232905","5056223050","421401","Movers","NULL","0","0"
"American Warehouse Plus","5057613200","801 Comanche Rd NE","Albuquerque","30000000","Carlos Tomatis","VP","Mal","6307","A","American Warehouse Plus","webcs@americanhome.com","801 Comanche Rd NE","Albuquerque","NM","87107","3016458235","5057613200","571216","Furniture-Dealers-Retail","www.americanhome.com","0","0"
"American Home","5059884502","901 Saint Michaels Dr","Santa Fe","10404000","Tom Kamiskey","Manager","Mal","3676","A","American Home","webcs@americanhome.com","901 Saint Michaels Dr","Santa Fe","NM","87505","3016458235","5059884502","571216","Furniture-Dealers-Retail","www.americanhome.com","0","0"
"Apache Corp","5053941503","8 Elison Ln","Eunice","17238000","Mike Warren","Manager","Mal","51903","A","Apache Corp","david.higgins@apachecorp.com","8 Elison Ln","Eunice","NM","88231","5802567904","5053941503","131103","Oil Companies","www.apachecorp.com","0","0"
"Apache Corp","5053250318","210 N Auburn Ave","Farmington","15210000","Stan Phillips","Manager","Mal","51479","A","Apache Corp","tony.lentini@apachecorp.com","210 N Auburn Ave","Farmington","NM","87401","5053942425","5053250318","131101","Oil & Gas Producers","www.apachecorp.com","0","0"
"Advantage Rent-A-Car","5058420179","3400 University Blvd SE","Albuquerque","5640000","Zabrina Miller","Manager","Fem","34491","A","Advantage Rent-A-Car","reservations@arac.com","3400 University Blvd SE","Albuquerque","NM","87106","7753335273","5058420179","751401","Automobile Renting","www.arac.com","0","0"
"Advantage Rent-A-Car","5052656381","5401 Lomas Blvd NE # B","Albuquerque","1416000","Sarah Abrahamson","Manager","Fem","51398","A","Advantage Rent-A-Car","aracsales@arac.com","5401 Lomas Blvd NE # B","Albuquerque","NM","87110","5055418737","5052656381","751401","Automobile Renting","www.advantagerentacar.com","0","0"
"Beauty First","5052968189","11225 Montgomery Blvd NE # C","Albuquerque","6920000","Bill Beckelheimer","Owner","Mal","35032","B","Beauty First","Bill@beautyfirst.com","11225 Montgomery Blvd NE # C","Albuquerque","NM","87111","5052962870","5052968189","508702","Beauty Salons-Equipment & Supls (Whol)","NULL","0","0"
"Blue Rain Gallery","5057510066","117 S Taos Plz","Taos","2930000","Leroy Garcia","Owner","Mal","47738","B","Blue Rain Gallery","LeroyG@blueraingallery.com","117 S Taos Plz","Taos","NM","87571","5057580231","5057510066","599969","Art Galleries & Dealers","NULL","0","1"
"Blue Rain Gallery","5059549902","130 Lincoln Ave # D","Santa Fe","1172000","Leroy Garcia","Owner","Mal","21618","B","Blue Rain Gallery","Leroy@blueraingallery.com","130 Lincoln Ave # D","Santa Fe","NM","87501","NULL","5059549902","599969","Art Galleries & Dealers","NULL","0","1"
"Bolack Total Travel","5058811198","6916 Montgomery Blvd NE","Albuquerque","1920000","Paul Dubruille","Owner","Mal","55927","B","Bolack Total Travel","PDubruille@bolack.com","6916 Montgomery Blvd NE","Albuquerque","NM","87109","5053461188","5058811198","472402","Travel Agencies & Bureaus","NULL","0","0"
"KVLC","5055271111","105 E Idaho Ave # B","Las Cruces","2112000","Linda Woodward","Manager","Fem","38613","K","KVLC","msmith@bravomic.com","105 E Idaho Ave # B","Las Cruces","NM","88005","5055271100","5055271111","483201","Radio Stations & Broadcasting Companies","www.101gold.com","0","0"
"Buckle","5055649075","4601 E Main St # 270","Farmington","1488000","Jacob Lacy","Manager","Mal","52729","B","Buckle","webcredit@buckle.com","4601 E Main St # 270","Farmington","NM","87402","3343562205","5055649075","561101","Men's Clothing & Furnishings-Retail","www.buckle.com","0","0"
"J & B Mobile Homes","5058856146","3304 National Parks Hwy","Carlsbad","1804000","James Knotts","Owner","Mal","11739","C","Cavern City Cinemas","fiesta@carlsbadnm.com","401 W Fiesta Drive","Carlsbad","NM","88220","5058856146","null","738999","Business Services Nec","fiestadrivein.com","0","0"
"E-Z Rentals & Sales","5058875506","402 S Canyon St","Carlsbad","1464000","Bill Derringer","Owner","Mal","46913","E","E-Z Rentals & Sales","deringer@carlsbadnm.com","402 S Canyon St","Carlsbad","NM","88220","5058877296","5058877296","735944","Carpet & Rug Cleaning Equipment-Rental","www.e-zrentals.net","0","0"
"K-Dove","5058875323","1609 Radio Blvd","Carlsbad","2112000","Don Hughes","Owner","Mal","22837","D","Dove Christian Media","jeff@carlsbadnm.com","P.O. Box 1952","CARLSBAD","NM","88220","5058875323","5058875451","7319","Media services","KDOVE.COM","0","0"
"Cerl Inc Environmental Conslnt","5057649251","2301 Yale Blvd SE # D2","Albuquerque","1760000","Michael Curtis","President","Mal","38546","C","CERL Environmental Consultants","cerl@cerl-fsi.com","3874 Hawkins Ave. NE","Albuquerque","NM","87106","5057649251","5057640117","871111","Engineers","cerl-fsi.com","0","0"
"Cerl Inc Environmental Conslnt","5057649251","2301 Yale Blvd SE # D2","Albuquerque","1760000","Michael Curtis","President","Mal","41981","C","Cerl Inc Environmental Conslnt","cerl@cerl-fsi.com","2301 Yale Blvd SE # D2","Albuquerque","NM","87106","5059826759","5057649251","873111","Environmental & Ecological Services","www.cerl-fsi.com","0","0"
"CERL Environmental Conslnts","5059884143","1808 2nd St # D","Santa Fe","1584000","Michael Curtis","President","Mal","44267","C","CERL Environmental Conslnts","MichaelC@cerl-fsi.com","1808 2nd St # D","Santa Fe","NM","87505","5059826759","5059884143","873111","Environmental & Ecological Services","NULL","0","0"
"Plaza Hardwood Inc","5059923260","219 W Manhattan Ave","Santa Fe","1180000","Paul Fuge","Owner","Mal","44679","P","Plaza Hardwood Inc","paulfuge@certifiedwood.com","219 W Manhattan Ave","Santa Fe","NM","87501","5059928766","5059923260","571306","Floor Materials","www.plzfloor.com","0","0"
"Pojoaque Gaming Inc","5054553588","68 Cities Of Gold Rd","Santa Fe","2400000","Albert Storch","Manager","Mal","34187","P","Pojoaque Gaming Inc","morewinners@citiesofgold.com","68 Cities Of Gold Rd","Santa Fe","NM","87506","5054559266","5054553588","799302","Casinos","www.citiesofgold.com","0","0"
"KPEK","5052997325","5411 Jefferson St NE # 100","Albuquerque","5500000","Chuck Hammond","Manager","Mal","48482","K","KPEK","websupport@clearchannel.com","5411 Jefferson St NE # 100","Albuquerque","NM","87109","2514793418","5052997325","483201","Radio Stations & Broadcasting Companies","www.clearchannel.com","0","0"
"Clear Channel Communications","5058306400","5411 Jefferson St NE # 100","Albuquerque","8800000","Chuck Hummand","Manager","Mal","54123","C","Clear Channel Communications","lisadollinger@clearchannel.com","5411 Jefferson St NE # 100","Albuquerque","NM","87109","3237327736","5058306400","483201","Radio Stations & Broadcasting Companies","www.clearchannel.com","0","0"
"Country Gas Inc","5057260476","46 W Highway 118","Gallup","11840000","","","","41639","C","Country Gas Inc","countrygas@cnetco.com","46 W Highway 118","Gallup","NM","87301","5057260476","5057260476","492501","Gas Companies","www.countrygasinc.com","0","0"
"Gallup Med Flight","5057260053","2111 W Highway 66","Gallup","2124000","Steven Munoz","Executive Director","Mal","30072","G","Gallup Med Flight","lrichardson@cnetco.com","2111 W Highway 66","Gallup","NM","87301","5057260058","5057260053","411902","Ambulance Service","www.gallupmedflight.com","0","0"
"Paratransit","5059552030","2931 Rufina St","Santa Fe","10240000","Thomas Williams","Executive Director","Mal","16502","P","Paratransit","rebeccawrz@comcast.net","2931 Rufina St","Santa Fe","NM","87507","5059552020","5059552030","478977","Transportation","www.santafenm.gov","0","0"
"Subsurface Exploration Inc","5057979743","8916 Adams St NE # A","Albuquerque","7500000","Martin Vinyard","Partner","Mal","14573","S","Subsurface Exploration Inc","vinyardandassociates@comcast.net","8916 Adams St NE # A","Albuquerque","NM","87113","5057979749","5057979743","178102","Drilling & Boring Contractors","www.vinyard.org","0","0"
"Tecolote Tiles","5058814140","PO Box 3331","Albuquerque","1552000","","","","18227","T","Tecolote Tiles","tecolotenmltd@comcast.net","PO Box 3331","Albuquerque","NM","87190","5058814140","5058814140","399903","Manufacturers","www.tecolotetiles.com","0","0"
"Buffalo Exchange","5052620098","3005 Central Ave NE","Albuquerque","1818000","Katherine Wright","Manager","Fem","52772","B","Buffalo Exchange","flakes@comcast.net","3005 Central Ave NE","Albuquerque","NM","87106","6025320211","5052620098","593205","Clothing-Used","www.buffaloexchange.com","0","0"
"Carefinders Inc","5052652422","7912 Menaul Blvd NE","Albuquerque","1188000","Dee Rawson","President","Fem","47082","C","Carefinders Inc","deerawson@comcast.net","7912 Menaul Blvd NE","Albuquerque","NM","87110","5052652522","5052652422","808201","Home Health Service","www.carefindersnm.com","0","0"
"Comfort Keepers","5056249999","1121 S Main St","Roswell","4050000","Cindy Lewis","Owner","Fem","14932","C","Comfort Keepers","Cindy@comfortkeepers.com","1121 S Main St","Roswell","NM","88203","5056247777","5056249999","808201","Home Health Service","NULL","0","0"
"Comfort Keepers","5052327070","3500 Comanche Rd NE","Albuquerque","2808000","Sheryl Inglat","President","Fem","22009","C","Comfort Keepers","Inglat@comfortkeepers.com","3500 Comanche Rd NE","Albuquerque","NM","87107","5052327171","5052327070","808201","Home Health Service","NULL","0","0"
"Cox American Car Care","5053447855","3605 Osuna Rd NE","Albuquerque","3757000","Bob Cox","Owner","Mal","51288","C","Cox American Car Care","BobCox@coxacc.com","3605 Osuna Rd NE","Albuquerque","NM","87109","5053441319","5053447855","553123","Tire-Dealers-Retail","NULL","0","0"
"Crane Service Inc","5058845361","505 Murry Rd SE","Albuquerque","14025000","Richard Sigel","Manager","Mal","43791","C","Crane Service Inc","crane@craneserviceinc.com","505 Murry Rd SE","Albuquerque","NM","87105","5056340240","5058771100","735301","Crane Service","www.craneserviceinc.com","0","0"
"Crane Service","5056321100","2130 S Bloomfield Blvd","Bloomfield","1683000","Levi Killgore","Manager","Mal","26063","C","Crane Service","risa@craneserviceinc.com","2130 S Bloomfield Blvd","Bloomfield","NM","87413","5056340240","5056321100","735301","Crane Service","www.craneserviceinc.com","0","0"
"Critters & Me","5059825040","1403 Agua Fria St","Santa Fe","1256000","Laura Moore","Owner","Fem","34974","C","Critters & Me","emailsignup@crittersandme.com","1403 Agua Fria St","Santa Fe","NM","87505","5059825040","5059825040","599929","Pet Supplies & Foods-Retail","www.crittersandme.com","0","0"
"Critters & Me","5059825040","1403 Agua Fria St","Santa Fe","1256000","Laura Moore","Owner","Fem","51316","C","Critters & Me","Moore_Laura@crittersandme.com","1403 Agua Fria St","Santa Fe","NM","87505","NULL","5059825040","599929","Pet Supplies & Foods-Retail","NULL","0","0"
"Computer Sciences Corp","5058462335","2100 Airpark Rd SE","Albuquerque","1449000","","","","54586","C","Computer Sciences Corp","cbuchan3@csc.com","2201 Buena Vista Dr SE","Albuquerque","NM","87106","9733724361","5058437364","899904","Scientists-Consulting","www.csc.com","0","0"
"Computer Sciences Corp","5058437364","2201 Buena Vista Dr SE","Albuquerque","2010000","Dennis Dresbach","Executive Director","Mal","4949","C","Computer Sciences Corp","cginfo@csc.com","2201 Buena Vista Dr SE","Albuquerque","NM","87106","5058437364","5052432653","899904","Scientists-Consulting","www.csc.com","0","0"
"Culligan Water Conditioning","5052999581","7801 Menaul Blvd NE","Albuquerque","2300000","Jeffrey Vinyard","President","Mal","46856","C","Culligan Water Conditioning","Jeffrey@culligan.com","7801 Menaul Blvd NE","Albuquerque","NM","87110","5052999584","5052999581","762928","Water Softening Equipment Svc & Supls","NULL","0","0"
"Culligan Water Conditioning","5052878104","1051 Elkins Rd","Milan","1100000","Bill Dawson","Owner","Mal","26074","C","Culligan Water Conditioning","BillDawson@culligan.com","PO Box 2904","Milan","NM","87021","5052872208","5052878104","549903","Water Companies-Bottled, Bulk, Etc","Bulk","0","0"
"Blockbuster Video","5055213333","1440 Missouri Ave","Las Cruces","1425000","Lisa Sorenson","Manager","Fem","23652","B","Blockbuster Video","blockbuster@custhelp.com","2010 E Lohman Ave","Las Cruces","NM","88001","2513445111","5056470969","784102","Video Tapes & Discs-Renting & Leasing","www.blockbuster.com","0","1"
"Blockbuster Video","5053260678","2621 E 20th St","Farmington","1045000","Erma Lewis","Manager","Fem","53705","B","Blockbuster Video","blockbuster@custhelp.com","2621 E 20th St","Farmington","NM","87401","2513445111","5053260678","784102","Video Tapes & Discs-Renting & Leasing","www.blockbuster.com","0","1"
"Blockbuster Video","5058369554","111 Coors Blvd NW # E11","Albuquerque","1140000","Brian Truitt","Manager","Mal","19611","B","Blockbuster Video","blockbuster@custhelp.com","111 Coors Blvd NW # E11","Albuquerque","NM","87121","2513445111","5058369554","784102","Video Tapes & Discs-Renting & Leasing","www.blockbuster.com","0","1"
"Western Systems Design Inc","5059839300","1570 Pacheco St # C6","Santa Fe","4578000","Jerry Martin","Owner","Mal","4164","W","Western Systems Design Inc","ojopost@cybermesa.com","1570 Pacheco St # C6","Santa Fe","NM","87505","5059828928","5059839300","506304","Security Control Equip & Systems-Whol","www.westernsystemsdesign.com","0","0"
"Allstate Builders Inc","5057713230","3800 State Highway 528 NE","Rio Rancho","3696000","Bud Grady","Owner","Mal","43176","A","Allstate Builders Inc","asb@cybermesa.com","3800 State Highway 528 NE","Rio Rancho","NM","87144","5057713230","5057713230","154215","Buildings-Portable","www.allstateportablebuildings.com","0","0"
"Deans Inc","5057483400","409 Commerce Rd","Artesia","42728000","John M Deans","President","Mal","4401","D","Deans Inc","kbush@deansinc.com","409 Commerce Rd","Artesia","NM","88210","5057483742","5057483400","173101","Electric Contractors","www.deansinc.com","0","2"
"Deans Inc Communications","5057468800","2407 Industrial Ave","Artesia","12120000","Mike Deans","Owner","Mal","25401","D","Deans Inc Communications","Mike@deansinc.com","2407 Industrial Ave","Artesia","NM","88210","5057468855","5057468800","506504","Radio Communication Equip & Systems-Whol","NULL","0","0"
"Sierra Co Humane Society","5058941694","HC 31 Box 43","Williamsburg","2100000","Eliana Aubin","President","Fem","43594","S","Sierra Co Humane Society","E_Aubin@deserthaven.petfinder.com","HC 31 Box 43","Williamsburg","NM","87942","NULL","5058941694","075203","Animal Shelters","NULL","0","0"
"Directory Plus","5053266651","312 W LA Plata St","Farmington","1580000","Bruce Ellenbeck","Manager","Mal","55926","D","Directory Plus","bruce@directoryplus.com","312 W LA Plata St","Farmington","NM","87401","9702596500","5053266651","731103","Advertising-Directory & Guide","www.directoryplus.com","0","0"
"Directory Plus","5056475755","1595 W Amador Ave # E","Las Cruces","3135000","Hugh Riddle","President","Mal","13907","D","Directory Plus","Riddle@directoryplus.com","1595 W Amador Ave # E","Las Cruces","NM","88005","NULL","5056475755","274107","Publishers-Directory & Guide","NULL","0","0"
"Hacienda Home Ctr","5058692637","1255 Bosque Farms Blvd","Bosque Farms","2967000","Gary Sanchez","Owner","Mal","32288","H","Hacienda Home Ctr","Sanchez@doitbest.com","1255 Bosque Farms Blvd","Bosque Farms","NM","87068","5058692197","5058692637","525104","Hardware-Retail","NULL","0","0"
"Hacienda Home Ctr Inc","5053276383","900 E Main St","Farmington","3999000","Mike Ashley","Manager","Mal","38626","H","Hacienda Home Ctr Inc","charges@doitbest.com","900 E Main St","Farmington","NM","87401","2567640551","5053276383","525104","Hardware-Retail","www.doitbest.com","0","0"
"Dollar Tree","5058990030","10701 Coors Blvd NW # 21","Albuquerque","1836000","James Salyer","Manager","Mal","53881","D","Dollar Tree","Mike_Ivanich@dollartree.com","10701 Coors Blvd NW # 21","Albuquerque","NM","87114","5058990084","5058990030","531104","Retail Shops","NULL","0","0"
"Durham School Svc","5054459510","186 E Troy Ave","Raton","1547000","Bob Clevenger","Manager","Mal","55424","D","Durham School Svc","tmcbride@durhamschoolservices.com","186 E Troy Ave","Raton","NM","87740","5302732210","5054459510","414201","Buses-Charter & Rental","www.durhamschoolservices.com","0","0"
"Durham School Svc","5058347033","29 River View Rd","Jemez Pueblo","1365000","Donna Cordova","Manager","Fem","32780","D","Durham School Svc","dgleich@durhamschoolservices.com","29 River View Rd","Jemez Pueblo","NM","87024","5308879499","5058347033","414201","Buses-Charter & Rental","www.durhamschoolservices.com","0","0"
"Eagle Security","5055266009","300 S Walnut St","Las Cruces","7630000","Philip Van Veen","Owner","Mal","43664","E","Eagle Security","VanveenP@eaglesecurityva.com","345 N Water St","Las Cruces","NM","88001","5053738779","5053829213","506324","Burglar Alarm Systems (Wholesale)","NULL","0","0"
"Eagle Security","5054349388","3424 Mesa Verde Pl","Alamogordo","2289000","Jeffrey Alber","Owner","Mal","29679","E","Eagle Security","Alber_Jeffrey@eaglesecurityva.com","3424 Mesa Verde Pl","Alamogordo","NM","88310","NULL","5054349388","506324","Burglar Alarm Systems (Wholesale)","NULL","0","0"
"Albertsons","5058313121","6600 Central Ave SW","Albuquerque","29640000","Roger Moulton","Manager","Mal","35085","A","Albertsons","absfeedback@eds.com","6600 Central Ave SW","Albuquerque","NM","87121","6618362141","5058313121","541105","Grocers-Retail","www.albertsons.com","0","0"
"Albertsons","5058838706","4950 Montgomery Blvd NE","Albuquerque","29887000","Darrell Worley","Manager","Mal","49261","A","Albertsons","absfeedback@eds.com","4950 Montgomery Blvd NE","Albuquerque","NM","87109","6618362141","5058838706","541105","Grocers-Retail","www.albertsons.com","0","0"
"Albertsons","5055235538","1285 El Paseo Rd","Las Cruces","25935000","Doug Heavner","Manager","Mal","39226","A","Albertsons","absfeedback@eds.com","2501 N Main St","Las Cruces","NM","88001","6618362141","5055241980","541105","Grocers-Retail","www.albertsons.com","0","0"
"Albertsons","5057224457","1702 E Highway 66","Gallup","17290000","Basileo Padilla","Executive Director","Mal","44872","A","Albertsons","absfeedback@eds.com","1702 E Highway 66","Gallup","NM","87301","6618362141","5057224457","541105","Grocers-Retail","www.albertsons.com","0","0"
"Albertsons","5058973884","10131 Coors Blvd NW","Albuquerque","24700000","Mike Sanchez","Manager","Mal","53966","A","Albertsons","absfeedback@eds.com","10131 Coors Blvd NW","Albuquerque","NM","87114","6618362141","5058973884","541105","Grocers-Retail","www.albertsons.com","0","0"
"Sylvan Learning Ctr","5055999390","3030 E Main St","Farmington","2904000","Pruda Trujillo","Owner","Fem","48885","S","Sylvan Learning Ctr","Trujillo@educate.com","3030 E Main St","Farmington","NM","87402","5055999395","5055999390","829909","Tutoring","NULL","0","0"
"Sylvan Learning Ctr","5058993061","6261 Riverside Plaza Ln NW #A3","Albuquerque","1408000","Heidi Chavez","Executive Director","Fem","47149","S","Sylvan Learning Ctr","wendy.magus@educate.com","6261 Riverside Plaza Ln NW #A3","Albuquerque","NM","87120","2814913110","5058993061","829909","Tutoring","www.educate.com","0","0"
"Sylvan Learning Ctr","5054384838","720 Saint Michaels Dr # 2a","Santa Fe","1584000","Jim Harlan","Executive Director","Mal","21962","S","Sylvan Learning Ctr","wendy.magus@educate.com","720 Saint Michaels Dr # 2a","Santa Fe","NM","87505","2814913110","5054384838","829909","Tutoring","www.educate.com","0","0"
"Ellen Equipment Corp","5053422566","6613 Edith Blvd NE","Albuquerque","36675000","Frank Graham","Manager","Mal","12625","E","Ellen Equipment Corp","kwilliams@ellenequipment.com","6613 Edith Blvd NE","Albuquerque","NM","87113","5053422566","5053421602","508206","Contractors-Equip/Supls-Dlrs/Svc (Whol)","www.ellenequipment.com","0","0"
"EEC Rental Corp","5054713448","31 Paseo DE River St","Santa Fe","1464000","Tim Keevert","Manager","Mal","26333","E","EEC Rental Corp","kwilliams@ellenequipment.com","31 Paseo DE River St","Santa Fe","NM","87507","9155326954","5054713448","735949","Contractors-Equipment & Supls-Renting","www.ellenequipment.com","0","0"
"Pink Flamingos/Art Explosion","5052811149","143 Saddle Spur Trl","Tijeras","6600000","John De Wolf","CEO","Mal","54223","P","Pink Flamingos/Art Explosion","lisa@ent123.com","143 Saddle Spur Trl","Tijeras","NM","87059","5052817134","5052811149","792905","Entertainment Bureaus","www.ent123.com","0","0"
"Art Explosion","5052819600","143 Saddle Spur Trl","Tijeras","2200000","Lisa Dewolf","Manager","Fem","29114","A","Art Explosion","lisa@ent123.com","143 Saddle Spur Trl","Tijeras","NM","87059","5052817134","5052819600","792901","Orchestras & Bands","www.ent123.com","0","1"
"Ernest Thompson Doors & Cbnts","5053441994","4531 Osuna Rd NE","Albuquerque","5800000","Mike Godwin","Owner","Mal","30835","E","Ernest Thompson Doors & Cbnts","Mike@ernestthompson.com","4531 Osuna Rd NE","Albuquerque","NM","87109","5053441919","5053441994","251198","Wood-Household Furn-Ex Upholstered (Mfr)","NULL","0","0"
"Eubank Animal Clinic","5052960715","1601 Eubank Blvd NE","Albuquerque","1060000","Kerry L Korber","Owner","Mal","15208","E","Eubank Animal Clinic","franklin@eubankanimalclinic.com","1601 Eubank Blvd NE","Albuquerque","NM","87112","5052960715","5052910836","074201","Veterinarians","www.eubankanimalclinic.com","0","2"
"Car World","5052660777","8449 Lomas Blvd NE","Albuquerque","40260000","Bob Cockham","Owner","Mal","27989","C","Car World","Cockham@ezcarworld.com","8449 Lomas Blvd NE","Albuquerque","NM","87110","5052550540","5052660777","551103","Automobile Dealers-Used Cars","NULL","0","1"
"Car World","5058800777","5901 San Mateo Blvd NE","Albuquerque","8723000","Bob Cockham","Owner","Mal","13616","C","Car World","CockhamB@ezcarworld.com","5901 San Mateo Blvd NE","Albuquerque","NM","87109","5058800540","5058800777","551103","Automobile Dealers-Used Cars","NULL","0","1"
"Family Dollar Store","5053258389","660 W Main St","Farmington","1296000","","","","42803","F","Family Dollar Store","jgorman@familydollar.com","660 W Main St","Farmington","NM","87401","2053288377","5053258389","531104","Retail Shops","www.familydollar.com","0","0"
"Family Dollar Store","5056251083","1010 S Main St # 5","Roswell","1296000","Barry Morris","Manager","Mal","44202","F","Family Dollar Store","vwali@familydollar.com","1010 S Main St # 5","Roswell","NM","88203","2053288377","5056251083","531104","Retail Shops","www.familydollar.com","0","0"
"Mesa Vista Design","5058920293","220 Enterprise Rd NE","Rio Rancho","1145000","Jerry Jaksha","Owner","Mal","54627","M","Mesa Vista Design","Jaksha@featherboard.com","4800 Rockaway Blvd NE","Rio Rancho","NM","87124","NULL","5058920293","355304","Woodworking Equipment & Supplies-Mfrs","NULL","0","0"
"Fivestar Jewelry Mfr","5052669217","801 San Mateo Blvd NE","Albuquerque","2990000","Sonny Nguyen","Owner","Mal","31872","F","Fivestar Jewelry Mfr","fivestar@fivestarjewelry.com","801 San Mateo Blvd NE","Albuquerque","NM","87108","5052669217","5052669217","391101","Jewelry-Manufacturers","www.fivestarjewelry.com","0","0"
"Fivestar Jewelry Mfr","5052669217","801 San Mateo Blvd NE","Albuquerque","2990000","Sonny Nguyen","Owner","Mal","51121","F","Fivestar Jewelry Mfr","Nguyen@fivestarjewelry.com","801 San Mateo Blvd NE","Albuquerque","NM","87108","NULL","5052669217","391101","Jewelry-Manufacturers","NULL","0","0"
"Bode Aviation Maintenance","5058311301","7401 Paseo Del Volcan NW","Albuquerque","10770000","John Bode","President","Mal","44355","B","Bode Aviation Maintenance","bode@flybode.com","7401 Paseo Del Volcan NW","Albuquerque","NM","87121","5058844551","5058311301","559905","Aircraft-Dealers","www.flybode.com","0","0"
"Bode Aero Svc","5053520292","7401 Paseo Del Volcan NW","Albuquerque","5050000","Diane Bode","Owner","Fem","55382","B","Bode Aero Svc","avionics@flybode.com","7401 Paseo Del Volcan NW","Albuquerque","NM","87121","5058335112","5058335112","458106","Airports","www.flybode.com","0","0"
"French Mortuary Inc","5058436333","1111 University Blvd NE","Albuquerque","4760000","Chester Stewart","Owner","Mal","44310","F","French Mortuary; Inc","cheri.green@french-mortuary.com","1111 University Blvd; NE","ALBUQUERQUE","NM","87102","5058436333","5052473316","822101","Schools","FRENCHMORTUARY.COM","0","2"
"G & G Advertising","5058438113","423 Copper Ave NW","Albuquerque","2926000","Michael Gray","Owner","Mal","36936","G","G & G Advertising","M.Gray@ggadv.com","423 Copper Ave NW","Albuquerque","NM","87102","5058437774","5058438113","731101","Advertising-Agencies & Counselors","NULL","0","0"
"Life Quest","5055385201","907 N Pope St","Silver City","6720000","Evangeline Zamora","CEO","Fem","54758","L","Life Quest","swshsc@gilanet.com","907 N. Pope Street","Silver City","NM","88061","NULL","505-388-1979","806301","Mental Health Services","NULL","0","0"
"Zomeworks Corp","5052425354","1011 Sawmill Rd NW # A","Albuquerque","2680000","Steve Baer","Owner","Mal","45907","Z","Zomeworks Corp","hegg@gilanet.com","1011 Sawmill Rd NW # A","Albuquerque","NM","87104","5052435187","5052425354","343305","Solar Energy Equipment-Manufacturers","www.zomeworks.com","0","0"
"G & G Advertising","5058438113","423 Copper Ave NW","Albuquerque","2926000","Michael Gray","Owner","Mal","22943","G","G&G Advertising","jgray@gng.net","423 Copper NW","ALBUQUERQUE","NM","87102","5058438113","5058437774","731999","Advertising Nec","INDIANKIDS.NET","0","0"
"Lovington Good Samaritan Ctr","5053965212","1600 W Avenue I","Lovington","5040000","Richard Osbourne","Administrator","Mal","48308","L","Lovington Good Samaritan Ctr","moreinfo@good-sam.com","1600 W Avenue I","Lovington","NM","88260","6514394502","5053965212","805101","Nursing & Convalescent Homes","www.good-sam.com","0","0"
"University Terrace Good Smrtn","5055221362","3025 Terrace Dr","Las Cruces","2880000","Dan Hames","Executive Director","Mal","36061","U","University Terrace Good Smrtn","jhusher@good-sam.com","3025 Terrace Dr","Las Cruces","NM","88011","9566829831","5055221362","805101","Nursing & Convalescent Homes","www.good-sam.com","0","0"
"Clark Truck Equipment Co","5058808222","501 Industrial Ave NE","Albuquerque","8165000","Charles Clark","Owner","Mal","55716","C","Clark Truck Equipment Co.; Inc","clarktruckequip@honesty1st.com","501 Industrial Avenue NE","ALBUQUERQUE","NM","87107","5058808222","null","421304","Trucking","CTE-NM.COM","0","0"
"A C Houston Lumber Co","5053279891","400 S Miller Ave","Farmington","7740000","Tim Worcester","Manager","Mal","55451","A","A C Houston Lumber Co","sbyrum@houstonlumber.com","400 S Miller Ave","Farmington","NM","87401","5053279580","5053279891","521142","Lumber-Retail","www.achoustonlumber.com","0","0"
"Heads Up Landscape Contractors","5058989615","7525 2nd St NW","Albuquerque","12600000","Gary Mallory","Owner","Mal","55273","H","Heads Up Landscape Contractors","jdelarosa@hulc.com","7525 2nd St NW","Albuquerque","NM","87107","5058982105","5058989615","078204","Landscape Contractors","www.headsuplandscape.com","0","1"
"IMA Internet Media Architect","5052987435","1208 Nakomis Dr NE # C","Albuquerque","37500000","John Savickas","President","Mal","51183","I","IMA Internet Media Architect","John.Savickas@imafirst.com","1208 Nakomis Dr NE # C","Albuquerque","NM","87112","NULL","5052987435","274119","Multimedia (Manufacturers)","NULL","0","0"
"Las Cruces Moving & Storage","5053829040","4071 Bataan Memorial W","Las Cruces","1900000","James M Doss","President","Mal","25532","L","Las Cruces Moving & Storage","lcmoving@integracom.net","PO Box 1717","ALBUQUERQUE","NM","88012","null","5053821267","421401","Movers","null","0","0"
"Las Cruces Moving & Storage","5053829040","4071 Bataan Memorial W","Las Cruces","1900000","James M Doss","President","Mal","24109","L","Las Cruces Moving & Storage","lcmoving@integracom.net","5601 N Main Street","Las Cruces","NM","88012","5053829040","5053821267","4214","Moving & storage companies","null","0","0"
"Systems Technology Inc","5052868018","55 Berta Dr","Edgewood","7018000","Arlin Pennington","Owner","Mal","38581","S","Systems Technology Inc","arlin@ix.netcom.com","55 Berta Dr","Edgewood","NM","87015","5052861167","5052868018","573107","Satellite Equipment & Systems-Retail","www.enchanted-log-homes.com","0","0"
"Blue Review Inc","5052554646","7800 Marble Ave NE # 6","Albuquerque","2190000","Todd I Blue","Owner","Mal","20414","B","Blue Review Inc","tblue@ix.netcom.com","7800 Marble Ave NE # 6","Albuquerque","NM","87110","5052659133","5052554646","653122","Real Estate Inspection","www.thebluereview.net","0","0"
"KASA","5052462222","1377 University Blvd NE","Albuquerque","12956000","Erick Steffens","President","Mal","10504","K","KASA (Fox-2)","esteffens@kasa.com","1377 University Blvd NE","Albuquerque","NM","87102","5052462222","5057667765","822101","Schools","www.kasa.com","0","2"
"KASA","5052462222","1377 University Blvd NE","Albuquerque","12956000","Erick Steffens","President","Mal","54736","K","KASA","signal@kasa.com","1377 University Blvd NE","Albuquerque","NM","87102","5057667765","5052462222","483301","Television Stations & Broadcasting CO","www.kasa.com","0","0"
"KCHF-TV","5053451991","27556 E Frontage","Santa Fe","4740000","Belarmino Gonzales","Owner","Mal","53837","K","KCHF-TV","salomon@kchf.com","27556 E Frontage","Santa Fe","NM","87508","5053455669","5053451991","483301","Television Stations & Broadcasting CO","www.kchf.com","0","0"
"KCHF","5053451991","5010 4th St NW","Albuquerque","3792000","Belarmino Gonzales","Owner","Mal","50232","K","KCHF","sparks@kchf.com","5010 4th St NW","Albuquerque","NM","87107","5053455669","5053451991","483301","Television Stations & Broadcasting CO","www.kchf.com","0","0"
"KCHF","5054731111","27556 I 25 East Frontage Rd","Santa Fe","4740000","Blackie Gonzales","Owner","Mal","43397","K","KCHF","kneal@kchf.com","27556 I 25 East Frontage Rd","Santa Fe","NM","87508","5054744998","5054731111","483301","Television Stations & Broadcasting CO","www.kchf.com","0","0"
"Albuquerque Cabinet Inc","5053454331","4800 Hawkins St NE","Albuquerque","2706000","Scott Tregembo","Owner","Mal","38923","A","Albuquerque Cabinet Inc","kevin@kcicyber.com","4800 Hawkins St NE","Albuquerque","NM","87109","5053443360","5053454331","243401","Cabinets-Manufacturers","www.acie.com","0","0"
"KEVA Juice","5058301318","5010 Cutler Ave NE # C","Albuquerque","2067000","Scott Blake","President","Mal","5947","K","KEVA Juice","Scott-Blake@kevajuice.com","5010 Cutler Ave NE # C","Albuquerque","NM","87110","5058301471","5058301318","543104","Juices-Retail","NULL","0","0"
"KEVA Juice","5055224133","1001 E University Ave","Las Cruces","2220000","Judy Williams","Owner","Fem","32389","K","KEVA Juice","Judy@kevajuice.com","1001 E University Ave","Las Cruces","NM","88001","5055224533","5055224133","543104","Juices-Retail","NULL","0","0"
"KEVA Juice","5057974200","8050 Academy Rd NE # 104","Albuquerque","2385000","Scott Blake","President","Mal","25507","K","KEVA Juice","Scott_Blake@kevajuice.com","8050 Academy Rd NE # 104","Albuquerque","NM","87111","5057974600","5057974200","543104","Juices-Retail","NULL","0","0"
"KEVA Juice","5058972177","6241 Riverside Plaza Ln NW","Albuquerque","1590000","Nathan Fernandez","Owner","Mal","12257","K","KEVA Juice","Nathan.Fernandez@kevajuice.com","6241 Riverside Plaza Ln NW","Albuquerque","NM","87120","NULL","5058972177","543104","Juices-Retail","NULL","0","0"
"Action 7 News","5058847777","3801 Carlisle Blvd NE","Albuquerque","60450000","Mary Lynn Roper","Manager","Fem","49666","A","Action 7 News","weather7@koat.com","3801 Carlisle Blvd NE","Albuquerque","NM","87107","5058846282","5058847777","483301","Television Stations & Broadcasting CO","www.thenewmexicochannel.com","0","0"
"KOB TV","5052434411","4 Broadcast Plz SW","Albuquerque","50560000","Michael Burgess","Manager","Mal","52142","K","KOB TV","raubrey@kobtv.com","4 Broadcast Plz SW","Albuquerque","NM","87104","5057642522","5052434411","483301","Television Stations & Broadcasting CO","www.kobtv.com","0","0"
"LA Fonda Hotel","5059825511","100 E San Francisco St","Santa Fe","5400000","Sam Ballen","Owner","Mal","51760","L","LA Fonda Hotel","lbertelli@lafondasantafe.com","100 E San Francisco St","Santa Fe","NM","87501","5059826367","5059825511","581303","Cocktail Lounges","www.lafondasantafe.com","0","0"
"Laguna Industries Inc","5055526041","1 Industrial Pkwy","Laguna","11700000","John Ahmie","CEO","Mal","28693","L","Laguna Industries Inc","donborder@laguna-industries.com","PO Box 1001","Laguna","NM","87026","5055527642","5055526041","399906","Assembly & Fabricating Service","NULL","0","0"
"Los Alamos Technical Assoc","5056629080","999 Central Ave # 300","Los Alamos","34200000","L P Rienig","CEO","Mal","16398","L","Los Alamos Technical Assoc","RL@lata.com","999 Central Ave # 300","Los Alamos","NM","87544","5056621757","5056621809","871111","Engineers-Consulting","NULL","0","0"
"ITQLATA","5058803400","2400 Louisiana Blvd NE # 1-400","Albuquerque","6030000","R Kingsbury","President","Mal","50451","I","ITQLATA","R@lata.com","2400 Louisiana Blvd NE # 1-400","Albuquerque","NM","87110","5058803560","5058803400","899904","Scientists-Consulting","NULL","0","0"
"Carlsbad Mental Health Assoc","5058854836","914 N Canal St","Carlsbad","9840000","Noel Clark","CEO","Mal","48890","C","Carlsbad Mental Health Assoc","dawnh@leaco.net","914 N Canal St","Carlsbad","NM","88220","5058879579","5058854836","832215","Marriage & Family Counselors","www.carlsbadmh.org","0","1"
"Bright Ad Signs","5053921511","300 S Turner St","Hobbs","1384000","Carl Baxley","Owner","Mal","13980","B","Bright Ad Signs","Baxley_Carl@leaco.net","300 S Turner St","Hobbs","NM","88240","5053971677","5053921511","399302","Signs (Manufacturers)","NULL","0","0"
"Mac Laskey Oil Field Svc","5053931016","5900 W Carlsbad Hwy","Hobbs","3575000","Kelly Maclaskey","Owner","Mal","37068","M","Mac Laskey Oil Field Svc","pearl@leaco.net","5900 W Carlsbad Hwy","Hobbs","NM","88240","5053931455","5053931016","138905","Oil Field Service","www.maclaskey.com","0","0"
"Mac Laskey Oil Field Svc","5053931016","5900 W Carlsbad Hwy","Hobbs","3575000","Kelly Maclaskey","Owner","Mal","4698","M","Maclaskey Oilfield Services;  Inc","maclaskey@leaco.net","P.O. BOX 580","HOBBS","NM","88240","5053931016","null","8999","Services NEC","MACLASKEY.COM","0","0"
"B & G Transportation Inc","5053928514","6401 N Lovington Hwy","Hobbs","3750000","Mike Whitehead","Owner","Mal","32002","B","B & G Transportation Inc","bg_transportation@leaco.net","6401 N Lovington Hwy","Hobbs","NM","88240","5053928550","5053928514","414201","Buses-Charter & Rental","www.bgtrans.biz","0","0"
"Apache Sales Inc","5053930464","800 W Broadway St","Hobbs","6528000","Leslie Gassaway","Owner","Mal","12967","A","Apache Sales","apache@leaconet.com","800 W Broadway Street","Hobbs","NM","88240","5053930464","5053977789","5311","Retail shops","apachesales.com","0","0"
"Westcraft Metal Art Inc","5053985295","504 W Broadway St","Tatum","1440000","Tex Welch","Owner","Mal","50809","W","Westcraft Metal Art Inc","westcraft@leaconet.com","504 W Broadway St","Tatum","NM","88267","5053985296","5053985295","503913","Art Metal Work (Wholesale)","www.westcraft.com","0","0"
"Galles & Davis Cadillac","5058375200","6401 San Mateo Blvd NE # A","Albuquerque","42800000","Lawton Davis","Owner","Mal","27","G","Galles & Davis Cadillac","Davis@leegalles.com","6401 San Mateo Blvd NE # A","Albuquerque","NM","87109","5058892950","5058375200","551103","Automobile Dealers-Used Cars","NULL","0","1"
"Love's Country Store","5054614990","1900 Mountain Rd","Tucumcari","4004000","Jamie Shaw","Manager","Fem","55775","L","Love's Country Store","wwwcomments@loves.com","1900 Mountain Rd","Tucumcari","NM","88401","5054614987","5054614990","541105","Grocers","www.loves.com","0","0"
"Love's Travel Stop","5052872981","Ih 40 & Horizon Blvd","Milan","4732000","Princeton Brown","Manager","Mal","51691","L","Love's Travel Stop","ricks@loves.com","Ih 40 & Horizon Blvd","Milan","NM","87021","5052872982","5052872981","541105","Grocers","www.loves.com","0","0"
"Lowe's","5055220794","1410 Missouri Ave","Las Cruces","12350000","Benny Rivera","Manager","Mal","43830","L","Lowe's","manager@lowes.com","1410 Missouri Ave","Las Cruces","NM","88001","5055224243","5055220794","541105","Grocers","www.lowes.com","0","0"
"Lowe's","5057636660","116 W 14th St","Clovis","9880000","Lee Patterson","Manager","Mal","35751","L","Lowe's","LeePatterson@lowes.com","116 W 14th St","Clovis","NM","88101","5057634947","5057636660","541105","Grocers","NULL","0","0"
"Lumber Inc","5058232700","7801 Tiburon St NE","Albuquerque","43860000","Richard Wickens","Owner","Mal","45936","L","Lumber Inc","marys@lumberinc.com","7801 Tiburon St NE","Albuquerque","NM","87109","5058231566","5058232700","521142","Lumber-Retail","www.lumberinc.com","0","0"
"Lumber Inc Door & Trim","5058316700","6700 Bluewater Rd NW","Albuquerque","12900000","Geoff Bokan","Manager","Mal","53063","L","Lumber Inc Door & Trim","marys@lumberinc.com","6700 Bluewater Rd NW","Albuquerque","NM","87121","5058231566","5058316700","521102","Door & Gate Operating Devices","www.lumberinc.com","0","0"
"Medicap Pharmacy","5054668008","7 Avenida Vista Grande # B8","Santa Fe","1098000","David Nunez","Owner","Mal","30822","M","Medicap Pharmacy","NDavid@medicaprx.com","7 Avenida Vista Grande # B8","Santa Fe","NM","87508","5054668115","5054668008","591205","Pharmacies","NULL","0","2"
"Medicap Pharmacy","5054716177","2801 Rodeo Rd # A1","Santa Fe","1281000","Dale Whittleton","Owner","Mal","33627","M","Medicap Pharmacy","DaleW@medicaprx.com","2801 Rodeo Rd # A1","Santa Fe","NM","87507","NULL","5054716177","591205","Pharmacies","NULL","0","2"
"Mesa Equipment & Supply Co","5053450284","7100 2nd St NW # A","Albuquerque","19040000","Rick Moya","Owner","Mal","34760","M","Mesa Equipment & Supply Co","paulh@mesaequipment.com","7100 2nd St NW # A","Albuquerque","NM","87107","5053459227","5053450284","508402","Compressors-Air & Gas (Wholesale)","www.mesaequipment.com","0","0"
"Mesa Verde Enterprises Inc","5054372995","396 LA Luz Gate Rd","Alamogordo","25026000","Jeff Rabon","Owner","Mal","3248","M","Mesa Verde Enterprises Inc","mesaverde@mesaverdeinc.com","396 LA Luz Gate Rd","Alamogordo","NM","88310","5054378358","5054372995","521128","Concrete-Ready Mixed","www.mesaverdeinc.com","0","0"
"M Waldrop Furniture","5053788585","2167 W Highway 70","Ruidoso Downs","3060000","Melissa Tafoya","President","Fem","44426","M","M Waldrop Furniture","Melissa_Tafoya@mwaldrop.com","2167 W Highway 70","Ruidoso Downs","NM","88346","5053781344","5053788585","571216","Furniture-Dealers-Retail","NULL","0","0"
"M Waldrop Furniture","5056235412","2001 S Main St","Roswell","2754000","Rick Tafoya","Owner","Mal","47336","M","M Waldrop Furniture","Rick-Tafoya@mwaldrop.com","2001 S Main St","Roswell","NM","88203","5056235472","5056235412","571216","Furniture-Dealers-Retail","NULL","0","0"
"Deming Livestock Inc","5055468851","265 Tapia Rd SE","Deming","48160000","Ronnie Tindell","Owner","Mal","54153","D","Deming Livestock Market","dlmiusa@netscape.net","P O Box 1178","DEMING","NM","88030","5055468851","5055464611","5999","Marketing NEC","DEMINGLIVESTOCK.COM","0","0"
"Cave Enterprises","5053253401","7101 Old Aztec Hwy","Farmington","7410000","Jimmy Cave","President","Mal","23673","C","Cave Enterprises","EvelynCV@netscape.net","7101 Old Aztec Hwy","Farmington","NM","87402","NULL","5053253401","508428","Oil Field Equipment (Wholesale)","NULL","0","0"
"Net//Works","5059989000","2400 Louisiana Blvd NE # 250","Albuquerque","5508000","Jackie Fewell","Owner","Fem","31034","n","networks","jfewell@networksinc.com","2400 lousiana ne","ALBUQUERQUE","NM","87110","5059989000","null","509210","Arts & Crafts","JORDANFEWELL.COM;SCOTTYCREATIONS.COM","0","0"
"Red River Ski Area","5057542223","400 Pioneer Rd","Red River","26250000","Drew Judycki","President","Mal","55712","R","Red River Ski Area","haydon3@newmex.com","400 Pioneer Rd","Red River","NM","87558","5057546184","5057542223","701110","Skiing Centers & Resorts","www.redriverskiarea.com","0","1"
"Los Rios River Runners","5057768854","40003 S Highway 68","Ranchos De Taos","8964000","Francisco Guevara","President","Mal","46161","L","Los Rios River Runners","whitewater@newmex.com","40003 S Highway 68","Ranchos De Taos","NM","87557","5057370839","5057768854","555111","Rafts-Dealers","www.losriosriverrunners.com","0","0"
"Moby Dickens Bookshop","5057583050","124 Bent St # A6","Taos","1064000","Art Bachrach","Owner","Mal","46738","M","MOBY Dickens Bookshop","mobyop@newmex.com","124 Bent Street #A","Taos","NM","87571","5057583050","5057589391","841210","Art","mobydickens.com","0","0"
"Sierra Del Sol Condominium","5057762981","13 Thunderbird Rd","Taos Ski Valley","3762000","Barb Wiard","Manager","Fem","13121","S","Sierra Del Sol Condominium","mailtosol@newmex.com","13 Thunderbird Rd","Taos Ski Valley","NM","87525","5057762347","5057762981","651301","Condominiums","www.sierrataos.com","0","0"
"Kandahar Ski-In Ski-Out Condos","5057762226","35 Firehouse Rd","Taos Ski Valley","2970000","Shannon Barksdale","Manager","Fem","49554","K","Kandahar Ski-In Ski-Out Condos","kandahar@newmex.com","35 Firehouse Rd","Taos Ski Valley","NM","87525","5057762481","5057762226","651301","Condominiums","www.kandahar-taos.com","0","0"
"Animal Clinic Of Los Alamos","5056626622","127 Eastgate Dr # B","Los Alamos","2650000","Dan W Dessauer","Owner","Mal","49159","A","Animal Clinic of Los Alamos PC","aclapets@newmexico.com","127 Eastgate Drive #B","Los Alamos","NM","87544","5056626622","5056623552","074201","Animal services","aclapets.com","0","2"
"Charlotte Jackson Fine Art","5059898688","200 W Marcy St # 101","Santa Fe","1172000","Charlotte Jackson","Owner","Fem","43452","W","Wyeth Hurd Gallery","wyethhurd@newmexico.com","301 East Palace","SANTA FE","NM","87501","5059898688","null","738999","Business Services Nec","WYETHHURD.COM^^WYETHHURD.NET^^WYETHHURD.ORG","0","0"
"Animal Clinic Of Los Alamos","5056626622","127 Eastgate Dr # B","Los Alamos","2650000","Dan W Dessauer","Owner","Mal","25739","A","Animal Clinic Of Los Alamos","aclapets@newmexico.com","127 Eastgate Dr # B","Los Alamos","NM","87544","5056623552","5056626622","074201","Veterinarians","www.aclapets.com","0","2"
"John Wagner Recording Studios","5052962766","12000 Candelaria Rd NE # E","Albuquerque","1256000","John Wagner","Owner","Mal","33243","j","john wagner recording studios; inc.","john@newmexicosound.com","12000 candelaria n.e. suite e","ALBUQUERQUE","NM","87112","5052962766","null","7359","Audio-Visual equipment","ALLABOUTOURMUSIC.COM^^ALLABOUTOURMUSIC.NET^^ALLABOUTOURMUSIC.ORG","0","0"
"John Wagner Recording Studios","5052962766","12000 Candelaria Rd NE # E","Albuquerque","1256000","John Wagner","Owner","Mal","35910","J","John Wagner Recording Studios","JohnW@newmexicosound.com","12000 Candelaria Rd NE # E","Albuquerque","NM","87112","NULL","5052962766","781203","Audio-Visual Production Service","NULL","0","0"
"Ernest Thompson Furniture","5053441994","4531 Osuna Rd NE","Albuquerque","15300000","Mike Godwin","Owner","Mal","43450","E","Ernest Thompson Furniture","ethompson@nmcg.net","6109 Casa de Vida NE","ALBUQUERQUE","NM","87109","5053441994","null","571216","Furniture","ERNESTTHOMPSON.COM","0","0"
"Ernest Thompson Doors & Cbnts","5053441994","4531 Osuna Rd NE","Albuquerque","5800000","Mike Godwin","Owner","Mal","43450","E","Ernest Thompson Furniture","ethompson@nmcg.net","6109 Casa de Vida NE","ALBUQUERQUE","NM","87109","5053441994","null","571216","Furniture","ERNESTTHOMPSON.COM","0","0"
"Albuquerque Legal","5057669500","500 Copper Ave NW # 222","Albuquerque","1734000","John Perry","Manager","Mal","4794","J","Jim Lundschen","jiml@nmcg.net","500 Copper NW Suite 320","ALBUQUERQUE","NM","87102","5057669500","null","1099","Metal ores","ALBLEGAL.COM","0","0"
"Adelante Mailing Svc","5054494029","1816 Carlisle Blvd NE","Albuquerque","10500000","","","","11838","A","Adelante Mailing Svc","tracy@nmia.com","1816 Carlisle Blvd NE","Albuquerque","NM","87110","5052655562","5054494029","733101","Mailing & Shipping Services","www.goadelante.org","0","0"
"Performance Tool & Equipment","5053455038","2701 4th St NW","Albuquerque","6734000","Ben Padilla","Owner","Mal","28626","P","Performance Tool X_ORGANIZATION Equip","pteinc@nmia.com","3300 4th Street NW","ALBUQUERQUE","NM","87107","5053455038","null","5251","Tools","PERFTOOL.COM","0","0"
"Community Cable Channel 27","5052430027","415 Tijeras Ave NW","Albuquerque","2528000","Steve Ranieri","Executive Director","Mal","40972","C","Community Cable Channel 27","ccc27@nmia.com","415 Tijeras Ave NW","Albuquerque","NM","87102","5053461635","5052430027","483301","Television Stations & Broadcasting CO","www.quote-unquote.org","0","0"
"Mesa Vista Design","5058920293","220 Enterprise Rd NE","Rio Rancho","1145000","Jerry Jaksha","Owner","Mal","31244","M","Mesa Vista Design","jerryj@nmia.com","804 Tulip Road","RIO RANCHO","NM","87124","5058920293","null","8999","Services NEC","GRIP-TITE.COM","0","0"
"Weems Artfest","5052936133","2801 Eubank Blvd NE # M","Albuquerque","3516000","Mary Ann Weems","Owner","Fem","51388","W","Weems Galleries & Framing;","weems@nmia.com","2801-M Eubank NE","ALBUQUERQUE","NM","87112","5052936133","null","5999","Galleries-arts & crafts","WEEMSGALLERY.COM","0","0"
"Lightning Motorcycles","5053230496","305 Conchas St SE","Albuquerque","1324000","","","","27162","L","Lightning Motorcycles","trykes@nmia.com","305 Conchas St SE","Albuquerque","NM","87123","5053230496","5053230496","557106","Motorcycles & Motor Scooters-Dealers","www.lightningmotorcycles.com","0","0"
"WATERBANK.COM","5058437643","610 Gold Ave SW # 111","Albuquerque","1065000","William M Turner","Owner","Mal","49440","W","WATERBANK.COM","senatorbill@nmia.com","610 Gold Ave SW # 111","Albuquerque","NM","87102","5058437643","5058437643","871311","Water Rights","www.waterbank.com","0","0"
"Richard Dobbs & Assoc","5058983344","9445 Coors Blvd NW","Albuquerque","1575000","Richard Dobbs","Owner","Mal","28713","B","Banner Sales Company","dobbs@nmia.com","135 El Pueblo NW","ALBUQUERQUE","NM","87114","5058983344","null","5311","Retail shops","BANNER-SALES.COM","0","0"
"Rocky Mountain Stone","5053458518","4741 Pan American West Fwy NE","Albuquerque","3960000","Scott Lardner","Owner","Mal","41037","R","Rocky Mountain Stone Co","rms@nmia.com","4741 Pan American Freeway NE","ALBUQUERQUE","NM","87109","5053458518","null","174108","Stone Contractors","RMSTONE.COM","0","0"
"Sandia Market Research","5058835512","2201 San Pedro Dr NE # 1 # 230","Albuquerque","1236000","Laurie Meyerer","Manager","Fem","52747","S","Sandia Market Research","fran@nmia.com","2201 San Pedro Dr NE # 1 # 230","Albuquerque","NM","87110","5058834776","5058835512","873204","Market Research & Analysis","www.sandiamarketresearch.com","0","0"
"Sport Systems Ski & Bike","5052969111","1605 Juan Tabo Blvd NE # Z","Albuquerque","2516000","Dwayne Kinsley","Owner","Mal","40607","s","sportsystems","duane@nmia.com","1605","ALBUQUERQUE","NM","87112","5052969111","null","8999","Services NEC","NMSPORTSYSTEMS.COM","0","0"
"Gerald Madrid Bail Bonds","5052430249","507 5th St NW","Albuquerque","2751000","","","","54166","M","Madrid Towing & Recovery Service","gmadrid@nmia.com","507 5th Street NW","ALBUQUERQUE","NM","87102","5052430249","NULL","754901","Wrecker Service","MADRIDREPO.COM","0","0"
"Cox American Car Care","5053447855","3605 Osuna Rd NE","Albuquerque","3757000","Bob Cox","Owner","Mal","39299","C","Cox American Car Care; Inc.","coxacc@nmia.com","3605 Osuna NE","ALBUQUERQUE","NM","87109","5053447855","null","7549","Automotive services","swgeneraltire.com","0","0"
"John Shomaker & Assoc Inc","5053453407","2703 Broadbent Pkwy NE # B","Albuquerque","1456000","Roger Peery","CEO","Mal","16820","J","John Shomaker and Associates;  Inc.","jsai@nmia.com","2703-D Broadbent Pkwy NE","ALBUQUERQUE","NM","87107","5053453407","null","8999","Services NEC","shomaker.com","0","0"
"Navajo Tribal Utility Auth","5053684634","Highway 64 W","Shiprock","46200000","Eugene John","Manager","Mal","35090","N","Navajo Tribal Utility Auth","mtsosie@ntua.com","Highway 64 W","Shiprock","NM","87420","9287296293","5053684634","491101","Electric Companies","www.ntua.com","0","0"
"Navajo Tribal Utility","5057865566","Navajo Rt 9","Crownpoint","3408000","Philemon Allison","Manager","Mal","38542","N","Navajo Tribal Utility","mtsosie@ntua.com","Navajo Rt 9","Crownpoint","NM","87313","9287296293","5057865566","494102","Water & Sewage Companies-Utility","www.ntua.com","0","0"
"Einstein Bros","5058580908","8060 Academy Rd NE","Albuquerque","1400000","Kevin Jakel","Manager","Mal","45094","E","Einstein Bros","plarson@nwrgi.com","8060 Academy Rd NE","Albuquerque","NM","87111","9722333403","5058580908","546101","Bagels","www.einsteinbros.com","0","0"
"Einstein Bros","5058894020","5010 Cutler Ave NE # B","Albuquerque","1120000","Daniel Espinosa","Manager","Mal","46341","E","Einstein Bros","plarson@nwrgi.com","5010 Cutler Ave NE # B","Albuquerque","NM","87110","9722333403","5058894020","546101","Bagels","www.einsteinbros.com","0","0"
"Otero County Electric Co-Op","5056822521","202 Burro Ave","Cloudcroft","11800000","Jamie Shepperd","Manager","Fem","43541","O","Otero County Electric Co-Op","webman@ote-coop.com","202 Burro Ave","Cloudcroft","NM","88317","5056823109","5056822521","491101","Electric Companies","www.ocec-inc.com","0","0"
"Otero County Electric Co-Op","5056822521","202 Burro Ave","Cloudcroft","11800000","Jamie Shepperd","Manager","Fem","40922","O","Otero County Electric Co-Op","eddiel@ote-coop.com","202 Burro Ave","Cloudcroft","NM","88317","5056822521","5056823109","491101","Electric Companies","www.ocec-inc.com","0","0"
"Performance Tool & Equipment","5053455038","2701 4th St NW","Albuquerque","6734000","Ben Padilla","Owner","Mal","33650","P","Performance Tool & Equipment","Padilla.Ben@perftool.com","2701 4th St NW","Albuquerque","NM","87107","5053455124","5053455038","507213","Tools (Wholesale)","NULL","0","0"
"Pinon Window & Door Co","5058979985","314 El Pueblo Rd NW","Albuquerque","1806000","Mike Maccini","Owner","Mal","43687","P","Pinon Window & Door Co","aroberts@pinonwindow.com","314 El Pueblo Rd NW","Albuquerque","NM","87114","5058972790","5058979985","521107","Windows","www.pinonwindow.com","0","0"
"Bell Ranch","5058682207","HC 67 Box 21","Newkirk","1746000","Buert Ancell","Manager","Mal","45264","B","Bell Ranch","bellranch@plateautel.net","HC 67 Box 21","Newkirk","NM","88431","5058684504","5058682207","029101","Ranches","www.thebellranch.com","0","0"
"Christopher Thomson Ironworks","5054212645","5851 Interstate 25 Frontage Rd","Rowe","1200000","Christopher Thomson","Owner","Mal","44385","C","Christopher Thomson Ironworks","cristo@plateautel.net","5851 Interstate 25 Frontage Rd","Rowe","NM","87562","5054212618","5054212645","571217","Furniture-Designers & Custom Builders","www.ctiron.com","0","0"
"Print Shop","5053938188","200 W Taylor St","Hobbs","1573000","John E Barnett","Owner","Mal","43984","P","Print Shop","Barnett@printshop.com","200 W Taylor St","Hobbs","NM","88240","5053934526","5053938188","275998","Commercial Printing Nec","NULL","0","0"
"Peak Behavioral Health Svc Inc","5055416558","804 Spruce Ave","Las Cruces","1215000","Corina Varges","Executive Director","Fem","11953","P","Peak Behavioral Health Svc Inc","ssl@psisolutions.com","804 Spruce Ave","Las Cruces","NM","88001","5055416558","5055416564","806301","Mental Health Services","www.psisolutions.com","0","0"
"Ambercare Home Health","5058610060","420 N Main St","Belen","27000000","Mary Merell","President","Fem","56213","A","Ambercare Home Health","ambercaredme@qwest.net","420 N Main St","Belen","NM","87002","5058610045","5058610060","808201","Home Health Service","www.ambercare.com","0","0"
"Kaune Food Town","5059822629","511 Old Santa Fe Trl","Santa Fe","5460000","Jim Downey","President","Mal","47586","K","Kaune Food Town","kaunefoodtown1@qwest.net","511 Old Santa Fe Trl","Santa Fe","NM","87505","5059834999","5059822629","541105","Grocers-Retail","www.kaunefoodtown.com","0","0"
"AAV Inc","5053413900","2809 Broadbent Pkwy NE # B","Albuquerque","1392000","David Helgesen","Owner","Mal","17819","A","Alliance Audio Visual","allianceav@qwest.net","2809-B Pan American Freeway","ALBUQUERQUE","NM","87107","5053413900","null","7359","Audio-Visual equipment","allianceav.com","0","0"
"Best Buy Drugs United Drugs","5052994496","1445 Wyoming Blvd NE","Albuquerque","2196000","Dale Mc Cleskey","Owner","Mal","15805","B","Best Buy Drugs United Drugs","bbdrugs@qwest.net","1445 Wyoming Blvd NE","Albuquerque","NM","87112","5052997713","5052994496","591205","Pharmacies","www.bestbuydrugsrx.com","0","2"
"Plaza Hardwood Inc","5059923260","219 W Manhattan Ave","Santa Fe","1180000","Paul Fuge","Owner","Mal","23324","P","Plaza Hardwood","sylvania@qwest.net","219 West Manhattan Avenue","SANTA FE","NM","87501","5059923260","null","521137","HARDWOOD FLOORS","GOODMIND.COM;PLZFLOOR.COM","0","0"
"Rader Awning & Upholstering","5058562000","4100 Paseo Del Norte NE","Albuquerque","3350000","Daniel Mowery","President","Mal","53603","R","Rader Awning & Upholstering","julie@raderawning.com","4100 Paseo Del Norte NE","Albuquerque","NM","87113","5058562002","5058562000","599961","Awnings & Canopies","www.raderawning.com","0","0"
"Radio Shack","5052812633","1945 Hwy 333","Edgewood","1210000","John Bocock","Owner","Mal","33559","R","Radio Shack","JBocock@radioshack.com","PO Box 310","Edgewood","NM","87015","NULL","5052812633","573117","Electronic Equipment & Supplies-Retail","NULL","0","0"
"Radio Shack","5058943442","401 N Broadway St","Truth Or Cnsqncs","1290000","Ralph Seis","Owner","Mal","50804","R","Radio Shack","S-Ralph@radioshack.com","401 N Broadway St","Truth Or Cnsqncs","NM","87901","5058942862","5058943442","521135","Electric Equipment & Supplies-Retail","NULL","0","0"
"Redman Pipe & Supply Co","5057483307","200 E Main St","Artesia","5440000","Mike Teel","Manager","Mal","53929","R","Redman Pipe & Supply Co","oilfield@red-man.com","200 E Main St","Artesia","NM","88210","3033431899","5057483307","508428","Oil Field Equipment (Wholesale)","www.red-man.com","0","0"
"Resource Lighting","5053442944","510 Kinley Ave NE","Albuquerque","7552000","Brad Gibbs","Owner","Mal","53599","R","Resource Lighting","arlene@resourcelightingsw.com","510 Kinley Ave NE","Albuquerque","NM","87102","5053444425","5053442944","509908","Manufacturers-Agents & Representatives","www.resourcelightingsw.com","0","0"
"Resource Lighting","5053442944","510 Kinley Ave NE","Albuquerque","7552000","Brad Gibbs","Owner","Mal","48360","R","Resource Lighting","corie@resourcelightingsw.com","510 Kinley Ave NE","Albuquerque","NM","87102","5053442944","5053444425","509908","Manufacturers-Agents & Representatives","www.resourcelightingsw.com","0","0"
"Rio Grande Title Co Inc","5058836969","6400 Indian School Rd NE","Albuquerque","4365000","Roy Bidwell","CEO","Mal","34031","A","Aurora Design","paul@rgtc.com","6200 Eubank Blvd NE #524","ALBUQUERQUE","NM","87110","5058836969","null","7389","Business Services NEC","rgtc.com","0","0"
"Rio Grande Title Co Inc","5058836969","6400 Indian School Rd NE","Albuquerque","4365000","Roy Bidwell","CEO","Mal","52807","R","Rio Grande Title Co Inc","jnewsome@rgtc.com","6400 Indian School Rd NE","Albuquerque","NM","87110","5058880990","5058836969","654102","Title Companies","www.rgtc.com","0","0"
"Rinker Materials Corp","5053454451","6140 2nd St NW","Albuquerque","9225000","Cory Albano","Manager","Mal","54910","R","Rinker Materials Corp","rinkerweb@rinker.com","6140 2nd St NW","Albuquerque","NM","87107","5053454451","5053454459","327101","Concrete-Block & Brick (Manufacturers)","www.rinker.com","0","0"
"Twin Mountain Rock Co","5052782694","504 Folsom Hwy","Des Moines","2772000","Aaron Franek","Manager","Mal","44989","T","Twin Mountain Rock Co","myrinkeradmin@rinker.com","504 Folsom Hwy","Des Moines","NM","88418","3056690576","5052782694","141101","Stone-Natural","www.rinker.com","0","0"
"Rinker Materials Hydro Conduit","5058672394","3700 Highway 528","Bernalillo","4860000","Robert Lewis","Manager","Mal","21505","R","Rinker Materials Hydro Conduit","rinkervendorsadmin@rinker.com","3700 Highway 528","Bernalillo","NM","87004","6024840705","5058672394","327208","Concrete Pipe (Manufacturers)","www.rinker.com","0","0"
"Rio Grande Radio Communication","5053410011","2917 Cuervo Dr NE","Albuquerque","4040000","Mike Hoo","President","Mal","6977","R","Rio Grande Radio Communication","Mike@riogranderadio.com","2917 Cuervo Dr NE","Albuquerque","NM","87110","NULL","5053410011","506504","Radio Communication Equip & Systems-Whol","NULL","0","0"
"Rio Grande Radio Communication","5055653086","1020 Canal Blvd SW","Los Lunas","1010000","David Clifford","President","Mal","8421","R","Rio Grande Radio Communication","David.Clifford@riogranderadio.com","1020 Canal Blvd SW","Los Lunas","NM","87031","NULL","5055653086","506504","Radio Communication Equip & Systems-Whol","NULL","0","0"
"Rocky Mountain Stone","5053458518","4741 Pan American West Fwy NE","Albuquerque","3960000","Scott Lardner","Owner","Mal","15557","R","Rocky Mountain Stone","ScottLardner@rmstone.com","4741 Pan American West Fwy NE","Albuquerque","NM","87109","NULL","5053458518","141101","Stone-Natural","NULL","0","0"
"Roman Fountains Corp","5053438082","8600 Paseo Alameda St NE","Albuquerque","2847000","Jon Mitovich","Owner","Mal","3201","R","Roman Fountains Corp","tomh@romanfountains.com","8600 Paseo Alameda St NE","Albuquerque","NM","87113","5053438082","5053438086","344198","Fabricated Structural Metal (Mfrs)","www.romanfountains.com","0","0"
"Majormedical","5053438761","4201 Yale Blvd NE # D","Albuquerque","5980000","Sharon Jordan","Manager","Fem","29108","M","Majormedical","acquisitions@rotech.com","4201 Yale Blvd NE # D","Albuquerque","NM","87107","5137278789","5053438761","504704","Physicians & Surgeons Equip & Supls-Whol","www.rotech.com","0","0"
"Roswell Home Medical Inc","5056251400","107 S Union Ave","Roswell","7007000","Bryan Wilson","Manager","Mal","19633","R","Roswell Home Medical Inc","acquisitions@rotech.com","107 S Union Ave","Roswell","NM","88203","5137278789","5056251400","516920","Oxygen (Wholesale)","www.rotech.com","0","0"
"Regional Medical Supply","5054370202","700 Fairgrounds Rd","Alamogordo","2990000","Marie Porter","Manager","Fem","15536","R","Regional Medical Supply","mblack@rotech.com","700 Fairgrounds Road","Alamogordo","NM","88310","5052574482","5054375744","384104","Mfg Surgical/medical Instruments Whol Homefurnishings","null","0","0"
"M & M Sales Inc","5058841733","3415 Vassar Dr NE","Albuquerque","11328000","Joel Mohon","President","Mal","6796","A","Academy Printers","acadimag@rt66.com","2400 Menaul NE","ALBUQUERQUE","NM","87107","5058841733","null","275202","Printers","ACADEMYPRINTERS.COM","0","0"
"Greenhouse & Garden Supply Inc","5053456700","3820 Midway Pl NE","Albuquerque","6650000","Roger De Angelis","Owner","Mal","34419","G","Greenhouse & Garden Supply Inc","geegee@rt66.com","null","ALBUQUERQUE","NM","87109","null","null","519306","Nurseries","HORTICULTURESUPPLY.COM","0","0"
"Glass-Rite","5057649899","808 Gibson Blvd SE","Albuquerque","8120000","Steve Hoberg","Owner","Mal","22338","G","Glass Rite","windows@rt66.com","808 Gibson SE","ALBUQUERQUE","NM","87102","5057649899","null","5719","Glass & mirrors","GLASS-RITE.COM","0","0"
"Center For Hands-On Learning","5058961122","206 Frontage Rd NE # A","Rio Rancho","1210000","Susan Crisler","Manager","Fem","16844","C","Center For Hands-On Learning","chol@rt66.com","206 Frontage Rd NE # A","Rio Rancho","NM","87124","5058926375","5058961122","594311","School Supplies-Retail","www.handsonlearning.org","0","0"
"7-D Heating & Air","5053413725","6310 Edith Blvd NE","Albuquerque","3008000","Edwin Crise","Owner","Mal","47895","D","D Heating and Air Cooling","rcrise@rt66.com","6312 Edith NE Ste A","ALBUQUERQUE","NM","87107","5053413725","5053413726","171198","Plumbing Heating & Air Conditioning","null","0","0"
"Allen Roofing Co","5056228106","4200 SE Main St","Roswell","4960000","A Allen","Manager","Mal","49518","A","Allen Roofing Co","aroofer@rt66.com","4200 SE Main St","Roswell","NM","88203","5056242055","5056228106","176109","Roofing Contractors","www.allen-roofing.com","0","0"
"Bolack Total Travel","5058811198","6916 Montgomery Blvd NE","Albuquerque","1920000","Paul Dubruille","Owner","Mal","15633","B","Bolack Total Travel","bolack@rt66.com","null","ALBUQUERQUE","NM","87109","5058811198","null","4724","Travel agents","BOLACK.COM;BOLACKHNL.COM","0","0"
"7-D Heating & Air","5053413725","6310 Edith Blvd NE","Albuquerque","3008000","Edwin Crise","Owner","Mal","43728","7","7-D Heating & Air","ecrise@rt66.com","6310 Edith Blvd NE","Albuquerque","NM","87107","5053413726","5053413725","171117","Air Conditioning Contractors & Systems","www.7dheating-cooling.com","0","0"
"Science Applications Intl Corp","5058372976","6200 Uptown Blvd NE # 300","Albuquerque","44240000","C Zang","Manager","Mal","55709","S","Science Applications Intl Corp","hamptont@saic.com","6200 Uptown Blvd NE # 300","Albuquerque","NM","87110","3039690200","5058372976","871106","Engineers","www.saic.com","0","0"
"Science Applications Intl Corp","5052478787","2109 Airpark Rd SE","Albuquerque","13266000","Dan Payton","VP","Mal","51170","S","Science Applications Intl Corp","stuart.davis@saic.com","2109 Airpark Rd SE","Albuquerque","NM","87106","3037703297","5052478787","899904","Scientists-Consulting","www.saic.com","0","0"
"Smallwood Inc At Fort Marcy","5059826636","320 Artist Rd","Santa Fe","10875000","John Smallwood","Owner","Mal","55998","S","Smallwood Inc At Fort Marcy","groups@santafehotels.com","320 Artist Rd","Santa Fe","NM","87501","5059848682","5059826636","701103","Hotel & Motel Management","www.santafesuites.com","0","1"
"Foort Marcy Hotel Suites","5059826636","320 Artist Rd","Santa Fe","14210000","Anthony Montalbano","Manager","Mal","48297","B","Bravo Designs","modowd@santafehotels.com","226 Spruce St","SANTA FE","NM","87501","5059826636","5059848682","7389","Business Services NEC","SANTAFEREUNIONS.COM^^SANTAFETACOS.COM","0","0"
"Santa Fe Kiva Fireplace Mfg","5059887818","","Santa Fe","2785000","Pat Kincaid","Owner","Fem","20196","S","Santa Fe Kiva Fireplace Mfg","Pat.Kincaid@santafekiva.com","NULL","Santa Fe","NM","87501","NULL","5059887818","502310","Fireplace Equipment-Wholesale","NULL","0","0"
"Santa Fe Kiva Fireplace Mfg","5053447555","3726 Hawkins St NE","Albuquerque","3342000","Patricia Kincaid","President","Fem","50092","S","Santa Fe Kiva Fireplace Mfg","PatriciaKincaid@santafekiva.com","3726 Hawkins St NE","Albuquerque","NM","87109","NULL","5053447555","502310","Fireplace Equipment-Wholesale","NULL","0","0"
"SCI Security Control Intgrtn","5059981150","3801 Rutledge Rd NE","Albuquerque","2925000","David Levine","Owner","Mal","30975","S","Studio Hill Designs","dlevine2@scivs.com","417 2nd St SW","ALBUQUERQUE","NM","87109","5059981150","null","738991","Plants","SCINEWMEXICO.BIZ^^SECURITYCONTROLINTEGRATION.BIZ","0","0"
"Select Milk Producers","5056277354","6843 Old Chisum Trl","Dexter","5525000","","","","54366","S","Select Milk Producers Plants","craig.abalos@selectmilkops.com","6843 Old Chisum Trl","Dexter","NM","88230","5056277354","5056232809","653107","Cooperatives","www.selectmilkops.com","0","0"
"Select Milk Producers Plants","5056232809","6843 Old Chisum Trl","Dexter","3350000","Timothy Gomez","Manager","Mal","54366","S","Select Milk Producers Plants","craig.abalos@selectmilkops.com","6843 Old Chisum Trl","Dexter","NM","88230","5056277354","5056232809","653107","Cooperatives","www.selectmilkops.com","0","0"
"Shaw Environmental/Infrstrctr","5052628800","5301 Central Ave NE # 700","Albuquerque","14490000","John Pietz","Manager","Mal","37984","S","Shaw Environmental/Infrstrctr","environmental@shawgrp.com","5301 Central Ave NE # 700","Albuquerque","NM","87108","5129280077","5052628800","871120","Engineers-Environmental","www.shawgrp.com","0","0"
"Shaw E & I","5056615200","335 Central Park Sq","Los Alamos","7900000","Scott Denbaars","Manager","Mal","52120","S","Shaw E & I","energy@shawgrp.com","335 Central Park Sq","Los Alamos","NM","87544","8015651761","5056615200","871120","Engineers-Environmental","www.shawgrp.com","0","0"
"John Shomaker & Assoc Inc","5053453407","2703 Broadbent Pkwy NE # B","Albuquerque","1456000","Roger Peery","CEO","Mal","39528","J","John Shomaker & Assoc Inc","jsai@shomaker.com","2703 Broadbent Pkwy NE # B","Albuquerque","NM","87107","5053459920","5053453407","497101","Hydrologists","www.shomaker.com","0","0"
"Clovis Auto Mart","5057622111","901 E 1st St","Clovis","1342000","Jim Smith","Owner","Mal","53839","C","Clovis Auto Mart","Jim@smithrvandmarine.com","901 E 1st St","Clovis","NM","88101","NULL","5057622111","551103","Automobile Dealers-Used Cars","NULL","0","1"
"Vitamin Trader","5053446060","211 Montano Rd NW # A","Albuquerque","2114000","Bryan Flamm","Owner","Mal","53632","V","Vitamin Trader","yourname@something.com","211 Montano Rd NW # A","Albuquerque","NM","87107","6414721173","5053446060","549904","Vitamins","www.brainresearchinstitute.org","0","0"
"Public Works Sidewalk Obstruct","5057641599","5501 Pino Ave NE # F","Albuquerque","16450000","Dave Harmon","Manager","Mal","25635","P","Public Works Sidewalk Obstruct","volcanoheights@spinn.net","5501 Pino Ave NE # F","Albuquerque","NM","87109","5058578680","5057641599","161104","Parking Area/Lots Maintenance & Marking","www.cabq.gov","0","0"
"Parks & Recreation","5057683520","1801 4th St NW # A","Albuquerque","2352000","Jay Hart","Manager","Mal","31575","P","Parks & Recreation","volcanoheights@spinn.net","1801 4th St NW # A","Albuquerque","NM","87102","5058234601","5057683520","799951","Provincial Parks","www.cabq.gov","0","0"
"Parks & Rec Open Space Div","5058736620","3615 Los Picaros Rd SE","Albuquerque","4620000","Jay Hart","Administrator","Mal","6089","P","Parks & Rec Open Space Div","volcanoheights@spinn.net","3615 Los Picaros Rd SE","Albuquerque","NM","87105","5058234601","5058736620","799951","Provincial Parks","www.cabq.gov","0","0"
"Spring Stone Children's Learn","5052421234","1615 Randolph Ct SE","Albuquerque","1260000","Patricia Knight","Owner","Fem","34287","S","Spring Stone Children's Learn","KnightPatricia@springstonekids.com","1615 Randolph Ct SE","Albuquerque","NM","87106","5052421115","5052421234","835101","Child Care Service","NULL","0","0"
"Springstone Childrens Learning","5059948111","2441 Grande Blvd SE","Rio Rancho","1260000","Patricia Derrick","Owner","Fem","53458","S","Springstone Childrens Learning","D-Patricia@springstonekids.com","2441 Grande Blvd SE","Rio Rancho","NM","87124","5059949563","5059948111","835101","Child Care Service","NULL","0","0"
"Springstone Childrens Learning","5058978111","4958 Paradise Blvd NW","Albuquerque","1470000","Trish Abbott","Owner","Fem","32956","S","Springstone Childrens Learning","Trish@springstonekids.com","4958 Paradise Blvd NW","Albuquerque","NM","87114","5058978122","5058978111","835101","Child Care Service","NULL","0","0"
"Stewart Brothers Drilling Co","5052872986","306 Airport Rd","Milan","8220000","David Stewart","President","Mal","14684","S","Stewart Brothers Drilling Company","joel@stewartbrothers.com","306 Airport Road","MILAN","NM","87021","5052872986","null","458106","Airports","stewartbrothers.com","0","0"
"Summit Electric Supply","5053469000","2900 Stanford Dr NE","Albuquerque","78300000","Victor Jury Jr","President","Mal","53384","S","Summit Electric Supply","vjury@summit.com","2900 Stanford NE IT Dept","ALBUQUERQUE","NM","87107","5053469000","5053461616","173101","Electric Contractors","E-LECTRICAL.COM;E-LECTRICALSUPPLIES.COM;E-LECTRICALSUPPLYS.COM;E-LECTRICIAN.COM;E-LECTRICSUPPLIES.CO","0","2"
"KOB TV","5052434411","4 Broadcast Plz SW","Albuquerque","50560000","Michael Burgess","Manager","Mal","23969","K","KOB-TV; Albuquerque","kobtv@swcp.com","4 Broadcast Plaza","ALBUQUERQUE","NM","87104","5052434411","null","738901","Auctioneers","LOBOINSIDER.COM^^NMADS.COM^^NMAUCTION.COM^^NMEXPERTS.COM^^NMGAMEDAY.COM^^PARADEOFPETS.COM","0","1"
"Tom Growney Equipment Inc","5058842900","2301 Candelaria Rd NE","Albuquerque","57050000","Tom Growney","Owner","Mal","53633","T","Tom Growney Equipment","sipfle@swcp.com","2301 Candelaria Rd","ALBUQUERQUE","NM","87107","5058842900","null","353401","Mfg Elevators/escalators Building Equipment Installatio","GROWNEYINC.COM","0","0"
"Sun Country Industries","5053441611","6801 Gruber Ave NE","Albuquerque","27120000","Maurice Michelson","Owner","Fem","38264","S","Sun Country Industries","sci@swcp.com","6801 Gruber NE","ALBUQUERQUE","NM","87109","9792605987","null","738999","Business Services Nec","suncountryindustries.com","0","0"
"Heads Up Landscape Contractors","5058989615","7525 2nd St NW","Albuquerque","12600000","Gary Mallory","Owner","Mal","47028","D","DCA Landscape Architects","hulc@swcp.com","7525 2nd St. NW","ALBUQUERQUE","NM","87107","5058989615","null","078204","Landscapes","HEADSUPLANDSCAPE.COM;HULC.COM","0","1"
"Chavez Grieves Consulting","5053444080","4700 Lincoln Rd NE # 102","Albuquerque","7452000","David Grieves","Partner","Mal","55693","E","Esteel Design Build","esteeldb@swcp.com","5639 Jefferson NE","ALBUQUERQUE","NM","87109","5053444080","null","8999","Services NEC","ESTEELDB.COM","0","0"
"Gardenswartz Team Sales","5058841234","2437 Menaul Blvd NE","Albuquerque","1430000","Tom Drangmeister","Manager","Mal","6869","G","Gardenswartz Team Sales","gts@swcp.com","2437 Menaul Blvd. NE","ALBUQUERQUE","NM","87107","5058841234","null","5311","Retail shops","GTSTEAMSALES.COM","0","0"
"Integre Technical Publishing","5058898189","4015 Carlisle Blvd NE # D","Albuquerque","3066000","Donald W De Land","Owner","Mal","21635","I","Integre Technical Publishing Co","don@swcp.com","4015A Carlisle NE","ALBUQUERQUE","NM","87107","5058898189","null","273198","Books","INTEGRETECHPUB.COM","0","2"
"Walla Engineering LTD","5058813008","6100 Indian School Rd NE # 105","Albuquerque","1242000","Mike Walla","Owner","Mal","6447","W","Walla Engineering LTD","help@swcp.com","6100 Indian School Rd NE # 210","Albuquerque","NM","87110","5058813008","5058813008","871111","Engineers-Consulting","www.levemuss.com","0","0"
"C S Mfg Inc","5053443560","4208 Balloon Park Rd NE","Albuquerque","2325000","William Butler","President","Mal","47011","C","C S Mfg Inc","csinc@swcp.com","4208 Balloon Park Rd NE","Albuquerque","NM","87109","5053443590","5053443560","138912","Oil Well Services","www.techtranint.com","0","0"
"Sport Systems Ski & Bike","5052969111","1605 Juan Tabo Blvd NE # Z","Albuquerque","2516000","Dwayne Kinsley","Owner","Mal","45333","S","Sport Systems Ski & Bike","ski@swcp.com","1605 Juan Tabo Blvd NE # Z","Albuquerque","NM","87112","5052370545","5052969111","594113","Sporting Goods-Retail","www.nmsportsystems.com","0","0"
"Taos Mountain Casino","5057370777","Main Taos Pueblo Hwy","Taos","9600000","Bernadette Lujan","Manager","Fem","51750","T","Taos Mountain Casino","mountainoffun@taosmountaincasino.com","Main Taos Pueblo Hwy","Taos","NM","87571","5057379521","5057370777","799302","Casinos","www.taosmountaincasino.com","0","0"
"Terracon Consultants Inc","5053342900","4 County Road 3499 # A","Flora Vista","2484000","Kim Preston","Manager","Mal","32546","T","Terracon Consultants Inc","corporate@terracon.com","4 County Road 3499 # A","Flora Vista","NM","87415","3037764041","5053342900","873402","Laboratories-Testing","www.terracon.com","0","0"
"Terracon Consultants Inc","5055271700","1630 Hickory Loop # H","Las Cruces","2691000","Mary Wells","Manager","Fem","55648","T","Terracon Consultants Inc","corporate@terracon.com","1630 Hickory Loop # H","Las Cruces","NM","88005","3037764041","5055271700","871119","Engineers-Geotechnical","www.terracon.com","0","0"
"Terracon Consulting Engineers","5057974287","4905 Hawkins St NE","Albuquerque","3520000","Kevin Scott","Manager","Mal","7151","T","Terracon Consulting Engineers","corporate@terracon.com","4905 Hawkins St NE","Albuquerque","NM","87109","3037764041","5057974287","873111","Environmental & Ecological Services","www.terracon.com","0","0"
"Action 7 News","5058847777","3801 Carlisle Blvd NE","Albuquerque","60450000","Mary Lynn Roper","Manager","Fem","24850","K","KOAT (ABC-7)","newsdirector@thenewmexicochannel.com","3801 Carlisle Blvd NE","Albuquerque","NM","87107","5058847777","5058846324","483301","Television Stations & Broadcasting Co","www.thenewmexicochannel.com","0","0"
"Apria Healthcare","5053257575","1014 N Butler Ave","Farmington","7774000","Teresa Wamel","Manager","Fem","55391","A","Apria Healthcare","dan.voelpel@thenewstribune.com","1014 N Butler Ave","Farmington","NM","87401","4797705041","5053257575","504704","Physicians & Surgeons Equip & Supls-Whol","www.apria.com","0","0"
"Apria Healthcare","5058819111","4401 Mcleod Rd NE # C","Albuquerque","4320000","Dave Rockwell","Manager","Mal","49416","A","Apria Healthcare","dan.voelpel@thenewstribune.com","4401 Mcleod Rd NE # C","Albuquerque","NM","87109","4797705041","5058819111","504704","Physicians & Surgeons Equip & Supls-Whol","www.apria.com","0","0"
"Video Stop","5055376293","1103 Tom Foy Blvd","Bayard","2850000","Pat Mootz","Owner","Mal","38637","V","Video Stop","Pat.Mootz@thevideostop.com","1103 Tom Foy Blvd","Bayard","NM","88023","NULL","5055376293","784102","Video Tapes & Discs-Renting & Leasing","NULL","0","1"
"Video Stop","5055385644","Albertsons Shopping Ctr","Silver City","2535000","Patrick Mootz","Owner","Mal","42443","V","Video Stop","P_Mootz@thevideostop.com","Albertsons Shopping Ctr","Silver City","NM","88061","NULL","5055385644","594509","Games & Game Supplies","NULL","0","0"
"Mystery Cafe","5052371385","1613 Lester Dr NE","Albuquerque","2115000","Carol Myers","Owner","Fem","43953","M","Mystery Cafe","dataday@thuntek.net","1613 Lester Dr NE","Albuquerque","NM","87112","5052371385","5052371385","792207","Theatres-Live","www.abqmystery.com","0","1"
"Pinon Window & Door Co","5058979985","314 El Pueblo Rd NW","Albuquerque","1806000","Mike Maccini","Owner","Mal","21853","P","Pinon Window and Door Inc","pinon@thuntek.net","314 El Pueblo Rd NW","ALBUQUERQUE","NM","87114","5058979985","null","521107","windows","PINONWINDOW.COM","0","0"
"Mesa Verde Enterprises Inc","5054372995","396 LA Luz Gate Rd","Alamogordo","25026000","Jeff Rabon","Owner","Mal","19898","M","Mesa Verde Enterprises;  Inc","mesaverde@totacc.com","P. O. 907","ALAMOGORDO","NM","88310","5054372995","null","8999","Services NEC","MESAVERDEENT.COM","0","0"
"KRSY 92.7 FM","5054371505","Cuba Ave & Canyon Rd","Alamogordo","1100000","Phillip Runnels","Owner","Mal","2365","L","LuRunn Broadcasting System;  LLC","kdlynch@totacc.com","P.O. Box 2710","ALAMOGORDO","NM","88310","5054371505","5054375566","8999","Services NEC","NMRADIO.COM^^SNMRADIO.COM","0","0"
"Sun City Furniture Inc","5054375379","2200 Highway 54 S","Alamogordo","3000000","Steven Fambrough","President","Mal","55404","S","Sun City Furniture","suncity@totacc.com","2308 Highway 82","CLOUDCROFT","NM","88310","5054375379","5054376806","571216","Furniture","null","0","0"
"American Moving & Storage","5056223050","901 E 19th St","Roswell","1710000","Michael Woods","President","Mal","46552","A","American Moving & Storage","mwoods@trailnet.com","901 E 19th","ROSWELL","NM","88201","5056223050","null","4214","Moving & storage companies","AMERICANMOVING-UNITED.COM","0","0"
"URS Corp","5058557500","6501 Americas Pkwy NE # 900","Albuquerque","19872000","Jens Deichmann","CEO","Mal","54374","U","URS Corp","water_wastewater@urscorp.com","6501 Americas Pkwy NE # 900","Albuquerque","NM","87110","2103770622","5058557500","871111","Engineers-Consulting","www.urscorp.com","0","0"
"E G & G Technical Svc Inc","5059980677","2420 Comanche Rd NE # D2","Albuquerque","5688000","Don Pabst","Manager","Mal","1961","E","E G & G Technical Svc Inc","egginc@urscorp.com","2420 Comanche Rd NE # D2","Albuquerque","NM","87107","2178753577","5059980677","871156","Engineers-Research","www.urscorp.com","0","0"
"Choice Steel Co","5053444940","7100 2nd St NW # B","Albuquerque","27222000","Ken Nunnally","Owner","Mal","32792","C","Choice Steel Co","choicesteel@uswest.net","7100 B 2nd Street","ALBUQUERQUE","NM","87107","5053444940","null","1099","Metal ores","CHOICESTEELCO.COM","0","0"
"Service Electric Co","5053451955","3716 Commercial St NE","Albuquerque","8200000","Steve Alderete","President","Mal","38583","s","service electric co inc","jralderete@uswest.net","3716 commercial ne - PO Box 6006","ALBUQUERQUE","NM","87107","5053451955","null","4931","Electric services","serviceelectric.org","0","0"
"Ray's Flooring Specialists Inc","5058831967","2241 Phoenix Ave NE","Albuquerque","8120000","Ray Lucero","Owner","Mal","45802","U","Universal Hardwood floors","rflooring@uswest.net","2241 Phoenix","ALBUQUERQUE","NM","87107","5058831967","null","175299","Floor Laying Contractor","RAYSFLOORING.COM","0","0"
"Richmond Products","5052752406","1704 Robert Dale Dr NE","Albuquerque","3170000","Lloyd Powell","Owner","Mal","41936","S","Stephen Dishongh dba Rueco Products","dsginger@uswest.net","9409 Cordova Ave NE","ALBUQUERQUE","NM","87112","5052752406","null","738999","Business Services Nec","RUECO.COM","0","0"
"Wagner Equipment Co","5053275331","1000 Troy King Rd","Farmington","36630000","Randy Randlemon","Manager","Mal","35271","W","Wagner Equipment Co","kbloss@wagnerequipment.com","1000 Troy King Rd","Farmington","NM","87401","3034338170","5053275331","508206","Contractors-Equip/Supls-Dlrs/Svc (Whol)","www.wagnerequipment.com","0","0"
"Wagner Rents","5059382000","2929 Candelaria Rd NE","Albuquerque","2379000","Danny Ferdinandus","Manager","Mal","53892","W","Wagner Rents","wlevett@wagnerequipment.com","2929 Candelaria Rd NE","Albuquerque","NM","87107","9708711996","5059382000","735949","Contractors-Equipment & Supls-Renting","www.wagnerequipment.com","0","0"
"Wal-Mart","5054744727","3251 Cerrillos Rd","Santa Fe","56700000","Katherine Erickson","Manager","Fem","40344","W","Wal-Mart","dmca@walmart.com","3251 Cerrillos Rd","Santa Fe","NM","87507","3042961355","5054744727","531102","Department Stores","www.walmart.com","0","1"
"Wal-Mart Supercenter","5055382037","2501 Highway 180 E","Silver City","72900000","Olita Blevin","Manager","Fem","45052","W","Wal-Mart Supercenter","affiliates@walmart.com","2501 Highway 180 E","Silver City","NM","88061","9788516839","5055382037","531102","Department Stores","www.walmart.com","0","1"
"Wal-Mart Supercenter","5057470414","1610 N Riverside Dr","Espanola","64800000","Lisa Smith-Garcia","Manager","Fem","56220","W","Wal-Mart Supercenter","dmca@walmart.com","1610 N Riverside Dr","Espanola","NM","87532","3042961355","5057470414","531102","Department Stores","www.walmart.com","0","1"
"Wal-Mart Supercenter","5057692453","3728 N Prince St","Clovis","52650000","Frank Bean","Manager","Mal","52326","W","Wal-Mart Supercenter","dmca@walmart.com","3728 N Prince St","Clovis","NM","88101","3042961355","5057692453","531102","Department Stores","www.walmart.com","0","1"
"Wal-Mart","5054255242","2609 7th St","Las Vegas","58320000","Chris Kappes","Manager","Mal","46931","W","Wal-Mart","affiliates@walmart.com","2609 7th St","Las Vegas","NM","87701","9788516839","5054255242","531102","Department Stores","www.walmart.com","0","1"
"Wild Birds Unlimited","5058830324","7200 Montgomery Blvd NE # G3","Albuquerque","1365000","Geni Krolick","Owner","Fem","34676","W","Wild Birds Unlimited","GeniK@wbu.com","7200 Montgomery Blvd NE # G3","Albuquerque","NM","87109","5058880296","5058830324","526120","Bird Feeders & Houses","NULL","0","0"
"Wild Birds Unlimited","5058903668","9231 Coors Blvd NW # R7","Albuquerque","1365000","Linda Geron","Owner","Fem","28202","W","Wild Birds Unlimited","GeronL@wbu.com","9231 Coors Blvd NW # R7","Albuquerque","NM","87114","5058991105","5058903668","526120","Bird Feeders & Houses","NULL","0","0"
"Weems Artfest","5052936133","2801 Eubank Blvd NE # M","Albuquerque","3516000","Mary Ann Weems","Owner","Fem","54403","W","Weems Artfest","weems@weemsgallery.com","2801 Eubank Blvd NE # M","Albuquerque","NM","87112","5052946494","5052936133","599969","Art Galleries & Dealers","www.weemsgallery.com","0","1"
"Nichols Sales Inc","5053821940","5195 Bataan Memorial W","Las Cruces","2684000","Troy Pitcher","Owner","Mal","22148","N","Nichols Sales","gregg@westernsights.com","7123 N Main Street","Las Cruces","NM","88012","5053821940","null","5311","Retail shops","nicholssales.com","0","0"
"Nichols Sales Inc","5053821940","5195 Bataan Memorial W","Las Cruces","2684000","Troy Pitcher","Owner","Mal","7196","N","Nichols Sales Inc","gregg@westernsights.com","5195 Bataan Memorial W","Las Cruces","NM","88012","5053821940","5053821940","551103","Automobile Dealers-Used Cars","www.nicholssales.com","0","1"
"Washington Group Intl","5052345600","5301 Sierra Vista Dr","Carlsbad","24840000","Larry Garrison","Plant Mgr","Mal","27138","W","Washington Group Intl","epdmarketing@wgint.com","5301 Sierra Vista Dr","Carlsbad","NM","88220","5058877599","5052345600","871111","Engineers-Consulting","www.wepd.com","0","0"
"Washington Group Intl","5056627300","1911 Central Ave # 2","Los Alamos","1760000","Randy Bohachek","Manager","Mal","49131","W","Washington Group Intl","laurie.spiegelberg@wgint.com","1911 Central Ave # 2","Los Alamos","NM","87544","2122685032","5056627300","873111","Environmental & Ecological Services","www.wgint.com","0","0"
"Wood Group Generator Svc","5053276363","1113 Camina Entrada","Farmington","15300000","Ray Plachta","CEO","Mal","39992","W","Wood Group Generator Svc","tommy.raymond@woodgroup.com","1113 Camina Entrada","Farmington","NM","87401","5053257515","505-327-6363","494103","Water Supply Systems","NULL","0","0"
"Electric Submersible Pumps","5057464614","509 Commerce Rd","Artesia","2145000","Robert Krauter","Manager","Mal","53223","E","Electric Submersible Pumps","press.office@woodgroup.com","509 Commerce Rd","Artesia","NM","88210","9797789811","5057464614","138905","Oil Field Service","www.woodgroup.com","0","0"
"All World Travel Co","5052945031","5200 Eubank Blvd NE # C1","Albuquerque","1920000","Dee Larson","Manager","Fem","34504","A","All World Travel","aline@wspan.com","5200 Eubank N Suite C-1","Albuquerque","NM","87111","5052945031","5052922724","4724","Travel agents","null","0","0"
"Westwind Travel","5059840022","326 Mckenzie St","Santa Fe","1420000","Terry Williams-Keffe","Owner","Fem","36524","W","Westwind Travel","terry.westwind@wspan.com","326 McKenzie Street","Santa Fe","NM","87501","5059840022","5059848460","4724","Travel agents","null","0","0"
"Net//Works","5059989000","2400 Louisiana Blvd NE # 250","Albuquerque","5508000","Jackie Fewell","Owner","Fem","38566","N","Net//Works","michael@yourdomain.com","2400 Louisiana Blvd NE # 250","Albuquerque","NM","87110","5059980934","5059989000","737417","Internet Hardware & Software Providers","www.networkswebhosting.com","0","0"
"Angel Fire Public Works Dept","5053777004","18 Services Rd","Angel Fire","2350000","Marvin Sheriff","Executive Director","Mal","54268","A","Angel Fire Public Works Dept","youraddress@yourdomain.com","18 Services Rd","Angel Fire","NM","87710","8438840254","5053777004","161104","Parking Area/Lots Maintenance & Marking","www.ccprc.com","0","0"
"KRWG","5056462222","Jordan Ave Milton Hall # 100","Las Cruces","9480000","Ron Salak","Manager","Mal","33198","K","KRWG","aasher@zianet.com","Jordan Ave Milton Hall # 100","Las Cruces","NM","88003","5056461924","5056462222","483301","Television Stations & Broadcasting CO","www.krwg-tv.org","0","0"
"Hertz Rent A Car","5055250500","8960 Zia Blvd # 16","Las Cruces","7080000","Jo Asprey","Manager","Fem","17427","H","Hertz Rent A Car","comefly@zianet.com","8960 Zia Blvd # 16","Las Cruces","NM","88007","5055418121","5055250500","751401","Automobile Renting","www.adventureaviation.com","0","0"
"Los Ojos Hand Weavers","5055889215","91 Main St","Los Ojos","7160000","Sophia Chavez","President","Fem","41068","L","Los Ojos Hand Weavers","tierrawools@zianet.com","91 Main St","Los Ojos","NM","87551","5055887044","5055889215","223101","Woolen Mills","www.handweavers.com","0","0"
"Linco Medical Inc","5052577174","116 Nob Hill Dr","Ruidoso","5980000","Verna Adams","Owner","Fem","43498","L","Linco Medical Inc","linco@zianet.com","116 Nob Hill Dr","Ruidoso","NM","88345","5052575362","5052577174","599939","Wheel Chairs & Scooters","NULL","0","0"
"Arroyo Medical Supply","5055225500","2001 E Lohman Ave # 107","Las Cruces","2392000","Jeff Obrien","Owner","Mal","19022","A","Arroyo Medical Supply","sobrien@zianet.com","2001 E Lohman Ave # 107","Las Cruces","NM","88001","NULL","5055225500","504704","Physicians & Surgeons Equip & Supls-Whol","NULL","0","0"
"KVLC","5055271111","105 E Idaho Ave # B","Las Cruces","2112000","Linda Woodward","Manager","Fem","9008","K","KVLC FM 101 Gold","mbrooks@zianet.com","105 E Idaho Ste B","LAS CRUCES","NM","88005","5055271111","5055271100","483201","Radio Stations & Broadcasting Companies","101gold.com","0","0"
"Los Alamos Safety & Environ","5056724135","PO Box 4636","Los Alamos","1530000","Dan Thomas","President","Mal","55127","L","Los Alamos Safety & Environ","cswartz@zianet.com","PO Box 4636","Los Alamos","NM","87544","5055323259","5056724135","874208","Safety Consultants","www.zianet.com","0","0"
"Master Craft Metals Inc","5053888800","12 Dickson Rd","Silver City","3870000","Floyd Mc Calmont","Owner","Mal","11371","M","Master Craft Metals Inc","mastercraft@zianet.com","12 Dickson Rd","Silver City","NM","88061","5053888800","5053888800","521114","Roofing Materials","www.mastercraftmetals.com","0","0"
"Ruidoso Animal Clinic","5052574027","160 Sudderth Dr","Ruidoso","1378000","F Lynn Willard","Owner","Mal","36677","R","Ruidoso Animal Clinic","rac@zianet.com","160 Sudderth Dr","Ruidoso","NM","88345","5052572759","5052574027","074203","Animal Hospitals","www.ruidosoanimalclinic.com","0","0"
"Ink Well","5054377300","314 9th St","Alamogordo","1976000","Ron Jeter","Manager","Mal","12133","I","Ink Well","inkwell@zianet.com","314 9th St","Alamogordo","NM","88310","5054346888","5054377300","275202","Printers","www.inkwellonline.com","0","0"
"Newman Outdoor Advertising","5055262660","400 S Compress Rd # M","Las Cruces","1578000","Roy Granado","Manager","Mal","51283","N","Newman Outdoor Advertising of NM; Inc","isler@zianet.com","400 S Compress Ste M","LAS CRUCES","NM","88005","5055262660","5055242208","731999","Advertising Nec","NEWMANBILLBOARDS.COM","0","0"
"New Mexico College-Natural","5055380050","310 W 6th St","Silver City","2288000","Gwynne Unruh","Executive Director","Fem","5051","N","New Mexico College-Natural","nmcnh@zianet.com","310 W 6th St","Silver City","NM","88061","5055380050","5055380050","829914","Massage Schools","www.newmexicohealing.com","0","0"
"TMV Electric","5055382259","1775 Highway 180 E # 3","Silver City","1148000","Tom Venderly","Owner","Mal","54121","T","TMV Electric Lighting","tmv@zianet.com","1700 N Gold","SILVER CITY","NM","88061","5055382259","null","173101","Electric Contractors","tmvelectriclighting.com","0","2"
"Aire Hydraulics Co","5055235636","900 S Solano Dr","Las Cruces","4560000","Doris Bowden","Owner","Fem","55914","A","Aire Hydraulics Co","airehy@zianet.com","900 S Solano Dr","Las Cruces","NM","88001","5055235636","5055235636","508520","Hydraulic Equipment & Supplies (Whol)","www.airehydraulics.com","0","0"
"Eagle Ranch Store","5054373792","7288 Highway 54 70","Alamogordo","1000000","Marianne Schweers","Owner","Fem","40063","E","Eagle Ranch Store","eagleranch@zianet.com","7288 Highway 54 70","Alamogordo","NM","88310","5054342132","5054340035","592103","Wines-Retail","www.eagleranchpistachios.com","0","0"
"Franciscan RV Inc","5052671508","661 Franklin Pl","Las Cruces","3568000","W A Nunn Iii","Owner","Mal","2623","F","Franciscan RV Inc","airstream@zianet.com","661 Franklin Pl","Las Cruces","NM","88007","5052671508","5052671508","556103","Recreational Vehicles","www.franciscanrv.com","0","0"
"Sierra Co Humane Society","5058941694","HC 31 Box 43","Williamsburg","2100000","Eliana Aubin","President","Fem","10642","S","Sierra Co Humane Society","aubin29@zianet.com","HC 31 Box 43","Williamsburg","NM","87942","5058941694","5058941694","075203","Animal Shelters","www.deserthaven.petfinder.com","0","0"
"Family Recreation Ctr","5054394142","1100 Oregon Ave","Alamogordo","1218000","Benny Covarrubia","Manager","Mal","51994","F","Family Recreation Ctr","acchamber@zianet.net","1100 Oregon Ave","Alamogordo","NM","88310","5054394394","5054394142","799701","Recreation Centers","www.ci.alamogordo.nm.us","0","0"
"Alamogordo Family Recreation","5054394265","1100 Oregon Ave","Alamogordo","1740000","Matt Mc Neile","Manager","Mal","41764","A","Alamogordo Family Recreation","acchamber@zianet.net","1100 Oregon Ave","Alamogordo","NM","88310","5054394394","5054394394","799951","Parks","www.ci.alamogordo.nm.us","0","0"
