"B & H Maintenance & Constr","5056340460","3100 N 1st St","Bloomfield","41750000","J P Smith","Plant Mgr","Mal","7382","B","B & H Maintenance & Constr","ggee@bhpipeline.com","3100 N 1st St","Bloomfield","NM","87413","5056340462","5056340460","162301","Pipe Line Contractors","www.bhpipeline.com","0","0"
"Aero Parts Mfg & Repair Inc","5058916600","431 Rio Rancho Dr NE","Rio Rancho","31164000","Paul Eskew","Owner","Mal","12852","A","Aero Parts Mfg & Repair Inc","rosborne@aeroparts.net","431 Rio Rancho Dr NE","Rio Rancho","NM","87124","5058916650","5058916600","372801","Aircraft Components-Manufacturers","NULL","0","0"
"Mc Kinley Paper Co","5058762100","County Rd 19","Prewitt","48703000","Isaac Rosas","Manager","Mal","13631","M","Mc Kinley Paper Co","dchristmann@mckinleypaper.com","County Rd 19","Prewitt","NM","87045","5058762313","5058762100","262101","Paper-Manufacturers","www.mckinleypaper.com","0","0"
"BHC Mesilla Valley Hospital","5053823500","3751 Del Rey Blvd","Las Cruces","26875000","Bob Manfield","CEO","Mal","16708","B","BHC Mesilla Valley Hospital","BManfield@ardenthealth.com","3751 Del Rey Blvd","Las Cruces","NM","88012","5053823521","5053823500","839901","Drug Abuse & Addiction Info & Treatment","NULL","0","0"
"Glorieta Baptist Conference","5057576161","Ih 25 Glorieta Exit 299","Glorieta","28200000","Steve Grassfield","Manager","Mal","19226","G","Glorieta Baptist Conference Center","glorieta@lifeway.com","Ih 25 Glorieta Exit 299","Glorieta","NM","87535","5057576161","5057576149","8661","Religious organizations","lifeway.com/glorieta","0","1"
"People Gotta Eat","5059848919","20 Bisbee Ct","Santa Fe","28425000","Tom Stark","President","Mal","22129","P","People Gotta Eat","Tom@peoplegottaeat.com","20 Bisbee Ct","Santa Fe","NM","87508","NULL","5059848919","514101","Food Products (Wholesale)","NULL","0","0"
"Security Source","5057961111","7910 Lorraine Ct NE","Albuquerque","32900000","Kevin Mayer","Owner","Mal","23142","S","Security Source","KevinM@securitysourceusa.com","7910 Lorraine Ct NE","Albuquerque","NM","87113","5057961122","5057961111","506304","Security Control Equip & Systems-Whol","NULL","0","0"
"Isleta Casino & Resort","5057243800","11000 Broadway Blvd SE","Albuquerque","48000000","Carol Lucero","President","Fem","26328","I","Isleta Casino & Resort","Carol-Lucero@isleta-casino.com","11000 Broadway Blvd SE","Albuquerque","NM","87105","5052448246","5057243800","799302","Casinos","NULL","0","0"
"Proper Foods Inc","5055464442","1319 E Pine St","Deming","41400000","John Johns","Owner","Mal","31632","P","Proper Foods Inc","judy@properfoods.com","1319 E Pine St","Deming","NM","88030","5055464449","5055464442","209903","Food Products & Manufacturers","www.properfoods.com","0","0"
"Plumb-Mechanical","5058221225","9005 Washington St NE","Albuquerque","29200000","Rick Crawford","Owner","Mal","33146","P","Plumb-Mechanical","R-Crawford@plumb-mechanical.com","9005 Washington St NE","Albuquerque","NM","87113","5058221795","5058221225","171105","Plumbing Contractors","NULL","0","0"
"Relios Inc","5053455304","750 Rankin Rd NE","Albuquerque","30600000","William H Polack","Owner","Mal","36951","R","Relios Inc","bpollack@relios.com","750 Rankin Rd NE","Albuquerque","NM","87107","5053455445","5053455304","391101","Jewelry-Manufacturers","www.lovingfamilygifts.com","0","0"
"State Oil Co","5054459641","409 Clayton Rd","Raton","34425000","Don Romero","President","Mal","38453","S","State Oil Co","rderosier@staatsolie.com","409 Clayton Rd","Raton","NM","87740","5054459641","5054459641","131101","Oil & Gas Producers","NULL","0","0"
"Garcia Mitsubishi","5052605050","8201 Lomas Blvd NE","Albuquerque","40260000","Ed Garcia","Owner","Mal","40530","G","Garcia Mitsubishi","Garcia@garciacars.com","8201 Lomas Blvd NE","Albuquerque","NM","87110","5052605079","5052605050","551103","Automobile Dealers-Used Cars","NULL","0","1"
"Applied Research Assoc Inc","5058818074","4300 San Mateo Blvd NE # B300","Albuquerque","26500000","Jimmie Bratton","CEO","Mal","41956","A","Applied Research Assoc Inc","roboticsystems@ara.com","4300 San Mateo Blvd NE # B300","Albuquerque","NM","87110","9198783672","5058818074","871120","Engineers-Environmental","www.ara.com","0","0"
"KRQE","5052432285","13 Broadcast Plz SW","Albuquerque","44240000","William Anderson","Manager","Mal","45407","K","KRQE","krqesoundoff@krqe.com","13 Broadcast Plz SW","Albuquerque","NM","87104","5058428483","5052432285","483301","Television Stations & Broadcasting CO","www.krqe.com","0","0"
"Dairy Farmers Of America","5053592841","1820 S Industrial Dr","Portales","43160000","Darrell Harberts","Plant Mgr","Mal","47391","D","Dairy Farmers Of America","swills@dfamilk.com","1820 S Industrial Dr","Portales","NM","88130","2098832637","5053592841","202698","Fluid Milk (Manufacturers)","www.dfamilk.com","0","0"
"Betatron Electronics Inc","5058211122","1381 Flightway Ave SE # B","Albuquerque","36360000","Richard Gallegos","Owner","Mal","49265","B","Betatron Electronics Inc","bgallegos@betatronelectronics.com","1381 Flightway Ave SE # B","Albuquerque","NM","87106","5058217464","5058211122","506519","Electronic Equipment & Supplies-Whol","NULL","0","0"
"Capital Lumber Co","5058777222","3800 Broadway Blvd SE","Albuquerque","25410000","Butch Shafer","Manager","Mal","50823","C","Capital Lumber Co","dwillard@capital-lumber.com","3800 Broadway Blvd SE","Albuquerque","NM","87105","8014842066","5058777222","503109","Lumber-Wholesale","www.capital-lumber.com","0","0"
"Roberts Truck Ctr","5052437883","1623 Aspen Ave NW","Albuquerque","32350000","Blaine Roberts","Owner","Mal","52824","R","Roberts Truck Ctr","Blaine@robertstruck.com","1623 Aspen Ave NW","Albuquerque","NM","87104","5052426233","5052437883","551105","Truck-Dealers","NULL","0","2"
"Simplex Grinnell","5058893100","5200 Pasadena Ave NE # A","Albuquerque","40439000","Jack Howard","President","Mal","53177","S","Simplex Grinnell","jdquick@tycoint.com","5200 Pasadena Ave NE # A","Albuquerque","NM","87113","9074519545","5058893100","506315","Fire Protection Equipment & Supls (Whol)","www.simplexgrinnell.com","0","0"
"Sandia Oil Co","5052925494","1016 Eubank Blvd NE","Albuquerque","27400000","Doug Adams","Owner","Mal","53921","S","Sandia Oil Co","doug@sandiaoil.com","1016 Eubank Blvd NE","Albuquerque","NM","87112","5052925494","5052925494","517210","Gasoline & Oil-Wholesale","www.sandiaoil.com","0","0"
"Foamex LP","5055891167","2500 Airport Rd","Santa Teresa","39520000","Manny Chavez","Plant Mgr","Mal","54497","F","Foamex LP","foamexinfo@foamex.com","2500 Airport Rd","Santa Teresa","NM","88008","4235813780","5055891167","308601","Plastics-Foam (Manufacturers)","www.foamex.com","0","0"
"Xilinx Inc","5058282032","7801 Jefferson St NE","Albuquerque","39970000","","","","55615","X","Xilinx Inc","salesrep@quatraassociates.com","7801 Jefferson St NE","Albuquerque","NM","87109","4085597114","5058282032","367498","Semiconductors & Related Devices (Mfrs)","www.xilinx.com","0","0"
