"Car Max Auto Superstore","5058582438","5500 Alameda Blvd NE","Albuquerque","67100000","James Owens","Plant Mgr","Mal","11198","C","Car Max Auto Superstore","marketingsolutions@carmax.com","5500 Alameda Blvd NE","Albuquerque","NM","87113","9543827006","5058582438","551103","Automobile Dealers-Used Cars","www.carmax.com","0","1"
"TLC Plumbing Heating Cooling","5057619696","5000 Edith Blvd NE","Albuquerque","56400000","Dale Armstrong","Owner","Mal","17431","T","TLC Plumbing Heating Cooling","EmmondT@tlcplumbing.com","511 Comanche Rd NE","Albuquerque","NM","87107","5057619875","5057619696","171105","Plumbing Contractors","NULL","0","0"
"Delta Group Electronics Inc","5058837674","4801 Lincoln Rd NE","Albuquerque","87745000","Brett Greer","Manager","Mal","23605","D","Delta Group;  Inc","jclemons@deltagroupinc.com","4801 Lincoln Road N.E","ALBUQUERQUE","NM","87109","5058837674","5058835888","8999","Services NEC","DELTAGROUPINC.COM","0","0"
"Rio Grande Jewelers' Supply","5058393000","7500 Bluewater Rd NW","Albuquerque","85000000","Hugh Bell","Owner","Mal","34727","R","Rio Grande Jewelers' Supply","Bell@riogrande.com","7500 Bluewater Rd NW","Albuquerque","NM","87121","5058393001","5058393000","874213","Marketing Programs & Services","NULL","0","0"
"Jack B Henderson Construction","5058974231","10100 Trumbull Ave SE","Albuquerque","86000000","Mark Henderson","Owner","Mal","34812","J","Jack B Henderson Construction","Mark@jbhenderson.com","10100 Trumbull Ave SE","Albuquerque","NM","87123","5058974293","5058974231","152144","Construction Companies","NULL","0","0"
"Rio Grande Portland Cement","5052813351","11783 State Highway 337","Tijeras","65260000","Enrique Escalante","President","Mal","39222","R","Rio Grande Portland Cement","Enrique_Escalante@gcc.com","11783 State Highway 337","Tijeras","NM","87059","5058815304","5052813351","324101","Cement-Manufacturers","NULL","0","0"
"Lectrosonics Inc","5058924501","581 Laser Dr NE","Rio Rancho","53300000","Larry Fisher","President","Mal","41275","L","Lectrosonics Inc","service.repair@lectrosonics.com","581 Laser Dr NE","Rio Rancho","NM","87124","5058926243","5058924501","365103","Sound Systems & Equipment-Manufacturers","www.lectrosonics.com","0","0"
"Silver Bird LLC","5058817705","2506 Washington St NE","Albuquerque","50100000","Jeff Gibson","Owner","Mal","44695","S","Silver Bird LLC","g1999067@ms36.hinet.net","2506 Washington St NE","Albuquerque","NM","87110","3104510856","5058817705","509424","Indian Goods-Wholesale","www.lexpro.com","0","0"
"Zanios Foods","5058311411","221 Airport Dr NW","Albuquerque","92840000","Jim Zanios","CEO","Mal","50013","Z","Zanios Foods","cquillen@zaniosfoods.com","221 Airport Dr NW","Albuquerque","NM","87121","5058887955","5058311411","514939","Food Service-Distributors","www.zaniosfoods.com","0","0"
"Boeing Co","5054494600","4411 The 25 Way NE # 350","Albuquerque","98700000","Lee Gutheinz","Executive Director","Mal","50307","B","Boeing Co","patricia.a.frost@boeing.com","4411 The 25 Way NE # 350","Albuquerque","NM","87109","6617634355","5054494600","381201","Aerospace Industries","www.boeing.com","0","0"
"Valley Gas & Specialty Equip","5058841450","2801 Princeton Dr NE","Albuquerque","92511000","Michael Chandler","President","Mal","51593","V","Valley Gas & Specialty Equip","MC@union-gas.com","2801 Princeton Dr NE","Albuquerque","NM","87107","5058881040","5058841450","517207","Gas (Lpg) Bottled Bulk Equip/Supl (Whol)","NULL","0","0"
"Rich Ford Leasing","5052754519","8601 Lomas Blvd NE","Albuquerque","75200000","Darin Wade","Manager","Mal","52036","R","Rich Ford Leasing","jguidry@rich-ford.com","8601 Lomas Blvd NE","Albuquerque","NM","87112","5052712071","5052754519","751404","Automobile Leasing","www.rich-ford.com","0","0"
"F & A Dairy Products Inc","5055268304","355 Crawford Blvd","Las Cruces","64620000","Bob Snyder","Manager","Mal","53784","F","F & A Dairy Products Inc","tester@sigma4.net","355 Crawford Blvd","Las Cruces","NM","88007","5055213453","5055268304","202201","Cheese Processors","www.newman-center.org","0","0"
"Phelps Dodge Tyrone Inc","5055385331","Highway 90 S & Tyrone Mine Rd","Tyrone","53389000","Bryon Belew","Manager","Mal","55950","P","Phelps Dodge Tyrone Inc","communityaffairs@phelpsdodge.com","Highway 90 S & Tyrone Mine Rd","Tyrone","NM","88065","9157758887","5055385331","149901","Mining Companies","www.phelpsdodge.com","0","0"
