mail id,company,email,address,phone,fax,sic,sic description,web,,revenue id,company,address,city,state,zip,	metro,web,phone,fax,contact,position,gender,sales,# of employee,sic,sic_descrpiton,	,,
"30292","River City Metal & Machine Inc","rcmm@rivercitymetalmachine.com","614 Grantham Ave","3183961949","3183960244","171103","Sheet Metal Work Contractors","www.rivercitymetalmachine.com"," Email <---> Revenue ","161751","River City Metal & Machine Inc","614 Grantham Ave","West Monroe","LA","71292","Ouachita","www.rivercitymetalmachine.com","3183960244","3183961949","Chuck Cambre","Owner","Mal","5840000","40","171103","Sheet Metal ","3","0","1"
"7067","Marble Quarry","LG@gocampingamerica.com","399 Asbury Dr","9856740730","9856269786","503201","Marble-Cultured (Wholesale)","NULL"," Email <---> Revenue ","127435","Marble Quarry","399 Asbury Dr","Mandeville","LA","70471","St Tammany","","9856269786","9856740730","Gerald Lippert","President","Mal","9600000","20","503201","Marble-Cultu","3","0","1"
"85701","Clovis & Roche","OCyler@clovisroche.com","4401 N I 10 Service Rd W","5048356873","5048313030","732201","Collection Agencies","NULL"," Email <---> Revenue ","57246","Clovis & Roche","4401 N I 10 Service Rd W","Metairie","LA","70006","Jefferson","www.clovisroche.com","5048313030","5048356873","Owen Cyler","Owner","Mal","5530000","70","732201","Collection A","3","0","1"
"77961","Keystone Engineering Inc","keystone@keystoneengr.com","2439MANHATTANBLVDSTE411","5043629465","5043626899","871106","Engineers","null"," Email <---> Revenue ","113700","Keystone Engineering Inc","2439 Manhattan Blvd","Harvey","LA","70058","Jefferson","www.keystoneengr.com","5043629465","5043626899","Ed Genois","Manager","Mal","6320000","40","871111","Engineers-Co","3","0","1"
"29383","Red River Air Conditioning Inc","john@rraccontractors.com","3403 Marks St","3186359781","3186355269","171117","Air Conditioning Contractors & Systems","www.rraccontractors.com"," Email <---> Revenue ","158718","Red River Air Conditioning Inc","3403 Marks St","Shreveport","LA","71103","Caddo","www.rraccontractors.com","3186355269","3186359781","John Parks","Owner","Mal","8760000","60","171117","Air Conditio","3","0","1"
"76570","Robert Berning Productions","emetz@berning.com","710 Papworth Avenue","5048350467","5048348368","738999","Business Services Nec","INTEGRAMARK.COM"," Email <---> Revenue ","162398","Robert Berning Productions","710 Papworth Ave","Metairie","LA","70005","Jefferson","www.berning.com","5048348811","5048348864","Robert Berning","Owner","Mal","5652000","18","781205","Motion Pictu","3","0","1"
"51480","GFRC Shelters","andrea@deliciousart.com","3725 E Texas St","3187475598","3187475598","154215","Buildings-Portable","www.shadetreeinn.com"," Email <---> Revenue ","86610","GFRC Shelters","3725 E Texas St","Bossier City","LA","71111","Bossier","www.gfrc.com","3187475598","3187475964","H R Haas","Owner","Mal","6150000","20","154215","Buildings-Po","3","0","1"
"69834","Creative Presentations Inc","bedwards@creativepres.com","4441 N I 10 Service Rd W","5044549535","5044542749","573113","Audio-Visual Equipment-Dealers","NULL"," Email <---> Revenue ","61991","Creative Presentations Inc","4441 N I 10 Service Rd W","Metairie","LA","70006","Jefferson","www.creativepresentations.com","5044542749","5044549535","Barry Edwards","Owner","Mal","8712000","36","573113","Audio-Visual","3","0","1"
"91976","Interstate Insurance Inc","gjackson@interstateunderwriters.com","3003 Knight St","3188658300","3188657600","641114","Insurance-Excess & Surplus","www.interstateunderwriters.com"," Email <---> Revenue ","103517","Interstate Insurance Inc","3003 Knight St","Shreveport","LA","71105","Caddo","www.interstateunderwriters.com","3188657600","3188658300","Fielder Calhoun","Owner","Mal","5106000","37","641114","Insurance-Ex","3","0","1"
