mail id,company,email,address,phone,fax,sic,sic description,web,,revenue id,company,address,city,state,zip,	metro,web,phone,fax,contact,position,gender,sales,# of employee,sic,sic_descrpiton,	,,
"48777","Sweetlake Land & Oil Co","halexander@sweetlake.com","444 Pujo St","NULL","3374394041","655201","Land Companies","NULL"," Email <---> Revenue ","16059","Sweetlake Land & Oil Co","444 Pujo St","Lake Charles","LA","70601","Calcasieu","www.grossesavanne.com","3374394041","","Henry C Alexander","Owner","Mal","17960000","40","655201","Land Compani","4","0","1"
"92594","Universal Coil Mfr","chris@universalcoil.com","501 Bark St","5043678960","5043678880","506520","Coils-Electric (Wholesale)","www.universalcoil.com"," Email <---> Revenue ","193389","Universal Coil Mfr","501 Bark St","Harvey","LA","70058","Jefferson","www.universalcoil.com","5043678880","5043678960","Chris Murray","President","Mal","16160000","16","506520","Coils-Electr","4","0","1"
"94594","Brister's Design","Chuck.Brister@bristers.com","PO Box 649","9857484877","9857484889","559901","Carts-Motorized","NULL"," Email <---> Revenue ","43755","Brister's Design","62194 Commercial St","Roseland","LA","70456","Tangipahoa","www.bristers.com","9857484889","9857484877","Chuck Brister","Owner","Mal","21540000","60","559901","Carts-Motori","4","0","1"
"63139","Kilpatrick Life Insurance Co","crystal@klic.com","1801 Marshall St","3182220571","3184241274","631102","Insurance-Burial","www.klic.com"," Email <---> Revenue ","114000","Kilpatrick Life Insurance Co","1801 Marshall St","Shreveport","LA","71101","Caddo","www.klic.com","3184241274","3182220571","Virginia Shehee","Owner","Fem","21250000","25","631102","Insurance-Bu","4","0","1"
"59135","James Machine Works Inc","tguimbellot@jamesmachineworks.com","1521 Adams St","3183884245","3183226104","344304","Fabricated Plate Work-Boiler Shops","NULL"," Email <---> Revenue ","106274","James Machine Works Inc","1521 Adams St","Monroe","LA","71201","Ouachita","www.jmwinc.net","3183226104","3183884245","Paul Mc Elroy","Owner","Mal","15800000","160","344304","Fabricated P","4","0","1"
"66501","South Coast Paper","kloyd@southcoastpaper.com","835 Pride Dr","9855429716","9855421759","262101","Paper-Manufacturers","NULL"," Email <---> Revenue ","173953","South Coast Paper","835 Pride Dr","Hammond","LA","70401","Tangipahoa","www.southcoastpaper.com","9855421759","9855429716","Kenneth Loyd","President","Mal","11637000","27","262101","Paper-Manufa","4","0","1"
"43665","SOTEC","Ed@sotecfire.com","5800 Jefferson Hwy # E","5047339090","5047333337","506308","Fire Alarm Systems (Wholesale)","NULL"," Email <---> Revenue ","165776","SOTEC","5800 Jefferson Hwy # E","New Orleans","LA","70123","Jefferson","www.sotecfire.com","5047333337","5047339090","Ed Colton","Owner","Mal","24346000","37","506308","Fire Alarm S","4","0","1"
"57716","D & H Wholesale","David-Trussell@dhwholesale.com","609 Willow Glen Blvd","3182554285","3182513038","504704","Physicians & Surgeons Equip & Supls-Whol","NULL"," Email <---> Revenue ","64104","D & H Wholesale","609 Willow Glen Blvd","Ruston","LA","71270","Lincoln","www.dhwholesale.com","3182513038","3182554285","David Trussell","Owner","Mal","14950000","25","504704","Physicians &","4","0","1"
