mail id,company,email,address,phone,fax,sic,sic description,web,,revenue id,company,address,city,state,zip,	metro,web,phone,fax,contact,position,gender,sales,# of employee,sic,sic_descrpiton,	,,
"51942","Acme Truck lines","donawill@ktemca.com","121 Pailet Dr","5043682510","5043689389","421304","Trucking","ACMETRUCK.COM;ACMETRUCK.NET;ACMETRUCK.ORG;KTEMCA.COM;KTEMCA.NET;KTEMCA.ORG"," Email <---> Revenue ","22511","Acme Truck Line Inc","121 Pailet Dr","Harvey","LA","70058","Jefferson","www.acmetruck.com","5043682510","5043689389","Michael Coatney","CEO","Mal","83900000","1500","421307","Trucking-Hea","6","0","1"
"83646","Dynamic Offshore Contractors","Greg@dynamicind.com","4800 Carl W Bauer Rd","3373696795","3373696004","179977","Contractors","NULL"," Email <---> Revenue ","73245","Dynamic Offshore Contractors","4800 Carl W Bauer Rd","New Iberia","LA","70560","Iberia","","3373696004","3373696795","Greg Landry","President","Mal","74400000","600","179977","Contractors","6","0","1"
"60972","Volks Constructors Div","L.K@volksconst.com","17474 Old Jefferson Hwy","2256735973","2257535713","152144","Construction Companies","NULL"," Email <---> Revenue ","196373","Volks Constructors Div","17474 Old Jefferson Hwy","Prairieville","LA","70769","Ascension","www.volksconst.com","2257535713","2256735973","Laverne King","President","Mal","94400000","400","152144","Construction","6","0","1"
"32915","Chef John Folse & Co","laulief@jfolse.com","2517 S Philippe Ave","2256441295","2256446000","514101","Food Products (Wholesale)","NULL"," Email <---> Revenue ","53406","Chef John Folse & Co","2517 S Philippe Ave","Gonzales","LA","70737","Ascension","","2256446000","2256441295","John Folse","Owner","Mal","55713000","49","514101","Food Product","6","0","1"
"11585","Home Furniture Corp","lberwick@homefurn.com","1351 Surrey St","3372348577","3372348578","571216","Furniture-Dealers-Retail","NULL"," Email <---> Revenue ","7970","Home Furniture Corp","1351 Surrey St","Lafayette","LA","70501","Lafayette","www.homefurn.com","3372348578","3372348577","Ged Fleming","President","Mal","60000000","300","571216","Furniture-De","6","0","1"
"79634","Vetco Gray Inc","matteo.marini@ch.abb.com","1249 Evangeline Thruway","7758504808","3372351717","508428","Oil Field Equipment (Wholesale)","www.abb.com"," Email <---> Revenue ","195045","Vetco Gray Inc","1249 Evangeline Thruway","Broussard","LA","70518","Lafayette","www.abb.com","3372351717","3373651125","Dennis Ceasar","Plant Mgr","Mal","54400000","100","508428","Oil Field Eq","6","0","1"
"93679","Boise Cascade","nicole.maclellan@bc.net","140 Van Ply Rd","3183357000","3183351500","243501","Plywood & Veneers-Manufacturers","www.bc.net"," Email <---> Revenue ","41609","Boise Cascade","140 Van Ply Rd","Oakdale","LA","71463","Allen","www.bc.net","3183351500","3183357000","Tom Goodwin","Plant Mgr","Mal","58800000","350","243501","Plywood & Ve","6","0","1"
"69427","John Crane Inc","opt-out@johncrane.com","11955 Lakeland Park Blvd # 150","2563511028","2257528860","508440","Packings-Mechanical (Wholesale)","www.johncrane.com"," Email <---> Revenue ","109161","John Crane Inc","11955 Lakeland Park Blvd # 150","Baton Rouge","LA","70809","E Baton Rouge","www.johncrane.com","2257528860","2257528350","Frank Wells","Manager","Mal","54400000","100","508440","Packings-Mec","6","0","1"
"21489","Travel Network","popingos@richardoil.com","2330 Highway 70","2254738389","2254738458","4724","Travel agents","richardoil.com"," Email <---> Revenue ","160862","Richard Oil Co","2330 Highway 70","Donaldsonville","LA","70346","Ascension","www.richardoil.com","2254738389","2254738458","","","","67080000","20","517215","Oils-Petrole","6","0","1"
"86419","Fugro Chance Inc","rlabrie@fugrochance.com","200 Dulles Dr","3372371300","3372371300","449901","Surveyors-Marine","www.fugrochance.com"," Email <---> Revenue ","6719","Fugro Chance Inc","200 Dulles Dr","Lafayette","LA","70506","Lafayette","www.fugrochance.com","3372371300","","Phil Stutes","President","Mal","72100000","350","449901","Surveyors-Ma","6","0","1"
"93547","Waste Management Inc","sales_connecticut@wm.com","15505 Industry Way","5105685885","2256648802","495302","Garbage Collection","www.wastemanagement.com"," Email <---> Revenue ","198100","Waste Management Inc","15505 Industry Way","Walker","LA","70785","Livingston","www.wm.com","2256648802","2256648115","Albert Ott","President","Mal","65100000","300","495302","Garbage Coll","6","0","1"
"27313","Industrial Equipment & Engr","Sareen@ieeinc.net","2300 Louis Alleman Pkwy","3378821611","3378821944","508427","Machinery-New (Wholesale)","NULL"," Email <---> Revenue ","102511","Industrial Equipment & Engr","2300 Louis Alleman Pkwy","Sulphur","LA","70663","Calcasieu","www.ieeinc.net","3378821944","3378821611","Bal Sareen","Owner","Mal","50048000","92","508427","Machinery-Ne","6","0","1"
"44128","Savoy Medical Ctr","SavoyP@savoymedical.com","801 Poinciana Ave","3374683342","3374685261","806201","Medical Centers","NULL"," Email <---> Revenue ","167667","Savoy Medical Ctr","801 Poinciana Ave","Mamou","LA","70554","Evangeline","www.savoymedical.com","3374685261","3374683342","Peter Savoy","CEO","Mal","79500000","750","806201","Medical Cent","6","0","1"
"9435","Northrop Grumman Ship Systems","SteveS@jccx.com","4000 Peters Rd","5043684815","5043676553","505106","Steel-Distributors & Warehouses","NULL"," Email <---> Revenue ","141549","Northrop Grumman Ship Systems","4000 Peters Rd","Harvey","LA","70058","Jefferson","","5043676553","5043684815","Steve Sarbeck","President","Mal","52350000","50","505106","Steel-Distri","6","0","1"
"90233","Fugro Chance Inc","tgriffin@fugrochance.com","200 Dulles Dr","7137848162","3372371300","449901","Surveyors-Marine","www.fugrochance.com"," Email <---> Revenue ","6719","Fugro Chance Inc","200 Dulles Dr","Lafayette","LA","70506","Lafayette","www.fugrochance.com","3372371300","","Phil Stutes","President","Mal","72100000","350","449901","Surveyors-Ma","6","0","1"
"53641","Cypress Bayou Casino","TomOdisho@cypressbayou.com","PO Box 519","3379243322","3379237284","799302","Casinos","NULL"," Email <---> Revenue ","63835","Cypress Bayou Casino","832 Martin Luther King Rd","Charenton","LA","70523","St Mary","www.cypressbayou.com","3379237284","3379243322","Tom Odisho","President","Mal","86400000","900","799302","Casinos","6","0","1"
"91870","C-Port","TricheClarence@chouest.com","106 9th St # 1","9853961209","9853961200","138905","Oil Field Service","NULL"," Email <---> Revenue ","46904","C-Port","106 9th St # 1","Golden Meadow","LA","70357","Lafourche","www.chouest.com","9853961200","9853961209","Clarence Triche","President","Mal","64350000","450","138905","Oil Field Se","6","0","1"
"66667","Trinity Marine Products","trinity.mexico@trin.net","150 Highway 21","4099410551","9858453009","373101","Ship Builders & Repairers","www.trin.net"," Email <---> Revenue ","190054","Trinity Marine Products","150 Highway 21","Madisonville","LA","70447","St Tammany","www.trin.net","9858453009","9857925440","Randy Carlin","Plant Mgr","Mal","52540000","370","373101","Ship Builder","6","0","1"
"92133","Thomas S Cole","allison@wenrich.com","6428 Airport Road","3377833096","3377833802","458106","Airports","SUPERBLEND.NET;SUPERCOAT.NET;SUPERTAB.NET"," Email <---> Revenue ","202927","Wright Enrichment Inc","6428 Airport Rd","Crowley","LA","70526","Acadia","www.thewrightgroup.net","3377833096","3377830724","S L Wright Iv","Owner","Mal","77000000","100","283498","Pharmaceutic","6","0","1"
