mail id,company,email,address,phone,fax,sic,sic description,web,,revenue id,company,address,city,state,zip,	metro,web,phone,fax,contact,position,gender,sales,# of employee,sic,sic_descrpiton,	,,
"89170","Moody Price LLC","moodyprice@moodyprice.com","9015 Bluebonnet Blvd","3378375427","2257677755","505110","Tubing-Metal (Wholesale)","www.moodyprice.com"," Email <---> Revenue ","134871","Moody Price LLC","9015 Bluebonnet Blvd","Baton Rouge","LA","70810","E Baton Rouge","www.moodyprice.com","2257677755","2257636005","Danny Daniel Jr","President","Mal","48000000","28","505110","Tubing-Metal","5","0","1"
"11607","Entercom Communications","kbeck@entercom.com","1450 Poydras St # 500","7574731100","5045936376","731303","Advertising-Radio","www.entercom.com"," Email <---> Revenue ","76736","Entercom Communications","1450 Poydras St # 500","New Orleans","LA","70112","Orleans","www.entercom.com","5045936376","5045931850","Connie Macera","Manager","Fem","24450000","150","731303","Advertising-","4","0","1"
"87846","Lafayette Security & Elctrncs","james@securitybyaps.com","4440 Trenton St","5044545079","5044570111","874813","Security Systems Consultants","www.securitybyaps.com"," Email <---> Revenue ","116998","Lafayette Security & Elctrncs","4440 Trenton St","Metairie","LA","70006","Jefferson","www.securitybyaps.com","5044570111","5044545079","Spencer Smith","Owner","Mal","11250000","50","874813","Security Sys","4","0","1"
"25333","North American Shipbuilding","gary.rook@chouest.com","PO Box 580","9857987818","9856934072","3731","Ship Building and Repairing (except repairs in floating drydocks)","NULL"," Email <---> Revenue ","12309","North American Shipbuilding","800 Industrial Park Rd","Larose","LA","70373","Lafourche","","9856934072","9857987818","","","","21300000","150","373101","Ship Builder","4","0","1"
"69229","Arrow Aviation","Cyril@arrowaviationco.com","1318 Smede Hwy","3373644186","3373644357","559910","Helicopter-Dealers","NULL"," Email <---> Revenue ","30606","Arrow Aviation","1318 Smede Hwy","Broussard","LA","70518","Lafayette","www.arrowaviationco.com","3373644357","3373644186","Cyril Guidry","Owner","Mal","10770000","30","559910","Helicopter-D","4","0","1"
"20471","ASI Federal Credit Union","spoof@ebay.com","5508 Citrus Blvd","3527264024","5047337274","606102","Federally Chartered Credit Unions","www.brannenbanks.com"," Email <---> Revenue ","20892","ASI Federal Credit Union","5508 Citrus Blvd","Harahan","LA","70123","Jefferson","www.asifcu.org","5047337274","5047331275","","","","23300000","100","606102","Federally Ch","4","0","1"
"27472","Pinnacle Precision Svc","Ivey@pinnacleprecision.com","9228 Mammoth Ave","2259288998","2259281988","508471","Machinery-Rebuilding & Repairing (Whol)","NULL"," Email <---> Revenue ","150446","Pinnacle Precision Svc","9228 Mammoth Ave","Baton Rouge","LA","70814","E Baton Rouge","www.pinnacleprecision.com","2259281988","2259288998","Daniel Ivey","Owner","Mal","19040000","35","508471","Machinery-Re","4","0","1"
"73071","Furnace & Tube Svc","fts@furnaceandtube.com","13130 Highway 44","2256214511","2256214500","171102","Heating Contractors","www.furnaceandtube.com"," Email <---> Revenue ","86041","Furnace & Tube Svc","13130 Highway 44","Gonzales","LA","70737","Ascension","www.furnaceandtube.com","2256214500","2256214511","Lonnie Maulden","Owner","Mal","11680000","80","171102","Heating Cont","4","0","1"
"91657","Elderwood Preserving Co","ggagnard@elderwoodpreserving.com","334 Elderwood Rd","3189645276","3189642196","249101","Lumber-Treating","www.elderwoodpreserving.com"," Email <---> Revenue ","75576","Elderwood Preserving Co","334 Elderwood Rd","Mansura","LA","71350","Avoyelles","www.elderwoodpreserving.com","3189642196","3189645276","Joe Elder Jr","Owner","Mal","18000000","60","249101","Lumber-Treat","4","0","1"
"91250","Airgas Gulf States","daniel.bartel@airgas.com","102 S Church St","2549396455","3378240841","517205","Gas-Indstrl/Med-Cylinder & Bulk (Whol)","www.airgas.com"," Email <---> Revenue ","24317","Airgas Gulf States","102 S Church St","Jennings","LA","70546","Jefferson Dvs","www.airgas.com","3378240841","","Michael Matt","Manager","Mal","10062000","3","517205","Gas-Indstrl/","4","0","1"
"74830","Targil Inc","todd@targil.com","229 Wartell Ave","3379428759","3379426276","508709","Butchers Equipment & Supplies (Whol)","www.targil.com"," Email <---> Revenue ","184360","Targil Inc","229 Wartell Ave","Opelousas","LA","70570","St Landry","www.targil.com","3379426276","3379428759","Ted Bellard","Owner","Mal","5536000","16","508709","Butchers Equ","3","0","1"
"39536","Pump Systems Inc","pumpsys@pumpsystemsnola.com","6300 Humphreys St","5047340930","5047330670","508444","Pumps (Wholesale)","www.pumpsystemsnola.com"," Email <---> Revenue ","155007","Pump Systems Inc","6300 Humphreys St","Harahan","LA","70123","Jefferson","www.pumpsystemsnola.com","5047330670","5047340930","August Kuntz","Owner","Mal","5440000","10","508444","Pumps (Whole","3","0","1"
"5198","HUNT FOREST PRODUCTS","jwguillot@huntforpro.com","401 Reynolds Dr","3182552245","null","359915","Industrial Equipment & Supplies","HUNTFORESTPRODUCTS.BIZ;HUNTFORPRO.BIZ;HUNTPLY.BIZ;RUSTONINDUSTRIAL.COM;RUSTONINDUSTRIALSUPPLIES.COM"," Email <---> Revenue ","100986","Hunt Forest Products Inc","401 E Reynolds Dr","Ruston","LA","71270","Lincoln","www.huntforpro.com","3182552245","3182540476","Alex T Hunt Jr","Owner","Mal","6552000","39","243501","Plywood & Ve","3","0","1"
"50847","Propaganda Group Inc","brianh@propagandagroup.com","400 Madison St","5043613720","5043650230","506507","Sound Systems & Equipment (Wholesale)","NULL"," Email <---> Revenue ","154500","Propaganda Group Inc","400 Madison St","Gretna","LA","70053","Jefferson","","5043650230","5043613720","Brian Harbar","Owner","Mal","9090000","9","506507","Sound System","3","0","1"
"92688","Coburn Supply Co","web_operations@coburns.com","301 Jefferson Ter","3379817180","3373679212","508503","Pipe Fittings (Wholesale)","www.coburns.com"," Email <---> Revenue ","57614","Coburn Supply Co","301 Jefferson Ter","New Iberia","LA","70560","Iberia","www.coburns.com","3373679212","3373697241","Dane Latiolais","Manager","Mal","7980000","14","508503","Pipe Fitting","3","0","1"
"62119","Rasco Manufacturing","Ramzi@ab2z.com","11674 Darryl Dr","2252733176","2252733163","519914","Novelties-Wholesale","NULL"," Email <---> Revenue ","157806","Rasco Manufacturing","11674 Darryl Dr","Baton Rouge","LA","70815","E Baton Rouge","www.ab2z.com","2252733163","2252733176","Ramzi Shahla","Owner","Mal","8616000","12","519914","Novelties-Wh","3","0","1"
"90210","Tarpon Rentals","koozan@tarponrentals.com","306 Redmond Rd","9858682960","9858721960","735937","Oil Well Equipment & Supplies-Renting","www.tarponrentals.com"," Email <---> Revenue ","184367","Tarpon Rentals","306 Redmond Rd","Houma","LA","70363","Terrebonne","www.tarponrentals.com","9858721960","9858682960","Ernest Gautreaux","Owner","Mal","5490000","30","735937","Oil Well Equ","3","0","1"
"80840","LAPIERRE;  MICHELE","jay@peoplewhothink.com","No.3 Schenkers Dr","5044681577","5044681244","8999","Services NEC","PARADEDESIGNS.COM"," Email <---> Revenue ","46480","C B Industries","3 Schenkers Dr","Kenner","LA","70062","Jefferson","www.cbiwp.com","5044681577","5044681244","C J Marcello","President","Mal","8136000","12","513132","Laces-Wholes","3","0","1"
