"Lakeland Animal Nutrition","8636655722","2801 S Combee Rd","Lakeland","33250000","C J Brown","Manager","","12969","L","Lakeland Animal Nutrition","nutrition@lanutrition.com","2801 S Combee Rd","Lakeland","FL","33803","8636655722","8636869427","519112","Feed-Dealers (Wholesale)","www.lanutrition.com","0","0"
"CARPET ONE BROWN VANN","3867523420","131 W DUVAL ST","LAKE CITY","26000000","SAMUEL PAUL VANN SR","Manager","M","15071","B","Brown-Vann Carpet One","paulv@brown-vann.com","810 East Duval St/Hwy 90 East","LAKE CITY","FL","32055","3867523420","3867528093","571305","Carpet & Rug Dealers","null","0","0"
"PEPIN DISTRIBUTING CO","8136266176","4121 N 50TH ST","TAMPA","42300000","TOM PEPIN","Chief Executive Office","M","26683","P","Pepin Distributing Co","jhackman@pepindist.com","6401 N 54th St","Tampa","FL","33610","8136265800","8136266176","518101","Beer & Ale-Wholesale","NULL","0","0"
"Sarasota Opera Assn Inc","9413668450","61 N Pineapple Ave","Sarasota","28200000","Susan Danis","President","Fem","28290","S","Sarasota Opera Assn Inc","webmanager@nycopera.com","61 N Pineapple Ave","Sarasota","FL","34236","2128704285","9413668450","792207","Theatres-Live","www.nycopera.com","0","1"
"SMI Joist","9049644851","PO Box 310","Starke","38325000","Peter Booth","Plant Mgr","Mal","34931","S","SMI Joist","Mark.Ripke@commercialmetals.com","PO Box 310","Starke","FL","32091","9049642995","904-964-4851","3441","Fabricated Structural Metal","NULL","0","0"
"CARPET ONE DESIGN CTR","3864473611","1050 PALM COAST PKWY","PALM COAST","26000000","EARL SPENCER","Manager","M","37053","C","Carpet One Design Center","starkcarpetone@shawus.com","907 Clubhouse Blvd","PALM COAST","FL","32137","3864473611","3866721105","571305","Carpet & Rug Dealers","null","0","0"
"BOOK RACK","2399391181","1952 PARK MEADOWS DR STE 7","FORT MYERS","37500000","CAROLE BADGER","Owner","F","37492","B","Book Rack","B_Carole@bookrackbooks.com","1952 Park Meadows Dr # 7","Fort Myers","FL","33907","NULL","2399391181","593201","Book Dealers-Used & Rare","NULL","0","0"
"CONE DISTRIBUTING INC","3527324111","500 NW 27TH AVE","OCALA","26200000","DOUGLAS CONE JR","Chief Executive Office","M","47050","C","Cone Distributing Inc","tj.delapena@mail.cone.com","500 NW 27th Ave","Ocala","FL","34475","3526907555","3527324111","518101","Beer & Ale-Wholesale","NULL","0","0"
"SOUTHERN TESTING & RESEARCH","9047277878","1127 ARLINGTON RD N","JACKSONVILLE","30100000","ADNAN YAZIGI","Manager","M","49198","S","Southern Testing & Research","AdnanYazigi@southerntesting.com","1127 Arlington Rd N","Jacksonville","FL","32211","NULL","9047277878","873414","Laboratories-Analytical","NULL","0","0"
"Aqua Air Mfg","3058848363","1050 E 9th St","Hialeah","37750000","James D Nall","Owner","Mal","62120","A","Aqua Air Mfg","J-Nall@aquaair.com","1050 E 9th St","Hialeah","FL","33010","3058838549","3058848363","508811","Marine Equipment & Supplies-Wholesale","NULL","0","0"
"Certified Security Systems","9048251144","9456 Philips Hwy # 7","Jacksonville","39480000","Joe Hassan","Owner","Mal","62649","C","Certified Security Systems","Joe@certified-security.com","9456 Philips Hwy # 7","Jacksonville","FL","32256","NULL","9048251144","506304","Security Control Equip & Systems-Whol","NULL","0","0"
"HONEY BAKED HAM","9416253626","2605 TAMIAMI TRL","PT CHARLOTTE","48000000","JACK HENSLEY","Owner","M","63509","H","Honey Baked Ham","Jack_Hensley@honeybaked.com","2605 Tamiami Trl","Port Charlotte","FL","33952","NULL","9416253626","542107","Meat-Retail","NULL","0","0"
"Fry-Hammond-Barr Inc","4078490100","600 E Washington St","Orlando","25000000","Pete Barr Sr","Owner","Mal","66627","F","Fry-Hammond-Barr Inc","jsternberg@fhbnet.com","600 E Washington St","Orlando","FL","32801","4078490817","4078490100","731101","Advertising-Agencies & Counselors","NULL","0","0"
"East Coast Fruit Co","9043557591","3335 Edgewood Ave N","Jacksonville","49590000","Jerry Portnoy","Owner","Mal","74223","E","East Coast Fruit Co","Jerry.Portnoy@weyandeast.com","3335 Edgewood Ave N","Jacksonville","FL","32254","9047919274","9043557591","514801","Fruits & Vegetables-Wholesale","NULL","0","0"
"Naylor Publications","3523321252","5950 NW 1st Pl","Gainesville","34798000","Michael Moss","President","Mal","79051","N","Naylor Publications","Michael@naylor.com","5950 NW 1st Pl","Gainesville","FL","32607","3523313525","3523321252","274107","Publishers-Directory & Guide","NULL","0","0"
"Seasonshield Inc","9414971984","355 Center Ct","Venice","47250000","William Gill","President","Mal","79199","S","Seasonshield Inc","william.gill@seasonshield.com","355 Center Ct","Venice","FL","34285","9414976780","9414971984","321101","Glass-Manufacturers","NULL","0","0"
"Burton Golf Inc","8502448651","654 Anchors St NW","Fort Walton Bch","34650000","Don Ochsenreiter","CEO","Mal","80545","B","Burton Golf Inc","mike@aldaycommunications.com","654 Anchors St NW","Fort Walton Bch","FL","32548","8506640030","8502448651","394923","Sporting Goods-Manufacturers","www.burtongolf.com","0","0"
"Marble Kare Products","5619975858","5030 Champion Blvd","Boca Raton","30030000","Kevin Ressler","Owner","Mal","83216","M","Marble Kare Products","kevin@marblekareusa.com","5020 Champion Boulevard G-6; #242","Boca Raton","FL","33496","null","null","5211","Building materials","marblekareproducts.com","0","0"
"United Health Care","4078721000","800 N Magnolia Ave","Orlando","25760000","Matthew Davies","CEO","Mal","97656","U","United Health Care","Davies-Matthew@uhc.com","800 N Magnolia Ave","Orlando","FL","32803","4076596930","4078721000","809904","Health Maintenance Organizations","NULL","0","2"
"Advanced Cable Communications","9543447100","12409 NW 35th St","Coral Springs","33900000","Jim Pagano","Manager","Mal","109453","A","Advanced Cable Communications","mikemilo@advancedcable.net","12409 NW 35th St","Coral Springs","FL","33065","9547539866","9543447100","484101","Television-Cable & Catv","www.accvideo.com","0","0"
"GLOBAL TRAVEL INTL INC","4076607800","2600 LAKE LUCIEN DR STE 201","MAITLAND","41200000","RANDALL WARREN","Chief Executive Office","M","114426","G","Global Travel International","mmchale@gtiweb.com","2300 Maitland Center Parkway 140","MAITLAND","FL","32751","4076607800","4078750711","4724","Travel agents","GLOBALTRAVELSUCKS.COM;PASSENGERIGHTS.COM","0","0"
"Bunch & Assoc","8636690861","PO Box 32037","Lakeland","48375000","Cynde Bunch","Owner","Fem","123571","B","Bunch & Assoc","Cynde@bunchcare.com","PO Box 32037","Lakeland","FL","33802","8636689553","8636690861","874842","Medical Management Consultants","NULL","0","0"
"Century Everglades Lumber","3052611155","6991 SW 8th St","Miami","30000000","Luis Mendoza","CEO","Mal","125593","C","Century Everglades Lumber","Luis_Mendoza@evergladeslumber.com","6991 SW 8th St","Miami","FL","33144","3052618972","3052611155","349903","Metal Goods-Manufacturers","NULL","0","0"
"GEO PHARMA INC","7275448866","6950 BRYAN DAIRY RD","SEMINOLE","49700000","MIHIR K TANEJA","Chief Executive Office","M","129439","G","Geo Pharma Inc","mkt@onlineihp.com","6950 Bryan Dairy Rd","Largo","FL","33777","7275444386","7275448866","283401","Drug-Manufacturers","NULL","0","0"
"Hialeah Dying & Finishing","3058360155","2175 E 11th Ave","Hialeah","36600000","Jorge Canals","President","Mal","133069","H","Hialeah Dying & Finishing","JorgeC@arcaknitting.com","2175 E 11th Ave","Hialeah","FL","33013","3056936055","3058360155","226101","Textile Finishing (Manufacturers)","NULL","0","0"
"Groundworks Of Palm Beach","5617384880","8140 93rd Ln S","Boynton Beach","42480000","George Nottingham","Owner","Mal","133900","G","Groundworks Of Palm Beach","G_N@datepalm.net","8140 93rd Ln S","Boynton Beach","FL","33437","5617381964","5617384880","509901","Exporters","NULL","0","0"
"JUICE PLUS","8509369430","PO BOX 5186","NAVARRE","35000000","TERRI SAVOIE","President","F","138757","J","Juice Plus","Terri@betterthanjuicing.com","7855 Gulf Blvd","Navarre","FL","32566","NULL","8509369430","543104","Juices-Retail","NULL","0","0"
"Lotspeich Co Inc","3056247777","16101 NW 54th Ave","Hialeah","46690000","Jim Mandich","President","Mal","139546","L","Lotspeich Co Inc","butlerm@lotspeich.com","16101 NW 54th Ave","Hialeah","FL","33014","3056244517","3056247777","571306","Floor Materials","NULL","0","0"
"Pullman-Holt Corp","8139712223","PO Box 16647","Tampa","44800000","Thomas Halluska","CEO","Mal","144651","P","Pullman-Holt Corp","kweber@pullmanholtcorp.com","PO Box 16647","Tampa","FL","33687","8139716090","8139712223","358998","Service Industry Machinery Nec (Mfrs)","NULL","0","0"
"White Commercial Corp","7722832420","1101 SE Ocean Blvd","Stuart","41745000","John Werner","President","Mal","150976","W","White Commercial Corp","cindy@whitecommercial.com","1101 SE Ocean Blvd","Stuart","FL","34996","7722832420","7722881685","515302","Grain Brokers","www.whitecommercial.com","0","0"
"Kennedy Space Ctr Visitor","3214522121","State Road 405","Kennedy Spc Ctr","48300000","Roy D Bridges","CEO","Mal","166889","K","Kennedy Space Ctr Visitor","Bridges@dncinc.com","State Road 405","Kennedy Spc Ctr","FL","32899","3214494284","3214522121","799963","Sightseeing Tours","NULL","0","0"
"OPICI WINES","5618423113","PO BOX 530275","WEST PALM BEACH","26400000","HUBERT OPICI","President","M","172735","O","Opici Wines","opicid@opici.com","PO Box 530275","West Palm Beach","FL","33403","5618423163","5618423113","518203","Wines-Wholesale","NULL","0","0"
"Hammock Creek Maintenance","7722202119","4900 SW Berry Ave","Palm City","35040000","","","","177331","H","Hammock Creek Maintenance","jodi@hammockcreek.com","4900 SW Berry Ave","Palm City","FL","34990","7722202119","7722202119","154227","Maintenance Contractors","www.hammockcreek.com","0","0"
"EARTH FIRST TECHNOLOGIES INC","8132385010","2515 E HANNA AVE","TAMPA","41700000","JOHN D STANTON","Chief Executive Office","M","186790","E","Electric Machinery Enterprises; Inc","sbruce@e-m-e.com","2515 E. Hanna Avenue","TAMPA","FL","33610","8132385010","8132388490","4931","Electric services","E-M-E.COM","0","0"
"LAIRD PLASTICS","8133191000","8320 E ADAMO DR # 12","TAMPA","32000000","GREG CONNORS","Manager","M","193851","L","Laird Plastics","erik@bosrup.com","8320 Adamo Dr # 12","Tampa","FL","33619","9166245249","8133191000","308902","Plastics & Plastic Products (Mfrs)","www.unitedrentals.com","0","0"
"Wakely & Assoc Inc","7275848128","33 N Garden Ave # 1100","Clearwater","32160000","John J Anthony","President","Mal","198556","W","Wakely & Assoc Inc","wayne.lefleur@wakelyinc.com","33 N Garden Ave # 1100","Clearwater","FL","33755","7275845613","7275848128","899910","Actuaries","NULL","0","1"
"PRO SOURCE","3212541488","5095 INDUSTRY DR","MELBOURNE","26000000","KIM QUINLIVAN","Owner","F","203043","P","Pro Source","Quinlivan@prosourceinc.com","5095 Industry Dr","Melbourne","FL","32940","3212541408","3212541488","571305","Carpet & Rug Dealers-New","NULL","0","0"
"BEN HILL GRIFFIN INC","8636352251","700 S SCENIC HWY","FROSTPROOF","28000000","BEN HILL GRIFFIN III","Chief Executive Office","M","206526","B","Ben Hill Griffin Inc","bgriffin@bhgriffin.com","PO Box 127","Frostproof","FL","33843","8636357333","8636352251","072303","Citrus Fruit Processing","NULL","0","0"
"ARCH ALUMINUM & GLASS CO INC","9547241775","10200 NW 67TH ST","TAMARAC","46000000","LEON SILVERSTEIN","Chief Executive Office","M","215915","A","Arch Aluminum & Glass Co; Inc","mweiss@archaluminum.net","10200 NW 67 Street","FORT LAUDERDALE","FL","33321","9547241775","null","1099","Metal ores","ARMORBACK.COM","0","0"
"ALL AMERICAN FORD","8508771171","243 N MAGNOLIA DR","TALLAHASSEE","40400000","JOEY ACCARDI","President","M","216703","A","All American Ford","jayg@allamericanford.us","243 N Magnolia Dr","Tallahassee","FL","32301","8506711964","8508771171","551103","Automobile Dealers-Used Cars","www.tallahasseeford.com","0","1"
"PEXCO PRODUCE SALES","8137525619","1307 DR MARTIN L KING JR BLVD","PLANT CITY","35800000","MICHAEL PEACE","Manager","M","238687","P","Pexco Produce Sales","jguida@pexcoproduce.com","1305 W Dr Martin L King Jr # 8","Plant City","FL","33563","8137528710","8137525619","514801","Fruits & Vegetables-Wholesale","www.pexcoproduce.com","0","0"
"Ambassador Services","3217844646","245 Challenger Rd","Cape Canaveral","31320000","Randy May","Owner","Mal","239133","A","Ambassador Services","M-Randy@ambassadorservices.net","245 Challenger Rd","Cape Canaveral","FL","32920","3217992067","3217844646","472904","Steamship Agencies","NULL","0","0"
"JHT Construction","4073817797","13501 Ingenuity Dr # 300","Orlando","27400000","Jim Jardon","President","Mal","241036","J","JHT Construction","JardonJim@jht.com","13501 Ingenuity Dr # 300","Orlando","FL","32826","4073810017","4073817797","274119","Multimedia (Manufacturers)","NULL","0","0"
"Comprehensive Care Corp","8132884808","204 S Hoover Blvd # 200","Tampa","27583000","Mary Jane Johnson","CEO","Fem","243123","C","Comprehensive Care Corp","mjohnson@comprehensivecare.com","204 S Hoover Blvd # 200","Tampa","FL","33609","8132884844","8132884808","806301","Mental Health Services","NULL","0","0"
"Transcontinental Title","8138544785","4033 Tampa Rd","Oldsmar","29100000","John Innes","Owner","Mal","247017","T","Transcontinental Title","JohnI@tctitle.com","4033 Tampa Rd","Oldsmar","FL","34677","NULL","8138544785","654102","Title Companies","NULL","0","0"
"Equico","9542553411","3111 N University Dr # 802","Coral Springs","33200000","Alan Langer","President","Mal","249284","E","Equico","alanger@rsmequico.com","3111 N University Dr # 802","Coral Springs","FL","33065","9542553332","9542553411","628205","Financial Planning Consultants","NULL","0","0"
"GENCOR INDUSTRIES INC","4072906000","5201 N ORANGE BLOSSOM TRL","ORLANDO","31300000","E J ELLIOTT","Chief Executive Office","M","253162","G","Gencor Industries Inc","lorrel@gencor.com","5201 N Orange Blossom Trl","Orlando","FL","32810","4075780577","4072906000","353101","Machinery-Manufacturers","NULL","0","0"
"Payne Air Conditioning & Htg","8636866163","1048 E Oleander St","Lakeland","28404000","Stephen Walker","President","Mal","253605","P","Payne Air Conditioning & Htg","Stephen@payneair.com","1048 E Oleander St","Lakeland","FL","33801","8636866161","8636866163","358506","Refrigeration Equipment-Truck (Mfrs)","NULL","0","0"
"RELM WIRELESS CORP","3219841414","7100 TECHNOLOGY DR","MELBOURNE","28500000","DAVID P STOREY","Chief Executive Office","M","256221","R","Relm Wireless Corp","gfloyd@relm.com","7100 Technology Dr","Melbourne","FL","32904","3219847904","3219841414","366302","Communication Equipment-Manufacturers","NULL","0","0"
"Transit Plus","9042416004","58 W 9th St","Atlantic Beach","44400000","Debra Jackral","Owner","Fem","256722","T","Transit Plus","Jackral.Debra@transitplus.net","58 W 9th St","Atlantic Beach","FL","32233","9042410507","9042416004","501209","Buses-New & Used (Wholesale)","NULL","0","0"
"BBF PRINTING SOLUTIONS","7275458703","10950 BELCHER RD S","SEMINOLE","39200000","JOSEPH BAKER","Chief Executive Office","M","256923","B","Bbf Printing Solutions","BakerJ@bbfprinting.com","10950 Belcher Rd S","Largo","FL","33777","7275451203","7275458703","511207","Business Forms & Systems (Wholesale)","NULL","0","0"
"Sabine Inc","3864182000","13301 Martin Luther King Hwy","Alachua","46060000","Doran Oster","CEO","Mal","262356","S","Sabine Inc","Rob.Rothschild@sabineinc.com","13301 Martin Luther King Hwy","Alachua","FL","32615","3864182001","3864182000","506335","Electronic-Mfrs Representatives (Whol)","NULL","0","0"
"VELDA FARMS","8636864441","402 S KENTUCKY AVE STE 500","LAKELAND","45000000","GLEN HERRINGTON","President","M","269545","V","Velda Farms","tom.cook@veldafarms.com","402 S. Kentucky Ave","Lakeland","FL","33801","8636864441","null","019101","FARMS","FLAVORICH.COM","0","0"
"Drawdy Brothers Construction","7724648160","2945 W Midway Rd","Fort Pierce","38700000","Troy Drawdy","President","Mal","269766","D","Drawdy Brothers Construction","TroyDrawdy@drawdybrothers.com","2945 W Midway Rd","Fort Pierce","FL","34981","7724640360","7724648160","177105","Concrete Contractors","NULL","0","0"
"M Tron/Pti","4072982000","2525 Shader Rd","Orlando","39200000","William Horton","CEO","Mal","270993","M","M Tron/Pti","Horton@piezotech.com","2525 Shader Rd","Orlando","FL","32804","4072932979","4072982000","367901","Electronic Equipment & Supplies-Mfrs","NULL","0","0"
"ROCKY MOUNTAIN CHOCOLATE","4073828692","869 N ALAFAYA TRL","ORLANDO","28000000","LISA MESTER","President","F","280183","R","Rocky Mountain Chocolate","Lisa.Mester@rmcfbreck.com","869 N Alafaya Trl","Orlando","FL","32828","NULL","4073828692","544101","Candy & Confectionery-Retail","NULL","0","0"
"Maxi Vision","7279430702","40146 Us Highway 19 N","Tarpon Springs","27860000","Rodney Horton","Owner","Mal","282266","M","Maxi Vision","RodneyH@slacktide.com","40146 Us Highway 19 N","Tarpon Springs","FL","34689","NULL","7279430702","512205","Vitamins & Food Supplements-Wholesale","NULL","0","0"
"TOURIST INFORMATION CTR","3862575735","100 E GRANADA BLVD","ORMOND BEACH","25000000","STEVE SCHLOSSBERG","President","M","287862","T","Tourist Information Ctr","S_Schlossberg@accumen.com","100 E Granada Blvd","Ormond Beach","FL","32176","3862570513","3862575735","874213","Marketing Programs & Services","NULL","0","0"
"BOOK RACK","3867567816","3818 S CLYDE MORRIS BLVD","PORT ORANGE","37500000","BETSY GLYNN","Owner","F","288982","B","Book Rack","Glynn_Betsy@bookrack-franchise.com","3818 S Clyde Morris Blvd","Port Orange","FL","32129","NULL","3867567816","593201","Book Dealers-Used & Rare","NULL","0","0"
"Airstron Inc","9549231654","1559 SW 21st Ave","Fort Lauderdale","45900000","James Pasccui Jr","Owner","Mal","290389","A","Airstron Inc","jpascuccijr@airstron.com","1559 SW 21st Ave","Fort Lauderdale","FL","33312","9543211924","9549231654","507804","Refrigerating Equip-Coml (Wholesale)","NULL","0","0"
"Bomar Industries Inc","5616426633","2201 4th Ave N","Lake Worth","43470000","Nimi Natan","CEO","Mal","291186","B","Bomar Industries Inc","Nimi.Natan@bomartrim.com","2201 4th Ave N","Lake Worth","FL","33461","5616424253","5616426633","154102","Designers-Industrial","NULL","0","0"
"Davis Gas Co","3523723383","205 NE 33rd Ave","Gainesville","30186000","George Davis","Owner","Mal","292921","D","Davis Gas Co","gdavis@davisgas.com","205 NE 33rd Ave","Gainesville","FL","32609","3523368012","3523723383","517208","Gas-Liquefied Petro-Bttld/Bulk (Whol)","NULL","0","0"
"Absolute Storage Products","4078551062","PO Box 621447","Orlando","29085000","Brian Reece","Owner","Mal","299020","A","Absolute Storage Products","mcummings@absolutestorageproducts.com","PO Box 621447","Orlando","FL","32862","4078593058","4078551062","353701","Loading Dock Equipment-Manufacturers","NULL","0","0"
"Nortrax","4072991212","4333 N John Young Pkwy","Orlando","26640000","Ralph Fetzer","Manager","Mal","302168","N","Nortrax","usedparts@nortrax.com","4333 N John Young Pkwy","Orlando","FL","32804","7158318230","4072991212","508206","Contractors-Equip/Supls-Dlrs/Svc (Whol)","www.nortrax.com","0","0"
"VOLVO RENTS","4073848200","7616 NARCOOSSEE RD","ORLANDO","28400000","GARY TRIPP","Manager","M","302875","V","Volvo Rents","melbourne@volvorents-cer.com","7616 Narcoossee Rd","Orlando","FL","32822","4074824003","4073848200","735910","Rental Service-Stores & Yards","www.volvorents-cer.com","0","0"
"Twc Services","4078982222","PO Box 532118","Orlando","39800000","James Okley","President","Mal","310587","T","Twc Services","JO@twcservices.com","PO Box 532118","Orlando","FL","32853","4078987103","4078982222","504604","Restaurant Equipment & Supplies (Whol)","NULL","0","0"
"PAR International","3527991880","2385 Aerial Way","Brooksville","28320000","Jerry Henderson","Owner","Mal","313750","P","PAR International","Henderson@parinternational.com","2385 Aerial Way","Brooksville","FL","34604","3527990200","3527991880","509908","Manufacturers-Agents & Representatives","NULL","0","0"
"Ashe Industries Corporate","8132472743","4505 Transport Dr","Tampa","35598000","Robert Ashe","Manager","Mal","318569","A","Ashe Industries Corporate","steve@asheindustries.com","4505 Transport Dr","Tampa","FL","33605","8132472809","8132472743","505128","Aluminum (Wholesale)","www.asheindustries.com","0","0"
"INTER-TEL TECHNOLOGIES INC","8138841010","8010 WODLND CNTR BLVD STE 1200","TAMPA","37400000","BRYAN MERRELL","Manager","M","319344","I","Inter-Tel Technologies Inc","jim_davis@inter-tel.com","8010 Woodland Ctr Blvd # 1200","Tampa","FL","33614","8138802915","8138841010","599904","Telephone Equipment & Supplies","NULL","0","0"
"WCJB","3523772020","6220 NW 43rd St","Gainesville","26860000","","","","322250","W","WCJB","desk@wcjb.com","6220 NW 43rd St","Gainesville","FL","32653","3523736516","3523772020","483301","Television Stations & Broadcasting CO","www.wcjb.com","0","0"
"Miller Electric","9043888000","PO Box 1799","Jacksonville","42000000","Buck Autrey","CEO","Mal","323196","M","Miller Electric","BuckAutrey@millerelec.com","PO Box 1799","Jacksonville","FL","32201","9043898653","9043888000","173101","Electric Contractors","NULL","0","2"
"PITTMAN & DAVIS","7725692403","9055 17TH PL","VERO BEACH","25100000","TED DAVIS","President","M","327897","P","Pittman & Davis","Ted@pittmandavis.com","9055 17th Pl","Vero Beach","FL","32966","7725698946","7725692403","514805","Fruits & Vegetables-Growers & Shippers","NULL","0","2"
"SSI Surgical Svc Inc","4073814701","5776 Hoffner Ave # 200","Orlando","33105000","Christopher Tihansky","CEO","Mal","331478","S","SSI Surgical Svc Inc","rschuren@surgicalservices.com","5776 Hoffner Ave # 200","Orlando","FL","32822","4072759192","4073814701","504704","Physicians & Surgeons Equip & Supls-Whol","NULL","0","0"
"CARE CENTRIC","9549740707","1180 SW 36TH AVE","POMPANO BEACH","44200000","KAREN BARCKLEY","Executive Director","F","331748","C","Care Centric","V.Don@carecentric.com","1180 SW 36th Ave","Pompano Beach","FL","33069","9549753906","9549740707","384104","Physicians & Surgeons Equip & Supls-Mfrs","NULL","0","0"
"Traffic Control Devices","4078695300","PO Box 150418","Altamonte Spgs","38400000","Gregory S Cockman","President","Mal","331866","T","Traffic Control Devices","CG@trafficcontroldevices.com","PO Box 150418","Altamonte Spgs","FL","32715","4076820076","4078695300","366905","Traffic Signs Signals & Equip-Mfrs","NULL","0","0"
"AMERICAN TORCH TIP CO","9417537557","6212 29TH ST E","BRADENTON","32600000","JACK WALTERS III","Chief Executive Office","M","334663","A","American Torch Tip Co","intl@attcusa.com","6212 29th St E","Bradenton","FL","34203","9417536917","9417537557","509905","Importers","www.attcusa.com","0","0"
"Lennar Homes","3055591951","730 NW 107th Ave # 400","Miami","49200000","Anthony Seijas","President","Mal","338687","L","Lennar Homes","Seijas.Anthony@lennar.com","730 NW 107th Ave # 400","Miami","FL","33172","3055594543","3055591951","308902","Plastics & Plastic Products (Mfrs)","NULL","0","0"
"Taunton Truss Inc Computer Ln","8506392337","PO Box 630","Wewahitchka","38700000","Abigial Taunton","Owner","Fem","339516","T","Taunton Truss Inc Computer Ln","claude@tauntontruss.com","702 N Highway 71","Wewahitchka","FL","32465","8506395599","8506392337","521124","Trusses-Construction Whol & Mfrs","www.tauntontruss.com","0","0"
"BBC Intl","5614177474","1515 N Federal Hwy # 206","Boca Raton","37760000","Robert Campbell","Owner","Mal","340350","B","BBC Intl","Robert@bbcinternational.com","1515 N Federal Hwy # 206","Boca Raton","FL","33432","NULL","5614177474","509905","Importers","NULL","0","0"
"Regal","5616843599","1731 Old Okeechobee Rd","West Palm Beach","29850000","Lauren Rodberg","Owner","Fem","342762","R","Regal","Lauren@regaldecision.com","1731 Old Okeechobee Rd","West Palm Beach","FL","33409","5615865199","5616843599","504604","Restaurant Equipment & Supplies (Whol)","NULL","0","0"
"ALL PRO IMPORTS","3523764551","2810 N MAIN ST","GAINESVILLE","40000000","BRYAN MYRES","President","M","344294","A","All Pro Imports","bmyers@allproimports.com","4222 NW 13th St","Gainesville","FL","32609","3523764551","3523739363","509905","Importers","allproimports.com","0","0"
"Air Operations","3058715449","4000 NW 28th St","Miami","26775000","Jose Bared","President","Mal","345936","A","Air Operations","Jose_Bared@airoperations.com","4000 NW 28th St","Miami","FL","33142","3058715724","3058715449","372498","Aircraft Engines & Engine Parts-Mfrs","NULL","0","0"
"Cargill Inc","3058845112","9151 NW 97th Ter","Medley","44250000","Kevin Waters","Manager","Mal","346720","C","Cargill Inc","governmentsolutions@cargill.com","9151 NW 97th Ter","Medley","FL","33178","3237250781","3058845112","514506","Syrups-Wholesale","www.cargill.com","0","0"
"GE Interlogix Inc","5619986100","791 Park Of Commerce Blvd #100","Boca Raton","44800000","Steve Walin","President","Mal","350513","G","GE Interlogix Inc","gordon.cunningham@ge-interlogix.com","791 Park Of Commerce Blvd #100","Boca Raton","FL","33487","5619946572","5619986100","367901","Electronic Equipment & Supplies-Mfrs","NULL","0","0"
"Kegel","8637340200","1951 Longleaf Blvd","Lake Wales","26200000","Larry Klemme","President","Mal","354152","K","Kegel","Larry@kegel.net","1951 Longleaf Blvd","Lake Wales","FL","33859","8637340204","8637340200","399903","Manufacturers","NULL","0","0"
"Tetronics","8138842500","8110 Anderson Rd # 100","Tampa","32600000","Richard Fogerty","President","Mal","354472","T","Tetronics","Richard-Fogerty@tetronics.com","8110 Anderson Rd # 100","Tampa","FL","33634","8138827599","8138842500","737801","Computers-Service & Repair","NULL","0","0"
"SPORTS SECTION","8509320627","1217 HARRISON AVE","GULF BREEZE","29600000","SUSIE FREW","Owner","F","355085","S","Sports Section","Susie@sportssection.com","PO Box 6392","Gulf Breeze","FL","32563","NULL","8509320627","733501","Photographers-Commercial","NULL","0","0"
"Citrus Hills Marketing","3527461468","2450 N Forest Ridge Blvd","Hernando","34000000","Steven Tamposi","President","Mal","362082","C","Citrus Hills Marketing","john.pastor@citrushills.com","2450 N Forest Ridge Blvd","Hernando","FL","34442","3527469895","3527461468","874213","Marketing Programs & Services","NULL","0","0"
"Dave Carter Of Florida Inc","3527323317","3530 SW 7th St","Ocala","28320000","Dave Carter","Owner","Mal","366784","D","Dave Carter Of Florida Inc","Dave.Carter@davecarterintl.com","3530 SW 7th St","Ocala","FL","34474","3527329966","3527323317","509905","Importers","NULL","0","0"
"STANLEY STEEMER CARPET","9048298214","39 MASTERS DR","ST AUGUSTINE","25000000","CHARLES COSHOW","Manager","M","368310","S","Stanley Steemer Carpet Cleaners","aboutus@steeminstanley.com","5235 Avenue B","Saint Augustine","FL","32084","9048298214","null","571305","Carpet & Rug Dealers","steeminstanley.com","0","0"
"Merit Petroleum Co","8636752301","PO Box 816","Labelle","26832000","Jack Milholland","Owner","Mal","368764","M","Merit Petroleum Co","Jack.Milholland@meritpetroleum.com","PO Box 816","Labelle","FL","33975","8636757053","8636752301","517201","Petroleum Products (Wholesale)","NULL","0","0"
"NICHOLAS DATA SERVICES","7277260763","2454 N MCMULLEN BOOTH RD","CLEARWATER","42600000","PETER L VOSOTAS","Chief Executive Office","M","370163","N","Nicholas Financial Inc","skrause@nicfn.com","2454 McMullen Booth Road; Building C","Clearwater","FL","33759","7277260763","7277262140","628205","Financial Planning Consultants","http://www.nicholasfinancial.com","0","0"
"Chuck's Backhoe Svc Inc","9549736600","2301 NW 15th Ct","Pompano Beach","27450000","Richard Turk","Owner","Mal","373627","C","Chuck's Backhoe Svc Inc","richard@chucksbackhoe.com","2301 NW 15th Ct","Pompano Beach","FL","33069","9549736667","9549736667","735949","Contractors-Equipment & Supls-Renting","www.chucksbackhoe.com","0","0"
"LION COUNTRY SAFARI KOA","5617939797","2000 LION COUNTRY SAFARI RD","LOXAHATCHEE","28100000","HAROLD KRAMER","Manager","M","374906","L","Lion Country Safari KOA","groups@lioncountrysafari.com","2000 Lion Country Safari Rd","Loxahatchee","FL","33470","5617939603","5617939797","703301","Campgrounds","www.lioncountrysafari.com","0","1"
"Lambent Corp","9042611828","2416 Lynndale Rd","Fernandina Beach","36600000","Bill Micsky","CEO","Mal","377372","L","Lambent Corp","chood@lambentcorp.com","2416 Lynndale Rd","Fernandina Beach","FL","32034","9042616994","9042611828","289905","Chemicals-Manufacturers","www.petroferm.com","0","0"
"ACE TOOL CO","7275444331","7337 BRYAN DAIRY RD","SEMINOLE","31000000","MICHAEL HULING","Chief Executive Office","M","377805","A","Ace Tool Co","nukelab@speerio.net","7337 Bryan Dairy Rd","Largo","FL","33777","2166355502","7275444331","507213","Tools (Wholesale)","www.nestorsales.com","0","0"
"JAX TRANSPORTATION AUTH","9046303181","100 N MYRTLE AVE","JACKSONVILLE","34700000","MICHAEL J BLAYLOCK","Chief Executive Office","M","381610","J","Jacksonville Transport Auth","webadmin@jtafla.com","100 N Myrtle Ave","Jacksonville","FL","32204","9046303181","9046303181","962104","City Government-Transportation Programs","www.jtafla.com","0","0"
"FINE ART LAMPS","3058213850","5770 MIAMI LAKES DR E","HIALEAH","30400000","MAX BLUMBERG","Chief Executive Office","M","383614","F","Fine Art Lamps","Max-Blumberg@fineartlamps.com","5770 Miami Lakes Dr E","Hialeah","FL","33014","3058218114","3058213850","364504","Lighting Fixtures-Manufacturers","NULL","0","0"
"Sun Light Foods Inc","3056885400","3550 NW 112th St","Miami","27600000","Arthur Green","Owner","Mal","391754","S","Sun Light Foods Inc","craig@sunlightfoods.com","3550 NW 112th St","Miami","FL","33167","NULL","3056885400","209903","Food Products & Manufacturers","NULL","0","0"
"HIGH SEAS TECHNOLOGY","9545846000","2965 W STATE ROAD 84","FT LAUDERDALE","39000000","SCOT COLLER","Chief Executive Office","M","393141","H","High Seas Technology","scot.coller@highseastechnology.com","2965 West State Road 84","Fort Lauderdale","FL","33312","9547183208","954-584-6000","3624","Carbon and Graphite Products","NULL","0","0"
"Optima Technologies Corp","7278429977","PO Box 1119","Port Richey","28405000","Steve Jensen","Owner","Mal","400043","O","Optima Technologies Corp","sjensen@optimatechnologies.com","PO Box 1119","Port Richey","FL","34673","7278475653","7278429977","386198","Photographic Equip & Supplies-Mfrs","NULL","0","0"
"Jair Distributors Corp","3055947361","9880 NW 25th St","Doral","29264000","Roberto Lang","Owner","Mal","403426","J","Jair Distributors Corp","roberto@jair.com","9880 NW 25th St","Doral","FL","33172","3055947353","3055947361","509901","Exporters","NULL","0","0"
"PROFESSIONAL OFFICE SVC","8639676634","64 INDUSTRIAL BLVD","WINTER HAVEN","27500000","KEN SPURLING","Manager","M","406144","P","Professional Office Svc","chalder@poscorp.com","64 Industrial Blvd","Winter Haven","FL","33880","8639676634","8639676634","511207","Business Forms & Systems (Wholesale)","www.poscorp.com","0","0"
"Fi-Foil Co Inc","8639651846","PO Box 800","Auburndale","28320000","Robert Swanson","Owner","Mal","407283","F","Fi-Foil Co Inc","jbueher@fifoil.com","612 W Bridgers Ave","Auburndale","FL","33823","8639670137","8639651846","509905","Importers","www.fifoil.com","0","0"
"Sonitrol Security Systems","4074259031","4209 Vineland Rd # J7","Orlando","26320000","Bill Ford","Manager","Mal","407484","S","Sonitrol Security Systems","info1@sonitrol1.com","4209 Vineland Rd # J7","Orlando","FL","32811","4078414448","4074259031","506304","Security Control Equip & Systems-Whol","www.sonitrol1.com","0","0"
"Sy's Supplies","5614719808","1489 N Military Trl # 114","West Palm Beach","33300000","Samuel Applebound","Owner","Mal","410300","S","Sy's Supplies","Samuel@syssupplies.com","1489 N Military Trl # 114","West Palm Beach","FL","33409","NULL","5614719808","508206","Contractors-Equip/Supls-Dlrs/Svc (Whol)","NULL","0","0"
"Crumpton Welding Supplies","8132488150","1602 N 34th St","Tampa","35035000","Charles Crumpton Jr","President","Mal","410973","C","Crumpton Welding Supplies","charles@crumptonws.com","1602 N 34th St","Tampa","FL","33605","NULL","8132488150","516907","Helium (Wholesale)","NULL","0","0"
"Hilliard Groves","7724615791","2650 S Kings Hwy","Fort Pierce","27550000","Sherwood Johnson","Owner","Mal","412235","H","Hilliard Groves","Sherwood@hilliardgroves.com","2650 S Kings Hwy","Fort Pierce","FL","34945","7724661673","7724615791","514801","Fruits & Vegetables-Wholesale","NULL","0","0"
"Orange Blossom Groves","7273921277","5800 Seminole Blvd","Seminole","27300000","Allison Repetto","Owner","Fem","413666","O","Orange Blossom Groves","Repetto@orangeblossomgroves.com","5800 Seminole Blvd","Seminole","FL","33772","7273918254","7273921277","594732","Fruit Baskets-Gift","NULL","0","0"
"Deltona Aluminum Co In","3865740201","946 Shadick Dr","Orange City","31410000","Tom Mueller","Owner","Mal","413801","D","Deltona Aluminum Co In","TomMueller@deltonaaluminum.com","946 Shadick Dr","Orange City","FL","32763","3867740022","3865740201","505128","Aluminum (Wholesale)","NULL","0","0"
"Hallett Pontiac-GMC Truck","3052384040","13401 S Dixie Hwy","Miami","28000000","Thom Lehman","Owner","Mal","418413","H","Hallett Pontiac-GMC Truck","Thom@hallettpontiacgmc.com","13401 S Dixie Hwy","Miami","FL","33156","3052335792","3052384040","509901","Exporters","NULL","0","0"
"Epicus Communications Group","5616880440","1750 Osceola Dr","West Palm Beach","25191000","Gerard Haryman","CEO","Mal","420537","E","Epicus Communications Group","Gerard@epicus.com","1750 Osceola Dr","West Palm Beach","FL","33409","5616881533","5616880440","481304","Telephone Companies","NULL","0","0"
"NOVO 1","7277267224","28051 US HIGHWAY 19 N","CLEARWATER","31500000","RICHARD SARLO","President","M","425793","N","NOVO 1","RichardSarlo@novo1.com","28051 Us Highway 19 N","Clearwater","FL","33761","7277975052","7277267224","738912","Telemarketing Services","NULL","0","0"
"Fancy Leaf Caladiums","8634650044","704 County Road 621 E","Lake Placid","33250000","Paul Phypers","Owner","Mal","431456","F","Fancy Leaf Caladiums","doctor@happinessfarms.com","704 County Road 621 E","Lake Placid","FL","33852","8634651528","8634650044","519105","Seeds & Bulbs-Wholesale","www.happinessfarms.com","0","0"
"Skyway Aircraft","7275358211","6021 142nd Ave N","Clearwater","26320000","Brent Kovar","Owner","Mal","432108","S","Skyway Aircraft","Brent@skywayaircraftsecurity.com","6021 142nd Ave N","Clearwater","FL","33760","7275351930","7275358211","506304","Security Control Equip & Systems-Whol","NULL","0","0"
"Premier Electric","4079266604","37 N Orange Ave","Orlando","26400000","Steve Lewis","Owner","Mal","432956","P","Premier Electric","Steve@premierelectric.com","37 N Orange Ave","Orlando","FL","32801","NULL","4079266604","173101","Electric Contractors","NULL","0","2"
"Disney Vacation Club","4079393000","200 Celebration Pl","Kissimmee","26800000","Jim Lewis","Manager","Mal","436880","D","Disney Vacation Club","elena.outlan@disney.com","200 Celebration Place","Kissimmee","FL","34747","4075663164","4075663284","799798","Membership Sports & Recreation Clubs","null","0","0"
"CARPET ONE K & Y","3217573335","4250 N WICKHAM RD","MELBOURNE","26000000","JIM KATEHAKIS","Manager","M","437321","K","K & Y Carpet One","kycarpetone@kycarpetone.com","8085 N Atlantic Ave","MELBOURNE","FL","32935","3217573335","3217575661","571305","Carpet & Rug Dealers","null","0","0"
"Tropitone Furniture Co","9413552715","1401 Commerce Blvd","Sarasota","40000000","Steve Swartz","Plant Mgr","Mal","437642","T","Tropitone Furniture Co","contact.us@tropitone.com","1401 Commerce Blvd","Sarasota","FL","34243","9413552692","9413552715","571201","Furniture-Outdoor","www.tropitone.com","0","0"
"CARPENTER CONTRACTORS OF AMER","8632946449","3900 AVENUE G NW","WINTER HAVEN","26400000","DON THIEL","Partner","M","440266","C","Carpenter Contractors Of Amer","mary.emonds@rdthiel.com","3900 Avenue G NW","Winter Haven","FL","33880","8632942488","8632946449","2439","Structural Wood Members","NEC (except trusses)","0","0"
"Ermco Electric","4079348084","PO Box 22164","Lake Buena Vista","33924000","Scott Maddox","President","Mal","441077","E","Ermco Electric","MS@ermco.com","PO Box 22164","Lake Buena Vista","FL","32830","4079348085","4079348084","173101","Electric Contractors","NULL","0","2"
"Organ Donation Ctr","8132532640","409 Bayshore Blvd","Tampa","47040000","Dana Shires","CEO","Mal","443395","O","Organ Donation Ctr","jodi@wilkesondesign.com","409 Bayshore Blvd","Tampa","FL","33606","8132511819","8132532640","809924","Organ & Tissue Banks","www.lifelinkfound.org","0","2"
"Network Auto","9048050470","7006 Arlington Expy","Jacksonville","31703000","Robert Clark","Owner","Mal","444831","N","Network Auto","ClarkR@networkautojax.com","7006 Arlington Expy","Jacksonville","FL","32211","9048050101","9048050470","551103","Automobile Dealers-Used Cars","NULL","0","1"
"Potamkin Rivera Dodge","3058938000","1995 W 49th St","Hialeah","25880000","Aurelio Rivera","Owner","Mal","447451","P","Potamkin Rivera Dodge","R-Aurelio@potamkindodge.com","1995 W 49th St","Hialeah","FL","33012","3058212533","3058938000","551103","Automobile Dealers-Used Cars","NULL","0","1"
"Pursuit Fishing Boats","7724656006","3901 Saint Lucie Blvd","Fort Pierce","33000000","Leon Slikkers","President","Mal","450584","P","Pursuit Fishing Boats","tslikkers@s2yachts.com","3901 Saint Lucie Blvd","Fort Pierce","FL","34946","7724656177","7724656006","373201","Boats-Manufacturers","NULL","0","0"
"Radio One Rentals","4073529242","7041 Grand National Dr # 116","Orlando","30300000","Dave Mc Donald","Owner","Mal","450984","R","Radio One Rentals","Dave@radio1inc.com","7041 Grand National Dr # 116","Orlando","FL","32819","4075789590","4073529242","506504","Radio Communication Equip & Systems-Whol","NULL","0","0"
"HELLMANN WORLDWIDE LOGISTICS","3054064500","10450 DORAL BLVD","DORAL","31100000","DIETER KASPRZYK","Executive Vice-Preside","M","451268","H","Hellmann Worldwide Logistics","patty.stanford@us.hellmann.net","10450 NW 41st St","Doral","FL","33178","3055914430","3055923985","473104","Freight-Forwarding","NULL","0","0"
"EDX Electronics Inc","4078314100","477 Commerce Way","Longwood","35350000","Dennis Menefee","President","Mal","452832","E","EDX Electronics Inc","inventory@edxelectronics.com","477 Commerce Way","Longwood","FL","32750","4078317012","4078314100","506519","Electronic Equipment & Supplies-Whol","www.edxelectronics.com","0","0"
"Ponte Vedra Inn & Club","9042851111","200 Ponte Vedra Blvd","Ponte Vedra Bch","33000000","Dale A Haney","Manager","Mal","454376","P","Ponte Vedra Inn & Club","jpgay@atlanticdigital.com","200 Ponte Vedra Blvd","Ponte Vedra Bch","FL","32082","9044732004","9042851111","701111","Resorts","www.pvresorts.com","0","1"
"Southwest Florida Enterprises","3056493000","401 NW 38th Ct","Miami","44100000","Fred Havenick","Owner","Mal","455818","S","Southwest Florida Enterprises","fis@flagler.com","401 NW 38th Ct","Miami","FL","33126","3056314525","3056493000","794801","Race Tracks","www.flagler.com","0","1"
"Atlantic Dry Dock Corp","9042511545","8500 Heckscher Dr","Jacksonville","46200000","George W Gibbs Iii","CEO","Mal","455927","A","Atlantic Dry Dock Corp","shipdocks@monaco377.com","8500 Heckscher Dr","Jacksonville","FL","32226","2516907200","9042511545","373101","Ship Builders & Repairers","www.atlanticmarine.com","0","0"
"Johnson's KIA","3525648668","1850 SE Us Highway 19","Crystal River","25880000","Dan Johnson","Owner","Mal","459889","J","Johnson's KIA","Dan@mynextkia.com","1850 SE Us Highway 19","Crystal River","FL","34429","NULL","3525648668","551103","Automobile Dealers-Used Cars","NULL","0","1"
"HERITAGE OAKS","8506684004","4501 W SHANNON LAKES DR","TALLAHASSEE","33500000","KAREN PINNEY","Manager","F","461014","H","Heritage Oaks","infocollegeharbor@theallegro.com","4501 W Shannon Lakes Dr","Tallahassee","FL","32309","8506684426","8506684004","836105","Residential Care Homes","www.theallegro.com","0","0"
"CHERRY LAKE TREE FARM","3524292171","7836 CHERRY LAKE RD","GROVELAND","26000000","MICHEL SALLIN","President","M","464751","C","Cherry Lake Farms","leila@cherrylake.com","7836 Cherry Lake Rd","KILLARNEY","FL","34736","3524292171","3524295997","019101","FARMS","CHERRYLAKE.COM","0","0"
"Berry Co","8636752769","PO Box 459","Labelle","29750000","W E Kemper","President","Mal","466427","B","Berry Co","tony.evans@lmberry.com","PO Box 459","Labelle","FL","33975","8636751601","8636752769","017402","Citrus Fruit Products","NULL","0","0"
"Premio Computer Inc","3054710199","8784 NW 18th Ter","Doral","25000000","Carlo Cornejo","Manager","Mal","468367","P","Premio Computer Inc","mktg@premiopc.com","8784 NW 18th Ter","Doral","FL","33172","7703681068","3054710199","504503","Computers-Wholesale","www.premiopc.com","0","0"
"Jones Edmunds Assoc","3523775821","730 NE Waldo Rd # A","Gainesville","25280000","Richard H Jones","President","Mal","469073","J","Jones Edmunds Assoc","R.Jones@jonesedmunds.com","730 NE Waldo Rd # A","Gainesville","FL","32641","3523773166","3523775821","871111","Engineers-Consulting","NULL","0","0"
"SAFE","9046954200","5863 W Beaver St","Jacksonville","28320000","Thomas A Bryan","Owner","Mal","472781","S","SAFE","TBryan@safeorlando.com","5863 W Beaver St","Jacksonville","FL","32254","9046951988","9046954200","509903","Fire Extinguishers (Wholesale)","NULL","0","0"
"Florida Auto Corp Of Pinellas","7275351555","12200 66th St","Largo","25900000","Polly Roberts","Owner","Fem","476160","F","Florida Auto Corp Of Pinellas","Roberts@floridaautocorp.com","12200 66th St","Largo","FL","33773","NULL","7275351555","501205","Automobile Dealers-Used Cars-Wholesale","NULL","0","0"
"Riva Motorsports","9547854820","3671 N Dixie Hwy","Pompano Beach","32769000","Steve Bandas","Owner","Mal","476915","R","Riva Motorsports","patw@rivamotorsports.com","3671 N Dixie Hwy","Pompano Beach","FL","33064","9547855001","9547854820","557106","Motorcycles & Motor Scooters-Dealers","www.rivayamaha.com","0","0"
"Silver Springs Natural Theme","3522362121","5656 E Silver Springs Blvd","Silver Springs","33600000","Robert Gallagher","CEO","Mal","478143","S","Silver Springs Natural Theme","RG@silversprings.com","5656 E Silver Springs Blvd","Silver Springs","FL","34488","3522362860","3522362121","799972","Tourist Attractions","NULL","0","0"
"PGA TOUR TRAVEL","9042854001","2 SAWGRASS VILLAGE DR","PONTE VEDRA","32100000","SUE MUSTARD","Manager","F","479624","P","PGA Tour Travel","sue_mustard@pgatourhq.com","Suite 3 13000 Sawgrass Village","Ponte Vedra Beach","FL","32082","9042854001","9042851173","4724","Travel agents","null","0","0"
"CANNON BUICK INC","8636465051","5210 S FLORIDA AVE","LAKELAND","32300000","DANNY CANNON","Owner","M","480098","C","Cannon Automotive Group","tcannon@cannonautos.com","5210 South Florida Ave","Lakeland","FL","33813","8636465051","8636485430","7549","Automotive services","cannonautos.com","0","0"
"DIRECT BUY","9045190400","9143 PHILIPS HWY","JACKSONVILLE","40000000","RANDY COVER","Manager","M","480754","D","Direct Buy","Randy_Cover@directbuy.com","9143 Philips Hwy","Jacksonville","FL","32256","9045191022","9045190400","571216","Furniture-Dealers-Retail","NULL","0","0"
"DOUGLAS ORR PLUMBING INC","3058871687","301 FLAGLER DR","MIAMI SPRINGS","26400000","DOUGLAS L ORR","President","M","482993","D","Douglas Orr Plumbing Inc","george@orrplumbing.com","301 Flagler Dr","Miami Springs","FL","33166","3058880678","3058871687","171105","Plumbing Contractors","NULL","0","0"
"Gulf Coast Electric Co-Op Inc","8506392216","PO Box 220","Wewahitchka","46200000","Roy Barnes","Manager","Mal","490682","G","Gulf Coast Electric Co-Op Inc","officeserviceswewahitchka@gcec.com","722 Highway 22","Wewahitchka","FL","32465","8506395061","8506392216","491101","Electric Companies","www.gcec.com","0","0"
"HYDRAULIC SUPPLY","4072954537","680 MONTGOMERY ST","ORLANDO","34800000","JIM INGLIS","Manager","M","490884","H","Hydraulic Supply Co","jpparish@hydraulicsupply.com","680 Montgomery St","Orlando","FL","32808","4072954537","4072919982","508519","Hose Couplings & Fittings (Wholesale)","www.hydraulicsupply.com","0","0"
"Chris Craft","9413514900","8161 15th St E","Sarasota","33000000","Steve Heese","President","Mal","492460","C","Chris Craft","SHeese@chriscraft.com","8161 15th St E","Sarasota","FL","34243","9413583776","9413514900","373201","Boats-Manufacturers","NULL","0","0"
"VALCO ENTERPRISES LTD","7275761143","10597 OAK ST NE","ST PETERSBURG","43400000","JOHN COFFILL","Owner","M","492758","P","Prime Marketing Group","rlang@truframe.com","10597 Oak St NE","St Petersburg","FL","33716","7275761143","","999977","Nonclassified Establishments","www.rollaway.com","0","0"
"LAN LOGISTICS","7862654800","1900 NW 97TH AVE","DORAL","34600000","JULIO ALINAT","President","M","496802","L","Lan Logistics","AlinatJ@skynet.com","1900 NW 87th Ave","Doral","FL","33172","7862653406","7862654800","473104","Freight-Forwarding","NULL","0","0"
"Waste Pro","4078698800","2101 W State Road 434 # 315","Longwood","26340000","John Jennings","President","Mal","497997","W","Waste Pro","JohnJ@recyclinginc.com","2101 W State Road 434 # 315","Longwood","FL","32779","4078698884","4078698800","509305","Waste Rdctn Dspsl/Recycle Svc-Ind (Whol)","NULL","0","0"
"TAMPA BAY SHIP BUILDING","8132412165","1130 MCCLOSKY BLVD","TAMPA","48300000","ELGIN HELTON","President","M","498581","T","Tampa Bay Ship Building","J.Hartley@tampabayship.com","1130 Mcclosky Blvd","Tampa","FL","33605","8132489806","8132412165","373101","Ship Builders & Repairers","NULL","0","0"
"PALM BEACH AGGREGATES","5617956550","20125 SOUTHERN BLVD","LOXAHATCHEE","30000000","ENRIQUE TOMEU","President","M","501202","P","Palm Beach Aggregates","Tomeu@palmbeachag.com","PO Box 700","Loxahatchee","FL","33470","5617985380","5617956550","503211","Sand & Gravel (Wholesale)","NULL","0","0"
"ASSOCIATED ENGINEERING CONSLTS","9043947687","522 STOCKTON ST","JACKSONVILLE","45000000","NANDU PARYANI","President","M","502310","A","Associated Engineering Conslts","readerservices@gfp.com","522 Stockton St","Jacksonville","FL","32204","9043947261","9043947687","874832","Fire Protection Consultants","www.gfp.com","0","0"
"WM LEHMAN MITSUBISHI","3056525252","21200 NW 2ND AVE","MIAMI","33900000","ALAN REYF","Owner","M","505927","B","Bluebird Gardens And Trucking; Inc","bluebird@bluebirdgardens.net","530 Northwest 188th Street","MIAMI","FL","33169","3056525252","null","421304","Trucking","PLANTBROKER.NET","0","0"
"COUNTERTOP SHOP","9413439940","6222 TOWER LN UNIT A1","SARASOTA","29200000","NICK FORMICA","President","M","506260","C","Countertop Shop","NickF@midcape.net","6222 Tower Ln # A1","Sarasota","FL","34240","9413439950","9413439940","571213","Counter Tops","NULL","0","0"
"CASMIN INC","3523430680","32506 COUNTY ROAD 473","LEESBURG","38500000","MARK CASP","President","M","506325","C","Casmin Inc","inquiry@casmin.com","32506 County Road 473","Leesburg","FL","34788","3523430926","3523430680","176108","Roof Structures","www.casmin.com","0","0"
"Globecast America Inc","3058877912","7291 NW 74th St","Medley","35250000","David Sprechman","CEO","Mal","507482","G","Globecast America Inc","marisol.messir@globecastbtv.com","7291 NW 74th St","Medley","FL","33166","3053414420","3058877912","792205","Television Program Producers","NULL","0","0"
"DUNDEE CITRUS GROWERS ASSOC","8634391574","PO BOX 1739","DUNDEE","25000000","FRANK DUNNAHOE","President","M","507798","D","Dundee Citrus Growers Association","finance@dun-d.com","P;O; Box 1739","DUNDEE","FL","33838","8634391574","8634391535","628205","Financial Planning Consultants","DIVERSIFIEDCITRUS.COM^^DIVERSIFIEDCITRUSMARKETING.COM","0","0"
"Blackstone Calling Cards","3055920711","11600 NW 34th St","Doral","45000000","Luis Arias","Owner","Mal","507946","B","Blackstone Calling Cards","maragon@blackstoneonline.com","11600 NW 34th St","Doral","FL","33178","3057186521","3055920711","554101","Service Stations-Gasoline & Oil","www.blackstoneonline.com","0","0"
"UNIVERSAL SIGN","8139626200","5818 W LINEBAUGH AVE","TAMPA","28200000","KEN SORAH","Owner","M","507996","U","Universal Sign","Sorah@universalsign.com","5818 W Linebaugh Ave","Tampa","FL","33624","8139626292","8139626200","399398","Signs & Advertising Specialties (Mfrs)","NULL","0","0"
"Mastertaste Natural Products","8137542691","1111 Dr Martin L King Jr Blvd","Plant City","26315000","Jennifer Closshey","Owner","Fem","509058","M","Mastertaste Natural Products","Jennifer@crystalsinternational.net","1111 Dr Martin L King Jr Blvd","Plant City","FL","33563","8137576448","8137542691","203801","Frozen Food Processors","NULL","0","0"
"American Airlines Inc","5612336310","1000 Palm Bch Intl Airport","West Palm Beach","27048000","Richard Verner","Manager","Mal","509848","A","American Airlines Inc","corporateaaccess@aa.com","1000 Palm Bch Intl Airport","West Palm Beach","FL","33406","8088337620","5612336310","451201","Airline Companies","www.aa.com","0","0"
"LAIRD PLASTICS","3056269800","15825 NW 15TH AVE","MIAMI","32000000","","Unknown","","511116","L","Laird Plastics","MKramer@lairdplastics.com","15825 NW 15th Ave","Miami","FL","33169","NULL","3056269800","308901","Mold Makers","NULL","0","0"
"Superior Florals Inc","3055921294","2080 NW 96th Ave","Doral","47200000","","","","513024","J","James R. Andersen","jim@superiorflorals.com","2080 N.W. 96 Ave","MIAMI","FL","33172","3055921294","null","599202","Plants","flowerstotheworld.com","0","0"
"FLORIDA CUSTOM MARBLE INC","9047375181","4566 SAINT AUGUSTINE RD","JACKSONVILLE","25000000","HARLAN BOST","President","M","513455","F","Florida Custom Marble Inc","hbost@floridacustommarble.com","4566 Saint Augustine Rd","Jacksonville","FL","32207","9047392629","9047374513","503201","Marble-Cultured (Wholesale)","NULL","0","0"
"Ranger Construction South","9544288712","2501 NW 48th St","Coconut Creek","35250000","Hazen Hinds","President","Mal","515836","R","Ranger Construction South","Hazen@PAVEX.COM","2501 NW 48th St","Coconut Creek","FL","33073","9544299637","9544288712","161106","Asphalt & Asphalt Products","NULL","0","0"
"Ocala Breeders Feed & Supply","3526298686","431 NW 27th Ave","Ocala","30440000","J Dean Wright","Manager","Mal","515854","O","Ocala Breeders Feed & Supply","tanya@obfs.com","431 NW 27th Ave","Ocala","FL","34475","3526297925","3526298686","204803","Feed-Manufacturers","www.obfs.com","0","0"
"Carpenter Electric","5616400400","1333 53rd St","West Palm Beach","40796000","Vance Carpenter","Owner","Mal","516451","C","Carpenter Electric","VanceCarpenter@carpenter-electric.com","1333 53rd St","West Palm Beach","FL","33407","5616400402","5616400400","506304","Security Control Equip & Systems-Whol","NULL","0","0"
"DEVOE PONTIAC BUICK GMC","2397741313","2601 AIRPORT RD S","NAPLES","28300000","STEVE FOX","Manager","M","516835","D","Devoe Mega Center of Naples","jlauterbach@devoeauto.com","2601 Airport Rd S","Naples","FL","34112","2397741313","2394174192","458106","Airports","devoeauto.com","0","0"
"American Heritage Day Camp","9544720022","12200 W Broward Blvd","Plantation","46500000","William Laurie","President","Mal","519163","A","American Heritage Day Camp","William@ahschool.com","12200 W Broward Blvd","Plantation","FL","33325","9544723088","9544720022","703203","Camps","NULL","0","1"
"APS Technologies","3053620333","4380 NW 135th St","Opa Locka","26910000","Sukrit Agrawal","Owner","Mal","519720","A","APS Technologies","andreas.richards@lacie.com","4380 NW 135th St","Opa Locka","FL","33054","3053640877","3053620333","504704","Physicians & Surgeons Equip & Supls-Whol","NULL","0","0"
"Gulf Distributing Co","8507858591","PO Box 639","Panama City","26070000","Elliott Maisel","Owner","Mal","519986","G","Gulf Distributing Co","emaisel@gulfdistributing.com","PO Box 639","Panama City","FL","32402","8507844888","8507858591","518101","Beer & Ale-Wholesale","NULL","0","0"
"Florida Keys Electric","3058522431","PO Box 377","Tavernier","37900000","Timothy Planer","CEO","Mal","520807","F","Florida Keys Electric","timothy@fkec.com","PO Box 377","Tavernier","FL","33070","3058524794","3058522431","491101","Electric Companies","NULL","0","0"
"Amelia Island Plantation","9042616161","PO Box 3000","Fernandina Beach","35000000","Jack Healan","President","Mal","522274","A","Amelia Island Plantation","JackHealan@aipfl.com","PO Box 3000","Fernandina Beach","FL","32035","9043215047","9042616161","701111","Resorts","NULL","0","1"
"Florida Industrial Electric","4073311551","1050 Miller Dr","Altamonte Spgs","25600000","Conrad Eigenmann","President","Mal","523051","F","Florida Industrial Electric","Eigenmann.Conrad@fie-inc.com","1050 Miller Dr","Altamonte Spgs","FL","32701","4073310444","4073311551","173101","Electric Contractors","NULL","0","2"
"HERCULES BULLDOG","7277961300","1016 N BELCHER RD","CLEARWATER","28900000","RUSS BROWN","President","M","523374","H","Hercules Bulldog","RussB@herculesbulldog.com","1016 N Belcher Rd","Clearwater","FL","33765","7277978849","7277961300","508520","Hydraulic Equipment & Supplies (Whol)","NULL","0","0"
"Sunbelt Chemicals Inc","3864464595","71 Hargrove Grade","Palm Coast","27450000","Raymond Metuza","Owner","Mal","526259","S","Sunbelt Chemicals Inc","bbutler@sunbeltchemicals.com","71 Hargrove Grade","Palm Coast","FL","32137","3864464595","3864464595","289905","Chemicals-Manufacturers","www.sunbeltchemicals.com","0","0"
"MAUDLIN INTERNATIONAL TRUCKS","4078496440","2300 S DIVISION AVE","ORLANDO","40400000","JOHN MAUDLIN","Owner","M","529021","M","Maudlin International Trucks","JohnM@maudlininternational.com","2300 S Division Ave","Orlando","FL","32805","4074230235","4078496440","551105","Truck-Dealers","NULL","0","2"
"ROYAL PET SUPPLIES","9549784600","1551 W COPANS RD STE 105","POMPANO BEACH","30000000","GARY NOCERA","Vice-President","M","529415","R","Royal Pet Supplies","newaccounts@royalpetsupplies.com","1551 W Copans Rd # 105","Pompano Beach","FL","33064","9549784600","9549784600","519932","Pet Supplies-Wholesale","www.royalpet.com","0","0"
"JRC Transportation","4073215616","PO Box 40","Seville","25900000","Tim Bedard","Manager","Mal","532239","J","JRC Transportation","Jerry@jrctransportation.com","PO Box 40","Seville","FL","32190","3867491117","3867492944","501208","Automobile & Truck Brokers","NULL","0","0"
"Barbecue Superstore","3056354427","3800 NW 59th St","Miami","25320000","Jeffery Miller","Owner","Mal","533677","B","Barbecue Superstore","MJ@bbqsuperstore.com","3800 NW 59th St","Miami","FL","33142","3056337150","3056354427","514909","Condiments & Sauces (Wholesale)","NULL","0","0"
"SES Co Lighting","9544749888","737 Shotgun Rd","Sunrise","28320000","Mike Segal","Owner","Mal","534591","S","SES Co Lighting","msegal@sescoltg.com","737 Shotgun Rd","Sunrise","FL","33326","9544749773","9544749888","509908","Manufacturers-Agents & Representatives","NULL","0","0"
"Flightstar Aircraft Svc","9047418721","14830 Yonge Dr","Jacksonville","30750000","Gerardo F Hernandez","President","Mal","535572","F","Flightstar Aircraft Svc","flightstar@flightstarjax.com","14830 Yonge Dr","Jacksonville","FL","32218","9047418721","9047418721","372805","Aircraft Modifications (Manufacturers)","www.flightstarjax.com","0","0"
"Adonel Concrete Pumping","3056690611","2101 NW 110th Ave","Miami","25800000","Luis Garcia","President","Mal","538360","A","Adonel Concrete Pumping","L_G@adonelconcrete.com","2101 NW 110th Ave","Miami","FL","33172","3055992826","3056690611","521128","Concrete-Ready Mixed","NULL","0","0"
"NEOPOST","3058226004","14505 COMMERCE WAY STE 600","HIALEAH","46500000","ALLAN BAIRD","Manager","M","539002","N","Neopost","billingdepartment@neopostinc.com","14505 Commerce Way # 600","Hialeah","FL","33016","2483568200","3058226004","357907","Mailing Machines & Equipment-Mfrs","www.neopostinc.com","0","0"
"Insurance Management Solutions","7278032040","801 94th Ave N # 200","St Petersburg","32264000","Mike Jones","CEO","Mal","544283","I","Insurance Management Solutions","MikeJ@outsourceimsg.com","801 94th Ave N # 200","St Petersburg","FL","33702","7278032093","7278032040","737401","Data Processing Service","NULL","0","0"
"National Partitions","3058223721","PO Box 4368","Hialeah","37107000","Anthony D'Andrea","CEO","Mal","545456","N","National Partitions","john.henry@n-p.com","340 West 78Th Road","Hialeah","FL","33014","3053625688","305-822-3721","1531","Operative Builders (residential operative builders)","NULL","0","0"
"Waste Management Inc","3867368822","1378 S Volusia Ave","Orange City","43400000","Charles Merkely","Manager","Mal","547927","W","Waste Management Inc","jpockmire@fkmagency.com","1378 S Volusia Ave","Orange City","FL","32763","9544365893","3867368822","495302","Garbage Collection","www.wm.com","0","0"
"Etco Automotive Products","9417568426","3004 62nd Ave E","Bradenton","25441000","Robert Altomonte","President","Mal","548144","E","Etco Automotive Products","Altomonte@etco.com","3004 62nd Ave E","Bradenton","FL","34203","9417587195","9417568426","364498","Noncurrent-Carrying Wiring Devices (Mfr)","NULL","0","0"
"Parkwood Medical Equipment","3527968495","PO Box 1029","New Port Richey","26910000","James Vincent","CEO","Mal","548237","P","Parkwood Medical Equipment","James@parkwoodmed.com","PO Box 1029","New Port Richey","FL","34656","7278475024","3527968495","504704","Physicians & Surgeons Equip & Supls-Whol","NULL","0","0"
"Danella Construction Co","3216312169","717 Industry Rd S","Cocoa","47200000","Joe Hemple","President","Mal","548440","D","Danella Construction Co","tschilling@rr.dc.com","717 Industry Rd S","Cocoa","FL","32926","3216312169","3212420106","152144","Construction Companies","www.danella.com","0","0"
"Metal Tech Inc","3058232323","7635 W 2nd Ct","Hialeah","44520000","Steve Buzzella","President","Mal","554455","M","Metal Tech Inc","mike.funk@badgermetal.com","7635 W 2nd Ct","Hialeah","FL","33014","3058267979","3058232323","335501","Aluminum Fabricators","NULL","0","0"
"ABB Inc","9547526700","4300 Coral Ridge Dr","Coral Springs","26880000","Pat Wilkson","Plant Mgr","Mal","554470","A","ABB Inc","christine.gunnarsson@se.abb.com","4300 Coral Ridge Dr","Coral Springs","FL","33065","3373651125","9547526700","362502","Relays (Manufacturers)","www.abb.com","0","0"
"Mackle Co","3055926144","10880 NW 30th St","Doral","32400000","Frank E Mackle","Owner","Mal","555953","M","Mackle Co","annette.pida@avantiproducts.com","10880 NW 30th St","Doral","FL","33172","3055913629","3055926144","671901","Holding Companies (Non-Bank)","NULL","0","2"
"LARGO PUBLIC WORKS DEPT","7275867418","1000 2ND ST SE","LARGO","26700000","","Unknown","","555975","L","Largo Public Works Dept","omb@largo.com","1000 2nd St SE","Largo","FL","33771","7275876780","7275867418","161104","Parking Area/Lots Maintenance & Marking","www.largo.com","0","0"
"Simplex Grinnell","2399394456","6450 Metro Plex Dr","Fort Myers","49350000","Ron Thomas","Manager","Mal","556330","S","Simplex Grinnell","alindstrom@adt.com","6450 Metro Plex Dr","Fort Myers","FL","33912","5048891566","2399394456","506308","Fire Alarm Systems (Wholesale)","www.tyco.com","0","0"
"Rite Way Ornamental Iron","3057540242","7770 NW 22nd Ave","Miami","47115000","Fidel Garcia","Owner","Mal","556768","R","Rite Way Ornamental Iron","Fidel-Garcia@okdirect.com","7770 NW 22nd Ave","Miami","FL","33147","3058360424","3057540242","505106","Steel-Distributors & Warehouses","NULL","0","0"
"Quantachrome Inc","5617314999","1900 Corporate Dr","Boynton Beach","25980000","S Lowell","Owner","Mal","557475","Q","Quantachrome Inc","qc.lab@quantachrome.com","1900 Corporate Dr","Boynton Beach","FL","33426","5617329888","5617314999","504905","Scientific Apparatus & Instruments-Whol","www.quantachrome.com","0","0"
"FLORIDA SPINE INSTITUTE","7274655100","1280 CLEVELAND ST","CLEARWATER","27500000","JACK R MCCURDY JR","Chief Executive Office","M","559098","F","Florida Spine Institute","Jack@spinepain.com","1280 Cleveland St","Clearwater","FL","33755","7274655192","7274655100","874213","Marketing Programs & Services","NULL","0","0"
"PATNODE ROOFING INC","2396939091","5550 DIVISION DR","FORT MYERS","43800000","BOB PATNODE","President","M","559606","P","Patnode Roofing Inc","carmen@patnoderoofing.com","5550 Division Dr","Fort Myers","FL","33905","2396938859","2396939091","176109","Roofing Contractors","NULL","0","0"
"SEISINT INC","5619994400","6601 PARK OF COMMERCE BLVD","BOCA RATON","44400000","JAMES PECK","Chief Executive Office","M","561488","S","Seisint Inc","customereducation@lexisnexis.com","6601 Park Of Commerce Blvd","Boca Raton","FL","33487","5619994644","5619994400","873204","Market Research & Analysis","www.siesant.com","0","0"
"Northwestern Meat Inc","3056338112","2100 NW 23rd St","Miami","44200000","Elpidio Nunez","Owner","Mal","562477","N","Northwestern Meat Inc","peteynunez@northwesternselecta.com","2100 NW 23rd St","Miami","FL","33142","3056336907","3056338112","509901","Exporters","www.numeat.com","0","0"
"Tampa Farm Svc","8136590605","14425 Haynes Rd","Dover","26000000","Michael H Bynum","President","Mal","564443","T","Tampa Farm Svc","M_B@4-grain.com","14425 Haynes Rd","Dover","FL","33527","8136590197","8136590605","514403","Eggs (Wholesale)","NULL","0","0"
"Victor Distributing Co","7275727276","12105 28th St N # A","St Petersburg","28560000","","","","564650","V","Victor Distributing Co","dmorrill@victordist.com","12105 28th St N # A","St Petersburg","FL","33716","7275732311","7275727276","507505","Air Conditioning Supplies & Parts (Whol)","www.victordist.com","0","0"
"MEDICORE INC","3055565084","2647 W 81ST ST","HIALEAH","45300000","BONNIE CAPLAND","Manager","F","564660","M","Medicore Inc","ggont@medicore.com","2337 W 76th St","Hialeah","FL","33016","3058250961","3055584000","809298","Kidney Dialysis Centers","NULL","0","0"
"WPBF","5616942525","3970 Rca Blvd # 7007","Palm Beach Gdns","34760000","Viki Regan","Manager","Fem","565644","W","WPBF","tkenney@hearst.com","3970 Rca Blvd # 7007","Palm Beach Gdns","FL","33410","5616241089","5616942525","483301","Television Stations & Broadcasting CO","www.thewpbfchannel.com","0","0"
"MC GILL AIRFLOW CORP","4078269950","6321 EMPEROR DR STE 202","ORLANDO","39000000","ROB WELLS","Manager","M","567530","M","Mc Gill Airflow Corp","milwaukee@mcgillairflow.com","6321 Emperor Dr # 202","Orlando","FL","32809","6412367352","4078417953","344404","Duct & Duct Fittings (Manufacturers)","www.mcgillairflow.com","0","0"
"Advanced Electronic Cables Inc","3212596340","4270 Dow Rd # 209","Melbourne","26260000","Allan D Boone","President","Mal","568794","A","Advanced Electronic Cables Inc","aboone@aecables.com","4270 Dow Rd # 209","Melbourne","FL","32934","3212591011","3212596340","506519","Electronic Equipment & Supplies-Whol","www.aecables.com","0","0"
"CONVERGENT LABEL TECHNOLOGY","8136218128","616 S WARE BLVD","TAMPA","30600000","GRAHAM LLOYD","President","M","568942","C","Convergent Label Technology","GrahamL@convergentlabeltech.com","618 S Ware Blvd","Tampa","FL","33619","8136201206","8136284054","267201","Labels-Paper (Manufacturers)","NULL","0","0"
"Arr-Maz Custom Chemicals Inc","8632937884","621 Snively Ave","Eloise","37800000","Glen Varnadoe","President","Mal","569608","A","Arr-Maz Custom Chemicals Inc","ghale@arr-maz.com","621 Snively Ave","Eloise","FL","33880","8632989800","8632937884","281998","Industrial Inorganic Chmcls Nec (Mfrs)","NULL","0","0"
"Freedom Square Nursing Ctr","7273980379","10801 Johnson Blvd","Seminole","33150000","Dick Kendrick","CEO","Mal","570478","F","Freedom Square Nursing Ctr","Kendrick@arclp.com","10801 Johnson Blvd","Seminole","FL","33772","7273920892","7273980379","836105","Residential Care Homes","NULL","0","0"
"LABORATORY SUPPLY CO-LABSCO","9047399032","3069 MERCURY RD","JACKSONVILLE","26600000","KRIS MCMILLAN","Manager","F","570822","L","Laboratory Supply Co-Labsco","labsco@labsco.com","3069 Mercury Rd","Jacksonville","FL","32207","3175476705","9047399032","504906","Laboratory Equipment & Supplies (Whol)","www.labsco.com","0","0"
"Lowe's","8508577901","1201 Airport Blvd","Pensacola","46440000","Michael Guin","Manager","Mal","571679","L","Lowe's","manager@lowes.com","1201 Airport Blvd","Pensacola","FL","32504","8508577915","8508577901","521142","Lumber","www.lowes.com","0","0"
"Lift Power Inc","9047830250","5820 Commonwealth Ave","Jacksonville","45152000","Paul Mohrman","Owner","Mal","573577","L","Lift Power Inc","servicedept@liftpower.com","5820 Commonwealth Ave","Jacksonville","FL","32254","2292937857","9047830250","508426","Material Handling Equipment (Wholesale)","www.liftpower.com","0","0"
"C & G Food Brokerage Inc","4075785959","4595 Parkbreeze Ct","Orlando","34110000","C P Clifford","President","Mal","576219","C","C & G Food Brokerage Inc","infoorlando@cgfoodbroker.com","4595 Parkbreeze Ct","Orlando","FL","32808","4072939591","4075785959","514102","Food Brokers","www.cgfoodbroker.com","0","0"
"K O A KAMPGROUND","3527482774","882 E STATE ROAD 44","WILDWOOD","28100000","ERNEST GROSS","Owner","M","578137","W","Wildwood KOA","wildwoodkoa@floridawildwoodkoa.com","882 E State Road 44","Wildwood","FL","34785","3527482774","3527482774","703301","Campgrounds","www.floridawildwoodkoa.com","0","1"
"Luzer Electric","3056819531","3371 NW 154th Ter","Opa Locka","26400000","Frances Huizenga","Owner","Fem","581753","L","Luzer Electric","Frances@luzer.com","3371 NW 154th Ter","Opa Locka","FL","33054","3056816863","3056819531","173101","Electric Contractors","NULL","0","2"
"CARPENTER CONTRACTORS-AMERICA","9547812660","941 SW 12TH AVE","POMPANO BEACH","35200000","BILL FRITSCH","President","M","585243","C","Carpenter Contractors-America","Don-Thiel@carpentercontractors.com","941 SW 12th Ave","Pompano Beach","FL","33069","9547869016","9547812660","243999","Structural Wood Members Nec (Mfrs)","NULL","0","0"
"JET AVIATION","5612337200","1515 PERIMETER RD","WEST PALM BCH","44400000","NORBERT EHRICH","Manager","M","587284","J","Jet Aviation","pgillhaus@jetaviation.com","1515 Perimeter Rd","West Palm Beach","FL","33406","5612337222","5612337233","458104","Aircraft Servicing & Maintenance","NULL","0","0"
"SHELL POINT RETIREMENT","2394661131","15101 SHELL POINT BLVD","FORT MYERS","28500000","PETER DYS","President","M","587823","S","Shell Point Retirement","thevillagechurch@shellpoint.net","15101 Shell Point Blvd","Fort Myers","FL","33908","2394542217","2394661131","805904","Retirement Communities & Homes","www.shellpoint.org","0","0"
"Thermal Concepts","9544724465","2201 College Ave","Davie","31682000","Lawrence D Maurer","President","Mal","589647","T","Thermal Concepts","lmaurer@thermalconcepts.com","2201 College Ave","Davie","FL","33317","9543706410","9544724465","171117","Air Conditioning Contractors & Systems","www.thermalconcepts.com","0","0"
"Sky Way Enterprise","4079320600","3031 Patrick St","Kissimmee","40250000","Thomas Loumankin","Owner","Mal","594474","S","Sky Way Enterprise","Thomas@skywayent.com","3031 Patrick St","Kissimmee","FL","34741","4079320607","4079320600","451202","Air Cargo Service","NULL","0","0"
"Weeks Auto Brokers","5613308152","1865 SW 4th Ave # D5a","Delray Beach","37000000","Kevin Weeks","Owner","Mal","595458","W","Weeks Auto Brokers","jim@dealerauto.com","1865 SW 4th Ave # D5a","Delray Beach","FL","33444","5613308102","5613308152","501208","Automobile & Truck Brokers","www.dealerauto.com","0","0"
"EMC Inc","8132826969","3000 Bayport Dr # 900","Tampa","43200000","Chris Jones","Manager","Mal","596014","E","EMC Inc","lacroix_rick@emc.com","3000 Bayport Dr # 900","Tampa","FL","33607","9498330690","8132826969","357101","Computers-Electronic-Manufacturers","www.emc.com","0","0"
"DESIGN OPTIONS","8138854950","5455 W WATERS AVE STE 214","TAMPA","27700000","JERRY MESSERMAN","Chief Executive Office","M","596421","D","Design Options","pverble@designoptions.com","5202 Eagle Trail Dr","Tampa","FL","33634","8138852994","8138854950","502113","Office Furniture & Equip-Wholesale","www.designoptions.com","0","0"
"NURSERY SUPPLIES INC","4078469750","2050 AVENUE A","KISSIMMEE","44800000","JACK CROWELL","Manager","M","598657","N","Nursery Supplies Inc","azimlich@nurserysupplies.com","2050 Avenue A","Kissimmee","FL","34758","7145382769","4078469750","399903","Manufacturers","www.nurserysupplies.com","0","0"
"COLUMBIA ANALYTICAL SVC","9047392277","8540 BAYCENTER RD","JACKSONVILLE","40000000","GREG JORDAN","Manager","M","600466","C","Columbia Analytical Svc","lfulks@simi.caslab.com","8540 Baycenter Rd","Jacksonville","FL","32256","3606361068","9047392277","873414","Laboratories-Analytical","www.caslab.com","0","0"
"Callaway Contracting Inc","9047518944","10950 New Berlin Rd","Jacksonville","33400000","Pat Callaway","Owner","Mal","601434","C","Callaway Contracting Inc","projectoutreach@jea.com","10950 New Berlin Rd","Jacksonville","FL","32226","9047510940","9047518944","162308","Utility Contractors","www.callawaycontracting.com","0","0"
"Sellerskuykendall","4078945431","1560 Orange Ave","Winter Park","39840000","Jack Kuykendall","Owner","Mal","601622","S","Sellerskuykendall","Jack@kuykendall.com","1560 Orange Ave","Winter Park","FL","32789","4076296378","4078945431","635103","Insurance-Bonds","NULL","0","0"
"Magnetix Group","4079262400","3600 Ecommerce Pl","Orlando","32970000","Bill Hohns","President","Mal","602463","M","Magnetix Group","bhohns@magnetix.com","3600 Ecommerce Pl","Orlando","FL","32808","4079262402","4079262400","781203","Audio-Visual Production Service","NULL","0","0"
"CONLEY RV CTR","9417562247","800 CORTEZ RD W","BRADENTON","25200000","JEFF CONLEY","Owner","M","602631","C","Conley Rv Ctr","gpetzoldt@conleyrv.com","800 Cortez Rd W","Bradenton","FL","34207","9417562247","9417562247","556103","Recreational Vehicles","www.conleyrv.com","0","0"
"ART & FRAME DIRECT","4078576000","11423 SATELLITE BLVD","ORLANDO","43400000","GEORGE A EOUSE","Chief Executive Office","M","602854","A","Art & Frame Direct","dotty.eouse@artframedirect.com","11423 Satellite Blvd","Orlando","FL","32837","4078579953","4078579439","509905","Importers","NULL","0","0"
"St Augustine Gas Co","9048241601","254 Riberia St","St Augustine","33540000","","","","603183","S","St Augustine Gas Co","jjames@westaff.com","254 Riberia St","St Augustine","FL","32084","9048241671","9048241601","517208","Gas-Liquefied Petro-Bttld/Bulk (Whol)","www.staugustinechamber.com","0","0"
"Panalpina Inc","3054999800","3505 NW 107th Ave","Doral","44700000","Grace Guerndian","Manager","Fem","603184","P","Panalpina Inc","oilandgas@panalpina.com","3505 NW 107th Ave","Doral","FL","33178","3108194055","3054999800","473104","Freight-Forwarding","www.panalpina.com","0","0"
"ASPEN AC INC","5613951500","3999 N DIXIE HWY","BOCA RATON","26300000","STEVE MAGUIRE","Owner","M","603541","A","Aspen AC Inc","tonif@aspenac.com","3999 N Dixie Hwy","Boca Raton","FL","33431","5613953385","5613951500","171117","Air Conditioning Contractors & Systems","www.aspenac.com","0","0"
"CARPET ONE MEDALLION PAINT","9544272007","246 S FEDERAL HWY","DEERFIELD BCH","26000000","DAVE BRUCE","Owner","M","605097","C","Carpet One-Medallion Decorating Center","dbruce@medalliondeco.com","Suite # 212 1191 East Newport Center  Drive","DEERFIELD BEACH","FL","33441","9544272007","9544272502","571305","Carpet & Rug Dealers","null","0","0"
"Co-Op Fuels & Lubricants","7273213421","4911 8th Ave S","Gulfport","26832000","Kevin Luter","Owner","Mal","605228","C","Co-Op Fuels & Lubricants","LKevin@fuelsmith.com","4911 8th Ave S","Gulfport","FL","33707","7273235772","7273213421","517210","Gasoline & Oil-Wholesale","NULL","0","0"
"BYNUM TRANSPORTATION INC","8639673244","70 THORNHILL RD","AUBURNDALE","27600000","DURWARD D BYNUM","Chief Executive Office","M","605708","B","Bynum Transportation Inc","csackett@bynumtransport.com","70 Thornhill Rd","Auburndale","FL","33823","8639673922","8639673244","421306","Trucking-Liquid & Dry Bulk","www.bynumtransport.com","0","0"
"INTERNATIONAL MONITORING INC","3055386652","6990 SW 8TH ST","MIAMI","41900000","","Unknown","","607095","I","International Monitoring Inc","dShopay@intlmonitoring.com","6990 SW 8th St","Miami","FL","33144","3055317604","3055386652","506324","Burglar Alarm Systems (Wholesale)","NULL","0","0"
"AVI-Audio Visual Innvtns","8138847168","6206 Benjamin Rd # 310","Tampa","32880000","Jack Landstrom","Manager","Mal","608395","A","AVI-Audio Visual Innvtns","dhurt@aviinc.com","6206 Benjamin Rd # 310","Tampa","FL","33634","8138829508","8138847168","737701","Computers-Renting & Leasing","www.aviinc.com","0","0"
