mail id,company,email,address,phone,fax,sic,sic description,web,,revenue id,company,address,city,state,zip,	metro,web,phone,fax,contact,position,gender,sales,# of employee,sic,sic_descrpiton,	,,
"181226","AIM Aviation","inquiry@aimseattle.com","705 SW 7th St","4252280761","4252352750","559908","Aircraft Equipment Parts & Supplies","www.aimseattle.com"," Email <---> Revenue ","198038","AIM Aviation","705 SW 7th St","Renton","WA","98055","King","www.aimseattle.com","4252352750","4252280761","Mark  Potensky","President","Mal","40926000","114","559908","Aircraft Equ","5","0","1"
"188504","Galvin Flying Svc Inc","flight@galvinflying.com","6987 Perimeter Rd S","2067679333","2067630350","458104","Aircraft Servicing & Maintenance","www.galvinflying.com"," Email <---> Revenue ","362116","Galvin Flying Svc Inc","6987 Perimeter Rd S","Seattle","WA","98108","King","www.galvinflying.com","2067630350","2067679333","Peter  Anderson","Manager","Mal","12120000","120","458104","Aircraft Ser","4","0","1"
"93562","RECO","steve@recoinc.com","1515 W Ahtanum Rd","5092487694","5092485040","507804","Refrigerating Equip-Coml (Wholesale)","www.recoinc.com"," Email <---> Revenue ","532930","RECO","1515 W Ahtanum Rd","Union Gap","WA","98903","Yakima","www.recoinc.com","5092485040","5092487694","Steve  Clark","Owner","Mal","10200000","20","507804","Refrigeratin","4","0","1"
"122222","Kettle Falls Generating Sta","askchristine@avistautilities.com","1151 Highway 395 N","5097382598","5097382449","491101","Electric Companies","www.avistacorp.com"," Email <---> Revenue ","430578","Kettle Falls Generating Sta","1151 Highway 395 N","Kettle Falls","WA","99141","Stevens","www.avistacorp.com","5097382449","5097382598","Dean  Hull","Manager","Mal","18480000","30","491101","Electric Com","4","0","1"
"174084","Vera Water & Power District","gail@verawaterandpower.com","601 N Evergreen Rd","5099223929","5099243800","491101","Electric Companies","www.verawaterandpower.com"," Email <---> Revenue ","616984","Vera Water & Power District","601 N Evergreen Rd","Spokane Valley","WA","99216","Spokane","www.verawaterandpower.com","5099243800","5099223929","Kevin  Wells","Manager","Mal","20328000","33","491101","Electric Com","4","0","1"
"182768","Staveley Instruments","emailfeedback@olympus.com","421 N Quay St","5097354672","5097357550","382998","Measuring/Controlling Devices Nec (Mfrs)","www.staveleyndt.com"," Email <---> Revenue ","581378","Staveley Instruments","421 N Quay St","Kennewick","WA","99336","Benton","www.staveleyndt.com","5097357550","5097354672","Aaron  Grundmeier","Manager","Mal","14896000","76","382998","Measuring/Co","4","0","1"
"10748","Cedar Grove Composting Inc","infocg@cedar-grove.com","17825 Cedar Grove Rd SE","4254327043","4254322395","509312","Recycling Centers (Wholesale)","www.cedar-grove.com"," Email <---> Revenue ","272006","Cedar Grove Composting Inc","17825 Cedar Grove Rd SE","Maple Valley","WA","98038","King","www.cedar-grove.com","4254322395","4254327043","Terry  Johnson","Plant Mgr","Mal","17560000","40","509312","Recycling Ce","4","0","1"
