mail id,company,email,address,phone,fax,sic,sic description,web,,revenue id,company,address,city,state,zip,	metro,web,phone,fax,contact,position,gender,sales,# of employee,sic,sic_descrpiton,	,,
"73912","Home Care Products","ezaccess@homecareproducts.com","1704 B St NW # 110","2536308196","2536314633","384104","Physicians & Surgeons Equip & Supls-Mfrs","www.homecareproducts.com"," Email <---> Revenue ","392913","Home Care Products","1704 B St NW # 110","Auburn","WA","98001","King","www.homecareproducts.com","2536314633","2536308196","Deanne  Sandvold","Owner","Fem","5600000","25","384104","Physicians &","3","0","1"
"176639","Armstrong Uniserve Inc","infoarmstronghomecare@rescare.com","24510 64th Ave S # 123","2532722874","2538506415","808201","Home Health Service","www.armstronghomecare.com"," Email <---> Revenue ","223694","Armstrong Uniserve Inc","24510 64th Ave S # 123","Kent","WA","98032","King","www.armstronghomecare.com","2538506415","2538506394","Lea  Armstrong","Owner","Fem","7350000","150","808201","Home Health ","3","0","1"
"142087","Christian Health Care Center","jdhrr@netscape.net","855 Aaron Dr","3603544434","null","809907","Health Services","CHRISTIANHEALTHCARECTR.COM"," Email <---> Revenue ","36342","CHRISTIAN HEALTH CARE CTR","855 AARON DR","LYNDEN","WA","98264","Whatcom","","3603544434","3603543768","ANITA TALLMAN","Executive Director","F","7400000","195","805101","Nursing Home","3","0","1"
"164868","Portable X-Ray","kmccullum@portablexray.net","6925 216th St SW","4256400295","4256402600","504720","X-Ray Apparatus & Supplies (Wholesale)","www.port-xray.com"," Email <---> Revenue ","521925","Portable X-Ray","6925 216th St SW","Lynnwood","WA","98036","Snohomish","www.port-xray.com","4256402600","4256400295","Kelly  Mc Cullum","Manager","Mal","5980000","10","504720","X-Ray Appara","3","0","1"
