mail id,company,email,address,phone,fax,sic,sic description,web,,revenue id,company,address,city,state,zip,	metro,web,phone,fax,contact,position,gender,sales,# of employee,sic,sic_descrpiton,	,,
"182178","Tensolite Co","hdrfi@tensolite.com","3000 Columbia House Blvd # 120","3606949230","3606997277","367901","Electronic Equipment & Supplies-Mfrs","www.tensolite.com"," Email <---> Revenue ","596536","Tensolite Co","3000 Columbia House Blvd # 120","Vancouver","WA","98661","Clark","www.tensolite.com","3606997277","3606949230","Juan  Sifontes","Plant Mgr","Mal","58240000","260","367901","Electronic E","6","0","1"
"137221","Pacific CA Systems","home@pacificca.com","1420 Industrial Way","5095768633","5095768632","517205","Gas-Indstrl/Med-Cylinder & Bulk (Whol)","www.pacificca.com"," Email <---> Revenue ","505359","Pacific CA Systems","1420 Industrial Way","Union Gap","WA","98903","Yakima","www.pacificca.com","5095768632","5095768633","James  Wooldridge","Owner","Mal","50310000","15","517205","Gas-Indstrl/","6","0","1"
"144461","Interlube","interlube@opti2-4.com","801 Harris Ave # 1","3607344188","3607343832","517212","Oil Marketers & Distributors","www.opti2-4.com"," Email <---> Revenue ","404201","Interlube","801 Harris Ave # 1","Bellingham","WA","98225","Whatcom","www.opti2-4.com","3607343832","3607344188","Jeff  Kent","President","Mal","50310000","15","517212","Oil Marketer","6","0","1"
"178232","Trout-Blue Chelan Inc","jenniferd@troutbc.com","8 Howser Rd","5096822651","5096822591","514805","Fruits & Vegetables-Growers & Shippers","www.chelanfruit.com"," Email <---> Revenue ","173179","TROUT-BLUE CHELAN INC","PO BOX 669","CHELAN","WA","98816","Chelan","","5096822591","5096822651","REGGIE COLLINS","Chief Executive Office","M","89700000","501","514800","Fresh Fruits","6","0","1"
"131285","West Farm Foods","joe.williamson@westfarm.com","635 Elliott Ave W","2.06E+19","null","019101","FARMS","NWDAIRY.COM;NWDAIRY.NET;NWDAIRY.ORG;WEST-FARM-FOODS.COM;WEST-FARM-FOODS.NET;WEST-FARM-FOODS.ORG;WEST"," Email <---> Revenue ","184022","WEST FARM FOODS","PO BOX 18229","SEATTLE","WA","98118","King","","2067222655","","ALAN SHRADER","Manager","M","89700000","1300","202100","Mfg Creamery","6","0","1"
"190163","Hampton Lumber","johndickenson@hamptonaffiliates.com","10166 Us Highway 12","5032036619","3604975030","242102","Sawmills","www.hamptonaffiliates.com"," Email <---> Revenue ","381139","Hampton Lumber","10166 Us Highway 12","Randle","WA","98377","Lewis","www.hamptonaffiliates.com","3604975030","3604972266","Harvey  Chandler","Manager","Mal","53600000","200","242102","Sawmills","6","0","1"
"119384","RAHCO Intl","rahco@rahco.com","8700 N Crestline St","5094660212","5094670770","353198","Construction Machinery & Equip (Mfrs)","www.rahco.com"," Email <---> Revenue ","532741","RAHCO Intl","8700 N Crestline St","Spokane","WA","99217","Spokane","www.rahco.com","5094670770","5094660212","Richard W  Hanson","CEO","Mal","58876000","164","353198","Construction","6","0","1"
"141712","Sterling International Inc","stephc@rescue.com","3808 N Sullivan Rd # 16","7146470303","5099266766","287905","Pest Control Supplies & Equip-Mfrs","www.rescue.com"," Email <---> Revenue ","582344","Sterling International Inc","3808 N Sullivan Rd # 16","Spokane Valley","WA","99216","Spokane","www.rescue.com","5099266766","5099287313","Rod  Schneidmiller","President","Mal","77672000","73","287905","Pest Control","6","0","1"
"169251","Time Oil Co","thenderson@timeoil.com","2737 W. Commodore Way","2062852400","null","5411","Food products","JACKPOTFOODMART.COM"," Email <---> Revenue ","86538","JACKPOT CONVENIENCE STORES INC","2737 W COMMODORE WAY","SEATTLE","WA","98199","King","","2062852400","2062838036","JIM BURKE","Vice-President","M","72000000","400","541103","Conven Store","6","0","1"
"143176","Van Well Nursery","vanwell@vanwell.net","2821 Grant Rd","5098860294","5098868189","526108","Nurserymen","www.vanwell.net"," Email <---> Revenue ","177869","VAN WELL NURSERY","2821 GRANT RD","E WENATCHEE","WA","98802","Douglas","","5098868189","5098860294","PETER VAN WELL","President","M","61300000","350","526103","Retail Nurse","6","0","1"
"57926","Rotary Offset Press","webdesign@uglyant.com","6600 S 231st Street","2538139900","null","275202","Printers","null"," Email <---> Revenue ","145131","ROTARY OFFSET PRESS INC","6600 S 231ST ST","KENT","WA","98032","King","","2538139900","2538132932","KEN HATCH","President","M","96000000","2000","275200","Litho,Coml P","6","0","1"
"74356","Avtech Corp","zipp@avtcorp.com","3400 Wallingford Ave N","2066343011","2066342540","372801","Aircraft Components-Manufacturers","www.avtcorp.com"," Email <---> Revenue ","229657","Avtech Corp","3400 Wallingford Ave N","Seattle","WA","98103","King","www.avtcorp.com","2066342540","2066343011","Chris  Anderson","Plant Mgr","Mal","51250000","250","372801","Aircraft Com","6","0","1"
