mail id,company,email,address,phone,fax,sic,sic description,web,,revenue id,company,address,city,state,zip,	metro,web,phone,fax,contact,position,gender,sales,# of employee,sic,sic_descrpiton,	,,
"191269","Vancouver Radiologists PC","jroberts@vanrad.com","505 NE 87th Ave # Ll50","3602544914","3602544914","801110","Mammograph","www.vanrad.com"," Email <---> Revenue ","616077","Vancouver Radiologists PC","505 NE 87th Ave # Ll50","Vancouver","WA","98664","Clark","www.vanrad.com","3602544914","","John  Schroeder","Manager","Mal","36600000","120","801110","Mammograph","5","0","1"
"182702","Dentistry-Online Inc","l.jwalton@ntlworld.com","1201 SE Tech Center Dr # 110","3608921747","3608835274","504719","Dental Equipment & Supplies-Wholesale","www.casey.com"," Email <---> Revenue ","313748","Dentistry-Online Inc","1201 SE Tech Center Dr # 110","Vancouver","WA","98683","Clark","www.casey.com","3608835274","3608921747","Kevin  Burton","Manager","Mal","29900000","50","504719","Dental Equip","5","0","1"
"181991","Seattle Systems","mrow@seattlesystems.com","26296 Twelve Trees Ln NW # 1","3606975876","3606975656","384104","Physicians & Surgeons Equip & Supls-Mfrs","www.seattlesystems.com"," Email <---> Revenue ","561347","Seattle Systems","26296 Twelve Trees Ln NW # 1","Poulsbo","WA","98370","Kitsap","www.seattlesystems.com","3606975656","3606975876","Calvin  Andre","President","Mal","44800000","200","384104","Physicians &","5","0","1"
"42241","Allweather Wood Treaters","alan.wade@allweatherwood.com","PO Box 227","3608353692","3608358547","2491","Wood Preserving","NULL"," Email <---> Revenue ","212724","Allweather Wood Treaters","725 S 32nd St","Washougal","WA","98671","Clark","www.allweatherwood.com","3608358547","3608353692","Thomas  Babler","CEO","Mal","39920000","80","249101","Lumber-Treat","5","0","1"
"190215","S2one Inc","anonymous@s2one.com","1521 N Argonne Rd # 414","5098931803","5098917362","506530","Television Station Equipment (Whol)","www.s2one.com"," Email <---> Revenue ","552829","S2one Inc","1521 N Argonne Rd # 414","Spokane Valley","WA","99212","Spokane","www.s2one.com","5098917362","5098931803","Mark  Hills","President","Mal","49490000","49","506530","Television S","5","0","1"
"106977","General Fire Protection System","gailb@generralfire.com","4004 E Trent Ave","5095348529","5095354255","509903","Fire Extinguishers (Wholesale)","www.generalfire.com"," Email <---> Revenue ","364982","General Fire Protection System","4004 E Trent Ave","Spokane","WA","99202","Spokane","www.generalfire.com","5095354255","5095348529","Darrell  Siria","Owner","Mal","42480000","45","509903","Fire Extingu","5","0","1"
"81553","Iversen Dairy Distributing","ggilbert@arashi.bli.net","3813 168th Street NE #13","3602015939","3606500449","731908","Distribution Services","APEX-TECH.NET^^APEXCOMPUTERSOLUTIONS.COM"," Email <---> Revenue ","407249","Iversen Dairy Distributing","3813 168th St NE # 13","Arlington","WA","98223","Snohomish","","3606586167","3606586260","Rick  Iversen","Owner","Mal","33600000","35","514303","Dairy Produc","5","0","1"
"51892","Play It Again Sports","gregb@piasports.com","19513 Highway 99","4256701184","4256701184","594113","Sporting Goods-Retail","www.piasports.com"," Email <---> Revenue ","132288","PLAY IT AGAIN SPORTS","19513 HIGHWAY 99","LYNNWOOD","WA","98036","Snohomish","","4256701184","4256701184","GREG BAUMAN","Owner","M","27300000","6899","594100","Sporting Gds","5","0","1"
"51470","United States Seafoods","jonathans@finfish-wa.com","9461 Olson Place SW","2067633133","null","5411","Food products","USSEAFOODS.NET"," Email <---> Revenue ","175638","UNITED STATES SEAFOODS","9461 OLSON PL SW","SEATTLE","WA","98106","King","","2067633133","2067633323","MATT DORETY","Manager","M","32000000","200","542102","Fish,Seafood","5","0","1"
"111766","Yachtship Cruiseline","jsperry@americanorientexpress.com","1215 4th Avenue Suite 610","2062929606","null","472406","Cruises","AMERICANWESTSTEAMBOAT.COM"," Email <---> Revenue ","104401","MAJESTIC AMERICA LINE","2101 4TH AVE STE 1150","SEATTLE","WA","98121","King","","2062929606","2063400975","DAVID GIERSDORS","President","M","26900000","444","874203","Mrkting Cons","5","0","1"
"134597","Welco-Skookum","larryp@cedarbest.com","1218 1st St","3606511521","3606511500","242101","Lumber-Manufacturers","www.welco-skookum.com"," Email <---> Revenue ","626453","Welco-Skookum","1218 1st St","Marysville","WA","98270","Snohomish","www.welco-skookum.com","3606511500","3606511521","Bob  Davenport","Plant Mgr","Mal","45000000","140","242101","Lumber-Manuf","5","0","1"
"178959","Dakota Creek Industries","margie@dakotacreek.com","820 4th St","3602936432","3602939575","449304","Boat Repairing","www.dakotacreek.com"," Email <---> Revenue ","47116","DAKOTA CREEK INDUSTRIES","820 4TH ST","ANACORTES","WA","98221","Skagit","","3602939575","3602936432","RICHARD NELSON","President","M","33200000","199","449301","Boat Yards S","5","0","1"
"152826","Koval Marketing","omniman@theomnivision.com","11208 47th Ave W","5036539683","2065870520","509908","Manufacturers-Agents & Representatives","www.kovalmarketing.com"," Email <---> Revenue ","435894","Koval Marketing","11208 47th Ave W","Mukilteo","WA","98275","Snohomish","www.kovalmarketing.com","2065870520","","Roy  Koval","Owner","Mal","28320000","30","509908","Manufacturer","5","0","1"
"187686","PIP Printing","pip981@pip.com","4201 E Trent Ave","3178978822","5095342355","275202","Printers","www.pip.com"," Email <---> Revenue ","131745","PIP PRINTING","4201 E TRENT AVE","SPOKANE","WA","99202","Spokane","","5095342355","5095342707","KIM PLESE","Owner","F","30000000","4387","275200","Litho,Coml P","5","0","1"
"184425","Spokane Produce Inc","shawn@spokaneproduce.com","1905 S Geiger Blvd","5094553625","5094558970","543101","Fruits & Vegetables & Produce-Retail","www.spokaneproduce.com"," Email <---> Revenue ","158729","SPOKANE PRODUCE INC","1905 S GEIGER BLVD","SPOKANE","WA","99224","Spokane","","5094558970","5094553625","CRAIG HIGASHI","President","M","40000000","200","543100","Fruit & Veg ","5","0","1"
"137214","Chuck Olson Chevrolet KIA","specialfinance@chuckolsonchev.com","17037 Aurora Ave N","2065426609","2065464171","551103","Automobile Dealers-Used Cars","www.chuckolsonchev.com"," Email <---> Revenue ","280522","Chuck Olson Chevrolet KIA","17037 Aurora Ave N","Shoreline","WA","98133","King","www.chuckolsonchev.com","2065464171","2065426609","Greg  Olson","Owner","Mal","34000000","90","551103","Automobile D","5","1","1"
"139894","Universal Structural Inc","swilliams@universalstructural.com","604 SE Victory Ave","3606963590","3606951261","344106","Steel-Structural (Manufacturers)","www.universalstructural.com"," Email <---> Revenue ","613252","Universal Structural Inc","604 SE Victory Ave","Vancouver","WA","98661","Clark","www.universalstructural.com","3606951261","3606963590","Ralph  Seeley","Plant Mgr","Mal","32850000","150","344106","Steel-Struct","5","0","1"
"170559","Great American Rv Ctr","towablesales@greatamericanrv.com","5800 Pacific Hwy E","2538960028","2539262626","556103","Recreational Vehicles","www.greatamericanrv.com"," Email <---> Revenue ","373915","Great American Rv Ctr","5800 Pacific Hwy E","Tacoma","WA","98424","Pierce","www.greatamericanrv.com","2539262626","2538960028","Richard  Garchow","Owner","Mal","49060000","110","556103","Recreational","5","0","1"
"102193","Gordon Trucking Inc","webeye@gordontrucking.com","151 Stewart Rd SW","2538638497","2538637777","421309","Trucking-Motor Freight","www.gordontrucking.com"," Email <---> Revenue ","71432","GORDON TRUCKING INC","151 STEWART RD SW","PACIFIC","WA","98047","King","","2538637777","2538638497","LARRY GORDON","Chief Executive Office","M","46000000","500","421300","Trucking","5","0","1"
