mail id,company,email,address,phone,fax,sic,sic description,web,,revenue id,company,address,city,state,zip,	metro,web,phone,fax,contact,position,gender,sales,# of employee,sic,sic_descrpiton,	,,
"69373","Evergreen Health Care","638@gohip.com","4601 NE 77th Ave # 300","7063274493","3608926628","874242","Health Care Management","www.hbjkc.com"," Email <---> Revenue ","340264","Evergreen Health Care","4601 NE 77th Ave # 300","Vancouver","WA","98662","Clark","www.ehcmail.com","3608926628","3608825793","Andi  Martini","Owner","Mal","17000000","100","874242","Health Care ","4","0","1"
"185301","Stelte Dental Systems Inc","hans.heimbigner@a-dec.com","11600 49th Pl W # A","4253556156","4253159042","504704","Physicians & Surgeons Equip & Supls-Whol","www.steltedental.com"," Email <---> Revenue ","581827","Stelte Dental Systems Inc","11600 49th Pl W # A","Mukilteo","WA","98275","Snohomish","www.steltedental.com","4253159042","4253556156","Michael  Stelte","Owner","Mal","11960000","20","504704","Physicians &","4","0","1"
"157421","Kelly Home Care Svc","kellyservices002@prtc.net","200 N Mullan Rd # 120","3307624218","5099279111","808201","Home Health Service","www.kellyservices.com"," Email <---> Revenue ","428868","Kelly Home Care Svc","200 N Mullan Rd # 120","Spokane Valley","WA","99206","Spokane","www.kellyservices.com","5099279111","5099279362","Lisa  Rodriguez","Manager","Fem","24500000","500","808201","Home Health ","4","0","1"
"92180","Michael R. Yantis Associates;  Inc","alanb@yantis.com","1809 - 7th Ave Suite 1609","2065830465","2065830615","8999","Services NEC","yantis.com"," Email <---> Revenue ","189036","YANTIS","720 OLIVE WAY STE 1400","SEATTLE","WA","98101","King","","2065830465","2066670554","ERIC OVERTON","President","M","11600000","116","871100","Engineering ","4","0","1"
"137277","Valley Manufactured Housing","arthur.berger@fleetwoodhomestexas.com","1717 S 4th St","5098399417","509-839-9409","2451","Mobile Homes","NULL"," Email <---> Revenue ","177512","VALLEY MANUFACTURED HOUSING","1717 S 4TH ST","SUNNYSIDE","WA","98944","Yakima","","5098399409","5098399417","DARIN BERGER","President","M","17600000","200","245200","Prefab Wood ","4","0","1"
"166055","Strand Apples","atp@airnett.com","150 Cowichee City Road","5096784501","null","017505","Apples","strandapples.com"," Email <---> Revenue ","162715","STRAND APPLES INC","PO BOX 56","COWICHE","WA","98923","Yakima","","5096784501","5096785678","ROGER STRAND","President","M","17900000","100","514800","Fresh Fruits","4","0","1"
"172940","ITEX Corp","barb@itex.com","3625 132nd Ave SE # 200","2102811111","4254634000","623101","Barter & Trade Exchange","www.itex.com"," Email <---> Revenue ","398702","ITEX Corp","3625 132nd Ave SE # 200","Bellevue","WA","98006","King","www.itex.com","4254634000","4254634041","Steven M  White","CEO","Mal","10283000","57","623101","Barter & Tra","4","0","1"
"159489","Pallet Services Inc","ben@palletservices.com","12998 Farm To Market Rd","5032521399","3604248171","244801","Pallets & Skids-Manufacturers","www.palletservices.com"," Email <---> Revenue ","508113","Pallet Services Inc","12998 Farm To Market Rd","Mt Vernon","WA","98273","Skagit","www.palletservices.com","3604248171","3604246461","Darren  Bronco","Owner","Mal","17250000","150","244801","Pallets & Sk","4","0","1"
"109007","Bechtel Corp","bgpohan@bechtel.com","12131 113th Ave NE","5022442211","4258146600","871106","Engineers","www.bechtel.com"," Email <---> Revenue ","238787","Bechtel Corp","12131 113th Ave NE","Kirkland","WA","98034","King","www.bechtel.com","4258146600","4258215684","","","","11060000","70","871106","Engineers","4","0","1"
"180392","A A Asphalting","bills@aaasphalting.com","2518 E Valley Hwy E","2538635402","2538634759","161101","Paving Contractors","www.aaasphalting.com"," Email <---> Revenue ","192878","A A Asphalting","2518 E Valley Hwy E","Sumner","WA","98390","Pierce","www.aaasphalting.com","2538634759","2538635402","Jeff  Jewett","Owner","Mal","17625000","75","161101","Paving Contr","4","1","1"
"180640","R W Fab Inc","brad@rwfab.com","3412 E Bismark Ct","5094897013","5094820254","344198","Fabricated Structural Metal (Mfrs)","www.rwfab.com"," Email <---> Revenue ","532464","R W Fab Inc","3412 E Bismark Ct","Spokane","WA","99217","Spokane","www.rwfab.com","5094820254","5094897013","Rick  Jarvis","President","Mal","10950000","50","344198","Fabricated S","4","0","1"
"17877","Bancard Services Intl","bsi@bsi-inc.net","18407 Pacific Ave S # 4","2538754620","2538759100","615302","Credit Card & Other Credit Plans","www.bsi-inc.net"," Email <---> Revenue ","17633","BANCARD SERVICES INTL","18407 PACIFIC AVE S STE 4","SPANAWAY","WA","98387","Pierce","","2538759100","2538754620","MIKE HUFFMAN","President","M","11700000","52","615300","Short-Term B","4","0","1"
"131692","Railworks Tracks Inc","ckdurden@railworks.com","274 Us Highway 12","4098425095","3602629444","162908","Railroad Contractors","www.railworks.com"," Email <---> Revenue ","138737","RAILWORKS TRACKS INC","274 US HIGHWAY 12","CHEHALIS","WA","98532","Lewis","","3602629444","3602629777","DAVE LANDRETH","Manager","M","10000000","100","162900","Heavy Constr","4","0","1"
"191006","Chem Central","corporateaccounts@chemcentral.com","6624 S 196th St # U100","5032864580","4252518501","516916","Chemicals (Wholesale)","www.chemcentral.com"," Email <---> Revenue ","276618","Chem Central","6624 S 196th St # U100","Kent","WA","98032","King","www.chemcentral.com","4252518501","4252516099","","","","11011000","11","516916","Chemicals (W","4","0","1"
"71748","Barghausen Consulting Engr Inc","cschafer@barghausen.com","18215 72nd Ave S","4252518782","4252516222","871110","Engineers-Civil","www.barghausen.com"," Email <---> Revenue ","235331","Barghausen Consulting Engr Inc","18215 72nd Ave S","Kent","WA","98032","King","www.barghausen.com","4252516222","4252518782","Tom  Barghausen","President","Mal","15800000","100","871110","Engineers-Ci","4","0","1"
"36932","Morse Construction Group","dave@morsecg.com","5416 S 1st Ave","4252520945","4254857461","344304","Fabricated Plate Work-Boiler Shops","www.morsecg.com"," Email <---> Revenue ","478393","Morse Construction Group","5416 S 1st Ave","Everett","WA","98203","Snohomish","www.morsecg.com","4254857461","4252520945","Raymond  Maw","President","Mal","17500000","50","344304","Fabricated P","4","0","1"
"21683","davidtakeuchi","davidt@watchguard.com","316OccidentalAveSouthSuite200","2065218340","2065218341","5251","Tools","seattletools.com"," Email <---> Revenue ","182451","WATCH GUARD TECHNOLOGIES INC","505 5TH AVE S STE 500","SEATTLE","WA","98104","King","","2065218340","2065218342","JOE WANG","Chief Executive Office","M","24000000","1184","737400","Data Proc & ","4","0","1"
"185685","Caffall Brothers Forest Prods","dcaffall@caffall.com","540 3rd Ave","3604238960","3606365960","242101","Lumber-Manufacturers","www.caffall.com"," Email <---> Revenue ","28999","CAFFALL BROTHERS FOREST PRODS","540 3RD AVE","LONGVIEW","WA","98632","Cowlitz","","3606365960","3604238960","DOUG CAFFALL","President","M","14500000","165","241100","Logging","4","0","1"
"103557","Chehalis Power","dmccaig@chehalispower.com","1813 Bishop Rd","3607401891","3607481300","491101","Electric Companies","www.chehalispower.com"," Email <---> Revenue ","276347","Chehalis Power","1813 Bishop Rd","Chehalis","WA","98532","Lewis","www.chehalispower.com","3607481300","3607401891","Duncan  Mccaig","Plant Mgr","Mal","11704000","19","491101","Electric Com","4","0","1"
"101911","Plywood Supply Inc","dmwalker@lightmail.com","PO Box 82300","4254858585","4254868550","5311","Retail shops","PLYWOODSUPPLY.COM"," Email <---> Revenue ","132491","PLYWOOD SUPPLY","7036 NE 175TH ST","KENMORE","WA","98028","King","","4254858585","4254856195","RALPH SWANSON SR","President","M","14600000","70","503100","Lumber, Plyw","4","0","1"
"142816","Northwest Metal Products Co","dorothy@nwmetalproducts.com","3011 70th Ave E","2539263056","2539261600","344403","Sheet Metal Fabricators","www.nwmetalproducts.com"," Email <---> Revenue ","119856","NORTHWEST METAL PRODUCTS CO","3011 70TH AVE E","FIFE","WA","98424","Pierce","","2539261600","2539263056","MARK COMFORT","Senior Vice-President","M","15600000","200","344400","Sheet Metal ","4","0","1"
"108971","Spokane Airport Parking Garage","ehamilton@spokaneairports.net","9000 W Airport Dr # 204","5096246633","5094556466","752102","Parking Stations & Garages","www.spokaneairports.net"," Email <---> Revenue ","158364","SPOKANE AIRPORT PARKING GARAGE","9000 W AIRPORT DR STE 204","SPOKANE","WA","99224","Spokane","","5094556466","5096246633","IRVING REED","Chief Executive Office","M","22000000","110","752100","Automobile P","4","0","1"
"136125","Triarc Electric Supply","eileen@triarcelectric.com","2914 S Cushman","2536278488","2532722163","173101","Electric Contractors","triarcelectric.com"," Email <---> Revenue ","606787","Triarc Electric Supply Co","1502 Center St","Tacoma","WA","98409","Pierce","","2536278488","2532722163","Phyllis  Holloway","Manager","Fem","18200000","20","506332","Electric Mot","4","0","1"
"4774","Canam Sun Steel","emploi-cmi@canammanac.com","2002 Morgan Rd","5082388253","5098377008","344898","Prefabricated Metal Buildings (Mfrs)","www.canammanac.com"," Email <---> Revenue ","264811","Canam Sun Steel","2002 Morgan Rd","Sunnyside","WA","98944","Yakima","www.canammanac.com","5098377008","5098390383","Mike  Eckert","Plant Mgr","Mal","13000000","185","344898","Prefabricate","4","0","1"
"78563","General Supply Inc","fdevitis@amsan.com","201 N 2nd Ave","5092483664","5092481241","508724","Janitors Equipment/Supplies (Wholesale)","www.generalsupply.com"," Email <---> Revenue ","365085","General Supply Inc","201 N 2nd Ave","Yakima","WA","98902","Yakima","www.generalsupply.com","5092481241","5092483664","Fran  Devitis","Manager","Fem","12110000","35","508724","Janitors Equ","4","0","1"
"188821","Milwaukie Lumber Co","finance@milwaukielumber.com","13113 NE Fourth Plain Rd","5032539532","3602568000","521142","Lumber-Retail","www.milwaukielumber.com"," Email <---> Revenue ","474513","Milwaukie Lumber Co","13113 NE Fourth Plain Rd","Vancouver","WA","98682","Clark","www.milwaukielumber.com","3602568000","3602569800","Ron  Giffen","Manager","Mal","10320000","40","521142","Lumber-Retai","4","0","1"
"77129","Finishing Touch Inc","ftouch@mainpc.com","187 McCurdy Point Road","4253376611","null","175299","Floor Laying Contractor","FINISHINGTOUCHFLOORS.COM"," Email <---> Revenue ","63259","FINISHING TOUCH INC","18311 BOTHELL EVERETT HWY","BOTHELL","WA","98012","Snohomish","","4254863030","4254832575","SUSAN NICHOLAS","President","F","10700000","50","502300","Whl Homefurn","4","0","1"
"124395","Casey Education System Inc","hris.casey1@btopenworld.com","1201 SE Tech Center Dr # 110","8158759005","3608921298","384398","Dental Equipment & Supplies-Mfrs","www.casey.com"," Email <---> Revenue ","270296","Casey Education System Inc","1201 SE Tech Center Dr # 110","Vancouver","WA","98683","Clark","www.casey.com","3608921298","3608921747","Bob  Rondeau","Owner","Mal","11700000","60","384398","Dental Equip","4","0","1"
"179067","First Aid Only","industrialprod@firstaidonly.com","11101 NE 37th Cir","3602549761","3602549291","384211","First Aid Supplies-Manufacturers","www.firstaidonly.com"," Email <---> Revenue ","350147","First Aid Only","11101 NE 37th Cir","Vancouver","WA","98682","Clark","www.firstaidonly.com","3602549291","3602549761","Mark  Miller","Owner","Mal","23520000","120","384211","First Aid Su","4","0","1"
"33476","OSO Lumber & Hardware","inquiry@osolumber.com","21015 State Route 9 NE","4253340345","3604358397","525104","Hardware-Retail","www.osolumber.com"," Email <---> Revenue ","124108","OSO LUMBER & HARDWARE","21015 STATE ROUTE 9 NE","ARLINGTON","WA","98223","Snohomish","","3604749762","3604356035","MARC GLIESSMAN","Manager","M","16000000","100","525100","Hardware Sto","4","0","1"
"185628","Columbia Paint & Coatings","internationalsales@columbiapaint.com","3210 E Sprague Ave","5095350515","5095352421","523107","Paint-Retail","www.columbiapaint.com"," Email <---> Revenue ","40289","COLUMBIA PAINT & COATINGS","112 N HAVEN ST","SPOKANE","WA","99202","Spokane","","4064427650","4064493886","MIKE BERTRAM","Manager","M","22500000","258","285100","Paints & Rel","4","0","1"
"18648","Metagenics","jeffreybland@metagenics.com","2201 Second St., Ste. 600","2538519749","941-337-3434","804909","Offices and Clinics of Health Practitioners, NEC (mental health practitioners except physicians)","NULL"," Email <---> Revenue ","470391","Metagenics","9770 44th Ave NW # 100","Gig Harbor","WA","98332","Pierce","www.metagenics.com","2538513943","2538519749","Jeffrey  Bland","CEO","Mal","12300000","150","804909","Nutritionist","4","0","1"
"153968","Accor Technology","jims@accortechnology.com","337 E Penny Rd","5096643233","5096620608","349498","Valves & Pipe Fittings Nec (Mfrs)","www.accortechnology.com"," Email <---> Revenue ","200798","Accor Technology","337 E Penny Rd","Wenatchee","WA","98801","Chelan","www.accortechnology.com","5096620608","5096643233","Donna  Kaysen","Plant Mgr","Fem","10100000","50","349498","Valves & Pip","4","0","1"
"180850","Reliance Trailer Co","jmayo@reliancetrailer.com","3025 S Geiger Blvd","5097474811","5094558650","371598","Truck-Trailer (Manufacturers)","www.reliancetrailer.com"," Email <---> Revenue ","141299","RELIANCE TRAILER CO","3025 S GEIGER BLVD","SPOKANE","WA","99224","Spokane","","5094558650","5097474811","BRIAN LING","Chief Executive Office","M","16700000","220","371500","Mfg Truck Tr","4","0","1"
"178549","Columbia/Okura","julsin@colmac.com","301 Grove St # A","3609051707","3607351952","508426","Material Handling Equipment (Wholesale)","www.columbiamachine.com"," Email <---> Revenue ","40487","COLUMBIA/OKURA","301 GROVE ST # A","VANCOUVER","WA","98661","Clark","","3607351952","3609051707","RICK GOODE","President","M","11100000","65","353700","Ind Trucks,T","4","0","1"
"66322","Us Castings","J_Koegler@jarcousa.com","PO Box 678","5097841201","5097841001","336502","Castings-Aluminum (Manufacturers)","NULL"," Email <---> Revenue ","613941","Us Castings","14351 Shamel St","Entiat","WA","98822","Chelan","www.us-castings.com","5097841001","5097841201","John  Koegler","President","Mal","13590000","90","336502","Castings-Alu","4","0","1"
"119221","Rural Metro Ambulance","kim_dell@rmetro.com","6405 218th St SW # 201","4257713891","4256723555","411902","Ambulance Service","www.ruralmetro-pnw.com"," Email <---> Revenue ","551149","Rural Metro Ambulance","6405 218th St SW # 201","Mountlake Ter","WA","98043","Snohomish","www.ruralmetro-pnw.com","4256723555","4257713891","Brian  Burnett","Plant Mgr","Mal","16520000","280","411902","Ambulance Se","4","0","1"
"155231","Bay Ford","kraigq@handtechisp.com","1215 Bay Street","3608764484","3608951076","019101","FARMS","BAYFORD.COM"," Email <---> Revenue ","19116","BAY FORD","1215 BAY ST","PORT ORCHARD","WA","98366","Kitsap","","3608764484","3608951076","WILLIAM QUISENBERRY","Owner","M","20200000","50","551100","New & Used C","4","0","1"
"171202","Janicki Machine Design","krutherford@janicki.com","24595 State Route 20","3608565143","3608560372","8999","Services NEC","JANICKI.COM^^JANICKIMACHINE.COM"," Email <---> Revenue ","87151","JANICKI INDUSTRIES","1476 MOORE ST","SEDRO WOOLLEY","WA","98284","Skagit","","3608565143","3608560372","PETER JANICKI","Owner","M","24900000","300","359900","Industrial M","4","0","1"
"14062","Amarr Garage Doors","ktolbert@amarr.com","22138 76th Ave S","7858655600","2538456613","521101","Doors-Garage","www.amarr.com"," Email <---> Revenue ","9639","AMARR GARAGE DOORS","22138 76TH AVE S","KENT","WA","98032","King","","2538456613","2538723318","SCOTT WILLIAMS","Manager","M","10800000","1497","521102","Door,Window ","4","0","1"
"37146","Clipper Navigation Inc","kwaldeck@victoriaclipper.com","2701 Alaskan Way","2064432583","2064485000","448201","Ferries","www.victoriaclipper.com"," Email <---> Revenue ","285460","Clipper Navigation Inc","2701 Alaskan Way","Seattle","WA","98121","King","www.victoriaclipper.com","2064485000","2064432583","Darrell  Bryan","Owner","Mal","18500000","125","448201","Ferries","4","0","1"
"79132","JONES MATCH MEDIA","kyle@bpradio.com","2211 5th Avenue","2067282741","2064416582","7319","Media services","00MATCH.COM^^00MATCH.NET"," Email <---> Revenue ","422157","Jones Radio Network","2211 5th Ave","Seattle","WA","98121","King","www.quotabusters.net","2067282741","2064416582","Jim  Lamarca","Manager","Mal","10575000","75","792204","Radio Progra","4","0","1"
"90601","Lakeside Industries","lakeside@tusco.net","2416 Hogum Bay Rd NE","3604593858","3604915460","161106","Asphalt & Asphalt Products","www.lakesideindustries.com"," Email <---> Revenue ","440013","Lakeside Industries","2416 Hogum Bay Rd NE","Lacey","WA","98516","Thurston","www.lakesideindustries.com","3604915460","3604593858","Dean  Smith","Manager","Mal","16450000","70","161106","Asphalt & As","4","0","1"
"177966","Lonnie Knotts","lonniek@c-techindustries.com","4275 NW Pacific Rim Blvd  Camas","3608331600","null","152106","Designers","gosigns.com"," Email <---> Revenue ","28733","C-TECH INDUSTRIES","4275 NW PACIFIC RIM BLVD","CAMAS","WA","98607","Clark","","3608331600","","ANDREW GALE","Owner","M","22800000","300","399900","Mfg Industri","4","0","1"
"94513","Larson Motors Incorporated","lookdodge@looklarson.com","300 River Road","2538451725","2538451945","559999","Ret Misc Vehicles Repair Services Plumbing/heating/air","c1hr.com/larson"," Email <---> Revenue ","97817","LARSON DODGE","300 RIVER RD","PUYALLUP","WA","98371","Pierce","","2538451725","2538451945","ROBERT LARSON","Owner","M","20200000","50","551100","New & Used C","4","0","1"
"188447","Barclay Dean Interiors","lori.roberts@barclaydean.com","1917 120th Ave NE","4254520973","4254518940","422503","Storage-Household & Commercial","www.barclaydean.com"," Email <---> Revenue ","235210","Barclay Dean Interiors","1917 120th Ave NE","Bellevue","WA","98005","King","www.barclaydean.com","4254518940","4254520973","Scott  Harrison","CEO","Mal","20000000","85","422503","Storage-Hous","4","0","1"
"188861","Tidland Corp","magpowr@magpowr.com","2305 SE 8th Ave","2535171205","3608342345","355401","Paper Mill Machinery-Manufacturers","www.fife.com"," Email <---> Revenue ","169956","TIDLAND CORP","2305 SE 8TH AVE","CAMAS","WA","98607","Clark","","3608342345","3608345865","QUINO LORENTE","President","M","11100000","408","355400","Paper Indus ","4","0","1"
"68760","Norsk Remodeling","manuelf@consultant.com","20912 NE 117th St","4258293092","null","701107","Bed & Breakfast Accommodations","NLOGIX.COM"," Email <---> Revenue ","117939","NORSK REMODELING","16528 CLEVELAND ST","REDMOND","WA","98052","King","","4258813539","","PER DROPPING","Owner","M","10200000","30","154205","Comm/Off Bld","4","0","1"
"27808","UAP Northwest Fertilizer","matthew@spiremedia.com","1010 E Kartchner St","3185741730","5095456305","519114","Fertilizers (Wholesale)","www.uap.com"," Email <---> Revenue ","609991","UAP Northwest Fertilizer","1010 E Kartchner St","Pasco","WA","99301","Franklin","www.uap.com","5095456305","5095451702","Steve  Peot","Manager","Mal","13300000","20","519114","Fertilizers ","4","0","1"
"71445","Option Care","mfgpartnership@optioncare.net","215 S 13th St","7606305374","3603362835","504712","Hospital Equipment & Supplies (Whol)","www.optioncare.com"," Email <---> Revenue ","501561","Option Care","215 S 13th St","Mt Vernon","WA","98274","Skagit","www.optioncare.com","3603362835","3603362812","Charles  Usery","Manager","Mal","17940000","30","504712","Hospital Equ","4","0","1"
"177585","Pro-Comm","momx4@direcway.com","19630 40th Ave W # B","4257746317","4257749099","506304","Security Control Equip & Systems-Whol","www.pro-comm-online.com"," Email <---> Revenue ","525426","Pro-Comm","19630 40th Ave W # B","Lynnwood","WA","98036","Snohomish","www.pro-comm-online.com","4257749099","4257746317","Bob  Davis","Owner","Mal","13160000","20","506304","Security Con","4","0","1"
"21634","Davidson & Assoc Inc","mwd@davidson.com","22220 Marine View Dr S # 200","2068789133","2068249337","504506","Data Communications Equip/Systems (Whol)","www.davidson.com"," Email <---> Revenue ","309863","Davidson & Assoc Inc","22220 Marine View Dr S # 200","Des Moines","WA","98198","King","www.davidson.com","2068249337","2068789133","Rod  Davidson","Owner","Mal","22425000","25","504506","Data Communi","4","0","1"
"151731","Holman Distribution Ctr","m_hobbs@holmanusa.com","22430 76th Ave S","2533950335","2538727140","422505","Warehouses-Merchandise & Self Storage","www.holmandist.com"," Email <---> Revenue ","79727","HOLMAN DISTRIBUTION CTR","22430 76TH AVE S","KENT","WA","98032","King","","2538727140","2533950335","JUNE HALLIN","Vice-President","F","12800000","150","422501","General Ware","4","0","1"
"93632","Northern Fruit Co","nordic@northernfruit.com","220 3rd St NE","5098841990","5098846651","514805","Fruits & Vegetables-Growers & Shippers","www.northernfruit.com"," Email <---> Revenue ","118645","NORTHERN FRUIT CO","220 2ND ST NE","E WENATCHEE","WA","98802","Douglas","","5098846651","5098841990","DOUG PAULY","Chief Executive Office","M","22400000","125","514800","Fresh Fruits","4","0","1"
"159724","Olympic Telephone","olytelephone@olytelephone.com","2803 29th Ave SW","3607541870","3603574179","506563","Telecommunication Equip/Syst-Whol/Mfrs","www.olytelephone.com"," Email <---> Revenue ","500226","Olympic Telephone","2803 29th Ave SW","Tumwater","WA","98512","Thurston","www.olytelephone.com","3603574179","3607541870","Doug  Barton","Owner","Mal","23230000","23","506563","Telecommunic","4","0","1"
"117661","Pacific Rainier Roofing","pacrainroof@megapathdsl.net","10735 Stone Ave N","2063672525","null","176109","Roofing Contractors","PACIFICRAINIERROOFING.COM"," Email <---> Revenue ","125869","PACIFIC RAINIER ROOFING","10735 STONE AVE N","SEATTLE","WA","98133","King","","2063672524","2063634811","MONTY MOORE","President","M","17500000","100","176100","Roofg, Sheet","4","0","1"
"113371","Bpb Gypsum Inc","pamela.bush@bpb-na.com","5931 E Marginal Way S","2067634655","2067631550","521104","Wallboard & Plasterboard","www.bpb-na.com"," Email <---> Revenue ","25208","BPB GYPSUM INC","5931 E MARGINAL WAY S","SEATTLE","WA","98134","King","","2067631550","2067634655","LANNY DUNCAN","Manager","M","24100000","111","509906","Importers","4","0","1"
"10433","Platt Electric Supply Inc","platt@workgroup.blueoil.net","4117 NE Minnehaha St # B","5032777494","3606994833","506330","Electric Equipment & Supplies-Wholesale","www.platt.com"," Email <---> Revenue ","520129","Platt Electric Supply Inc","4117 NE Minnehaha St # B","Vancouver","WA","98661","Clark","www.platt.com","3606994833","3606940321","Leon  Engelman","Manager","Mal","11844000","18","506330","Electric Equ","4","0","1"
"111182","Quincy Farm Chemicals Inc","promano@qfcinc.com","PO Box 307","5097873556","null","019101","FARMS","QFCINC.COM"," Email <---> Revenue ","137697","QUINCY FARM CHEMICALS INC","PO BOX 307","QUINCY","WA","98848","Grant","","5097873556","5097871728","PETER ROMANO","Owner","M","12900000","43","519100","Whl Farm Sup","4","0","1"
"130001","Gray & Osborne Inc","psoboleski@g-o.com","701 Dexter Ave N # 200","2062833206","2062840860","871111","Engineers-Consulting","www.g-o.com"," Email <---> Revenue ","373534","Gray & Osborne Inc","701 Dexter Ave N # 200","Seattle","WA","98109","King","www.g-o.com","2062840860","2062833206","","","","22120000","140","871111","Engineers-Co","4","0","1"
"183410","Larsen Electronics","rcarlson@larsenantennas.com","3611 NE 112th Ave","3609447551","3609447556","5731","Electronics","RADIALLANTENNAS.COM^^RADIALLARSEN.COM"," Email <---> Revenue ","138516","RADIALL-LARSON ANTENNA TECH","3611 NE 112TH AVE","VANCOUVER","WA","98682","Clark","","3609447551","3609447556","ANDRE HERNANDEZ","President","M","15000000","100","573100","Radio,Tv & E","4","0","1"
"191501","Cedar King Lumber Co","ric@cedarking.com","9150 Willows Rd NE","4258610764","4258831978","176111","Siding Contractors","www.cedarking.com"," Email <---> Revenue ","32997","CEDAR KING LUMBER CO","9150 WILLOWS RD NE","REDMOND","WA","98052","King","","4258831978","4258610764","DENIS DAVID","Owner","M","14000000","80","176104","Siding Contr","4","0","1"
"62598","The American Group","roconnor@theamericangroup.com","2090 Thornton Road","3603844669","null","8999","Services NEC","SAMSONROPETECH.COM^^SAMSONROPETECHNOLOGIE.COM^^SAMSONROPETECHNOLOGIES.COM^^SAMSONROPETECHNOLOGY.COM^"," Email <---> Revenue ","147595","SAMSON ROPE TECHNOLOGIES INC","2090 THORNTON ST","FERNDALE","WA","98248","Whatcom","","3603844669","3603840572","STEVE SWIACKEY","Chief Executive Office","M","11500000","384","229800","Mfg Cordage ","4","0","1"
"186567","Electronic Service Provider","salesandservice@espseattle.com","950 Andover Park E # 6","2065754684","2065754484","506335","Electronic-Mfrs Representatives (Whol)","www.espseattle.com"," Email <---> Revenue ","332374","Electronic Service Provider","950 Andover Park E # 6","Tukwila","WA","98188","King","www.espseattle.com","2065754484","2065754684","Tom  Girard","CEO","Mal","13160000","20","506335","Electronic-M","4","0","1"
"173336","Bear Creek Fine Foods","sharon@bearcreekfinefoods.com","19810 141st Pl NE","4258060792","4258060751","514101","Food Products (Wholesale)","www.bearcreekfinefoods.com"," Email <---> Revenue ","238255","Bear Creek Fine Foods","19810 141st Pl NE","Woodinville","WA","98072","King","www.bearcreekfinefoods.com","4258060751","4258060792","Micheal  Chittick","Owner","Mal","12507000","11","514101","Food Product","4","0","1"
"90942","Oil Can Henry's","shellyw@oilcanhenry.com","2501 W Nob Hill Blvd","5094522299","","754903","Automobile Lubrication Service","www.oilcanhenry.com"," Email <---> Revenue ","121815","OIL CAN HENRYS","2501 W NOB HILL BLVD","YAKIMA","WA","98902","Yakima","","5094522299","","JESSE MCWAIN","Manager","M","14200000","573","754904","Oil &Lubrica","4","0","1"
"162449","General Storefronts","spam-service@genstorefront.com","3314 Cedar St","4252595582","4252522813","154203","Store Fronts","www.genstorefront.com"," Email <---> Revenue ","69045","GENERAL STOREFRONTS","3314 CEDAR ST","EVERETT","WA","98201","Snohomish","","4252522813","4252595582","BILL GEORGE","Owner","M","10200000","30","154205","Comm/Off Bld","4","0","1"
"172585","Hankyu International Transport","t.kawamura@hankyu-usa.com","855 S 192nd St # 100","3108843777","2068783800","473104","Freight-Forwarding","www.hankyu-usa.com"," Email <---> Revenue ","75434","HANKYU INTERNATIONAL TRANSPORT","855 S 192ND ST STE 100","SEATAC","WA","98148","King","","2068783800","2068783802","KYOJI FUKUMOTO","Manager","M","13800000","277","473103","Freight Forw","4","0","1"
"122409","Chewelah Casino","todds@chewelahcasino.net","2555 Smith Rd","5099354554","5099356167","703301","Campgrounds","www.chewelahcasino.com"," Email <---> Revenue ","277498","Chewelah Casino","2555 Smith Rd","Chewelah","WA","99109","Stevens","www.chewelahcasino.com","5099356167","5099354554","Marjorie  Zarate","Manager","Fem","17380000","158","703301","Campgrounds","4","1","1"
"127331","Bobcat West","user@example.com","9892 40th Ave S","2027853579","2067604310","508206","Contractors-Equip/Supls-Dlrs/Svc (Whol)","www.aids-alliance.org"," Email <---> Revenue ","249255","Bobcat West","9892 40th Ave S","Seattle","WA","98118","King","www.bobwest.com","2067604310","2067223657","Tommy  Thompson","Manager","Mal","13320000","20","508206","Contractors-","4","0","1"
"186801","Woodworth & Co Inc","vicki@woodworthandcompany.com","1200 E D St","2535728648","2533833585","161106","Asphalt & Asphalt Products","www.woodworthandcompany.com"," Email <---> Revenue ","636295","Woodworth & Co Inc","1200 E D St","Tacoma","WA","98421","Pierce","www.woodworthandcompany.com","2533833585","2535728648","John  Woodworth","Owner","Mal","21800000","150","161106","Asphalt & As","4","0","1"
"113191","Spencer-Kinney Inc","webdev@citiesunlimited.com","1100 Jadwin Ave","7152617510","5099466161","628205","Financial Planning Consultants","www.marathoncounty.com"," Email <---> Revenue ","576387","Spencer-Kinney Inc","1100 Jadwin Ave","Richland","WA","99352","Benton","www.spencerkinney.com","5099466161","5099460715","Davidson  Wood","Partner","Mal","23240000","56","628205","Financial Pl","4","0","1"
"190068","Broadmoor RV","wedeal@broadmoor-rv.com","9145 Saint Thomas Dr","5095453877","5095454776","556103","Recreational Vehicles","www.broadmoor-rv.com"," Email <---> Revenue ","26223","BROADMOOR RV","9145 SAINT THOMAS DR","PASCO","WA","99301","Franklin","","5095454776","5095453877","JOHN RAMSEY","President","M","14000000","50","556100","Recreational","4","0","1"
"178550","All-Wood Components Inc","yvonne@allwoodcomp.com","3205 Bay St","5094527655","5094527494","259901","Furniture-Manufacturers","www.allwoodcomp.com"," Email <---> Revenue ","8180","ALL-WOOD COMPONENTS INC","3205 BAY ST","UNION GAP","WA","98903","Yakima","","5094527494","5094527655","RON DOBRAUC","Manager","M","11600000","247","259900","Frn & Fixtur","4","0","1"
