mail id,company,email,address,phone,fax,sic,sic description,web,,revenue id,company,address,city,state,zip,	metro,web,phone,fax,contact,position,gender,sales,# of employee,sic,sic_descrpiton,	,,
"186348","Independent Services Corp","sbozu@isccares.com","1716 N Union Rd","5099210527","5099215914","808201","Home Health Service","www.isccares.com"," Email <---> Revenue ","82964","INDEPENDENT SERVICES CORP","1716 N UNION RD","SPOKANE VALLEY","WA","99206","Spokane","","5099215914","5099210527","MARY RUNCORN","Owner","F","38000000","400","808200","Home Health ","5","0","1"
"136588","Emerald Downs","adrianb@emeralddowns.com","2300 Emerald Downs Dr","2532887080","2532887700","581223","Banquet Rooms","www.emeralddowns.com"," Email <---> Revenue ","334340","Emerald Downs","2300 Emerald Downs Dr","Auburn","WA","98001","King","www.emeralddowns.com","2532887700","2532887080","Ron  Crockett","President","Mal","26000000","650","581223","Banquet Room","5","1","1"
"184501","Champion Windows Siding Patio","augusta@championwindow.com","18436 Cascade Ave S # 120","7192668880","2069021080","521107","Windows","www.championwindow.com"," Email <---> Revenue ","34252","CHAMPION WINDOWS SIDING PATIO","18436 CASCADE AVE S STE 120","SEATTLE","WA","98188","King","","2069021080","2069021086","JIM MAROWITZ","President","M","35000000","3080","521102","Door,Window ","5","0","1"
"106824","Weldco Beales","bknight@weldco-beales.com","1850 Marine View Dr","2533838061","2533830180","508208","Excavating Equipment (Wholesale)","www.weldco-beales.com"," Email <---> Revenue ","626495","Weldco Beales","1850 Marine View Dr","Tacoma","WA","98422","Pierce","www.weldco-beales.com","2533830180","2533838061","","","","29970000","45","508208","Excavating E","5","0","1"
"155201","Multifab INC","brianw@multifab-inc.com","3808 N Sullivan Rd # 6 # B","5036826202","5099264026","511308","Packaging Materials-Wholesale","www.multifab-inc.com"," Email <---> Revenue ","114268","MULTIFAB INC","3808 N SULLIVAN RD BLDG 6B","SPOKANE VALLEY","WA","99216","Spokane","","5099264026","5099247645","TIM SMITH","Owner","M","42300000","250","511304","Packaging Ma","5","0","1"
"173648","Bemis Co","contactbemis@bemis.com","1401 W Fourth Plain Blvd","9209828060","3606951251","267401","Bags-Paper (Manufacturers)","www.bemis.com"," Email <---> Revenue ","240731","Bemis Co","1401 W Fourth Plain Blvd","Vancouver","WA","98660","Clark","www.bemis.com","3606951251","3606959865","Guy  Davis","Plant Mgr","Mal","43600000","200","267401","Bags-Paper (","5","0","1"
"137491","Aerospace Manufacturing","davidl@amtnw.com","20100 71st Ave NE","3604351158","3604351119","359903","Machine Shops","www.amtnw.com"," Email <---> Revenue ","5693","AEROSPACE MANUFACTURING","20100 71ST AVE NE","ARLINGTON","WA","98223","Snohomish","","3604351119","3604351158","MATT REINHARD","President","M","35000000","140","559903","Aircraft Eqp","5","0","1"
"163898","Crystal Mountain","debbieb@skicrystal.com","33914 Crystal Mountain Blvd","3606633001","3606632265","701110","Skiing Centers & Resorts","www.skicrystal.com"," Email <---> Revenue ","300994","Crystal Mountain","33914 Crystal Mountain Blvd","Enumclaw","WA","98022","King","www.skicrystal.com","3606632265","3606633001","John  Kircher","President","Mal","33750000","450","701110","Skiing Cente","5","1","1"
"189483","Spokane Transit Authority","dhulsizer@gatewayoutdoor.com","701 W Riverside Ave","5093256036","5094567277","413101","Bus Lines","www.spokanetransit.com"," Email <---> Revenue ","158824","SPOKANE TRANSIT AUTHORITY","1230 W BOONE AVE","SPOKANE","WA","99201","Spokane","","5093287433","5093256036","E SUSAN MEYER","Chief Executive Office","F","30600000","485","413100","Intercity Bu","5","0","1"
"170549","Food Services Of America","dp@fsafood.com","3520 E Francis Ave","2088848439","5094834747","543101","Fruits & Vegetables & Produce-Retail","www.fsafood.com"," Email <---> Revenue ","353983","Food Services Of America","3520 E Francis Ave","Spokane","WA","99217","Spokane","www.fsafood.com","5094834747","5094846532","Mike  George","President","Mal","45792000","288","543101","Fruits & Veg","5","0","1"
"183542","System Transport Inc","driverpayroll@trans-system.com","7405 S Hayford Rd","5096234068","5096234000","421307","Trucking-Heavy Hauling","www.trans-system.com"," Email <---> Revenue ","591315","System Transport Inc","7405 S Hayford Rd","Cheney","WA","99004","Spokane","www.trans-system.com","5096234000","5096234068","James C  Williams","President","Mal","34900000","180","421307","Trucking-Hea","5","0","1"
"155103","Icicle Seafoods Inc","duffh@icicleseafoods.com","4019 21st Ave W","9072357796","2062810333","514601","Seafood-Wholesale","www.icicleseafoods.com"," Email <---> Revenue ","82191","ICICLE SEAFOODS INC","4019 21ST AVE W STE 300","SEATTLE","WA","98199","King","","2062820988","2062827222","DON M GILES","Chief Executive Office","M","46500000","500","209100","Canned, Cure","5","0","1"
"163319","Dovex Fruit Co","gingerj@dovex.com","2833 Euclid Ave","5096627066","5096628062","514805","Fruits & Vegetables-Growers & Shippers","www.dovex.com"," Email <---> Revenue ","52437","DOVEX FRUIT CO","2833 EUCLID AVE","WENATCHEE","WA","98801","Chelan","","5096628062","5096650697","JAY FULBRIGHT","Manager","M","44800000","300","514800","Fresh Fruits","5","0","1"
"155332","Frank J Martin Co","hardware@fjmartin.com","8512 20th Ave NE","2065239876","2065237665","509905","Importers","www.fjmartin.com"," Email <---> Revenue ","356479","Frank J Martin Co","8512 20th Ave NE","Seattle","WA","98115","King","www.fjmartin.com","2065237665","2065239876","Gerald E  Martin","President","Mal","33040000","35","509905","Importers","5","0","1"
"147607","Hussmann Corp","hussmann-coils@hussmann.com","7739 1st Ave S","3169455358","2067639050","363298","Household Home & Farm Refrig (Mfrs)","www.hussmann.com"," Email <---> Revenue ","397635","Hussmann Corp","7739 1st Ave S","Seattle","WA","98108","King","www.hussmann.com","2067639050","2067624354","Mac  Henderson","Manager","Mal","39368000","152","363298","Household Ho","5","0","1"
"153979","Harris Group Inc","ian.townsend@harrisgroup.com","200 W Thomas St # 200","7192666971","2064949400","871111","Engineers-Consulting","www.harrisgroup.com"," Email <---> Revenue ","383775","Harris Group Inc","200 W Thomas St # 200","Seattle","WA","98119","King","www.harrisgroup.com","2064949400","2064949500","Robert M  Harris","CEO","Mal","40000000","130","871111","Engineers-Co","5","0","1"
"73430","North Star Yachts","jclark@northstaryachts.com","1265 Hendrickson Dr","3606731368","3606731364","555107","Yachts","www.northstaryachts.com"," Email <---> Revenue ","118495","NORTH STAR YACHTS","1265 NW 3RD ST","KALAMA","WA","98625","Cowlitz","","3606731364","3606731368","JERRY CLARK","President","M","27000000","90","555100","Boat Dealers","5","0","1"
"179713","Nichirei Foods America","johnsalle@tridentseafoods.com","1124 54th Ave E","9072258317","2539225577","209903","Food Products & Manufacturers","www.tridentseafoods.com"," Email <---> Revenue ","488418","Nichirei Foods America","1124 54th Ave E","Tacoma","WA","98424","Pierce","www.tridentseafoods.com","2539225577","2539222407","Jim  Bonin","Plant Mgr","Mal","27600000","100","209903","Food Product","5","0","1"
"131493","EXIDE Technologies","kwohlleben@jaddams.com","2005 Fryar Ave","9515200606","2538635134","501346","Battery Supplies-Wholesale","www.exide.com"," Email <---> Revenue ","326095","EXIDE Technologies","2005 Fryar Ave","Sumner","WA","98390","Pierce","www.exide.com","2538635134","2538636738","Ned  Noel","Manager","Mal","26880000","60","501346","Battery Supp","5","0","1"
"191131","Copiers Northwest","lburke@copiersnw.com","601 Dexter Ave N","2062822010","2062821200","504403","Copying & Duplicating Machines & Supls","www.copiersnw.com"," Email <---> Revenue ","294131","Copiers Northwest","601 Dexter Ave N","Seattle","WA","98109","King","www.copiersnw.com","2062821200","2062822010","Gregg  Petrie","Owner","Mal","35964000","108","504403","Copying & Du","5","0","1"
"190821","J H Baxter & Co","lgraff@jhbaxter.com","6520 188th St NE","3604353035","3604352146","249101","Lumber-Treating","www.jhbaxter.com"," Email <---> Revenue ","408736","J H Baxter & Co","6520 188th St NE","Arlington","WA","98223","Snohomish","www.jhbaxter.com","3604352146","3604353035","Tom  Orthmeyer","Plant Mgr","Mal","29940000","60","249101","Lumber-Treat","5","0","1"
"165546","Gary Loomis Inc","lhudson@gloomis.com","1359 Down River Dr","3602257169","3602256516","394914","Fishing Tackle-Manufacturers","www.gloomis.com"," Email <---> Revenue ","363486","Gary Loomis Inc","1359 Down River Dr","Woodland","WA","98674","Cowlitz","www.gloomis.com","3602256516","3602257169","Bruce  Holt","Executive Director","Mal","27720000","140","394914","Fishing Tack","5","0","1"
"190274","Associated Freight Brokers Inc","matt@associatedfreight.com","1714 S 24th Ave","5095756555","5094533083","501208","Automobile & Truck Brokers","www.associatedfreight.com"," Email <---> Revenue ","226115","Associated Freight Brokers Inc","1714 S 24th Ave","Yakima","WA","98902","Yakima","www.associatedfreight.com","5094533083","5095756555","Randy  Ward","Owner","Mal","40700000","11","501208","Automobile &","5","0","1"
"109234","Aero Controls Inc","payroll@aerocontrols.com","1610 20th St NW","2539390530","2537353350","458104","Aircraft Servicing & Maintenance","www.aerocontrols.com"," Email <---> Revenue ","5624","AERO CONTROLS INC","1610 20TH ST NW","AUBURN","WA","98001","King","","2537353350","2532696674","JOHN TITUS","President","M","27500000","248","458100","Airports & T","5","0","1"
"190798","Sundome","raym@fairfun.com","1301 S Fair Ave","5092488093","5092487160","799973","Ticket Service","www.fairfun.com"," Email <---> Revenue ","164357","SUNDOME","1301 S FAIR AVE","YAKIMA","WA","98901","Yakima","","5092487160","5092488093","GREG STEWART","President","M","45000000","200","738905","Reservation ","5","0","1"
"173582","Columbia Analytical Svc Inc","spackard@jax.caslab.com","1317 S 13th Ave","9047392011","3605777222","873414","Laboratories-Analytical","www.caslab.com"," Email <---> Revenue ","39927","COLUMBIA ANALYTICAL SVC INC","1317 S 13TH AVE","KELSO","WA","98626","Cowlitz","","3605777222","3606361068","STEPHEN W VINCENT","Chief Executive Office","M","40000000","492","873400","Testing Svs/","5","0","1"
"187859","GVA Kidder Mathews","tclarke@gvakm.com","1201 Pacific Ave Suite 1400","2533835693","null","738999","Business Services Nec","null"," Email <---> Revenue ","73950","GVA KIDDER MATHEWS","1201 PACIFIC AVE STE 1400","TACOMA","WA","98402","Pierce","","2537221400","2535722648","BILL FRAME","Manager","M","28600000","1515","679800","Real Estate ","5","0","1"
"137400","Petrocard Systems Inc","tom@petrocard.com","706 Cedar Ave","8003313441","3606530998","8999","Services NEC","PETROCARD.COM"," Email <---> Revenue ","516641","Petrocard Systems Inc","706 Cedar Ave","Marysville","WA","98270","Snohomish","","3606530998","3606530998","Tom  Farr","Owner","Mal","36894000","11","517201","Petroleum Pr","5","0","1"
"155873","Rodda Paint & Decor Ctr","traubuch@roddapaint.com","7825 Evergreen Way","5032551186","4253474989","523107","Paint-Retail","www.roddapaint.com"," Email <---> Revenue ","144306","RODDA PAINT & DECOR CTR","7825 EVERGREEN WAY","EVERETT","WA","98203","Snohomish","","4253474989","4253475145","BRENDA BOLTON","Manager","F","37800000","420","523102","Paint,Painti","5","0","1"
"179775","C & O Nursery","tree@c-onursery.com","1700 N Wenatchee Avenue","5096627164","null","519306","Nurseries","null"," Email <---> Revenue ","28380","C & O NURSERY","1700 N WENATCHEE AVE","WENATCHEE","WA","98801","Chelan","","5096627164","5096624519","JOHN SNYDER JR","President","M","35000000","200","526103","Retail Nurse","5","0","1"
