mail id,company,email,address,phone,fax,sic,sic description,web,,revenue id,company,address,city,state,zip,	metro,web,phone,fax,contact,position,gender,sales,# of employee,sic,sic_descrpiton,	,,
"44175","Maxim Healthcare Svc","maximinfo@maxhealth.com","2115 S 56th St # 304","2288639006","2536719909","808201","Home Health Service","www.maxhealth.com"," Email <---> Revenue ","107027","MAXIM HEALTHCARE SVC","2115 S 56TH ST STE 304","TACOMA","WA","98409","Pierce","","2536719909","2536719979","ROBERT KRAUSE","Manager","M","19000000","200","808200","Home Health ","4","0","1"
"96862","Kitsap Tenant Support Svc","msprague@kitsaphomecare.com","3331 Kitsap Way # A","3604791542","3603734173","808201","Home Health Service","www.kitsaphomecare.com"," Email <---> Revenue ","94469","KITSAP TENANT SUPPORT SVC","3331 KITSAP WAY STE A","BREMERTON","WA","98312","Kitsap","","3603734173","3604791542","MICHAEL CLOSSER","Executive Director","M","13300000","140","808200","Home Health ","4","0","1"
"169784","Albrecht Birkenbuel Inc","abi@abi-inc.com","6029 238th St SE # 130","4253988556","4257094179","177105","Concrete Contractors","www.abi-inc.com"," Email <---> Revenue ","208366","Albrecht Birkenbuel Inc","6029 238th St SE # 130","Woodinville","WA","98072","King","www.abi-inc.com","4257094179","4253988556","Dick  Birkenbuel","Owner","Mal","18060000","140","177105","Concrete Con","4","0","1"
"168898","Cascade Fire Protection Co","acowgill@cascadefireprotection.com","5104 W Brinkley Rd","5097834403","5097839773","508734","Sprinklers-Automatic-Fire (Wholesale)","www.cascadefireprotection.com"," Email <---> Revenue ","31647","CASCADE FIRE PROTECTION CO","5104 W BRINKLEY RD","KENNEWICK","WA","99338","Benton","","5097839773","5097834403","MALON COWGILL","President","M","11200000","60","508705","Firefighting","4","0","1"
"111025","Ecolite Manufacturing Co","adam@ecolite.com","9919 E Montgomery Dr","5099228866","5099228888","344613","Aluminum Ornamental Work (Mfrs)","www.ecolite.com"," Email <---> Revenue ","54944","ECOLITE MANUFACTURING CO","9919 E MONTGOMERY DR","SPOKANE VALLEY","WA","99206","Spokane","","5099228888","5099228866","RONALD N CAFERRO","Owner","M","11400000","170","347900","Met Coating,","4","0","1"
"162783","Attbar Inc","aquapod@attbar.com","5985 S 6th Way","3608873577","3608873580","329601","Fiber Glass Fabricators","www.attbar.com"," Email <---> Revenue ","14976","ATTBAR INC","5985 S 6TH WAY","RIDGEFIELD","WA","98642","Clark","","3608873580","3608873577","JOE VOLZ","President","M","10500000","175","329600","Mfg Mineral ","4","0","1"
"107623","Aronson-Campbell Ind Supply","arloab@aronson-campbell.com","1700 136th Pl NE","5032219842","4253722000","508522","Industrial Equipment & Supplies (Whol)","www.aronson-campbell.com"," Email <---> Revenue ","223949","Aronson-Campbell Ind Supply","1700 136th Pl NE","Bellevue","WA","98005","King","www.aronson-campbell.com","4253722000","4253722001","John  Buchberger","President","Mal","11000000","40","508522","Industrial E","4","0","1"
"114978","Ives Training & Compliance","askbob@ivestraining.com","PO Box 3529","3609452021","3603644774","508426","Material Handling Equipment (Wholesale)","www.ivestraining.com"," Email <---> Revenue ","407277","Ives Training & Compliance","PO Box 3529","Blaine","WA","98231","Whatcom","www.ivestraining.com","3603644774","3609452021","Marlene  Mills","Owner","Fem","10880000","20","508426","Material Han","4","0","1"
"184173","Minisoft Inc","bernard.lovell@btinternet.com","1024 1st St # 311","3605682923","3605686602","504507","Data Processing Equipment (Wholesale)","www.minisoft.com"," Email <---> Revenue ","474740","Minisoft Inc","1024 1st St # 311","Snohomish","WA","98290","Snohomish","www.minisoft.com","3605686602","3605682923","Doug  Greenup","Manager","Mal","10764000","12","504507","Data Process","4","0","1"
"61810","Barron Heating & Air Conditioning","billp@barronheating.com","4176 Meridian Street","3606761131","null","171198","Plumbing Heating & Air Conditioning","null"," Email <---> Revenue ","18508","BARRON HEATING","4176 MERIDIAN ST","BELLINGHAM","WA","98226","Whatcom","","3606761131","3606713713","JOHN BARRON","Owner","M","17500000","100","171104","Heating,Air ","4","0","1"
"127354","Rick Steve''s Europe Through","brooke@ricksteves.com","1300 4th Ave N","4257718303","4257718303","472402","Travel Agencies & Bureaus","www.ricksteves.com"," Email <---> Revenue ","142612","RICK STEVES EUROPE THROUGH","130 4TH AVE N","EDMONDS","WA","98020","Snohomish","","4257718303","","RICK STEVES","Owner","M","22200000","70","472500","Tour Operato","4","0","1"
"26522","Alpha Technologies-Arlington","bsyvertson@alpha.com","17301 51st Ave NE","6785849259","3604030445","179104","Metal Fabricators","www.alpha.com"," Email <---> Revenue ","213221","Alpha Technologies-Arlington","17301 51st Ave NE","Arlington","WA","98223","Snohomish","www.alpha.com","3604030445","3604039744","Bob  Hamlin","Manager","Mal","19110000","130","179104","Metal Fabric","4","0","1"
"6379","Giddens Industries","cah@giddens.com","9205 Airport Rd # 150","4253562716","4253530405","359903","Machine Shops","www.giddens.com"," Email <---> Revenue ","69649","GIDDENS INDUSTRIES","2600 94TH ST SW # 150","EVERETT","WA","98204","Snohomish","","4253530405","4253562716","DALE PEINECKE","President","M","20800000","250","359900","Industrial M","4","0","1"
"151967","Orando Fruit Co Inc","char@orondofruit.com","21 Orondo Loop Rd","5097842808","5097841452","514805","Fruits & Vegetables-Growers & Shippers","www.orondofruit.com"," Email <---> Revenue ","123543","ORANDO FRUIT CO INC","21 ORONDO LOOP RD","ORONDO","WA","98843","Douglas","","5097841452","5097842808","MARCUS GRIGGS","Owner","M","12500000","70","514800","Fresh Fruits","4","0","1"
"151917","Truss Co & Building Supply Inc","clifff@thetrussco.com","2802 142nd Ave E","2538911168","2538635555","176108","Roof Structures","www.thetrussco.com"," Email <---> Revenue ","607932","Truss Co & Building Supply Inc","2802 142nd Ave E","Sumner","WA","98390","Pierce","www.thetrussco.com","2538635555","2538911168","William  Matheny","President","Mal","11780000","95","176108","Roof Structu","4","0","1"
"178880","Holaday-Parks Inc","controls@holadayparks.com","4600 S 134th Pl","2062488700","2062489700","171114","Mechanical Contractors","www.holadayparks.com"," Email <---> Revenue ","79411","HOLADAY-PARKS INC","4600 S 134TH PL","TUKWILA","WA","98168","King","","2062489700","2062488700","GERALD T PARKS JR","Owner","M","10500000","60","382200","Environmenta","4","0","1"
"81902","Phoenix Central Labs","custsrvc@pclv.net","11620 Airport Rd # 100","4253553676","4253555252","873411","Laboratories-Veterinary","www.pclv.net"," Email <---> Revenue ","130769","PHOENIX CENTRAL LABS","11620 AIRPORT RD # 100","EVERETT","WA","98204","Snohomish","","4253555252","4253553676","FAYE STURTEVANT","Manager","F","15000000","150","873400","Testing Svs/","4","0","1"
"133576","United Paint & Coatings","dana@unitedcoatings.com","19011 E Cataldo Ave","5099281116","5099267143","285104","Manufacturers-Coatings","www.unitedcoatings.com"," Email <---> Revenue ","612743","United Paint & Coatings","19011 E Cataldo Ave","Spokane Valley","WA","99016","Spokane","www.unitedcoatings.com","5099267143","5099281116","Keith  Coultrap Ii","Owner","Mal","14000000","65","285104","Manufacturer","4","0","1"
"152030","El Oro Cattle Co","dave.otto@agribeef.com","18857 Road 2.7 SE","5093492321","5093492272","021101","Livestock Feeding","www.agribeef.com"," Email <---> Revenue ","56086","EL ORO CATTLE FEEDERS","18857 ROAD 2.7 SE","MOSES LAKE","WA","98837","Grant","","5093492321","5093492272","DAVID SECRIST","Manager","M","13100000","75","021100","Cattle Feedi","4","0","1"
"189359","Whitley Evergreen Inc","daverowe@whitleyman.com","14219 Smokey Point Blvd # 10","5742238779","3606535790","527104","Mobile Offices & Commercial Units","www.whitleyman.com"," Email <---> Revenue ","185798","WHITLEY EVERGREEN INC","14219 SMOKEY POINT BLVD BLDG 1","MARYSVILLE","WA","98271","Snohomish","","3606535790","3606597735","JON KRIMM","Manager","M","18800000","283","527100","Mobile Home ","4","0","1"
"114999","Ajilon Consulting","david.werner@ajilon.com","11711 SE 8th St # 303","2165732380","4254551004","737104","Data Systems Consultants & Designers","www.ajilonconsulting.com"," Email <---> Revenue ","207224","Ajilon Consulting","11711 SE 8th St # 303","Bellevue","WA","98005","King","www.ajilonconsulting.com","4254551004","4254555098","Edward  Cox","Manager","Mal","13345000","85","737104","Data Systems","4","0","1"
"133894","Riverfront Park","ddodson@spokaneriverfrontpark.com","507 N Howard St","5096256630","5096256600","799951","Provincial Parks","www.spokaneriverfrontpark.com"," Email <---> Revenue ","544174","Riverfront Park","507 N Howard St","Spokane","WA","99201","Spokane","www.spokaneriverfrontpark.com","5096256600","5096256630","Craig  Butz","Manager","Mal","15540000","185","799951","Parks","4","0","1"
"18030","Hertco Kitchens","debbie@hertco.com","1810 Scout Pl","3603801101","3603801100","571236","Cabinets","www.hertco.com"," Email <---> Revenue ","78235","HERTCO KITCHENS","1810 SCOUT PL","FERNDALE","WA","98248","Whatcom","","3603801100","3603801101","DOUG BLASCHUK","Manager","M","16000000","100","571200","Furniture St","4","0","1"
"180370","American Drapery & Blind","denny@american-drapery.com","700 S 3rd St","4252555266","4252553893","571407","Draperies & Curtains-Retail/Custom Made","www.freeinhome.com"," Email <---> Revenue ","215321","American Drapery & Blind","700 S 3rd St","Renton","WA","98055","King","www.freeinhome.com","4252553893","4252555266","Greg  Perry","President","Mal","14352000","138","571407","Draperies & ","4","0","1"
"180907","Columbia Language Svc","design@braingrease.com","11818 SE Mill Plain Blvd # 307","3608963881","3608964074","738920","Translators & Interpreters","www.columbia-language.com"," Email <---> Revenue ","288723","Columbia Language Svc","11818 SE Mill Plain Blvd # 307","Vancouver","WA","98684","Clark","www.columbia-language.com","3608963881","3608964074","Svetlana  Hinchuc","Owner","Fem","15980000","170","738920","Translators ","4","0","1"
"88767","Sound Glass Sales Inc","dking@attnhounds.com","5210 74th St W","2534730849","2534737477","521107","Windows","www.soundglass.com"," Email <---> Revenue ","573844","Sound Glass Sales Inc","5210 74th St W","Tacoma","WA","98499","Pierce","www.soundglass.com","2534737477","2534730849","Warren  Willoughby","Owner","Mal","15996000","62","521107","Windows","4","0","1"
"100632","Wayne's Roofing","don@waynesroofing.com","13105 Houston Rd E","2538638311","2538634455","176109","Roofing Contractors","www.waynesroofing.com"," Email <---> Revenue ","625578","Wayne's Roofing","13105 Houston Rd E","Sumner","WA","98390","Pierce","www.waynesroofing.com","2538634455","2538638311","Don  Guthrie","President","Mal","10540000","85","176109","Roofing Cont","4","0","1"
"162005","Haskins Steel Co Inc","dwrig@haskinssteelinc.com","3613 E Main Ave","5095358167","5095350657","505106","Steel-Distributors & Warehouses","www.haskinssteelinc.com"," Email <---> Revenue ","76605","HASKINS STEEL CO INC","3613 E MAIN AVE","SPOKANE","WA","99202","Spokane","","5095350657","5095358167","CRAIG DIAZ","Manager","M","21400000","95","331200","Steel Works","4","0","1"
"143526","Micro Computer Systems Inc","edu@k12connected.com","16531 13th Ave W # 201","4257783050","4257787337","737801","Computers-Service & Repair","www.k12connected.com"," Email <---> Revenue ","472361","Micro Computer Systems Inc","16531 13th Ave W # 201","Lynnwood","WA","98037","Snohomish","www.k12connected.com","4257787337","4257783050","Gary  Gill","Owner","Mal","19300000","16","737801","Computers-Se","4","0","1"
"167076","Automatic Data Processing","es_privacy@adp.com","18702 N Creek Pkwy # 100","9095926529","4259083870","872106","Payroll Preparation Service","www.adp.com"," Email <---> Revenue ","228739","Automatic Data Processing","18702 N Creek Pkwy # 100","Bothell","WA","98011","King","www.adp.com","4259083870","4258825436","David  Darbutt","Manager","Mal","20600000","200","872106","Payroll Prep","4","0","1"
"160560","Electro Heavy Equipment","esales@electroinc.com","7525 NE 47th Ave","3606938647","3606938265","353101","Machinery-Manufacturers","www.electroinc.com"," Email <---> Revenue ","332220","Electro Heavy Equipment","7525 NE 47th Ave","Vancouver","WA","98661","Clark","www.electroinc.com","3606938265","3606938647","Jack  Schiefelbein","Owner","Mal","14360000","40","353101","Machinery-Ma","4","0","1"
"20573","Helac Corp","fulfillment@helac.com","225 Battersby Ave","3608251603","3608251601","353105","Contractors-Equipment-Manufacturers","www.helac.com"," Email <---> Revenue ","77585","HELAC CORP","225 BATTERSBY AVE","ENUMCLAW","WA","98022","King","","3608251601","3608251603","DEAN WEYER","Chief Executive Office","M","16600000","200","353100","Construction","4","0","1"
"168570","Gulick Trucking","glenn@gulicktrucking.com","3000 SE Hidden Way # 40e","3606991397","3606990999","421303","Trucking-Transportation Brokers","www.gulicktrucking.com"," Email <---> Revenue ","73840","GULICK TRUCKING","3000 SE HIDDEN WAY STE 40E","VANCOUVER","WA","98661","Clark","","3606990999","3606991397","BILL GULICK","Owner","M","13800000","150","421300","Trucking","4","0","1"
"182500","Pletronics Inc","help@sifore.com","19013 36th Ave W # H","4257762760","4257761880","367901","Electronic Equipment & Supplies-Mfrs","www.pletronics.com"," Email <---> Revenue ","520363","Pletronics Inc","19013 36th Ave W # H","Lynnwood","WA","98036","Snohomish","www.pletronics.com","4257761880","4257762760","Claude  Lee","President","Mal","10752000","48","367901","Electronic E","4","0","1"
"39950","HNTB Corp","helpdesk@hntb.com","600 108th Ave NE # 900","2026541000","4254553555","871111","Engineers-Consulting","www.hntb.com"," Email <---> Revenue ","79264","HNTB CORP","600 108TH AVE NE STE 900","BELLEVUE","WA","98004","King","","4254553555","","DAN DIXON","President","M","22200000","200","871200","Architectura","4","0","1"
"183328","Radiall/Larsen Antenna Tech","hencel@mozcom.com","3611 NE 112th Ave","3609447556","3609447551","573101","Antennas","www.radialllarsen.com"," Email <---> Revenue ","533411","Radiall/Larsen Antenna Tech","3611 NE 112th Ave","Vancouver","WA","98682","Clark","www.radialllarsen.com","3609447551","3609447556","Andre  Hernandez","President","Mal","12400000","100","573101","Antennas","4","0","1"
"189329","Noteworld Servicing Ctr","howcanwehelp@noteworld.com","1001 Pacific Ave # 300","2536207007","2536207040","874213","Marketing Programs & Services","www.noteworld.com"," Email <---> Revenue ","120624","NOTEWORLD SERVICING CTR","1001 PACIFIC AVE STE 200","TACOMA","WA","98402","Pierce","","2536207040","2535721719","PATRICK WELLER","Chief Executive Office","M","12500000","50","874203","Mrkting Cons","4","0","1"
"147454","Interlock Industries","hrdept@interlockroofing.com","7505 Hardeson Rd # 400","4254388577","4254388585","176109","Roofing Contractors","www.interlockroofing.com"," Email <---> Revenue ","84275","INTERLOCK INDUSTRIES","1420 80TH ST SW E","EVERETT","WA","98203","Snohomish","","4254388585","4254388577","","Unknown","","17500000","100","176100","Roofg, Sheet","4","0","1"
"149110","Reid Middleton Inc","i_planner@reidmidd.com","728 134th St SW # 200","4257413900","4257413800","871111","Engineers-Consulting","www.reidmidd.com"," Email <---> Revenue ","539010","Reid Middleton Inc","728 134th St SW # 200","Everett","WA","98204","Snohomish","www.reidmidd.com","4257413800","4257413900","Hugh  Townsend","CEO","Mal","13588000","86","871111","Engineers-Co","4","0","1"
"162541","Emerald Home Furnishings","inquiry@emeraldhome.com","3025 Pioneer Way E","2539221400","2539223747","502107","Furniture-Dealers-Wholesale","www.emeraldhome.com"," Email <---> Revenue ","57195","EMERALD HOME FURNISHINGS","3025 PIONEER WAY E","TACOMA","WA","98443","Pierce","","2539221400","2539223747","DAVID BECKMAN","Owner","M","21300000","100","502100","Whl Furnitur","4","0","1"
"38023","KPLY Inc","jan@kplyinc.com","439 Marine Dr","3604571634","3604574421","243501","Plywood & Veneers-Manufacturers","www.kplyinc.com"," Email <---> Revenue ","425803","KPLY Inc","439 Marine Dr","Port Angeles","WA","98363","Clallam","www.kplyinc.com","3604574421","3604571634","Ernie  Van Ogle","Plant Mgr","Mal","17000000","200","243501","Plywood & Ve","4","0","1"
"82209","D W Close Co","jeffc@dwclose.com","4304 S 131st St","2062422299","2062420058","173101","Electric Contractors","www.dwclose.com"," Email <---> Revenue ","304610","D W Close Co","4304 S 131st St","Tukwila","WA","98168","King","www.dwclose.com","2062420058","2062422299","Michael  Hobbs","President","Mal","19800000","150","173101","Electric Con","4","2","1"
"182904","Pacific Detroit Diesel-Allison","jerry.tyrell@pacificdda.com","6615 E Mallon Ave","5095353734","509-535-3663","3621","Motors and Generators","NULL"," Email <---> Revenue ","505737","Pacific Detroit Diesel-Allison","6615 E Mallon Ave","Spokane Valley","WA","99212","Spokane","www.pacificdda.com","5095353663","5095359116","Mark  Wilson","Manager","Mal","17000000","18","508414","Engines-Dies","4","0","1"
"5193","tom hession-herzog","jesse@playnetwork.com","16210 116th ST","4254978100","4254978181","7389","Business Services NEC","MUSICFORYOURBUSINESS.COM^^PLAYNETWORK.NET^^PLAYNETWORK.ORG^^PLAYNETWORKDEV.COM^^PLAYNETWORKONLINE.NE"," Email <---> Revenue ","132290","PLAY NETWORK INC","8727 148TH AVE NE","REDMOND","WA","98052","King","","4254978100","4254978181","LON TROXEL","Chief Executive Office","M","16000000","64","874203","Mrkting Cons","4","0","1"
"23499","Jorgensen Forge","jorgensensales@jorgensenforge.com","8531 E Marginal Way S","2067625414","2067621100","346201","Forgings (Manufacturers)","www.jorgensenforge.com"," Email <---> Revenue ","422351","Jorgensen Forge","8531 E Marginal Way S","Tukwila","WA","98108","King","www.jorgensenforge.com","2067621100","2067625414","Rick  Clemens","President","Mal","24000000","160","346201","Forgings (Ma","4","0","1"
"76982","Concrete Technology Corp","jparkins@concretetech.com","1123 Port Of Tacoma Rd","2535729386","2533833545","327201","Concrete-Prestressed (Manufacturers)","www.concretetech.com"," Email <---> Revenue ","41710","CONCRETE TECHNOLOGY CORP","1123 PORT OF TACOMA RD","TACOMA","WA","98421","Pierce","","2533833545","2535729386","JAMES R ANDERSON","President","M","20000000","250","327200","Mfg Concrete","4","0","1"
"170914","ECCO Recycles","karen@eccorecycles.com","1621 Central Ave S","2538139783","2538139736","573405","Computers-Dealers-Used","www.eccorecycles.com"," Email <---> Revenue ","325787","ECCO Recycles","1621 Central Ave S","Kent","WA","98032","King","www.eccorecycles.com","2538139736","2538139783","Mike  Stead","Owner","Mal","10860000","30","573405","Computers-De","4","0","1"
"187218","Harris Trust Co","kevin.aman@harris.com","1420 5th Ave # 2000","2105617499","2064426400","602102","Trust Companies","www.harris.com"," Email <---> Revenue ","383838","Harris Trust Co","1420 5th Ave # 2000","Seattle","WA","98101","King","www.harris.com","2064426400","","Kelly  Taylor","Manager","Fem","12040000","40","602102","Trust Compan","4","0","1"
"185981","KXLY Radio Group","kimberly@thepartyworks.com","500 W Boone Ave","5093248992","5093244200","483201","Radio Stations & Broadcasting Companies","www.kxly.com"," Email <---> Revenue ","95661","KXLY RADIO GROUP","500 W BOONE AVE","SPOKANE","WA","99201","Spokane","","5093244000","5093248992","DEBBIE SIEVERDING","Manager","F","11400000","200","483200","Radio Brdcst","4","0","1"
"158666","Hozack Inc","kwildin@hozack.com","7877 S 180th St","4256568109","4252911650","509908","Manufacturers-Agents & Representatives","www.hozack.com"," Email <---> Revenue ","396409","Hozack Inc","7877 S 180th St","Kent","WA","98032","King","www.hozack.com","4252911650","4256568109","Scott  Taylor","Owner","Mal","18880000","20","509908","Manufacturer","4","0","1"
"163936","Rubatino Refuse Removal Inc","larry@rubatino.com","2812 Hoyt Ave","4253394196","4252590044","495302","Garbage Collection","www.rubatino.com"," Email <---> Revenue ","550759","Rubatino Refuse Removal Inc","2812 Hoyt Ave","Everett","WA","98201","Snohomish","www.rubatino.com","4252590044","4253394196","Ed  Rubatino","Owner","Mal","12100000","8","495302","Garbage Coll","4","0","1"
"74903","Parkland Auto Ctr","leads@parklandautocenter.com","12918 Pacific Ave S","2535397505","2535362000","551103","Automobile Dealers-Used Cars","www.parklandautocenter.com"," Email <---> Revenue ","510116","Parkland Auto Ctr","12918 Pacific Ave S","Tacoma","WA","98444","Pierce","www.parklandautocenter.com","2535362000","2535397505","Alex  Moncada","Manager","Mal","19410000","30","551103","Automobile D","4","1","1"
"109126","Husky Truck Ctr","lloydw@huskytrucks.com","11222 E Marginal Way S","2067643838","2067643833","551105","Truck-Dealers","www.huskytrucksseattle.com"," Email <---> Revenue ","81758","HUSKY TRUCK CTR","11222 E MARGINAL WAY S","TUKWILA","WA","98168","King","","2067643833","2067643838","LLOYD WRIGHT","Manager","M","14100000","35","551101","Truck Dealer","4","0","1"
"103095","Flying Spot Film Transfer Inc","lori@flyingspot.com","1008 Western Ave # 201","2064640416","2064640744","781211","Video Production & Taping Service","www.flyingspot.com"," Email <---> Revenue ","353504","Flying Spot Film Transfer Inc","1008 Western Ave # 201","Seattle","WA","98104","King","www.flyingspot.com","2064640744","2064640416","Pat  Sanford","Owner","Mal","10990000","35","781211","Video Produc","4","1","1"
"57016","Lee Peterson Motors","lpeterson@lpmotors.com","407 South First St","5095756372","5094537982","559999","Ret Misc Vehicles Repair Services Plumbing/heating/air","c1hr.com/leepeterson"," Email <---> Revenue ","98730","LEE PETERSON MOTORS INC","410 S 1ST ST","YAKIMA","WA","98901","Yakima","","5095756372","5094537982","LEE PETERSON","Owner","M","17000000","42","551100","New & Used C","4","0","1"
"184898","Warm Beach Christian Camp Ctr","mailroom@warmbeach.com","20800 Marine Dr","3606528210","3607435471","703203","Camps","www.WarmBeach.com"," Email <---> Revenue ","622655","Warm Beach Christian Camp Ctr","20800 Marine Dr","Stanwood","WA","98292","Snohomish","www.warmbeach.com","3607435471","3606528210","Ed  Mc Dowell","Executive Director","Mal","13950000","150","703203","Camps","4","1","1"
"184248","Puget Sound Intl","maintenance@psi-intl.com","2102 Milwaukee Way","2538960595","2539221099","422505","Warehouses-Merchandise & Self Storage","www.psi-intl.com"," Email <---> Revenue ","527909","Puget Sound Intl","2102 Milwaukee Way","Tacoma","WA","98421","Pierce","www.psi-intl.com","2539221099","2538960595","Gina  Lyons","Owner","Fem","12348000","98","422505","Warehouses-M","4","0","1"
"135181","White Pass Ski Area","majordomo@skiwhitepass.com","48935 Us Highway 12","5096723123","5096723101","701110","Skiing Centers & Resorts","www.skiwhitepass.com"," Email <---> Revenue ","630747","White Pass Ski Area","48935 Us Highway 12","Naches","WA","98937","Yakima","www.skiwhitepass.com","5096723101","5096723123","Kevin  Mc Carthy","Manager","Mal","17250000","230","701110","Skiing Cente","4","1","1"
"190488","Greater China Industries Inc","marcgamba@greaterchina-usa.com","14405 SE 36th St # 300","4256436519","4256436576","509905","Importers","www.greaterchina-usa.com"," Email <---> Revenue ","374392","Greater China Industries Inc","14405 SE 36th St # 300","Bellevue","WA","98006","King","www.greaterchina-usa.com","4256436576","4256436519","Ben  Zhang","Owner","Mal","23600000","25","509905","Importers","4","0","1"
"140369","Nichols Brothers Boat Builders","matthew.nichols@nicholsboats.com","PO Box 580","3603317484","3603315500","3732","Boat Building and Repairing (boat building)","NULL"," Email <---> Revenue ","117260","NICHOLS BROTHERS BOAT BUILDERS","5400 CAMERON RD","FREELAND","WA","98249","Island","","3603315500","3603317484","MATTHEW J NICHOLS","Chief Executive Office","M","18300000","250","373200","Boat Bld, Re","4","0","1"
"148205","Campbell & Bruce","micron@callcampbell.com","2828 W Irving St","5095451692","5095459848","171117","Air Conditioning Contractors & Systems","www.campbellandbruce.com"," Email <---> Revenue ","264461","Campbell & Bruce","2828 W Irving St","Pasco","WA","99301","Franklin","www.campbellandbruce.com","5095459848","5095451692","Mike  Campbell","Owner","Mal","14600000","100","171117","Air Conditio","4","0","1"
"43417","DRI-EAZ PRODUCTS; INC.","mikep@dri-eaz.com","15180 Josh Wilson Rd","3607577776","3607577950","074201","Animal services","DRIEAZ-INFLATABLE.COM;DRIEAZ-INFLATABLES.COM;DRIEAZ-PETS.COM;DRIEAZ.COM;DRIZONE.COM"," Email <---> Revenue ","52849","DRI-EAZ PRODUCTS INC","15180 JOSH WILSON RD","BURLINGTON","WA","98233","Skagit","","3607577776","3607577950","CLAUDE BLACKBURN","President","M","12200000","160","399900","Mfg Industri","4","0","1"
"176378","Carlile Transportation","mquinn@carlile.biz","35225 Enchanted Pkwy S","2538748615","2538742633","421309","Trucking-Motor Freight","www.carlile.biz"," Email <---> Revenue ","266941","Carlile Transportation","35225 Enchanted Pkwy S","Federal Way","WA","98003","King","www.carlile.biz","2538742633","2538748615","Linda  Leary","Owner","Fem","10570000","70","421309","Trucking-Mot","4","0","1"
"134040","Capstone Construction Co","mvanleuven@amsworld.com","2917 E Francis Ave","5094685081","5094684981","152139","Remodeling & Repairing Bldg Contractors","www.capstoneconstruction.bizland.com"," Email <---> Revenue ","265872","Capstone Construction Co","2917 E Francis Ave","Spokane","WA","99208","Spokane","www.capstoneconstruction.bizland.com","5094684981","5094685081","Pat  Cummings","President","Mal","11800000","50","152139","Remodeling &","4","0","1"
"143003","Celite Corp","omofomam@worldminerals.com","16419 Road 10.5 NW","8508751490","5097874575","329506","Diatomaceous Earth (Manufacturers)","www.worldminerals.com"," Email <---> Revenue ","272504","Celite Corp","16419 Road 10.5 NW","Quincy","WA","98848","Grant","www.worldminerals.com","5097874575","5097871232","John  Moritz","Plant Mgr","Mal","23485000","77","329506","Diatomaceous","4","0","1"
"62265","One Call","onecall@onecall.com","229 N Ella Rd","5094448030","5098381018","367901","Electronic Equipment & Supplies-Mfrs","www.onecall.com"," Email <---> Revenue ","500877","One Call","229 N Ella Rd","Spokane Valley","WA","99212","Spokane","www.onecall.com","5098381018","5094448030","Bill  Kerne","Manager","Mal","22400000","100","367901","Electronic E","4","0","1"
"3199","Odessa Trading Company","otc@odessaoffice.com","PO Box 277","5099822661","null","533102","Trading Posts","ODESSATRADING.COM;ODESSATRADING.NET"," Email <---> Revenue ","497652","Odessa Trading Co","9 W 1st St","Odessa","WA","99159","Lincoln","www.odessatrading.com","5099822661","5099822540","H P  Carstensen","Manager","Mal","16600000","17","508310","Farm Equipme","4","0","1"
"148882","Offway Motors","pat@offway.com","4850 South Washington","2534740967","2534740987","559999","Ret Misc Vehicles Repair Services Plumbing/heating/air","OFFWAY.COM"," Email <---> Revenue ","498035","Offway Motors","4850 S Washington St","Tacoma","WA","98409","Pierce","www.offway.com","2534740967","","Mike  Klester","Owner","Mal","20057000","31","551103","Automobile D","4","1","1"
"131708","Eco Lights Northwest","pkeller@totalreclaim.com","2200 6th Ave S","2063437445","2063431247","509312","Recycling Centers (Wholesale)","www.totalreclaim.com"," Email <---> Revenue ","328712","Eco Lights Northwest","2200 6th Ave S","Seattle","WA","98134","King","www.totalreclaim.com","2063431247","2063437445","Craig  Lorch","Owner","Mal","10975000","25","509312","Recycling Ce","4","0","1"
"172289","Pacific Mobile Structures Inc","pmsi@pacificmobile.com","1554 Bishop Rd","5037222988","3607480121","154212","Buildings-Pre-Cut Prefabricated/Modular","www.pacificmobile.com"," Email <---> Revenue ","125546","PACIFIC MOBILE STRUCTURES INC","1554 BISHOP RD","CHEHALIS","WA","98532","Lewis","","3607480121","3607480578","RICHARD HAAKENSON","Chief Executive Office","M","11900000","75","154205","Comm/Off Bld","4","0","1"
"147751","Home Guard Security Svc","privacy.officer@chubbsecurity.com","150 12th Ave","2065215340","2065215678","506324","Burglar Alarm Systems (Wholesale)","www.homeguardsecurity.com"," Email <---> Revenue ","393107","Home Guard Security Svc","150 12th Ave","Seattle","WA","98122","King","www.homeguardsecurity.com","2065215678","2065215340","","","","19740000","30","506324","Burglar Alar","4","0","1"
"166048","Acme Construction Supply","randya@acmetool.com","4747 1st Ave S","5032333058","2064641480","508206","Contractors-Equip/Supls-Dlrs/Svc (Whol)","www.acmetool.com"," Email <---> Revenue ","201723","Acme Construction Supply","4747 1st Ave S","Seattle","WA","98134","King","www.acmetool.com","2064641480","2066219576","Tom  Wagner","Manager","Mal","16650000","25","508206","Contractors-","4","0","1"
"164044","Columbia Electric Supply","rbement@ces-pasco.com","1913 W A St","5095475386","5095479733","506330","Electric Equipment & Supplies-Wholesale","www.ces-pasco.com"," Email <---> Revenue ","288557","Columbia Electric Supply","1913 W A St","Pasco","WA","99301","Franklin","www.ces-pasco.com","5095479733","5095475386","Keith  Haworth","Manager","Mal","10528000","16","506330","Electric Equ","4","0","1"
"136547","Shumate Harley Davidson","rentals.spokane@hd.com","6815 E Trent Ave","5099288164","5099286811","557106","Motorcycles & Motor Scooters-Dealers","www.shumateharleydavidson.com"," Email <---> Revenue ","567049","Shumate Harley Davidson","6815 E Trent Ave","Spokane Valley","WA","99212","Spokane","www.shumateharleydavidson.com","5099286811","5099288164","Dave  Thomas","Manager","Mal","10923000","33","557106","Motorcycles ","4","0","1"
"171883","World Wide Packets Inc","resumes@wwp.com","115 N Sullivan Rd","5092429001","5092429000","481304","Telephone Companies","www.worldwidepackets.com"," Email <---> Revenue ","636850","World Wide Packets Inc","115 N Sullivan Rd","Spokane Valley","WA","99037","Spokane","www.worldwidepackets.com","5092429000","5092429001","Dave  Curry","President","Mal","24975000","75","481304","Telephone Co","4","0","1"
"136644","Manor Hardware & Construction","rob@manorhardware.com","18021 Alderwood Mall Pkwy","4257755589","4257782841","508206","Contractors-Equip/Supls-Dlrs/Svc (Whol)","www.manorhardware.com"," Email <---> Revenue ","459479","Manor Hardware & Construction","18021 Alderwood Mall Pkwy","Lynnwood","WA","98037","Snohomish","www.manorhardware.com","4257782841","4257755589","Robert  Duncan","President","Mal","21312000","32","508206","Contractors-","4","0","1"
"179176","Ryzex Re-Marketing","rohsinfo@ryzex.com","4600 Ryzex Way","3607349131","3607349131","395303","Marking Devices (Manufacturers)","www.ryzex.com"," Email <---> Revenue ","551921","Ryzex Re-Marketing","4600 Ryzex Way","Bellingham","WA","98226","Whatcom","www.ryzex.com","3607349131","","Rud  Browne","Owner","Mal","10700000","100","395303","Marking Devi","4","0","1"
"157865","Pacific Integrated Handling","salessw@pacificintegrated.com","10215 Portland Ave E","2535355939","2535355888","508426","Material Handling Equipment (Wholesale)","www.pacificintegrated.com"," Email <---> Revenue ","125427","PACIFIC INTEGRATED HANDLING","10215 PORTLAND AVE E","TACOMA","WA","98445","Pierce","","2535355888","2535355939","MIKE SIDOR","President","M","10200000","60","353700","Ind Trucks,T","4","0","1"
"178935","Cully Enterprises Inc","sbertram@minerallac.com","4200 9th Ave NW","2067899362","2067899360","573117","Electronic Equipment & Supplies-Retail","www.cully.com"," Email <---> Revenue ","301334","Cully Enterprises Inc","4200 9th Ave NW","Seattle","WA","98107","King","www.cully.com","2067899360","2067899362","Pat  Mc Dermot","CEO","Mal","15730000","65","573117","Electronic E","4","0","1"
"174058","Nlight Photonics","Scott.Keeney@nlightphotonics.com","5408 NE 88th St","6192948748","619-686-2700","7373","Computer Integrated Systems Design","NULL"," Email <---> Revenue ","489274","Nlight Photonics","5408 NE 88th St","Vancouver","WA","98665","Clark","www.nlight.net","3605664460","3605461960","Scott  Keeney","CEO","Mal","13360000","80","162309","Fiber Optics","4","0","1"
"187360","SME Corp","scotto@smecorp.com","2302 A St","5032865395","2535723822","517202","Service Station Equipment (Wholesale)","www.smecorp.com"," Email <---> Revenue ","155279","SME CORP","2302 A ST","TACOMA","WA","98402","Pierce","","2535723822","2535720978","DON RUTH","Chief Executive Office","M","14500000","78","508700","Sv Estab Eqp","4","0","1"
"163187","Lawyer Nursery Inc","seeds@lawyernursery.com","7515 Meridian Rd SE","4068265700","3604561839","519306","Nurseries-Plants Trees & Etc-Wholesale","www.lawyernursery.com"," Email <---> Revenue ","98282","LAWYER NURSERY INC","7515 MERIDIAN RD SE","OLYMPIA","WA","98513","Thurston","","3604561839","3604380344","JOHN LAWYER","President","M","10000000","176","519302","Flowers,Nurs","4","0","1"
"179576","Pepsi-Cola Bottling Co","shareholder.relations@pepsi.com","4014 E Sprague Ave","6268143079","5095350605","208601","Bottlers","www.pbg.com"," Email <---> Revenue ","129595","PEPSI-COLA BOTTLING CO","4014 E SPRAGUE AVE","SPOKANE","WA","99202","Spokane","","5095350605","5095350042","RICK COOPER","Manager","M","14200000","200","208600","Bot,Can Soft","4","0","1"
"66045","Cruise Planners","Sharla.Rhodes@cruisecommander.com","NULL","NULL","5095258446","472402","Travel Agencies & Bureaus","NULL"," Email <---> Revenue ","45282","CRUISE PLANNERS","11 S 1ST AVE","WALLA WALLA","WA","99362","Walla Walla","","5095258446","","SHARLA RHODES","Manager","F","10100000","819","472400","Travel Agenc","4","0","1"
"22885","Penn Cove Shell Fish LLC","shellfish@penncoveshellfish.com","1900 Penn Cove Rd","3606780266","3606784803","514601","Seafood-Wholesale","www.penncoveshellfish.com"," Email <---> Revenue ","514476","Penn Cove Shell Fish LLC","1900 Penn Cove Rd","Oak Harbor","WA","98277","Island","www.penncoveshellfish.com","3606784803","3606780266","Ian  Jefferds","Owner","Mal","14421000","23","514601","Seafood-Whol","4","0","1"
"123088","Pacific Fabrics & Crafts","shopping@pacificfabrics.com","4214 Wheaton Way","3604796885","3604794214","594902","Fabric Shops","www.pacificfabrics.com"," Email <---> Revenue ","125314","PACIFIC FABRICS & CRAFTS","4214 WHEATON WAY","BREMERTON","WA","98310","Kitsap","","3604794214","3604796885","CHARLES RUTHERFORD","Manager","M","11700000","296","594901","Fab Stores P","4","0","1"
"138583","Alderbrook Inn","spa@alderbrookresort.com","10 E Alderbrook Dr","3608984610","3608982200","701111","Resorts","www.alderbrookresort.com"," Email <---> Revenue ","208570","Alderbrook Inn","10 E Alderbrook Dr","Union","WA","98592","Mason","www.alderbrookresort.com","3608982200","3608984610","Pamela  Graber","Manager","Fem","15000000","200","701111","Resorts","4","1","1"
"177163","Northwest Pipeline Corp","tedieck@duke-energy.com","606 S Oregon Ave","6168780659","5095449216","461201","Pipe Line Companies","www.williams.com"," Email <---> Revenue ","494199","Northwest Pipeline Corp","606 S Oregon Ave","Pasco","WA","99301","Franklin","www.williams.com","5095449216","","","","","11440000","16","461201","Pipe Line Co","4","0","1"
"149264","Grays Harbor Paper Co","thopsecger@ghplp.com","801 23rd St","3605385636","3605329600","262101","Paper-Manufacturers","www.ghplp.com"," Email <---> Revenue ","72357","GRAYS HARBOR PAPER CO","801 23RD ST","HOQUIAM","WA","98550","Grays Harbor","","3605329600","3605385636","WILLIAM QUIGG","President","M","13500000","222","262100","Paper Mills","4","0","1"
"81242","Spokane Indians Baseball Club","tickets@spokaneindiansbaseball.com","602 N Havana St","5095345368","5095352922","799708","Baseball Clubs","www.spokaneindiansbaseball.com"," Email <---> Revenue ","158585","SPOKANE INDIANS BASEBALL CLUB","602 N HAVANA ST","SPOKANE","WA","99202","Spokane","","5095352922","5095345368","CHRIS DUFF","Manager","M","11900000","100","794100","Sports Clubs","4","0","1"
"180493","Venture Data","toddw@venturedata.com","1126 N Monroe St","5416877929","5093276754","873204","Market Research & Analysis","www.venturedata.com"," Email <---> Revenue ","178442","VENTURE DATA","1126 N MONROE ST","SPOKANE","WA","99201","Spokane","","5093276754","5093290827","IMLAN PETRA","Manager","M","10500000","95","873201","Mrkt Anal,Ec","4","0","1"
"146548","Hughes Supply Inc","tom.ruppenthal@hughessupply.com","10013 M L King Jr Way S","2067229477","2067224800","505107","Pipe-Wholesale","www.leaks.com"," Email <---> Revenue ","396868","Hughes Supply Inc","10013 M L King Jr Way S","Seattle","WA","98178","King","www.leaks.com","2067224800","2067229477","Lowell  Aganti","Manager","Mal","15000000","30","505107","Pipe-Wholesa","4","0","1"
"165730","Box Maker Inc","tonil@boxmaker.com","6412 S 190th St","5036926992","4252515428","267201","Labels-Paper (Manufacturers)","www.boxmaker.com"," Email <---> Revenue ","25066","BOX MAKER INC","6230 S 190TH ST","KENT","WA","98032","King","","4252515428","4252511484","DAVE HILL","Owner","M","21300000","300","267200","Coated,Lamin","4","0","1"
"175626","Killer River Operations","tracey.thom@kinross.com","363 Fish Hatchery Rd","5097753447","5097753157","149901","Mining Companies","www.kinross.com"," Email <---> Revenue ","431856","Killer River Operations","363 Fish Hatchery Rd","Republic","WA","99166","Ferry","www.kinross.com","5097753157","5097753447","Robert  Taylor","Manager","Mal","21518000","106","149901","Mining Compa","4","0","1"
"79739","Hardel Mutual Plywood Corp","tracy@hardel.com","143 Maurin Rd","3607409619","3607400232","243501","Plywood & Veneers-Manufacturers","www.hardel.com"," Email <---> Revenue ","76031","HARDEL MUTUAL PLYWOOD CORP","143 MAURIN RD","CHEHALIS","WA","98532","Lewis","","3607400232","3607409570","EMMANOUEL PILIARIS","Manager","M","13500000","225","243500","Hardwd Venee","4","0","1"
"176898","Boatworks Day Island","warranty@dibw.com","9011 S 19th St","2535652136","2534601761","555104","Boat Dealers Sales & Service","www.dayislandboatworks.com"," Email <---> Revenue ","23968","BOATWORKS DAY ISLAND","9011 S 19TH ST","TACOMA","WA","98466","Pierce","","2534601761","2535652136","CHRIS KOOLEY","Owner","M","10500000","35","555100","Boat Dealers","4","0","1"
