mail id,company,email,address,phone,fax,sic,sic description,web,,revenue id,company,address,city,state,zip,	metro,web,phone,fax,contact,position,gender,sales,# of employee,sic,sic_descrpiton,	,,
"130573","Bates Drug Store Inc","bryan@batesrx.com","2173 N Hamilton St","5094620887","5094897453","599920","Home Health & Health Care Equipment","www.batesrx.com"," Email <---> Revenue ","236760","Bates Drug Store Inc","2173 N Hamilton St","Spokane","WA","99207","Spokane","www.batesrx.com","5094897453","5094620887","Robert  Cordier","Manager","Mal","5360000","40","599920","Home Health ","3","0","1"
"176340","Island Home Nursing","jeanne@islandhomenursing.com","1659 Layton Rd # B","3603317445","3603317441","808201","Home Health Service","www.islandhomenursing.com"," Email <---> Revenue ","85086","ISLAND HOME NURSING","PO BOX 695","FREELAND","WA","98249","Island","","3603317441","3603317445","SHARON EMERSON","Owner","F","9500000","100","808200","Home Health ","3","0","1"
"165876","Cadwell Laboratories","mirommedical@bezeqint.net","909 N Kellogg St","5097836503","5097356481","384104","Physicians & Surgeons Equip & Supls-Mfrs","www.cadwell.com"," Email <---> Revenue ","28870","CADWELL LABORATORIES","909 N KELLOGG ST","KENNEWICK","WA","99336","Benton","","5097356481","5097836503","JOHN CADWELL","Chief Executive Office","M","6600000","100","384100","Surgical,Med","3","0","1"
"185510","Stevens County Counseling","tjobrien@plix.com","PO Box 606","5096845286","5096844597","806301","Mental Health Services","www.co.stevens.wa.us"," Email <---> Revenue ","583140","Stevens County Counseling","PO Box 606","Colville","WA","99114","Stevens","www.co.stevens.wa.us","5096844597","5096845286","Kaydee  Steele","Manager","Fem","5265000","65","806301","Mental Healt","3","0","1"
