mail id,company,email,address,phone,fax,sic,sic description,web,,revenue id,company,address,city,state,zip,	metro,web,phone,fax,contact,position,gender,sales,# of employee,sic,sic_descrpiton,	,,
"139965","Alaska Travel Adventures","atamike@gci.net","18384 Redmond Way","4254971212","null","4724","Travel agents","ALASKATRAVELADVENTURES.COM"," Email <---> Revenue ","6829","ALASKA TRAVEL ADVENTURES INC","18384 REDMOND WAY","REDMOND","WA","98052","King","","4254971212","","ROBERT DINDINGER","Manager","M","63400000","200","472400","Travel Agenc","6","0","1"
"179462","Fanfare Media Works Corp","benchworks@fanfaremedia.com","22500 SE 64th Pl # 130","4253131575","4253914881","731999","Advertising Nec","www.fanfaremedia.com"," Email <---> Revenue ","61479","FANFARE MEDIA WORKS CORP","22500 SE 64TH PL STE 130","ISSAQUAH","WA","98027","King","","4253914881","4253131575","STEVE RAKES","Vice-President","M","76300000","700","731900","Advertising ","6","0","1"
"69949","Bycosin/Ferrous Corp","corporatecommunications@innospecinc.com","12729 Northup Way","4254546308","4254546320","517206","Oils-Fuel (Wholesale)","www.octel-corp.com"," Email <---> Revenue ","259844","Bycosin/Ferrous Corp","12729 Northup Way","Bellevue","WA","98005","King","www.octel-corp.com","4254546320","4254546308","John  Eason","Manager","Mal","63726000","19","517206","Oils-Fuel (W","6","0","1"
"191228","Franklin County PUD","dgutmann@franklinpud.com","1411 W Clark St","5095474116","5095475591","491101","Electric Companies","www.franklinpud.com"," Email <---> Revenue ","356718","Franklin County PUD","1411 W Clark St","Pasco","WA","99301","Franklin","www.franklinpud.com","5095475591","5095474116","Dean  Overland","Plant Mgr","Mal","86240000","140","491101","Electric Com","6","0","1"
"172801","Baker Produce","dkauffman@bakerproduce.com","212 W Railroad Ave","2199223636","5095866174","514801","Fruits & Vegetables-Wholesale","www.bakerproduce.com"," Email <---> Revenue ","17237","BAKER PRODUCE","212 W RAILROAD AVE","KENNEWICK","WA","99336","Benton","","5095866174","5095823694","PAM BEAMER","Manager","F","80000000","400","543100","Fruit & Veg ","6","0","1"
"141358","Benton County Public Utility","dwaine@imageworksdigital.com","2721 W 10th Ave","5095861710","5095822175","491101","Electric Companies","www.bentonpud.org"," Email <---> Revenue ","241566","Benton County Public Utility","2721 W 10th Ave","Kennewick","WA","99336","Benton","www.bentonpud.org","5095822175","5095861710","James  Sanders","Manager","Mal","94248000","153","491101","Electric Com","6","0","1"
"190514","Hancor Inc","hrresume@hancor.com","6001 Belmore St SW","8124482647","3609433313","308902","Plastics & Plastic Products (Mfrs)","www.hancor.com"," Email <---> Revenue ","75279","HANCOR INC","6001 BELMORE ST SW","OLYMPIA","WA","98512","Thurston","","3609433313","3603520384","AARON DINNEL","Manager","M","70400000","1100","308900","Plastic Pdts","6","0","1"
"107160","Key Technology;  Inc.","investor.info@keyww.com","150 Avery Street","5095292161","5095223378","599502","Optical Goods","http://www.keyww.com"," Email <---> Revenue ","92834","KEY TECHNOLOGY HOLDINGS USA","150 AVERY ST","WALLA WALLA","WA","99362","Walla Walla","","5095292161","","DAVID CAMP","Chief Executive Office","M","80300000","525","356900","General Indu","6","0","1"
"186096","Crowd Management Svc","jdeloret@starplexcms.com","720 W Mallon Ave","5093255552","5093288778","738102","Security Guard & Patrol Service","www.starplexcms.com"," Email <---> Revenue ","45139","CROWD MANAGEMENT SVC","720 W MALLON AVE","SPOKANE","WA","99201","Spokane","","5093288778","5093255552","DAVE CHRISTIANSEN","Operations Manager","M","60000000","1000","738102","Guard & Patr","6","0","1"
"163381","RSG Forest Product Inc","jsmith@rsgfp.com","985 NW 2nd St","5036307731","3606732825","242102","Sawmills","www.rsgfp.com"," Email <---> Revenue ","533166","RSG Forest Product Inc","985 NW 2nd St","Kalama","WA","98625","Cowlitz","www.rsgfp.com","3606732825","3606735558","Bob  Sanders","Owner","Mal","53600000","200","242102","Sawmills","6","0","1"
"191035","Digeo","kris.billmaier@digeo.com","8815 122nd Ave NE","4258966060","4258966000","484101","Television-Cable & Catv","www.digeo.com"," Email <---> Revenue ","316548","Digeo","8815 122nd Ave NE","Kirkland","WA","98033","King","www.digeo.com","4258966000","4258966060","Jim  Billmaier","CEO","Mal","67800000","200","484101","Television-C","6","0","1"
"136532","Stemilt Growers","landon.michaelson@stemilt.com","3510 Clark Avenue","5096629667","5096632914","874198","Fuel Management","STEMILT.NET^^STEMILT.ORG^^STEMILTMANAGEMENT.COM"," Email <---> Revenue ","161653","STEMILT GROWERS","4597 STEMILT HILL RD","WENATCHEE","WA","98801","Chelan","","5096623602","5096639461","BILL MINTON","Manager","M","62700000","350","514800","Fresh Fruits","6","0","1"
"182620","Tandy Leather Co","lasvegas@tandyleather.com","10202 Pacific Ave S # 101","2535481100","2535481100","311109","Leather Findings & Finishes","www.tandyleather.com"," Email <---> Revenue ","167388","TANDY LEATHER FACTORY","10202 PACIFIC AVE S STE 101","TACOMA","WA","98444","Pierce","","2535481100","2535481100","LARRY RIEKENA","Manager","M","50700000","451","311100","Leather Tan,","6","0","1"
"80262","PW Eagle Inc","linda_williams@pweagleinc.com","2330 Port Of Tacoma Rd","2532720225","2536271555","505107","Pipe-Wholesale","www.pweagleinc.com"," Email <---> Revenue ","504969","PW Eagle Inc","2330 Port Of Tacoma Rd","Tacoma","WA","98421","Pierce","www.pweagleinc.com","2536271555","2532720225","Mike  Melampy","Plant Mgr","Mal","73290000","70","505107","Pipe-Wholesa","6","0","1"
"179334","Output Technologies","otcmarketing@output.com","3808 N Sullivan Rd # 3","5095331290","5095360468","357702","Computer Peripherals (Manufacturers)","www.output.com"," Email <---> Revenue ","503475","Output Technologies","3808 N Sullivan Rd # 3","Spokane Valley","WA","99216","Spokane","www.output.com","5095360468","5095331290","Steve  Benner","President","Mal","74340000","30","357702","Computer Per","6","0","1"
"83203","Pizza Factory","pfinc@sierratel.com","1102 Water Street","3603857503","3603851440","738999","Business Services Nec","null"," Email <---> Revenue ","131843","PIZZA FACTORY","1102 WATER ST","PORT TOWNSEND","WA","98368","Jefferson","","3603857223","3603791862","FRANCIS DANULIC","Owner","M","61500000","2338","581243","Quick Serv P","6","0","1"
"32962","Pro Golf Discount","sc@progolfseattle.com","5015 Tacoma Mall Boulevard #D101","null","2534742446","5941","Golf equipment","null"," Email <---> Revenue ","134766","PRO GOLF DISCOUNT","5015 TACOMA MALL BLVD STE D101","TACOMA","WA","98409","Pierce","","2534734290","2534742446","CAL GRAN","Manager","M","90000000","1200","594103","Tennis Shops","6","0","1"
"189848","Welch Foods Inc","sdelisle@welchs.com","10 E Bruneau Ave","8147251087","5095822131","203302","Canning (Manufacturers)","www.welchs.com"," Email <---> Revenue ","626436","Welch Foods Inc","10 E Bruneau Ave","Kennewick","WA","99336","Benton","www.welchs.com","5095822131","5095821702","Marty  Gardner","Executive Director","Mal","50550000","150","203302","Canning (Man","6","0","1"
"60184","Silver Collector Car Auctions","silver@silverauctions.com","2020 N Monroe St","5093273059","5093264485","501204","Automobile Auctions (Wholesale)","www.silverauctions.com"," Email <---> Revenue ","567945","Silver Collector Car Auctions","2020 N Monroe St","Spokane","WA","99205","Spokane","www.silverauctions.com","5093264485","5093273059","Mitch  Silver","Owner","Mal","51800000","14","501204","Automobile A","6","1","1"
"28227","Home","steve@tragickrecords.com","3620 SE 5th St","4252288600","4252710203","738999","Business Services Nec","OCTOPUSFARM.COM"," Email <---> Revenue ","91528","KAYE SMITH","4101 OAKESDALE AVE SW","RENTON","WA","98057","King","","4252288600","4252710203","ROB SHUCK","Manager","M","56300000","250","738900","Business Svs","6","0","1"
"188329","Twin City Foods Inc","tcfqa@twincityfoods.com","1000 E 1st Ave","5095829523","5095867568","422202","Warehouses-Cold Storage","www.twincityfoods.com"," Email <---> Revenue ","173938","TWIN CITY FOODS INC","1000 E 1ST AVE","KENNEWICK","WA","99336","Benton","","5095867568","5095829523","DONALD LATHIM","Manager","M","52200000","1396","422200","Refrigerated","6","0","1"
"170015","Henry Co","varena@henry.com","420 H St NW","2537350270","2537354300","521114","Roofing Materials","www.henry.com"," Email <---> Revenue ","77860","HENRY CO","420 H ST NW","AUBURN","WA","98001","King","","2537354300","2537350270","JASON MUGFORD","Manager","M","71100000","644","521100","Lumber, Rel ","6","0","1"
