"Williams Wholesale Distr","8652910191","220 Sherway Rd","Knoxville","42350000","Scott Williams","Owner","Mal","11932","W","Williams Wholesale Distr","Williams-Scott@williamsdoorco.com","220 Sherway Rd","Knoxville","TN","37922","8655394996","8652910191","503119","Doors-Wholesale","NULL","0","0"
"US Foodservice","7316425031","200 Highway 69 N","Paris","44500000","Thomas Kesterson","President","Mal","13336","U","US Foodservice","T.Kesterson@usfoodservice.com","PO Box 87","Paris","TN","38242","7316447255","7316425031","514101","Food Products (Wholesale)","NULL","0","0"
"Cummings Inc","6152445555","200 12th Ave S","Nashville","37200000","Stephen R Kerr","CEO","Mal","14292","C","Cummings Incorporated","vstewart@cummings-sign.com","200 12th Ave South","NASHVILLE","TN","37203","6152445555","6157826627","399302","Signs (Manufacturers)","CUMMINGS-SIGN.COM","0","0"
"Slagle & Assoc","6156723388","2504 Highway 31 W","White House","28425000","Tom Slagle","Owner","Mal","15483","S","Slagle & Assoc","SlagleT@expertresources.com","PO Box 627","White House","TN","37188","6156720703","6156723388","514102","Food Brokers","NULL","0","0"
"Tri-County Electric Membership","6156662111","405 College St","Lafayette","49600000","Paul Thompson","Plant Mgr","Mal","15658","T","Tri-County Electric Membership","managerhdc@yourdistributor.com","405 College St","Lafayette","TN","37083","6156882141","6156662111","491101","Electric Companies","www.tcemc.org","0","0"
"Chilhowee Trailer Sales Inc","8659704085","4037 Airport Hwy","Louisville","27520000","Fred Waggoner","Owner","Mal","17758","C","Chilhowee R V Center","patriciah@chilhoweerv.com","4037 Airport Highway","LOUISVILLE","TN","37777","8659704085","null","458106","Airports","CHILHOWEERV.COM","0","0"
"Consolidated Utility District","6158937225","709 New Salem Rd","Murfreesboro","33200000","Larry Mc Elroy","Manager","Mal","23151","C","Consolidated Utility District","bbradley@cudrc.com","709 New Salem Rd","Murfreesboro","TN","37129","6152253341","6158937225","493902","Utilities","www.cudrc.com","0","0"
"CKR Industries","9319675189","590 Baxter Ln","Winchester","47000000","Kazuhiro Yazaki","President","Mal","25824","C","CKR Industries","jweaver@teproinc.com","590 Baxter Lane","WHESTER","TN","37398","3527325878","3523511017","738999","Business Services Nec","teproinc.com","0","0"
"Traco Johnson City Plant","4238549300","2304 Silverdale Dr","Johnson City","36120000","David Mercer","Plant Mgr","Mal","27960","T","Traco Johnson City Plant","denise.abraham@traco.com","2304 Silverdale Dr","Johnson City","TN","37601","7126235858","4238549300","521107","Windows","www.traco.com","0","0"
"BSH Home Appliances Corp","4235624948","130 Memorial Ln","Jacksboro","28700000","Russell Dorsten","Plant Mgr","Mal","28694","B","BSH Home Appliances Corp","someone@somewhere.com","130 Memorial Ln","Jacksboro","TN","37757","3076744293","4235624948","344403","Sheet Metal Fabricators","www.sheridan.edu","0","0"
"O'REILLY Ozark Automotive","6153838566","485 Craighead St","Nashville","30900000","Curtis Johnson","President","Mal","28965","O","O'REILLY Ozark Automotive","JC@oreillyauto.com","485 Craighead St","Nashville","TN","37204","NULL","6153838566","731908","Distribution Services","NULL","0","0"
"Med Gen Inc","9018672951","PO Box 228","Gallaway","27000000","Jim Trautschold","President","Mal","31987","V","Vollrath Group;  Inc","gib.worth@vollrathgroup.com","209 Vollrath Dr","GALLAWAY","TN","38036","9018672951","9018678954","8999","Services NEC","VOLLRATHGROUP.NET","0","0"
"Campbellrhea","7316424251","1865 N Market St","Paris","43307000","John Given","President","Mal","34747","C","Campbellrhea","R_M@campbellrhea.com","1865 N Market St","Paris","TN","38242","7316424262","7316424251","382103","Laboratory Furniture (Manufacturers)","NULL","0","0"
"Girtman & Assoc","6153506000","7115 Cockrill Bend Blvd","Nashville","35300000","Charles Girtman","President","Mal","40816","G","Girtman & Assoc","CharlesGirtman@girtman.com","7115 Cockrill Bend Blvd","Nashville","TN","37209","6153506686","6153506000","503117","Door Frames (Wholesale)","NULL","0","0"
"Publishers Direct Svc","4239756666","1409 W Market St # 107","Johnson City","29460000","John Merriss","Owner","Mal","47651","P","Publishers Direct Svc","M-John@readersmart.com","1409 W Market St # 107","Johnson City","TN","37604","4239750762","4239756666","519201","Magazines-Distributors","NULL","0","0"
"De Waynes Quality Metal Coat","7319680763","205 Industrial Dr","Lexington","25900000","Jim Terry Jr","President","Mal","48203","D","De Waynes Quality Metal Coat","Jim@dqmc.net","205 Industrial Dr","Lexington","TN","38351","7319680767","7319680763","347105","Plating (Manufacturers)","NULL","0","0"
"Trinidad Benham","6157937751","140 International Blvd","La Vergne","41440000","Paul Shaver","President","Mal","49124","T","Trinidad Benham","Shaver-Paul@trinidadbenham.com","140 International Blvd","La Vergne","TN","37086","6157935580","6157937751","203402","Beans Peas Lentils & Etc-Dried (Mfrs)","NULL","0","0"
"Walker-J-Walker Inc","9013681500","4067 New Getwell Rd","Memphis","25000000","Lee Walker","President","Mal","52805","W","Walker-J-Walker Inc","kristie_hand@emcor.net","4067 New Getwell Rd","Memphis","TN","38118","9013682198","9013681500","171114","Mechanical Contractors","www.walkerjwalker.com","0","0"
"Copperweld Fayetteville Div","9314337177","254 Cotton Mill Rd","Fayetteville","45480000","Steve Levy","VP","Mal","54208","C","Copperweld Fayetteville Div","bimetallic@copperweld.com","254 Cotton Mill Rd","Fayetteville","TN","37334","9314330419","9314337177","335798","Drawing/Insulating-Nonferrous Wire (Mfr)","www.copperweld.com","0","0"
"Delfasco Of Tennessee","4236396191","1945 Scott Farm Rd","Afton","29400000","Mark Benko","Manager","Mal","56070","D","Delfasco Of Tennessee","delfasco@mail.delfasco.com","1945 Scott Farm Rd","Afton","TN","37616","4236391160","4236396191","179104","Metal Fabricators","www.delfasco.com","0","0"
"Card-Monroe Corp","4238423312","4936 Adams Rd","Hixson","28400000","Charles S Monroe","President","Mal","57673","C","Card-Monroe Corp","scottp@cardmonroe.com","PO Box 639","Hixson","TN","37343","4238429572","4238423312","355209","Tufting Machinery (Manufacturers)","NULL","0","0"
"Protection Unlimited","9017546510","9363 Marbella Cv","Cordova","30520000","Bill Bradshaw","Owner","Mal","59627","P","Protection Unlimited","Bradshaw@protectionunlimited.com","9363 Marbella Cv","Cordova","TN","38018","NULL","9017546510","506304","Security Control Equip & Systems-Whol","NULL","0","0"
"Mid-South Wire Co","6152445258","1040 Visco Dr","Nashville","34840000","John T Johnson Jr","President","Mal","62129","M","Mid-South Wire Co","mswsales@midsouthwire.com","1040 Visco Dr","Nashville","TN","37210","6152565836","6152445258","331598","Steel-Wiredrawing/Stl Nails/Spikes (Mfr)","www.midsouthwire.com","0","0"
"Gourmet Foods Intl Inc","6153312866","3652 Trousdale Dr","Nashville","32400000","Michael Nguyen","Owner","Mal","64362","G","Gourmet Foods Intl Inc","michael@gourmetinternational.com","3652 Trousdale Dr","Nashville","TN","37204","6153313178","6153312866","209903","Food Products & Manufacturers","NULL","0","0"
"American Accessories Inc","8655259100","301 E Church Ave","Knoxville","35000000","Eric Zeanah","Owner","Mal","65256","A","American Accessories Inc","mike.mulcahy@amerdental.com","301 E Church Ave","Knoxville","TN","37915","8655250889","8655259100","874213","Marketing Programs & Services","NULL","0","0"
"A & D Healthcare LLC","9015072561","5138 Old Summer Rd","Memphis","47840000","David Bowman","Owner","Mal","65286","A","A & D Healthcare LLC","dbowman@adhnet.com","5138 Old Summer Rd","Memphis","TN","38122","9017512299","9015072561","504704","Physicians & Surgeons Equip & Supls-Whol","NULL","0","0"
"Genesee A & B","6155470330","8111 Eastgate Blvd","Mt Juliet","25080000","Mark Evans","Manager","Mal","66607","G","Genesee A & B","Dan@go-polaris.com","8111 Eastgate Blvd","Mt Juliet","TN","37122","6155470445","6155470330","505123","Die Castings (Wholesale)","NULL","0","0"
"ABM Janitorial Svc","9013689800","4181 Senator St","Memphis","27000000","Matthew Sbravati","Manager","Mal","70427","A","ABM Janitorial Svc","margaret.gan-garrison@carrier.utc.com","4181 Senator St","Memphis","TN","38118","5123023988","9013689800","734902","Janitor Service","www.abm.com","0","0"
"American Technology & Research","4236385847","730 Old Wilson Hill Rd","Greeneville","29799000","Robert Link","President","Mal","74337","A","American Technology & Research","Robert@atrifiberglass.com","730 Old Wilson Hill Rd","Greeneville","TN","37745","4236386895","4236385847","329601","Fiber Glass Fabricators","NULL","0","0"
"Mc Pherson Oil Products","4232664181","3324 Alton Park Blvd","Chattanooga","48690000","Ray Ward","Owner","Mal","76338","M","Mc Pherson Oil Products","dbryan@mcphersonoil.com","3324 Alton Park Blvd","Chattanooga","TN","37410","4232675901","4232664181","517213","Oils-Industrial (Wholesale)","NULL","0","0"
"Brimhall Foods","9013779016","7490 Ae Beaty Dr","Memphis","43600000","Terry Brimhall","Owner","Mal","77913","B","Brimhall Foods","T.Brimhall@brimsnacks.com","7490 Ae Beaty Dr","Memphis","TN","38133","9013770476","9013779016","209698","Potato Chips Corn Chips/Snacks (Mfrs)","NULL","0","0"
"Baskin-Robbins","9017438331","2450 Scaper St","Memphis","37020000","John Klinke","Owner","Mal","78268","B","Baskin-Robbins","JK@baskinrobbins.com","2450 Scaper St","Memphis","TN","38114","9017438254","9017438331","202498","Ice Cream & Frozen Desserts (Mfrs)","NULL","0","0"
"Mephisto","6157715900","305 Seaboard Ln","Franklin","44352000","Louis Debrow","President","Mal","78721","M","Mephisto","Louis@mephisto.com","305 Seaboard Ln","Franklin","TN","37067","6157789890","6157715900","513902","Shoes-Wholesale","NULL","0","0"
"All Things Audio","6158514070","709 Rivergate Pkwy","Goodlettsville","32300000","Donnie Eatherly","President","Mal","79952","A","All Things Audio","Donnie@airaid.com","709 Rivergate Pkwy","Goodlettsville","TN","37072","6158514054","6158514070","573105","Stereophonic & High Fidelity Equip-Dlrs","NULL","0","0"
"Bessler Stairway Co","9013601900","3807 Lamar Ave","Memphis","33400000","Brad Hudspeth","President","Mal","80752","B","Bessler Stairway Co","bessler@bessler.com","3807 Lamar Ave","Memphis","TN","38118","9017951253","9013601900","353404","Stairs-Disappearing (Manufacturers)","www.bessler.com","0","0"
"Wire Bond","9017759444","2365 Harbor Ave","Memphis","28300000","Greg Burton","Manager","Mal","82161","W","Wire Bond","news@semiseek.com","2365 Harbor Ave","Memphis","TN","38113","9017759449","9017759444","344904","Concrete Reinforcements-Manufacturers","www.wirebond.net","0","0"
"Bush Brothers & Co","8655887685","1016 E Weisgarber Rd","Knoxville","42125000","Jim Ethier","CEO","Mal","83649","B","Bush Brothers & Co","letters@bushbros.com","1016 E Weisgarber Rd","Knoxville","TN","37909","8655887685","8655849429","203302","Canning (Manufacturers)","www.bushbeans.com","0","0"
"Channel 4 Mv-Television","6153534444","5700 Knob Rd","Nashville","42660000","Steve Ramsey","Manager","Mal","83901","W","WSMV (NBC-4)","rkalis@wsmv.com","5700 Knob Rd","Nashville","TN","37209","6153534444","6153532348","483301","Television Stations & Broadcasting Co","www.wsmv.com","0","0"
"Resource Labelgroup LLC","6156615900","147 Seaboard Ln","Franklin","25480000","Wayne Taber","President","Mal","84654","R","Resource Labelgroup LLC","twgoodwin@resourcelabel.com","147 Seaboard Ln","Franklin","TN","37067","9017950004","6156615900","267201","Labels-Paper (Manufacturers)","www.resourcelabel.com","0","0"
"Packaging Corp Of America","7314243530","112 Edwards Dr","Jackson","36768000","Woody Hart","President","Mal","85632","P","Packaging Corp Of America","woody.hart@packagingcorp.com","112 Edwards Dr","Jackson","TN","38301","7314275502","731-424-3530","2653","Corrugated and Solid Fiber Boxes","NULL","0","0"
"Mid-America Appliance Parts","9013321414","5065 American Way","Memphis","39860000","Jerry Brasher","Owner","Mal","98821","M","Mid-America Appliance Parts","Brasher@midamericaparts.com","5065 American Way","Memphis","TN","38115","9013986187","9013321414","506401","Appliances-Household-Major-Supls (Whol)","NULL","0","0"
"W R Grace & Co","4236983461","4000 N Hawthorne St","Chattanooga","49410000","Phil Ball","Plant Mgr","Mal","99376","W","W R Grace & Co","robyn.blankenship@grace.com","4000 N Hawthorne St","Chattanooga","TN","37406","4236242291","4236983461","289905","Chemicals-Manufacturers","www.graceraney.com","0","0"
"Parker-Hannifin Corp","4236398151","2745 Snapps Ferry Rd","Greeneville","40640000","William Power","Plant Mgr","Mal","100660","P","Parker-Hannifin Corp","copyrightagent@parker.com","2745 Snapps Ferry Rd","Greeneville","TN","37745","3159464638","4236398151","359401","Fluid Power Pumps & Motors (Mfrs)","www.parker.com","0","0"
"Chattanooga Group Inc","4238702281","4717 Adams Rd","Hixson","42000000","Paul Chapman","President","Mal","103165","C","Chattanooga Group Inc","paul.chapman@chattgroup.com","PO Box 489","Hixson","TN","37343","4238755497","4238702281","384206","Physical Therapy Equipment-Manufacturers","NULL","0","0"
"Laser Plus","6152545766","509 2nd Ave S","Nashville","26910000","Randy Brooks","Owner","Mal","103438","L","Laser Plus","rbrooks@brookstechman.com","509 2nd Ave S","Nashville","TN","37210","6152549830","6152545766","762936","Facsimile-Repairing","www.laserplusinc.com","0","0"
"J Dak","6153825651","6257 Highway 76 E","Springfield","47200000","Charlie Maynard","CEO","Mal","103492","J","J Dak","cmaynard@jdak.com","6257 Highway 76 E","Springfield","TN","37172","6153825652","6153825651","509905","Importers","NULL","0","0"
"Turner Holding","9012725200","2040 Madison Ave","Memphis","44200000","Jim Turner","CEO","Mal","105477","R","Retriever Graphics","steveturner@turnerdairy.com","215 S. Belvedere Blvd","MEMPHIS","TN","38104","9012725200","null","733610","Slides Computer Graphics Etc","turnerdairy.com","0","0"
"JAT Oil & Supply Inc","4236296611","600 W Main St","Chattanooga","25000000","Pat Conroy","Owner","Mal","107648","J","JAT Oil & Supply Inc","bworkman@jatoil.com","600 W Main St","Chattanooga","TN","37402","4236299459","4236296611","517206","Oils-Fuel (Wholesale)","www.jatoil.com","0","0"
"Southern Gage Co","9312894242","46 Industrial Park Rd","Erin","48960000","William Watts","President","Mal","107967","S","Southern Gage Co","william.watts@ness-gsg.com","46 Industrial Park Rd","Erin","TN","37061","9312894264","9312894242","508416","Gauges & Gages (Wholesale)","NULL","0","0"
"Mid-South Auto Auction","8655737163","7518 Chapman Hwy","Knoxville","48100000","Andy Massie","Owner","Mal","108665","M","Mid-South Auto Auction","A.M@rbmsa.com","7518 Chapman Hwy","Knoxville","TN","37920","8655737164","8655737163","501204","Automobile Auctions (Wholesale)","NULL","0","1"
"ADA Station Communication","9317075389","1079 Livingston Rd","Crossville","28350000","Jeff Becker","President","Mal","111781","A","ADA Station Communication","Jeff@adastation.com","1079 Livingston Rd","Crossville","TN","38555","9317078635","9317075389","162309","Fiber Optics","NULL","0","0"
"Twenty First Mortgage Corp","8655232120","620 Market St # 100","Knoxville","41262000","Tim Williams","President","Mal","113492","T","Twenty First Mortgage Corp","twilliams@21stmortgage.com","620 Market St # 100","Knoxville","TN","37902","NULL","8655232120","641111","Insurance-Automobile","NULL","0","0"
"Beacon Technologies","6153015020","911 Twin Elms Ct","Nashville","29716000","Joe Culver","President","Mal","113906","B","Beacon Technologies","CJoe@beacontec.com","911 Twin Elms Ct","Nashville","TN","37210","6153015023","6153015020","573113","Audio-Visual Equipment-Dealers","NULL","0","0"
"FM Enterprises","6153687646","8810 Horton Hwy","College Grove","25130000","Frank Miller","Owner","Mal","115970","F","FM Enterprises","FrankMiller@fme.com","8810 Horton Hwy","College Grove","TN","37046","6153682474","6153687646","519907","Fund Raising Merchandise (Wholesale)","NULL","0","0"
"USI","8655730122","2460 Stock Creek Rd","Knoxville","27240000","Travis Merry","President","Mal","116083","U","USI","Merry@usienergy.com","2460 Stock Creek Rd","Knoxville","TN","37920","8655731033","8655730122","308901","Mold Makers","NULL","0","0"
"Mid-America Marketing Inc","9017950045","5466 Old Us Highway 78","Memphis","30208000","Jim Busby","Owner","Mal","118429","M","Mid-America Marketing Inc","john@midamericamktg.com","5466 Old Us Highway 78","Memphis","TN","38118","9017950394","9017950045","509908","Manufacturers-Agents & Representatives","www.midamericamktg.com","0","0"
"Specialty Surgical Instrmnttn","6158839090","200 River Hills Dr","Nashville","41860000","Charles Mann","CEO","Mal","118700","S","Specialty Surgical Instrmnttn","Lou@ssilaserengineering.com","200 River Hills Dr","Nashville","TN","37210","6158839107","6158839090","504704","Physicians & Surgeons Equip & Supls-Whol","NULL","0","0"
"Isk Biocides","9013445353","416 E Brooks Rd","Memphis","34930000","Joe Ignatoski","Owner","Mal","118867","I","Isk Biocides","Joe@woodguard.com","416 E Brooks Rd","Memphis","TN","38109","9013445388","9013445353","249101","Lumber-Treating","NULL","0","0"
"Lifetouch National Schl Studio","4238923817","6104 Preservation Dr","Chattanooga","39550000","David Crum","Manager","Mal","119215","L","Lifetouch National Schl Studio","privacyoffice@lifetouch.com","6104 Preservation Dr","Chattanooga","TN","37416","7637979406","4238923817","722101","Photographers-Portrait","www.lifetouch.com","0","0"
"Computer Marketing Of America","6158474031","610 Bryan St","Old Hickory","43953000","Richard Geyer","President","Mal","120121","C","Computer Marketing Of America","Richard@cma-usa.com","610 Bryan St","Old Hickory","TN","37138","6158475739","6158474031","504507","Data Processing Equipment (Wholesale)","NULL","0","0"
"Southern Source Tool & Mfg","7313643070","456 Swanson Dr","Dresden","47200000","Rufus Mc Peak","President","Mal","120370","S","Southern Source Tool & Mfg","Rufus@servicesemcor.com","456 Swanson Dr","Dresden","TN","38225","7313645999","7313643070","509908","Manufacturers-Agents & Representatives","NULL","0","0"
"PASLODE Corp","9014763414","1211 Hope St","Covington","34840000","Roger Winchester","Plant Mgr","Mal","121427","P","PASLODE Corp","bcleach@neog.com","1211 Hope St","Covington","TN","38019","9014764947","9014763414","331598","Steel-Wiredrawing/Stl Nails/Spikes (Mfr)","www.paslode.com","0","0"
"Racetrac Petroleum Inc","9018734977","8454 Us Highway 51 N","Millington","31370000","Mohan Bhakta","Owner","Mal","122264","R","Racetrac Petroleum Inc","customerhotline@racetrac.com","8454 Us Highway 51 N","Millington","TN","38053","8504740660","9018734977","291105","Petroleum Products-Manufacturers","www.racetrac.com","0","0"
"Caboodles Cosmetics","9016846110","17 W Pontotoc Ave # 101","Memphis","41790000","Eddy Stonebrook","Owner","Mal","123119","C","Caboodles Cosmetics","EddyS@caboodlescosmetics.com","17 W Pontotoc Ave # 101","Memphis","TN","38103","9018425500","9016846110","512204","Cosmetics-Wholesale","NULL","0","0"
"MSA Inc","4237560334","410 Spring St","Chattanooga","28971000","Robert Morrison","Owner","Mal","125947","M","MSA Inc","gary.hoerr@msanet.com","PO Box 4119","Chattanooga","TN","37405","4237562603","4237560334","504403","Copying & Duplicating Machines & Supls","NULL","0","0"
"Lucite International","9013812304","7275 Goodlett Farms Pkwy","Cordova","25760000","Jeff Davis","President","Mal","126413","L","Lucite International","Davis@lucitecp.com","7275 Goodlett Farms Pkwy","Cordova","TN","38016","9013812357","9013812304","384104","Physicians & Surgeons Equip & Supls-Mfrs","NULL","0","0"
"Barnesandnoble.Com Inc","9015663000","6000 Freeport Ave","Memphis","47460000","Angel Carrion","Manager","Mal","126418","B","Barnesandnoble.Com Inc","billing_questions@book.com","6000 Freeport Ave","Memphis","TN","38141","4079775544","9015663000","731908","Distribution Services","www.barnesandnoble.com","0","0"
"Empact Medical Svc","9013791331","1672 N Shelby Oaks Dr","Memphis","25900000","Deborah Hailey","Manager","Fem","127477","E","Empact Medical Svc","acotter@empactmedical.com","1672 N Shelby Oaks Dr","Memphis","TN","38134","9013791331","9013791331","501202","Ambulances & Hearses (Wholesale)","www.empactmedical.com","0","0"
"Pemko Manufacturing Co","9013652160","5535 Distribution Dr","Memphis","29000000","Gary Gill","Plant Mgr","Mal","128153","P","Pemko Manufacturing Co","websales@pemko.com","5535 Distribution Dr","Memphis","TN","38141","9013651354","9013652160","344298","Metal Doors Sash Frames & Trim (Mfrs)","www.pemko.com","0","0"
"Appalachian Bible Distributors","4232829475","522 Princeton Rd","Johnson City","39280000","H Thomas Torbett","Owner","Mal","128318","A","Appalachian Bible Distributors","Torbett@1800buyappa.com","522 Princeton Rd","Johnson City","TN","37601","4232829110","4232829475","519202","Book Dealers-Wholesale","NULL","0","0"
"Remedpar","6158591303","101 Old Stone Bridge Rd","Goodlettsville","29900000","Edward A Sloan","President","Mal","128383","R","Remedpar","msuffridge@remedpar.com","101 Old Stone Bridge Rd","Goodlettsville","TN","37072","6158594165","6158591303","504712","Hospital Equipment & Supplies (Whol)","www.remedpar.com","0","0"
"Wallboard & Supply","6153207900","1619 Charlotte Ave","Nashville","32600000","G G Waggoner Jr","President","Mal","129504","W","Wallboard & Supply","comments@wallboardsupply.com","1619 Charlotte Ave","Nashville","TN","37203","6153294579","6153207900","508205","Dry Wall Contractors Equip/Supls (Whol)","www.wallboardsupply.com","0","0"
"TASCO-Total After Market Co","9013656451","85 Union Ave # 3","Memphis","32096000","Cal Wilkins","President","Mal","130621","T","TASCO-Total After Market Co","calwilkins@tascosalesreps.com","85 Union Ave # 3","Memphis","TN","38103","9013656910","9013656451","509908","Manufacturers-Agents & Representatives","www.tascosalesreps.com","0","0"
"Chattanooga Bakery Inc","4232673351","900 Manufacturers Rd","Chattanooga","25500000","Sam H Campbell Iv","President","Mal","130686","C","Chattanooga Bakery Inc","johnc@moonpie.com","900 Manufacturers Rd","Chattanooga","TN","37405","4232662169","4232673351","205198","Bread/Other Bakery Prod-Ex Cookies (Mfr)","www.moonpie.com","0","0"
"Baskin Auto Truck & Tractor","9014762626","1844 Highway 51 S","Covington","25000000","Donald Baskin Sr","Owner","Mal","130709","B","Baskin Auto Truck & Tractor","baskins@covingtones.com","1844 Highway 51 S","Covington","TN","38019","9014762658","9014762626","551105","Truck-Dealers","NULL","0","2"
"Metro Lift Propane","6156417222","4335 Hurricane Creek Blvd","Antioch","48690000","Jeff Harlan","Manager","Mal","134596","M","Metro Lift Propane","rickd@metrolift.com","4335 Hurricane Creek Blvd","Antioch","TN","37013","6304663650","6156417222","517208","Gas-Liquefied Petro-Bttld/Bulk (Whol)","www.metrolift.com","0","0"
"Advertising Checking Bureau","9013469941","1610 Century Center Pkwy # 104","Memphis","41800000","Mike Tumminello","Manager","Mal","134647","A","Advertising Checking Bureau","resume1@acbcoop.com","1610 Century Center Pkwy # 104","Memphis","TN","38134","2126843381","9013469941","731104","Advertising-Checking Service","www.acbcoop.com","0","0"
"Edison Automation","6152562522","1800 Elm Hill Pike","Nashville","41965000","Matthew Diehl","President","Mal","135353","E","Edison Automation","MatthewD@edisonautomation.com","1800 Elm Hill Pike","Nashville","TN","37210","6152561307","6152562522","506330","Electric Equipment & Supplies-Wholesale","NULL","0","0"
"Porcelain Industries Inc","6154467400","20 Sanker Rd","Dickson","38850000","Anthony Lee","President","Mal","136949","P","Porcelain Industries Inc","william.schilling@porcelainindustries.com","20 Sanker Rd","Dickson","TN","37055","6154465450","6154467400","347906","Enameling Japanning & Lacquering (Mfrs)","NULL","0","0"
"Norvell","6152551400","115 Edgewood St","Nashville","44950000","Rick Norvell","President","Mal","138100","N","Norvell","NR@norvellco.com","115 Edgewood St","Nashville","TN","37201","6155291251","6152551400","513705","Women's Apparel-Wholesale","NULL","0","0"
"Weather-Tamer Window Factory","8656880311","2025 Dutch Valley Dr","Knoxville","25800000","Ernest Miller","Owner","Mal","139492","W","Weather-Tamer Window Factory","Ernest.Miller@weathertamer.com","2025 Dutch Valley Dr","Knoxville","TN","37918","8656887051","8656880311","521107","Windows","NULL","0","0"
"Gallaher & Assoc Inc","8659702471","3351 Regal Dr","Alcoa","37387000","Roy Gallaher","Owner","Mal","140480","G","Gallaher & Assoc Inc","dianas@gallaher-assoc.com","3351 Regal Dr","Alcoa","TN","37701","8659707889","8659702471","506308","Fire Alarm Systems (Wholesale)","www.gallaher-assoc.com","0","0"
"Gold Bond Inc","4238425844","5485 Hixson Pike","Hixson","44000000","Donald W Godsey","CEO","Mal","143840","G","Gold Bond Inc","kathy@goldbond.com","5485 Hixson Pike","Hixson","TN","37343","4238427934","4238425844","354405","Molds (Manufacturers)","NULL","0","0"
"North Forty Truck Stop","7315845163","15060 Highway 641 S","Holladay","28304000","Doug Whitfield","Owner","Mal","144217","N","North Forty Truck Stop","Doug@north40.com","15060 Highway 641 S","Holladay","TN","38341","7315845164","7315845163","554103","Truck Stops & Plazas","NULL","0","0"
"Forklift Systems Inc","6152556321","884 Elm Hill Pike","Nashville","30464000","Charles Hardy","President","Mal","144561","F","Forklift Systems Inc","customers@forkliftsystems.com","884 Elm Hill Pike","Nashville","TN","37210","6152558242","6152556321","508426","Material Handling Equipment (Wholesale)","www.forkliftsystems.com","0","0"
"Philips Advance Transformer","9013630633","4550 S Mendenhall Rd","Memphis","27468000","Sherry Mc Murrian","Manager","Fem","144958","P","Philips Advance Transformer","susan.atc.bloom@philips.com","4550 S Mendenhall Rd","Memphis","TN","38141","8473905109","9013630633","506311","Transformers-Wholesale","www.advancetransformer.com","0","0"
"Memphis Shelby County Airport","9019228000","2491 Winchester Rd","Memphis","26462000","Larry D Cox","President","Mal","145584","M","Memphis Shelby County Airport","Cox@mscaa.com","2491 Winchester Rd","Memphis","TN","38116","9013442487","9019228000","458106","Airports","NULL","0","0"
"Crown Laboratories","4239264413","349 Lafe Cox Dr","Johnson City","27860000","Jeff Bedard","Owner","Mal","146896","C","Crown Laboratories","Jeff.Bedard@crownlaboratories.com","349 Lafe Cox Dr","Johnson City","TN","37604","4239260165","4239264413","512203","Pharmaceutical Products-Wholesale","NULL","0","0"
"Trammell Crow Co","9012487200","825 Crossover Ln # 200","Memphis","40066000","Edward Bolding","Manager","Mal","147045","T","Trammell Crow Co","solutionsdesk@trammellcrow.com","825 Crossover Ln # 200","Memphis","TN","38117","9494779417","9012487200","653135","Real Estate Support Services","www.trammellcrow.com","0","0"
"Frank A Conkling Co","9013858802","3740 Canada Rd","Lakeland","30000000","Frank A Conkling","Owner","Mal","147410","F","Frank A Conkling Co","inquiry1@conkling.com","3740 Canada Rd","Lakeland","TN","38002","9013815301","9013815300","503109","Lumber-Wholesale","www.conkling.com","0","0"
"C M Chain Div","7319685271","560 Rush St","Lexington","48110000","Earl Loeswick","Manager","Mal","147527","C","C M Chain Div","karen.howard@cmworks.com","560 Rush St","Lexington","TN","38351","2317333223","7319685271","874213","Marketing Programs & Services","www.cmworks.com","0","0"
"Shoffner Service Co Inc","8655216948","3600 Papermill Dr","Knoxville","36500000","Doug Shoffner","President","Mal","148622","S","Shoffner Service Co Inc","tmiller@shoffnermechanical.com","3600 Papermill Dr","Knoxville","TN","37909","8655237250","8655216948","171117","Air Conditioning Contractors & Systems","www.shoffnermechanical.com","0","0"
"Star Transportation Inc","6152564336","1116 Polk Ave","Nashville","35400000","Beth Franklin","Manager","Fem","148755","S","Star Transportation Inc","relmore@startransportation.com","1116 Polk Ave","Nashville","TN","37210","6152562330","6152564336","421309","Trucking-Motor Freight","www.startransportation.com","0","0"
"HMI Electric","9012602340","3980 Pilot Dr","Memphis","40439000","Phil Burton","Manager","Mal","148779","H","HMI Electric","general@heavymachinesinc.com","3980 Pilot Dr","Memphis","TN","38118","9012602351","9012602340","506333","Electric Motors-Dlrs/Repairing (Whol)","www.hmielectric.com","0","0"
"Nisus Corporation","8655776119","100 Nisus Dr","Rockford","36859000","Allan H Dietrich","Owner","Mal","149017","N","Nisus Corporation","tina@webdesignwithtlc.com","100 NISUS DRIVE","ROCKFORD","TN","37853","8657740402","null","734201","Pest Control","seviertitle.com","0","1"
"CPQ Professional Imaging","4234796186","550 Industrial Dr SW","Cleveland","26000000","Ron Coppinger","President","Mal","149848","C","CPQ PROFESSIONAL IMAGING","dengland@cpq.net","550 INDUSTRIAL DR SW","CLEVELAND","TN","37311","4234796186","4234792489","359915","Industrial Equipment & Supplies","CPQDIGITAL.COM;CPQDIGITAL.NET;CPQEVIEWS.COM","0","0"
"Office Furniture USA","4236240015","1548 Riverside Dr","Chattanooga","28550000","Henry Ireland","President","Mal","150237","O","Office Furniture USA","IrelandH@ofusa.com","PO Box 5188","Chattanooga","TN","37406","4236299971","4236240015","502112","Office Furniture & Equip-Dealers (Whol)","NULL","0","0"
"Cardinal Health","8656924500","2512 Westcott Blvd","Knoxville","36600000","Michael Proule","CEO","Mal","150940","C","Cardinal Health","P.Michael@cardinal.net","2512 Westcott Blvd","Knoxville","TN","37931","8656924600","8656924500","512203","Pharmaceutical Products-Wholesale","NULL","0","0"
"Kimbro Oil Co","6153207484","2200 Clifton Ave","Nashville","49600000","Bill Kimbro","President","Mal","151055","K","Kimbro Oil Co","spannp@kimbrooil.com","2200 Clifton Ave","Nashville","TN","37203","6153205916","6153207484","517211","Lubricants (Wholesale)","www.kimbrooil.com","0","0"
"Erachem Comilog","9315352151","795 Foote Ln","New Johnsonville","43920000","Matt Kosmider","VP","Mal","151324","E","Erachem Comilog","cs@erachem-comilog.com","795 Foote Ln","New Johnsonville","TN","37134","4106367654","9315352151","281998","Industrial Inorganic Chmcls Nec (Mfrs)","www.erachem-comilog.com","0","0"
"Sopakco Distribution","4236391163","102 Coile St","Greeneville","32000000","Wesley Keller","Manager","Mal","152281","S","Sopakco Distribution","ddubose@sopakco.com","102 Coile St","Greeneville","TN","37745","4236397270","4236391163","422505","Warehouses-Merchandise & Self Storage","www.sopakco.com","0","0"
"WVLT","8654508888","6516 Papermill Dr","Knoxville","28756000","Chris Baker","Manager","Mal","152618","W","WVLT","lisa.bishop@gray.tv","6516 Papermill Dr","Knoxville","TN","37919","8592992494","8654508888","483301","Television Stations & Broadcasting CO","www.wkyt.com","0","0"
"Champion Homes Of Tennessee","7312432041","PO Box 100","Henry","46920000","Charlie Lohin","Plant Mgr","Mal","154273","C","Champion Homes of Tennessee","bob.kipp@mobilehome.net","560 Atlantic Avenue PO Box 100","HENRY","TN","38231","8005310043","5626344058","738999","Business Services Nec","CHAMPIONHOMESOFTENNESSEE.COM","0","0"
"Braid Electric Co","6152426511","299 Cowan St","Nashville","40000000","Ben S Gambill Jr","President","Mal","155853","B","Braid Electric Co","toadsack@arkansas.net","299 Cowan St","Nashville","TN","37213","6152429684","6152426511","506330","Electric Equipment & Supplies-Wholesale","www.braidelectric.com","0","0"
"T J Snow Co","4238946234","6207 Jim Snow Way","Chattanooga","35360000","David Hetzler","President","Mal","156118","T","T J Snow Co","chriscollis@tjsnow.com","6207 Jim Snow Way","Chattanooga","TN","37421","4238923889","4238946234","508435","Welding Equipment & Supplies (Wholesale)","www.tjsnow.com","0","0"
"Ideal Chemical & Supply Co","9013637720","4025 Air Park St","Memphis","35000000","Sam Block Jr","President","Mal","156326","I","Ideal Chemical & Supply Co","ideal@idealchemical.com","4025 Air Park St","Memphis","TN","38118","6019393874","9013637720","289905","Chemicals-Manufacturers","www.idealchemical.com","0","0"
"Tuftco Corp","4236988601","2318 S Holtzclaw Ave","Chattanooga","28200000","Steve Frost","President","Mal","156906","T","Tuftco Corp","mminter@tuftco.com","2318 S Holtzclaw Ave","Chattanooga","TN","37408","4236980842","4236988601","355202","Textile Machinery & Parts-Manufacturers","www.tuftco.com","0","0"
"Strongwell","8659865533","2911 Industrial Park Dr","Lenoir City","25375000","Dick Hammat","Plant Mgr","Mal","157362","S","Strongwell","fmschweinberg@strongwell.com","3621 Industrial Park Dr","Lenoir City","TN","37771","8659860585","865-986-9726","2821","Plastics Materials","Synthetic and Resins","0","0"
"Cummins Mid-South Inc","9013456185","670 Riverside Dr","Memphis","32640000","Ben Strafuff","President","Mal","157732","C","Cummins Mid-South Inc","ben@cummins.com","670 Riverside Dr","Memphis","TN","38103","9015228758","9015770600","508427","Machinery-New (Wholesale)","NULL","0","0"
"Tennessee Rv","8659337213","195 Foretravel Dr","Kodak","28160000","Roger Sellers","Manager","Mal","158011","T","Tennessee Rv","motorcadeclub@foretravel.com","195 Foretravel Dr","Kodak","TN","37764","8659330091","8659337213","556108","Motor Homes-Retail","www.foretravel.com","0","0"
"EMBRAER Aircraft Maintenance","6153672100","10 Airways Blvd","Nashville","35600000","Bob Davis","President","Mal","158335","E","EMBRAER Aircraft Maintenance","D-Bob@embraer.com","10 Airways Blvd","Nashville","TN","37217","6153674327","6153672100","458104","Aircraft Servicing & Maintenance","NULL","0","0"
"Ober Gatlinburg","8654365423","1001 Parkway","Gatlinburg","25200000","Cy Anders","Owner","Mal","158413","O","Ober Gatlinburg","jhuskey@obergatlinburg.com","1001 Parkway","Gatlinburg","TN","37738","8654303920","8654365423","701110","Skiing Centers & Resorts","www.obergatlinburg.com","0","1"
"Nashville Tractor & Equip","6158657800","3570 Dickerson Pike","Nashville","33040000","Steve Denny","Owner","Mal","158883","N","Nashville Tractor & Equip","Denny@nashvilletractor.com","3570 Dickerson Pike","Nashville","TN","37207","6158657912","6158657800","508206","Contractors-Equip/Supls-Dlrs/Svc (Whol)","NULL","0","0"
"O'Neil Color & Compounding","4239429195","193 Commerce Pl","Jasper","39200000","Bob Anthony","Plant Mgr","Mal","159044","O","O'Neil Color & Compounding","ttalbott@oneilcolor.com","193 Commerce Pl","Jasper","TN","37347","4239429195","4239429195","286598","Cyclic Organic Crudes/Dyes/Pgmnts (Mfrs)","www.oneilcolor.com","0","0"
"JOHN Bouchard & Sons","6152560112","1024 Harrison St","Nashville","26240000","John Bouchard III","Owner","Mal","159374","J","JOHN Bouchard & Sons","compressors@jbouchard.com","1024 Harrison St","Nashville","TN","37203","6152562427","6152560112","173101","Electric Contractors","www.jbouchard.com","0","2"
"Tamko Roofing Products Inc","8656370145","2506 Johnston St","Knoxville","34911000","Scott Newby","Plant Mgr","Mal","159603","T","Tamko Roofing Products Inc","techservices@tamko.com","2506 Johnston St","Knoxville","TN","37921","4176248935","8656370145","262101","Paper-Manufacturers","www.tamko.com","0","0"
"Bechtel National Inc","8652202000","100 Union Valley Rd","Oak Ridge","31600000","Chris Baker","Manager","Mal","159915","B","Bechtel National Inc","bgpohan@bechtel.com","100 Union Valley Rd","Oak Ridge","TN","37830","5022442211","8652202000","871120","Engineers-Environmental","www.bechtel.com","0","0"
"Excel Polymers","4237532196","260 Old State Route 34","Jonesborough","38232000","Larry Lowe","Plant Mgr","Mal","160490","E","Excel Polymers","suresh@excelpolymers.com","260 Old State Route 34","Jonesborough","TN","37659","4237533379","4237532196","305201","Rubber Products-Manufacturers","www.excelpolymers.com","0","0"
"Blossman Gas Inc","4235423511","1121 Highway 19 E","Elizabethton","33540000","Rodney Markham","Manager","Mal","160532","B","Blossman Gas Inc","president@blossmangas.com","1121 Highway 19 E","Elizabethton","TN","37643","8642954610","4235423511","517208","Gas-Liquefied Petro-Bttld/Bulk (Whol)","www.blossmangas.com","0","0"
"Johnson Diversey Inc","9015230136","746 Poplar Ave","Memphis","30030000","David Ford","President","Mal","160669","J","Johnson Diversey Inc","greg.bell@johnsondiversey.com","746 Poplar Ave","Memphis","TN","38105","8136646960","9015230136","516925","Cleaning Compounds (Wholesale)","www.johnsondiversey.com","0","0"
"Camel Custom Canvas Shop","8655732804","8910 Valgro Rd","Knoxville","25000000","Christian Cain","President","Mal","160826","C","Camel Custom Canvas Shop","Cain@camelcanvas.com","8910 Valgro Rd","Knoxville","TN","37920","8655739677","8655732804","239402","Awnings & Canopies-Manufacturers","NULL","0","0"
"Vesuvius USA","4239289209","101 Jonesborough Rd","Erwin","31347000","Tom Walters","Plant Mgr","Mal","161982","V","Vesuvius USA","steve.hunt@cooksongroup.com","NULL","Erwin","TN","37650","4237435511","423-743-4125","3679","Electronic Components","NEC (antennas)","0","0"
"Behlen Manufacturing Co","7319865039","100 Rosser Circle Rd","Huntingdon","29100000","Stuart Daffron","Plant Mgr","Mal","162500","B","Behlen Manufacturing Co","kent@behlen.com","100 Rosser Circle Rd","Huntingdon","TN","38344","7319867601","7319865039","399903","Manufacturers","www.behlen.com","0","0"
"Morristown Drivers Svc Inc","4235816048","5520 Jeffrey Ln","Morristown","37750000","Terry K Wolfe","President","Mal","162856","M","Morristown Drivers Svc Inc","dtrent@mdstrucking.com","5520 Jeffrey Ln","Morristown","TN","37813","4235819696","4235816048","421309","Trucking-Motor Freight","www.mdstrucking.com","0","0"
"Bolivar Electric Co","7316585257","815 Tennessee St","Bolivar","30800000","John Fortune","Manager","Mal","162871","B","Bolivar Electric Co","tking@bolivarelectric.com","815 Tennessee St","Bolivar","TN","38008","7316587703","7316585257","491101","Electric Companies","www.bolivarelectric.com","0","0"
"Advent Electric","8655880631","5901 Walden Dr","Knoxville","41000000","Bobby Stanley","CEO","Mal","163002","A","Advent Electric","BobbyS@advent-elect.com","5901 Walden Dr","Knoxville","TN","37919","8655880851","8655880631","173101","Electric Contractors","NULL","0","2"
"Spectrum Sound Inc","6153913700","1040 Acorn Dr # C","Nashville","25250000","Ken Porter","President","Mal","163483","S","Spectrum Sound Inc","dave@spectrumsound.net","1040 Acorn Dr # C","Nashville","TN","37210","6153910822","6153913700","506507","Sound Systems & Equipment (Wholesale)","www.spectrumsound.net","0","0"
"Roberts Chevrolet Buick Pntc","9313592564","861 N Ellington Pkwy","Lewisburg","32350000","Eddie Roberts","Owner","Mal","163800","R","Roberts Chevrolet Buick Pntc","Eddie-Roberts@robertschevy-olds.com","PO Box 2007","Lewisburg","TN","37091","9313595633","9313592564","551105","Truck-Dealers","NULL","0","2"
"Floats & Fuel Cells","9017948431","4010 Pilot Dr # 103","Memphis","36259000","George Murphree","President","Mal","164030","F","Floats & Fuel Cells","george.murphree@ffcfuelcells.com","4010 Pilot Dr # 103","Memphis","TN","38118","9017947845","9017948431","559908","Aircraft Equipment Parts & Supplies","NULL","0","0"
"Lodge Manufacturing Co","4238377181","204 E 5th St","South Pittsburg","31000000","Robert F Kellermann","CEO","Mal","164106","L","Lodge Manufacturing Co","dmason@lodgemfg.com","204 E 5th St","South Pittsburg","TN","37380","4238378279","4238377181","336401","Nonferrous Die Castings-Ex Alum (Mfrs)","www.lodgemfg.com","0","0"
"Webster Safe & Lock Co","9013322911","3020 Millbranch Rd","Memphis","25641000","Odie L Knight Iii","President","Mal","164331","W","Webster Safe & Lock Co","odie.knight@redhawkindustries.com","3020 Millbranch Rd","Memphis","TN","38116","9013322878","9013322911","504411","Bank Equipment & Supplies (Wholesale)","NULL","0","0"
"Lithographics Sld Inc","6158891200","1835 Air Lane Dr","Nashville","25740000","David Bailey Jr","President","Mal","164636","L","Lithographics Sld Inc","ctanley@lithographicsinc.com","1835 Air Lane Dr","Nashville","TN","37210","6158831483","6158891200","275998","Commercial Printing Nec","www.lithographicsinc.com","0","0"
"Fibermesh Co","4238990444","4019 Industry Dr","Chattanooga","34580000","Hugh Mc Lain","Plant Mgr","Mal","164920","F","Fibermesh Co","orderexpress@sind.com","4019 Industry Dr","Chattanooga","TN","37416","4234990753","4238990444","228102","Yarn-Spinning Mills","www.fibermesh.com","0","0"
"Peterbilt","9013324000","1761 E Brooks Rd","Memphis","30600000","D Gallaher","Owner","Mal","164992","P","Peterbilt","bnevill@peterbiltofmemphis.com","1761 E Brooks Rd","Memphis","TN","38116","9013322436","9013324000","551105","Truck-Dealers","www.peterbiltofmemphis.com","0","2"
"Nashville Sash & Door Co","6152541371","3040 Sidco Dr","Nashville","34200000","Hill Mc Alister","President","Mal","165622","N","Nashville Sash & Door Co","bobbyf@nashvillesash.com","3040 Sidco Dr","Nashville","TN","37204","6157262704","6152541371","503999","Construction Materials Nec (Wholesale)","www.nashvillesash.com","0","0"
"News Channel 9","4237565500","4279 Benton Dr","Chattanooga","41080000","Dennis Brown","Plant Mgr","Mal","165837","N","News Channel 9","jmorris@newschannel9.com","4279 Benton Dr","Chattanooga","TN","37406","4237577400","4237565500","483301","Television Stations & Broadcasting CO","www.newschannel9.com","0","0"
"MTA Distributors","6152998777","555 Hickory Hills Blvd","Whites Creek","32600000","David Harrington","Owner","Mal","166223","M","MTA Distributors","pscheller@mtadistributors.com","555 Hickory Hills Blvd","Whites Creek","TN","37189","6152990464","6152998777","508206","Contractors-Equip/Supls-Dlrs/Svc (Whol)","www.mtadistributors.com","0","0"
"Steward Inc","4238674100","1200 E 36th St","Chattanooga","30000000","Keith Eisheid","President","Mal","166410","S","Steward Inc","smcelroy@steward.com","1200 E 36th St","Chattanooga","TN","37407","4238674102","4238674100","367901","Electronic Equipment & Supplies-Mfrs","www.steward.com","0","0"
"Star Manufacturing Co","6155971561","265 Hobson St","Smithville","30400000","Rick Hargis","Plant Mgr","Mal","166466","S","Star Manufacturing Co","tperry@permul.com","265 Hobson St","Smithville","TN","37166","6155976587","6155971561","259903","Restaurant Equipment & Supplies-Mfrs","www.star-mfg.com","0","0"
"United Knitting Inc","4234769163","310 Industrial Dr SW","Cleveland","34050000","Jerry Miller","President","Mal","166912","U","United Knitting Inc","bill.epton@dyersburg.com","310 Industrial Dr SW","Cleveland","TN","37311","4234729889","4234769163","225898","Lace & Warp Knit Fabric Mills","NULL","0","0"
"TMG Airepairs","9017949898","3914 Willow Lake Blvd","Memphis","32116000","John Williams","President","Mal","166962","T","TMG Airepairs","ceast@memphisgrp.com","3914 Willow Lake Blvd","Memphis","TN","38118","9013750877","9017949898","559908","Aircraft Equipment Parts & Supplies","www.airepairs.com","0","0"
"Mid-South Fair Inc","9012748800","940 Early Maxwell Blvd","Memphis","42000000","Ron Hardin","Manager","Mal","167006","M","Mid-South Fair Inc","jbullock@midsouthfair.com","940 Early Maxwell Blvd","Memphis","TN","38104","9012748804","9012748800","799601","Amusement Places","www.midsouthfair.org","0","1"
"Coastal Lumber Co","9313636556","115 Maxwell Hill Rd","Pulaski","42360000","David Black","Plant Mgr","Mal","167200","C","Coastal Lumber Co","hwdsales@coastallumber.com","115 Maxwell Hill Rd","Pulaski","TN","38478","2525363102","9313636556","503108","Timber & Timberland Companies (Whol)","www.coastallumber.com","0","0"
"Tennessee Steel Haulers","6152712400","2607 Brick Church Pike","Nashville","26200000","Sid Stanley","Owner","Mal","168253","T","Tennessee Steel Haulers","sam.williams@tenh.com","2607 Brick Church Pike","Nashville","TN","37207","6152712479","6152712400","421307","Trucking-Heavy Hauling","www.tenh.com","0","0"
"APAC Tennessee Inc","8656371770","1301 Spring Hill Rd","Knoxville","30100000","Harry Mosley","Manager","Mal","168547","A","APAC Tennessee Inc","apac@ashland.com","1301 Spring Hill Rd","Knoxville","TN","37914","8656378089","8656371770","161101","Paving Contractors","www.apac.com","0","1"
"WTVF","6152445000","474 James Robertson Pkwy","Nashville","26080000","Debbie Turner","President","Fem","170118","W","WTVF","news@newschannel5.com","474 James Robertson Pkwy","Nashville","TN","37219","6152485353","6152445000","731305","Advertising-Television","www.newschannel5.com","0","0"
"Quality Industries Inc","6157933000","130 Jones Blvd","La Vergne","30500000","Fred Appel","CEO","Mal","170458","Q","Quality Industries Inc","customerserv@qualityind.com","130 Jones Blvd","La Vergne","TN","37086","6157932347","6157933000","344403","Sheet Metal Fabricators","www.qualityind.com","0","0"
"Flexible Whips-Tennessee","6157468105","6341 Highway 41a","Pleasant View","26880000","Joyce Meadows","Owner","Fem","170940","F","Flexible Whips-Tennessee","MJ@flexiblewhips.com","PO Box 228","Pleasant View","TN","37146","6157463536","6157468105","367901","Electronic Equipment & Supplies-Mfrs","NULL","0","0"
"Friend Tire Svc Inc","9013232241","1379 Farmville Rd","Memphis","35763000","","","","171543","F","Friend Tire Svc Inc","donisbell@friendtire.com","1379 Farmville Rd","Memphis","TN","38122","6367246004","9013232241","501401","Tire-Distributors","www.friendtire.com","0","0"
"Victor L Robilio Co","9013620933","3680 Air Park St","Memphis","37136000","Victor L Robilio","Owner","Mal","171553","V","Victor L Robilio Co","jmalone@robilio.com","3680 Air Park St","Memphis","TN","38118","9013671483","9013620933","514937","Beverages (Wholesale)","www.robilio.com","0","0"
"WKRN","6152487200","441 Murfreesboro Rd","Nashville","47400000","Mike Sechrist","Manager","Mal","172333","W","WKRN","cbundgaard@wkrn.com","441 Murfreesboro Rd","Nashville","TN","37210","6152487329","6152487200","483301","Television Stations & Broadcasting CO","www.wkrn.com","0","0"
"Perma-Pipe Inc","6154444910","1310 Quarles Dr","Lebanon","45000000","Bill Ervin","Plant Mgr","Mal","172405","P","Perma-Pipe Inc","ervinb@permapipe.com","1310 Quarles Dr","Lebanon","TN","37087","6154493445","6154444910","349898","Fabricated Pipe & Pipe Fittings (Mfrs)","www.permapipe.com","0","0"
"Magnetic Ideas","8659085552","1130 Wagner Dr","Sevierville","33040000","","","","173022","M","Magnetic Ideas","geo@magneticideas.com","125 Industrial Park Drive","SEVIERVILLE","TN","37862","null","null","809907","Health Services","ALTERNATIVE-MAGNETIC-THERAPY.COM^^HEALTHYSERENITY.COM^^HORIZONSFORHEALTH.COM^^HORIZONSTOHEALTH.COM^^","0","2"
"Faultless Caster","6153256706","109 Kirby Dr","Portland","30821000","Don Laux","President","Mal","173444","F","Faultless Caster","dan.schmitt@hickoryhardware.com","109 Kirby Dr","Portland","TN","37148","2708866539","6153256706","342902","Hardware-Manufacturers","www.faultlesscaster.com","0","0"
"Plumley Co/Mc Kenzie Molded","7313527941","483 Airport Ln","Mc Kenzie","30240000","","","","173512","P","Plumley Co/Mc Kenzie Molded","chuck.hartlage@dana.com","483 Airport Ln","Mc Kenzie","TN","38201","2607863443","7313527941","305201","Rubber Products-Manufacturers","www.dana.com","0","0"
"Gardner Denver Master Distr","9015426100","5585 E Shelby Dr","Memphis","37760000","Dave Wadsworth","Manager","Mal","173688","G","Gardner Denver Master Distr","michael.oconnor@gardnerdenver.com","5585 E Shelby Dr","Memphis","TN","38141","7704865655","9015426100","509901","Exporters","www.gardnerdenver.com","0","0"
