"Tri-Med Svc","6158269393","260 W Main St # 217","Hendersonville","83580000","Wayne Smith","Owner","Mal","6507","T","Tri-Med Svc","SmithWayne@tri-medservices.com","260 W Main St # 217","Hendersonville","TN","37075","6158269298","6158269393","512203","Pharmaceutical Products-Wholesale","NULL","0","0"
"Interpon Powder Coatings","6152592430","20 Culvert St","Nashville","74772000","Mike Braun","Plant Mgr","Mal","10556","I","Interpon Powder Coatings","wwpg.marketingservices@interpon.com","20 Culvert St","Nashville","TN","37210","6152557903","6152592430","339903","Powder Metal Parts-Industrial (Mfrs)","www.interpon.com","0","0"
"Hail & Cotton","6153849576","2500 S Main St","Springfield","86175000","Daryl W Smith","CEO","Mal","10891","H","Hail & Cotton","SmithD@hailcotton.com","2500 S Main St","Springfield","TN","37172","6153846461","6153849576","519401","Tobacco Buyers","NULL","0","0"
"Anderson-Tully Lumber Co","9015761400","1242 N 2nd St","Memphis","78000000","Chip Dickinson","President","Mal","16899","A","ANDERSON TULLY MSLLC","mike@andersontully.com","1380 N Willett  Memphis","MEMPHIS","TN","38107","9015761400","null","175299","Floor Laying Contractor","ABOUTCAPELLAFLOORING.COM;ABOUTTULLYFLOORING.COM;ANDERSONTULLYFLOORING.COM;TULLYCERTIFIED.COM;TULLYFL","0","0"
"Edwards Oil Co","9317625531","105 Helton Dr","Lawrenceburg","50700000","Jonathan Edwards","CEO","Mal","19063","E","Edwards Oil Co","oneal@edwardsoilco.com","105 Helton Dr","Lawrenceburg","TN","38464","9317623453","9317625531","598301","Fuel-Retail","www.edwardsoilco.com","0","0"
"Walker Die Casting Inc","9313591127","1125 Higgs Rd","Lewisburg","55000000","John Walker","President","Mal","22397","W","Walker Die Casting Inc","r.walker@metalworld.com","PO Box 1189","Lewisburg","TN","37091","9313599703","9313591127","336398","Aluminum Die Castings (Manufacturers)","NULL","0","0"
"Franklin Industries Inc","6152594222","612 10th Ave N","Nashville","75000000","Rodes Hart","President","Mal","31230","F","Franklin Industries Inc","tom@franklinind.com","612 10th Ave North","NASHVILLE","TN","37203","6152594222","6157262693","359915","Industrial Equipment & Supplies","FRANKLININDUSTRIALMINERAL.COM;FRANKLININDUSTRIALMINERALS.COM;FRANKLINMINERALS.COM;FRANKMIN.COM","0","0"
"Ken-Koat Group","9313591616","801 Garrett Pkwy","Lewisburg","56760000","Ken Robertson","CEO","Mal","32709","K","Ken-Koat Group","Ken_Robertson@ken-koat.com","PO Box 2668","Lewisburg","TN","37091","9313591668","9313591616","285103","Paint-Manufacturers","NULL","0","0"
"Fuji Hunt Specialty Products","4237752281","411 Manufacturers Rd","Dayton","95300000","Mike Murray","Plant Mgr","Mal","54949","F","Fuji Hunt Specialty Products","mike.murray@fujihuntsp.com","411 Manufacturers Rd","Dayton","TN","37321","4237757076","423-775-2281","2899","Chemicals and Chemical Preparations","NEC (table salt)","0","0"
"Merastar","4232967700","5600 Brainerd Rd # 1a","Chattanooga","99040000","Tim Brunn","CEO","Mal","59063","M","Merastar","Tim@merastarins.com","5600 Brainerd Rd # 1a","Chattanooga","TN","37411","4232967500","4232967700","633101","Insurance-Property & Casualty","NULL","0","0"
"Ingersoll-Rand Co","6156720321","510 Hester Dr","White House","91800000","Larry Price","Executive Director","Mal","59728","I","Ingersoll-Rand Co","shop_ir@irco.com","510 Hester Dr","White House","TN","37188","6156720601","6156720321","354698","Power-Driven Hand Tools (Manufacturers)","www.shopir.com","0","0"
"First Data Corp","9013718000","2525 Horizon Lake Dr # 120","Memphis","83600000","Bond R Isaacson","CEO","Mal","63679","F","First Data Corp","trish.winchell@firstdatacorp.com","2525 Horizon Lake Dr # 120","Memphis","TN","38133","9013718164","9013718000","609915","Banking Systems & Service-Electronic","NULL","0","0"
"Ebbtide Inc","6157973193","2545 Jones Creek Rd","White Bluff","51858000","Thomas M Trabue Jr","President","Mal","65195","E","Ebbtide Inc","terri.mcanally@gdxinc.com","2545 Jones Creek Rd","White Bluff","TN","37187","6157974889","6157973193","373201","Boats-Manufacturers","www.ebbtideboats.com","0","0"
"Horizon Medical Ctr","6154412332","111 Highway 70 E","Dickson","53742000","John Marshall","CEO","Mal","67750","H","Horizon Medical Ctr","John@horizonmedicalcenter.com","111 Highway 70 E","Dickson","TN","37055","6154412514","6154460446","806201","Medical Centers","NULL","0","0"
"Memphis Area Transit Authority","9017227100","1370 Levee Rd","Memphis","73932000","William Hudson","CEO","Mal","77037","M","Memphis Area Transit Authority","whudson@matatransit.com","1370 Levee Rd","Memphis","TN","38108","9017227142","9017227100","413101","Bus Lines","NULL","0","0"
"Mastercraft Boat Co","4238842221","100 Cherokee Cove Dr","Vonore","76050000","John Dorton","CEO","Mal","78702","M","Mastercraft Boat Co","john.dorton@mastercraft.com","100 Cherokee Cove Dr","Vonore","TN","37885","4238842295","4238842222","509905","Importers","NULL","0","0"
"Enterprise Oil","8655580533","5201 N Middlebrook Pike","Knoxville","87836000","Wayman Pritchard","Owner","Mal","79326","E","Enterprise Oil","website@enteroil.com","5201 N Middlebrook Pike","Knoxville","TN","37921","8655881544","8655580533","291111","Oil Recovery-Enhanced","www.enteroil.com","0","0"
"Smith & Woods Food Ctr","8659702050","554 National Dr","Maryville","99100000","Jim Woods","President","Mal","81562","S","Smith & Woods Food Ctr","Woods@smithandwoods.com","554 National Dr","Maryville","TN","37804","8659702060","8659702050","541105","Grocers-Retail","NULL","0","0"
"Peddinghaus Modern Technology","4233454500","2105 Schmiede Rd","Surgoinsville","61950000","Tony Bishop","President","Mal","87667","P","Peddinghaus Modern Technology","BishopT@rowecord.com","2105 Schmiede Rd","Surgoinsville","TN","37873","4233454507","4233454500","346201","Forgings (Manufacturers)","NULL","0","0"
"Aquarius Bathware","7319257656","435 Industrial Rd","Savannah","80500000","Rick Stonecipher","President","Mal","93001","A","Aquarius Bathware","StonecipherR@aquariusproducts.com","435 Industrial Rd","Savannah","TN","38372","7319254290","7319257656","384104","Physicians & Surgeons Equip & Supls-Mfrs","NULL","0","0"
"Hunter Fan Co","9017431360","2500 Frisco Ave","Memphis","89355000","Robert Beasley","CEO","Mal","100413","H","Hunter Fan Co","ray.curry@hunterfanhq.com","PO Box 14775","Memphis","TN","38114","9012482265","9017431360","363405","Fans-Household-Manufacturers","NULL","0","0"
"Earthgrains","8655797200","2110 Chapman Hwy","Knoxville","70896000","George Curtis","CEO","Mal","108331","E","Earthgrains","gene.haun@saralee.net","2110 Chapman Hwy","Knoxville","TN","37920","8655771592","8655797200","514902","Bakers-Wholesale","NULL","0","0"
"Industrial Maintenance & Elec","6156419474","1531 J P Hennessy Dr","La Vergne","57225000","Chris Robinson","President","Mal","108932","I","Industrial Maintenance & Elec","CRobinson@ime.com","1531 J P Hennessy Dr","La Vergne","TN","37086","6156419480","6156419474","506333","Electric Motors-Dlrs/Repairing (Whol)","NULL","0","0"
"Memphis Business Interiors","9013608899","4539 Distriplex Dr W","Memphis","65382000","Scott Messmore","President","Mal","108946","M","Memphis Business Interiors","Scott@gombi.com","4539 Distriplex Dr W","Memphis","TN","38118","9013608370","9013608899","502112","Office Furniture & Equip-Dealers (Whol)","NULL","0","0"
"Emerson Process Management","8656752110","835 Innovation Dr","Knoxville","63200000","David Dunbar","CEO","Mal","114918","E","Emerson Process Management","David@rosemount.com","835 Innovation Dr","Knoxville","TN","37932","8652181401","8656752110","871142","Vibration Measurement Service","NULL","0","0"
"Pro Cut Inc","6155010602","6030 Dana Way","Antioch","66600000","Stuart Murray","President","Mal","116942","P","Pro Cut Inc","stuart@wirtgenamerica.com","6030 Dana Way","Antioch","TN","37013","6155010691","6155010602","508206","Contractors-Equip/Supls-Dlrs/Svc (Whol)","NULL","0","0"
"PFG Customized Distribution","6154442995","245 Castle Heights Ave N","Lebanon","85275000","Pat Agee","President","Mal","117184","P","PFG Customized Distribution","PatAgee@pfgcdc.com","245 Castle Heights Ave N","Lebanon","TN","37087","6154442276","6154442995","514101","Food Products (Wholesale)","NULL","0","0"
"Seconds In Building Material","4238998203","6052 Lee Hwy","Chattanooga","56640000","Dan Morgan","President","Mal","121570","S","Seconds In Building Material","star@2nds.biz","6052 Lee Hwy","Chattanooga","TN","37421","4238994429","4238998203","509905","Importers","www.southeasternsalvage.com","0","0"
"Wyatt-Johnson Buick Pontiac","9316475651","2600 Wilma Rudolph Blvd","Clarksville","80875000","Sid Johnson","Owner","Mal","123397","W","Wyatt-Johnson Buick Pontiac","katherine@wyattjohnson.com","2600 Wilma Rudolph Blvd","Clarksville","TN","37040","9315520831","9316475651","551103","Automobile Dealers-Used Cars","www.wyattjohnson.com","0","1"
"Kingston","6155974096","625 Miller Rd","Smithville","56160000","Kevin Mumpower","Plant Mgr","Mal","123984","K","Kingston","msullivan@kingstontimer.com","PO Box 170 - Miller Road","SMITHVILLE","TN","37166","6155973502","6155977863","873110","Technology Assistance Programs","KINGSTONCONTROLS.COM^^KINGSTONPRODUCTS.COM^^KINGSTONTECHNOLOGIES.COM","0","0"
"Regal Corp Executive Office","8655231944","507 S Gay St # 800","Knoxville","50400000","Mike Conley","CEO","Mal","124005","R","Regal Corp Executive Office","mconley@regalcorp.com","507 S Gay St # 800","Knoxville","TN","37902","8655468754","8655251404","353105","Contractors-Equipment-Manufacturers","NULL","0","0"
"Tennessee Enterprises Inc","4238992767","2225 Polymer Dr","Chattanooga","80240000","I Chu Lo","Owner","Mal","124805","T","Tennessee Enterprises Inc","i-chu.lo@teioak.com","2225 Polymer Dr","Chattanooga","TN","37421","4238552041","4238992767","509905","Importers","NULL","0","0"
"Southern Champion Tray LP","4237565121","220 Compress St","Chattanooga","53000000","John Zeiser","President","Mal","126499","S","Southern Champion Tray LP","JZeiser@sctray.com","PO Box 4066","Chattanooga","TN","37405","4237560223","4237565121","265301","Corrugated & Solid Fiber Boxes (Mfrs)","NULL","0","0"
"Thompson Machinery","6157447800","1245 Bridgestone Pkwy","La Vergne","54900000","Dewitt Thompson","President","Mal","135519","T","Thompson Machinery","terry.whitlock@thompsonpower.com","1245 Bridgestone Pkwy","La Vergne","TN","37086","6157937617","6157447800","735949","Contractors-Equipment & Supls-Renting","www.thompsonmachinery.com","0","0"
"ERMCO","7312859121","2225 Industrial Rd","Dyersburg","58400000","Bill Reffert","CEO","Mal","140390","E","ERMCO","breffert@ermco-eci.com","2225 Industrial Rd","Dyersburg","TN","38024","7312874106","NULL","361298","Power","Distribution","0","0"
"Building Plastics","9017446465","3263 Sharpe Ave","Memphis","61000000","","","","141213","B","Building Plastics","dburleson@bpiteam.com","3263 Sharpe Ave","Memphis","TN","38111","9017456380","9017446465","571308","Floor Coverings-Retail","www.bpidecosurf.com","0","0"
"GLW Enterprises Inc","6153709001","1024 Firestone Pkwy","La Vergne","50500000","William B Owen","Owner","Mal","141914","G","GLW Enterprises Inc","support_analog@harrisonconsoles.com","1024 Firestone Pkwy","La Vergne","TN","37086","6156417224","6153709001","506531","Recording Instr Ind/Scientific (Whol)","www.glw.com","0","0"
"Ouimet Corp","6152425478","2967 Sidco Dr","Nashville","70800000","Dan Dowden","President","Mal","143123","O","Ouimet Corp","fglynn@ouimetcorp.com","2967 Sidco Dr","Nashville","TN","37204","6152446823","6152425478","509905","Importers","NULL","0","0"
"Omega Plastics","8654577000","1325 Carden Farm Dr","Clinton","59950000","Stephen J Redwine","President","Mal","144775","O","Omega Plastics","Stephen@omegaplasticscorp.com","1325 Carden Farm Dr","Clinton","TN","37716","8654574777","8654577000","516202","Plastics-Products-Finished-Wholesale","NULL","0","0"
"Yarbrough Cable","9015279000","850 N Main St","Memphis","52350000","Phil Rundle","President","Mal","144947","Y","Yarbrough Cable","P-Rundle@yarcable.com","850 N Main St","Memphis","TN","38107","9015258686","9015279000","505105","Wire Rope (Wholesale)","NULL","0","0"
"Kelso Oil Co","8656884552","3408 Huron St","Knoxville","97380000","Neal Kidd","Manager","Mal","145631","K","Kelso Oil Co","woodbya@kelsooil.com","3408 Huron St","Knoxville","TN","37917","8656875216","8656884552","554101","Service Stations-Gasoline & Oil","www.kelsooil.com","0","0"
"Teledyne ELECTRONIC Tech","9313594531","1425 Higgs Rd","Lewisburg","67200000","Norm Wolstien","Plant Mgr","Mal","145748","T","Teledyne ELECTRONIC Tech","lw-hr@teledyne.com","1425 Higgs Rd","Lewisburg","TN","37091","9313592085","9313594531","367901","Electronic Equipment & Supplies-Mfrs","www.teledynelewisburg.com","0","0"
"Stewart Lumber Co","4235863531","350 New Line Rd","Morristown","65136000","Clay Stewart","Owner","Mal","148074","S","Stewart Lumber Co","del@stewartlumberco.com","350 New Line Rd","Morristown","TN","37813","4235872210","4235863531","242102","Sawmills","NULL","0","0"
"Civil Constructors Inc","6152369000","425 Downs Blvd","Franklin","62100000","Joe Rodgers","President","Mal","148475","C","Civil Constructors Inc","n.johnson@civilconstructors.com","425 Downs Blvd","Franklin","TN","37064","6152369001","6152369000","871210","Building Construction-Consultants","www.civilconstructors.com","0","0"
"JFG Coffee Co","8655462120","3434 Mynatt Ave","Knoxville","52650000","Rick Brantley","Plant Mgr","Mal","148624","J","JFG Coffee Co","order@luzianne.com","3434 Mynatt Ave","Knoxville","TN","37919","8655248725","8655462120","209998","Food Preparations Nec (Manufacturers)","www.luzianne.com","0","0"
"Drew Foam Co Of Tennessee","6153251877","3050 Barry Dr","Portland","63180000","Bobby Cole","Plant Mgr","Mal","152456","D","Drew Foam Co Of Tennessee","drewfoam@drewfoam.com","3050 Barry Dr","Portland","TN","37148","8703670785","6153251877","511308","Packaging Materials-Wholesale","www.drewfoam.com","0","0"
"Upper Room","6153407200","1908 Grand Ave","Nashville","58680000","Steven Bryant","CEO","Mal","154543","U","Upper Room","dave.corna@stocksupply.com","1908 Grand Ave","Nashville","TN","37212","6153407006","6153407200","273198","Books-Publishing & Printing","www.upperroom.org","0","2"
"Southwestern Distributing","9012729648","7625 Appling Center Dr","Memphis","53250000","John Barzizza","President","Mal","154687","S","Southwestern Distributing","John_Barzizza@swdist.com","7625 Appling Center Dr","Memphis","TN","38133","9012783201","9012729648","518201","Liquors-Wholesale","NULL","0","0"
"Mapes Piano String Co","4235433195","1 Wire Mill Rd","Elizabethton","63600000","William Schaff","President","Mal","155424","M","Mapes Piano String Co","louise@mapeswire.com","1 Wire Mill Rd","Elizabethton","TN","37643","4235437738","4235433195","331209","Wire Products-Manufacturers","www.mapeswire.com","0","0"
"Werthan Packaging","6152599331","1515 5th Ave N","Nashville","51300000","Donald Belmont","CEO","Mal","156307","W","Werthan Packaging","Donald@werthan.com","1515 5th Ave N","Nashville","TN","37208","6157261093","6152599331","225998","Knitting Mills Nec","NULL","0","0"
"Highland Federal S & L Assn","9314846178","106 S Main St # 103","Crossville","61144000","Jack Chadwell","CEO","Mal","158088","H","Highland Federal S & L Assn","charlottegoodwin@highlandfederal.com","106 S Main St # 103","Crossville","TN","38555","9314844967","9314846178","603501","Savings & Loan Associations","www.highlandfederal.com","0","0"
"Thompson Machinery","9013323051","1291 Corporate Ave","Memphis","93725000","Reggie Dill","President","Mal","159308","T","Thompson Machinery","ReggieDill@thompsonmachinery.com","1291 Corporate Ave","Memphis","TN","38132","9013465172","9013323051","508206","Contractors-Equip/Supls-Dlrs/Svc (Whol)","NULL","0","0"
"Monterey Mushrooms","8654584611","19748 Highway 72 N","Loudon","94340000","Greg Sweet","Manager","Mal","162843","M","Monterey Mushrooms","along@montmush.com","19748 Highway 72 N","Loudon","TN","37774","8654586743","8654584611","018201","Mushrooms","www.montereymushrooms.com","0","0"
"Emdeon Corp","6158853700","26 Century Blvd # 601","Nashville","97650000","Tony Holcombe","President","Mal","163264","E","Emdeon Corp","realstories@webmd.net","26 Century Blvd # 601","Nashville","TN","37214","5032791632","6158853700","737401","Data Processing Service","www.webmd.com","0","0"
"International Marketing Group","6158898000","1900 Elm Hill Pike","Nashville","94400000","Moe Lytle","Owner","Mal","163365","I","International Marketing Group","M.Lytle@kingrecords.com","1900 Elm Hill Pike","Nashville","TN","37210","6158714817","6158898000","509909","Records Tapes & Compact Discs-Wholesale","NULL","0","1"
"Jordan Windows & Doors","9013632121","4661 Burbank Rd","Memphis","58000000","Lee Marshall","CEO","Mal","165032","J","Jordan Windows & Doors","lee.marshall@jordancompany.com","4661 Burbank Rd","Memphis","TN","38118","9013625051","NULL","344202","Windows-Manufacturers","Sash","0","0"
"Seabrook Wallcoverings Inc","9013203500","1325 Farmville Rd","Memphis","88300000","James H Seabrook Jr","President","Mal","166610","S","Seabrook Wallcoverings Inc","tricia.matthews@seabrk.com","PO Box 22597","Memphis","TN","38122","9013203673","9013203500","519801","Wallpapers & Wallcoverings-Wholesale","NULL","0","0"
"Crossville Regional Cancer Ctr","9314849511","421 S Main St","Crossville","81000000","Jim Mcmackin","CEO","Mal","167665","C","Crossville Regional Cancer Ctr","wreade@tha.com","421 S Main St","Crossville","TN","38555","6152568240","9314568390","806906","Cancer Treatment Centers","www.cmchealthcare.org","0","0"
"C & P Attachments","4233969330","8822 Apison Pike","Ooltewah","86580000","Terry Wilt","President","Mal","168548","C","C & P Attachments","bsikorski@paladinbrands.com","8822 Apison Pike","Ooltewah","TN","37363","4233963317","4233969330","508208","Excavating Equipment (Wholesale)","www.cpbuckets.com","0","0"
"WBIR","8656371010","1513 Hutchinson Ave","Knoxville","56420000","Jeff Lee","Manager","Mal","168789","W","WBIR","lbrown@wbir.gannett.com","1513 Hutchinson Ave","Knoxville","TN","37917","8656376908","8656371010","483301","Television Stations & Broadcasting CO","www.wbir.com","0","0"
"Key Safety Systems","8655849141","1601 Midpark Rd","Knoxville","84960000","","","","169308","K","Key Safety Systems","rawsonm@keysafetyinc.com","1601 Midpark Rd","Knoxville","TN","37921","5867263800","8655849141","553126","Seat Belts","www.breedtech.com","0","0"
"Javelin Boats","6158955190","880 Butler Dr","Murfreesboro","66000000","Gary Cloud","President","Mal","169652","J","Javelin Boats","Cloud-Gary@stratosboats.com","880 Butler Dr","Murfreesboro","TN","37127","6154942060","6158955190","373201","Boats-Manufacturers","NULL","0","0"
"A J Hall Oil Co Inc","6154442653","1030 SE Tater Peeler Rd","Lebanon","67080000","Rusty Mc Donald","President","Mal","170762","A","A J Hall Oil Co Inc","jclark@wlhailey.com","1030 SE Tater Peeler Rd","Lebanon","TN","37090","2054253273","6154442653","517215","Oils-Petroleum (Wholesale)","www.wlhailey.com","0","0"
"Holman Bible Publishers","6152512520","127 9th Ave N","Nashville","52560000","Kenneth Stephens","President","Mal","172149","H","Holman Bible Publishers","ed.barber@broadmanholman.com","127 9th Ave N","Nashville","TN","37234","6152512531","6152512520","273101","Publishers-Book","www.broadmanholman.com","0","0"
"Flowserve Corp","9314324021","1978 Foreman Dr","Cookeville","79288000","Jim Mc Geehin","Plant Mgr","Mal","172672","F","Flowserve Corp","sboone@flowserve.com","1978 Foreman Dr","Cookeville","TN","38501","2038774260","9314324021","349198","Industrial Valves (Manufacturers)","www.flowserve.com","0","0"
"TPI Corp","4234770064","114 Roscoe Fitz Rd","Gray","60000000","Robert E Henry Jr","CEO","Mal","173597","T","TPI Corp","ktrout@tpicorp.com","114 Roscoe Fitz Rd","Gray","TN","37615","4234775833","4234770064","356401","Fans-Industrial & Commercial-Mfrs","www.tpicorp.com","0","0"
"Heil Trailer Intl","4237455830","1125 Congress Pkwy N","Athens","51600000","Tom Grein","Plant Mgr","Mal","173685","H","Heil Trailer Intl","mchappell@heilco.com","1125 Congress Pkwy N","Athens","TN","37303","4237455863","4237455830","344305","Tanks-Manufacturers","www.heil.com","0","0"
