mail id,company,email,address,phone,fax,sic,sic description,web,,revenue id,company,address,city,state,zip,	metro,web,phone,fax,contact,position,gender,sales,# of employee,sic,sic_descrpiton,	,,
"291304","Prestone Press","AR@go-ev.com","50 Washington St","7182469540","7184886180","272198","Periodicals-Publishing & Printing","NULL"," Email <---> Revenue ","848079","Prestone Press","50 Washington St","Brooklyn","NY","11201","Kings","","7184886180","7182469540","Robert Adler","President","Mal","80200000","200","272198","Periodicals-","6","2","1"
"49293","WIXT (ABC-9)","assignmentdesk@wixt.com","5904 Bridge St","3154469999","3154469283","483301","Television Stations & Broadcasting Co","www.wixt.com"," Email <---> Revenue ","1082766","WSYR","5904 Bridge St","East Syracuse","NY","13057","Onondaga","www.wixt.com","3154469999","3154460045","Stephen Kimatian","Manager","Mal","50375000","125","483301","Television S","6","0","1"
"52398","Lake Beverage","Bernie@lakebeverage.com","900 John St","5854270693","5854270090","518101","Beer & Ale-Wholesale","NULL"," Email <---> Revenue ","621006","Lake Beverage","900 John St","West Henrietta","NY","14586","Monroe","www.lakebeverage.com","5854270090","5854270693","Hank Schroeder","CEO","Mal","50100000","75","518101","Beer & Ale-W","6","0","1"
"270404","ONSYR Inc","bill.beach@onsyr.com","22 Harcourt Rd","5852541979","5852545820","517202","Service Station Equipment (Wholesale)","NULL"," Email <---> Revenue ","785870","ONSYR Inc","22 Harcourt Rd","Rochester","NY","14606","Monroe","www.onsyr.com","5852545820","5852541979","Bill Beach","Owner","Mal","77142000","23","517202","Service Stat","6","0","1"
"415499","Nice Shoes","brenner@smallfishbigpond.com","352 Park Ave S # 16","2126839233","2126831704","513902","Shoes-Wholesale","www.niceshoes.com"," Email <---> Revenue ","769286","Nice Shoes","352 Park Ave S # 16","New York","NY","10010","New York","www.niceshoes.com","2126831704","2126839233","Dominic Pandolfino","Owner","Mal","94080000","70","513902","Shoes-Wholes","6","0","1"
"375521","Care Givers Home Health","carmen.flitt@caregivershomecare.com","2465 Sheridan Dr","NULL","716-838-6060","8082","Home Health Care Services","NULL"," Email <---> Revenue ","200982","Care Givers Home Health","2465 Sheridan Dr","Tonawanda","NY","14150","Erie","www.caregivershomecare.com","7168386060","7168381212","Tim Mcgorry","President","Mal","97200000","1800","808201","Home Health ","6","0","1"
"95262","Bronx Toyota","CentnerJoe@bronxtoyota.com","PO Box 700","7187982167","7187983200","551103","Automobile Dealers-Used Cars","NULL"," Email <---> Revenue ","170607","Bronx Toyota","PO Box 700","Bronx","NY","10469","Bronx","www.bronxtoyota.com","7187983200","7187982167","Joe Centner","Owner","Mal","50325000","75","551103","Automobile D","6","1","1"
"10424","Star Headlight & Lantern Co","Christopher.Jacobs@star1889.com","455 Rochester St","5852262029","5852269500","364798","Vehicular Lighting Equipment (Mfrs)","NULL"," Email <---> Revenue ","980220","Star Headlight & Lantern Co","455 Rochester St","Avon","NY","14414","Livingston","www.star1889.com","5852269500","5852262029","David Jacobs","President","Mal","60800000","200","364798","Vehicular Li","6","0","1"
"40921","New York City Ballet Inc","clanders@nycballet.com","20 Lincoln Center Plz","2128707791","2128705690","792207","Theatres-Live","www.nycballet.com"," Email <---> Revenue ","762051","New York City Ballet Inc","20 Lincoln Center Plz","New York","NY","10023","New York","www.nycballet.com","2128705690","2128707791","Anne Parsons","President","Fem","56400000","400","792207","Theatres-Liv","6","1","1"
"18496","Martin's Fantasy Island","D-Martin@martinsfantasyisland.com","2400 Grand Island Blvd","7167737043","7167737591","799601","Amusement Places","NULL"," Email <---> Revenue ","687838","Martin's Fantasy Island","2400 Grand Island Blvd","Grand Island","NY","14072","Erie","www.martinsfantasyisland.com","7167737591","7167737043","Martin Dipietro","President","Mal","50400000","600","799601","Amusement Pl","6","1","1"
"474162","Digital Adco","David@actv.com","233 Park Ave S","2124599548","2122622570","484101","Television-Cable & Catv","NULL"," Email <---> Revenue ","316935","Digital Adco","233 Park Ave S","New York","NY","10003","New York","","2122622570","2124599548","","","","78800000","80","484101","Television-C","6","0","1"
"493822","Davidson Automotive Group","davidson115307@davidsonautonet.com","18432 Us Route 11","3159423244","3157827700","551103","Automobile Dealers-Used Cars","www.davidsonautonet.com"," Email <---> Revenue ","301031","Davidson Automotive Group","PO Box 320","Watertown","NY","13601","Jefferson","www.davidsonautonet.com","3157827700","3158362689","Erick Davidson","Owner","Mal","67100000","100","551103","Automobile D","6","1","1"
"179261","Alk-Abello Inc","dennis.taylor@alk-abello.com","35 Channel Dr","5167674229","5167671800","512203","Pharmaceutical Products-Wholesale","NULL"," Email <---> Revenue ","60660","Alk-Abello Inc","35 Channel Dr","Port Washington","NY","11050","Nassau","","5167673492","5167674229","Karsten Jorgensen","President","Mal","69650000","50","512203","Pharmaceutic","6","0","1"
"387813","Queensboro Farm Products Inc","Don.Landry@koshermall.com","15602 Liberty Ave","7186580408","7186585000","545101","Dairy Products-Retail","NULL"," Email <---> Revenue ","861790","Queensboro Farm Products Inc","15602 Liberty Ave","Jamaica","NY","11433","Queens","","7186585000","7186580408","Allen Z Miller","CEO","Mal","65000000","22","545101","Dairy Produc","6","0","1"
"72301","Advanced Engineering","Doug@adveng.com","25 Drexel Dr","6314353533","6314353535","559908","Aircraft Equipment Parts & Supplies","NULL"," Email <---> Revenue ","46679","Advanced Engineering","25 Drexel Dr","Bay Shore","NY","11706","Suffolk","www.ufc.com","6314353535","6314353533","Doug Davis","President","Mal","86800000","200","559908","Aircraft Equ","6","0","1"
"2647","Covington Industries Inc","drorvig@covington-industries.com","15 E 26th St # 20","2125459230","2126796868","221198","Broadwoven Fabric Mills-Cotton","NULL"," Email <---> Revenue ","272833","Covington Industries Inc","15 E 26th St # 20","New York","NY","10010","New York","www.covington-industries.com","2126892200","2125459230","Abby Gilmore","CEO","Fem","95000000","80","221198","Broadwoven F","6","0","1"
"344931","Miles Petroleum Co","ess@eoil.com","66 Marine St","6316944488","6316944488","517214","Oils-Lubricating-Wholesale","www.eoil.com"," Email <---> Revenue ","717437","Miles Petroleum Co Inc","66 Marine St","Farmingdale","NY","11735","Nassau","www.eoil.com","6316944488","6316944487","Angela Stern","Owner","Fem","97380000","20","517211","Lubricants (","6","0","1"
"8246","Gilman & Ciocia Inc","F.Jr@sunbancorp.com","11 Raymond Ave","8454733232","8454853300","628205","Financial Planning Consultants","NULL"," Email <---> Revenue ","445081","Gilman & Ciocia Inc","11 Raymond Ave","Poughkeepsie","NY","12603","Dutchess","www.gilcio.com","8454853300","8454733232","Michael P Ryan","CEO","Mal","59911000","442","628205","Financial Pl","6","0","1"
"397618","Willow Runs Foods Inc","francine.spicer@willowrunfoods.com","1006 Us Route 11","6073385287","6073385221","514102","Food Brokers","NULL"," Email <---> Revenue ","1104659","Willow Runs Foods Inc","1006 US Route 11","Kirkwood","NY","13795","Broome","www.willowrunfoods.com","6073385221","6073385287","Terry Wood","CEO","Mal","80000000","180","514102","Food Brokers","6","0","1"
"72146","Omni Electromotive Inc","frankd@oem2.com","12 Seely Hill Rd","6075643682","6075649922","351101","Turbines-Manufacturers","NULL"," Email <---> Revenue ","791657","Omni Electromotive Inc","12 Seely Hill Rd","Newfield","NY","14867","Tompkins","www.omni-electro-motive.com","6075649922","6075643682","Jfranklyn Deridder","President","Mal","57650000","50","351101","Turbines-Man","6","0","1"
"284687","Exolon CO","fsilver@exolonesk.com","PO Box 590","7166930151","7166934550","329102","Abrasive Products (Manufacturers)","NULL"," Email <---> Revenue ","379188","Exolon CO","PO Box 590","Tonawanda","NY","14151","Erie","","7166934550","7166930151","J Fred Silver","CEO","Mal","50482000","222","329102","Abrasive Pro","6","0","1"
"278565","St Lawrence Gas","F_Rewbotham@stlawrencegas.com","33 Stearns St","3157649226","3157693511","492501","Gas Companies","NULL"," Email <---> Revenue ","975553","St Lawrence Gas","33 Stearns St","Massena","NY","13662","St Lawrence","","3157693511","3157649226","","","","60384000","51","492501","Gas Companie","6","0","1"
"460238","Unison Industries","gary.cummings@unisonindustries.com","PO Box 310","6073355440","607-335-5000","3769","Guided Missile and Space Vehicle Parts and Auxiliary Equipment","NEC (except research and development not producing prototypes)"," Email <---> Revenue ","1057428","Unison Industries","PO Box 310","Norwich","NY","13815","Chenango","www.unisonindustries.com","6073355000","6073355440","Gary Cummings","President","Mal","86000000","280","369405","Alternators ","6","0","1"
"442557","Stuyvesant Fuel Svc Corp","gasinfo@stuyfuel.com","642 Southern Blvd","7182925465","7186655700","769968","Oil Burners-Servicing","www.stuyfuel.com"," Email <---> Revenue ","993398","Stuyvesant Fuel Svc Corp","1040 E 149th St","Bronx","NY","10455","Bronx","","7185850296","7185850505","Ernie Cooney","Manager","Mal","58428000","12","517206","Oils-Fuel (W","6","0","1"
"192301","Century 21 Dept Stores","Gindi.Abraham@century21deptstores.com","472 86th St","NULL","7187483266","531102","Department Stores","NULL"," Email <---> Revenue ","216811","Century 21 Dept Stores","472 86th St","Brooklyn","NY","11209","Kings","www.c21stores.com","7187483266","","Abraham Gindi","CEO","Mal","81000000","500","531102","Department S","6","1","1"
"72165","Chocolate Factory","G_V@subsandicecream.com","54 Elizabeth St","8457586951","8457586951","206601","Chocolate & Cocoa-Manufacturers","NULL"," Email <---> Revenue ","230705","Chocolate Factory","54 Elizabeth St","Red Hook","NY","12571","Dutchess","www.eastgatemotors.com","8457586951","8457586951","George Verrilli","Owner","Mal","57440000","80","206601","Chocolate & ","6","0","1"
"399658","Shop Rite Supermarket","I_Glass@shoprite.com","1080 Mcdonald Ave","7182528576","7182525770","541105","Grocers-Retail","NULL"," Email <---> Revenue ","949248","Shop Rite Supermarket","1080 Mcdonald Ave","Brooklyn","NY","11230","Kings","www.shoprite.com","7182525770","7182528576","Irv Glass","President","Mal","74100000","300","541105","Grocers-Reta","6","0","1"
"302211","MultiBuyer; Inc","jamesp@traffixinc.com","One Blue Hill Plaza 5th Floor","8456201212","8456201717","8999","Services NEC","grouplotto.com"," Email <---> Revenue ","1038225","Traffix Inc","1 Blue Hill Plz # 5","Pearl River","NY","10965","Rockland","www.traffixinc.com","8456201212","8456201717","Jeffrey L Schwartz","CEO","Mal","62857000","89","874213","Marketing Pr","6","0","1"
"303413","Argo International Corp","jcroce@argointl.com","140 Franklin St","2124312206","2124311700","506330","Electric Equipment & Supplies-Wholesale","NULL"," Email <---> Revenue ","94814","Argo International Corp","140 Franklin St","New York","NY","10013","New York","www.argointl.com","2124311700","2124312206","John Santa Croce","CEO","Mal","80000000","300","506330","Electric Equ","6","0","1"
"115776","Associated Textile Converters","Jeff.Thomases@swavelle.com","15 E 26th St # 2","2122130518","2125328670","222106","Drapery Fabrics-Manufacturers","NULL"," Email <---> Revenue ","103111","Associated Textile Converters","15 E 26th St # 2","New York","NY","10010","New York","","2125328670","2122130518","Jeff Thomases","President","Mal","57000000","75","222106","Drapery Fabr","6","0","1"
"9179","Specialized Packaging Radisson; Inc","jmorrill@spgintl.com","8800 Sixty Road P.O. Box 460","3156384355","3156388421","8999","Services NEC","spgroupinc.com"," Email <---> Revenue ","968645","Specialized Packaging Radisson","8800 Sixty Rd","Baldwinsville","NY","13027","Onondaga","","3156384355","3156388421","Leo Basciano","Plant Mgr","Mal","53440000","167","265701","Boxes-Foldin","6","0","1"
"287629","Boundless Corp","John.Byrne@fundamerican.com","PO Box 18001","6313427378","6319621500","357598","Computer Terminals (Manufacturers)","NULL"," Email <---> Revenue ","161426","Boundless Corp","PO Box 18001","Hauppauge","NY","11788","Nassau","www.boundless.com","6319621500","6313427378","Joseph V Joy","CEO","Mal","59581000","287","357598","Computer Ter","6","0","1"
"448516","24/7 Real Media;  Inc.","jonathan.hsu@247realmedia.com","1250 Broadway","2122317100","2127641774","7319","Media services","http://www.247realmedia.com"," Email <---> Revenue ","8917","24/7 Real Media Inc","132 W 31st St # 9","New York","NY","10001","New York","www.247realmedia.com","2122317100","2127641774","David J Moore","CEO","Mal","85255000","255","731917","Advertising-","6","0","1"
"161512","Video Aid Corp","jtucker@vacservice.com","99 Tower Dr","8456923620","8456923333","874213","Marketing Programs & Services","NULL"," Email <---> Revenue ","1073995","Video Aid Corp","99 Tower Dr","Middletown","NY","10941","Orange","","8456923333","8456923620","James Tucker","CEO","Mal","69000000","300","874213","Marketing Pr","6","0","1"
"441521","Olean Medical Group","jweir@oleanmedical.com","535 Main St","9738989281","973-292-5100","809911","Health and Allied Services","NEC (medical artists)"," Email <---> Revenue ","790339","Olean Medical Group","535 Main St","Olean","NY","14760","Cattaraugus","","7163720141","","John Weir","CEO","Fem","58000000","400","809911","Medical Grou","6","2","1"
"376018","KAZ Inc","kaz@kaz.com","1 Vapor Trl","5188282015","5188281222","384104","Physicians & Surgeons Equip & Supls-Mfrs","NULL"," Email <---> Revenue ","588494","KAZ Inc","4411 Route 9","Hudson","NY","12534","Columbia","www.kaz.com","5188281222","5188282015","Tom Capadona","Plant Mgr","Mal","58200000","300","399903","Manufacturer","6","0","1"
"416037","Fort William Henry Resort","kims@fortwilliamhenry.com","48 Canada St","5189646645","5186682346","701111","Resorts","www.fortwilliamhenry.com"," Email <---> Revenue ","411289","Fort William Henry Resort","48 Canada St","Lake George","NY","12845","Warren","www.fortwilliamhenry.com","5186682346","5189646645","Robert Flacke","CEO","Mal","93000000","600","738939","Conference C","6","0","1"
"478197","Conklin Corp","larry.bishop@conklincorp.com","PO Box 650","8456352510","8456352136","366302","Communication Equipment-Manufacturers","NULL"," Email <---> Revenue ","260410","Conklin Corp","PO Box 650","Pleasant Valley","NY","12569","Dutchess","www.conklincorp.com","8456352136","8456352510","Alex Manos","CEO","Mal","73050000","150","366302","Communicatio","6","0","1"
"490617","Latham Plastics","Laven@pacificpools.com","787 Watervliet Shaker Rd","5187851592","5187837776","308911","Swimming Pool Covers-Manufacturers","NULL"," Email <---> Revenue ","626740","Latham Plastics","787 Watervliet Shaker Rd","Latham","NY","12110","Albany","www.lathamplastics.com","5187837776","5187851592","Mark Laven","President","Mal","75000000","250","308911","Swimming Poo","6","0","1"
"315499","Louis Hornick & Co Inc","lh@louishornick.com","261 5th Ave # 2","2127797098","2126792448","239206","Bedspreads-Manufacturers","www.louishornick.com"," Email <---> Revenue ","655992","Louis Hornick & Co Inc","261 5th Ave # 2","New York","NY","10016","New York","www.louishornick.com","2126792448","2127797098","Louiss Hornick","Owner","Mal","50000000","6","239198","Drapery Cont","6","0","1"
"491489","MOD-Pac Corp","lizardliasons@printlizard.com","1801 Elmwood Ave","7168736008","7168730640","265201","Boxes-Paper (Manufacturers)","www.modpac.com"," Email <---> Revenue ","667458","MOD-Pac Corp","1801 Elmwood Ave","Buffalo","NY","14207","Erie","www.modpac.com","7168730640","7168736008","Daniel G Keane","CEO","Mal","50280000","278","275202","Printers","6","0","1"
"415782","Donnkenny Inc","lradcliffe@donnkenny.com","1411 Broadway","2123981787","2127903900","513609","Sportswear-Wholesale","NULL"," Email <---> Revenue ","326546","Donnkenny Inc","1411 Broadway","New York","NY","10018","New York","","2127903900","2123981787","Daniel H Levy","CEO","Mal","92351000","203","513609","Sportswear-W","6","0","1"
"213286","Hudson River Truck Equipment","Maneri.Matt@hudsonrivertruck.com","12 Commerce St","8454547726","8454547669","501212","Trailers-Truck (Wholesale)","NULL"," Email <---> Revenue ","513351","Hudson River Truck Equipment","12 Commerce St","Poughkeepsie","NY","12603","Dutchess","","8454547669","8454547726","Matt Maneri","President","Mal","66600000","18","501212","Trailers-Tru","6","0","1"
"114133","Niacet Corp","mbrannen@mail.niacet.com","400 47th St","7162851497","7162851474","289905","Chemicals-Manufacturers","NULL"," Email <---> Revenue ","768332","Niacet Corp","400 47th St","Niagara Falls","NY","14304","Niagara","www.niacet.com","7162851474","7162851497","Kelly Brannen","Manager","Fem","77200000","90","289905","Chemicals-Ma","6","0","1"
"250546","Tec Nec","MBraunstein@tecnec.com","892 Kings Hwy","8452460626","8452460428","366311","Broadcasting Equipment (Manufacturers)","NULL"," Email <---> Revenue ","1016047","Tec Nec","812 Kings Hwy","Saugerties","NY","12477","Ulster","www.tecnec.com","8452460428","8452460626","Mark Braunstein","Owner","Mal","60875000","125","366311","Broadcasting","6","0","1"
"451480","Wendts Dairy","mercille@wendts.com","8450 Buffalo Ave","7166926543","null","019101","FARMS","WENDTS.COM"," Email <---> Revenue ","1093291","Wendt's Dairy","8450 Buffalo Ave","Niagara Falls","NY","14304","Niagara","","7166926543","7162839782","James Miklinski","Manager","Mal","50000000","100","514303","Dairy Produc","6","0","1"
"402268","Integrated Alarm Svc Group Inc","michael.moscinski@iasg.us","99 Pine St # 3","5184260953","5184261515","506324","Burglar Alarm Systems (Wholesale)","NULL"," Email <---> Revenue ","529603","Integrated Alarm Svc Group Inc","99 Pine St # 3","Albany","NY","12207","Albany","www.iasg.us","5184261515","5184260953","Timothy M Mcginn","CEO","Mal","80369000","874","506324","Burglar Alar","6","0","1"
"78942","Syracuse Label Co","miller@mvintech.com","110 Luther Ave","3154226763","3154221037","267201","Labels-Paper (Manufacturers)","www.syrlabel.com"," Email <---> Revenue ","1006640","Syracuse Label Co","110 Luther Ave","Liverpool","NY","13088","Onondaga","www.syrlabel.com","3154221037","3154226763","Kathy Alamio","Plant Mgr","Fem","52416000","112","267201","Labels-Paper","6","0","1"
"485033","Mohawk Paper Mills Inc","milnerg@mohawkpaper.com","465 Saratoga St","5182377394","5182371740","262101","Paper-Manufacturers","www.mohawkpaper.com"," Email <---> Revenue ","725215","Mohawk Paper Mills Inc","PO Box 497","Cohoes","NY","12047","Albany","www.mohawkpaper.com","5182373113","5182377394","Thomas D O'Connor Jr","CEO","Mal","80000000","400","262101","Paper-Manufa","6","0","1"
"24400","Airflex Corp","mvisconty@airflexind.com","937 Conklin St","6317521309","6317521219","344205","Louvers-Manufacturers","NULL"," Email <---> Revenue ","52682","Airflex Corp","965 Conklin St","Farmingdale","NY","11735","Nassau","www.airflexind.com","6317521219","6317521309","Jonathan Fogelman","President","Mal","84700000","100","503103","Louvers (Who","6","0","1"
"409621","Wascomat","N-Milch@wascomat.com","461 Doughty Blvd","5163714029","5163714400","508726","Laundry Equipment (Wholesale)","NULL"," Email <---> Revenue ","1087278","Wascomat","461 Doughty Blvd","Inwood","NY","11096","Nassau","www.laundryequipmentparts.com","5163712000","5163714029","Bernard Milch","CEO","Mal","50000000","65","384104","Physicians &","6","0","1"
"239898","Super Stud Building Products","Ray.Frobosilo@buysuperstud.com","801 26th Ave","7187260293","718-545-5700","3444","Sheet Metal Work (stamped metal skylights)","NULL"," Email <---> Revenue ","1000859","Super Stud Building Products","801 26th Ave","Long Island City","NY","11102","Queens","","7185455700","7187260293","Ray Frobosilo","President","Mal","64750000","250","342902","Hardware-Man","6","0","1"
"55875","Praxair Mrc","ray_roberg@praxair.com","542 Route 303","8453594981","8453594200","355909","Special Industry Machinery Nec (Mfrs)","NULL"," Email <---> Revenue ","845157","Praxair Mrc","542 Route 303","Orangeburg","NY","10962","Rockland","www.praxair.com/electronics","8453594200","8453594981","Ray Roberg","President","Mal","66400000","200","355909","Special Indu","6","0","1"
"73636","Vytra Health Plans","resposito@vytra.com","NULL","6317190911","631-694-4000","6324","Hospital and Medical Service Plans (health and medical insurers-direct)","NULL"," Email <---> Revenue ","1081050","Vytra Health Plans","395 N Service Rd # 110","Melville","NY","11747","Suffolk","www.vytra.com","6316944000","6316948766","Thomas Mc Ateer","CEO","Mal","58000000","400","809904","Health Maint","6","2","1"
"330742","TAMS Consultants","rha@tamsconsultants.com","6553rdAve.","2128671777","2126976354","871111","Engineers","http://www.tamsconsultants.com"," Email <---> Revenue ","342706","Earth Tech Inc","655 3rd Ave","New York","NY","10017","New York","www.earthtech.com","2128671777","2126976354","Anthony R Dolcimascolo","CEO","Mal","50000000","300","874802","Training Con","6","0","1"
"58308","Lapp Insulator Co LLC","rhiggins@lappinsulator.com","130 Gilbert St","5857686219","5857686221","326498","Porcelain-Electrical-Supplies (Mfrs)","NULL"," Email <---> Revenue ","625021","Lapp Insulator Co LLC","130 Gilbert St","Le Roy","NY","14482","Genesee","www.lappinsulator.com","5857686221","5857686219","John H Hurshman","CEO","Mal","84000000","200","326498","Porcelain-El","6","0","1"
"59255","Montenay Power Corp","rlopez@montenay-onyx.com","1 Penn Plz # 4400","NULL","2129475824","508407","Incinerators (Wholesale)","NULL"," Email <---> Revenue ","728446","Montenay Power Corp","1 Penn Plz # 4400","New York","NY","10119","New York","","2129475824","2129475828","Steve Passage","President","Mal","74000000","15","508407","Incinerators","6","0","1"
"493871","Aerospace Avionics Inc","roleequipment@smiths-aerospace.com","1000 Macarthur Memorial Hwy","6314675500","6314675541","372801","Aircraft Components-Manufacturers","www.smiths-aerospace.com"," Email <---> Revenue ","48723","Aerospace Avionics Inc","1000 Macarthur Memorial Hwy","Ronkonkoma","NY","11779","Suffolk","","6314675500","6314675939","Nick Schmidt","President","Mal","79500000","250","372801","Aircraft Com","6","0","1"
"3354","Atlantic Environmental","RomeroSantos@atlanticenvironmental.com","1231 Atlantic Ave","7188579800","7188579800","517206","Oils-Fuel (Wholesale)","NULL"," Email <---> Revenue ","105516","Atlantic Environmental","1231 Atlantic Ave","Brooklyn","NY","11216","Kings","","7188579800","7188579800","Romero Santos","Owner","Mal","73035000","15","517206","Oils-Fuel (W","6","0","1"
"489727","Schick Technologies Inc","ronald.rosner@schicktech.com","3000 47th Ave","7189375962","7189375765","384104","Physicians & Surgeons Equip & Supls-Mfrs","NULL"," Email <---> Revenue ","932111","Schick Technologies Inc","3000 47th Ave # 5","Long Island City","NY","11101","Queens","www.schicktech.com","7189375765","7189375962","Jost Fischer","CEO","Mal","52418000","128","384104","Physicians &","6","0","1"
"270160","Leon Kastner Wholesale Meats","RoseFraum@bestbeef.com","774 Jay St","5852354421","5852354350","514704","Meat-Wholesale","NULL"," Email <---> Revenue ","635533","Leon Kastner Wholesale Meats","774 Jay St","Rochester","NY","14611","Monroe","","5852354350","5852354421","Rose Fraum","Owner","Fem","85540000","28","514704","Meat-Wholesa","6","0","1"
"471052","GMI Sound","sales-intl@gmisound.com","39 S 5th St","7185994383","7183847625","506421","Speakers-Wholesale","www.gmisound.com"," Email <---> Revenue ","428503","GMI Sound","39 S 5th St","Brooklyn","NY","11211","Kings","www.gmisound.com","7183847625","7185994383","Morris Weiss","VP","Mal","87692000","44","506421","Speakers-Who","6","0","1"
"429681","Fiserv Lending Solutions","SAngert@rsa-net.com","6400 Main St","7165644040","7165644000","737401","Data Processing Service","NULL"," Email <---> Revenue ","402161","Fiserv Lending Solutions","6400 Main St","Williamsville","NY","14221","Erie","","7165644000","7165644040","Stuart Angert","CEO","Mal","74400000","400","737401","Data Process","6","0","1"
"150058","Baby Togs Inc","scott.perlman@btiusa.com","460 W 34th St","2129472039","2128682100","236901","Clothes & Accessories-Childrens-Mfrs","NULL"," Email <---> Revenue ","118729","Baby Togs Inc","460 W 34th St","New York","NY","10001","New York","www.babytogs.com","2128682100","2129472039","Eddie Sitt","President","Mal","50000000","200","236901","Clothes & Ac","6","0","1"
"406031","WKBW","shimmelm@wkbw.com","7 Broadcast Plz","7168421855","7168456100","483301","Television Stations & Broadcasting CO","www.wkbw.com"," Email <---> Revenue ","1082491","WKBW","7 Broadcast Plz","Buffalo","NY","14202","Erie","www.wkbw.com","7168456100","7168421855","William Ransom","President","Mal","60450000","150","483301","Television S","6","0","1"
"492975","Knoll Inc","skawitzky@knoll.com","76 9th Ave # 11","4158372116","2123434000","502112","Office Furniture & Equip-Dealers (Whol)","www.knoll.com"," Email <---> Revenue ","608858","Knoll Inc","76 9th Ave # 11","New York","NY","10011","New York","www.knoll.com","2123434000","2123434181","German Bosquez","President","Mal","51280000","80","502112","Office Furni","6","0","1"
"448007","International Delights","SpiroS@internationaldelights.com","2222 Jackson Ave","7189377392","7189377779","514902","Bakers-Wholesale","NULL"," Email <---> Revenue ","531987","International Delights","2222 Jackson Ave","Long Island City","NY","11101","Queens","www.intdelights.com","7189377779","7189377392","Spiro Sayegh","President","Mal","97060000","115","514902","Bakers-Whole","6","0","1"
