mail id,company,email,address,phone,fax,sic,sic description,web,,revenue id,company,address,city,state,zip,	metro,web,phone,fax,contact,position,gender,sales,# of employee,sic,sic_descrpiton,	,,
"339475","Continental Services","Aaron@csicollect.com","250 Fulton Ave","5167398750","5167398777","514501","Candy & Confectionery-Wholesale","NULL"," Email <---> Revenue ","262950","Continental Services","250 Fulton Ave","New Hyde Park","NY","11040","Nassau","","5167398777","5167398750","Aaron Slonin","Owner","Mal","26384000","34","514501","Candy & Conf","5","0","1"
"226134","Binghamton Pre Cast & Supply","Abbey@binghamtonprecast.com","18 Phelps St","6077220496","6077220334","503208","Concrete Products (Wholesale)","NULL"," Email <---> Revenue ","148761","Binghamton Pre Cast & Supply","18 Phelps St","Binghamton","NY","13901","Broome","www.binghamtonprecast.com","6077220334","6077220496","Jay Abbey","CEO","Mal","28800000","60","503208","Concrete Pro","5","0","1"
"423985","Metis Associates Inc","ake@brothercake.net","90 Broad St # 12","8452961315","2129684220","509905","Importers","www.zionwf.dioceseny.org"," Email <---> Revenue ","706639","Metis Associates Inc","90 Broad St # 1200","New York","NY","10004","New York","www.metisassoc.com","2129684220","2124802176","Richard Pargament","President","Mal","47200000","50","509905","Importers","5","0","1"
"305455","Monica Miller Gov't. Relations","akhorn@berk.com","28 Broad Street","5187589900","null","809907","Health Services","HEALTHLOBBY.COM"," Email <---> Revenue ","139972","Berkshire Cable Corp","19 Broad St","Kinderhook","NY","12106","Columbia","www.ospreynet.com","5187589900","5187589978","Jane Valik","President","Fem","29550000","30","484101","Television-C","5","0","1"
"177608","Ro-An Industries Corp","angelo.cervera@roan.com","6420 Admiral Ave","7188213838","7188211115","267405","Bag Making Machinery (Manufacturers)","NULL"," Email <---> Revenue ","894573","Ro-An Industries Corp","6420 Admiral Ave","Flushing","NY","11379","Queens","www.roan.com","7188211115","7188213838","Angelo Cervera","President","Mal","25900000","100","267405","Bag Making M","5","0","1"
"451809","Davenport Machine","annette@automaticpartsdepot.com","167 Ames St","5852356568","5852354545","354107","Machine Tools-Manufacturers","www.davenportmachine.com"," Email <---> Revenue ","297565","Davenport Machine","167 Ames St","Rochester","NY","14611","Monroe","www.davenportmachine.com","5852354545","5852356568","Robert Brinkman","Owner","Mal","34472000","200","354107","Machine Tool","5","0","1"
"217805","A & T Healthcare","Babington@at-healthcare.com","475 5th Ave # 1116","NULL","2126832250","808201","Home Health Service","NULL"," Email <---> Revenue ","18566","A & T Healthcare","475 5th Ave # 1116","New York","NY","10017","New York","","2126832250","","Toni Babington","Owner","Fem","27000000","500","808201","Home Health ","5","0","1"
"369365","Tmg Mail Solutions","bark@trainshoppe.com","41 Mercedes Way # 1","6312423405","6312424698","733101","Mailing & Shipping Services","www.tmg4mail.com"," Email <---> Revenue ","1029330","Tmg Mail Solutions","41 Mercedes Way # 1","Edgewood","NY","11717","Suffolk","www.tmg4mail.com","6312424698","6312423405","Donna Ceresa","Manager","Fem","42000000","200","733101","Mailing & Sh","5","0","1"
"335709","Voyetra Technologies","BCarmine@voyetra.com","5 Odell Plz","9149661102","9149660600","509910","Musical Instruments-Wholesale","NULL"," Email <---> Revenue ","1080838","Voyetra Technologies","5 Odell Plz","Yonkers","NY","10701","Westchester","www.voyetra.com","9149660600","9149661102","Carmine Bonanno","CEO","Mal","30208000","32","509910","Musical Inst","5","0","1"
"125800","Beverage Works","bevworks@thebeverageworks.com","224 Sherwood Ave","6312933505","6312933501","514937","Beverages (Wholesale)","www.thebeverageworks.com"," Email <---> Revenue ","144622","Beverage Works","224 Sherwood Ave","Farmingdale","NY","11735","Nassau","www.thebeverageworks.com","6312933501","6312933505","Joe Deland","Manager","Mal","25320000","30","514937","Beverages (W","5","0","1"
"241035","Plainville Turkey Farms","Bitz@plainvillefarms.com","PO Box 289","3156380659","3156353427","201501","Poultry Processing Plants","NULL"," Email <---> Revenue ","836792","Plainville Turkey Farms","PO Box 289","Plainville","NY","13137","Onondaga","www.plainvillefarms.com","3156353427","3156380659","Mark Bitz","President","Mal","35400000","150","201501","Poultry Proc","5","0","1"
"344228","Atlantic Appliance Inc","bob.trama@redhotprice.com","50 Triangle Ctr","9149627162","9149622608","506401","Appliances-Household-Major-Supls (Whol)","NULL"," Email <---> Revenue ","105211","Atlantic Appliance Inc","50 Triangle Ctr","Yorktown Heights","NY","10598","Westchester","www.redhotprice.com","9149622608","9149627162","Bob Trama","Owner","Mal","33881000","17","506401","Appliances-H","5","0","1"
"295767","Sorrento Cheese Co.; Inc.","bobbwsny@sorrentolactalis.com","2376 South Park Avenue","7168236262","7168236484","5411","Food products","LEPETITCHEESE.COM^^LOUIS-RIGAL.COM^^LOUISRIGAL.COM^^MOUNTAIN-FARMS.COM^^MOUNTAINFARMSCHEESE.COM^^PRE"," Email <---> Revenue ","963823","Sorrento Lactalis Inc","2376 S Park Ave","Buffalo","NY","14220","Erie","www.sorrentolactalis.com","7168236262","7168236454","Erick Boutry","CEO","Mal","29500000","600","202201","Cheese Proce","5","0","1"
"395696","Broadway Video Inc","boffutt@broadwayvideo.com","1619 Broadway # 10","2127131535","2122657600","781211","Video Production & Taping Service","NULL"," Email <---> Revenue ","169435","Broadway Video Inc","1619 Broadway # 10","New York","NY","10019","New York","www.broadwayvideo.com","2122657600","2127131535","Mark Yates","President","Mal","33000000","300","781211","Video Produc","5","1","1"
"224969","CHRISTIE'S","bpeterson@christies.com","20 Rockefeller Plaza","2126362000","null","738901","Auctioneers","CHRISTIERSMAIL.BIZ^^CHRISTIERSMAIL.INFO^^CHRISTIESART.BIZ^^C"," Email <---> Revenue ","232696","Christie's Inc","20 Rockefeller Plz # 5","New York","NY","10020","New York","","2126362000","2126362399","Edward Dolman","CEO","Mal","35600000","200","738901","Auctioneers","5","1","1"
"83101","Budget Rent A Car","Brownschidle@budget.com","3999 Genesee St","7166322796","7166324662","751401","Automobile Renting","NULL"," Email <---> Revenue ","176552","Budget Rent A Car","3999 Genesee St","Cheektowaga","NY","14225","Erie","www.budgetbuffalo.com","7166324662","7166322796","Cathy Brownschidle","President","Fem","25960000","110","751401","Automobile R","5","0","1"
"220038","Hanson Aggregates","byron.dewitt@hansonplc.com","6895 Ellicott Street Rd","7165848743","716-584-3132","3273","Ready-Mixed Concrete","NULL"," Email <---> Revenue ","481134","Hanson Aggregates","6895 Ellicott Street Rd","Pavilion","NY","14525","Genesee","www.hanson.biz","5855843132","5855848743","Scott Wheaton","Plant Mgr","Mal","36000000","100","521128","Concrete-Rea","5","0","1"
"494062","Wagner Vineyards","c.voorhees@wagnervineyards.com","9322 State Route 414","6075826446","6075826450","208401","Wineries","www.wagnervineyards.com"," Email <---> Revenue ","1083349","Wagner Vineyards","9322 State Route 414","Lodi","NY","14860","Seneca","www.wagnervineyards.com","6075826450","6075826446","Stanley A Wagner","President","Mal","48150000","90","208401","Wineries","5","0","1"
"25670","Classic Executive Limousine","Carlos.Ramos@classicexecutive.com","1040 46th Ave","7184828163","7184827667","411903","Limousine Service","NULL"," Email <---> Revenue ","241743","Classic Executive Limousine","3830 31st St","Long Island City","NY","11101","Queens","www.classicexecutive.com","7184827667","7184821960","Osiris Lopez","Owner","Mal","27500000","250","411903","Limousine Se","5","0","1"
"201904","Brotherhood America's Oldest","CesarBaeza@brotherhoodnywines.com","PO Box 190","8454968720","8454963661","509905","Importers","NULL"," Email <---> Revenue ","173037","Brotherhood America's Oldest","PO Box 190","Washingtonville","NY","10992","Orange","www.brotherhoodnywines.com","8454963661","8454968720","Cesar Baeza","Owner","Mal","28320000","30","509905","Importers","5","0","1"
"485076","Specialized Printed Forms","cestabrooks@spforms.com","352 Center St","5855384922","5855382381","276104","Manifold Business Forms (Mfrs)","www.spforms.com"," Email <---> Revenue ","968648","Specialized Printed Forms","352 Center St","Caledonia","NY","14423","Livingston","www.spforms.com","5855382381","5855384922","Bob Mc Aleavey","President","Mal","28620000","90","276104","Manifold Bus","5","0","1"
"25999","Environmental Products & Svc","Chris.Parzych@enviromentalproducts.com","532 State Fair Blvd","3154576652","3154710503","873111","Environmental & Ecological Services","NULL"," Email <---> Revenue ","369305","Environmental Products & Svc","532 State Fair Blvd","Syracuse","NY","13204","Onondaga","www.epsofvermont.com","3154516666","3154576652","Chris Parzych","Owner","Mal","25000000","50","873111","Environmenta","5","0","1"
"259114","Cives Steel Co","cives@ftp.cives.com","8 Church St","2192794001","3152872200","344106","Steel-Structural (Manufacturers)","www.cives.com"," Email <---> Revenue ","239896","Cives Steel Co","8 Church St","Gouverneur","NY","13642","St Lawrence","www.cives.com","3152872200","3152874569","Ted Totten","President","Mal","37260000","135","344106","Steel-Struct","5","0","1"
"488781","Taylor Made SYSTEMS New York","civey@taylormarine.com","93 South Blvd","5187252420","5187739347","399903","Manufacturers","www.taylormarine.com"," Email <---> Revenue ","1015217","Taylor Made SYSTEMS New York","93 South Blvd","Gloversville","NY","12078","Fulton","www.taylormarine.com","5187730636","5187252420","Randy Parker","President","Mal","38800000","200","399903","Manufacturer","5","0","1"
"205675","American Products","Clifford@americanproductsinc.com","1600 Clinton Ave N","5852667223","5852958000","519917","Advertising-Specialties (Wholesale)","NULL"," Email <---> Revenue ","77250","American Products","1600 Clinton Ave N","Rochester","NY","14621","Monroe","www.atc-ny.com","5852958000","5852667223","Clifford Charlson","President","Mal","25130000","35","519917","Advertising-","5","0","1"
"354963","Delmar International Inc","cradock@webservintl.net","14755 175th St # 2","7186560360","7186561900","473104","Freight-Forwarding","NULL"," Email <---> Revenue ","307721","Delmar International Inc","14755 175th St # 2","Jamaica","NY","11434","Queens","www.delmar-group.com","7186561900","7186560360","William Julich","Owner","Mal","33040000","35","509901","Exporters","5","0","1"
"373594","Cambridge Corporate Svc","D-John@cambridgeservices.com","26 Broadway # 929","2124252882","2124257799","738999","Business Services Nec","NULL"," Email <---> Revenue ","194001","Cambridge Corporate Svc","26 Broadway # 929","New York","NY","10004","New York","www.cambridgeservices.com","2124257799","2124252882","John Dockery","Owner","Mal","47000000","500","738999","Business Ser","5","0","1"
"385254","Fabric Traditions","D-Seddio@fabrictraditions.com","1350 Broadway # 2100","2122795718","2122795710","513105","Textile Converting (Wholesale)","NULL"," Email <---> Revenue ","384099","Fabric Traditions","1350 Broadway # 2100","New York","NY","10018","New York","www.fabrictraditions.com","2122795710","2122795718","","","","26400000","25","513105","Textile Conv","5","0","1"
"369710","Hallmark Electrical Supplies","danp@hallmarkelectrical.com","542 Wortman Ave","7182579244","7182727400","506330","Electric Equipment & Supplies-Wholesale","www.hallmarkelectrical.com"," Email <---> Revenue ","477831","Hallmark Electrical Supplies","542 Wortman Ave","Brooklyn","NY","11208","Kings","www.hallmarkelectrical.com","7182727400","7182579244","Charles Roslonowski","President","Mal","28994000","38","506330","Electric Equ","5","0","1"
"15679","Applied Genetics Inc","danyarosh@agiderm.com","205 Buffalo Ave","5168689143","5168689026","512203","Pharmaceutical Products-Wholesale","NULL"," Email <---> Revenue ","91611","Applied Genetics Inc","205 Buffalo Ave","Freeport","NY","11520","Nassau","www.agiderm.com","5168689026","5168689143","Daniel Yarosh","Owner","Mal","32039000","23","512203","Pharmaceutic","5","0","1"
"343609","Dallis Brothers","DavidDallis@dalliscoffee.com","10030 Atlantic Ave","7188430178","7188453010","209502","Coffee Mills","NULL"," Email <---> Revenue ","292192","Dallis Brothers","10030 Atlantic Ave","Jamaica","NY","11416","Queens","www.dalliscoffee.com","7188453010","7188430178","David Dallis","Owner","Mal","26040000","35","209502","Coffee Mills","5","0","1"
"20112","Divine Brothers","Divine@divinebrothers.com","PO Box 438","3157970058","3157970470","329102","Abrasive Products (Manufacturers)","NULL"," Email <---> Revenue ","320532","Divine Brothers","PO Box 438","Utica","NY","13503","Oneida","www.devinebrothers.com","3157970470","3157970058","B Lees Divine","President","Mal","47400000","150","329102","Abrasive Pro","5","0","1"
"163924","Parfuse Corp","Don.Paris@Dipbrazing.Com","65 Kinkel St","5169975047","5169978888","505113","Metal Specialties (Wholesale)","NULL"," Email <---> Revenue ","810483","Parfuse Corp","62 Kinkel St","Westbury","NY","11590","Nassau","","5169978888","5169975047","Donald Paris","Owner","Mal","25230000","30","505113","Metal Specia","5","0","1"
"440516","Hebeler Corp","Donald.Hebeler@hebeler.com","2000 Military Rd","7168737538","7168739300","344106","Steel-Structural (Manufacturers)","NULL"," Email <---> Revenue ","490587","Hebeler Corp","2000 Military Rd","Tonawanda","NY","14150","Erie","www.hebeler.com","7168739300","7168737538","John Coleman","CEO","Mal","41400000","150","344106","Steel-Struct","5","0","1"
"162698","Bunzl Distr","donna.robinson@bunzlusa.com","20 Jet View Dr","9548859488","5852790080","511101","Paper Products (Wholesale)","www.bunzldistribution.com"," Email <---> Revenue ","179144","Bunzl Distr","20 Jet View Dr","Rochester","NY","14624","Monroe","www.bunzldistribution.com","5852790080","5852790088","Tom Dobat","Manager","Mal","43056000","23","511101","Paper Produc","5","0","1"
"477827","Commercial Data Processing","donnah@dataprocess.com","3253 Route 112 # 1","9738820387","6316963400","737401","Data Processing Service","NULL"," Email <---> Revenue ","253622","Commercial Data Processing","3253 Route 112 # 1","Medford","NY","11763","Suffolk","www.dataprocess.com","6316963400","9738820387","Tom Fahmie","President","Mal","37200000","200","737401","Data Process","5","0","1"
"398407","Echo Design Group","DorothyRoberts@echodesign.com","10 E 40th St # 16","2126865017","2126868771","225398","Knit Outerwear Mills","NULL"," Email <---> Revenue ","347664","Echo Design Group","10 E 40th St # 16","New York","NY","10016","New York","www.echodesign.com","2126868771","2126865017","Dorothy Roberts","Owner","Fem","32000000","85","225398","Knit Outerwe","5","0","1"
"484483","Wizard Entertainment Group","dsanchez@wizarduniverse.com","151 Wells Ave","8452680053","8452682000","519206","Magazines-Back Number (Wholesale)","www.wizarduniverse.com"," Email <---> Revenue ","1108050","Wizard Entertainment Group","151 Wells Ave","Congers","NY","10920","Rockland","www.wizarduniverse.com","8452682000","8452680053","Gareb Shamus","Owner","Mal","44496000","72","519206","Magazines-Ba","5","0","1"
"65807","Gray Metal Products Inc","dtaylor@graymetalsouth.com","495 Rochester St","5852269356","5852268660","344403","Sheet Metal Fabricators","www.graymetal.com"," Email <---> Revenue ","460792","Gray Metal Products Inc","495 Rochester St","Avon","NY","14414","Livingston","www.graymetal.com","5852268660","5852269356","Richard Gray Sr","President","Mal","30750000","150","344403","Sheet Metal ","5","0","1"
"247375","Webster Plastics","DVern@websterplastics.com","83 Estates Dr W","5854257238","5854257000","308901","Mold Makers","NULL"," Email <---> Revenue ","1091151","Webster Plastics","83 Estates Dr W","Fairport","NY","14450","Monroe","","5854257000","5854257238","Vern De Witt","President","Mal","27240000","120","308901","Plastics-Mol","5","0","1"
"184328","Energy-Onix","energy-onix@ier-broadcast.com","1306 River St","5187581690","5187581476","506504","Radio Communication Equip & Systems-Whol","www.energy-onix.com"," Email <---> Revenue ","367303","Energy-Onix","PO Box 801","Valatie","NY","12184","Columbia","www.energy-onix.com","5187581690","5187581476","Bernard Wise","Owner","Mal","30300000","30","506504","Radio Commun","5","0","1"
"453162","Enquire Printing & Publishing","F.Bill@enquireprint.com","4715 33rd St","7184820680","7187068400","275202","Printers","NULL"," Email <---> Revenue ","367963","Enquire Printing & Publishing","4715 33rd St","Long Island City","NY","11101","Queens","www.enquireprint.com","7187068400","7184820680","Bill Frumkin","President","Mal","31050000","150","275202","Printers","5","0","1"
"407745","Cameron Manufacturing Design","Frank@camfab.com","PO Box 478","6077393786","6077393606","344403","Sheet Metal Fabricators","NULL"," Email <---> Revenue ","194455","Cameron Manufacturing Design","PO Box 478","Horseheads","NY","14845","Chemung","www.camfab.com","6077393606","6077393786","Frank La Viola","President","Mal","29725000","145","344403","Sheet Metal ","5","0","1"
"396708","FWJ Plastic Packaging Inc","fwj@fwjpackaging.com","385 Crosspoint Pkwy","7165681301","7165680940","511308","Packaging Materials-Wholesale","www.fwjpackaging.com"," Email <---> Revenue ","383707","FWJ Plastic Packaging Inc","385 Crosspoint Pkwy","Getzville","NY","14068","Erie","www.fwjpackaging.com","7165680940","7165681301","John Jones","President","Mal","28431000","27","511308","Packaging Ma","5","0","1"
"370879","Presentation Concepts Corp","fworlock@pccav.com","7243 State Fair Blvd","5855449309","5855449309","504301","Audio-Visual Equipment & Supls (Whol)","www.pccav.com"," Email <---> Revenue ","847399","Presentation Concepts Corp","7243 State Fair Blvd","Syracuse","NY","13209","Onondaga","www.pccav.com","3156356226","3156357222","Joe Musumeci","Owner","Mal","28900000","20","504301","Audio-Visual","5","0","1"
"156106","Maple Ridge Fruit Farm","Gary.Wells@theappleshed.com","3391 Fairville Maple Ridge Rd","NULL","3153316294","514801","Fruits & Vegetables-Wholesale","NULL"," Email <---> Revenue ","678696","Maple Ridge Fruit Farm","3391 Fairville Maple Ridge Rd","Newark","NY","14513","Wayne","www.theappleshed.com","3153316294","","Gary Wells","Owner","Mal","27280000","40","514801","Fruits & Veg","5","0","1"
"376761","Action Security Alarms","GaryPuckhaber@actionsecuritygroup.com","16 Atlantic Ave","5854614443","5852321410","506324","Burglar Alarm Systems (Wholesale)","NULL"," Email <---> Revenue ","41514","Action Security Alarms","16 Atlantic Ave","Rochester","NY","14607","Monroe","www.actionsecuritygroup.com","5852321410","5854614443","Gary Puckhaber","Owner","Mal","38150000","50","506324","Burglar Alar","5","0","1"
"165585","Adventureland Amusement Park","Gentile.Anthony@adventureland.us","2245 Route 110","6316946816","6316946868","799601","Amusement Places","NULL"," Email <---> Revenue ","47952","Adventureland Amusement Park","2245 Route 110","Farmingdale","NY","11735","Nassau","www.adventureland.us","6316946868","6316946816","Anthony Gentile","President","Mal","25200000","300","799601","Amusement Pl","5","1","1"
"47104","POP Displays Inc","gerald.yablans@popinc.com","2645 Brooklyn Queens Expy","7187215105","7182740810","731901","Display Designers & Producers","NULL"," Email <---> Revenue ","804319","POP Displays Inc","2645 Brooklyn Queens Expy","Flushing","NY","11377","Queens","","7182740810","7187215105","Gerald Yablans","Owner","Mal","35000000","150","731901","Display Desi","5","0","1"
"282192","HPI Intl","Gerrold@hpi.com","188 21st St","7187682141","7187688800","509905","Importers","NULL"," Email <---> Revenue ","474581","HPI Intl","188 21st St","Brooklyn","NY","11232","Kings","www.hpi.com","7187688800","7187682141","Gerrold Berger","Owner","Mal","35200000","20","509905","Importers","5","0","1"
"470014","MIKE HOFFMAN ASSOCIATES","ggreenberg@changingourworld.com","420 LEXINGTON AVE SUITE 2458","2124990866","null","8999","Services NEC","CHANGINGOURWORLD.COM^^MIKEHOFFMAN.NET^^MIKEHOFFMANASSOCIATES.COM^^NFPLIST.COM^^NONPROFITWEBGUIDE.COM"," Email <---> Revenue ","716284","Mike Hoffman Assoc Inc","420 Lexington Ave # 2320","New York","NY","10170","New York","www.changingourworld.com","2124990866","2124999075","Michael Hoffman","Manager","Mal","44170000","70","839907","Fund Raising","5","0","1"
"21897","D & J Ambulette Svc","GJ@ambulette.net","2622 Chesbrough Ave","7188286467","7188289800","411905","Ambulette Service","NULL"," Email <---> Revenue ","285377","D & J Ambulette Svc","2622 Chesbrough Ave","Bronx","NY","10461","Bronx","www.ambulette.net","7188289800","7188286467","Joey Galito","Owner","Mal","26400000","300","411905","Ambulette Se","5","0","1"
"471752","Dart Courier Svc","gweiss@dartcourier.com","116 E 16th St # 3","2125295080","2125296000","738970","Messenger Service","www.dartcourier.com"," Email <---> Revenue ","296267","Dart Courier Svc","116 E 16th St # 3","New York","NY","10003","New York","www.dartcourier.com","2124201425","2125295080","Joe Offenbacher","President","Mal","31000000","200","738970","Messenger Se","5","0","1"
"241197","Advanced Creations","Harn@advcreations.com","31 W 47th St # 203","2123911735","2127645418","509406","Jewelers-Wholesale","NULL"," Email <---> Revenue ","46523","Advanced Creations","31 W 47th St # 203","New York","NY","10036","New York","","2127645418","2123911735","Harn Lee","Owner","Mal","25050000","25","509406","Jewelers-Who","5","0","1"
"491704","Keytronics Inc","harold@keytronics.com","707 North St","6077549791","6077545405","365198","Household Audio/Video Equipment (Mfrs)","NULL"," Email <---> Revenue ","601323","Keytronics Inc","707 North St","Endicott","NY","13760","Broome","www.keytronics.com","6077545405","6077549791","","","","26117000","49","365198","Household Au","5","0","1"
"61869","H M Cross & Sons","HarrisonPaul@hmcross.com","PO Box 20700","5854246928","5854245500","506302","Power Transmission Equipment (Wholesale)","NULL"," Email <---> Revenue ","473018","H M Cross & Sons","PO Box 20700","Rochester","NY","14602","Monroe","www.hmcross.com","5854245500","5854246928","Paul Harrison","President","Mal","26705000","35","506302","Power Transm","5","0","1"
"229382","Favorite Plastics","Hershey_Freedman@favoriteplastics.com","1465 Utica Ave","7183771918","7182537000","308101","Polyethylene Materials & Prods (Mfrs)","NULL"," Email <---> Revenue ","391680","Favorite Plastics","1465 Utica Ave","Brooklyn","NY","11234","Kings","www.favoriteplastics.com","7182537000","7183771918","Hershey Freedman","Owner","Mal","39400000","100","308101","Polyethylene","5","0","1"
"417959","Rotork Controls Inc","home@pc-intertechnik.com","675 Mile Crossing Blvd","5853285848","5853281550","359298","Carburetors Pistons Rings/Valves (Mfrs)","www.rotork.com"," Email <---> Revenue ","908485","Rotork Controls Inc","675 Mile Crossing Blvd","Rochester","NY","14624","Monroe","www.rotork.com","5853281550","5853285848","Bob Arnold","President","Mal","25000000","100","359298","Carburetors ","5","0","1"
"388543","OSI Pharmaceuticals Inc","investor_info@osip.com","58 S Service Rd","6317523880","6319622000","873108","Pharmaceutical Research Laboratories","www.osip.com"," Email <---> Revenue ","785976","OSI Pharmaceuticals Inc","41 Pinelawn Rd","Melville","NY","11747","Suffolk","www.osip.com","6319622000","6317523880","Colin Goddard","CEO","Mal","42800000","452","873108","Pharmaceutic","5","0","1"
"234701","Nations Best Wholesale Deli Co","Ira.Rosner@huntspoint-trade.com","D7 Hunts Point CO Op Mkt","NULL","7183285270","514704","Meat-Wholesale","NULL"," Email <---> Revenue ","751169","Nations Best Wholesale Deli Co","D7 Hunts Point CO Op Mkt","Bronx","NY","10474","Bronx","","7183285270","","Ira Rosner","Owner","Mal","27495000","9","514704","Meat-Wholesa","5","0","1"
"32924","International Institute","J-Laverne@iisrp.com","110 E 59th St","2127550777","2127580177","874215","Consultants-Referral Service","NULL"," Email <---> Revenue ","532270","International Institute","110 E 59th St # 31","New York","NY","10022","New York","www.iil.com","2127580177","2129090558","Laverne Johnson","CEO","Fem","25500000","150","874215","Consultants-","5","0","1"
"216386","North Shore Day Camp","JacobsJay@northshoredaycamp.com","85 Crescent Beach Rd","5166760965","5166760904","703203","Camps","NULL"," Email <---> Revenue ","776769","North Shore Day Camp","85 Crescent Beach Rd","Glen Cove","NY","11542","Nassau","www.northshoredaycamp.com","5166760904","5166760965","Paula Rothman","President","Fem","31750000","250","703203","Camps","5","1","1"
"302023","Pioneer Credit Recovery Inc","jbeiter@pioneer-credit.com","20 Parker Ln","5852377050","5852370110","732201","Collection Agencies","www.pioneer-credit.com"," Email <---> Revenue ","834960","Pioneer Credit Recovery Inc","20 Parker Ln","Perry","NY","14530","Wyoming","www.pioneer-credit.com","5852370110","5852377050","Jeff Mersmann","Executive Director","Mal","41600000","400","732201","Collection A","5","0","1"
"462144","Continental Corporate Engrvrs","Jeffery@continentalanchor.com","3100 47th Ave","7187842683","7187847711","279698","Platemaking & Related Services","NULL"," Email <---> Revenue ","262753","Continental Corporate Engrvrs","3100 47th Ave","Long Island City","NY","11101","Queens","www.continentalanchor.com","7187847711","7187842683","Jeffery Van Zandt","Owner","Mal","26250000","150","279698","Platemaking ","5","0","1"
"192635","STS Duotek Inc","Jim.Whitbourne@duotek.com","370 Summit Point Dr","5853213058","5853215000","384104","Physicians & Surgeons Equip & Supls-Mfrs","NULL"," Email <---> Revenue ","918422","STS Duotek Inc","370 Summit Point Dr","Henrietta","NY","14467","Monroe","www.stsduotek.com","5853215000","5853213058","James Whitbourne","President","Mal","32200000","100","384104","Physicians &","5","0","1"
"118671","Best Brands Home Products","JKassin@bestbrands.com","20 W 33rd St # 5","2126847630","2126847456","226904","Linens-Manufacturers","NULL"," Email <---> Revenue ","141715","Best Brands Home Products","20 W 33rd St # 5","New York","NY","10001","New York","","2126847456","2126847630","Jack Kassin","Owner","Mal","30208000","32","509905","Importers","5","0","1"
"238147","Birds Eye Foods Inc","jmorelli@auragen.com","180 State St","2627245279","5856373154","203801","Frozen Food Processors","www.birdseyefoods.com"," Email <---> Revenue ","149561","Birds Eye Foods Inc","180 State St","Brockport","NY","14420","Monroe","www.birdseyefoods.com","5856373154","5856379333","Jeff Clark","Manager","Mal","29100000","300","422202","Warehouses-C","5","0","1"
"172420","Copeland Coating Co Inc","john.copeland@copelandcoating.com","PO Box 595","5187663603","5187662932","285114","Painters Equipment & Supplies-Mfrs","NULL"," Email <---> Revenue ","264834","Copeland Coating Co Inc","PO Box 595","Nassau","NY","12123","Rensselaer","www.copelandcoating.com","5187662932","5187663603","John Copeland","Owner","Mal","31750000","50","285114","Painters Equ","5","0","1"
"380793","Ellman International","Jon@ellman.com","3333 Royal Ave","5165690054","5165691566","384104","Physicians & Surgeons Equip & Supls-Mfrs","NULL"," Email <---> Revenue ","359946","Ellman International","3333 Royal Ave","Oceanside","NY","11572","Nassau","","5165943333","5165690054","Jon Garito","President","Mal","32200000","100","384104","Physicians &","5","0","1"
"481852","Altronix Corp","Jonathan.Sohnis@altronix.com","140 58th St # 3w","7185679056","7185678181","369902","Electric Equipment-Manufacturers","NULL"," Email <---> Revenue ","70947","Altronix Corp","140 58th St # 3w","Brooklyn","NY","11220","Kings","www.altronix.com","7185678181","7185679056","Alan Forman","Owner","Mal","26000000","100","369902","Electric Equ","5","0","1"
"139811","New Buffalo Shirt Factory","Jon_Weiss@newbuffaloshirt.com","4055 Casillio Pkwy","7167591080","7167596273","733609","Silk Screen Printing","NULL"," Email <---> Revenue ","756889","New Buffalo Shirt Factory","4055 Casillio Pkwy","Clarence","NY","14031","Erie","www.newbuffaloshirt.com","7167596273","7167591080","Jon Weiss","CEO","Mal","33660000","170","733609","Silk Screen ","5","0","1"
"29714","Van Son Holland Ink Corp-Amer","JosephBendowski@vansoninc.com","PO Box 9006","6317157020","6317157000","289301","Inks-Printing & Lithographing (Mfrs)","NULL"," Email <---> Revenue ","1068323","Van Son Holland Ink Corp-Amer","PO Box 9006","Central Islip","NY","11722","Suffolk","www.vansoninc.com","6317157000","","Joseph Bendowski","President","Mal","47160000","90","289301","Inks-Printin","5","0","1"
"52526","Systems Manufacturing Corporation","jsmales@smcplus.com","26 Powers Rd","6077751100","6077754995","8999","Services NEC","smctest.net"," Email <---> Revenue ","1007102","Systems Manufacturing Corp","PO Box 431","Conklin","NY","13748","Broome","www.smcplus.com","6077751100","6077755080","Norm Hoag","Plant Mgr","Mal","29120000","100","357702","Computer Per","5","0","1"
"264396","CamAir","jtorrisi@airtek.com","4087 Walden Ave","7166854040","7166851010","371402","Mfg Motor Vehicle Parts/accessories Mfg Truck/bus Bodie","camairracing.com"," Email <---> Revenue ","875040","Rayco Airteck Inc","4087 Walden Ave","Lancaster","NY","14086","Erie","www.airtek.com","7166854040","7166851010","Raymond Arno","President","Mal","32640000","60","508402","Compressors-","5","0","1"
"296896","Crowley WEBB & Assoc","J_C@crowley-webb.com","268 Main St # 400","7168562940","7168562932","731101","Advertising-Agencies & Counselors","NULL"," Email <---> Revenue ","278535","Crowley WEBB & Assoc","268 Main St # 400","Buffalo","NY","14202","Erie","www.crowley-webb.com","7168562932","7168562940","Joseph Crowley","Owner","Mal","30000000","30","731101","Advertising-","5","0","1"
"6926","Amsterdam Printing & Litho","Kevin_Kirbey@amsterdamprinting.com","166 Wallins Corners Rd","5188435204","5188426000","267101","Packaging Materials-Manufacturers","NULL"," Email <---> Revenue ","80302","Amsterdam Printing & Litho","166 Wallins Corners Rd","Amsterdam","NY","12010","Montgomery","www.amsterdamprinting.com","5188426000","5188435204","Kevin Kirbey","President","Mal","42500000","700","267101","Packaging Ma","5","0","1"
"316373","Cowtan & Tout","Key@broidy-capital.com","111 8th Ave # 930","2126476906","2126476900","221107","Fabrics-Manufacturers","NULL"," Email <---> Revenue ","272950","Cowtan & Tout","111 8th Ave # 930","New York","NY","10011","New York","","2126476900","2126476906","Key Hall","CEO","Mal","27950000","130","221107","Fabrics-Manu","5","0","1"
"403421","Restore Master","KHennesey@abm.com","36 Green Mountain Dr","5187855158","5187854605","721704","Carpet & Rug Cleaners","NULL"," Email <---> Revenue ","884908","Restore Master","36 Green Mountain Dr","Cohoes","NY","12047","Albany","","5187854605","5187855158","Khalan Hennesey","CEO","Mal","44500000","500","721704","Carpet & Rug","5","0","1"
"142468","L C Whitford Co","L.Chandler.Whitford@lcwhitford.com","164 N Main St","5855930488","5855937228","735949","Contractors-Equipment & Supls-Renting","NULL"," Email <---> Revenue ","614684","L C Whitford Co","164 N Main St","Wellsville","NY","14895","Allegany","www.lcwhitford.com","5855932741","5855930488","L C Whitford","Owner","","25800000","100","521128","Concrete-Rea","5","0","1"
"89129","Buhrmaster Energy Group","LawrenceM@buhrmaster.com","5626 State Highway 30","5188427659","5188426950","343303","Heating Equipment-Manufacturers","NULL"," Email <---> Revenue ","178151","Buhrmaster Energy Group","164 W Main St","Amsterdam","NY","12010","Montgomery","","5188431700","5188424678","Don Hosier","Manager","Mal","38952000","8","517206","Oils-Fuel (W","5","0","1"
"482719","Cambridge Resources","lb@centralnotion.com","960 Alabama Avenue","7186491666","7184854403","628205","Financial Planning Consultants","CAMBRIDGERESOURCES.COM^^CENTRALFINANCIALGROUP.BIZ"," Email <---> Revenue ","215785","Central Notion Co","960 Alabama Ave","Brooklyn","NY","11207","Kings","www.centralnotion.com","7186491666","7184854403","","","","25650000","45","508535","Fasteners-Te","5","0","1"
"388821","Euromoney Training Inc","legaltraining@euromoneytraining.com","225 Park Ave S # 6","2123613499","2123613299","829931","Training Programs & Services","www.euromoneytraining.com"," Email <---> Revenue ","375114","Euromoney Training Inc","225 Park Ave S # 6","New York","NY","10003","New York","www.euromoneytraining.com","2123613299","2123613499","Matthew Know","President","Mal","30800000","350","829931","Training Pro","5","0","1"
"258355","Carriage Traders","Leonard@carriagetraders.com","170 Saratoga Rd","5187938676","5187938000","551103","Automobile Dealers-Used Cars","NULL"," Email <---> Revenue ","205784","Carriage Traders","170 Saratoga Rd","S Glens Falls","NY","12803","Saratoga","www.carriagetraders.com","5187938000","5187938676","Leonard Romeo","Owner","Mal","25000000","80","551103","Automobile D","5","1","1"
"121988","Badia Spices Corp","louis.perez@badiaspices.com","18 Sargent Pl","9146642741","9146642700","514938","Spices-Wholesale","NULL"," Email <---> Revenue ","119529","Badia Spices Corp","18 Sargent Pl","Mt Vernon","NY","10550","Westchester","","9146642700","9146642741","Louis Perez","Owner","Mal","29540000","35","514938","Spices-Whole","5","0","1"
"466759","Midtown Electric Supply Co","lp@midtownorders.com","157 W 18th St","2122553177","2122553388","353105","Contractors-Equipment-Manufacturers","www.midtownelectric.com"," Email <---> Revenue ","715423","Midtown Electric Supply Co","157 W 18th St","New York","NY","10011","New York","www.midtownelectric.com","2122553388","2122553177","Matthew Gold","President","Mal","32760000","65","353105","Contractors-","5","0","1"
"121193","1-800-Cityride","M-Rafael@cityridelimo.com","2626 Jackson Ave","7187091799","7187066666","411903","Limousine Service","NULL"," Email <---> Revenue ","746","1-800-Cityride","2626 Jackson Ave","Long Island City","NY","11101","Queens","www.cityridelimo.com","7187066666","7187091799","Rafael Mordukhaev","President","Mal","44000000","400","411903","Limousine Se","5","0","1"
"204048","Omega Industries Development","M@turbodyn.com","150 Express St","5163497906","5163498010","509901","Exporters","NULL"," Email <---> Revenue ","791490","Omega Industries Development","150 Express St","Plainview","NY","11803","Nassau","www.turbodyn.com","5163498010","5163497906","M Lavi","Owner","Mal","28320000","30","509901","Exporters","5","0","1"
"431879","Hammond Security Systems","Mac-Hammond@hammondsecurity.com","131 Cannon St","8454714117","8454713441","506304","Security Control Equip & Systems-Whol","NULL"," Email <---> Revenue ","478922","Hammond Security Systems","131 Cannon St","Poughkeepsie","NY","12601","Dutchess","www.hammondsecurity.com","8455652700","8454714117","Macolm Hammond","Owner","Mal","28231000","37","506324","Burglar Alar","5","0","1"
"290494","Chemprene Inc","mahlon.goer@chemprene.com","570 Fishkill Ave","8458314639","8458312800","306913","Rubber Coating (Manufacturers)","www.chemprene.com"," Email <---> Revenue ","225632","Chemprene Inc","PO Box 471","Beacon","NY","12508","Dutchess","www.chemprene.com","8458312800","8458314639","Paul Hamilton","President","Mal","33000000","120","306913","Rubber Coati","5","0","1"
"243991","WHRW-FM","mark@geminiweb.net","Box 2000 - Binghamton University","6077772139","null","822101","Schools","WHRWFM.ORG"," Email <---> Revenue ","1082365","WHRW-FM","PO Box 6000","Binghamton","NY","13902","Broome","www.whrwfm.org","6077772137","6077776501","Robert Bergdall","Manager","Mal","35376000","201","483201","Radio Statio","5","0","1"
"415676","Eltrex","MatthewAugustine@eltrex.com","65 Sullivan St","5852637766","5854546100","508740","Vacuum Cleaners-Industrial & Coml (Whol)","NULL"," Email <---> Revenue ","361000","Eltrex","65 Sullivan St","Rochester","NY","14605","Monroe","www.eltrex.com","5854546100","5852637766","Matthew Augustine","CEO","Mal","34600000","100","508740","Vacuum Clean","5","0","1"
"324122","Standard Folding Cartons Inc","maureens@thestandardgroup.com","85th St & 24th Ave","7185076430","7183355500","265701","Boxes-Folding-Manufacturers","NULL"," Email <---> Revenue ","978926","Standard Folding Cartons Inc","85th St & 24th Ave","Flushing","NY","11370","Queens","www.thestandardgroup.com","7183355500","7185076430","Steven D Levkoff","President","Mal","38000000","230","265701","Boxes-Foldin","5","0","1"
"95325","Buffalo Hospital Supply Co","mburke@buffalohospital.com","4039 Genesee St","7166264307","7166269400","504712","Hospital Equipment & Supplies (Whol)","NULL"," Email <---> Revenue ","177362","Buffalo Hospital Supply Co","4039 Genesee St","Buffalo","NY","14225","Erie","www.buffalohospital.com","7166269400","7166264307","Michael J Burke","President","Mal","31200000","100","504712","Hospital Equ","5","0","1"
"416811","N Y State Credit Union","Mellin.William@nycreditunions.com","19 British American Blvd","5184378288","5184378100","999977","Nonclassified Establishments","NULL"," Email <---> Revenue ","742882","N Y State Credit Union","19 British American Blvd","Latham","NY","12110","Albany","www.nycreditunions.com","5184378100","5184378288","William Mellin","President","Mal","25300000","110","874213","Marketing Pr","5","0","1"
"86586","Marco Manufacturing Inc","michael.ratliff@buildcore.com","55 Page Park Dr","8454851649","8454851571","399903","Manufacturers","NULL"," Email <---> Revenue ","680221","Marco Manufacturing Inc","55 Page Park Dr","Poughkeepsie","NY","12603","Dutchess","","8454851571","8454851649","Michael Ratliff","President","Mal","40400000","40","506519","Electronic E","5","0","1"
"354371","Crawford Furniture Mfg","Michael@crawfordfurniture.com","PO Box 668","7164832634","7166619100","251198","Wood-Household Furn-Ex Upholstered (Mfr)","NULL"," Email <---> Revenue ","274338","Crawford Furniture Mfg","PO Box 668","Jamestown","NY","14702","Chautauqua","www.crawfordfurniture.com","7166619100","7164832634","Michael Cappa","President","Mal","36100000","200","251198","Wood-Househo","5","0","1"
"75714","Midship Marine Inc","mike.hinojosa@midship.com","145 Main St","5169443515","5169443500","508803","Ship Brokers","NULL"," Email <---> Revenue ","715305","Midship Marine Inc","145 Main St","Port Washington","NY","11050","Nassau","www.midshipmarine.com","5169443500","5169443515","Matthew I De Luca","Owner","Mal","30200000","40","508803","Ship Brokers","5","0","1"
"490712","Industrial Acoustics Co","mike.uscuski@industrialacoustics.com","1160 Commerce Ave","7188631138","7189318000","174201","Acoustical Materials","NULL"," Email <---> Revenue ","526068","Industrial Acoustics Co","1160 Commerce Ave","Bronx","NY","10462","Bronx","www.industrialacoustics.com","7189318000","7188631138","Brian Quarendon","CEO","Mal","47400000","300","174201","Acoustical M","5","0","1"
"470171","Century Direct","Mike@20thcenturydirect.com","3000 47th Ave # 3","7183499528","2126917740","733105","Advertising-Direct Mail","NULL"," Email <---> Revenue ","217216","Century Direct","3000 47th Ave # 3","Long Island City","NY","11101","Queens","","2127630600","7183499528","Mike Kellogg","President","Mal","42000000","200","733105","Advertising-","5","0","1"
"304716","Creative Energies","MK@creativeenergies.com","140 58th St # 3a","7184390437","7184391100","502317","Picture Frames-Wholesale","NULL"," Email <---> Revenue ","275102","Creative Energies","140 58th St # 3a","Brooklyn","NY","11220","Kings","www.creativeenergies.com","7184391100","7184390437","Kenneth Markman","Owner","Mal","33420000","60","502317","Picture Fram","5","0","1"
"406228","Bestway Enterprises Inc","mkenny@bestwaylumber.com","3877 Luker Rd","6077539948","6077538261","521107","Windows","NULL"," Email <---> Revenue ","142925","Bestway Enterprises Inc","3877 Luker Rd","Cortland","NY","13045","Cortland","www.bestwayone.com","6077538261","6077539948","Karl Oaks","President","Mal","30700000","59","521107","Windows","5","0","1"
"257684","Bnai Zion","MParness@bnaizion.com","136 E 39th St","2126846327","2127251211","631198","Life Insurance (Underwriters)","NULL"," Email <---> Revenue ","155212","Bnai Zion","136 E 39th St","New York","NY","10016","New York","www.bnaizion.com","2127251211","2126846327","Mel Parness","VP","Mal","25500000","30","631198","Life Insuran","5","0","1"
"330256","Palio Communications","M_Edward@palio.com","260 Broadway # 1","5185831560","5185848924","731101","Advertising-Agencies & Counselors","NULL"," Email <---> Revenue ","807183","Palio Communications","260 Broadway # 1","Saratoga Springs","NY","12866","Saratoga","www.palio.com","5185848924","5185831560","Michael Myers","CEO","Mal","25080000","120","731101","Advertising-","5","0","1"
"495989","William S Hein & Co","m_ganesh@wshein.com","1285 Main St","7168838100","7168822600","273198","Books-Publishing & Printing","NULL"," Email <---> Revenue ","1103501","William S Hein & Co","1285 Main St","Buffalo","NY","14209","Erie","www.wshein.com","7168822600","7168838100","Kevin Marmion","President","Mal","43800000","100","273198","Books-Publis","5","2","1"
"18182","Postler & Jaeckle Corp","Norm.Laudisi@Postler.Com","615 South Ave","5855464316","5854236200","171114","Mechanical Contractors","NULL"," Email <---> Revenue ","843610","Postler & Jaeckle Corp","615 South Ave","Rochester","NY","14620","Monroe","www.postlerandjaeckle.com","5854236200","5855464316","Erich Postler","President","Mal","32700000","200","171114","Mechanical C","5","0","1"
"436541","Angola Distribution Ctr","olgaluz@luztirada.com","200 S Main St","5089439182","7165490926","731908","Distribution Services","www.goya.com"," Email <---> Revenue ","84871","Angola Distribution Ctr","200 S Main St","Angola","NY","14006","Erie","www.goya.com","7165490926","7165497259","Steve Schunk","Plant Mgr","Mal","45200000","200","731908","Distribution","5","0","1"
"426135","ELO Touch Systems","perla.guilbert@elotouch.com","90 Goodway Dr","3057174909","5854751110","506519","Electronic Equipment & Supplies-Whol","www.elotouch.com"," Email <---> Revenue ","340640","ELO Touch Systems","90 Goodway Dr","Rochester","NY","14623","Monroe","www.elotouch.com","5854751110","5854751126","William Betteridge","Manager","Mal","45450000","45","506519","Electronic E","5","0","1"
"220997","Delacy Ford Inc","peter.delacy@delacyford.com","3061 Transit Rd","7166680072","7166681200","551103","Automobile Dealers-Used Cars","www.delacyford.com"," Email <---> Revenue ","306415","Delacy Ford Inc","PO Box 437","Elma","NY","14059","Erie","www.delacyford.com","7166681200","7166680072","Jim Delacyo","Owner","Mal","46970000","70","551103","Automobile D","5","1","1"
"284202","P & C Foods","Peter@pandcfoods.com","620 Nottingham Rd","3154468067","3154461652","541105","Grocers-Retail","NULL"," Email <---> Revenue ","801450","P & C Foods","620 Nottingham Rd","Syracuse","NY","13224","Onondaga","","3154461652","3154468067","John Peter","CEO","Mal","37050000","150","541105","Grocers-Reta","5","0","1"
"30237","Applied Research & Technology","Phil@artechno.com","215 Tremont St","5854363942","5854362720","367901","Electronic Equipment & Supplies-Mfrs","NULL"," Email <---> Revenue ","91683","Applied Research & Technology","215 Tremont St","Rochester","NY","14608","Monroe","www.artproaudio.com","5854362720","5854363942","Phil Betette","President","Mal","26000000","30","367901","Electronic E","5","0","1"
"4383","AGX Corp","pHsieh@agxcorp.com","55 W 39th St # 16","2128696214","2128695533","233103","Women's Apparel-Manufacturers","NULL"," Email <---> Revenue ","31765","AGX Corp","55 W 39th St # 16","New York","NY","10018","New York","www.agxcorp.com","2128695533","2128696214","Alfred Greenblatt","President","Mal","39050000","50","513628","Clothing-Who","5","0","1"
"174727","Lumelite Plastics Joe Pietryka","Pietryka_Joe@lumelite.com","85 Charles Colman Blvd","8458555219","8458551201","384104","Physicians & Surgeons Equip & Supls-Mfrs","NULL"," Email <---> Revenue ","659360","Lumelite Plastics Joe Pietryka","85 Charles Colman Blvd","Pawling","NY","12564","Dutchess","www.lumelite.com","8458551201","8458555219","Joe Pietryka","Owner","Mal","27370000","85","384104","Physicians &","5","0","1"
"389434","Pactech","psimeone@nalgenunc.com","1999 Mount Read Blvd # 5","5855868431","5854588008","267101","Packaging Materials-Manufacturers","www.nalgenunc.com"," Email <---> Revenue ","805845","Pactech","1999 Mount Read Blvd # 5","Rochester","NY","14615","Monroe","www.pactechpackaging.com","5854588008","5856479116","George Sprague","Manager","Mal","48600000","120","267101","Packaging Ma","5","0","1"
"19430","Fiberdyne Labs","P_Polus@fiberdyne.com","127 Business Park Dr","3158958436","3158958470","335701","Fiber Optics-Equipment & Systems (Mfrs)","NULL"," Email <---> Revenue ","394941","Fiberdyne Labs","127 Business Park Dr","Frankfort","NY","13340","Herkimer","www.fiberdyne.com","3158958470","3158958436","A Peter Polus Sr","CEO","Mal","48150000","150","335701","Fiber Optics","5","0","1"
"84141","East Coast Promotional Prods","Ralph@longislandgolfer.com","1075 N New York Dr","5162933635","5162933634","519917","Advertising-Specialties (Wholesale)","NULL"," Email <---> Revenue ","343517","East Coast Promotional Prods","1075 N New York Dr","Massapequa","NY","11758","Nassau","www.longislandgolfer.com","5162933634","5162933635","Ralph Camochia","CEO","Mal","37336000","52","519917","Advertising-","5","0","1"
"490905","Habitat Inc","Randy.Chamberlain@habitat-design.com","5 W 37th St","2122680812","2122683535","509406","Jewelers-Wholesale","NULL"," Email <---> Revenue ","475075","Habitat Inc","5 W 37th St","New York","NY","10018","New York","","2122683535","2122680812","Marc Schwartz","Owner","Mal","30060000","30","509406","Jewelers-Who","5","0","1"
"314999","Fratelli Ricatto Import","Ricatto@ricatto.com","PO Box 418","7183872909","7182187696","509905","Importers","NULL"," Email <---> Revenue ","417482","Fratelli Ricatto Import","PO Box 418","Brooklyn","NY","11211","Kings","www.ricatto.com","7182187696","7183872909","Michael Ricatto","Owner","Mal","28320000","30","509905","Importers","5","0","1"
"241310","Broadway Exterminating","RichardM@broadwayexterminating.com","782 Amsterdam Ave","2129611490","2126632100","287905","Pest Control Supplies & Equip-Mfrs","NULL"," Email <---> Revenue ","169006","Broadway Exterminating","782 Amsterdam Ave","New York","NY","10025","New York","www.broadwayexterminating.com","2126632100","2129611490","Richard Miller","Owner","Mal","25420000","20","287905","Pest Control","5","0","1"
"400553","Koch Container","Robert.Harris@highfalls.com","777 Old Dutch Rd","7169247040","716-924-1600","2653","Corrugated and Solid Fiber Boxes","NULL"," Email <---> Revenue ","589367","KOCH Container","797 Old Dutch Rd","Victor","NY","14564","Ontario","www.kochcontainer.com","5859241600","5859247040","Bob Harris","President","Mal","32400000","60","265301","Corrugated &","5","0","1"
"252421","HUB International Northeast","robert.pachner@hubinternational.com","111 W 40th St # 1065","2123382100","2123382000","641133","Insurance-Holding Companies","NULL"," Email <---> Revenue ","474760","HUB International Northeast","111 W 40th St # 1065","New York","NY","10018","New York","www.kayegroup.com","2123382000","2123382100","Marc I Cohen","CEO","Mal","43405000","380","641133","Insurance-Ho","5","0","1"
"124391","Abele Tractor & Equipment Co","rod.renz@abeletractor.com","72 Everett Rd","5184385751","5184384444","508206","Contractors-Equip/Supls-Dlrs/Svc (Whol)","NULL"," Email <---> Revenue ","35797","Abele Tractor & Equipment Co","72 Everett Rd","Albany","NY","12205","Albany","www.abeletractor.com","5184384444","5184385751","Rodney Abele","President","Mal","36675000","45","508206","Contractors-","5","0","1"
"29174","Mamiya America Corp","rod.zamudio@mamiya.com","8 Westchester Plz # 2","9143473309","9143473300","504305","Photographic Equip & Supplies-Wholesale","NULL"," Email <---> Revenue ","675012","Mamiya America Corp","8 Westchester Plz # 2","Elmsford","NY","10523","Westchester","www.mamiya.com","9143473300","9143473309","Jan Lederman","President","Fem","37760000","40","509905","Importers","5","0","1"
"25534","IFG Corp","ronald@latintrade.com","34 W 33rd St","2122399707","2122398615","236901","Clothes & Accessories-Childrens-Mfrs","NULL"," Email <---> Revenue ","519187","IFG Corp","34 W 33rd St","New York","NY","10001","New York","","2122398615","2122399707","Ronnie Adjmi","Owner","Mal","36000000","30","236901","Clothes & Ac","5","0","1"
"444494","Weg Electric Motor Corp","rrisman@wegelectric.com","2100 Brighton Henrietta Tl Rd","7703381632","5852401000","506331","Electric Motors-Distributors","www.wegelectric.com"," Email <---> Revenue ","1091582","Weg Electric Motor Corp","2100 Brighton Henrietta Tl Rd","Rochester","NY","14623","Monroe","www.wegelectric.com","5852401000","5852401010","","","","30520000","40","506331","Electric Mot","5","0","1"
"229488","Martin Viette Nurseries","Russell@martinviette.com","PO Box 10","5169223801","5169225530","526104","Garden Centers","NULL"," Email <---> Revenue ","687783","Martin Viette Nurseries","PO Box 10","East Norwich","NY","11732","Nassau","www.martinviette.com","5169225530","5169223801","Russell Ireland Jr","President","Mal","27300000","100","526104","Garden Cente","5","0","1"
"428115","Atlantic Paste & Glue","S.F@catchmaster.com","107 53rd St","NULL","7184923647","289101","Adhesives & Glues-Manufacturers","NULL"," Email <---> Revenue ","105752","Atlantic Paste & Glue","170 53rd St","Brooklyn","NY","11232","Kings","www.catchmaster.com","7184923648","7184390039","Steven Frisch","CEO","Mal","30030000","30","516912","Adhesives & ","5","0","1"
"405924","Saranty Importers","scott.cooper@wjdeutsch.com","108 Corporate Park Dr","9142510283","9142510280","509905","Importers","NULL"," Email <---> Revenue ","928094","Saranty Importers","108 Corporate Park Dr","White Plains","NY","10604","Westchester","www.wjdeutsch.com","9142510280","9142510283","William Deutsch","Owner","Mal","47200000","50","509905","Importers","5","0","1"
"230774","Dancker Sellew & Douglas","ScottD@dancker.com","100 Broadway # 5","2126196799","2122672200","502112","Office Furniture & Equip-Dealers (Whol)","NULL"," Email <---> Revenue ","293462","Dancker Sellew & Douglas","100 Broadway # 5","New York","NY","10005","New York","www.dancker.com","2122672200","2126196799","Scott Douglas","President","Mal","38100000","75","502112","Office Furni","5","0","1"
"471039","Soudronic LTD","sgmbh@soudronic.com","465 N State Rd # 2","9149415144","9149414808","354204","Can-Manufacturers Machinery (Mfrs)","www.soudronic.com"," Email <---> Revenue ","963982","Soudronic LTD","465 N State Rd","Briarcliff Manor","NY","10510","Westchester","www.soudronic.com","9149414808","9149415144","Urs Keller","CEO","Mal","37500000","24","354204","Can-Manufact","5","0","1"
"291693","Artina Group","Shapiro@hermesexpo.com","250 Clearbrook Rd","NULL","9145921850","511207","Business Forms & Systems (Wholesale)","NULL"," Email <---> Revenue ","99603","Artina Group","250 Clearbrook Rd","Elmsford","NY","10523","Westchester","","9145921850","","Ina Shapiro","Owner","Fem","47700000","150","276103","Business For","5","0","1"
"229804","Robison Oil","SingerFran@robisonoil.com","500 Executive Blvd # 1","9143455793","9143455700","517206","Oils-Fuel (Wholesale)","NULL"," Email <---> Revenue ","899213","Robison Oil","500 Executive Blvd # 1","Elmsford","NY","10523","Westchester","www.robisonoil.com","9143455700","9143455793","D Singer","CEO","Mal","40000000","50","598301","Fuel-Retail","5","0","1"
"276315","Skinners Sales","skinnersales@skinnerauto.com","700 Mohawk St","3158663530","3158663721","5311","Retail shops","skinnerauto.com"," Email <---> Revenue ","956352","Skinner Sales Inc","700 Mohawk St","Herkimer","NY","13350","Herkimer","www.skinnersales.com","3158663530","3158663721","Roger Skinner","Owner","Mal","33550000","50","551103","Automobile D","5","1","1"
"259421","Camp Pontiac","Sklar@camppontiac.com","PO Box 100","NULL","5183296555","703203","Camps","NULL"," Email <---> Revenue ","195000","Camp Pontiac","PO Box 100","Copake","NY","12516","Columbia","www.camppontiac.com","5183298228","","Marc Sklar","President","Mal","44450000","350","703203","Camps","5","1","1"
