mail id,company,email,address,phone,fax,sic,sic description,web,,revenue id,company,address,city,state,zip,	metro,web,phone,fax,contact,position,gender,sales,# of employee,sic,sic_descrpiton,	,,
"494569","Mid Island Electrical Sales","8455915695@vtext.com","59 Mall Dr","6318646644","6318648023","506330","Electric Equipment & Supplies-Wholesale","www.mid-island.com"," Email <---> Revenue ","713960","Mid Island Electrical Sales","PO Box 9027","Commack","NY","11725","Suffolk","www.mid-island.com","6318648023","6318646644","Ken Greenberg","Owner","Mal","38150000","50","506330","Electric Equ","5","0","1"
"463242","Oak Mitsui Inc","abc.sales@oakmitsui.com","80 1st St","5186868080","5186864961","349701","Foil & Foil Products (Manufacturers)","www.oakmitsui.com"," Email <---> Revenue ","786132","Oak Mitsui Inc","80 1st St","Hoosick Falls","NY","12090","Rensselaer","www.oakmitsui.com","5186864961","5186868080","Jeff Gray","President","Mal","40000000","58","349701","Foil & Foil ","5","0","1"
"32545","Wine Enthusiast","Adam.Strum@wineenthusiast.com","PO Box 39","9147898908","9143459463","519910","Giftwares-Wholesale","NULL"," Email <---> Revenue ","1106336","Wine Enthusiast","PO Box 39","Pleasantville","NY","10570","Westchester","www.wineenthusiast.com","9143459463","9147898908","Adam Strum","President","Mal","30000000","150","519910","Giftwares-Wh","5","0","1"
"122810","ATC Assoc Inc","Alex.Goharioon@atcassociates.com","104 E 25th St # 10","2123538306","2123538280","873111","Environmental & Ecological Services","NULL"," Email <---> Revenue ","33864","ATC Assoc Inc","104 E 25th St # 10","New York","NY","10010","New York","www.atc-enviro.com","2123538280","2123538306","Kevin Hamilton","Manager","Mal","25520000","145","873111","Environmenta","5","0","1"
"413904","QCS Inet Inc","alliances@srcp.com","30 Wall St","3107637211","6077240845","738999","Business Services Nec","www.srcp.com"," Email <---> Revenue ","858879","QCS Inet Inc","30 Wall St","Binghamton","NY","13901","Broome","www.srcp.com","6077240845","6077243141","Thomas Dorazio","President","Mal","28200000","300","738999","Business Ser","5","0","1"
"459256","IPC Information Systems; Inc","anne_ward@ipc.com","88 Pine Street","2128259060","2127851681","8999","Services NEC","VBAND.COM"," Email <---> Revenue ","519646","IPC Information","88 Pine St","New York","NY","10005","New York","","2128259060","2123441506","Lance Boxer","CEO","Mal","47000000","500","738903","Paging & Ans","5","0","1"
"387770","Liberty Lines","Arthur@libertylines.com","475 Saw Mill River Rd","9149696245","9149696900","411101","Airport Transportation Service","NULL"," Email <---> Revenue ","639754","Liberty Lines","475 Saw Mill River Rd","Yonkers","NY","10701","Westchester","","9149640811","9149696245","Arthur Bernacchia","Owner","Mal","45000000","625","962107","Transportati","5","0","1"
"252390","Hydraulic Development & Mfg","barry.heckman@hdmco.com","125 Fire Tower Dr","7166944164","716-694-8004","3593","Fluid Power Cylinders and Actuators","NULL"," Email <---> Revenue ","517088","Hydraulic Development & Mfg","125 Fire Tower Dr","Tonawanda","NY","14150","Erie","www.hdmco.com","7166948004","7166944164","Greg Maley","Plant Mgr","Mal","37500000","150","359302","Cylinders-Ai","5","0","1"
"207467","Dynamic Manufacturing","bburkhardt@dynamicmfg.com","25 W 45th St # 704","NULL","2127643000","391101","Jewelry-Manufacturers","NULL"," Email <---> Revenue ","337128","Dynamic Manufacturing","25 W 45th St # 704","New York","NY","10036","New York","","2127643000","","Ben Lachman","Owner","Mal","25000000","4","391101","Jewelry-Manu","5","0","1"
"355184","Print International","belinda.butti@digitalvoicelogging.com","27 Saint Johns Pl","5168688745","5162237177","275202","Printers","NULL"," Email <---> Revenue ","850178","Print International","27 Saint Johns Pl","Freeport","NY","11520","Nassau","www.printint.com","5162237177","5168688745","Paul Rosenblit","Owner","Mal","41400000","200","275202","Printers","5","0","1"
"442730","Reliable Poly Packaging Co","ben@conpackgroup.com","1250 Metropolitan Ave","7184175148","7184173434","267301","Bags-Plastic (Manufacturers)","www.reliablepoly.com"," Email <---> Revenue ","881697","Reliable Poly Packaging Co","1250 Metropolitan Ave","Brooklyn","NY","11237","Kings","www.reliablepoly.com","7184173434","7184175148","William Kaufman","President","Mal","25760000","80","267301","Bags-Plastic","5","0","1"
"32750","Madison Trading","Ben@madisontrading.com","152 Madison Ave","2128898135","2126848580","623102","Stock Exchanges","NULL"," Email <---> Revenue ","670317","Madison Trading","152 Madison Ave","New York","NY","10016","New York","www.madisontrading.com","2126848580","2128898135","Ben Shleifer","Owner","Mal","36900000","100","623102","Stock Exchan","5","1","1"
"415527","Michael Andrews Audio Visual","bmagod@maavs.com","625 W 55th St","2129772686","2122652660","506501","Video Tapes & Discs-Wholesale","www.maavs.com"," Email <---> Revenue ","709591","Michael Andrews Audio Visual","625 W 55th St","New York","NY","10019","New York","www.maavs.com","2122652660","2129772686","Michael Wright","Owner","Mal","30300000","30","506501","Video Tapes ","5","0","1"
"249793","Current Controls Co","bmcnaughton@currentcontrols.com","353 S Brooklyn Ave","5855931713","5855931544","361206","Transformers-Manufacturers","NULL"," Email <---> Revenue ","281324","Current Controls Co","353 S Brooklyn Ave","Wellsville","NY","14895","Allegany","www.currentcontrols.com","5855931544","5855931713","Brian Belden","President","Mal","32500000","100","361206","Transformers","5","0","1"
"62684","Biddle Sawyer Corp","bsc@biddlesawyer.com","360 W 31st St # 1102","2122391089","2127361580","509905","Importers","NULL"," Email <---> Revenue ","145724","Biddle Sawyer Corp","360 W 31st St # 1102","New York","NY","10001","New York","www.biddlesawyer.com","2127361580","2122391089","Robert Chavikin","CEO","Mal","37760000","40","509905","Importers","5","0","1"
"334787","Colton Rv & Van Ctr","Chris@coltonrv.com","3122 Niagara Falls Blvd","7166944203","7166940188","556103","Recreational Vehicles","NULL"," Email <---> Revenue ","251762","Colton Rv & Van Ctr","3122 Niagara Falls Blvd","North Tonawanda","NY","14120","Niagara","www.coltonrv.com","7166940188","","Chris Colton","Owner","Mal","48000000","75","556103","Recreational","5","0","1"
"451090","Monroe County Water Authority","clay@word-works.com","475 Norris Dr","5854422000","5854422000","494102","Water & Sewage Companies-Utility","www.longbranch-dental.com"," Email <---> Revenue ","727522","Monroe County Water Authority","475 Norris Dr","Rochester","NY","14610","Monroe","www.mcwa.com","5854422000","5854420220","Richard Metzger","Plant Mgr","Mal","47730000","185","494102","Water & Sewa","5","0","1"
"410642","Kennedy Electrical Supply Corp","colors@cesco.com","22118 Merrick Blvd","9074566146","7185275600","506330","Electric Equipment & Supplies-Wholesale","www.cesco.com"," Email <---> Revenue ","597551","Kennedy Electrical Supply Corp","22118 Merrick Blvd","Jamaica","NY","11413","Queens","www.kennedyelectric.com","7185275600","7185276004","Janet Smith","Manager","Fem","49200000","0","506330","Electric Equ","5","0","1"
"110790","Schweizer Aircraft Corp","connell.mary@sacusa.com","PO Box 147","6077692488","6077393821","372101","Aircraft-Manufacturers","NULL"," Email <---> Revenue ","933998","Schweizer Aircraft Corp","PO Box 147","Elmira","NY","14902","Chemung","www.sacusa.com","6077393821","6077692488","Paul H Schweizer","President","Mal","31700000","400","372101","Aircraft-Man","5","0","1"
"244939","Communications Specialties Inc","csiasia@commspecial.com","55 Cabot Ct","6312731638","6312730404","874213","Marketing Programs & Services","www.commspecial.com"," Email <---> Revenue ","254392","Communications Specialties Inc","55 Cabot Ct","Hauppauge","NY","11788","Suffolk","www.commspecial.com","6312730404","6312731638","John Lopinto","Owner","Mal","43350000","30","504301","Audio-Visual","5","0","1"
"475716","Macaran Printed Products","custservice@macaran.com","18 New Cortland St","5182370194","5182371436","504421","Bar Code Scanning Equip & Supls (Whol)","www.macaran.com"," Email <---> Revenue ","668627","Macaran Printed Products","18 New Cortland St","Cohoes","NY","12047","Albany","www.macaran.com","5182371436","5182370194","Nick Van Alstine","President","Mal","30375000","75","267101","Packaging Ma","5","0","1"
"63126","Apac Customer Svc","dabaran@apacmail.com","131 Genesee St","3157313295","3157313200","738912","Telemarketing Services","www.apaccustomerservices.com"," Email <---> Revenue ","89886","Apac Customer Svc","131 Genesee St","Utica","NY","13501","Oneida","www.apaccustomerservices.com","3157313200","3157313295","Kevin Pope","President","Mal","34349000","701","738912","Telemarketin","5","0","1"
"271159","Continuum Voice & Data Systems","Dave.Lyons@continuumsys.com","2401 Burnet Ave","3154379993","3154330180","504414","Dictating Machines & Supplies (Whol)","NULL"," Email <---> Revenue ","263142","Continuum Voice & Data Systems","2401 Burnet Ave","Syracuse","NY","13206","Onondaga","www.continuumsys.com","3154330180","3154379993","Dave Lyons","President","Mal","40700000","100","504414","Dictating Ma","5","0","1"
"6563","Alvin J Bart & Sons Inc","david.rosen@ajbartny.com","111 Bogart St","7184170408","7188215550","275202","Printers","NULL"," Email <---> Revenue ","71215","Alvin J Bart & Sons Inc","111 Bogart St","Brooklyn","NY","11206","Kings","","7188215550","7184170408","Alvin J Bart","President","Mal","31050000","150","275202","Printers","5","0","1"
"295514","Opsales Inc","deanf@opsales.com","4217 Austin Blvd","5168895874","5168895800","384104","Physicians & Surgeons Equip & Supls-Mfrs","NULL"," Email <---> Revenue ","794839","Opsales Inc","4217 Austin Blvd","Island Park","NY","11558","Nassau","www.opsales.com","5168895800","5168895874","Dean N Friedman","President","Mal","25760000","80","384104","Physicians &","5","0","1"
"106744","BOUNTY TRADING","delores@btn.net","1370 Broadway","2122795900","null","533102","Trading Posts","bountytrading.com"," Email <---> Revenue ","161458","Bounty Trading Corp","1370 Broadway # 14","New York","NY","10018","New York","","2122795900","2125645951","Steven Wax","President","Mal","25000000","37","513628","Clothing-Who","5","0","1"
"2786","Fortuna Food Brokers","Dentico@fortunafb.com","2741 Transit Rd","7166753633","7166754423","514102","Food Brokers","NULL"," Email <---> Revenue ","411418","Fortuna Food Brokers","2741 Transit Rd","Elma","NY","14059","Erie","www.fortunafb.com","7166754423","7166753633","Vince Dentico","Owner","Mal","34110000","30","514102","Food Brokers","5","0","1"
"324130","Photikon Corp","doreenq@photikon.com","100 Photikon Dr","5854210304","5854210540","509905","Importers","www.photikon.com"," Email <---> Revenue ","831499","Photikon Corp","100 Photikon Dr","Fairport","NY","14450","Monroe","www.photikon.com","5854210540","5854210304","James Condon","Owner","Mal","30208000","32","509905","Importers","5","0","1"
"374881","GAL Mfg Corp","doug@gal.com","50 E 153rd St","7182922034","7182929000","353498","Elevators & Moving Stairways (Mfrs)","www.gal.com"," Email <---> Revenue ","427734","GAL Mfg Corp","50 E 153rd St","Bronx","NY","10451","Bronx","www.gal.com","7182929000","7182922034","Walter Glaser","CEO","Mal","36000000","300","353498","Elevators & ","5","0","1"
"463106","Hancor Inc","drainagefrench@hancor.com","1 William Donnelly Indus Pkwy","3192835743","6075653033","308401","Pipe-Plastic (Manufacturers)","www.hancor.com"," Email <---> Revenue ","479836","Hancor Inc","1 William Donnelly Indus Pkwy","Waverly","NY","14892","Tioga","www.hancor.com","6075653033","6075652339","Dave Markie","Plant Mgr","Mal","35010000","90","308401","Pipe-Plastic","5","0","1"
"379728","Eldre Corp","eldre@busbar.com","1500 Jefferson Rd","5852720018","5854277280","367901","Electronic Equipment & Supplies-Mfrs","www.busbar.com"," Email <---> Revenue ","355452","Eldre Corp","1500 Jefferson Rd","Rochester","NY","14623","Monroe","www.busbar.com","5854277280","5852720018","Harvey Erdle","CEO","Mal","27600000","200","367901","Electronic E","5","0","1"
"315093","Kassoy","e-mail_specials@kassoy.com","16 Midland Ave","5169420402","5169420560","509403","Jewelers Supplies (Wholesale)","www.kassoy.com"," Email <---> Revenue ","593158","Kassoy","16 Midland Ave","Hicksville","NY","11801","Nassau","www.kassoy.com","5169420560","5169420402","Peter Gollon","Owner","Mal","35070000","35","509403","Jewelers Sup","5","0","1"
"338615","Upstate Farms Co-Op Inc","emailus@upstatefarms.com","25 Anderson Rd","7168923159","7168915678","202698","Fluid Milk (Manufacturers)","www.upstatefarmscoop.com"," Email <---> Revenue ","1062287","Upstate Farms Co-Op Inc","1730 Dale Rd","Cheektowaga","NY","14225","Erie","","7168923434","7168923157","Bob Hall","CEO","Mal","35600000","200","19101","Farms","5","0","1"
"479061","Edison Price Lighting","EmmaP@epl.com","4110 22nd St","7183926648","7184828750","391101","Jewelry-Manufacturers","NULL"," Email <---> Revenue ","350332","Edison Price Lighting","4110 22nd St","Long Island City","NY","11101","Queens","www.epl.com","7184828750","7183926648","Emma Price","President","Fem","44850000","150","391101","Jewelry-Manu","5","0","1"
"424354","Environment One Corp","eone@eone.com","2773 Balltown Rd","5183466188","5183466161","495201","Sewage Disposal Systems","www.eone.com"," Email <---> Revenue ","369043","Environment One Corp","2773 Balltown Rd","Niskayuna","NY","12309","Schenectady","www.eone.com","5183466161","5183466188","Phillip Welsh","President","Mal","33600000","150","495201","Sewage Dispo","5","0","1"
"166804","Enzo Biochem Inc","erabbani@enzobio.com","60 Executive Blvd","6317555561","6317555500","807101","Laboratories-Medical","NULL"," Email <---> Revenue ","369557","Enzo Biochem Inc","60 Executive Blvd","Farmingdale","NY","11735","Nassau","www.enzo.com","6317555500","6317555561","Elazar Rabbani","CEO","Mal","41644000","342","807101","Laboratories","5","0","1"
"427029","Dielectric Laboratories Inc","europesales@dilabs.com","2777 Us Route 20","3156558179","3156558710","367901","Electronic Equipment & Supplies-Mfrs","www.dilabs.com"," Email <---> Revenue ","316558","Dielectric Laboratories Inc","2777 US Route 20","Cazenovia","NY","13035","Madison","www.dilabs.com","3156558710","3156558179","Brian Du Pell","President","Mal","30000000","0","367901","Electronic E","5","0","1"
"420608","Independence Community Bank","executive@sovereignbank.com","4514 16th Ave","2158541754","7189728370","603698","Savings Institutions-Except Federal","www.sovereignbank.com"," Email <---> Revenue ","525129","Independence Community Bank","4514 16th Ave","Brooklyn","NY","11204","Kings","www.myindependence.com","7189728370","7189728460","Grace Ferlisi","Manager","Fem","30000000","18","603698","Savings Inst","5","0","1"
"434209","Renold Inc","gears.sales@renold.com","100 Bourne St # 2","7163266121","7163263121","356898","Mechanical Power Trans Equip Nec (Mfrs)","www.renold.com"," Email <---> Revenue ","882935","Renold Inc","100 Bourne St # 2","Westfield","NY","14787","Chautauqua","www.renold.com","7163263121","7163266121","Thomas Murrer","President","Mal","25700000","100","356898","Mechanical P","5","0","1"
"232989","S J Stile Assoc LTD","gemma@stileintl.com","181 S Franklin Ave # 402","5163942199","5163942100","509905","Importers","www.stileintl.com"," Email <---> Revenue ","915846","S J Stile Assoc LTD","181 S Franklin Ave # 4","Valley Stream","NY","11581","Nassau","www.stileintl.com","5163942100","5163942199","Milton Heid","Owner","Mal","38704000","41","509905","Importers","5","0","1"
"251964","Tangram Co","general@tangramco.com","125 Corporate Dr","6317580471","6317580460","516916","Chemicals (Wholesale)","www.tangramco.com"," Email <---> Revenue ","1013087","Tangram Co","125 Corporate Dr","Holtsville","NY","11742","Suffolk","www.tangramco.com","6317580460","6317580471","Philip Gillette","CEO","Mal","25025000","25","516916","Chemicals (W","5","0","1"
"325814","Hanford Pharmaceuticals","gfarr@hanford.com","304 Oneida Street","3154767418","3154767434","591205","Pharmacies","EPDPEN.COM^^EPDPEN.NET"," Email <---> Revenue ","480351","Hanford Pharmaceuticals","PO Box 1017","Syracuse","NY","13201","Onondaga","www.hanford.com","3154767418","3154767434","G R Hanford","Owner","Mal","45000000","100","283498","Pharmaceutic","5","0","1"
"395880","Alleson Atheletic","green@donalleson.com","2921 Brighton Henrietta Tl Rd","5852729639","5852720606","513609","Sportswear-Wholesale","www.donalleson.com"," Email <---> Revenue ","65871","Alleson Atheletic","2921 Brighton Henrietta Tl Rd","Rochester","NY","14623","Monroe","www.donalleson.com","5852720606","5852729639","William Levine","President","Mal","30000000","100","513609","Sportswear-W","5","0","1"
"489203","BMT Commodity Corp","hardwoods@bmtny.com","530 5th Ave # 24","2123020007","2123024200","509905","Importers","www.bmtny.com"," Email <---> Revenue ","117660","BMT Commodity Corp","530 5th Ave # 24","New York","NY","10036","New York","www.bmtny.com","2123024200","2123020007","Robert Ganz","President","Mal","36400000","25","509905","Importers","5","0","1"
"158177","Hueber-Breuer Construction Co","hb@hueber-breuer.com","148 Berwyn Ave","3154767990","3154767917","874104","Construction Management","www.hueber-breuer.com"," Email <---> Revenue ","514314","Hueber-Breuer Construction Co","148 Berwyn Ave","Syracuse","NY","13210","Onondaga","www.hueber-breuer.com","3154767917","3154767990","James Breuer","President","Mal","40000000","30","874104","Construction","5","0","1"
"440509","King World Productions","iemail@kingworld.com","1700 Broadway # 33","2129754144","2123154000","781206","Television-Films Producers & Distrs","www.insideedition.com"," Email <---> Revenue ","604379","King World Productions","1700 Broadway # 33","New York","NY","10019","New York","www.kingworld.com","2123154000","2129754144","","","","31400000","100","781206","Television-F","5","1","1"
"437586","Semimetals Inc","irdc@vishay.com","436 Maple Ave","3017976852","5163338400","506336","Electronic Instruments (Wholesale)","www.vishay.com"," Email <---> Revenue ","939324","Semimetals Inc","436 Maple Ave","Westbury","NY","11590","Nassau","www.vishay.com","5163338400","5163338406","Phil Balducci","Executive Director","Mal","38150000","50","506336","Electronic I","5","0","1"
"487304","Merkel Donohue","jbott@merkel.com","1 Woodbury Blvd","5853253065","5853257330","502112","Office Furniture & Equip-Dealers (Whol)","www.merkel.com"," Email <---> Revenue ","705027","Merkel Donohue","1 Woodbury Blvd","Rochester","NY","14604","Monroe","www.merkel.com","5853257330","5853253065","Tom Merkel","Owner","Mal","38460000","60","502112","Office Furni","5","0","1"
"247607","Rago Foundations Inc","jchernoff@ragoshapewear.com","1815 27th Ave","NULL","7187288437","234298","Brassieres Girdles/Allied Grmnts (Mfrs)","NULL"," Email <---> Revenue ","870179","Rago Foundations Inc","1815 27th Ave","Long Island City","NY","11102","Queens","www.ragoshapewear.com","7187288437","","Steve Chernoff","CEO","Mal","33200000","100","234298","Brassieres G","5","0","1"
"457686","Hamilton Wilber Oil","jeannie@hamilton-wilberoil.com","65 W Cayuga Street","3154970007","3154973822","131103","Oil Companies","hamilton-wilberoil.com"," Email <---> Revenue ","478663","Hamilton Wilber Oil Co","PO Box 488","Moravia","NY","13118","Cayuga","","3154970007","3154973822","John Young","Owner","Mal","34083000","7","517206","Oils-Fuel (W","5","0","1"
"443779","A I Friedman","Jim@aifriedman.com","44 W 18th St","2129297320","2122439000","599965","Artists Materials & Supplies","NULL"," Email <---> Revenue ","22556","A I Friedman","44 W 18th St","New York","NY","10011","New York","www.aifriedman.com","2122439000","2129297320","Jim White","CEO","Mal","48600000","100","599965","Artists Mate","5","0","1"
"477659","Matador Records","jim@groundcontroltouring.com","625 Broadway # 12","2129955883","2129955882","509909","Records Tapes & Compact Discs-Wholesale","www.matadorrecords.com"," Email <---> Revenue ","691588","Matador Records","625 Broadway # 12","New York","NY","10012","New York","www.matadorrecords.com","2129955882","2129955883","Gerard Cosloy","President","Mal","28320000","30","509909","Records Tape","5","1","1"
"355208","Nelco Products","J-Jongebloed@cable-tie.net","40 Governor Dr","8455678158","8455676200","308301","Plastics-High Pressure Laminates (Mfrs)","NULL"," Email <---> Revenue ","754270","Nelco Products","40 Governor Dr","Newburgh","NY","12550","Orange","www.parknelco.com","8455676200","8455678158","John Yongeblood","President","Mal","29100000","100","308301","Plastics-Hig","5","0","1"
"477452","Micro Instrument Corp","john.pfeffer@microinst.com","1199 Emerson St","5852540922","5854583150","359905","Machinery-Specially Designed & Built","NULL"," Email <---> Revenue ","713421","Micro Instrument Corp","1199 Emerson St","Rochester","NY","14606","Monroe","www.microinst.com","5854583150","5852540922","John W Pfeffer","CEO","Mal","39840000","120","359905","Machinery-Sp","5","0","1"
"132032","CSI Intl","John@csiplastic.com","1001 Main St","7162856332","7162825408","387302","Watchmakers (Manufacturers)","NULL"," Email <---> Revenue ","189691","CSI Intl","1001 Main St","Niagara Falls","NY","14301","Niagara","www.gmcgifts.com","7162825408","7162856332","John Rogers","Owner","Mal","30060000","30","509401","Watches-Whol","5","0","1"
"470811","Henningsen Foods Inc","karenm@henningsenfoods.com","2700 Westchester Ave # 311","9147014050","9147014020","514103","Foods-Dehydrated (Wholesale)","www.henningsenfoods.com"," Email <---> Revenue ","493095","Henningsen Foods Inc","2700 Westchester Ave # 311","Purchase","NY","10577","Westchester","www.henningsenfoods.com/","9147014020","9147014050","John Wankewicz","Sales Exec","Mal","49600000","240","514103","Foods-Dehydr","5","0","1"
"428605","Natures Best Food Supplement","KatzH@naturesbest.com","195 Engineers Rd","6312323320","6312323355","283403","Vitamin Products-Manufacturers","NULL"," Email <---> Revenue ","752320","Natures Best Food Supplement","195 Engineers Rd","Hauppauge","NY","11788","Suffolk","www.naturesbest.com","6312323355","6312323320","Hal Katz","President","Mal","28560000","30","283403","Vitamin Prod","5","0","1"
"477145","Reliable Propane Corp","ken@reliablepropane.com","10195 Keller Rd","7167413000","7167413000","517208","Gas-Liquefied Petro-Bttld/Bulk (Whol)","www.reliablepropanecorp.com"," Email <---> Revenue ","881705","Reliable Propane Corp","10140 County Rd","Clarence Center","NY","14032","Erie","www.reliablepropanecorp.com","7167413000","","Ken Albrecht","Owner","Mal","29214000","6","517208","Gas-Liquefie","5","0","1"
"398486","Coffee Holding Co Inc","kgordon@coffeeholding.com","4401 1st Ave","7188320800","7188320800","209502","Coffee Mills","www.coffeeholding.com"," Email <---> Revenue ","247948","Coffee Holding Co Inc","PO Box 320208","Brooklyn","NY","11232","Kings","www.coffeeholding.com","7188320800","","Andrew Gordon","CEO","Mal","41545000","74","209502","Coffee Mills","5","0","1"
"388621","Mc Alpin Industries Inc","kmcalpin@mcalpin-ind.com","255 Hollenbeck St","5852668091","5852663060","344403","Sheet Metal Fabricators","NULL"," Email <---> Revenue ","695342","Mc Alpin Industries Inc","255 Hollenbeck St","Rochester","NY","14621","Monroe","www.mcalpin-ind.com","5852663060","5852668091","Kenneth Mcalpin","CEO","Mal","49200000","240","344403","Sheet Metal ","5","0","1"
"495976","Kintz Plastics Inc","kpieng@kintz.com","1 Caverns Rd","5182968309","5182968513","308902","Plastics & Plastic Products (Mfrs)","www.kintz.com"," Email <---> Revenue ","606009","Kintz Plastics Inc","PO Box 127","Howes Cave","NY","12092","Schoharie","www.kintz.com","5182968513","5182968309","Wynn Kintz","President","Mal","31780000","140","308902","Plastics & P","5","0","1"
"91016","Commsoft","LDavis@commsoft.net","96 Thompson Hl","NULL","5182833140","874823","Communications Consultants","NULL"," Email <---> Revenue ","254185","Commsoft","96 Thompson Hl","Rensselaer","NY","12144","Rensselaer","www.commsoft.net","5182833140","","","","","33856000","184","874823","Communicatio","5","0","1"
"491904","Bardwil Industries Inc","lg@beyondmarketing.com","1071 Ave Of The Americas # 4","2128693599","2129441870","226904","Linens-Manufacturers","NULL"," Email <---> Revenue ","125058","Bardwil Industries Inc","1071 Avenue Of The Americas #4","New York","NY","10018","New York","www.bardwilhome.com","2129441870","2128693599","George Bardwil","CEO","Mal","39400000","15","226904","Linens-Manuf","5","0","1"
"162705","Kenworth Truck Co","linda.robinson@paccar.com","85 Michigan Ave","7168520143","7168522800","551105","Truck-Dealers","NULL"," Email <---> Revenue ","599027","Kenworth Truck Co","85 Michigan Ave","Buffalo","NY","14204","Erie","www.kenworthupstate.com","7168522800","7168520143","Carl Linn","Owner","Mal","38655000","45","551105","Truck-Dealer","5","2","1"
"463253","ERB Co","madams@erbco.com","1400 Seneca St","7168251314","7168251400","507510","Heating Equipment & Systems (Wholesale)","www.erbco.com"," Email <---> Revenue ","341124","ERB Co","1400 Seneca St","Buffalo","NY","14210","Erie","","7168251400","7168251314","Laurence Erb","President","Mal","39480000","60","507510","Heating Equi","5","0","1"
"382592","Madison County Hwy Dept","madcosw@gpoconnect.net","139 N Court St","3153611524","3153662221","161103","Grading Contractors","www.madisoncounty.org"," Email <---> Revenue ","670038","Madison County Hwy Dept","139 N Court St","Wampsville","NY","13163","Madison","www.madisoncounty.org","3153662221","3153662677","Joseph Slivinski","Administrator","Mal","26187000","87","161103","Grading Cont","5","0","1"
"434306","Manhattan Fire & Safety Corp","manhattanframe@manhattanframe.com","242 W 30th St # 7","2125638641","2125637500","509903","Fire Extinguishers (Wholesale)","www.manhattanframe.com"," Email <---> Revenue ","676543","Manhattan Fire & Safety Corp","242 W 30th St # 7","New York","NY","10001","New York","www.manhattanframe.com","2125637500","2125638641","Dick Wachtell","Owner","Mal","37760000","40","509903","Fire Extingu","5","0","1"
"115669","Rolling River Day Camp","Mark@rollingriver.com","477 Ocean Ave","5165935796","5165932267","703203","Camps","NULL"," Email <---> Revenue ","903304","Rolling River Day Camp","477 Ocean Ave","East Rockaway","NY","11518","Nassau","www.rollingriver.com","5165932267","5165935796","Mark Goodman","Owner","Mal","31750000","250","703203","Camps","5","1","1"
"479983","King Lithographers & Mailers","marty@kinglitho.com","245 S 4th Ave","9146675281","9146674200","509905","Importers","www.kinglitho.com"," Email <---> Revenue ","604103","King Lithographers & Mailers","245 S 4th Ave","Mt Vernon","NY","10550","Westchester","www.kinglitho.com","9146674200","9146675281","Martin Rego","Owner","Mal","47200000","50","509905","Importers","5","0","1"
"403224","Manitoba Corp","mc@manitobacorp.com","122 Central Ave # 130","7166857008","7166857000","334198","Secondary Smelting & Refining-Nonferrous","www.manitobacorp.com"," Email <---> Revenue ","677255","Manitoba Corp","PO Box 385","Lancaster","NY","14086","Erie","www.manitobacorp.com","7166857000","7166857008","Brian Shine","President","Mal","25000000","45","334198","Secondary Sm","5","0","1"
"424270","PICS Telecom","mchao@democratandchronicle.com","1920 Lyell Ave","5852952020","5852952000","599904","Telephone Equipment & Supplies","www.picstelecom.com"," Email <---> Revenue ","804039","PICS Telecom","1920 Lyell Ave","Rochester","NY","14606","Monroe","www.picstelecom.com","5852952000","5852952020","Tim Williams","Owner","Mal","31878000","99","599904","Telephone Eq","5","0","1"
"288545","Misonix Inc","memberton@dial.pipex.com","1938 New Hwy","6316949412","6316949555","384104","Physicians & Surgeons Equip & Supls-Mfrs","www.misonix.com"," Email <---> Revenue ","721882","Misonix Inc","1938 New Hwy","Farmingdale","NY","11735","Nassau","www.misonix.com","6316949555","6316949412","Michael A Mcmanus Jr","CEO","Mal","45907000","214","384104","Physicians &","5","0","1"
"274583","Memoire Corporation","memoire@deft.com","1551 E. Genesee St. - P.O. Box 740","3156851343","3156850403","594409","Jewelers","ENGAGEMENTBYMEMOIRE.COM^^SOLITAIREBYMEMOIRE.COM^^SOLITAIREJEWELRY.COM"," Email <---> Revenue ","703114","Memoire Corp","1551 US Route 20 # 300","Skaneateles","NY","13152","Onondaga","www.memoire.com","3156851343","3156850403","Douglas Mc Dowell","CEO","Mal","25050000","25","509406","Jewelers-Who","5","0","1"
"80734","D H Litter Co","mgranito@dhlitter.com","565 Taxter Rd # 610","9145921499","9145921077","289905","Chemicals-Manufacturers","NULL"," Email <---> Revenue ","286855","D H Litter Co","565 Taxter Rd # 610","Elmsford","NY","10523","Westchester","www.dhlitter.com","9145921077","9145921499","Micheal Granito","President","Mal","40000000","15","289905","Chemicals-Ma","5","0","1"
"315273","Advanced Technical Materials","michael.geraci@atmmicrowave.com","49 Rider Ave","6312890358","631-289-0363","3679","Electronic Components","NEC (antennas)"," Email <---> Revenue ","47314","Advanced Technical Materials","49 Rider Ave","Patchogue","NY","11772","Suffolk","www.atmmicrowave.com","6312890363","6312890358","Mike Geraci","Owner","Mal","40400000","40","506524","Microwave Co","5","0","1"
"276198","Peco Pallet","MichaelT@pecopallet.com","29 Wells Ave","9143767376","9143765444","244801","Pallets & Skids-Manufacturers","NULL"," Email <---> Revenue ","820498","Peco Pallet","29 Wells Ave","Yonkers","NY","10701","Westchester","www.pecopallet.com","9143765444","9143767376","Michael Tebay","President","Mal","33880000","40","503105","Pallets & Sk","5","0","1"
"198135","Mid York Press Inc","midyork@midyorkpress.com","2808 State Highway 80","6076744088","6076744491","267201","Labels-Paper (Manufacturers)","www.midyorkpress.com"," Email <---> Revenue ","714129","Mid York Press Inc","PO Box 733","Sherburne","NY","13460","Chenango","www.midyorkpress.com","6076744491","6076744088","Robert Tenney","President","Mal","37440000","80","267201","Labels-Paper","5","0","1"
"389139","Queens Mall","mike.nevins@macerich.com","9015 Queens Blvd","7185924157","7185924039","651201","Shopping Centers & Malls","www.shopqueenscenter.com"," Email <---> Revenue ","861443","Queens Mall","9015 Queens Blvd","Flushing","NY","11373","Queens","www.shopqueenscenter.com","7185924039","7185924157","","","","26160000","80","651201","Shopping Cen","5","0","1"
"20100","Pepsi-Cola Odgensburg Bottlers Inc","mikel@pepsiogs.com","1001 Mansion Ave","3153931720","3153932751","208601","Bottlers","PEPSIOGS.COM"," Email <---> Revenue ","823656","Pepsi-Cola Bottling Co","1001 Mansion Ave","Ogdensburg","NY","13669","St Lawrence","","3153931720","3153932751","","","","40000000","45","507814","Beverage Dis","5","0","1"
"461195","Eagle Comtronics Inc","mikes@eaglecomtronics.com","7665 Henry Clay Blvd","3156223800","3156223402","367901","Electronic Equipment & Supplies-Mfrs","www.eaglefilters.com"," Email <---> Revenue ","341686","Eagle Comtronics Inc","7665 Henry Clay Blvd","Liverpool","NY","13088","Onondaga","www.eaglecomtronics.com","3156223402","3156223800","Alan Dezendorf","CEO","Mal","30000000","300","367901","Electronic E","5","0","1"
"360443","Jiffy-Tite Co","motorsports@jiffy-tite.com","4437 Walden Ave","7166817788","7166817200","349298","Fluid Power Valves/Hose Fittings (Mfrs)","www.jiffytite.com"," Email <---> Revenue ","566833","Jiffy-Tite Co","4437 Walden Ave","Lancaster","NY","14086","Erie","www.jiffy-tite.com","7166817200","7166817788","Steve Zillig","CEO","Mal","39480000","140","349298","Fluid Power ","5","0","1"
"389004","Florence Corp","mpowles@auth-florence.com","1647 E Jericho Tpke","6314990228","6314996200","521114","Roofing Materials","NULL"," Email <---> Revenue ","406147","Florence Corp","1647 E Jericho Tpke","Huntington","NY","11743","Suffolk","www.florencecorp.com","6314996200","6314990228","Diane Perenza","CEO","Fem","34100000","85","521114","Roofing Mate","5","0","1"
"484004","Finger Lakes Race Track","mstruzyk@dncinc.com","5857 State Route 96","5859243967","5859243967","794801","Race Tracks","www.fingerlakesracetrack.com"," Email <---> Revenue ","397766","Finger Lakes Race Track","PO Box 25250","Canandaigua","NY","14425","Ontario","www.fingerlakesracetrack.com","5859243967","5859243967","Christian Riegle","Manager","Mal","31500000","250","794801","Race Tracks","5","1","1"
"465450","Genesee Reserve Supply Inc","mtudor@geneseereserve.com","200 Jefferson Rd","5852927046","5852927040","521131","Doors","www.geneseereserve.com"," Email <---> Revenue ","438221","Genesee Reserve Supply Inc","200 Jefferson Rd","Rochester","NY","14623","Monroe","www.geneseereserve.com","5852927040","5852927046","Dick Buck","Manager","Mal","25500000","32","521131","Doors","5","0","1"
"263794","Norcatec","norcatec@norcatec.com","800 Axinn Ave","5162228811","5162227070","509905","Importers","www.norcatec.com"," Email <---> Revenue ","773628","Norcatec","100 Garden City Plz # 530","Garden City","NY","11530","Nassau","www.norcatec.com","5162227070","5162228811","Eytan Erez","Owner","Mal","47200000","50","509905","Importers","5","0","1"
"468345","Enterprise Engineering Inc","ofx@joineei.com","55 Broad St","2123442700","2127422225","871106","Engineers","www.joineei.com"," Email <---> Revenue ","368257","Enterprise Engineering Inc","55 Broad St","New York","NY","10004","New York","www.joineei.com","2127422225","2123442700","Larry Saminiti","President","Mal","31050000","150","871106","Engineers","5","0","1"
"412797","Buffalo Newspress Inc","peter_kowal@buffnewspress.com","PO Box 648","7168562017","7168521600","271103","Printers-Newspapers","NULL"," Email <---> Revenue ","177526","Buffalo Newspress Inc","PO Box 648","Buffalo","NY","14240","Erie","www.buffnewspress.com","7168521600","7168562017","Michael Kibler","CEO","Mal","34800000","200","271103","Printers-New","5","0","1"
"6855","Gucci","P-M@gucci.com","685 5th Ave # 30","2129779833","2128262600","594803","Leather Goods-Dealers","NULL"," Email <---> Revenue ","468931","Gucci","685 5th Ave # 30","New York","NY","10022","New York","","2128262600","2129779833","Pat Malone","President","Fem","46230000","201","594803","Leather Good","5","0","1"
"406065","Spectracom Corp","powings@spectracomcorp.com","95 Methodist Hill Dr","5853215219","5853215800","506336","Electronic Instruments (Wholesale)","www.spectracomcorp.com"," Email <---> Revenue ","968935","Spectracom Corp","95 Methodist Hill Dr","Rochester","NY","14623","Monroe","www.spectracomcorp.com","5853215800","5853215219","Lisa Withers","CEO","Fem","30520000","40","506336","Electronic I","5","0","1"
"457180","Gintzler Graphics Inc","prepress@gintzler.com","100 Lawrence Bell Dr","7166310075","7166319700","508536","Tapes-Adhesive (Wholesale)","www.gintzler.com"," Email <---> Revenue ","445723","Gintzler Graphics Inc","100 Lawrence Bell Dr","Williamsville","NY","14221","Erie","www.gintzler.com","7166319700","7166310075","Frank Nice","President","Mal","34200000","60","508536","Tapes-Adhesi","5","0","1"
"248666","Swift Glass Co Inc","quality@swiftglass.com","131 22nd St","6077325829","6077337166","321101","Glass-Manufacturers","www.swiftglass.com"," Email <---> Revenue ","1005231","Swift Glass Co Inc","131 22nd St","Elmira Heights","NY","14903","Chemung","www.swiftglass.com","6077337166","6077325829","Daniel J Burke","President","Mal","43120000","110","321101","Glass-Manufa","5","0","1"
"165783","Joel Berman Assocs Inc","ranad@mechoshade.com","4203 35th St","7187292941","7187292020","259103","Window Shades-Manufacturers","NULL"," Email <---> Revenue ","570504","Joel Berman Assocs Inc","4203 35th St","Long Island City","NY","11101","Queens","","7187292020","7187292941","Jan Berman","President","Mal","46500000","250","259103","Window Shade","5","0","1"
"484604","Total Energy Corp","rarmentano@totalenergy.com","2 Hard Scrabble Rd","9146820181","9146820181","517207","Gas (Lpg) Bottled Bulk Equip/Supl (Whol)","www.totalenergy.com"," Email <---> Revenue ","1034148","Total Energy Corp","PO Box 757","Croton Falls","NY","10519","Westchester","www.totalenergy.com","9146820181","","Robert Armentano","President","Mal","38952000","8","517207","Gas (Lpg) Bo","5","0","1"
"15458","Medialink Worldwide Incor","rbarr@medialink.com","708 Third Avenue","2126828300","2126282370","7319","Media services","http://www.medialink.com"," Email <---> Revenue ","700101","Medialink Worldwide Inc","708 3rd Ave","New York","NY","10017","New York","www.medialink.com","2126828300","2126825260","Laurence Moskowitz","CEO","Mal","31010000","268","506519","Electronic E","5","0","1"
"360680","International Paper Co","renee.shaw@ipaper.com","294 Gambee Rd","9106559368","3157893900","262101","Paper-Manufacturers","www.internationalpaper.com"," Email <---> Revenue ","532519","International Paper Co","294 Gambee Rd","Geneva","NY","14456","Ontario","www.internationalpaper.com","3157893900","3157893934","Ray Madore","President","Mal","33000000","100","265501","Fiber & Fibe","5","0","1"
"444656","Dynarex Corp","rick@dynarex.com","10 Glenshaw St","8453658201","8453658200","384104","Physicians & Surgeons Equip & Supls-Mfrs","www.dynarex.com"," Email <---> Revenue ","337315","Dynarex Corp","10 Glenshaw St","Orangeburg","NY","10962","Rockland","www.dynarex.com","8453658200","8453658201","George Deutsch","President","Mal","46256000","49","509905","Importers","5","0","1"
"430360","Badger Technologies","RickCirincione@badgertech.com","2258 State Route 54a","3155364046","3155362124","369902","Electric Equipment-Manufacturers","NULL"," Email <---> Revenue ","119519","Badger Technologies","2258 State Route 54a","Penn Yan","NY","14527","Yates","www.badgertech.com","3155362124","3155364046","Rick Cirincione","President","Mal","38740000","149","369902","Electric Equ","5","0","1"
"407446","Whiteface Mountain Ski Area","ride@whiteface.com","5021 Nys Route 86","5189467400","5189462223","701110","Skiing Centers & Resorts","www.whiteface.com"," Email <---> Revenue ","1099672","Whiteface Mountain Ski Area","PO Box 1980","Wilmington","NY","12997","Essex","www.whiteface.com","5189462223","5189467400","Jay Rand","Manager","Mal","32100000","300","701110","Skiing Cente","5","1","1"
"176726","Milligan & Higgins","rkormanek@milligan1868.com","Po Box 506","5187627039","518-762-4638","2891","Adhesives and Sealants","NULL"," Email <---> Revenue ","719170","Milligan & Higgins","100 Maple Ave","Johnstown","NY","12095","Fulton","www.milligan1868.com","5187624638","5187627039","","","","26460000","49","289198","Adhesives & ","5","0","1"
"476288","Material Handling Products","RM@mhpcorp.com","6601 Joy Rd","3154371218","3154372891","508457","Trucks-Industrial (Wholesale)","NULL"," Email <---> Revenue ","691730","Material Handling Products","6601 Joy Rd","East Syracuse","NY","13057","Onondaga","www.mhpcorp.com","3154372891","3154371218","Robert Minich","Owner","Mal","27200000","50","508457","Trucks-Indus","5","0","1"
"47954","Security Communications Audio","RobertDiedtriks@scanalarm.com","PO Box 2030","6315377054","6316682136","506324","Burglar Alarm Systems (Wholesale)","NULL"," Email <---> Revenue ","937943","Security Communications Audio","PO Box 2030","Bridgehampton","NY","11932","Suffolk","www.scanalarm.com","6316682136","6315377054","Robert Diederiks","Owner","Mal","30520000","40","506324","Burglar Alar","5","0","1"
"399792","Dairy Conveyor Corp","sales_ca@dairyconveyor.com","38 Mount Ebo Rd S","8452787305","8452787878","508317","Dairy Equipment & Supplies (Wholesale)","www.dairyconveyor.com"," Email <---> Revenue ","291498","Dairy Conveyor Corp","PO Box 411","Brewster","NY","10509","Putnam","www.dairyconveyor.com","8452787878","8452787305","Karl Kleinsahrod","CEO","Mal","44820000","90","508317","Dairy Equipm","5","0","1"
"149260","Unadilla Laminated Products","save@buildingonline.com","18 Clifton St","6073693608","6073699341","243999","Structural Wood Members Nec (Mfrs)","www.unalam.com"," Email <---> Revenue ","1055495","Unadilla Laminated Products","PO Box K","Unadilla","NY","13849","Otsego","www.unalam.com","6073699341","6073693608","Craig Van Cott","President","Mal","27950000","65","243999","Structural W","5","0","1"
"286190","Fraternal Composite Svc Inc","schedule@fraternalcomposite.com","169 Campbell Ave","3157331088","3157330593","733501","Photographers-Commercial","www.fraternalcomposite.com"," Email <---> Revenue ","417520","Fraternal Composite Svc Inc","169 Campbell Ave","Utica","NY","13502","Oneida","www.fraternalcomposite.com","3157330593","3157331088","Carol White","CEO","Fem","25972000","151","733501","Photographer","5","0","1"
"256523","Little Me","Schwab.Sam@ralphlauren.com","131 W 33rd St","2129675838","2125645960","564103","Childrens & Infants Wear-Retail","NULL"," Email <---> Revenue ","646877","Little Me","131 W 33rd St # 14","New York","NY","10001","New York","www.littleme.com","2125645960","2124657310","Sam Schwab","CEO","Mal","32200000","200","564103","Childrens & ","5","0","1"
"417433","Superior Waste Control Inc","scott.earl@county-waste.com","PO Box 800","5188777337","5184772424","509312","Recycling Centers (Wholesale)","NULL"," Email <---> Revenue ","1001770","Superior Waste Control Inc","PO Box 800","Clifton Park","NY","12065","Saratoga","www.county-waste.com","5183772424","5188777337","Scott Earl","President","Mal","39225000","75","509312","Recycling Ce","5","0","1"
"377748","El Dorado Coffee Distributors","Segundo-Martin@eldoradocoffee.com","5675 49th St","7184184500","7184184100","209502","Coffee Mills","NULL"," Email <---> Revenue ","354303","El Dorado Coffee Distributors","5675 49th St","Flushing","NY","11378","Queens","www.eldoradocoffee.com","7184184100","7184184500","Segundo Martin","Owner","Mal","33760000","40","514908","Coffee Roast","5","0","1"
"51209","Huntington Town House","SR@newhuntingtontownhouse.com","124 Jericho Tpke","6314271006","6314278485","581212","Caterers","NULL"," Email <---> Revenue ","516129","Huntington Town House","124 Jericho Tpke","Huntington Sta","NY","11746","Suffolk","www.newhuntingtontownhouse.com","6314278485","6314271006","Rhona Silver","Owner","Fem","29250000","450","581212","Caterers","5","1","1"
"83074","Prime Automotive Parts Co","sschaefer@primeauto.com","8917 Union Tpke","7184419582","7188468900","509998","Distribution Centers","www.primeauto.com"," Email <---> Revenue ","849060","Prime Automotive Parts Co","8917 Union Tpke","Flushing","NY","11385","Queens","www.primeauto.com","7188468900","7184419582","Robert Scheer","President","Mal","46000000","150","509998","Distribution","5","0","1"
"317363","Magno Sound Inc","staff@magnosoundandvideo.com","729 7th Ave # 7","2128191282","2123022505","781203","Audio-Visual Production Service","NULL"," Email <---> Revenue ","671447","Magno Sound Inc","729 7th Ave # 7","New York","NY","10019","New York","www.magnosound.com","2123022505","2128191282","Bob Friedman","Owner","Mal","39250000","125","781203","Audio-Visual","5","0","1"
"82993","Integrated Marketing Grp Intl","Stu@imgintl.net","141 Halstead Ave","9148357355","9148357000","731101","Advertising-Agencies & Counselors","www.imgintl.net"," Email <---> Revenue ","529757","Integrated Marketing Grp Intl","141 Halstead Ave","Harrison","NY","10528","Westchester","www.imgintl.net","9148357000","9148357355","Stu Berger","Owner","Mal","35000000","2","731101","Advertising-","5","0","1"
"378015","Syracuse Banana Co","sybanana@syracusebanana.com","900 Wolf St","3154715247","3154712251","514801","Fruits & Vegetables-Wholesale","www.syracusebanana.com"," Email <---> Revenue ","1006386","Syracuse Banana Co","900 Wolf St","Syracuse","NY","13208","Onondaga","www.syracusebanana.com","3154712251","3154715247","Frank Inserra","Owner","Mal","28644000","42","514801","Fruits & Veg","5","0","1"
"398592","Lakeland Concrete Products Inc","tclarke@lakelandsconcrete.com","7520 E Main St","5856242102","5856241990","503208","Concrete Products (Wholesale)","www.lakelandsconcrete.com"," Email <---> Revenue ","621805","Lakeland Concrete Products Inc","PO Box 54a","Lima","NY","14485","Livingston","www.lakelandsconcrete.com","5856241990","5856242102","Todd Clarke","President","Mal","28800000","60","503208","Concrete Pro","5","0","1"
"447517","First Quality Products","tom.doherty@firstquality.com","80 Cuttermill Rd # 500","5168294949","5168293030","284406","Health & Beauty Aids-Manufacturers","NULL"," Email <---> Revenue ","401403","First Quality Products","80 Cuttermill Rd # 500","Great Neck","NY","11021","Nassau","www.firstquality.com","5168293030","5168294949","Nader Damaghi","Owner","Mal","36000000","25","384104","Physicians &","5","0","1"
"366620","Park Enterprises Inc","tsydeski@parkent.com","226 Jay St","5855467088","5855464200","399906","Assembly & Fabricating Service","www.parkent.com"," Email <---> Revenue ","811148","Park Enterprises Inc","226 Jay St","Rochester","NY","14608","Monroe","www.parkent.com","5855464200","5855467088","Sook-Cha Park","President","Fem","48500000","250","399906","Assembly & F","5","0","1"
"52615","Ampac","vbarbour@ampaconline.com","PO Box 271","8457785561","8457785511","267401","Bags-Paper (Manufacturers)","NULL"," Email <---> Revenue ","79917","Ampac","PO Box 271","Walden","NY","12586","Orange","www.ampaconline.com","8457785511","8457782369","Robert Tillis","Owner","Mal","49728000","192","267401","Bags-Paper (","5","0","1"
"372235","Life Care Ctr","vickie_kinckrehm@lcca.com","6 Harriman Dr","8452913733","8452913759","805101","Nursing & Convalescent Homes","NULL"," Email <---> Revenue ","640851","Life Care Ctr","46 Harriman Dr","Goshen","NY","10924","Orange","www.elant.org","8452913759","8452913733","Donna Case","President","Fem","28000000","400","805101","Nursing & Co","5","0","1"
"3322","Triangle Electronics Group Inc","vsanto@trianglecorp.com","1900 Ocean Ave","6315855026","6315851200","506519","Electronic Equipment & Supplies-Whol","www.trianglecorp.com"," Email <---> Revenue ","1042339","Triangle Electronics Group Inc","1900 Ocean Ave","Ronkonkoma","NY","11779","Suffolk","www.trianglecorp.com","6315851200","6315855026","Chris Cooper","CEO","Mal","31310000","31","506519","Electronic E","5","0","1"
"274073","Martin Farms Shop","webcultivator@123farmworks.com","4074 Redman Rd","5856376852","5856379360","519977","Wholesale","www.martinsfarms.com"," Email <---> Revenue ","687222","Martin Farms Shop","4074 Redman Rd","Brockport","NY","14420","Monroe","","5856379360","5856376852","James Martin","Owner","Mal","28720000","40","519977","Wholesale","5","0","1"
"330955","MHW LTD","webinfo@mhwltd.com","272 Plandome Rd # 100","5168699171","5168699170","509905","Importers","www.mhwltd.com"," Email <---> Revenue ","666944","MHW LTD","272 Plandome Rd # 100","Manhasset","NY","11030","Nassau","www.mhwltd.com","5168699170","5168699171","John Beaudette","President","Mal","33040000","35","509905","Importers","5","0","1"
"281142","Murphy & Nolan Inc","websales@murphynolan.com","55 Industrial Park Cir","5852471962","5854261420","505106","Steel-Distributors & Warehouses","www.murphynolan.com"," Email <---> Revenue ","738613","Murphy & Nolan Inc","55 Industrial Park Cir","Rochester","NY","14624","Monroe","www.murphynolan.com","5854261420","5852471962","John J Murphy IV","Manager","Mal","25080000","22","505106","Steel-Distri","5","0","1"
"316663","Alleghany","whicks@alleghany.com","PO Box 453","5164821525","5164660660","512204","Cosmetics-Wholesale","NULL"," Email <---> Revenue ","65073","Alleghany","PO Box 453","Great Neck","NY","11022","Nassau","www.alleghanypharmacal.com","5164660660","5164821525","David Geller","President","Mal","27860000","20","512204","Cosmetics-Wh","5","0","1"
"235691","Precision Grinding & Mfg Corp","william.hockenberger@pgmcorp.com","1305 Emerson St","5854586465","5854584300","354407","Tool & Die Makers","NULL"," Email <---> Revenue ","845749","Precision Grinding & Mfg Corp","1305 Emerson St","Rochester","NY","14606","Monroe","www.pgmcorp.com","5854584300","5854586465","Michael Hockenberger","President","Mal","32560000","185","354407","Tool & Die M","5","0","1"
"343536","Prejean Winery","wine@prejeanwinery.com","2634 State Route 14","3155367635","3155367524","208401","Wineries","www.prejeanwinery.com"," Email <---> Revenue ","846378","Prejean Winery","2634 State Route 14","Penn Yan","NY","14527","Yates","www.prejeanwinery.com","3155367524","3155367635","Elizabeth Prejean","Owner","Fem","43870000","82","208401","Wineries","5","0","1"
"447833","W M Berg Inc","wmbergtechsupport@wmberg.com","499 Ocean Ave","5165993277","5165995010","356898","Mechanical Power Trans Equip Nec (Mfrs)","www.wmberg.com"," Email <---> Revenue ","1081666","W M Berg Inc","499 Ocean Ave","East Rockaway","NY","11518","Nassau","www.wmberg.com","5165995010","","Mike Denicola","Manager","Mal","25700000","100","356898","Mechanical P","5","0","1"
"352076","Delaware Otsego Corp","wrich@nysw.com","1 Railroad Ave","6075479834","6075472555","401101","Railroads","NULL"," Email <---> Revenue ","306765","Delaware Otsego Corp","1 Railroad Ave","Cooperstown","NY","13326","Otsego","www.nysw.com","6075472555","6075479834","Walter G Rich","CEO","Mal","32282000","172","401101","Railroads","5","0","1"
"315958","Yaun Co Inc","yaunco@yaunco.com","240 Chestnut St","8452925118","8452926400","506330","Electric Equipment & Supplies-Wholesale","www.yaunco.com"," Email <---> Revenue ","1116228","Yaun Co Inc","240 Chestnut St","Liberty","NY","12754","Sullivan","www.yaunco.com","8452926400","8452925118","Rick Yaun","CEO","Mal","38150000","50","506330","Electric Equ","5","0","1"
