mail id,company,email,address,phone,fax,sic,sic description,web,,revenue id,company,address,city,state,zip,	metro,web,phone,fax,contact,position,gender,sales,# of employee,sic,sic_descrpiton,	,,
"494682","Clean Harbors Environmental","accattatis.victor@cleanharbors.com","14 Corporate Cir","8036913492","3154639901","291111","Oil Recovery-Enhanced","www.cleanharbors.com"," Email <---> Revenue ","242930","Clean Harbors Environmental","14 Corporate Cir # 2","East Syracuse","NY","13057","Onondaga","www.cleanharbors.com","3154639901","3154639624","Dave Chmielewski","Manager","Mal","56832000","12","291111","Oil Recovery","6","0","1"
"112895","Great Escape & Splashwater","affiliate@sixflags.com","1172 State Route 9","5187923500","5187923404","799601","Amusement Places","www.sixflags.com"," Email <---> Revenue ","461376","Great Escape & Splashwater","PO Box 511","Lake George","NY","12845","Warren","www.sixflags.com","5187923500","5187457468","Scott Maupin","VP","Mal","84000000","1000","799601","Amusement Pl","6","1","1"
"484033","C E Unterberg Towbin","banking@unterberg.com","350 Madison Ave","2123898810","2123898000","679998","Venture Capital Companies","www.unterberg.com"," Email <---> Revenue ","184606","C E Unterberg Towbin","350 Madison Ave","New York","NY","10017","New York","www.unterberg.com","2123898000","2123898810","James E Satloff","CEO","Mal","62300000","100","679998","Venture Capi","6","1","1"
"324401","Gerson & Gerson","Barbara_Zeins@bonniejean.com","112 W 34th St # 2001","2122446794","2122791130","513628","Clothing-Wholesale","NULL"," Email <---> Revenue ","442684","Gerson & Gerson","112 W 34th St # 2001","New York","NY","10120","New York","www.gersonandgerson.com","2122791130","2122446794","Matthew Gerson","CEO","Mal","66385000","85","513628","Clothing-Who","6","0","1"
"244718","Intramed","BeitlerJ@intramed.com","230 Park Ave # 8","2125986833","2126143800","731101","Advertising-Agencies & Counselors","NULL"," Email <---> Revenue ","533835","Intramed","230 Park Ave # 8","New York","NY","10169","New York","","2126143800","2125986833","Jed Beitler","CEO","Mal","62700000","300","731101","Advertising-","6","0","1"
"486050","Dynalec Corp","brian@dynalec.com","87 W Main St","3154836656","3154836923","366302","Communication Equipment-Manufacturers","NULL"," Email <---> Revenue ","336926","Dynalec Corp","87 W Main St","Sodus","NY","14551","Wayne","www.dynalec.com","3154836923","3154836656","Craig Cuvelier","CEO","Mal","58440000","120","366302","Communicatio","6","0","1"
"273125","Mailman Inc","bvignola@mailmeninc.com","15 Enter Ln","6315826948","6315826900","733105","Advertising-Direct Mail","NULL"," Email <---> Revenue ","672274","Mailman Inc","15 Enter Ln","Islandia","NY","11749","Suffolk","","6315826900","6315826948","William Vignola","CEO","Mal","63000000","300","733105","Advertising-","6","0","1"
"255077","Cyberchron Corp","ceikner@cyberchron.com","Us Route 9","8452653752","8452653700","357101","Computers-Electronic-Manufacturers","www.cyberchron.com"," Email <---> Revenue ","284051","Cyberchron Corp","PO Box 160","Cold Spring","NY","10516","Putnam","www.cyberchron.com","8452653700","8452653752","","","","58550000","50","357101","Computers-El","6","0","1"
"435190","Trans Act Technologies","corporate@transact-tech.com","20 Bomax Dr","2039499048","6072578901","357702","Computer Peripherals (Manufacturers)","www.transact-tech.com"," Email <---> Revenue ","1038527","Trans Act Technologies","20 Bomax Dr","Ithaca","NY","14850","Tompkins","www.transact-tech.com","6072578901","6072578922","Andy Hoffman","Manager","Mal","64960000","160","357702","Computer Per","6","0","1"
"378791","Corning Inc","dannme@corning.com","275 River St","5403825496","6074333100","308902","Plastics & Plastic Products (Mfrs)","www.corning.com"," Email <---> Revenue ","266990","Corning Inc","275 River St","Oneonta","NY","13820","Otsego","www.corning.com","6074333100","6074333161","Terri Mauk","Plant Mgr","Fem","54480000","240","308902","Plastics & P","6","0","1"
"188339","County Frame Corp","daver@framerica.com","519 Johnson Ave","6315674997","6315678889","249903","Picture Frames-Manufacturers","www.countyframe.com"," Email <---> Revenue ","271583","County Frame Corp","519 Johnson Ave","Bohemia","NY","11716","Suffolk","www.countyframe.com","6315678889","6315674997","Gene Eichner","President","Mal","55700000","100","502317","Picture Fram","6","0","1"
"299272","Media America Inc","dbrown@mediaamerica.com","11 W 42nd St # 28","2123026024","2123021100","792204","Radio Program Producers","www.mediaamerica.com"," Email <---> Revenue ","699801","Media America Inc","1133 Avenue Of The Americas","New York","NY","10036","New York","www.mediaamerica.com","2123021100","2125569402","Gary Schonfeld","President","Mal","60000000","86","274119","Multimedia (","6","0","1"
"436376","Mr Christmas Inc","dchristmas@mrchristmas.com","41 Madison Ave","2127799035","2128897220","599951","Christmas Lights & Decorations","NULL"," Email <---> Revenue ","735148","Mr Christmas Inc","41 Madison Ave","New York","NY","10010","New York","www.mrchristmas.com","2128897220","2127799035","Terry Hermanson","CEO","Mal","60000000","5","599951","Lighting Spe","6","0","1"
"311998","Derrick Corp","derrickla@derrickcorp.com","590 Duke Rd","7166834991","7166839010","356901","Screening & Sifting Equipment (Mfrs)","www.derrickcorp.com"," Email <---> Revenue ","311474","Derrick Corp","590 Duke Rd","Buffalo","NY","14225","Erie","www.derrickcorp.com","7166839010","7166834991","James W Derrick","CEO","Mal","85750000","350","356901","Screening & ","6","0","1"
"488522","Merrill Corp","directsellers@merrillcorp.com","225 Varick St # 12","4152960300","2122296500","275202","Printers","www.merrillcorp.com"," Email <---> Revenue ","705384","Merrill Corp","225 Varick St # 12","New York","NY","10014","New York","www.merrillcorp.com","2122296500","2126458552","Michael James","President","Mal","72450000","350","275202","Printers","6","0","1"
"76026","American Independence Corp","dkettig@sslicny.com","485 Madison Ave # 14","NULL","2123554141","641133","Insurance-Holding Companies","NULL"," Email <---> Revenue ","75721","American Independence Corp","485 Madison Ave # 14","New York","NY","10022","New York","www.americanindependencecorp.com","2123554141","","Roy T K Thung","CEO","Mal","80378000","74","641133","Insurance-Ho","6","0","1"
"35280","International Masters Pblshrs","DonnaIucolano@imp-usa.com","225 Park Ave S","2123537100","2123536400","874213","Marketing Programs & Services","NULL"," Email <---> Revenue ","532408","International Masters Pblshrs","225 Park Ave S","New York","NY","10003","New York","www.imp-usa.com","2123536400","2123537100","Donna Iucolano","CEO","Fem","69000000","300","874213","Marketing Pr","6","0","1"
"438232","Norco/North Collins Cylinder","donnieschubert@petrogas.net","1770 Milestrip Rd","7163372756","7163373133","517208","Gas-Liquefied Petro-Bttld/Bulk (Whol)","www.renaldo.org"," Email <---> Revenue ","773649","Norco/North Collins Cylinder","1770 Milestrip Rd","North Collins","NY","14111","Erie","www.renaldo.org","7163373133","7163372756","James V Renaldo","Owner","Mal","68166000","14","517208","Gas-Liquefie","6","0","1"
"396179","Contec Corp","dstack@gocontec.com","1011 State St","5183828452","5183828000","357598","Computer Terminals (Manufacturers)","NULL"," Email <---> Revenue ","262386","Contec Corp","1011 State St","Schenectady","NY","12307","Schenectady","www.gocontec.com","5183828000","5183828452","Gary Stein","CEO","Mal","63200000","200","357598","Computer Ter","6","0","1"
"167736","PlusFundscom","erich@multiplan.com","33 Whitehall St 14th Floor","2127802000","null","679998","Venture Capital Companies","RUBINMUSEUM.NET"," Email <---> Revenue ","737952","Multiplan Inc","115 5th Ave # 7","New York","NY","10003","New York","www.multiplan.com","2127802000","2127800420","Mark Tabak","CEO","Mal","63750000","375","874242","Health Care ","6","0","1"
"456776","New York Air Brake Co","eva.seifert@knorr-bremse.com","748 Starbuck Ave","3157865676","3157862065","374304","Railroad Equipment (Manufacturers)","www.nyab.com"," Email <---> Revenue ","761526","New York Air Brake Co","748 Starbuck Ave","Watertown","NY","13601","Jefferson","www.nyab.com","3157862065","3157865676","J Paul Morgan","President","Mal","78000000","330","374304","Railroad Equ","6","0","1"
"487800","Harbor Seafood","fcassini@harborseafood.com","969 Lakeville Rd","5167752407","5167752400","514601","Seafood-Wholesale","www.harborseafood.com"," Email <---> Revenue ","482138","Harbor Seafood","969 Lakeville Rd","New Hyde Park","NY","11040","Nassau","www.harborseafood.com","5167752400","5167752407","Pete Cardone","Owner","Mal","89300000","23","514601","Seafood-Whol","6","0","1"
"170555","Jay Advertising Inc","ferdinand_smith@jayadvertising.com","170 Linden Oaks # A","5852643650","5852643600","731101","Advertising-Agencies & Counselors","NULL"," Email <---> Revenue ","559245","Jay Advertising Inc","170 Linden Oaks # A","Rochester","NY","14625","Monroe","www.jayadvertising.com","5852643600","5852643650","Ferdinand J Smith","CEO","Mal","65000000","0","731101","Advertising-","6","0","1"
"302818","Ralph W Earl Co Inc","gwood@rwearl.com","1 Commerce Dr","NULL","3157690366","508520","Hydraulic Equipment & Supplies (Whol)","NULL"," Email <---> Revenue ","871934","Ralph W Earl Co Inc","1 Commerce Dr","Massena","NY","13662","St Lawrence","","3157690366","","Graham Wood","President","Mal","54150000","95","508520","Hydraulic Eq","6","0","1"
"341267","Lebanon Valley Speedway Clbhs","heather@lebanonvalley.com","1746 Rt 20","5187947623","5187949965","552103","Automobile Dealers Performance & Race","www.dragway.com"," Email <---> Revenue ","631986","Lebanon Valley Speedway Clbhs","PO Box 9","West Lebanon","NY","12195","Columbia","www.lebanonvalley.com","5187949965","5187947889","Howard Commander","Owner","Mal","80520000","120","552103","Automobile D","6","0","1"
"330191","Fairway Market","Howard@fairwaymarket.com","2127 Broadway","2125959843","2125951888","541105","Grocers-Retail","NULL"," Email <---> Revenue ","385416","Fairway Market","2127 Broadway","New York","NY","10023","New York","www.fairwaymarket.com","2125951888","2125959843","Howard Glickberg","Owner","Mal","88800000","400","543101","Fruits & Veg","6","0","1"
"478736","Hussmann Corp","hussmann-coils@hussmann.com","140 E State St","3169455358","5187250644","358506","Refrigeration Equipment-Truck (Mfrs)","www.hussmann.com"," Email <---> Revenue ","516518","Hussmann Corp","140 E State St","Gloversville","NY","12078","Fulton","www.hussmann.com","5187250644","5187253801","William Wood","Plant Mgr","Mal","52200000","150","358506","Refrigeratio","6","0","1"
"478354","Tyco Healthcare","info.syneture@tycohealthcare.com","5439 State Route 40","7709511812","5186386101","384104","Physicians & Surgeons Equip & Supls-Mfrs","www.tycohealthcare.com"," Email <---> Revenue ","1048941","Tyco Healthcare","5439 State Route 40","Argyle","NY","12809","Washington","www.tycohealthcare.com","5186386101","5186388493","Bill Bunn","Plant Mgr","Mal","54740000","170","384104","Physicians &","6","0","1"
"279589","Hollingsworth & Vose Co","informationtechnology@hovo.com","5035 County Route 113","5086683057","5186953266","229701","Nonwoven Fabrics (Manufacturers)","www.hollingsworth-vose.com"," Email <---> Revenue ","503121","Hollingsworth & Vose Co","5035 County Route 113","Greenwich","NY","12834","Washington","","5186953266","5186953771","Michael Baumann","Plant Mgr","Mal","84000000","200","229701","Nonwoven Fab","6","0","1"
"370163","Future Home Technology Inc","jdoe@futurehometechnology.com","PO Box 4255","8458582488","8458569033","154212","Buildings-Pre-Cut Prefabricated/Modular","NULL"," Email <---> Revenue ","424875","Future Home Technology Inc","PO Box 4255","Port Jervis","NY","12771","Orange","www.futurehometechnology.com","8458569033","8458582488","Ed Opalka","President","Mal","76560000","145","154212","Buildings-Pr","6","0","1"
"94281","S & S Fuel Co Inc","jfranco@codfuel.com","441 Falmouth Rd","6315870261","6315878122","517206","Oils-Fuel (Wholesale)","www.supersavergroup.com"," Email <---> Revenue ","914818","S & S Fuel Co Inc","441 Falmouth Rd","West Babylon","NY","11704","Suffolk","www.supersavergroup.com","6315878122","6315870261","Frank Sofia","Owner","Mal","97380000","20","517206","Oils-Fuel (W","6","0","1"
"329695","JGB Enterprises Inc","jgb@jgbhose.com","115 Metropolitan Park Dr","3154518503","3154512770","508519","Hose Couplings & Fittings (Wholesale)","www.jgbhose.com"," Email <---> Revenue ","549079","JGB Enterprises Inc","PO Box 209","Liverpool","NY","13088","Onondaga","www.jgbhose.com","3154512770","3154518503","Jay Bernhardt","President","Mal","74100000","130","508519","Hose Couplin","6","0","1"
"453637","Crozier Fine Arts","johnroche@crozierfinearts.com","525 W 20th St","2122435209","2127412024","509905","Importers","www.crozierfinearts.com"," Email <---> Revenue ","279087","Crozier Fine Arts","525 W 20th St","New York","NY","10011","New York","www.crozierfinearts.com","2127412024","2122435209","Bob Crozier","President","Mal","75520000","80","509905","Importers","6","0","1"
"125716","Mercury Aircraft Inc","jon_pierce@mercuryaircraftinc.com","17 Wheeler Ave","6075692052","6075694200","344403","Sheet Metal Fabricators","NULL"," Email <---> Revenue ","704442","Mercury Aircraft Inc","15 Wheeler Ave","Hammondsport","NY","14840","Steuben","www.mercuryaircraftinc.com","6075694200","6075692052","Joseph F Meade III","President","Mal","90000000","900","344403","Sheet Metal ","6","0","1"
"446112","Avon Products Inc","kjcohen@kennethjaycohen.com","1 Avon Plaza - 601 Midland Avenue","2032507799","null","738999","Business Services Nec","MYAVONBUSINESS.ORG"," Email <---> Revenue ","112302","Avon Products Inc","Avon Plz","Rye","NY","10580","Westchester","","9149352000","9149352959","","","","93800000","700","599992","Cosmetics & ","6","0","1"
"414049","King Zak Industries Inc","kzinfo@kingzak.com","17 Sorrento Dr","8452917338","8452911200","511101","Paper Products (Wholesale)","www.kingzak.com"," Email <---> Revenue ","604386","King Zak Industries Inc","17 Dikeman Dr","Goshen","NY","10924","Orange","www.kingzak.com","8452911200","8452917338","Herb Zakarin","Owner","Mal","74880000","40","511101","Paper Produc","6","0","1"
"157615","Regeneron Pharmaceuticals Inc","leonard.schleifer@regeneron.com","777 Old Saw Mill River Rd","NULL","9143457400","873108","Pharmaceutical Research Laboratories","NULL"," Email <---> Revenue ","880175","Regeneron Pharmaceuticals Inc","777 Old Saw Mill River Rd","Tarrytown","NY","10591","Westchester","www.regeneron.com","9143477000","","Leonard S Schleifer","CEO","Mal","66193000","588","873108","Pharmaceutic","6","0","1"
"179273","Atwater Foods LLC","lothamer@atwaterfoods.com","10182 Roosevelt Hwy","5857659443","5857652639","514912","Fruits-Dried (Wholesale)","www.atwaterfoods.com"," Email <---> Revenue ","107109","Atwater Foods LLC","10182 Roosevelt Hwy","Lyndonville","NY","14098","Orleans","www.atwaterfoods.com","5857652639","5857659443","Randy Atwater","President","Mal","59080000","70","514912","Fruits-Dried","6","0","1"
"469131","Anderson Instrument Co","lputnam@andinst.com","156 Auriesville Rd","5189228997","5189225315","508214","Surveying Instruments (Wholesale)","www.andinst.com"," Email <---> Revenue ","81789","Anderson Instrument Co","156 Auriesville Rd","Fultonville","NY","12072","Montgomery","www.andinst.com","5189225315","5189228997","Anne De Greef-Safft","President","Fem","73350000","90","508214","Surveying In","6","0","1"
"424801","Fusient Media Ventures","mediasales@cstv.com","62 Chelsea Piers # 316","2123428700","2123428899","792205","Television Program Producers","www.cstv.com"," Email <---> Revenue ","250253","College Sports Television","85 10th Ave # 10","New York","NY","10011","New York","www.cstv.com","2123428700","2123428899","Brian Bedol","President","Mal","75000000","300","792205","Television P","6","0","1"
"156811","A Sam & Sons Produce Inc","msam@plan-it-earth.net","4869 W Lake Rd","7163660634","7163666666","514801","Fruits & Vegetables-Wholesale","www.cabbage.net"," Email <---> Revenue ","25266","A Sam & Sons Produce Inc","PO Box 591","Dunkirk","NY","14048","Chautauqua","www.cabbage.net","7163666666","7163660634","Charles Sam","President","Mal","54560000","80","514801","Fruits & Veg","6","0","1"
"409763","Alarm Specialists","Neil@alarmspecialists.com","3330 Terrytown Rd","9144288336","9149621999","506324","Burglar Alarm Systems (Wholesale)","NULL"," Email <---> Revenue ","55472","Alarm Specialists","3330 Terrytown Rd","Yorktown Heights","NY","10598","Westchester","","9149621999","9144288336","Neil Rhodes","Owner","Mal","68670000","90","506304","Security Con","6","0","1"
"277666","Invitrogen","nmacchia@lifetech.com","3175 Staley Rd","7167746700","null","7319","Media services","GIBCO-CC.COM^^GIBCOCELLCULTURE.COM^^GIBCOMEDIA.COM"," Email <---> Revenue ","534335","Invitrogen Corp","3175 Staley Rd","Grand Island","NY","14072","Erie","www.invitrogen.com","7167746700","7167746694","Monette Greenway","Executive Director","Fem","79800000","500","283601","Biological P","6","0","1"
"365555","Lloyds TSB Bank","P_Peter@lloydstsb-usa.com","PO Box 4873","2129305098","2129305000","608198","Branches & Agencies Of Foreign Banks","NULL"," Email <---> Revenue ","648624","Lloyds TSB Bank","PO Box 4873","New York","NY","10163","New York","www.lloydstsb.com","2129305000","2129305098","Peter Phillips","CEO","Mal","95788000","0","608198","Branches & A","6","2","1"
"394814","Scarsdale Security","pagewatch@scarsdalesecurity.com","132 Montgomery Ave","9147222299","9147222200","506324","Burglar Alarm Systems (Wholesale)","www.scarsdalesecurity.com"," Email <---> Revenue ","931143","Scarsdale Security","132 Montgomery Ave","Scarsdale","NY","10583","Westchester","www.scarsdalesecurity.com","9147222200","9147222299","David Raizen","President","Mal","76300000","100","506324","Burglar Alar","6","0","1"
"485709","Preferred Care","pers@godoyle.com","259 Monroe Ave # A","5853253122","5853253920","809904","Health Maintenance Organizations","www.preferredcare.org"," Email <---> Revenue ","846161","Preferred Care","259 Monroe Ave # A","Rochester","NY","14607","Monroe","www.preferredcare.org","5853253920","5853253122","John Urban","President","Mal","72645000","501","809904","Health Maint","6","2","1"
"343818","Home Therapy Equipment Inc","purchasing.desk@hometherapy.net","4 Enterprise Ave","5188775982","5186641900","516920","Oxygen (Wholesale)","www.hometherapy.net"," Email <---> Revenue ","505432","Home Therapy Equipment Inc","4 Enterprise Ave","Clifton Park","NY","12065","Saratoga","www.hometherapy.net","5186641900","5188775982","Jim Flacke","President","Mal","70070000","70","516920","Oxygen (Whol","6","0","1"
"480617","Hogan Flavors Fragrances Inc","ray@hoganff.com","130 E 18th St # 9c","2124774711","2125984310","512212","Perfumers-Raw Materials & Supls (Whol)","www.hoganff.com"," Email <---> Revenue ","502236","Hogan Flavors Fragrances Inc","130 E 18th St # 9c","New York","NY","10003","New York","www.hoganff.com","2125984310","2124774711","Ray Hogan","Owner","Mal","51541000","37","512212","Perfumers-Ra","6","0","1"
"476127","Delaware Manufacturing Ind","renzo@dmic.com","3776 Commerce Ct","7168748759","7167434360","351103","Hydraulic Equipment-Manufacturers","www.dmic.com"," Email <---> Revenue ","306737","Delaware Manufacturing Ind","3776 Commerce Ct","North Tonawanda","NY","14120","Niagara","www.dmic.com","7167434360","7168748759","Remzo Mestieri","President","Mal","57650000","50","351103","Hydraulic Eq","6","0","1"
"150697","Boston Piano Co","rnunez@steinway.com","3711 19th Ave","7189324332","7187217711","393104","Pianos-Manufacturers","NULL"," Email <---> Revenue ","160664","Boston Piano Co","3711 19th Ave","Long Island City","NY","11105","Queens","www.steinway.com","7187217711","7189324332","Bruce Stevens","President","Mal","84150000","450","393104","Pianos-Manuf","6","0","1"
"178460","Hazen & Sawyer","Robert@hazenandsawyer.com","498 7th Ave # 11","2126149049","2127778400","871111","Engineers-Consulting","NULL"," Email <---> Revenue ","487851","Hazen & Sawyer","498 7th Ave # 11","New York","NY","10018","New York","www.hazenandsawyer.com","2127778400","2126149049","Robert Hagedorn","President","Mal","70000000","400","871111","Engineers-Co","6","0","1"
"487884","Mount Vernon Money Ctr","Robert_Egan@mvmc.com","403 E 3rd St","9146642942","9146640111","609903","Check Cashing Service","NULL"," Email <---> Revenue ","733853","Mount Vernon Money Ctr","403 E 3rd St","Mt Vernon","NY","10553","Westchester","www.mvmc.com","9146640111","9146642942","John Pratt","CEO","Mal","92750000","250","609903","Check Cashin","6","2","1"
"198814","Widex","Ron@widexusa.com","3553 24th St","7184821884","7183601000","599979","Hearing Impaired Equipment & Supplies","NULL"," Email <---> Revenue ","1100687","Widex","3553 24th St","Long Island City","NY","11106","Queens","www.widexusa.com","7183601000","7184821884","Ron Meltsner","President","Mal","52250000","250","599979","Hearing Impa","6","0","1"
"268983","American Stevedoring","Sal@asiterminals.com","744 Clinton St","7186437201","7185223277","736107","Stevedoring Contractors","NULL"," Email <---> Revenue ","77790","American Stevedoring","744 Clinton St","Brooklyn","NY","11231","Kings","www.asiterminals.com","7185223277","7186437201","Sal Catucci","CEO","Mal","97500000","500","736107","Stevedoring ","6","0","1"
"334179","Power Pallet Repair Svc","Sam@powerpalletinc.com","500 Sterling Ave","5183563930","5183552995","503105","Pallets & Skids (Wholesale)","NULL"," Email <---> Revenue ","844404","Power Pallet Repair Svc","500 Sterling Ave","Schenectady","NY","12306","Schenectady","www.powerpalletinc.com","5183552995","5183563930","Sam Donadio","Owner","Mal","52300000","100","509305","Waste Rdctn ","6","0","1"
"306480","Gemini Manufacturing","samedayrush@jetlinepromo.com","252 Lake Ave # A","9143751523","9143750855","519917","Advertising-Specialties (Wholesale)","www.jetlinepromo.com"," Email <---> Revenue ","436668","Gemini Manufacturing","252 Lake Ave # B","Yonkers","NY","10701","Westchester","www.jetlinepromo.com","9143750855","9143751523","Eric Levin","Owner","Mal","71800000","100","519917","Advertising-","6","0","1"
"217739","Daikin Chemical America Inc","satoshidoi@daikin-america.com","20 Olympic Dr","8453659515","8453659500","284203","Cleaning Compounds-Manufacturers","NULL"," Email <---> Revenue ","291267","Daikin Chemical America Inc","20 Olympic Dr","Orangeburg","NY","10962","Rockland","www.daikin-america.com","8453650187","8453659515","T Doi","President","Mal","56640000","60","509905","Importers","6","0","1"
"139970","A To Z Kosher Meat Products Co","seth@bin-15.com","123 Grand St","7183847403","7183847400","514704","Meat-Wholesale","www.empirenational.com"," Email <---> Revenue ","25970","A To Z Kosher Meat Products Co","123 Grand St","Brooklyn","NY","11211","Kings","www.empirenational.com","7183847400","7183847403","Edward Weinberg","Owner","Mal","85540000","28","514704","Meat-Wholesa","6","0","1"
"183402","Breconridge Manufacturing","shaun_mcewan@breconridge.com","120 Chimney Point Dr","3153934949","3153938000","506510","Telephone Equipment & Systems-Wholesale","www.breconridge.com"," Email <---> Revenue ","164610","Breconridge Manufacturing","120 Chimney Point Dr","Ogdensburg","NY","13669","St Lawrence","www.breconridge.com","3153938000","3153934949","Ed Savage","Manager","Mal","60600000","60","506510","Telephone Eq","6","0","1"
"17444","Seventh Sense Inc","stacy.mirinaviciene@seventhsense.com","2050 Bellmore Ave","5168687194","5162218722","509410","Beads (Wholesale)","NULL"," Email <---> Revenue ","942333","Seventh Sense Inc","2050 Bellmore Ave","Bellmore","NY","11710","Nassau","www.seventhsense.com","5162218722","5168687194","Darrin Lisiten","Owner","Mal","50100000","50","509410","Beads (Whole","6","0","1"
"448011","Penny Lane Promotional Product","steveharrison@gvpennysaver.com","1471 Rt 15","5852268111","5852263103","519917","Advertising-Specialties (Wholesale)","www.gvpennysaver.com"," Email <---> Revenue ","822759","Penny Lane Promotional Product","1471 Rt 15","Avon","NY","14414","Livingston","www.gvpennysaver.com","5852263103","","Steven Harrison","Manager","Mal","61030000","85","519917","Advertising-","6","0","1"
"462005","Marquardt","svv@marquardtpaper.com","161 Avenue Of The Americas # 2","2125360282","2126457200","262101","Paper-Manufacturers","www.marquardtpaper.com"," Email <---> Revenue ","685933","Marquardt","161 Avenue Of The Americas # 2","New York","NY","10013","New York","www.marquardtpaper.com","2126457200","2125360282","","","","67000000","100","262101","Paper-Manufa","6","0","1"
"458173","Adirondack Direct","Syl_Cangero@adirondackdirect.com","3101 Vernon Blvd","7182044537","7182044555","252198","Wood-Office Furniture (Manufacturers)","NULL"," Email <---> Revenue ","44043","Adirondack Direct","3101 Vernon Blvd","Long Island City","NY","11106","Queens","www.adirondackdirect.com","7182044555","7182044554","Jack Wayher","CEO","Mal","64100000","100","502112","Office Furni","6","0","1"
"93874","Synco Chemical Corp","tchambasian@superlube.com","24 Davinci Dr","8502225152","6315675300","299202","Lubricants-Manufacturers","www.superlube.com"," Email <---> Revenue ","1006083","Synco Chemical Corp","PO Box 405","Bohemia","NY","11716","Suffolk","www.superlube.com","6315675300","6315675359","Juan Nunez","Manager","Mal","98400000","30","299202","Lubricants-M","6","0","1"
"315300","New Era Cap Co Inc","timothy.freer@neweracap.com","PO Box 208","7165495424","7165490445","235303","Hats Caps & Millinery (Manufacturers)","NULL"," Email <---> Revenue ","757963","New Era Cap Co Inc","PO Box 208","Derby","NY","14047","Erie","www.neweracap.com","7165490445","7165495424","Christopher Koch","CEO","Mal","68000000","1300","235303","Hats Caps & ","6","0","1"
"480080","Adams Fairacre Farms Inc","tprivitera@adamsfarms.com","765 Dutchess Tpke","8454544337","8454544330","594713","Gift Baskets & Parcels","www.adamsfarms.com"," Email <---> Revenue ","42738","Adams Fairacre Farms Inc","765 Dutchess Tpke","Poughkeepsie","NY","12603","Dutchess","www.adamsfarms.com","8454544330","8454544337","Ralph Adams","CEO","Mal","66400000","500","594713","Gift Baskets","6","0","1"
"486971","Danskin Inc","triathlon@danskin.com","530 7th Ave # M1","7023612900","2127644630","233902","Sportswear-Womens-Manufacturers","www.danskin.com"," Email <---> Revenue ","295390","Danskin Inc","530 7th Ave # M1","New York","NY","10018","New York","www.danskin.com","2127644630","2129309138","Carol J Hochman","CEO","Fem","81758000","825","233902","Sportswear-W","6","0","1"
"457464","Tribune Media Svc","tvdatasales@tribune.com","333 Glen St # 6","5187924671","5187929914","738302","Newspaper Feature Syndicates","www.tvdata.com"," Email <---> Revenue ","1042569","Tribune Media Svc","333 Glen St # 6","Glens Falls","NY","12801","Warren","www.tvdata.com","5187929914","5187924671","Jim Mc Cormick","Manager","Mal","59444000","308","738302","Newspaper Fe","6","0","1"
"402551","Genuine Parts Co","yourname@yourserver.com","301 Wolf Rd","2696491751","5187853781","501313","Automobile Parts & Supplies-Wholesale","www.napaonline.com"," Email <---> Revenue ","439321","Genuine Parts Co","301 Wolf Rd","Latham","NY","12110","Albany","www.napaonline.com","5187853781","5187851278","Elliot Friend","Manager","Mal","80640000","180","501313","Automobile P","6","0","1"
