mail id,company,email,address,phone,fax,sic,sic description,web,,revenue id,company,address,city,state,zip,	metro,web,phone,fax,contact,position,gender,sales,# of employee,sic,sic_descrpiton,	,,
"476410","Eastern Alloys Inc","jwaud@eazall.com","Henry Henning Dr","2708308166","8454272151","505113","Metal Specialties (Wholesale)","www.eazall.com"," Email <---> Revenue ","345592","Eastern Alloys Inc","PO Box Q","Maybrook","NY","12543","Orange","www.eazall.com","8454272151","8454275185","Richard H Bauer","President","Mal","85000000","100","505113","Metal Specia","6","0","1"
"483766","Deckman Oil Co","craig@deckmanoil.com","9 Norton St","5856242142","5856241630","517214","Oils-Lubricating-Wholesale","www.deckmanoil.com"," Email <---> Revenue ","304889","Deckman Oil Co","9 Norton St","Honeoye Falls","NY","14472","Monroe","www.deckmanoil.com","5856241630","5856242142","Buzz Deckman","President","Mal","73035000","15","517214","Oils-Lubrica","6","0","1"
"432611","Electronix Systems","lhuff@electronixsystems.com","1555 New York Ave","6314248510","6312714000","506324","Burglar Alarm Systems (Wholesale)","www.electronixsystems.com"," Email <---> Revenue ","356373","Electronix Systems","1555 New York Ave","Huntington Sta","NY","11746","Suffolk","www.electronixsystems.com","6312714000","6314248510","Fred Leonardo","President","Mal","61040000","80","506324","Burglar Alar","6","0","1"
"450140","IBM Corp","mackallp@us.ibm.com","1 New Orchard Rd","5152832913","9144991900","357101","Computers-Electronic-Manufacturers","www.ibm.com"," Email <---> Revenue ","518845","IBM Corp","1 New Orchard Rd","Armonk","NY","10504","Westchester","www.ibm.com","9144991900","9147657382","Samuel J Palmisano","CEO","Mal","91134000","329373","357101","Computers-El","6","0","1"
"363325","Bluefly Inc","flyrep@bluefly.com","42 W 39th St # 9","2123543400","2129448000","596102","Mail Order & Catalog Shopping","www.blue-fly.com"," Email <---> Revenue ","154778","Bluefly Inc","42 W 39th St # 9","New York","NY","10018","New York","www.bluefly.com","2123023633","2123543400","Melissa Payner-Gregor","CEO","Fem","43799000","80","596102","Internet & C","5","0","1"
"379568","Barrier Window Systems","AC@barrierwindow.com","PO Box 249","3158532431","3158533921","521107","Windows","NULL"," Email <---> Revenue ","126528","Barrier Window Systems","PO Box 249","Westmoreland","NY","13490","Oneida","www.barrierwindow.com","3158533921","3158532431","Anthony Cadieux","President","Mal","25800000","100","521107","Windows","5","0","1"
"394636","Raymond Corp","corporate@raymond-nj.com","6650 Kirkville Rd","3154630053","3154635000","353703","Material Handling Equipment-Mfrs","www.raymondcorp.com"," Email <---> Revenue ","875189","Raymond Corp","6650 Kirkville Rd","East Syracuse","NY","13057","Onondaga","www.raymondcorp.com","3154635000","3154630053","Andre Buytaert","Plant Mgr","Mal","39688000","121","353703","Material Han","5","0","1"
"411701","Lancer Insurance Co","disenberg@lancer-ins.com","370 W Park Ave","5168895111","5164314441","641111","Insurance-Automobile","www.lancerfamily.com"," Email <---> Revenue ","623319","Lancer Insurance Co","370 W Park Ave","Long Beach","NY","11561","Nassau","","5164314441","5168895111","Randy O'Neill","Manager","Mal","39200000","200","641111","Insurance-Au","5","0","1"
"447448","I Janvey & Sons Inc","ed@janvey.com","218 Front St","5164863927","5164899300","516977","Gums (Wholesale)","www.janvey.com"," Email <---> Revenue ","518102","I Janvey & Sons Inc","218 Front St","Hempstead","NY","11550","Nassau","www.janvey.com","5164899300","5164863927","Bruce Janvey","Owner","Mal","40040000","40","516977","Gums (Wholes","5","0","1"
"345072","Evergreen International Airlne","info-or@evergreenhelicopters.com","Bldg16 E Hangar Rd","4023410234","7189954928","451201","Airline Companies","www.evergreenaviation.com"," Email <---> Revenue ","376810","Evergreen International Airlne","Bldg16 E Hangar Rd","Jamaica","NY","11430","Queens","www.evergreenaviation.com","7189954928","7189954932","Keith Kelly","Executive Director","Mal","25760000","80","451201","Airline Comp","5","0","1"
"305977","CASI","Ken@shopcasi.com","602 S 3rd Ave","9146682080","9146687200","357101","Computers-Electronic-Manufacturers","NULL"," Email <---> Revenue ","187137","CASI","602 S 3rd Ave","Mt Vernon","NY","10550","Westchester","","9146687200","9146682080","Ken Kendes","Owner","Mal","46840000","40","357101","Computers-El","5","0","1"
"108322","Pawling Corp","epdinfo@pawling.com","157 Charles Colman Blvd","8458551937","8458551000","306917","Rubber-Mfrs Supplies (Manufacturers)","www.pawling.com"," Email <---> Revenue ","818756","Pawling Corp","157 Charles Colman Blvd","Pawling","NY","12564","Dutchess","www.pawling.com","8458551000","8458551937","Roger W Smith","CEO","Mal","49200000","350","306917","Rubber-Mfrs ","5","0","1"
"239505","American Roland Food Corp","steve.adler@rolandfood.com","71 West 23rd Street","2127418290","2127416571","5411","Food products","AMERICANROLANDFOODCORP.COM^^PROWHSE.BIZ^^PROWHSE.COM^^ROLANDCULINARYCROSSROADS.COM^^ROLANDFOOD.BIZ^^"," Email <---> Revenue ","77487","American Roland Food Corp","46 W 24th St","New York","NY","10010","New York","","2127418799","2127418855","Charles Scheidt","Owner","Mal","42480000","45","509901","Exporters","5","0","1"
"479880","Alta East Inc","tom@altaeast.com","50 Industrial Pl","8453436789","8453444271","517215","Oils-Petroleum (Wholesale)","www.altaeast.com"," Email <---> Revenue ","70191","Alta East Inc","PO Box 2201","Middletown","NY","10940","Orange","www.altaeast.com","8453444271","8453436789","D W Porto","Owner","","43821000","9","517215","Oils-Petrole","5","0","1"
"332993","Designatronics Inc","mhoffman@sdp-si.com","PO Box 5416","5163268827","5163280200","356898","Mechanical Power Trans Equip Nec (Mfrs)","NULL"," Email <---> Revenue ","312143","Designatronics Inc","PO Box 5416","New Hyde Park","NY","11042","Nassau","www.designatronics.com","5163280200","5163268827","Martin Hoffman","CEO","Mal","25011000","300","356898","Mechanical P","5","0","1"
"384096","J W Stevens Co Inc","garch@jwstevens.com","911 N Geddes St","3154727154","3154726311","507420","Boilers-New & Used (Wholesale)","www.jwstevens.com"," Email <---> Revenue ","547609","J W Stevens Co Inc","911 N Geddes St","Syracuse","NY","13204","Onondaga","www.jwstevens.com","3154727056","3154727154","Jeff Salanger","VP","Mal","11580000","20","507420","Boilers-New ","4","0","1"
"356128","Panor Corp","raymond@maxxima.com","125 Cabot Ct","6314341200","6314341457","8999","Services NEC","CRESLITECHNOLOGIES.COM^^MAXXIMA.COM"," Email <---> Revenue ","808699","Panor Corp","125 Cabot Ct","Hauppauge","NY","11788","Suffolk","www.maxxima.com","6314341200","6314341457","","","","18880000","20","509905","Importers","4","0","1"
"443883","Union Standard Equipment Co","jim@unionmachinery.com","825 E 141st St","7189932650","7185850200","355611","Bakers Equipment-Manufacturers","www.unionmachinery.com"," Email <---> Revenue ","1056718","Union Standard Equipment Co","825 E 141st St","Bronx","NY","10454","Bronx","www.unionmachinery.com","7185850200","7189932650","John Greenberg","VP","Mal","10988000","41","355611","Bakers Equip","4","0","1"
"143107","Cazenovia Equipment","cazenovia@cazenoviaequipment.com","3200 Route 20","3156558620","3156558433","353401","Mfg Elevators/escalators Building Equipment Installatio","cazenoviaequipment.com;jddealer.deere.com/cazenoviaequipment/;johndeere.com"," Email <---> Revenue ","211661","Cazenovia Equipment Co Inc","3200 US Route 20","Cazenovia","NY","13035","Madison","www.cazenoviaequipment.com","3156558620","3156558433","Bob Frazee","Owner","Mal","12450000","25","508310","Farm Equipme","4","0","1"
"161951","Spinco Metal Products","crstraubing@spincometal.com","1 Country Club Dr","3153319535","3153316285","346998","Metal Stampings Nec (Manufacturers)","www.spincometal.com"," Email <---> Revenue ","970220","Spinco Metal Products","1 Country Club Dr","Newark","NY","14513","Wayne","www.spincometal.com","3153316285","3153319535","C Robert Straubing","President","Mal","11000000","160","346998","Metal Stampi","4","0","1"
"386043","New York Bakery","mike@newyorkbakery.com","310 Lakeside Rd","3154680160","3154681655","514902","Bakers-Wholesale","www.newyorkbakery.com"," Email <---> Revenue ","761704","New York Bakery","310 Lakeside Rd","Syracuse","NY","13209","Onondaga","www.newyorkbakery.com","3154681655","3154680160","James Christou","Owner","Mal","23632000","28","514902","Bakers-Whole","4","0","1"
"342905","Tri-County Communications Inc","fmulleriv@tricountycom.com","6 Keith St","6074321421","6074321125","481212","Paging & Signaling Equipment & Systems","www.tricountycom.com"," Email <---> Revenue ","1041809","Tri-County Communications Inc","6 Keith St","Oneonta","NY","13820","Otsego","www.tricountycom.com","6074321125","6074321421","","","","10100000","10","506504","Radio Commun","4","0","1"
"439677","Knowlton Specialty Papers Inc","mpb@knowlton-co.com","213 Factory St","3157827517","3157820600","262101","Paper-Manufacturers","www.knowlton-co.com"," Email <---> Revenue ","609024","Knowlton Specialty Papers Inc","213 Factory St","Watertown","NY","13601","Jefferson","www.knowlton-co.com","3157820600","3157827517","Franklin D Cean","President","Mal","17300000","120","262101","Paper-Manufa","4","0","1"
"390323","Alure Home Improvement","partnerpoints@alure.com","10 Frog Pond Rd","6316735228","6316735228","152105","Home Improvements","www.alure.com"," Email <---> Revenue ","71061","Alure Home Improvement","10 Frog Pond Rd","Huntington Sta","NY","11746","Suffolk","www.alure.com","6316735228","","Carl Hyman","Owner","Mal","11800000","50","152105","Home Improve","4","0","1"
"32906","Northwoods Rehab-Extended Care","godiagram@nwoods.com","28 Kellogg Rd","6077562968","6077539631","805101","Nursing & Convalescent Homes","www.northwoods.com"," Email <---> Revenue ","780305","Northwoods Rehab-Extended Care","28 Kellogg Rd","Cortland","NY","13045","Cortland","www.northwoods.com","6077539631","6077562968","Dorothy Zegarelli","Administrator","Fem","13920000","220","805101","Nursing & Co","4","0","1"
"162518","Laser Max Inc","receptionist@lasermax-inc.com","3495 Winton Pl # B","5852725427","5852725420","874213","Marketing Programs & Services","www.lasermax-inc.com"," Email <---> Revenue ","626266","Laser Max Inc","3495 Winton Pl # B","Rochester","NY","14623","Monroe","www.lasermax-inc.com","5852725420","5852725427","Susan Houde-Walter","CEO","Fem","19590000","30","504908","Lasers (Whol","4","0","1"
"465704","COLLEGEBOARD.COM","sitetermsandconditions@collegeboard.com","220 E 42nd St","6102272580","6462548800","874825","Educational Consultants","www.collegeboard.com"," Email <---> Revenue ","189135","COLLEGEBOARD.COM","220 E 42nd St","New York","NY","10017","New York","www.collegeboard.com","6462548800","6464872310","Richard Weingarten","Owner","Mal","16875000","75","874825","Educational ","4","2","1"
"203211","Computer Task Group Inc","tom.boyle@ctg.com","700 Delaware Ave","7168877456","7168813000","737401","Data Processing Service","NULL"," Email <---> Revenue ","258088","Computer Task Group Inc","700 Delaware Ave","Buffalo","NY","14209","Erie","www.ctg.com","7168813000","7168877456","James Bolt","CEO","Mal","15700000","100","737109","Information ","4","0","1"
"360944","J Petrocelli Contracting","jrp@petrocelliinc.com","100 Comac St # 1","6319815239","6319815200","152144","Construction Companies","www.petrocelliinc.com"," Email <---> Revenue ","546428","J Petrocelli Contracting","100 Comac St # 1","Ronkonkoma","NY","11779","Suffolk","www.petrocelliinc.com","6319815200","6319815239","John Petrocelli Sr","Owner","Mal","17100000","45","152144","Construction","4","0","1"
"355392","Refron Inc","la@refron.com","3818 33rd St","7183928006","7183928002","507505","Air Conditioning Supplies & Parts (Whol)","www.refron.com"," Email <---> Revenue ","879737","Refron Inc","3818 33rd St","Long Island City","NY","11101","Queens","www.refron.com","7183928002","7183928006","Jay Kestenbaum","Owner","Mal","13160000","20","507505","Air Conditio","4","0","1"
"323948","Washing Equipment Technologies","don@washingequipment.com","691 Phillips Rd","5852651145","5852651140","508708","Car Washing/Polishing Equip/Supls (Whol)","www.washingequipment.com"," Email <---> Revenue ","1087391","Washing Equipment Technologies","691 Phillips Rd","Webster","NY","14580","Monroe","www.washingequipment.com","5852651140","5852651145","Don Scordo","Owner","Mal","13840000","40","508708","Car Washing/","4","0","1"
"224167","Lyon Mercantile Group LTD","araab@lyoncredit.com","330 7th Ave","2129675966","2122790701","732306","Mercantile Agencies","www.lyoncredit.com"," Email <---> Revenue ","661201","Lyon Mercantile Group LTD","330 7th Ave","New York","NY","10001","New York","www.lyoncredit.com","2122790701","2129675966","Robert Mantin","Owner","Mal","11200000","40","539901","General Merc","4","0","1"
"19948","Corinthian Media Inc","larrys@mediabuying.com","214 W 29th St","2122391882","2122795700","731101","Advertising-Agencies & Counselors","NULL"," Email <---> Revenue ","265952","Corinthian Media Inc","214 W 29th St","New York","NY","10001","New York","www.mediabuying.com","2122795700","2122391882","Larry Miller","CEO","Mal","14630000","70","731101","Advertising-","4","0","1"
"422458","Net At Work","crm@netatwork.com","1375 Broadway","2129972484","2126389675","737801","Computers-Service & Repair","www.netatwork.com"," Email <---> Revenue ","755362","Net At Work","1375 Broadway","New York","NY","10018","New York","www.netatwork.com","2126389675","2129972484","Alex Solomon","President","Mal","11410000","70","737801","Computers-Se","4","0","1"
"170918","Nolan Glove Co Inc","linda@colorlightandshadow.com","131 W 33rd St # 1109","2122390426","2125643266","513628","Clothing-Wholesale","www.nolanglove.com"," Email <---> Revenue ","773139","Nolan Glove Co Inc","131 W 33rd St # 1005","New York","NY","10001","New York","www.nolanglove.com","2125643266","2122390426","Michael Nolan","President","Mal","11715000","15","513628","Clothing-Who","4","0","1"
"429265","NBB Office Supplies LTD","newyork@nbbof.com","102 Fairview Pk Dr # 1","9143453699","9143453250","594301","Office Supplies","www.nbbof.com"," Email <---> Revenue ","743314","NBB Office Supplies LTD","102 Fairview Pk Dr # 1","Elmsford","NY","10523","Westchester","www.nbbof.com","9143453250","9143453699","Robert Bedusa","Owner","Mal","9615000","15","502112","Office Furni","3","0","1"
"354976","Iberel Inc","iberel@iberel.com","80 E Jefryn Blvd # B","6312428633","6315437900","509901","Exporters","www.iberel.com"," Email <---> Revenue ","520210","Iberel Inc","80 E Jefryn Blvd","Deer Park","NY","11729","Suffolk","www.iberel.com","6315437900","","A Simoes","Owner","Mal","9440000","10","509901","Exporters","3","0","1"
"337407","AGAPO","Sidhu@agapo.com","1407 Broadway # 2310","2122210244","2122210212","513628","Clothing-Wholesale","NULL"," Email <---> Revenue ","31670","AGAPO","1407 Broadway # 2310","New York","NY","10018","New York","www.agapo.com","2122210212","2122210244","Kamil Sidhu","Owner","Mal","6248000","8","513628","Clothing-Who","3","0","1"
"326548","Tane Services Inc","tabh@tanealarm.com","906 Jericho Tpke","5163269125","5163283351","366906","Burglar Alarm Systems & Monitoring-Mfrs","NULL"," Email <---> Revenue ","1012959","Tane Services Inc","906 Jericho Tpke","New Hyde Park","NY","11040","Nassau","www.tanealarm.com","5163283351","5163269125","Tab Hauser","Owner","Mal","6560000","20","366906","Burglar Alar","3","0","1"
"423907","GNP Specialties Inc","johng@gnpvalues.com","299 Smithtown Blvd","6312420290","6312420290","519917","Advertising-Specialties (Wholesale)","www.gnpvalues.com"," Email <---> Revenue ","428720","GNP Specialties Inc","299 Smithtown Blvd","Nesconset","NY","11767","Suffolk","www.gnpvalues.com","6312420290","","Arnold Namm","Owner","Mal","5026000","7","519917","Advertising-","3","0","1"
"437650","Haines Products Inc","tricia@hainesenterprises.com","85 Hoffman Ln # D","6313481770","6313481750","506330","Electric Equipment & Supplies-Wholesale","www.hainesenterprises.com"," Email <---> Revenue ","475771","Haines Products Inc","85 Hoffman Ln # D","Islandia","NY","11749","Suffolk","www.hainesenterprises.com","6313481750","6313481770","Alan Haines","Owner","Mal","9156000","12","506330","Electric Equ","3","0","1"
"212250","Salisbury Motor Car","art@salisburymotorcar.com","2729 State Route 29","3154299902","null","559999","Ret Misc Vehicles Repair Services Plumbing/heating/air","SALISBURYMOTORCAR.COM"," Email <---> Revenue ","922365","Salisbury Motor Car Co","PO Box 156","Salisbury Center","NY","13454","Herkimer","","3154299902","3154293550","Art Mayhew","Owner","Mal","6710000","10","551103","Automobile D","3","1","1"
"135340","Delfino Insulation Co Inc","kvandyke@marcomservices.com","104 Ohaire Rd","8456926029","8456923535","174205","Insulation Contractors-Cold & Heat","www.delfinoinsulation.com"," Email <---> Revenue ","306965","Delfino Insulation Co Inc","104 Ohaire Rd","Middletown","NY","10941","Orange","www.delfinoinsulation.com","8456923535","8456926029","Nancy Delfino","Owner","Fem","6320000","40","174205","Insulation C","3","0","1"
"334661","Leico Industries Inc","leico@leicoind.com","250 W 57th St # 1601","2125825085","2127655290","505111","Metal-Distributors","www.leicoind.com"," Email <---> Revenue ","634069","Leico Industries Inc","250 W 57th St # 1601","New York","NY","10107","New York","www.leicoind.com","2127655290","2125825085","Leon L Eisenmann","President","Mal","5000000","15","505111","Metal-Distri","3","0","1"
"91880","LAM Design Assoc Inc","m_lafortezza@lamdesign.com","409 Manville Rd","9147737611","9147737600","733604","Artists-Commercial","www.lamdesign.com"," Email <---> Revenue ","617554","LAM Design Assoc Inc","409 Manville Rd","Pleasantville","NY","10570","Westchester","www.lamdesign.com","9147737600","9147737611","Mike Lafortezza","CEO","Mal","5940000","30","733604","Artists-Comm","3","0","1"
"117131","Malcon Inc","malcon@malcon.com","405 Adams St","9146667842","9146667146","382398","Industrial Measuring/Cntrl Instr (Mfrs)","www.malcon.com"," Email <---> Revenue ","673992","Malcon Inc","405 Adams St","Bedford Hills","NY","10507","Westchester","www.malcon.com","9146667146","9146667842","","","","5440000","20","382398","Industrial M","3","0","1"
"450371","Trans-Border Global Frght Sys","jmarsh@tbgfs.com","3 Northway Ln","5187856239","5187856000","473104","Freight-Forwarding","www.tbgfs.com"," Email <---> Revenue ","1038681","Trans-Border Global Frght Sys","3 Northway Ln","Latham","NY","12110","Albany","www.tbgfs.com","5187856000","5187856239","Martin Hellwig","Owner","Mal","6705000","45","473104","Freight-Forw","3","0","1"
"32794","ATLAZ INTERNATIONAL LTD","andrez@atlaz.com","616 BURNSIDE AVE","5162393269","null","738999","Business Services Nec","ATLAZ.ORG^^ZALTA.COM"," Email <---> Revenue ","106482","Atlaz International LTD","PO Box 960110","Inwood","NY","11096","Nassau","www.atlaz.com","5162391854","5162391939","Adam Zalta","President","Mal","8970000","10","504503","Computers-Wh","3","0","1"
"231053","H R Works Inc","walters@hrworks-inc.com","345 Woodcliff Dr","5853852362","5853818340","874203","Personnel Consultants","www.hrworks-inc.com"," Email <---> Revenue ","473340","H R Works Inc","246 Willowbrook Office Park","Fairport","NY","14450","Monroe","www.hrworks-inc.com","5853818340","5853852362","Candy Walters","Owner","Fem","5100000","30","874203","Personnel Co","3","0","1"
"222888","Linwood Turf Equipment","berta@linwoodturf.com","1818 Linwood Rd","5855843700","5855843122","526109","Lawn Mowers","www.linwoodturf.com"," Email <---> Revenue ","644838","Linwood Turf Equipment","1818 Linwood Rd","Linwood","NY","14486","Livingston","www.linwoodturf.com","5855843122","","Thomas Klapper","VP","Mal","5976000","12","508304","Tractor-Deal","3","0","1"
"493670","HGI Skydyne","cfahnestock@skydyne.com","100 River Rd","8458566655","8458566655","244905","Cargo & Freight Containers-Manufacturers","www.skydyne.com"," Email <---> Revenue ","474109","HGI Skydyne","100 River Rd","Port Jervis","NY","12771","Orange","www.skydyne.com","8458566655","","Joe Bohnert","President","Mal","7600000","50","244905","Cargo & Frei","3","0","1"
"352669","Merchants Group Inc","csykes@merchantsgroup.com","250 Main St","7168493200","7168493333","641133","Insurance-Holding Companies","NULL"," Email <---> Revenue ","704382","Merchants Group Inc","250 Main St","Buffalo","NY","14202","Erie","www.merchantsgroup.com","7168493333","7168493200","Robert M Zak","CEO","Mal","7031000","313","641133","Insurance-Ho","3","0","1"
"157064","Statewide Machinery Inc","mdembs@statewidemachinery.com","60 Pixley Industrial Pkwy","5854260317","5854263870","508726","Laundry Equipment (Wholesale)","www.statewidemachinery.com"," Email <---> Revenue ","982843","Statewide Machinery Inc","60 Pixley Industrial Pkwy","Rochester","NY","14624","Monroe","www.statewidemachinery.com","5854263870","5854260317","Mark Dembs","Owner","Mal","7266000","21","508726","Laundry Equi","3","0","1"
"454545","Prime Tech Sales Inc","mls@primetechsales.com","1545 Mount Read Blvd # 2","5854587635","5854584410","508416","Gauges & Gages (Wholesale)","www.primetechsales.com"," Email <---> Revenue ","849378","Prime Tech Sales Inc","1545 Mount Read Blvd # 2","Rochester","NY","14606","Monroe","www.primetechsales.com","5854584410","5854587635","Rea Main","Owner","Mal","6528000","12","508416","Gauges & Gag","3","0","1"
"47871","Fox Agency","Frank@foxagency.com","411 Grand Ave","3154713414","3154754456","509908","Manufacturers-Agents & Representatives","NULL"," Email <---> Revenue ","413134","Fox Agency","411 Grand Ave","Syracuse","NY","13204","Onondaga","www.foxagency.com","3154754456","3154713414","Frank Kaduc","Owner","Mal","7552000","8","509908","Manufacturer","3","0","1"
"418277","Pearl Technologies Inc","naiara_planas@hudsonsharp.com","13297 Seneca St","3153653433","3153652632","308906","Plastics-Fabricating/Finish/Decor-Mfrs","www.pearltechinc.com"," Email <---> Revenue ","820206","Pearl Technologies Inc","13297 Seneca St","Savannah","NY","13146","Wayne","www.pearltechinc.com","3153652632","3153653433","Earl Pottorff","President","Mal","5675000","25","308906","Plastics-Fab","3","0","1"
"395100","Shun Shing Trading Co Inc","philee@shunshingtrading.com","154 42nd St","7183692299","7183692288","509905","Importers","www.shunshingtrading.com"," Email <---> Revenue ","950379","Shun Shing Trading Co Inc","154 42nd St","Brooklyn","NY","11232","Kings","www.shunshingtrading.com","7183692288","7183692299","Phillip Lee","Manager","Mal","7552000","8","509905","Importers","3","0","1"
"479176","Formats Unlimited","graphics@formats-unlimited.com","121 Carolyn Blvd","6312499200","6312499200","504505","Word Processing Equipment & Supls (Whol)","www.formats-unlimited.com"," Email <---> Revenue ","410745","Formats Unlimited","121 Carolyn Blvd","Farmingdale","NY","11735","Nassau","www.formats-unlimited.com","6312499200","","","","","5382000","6","504505","Word Process","3","0","1"
"448622","Baldor Motors & Drives","sales.cn@baldor.com","1 Ellis Dr","3237215859","3152553403","506331","Electric Motors-Distributors","www.baldor.com"," Email <---> Revenue ","121264","Baldor Motors & Drives","PO Box 1982","Auburn","NY","13021","Cayuga","","3152553403","3152539923","David Quill","Manager","Mal","6867000","9","506331","Electric Mot","3","0","1"
"439170","RNJ Electronics Inc","jeff@rnjelectronics.com","202 New Hwy","6312262770","6312262700","506404","Appliances-Household-Major-Wholesale","www.rnjelectronics.com"," Email <---> Revenue ","868317","RNJ Electronics Inc","202 New Hwy","Amityville","NY","11701","Suffolk","www.rnjelectronics.com","6312262700","6312262770","Jeff Mutterperl","Owner","Mal","9965000","5","506404","Appliances-H","3","0","1"
"400451","Icco Cheese Co","johna@iccocheese.com","1 Olympic Dr","8453981669","8453989800","545103","Cheese","www.iccocheese.com"," Email <---> Revenue ","520371","Icco Cheese Co","1 Olympic Dr","Orangeburg","NY","10962","Rockland","www.iccocheese.com","8453989800","8453981669","Carl Allocca","Manager","Mal","5750000","50","545103","Cheese","3","0","1"
"313107","Data Carpet Inc","kenbinney@ossiningdesignguild.com","50 Nassau Terminal Rd","5163528192","5163528700","571305","Carpet & Rug Dealers-New","www.datacarpet.com"," Email <---> Revenue ","296582","Data Carpet Inc","50 Nassau Terminal Rd","New Hyde Park","NY","11040","Nassau","www.datacarpet.com","5163528700","5163528192","Carl Bolognino","Owner","Mal","8850000","30","571305","Carpet & Rug","3","0","1"
"179581","Empire Ventilation Equipment","btaylor@empirevent.com","3539 Vernon Blvd","7182670143","7187282143","356413","Ventilating Equipment-Manufacturers","www.empirevent.com"," Email <---> Revenue ","365961","Empire Ventilation Equipment","3539 Vernon Blvd","Long Island City","NY","11106","Queens","www.empirevent.com","7187282143","7182670143","Robert Warnken","Manager","Mal","6840000","20","356413","Ventilating ","3","0","1"
"184191","Compusource Systems","cmoeller@css4cu.com","110 JOHN MUIR DR","7166363700","7166363711","8999","Services NEC","CSS4CU.COM"," Email <---> Revenue ","257327","Compu Source Sysems Inc","110 John Muir Dr","Amherst","NY","14228","Erie","www.compusourcesystems.com","7166363700","7166363711","Gary L Gonzales","President","Mal","5580000","30","737401","Data Process","3","0","1"
"467727","Maples Farm","Dan-Keller@maplesfarm.com","749 Route 17m","8453440010","8453440330","526104","Garden Centers","NULL"," Email <---> Revenue ","678791","Maples Farm","749 Route 17m","Middletown","NY","10940","Orange","","8453440330","8453440010","Dan Keller","Owner","Mal","6825000","25","526104","Garden Cente","3","0","1"
"469668","Eyeblaster","eb.search@eyeblaster.com","826 Broadway # 900","6463750240","2125052562","209502","Coffee Mills","www.eyeblaster.com"," Email <---> Revenue ","381328","Eyeblaster","826 Broadway # 900","New York","NY","10003","New York","www.eyeblaster.com","2125052562","6463750240","","","","9672000","13","209502","Coffee Mills","3","0","1"
"490874","Maxim Management Svc","mmoden@maximweb.com","5371 Transit Rd","7166394600","7166394600","874101","Medical Business Administration","www.maximweb.com"," Email <---> Revenue ","693930","Maxim Management Services LLC","5371 Transit Rd","Buffalo","NY","14221","Erie","","7166394600","","Richard Terhaar","President","mal","0","0","874101","Management S","1","0","1"
"341743","Byrne Dairy Inc","judy.murphy@byrnedairy.com","3462 Union St","7168241715","5855945351","514303","Dairy Products-Wholesale","www.byrnedairy.com"," Email <---> Revenue ","182511","Byrne Dairy Inc","3462 Union St","North Chili","NY","14514","Monroe","www.byrnedairy.com","5855945351","5855945945","Melissa Short","Manager","fem","0","0","514300","Whol Dairy P","1","0","1"
"485471","Schaefer Yarns","yarn@schaeferyarn.com","3514 Kellys Corners Rd","6075329452","6075329452","519940","Yarn-Wholesale","www.schaeferyarn.com"," Email <---> Revenue ","931421","Schaefer Yarn Company Ltd","3514 Kellys Corners Rd","Interlaken","NY","14847","Seneca","","6075329452","","Cheryl Schaefer","President","fem","0","0","519904","Whol Nondura","1","0","1"
"494307","L A Sales Inc","mailbox@kitchenbath.com","738 Franklin Ave","5165930617","5165930617","506404","Appliances-Household-Major-Wholesale","www.kitchenbath.com"," Email <---> Revenue ","614404","L A Sales Company","738 Franklin Ave Ste B","Franklin Square","NY","11010","Nassau","","5165930617","","Leonard Abiuso","Owner","mal","0","0","504699","Whol Commerc","1","0","1"
