mail id,company,email,address,phone,fax,sic,sic description,web,,revenue id,company,address,city,state,zip,	metro,web,phone,fax,contact,position,gender,sales,# of employee,sic,sic_descrpiton,	,,
"102140","Douglas Sales-Price Mark Distr","AKen@douglassales.com","140 Ethel Rd W # N","7329856615","7329856770","514102","Food Brokers","NULL"," Email <---> Revenue ","198512","Douglas Sales-Price Mark Distr","140 Ethel Rd W # N","Piscataway","NJ","08854","Middlesex","www.douglassales.com","7329856770","7329856615","Ken Atkinson","Owner","Mal","17055000","15","514102","Food Brokers","4","0","1"
"131403","Grande Concepts","Al.Mehta@floragarden.com","5601 W Side Ave","2017580702","2017580701","511335","Packing & Crating Materials (Wholesale)","NULL"," Email <---> Revenue ","277448","Grande Concepts","5601 W Side Ave","North Bergen","NJ","07047","Hudson","www.floragarden.com","2017580701","2017580702","Al Mehta","Owner","Mal","16560000","20","511335","Packing & Cr","4","0","1"
"3222","Procedyne Corp","Bob.Archibald@procedyne.com","11 Industrial Dr","7322497220","7322498347","356702","Furnaces-Industrial (Manufacturers)","NULL"," Email <---> Revenue ","521308","Procedyne Corp","11 Industrial Dr","New Brunswick","NJ","08901","Middlesex","www.procedyne.com","7322498347","7322497220","H Kenneth Staffin","President","Mal","15565000","75","356702","Furnaces-Ind","4","0","1"
"184377","Shred-It","BobG@shreditinc.com","PO Box 10032","9732448160","9732447473","509312","Recycling Centers (Wholesale)","NULL"," Email <---> Revenue ","587472","Shred-It","22 Audrey Pl","Fairfield","NJ","07004","Essex","www.shredit.com","9732447473","9732448160","Bob Gallo","Owner","Mal","17560000","40","509312","Recycling Ce","4","0","1"
"81222","Chiron Bio Pharmaceuticals","corporate.enquiries@group.novartis.com","1545 Us Highway 22 E","5106559910","9087301200","283498","Pharmaceutical Preparation","www.chiron.com"," Email <---> Revenue ","137963","Chiron Bio Pharmaceuticals","1545 Us Highway 22 E","Annandale","NJ","08801","Hunterdon","www.chiron.com","9087301200","9087301217","Michael Waters","Sr VP","Mal","23870000","31","283498","Pharmaceutic","4","0","1"
"165099","URS Corp","environmental@urscorp.com","1 Mack Centre Dr # 4","8505763676","2012627000","871111","Engineers-Consulting","www.urscorp.com"," Email <---> Revenue ","653144","URS Corp","1 Mack Centre Dr # 4","Paramus","NJ","07652","Bergen","www.urscorp.com","2012627000","2012625096","Frank Geran","VP","Mal","15525000","75","871111","Engineers-Co","4","0","1"
"104085","Empire Lumber & Millwork Co","ikent@elmdoor.com","377 Frelinghuysen Ave","9732423970","9732422700","521126","Building Materials","NULL"," Email <---> Revenue ","219996","Empire Lumber & Millwork Co","377 Frelinghuysen Ave","Newark","NJ","07114","Essex","www.elmdoor.com","9732422700","9732423970","Wayne Kent","President","Mal","12250000","35","521126","Building Mat","4","0","1"
"51688","Trap-Zap Environmental","labelle@trapzap.com","255 Braen Ave","2012510903","2012519970","516916","Chemicals (Wholesale)","www.trapzap.com"," Email <---> Revenue ","645398","Trap-Zap Environmental","255 Braen Ave","Wyckoff","NJ","07481","Bergen","www.trapzap.com","2012519970","2012510903","Robert Belle","President","Mal","13013000","13","516916","Chemicals (W","4","0","1"
"23052","Genmab","Lisa@genmab.com","457 N Harrison St # 2","6094302482","6094302481","283601","Biological Products (Manufacturers)","NULL"," Email <---> Revenue ","265789","Genmab","457 N Harrison St # 2","Princeton","NJ","08540","Mercer","www.genmab.com","6094302481","6094302482","Lisa Drakeman","Owner","Fem","10878000","21","283601","Biological P","4","0","1"
"126018","Charmant Group Inc","motani@charmant.com","400 American Rd","9735380762","9735381511","385103","Optical Goods-Manufacturers","NULL"," Email <---> Revenue ","133990","Charmant Group Inc","400 American Rd","Morris Plains","NJ","07950","Morris","www.charmant.com","9735381511","9735380762","Harry Aida","President","Mal","20200000","50","504801","Optical Good","4","0","1"
"45533","John Crane Inc","opt-out@johncrane.com","301 Berkley Dr","2563511028","8562413507","305301","Seals-Oil, Grease, Etc (Manufacturers)","Grease"," Email <---> Revenue ","345870","John Crane Inc","301 Berkley Dr","Swedesboro","NJ","08085","Gloucester","www.johncrane.com","8562413507","8562413531","Lisa Puchalski","Manager","Fem","12720000","60","305301","Seals-Oil, G","4","0","1"
"178231","Symbol Technologies Inc","patricia.hall@symbol.com","401 Hackensack Ave # 10","7708509999","2014882001","504421","Bar Code Scanning Equip & Supls (Whol)","www.symbol.com"," Email <---> Revenue ","623304","Symbol Technologies Inc","401 Hackensack Ave # 10","Hackensack","NJ","07601","Bergen","www.symbol.com","2014882001","2014880705","Steven Smith","Manager","Mal","12654000","38","504421","Bar Code Sca","4","0","1"
"152751","Parsons Brinckerhoff Quade","pbinfo@pbworld.com","506 Carnegie Ctr","6097346900","6097347000","871111","Engineers-Consulting","www.pbworld.com"," Email <---> Revenue ","493212","Parsons Brinckerhoff Quade","506 Carnegie Ctr","Princeton","NJ","08540","Mercer","www.pbworld.com","6097347000","6097346900","","","","19750000","125","871111","Engineers-Co","4","0","1"
"184248","Interactive Printing & Pkg","PKaren@ipak.com","90 Twinbridge Dr","8564863557","8564860066","275202","Printers","NULL"," Email <---> Revenue ","319743","Interactive Printing & Pkg","90 Twinbridge Dr","Pennsauken","NJ","08110","Camden","www.ipak.com","8564860066","8564863557","Karen Primak","CEO","Fem","14490000","70","275202","Printers","4","0","1"
"160164","Care Alternatives","questionsandconcerns@carealt.com","70 Jackson Dr","8165848110","9089319060","805908","Hospices","www.carealt.com"," Email <---> Revenue ","121209","Care Alternatives","70 Jackson Dr","Cranford","NJ","07016","Union","www.carealt.com","9089319060","9089319081","Manon Floquet","CEO","Fem","21000000","300","805908","Hospices","4","0","1"
"184268","Fundtech","reservations.gloucester@mill-cop.com","30 Montgomery St # 501","2136121573","2019461100","366998","Communications Equipment Nec (Mfrs)","www.millenniumhotels.com"," Email <---> Revenue ","255525","Fundtech","30 Montgomery St # 501","Jersey City","NJ","07302","Hudson","www.fundtech.com","2019461100","2019461313","Michael Sgroe","Owner","Mal","15330000","70","366998","Communicatio","4","0","1"
"156340","New Jersey Semi Conductors","RHildebrandt@njsemi.com","20 Stern Ave","9733768960","9733762922","367401","Semiconductor Devices (Manufacturers)","NULL"," Email <---> Revenue ","462554","New Jersey Semi Conductors","20 Stern Ave","Springfield","NJ","07081","Union","www.njsemi.com","9733762922","9733768960","Robert Hildebrandt","President","Mal","22330000","60","367401","Semiconducto","4","0","1"
"136935","Casting Technologies","Ron@castingtechnology.com","70 Pennsylvania Ave","9736905354","9733440166","336903","Castings","NULL"," Email <---> Revenue ","125780","Casting Technologies","70 Pennsylvania Ave","Kearny","NJ","07032","Hudson","","9733440166","9736905354","Ron Landau","President","Mal","20960000","80","336903","Castings","4","0","1"
"170827","Interstate Connecting Compnts","ScottJ@connecticc.com","310 Commerce Dr # A","8567229425","8567225535","364301","Connectors-Electric-Manufacturers","NULL"," Email <---> Revenue ","321505","Interstate Connecting Compnts","310 Commerce Dr # A","Moorestown","NJ","08057","Burlington","www.connecticc.com","8567225535","8567229425","Scott Jacobs","President","Mal","10600000","40","364301","Connectors-E","4","0","1"
"186627","Estes Express Lines","truckload@estes-express.com","67 Green Pond Rd # 1","5022670632","9735861918","421309","Trucking-Motor Freight","www.estes-express.com"," Email <---> Revenue ","225353","Estes Express Lines","67 Green Pond Rd # 1","Rockaway","NJ","07866","Morris","www.estes-express.com","9735861918","9735861766","Bill Cookson","Manager","Mal","15100000","100","421309","Trucking-Mot","4","0","1"
"105400","UCF America Inc","ucfamer@ucfamerica.com","1025 Thomas Busch Memorial Hwy","8564889636","8564881800","501313","Automobile Parts & Supplies-Wholesale","www.ucfamerica.com"," Email <---> Revenue ","652829","UCF America Inc","1025 Thomas Busch Memorial Hwy","Pennsauken","NJ","08110","Camden","www.ucfamerica.com","8564881800","8564889636","Annik Smith","President","Fem","11200000","25","501313","Automobile P","4","0","1"
