mail id,company,email,address,phone,fax,sic,sic description,web,,revenue id,company,address,city,state,zip,	metro,web,phone,fax,contact,position,gender,sales,# of employee,sic,sic_descrpiton,	,,
"510","Lenze Power Transmission","AHimmelberg@lenzeusa.com","55 Dwight Pl","9732277423","9732277423","356898","Mechanical Power Trans Equip Nec (Mfrs)","NULL"," Email <---> Revenue ","384599","Lenze Power Transmission","55 Dwight Pl","Fairfield","NJ","07004","Essex","www.lenzeusa.com","9732277423","9732277423","","","","7710000","30","356898","Mechanical P","3","0","1"
"158582","Niece Lumber","Currie@niecelumber.com","PO Box 68","6093975532","6093971200","525104","Hardware-Retail","NULL"," Email <---> Revenue ","466874","Niece Lumber","N Union & Elm","Lambertville","NJ","08530","Hunterdon","www.niecelumber.com","6093971200","6093975532","Bruce Currie","President","Mal","6192000","48","525104","Hardware-Ret","3","0","1"
"139875","Kepple's Carpet","K.Doug@kepplescarpet.com","1 N Olney Ave","8564246989","8564248686","571305","Carpet & Rug Dealers","NULL"," Email <---> Revenue ","362480","Kepple's Carpet","1 N Olney Ave","Cherry Hill","NJ","08003","Camden","www.kepplescarpet.com","8564248686","8564246989","Doug Kepple","Owner","Mal","5900000","20","571305","Carpet & Rug","3","0","1"
"2719","Bar Code Integration Mgmt","MikeB@barcodeintegration.com","129 Gaither Dr # G","8568023887","8568023884","504507","Data Processing Equipment (Wholesale)","NULL"," Email <---> Revenue ","74237","Bar Code Integration Mgmt","129 Gaither Dr # G","Mt Laurel","NJ","08054","Burlington","www.barcodeintegration.com","8568023884","8568023887","Mike Bimmer","Owner","Mal","8970000","10","504507","Data Process","3","0","1"
"164191","Quality Carriers Inc","pvquestions@qdi.com","Cedar Swamp Rd","5742714612","8564671111","421306","Trucking-Liquid & Dry Bulk","www.qdi.com"," Email <---> Revenue ","526413","Quality Carriers Inc","Cedar Swamp Rd","Bridgeport","NJ","08014","Gloucester","www.qdi.com","8564671111","8564674601","Tom Whelen","Manager","Mal","9060000","60","421306","Trucking-Liq","3","0","1"
"98264","Coastal Amusement","Sal@coastalamusements.com","1935 Swarthmore Ave","7329056815","7329056662","399907","Amusement Park Rides Equipment-Mfrs","NULL"," Email <---> Revenue ","147465","Coastal Amusement","1935 Swarthmore Ave","Lakewood","NJ","08701","Ocean","www.coastalamusements.com","7329056662","7329056815","Sal Mirando","Owner","Mal","5820000","30","399907","Amusement Pa","3","0","1"
"188712","Estes Express Lines","traffic@estes-express.com","460 Hollywood Ave","9786856553","9088221545","421309","Trucking-Motor Freight","www.estes-express.com"," Email <---> Revenue ","225350","Estes Express Lines","345 Hollywood Ave","South Plainfield","NJ","07080","Middlesex","www.estes-express.com","9082261166","9082261155","Mike Molesky","Manager","Mal","6644000","44","421309","Trucking-Mot","3","0","1"
"173889","Bassett Furniture Direct","upholstery@bassettfurniture.com","6125 Black Horse Pike","4078540993","6093838900","571216","Furniture-Dealers-Retail","www.bassettfurniture.com"," Email <---> Revenue ","77061","Bassett Furniture Direct","6125 Black Horse Pike","Egg Harbor Twp","NJ","08234","Atlantic","www.bassettfurniture.com","6093838900","6093838922","Frank Mazza","Manager","Mal","9180000","30","571216","Furniture-De","3","0","1"
"183185","Miller Products","YAl@millerproducts.com","2220 91st St","2016620912","2016622010","306198","Molded Extruded/Lathe Cut Rbbr Gds (Mfr)","NULL"," Email <---> Revenue ","437179","Miller Products","2220 91st St","North Bergen","NJ","07047","Hudson","www.millerproducts.com","2016622010","2016620912","Al Yarsin","President","Mal","8000000","24","509905","Importers","3","0","1"
