mail id,company,email,address,phone,fax,sic,sic description,web,,revenue id,company,address,city,state,zip,	metro,web,phone,fax,contact,position,gender,sales,# of employee,sic,sic_descrpiton,	,,
"105454","Gel Spice Co","andre@gelspice.com","48 Hook Rd","2013390072","2013390700","209998","Food Preparations Nec (Manufacturers)","NULL"," Email <---> Revenue ","264176","Gel Spice Co","48 Hook Rd","Bayonne","NJ","07002","Hudson","www.gelspice.com","2013390700","2013390072","Andre Engle","Owner","Mal","55000000","75","209998","Food Prepara","6","0","1"
"186134","Ferguson Bath & Kitchen Gllry","AndyCiesla@ferguson.com","190 Oberlin Ave N","7329059628","7329051000","521110","Plumbing Fixtures & Supplies-New-Retail","NULL"," Email <---> Revenue ","237473","Ferguson Bath & Kitchen Gllry","190 Oberlin Ave N","Lakewood","NJ","08701","Ocean","","7329051000","7329059628","Andy Ciesla","President","Mal","50310000","195","521110","Plumbing Fix","6","0","1"
"176197","Rimtec Corp","ashinoda@rimtec.com","1702 Beverly Rd","6093870282","6093870011","282101","Plastics-Raw Mtrls/Powder/Resin-Mfrs","NULL"," Email <---> Revenue ","548747","Rimtec Corp","1702 Beverly Rd","Burlington","NJ","08016","Burlington","www.rimtec.com","6093870011","6093870282","Atsuo Shinoda","President","Mal","56700000","0","282101","Plastics-Raw","6","0","1"
"114745","Anderson & Vreeland East Inc","avhr@andvre.com","8 Evans St","7708190262","9732272270","508443","Printing Supplies (Wholesale)","www.andersonvreeland.com"," Email <---> Revenue ","47348","Anderson & Vreeland East Inc","8 Evans St","Fairfield","NJ","07004","Essex","www.andersonvreeland.com","9732272270","9738826621","Thomas Gavin","CEO","Mal","50000000","30","508443","Printing Sup","6","0","1"
"47101","PVC Container Corp","bciok@pvcc.com","2 Industrial Way W","7325448007","7325420060","308598","Plastic Bottles (Manufacturers)","www.pvcc.com"," Email <---> Revenue ","487560","PVC Container Corp","2 Industrial Way W","Eatontown","NJ","07724","Monmouth","www.pvcc.com","7325420060","7325448007","William J Bergen","CEO","Mal","97747000","613","308598","Plastic Bott","6","0","1"
"154964","Stone & Webster Inc","fabrication@shawgrp.com","3 Executive Campus","8174657336","8564823000","871111","Engineers-Consulting","www.emconinc.com"," Email <---> Revenue ","612546","Stone & Webster Inc","3 Executive Campus","Cherry Hill","NJ","08002","Camden","www.shawgrp.com","8564823000","8564824028","Ed Hubner","Manager","Mal","68310000","330","871111","Engineers-Co","6","0","1"
"181216","Franklin Electronic Publishers","fapp@franklin.com","1 Franklin Plz","7606740087","6093862500","357101","Computers-Electronic-Manufacturers","www.franklin.com"," Email <---> Revenue ","251087","Franklin Electronic Publishers","1 Franklin Plz","Burlington","NJ","08016","Burlington","www.franklin.com","6093862500","6093872666","Barry J Lipsky","CEO","Mal","62146000","200","357101","Computers-El","6","0","1"
"124420","Delair Group","G_H@delairgroup.com","8600 River Rd","8566631297","8566632900","394925","Swimming Pool-Manufacturers","NULL"," Email <---> Revenue ","184316","Delair Group","8600 River Rd","Delair","NJ","08110","Camden","www.delairgroup.com","8566632900","8566631297","Gerry Herson","President","Mal","68100000","300","308911","Swimming Poo","6","0","1"
"92882","CEI","GrossCharlie@ceiltd.com","2182 State Route 35","7328886194","7328887788","284405","Cosmetics-Manufacturers","NULL"," Email <---> Revenue ","113113","CEI","2182 State Route 35","Holmdel","NJ","07733","Monmouth","www.cosmeticessence.com","7328887788","7328886194","Charlie Gross","President","Mal","54780000","110","284405","Cosmetics-Ma","6","0","1"
"12472","Market Resource Packaging","JaruszewskiJ@mrppackaging.com","51 Commerce Dr","6093958398","6093956934","738988","Packaging Service","NULL"," Email <---> Revenue ","414648","Market Resource Packaging","51 Commerce Dr","Cranbury","NJ","08512","Middlesex","www.mrppackaging.com","6093956934","6093958398","Joe Jaruszewski","President","Mal","97300000","700","738988","Packaging Se","6","0","1"
"56230","Cream O-Land Dairy","JayS@creamoland.com","PO Box 146","6094993896","6094993601","024101","Dairies","NULL"," Email <---> Revenue ","164316","Cream O-Land Dairy","529 Cedar Ln","Florence","NJ","08518","Burlington","www.creamoland.com","6094993601","6094993896","Jay Schneier","Owner","Mal","50000000","200","24101","Dairies","6","0","1"
"158227","Ultra Hardware Products Inc","jdonaldson@ultrahardware.com","1777 Hylton Rd","8566631743","8566635050","507207","Hardware-Wholesale","www.ultrahardware.com"," Email <---> Revenue ","655509","Ultra Hardware Products Inc","1777 Hylton Rd","Pennsauken","NJ","08110","Camden","www.ultrahardware.com","8566635050","8566631743","Dan Carpey","President","Mal","51800000","100","507207","Hardware-Who","6","0","1"
"128810","Middlesex Water Co","jgarrett@middlesexwater.com","1500 Ronson Rd","7327505981","7326341500","494102","Water & Sewage Companies-Utility","NULL"," Email <---> Revenue ","434554","Middlesex Water Co","1500 Ronson Rd","Iselin","NJ","08830","Middlesex","www.middlesexwater.com","7326341500","7327505981","Dennis G Sullivan","CEO","Mal","70991000","209","494102","Water & Sewa","6","0","1"
"77001","Grasso Foods Inc","joe.grasso@tyson.com","2111 Kings Hwy","8564675474","8564672222","203801","Frozen Food Processors","NULL"," Email <---> Revenue ","278044","Grasso Foods Inc","2111 Kings Hwy","Swedesboro","NJ","08085","Gloucester","","8564672222","8564675474","Joseph Grasso","President","Mal","55950000","150","203801","Frozen Food ","6","0","1"
"106974","Thomas Scientific","johnh@thomassci.com","1654 High Hill Rd","8564673087","8564672000","504906","Laboratory Equipment & Supplies (Whol)","NEC (merchant wholesalers except those selling religious and teacher''s school supplies via retail"," Email <---> Revenue ","635808","Thomas Scientific","99 High Hill Rd","Swedesboro","NJ","08085","Gloucester","www.thomassci.com","8564672000","8564673087","Edward B Patterson","Owner","Mal","51094000","118","504906","Laboratory E","6","0","1"
"80929","L P Thebault Co","jsewell@thebault.com","249 Pomeroy Rd","9739528283","9738841300","275998","Commercial Printing Nec","NULL"," Email <---> Revenue ","372078","L P Thebault Co","249 Pomeroy Rd","Parsippany","NJ","07054","Morris","www.thebault.com","9738841021","9739528283","J Brian Thebault","CEO","Mal","68000000","400","275998","Commercial P","6","0","1"
"134363","Joule Inc","jts@jouleinc.com","1245 Highway 1","7325485444","7325485444","736304","Employment Contractors-Temporary Help","www.jouleinc.com"," Email <---> Revenue ","351928","Joule Inc","1245 Highway 1","Edison","NJ","08837","Middlesex","www.jouleinc.com","7325485444","7326329795","Emanuel N Logothetis","CEO","Mal","68717000","1970","736304","Employment C","6","0","1"
"67648","In TEST Corp","k.kaminski@intest.com","7 Esterbrook Ln","8567511222","8564246886","506349","Semiconductor-Mfrs'' Equip/Supls (Whol)","NULL"," Email <---> Revenue ","315593","In TEST Corp","7 Esterbrook Ln","Cherry Hill","NJ","08003","Camden","www.intest.com","8564246886","8567511222","Robert E Matthiessen","CEO","Mal","71211000","255","506349","Semiconducto","6","0","1"
"184720","Kyowa Pharmaceutical","Kazuyoshi@kyowa-kpi.com","212 Carnegie Ctr # 101","6099191110","6099191100","512203","Pharmaceutical Products-Wholesale","NULL"," Email <---> Revenue ","370906","Kyowa Pharmaceutical","212 Carnegie Ctr # 101","Princeton","NJ","08540","Mercer","www.kyowa-kpi.com","6099191100","6099191110","Kovab Yashi","President","","71043000","51","512203","Pharmaceutic","6","0","1"
"11913","Innodata Isogen Inc","kbrouwer@innodata-isogen.com","3 University Plz","2014889128","2014881200","737304","Data Communications Systems-Networks","NULL"," Email <---> Revenue ","317745","Innodata Isogen Inc","3 University Plz","Hackensack","NJ","07601","Bergen","www.innodata-isogen.com","2014881200","2014889128","Jack Abuhoff","CEO","Mal","53949000","7485","737401","Data Process","6","0","1"
"81136","PHOENIX Container","KennethSokoloff@dclusa.com","1202 Airport Rd","7322470502","7322476700","341102","Pails-Manufacturers","NULL"," Email <---> Revenue ","486958","PHOENIX Container","1202 Airport Rd","North Brunswick","NJ","08902","Middlesex","","7322476700","7322470502","Kenneth Sokoloff","President","Mal","84900000","100","341102","Pails-Manufa","6","0","1"
"183553","Client Logic","kingstreejobs@clientlogic.com","230 Brighton Rd","6623208601","9737785588","733105","Advertising-Direct Mail","www.clientlogic.com"," Email <---> Revenue ","145408","Client Logic","230 Brighton Rd","Clifton","NJ","07012","Passaic","www.clientlogic.com","9737785588","9737780799","Marlene Ferber","Plant Mgr","Fem","94500000","450","733105","Advertising-","6","0","1"
"156058","Globe Petroleum Inc Office","Pat@globepetroleum.com","PO Box S","7327416043","7327471023","517210","Gasoline & Oil-Wholesale","NULL"," Email <---> Revenue ","272404","Globe Petroleum Inc Office","9 Central Ave","Red Bank","NJ","07701","Monmouth","www.globepetroleum.com","7327471023","7327416043","Pat Muzzucca","Owner","Mal","67080000","20","517210","Gasoline & O","6","0","1"
"46026","Alamo Pharmaceuticals","Paul_Duffy@alamopharma.com","9 Campus Dr # 1e","9735387117","9735387100","512203","Pharmaceutical Products-Wholesale","NULL"," Email <---> Revenue ","30213","Alamo Pharmaceuticals","9 Campus Dr # 1e","Parsippany","NJ","07054","Morris","","9735387100","9735387117","Paul Duffy","President","Mal","83580000","60","512203","Pharmaceutic","6","0","1"
"170837","Unity Bancorp Inc","quality@mjmi.com","64 Old Highway 22","9087308781","9087307630","671201","Holding Companies (Bank)","www.unitybank.com"," Email <---> Revenue ","658953","Unity Bancorp Inc","64 Old Highway 22","Clinton","NJ","08809","Hunterdon","www.unitybank.com","9087307630","9087308781","David D Dallas","CEO","Mal","50554000","190","671201","Holding Comp","6","0","1"
"104722","RLB Food Distributors","R.Bildner@rlbfood.com","2 Dedrick Pl","9735751019","9735759526","542101","Seafood-Retail","NULL"," Email <---> Revenue ","532336","RLB Food Distributors","2 Dedrick Pl","West Caldwell","NJ","07006","Essex","www.rlbfood.com","9735759526","9735751019","Robert L Bildner","CEO","Mal","60000000","160","542101","Seafood-Reta","6","0","1"
"165688","Joule Inc","science@jouleinc.com","1245 Highway 1","7326350456","7325485444","736304","Employment Contractors-Temporary Help","www.jouleinc.com"," Email <---> Revenue ","351928","Joule Inc","1245 Highway 1","Edison","NJ","08837","Middlesex","www.jouleinc.com","7325485444","7326329795","Emanuel N Logothetis","CEO","Mal","68717000","1970","736304","Employment C","6","0","1"
"78928","Takasago Intl Corp USA","Sean@takasago.com","4 Volvo Dr","2017847277","2017679001","284403","Perfume-Manufacturers","NULL"," Email <---> Revenue ","627287","Takasago Intl Corp USA","4 Volvo Dr","Rockleigh","NJ","07647","Bergen","www.takasago.com","2017679001","2017847277","Sean Traynor","President","Mal","95000000","199","284403","Perfume-Manu","6","0","1"
"148875","Yoo-Hoo Chocolate Beverage","ssullivan@daasolutions.com","276 Hazard Ave.","2019335360","860-749-3832","2026","Fluid Milk (except ultra-high temperature)","NULL"," Email <---> Revenue ","696412","Yoo-Hoo Chocolate Beverage","600 Commercial Ave","Carlstadt","NJ","07072","Bergen","www.drinkyoo-hoo.com","2019330070","2019335360","","","","86200000","40","208601","Bottlers","6","0","1"
"118341","Silverado","Vin@silveradocasino.com","4 Cornwall Dr","NULL","7329670990","874203","Personnel Consultants","NULL"," Email <---> Revenue ","589476","Silverado","4 Cornwall Dr","East Brunswick","NJ","08816","Middlesex","","7329670990","","Vin Foresta","President","Mal","51000000","300","874203","Personnel Co","6","0","1"
