mail id,company,email,address,phone,fax,sic,sic description,web,,revenue id,company,address,city,state,zip,	metro,web,phone,fax,contact,position,gender,sales,# of employee,sic,sic_descrpiton,	,,
"186208","Layne Christensen Co","1030@laynechristensen.com","719 Mount Holly Rd","8019741018","6098772700","508212","Well Drilling Equipment & Supls (Whol)","www.laynechristensen.com"," Email <---> Revenue ","381581","Layne Christensen Co","719 Mount Holly Rd","Beverly","NJ","08010","Burlington","","6098772700","6098777433","Terry Misek","Manager","Mal","8150000","10","508212","Well Drillin","3","0","1"
"93269","Layne Christensen Co","1060@laynechristensen.com","719 Mount Holly Rd","6098772700","6098777433","508212","Well Drilling Equipment & Supls (Whol)","www.laynechristensen.com"," Email <---> Revenue ","381581","Layne Christensen Co","719 Mount Holly Rd","Beverly","NJ","08010","Burlington","","6098772700","6098777433","Terry Misek","Manager","Mal","8150000","10","508212","Well Drillin","3","0","1"
"168029","Technick Products","A.M@technickproducts.com","665 Martin St","7324998222","7323887755","282101","Plastics-Raw Mtrls/Powder/Resin-Mfrs","NULL"," Email <---> Revenue ","630426","Technick Products","665 Martin St","Rahway","NJ","07065","Union","www.technickproducts.com","7323887755","7324998222","Amita Mehta","Owner","Fem","8595000","9","282101","Plastics-Raw","3","0","1"
"131345","Hamon Research","aart.nobel@hamon.com","PO Box 1500","9083332150","908-685-4000","344403","Sheet Metal Fabricators","NULL"," Email <---> Revenue ","288721","Hamon Research","58 E Main St","Somerville","NJ","08876","Somerset","","9086854000","9083332150","Aart Nobel","CEO","Mal","8000000","50","344403","Sheet Metal ","3","0","1"
"110672","Accurate Lift Truck","accurate@accuratelift.com","PO Box 321","8567673073","8567672122","353798","Industrial Trucks Tractors/Trlrs (Mfrs)","NULL"," Email <---> Revenue ","20238","Accurate Lift Truck","200 Cooper Rd","West Berlin","NJ","08091","Camden","www.accuratelift.com","8567672122","8567673073","Walter Albasi","Owner","Mal","9695000","35","353798","Industrial T","3","0","1"
"103527","Mid Atlantic Engine Supply","A-Cook@maesco.com","PO Box 2270","8568296248","8568295706","506316","Generators-Electric (Wholesale)","NULL"," Email <---> Revenue ","433679","Mid Atlantic Engine Supply","PO Box 2270","Cinnaminson","NJ","08077","Burlington","www.maesco.com","8568295706","8568296248","Albert Cook","Owner","Mal","7630000","10","506316","Generators-E","3","0","1"
"135976","Amcor Flexibles Healthcare","adr@jpmorgan.com","220 Shreve St","6092677437","6092675900","308902","Plastics & Plastic Products (Mfrs)","www.amcor.com"," Email <---> Revenue ","41592","Amcor Flexibles Healthcare","220 Shreve St","Mt Holly","NJ","08060","Burlington","www.amcor.com","6092675900","6092677437","Michael Orye","Manager","Mal","5412000","33","308902","Plastics & P","3","0","1"
"10873","Camden Yards Steel Co","akanoff@camdenyardssteel.com","2500 S Broadway","8563426677","8563427100","505106","Steel-Distributors & Warehouses","NULL"," Email <---> Revenue ","117310","Camden Yards Steel Co","2500 S Broadway","Camden","NJ","08104","Camden","","8563427100","8563426677","Alan Kanoff","President","Mal","5700000","5","505106","Steel-Distri","3","0","1"
"40567","Corner Office","Al@corneroffice.com","214 Broadway","2018231150","2018230030","502112","Office Furniture & Equip-Dealers (Whol)","NULL"," Email <---> Revenue ","159504","Corner Office","214 Broadway","Bayonne","NJ","07002","Hudson","www.thecorneroffice.com","2018230030","2018231150","Al Feldman","Owner","Mal","7051000","11","502112","Office Furni","3","0","1"
"154414","Direct Mail Of NJ","Albert@directmailnj.com","31 Styertowne Rd","9737779319","9737773484","733101","Mailing & Shipping Services","NULL"," Email <---> Revenue ","192197","Direct Mail Of NJ","31 Styertowne Rd","Clifton","NJ","07012","Passaic","www.directmailnj.com","9737773484","9737779319","Albert Barsa","Owner","Mal","5250000","25","733101","Mailing & Sh","3","0","1"
"163830","Bell-Mark","Alfred@bell-mark.com","331 Changebridge Rd # 201","9738084616","9738820202","355502","Printing Equipment-Manufacturers","NULL"," Email <---> Revenue ","81368","Bell-Mark","331 Changebridge Rd # 201","Pine Brook","NJ","07058","Morris","www.bell-mark.com","9738820202","9738084616","Alfred Marozzi","Owner","Mal","9000000","25","355502","Printing Equ","3","0","1"
"112391","Wotek Corp Inc","amehra@wotek.com","255 Old New Brunswick Rd #350n","7324650061","7325639898","509901","Exporters","www.wotek.com"," Email <---> Revenue ","693347","Wotek Corp Inc","255 Old New Brunswick Rd #350n","Piscataway","NJ","08854","Middlesex","www.wotek.com","7325639898","7324650061","Naresh Verma","CEO","Mal","7552000","8","509901","Exporters","3","0","1"
"179714","FLM Graphics Corp","apiqueira@flmgraphics.com","123 Lehigh Dr","9735756424","9735759450","275998","Commercial Printing Nec","NULL"," Email <---> Revenue ","231478","FLM Graphics Corp","123 Lehigh Dr","Fairfield","NJ","07004","Essex","www.flmgraphics.com","9735759450","9735756424","Frank L Misischia","CEO","Mal","8000000","100","733603","Graphic Desi","3","0","1"
"129092","Argus International","argus@voicenet.com","424 State Highway 31 N","6094664111","6094661677","367201","Printed & Etched Circuits-Mfrs","NULL"," Email <---> Revenue ","55450","Argus International","424 State Highway 31 N","Hopewell","NJ","08525","Mercer","www.argus-international.com","6094661677","6094664111","B J Costello","Owner","Mal","8300000","50","367201","Printed & Et","3","0","1"
"184726","Universal Display Corp","auditcommittee@universaldisplay.com","375 Phillips Blvd","6096710995","6096710980","357598","Computer Terminals (Manufacturers)","www.universaldisplay.com"," Email <---> Revenue ","659196","Universal Display Corp","375 Phillips Blvd","Trenton","NJ","08618","Mercer","www.universaldisplay.com","6096710980","6096710995","Sherwin I Seligsohn","CEO","Mal","7007000","46","357598","Computer Ter","3","0","1"
"167685","Metaline Products Co","augustj.zilincariii@metalineproducts.com","101 N Feltus St","NULL","7327211373","731901","Display Designers & Producers","NULL"," Email <---> Revenue ","429038","Metaline Products Co","101 N Feltus St","South Amboy","NJ","08879","Middlesex","www.metalineproducts.com","7327211373","","August J Zilincar III","President","Mal","9468000","36","731901","Display Desi","3","0","1"
"89493","Conversion Technologies","B_Epstein@ctiimage.com","7000 Atrium Way # 2","8564826266","8567225588","738999","Business Services Nec","NULL"," Email <---> Revenue ","157839","Conversion Technologies","7000 Atrium Way # 2","Mt Laurel","NJ","08054","Burlington","www.ctiimage.com","8567225588","8564826266","Barbara Epstein","Owner","Fem","5850000","45","738976","Microfilming","3","0","1"
"153457","Windsor Distribution Inc","barry@windsordistributors.com","19 Freeman St","9733443282","9733445700","506519","Electronic Equipment & Supplies-Whol","www.windsordistributors.com"," Email <---> Revenue ","688819","Windsor Distribution Inc","19 Freeman St # 33","Newark","NJ","07105","Essex","www.windsordistributors.com","9733445700","9733443282","Steve Erenburg","President","Mal","5100000","25","367901","Electronic E","3","0","1"
"52241","Auto Glass Specialists-Robbies","Berman@robbiesauto.com","238 Us Highway 46","9733661071","9733661617","523110","Glass-Auto Plate & Window & Etc","NULL"," Email <---> Revenue ","65613","Auto Glass Specialists-Robbies","238 Us Highway 46","Dover","NJ","07801","Morris","","9733661617","9733661071","Robert Berman","Owner","Mal","6030000","30","523110","Glass-Auto P","3","0","1"
"140414","Go Emerchant","Bill-Ward@goemerchant.com","523 Station Ave","8564298963","8564297655","671901","Holding Companies (Non-Bank)","NULL"," Email <---> Revenue ","273169","Go Emerchant","523 Station Ave","Haddon Heights","NJ","08035","Camden","www.goemerchant.com","8564297655","8564298963","Bill Ward","CEO","Mal","8866000","11","671901","Holding Comp","3","2","1"
"18060","Corporate Disk Co","bkohut@disk.com","821 Highway 33","7328450568","7324315300","504507","Data Processing Equipment (Wholesale)","NULL"," Email <---> Revenue ","159925","Corporate Disk Co","821 Highway 33","Freehold","NJ","07728","Monmouth","","7324315300","7328450568","Jon Sugarman","Owner","Mal","8073000","9","504507","Data Process","3","0","1"
"162004","Danzeisen & Quigley","Bob@dandq.com","1720 Marlton Pike E","8564244519","8564245969","594113","Sporting Goods-Retail","NULL"," Email <---> Revenue ","177783","Danzeisen & Quigley","1720 Marlton Pike E","Cherry Hill","NJ","08003","Camden","www.dandq.com","8564245969","8564244519","Bob Danzeisen","Owner","Mal","6660000","45","594113","Sporting Goo","3","0","1"
"166239","C & E Canners","bobcap@pics.com","PO Box 229","6095672776","6095611078","203302","Canning (Manufacturers)","NULL"," Email <---> Revenue ","110110","C & E Canners","1249 Mays Landing Rd","Hammonton","NJ","08037","Atlantic","","6095611078","6095672776","Robert Cappuccio","President","Mal","8425000","25","203302","Canning (Man","3","0","1"
"58524","Samaritan Hospital","Boccolini@nehealth.com","5 Eves Dr # 300","8565967881","8565961600","805908","Hospices","NULL"," Email <---> Revenue ","570819","Samaritan Hospital","5 Eves Dr # 300","Marlton","NJ","08053","Burlington","","8565961600","8565967881","Mary Ann Boccolini","CEO","Fem","6664000","136","805908","Hospices","3","0","1"
"11188","Browne-Halco Co","bryanw@halco.com","600 Green Ln","9082893186","9082891000","346913","Kitchen Tools-Manufacturers","NULL"," Email <---> Revenue ","104462","Browne-Halco Co","600 Green Ln","Union","NJ","07083","Union","www.halco.com","9082891000","9082893186","Bryan Wood","President","Mal","6600000","50","346913","Kitchen Tool","3","0","1"
"38406","Brad-Pak Enterprises","B-Vince@brad-pak.com","124 South Ave","9082339656","9082331234","508559","Bottles-Wholesale","NULL"," Email <---> Revenue ","98707","Brad-Pak Enterprises","124 South Ave","Garwood","NJ","07027","Union","www.brad-pak.com","9082331234","9082339656","Vince Brady","Owner","Mal","8550000","15","508559","Bottles-Whol","3","0","1"
"119686","Delaware Valley Box & Lumber","C.Gould@delvalbox.com","2651 E State Street Ext","6098908241","6098902900","265301","Corrugated & Solid Fiber Boxes (Mfrs)","NULL"," Email <---> Revenue ","184520","Delaware Valley Box & Lumber","2651 E State Street Ext","Trenton","NJ","08619","Mercer","","6098902900","6098908241","Charles C Gould","Owner","Mal","9575000","25","265301","Corrugated &","3","0","1"
"67490","Cargille Tab-Pro Corp","cargilletabpro@att.net","4 E Frederick Pl","9732677998","9732678888","283410","Tablet Makers-Pharm-Food Etc (Mfrs)","NULL"," Email <---> Revenue ","121586","Cargille Tab-Pro Corp","4 E Frederick Pl","Cedar Knolls","NJ","07927","Morris","","9732678888","9732677998","John J Cargille","Owner","Mal","5564000","15","283410","Tablet Maker","3","0","1"
"104033","Cecil B Design","CecilBryan@suntimes.com","1343 Highway 77","8564512209","6094657836","275902","Screen Printing","NULL"," Email <---> Revenue ","127278","Cecil B Design","1343 Highway 77","Bridgeton","NJ","08302","Cumberland","","8564517473","8564512209","Cecil Bryan","President","Mal","5425000","35","275902","Screen Print","3","0","1"
"174722","ARA Svc Inc","chaville-bobbi@aramark.com","333 Colfax Ave","5033641010","9737773201","899999","Services Nec","www.aramark.com"," Email <---> Revenue ","15628","ARA Svc Inc","333 Colfax Ave","Clifton","NJ","07013","Passaic","","9737773201","9737773201","Pam Stein","Manager","Fem","6230000","35","899999","Services Nec","3","0","1"
"174732","Westbury Press","chena.life@gjhaerer.com","1 W Forest Ave","2018718955","2018711000","275998","Commercial Printing Nec","www.westburypress.com"," Email <---> Revenue ","682856","Westbury Press","1 W Forest Ave","Englewood","NJ","07631","Bergen","www.westburypress.com","2018711000","2018718955","Sandy Zenker","President","Mal","8580000","60","275998","Commercial P","3","0","1"
"151779","Control Instruments","Chris@controlinstruments.com","25 Law Dr","9735750013","9735759114","179925","Gas Detectors","NULL"," Email <---> Revenue ","157654","Control Instruments","25 Law Dr","Fairfield","NJ","07004","Essex","www.controlinstruments.com","9735759114","9735750013","Chris Shaeffer","President","Mal","8500000","45","179925","Gas Detector","3","0","1"
"184415","Churchill PC","ChurchillRobert@churchillpc.com","344 N Route 73 # A","8567670272","8567676901","871111","Engineers-Consulting","NULL"," Email <---> Revenue ","140751","Churchill PC","344 N Route 73 # A","Berlin","NJ","08009","Camden","www.churchillpc.com","8567676901","8567670272","Robert Churchill","Owner","Mal","8280000","40","871111","Engineers-Co","3","0","1"
"53669","A & M Merchandising","consumer@kirbywhq.com","346 Belleville Tpke","8475669794","2019550001","572216","Vacuum Cleaners-Household-Dealers","www.kirby.com"," Email <---> Revenue ","6079","A & M Merchandising","346 Belleville Tpke","North Arlington","NJ","07031","Bergen","www.kirby.com","2019550001","2019550105","Adam Len","Owner","Mal","5450000","25","572216","Vacuum Clean","3","0","1"
"187574","Boat/US Marine Ctr","consumerprotection@boatus.com","1618 Kings Hwy N","8473980940","8567959191","594113","Sporting Goods-Retail","www.boatus.com"," Email <---> Revenue ","94027","Boat/US Marine Ctr","1618 Kings Hwy N","Cherry Hill","NJ","08034","Camden","www.boatus.com","8567959191","8567959101","Dave Denault","Manager","Mal","5652000","12","555113","Marine Equip","3","0","1"
"157191","Jrh Electronics Inc","ctodd@jrhelec.com","PO Box 264","NULL","8569888696","506519","Electronic Equipment & Supplies-Whol","NULL"," Email <---> Revenue ","352536","Jrh Electronics Inc","2002 Lincoln Dr W # E","Marlton","NJ","08053","Burlington","www.jrhelec.com","8569888696","","Candy Todd","Owner","Fem","9090000","9","506519","Electronic E","3","0","1"
"28151","Sigmet Corp","cu@sigmetcorp.com","289 Hwy 33 # B","6107835911","7327921221","509908","Manufacturers-Agents & Representatives","www.sigmetcorp.com"," Email <---> Revenue ","588413","Sigmet Corp","289 Hwy 33 # B","Manalapan","NJ","07726","Monmouth","www.sigmetcorp.com","7327921221","7327921305","Sam Helms","President","Mal","9440000","10","509908","Manufacturer","3","0","1"
"300","Dan Higgins Warehouse","Dan.Higgins@danhiggins.com","410 Miller Rd","6099538211","6096548347","175203","Floor Laying Refinishing & Resurfacing","NULL"," Email <---> Revenue ","176159","Dan Higgins Warehouse","410 Miller Rd","Medford","NJ","08055","Burlington","www.danhiggins.com","6096548347","6099538211","Dan Higgins","Owner","Mal","7480000","40","175203","Floor Laying","3","1","1"
"91621","21st Century Health & Benefits","David@21stcenturyhealth.com","220 Lake Dr E","8563820121","8563219460","809907","Health Services","NULL"," Email <---> Revenue ","1306","21st Century Health & Benefits","220 Lake Dr E","Cherry Hill","NJ","08002","Camden","","8563219460","8563820121","David Markson","CEO","Mal","7250000","50","809907","Health Servi","3","2","1"
"4429","Behrman House","David@behrmanhouse.com","11 Edison Pl","9733797280","9733797200","273101","Publishers-Book","NULL"," Email <---> Revenue ","80910","Behrman House","11 Edison Pl","Springfield","NJ","07081","Union","www.behrmanhouse.com","9733797200","9733797280","David Behrman","Owner","Mal","5694000","13","273101","Publishers-B","3","0","1"
"169731","Onyx Valve Co","david@onyxvalve.com","835 Industrial Hwy # 4","8568293080","8568292888","349403","Valves-Manufacturers","NULL"," Email <---> Revenue ","480996","Onyx Valve Co","835 Industrial Hwy # 4","Cinnaminson","NJ","08077","Burlington","","8568292888","8568293080","David Gardellin","President","Mal","6100000","25","349403","Valves-Manuf","3","0","1"
"132759","Winning Strategies Advertising","Davis@winningstrat.com","502 Carnegie Ctr # 102","6092754751","6092754747","731101","Advertising-Agencies & Counselors","NULL"," Email <---> Revenue ","689303","Winning Strategies Advertising","502 Carnegie Ctr # 102","Princeton","NJ","08540","Mercer","www.winningstrat.com","6092754747","6092754751","Gary Davis","Owner","Mal","5225000","25","731101","Advertising-","3","0","1"
"23220","Berlin Werkstell Levinson","DBerlin@berlinwerkstell.com","110 Carter Dr # 1","7326501144","7326501122","509908","Manufacturers-Agents & Representatives","NULL"," Email <---> Revenue ","85081","Berlin Werkstell Levinson","110 Carter Dr # 1","Edison","NJ","08817","Middlesex","www.berlinwerkstell.com","7326501122","7326501144","Dennis Berlin","President","Mal","9440000","10","509908","Manufacturer","3","0","1"
"168967","Barton & Cooney","dcramer@bartoncooney.com","300 Richards Run","6095860076","6095389200","733105","Advertising-Direct Mail","NULL"," Email <---> Revenue ","76495","Barton & Cooney","300 Richards Run","Burlington","NJ","08016","Burlington","","6097479300","6095860076","Pat Doyle","Owner","Mal","7350000","35","733101","Mailing & Sh","3","0","1"
"30720","Ackley Machine Corp","eackley@ackleymachine.com","1273 N Church St # 106","8562348657","8562343626","355502","Printing Equipment-Manufacturers","NULL"," Email <---> Revenue ","21178","Ackley Machine Corp","1273 N Church St # 106","Moorestown","NJ","08057","Burlington","www.ackleymachine.com","8562343626","8562348657","E M Ackley","President","Mal","7840000","28","355502","Printing Equ","3","0","1"
"74242","E-Beam Svc","ebeam@ebeamservices.com","118 Melrich Rd","5139330542","6096557460","384104","Physicians & Surgeons Equip & Supls-Mfrs","www.ebeamservices.com"," Email <---> Revenue ","205519","E-Beam Svc","118 Melrich Rd","Cranbury","NJ","08512","Middlesex","www.ebeamservices.com","6096557460","6096553052","Peter Tuozzolo","Manager","Mal","6440000","20","384104","Physicians &","3","0","1"
"182353","Midhattan Woodworking Corp","egreco@midhattan.com","PO Box 163","7327270201","7327273020","243102","Millwork (Manufacturers)","NULL"," Email <---> Revenue ","434752","Midhattan Woodworking Corp","3130 Bordentown Ave","Old Bridge","NJ","08857","Middlesex","","7327273020","7327270201","Edmund J Greco Jr","President","Mal","8500000","50","243102","Millwork (Ma","3","0","1"
"117857","Nelson Line","Eli_Nelson@nelsonline.com","102 Commerce Dr # 6","8567784725","8567784801","511202","Greeting Cards-Wholesale","NULL"," Email <---> Revenue ","458736","Nelson Line","102 Commerce Dr # 6","Moorestown","NJ","08057","Burlington","www.nelsonline.com","8567784801","8567784725","Eli Nelson","Owner","Mal","7264000","16","511202","Greeting Car","3","0","1"
"125850","American Textile","Emil@americantextile.com","734 Broadway","2014375556","2018583232","513628","Clothing-Wholesale","NULL"," Email <---> Revenue ","45122","American Textile","734 Broadway","Bayonne","NJ","07002","Hudson","","2018583232","2014375556","Emil Delperte","Owner","Mal","7810000","10","513628","Clothing-Who","3","0","1"
"139698","General Valve","epic@parker.com","19 Gloria Ln","9893528125","9735754844","349403","Valves-Manufacturers","www.parker.com"," Email <---> Revenue ","265382","General Valve","19 Gloria Ln","Fairfield","NJ","07004","Essex","","9735754844","9735754011","Thomas Theilmeier","Manager","Mal","9760000","40","349403","Valves-Manuf","3","0","1"
"62582","Kohr Brothers Frozen Custard","FasyB@kohrbros.com","3500 Boardwalk","NULL","6095221029","514304","Ice Cream & Frozen Desserts-Distributors","NULL"," Email <---> Revenue ","368221","Kohr Brothers Frozen Custard","2518 Boardwalk","North Wildwood","NJ","08260","Cape May","www.kohrbros.com","6095220496","6095226019","Robert Fasy","Manager","Mal","9600000","10","514304","Ice Cream & ","3","0","1"
"35389","Carlisle Machine Works","F-D@carlislemachine.com","PO Box 746","8568255510","8568250627","343309","Burners-Industrial (Manufacturers)","NULL"," Email <---> Revenue ","122243","Carlisle Machine Works","402 S Wade Blvd","Millville","NJ","08332","Cumberland","www.carlislemachine.com","8568250627","8568255510","Frank Dougherty","Owner","Mal","8112000","25","343309","Burners-Indu","3","0","1"
"151836","Edison Electrical","Ferrara.Ron@centuryconveyor.com","4 Gladys Ct","7322484960","7322486868","173101","Electric Contractors","NULL"," Email <---> Revenue ","211936","Edison Electrical","4 Gladys Ct","Edison","NJ","08817","Middlesex","www.centuryconveyor.com","7322486868","7322484960","Ron Ferrara","Owner","Mal","7380000","45","173101","Electric Con","3","2","1"
"170255","C & F Wire","FitzpatrickF@cfwire.com","340 E Broad St","6093878094","6093873900","505101","Wire & Cable-Non-Electric (Wholesale)","NULL"," Email <---> Revenue ","110157","C & F Wire","340 E Broad St","Burlington","NJ","08016","Burlington","www.cfwire.com","6093873900","6093878094","Frank Fitzpatrick","President","Mal","6840000","6","505101","Wire & Cable","3","0","1"
"130184","Randall Manufacturing Co Inc","fred.randall@ramkleen.com","210 Sylvan Ave","9734829318","9734828603","249998","Wood Products Nec (Manufacturers)","NULL"," Email <---> Revenue ","535995","Randall Manufacturing Co Inc","210 Sylvan Ave","Newark","NJ","07104","Essex","","9734828603","9734829318","Cary Tinfow","President","Fem","5070000","30","249998","Wood Product","3","0","1"
"153382","Gotham City Online","Garriss_Jonathan@shopgco.com","115 Castle Rd","2013309623","2013308880","539901","General Merchandise-Retail","NULL"," Email <---> Revenue ","276155","Gotham City Online","115 Castle Rd","Secaucus","NJ","07094","Hudson","www.shopgco.com","2013308880","2013309623","Jonathan Garriss","Owner","Mal","8400000","30","539901","General Merc","3","0","1"
"166211","American Surgisite Ctr","gdebrueys@americansurgisite.com","562 Easton Ave","7328462112","732-846-2100","809308","Specialty Outpatient Facilities","NEC (respiratory therapy clinics and offices)"," Email <---> Revenue ","45064","American Surgisite Ctr","562 Easton Ave","Somerset","NJ","08873","Somerset","www.americansurgisite.com","7328462100","7328462112","Glenn De Brueys","CEO","Mal","5320000","35","809308","Surgical Cen","3","0","1"
"127357","West Marine","gearfeedback@westmarine.com","State Rte 35 & State Rte 36","7325428282","7325424559","555113","Marine Equipment & Supplies","www.westmarine.com"," Email <---> Revenue ","682247","West Marine","35 South St","Eatontown","NJ","07724","Monmouth","www.westmarine.com","7325428282","7325424559","Ken Fabrizio","Manager","Fem","6594000","14","555113","Marine Equip","3","0","1"
"136841","Finish Line","generalcounsel@finishline.com","1063 Garden State Plz","2565196451","2012910221","569913","Sportswear-Retail","www.finishline.com"," Email <---> Revenue ","239532","Finish Line","1063 Garden State Plz","Paramus","NJ","07652","Bergen","","2012910221","2012910366","Ed Wertz","Manager","Mal","7980000","60","569913","Sportswear-R","3","0","1"
"78580","Music Express","ggjesvold@musiclimo.com","475 Boulevard","6503428500","2017968804","411903","Limousine Service","www.musiclimo.com"," Email <---> Revenue ","450836","Music Express","475 Boulevard","Elmwood Park","NJ","07407","Bergen","www.musiclimo.com","2017968804","2017911799","Rich Badalamenti","VP","Mal","5500000","50","411903","Limousine Se","3","0","1"
"90245","Key Power","Hemant@key2power.com","25 S Main St # 7","7329063130","7329061331","737401","Data Processing Service","NULL"," Email <---> Revenue ","363293","Key Power","25 S Main St # 7","Edison","NJ","08837","Middlesex","www.key2power.com","7329061331","7329063130","Hemant Patel","Owner","Mal","6138000","33","737401","Data Process","3","0","1"
"174052","ENSR Consulting & Engr","hrwest@ensr.aecom.com","20 New England Ave","9704930213","7329810200","873111","Environmental & Ecological Services","www.ensr.com"," Email <---> Revenue ","206172","ENSR Consulting & Engr","20 New England Ave","Piscataway","NJ","08854","Middlesex","","7329810200","7329810116","Chris Venezia","Manager","Mal","7245000","35","871111","Engineers-Co","3","0","1"
"188285","Greif Brothers Corp","info.uk@greif.com","192 Summerhill Rd","5864150005","7322513100","341201","Barrels & Drums (Manufacturers)","www.greif.com"," Email <---> Revenue ","280780","Greif Brothers Corp","192 Summerhill Rd","Spotswood","NJ","08884","Middlesex","www.greif.com","7322513100","7322517636","Lloyd Wallace","Manager","Mal","8130000","30","341201","Barrels & Dr","3","0","1"
"174612","Tube City Inc","internationalservices@tubecityims.com","1 Crossman Rd N","7323245818","7327217477","331218","Scrap Metal Products-Mfrs","www.tubecity.com"," Email <---> Revenue ","650004","Tube City Inc","1 Crossman Rd N","Sayreville","NJ","08872","Middlesex","www.tubecity.com","7327217477","7327211334","Trish Hlavaty","Manager","Fem","9060000","15","331218","Scrap Metal ","3","0","1"
"178326","Trenton Printing","internetmail@trentonprinting.com","1150 Southard St","6096958897","6096956485","275202","Printers","www.trentonprinting.com"," Email <---> Revenue ","646494","Trenton Printing","1150 Southard St","Trenton","NJ","08638","Mercer","www.trentonprinting.com","6096956485","6096958897","David Nugent","Owner","Mal","5175000","25","275202","Printers","3","0","1"
"126225","Servometer Corp","jayne.holowachuk@servometer.com","501 Little Falls Rd","9737850756","9737854630","342901","Bellows (Manufacturers)","NULL"," Email <---> Revenue ","581578","Servometer Corp","501 Little Falls Rd","Cedar Grove","NJ","07009","Essex","www.servometer.com","9737854630","9737850756","Owen Farren","CEO","Mal","9225000","70","342901","Bellows (Man","3","0","1"
"170575","Matrix Environmental","Jayne.Warne@matrixegs.com","120 Eagle Rock Ave # 207","9732401818","9732401800","873111","Environmental & Ecological Services","NULL"," Email <---> Revenue ","419379","Matrix Environmental","120 Eagle Rock Ave # 207","East Hanover","NJ","07936","Morris","www.matrixegs.com","9732401800","9732401818","Jayne Warne","Owner","Fem","8800000","50","873111","Environmenta","3","0","1"
"189344","Dewberry","jbeight@dewberry.com","133 Gaither Dr # T","4347974341","8568020843","871111","Engineers-Consulting","www.dewberry.com"," Email <---> Revenue ","188967","Dewberry","133 Gaither Dr # T","Mt Laurel","NJ","08054","Burlington","www.dewberry.com","8568020843","8568020846","Edward Di Mond","Manager","Mal","5382000","26","871111","Engineers-Co","3","0","1"
"187023","Bradco Supply Corp Millwk","jjelen@paladinbrands.com","691 New Hampshire Ave","6093932180","7323494900","243102","Millwork (Manufacturers)","www.bradco.com"," Email <---> Revenue ","98715","Bradco Supply Corp Millwk","691 New Hampshire Ave","Lakewood","NJ","08701","Ocean","www.bradco.com","7323494900","7325051841","Larry Gelber","Manager","Mal","6800000","40","243102","Millwork (Ma","3","0","1"
"184495","George A Yetka Co","jmcalary@yetka.com","465 Shrewsbury Ave","7328427078","7327411301","171114","Mechanical Contractors","www.yetka.com"," Email <---> Revenue ","266275","George A Yetka Co","465 Shrewsbury Ave","Shrewsbury","NJ","07702","Monmouth","www.yetka.com","7327411301","7328427078","George A Yetka","Owner","Mal","5740000","35","171114","Mechanical C","3","0","1"
"189311","United Computer Sales & Svc","joanne@ucss.com","100 Dobbs Ln # 208","8567954341","8567957330","737801","Computers-Service & Repair","www.ucss.com"," Email <---> Revenue ","657830","United Computer Sales & Svc","100 Dobbs Ln # 208","Cherry Hill","NJ","08034","Camden","www.ucss.com","8567957330","8567954341","Tony Calabrese","Owner","Mal","5216000","32","737801","Computers-Se","3","0","1"
"66185","G W Lippincott Inc","joe@lippincottsupply.net","PO Box 487","6092673481","6092671803","503212","Brick-Clay Common & Face (Wholesale)","NULL"," Email <---> Revenue ","257705","G W Lippincott Inc","63 Washington St","Mt Holly","NJ","08060","Burlington","www.lippincottsupply.net","6092671803","6092673481","Joe Jones","President","Mal","7200000","15","503212","Brick-Clay C","3","0","1"
"144136","Hageman Roofing","JohnH@hagemanroofing.com","16 Industrial Ave # 2","2014403192","2014400050","176109","Roofing Contractors","NULL"," Email <---> Revenue ","286489","Hageman Roofing","16 Industrial Ave # 2","Ridgefield Park","NJ","07660","Bergen","www.hagemanroofing.com","2014400050","2014403192","John P Hageman","Owner","Mal","7155000","45","176109","Roofing Cont","3","0","1"
"182830","Oxford Communications","JohnM@oxfordcommunications.com","287 S Main St","6093978863","6093974242","731101","Advertising-Agencies & Counselors","NULL"," Email <---> Revenue ","484689","Oxford Communications","11 Music Mountain Blvd","Lambertville","NJ","08530","Hunterdon","www.oxfordcommunications.com","6093974242","6093978863","John Martorana","President","Mal","8360000","40","731101","Advertising-","3","0","1"
"151819","Compass Display & Promotion","joseph.carugati@compassdisplayinc.com","1700 Calhoun St","6096959788","609-695-5300","3993","Signs and Advertising Specialties (screen printing purchased advertising specialties)","NULL"," Email <---> Revenue ","153185","Compass Display & Promotion","1700 Calhoun St","Trenton","NJ","08638","Mercer","www.compassdisplayinc.com","6096955300","6096959788","Joseph Carugati","President","Mal","8804000","71","399398","Signs & Adve","3","0","1"
"48572","AM-Mac","Judith@am-mac.com","311 Us Highway 46","9735751956","9735757567","504601","Food Processing Equipment & Supls (Whol)","NULL"," Email <---> Revenue ","15074","AM-Mac","311 Us Highway 46","Fairfield","NJ","07004","Essex","www.am-mac.com","9735757567","9735751956","Judith Spritzer","Owner","Fem","5970000","15","504601","Food Process","3","0","1"
"133344","Vollmer Associates","jzuccerella@vollmer.com","161 Gaither Dr # 105","2032811470","8562340800","871111","Engineers-Consulting","www.vollmer.com"," Email <---> Revenue ","672060","Vollmer Associates","161 Gaither Dr # 105","Mt Laurel","NJ","08054","Burlington","www.vollmer.com","8562340800","8562345928","Mike Lemmo","Manager","Mal","8280000","40","871111","Engineers-Co","3","0","1"
"54753","Friday Morning Quarterback","Kal@fmqb.com","1930 Marlton Pike E # F36","8564243881","8564247066","274105","Publishers","NULL"," Email <---> Revenue ","253662","Friday Morning Quarterback","1930 Marlton Pike E # F36","Cherry Hill","NJ","08003","Camden","www.fmqb.com","8564247066","8564243881","Kal Rudman","Owner","Mal","8100000","27","274105","Publishers","3","0","1"
"71080","Centimark Corp","kathy.slencak@centimark.com","263 Cox St","6158224799","9082989032","176109","Roofing Contractors","www.centimark.com"," Email <---> Revenue ","129369","Centimark Corp","263 Cox St","Roselle","NJ","07203","Union","www.centimark.com","9082989032","9082989018","Mark Garrett","Manager","Mal","7950000","50","176109","Roofing Cont","3","0","1"
"68267","Delaware Valley Sign","Kennedy.George@dvssigns.com","112 Connecticut Dr","6093861108","6093860100","399302","Signs (Manufacturers)","NULL"," Email <---> Revenue ","184606","Delaware Valley Sign","112 Connecticut Dr","Burlington","NJ","08016","Burlington","www.dvssigns.com","6093860100","6093861108","George Kennedy","Owner","Mal","8650000","50","399302","Signs (Manuf","3","0","1"
"37773","AGF Burner","Keogh@agfburner.com","1955 Swarthmore Ave","7327308060","7327308090","507510","Heating Equipment & Systems (Wholesale)","NULL"," Email <---> Revenue ","14618","AGF Burner","1955 Swarthmore Ave","Lakewood","NJ","08701","Ocean","www.agfburner.com","7327308090","7327308060","Christopher Keogh","President","Mal","7896000","12","507510","Heating Equi","3","0","1"
"123327","Best Uniform Rental","L_Szkotak@bestu.com","800 Creek Rd","8569317600","8569317000","569922","Uniforms","NULL"," Email <---> Revenue ","86498","Best Uniform Rental","800 Creek Rd","Bellmawr","NJ","08031","Camden","www.bestu.com","8569317000","8569317600","Leonard Szkotak","Owner","Mal","6650000","50","569922","Uniforms","3","0","1"
"148991","Commercial Investigation","Linda@commercialinvestigation.com","3301 State Route 66","7326430180","7326430100","641102","Insurance Adjusters","NULL"," Email <---> Revenue ","151795","Commercial Investigation","3301 State Route 66","Neptune","NJ","07753","Monmouth","www.commercialinvestigation.com","7326430100","7326430180","Linda O'Neill","Owner","Fem","6900000","50","641102","Insurance Ad","3","0","1"
"164069","Briechle Fernandez Marketing","Lorenzo@bfmarketing.com","9 Fadem Rd # A","9739124410","9739124400","731101","Advertising-Agencies & Counselors","NULL"," Email <---> Revenue ","101937","Briechle Fernandez Marketing","9 Fadem Rd # A","Springfield","NJ","07081","Union","www.bfmarketing.com","9739124400","9739124410","Lorenzo Fernandez","Owner","Mal","6270000","30","731101","Advertising-","3","0","1"
"178659","S W Anderson Sales Corp","manderson@swanderson.com","208 Huyler St","7184829368","2014871119","507505","Air Conditioning Supplies & Parts (Whol)","www.swanderson.com"," Email <---> Revenue ","565356","S W Anderson Sales Corp","208 Huyler St","South Hackensack","NJ","07606","Bergen","www.swanderson.com","2014871119","2014873342","Bill Middaugh","Owner","Mal","7650000","15","507505","Air Conditio","3","0","1"
"36223","Modular Devices","Marcia.Abo@mdipower.com","PO Box 706","9734921277","9734922722","509905","Importers","NULL"," Email <---> Revenue ","440927","Modular Devices","22 Park Pl","Butler","NJ","07405","Morris","www.modular-devices.com","9734922722","9734921277","Marcia Abo","Owner","Fem","9440000","10","509905","Importers","3","0","1"
"163213","Williams Scotsman","mark.meyers@willscot.com","101 Jackson Rd","2036992470","8567671500","527102","Mobile Homes-Dealers","www.willscot.com"," Email <---> Revenue ","687591","Williams Scotsman","101 Jackson Rd","Berlin","NJ","08009","Camden","www.willscot.com","8567671500","8567673492","Joe Donegan","VP","Mal","6465000","15","527102","Mobile Homes","3","0","1"
"115704","Damiano Long Consulting Eng","MarkD@damianolong.com","129 N Broadway # 200","8562259460","8562259300","871110","Engineers-Civil","NULL"," Email <---> Revenue ","176014","Damiano Long Consulting Eng","129 N Broadway # 200","Camden","NJ","08102","Camden","www.damianolong.com","8562259300","8562259460","Mark Damiano","Owner","Mal","6210000","30","871110","Engineers-Ci","3","0","1"
"143453","Greentech Energy Svc Inc","mbetsch@greentechenergy.com","520 Fellowship Rd # D401","8567781668","8564399400","173101","Electric Contractors","NULL"," Email <---> Revenue ","280069","Greentech Energy Svc Inc","520 Fellowship Rd # D401","Mt Laurel","NJ","08054","Burlington","","8564399400","8567781668","Michael Betsch","Owner","Mal","6600000","50","173101","Electric Con","3","2","1"
"139156","ESG","MichaelK@esgi.net","35 Beach Rd","7327749002","7327743700","349701","Foil & Foil Products (Manufacturers)","NULL"," Email <---> Revenue ","206325","ESG","35 Beach Rd","Monmouth Beach","NJ","07750","Monmouth","www.foil-stamping.com","7327743700","7327749002","","","","8715000","35","349701","Foil & Foil ","3","0","1"
"114737","MPD Printing","MichaelMazzeo@mpdprinting.com","14 River Rd","NULL","9082737763","573403","Publishing-Desktop","NULL"," Email <---> Revenue ","403390","MPD Printing","14 River Rd","Summit","NJ","07901","Union","www.mpdprinting.com","9082737763","9082738120","Michael Mazzeo","Owner","Mal","6860000","20","573403","Publishing-D","3","0","1"
"161098","Advanced Micro Distribution Ch","Mike-Rahimi@amdc.com","18a Campus Dr","7323461138","7323461515","504503","Computers-Wholesale","NULL"," Email <---> Revenue ","25252","Advanced Micro Distribution Ch","18a Campus Dr","Edison","NJ","08837","Middlesex","www.amdc.com","7323461515","7323461138","Mike Rahimi","Owner","Mal","6279000","7","504503","Computers-Wh","3","0","1"
"22552","International Products Corp","mkt@ipcol.com","PO Box 70","6093868438","6093868770","284203","Cleaning Compounds-Manufacturers","NULL"," Email <---> Revenue ","321008","International Products Corp","201 Connecticut Dr","Burlington","NJ","08016","Burlington","www.ipcol.com","6093868770","6093868438","Charles Granito Sr","President","Mal","5952000","12","284203","Cleaning Com","3","0","1"
"95196","Mitchell Supreme Fuel Co","mmalagiere@mitchellsupreme.com","532 Freeman St","9736720148","9736781800","291105","Petroleum Products-Manufacturers","NULL"," Email <---> Revenue ","439480","Mitchell Supreme Fuel Co","532 Freeman St","Orange","NJ","07050","Essex","www.mitchellsupreme.com","9736781800","9736720148","John Bozcik","President","Mal","6500000","120","517206","Oils-Fuel (W","3","0","1"
"38353","World Wide Concessions Inc","mpm@netexpress.net","440 Benigno Blvd # E","8569339952","8569339900","519917","Advertising-Specialties (Wholesale)","www.logomall.com"," Email <---> Revenue ","693006","World Wide Concessions Inc","440 Benigno Blvd # E","Bellmawr","NJ","08031","Camden","www.logomall.com","8569339900","8569339952","Garry Maddox","Owner","Mal","5026000","7","519917","Advertising-","3","0","1"
"185573","Bio Medi Con","msinger@biomedicon.com","30 E Central Ave","NULL","8567781880","384103","Hospital Equipment & Supplies-Mfrs","NULL"," Email <---> Revenue ","89955","Bio Medi Con","30 E Central Ave","Moorestown","NJ","08057","Burlington","www.biomedicon.com","8567781880","","Mark Singer","President","Mal","6118000","19","384103","Hospital Equ","3","0","1"
"80852","General Devices Inc","msmith@general-devices.com","1000 River St","2013135671","2013137075","384104","Physicians & Surgeons Equip & Supls-Mfrs","NULL"," Email <---> Revenue ","264896","General Devices Inc","1000 River St","Ridgefield","NJ","07657","Bergen","www.general-devices.com","2013137075","2013135671","Michael Smith","President","Mal","8050000","25","384104","Physicians &","3","0","1"
"168194","Aquor Health Care Svc","mvirdi@aequor.com","74 Main St","7327269599","7327261688","809907","Health Services","NULL"," Email <---> Revenue ","54111","Aquor Health Care Svc","74 Main St","Woodbridge","NJ","07095","Middlesex","www.aquor.com","7327261688","7327269599","Manmeet Virdi","Owner","Mal","5600000","50","809907","Health Servi","3","2","1"
"111636","Campbell Freightliner Parts","NCampbell@campbellfreightliner.com","180 Talmadge Rd","7322872545","7326509878","753812","Truck-Repairing & Service","NULL"," Email <---> Revenue ","117846","Campbell Freightliner Parts","180 Talmadge Rd","Edison","NJ","08817","Middlesex","www.campbellfreightliner.com","7326509878","7322872545","Neal Campbell","Owner","Mal","5750000","50","753812","Truck-Repair","3","0","1"
"24709","NDS Technologies","NormanNeill@ndstechnologiesinc.com","3823 N Mill Rd","8566963533","8566910330","323117","Glass Products (Manufacturers)","NULL"," Email <---> Revenue ","453188","NDS Technologies","3823 N Mill Rd","Vineland","NJ","08360","Cumberland","www.ndstechnologiesinc.com","8566910330","8566963533","Norman Neill","President","Mal","5300000","20","323117","Glass Produc","3","0","1"
"24861","Sea Safety Intl","Norrgard@seasafety.com","10 Wood Ave","2013300448","2013303225","509905","Importers","NULL"," Email <---> Revenue ","577646","Sea Safety Intl","10 Wood Ave","Secaucus","NJ","07094","Hudson","www.seasafety.com","2013303225","2013300448","John T Norrgard","Owner","Mal","9420000","20","555113","Marine Equip","3","0","1"
"164156","Waveline Inc","nschneidt@wavelineinc.com","160 Passaic Ave","9732261565","9732269100","367901","Electronic Equipment & Supplies-Mfrs","www.wavelineinc.com"," Email <---> Revenue ","678255","Waveline Inc","160 Passaic Ave","Fairfield","NJ","07004","Essex","www.wavelineinc.com","9732269100","9732261565","James Mc Gregor","President","Mal","5100000","25","367901","Electronic E","3","0","1"
"110495","Independent Alarm Distributors","P_K@iadiad.com","1007 Haddon Ave","8568547171","8568549222","506324","Burglar Alarm Systems (Wholesale)","NULL"," Email <---> Revenue ","315956","Independent Alarm Distributors","1007 Haddon Ave","Collingswood","NJ","08108","Camden","www.iadiad.com","8568549222","8568547171","Paul Kerth","Owner","Mal","7630000","10","506324","Burglar Alar","3","0","1"
"7779","Earth Treasures Jewelers","P-Bischoff@earth-treasures.com","178 State Route 35 S # 10","7325426828","7325425444","594409","Jewelers-Retail","NULL"," Email <---> Revenue ","207327","Earth Treasures Jewelers","178 State Route 35 S # 10","Eatontown","NJ","07724","Monmouth","www.earth-treasures.com","7325425444","7325426828","Paul Bischoff","Owner","Mal","5460000","35","594409","Jewelers-Ret","3","0","1"
"106291","National Water Main Cleaning","Perri@nwmcc.com","875 Summer Ave","9734835065","9734833200","769902","Plumbing Drain & Sewer Cleaning","NULL"," Email <---> Revenue ","456933","National Water Main Cleaning","875 Summer Ave","Newark","NJ","07104","Essex","www.nwmcc.com","9734833200","9734835065","Salvatore Perri","President","Mal","7320000","60","769902","Plumbing Dra","3","0","1"
"18471","Horizon Plastics","PeterFeniello@primetac.com","223 Gates Rd","2014404956","2014403806","508438","Packaging Machinery-Wholesale","NULL"," Email <---> Revenue ","306431","Horizon Plastics","223 Gates Rd","Little Ferry","NJ","07643","Bergen","www.primetac.com","2014403806","2014404956","Peter Feniello","President","Mal","5440000","10","508438","Packaging Ma","3","0","1"
"121965","Wheal-Grace Corp","prepress@wheal-grace.com","300 Ralph St","9734505394","9734508100","275202","Printers","www.wheal-grace.com"," Email <---> Revenue ","684046","Wheal-Grace Corp","300 Ralph St","Belleville","NJ","07109","Essex","www.wheal-grace.com","9734508100","9734505394","Emil Salvini","Owner","Mal","6831000","33","275202","Printers","3","0","1"
"55752","Ross Alarm Svc","RDame@rossalarm.com","14 Broad St","6094992539","6094990440","506308","Fire Alarm Systems (Wholesale)","NULL"," Email <---> Revenue ","559298","Ross Alarm Svc","14 Broad St","Florence","NJ","08518","Burlington","","6094990440","6094992539","Rick Dame","Owner","Mal","8393000","11","506308","Fire Alarm S","3","0","1"
"180969","Widmer Time Recorder Co Inc","rgraniero@widmertime.com","228 Park St","2124893478","2014893810","387398","Watches Clcks Clockwork Etc/Parts (Mfrs)","www.widmertime.com"," Email <---> Revenue ","685362","Widmer Time Recorder Co Inc","228 Park St","Hackensack","NJ","07601","Bergen","www.widmertime.com","2014893810","2014893478","Robert Widmer","President","Mal","6640000","40","387398","Watches Clck","3","0","1"
"143265","Community Corrections Corp","rmackey@cecintl.com","100-140 Lincoln Hwy","9735894101","9735891114","805101","Nursing & Convalescent Homes","www.cecintl.com"," Email <---> Revenue ","152513","Community Corrections Corp","100-140 Lincoln Hwy","Kearny","NJ","07032","Hudson","www.cecintl.com","9735891114","9735894101","Alan Hoffman","Executive Director","Mal","7700000","110","805101","Nursing & Co","3","0","1"
"176722","Mackay Communication Inc","robert.byrd@mackaycomm.com","165 Fieldcrest Ave","7322252848","7322250909","508812","Marine Electronic Equip & Supls (Whol)","www.mackaymarine.com"," Email <---> Revenue ","404560","Mackay Communication Inc","165 Fieldcrest Ave","Edison","NJ","08837","Middlesex","www.mackaymarine.com","7322250909","7322252848","Paul Bligh","Manager","Mal","9060000","12","508812","Marine Elect","3","0","1"
"159194","Great Eastern Pet Supply","Robert@gepets.com","187 E Union Ave","2014380444","2014384884","519932","Pet Supplies-Wholesale","NULL"," Email <---> Revenue ","278475","Great Eastern Pet Supply","187 E Union Ave","East Rutherford","NJ","07073","Bergen","www.gepets.com","2014384884","2014380444","Robert Rayve","Owner","Mal","8440000","10","514910","Pet Foods-Wh","3","0","1"
"90656","Cutting Technologies Intl","RobertFrazier@cuttingtechnologies.com","101 Washington Ave","8564568070","8564562255","179504","Concrete Breaking Cutting & Sawing & Etc","NULL"," Email <---> Revenue ","170614","Cutting Technologies Intl","101 Washington Ave","Gloucester City","NJ","08030","Camden","www.cuttingtechnologies.com","8564562255","8564568070","Robert Frazier","Owner","Mal","5800000","29","179504","Concrete Bre","3","0","1"
"85452","Bradco Supply Corp Millwork","rtimmer@paladinbrands.com","691 New Hampshire Ave","7323494900","7325051841","243102","Millwork (Manufacturers)","www.bradco.com"," Email <---> Revenue ","98715","Bradco Supply Corp Millwk","691 New Hampshire Ave","Lakewood","NJ","08701","Ocean","www.bradco.com","7323494900","7325051841","Larry Gelber","Manager","Mal","6800000","40","243102","Millwork (Ma","3","0","1"
"160291","Global Trading Enterprises","RTony@rastellis.com","406 Heron Dr # B","8562413984","8562417400","679901","International Trade Services","NULL"," Email <---> Revenue ","272255","Global Trading Enterprises","406 Heron Dr # B","Swedesboro","NJ","08085","Gloucester","www.rastellis.com","8562417400","8562413984","Tony Rastelli","Owner","Mal","9345000","15","679901","Internationa","3","0","1"
"162270","Outdoor World Sea Pines Camp","rusaadv2@ptd.net","1535 N Route 9","5083473535","6094654517","703301","Campgrounds","www.campoutdoorworld.com"," Email <---> Revenue ","484233","Outdoor World Sea Pines Camp","1535 N Route 9","Cape May Ct Hse","NJ","08210","Cape May","","6094654517","6094652369","Ann Farnsworth","Manager","Fem","5254000","37","703301","Campgrounds","3","1","1"
"89320","C M Offray & Son Inc","ryoung@offray.com","PO Box 601","9088798588","9088794700","224198","Narrow Fabric & Other Smallwares-Mills","NULL"," Email <---> Revenue ","111740","C M Offray & Son Inc","360 State Route 24","Chester","NJ","07930","Morris","","9088794700","9088798588","Claude V Offray Jr","President","Mal","8325000","75","224198","Narrow Fabri","3","0","1"
"140135","Converse Environmental East","sacramento@converseconsultants.com","3 Century Dr","9097967675","9736055300","873111","Environmental & Ecological Services","www.converseconsultants.com"," Email <---> Revenue ","157826","Converse Environmental East","3 Century Dr","Parsippany","NJ","07054","Morris","www.converseconsultants.com","9736055300","9736058145","Issa Oweis","President","Mal","5280000","30","873111","Environmenta","3","0","1"
"133038","Automotive Concepts-S Jersey","sales.horsham@automotiveconcepts.net","900 Creek Rd","7707231041","8569330777","553101","Automobile Sunroofs","www.automotiveconcepts.net"," Email <---> Revenue ","66256","Automotive Concepts-S Jersey","900 Creek Rd","Bellmawr","NJ","08031","Camden","www.automotiveconcepts.net","8569330777","8569332044","Bill Reed","Manager","Mal","5655000","29","553101","Automobile S","3","0","1"
"42590","Storage Technology Corp","sales.support@sun.com","19 Chapin Rd","3036735019","9734390466","504507","Data Processing Equipment (Wholesale)","www.storagetek.com"," Email <---> Revenue ","613142","Storage Technology Corp","19 Chapin Rd","Pine Brook","NJ","07058","Morris","www.storagetek.com","9734390466","9734390471","Marlene Vurno","Manager","Fem","7176000","8","504507","Data Process","3","0","1"
"1854","Best Uniform Warehouse","SckotekL@bestu.com","1075 Delsea Dr","8568535518","8568538888","569922","Uniforms","NULL"," Email <---> Revenue ","86499","Best Uniform Warehouse","1075 Delsea Dr","Westville","NJ","08093","Gloucester","www.bestu.com","8568538888","8568535518","Leonard Sckotek","Owner","Mal","6650000","50","569922","Uniforms","3","0","1"
"126938","Glassman High Voltage Inc","scott.jarmicki@glassmanhv.com","PO Box 317","9086383700","9086383800","506344","Electronic Power Supplies (Wholesale)","NULL"," Email <---> Revenue ","270793","Glassman High Voltage Inc","124 W Main St","High Bridge","NJ","08829","Hunterdon","www.glassmanhv.com","9086383800","9086383700","Sanford H Glassman","Owner","Mal","8000000","63","506344","Electronic P","3","0","1"
"172292","Walpole Woodworkers","shannan.fetty@walpolewood.net","540 Tabor Rd","9735392796","9735393555","503903","Fence (Wholesale)","www.walpolewoodworkers.com"," Email <---> Revenue ","675400","Walpole Woodworkers","540 Tabor Rd","Morris Plains","NJ","07950","Morris","www.walpolewoodworkers.com","9735393555","9735392796","Dan Windt","Manager","Mal","5040000","14","503903","Fence (Whole","3","0","1"
"158606","Nextron Infusion Svc","Silvio@nextronmed.com","45 Kulick Rd","9732270151","9735759519","384104","Physicians & Surgeons Equip & Supls-Mfrs","NULL"," Email <---> Revenue ","465872","Nextron Infusion Svc","45 Kulick Rd","Fairfield","NJ","07004","Essex","","9735759519","9732270151","Silvio Eruzzi","President","Mal","5600000","25","384104","Physicians &","3","0","1"
"140886","Alyon Technologies","ST@alyon.net","1 Harmon Plz","2018656080","2018657600","481304","Telephone Companies","NULL"," Email <---> Revenue ","40660","Alyon Technologies","1 Harmon Plz","Secaucus","NJ","07094","Hudson","","2018657600","2018656080","Stefan Touboul","CEO","Mal","5328000","16","481304","Telephone Co","3","0","1"
"145174","Redwood Analytics","SteinbergJ@redwoodanalytics.com","304 Harper Dr # 200","8562319345","8562318989","628205","Financial Planning Consultants","NULL"," Email <---> Revenue ","540365","Redwood Analytics","304 Harper Dr # 200","Moorestown","NJ","08057","Burlington","www.redwoodanalytics.com","8562318989","8562319345","Jeffrey Steinberg","CEO","Mal","6440000","20","628205","Financial Pl","3","0","1"
"14439","MPS Communications & Elects","Steve.Budassi@njwireless.com","1420 S Broad St","6093942555","6093940001","506504","Radio Communication Equip & Systems-Whol","NULL"," Email <---> Revenue ","403429","MPS Communications & Elects","1420 S Broad St","Trenton","NJ","08610","Mercer","www.njwireless.com","6093940001","6093942555","Steve Budassi","Owner","Mal","5050000","5","506504","Radio Commun","3","0","1"
"188301","WOBM","steve@wobm.com","1015 Route 9","7322699292","7322690927","483201","Radio Stations & Broadcasting Companies","www.wobm.com"," Email <---> Revenue ","673670","WOBM","1015 Route 9","Bayville","NJ","08721","Ocean","www.wobm.com","7322690927","7322699292","Steve Ardolina","Manager","Mal","7040000","40","483201","Radio Statio","3","0","1"
"161096","ATS Rheo Systems","Steven@atsrheosystems.com","52 Georgetown Rd","6092982795","6097581750","504905","Scientific Apparatus & Instruments-Whol","NULL"," Email <---> Revenue ","16166","ATS Rheo Systems","52 Georgetown Rd","Bordentown","NJ","08505","Burlington","www.atsrheosystems.com","6097581750","6092982795","Steven Colo","Owner","Mal","6530000","10","504905","Scientific A","3","0","1"
"75488","Construction Equipment Svc","Stienhardt@tigerparts.com","22 Van Sickle Rd","9735791907","9735791906","508401","Drilling & Boring Equip & Supls (Whol)","NULL"," Email <---> Revenue ","156604","Construction Equipment Svc","22 Van Sickle Rd","Lafayette","NJ","07848","Sussex","","9735791906","9735791907","Mike Stienhardt","Owner","Mal","7072000","13","508401","Drilling & B","3","0","1"
"137362","Distribution Management Group","sumari@geocities.com","207 Meadow Rd","7328199386","7328199843","422505","Warehouses-Merchandise & Self Storage","NULL"," Email <---> Revenue ","193042","Distribution Management Group","207 Meadow Rd","Edison","NJ","08817","Middlesex","www.fbigroup.com","7328199843","7328199386","Frank Molsetta","President","Mal","6300000","50","422505","Warehouses-M","3","0","1"
"103724","County Line Sunoco","sunocohomecomfort@sunocoinc.com","2 N County Line Rd","4198258517","7323675020","554101","Service Stations-Gasoline & Oil","www.sunocoinc.com"," Email <---> Revenue ","162315","County Line Sunoco","2 N County Line Rd","Jackson","NJ","08527","Ocean","www.sunocoinc.com","7323675020","","George Wingler","Manager","Mal","8352000","18","554101","Service Stat","3","0","1"
"173711","Coyne Chemical Co Inc","tcoyne@coynechemical.com","56 Canal St","9732797925","9732796445","516916","Chemicals (Wholesale)","NULL"," Email <---> Revenue ","163149","Coyne Chemical Co Inc","56 Canal St","Paterson","NJ","07503","Passaic","","9732796445","9732797925","Tom Coyne","Owner","Mal","6006000","6","516916","Chemicals (W","3","0","1"
"99912","Academy","Tedesco-Mark@academy.com","57 County Ave","2018665386","2018661500","413101","Bus Lines","NULL"," Email <---> Revenue ","19086","Academy","57 County Ave","Secaucus","NJ","07094","Hudson","www.academybus.com","2018661500","2018660369","Mark Tedesco","Owner","Mal","7320000","60","413101","Bus Lines","3","0","1"
"171778","Zt Group","tom@ztgroup.com","210 Meadowlands Pkwy","2015591000","2015591000","504503","Computers-Wholesale","www.ztgroup.com"," Email <---> Revenue ","699350","Zt Group","210 Meadowlands Pkwy","Rutherford","NJ","07070","Bergen","www.ztgroup.com","2015591000","","","","","5382000","6","504503","Computers-Wh","3","0","1"
"122815","Drew & Rogers Inc","trogers@drew-rogers.com","30 Plymouth St","9735757180","9735756210","275202","Printers","NULL"," Email <---> Revenue ","200313","Drew & Rogers Inc","30 Plymouth St","Fairfield","NJ","07004","Essex","www.drew-rogers.com","9735756210","9735757180","Thomas Rogers","Owner","Mal","6210000","30","275202","Printers","3","0","1"
"153057","Visiting Health Svc-New Jersey","vhsofnj@optonline.net","783 Riverview Dr # 2","9732566757","9732564636","808201","Home Health Service","www.vhsofnj.com"," Email <---> Revenue ","670985","Visiting Health Svc-New Jersey","783 Riverview Dr # 2","Totowa","NJ","07512","Passaic","www.vhsofnj.com","9732564636","9732566757","Anthony Lombardo","Executive Director","Mal","9653000","197","808201","Home Health ","3","0","1"
"147706","Allied Building Products Corp","webadmin@alliedbuilding.com","41 Canal St","2487450734","7323561500","521114","Roofing Materials","www.alliedbuilding.com"," Email <---> Revenue ","37247","Allied Building Products Corp","41 Canal St","S Bound Brook","NJ","08880","Somerset","www.alliedbuilding.com","7323561500","7323568201","Matt Butler","Manager","Mal","7740000","30","521114","Roofing Mate","3","0","1"
"186085","Clough Harbour & Assoc LLP","webadmin@cha-llp.com","2001 Us Highway 46 # 107","7168470123","9732991100","871111","Engineers-Consulting","www.cha-llp.com"," Email <---> Revenue ","146697","Clough Harbour & Assoc LLP","2001 Us Highway 46 # 107","Parsippany","NJ","07054","Morris","www.cloughharbour.com","9732991100","9732991123","Paul Van Gelder","Partner","Mal","5175000","25","871111","Engineers-Co","3","0","1"
"18433","Greif Brothers Corp","william.mordecai@greif.com","192 Summerhill Rd","7322513100","7322517636","341201","Barrels & Drums (Manufacturers)","www.greif.com"," Email <---> Revenue ","280779","Greif Bros Corp","192 Summerhill Rd","Spotswood","NJ","08884","Middlesex","www.greif.com","7322513100","7322517636","Lloyd Wallace","Manager","Mal","7860000","30","341201","Barrels & Dr","3","0","1"
"111005","Epicore Networks USA Inc","wlong@gbsias.com","4 Lina Ln","6092679336","6092679118","516916","Chemicals (Wholesale)","NULL"," Email <---> Revenue ","222905","Epicore Networks USA Inc","4 Lina Ln","Mt Holly","NJ","08060","Burlington","www.epicorebionet.com","6092679118","6092679336","Bill Long","CEO","Mal","7007000","7","516916","Chemicals (W","3","0","1"
"179609","Callan Associates","wofford@callan.com","163 Madison Ave # 6","3123461356","9739939595","628205","Financial Planning Consultants","www.callan.com"," Email <---> Revenue ","116377","Callan Associates","163 Madison Ave # 6","Morristown","NJ","07960","Morris","www.callan.com","9739939595","9739939044","Mark Kline","Sr VP","Mal","7470000","18","628205","Financial Pl","3","0","1"
"123306","Mct Dairies","Wolf@mctdairies.com","111 Dunnell Rd","9733788887","9732589600","514301","Cheese-Wholesale","NULL"," Email <---> Revenue ","423652","Mct Dairies","111 Dunnell Rd","Maplewood","NJ","07040","Essex","","9732589600","9733788887","","","","7680000","8","514301","Cheese-Whole","3","0","1"
