mail id,company,email,address,phone,fax,sic,sic description,web,,revenue id,company,address,city,state,zip,	metro,web,phone,fax,contact,position,gender,sales,# of employee,sic,sic_descrpiton,	,,
"158642","Troy Corp","powderadditives@troycorp.com","8 Vreeland Rd","9734430257","9734434200","516945","Paint-Manufacturing Materials (Whol)","www.troycorp.com"," Email <---> Revenue ","649273","Troy Corp","8 Vreeland Rd","Florham Park","NJ","07932","Morris","www.troycorp.com","9734434200","9734430257","Daryl D Smith","President","Mal","50000000","100","516945","Paint-Manufa","6","0","1"
"35239","Matthew Bender & Co","robert.peterson@lexisnexis.com","744 Broad St # 7","9738202007","9738202000","273101","Publishers-Book","NULL"," Email <---> Revenue ","419627","Matthew Bender & Co","744 Broad St # 7","Newark","NJ","07102","Essex","www.lexisnexis.com","9738202000","9738202007","Lou Andreozzi","President","Mal","97800000","300","273101","Publishers-B","6","0","1"
"182784","ULTICOM Inc","training@ulticom.com","1020 Briggs Rd","8568662033","8567872700","366102","Telephone Equipment & Systems-Mfrs","www.ulticom.com"," Email <---> Revenue ","652875","ULTICOM Inc","1020 Briggs Rd","Mt Laurel","NJ","08054","Burlington","www.ulticom.com","8567872700","8568662033","Shawn K Osborne","CEO","Mal","63436000","325","366102","Telephone Eq","6","0","1"
"185379","Marpal Co Inc","balesb@repsrv.com","1861 Wayside Rd","7178455301","7325422348","495302","Garbage Collection","www.republicservices.com"," Email <---> Revenue ","415514","Marpal Co Inc","1861 Wayside Rd","Tinton Falls","NJ","07724","Monmouth","www.republicservices.com","7325422348","7325424402","Rich Maio","Manager","Mal","22785000","105","495302","Garbage Coll","4","0","1"
"114929","ARA Refreshment Svc","warner-doug@aramark.com","102 Mayfield Ave","2812922027","7323460500","507801","Water Coolers Fountains & Filters (Whol)","www.aramark.com"," Email <---> Revenue ","15622","ARA Refreshment Svc","102 Mayfield Ave","Edison","NJ","08837","Middlesex","","7323460500","7323460610","Ciro Deperi","Manager","Mal","13770000","27","507801","Water Cooler","4","0","1"
"185048","William H Sadlier Inc","bdingerjr@sadlier.com","812 Jersey Ave # 7","2016534493","2016537069","273101","Publishers-Book","www.sadlier.com"," Email <---> Revenue ","686605","William H Sadlier Inc","812 Jersey Ave # 7","Jersey City","NJ","07310","Hudson","www.sadlier.com","2016537069","2016534493","Charles Bunting","Executive Director","Mal","13140000","30","273101","Publishers-B","4","0","1"
"13635","Globtek Inc","akaplan@globtek.com","186 Veterans Dr","2017840111","2017841000","367906","Electronic Power Supplies-Manufacturers","NULL"," Email <---> Revenue ","272471","Globtek Inc","186 Veterans Dr","Northvale","NJ","07647","Bergen","www.globtek.com","2017841000","2017840111","Anna Kaplan","CEO","Fem","20000000","5","367906","Electronic P","4","0","1"
"187248","Panduit Corp","rohs@panduit.com","90 Main St # 204","9725180500","2014419512","506331","Electric Motors-Distributors","www.panduit.com"," Email <---> Revenue ","490023","Panduit Corp","90 Main St # 204","Hackensack","NJ","07601","Bergen","www.panduit.com","2014419512","2014419534","Tom Wallace","Manager","Mal","11445000","15","506331","Electric Mot","4","0","1"
"58851","Aloe Laboratories","AloeP@magicofaloe.com","7300 N Crescent Blvd # 22","8566657037","8566624828","512204","Cosmetics-Wholesale","NULL"," Email <---> Revenue ","38751","Aloe Laboratories","7300 N Crescent Blvd # 22","Pennsauken","NJ","08110","Camden","www.magicofaloe.com","8566624828","8566657037","Paul Aloe","Owner","Mal","8358000","6","512204","Cosmetics-Wh","3","0","1"
"183635","National Rack Co","swrack@associatedrack.com","179 Madison St","7725672262","9736840827","508415","Plating Equipment & Supplies (Wholesale)","www.associatedrack.com"," Email <---> Revenue ","456663","National Rack Co","179 Madison St","Paterson","NJ","07501","Passaic","www.associatedrack.com","9736840827","9736841624","Tom Mc Conville","Manager","Mal","5984000","11","508415","Plating Equi","3","0","1"
