mail id,company,email,address,phone,fax,sic,sic description,web,,revenue id,company,address,city,state,zip,	metro,web,phone,fax,contact,position,gender,sales,# of employee,sic,sic_descrpiton,	,,
"186040","URS Corp","surface_transportation@urscorp.com","4 N Park Dr # 300","7028371600","4107857220","871111","Engineers-Consulting","www.urscorp.com"," Email <---> Revenue ","229991","URS Corp","4 N Park Dr # 300","Cockysvl Hnt Vly","MD","21030","Baltimore","www.urscorp.com","4107857220","4107856818","Edward Trojan","Manager","Mal","41080000","260","871111","Engineers-Co","5","0","1"
"121887","Ward","steve@rockvilleconcrete.com","14901 Southlawn Ln","3017623988","null","177105","Concrete Contractors","ROCKVILLECONCRETE.COM"," Email <---> Revenue ","196502","Rockville Fuel & Seed Co","14901 Southlawn Ln","Rockville","MD","20850","Montgomery","","3017623988","3013093894","James Ward","Owner","Mal","25800000","100","521128","Concrete-Rea","5","0","1"
"207038","Port City Press Inc","rrhelp@cadmus.com","1323 Greenwood Rd","4108220438","4104863000","273298","Printers-Books","www.cadmus.com"," Email <---> Revenue ","182273","Port City Press Inc","1323 Greenwood Rd","Pikesville","MD","21208","Baltimore","www.cadmus.com","4104863000","4104860706","Ted Winslow","VP","Mal","26460000","180","273298","Printers-Boo","5","0","1"
"46460","Miller & Long Co Inc","nicholaspaleologoss@millerandlong.com","4824 Rugby Ave","3016578610","3016578000","177105","Concrete Contractors","NULL"," Email <---> Revenue ","158546","Miller & Long Co Inc","4824 Rugby Ave","Bethesda","MD","20814","Montgomery","www.millerandlong.com","3016578000","3016578610","Nicholas Paleologos","President","Mal","37900000","50","177105","Concrete Con","5","0","1"
"194927","Environmental Elements","lrychlak@eec1.com","3700 Koppers Street","4103687000","4103686896","873111","Environmental & Ecological Services","null"," Email <---> Revenue ","85345","Environmental Elements Corp","3700 Koppers St","Baltimore","MD","21227","Baltimore","","4103687000","4103686896","Donald R Hug","President","Mal","27496000","105","171116","Air Pollutio","5","0","1"
"119947","Mabey Bridge & Shore Inc","kristienichols@mabey.com","6748 Dorsey Rd","4078568311","4103792800","162203","Bridge Builders","www.mabey.com"," Email <---> Revenue ","146383","Mabey Bridge & Shore Inc","6748 Dorsey Rd","Elkridge","MD","21075","Howard","www.mabey.com","4103792800","4103792801","E N Fields","CEO","","26100000","100","162203","Bridge Build","5","0","1"
"80372","Lorch Microwave","kmiciotto@lorch.com","1725 N Salisbury Blvd","4108601949","4108605100","367901","Electronic Equipment & Supplies-Mfrs","www.lorch.com"," Email <---> Revenue ","143603","Lorch Microwave","1725 N Salisbury Blvd","Salisbury","MD","21801","Wicomico","www.lorch.com","4108605100","4108601949","Kevin Burnstein","CEO","Mal","33600000","150","367901","Electronic E","5","0","1"
"193496","D Myers & Sons Inc","kcellini@dmyers.com","4311 Erdman Ave","4105227575","4105227500","513902","Shoes-Wholesale","www.dmyers.com"," Email <---> Revenue ","68697","D Myers & Sons Inc","4311 Erdman Ave","Baltimore","MD","21213","Baltimore City","www.dmyers.com","4105227500","4105227575","Jim Ries","President","Mal","47040000","35","513902","Shoes-Wholes","5","0","1"
"198507","Glocom Inc","gzachmann@glocom-us.com","20010 Century Blvd # 300","3019169438","3019162100","366302","Communication Equipment-Manufacturers","www.glocom-us.com"," Email <---> Revenue ","102081","Glocom Inc","20010 Century Blvd # 300","Germantown","MD","20874","Montgomery","www.glocom-us.com","3019162100","3019169438","","","","26080000","80","366302","Communicatio","5","0","1"
"203421","E G & G Technical Svc Inc","facilities@urscorp.com","200 Orchard Ridge Dr # 100","5048318860","3012586554","871111","Engineers-Consulting","www.urscorp.com"," Email <---> Revenue ","79527","E G & G Technical Svc Inc","200 Orchard Ridge Dr # 100","Gaithersburg","MD","20878","Montgomery","www.urscorp.com","3012586554","3017212202","George R Melton","CEO","Mal","34760000","220","871111","Engineers-Co","5","0","1"
"155982","Computer Sciences Corp","cginfo@csc.com","15245 Shady Grove Rd # 200","7195965812","3019213000","871111","Engineers-Consulting","www.csc.com"," Email <---> Revenue ","62316","Computer Sciences Corp","15245 Shady Grove Rd # 200","Rockville","MD","20850","Montgomery","www.csc.com","3019213000","3019210985","","","","31600000","200","871111","Engineers-Co","5","0","1"
"157809","Smith's Detection","BobJudd@smithsdetection.com","2202 Lakeside Blvd","4105109495","4105109100","382998","Measuring/Controlling Devices Nec (Mfrs)","NULL"," Email <---> Revenue ","209205","Smith's Detection","2202 Lakeside Blvd","Edgewood","MD","21040","Harford","www.smithsdetection.com","4105109100","4105109495","Bob Judd","President","Mal","36300000","160","382998","Measuring/Co","5","0","1"
