mail id,company,email,address,phone,fax,sic,sic description,web,,revenue id,company,address,city,state,zip,	metro,web,phone,fax,contact,position,gender,sales,# of employee,sic,sic_descrpiton,	,,
"134765","Matrics Technology Systems","89455@wcbs.dayport.com","8850 Stanford Blvd # 3000","2014880705","4108720300","506504","Radio Communication Equip & Systems-Whol","www.symbol.com"," Email <---> Revenue ","152294","Matrics Technology Systems","8850 Stanford Blvd # 3000","Columbia","MD","21045","Howard","www.matrics.com","4108720300","4108720700","Piyush Sodha","Owner","Mal","14140000","14","506504","Radio Commun","4","0","1"
"154502","Com Tel","Abrams-David@comtelhi.com","7803 Stratford Rd","3016578798","3016572810","506563","Telecommunication Equip/Syst-Whol/Mfrs","NULL"," Email <---> Revenue ","61060","Com Tel","7803 Stratford Rd","Bethesda","MD","20814","Montgomery","","3016572810","3016578798","David Abrams","Owner","Mal","10100000","10","506563","Telecommunic","4","0","1"
"146828","Murray & Heister Inc","accounting2@mhprint.com","10101 Bacon Dr","3019375980","3019373614","519917","Advertising-Specialties (Wholesale)","www.mhprint.com"," Email <---> Revenue ","162916","Murray & Heister Inc","10101 Bacon Dr","Beltsville","MD","20705","Prince Georges","www.mhprint.com","3019375980","3019373614","Michael Boyle","President","Mal","17950000","25","519917","Advertising-","4","0","1"
"123847","HVAC Concepts Inc","achoudhury@hvacc.net","16761 Oakmont Ave","3016706379","3016700044","521136","Energy Conservation Prods-Retail","NULL"," Email <---> Revenue ","107027","HVAC Concepts Inc","16761 Oakmont Ave","Gaithersburg","MD","20877","Montgomery","www.hvacc.net","3016700044","3016706379","Kevin Perdue","Owner","Mal","15480000","60","521136","Energy Conse","4","0","1"
"120616","Aftel LLC","Albert.Ngwana@cbtek.net","4336 Montgomery Ave","NULL","3012157390","679901","International Trade Services","NULL"," Email <---> Revenue ","15074","Aftel LLC","4336 Montgomery Ave","Bethesda","MD","20814","Montgomery","","3012157390","","Albert Ngawa","Owner","Mal","15575000","25","679901","Internationa","4","0","1"
"179367","Bond Transfer Co","allen.clark@bondco.com","5501 Belle Grove Rd","4109516019","4108379878","421310","Express & Transfer Svc","www.bondco.com"," Email <---> Revenue ","39051","Bond Transfer Co","5501 Belle Grove Rd","Baltimore","MD","21225","Baltimore City","www.bondco.com","4108379878","4109516019","Douglas Constantine","Owner","Mal","10100000","200","421310","Express & Tr","4","0","1"
"79825","Triangle Sign & Svc","Altshuler@trianglesign.com","11 Azar Ct","4102471944","4102475300","399302","Signs (Manufacturers)","NULL"," Email <---> Revenue ","228140","Triangle Sign & Svc","11 Azar Ct","Halethorpe","MD","21227","Baltimore","www.trianglesign.com","4102475300","4102471944","Robert Altshuler","Owner","Mal","12400000","100","399302","Signs (Manuf","4","0","1"
"174899","Walnut Springs Nursery","Al_Smith@walnutsprings.com","14812 Burntwoods Rd","4104421874","4104422299","526108","Nurserymen","NULL"," Email <---> Revenue ","237123","Walnut Springs Nursery","14812 Burntwoods Rd","Glenwood","MD","21738","Howard","","4104422299","4104421874","Al Smith","Owner","Mal","13500000","100","526108","Nurserymen","4","0","1"
"30483","Kitchen Saver","Andrew@kitchensaver.com","10315 S Dolfield Rd # A","4103564855","4103638283","152105","Home Improvements","NULL"," Email <---> Revenue ","135028","Kitchen Saver","10315 S Dolfield Rd # A","Owings Mills","MD","21117","Baltimore","","4103638283","4103564855","Andrew Snyder","Owner","Mal","23600000","100","152105","Home Improve","4","0","1"
"103175","Appleby Systems Inc","appleby@teatreemarketing.com","1585 Sulphur Spring Rd # 114","4102425970","4102425970","521107","Windows","www.applebysystems.com"," Email <---> Revenue ","23433","Appleby Systems Inc","1585 Sulphur Spring Rd # 114","Baltimore","MD","21227","Baltimore","www.applebysystems.com","4102425970","","Mark Curry","Owner","Mal","12900000","50","521107","Windows","4","0","1"
"165420","UNITED Book Press Inc","asandler@unitedbookpress.com","1807 Whitehead Rd","4109444049","4109444044","275202","Printers","www.unitedbookpress.com"," Email <---> Revenue ","229930","UNITED Book Press Inc","1807 Whitehead Rd","Baltimore","MD","21207","Baltimore","www.unitedbookpress.com","4109444044","4109444049","George Dilli","Owner","Mal","19000000","125","275202","Printers","4","0","1"
"112632","Imprint Inc","ask@imprintonline.com","606 Bosley Ave","4104949123","4104948200","519917","Advertising-Specialties (Wholesale)","www.imprintonline.com"," Email <---> Revenue ","118073","Imprint Inc","606 Bosley Ave","Baltimore","MD","21204","Baltimore","www.imprintonline.com","4104948200","4104949123","Sheila Bertoldi","Owner","Fem","14360000","20","519917","Advertising-","4","0","1"
"119216","Bernan Associates","aweber@bernan.com","4611 Assembly Dr # F","3014590056","301-459-2255","2731","Books: Publishing","or Publishing and Printing (except music books and Internet book publishing)"," Email <---> Revenue ","1109","Bernan Associates","4611 Assembly Dr # F","Lanham","MD","20706","Prince Georges","www.statisticalabstract.com","3014597666","3014590056","","","","23798000","73","273101","Publishers-B","4","0","1"
"107566","International Software Systems","B-Ganti@issi-software.com","7701 Greenbelt Rd # 201","3019820500","3019829700","504507","Data Processing Equipment (Wholesale)","NULL"," Email <---> Revenue ","120156","International Software Systems","7701 Greenbelt Rd # 201","Greenbelt","MD","20770","Prince Georges","","3019829700","3019820500","Bhaskar Ganti","Owner","Mal","17940000","20","504507","Data Process","4","0","1"
"124141","Ernest Maier Block","B-Quinn@emcoblock.com","4700 Annapolis Rd","3017798924","3019278300","327101","Concrete-Block & Brick (Manufacturers)","NULL"," Email <---> Revenue ","85874","Ernest Maier Block","4700 Annapolis Rd","Bladensburg","MD","20710","Prince Georges","www.emcoblock.com","3019278300","3017798924","Brendan Quinn","Owner","Mal","10250000","50","327101","Concrete-Blo","4","0","1"
"313","Harrington Industrial Plastics","BaconBob@harringtonplastics.com","6675 Santa Barbara Rd # 2","4103816350","4103810800","508513","Valves-Wholesale","NULL"," Email <---> Revenue ","109555","Harrington Industrial Plastics","6675 Santa Barbara Rd # 2","Elkridge","MD","21075","Howard","www.harringtonplastics.com","4103810800","4103816350","Bob Bacon","Owner","Mal","11400000","20","508513","Valves-Whole","4","0","1"
"52489","Bayco Inc","bayco@shore.intercom.net","29448 Dover Rd","4108227744","4108227722","505114","Nails & Tacks (Wholesale)","www.baycoinc.com"," Email <---> Revenue ","32962","Bayco Inc","29448 Dover Rd","Easton","MD","21601","Talbot","www.baycoinc.com","4108227722","4108227744","Kim Kaestner","President","Fem","10470000","10","505114","Nails & Tack","4","0","1"
"110325","Musa Inc","beckholf@pompeian.com","PO Box 8863","4102763764","4102766900","208401","Wineries","NULL"," Email <---> Revenue ","162994","Musa Inc","4201 Pulaski Hwy","Baltimore","MD","21224","Baltimore City","www.pompeian.com","4102766900","4102763764","Frank Patton","President","Mal","22200000","50","208401","Wineries","4","0","1"
"198397","Marketing & Research Resources","Bershel@m-rr.com","1303a E Patrick St","3016945171","3016942800","873204","Market Research & Analysis","NULL"," Email <---> Revenue ","149293","Marketing & Research Resources","1303a E Patrick St","Frederick","MD","21701","Frederick","www.m-rr.com","3016942800","3016945171","David Bershel","Owner","Mal","15450000","150","873204","Market Resea","4","0","1"
"194754","Best Battery Co Inc","bestbattery@worldnet.att.net","4015 Fleet St","4103271645","4103428060","506325","Batteries-Storage-Wholesale","www.thebestbattery.com"," Email <---> Revenue ","35517","Best Battery Co Inc","4015 Fleet St","Baltimore","MD","21224","Baltimore City","www.thebestbattery.com","4103428060","4103271645","Roland Best","Owner","Mal","18424000","28","506325","Batteries-St","4","0","1"
"21384","Adt Federal Systems","BillBurgess@manorcommunity.com","12053 Tech Rd","3016226902","3016226900","506304","Security Control Equip & Systems-Whol","NULL"," Email <---> Revenue ","13882","Adt Federal Systems","12053 Tech Rd","Silver Spring","MD","20904","Montgomery","www.manorcommunity.com","3016226900","3016226902","Bill Burgess","Owner","Mal","24346000","37","506304","Security Con","4","0","1"
"26511","Data Control Systems","Blackmon_Phillip@datacontsys.com","213 Perry Pkwy","3015903325","3015903344","874213","Marketing Programs & Services","NULL"," Email <---> Revenue ","70388","Data Control Systems","213 Perry Pkwy","Gaithersburg","MD","20877","Montgomery","","3015903344","3015903325","Phillip Blackmon","President","Mal","17000000","100","874213","Marketing Pr","4","0","1"
"193705","SRH FOOD BROKERAGE","bob.hartpence@sourceonefood.com","9691 GERWIG LANE J","4102905800","null","5411","Food products","sourceonefood.com"," Email <---> Revenue ","210461","Source One","9691 Gerwig Ln # J","Columbia","MD","21046","Howard","www.sourceonefood.com","4102905800","4102905801","Robert Hartpence","Owner","Mal","14781000","13","514102","Food Brokers","4","0","1"
"110107","Expedited Services; Inc","bobmorningstar@sprintmail.com","300 W Franklin St","3017396107","null","8999","Services NEC","EXPEDITEDSERVICESINC.COM^^I-ESI.COM"," Email <---> Revenue ","87282","Expedited Services Inc","300 W Franklin St","Hagerstown","MD","21740","Washington","www.i-esi.com","3017396107","3017396512","Dan J Spreng","Owner","Mal","11325000","75","421309","Trucking-Mot","4","0","1"
"168407","ROW Clothing Enterprises","BR@rowclothing.com","PO Box 7020","4105235426","4105235340","593205","Clothing-Used","NULL"," Email <---> Revenue ","188841","ROW Clothing Enterprises","2523 Gwynns Falls Pkwy","Baltimore","MD","21216","Baltimore City","","4105235340","4105235426","Reuven Bloch","CEO","Mal","12000000","200","593205","Clothing-Use","4","0","1"
"186423","Zentech Manufacturing","Brad_Lapray@zentechman.com","6980 Tudsbury Rd","4433484505","4105617500","367901","Electronic Equipment & Supplies-Mfrs","NULL"," Email <---> Revenue ","245496","Zentech Manufacturing","6980 Tudsbury Rd","Baltimore","MD","21244","Baltimore","www.zentechman.com","4105617500","4433484505","Brad Lapray","President","Mal","13440000","60","367901","Electronic E","4","0","1"
"45753","Tenn Pro Tec Systems","btenn@tennsecurity.com","11910 Parklawn Dr # T","3018815242","3018810420","506304","Security Control Equip & Systems-Whol","NULL"," Email <---> Revenue ","222898","Tenn Pro Tec Systems","11910 Parklawn Dr # T","Rockville","MD","20852","Montgomery","","3018810420","3018815242","Bernard Tenn","Owner","Mal","18424000","28","506304","Security Con","4","0","1"
"20531","H & C Heating & Cooling Contrs","B_Harvey@heatingandcoolinginc.com","9010 Maier Rd # 123","3017257491","3019532113","507510","Heating Equipment & Systems (Wholesale)","NULL"," Email <---> Revenue ","3172","H & C Heating & Cooling Contrs","9010 Maier Rd # 123","Laurel","MD","20723","Howard","www.heatingandcoolinginc.com","3019532113","3017257491","Brian Harvey","Owner","Mal","12750000","25","507510","Heating Equi","4","0","1"
"87994","Braden Sutphin Ink","Cal@bsink.com","8600 Larkin Rd","NULL","4107920995","289302","Printing Ink (Manufacturers)","NULL"," Email <---> Revenue ","40071","Braden Sutphin Ink","8600 Larkin Rd","Savage","MD","20763","Howard","","4107920995","","Cal Sutphin","President","Mal","10350000","25","289302","Printing Ink","4","0","1"
"139151","Atlantic Corporate Interiors","Carol.Bruns@aciinc.com","4600 Powder Mill Rd # 300","3019313601","3019313600","502112","Office Furniture & Equip-Dealers (Whol)","NULL"," Email <---> Revenue ","26380","Atlantic Corporate Interiors","4600 Powder Mill Rd # 300","Beltsville","MD","20705","Prince Georges","www.aciinc.com","3019313600","3019313601","Carol Bruns","Owner","Fem","14275000","25","502112","Office Furni","4","0","1"
"80120","Service Master Of Baltimore","Caroline@servicemasterofbaltimore.com","23 Fontana Ln","4107804215","4107801700","152114","Fire Damage Restoration","NULL"," Email <---> Revenue ","204676","Service Master Of Baltimore","23 Fontana Ln","Baltimore","MD","21237","Baltimore","","4107801700","4107804215","Caroline Bostwick","Owner","Fem","11800000","50","152114","Fire Damage ","4","0","1"
"199654","Computer Applications Specs","CarsonS@comappspec.com","6201 Chevy Chase Dr","3017763444","3017763400","737401","Data Processing Service","NULL"," Email <---> Revenue ","1913","Computer Applications Specs","6201 Chevy Chase Dr","Laurel","MD","20707","Prince Georges","www.comappspec.com","3017763400","3017763444","Carson Soule","President","Mal","18360000","120","737401","Data Process","4","0","1"
"206636","Paidon Products","cc@paidonproducts.com","791 W Bel Air Ave","4105756442","4102726400","511101","Paper Products (Wholesale)","www.paidonproducts.com"," Email <---> Revenue ","174293","Paidon Products","791 W Bel Air Ave","Aberdeen","MD","21001","Harford","www.paidonproducts.com","4102726400","4105756442","Cecil Tapscott","Owner","Mal","16621000","11","511101","Paper Produc","4","0","1"
"64174","Ace Fire Extinguisher","CharlesCastle@acefire.com","5117 College Ave","3019274830","3019277300","509903","Fire Extinguishers (Wholesale)","NULL"," Email <---> Revenue ","12860","Ace Fire Extinguisher","5117 College Ave","College Park","MD","20740","Prince Georges","www.acefire.com","3019277300","3019274830","Charles Castle","Owner","Mal","18880000","20","509903","Fire Extingu","4","0","1"
"201908","Modern Foundations Inc","charly@modernfoundations.com","7860 Kabik Ct # A","4107958890","4107958877","177105","Concrete Contractors","www.modernfoundations.com"," Email <---> Revenue ","159719","Modern Foundations Inc","7860 Kabik Ct # A","Woodbine","MD","21797","Carroll","www.modernfoundations.com","4107958877","4107958890","Bruce Neale","Owner","Mal","12900000","100","177105","Concrete Con","4","0","1"
"8795","Eagan Mc Allister Assoc Inc","christina_broom@emainc.com","PO Box 986","3018632173","3018632192","179977","Contractors","NULL"," Email <---> Revenue ","80167","Eagan Mc Allister Assoc Inc","47332 Eagan Mcallister Ln","Lexington Park","MD","20653","St Marys","www.ema.com","3018632192","3018632173","John Mc Allister","President","Mal","18352000","148","179977","Contractors","4","0","1"
"154040","ACECO","Citren@acecoworld.com","901 Stoddard Pl","3015882542","3015880707","179502","Demolition Contractors","NULL"," Email <---> Revenue ","10721","ACECO","901 Stoddard Pl","Silver Spring","MD","20910","Montgomery","","3015880707","3015882542","Michael Citren","President","Mal","16000000","100","179502","Demolition C","4","0","1"
"43513","Kanuck Construction","ClaudeM@kanuckconstruction.com","7543 Lindbergh Dr","3012588428","3012588425","174203","Dry Wall Contractors","NULL"," Email <---> Revenue ","131553","Kanuck Construction","7543 Lindbergh Dr","Gaithersburg","MD","20879","Montgomery","","3012588425","3012588428","Claude Morissette","Owner","Mal","15540000","140","174203","Dry Wall Con","4","0","1"
"186923","Nemphos","cnemphos@nwcpa.com","Yale Sportwear Corp  1500 Industrial Park Blvd","4107545500","4107545555","359915","Industrial Equipment & Supplies","yalewear.com"," Email <---> Revenue ","244572","Yale Sportswear Corp","1500 Industrial Park Rd","Federalsburg","MD","21632","Caroline","www.yalesports.com","4107545500","4107545555","Charlie Nemphos","President","Mal","10900000","100","233907","Clothing-Man","4","0","1"
"161983","Potomac Ridge Behavioral Hlth","Craig@potomacridge.com","14901 Broschart Rd","3014243841","3012514500","806301","Mental Health Services","NULL"," Email <---> Revenue ","182775","Potomac Ridge Behavioral Hlth","14901 Broschart Rd","Rockville","MD","20850","Montgomery","www.potomacridge.com","3012514500","3014243841","Craig Juengling","CEO","Mal","20250000","250","806301","Mental Healt","4","0","1"
"158721","Metompkin Bay Oyster Co","ctodd@shore.intercom.net","101 11th Street","4109683748","null","091301","OYSTERS","METOMPKIN.COM"," Email <---> Revenue ","155843","Metompkin Bay Oyster Co","101 N 11th St","Crisfield","MD","21817","Somerset","","4109680660","4109680670","Casey Todd","Owner","","20900000","100","209198","Canned & Cur","4","0","1"
"47676","Fire-X Sales & Service Corp","cwwfirex@intrepid.net","426 Marietta Street","3017141200","3017142166","861103","Sales Organizations","FIREXCORP.COM"," Email <---> Revenue ","91089","Fire-X Sales & Svc","1011 Mccauley Ct","Hagerstown","MD","21740","Washington","","3017141200","3017142166","Carroll Wollard","Owner","Mal","23600000","25","509903","Fire Extingu","4","0","1"
"122062","Winkler Pool Management","D.Winkler@winklerpool.com","4905 Edmonston Rd","3017790559","3018644900","509118","Swimming Pool Equipment & Supls (Whol)","NULL"," Email <---> Revenue ","242632","Winkler Pool Management","4905 Edmonston Rd","Hyattsville","MD","20781","Prince Georges","www.winklerpool.com","3018644900","3017790559","Douglas Winkler","Owner","Mal","12300000","20","509118","Swimming Poo","4","0","1"
"118306","Joss Cues","Danny@josscues.com","8749 Mylander Ln","NULL","4108210064","509101","Billiard Equipment & Supplies (Whol)","NULL"," Email <---> Revenue ","129500","Joss Cues","8749 Mylander Ln","Baltimore","MD","21286","Baltimore","","4108210064","","Danny Janes","President","Mal","14145000","23","509101","Billiard Equ","4","0","1"
"27876","FEDERATED Lighting","Dave@federatedlighting.com","16000 Trade Zone Ave # 406","3012491963","3012490800","509908","Manufacturers-Agents & Representatives","NULL"," Email <---> Revenue ","87988","FEDERATED Lighting","16000 Trade Zone Ave # 406","Upper Marlboro","MD","20774","Prince Georges","www.federatedlighting.com","3012490800","3012491963","Dave Nocar","Owner","Mal","23600000","25","509908","Manufacturer","4","0","1"
"159645","Cheasapeake Technology Group","Dave@prizminc.com","6655 Amberton Dr # R","4103795325","4103796656","509908","Manufacturers-Agents & Representatives","NULL"," Email <---> Revenue ","53501","Cheasapeake Technology Group","6655 Amberton Dr # R","Elkridge","MD","21075","Howard","www.prizminc.com","4103796656","4103795325","Dave Clifford","Owner","Mal","13216000","14","509908","Manufacturer","4","0","1"
"108369","Penske Truck Leasing","david.sumerfield@penske.com","1711 Wicomico St","4103324731","4107277020","751303","Truck Renting & Leasing","NULL"," Email <---> Revenue ","178034","Penske Truck Leasing","1711 Wicomico St","Baltimore","MD","21230","Baltimore City","","4107277020","4103324731","Jack Mitchells","President","Mal","14550000","50","751303","Truck Rentin","4","0","1"
"173458","Whitney Bailey Cox & Magnani","DavidM@wbcm.com","849 Fairmount Ave # 100","4103244100","4105124500","871137","Engineers-Structural","NULL"," Email <---> Revenue ","240798","Whitney Bailey Cox & Magnani","849 Fairmount Ave # 100","Baltimore","MD","21286","Baltimore","www.wbcm.com","4105124500","4103244100","David Mongan","President","Mal","23700000","150","871137","Engineers-St","4","0","1"
"63016","SHS North America","Defris_Mark@shsna.com","PO Box 117","3017952301","3017952300","283404","Drug Millers","NULL"," Email <---> Revenue ","200010","SHS North America","PO Box 117","Gaithersburg","MD","20884","Montgomery","","3017952300","3017952301","Mark Defris","President","Mal","23100000","30","283404","Drug Millers","4","0","1"
"153366","Progressive Beauty System","DennisClarke@nexxus.com","7611 Rickenbacker Dr # N","3019485618","3019487220","508702","Beauty Salons-Equipment & Supls (Whol)","NULL"," Email <---> Revenue ","185419","Progressive Beauty System","7611 Rickenbacker Dr # N","Gaithersburg","MD","20879","Montgomery","www.nexxus.com","3019487220","3019485618","Dennis Clarke","Owner","Mal","10380000","30","508702","Beauty Salon","4","0","1"
"119355","Chilltrol Heating & AC","Dick.Roeder@chilltrol.com","7767 Old Telegraph Rd # 1","4109692826","4107307070","171117","Air Conditioning Contractors & Systems","NULL"," Email <---> Revenue ","55764","Chilltrol Heating & AC","7767 Old Telegraph Rd # 1","Severn","MD","21144","Anne Arundel","www.chilltrol.com","4107307070","4109692826","Dick Roeder","Owner","Mal","14600000","100","171117","Air Conditio","4","0","1"
"162690","Baby Depot Burlington Coat","dmca@burlingtoncoatfactory.com","1955 E Joppa Rd","3103709090","4106651390","571202","Furniture-Childrens","www.burlingtoncoatfactory.com"," Email <---> Revenue ","29456","Baby Depot Burlington Coat","1955 E Joppa Rd","Parkville","MD","21234","Baltimore","www.burlingtoncoatfactory.com","4106651390","","Julie Coscicola","Manager","Fem","12600000","63","571202","Furniture-Ch","4","0","1"
"159588","ABC Burglar Alarm Systems","Don-Webber@abcburgalarm.com","1532 Pointer Ridge Pl # A","3012499686","3012499200","506324","Burglar Alarm Systems (Wholesale)","NULL"," Email <---> Revenue ","10538","ABC Burglar Alarm Systems","1532 Pointer Ridge Pl # A","Bowie","MD","20716","Prince Georges","","3012499200","3012499686","Don Webber","Owner","Mal","13160000","20","506324","Burglar Alar","4","0","1"
"181962","EEC","DowneyA@eecinc.com","3303 Hubbard Rd","3013411009","3013338488","508477","Asbestos Removal Supplies & Equip (Whol)","NULL"," Email <---> Revenue ","2419","EEC","3303 Hubbard Rd","Landover","MD","20785","Prince Georges","www.eecinc.com","3013338488","3013411009","Andre Downey","Owner","Mal","15232000","28","508477","Asbestos Rem","4","0","1"
"71543","Frederick Brewing Co","DPurcell@fredbrew.com","4607 Wedgewood Blvd","3016942971","3016947899","208201","Brewers","NULL"," Email <---> Revenue ","95167","Frederick Brewing Co","4607 Wedgewood Blvd","Frederick","MD","21703","Frederick","","3016947899","3016942971","C David Snyder","CEO","Mal","13860000","20","208201","Brewers","4","0","1"
"177955","Material Handling Systems Inc","druark@mhs-usa.com","8715 Bollman Pl","3015752255","3015752200","508410","Conveyors & Conveying Equipment (Whol)","www.mhs-usa.com"," Email <---> Revenue ","152222","Material Handling Systems Inc","8715 Bollman Pl","Savage","MD","20763","Howard","www.mhs-usa.com","3015752200","3015752255","Robert Risley","Owner","Mal","21760000","40","508410","Conveyors & ","4","0","1"
"185052","Tritronics Inc","dstansbury@tritronicsinc.com","1306 Continental Dr","4106767658","4106767300","573102","Television & Radio Supplies & Parts-Rtl","www.tritronicsinc.com"," Email <---> Revenue ","228515","Tritronics Inc","1306 Continental Dr","Abingdon","MD","21009","Harford","www.tritronicsinc.com","4106767300","4106767658","Randy Williams","Manager","Mal","15730000","65","573102","Television &","4","0","1"
"160355","Indusco Wire Rope & Rigging","Dufrene@induscogroup.com","1200 W Hamburg St","4107272538","4107270665","505105","Wire Rope (Wholesale)","NULL"," Email <---> Revenue ","118450","Indusco Wire Rope & Rigging","1200 W Hamburg St","Baltimore","MD","21230","Baltimore City","www.induscogroup.com","4107270665","4107272538","Otis Dufrene","President","Mal","16000000","100","505105","Wire Rope (W","4","0","1"
"183208","C F Equipment","Dwight-Hicks@cfeequipment.com","140 Alco Pl","4102422060","4102422021","508457","Trucks-Industrial (Wholesale)","NULL"," Email <---> Revenue ","44424","C F Equipment","140 Alco Pl","Baltimore","MD","21227","Baltimore","www.cfeequipment.com","4102422021","4102422060","Dwight Hicks","President","Mal","13600000","25","508457","Trucks-Indus","4","0","1"
"154386","PFG-Carroll County Foods","Dwight_Gorsuch@ccfoods.com","1333 Avondale Rd","4108768641","4107757800","514102","Food Brokers","NULL"," Email <---> Revenue ","173876","PFG-Carroll County Foods","1333 Avondale Rd","New Windsor","MD","21776","Carroll","www.ccfoods.com","4107757800","4108768641","Dwight Gorsuch","President","Mal","22400000","120","514102","Food Brokers","4","0","1"
"130501","Home Call Inc","dwilmsen@homecallinc.com","1080 W Patrick St # 1043","3016443090","3016443086","808201","Home Health Service","NULL"," Email <---> Revenue ","114171","Home Call Inc","1080 W Patrick St # 1043","Frederick","MD","21703","Frederick","","3016443086","3016443090","Gretchen Curran Murdza","CEO","Fem","15984000","800","808201","Home Health ","4","0","1"
"50943","County First Bank","Earl@countyfirstbank.com","PO Box 2752","3019342237","3019342265","602201","State Commercial Banks","NULL"," Email <---> Revenue ","2004","County First Bank","202 Centennial St","La Plata","MD","20646","Charles","www.countyfirstbank.com","3019342265","3019342237","Earl Gieseman","President","Mal","10784000","32","602201","State Commer","4","0","1"
"202989","Warehouse Creek Yacht Sales","ed@wcys.com","3028 Kent Narrow Way S","7575838242","4108275500","555104","Boat Dealers Sales & Service","www.wcys.com"," Email <---> Revenue ","237414","Warehouse Creek Yacht Sales","3028 Kent Narrow Way S","Grasonville","MD","21638","Queen Annes","www.wcys.com","4108275500","4108274402","Robert Marsh Iii","Owner","Mal","14940000","45","555104","Boat Dealers","4","0","1"
"134061","A & A","EdKovens@aacoinc.com","17 Stenerson Ln","4102527137","4102521020","596201","Vending Machines","NULL"," Email <---> Revenue ","8241","A & A","17 Stenerson Ln","Cockysvl Hnt Vly","MD","21030","Baltimore","www.aaparkway.com","4102521020","4102527137","Ed Kovens","Owner","Mal","14400000","120","596201","Vending Mach","4","0","1"
"160695","Ecs Technologies","edorsey@ecstech.com","1530 Caton Center Dr","NULL","4102422200","573117","Electronic Equipment & Supplies-Retail","NULL"," Email <---> Revenue ","81682","Ecs Technologies","1530 Caton Center Dr","Halethorpe","MD","21227","Baltimore","","4102422200","","Eileen Dorsey","Owner","Fem","23900000","55","573117","Electronic E","4","0","1"
"85336","Purdum & Jeschke","emiller@pjengr.com","8005 Harford Rd","4106688801","4106688800","871111","Engineers-Consulting","www.pjengr.com"," Email <---> Revenue ","186440","Purdum & Jeschke","8005 Harford Rd","Parkville","MD","21234","Baltimore","www.pjengr.com","4106688800","4106688801","","","","11060000","70","871111","Engineers-Co","4","0","1"
"205512","B & R Assoc","et@bandrassociates.com","7954 Cessna Ave","3014170889","3014177777","501309","Automobile Body Shop Equip/Supls (Whol)","NULL"," Email <---> Revenue ","28427","B & R Assoc","7954 Cessna Ave","Gaithersburg","MD","20879","Montgomery","","3014177777","3014170889","Elwood Twiford","Owner","Mal","12096000","27","501309","Automobile B","4","0","1"
"200403","Monumental Supply Co","ezimmerman@monumentalsupply.com","401 S Haven St","4106753220","4107329300","508503","Pipe Fittings (Wholesale)","NULL"," Email <---> Revenue ","160706","Monumental Supply Co","401 S Haven St","Baltimore","MD","21224","Baltimore City","www.monumentalsupply.com","4107329300","4106753220","Ed Zimmerman","President","Mal","15800000","50","508503","Pipe Fitting","4","0","1"
"126719","Erwin Distributing Co","ferwin@erwindistributingco.com","530 Monocacy Blvd","3016639488","3016620372","518101","Beer & Ale-Wholesale","NULL"," Email <---> Revenue ","85960","Erwin Distributing Co","530 Monocacy Blvd","Frederick","MD","21701","Frederick","www.erwindistributingco.com","3016620372","3016639488","Frank L Erwin","Owner","Mal","13272000","28","518101","Beer & Ale-W","4","0","1"
"151027","CAC Direct Marketing Svc","Fetcho@cacmail.com","99 Ray Rd","4107376771","4107376770","733105","Advertising-Direct Mail","NULL"," Email <---> Revenue ","44904","CAC Direct Marketing Svc","99 Ray Rd","Baltimore","MD","21227","Baltimore","www.cacmail.com","4107376770","4107376771","Mark Fetcho","President","Mal","13800000","100","733105","Advertising-","4","0","1"
"119044","Lifetime Pharmeceuticals","FloydT@ltpharma.com","387 Technology Dr","3014059187","3014396876","512203","Pharmaceutical Products-Wholesale","NULL"," Email <---> Revenue ","141267","Lifetime Pharmeceuticals","387 Technology Dr","College Park","MD","20742","Prince Georges","www.ltpharma.com","3014396876","3014059187","Floyd Taub","CEO","Mal","13930000","10","512203","Pharmaceutic","4","0","1"
"162084","Innovative Technology Intl","Frederick@itinitinol.com","10747 Tucker St # 3","3015955409","3019373688","505117","Alloys (Wholesale)","NULL"," Email <---> Revenue ","119028","Innovative Technology Intl","10747 Tucker St # 3","Beltsville","MD","20705","Prince Georges","www.itinitinol.com","3019373688","3015955409","Frederick Wang","Owner","Mal","17799000","17","505117","Alloys (Whol","4","0","1"
"162152","Saubels","G-S@saubelsmarket.com","2902 Whiteford Rd","4104528741","4104525969","541105","Grocers-Retail","NULL"," Email <---> Revenue ","202252","Saubels","2902 Whiteford Rd","Whiteford","MD","21160","Harford","www.saubelsmarket.com","4104525969","4104528741","Greg Saubel","Owner","Mal","15470000","85","541105","Grocers-Reta","4","0","1"
"83652","Aztec Imports","G.W@aztecimport.com","7480 Conowingo Ave # 77","4437559952","4437559950","543101","Fruits & Vegetables & Produce-Retail","NULL"," Email <---> Revenue ","28104","Aztec Imports","7480 Conowingo Ave # 77","Jessup","MD","20794","Howard","","4437559950","4437559952","Gary Ward","Owner","Mal","11130000","70","543101","Fruits & Veg","4","0","1"
"107288","Miles Glass Co Inc","gail.strippy@milesglass.com","8714 Piney Branch Rd","3014390824","3014395111","523110","Glass-Auto Plate & Window & Etc","NULL"," Email <---> Revenue ","158282","Miles Glass Co Inc","8714 Piney Branch Rd","Silver Spring","MD","20901","Montgomery","www.milesglassco.com","3014395111","3014390824","Gail Strippy","President","Fem","10050000","50","523110","Glass-Auto P","4","0","1"
"163101","United Book Press;","gcd@unitedbookpress.com","1807 Whitehead Road","4109444044","4109444049","5942","Bookstores","UNITEDBOOKPRESS.COM"," Email <---> Revenue ","229930","UNITED Book Press Inc","1807 Whitehead Rd","Baltimore","MD","21207","Baltimore","www.unitedbookpress.com","4109444044","4109444049","George Dilli","Owner","Mal","19000000","125","275202","Printers","4","0","1"
"199333","Clean Air Heating & Air Cond","GeraldB@cleanairhvac.com","1911 Portal St","4106330021","4106338350","171102","Heating Contractors","NULL"," Email <---> Revenue ","58715","Clean Air Heating & Air Cond","1911 Portal St","Baltimore","MD","21224","Baltimore City","www.cleanairhvac.com","4106338350","4106330021","Gerald Bondyra","President","Mal","14746000","101","171102","Heating Cont","4","0","1"
"104066","C M C Sheet Metal","Gerlach@cmcsheetmetal.com","1208 Marblewood Ave","3019259598","3019254040","171103","Sheet Metal Work Contractors","NULL"," Email <---> Revenue ","44613","C M C Sheet Metal","1208 Marblewood Ave","Capitol Heights","MD","20743","Prince Georges","www.cmcsheetmetal.com","3019254040","3019259598","David Gerlach","Owner","Mal","24090000","165","171103","Sheet Metal ","4","0","1"
"162943","Midasco Inc","gmcmanus@midascoinc.com","7121 Dorsey Run Rd","4105796794","4105796700","161102","Road Building Contractors","NULL"," Email <---> Revenue ","157707","Midasco Inc","7121 Dorsey Run Rd","Elkridge","MD","21075","Howard","www.midasco.com","4105796700","4105796794","Gina Mc Manus","Owner","Fem","11750000","50","161102","Road Buildin","4","0","1"
"56479","J.C. Parry and Sons Co.; Inc","goodwrap@toad.net","1920 Halethorpe Farms Rd","4105360400","4105360484","019101","FARMS","GOODWRAP.COM;GOODWRAPPERS.NET;GOODWRAPPERS.ORG"," Email <---> Revenue ","121767","J C Parry & Sons Co","1920 Halethorpe Farms Rd","Halethorpe","MD","21227","Baltimore","www.goodwrappers.com","4105360400","4105360484","Bea Parry","President","Fem","16219000","49","308102","Plastics-Fab","4","0","1"
"199539","Fidelity Engineering","Gould@fidelityengineering.com","25 Loveton Cir","4107719412","4107719400","358598","Air Conditioning/Htg/Refrig Equip (Mfrs)","NULL"," Email <---> Revenue ","90493","Fidelity Engineering","25 Loveton Cir","Sparks Glencoe","MD","21152","Baltimore","www.fidelityengineering.com","4107719400","4107719412","Thorne Gould","CEO","Mal","14000000","260","358598","Air Conditio","4","0","1"
"42944","Terrapin Recycling","Greg@terrapinrecycling.com","7600 Rolling Mill Rd","4102856662","4102856900","509312","Recycling Centers (Wholesale)","NULL"," Email <---> Revenue ","223059","Terrapin Recycling","7600 Rolling Mill Rd","Baltimore","MD","21224","Baltimore City","www.terrapinrecycling.com","4102856900","4102856662","Greg Rochlin","Owner","Mal","13170000","30","509312","Recycling Ce","4","0","1"
"200781","Delmarva Recycling Inc","gregory.stein@delmarvarecycling.com","909 Boundary St","4105439005","4105461111","509312","Recycling Centers (Wholesale)","NULL"," Email <---> Revenue ","72794","Delmarva Recycling Inc","909 Boundary St","Salisbury","MD","21801","Wicomico","www.delmarvarecycling.com","4105461111","4105439005","Gregory Stein","President","Mal","12292000","28","509312","Recycling Ce","4","0","1"
"146996","Thomas Somerville Co","harcaplan@tsomerville.com","1510 Tilco Dr","3016627666","3016629570","507406","Plumbing Fixtures & Supplies-Wholesale","www.tsomerville.com"," Email <---> Revenue ","224082","Thomas Somerville Co","1510 Tilco Dr","Frederick","MD","21704","Frederick","www.tsomerville.com","3016629570","3016627666","Mike Mc Closkey","Manager","Mal","10934000","22","507406","Plumbing Fix","4","0","1"
"111708","Dan-Mar Mfg Co","Heleng@danmarco.com","55 New Plant Ct","4103636896","4103636000","232501","Pants-Manufacturers","NULL"," Email <---> Revenue ","69728","Dan-Mar Mfg Co","55 New Plant Ct","Owings Mills","MD","21117","Baltimore","www.barrybricken.com","4103636000","4103636896","Robert Bricken","President","Mal","16300000","100","232501","Pants-Manufa","4","0","1"
"13654","Recorded Books","Henry@recordedbooks.com","270 Skipjack Rd","4105355499","3018551304","504905","Scientific Apparatus & Instruments-Whol","NULL"," Email <---> Revenue ","190947","Recorded Books","270 Skipjack Rd","Prince Frederick","MD","20678","Calvert","www.recordedbooks.com","3018551304","4105355499","Henry Trentman","Owner","Mal","21217000","49","504905","Scientific A","4","0","1"
"76390","Horizons Unlimited","Herman@internet-travel.net","9430 Key West Ave # 119","3013096947","3013401600","519917","Advertising-Specialties (Wholesale)","NULL"," Email <---> Revenue ","115246","Horizons Unlimited","9430 Key West Ave # 119","Rockville","MD","20850","Montgomery","","3013401600","3013096947","Herman Stopak","Owner","Mal","20104000","28","519917","Advertising-","4","0","1"
"151312","Nelco Corp","hnelson@nelco.com","10011 Washington Blvd N","NULL","3014906300","507809","Ice Cream Freezers (Wholesale)","NULL"," Email <---> Revenue ","5090","Nelco Corp","10011 Washington Blvd N","Laurel","MD","20723","Howard","","3014906300","","Howard Nelson","Owner","Mal","10200000","20","507809","Ice Cream Fr","4","0","1"
"200904","Hof Laundry Systems; Inc","hof@qis.net","null","3015951010","3015955821","8999","Services NEC","HOFLAUNDRY.COM"," Email <---> Revenue ","113448","Hof Service Co Inc","6640 Ammendale Rd","Beltsville","MD","20705","Prince Georges","www.hoflaundry.com","3015951010","3015955821","Stanley Bobb","Owner","Mal","20760000","60","508732","Washing Mach","4","0","1"
"100565","Grantsville Foodland","HughU@deepcreektimes.com","PO Box 610","3018955459","3018955153","541105","Grocers-Retail","NULL"," Email <---> Revenue ","103991","Grantsville Foodland","3249 Chestnut Ridge Rd","Grantsville","MD","21536","Garrett","","3018955153","3018955459","Hugh Umbel","Owner","Mal","10920000","60","541105","Grocers-Reta","4","0","1"
"30289","IMPRINT INC","imprint@erols.com","606 Bosley Ave","4104948200","null","275202","Printers","IMPRINTONLINE.COM"," Email <---> Revenue ","118073","Imprint Inc","606 Bosley Ave","Baltimore","MD","21204","Baltimore","www.imprintonline.com","4104948200","4104949123","Sheila Bertoldi","Owner","Fem","14360000","20","519917","Advertising-","4","0","1"
"176292","Genvec Inc","Imre.Kovesdi@genvec.com","65 W Watkins Mill Rd","2406320735","2406320740","283498","Pharmaceutical Preparation","NULL"," Email <---> Revenue ","99780","Genvec Inc","65 W Watkins Mill Rd","Gaithersburg","MD","20878","Montgomery","www.genvec.com","2406320740","2406320735","Paul H Fischer","CEO","Mal","11853000","111","283498","Pharmaceutic","4","0","1"
"153757","Geller Lighting Supply","IraG@gellerlighting.com","3720 Commerce Dr","4102478329","4102473636","506318","Light Bulbs & Tubes (Wholesale)","NULL"," Email <---> Revenue ","99202","Geller Lighting Supply","3720 Commerce Dr","Baltimore","MD","21227","Baltimore","","4102473636","4102478329","Ira Geller","President","Mal","13160000","20","506318","Light Bulbs ","4","0","1"
"189547","Kaufman Products Inc","Irvin.Kaufman@kaufmanproducts.net","3811 Curtis Ave","4103541122","4103548600","289198","Adhesives & Sealants (Manufacturers)","NULL"," Email <---> Revenue ","132093","Kaufman Products Inc","3811 Curtis Ave","Baltimore","MD","21226","Baltimore City","www.kaufmanproducts.net","4103548600","4103541122","Irvin Kaufman","Owner","Mal","10950000","25","289198","Adhesives & ","4","0","1"
"178286","Watkins Motor Lines","it-sc@watkins.com","8850 Corridor Rd","5614953988","3019530585","421309","Trucking-Motor Freight","www.watkins.com"," Email <---> Revenue ","238338","Watkins Motor Lines","8850 Corridor Rd","Annapolis Jct","MD","20701","Howard","www.watkins.com","3019530585","","Elwood Humelsine","Manager","Mal","11325000","75","421309","Trucking-Mot","4","0","1"
"40907","Roll-Off Express","J.Haden@roll-offexpress.com","2900 Dede Rd","4105266998","4105263535","495302","Garbage Collection","NULL"," Email <---> Revenue ","196949","Roll-Off Express","2900 Dede Rd","Finksburg","MD","21048","Carroll","www.roll-offexpress.com","4105263535","4105266998","Jack Haden","President","Mal","10850000","50","495302","Garbage Coll","4","0","1"
"84933","Neutron Products Inc","jackson.ransohoff@metalworld.com","PO Box 68","3013495007","3013495001","281998","Industrial Inorganic Chmcls Nec (Mfrs)","NULL"," Email <---> Revenue ","166459","Neutron Products Inc","22301 Mount Ephraim Rd","Dickerson","MD","20842","Montgomery","","3013495001","3013495007","Jackson Ransohoff","President","Mal","22050000","70","281998","Industrial I","4","0","1"
"186360","Trinity Laboratories","Jagannathan.R@trinitylab.com","201 Kiley Dr","4108602913","4108605123","384101","Surgical Instruments-Manufacturers","NULL"," Email <---> Revenue ","228336","Trinity Laboratories","201 Kiley Dr","Salisbury","MD","21801","Wicomico","www.trinitylab.com","4108605123","4108602913","R Jagannathan","President","","11200000","50","384101","Surgical Ins","4","0","1"
"196133","B & L Sales","James@blankmedia.com","1112 E 30th St","4102433093","4102436100","516925","Cleaning Compounds (Wholesale)","NULL"," Email <---> Revenue ","28389","B & L Sales","1112 E 30th St","Baltimore","MD","21218","Baltimore City","","4102436100","4102433093","James Lekas","Owner","Mal","15015000","15","516925","Cleaning Com","4","0","1"
"61495","Plasticoid Co Inc","james@plasticoid.com","249 W High St","4103982803","4103982800","306917","Rubber-Mfrs Supplies (Manufacturers)","NULL"," Email <---> Revenue ","181223","Plasticoid Co Inc","249 W High St","Elkton","MD","21921","Cecil","www.plasticoid.com","4103982800","4103982803","James Palinkas","Owner","Mal","10800000","50","306917","Rubber-Mfrs ","4","0","1"
"168820","TEAM Svc Corp","jameshuber@teamservicecorporation.com","1401 Angela Ave","4105360383","4105364488","506333","Electric Motors-Dlrs/Repairing (Whol)","NULL"," Email <---> Revenue ","220638","TEAM Svc Corp","1401 Angela Ave","Baltimore","MD","21227","Baltimore","","4105364488","4105360383","James Huber","Owner","Mal","13160000","20","506333","Electric Mot","4","0","1"
"131766","Bays Best Seafood","JamesL@baybest.com","PO Box 148","4108275049","4108278496","514601","Seafood-Wholesale","NULL"," Email <---> Revenue ","33011","Bays Best Seafood","4913 Main St","Grasonville","MD","21638","Queen Annes","www.baybest.com","4108278496","4108275049","James Labrie","Owner","Mal","11286000","18","514601","Seafood-Whol","4","0","1"
"149425","Wise Oil & Fuel","jason@wiseoil.com","741 Race Street","4102284131","4102284871","131103","Oil Companies","null"," Email <---> Revenue ","242838","Wise Oil & Fuel Inc","741 Race St","Cambridge","MD","21613","Dorchester","","4102284131","4102284871","William Wise","Owner","Mal","14300000","45","171117","Air Conditio","4","0","1"
"197449","Bay Design Inc","jbrown@bayindustrialgroup.com","1907 Lansdowne Rd","4107379284","4107379280","508426","Material Handling Equipment (Wholesale)","NULL"," Email <---> Revenue ","32722","Bay Design Inc","1907 Lansdowne Rd","Halethorpe","MD","21227","Baltimore","www.bayindustrialgroup.com","4107379280","4107379284","James E Brown","Owner","Mal","21760000","40","508426","Material Han","4","0","1"
"205502","Silver-Top Mfg Co Inc","jean@silver-top.com","PO Box 225","4103356646","4103355500","344998","Structural Metal Work-Misc (Mfrs)","NULL"," Email <---> Revenue ","207956","Silver-Top Mfg Co Inc","11120 Pulaski Hwy","White Marsh","MD","21162","Baltimore","www.silvertop.net","4103355500","4103356646","Jean Struben","President","Fem","16980000","60","344998","Structural M","4","0","1"
"76484","Necoa Inc","jfrey@necoa.com","1224 Race Rd","4105747083","4105744960","509905","Importers","www.necoa.net"," Email <---> Revenue ","165873","Necoa Inc","1224 Race Rd","Rosedale","MD","21237","Baltimore","www.necoa.net","4105744960","4105747083","Jerry Frey","Exec VP","Mal","11328000","12","509905","Importers","4","0","1"
"189389","Vytex Corp","jgotshall@vytexwindows.com","9425 Washington Blvd N","3019370718","3019375500","521107","Windows","NULL"," Email <---> Revenue ","7124","Vytex Corp","9425 Washington Blvd N","Laurel","MD","20723","Howard","www.vytexwindows.com","3019375500","3019370718","Andy Weinrub","Owner","Mal","15480000","60","521107","Windows","4","0","1"
"123945","Murray Corp","jjs@murraycorp.com","260 Schilling Cir # 1","4107715576","4107710380","342904","Clamps-Manufacturers","www.murraycorp.com"," Email <---> Revenue ","162926","Murray Corp","260 Schilling Cir # 1","Cockysvl Hnt Vly","MD","21031","Baltimore","www.murraycorp.com","4107710380","4107715576","Thorne Gould","President","Mal","24875000","100","342904","Clamps-Manuf","4","0","1"
"176886","Great Mills Trading Post","jknott@gmtp.net","PO Box 52","3019942578","3019940300","179403","Excavating Contractors","NULL"," Email <---> Revenue ","104341","Great Mills Trading Post","20294 Point Lookout Rd","Great Mills","MD","20634","St Marys","www.gmtp.net","3019940300","3019942578","Joseph Knott","Owner","Mal","11130000","70","179403","Excavating C","4","0","1"
"206677","Leading Edge Design","JoeG@leadingedgedesign.com","7763 Old Telegraph Rd # 1","4107879462","4107877036","274119","Multimedia (Manufacturers)","NULL"," Email <---> Revenue ","139215","Leading Edge Design","7763 Old Telegraph Rd # 1","Severn","MD","21144","Anne Arundel","www.leadingedgedesign.com","4107877036","4107879462","Joe Gordon","Owner","Mal","13700000","50","274119","Multimedia (","4","0","1"
"80676","Farnen & Dermer","JoeJones@farnendermer.com","4010 W Belvedere Ave","NULL","4108333961","171102","Heating Contractors","NULL"," Email <---> Revenue ","89412","Farnen & Dermer","4010 W Belvedere Ave","Baltimore","MD","21215","Baltimore City","www.farnendermer.com","4108333961","","Joe Jones","Owner","Mal","10658000","73","171102","Heating Cont","4","0","1"
"160484","Wolf Furniture","johnstown@wolffurniture.com","1215 W Patrick St","7179397859","3018460800","571216","Furniture-Dealers-Retail","www.wolffurniture.com"," Email <---> Revenue ","242991","Wolf Furniture","1215 W Patrick St","Frederick","MD","21702","Frederick","www.wolffurniture.com","3018460800","3018464719","David Dumm","Manager","Mal","10000000","50","571216","Furniture-De","4","0","1"
"9340","Standard Equipment Co","jonmorse@standard-equipment.com","8411 Pulaski Hwy","4103916206","4106871700","508206","Contractors-Equip/Supls-Dlrs/Svc (Whol)","NULL"," Email <---> Revenue ","213751","Standard Equipment Co","8411 Pulaski Hwy","Baltimore","MD","21237","Baltimore","www.seco1.com","4106871700","4103916206","Roy Neal","Owner","Mal","23310000","35","508206","Contractors-","4","0","1"
"163104","Clockwork Security Inc","joyce@clockworksecurity.com","4710 Auth Pl # 620","3013164357","3013164351","506324","Burglar Alarm Systems (Wholesale)","www.clockworksecurity.com"," Email <---> Revenue ","59287","Clockwork Security Inc","4710 Auth Pl # 620","Suitland","MD","20746","Prince Georges","www.clockworksecurity.com","3013164351","3013164357","Lar-Nell Cheaham","President","Mal","13160000","20","506324","Burglar Alar","4","0","1"
"98467","Sheladia Associates Inc","jpaige@sheladia.com","15825 Shady Grove Rd # 100","3019487174","3015903939","871111","Engineers-Consulting","NULL"," Email <---> Revenue ","206065","Sheladia Associates Inc","15825 Shady Grove Rd # 100","Rockville","MD","20850","Montgomery","www.sheladia.com","3015903939","3019487174","Manish Kothair","President","Mal","16500000","40","871111","Engineers-Co","4","0","1"
"15576","Gateway International Impex Company","jpedoeim@erols.com","108 Monroe Street Suite 101","3017628801","3017625423","738999","Business Services Nec","UNIQUEEGIFTS.COM"," Email <---> Revenue ","138042","Laniado Wholesale Co","1138 Taft St","Rockville","MD","20850","Montgomery","www.cleanorama.com","3017628801","3017625423","R Laniado","Owner","Mal","13599000","9","511101","Paper Produc","4","0","1"
"74524","Chopp & Co Inc","juanita.coomes@chopp-trusses.com","11850 Pika Dr","3018434062","3018432467","521142","Lumber-Retail","NULL"," Email <---> Revenue ","56246","Chopp & Co Inc","11850 Pika Dr","Waldorf","MD","20602","Charles","www.chopp-trusses.com","3018432467","3018434062","Mike Cannon","Owner","Mal","15100000","130","521142","Lumber-Retai","4","0","1"
"77909","G G Tauber Co","judithb@erols.com","4940 Wyaconda Rd","3018811909","3018813567","519917","Advertising-Specialties (Wholesale)","NULL"," Email <---> Revenue ","97176","G G Tauber Co","4940 Wyaconda Rd","Rockville","MD","20852","Montgomery","www.ggtauber.com","3018813567","3018811909","Judith Bryant","President","Fem","14360000","20","519917","Advertising-","4","0","1"
"68002","John Vitale & Son Inc","jvsi@vitale.net","6222 Seabrook Rd","3014591787","3015775722","162308","Utility Contractors","NULL"," Email <---> Revenue ","3785","John Vitale & Son Inc","6222 Seabrook Rd","Lanham","MD","20706","Prince Georges","www.jvsi.vitale.net","3015775722","3014591787","Frank H Vitale","President","Mal","10020000","60","162308","Utility Cont","4","0","1"
"193308","Target Distributing","jwarsaw@targetdist.com","19560 Amaranth Dr","3012969494","3012969400","506563","Telecommunication Equip/Syst-Whol/Mfrs","NULL"," Email <---> Revenue ","221715","Target Distributing","19560 Amaranth Dr","Germantown","MD","20874","Montgomery","www.targetd.com","3012969400","3012969494","Joe Warsaw","Owner","Mal","11000000","100","506563","Telecommunic","4","0","1"
"104736","BCE Corp Of Rockville","J_Bassos@bcecorp.com","11910 Parklawn Dr # A","3017701496","3018814777","504403","Copying & Duplicating Machines & Supls","NULL"," Email <---> Revenue ","29084","BCE Corp Of Rockville","11910 Parklawn Dr # A","Rockville","MD","20852","Montgomery","www.bcecorp.com","3018814777","3017701496","John Bassos","President","Mal","19980000","60","504403","Copying & Du","4","0","1"
"205467","Jackson Organization","J_David@jacksonorganization.com","6996 Columbia Gateway Dr","4108843684","4108840084","873204","Market Research & Analysis","NULL"," Email <---> Revenue ","123645","Jackson Organization","6996 Columbia Gateway Dr","Columbia","MD","21046","Howard","www.jacksonorganization.com","4108840084","4108843684","David Jackson","Owner","Mal","10300000","100","873204","Market Resea","4","0","1"
"102673","Hyperspace Fun Ctr","KathyH@hyperspacefuncenter.com","24620 Three Notch Rd","3013739816","3013736210","792919","Entertainers-Family & Business","NULL"," Email <---> Revenue ","116957","Hyperspace Fun Ctr","24620 Three Notch Rd","Hollywood","MD","20636","St Marys","www.hyperspacefuncenter.com","3013736210","3013739816","Kathy Hollyer","Owner","Fem","13200000","60","792919","Entertainers","4","0","1"
"168568","Intervid Inc","kcornes@intervidinc.com","4650 Wedgewood Blvd","3016980175","3016980086","506304","Security Control Equip & Systems-Whol","www.intervidinc.com"," Email <---> Revenue ","120354","Intervid Inc","4650 Wedgewood Blvd","Frederick","MD","21703","Frederick","www.intervidinc.com","3016980086","3016980175","Collin Steyn","President","Mal","13160000","20","506304","Security Con","4","0","1"
"165325","Auto Glass Svc","Kenny@autoglassservice.com","6730 Ritchie Hwy # A","NULL","4107871180","523110","Glass-Auto Plate & Window & Etc","NULL"," Email <---> Revenue ","27291","Auto Glass Svc","6730 Ritchie Hwy # A","Glen Burnie","MD","21061","Anne Arundel","","4107871180","","Kenny Williams","President","Mal","12060000","60","523110","Glass-Auto P","4","0","1"
"128303","Universal Security Instruments","KnepperS@universalsecurity.com","7 Gwynns Mill Ct # A","4103632218","4103633000","366902","Security Control Equip & Systems-Mfrs","NULL"," Email <---> Revenue ","232043","Universal Security Instruments","7 Gwynns Mill Ct # A","Owings Mills","MD","21117","Baltimore","www.universalsecurity.com","4103633000","4103632218","Stephen C Knepper","CEO","Mal","17201000","17","366902","Security Con","4","0","1"
"178419","Development Alternatives Inc","kristen_milligan@dai.com","7250 Woodmont Ave # 200","3017187968","3017188967","873202","Economic Research & Analysis","NULL"," Email <---> Revenue ","73941","Development Alternatives Inc","7250 Woodmont Ave # 200","Bethesda","MD","20814","Montgomery","www.dai.com","3017188967","3017187968","Albert H Barclay","President","Mal","15600000","260","873202","Economic Res","4","0","1"
"132553","Mental Health Ctr INC","ksmith@thementalhealthcenter.net","1180 Professional Ct","3017913045","3017913045","806301","Mental Health Services","www.thementalhealthcenter.net"," Email <---> Revenue ","155223","Mental Health Ctr INC","1180 Professional Ct","Hagerstown","MD","21740","Washington","www.thementalhealthcenter.net","3017913045","","Mark Lannon","Executive Director","Mal","10530000","130","806301","Mental Healt","4","0","1"
"166695","Fibred","KSullivan@fibred.com","10900 Day Rd SE","3017223010","3017242200","514931","Soybean Products (Wholesale)","NULL"," Email <---> Revenue ","90448","Fibred","10900 Day Rd SE","Cumberland","MD","21502","Allegany","www.fibred.com","3017242200","3017223010","Karen Sullivan","President","Fem","21100000","25","514931","Soybean Prod","4","0","1"
"125275","Service Concepts Inc","kwhimmel@sciricoh.com","5713 Industry Ln # 50","3016627678","3016627515","506528","Facsimile Communication Equipment (Whol)","NULL"," Email <---> Revenue ","204613","Service Concepts Inc","5713 Industry Ln # 50","Frederick","MD","21704","Frederick","www.sciricoh.com","3016627515","3016627678","Kim Himmelmann","Owner","Mal","15150000","15","506528","Facsimile Co","4","0","1"
"153320","L & E Assoc","l-e-assoc@erols.com","6188 Oxon Hill Rd # 300","3015678137","3015677810","366102","Telephone Equipment & Systems-Mfrs","www.l-e-assoc.com"," Email <---> Revenue ","136273","L & E Assoc","6188 Oxon Hill Rd # 300","Oxon Hill","MD","20745","Prince Georges","www.l-e-assoc.com","3015677810","3015678137","Linberg Bing","President","Mal","23450000","50","366102","Telephone Eq","4","0","1"
"37371","Gryphon House","Larry@ghbooks.com","10726 Tucker St","3015950051","3017796200","519202","Book Dealers-Wholesale","NULL"," Email <---> Revenue ","105717","Gryphon House","10726 Tucker St","Beltsville","MD","20705","Prince Georges","www.ghbooks.com","3017796200","3015950051","Larry Rood","Owner","Mal","14730000","30","519202","Book Dealers","4","0","1"
"106013","Lauman's Fine Furniture","LaumanWayne@laumansfurniture.com","8650 Belair Rd","4102569410","4102562080","571216","Furniture","NULL"," Email <---> Revenue ","138516","Lauman's Fine Furniture","8650 Belair Rd","Baltimore","MD","21236","Baltimore","www.laumansfurniture.com","4102562080","4102569410","Wayne Lauman","Owner","Mal","16000000","80","571216","Furniture-De","4","0","1"
"147830","Target Marketing","Leahy-John@targetdirectmail.com","11404 Cronridge Dr","4433946688","4433946677","519917","Advertising-Specialties (Wholesale)","NULL"," Email <---> Revenue ","221726","Target Marketing","11404 Cronridge Dr","Owings Mills","MD","21117","Baltimore","www.targetlogos.com","4433946677","4433946688","John Leahy","President","Mal","21540000","30","519917","Advertising-","4","0","1"
"114603","Sun Dun Inc Of Washington","Lender_Emory@sundun.com","11407 Somerset Ave","3019372995","3019372731","514937","Beverages (Wholesale)","NULL"," Email <---> Revenue ","217849","Sun Dun Inc Of Washington","11407 Somerset Ave","Beltsville","MD","20705","Prince Georges","www.sundun.com","3019372731","3019372995","Emory Lender","President","Mal","22788000","27","514937","Beverages (W","4","0","1"
"13799","Cosmic Pet Products Corp","leon@cosmicpet.com","16014 Business Pkwy","3017970866","3017973115","519932","Pet Supplies-Wholesale","NULL"," Email <---> Revenue ","64299","Cosmic Pet Products Corp","16014 Business Pkwy","Hagerstown","MD","21740","Washington","www.cosmicpet.com","3017973115","3017970866","Leon Seidman","Owner","Mal","13642000","19","519932","Pet Supplies","4","0","1"
"25818","Merritt Properties","LeroyM@merrittproperties.com","2066 Lord Baltimore Dr","4102989644","4102982600","874838","Industrial Developments","NULL"," Email <---> Revenue ","155661","Merritt Properties","2066 Lord Baltimore Dr","Baltimore","MD","21244","Baltimore","www.merrittproperties.com","4102982600","4102989644","Leroy Merritt","Owner","Mal","19125000","85","874838","Industrial D","4","0","1"
"196431","MJM Business Forms & Printing","lisab@mjmprinting.com","15914 Indianola Dr","3012968940","3012968950","275202","Printers","MJMPRINTING.COM"," Email <---> Revenue ","146165","MJM Printing & Graphics","15914 Indianola Dr","Rockville","MD","20855","Montgomery","","3012968940","3012968950","Michael Murtaugh Jr","Owner","Mal","16320000","30","508443","Printing Sup","4","0","1"
"195672","Development Thru Self-Reliance","lrudden@dsr-inc.com","6679 Santa Barbara Rd # P","4105798412","4105404000","782202","Motion Picture Film-Distrs & Exchs","www.dsr-inc.com"," Email <---> Revenue ","73969","Development Thru Self-Reliance","6679 Santa Barbara Rd # P","Elkridge","MD","21075","Howard","www.dsr-inc.com","4105404000","4105798412","Sally Smith","Owner","Fem","17115000","15","782202","Motion Pictu","4","0","1"
"120765","Mid Atlantic Label Inc","m.gardiner@midatlanticlabel.com","105 Industry Ln","4108798220","4108389182","267201","Labels-Paper (Manufacturers)","www.midatlanticlabel.com"," Email <---> Revenue ","157347","Mid Atlantic Label Inc","105 Industry Ln","Forest Hill","MD","21050","Harford","www.midatlanticlabel.com","4108798220","4108389182","Thomas Donohue","President","Mal","19600000","50","267201","Labels-Paper","4","0","1"
"135624","Tech Group","M.Jean@techgroupinc.com","111 Benfield Blvd # 100","4102667407","4102663033","871110","Engineers-Civil","NULL"," Email <---> Revenue ","222303","Tech Group","111 Benfield Blvd # 100","Millersville","MD","21108","Anne Arundel","","4102663033","4102667407","Jean Miller","Owner","Fem","15800000","100","871110","Engineers-Ci","4","0","1"
"175738","Key Marketing Group","malcolmr@keydistribution.com","1301 York Road - Suite 800","3012588992","null","874213","Marketing Programs & Services","KEYMKTG.COM"," Email <---> Revenue ","133735","Key Marketing Group Inc","8677 Grovemont Cir","Gaithersburg","MD","20877","Montgomery","www.keydistribution.com","3012588992","3018400383","Steve Terrio","President","Mal","11328000","12","509908","Manufacturer","4","0","1"
"202148","ACE Comm Corp","marcie.weber@acecomm.com","704 Quince Orchard Rd","3017213000","3017213000","366998","Communications Equipment Nec (Mfrs)","www.acecomm.com"," Email <---> Revenue ","10716","ACE Comm Corp","704 Quince Orchard Rd","Gaithersburg","MD","20878","Montgomery","www.acecomm.com","3017213000","","George T Jimenez","CEO","Mal","13671000","142","366998","Communicatio","4","0","1"
"18448","AMF Mechanical Corp","Mark.Fowler@amfmechanical.com","14757 Main St # 103","3016271702","3016271700","171117","Air Conditioning Contractors & Systems","NULL"," Email <---> Revenue ","11143","AMF Mechanical Corp","14757 Main St # 103","Upper Marlboro","MD","20772","Prince Georges","www.amfmechanical.com","3016271700","3016271702","Mark Fowler","Owner","Mal","11680000","80","171117","Air Conditio","4","0","1"
"151968","We Teach & Tutor","Mark@weteachandtutor.com","2901 Druid Park Dr # 208b","4103837071","4103836016","829909","Tutoring","NULL"," Email <---> Revenue ","238716","We Teach & Tutor","2901 Druid Park Dr # 208b","Baltimore","MD","21215","Baltimore City","www.weteachandtutor.com","4103836016","4103837071","Mark Booker","Owner","Mal","12320000","140","829909","Tutoring","4","0","1"
"45864","My Plumber","MarkP@myplumber.com","2138 Priest Bridge Ct # 6","7036910946","3013366157","171105","Plumbing Contractors","NULL"," Email <---> Revenue ","163269","My Plumber","2138 Priest Bridge Ct # 6","Crofton","MD","21114","Anne Arundel","www.myplumber.com","3013366157","7036910946","Mark Presgrave","Owner","Mal","20440000","140","171105","Plumbing Con","4","0","1"
"63585","Maryland Portable Concrete Inc","marshallh@marylandportableconcrete.com","1447 W Pulaski Hwy","NULL","4103988686","327301","Ready-Mixed Concrete-Manufacturers","NULL"," Email <---> Revenue ","151346","Maryland Portable Concrete Inc","1447 W Pulaski Hwy","Elkton","MD","21921","Cecil","","4103988686","","Marshall Hamilton","President","Mal","24926000","103","327301","Ready-Mixed ","4","0","1"
"287","Telecomworx","Matthew@telecomworx.com","4800 Green Valley Rd","3018651717","3018658800","506563","Telecommunication Equip/Syst-Whol/Mfrs","NULL"," Email <---> Revenue ","222649","Telecomworx","4800 Green Valley Rd","Monrovia","MD","21770","Frederick","www.telecomworx.com","3018658800","3018651717","Matthew Brunk","Owner","Mal","10100000","10","506563","Telecommunic","4","0","1"
"144706","Armory","Max-Lipman@goarmory.com","1101 Greenwood Rd","4106028140","4106028000","285198","Paint Varnish & Allied Products (Mfrs)","NULL"," Email <---> Revenue ","24440","Armory","1101 Greenwood Rd","Baltimore","MD","21208","Baltimore","","4106028000","4106028140","Max Lipman","Owner","Mal","21285000","45","285198","Paint Varnis","4","0","1"
"46862","Brook Lane Health Svc","maz@intrepid.net","13218 Brooklane Dr","3017330330","3017330330","806301","Mental Health Services","www.brooklane.org"," Email <---> Revenue ","41515","Brook Lane Health Svc","13218 Brooklane Dr","Hagerstown","MD","21742","Washington","www.brooklane.org","3017330330","","Lynn Rushing","CEO","Mal","18225000","225","806301","Mental Healt","4","0","1"
"202652","Radiation Service Organization","medical@rsoinc.com","5204 Minnick Rd","3014983017","3019532482","508430","Radioactivity Instruments Supls/Svc-Whol","www.rsoinc.com"," Email <---> Revenue ","5775","Radiation Service Organization","5204 Minnick Rd","Laurel","MD","20707","Prince Georges","www.rsoinc.com","3019532482","3014983017","Geraldine Caulk","Owner","Fem","13600000","25","508430","Radioactivit","4","0","1"
"124131","Harbor Cruises LTD","melinda@harborcruises.com","301 Light St","4107276854","4107273113","472406","Cruises","www.harborcruises.com"," Email <---> Revenue ","108742","Harbor Cruises LTD","301 Light St","Baltimore","MD","21202","Baltimore City","www.harborcruises.com","4107273113","4107276854","Lawrence Stappler","Owner","Mal","10650000","150","472406","Cruises","4","0","1"
"72625","Tele-Plus Corp","mGlessner@telepluscorp.com","916 Eldridge Dr","3017971116","3017979500","506324","Burglar Alarm Systems (Wholesale)","NULL"," Email <---> Revenue ","222620","Tele-Plus Corp","916 Eldridge Dr","Hagerstown","MD","21740","Washington","www.telepluscorp.com","3017979500","3017971116","Mike Glessner","Owner","Mal","23030000","35","506324","Burglar Alar","4","0","1"
"58453","Salisbury Pewter Inc","michael.clemmer@salisburypewter.com","29085 Airpark Dr","4107704904","4107704901","391401","Pewterware (Manufacturers)","NULL"," Email <---> Revenue ","201006","Salisbury Pewter Inc","29085 Airpark Dr","Easton","MD","21601","Talbot","","4107704901","4107704904","Michael Clemmer","President","Mal","12810000","70","391401","Pewterware (","4","0","1"
"122185","Kelly Press","MichaelK@kellypress.com","1701 Cabin Branch Dr","3017738056","3013862800","275202","Printers","NULL"," Email <---> Revenue ","3922","Kelly Press","1701 Cabin Branch Dr","Landover","MD","20785","Prince Georges","www.kellydigital.com","3013862800","3017738056","Michael Kelly","President","Mal","22800000","150","275202","Printers","4","0","1"
"157648","Mid Shore Electronics;","midshore@shorenet.net","101 Hayward Street","4102287335","4104765335","5731","Electronics","MID-SHORE-ELECTRONICS.COM"," Email <---> Revenue ","157642","Mid-Shore Electronics","205 Trenton St","Cambridge","MD","21613","Dorchester","www.mid-shore-electronics.com","4102287335","4104765335","Frank Daringer","Owner","Mal","11325000","15","508812","Marine Elect","4","0","1"
"12995","Vanda Pharmaceuticals Inc","mihales.polymeroplous@vandapharma.com","9620 Medical Center Dr","NULL","3012949300","512203","Pharmaceutical Products-Wholesale","NULL"," Email <---> Revenue ","233554","Vanda Pharmaceuticals Inc","9620 Medical Center Dr","Rockville","MD","20850","Montgomery","","3012949300","","Mihales Polymeroplous","Owner","Mal","20895000","15","512203","Pharmaceutic","4","0","1"
"160569","Capitol Building Supply","Mike@gms.com","7870 Beechcraft Ave","3019219446","3019219207","508205","Dry Wall Contractors Equip/Supls (Whol)","NULL"," Email <---> Revenue ","47589","Capitol Building Supply","7870 Beechcraft Ave","Gaithersburg","MD","20879","Montgomery","","3019219207","3019219446","Mike Anderson","President","Mal","23310000","35","508205","Dry Wall Con","4","0","1"
"43274","Langenfelder Marine","MJ@intercom.net","400 Pier Ave","4106434164","4106435575","329501","Slag (Manufacturers)","NULL"," Email <---> Revenue ","137975","Langenfelder Marine","400 Pier Ave","Stevensville","MD","21666","Queen Annes","","4106435575","4106434164","Jim Matters","President","Mal","10675000","35","329501","Slag (Manufa","4","0","1"
"177318","Partywerks","mollencop@chesapeakesys.com","null","3014197411","3014192912","8999","Services NEC","CHESAPEAKESYS.COM^^CTSSERVICES.NET"," Email <---> Revenue ","54714","Chesapeake Systems Inc","11900 Baltimore Ave # H","Beltsville","MD","20705","Prince Georges","www.chesapeakesys.com","3014197411","3014192912","Tom Rosato","Owner","Mal","15300000","30","507505","Air Conditio","4","0","1"
"192534","Cameo Electronics Corp","mrawlings@cameoelectronics.com","PO Box 724","4103632540","4103636161","506519","Electronic Equipment & Supplies-Whol","NULL"," Email <---> Revenue ","46716","Cameo Electronics Corp","11433 Cronridge Dr # A","Owings Mills","MD","21117","Baltimore","www.cameoelectronics.com","4103636161","4103632540","Marilyn Rawlings","President","Fem","12120000","12","506519","Electronic E","4","0","1"
"54072","Taylor Equipment","N-Segal@taylorequip.com","1595 Cabin Branch Dr","3017732720","3017732700","507809","Ice Cream Freezers (Wholesale)","NULL"," Email <---> Revenue ","222042","Taylor Equipment","1595 Cabin Branch Dr","Hyattsville","MD","20785","Prince Georges","","3017732700","3017732720","Neil Segal","Owner","Mal","24990000","49","507809","Ice Cream Fr","4","0","1"
"199252","Lee L. Dopkin","nancy@oaminc.com","2100 West Cold Spring Lane","4104663500","null","8999","Services NEC","DECORATORBATHROOM.COM^^DECORATORBATHROOM.NET^^DECORATORBATHS.COM^^DESIGNERBATHS.NET"," Email <---> Revenue ","139569","Lee L Dopkin Co","2100 W Cold Spring Ln","Baltimore","MD","21209","Baltimore City","","4104663500","4104668715","Ron Ches","Manager","Mal","10700000","15","521110","Plumbing Fix","4","0","1"
"15293","Arbee Associates","NancyB@arbee.net","950 Wind River Ln","3019771734","3019633900","571216","Furniture-Dealers-Retail","NULL"," Email <---> Revenue ","23808","Arbee Associates","950 Wind River Ln","Gaithersburg","MD","20878","Montgomery","www.arbee.net","3019633900","3019771734","Nancy Berkowitz","Owner","Fem","15000000","75","571216","Furniture-De","4","0","1"
"196795","Sisk Mailing Svc Inc","nancy_jackson@siskmail.com","203 Log Canoe Cir","4106437933","4106437900","733101","Mailing & Shipping Services","www.siskmail.com"," Email <---> Revenue ","208367","Sisk Mailing Svc Inc","203 Log Canoe Cir","Stevensville","MD","21666","Queen Annes","www.siskmail.com","4106437900","4106437933","Clyde Sisk","Owner","Mal","20700000","150","733101","Mailing & Sh","4","0","1"
"171395","National Business Products","nbp@clark.net","7165 Oakland Mills Road","4103818230","null","738999","Business Services Nec","NBPINC.COM"," Email <---> Revenue ","164630","National Business Products Inc","7165 Oakland Mills Rd # Klm","Columbia","MD","21046","Howard","www.nbpinc.com","4103818230","4103812031","Gary Porter","Owner","Mal","11420000","20","502112","Office Furni","4","0","1"
"58676","Todd Allan Printing Co.; Inc.","ndyer@toddallanprint.com","5760 Sunnyside Ave","3019820300","3019825628","275202","Printers","toddallan.com"," Email <---> Revenue ","225551","Todd Allan Printing Co","5760 Sunnyside Ave","Beltsville","MD","20705","Prince Georges","","3019820300","3019825628","Allan Kullen","Owner","Mal","15200000","100","275202","Printers","4","0","1"
"140677","New England Motor Freight","newtteam1@nemf.com","14557 Industry Dr # 1","7166646311","3013938700","421309","Trucking-Motor Freight","www.nemf.com"," Email <---> Revenue ","166726","New England Motor Freight","14557 Industry Dr # 1","Hagerstown","MD","21742","Washington","www.nemf.com","3013938700","3013938705","Steve Iser","Manager","Mal","10570000","70","421309","Trucking-Mot","4","0","1"
"13491","Quanta Systems Corp","p.Blackmon@datacontsys.com","213 Perry Pkwy # 2","3015903325","3015903300","971102","Provincial Govt-National Security","NULL"," Email <---> Revenue ","187028","Quanta Systems Corp","213 Perry Pkwy # 2","Gaithersburg","MD","20877","Montgomery","www.datacontsys.com","3015903300","3015903325","Phil Blackmon","President","Mal","13100000","0","971102","State Govern","4","0","1"
"98546","Parker Vanilla Products","ParkerT@parkervanilla.com","7120 Golden Ring Rd # 123","4105748038","4105741066","208701","Flavoring Extracts-Manufacturers","NULL"," Email <---> Revenue ","175413","Parker Vanilla Products","7120 Golden Ring Rd # 123","Essex","MD","21221","Baltimore","www.parkervanilla.com","4105741066","4105748038","Tim Parker","Owner","Mal","18400000","20","208701","Flavoring Ex","4","0","1"
"118661","Gpl Laboratories LLP","PaulIoannides@gplab.com","7210 Corporate Ct # A","NULL","3016945310","873104","Laboratories","NULL"," Email <---> Revenue ","103499","Gpl Laboratories LLP","7210 Corporate Ct # A","Frederick","MD","21703","Frederick","www.gplab.com","3016945310","","Paul Ioannides","Owner","Mal","11440000","65","873104","Laboratories","4","0","1"
"195657","Morris & Ritchie Assoc","PaulMuddiman@mragta.com","3445 Box Hill Corp Ctr Dr # A","4108791820","4105151816","871110","Engineers-Civil","NULL"," Email <---> Revenue ","161096","Morris & Ritchie Assoc","3445 Box Hill Corp Ctr Dr # A","Abingdon","MD","21009","Harford","","4105151816","4108791820","Paul Muddiman","Owner","Mal","11060000","70","871110","Engineers-Ci","4","0","1"
"53017","Dixon Glass Company","peibner@lwarner.com","9690 Deereco Rd","4102520808","null","5719","Glass & mirrors","funnypeter.com"," Email <---> Revenue ","237456","Warner Co","9690 Deereco Rd # 650","Timonium","MD","21093","Baltimore","www.lwarner.com","4102520808","4102528563","Lee Warner","President","Mal","14940000","36","628205","Financial Pl","4","0","1"
"27454","Turnbull Enterprises","Pete@turnbullenterprises.com","3100 Viona Ave","NULL","4103555666","555113","Marine Equipment & Supplies","NULL"," Email <---> Revenue ","229125","Turnbull Enterprises","3100 Viona Ave","Baltimore","MD","21230","Baltimore City","","4103555666","","Pete Frank","President","Mal","13280000","40","555113","Marine Equip","4","0","1"
"108129","Alliance Roofing & Sheet Metal","pineautr@roofersinc.com","6420 Erdman Avenue","4104675600","4104675600","176109","Roofing Contractors","ROOFERSINC.COM"," Email <---> Revenue ","17839","Alliance Roofing & Sheet Metal","6420 Erdman Ave","Baltimore","MD","21205","Baltimore City","www.allroof.net","4104837470","4104837471","Dave Cobb","President","Mal","18600000","150","176109","Roofing Cont","4","0","1"
"162833","CETROM Engineering Svc","POchoa@cetrom.com","818 W Diamond Ave # 300","3019906057","3019904111","871106","Engineers","NULL"," Email <---> Revenue ","45095","CETROM Engineering Svc","818 W Diamond Ave # 300","Gaithersburg","MD","20878","Montgomery","www.cetrom.com","3019904111","3019906057","Patricio Ochoa","CEO","Mal","23700000","150","871106","Engineers","4","0","1"
"51686","Global Link Communications","R-Googenbeck@glcevents.com","300 Reisterstown Rd","NULL","4103581818","481304","Telephone Companies","NULL"," Email <---> Revenue ","101960","Global Link Communications","300 Reisterstown Rd","Baltimore","MD","21208","Baltimore","www.globallink.com","4103581818","","Rochel Googenbeck","Owner","Fem","12654000","38","481304","Telephone Co","4","0","1"
"31371","J T Tronics 2-Way Radio","R.Rampersaud@jttronics.com","7851 Beechcraft Ave # E","3019487409","3019487998","506504","Radio Communication Equip & Systems-Whol","NULL"," Email <---> Revenue ","122661","J T Tronics 2-Way Radio","7851 Beechcraft Ave # E","Gaithersburg","MD","20879","Montgomery","www.jttronics.com","3019487998","3019487409","Richard Rampersaud","President","Mal","15150000","15","506504","Radio Commun","4","0","1"
"141770","Brooks Ramsey Rv","RamseyL@brooksramseyrv.com","11345 Pulaski Hwy","4103353287","4103351502","556103","Recreational Vehicles","NULL"," Email <---> Revenue ","41660","Brooks Ramsey Rv","11345 Pulaski Hwy","White Marsh","MD","21162","Baltimore","www.brooksramseyrv.com","4103351502","4103353287","L Brooks Ramsey","Owner","Mal","11150000","25","556103","Recreational","4","0","1"
"205172","Airgas Puritan Medical","raymond.homan@airgas.com","608 Nursery Rd","8306253440","4106361486","516920","Oxygen (Wholesale)","www.airgas.com"," Email <---> Revenue ","15576","Airgas Puritan Medical","608 Nursery Rd","Linthicum Hts","MD","21090","Anne Arundel","www.airgas.com","4106361486","4106366840","Rob Robinson","Plant Mgr","Mal","20020000","20","516920","Oxygen (Whol","4","0","1"
"185359","Copy World Business Systems","rbast@copyworld.com","1708 Whitehead Rd","4102658253","4102651900","355402","Folding Machines (Manufacturers)","NULL"," Email <---> Revenue ","63717","Copy World Business Systems","1708 Whitehead Rd","Gwynn Oak","MD","21207","Baltimore","www.copyworld.com","4102651900","4102658253","Rick Bastinelli","Owner","Mal","15665000","65","355402","Folding Mach","4","0","1"
"193075","Alarm Engineering","rbolltz@alarmengineering.com","2204 W Zion Rd","NULL","4105462210","506324","Burglar Alarm Systems (Wholesale)","NULL"," Email <---> Revenue ","16066","Alarm Engineering","2204 W Zion Rd","Salisbury","MD","21801","Wicomico","www.alarmengineering.com","4105462210","","Ron Boltz","Owner","Mal","13818000","21","506324","Burglar Alar","4","0","1"
"146952","Fandango Productions Inc","readyc@marcor.com","1050 S Paca St","4105390026","4105397236","738931","Convention & Meeting Facilities & Svc","www.fandango-event.com"," Email <---> Revenue ","89217","Fandango Productions Inc","1050 S Paca St","Baltimore","MD","21230","Baltimore City","www.fandango-event.com","4105397236","4105390026","Rick Ehrlich","Owner","Mal","13160000","140","738931","Convention &","4","0","1"
"206858","Dodge Color Inc","resumes@dodgecolor.com","4827 Rugby Ave # 100","3016560435","3016560025","573403","Publishing-Desktop","www.dodgecolor.com"," Email <---> Revenue ","75918","Dodge Color Inc","4827 Rugby Ave # 100","Bethesda","MD","20814","Montgomery","www.dodgecolor.com","3016560025","3016560435","","","","13756000","38","573403","Publishing-D","4","0","1"
"171162","MES Inc","rfisher@keipearson.com","12104 Indian Creek Ct # H","3012100914","3014193000","509908","Manufacturers-Agents & Representatives","www.mescorp.com"," Email <---> Revenue ","146062","MES Inc","12104 Indian Creek Ct # H","Beltsville","MD","20705","Prince Georges","www.mescorp.com","3014193000","3012100914","Naren Shahani","Owner","Mal","11328000","12","509908","Manufacturer","4","0","1"
"205930","Art Litho Co","rgift@artlitho.com","3500 Marmenco Ct","4107895160","4107895300","275202","Printers","www.artlitho.com"," Email <---> Revenue ","24728","Art Litho Co","3500 Marmenco Ct","Baltimore","MD","21230","Baltimore City","www.artlitho.com","4107895300","4107895160","Keith Thompson","Manager","Mal","21280000","140","275202","Printers","4","0","1"
"192961","American Casein Co","richard.shipley@109elbow.com","503 S Maryland Ave","4108963456","4108963355","202201","Cheese Processors","NULL"," Email <---> Revenue ","19418","American Casein Co","503 S Maryland Ave","Delmar","MD","21875","Wicomico","","4108963355","4108963456","Richard Shipley","Owner","Mal","14360000","20","202201","Cheese Proce","4","0","1"
"135338","Spherix Inc","richardc.levin@spherixinc.com","12051 Indian Creek Ct","3012104909","3014193900","873126","Biotechnology Products & Services","NULL"," Email <---> Revenue ","211677","Spherix Inc","12051 Indian Creek Ct","Beltsville","MD","20705","Prince Georges","www.spherixinc.com","3014193900","3012104909","Richard C Levin","CEO","Mal","22348000","386","873126","Biotechnolog","4","0","1"
"199248","Picorp Inc","richn@picorpbalt.com","6508 E Lombard St","4106334535","4106337800","509905","Importers","www.picorpbalt.com"," Email <---> Revenue ","180082","Picorp Inc","6508 E Lombard St","Baltimore","MD","21224","Baltimore City","www.picorpbalt.com","4106337800","4106334535","","","","23600000","25","509905","Importers","4","0","1"
"22595","Softspikes","Rick@softspikes.com","806 W Diamond Ave # 200","3015487474","3017387756","509116","Golf Course Equipment (Wholesale)","NULL"," Email <---> Revenue ","209744","Softspikes","806 W Diamond Ave # 200","Gaithersburg","MD","20878","Montgomery","www.softspikes.com","3017387756","3015487474","Rick Oleksyk","CEO","Mal","17220000","28","509116","Golf Course ","4","0","1"
"205639","Shepherd Electric Supply Co","rlscuteri@shepherdelec.com","7401 Pulaski Hwy","4108666001","4108666000","521135","Electric Equipment & Supplies-Retail","www.shepherdelec.com"," Email <---> Revenue ","206277","Shepherd Electric Supply Co","7401 Pulaski Hwy","Baltimore","MD","21237","Baltimore","www.shepherdelec.com","4108666000","4108666001","Charles Vogel","President","Mal","21100000","120","521135","Electric Equ","4","0","1"
"91258","Kohl & Madden Printing Ink","robert.peters@kohlmadden.com","NULL","3017255151","301-498-9500","2893","Printing Ink","NULL"," Email <---> Revenue ","131210","KOHL & Madden Printing Ink","9025 Junction Dr","Annapolis Jct","MD","20701","Howard","www.kohlmadden.com","3014989500","3017255151","Chuck Hosler","Manager","Mal","22770000","55","289301","Inks-Printin","4","0","1"
"184299","Source One","Robert@source1inc.com","9691 Gerwig Ln # J","4102905801","4102905800","514102","Food Brokers","NULL"," Email <---> Revenue ","210461","Source One","9691 Gerwig Ln # J","Columbia","MD","21046","Howard","www.sourceonefood.com","4102905800","4102905801","Robert Hartpence","Owner","Mal","14781000","13","514102","Food Brokers","4","0","1"
"195456","Gutter Covers","Robin@guttercover.com","2455 Hudson St","4102248615","4107217040","176103","Gutters & Downspouts","NULL"," Email <---> Revenue ","106094","Gutter Covers","2455 Hudson St","Annapolis","MD","21401","Anne Arundel","www.guttercover.com","4107217040","4102248615","Robin Britt","Owner","Mal","18600000","150","176103","Gutters & Do","4","0","1"
"54149","Christmas Decor","Rothstein@elsn.com","4321 Old Milford Mill Rd","4106020688","4106029292","599951","Christmas Lights & Decorations","NULL"," Email <---> Revenue ","56806","Christmas Decor","4321 Old Milford Mill Rd","Pikesville","MD","21208","Baltimore","","4106029292","4106020688","Richard Rothstein","Owner","Mal","16080000","120","599951","Lighting Spe","4","0","1"
"11517","Key Motor Company","ryan@nitefly.com","5733 Buckeystown Pike","3016313900","null","738999","Business Services Nec","KEYMOTORCOMPANY.COM"," Email <---> Revenue ","42783","Builders First Source","7490 New Technology Way","Frederick","MD","21703","Frederick","","3016313900","3016313915","","","","12900000","50","521126","Building Mat","4","0","1"
"205960","Mars Super Markets Inc","r_lower@marsfood.com","3401 E Federal St","NULL","4103420197","541105","Grocers-Retail","NULL"," Email <---> Revenue ","149583","Mars Super Markets Inc","1401 Edison Hwy","Baltimore","MD","21213","Baltimore City","","4103421010","4103424660","Angelo D'Anna","Manager","Mal","18200000","100","541105","Grocers-Reta","4","0","1"
"177158","Free State Steel","S-Pat@freestatesteel.com","1700 S Haven St","4106757645","4106757600","344106","Steel-Structural (Manufacturers)","NULL"," Email <---> Revenue ","95651","Free State Steel","1700 S Haven St","Baltimore","MD","21224","Baltimore City","www.freestatesteel.com","4106757600","4106757645","Pat Suerth","Owner","Mal","16500000","60","344106","Steel-Struct","4","0","1"
"88926","SHELADIA ASSOCIATES; INC","saihq@erols.com","15825 Shady Grove Rd. Suite 100","3015903939","3019487174","8999","Services NEC","SCHAEFFERSTOWNPROJECT.COM"," Email <---> Revenue ","206065","Sheladia Associates Inc","15825 Shady Grove Rd # 100","Rockville","MD","20850","Montgomery","www.sheladia.com","3015903939","3019487174","Manish Kothair","President","Mal","16500000","40","871111","Engineers-Co","4","0","1"
"68403","Starlight Bouquet","SamSuccar@starlightbouquet.net","6675 Business Pkwy","4107967105","4107967100","519304","Florists-Wholesale","NULL"," Email <---> Revenue ","214233","Starlight Bouquet","6675 Business Pkwy","Elkridge","MD","21075","Howard","www.starlightbouquet.net","4107967100","4107967105","Sam Succar","Owner","Mal","21900000","100","519304","Florists-Who","4","0","1"
"27734","Infinite Computer Solutions","Sanjay-Govil@infics.com","20250 Century Blvd","3015289040","3019441100","737398","Computer Integrated Systems Design","NULL"," Email <---> Revenue ","118546","Infinite Computer Solutions","20250 Century Blvd","Germantown","MD","20874","Montgomery","","3019441100","3015289040","Sanjay Govil","CEO","Mal","22100000","100","737398","Computer Int","4","0","1"
"77749","Chosen Music Group - Lerel Frederick","sbrady@copyworld.com","1708 Whitehead Rd","4102651900","null","275202","Printers","DIGITALCOPIERS.BIZ;DOCUNETINFO.BIZ;NETWORKPRINTERS.BIZ"," Email <---> Revenue ","63717","Copy World Business Systems","1708 Whitehead Rd","Gwynn Oak","MD","21207","Baltimore","www.copyworld.com","4102651900","4102658253","Rick Bastinelli","Owner","Mal","15665000","65","355402","Folding Mach","4","0","1"
"57129","Center For Financial Research","Schilit@cfraonline.com","11140 Rockville Pike # 640","3019848617","3019841001","628205","Financial Planning Consultants","NULL"," Email <---> Revenue ","51323","Center For Financial Research","11140 Rockville Pike # 640","Rockville","MD","20852","Montgomery","www.cfraonline.com","3019841001","3019848617","Howard Schilit","Owner","Mal","10375000","25","628205","Financial Pl","4","0","1"
"181283","Supplies Unlimited","Schmitt@suppliesunlim.com","PO Box 7370","4102479176","4102479090","521126","Building Materials","NULL"," Email <---> Revenue ","218837","Supplies Unlimited","2201 Halethorpe Farms Rd","Baltimore","MD","21227","Baltimore","","4102479090","4102479176","Rick Schmitt","Owner","Mal","12900000","50","521126","Building Mat","4","0","1"
"136701","Interconnect Services","SchuchartG@interconnect.net","1212 Philco Rd","NULL","4106878900","481304","Telephone Companies","NULL"," Email <---> Revenue ","119661","Interconnect Services","1212 Philco Rd","Baltimore","MD","21237","Baltimore","","4106878900","","Gary Schuchart","Owner","Mal","16650000","50","481304","Telephone Co","4","0","1"
"183822","SCORE MARKETING","scoremktg@erols.com","10025 Marguerita Ave","3014242500","null","874213","Marketing Programs & Services","GUITARSLIDE.COM"," Email <---> Revenue ","144896","M & A Sales Inc","701 E Gude Dr","Rockville","MD","20850","Montgomery","www.mamusic.com","3014242500","3014241837","Steve Gordon","Manager","Mal","21712000","23","509910","Musical Inst","4","0","1"
"115277","Southern Connection Seafood","scsales@dmv.com","27040 Hearts Drive","4109683366","4109681429","5411","Food products","A2ZSEAFOOD.COM"," Email <---> Revenue ","210705","Southern Connection Seafood","4884 Crisfield Hwy","Crisfield","MD","21817","Somerset","www.scseafood.com","4109682912","4109683635","Pat Reese","Owner","Mal","23300000","100","209298","Prepared Fis","4","0","1"
"102037","Builders Hardware","sean.o''keefe@buildershdwe.com","207 Edison Park Dr","3019779488","3019771277","521131","Doors","NULL"," Email <---> Revenue ","42787","Builders Hardware","207 Edison Park Dr","Gaithersburg","MD","20878","Montgomery","","3019771277","3019779488","Kathy Easby-Smith","President","Fem","16770000","65","521131","Doors","4","0","1"
"186473","Shillcraft Inc","shillcraft@att.net","9601 Pulaski Park Dr # 407","4106823130","4106823060","594501","Craft Supplies","www.shillcraft.com"," Email <---> Revenue ","206541","Shillcraft Inc","9601 Pulaski Park Dr # 407","Middle River","MD","21220","Baltimore","www.shillcraft.com","4106823060","4106823130","Joyce Wehberg","Owner","Fem","14580000","30","594501","Craft Suppli","4","0","1"
"153795","Environmental Management Svc","Shobhana@enviroexperts.net","1688 E Gude Dr # 301","3013099052","3013090475","509305","Waste Rdctn Dspsl/Recycle Svc-Ind (Whol)","NULL"," Email <---> Revenue ","85361","Environmental Management Svc","1688 E Gude Dr # 301","Rockville","MD","20850","Montgomery","","3013090475","3013099052","Shobhana Sharma","Owner","Fem","14487000","33","509305","Waste Rdctn ","4","0","1"
"25978","IPrecision","smyrick@celticsm.com","6901-B Distribution Dr","3014199100","null","731908","Distribution Services","celticsm.com"," Email <---> Revenue ","51187","Celtic Construction Inc","12116 Conway Rd","Beltsville","MD","20705","Prince Georges","","3014199100","3014199111","James Myrick","Owner","Mal","17520000","120","171103","Sheet Metal ","4","0","1"
"105062","rayster.com","south@dmv.com","4884 Crisfield Highway","4109682912","4109681429^^4109683","5411","Food products","scseafood.com"," Email <---> Revenue ","210705","Southern Connection Seafood","4884 Crisfield Hwy","Crisfield","MD","21817","Somerset","www.scseafood.com","4109682912","4109683635","Pat Reese","Owner","Mal","23300000","100","209298","Prepared Fis","4","0","1"
"124666","Capricorn Pharma Inc","srcherukuri@capricornpharma.com","6900 English Muffin Way # A","3016961424","3016968520","512203","Pharmaceutical Products-Wholesale","www.capricornpharma.com"," Email <---> Revenue ","47821","Capricorn Pharma Inc","6900 English Muffin Way # A","Frederick","MD","21703","Frederick","www.capricornpharma.com","3016968520","3016961424","","","","20895000","15","512203","Pharmaceutic","4","0","1"
"195397","TIC Gums Inc","stephen.andon@ticgums.com","4609 Richlynn Dr","4102736469","4102737300","209998","Food Preparations Nec (Manufacturers)","NULL"," Email <---> Revenue ","220694","TIC Gums Inc","4609 Richlynn Dr","Belcamp","MD","21017","Harford","","4102737300","4102736469","Stephen Andon","Owner","Mal","20700000","75","209998","Food Prepara","4","0","1"
"147018","G & E Contractors","Steve@gandecontractors.com","4319 Harford Rd","NULL","4108412605","521131","Doors","NULL"," Email <---> Revenue ","96930","G & E Contractors","4319 Harford Rd","Baltimore","MD","21214","Baltimore City","www.gandecontractors.com","4108412605","","Joseph Steve","Owner","Mal","20640000","80","521131","Doors","4","0","1"
"143965","Pharmaceutical Research Plus","Steven@prpi.com","645 Baltimore Annapolis # 111","4103157500","4105441601","873204","Market Research & Analysis","NULL"," Email <---> Revenue ","179313","Pharmaceutical Research Plus","645 Baltimore Annapolis # 111","Severna Park","MD","21146","Anne Arundel","www.prpi.com","4105441601","4103157500","Steven Peskin","CEO","Mal","10300000","100","873204","Market Resea","4","0","1"
"207017","Eisner Communications","steveneisner@eisner-communications.com","509 S Exeter St","4106854771","4106853390","731101","Advertising-Agencies & Counselors","NULL"," Email <---> Revenue ","82797","Eisner Communications","509 S Exeter St","Baltimore","MD","21202","Baltimore City","www.eisner-communications.com","4106853390","4106854771","Steven C Eisner","President","Mal","15800000","100","731101","Advertising-","4","0","1"
"154106","Purofirst","S_Robert@purofirst.com","1078 Taft St","3017389293","3017388111","152114","Fire Damage Restoration","NULL"," Email <---> Revenue ","186490","Purofirst","1078 Taft St","Rockville","MD","20850","Montgomery","www.purofirst.org","3017388111","3017389293","Robert Schattner","Owner","Mal","22420000","95","152114","Fire Damage ","4","0","1"
"190444","Mid Atlantic Label Inc","t.donohue@midatlanticlabel.com","105 Industry Ln","4108389182","4108798220","267201","Labels-Paper (Manufacturers)","NULL"," Email <---> Revenue ","157347","Mid Atlantic Label Inc","105 Industry Ln","Forest Hill","MD","21050","Harford","www.midatlanticlabel.com","4108798220","4108389182","Thomas Donohue","President","Mal","19600000","50","267201","Labels-Paper","4","0","1"
"74344","Tri-State Marine","T.M@tristatemarine.com","3 Anchor Business Ctr","4108673669","3012615220","555104","Boat Dealers Sales & Service","NULL"," Email <---> Revenue ","228056","Tri-State Marine","3 Anchor Business Ctr","Deale","MD","20751","Anne Arundel","www.tristatemarine.com","3012615220","4108673669","Tom Magenau","Owner","Mal","24900000","75","555104","Boat Dealers","4","0","1"
"198875","Colonial Distributor","tatkins@bellatlantic.net","5200 Sunnyside Avenue","3015955040","3015955040","7389","Business Services NEC","MARKELECTRONICS.COM"," Email <---> Revenue ","149013","Mark Electronics Supply Inc","11215 Old Baltimore Pike","Beltsville","MD","20705","Prince Georges","www.markelectronics.com","3015955040","3019370491","Timothy Atkins","Owner","Mal","13130000","13","506519","Electronic E","4","0","1"
"171471","Delmarva Tele-Plus Inc","teleplus@dmv.com","300 Mill St # B","4105482265","4105465150","506563","Telecommunication Equip/Syst-Whol/Mfrs","www.teleplusinc.com"," Email <---> Revenue ","72815","Delmarva Tele-Plus Inc","300 Mill St # B","Salisbury","MD","21801","Wicomico","www.teleplusinc.com","4105465150","4105482265","Bill Tingle","Owner","Mal","13130000","13","506563","Telecommunic","4","0","1"
"140921","Falter Fund Raising","testing@wholesaledistributing.com","3501 Benson Ave","4106463745","4106463641","839907","Fund Raising Counselors & Organizations","www.georgejfalter.com"," Email <---> Revenue ","88714","Falter Fund Raising","3501 Benson Ave","Baltimore","MD","21227","Baltimore","www.georgejfalter.com","4106463641","4106463745","Frank Falter Iii","President","Mal","21500000","100","839907","Fund Raising","4","0","1"
"157919","Contract Furniture Transport","tgoldberg@cft-ld.com","6730 Santa Barbara Ct","4105409664","4105409660","502122","Office Furniture & Equip-Instltn (Whol)","NULL"," Email <---> Revenue ","63351","Contract Furniture Transport","6730 Santa Barbara Ct","Elkridge","MD","21075","Howard","www.cft-ld.com","4105409660","4105409664","Tatyana Goldberg","Owner","Fem","17130000","30","502122","Office Furni","4","0","1"
"142499","Bob''s BMW","theresa.strait@bobsbmw.com","10720 Guilford Rd","3014978949","3014978949","557106","Motorcycles & Motor Scooters-Dealers","www.bobsbmw.com"," Email <---> Revenue ","38564","Bob's BMW","10720 Guilford Rd","Jessup","MD","20794","Howard","www.bobsbmw.com","3014978949","","Bob Henig","Owner","Mal","11585000","35","557106","Motorcycles ","4","0","1"
"181536","Ticketmaster","timothy.wood@ticketmaster.com","1 Harry Truman Dr","3018084325","3018084300","799973","Ticket Service","NULL"," Email <---> Revenue ","224562","Ticketmaster","1 Harry Truman Dr","Upper Marlboro","MD","20774","Prince Georges","","3018084300","3018084325","Patrick Darr","President","Mal","21000000","250","799973","Ticket Servi","4","0","1"
"202753","Skylight Creative Ideas","Titelman@skylightcreativeideas.com","125 N Main St # 105","4108798486","4108798401","519917","Advertising-Specialties (Wholesale)","NULL"," Email <---> Revenue ","208700","Skylight Creative Ideas","125 N Main St # 105","Bel Air","MD","21014","Harford","www.skylightcreativeideas.com","4108798401","4108798486","Robert Titelman","Owner","Mal","10052000","14","519917","Advertising-","4","0","1"
"202911","E H Walker Supply Co","tkelly@walker-supply.com","45 Derwood Cir","3017381130","3017386500","508443","Printing Supplies (Wholesale)","www.walker-supply.com"," Email <---> Revenue ","79553","E H Walker Supply Co","45 Derwood Cir","Rockville","MD","20850","Montgomery","www.walker-supply.com","3017386500","3017381130","Kent Walker","Owner","Mal","15232000","28","508443","Printing Sup","4","0","1"
"195373","Triangle Sign Service; Inc.","trianglesign@home.com","11 Azar Court - P.O. Box 24186","4102475300","4102471944","399302","Signs (Manufacturers)","trianglesign.com"," Email <---> Revenue ","228140","Triangle Sign & Svc","11 Azar Ct","Halethorpe","MD","21227","Baltimore","www.trianglesign.com","4102475300","4102471944","Robert Altshuler","Owner","Mal","12400000","100","399302","Signs (Manuf","4","0","1"
"156409","Chesapeake Systems Inc","tRosato@chesapeakesys.com","11900 Baltimore Ave # H","3014192912","3014197411","507505","Air Conditioning Supplies & Parts (Whol)","NULL"," Email <---> Revenue ","54714","Chesapeake Systems Inc","11900 Baltimore Ave # H","Beltsville","MD","20705","Prince Georges","www.chesapeakesys.com","3014197411","3014192912","Tom Rosato","Owner","Mal","15300000","30","507505","Air Conditio","4","0","1"
"130604","J W Treuth & Sons","TV@jwtreuth.com","328 Oella Ave","4104654867","4104654650","201101","Meat Packers","NULL"," Email <---> Revenue ","122755","J W Treuth & Sons","328 Oella Ave","Baltimore","MD","21228","Baltimore","www.jwtreuth.com","4104654650","4104654867","Vernon L Treuth Jr","President","Mal","24950000","50","201101","Meat Packers","4","0","1"
"97931","IGEN International","tvetter@igen.com","16020 Industrial Drive","3018699800","3019476992","359915","Industrial Equipment & Supplies","ADVANCIABIO.COM;ADVANCIABIOPHARM.COM;ADVANCIABIOPHARMA.COM;ADVANCIABIOPHARMACEUTICALS.COM"," Email <---> Revenue ","37094","Bio Veris Corp","16020 Industrial Dr","Gaithersburg","MD","20877","Montgomery","","3018699800","3012300158","Samuel Wohlstadter","CEO","Mal","19956000","233","382698","Laboratory A","4","0","1"
"203187","Univec Inc","univec@univec.com","4810 Seton Dr","4103171542","4103479959","384104","Physicians & Surgeons Equip & Supls-Mfrs","NULL"," Email <---> Revenue ","231919","Univec Inc","4810 Seton Dr","Baltimore","MD","21215","Baltimore City","www.inject.com","4103479959","4103171542","David Dalton","CEO","Mal","16134000","5","384104","Physicians &","4","0","1"
"152503","Commlink Systems","V.Fred@commlinksystems.com","PO Box 2035","NULL","3017336000","506563","Telecommunication Equip/Syst-Whol/Mfrs","NULL"," Email <---> Revenue ","61415","Commlink Systems","20021 Leitersburg Pike","Hagerstown","MD","21742","Washington","www.commlinksystems.com","3017336000","","Fred Vollmer","Owner","Mal","20200000","20","506563","Telecommunic","4","0","1"
"170709","Caldwell Casting Co","vernon.caldwell@caldwellcasting.com","2 Washington St","4102285079","4102282400","505123","Die Castings (Wholesale)","NULL"," Email <---> Revenue ","46037","Caldwell Casting Co","2 Washington St","Cambridge","MD","21613","Dorchester","www.caldwellcasting.com","4102282400","4102285079","Vernon Caldwell","President","Mal","20940000","20","505123","Die Castings","4","0","1"
"95506","Integrated Motion","Victor@integratedmotion.com","Blackwalnut Rd","4102637451","4102696493","509908","Manufacturers-Agents & Representatives","NULL"," Email <---> Revenue ","119442","Integrated Motion","Blackwalnut Rd","Annapolis","MD","21401","Anne Arundel","","4102696493","4102637451","Victor Vuturo","Owner","Mal","18880000","20","509908","Manufacturer","4","0","1"
"129471","R & R Fabrication","W-Jimmy@hicofabrication.com","170 Schooner Ln","3018559125","3018559111","344106","Steel-Structural (Manufacturers)","NULL"," Email <---> Revenue ","187754","R & R Fabrication","170 Schooner Ln","Prince Frederick","MD","20678","Calvert","","3018559111","3018559125","Jimmy Williams","Owner","Mal","10950000","50","344106","Steel-Struct","4","0","1"
"118505","Elevator Control Svc","W.Albert@elevator-world.com","8231 Penn Randall Pl","3017359566","3015689300","179605","Elevators-Sales & Service","NULL"," Email <---> Revenue ","83365","Elevator Control Svc","8231 Penn Randall Pl","Upper Marlboro","MD","20772","Prince Georges","","3015689300","3017359566","Albert Warfield","President","Mal","16100000","100","179605","Elevators-Sa","4","0","1"
"181127","Century Engineering Inc","wcg@centuryeng.com","32 West Rd","4108232184","4108238070","871111","Engineers-Consulting","NULL"," Email <---> Revenue ","51887","Century Engineering Inc","32 West Rd","Baltimore","MD","21204","Baltimore","www.centuryeng.com","4108238070","4108232184","Francis Smyth","CEO","Mal","23700000","150","871111","Engineers-Co","4","0","1"
"200695","W N Cooper & Son","WCooper@coopersjd.com","621 Morgnec Rd","4107782870","4107783464","508310","Farm Equipment (Wholesale)","NULL"," Email <---> Revenue ","236045","W N Cooper & Son","621 Morgnec Rd","Chestertown","MD","21620","Kent","","4107783464","4107782870","William C Cooper","Owner","Mal","12450000","25","508310","Farm Equipme","4","0","1"
"11119","Maryland Paving Inc","william@marylandpaving.com","PO Box 248","4108795478","4107347192","295101","Asphalt & Asphalt Products-Manufacturers","NULL"," Email <---> Revenue ","151296","Maryland Paving Inc","1401 Carsins Run Rd","Aberdeen","MD","21001","Harford","","4107347192","4108795478","William C Ensor Iii","President","Mal","16470000","30","295101","Asphalt & As","4","0","1"
"96606","ROI","Wunder@roicorporation.com","1922 Greenspring Dr # 5","4105611648","4105617800","872103","Billing Service","NULL"," Email <---> Revenue ","188831","ROI","1922 Greenspring Dr # 5","Timonium","MD","21093","Baltimore","","4105617800","4105611648","Christopher Wunder","Owner","Mal","20600000","200","872103","Billing Serv","4","0","1"
"102628","Columbia Rubber Corp","www.idlers@superior-ind.com","10400 Tucker St","3014418476","3014742222","508548","Rubber Products-Wholesale","www.columbiarubber.com"," Email <---> Revenue ","61000","Columbia Rubber Corp","10400 Tucker St","Beltsville","MD","20705","Prince Georges","www.columbiarubber.com","3014742222","3014418476","Joseph H Ondrovik","President","Mal","10260000","18","508548","Rubber Produ","4","0","1"
