mail id,company,email,address,phone,fax,sic,sic description,web,,revenue id,company,address,city,state,zip,	metro,web,phone,fax,contact,position,gender,sales,# of employee,sic,sic_descrpiton,	,,
"70750","Maryland Public Television","yourname@yourdomain.com","11767 Owings Mills Blvd # 2","2516538743","4103565600","483301","Television Stations & Broadcasting CO","www.newyorkspeed.com"," Email <---> Revenue ","151388","Maryland Public Television","11767 Owings Mills Blvd # 2","Owings Mills","MD","21117","Baltimore","www.mpt.org","4103565600","4105816579","Robert J Shuman","CEO","Mal","79000000","250","483301","Television S","6","0","1"
"164313","Middletown Valley Bank","Wiles@mvbbank.com","PO Box 75","3012936866","3013716700","602201","State Commercial Banks","NULL"," Email <---> Revenue ","157849","Middletown Valley Bank","24 W Main St","Middletown","MD","21769","Frederick","www.mvbbank.com","3013716700","3012936866","Thomas M Wiles","President","Mal","97914000","52","602201","State Commer","6","0","1"
"187122","Digene Corp","inforeq@digene.com","1201 Clopper Rd","3019447121","3019447000","384104","Physicians & Surgeons Equip & Supls-Mfrs","www.digene.com"," Email <---> Revenue ","74580","Digene Corp","1201 Clopper Rd","Gaithersburg","MD","20878","Montgomery","www.digene.com","3019447000","3019447121","Evan Jones","CEO","Mal","90161000","359","384104","Physicians &","6","0","1"
"153181","Chindex International Inc","ir@chindex.com","7201 Wisconsin Ave","3012157719","3012157777","591202","Health Care Products","www.chindex.com"," Email <---> Revenue ","56009","Chindex International Inc","7201 Wisconsin Ave","Bethesda","MD","20814","Montgomery","www.chindex.com","3012157777","3012157719","Roberta Lipson","CEO","Fem","88183000","759","591202","Health Care ","6","0","1"
"200428","Phillips Foods","jking@phillipsfoods.com","301 Light Street","4106856600","null","5411","Food products","PHILLIPSFOODS.COM"," Email <---> Revenue ","179602","Phillips Harborplace Rstrnt","301 Light St","Baltimore","MD","21202","Baltimore City","www.phillipsfoods.com","4106856600","4106850512","Bob Banks","Manager","Mal","80500000","500","542101","Seafood-Reta","6","0","1"
"177278","Highway & Safety Svc Inc","john@hiwayandsafety.com","18960 Woodfield Rd","3019487472","3019484970","506355","Traffic Signs Signals & Equip-Whol","www.hiwayandsafety.com"," Email <---> Revenue ","112762","Highway & Safety Svc Inc","18960 Woodfield Rd","Gaithersburg","MD","20879","Montgomery","www.hiwayandsafety.com","3019484970","3019487472","Pat Diamondidis","Owner","Fem","62510000","95","506355","Traffic Sign","6","0","1"
"36976","Bakery De France","jsalameh@bakerydefrance.com","603 Dover Rd # 6","3017626864","3017628770","2051","Bread and Other Bakery Products","Except Cookies and Crackers"," Email <---> Revenue ","29870","Bakery De France","603 Dover Rd # 7","Rockville","MD","20850","Montgomery","www.bakerydefrance.com","3017628770","3017626864","Patrick Patton","Plant Mgr","Mal","84400000","100","514902","Bakers-Whole","6","0","1"
"187364","Direct Marketing Assoc Inc","marie_hull@harte-hanks.com","4545 Annapolis Rd","9043636867","4106366660","733105","Advertising-Direct Mail","www.harte-hanks.com"," Email <---> Revenue ","74964","Direct Marketing Assoc Inc","4545 Annapolis Rd","Baltimore","MD","21227","Baltimore","www.harte-hanks.com","4106366660","4106362638","Lin Wells","President","Fem","55200000","400","733105","Advertising-","6","0","1"
"207436","United Container Machinery","martinb@united-container.com","5200 Glen Arm Road","4105925400","4105929415","353401","Mfg Elevators/escalators Building Equipment Installatio","MAGYAR-UNITED.COM;TCY-UNITED.COM;UNITED-AGNATI.COM;UNITED-CONTAINER.COM"," Email <---> Revenue ","231502","United Container Machinery Inc","5200 Glen Arm Rd","Glen Arm","MD","21057","Baltimore","www.united-container.com","4105925400","4105925460","Gregory Landegger","President","Mal","75200000","350","355909","Special Indu","6","0","1"
"48117","Eastern Petroleum","Mike@easternpetroleumcorp.com","33 Hudson St","4102665984","4102240370","517206","Oils-Fuel (Wholesale)","NULL"," Email <---> Revenue ","80951","Eastern Petroleum","33 Hudson St","Annapolis","MD","21401","Anne Arundel","","4102240370","4102665984","Mike Cutlit","Owner","Mal","51600000","40","517206","Oils-Fuel (W","6","0","1"
"170616","Citrus & Allied Essences LTD","password@citrusandallied.com","4620 Mercedes Dr","4102739503","4105757242","516933","Oils-Essential (Wholesale)","www.citrusandallied.com"," Email <---> Revenue ","57846","Citrus & Allied Essences LTD","4620 Mercedes Dr","Belcamp","MD","21017","Harford","www.citrusandallied.com","4105757242","4102739503","Elliot Kleinman","Executive Director","Mal","65065000","65","516933","Oils-Essenti","6","0","1"
"206375","Whitemarsh Brewing Co","pat@redbrickstation.com","5022 Campbell Blvd","4109317837","4109317827","208201","Brewers","www.redbrickstation.com"," Email <---> Revenue ","240736","Whitemarsh Brewing Co","5022 Campbell Blvd","Baltimore","MD","21236","Baltimore","www.redbrickstation.com","4109317827","4109317837","Bill Blocker","Owner","Mal","93555000","135","208201","Brewers","6","0","1"
"187555","Rummel Klepper & Kahl","publicaffairs@wwbgec.com","81 W Mosher St","4107282900","4107282900","871106","Engineers","www.wilsonbridge.com"," Email <---> Revenue ","198720","Rummel Klepper & Kahl","81 W Mosher St","Baltimore","MD","21217","Baltimore City","www.wilsonbridge.com","4107282900","4107283160","William K Hellmann","Partner","Mal","71574000","453","871106","Engineers","6","0","1"
"129131","Integral Systems Inc","resumes@integ.com","5000 Philadelphia Way","3017319606","3017314233","366305","Satellite Equipment & Systems-Mfrs","www.integ.com"," Email <---> Revenue ","3531","Integral Systems Inc","5000 Philadelphia Way","Lanham","MD","20706","Prince Georges","www.integ.com","3017314233","3017319606","Steven R Chamberlain","CEO","Mal","90311000","388","366305","Satellite Eq","6","0","1"
"33901","Fraternity Federal S & L Assn","RichardSchultze@fraternityfed.com","764 Washington Blvd","4107523806","4105391313","603501","Savings & Loan Associations","NULL"," Email <---> Revenue ","94987","Fraternity Federal S & L Assn","764 Washington Blvd","Baltimore","MD","21230","Baltimore City","www.fraternityfed.com","4105391313","4107523806","Richard Schultze","President","Mal","76109000","20","603501","Savings & Lo","6","0","1"
"115239","Hub Labels; Inc","thomasd@hublabels.com","18223 Shawley Drive","3017901660","3017453646","372498","AIRCRAFT ENGINES & PARTS","AIRCRAFTPARTFINDER.COM;AIRCRAFTPARTFINDER.NET;AIRCRAFTPARTSMARKET.COM;AIRCRAFTPARTSMARKET.NET;HOTSAU"," Email <---> Revenue ","116139","Hub Labels Inc","18223 Shawley Dr","Hagerstown","MD","21740","Washington","www.hublabels.com","3017901660","3017901795","Abbud S Dahbura","President","Mal","62720000","160","267201","Labels-Paper","6","0","1"
"188275","Broad Soft Inc","sunny@broadsoft.com","220 Perry Pkwy","3019778846","3019779440","506529","Telecommunications Equip-Disabled (Whol)","www.broadsoft.com"," Email <---> Revenue ","41305","Broad Soft Inc","220 Perry Pkwy","Gaithersburg","MD","20877","Montgomery","www.broadsoft.com","3019779440","3019778846","Michael Tessler","Owner","Mal","90900000","90","506529","Telecommunic","6","0","1"
"193870","Certainteed Corp","spanish@certainteed.com","10131 Governor Lane Blvd","9524963850","3012237900","308902","Plastics & Plastic Products (Mfrs)","www.certainteed.com"," Email <---> Revenue ","51973","Certainteed Corp","10131 Governor Lane Blvd","Williamsport","MD","21795","Washington","www.certainteed.com","3012237900","3015825510","David Krehbiel","Plant Mgr","Mal","65600000","400","308902","Plastics & P","6","0","1"
"140289","Baltimore Spice Inc","smartin@fuchsnorthamerica.com","9740 Reisterstown Rd","7017722773","4103631700","209998","Food Preparations Nec (Manufacturers)","www.baltimorespice.com"," Email <---> Revenue ","30741","Baltimore Spice Inc","9740 Reisterstown Rd","Owings Mills","MD","21117","Baltimore","www.baltimorespice.com","4103631700","4103636619","Jack Irvin","President","Mal","50000000","180","209998","Food Prepara","6","0","1"
"190757","Atlantic Lift Truck Co Inc","skirtz@atlanticlift.com","2945 Whittington Ave","4106446753","4106447777","509905","Importers","www.atlanticlift.com"," Email <---> Revenue ","26504","Atlantic Lift Truck Co Inc","2945 Whittington Ave","Baltimore","MD","21230","Baltimore City","www.atlanticlift.com","4106447777","4106446753","Glenn Baer","Owner","Mal","94400000","100","509905","Importers","6","0","1"
"97652","Johnson & Towers Inc","shink@johnsontowers.com","500 Wilson Point Rd","4106875137","4106870500","506316","Generators-Electric (Wholesale)","www.johnsontowers.com"," Email <---> Revenue ","128486","Johnson & Towers Inc","500 Wilson Point Rd","Baltimore","MD","21220","Baltimore","www.johnsontowers.com","4106870500","4106875137","Tom Dutterer","VP","Mal","82250000","125","506316","Generators-E","6","0","1"
"163892","PCM Svc Inc","services@pcmservices.com","6701 Ammendale Rd","3015952796","3015953700","161104","Parking Area/Lots Maintenance & Marking","www.pcmservices.com"," Email <---> Revenue ","173811","PCM Svc Inc","6701 Ammendale Rd","Beltsville","MD","20705","Prince Georges","www.pcmservices.com","3015953700","3015952796","Lisa Kearns","Owner","Fem","58750000","250","161104","Parking Area","6","0","1"
"172093","Sasol North America Inc","sasol.internet@sasol.com","3441 Fairfield Rd","4103556492","4103556200","516916","Chemicals (Wholesale)","www.sasol.com"," Email <---> Revenue ","202156","Sasol North America Inc","3441 Fairfield Rd","Baltimore","MD","21226","Baltimore City","www.sasol.com","4103556200","4103556492","Pete Markey","Plant Mgr","Mal","92092000","92","516916","Chemicals (W","6","0","1"
"176216","Routzahn's","rway@routzahns.com","1931 N Market St","NULL","3016622141","571216","Furniture","www.routzahns.com"," Email <---> Revenue ","198042","Routzahn's","1931 N Market St","Frederick","MD","21701","Frederick","www.routzahns.com","3016622141","","A Darryl Routzahn","Owner","Mal","90008000","120","571216","Furniture-De","6","0","1"
"72234","U-Haul Co","foobar@uhaul.com","2421 Chillum Rd","7048247258","3014031521","751303","Truck Renting & Leasing","www.uhaul.com"," Email <---> Revenue ","229771","U-Haul Co","2421 Chillum Rd","Hyattsville","MD","20782","Prince Georges","www.uhaul.com","3014031521","3019277631","Frank Dabarno","President","Mal","58200000","200","751303","Truck Rentin","6","0","1"
"190996","Petro Services; Inc","frank@ramage.net","11508 East Maple Avenue","3019374533","null","8999","Services NEC","PETROSERVICESINC.COM"," Email <---> Revenue ","179189","Petro Services Inc","11508 E Maple Ave","Beltsville","MD","20705","Prince Georges","","3019374533","3019374817","Bob Dubin","Owner","Mal","57018000","17","517202","Service Stat","6","0","1"
"69305","Taylor Oil Co Inc","dolsales@dmv.com","PO Box 332","4107492151","4107496570","131103","Oil Companies","taylor-oil.com"," Email <---> Revenue ","222074","Taylor Oil Co","941 W Isabella St","Salisbury","MD","21801","Wicomico","www.tayloroil.com","4107492151","4107496570","James Taylor Jr","Owner","Mal","67080000","20","517206","Oils-Fuel (W","6","0","1"
"32713","Petro Supply Inc","gheaps@petrosupply.com","8677 Cherry Ln","3016049393","3019533540","517202","Service Station Equipment (Wholesale)","NULL"," Email <---> Revenue ","5482","Petro Supply Inc","8677 Cherry Ln","Laurel","MD","20707","Prince Georges","www.petrosupply.com","3019533540","3016049393","Galen Heaps","Owner","Mal","50310000","15","517202","Service Stat","6","0","1"
"144951","Besam Inc","bhoward@besam-usa.com","2140 Priest Bridge Ct # 7","NULL","4432703600","369904","Doors-Automatic (Manufacturers)","NULL"," Email <---> Revenue ","35484","Besam Inc","2140 Priest Bridge Ct # 7","Crofton","MD","21114","Anne Arundel","www.besam-usa.com","4432703600","","Joseph Loria","President","Mal","52000000","200","369904","Doors-Automa","6","0","1"
"203480","Ericsson Inc","barbro.almgren@ericsson.com","7300 Calhoun Pl # 100","2403143555","2403143500","506516","Mobile Telephone Equip & Supls (Whol)","NULL"," Email <---> Revenue ","85793","Ericsson Inc","7300 Calhoun Pl # 100","Rockville","MD","20855","Montgomery","www.ericsson.com","2403143500","2403143555","Tariq Rahman","President","Mal","60600000","60","506516","Mobile Telep","6","0","1"
"171120","Parker Fuel Co","accountinfo@parkerfuel.com","9319 Baltimore National Pike","4104617451","4104653800","517206","Oils-Fuel (Wholesale)","www.parkerfuel.com"," Email <---> Revenue ","175394","Parker Fuel Co","9319 Baltimore National Pike","Ellicott City","MD","21042","Howard","www.parkerfuel.com","4104653800","4104617451","Jason Parker Jr","President","Mal","77142000","23","517206","Oils-Fuel (W","6","0","1"
